smiles,docking,drug_likeliness,names
O=C(NC1CCCC1)C(Cc1ccc(-c2ccccc2Cl)cc1)=NC(=O)c1ccccc1,-6.7,3.572798269331164,10_0
COc1ccccc1-c1ccc(C)c2c1-c1snnc1C(C#N)C(=N)N2,-6.4,2.7195232941972494,10_1
Cn1cc(-c2ccc3c(c2)OCO3)cc1C(=O)NCc1ccc(-c2ccnn2C)cc1,-8.2,3.699843520761423,10_2
Oc1cccc(Nc2ncc3c(n2)c2ccc(Cl)cc2n2cccc32)c1,-7.3,3.496712017291855,10_3
CC=C1SC(=CN=C(C=S)c2ccccc2CC(=O)NCc2ccc(CN3CCN(C)CC3)cc2)C1C(F)(F)F,-5.5,3.351548849239551,10_4
N=C(c1ccc2nc(-c3ccccc3)oc2c1)N1CCCCCC1,-7.7,2.6204620969024175,10_5
Cc1cc(CN2CCO[C@H](COc3cccc(F)c3)C2)c(C)n1C,-6.5,3.683252908463399,10_6
Nc1cc(=O)[nH]c(SCC(=O)Nc2ccc3c(c2)OCO3)n1,-6.7,3.371461139728707,10_7
CC1=CC=C(Oc2coc3c(C)c(OC(=O)c4cccc(S(=O)(=O)NCC5CCCO5)c4)cc(=O)c-3c2)CC=C1,-7.5,2.0835225831226944,10_8
Cc1ccccc1NC(=O)Cn1c(Cc2nc(-c3ccccc3)c[nH]2)nc2ccccc21,-8.3,3.541071990765,10_9
C=CC(C=CC=O)c1cnc(-c2c3ccc([nH]3)c(-c3cccc(Oc4ccccc4)c3)c3ncnc(-c4ccncc4)c3c3ccccc23)nc1,-7.3,0.611110585688766,10_10
Oc1cccc(C(=S)NCCc2cccc(F)c2)c1,-5.9,3.550098012324324,10_11
CN1CCN(c2c(F)c(F)c(C(C#N)c3nc4ccccc4s3)c(F)c2F)CC1,-6.7,3.604435167789128,10_12
O=C(NCC1CC1)c1ccc2[nH]c(COc3ccc(C45CC6CC(CC(C6)C4)C5)cc3)nc2c1,-7.5,3.2760453506250933,10_13
CC[C@@]1(O)C(=O)OCc2c1cc1n(c2=O)Cc2c-1nc1cccc3c1c2N(c1ccc(C)c(Cl)c1)C(=S)N3C,-7.0,3.2203909887509354,10_14
O=C(Nc1ccc2ncnc(Nc3ccc(F)c(Cl)c3)c2c1)NN1CCOCC1,-7.6,3.620344432578169,10_15
COc1cccc2c(=O)c(Br)cn(CCCN3CCOCC3)c12,-6.3,3.696421908253184,10_16
COC(=O)CCC1NC(=O)c2cc(Oc3cccc(N(C)C)c3)c(NC(=O)COCc3ccccc3)cc2NC1=O,-6.8,2.3059590392123885,10_17
O=C(Nc1ccc2ncc(C3=CNCN3)n2n1)c1cccs1,-7.0,3.5435917242938935,10_18
Nc1cc(-c2ccccc2)nc(N2CCNCC2)n1,-6.5,3.6168597725703453,10_19
COC=C1C(CC(CC(=O)O)c2ccc3c(c2)OCO3)=CC=C1OCc1ccsc1-c1ccccc1,-7.1,3.412841916099171,10_20
O=c1n(-c2ccc(F)cc2)cnn1CCCN1CCN(CCCC(c2ccc(F)cc2)c2ccc(F)cc2)CC1,-8.1,3.404867003223371,10_21
O=C(Nc1cccc(Cl)c1)c1nn(-c2ccc(Cl)cc2Cl)c2c1CCCc1cc(Cl)ccc1-2,-7.7,2.5559854070503416,10_22
CNC(=O)c1c(N(C)C=O)ncn1CC(=O)N=CNCOc1cc(Cl)ccc1OC=O,-6.2,2.928934749602257,10_23
COc1ccccc1-n1c(O)cc(-c2ccccc2)c1O,-7.0,3.701784783835916,10_24
O=C(Nc1ccc(-c2nc3c(N4CC5CCN(Cc6ccccc6)C5C4)ncnc3o2)cc1)c1ccccc1,-8.3,3.3788775112889464,10_25
Nc1ncc(-c2cc(-c3ccc(F)cc3)n(-c3ccccc3F)n2)cc1C(=O)Nc1ccccc1,-7.4,3.522242769175354,10_26
CCc1c(C)nc2c(-c3cccc(Cl)c3)cc(N)cn12,-6.2,3.68117752278408,10_27
O=C(Nc1cccc(-n2cc(-c3ccncc3)c(-c3cc(O)cc(Cl)c3)n2)c1)c1cc(C(F)(F)F)cc(C(F)(F)F)c1,-8.4,3.245475314461361,10_28
O=C(NCc1ccccc1)c1ccc(S(=O)(=O)NCc2ccco2)cc1,-6.1,3.7280964665801917,10_29
COc1ccc(C=Cc2ccc(NC(=O)/C=C/c3ccccc3)cc2)cc1,-7.0,3.48666891545177,10_30
O=C(C=C1C=CC(CNC(=O)/C(=C/c2ccc(C#Cc3ccc(C(F)(F)F)cc3)cc2)Sc2ccccc2)=C1)NCc1ccccc1,-7.2,3.047157363945724,10_31
COc1ccc(-c2nc3cc(N)ccc3n2CC(=O)O)cc1,-6.4,3.6724603069330817,10_32
CSc1ccccc1Nc1cc(-c2ccccc2)nc2ccccc12,-7.9,3.501065479287249,10_33
O=C(O)c1nc2ccccc2n([C@H]2C[C@H]3CCC[C@@H](C2)N3[C@@H]2C[C@@H]3CCCC[C@@H](C3)C2)c1=O,-8.3,2.403346211779219,10_35
O=C(NNc1ccc(C(F)(F)F)cn1)c1cccc(Nc2ncc3cc(-c4ccncc4)ccc3n2)c1,-7.6,3.197650137122744,10_36
O=C1C=CC=C(c2ccccc2Nc2ccccc2)c2ccccc2-c2ccccc21,-8.3,1.2037101995433694,10_37
COc1ccc(-c2nnc(CN3CCCc4ccccc43)o2)cc1,-7.4,3.7274741915264817,10_38
Cc1ccc(-c2cc(NC(=O)Cn3cnc(C#N)n3)on2)cc1,-6.4,3.658912085186585,10_39
Cn1cc(-c2cccs2)nc1CCc1ccccc1,-6.4,3.5682799524756805,10_40
CC1=CC=C2C3C(=CN[C@@H]12)CNc1sc(S(=O)(=O)c2ccc(F)cc2F)cc13,-7.7,3.4683442981374006,10_41
COc1cccc(S(=O)(=O)NCc2nc(C3CC3)no2)c1,-5.8,3.643903992629193,10_42
COC=C1C=C(c2nnc(-c3ccccc3)o2)c2cc(-c3noc(C)n3)oc21,-8.0,3.5381067876629295,10_43
CC1=C(c2c[nH]c(C)c2)C=CC1=NC(=O)/C(C#N)=C/c1cccc(Oc2cccc(C(F)(F)F)c2)c1C,-7.3,3.4879243336235337,10_44
O=C(NCCCc1ccccc1)C(Cc1ccco1)=NC(=O)c1ccco1,-6.2,3.6350955114798555,10_45
CCOc1cc(NC2CCCCC2)c(OCC)cc1NC(=S)NC1CCCC1,-6.2,3.3467566908480286,10_46
O=C1c2ccccc2C(=O)N1CCCNn1ccc(=O)[nH]c1=O,-6.9,3.483508081856294,10_47
CC(=O)Nc1ccc(NC(=O)CCNS(=O)(=O)c2ccc3c(c2)CCCN3C(C)=O)cc1,-6.7,3.5857304211828795,10_48
Cc1ccc(C(c2ccccn2)N2CCC(NCCCn3ccnc3)CC2)cc1,-6.0,3.6586412625109728,10_49
COC(=O)c1cccc(NC(=O)Cc2cnc(Nc3ccc(N4CCOCC4)cc3)nc2NC2CCCC2)c1,-7.4,3.2320977547869285,10_50
CCCn1c(-c2n[nH]c(-c3cc(C(F)(F)F)cc(C(F)(F)F)c3)n2)n[nH]c1=S,-7.2,3.5369006784870898,10_51
CCNC1=N[C@@H](c2ccccc2)C(c2ccccc2)=N1,-6.8,3.6576290834181844,10_52
Cc1onc(-c2ccccc2)c1C(=O)NNC(=S)NC(=O)c1cccc(F)c1,-6.5,3.5410225290026336,10_53
O=C(O)c1cc(-c2cccc(O)c2F)nc2ccc(Cl)cc12,-7.7,3.7102889682888085,10_54
COC(=O)c1cc(CNC(=O)NC2CCN(c3ccccc3)C2=O)c2c(C)ccc(OC)c2n1,-7.2,3.623555486640895,10_55
O=C(NCC1(c2ccccc2)CC1)C1CCC(=O)n2c(-c3cccc(F)c3)nnc21,-7.6,3.700214602425411,10_56
COc1nc(NS(=O)(=O)c2ccc(Nc3c4ccccc4nc4c(C(=O)NCCN(C)C)cccc34)cc2)no1,-7.6,3.021321383844511,10_57
N=CCC=C1CCc2c(C=CN=CC(CC=O)CCCN3CCC4CCCCC4CC4CCN(CC4)c4ccc(cc4)C(=O)NCC4CCN(CC4)CC3)c[nH]c(=O)c21,-7.7,1.0304592804513417,10_58
Cc1ccc(C(C)(C)C)cc1Nc1nc(Nc2ccc(C(=O)NC3CCN(C)CC3)cc2)ncc1Cl,-6.7,3.5283098127249364,10_59
COc1ccc2c(N3CCOCC34CCC4)nncc2c1-n1cnc2ccc(N3CCN(C)CC3)cc2c1=O,-8.2,3.234184844068075,10_60
Cc1cc2nn(CC(=O)Nc3ccc(Cl)cc3)c(=O)n2c(Nc2ccc(C(C)C)cc2)c1C,-7.1,3.634222080067963,10_61
CC(C)(C)c1ccc(N)c2ccccc12,-5.4,3.1792489656820107,10_62
COc1cnc(-c2ccc(C#N)cc2)nc1Nc1ccc(CC(=O)O)cc1,-6.7,3.6906745947694786,10_63
Cn1c(N(Cc2ccc(C(=O)Nc3nn[nH]n3)cc2)[C@H]2CC[C@H](C(C)(C)C)CC2)nc2ccccc21,-8.2,3.55489784251807,10_64
CC1(C2CC2)NC(=O)N(CC(=O)Nc2ccc(Cl)c(S(=O)(=O)N3CCCC3)c2)C1=O,-7.4,3.289248997301428,10_65
CC(=O)N1CCC=C(N=C(c2ccc(Cl)cc2)N(C)Cc2ccc(OC(F)(F)F)cc2)OC1,-8.1,2.628884699192138,10_66
FC(F)(F)c1nc(-c2ccc(-c3ccccc3)cc2)no1,-7.0,3.6364377601080475,10_67
CN(c1ccccc1)c1ccc(C(=O)N2CCN(C(=O)c3ccc(F)cc3)CC2CN)c(C(F)(F)F)c1,-7.8,3.662083182988658,10_68
CC(C)(C)NC[C@@H](O)COc1ccc(C2C=C(Cc3ccccc3)c3c(O)cc(O)cc3O2)cc1,-6.6,3.4670105591332634,10_69
C[C@@H](c1ccc(-c2cccc(NS(=O)(=O)c3ccccc3)c2)cc1)N1CCCC1,-8.0,3.6838115941239256,10_70
C=CC=C1COC1=NN=CC(=O)C(C)=CCC1C=CC(c2ccc(/C=C/C(=O)OO)cc2OCc2ccccc2)=C1N(C)C,-6.7,2.9344694427014257,10_71
NC(=O)c1cccc([C@H]2C[C@H]3CC[C@@H](C2)N3CCN(Cc2ccccc2NS(=O)(=O)c2ccccc2)C(=O)c2cccnc2)c1,-6.2,3.244578478524409,10_72
COc1ccc(/C=C/c2ccccc2C(C)=O)c(OC)c1,-6.2,3.516582992649249,10_73
C=C(C=O)c1cccnc1,-4.3,3.139947263012994,10_74
O=C(NCCCCCCCCNC(=O)Nc1cccc2ccccc12)Nc1ccc(Br)cc1,-6.0,3.2762185800476873,10_75
CNc1ccc2c(c1)OC(=N)C(C#N)C2c1cccc([N+](=O)[O-])c1,-6.3,3.5865689662806526,10_76
O=C(CCc1ccccc1)c1ccccc1OC[C@H](O)CN1CCN(c2ccccc2Cl)CC1,-5.8,3.575162231707523,10_77
CSc1ccc(NC(=O)CCNS(=O)(=O)c2ccc(C)c(C)c2)cc1,-6.0,3.697689624725955,10_78
COc1ccc(-c2nc3ccccc3cc2C(=O)O)cc1OC,-7.2,3.793504196768612,10_79
Oc1ccccc1C1c2ccccc2Oc2ccc(Cl)cc2C2=Nc3ccc(Cl)c(Cl)c3CN21,-8.8,1.505461859568829,10_80
CN(c1ccc(Nc2ccccc2)cc1)S(=O)(=O)c1ccc2ccccc2c1,-7.8,3.641422173260861,10_81
O=CC[C@@H]1C[C@H](O)[C@@H](O)[C@@H](CO)N1,-4.5,2.9139342431418735,10_82
Nc1ccccc1NC(=O)/C=C/c1ccc(/C=C/c2cccc(F)c2)cc1,-6.8,3.4378246297837056,10_83
O=C(Nc1ccc(F)cc1)c1ccc2[nH]c(-c3ccc(S(=O)(=O)N4CCC5(CC4)OCCO5)cc3)nc2c1,-7.1,3.4599275798874523,10_84
Cn1c(-c2ccc3nccnc3c2)c(-c2ccc(O)cc2)c(=O)n1CCc1ccc(OC(F)(F)F)cc1,-7.2,3.495947818654807,10_85
CCC(c1ccc(O)cc1)C(CC)c1ccc(-n2ccnc2)cc1,-6.8,3.6622849589552215,10_86
CCOc1ccc(OC(=O)C2=C[C@]3(CC)CCCN4CCc5c(n2c2ccccc52)[C@@H]43)cc1,-7.0,3.3003389864619845,10_87
Cc1[nH]c2ccccc2c1C=Cc1nc(N2CCOCC2)c2ccccc2n1,-8.2,3.6880941258671225,10_88
O=c1[nH]c(N2CCCC2)nc2nccc(-c3cccs3)c12,-6.5,3.733909966525802,10_89
O=C1C(=O)N(Cc2cccnc2)C(c2ccccc2F)C1C(=O)c1ccccc1,-7.1,3.552812089388161,10_90
COc1cccc(CN2C(=O)c3ccccc3Sc3ccc(C(=O)NCc4ccccc4OC)cc32)c1,-7.7,2.5956913638217145,10_91
N#CC1(c2ccncn2)CCN(CCC2(c3ccc(Cl)c(Cl)c3)CN(C(=O)c3cccc(Cl)c3)C2)CC1,-7.0,3.5237764310271595,10_92
CCc1cc(CC)n(-c2ccc(C(=O)Nc3ccc(C#N)cc3)cc2)n1,-6.7,3.7870809366666736,10_93
O=C(NC1CCN(CCCNC(=O)c2cc(O)c(O)c(O)c2)CC1)NC(Cc1ccc(O)cc1)C(=O)NC(Cc1ccccc1)C(=O)O,-7.3,2.7310167839291117,10_94
O=C(Nc1ccncc1F)N[C@H]1CC[C@H](Oc2ccc(F)cc2)CC1,-6.8,3.7441593513087406,10_95
COc1ccc(CCNC(=O)c2ccccc2NCC(=O)Nc2ccc3c(c2)OCO3)cc1OC,-6.7,3.4933297706940856,10_96
CN(C)C[C@@H]1C[C@@H]1c1c[nH]c2ccc(F)cc12,-5.2,3.446636142903671,10_97
CCC(SC(CS(=O)(=O)C1=CC=C(OC)C1)=Nc1ccc(C)cc1C)c1ncccc1C,-6.0,3.51675347582617,10_98
Cc1cccc([C@@H]2CCCN2S(=O)(=O)c2ccccc2-n2cccn2)c1OC(C)C,-5.8,3.7102214561822557,10_99
COc1ccc2c(c1)c(Cc1c(Cl)nc3n1CCSC3)c(C)n2C(=O)c1ccc(Cl)cc1,-7.3,3.588712343344654,10_100
Cc1cc(C(=O)Nc2ccc(Cl)cc2)nn1/N=C/c1ccccc1[N+](=O)[O-],-6.8,3.558726866985511,10_101
O=C(c1ccccc1F)N1CCN(C(=O)c2cc(Cc3c[nH]c(=O)c4cc(Cl)c(Cl)n34)ccc2F)CC1,-8.3,3.6232423720274864,10_102
O=C(CSc1nc2ccccc2n2cnnc12)N1CCOCC1,-7.0,3.5753459136911467,10_103
Fc1ccc(Nc2nc(-c3cccnc3)nnc2-c2ccccc2)cc1,-8.2,3.735222391179388,10_104
C=C1C=NC(CNC(c2ccccc2)c2cnc(-c3ccc4c(c3)OCO4)nn2)=C1,-7.6,3.6495953809289072,10_105
O=C(NCc1ccco1)Nc1ccccc1N1CCCC1,-6.5,3.718530264364751,10_106
O=C(CCc1nnc(Cc2c[nH]c3ccccc23)o1)Nc1nc2c(s1)CCCC2,-8.0,3.6549327426891374,10_107
Cc1ccc(C)c(OCc2nnc(SCC(=O)NC3CCCCC3)n2C)c1,-5.8,3.662884207059685,10_108
NCc1cccc(-n2nc(CC(=O)O)c3ccc(-c4ccccc4)cc3c2=O)c1,-7.8,3.6556654088167857,10_109
CCN(CC)CCOc1ccc(NC(=O)C(=O)c2cn(Cc3cccc(Cl)c3)c3ccc(C)cc23)cc1,-6.2,3.39535536060537,10_110
CC[C@H](C)[C@@H](O)NC(=O)C1CCCN1C[C@H](O)[C@H]1Cc2ccc(cc2)OCCCC(=O)NC(CC(N)=O)C(=O)N1CN,-7.2,1.1003911480446864,10_111
CC=CC=CC(=O)NCCn1cc(-c2ccc(F)cc2)nn1,-6.1,3.6577860512355302,10_112
Nc1c(-c2ccccc2)sc2nc3ccccc3n2c1=O,-7.2,3.655212769831004,10_113
Cc1cccc(Nc2cc(-c3cc4ccccc4s3)nc3ccnn23)c1,-7.9,3.5466277341781067,10_114
Cc1ccc(OCc2cc(C(=O)N3CCN(c4ccccc4F)CC3)no2)cc1C,-7.3,3.7393499945157167,10_115
CC(=O)N1CCN(Cc2c(-c3ccc(Cl)cc3)nc3ccc(-c4cnc(C)n4C)cn23)CC1,-8.5,3.6626839772151234,10_116
CS[C](CO)C(=O)N[CH]N[C@]12Cc3ccccc3N(C)[C]1O[CH]CC(C)(C)C2,-7.0,2.5365572198903963,10_117
Cc1nn2cc(CN3CCC(C4CC=NN4)C3=N)nc2s1,-6.9,2.353095006177678,10_118
O=C(NCc1ccc(F)cc1)C1CCC2=Nc3ccccc3CN21,-7.3,3.6493421661708636,10_119
CC=C1C=CC([CH][C@H](O[C@@H]2C[C@H](C)[C@@H](CO)[C@@H](O)[C@H]2O)c2ccc(C(O)=NO)cc2)=C1,-7.5,2.9827806929402962,10_120
COCCN1CCN(c2cc(C)nc3ccnn23)CC1,-5.8,3.5930677611737636,10_121
CN1CCN(c2ccc(Nc3ncc4cc5n(c4n3)C3(CCCCC3)CNC5=O)nc2)CC1,-7.5,3.430452051628114,10_122
CNC(Cc1cccs1)(C(=O)O)c1ccc2c(Nc3cccc(-c4ccc5c(c4)OCCO5)c3O)ncnc2c1,-7.6,3.0628003951704894,10_123
CCOC(=O)c1cccc(N=C2c3ccc4ccccc4c3N2c2ccccc2OC)c1,-7.4,3.5048152115489577,10_124
O=C(c1ccccc1)c1ccc(N2CCN(c3ccc(Cl)c(Cl)c3)CC2)cc1,-7.5,3.53212233739633,10_125
CC1(C)CCC(CC(=O)O)(c2ccoc2)C1,-4.9,2.3377775051787824,10_126
CCOC(=O)/C(=C/C=C1OC(=O)C[C]1OC)[C@H]1CC[C@H]2[C@@H]3CC=C4C[C@@H](OC(C)=O)CC[C@]4(C)[C@H]3CC[C@]12C,-7.0,2.7243093144004358,10_127
O=C(Nc1ccc(OCc2ccccc2)cc1)c1csc2ccccc12,-6.9,3.5967348085034754,10_128
c1ccc(C[n+]2cccc3sc4c(c32)CCC4)cc1,-6.6,3.2528684139991504,10_129
CC=C(Sc1nc(-c2ccc(C(F)(F)F)cc2)c(-c2ccccc2)[nH]1)C(=O)N1CCN(c2ccc(F)cc2)CC1,-8.0,3.322175176016546,10_130
COc1cc(-c2cccc(C)c2)c(F)cc1-n1c(=O)ccc2cc(S(=O)(=O)Nc3ccnc(C)n3)ccc21,-8.2,3.46087929008568,10_131
CCC(C)c1nc2cc(-c3ccc(C(=O)N4CCN(C(C)=O)CC4)cc3)nc(NCCO)c2cc1OC,-6.8,3.591998008211752,10_132
Cc1cccc(C)c1Nc1ccnc2ccccc12,-6.1,3.487690111384963,10_133
O=S(=O)(Nc1cccc(Br)n1)c1cc(F)c(O[C@H]2CCN(CC(F)(F)F)C[C@@H]2c2ccccc2)cc1F,-7.2,3.46687538202991,10_134
C1=CCCC(Cc2c(-c3ccco3)nc3c4ccccc4ccn23)=C1,-7.4,3.520895038709706,10_135
O=Cc1[nH]cnc1Sc1nc2c3c(ccc2[nH]1)C(=O)c1ccccc1C3=O,-7.9,3.576668456563133,10_136
CO[C@H]1C(C(=O)NCc2cccc(Cl)c2F)N(C(=O)Cn2cc(C(N)=O)c3cnccc32)C[C@@H]1F,-8.4,3.5733341283933275,10_137
O=c1cc(N=C2C=NCCN2)c2ccccc2o1,-6.4,3.5758202922913185,10_138
Cc1ccc(Nc2nccc(-c3cnc(C)n3C(C)C)n2)cc1F,-6.5,3.8120422618399017,10_139
CCOc1ccc(NC(=O)c2ccc(NC(=O)c3cc(-c4ccco4)nc4ccccc34)cc2)cc1,-6.1,3.4250438881310536,10_140
CCNC(=O)N1CCN(Cc2ccccc2)c2nc(C)nc(CCCO)c2C1,-6.7,2.7610246661057327,10_141
Cc1ccc(Cn2ncc3c(=O)n(CC(=O)NC4Cc5ccccc5C(C)(C)C4)cnc32)cc1,-7.9,3.680531131454589,10_142
CC(C)c1ccc(Nc2ccc(Oc3ncc(C(F)(F)F)cc3Cl)c(Cl)c2)cc1,-7.1,3.5779544918385495,10_143
CC=C1C=C(C)C(C(=O)N=C(Cc2ccc(-c3ccccc3-c3nn[nH]n3)cc2)C(=O)Nc2ccc(I)cc2)C1C,-8.7,3.2862410001993636,10_144
Cn1cc(C2=CCS(=O)(=O)c3cc(NS(=O)(=O)c4ccccc4)ccc32)c2ccccc21,-8.0,3.6964756298197834,10_145
COc1ccc2c3c([nH]c2c1)[C@H](CO)N(Cc1ccccc1OC)C1CN(C2CCCC2)CC31,-6.7,3.471538976277868,10_146
C=CC1CCC23[C]N(C(=O)NC4CC4)CC[C@@]1(O)C2CCCC3=O,-7.0,2.1522567129915426,10_147
COc1cc(O)c2c(c1)=CCc1ccc(O)cc1CC=2,-6.6,1.7004166936873881,10_148
CCCC(c1nc(-c2cnn(C)c2C)cs1)N1Cc2ccccc2C1,-6.3,3.6929212228832364,10_149
COCC(NC(C)=O)C(=O)NCc1cccc(-c2ccco2)c1,-6.1,3.6961933932457383,10_150
COc1ccc(CN(C(=O)c2ccccc2OC)c2ccc(-c3ccc4c(Cc5ccccc5)ccnc4c3F)cc2)cc1OC,-7.6,3.132696125936641,10_151
C=Cc1c(C2=C(C=COC)C(N3CCc4ccccc4C3)=N2)ncc(N2CCN(C(=O)c3ccccc3OC)CC2)c1F,-6.4,3.2662236629201926,10_152
O=C(c1ccccc1)c1cc(Cl)ccc1NC(=O)C(c1ccccc1)N1CCN(CC(=O)N2CCCC2)CC1,-8.3,3.504705931389057,10_153
O=C(NCc1ccccc1Cl)C1CCN(S(=O)(=O)c2ccc(Cl)c(C(F)(F)F)c2)CC1,-7.4,3.6799027062150316,10_154
CC1CC[C@@H]2[C@H](CC[C@@]2(C)O)[C@](C)(C#N)C[C@@H](O)C1,-5.2,1.0167425023638108,10_155
C[C@@H](NC(=O)C(F)(F)c1ccccc1)c1cccc2ccccc12,-7.1,3.5636039286920456,10_156
Clc1cccc(-c2nc(-c3ccc4c(c3)OCO4)no2)c1,-7.2,3.68094289084341,10_157
O=C(c1c(Oc2ccccc2)n(-c2ccccc2)c2ccccc12)N1CCNCC1,-7.4,3.676398749029187,10_158
C=CC(=CC=CC(=O)N=C(C)C=NNCCCCCCC(O)=NO)c1nc(Cl)ccc1C(=O)[O-],-5.5,2.8425017491074405,10_159
CC(C)C(NC(=O)c1ccccc1F)C(=O)NC1C2CC3CC1CC(C(N)=O)(C3)C2,-7.4,3.221628990216283,10_160
O=C1N=C(NCc2cc(F)c(F)c(F)c2)C1[C@H]1CC[C@@H](N=CNc2cc(Oc3cccc(-c4ccc(OC(F)(F)F)cc4)c3)c3ccccc3n2)CC1,-8.0,2.6275828924930718,10_161
Oc1ccc2c(c1)-c1cc(Cl)c(O)cc1C1(C2)OCCO1,-7.1,3.5261978706923482,10_162
O=C(NC[C@H]1Cn2cccc2C(=O)N1C1CCCC1)c1ccccc1,-6.9,3.6845579973759817,10_163
CCC(C)N(Cc1cccc(OC(F)(F)C(F)F)c1C)[C@@H](C)C1=CC=C(OC)C1,-5.6,3.3738634589413987,10_164
COc1ccc(-c2nc(C[S+]([O-])CC(=O)NC3CCCCC3C)c(C)o2)cc1,-6.9,3.7082018232581007,10_165
COC=C1C=CC(C=NN(CC(=O)Nc2cccc(C(F)(F)F)c2)C(=O)Cc2ccccc2)=C1,-7.8,3.533889903238152,10_166
COc1ccc(-c2c(C)nc3c(N4CC[C@@H](NC(=O)Oc5ccccc5)C4)cc(C)nn23)cc1OC,-7.1,3.585593587133996,10_167
C=CCc1cc(-c2c(C=COC)c2=O)c(CCc2nn(C(C)(C)C)cc2C(=O)NCc2ccc3c(c2)OCO3)[nH]1,-7.4,3.310245931715765,10_168
O=C(Nc1ccccc1C=Nc1cccc(Cl)c1)c1sc2ccccc2c1Cl,-7.2,3.546964410975772,10_169
C=CC(=CC=COC)S(=O)(=O)Nc1ccc(-c2nc3cc(NS(=O)(=O)c4cccc5cccnc45)ccc3o2)cc1,-7.1,2.986935966327197,10_170
O=C(NCc1ccc(CNC(=O)c2ccccc2F)cc1)c1ccc(-c2ccc(Cl)cc2Cl)cc1,-7.5,3.464188452341448,10_171
CN1C(=O)Nc2ccc(Cl)cc2C12NC(=O)NC2=O,-6.6,3.1371220835277844,10_172
N#Cc1ccc(-c2ccc(N[C@H]3C4CC5CC3C[C@](O)(C5)C4)cn2)cc1,-6.9,3.407278002491626,10_173
O=c1[nH]c(O)c(C=c2cnn3c(=NC4CC4)nc(NCc4ccccc4-c4ccccc4)nc23)[nH]1,-8.2,3.2298664771054897,10_174
O=C(c1ccc(Nc2ccccc2)c(C2=NN=CCC2)c1)N1CCC(c2ccccc2)=Nc2ccccc21,-8.5,2.4822715450459127,10_175
Cc1ccc2[nH]c(-c3ccccc3)c(-c3cc(-c4ccc(Br)cc4)nc(C)c3C)c2c1,-7.8,3.1692056148994,10_176
C[CH]Cc1ncnc(N2CCC(C(=O)N3CC=C(C(F)(F)F)C=N3)CC2)c1C#Cc1ccc(N)nc1,-7.0,3.544468652694336,10_177
O=C(O)c1ccc(-c2ccc(-c3nc4ccc(Oc5ccc(Cl)cc5)cc4o3)o2)cc1,-7.8,3.5474022112726313,10_178
Oc1ccc(-c2cc(-c3cccc(Cl)c3)c(-c3cccc(Br)c3)[nH]2)cc1,-7.7,3.3820024812449745,10_179
CC(C)CC(NC(=O)OCc1ccccc1)C(=O)NC(COC(C)CCN)C(=O)NC(C(=O)N1CCN(C(=O)c2ccccc2)CC1)[C@@H](C)O,-5.5,2.776980924547418,10_180
CC(C)[C@H](Nc1cccc(C#N)n1)c1ccc(-c2ccccn2)cc1,-6.6,3.7544118088077028,10_181
O=C(CCn1c(=O)[nH]c2ccccc2c1=O)NCc1cccnc1,-7.2,3.67838405868014,10_182
O=C(c1cc2ccccc2[nH]1)c1nc2cc(Cl)c(Cl)cc2[nH]1,-7.2,3.545395741732063,10_183
Cc1cc(C)cc(COc2cccc(/C=C3/SC(N4CCOCC4)=NC3=O)c2)c1,-6.9,3.587842933800946,10_184
CC=CC=C(Cl)Cc1cc(C2CCN(C(=O)c3cc4ccccc4o3)CC2)nn1-c1ccccc1,-7.3,3.465929426611901,10_185
O=C(O)c1ccccc1NC(=O)c1ccccc1Nc1ccc2c(C=Cc3ccccn3)[nH]nc2c1,-8.4,3.2910040913550462,10_186
O=c1[nH]c(=O)n([C@H]2C[C@H](O)[C@@H](COP(=O)(O)OP(=O)(O)OP(=O)(O)O)O2)c(I)c1F,-6.0,2.5412568431553577,10_187
CCCC1(c2ccccc2)NC(=O)N(CC(=O)c2ccc3c(c2)OCO3)C1=O,-7.0,3.6018802375805485,10_188
CC1=CC=C(S(=O)(=O)C2=CN(CC(=O)Nc3ccccc3)c3ccc(Cl)cc3C2)OC=C1,-7.1,2.698773127939476,10_189
Cc1ccc(CN2CCN(C(=O)c3ccc(F)cc3)CC2)cc1,-6.4,3.585001452283357,10_190
COC=C1C=C(S(=O)(=O)Nc2cccc3c2O[C@H](CN(C)C(=O)Nc2ccc(C(F)(F)F)cc2)[C@@H](C)CN([C@@H](C)CO)C3=O)C1,-6.7,1.3236760205338625,10_191
O=C(O)C=C1C=CN=C(c2ccc(Cl)cc2)C(N2CCC(C(=O)Nc3ccccc3C(=O)O)CC2)=NC=C1,-6.7,1.1794632299179542,10_192
c1cc(C2CCCN2Cc2nnc(C3CC3)o2)ccn1,-6.2,3.6195152097180756,10_193
O=C(NCc1ccc(/C=C/C(O)=NO)cc1)c1cccn1-c1ccc(Cl)cc1,-6.0,3.3911138262459746,10_194
O=Nn1cccc1-c1cc(F)c(F)cc1Oc1ccc(Cl)cc1,-7.0,3.6580434234080323,10_195
O=C1NC[C@@H](c2c[nH]c3cc(Br)ccc23)NC1c1c[nH]c2cc(Br)ccc12,-8.5,3.400503815830979,10_196
COC=C1C=c2cccnc2=C1NC(C)CCCNC(=O)NCCc1ccccc1,-7.0,3.4686412063259064,10_197
Cc1sc(NC(=O)C2(c3ccc4c(c3)OCO4)CC2)nc1-c1cccc(N)c1,-8.2,3.6218139224710786,10_198
O=C(Nc1ccccc1)N1CCc2c(cnn2Cc2cn(Cc3ccc([N+](=O)[O-])cc3)nn2)C1,-7.4,3.4731828001949707,10_199
N#C[C@@H]1CN(C(=O)OCc2ccccc2)CC[C@H]1n1cc(C(N)=O)c(Nc2ccc(F)cc2)n1,-8.1,3.6037644667429407,10_200
CC1=CC=CCC1c1cc(C(=O)N2CCN(c3ccncc3)CC2)c(C)o1,-7.3,3.615757708609351,10_201
N[C@@H]1C[C@H](N)CN(c2nc(Nc3ccc(F)cc3)c3ncn(Cc4ccccc4)c3n2)C1,-7.7,3.505827749119797,10_202
O=C(Nc1ccc(N2CCN(C(=O)c3ccccc3Br)CC2)cc1)c1cc(=O)c2ccccc2o1,-7.9,3.643672254523293,10_203
Cc1ccc(Oc2ncccc2CNC(=O)C2CNC(=O)C2)c(C)c1,-7.0,3.774840574937178,10_204
CC(=O)NC[C@H]1CN(c2ccc(OC3CCN(c4nc5c(cc4F)c(=O)c(C(=O)O)cn5C4CC4)CC3)c(F)c2)C(=O)O1,-8.3,3.1596985161905864,10_205
O=C(N[C@H]1CC[C@H](CCN2CCN(c3nsc4ccccc34)CC2)CC1)C1(O)Cc2ccccc2C1,-7.3,3.4526429532200087,10_206
CC1(CI)CCN(c2nccn3nc(-c4ccc5[nH]ncc5c4)cc23)CC1,-7.8,3.571012351813326,10_207
CCN1CCC=NC2COCCN2C=CC=CS1(=O)=O,-6.3,1.3149364034920135,10_208
CC(C)Nc1nc(Nc2ccccc2)c2cnn(CC(Cl)c3ccccc3)c2n1,-7.1,3.5983865801683033,10_209
O=S(=O)(Nc1ccc(C(F)(F)F)cc1)c1cc(Br)ccc1Cl,-6.5,3.5971135843285293,10_210
O=C(CCc1ccc(O)cc1)N=Nc1c(O)[nH]c2ccc(F)cc12,-7.0,3.61229721381888,10_211
COc1ccc(C)cc1-n1cc2c(c1-c1ccc(C)cc1)c(=O)n(C)c(=O)n2C,-6.7,3.664892469635734,10_212
COc1ccc2c(c1)CC13CCN(C)C(C2)C1C1CC(=O)C3CC(O)C1,-6.6,2.268233151293189,10_213
Cc1cccc(C(=O)N2CCN(CC(C)O)CC2)c1,-6.3,3.566666784738108,10_214
O=C(CNC(=O)c1cccc(Cl)c1)OCc1nc(-c2ccccc2)cs1,-5.1,3.738514932363946,10_215
Cc1ccc(-c2noc(-c3ccc(NC4CCCC4)c([N+](=O)[O-])c3)n2)cc1C,-7.4,3.647498500103566,10_216
O=C(Nc1ccc(C(=O)N2CCN(C(=O)c3ccco3)CC2)cc1)Nc1ccc(-c2nc(=O)c3ccccc3[nH]2)cc1,-8.1,3.2844679791207496,10_217
Cn1ccc2nc(C3=CN(C(=O)Nc4ccc(F)c(C(F)(F)F)c4)C=CC=C3)nc(Nc3cccc(C(F)(F)F)c3)c21,-7.3,2.4082865728719627,10_218
C=CC(=CC=CC1CCN(C(=O)c2cnn(C=Nc3cccc(C(N)=O)c3)c2)C/C1=C\C1=CC=COC1)C(F)(F)F,-7.9,3.310424623238056,10_219
Oc1c2c(c(O)n1-c1ccc(F)cc1)[C@H]1[C@H](O)[C@H](O)C/C(=N/OC[C@@H](O)COc3ccccc3)[C@@H]1CC2,-7.0,3.108736717329914,10_220
C[C@H]1COCCN1C=NC(=Nc1ccc(-c2cccc(CNC(=O)COC3CCCC3)c2)[nH]1)N1CCOCC1,-7.9,3.2503143615633485,10_221
O=C(NCc1ccccn1)C(c1ccc(C(F)(F)F)cc1)n1c(=O)c(-c2ccccc2)nc2ccccc21,-8.5,3.516017532920223,10_222
Cc1ccc(S(=O)(=O)N2CCN(C(=O)c3sc4ccccc4c3Cl)CC2)cc1,-7.1,3.7227346993401254,10_223
O=C(/C=C/c1ccccc1)Nc1ccc(N2CCN(C(=O)c3cccc4cc5ccccc5cc34)CC2)cc1,-6.7,3.280281909406326,10_224
O=C(Nc1ccccc1Cl)c1nn(Cc2ccc(Cl)cc2Cl)c2ccccc12,-8.2,3.6289382331549738,10_226
CC(=CC=CC(=O)Nc1nc2nccc(-c3ccccc3)n2n1)C(F)(F)F,-7.8,3.6800949464728037,10_227
[CH]C[C@@H]1C[C@@H](O)[C@](O)(c2ccccc2)c2ccc(F)c(n2)-c2ccc(N)c(n2)C(=O)Nc2cnccc21,-8.9,1.9064763772287163,10_228
CCNC1C=Cc2cc(NC(=O)Nc3ccccc3C(=O)CCc3ccccc3)ccc21,-6.9,3.4784619174084037,10_229
C[C@@H](N=Cc1[nH]c(N2CCC(c3cc(C(F)(F)F)cc(C(F)(F)F)c3)CC2)nc1C(N)=O)c1ccccc1,-7.6,3.491110992376444,10_230
O=C(CN1CCCC1)Nc1ccccc1Sc1ccccc1,-7.4,3.705762725139552,10_231
O=C(NCC1CCCCC1)N1CCCC[C@H]1c1nnc(-c2ccccn2)o1,-7.6,3.6574151754782562,10_232
CCc1ccc(NC(=O)CCSc2nc3cccnc3[nH]2)cc1,-6.2,3.703927514819351,10_233
O=Cc1ccc(Nc2nc(-c3ccc(F)cc3F)cs2)cc1N(C=CC(=O)O)Cc1ccc(-c2ccccc2)cc1,-7.0,3.065580848533762,10_234
CCc1nnc(NCC(=O)Nc2ccccc2OC)nc1-c1cccc(Cl)c1,-7.4,3.728017643946372,10_235
CC1=Nc2cnc(-c3ccccc3)cc2N2C1=Nc1ccc(C(=O)O)cc1C2(C)C,-7.0,3.6315674014212718,10_236
CC[C@H]1CN(c2nc(I)cc(NCc3ccc(-c4ccccc4)cc3)n2)CCN1C(=N)c1ccccc1F,-7.4,3.1779542125252958,10_237
CC1C=NC=C(C=C2C=CC3CC(F)CCC3NC(C(O)CN)=C2)NC=C1CN1CC(CNS(C)(=O)=O)C1,-6.2,0.8504120140514431,10_238
O=C1CCCc2ccccc2Nc2ccccc2-c2[nH]c(C(F)(F)F)nc21,-7.3,1.2155726597017305,10_239
COc1cc2c(cc1C(=O)NCN(C)C)CCC2NC(=O)c1cc2cc(Cl)ccc2[nH]1,-6.6,3.6018825351399264,10_240
Nc1ccc2c([N+](=O)[O-])cccc2c1Sc1ccccc1,-6.8,3.58717603173666,10_241
COC1=C(OC)C(C(=O)c2cn(C(=O)c3cccc(C)c3C)c3ccc(C)cc23)C=COC1,-6.5,2.650152415434889,10_242
CCCCC(=O)Nc1ccc(S(=O)(=O)Nc2ccc(CCN3CCC(N4CCCCC4)CC3)cc2)cc1,-6.5,3.438411339874067,10_243
O=C(N/N=C/c1ccc2c(c1)OCO2)c1ccc(C(=O)N/N=C/c2ccc3c(c2)OCO3)cc1,-3.3,3.386675237031582,10_244
Cc1cccc(C)c1Nc1nc2c(c(Nc3ccc(C(F)(F)F)cc3)n1)CCN(c1ncccc1C(F)(F)F)CC2,-8.0,2.408982886409324,10_245
O=C1OCC2=C1C(c1ccc(F)c(Br)c1)c1cc3cc(O)ccc3nc12,-7.3,3.572012942013966,10_246
Cc1nnc2n1-c1ccc(-c3ccc4[nH]c(C(F)(F)F)nc4c3)cc1C(c1ccccc1Cl)=NC2,-8.5,2.5275700305560713,10_247
COc1cc(C=C2C(=O)NC(=S)NC2=O)ccc1OCCCOc1ccc(C(F)(F)F)cc1,-6.3,3.379814197875799,10_248
Cn1c(-c2ccc3c(c2)OCO3)cnc1NCc1ccccc1F,-7.1,3.794598431218856,10_249
Cn1c2c(c3ccc(-n4ccc(OCc5ccccc5)cc4=O)cc31)CN(C1CCOC1)CC2,-7.6,3.523146492367327,10_250
Nc1ncc(-c2ccccc2)cc1-c1nc2cccnc2[nH]1,-7.7,3.6492856945881194,10_251
O=C(NCC1(N2CCOCC2)CCCCC1)c1cccc(-c2ccccc2F)c1,-7.7,3.6255559525262697,10_252
O=COC(C=CC=C(Cl)Cl)=Nc1ccccc1,-5.3,3.2960722129426454,10_253
CCc1cc([C@@H]2CC(=O)N2c2nc3ccccc3[nH]c2=O)c(O)cc1O,-7.7,3.598125290724276,10_254
C=C(c1cc(OC)c(OC)c([Se]C)c1)c1ccc2ccccc2c1,-6.5,3.506052603163256,10_255
Cc1ccc(C(=O)N[C@H]2CCN(Cc3cscn3)C[C@@H]2O)cc1C,-5.9,3.7448432051969194,10_256
Cc1cc(C(=O)N[C@@H](CC(=O)O)c2ccc(Cl)cc2)nn1-c1ccc(Cl)cc1C(F)(F)F,-6.6,3.6428806455862377,10_257
COc1cc(C)cc(F)c1CCNC(=O)c1nc(C2CC2)nc2c1cnn2-c1ccccc1,-7.2,3.6798823736382804,10_258
c1ccc(-c2ccc(CN3CCN(CCNc4nc(-c5ccccc5)nnc4-c4cccs4)CC3)cc2)cc1,-7.1,3.3613656340093994,10_259
CCOc1cc(C(=O)Nc2cc(-c3ccccc3)ccc2O)ccn1,-7.6,3.7091347914140704,10_260
Nc1c(-c2nc3ccccc3[nH]2)c(O)cn1-c1ccc(Cl)cc1,-7.4,3.5961587950013127,10_261
N#C[C@H](Cc1ccccc1)Nc1c[nH]c2ccccc12,-6.1,3.6041817912326057,10_262
N[C@@H]1CN(C(=O)Nc2ccc(OCc3ccccc3)cc2)C[C@@H]1c1ccc(F)cc1,-6.5,3.7133859465061674,10_263
N#Cc1c(-c2cccs2)cc(-c2cccs2)nc1N,-6.2,3.7164719771480863,10_264
NC(=O)c1ccc2[nH]c(-c3ccc(C(=O)c4ccc5c(c4)OCO5)cc3)nc2c1,-7.9,3.620533936854366,10_265
O=C(c1nc2ccccc2s1)N(c1ccccc1)C1C=CS(=O)(=O)C1,-7.2,3.7288453692862795,10_266
Cc1ccccc1NC(=O)c1ccc2nc(N3CCOCC3)sc2c1,-7.5,3.8042612898477057,10_267
O=C(NC1CCN(Cc2ccccc2)CC1)c1ccccc1-c1ccccc1,-6.9,3.5735091038555833,10_268
COC=C1CC(=O)N=C(c2ccc(C)cc2OC)NCN1C1(CC(C)(C)C)C(=O)Nc2ccc(F)cc21,-6.9,1.672033106585931,10_269
CSc1ncc(C2NC(=O)N=C(C)C2C(=O)Nc2ccc(Cl)cc2)s1,-6.8,3.6704692631919045,10_270
CC1=Nc2nc(-c3cccc(Cl)c3Cl)nn2C(c2ccco2)C1C(=O)OC(C)C,-6.1,3.637641291339099,10_271
Cc1ccc(C(C)C)c(OCCn2cnc3ccccc3c2=O)c1,-6.5,3.7124884281520893,10_272
Cn1cc(C(=O)N2CC[C@@H](N3CCC(O)CC3)[C@H](O)C2)c2nc(N)ccc21,-7.3,3.385418826917147,10_273
CC1NC(=O)c2nc(-c3ccn(Cc4ccccc4)n3)n(Cc3ccc(F)c(F)c3)c2N2CC(C)(C)N=C12,-9.1,2.539295083732279,10_274
O=C(NCc1ccc(N2CCCC2=O)cc1)c1[nH]c2ccc(Br)cc2c1C=C(c1ccccc1)c1ccccc1,-8.9,3.220614507131733,10_275
Cc1ccc(NC(=O)CN2C(=O)c3ccccc3Sc3ncccc32)cc1,-6.5,2.781826481802768,10_276
O=C(c1ccc(N2CCN(C(=O)c3ccccc3)CC2)cc1)N1CCC(N2CCCC2)CC1,-6.9,3.434622743699552,10_277
Cc1noc(C(C)N2CCN(c3cccc(OCc4ccccc4)c3C)CC2)n1,-7.3,3.702391474626419,10_278
CN1CCC(Nc2ncnc3c(Nc4cccc(C(F)(F)F)c4)ncnc23)CC1,-7.3,3.6809274901843594,10_279
CCCCCCCCC(=O)NCc1ccc(O)cc1,-4.8,3.3992303829626853,10_280
O=[N+]([O-])c1cn2c(n1)OC[C@@H](OCc1ccc(-c3ccc(OC(F)F)cc3)cc1F)C2,-7.1,3.51698160423967,10_281
O=C(O)c1cc(Nc2cc(-c3ccccc3)ns2)cc(-c2ccc(C3CCNCC3)cc2)c1,-7.8,3.4876636330292943,10_282
CC[C@H](Nc1ncnc2ccccc12)c1cccc(Cl)c1,-6.7,3.7116287151022287,10_283
CC=C1C=CCC(C=NO[SH](N)NNC(=O)c2ccccc2Sc2cccc3ccccc23)=C1,-7.7,3.2755872920244395,10_284
O=C(C1CCS(=O)(=O)CC1)N1CCN(c2ncc(C(F)(F)F)s2)CC1c1ccc(OC(F)(F)F)cc1,-7.5,3.3954333221379445,10_285
Cc1ccc(C2=NN=C(SCC(=O)Nc3cc(C)ccc3C)N=CNC2)cc1,-6.9,1.9164320983357803,10_286
O=C(Nc1cnc2ccc(N3CCC[C@@H]3c3cc(F)ccc3F)nn12)N1CC[C@H](O)C1,-7.2,3.6120008163808714,10_287
O=C(Nc1cccc(F)c1)c1ccc(C(=O)N2CCCC2)cc1,-7.1,3.7023327429849875,10_288
OCCN1CCN(CCN2CCC(c3cc(-c4ccncc4)c(-c4cccs4)[nH]3)CC2)CC1,-6.6,3.575915112709983,10_289
O=S(=O)(Nc1ccc(S(=O)(=O)N2CCCC2)cc1)c1ccccc1Br,-6.6,3.747803359518719,10_290
Cn1ccc(-c2ccc3c4c(ccc3c2)CC[C@@H](c2ccccc2C2CCC2)NC4C(N)=O)n1,-7.5,2.551368188556496,10_291
N#Cc1ccccc1-c1cccc2c1C(c1ccc(Cl)cc1)=N2,-6.7,3.5475590093489675,10_292
Nc1nnc(SCC(=O)N/N=C/c2cccc3ccccc23)s1,-6.5,3.479337006740603,10_293
C=CC(O)c1ccc(O)c(C(=O)c2cc(OC)c(OC)c(OC)c2)c1,-6.1,3.6522178320640384,10_294
CC(C)(C)OC(=O)CC1C/C=C\CC(CC(=O)NCCO)C(=O)NC[C@@H](c2ccccc2)OC1=O,-6.5,1.3422366886245292,10_295
Brc1cncc(/C=N/N2CCN2)c1,-5.0,3.3903584297479283,10_297
O=C(c1ccc(-c2nc(Cl)cc3ccccc23)o1)N1CCN(c2cccc(Cl)c2)CC1,-8.1,3.541552806997518,10_298
Cc1cc(C=CC#N)cc(C)c1Nc1nc(Nc2ccc(N3CCC(N(C)C)CC3)cc2Cl)ncc1Cl,-7.1,3.4826818380895608,10_299
COc1ccccc1N1CCCN(C(=O)c2cc(C(=O)N3CCC(c4ccccc4F)CC3)ccc2O)CC1,-7.8,2.6153980014385416,10_300
CC(C)N(Cc1ccc(O)cc1)C(=O)c1ccc(F)cc1Cl,-6.5,3.705781828450407,10_301
CC=C1C=C(C=C2C=Nc3ccc(-c4cncc(OC[C@@H](N)Cc5c[nH]c6ccccc56)c4)cc32)C=C1C=Nc1cnccn1,-6.4,3.0302790865264573,10_302
CN1CCc2ccc(NC(=O)c3cccc(CNC(=O)c4cccc(-c5ccc(Cl)cc5)c4)c3)cc2C1,-8.0,3.509419920157163,10_304
O=C(O)c1ccccc1Nc1cccc(Cl)c1C(=O)Nc1cccc(C(F)(F)F)c1,-8.0,3.5942743849196974,10_305
CCN(CCNc1ccc[nH]1)c1ncc2ccn(Cc3nccs3)c2n1,-5.6,3.6232371543170325,10_306
CSCCC(c1nnnn1Cc1ccccc1)N1CCC(n2c(=O)[nH]c3ccccc32)CC1,-6.9,3.5972596038931592,10_307
CC1N=CC(C(=O)O)C(=O)c2cc(F)c(N3CCN(C(=O)Cc4ccnc(C(F)(F)F)c4)CC3)nc21,-7.7,2.439990647368167,10_308
CCS(=O)(=O)CCC1CN(C(=O)Nc2cccc(F)c2)CCO1,-6.2,3.6578567761349996,10_309
Cc1ccc(S(=O)(=O)NCC(=O)N(CC(=O)NCC2CCCO2)c2ccc(F)cc2)cc1,-7.4,3.6144953010764116,10_310
Cn1cc(CN2C[C@@H]3COC[C@]3(COCC3CC3)C2)cn1,-5.0,2.171034732492925,10_311
O=C(CN1CCOCC1)Nc1cc(-c2ccccc2)nn1-c1ccccc1,-8.1,3.7758377294488485,10_312
Cc1nnn2c(=O)n(-c3ccc(C(=O)O)cc3)c3cc(COc4ccc(F)cc4)ccc3c12,-7.5,3.5513354206231575,10_313
O=c1cc(-c2ccc(Br)cc2)[nH]c2ccc(-c3ccccc3)cc12,-7.4,3.423905982535066,10_314
Cc1ccc(-c2ccc(C(=O)Nc3cc4c5c(c3)CCN5C(=O)CC4)cc2)cc1,-7.5,3.5598587125811867,10_316
CC(C)(c1cc(C(F)(F)F)cc(C(F)(F)F)c1)c1cc(Cl)c(-c2ccncc2)c(Cl)c1,-7.6,3.283026246044833,10_317
Cn1cncc1C(OCc1ccc(C#N)cc1-c1ccc2c(c1)C(C)(C)O2)c1ccc(C#N)cc1,-8.4,3.5639838393994028,10_318
O=C(Nc1cccc(C(F)(F)F)c1)c1ccccc1Nc1ccccc1C(=O)Nc1cccc2ccc(O)cc12,-8.9,3.1154196804684138,10_319
O=S(=O)(NCCNc1c(F)cnc2c1CCC2)c1ccccc1,-6.8,3.6882948461539575,10_320
CCOC(=O)C(CC1C(=O)C2CCN1CC2)c1ccccc1Cl,-5.6,3.3716851281381444,10_321
Nc1ncc(-c2ccc3sc(F)c(Cl)c3c2)cc1C(=O)Nc1ccccc1C(F)(F)F,-7.6,3.533033843393039,10_322
CC(C)C[C@H]1CNC(=S)N1CC1CCN(C(C)CCNC(=O)c2c(Cl)cccc2Cl)CC1,-6.1,3.361930411936145,10_323
O=C(Nc1ccccc1C(=O)Nc1ccc2c3c(cccc13)CC2)C1=Cc2c(c(=O)oc3ccccc23)CN1,-10.0,3.216175118860929,10_324
O=C(c1ccc(F)c(F)c1)N1CCn2nc(-c3ccco3)cc2C1,-6.9,3.694063436058407,10_325
OC[C@@H]1[C@@H](O)[C@H](O)[C@@H](O)CN1CCCCCN1CCC(c2c[nH]c3ccccc23)CC1,-6.2,3.2004350553442995,10_326
CC(C)N1CCCN(C(=O)C2CCCN2C(=O)NCC2=CC(C(=O)N3Cc4cnn(C)c4Nc4ccccc43)C=CC2)CC1,-8.8,2.235114823226544,10_327
COc1ccccc1-c1nc2ccccc2s1,-5.8,3.51622365778811,10_328
Cc1ccc(-n2nc(C3CCN(C4CC(C)(O)C4)CC3)cc2NC(=O)c2cnn3cccnc23)nc1,-7.2,3.4002634010707937,10_329
O=C(Nc1cccc(C(F)(F)F)c1)Nc1nc(-c2ccncc2)cs1,-7.0,3.688817793921322,10_330
O=C(Nc1cccnc1)c1csc2c1CCCCC2,-6.1,2.646073513329269,10_331
COC(=O)C1C(=O)CC(=NCCN2CCOCC2)CC1c1ccccc1,-6.0,3.4126939558874945,10_332
C=CNP(=O)(Nc1cc(-c2ccc(Cl)cc2)n2c1CCC2)Oc1ccccccccc1,-7.9,1.3926229523160876,10_333
Cc1nnc(NC(=O)c2cccc3ccccc23)c2ccccc12,-8.1,3.6373570883720987,10_334
CCCN=C1[C](CCC)C2CN(C)[C@@]12c1ccccc1,-5.4,3.2915075774038787,10_335
CCN=C1C(=CS(=O)(=O)c2cccc([N+](=O)[O-])c2)N(Cc2ccccc2)c2cc(-c3ccccc3)ccc21,-7.1,3.370652917690042,10_336
O=C(Cc1ccc(C(F)(F)F)cc1)Nc1ccc(-c2ccc(-c3nc4cc(F)ccc4[nH]3)s2)cc1,-7.2,3.3609931127134054,10_337
O=C(O)c1cn(C2CC2)c2cc(-n3cc(CNc4cccnc4)nn3)c(F)cc2c1=O,-7.5,3.5402451237920634,10_338
COc1ccc(NC(=O)c2sc3nc(-c4ccccc4)cn3c2C)cc1,-6.9,3.718360464419357,10_339
Cc1ccc(Nc2nccc(NC3CC3)n2)c(-n2cncn2)c1,-7.1,3.6901577894918827,10_340
COc1ccc(NC(=O)Nc2ccc(Nc3nc(C)cc(N(C)C)n3)cc2)cc1,-6.5,3.644426496535926,10_341
CC1(c2cnn3c(NCC4CCOCC4)cc(Nc4cccc(Cl)c4)nc23)C=CC=CC1,-7.1,3.5828217147852195,10_342
O=C(COc1ccc(C(=O)Nc2cccc(Br)c2)cc1)Nc1ccccc1,-6.7,3.7023793551620363,10_343
Oc1ccccc1C=C(c1ccccc1)c1ccc(-c2ccccc2)cc1,-8.0,3.242412074454928,10_344
Cc1cc(NC(=O)Cc2ccc(Oc3ccc(C(F)(F)F)cn3)cc2)n(-c2ccccc2)n1,-7.0,3.663725433350935,10_345
Cc1ccccc1NC(=O)CC1C=C(c2cc3cc(N)ccc3o2)c2ccccc2N1C,-8.4,3.562269770439632,10_346
O=C1CCC(NC(=O)c2ccc(Cl)c(Cl)c2)CN1,-6.0,3.52571090135404,10_347
C(=C/c1ccccc1)\C=N\n1cnnc1,-5.5,3.5320734455275646,10_348
CS(=O)(=O)C=C1C=CC(C2=C(c3ccccc3Cl)C(=O)O/C2=C\c2cccc3ccccc23)=C1,-8.5,3.3778364114789055,10_349
O=C(Nc1ccc(Cl)cc1)Nc1cccc(-c2cc(CNC(=O)c3cccc(-c4ccc5[nH]ccc5c4)c3)ccn2)c1,-8.4,3.005727856331916,10_350
COc1cc(-c2nc(C(C)C)c(C(C)C)[nH]2)ccc1OCc1cccc(F)c1,-6.8,3.653200942761149,10_351
O=C(c1cccc(C(F)(F)F)c1)N1CCC(C(=O)N2CCC[C@H](c3nccn3CC3CC3)C2)CC1,-7.9,3.44761800862249,10_353
O=C(Nc1ccccc1O)c1ccc2cccc(O)c2n1,-7.2,3.5869711346671727,10_354
CC(C)N(C)CC(O)(CNC(=O)c1ccccc1N(C)C1CCCCC1)c1ccccc1,-6.5,3.6348715151276743,10_355
O=C(Nc1ccc(NC(=O)c2ccccc2Cl)nc1)c1ccc(O)cc1,-6.6,3.6864925341953327,10_356
c1ccc(Nc2nc(-c3ccccn3)nc3ccccc23)cc1,-7.6,3.677884081743365,10_357
Nc1cccc(C(=O)N(c2ccccc2)C(C(=O)O)C2CCC(NC(=O)C34CC5CC(CC(C5)C3)C4)CC2)c1,-7.6,3.118225146385607,10_358
CC(=O)N[C@@H](Cc1cc(F)cc(F)c1)[C@H](O)CNC1(c2nc(C(C)(C)C)cs2)CCCCC1,-6.9,3.5821282651966277,10_359
O=c1c(Br)cc(Cl)c2[nH]c3ccccc3c2c1O,-6.7,2.570880591865356,10_360
CSc1nccc(-c2ccc(C(=O)N3CCN(C(=O)c4ccccc4F)CC3)cc2)n1,-7.4,3.623996919219399,10_361
CCN(CC)C(=O)C1Cc2ccccc2CN1C(=O)c1cccc(C(=O)NS(=O)(=O)c2ccc(F)cc2F)c1,-7.1,3.632297019257469,10_362
O=C(CCCNC(=O)c1cc(-c2ccccc2)nc2ccccc12)Nc1ccc(Cl)cc1C(=O)c1ccccc1,-7.7,3.183440618308997,10_363
C[C@H]1CCc2ccccc2N1C(=O)c1cccc(C(F)(F)F)c1Cl,-6.3,3.4553272642934902,10_365
O=C1c2ccccc2C(=O)N1CCCCN1CCCC(c2noc3cc(F)ccc23)C1,-7.4,3.5242021039477693,10_366
CCCn1nc(C)c(CNC(=O)N2C=CC=CC(CC=NC=N)=C2)c1C,-6.3,2.599364102786833,10_367
CN1C(=O)C=C(N(CC(=O)Nc2ccc(-c3ccccc3)cc2)Cc2ccccc2)C1=O,-7.7,3.6840169481977676,10_368
C/C(=N\N=C(N)N/N=C/c1ccc(-c2ccccc2)o1)c1ccc2ccccc2c1,-7.8,3.488186875518042,10_369
Nc1nn(-c2ccccc2)nc1C(=O)OCc1ccccc1,-6.7,3.7015083883926057,10_370
C=C(C=Nc1ccc(C(=O)NC(C)c2cnn(C)c2)cc1C(=O)O)C=C(C=COC)c1ccccc1Cl,-7.7,3.3611697398046476,10_371
O=c1n(-c2cccc(C(F)(F)F)c2)cc(O)n1S(=O)(=O)c1cccc(Br)c1,-7.7,3.6816213542752734,10_372
COc1ccc(CNc2nc3c(cnn3-c3ccccc3)c(=O)n2-c2ccc(C)cc2)cc1,-7.4,3.552447360818444,10_373
C=CCNc1ccccc1C(=O)N1CCN(Cc2c(C)[nH]c3ccccc23)CC1,-7.0,3.6325123303860694,10_374
OCCNCc1ccc(Cl)c(Cl)c1,-4.7,3.387992336039516,10_375
CN(Cc1ccco1)Cc1nc(-c2ccc(C(F)(F)F)cc2)no1,-6.3,3.739735257493705,10_376
CSc1ncccc1C(=O)NNc1c(Cl)cccc1Cl,-5.9,3.6023987492648746,10_377
C[C@H](NC(=O)c1cccnc1Oc1ccccc1)c1nc2ccccc2o1,-7.4,3.703220372484605,10_378
Cc1c([C@@H](O)CNc2cncc(-c3ccc4[nH]nc(N(C)C)c4c3)c2)ccc2c1COC2=O,-8.1,3.4922568890673693,10_379
O=C(O)c1ccccc1C(=O)Nc1nnc(SCC(=O)N2CCCCC2)s1,-6.6,3.522954644323808,10_380
Cc1ccccc1C(=O)Nn1c(-c2ccc(Cl)cc2)nc(-c2ccccn2)c1C1=CC=CCC1,-7.9,3.5969515651735255,10_381
Cc1ccc(OCc2cn(-c3ccccc3)nn2)cc1,-6.4,3.6889631013145987,10_382
Cc1ccc(NC(=O)CCc2nc(-c3cccs3)no2)cc1,-6.7,3.784145707147661,10_383
O=C1CC=CN([CH]C[C@@H]([C@@H](O)CO)n2cc(-c3c4ccccc4cc4ccccc34)nn2)C(=O)N1,-7.9,2.4328761822682825,10_384
CN1C=C2C=C3C=CC(NCCn4cc(C5=CCCCC5)c(=O)[nH]c4=O)=C3CCC1=COC2,-7.4,1.158034439227725,10_385
CN1CCN(C(=O)Nc2ccc(Cl)c(Cl)c2)C(c2ccccc2)C1,-6.4,3.664868413257306,10_386
O=C1Nc2ccc([N+](=O)[O-])cc2[C@]12N1CSC[C@H]1[C@H](C1=CC=CCC1)[C@]21Cc2ccccc2C1=O,-7.5,3.274434412087274,10_387
O=[N+]([O-])N1C(=CC2=NS(=O)(=O)C=CC=C2)SC=C1c1ccc(O)c(Cl)c1,-6.7,2.4340045314870205,10_388
CC=CC1=C(c2cccc(O)c2O)C(=O)C(O[CH]COC=O)OC(=O)C=CC2[CH][C@H](/C=C\C=C/C=C(\C)C(=O)NC(CO)CF)[C@@H](O)[C@H](O)[C@H]2O1,-5.5,-0.12275152155015512,10_389
COc1cccc(Nc2nc(N)c([N+](=O)[O-])c(N3CCOCC3)n2)c1,-6.1,3.4021820259255793,10_390
Cc1ccc(-c2cc(C(=O)c3ccc(Cl)cc3)ccc2N(C)C)cc1C,-7.4,3.439038942143319,10_391
COc1ccc(CN2CC(C)OC3(CCCC3)C2)cc1N=C(C)C(C)C=O,-7.2,3.4050104806806054,10_392
CC=C(C=NC=NC=Cc1ccccc1)c1nn[nH]n1,-6.8,3.636426642752462,10_393
Cc1ccc(C(=O)Nc2cc(-c3ccccc3)nn2-c2ccccc2)cc1C,-8.0,3.603477812147987,10_394
CC(C)C(=O)c1ccc(-c2ccnc(Nc3cccc(NC(=O)CCCCC(O)=NO)c3)n2)cc1CNC(=O)c1ccc(F)cc1,-6.6,2.4489904349950824,10_395
CCOC=C1C=CC(N=C2N=CC(CN3CCC(C(=O)OC)C3)=CCc3c2cccc3[N+](=O)[O-])=C1,-7.6,1.2095674683963153,10_396
CCCOC(=O)C(=O)CC(=O)c1cccc(Oc2cccc(Cl)c2F)c1,-6.2,3.432987118373826,10_397
O=C(c1ccc2c(c1)ncn2-c1ccc(F)cc1F)N1CCC(n2cccn2)CC1,-7.9,3.670045475893988,10_398
Cc1nc(-c2ccccc2)sc1-c1cc(-c2ccc(Br)cc2)nc2ccccc12,-7.9,3.3313681273314106,10_399
O=C(c1ccc(-c2ccco2)cc1)c1cccc([N+](=O)[O-])c1,-6.7,3.5589867090173213,10_400
CON=C(N)N/N=C/c1cc(Br)ccc1OC,-5.2,3.3710008595756786,10_401
COc1ccc2ncc(F)c(CC(c3cccc(NC(=O)c4c(F)cccc4F)c3)c3c[nH]c4ccccc34)c2c1,-8.4,3.3001088398331984,10_402
CCn1c([C@@H](c2cn(C)c3ccccc23)N2CC2)nc2ccccc2c1=O,-7.0,3.593940864968026,10_403
Cc1ccc(CCC(=O)Nc2ccccc2SCCC(=O)O)cc1,-5.8,3.6553327984139328,10_404
O=C(Nc1ccc(Cl)cc1Cl)c1nc2ccccc2nc1-c1ccccc1,-7.8,3.6611908737231253,10_405
COc1cc(C=NNc2ccc(C(=O)O)cc2)ccc1O,-6.4,3.5354148166399177,10_406
NC(=O)c1c(F)ccc(OC(CCO)c2cc(F)cc(C(CC3CCCC3)OCO)c2)c1F,-6.5,3.470916588133463,10_407
COC=C1C=CC(CNc2nc(NCCCN3CCOCC3)nc(N3CCc4ccccc4C3)n2)=C1,-7.9,3.2060466328206276,10_408
N#Cc1cc(Cl)cc(Oc2c(Br)ccc(Cn3nnc4c(F)cccc43)c2F)c1,-7.0,3.6159989610765035,10_409
C=CC1C[C@H]2[C@@H](/C=C(\C)C(=O)[C@@]3(OC(C)=O)C[C@H](C)[C@H](OC(=O)c4ccccc4)[C@@H]3[C@H]1OCC)OC2(C)C,-6.6,1.022846117857168,10_410
CCO/N=C(/c1ccc(Br)cc1)C1CCN(C2(C)CCN(C(=O)c3c(C)cc(C)c(C)c3C)CC2)CC1,-7.1,3.301085347326338,10_411
Cc1nccc(-c2ccc(Cl)c(C(=O)NCC(C)O)c2)c1C#Cc1ccc(N)nc1,-6.8,3.6126864850799123,10_412
CN(CCOc1ccc(CC(Nc2ccccc2Oc2ccccc2)C(=O)O)cc1)c1nc2ccccc2o1,-7.2,3.2568734914603943,10_413
CCC1c2ccccc2C=NN1C(=O)/C=C/c1cc(-c2ccc3c(c2)OCO3)nn1Cc1ccccc1,-8.7,3.409286858718368,10_414
O=C1CCCC(=O)N1Cc1ccccc1,-5.1,3.3472200374986647,10_415
Cc1ccc(C)c(-c2cnc3nc(N)nc(N4CCN(C(=O)c5ccccc5F)CC4)c3n2)c1,-8.2,3.635116110225643,10_416
CC(=O)N1CCOc2ccc(C(=O)c3ccc(Br)cc3)cc21,-7.1,3.6107473121187743,10_417
C[C@H]1CCCN1c1ccc(-c2cccc(Nc3ccc4c(C(F)(F)F)ccc(F)c4n3)c2)nn1,-8.0,3.5661972260766333,10_418
COc1ccc(N2CCN(Cc3nc(=O)nc(Nc4ccccc4OC)[nH]3)CC2)cc1,-7.2,3.620324621848475,10_419
COc1cccc([C@H](C)Nc2ccc3c(c2)N(CC2CC2)C2(CCNCC2)C3)c1,-7.1,3.455153264531094,10_420
Fc1ccc2[nH]c(-c3cc4ccccc4[nH]3)cc2c1,-7.4,3.2201320661122184,10_421
CC=C1O[C@H]2[C@@H](O[C@H](CO)[C@H]2O)OP(=O)(Oc2cccc3ccccc23)N[C@@H](C)Cc2ccccc21,-8.1,1.0664138974210609,10_422
C=C(C)C(=O)N=CC=CCC(F)Oc1nc(Nc2ccc(N3CCN(C)CC3)cc2OC)ccc1C(F)F,-6.3,3.4323215654584027,10_423
COC(=O)C1[C@@H](c2ccc(Cl)c(Cl)c2)CCC[C@@H](O)[C@]1(O)c1ccccc1,-6.5,2.6472361853474817,10_424
N=C(CF)NCCCC(NC(=O)c1cccc2c1oc1ccccc12)C(=O)NCc1ccccc1,-6.9,3.222623125053379,10_425
C=CCNC(=O)C1=CC(CNC(=O)[C](Cc2cccc(F)c2)NC(=O)C(c2ccccc2)c2ccccc2C)C1=COC,-6.6,3.24164445795652,10_426
Cn1cnc2ccc(-c3cccc(OCC(O)CN4CCc5ccccc5C4)c3)cc21,-6.8,3.6676257807419157,10_427
CCOC(=O)C1OC1/C=N/NC(=O)c1ccc(O)cc1O,-5.8,3.101727978454631,10_428
CC(NC(=O)Nc1cccc(O)c1)C1CC2CCC1C2,-6.3,3.3782151410990107,10_429
O=C(c1ccc(Oc2ncccc2-c2cc3ncncc3s2)cc1)c1nc2ccccc2[nH]1,-7.6,3.4908013433057494,10_430
O=C(Oc1ccc([N+](=O)[O-])cc1)c1cc(-c2ccc(O)cc2)[nH]n1,-7.2,3.423475103998725,10_431
FC(F)(F)c1cc(NC(=S)NCCCn2ccnc2)cc(C(F)(F)F)c1,-6.3,3.461206077615482,10_432
CCCc1cccc(-c2cc(NC(=O)C3CNC(=O)C3)nn2-c2ccc(Cl)cc2)c1,-7.5,3.7336453947111536,10_433
O=C(Nc1ccccc1)C1CCC(=O)N(c2ccn3ccnc3c2)C1,-7.4,3.8031331600933305,10_434
CCN(C(=O)CSc1nnc(-c2ccccc2F)o1)c1c(N)n(Cc2ccccc2)c(=O)[nH]c1=O,-7.3,3.334110813940087,10_435
COc1cc([C@@H]2c3cc4c(cc3[C@H](OC(=O)Cn3cc(-c5cccc(Br)c5)nn3)[C@H]3COC(=O)C23)OCO4)cc(OC)c1OC,-8.0,2.9716524603198673,10_436
[CH](CN1CCC(c2ccccc2)CC1)C1OC2CCCC[C@]2(c2ccccc2)O1,-7.0,3.327626658487385,10_437
CN(C)CCn1ccc2cc(/C=C/C=C3C=CC(OCCCCCCF)=C3)ccc21,-5.4,3.3517546972352275,10_438
Cc1ccccc1N1CCN(CCNc2ccc(C(=O)Nc3cccc(C(F)(F)F)c3)cc2)CC1,-6.5,3.637667317238658,10_439
O=C(Cn1ccc2cc(C(=O)NC3CC3)ccc21)NCc1ccccc1Cl,-6.9,3.716038181154456,10_440
Cc1ccc(C=NNC(=O)c2cccc(F)c2)o1,-5.8,3.58116405080537,10_441
CCN1c2ccccc2C(C(=O)Nc2ccc(F)c(Cl)c2)CN1C(=O)C1=CC=C(C)C=CO1,-7.1,2.7089087725451977,10_442
O=C(Cn1nnc2ccccc21)Nc1nccs1,-5.7,3.610593949562369,10_443
O=[N+]([O-])c1cc(C(F)(F)F)ccc1N1CCN(Cc2cccnc2)CC1,-7.1,3.597523907942861,10_444
CNc1nc2cc(F)ccc2n2ccnc12,-6.1,3.5736052833199086,10_445
CCOC(=O)C(CC)Sc1nc2cc(-n3nc(C(C)(C)C)oc3=O)c(F)cc2s1,-6.5,3.4632130342730485,10_446
O=C(Nc1ccc(-n2cncn2)c(F)c1)c1ccc(-c2ccccc2C(F)(F)F)cc1,-7.1,3.6256879870526384,10_447
CC1CCN(c2nc(-c3ccc(Cl)cc3)c3oc4ccc(F)cc4c3n2)CC1,-7.8,3.582133024196828,10_448
O=C(NNc1cc(O)n(-c2cccc(F)c2)c1S)c1ccc(F)cc1,-6.4,3.519375636258223,10_449
COc1cc(C(=O)Nc2cccc(-c3nnc(-c4ccccc4)o3)c2)ccc1OCC(=O)Nc1ccccc1,-7.3,3.3222550643597746,10_450
CN1N=CC(c2ccccc2)=CC1=COC1=CC(=CC#N)N=C1c1cccc(-c2ccsc2)c1,-8.2,3.3214154100517153,10_451
COCc1ncnc(OC)c1C#N,-4.2,3.3792735909347966,10_452
CCC1=CC(O)C2CCCCC2=C(C(=O)O)C(=O)N1Cc1ccccc1OC(F)(F)F,-7.7,1.6646756458501875,10_453
COc1cc2c(Oc3ccc(NC(=O)c4nn(-c5cccc(C(F)(F)F)c5)cc4C)cc3F)ccnc2cc1OCCCN1CCCCC1,-6.9,2.9865064440992843,10_454
CC(C)NC(=O)N1C=CC=C(c2nc(N3CC4CCC(C3)O4)c3cnn([C@H]4CC[C@H](O)CC4)c3n2)C1,-8.8,3.2749973416647578,10_455
Cc1csc(NC(=O)c2ccccc2F)n1,-5.4,3.6168613340797298,10_456
C[C@]12CC[C@@H]3c4ccc(O)cc4CC[C@H]3[C@@H]1CCC2=CC(=O)OCCCCn1ccnc1,-6.3,3.292170953616675,10_457
O=c1[nH]c(O)c(C=c2cnn3c(=NC4CC4)cc(-c4cccc(C(F)(F)F)c4)nc23)[nH]1,-8.2,3.4858256029664285,10_458
Cc1nsc(-c2ccc(N3CCN(C(=O)c4ccc(Cl)cc4)CC3)nn2)n1,-6.9,3.6887304207439313,10_459
Cc1ccc2[nH]c(-c3ccccc3)c(-c3cc(-c4ccccc4)c4cc(C#N)ccc4n3)c2c1,-8.6,3.2355087369134075,10_460
O=C1CCCN1c1ccccc1C(=N[CH]NS(=O)(=O)c1ccccc1)c1ccccc1,-7.0,3.693526665026741,10_461
O=C(c1ccccc1)N1CCN(C(=O)c2cc(Cc3n[nH]c(=O)c4c3NCCC4)ccc2F)CC1,-9.3,3.6005480135885484,10_462
COC1[CH]OC(OCCc2ccccc2)[C@H](OC(=O)c2ccccc2)[C@H]1OCc1cccc2ccccc12,-7.7,3.3813738582932613,10_463
O=C(CSC(=O)NCCc1ccc(SC(F)(F)F)cc1)Nc1ccc(Oc2ccccc2)cc1,-6.1,3.5137054043323537,10_464
O=C(/C=C/c1ccccc1C(F)(F)F)Nc1ccc(C(=O)/C=C/c2ccc3c(c2)OCO3)cc1,-6.7,3.5829343005602317,10_465
C=C(C)C(C)N(c1cc(Cl)cc(-c2ccccc2)c1)S(=O)(=O)c1ccc(OC(C)C)cc1Cl,-7.4,3.459026488439301,10_466
Cc1cccc(-c2nc3cc(Br)ccc3c(=O)n2C2=CC=CCC2)c1,-7.2,3.5975180038294954,10_467
O=C(Oc1ccccc1)O[C@@H]1[CH][C@@H](COC(=O)c2ccc3ccccc3c2)OO[C@H]1OC1=C(c2ccc(O)cc2)Oc2cc(O)cc(O)c2C1,-7.5,2.671803081328891,10_468
CNc1c(Nc2cc(F)c(F)cc2OCC(=O)N2CCN(Cc3ccc(F)cc3)C[C@H]2C)c(=O)c1=O,-7.6,3.5423036660190954,10_469
CCc1cccc(C2C(C)NC(=O)C2CC(C)C)c1,-5.4,3.3263202021507903,10_470
CNCC1CCN(C(=O)CNC=C(N=C(F)Nc2ccccc2CF)c2ccc(-c3ccc4ccccc4c3)cc2)C1,-7.7,3.1451128846549743,10_471
O=c1c2ccc3ccccc3c2oc(=S)n1-c1cccnc1,-6.6,3.4993503451228554,10_472
C=S1C(CC=CC=CC#N)=CC=C1c1nc(-c2ccccc2C(F)(F)F)cc(N2CCOCC2)n1,-7.9,3.3657293121447145,10_473
CN(Cc1cnc2cccnn12)C(=O)CCc1nnc(CCc2c[nH]c3ccccc23)o1,-6.9,3.5311012445225556,10_474
Cn1c(=O)n(CC(=O)N2CCN(S(=O)(=O)c3ccc4c(c3)OCCO4)CC2)c2ccccc21,-7.8,3.4677842436231168,10_475
O=S(=O)(c1ccc(-n2cccn2)cc1)N1CCC2(CC1)OCCO2,-6.6,3.58788144824324,10_476
COc1ccccc1C=CC(=N)Cc1ccc(Cl)cc1C=Cc1ccccc1N,-7.2,3.4002877911114435,10_477
N#Cc1cc(-c2ccnc(Nc3cnn(CCN4CCOCC4)c3)c2)ccc1O[C@H]1CCNC1,-7.5,3.4741993480326254,10_478
Cc1noc(CNC(=O)c2ccc(C#N)c(C#N)c2)n1,-6.0,3.6020591356709466,10_479
COc1cc(/C=N/Nc2nc3ccccc3[nH]2)ccc1O[Se]c1ccccc1[N+](=O)[O-],-7.5,3.2564799254745087,10_480
CN(C)C=CC=C/C=C1/S/C(=N\c2ccc([SH](C)(=O)O)cc2Cl)N(c2ccc(I)cc2)C1=O,-7.8,3.30958819843487,10_481
O=C(O)c1ccc(NC(=O)c2cc(-c3ccc(F)cc3)nc3ccc(F)c(F)c23)cc1,-8.0,3.6321381642472703,10_482
CC(=O)Nc1sc2c(c1-c1nc3ccccc3s1)CCN(C(C)C)C2,-6.8,3.763708057172665,10_483
CCc1ccc(NC(=O)c2c[nH]c3ccccc3c2=O)cc1,-6.8,3.6442097423423156,10_484
CC(=O)Nc1cc2cc(c1CC1C(=O)c3ccccc3C1=N[C@H]1c3ccccc3C[C@@H]1c1ccc(Cl)cc1)CO2,-8.5,3.2881592050645656,10_485
Cc1cccc(Nc2nc(C)cc(NCc3ccc(-c4ccccc4)cc3)n2)c1,-7.7,3.577891349000712,10_486
CC(C)c1cc(C(C)C)c(S(=O)(=O)NC(=O)N(C2=CC=CC=CNCC3(C)CCC=NOC23)c2cncc3cccnc23)c(C(C)CC=N)c1,-7.9,0.7976559380484352,10_487
O=C(Cn1c2ccccc2c(=O)c2ccccc21)Nc1ccccc1F,-7.3,3.628643944890359,10_488
O=C(/C=C/C(F)=C/c1ccccc1)c1ccccc1,-5.9,3.1894456123815873,10_489
C=CC1=CC(=NNC(=CN2CCN(C(=O)c3ccco3)CC2)C(=O)Nc2cccc(C)c2)C=C1,-7.6,3.4782631829533073,10_490
C[C@@H]1CN(C(=O)c2ccccc2)CCN1c1nnc(-c2ccccc2)c2ccccc12,-8.7,3.5963430194508983,10_491
Clc1ncccc1/C=N/Nc1nc2ccccc2nc1Nc1cccc2ccccc12,-9.0,3.34382954918978,10_492
CNc1cc(-c2ccccc2)nc2ccccc12,-6.7,3.4978985582748026,10_493
Cc1nnsc1C(=O)N[C@@H](C)c1cnn(C)c1,-5.6,2.43707728828008,10_494
CCOCCNc1cc2cc(-c3cccc(C(F)(F)F)c3)ccc2cn1,-6.7,3.6387959578892772,10_495
Cc1nc(CN2C=C(C(=O)NC3C=C(c4ccccc4)N3)c3ccc(C#N)cc3N2C)no1,-7.1,3.543729356147429,10_496
O=C(O)c1cccc(/C=C2\CCCC3C2=NNC3c2ccc(O)cc2)c1,-7.3,3.588667310063313,10_497
COC1=CC=C(C2=CC=C(C3=CC=C(OCc4cn(CC(=O)Nc5cc(C(C)(C)C)nn5-c5ccc(F)cc5)nn4)C3C)C2C)C1,-6.8,3.1658169609931726,10_498
COC=C1C=C(CNC(=O)c2csc(C3CCN(C(=O)c4cccc5onc(C)c45)CC3)n2)C=C1OC,-7.0,3.4681227352845103,10_499
Cc1ccc(S(=O)(=O)NC(=O)c2ccc(-c3nc4cc(C(N)=O)ccc4[nH]3)cc2)cc1F,-7.1,3.5240085001955226,10_500
COc1ccc(C(C)=O)cc1CSCCC(=O)Nc1ccccn1,-5.6,3.6844149486998665,10_501
Cc1ccc(NN=CC2CS(=O)(=O)CC2(C)C)cc1Cl,-5.5,3.5879169334659187,10_502
O=C(CCC=CC=CC=CC=CCF)N1CCC(c2nc3cc(F)ccc3o2)CC1,-6.4,3.5615775537963135,10_503
Cc1ccc2c(c1)Sc1c(-c3ccccc3)cccc1N2Cc1cccc([N+](=O)[O-])c1,-7.5,3.4123825511749066,10_504
O=C(Nc1ccc(S(=O)(=O)N=C2CCCCCN2)cc1)c1cccc([N+](=O)[O-])c1,-7.6,2.5792773499094714,10_505
O=C(c1cccs1)N(c1ccccc1)C1C=CS(=O)(=O)C1,-6.1,3.7144934429246295,10_506
O=C1C(=O)N(CCn2cc(COc3ccc(/C=N/Nc4ccnc5cc(Cl)ccc45)cc3)nn2)c2ccc(Cl)cc21,-6.5,3.0573099093098683,10_507
ON=C(O)/C=C/c1ccccc1-c1nc(-c2cccc(Br)c2)cs1,-6.9,3.452464261517828,10_508
O=C(NC1C=CC=COC1)c1cc(S(=O)(=O)NCCc2ccccc2)ccc1F,-7.0,2.742629898189393,10_509
Nc1ccccc1NC(=O)Cc1ccc(NC(=O)c2ccccc2-c2ccc(C(F)(F)F)cc2F)cc1,-8.1,3.35843547473469,10_510
COc1ccc(S(=O)(=O)N(Cc2ccc3c(c2)C=CC(C)(C)O3)C2CCC2)cc1,-6.0,3.6158998807409164,10_511
CN(C)C1(c2cccc(Cl)c2)CCC(C(=O)N2CCCCCC2)CC1=O,-6.7,2.529945574603323,10_512
C=CCc1c(-c2ccc(F)cc2)c(/C=C/[C@H](O)C[C@@H](O)CC(=O)O)nn1C1=CC=CC1,-6.4,3.51597433464454,10_513
C=C([CH]C1[C@H]2CC[C@@H](N1C(C)=O)C21CCCCC1)C=CC=CC1=CCC=CC=C1,-7.1,1.8116057997520505,10_514
O=C(c1cccc(F)c1)N1CCN(c2ccc([N+](=O)[O-])c(NCc3ccccc3)c2)CC1,-7.4,3.6738319386921097,10_515
O=C(O)c1nn(-c2cccc(C(F)(F)F)c2)cc(-c2c(F)cc(F)cc2F)c1=O,-8.2,3.663671175917199,10_516
O=C(Cc1ccccc1[N+](=O)[O-])N/N=C/c1ccccc1,-6.8,3.5703893581642534,10_517
O=C(Nc1cccc(C2=CC3=NC=NN(Cc4ccc(C(F)(F)F)cc4)C=C3C2)c1)C1CCCCC1,-7.8,2.4917265107481796,10_518
CC(=O)N1N=C(c2cccc3ccccc23)CC1c1ccccc1,-7.5,3.539620892729587,10_519
O[C@H]1CN(c2ccncc2N=CC2=CC(F)=C(c3ccc4c(c3)c(COCC3CCC3)cn4CCF)C2)C[C@@H]1O,-6.8,3.2284240840696654,10_520
O=C(NC(Cc1ccccc1)C(=O)NC1C(=O)N[C@H]1Sc1ccccc1)OCc1ccccc1,-7.4,3.499913782774331,10_521
c1ccc(-c2cc(CNc3nc(Nc4cc(C5CC5)[nH]n4)cc(N4CCOCC4)n3)on2)cc1,-8.6,3.3114484567264637,10_522
Cc1cc(=O)[nH]c(CCNc2ccc(-c3nc(-c4ccccc4C)no3)cc2)n1,-6.7,3.6646234299971607,10_523
COc1cc(C(=O)N=Nc2c(O)[nH]c3ccccc23)cc(OC)c1OC,-6.5,3.676528713227296,10_524
O=C(c1ccc(Oc2cccc3cccnc23)nc1)N1CCC(C2CCCCO2)CC1,-7.3,3.622786155254042,10_525
Cc1[nH]c(=O)c(C(C)(C)c2ccccc2)cc1Br,-5.7,3.516389427896593,10_526
O=C(COc1ccc(F)cc1)Nc1nc(-c2ccccc2)cs1,-7.1,3.7696117829060842,10_527
Nc1cc(-c2ccccc2)ccc1Cn1cncc1CNc1ccc(F)c(-c2ccccn2)c1,-7.6,3.4177344461850008,10_528
CS(=O)(=O)Nc1cccc(-c2cnc3[nH]cc(-c4ccc(C(N)=O)cc4)c3c2)c1,-8.8,3.577021204391855,10_529
Cn1c(Cl)cnc1COC(=O)c1cnccn1,-5.6,3.507623772979787,10_530
O=c1oc2cc(OP(=O)(O)O)ccc2c2ccccc12,-7.5,3.4616622671386836,10_531
O=C(N[C@@H]1CCNC1)c1cc(NC(=O)c2cc(-c3ccccn3)c(F)cc2Cl)n(-c2ccccc2)n1,-7.8,3.51092629003989,10_532
Cc1c(-n2nnc(C(=O)NCc3ccc(C(F)(F)F)cc3)c2C)cnn1-c1ccccc1Cl,-7.3,3.663663800550746,10_533
COCCNCc1nc(C=C2C=CCC=C2OC)no1,-5.6,3.569889708373557,10_534
O=C(CNc1ccc(-c2nc3cc(Cl)ccc3o2)cc1)Nc1cccc(F)c1,-6.9,3.679267293744818,10_535
O=C(CCCCCN1C(=O)c2cccc3cccc(c23)C1=O)NCc1ccc2ccccc2c1,-6.6,3.4740467247800346,10_536
CNC(=O)C=CC(F)OC=C1C=CC(C=NNc2cccc(-c3ccc(C(=O)O)cc3)c2)=C1,-6.9,3.2837134630826954,10_537
CN(CCN(Cc1ccccc1)C(=O)c1ccccc1)C(=O)Cc1ccc(Cl)cc1,-6.3,3.587764834718297,10_538
COc1ccc(NC(=O)c2ccc(CN3CCN(C)CC3)c(C(F)(F)F)c2)cc1OC1CCN(C(=O)c2ccccc2C)CC1,-6.9,3.4489744819952866,10_539
CCN(CC)c1nc(Nc2cccc(OC)c2)c2cnn(CC(Cl)c3ccccc3)c2n1,-6.3,3.5540468032262424,10_540
Clc1ccc(-c2cn3c(n2)OCC3)cc1,-5.4,3.4925474578101015,10_541
Cc1cc(C(=O)N[C@H](CO)c2cccc3cc[nH]c23)c(C)s1,-6.3,3.658717311113537,10_542
CCc1nnsc1C(=O)NCCCS(C)(=O)=O,-4.8,2.2151195690410113,10_543
CNc1nc2cnc(-c3cccc(F)c3)cc2n1-c1cccc(-c2nc3ccccc3n2C)c1,-9.1,3.5408890700381397,10_544
O=C(Nc1ccc(N2CCOCC2)cc1)c1ccc(C#Cc2ccccc2)nc1,-6.8,3.7009221200748588,10_545
C[C@]12CC[C@@H]3c4ccc(O)cc4CC[C@H]3[C@@H]1CC[C@@]2(O)/C=C/c1ccc(C(F)(F)F)cc1,-7.6,3.267212808757206,10_546
O=C(O)c1nn(CC(=O)C2CCCCC2)c(=O)c2ccccc12,-6.7,3.7696623004886467,10_547
NC(=O)c1ccccc1-n1cc(CC2CCCCC2)nn1,-6.7,3.7562882481541338,10_548
O=C(NCCCN1CCCCC1)C1C(C(=O)Nc2ncc(Br)s2)[C@@H]2CC[C@H]1C21CC1,-6.1,3.2225671888934984,10_549
O=C(NCCCCCCN1C(=O)NC2(CCCc3ccccc32)C1=O)c1ccccc1,-7.1,3.4852009216073627,10_550
CCC1(CC)CC(CN2CCN(Cc3ccccc3)CC2)OC1=O,-6.1,3.4168770063714184,10_551
COc1cc(N)c(Cl)cc1C(=O)CCC1CCN(CCCNCCSc2ccc(Cl)cc2)CC1,-5.3,3.2028443489286382,10_552
O=C1Nc2ccccc2/C1=C/c1ccc(-c2cn(-c3ccc(F)cc3)nn2)cc1,-7.8,3.649056983355396,10_553
COc1ccc(C2Oc3c(O)ccc4c3C=C2c2cc3c(cc2CCNC4)OCO3)cc1,-7.6,1.3380477257192944,10_554
COc1ccc(C2OC(c3ccccc3)=C(c3ccccc3)N2NC(=S)Nc2ccccc2C)cc1,-7.1,3.4529516513222607,10_555
Clc1ccc(-n2ncc3c(N4CCCC(NCc5ccccc5)CC4)ncnc32)cc1,-6.6,2.7139531218020165,10_556
O=c1cc(-c2ccccc2)oc2c(CNCCCc3ccccc3)c(O)cc(O)c12,-6.7,3.5103581870130474,10_557
COc1ccc(CC(=O)Nc2nnc(-c3ccncc3)s2)cc1OC,-6.3,3.743250484601931,10_558
c1ccc(CC(=Nc2ccccn2)c2ccccc2)cc1,-6.6,3.4565514404401547,10_559
O=C(c1ccnc(Nc2nc3cc(Nc4ccc(C(F)(F)F)cc4)ncc3[nH]2)c1)N1CCCC1,-7.6,3.54166717448893,10_560
CC=C1C=CC(S(=O)(=O)Nc2cccc(CC(=O)N(C[C@@H](C)[C@@H](O)CN(C)Cc3ccc(C(=O)Nc4ccccc4N)cc3)[C@H](C)CO)c2)=C1,-6.9,2.8694669092342857,10_561
C=CCNc1nc(N)c(C(=O)c2ccc(C)cc2)s1,-5.9,3.6025801525804475,10_562
Cc1cc(Nc2ccccc2)c2cc(F)ccc2n1,-6.9,3.5488655591766682,10_563
NS(=O)(=O)C=C(C=Cc1ccc(O)cc1)c1ccc(-c2cccc(C(=O)O)c2)o1,-7.8,3.569475487785151,10_564
O=C(Nc1ccc(S(=O)(=O)NCC2CCCO2)cc1)c1cccnc1,-6.2,3.695206852643823,10_565
Cc1cc(CN(CC2CCCC2)C(CC(=O)O)c2ccc3c(c2)CCCC3)ccc1OCCn1c(O)ccc1O,-6.5,3.1833070482939174,10_566
CCOCOCC(O)COC(=O)C(C)C,-4.2,1.7604573665038306,10_567
O=C1c2cc(Cl)ccc2N(Cc2ccc(C(F)(F)F)cc2)C(=O)CN1Cc1ccccc1F,-7.4,2.5699935248006858,10_568
O=C1NC(c2ccoc2)(c2cccs2)C(c2ccc(Cl)cc2)N1Cc1ccc(Cl)cc1,-6.3,3.5798108304056626,10_569
O=c1c2cnc3ccccc3c2[nH]n1Cc1ccncc1,-6.8,3.6579919046521647,10_570
O=c1[nH]c(N2CCOCC2)nc(NC2CNC2)c1-c1ccc(Cl)cc1,-6.7,3.552909430526567,10_571
CC(=O)N[C@@H](C)c1ccc(OC2CCN(c3ccc4c(c3)OCCCO4)C2)cc1,-6.8,2.715470613265122,10_572
O=C1NC2(CC#CCC2)N2C=C1C=NC=CC=CN2,-5.9,0.9562372594268833,10_573
O=C(Nc1ccccc1C(=O)O)c1cccc(Cc2n[nH]c(=O)c3c2CCCC3)c1,-8.4,3.651866013344115,10_574
CSC1=CC=C([C@H]2CC[C@H](NCC(C)(C)c3ccc(-c4ccc(C#N)cc4)cc3)C2C)C1,-6.9,3.424369074842594,10_575
C=C1C(c2cc(Cl)cc(Cl)c2)=CC=CN1C(=O)CCNC(=O)C1Oc2ccc(C(=N)N)cc21,-7.5,3.428951795750172,10_576
CCCC(=O)N(Cc1cc2cccc(C)c2nc1Nc1cccc(Cl)c1)N=CC1=Cc2c(ncc(C)c2C)N=C(C)C=C1,-8.0,1.3965624606187452,10_577
O=C(Nc1ccc(NS(=O)(=O)c2ccccc2)cc1)c1ccccc1,-7.1,3.7657915144074154,10_578
O=C(NN1C(=O)/C(=C/c2cccc(O)c2)N=C1c1cccs1)c1ccccc1OC(F)F,-7.9,3.6326911089728116,10_579
Cc1ccc(-c2nc(CNC[C@@H]3CC[C@H]4C[C@@H]3C4(C)C)co2)cc1,-6.5,3.4576970854530016,10_580
CNC(=O)Nc1sc2c(c1-c1nc3cc(-c4ccc(C(=O)N5CCOCC5)cc4)ccc3s1)CCNC2,-7.2,3.3983003866727657,10_581
O=C(CSc1nnc(Cc2cc(O)cc(O)c2)n1Cc1ccco1)c1ccccc1[N+](=O)[O-],-6.9,3.0818234038386505,10_582
O=C1CC=C(c2ccc3c(c2)CCO3)OCOc2ccccc2-n2c(nnc2-c2cc3ccccc3cc2O)SC1,-8.9,1.0318567323082197,10_583
O=C(NCCO)c1cccc2c1CCN2c1nccc(C(O)c2ccccc2Cc2cccc(Cl)c2)n1,-6.8,3.4784001332906476,10_584
O=C(Nc1cccc(F)c1F)c1cccc(-c2nc3ccccn3c2-c2ccnc(Nc3ccc(NC4=NCCN4)cc3)n2)c1,-9.1,3.0438215636044195,10_585
CC(=NNc1nc(O)cs1)c1ccc(NC(=O)COc2ccccc2)cc1,-6.4,3.49633652413271,10_586
O=C(O)C(Cc1c[nH]c2ccccc12)NS(=O)(=O)c1ccc(Br)cc1,-6.3,3.6345872843270213,10_587
C[C@@H](OCc1nc(-c2ccc(F)cc2)oc1-c1ccc(C(C)(C)C#N)cc1)c1ccccc1,-7.4,3.514609271369706,10_588
O=C(Nc1c(C(O)(C(F)(F)F)C(F)(F)F)ccc2ccccc12)c1cccc2ccccc12,-8.2,3.4684823147800348,10_589
O=C(CNc1nc(-c2ccccc2)nc2c1ncn2-c1ccccc1O)NCc1ccc(F)cc1,-6.7,3.388358935197471,10_590
CNc1nc(O)c(C(C)c2cn(-c3cc(C)cc(C)c3)nn2)s1,-7.5,3.7343693000522826,10_591
C[C]C12C[CH][C@@H](CCCC3[C]CC(=O)C(=O)C3)C[C@@H]1CC=C2c1cccnc1,-7.0,3.2517962487324326,10_592
N#Cc1cc(S(=O)(=O)Nc2nccs2)ccc1Oc1ccc(-c2ncc[nH]2)cc1,-7.0,3.5701071046518758,10_593
C[C@]12CC[C@H](O)C[C@H]1CC[C@@H]1[C@@H]2[C@@H](O)C[C@@]2(C)[C@H]1CC[C@@]2(O)c1cn(Cc2ccccc2C(F)(F)F)cc(C=O)c1=O,-8.0,3.094230408029008,10_594
CCOc1ccc(-c2cc(Nc3cccc(C(=O)NCc4ccccc4)c3)nc3nccnc23)cc1,-7.8,3.4436167407918146,10_595
Nc1ncc(-c2cc(N3C[C@@H]4C[C@H]3CS4)nc(C3CCC3)n2)nc1-c1cc(Cl)ccc1OC(F)F,-7.3,3.4080130310267016,10_596
C=Cc1ccccc1CN=CNC(=O)c1cnc(C2=CC=CC=CC2)nc1N1CCCC1C(=O)O,-8.4,2.487302393375325,10_597
Nc1cccc2c1CC[C@H](CNCCc1ccc(NC(=O)COc3cccc(Cl)c3)cc1)C2,-6.3,3.4510983011154988,10_598
O=C(NS(=O)(=O)N1CCC1)c1cc(Cc2cccc(F)c2F)ccc1OC(F)(F)F,-7.4,3.6626314597647873,10_599
COC(=O)c1ccccc1NC(=O)c1nc2nc(C)cc(C(F)F)n2n1,-7.2,3.6190845202399022,10_600
N#C/C(=C\c1cccc([N+](=O)[O-])c1)C(=O)NCCc1ccc(S(N)(=O)=O)cc1,-6.8,3.264280533466217,10_601
O=C(CN(Cc1ccccc1)C(=O)[C]Cc1ccccc1)NC(Cc1ccc(O)cc1)C(=O)N[C@H](/C=C/c1ccc(C(=O)O)cc1)c1[c]c(O)n(Cc2ccccc2)c1O,-6.7,2.5681135887572646,10_602
NC(=O)CN1CCC[C@H](Nc2nccc(Nc3cccc(Cl)c3)n2)C1,-6.3,3.629723473646694,10_603
O=C(NCCc1ccc(NC(=O)N2Cc3ccccc3C2)cc1)c1ccc(Cl)cc1O,-7.1,3.6267992010968215,10_604
CN(C)C(=S)N=Nc1c(O)[nH]c2ccc(S(=O)(=O)N3CCOCC3)cc12,-6.0,3.508003390637783,10_605
CC(C)Oc1ccc(-c2[nH]nc3ccc(C(=O)N[C@@H]4CCN(c5ncccn5)C4)cc23)cc1,-7.9,3.644178648738973,10_606
Cc1cc(=O)c(C(=O)N[C@H]2CN(Cc3ccsc3)C[C@@H]2CC(C)C)c[nH]1,-6.6,3.7369899483243234,10_607
COc1cc(C=C2C(=O)OC(C)(C)OC2=O)ccc1OCC(=O)N1CCOCC1,-6.5,3.2713185875091586,10_608
N#Cc1cccc(-c2ccc(-n3nnc(-c4ccccn4)n3)cc2)n1,-6.5,3.6377970112192894,10_609
CN(C)c1ncc(-c2cccc(C(=O)O)c2)cc1-c1cn(C)c2c3c(ccc12)CCCC3,-8.2,3.6463962057059147,10_610
Cc1noc(NS(=O)(=O)c2ccccc2-c2ccc(-c3ncco3)cc2CN(C(=O)C2CC2)C2CC2)c1C,-7.0,3.378420126113477,10_611
N=C(N)NC(=O)c1ccccc1Oc1ccccc1F,-7.0,3.5091405951952104,10_612
Cc1c[nH]c(C(=O)N(CC2CC2)C2CCCC2)c(Cl)c1=O,-6.6,3.5102006022066323,10_613
O=C(Cn1cc2nc3ccccc3c-2cc1-c1ccccc1)ON1CCOCC1,-7.1,3.530098175836863,10_614
O=C(Nc1ccccc1C(=O)NCc1ccc(C(=O)Nn2cnnc2)cc1)c1ccc(F)cc1,-7.7,3.5043898627539374,10_615
O=S1(=O)CC(c2cn3c(-c4c[nH]c5cc(F)ccc45)cnc3cn2)C=CC=CN1,-8.2,1.7852862321539593,10_616
CC(=O)OCC(=O)[C@@]1(O)CC[C@H]2[C@@H]3C[C@H](Cl)C4=CC(=O)C=C[C@]4(C)[C@@]3(F)[C@@H](O)C[C@@]21C,-7.2,3.0711034118044944,10_617
CC(C)NC(=O)[CH]CC[C@H](C)n1c(NC(=O)c2cccc(F)c2)nc2ccc(Cn3cccc3)cc21,-8.3,3.52398987954912,10_618
CC(=O)Nc1ccc(S(=O)(=O)NC(=O)c2cc3c(Nc4ccc([N+](=O)[O-])cc4)ccc([N+](=O)[O-])c3[nH]2)cc1,-8.6,3.012513161929184,10_619
COC=C1C=CC(S(=O)(=O)N(C)C[C@H]2Oc3ccc(NC(=O)c4ccncc4)cc3C(=O)N([C@@H](C)CO)C[C@H]2C)=C1,-5.8,1.4058584521747166,10_620
Cc1noc(/C=C/c2cc(-c3ccc(F)cc3O)ccc2C(=O)Nc2ccc3[nH]ccc3c2)n1,-8.7,3.3394640030582816,10_621
Cc1ccc(-c2nc3ccccc3c3c2Nc2ccccc2N3)o1,-8.5,3.5372489809282177,10_622
COC=CCC(C)=NC(=O)Cn1c(SCC(=O)Nc2ccc(F)cc2)nc2ccccc21,-6.5,3.5133182848099054,10_623
CCOC(=O)c1ccc(CN(C(=O)c2ccccc2)c2ccc3c(c2)OCO3)o1,-6.9,3.6719878875997303,10_624
CN(Cc1ccccc1)c1ccc(Nc2cn(CCCc3cc(C(F)(F)F)cc(-c4ccccc4F)n3)cn2)cc1,-7.6,3.206835735125985,10_625
CNC(=O)NC(=O)C(C)N(C)Cc1ccc(Cl)c(F)c1,-5.8,3.5695587681467673,10_626
COc1ccc(OC2CCN(C(=O)c3ccc4c(c3)COC4)CC2)cc1,-6.5,3.637829346853663,10_627
CCCc1c(COC(=O)c2cccc3ccccc23)c(=O)oc2cc3occ(C(C)(C)C)c3cc12,-7.7,3.307147446597993,10_628
N=C(N)NC(=O)c1nc(Cl)c(NCc2cccc(Br)c2)nc1N,-7.0,3.205189365033608,10_629
COC=CC=Cc1nc(Nc2cccc(-c3nc4ccccc4[nH]3)c2)c2ccccc2n1,-7.5,3.3139576296806545,10_630
CC(C)CC(C(=O)NCc1ccccc1)N1Cc2ccccc2C1=O,-6.7,3.6918919124068785,10_631
C[C@@H]1O[C@@H](O[C@H]2[CH]c3cc(O)ccc3CC[C@H]3C(=C2)CC[C@@H]2[C@H]3CC[C@]3(C)[C@H](O)[C@H](O)CC[C@@H]23)CO[C@H](O)[C@@H](O)[C@@H]1O,-9.4,0.4871197199288684,10_632
Fc1ccc(CN2CCC(Cc3ccccc3)CC2)cc1,-6.7,3.3562143971055844,10_633
C[C@H]1CN(C2CCN(c3ccccc3Cl)CC2)CCN1S(=O)(=O)c1ccc(Br)cc1,-7.1,3.5995941893613823,10_634
Cc1nc2ccccc2c(-c2ccccc2)c1C(=O)/C=C/c1ccc(Cl)cc1,-7.2,3.3078346707481674,10_635
COC(=O)C(C)OC1=C(C(C#N)C(=O)c2cnc3ccc(OC)cc3c2)c2cc(OC)ccc2C1=O,-6.8,3.408827997237892,10_636
CCCCCN(CCCCC)C(=O)Cc1c(-c2ccc(Cl)cc2)nc2c(Cl)cc(Cl)cn12,-6.4,3.4023089021524866,10_637
Cc1cc(C(=O)Cn2cnc3cc4c(cc32)OCCO4)c(C)n1-c1ccccc1,-7.4,3.615002150026731,10_638
CCn1c2c(c3cc(O)ccc31)CCc1cc(O)ccc1-2,-6.8,3.5834128869871726,10_639
O=C1CC(c2ccc3c(c2)OCO3)c2cc3c(cc2N1)OCO3,-7.4,3.5167495251223073,10_640
Cn1ccc(C(=O)Nc2cnn3ccc(N/N=C/c4ccc5ccccc5c4)nc23)n1,-6.9,3.3756254457788555,10_641
CC(C)(NS(C)(=O)=O)c1nc(-c2cn(CCCO)c3ccccc23)cs1,-6.3,3.7107176202773458,10_642
O=C(NC1CC1)c1csc(Oc2ccc3c(c2)CC[C@@H](c2ccccc2)O3)n1,-7.2,3.676063134651651,10_643
CS(=O)(=O)Nc1cccc(NC(=O)c2ccn(-c3cccc(CN)c3)n2)c1,-6.7,3.5924210926997597,10_644
COc1cccc(NC(=O)c2cccc(-n3c(O)ccc3O)c2)c1,-7.2,3.6965389349381077,10_645
C=Cc1cc2[nH]c(-c3ccoc3)nc2cn1,-6.5,3.634859461568933,10_646
CC=C1C=C([CH]C[C@@H]2Cc3c([nH]c4ccccc34)CN2C)N=C1C,-7.0,3.533770985865559,10_647
O=C(NCCc1ccccn1)[C]1CN=C[C@H]1CCC[CH]CC(F)(F)F,-6.6,3.5877155284551305,10_648
O=S(=O)(NCc1ccccc1)N1CCCc2ccc(Oc3cc(-c4nc(C5CC5)no4)cc(Cl)n3)cc21,-7.7,3.369461140155027,10_649
CN(CC(CC#N)n1cc(-c2ncnc3[nH]ccc23)cn1)C1CCN(C(=O)c2ccc(-c3cc4ccccc4s3)cc2)CC1,-6.1,3.2761997915200425,10_650
O=c1c2ccccc2oc2cc(-c3cc4ccccc4s3)c(O)cc12,-7.4,3.4708304428161183,10_651
CN(c1cccc2ccccc12)S(=O)(=O)c1cccc(C(=O)OCC(=O)NCc2ccco2)c1,-5.6,3.5815160501612526,10_652
CN(C)c1ccc(CNC(=O)C2CNC[C@@H]2c2ccc(C(F)(F)F)s2)cc1,-6.0,3.715612528077049,10_653
[NH]c1ccc(C2CCCCN2C(=O)c2ccccc2)cc1C(=NC=O)c1ccccc1,-6.9,3.502008369071735,10_655
Cc1cc(C(=O)NCc2ccnc(N3CCN(C)CC3)c2)c(C)o1,-6.4,3.7802225350981957,10_656
COC(=O)c1ccc(C)c(-c2ccc(Cn3cc(C(=O)O)c(=O)c4cccc(F)c43)cc2)c1,-7.5,3.6370280899452836,10_657
Cc1n[nH]c(C)c1S(=O)(=O)N1CCC(Oc2ccc(Cl)cn2)CC1,-6.3,3.7063268513422756,10_658
CN(C)/C=N/N=c1/c2ccccc2nc(-c2ccccc2)c2ccccc12,-7.4,2.4206333443733525,10_659
CC(C)N(C(=O)c1cnc(-c2ccc3ccccc3c2)nc1)c1cncc2ccccc12,-7.2,3.4977445490835466,10_660
CS1=C(C(=CC=CCN)CF)Nc2ccc(C3(c4ccccc4)CC3)nc21,-7.3,3.422531659889178,10_661
C[C@@H](NC(=O)Nc1ccccccccc1)C1=C(c2ccc3c(c2)OCO3)C2=CN=C1C2,-8.1,1.3574528714141456,10_662
COC(=O)c1ccc(-c2ccc(Nc3c4ccccc4nc4ccccc34)cc2)cc1,-7.2,3.2939422487931083,10_663
CC1CCC(Oc2ncc(-c3ccc(F)cc3)cn2)CC1,-6.2,3.6267915513729663,10_664
COc1ccc(-c2cc(-c3ccc4c(c3)OCO4)c3c(N)ncnn23)cc1OC,-7.5,3.6501940648374473,10_665
COc1ccc(-c2cc3c(c(OC)c2)OCCN(Cc2ccccc2)C3)cc1,-7.3,2.6682557445873707,10_666
C=CCC1=CC=C(OCC(C)c2cc(C(=O)c3ccc(-c4ccccc4)cc3)ccc2OCC)C1,-6.1,3.2428863080532757,10_667
Cc1cc(C)cc(C(=O)Nc2nc3n(C4CCCC4)cc-3c3ccccc3n2)c1,-8.9,2.552398751488644,10_668
O=CC1=CC(CCNc2nc(NCc3ccc(CNCCN4CCOCC4)cc3)cc(N3CCCCC3)n2)=CC1,-6.1,2.9812568356861675,10_669
CC(C=CCC#N)=NC(=O)c1cc(-c2ccc(F)c(F)c2F)nc2ccccc12,-8.4,3.6010470338936003,10_670
O=C(N/N=C/c1cccc(Cl)c1)C1CC1c1ccccc1F,-6.4,3.596892287027778,10_671
O=C(Nc1cccc(-c2cn3ccccc3n2)c1)c1ccccc1,-7.6,3.65243464188744,10_672
CS(=O)(=O)c1cccc(CN=c2nc(NC3CC3)n3ncc(=Cc4[nH]c(=O)[nH]c4O)c3n2)c1,-9.2,3.075394571955703,10_673
CCNC(=O)C=C1C=CC(c2cccc(CCC(C(=O)N(C)C(O)O)N(C)Cc3cccs3)c2)=C1,-6.2,3.4116125416809275,10_674
O=C(NCCc1ccccc1)c1ccc(/C=C/c2ccc3cccc(-c4cn[nH]c4)c3n2)cc1,-7.3,3.4365223239339207,10_675
Cc1ccccc1COc1ccc(S(=O)(=O)C2(CC(O)=NO)CCCCC2)cc1,-7.2,3.4241465643679065,10_676
O=C(O)CCCSc1ccc(-c2ccccc2)n1Cc1ccc(Cl)cc1,-6.5,3.556333800041579,10_677
O=C(Cn1nc2c(N3CCOCC3)nccn2c1=O)Nc1ccc(Oc2ccccc2)cc1,-8.0,3.5585720747229868,10_678
COc1ccc2c(c1)C(O)C(c1cc(Br)ccc1F)N=[N+]2[O-],-6.8,3.654666015500732,10_679
C=C/C=C\C1SCCSC1C(=O)OCC,-4.0,3.318292569899463,10_680
Cc1ccc(/C=C2\OC(=O)C(c3ccccc3)=C2c2ccc(S(C)(=O)=O)cc2)o1,-7.8,3.6556602248278756,10_681
COc1cccc(NC(=O)c2sc3nc4c(cc3c2N)CCCCC4)c1,-7.0,2.717171711611332,10_682
COC(=O)C1=C(C)N(Cc2ccccc2)C(NCc2ccccc2OCCCC(=O)O)=NC1O,-6.7,3.3561761285479834,10_683
COC(=O)C(C)(C)S(=O)(=O)C=CC=C(C)[C@@H](C)NC(=O)C=C1C=C(F)c2[nH]c(C3CC3)nc21,-6.3,2.1429765262033973,10_684
CCN(CC)c1ccc(/C=C2\SC(=S)N(Cc3cccc(C(F)(F)F)c3)C2=O)cc1,-6.2,3.516396050030407,10_685
O=C(Cc1ccsc1)N1CCC[C@H](CNc2nonc2Nc2ccc(N3CCOCC3)c(F)c2)C1,-7.1,3.439943178959486,10_686
Cc1ccc(C(=O)Oc2ccc(-c3ccc(F)cc3)cc2)cc1,-6.6,3.4384457043564876,10_687
O=C(CSc1nc2ccccc2c(=O)n1-c1ccccc1)NC1CCS(=O)(=O)C1,-7.2,3.5902841682038,10_688
NS(=O)(=O)Oc1ccc2c(c1)CN(C(=O)c1cccc(C(F)(F)F)c1Cl)CC2,-7.1,3.728055456911113,10_689
CC1(CC(=O)O)OCCc2c1[nH]c1c(Cl)cccc21,-5.9,3.603672086992109,10_690
CC(C)(C)OC(=O)NCC(=O)N[C@@H]1Cc2cc(-c3cccc(C(F)F)c3)ccc2[C]2C[C@H](O)C21,-8.8,3.5516002563846802,10_691
CCCCc1ccc2oc3nc(N)c(C(=O)O)cc3c(=O)c2c1,-6.5,3.6818152079386137,10_692
COc1cccc2c(O)c3c(c(O)c12)C(=O)C=C(C[C@](O)(C[CH]OC(C)=O)/C(C)=N/NC(=O)OCCc1ccccc1)C3=O,-6.0,2.7812144888452495,10_693
Cc1ccc(C)c(OCC(=O)O)c1,-4.6,3.45273378441154,10_694
CCON=Cc1ccc(NC(=O)Nc2cccc(Br)c2)cc1,-5.8,3.6206938329096428,10_695
O=C(c1c(O)cc(F)cc1F)N1CCn2cc(Cn3cccn3)nc2C1,-7.4,3.7006246630262023,10_696
N#Cc1cccc(F)c1C1CCN(C(=O)c2ccn(-c3nc(=O)c4cccn4[nH]3)c2)CC1,-7.4,3.6784848962572343,10_697
O=C(c1ccc(F)cc1)N(CC1=NC(c2ccc3c(c2)=NCC=3)N=C(c2ccccc2)N1)Cc1ccco1,-7.9,3.518232448500621,10_698
O=C(Nc1ccc2c(c1)OCO2)c1cccc(S(=O)(=O)Nc2ccc(F)cc2)c1,-7.6,3.718881820011927,10_699
N#CC1(c2ccccc2)CCN(CC(c2c(F)cccc2[N+](=O)[O-])N2CCNCC2)CC1,-6.7,3.5701634377454865,10_700
Nc1cccc(C(=O)O)c1NC(=O)c1ccccc1-c1ccccc1C(=O)O,-6.4,3.5166372507053407,10_701
C[C@@H](CO)NS(=O)(=O)c1ccccc1-c1ccc(C=C2SC=CC2=O)cc1,-6.5,3.6795311396331094,10_702
COCc1c(C(=O)NC2C=CC=COC2)cccc1-c1cncc(SC)n1,-6.9,2.7333717680314447,10_703
CC1C2Cc3ccc(O)cc3C1(c1ccccc1)CCN2Cc1ccccc1OC(F)(F)F,-8.5,3.55252326690307,10_704
O=C(Cc1ccccc1)N1N=C(c2ccc(Cl)cc2Cl)CC1(O)c1ccc(Cl)cc1,-7.2,3.695325872415623,10_705
O=CN(O)C1=CC=COCC=C1,-5.1,1.280022270960825,10_706
O=C(CN1CCN(c2ccccc2-c2ccc(-c3ccc4c(c3)OCO4)nn2)CC1)Nc1nnc(-c2cccnc2)o1,-8.7,3.192387528592335,10_707
O=C(c1ccc(F)cc1F)N1CCN(C(=O)c2cc(Cl)ccc2Cl)CC1,-7.3,3.635449778426401,10_708
Cc1ccccc1-c1nnc(-c2cc3cc(Br)ccc3[nH]2)o1,-6.6,3.650507214185331,10_709
O=C(O)C1CCCN(CCO/N=C/c2ccccc2-c2ccccc2-c2ccccc2)C1,-6.6,3.503830532983568,10_710
O=C(c1cccc(C(F)(F)F)c1)c1cc(-c2ccc(Br)cc2)c(C(=O)c2ccccc2)cc1O,-8.2,3.408732258187466,10_711
Cc1cccc(S(=O)(=O)NCc2ccc(C(=O)NNC(=O)OC(C)(C)C)cc2)c1,-6.6,3.605336579485611,10_712
CCOc1cc(CCN)cc(SC)c1OCC,-5.0,3.5463036731576487,10_713
CCN=C1c2c(nnc(-c3ccccc3Cl)c2C)C1C(=O)N(CC)CC,-5.8,3.7433584533221125,10_714
Cc1ccc(-c2cc(C(=O)N3CCCN(C4CCC4)CC3)no2)cc1,-6.8,2.663482955317134,10_715
O=C(CSc1nc2ccccc2c(=O)n1-c1ccccc1Cl)Nc1ccccc1Br,-7.5,3.559795368736736,10_716
CNC(=O)C=CCC(=N)c1c(C)nc2c(OCc3cccc(C#N)c3)cccn12,-6.2,3.602456867906708,10_717
COc1cc(O)c2oc3cc(O)ccc3c(=O)c2c1O,-6.5,3.427200538032441,10_718
CN(C)c1ccc(NC(=O)CSc2nnc(Cc3cccn3C)n2-c2ccc(F)cc2)cc1,-6.5,3.5960099921693054,10_719
NC(Cc1c[nH]c2ccccc12)C(=O)N1CCc2ccccc2C1,-7.4,3.635130117964093,10_720
O=C(Nc1cccc(C(F)(F)F)c1)c1cccc(-c2ccc3nc(NC(=O)c4cccs4)sc3c2)c1,-9.1,3.338150913511961,10_721
O=c1ccc2c(-c3cccnc3)cccc2n1-c1c(Cl)cccc1Cl,-6.3,3.568640255386957,10_722
O=CC1C(c2cccc(Cl)c2)N=c2oc3ccccc3c2=NN1c1ccccc1,-8.2,2.624305022530389,10_723
O=C1C(=Cc2ccccc2Br)Cc2cccc(O)c21,-7.2,3.5260786169293308,10_724
O=C(/C=C/c1ccccc1Cl)Nc1ccc(C(=O)NC2CCc3c([nH]c4ccc(Cl)cc34)C2NCc2ccccc2)cc1,-6.8,3.039535872833416,10_725
O=C(O)c1cccc2c1N=C(c1ccccc1)c1cc(Cl)ccc1-n1cccc1-2,-7.8,1.7559999914308446,10_726
O=c1cc(NCc2cccnc2)c2cccc(F)c2[nH]1,-6.5,3.6887356384672287,10_727
COc1ccccc1NS(=O)(=O)c1cc(NC(=O)c2ccc([N+](=O)[O-])cc2)ccc1N1CCOCC1,-6.4,3.3922300045616716,10_728
O=C(NCc1ccccn1)c1cc(NC(=O)c2cc(-c3ccccn3)c(Cl)cc2Cl)n(-c2ccccc2)n1,-8.1,3.313461611019367,10_729
Cc1ccc(S(=O)(=O)N2CCN(C(=O)COc3ccc(Cl)cc3C)CC2)cc1,-7.3,3.7390184908932045,10_730
Oc1ccc2nc(-c3ccc(O)c(O)c3)sc2c1,-6.3,3.5105370233065023,10_731
O=C(Cc1cnnn1Cc1ccccc1)NCc1ccc(F)cc1Cl,-6.9,3.7895500652927314,10_732
COc1ccc(Cn2cnc3ccc(Br)cc3c2=O)cc1,-6.0,3.714265194515392,10_733
COC1=CC=C(N(Cc2nc3ccccc3[nH]2)S(=O)(=O)c2ccccc2C)C1,-7.0,3.7846615363576683,10_734
CCOC(=O)c1c(CS(=O)(=O)c2ccccc2)oc2ccc(O)cc12,-6.3,3.7205181102996914,10_735
Cc1cccc(C2CC2NC(=O)Nc2ccc(F)cc2)n1,-6.1,3.6506077764565505,10_736
O=C(CCc1ccccc1Nc1ccccc1)N1CCOCC1,-7.0,3.7300000898359493,10_737
O=C(Nc1cccc(-c2cccc(-c3nc4cc(F)ccc4[nH]3)c2F)c1)c1ccccc1,-8.6,3.443853177840764,10_738
O=C(Cn1c(=O)n(-c2ccccc2)c(=O)c2c3c(sc21)CCCC3)c1ccccc1,-8.0,3.606859324276115,10_739
Cc1ccc(CC(C)C(=O)Nc2cc(C)c(C)cn2)cc1,-6.0,3.6538612611608423,10_740
COc1ccccc1NS(=O)(=O)c1ccc(C(=O)OCC(=O)Nc2ccc(OCC(C)C)cc2)cc1,-6.1,3.4542063281340267,10_741
O=C1NC(c2ccccc2)(C2CC2)C(=O)N1CCN1CCN(c2ccc(F)cc2)CC1,-7.3,3.511563842375938,10_742
COc1ccc(OC)c(-c2noc(C3CCN(C(=O)c4ccccc4OC)CC3)n2)c1,-7.1,3.6698466752954455,10_743
O=C(Nc1ccccc1)c1sc2c(c1C(=O)Nc1ccc(F)cn1)CCCC2,-7.7,3.7513691166787337,10_744
OC1(c2ccc3ccccc3c2)c2ccccc2C2=NCCN21,-7.6,3.5121068619091687,10_745
O=C(Nc1ccc(-c2nc(C(=O)Nc3cccc(CO)c3)co2)c(Cl)c1)c1ccc2c(c1)OCO2,-7.0,3.4535305475609883,10_746
O=C(c1ncc(CNCCO)s1)N1CCN(c2ccccc2O)CC1,-5.7,3.531600957181862,10_747
COc1cccc(N(C)C(=O)Cn2cc(-c3cccc(C#N)c3)c3cc(-c4cn[nH]c4)ccc32)c1,-7.4,3.548939379846702,10_748
Cc1cccc(-c2cccc(N3C[C@@H]4C[C@]4(C(=O)O)C3)n2)c1OCc1ccc2c(c1)CCN(CCOc1ccccc1)C2,-6.9,3.2119664104993246,10_749
CCOC(=O)c1nc(-c2ccc(Cl)cc2)nn1-c1c(Cl)cc(Cl)cc1Cl,-6.2,3.6139965670461507,10_750
O=C(O)COc1ccc(-c2cc(C(=O)O)cc(-c3ccc(Oc4ccccc4)cc3)c2)cc1,-7.3,3.4667102788454542,10_751
Cc1ccccc1N1CC(C(=O)N2CCC(C(=O)Nc3cccc(C)c3C)CC2)CC1=O,-7.6,3.6511948964922025,10_752
Nc1nc(=O)n(COC(COCn2cncn2)COP(=O)(O)O)cc1Br,-6.4,2.926536563001384,10_753
O=C(O)c1ccc(Nc2ncc3c(-c4ccccc4Cl)nc(C(F)(F)F)cc3n2)cc1,-7.6,3.626359491389924,10_754
O=C1CC(C(=O)Nc2cc(-c3cccc(OC(F)(F)F)c3)n(-c3cccc(O)c3)n2)CN1,-8.8,3.581417122334393,10_755
O=C(NC1CC1)c1cccc(-c2cnc3ccc(-c4cccc(C(F)(F)F)c4)nn23)c1,-8.0,3.6881904554700844,10_756
OCC#Cc1cn2c(-c3ccc(-c4cccc(O)c4)cc3)cnc2c(NC2CCCCC2)n1,-6.9,3.5060630012223166,10_757
CC(C)CC(Sc1ccccn1)c1ccc(S(N)(=O)=O)cc1,-6.6,3.753936066361186,10_758
O=C1c2cccc3cccc(c23)C(=O)N1c1cccc2cccnc12,-7.7,3.5124260986418654,10_759
C[C@@](O)(C#Cc1ccc2c(c1)-c1nc(C(N)=O)c(N3CCOCC3)n1CCO2)C1C=CC1,-6.9,2.386918632495532,10_760
COc1ccc2cc(C(=O)Nc3cccc(CCN(C)C)c3)ccc2c1,-6.6,3.70518165223149,10_761
CC(=O)Nc1ccc(Sc2ccccc2N=Nc2ccc3c(c2)-c2ccccc2C3)nc1,-7.5,3.5413549507157747,10_762
CC(C)(COc1ccon1)NC(=O)Nc1ccccc1-n1cnnn1,-6.6,3.563696839369429,10_763
CN1c2ccccc2C(=O)N2CCc3c([nH]c4ccc(NC(=O)CC5=NC6C=CNN6N5)cc34)C21,-8.3,3.1775742661540853,10_764
CC1=NCCN1c1cc([C@H]2C[C@@H]2c2nc3ccccc3n2C)nc(N2CCC(CN)CC2)n1,-7.9,3.4926821835638404,10_765
CC(C)N(C)C1[CH]CC[C@H](Nc2c(C(C)(C)C)cnc3cc(-c4cccc(S(C)(=O)=O)c4)ccc23)C1,-7.0,3.5980573175780783,10_766
Cc1ccc(NC(=O)c2cc(-c3cc4cccc(Cl)c4oc3=O)on2)c(C)c1,-7.6,3.6512684137492126,10_767
CC(C)NCc1cncc(-c2cnc3[nH]nc(-c4nc5cc(N6CCC(O)CC6)ccc5[nH]4)c3c2)c1,-8.7,3.325516866878473,10_768
O=C(Nc1ccc(Cl)cc1F)c1cc2ccccc2o1,-6.6,3.666751190050019,10_769
O=C(c1ccccc1)N1CCN(c2cccc(C(F)(F)F)c2)CC1,-7.1,3.606209088279128,10_770
O=C(NCC(=O)N(Cc1ccco1)C(C(=O)NC1CCCC1)c1cccnc1)c1ccco1,-6.8,3.622714043604886,10_771
CN1CCN(CC(=O)Nc2cc(-c3ccccc3)nc(C3=CC=CCC3)n2)CC1,-7.7,3.6900443575569115,10_772
COc1cc2c(Oc3ccc(NC(=O)c4cc(-c5ccc(C)cc5)nc5ccccc45)cc3F)ccnc2cc1OCCCN1CCCC1,-6.3,3.042482028814971,10_773
COC=CC=CC(=O)C=C(CN(C)Cc1cc2cc(OC)c(OC)cc2cc1OS(C)=O)C(=O)/C=C/c1ccc(N(C)C)cc1,-5.6,3.0505417639649677,10_774
O=C(Cc1c[nH]c2ccccc12)NCCCCN1c2ccccc2CCc2ccccc21,-7.2,2.461909212390537,10_775
COC=CC(Nc1nc2c(C)cccn2c(=O)c1C=C(C#N)C#N)C(=COC)OC,-6.0,3.493821380398031,10_776
O=C(Nc1ccc2oc(-c3ccccc3Br)nc2c1)c1ccc(F)cc1,-7.0,3.6598764616121984,10_777
COc1cccc(-n2cc(-c3ccc(Sc4cc(=O)c5ccccc5[nH]4)cc3)nn2)c1,-7.4,3.5794005411106955,10_778
c1cc(-c2ccc3[nH]nc(-c4cc5c(cn4)CCC5)c3c2)cs1,-8.6,3.614242795665872,10_779
CCC1(CC)C(=O)C(C)CC(=O)c2c1oc(-c1ccc(OC(=O)/C=C/c3ccccc3)c3ccccc13)cc2=O,-9.0,2.1510577426253894,10_780
O=C(NCCc1ccccc1)Nc1cccc(Br)c1,-5.8,3.555234265869231,10_781
CC(C)c1cc(C(=O)NCC(=O)Nc2ccc(C(C)C)c([N+](=O)[O-])c2)c(O)cc1O,-6.3,3.394153455694589,10_782
O=C1CCc2ccc(-c3cc(=O)c4ccccc4[nH]3)cc21,-8.1,3.565751921714436,10_783
COc1ccc(N2CCN(c3ncccn3)CC2)cc1Nc1nccc(-c2cn(C)c3ccccc23)n1,-7.8,3.4618255796183015,10_784
CCCCCCCCCC(=O)Oc1coc2cc(O)cc(O)c2c1=O,-5.4,3.571244218915126,10_785
CCOC(=O)C1=c2nc(N)c3ccccc3c2=C(C#N)C1=O,-6.0,3.5640701133751698,10_786
CNS(=O)(=O)c1cccc(-c2nnc3ccc(-c4ccc(F)cc4)cn23)c1,-8.3,3.714331829763169,10_787
O=C(c1ccccc1F)N1CCN(C2c3ccccc3-c3ccccc32)CC1,-8.3,3.443936178858332,10_788
O=C(CSc1nc(-c2ccccc2)c(-c2ccccc2)[nH]1)NC1CC1,-6.5,3.6753801712567005,10_789
C=C1C[C@@H]2CC[C]C[CH]O[CH]C(C)O[C@H]3CC[C@@H](C[CH]O[C](C)C3)CC(=O)O[CH][C@@H](O[C@H]3C[C@H](OC)[C@@H](O)[C@@H](C)O3)C[C@H]3O[C@@H](CC[C@@H]1O2)C[C@@H](C)C3=C,-7.3,1.1174934266788066,10_790
COc1ccc(NC(=O)N2CCC(c3nc(-c4cccc(C(F)(F)F)c4)c[nH]3)CC2)cc1,-7.2,3.6974700746627875,10_791
N#CC=CC=CC(=O)[C@@]1(c2cccc(-c3ccccc3Cl)c2)CC=CC(=N)N1,-6.5,3.4913891724779402,10_792
O=C(O)CCc1nc(-c2ccc(Cl)c(Cl)c2)c(-c2ccccc2)o1,-6.9,3.747372904147894,10_793
CC(=O)Nc1ccc(N2C(=O)c3ccc(C)cc3C2=O)cc1,-6.9,3.662807570251082,10_794
COC=CC=C(C)c1cnc(N)c(-n2cc(C(F)(F)F)c(C)n2)n1,-6.9,3.639363880852019,10_795
O=C(O)C[C@H](NC(=O)c1cccc(-c2ccccc2Cl)n1)c1cccc(Cl)c1,-7.3,3.7016228013561827,10_796
C=COC(=CC=CC(Cl)=CC=COC)[C@H]1CN(c2nc(-c3ccncc3F)cc(=O)n2C)CCO1,-6.5,3.448425595138625,10_797
CC(C)n1cnc(=N)c2[nH]cnc21,-5.3,3.4129087778729446,10_798
CN1C(=O)N=C(C=CC2=CC(=CN3C[C@@H]4C[C@H]3CN4C)C=N2)NC=C1c1cccc(OC(F)F)c1,-6.9,2.4020049596240485,10_799
O=[N+]([O-])c1ccc(CNN=Cc2ccccc2-c2ccccc2)cc1,-7.0,3.5964977848069686,10_800
COc1ccc(-c2nnn(CC(=O)Nc3ccc(F)cc3)n2)cc1O,-7.9,3.6521438005697764,10_801
Cc1ccccc1Cn1c(=O)n(-c2cnn(Cc3cccc(F)c3F)c2)c(=O)c2ccccc21,-8.2,3.5401056133594078,10_802
COc1cc2c(cc1OC)C(c1ccccc1Cl)CC(=O)N2,-5.8,3.7345374582327655,10_803
N#Cc1ccccc1-c1cc(-c2ccccc2)cn(-c2ccccc2)c1=O,-7.9,3.5468741812040077,10_804
CC=C1C=CC(S(=O)(=O)N=C(NCc2ccccc2C#Cc2ccccc2)c2ccc(CC(C)C)cc2)=C1,-6.8,3.308584286687023,10_805
O=C(c1ccc(C[S+]([O-])c2ccc(Cl)c(Cl)c2)cc1)N1CCC(N2CCCCC2)CC1,-6.9,3.5003462588275704,10_806
O=C(O)CC(c1ccc2ccccc2c1)C1CCN(C(=O)/C=C/c2ccc3c(c2)OCO3)CC1,-7.5,3.569865367836118,10_807
CN(C)c1ccc(/C=C\c2cc(Cl)ccc2[N+](=O)[O-])cc1,-5.6,3.5066139096036166,10_808
CCCN1C(NCc2ccccc2Cl)=NS(=O)(=O)c2ccccc21,-6.5,3.7831097449251048,10_809
Cc1cccc(OCc2nnc(SCC(N)=O)n2Cc2ccccc2)c1Cl,-6.5,3.685510996754694,10_810
Cn1cc(Nc2ncc(Cl)c(-c3ccccc3NS(=O)(=O)C3CCCC3)n2)cn1,-7.3,3.655842321083511,10_811
COc1ccc(S(=O)(=O)C(CCS(=O)(=O)c2ccc(C)cc2)c2cnccn2)cc1,-7.3,3.6442634839720176,10_812
C=CC(=O)Nc1cc2c(Nc3ccc(Br)cc3F)ncnc2cc1OCCNC(=O)COC,-7.7,3.3606543920504928,10_813
O=C(CN1C(=O)C(N2C(=O)c3ccccc3C2=O)Cc2ccccc21)Nc1nncs1,-8.1,3.53697512149175,10_814
CC(C)C(NC(=O)OCc1ccccc1)C(=O)c1ccccc1,-6.1,3.69566488739061,10_815
COc1ccc(Cl)cc1NC(=O)CSc1nc2ccc(NC(=O)c3ccc(Cl)cc3Cl)cc2s1,-7.1,3.4200354068599257,10_816
CCn1c(Oc2ccccc2C)nc2c1c(=O)n(C)c(=O)n2C,-6.9,3.6794064308417322,10_817
O=C(/C=C/CCc1ccccc1)Nc1ccc(Cl)cc1,-6.2,3.4666547272272794,10_818
CCC(=CC=COCC1=CC=CC1)c1nc2ccc(C=NNC(=O)CCC=O)cc2o1,-6.4,3.2206933577494867,10_819
CNc1cncc(-c2cc3c(cn2)cnn3-c2cccc(N3CCCNCC3)n2)n1,-8.2,2.572805380613528,10_820
O=C(NC(Cc1ccc(-c2cccs2)cc1)C(=O)O)OCc1ccccc1,-5.9,3.721234875541306,10_821
O=C(NC1CC1)C1CN(CCN2CCOCC2)CCO1,-5.5,3.181466603773113,10_822
C=CC(=CC=COC)C(=NNC(=O)c1ccc(C(=O)NN=Cc2ccc(O)c(OC)c2)cc1)c1ccccc1,-7.0,3.1100577712965896,10_823
Cc1ccc(S(=O)(=O)N2CCN(C(=O)N3CCOCC3)C2C)cc1C,-7.2,3.4814650700111844,10_824
CN(C(=O)NC(Cc1c[nH]c2ccccc12)C(=O)N[C@H](COC(=O)c1ccccc1)Cc1ccccc1)c1ccccc1,-6.6,3.165648711320368,10_825
COC(CNC(=O)c1cccnc1Oc1cccc(C(F)(F)F)c1)OC,-6.5,3.684597910756613,10_826
O=C(Cn1c2ccccc2c(=O)c2cc(Cl)ccc21)Nc1cccc(Cl)c1,-7.4,3.6082740628737584,10_827
Cc1nc2cc(Br)cnc2n1-c1ccc(Nc2ccccc2)cc1,-7.0,3.662599117415307,10_828
O=C1/C(=N/c2cccc(-c3ccco3)c2)c2cccc3c2N1CCN3c1ccccc1,-7.3,3.479252621238831,10_829
Cc1c(-c2ccc(-c3ccc(C(=O)O)cc3)cc2)c2ccccc2n1CC(=O)O,-7.5,3.6153336539524696,10_830
CC=CC=C1C=C(C=N)C(=CC=CC(F)(F)F)[C@@](c2cc(F)cc(OC(F)F)c2)(c2cccc(C(C)(C)C#N)c2)C(=O)NS1(=O)=O,-7.3,1.4193436164395319,10_831
COc1ccc(S(=O)(=O)N2CCCCCC2)cc1C(=O)N1CCCc2ccccc21,-7.6,2.6788913827844096,10_832
COc1ccccc1C(C(=O)CC(=O)C(=O)O)[C@@H]1CC[C@H](c2ccccc2)N1,-6.4,3.601555264941675,10_833
Cc1cc(=O)oc2cc(OCC(=O)NN3C(=O)CSC3c3ccco3)ccc12,-7.0,3.672620983425443,10_834
CC(=S)N1CCC(c2cccc(CO)c2)CC1,-5.5,3.402187563578643,10_835
O=C(NC[C@@H]1C[C@H](c2ccccn2)CO1)c1cn2c3c(cccc13)OC[C@H]2CC1CCC1,-7.5,3.523823568010208,10_836
CC(C)(Cc1ccc(C(=O)Oc2ccc(C(=N)N)cc2F)s1)C(=O)Nc1cccc2c([N+](=O)[O-])cccc12,-6.9,2.907773802775283,10_837
CC(C)Nc1cncc(-c2ccc3[nH]nc(-c4cc5c(-c6ccccc6F)nccc5[nH]4)c3c2)c1,-9.4,3.408077160268231,10_838
CCCCC(CC)COC(=O)c1cnc(Cl)cn1,-5.2,3.5165495130007622,10_839
CC[C@H](C)C(C=O)NC(=O)[CH]Cc1ccc(O)c(CNC(=O)c2cccc(CNC(=O)C(C)NC(=O)C(N)C3CCCN3C)c2)c1,-6.4,2.8564510847917304,10_840
CC1N=c2[nH]nc(CN3CC4(CC(c5cc6ccc(F)cc6[nH]5)=NO4)C3=O)c2=CO1,-8.3,3.386219230094174,10_841
COc1cccc(-c2cc3cccc(C)c3nc2Cl)c1OCCN1CCC(Cc2ccccc2)CC1,-7.5,3.3501257909648006,10_842
O=c1ccn(C/C=C/c2ccsc2)c(=O)[nH]1,-5.6,3.64183192907254,10_843
Cc1cc(O)c2c(c1)[C@H](c1c3cccc(O)c3c(O)c3c(O)cc(C)cc13)/C=C\CC(C)CO2,-7.3,1.03764047637023,10_844
O=S(=O)(Nc1nccs1)c1ccc2c(c1)OCCN2c1ccc(C(F)(F)F)cc1C1=CCNCC1,-7.1,3.5176300516184953,10_845
CON=C(C[S+]([O-])c1ccc(Cl)cc1)NCc1ccccc1C(c1ccccc1)c1ccccc1,-6.7,3.081091871188061,10_846
CC1C(C=Cc2ccc(C(=N)NCc3ccccc3)nc2)=CC=CC2=C1C=COC(C(C)(C)C=O)C2C,-7.5,2.3178427594098556,10_847
COc1cc2c(Oc3c(F)cc(NC(=O)c4cccc(-c5ccccc5)c4F)cc3F)ccnc2cc1OCCCN1CCCC1,-7.6,3.1455634314820298,10_848
Cc1cc2c(cc1C(=O)NC1CCCO1)Oc1ccccc1N2C(=O)c1cccs1,-6.6,3.670997621753404,10_849
CC1(C)Cc2c(sc(NC(=O)c3ccccc3)c2C=O)OCO1,-6.2,2.747346204003919,10_850
CC1(C(=O)NC(C)(C)C(=O)NCc2ccc(-c3ccco3)cc2)CCCCC1,-6.9,3.681470159632412,10_851
O=C(Nc1ccc(O[C@@H]2CCNC2)c(-c2ccc(F)cc2)c1)c1ccc(-c2ccccc2)cc1,-7.5,3.5216440344873066,10_852
COc1ccc(C(=O)NN=C(C)c2ccc(Cl)c(Cl)c2)cc1OC,-6.0,3.6844633726958285,10_853
O=C1CCc2cc(Nc3ccccc3)ccc2N1CC1CCNCC1,-6.7,3.6033173219837886,10_854
Cc1c(/N=C/c2cn(C)c3ccccc23)c(=O)n(-c2ccccc2)n1C,-6.5,3.6053671370463602,10_855
O=c1[nH]c(=S)[nH]c(O)c1C1c2ccccc2-c2ccccc21,-6.7,3.5250363263252877,10_856
CC(C)=CC(=O)OC1=CC2=CCCC/C=C(\C)CCC[C@](C)(O)[C@@H]2OC1=O,-7.1,1.3051633251658896,10_857
O=C(Nc1ccccc1F)c1nnc(COc2cccc(C(F)(F)F)c2)n1-c1ccccc1,-7.8,3.604627968249589,10_858
NC(=O)c1cc(NC(=O)Nc2ccccc2Cl)ccc1NCc1ccccc1,-7.8,3.5581826833835253,10_859
O=C(CSc1nc2ccccc2s1)Nc1ccc2ccccc2c1,-6.4,3.637904282537979,10_860
CCC(CC(=O)O)c1ccc(-c2c(O)ccc3[nH]c(=O)c4sccc4c23)cc1,-6.5,3.581451956157283,10_861
COc1cc(/C=C/C(=O)c2ccccc2OC(=O)NC(C)C)ccc1OCCCNC(=O)Nc1ccc(OC(F)(F)F)cc1,-5.1,3.025418979234822,10_862
O=C(C1CCCN(S(=O)(=O)c2cccc3nonc23)C1)N1CCC(Cc2ccccc2)CC1,-7.5,3.5917404186297324,10_863
Cc1cccc(-c2c(C)c(-c3ccc4c(c3)OCO4)nn2Cc2ccccc2)c1,-7.4,3.573569370075343,10_864
CN(Cc1nc(-c2cc(Br)ccc2F)c[nH]1)c1ncc(C(=O)Nc2ccc(-c3ncc[nH]3)cc2)cn1,-6.3,3.3360052184838125,10_865
O=C(NC(CCCCNC(=O)c1ccc(I)cc1)C(=O)O)NC(CC1CCCCC1)C(=O)NCc1ccccc1,-6.6,3.004418875033268,10_866
Cc1cc(NS(=O)(=O)c2ccc(N=Nc3ccc(Nc4ccccc4)cc3)cc2)no1,-7.1,3.474050758517558,10_867
O=C(Nc1cccc(-c2nc3ccccc3[nH]2)c1)C1CCCN1c1nc2ccccc2[nH]1,-8.3,3.4950397219155436,10_868
C#C[C@H]1CC[C@@H](CNC(=S)C(NC(=O)C(CC(=O)O)NC(=O)c2ccccc2)c2ccc(O)cc2)C1,-6.6,3.21475092791524,10_869
[N]=C1N=C(c2cccc(-c3cccc(C(=O)Nc4ccccc4C(F)(F)F)c3)c2)N=CC(=NC=C2CC=CNC(=O)CCN3CCCCC3C=C2F)N2CCOCC12,-8.2,0.9329923579249924,10_870
Cc1nc2cnccc2n1Cc1ccc(C(=O)c2ccc(C(=O)Nc3ccccc3C(=O)O)cc2)cc1,-6.8,3.3830274093278674,10_871
Cc1c(C(=O)N2CCCC(Cn3cc(CO)nn3)C2)cnn1-c1nc(=O)c2cccn2[nH]1,-7.3,3.3151903943441967,10_872
CN1c2ccccc2N=C(c2ccc(C(N)=O)cc2)c2ccccc21,-8.0,2.736191609564138,10_873
COc1ccc(-c2c3c(nc4oc(-c5ccccc5)c(Br)c24)OCOC3(C)C)cc1,-6.9,3.570769584182793,10_874
O=C1CN(Cc2ccccc2)CC2(CCN(C(=O)c3ccco3)CC2)O1,-7.0,3.588210025306449,10_875
O=C(NCCc1ccccc1)c1n[nH]c(=O)c2ccccc12,-7.1,3.6996143124067036,10_876
CC(O)(CSc1ccc(S(F)(F)(F)(F)F)cc1)C(=O)Nc1ccc(S(F)(F)(F)(F)F)cc1,-6.3,3.2940233471519687,10_877
Oc1ccc(-c2cc(-c3ccc(F)cc3)nc3c2Cc2cccc(O)c2-3)cc1,-8.2,3.5382346254688546,10_878
O=c1cc(-c2cccc(Cl)c2)[nH]c2ccccc12,-7.1,3.450330854541807,10_879
COc1ccc(-c2nc(Cn3cnc(C)c3)co2)cc1,-5.9,3.7234575151041094,10_880
C[C@H](O)c1nc2cc(N3CCN(c4ccc(F)cc4F)CC3)c(N3CCNCC3)cc2[nH]1,-7.5,3.556575703991082,10_881
O=C(O)c1cccc(Nc2cc([N+](=O)[O-])cc(C(F)(F)F)c2-c2ccccc2)c1,-7.6,3.59240397256346,10_882
CN(C)Cc1ccc(NC(=O)Nc2nc3ccccc3n2CC(=O)Nc2cccc(-c3ccco3)c2)cc1,-7.4,3.3337820879938813,10_883
Cn1ncc2c(NCc3ccccc3)nc(Nc3ccccc3F)nc21,-7.4,3.6946190490756363,10_884
O=C(Nc1c(O)c2ccc(O)cc2oc1=O)c1cc(-c2ccccc2)nc2ccccc12,-8.5,3.404502765786842,10_885
O=c1c2sccc2nc(-c2cccc(OC(F)F)c2)n1CCc1ccccc1,-7.2,3.6556699863041393,10_886
Cc1ccc(OCC(=O)Nc2ccc(N3CCCC3)c(C#N)c2)c(C)c1,-6.3,3.790756612173009,10_887
O=C(CCc1ccccc1)c1ccc(OCC2=NCCO2)cc1,-6.4,3.628721853113243,10_888
Cc1cc(C)c(Cn2c(=O)[nH]c3cc(C(=O)O)ccc32)c(C)c1,-6.5,3.7259879769078794,10_889
CS(=O)(=O)Nc1ccc(-c2ccnc(Nc3ccc(OCCCN4CCOCC4)cc3)n2)cc1,-6.4,3.484473055026826,10_891
O=C(Nc1cccc(F)c1)Nc1nc(C(F)(F)F)ccc1-c1nn[nH]n1,-8.2,3.470849890377809,10_892
C=C1C(C=CN2C(=O)CC(C)Cc3ccccc3S2(=O)=O)=COC(C)=C1C(F)(F)F,-7.5,1.6859033848318221,10_893
CN(C)S(=O)(=O)N1C=C2/C=C(\NC(=O)c3ccccc3Cl)C(=O)N3CCN(c4ccccc4)CC3CC1=CC=CC2,-6.8,1.3087231964381312,10_894
COc1cccc(Nc2nc(-c3nccc4ccccc34)c[nH]c2=O)c1,-8.0,3.695520237113805,10_895
O=C(NCCC1=CCCCC1)c1ccc(COc2cc(Cl)ccc2Cl)o1,-6.4,3.6379725651498327,10_896
COc1cccc(COc2ccc(C(F)(F)F)cc2Cl)c1,-6.3,3.5987981264139988,10_897
O=c1c2ccccc2[nH]c2c(F)c(F)cc(F)c12,-6.8,3.3156494247938952,10_898
Cc1ccc(N=C2N=C(N)c3cc(OCc4ccc(C(=O)O)cc4)ccc32)cc1,-7.4,3.7083053398082217,10_899
CCCC(=NC(=O)c1ccc2cc(NC(=O)CCN3CCCCC3)ccc2c1)C(=O)NC=CCC=CCC(=O)O,-6.9,3.2295442968637054,10_900
CC(C)(C)C=C1C(C#N)=Cc2nc(-c3ccc(C(=O)NC4CCCC(C(=O)N5CCOCC5)C4)cc3)oc21,-8.7,3.4419535147999953,10_901
COC=C1C=C(C(=O)c2ccccc2C(=O)O)C=C(N(c2ccccc2)c2ccccc2)C=C1C=COCc1ccccc1,-7.5,2.203693763067177,10_902
Cc1ccc(-c2ncc(C(=O)NCCOc3ccccc3)c(-n3cccn3)n2)c(C)c1,-7.0,3.6307176453298746,10_903
Nc1cc(-c2nc3cnccn3c2NCc2ccc(-c3ccc4oc(CO)nc4c3)cc2)ccc1F,-7.9,3.2934861310777506,10_904
N#Cc1ccc(Nc2nccc(Nc3ccccc3C(N)=O)n2)cc1,-6.8,3.6475738681069734,10_905
CC(=O)N1[CH][C@@H](N(C)C=O)[C@H](C(C)C)O[C@H]1c1ccc(F)cc1,-6.2,3.5591598298371094,10_906
C/C(=C\c1ccco1)CNCCc1cnc(Nc2ccccc2)nc1,-6.3,3.6720202334226113,10_907
C=C(F)C1=C(C=CN2C[CH]C(NC(C)=O)OC2=O)[SH](C(C)(C)C)C=CN1,-6.0,3.3841104976072183,10_908
CCN1C(C)CN2C(=O)c3cc4cc(OC)ccc4c(=O)n3C[C@H]21,-6.2,3.607658320516113,10_909
CNC(=O)CC(=Nc1cc(=O)n(Cc2ncccc2C#N)cn1)Nc1ccc(Br)cc1F,-7.3,3.4908721277823718,10_910
CC(C)C[C@H](CN([CH]C(=O)N(C)C)[C@@H](C)CNC(=O)N(C)CC1C=CCC(C)C=N1)NC(=O)c1cc(NC(=O)Nc2ccccc2)cc(C(=O)NCC(O)CO)c1,-6.0,1.6624159263408975,10_911
Cc1nnc(-c2cccc(CNC(=O)c3c4ccccc4nc4ccccc34)c2)o1,-8.0,3.5509283581936235,10_912
COc1cc(-c2nc(=O)c3ccccc3[nH]2)ccc1OCCCCCOc1ccc(-c2ncccn2)cc1,-6.0,3.3084957656876464,10_913
Cc1cc(O)c2c(Oc3cc(Cl)cc(CC(=O)O)c3)cc(=O)oc2c1,-6.9,3.689958251133705,10_914
O=C(Nc1ccc(Br)cc1)c1cccc(C(F)(F)F)c1,-6.3,3.53936294675614,10_915
COc1ccc(N=CC2C[C@@H](F)CN2C=O)cc1OCC=C1N=NN1CCCCCCOc1ccc2c(c1)CC[C@@H]1[C@@H]2CC[C@]2(C)[C@@H](O)CC[C@@H]12,-6.1,2.5916779323801404,10_916
CC(C)(C)NC(=O)N1CCC[C@@H]1Cn1nc(-c2cccc(-c3cccc(NC(=O)c4ccccc4F)c3)c2)nc1N,-8.5,3.406503698817783,10_917
CCCCS(=O)(=O)c1ccccc1Nc1nc(Nc2ccc(-c3ccc(OC4CCC4)c(OC)c3)cc2OC)ncc1Cl,-5.7,3.125803928737141,10_918
O=C(NC(=S)N1CCNC1=S)c1ccccc1OCc1ccccc1,-6.5,3.685647444751062,10_919
Nc1ccc(Cl)cc1-c1ccc(-c2cccc(Cl)c2)o1,-7.1,3.5774522868775893,10_920
O=C1N=c2ccc(-c3cnccc3-c3cccc(CO)c3)cc2=C1C(c1ccccc1)c1nc2ccccc2[nH]1,-7.6,3.401045567323208,10_921
Cn1c(SCCCN2CCOC(c3cccc(C(F)(F)F)c3)C2)nnc1-c1ccncc1,-7.3,3.5492869704219823,10_922
CC(C(=O)NCc1ccc(C(F)(F)F)nc1-c1ccc(C(C)(C)C)cc1)c1ccc(NS(C)(=O)=O)c(F)c1,-7.4,3.5278014043481676,10_923
O=C(COc1ccc(-c2nc3ccccc3n2Cc2ccccc2)cc1)N[C@@H](CO)Cc1ccccc1,-6.6,3.4174464015841295,10_924
O=C(Nc1nc2c(ccc3onc(-c4ccccc4[N+](=O)[O-])c32)s1)c1ccccc1,-7.4,3.4354429583100075,10_925
CC(C)CC(NC(=O)c1ccc(-c2ccc(C(=O)O)cc2)cc1)c1cccc(OC(F)F)c1,-7.4,3.594680740776485,10_926
CSCCC(C=O)NC(=O)C(Cc1ccc(OP(=O)(O)O)cc1)NC(=O)OCc1ccccc1C,-6.2,3.1380679616244698,10_927
C[C@@]1(COC(=O)C(Cl)Cl)CCC[C@@]2(C)C3CC[C@@H](O)C[C]3CC[C@H]12,-5.9,3.164632949903512,10_928
O=S(=O)(c1cc(Cl)c2oc3c(c2c1)CNCC3)c1ccccc1F,-7.9,3.7459527782455897,10_929
O=C1NCN=C(NCCC(=O)N2CCN(c3ccccc3)CC2)C(=O)c2ccccc21,-7.0,1.7497730819191566,10_930
Cc1ccc(C(=O)Nc2ccc(CN3CCN(C)CC3)c(C(F)(F)F)c2)cc1Oc1nc(-c2ccncc2)nc2c1cnn2C,-7.8,3.2480640856766123,10_931
O=C(Nc1nc(-c2ccccn2)cs1)c1ccc(S(=O)(=O)N2CCOCC2)cc1,-6.7,3.6841272522611432,10_932
CC=CC(=CC=N)C(F)(F)CNc1cc(Cl)c(-c2ccc3ccn(Cc4cccc(C(=O)O)c4)c3c2)cc1F,-7.4,3.1910058458959254,10_934
c1ccc(NNc2ccnc(Nc3ccc(-c4ccccc4)cc3)n2)cc1,-7.5,3.5229086918090218,10_935
O=C1/C(=C/c2ccc(F)cc2)COc2cc(O)ccc21,-6.5,3.5827363580661142,10_936
COC=CC(C(=O)c1c(-c2ccco2)[nH]c2ccccc12)C(=COC)OC,-6.0,3.624894241737725,10_937
COc1cccc(C(=O)N2CCC(Cc3ccccc3)(Nc3cccc(C(F)(F)F)c3)C(=O)C2)c1,-7.9,3.7062099436183513,10_938
CCc1c(C(=O)NC)cc(C(=O)Nc2ccc(C)c(S(=O)(=O)N3CCOCC3)c2)n(C)c1=O,-7.0,3.556200123380944,10_939
COC1=CC=C(Cn2cnc(-c3cc(-c4[nH]nnc4C(F)(F)F)ccn3)c2C)C1F,-7.6,3.681867282621282,10_940
O=C(Nc1cc(-c2ccccc2Cl)nnc1-c1ccco1)c1ccc(-c2ccc(Cl)cc2)o1,-7.9,3.5282865870954865,10_941
N=CNOC=C1C=CC(n2nc(C(F)(F)F)cc2C(=O)Nc2ccc(-c3ccccc3CN3CCCC3)cc2F)=C1,-8.3,2.9063229992548294,10_942
COC=CC=CC#CN1CCN(/N=C\c2ccccc2)CC1,-4.6,3.3120402863755016,10_943
NC(=O)CCNC(=O)c1cccc(CNc2ncnc3c(C(N)=O)cccc23)c1,-7.3,3.4116070380050942,10_944
C=CCn1c(=O)c(C(=O)NNC(=O)c2cc(OC)ccc2Cl)c(O)c2ccccc21,-6.4,3.514479731398376,10_945
CN(c1ccc(Cl)cc1)c1nnc2c3ccccc3c(=O)n-2nc1-c1ccccc1,-7.3,2.630074325977395,10_946
CCNc1[nH]nc2cc(NC(=O)N[C@H](C)c3ccc(F)c(Cl)c3)ncc12,-7.4,3.567332462079298,10_947
COC=CC(=O)/C=C/C(=O)COC1=C(c2ccc3ccccc3c2)Oc2cc(OC)c(OC)cc2C1,-6.6,3.433698820140698,10_948
CC(C)c1ccc2c(c1OC(=O)c1ccc([N+](=O)[O-])cc1)c(=O)oc1cc(O)ccc12,-7.1,3.2009950491667087,10_949
Cc1nnc(-c2nn(C)cc2C(=O)CC(C=N)=Nc2ccc(Cc3ccccc3)cc2)o1,-6.8,3.4901629019176337,10_950
COc1ccc(C(=O)N(C)Cc2cccnc2)cc1-c1ccc(-c2cnc(N)c(C)n2)cc1,-7.7,3.665808977346009,10_951
O=C(Nc1ccc(-c2cccc3c2CNC3=O)cc1)c1cc(Cl)ccc1NS(=O)(=O)c1ccc(Cl)c([N+](=O)[O-])c1,-8.3,3.1129350856642906,10_952
COc1ccc(NC(=O)Cc2coc3cc(C)ccc3c2=O)cc1Cl,-7.1,3.8170544064639076,10_953
CO[C@@]12C(COC(N)=O)C3=C(C(=O)C(Br)=C(N)C3=O)N1C[C@H]1[C@@H]2N1C,-6.1,2.856737017130109,10_954
Cc1cc2c(cc1Cl)N(C(=O)Nc1ccc(-c3ccc(Cl)cc3Cl)cc1)CC2,-6.8,3.4573086255838903,10_955
CCc1ccc([C@@H]2C[C@@H](SCc3ccccc3)C(C(=O)O)CN2S(=O)(=O)c2ccccc2)cc1,-7.5,3.6714263322314737,10_956
Cc1ccc(C=Nc2nnc(Cc3ccc(-c4ccccc4C(=O)O)o3)o2)cc1,-6.8,3.631677900950828,10_957
CN1CCC(N(C(=O)c2ccccc2)c2ccc(Cl)s2)CC1,-6.6,3.6354978038737285,10_958
O=C(NN=Cc1cc(Cl)cc(Cl)c1O)c1ccc2c(c1)OCCO2,-6.4,3.624818741926404,10_959
Cc1ccc(C(=O)NC[C@H]2CN(Cc3ccccc3)CCO2)c(C)n1,-7.5,3.7839025264765196,10_960
C=CCOc1ccc(-c2nnc(SCC(=O)NC(C)c3ccccc3)o2)cc1,-5.5,3.616828346784641,10_961
O=C(CCP(=O)(OCc1ccccc1)OCc1ccccc1)NC(Cc1ccc(O)cc1)C(=O)Nc1ccc2ccccc2c1,-7.2,2.997499699744398,10_962
Cc1nc(CNC(=O)c2c3n(c4ccccc24)CCCO3)sc1C,-7.0,3.7962792611517067,10_963
O=C(Nc1ccc(-c2nnc3ccccn2c2ccccc2[nH]3)cc1)c1ccccc1C(F)(F)F,-7.3,1.196775733262469,10_964
O=C(CSc1nnc(CSC2N=c3nccc(Br)c3=N2)o1)C1CCCC1,-6.4,3.3892403336132757,10_965
c1ccc2cc(-c3cc4ccccc4[nH]3)ccc2c1,-6.0,3.0859789026823394,10_966
CCC(C)(c1ccc(O)cc1)c1ccc(O)cc1,-5.5,3.518824541094674,10_967
Cc1c(NC2CCN(C)C2)cccc1-c1cc(Nc2ccc(C(F)(F)F)nc2)ncc1C#N,-7.1,3.6861839030758055,10_968
O=C1OC2(CCC(C(=O)Nc3ccc(-c4ccccc4)cn3)CC2)c2ccccc21,-8.0,3.593350772968533,10_969
CC1(C)C=CC=C(C=C(CNC(=O)c2ccc(S(C)(=O)=O)cc2)c2ccccc2)C=CC1,-8.0,1.840763288150705,10_971
Cc1ccc(CCN=C(N)C(C#N)c2ccc(C)cc2C)cc1,-6.2,3.578756201919492,10_972
Cc1cc(C)c(Oc2cc(Nc3ccc(Cl)cc3)nc(N3CCN(C)CC3)n2)c(C)c1,-8.1,3.7183911906479636,10_973
COc1ccc(C(C)=O)cc1COC(=O)CNC(=O)c1ccccc1,-6.2,3.689318646866494,10_974
O=C1c2ccccc2C(=O)N1c1ccccc1[N+](=O)[O-],-6.0,3.4879962688964286,10_975
CCn1cc(-c2nc3ccccc3s2)c(=O)c2cc(F)c(N3CCNCC3)cc21,-7.9,3.704983397108019,10_976
COc1ccc2cc3[n+](cc2c1OCCCOCc1ccccc1)CCc1cc2c(cc1-3)OCO2,-5.8,3.363825721663816,10_977
NC1CCCCC1C1C(C(=O)c2ccccc2Br)C(=O)C(=O)N1c1ccc(Br)cc1F,-6.8,3.4386204073046365,10_978
O=C1CCC(C(F)(F)F)=C2CC(c3nc(N4CC5CCC(C4)O5)nc4c3C(=O)N(CCCO)CC(F)(F)C4)=CC2C=N1,-7.5,1.2186455158407323,10_979
O=C(NC[C@H]1C[C@@H]1c1cccc(C(=O)c2ccccc2)c1)Nc1ccc(C(F)(F)F)cc1,-7.3,3.5713586339708066,10_980
c1ccc([C@@H]2C[C@H]2c2cc(-c3nc4ccccc4[nH]3)ncn2)c(-c2ccncc2)c1,-9.0,3.5731628296365807,10_981
CC(C)COc1ncnc2[nH]cc(C=CC(N)=O)c12,-6.1,3.6269664173276808,10_982
C=S1C(C(=O)NC23CCN(CCC=C(CCC)S2)C3C)=CC=C1c1ccc(OC)cc1,-5.9,1.5293955460161177,10_983
COC=C1C=CC(NC2CCN(C(=O)c3cccc(-c4nc(-c5ccc(F)cc5)no4)c3)C2)=C1,-8.1,3.5818489541475778,10_984
FC(F)(F)c1ccccc1Cn1cnc2c(Nc3ccccc3)ncnc21,-7.0,3.705144607815467,10_985
CCOc1ccc(-c2cc(N)ncn2)cc1,-5.6,3.67561964039336,10_986
CC=C1C=CC(CN(C)CCc2cc(Br)ccc2OCc2c(C)cccc2C(=O)Nc2cccc(Cl)c2)=C1,-6.9,3.3864846383814227,10_987
O=C(CN1CCN(c2nc3ccccc3c3ccccc23)CC1)Nc1ccc(N2CCOCC2)cc1N1CCOCC1,-7.9,3.2490696349548425,10_988
COc1ccc(O[C@H]2C=C[C@@H](N(C)C(=O)c3ccccc3)[C@H](OC(C)=O)[C@H]2OC(C)=O)cc1OC,-6.4,3.4660246788807463,10_989
COc1ccc(CNC(=O)C=NC=CC=CCS)cc1OC,-5.3,3.4571588766991694,10_990
COc1cc(NP2(=O)CC(C)(C)C2)ccc1Nc1ncc(Cl)c(Nc2ccccc2NS(=O)(=O)C2CC2)n1,-7.2,3.0327811499779167,10_991
COc1ccc([C@H]2[C@H]3c4c(c5ccccc5[nH]c4=O)OC(C)(C)[C@H]3[C@@H]2C(C)C)cc1OCc1ccccc1,-8.5,3.411899343432818,10_992
O=c1[nH]c(=O)n(CCc2ccccc2)c(=O)nc1Cc1ccc(Oc2ccc(Cl)cc2)cc1,-7.5,2.703308557160822,10_993
Nc1ncnc2c1c(Br)cn2[C@@H]1O[C@H](CO)[C@@H](F)[C@H]1O,-6.3,3.4154900025693196,10_994
O=S(=O)(Nc1cccc(O)c1)c1cc(Cl)c(Oc2ccc(C(F)(F)F)cc2Cl)cc1Cl,-7.3,3.563763465161987,10_995
CCOP(=O)(OCC)OC1NC(=O)c2c(C)cc(C)nc21,-5.5,3.564556798753829,10_996
NC(=NO)c1ccc(-c2cc(-c3c(F)cccc3F)no2)s1,-6.8,3.4159845683790544,10_997
Cc1cc(C)c2c(c1)C(O)(C(F)(F)F)c1ccccc1-2,-6.9,3.410845374301047,10_998
Cc1nn(C)c(N)c1Oc1ccc(C(F)(F)F)cc1C(=O)NCc1ccc(C(F)(F)F)cc1,-7.8,3.622713938113522,10_999
CC1(c2ccc(OC(F)F)cc2)NC(=O)N(CC(=O)Nc2ccc(F)cc2)C1=O,-7.3,3.654959022721399,10_1000
O=CN=C(Nc1c[nH]c(-c2nccc3ccccc23)n1)c1ccc(C(F)(F)F)cc1,-7.4,3.466717816536896,10_1001
COc1ccccc1CNC(=O)CSCC(=O)Nc1ccc(F)cc1F,-5.9,3.730331402837118,10_1002
O=C(NCc1ccccc1)c1[nH]nnc1Nc1ccc(F)cc1,-7.1,3.664511509035968,10_1003
O=C(Nc1ccc(Nc2ccc([N+](=O)[O-])c3[nH]cnc(=O)c23)cc1)Nc1ccccc1N1CCCC1,-7.8,3.239497395315268,10_1004
COc1cccc(/C=C/C(=O)C(=Cc2cc(OC)c(OC)c(OC)c2)C(=O)/C=C/c2cccc(OC)c2OC)c1OC,-6.2,3.10740434937191,10_1005
O=C(O)CC/C=C\CCN1C[C@@H](O)[C@H](O)[C@@H](O)C1,-5.5,3.10150989629672,10_1006
Cc1ccc(Sc2nc3ccccc3n3c(=O)n(CC(=O)Nc4ccc(F)cc4)nc23)cc1,-8.1,3.5547566601058564,10_1008
Cc1c(NC(=O)N2C[C@H](C)N[C@@H]2C)cc(C(=O)NCC2CCOCC2)n1C(c1ccccc1)c1ccccc1,-6.5,3.4664454695364135,10_1009
CCC(CC)(NC(=O)c1cccc(OC)c1C)C(=O)c1ccc(F)cc1,-5.9,3.6897551447985864,10_1010
O=c1[nH]c(=O)n([C@H]2C[C@H](O)[C@@H](CO)O2)cc1-c1csc(-c2ccc(Cl)cc2)n1,-7.2,3.501924260202351,10_1011
COC=C1C=CC(C(=O)COCC=C2C=C3N=C(c4ccccc4)C=C(C)N3C2)=C1,-6.7,3.3142299736495655,10_1012
O=C(c1cc2cc(Nc3nccc(-c4ccccn4)n3)ccc2[nH]1)N1CCN(c2nc3ccccc3s2)CC1,-7.1,3.3641374422303216,10_1013
CC(=O)O[C@@H](CC(C)(C)O)[C@@H]1C[C@@H](C)[C@@H]2[C]3CC[C@@]45C[C@@]46CC[C@H](OC(=O)NCc4ccccc4)C(C)(C)[C@@H]6CC[C@H]5[C@]3(C)[C@@H](O)[C@H]2O1,-6.8,2.759440291603273,10_1014
O=c1[nH]nc(C2CCCCC2)c2ncn(-c3cccc([N+](=O)[O-])c3)c(=O)c12,-7.4,3.5698247462269563,10_1015
CC(=O)NCCN1C(=O)C(C)(CO)Oc2ccc(-c3nn(-c4ccccn4)cc3C)cc21,-6.7,3.6545448184349882,10_1016
CCCc1nc(C)c2c(C)nc3ccc(OC)nc3n12,-5.8,3.7079614034835053,10_1017
O=c1cc(N2CCOCC2)cc(-c2cccs2)n1-c1ccccc1,-6.2,3.689372408840676,10_1018
COc1ccc(-c2nn(-c3ccc(Cl)cc3)cc2-c2cc(OC)cc(OC)c2)cc1,-7.3,3.594932524364004,10_1019
Cc1nc(C2CCNCC2)cc(N2CCc3cc(F)ccc3C2=O)n1,-8.1,3.6861498330744302,10_1020
Cc1cccc(C)c1-c1cccc(COc2cc3cc(CC(=O)O)ccc3o2)c1,-7.3,3.6036756512680697,10_1021
O=C(Nc1ccc(NC(=O)c2ccc(-c3ccccc3)cc2)cc1)c1ccc(F)cc1,-6.2,3.5441586922814245,10_1022
O=C(O)c1ccc(CC(=O)c2cc(Cl)c(Oc3ccc(O)c(-c4ccc(=O)[nH]n4)c3)c(Cl)c2)cc1,-8.1,3.3833119837311543,10_1023
Cc1nc(-c2cnc3ccc(OCc4ccccc4)cc3c2)sc1CO,-6.5,3.710608338596754,10_1024
CCOC=CC=C(C1=NCCN1)c1ccccc1,-5.5,3.458796736232425,10_1025
NC(C(=O)O)C1CC1c1cccc(Cl)c1,-5.1,3.4830039462075,10_1026
C=O,-1.5,1.3827405648260935,10_1027
O=C1S/C(=C\c2ccc(OCc3ccccc3)cc2)C(=O)N1Cc1cccc(CNC=[N+](Cc2ccc(Cl)cc2)c2ccc(Cl)cc2)c1,-7.6,2.744111741557932,10_1028
Nc1nc(N)c2c(Oc3ccccc3)cccc2n1,-6.5,3.654560260298071,10_1029
Cc1ccn2c(-c3nc4c(C)cccc4[nH]3)c(C)nc2c1,-7.7,3.5941088556128244,10_1030
Cc1cc(C)cc(NC(=O)CCC2CCCCC2)c1,-6.2,3.3140368973842635,10_1031
Cc1cn(C2C=CC(COP3(=O)OC=C4C=CC=C4c4ccccc43)O2)c(=O)[nH]c1=O,-8.1,2.4231492889849107,10_1032
C/C(=N\OC(=O)Nc1ccccc1)c1ccc(Br)cc1,-6.4,3.5616107130724965,10_1033
O=c1cccc(OCCCc2cn(CCOc3ccccc3COc3cccc(C(F)(F)F)c3)nn2)ccoc(-c2ccccc2)c1,-6.4,0.8653001007377341,10_1034
Cc1ccc(N(Cc2ccccc2)C(=O)c2ccc(O)cc2O)cc1,-7.4,3.6965595636699318,10_1035
Cc1cc(OC(C)C(=O)Nc2c(C)nn(C)c2C)ccc1Cl,-6.3,3.798905283183035,10_1036
CN(CC1CCOCC1)C1CCN(c2ccc(C=NOC(=N)c3ccccc3C(F)(F)F)cc2)CC1,-6.3,3.3475818798395127,10_1037
CCC(=O)N1CCCN(C2Cc3ccccc3O2)Cc2ccccc21,-6.9,1.6903795110743642,10_1038
O=C(NCc1ccccc1)c1ccc(-c2cccc(C3CCNCC3)c2O)cc1,-6.8,3.593883282940462,10_1039
O=C(N/N=C\c1ccc(F)cc1)Nc1nc2ccccc2[nH]1,-7.3,3.5365179012967873,10_1040
O=C(/C=C/c1cc2ccccc2nc1Cl)c1ccc2ccccc2c1O,-7.5,3.4276832549751863,10_1041
O=CC1=C(Cc2cccs2)N(Cc2cn(Cc3ccccc3)nn2)C=Nc2ccccc21,-6.8,2.5633864536249282,10_1042
Cn1c(-c2cccc(F)c2)nc(=O)c2cc(Cl)ccc21,-6.7,3.5995913989918185,10_1043
CN1CCN=C1CNC(=O)c1ccc2ccccc2n1,-6.4,3.7270049079735426,10_1044
COc1cc(/C=N/NC(=O)c2cccc([N+](=O)[O-])c2)ccc1OC(=O)c1cccc(Cl)c1,-6.9,3.232569485485697,10_1045
CC(=O)Nc1ccc(C(=O)CSc2nc(Cc3ccccc3)nc3ccccc23)cc1,-8.5,3.489423380862508,10_1046
COc1ccccc1CNc1cc(C)c(O)c(C)c1,-6.5,3.580602642343782,10_1047
CCC(CC)NC1C(=O)O[C@@H](CN(C)S(=O)(=O)c2cccc(CN(C)C(=O)C(C)CO)c2)[C@@H]1C,-5.4,3.2981819695708694,10_1048
COc1cc(Nc2nc(-c3ccc4c[nH]nc4c3)cn3ccnc23)ccc1C(N)=O,-8.7,3.431548912397793,10_1049
C[O-],-1.6,1.288708850967434,10_1050
O=S(=O)(Nc1ccncn1)c1ccc2c(-c3ccc4nccc(OCCc5cscn5)c4c3)nccc2c1,-7.4,3.320108805207256,10_1051
Cc1cc(C(=O)NC(C)c2ccccc2)c2c(C)nn(-c3ccccc3)c2n1,-7.1,3.7010256181916343,10_1052
Oc1ccccc1C=NNC(=S)Nc1ccccc1C(F)(F)F,-6.9,3.4325490736032425,10_1053
O=C(Nc1ncnc2c1ccn2-c1ccc(NC(=O)C2CCCCC2)cc1)c1ccccc1,-6.9,3.643547118174995,10_1054
CC(c1cc(C(F)(F)F)cc(C(F)(F)F)c1)C1CCCN(S(=O)(=O)c2ccc(-n3cnnn3)cc2)C1,-6.9,3.528333037850376,10_1055
CCOCC(NC(=O)C(Cc1ccc(Cl)cc1)NC(=O)c1ccccc1)C(=O)N[C@@H](CC1CCCCC1)C(O)C(F)(F)C(=O)NCCN1CCOCC1,-6.7,2.7348045416127857,10_1056
CN1CCN(CCNC(=O)c2ccc(/C=C3/Sc4ccccc4N(Cc4ccccc4Cl)C3=O)cc2)CC1,-7.4,3.513082879670856,10_1057
O=C1C=C(c2ccccc2F)c2cc(Cl)ccc2N(Cc2ccc(F)cc2)O1,-7.3,2.6490885779236555,10_1058
Cc1cnc(CNc2cc(-c3ccc4[nH]ccc4c3)ncn2)nc1,-7.2,3.7060928407448746,10_1059
O=C(CN1CCCc2ccccc21)N1CCN(Cc2ccc3c(c2)OCO3)CC1,-7.5,3.5065166794550207,10_1060
COc1ccc(NC(=O)NC(=O)/C(C=O)=C/c2ccc3c(c2)c2ccccc2n3CCO)cc1,-6.8,3.2431065507032666,10_1061
O=C(NCCc1cccs1)C1CCN(S(=O)(=O)c2cccs2)CC1,-5.8,3.7614970745648018,10_1062
CCn1cnc(Sc2cc3c(oc(=O)n3C)c(N3CCOCC3)n2)nncc2ccccc21,-7.2,1.3084081036643278,10_1063
CN(C)CCNC(=O)c1cc2c(F)cc(F)cc2[nH]1,-6.4,3.6174037970807205,10_1064
O=C(NCc1ccc(C2CCNCC2)cc1)C1=C(c2ccc(Cl)cc2)C=COC1,-6.8,3.5961516343571587,10_1065
CCCn1c(C=Cc2ccc(OC)cc2)c(Cn2cccc2-c2cccc(F)c2)c2c(=O)[nH]sc21,-6.5,3.4583623766407197,10_1066
Cn1cccc1C(=O)C(=O)NCCc1ccccc1F,-6.0,3.6168330034580487,10_1067
O=C(Nc1cc(S(=O)(=O)N2CCOCC2)ccc1N1CCOCC1)c1cccc(F)c1,-7.1,3.63939942336341,10_1068
O=C1Cc2ccc(N3CCC(N(CCNS(=O)(=O)Cc4ccccc4)c4ccnc5cc(Cl)ccc45)C3)cc2CN1,-8.5,3.3875982801645192,10_1069
CC(=O)Nc1ccc(S(=O)(=O)N2CCN(C3c4ccccc4-c4ccccc43)CC2)cc1,-7.2,3.688892098388785,10_1070
Cc1cc(C2=CC=CN(S(=O)(=O)C3=CC=CCC3)C2C)nn1S(=O)(=O)c1ccccc1,-7.2,3.617398704524559,10_1071
Cc1ccc(Cn2cc(-c3ccccc3Sc3ccc(-c4ncco4)cc3)nn2)cc1,-6.9,3.481728743366947,10_1072
CCn1c(C(O)(c2ccccc2)c2ccccc2)nc2ccc(C(=O)NCCO)cc21,-7.9,3.5833256244071863,10_1073
Nc1ccc2cccc(OCC(=O)c3cccc(C(F)(F)F)c3)c2n1,-6.8,3.7497726815353047,10_1074
CNCC[C@@H](Oc1ccc(Br)cc1F)c1ccccc1,-5.9,3.633810109764247,10_1075
COc1cccc(NC(=O)CN2c3ccccc3S(=O)(=O)c3ccccc32)c1,-7.3,3.789475988957369,10_1076
COCCn1ccc(NC(=O)c2ccccc2OCC2CC2)n1,-6.1,3.7330095070480276,10_1077
Cc1ccc(Nc2nc(C)cc(C)c2C(N)=O)cc1,-7.0,3.667403446198402,10_1078
CCOC=C1C=CC(C=C2C=CC(CN3c4ccccc4N(Cc4cn(C)c5ccccc45)C(=O)C3C(C)C)=C2)=C1,-7.1,3.165254500847758,10_1079
COc1ccc2cc3[n+](cc2c1OCc1ccc(I)cc1)CCc1cc2c(cc1-3)OCO2,-6.8,3.3681695417625974,10_1081
O=C1NCC2(NC=C(NC(=O)c3cccc(-c4cncc5ccccc45)c3)c3ccccc3)C=CC=C1C2,-9.2,3.3956759823156792,10_1082
Cc1nc2ccc(-c3cn[nH]c3)cc2c(-c2ccccc2C#N)c1C,-6.5,3.6362192123462975,10_1083
O=C1CC(=NCc2cc(-c3ccc(-c4ccc(O)cc4)cc3)[nH]n2)NC1=O,-7.5,3.5781964223827103,10_1084
COc1cc(Nc2nccc(Nc3cccc(C(N)=O)c3)n2)cc(OC)c1OC,-6.9,3.5288642862499224,10_1085
NC(=O)c1nn(CC(=O)N2C(C(=O)NC[C@H]3CC3(Cl)Cl)C[C@H]3C[C@H]32)c2ccc(Oc3ccccc3Cl)cc12,-7.5,3.2876659308735854,10_1086
Cc1ccccc1-c1nnc(-c2cnc(C3CCOc4ccccc4CN3)o2)n1C,-7.9,1.8325189704192235,10_1087
COc1cccc(NC(=O)c2cc3cc(Cl)cc(OC)c3n2C)c1,-6.5,3.805864193568895,10_1088
O=C1c2ccccc2C(=O)c2c1cc1c(OCc3ccccc3)cccc1c2O,-7.8,3.6362688950451414,10_1089
CCN1CC(C(=O)Nc2ccc(-c3ccccc3S(N)(=O)=O)cc2)CC1=O,-6.5,3.696923011877408,10_1090
O=S(=O)(NCc1ccccc1Cl)c1ccc(F)nc1,-6.1,3.6275727107423292,10_1091
COc1ccc2c(c1)C(=O)N(C[C@@]1(C#Cc3cccc(C)c3)NC(=O)NC1=O)C2,-7.2,3.5444925995261696,10_1092
Oc1cc(-c2ccccc2)ccc1Nc1ncc(C(F)(F)F)cn1,-7.4,3.6717942378852815,10_1094
COCOc1cc(-c2ccccc2)ccc1C=Cc1conc1-c1ccc(C(C)(C)C)cc1,-7.1,3.4311986665027727,10_1095
C#CCN(Cc1ccc2ncnc(N3CCOCC3)c2n1)c1ccc(OCc2ccc3ccccc3n2)cc1,-7.7,3.3241838087818305,10_1096
Cn1c(=O)c2c(nc(Oc3ccc4ccccc4c3)n2Cc2cccc(C(F)(F)F)c2)n(C)c1=O,-7.2,3.5106972555282923,10_1097
N#CC(CCCN1CC=C(c2ccc(F)cc2)CC1)(c1ccccc1)c1ccccc1,-5.1,3.448259161200288,10_1098
O=C(Nc1ccccc1-c1nccs1)c1ccc(Cc2sc(=O)[nH]c2O)c(F)c1,-7.3,3.578863278049398,10_1099
CC=C1C=CC(CNC(=O)c2ccc(NC3CCN(S(=O)(=O)c4ccc(C#N)cc4)CC3)nc2)=C1,-6.7,3.543339229182737,10_1100
CCSC(=S)NCc1ccc2[nH]c3c(c2c1)C[C@@]1(O)C2Cc4ccc(O)c5c4[C@@]1(CCN2CC1CC1)[C@H]3O5,-7.2,3.112893825499042,10_1101
COC1CCN(C2=NC(=O)OC3C(=O)N(Cc4ccc(Cl)o4)c4ccccc4CC3=N2)CC1,-7.1,2.463180133418191,10_1102
OC1[CH]OC2(N=C(SCc3ccccc3)Nc3c(-c4ccccc4)ncnc32)[C@H](O)[C@@H]1O,-6.4,3.328991461136524,10_1103
COc1cccc(N2CCN(S(=O)(=O)c3ccc4[nH]c5c(c4c3)CCC(O)C5)CC2)c1,-7.7,3.6233460425673263,10_1104
Cc1nc2cccnc2n2c(-c3cc(OC[C@@H]4CCO4)ccc3Cl)nnc12,-6.6,3.6369031286854203,10_1105
COc1cc(N2CCNCC2)ccc1Nc1ncc(Cl)c(N[CH]c2ccccc2N2CCOCC2)n1,-8.4,3.374747738256682,10_1106
COC=CC=CN=CCC(c1ccc(C(c2c[nH]c3ccc(Br)cc23)c2c[nH]c3ccc(C#N)cc23)cc1)c1c[nH]c2ccc(OC)cc12,-8.0,2.7439854773691024,10_1107
O=C(c1ccccc1-c1cccc2ccccc12)N1CCC(=C(c2ccccc2)c2ccccc2)CC1,-7.2,3.019654383113596,10_1108
Cc1cccc2cc(Cn3nc(-c4cccc(C(=O)NC5CCC5)c4)c4c(N)ncnc43)n(-c3ccccc3F)c(=O)c12,-9.3,3.2940607259153367,10_1109
Cc1ccc(Cl)cc1Nc1nc(-c2cccc(NC(=O)Nc3ccc(I)cc3)c2)cs1,-7.7,3.3850550870496012,10_1110
CNS(=O)(=O)c1ccc(OCCCN2CCC(C(O)(c3ccccc3)C3CCCC3)CC2)cc1,-6.2,3.4485863230984117,10_1111
CCO/N=C/COc1ccc(Oc2cccc(Cl)c2)cc1,-5.6,3.5700757517292763,10_1112
COC(=O)c1ccc(NC(=O)CCC(=O)N/N=C/c2ccccc2)cc1,-5.9,3.5360765475063225,10_1113
Cc1ncccc1C(C(=O)NC(C)(C)C)N(C(=O)c1cnccn1)C1C=CC=CC(=O)OCC1,-6.7,1.4515820751114292,10_1114
Cc1ccc([C@H]2[C@H](c3ccccc3)N[C@@]3(C(=O)Nc4ccc(Cl)cc43)[C@@]23C(=O)Nc2ccc(Cl)cc23)cc1,-8.3,3.191520130981443,10_1115
O=C(N[C@H]1CC[C@H](CCN2CCN(c3nccc4c3CCO4)CC2)CC1)C(O)C(F)(F)F,-6.7,3.3545237245779584,10_1116
Cc1cc(Cl)nc(C)c1C(=O)NCCC(C)N1CCC(N2C(=O)N(C3CCCCC3)CC2c2cccc(F)c2)CC1,-7.1,3.248737431850965,10_1117
COc1ccc(C(N=C(N)N(C=O)CCOc2ccc(C)cc2)c2ccc(OC)cc2)cc1,-7.0,3.5040885059864575,10_1118
CCCOc1ccc(C(=O)NC(=S)NCc2cccnc2)cc1,-5.7,3.695707452467456,10_1119
O=C1c2ccccc2S(=O)(=O)N1CCN1CCN(/C=C/c2ccc(Cl)cc2Cl)CC1,-7.3,3.633330607468385,10_1120
COc1ccc(/C=C/c2cc(/C=C/c3ccc(C(F)(F)F)cc3)c3ccccc3n2)cc1OC,-7.3,3.450438196036421,10_1121
CCOc1ccc(C(=O)N=C(Cc2ccco2)C(=O)O)cc1,-5.7,3.7129275911788095,10_1122
O=C(c1ccc(-c2ccc(-c3n[nH]c(=O)o3)cc2)cc1)N1CCCN(C(=O)c2ccc3ncccc3c2)CC1,-6.7,2.5248929708818224,10_1123
COc1ccccc1C(=O)N(Cc1ccc2c(c1)OCO2)C1C=CS(=O)(=O)C1,-6.9,3.631391895385923,10_1124
C=CCOc1ccc(C(=O)[C@]2(c3ccccc3)CC(=O)N(c3cccc(OC)c3)C2=O)cc1,-7.2,3.3675780491688183,10_1125
Cc1ccc(CS(=O)(=O)CC(=O)Nc2ccccc2Cl)cc1,-6.0,3.7646086784046027,10_1126
CC(=O)NC(C(=O)NCc1ccccc1)c1nc(-c2ccc(Cl)c(OC(C)C)c2)cs1,-6.9,3.6819219649120827,10_1127
C[C@H](c1ccccc1)n1nc(Nc2ccc(C(C)(C)O)cc2)c2c1CCCC2,-7.6,3.662960566395779,10_1128
O=S(=O)(Nc1ccccc1N1CCCCC1)c1cccc(S(=O)(=O)N2CCOCC2)c1,-6.5,3.627105221313033,10_1129
C[C@H]1CCC/C=C/[C@@H]2C[C@H](O)C[C@H]2[C@H](O)[C@H]([S+]([O-])CCO)CC(=O)O1,-6.4,0.8931154411517799,10_1130
COc1ccc(C(C)=O)cc1C(=O)c1cc2ccccc2oc1=O,-7.4,3.6355054527174966,10_1131
O=C(O)C1CCCC[C@H]1c1nc2cc(OCc3ccc4ccccc4n3)ccc2n1Cc1cccc(-c2ccccc2)c1,-9.3,3.261122592198454,10_1132
COC=CC1=CCOC=Nc2ccc(F)cc2C=C1,-5.5,1.3188816914409114,10_1133
Cc1ccc(C)c(CN(Cc2ccccc2)S(=O)(=O)c2cccc(C#N)c2)c1,-7.0,3.682748061495548,10_1134
O=C(NC(c1ccc(Cl)c(F)c1)c1cncs1)c1cnc2ccccc2c1,-7.8,3.7011594917243302,10_1135
O=c1n(CCCc2ccccc2)c2ccccc2n1Cc1ccccc1,-6.5,3.534414946892544,10_1136
Cc1ccc(S(=O)(=O)N(C)CC(=O)Nc2cccc3c2CCCC3)cc1C,-7.2,3.7525695948947364,10_1137
Cc1cc(C)c(C(=O)N2CCC3(CC2)Nc2cc(C(F)(F)F)ccc2-n2cccc23)c(C)c1,-7.3,3.5105909562960083,10_1138
CC1(C)Oc2ccc(CO)nc2C1[C@@H]1N[C@@H](c2ccccc2Cl)c2ccccc2[C]1c1occc1O,-8.3,3.4171609234201656,10_1139
O=P(O)(O)C(O)(Cc1cccc(-c2cc(F)cc(F)c2)c1)P(=O)(O)O,-6.8,3.28580343262261,10_1140
Cc1ccccc1CC(=O)Nc1ccc(C[C@@H](CO)NC[C@H](O)COc2ccccc2)cc1,-5.8,3.432124074022912,10_1141
CC(=O)Nc1ccc(S(=O)(=O)Nc2ccccc2N2CCCC2)cc1,-6.5,3.759872935840545,10_1142
CC=NC=CC=CC#N,-3.8,1.6097150113912857,10_1143
O=C(c1cccnc1)N1C[C@H]2CC[C@@H](C1)N(Cc1ccccc1)C2=O,-7.2,2.5157799278303363,10_1144
O=C(NCCc1ccc(Cl)cc1)c1ccc(NC(=O)N2C=CC(F)=CC=CCC3CCN(CCC2)CC3)cc1,-7.1,1.880160443705984,10_1145
CCC=CC(=Cc1ccc(/C=C/C(=O)c2ccc(Cl)cc2Cl)cc1O)C(=O)NC(=O)NC1=CC=C(OC)C1,-5.2,3.2388423062666343,10_1146
NCC1=CC=CCn2nc(C(=O)NCc3ccc(Oc4ccccc4Cl)cc3)cc2-c2ccnc(-c3cc4ccccc4o3)c2C1,-7.9,1.0555227060481869,10_1147
Cc1cccc(Oc2ccc(C(=NO)NCc3cccnc3)cn2)c1,-6.6,3.4899189186510933,10_1148
COc1ccc(CC(=NC(=O)c2ccco2)C(=O)NCc2cccnc2)cc1,-6.2,3.7176305080310668,10_1149
C[C]1C2CCC(CC3[CH]Cc4oc(C=O)cc4C3)C2CC[C@@H]1Oc1cc2c([nH]1)C(=O)c1cnncc1C2=O,-7.7,3.2613469126469243,10_1150
NC(=O)Nc1cc(NC(=O)c2ccc(-c3cc(-c4cccnc4)ccc3O)cc2)nc2ccccc12,-8.7,3.3112723933318664,10_1151
O=C(NC(=S)Nc1nc2ccc(Br)cc2s1)c1ccc2c(c1)OCO2,-7.2,3.6079141092913445,10_1152
N#Cc1ccc(S(=O)(=O)Nc2ccsc2C(=O)NC(CCCN=C(N)N)C(=O)O)cc1,-5.9,2.928255762685664,10_1153
COc1ccc(NC(=O)Oc2ccc3c(c2)[C@]2(C)CCN[C@@H]2N3C)cc1,-6.4,3.6535263089291483,10_1154
CCOC(=O)C(Oc1ccc(-c2ccccc2)cc1)C(=N)N,-5.7,3.54938949026541,10_1155
CC(C)=CCC=C(C)CC(=O)/C=C/c1ccc(Cl)cc1Cl,-5.4,3.2253182032718577,10_1156
COc1ccc(-n2c(=S)[nH]c3cc(C(=O)N4CCCN(C)C4)ccc3c2=O)c(OC)c1,-6.8,3.678368589545597,10_1157
O=C(NCc1ccco1)C1CCN(C(=O)c2cc(-c3ccccc3)on2)CC1,-7.4,3.7934268630828316,10_1158
COc1ccc(C2C(C#N)=CC(C)N=C(C)C2C(=O)Nc2ccccc2C)cc1,-6.5,2.7861154580097693,10_1159
Cc1cccc(-c2noc(-c3ccccc3)c2C(=O)Nc2ccc3ccccc3c2)c1,-7.9,3.3830388770848803,10_1160
CN1CCN(C2=Nc3cc(Cl)ccc3N(NC(=O)c3ccccc3Cl)c3ccccc32)CC1,-7.1,2.6579307817147244,10_1161
CC(=O)N(Cc1ccc(Cl)cc1Cl)[C@H]1CCNC1,-5.3,3.5439727202387292,10_1162
CC(=O)OC=C1C=C(c2cccc(-c3cccc(NS(=O)(=O)c4cccc(O)c4)c3F)c2)[SH]1C,-8.5,3.396982856851664,10_1163
O=C1N(S(=O)(=O)c2cccs2)CCC[C@]12N[C@H](c1ccccc1)c1c2c(O)n(Cc2ccccc2)c1O,-8.1,3.362099039919281,10_1164
FC(F)(F)c1ccccc1CC1COc2nccc(-c3ccc(-c4ccccc4)cc3)c2C1,-7.9,3.394201547146595,10_1165
N#Cc1ccc(COc2ccnc(C(=O)N3CCOCC3)c2)cc1,-6.2,3.7438009887682755,10_1166
C=CCSc1nc2sc3c(c2c(=O)n1-c1ccc(Br)cc1)CCN(C)C3,-6.0,3.5275283376625404,10_1167
CC(C)[C@H]1COC(=O)N1c1ccnc(N[C@@H](C)c2ccc(CN3CCn4ccnc4C3)cc2)n1,-6.8,3.5743168442530813,10_1168
[CH]C[C@@H]1[C@@H]([C@H](C)[C](O)OC[CH]C=C)[C@@H](O)O[C@@H]1c1cc(OC)c(OC)c(OC)c1,-4.9,3.4963009739085504,10_1169
CC=C1C=CC(C=c2ccc3c(c2)C(c2ccc(CN4CCC(Cc5ccccc5)CC4)cc2)=CC=3)=C1,-8.3,2.894499340838,10_1171
COc1cccc(C(=O)N(Cc2cccs2)c2cccc(Oc3ccccc3)c2)c1,-6.9,3.5275411430329813,10_1172
COC(=O)C1C2CCC3CCC1N(C/C2=C\c1ccc(-c2ccc4ccccc4c2)cc1)C3,-7.2,1.2930054626630971,10_1173
Cc1ccc(F)cc1C(=O)N=CNC=Cn1cnc(-c2cccc(NC(=O)c3cccc(C#N)c3)c2Cl)c1,-6.5,3.3211786860395325,10_1174
O=C(NCc1ccccc1)C1CCCN1C(=O)c1cccc(C(=O)N2CCN(c3ccc(Cl)cc3)CC2)c1,-7.8,3.611772934992514,10_1175
NS(=O)(=O)c1ccc(-n2nc(C3=CC=COC3)cc2-c2ccc3c(c2)OCO3)cc1,-8.1,3.621478983311957,10_1176
O=S(=O)(Nc1ccc2oc(-c3ccccc3Br)nc2c1)c1ccc2ccccc2c1,-7.9,3.5725847717484953,10_1177
C=CCn1c(SCC(=O)Nc2ccccc2)nnc1-c1ccc2c(c1)OCCO2,-6.4,3.613412033596524,10_1178
COc1ccc([C@@H]2[C@H](c3ccc4ccccc4c3)[C](C(=O)Nc3ccccc3C)N3CSC[C@@H]23)cc1,-8.0,3.4508653355066827,10_1179
Nc1c(C(=O)c2cc3ccccc3s2)cnn1-c1nc2c(c3ccccc13)=CCC=2,-8.2,3.52877274736491,10_1180
O=C(Nc1ccc(-c2nc3cc4ccccc4cc3[nH]2)cc1)c1ccc([N+](=O)[O-])cc1,-7.0,3.4295088540447014,10_1181
N#Cc1ccc(CN2CCc3c([nH]c4ccc(I)cc34)-c3cc(Br)cnc32)cc1,-7.5,2.5344709305269877,10_1182
CC1(C)C(=O)c2ccc(NC3CC=CC=NC(=O)C=CC=C(Cl)CC3)cc2N1C1CC1,-7.4,1.2756042762865927,10_1183
N#Cc1ccc(C2C3=C(CCC3=O)N(c3cccc(C(F)(F)F)c3)C(=O)N2C(=O)NC2CCOCC2)cc1,-8.3,3.4531177304536267,10_1184
Cc1ncc([N+](=O)[O-])n1Cc1nnc(-c2ccc(Cl)cc2Cl)o1,-6.1,3.506211822839914,10_1185
COc1ccccc1COCCCOc1ccc(N2C(=O)CNCC2C(=O)N(Cc2cc(C3CCOCC3)ccc2OC)C2CC2)cc1,-6.3,3.0022432307625255,10_1186
C[C@H]1COCCN1c1nc(-c2cnc(N)nc2)c2c(n1)N([C]1CC[C@](N)(CCNO)C[C@H]1C(F)(F)F)CC2,-8.0,2.924536851749436,10_1187
O=C(O)C(=Cc1ccc2ccccc2c1)C(=O)O,-6.4,3.4271800718240346,10_1188
COc1ccc(-c2cc(C)c(=O)n(CC(=O)NCc3ccccc3OC)n2)cc1,-6.9,3.77333887531651,10_1189
CC(C)CC(NC(=O)OC(C)(C)C)C(=O)N[C@@H](CC(C)C)[C@@H](O)CC(Cc1ccccc1)C(=O)NC1c2ccccc2C[C@H]1O,-6.5,3.031472636433713,10_1190
O=C1Nc2ccccc2/C1=C\c1cccc(Br)c1,-5.9,3.417182876727198,10_1191
O=C(O)c1ccccc1C(=O)Nc1cc(C(F)(F)F)ccc1Cl,-6.9,3.639005888594653,10_1192
O=C(COc1cc(O)c2c(=O)cc(-c3ccccc3)oc2c1)OCc1ccc(-c2ccc(C(F)(F)F)cc2)cc1,-7.8,3.3285114696278546,10_1193
O=C1NC(=S)NC(=O)C1=Cc1cn(-c2cccc(F)c2)nc1-c1ccc(Cl)cc1,-8.1,3.5539562181661366,10_1194
Cc1cc2cccc(NC(=O)c3cc(Cl)cc(Cl)c3)c2nc1C,-6.8,3.6502040832616665,10_1195
c1ccc(OCC2CCN(c3ccc4ccccc4n3)CC2)cc1,-6.7,3.6107900827880197,10_1196
CCN(CC)CCn1c(Cc2ccc(Cl)cc2)nc2ccccc21,-5.9,3.599121844333098,10_1197
Cn1cc(C2CC2)c(C(=O)Nc2ccc(S(=O)(=O)N3CCCC3)cc2)n1,-6.6,3.6792058949775797,10_1198
Cc1nc(-c2cccc(Cl)c2F)n(O)c1C(=O)NC(Cc1ccc(-n2c(O)ccc2O)cc1)C(=O)Nc1ccc2[nH]c(C(=O)O)cc2c1,-7.7,2.737483397093591,10_1199
c1ccc(Nc2ccnc3cc(-c4ccc(CN5CCCC5)cc4)ccc23)nc1,-6.9,3.6218036019373976,10_1200
CN1CCN(C2C=CC3=Cc4cc(C#N)ccc4N(CCCC(=O)O)C3=N2)CC1,-6.4,3.5140654628966814,10_1201
CN(CCNC(=O)Nc1cccc(Br)c1)C(=O)c1ccc(-c2ccccc2)cc1,-6.7,3.641093295359796,10_1202
c1ccc2c(c1)CN[C@@H](CN(CCCn1ccnc1)Cc1ccc3[nH]ncc3c1)C2,-7.4,3.6423525622545663,10_1203
N#CCC(=NC(=NC=O)SC(=O)c1cc(-c2ccccc2)nc2[nH]ccc12)c1ccc(Cl)cc1,-7.2,3.4378080299100384,10_1204
O=C1NCC2(CCN(C(=O)N3c4ccccc4C=Cc4ccccc43)CC2)N1,-7.8,2.3913170403350166,10_1205
COc1ccc(CCC(=O)Nc2oc3ccccc3c(=O)c2OCc2ccccc2)cc1OC,-7.8,3.5929452344703963,10_1206
Cc1ccc(N=C2CCCCCN2)cc1,-5.0,2.298659340456693,10_1207
Cc1cc(C)c(NC2CCCN(C(=O)CCN3CCOCC3)C2)c(C)c1,-6.9,3.551147416442186,10_1208
CN(CCNC(=O)c1ccc2cc(Nc3cccc(C(N)=O)c3)ccc2c1O)C(=O)c1cccc(F)c1,-7.0,3.406198878712675,10_1209
NC(=O)n1cc(NC(=O)N2C(C(=O)Nc3ccccc3F)C[C@H]3C[C@H]32)c2ccccc21,-8.7,3.53471099790758,10_1210
O=c1c2ccccc2n(Cc2cn(Cc3ccccc3F)nn2)c2ccccc12,-7.3,3.504672918406908,10_1211
Fc1ccc(C(c2cccc3ccccc23)N2CCOCC2)cc1,-6.6,3.5355463624711883,10_1212
Cc1c(CC(=O)NN)c2cc(OCCCC(=O)O)c(Cl)cc2n1Cc1ccccc1,-6.5,3.318057818827539,10_1213
CC1CC(N)(C=C2C=CC(c3nc4n(c3-c3ccccc3)COc3cccc(F)c3-4)=C2)CO1,-7.8,3.5189010011317157,10_1214
COCC1(C(=O)Nc2nnc(Cc3ccccc3F)s2)CCC1,-6.1,3.7675803338095992,10_1215
O=C1N=C2C(=CC=C2OCC(=O)c2ccc(F)cc2F)C=C1c1nc2ccccc2o1,-8.0,3.5613579805894067,10_1216
O=C(c1ccccc1)c1cc(-c2ccc(OCCc3ccccc3)cc2)[nH]c1C(=O)O,-6.9,3.503136565505436,10_1217
N#Cc1ccccc1NC(=O)c1cccc(C(=O)Nc2cccc(F)c2)n1,-7.1,3.742535296015768,10_1218
CCCC(NC(=O)c1cccc(-c2cccc(OC)c2)c1)c1ccccc1,-7.1,3.567992741586274,10_1219
O=C(O[C@H]1CC[C@H](N(CCN2CC[C@@H](O)C2)C(=O)Nc2ccc(F)c(C(F)(F)F)c2)CC1)c1ccccc1F,-7.3,3.3566334150488126,10_1220
C=Cc1cncc(-c2ccc3ccn(C4CCN(c5cncc(OC)c5)CC4)c3c2)c1,-7.7,3.5810624141254053,10_1221
O=C(c1cc2ncccc2[nH]1)N1CCN(Cc2ccc3c(c2)OCO3)CC1,-7.0,3.6772844328515353,10_1222
COc1ccc(-c2nc3nccc(-c4ccc(C)cc4)n3n2)cc1OC,-7.3,3.6799042238596336,10_1223
Cc1nc2cccc(-c3cc4c([nH]3)C3(CC3)NC4=O)c2nc1NC1CC1,-7.2,3.466228724772667,10_1224
CCOc1ccccc1CNC(=O)c1ccc(O)cc1,-5.7,3.6823016114124023,10_1225
O=C1CC(c2cccc(-n3ccnc3)c2)=Nc2ccc(-c3ccco3)cc2N1Cc1ccccc1,-8.0,2.4854965765408705,10_1226
C[C@@]12C=Cc3occc3C1CC[C@]13CC(=O)C(CCC12)C3,-7.0,2.9914721192679377,10_1227
c1ccc(-c2nn3c(Cn4cnc5ccccc54)nnc3s2)cc1,-7.6,3.523962275504723,10_1228
O=C(Nc1cccc(S(=O)(=O)N2CCOCC2)c1)c1cc(S(=O)(=O)N2CCOCC2)ccc1N1CCOCC1,-7.9,3.1181894347008883,10_1229
O=C(CSc1nnc(-c2ccccc2)c(-c2ccccc2)n1)N=Nc1c(O)[nH]c2cccnc12,-6.9,3.291481503576284,10_1230
O=C(Nc1ncco1)c1ccccc1-c1ccccc1,-6.0,3.7251123399960293,10_1231
N[C@@H](CCc1ccccc1)P(=O)(O)CC(Cc1ccccc1)C(=O)NC(Cc1ccccc1)C(=O)O,-6.5,3.282926192251258,10_1232
CC(CC(=O)Nc1cccc(-c2ncc(Nc3ccc(C(F)(F)F)cc3)nn2)c1)=NC(=O)C(C)N,-6.7,3.4298076320214204,10_1233
O=S(=O)(O)O/N=C(\CCN1CCN(c2ccccc2O)CC1)c1ccc(F)cc1,-6.7,3.448418586931581,10_1234
COc1ccccc1-c1cc(-c2ccccc2F)no1,-7.2,3.623056367107777,10_1235
O=S(=O)(Nc1ccc(F)c(C#Cc2cnc3[nH]ncc3c2)c1F)c1ccccc1F,-7.9,3.627232477775805,10_1236
COc1ccc(N2CCN(C(=O)C(CCC(=O)O)Nc3cc(-c4ccccc4)nc4ccccc34)CC2)c(OC)c1,-7.0,3.4029939058383487,10_1237
Cc1ccc2[nH]c(=O)c(CN(Cc3cccs3)C(=O)c3cccs3)cc2c1,-7.2,3.7076209546151624,10_1238
c1ccc(OCCNc2nc3ccccc3n3cnnc23)cc1,-6.8,3.640571690708515,10_1239
O=C(Nc1ccc2c(c1)OCO2)c1ccc2c(c1)CN(C(=O)Nc1ccccc1)C2=O,-8.0,3.5971428684786835,10_1240
O=C(N[C@@H](Cc1cc(F)cc(F)c1)[C@H](O)[C@H]1C[C@@H](OCc2ccccc2)CN1)C1CCCN1c1ccnc(-c2ccccc2)n1,-7.8,3.188234293887591,10_1241
C=CCOC(=O)c1ccc(-c2cc(-c3ccccc3)nc3c2COc2ccccc2-3)cc1,-8.0,3.423292163947735,10_1242
COc1ccc2c(c1)C(=CCNC(=O)C(F)(F)F)Cc1cc(O)ccc1N2S,-7.4,2.642223558832197,10_1243
CCN(c1ccc(OC)cc1)S(=O)(=O)c1nnc(NC(=O)c2cccc(C)c2)s1,-6.6,3.629473076539047,10_1244
O=C(O)c1cccc(NC(=O)c2[nH]c(-c3ccccc3)nc2CCC23CC4CC(CC(C4)C2)C3)c1,-8.1,3.2150304157740437,10_1245
Cc1ccc(CN2C(=O)CC[C@H]3CN(C(=O)c4ccc(-c5ccccc5)cc4)CC[C@@H]32)cc1,-7.3,3.483631458873223,10_1246
CC(C)CCNC(=O)c1ccc(NC(=O)N2Cc3ccc(C(F)(F)F)cc3C2)cc1,-7.1,3.664389165833853,10_1247
CC1(C)C=Cc2cc(CC(NC(=O)c3ccccc3)C(=O)O)ccc2O1,-6.9,3.732986949689632,10_1248
COc1cc(-c2ccc3ncc(C(C)=O)c(N[C@H]4CC[C@H](NC(C)=O)CC4)c3c2)cc(Cl)c1O,-7.4,3.52256814942585,10_1249
C[N+](C)([O-])CCCN1c2ccccc2Sc2c(Cl)cc(Cl)cc21,-6.3,3.523011504992962,10_1250
O=c1c2cc(-c3ccccc3)n(S(=O)(=O)c3ccc(Cl)cc3)c2nc(Nc2cccc(Cl)c2)n1-c1ccc(F)cc1,-7.6,3.3569975046046476,10_1251
CCC(c1nnnn1Cc1cccs1)N1CCN(c2nc3ccccc3s2)CC1,-7.1,3.5568138244660137,10_1252
O=C(Cn1ccn(CC2C=Cc3ccccc3NC2=O)c1=O)NCc1ccccc1Cl,-7.8,2.74213338789568,10_1253
CN(C)C(=O)c1ccccc1-c1ccc(CC(NC(=O)[C@@]2(c3ccc(Cl)c(Cl)c3)CC(=O)N(C)C2=O)C(=O)O)cc1,-7.2,3.4311924712038584,10_1254
CC1(C)CC=CCC(=O)[C@@](Br)(C#CCCCCl)c2c1cnn2-c1ccccc1,-5.9,1.114361596224776,10_1255
O=C(Cn1cccc1C(=O)c1ccccc1)Nc1ccccc1C(=O)N1CCOCC1,-7.4,3.7126678843710774,10_1256
CNN=C([CH]c1c(-c2cccc(NC(=O)Nc3ccccc3)c2)n[nH]c1C=O)c1cc(NS(C)(=O)=O)ccc1OC1CCCC1,-7.4,2.7507970172069847,10_1257
O=C(CCc1c[nH]c2ccccc12)NCC(=O)NC(Cc1ccccc1)C(=O)Nc1ccccc1,-7.0,3.3765947941263255,10_1258
CN1CCN(CCCNC(=O)c2ccc3c(c2)N(Cc2ccccc2)C(=O)c2ccccc2[S+]3[O-])C1,-7.6,2.532572172473717,10_1259
CN(C)c1ccc(-c2cc(-c3ccc4c(c3)CCO4)c3ncccc3n2)cc1,-7.9,3.5815604381127164,10_1260
CCC(NC(=O)C(N)CC(=O)O)C(=O)NC(C)C(=O)NCC(=O)N1CCCC1C(=S)N[C@H](CC(=O)N[C@@H](Cc1ccccc1)C(O)C(=O)Nc1cccc(C(=O)O)c1)C(C)C,-6.3,2.4275504597883666,10_1261
COc1ccc(Cl)cc1S(=O)(=O)N1Cc2ccccc2CC1C(=O)Nc1nccs1,-7.8,3.754640339347781,10_1262
Cn1cc(-c2cc(F)c3nnc(Cc4ccc5ncccc5c4)n3c2)cn1,-7.7,3.5455767280311896,10_1263
Cc1cccc(-c2nnc3cc(-c4ccccc4C(F)(F)F)cccc2-3)n1,-7.3,2.5517298216114375,10_1264
O=C(NC=CN=CCC(=O)c1cn(CCO)c2ccccc12)NCCc1ccc(Cl)cc1Cl,-5.7,3.450672444521591,10_1265
O=C(c1ccc(Oc2ncccc2[C@@H]2CCC[C@H](O)C2)cc1)c1nc2ccccc2[nH]1,-7.8,3.5903287355331726,10_1266
O=C(COc1ccccc1-c1ccccc1)c1ccc2c(c1)OCO2,-6.8,3.6310276405786324,10_1267
O=C(O)CNS(=O)(=O)c1ccc(NS(=O)(=O)c2cc(Cl)ccc2Cl)cc1,-6.6,3.464228488834468,10_1268
C=CCCC(=O)Nc1nonc1-c1nc2ccccc2n1Cc1ccc(OC(CC)c2ccccc2)cc1,-6.7,3.2824408412747825,10_1269
C=CCOc1cc(=O)c2c(OCC=C)cccc2c(=O)c2c1[C@](O)([C@H](O)[C](C)O)C(C)(C)C(=O)C2OC(C)=O,-6.1,1.302086603584529,10_1270
NCCCCC(NC(=O)c1cccc(-c2ccc(Oc3ccc(F)cc3)cc2)n1)C(=O)O,-6.6,3.5139739426632586,10_1272
CC=C1CC(=Nc2nnc(Nc3ccc(C(F)(F)F)cc3)c3ccccc23)C=C1C,-7.5,3.6839310609325873,10_1273
O=C(Nc1cccc(C(F)(F)F)c1)C(Cc1cccs1)=NC(=O)c1ccco1,-7.0,3.7237734714378234,10_1274
O=C(Nc1ccc2ccccc2c1)N1CCC2(CCCC2)C1,-6.6,3.365801771185906,10_1275
CCc1nc2ccc(C(=O)NCc3cccs3)cn2c1N(C)Cc1ccc(OC)cc1,-6.1,3.6547441657804485,10_1276
CC(=O)c1ccc(S(=O)(=O)Nc2ccccc2-c2ccc(C(F)(F)F)cc2C)cc1,-7.2,3.6725308749885865,10_1277
CCN(CC)C(=O)c1cnn(-c2ncc3c(n2)-c2ccccc2CCC3)c1C1CC1,-6.8,2.674016497359079,10_1278
CCOCCOC=CC(=CN=CC(C)(C)O)CC1=CC=NC=NC(=Nc2cccc(-c3c[nH]cn3)c2)C=C1,-6.4,0.9793376879948372,10_1279
CC(=O)NCCC(=O)NC(C(=O)Nc1cccc(-c2nc3ccccc3[nH]2)c1)c1ccccc1,-7.9,3.442468683481086,10_1280
CCC(=O)C=NNc1c(O)n(Cc2ccc(Cl)cc2)c2ccccc12,-6.6,3.6653873299340187,10_1281
CC(C)CC(N)C(=O)NC(Cc1ccccc1)C(=O)N1CCCC1C(N)=O,-6.5,3.4294164154171236,10_1282
COc1ccc2c(c1)cc(C(=O)O)n2C,-5.3,3.579946274928864,10_1283
O=[N+]([O-])c1ccc(-c2cc(-c3cc4ccc(O)cc4o3)nc(-c3ccccc3)n2)cc1,-9.3,3.449002991588448,10_1284
COc1ncc(CNC(=O)c2cnccn2)cn1,-5.4,3.580396784323123,10_1285
CC=C1C=CC=CC(=CCc2ccc(C(=O)Nc3cccc(C(F)(F)F)c3)cn2)C=NC(CC(=O)O)C1,-8.0,1.4924024996298852,10_1286
Cc1ccccc1CNC(=O)C(c1ccccc1C)N1CCc2c([nH]c3ccc(Cl)cc23)C1c1cccc(Br)c1,-8.3,3.1756897369672386,10_1287
COc1cccc(C(=O)c2cn(C)c(CCC(=O)O)c2C)c1,-5.5,3.7193577472083397,10_1288
Cc1c(-c2ccccc2)nc(Cl)n1Cc1cc(Br)ccc1OCc1ccccc1,-6.8,3.483036127357275,10_1289
COc1ccc(CCNC(=O)c2cc(Cl)ccc2OC)cc1OC,-6.3,3.7984248722008473,10_1290
COc1ccc(-c2cnc3ccc(Cc4ccccc4)nn23)c(OC)c1,-6.8,3.671621246655036,10_1291
C=C(c1cc(OC)c(OC)c(OC)c1)c1ccco1,-5.8,3.6822131557169717,10_1292
Cc1ccc(-c2ccc(-n3ncc4c3CCCC4NC(=O)c3ccccc3)cc2)cc1,-7.2,3.571574787367137,10_1293
Cc1ccc(C(=O)c2ccc3c(-c4nc5ccccc5o4)[nH]nc3c2)cc1,-7.7,3.5338419148023155,10_1294
CC(=O)c1ccc(OC(=O)N2CCN(C(=O)c3ccc(OC(C)C)cc3)CC2)c(C)c1,-6.5,3.6760480509656994,10_1295
O=C(NC(=S)Nc1ccc(SSc2ccccc2NC(=O)c2ccc(Cl)c(Cl)c2)cc1)c1ccccc1,-7.2,3.269604180723018,10_1296
C=C[C@@H]1C[C@]1(NC(=O)C1C[C@@](O)(c2ccc(OC)cc2)CN1C(=O)C(NC(=O)OC(C)(C)C)C(C)(C)CC=O)NS(=O)(=O)C1CC1,-5.9,2.501833873583271,10_1297
O=C(NC1CCCC1)c1cc2cc(Nc3nccc(-c4cc(OCCC(F)(F)F)ncn4)n3)ccc2[nH]1,-7.5,3.4120799140811293,10_1298
O=C(CSc1nnc(-c2ccc(Cl)cc2)n1C1CCCCC1)Nc1ccc(Cl)cn1,-6.9,3.6506064502599607,10_1299
COC(=O)c1ccccc1NC(=O)CCNS(=O)(=O)c1ccc2c(c1)CC(C)N2C(C)=O,-6.7,3.587866780746464,10_1300
COc1ccc2[nH]c(C)c(CC(=O)NC(C=Nc3ccc(C)c(C)c3)CCCN=C(N)CF)c2c1,-7.5,3.3333218405228346,10_1301
O=c1[nH]c(-c2ccc(O)cc2O)nc2cc(Cl)ccc12,-7.6,3.5932700475889496,10_1302
CNCC=Nc1ccc2c(c1)sc1nc(-c3ccc(NC(=O)Nc4cc(C(C)(C)C)on4)cc3)cn12,-6.4,3.2569011409113,10_1303
OC(c1cn(Cc2ccccc2)nn1)c1cc2ccccc2c2ccccc12,-7.8,3.500841079113888,10_1304
CC(C)CCC[C@H]1C[C@](C)(O)CC=C2c3ccc(NCCCO)cc3CCC21,-6.5,2.262816002097181,10_1305
Cc1cc(C)nc(N=NNc2ccc(-c3cccc4ccccc34)c(C#N)c2)n1,-7.7,3.5578125532104083,10_1306
C[N+]=Cc1ccc2c(OCO)cccc2c1C(=O)OC=c1ccccc1=Cc1cnc2ccccc2c1,-8.9,3.3393330982224945,10_1307
O=C(c1cccc(-c2cc3ccccc3oc2=O)c1)N1CCCCCC1,-7.4,2.6147346050582745,10_1308
COC=CC=CC(=O)N1CCN(C(=O)c2ccc3cc(Oc4ccc(C(F)(F)F)cn4)ccc3n2)CC1,-7.1,3.4576612454869142,10_1309
C[C@@]1(O)CC[C@H]2[C@H](CC[C@@H]3[C@@H]2CC[C@]2(C)C(C(=O)Cn4ccnc4)CC[C@@H]32)C1,-7.3,3.281494680772825,10_1311
O=C(NC1=Cc2ccccc2CC=CC2=CC21)c1ccc(C(F)(F)F)cc1,-7.6,1.2497582327068004,10_1312
CC1CCC[C@@H](C)C[C@H](C)CCCC(=CCCc2ccccc2)C(=O)C(=Nc2ccc(F)c(-c3ccccc(-c4ccccc4)cncc3)c2)CC1,-7.2,1.5754785676004577,10_1313
Cc1[nH]c2ccc(Cl)cc2c1C1=CCNCC1,-5.6,3.394914126315456,10_1314
Cc1ccc(NC(=O)c2cc(NC(=O)c3ccccc3C(F)(F)F)ccc2N2CCCCC2)cc1,-7.5,3.610773171214901,10_1315
CN(CC(=O)Nc1ccccc1N1C(=O)c2ccccc2C1=O)c1nccc2ccccc12,-8.1,3.6331836686699885,10_1316
COC1=CC=C(N2Cc3ccc(C)cc3N=C2c2ccc(C)cc2)OC=C1,-6.8,2.5683438228330813,10_1318
O=C(Nc1cccc2c1C[C@@H](O)C2)N[C@@H]1CC[C@@H](c2ccccc2)C1,-7.3,3.491277810171683,10_1319
CC=Cc1cccc(CC=NC=NCC(=O)NCCc2ccc(C)cc2)c1,-5.4,3.5124138602683876,10_1320
O=C(Cc1ccccc1)Oc1ccc(N(CCCl)CCCl)cc1,-5.6,3.472242704777592,10_1321
C[CH]C1CC2C3CC=C4CC(=O)CCC4(C)C3C(=O)CC2(C)[C@@]1(O)C(=O)COC(=O)CCc1ccc(N(CCCl)CCCl)cc1,-5.4,2.7786324215102334,10_1322
O=C(Nc1cccc(Nc2ccc3c(C=Cc4ccccc4)[nH]nc3c2)c1)Nc1cccc(C(F)(F)F)c1,-7.9,3.1070894402050664,10_1323
COc1ccc(OC)c(-c2nc(C)c(CCNC(=O)Nc3ccc(C(C)C)cc3)s2)c1,-6.4,3.662834040635931,10_1324
O=C(Nc1nc2ccc(Nc3nc(NCCO)nc(C(F)F)n3)cc2s1)c1cccc(C(F)(F)F)c1,-7.6,3.1497976031773347,10_1325
c1ccc(COc2ccc3c(c2)CCNCC3)cc1,-6.3,2.521531242459676,10_1326
CCC1=CC(=NC=NC=C=NC(=N)Nc2ccccc2S(=O)(=O)C(C)C)C=C1,-6.3,3.555247876396259,10_1327
Cc1ccc2cc1N=C1N=C(N)N(OCCCO2)C2(CCOCC2)N1,-7.5,0.9662449111865001,10_1329
Nc1nc(Nc2ccccc2[N+](=O)[O-])cc(-c2cccc(C3=CC[C@@H](O)CC3)c2)n1,-7.9,3.4648486795507525,10_1330
CN1[CH]C2C[C@@H]1C[C@@H](Nc1ncnc3c1ncn3[C@H]1C[C@H](O)[C@@H](CSc3ccc(F)cc3)O1)[C@@H]2O,-7.2,3.175389436922412,10_1331
CC=C(C=CC=Cc1c(-c2ccccc2C)n[nH]c1C1=CC=COC1)N=C(C)CC(=O)c1ccc2ccc3cccc4ccc1c2c34,-6.5,2.750448831486308,10_1332
C=CCCNS(=O)(=O)c1ccc(NC(=O)C(C)(O)c2ccccc2)cc1,-6.6,3.538621219266143,10_1333
COCCNC(=O)c1c(O)c2ncc(Cc3ccc(F)cc3)cc2n(CC(=O)N(C)C)c1=O,-6.6,3.5488462104644904,10_1334
C=CCNc1nnc(-c2ccc(-c3ccc(OC)cc3)cc2-c2cccc3cccnc23)o1,-7.9,3.4355378931537626,10_1335
Cc1oc(-c2ccco2)nc1CN1CCC(Cc2ccccc2)CC1,-7.5,3.6830547142152406,10_1336
CCOC(=O)C(N)Cc1c[nH]c2c(-c3cccc(C(F)(F)F)c3)cc(C#N)cc12,-7.2,3.7066120142015473,10_1337
COC=C1C=CC(CNC(=O)C(=Cc2c3cc4c(c2O3)OCCO4)C(=O)NCc2ccc(C)o2)=C1,-7.5,3.1177906353147007,10_1338
Cc1c(C(=O)N=C2C=CCCC2C)nc(Nc2cccc(Cl)c2)c2ncn(C(C)C)c12,-7.1,3.707349633929563,10_1339
CCCCCCN(C(=O)NCCCC)[C@H]1CCS(=O)(=O)C1,-4.7,2.2488916959079477,10_1340
CC(C)c1cc(C(=O)NCC2CCN(Cc3ccc(F)cc3F)CC2)n(-c2cccc(C(F)(F)F)c2)n1,-7.4,3.588484810309362,10_1341
CC[N+](C)(C)CC(C)Cc1cc2ccc(OC)cc2o1,-4.8,3.4786478286040636,10_1342
NCc1ccc(-c2ccccc2/C=N/n2cnnc2)cc1,-6.6,3.7031423098691394,10_1343
CCOC=NC(=Nc1cccc(C(C)C)c1)C(=O)Nc1c(C)n(C)n(C2CCCC2)c1=O,-6.8,3.6511029496916434,10_1344
C=C(Cl)C(C=CC[C@@H]1CC[CH]OC1)=Nc1nc(N2CC3CCC(C2)O3)nc2c1C(=O)N(CC)CC(C)(C)C2,-7.7,2.1376577462115947,10_1345
O=C(NCCc1ccccc1)c1c(O)[nH]c2c(c1=O)CCCC2,-6.9,3.6415659968524494,10_1346
Cn1cc(-c2cccc(-c3ccc(Cl)s3)c2)c2cnc(N)nc21,-7.3,3.6791760417146353,10_1347
C#CC=CC=CN=C(OCC)c1cccc(-c2ccc(C(=O)c3cccnc3)cc2)c1,-6.8,3.1941210762978924,10_1348
CC(C)[C@@](C)(NC(=O)N1CCC2(CC1)OCCO2)c1nc(-c2ccccc2)no1,-7.7,3.668695727626834,10_1349
COC=C1C=C2C=CC(=O)C(=CC=C(COC)OCc3cn(Cc4ccc5nc(C)c(C)cc5c4OC)nn3)C2C=C1OC,-6.1,3.096064428606029,10_1350
CC1N=CC(CN2CCc3ccccc3C2)=CC2=C(c3nc(-c4cn(C)nn4)cs3)CC=C21,-8.3,2.5047416063971846,10_1351
CCCc1c[nH]c([C@@H]2Cc3ccccc3N2C(=O)CCN)n1,-5.7,3.7045861208244393,10_1352
O=C(/C=C/c1ccccc1)Nc1ccc(O)cc1,-6.2,3.4804343549255643,10_1353
O=c1c(-c2ccnc(Nc3ccccc3)n2)c(-c2cccc(C(F)(F)F)c2)[nH]c2cc(Cl)ccc12,-8.7,3.3670387545036813,10_1354
CCCNN=C(C1=CCCN(C(C)=O)CC1)c1cccc(-c2cc3cc(F)ccc3[nH]2)c1,-7.1,2.5179074154439123,10_1355
O=S(=O)(Nc1cc(C(F)(F)F)ccc1Oc1ccccc1)N1CCOCC1,-6.8,3.751341338354477,10_1356
Oc1cccc(-c2cc(-c3cccc(Cl)c3)nc3c2Cc2ccc(O)cc2-3)c1,-9.0,3.5185062517423136,10_1357
O=C(COc1cccc(O)c1)NN=Cc1ccccn1,-6.0,3.572970811271311,10_1358
COc1ccc(-c2cc3cc(CCC(=O)O)cnc3o2)cc1Cn1cccn1,-7.3,3.691541266087257,10_1359
CN(CC(=O)Nc1ccc(Cl)c(C(F)(F)F)c1)C(=O)c1cccc(S(=O)(=O)N2CCN(c3ccccc3)CC2)c1,-7.8,3.5971192117773523,10_1360
CCn1cc(-c2ccnc(C(=O)Nc3ncc(C)s3)c2)cc1C(=O)NCC1=CC=C(C)C1,-7.8,3.6963563134519903,10_1361
N#CCNC(=O)/C(C#N)=C\c1ccccc1C(F)(F)F,-5.4,3.435797930367208,10_1362
Cc1nc2ccccn2c1-c1ccnc(Nc2ccc(N3CCC(N(C)C)CC3)cn2)n1,-6.4,3.6641216941213046,10_1363
C=CCc1cc(-c2cc(Br)ccc2OC)ccc1O,-6.2,3.571859172106373,10_1364
NS(=O)(=O)c1ccc(NC(=O)CSc2n[nH]c3nc(=O)c4ccccc4n23)cc1,-7.5,3.279613716032544,10_1365
Cc1ccccc1Sc1nc(N)cc(Cl)n1,-5.0,3.5510388668158095,10_1366
O=C(OCc1ccccc1)N1CCC(=C2c3ccc(Cl)cc3CCc3cccnc32)CC1,-8.2,2.5182947490173295,10_1367
CCc1ccccc1C(=O)N1CCC(C(=O)NCc2ccccc2)CC1,-7.0,3.6751677503607345,10_1368
COc1cccc(CC(=O)Nc2ccc3c(c2)OCCO3)c1,-6.5,3.7755922131781516,10_1369
O=Cc1ccccc1NC(=O)Nc1ccccc1,-6.4,3.5670966009104017,10_1370
COC(=O)CN(c1ccc(NC(=O)c2ccc(-c3ccccc3)cc2)cc1)S(C)(=O)=O,-6.1,3.680233362194368,10_1371
C=CC(=O)Nc1cccc(-c2ccc(NCc3ccccc3O)cc2)c1,-6.9,3.5437010252209493,10_1372
C=CCn1c(O)cnc1Nc1ccc(OC)cc1OC,-5.6,3.6560397125931354,10_1373
O=C(CCC(=O)N1CCN(Cc2ccc3ccccc3c2)CC1)Nc1ccc(Br)cc1,-6.6,3.6971846350979978,10_1374
O=C/N=C/c1cn(Cc2cn(-c3cccc(C(F)(F)F)c3)nn2)nc1-c1cc(Cl)ccc1OC(F)F,-7.1,3.289806714100572,10_1375
Cc1cc(Nc2ccc(-c3nc(C)no3)cc2)ncn1,-6.6,3.7327647260597248,10_1376
COc1ccc(OC)c(Nc2ccc(-c3nc4ccccc4[nH]3)s2)c1,-6.6,3.6971057585601788,10_1377
CSCCC(NC(=O)C(Cc1c[nH]c2ccccc12)NC(=O)CNC(=O)CNC(=O)C(N)Cc1ccc(O)cc1)C(=O)NC(Cc1ccccc1)C(N)=O,-6.8,2.609107589789119,10_1378
COc1ccc(OC)c(CCn2cnc3sc4c(c3c2=O)CCC(NCc2ccc(F)cc2)C4)c1,-6.6,3.5983576024691026,10_1379
C=CCn1c(SCC(=O)Nc2nc(-c3ccccc3)cs2)nnc1-c1cccs1,-6.2,3.490672145276127,10_1381
O=C1COc2ccc(C(=O)/C=C/c3ccccc3)cc2N1,-6.3,3.6058282895056664,10_1382
O=C1c2ccccc2C(=O)N1c1nc(C2CCC2)nc2ccccc12,-7.5,3.5803851081693656,10_1383
Cc1ccccc1Nc1c(Nc2cccc(Cl)c2)c(=O)c1=O,-7.1,3.6925388962055106,10_1384
Cc1cc2c(cc1C(F)(F)F)NC(=O)CC(c1cccc(-c3cccc(C#N)c3)c1)=N2,-8.4,2.6901781728265153,10_1385
O=c1[nH]c(O)c(Cc2ccc(OCc3nc(-c4ccccc4)c(Cc4ccccc4)o3)cc2)s1,-8.0,3.460010169839146,10_1386
O=C(NCC(=O)N1CCN(c2ccccc2)CC1)c1ccc(Cl)cc1,-6.6,3.7702412301063566,10_1387
CC(C)C[C@@H](CS(=O)(=O)F)NC(=O)C(CC(N)=O)NC(=O)OCc1ccccc1,-6.0,3.2526628964237414,10_1388
Cc1ccc(-c2nc(Cn3c(=O)cc(-c4ccccc4)c4c(C)nn(C)c43)c(C)o2)cc1,-7.6,3.5209729900186444,10_1389
Cc1cc(C)cc(-c2[nH]c3ccc(C(C)(C)C(=O)N(C)C)cc3c2CCNCCCCc2ccc(F)cc2)c1,-6.5,3.232859488154589,10_1390
CC=CC=CC,-3.3,1.2169872276435845,10_1391
O=C(Nc1ccccc1-c1nc(Nc2ccc3[nH]ncc3c2)c2ccccc2n1)c1ccc(F)cc1,-10.2,3.396779828627356,10_1392
CN(C)c1ccc(NC(=O)CCC(=O)NCC2CCCN2c2cccc(Cl)c2)cc1,-6.3,3.694754899724977,10_1393
Cc1ccc2c(c1)C(C)(C)C(c1ccc(O)cc1C)N2,-6.2,3.458181936233687,10_1394
COc1cc2c(cc1OC)C(C)N(C(=O)c1cc3c(s1)-c1ccccc1OC3)CC2,-7.2,3.598007020471403,10_1395
CN(C)c1ncc2nc(-c3cc(F)cc(F)c3)c(=O)n(-c3ccc(C#N)cc3)c2n1,-7.2,3.6148755804711685,10_1396
Cc1cc(C2=NN(C)CC(CC=N[C@@H]3CC[CH]OCCC=CO3)=C2)c(F)c(N2C=CC=Cc3c(N)ncnc32)c1,-7.8,1.1547843583546138,10_1397
O=C(Nc1cccc(-c2nn[nH]n2)c1)c1cc2c(s1)-c1ccccc1OC2,-7.9,3.632976491225506,10_1398
COCCOc1cc(-c2ccc(Cc3ccc(OC(C)=O)c(C(C)C)c3)cc2)cnc1OC,-6.1,3.4137055515768386,10_1399
Cc1cccc(C(=O)N2CC[C@H](N(C)C(=O)c3ccc(F)cc3O)[C@H](C3CCN(CC4=CC=COC4)CC3)C2)n1,-7.3,3.4381297803033206,10_1400
CC(C)c1ccc(-n2cnc3ccccc32)c(C(N)=O)c1,-6.6,3.718977263698637,10_1401
NC(=O)c1ccccc1N1C(=O)c2ccc3c4c(ccc(c24)C1=O)C(=O)N(C1CCNCC1)C3=O,-8.4,3.337601443352768,10_1402
NC1=NC(c2ccccc2)(c2ccccc2)C(=O)N1c1nc2ccccc2s1,-7.8,3.699983680116608,10_1403
CC(C(=O)Nc1ccc(S(=O)(=O)N2CCCC2)cc1)c1ccccc1,-6.5,3.79629824750988,10_1404
Cc1ccc(NC(=O)c2cnc(Nc3ccc(C#N)cc3)cc2Oc2c(C)cc(C#N)cc2C)cc1,-7.8,3.5183046955894888,10_1405
COc1ccc(-c2cc(Oc3ccc(Cl)cc3)c3c(n2)-c2ccccc2C3=O)cc1,-8.1,3.5589344547417534,10_1406
N#CCCCCCCCCCCCCCCCC(=O)O,-4.1,1.7479921417518391,10_1408
COc1cc(C[C@@H](C)[C@@H](C)Cc2ccc(OC(=O)c3ccc(C#N)cc3)c(OC)c2)ccc1OCC(=O)Nc1ccc(Cl)cc1,-5.0,3.1432343872587065,10_1409
CC(C)N=C(N)c1ccc2oc(-c3cccc(NC(=O)c4cccc(OC(C)C)c4)c3)cc2c1,-7.1,3.455731261465341,10_1410
CCCn1c(=O)c2[nH]c(-c3ccc(OCC(=O)Nc4ccc(-c5ccccc5)cc4)cc3)cc2n(C)c1=O,-6.8,3.4360395925950638,10_1411
C=CC=CCNC(=O)COC(=O)c1ccc(O)cc1,-5.5,3.4916146327640605,10_1412
O=C(Nc1cccc(Br)c1)c1ccc2nccn2c1,-5.8,3.692971109888455,10_1413
Cc1ccccc1CS(=O)(=O)NC(CC1CCCCC1)C(=O)N1CC=CC1C(=O)NC1CCCCNC1,-7.1,2.1930251436252033,10_1414
O=S1(=O)c2ccccc2CN1c1cccc(F)c1,-6.5,3.5295473232447305,10_1415
O=C(CCCCCn1c(=O)c2ccccc2n(CC(=O)Nc2ccc(Br)cc2F)c1=O)NCc1ccccc1Cl,-6.7,3.332747949909242,10_1416
CN(C(=O)c1ccc2c(c1)c1c(n2C2C=CN3C=CSC3=N2)CCC(=O)N1)C(C)(C)C,-7.7,3.518367941885633,10_1417
CC(=CCc1c(C)cccc1C)C1=NC(=Nc2ccc(S(=O)(=O)N3CCCC3)cc2)SC1=N,-7.0,3.6513361943415648,10_1418
O=C(Nc1nc2ccccc2c(=O)o1)c1ccc(S(=O)(=O)N2CCCCC2)cc1,-7.7,3.7314184734192466,10_1419
CC=C1C=CC(CC(=O)N(Cc2cccc(C#Cc3ccccc3)c2)c2cccc(-c3ccccc3)c2)=C1,-8.0,3.0309280335245044,10_1420
Cc1nc2c3c(c(C(=O)N(C)C)cn2c1C)CCC1(CCc2ccccc21)O3,-8.2,3.542658248506573,10_1421
COc1ccc(-c2csc(NC(=O)C3CCCCN3S(=O)(=O)c3cc4ccccc4[nH]3)n2)cc1,-7.4,3.5893790579099676,10_1422
C=CCc1cc(/C=C2\CCCC3=C2NC(=O)NC3c2ccc(C(=O)OCC)cc2)ccc1OCCOc1ccccc1C,-6.7,3.121061558071998,10_1423
CC=C1OCOc2nc3c(c(=O)n(Cc4ccc(Cl)cc4)c(=O)n3C)n21,-8.0,3.579195545643667,10_1424
COc1ccc(C(CNC(=O)c2ccc3c(c2)C(C)(C)CCC3(C)C)N2CCSCC2)cc1,-6.9,3.554242527482603,10_1425
Cc1cccc(-c2ccc(C3[C@@H](CO)N(C(=O)c4ccc(F)cc4)[C@@H]3CO)cc2)c1,-7.3,3.687815219503162,10_1426
O=C(Nc1ccccc1-c1cccc(Cl)c1)c1cccc(C#CCO)c1,-6.9,3.5562694226170306,10_1427
O=C(O)C(C[C@@H](O)[C@@H](S)C[C@H](O)Cc1ccc(/C=C/CNc2ccnc3cc(Cl)ccc23)cc1)OCc1ccccc1,-6.2,2.953795244854575,10_1428
CNC(=C[n+]1ccccc1)Oc1cccc(-c2cc3cccnc3[nH]2)c1,-7.2,3.5526121976383225,10_1429
O=CCCCC(O)C=CC=CBr,-3.8,1.8455879356795375,10_1430
COc1ccc(C(=O)Nc2ncc(C)s2)cc1S(=O)(=O)N1CCCc2ccccc21,-7.5,3.7631866367528186,10_1431
O=C(Nc1ccccc1)c1cc(-c2ccc(Cl)s2)nc2ccccc12,-7.5,3.642483085344745,10_1432
O=c1cc(-c2cccc(-c3ccccc3OC(F)(F)F)c2)ccn1[C@@H]1C[C@@H](O)[C@H](O)[C@H]1O,-7.1,3.645351550853989,10_1433
CCCn1nccc1S(=O)(=O)Nc1c[nH]c(=O)n(-c2cccc(C(C)=O)c2)c1=O,-7.2,3.4531504180220116,10_1434
C=C1/C(=C\C=C2/CCC[C@]3(C)[C@@H]([C@H](C)[C@@H](CC)CC(C)(C)O)CC[C@@H]23)C[C@@H](O)C[C@@H]1O,-6.6,3.0444119432049717,10_1435
COC(=O)C1=CC=CCNC(=O)N(Cc2ccc3c(c2)-c2ccccc2C3)C(C(=O)O)C(C)C=C1,-7.1,1.587212321605218,10_1436
Cc1ccc(S(=O)(=O)N2CCOCC2)cc1NC(=O)CCCOc1ccc(Cl)cc1,-5.9,3.667444312816562,10_1437
C#CCOc1ccc(-c2ccccc2C(=O)O)cc1CNC(=O)c1ccc(C(F)(F)F)cc1F,-7.6,3.560740849412774,10_1438
Cc1c(C#N)cccc1-c1cc(C(F)(F)F)n2nc(C(=O)NCc3ccncc3)cc2n1,-7.4,3.6918820356924558,10_1439
CCn1c(=O)cc(OCC(=O)NCc2ccccc2OC)c2ccccc21,-6.3,3.7655113835231178,10_1440
O=C(Nc1ccc(NC(=O)c2cccs2)c(Cl)c1)c1cccc(N2C(=O)C=CC2=O)c1,-7.7,3.6543594224849185,10_1441
CC(C)NS(=O)(=O)c1ccc2[nH]c(O)c(N=Nc3cccc(C(=O)O)c3)c2c1,-6.8,3.41493151680403,10_1442
CON=C1CC2(c3cccc(Br)c3)NC(c3cccc(Cl)c3)C1C(c1cccc(F)c1)NC2c1ccc(Cl)cc1,-8.5,2.1496901908166626,10_1443
[CH]SCC(COC(=O)c1ccc(C(=O)NCC2(c3ccccc3)CCCC2)cc1)C(=NC(=O)[CH]NC(=O)Cc1ccccc1)C(=O)O,-5.8,3.0510139520640283,10_1444
C[C@]12CC[C@H](O)CC1=CCC1C2CC[C@]2(C)C(n3nccn3)=CCC12,-6.6,3.2162372642869266,10_1445
Cc1ccc(-c2nc(C)c(C(=O)NN=Cc3ccc(O)c(O)c3)s2)cc1,-7.4,3.485616364669733,10_1446
COc1cnc(-c2ccccn2)nc1NCc1ccccc1F,-7.3,3.7768783614967085,10_1447
Oc1cc(Br)cc2ccc(Cl)cc12,-5.4,3.341697986736059,10_1448
O=C(NC1CCN(CCCc2ccccc2)CC1)c1ccc2ccccc2c1,-6.5,3.574956526590303,10_1449
COc1ccc(C(=O)c2ccc3c(ccn3C)c2)cc1OC,-6.1,3.649645803701921,10_1450
Cc1cc(C)nc(Sc2ccc(C(=O)NCCc3ccc(N)cc3)cc2)n1,-6.4,3.632296460140606,10_1451
O=C(/C=C/c1ccc(N2CCN(Cc3cn(-c4cccc(F)c4)nn3)CC2)cc1)OCc1ccccc1,-6.8,3.437986609575274,10_1452
Cc1ccccc1-c1cn(-c2ccc(S(N)(=O)=O)cc2)nc1-c1ccc2c(c1)OCCO2,-7.6,3.6943578846632557,10_1453
O=C1N=c2ccccc2=C1CC(=O)c1ccc(NC2CCCC2)c([N+](=O)[O-])c1,-7.2,3.502748228892862,10_1454
C/C=C(/C)C(=O)O[C@@H]1[C@@H](O)[C@H](OC(=O)/C(C)=C\C)[C@@]2(CO2)[C@@H](OC(=O)C(C)C)[C@H]1OC(=O)C(C)C(C)C,-6.2,2.8440863320899505,10_1455
COc1ccc2c(c1)CCN(c1ccc(C(=O)Nc3ccc(F)cc3F)nc1)C2,-8.1,3.7874816729451117,10_1456
N#C/C(=C\c1ccc(OCc2ccc(F)cc2)cc1)C(N)=O,-6.2,3.642630768403152,10_1457
Cc1cccc(C)c1NC(=O)CN(c1ccccc1F)S(=O)(=O)c1ccccc1,-7.4,3.765783004019427,10_1458
OCCCNc1nc(-c2ccccc2)nc2c1nnn2Cc1ccccc1-c1ccccc1,-8.4,3.433510905658574,10_1460
CCCOc1ccc(S(=O)(=O)N2CCN(S(=O)(=O)c3ccc4c(c3)OCCO4)CC2)cc1,-7.4,3.4873762334096434,10_1461
Cn1c(=O)[nH]c(=O)c2c1[nH]c(=S)n2CC1CCCO1,-6.1,3.422803265375157,10_1462
O=C(CN1c2cccc3cccc(c23)S1(=O)=O)Nc1ccc(Cl)cc1,-7.3,3.7525769590815266,10_1463
CC=CC(=CC=N)N1C=NN(C2CC2)c2cnc(Nc3ccc(-n4cnc(-c5ccccc5)c4)cc3N)cc21,-6.3,3.037889970915258,10_1464
NCCNc1ccc(-c2nc(-c3cccc4c3CCC4NCc3ccccc3)no2)cc1,-6.8,3.5308461086194596,10_1465
CC(C)n1nnnc1-c1ccc(NC(=O)Nc2ccccc2Cl)cc1,-7.1,3.751121392399269,10_1466
C/C=C\c1cc(C)cc(C)c1O,-4.8,3.143147579439093,10_1467
Cc1ccc([C@H](C)NC(=O)c2ccc3c(c2)CCC3)cc1,-6.9,3.479641318157124,10_1468
N#Cc1cccc(NC(=O)c2cccc(CN3CCCN(CC4CCCCC4)CC3)c2)c1,-6.3,2.6120074009082908,10_1469
COc1ccc(C(=O)N[C@H]2CN(C(=O)c3ccc(C)nc3C)C[C@@H]2c2ccccc2F)cc1,-7.6,3.766493342600098,10_1470
O=C(Cn1c(=O)c(=NC(=O)Nc2cccc(F)c2)c(CO)nc2ccccc21)Nc1ccc2c(c1)OCO2,-7.9,2.402164016792261,10_1471
Cc1ccc2oc(=O)c(-c3ccc4c(c3)OCO4)cc2c1,-6.7,3.572351412441791,10_1472
O=C(CNC(=O)c1cccc(C(F)(F)F)c1)NC1CCN(CC23CC4CC(CC(C4)C2)C3)CC1,-6.8,3.2485996897227567,10_1473
CC(C)c1ccc(C(CNC(=O)c2ccc(C#Cc3ccccc3[N+](=O)[O-])cc2)n2cccc2)cc1,-7.2,3.403355289913057,10_1474
O=C(NC1CCCCC1)C(c1ccc2c(c1)OCCO2)n1c(=O)c(-c2cc3ccccc3[nH]2)nc2ccccc21,-8.3,3.3276408133036344,10_1475
Cc1ccc(CNC(=S)Nc2cccc(C)c2C)cc1,-6.2,3.436727631398573,10_1476
Cc1ncnc(C)c1C(=O)NC[C@@H]1CN(CCC2(c3ccccc3)CCC(NC(=O)c3cc4ccccc4[nH]3)CC2)C[C@@H]1C,-7.6,3.2347725307038027,10_1477
CC(Oc1ccccc1)C(=O)Oc1ccc(Cl)cc1,-6.1,3.5404887084321084,10_1478
OC[C@H]1O[C@@H](n2cnc3c(Cl)ncnc32)CS1,-5.4,3.438633296169575,10_1479
CC1(C)C=C(C=NNc2nc(O)cs2)CCC(C)(C)C1,-6.7,2.554779592450991,10_1480
CNC(=O)C=Cc1cccc(Oc2ccnc(NC(=O)c3cccc(-c4ccc(F)cc4F)c3)c2)c1,-7.4,3.4304384609255125,10_1481
Cc1cc(-n2cnc3c(NCCC(F)(F)F)cc(Oc4cccc(F)c4)cc32)ccc1C(=O)NC1CC1,-7.2,3.4660894255843275,10_1482
c1ccc(Nc2nnc(-c3ccccc3)s2)cc1,-5.8,3.7031297120517372,10_1483
NC1CN(Cc2ccccc2)CCN1Cc1ccccc1CC(=O)c1ccc2c(c1)C(=O)c1ccc(NC(=O)CCN3CCN(c4ccccc4)CC3)cc1C2=O,-4.9,2.718371773960344,10_1484
O=C(c1cncc(-c2cc3ccccc3o2)c1)N1CCN(Cc2cccc(Cl)c2)CC1,-7.6,3.637651584451505,10_1485
O=C(COc1ccc(Cl)cc1)Nc1nnc(-c2ccc(F)c(F)c2)o1,-7.0,3.750344521095438,10_1486
O=C(Nc1c[nH]nc1-c1ccc(F)cc1Cl)c1cc(-c2ccccc2)nc2ccccc12,-8.4,3.4999383750356747,10_1487
Cc1nn(-c2ncccc2CF)cc1[C@@H]1c2cc3cccc(N)c3nc2NC[C@H]1C,-7.9,3.6109873421129306,10_1488
C(=C/c1ccccc1)\CN1CCN(C(c2ccccc2)c2nnnn2-c2ccc3c(c2)OCCO3)CC1,-6.5,3.449217284838223,10_1489
CC(C)[C@H](C)NC(=O)c1ccc(-c2ccc(-c3nc(-c4ccc(Cl)c(Cl)c4)cs3)cc2C(=O)O)cc1,-5.8,3.4529388766436897,10_1490
CC1(Cc2ccccc2F)C(=O)N(c2cccc(Cl)c2F)c2ncccc21,-7.0,3.5972342647523012,10_1491
FC(F)(C#Cc1cccc(C(c2ccccc2)c2ccccn2)c1)c1ccccc1Cl,-7.8,3.2454897173683834,10_1492
CC(C)Nc1nc(C(N)=O)cnc1C#N,-5.3,3.39050285213988,10_1493
COc1cccc2c(O)c3c(c(O)c12)C(=O)C1=C(C[C@@](O)(C(C)=O)C[C@@H]1O[C@H]1C[C@H](N(C)C)[C@H](O[C@H]2C[C@@](C)(OC)C[C@H](C)O2)[C@H](C)O1)C3=O,-7.3,2.7448505465188755,10_1494
CC(=O)c1ccc(NC(=O)Nc2cccc(-c3ccnc(-c4ccco4)c3)c2)cc1,-7.7,3.5871960324108914,10_1495
CC(C)Cc1nc(SCc2ccccc2)nc(Cl)c1C#N,-5.7,3.553294798864405,10_1496
CC(=O)c1cccc(NC(=O)Nc2cccc(F)c2)c1,-6.6,3.6050183358055676,10_1497
NCC(CC(=O)O)c1ccc(F)cc1,-5.0,3.454417879962384,10_1498
O=NN(CCCl)C(=O)NC1CCS(=O)(=O)C1,-4.6,1.860427361738152,10_1499
Fc1ccccc1Cn1nc(C2=CC=COC2)c2ccccc21,-7.8,3.6243716459859963,10_1500
CCOC(=O)c1cnc(N2CCc3cc(OC)c(OC)cc3CC2C)nc1Oc1c(C)cc(-c2ccc(C#N)cc2)cc1C,-6.4,2.273905805212643,10_1501
Cc1cc(NC(=O)CCC(=O)N2CCN(S(=O)(=O)c3ccc(Cl)cc3)CC2)no1,-6.7,3.6463541068077614,10_1502
COC=CC=CC(Cl)Nc1ccnc(C(=O)Nc2ccccc2C(=O)c2cccc3ccccc23)c1,-7.2,3.0734907306094454,10_1503
Cc1cccc(NC(=O)c2cccc(/C=C/C(=O)c3cc(C(=O)O)ccc3C(=O)O)c2)c1,-7.6,3.4827728308080177,10_1504
N#Cc1cc(S(=O)(=O)Nc2nccs2)ccc1Oc1ccc(F)cc1-c1ccccn1,-6.9,3.6362561837929697,10_1505
COc1ccc(C)cc1NC(=O)CN(c1ccc(OC)c(OC)c1)S(=O)(=O)c1ccccc1[N+](=O)[O-],-7.3,3.4041718912697325,10_1506
Cc1cccc(NC(=O)c2nccc(OC3=CC=C(NC(=O)c4c(C)cccc4NCc4cccnc4)C3)c2C)c1,-7.1,3.3295111314346775,10_1507
O=C(Nc1nc2c(F)cccc2s1)c1cccc(-c2ccoc2)c1,-7.2,3.7277051740543348,10_1508
COc1ccc(-c2nc(CNC(c3ccccc3)c3ccccc3)co2)cc1,-7.0,3.612496047770308,10_1509
Cc1cccc(-c2nnc(N)o2)c1F,-5.9,3.501320402900478,10_1510
CCCCCCCCCCCCCCCCSCC(C[n+]1cccs1)OCCCCC,-4.1,1.836624022983497,10_1511
CS(=O)(=O)c1ccc(C2=NN(C(=O)c3cccc(C(F)(F)F)c3)C(c3ccccc3)(c3cccnc3)C2)cc1,-8.5,3.5199562236560307,10_1512
COc1ccc(-c2c(-c3nn(C)c4ncnc(N5CCC5)c34)cnn2C)c(F)c1,-6.7,3.616975448412859,10_1513
Cc1cn([C@H]2C[C@H](n3cc(CNCc4ccoc4)[nH]3)[C@@H](CO)O2)c(=O)[nH]c1=O,-6.4,3.3193237066417507,10_1514
CCc1nn2c(C)cc(C)nc2c1Cc1ccc(/C=C/CN2CCC(O)(CN(C)C)C2)cc1,-5.8,3.642959846337906,10_1515
O=C1COc2ccc(-c3cncc(-c4ccc(F)c(F)c4)n3)cc2N1,-8.4,3.7530260831496607,10_1516
Cc1ccc2[nH]c(O)c(N=NC(=S)Nc3ccc(Cl)cc3)c2c1,-6.7,3.494325313348768,10_1517
CCN(CC)CCCC(C)Nc1nc(/C=C/c2ccc(OC)c(OC)c2)nc2ccc(N)cc12,-6.2,3.4802699758137026,10_1518
COc1ccc2c(c1)CN(C(=O)c1cccc(Cl)c1)CC(=O)N2,-7.3,2.7609188121954142,10_1519
O=CC1Nc2nccc(n2)-c2cccc(c2)OCC/C=C/CCOc2cccc1c2,-9.2,2.139748166512814,10_1520
COc1ccc(NC(=O)NCCc2ccccc2)cc1OCCN1CCCC1,-5.7,3.683627046513298,10_1521
COc1cccc(C)c1S(=O)(=O)Nc1cccnc1,-5.4,3.7470221885784163,10_1522
Oc1ccccc1C=Cc1c2cccc(O)c2c(O)c2c(O)cccc12,-8.0,3.366063923734936,10_1523
CC(C)N(Cc1ccccc1)c1cccc(-c2cc(NC(=O)C3CNC(=O)C3)nn2-c2ccccc2)c1,-7.4,3.560003300571066,10_1524
CN1CCN(c2nc(Nc3ccccc3Cl)c3ccccc3[n+]2[O-])CC1,-6.9,3.680279001690132,10_1525
COc1ccc(-c2nn(-c3ccc(F)cc3)cc2-c2nc3ccccc3n2Cc2cccc(F)c2)cc1,-8.7,3.4049287422358763,10_1526
O=c1[nH]c(CCCCN2CCN(c3cccc(Cl)c3)CC2)nc2c1sc1ccccc12,-7.2,3.6149497804475175,10_1527
COc1ccc(-c2cnn(-c3ccccc3)c2)cc1S(=O)(=O)N1CCOCC1,-7.4,3.720887556719551,10_1528
CCOc1cc(C(C)=O)ccc1N,-4.9,3.3913660248895408,10_1529
CN1Cc2ccccc2CC1C(=O)N1Cc2nccc(CO)c2C1,-6.5,3.6375880440609,10_1530
COc1ccc(NC(=O)c2cc3c(s2)CCCCC3)cc1S(=O)(=O)N1CCCCC1,-6.8,2.6633705438488757,10_1531
COc1ccc(CNc2nc(Nc3ccc(C)cc3)nc(Oc3ccc4c(C)cc(=O)oc4c3)n2)cc1,-9.1,3.283400132767363,10_1532
COc1ccc2cc3ccc4ccccc4[n+]3cc2c1OCc1cn(-c2ccc(-c3ccc(-c4cccc5ccccc45)cc3)cc2)nn1,-7.8,2.8909164060564367,10_1533
O=C(CN1N=CCc2ccccc2NCCC1=O)Nc1ccc(Br)cc1,-6.3,1.6082050376157353,10_1534
CCn1c(C=C2C(=O)Nc3ccc(F)cc32)nc2ccccc21,-6.7,3.6491589631256547,10_1535
O=C(O)c1cc2cc(O)c(O)cc2c(C(=O)c2cccc([N+](=O)[O-])c2)n1,-6.9,3.245823665988788,10_1536
CCOC(=O)c1c(CCCF)csc1NC(=O)c1nc2ccccc2nc1Cl,-6.6,3.693938303622521,10_1537
COc1ccc([C@@H]2C=C(c3cccc4ccccc34)CC(=O)C2)cc1,-8.0,3.4998322241866218,10_1538
N[C@@H](CC(=O)N1CCn2nc(C(F)(F)F)nc2C1c1ccc(F)cc1)Cc1cc(F)c(F)cc1F,-8.9,3.6008287807683734,10_1539
COc1cc(CNC2CCCC2)cc(Cl)c1OCc1c(F)cccc1Cl,-6.1,3.666201635502584,10_1540
Nc1nc(-c2ccccc2)nc2sc(-c3c(F)cccc3Cl)cc12,-7.7,3.689163655189181,10_1541
C=CCSc1nnc(-c2ccc(-c3ccccc3)cc2)n1-c1ccc(S(N)(=O)=O)cc1,-7.0,3.5397332719217482,10_1542
O=C(NCc1ccc(Oc2ccccc2)cc1)C1[C@H]2C=C[C@H](C2)[C@H]1CO,-6.2,3.55797045868046,10_1543
CNc1ccccc1CCC(=O)N=C(Cc1c[nH]cn1)C(=O)NC(Cc1ccccc1)C(=O)N[C@H](CCCCNC(=N)N)COCC(C(N)=O)C(N)=O,-6.0,2.3862915390100903,10_1544
O=c1ncccn1-c1sc(C#Cc2cccc(C(F)(F)F)c2)cc1-c1cc(Cl)ccc1O,-6.9,3.575869076098511,10_1545
CCc1ncc(Cc2ccc3ccc(C(=O)NCc4ccncc4)cn23)cc1Cl,-7.1,3.7070861817139087,10_1546
C=CC(=O)N1[CH]CN(c2nc(-c3nc(C)ccc3OCc3ccccc3C)cc3nccn23)CCC1,-7.5,2.5526430799704043,10_1547
CCOC(=O)CCCn1c(=O)oc2cc3ncnc(Nc4ccc(F)c(Cl)c4)c3cc21,-7.0,3.5501722865953584,10_1548
Cc1c(C(C)Nc2ncnc3[nH]cnc23)cnn1-c1nc2ccccc2s1,-7.2,3.503726214829795,10_1549
Cc1cc(-n2ncc(=O)[nH]c2=O)ccc1C(=O)c1ccc(Br)cc1,-6.8,3.7007101448714383,10_1550
CN1CCC(NC(=O)c2ccc(Nc3nnc4ccc(-c5cccc(OC(F)(F)F)c5)cn34)cc2)CC1,-6.7,3.5522771468035783,10_1551
CN1CCN(c2cccc(C(=O)Nc3ncc4c(n3)CCNC4)c2)CC1,-7.5,3.611353211159593,10_1552
Cc1ccc(S(=O)(=O)Nc2ccc3ccc(C(=O)O)c(O)c3c2)cc1,-7.9,3.662632076752441,10_1553
CCNC(=O)c1noc(-c2cc(C(C)C)c(O)cc2O)c1C#CC(C)(C)NC(=O)c1ccccn1,-7.3,3.4111061375127134,10_1554
C=Cc1cc(F)ccc1CN1C(=O)CC(=Nc2cccc(NC(=O)CN(C)C)c2)C1=CC=CC1=CC=CS(=O)(=O)C2OC=CC=CC12,-7.1,2.235825454575876,10_1555
COC(=O)c1ccccc1C(=O)N(Cc1ccco1)C(C)c1ccccn1,-6.0,3.671039454154278,10_1556
COc1ccc(/C=C2\CCCC3=C2OC(=N)C(C#N)C3c2ccc(OC)c(OC)c2)cc1OC,-6.1,3.5873360292858587,10_1557
CCN(CC)Cc1cc(Nc2cc[n+]([O-])c3cc(Cl)ccc23)cc(-c2ccc(Cl)c(Cl)c2)c1O,-7.4,3.3309848955790553,10_1558
Cc1nn(C2CCCCC2)c2sc(C(=O)Nc3ccc(N4CCC(F)CC4)nc3)cc12,-7.2,3.6211734401209537,10_1559
CCN=C1N=C(Cc2ccc(-c3cccs3)cc2)C(=O)N1c1cccc(C)c1,-6.8,3.655364922631378,10_1560
CN(Cc1ccccc1)C(=S)N1N=C(c2ccccc2)CC1c1ccccc1O,-7.6,3.6542770781227043,10_1561
Cc1cccc(C=NC(=Cc2c3ccccc3c(Cl)n2C=O)C(N)=O)c1,-7.3,3.6045045738661194,10_1562
Nc1cccc(NC(=O)c2cc(F)c(F)c(F)c2)n1,-6.9,3.568369343763554,10_1563
O=C(Nc1cccc(O)c1)Nc1cccc(Cl)c1,-7.3,3.5464514866571335,10_1565
O=C(Nc1ccc(Oc2ccccc2)cc1)Nc1cccc(Sc2nc3ccccc3[nH]2)c1,-7.4,3.399099080293599,10_1566
COc1cc(NC(=O)CSc2nc3ccccc3nc2C2c3ccccc3-c3ccc(Cl)cc32)cc(OC)c1OC,-7.6,3.269174595028698,10_1567
O=C(NCc1ncccc1F)c1csc(CCN2CCn3c(Cc4ccc5c(c4)OCO5)nnc3C2)c1,-6.9,3.4117440081751447,10_1568
COc1ccc(/C=C\c2cc(OC)c(OC)c(OC)c2)cc1NC(=O)Nc1cccc(C)c1,-6.8,3.587862542659021,10_1569
CNc1cc(F)cc2cc(C(=O)Nc3ccc(C(=O)Nc4ccc(Br)cc4N)cc3)c(=O)[nH]c12,-6.3,3.2661181998212623,10_1570
Cc1ccc(NC(=O)NCCCl)cc1C,-5.2,3.3496148617467902,10_1571
COc1cc(/C=C/C(=O)c2ccc([N+](=O)[O-])cc2)ccc1Oc1ccc(C(=O)N2CCCC2)cc1,-7.2,3.305924094465132,10_1572
COc1ccc(-c2cncnc2N[C@@H](C)c2ccc(C(F)(F)F)cc2Oc2ccccc2)cc1,-7.3,3.5859026711454964,10_1573
CCOC(=O)c1cccc(NC(=O)CSc2nc3c([nH]c4ccccc43)c(=O)n2C)c1,-6.9,3.4145023149619536,10_1574
COc1ncc(-c2ccc3ncn(C[C@@H]4CCN(C(=O)C5CC5)C4)c(=O)c3c2)cn1,-6.7,3.5873003042269973,10_1575
COCCn1/c(=N/C(=O)C2COc3ccccc3O2)sc2cc(S(N)(=O)=O)ccc21,-6.7,3.5911147912468144,10_1576
Cc1noc(-c2nc(C)c3c(c2N)C(=O)N(Cc2ccccc2)C3=O)n1,-7.8,3.631357454786796,10_1577
Nc1ccccc1NC(=S)Nc1cccc2ccccc12,-6.5,3.44432039287071,10_1578
COc1ccc(NS(=O)(=O)c2ccc(-c3cc(C)cs3)s2)cc1N1C[C@@H](C)N[C@@H](C)C1,-6.9,3.660885280855472,10_1579
COc1ccc(C(=O)c2c[nH]c3ccc(Br)cc23)c2c1C=CC(C)(C)O2,-7.0,3.6414886933110346,10_1580
O=C(Nc1ccccc1C(=O)Nc1ccccc1F)c1ccccc1F,-8.1,3.698376152693694,10_1581
O=C1NCCCc2[nH]c(Cc3ccc(O)cc3)nc21,-6.2,2.5494989922922917,10_1582
C[N+](C)(C)[C@H](Cc1ccc([N+](=O)[O-])cc1)Cc1ccc2ccccc2c1,-7.0,3.4330843218516307,10_1583
C=C1CC(N(C)C)CCN1C(c1cc2c(cc1Br)OCO2)C1C=CC(COC)C(OC)=C1,-7.4,3.3036576575297083,10_1584
C[C@@H]1CN(CC(=O)N2CC(C)(C)c3cnc(Cc4ccc(F)cc4)cc32)C(C(=O)N2CCOCC2)CN1,-7.6,3.489427563949037,10_1585
Cc1ccc(OCc2nnc(SC3CCCC3)n2-c2cccnc2)cc1,-6.8,3.6913773133878016,10_1586
COc1ccc(C)cc1Nc1c(C)c(OC(F)(F)F)c(C#N)c2nc3ccccc3n12,-6.8,3.654567927166658,10_1587
Cc1ccc2c(c1)C[C@@H](CC1CCN(C(=O)c3ccccc3Nc3ccncc3)C1)C2,-7.6,3.5693404366713244,10_1588
COc1c(C)c2c(c(O)c1C/C=C(\C)CCC(=O)Nc1ccccc1)C(=O)OC2,-6.3,3.6212122817156276,10_1589
COc1ccccc1-n1c(SCC(=O)N2CCCCC2)nc2c([nH]c3ccccc32)c1=O,-7.3,3.6063871919108133,10_1590
Cc1nc(SCc2c(Cl)cccc2Cl)c2ccccc2n1,-6.5,3.5329813561003176,10_1591
CC1Cc2c[nH]c(c2Cc2cccc(C(F)(F)F)c2)C2=C(c3cccc(S(=O)(=O)NS(C)(=O)=O)c3)CC(Br)=CC=C(CCOO1)O2,-7.3,1.2600130950767259,10_1592
Cc1ccc(C(=O)N2CCN(CC(=O)Nc3ccc(F)cc3F)CC2)c(C)c1,-6.6,3.776671993718568,10_1593
CCCNC(=O)NC(c1ccccc1)c1ccccc1,-6.2,3.514724874934889,10_1594
COc1cc2nc(N3CCN(C(=O)c4ccc(C#N)cc4)CC3)nc(N)c2cc1OC,-6.6,3.64196234600187,10_1595
CN(Nc1c2ccccc2nc2ccccc12)c1ccc(C(=O)O)cc1,-7.1,3.575451425568155,10_1596
c1ccc(OC[C@]23COC[C@H]2CN(Cc2ccoc2)C3)nc1,-6.2,3.5962430157259178,10_1597
O=C1Cc2ccc(Cl)cc2NCc2cnccc2C(C(=O)NC2CCCC2)N(c2ccc(F)cc2)C(=O)CO1,-7.3,1.2773798445942415,10_1598
O=C(Nc1ccccc1C(F)(F)F)c1ccc(S(=O)(=O)NC2CC2)cc1,-6.7,3.6980865258484354,10_1599
Cc1ccc(CN2CCCC(C(=O)Nc3cccc(-n4cccn4)c3)C2)o1,-7.0,3.7787319413466776,10_1600
O=C(c1cccnc1)N1CCC[C@H](N(C(=O)c2ccccc2)C(=O)c2ccc(F)cc2)C1,-8.0,3.688634894981103,10_1601
COCC1Cc2nc([N+](=O)[O-])cn2CC1[C@H](C)NS(=O)(=O)c1ccc(OC)c(OC)c1,-7.0,3.330458911976426,10_1602
COC1CNC(=O)C(C)=N1,-4.3,3.0472810053678,10_1603
COc1ccc(N2C(=O)c3ccccc3C2NN=Cc2cccc(OC)c2N)c(OC)c1,-7.2,3.493876041939422,10_1604
O=C1C(=Cc2ccc(O)c(O)c2O)c2ccccc2N1c1cccc(O)c1,-7.6,3.449204538896413,10_1605
COc1ccc(S(=O)(=O)N2CCCCC2)cc1NC(=O)CNC(=O)c1ccco1,-6.2,3.6185256279980433,10_1606
CN1CCN(c2ccc(Nc3ncc4ccn(-c5ccc(C(=O)O)cc5)c4n3)cc2)CC1,-7.0,3.65867203665033,10_1607
CC(C)(C)OC(=O)NCCCc1ccc2c(c1)CCN(C(=O)c1ccccc1C(=O)N1CCOCC1)CC2,-6.0,2.580264295302555,10_1608
CCC(OC(C1=CC(=C[C]2CC3NC(=O)N(CCNC(C)=O)CCC23)C=C1)c1cccc(C(F)(F)F)c1)c1nccs1,-7.8,2.275141739711721,10_1609
O=C1C(NS(=O)(=O)c2cccc(C(F)(F)F)c2)CCN1c1ccc2nc(C3CC3)ccc2n1,-8.0,3.659171735441876,10_1610
Cc1c(C(=O)c2ccc(C(F)(F)F)cc2Cl)cnn1-c1ccc2c(c1)nc(C)n2C,-7.2,3.567637757037907,10_1611
NC(c1ccccc1)c1csc(Nc2cccc(Sc3ccccc3)c2)n1,-7.0,3.600241703486767,10_1612
CCCCCn1c(=O)c2c(ncn2S(=O)(=O)c2ccccc2[N+](=O)[O-])n(CCCC)c1=O,-6.4,3.170740430875105,10_1613
CNc1ccc(-c2ccccc2)c(CNC(=O)c2ccccc2C(=O)Nc2ccc3c(c2)-c2ccccc2C3=O)n1,-8.2,3.280601812889935,10_1614
COc1cc(OC)cc(Oc2ncc(Cl)cc2NS(=O)(=O)c2ccc3c(c2)OCCO3)c1,-7.4,3.5996199265221143,10_1615
NS(=O)(=O)c1ccc(Nc2nc(Nc3cccc(NC(=O)c4ccccc4Cl)c3)nc3[nH]ccc23)cc1,-8.5,3.10873527109459,10_1616
CN1C(=O)C(=Cc2ccc3c(c2)OCO3)N=C1NCc1cccc2ccccc12,-8.1,3.624277341948685,10_1617
COc1ccccc1CNC(=O)c1ccc(CSc2nc3ccncc3n2Cc2cccc(C)c2)cc1,-7.3,3.376218892799592,10_1618
CC(C)c1ccc(NC(=O)N2CCN(S(=O)(=O)c3ccc(Br)cc3)CC2)cc1,-7.5,3.7562272803797265,10_1619
O=c1c(Cl)c(OCCn2cc(-c3cccc(C(O)=NO)c3)nn2)c(Cl)c(O)c2ccccc12,-7.9,2.1643970975382016,10_1620
CCN(CC)CCCOc1cc(-c2n[nH]c(=O)c3ccccc23)ccc1OC,-6.6,3.676351367926274,10_1621
O=c1c2ccccc2[nH]c(=S)n1-c1ccccc1F,-6.4,3.587400342889037,10_1622
O=Cc1csc2c1-c1no[n+]([O-])c1CC2,-5.8,3.35461027517574,10_1623
CN1CCN(C(=O)c2cccc(-c3cn4c(-c5cccc(N6CCC6)c5)cnc4cn3)c2)CC1,-8.8,3.548643427380619,10_1624
COC=C1C=COC(OC=C(Cl)C=NN(C)C2=Nc3cc(Cl)c(C(F)(F)F)cc32)=C1,-6.5,3.3008660630674953,10_1625
O=C(NCc1cccnc1)c1cccc(NC(=O)c2cccc(Cl)c2)c1,-6.9,3.726801077893846,10_1626
O=C(Nc1ccc(Nc2ccccc2)cc1)c1ccc(-c2ccccc2C(F)(F)F)o1,-7.8,3.5584655417657562,10_1627
NNC(=S)Nc1ccc(C(F)(F)F)cc1,-4.8,3.073129001027646,10_1628
Cc1nn(C)cc1S(=O)(=O)N1CC[C@@H]2CCN(c3ccccn3)C[C@@H]2C1,-7.2,3.5718911003601335,10_1629
O=CNC(=S)N1CCN(C(=O)c2cccc(F)c2)CC1,-6.4,3.442881171289229,10_1630
CC(C)(C)c1ccc(-n2nc(-c3ccccc3)nc2-c2ccc3c(c2)OCO3)cc1,-7.8,3.592771387527416,10_1631
CN1CCc2nc(NC(=O)C3CCN(c4ncnc5c4nc4n5CCCCC4)CC3)sc2C1,-7.5,2.4229765454593455,10_1632
COc1ccccc1OC1CCN(C(=O)c2cccc(F)c2Cl)CC1,-6.7,3.7321574089066045,10_1633
CCOC(=O)c1c(C)oc2ncnc(Nc3ccc(OCc4ccc(C)cc4)cc3)c12,-6.8,3.5806954014007397,10_1634
C=CC=CN(C=CC=NC1=CN=CN(C)N=C1)Cc1ccc2ccc(OC)cc2c1,-6.7,2.587618317063162,10_1635
Cc1cc(NS(=O)(=O)c2ccc(NC(=O)COc3c(C)cccc3C)cc2)no1,-6.7,3.689536411328204,10_1636
COc1cc(C(=O)N2CCC3(CC2)OC[C@@H](C(=NN)c2ccccc2)N3c2cccc(F)c2)cc(OC)c1OC,-7.5,3.30879687704728,10_1637
COc1ccccc1C1CCN(C(=O)c2ccc(NC(=O)N3Cc4ccccc4C3)cc2)CC1,-7.0,3.595718370723088,10_1638
Cc1ccc(C(/N=C/C(=O)NC2CC2)c2cccnc2)cc1,-6.4,3.68761087142384,10_1639
C=CC(CC=CN(C)Cc1cnc2nc(N)nc(N)c2n1)C(=O)N=C(CCC(=O)Nc1cccc(CCc2ccc(Cl)c(C(F)(F)F)c2)c1)C(=O)O,-6.8,2.662988370534657,10_1640
COc1ccc(CN2CCC(Nc3nc4cc(S(N)(=O)=O)ccc4o3)CC2)cc1OC,-6.8,3.580228254835556,10_1641
COC=C1C=COC(CNC(=O)C(=O)c2cc(-c3cc(C)no3)ccc2C)=C1,-6.8,3.579148756465516,10_1642
O=C(NCc1cc(C(F)(F)F)cc(C(F)(F)F)c1)C(CCN1CCC2(C=Cc3ccccc32)CC1)Cc1ccccc1,-7.9,3.250256715020458,10_1643
CCN1C(=O)C(=CN2CCN(c3cccc4ccccc34)CC2)C(=O)N(C)C1=O,-7.6,3.555342741685399,10_1644
CC=C(CCC1=CC=C(OC)C1OC)c1[nH]c(C)c(C(=O)N2CCOCC2)c1C,-6.4,3.5935019107977464,10_1645
CC1Cc2c(OCc3ccc(-c4ccccc4)cn3)ccc3c2c(c(CC(C)(C)C(=O)O)n3Cc2ccc(Cl)cc2)S1,-7.8,3.216779627484906,10_1646
N#Cc1ccc2nc3ccccc3c(Nc3ccc(NC(=O)/C=C/c4ccco4)cc3)c2c1,-7.1,3.3848167978322774,10_1647
CCNc1ccnc(N2CCN(S(=O)(=O)c3ccc(F)cc3)CC2)n1,-6.4,3.7130656962752195,10_1648
CN=C1C=C(S(=O)(=O)N(Cc2ccc(-n3cccn3)cc2)Cc2cccc(C(=O)O)c2)N1,-7.0,3.6258798026266437,10_1649
O=[N+]([O-])CC(c1cccs1)c1c(-c2ccccc2)[nH]c2ccccc12,-6.5,3.579573373249521,10_1650
O=C(Nc1ccccc1C(=O)NCCN1CCOCC1)c1cccc(C(F)(F)F)c1,-7.2,3.7447333787804995,10_1651
Cc1ccc(-c2nc(C(=O)N/N=C/c3ccoc3)cc3c2[nH]c2ccccc23)cc1,-7.8,3.4640252771672637,10_1652
Cc1cncc(OC2=CC=CC(C(=O)NC3[CH]CCC34CCN(C(=O)C3COC3)CC4)OC2)c1,-7.7,2.390831706685738,10_1653
CC(C)(CCl)c1ccccc1,-4.3,2.896297652473688,10_1654
O=C(N[C@H]1CC[C@H](CCN2CCN(c3nccc4c3CCO4)CC2)CC1)c1ccc(Cl)c(Cl)c1,-7.6,3.504200640046073,10_1655
CC(=O)Nc1cc2c(cc1[N+](=O)[O-])N=C(NNC(=O)c1ccc(-n3c(O)ccc3O)cc1)CC2,-7.4,3.1067264033117388,10_1656
Cn1cc(-c2cccc(N3CCn4c(cc5c4CCCC5)C3=O)c2CO)cc(Nc2ccc(C(=O)N3CCOCC3)cn2)c1=O,-8.5,3.1716214316987266,10_1657
Cc1cc(O)c(C(C)C)cc1/N=C/c1ccc(Br)cc1,-5.9,3.5559671253668483,10_1658
NCC1OC(OC2C(N)CC(N)C(OC3C(N)C(O)C(O)C(O)C3N)C2O)C(O)C(O)C1O,-6.9,2.377299387864586,10_1659
Nc1nc(N)c(-c2ccccc2)c(CCc2cccc(Oc3ccccc3)c2)n1,-7.2,3.6279464232927165,10_1660
Nc1cc(=O)[nH]c(SCC(=O)Nc2ccccc2Oc2ccccc2)n1,-7.3,3.5219064505228967,10_1661
Cc1csc(-c2ccc(Cl)cc2)c1S(=O)(=O)Nc1nc(-c2ccc(F)cc2)cs1,-6.4,3.6377879588376967,10_1662
C[C@@H](Cc1ccccc1F)NC(=O)C1CCN(C(=O)C2CCC2)CC1,-6.4,3.53228135107779,10_1663
O=C(NNC(=O)c1csc(-c2ccccc2F)n1)c1ccccn1,-6.4,3.6848690168112865,10_1664
Cc1ccsc1-n1c(C)cc(C(=O)CN2C(=O)C(=O)N(Cc3ccco3)C2=O)c1C,-6.5,2.3536198935684745,10_1665
ON=C(O)c1cnc(Nc2nnc(-c3ccc(F)c(F)c3)s2)cn1,-6.8,3.1869372939481106,10_1666
C=C[C@]1(C)C[C@@H](OC(=O)Cn2cc(-c3cccc4ccc(C)nc34)nn2)[C@]2(C)[C@H](C)CC[C@]3(CCC(=O)[C@H]32)[C@@H](C)[C@@H]1O,-8.0,1.319906110630924,10_1667
CCCC1=CC(=NC(=O)C(C(C)C)n2ncc3cc(-c4ccc(OC)c(OC)c4)sc32)C=C1,-6.2,3.580497469940986,10_1668
COc1cc(CN(CC2CCC(C(=O)O)CC2)C(C)c2ccc(Cl)c(Cl)c2)ccc1OCCn1c(=O)ccn(C)c1=O,-7.3,3.366620303813408,10_1669
CCCN(CCC)C(=O)c1cc(Oc2ccc(F)cc2F)cc(C(=O)Nc2ccc(C)cc2C)c1,-7.9,3.587490543292664,10_1670
CC1=CC=CCc2c(Nc3ccc(OCc4ccccc4)cc3)nc3ccccc3c2C(=O)OC1,-7.6,1.3700692933561252,10_1671
Nc1c(C2N=CC3=Nc4cccc(c4)CSc4ccccc4C32)ccc2ccc3ccccc3c12,-8.5,0.9807782478523839,10_1672
Cc1cccc(C2(O)CCN(CC3CC=C(c4ccccc4)CC3)CC2)c1,-7.0,3.441949621995945,10_1673
O=C(c1cccc(S(=O)(=O)N2CCOCC2)c1)N1CCN(c2ccccc2)CC1,-7.1,3.62200587167708,10_1674
O=C1NC2(CCN(c3nc4cc(C(F)(F)F)ccc4[nH]3)CC2)c2cc(F)ccc21,-7.5,3.5267160140938145,10_1675
COc1cccc(S(=O)(=O)N[C@H](c2ccc(-c3ccc(N)nc3)cc2)C(C)C)c1,-6.2,3.7346092484376743,10_1676
COc1cc(NC(=O)c2ccccc2Br)cc(OC)c1,-6.0,3.764703802516807,10_1677
Cc1ccccc1OCc1nnc(SCc2cc(=O)n3c(C)csc3n2)n1C,-7.1,3.517634432965707,10_1678
CCCOc1ccc(C(=O)Nc2ccc(C(C)=O)cc2)cc1,-5.9,3.689220572989266,10_1679
O=C(C1=NNCC1c1ccccc1)N1CCN(C(=O)c2ccc(Cl)cc2)CC1,-7.0,3.6947004966093986,10_1680
O=S(=O)(c1cccs1)N1CCC(Nc2ccccn2)CC1,-5.8,3.7554420809354667,10_1681
CC1=C2CNC(C3(c4ccc(Cl)cc4)CCC3)c3cc(ccc32)OCCNS(=O)(=O)C=c2c(Nc3ccc(Cl)c(C(F)(F)F)c3)nccc2=C1,-7.8,1.5123409900144114,10_1682
CN(C)Cc1cccc(-c2ccc3[nH]nc(-c4cc(N5CCC(F)(CO)CC5)ncn4)c3c2)c1,-8.7,3.6351285463550074,10_1683
COc1ccc(/C=N/NC(=O)c2ccccc2)cc1Cn1cc(C)c2ccc(C)cc21,-6.9,3.56169965218474,10_1684
O=C(NCCN1CCC(n2c(=O)[nH]c3ccccc32)CC1CO)c1cccc(Cl)c1,-7.1,3.6453201560065276,10_1685
COC=C1C=CC(C=NNC(=O)NC(=O)c2cc(-c3ccccc3)nc3ccc(OC)cc23)=C1,-8.1,3.484310577119298,10_1686
CC(NC(=O)NCc1ccncc1)c1ccccc1,-6.3,3.6301280277904455,10_1687
Cc1cccn2c(=O)c3cc(C(=O)NCCN4CCOCC4)c(=N)n(CCN4CCCC4)c3nc12,-6.5,3.3442630174946135,10_1688
C#C[C@H](C)OC(=O)c1ccc([N+](=O)[O-])cc1Cl,-5.2,3.2556691439082464,10_1689
C#CCO/N=C1\C[C@H](C)C[C@@H]2O[C@]1(C)n1c3ccccc3c3c4c(c5c6ccccc6n2c5c31)C(=O)NC4,-8.8,2.0992119284112594,10_1690
Cc1cccc(C)c1-c1cncc(NCc2cccc(C(C)C)c2)n1,-6.5,3.688131566870756,10_1691
CC(=O)NCc1ccc(-c2ccc(Cn3cc(C(=O)O)c(=O)c4cccc(F)c43)nc2)cc1,-7.5,3.663301053054531,10_1692
CN(CCc1cccs1)C(=O)CCc1nnc(CCCc2ccccc2)o1,-5.9,3.6466381832372097,10_1693
COc1ccc(NSc2ccccc2[N+](=O)[O-])c([N+](=O)[O-])c1,-6.1,3.465220129505588,10_1694
Cc1cc(C)c(NC(=O)c2ccc(-c3ccc(Cl)cc3)o2)c(C)c1,-7.0,3.6352849569554895,10_1695
Fc1ccc(CN2CCN3CCCC3C2)cc1Cl,-5.6,3.280474688651963,10_1696
O=C(CN1CCOCC1)Nc1ccc(-c2cccc3c(=O)cc(N4CCOCC4)oc23)c2sc3ccccc3c12,-8.0,3.327713007513133,10_1697
O=C(Nc1ccc2c(c1)OCO2)c1ccc(NC(=O)N2Cc3ccccc3C2)cc1,-7.3,3.642201273010431,10_1698
CSc1ccc(-c2ccc(OCCc3ccc4ccccc4n3)cc2)cc1,-6.5,3.383867751064605,10_1699
Cc1cc(Oc2ccc3c(c2)OCO3)ccc1S(=O)(=O)CF,-5.4,3.7400998642819134,10_1700
O=C(c1ccc2c(c1)CCCC2)N1CCC(N2CCC(Oc3ccc(Cl)c(Cl)c3)CC2)CC1,-7.5,3.373205339796106,10_1701
C[C@]1(C#N)CCCN(C(=O)c2ccc3ccccc3n2)C1,-6.2,3.6161862422074735,10_1702
COc1ccccc1CNC(=O)c1cccc2ccccc12,-7.0,3.6428110882358613,10_1703
COC(=O)C(Nc1ccc2c(N)ncc(Cl)c2c1Cl)c1ccccc1,-7.0,3.7031297794102054,10_1704
CCC(=O)N=CC1=CC=C(OC=NC(=Nc2ccccc2OC)Nc2ccsc2)C1,-6.5,3.6306707235214617,10_1705
Cc1ccccc1-c1ccccc1C=C1C=CC2=CC(C=O)C(=NC=CC(=O)NCC[C@H](O)c3ccco3)SC12,-6.5,3.272066509240579,10_1706
O=C(CCCn1c(=S)[nH]c2cc3c(cc2c1=O)OCO3)N1CCN(c2ccccc2)CC1,-7.1,3.586425162536719,10_1707
CS(=O)(=O)c1ccc(C2=C(c3ccc(F)cc3)C(=O)N(c3ccccc3CO)C2)cc1,-8.6,3.7656313694961367,10_1708
O=C(Cc1ccccc1)N1CCN(C(=O)NCCc2ccccc2)CC1,-6.8,3.7049582692146243,10_1709
CC(C)=CCc1cc(C=C2Oc3c(O)cc(CCCC(C)C)cc3C2=O)ccc1O,-7.2,3.5229283736190924,10_1710
Cc1ccc(-c2nc3cnc(N4CCN(C)CC4)nc3n(CCCOc3ccco3)c2=O)cc1,-7.6,3.471705953068507,10_1711
N#CC(C(=O)/C=C/c1ccc(OC2CSC2)cc1)c1nc2ccccc2[nH]1,-6.3,3.708371341594299,10_1712
CC(=O)c1c(O)c(C(C)=Nc2ccc(OCc3ccccc3)c(C(=O)O)c2)c(O)oc1=O,-6.5,3.389323396890864,10_1713
CCCCn1c(N)c(N(CCOC)C(=O)COc2cccc(C)c2)c(=O)[nH]c1=O,-6.2,3.550154478959847,10_1714
CCCCC(=O)NC(=S)Nc1cccc(Cl)c1Cl,-5.4,3.5215986186667294,10_1715
CCOC(=O)C[C@H]1c2ccccc2S(=O)(=O)N1C(C)CC,-5.3,3.5933702340877107,10_1716
N[C@H]1Cn2c(cc3c(C(F)(F)F)ccnc32)CC1C(=O)NCc1ccsc1,-6.7,3.7332488722199217,10_1717
CC(C)N1CCO[C@H]2CN(C(=O)Cc3cccs3)CC[C@@H]2C1,-5.6,2.477546958761902,10_1718
O=C(Nc1ccc(F)cc1)c1cnc(Nc2ccccc2Cl)nc1Nc1ccccc1F,-8.6,3.5532924724564525,10_1719
O=C(CCc1ccccc1)N=Nc1c(O)[nH]c2ccc(Cl)cc12,-6.9,3.667527509679669,10_1720
NC=O,-2.3,1.3823428987687052,10_1721
CC(=O)NC(C)c1ccc(-c2ccc(Oc3ccc(C)cc3)cc2)cc1,-6.6,3.5969478968019795,10_1722
C[C@@H]1CC=C[C@H]2C1C(=O)N(Cc1ccccc1)[C@H]2C=CC=C(F)C(F)F,-5.9,3.2295107875614892,10_1723
O=C(Nc1ccc(Cl)cc1)c1ccccc1NC(=O)C1CCCCC1,-6.9,3.6787018349459197,10_1724
CNC(=O)c1ccc(NC(=O)c2ccc(C)c(C)c2)cc1N(C)C=O,-6.9,3.7108068527720617,10_1725
O=c1c2cc(C#CCN3CCOCC3)ccc2ncn1Cc1ccc(C(O)=NO)cc1,-7.6,3.2467213255984326,10_1726
COc1cccc(CC(NC(C)=O)C(=O)NC2CCN(c3cc(=O)oc4ccc(C)cc34)CC2)c1,-8.4,3.6055363836643592,10_1727
[CH]Oc1cc(CCNC(=O)C2CCC(CNS(=O)(=O)c3cccc4nsnc34)CC2)ccc1OC,-6.6,3.49795472530817,10_1728
COC=C1C=CC(CCN(CC(=O)NC(C)(C)C)C(=O)c2cccc(C(=O)Nc3ccccc3C(=O)O)c2)=C1,-6.9,3.4118260989916545,10_1729
Cc1cc(=O)n(-c2ccccc2F)nc1C(=O)Nc1ccc(Oc2ccnc3[nH]c(=O)[nH]c23)cc1F,-8.4,3.348467280194436,10_1730
CC(=CC(=O)O)CC=Nc1c(Cl)cccc1C(N)=O,-5.1,3.505919568940319,10_1731
O=c1[nH]c(O)c(-c2ccccc2-c2ccccc2)s1,-5.6,3.6431966173866153,10_1732
CCC(=CC=CN1CCNCC1)C1NCCC(Nc2ccnc3ccc(-c4cccc(C(=O)N(C)C)c4)cc23)C1C,-7.2,3.3297952921587854,10_1733
O=C(Nc1ccc2c[nH]nc2c1)Nc1cc(C2CC2)on1,-6.9,3.6301466619166116,10_1734
O=C(c1cccc(Cl)c1)N(Cc1ccccc1-c1cccc(CNCCc2ccccc2)c1)C1CCN(Cc2ccccc2)C1,-7.0,2.995435585935711,10_1735
Nc1ncnc2c1ncn2[C@@H](CC1CCCC1)c1csc(COc2ccc(F)cc2)n1,-7.2,3.582962799398665,10_1736
Cc1ccc(-c2ccc(C(=O)Nc3ccc4c(c3)C(C)(C)CCC4(C)C)cc2)cc1,-7.0,3.3655788777803455,10_1737
CC1(C)CC(=O)c2sc(NCc3ccco3)nc2C1,-5.8,3.7209154509212023,10_1738
Cc1ccccc1-n1nnnc1Sc1c(C2=CC=C(Cl)C2)nc2ccccc2c1-c1ccccc1,-7.6,3.4039938470182154,10_1739
O=C(O)c1ccc(Nc2c3ccccc3nc3ccc(Cl)cc23)cc1,-7.3,3.5902072010662343,10_1740
O=C(CN1CCc2ccccc2C1)Nc1ccc2ccccc2c1,-6.9,3.6097822970062627,10_1741
O=C(c1ccc(Cl)c(S(=O)(=O)N2CCCC2)c1)N1CCN(c2ccc([N+](=O)[O-])cc2)CC1,-7.1,3.449468155814392,10_1742
CC1=CC=COCC(C)(Nc2nc(Nc3cccc(OC(F)(F)C(F)F)c3)ncc2Cl)CCCNC1,-7.4,1.4740196242514698,10_1743
C[C@@](CCc1ccc(-c2ccccc2CN2CCCC2)cc1)(C(O)=NO)S(C)(=O)=O,-6.5,3.399077455395063,10_1744
Clc1cc(Cl)cc(NCc2ccco2)c1,-5.0,3.562947391234145,10_1745
COc1ccc(C2CC(c3ccc(OC)c(OC)c3)=NN2C(=O)CC(C)C)cc1O,-7.1,3.7338394118806058,10_1746
COc1ccccc1NC(=O)Nc1nc(-c2cccc(-c3ccccc3F)c2)cs1,-7.7,3.608872207227752,10_1747
Nc1nn2cccnc2c1C(=O)Nc1cn(CC(=O)N2C[C@@H]3CN(Cc4ccc(F)cc4)C[C@@H]32)nc1-c1cc(Cl)ccc1OC(F)F,-8.2,2.978228197936267,10_1748
Nc1nc(-c2ccc3ccccc3n2)cn1Cc1ccccc1,-6.9,3.6832262583078843,10_1749
Cc1cc(C(=O)N(C)CCNc2ccccc2)cc(N2CCN(C)CC2)n1,-6.4,3.741649291156447,10_1750
O=C1N=c2cc(Nc3ccc(C(=O)NC4CN5CCC4CC5)cc3)ccc2=C1Cc1ccc[nH]1,-7.4,3.319663014935805,10_1751
C=C1C(=O)O[CH][C@H]1CC[C@H](/C=C1\N=C(CCC2CCCCC2)OC1=O)[C@@]1(C)C2C(=O)CC[C@]2([C@@H](C)[CH]O)CC[C@H]1C,-8.1,2.76709141654611,10_1752
c1ccc(CCCN(c2ccccn2)c2nc3ccccc3s2)cc1,-7.4,3.5893017989169684,10_1753
CCOC(=O)c1c[nH]c2c(ccc3ccccc32)c1=O,-6.6,3.5959946260425095,10_1754
O=C(c1ccc2cc(Oc3ccc(C(F)(F)F)cn3)ccc2n1)N1CCC2CNCC21,-7.8,3.6785391441109896,10_1755
Nc1cccc(COc2nc3ccccc3s2)c1,-6.2,3.6447070562632593,10_1756
Cn1c(=O)nc(Nc2nc(-c3ccc4ccccc4c3)cs2)c2ccccc21,-7.6,3.576721002074933,10_1757
CC(C)CCN1Cc2cccc3c2c(cc2nc(C4=CCC=CC=C4)oc23)C1=O,-7.7,2.545153594889187,10_1758
CN(C)/C=C1\C(=O)N(c2cccc([N+](=O)[O-])c2)c2ccccc21,-6.4,3.540060318849967,10_1759
C=C(CS/C(C=O)=C\c1ccc(OC)c(OC)c1)Oc1cc(OC(C)=O)c(OC(C)=O)c(C(=O)OC)c1,-5.1,2.940506304696373,10_1760
Cc1ccc(C(=O)Nc2cc(C)n(C)n2)cc1NS(=O)(=O)c1cccc2scnc12,-6.8,3.6210775986856554,10_1761
C[C](CS[C](CCCCNC(=O)c1ccc2ccccc2c1)C(=O)Nc1cccc(C(F)(F)F)c1)C(=O)O,-5.7,3.3287100387371837,10_1762
OCc1cnc2c(c1)c1ccccc1n2Cc1ccccc1F,-7.8,3.6447556665166303,10_1763
CC(=O)N1N=C(c2cccnc2)CC1c1ccc(OCc2ccccc2)cc1,-7.2,3.706255246229788,10_1764
O=C(CSC1=NCCS1)NCCC1CC1,-4.6,2.183842131479678,10_1766
COc1ccccc1C(=O)NCC(=O)N1[CH]C2C[CH][C@@H]3CCCC[C@@H]3[C@@H]2CC1,-7.1,3.446766488061871,10_1767
O=C(Cc1ccccc1Cl)Nc1ncccn1,-5.7,3.6547206836261106,10_1768
COC(=O)c1cc(C)ccc1OC(=O)CNC(=O)c1ccc(Cl)cc1,-5.9,3.691271978721778,10_1769
CCOCC(=O)NCC(=O)N1CCN(c2ccccc2OC)CC1,-6.0,3.620479878086255,10_1770
CN(Cc1ccccc1)C(=O)N=CC1=CC(S(=O)(=O)Nc2cccc(-c3nc4ccccc4[nH]3)c2)=CC1,-7.5,3.506614204574756,10_1771
CC(C)(C)c1ccc(CS(=O)(=O)c2ccc(C(c3c(O)c4c(oc3=O)CCCCCC4)C3CC3)cc2)cc1,-7.3,1.6376372194038944,10_1772
O=C1C(=Nc2ccc(F)cc2F)C(Cl)C(=O)c2[nH]c(-c3ccncc3)nc21,-7.6,3.6815869915299735,10_1773
CC(=O)c1ccc(N2C(=O)CS(=O)(=O)C2c2cccc(Oc3ccccc3)c2)cc1,-7.5,3.67571246259846,10_1774
Cc1cc(C)c(-n2c(SCC(=O)NCC3CCCO3)nc(C)c2C)c(C)c1,-5.9,3.7107408658408554,10_1775
CCN=C(C)Nc1cc(N)c2c(c1)c(C)nc1ccccc12,-6.7,3.390577821568659,10_1776
COc1cccc(-c2nn(-c3ccccc3)cc2/C=N/OCc2ccc(Cl)cc2)c1O,-7.8,3.5404023466334578,10_1777
O=C(CSc1nc2ccccc2s1)N/N=C/c1ccc([N+](=O)[O-])cc1,-6.4,3.4037753623438576,10_1778
CCOC(=O)NC1c2ccc(O)c3c2C1c1cccc(NC(=O)c2ccc(Br)s2)c1CNCCC3,-7.2,1.2433152002057875,10_1779
O=C(Nc1ccc(C(O)=NO)cc1)NC(Cc1ccccc1)C(=O)Nc1ccc(C(=O)c2ccccc2)cc1,-7.7,2.7876139717026205,10_1780
CCOC(=O)NCCC(CC)NC(=O)c1ccc2c(c1)C(=O)N(c1ccc(-c3cccc(Cl)c3)cc1)C2=O,-7.0,3.490119740577084,10_1781
Clc1ccc(CN2CCCC(CCCNc3ncc(-c4ccc(Cl)cc4)s3)C2)cc1,-6.7,3.5397128373499545,10_1782
c1ccc(Cc2ccc(CN3CCOCC3)o2)cc1,-6.0,3.5848198460155727,10_1783
N#Cc1cc(-c2ccccc2)nnc1Sc1ccccc1,-6.4,3.6934627796988106,10_1784
Cc1cc(S(N)(=O)=O)ccc1NC(=O)COc1ccc(Cl)cc1NC(=O)c1ccc2ccccc2n1,-8.1,3.427564786778654,10_1785
COc1ccc(NS(=O)(=O)c2cccc(C(=O)N/N=C/c3ccc(-c4ccccc4)cc3)c2)cc1,-6.5,3.3794855636376013,10_1786
Cc1ccc(N(C(=O)c2snnc2C)C(C(=O)NC2CCCCC2)c2ccc(F)cc2)cc1F,-7.3,3.7143860005586884,10_1787
CC(C)c1ccc(-n2c(=O)c3cccnc3n2CC(=O)Nc2ccc(F)cc2)cc1,-7.3,3.7273338844559945,10_1788
O=C(CN1C(=O)NC2(CCCCC2)C1=O)Nc1ccncc1,-6.4,3.4593327327944827,10_1790
C=CCOC(=O)c1ccc(OCc2ccccc2)cc1,-5.8,3.497829776818607,10_1791
CCOc1ccc(Br)cc1S(=O)(=O)Nc1cc(-c2ccccc2)ccc1Cl,-6.8,3.685985409331712,10_1792
C=CC(=CC=COC)c1cc(NC(=O)c2cccc(NC(=O)CC(C)C)c2)ccc1N1CCCCCC1,-7.0,2.41061627566247,10_1793
CCN(CC)CCN(C(=O)c1ccc(S(=O)(=O)N2CCCCCC2)cc1)c1nc2cc(Cl)ccc2s1,-6.8,2.5621484001361376,10_1794
CCN1C(=O)C(c2ccccc2)[S+]([O-])c2ccccc21,-5.9,3.536178293610533,10_1795
CC1=CCc2[nH]c3ccc(C(C)(C)C(=O)N4C5CCC4CC5)cc3c2CCNCCC2Cc3ccccc3C2=CC(C)=C1,-8.2,1.5378114863954746,10_1796
Cc1nn(Cc2ccc(NC(=O)c3cc([N+](=O)[O-])ccc3Cl)cc2)c(C)c1CC(=O)O,-6.5,3.528295439614855,10_1797
Cc1ccc(CCOC(=O)CSCC(=O)Nc2cc(C)on2)cc1,-5.3,3.68273433297304,10_1798
Cc1c(OCCN2CNC(=O)NC(=O)C(C3CN=c4ccccc4=N3)CC=C2C(=O)O)ccc2ccccc12,-8.3,1.2328707794950526,10_1799
O=C1C=CC[C@@H](COc2ccc3c(c2)OCO3)O1,-5.7,3.430530797372742,10_1801
O=C(Nc1ccc(C(F)(F)F)nc1)c1ccc(-c2ccccc2-c2nn[nH]n2)c(C(F)(F)F)c1,-8.1,3.4977558843010734,10_1802
Cc1ccc(NC(=O)c2cc(-c3ccc4c(c3)OCO4)on2)cc1NS(=O)(=O)c1c(C)noc1C,-6.8,3.404475447942502,10_1803
CC(C)CCn1c(=O)n(-c2ccccc2)n(-c2ccccc2)c1=S,-5.6,3.6505416692600123,10_1804
CC=Nc1[nH]c2nc(-c3ccccc3)ccc2c1CN(C=O)CC(=O)N1CCCCCC1,-7.5,2.6701953829474814,10_1805
Fc1ccc(-c2cc(-c3ccoc3)cc(-c3cccnc3)n2)cc1,-7.7,3.583007750818417,10_1806
CCC(CC)NC(=O)Cn1c(-c2ccccc2)nnc1N1CC[C@@H](O)C1,-7.0,3.688170172754864,10_1807
Cn1cc(C(=O)N2CCOc3ccc(-c4cccnc4)cc3C2)cn1,-7.8,2.759455880469745,10_1808
CN(C)CCCNC(=O)Nc1c(-c2ccccc2)c2ccccc2[nH]c1=O,-7.1,3.6021728084385156,10_1809
COc1cc(C(=O)c2nc(-c3cccc(Br)c3)no2)cc(OC)c1OC,-6.4,3.646292284972188,10_1810
CN(C)c1ccc2cc(S(=O)(=O)NC3CCN(Cc4ccc5cccc(Cl)c5c4)C3=O)cnc2c1,-7.5,3.6504213784041584,10_1811
CS(=O)(=O)NC1=CC=C2CN(CC[C@@H](c3cccc(Cl)c3)N3CCC3)CCC2O1,-6.5,3.476886949687776,10_1812
c1nc(-c2cn([C@H]3CN4CCC3CC4)nn2)cs1,-6.0,3.344415955194728,10_1813
O=Cn1nc(-c2cn(-c3ccccc3)nc2-c2ccccc2)c2ccccc21,-8.8,3.49605433578635,10_1814
O=C(Nc1nc(-c2ccccc2)c(-c2ccccc2)s1)c1ccc(S(=O)(=O)N2CCCC2)cc1,-7.6,3.6435128171886477,10_1815
COC1=CC2=CC=C(/C=C/C(=O)C=C(/C=C/c3ccc(N(C)C)cc3)N(C(N)=O)c3ccc([N+](=O)[O-])cc3)c3ccccc3N2C=C1OC,-7.5,1.8984877381432703,10_1816
CCc1cc(-c2noc(C3=CC(OC)=CC4OC(C)=NC4=N3)n2)cc(C)c1OC[C@@H](O)CNC(=O)CO,-7.2,2.1949209418194906,10_1817
CCCCc1ccc(Nc2ccc3ccccc3c2)cc1,-5.9,3.3338595513431386,10_1818
O=C(Cn1c(=O)n(Cc2ccco2)c(=O)c2ccccc21)Nc1ccc(F)cc1,-7.1,3.706101243087984,10_1819
CN(C)C(=O)N[C@H]1CC[C@H](CCN2CCN(c3ncccc3[N+](=O)[O-])CC2)CC1,-6.8,3.4311943964369327,10_1820
COc1cc2ncc(C(N)=O)c(Nc3cccc(Cl)c3Cl)c2cc1N1CCN(C)CC1,-6.6,3.7086473912449986,10_1821
Cc1cc(=O)oc2cc(Oc3cccc(OC[C@H](O)[C@@H](O)/C=C/c4ccccc4)c3)ccc12,-7.3,3.544189718534027,10_1822
CC(N)C(=O)N(Cc1ccccc1)c1ccccc1,-5.3,3.6142163753104044,10_1823
O=C(Nc1ccc(F)c(-c2nc3cc(-c4cncnc4)cnc3[nH]2)c1)N1CCCC1,-7.6,3.6469389736248097,10_1824
O=CC1CC=CCC1C(=Nc1ccccc1)c1cccc(Nc2ccnc3cc(Cl)ccc23)c1,-7.9,3.362286515893339,10_1825
CN(CC(=O)Nc1ccccc1F)Cc1nc(-c2ccc3c(c2)OCO3)no1,-6.3,3.7351605479016388,10_1826
O=C(Nc1ccc(C2=CCN(C(=O)c3ccccc3)CC2)cc1)N1Cc2ccccc2C1,-7.2,3.5470462554424094,10_1827
N#Cc1c(N)nc2sc(C(=O)c3cc(Cl)cc(Cl)c3)c(N)c2c1-c1ccc(F)cc1,-7.0,3.5488796566629155,10_1828
c1ccc(Oc2ccc(NN=C3c4ccccc4Cc4c3[nH]c3ccccc43)cc2)cc1,-7.9,3.2774495610199086,10_1829
CN1c2ccc(Cl)cc2C(=O)N2CCc3c([nH]c4ccccc34)C21,-7.6,3.4976505123124513,10_1830
Cc1ccc(NS(=O)(=O)c2cccc(C(=O)Nc3ccccc3)c2)cc1,-7.1,3.72412931628764,10_1831
O=C1C=C(C(=O)c2ccccc2C(=O)O)c2ccccc2C1=O,-6.0,3.656690564306488,10_1832
COc1cccc(N2CCC(C(=O)Nc3cccc(F)c3)CC2)c1,-6.7,3.7590913895810765,10_1833
ClC=CC=CCNCCn1cnc2c(NCCN3CCOCC3)nc(N3CCOCC3)nc21,-6.0,3.182075985403034,10_1834
C=C1COCCC1N(CCC=CC=COC)C(=O)c1ccc(F)cc1OC(F)(F)F,-5.5,3.310967264066851,10_1835
O=c1c2cccnc2ncn1[C@H]1CCCN2CCCC[C@@H]12,-6.2,3.511226811726142,10_1836
O=C(C1CCC(NCc2cc3c(cn2)OCCC3)CC1)N1CCC2(CCCCC2)C1,-7.7,3.317829851009389,10_1837
Cc1nc2ccc(-c3cccc(C(=O)O)c3)cc2n1-c1cccc(Oc2cccc(S(C)(=O)=O)c2)c1,-7.6,3.4790611330469527,10_1838
Cn1c(NCCc2ccccc2)nc2cc(-c3ccccc3)sc2c1=O,-7.1,3.697336215089403,10_1839
CC[C@@H]1COCCN1c1nc(-c2ccc(NC(=O)Nc3ccccc3)cc2)nc(N2CCC(F)(F)C2)n1,-7.1,3.508655128990158,10_1840
O=C(Nc1ccc(-c2ocnc2Br)cc1)c1ccccc1Nc1cccc(C(F)(F)F)c1,-7.7,3.558879276155924,10_1841
O=C(O)CCc1c(C(=O)O)[nH]c2cc(Cl)cc(Cl)c12,-5.9,3.542259938831454,10_1842
Brc1cccc(-c2oc(C3CCNCC3)nc2-c2ccccc2)c1,-7.5,3.67538839799965,10_1843
CC=Cc1nnc(SCC(=O)N(Cc2ccccc2)C(C)(C)C)s1,-5.7,3.6684540569176165,10_1844
COc1ccc2c(c1)C(=O)c1c-2n(-c2ccc(Oc3ccccc3)cc2)c(=O)c2c1c(C)nn2-c1ccccc1,-7.7,3.342806182700215,10_1845
CCN1C(=O)OC(c2ccc(OCc3ccccc3)cc2)C(NCc2ccccc2)C(=O)NC1c1ccccc1,-8.2,1.606423959551368,10_1846
O=C(Nc1cccc(Cl)c1)Nc1cc(-c2cc3ccccc3o2)nc2ccccc12,-8.5,3.467323032292164,10_1847
CCCCNC(=O)NCCNCC(O)c1ccccc1,-5.1,3.3475413374282543,10_1848
O=C(c1c(F)cccc1F)N1CCN(S(=O)(=O)c2cccc([N+](=O)[O-])c2)CC1,-7.0,3.5559825403285314,10_1850
COc1cc(C=NNC(=O)c2c(C)nc3ccc(Cl)cn23)cc(-c2ccc(C(F)(F)F)cc2)c1O,-8.0,3.4913091017315048,10_1851
Cc1noc(C)c1C(=O)Nc1ccc(Nc2nccc(Nc3cc(C4CC4)[nH]n3)n2)cc1,-7.2,3.3626395764224877,10_1852
OCCNc1nc(Nc2ccc(F)cc2)nc2ccccc12,-6.4,3.6749276368652213,10_1853
Cc1cc(Cl)cc(C)c1NC(=O)c1cc(S(=O)(=O)N2CCOCC2)ccc1N1CCCC1,-7.7,3.667622919658441,10_1854
Cc1ccccc1OCC(=O)NCC(=O)NN=Cc1ccncc1,-5.7,3.562135051210073,10_1855
O=C1NC(c2ccc(-c3ccc(F)cc3F)o2)Nc2ccccc21,-7.7,3.705268158175324,10_1856
CN=C(C(=O)c1ccccc1)C(C=Cc1cccc(Cl)c1)c1ccccc1,-6.5,3.382756063183406,10_1857
N=C(N)NCCCC(NC(=O)C(Cc1ccccc1)NC(=O)C(Cc1cnc[nH]1)=NC(=O)CCc1ccc(F)cc1)C(N)=O,-7.0,2.7749231204246665,10_1858
Cc1c(-c2ccc(C(N)=O)c3[nH]c4c(c23)CC[C@H](C(C)(C)O)C4)cccc1-n1c(=O)cc2c(F)cccn2c1=O,-8.1,3.349726798202001,10_1859
COc1ccc(-c2csc3ncnc(NC4CCN(Cc5ccccc5)CC4)c23)cc1,-6.3,3.6428493568423717,10_1860
NS(=O)(=O)c1ccc(NC(=O)c2ccc(NS(=O)(=O)c3ccc([N+](=O)[O-])cc3[N+](=O)[O-])cc2)cc1,-7.2,3.082202702175198,10_1861
C[C@@H]1CCCN1CCc1ccc(-c2ccc(S(=O)(=O)N3CCOCC3)cc2)cc1,-7.0,3.613002224315969,10_1862
FC(F)(F)c1cccnc1-c1nn2c(-c3ccccc3)nnc2s1,-7.7,3.584765822752006,10_1863
O=C(c1cccc2ccccc12)N1CCN(C(c2ccccc2)c2ccccc2)CC1,-7.8,3.4157986092265693,10_1864
O=C1c2ccccc2S(=O)(=O)c2ccn(S(=O)(=O)C3=CC=CCC=C3)c21,-7.2,2.6113029429689263,10_1865
COc1ccc(-c2cc3ccccc3n2Cc2cc(OC)c(OC)c(OC)c2)cc1,-7.3,3.5931971692592954,10_1866
O=CCc1cccc(=O)c2c(=O)cc(-c3ccccc3)oc12,-6.8,2.669146655661142,10_1867
O=C(Cc1cccc(F)c1)N1CCC(n2c(O)ccc2O)CC1,-7.0,3.7152551067555155,10_1868
COc1ccc(OC)c(Cn2c(C)ccc2CN2CCCCC2)c1,-5.6,3.662814046015411,10_1869
O=C(Nc1ccc(-c2cc(C(=O)NC[CH]C3C[C@@H]4C=C[C@H]3C4)[nH]n2)cc1)Nc1ccccc1Cl,-6.6,3.3426342806769274,10_1870
O=C1NC(=S)S/C1=C/C=CC=CCOc1nc(-c2ccccc2)nc2ccccc12,-7.6,3.5546586456143294,10_1871
O=C(/C=C/c1ccc(Cl)cc1)N1CCC(C(CO)N2CCC(c3c[nH]c4ccccc34)CC2)CC1,-7.8,3.486756938627245,10_1872
COc1ccc(C(=O)c2cc(C)ccc2-n2c(=O)c3ccccc3n2C)cc1,-7.3,3.6016058217507805,10_1873
COC=CC=C(C)c1c(C=Cc2ccc(O)cc2)[nH]c2c(-c3ccccc3)c(-c3ccccc3)nn2c1=O,-8.2,3.284365359012619,10_1874
CNc1ncncc1-c1ccccc1COc1ccc(C(F)(F)F)cc1,-6.8,3.7676667420079886,10_1875
COC(=O)CNc1ccc(NC(=O)Nc2ccc3c(=O)n(C)c(=O)[nH]c3c2)cc1,-7.1,3.3798148945832107,10_1876
CCc1ccc(NC(=O)CN2CCCN(Cc3ccc(F)cc3)S2(=O)=O)cc1,-7.0,3.747734887098906,10_1877
COc1ccc(C(=O)N(CCN2C(=O)c3ccccc3C2=O)c2cccc([N+](=O)[O-])c2)cc1,-7.2,3.476190518375755,10_1878
Cc1cc(CN2CCC(CNC(=O)c3ccc(Cl)cc3Cl)CC2)on1,-6.7,3.786507443720145,10_1879
Cc1cnc(-c2nc(C)c(C(=O)N[C@@H](C)c3ccc(C4(C#N)CCO4)cc3)s2)cn1,-6.7,3.7391069079833024,10_1880
N#Cc1ccc(C(c2ccccc2)N2CCN(CCCc3c[nH]c4ccccc34)CC2)cc1,-6.9,3.5700742100029332,10_1881
COc1ccc(Oc2cccc(CN3CCC(Oc4ccc(C(=O)N5CCCC5)cc4)CC3)c2)cc1,-7.9,3.4795957304821257,10_1882
O=C1N2N=CN(c3ccc(F)cc3)C2C(c2ccc(Br)s2)N1c1ccc(Cl)cc1,-7.8,3.543844842330106,10_1883
CCc1nc(C)c(C(=O)N2C[C@@H]3CCC2CO3)o1,-6.0,3.2972756855990752,10_1884
O=C(CCc1ccccc1)Oc1ccc2c(c1)[C@@]13CCCC[C@@]1(O)[C@@H](C2)N(CC1CCC1)CC3,-6.5,3.2207798856168472,10_1885
CC(C)C(=O)Nc1ccc(Cc2cn(Cc3ccccc3F)c(=O)c3cc(OCC(=O)Nc4ccc(F)cc4)ccc23)cc1,-8.1,3.2883437016497323,10_1886
Cc1ccc(-c2cncc(NS(=O)(=O)c3cccc(OC(F)(F)F)c3)c2)cc1,-7.8,3.775072276728819,10_1887
Cn1ccc2cc(C(=O)c3ccccc3)ccc21,-6.4,3.377371605048587,10_1888
CCOc1ccc(Cc2cc([C@@H]3O[C@H](CO)[C@@H](O)[C@H](O)[C@H]3O)c3c(c2Cl)S(=O)(=O)C3)cc1,-7.0,3.296105325252461,10_1889
CC(=O)N1CCc2c(sc(NC(=O)c3ccc(Cl)s3)c2C(=O)OC(C)(C)C)C1,-6.5,3.6859561921795994,10_1890
Cc1ccc2cc(CN3CCN(C=O)CC3)c(=O)[nH]c2c1,-6.9,3.626805305443363,10_1891
CCOC(=O)Cn1cnc2c(Nc3cccc(Cl)c3)nc(N(CCO)CCO)nc21,-6.4,3.2867956002024563,10_1892
CN1CCc2cc3c(cc21)[C@H](c1ccc2cc(F)ccc2c1)C[C@H](C(C)(C)O)[C@@]3(C)OCO,-7.4,3.5138286782081627,10_1893
O=C(O)/C=C/c1nn(CC(O)CN2CCCCC2)c2ccccc12,-6.3,3.6832159552975487,10_1894
OC[C@H]1O[C@@H](n2cc(-c3ccccc3)nn2)[C@H](O)[C@@H](O)[C@@H]1O,-6.9,3.287115633858635,10_1895
O=C(CCl)c1scc(Cl)c1Cl,-4.2,2.0259380481956653,10_1896
Cc1ccc(NC(=O)c2c(C)c(CCc3ccccc3Cl)n3ccccc23)cc1,-7.3,3.5131928137185966,10_1897
CS(=O)(=O)CC(Cc1ccco1)=Nc1[nH]ncc1C(=O)Nc1ccc(Cl)cc1Cl,-6.8,3.561704576391582,10_1898
O=C1CCc2cc(Cl)ccc2N1CCCN1CCN(c2ccccc2)CC1,-6.5,3.5743609387801825,10_1899
c1ccc(-c2ccc3nnnn3n2)cc1,-6.1,3.512526313616762,10_1900
CCOc1ccc(OC=c2[nH]ccc2=C(N=O)NCc2ccccc2F)cc1,-6.7,3.6787073977999127,10_1901
Nc1ccccc1NC(=S)c1cccnc1,-5.5,3.512232534563136,10_1902
O=c1[nH]c2cccc(N3CCN(CCCc4c[nH]c5ccc(-n6cnnc6)cc45)CC3)c2s1,-8.1,3.5202115608865676,10_1903
O=C1C=CC2(C=C1)OCC(c1ccccc1OC(F)(F)F)O2,-6.3,3.5375550298302354,10_1904
N=C(NOCc1ccc(-c2ccc(Cl)c(C(=O)O)c2)cc1)c1ccccc1,-7.2,3.448643267366013,10_1905
Cn1ccc2cc(Nc3cccc(C4C(C#N)C(=N)OC5=CC(C)(C)CC(=O)C54)c3)ccc21,-8.1,3.5495917856324235,10_1906
COc1cccc(C(=O)N2CCC(N3CC(CC#N)(n4cc(-c5ncnc6[nH]ccc56)cn4)C3)CC2)c1,-7.4,3.4709776527366616,10_1907
CC(=O)N(O)CCC(F)P(=O)(O)O,-4.5,1.5022110782805083,10_1908
C=COc1cc(F)ccc1Nc1cc(F)cc(N=S(C)(C)=O)ccncn1,-6.1,1.5725314789307836,10_1909
Oc1cc2cc(-c3ccc(OCc4ccccc4)c(F)c3F)cnc2[nH]1,-7.7,3.66254980777747,10_1910
CC(C)[C@H]1CN(S(=O)(=O)c2cccc3nsnc23)CC[S+]1[O-],-6.6,3.5475905606398523,10_1911
O=C(c1cccc(C(F)(F)F)c1)N1CCC(O)(CNc2nc3ccc(F)cc3s2)CC1,-8.0,3.6645404589457575,10_1912
O=C(Nc1cccc(-c2nc3ncccc3o2)c1)c1cccnc1Cl,-7.3,3.677642113794439,10_1913
O=C(Cc1ccccc1F)Nc1ccccc1C(=O)NC(c1ccccc1)c1ccccc1,-8.2,3.506103401261654,10_1914
O=C1C2Cc3cc(O)ccc3C1Oc1ccc(C(O)(C(F)(F)F)C(F)(F)F)cc12,-7.6,3.5257326330051195,10_1915
CCN1CC(Oc2ccc(C(=O)Nc3cccc(-c4cc(C(=O)OC)no4)c3)cc2C)C=C1C,-7.0,3.626789145574367,10_1916
C[CH]N1CC(C(=O)Nc2c(F)cccc2F)[C@@H](Oc2ccc(Cl)cc2Cl)C1C(=O)NCCc1ccccc1,-7.3,3.551768809610693,10_1917
COc1ccc(OC)c(/C=C/C(=O)OCCCN(C)C[C@@H](C)COC(=O)c2c3ccccc3cc3ccccc23)c1,-6.4,3.0035980460282263,10_1918
O=C(O)c1cccc(NCc2c3ccccc3nc3cccc(Cl)c23)c1,-8.0,3.577763099954892,10_1919
C=CC=CC[C@H](CNc1cc(OC)cc2cccnc12)N(CC)CC,-5.9,3.6101761997930053,10_1920
C[C@@H](Nc1ncnc2[nH]c(-c3cccc(F)c3F)nc12)c1ccccc1,-8.1,3.704370672968719,10_1921
COc1ccccc1N1C=CN(c2ccccc2C(=O)NCCCCCCCn2cc(-c3cccnc3)nn2)N=N1,-7.9,3.1980598289096465,10_1922
C=CC(=O)Nc1cc(Nc2cc(-c3cccc(NC(=O)c4ccccc4)c3)ncn2)ccc1N(C)C(=O)OCCCC,-6.5,3.1336673585880073,10_1923
COc1ccc(-n2ncc3c2CC(C)(C)CC3NC(=O)CCCn2ccnc2)cc1,-6.1,3.7349059267800255,10_1924
Cc1ccc2nc3cccnc3c(=O)n2c1,-6.0,3.403097435829457,10_1925
Cc1c(C=CC(=O)Nc2ccc(CN3C(C)CC3C)cc2)oc2ccccc12,-6.3,3.61525936345702,10_1926
COc1ccc2c(CC#N)cc(C)nc2c1,-5.5,3.5613824836305046,10_1927
CC[C@@H]1CC(C(=O)NCc2ccc(F)c(F)c2)N(C(=O)OCc2ccccc2)C1,-7.3,3.773707756679386,10_1928
CN=CCC=NC=NC(F)Oc1ccc(NC(=O)C2(C(=O)Nc3ccc(F)cc3)CC2)cc1,-6.6,3.3363204015277765,10_1929
CC1(C)CC(=O)c2cnc(NCCc3ccc(Cl)cc3Cl)nc2C1,-6.4,3.7830061129503854,10_1930
CC(C)c1ccccc1Sc1ccc(-c2cc(Nc3ccc(C4CCN(C)CC4)cc3)no2)cc1C(F)(F)F,-6.5,3.389631787246067,10_1931
CC=C1C(F)=CCOC1NC[C@@H]1CCN(c2ncnc3[nH]ccc23)C[C@@H]1C,-7.3,3.6525608605241526,10_1932
Cc1ccc(C(=O)N2CCN(c3cc(-c4ccccn4)nc4ccccc34)CC2)cc1,-8.1,3.5963430194508983,10_1933
CN(C)c1ccc(-c2cnc3cc(C=NO)ccc3n2)cc1,-6.3,3.5776067285258817,10_1934
CSc1ccc(CN2Cc3ccccc3N=Cc3ccccc32)cc1,-7.1,1.6479318190846697,10_1935
CCC(=O)N1N=C(c2ccco2)CC1c1ccccc1,-6.5,3.647364258514777,10_1936
Cc1ccc(S(=O)(=O)N2CCC(=O)N(C(COCc3ccc(Cl)cc3)C(C)C)CC2)cc1,-6.8,2.719318559672464,10_1937
Cc1ccccc1S(=O)(=O)NC1CC(=O)N(c2ccc(Cl)cc2)C1,-6.5,3.761411411477499,10_1938
Cc1ccsc1C(=O)NC1CCN(Cc2ccccc2Cl)CC1,-6.3,3.7201205099928547,10_1939
NCC=CC=CCc1[nH]c2c(C(=O)Nc3ccc(Cl)cc3)cnn2c1NCc1ccccc1,-7.5,3.3913562091698832,10_1940
O=c1cc[nH]c2ncnn12,-4.5,3.183528324245772,10_1941
CCCCn1c(N)c(N(CCOC)C(=O)c2c(-c3ccccc3)noc2C)c(=O)[nH]c1=O,-5.7,3.5284385093969144,10_1942
O=C(CCn1nnnc1CN1CCOCC1)Nc1ccccc1,-6.0,3.6269594558296583,10_1943
O=C(COC(=O)c1ccccc1NC(=O)c1ccco1)Nc1ccc(N2CCCCC2)cc1,-7.0,3.628657637208077,10_1944
NC(=O)c1cnc2ccc(-c3ccc(F)cc3)cc2c1Nc1cccc(C(F)(F)F)c1,-8.0,3.549566363977042,10_1945
Cn1cc([N+][O-])c(C=NNC(=O)c2cccc(C(=O)Nc3ccc4c(c3)OCCO4)c2)n1,-6.6,3.415977149987688,10_1946
CCc1ncnc(-c2ccc(C(=O)N3CCN(C(C)C)CC3)c(F)c2)c1C#Cc1ccc(N)nc1,-6.4,3.6870267957261156,10_1947
CCc1cc(C)nc2ccccc12,-5.4,3.1735173931025304,10_1948
Cc1nn(C)c(C)c1S(=O)(=O)N(CC(F)F)c1cccc(C(N)=O)c1,-6.4,3.689052539999945,10_1949
Cc1noc(C)c1CN1CC[C@@]2(CCCN(C(=O)Cc3ccccc3)C2)C1,-6.4,3.5929677838710794,10_1950
CC(C)[C@H]1CN(Cc2ccccc2)C(=O)C1CC(=O)Nc1cccc(F)c1,-6.4,3.683837076748648,10_1951
COc1ccc2snc(/C=C3\SC(=S)N(CC(=O)O)C3=O)c2c1,-6.4,3.5900345713015884,10_1952
N#Cc1cc(-c2ccnc(Nc3ccc(N4CCNCC4)cn3)c2)ccc1OC1CCOCC1,-6.8,3.543104491181347,10_1953
COc1cccc(-c2nc(CS(C)(=O)=O)co2)c1,-5.7,3.676674424137892,10_1954
CC(=O)NCCN(F)CCOc1ccc(NC(=O)Nc2cc(C)ccc2C)cc1C(F)F,-6.1,3.521472721069516,10_1955
COc1cc2c3c(c1OC)-c1ccccc1[C@H](O)[C@H]3NCC2,-6.7,3.5958560758716454,10_1956
COCCOc1ccc(Nc2nc3cc(C)ccc3cc2C#N)cc1,-6.4,3.738289369802053,10_1957
O=C(O)c1ccc(C(c2nnnn2-c2ccc3c(c2)OCCO3)N2CCCCC2)cc1,-7.1,3.582031856992712,10_1958
O=[N+]([O-])c1c(Cl)cccc1Sc1nc2ccccc2n2cncc12,-7.1,3.547649966673583,10_1959
C[C@@H](NC(=O)c1cc(-c2cccc(F)c2)cnc1-c1ccccc1F)c1ccc(C(=O)O)cc1,-6.9,3.5700952915021276,10_1960
Cc1noc(C)c1C(=O)N1CCC(NC(=O)Nc2ccc(F)cc2)CC1,-6.6,3.726784821322421,10_1961
CC(C)(C)c1ccc(S(=O)(=O)N2CCC(C(=O)N3CCN(c4ccccc4)CC3)CC2)cc1,-6.9,3.6173668400049714,10_1962
O=C(Nc1ccc(C=Cc2nc3ccccc3o2)cc1)c1cccc(F)c1,-6.7,3.667718860341078,10_1963
CS(=O)(=O)N(CCCN1CCOCC1)[C@H]1CCN(C(=O)COc2ccccc2)C1,-5.8,3.393418678977409,10_1964
COc1ccccc1/C=C/CN1C[C@H]2CN(c3ccc4ccccc4c3)C[C@@H]2C1,-7.2,3.455102606528892,10_1965
[NH]C(=O)c1ncn([C@H]2C[C@H](O)[C@@H](COP(=O)(O)OP(=O)(O)OP(=O)(O)O)O2)c1N=CN,-6.0,1.3981313883108069,10_1966
C=C(C)[CH]CC1[CH][C@H]2CC[C@@H]3[C@@]4(C)CCC(=O)C(C)(C)[C@@H]4CC[C@@]3(C)[C@]2(C)CC[C]1C(=O)NCc1cn([C@H]2O[C@H](CO)[C@@H](O)[C@H](O)[C@@H]2O)nn1,-7.3,1.558938783686055,10_1967
CC(C)Cc1ccc(-c2nc3ccc(Br)cc3c(C(=O)O)c2O)cc1,-7.2,3.719928656878383,10_1968
O=C(Nc1nnc(-c2ccc(O)c(O)c2)s1)c1ccc(-c2cn(-c3ccc(OC(F)(F)F)cc3)nn2)cc1,-5.0,3.097782966978289,10_1969
CCC(C)(C)NC(=O)C(c1ccc(C)o1)N(Cc1ccccc1)C(=O)CCC(=O)Nc1ccccn1,-6.0,3.5626056967440274,10_1970
C[C]C1C(=O)CC2(C=CC3=C(CCCC3=O)CC(=O)CC2)C1C(=O)COc1no[n+]([O-])c1S(=O)(=O)c1ccccc1,-7.5,0.8806837452270475,10_1971
C=C1C=CC(CCN(CCO)c2nc(-c3ccccc3)cc(-c3cccs3)n2)=C1,-7.7,3.6928894368477696,10_1972
CC(C)n1cnc2c(NCc3ccccc3)nc(OCc3ccccc3C#N)nc21,-6.9,3.669295645347489,10_1973
COc1ccccc1-c1nc(C)cc(Nc2cc(OC)c(OC)c(OC)c2)n1,-6.3,3.7464703227149068,10_1974
Cc1cc(C)c(C(=O)OC(C)C(=O)Nc2cc(Cl)ccc2C)cc1NC(=O)c1ccco1,-7.1,3.650528900609606,10_1975
CN(C)CCCNC(=O)c1cccc2[nH]c(-c3cc(Br)nn3-c3ncccc3Cl)nc12,-7.4,3.5576793105657316,10_1976
COc1cc(C2=NN(C(C)=O)C(c3ccccc3[N+](=O)[O-])C2)cc(OC)c1OC,-6.9,3.583080187219888,10_1977
Cc1ccc(S(=O)(=O)N2CCN(C(=O)c3cc(-c4cccnc4)nc4ccccc34)CC2)cc1,-8.8,3.637657633719977,10_1978
O=c1[nH]cc(-c2ccccc2)c2ccccc12,-6.5,3.3721562663396654,10_1979
O=C(Nc1ccc(-c2cn[nH]c2)cc1)N1Cc2ccccc2C1,-7.0,3.6367751501396555,10_1980
CO[C@H]1Cc2ccccc2C2(CCN(Cc3cnn(C)c3)CC2)O1,-6.5,3.600161212277848,10_1981
COc1ccc(C2(c3ccc(OC)cc3)NC(=O)N(CC(=O)c3ccccc3)C2=O)cc1,-8.0,3.6424238059437863,10_1982
CCc1nc2c(C)cc(C)nc2n1Cc1ccc(CC(c2cn(C(C)C)c3ccccc23)C(C)C)cc1,-6.9,3.224786226604518,10_1983
O=C(O)c1cccc(-c2ccc(C(=O)NN=Cc3cccc(O)c3O)o2)c1,-7.2,3.332648998457981,10_1984
Cc1nc(N)nc2c1cc(-c1ccc(OCC(C)C)cc1)c(=O)n2C(C)C,-6.5,3.7630361183192185,10_1985
O=C(O)CCn1cc(C=C2C(=O)NC(=S)NC2=O)c(-c2ccccc2)n1,-7.4,3.3606299909210176,10_1986
CC1=CCC[C@H]2[C@](C)(Cc3cc(O)cc(N=C(Cc4ccccc4)C(=O)O)c3O)[C@@H](C)CC[C@]12C,-7.1,3.223125660258993,10_1987
COc1ccccc1CC(=O)NCc1ccccn1,-5.6,3.6809288813243723,10_1988
NC(=O)c1ccc(NC(=O)Nc2ccc3c(c2)OCO3)cc1,-6.5,3.610036750451594,10_1989
COC=C1C=CC(Cc2cc(=O)n(CC(=O)Nc3ccc(N4CCN(c5ccccc5)CC4)cc3)[nH]2)=C1,-7.1,3.5000482170615594,10_1990
CCN(CC)Cc1cnc2n1CCN(C(=O)c1ccccc1F)CC2,-6.3,2.7604631237939077,10_1991
O=C1c2ccccc2-c2c1c1ccccc1c(=O)n2Cc1ccco1,-7.1,3.612971404913151,10_1992
O=CC(Cc1cccc(OCc2ccccc2C(F)(F)F)c1)=NC1=NCCCS1,-7.1,3.6007598749815015,10_1993
COc1ccc(-c2nc(-c3ccco3)oc2Sc2ncccn2)cc1OC,-6.7,3.530096722385697,10_1994
CC(C)(C)c1ccc2c(c1)C(=O)N(c1ccc(-c3ccccc3)cc1)C2=O,-7.5,3.469405613525212,10_1995
CC(C)C1[C]2OC(=O)C(C(C)C)C1CCC(C)(C)CCC2=O,-5.3,1.045027879770665,10_1996
CC(=O)Nc1ccc2c(Nc3cccc(C)c3)ncnc2c1,-6.8,3.732008154927752,10_1997
[CH]N(CCc1c([CH]Cc2ccccc2)[nH]c2ccccc12)CC1CCNCC1,-7.3,3.4570690935735766,10_1998
