smiles,docking,drug_likeliness,names
N=CN=C1C=CC2=C1C=C(C=Cc1cccc(C(=O)Nc3ccccc3N3CC[C@H](CO)C3)c1)C2,-7.6,3.281350467224083,13_0
COC(=O)C(C)NC(=O)c1coc(-c2ccc(O)cc2O)n1,-6.1,3.456584162163833,13_1
CC(C)(C)NC(=O)c1ccccc1C[C@@H](O)[C@H](CSc1cccc2ccccc12)NC(=O)c1ccc2ccccc2n1,-8.2,3.176894597625677,13_2
O=C(/C=C/c1ccc(Cl)c(Cl)c1)NCCCCCN1CCC(C(=O)Nc2ccc(Cl)c(Cl)c2)CC1,-5.6,3.3534380200662453,13_3
Cc1cccc(C(=O)Nc2ccc3nc(NC(=O)c4ccccc4)sc3c2)c1,-7.6,3.669526114955377,13_4
O=C(c1ccc(C(=O)N2CCC(N3CCCC3)CC2)cc1)N1CCC(N2CCCC2)CC1,-7.6,3.285785325532276,13_5
O=C(NCCN1CCCCC1)c1ccc(/C=C/C(=O)c2ccccc2-c2ccc(C(F)(F)F)cc2)cc1,-6.9,3.463077591354572,13_6
CC(C)CNC(=O)CCc1cccc(-c2ccccc2)c1,-6.0,3.4911164690619962,13_7
COc1ccc2c(c1)C(=O)C(Oc1cccc(C(NC3=CCCCC3)C(=O)N3CCOCC3)c1)=C2,-6.9,3.4956401636375487,13_8
CS(=O)(=O)Nc1nc2ccc(-c3cccc(OCC(O)CN4CCc5ccccc5C4)c3)cc2s1,-6.0,3.5437936149761544,13_9
Nc1ncnc2c1c(-c1ccc(O)cc1)cn2-c1ccc(-c2cccnc2)cc1,-7.4,3.563397857953222,13_10
NC[C@H](NC(=O)c1ccc(-c2ccc(C(F)(F)F)cn2)[nH]1)c1ncc(CO)s1,-6.7,3.4883582224916116,13_11
O=C(c1cc2ccccc2[nH]1)N1CC(=O)N(Cc2cccc(C(F)(F)F)c2)[C@@H](CCc2ccccc2)C1,-7.7,3.539070979361438,13_12
NS(=O)(=O)Oc1ccc2c(c1)CN(C(=O)c1cc3cc(NC(=O)c4cccc5ccccc45)ccc3[nH]1)CC2,-8.0,3.3340130660208023,13_13
O=C(c1cc(Cc2n[nH]c(=O)c3ccccc23)ccc1F)N1CC=C(c2c[nH]c3ccccc23)CC1,-8.9,3.490374047153316,13_14
N=C1C(=NC(=Cc2cc(Cl)ccc2O)c2ccc(F)cc2)N=C(c2ccccc2)C1c1ccccc1,-7.7,3.3410923743602234,13_15
CC(C)N1CCN(CC(=O)Nc2c3c(nn2-c2cccc(Cl)c2)C[S+]([O-])C3)CC1,-7.0,3.6165734386346857,13_16
O=C(Nc1ccc(N2CCN(C(=O)CCc3ccccc3)CC2)cc1)c1ccc(Cl)cc1Cl,-7.4,3.682846160862745,13_17
Cc1ccc(C(=O)Nc2nc(-c3ccccc3)c(C(=O)c3csc4c3CCCC4)s2)cc1C,-7.7,3.5576935436527766,13_18
O=c1cc(-c2ccccc2NCc2cccc(C(F)(F)F)c2)nc2ccccn12,-8.1,3.7013353472359185,13_19
CNC(=O)c1cc(Cl)cc(C)c1NC(=O)c1cc(-c2ccc(OC(C)C)cc2)nn1-c1ncccc1Cl,-7.6,3.509342172248374,13_20
N#CC1C=CN(C(=O)Nc2ccc(C(=O)Nc3ccc(-c4cccc(-c5nc6cc(C(F)(F)F)ccc6[nH]5)c4)cc3)cc2)CC1,0.2,3.1941470882001224,13_21
O=C(Nc1ccc(C(=O)Nc2ccccc2C(=O)NCCN2CCCCC2)cc1)Nc1cccc(Cl)c1,-7.3,3.455468637888085,13_22
CCN(Cc1ccc(OC)c(OC)c1)C(=O)c1nn(-c2ccccc2Cl)c(-c2ccc(Cl)cc2)c1CCC#N,-6.2,3.398738784967815,13_23
C=C1CCCCC1N=C(Nc1ccccc1)c1ccccc1/N=N/C(O)c1ccccc1C=CC(=O)O,-7.4,3.0395950579943563,13_24
Fc1ccc(Nc2ncnc3ccc(Oc4ccc(Oc5ccc(Cl)cc5)cc4)cc23)cc1Cl,-8.2,3.445357067680272,13_25
c1ccc(-c2ccc(CNc3nnc(-c4ccsc4)o3)cc2)cc1,-7.1,3.6904367940126974,13_26
COc1cc(C2SCC(=O)N2NC(=O)c2cc3ccccc3o2)cc(OC)c1OC,-6.5,3.7246428092400423,13_27
Cc1ccc(C)c(NC(=O)c2ccc(Oc3nc4ccccc4nc3NC(C)(C)C)cc2)c1,-8.0,3.5957516907950735,13_28
CNC(=S)N1N=C(c2cccc(F)c2)CC1c1cc(OC)ccc1OC,-6.4,3.734120034570569,13_29
CNC[C@H]1CN(c2ccc(-c3nc4[nH]c(-c5cccc6ccccc56)nc4cc3Cl)cc2)CCN1,-7.7,3.458773331632056,13_30
COC=CC(Cc1ccc(C=Cc2c3ccc4cc3ccc24)o1)C(=COC)OC,-6.5,3.3642003940560583,13_31
O=C(Cn1c2ccccc2c2nc3ccccc3nc21)NCCCN1CCN(c2ccc(F)cc2F)CC1,-7.5,3.4626845958834114,13_32
Cc1cccc(C(C)C)c1NC(=O)c1cccc2ccccc12,-7.2,3.4491258441499584,13_33
O=C(O)CCN1C(=O)/C(=C\c2ccccc2)SC1=S,-5.7,3.571347679735228,13_35
CCNC1C=NC2=CCC(Br)=S2C(=O)N1Cc1ccc(-c2ccccc2-c2nn[nH]n2)cc1,-7.4,2.5015357524646875,13_36
CN(Cc1ccc2ccccc2c1)C(=O)C(Cc1ccccc1)NC(=O)C1C[C@]2(O)c3ccccc3NC2C(=O)N1,-8.9,3.2703117165827074,13_37
COC=CC=CC(=O)C=C1COc2c(ccc(O)c2CN2CCCCC2)C1C,-6.0,3.4141401316726974,13_38
O=C(C=C1C=CN2CCN(CC3CC3)C2=C1)N1CCc2c(n(Cc3ccc(F)cc3)c3ccccc23)C1,-7.9,3.255451963693673,13_39
O=C(c1ccc[nH]c1=O)N1CCC(c2ccccc2C(F)(F)F)CC1,-7.0,3.6977991566202073,13_40
Nc1ncc(Cl)nc1CNC(=S)Nc1ccccc1,-6.0,3.5307449947901546,13_41
Cn1c(=O)c2ccccc2c(=O)n1C1CC1,-5.1,3.522154454681252,13_42
O=C(O)CCCOc1cccc(-c2cccc3c(=O)cc(N4CCOCC4)oc23)c1,-6.7,3.6997605028963765,13_43
O=C(NC1(c2ccccc2)CCC1)C1CCC[C@H]1c1cc(-c2cccc(Oc3ccccc3)c2)on1,-8.1,3.423730125223915,13_44
O=C(Nc1ccc2c(c1)OCO2)c1cc(C2CCCCN2C(=O)c2ccccc2)on1,-7.6,3.6613922593197525,13_45
c1ccc2c(c1)CC(N1C[C@@H]3CC[C@H](C1)N(Cc1cc[nH]c1)C3)C2,-7.4,2.3182172465375825,13_46
COc1ccc(N2CCN(CC(=O)Nc3nnc(Cc4ccc(OC)c(OC)c4)s3)CC2)cc1,-6.7,3.5700556347064767,13_47
NS(=O)(=O)c1ccc(-c2ccc(-c3ccc(S(N)(=O)=O)cc3)o2)cc1,-7.0,3.646107035200977,13_48
CC(=O)Nc1ccc(C(=O)NCCCN)cc1OCc1ccccc1Cl,-6.4,3.6001513871562185,13_50
C[C@@H](N)c1ccc(-c2cc3ncn(C)c(=O)c3c(NC3CC3)n2)cc1,-7.8,3.76689007430463,13_51
COc1ccc(Nc2ncnc3cc4c(cc23)OCCO4)cc1,-7.2,3.7487599744404827,13_52
C=CC(CC=COC)=NC(=O)Sc1cccc(C(=O)Nc2ccc(OC)c(OC)c2)c1,-5.2,3.4856013584814325,13_53
Cc1ccc(NC(=O)c2c(NC(=O)C(C)(C)C)sc3c2CCC(C)C3)cc1,-7.4,3.6634163280876972,13_54
CC(C)(C)c1[nH]n2c(=O)cc(-c3ccc(C(=O)NCc4ccc(F)cc4)cc3)nc2c1-c1ccccc1,-7.6,3.4824731586089266,13_55
COc1ccccc1NS(=O)(=O)c1cc(CC(=O)NCCCc2ccccc2)ccc1OC,-6.6,3.5743635814601245,13_56
O=C(c1ccccc1F)N1CCC(c2noc(CCc3ccccc3)n2)C1,-7.2,3.7311902966946713,13_57
CNc1[nH]c(=O)nc2c1ncn2C1C=C(CO)C(O)C1O,-6.7,3.053643124380984,13_58
N=C1C(C(N)=O)C(c2ccc(Br)cc2)C2=C(CCCC2=O)N1c1cccc([N+](=O)[O-])c1,-7.1,3.4734612032880383,13_59
O=C1c2cc(-c3ccc(C(F)(F)F)cc3Cl)ccc2OCCN1Cc1ccccc1,-7.5,2.592000462648572,13_60
CNc1ncc2cc(-c3ccc(-c4ccc(F)cc4)cc3Cl)c(=O)n(CC(O)c3ccccc3)c2n1,-7.6,3.464970475092985,13_61
Cc1cc(-c2nnn(CCC(N)=O)n2)ccc1N(C)C(=O)c1cccc(-c2ccc(F)cc2)c1,-7.1,3.655065288152237,13_62
O=C(Nc1ccc(F)cc1)C(=O)C(=O)N1CCC(C(=O)N2CCCCC2)CC1,-6.6,3.502751447545289,13_63
Cc1cc(Cl)ccc1Nc1nc(-c2ccccc2NC(=O)c2ccccc2)cs1,-8.0,3.6037646190208035,13_64
COc1ccc(NC(=O)Nc2ccc(S(=O)(=O)Nc3cc(C)on3)cc2)cc1,-7.2,3.5758131450427415,13_65
O=C1Cc2ccccc2NCOC(=O)C2CN(Cc3ccoc3)C[C@@H]2N1,-7.4,1.1962344544676036,13_66
Cn1c(=O)n(CC(=O)N2CCN(C(=O)OC(C)(C)C)CC2)c2ccccc21,-6.8,3.639953364572534,13_67
OC(c1ccc(F)cc1)c1nc(-c2cccc3ccccc23)co1,-8.0,3.6348848136793013,13_69
CC=C1ON=C1C=C1C=CC(N2C(=O)C(=O)C(C(=O)CC(C)C)C2c2ccccc2C(=O)N2CCOCC2)=C1,-6.9,3.117029943748018,13_70
Nc1c(C(CC=O)c2ccc3c(c2)OCO3)cnn1Cc1cccc2ccccc12,-8.0,3.6445421748827815,13_71
N=C(C=CC(=O)NN=CC1=CC=CC1)C1CC=C=N1,-5.6,2.0936599873869226,13_72
O=C(Nc1cnc2ccc(N3CCC[C@@H]3c3cc(F)ccc3F)nn12)N1CC[C@@H](O)C1,-7.5,3.6120008163808714,13_73
O=C(Nc1cccc2cccnc12)c1ccc2cc3n(c2c1)CCCNC3=O,-8.0,2.6792536494264265,13_74
Cc1cccc(N2CCN(C(=O)C3CCCN(S(=O)(=O)c4cccs4)C3)CC2)c1C,-6.6,3.6463979186460813,13_75
O=C(Nc1ccc(Br)cc1)Nc1ccc(-c2nc(N3CCOCC3)c3cccnc3n2)cc1,-7.3,3.6073586926563626,13_76
COC(=O)C1CN[C@H](CO)[C@H]1c1ccccc1,-5.6,3.469222229824452,13_77
COc1ccc(/C=N/NC(=O)c2cc(-c3cccc([N+](=O)[O-])c3)[nH]n2)cc1,-7.1,3.482913087197323,13_78
O=S1(=O)CCC(c2cncc(Nc3nc4ccccc4[nH]3)n2)C1,-7.0,3.6610950811383325,13_79
O=C(Nc1ccccc1-c1ccccc1)OC1CCN(c2ccc3ccccc3n2)CC1,-7.6,3.6298960638762097,13_80
O=C(O)c1cnc(N(C(=O)c2ccc(Oc3ccccc3)cc2)C2CCC2)s1,-6.9,3.770230463096689,13_81
O=C1CSC(c2ccccc2Cl)N1c1cccc(S(=O)(=O)Nc2ccccn2)c1,-7.0,3.7605485535886043,13_82
CCOC(=O)C1C(=Nc2ccc(Cl)cc2)CC(c2cccc(O)c2)N(c2ccccc2)C1c1ccccc1,-6.4,3.435414776920596,13_83
Cc1cc(NC2CCCCC2)nc(-c2ccccc2)n1,-6.8,3.6546191264057595,13_84
O=Cc1c(-c2ccccc2)oc2c(-c3ccc(NS(=O)(=O)c4cccc(Cl)c4Cl)cc3)cc(Br)cc12,-7.6,3.343150669894545,13_85
CC(C)C(=O)Nc1ccc(S(=O)(=O)Nc2nccs2)cc1,-6.0,3.6980382946622123,13_86
CN(C)C[PH]=Nc1cc(F)ccc1C(=O)OCC(=O)N1CCCCC1,-6.2,3.549433736437453,13_87
Nc1nc(=O)c2cc(CCCCc3ccc(C(=O)NC(CCC(=O)O)C(=O)O)cc3)[nH]c2[nH]1,-6.4,3.1682078637335405,13_88
C=C1C(=NC=Cc2cccc([N+](=O)[O-])c2)N=CN1CCO,-6.0,3.5546378609491946,13_89
O=c1cnc2ccccc2n1Cc1ccc2ccccc2c1,-6.9,3.5199912931350448,13_90
Cc1ccc(C(Nc2c(Nc3cccc(C(=O)N(C)C)c3O)c(=O)c2=O)C2CCCC2)o1,-7.4,3.486642508088237,13_91
COc1ccc(NC(=O)C2=CC(=O)c3ccccc3OC2c2cccc3ccccc23)cc1,-7.4,2.6437874813656297,13_92
C/C=C(/C)C(=O)O[CH]C(C)=C[C@@H]1O[C@H]2OC(=O)C(CC)[CH]C3=C(C)[C@@H](OC(=O)c4ccccc4)C(C)(C)[C@H]3[C@@H](OC(C)=O)[C@H](OC(C)=O)[C@]1(C)[C]2OC(C)=O,-6.1,0.2582467068641989,13_93
O=C(CCN1CCN(c2ccc(F)cc2)CC1)c1ccccc1,-6.6,3.58471207609326,13_94
O=C(CCN1CCN(CCO)CC1)Nc1ccc(-c2cccn3c(=O)cc(N4CCOCC4)nc23)c2sc3ccccc3c12,-7.6,3.1467827986657264,13_95
N#Cc1ccc(N2CCN(c3nnc(-c4ccc(F)cc4)c4ccccc34)CC2)c(F)c1,-7.7,3.6427677775598184,13_96
CC1CN(C(=O)c2ccccc2)C(C)CC1C(=O)c1cn(-c2ccccc2)c2ccccc12,-7.9,3.4663960697860103,13_97
Cc1c(Cc2cccc3ccccc23)c(-c2ccc3nsnc3c2)cn1N,-8.2,3.515330532359323,13_98
CC(C)c1ccc(NC(=O)Nc2ccc(S(=O)(=O)Nc3ccccc3C(=O)O)cc2)cc1,-7.1,3.4983947457341094,13_99
CC(c1ccccc1)C(NN)c1ccc(F)cc1,-6.4,3.4920252751381438,13_100
CCCCCCN1CCC(NC(=O)c2ccc(-c3ccccc3Cl)o2)CC1,-5.5,3.606632635332411,13_101
COc1cc2c(cc1OC)C(=O)N1C=C(c3cccc4ccccc34)CC1C=N2,-7.5,2.6271355158485146,13_102
Cc1nnc(-c2cc(-c3ccc(F)cc3F)c3ccccn23)o1,-8.6,3.6151377065618204,13_103
O=C(c1ccc(F)cc1)N1C[C@@H]2CC[C@H]1CN(CCN1CCOCC1)C2,-6.4,2.313342328272009,13_104
Cc1ccccc1Cn1cc(CN=C(N)C(C#N)c2nc(-c3ccccc3)cn2C)nn1,-6.8,3.550090126109335,13_105
COc1cccc(Br)c1C(CC(OC(=O)c1ccccc1Nc1ccccc1-c1cnc2ccccc2n1)C(F)(F)F)=Nc1ccccc1,-8.3,2.9359274333673078,13_106
CC(C)(C#N)c1ccc(-c2ccc(C(=O)NS(=O)(=O)c3ccccc3)s2)cc1,-6.9,3.7910865176378907,13_107
O=C(NC1CSC1)c1ccc2ccccc2c1O,-6.4,3.616607852185072,13_108
C(=N\Nc1nc2ccccc2s1)\c1ccc(-c2cccs2)cc1,-6.1,3.590996589562333,13_109
O=C(NCC1OCCN1S(=O)(=O)c1cc(F)ccc1F)C(=O)NOCc1ccc(F)cc1,-7.4,3.43658756028255,13_110
O=C(O)c1ccc(S(=O)(=O)c2cccc(-c3cccc(-c4ccc(Cl)cc4)n3)c2)cc1,-8.3,3.6765820742945965,13_111
O=C(NNC(=S)Nc1ccccc1)c1ccc(C(=O)c2ccc(Cl)cc2)cc1,-6.8,3.496349558883614,13_112
Fc1cccc(Cl)c1CNc1ccc(Nc2ncnc3sc(-c4ccccc4)cc23)cc1Cl,-8.0,3.4058460965283537,13_113
O=C(O)c1ccc2c(c1)OCO2,-5.2,3.3749019851941227,13_114
O=C(O)c1cc(-c2cccc(C(F)(F)F)c2)ccc1NCc1ccccc1,-7.4,3.617791868935674,13_115
C/C(=C/C1OC(=O)c2c(ccc3ccccc23)O1)[N+](=O)[O-],-6.7,3.503766582595247,13_117
CNc1ccccc1C=C1C=CC=C1COc1ccccc1/C=C/c1nnnn1CC(=O)O,-8.0,3.6179695015401228,13_118
CNC(=O)c1ccc(-c2c3ccccc3nn2Cc2cn(-c3ccccc3)nn2)c(N(C)S(C)(=O)=O)ccoc1-c1ccc(F)cc1,-7.4,0.9971596624180439,13_119
Cc1nc(-c2ccccc2)sc1-c1nc2ccccc2c(=O)n1-c1cccc(Cl)c1,-7.4,3.4870584579263597,13_120
COCC=CC=c1ccc2c(c1)N=C(N1CNC(=O)NC1)N=C(N1CCOC[C@@H]1C)C=2,-6.6,2.3554680043657656,13_121
O=C(Nc1cccc(C(F)(F)F)c1)c1cccc(C(=O)c2ccc3c(C=Cc4ccccc4)[nH]nc3c2)c1,-8.4,3.2481458375107604,13_122
COc1ccccc1N1CCN(Cc2cc(=O)n(-c3ccc(C)c(F)c3)c3ccccc23)CC1,-7.3,3.5938066455681414,13_123
CC(=O)N1CCN(C(=O)C2=Cc3c(ccc4ccccc34)OC2)C=N1,-8.0,3.611505928723345,13_124
O=C(/C=C/c1cccc(OC(F)(F)F)c1)c1ccc(Nc2nc(Nc3ccccc3)nc(N3CCOCC3)n2)cc1,-7.6,3.215224812083655,13_125
O=C(Nc1cccc(-c2nc3ccccc3[nH]2)c1)c1ccc([N+](=O)[O-])o1,-7.1,3.5646804214027608,13_126
O=C(CCN1C(=O)/C(=C/c2ccco2)SC1=S)Nc1ccc(C2=NCCN2)cc1,-6.4,3.5168585967979182,13_127
O=C(NCc1ccccc1)c1ccc2c(=O)n(CCc3cccc(F)c3)c(=S)[nH]c2c1,-7.6,3.6178434346108244,13_128
O=C(O)C[C@H](NC(=O)c1cccc(-c2ccccc2Cl)n1)c1ccccc1,-6.8,3.699023822820152,13_129
O=C(Cn1c(=O)[nH]c2ccc(Cl)cc21)N1C[C@H]2N(CC=CCC=CC=CS2(=O)=O)c2ccccc21,-9.2,1.1928305216792738,13_130
O=C(CSC=NN=C(Nc1ccccc1)c1cccc(NC(=O)c2ccccc2F)c1)Nc1ccccc1F,-7.7,3.102697852062513,13_131
CCc1ccc2c(c1)c(-c1ccc[nH]c1=O)c(C(=O)NS(=O)(=O)C1CC1)n2Cc1cc([N+](=O)[O-])ccc1F,-7.1,3.338833197159927,13_132
COc1ccc(-c2cccc(C3CC=CC4C3C(=O)N(c3cccc(OC)c3)C4c3cccc([N+](=O)[O-])c3)c2)cc1,-9.1,3.1572545731345434,13_133
OC/C=C/c1ccc(OCc2ccsc2)cc1,-5.5,3.630620018340797,13_134
COc1cc(C)cc2c1P(=S)(Oc1cccc(-c3cc4ccccc4s3)c1)N(C)CC2,-6.8,3.4712479442107345,13_135
O=C(NC(Cc1ccc(Br)cc1)C(=O)Nc1ccc(Cl)cc1)c1ccc(-c2ccccc2F)cc1,-6.9,3.4414363226743196,13_136
O=[N+]([O-])c1cc(-c2ccnc(Nc3ccc(-n4cccc4)cc3)n2)ccc1Oc1ccccc1,-7.3,3.371044637713964,13_137
O=C(Nn1cnc2ccccc2c1=O)c1ccc([N+](=O)[O-])cc1,-7.0,3.583438642251997,13_138
O=C(Nc1ccc(N2CCOCC2)cc1)c1csc(-c2ccc(Cl)cc2Cl)n1,-6.5,3.758616402526945,13_139
Cc1nn(-c2ccccc2)c(Cl)c1/C=C/c1ccc(N2CCNCC2)cc1,-6.6,3.7272773077883548,13_140
NS(=O)(=O)OC[C@H]1O[C@@H](n2cnc3c(NC(C4CC4)C4CC4)nc(Cl)nc32)[C@H](O)[C@@H]1O,-6.7,2.766493748659289,13_141
COc1c2c(c[nH]c1=O)C(Cc1ccccc1)C=CC2,-6.3,3.571657560887509,13_142
Cc1cccc(C(=O)NC2CC2)c1Nc1cc2cc(-c3cnn(CCN4CCOCC4)c3)ccc2cn1,-7.3,3.456491895641853,13_143
COc1cccc(-c2nc(C(=O)c3ccc(OCC(=O)N4CCOCC4)c(OC)c3)cs2)c1,-6.9,3.550876603331948,13_144
Cc1ccc(Cn2c(=O)c3sccc3n(CC(=O)Nc3ccc4c(c3)OCO4)c2=O)cc1Cl,-7.4,3.6111745369723094,13_145
Cc1cccc(-n2cccc2/C=C2\SC(C)N(C(=O)c3ccco3)C2=O)c1,-7.1,3.61076043439704,13_146
CN1CC[C@H](c2ccc(Cl)cc2)C(C(=O)NCc2ccc(CNC(=O)c3ccc(Cl)cc3)cc2)C1,-6.4,3.6072974681211276,13_147
CC[C@@]1(O)C(=O)OCc2c1cc(N=C(CCc1cc(Cl)ccc1OC)c1ccc(F)cc1)[nH]c2=O,-8.7,3.535238435924957,13_148
CC(C)(C)OC(=O)N1CCC(CN=C(N)ON=CC2=CC=COC2)CC1,-5.6,3.2946572593436887,13_149
O=C(O)c1cccc(S(=O)(=O)Nc2ccc(-c3cccc(Cc4cccc(F)c4)c3)c(C(=O)O)c2)c1,-7.4,3.368025711163491,13_150
Cc1ccc([C@H]2CN(C(=O)Nc3ccc(F)cc3F)C[C@@H]2N=[N+]=[N-])cc1,-7.5,3.52187549506522,13_151
C#Cc1ccc(C(=O)Nc2cccc3oc(-c4cccnc4)nc23)cc1,-8.0,3.678637835938682,13_152
Cc1nnc2sc(-c3ccc(NS(=O)(=O)c4ccc(OC(F)(F)F)cc4)cc3)nn12,-7.1,3.5370580075251636,13_153
COc1cc(Cc2nnc(NC(=O)c3ccccc3F)s2)cc(OC)c1OC,-6.9,3.7387026188617165,13_154
c1ccc(CNc2nc(-c3ccccc3)nc3ccccc23)cc1,-8.2,3.615495715253202,13_155
O=C(Nc1cc(N2CCCCC2)ncn1)c1ccc(SC(F)(F)F)cc1,-7.0,3.692629212253287,13_156
COc1ccc(C(=O)c2cn(-c3ccccc3)nc2-c2ccc(OC)c(OC)c2)cc1OC,-7.3,3.5243887442573056,13_157
COC1=CC=C2C(C=C1)[C@H]2CN=CCc1ccc(-n2cccc2)cc1,-6.3,2.518243720659925,13_158
C[CH][C@H](C)CC[C]1C[CH]C=C2CC(=O)C3[C](CC[C@H]4C(C)(C)[C@H](OC(=O)CNc5ccccc5)CC[C@]34C)[C@]2(C)CC1,-6.6,1.044467126557663,13_159
Cc1ccccc1NC(=O)C1CC(c2ccccc2Cl)CCC1N1Cc2ccccc2C1=O,-7.4,3.5061162721683115,13_160
O=C(NC[C@H](O)CN1CCc2ccccc2C1)c1cccc(-c2ccccc2)c1,-7.5,3.657876022937397,13_161
O=[N+]([O-])c1ccccc1OCC(O)CNCCc1ccccc1,-5.9,3.4905335149775754,13_162
COc1ccc(C(=O)c2cc3cc(O)ccc3[nH]2)cc1,-6.7,3.6191261516218933,13_163
COc1ccc(CS(=O)(=O)/C=C/c2cccc(Cl)c2)cc1OC,-6.2,3.7291916741591,13_164
Cc1nc(N2CCCCC2)c2[nH]cnc2c1-c1cccc2ccccc12,-6.6,3.603207037673692,13_165
Cc1c(-c2ccc(CNC(=O)c3ccc(-c4ccccc4)cc3F)cc2)cccc1-c1ccc2c(c1)OCCO2,-7.4,3.3136459315689137,13_166
O=C1c2ccccc2S(=O)(=O)N1Cc1cccc(Cl)c1,-6.1,3.651120303267888,13_167
COC(=O)C(CSC/C=C(\C)CC/C=C(\C)CCC=C(C)C)NS(=O)(=O)C1=CC=C(OC)C1,-4.9,2.0233701194940794,13_168
CN(Cc1ccccc1-c1ccccc1)C(C[C](N)C(=O)O)C(=O)O,-5.8,3.6501839934164932,13_169
Clc1ccc(-c2cc3ccccc3nc2N2CCCC2)cc1,-7.1,3.501179190610309,13_170
N=C(N)NCCCC(NC(=O)c1cccs1)C(=O)NC(CCCCN)C(=O)NCCc1ccccc1,-6.3,2.913276559662374,13_171
[C-]#[N+]c1ccc(N2C(=O)C3(CCC3)N(c3cccc(OC(F)F)c3)C2=S)cc1C(F)(F)F,-6.9,3.3285758485766426,13_172
COc1ccc(N2CCN(C(=O)c3cn(C)c(=O)c4cc(OC)c(OC)cc34)CC2)cc1,-7.8,3.701243220284234,13_173
CN(c1nc(-c2ccncc2)nc2cnccc12)C(C)(C)C,-6.8,3.6985224583761327,13_174
COC=C1C=CC(OCCc2cc3c(cc2Cc2cccc4ccccc24)OCO3)=C1,-7.8,3.444305184602531,13_175
O=C(c1ccccc1)c1ccc2ncn(Cc3cccc(C(=O)N4CCN(c5ccccc5F)CC4)c3)c2c1,-7.8,3.3806253304617275,13_176
C#CCCC1[CH]OC(=O)C(C(C)C)N(C)C(=O)C(C(C)C)NC(=O)C(CC(C)C)NC(=O)C(Cc2ccccc2)NC1=O,-6.1,1.7515963066059603,13_177
O=c1[nH]cnc2scc(-c3ccc(Cl)cc3)c12,-6.2,3.6263139359874943,13_178
O=CNC(=O)/C=C/c1ccc(-c2ccc(/C=C3/C=CN(c4cc5ccccc5oc4=O)C(=S)S3)cc2)o1,-5.7,3.2897212758712273,13_179
O=C(c1cn(-c2ccccc2)nc1-c1cccs1)N1CCN(S(=O)(=O)c2cccc(F)c2)CC1,-7.8,3.6176737659029916,13_180
O=C(Nc1ccncc1)c1ccc(-c2noc(C3=CN(Cc4cn5ccccc5n4)C=CCC=CC=N3)n2)cc1,-7.0,1.2150817511701058,13_181
COc1cc(/C=C(\C#N)C(=O)Nc2ccccn2)ccc1OC(=O)c1cccs1,-6.6,3.436803373069794,13_182
COC1=CCCC(=NC(=O)Cn2[nH]ccccccc(-c3ccccc3)ncc2O)C=C1,-6.5,1.746296866380169,13_183
CN1CCN(c2ncc(-c3ccc4c(Nc5ccncc5)ccnc4c3O)cn2)CC1,-7.6,3.593094100485978,13_184
CC(C)(C)n1c(O)c2n(c1=O)[C@H](c1ccc(Cl)cc1Cl)c1[nH]c3ccccc3c1C2,-8.0,3.5905509468456938,13_185
CC(C)(C)c1ccc(Nc2nnc(-c3ccccc3)cc2-c2ccccc2)cc1,-7.9,3.5291164972122795,13_186
C=CC1C(C=COC)=Nc2cc(-c3ccc(F)cc3)ccc2-c2[nH]c(-c3cccc(Cl)c3OC)nc21,-8.4,2.4667510209862566,13_187
CCNC(=O)N1CCCC(c2ccc(-c3cccc(-c4nc5ccccc5n4C)c3)cc2)C1,-8.0,3.587628209093344,13_188
O=C(O)c1cnc2cc(-c3ccccc3)ccc2c1Nc1ccc(O)cc1,-7.0,3.541293755213437,13_189
CC(=O)Nc1cccc(NC(=O)CSc2nc(=O)n(CCN3CCOCC3)c3c2CCCC3)c1,-6.9,3.3710492079780945,13_190
O=C(COC(=O)/C=C/c1ccc(Cl)cc1)NC1CCCC1,-5.5,3.5800134547008837,13_191
Nc1ncnc(Nc2ccc(-c3ccc(N4CCOCC4)nc3)cc2)c1-c1ccccc1,-6.8,3.6293399066878056,13_192
NC(=O)c1ccc2[nH]c(-c3ccc(Cc4ccccc4C(F)(F)F)cc3)nc2c1,-8.0,3.6201641882836015,13_193
c1ccc2nc(-c3c4ccccc4cc4ccccc34)ccc2c1,-8.0,3.0363599557405925,13_194
CCC1=Nc2cc(C(=O)NCc3cccnc3)ccc2Sc2ccc(F)cc21,-7.1,2.7918227122605206,13_195
O=C(O)CCCc1ccc(-c2cccc(C(=O)N3CCOCC3)c2)cc1,-6.6,3.7638412662203513,13_196
C[C@@H]1CN(C2CCN(C(=O)c3cccc(F)c3)CC2)CCN1[C@@H](C)c1ccc(S(=O)(=O)c2ccc3c(c2)OCO3)cc1,-7.9,3.346398910719156,13_197
Oc1ccc(-c2cccnc2)cc1NC(=S)Nc1ccc(Nc2ccccc2)cc1,-7.5,3.3912116370159726,13_198
Cc1ccc(CN(C)c2ccc(Br)cc2F)cn1,-5.5,3.575133052352597,13_199
CCN(CC)C(=O)COc1ccccc1C(=O)Nc1cccc(-c2nnc(-c3ccco3)o2)c1,-7.5,3.579948140366849,13_200
Nc1ncc(-c2cccc(C3CCNCC3)c2)cc1-c1ccc(C(F)(F)F)cc1,-8.1,3.675559069761653,13_201
O=C(O)c1cccc(-c2cccc3c2C(=O)c2ccccc2-3)c1,-7.6,3.627327597362615,13_202
N#CC=CC=C(NS(=O)(=O)c1ccc(F)cc1F)c1ccc2nc(N3CCOCC3)ncc2c1,-7.5,3.5725465765815807,13_203
CC=C1CC=COC[C@H](C)N2C[C@H](C)[C@@H](CN(C)Cc3ccc(C(=O)Nc4ccc(Cl)nc4)cc3)Oc3c(cccc3C2=O)NC1=O,-6.8,1.7832744614515237,13_204
O=C1CN=C(c2ccccc2F)c2cc(Cl)ccc2N1CCN1CCOCC1,-6.5,2.6937957987479613,13_205
O=CC(Cc1ccccc1)n1c(=O)c2ccccc2c2ccccc21,-7.0,3.491931065623145,13_206
O=CCC(Cc1cn(C[C@H](O)c2ccccc2Cl)nn1)(Cc1c[nH]c2ccccc12)C(=O)NCc1ccccccccc1,-7.2,0.958707962339151,13_207
O=C1C=NNC=CC2=S(N=C1)C2=Cc1cc(OC[C@@H](O)CNCCc2ccc(NC(=O)c3ccc(F)cc3)cc2)c[nH]1,-6.8,0.7149338799881981,13_208
CC(C)=CC(=O)Nc1cccc(Oc2nc3ccccc3nc2NS(=O)(=O)c2ccccc2)c1,-7.8,3.519197977358414,13_209
Cc1cccc(Nc2ccccc2)c1C(=O)NC(=O)Nc1nc2ccc(C(F)(F)F)cc2s1,-8.1,3.509690430382893,13_210
COc1ccccc1C(CNC(=O)c1cccc(NC(=O)Nc2ccc(F)cc2)c1)N1CCCC1,-7.5,3.5768926330435766,13_211
COC(=O)c1ccc2[nH]c(C(=O)c3cc(OC)c(OC)c(OC)c3)c(Cc3ccccc3)c2c1,-7.0,3.524067444619825,13_212
C=CC(=C)CC[C@]1(C)[C@H](C)C[C@H](O)[C@@]23C(=C[C@H](OC(=O)CC(C)C)C[C@@H]12)[C@@H](OC)O[C@H]3OC(C)=O,-5.8,3.005103027508289,13_213
O=C(c1cc(Cc2n[nH]c(=O)c3c2NCCC3)ccc1F)N1CCN(C(=O)C2CCCO2)CC1,-8.5,3.4369397233942474,13_214
COc1ccc(-c2cc3cnn(CC(=O)Nc4ccc(OC)c(OC)c4)[nH]ccn3n2)cc1,-7.0,1.7112229418403513,13_215
Fc1ccc2sc(N3CCC4(CC3)OCCO4)nc2c1,-6.4,3.5194844989837306,13_216
Cc1c(OC2(O)CC=CC=NC(=O)C3=CCC2=N3)ccc2c(C=Cc3ccccc3)[nH]nc12,-7.6,1.418158016919869,13_217
Cc1nc2cc(-c3cccc(NC(=O)c4cccc(C(F)(F)F)c4)c3)ccc2s1,-7.6,3.6062188864535925,13_218
CCN(c1ccccc1)C1Cc2ccc(C)c(O)c2-c2ccccc21,-7.2,3.528916887603596,13_219
N#Cc1ccc(Nc2nccs2)cc1OCc1nccs1,-6.0,3.733430038499746,13_220
O=C(Cn1nnc2ccc([N+](=O)[O-])cc21)c1cccc([N+](=O)[O-])c1,-6.7,3.336289508283392,13_221
NC(Cc1c[nH]cn1)C(=O)c1ccc(-c2nc3ccccc3n2Cc2ccc(F)cc2)cc1,-7.6,3.4818696291735787,13_222
CC1=CC=CC(c2n[nH]c(Sc3nc4ccccc4c(=O)n3-c3ccccc3)n2)C=C1,-8.5,2.653348415692931,13_223
COc1cccc(-c2noc(C3CCN(C(=O)c4ccccc4C)CC3)n2)c1,-7.5,3.74682262716731,13_224
O=C(O)CCC12[CH][C@@H](COC[C@H](O)CNCCC(c3ccccc3)c3ccccc3)CC1CC[C@@H]2n1cc2c(n1)-c1ccccc1CCC2,-7.1,1.7969697980091244,13_225
O=C(Cn1ncc(-c2cccs2)cc1=O)C1CCCC1,-5.8,3.718083844750325,13_226
Nc1c(N=CCCC(=O)O)ccc(-n2cc(-c3cccnc3)cn2)c1F,-6.5,3.6127486409097602,13_227
CN(c1ccc(F)cc1)S(=O)(=O)c1nnc(NC(=O)c2ccccc2Cl)s1,-7.1,3.6374902757467678,13_228
CC(C)NC[C@@H](O)COc1cccc2[nH]c3ccccc3c12,-6.5,3.6287655423506453,13_229
O=C(Nc1ccc(S(=O)(=O)NC(Cc2ccc3ccccc3c2O)C(=O)O)cc1)c1c(F)cccc1F,-7.4,3.3528052554644265,13_230
Cc1cnn(CCC(=O)Nc2ccccc2Sc2ccccc2)c1,-6.9,3.7576194922345065,13_231
COc1ccc(S(=O)(=O)NCC(c2ccccc2Cl)c2c[nH]c3ccc(Br)cc23)cc1,-7.9,3.55882908826883,13_232
COc1ccccc1CN(C)C=O,-4.4,3.3162419997590002,13_233
O=C(Nc1ccccc1)c1cccc(-n2c(O)ccc2O)c1,-7.1,3.6652580666151655,13_234
COc1cccc2c1[nH]c(=O)n2O,-5.8,3.3708863612923894,13_235
CCc1nc2ccccc2c(=O)n1-c1cccc(NC(=O)c2ccc(-c3ccccc3)cc2)c1,-8.4,3.5136634969004517,13_236
CCC(=O)NC(C)Cc1ccc(C#Cc2ccc(-c3noc(C)n3)cc2)cc1,-5.6,3.728474973750019,13_237
O=C(O)c1ccc2c(ccc3ccc(CO)nc32)n1,-6.3,3.5782774105419315,13_238
O=C(N[C@H]1CC[C@H](CCN2CCC(c3cccc4c3CCO4)CC2)CC1)c1ccc(Oc2ccccc2)cc1,-6.7,3.3018120957823562,13_239
Cc1cc(Cc2cccc([C@@H]3O[C@H](CO)[C@@H](O)[C@H](O)[C@H]3O)c2)ccc1Cc1cccc2ccccc12,-7.4,3.415390386156136,13_240
O=C(C(=O)N1CCN(C(=O)c2ccccc2)CC1)c1c[nH]c2c(-c3ccccc3)ncnc12,-7.9,3.5957430761171065,13_241
CC(Oc1cc(F)ccc1Nc1ncnc2cc(N=S(C)(=O)c3ccccc3)cc(F)c12)C(=O)NCc1ccccc1,-8.4,3.260508502126876,13_242
Cc1ccc(NS(=O)(=O)c2ccc(N=Nc3c(N)[nH]n(-c4ccccc4)c3=O)cc2)cc1Cl,-6.9,3.3957783367550625,13_243
O=C(c1ccco1)N1CCN(C(=O)c2cc(Cc3n[nH]c(=O)c4c3CCCC4)ccc2F)CC1,-8.3,3.657350070216136,13_244
CN(Cc1ccccc1)C(=O)Cc1ccc(-c2nc(=O)c3ccccc3[nH]2)cc1,-7.6,3.688594528858589,13_245
O=[N+]([O-])N=CNC1=CC=COCC=C1,-5.1,1.16663604116617,13_246
COC(=O)N(Cc1cccc(OC)c1)Cc1ccc2c(-c3ccc(F)cc3)cc(C(N)=O)nc2c1,-8.0,3.635842991403966,13_247
Cc1ccccc1CNC(=O)C(=O)NCCSc1ccccc1,-5.7,3.5509363848605,13_248
COc1ccc(NC(=O)c2ccc(N=C3NCCCS3)cc2)cc1Cl,-6.8,3.7566712153825166,13_249
COc1cccc(NC(=O)CSc2nnc(-c3cc(OC)c(OC)c(OC)c3)n2N)c1,-6.0,3.3274220023838894,13_250
O=C(c1ccccc1)c1cccc(Nc2ccc(-c3ccc(Br)cc3)cn2)c1,-7.4,3.5256865254826932,13_251
Cn1cc(-c2nc3ccccc3n2-c2cccc(Cl)c2)ccc1=O,-7.2,3.6289130616930896,13_252
COc1ccc(-c2nc3scc(CCNC(=O)c4ccc(F)cc4)n3n2)cc1,-6.9,3.7172244163473023,13_253
Cc1ccccc1N=C(NC1=CC=C(Cl)C1)OCc1cn(Cc2ccccc2Cl)nn1,-6.7,3.612051808695421,13_254
COc1ccccc1NCCN(C)C(=O)CN1C(=O)COc2ccc(S(=O)(=O)N3CCCCC3)cc21,-6.7,3.4860337161339023,13_255
Cc1ccc(Oc2ccccc2)c(-c2ccc3[nH]c(O)cc3c2)c1,-7.5,3.502566041074169,13_256
COc1ccc(S(=O)(=O)NC2CCCC2)cc1NC(=O)CSCC(=O)Nc1ccc(F)cc1F,-5.9,3.4668512962615514,13_257
COc1ccc(-n2c(-c3cc(OC)c(OC)c(OC)c3)n[nH]c2=S)cc1OC,-6.0,3.654452263553921,13_258
CC=NC/C(=N\C#N)SC(S)c1ccc(F)cc1F,-5.0,3.23163397856869,13_259
CN1C=C(c2cc(S(=O)(=O)N3CCCCC3)cc3c2oc2ccccc23)CCC1=O,-8.4,3.6307859486290903,13_260
CCCC=C1C(=O)N(Cc2ccc(F)cc2F)C(c2ccc3c(c2)OCCCO3)=C(C)C1c1ccc(-c2ccccc2-c2nc(=O)o[nH]2)cc1,-7.2,2.0759826613334242,13_261
CC=CC=C1C(C)Oc2ccc(-c3cc(=O)c4c(O)cc(O)cc4o3)cc2C(C(=O)C(C)=COC)C1C=COC,-7.2,2.375316977945549,13_262
O=C(NCCC1=CCCCC1)c1ccc2c(=O)n(Cc3ccco3)c(=O)[nH]c2c1,-6.8,3.696252845849534,13_263
O=C(NCCSCc1ccco1)c1ccccc1F,-5.6,3.654967863978733,13_264
Cn1c(C(=O)N[C@@H]2CCN(c3ccccc3Cl)C(=O)C2)cc2cc(Cl)ccc21,-6.8,3.7596594543901656,13_265
O=C(NC(=O)c1c(F)cccc1F)Nc1ccc(-c2nc3cc(F)ccc3c(=O)o2)cc1F,-8.2,3.5822163890927277,13_266
O=C(NC(=S)N1CCNC1=S)c1ccccc1O,-5.5,3.3327732166647897,13_267
CC(C)c1cc2c(cc1NC(=O)c1ccc3ccccc3c1O)C=CC(C)(C)O2,-8.0,3.614357447013993,13_268
CC(C)(O)CC[C@@H](Nc1nc(-c2ccccc2F)nc2ccccc12)c1ccccc1,-7.6,3.5872231977160345,13_269
N#CC=CC=CCc1cc(-c2cccc(-c3nc4cc(F)ccc4[nH]3)c2)no1,-7.6,3.5841453703648423,13_270
COc1cccc(C(=O)Nc2nc3ccccc3n2CCN2CCCCC2)c1,-7.9,3.770367944428182,13_271
CC[C@@H]1CC=CC=CCC2OCCn3c(cc(C(=O)N4CCC[C@@H]4c4cccs4)c32)C(=O)N1,-7.7,1.3261918722469375,13_272
COc1ccc(-c2cc(NC(=O)NC(C(=O)O)c3ccccc3)c3ccccc3n2)cc1,-7.7,3.5628571221631806,13_273
CC(=O)Nc1ccc(NC(=O)c2ccc(S(=O)(=O)N3CCCCC3)cc2)cc1,-6.6,3.7523440821846137,13_274
CC(C)(C)NC(=O)c1ccccc1C[C@@H](O)[C@H](Cc1ccccc1)NC(=O)C(C[S+]([O-])c1ccc2ccccc2c1)NS(C)(=O)=O,-7.2,3.069536961210224,13_275
CCOc1ccc(-c2nnc(SCC(=O)Nc3ccc(C)cc3F)o2)cc1,-6.1,3.6929711287884697,13_277
COc1ccc(C2=NS(=O)(=O)N(C)C(C(=O)Nc3ccc(C)c(F)c3)=C2)cc1OC,-7.0,3.7565623743744236,13_278
O=c1cc(Oc2cccc(Cl)c2)c2ccc3ccccc3c2o1,-7.2,3.4642740979510656,13_279
O=C(Cc1ccccc1C(=O)O)Nc1cccc(-c2ccncc2)c1,-7.6,3.7292995756589162,13_280
CNC1CCN=C(C(=O)N[C@@H]2CC(C(=O)N3CCOCC3)[C@@H](c3ccc(Cl)cc3)N2c2ccc(F)cc2)SCC1,-7.8,1.4752148203297026,13_281
O=C(Nc1ccc(Oc2ncccc2C(=O)Nc2cccc3c2CCC3)cc1)c1ccccc1-c1ccncc1,-8.1,3.3248324269103673,13_282
O=C1NCC/C=C2/SC(=O)N(Cc3ccccc3C(F)(F)F)C2[CH]c2ccccc2-c2ccccc21,-7.2,1.5252327243468629,13_283
Cc1ccc(Nc2ncc(-c3ccccc3C(F)(F)F)cn2)cn1,-6.9,3.7538092230766456,13_284
Cc1ccc(COc2ccc3nc([C@H]4CCCCC4C(=O)O)n(Cc4ccc(OC(F)(F)F)cc4F)c3c2)nc1,-7.6,3.43160097703354,13_285
CCn1ncc2c1C(COCC1CC1)CN(C(=O)c1ccnn1C)C2,-6.3,3.5932178707634774,13_286
OC[C@H]1OC(Oc2ccc(O)cc2)[C@H](O)[C@@H](O)[C@@H]1O,-6.1,3.1268905654127543,13_287
CC(C)=CCN1CC(=O)N(C)c2ccc(-c3cccs3)cc2C1c1ccccc1,-7.1,2.5415932605556057,13_288
CC1=C(C(=O)N(C)C)CC(CC(=O)NCc2ccc(F)cc2F)C(=O)N1Cc1ccccc1,-6.5,3.738562757204856,13_289
N[C@@H](Cc1ccc(Cl)cc1)c1nc(=O)c2cc(-c3cn[nH]c3)ccc2[nH]1,-7.2,3.611970579788586,13_290
CO[CH]O[C@H](CO)[C@H](O)[C@@H]([CH]OC(=O)C12CC3CC(CC1C3)C2)OCc1cn(-c2cccc(S(=O)(=O)Nc3ccc4ccccc4c3)c2)nn1,-5.9,2.5887974228858868,13_291
N#Cc1ccc(CNc2nc(-c3ccccc3C(F)(F)F)nc3c2cnn3-c2ccccc2)cc1,-8.6,3.5134021625201486,13_292
CCOC(=O)C1C(C)=Nc2nc3c(c(N)c2C1c1cccc(OC)c1)CCCC3,-6.7,3.626865332290132,13_293
O=C(N[C@H]1CC[C@H](CCN2CCN(c3nccc4c3CCO4)CC2)CC1)c1ccc(-c2ccccc2)cc1,-7.1,3.4278338585367134,13_294
O=C(CCc1ccc(C(F)(F)F)cc1)Nc1ccnc(N=CC2=CC=CN(C(=O)C3CCCCC3)C=C2)c1,-7.4,2.5182108259822353,13_295
Cc1nc(-c2cccc(/C=C/c3ccccc3)c2)sc1C(=O)NCc1ccccc1,-6.9,3.51832899126435,13_296
C=C1C=C(c2ccccc2)CC2=C(c3cncc(-c4cc(OC)ccc4F)c3)N=CC2=N1,-7.6,2.56984660865347,13_297
Cn1c2ccccc2c2c3c(N=Nc4ccccc4Cl)c(O)[nH]c3ccc21,-7.6,3.428469889969667,13_298
CCN(Cc1c(-c2ccccc2)oc2ccccc12)c1ccccc1,-6.3,3.403713340514976,13_299
c1ccc(Oc2ccc(OCCn3ccnc3)cc2)cc1,-6.1,3.6803558993440424,13_300
Cc1ccc2oc(=O)cc(CCC(=O)Nc3ccccc3F)c2c1,-6.6,3.7196647010941684,13_301
Cc1ccc(-c2ccc(Cl)cc2)n1-c1ccc(C(=O)NCCc2ccc(S(N)(=O)=O)cc2)cc1,-7.3,3.60825366410272,13_302
C[C@@H]1C[C@H]2O[CH][C@H](O)[C@@]3(C)[C@@H]4CC[C@H]5C(C)(C)[C@@H](O[C@H]6CN(C(=O)CN(C)C)CCO6)CC[C@@]56C[C@@]46CC[C@]3(C)[C@@H]1OC(C)(C)[C@@H]2O,-6.7,0.6855212180046824,13_303
COc1cccc(CNC(=O)C(=O)NCC2OCCN2S(=O)(=O)c2ccc3c(c2)OCCO3)c1,-7.2,3.294643965268572,13_304
CC1(C)N=C(N)N=C(N)N1c1ccc(OCc2ccc(C(=O)Nc3cccc(S(=O)(=O)O)c3)cc2)cc1,-7.2,3.2201264306877473,13_305
O=S1(=O)CC=Cc2ccccc2CC2C[C@H](Oc3cccc4ccccc34)CCN2[C@@H](c2ccc3c(c2)OCCO3)CN1,-10.8,1.3257176961790051,13_306
C[C@H](CCC(=O)NCC(=O)O)[C@H]1CC[C@H]2[C@@H]3CC[C@@H]4C[C@H](O)CC[C@]4(C)[C@H]3CC[C@]12C,-7.2,3.0577768683395092,13_307
Cc1cc(-c2ccc(-n3c(=O)ccc4cc(S(=O)(=O)Nc5ccon5)ccc43)cc2)nn1C,-7.6,3.49207177185557,13_308
C[C@@H]1CCCN1CCc1cc2c(Cn3ccnc3)cccc2o1,-6.2,3.6654998465930086,13_309
O=C(O)c1ccc(NS(=O)(=O)c2ccc(Br)s2)cc1Cl,-6.5,3.676788092739023,13_310
COc1cc(/C=C/C(=O)O)cc(OC)c1OC/C=C(\C)CCC=C(C)C,-5.9,3.505519551311545,13_311
O=C(NC(CCS)C(=O)NC(Cc1ccccc1)C(=O)O)c1cc(O)c(C(=O)O)c(C(=O)O)c1,-6.6,3.0758724330539167,13_312
CCS(=O)(=O)Nc1cccc(-c2nn(C)c(=O)c3ccccc23)c1,-6.9,3.779604291557833,13_313
C[C@H](Nc1cc(Nc2ccccc2)nc(Nc2ccc3c(c2)OCCO3)n1)c1ccccc1,-7.8,3.475469017778731,13_314
O=C(Nc1cccc(-c2cnc(Nc3cccc(CO)c3)o2)c1)c1ccccc1Br,-7.5,3.549224426214013,13_315
Cc1ccc(CNc2cc3cc4ccccc4cc3[nH]2)cc1,-6.8,3.346828889689644,13_316
CC(C)c1[nH]c(=O)n(CC(=O)NCc2cccs2)c1O,-5.8,2.4327978464235196,13_318
CC=CC=C([O-])CNN=Cn1c(C(=O)NC/C=C/c2ccccc2[N+]=O)cc2cc(C)ccc21,-6.1,3.160261576782027,13_319
COC(=O)[C@@]12OC[C@@]34[C@@H](CC5=C(C)C(OC(=O)CCC(=O)O)C(=O)C[C@]5(C)[C@H]3[C@@H](O)[C@@H]1O)OC(=O)C(OC(=O)C=C(C)C)[C@@H]24,-6.8,2.3194792684039585,13_320
CC(C)c1ccc([C@@H](Cc2cccnc2)NC[C@H](O)c2ccc(O)c(NS(C)(=O)=O)c2)cc1,-6.5,3.421668414089149,13_321
C=CC(C)(C)c1[nH]c2ccccc2c1-c1oc(=O)c(-c2cc(O)c(O)c(O)c2)c(O)c1O,-7.0,3.255424260300092,13_322
O=C(Nc1ccc(F)cc1)Oc1cccc2cc3ccccc3cc12,-7.4,3.515796055787633,13_323
COC(=O)c1ccc(Cl)cc1Nc1c2ccccc2nc2ccccc12,-6.6,3.5531619544249464,13_324
Clc1cccc2c1Nc1ccccc1C[C@@H]2N1CC[CH]CCC1,-6.7,2.451434905857022,13_325
CC(C)(c1ccc(-c2ccccc2F)nc1)c1nnc([C@@H](N)Cc2cccc(OCC(=O)O)c2)s1,-6.8,3.509866676891985,13_326
Cc1ccnc2nc(C(=O)c3ccccc3)cn12,-6.1,3.5570121375232526,13_327
O=C1N=C(Nc2nsc3ccccc23)S/C1=C\c1ccccc1[N+](=O)[O-],-7.1,3.501445571564238,13_328
CCOc1ccccc1NC(=O)c1ccc(NS(=O)(=O)c2ccc3[nH]c(=O)[nH]c3c2)cc1,-7.6,3.417521624086085,13_329
CN1C(=O)/C(=C\c2ccccc2OCc2cccc(Cl)c2Cl)SC1=S,-7.0,3.568433058532656,13_330
Cc1ccc(S(=O)(=O)NCCc2ccc(-c3cc4ccccc4n3C(=O)c3ccccc3)cc2)cc1,-6.7,3.4870481346217783,13_331
COc1ccc(OC)c(S(=O)(=O)Nc2cccc(-c3ccc4c(c3)CNC4=O)c2C)c1,-7.2,3.703565431656388,13_332
O=C1C(NC2=CC=CC2)=C(c2ccccc2S(=O)(=O)NCc2ccccc2)c2ccccc21,-6.1,3.578272728973194,13_333
Clc1ccc(-c2nnc3ccc(-c4ccccc4)cn23)cc1Cl,-7.7,3.5730280413533424,13_334
O=Nc1c(-c2c(O)[nH]c3ccc(-c4csc(Nc5ccccc5)n4)cc23)[nH]c2ccccc12,-8.5,3.2634150144919047,13_335
O=C(NC(C(=O)NCCCCCC(O)=NO)c1ccc(F)cc1F)c1ccccc1,-6.3,3.0731137071550996,13_336
CNC(=O)c1ccc(-c2c(C(=O)N3C(C(=O)OC)CC[C@@H]3c3ccccc3)cnc3nc(C)cc(C)c23)cc1,-6.6,3.540128111008174,13_337
O=C(c1c(F)cc(F)cc1F)n1nc(-c2ccccc2O)nc1NCc1ccccc1F,-8.7,3.5985962125020925,13_338
Cc1cccc(NC(=O)CSc2nc3ccccc3c(=O)n2Cc2ccccc2)c1C,-7.6,3.5883641132906154,13_339
CCc1c(-c2ccc(OC)c(OC)c2OC)ccc2c1CO[C@@H]1OC[C@@H](OC)[C@@H]1OC2,-6.5,1.741981390125939,13_340
O=C(Nc1cccc(-c2nc(-c3ccc(NC(=O)c4ccccc4Cl)cc3)no2)c1)c1ccc(I)cc1,-6.1,3.324532159078935,13_341
COc1ccc(Cc2ccnc(N3CCc4cc(OC)c(OC)cc4C3)c2)cc1,-6.8,3.6818405318650953,13_342
O=C(c1cccc(C(F)(F)F)c1)c1cc2cc(-c3ccccc3)ccc2oc1=O,-8.3,3.4795530297750457,13_343
CCCCCCCCCCOC=CC1=CC(=O)C=C(c2ccc(OC(C)=O)c(OC(C)=O)c2)OC=CC(CCCCCC)CO1,-6.3,0.30812707436384823,13_344
O=C(c1cccc(C(F)(F)F)c1Cl)N1CCc2c(ncnc2-c2ccccc2)C1,-8.1,3.640696146784447,13_345
Cc1ccc(NC(=O)c2ccccc2NC(=O)c2ccc(-n3c(C)ccc3C)cc2)cc1,-7.8,3.5787827646633543,13_346
CO[C@H]1[C@@H](NCc2ccccc2)c2ccccc2C12CCN(C(=O)c1nc3ccccc3oc1=O)CC2,-8.3,3.554590615511632,13_347
O=c1ccc2ccc(OCCCCn3cc(Cn4nnc5ccccc54)nn3)cc2o1,-6.9,3.3034630462031895,13_348
Cc1ccc(NC(=O)Nc2ccccc2Sc2ccc([N+](=O)[O-])cc2)cc1,-6.7,3.592884015382467,13_349
CN(C)C1CCN(c2ccc(Nc3ncc4c5ccncc5n(C5CCCC5)c4n3)nn2)CC1,-7.1,3.449470186553997,13_350
O=C(NCc1ccc(F)c(F)c1)C1=Cc2sccc2C(C2=CC=CC2)N1,-7.2,3.6170397061957207,13_351
CC(NC(=O)COC(=O)c1ccc(Cl)cc1Cl)c1ccccc1,-6.1,3.7188061854804237,13_352
Cc1ccc(CCNC(=O)C2C=C(Cl)c3ccccc3S2)cc1,-6.7,3.661730898450559,13_353
COc1ccc(-c2cccc([C@H](NC(=O)C(F)(F)F)c3ccccc3)c2)cc1OC,-7.1,3.71893996094174,13_355
Cc1nc2cccc(-c3cc4c([nH]3)CCNC4=O)c2nc1NC1(C)CC1,-7.9,3.5823295816731227,13_356
FC(F)(F)c1cccc(-c2ccc(-c3cn(Cc4ccccc4)nn3)cc2)c1,-7.4,3.5644996183469235,13_357
O=C(CC(=O)Nc1ccccc1Cl)NCCc1ccc(Cl)cc1Cl,-6.5,3.6208870938650026,13_358
COc1cc(OC)cc(-n2cnnc2SCC(=O)Nc2nnc(C)s2)c1,-6.8,3.4704377728301283,13_359
COc1cc(-c2noc3c2CCCC3Oc2ccc3ccccc3c2)cc(OC)c1OC,-7.6,3.5824411031836307,13_360
O=C1C(c2cccc(C(F)(F)F)c2)Oc2ccccc2N1Cc1ccc(C(O)=NO)cc1,-8.2,3.427420709765841,13_361
O=C(Nc1ccc(-n2nc(C3CC3)cc2-c2cccc(C(F)(F)F)c2)cc1)c1ccncc1,-8.1,3.6670535235399884,13_362
O=C(Nc1ccc(Cl)cc1)Nc1ccc(Oc2ncnc3scc(-c4ccccc4Cl)c23)cc1,-7.3,3.416831367825143,13_363
O=C(c1ccc(N2CCCCC2)c([N+](=O)[O-])c1)N1CCOCC1,-5.7,3.422632869611639,13_364
O=C(c1cc2c(s1)CCCC2)N1CCN(c2nc3ccccc3nc2-c2ccccc2)CC1,-7.6,3.509031750195909,13_365
O=C(Nc1ccc(Cl)cc1)Nc1ccc2c(c1)OCCCO2,-6.5,2.7168029566767267,13_366
Cc1cc2c(N)c(C(=O)Nc3ccc4c(c3)OCO4)sc2nc1C,-7.2,3.7000492033871444,13_367
COc1ccccc1C1=CCNCC1,-5.1,3.3431543500107566,13_368
CCN(CC)C(=O)Cn1c(=O)n(-c2ccc3c(c2)OCO3)c2ncccc21,-6.6,3.6665055554415265,13_369
O=C(Cc1cccs1)N[C@H]1CCOC2(CCCC2)C1,-5.4,3.4814178863942464,13_370
CCCCCc1ccc(-c2cn(Cc3cccc(-c4cccc5c4oc4ccccc45)c3)nn2)cc1,-7.3,3.201536796043121,13_371
CN(C[C@H](CCN1CCC2(C=Cc3ccccc32)CC1)c1ccc(Cl)c(Cl)c1)C(=O)c1cccc2ccccc12,-8.0,3.1188004074874875,13_372
NN=C1c2ccccc2-c2ccccc21,-5.7,3.2878895103009667,13_373
CCC(=O)c1ccccc1OC[C@H](O)CN1CCN(C(C)=O)CC1,-5.3,3.596157375557448,13_374
CO/C(=C\C=C\c1cc2cc(Cl)c(Cl)cc2[nH]1)C(=O)NCCCN1CCN(CC(C)C)CC1,-5.6,3.2908517130026924,13_375
O=C(Nc1ccccc1O)c1cc2cc(Cl)ccc2n(Cc2ccc(Cl)cc2)c1=O,-8.0,3.6052958612858808,13_376
C=C1[C@H](NC(=O)C(C)(C)C)[C@H](c2cc(F)cc(F)c2)CN1C(=O)C1C=C(OC)C(=NC=NCC)C1,-6.7,3.460615056888462,13_377
COc1ccc(-c2cc(C(F)(F)F)nc(SCCC(=O)Nc3cccc(OC)c3)n2)cc1,-7.2,3.595022373989349,13_378
Cc1cc(NS(=O)(=O)c2ccc(NC(=O)c3cccc(OCc4ccc(F)cc4)c3)cc2)no1,-7.8,3.5489857140675856,13_379
Cc1cc(O)c2c(NCCc3ccccc3)cccc2c1O,-6.8,3.533396016617025,13_380
O=C(O)CC(=O)Nc1nc2c(s1)C[C@@H](NC(=O)c1cc(Br)c(Br)[nH]1)CC2,-6.7,3.394929944417145,13_381
Cc1nc2ccc(NC(=O)c3cccc(CNC(=O)c4ccc5cc(O)ccc5c4)c3)cc2s1,-7.2,3.4262570771578513,13_382
C=CC1[CH]C(CN2CCN(c3ccccn3)CC2)=Cc2ccccc21,-6.7,3.4852939618456595,13_383
O=C(Nc1ccc2nc3n(c(=O)c2c1)CCCCC3)c1ccc2cc3n(c2c1)CCCNC3=O,-8.8,2.554823679175055,13_384
Cc1ccccc1C1CNC(=O)C12CCN(C(c1ccccc1)c1cccs1)CC2,-7.3,3.56384860165098,13_385
O=C(O)c1cccc(-n2cc(CNc3ccc(Cl)c(-c4ccccc4)c3)c(-c3ccccc3)n2)c1,-8.5,3.3305063485289175,13_386
COC(=O)c1ccc(N2CCCCCC2)c(NC(=O)c2ccc(OC)cc2)c1,-6.9,2.7620763813242775,13_387
CC(C)C[CH]N1C(=O)C(NC(=O)C(N)Cc2ccc(O)cc2)[C@H](C)NC(=O)C(Cc2ccccc2)NC(=O)C(Cc2ccccc2)NC(=O)C2CCCN2C1=O,-7.8,1.3809750658475828,13_388
COC1CCN(C(=O)c2cccc(NC(=O)N3CC=C(c4ccc(F)cc4C)C3=O)c2)CC1,-8.2,3.7043549573869377,13_389
O=Cc1ccc(-c2ccc(-c3ccccc3C(=O)NCc3ccccc3)o2)cc1NCc1cccc(F)c1,-8.3,3.2820882299294176,13_390
Cc1cc(C)c(/C=C/c2ncc(C(=O)O)s2)c(C)c1,-6.2,3.7035625462947626,13_391
O=C1CC(c2ccccc2)CC(=O)C1Sc1ccc(Cl)cc1,-6.7,3.5978638569880927,13_392
C=C(c1ccc(C2CCCCC2)cc1)C(C=COP(=O)(O)O)c1ccccc1,-6.9,3.5037555364854898,13_393
COc1cc2c(c(OC)c1OC)-c1ccc(SC)c(=O)cc1[C@@H](N)CC2,-6.4,2.7575116670061144,13_394
O=C(c1ccc(Oc2cccc(Cl)c2Cl)cc1)N1CCNCC1C(F)(F)F,-7.3,3.715232600221713,13_395
O=C(NCCC(c1ccccc1)c1ccccc1)c1cccnc1,-6.7,3.6483542924551053,13_396
COc1ccc(C(=O)N2CCN(Cc3ccccc3)[C@@H]3CS(=O)(=O)C[C@@H]32)cc1,-8.2,3.6495145550875536,13_397
CO[C@H]1O[C@H](COCc2ccccc2)[C@@H](O)[C@@H](OC(=O)c2ccccc2)[C@H]1OC(=O)c1ccccc1,-5.9,3.5247271478448585,13_398
Cc1cc2ccc3c(c2oc1=O)[C@@H](OC(=O)C12CCC(C)(C(=O)O1)C2(C)C)[C@@H](OC(=O)C12CCC(C)(C(=O)O1)C2(C)C)C(C)(C)O3,-6.7,2.785423868589309,13_399
NCCCN1CCC(OC(=O)c2ccccc2)C(c2ccc3ccccc3c2)C1,-6.3,3.678377842586449,13_400
O=C(O)CNC(=O)C(Cc1cccc(Oc2ccccc2)c1)S(=O)(=O)Nc1cccc(O)c1,-7.4,3.395550692034429,13_401
COC(=O)CCC(=O)N1CCN(c2ccc(-c3cnn(C)c3-c3ccc(C(F)(F)F)cc3)cc2)CC1,-7.0,3.5945200263378982,13_402
CC(=O)N[CH][C@@H]1C[C@@H](O[CH][C@@H](O)[C@H](O[C@H]2OC(CNCCN)=NC[C@H]2O)[C@H](N)C[CH]NC(=O)C(O)CCN)[C@H](N)CO[C@@H](N)O1,-6.4,0.26645351383214777,13_403
C[CH][C@H]1C2=C3C[CH][C@@]45CC(C(=O)O)=NN(C(C)C)C(=C(F)C(=O)C[C@@]4(C)[C@]3(C)CC[C@@]2(C(=O)O)CC[C@H]1C)C5,-7.3,2.03883780292977,13_404
Cc1noc(C(=O)NCc2ccc3c(c2)cc(C)n3C)c1C,-6.7,3.7639169942574284,13_405
Cc1ccc(-c2nc3nc(C)c(CC(=O)NCc4cccc(C)c4)cn3n2)cc1,-7.0,3.7313123704821134,13_406
O=C(c1ccc2cc(Oc3ccc(C(F)(F)F)cn3)ccc2n1)N1CCN(C(=O)N2CCOCC2)C1,-8.1,3.562019032974474,13_407
O=c1c2c(O)cc(O)cc2ncn1-c1ccc(OCc2ccc3ccccc3n2)cc1,-8.0,3.522153012084477,13_408
COc1ccc(CCNC(=O)c2ccc(N=C3NC4CS(=O)(=O)CC4S3)cc2)cc1OC,-6.9,3.5473348932395927,13_409
CCOC(=O)c1cc(CS(=O)(=O)Cc2ccccc2Cl)nc(-c2ccccc2)n1,-7.1,3.6507609565197567,13_410
CCOC(=O)c1ccc2c(NC(=O)c3ccc(F)cc3)c(C(C)C)n(Cc3ccccc3)c2c1,-6.7,3.541899486663558,13_411
O=C(NCCCCC(c1ccc(F)cc1)c1ccccc1F)Nc1ccc2cc[nH]c2c1,-7.4,3.2725470223760436,13_412
CC=C1C=C(S(C)(=O)=O)C=C1N1C[C@H]2CC[C@@H](C1)[C@@H]2Nc1nc2c(O[C@H](C)c3ccccc3)cccn2n1,-7.7,3.400223469778843,13_413
COc1cc(O)cc(C(Cl)=C(C=O)c2c(O)cc3c(c2O)C(=O)c2c(O)cccc2C3=O)c1,-7.4,3.2479416556915357,13_414
C=CC(=CC=COC)C=C(C(=O)O)c1ccccc1Nc1cccc(Cl)c1,-6.3,3.448858078659354,13_415
CNC(=O)Nc1nc2cc(-c3ccccc3CN(C)C)ccc2[nH]1,-6.5,3.68499298261702,13_416
Cc1ccccc1-c1ccc2ncnc(NCc3n[nH]c(-c4ccccc4)n3)c2c1,-7.9,3.5541621610531466,13_417
C=C1O[C@H]2C([CH]O[C@@H]3C=CC=C1C[C@H](NC(=O)C1C=CC=C(OC)[C@H]1O)[C@H]3O)[C@@H](OOCC(N)C(=O)O)CO[C@@H]2CO,-5.9,-0.01614428650561628,13_418
O=C(NCCC(c1ccccc1)c1ccccc1)c1cccc(Oc2ccccc2)c1,-7.0,3.432980558457521,13_419
Nc1nc(-c2cccc(C(F)(F)F)c2)c(C(=O)Nc2cccc(OC(F)(F)F)c2)s1,-7.7,3.5902771888909744,13_420
CNS(=O)(=O)c1ccc2c(c1)C(=Cc1[nH]cc(-c3ccsc3)c1CSCF)C(=O)N2,-5.7,3.5572331615288153,13_421
Cc1sc2ncnc(Sc3nc4ccccc4o3)c2c1C,-6.1,3.5597443956297012,13_422
Cc1nnc(-c2ccncc2)s1,-5.1,3.4465826608685646,13_423
Cc1ccc2c(c1)CC(C(=O)Nc1cnc(C3CC3)c(C(N)=O)c1)CO2,-7.5,3.6554707750475153,13_424
Cc1cc(C(C)(C)C)oc1C(=O)Nc1cccc(-c2cccc(-c3nc4c(C)cccc4[nH]3)c2)c1,-8.7,3.39426144601942,13_425
O=C(C1CN(c2ncccc2C(F)(F)F)CCO1)N1CCC(c2ccncc2)C1,-7.1,3.6253387211685677,13_426
CCOC(=O)C=CCC1=NC(=O)c2sc3ccc(Cl)cc3c2C1=O,-6.4,3.631006279847495,13_427
COc1cc(OC)c(OC)cc1/C=C/C(=O)c1cccc(N)c1,-6.2,3.6048954646004905,13_428
C=CC=C(C=COC(=CC=O)c1ccccc1)OC=C(N=N)c1ccc(F)c(F)c1,-6.3,3.245303558483751,13_429
Nc1ncc(-c2ccc(-c3ccccc3-c3cnc(Cl)cn3)cc2)cn1,-7.1,3.718492642689718,13_430
Cc1ccc(C2c3[nH]c4ccccc4c3CC3C(=O)N(Cc4cccc(Cl)c4)CC(=O)N32)cc1,-9.1,3.4944094954688243,13_431
Cc1nc2nc(C3=CC=COC3)nn2c(C)c1CCC(=O)NCc1ccccc1Br,-7.0,3.7561460859741675,13_432
CC(C)(O)c1ccc(-n2nc(C(N)=O)c3c2-c2cc(NC(=O)c4ccccc4Cl)ccc2CC3)cc1,-8.8,3.4995802482593357,13_433
C#Cc1cc(C(=O)Nc2ccc(C)c(N[CH][C@H]3COC[C@@H]3NC3CCCC3)c2)ccc1Cl,-6.6,3.4577201402726616,13_434
O=c1[nH]c2cc3c(cc2cc1CN1CCN(c2ccccn2)CC1)OCCO3,-7.4,3.6802762978370724,13_435
Cc1ccc(-c2nc3ccccc3c(=O)n2Nc2cccc(-c3ccccc3C)c2)cc1,-8.6,3.478171087638534,13_436
CCOC(=O)/C=C/[C@H](CC1CCNC1=O)NC(=O)C(Cc1ccc(F)cc1)NC(=O)C(Cc1ccccc1)NC(=O)OC(C)(C)C,-7.0,3.0220718864341407,13_437
COC1=CC=C(Oc2ccc(NC(=O)N/N=C/c3ccc([N+](=O)[O-])s3)cc2C)C1,-6.7,3.4199923668470573,13_438
CCCCCCCC/C=C/C(=O)O[C](C)CCC[CH]OCC(=O)NCCCCCCCC(=O)O,-4.0,1.68020562187901,13_439
O=C(NCc1ccc(Oc2ccccc2)cc1)c1ccc2c(c1)CN(C(=O)Nc1cccc(Cl)c1Cl)CC2,-7.8,3.4624551618602943,13_440
O=C1NCC(c2cccc(OCc3ccc4ccccc4n3)c2)O1,-7.2,3.7765084514880685,13_441
CS(=O)(=O)c1ccccc1COc1ccc(/C=N/NC(=O)c2ccc(N)c(CF)c2)cc1,-6.1,3.472896534546947,13_442
Cc1c(CC2CCCCC2)c(=O)ccn1-c1ccc(-c2ccc(OCCCN3CCCC3)cc2Cl)c(Cl)c1,-6.0,3.219230992980404,13_443
O=S(=O)(Nc1ncc(F)cn1)c1ccc(Oc2ccc(-c3ccc(C(F)(F)F)cc3)cc2)c(C(F)(F)F)c1,-8.1,3.4291793254785974,13_444
O=C1C=CC([N+](=O)[O-])=CCCc2c(ccc(Oc3ccc4ccccc4c3)c2Cl)N1,-7.7,1.458474574149876,13_445
O=C(N/N=C/c1ccc(Oc2no[n+]([O-])c2S(=O)(=O)c2ccccc2)cc1)c1ccccc1F,-6.6,3.3217370906224577,13_446
COc1ccc(-c2ccccc2N2CCN(CCCCN3C(=O)c4cccc5cccc3c45)CC2)cc1,-7.7,3.328331810047099,13_447
Nc1ccc(Cc2ccccc2Cl)cc1CNc1ncccn1,-7.1,3.7006710306662436,13_448
O=C/C(=C/c1ccc(Oc2cccc(C(F)(F)F)c2)o1)CC=CCC=Nc1c(-c2ccccc2Nc2ccc(F)cc2F)nc2ccc(F)cn12,-7.9,2.5652425065058986,13_449
CC(=O)OC[CH]O[C@@H]1[C@H](O)[C@@H](O)[C@H](O)N1C=Cc1cccc(C(=O)Nc2cccc(C#N)c2)c1F,-6.3,3.179704867700877,13_450
Cc1cc(C)c(-c2nn(-c3ccc(F)cc3)cc2-c2ccc3c(c2)Nc2ccccc2S3)s1,-7.5,3.372448293612443,13_451
O=C(Nc1ccccc1C(=O)NC(=O)c1ccccc1Cl)c1ccc(C(F)(F)F)cc1,-7.9,3.633017565687671,13_452
COc1ccccc1Nc1nc(N)nc(CSc2nc3ccccc3c(=O)n2-c2ccccc2C(=O)O)n1,-8.1,3.05049256913194,13_453
COc1ccc(F)c(-c2nc3ccccc3n2Cc2ccccc2C(F)(F)F)c1O,-7.0,3.6230883019653852,13_454
Nc1nc(=O)c2ncn([C@@H]3O[C@@H]4COP(=O)(O)O[C@H]5[C@@H](F)[C@H](n6cnc7c(N)ncnc76)O[C@@H]5COP(=O)(O)O[C@H]3[C@@H]4O)c2[nH]1,-8.4,0.16552072728921274,13_455
O=C(NCc1ccc(F)cc1)c1ccc2c(c1)N(Cc1ccc(F)cc1Cl)C(=O)CS2,-7.7,3.6999188254324977,13_456
O=C(Nc1cc2c(Nc3ccc(F)c(Cl)c3)ncnc2cc1OCCCN1CCOCC1)c1ccccc1,-8.4,3.407281777554795,13_457
COc1cc2cc(NC(=O)c3ccc(-c4ccc(Br)cc4)o3)c(=O)oc2cc1OC,-7.1,3.6099565665656117,13_458
O=C(NC[C@]1(O)CO[C@H](CNS(=O)(=O)c2ccccc2)[C@H]1O)c1ccccc1,-6.8,3.427114731150697,13_459
O=C(NCCc1nnc2ccc(NCCCN3CCOCC3)nn12)c1ccccc1Cl,-5.8,3.4998942566634574,13_460
O=S(=O)(Nc1nccs1)c1ccc2c(-c3ccc(C(F)(F)F)cc3-n3cncn3)nccc2c1,-8.6,3.4188706450956126,13_461
O=C(NCCc1ccncc1)c1ccc2c(c1)S(=O)(=O)c1ccccc1C2=O,-7.2,3.7648183364901726,13_462
O=c1oc2c(Cl)cc(Cl)cc2cc1C1CCNC=C1SCc1ccc(F)cc1,-7.2,3.6665003151271387,13_463
C1=COCC(NCc2c3ccccc3nc3ccccc23)C=C1,-7.3,2.6270978678115515,13_464
CC(=CC=CF)c1nc(Nc2ccc(OCCN3CCOCC3)cc2)c2cc(Cl)ccc2n1,-7.4,3.62348828745771,13_465
O=c1[nH]c(=O)n([C@H]2C[C@H](O)[C@@H](CO)O2)cc1/C=C/Br,-6.2,3.3555620736125107,13_466
Cn1cc(C(=O)c2ccccc2)cc1C=C1C(=O)NC(=S)NC1=O,-7.1,3.4033029075863515,13_467
O=C(O)c1ccc(NC(=O)c2ccccc2Nc2ccccc2)cc1,-7.6,3.663052985324793,13_468
COc1ccc(C(N)=O)cc1/C=C/c1ccc(C(=O)N[C@@H](C)C(C)(C)O)cc1,-6.1,3.5969692366094472,13_469
COc1ccc(/C=N/NC(=O)Cn2c(=O)c(C)nc3ccccc32)cc1,-6.5,3.6681195898692147,13_470
CC(NC(=O)CN1CCCC1=O)c1cnc2ccccn12,-5.8,3.738814006381615,13_471
CC(C)(N)C(=O)N[C@H](COCc1ccccc1)c1nnnn1CCOC(=O)NCCCCO,-6.1,2.969555644338585,13_472
Cc1cccc(Cn2c(CNS(=O)(=O)c3ccc(C(C)C)cc3)nc3cccnc32)c1,-7.4,3.6854637956420655,13_473
Cc1cccc(C(=O)NC2CCN(c3cccc(C)c3C)CC2)c1,-7.0,3.611234307772919,13_474
NC(=S)C1=CC=CN=Cc2ccc3ccccc3c2N=Cc2cc3ccccc3nc21,-8.7,1.5592258845705507,13_475
OC[C@H]1O[C@H](OC=CC=C2C=C(c3cccc(F)c3)OC2)[C@@H](O)[C@@H](O)[C@@H]1O,-6.7,3.260945515982354,13_476
COC(=O)[C]1C2=C[C@H]3C[C@@H]1OC(=O)c1cccc([N+](=O)[O-])c1[CH]C(C)(C)[C@@H]3C[C@H]2C,-7.0,1.0772187284940058,13_477
COC1=CC=C(C2CC(c3ccc(-n4ccnc4)cc3)=NN2C(=O)c2cc(Br)cc(Br)c2C)C1,-7.7,3.507364311463308,13_478
CCC(=O)C1(c2ccccc2)CCN(C(C)CN(C)C)CC1,-5.7,3.4731691485302516,13_479
CNC(=O)C(NC(=O)C(CC(C)C)C(NS(=O)(=O)c1ccc2c(c1)CCO2)C(O)=NO)C(C)(C)C,-5.4,2.775579548715942,13_480
O=C(Cn1c(=O)oc2cc(Cl)ccc21)c1cccc(Cl)c1,-6.4,3.656750536770768,13_481
CNc1ncc(-c2ccc(NC(=O)c3ccc(Br)cn3)cc2F)cn1,-6.9,3.756479262395236,13_482
Nc1c2c(nc3ccccc13)-c1ccccc1CC2,-7.3,3.424194398407774,13_483
CN1CCN(c2cccc3c2CN(C(=O)c2ccc(-c4ccc(F)cc4)cc2)CC3)CC1,-6.9,3.5301363993930623,13_484
CS(=O)(=O)c1ccc(Nc2ncccc2-c2cnc3cc(C(=O)O)ccn23)cn1,-7.8,3.510163159704204,13_485
CC(C)(C)OC(=O)N1CCN(c2ccc(/C=C/c3cc(F)cc(-c4ccncc4)c3)cc2)CC1,-7.1,3.5707358180333935,13_486
O=C(CSc1nnc(C2COc3ccccc3O2)o1)c1ccc2c(c1)OCCCO2,-6.9,2.451627148540598,13_487
CCOc1nc(-c2ccc(OC)cc2)cc(C(F)(F)F)c1C#N,-6.2,3.746849152704173,13_488
CC(C)C(=O)Oc1ccc(-c2ccc(-c3cc(=O)cc(N4CCOCC4)s3)cc2)cc1,-7.1,3.59146248032582,13_489
O=C(Nc1ccc2c(c1)CCC2)c1ccc2[nH]ncc2c1,-7.0,3.6145235411439574,13_490
O=C(O)c1cc(-c2ccc(/C=C3\OC(=S)N(CCc4ccccc4)C3=O)o2)ccc1Cl,-6.8,3.609136405000614,13_491
O=C(NCC(c1ccc(F)nc1)N1CCC(F)(F)CC1)c1cccc(F)c1Cl,-8.7,3.63222037389923,13_492
O=C(O)CCOC=C1N=CC(C=C2C=C(c3ccccc3Cn3ccc4ccc(-c5ccc(Cl)cc5F)cc43)C=N2)=N1,-6.5,3.207449397819058,13_493
COC(=O)c1c(C)nc(NNC(=O)c2cccc3c2C(=O)c2ccccc2-3)nc1-c1ccccc1,-7.8,3.4676300074709103,13_494
COc1ccc(-c2nnc(NC(=O)c3cccc(NS(=O)(=O)c4ccc5c(c4)OCCO5)c3)o2)cc1,-8.2,3.403670122695421,13_495
O=C(/C=C/c1ccc(Cl)c(Cl)c1)c1cc2cc(Br)cc(Br)c2oc1=O,-7.1,3.4249038228767805,13_496
O=C(O)CC(SCCc1ccccc1)C(=O)O,-5.1,3.551227140277116,13_497
Cc1ccc(Oc2ccc(-c3nc4cc(C(N)=O)ccc4[nH]3)cc2)cc1C(=O)Nc1nc2ccccc2s1,-7.8,3.2183708175301726,13_498
CN(CC(=O)NC(C)(C)C)Cc1nccn1Cc1cccs1,-5.7,2.6140207113480214,13_499
O=c1[nH]c(O)c(C=Nc2ccccn2)c(=O)[nH]1,-6.0,3.336952572558957,13_500
O=C(Nc1cccc(S(=O)(=O)N[C@H]2CCOC2)c1)c1nnc(-c2ccccc2F)o1,-7.3,3.6089061368028448,13_501
CC(C)(C)NN=CC(=C(C=O)c1ccc(-c2ccccc2O)cc1)c1cccc(C(F)(F)F)c1,-7.4,3.2147139020911073,13_502
Cn1ccnc1-c1cc(-c2ccc3ccccc3c2)n2ncnc2n1,-8.0,3.558471700059773,13_503
CCOC1=CC(=O)CC(c2ccccc2C(F)(F)F)=Nc2[nH]c(=O)ccc2N(C=O)O1,-8.2,1.518736746915069,13_504
Cc1c2c(c(C)n1Cc1ccccc1)C(CC(C)C)C1C(=O)CCCC1=N2,-6.7,3.467469802454266,13_505
CCc1cc(F)ccc1NC(=O)N(C)[C@@H](C)Cc1cccc2ncccc12,-7.6,3.675604822166533,13_506
Cc1ccc(CNC(=O)c2cnc3sc(N4CCCC4)nn3c2=O)cc1,-6.8,3.7329209454256773,13_507
CCSc1cnc(-c2ccc3c(c2)CCN(Cc2ccccc2)C3)nc1NCCN1CCOCC1,-6.8,3.465691523160624,13_508
O=CN1[CH][C@H](CCCCc2cncn2Cc2ccccc2)OC(c2ccccc2F)=C[C@H]1[CH]Cc1ccccc1,-6.4,2.2425929965770246,13_509
O=C(Nc1ccc(C(=O)N[C@@H]2CCCc3cc(CN4CCCCC4)ccc32)cc1)c1ccc2ccccc2c1,-6.9,3.3611597666902133,13_510
Cc1ccc(NC(=O)Cn2ncc3c4ccccc4n(Cc4ccccc4)c3c2=O)cc1C,-8.2,3.586546611553686,13_511
CCCc1cc(=O)c2ccc(-c3ccccc3O)cc2[nH]1,-7.3,3.6020689090217655,13_512
O=C(Nn1c(-c2ccccc2)nc2cc(F)ccc2c1=O)c1ccccc1Cc1ccccc1,-8.2,3.473014601613815,13_513
C=C(/C=C/C(=O)Nc1cc(C)cs1)CC=CC=C1C=NC2C(=CC=CC2C)C1,-6.8,3.387009743753526,13_514
O=C(c1ccc2ncccc2c1)N1CCN(Cc2ccccc2Cl)CC1,-6.6,3.684075633726325,13_515
C[C@H]1COCCN1c1nc(N2CCOC[C@@H]2C)c2ccc(-c3ccc(N4CCCNC4)cc3)nc2n1,-6.6,3.43091069865209,13_516
C=C(C)C12OC3(c4ccccc4)OC1[C@@H]1[C@@H]4O[C@]4(CO)[C@@H](O)[C@]4(O)C(=O)C=C[C@@]4(C)C1(O3)[C@H](C)[C@H]2OC(=O)/C=C/C=C/c1ccccc1,-7.3,1.5015181200184555,13_518
O=C(Nc1ccc(Oc2cccc(NC(=O)c3ccc(Br)o3)c2)cc1)c1ccccc1,-7.4,3.595812657453883,13_519
Cc1cccc(C(Nc2ccccn2)c2ccc3ccc(C)nc3c2O)c1,-8.0,3.6371566026776643,13_520
O=C(c1c[nH]c2ccccc12)c1nn(-c2ccccc2)c2nnc(Cl)n12,-8.1,3.5597702942053644,13_521
O=C(Nc1ccc(-c2nc(N3CCOCC3)nc(N3C4CCC3COC4)n2)cc1)c1ccc(F)cc1,-7.1,3.4352698843664076,13_522
N=C(N)c1ccc(NC(=O)c2ccc(OCC(=O)O)cc2)cc1,-6.4,3.412222929335993,13_523
CN1CCN(c2nc3c(-c4cccc(F)c4)cc(C(=O)NC(CF)CF)cc3[nH]2)CC1,-6.9,3.716980886467799,13_524
O=C(Nc1ccc(-c2nc3cc(NC(=O)c4cccc(-n5cccn5)c4)ccc3[nH]2)cc1)Nc1ccccc1C(F)(F)F,-4.3,3.0578273224094197,13_525
Nc1nc(NCCNc2ncc(N3CCOCC3)c(-c3ccc(Cl)cc3Cl)n2)ccc1[N+](=O)[O-],-6.5,3.121223263160652,13_526
N=C1SC(=Cc2c[nH]nc2-c2cccc3ccccc23)C(=O)N1c1nccs1,-8.2,3.6072680331195333,13_527
O=C(c1cc(-n2c(O)c3c(c2O)C2C=CC3C2)ccc1Cl)N1CCCC1,-7.1,3.462773825168119,13_528
C=C1[C@H]2C[C@H]2[C@@]2(C)[C@@H](C(C)C)C[C@@H]3O[C@@H](C(C)(C)O)C[C@]3(O)[C@@H]12,-5.4,3.0456518883682318,13_529
N#Cc1ccc(N2CCc3cc4c(cc3C2)OCO4)nc1,-7.2,3.556846243056121,13_530
O=C1c2c(Cl)cccc2Cc2cc3c(cc2C1CN1CCOCC1)OCO3,-7.6,2.512997162388043,13_531
NC(=O)NC(c1cccc(Cl)c1)c1ccc2cccnc2c1O,-7.0,3.6372045593783096,13_532
CC(=O)Nc1ccc(C(=O)Nc2ccc(-n3cncn3)nc2)cc1,-6.7,3.6933992303541734,13_533
Cc1ccccc1C(=O)NCC1(c2ccccc2)CCO1,-6.2,3.643682778665045,13_534
O=S(=O)(c1ccccc1)n1c([S+]([O-])c2cccc(C(F)(F)F)c2)cc2ccccc21,-7.5,3.597397556786727,13_535
CCC(=O)OC=C1OC=CC=C(c2cc(=O)c3c(O)cc(OCc4cnccc4C(F)(F)F)cc3o2)Cc2cc1ccc2OC,-7.2,1.0373711010691609,13_536
Cc1ccc(S(=O)(=O)c2cn(CC(=O)NCc3ccc(Cl)cc3Cl)c3ccccc23)cc1,-7.4,3.681562706950048,13_537
NS(=O)(=O)c1ccc(-n2cc(C(F)(F)F)nc2-c2cccc(F)c2)cc1,-8.1,3.672660544352646,13_538
Cc1ccc(OCC(=O)N2CCN(c3ccc(F)cc3)CC2)cc1-c1nc2ccccc2[nH]1,-7.8,3.6933913022697755,13_539
O=C(NC[C@H](O)CO)c1cccc2c1CCN2c1cc(Cc2cc(F)c(F)c(F)c2)ccn1,-7.0,3.576848683500576,13_540
O=c1c2ccccc2c(-c2ccc3c(c2)OCO3)nn1CCN1CCN(c2ccccc2Cl)CC1,-7.8,3.5005942284824485,13_541
CC(c1ccc(-c2cnc3ccccn23)cc1)C(N)C(=O)N1CC[C@H](F)C1,-7.1,3.783430458944237,13_542
Brc1cccc(C2(Cn3ccnc3)CC2)c1,-5.1,3.521741592279138,13_543
CCOC(=O)c1c(C)nc2c(cnn2CCc2ccccc2)c1N,-6.0,3.747910602830677,13_544
O=c1c(-c2cccs2)nc2cnc(Nc3ccc4cc[nH]c4c3)nc2n1CC1C=CC=CC1,-7.8,3.506889044265624,13_545
N#Cc1ccccc1Cn1cc(C(=O)CC(=O)C(=O)O)c2ccccc21,-7.1,3.582768228355297,13_546
O=C(Nc1ccc(Cl)cc1)c1cnc(NCCc2ccncc2)cn1,-6.6,3.7528649530242504,13_547
O=P(O)(O)C(O)(Cc1cccc(-c2ccccc2-c2ccccc2)c1)c1ccc(-c2cccc(Oc3ccccc3)c2)cc1,-7.1,2.9931688668767533,13_548
N#C[C@H]1CC[C@H](CNC(=O)N2CCn3c(nc4[nH]c(N)nc(=O)c43)C2)C1,-7.5,3.281813967816976,13_549
O=c1c2ccccc2nc(/C=C/c2ccc(F)cc2)n1-c1ccc(C#Cc2ccccc2)cc1,-7.1,3.3176978404180626,13_550
Cc1ccc(-c2csc(NC(=O)Cn3c(O)c4c(c3O)CC=CC4)n2)cc1C,-7.8,3.6359482545242363,13_551
CCOC(=O)CC1c2ccccc2N=C(n2cncn2)N1c1ccccc1,-7.0,3.646276661585259,13_552
Cn1c(=O)cc(OCCCC(=O)NCc2ccccc2Cl)c2ccccc21,-6.7,3.7184961348944316,13_553
CNc1nc2ccccc2n2cccc12,-6.1,3.5065747433903294,13_554
Cc1c(-c2ccccc2F)c(=O)n(C[C@H](N)c2ccccc2)c(=O)n1Cc1cccc(Oc2ccccc2)c1,-8.2,3.4323907220535297,13_555
COC1=CC(CNC(=O)C(c2ccccc2)c2ccccc2C(=O)Nc2ccc(Oc3ccccc3)cc2C)C=C1Cl,-6.9,3.3463817473299367,13_556
CC=C1C=CC([C@H]2C[CH]CCC(NS(=O)(=O)O)[C@@]2(C)C2CC2)=C1,-5.8,2.2353561518990723,13_557
O=c1c2c(oc(O)c1C(c1ccccc1)C1CCC1)CCCCCCCC2,-7.4,1.358409230983352,13_558
CCCCCCCC(=O)c1cc(C)c(OCCCOc2ccccc2)c(C)c1O,-6.1,3.378702483269375,13_559
Clc1ccc2c(N3CCCCC3)ccnc2c1,-6.4,3.4405764755303654,13_560
CC[C@H](C)C(NC(=O)C(Cc1cc(-c2cc(Cl)cc(Cl)c2)nc2ccccc12)Nc1c2ccccc2nc2ccccc12)C(=O)NC(C(=O)NCC(C)C)c1ccccc1,-7.2,2.555332657429151,13_561
O=C(c1ncon1)N1CCN(c2ccc(N3C[C@H](Cn4ccnn4)OC3=O)cc2F)CC1,-7.1,3.3275733335414874,13_562
NC(=O)c1ccn(-c2cccc(NC(=O)Nc3cccc(-c4ccc5c(c4)OCO5)c3)c2)c1C(F)(F)F,-8.4,3.4654687333069703,13_563
COC=CC=C(C=COC)CSc1nc(-c2ccc(OC)cc2)c(Cc2cc(C)cc(C)c2)[nH]c1=O,-6.7,3.3749691315379216,13_564
COc1ccc(NS(=O)(=O)c2cccc(C(=O)NNC(=O)Cc3ccccc3)c2)c(OC)c1,-6.6,3.4981360901869607,13_565
COc1cc(C(=O)Nc2cccc(C(=O)OCc3cc(=O)n4cc(C)sc4n3)c2)cc(OC)c1OC,-7.3,3.396798829133048,13_566
CC(=O)O[CH]C[C@@]12C[C@@]13CC[C@H](O[C@@H]1OC[C@@H](O)[C@H](O)[C@H]1O)C(C)(C)[C@@H]3CC=C2[C@]1(C)C2[C@@H]3OC(c4ccccc4)O[C@@H]3C(C)(C)[C@H]21,-7.6,2.7284191395605344,13_567
Cc1cc(=O)n2nc(N3CCC(C(=O)Nc4ccc5c(c4)OCO5)CC3)sc2n1,-7.4,3.5043422017317316,13_568
O=c1ccc2cc(-c3ccccc3)oc2[nH]1,-6.7,3.5081479952063805,13_569
CCCOc1ccc(-c2nc(-c3ccc4c(c3)CCN(C3CCC3)CC4)no2)cc1F,-6.6,2.6062186381903256,13_570
CC[C@@H](Nc1c(Nc2cccc(C(=O)N(C)C)c2O)c(=O)c1=O)c1cc(C(F)(F)F)ccc1-n1nccn1,-6.9,3.2001156050860415,13_571
NC(=O)c1ccc(Oc2nccs2)cc1Nc1ccccc1S(=O)(=O)C1CC1,-6.7,3.6501346061198277,13_572
CC(C)(C)NC(=O)C1CCN(Cc2cccc(NC(=O)c3ccco3)c2)CC1,-6.4,3.7401734413852656,13_573
CC(C)c1nnc2n1CCN(C(=O)c1ccc(-c3ccccc3Cl)cc1)C2,-7.2,3.704972286358072,13_574
O=C(Nc1ccccc1)N1CCN(c2nc3ccccc3c(=O)n2Cc2ccccc2)CC1,-8.1,3.6944528665816767,13_575
CN(C)CCNC(=O)c1cc2ccccc2cc1-c1cccc2ccccc12,-7.4,3.516440495408065,13_576
Clc1ccccc1CN(CCBr)Cc1ccccc1,-5.0,3.357133565737161,13_577
CCOC(=O)Cn1c2ccccc2c2nnc(NCCO)cc21,-5.7,3.634659946383226,13_578
Cc1c(/C(=C/c2ccccc2C(=O)O)C(=O)C=CC=CCC#N)cccc1-c1ccccc1,-7.2,3.404720041461296,13_579
Oc1c2onc(-c3ccc(F)cc3F)c2c(O)n1-c1ccc(F)cc1,-7.0,3.68210582793287,13_580
CCOc1ccc(C2Nc3ccccc3C(=O)N2c2ccc(C(=O)N3CCN(C)CC3)cc2)cc1,-7.8,3.640409043285839,13_581
O=C(c1nc2ccc(Cl)cn2c1CN1CCCCCC1)N1CCc2ccccc21,-7.7,2.621246668519099,13_582
CC(Nc1ncnc2[nH]cnc12)(c1ccccc1)c1ccccc1,-7.0,3.6934090721668404,13_583
O=C1c2ccccc2-c2c1c1ccccc1c(=O)n2CCCCCCCn1c2c(c3ccccc3c1=O)C(=O)c1ccccc1-2,-8.5,3.088496348464592,13_584
O=C(Nc1ccccc1[N+](=O)[O-])N1CCN(CCc2c(-c3ccc(F)cc3)nc3ccccn23)CC1,-7.9,3.527102564281683,13_585
Cc1ccc(S(=O)(=O)Nc2cnccc2C(=O)Nc2nc(-c3cc4ccccc4s3)cs2)cc1,-7.9,3.427741704356554,13_586
Nc1nc2ccc(-c3cccc(OC(=O)Nc4ccc(F)c(F)c4)c3)cc2s1,-8.2,3.663356724062412,13_587
NC(=O)c1nsc(C(=O)N(CC(=O)NC2CCCC2)c2ccc(F)c(Cl)c2)c1N,-6.8,3.5283375708932097,13_588
COc1ccc(-c2nnc(Cc3nc4ccccc4[nH]3)o2)cc1,-7.1,3.713799945259768,13_589
COc1ccccc1C(=O)OCc1nc(N)nc(Nc2ccc(C#N)cc2)n1,-6.8,3.5033629162057824,13_590
CCOC(=O)Nc1ccc(Nc2nc(-c3cccc(OC)c3)c(-c3ccc(OC)cc3)s2)cc1,-6.6,3.5128886058079645,13_591
CCC(=O)NCc1ccc(-c2ccccc2)cc1,-5.9,3.445242927324235,13_592
O=C(c1cc2c([nH]c1=O)C(F)(F)C1CCCC[C@H]1O2)N1CCCC1,-7.0,3.37117619457422,13_593
Cc1c(-c2ccc(-c3ccc(OC(F)(F)F)cc3)nc2)[nH]c2ccccc2c1=O,-7.6,3.6721139066779225,13_594
O=C(Nc1ccc(-c2nnc3n2-c2cccnc2Nc2ccccc2-3)cc1)Nc1cccc(Cl)c1Cl,-8.5,2.3536828459470653,13_595
C=C1c2ccccc2[C](CCN2CCC(Cc3ccc(F)cc3)CC2)Cn2c1ccc(Cl)c2=O,-7.4,2.4989514253402905,13_596
CC(C)[C@@H]1OC(=O)C1NC(=O)OCc1ccc(-c2cc3ccccc3o2)cc1,-6.7,3.7233477423243606,13_597
O=Cn1nc(NC(=O)C(F)(F)F)n(Cc2ccc(Cl)c(Cl)c2)c1=O,-6.4,3.6162095744287246,13_598
C=C1CCCCC1N(Cc1nc(-c2ccc(C)cc2)no1)C(=O)C1C=CC=COC1,-7.6,2.6129412054304977,13_599
COc1ccc(C/C(=C\c2ccc(F)cc2)C(=O)c2ccc(Cl)cc2)cc1,-6.6,3.4163287918397467,13_600
Cc1cc(-c2nnc(C(C)(C)C)o2)ccc1NC(=O)c1ccc(-c2ccccc2Cl)s1,-7.0,3.6336565776623946,13_601
CC=C(Cl)C=CC(=O)n1cnc2cc(-c3ccccc3)nn2c1=O,-7.0,3.614054754876543,13_602
Nc1c(Cl)cccc1-c1nn(-c2ccccc2)cc1CC(=O)c1ccc(-c2ccccc2)cc1,-8.5,3.284285530936124,13_603
O=C(NCC1CCCCC1)Nc1cccc(-c2cnc3ccccc3c2)c1,-7.0,3.6061100899213256,13_604
O=C(O)c1ccc2c(c1)nc(Nc1cccc(NCCN3CCOCC3)c1)c1cccc(F)c12,-6.9,3.4930192687035215,13_605
Cn1cc(NC(=O)c2ccc3cc4n(c3c2)CCCNC4=O)cn1,-7.0,2.711382863316018,13_606
Cn1ccc(COc2ccc3nc([C@@H]4CCCCC4C(=O)O)n(Cc4ccc(OC(F)(F)F)cc4)c3c2)n1,-6.6,3.509901784448915,13_607
CC1=CC(C(=O)NC(C)C)Oc2ccc(S(=O)(=O)N3CCOCC3)cc21,-6.2,3.5928692901636117,13_608
O=C1c2ccccc2C(=O)c2c1nnn2-c1ccc(N2CCOCC2)c(C(F)(F)F)c1,-7.3,3.576800375543651,13_609
O=CC=C1OC2=CC=C(CO2)N=Cc2c1cccc2-c1cccc(Cl)c1Cl,-6.5,1.2101552547141141,13_610
O=C(Cc1cccc(Cl)c1)Nc1nnc(CCCCc2nnc(NC(=O)c3ccccc3C(F)(F)F)s2)s1,-6.7,3.2626311260203122,13_611
CC(=O)c1ccc(NC(=O)C2(c3cc(C)cc(C)c3)CCCC2)cc1,-6.6,3.5995562680556525,13_612
NS(=O)(=O)c1ccc(Nc2c3ccccc3nc3occ(Cl)c23)cc1,-7.1,3.675955725907407,13_613
CC(Oc1ccccc1[C@@H]1CCN(C(=O)Cc2ccccc2)C1)c1ccccc1,-6.8,3.5064621274970467,13_614
Cc1cc2c(ccc3ccccc32)cc1Cc1ccc(-c2c(C)c3ccc(OCCCn4ccnc4)cc3oc2=O)cc1,-7.6,2.979851525667648,13_615
NS(=O)(=O)c1ccc(Nc2nn(C(=O)COc3ccc(C(F)(F)F)cc3)c3ccccc23)cc1,-7.7,3.517420101401244,13_616
O=C(NC12CC3CC(CC(C3)C1)C2)c1cccc2c1C(=O)c1ccccc1-2,-7.8,3.2752592107270306,13_617
O=CC=C(C=O)C=CC(C=O)O[C@H]1O[C@H](CO)[C@@H](O)[C@@H](O)[C@@H]1O,-5.6,2.7833995256244326,13_618
COc1cccc(C(=O)N[C@H](COc2ccccc2)C2C=NN(C)C2)c1,-6.8,3.764854614438188,13_619
NC(=O)c1c(NC(=O)c2cc(S(=O)(=O)N3CCOCC3)ccc2F)sc2c1CCCC2,-7.1,3.535280484316358,13_620
C=CC1OCOc2c1cc(C=COC(=O)c1ccncc1)c(C)c2-c1ccc2c(c1)OCO2,-7.0,3.3777169274354244,13_621
COc1cc(-c2c(OC)ccc3cc4ccccc4cc23)cc(OC)c1OC,-6.9,3.5291338328676316,13_622
O=C1CCc2ccc(Cc3cncc(-c4cccc(C(=O)O)c4)c3)cc2N1,-7.7,3.7033627106325566,13_623
CC=CC=CC(F)Nc1nc(-c2ccnc(Nc3ccc(C#N)cc3)c2)ccc1C(F)F,-7.4,3.546887718704574,13_624
CS(=O)(=O)Nc1cccc(-c2cnn3ccc(N4C(=O)OC[C@@H]4c4ccc(F)cc4)nc23)c1,-7.5,3.6318971927561408,13_625
COc1ccc(C(=O)c2ccc(C(=O)c3ccc(F)c(F)c3F)cc2)cc1,-7.8,3.5780644413464913,13_626
COc1ccc2c(c1)Cc1c-2nc2ccccc2c1NC(=O)c1cccnc1Cl,-7.4,3.6214265705721527,13_627
O=C(NCc1ccco1)c1ccc(NC(=O)c2ccc3c(c2)OCO3)cc1,-6.7,3.7270440980915973,13_628
CC(C)(C)c1ccccc1Nc1ncc2ccn(C3=CCC=CC=C3F)c2n1,-7.1,2.7188540179829124,13_629
Cn1cc(-c2cc(C(=O)NCCCN3CCOCC3)cc(C(F)(F)F)c2)nn1,-6.7,3.654339783524547,13_630
O=C(NC(C(=O)Nc1ccc(F)cc1)c1ccco1)c1cccc(OC(F)F)c1,-7.4,3.721946997093192,13_631
N#Cc1ncc(NC(=O)c2c3ccccc3c(O)n2Cc2cccc(Cl)c2)cc1F,-7.0,3.6670408277343403,13_632
O=C(NCc1ccco1)c1ccc2cc(S(=O)(=O)Nc3ccc4c(c3)OCCO4)ccc2c1,-7.7,3.6240819793848478,13_633
O=C(Nc1cccc(C(F)(F)F)c1)C(=O)Nc1nc2ccccc2o1,-7.1,3.6388785094465064,13_634
O=C(Nc1ccc(Oc2ccnc3ccccc23)cc1)c1ccc(Cl)cc1,-6.8,3.6373817866084073,13_635
O=C(Nc1cccc(-c2cn3ccnc3c(NCc3ccncc3)n2)c1)Nc1cccc(C(F)(F)F)c1,-8.6,3.351509113506621,13_636
O=C1Nc2ccc(Cl)cc2/C1=C\c1ccccc1OCc1cccnc1,-7.6,3.6749533590477155,13_637
CCc1c(C)nn(C)c1NC(=O)c1cc(C)n(C(C)C)c1C,-6.3,2.618449926848184,13_638
CCCN(C(=O)CSc1nnc(-c2ccccc2)o1)c1c(N)n(Cc2ccccc2)c(=O)[nH]c1=O,-6.8,3.348412347307946,13_639
Cc1ccc(-n2nc(-c3ccccc3)cc2Nc2ccnc3cc(Cl)ccc23)cc1,-8.5,3.5050700685863716,13_640
Cc1ccc(C(=O)Nc2cccc(C(F)(F)F)c2)cc1-c1cnc(N2CCOCC2)cn1,-7.0,3.767951675168354,13_641
O=C(Nc1c(Cl)ccc(C(=O)N2CCC3(CC2)OCCO3)c1F)c1cccc(Br)c1,-7.4,3.666910211492487,13_642
O=C1CCCN1c1cccc(C(=O)N2CCc3c([nH]c4ccccc34)C2c2ccccc2F)c1,-8.5,3.489365191702155,13_643
CC(=O)N(C(=O)c1ccccc1)N1C(=O)C=CC1=O,-5.8,3.458153199028175,13_644
CC1(C)CN(c2cc(C3C=CNC3)nc(-c3ccccn3)n2)C1,-7.4,3.65344651501578,13_645
O=C(NC1CCCCC1)c1cc2ccccc2cc1O,-7.1,3.567138400341828,13_646
NC(=O)c1c(NC(=O)c2ccc3c(c2)OCO3)sc2c1CCCCC2,-7.0,2.629245946440241,13_647
NC(=O)c1cc(-c2ccc(-c3ccc4c(c3)C(=O)N(c3ccc(O)cc3)C4=O)o2)cnc1Cl,-7.8,3.493085291335072,13_648
Nc1c2ccncc2cc2cnc(Nc3ccc(F)cc3)nc12,-7.4,3.5535214616879838,13_649
O=C(Nc1cccc(Cl)c1)c1cc2ccc(O)cc2oc1=Nc1ccccc1C(F)(F)F,-8.5,3.589403220447303,13_650
Cc1ccc(C=CC(=Nc2ccccc2)c2cc3c(ccc4ccccc43)oc2=O)cc1,-8.0,3.0838014430409255,13_651
COC1=CC=C(C(=O)N=C(C=O)Cc2ccc(-c3ccc(SC)cc3)cc2)OC=C1,-6.2,2.5359990262225764,13_652
CN(C)C=C1C=CC=CC(S(=O)(=O)N2CCC(CNC(=O)c3ccc(NC(=O)N4Cc5ccccc5C4)cc3)CC2)=CC=C1,-6.0,1.1336175637958026,13_653
COC(=O)c1ccc2[nH]c3c(c2c1)CC(=O)Nc1ccccc1-3,-7.7,2.6296969606562364,13_654
O=C(c1cc(Cc2n[nH]c(=O)c3c2NCCC3)ccc1F)N1CCN(c2ccc(F)cc2)CC1,-8.3,3.6459261947647112,13_655
O=c1c(-c2ccccc2)c(Sc2ccccc2Cl)oc2ccccc12,-7.0,3.526788475396757,13_656
Cc1c(NC(=O)c2cc(CN3CCN(C)CC3)cn3ccnc23)cccc1-c1ccccc1,-7.4,3.6665630576389514,13_657
O=C(c1ccccc1)N1CCN(c2ccc(C(=O)N3CCC(O)(c4ccccc4)CC3)cn2)CC1,-7.7,3.6598999321888313,13_658
Cc1csc(NC(=O)c2cc3c(s2)CCCCC3)n1,-5.7,2.6683446171254053,13_659
Cc1nc(-c2ccc(N3C(=O)C(=O)C(C(=O)C(C)C)C3c3ccccc3OCCO)cc2)no1,-6.3,3.510743444065515,13_660
Cn1cc(-c2cccc3c2CCC3c2ncc[nH]2)c2ccccc21,-7.1,3.518100022008872,13_661
O=C(CCc1nnc2c(N3CCCCC3)nc3ccccc3n12)Nc1ccccc1,-7.5,3.723059011258964,13_662
COc1c(CNCCCN(C)C)c(-c2ccc(F)cc2C)nc2ccccc12,-6.1,3.653135979206259,13_663
O=S(=O)(c1ccc(Cl)cc1)N1CC[C@H](Oc2cccc(OCc3ccccn3)c2)C1,-6.5,3.7175932077310563,13_664
O=C(COc1ccccc1)OCN1C(=O)c2ccccc2S1(=O)=O,-6.1,3.6349666251425274,13_665
O=C(c1ccncc1)c1cc(Cl)ccc1NS(=O)(=O)c1ccc(-c2ccccc2C(F)(F)F)cc1,-8.3,3.5397130501811036,13_666
O=C1C(n2ccc3ccccc32)=Cc2nc3ccccc3nc21,-7.4,3.572215196410645,13_667
O=C(O)COc1ccc(-c2ccc(-c3ccccc3COc3cccc(CC(=O)O)c3)cc2)cc1,-6.9,3.4946403300600486,13_668
CC(C)c1ccc(N)c(C(C=CC2=CC=CC2)=NC(=O)Nc2ccc(NS(C)(=O)=O)cc2)c1,-7.8,3.4917330711755117,13_669
CC(=O)Nc1ccc(C(=O)NNC(=O)C(=O)c2cccc3ccccc23)cc1,-7.2,3.482076170766793,13_670
C[C@H]1Cc2ccccc2OC1Cc1nc2c(s1)NN=CNC2=O,-7.8,2.65427659094029,13_671
N#Cc1ccccc1CNc1nccc(-c2c(-c3cccc(F)c3)nc3ccccn23)n1,-8.1,3.5802160540997137,13_672
O=C(/C=C/c1cn(-c2ccccc2)nc1-c1cccnc1)Nc1ccc(N2CCCC2)cc1,-6.8,3.607426218220035,13_673
Cc1cc(NC(=O)Cc2ccccc2CNCc2ccccc2Cl)no1,-7.1,3.7413556706873354,13_674
O=C(CCn1cnnc1)N1C[C@@H]2CC[C@H]1CN(Cc1ccncc1)C2,-6.3,2.500190595261909,13_675
CCOC(=O)c1ccc(C)s1,-3.9,2.167878774596943,13_676
O=C1CN(C(=O)c2cccc(S(=O)(=O)NCCN3CCOCC3)c2)c2ccccc2N1,-6.8,3.5462638731730096,13_677
C=C(C)c1cccc(C2(C)CC(=O)N(CC(N)=O)C(=O)N2)c1,-6.9,3.6179590022091856,13_678
O=c1[nH]c(-c2ccc(OC(F)(F)F)cc2)nc2ccccc12,-6.8,3.712586212381712,13_679
Cc1ccc(Nc2nc(Nc3ccc(C#N)cc3)nc(Nc3ccccc3[N+](=O)[O-])n2)c(C)c1,-8.0,3.2325875584878183,13_680
COC(=O)c1sccc1-c1ccc(C(=O)N(C)C(Cc2ccccc2)C(=O)O)cc1,-6.2,3.7103883619415345,13_681
C[CH]C(C)NCC(=O)Nc1cccc(C)c1,-5.3,3.4607836034722155,13_682
O=CC(Cc1ccccc1)NC(=[Se])Nc1ccc(F)cc1,-5.7,3.569744318544352,13_683
CN(Cc1cccc(F)c1)C(=O)CCC1CCN(C(=O)c2ccc(O)cc2)CC1,-6.4,3.740530958500096,13_684
O=C(O)Cc1cc(C2CCN(c3nc4cc(F)ccc4o3)CC2)c2ccccc2c1O,-7.9,3.6598990323272655,13_685
Cc1cccc(C(NC(=O)CN2C(=O)NC(C)(c3ccccc3)C2=O)c2ccccc2)c1C,-7.4,3.634490309548429,13_686
Cc1ccc(-c2c(C(OC(C)(C)C)C(=O)O)c(C)nc3cc(-c4ccccc4)nn23)cc1C,-6.9,3.644266453328834,13_687
CC1=CC=C(C2Cn3nc(-c4ccccc4)nc3[C@@H](c3cccc(Cl)c3)N2)OC=C1,-8.6,2.673455079728436,13_688
N#Cc1ccc(Cn2cncc2CN2CCCN(S(=O)(=O)C3CC3)CC2)cc1,-6.8,2.642906378122353,13_689
O=C(O)Cc1ccc(NC(=O)Cc2ccccc2)cc1,-6.2,3.6503180021476354,13_690
COC(CC(=O)Nc1cccc(F)c1)[C@H]1CO[C@H](c2cccc(NC(=O)C(F)F)c2)O1,-7.0,3.693758946612982,13_691
N#Cc1cnc2[nH]cc(C(=O)c3cccc(NC(=O)Cc4ccc(F)cc4F)c3)c2c1,-7.6,3.5984644461050603,13_692
CN(C(=O)Cn1nc(-c2ccc(F)cc2)oc1=O)C1CCCCC1,-6.5,3.718048627589287,13_693
C=CC(=CC=CF)CCN(C[CH]c1ccccc1)c1ccc(-c2ccccc2)nn1,-6.7,3.4441413460838213,13_694
COc1ccc(NC(=O)C2(NC(=O)c3cccc(Cl)c3)CCCC2)cc1Cl,-7.1,3.7165678297004066,13_695
O=C(COc1ccc(Br)cc1)NC1C=C(c2cccc3ccccc23)CCC1,-6.8,3.6108956510958174,13_696
CO/C(=C/c1ccc(C)o1)c1ccc2ccccc2c1,-6.3,3.406800320395007,13_697
Cn1ccc2ncnc(Oc3ccc(NC(=O)Nc4cc(C(F)(F)F)ccc4F)c(F)c3)c21,-7.6,3.5280399082004914,13_698
O=c1c(-c2ccccc2Cl)cn(Cc2cccc(OC(F)(F)F)c2)c(=O)n1C1CCCNCC1,-7.8,2.744614364395219,13_699
COc1ccc2[nH]cc(C(=O)[C@]3(C#N)[C@@H](c4ncc[nH]4)C4CSCN4[C@@]34C#CC(Cl)=CC=CNC4=O)c2c1,-7.6,0.9946152413825873,13_700
CNC(=O)C1=C(c2ccc(F)cc2)OC2=CC(N(C)S(C)(=O)=O)=C(c3cc4c(cn3)OCn3c-4cc4cc(F)ccc43)C21,-8.3,3.295804108196995,13_701
CC(=O)OC/C=C(\C)CCC=C(C)C,-4.2,1.7553802386025046,13_702
CCC(CCNC(=O)C(O)C(C)(C)C)C(Cc1ncccc1F)c1nc2cc(Cl)ccc2[nH]1,-7.2,3.520669848514717,13_703
O=C(NCc1cccs1)C1CC(=O)N(CCc2ccccc2)C1,-6.1,3.7413057591533505,13_704
CN(C)C=NC(C(N)=O)(c1ccc(Oc2ccccc2C(F)(F)F)cc1)c1cccc(-c2ccccc2)c1,-8.3,3.4172493303138163,13_705
O=C1C(O)C(O)CC(O)C1O,-4.8,2.7072934780468287,13_706
N#CN=C(N)CCCCc1csc(-c2ccc(NC(=O)c3ccccc3NC(=O)c3cccc(Cl)c3)cc2)n1,-7.2,2.991012045628735,13_707
CN=CC1C=CC(=NC(=O)C(=O)Nc2cccc(-c3ccc(-c4cccc(O)c4)nn3)c2)C1,-7.3,3.590169629632684,13_708
O=C(Nc1ccc(S(=O)(=O)N2CCc3ccccc32)cc1)c1cc2ccccc2o1,-7.7,3.6979192547331126,13_709
Cn1c(N)c(-c2nc(C3C=CC=COC3)cs2)c(=O)n(C)c1=O,-6.3,2.623341498192529,13_710
O=C(c1cnn2ccccc12)N1C[C@@H]2CN(c3ncccc3C(F)(F)F)C[C@@H]2C1,-6.9,3.6075480612150415,13_711
COC1=CC(/C=C/C(=O)OC(C(=O)O)[C@@](O)(C=O)Cc2ccc(O)cc2O)OCC(c2cc(=O)c3c(O)cc(O)cc3o2)C1=O,-6.7,1.7470004872836444,13_712
O=C(CCn1nnc(-c2ccccc2F)n1)NNC(=O)c1ccc(N2CCCCC2)cc1,-6.7,3.6124908159373126,13_713
CCN(C(=O)c1cc(-c2ccc(Cl)cc2)on1)[C@@H](Cc1ccc(Cl)cc1)c1ccccc1,-6.7,3.494002957225406,13_714
Cc1cccc(-c2ccc(C(=O)O)[nH]2)c1,-6.0,3.40821330495093,13_716
Cc1ccccc1[C@@H](C)COC(=O)Nc1ccc(-c2ccncc2)cc1OCCN(C)C(=O)c1cccnc1,-7.2,3.4898870053255555,13_717
O=C(Nc1cccc(-c2cccc(Cl)c2)c1)c1ccc2ccccc2n1,-7.8,3.5584656791809812,13_718
O=C(NC1CCC(F)(F)C1)c1ccc2cc(Oc3ccc(C(F)(F)F)cn3)ccc2n1,-7.6,3.6836509711425323,13_719
O=S(=O)(c1cccc(-c2ccnc3nc(-c4ccccc4)nn23)c1)N1CCOCC1,-8.4,3.614458929615709,13_720
Cc1cccc2ccc(Oc3ccc(C4=Cc5ccccc5Cc5ccccc54)cc3)cc12,-8.8,1.9025148774797946,13_721
O=C(O)CN1Cc2cccc(C(=O)Nc3cccc(C(=O)N4CCCCC4)c3)c2C1=O,-7.3,3.630904467453049,13_722
Cc1ccc2nc(NC(=O)c3ccc(CN4CCCCC4)cc3)sc2c1,-6.8,3.756679890038754,13_723
Cc1cccc(C(=O)Nc2nnc(Cc3cccc(F)c3)s2)c1,-7.2,3.7901948630950244,13_724
CN(CCC(=O)NCCN)Cc1ccc2ccc3cccc4ccc1c2c34,-6.8,3.555027640757455,13_725
Cc1nc2ccccc2n1CCC(=O)NCCN1CCCCCC1,-6.0,2.7625339917738794,13_726
O=C(c1ccccc1)c1ccc(NS(=O)(=O)c2cccc3[nH]cc(Cl)c23)cc1,-7.4,3.625242543904502,13_727
Nc1nc(Cl)cc(N2CCCc3ccccc3C2)n1,-6.3,2.6431137289479114,13_728
CC(c1ccccc1)n1cc(-c2c(F)cc(OCC(C(=O)O)C3CC3)cc2F)cn1,-7.1,3.7276670591173966,13_729
Cc1cc(S(N)(=O)=O)ccc1NC(=O)NC[C@H]1CC[C@@H](C[C@@H](c2ccc3ccccc3c2)N(Cc2cccs2)C(=O)C2CC2)CC1,-6.9,3.081144583119409,13_730
COc1cc(CC2C(=O)OC[C@@H]2Cc2ccccc2)ccc1O,-6.8,3.721456313589279,13_731
O=C(Nc1ccc(Cc2n[nH]c(=O)c3c2CCC3)cc1F)c1ccc(C(F)(F)F)cc1,-8.0,3.6537800725240492,13_732
Cc1cccc2c1C(=O)N(c1ccc(NC(=O)Cc3cccs3)cc1Cl)C2=O,-7.0,3.7240693126370075,13_733
Cn1cc(-c2ccc3[nH]ncc3c2)c(-c2ccncc2)n1,-6.6,3.6640132481497556,13_734
COc1ccccc1NC(=O)c1c(-c2ccccc2)nn(-c2ccccc2)c1C,-7.9,3.6758250885846144,13_735
Cc1cccc(C2CCN(C(=O)Cc3ccccc3)CC2)n1,-6.4,3.5657442975984512,13_736
Cc1cc(Nc2ncc(Cl)c(CCc3ccccc3C3(C(N)=O)CC3)n2)ccc1Cl,-7.2,3.7005012721104125,13_737
Cc1cccc(-n2cc(-c3cccc(NC(=O)c4ccc(Br)o4)c3)nn2)c1,-8.0,3.7025687105931815,13_738
O=c1nc2oc(-c3ccc(Cl)cc3)cc2cn1[C@H]1C[C@H](O)[C@@H](CO)O1,-6.6,3.665549341314296,13_739
Fc1ccc(-c2cnc(-c3ncco3)cc2-c2ccco2)cc1,-6.3,3.6489224898148658,13_740
CSc1ccccc1OCc1cc(C(=O)Nc2ccccc2C(N)=O)no1,-6.6,3.631937532564173,13_741
Cc1cccc(OCCCCl)c1Nc1nc2ccc(N3CCN(C)CC3)nc2n2cncc12,-6.8,3.5138684062278083,13_742
CCOCc1cc(C(=O)c2cc(OC)ccc2OC)c2ccccc2c1,-6.3,3.6127097572952254,13_743
O=C(O)CCC(=C(c1ccccc1)c1ccccc1)c1ccccc1,-6.0,3.427380264343354,13_744
O=C(Nc1ccc2c(c1)C(=O)NC2=O)c1ccc(N2CCN(C(=O)c3cccc4ccccc34)CC2)cc1,-7.1,3.4504965929305222,13_745
O=C(NCc1cn(-c2ccc(OC(F)(F)F)cc2)nn1)c1ccc(OC(F)(F)F)cc1,-6.4,3.6357358706361413,13_746
C[C@H](CCNCc1ccccc1)Nc1ccnc2cc(Cl)ccc12,-6.3,3.5972056840272426,13_747
Cc1cc(C)c(S(=O)(=O)N2CCN(C(=O)c3ccc(-n4cncn4)c([N+](=O)[O-])c3)CC2)c(C)c1,-7.8,3.4241494343633416,13_748
CC=c1ccn(C)c1=CC=NN=Cc1cccc(C(=O)Nc2ccc(N3CCOCC3)nc2)c1,-7.2,3.602002697679421,13_749
COc1ccc(F)cc1N=CNc1ccc(C=O)c(-c2ccccc2C(=O)N2CCCC2)n1,-7.1,3.5661382428009785,13_750
O=C(c1ccccn1)n1ccc2ccccc21,-6.2,3.50718543057899,13_751
c1ccc(-c2cc(-c3cccnc3)nc3ccc4ccccc4c23)cc1,-7.8,3.2566507541362615,13_752
CC(C)n1ncnc1-c1nc2c(s1)CCOc1cc(C3CCN(Cc4nccn4C)CC3)ccc1-2,-7.8,2.4378328422124014,13_753
CC=CC1=C(c2ccccc2)C(C(=O)Nc2cccc(CNC(=O)c3sc4ccccc4c3OCc3ccccc3)c2)=C1,-7.3,3.1536714538794595,13_754
Clc1ccc(CN2CCc3ccccc3C2)cc1,-5.8,3.2958584687250783,13_755
O=C(NCc1ccccn1)C1CCCN1S(=O)(=O)Cc1c(F)cccc1F,-6.9,3.7576131459260402,13_756
CCCCC(OC(Cc1ccccc1)C(=O)N1CCC(OCOC)CC1)C(=O)N[C@@H](CC1CCCCC1)[C@@H](O)CC(C(=O)NCCCc1ccccc1)C(C)C,-5.8,2.763490787082095,13_757
Brc1ccc(N2CCC(c3ccccn3)CC2)cc1-c1cccnc1,-6.3,3.6200004250916713,13_758
O=C(c1ccc(NS(=O)(=O)c2ccccc2)cc1)N1CCCCCC1,-7.1,2.831230542756966,13_759
C1=CCC(c2nnc(-c3cn(Cc4cn(-c5ccccc5)nc4-c4ccccc4)nn3)o2)C=C1,-8.2,3.4605530961017053,13_760
Cc1cccc(C(=O)Nc2cccc(Nc3ccccc3)c2)c1,-7.4,3.588498089736415,13_761
O=c1c(-c2ccccc2)c(-c2ccc(F)cc2)[nH]c2ccccc12,-6.8,3.4442461738514085,13_762
O=c1[nH]c(Cc2ccccc2-c2ccc[nH]2)cc2nc(-c3ccccc3)nn12,-7.6,3.5840674764428684,13_763
O=C1NCCN(Cc2ccc(Cl)cc2CCc2cncc(Br)c2)CCc2c(F)cccc2N1,-7.2,1.5069666694838615,13_764
N=C(/C=C/c1cccnc1)Nc1ccccn1,-5.6,3.529455075498416,13_765
CN(C)C(=O)CCNC(=O)c1nc(-c2cccc(NC(=O)c3cccs3)c2)no1,-6.5,3.6102068860740033,13_766
C1=Cn2c(-c3cccc(CN4CCCCC4)c3)cnc2C=NC1c1ccccc1,-7.2,2.5779961715026856,13_767
CCN(C(=O)Cc1ccc(S(C)(=O)=O)cc1)C1CCN(CCC(c2ccccc2)N2CCN(C(C)=O)CC2)CC1,-7.0,3.4002435007836267,13_768
CC=C(F)C=CC(=O)CSc1nnc(-c2cccc(NC(=O)C3CC3)c2)o1,-6.6,3.546594971927873,13_769
c1ccc(-c2nc(N3CCNCC3)c3ccccc3n2)nc1,-7.1,3.707472385036099,13_770
O=C(NC[C@@H]1CCN(C(=O)Nc2ccc(Cl)s2)C1)c1cc(F)ccc1N1CCC(O)CC1,-6.9,3.557541741032172,13_771
Clc1cccc(N2CCN(Cc3coc(-c4cccs4)n3)CC2)c1,-6.3,3.7106691664962743,13_772
CC(C)(C)OC(=O)NC1c2cccc3cccc(c23)C1n1ccc2ccccc21,-7.5,3.553941447019415,13_773
O=C(N[C@@H]1CC[C@@]2(O)[C@H]3Cc4ccc(O)c5c4[C@@]2(CCN3CC2CC2)[C@H]1O5)c1ccc(F)cc1,-7.6,3.3307899200227795,13_774
C=CC(=O)Nc1ccccc1C(=O)Nc1[nH]nc2cc(-c3ccc4c(c3)OCO4)ccc12,-8.0,3.5292290992351485,13_775
O=C(Nc1ccccc1)C(Cc1ccccc1F)=NC(=S)Nc1ccccc1,-7.3,3.5554180586126147,13_776
COC1=CC2(C=NN=C(c3nn(-c4ccccc4Cl)c(-c4ccccc4)c3C)N2C)COC=C1,-7.9,2.5845063556641263,13_777
C=CC=CC=C1C(=O)c2ccccc2N(C)C1(C)C,-5.9,3.2658580953756,13_778
Cn1ccc2c(/C=C/c3cccc(C#N)c3)cccc21,-6.4,3.403600265160532,13_779
O=c1nc(N(c2ccccc2)c2ccccc2)cc(N2CCOCC2)[nH]1,-7.8,3.794134683556001,13_780
COc1ccc(CCNC(=O)c2ccc(Nc3ccnc4cc(C(F)(F)F)ccc34)cc2)cc1OC,-7.4,3.5565039746965903,13_781
NC(=O)C1C=CC1c1cccc(-c2ccc3c(c2)CCS3(=O)=O)c1,-7.3,3.6111221555147552,13_782
Cn1cccc1C(=O)NC[C@H]1CCN(CC(c2ccccc2)c2ccccc2)C(=O)C(CCc2cccc[n+]2C)N1,-7.8,2.4482366512163756,13_783
Cc1cc(-c2nnc(-c3ccccc3NC(=O)c3cc(O)cc(O)c3)o2)c(C)o1,-8.3,3.530944574260322,13_784
O=C/C=C/c1cccc(OCc2ccc(F)cc2)c1,-6.1,3.441292160368618,13_785
CC1=CC(C)(C)Nc2ccc3c(c21)/C(=C/c1cccc(Cl)c1Cl)Oc1ccccc1-3,-7.9,3.310773500524123,13_786
O=C(Nc1ccc(F)cc1F)C1CCCN1C(=O)c1cscn1,-6.7,3.7420568149633273,13_787
Nc1ccccc1NC(=O)c1ccc(CNC(=O)C2Cc3ccccc3C(CC(=O)O)N2Cc2ccc(Br)cc2)cc1,-7.0,3.162703799479076,13_788
CC(CN=C=S)c1ccccc1,-4.6,3.220552579355995,13_789
CCC1=CC(=NC(=O)CSc2nc3ccccc3c3nc(CCC(=O)NCc4ccccc4OC)c(O)n23)C=C1,-6.0,3.283103624718058,13_790
N[C@@H]1C=C(c2cccc(Cl)c2)C(=CC=Cc2cccc(CN3CC[C@H](F)C3)c2)CNC(=O)C2CC=NN2C(=O)C1,-7.3,1.0624254436051999,13_791
NC(=O)C(COCC1=CC=COC1)NC(=O)CNC(=O)CNC(=O)c1cccc(OCC(=O)O)c1,-5.7,2.8468919192739692,13_792
CC1=C=C(N2CCC3(CCN(C[C@H](O)c4ccc5c(c4C)COC5=O)CC3)C2=O)COC1=O,-8.1,3.233526646925532,13_793
O=C(O)CCC(=O)c1ccc(OCc2cn(CCNc3ccnc4cc(Cl)ccc34)nn2)cc1,-6.1,3.391424154465529,13_794
CC1C(c2c(Nc3cccnc3)ccc3ccccc23)CC(=O)CC1(C)C,-7.5,3.6042425950429897,13_795
Cn1c2ccccc2c2cc(C(N=C3CCCN3)c3ccccc3)ccc21,-7.5,3.506013736174689,13_796
CN(CCCOc1ccccc1)c1nc(-c2ccc(Cl)cc2)nc2ccccc12,-7.1,3.5314436067089288,13_797
CC1CCc2c(c3ccccc3n2Cc2cccc(/C=C/c3ccc4ccc(Cl)cc4n3)c2)C1,-7.8,3.1759291922378114,13_798
O=c1cc(N2CCOCC2)oc2c1ccc1ccccc12,-6.8,3.5706141194786216,13_799
COc1ccc(-c2nccc3[nH]c(-c4cccc(OC)c4F)nc23)cc1,-8.0,3.728883601026989,13_800
Cn1c(=O)c2ccc(NC(=O)Nc3cccc(C#N)c3)cc2c2ccccc21,-7.1,3.5909349576441807,13_801
CSc1ccc(-c2ccc(-c3noc(-c4ccc(Oc5ccccc5)cc4)n3)cc2)cc1,-7.5,3.269045782480686,13_802
O=C(Cc1ccc2c(c1)CCCC2)NCCn1ccc(C(F)(F)F)n1,-6.6,3.750694762689485,13_803
O=C(Cc1n[nH]c(=O)c2ccccc12)Nc1cc([N+](=O)[O-])ccc1Cl,-7.1,3.5693773760531338,13_804
O=C1CCC(c2cccc(C(=O)N3CCCCC3)c2)=NN1,-7.3,3.5314766109119535,13_805
O=C(c1ccccc1)c1ccc(-c2cn(-c3ccc(C(F)(F)F)cc3)nn2)cc1,-7.6,3.610008820370088,13_806
O=C(Nc1ccc(Cl)c(S(=O)(=O)C2CCCCC2)c1O)Nc1cccc(F)c1Cl,-7.3,3.5405257584227567,13_807
Cc1cc(Cl)cc2c1NC(c1c[nH]nc1-c1ccccc1)NC2=O,-7.3,3.642150000563362,13_808
O=C(c1cc(C2CC2)on1)N1CC[C@@]2(CCCN(CC3CC3)C2)C1,-6.3,3.279991427428598,13_809
CCC1c2cc(C(=O)NCCCc3c[nH]c4ccc(Cl)cc34)ccc2NC(=O)C(c2ccccc2O)=NN1c1ccc(F)cc1,-8.5,1.1942516216052352,13_810
O=C1OC(c2ccccc2)=N/C1=C\c1coc2ccccc2c1=O,-8.0,3.605626837193423,13_811
O=C(c1ccc(-c2cccc(Nc3nc4ccccc4[nH]3)c2)cc1)N1CCN(c2ccccc2)CC1,-7.9,3.4563792315418906,13_812
COc1cc(/C=N/NC(=O)c2cc3n(n2)CCCC3)cc(Br)c1OCc1ccc([N+](=O)[O-])cc1,-6.0,3.3944288907386477,13_813
[NH]c1c(Cl)cccc1-n1c(C=CN=C(CC=O)N2CCOCC2)nc2ccccc2c1=O,-8.1,3.516891391165927,13_814
Cc1cccc(C)c1NC(=O)c1cccc(NC(=O)c2ccc(F)cc2)c1,-7.2,3.6400107578156478,13_815
O=S1(=O)Nc2ccccc2N1C1CCN(Cc2cccc(Br)c2)CC1,-6.9,3.667629515223767,13_816
O=C(NCc1ccccn1)C(c1ccccc1F)N(C(=O)c1ccco1)c1cccc(C(F)(F)F)c1,-7.6,3.571066047777177,13_817
O=C(Nc1ccc(-c2nnc3ccc(F)cn23)cc1)Nc1cccc(C(F)(F)F)c1,-7.7,3.597197771790201,13_818
O=C(N[C@@H](Cc1ccccc1)c1nc(C2CCC2)no1)c1ccccc1Br,-7.0,3.760233389685433,13_819
CC(Cc1ccc(C#Cc2cnc(OC3CCC3)nc2)cc1)NC(=O)C1CC1,-6.5,3.6096113235174307,13_820
C[C@@H](COc1nc([N+](=O)[O-])c[nH]1)OCc1cccc(-c2cccc(CN3CCc4cc(F)c(C(F)(F)F)cc43)c2)c1,-7.7,3.2320907604003084,13_821
O=C(Cc1nc(=O)cc(N2CCOCC2)[nH]1)Nc1cccc(C(F)(F)F)c1,-7.0,3.689400162336821,13_822
Cc1cc(C)n2nc(C(=O)Nc3ccc4c(c3)CCC4)nc2n1,-7.2,3.730848141527256,13_823
CCOc1c(Cl)cc(-c2ccc3cc(CCN4CCC[C@H]4C)ccc3n2)cc1Br,-7.1,3.551863169335633,13_824
Cc1ccc(Sc2[nH]c3ccccc3c2C(=O)N2CCCCC2)cc1,-7.2,3.6445645398170377,13_825
O=C(NN1C(=O)c2ccccc2C1=O)c1ccccc1O,-7.4,3.6152140049047947,13_826
C[C@@H](OC=C1C=Cc2ncnc(Nc3ccc4c(c3)CCN(CCN3CCCC3)C4)c21)c1ccccc1,-8.3,3.341300375580119,13_827
O=C(COC(=O)c1cccc2cccnc12)Nc1ccc(N2CCCCC2)cc1,-7.3,3.7344852404810105,13_828
O=C(O)CC=Nc1ccc(-c2ccc([C@H]3C[C@@H](O)C3)cc2)c(Cl)c1,-6.1,3.6773730256336976,13_829
CC1=C(N2C(=O)N(c3cccc(C(F)F)c3)c3ccccc3S2(=O)=O)C(C)CC=C1,-7.2,3.587092488556401,13_830
CC(C(=O)O)c1ccc(-c2ccc(C(=O)NC3(c4ccccc4)CCCCC3)cc2)cc1,-6.9,3.565144304617615,13_831
O=C(Nc1cccc(C(F)(F)F)c1)Nc1cc(Cl)ccc1OCc1ccccc1,-7.9,3.5950682596099766,13_832
CCC(=O)O[C@H]1CC[C@@](C)(O)C[C@H]2[C](C1OC(C)=O)[C@@H](OC(C)=O)C[C@H]1[C]CC=C[C]1[C@@H]2OC(C)=O,-5.9,1.2218681692050923,13_833
CNC(C)C(=O)NC(C(=O)N1CCCC1C(=O)NC1OC(F)(F)Oc2ccc(Cl)cc21)c1ccccc1,-7.6,3.4450141951081026,13_834
CC1=CC(CN=CC(c2ccccc2)c2nc(-c3ccccc3)no2)=CC1=CC1C=C(C=NC(N)=O)C1,-7.7,3.471513359283625,13_835
CCCCn1cc(CN2CCCCC2)c2cc(-c3ccc4c(c3)OCO4)ccc21,-7.2,3.507810525582692,13_836
CC1=CC2=CN=C(c3c([NH])c(F)c(-c4ccc5c(c4)CCN(CCF)C5)c(F)c3F)C(=C1)OC2=O,-7.5,2.330346800498547,13_837
CN1C=Cc2nnc(-c3ccc(-c4ccccc4)o3)nc2C=CC1,-7.2,1.8482111717594556,13_838
O=C(NCc1ccccc1)C(c1ccccc1)n1c(=O)[nH]c2ccccc2c1=O,-7.9,3.669265959345156,13_839
CN(CCNC(=O)c1cc2ccccc2n1Cc1ccc(Cl)cc1Cl)Cc1ccccc1,-7.1,3.567062424430918,13_840
O=[N+]([O-])c1cccc(-c2nc(CNCCn3cccn3)cs2)c1,-6.2,3.5170929503036303,13_841
Cc1ccc(Nc2cc(-c3cccc(C(F)(F)F)c3)c3cc([N+](=O)[O-])ccc3n2)cc1,-8.1,3.530670627814897,13_842
Cc1cc2c(cc1C(=Cc1ccccc1N)[N+](=O)[O-])-c1ccccc1CC2,-7.0,3.397893302281429,13_843
NC1CCC(=NC2=NC(=O)C(=Cc3ccccc3)C2)NC1,-6.4,3.4207535831389047,13_844
O=C1C(=Cc2nc(-c3ccc(F)cc3)no2)C(=O)N(c2ccccc2)C(=S)N1c1ccccc1,-7.8,3.453391471022529,13_845
O=C(NCc1ccc2c(c1)OCO2)c1cccc(-c2ccc3ccccc3c2)c1,-8.1,3.605093503196,13_846
COc1cccc(C(=O)OCC(=O)c2c(N)n(C)c(=O)n(C)c2=O)c1OC,-6.5,3.3308627469389016,13_847
ON=C(O)N1CCC(c2nc(-c3ccc4ccc(-c5ccccc5)nc4c3F)c3ccccc3n2)CC1,-8.6,3.168799617850732,13_848
CCOC(=O)Cn1sc2ccccc2c1=O,-4.6,3.558377113913115,13_849
O=C(NCc1cc(C(F)(F)F)cc(C(F)(F)F)c1)c1cccc(CCc2ccccc2)c1,-7.0,3.471724330707537,13_850
O=C(/C=C/c1ccco1)Nc1ccc(F)cc1,-5.9,3.577845904753378,13_851
C=CC(=O)C(C[C](C)c1ccc(OC)c(OC)c1)OC(c1ccccc1)(c1ccccc1)c1ccccc1,-6.4,3.1834770778386923,13_852
O=C(Nc1ccc(S(=O)(=O)C(F)(F)F)cc1)C1CCN(S(=O)(=O)c2cccc(-c3ccc(F)c(Cl)c3)c2)CC1,-7.6,3.50982715989848,13_853
COc1cccc(/C=C\Cc2c3cccc(O)c3c(O)c3c(O)cc(C)cc23)c1,-7.3,3.489749977376034,13_854
Clc1ccc2c(ccc3nc4ccccc4n32)c1,-6.5,3.332714450149434,13_855
O=CCCCCN1C=CC=CC(C(=O)Nc2ccc(S(=O)(=O)Nc3nccs3)cc2)=CN=c2ccccc2=C1,-6.1,0.987788710383894,13_856
Cc1ccc(-c2nc3cc(-c4nc5ncccc5o4)ccc3[nH]2)cc1S(N)(=O)=O,-7.7,3.4964591252395296,13_857
O=C(c1cc[nH]n1)N1CCC[C@H](Oc2ccc3c(c2)CCC3)C1,-7.4,3.6529393856129087,13_858
COC1=CC=C(c2cnc3c(NCc4ccco4)cc(-c4cccc(C(N)=O)c4)cc3c2C)C1,-7.8,3.5614000561475114,13_859
O=C(O)c1ccc(CN2C(=O)/C(=C/c3ccc4c(c3)OCO4)c3ccccc32)cc1,-7.3,3.62338248547458,13_860
O=C(Nc1ccccc1)[n+]1c(-c2ccccc2)c2cc(Br)ccc2c2ccccc21,-7.6,3.180024913900955,13_861
Cc1cc(C)nc(N2C[C@@H]3CCN(C(=O)c4ccccc4-n4nccn4)C[C@@H]32)n1,-7.1,3.5836358433432753,13_862
N[C@@H](Cc1ccccc1)[C@@H](O)C(NC(=O)c1ccc2ccccc2c1)C(=O)N1Cc2ccccc2C1,-7.8,3.5104565717595246,13_863
Cn1cc(CNC(=O)c2cccc(-c3ccoc3)c2)cn1,-6.1,3.7643825696052824,13_864
CNS(=O)(=O)c1cc(C(=O)NOCc2ccc(Cl)c(Cl)c2)ccc1C,-6.6,3.6630504876655965,13_865
ClC=CC1=CC=COCC=CO1,-4.6,1.040513155153321,13_866
Cn1c(=O)c(-c2c(Cl)ccc(Cl)c2Cl)cc2cnc(Nc3ccccn3)nc21,-7.6,3.6264139875718238,13_867
O=C1COC(O[C@H]2[CH][C@@H](O)[C@H](O)[C@@H](CO[C@@H]3OC[C@H](O)[C@H](O)[C@H]3O)O2)Cc2occ(-c3ccc(O)cc3)c(=O)c21,-8.0,1.7171184394309504,13_868
COC1=CC=C(Cn2nnnc2C(c2ccc(-n3ccnc3)cc2)N2CCN(C)CC2C)C1OC,-6.5,3.4005548971774586,13_869
COc1cccc(Cl)c1-c1cc(Nc2ccc(S(=O)(=O)N3CCCC3)cc2NC(=O)CC#N)ncc1Cl,-7.1,3.497901045796639,13_870
Cn1ncc(NC(=O)c2nc(-c3ccncc3)sc2N)c1N1CCC(N)CC(F)(F)C1,-6.7,2.46108890339023,13_871
O=C(NCC1CCCN(CC2COc3ccccc3O2)CC1)c1ccccc1-c1ccccc1,-7.3,2.6172021112378614,13_872
COc1ccc(-n2nc(CN(CCC3CC3)C[C@H]3CCCOC3)cc2-c2ccc(Cl)c(Cl)c2)cc1,-6.7,3.4011244787377386,13_873
Cc1ccc(S(=O)(=O)n2c(Cc3ccc(F)cc3)nnc2-c2ccc3c(c2)OCCO3)cc1,-6.9,3.6202203480172854,13_874
CCc1c(C#N)c(-c2ccc(-c3ccccc3)cc2)c(C(=O)O)n1C,-6.4,3.751858893527585,13_875
O=CC=C(OC=C1CC(=O)C=C1OCC12CC3CC(CC(C3)C1)C2)c1ccc(O)c(O)c1,-7.0,2.9852240184602206,13_876
C[CH]n1c(O)c2n(c(O)c[nH]c(O)c(Cc3ccccc3)[nH]c(O)c[nH]c(O)c(Cc3ccc4ccccc4c3)[nH]c1=O)CCC2,-7.8,1.58197631804574,13_877
O=C(Nc1ccc(OC(F)(F)F)c(F)c1)c1ccc2c(c1)C(=O)N(Cc1cccnc1)C2=O,-7.6,3.630907533101283,13_878
O=C(Nc1cc(-c2ccccc2)ccc1O)c1ccc(CN2CCc3ccccc3C2)cc1,-7.3,3.492175403627635,13_879
COc1cc(OC)cc(-c2nnc(NC3(C(=O)O)CCCC3)s2)c1,-6.4,3.684403608729078,13_880
O=C(/C=C/c1ccc(Br)cc1)c1ccc(Nc2nc(N3CCOCC3)nc(N3CCOCC3)n2)cc1,-8.5,3.3749546709646054,13_881
Cc1ccc(C)c(N2C(=O)c3ccccc3C2(O)c2ccccc2F)c1,-6.9,3.6247246440036696,13_882
Cc1noc(-c2ccccc2)c1NC(=O)CN1CCN(C(=O)c2ccc(-c3ccccc3S(C)(=O)=O)o2)CC1,-7.0,3.4789657358768062,13_883
N#Cc1ccc(-c2ccc(O[C@H]3O[C@H](CO)[C@@H](O)[C@H](O)[C@@H]3O)cc2)cc1,-6.6,3.459035335567895,13_884
O=C(CCCNC(=O)c1ccccc1)NCc1ccccc1,-5.9,3.590542861689889,13_885
O=C(NCc1ccco1)c1cnn2ccc(NC3CCCCC3)nc12,-7.6,3.732631379559428,13_886
COc1ccc(-c2cccc3c(N4CCOCC4)c(C(=O)N[C@H]4CCCc5ccccc54)cnc23)cc1OC,-6.6,3.481920329289683,13_887
C[C@@]1(O)[C@H](O)[C@@H](CO)O[C@H]1n1cnc2c(Nc3cccc(F)c3)nc(Cl)nc21,-7.9,3.303039643270961,13_888
CC(=O)NCc1ccc(C(=O)Nc2cc(-c3cccs3)ccc2N)cc1,-6.5,3.6273070352142653,13_889
COC(=O)NC[C@@H]1CC(=O)N(c2cc(F)c(Nc3csc4ncccc34)cc2OC)C1,-6.6,3.669734579483098,13_890
CC(CNS(=O)(=O)c1ccc2c(c1)OCO2)c1nc2ccccc2n1CCCSc1ccc(Cl)s1,-7.0,3.3441308046754683,13_891
O=C(Nc1ccc(Oc2ccncc2)c(Cl)c1)c1cc(Cl)ccc1O,-6.9,3.7555142522383256,13_892
O=c1oc2cccnc2n1CN1CCOCC1,-5.5,3.4892793302551732,13_893
Cn1cc(CN2C[C@@H]3COC[C@]3(C(=O)NCc3ccccc3)C2)cn1,-6.3,3.6766340903591215,13_894
O=C(C=CC1C(=O)CC(c2ccccc2Oc2ccc3c(c2)OCO3)=NN1CNc1nc(-c2ccc(F)c(F)c2)cs1)NCc1ccccc1,-8.4,2.845099603621774,13_895
CCOc1ccc(Nc2nc(-c3ccccc3Oc3ccccc3)cs2)cc1,-7.1,3.5827454880985536,13_896
CC(C)=CCC/C(C)=C/CC/C(C)=C/CSCC(NC(=O)CCCCCN1CCCC1)C(=O)NCc1ccccc1,-5.3,3.0241459949968093,13_897
O=C(c1nc2cc(C(F)(F)F)ccc2n1C1COC1)N1CCc2ccccc21,-7.7,3.6174364119326583,13_898
O=C(/C=C/c1cccc2cc(O)n(Cc3ccc4ccccc4c3)c12)NS(=O)(=O)c1cc(F)c(F)cc1F,-8.9,3.2657672125164128,13_899
O=c1c(-c2cccc(Oc3ccccc3)c2)coc2ccccc12,-7.7,3.559721783328092,13_900
C=C[C@H]1CN(C)C[CH]C2CN=C(Nc3cccc(F)c3)N2[CH][C@@H](CO)C1C(=O)NCc1ccc([N+](=O)[O-])cc1,-7.8,1.034537468282863,13_901
N#Cc1cccc(-c2ccc(CO[C@@H]3COc4nc([N+](=O)[O-])cn4C3)cc2)c1,-7.2,3.582056721915727,13_902
O=C(Nc1ccc(OC(F)(F)F)cc1)c1cccc(-c2cccc(-c3ccc4c(c3)OCO4)n2)c1,-7.7,3.599527429802094,13_903
COc1ccccc1NC(=O)c1cc(-c2ccc(N=C(N)N)cc2)on1,-6.7,3.5098998147351117,13_904
CN1CC=CC=CCc2c(NS(=O)(=O)c3cccc(Cl)c3)cccc2OC1=O,-6.6,1.4125749998939874,13_905
ClC=CC=CCNc1noc2ccccc12,-5.2,3.616106465219775,13_906
CN(C)Cc1ccccc1-c1cc(-c2ccc3c(c2)CCO3)nc(-c2ccccn2)n1,-8.1,3.595685935039986,13_907
O=C(NCCC1=CCCCC1)c1cc(-c2cccc3ccccc23)nc2ccccc12,-8.9,3.41673749344495,13_908
C=C(C=CC=CC(=C)c1ccc(OCC2CC2)cc1)C=CC=Cc1cc2c3c([nH]c2cc1C)C=CC=C(OC)C3,-6.3,2.0459019249823442,13_909
CCC(=O)Nc1cc(-c2ccccc2)nn1-c1ccc(C)cc1,-6.7,3.7146484532229036,13_910
CCn1cc(CN2CCC(COC(=O)Nc3cccc(C(C)=O)c3)CC2)c(C)n1,-6.3,3.711653038003383,13_911
O=c1c2ccccc2nc(Nc2cccc3ccccc23)n1-c1ccccc1C(F)(F)F,-8.6,3.516233659545498,13_912
Cc1c[nH]nc1C=CC(=O)N[C@H](CC=Nc1ccc(F)c(F)c1)c1ccccc1F,-7.0,3.597426032902038,13_913
O=C(Nc1c2c(nn1-c1ccc(Cl)cc1)CS(=O)(=O)C2)C1CCCCC1,-7.2,3.683660277821202,13_914
O=C1N=C(c2ccccc2)c2cc(Cl)ccc2NC1O,-6.2,2.659975524637484,13_915
O=C(Nc1ccncc1C(=O)Nc1ccc(F)cc1F)NC1c2ccccc2-c2ccccc21,-8.3,3.4446130603162004,13_916
Cn1cncc1C(O)(c1ccc(Cl)cc1)c1ccc2nc(C#N)c(-c3ccc(-c4ccccc4)cc3)cc2c1,-6.9,3.404377672875781,13_917
O=C(Nc1cccc(-c2ccccc2CO)c1)c1cc2cc(Cl)ccc2[nH]1,-7.0,3.503871523831326,13_918
COc1ccc(CCNC(=O)c2ccc3nccnc3c2)cc1OC,-6.8,3.8097952974991207,13_919
O=C(Cc1ccccc1Oc1ccccc1)Nc1ccc(N2CCCCC2)cc1,-7.4,3.6434418613186024,13_920
O=C/C(=C/c1cccc2ccccc12)C[C@@]1(O)[C@H]2Cc3ccc(O)cc3[C@]1(CO)CCN2CC1CC1,-6.5,3.234231829262983,13_921
COc1ccc(NC(=O)c2oc3ccccc3c2NC(=O)c2ccc(C)cc2C)cc1,-8.1,3.6315244167479874,13_922
COc1ccc2nccc([C@@H](O)[C@H]3C[C@H]4CCN3C[C@@H]4/C=C/c3ccccc3)c2c1,-7.7,3.504826983448422,13_923
C=CCNC(=O)C(=O)C(CCC)NC(=O)C1C2[C@H](CN1C(=O)C(NC(=O)NC(Cc1ccccc1)C(N)=O)C1CCCCC1)C2(C)C,-7.4,2.559440652331737,13_924
CCOCCCC(=O)NCCc1cc2ccc(C)c(C)c2[nH]c1=O,-6.3,3.63158930883709,13_925
Cc1ccc(C)c(NC(=O)Nc2nc(C(N)CCc3ccccc3)cs2)c1,-6.5,3.6590834183544594,13_926
CCCCCCCCC(CCO)n1cnc2c(Cl)nc(F)nc21,-5.0,3.470285756620987,13_927
Cc1cc(CCC(=O)c2sc(C)c3c2C[C@@H]2[C@H]3C2(C)C)cc(C)c1CCC(=O)O,-6.6,3.4985633953804065,13_928
CC1=C2C(=CNC2c2nc(-c3cc4cccc(F)c4nc3N3CC[C@H](F)C3)no2)C=CC12CCNCC2,-8.9,3.3330022757012516,13_929
O=C(Nc1ccc2c(c1)CCC2)N1CCC(Cn2cc(CO)nn2)CC1,-6.8,3.654359663122544,13_930
CC(C)(C)OC(=O)N[C@@H]1CCN(C(=O)O[C@H]2CCC[C@@H](OC(=O)N3CCN(C(=O)CCCCCCN=C(N)N)CC3)CCC2)C1,-6.4,0.6346704619892485,13_931
O=C(c1ccccc1)N1CCN(S(=O)(=O)c2ccc(F)cc2)CC1,-7.1,3.6920621203796067,13_932
Cc1cc(C(=O)/C=C/c2ccccc2C(F)(F)F)c(C)n1-c1ccc(F)cc1,-7.2,3.3783760269609076,13_933
O=C(Cn1ccnc1)Nc1ccc(-c2cc(C(=O)O)cc(-n3cc(-c4ccc(OC(F)(F)F)cc4)nn3)c2)cc1,-7.7,3.288470151663785,13_934
O=C(Nc1ccc(Oc2cc(NC(=O)C3CC3)ncn2)cc1)Nc1ccc(F)c(C(F)(F)F)c1,-7.2,3.481933411062963,13_935
Cc1cccc(NC(=O)CN2C(=O)C(C)(C)c3ccccc32)c1,-6.9,3.6809952576569076,13_936
N=C(N)Nc1ccc(-c2ccccc2S(N)(=O)=O)cc1,-6.5,3.3320000572347945,13_937
C=CC(Cl)=CC=Cc1nnc(C(=O)N2CCN(CC(F)F)CC2)cc1C=C(C=COC)OC,-5.7,3.4447686473184063,13_938
Cc1cccc2[nH]c(-c3cccc(-c4ccc(CN(C)C)cc4)c3)cc12,-7.2,3.3795299951444453,13_939
COC=C1C=CNCC(=O)N(Cc2ccc(C(=O)Nc3cc(Br)ccc3OC)cc2)C(=O)C=C1,-6.4,1.4267266680989192,13_940
Cc1cc(C)c2oc(-c3ccc(C(=O)NNC(=S)N=C4C=CCCC4C)c(C)c3)nc2c1,-7.8,3.570451767201224,13_941
COC(=O)c1cccc2c1N[C@@H](c1ccc(OC)cc1)N(C)C2=O,-6.5,3.7474625160206445,13_942
C=C1CCC2[C@](C)(CO)[C@H](O)CC[C@@]2(C)[C@@H]1CCOc1ccc2ccc(=O)oc2c1,-6.3,3.4912852218592114,13_943
O=C(NCc1cccc(-c2cccc(CN3CCNCC3)c2)c1)c1ccc(C(F)(F)F)cc1,-8.1,3.662537264451968,13_944
O=C(CCC#Cc1ccccc1)Nc1c(C(=O)Nc2ccccc2F)oc2ccccc12,-7.7,3.5475543757821333,13_945
Oc1ccc2sc(-c3cc4ccccc4nc3N3CCOCC3)nc2c1,-8.3,3.6861066553305557,13_946
O=C1c2ccccc2C(c2ccc(Cl)cc2)N1Cc1ccco1,-6.0,3.5822461938273866,13_947
CN1c2ccccc2C(=O)N2CCc3c(n(C(=O)c4ccccc4)c4ccccc34)C21,-8.7,3.4638434609349122,13_948
FC(F)(F)c1cnc(-n2cc(-c3cccnc3NCc3ccco3)nn2)cc1C(F)(F)F,-7.0,3.540087158030528,13_949
O=C(CC[C@H](O)c1ccc(Cl)c(Cl)c1)N1CCC(Cn2cc(-c3ccsc3)nn2)CC1,-7.5,3.6998664066885176,13_950
O=[N+]([O-])c1ccc(/C=C/CSSC/C=C/c2ccc(C(F)(F)F)cc2)cc1,-5.6,3.317736460298524,13_951
O=c1c2ccccc2ncn1CCCCN1CCN(c2ccc(Cl)cc2)CC1,-7.1,3.656985720387878,13_952
O=C(c1cccc(-c2nccnc2C2CN(c3ccc4ccccc4n3)C2)c1)N1CCOCC1,-8.6,3.556030166756024,13_953
Cc1ccc(N(C(=O)c2csnn2)C(C(=O)NC2CCCC2)c2ccccc2)cc1,-7.1,3.773091157810067,13_954
COc1ccc(C(=O)N[C@@H](CC(=O)O)c2ccccc2Cl)nc1-c1ccc(C(F)(F)F)cc1,-6.4,3.671227840560166,13_955
CC1(c2ncc(C(=O)N[C@H](CO)c3ccccc3)cc2OC=N)C=CC=CC2=CC=C(C2)c2nn(C(F)F)cc2C1,-8.6,0.9009692054427987,13_956
Oc1ccc2c(c1)cc1n2CCCC12CCNCC2,-6.7,3.404093497272318,13_957
CC(C)c1c(Cl)cc2c(c1Cl)CC[C@H]1[C@](C)(C(=O)Nc3nccs3)CCC[C@]21C,-6.4,3.514778730590228,13_958
O=C1C2CCN(Cc3ccoc3)C[C@@H]2OCCN1c1ccccc1,-6.9,2.6437884260103246,13_959
COc1ccc(CC(=O)Nc2ccc(-c3cccc(-c4nc5c(C)cccc5[nH]4)c3)cc2)cc1,-7.1,3.4302236751744086,13_960
Cc1ccnc(Oc2ccc(C(=O)O)cc2)c1C,-6.0,3.6895721369606482,13_961
O=S(=O)(Nc1ccccc1)c1cc(Cl)c(Oc2ccccc2-c2ccccc2)c(Cl)c1,-6.7,3.5791943501007037,13_962
CCn1ncnc1C(C)NC(=O)C1CCc2cnccc21,-6.0,3.724348497044092,13_963
CN(c1nc(-c2cccc(C(F)(F)F)n2)nc(N2CCOCC2)n1)C1CCNCC1,-8.7,3.544657145446977,13_964
O=C(NCCNCc1cc2ccccc2c2ccccc12)Nc1ccc(Cl)c(C(F)(F)F)c1,-7.2,3.351268382300883,13_965
CN(CCc1cc(=O)c2cc(F)cc(F)c2[nH]1)Cc1cccnc1Oc1ccccc1,-8.1,3.684650713495145,13_966
COc1ccc(N2CCC(O)CC2)c(C(N)=O)c1,-5.4,3.53540465191644,13_967
O[C@H]1Cc2cc(Cl)ccc2NC2[C@@H](F)[C@H](c3ccccc3)C[C@H]21,-7.3,2.5100610375746344,13_968
N#CC(C#N)=C1C=CC=CN1CCOc1ccccc1,-5.5,3.576223155505409,13_969
CC(C)c1ccc(C(O)c2nc(-c3cccc(OCc4ccccc4)c3)cs2)cc1,-7.6,3.5575926256309653,13_970
CCc1cc(C(C)=O)c(O)cc1OCc1cccc(C(=O)NC2(c3ccccc3)CCCC2)n1,-7.7,3.58007076770157,13_971
NC1=NN1CCOc1ccc(C(=O)c2ccccc2)cc1,-6.0,3.686388472843584,13_972
O=C(NC1CCN(CCCc2c[nH]c3ccc(-n4cnnc4)cc23)CC1)c1ccc(F)cc1,-6.9,3.661859824448129,13_973
O=C(Nc1ccc(F)cc1F)c1ccc(-n2c(O)c3c(c2O)[C@H]2C=C[C@@H]3C2)cc1,-8.0,3.5328475679731204,13_974
O=C(Nc1cccc(C(F)(F)F)c1)Nc1cc(F)ccc1NCc1ccncc1,-7.8,3.574124860791196,13_975
CC(=O)Nc1ncc(-c2ccc([N+](=O)[O-])cc2)n1-c1ccc(-c2ccccc2)cc1,-7.4,3.5891753051174122,13_976
NC(=O)Oc1cc(-c2cc3c4c(c2)OCC4SCC3)ccc1Cl,-6.8,3.665995941207541,13_977
CCOc1ccccc1Oc1ccc2ccccc2c1-c1c2cc(cc1[C@H](c1cc(OC)c(OC)c(OC)c1)C1[CH]COC1=O)OCO2,-7.2,2.8559450238066213,13_978
O=C(N[C@H]1c2ccccc2C[C@H]1O)C(Cc1ccccc1)C[C@H](O)CNC(=O)C(Cc1ccccc1)NS(=O)(=O)N1CCOCC1,-5.9,2.8968232818184387,13_979
O=C(Nc1ccccc1)C1Cc2c(-c3ccccc3Oc3ccccc3)ccnc2O1,-7.7,3.6411808154094625,13_980
O=C(Nc1ccccc1N1CCC(c2ccccc2)CC1)c1cc2ccccc2[nH]1,-6.9,3.517714623666064,13_981
Oc1[nH]c2ccc(Cl)cc2c1C=NCCN1CCN(c2ccc(Cl)cc2)CC1,-7.3,3.6984483581052556,13_982
O=C(NCc1ccco1)c1cc2cc(Br)cc(Br)c2oc1=O,-6.1,3.7112896425704416,13_983
COc1ccc(C(=O)Nc2nc(-c3ccc(OC)cc3)cs2)cc1,-6.6,3.804476288965616,13_984
O=C(c1cn2ccccc2n1)N1CCN(c2cc3c(cc2Cl)OCO3)CC1,-7.1,3.5988835802851984,13_985
CC(=O)c1cccc(NC(=O)CSc2nnc3c4ccccc4nc(Cc4ccccc4)n23)c1,-8.1,3.426549954551989,13_986
N=c1c2c(ncn1CCO)Oc1c(ccc3ccccc13)C2c1cccc([N+](=O)[O-])c1,-8.8,3.489786706975221,13_987
C=Cc1ccc(-c2[nH]c(CCc3ccc4c(c3)OCO4)nc2O)cc1,-6.6,3.7527713795333204,13_988
CCC(=O)N(Cc1cc(=O)[nH]c2ccccc12)c1ccccc1,-7.0,3.685710597376955,13_989
COC(=O)C1=CC2C=CC=CC(=N1)Cc1cc(NC(=O)c3cc4cccnc4n(-c4ccc(Br)cc4)c3=O)ccc1O2,-7.9,1.1074971500198822,13_990
COc1ccc(C(=O)CC(=O)C(=O)Nc2ccc(C(C)=O)cc2)cc1OC,-6.1,3.5365258062181075,13_991
CCN(CC)CCNC(=O)c1ccc(I)c2cc3ccccc3cc12,-6.6,3.539526047346464,13_992
Cc1ccc(Oc2nc(C)ccc2C(=NO)N2Cc3ccccc3C2)cc1,-7.7,3.4466977155151355,13_993
Cc1c(C(=O)NNC(=O)CCc2c[nH]c3ccccc23)cnn1-c1ccc(S(N)(=O)=O)cc1,-7.5,3.3240017226611656,13_994
NCCCCNc1c(-c2c3ccccc3cc3ccccc23)nc2ccccn12,-6.4,3.411130319076515,13_995
CC(=O)c1cccc(OCc2ccc(-c3ccc(C(=O)Nc4ccc5c(ccn5C)c4)cc3)cc2)c1,-7.1,3.3734746910451596,13_996
N#Cc1cc(S(=O)(=O)Nc2nccs2)ccc1Oc1ccccc1C1N=CCS1,-6.8,3.6304970495062703,13_997
Cc1nc2ccccc2nc1SCC(=O)Nc1nnc(-c2ccc(F)cc2)o1,-7.5,3.628400837901651,13_998
CC1=CC(C(=O)/C=C/c2cc3c(cc2N(C)C)OCCC3C)=CC1,-6.5,3.4061519728185043,13_999
COc1cc(OC)nc(NC(=S)NC(=O)c2ccccc2Cl)n1,-5.9,3.6378943464328133,13_1000
O=C1C=CC=CC(c2ccc3c(c2)C(=O)N(c2cccc4ccccc24)C3=O)=CO1,-8.1,1.6378433981193599,13_1001
CNCC1CCCN(C(=O)/C=C/c2ccco2)C1,-5.4,3.5312145132610153,13_1003
COc1ccccc1-c1cccc2c1[C@@H]1[C@@H](CCN1c1ncccn1)Oc1cc(C)c(-c3cccs3)cc1-2,-7.7,2.2825961062134157,13_1004
COc1ccc(C(=O)CSc2ccc(-c3ccco3)nn2)cc1OC,-5.9,3.5903145388129385,13_1005
Cc1c(CN2CCN(C(=O)Nc3ccc(-c4ccccc4)cc3)CC2)cnn1-c1ccccc1,-6.9,3.6542940598727762,13_1006
O=C(C1CC1)N1CC[C@H](c2nc3ccccc3n2C(F)F)C1,-6.1,3.5896077532657857,13_1007
CCO[CH]CN(C[CH]N)Cc1nccc2ccccc12,-5.3,3.6554011498543737,13_1008
C[CH]C1Cc2c(O)cc(CO)cc2C(c2cc(NCCN(C)C)c3cccc(F)c3n2)C1=O,-7.2,3.6104606982061296,13_1009
O=c1cc(-c2ccccc2)oc2cc(OCCNc3ccccn3)ccc12,-7.6,3.6264934351318985,13_1010
N#CC1C(=COCC(=O)Nc2ccc3c(c2)OCO3)C=CS2=CC=CC=C12,-7.6,3.405442489801671,13_1011
O=C(Cc1ccc(Cl)c(Cl)c1)N1CCC(Cc2ccc3ccccc3c2)CC1,-7.5,3.4177908116081595,13_1013
O=c1c2oc3ccccc3c2n(Cc2ccc(F)cc2)c(=O)n1Cc1ccc2c(c1)OCO2,-7.9,3.5368704383676093,13_1014
O=C1C=CC=C(C(c2ccccc2Cl)C2C(=O)C(=O)c3ccccc3C2=O)CO1,-7.8,2.4811918005351723,13_1015
C/C(=N\NC(N)=S)c1cccc(-c2cc3cc(C(=N)N)ccc3o2)c1,-7.1,3.2992487583913057,13_1016
O=C(O)CN1CN(Cc2cccc([N+](=O)[O-])c2)S(=O)(=O)c2cc(Cl)cnc21,-6.7,3.4655742223231574,13_1017
O=C(O)c1ccc(Nc2nc(-c3cc4ccccc4o3)cc3cccnc23)cc1,-8.1,3.5652696923089584,13_1018
Cc1ccc2c(c1C)CC(Nc1nc3ccccc3n3cnnc13)CC2,-7.8,3.690916486259634,13_1019
COc1cccc(/C=C/C(C)=N/Nc2nc(-c3ccccc3C)cs2)c1,-6.7,3.6134487150095715,13_1020
N#Cc1ccc(Cn2cncc2CNC2CCN(C(=O)Nc3ccccc3)CC2)cc1,-6.9,3.7207969653831072,13_1021
CNC(=O)N=CC=C1CC(c2ccc3c(c2)C2(N=C(C)C(=N)N2)[C@]2(CC[C@H](OC(F)F)C2)C3)=C1Oc1ccccc1,-8.0,3.1450634010374627,13_1022
C/C=C/C(=O)Nc1cccc(-c2ncc3ccc(-c4ccccc4)cc3n2)c1,-7.9,3.5756395615329133,13_1023
CCc1cccc(C)c1NS(=O)(=O)c1cc(-c2cc(C)no2)ccc1C,-6.8,3.7798404331242073,13_1024
O=c1c2ccccc2nc(/C=C/c2cccc(Br)c2)n1-c1cccc(Nc2ccc(O)cc2)c1,-8.0,3.408496625619989,13_1025
O=C(CSc1n[nH]c(-c2ccccc2Cl)n1)Nc1cccc2ccccc12,-7.3,3.6133282420100032,13_1026
N=C(N)NCCCC(NC(=O)c1ccc(C(=O)Nc2ccc3[nH]cnc3c2)cc1)C(=O)NC(Cc1ccc2ccccc2c1)C(N)=O,-6.5,2.666654637249801,13_1027
CC1(Cn2ccc(OC[C@H]3C[C@@H]3c3ccc(S(C)(=O)=O)cc3Cl)n2)C=CC=CC1,-6.1,3.6308797737558067,13_1028
Cc1cn2nc(OCc3ccccc3)ccc2n1,-5.6,3.6404258770219373,13_1029
CC(=O)Nc1ccccc1C(=O)C(=O)Nc1cccc2c1C(=O)c1ccccc1C2=O,-7.5,3.5933150195191823,13_1030
Clc1cccc(Cc2ccc(-c3noc(-c4ccccc4Br)n3)cc2)c1,-6.9,3.5620655526678195,13_1031
COc1cc(CCN)cc(OC)c1OC,-4.8,3.5499513988674236,13_1032
CC(=O)OC=CC=CCOP(=O)(N=CN=CC=C(C)C)OC[C@H]1OC(n2ccc(N)nc2=O)[C@@H](O)[C@@H]1O,-6.8,2.5965178805268994,13_1033
CC(C)CC(NC(=O)c1ccccc1Cl)C(=O)NCC#N,-5.4,3.5788280556025285,13_1034
COc1cccc(-c2cc(Nc3cccc(C(F)(F)F)c3)ncc2C#N)c1,-7.8,3.7518594388916275,13_1035
NCCn1cnc(=O)c(C(c2ccc(O)cc2)c2c(O)[nH]c3ncccc3c2=O)c1O,-7.4,3.1593467081523166,13_1036
COc1ccc(-c2noc(-c3ccc(-c4ccccc4)c(C(F)(F)F)c3)n2)cc1,-7.2,3.630167967122078,13_1037
Cc1cc(C)cc(C(=O)NCC(=O)OCC(=O)Nc2ccccc2Br)c1,-5.7,3.708617856258787,13_1038
O=C(Nc1cccc(NC(=O)c2ccccc2OC(F)F)c1)c1ccccc1Br,-6.9,3.6723094453488603,13_1039
COc1ccc(NC(=O)c2ccc3c(c2)C(=O)N(C)C3=O)cc1,-6.9,3.702675226714031,13_1040
Cc1cc2nc(N)n(Cc3ccc(Cl)cc3)c2cc1C,-6.1,3.68117752278408,13_1041
COc1ccc(C2CC(c3cc(Br)ccc3O)=NN2c2ccccc2OC)cc1OC,-7.7,3.7097828965477033,13_1042
N#Cc1ccc(CN(Cc2ccc(OS(N)(=O)=O)c(Br)c2)n2cnnc2)cc1,-6.4,3.5539842206478474,13_1043
COC=CC1CCC(=O)N(C)c2cc(-c3cc4c(-c5cccc(-n6ccc7cc(C8CC8)cc(F)c7c6=O)c5CO)ccnc4[nH]3)ccc21,-8.3,2.0922029089510925,13_1044
O=C(NCCCN1CCN(c2cccc3c2OCCO3)CC1)c1ccc2ccccc2c1,-7.6,3.6093928187056887,13_1045
COc1cc(-c2ccc(F)cc2)c(Cl)cc1-n1c(=O)ccc2cc(S(=O)(=O)Nc3ccon3)ccc21,-8.3,3.4612995717766903,13_1046
O=C(CNC(=O)C(=O)NC1CCCC1)N/N=C/c1ccccc1,-6.1,3.33107463414613,13_1047
O=[PH](Oc1ccccc1Oc1ccccc1)N(CCCl)CCCl,-6.1,3.5189803713151355,13_1048
CCNC(=O)N[C@@H]1CC[C@@]2(C)C(=CC[C@H]3[CH]C4C=C(N5C=COC5)C=C[C@@]4(C)CC[C@@H]32)C1,-7.0,2.108009068066629,13_1049
C=C1C(C=Cc2nc(C(=O)N[C@@H](CC(=O)O)c3ccc(C)cc3)ccc2OC)=CC=CN1Cc1ccc(Cl)cc1Cl,-7.2,3.4226759924692916,13_1050
COc1ccc2c(COC(=O)c3ccccc3)cc(=O)oc2c1,-6.9,3.6362326348616847,13_1051
CCN(C(=O)Nc1ccccc1OC)c1ccc(Cl)cc1[N+](=O)[O-],-5.7,3.6751045360129555,13_1052
O=C(O)c1ccccc1NC(=O)c1ccccc1C(=O)c1ccccc1,-7.7,3.6856948680533117,13_1053
CC(C)(C)c1ccc(CNC(=O)c2ccc(-c3nc(-c4ccncc4)no3)cc2)cc1,-7.3,3.6962034475803858,13_1054
CC(NC(=O)CNC(=O)Nc1ccc(C(=N)N)cc1)c1ccc(OCCC2CCCCC2)cc1,-6.7,3.223989749676707,13_1055
O=C(COc1ccc(Br)cc1)Nc1cc(S(=O)(=O)N2CCOCC2)ccc1N1CCCCC1,-6.9,3.595088263598514,13_1056
CN(C)c1ccc(Cn2nc(C(C)(C)C)sc2=O)cc1,-6.0,3.6903359714512805,13_1057
CC1C[CH]NC(=O)CSCC(C(=O)O)NC(=O)C(CC=CCCl)NC(=O)C1,-6.1,1.691510696771363,13_1058
CC(C)Oc1cccc(-c2ccc(C(N)=O)nc2)c1,-6.4,3.7060358789096375,13_1059
O=C(CN(C(=O)C1CCC(c2ccc3c(c2)OCO3)CC1)c1ccccn1)N1CCC(c2ncco2)CC1,-8.0,3.383069469137806,13_1060
N=c1soc(C(=O)NCC(=O)O)c1C=CC=C(CCC=O)OCC=C1C=CC(Nc2ccnc3cc(Cl)ccc23)C=C1,-6.6,2.9004934846961747,13_1061
Nc1ncnc2c1ncn2[C@@H]1O[C@H](COP(=O)(O)OP(=O)(O)OC[C@@H]2[CH][C@@H](O)C(n3ccc(=O)[nH]c3=O)O2)O[C@@H](O)[C@H]1O,-6.8,2.429762382479687,13_1062
O=C(Cn1c(-c2cccs2)cc2cc(F)ccc21)NCc1ccccc1Cl,-7.0,3.6239530001634863,13_1063
CC(=O)Nc1ccc(NS(=O)(=O)c2ccc(C(C)=O)cc2)cc1,-6.8,3.690794027837017,13_1064
Cc1ccc(-c2nc(=O)c3cc(F)ccc3[nH]2)c(Oc2ccccc2)c1,-8.5,3.6796678200936945,13_1065
Cc1cc2ncc3[nH]c4ccccc4c3c2nc1C,-6.3,3.4366307372271705,13_1066
N=C1N[C@](CF)(c2cc(-c3cccc4ccc(Cl)cc34)ccc2F)C[C@@H](C(F)(F)F)O1,-8.2,3.508844739094995,13_1067
O=C(Nc1ncc(C(Oc2ccc3cc(Br)ccc3c2)c2ccc(Cl)cc2)s1)c1ccc(O)cc1O,-7.7,3.2153578564253547,13_1068
O=C(N[C@H]1CCNC[C@@H]1F)C1CC[C@@H]2CN1C(=O)N2OS(=O)(=O)O,-6.8,2.886306908441505,13_1069
O=C1C=CCCN1C(=O)/C=C/c1cccc(C(F)(F)F)c1,-6.3,3.4992496119996512,13_1070
COc1cccc(C=Cc2c(Cc3ccccc3)ncc3ccccc23)c1,-7.5,3.3903033244649032,13_1071
Cc1ccc(Oc2ccc3nc(COc4cccc(C(=O)O)c4)n(C)c3c2)cn1,-7.5,3.7174272246166318,13_1072
O=C(Nc1ccccn1)c1ccc(NC(=O)c2ccccc2[N+](=O)[O-])cc1,-7.1,3.60310048947366,13_1073
CC(C)N(C)c1nc2cc(C(=O)O)ccc2nc1-c1ccc2[nH]ncc2c1,-7.7,3.6809088704973956,13_1076
N#Cc1c(-c2ccc(Cl)cc2)c2c(O)c3ccccc3c(O)c2oc1=N,-7.2,3.435346343863507,13_1077
COc1ccccc1-c1n[nH]c(SCC(=O)Nc2cc(C)on2)nc1=O,-7.3,3.50466535708023,13_1078
Oc1ccc(-c2csc(-c3c[nH]c4ccccc34)n2)cc1,-7.3,3.5954308748995056,13_1079
CCOc1ccc(Nc2ncccc2-c2nnc(-n3ncc(C)c3C)o2)cc1,-7.3,3.648482093814132,13_1080
Cc1nc2ccccn2c1-c1csc(Nc2ccc3ccccc3c2)n1,-7.4,3.5466277341781067,13_1081
Nc1ncnc2c1ncn2CCC(=Cc1ccc(F)cc1OC(F)F)C(=O)Nc1ccc(-c2ccccc2)cc1,-8.2,3.2672673750959813,13_1082
N=C(CS)NCC12CC3CC(CC(C3)C1)C2,-4.9,2.7328023653084763,13_1083
O=C(CNc1ccccc1Cl)NCc1ccc2c(c1)OCO2,-6.1,3.734735627656741,13_1084
O=C(NCCCO)c1cn2cc(-c3cc4ccccc4s3)nc2s1,-5.9,3.624767642008501,13_1085
O=C(CCc1nc2cccnc2n1Cc1cccs1)Nc1cccc(-c2nnco2)c1,-6.9,3.498680757130511,13_1086
O=C(O)C=C1C=CC2=CC(=C1)N(Cc1ccc(C3CCCCC3)cc1)C(=O)CN(CCc1ccccc1)S(=O)(=O)C2=CC=CCl,-6.8,1.022507361278414,13_1087
O=C(O)C1=CC=CCC2CCc3ccc(Oc4ccccc4C(F)(F)F)cc3C(C=C1)C2,-7.8,1.350693094603666,13_1088
N#Cc1cc(Nc2nc(N[C@H]3CC[C@H](O)CC3)ncc2C(N)=O)ccc1Cl,-7.5,3.4870610283717154,13_1089
CC(=O)NC(c1nc(-c2cccs2)no1)C(C)C,-5.0,2.597530145734485,13_1090
Nc1nonc1-c1nc2ccccc2n1CC(=O)Nc1ccccc1[N+](=O)[O-],-7.4,3.325947786428967,13_1091
[N]=C(N=C(CC=O)c1c[nH]c2ncccc12)N1CCN(c2ccccc2)CC1,-7.1,3.583073772782382,13_1092
Cn1ncc(NC(=O)c2csc(-c3ccc(F)cc3F)n2)c1[C@@H]1CC[C@@H](N)[C@H](F)CO1,-6.8,2.6718235404377846,13_1093
COC(=O)c1ccc(CN2CCC(CNC(=O)c3c4n(c5ccccc35)CCCO4)CC2)cc1,-7.6,3.596449017241796,13_1094
O=C1NC(=S)S/C1=C\c1ccc(-c2cccc(NS(=O)(=O)c3ccc(Cl)cc3)c2)o1,-7.6,3.590137492625053,13_1095
CCCCCCCCCCC#Cc1cccc(CP(=O)(O)Oc2cccc(C(=O)c3ccc(Cl)cc3)c2)c1O,-6.7,3.008265036217245,13_1096
O=C(NCCc1ccccc1)c1cn(-c2ccc(-c3c[nH]c(C4CC4)n3)cc2)nn1,-6.9,3.6667480213267227,13_1097
Fc1ccc(Cc2ccc(-c3cn([C@H]4CN5CCC4CC5)nn3)cc2)cc1,-6.6,3.479899536950618,13_1098
CNC12CCc3ccccc3C1c1ccccc12,-6.1,3.194334915202666,13_1099
O=c1c2c(oc(O)c1C(c1ccccc1)C1CC1)CCCC2,-6.5,3.5899703544112587,13_1100
Cc1occc1C(=O)Nc1ccccc1N1CCc2ccccc2C1,-6.8,3.7010835991807793,13_1101
Cn1cc(C(=O)Nc2ccccc2F)c(Oc2cccc(C(F)(F)F)c2)n1,-7.1,3.7198745648746008,13_1102
Cc1cccn2nc(Cc3nnc(-c4ccc(F)cc4)s3)nc12,-7.5,3.661617548700795,13_1103
COc1ccc(/C=C/c2cc(-c3ccc(O)cc3)nc3ccccc23)cc1,-8.0,3.5702940592531793,13_1104
N#Cc1ccc(-c2ccc(C(=O)N(Cc3cccc(-c4ccncc4)c3)c3ccc(C(O)=NO)cc3)cc2)cn1,-8.5,2.9624747370156244,13_1105
O=C(O)COc1cccc2c1CCC(Cn1ncc(-c3cccc(F)c3)c(-c3ccccc3)c1=O)C2,-6.4,3.62287218314815,13_1106
COC(=O)C=C1C=CC(C=C2N=CN2C=Cc2cc(-c3ccccc3C=NC(O)=NO)c3occc3c2O)=C1,-8.2,2.8061972517552034,13_1107
CCC1=CC2CC[C@@]34C[C@]35CC[C@H](NC)C(C)(C)[C@@H]5C=C[C@H]4[C@]2(C)CC1=O,-6.2,2.9278902889024807,13_1108
N#CCc1ncc(-c2ccc(Cl)s2)n1-c1ccc(-c2ccccc2)cc1,-6.6,3.6070639352554514,13_1109
O=C(c1cc2ccccc2[nH]1)N1CC(S(=O)(=O)N2CCOCC2)C1,-7.2,3.6201257486049663,13_1110
C=Cc1cc[nH]cnc(-c2cccc(Nc3nc(C)cc(C)n3)c2)cc1,-7.6,1.5470266739541927,13_1111
COC1=C(O[C@@H]2O[C@H](C)[C@@H](O)[C@H](O)[C@H]2O)c2nc3c(cc2CC=C1)=CCC=3,-7.6,2.2321878393650065,13_1112
COc1nc2ccc(Br)cc2cc1C(c1ccccc1)C(O)(CCN(C)C)c1cccc2ccccc12,-6.7,3.3557845593937565,13_1113
Cc1cccc(NC(=O)c2cc(S(N)(=O)=O)c([N+](=O)[O-])cc2C)n1,-6.9,3.4708278349408075,13_1114
CC(C=O)=NN(CC(=O)NCc1ccco1)C(=O)CNNc1ccccc1C,-6.7,3.314291219029041,13_1115
Cc1ccc(Oc2ccc(CN3CCC(=O)C(C(=O)NCC(=O)O)C3=O)cc2)cc1,-6.9,3.631662229762455,13_1116
O=C(O)c1ccc(Oc2cc3ccccc3cc2NC(=O)c2cccc3ccccc23)cc1C(=O)O,-9.3,3.3686033260180137,13_1117
C[PH](=C1C=CC=C1)c1cccc(/N=N\c2ccccc2)c1,-5.6,3.429775473984882,13_1118
NS(=O)(=O)c1ccc(O)c(NC(=O)Nc2cccc3ccccc23)c1,-7.5,3.508511628321465,13_1119
CCCCc1nc(Cc2ccccc2)c(C(=O)OCC)c(CC)c1C(=O)Oc1ccc(NC(C)=O)cc1,-6.7,3.437024504284537,13_1120
COc1ccccc1-c1ccnc(-n2nc(-c3ccccn3)cc2N)c1,-8.1,3.721079052110837,13_1121
Cc1ccc(C2NC3[C](CC[C@H]4CN(Cc5ccsc5)C[C@@H]34)C2=O)cc1,-7.3,3.486979623830924,13_1122
CC(C)C(NC(=O)C(Cc1ccccc1)NC(=O)C(NC(=O)C(CC(=O)O)NC(=O)C(Cc1ccccc1)NC(=O)C(N)CC=CC=CF)C(C)C)C(=O)O,-6.4,2.7834175506909684,13_1123
Cc1cc(S(=O)(=O)Nc2ccc3c(c2)OCO3)ccc1NC(=O)c1ccc(F)cc1,-7.7,3.7111908930365125,13_1124
COC1=CCc2cncc(c(=O)c2-c2ccccc2)C1,-6.4,1.7397760944296956,13_1125
Cc1cc(Nc2nc3ccccc3n3nnnc23)cc2c1C(=O)N(Cc1ccccc1)C2,-8.5,3.589599481595596,13_1126
COc1ccc(CNC(=O)c2oc(=O)c3ccccc3c2-c2ccc(C)cc2)cc1,-7.8,3.696735477951286,13_1127
O=C(Nc1cccc(F)c1)c1ccc2snnc2c1,-6.4,3.717706497861331,13_1128
Cc1ccc(C)c(NC(=O)Cn2c(=O)n(-c3ccccc3)c(=O)c3c2c2ccccc2n3C)c1,-8.2,3.5875941447610833,13_1129
O=C(Nc1ccccc1C(=O)NC(Cc1ccccc1)C(=O)O)c1cc2cc(F)ccc2[nH]1,-7.9,3.452458611951213,13_1130
COc1ccc2cc3[n+](cc2c1OCCCCOc1cccc(CN2CCCCC2)c1)CCc1cc2c(cc1-3)OCO2,-6.2,3.0439544338361912,13_1131
COc1ccc(C(=O)C2CCN(C(O)c3cccc(C(F)(F)F)c3)CC2)cc1,-6.8,3.725738301216518,13_1132
O=C(Nc1ccc2c(c1)OCCO2)c1cc(S(=O)(=O)N2CCCC2)ccc1Cl,-7.2,3.7068895670661535,13_1133
O=C(Cc1ccc2c(c1)OCCO2)N/N=C/c1ccccc1OCc1cccc2cccnc12,-8.0,3.541986781671107,13_1134
O=C(Nc1ccccc1)Nc1ccc(-c2nc3cc(Cl)ccc3o2)cc1,-7.1,3.6288190937731346,13_1135
CC(COc1ccc(-c2cccc(CN(Cc3ccc(Cl)cc3)C(=O)c3ccccc3Cl)c2)cc1)C(=O)O,-7.5,3.403569078128468,13_1136
NC(=O)c1cccc2c1C(=O)N(C1CCN(Cc3ccccc3)CC1)C2,-6.9,3.679072217448205,13_1137
COC(=O)CNc1cc(OCCN(C)C)ccc1C(=O)NC(Cc1ccccc1)C(=O)Nc1ccccc1C,-7.1,3.338626817488586,13_1138
C[C@H]1CO[C@@H]2OC[C@@H](O)[C@H](O)[C@H]2O[CH]O[CH]C2OC(=O)C[C@@H](O)CC[C@H]2OC[C@H]1O[C@H]1C[C@H]2[C@@H]3CCc4cc(O)ccc4[C@H]3CC[C@@]12C,-8.1,1.1604992453936815,13_1139
CNS(=O)(=O)N[C@@H]1CCN(c2ccc(CNC(=O)c3ccc(-c4ccncc4)cc3)cc2)C1,-6.3,3.5827201456523463,13_1140
CCCCCCCCCO[C@H]1[C@H](O)[C@H](Oc2ccccc2)O[C@H](COC(=O)c2ccc(NC(C)=O)cc2)[C@H]1O,-6.3,3.1557857027486946,13_1141
C=C1C(c2cc(-c3ccccc3F)nc3ncnn23)=CC=CN1CC1C=CC=COC1,-8.5,2.647741615486333,13_1142
Fc1ccc(Nc2nc(Nc3cc(C4CC4)[nH]n3)cc(N3CCC(F)(F)C3)n2)cc1,-8.7,3.5411393594274765,13_1143
O=[N+]([O-])c1cc(-c2cccc(Cl)c2)on1,-5.4,3.4529943128755063,13_1144
CCNS(=O)(=O)c1ccc2nc(Nc3ccc(O)cc3)c(Nc3ccc(Cl)cc3)nc2c1,-8.0,3.3443210182750525,13_1145
N#CCN1C(=O)C(Cc2cccc(-c3ccncc3)c2)N=C(c2ccccc2)c2ccccc21,-8.1,2.57054642619513,13_1146
O=C(Nc1ccccc1C(F)(F)F)c1ccc2[nH]c(=O)cnc2c1,-7.7,3.6919398504014946,13_1147
CCOc1ccc(Cc2cc3c(cc2Cl)CO[C@]32O[C@H](CO)[C@@H](O)[C@H](O)[C@H]2O)cc1OC,-6.6,3.3383926729770756,13_1148
CC1CN(C(=O)c2ccc([N+](=O)[O-])o2)CCN1C(C1=CC=CCC1)c1ccccc1C#N,-6.9,3.52171339086697,13_1149
Cc1ccc(CNC(=O)c2cc(C)nc3ccccc23)cc1,-7.0,3.631503216181854,13_1150
O=C(Oc1ccc(CCO[C@@H]2O[C@H](CO)[C@@H](O)[C@H](O)[C@H]2O)cc1)c1cccnc1,-6.3,3.1811053493645476,13_1151
NC1C(Oc2cc(NC(=O)Nc3cccc(F)c3F)ncc2Cl)=CC=CN1C(=O)c1cccc2c1C1CCCCN1C2=O,-8.3,3.2055520986620447,13_1152
CN1CCC=C(c2nc(-c3ccsc3)no2)C1,-5.8,3.610008818473473,13_1153
O=C(Nc1ccccc1N1CC[C@H](NC(=O)c2cccc(C(F)(F)F)c2)C1)c1ccc2c(c1)OCO2,-8.1,3.5982247488756203,13_1154
O=C(NCCNC(=O)c1cc(-c2ccccc2)no1)c1ccccc1,-6.7,3.7124201570096576,13_1155
O=C(c1cc2c(cc1Cl)OC(c1ccccc1)(c1ccccc1)O2)N1CCN(c2ccccc2)CC1,-8.1,3.4457583627830677,13_1156
O=C(Nc1ccc(-c2nc3ccccc3[nH]2)cc1)c1cc2ccccc2[nH]1,-7.3,3.4224444164587493,13_1157
COc1ccc(C(=O)OC(C)CN2CCOCC2)cc1,-5.5,3.5559644176122216,13_1158
O=C(Nc1nc2c(ccc3onc(-c4ccccc4[N+](=O)[O-])c32)s1)c1ccccc1,-7.9,3.4354429583100075,13_1159
O=C(c1ccc(NS(=O)(=O)c2ccc3c(c2)CCC3)cc1)N1CCC(O)(c2ccccc2-c2ccccc2F)CC1,-7.8,3.407421155939745,13_1160
CC(=O)Nc1ccc(C(=O)NCC(=O)N2CCN(c3ccccn3)CC2)cc1,-6.8,3.6925918463264855,13_1161
Cc1cc(Nc2nn(C(C)C)c(=O)c3cc(C(F)(F)F)ccc23)[nH]n1,-7.6,3.731876466274198,13_1162
O=S(=O)(NO[C@H]1O[C@H](CO)[C@@H](O)[C@@]1(O)CNCc1ccccc1)c1ccccc1,-6.9,3.116365612733166,13_1163
O=S(=O)(/C=C/c1ccccc1)/C(=C\c1ccccc1Oc1ccccc1)C(O)=NO,-7.2,3.398493056961935,13_1164
O=C(c1ccccc1)N(C(=O)c1ccccc1)c1nc(-c2ccccc2)c2ccccc2n1,-8.7,3.44146210934157,13_1165
CC1=C(CC[C@H](C)O)C(C)(C)CC(=O)C1,-4.4,3.2366357242557546,13_1166
Cc1cc(NC(=S)NC(=O)c2ccc(-c3nc(C)cs3)cc2)c2ccccc2c1,-7.7,3.568116440364119,13_1167
N[C@H](CNc1cncc(-c2cccc(-c3cccc(C(=O)O)c3)n2)c1)Cc1c[nH]c2ccccc12,-7.6,3.30608066419262,13_1168
CN1CC[C@@](O)(CNCc2ccc(S(C)(=O)=O)cc2)C1=O,-6.2,3.5606263730107957,13_1169
CC=C(Sc1cc(Nc2cccc(C(F)(F)F)c2)ncn1)C(=O)N1CCC(n2cc(-c3ccccc3)nn2)CC1,-7.4,3.2512833013763114,13_1170
COc1ccc2cccc(CCNC(=O)c3cccnc3)c2c1,-6.2,3.7242354787377865,13_1171
O=C(Oc1cccc2cc(O)ccc12)c1cccc([N+](=O)[O-])c1,-7.0,3.4894512329645218,13_1172
Cc1cccc([C@@H](C#CCN2CCN(c3ccccn3)CC2)NC(C)C)c1,-6.1,3.6395531335669786,13_1173
O=C(Nc1ccc(C=NC=Nc2cccc(-c3cccc(Cl)c3)c2)cc1)Nc1nccs1,-7.1,3.513188626735149,13_1174
Cc1ccccc1-c1sc2ccccc2c1C#CCCN1CCCCC1,-6.0,3.346031313557357,13_1175
COc1cc2c(Oc3ccc(NC(=O)c4nn(-c5ccccc5)ccc4=O)cc3F)ccnc2cc1OCCCN1CCN(C)CC1,-5.4,3.0774220552701133,13_1176
COc1cc2cc(C(=O)Nc3ccccc3F)c(-c3ccsc3)nc2cc1OCCCN1CCCCC1,-6.8,3.461787428771789,13_1177
Cc1cc(C)n(-c2ccc(NC(=O)c3ccccc3C(=O)c3ccc(F)cc3)cc2)c1,-7.9,3.5553810292877888,13_1178
CNC1(c2ccccc2)CNC(=O)c2oc3ccc(Cl)cc3c21,-6.7,3.696241776993456,13_1179
Cc1cc(C)cc(-c2cnc3cc(Cl)c(-c4cccc(Cl)c4)cc3c2OCCCN(C)C)c1,-6.7,3.35903148336254,13_1180
Cc1ccc(F)cc1C1CC(=Nc2ccc(C(=O)N[C@H](c3ccccc3)C(C)C)nn2)C(=O)N1CC1CCOC1,-8.2,3.491933282042363,13_1181
Cc1cccc(-n2ncc3c2COCC3=Nc2c(Cl)cccc2C(=O)O)c1NC(=O)c1ccco1,-7.9,3.5435265732840193,13_1182
CN(C)c1ccc(/C=C/c2ccc3c(c2)OCCO3)cc1,-6.3,3.5284538716164775,13_1183
O=C(NCc1ccc(F)cc1)C(=O)NCC(c1cccs1)S(=O)(=O)c1ccc(F)cc1,-6.5,3.5917263170396607,13_1184
O=C(Cn1ncc2c3ccccc3n(Cc3ccccc3F)c2c1=O)NCc1ccc2c(c1)OCO2,-8.0,3.53621202867254,13_1185
Cc1ccc(-c2cnn(Cc3cccc(C(F)(F)F)c3)n2)cc1,-7.5,3.6572550547160647,13_1186
Fc1ccc(Nc2nc(-c3ccncc3)cs2)cc1F,-6.7,3.7334968715980343,13_1187
Cc1ccccc1-c1[nH]nc2c1CN(c1ccccc1C(=O)N(C)Cc1ccccc1)CC2,-7.5,3.603359847788964,13_1188
O=C(Nc1cccc(C(F)(F)F)c1)NC1CCN(Cc2cncc(-n3ccc4ccccc43)c2)CC1,-7.9,3.6006483686719615,13_1189
CN1CCN(CCCNc2ccc(NC(=O)c3ccc(N(CCCl)CCCl)cc3)cc2)CC1,-5.4,3.426106944399672,13_1190
COC(=O)c1ccccc1-c1cccnc1,-5.8,3.4934231896117973,13_1191
O=[N+]([O-])c1ccc(S(=O)(=O)Nc2nc(-c3ccccc3)ns2)cc1,-6.9,3.5498857106878434,13_1192
Cc1ccccc1S(=O)(=O)NC(=O)NC(Cc1ccc(O)cc1)C(=O)NC(CCCN=C(N)N)C(=O)Nc1ccc([N+](=O)[O-])cc1,-7.8,2.4066084257054454,13_1193
O=C(Nc1ccc(OC(=O)c2ccccc2)cc1)c1ccccc1,-6.5,3.6482193027799674,13_1194
O=C(Nc1ccccc1F)c1cc(-c2ccccc2)nc2ccccc12,-8.0,3.577853997330684,13_1195
O=C(CSc1nc(=O)n(CCN2CCOCC2)c2c1CCC2)Nc1cc(F)ccc1F,-6.7,3.4894027180893383,13_1196
O=C(c1cccc(Cl)c1Cl)N1CCC[C@@]2(CCN(C(=O)N3CCCC3)C2)C1,-6.7,3.282880377517887,13_1197
c1cnc2ccc(-c3cc4ccccc4c4ccccc34)cc2c1,-8.3,3.0363599557405925,13_1198
O=C1NC[C@H](Cc2ccccc2)N(CCc2cc(C(F)(F)F)cc(C(F)(F)F)c2)C1=O,-7.2,3.5959111003553637,13_1199
[O-][S+]c1cccc(Oc2ccc(Cl)cc2)c1CCO,-5.7,3.6399556747418025,13_1200
O=C1C(NS(=O)(=O)c2ccc3cc(Cl)ccc3c2)CCN1c1ccc2c(c1)Cc1ccccc1-2,-7.7,3.5557460866389663,13_1201
O=C(c1ccc(NC(=O)C2CC2)cc1)c1cccs1,-5.7,3.6487908636518895,13_1202
Cc1ccccc1NC(=S)NC(=O)c1cccnc1,-5.8,3.5868512828598593,13_1203
C1CC[C@H]2CC[C@H]3CCCC[C@@H]3C[C]2C1,-5.7,1.4774607231413954,13_1204
CS(=O)(=O)Cc1ccc2ncc(C(N)=O)c(Nc3cccc(Cl)c3)c2c1,-6.7,3.731092124966998,13_1205
O=C1NC(=O)c2c1c1c3ccc(Cl)cc3[nH]c1c1c2c2ccccc2n1CCN1CCOCC1,-7.9,3.4040720560921782,13_1206
CCNNC(=O)c1ccc(Cn2c(=O)c3ccccc3n(CC(=O)Nc3ccccc3)c2=O)cc1,-7.4,3.393108971530711,13_1207
N=C(N)NC(=O)c1cc2c(-c3ccc(F)c(F)c3)cccc2s1,-9.0,3.535209985851158,13_1208
COc1cc2c(Oc3ccc(NC(=O)C(Cc4ccccc4)NC(C)=O)cc3F)ccnc2cc1OCCCN1CCCC1,-6.9,3.240409317140124,13_1209
COc1cc2nc(N3CCC(CC(=O)N4CCCC4)CC3)nc(N)c2cc1OC,-6.8,3.6195706068026885,13_1210
O=C(NCc1ncccc1F)c1csc(CCNCc2nc3ccccc3[nH]2)n1,-6.6,3.5044498432897413,13_1211
CCN(c1ccccc1)S(=O)(=O)c1cccc(C(=O)NCc2ccc3c(c2)OCO3)c1,-7.1,3.734328431445305,13_1212
COc1cc2c(Nc3ncc(CC(=O)Nc4cccc(Cl)c4)s3)ncnc2cc1OCCCN1CCN(C)CC1,-7.0,3.220868126267609,13_1213
CCN1CCNN(c2cc(-n3ncc4ccc(Cc5cn6ccccc6n5)cc43)ncc2C)CC1,-7.6,2.552833939968084,13_1214
O=C(CCCN1CCCN(Cc2cc3ccccc3s2)CC1)c1ccc(F)cc1,-6.1,2.5713191903707617,13_1215
O=C(CSc1nnc(CNC(=O)c2ccccc2)o1)Nc1ccc2c(c1)OCO2,-6.3,3.5091437134639043,13_1216
O=C(CN1CCN(C(c2ccccc2)C2CC2)CC1)Nc1ccccc1C(=O)c1ccccc1,-7.5,3.527160941887679,13_1217
Cc1n[nH]c(C)c1S(=O)(=O)N1CCC(Oc2ccc(Br)cc2F)CC1,-6.8,3.749979498465386,13_1218
CCCOCCn1c(=O)c(NCC(=O)N2CCN(C)CC2)nc2ccc(-c3ccc(CO)cc3)cc21,-6.8,3.4672360117465195,13_1219
O=C(Nc1ccc(Oc2ccc(F)cc2)cc1)C1CCN(c2ccccn2)CC1,-6.9,3.7657572966016937,13_1220
Cc1cccc(Cl)c1Nc1nc2ccc(N3CCN(C)CC3)cc2n2cncc12,-7.2,3.698197368347623,13_1221
CN(C)CCNC(=O)C1C=C2c3cccc4[nH]cc(c34)C[C@H]2N(C(=O)Nc2ccccc2)C1,-8.5,3.55029538954426,13_1222
CCN(CCSc1nnc(C)n1NC)c1nc2ccc(C)cc2s1,-5.9,3.6311199690168023,13_1223
Cc1nc(-c2ccc(C(=O)O)cc2)ccc1C(=O)Nc1ccc(OC(C)(C)C(=O)O)cc1,-6.7,3.610781662805948,13_1224
O=C(Nc1ccc(C2(C(=O)NCCc3ccccc3)CCCC2)cc1)c1ccccc1-c1ccccc1,-8.1,3.3826481145536214,13_1225
O=C(N[C@H]1CC[C@@]2(O)[C@H]3Cc4ccc(O)c5c4[C@@]2(CCN3CC2CC2)[C@H]1O5)c1cccc([N+](=O)[O-])c1,-7.6,3.133243141607924,13_1226
O=C(NCc1ccc(-c2ccc3ccccc3c2)cc1Cl)c1cc(Cl)ccc1O,-7.9,3.5196214058497253,13_1227
Cc1nnc2sc(C(=O)N3CCC4(CCCCC4)C3)c(N)c2c1C,-6.6,3.628688606918198,13_1228
CC[C@@]1(C(=O)NCc2ccccc2)COC(c2ccccc2)(c2ccc(OC)cc2)N1,-6.7,3.68879664230431,13_1229
O=C1CSC(c2cccc(Cl)c2)N1c1ccc(N2CCN(CCNC3Cc4ccccc4-c4ccccc43)CC2)cc1,-6.7,3.24117105923774,13_1230
O=C(CN1CCCCCC1)Nc1cc(-c2cccc(NC(=O)c3cc4ccccc4o3)c2)ccn1,-8.0,2.616599578582764,13_1231
O=S(=O)(NCc1ccccc1F)c1ccc2c(c1)CNC(CF)C2,-6.7,3.712068891627962,13_1232
O=CN[C]C1CCCOCOC[C@@H](O)C1,-4.9,1.0585299675137527,13_1233
COC(=O)c1ccccc1NC(=O)c1cc2cc3ccc(C)cc3nc2o1,-7.0,3.6409214217634944,13_1234
CCOC(=O)c1nc2c(S)c3ncccc3c(-c3ccccc3C#N)c2s1,-6.0,3.5625130723546343,13_1235
O=c1c2ccccc2c2nc(Cl)ccc2n1-c1ccc(S(=O)(=O)Nc2cscn2)cc1,-7.4,3.4543880958896835,13_1236
O=C(c1ccccn1)N1CCC(C(=O)N2Cc3ccccc3C2)CC1,-6.6,3.583313140755228,13_1237
Nc1ccc(C(=O)NNC(=O)c2ccccc2)cc1,-6.9,3.432329445370104,13_1238
O=C(Nc1ccc(Nc2nc(N3CCOCC3)nc(N3CCOCC3)n2)cc1)Nc1ccc(C(F)(F)F)cc1,-7.4,3.299754105319627,13_1239
CCCCC(NC(N)=O)c1ccc(Oc2ccccc2)cc1,-6.1,3.63696776787985,13_1240
Cc1ccc(-c2nccccccc(SC3=CC=CC3)c2-c2ccccc2OCCCC(=O)O)o1,-6.0,1.3469107216645972,13_1241
CC(C)(C)OC(=O)N=C(NCc1ccccc1Cl)Oc1ncc(-c2ccc(F)cc2)cc1C#N,-8.0,3.6131328437254195,13_1242
CC1=C(C(=O)N2CCOCC2)CC(CC(=O)NCCCCc2ccccc2)C(=O)N1CCC1=CCCCC1,-6.5,3.1674397060314083,13_1243
O=c1c2ccccc2nc(-c2ccccc2)n1-c1ccc(Nc2nc(-c3ccccc3)nc3ccccc23)cc1,-8.5,3.386890868983049,13_1244
Nc1cc(-c2cccc3ccc4ccccc4c23)ccc1O,-6.8,3.248365412637279,13_1245
COc1ccccc1NC(=O)c1cc(Oc2ccc(/C=C3\CCn4c3nc3cc(N5CCN(C)CC5)c(F)cc3c4=O)cc2)c(OC)cc1O,-6.0,3.01199289619234,13_1246
O=C(Nc1ccc(-c2nc3ccccc3[nH]2)cc1)c1cccc(S(=O)(=O)Nc2ccccc2C(=O)Nc2ccc(F)cc2)c1,-7.7,3.133733322947215,13_1247
O=C(Nc1ccccc1O)c1ccc2[nH]c3c(c2c1)CCCC3,-7.2,3.500707782754581,13_1248
NC(=O)c1ccccc1Nc1nccc(-c2cccc(-n3ccc4cc(C5CC5)cc(F)c4c3=O)c2CO)n1,-7.5,3.3129302130378386,13_1249
CN1CCC(NC(=O)Cn2ccc(CC(=O)O)n2)CC1c1ccccc1,-6.6,3.706895112438949,13_1250
COc1cc2nccc(Oc3ccc(NC(=O)NS(=O)(=O)c4ccccc4Cl)cc3F)c2cc1OC,-7.5,3.4789241294862565,13_1251
CC=C1C=C(OS(=O)(=O)c2cccc(C(F)(F)F)c2)C(c2cc(-c3ccccc3)n(CC(=O)Nc3ccc(F)cc3)n2)=C1,-8.4,3.295044382274794,13_1252
CN(CC(=O)Nc1cccc(F)c1)C(=O)c1ccc(-c2nc3ccccc3n2C(F)F)cc1,-7.3,3.688309606566314,13_1253
Cc1ccc(-c2ccc(C(=O)Nc3ccc(-c4nc5ccccc5[nH]4)cc3)cc2)s1,-6.6,3.465772843212222,13_1254
COc1ccccc1CNC(=O)CN1C(=O)COc2ccc(S(=O)(=O)N3CCC(C)CC3)cc21,-7.2,3.5899474576268315,13_1255
C=CCn1cnc2c(NCCCO)nc(-c3ccccc3)nc21,-6.1,3.6040511503738526,13_1256
Nc1cccc(-c2cccc(-c3cc(=O)cc(N4CCOCC4)s3)c2)c1,-7.9,3.704216804657915,13_1257
Cn1c(=O)cc(-c2ccc(Oc3ccccc3)cc2)[nH]c1=O,-6.8,3.7514266729971917,13_1258
COc1cc2c(cc1OC)Oc1ncnc(N(C)c3ccccc3)c1NC2,-6.8,2.776295879786219,13_1259
CCC(C#N)(CCCN(C)C12CC3CC(CC(C3)C1)C2)C1=CC(=COC)C(OC2CCCC2)=CC1,-6.3,2.8357824247786976,13_1260
O=C(O)CCc1ccccc1CC1C2CCC(O2)C1c1nc(C(=O)NCCCCC2CCCCC2)co1,-7.2,3.1858269072863346,13_1261
COc1c(CC[CH]CCO)cc(CCCO)c(OC)c1OC,-4.6,3.4741030763453753,13_1262
CN1CCOc2ccc(C(=O)N3CCC(c4nncn4C)CC3)cc21,-7.3,3.5878375723779365,13_1263
CCCS(=O)(=O)Nc1cccc(-c2cccc([C@@H]3C[C@](C)(c4ccccc4)c4cc(C(=N)N)ccc4N3)c2)c1,-7.1,3.185902542435069,13_1264
O=C(c1cc(COc2ccc3ncccc3c2)on1)N1CCCCC1,-7.0,3.777265757275149,13_1265
Cc1nc(N)ccc1CNC(=O)CC1=CCn2c1c(O)n(C(CSc1ccc(Cl)cc1)C(=O)OC(C)C)c2=O,-6.7,3.160166625138252,13_1266
O=C(Nc1nncs1)Nc1nc2ccccc2s1,-6.8,3.587712096762562,13_1267
Cc1ccc(NC(=O)CSc2nnc(CNC(=O)c3cccs3)o2)cc1,-6.0,3.595435247320551,13_1268
O=C(NC1CCCc2c1cnn2-c1ccccc1F)c1cn2ccccc2n1,-7.7,3.7139165950378583,13_1269
Nc1nc(-c2cc3ccccc3o2)cs1,-6.5,3.6197765317185917,13_1270
O=C(C=C1C(=O)N(c2ccccc2C(F)(F)F)c2ccccc21)c1ccccc1Cl,-7.4,3.4581230053713665,13_1271
CC(C)(C)OC(=O)NC1CCC(NC(=O)C=Nc2cnc3cc(F)c(-c4ccc(N)nc4)cc3c2F)C1,-6.2,3.440630900976249,13_1272
Cc1ccccc1-c1nc2cnc3cc(Cl)ccc3c2n1Cc1ccc2c(ccn2C)c1,-8.3,3.420186060874822,13_1273
O=c1c2c3c(sc2ncn1Cc1cccc2ccccc12)CC(NCCN1CCOCC1)CC3,-7.7,3.5569922503716054,13_1274
CC(=O)C1CC[C@H]2[CH][C@@H]([C@@]3(C)CCC(=O)C=C3C[CH]OC(=O)c3ccc([N+](=O)[O-])cc3)[C@H](O[C@H]3CCCCO3)C[C@]12C,-6.7,2.7835312094775406,13_1275
CC(=O)Oc1ccc(C=C(C(=O)O)c2ccc(NC(=O)NC3CC3)cc2)cc1,-6.5,3.371276716688233,13_1276
C[C@@H](NC(=O)Nc1cccc(-c2nnnn2C)c1)[C@@H](Cc1ccc(Cl)cc1)c1cccc(C#N)c1,-8.0,3.551613820963147,13_1277
CNC(=O)c1ccc([C@@H]2CN(c3ncnc4sccc34)CCN2CC(C)C)cc1,-7.5,3.782365948947481,13_1278
Cc1cc(S(=O)(=O)N=C(N)Nc2cccc(-c3ccccc3Cl)c2)ccc1-n1ccnc1,-7.8,3.534033868720322,13_1279
COC(=O)CC(=NC(=O)CI)c1ccccc1S,-4.8,3.2685798603228085,13_1280
CCOc1ncccc1C(=O)N1CCN(c2nc(C)cs2)CC1,-5.8,3.713406618279269,13_1281
Nc1nc2ccccc2n1-c1nc2ccccc2nc1-c1ccccc1,-7.4,3.602410879281174,13_1282
CCCNC(=O)c1cc2cc(=O)n(Cc3ccc(C(=O)N4CCC(NC(=O)c5ccc(F)cc5)CC4)cc3)c(O)c2cc1F,-5.2,3.3782079113614327,13_1283
COc1ccc(C(=O)N2c3ccccc3Sc3ccccc32)cc1,-6.8,3.59202168284772,13_1284
Cc1cc(CNCCc2cccc(C(F)(F)F)c2)c(C)n1-c1ccc(C(F)(F)F)cc1,-6.3,3.461153014855955,13_1285
O=C(Cc1ccc(F)cc1)Nc1c2c(nn1-c1ccccc1)CSC2,-7.2,3.7935676197153487,13_1286
CNC(=O)C=C(Oc1ccc(-c2ccc3c(n2)-c2cc4c(F)cccc4n2CCCN3)c(N(C)S(C)(=O)=O)c1)c1ccc(F)cc1,-8.5,1.319375348577771,13_1287
CN(C)Cc1ccnc(-c2cccc(OCc3ccc4ccccc4c3)c2)c1,-7.3,3.478479249431413,13_1288
O=C1c2cccc3cccc(c23)C(=O)N1c1cccc2ncccc12,-7.9,3.5124260986418654,13_1289
COc1cccc(C(=O)N2CCN(c3cnccn3)CC2)c1,-6.5,3.6947925194551896,13_1290
Nc1nnc(-c2ccc3[nH]cc(-c4nc5cc(-c6ccccc6)ccc5s4)c3c2)o1,-9.2,3.5191745580755533,13_1291
O=C(c1cnccc1C(F)(F)F)N1CCc2c(sc3ncnc(N[C@H](CO)c4ccccc4)c23)C1,-7.1,3.5815666091683354,13_1292
Cc1ccc(S(=O)(=O)NC(=O)N(CCc2ccccc2)Cc2ccc(-c3ccccc3)cc2)cc1,-5.8,3.5636612863232497,13_1293
COc1cccc(CNC(=O)c2ccc(CN3Cc4cc(C)ccc4NC3=O)cc2)c1,-7.5,3.697977262865384,13_1294
O=C1NCCN1C(=O)N[C@H]1CC[C@@H]1n1cnc2ccccc21,-6.7,3.5920851004865044,13_1295
CC(C)CN1CN(C2CCCCC2)CSC1=S,-4.9,3.139493967276637,13_1297
O=C(c1cccc(F)c1)N1CCN(Cc2ccc(F)cc2)CC1,-6.7,3.6010216931835046,13_1298
Cc1c(-c2ccc(Cc3ccc(OC(F)(F)F)cc3)cc2)n(O)c2ccc(F)cc12,-7.3,3.4924703705796594,13_1299
COCCn1cnc2c1c(=O)[nH]c(=O)n2Cc1ccc(CNS(=O)(=O)c2ccc(-n3cnnn3)cc2)cc1,-7.4,3.018578434783335,13_1300
OCCc1ccc(-c2nc(N[C@H]3CCCNC3)ncc2-c2ccccc2)c2c1COC2,-7.0,3.551181019123519,13_1301
O=c1[nH]c(=O)n(-c2ccccc2Cl)c2cc(-c3cccc(Br)c3)ccc12,-7.1,3.6727613722489103,13_1302
C=CC(=CC=Cc1ccc([C@H]2C[C@H](c3ccc(F)cc3)c3c([nH][nH]c3=O)O2)c(Cl)c1)OC(F)(F)F,-7.1,3.410983425885198,13_1303
O=C(Nc1ccc(CC(NC(=O)C2CCC(=O)N2Cc2ccccc2Cl)C(=O)O)cc1)c1cccc2ccccc12,-7.5,3.35796029478338,13_1304
CS(=O)(=O)NCCCCOc1ccc2nc3[nH]c(=O)[nH]c3cc2c1,-6.1,3.4689873925053307,13_1305
Cc1cccc(NC(=O)CCn2cnc3ccccc3c2=O)c1C,-7.1,3.7925242008531947,13_1306
COC=c1ccc2cc(cnc(O)c1)=CCc1ccccc1CNC(=O)C(NC(=O)C1CCCN1S(=O)(=O)c1cc(Cl)cc(Cl)c1)C2,-9.0,1.3037718849027486,13_1307
O=C(NN=C1CCN(Cc2ccccc2)CC1)c1ccco1,-6.8,3.7176562998055704,13_1308
COc1cc(-c2nnc(Nc3nc4ccccc4s3)o2)cc(OC)c1OC,-6.3,3.5933539034968103,13_1309
O=C(Nc1cncc(-c2ccc3[nH]nc(-c4nc5c(-c6cccc(F)c6)cncc5[nH]4)c3c2)c1)C1CC1,-9.1,3.3969341319136346,13_1310
CN(C)C(=NCC#N)c1nc(=O)cc[nH]1,-5.2,3.2220107905311703,13_1311
Cc1cc([C@H]2CNC[C@@H]2NS(C)(=O)=O)ccc1-c1cc2cc(Cl)c(Cl)cc2[nH]1,-7.1,3.6601497501732436,13_1312
O=C(NCCc1c[nH]c2ccccc12)c1ccc(C#Cc2ccc(C(=O)Nc3cccc(Cl)c3)cc2)cc1,-5.2,3.2186008609548775,13_1313
O=C(O)c1ccccc1CN1CCCC(C(=O)Nc2ccc(Oc3ccccc3)cc2)C1,-6.7,3.6837255387345786,13_1314
CN(C(=O)c1cscn1)c1ccc2ccccc2c1,-6.0,3.5912588963265204,13_1315
COc1ccc(/C=C/C(=O)c2ccc([N+](=O)[O-])cc2)cc1O,-6.5,3.486719012790452,13_1316
CCn1c(CNc2ccc(Cl)cc2)nnc1SCC(=O)Nc1ccccc1C(F)(F)F,-7.3,3.5589623137525055,13_1317
O=C1c2ccccc2C(=O)c2c1oc1ccccc21,-7.0,3.491430919554505,13_1318
CCN(CC)CCSc1nnc(-c2ccccc2)n1Cc1ccccc1,-5.6,3.5813553614135247,13_1319
NC(=O)c1cccc2c(NCc3cccc(NC(=O)c4ccc(F)c(Cl)n4)c3)ncnc12,-7.7,3.48224092081408,13_1320
Cc1cc(NC(=O)COc2ccc(C(=O)c3ccc(Cl)cc3Cl)cc2)ccc1C(N)(CC=O)SCCO,-5.9,3.2035826442296775,13_1321
COc1cc(OC)cc(-c2c(-c3ccc(OC)c(OC)c3)c3cc(-c4ccccc4)ccc3n2C)c1,-6.6,3.3561620294248726,13_1322
Cn1cc(-c2cnn(O)c2)c(=O)c2cc(F)c(N3C=CC(N4C=CN(C(=O)c5ccccc5)c5ccccc54)N=N3)cc21,-8.6,3.1332835414269473,13_1323
CCON=C(C1=CC(=CC(=O)Nc2cccnc2)C1)c1cc2ccccc2c2cc(C(F)(F)F)ccc12,-7.4,3.2648988248689204,13_1324
O=C(O)Cc1nn(Cc2nc(Cc3ccc(F)cc3)no2)c(=O)c2ccccc12,-7.1,3.645472842713623,13_1325
O=C1C(=O)N(Cc2ccc(OCCF)cc2)c2ccc(S(=O)(=O)N3CCC[C@H]3COc3ccc(F)cc3)cc21,-6.1,3.386453825952358,13_1326
O=C(c1ccc(F)c(F)c1)N1CCC2(CC1)CC(=O)N(c1ccc(F)cc1)C2,-7.3,3.566276155763234,13_1327
N#CC1=C(Cl)Oc2c(ccc3ccccc23)C1c1ccc(OC(=O)c2ccc(C(F)(F)F)cc2)cc1,-8.0,3.390405846186148,13_1328
COc1cc(N)c(Cl)cc1C(=O)NCC1NCc2ccccc2[C@@H]1c1ccc(C(F)(F)F)cc1,-8.1,3.5716227766378505,13_1329
CCN(CC)CCNc1ccccc1-c1ccccc1NC(=O)Cc1cccc(NC(=O)Nc2ccc(N(CCCl)CCCl)cc2)c1,-5.8,2.9496296867010674,13_1330
Cc1c(CCC(=O)O)ccc(OCc2cccc(-c3ccccc3)c2F)c1C,-7.2,3.604952231284635,13_1331
O=C(NCCCn1ccnc1)c1ccc2c(=O)n(Cc3ccco3)c(SCC(=O)N3CCCCC3)nc2c1,-6.7,3.2144709361579515,13_1332
O=C(NNc1cc(C(F)(F)F)ccc1-n1cncn1)c1ccc(-c2nc3ccccc3[nH]2)cc1,-7.3,3.394054574013259,13_1333
O=c1c(Sc2nc3ccccc3[nH]2)cnc2ccccn12,-7.1,3.6823863096451435,13_1334
Cc1ccc(Oc2ccc(Nc3cc(C)no3)cc2)cc1,-6.5,3.7266531089715498,13_1335
CCN(CCc1ccc(NC(=O)c2ccc(C(=O)Nc3ccc(Br)cc3C)cc2)cc1)Cc1ccc(OC)c(OC)c1,-5.4,3.29836952694816,13_1336
O=C(Nc1ccc(-c2nc3ccccc3[nH]2)cc1)c1ccccc1Nc1ccccc1C(=O)Nc1ccccc1Cl,-7.9,3.1455531942433987,13_1337
O=C(CNc1cccc2ccccc12)N/N=C/c1ccc([N+](=O)[O-])o1,-6.8,3.525108720058183,13_1338
O=C(NCCn1ccnc1)c1cc(-c2c(O)cc(O)cc2Oc2ccc([N+](=O)[O-])cc2)on1,-7.3,3.153783033751486,13_1339
Cn1cc(-c2ccc(Nc3ccc(CC(=O)Nc4ccc5c(c4)OCO5)c(F)c3)c(C#N)c2N)[nH]1,-6.7,3.33274137658449,13_1340
CC=NOc1ccccc1C=O,-4.7,3.2335871816590274,13_1341
O=[N+]([O-])c1cnc(N[C@H]2CC[C@H](O)CC2)nc1Nc1ccc2c[nH]nc2c1,-8.5,3.299334405452928,13_1342
Cc1ccc(-c2nn(CC(=O)Nc3ccccc3C)cc2-c2ccc3ncnn3c2)cc1,-8.1,3.600175939054287,13_1343
COc1cc2nc(N3CCN(C(=O)c4cccc(Cl)c4)CC3)nc(N)c2cc1OC,-7.2,3.7299897721404767,13_1344
CC(=O)Nc1[nH]nc2cc(NC(=O)N[C@H](C)c3ccccc3)ncc12,-6.8,3.5860104213549486,13_1345
COc1c(CC2=NC(c3ccccc3F)=NC2=O)c2ccccc2n1Cc1ccccc1,-7.4,3.628717521237503,13_1346
COc1ccc2oc(-c3ccc(NC(=O)c4ccc(Br)o4)cc3)cc(=O)c2c1,-7.3,3.713703882332193,13_1347
COC(=O)C(COC(C)(C)C)NC(=O)O[C@H]1CC[C@@H](C2=CC=C(c3ccc(NC(=O)Nc4cccc(C#N)c4)cc3C)C2C)C1,-5.1,3.1073514735240972,13_1348
COc1cccc(-c2cc(=O)c3cc(OCCCCCN4CCN(C)CC4)ccc3o2)c1,-6.6,3.565158946040052,13_1349
[N]=C1C=CC=C(c2ccc(S(=O)(=O)n3c4ccccc4c(=O)c4ccccc43)cc2)C=CC1=C1CC(=O)C1=CN1CCN(c2cccc(Cl)c2)CC1,1.0,1.0426837848120343,13_1350
OCOc1cc(C=Cc2ccc(O)c(O)c2)cc2ccccc12,-7.1,3.4785509720912833,13_1351
CCN=C1c2cc(N3CCN(Cc4ccc5c(c4)OCO5)CC3)c(F)cc2C(=O)C1c1csc(N)n1,-7.1,3.3948491474223075,13_1352
CNC1Cc2ccccc2Cc2cc(O)ccc2C1,-6.7,1.577340090334049,13_1353
CNCC(=O)Nc1nc2cc3nc(NC(=O)NCCc4ccccc4)sc3cc2s1,-6.0,3.4474210785492767,13_1354
O=C(O)c1cn(CCO)c2cc(N3CCNCC3)c(F)cc2c1=O,-6.5,3.5769528148971763,13_1355
Cc1cc(Nc2ccc(Cl)cc2)nc(-n2ccnc2C)c1[N+](=O)[O-],-6.0,3.6687510163368238,13_1356
O=C(CN1CCOCC1)Nc1cccc(C(=O)c2ccc3c(C=Cc4ccccc4)[nH]nc3c2)c1,-7.6,3.5615092819266394,13_1357
O=C(c1ccccn1)N1CCC[C@H](c2ccc3c(c2)CCCO3)C1,-7.2,3.5613162514894956,13_1358
CCCCCCCCCBr,-3.3,1.3235603268294005,13_1359
Cc1n[nH]c(C2CCCN(C(=O)c3cccc(O)c3)C2)n1,-6.7,3.683869647776408,13_1360
OOc1ccccc1-c1ccc(-n2nc(C(F)(F)F)cc2C=CCCl)cc1,-7.2,3.5400691786182454,13_1361
COc1cc2c3c(c4cc(OC)c(OC)cc4c2cc1OC)[C@H](O)[C@@H]1CCCN1C3,-7.0,3.6254347118225585,13_1362
CCC(=O)N[C@H]1c2cncc(-c3ccc4c(c3)CCC(=O)N4C)c2CC[C@@H]1C,-6.5,3.637259421921061,13_1363
CC=CC=CCC=NC=CNC(C)=O,-4.3,1.9011581764092336,13_1364
O=C1CCc2cc(Nc3cccc(-c4cnc5ccccn45)c3)ccc2N1,-8.6,3.6374368203803824,13_1365
Cc1ccc(NC(=O)c2ccccc2C(=O)N2CCN(c3cccc(F)c3C)CC2)cc1Cl,-7.5,3.6989851335351904,13_1366
CCNC(=O)C1O[C@@H](n2cnc3c(N)nc(C#Cc4ccccc4O)nc32)[C@H](O)[C@@H]1Nc1cccc(Cl)c1,-8.1,3.0455535345673095,13_1367
O=C1c2ccccc2CC1c1cc(-c2cccc(Cl)c2)nc2ccccc12,-8.2,3.391683081083745,13_1368
O=C(Cc1ccccc1)Nc1ccc(O)cc1,-6.3,3.49318587471039,13_1369
O=C(c1cc(-c2ccc(Br)cc2)on1)N1CCOCC1,-6.1,3.696280997673267,13_1370
CCN(CC)c1ccc(Nc2cc(-c3ccccc3)nc(N3CCN(c4ccccc4)CC3)n2)cc1,-8.4,3.5340021489711577,13_1371
CCCCNC(=O)c1ccccc1NC(=O)c1cccc(S(=O)(=O)N2CCCCC2)c1,-7.0,3.6175246243329697,13_1372
CC(=O)c1ccc(-c2ccc(CCOc3ccc4c(c3)CC[C@H]4CC(=O)O)cc2)cc1,-7.6,3.560630992665989,13_1373
C=CCNc1nc(Nc2ccc(Oc3nccs3)cc2)c2ccccc2n1,-6.6,3.540211056172444,13_1374
O=c1cc(-c2cccc(C(F)(F)F)c2)c2ccccc2n1O,-7.6,3.620376005887022,13_1375
O=C(Cn1cc(C(=O)c2ccccc2)c2ccccc21)Nc1ccc(F)cc1,-7.5,3.6055496105973477,13_1376
CC(=O)O[CH]C1C=C(c2coc3cc(O)ccc23)c2ccccc2N1C(=O)c1ccccc1,-7.9,3.5986783169272067,13_1377
CC(C)=CC1C(=O)C(c2c(O)ccc3c2O[C@@H]2OC(C(=O)O)[CH]CC[C@]2(C)O3)[C@]1(C)CC[CH]OC(N)=O,-7.0,2.090504916570012,13_1378
O=C(Nc1ccc(OC(F)(F)F)cc1)c1cccc2c1-c1ccccc1C2=O,-7.0,3.7372892600718632,13_1379
CCOc1cc(F)ccc1-c1cccc(C(CC(=O)O)c2ncc(C)s2)c1,-7.0,3.7420629621909005,13_1380
Cc1cccc(C(=O)N/N=C/c2cccs2)c1,-5.5,3.5588201638471153,13_1381
COc1ccc(Nc2nc3cc([N+]=[N+]=[N-])ccc3[nH]2)cc1,-7.2,3.5236752369112643,13_1382
CC=C1c2c(Nc3nccc(-c4cccs4)n3)cccc2N1c1ccc(N2CCOCC2)cc1,-7.2,3.477229012928544,13_1383
O=C(Nc1ccc(-c2ccncc2N2CCCNCC2)cc1)c1cccc2ccccc12,-8.6,2.654925814831844,13_1384
COc1ccccc1NS(=O)(=O)c1cc(C(=O)Nc2ccc(OC)c(OC)c2)n(C)c1,-6.5,3.6317851374710424,13_1385
CCOC(=O)c1c(O)c2cccc3c2n(c1=O)CCC3,-6.8,3.6752527938784514,13_1386
C/C(=N\NC(=O)CSc1nc2cc(Cl)ccc2[nH]1)c1cc2ccccc2oc1=O,-7.5,3.3704988158255667,13_1387
O=C(Nc1cccc2ccccc12)c1ccc2c(c1)nc1n2CCS1,-7.8,3.6675397863482004,13_1388
Cc1cc(-c2cn(C=CC3=NC=c4ccccc4=CC3)nn2)ccc1O,-7.3,2.7790890715868475,13_1389
CC(=O)NC(COCc1ccccc1)C(=O)NC(CCc1ccccc1)C(=O)NC(Cc1c[nH]c2ccccc12)C(=O)NC(Cc1ccc(Cl)cc1)C(O)=NO,-6.6,2.3895945994297234,13_1390
COC1=CCC(=c2nc3sc(C(F)(F)F)nn3c2=CNN=C2N=C(c3ccc(Cl)cc3)C=S2C)C1,-8.0,3.465375140880083,13_1391
O=C1c2cccnc2C(=O)c2c1c(C(=O)NCCN1CCOCC1)c1ccccn21,-7.6,3.621395010392979,13_1392
CC(=O)Nc1ccc(-c2ccccc2)cc1N(Cc1ccco1)C(=O)c1ccccc1F,-7.1,3.612174303395567,13_1393
CC(=O)Nc1ccc(NC(=O)Cc2ccc(NS(=O)(=O)c3ccc4c(c3)OCCCO4)cc2)cc1,-6.9,2.5849981588933812,13_1394
CC(C)C(NC(=O)Cn1c[n+](C)c2ccccc21)C(=O)N1CCCCC1,-6.2,3.64785926522108,13_1395
CNC(=O)C1C[C@H](Nc2nc(NCc3ccccc3)nc3ccc(N)cc23)CN1C(=O)c1ccccc1,-8.4,3.344020542962795,13_1396
O=Cc1cc2ccccc2[nH]c1=O,-5.4,3.3916022460759017,13_1397
COc1cccc(N2CCN(C(=O)c3cn4c(=O)c5cc6c(cc5nc4s3)OCO6)CC2)c1,-7.9,3.4452879684568014,13_1398
O=CC(Br)=CC=CC(=O)NNC(=O)c1cccc2c(=O)c3ccccc3[nH]c12,-7.1,3.2303315033777222,13_1399
CC(C)c1nc2ccccc2c2c1c(=O)n(-c1ccccc1F)n2C,-7.5,3.649091287881329,13_1400
O=C(NCC(F)(F)F)Nc1cccc(-c2cnc3cc(-c4nccc(C(F)(F)F)n4)ccn23)c1,-7.6,3.535939739234972,13_1401
O=CCCC=CC(F)S(=O)(=O)NC(C(=O)N1CCN(c2cccc(Cl)c2)CC1)C(F)F,-6.4,3.3509366057881778,13_1402
Cc1ccc(Cn2cnc3c(-c4cccc5ccccc45)ncnc32)s1,-7.4,3.5168612742554197,13_1403
O=C(O)c1cccc(CNC[C@H]2COc3cc(-c4cc(Cl)ccc4C(=O)O)ccc3[C@H]2c2ccccc2)c1,-8.2,3.403212402728912,13_1404
Cc1ccccc1OCc1conc1C(=O)N1CCN(c2ncccn2)CC1,-7.1,3.697865124751177,13_1405
O=C(NCc1cccc(Cl)c1)c1cc([N+](=O)[O-])ccc1O,-6.7,3.616509979060909,13_1406
COC(=O)c1c(O)cc(O)c(Cl)c1CCC(=O)Oc1ccc2cc(OC(=O)c3ccc(C(F)(F)F)cc3)ccc2c1,-6.5,3.2486750245749283,13_1407
Cc1ccc(/C=C/C(O)(c2ccccc2)c2nn[nH]n2)cc1,-6.7,3.730381939256759,13_1408
O=C(Nc1ccc(C(=O)N2CCc3ccccc3C2)cc1Cn1cncn1)c1ccccc1Cl,-8.5,3.6792234643974595,13_1409
COC(=O)C1C[C@@H](c2ccc(OC)cc2)N(Cc2cc(-c3ccccc3)on2)C1,-7.1,3.6691424883671067,13_1410
CC=C1C=C(C(=O)Nc2cccc(Oc3ccc4c(C=Cc5ccccc5)[nH]nc4c3)c2)c2ccccc21,-8.1,3.2097638170906073,13_1411
CC1C[C@@](C)(OC/C=C/c2cccc3cnccc23)[C@H](O[C@@H]2O[C@H](C)C[C@H](N(C)C)[C@H]2O)C(C)C(=O)C(C)C(=O)O[CH]CC[C@@]2(C)OC(=O)N[C@@H]2C(C)C1=O,-7.6,1.3835210227233818,13_1412
O=C(Nc1cccc(-n2cccn2)c1)C1CCCN(C(=O)c2cccc(C(F)(F)F)c2)C1,-7.6,3.774190528394625,13_1413
O=C(Nc1nc(CC(O)=NO)cs1)c1ccccc1,-6.6,3.2882685988804083,13_1414
CN(CC(C=O)Cc1ccccc1)Oc1ccccc1Br,-5.1,3.5469127648111716,13_1415
Cc1nc2c(c(-c3cc[nH]n3)n1)CC(C)N(C(=O)c1ccc(-c3ccc(F)c(F)c3)cc1)C2,-8.0,3.70384842045721,13_1416
N=C(N)Nc1ccc(C(=O)ON=C(N)c2ccc(OC(F)F)cc2)cc1,-7.1,3.1680910533605857,13_1417
COC=C1C=Cc2cc(-c3nc(-c4ccc(Oc5ccc(F)cc5)cc4)no3)ccc2CNS(=O)(=O)C=C1,-7.2,1.3366320007735135,13_1418
Cc1nnc(NC(=O)CCC(=O)NCCc2ccc(Cl)cc2)s1,-6.4,3.701880542083733,13_1419
Cc1ncc(C(=O)Nc2nc(-c3ccccc3)c(-c3ncccc3CO)s2)cn1,-7.0,3.6360181104248017,13_1420
CC(C)CC(NC(=O)C(Cc1ccccc1)NC(=O)CNC(=O)CNC(=O)C(N)Cc1ccc(O)cc1)C(=O)O,-6.4,2.940922318238531,13_1421
Cc1ccccc1NC(=O)c1ccc2[nH]c(C3=CC=CN(C(=O)COc4ccccc4C)C3)nc2c1,-7.4,3.5912178449662897,13_1422
COc1ccc(-c2noc(-c3cc(C)ccc3N3CCC(Nc4ccc(F)cc4)CC3)n2)cc1,-8.1,3.613551982208577,13_1423
CNCCC1C2Cc3ccccc3N(c3ccccc3)C12,-6.0,3.4577792994633643,13_1424
OCc1ccccc1-c1csc(Nc2ccccc2Br)n1,-6.5,3.71223360778068,13_1425
O=c1c2sc3ccccc3c2[nH]c(=S)n1-c1cccc(C(F)(F)F)c1,-7.4,3.5678465549346754,13_1426
CCc1ccc(NS(=O)(=O)c2ccc(S(=O)(=O)N3CCC(C)CC3)cc2)cc1,-7.0,3.778819663951496,13_1427
Cc1ccc2c(c1)C(=NC1=S([NH])C(c3cc4ccc(C(=O)N5CCOCC5)cc4[nH]3)C=N1)N2,-8.7,3.425266402498968,13_1428
Cc1c(C=CC=NC(=O)C2CCN(Cc3ccc(F)c(F)c3)CC2)n[nH]c1Nc1cccc2ccccc12,-6.1,3.467427000491721,13_1429
O=C(Cc1ccccc1)Nc1nnc(CCSCc2nnc(NC(=O)Cc3ccccc3C(=O)O)s2)s1,-6.5,3.0898655027033746,13_1430
CCCCc1oc2ccccc2c1C(=O)c1ccc(OC[C@H]2CN(C)c3ccccc3O2)cc1,-7.2,3.4401915299988044,13_1431
O=C(c1cccc2ccccc12)N1CCC(N2CCN(c3ccccc3)CC2)CC1,-8.4,3.519520991093218,13_1432
COc1ccc(OC)c(N=C2C(=O)c3ccccc3C(=O)C2N)c1,-7.0,3.7610520633957085,13_1433
CCOC(=O)c1ccc(-n2cnc3c(sc4ncnc(NC5CC5)c43)c2=O)cc1,-6.6,3.5371538892712713,13_1434
O=C(Nc1ccc2c(c1)OCCO2)Nc1ccc2c(c1)OCCO2,-6.8,3.6352889815628373,13_1435
NC(C(=O)NC1C(=O)N2C(C(=O)O)=C(C(F)(F)F)CC[C@@H]12)c1ccc(F)cc1,-6.7,3.312578810433517,13_1436
CCOC=CC=CCn1cc(C(=O)N2CCN(c3cnc4ccccc4c3)CC2C(=O)NCC(N)=O)n(C)c1=O,-7.8,3.2017093602693922,13_1437
CCC(c1nc2cc(Cl)ccc2c(=O)n1Cc1ccccc1)N(CCCN)C(=O)c1ccco1,-6.3,3.606683282290242,13_1438
Cc1ccc(Nc2nccc(-c3ccc(NC(=O)Cc4ccccc4)nc3)n2)cc1,-7.1,3.6542057543357993,13_1439
OC[C@H]1OC(n2cnc3c(NC4CCCC4)nc(Cl)nc32)[C@H](O)[C@@H]1O,-6.8,3.1400743719010995,13_1440
Cc1cc(CC(=NC(=O)c2ccccc2)C(=O)NC2CC2)cc(C(=O)O)c1,-6.4,3.6511605157480442,13_1441
CCCCCCCCCNc1ncccn1,-4.5,3.4024530117866822,13_1442
C#CCNC1=CC=CC(c2ccc3c(C=Cc4ccccc4)[nH]nc3c2[CH]C)C1,-6.6,3.4827857491068723,13_1443
Clc1ncnc2c1ncn2Cc1ccccc1,-5.4,3.5468641328423374,13_1444
O=c1oc2ccccc2c(=O)n1Cc1cccc2nc(-c3ccc(Cl)cc3)nn12,-8.3,3.5311319566272417,13_1445
c1cncc(-c2ccc(C3CCCC3)nc2)c1,-6.1,3.4399323856121007,13_1446
CC=CC=C1C2=CN=NC=CC(=CN(CCCN3CCN(c4cccc(OC)c4)CC3)S(=O)(=O)C3=CC(=COC)C=Cc4ccccc4C(=O)NC13)C=N2,-7.9,0.7499440840101421,13_1447
Cc1c[nH]c2ncnc(-c3ccc(NC(=O)NCc4cccs4)cc3)c12,-6.9,3.621923076931831,13_1448
O=C1S/C(=C\c2ccccc2)C(=O)N1Cc1ccc(Cl)cc1Cl,-6.2,3.5905694664535526,13_1449
O=C(Cc1ccccc1)NN=Cc1ccc(O)c(O)c1,-6.6,3.451481675714116,13_1450
Cc1nn(C)c(NC(=O)c2cccc([N+](=O)[O-])c2)c1C=O,-6.5,3.4762905758320346,13_1451
O=S(=O)(c1cccc2ccccc12)N1CCC(CN2CCC(c3noc4cc(F)ccc34)CC2)CC1,-7.7,3.4884458827398745,13_1452
CCCOc1ccc(C(c2ccc(N(CC)CC)cc2)c2ccc([N+](=O)[O-])cc2)cc1,-6.8,3.382753954473162,13_1453
Cc1oc(-c2ccc(-c3ccncc3)cc2)nc1Cn1cc(-c2cccc3[nH]nc(Cl)c23)nn1,-8.0,3.5007293001514874,13_1454
CC(Nc1cc2cncc(-c3ccc(F)cc3)c2cn1)c1ccccc1,-7.1,3.6011030287295367,13_1455
O=C1C(CC(O)=NO)Sc2ccccc2N1Cc1ccccc1,-6.5,3.464352388205563,13_1456
C[n+]1cccc(-c2cccc3ccccc23)c1,-7.0,2.9843448519878546,13_1457
Cc1ccc(NS(=O)(=O)c2ccc3c(c2)C(=O)NCC3)cc1C,-7.9,3.7091868505154024,13_1458
COc1ccc(Cl)cc1C(=O)NC(Cc1ccccc1)C(=O)N(C)c1ccccc1,-7.7,3.7281758059779273,13_1459
Cc1nn(-c2ccccc2)c(-c2ccccc2)c1-c1cc(-c2ccccc2)nc2ncccc12,-7.5,3.2887065114269256,13_1460
N#Cc1ccc(Cn2cncc2C(=O)N(C=NC(=N)c2ccc(Br)o2)C2CCCC2)cc1,-6.9,3.5957560706476066,13_1461
O=C(O)C1CCc2nn(-c3ccc(Cl)cc3)cc2C1,-6.5,3.68144210124848,13_1462
Nc1cc(C(F)F)c(-c2nc(N3CC4CCC(C3)O4)c3cnn(CC(F)(F)F)c3n2)cc1F,-7.7,3.47433540077375,13_1463
COCC(c1ccc(C(C)C)cc1)N1CCN(c2cc3c(cc2F)c(=O)c(C(=O)O)cn3-c2ccc(F)cc2)CC1,-7.2,3.520300842534537,13_1464
[CH][C@H](OC(C)=O)[C@]1(C)CO[C@H](c2ccoc2)C[C@]1(C)[CH]C(=O)C(C[CH]C(=O)OC)OC(C)=O,-6.3,3.28743717212033,13_1465
CCCC[C](CC[C@@H](c1ccc(C(F)(F)F)cc1)N(C)S(=O)(=O)c1ccc(C(C)(C)C)cc1)OC,-6.1,3.448846001849249,13_1466
O=C(c1ccccc1)c1ccc(C=Cc2c(O)[nH]c(N3CCOCC3)c2-c2ccccc2)cc1,-7.5,3.516006249016293,13_1467
COc1ccc(-c2cccc(C=Cc3c([NH])sc4c3CCCCC4)c2)cc1,-6.8,2.459461057963459,13_1469
Cc1ccc(C(O)(c2ccc3ccccc3c2)n2ccnc2)cc1,-7.1,3.615201827349247,13_1470
O=CC12[CH]c3ccccc3NC(=O)N(CC3CCCCC3)C1Cc1ccccc12,-7.8,1.5453717501069129,13_1471
O=C(NC1CCOC1=O)c1ccc(-c2cnc3ccc(NCc4ccc(Cl)c(Cl)c4)nn23)cc1,-7.5,3.5195216477037974,13_1472
O=C(c1cccc2ccccc12)c1c(-c2ccccc2)oc2cc(O)ccc12,-8.2,3.4002731704274476,13_1473
CN(C)C[C@H]1C[C@H]2c3ccccc3Oc3ccc(Cl)cc3[C@H]2O1,-7.3,2.5373584530688555,13_1474
O=C(Nc1ccc(C2OCC(C(=O)OCc3ccccc3)N2C(=O)c2ccc(F)cc2)cc1)c1ccc2c(c1)OCO2,-7.1,3.3543037697374842,13_1475
O=C(Nc1ccccc1N1CCOCC1)C1=C(c2ccc(Cl)c(Cl)c2)CCCC1,-7.6,3.6092161907545237,13_1476
C=C1C(=O)[C@]23C[C@@]1(O)CC[C@H]2c1ccc(O)c(C)c1C3Cn1cc(-c2ccc(C(F)(F)F)cc2)nn1,-7.7,3.4120967829057878,13_1477
O=C(Cc1c(O)[nH]c2ccc(-c3ccccc3Cl)cc12)N1CCN(CCO)CC1,-6.4,3.6955928512049443,13_1478
Cn1c(=O)n(CCN2CCOCC2)c(=O)c2c1nc(-n1ccnc1)n2Cc1c(F)cccc1F,-7.7,3.3769859235750253,13_1479
Cc1cc(Nc2nc(-c3ccc(Sc4ccc(Cl)cc4)cc3)nc(N3CCCCC3)n2)ccc1NC(=O)c1cc2ccccc2n1C,-4.5,3.0710722749863146,13_1480
COc1ccc(NC(=O)c2cc(-c3ccc4c(c3)OCO4)no2)cc1OC,-6.8,3.7178840099917227,13_1481
Oc1ccccc1N1CCN(CCn2c3ccccc3c3nc4ccccc4n32)CC1,-7.9,3.5812852585663286,13_1482
Cc1ccc(NC(=O)Cn2cc(COc3ccc4c(c3)CCC4)nn2)cc1C,-7.1,3.7830687093643793,13_1483
O=C(Nc1ncc(-c2ccccc2Oc2ccccc2)s1)c1ccccc1,-7.3,3.666629756152642,13_1484
Cc1cc(Nc2nc3ccccc3[nH]2)nc2ccccc12,-7.1,3.5792373044903307,13_1485
O=C(c1cccc(C(F)(F)F)c1)N1CCC(Nc2ccc(C3=NC(=Nc4cc(C(F)(F)F)ccn4)C=CCC3)cn2)CC1,-6.3,2.4340508697260947,13_1486
Fc1ccc2c(c1)C(c1ccccc1)=NCC2c1ccccc1,-7.1,3.356111673611923,13_1487
O=C(C(=O)N1CCN(C(=O)c2ccccc2)CC1)c1ccc2ccccc2c1,-7.8,3.5805170434862243,13_1488
O=C(NC[C@@H]1N[C@H](CO)[C@H](O)[C@@H]1O)C(c1ccccc1)c1ccccc1,-6.6,3.3855193562000085,13_1489
COc1ccccc1Nc1c2ccccc2[n+](C)c2c1[nH]c1ccccc12,-7.9,3.376450253238745,13_1490
C=CC=C(C=C)C=CC(=Cc1ccc(CN2CCCCC2)cc1)c1ccccc1,-6.3,2.9983060376854196,13_1491
C=C1CC[C@@H]2[C@](C)(CCC[C@]2(C)C(=O)O)[C@H]1CC[C@H](C)CCO,-5.2,3.2379170010264886,13_1492
Cc1cccc(C)c1NC(=O)C=C1C=CC(/N=c2/sc(CC(=O)N3CCN(C)CC3)c(O)n2CC=CCC=O)=C1,-7.0,3.2318441303462864,13_1493
N#Cc1cn(C2CCOC2)c2ccc(-c3ccc(C(=O)N4CCOCC4)cc3)cc12,-6.9,3.6438785000265543,13_1494
Cc1nn(-c2ccccc2)c(C)c1C(=O)Oc1ccc(O)c(Cn2ccnc2)c1,-7.3,3.6079946710337207,13_1495
O=c1c2ccccc2nnn1Cc1cc[n+](Cc2ccccc2F)cc1,-7.1,3.619464564851063,13_1496
N#CCC1(n2cc(C(N)=O)c(Nc3ccccc3)n2)CN(C(=O)COc2cccc(F)c2)C1,-6.9,3.5829390744399845,13_1497
COc1cc(OC)c(-c2cn3ccc(N4CCN(c5ccnc(N6CCN(C)CC6)n5)CC4)cc3n2)cc1Cl,-7.6,3.3244090094946412,13_1498
O=C1C(=O)c2ccccc2C2=C1CC(Cn1cc(C3(O)CCCC3)nn1)O2,-8.0,3.448708189235454,13_1499
CC(=O)Nc1cccc(Nc2ncc3cc(C(=O)N(C)C)n(C4CCCC4)c3n2)c1,-7.9,3.7231330130140847,13_1500
COc1cc(C)c(S(=O)(=O)NC(Cc2ccc(-c3cccc(NC(=O)c4ccncc4)c3)cc2)C(=O)O)c(OC)c1,-6.9,3.2812183401650916,13_1501
C[C@]12CC[C@H](C3CCCCC3)C[C@@]1(O)CC[C@@H]2/C=N/N=C(N)N,-6.2,2.9857635926465558,13_1502
C=C1C(CNc2nc(-c3ccc4ncccc4c3)c3nccnc3c2C)=CC=CC12C=CN=C2,-8.4,3.5388320039940373,13_1503
CCOc1cc(CN2CCC(N3CCC(C(=O)N4CCOCC4)CC3)CC2)cc(OCC)c1-c1ccc(F)cc1,-7.4,3.280741899917654,13_1504
COc1ccc(OC)c(/C=C/C(=O)c2cc(Cl)cs2)c1,-5.4,3.6000427168209974,13_1505
O=C(c1ccco1)N1CCN([C@H]2c3ccc(Cl)cc3CCc3cc(Br)cnc32)CC1,-8.1,2.6171986743303584,13_1506
COCc1cc(-c2cccc(C(=O)NCc3cccc(-c4ccccc4)c3)c2)ccn1,-7.3,3.578862863628988,13_1507
O=C(Nc1cccc(Nc2ccc3c(C=Cc4ccccc4)[nH]nc3c2)c1)c1ccccc1F,-7.9,3.3845568542149063,13_1508
Oc1ccc2c(c1)OC(c1ccc(OCCN3CCCCC3)cc1)c1c-2ccc2ccccc12,-7.3,3.4557302716970923,13_1509
C1=[N+]CC=C2C1=Cc1cc(Oc3ccccc3)ccc1N2Cc1ccccc1,-8.0,3.4626563669047776,13_1510
O=C(O)c1[nH]nc2ccccc12,-5.3,3.382141796439765,13_1511
Cc1ccccc1-c1nc(CS(=O)(=O)CC(=O)N2CCC(C)CC2)co1,-6.3,3.7327801620396595,13_1512
O=C(NS(=O)(=O)c1ccc2c(c1)CCO2)c1ccc2ccccc2c1,-7.5,3.7969576963622016,13_1513
O=C(O)CCc1ccc(C(c2ccc(-c3nnc(C4=CNCN5CCC[C@@H]45)o3)cc2)c2ccc(C(F)(F)F)cc2)cc1,-8.2,3.2865529399134292,13_1514
CSc1nnc(-c2ccc(-c3ccc(N4C[C@H](CNC(C)=O)OC4=O)cc3F)cc2)o1,-6.4,3.6575447658110267,13_1515
O=C(Nc1cccc(/C=C/c2ccc3cccc(O)c3n2)c1)c1ccccc1,-7.0,3.6014656526223487,13_1516
CN=C1NC(Nc2ccc(C(=O)N3CCC(O)CC3)cc2OC=N)C=C1c1cnn(C)c1,-7.5,3.2244548440181946,13_1517
CNC(=O)c1cc2ccc(Cc3ccc(-c4c(C)n(CC(=O)N(C)Cc5ccccc5)c5ccccc45)cc3)cc2o1,-7.1,3.335587503924207,13_1518
CC(=O)NC(Cc1ccccc1)C(=O)NC(CCCN=C(N)N)C(=O)O,-6.6,2.9282713971744116,13_1519
O=C(c1ccc(Cl)cc1)C(c1ccccc1)c1ccccc1,-6.6,3.329706281169421,13_1520
Cn1cncc1C(OCc1c(-c2cccc(-c3ccncc3)c2)cc(C#N)c(=O)n1C)c1ccc(C#N)cc1,-7.0,3.3558786227194313,13_1521
COc1ccc2cc(C(C)C(=O)NCc3ccc(C(C)(C)C)cc3)ccc2c1,-7.4,3.5828852775886846,13_1522
O=c1c2ccccc2c(-c2ccc(F)cc2)nn1-c1ccc(F)cc1F,-8.7,3.5983216935602895,13_1523
COc1ccc(NC(=O)Nc2ccc(C3=C4C(=N)N=NC4CCC3)cc2)cc1OC,-7.8,3.5481423189649868,13_1524
NC(=O)CC1CCN(c2ccc3nnc(C4C=CC=CC4)n3n2)CC1,-7.4,3.6754897853588684,13_1525
Clc1ccc(Cn2c[n+](Cc3ccccc3)cc2-c2ccc(Br)cc2)c(Cl)c1,-7.3,3.2270143615371456,13_1526
Nc1ccc(S(=O)(=O)c2ccc(NC(=O)c3ccc(F)cc3)cc2)cc1,-7.1,3.716389954001538,13_1527
O=C(N/N=C/c1ccc(-c2cccc(F)c2)o1)c1ccc(-c2nc3ccccc3s2)cc1,-6.2,3.4708585447918985,13_1528
C=C(F)C(=CC=Cc1cc(CN2CCN(C)CC2)ccc1OC)n1c(=O)ccc2cc(S(=O)(=O)Nc3ccon3)ccc21,-7.4,3.288054995332409,13_1529
N=C1n2c(=O)c(-c3ccc(F)cc3)c(C34C=CN=CN[C@H](CC=CC=CC3)C4)n2CCC12COC2,-7.9,1.1708861304796843,13_1530
Cc1ccsc1-c1cc2cnc(Nc3ccccc3)nc2n(C)c1=O,-6.8,3.7320640361690374,13_1531
O=c1c2ccccc2nc(CN2CCCC2)n1-c1ccccc1,-6.8,3.6824787917382666,13_1532
C(=C1\CN2CCC1CC2)\c1ccc2ncccc2c1,-6.4,3.182413821427134,13_1533
O=c1c2ccccc2cnc2[n+]1C=C1CC=C(Br)C=C(C=Cc3cc4ccc(O)cc4n3-2)C1,-8.8,1.234734953918121,13_1534
O=C1NCCc2[nH]c(-c3cccc4ccc(Nc5ccccc5)nc34)cc21,-8.6,3.5499605212634466,13_1535
Nc1ncnc2c1ncn2[CH]c1ccc(-c2ccc(Cl)cc2)cc1[CH]O,-7.2,3.696106890642398,13_1536
C=c1c(=Cc2sc(Nc3ccc(Cl)cc3)nc2O)cc(C)n1-c1ccc(OC)cc1,-6.4,3.648564331981191,13_1537
COc1ccc(C2N=C(N3CCN(Cc4ccccc4)CC3)c3ccc(F)cc3N2)cc1OC,-7.7,3.6286713720868917,13_1538
O=C(CN1CCOCC1)NN1c2ccccc2Sc2ccccc21,-6.5,3.6932118199702813,13_1539
COc1ccc(C2N(c3ccc(F)cc3)C(=O)C3CCCN32)cc1,-7.0,3.591110719598004,13_1540
Cc1cccc(CN2CCN(S(=O)(=O)c3ccccc3)CC2)c1O,-6.6,3.8023929248790083,13_1541
COC1=CC(c2ccc[nH]2)=NC1=Cc1[nH]c(Cc2cccc(C#N)c2)cc1-c1ccc(F)cc1,-8.3,3.550702107622616,13_1542
COc1cc(Oc2ccnc(NC3CCN(Cc4nc5ccccc5s4)CC3)n2)cc(OC)c1OC,-6.9,3.4142145195688354,13_1543
O=C1CC(c2ccccc2)C(C(=O)CCc2ccccc2)C(=O)N1,-6.3,3.624974612770047,13_1544
O=S(=O)(c1ccc2ccccc2c1)N1CSCC1C(O)=NO,-6.3,3.3964756047778124,13_1545
C=CCNc1nc(N)nc2c1ncn2Cc1ccccc1OC,-6.4,3.616066444042815,13_1546
O=C(CCNS(=O)(=O)c1ccccc1C(F)(F)F)c1c2cccc(O)c2c(O)n1-c1ccccc1,-7.3,3.437732830981219,13_1547
CC1CCCCC1NC(=O)c1cccc(NC(=O)C2CC2C)c1,-6.3,3.4827686916060268,13_1548
Cc1nnc2c(-c3nc(-c4ccc(-c5cccc(CO)c5)cc4)cs3)cc3ccccc3n12,-7.5,3.525314846840394,13_1549
COC1=CC=C2CN(N=NCCC3=CC(=NC(=O)C4=C(C)C(=Cc5sc(=S)n(C6CCCC6)c5O)C=C4)C=C3)N2C1,-7.2,2.9538805226714024,13_1550
Cc1nn(-c2ccccc2)c(Oc2ccc(Cl)cc2)c1C(=O)Nc1nnc(-c2ccncc2)s1,-8.2,3.4463945812505905,13_1551
[CH]CCc1c[n+](Cc2ccc3c(c2)OCO3)ccc1NC1CC(=O)OCC=C(C(=O)O)NC1=O,-7.3,1.113846773313056,13_1552
O=P(O)(O)C(Cl)c1cccc(C(Cl)(Cl)P(=O)(O)O)c1,-5.5,3.096179618086731,13_1553
C=c1ccc(-c2cncc(Cl)c2)cc1=CNS(=O)(=O)c1c[nH]c(=O)[nH]c1=O,-7.8,3.503417095952342,13_1554
CN(C(=O)c1ccc(Oc2ncccc2-c2ccnc(Cl)c2)cc1)c1cccc(C(=O)Nc2cccc(Cl)c2)c1,-7.2,3.226116368634222,13_1555
CCn1c2c(c(=O)n(Cc3ccc(F)cc3)c1=O)CN(Cc1ccccc1OC)CC2,-6.9,3.7034491944983543,13_1556
Cc1ccc(-c2nc(CN=C(Nc3ccncc3)SCc3ccc(F)cc3)c(C)o2)cc1,-7.5,3.5331987025201994,13_1557
COc1ccc(Cl)cc1NC(=O)Cc1nc2ccccc2[nH]c1=O,-6.9,3.746836302822974,13_1558
C[C]1CC(C(=O)Nc2cc3c(cn2)C(=O)C=CC3=O)CC1(c1ccccc1)c1ccccc1,-7.0,3.624655269864206,13_1559
C=CC(CC=CC#N)=NCCN(C=CC(O[CH]CC[C@@H](F)CF)C(=N)c1cccc(C(F)(F)F)n1)CC,-6.0,3.1042750760436024,13_1560
O=C(Nc1ccc(Oc2ccnc3[nH]ccc23)cc1)c1cccn(-c2ccc(F)cc2)c1=O,-7.2,3.5734011811404853,13_1561
O=C(CN(CC1CCCO1)C(=O)c1ccccc1F)Nc1ccccc1-c1ccccc1,-6.7,3.705359644022763,13_1562
O=[N+]([O-])c1ccccc1N1CCN(S(=O)(=O)c2ccc3c(c2)CCC3)CC1,-6.9,3.5389405749812815,13_1563
S=C(NCc1cccnc1)SNc1cccc2ccccc12,-6.2,3.6209365147823207,13_1564
O=C(Cn1c(=O)n(-c2ccccc2)c(=O)c2ccccc21)Nc1ccc2c(c1)OCO2,-8.5,3.6374785639348333,13_1565
O=CNC(=O)N(COCc1ccccc1)C(=CS(=O)(=O)c1cccc2ccccc12)Cc1ccc(Cl)cc1-c1nc2ccccc2[nH]1,-6.9,3.020992503413101,13_1566
Cc1ccc(CNC(=O)C(C)Sc2nc3ccccc3c(=O)n2CCc2ccccc2)cc1,-6.3,3.542377308078195,13_1567
CC1=CCC[C@H]1NC(=O)Nc1ccc(Cl)c(S(=O)(=O)C(C)(C)C(N)=O)c1N(C)C=O,-6.3,3.337719548533368,13_1568
O=C(NC(Cn1ccnc1)C(=O)c1cccc(F)c1)c1ccc(-c2ccccc2)cc1,-7.4,3.6135744786883137,13_1569
Nc1c2c(nc3cc(Br)ccc13)CCC2,-6.0,3.4958989767780064,13_1570
CC(C)(O)c1ccnc(NC(=O)Nc2ccc(C(F)(F)F)cc2)c1,-7.0,3.651544679333451,13_1571
O=C(NN=Cc1ccc2nonc2c1)c1ccncc1,-6.6,3.5496576936827875,13_1572
C=CC1=CC=C(Cn2cc(CC)c(=Cc3c(O)[nH]c(=S)[nH]c3=O)c2=C)CC=C1,-7.0,2.6412536121439363,13_1574
CC(C)C(=O)N1CCC(c2nc(-c3cccc(S(=O)(=O)N4CCCC4)c3)no2)CC1,-6.8,3.588922235302168,13_1575
COc1cc2cc(c1)OCC(=Nc1ccccc1C(=O)NCCN(C)C)C=CN=C2,-5.9,1.6246274311991868,13_1576
COc1ccc(-c2c[nH]c(-c3cccc(Cl)c3)n2)cc1,-6.6,3.6491790799784147,13_1577
COc1ccc(NC(=O)Nc2cccc(NC(=O)c3cccc(OC)c3)c2)cc1,-7.7,3.6663657296446637,13_1578
COc1ccccc1-c1cn(Cc2cccc([N+](=O)[O-])c2)nn1,-6.6,3.623885133909127,13_1579
CC=NC=CC(=N)C1CCCN1c1cc(CN2CCN(c3ccc(F)cc3)CC2)ncn1,-6.9,3.601762621636061,13_1580
CC(=O)Nc1ccc(NC(=O)c2cn(-c3ccc(Cl)cc3Cl)nc2-c2ccc3c(c2)OCO3)cc1,-7.3,3.5510715513087447,13_1581
O=C(Nc1nc2c(s1)CN(C(=O)c1ccccc1)CC2)C1CC1,-6.7,3.677959857012878,13_1582
Cc1ccc(S(=O)(=O)Nc2ccc(-c3cccc(CCc4nccn4CCN4CCOCC4)c3)cc2)cc1,-6.7,3.5437545594140154,13_1583
COc1ccc(NC(=O)c2ccc3c(c2)N(C)C(=O)C2CCCCN32)cc1Cl,-7.5,3.711588341972,13_1584
O=C(NS(=O)(=O)C1CC1)c1cc(C2CC2)c(OC[C@H]2CC[C@@H](C(F)(F)F)C2)cc1F,-6.2,3.3701051767452066,13_1585
CCN=C(N)c1ccccc1Cl,-5.0,3.2510589653048836,13_1586
NC(C(=O)N1CCSC1)C1CCC(Nc2ncncc2C(=O)c2cc(-c3ccccc3)on2)CC1,-7.8,3.3743554118388692,13_1587
O=C1C[C@H]2CN(C(=O)c3ccccc3)C[C@@H]2CCN1/C=C/c1cccc(F)c1,-7.8,2.5812182492763824,13_1588
O=C(C=Cc1csc(-c2cccc(N3CC=CC3)c2)n1)c1ccccc1F,-7.0,3.454280505648507,13_1589
Cc1c(Br)c(=O)n(-c2ccc(OCCN3CCOCC3)c(Cl)c2Cl)c(=O)n1Cc1ccccc1,-6.2,3.5947968653508324,13_1590
O=C(NCC1CCCO1)C1=CN=CC(SSC=Cc2ccc3c(C(=O)C(F)(F)F)cccc3c2)=C(I)N=C1,-7.1,1.2710846577728514,13_1591
Nc1ncnc2c1nnn2Cc1ccccc1Cl,-6.1,3.604385002863295,13_1592
O=C(C[n+]1c2n(c3ccc(C(F)(F)F)cc31)CCCCC2)Nc1ccccc1,-7.3,2.6833833584273483,13_1593
Cn1c(=O)c2c(ncn2CC(=O)NN=Cc2ccccc2O)n(C)c1=O,-6.3,3.3145772439983476,13_1594
O=C(Nc1cccc(C(F)(F)F)n1)c1cccnc1NCc1ccncc1,-7.8,3.740705025735399,13_1595
Cc1cccc(Nc2nc3ccccc3nc2NC(=O)Nc2ccc3c(c2)OCO3)c1,-8.5,3.5342824597710987,13_1596
O=C(Nc1ccc(Br)cc1Cl)c1ccccc1Nc1cccc(Oc2cccc(F)c2)c1,-6.9,3.477584530474477,13_1597
CCn1cc(-c2nc(-c3ccc4c(c3)OCCO4)cs2)c(=O)c2cc(F)c(N3CCN(C)CC3)cc21,-7.5,3.473268980170185,13_1598
COc1ccc(C(CNC(=O)COc2ccc3c(c2)OCO3)N2CCOCC2)cc1,-6.7,3.6098842418206205,13_1599
COc1cc(-c2cc3oc(=O)cc(C)c3cc2-c2cccc(NC(C)=O)c2)cc(OC)c1OC,-7.2,3.5874266591253265,13_1600
COC=C1C=CCC(=Nc2ccc(NS(C)(=O)=O)cc2N(C)C)c2ccc(F)cc2N=C1,-7.2,1.514800000030335,13_1601
O=c1c2c(-c3ccco3)csc2ncn1Cc1nc2ccccc2[nH]1,-7.4,3.6146832770242474,13_1602
C=C[C@@H]1CCc2cc(C(C)C)ccc2[C@@]1(C)CCC[C](C)C(=O)NC1C=C(OC)C(=O)C1,-6.2,3.3787042420935647,13_1603
O=C(Nc1ccc(Cl)cc1)Nc1ccc(Nc2nc(/C=C/c3ccccc3)cc(-c3ccc(O)cc3)n2)cc1,-7.8,3.169799016541646,13_1604
O=C1[CH]C2O[CH][C@H]2[C@]2(Cc3ccc(-c4ccccc4)cc3C2)N1,-7.6,3.373857534992941,13_1605
O=C(O)C(c1cccc(F)c1)N1C(=O)c2ccccc2NC(=O)C1c1ccccc1,-6.6,2.7351853027533597,13_1606
C=CCOc1ccc(C(C2=CNC=C(C=COC)C2=C)c2ccccc2-c2ccccc2)cc1,-6.2,3.337907491537301,13_1607
O=C(COc1ccc(C(=O)c2ccccc2)cc1)NCc1ccc2c(c1)OCO2,-7.5,3.700379554974103,13_1608
O=C(Cn1ccc2cc(S(=O)(=O)N3CCCCC3)ccc21)Nc1ccccc1C(F)(F)F,-7.5,3.7686969258053873,13_1609
CCOC(=O)C=NC(=O)C1C(=O)C=C(Cl)C1CCN,-5.0,2.1260401207115933,13_1610
COc1cc(C(=O)NC2CCCC2)ccc1N1C=NC=C(C(F)(F)F)C1,-6.7,3.619338815843108,13_1611
C=COCC1C(c2ccccc2C(=O)NCCc2ccccc2C)=CC=C1C1C=NC(=NC(=O)CCCC)C1,-6.2,3.3091815310480746,13_1612
CC1=NC(c2ccc(Oc3ccc(NC(=S)Nc4ccc(Cl)cc4Cl)cc3)cc2)=NC1=O,-6.9,3.593684639320719,13_1613
COc1cc2oc(-c3cccc(NC(=O)c4cccc(C)c4)c3)cc(=O)c2c(O)c1OC,-7.6,3.641541862679322,13_1614
O=C(NCCc1ccc(C(F)(F)F)cc1)c1ccc(Nc2ncc3cc(-c4ccncc4)ccc3n2)cn1,-7.6,3.4216937442297035,13_1615
O=C(c1cc(Cc2n[nH]c(=O)c3c2NCCC3)ccc1F)N1CCN(c2ccccn2)CC1,-8.5,3.620696216176552,13_1616
O=CN[C@@H]1[C@H](CCCCCc2cn(Cc3ccc4cc[nH]c4n3)nn2)SC1(O)Nc1cccc2ccccc12,-7.0,2.9185077083214557,13_1617
COc1ccc(N(Cc2n[nH]c(-c3ccccc3)n2)S(=O)(=O)c2ccc(C(C)(C)C)cc2)cc1,-6.9,3.659551967420822,13_1618
Cc1csc(C(c2nnnn2C2CCCC2)N2CCC3(CC2)COC3)n1,-6.4,3.3978049111071424,13_1619
CC(C)=C=CCOC=CC1=C(C(=O)CC(=O)c2c(O)cc(O)cc2Oc2cc(C=Cc3ccc(O)c(O)c3)cc(O)c2CC=C(C)C)COC1=O,-6.3,2.3274303891319454,13_1620
O=[N+]([O-])c1ccc2ccnc(NC(=S)Nc3ccc(F)c(Cl)c3)c2c1,-7.4,3.5288764918238362,13_1621
Nc1nc(Nc2cccc(Br)c2)c2cc(CCc3ccccc3)[nH]c2n1,-7.7,3.6065056493289864,13_1622
O=C(Nc1ccc(Cl)cn1)c1ccccc1NC(=O)C1C=NC(c2ccc(Cl)cc2)=C(c2ccc(Oc3ccccc3)cc2)S1,-8.0,3.058704358666015,13_1623
CNC(=O)CN(C)C(=O)C=C1C(C)=C(Cc2ccc(SC)cc2)c2ccc(F)cc21,-6.7,3.6303087952971405,13_1624
BrC=C1C=C[N+](COCc2ccccc2CCCCCCBr)=C1,-5.8,3.1011904350470387,13_1626
CC(=O)Nc1cccc(-c2cn(-c3ccc(-n4cc(-c5cccc(C(=O)O)c5)nn4)cc3)nn2)c1,-7.7,3.415887731324033,13_1627
CCCN(CCC)C(=O)c1cc(-c2ccc(-c3ccccc3)cc2)n(-c2ccccc2)n1,-7.1,3.4819661785969127,13_1628
COCc1nc(CNc2cccc(-c3csc(C)n3)c2)no1,-6.0,3.742844496092941,13_1629
Cc1ccc(Cc2c[nH]nc2O[C@@H]2O[C@H](CO)[C@@H](O)[C@H](O)[C@H]2O)cc1,-6.8,3.3044932979034325,13_1630
Cc1ccc(C(=O)Cc2c(-c3ccccc3)nc3ccccc3c2C)cc1,-8.0,3.3777962644884,13_1631
Cc1nnc(CN2CCCC(c3nc4ccccc4n3C)C2)o1,-6.4,3.687559139025741,13_1632
CCNC(=O)Nc1ccc(-c2nc(N3CCOC[C@@H]3C)c3c(n2)[C@](C)(CCN(C)C)OC3)cc1,-7.3,3.53624282978006,13_1633
O=C(Cc1ccc(-c2ccccc2)cc1)Nc1cccc(-c2cccc3ccccc23)c1,-8.6,3.1139638444595237,13_1634
COc1ccc(C(=O)c2sc3cc(OC)ccc3c2C)cc1,-6.5,3.6289842944016675,13_1635
COc1cc2c(cc1OC)[C@H](CCNC(=O)c1cccc(-c3ccccc3)c1)[C@@H]1CCCC[C@@H]21,-7.7,3.4585534621754213,13_1636
CN(c1c2ccccc2nc2ccccc12)S(C)(=O)=O,-5.6,3.613335067611933,13_1637
O=C(N/N=C/c1ccco1)c1cc2ccccc2[n+]([O-])c1C(=O)NC1CCCCC1,-7.3,3.4345534818308288,13_1638
CSCC(C(=O)Nc1cccc(C2=CC=C(C3N=C(CN4CCCC4CN)O3)C2=N)c1)c1ccccc1,-7.0,3.258534467842579,13_1639
COc1ccc(CNC(=O)Nc2ccc3c(c2)C(C)(C)CC(C)(C)S3)cc1,-6.5,3.6636101607087466,13_1640
COc1ccc(NC(=O)Cn2c(=O)n(CC3CCCO3)c(=O)c3ccccc32)cc1OC,-7.7,3.637371427782112,13_1641
Cc1cc([N+](=O)[O-])ccc1-n1c(Sc2ccc(Br)cc2)nc(-c2ccc(Cl)cc2)c1/N=N/N(C=O)CC=O,-6.9,2.8881054050815376,13_1642
O=C(/C=C/c1ccc(F)cc1)Nc1nnc(-c2ccc3c(c2)CCCC3)o1,-7.4,3.716906314234511,13_1643
CC(C)[C@H]1CC[CH]Cn2c(NCCc3ccccc3)nc3c2c(=O)n(-c2cccc(C(N)=O)c2)c(=O)n3CCC1,-8.0,1.463500322241881,13_1644
O=C1C2CN(Cc3nccs3)C[C@H]2CN1c1cnccc1CN1ON=C2COCCC21,-7.0,3.2764580877548415,13_1645
c1cncc(-c2cccc(CN3CCCCC3)c2)c1,-6.4,3.437343498795822,13_1646
N=C1N[C@@](c2cc(NC(=O)c3ccc(OC(F)(F)F)cn3)ccc2F)(C(F)F)[C@H]2C[C@H]2O1,-6.5,3.4528475097469165,13_1647
COc1ccc(C(O)(c2ccccc2)c2ccc3ccc(C)nc3c2)cc1OC,-7.3,3.612840967397199,13_1648
CCCCNc1nc(N)nc(C)c1CCCNc1nccc2ccccc12,-5.7,3.53945060490032,13_1649
Fc1ccc2c(C3CCN(c4nccn5nc(-c6ccccc6)cc45)CC3)c[nH]c2c1,-8.4,3.5597318445360737,13_1650
CC(C)[C@H](C=C1[C](CC(=O)c2ccccc2)C(=O)OC1O)CCC(=O)O,-7.2,3.5223331668497675,13_1651
CCn1cnc(OCc2ccccc2)c1C(=O)Nc1cc2c(ccc3ccccc32)oc1=O,-8.2,3.460178689168936,13_1652
Cc1n[nH]c(C2CN(Cc3cccc(F)c3)CC2C(N)=O)n1,-6.9,3.6834165314881155,13_1653
COc1cc(CNCCN(C)C)ccc1OC(=O)c1ccc(Cl)cc1,-5.8,3.593922156125122,13_1654
O=C(/C=C/c1ccc(Cl)cc1)c1ccc(N2CCN(C(=O)c3ccc(Cl)s3)CC2)cc1,-6.8,3.5386933939636345,13_1655
O=C(NNC(=O)c1sccc1S(=O)(=O)Nc1onc(Br)c1Br)c1cccnc1,-6.2,3.330635588706989,13_1656
COC(O)=c1c(C2=Cc3ccccc3N=C(SC)[Se]C2=O)c(C)nc2c1=C(O)CCC2,-7.2,1.6399585198771334,13_1657
O=C(Nc1cccc(C(F)(F)F)c1)c1ccc2ccccc2n1,-7.2,3.654859397572677,13_1658
Cc1cc(C(=O)CSc2nc(N)cc(Cl)n2)c(C)n1-c1ccccc1,-6.7,3.5004961904376763,13_1659
O=C(Cn1c(-c2ccccn2)nc2ccccc21)c1ccc(Br)cc1,-7.7,3.604801085567239,13_1660
COC=C1C=C(OC)C=CC1NC(=O)c1cccc(-n2cc(NC(=O)Nc3ccccc3OC)nn2)c1,-7.1,3.378667742724528,13_1661
O=S(=O)(NCc1cc(-c2ccccc2)no1)c1ccc(-c2cccs2)cc1,-7.0,3.6966068923477096,13_1662
C=CC1NC(SCC(=O)c2c(N)n(C3CC3)c(=O)[nH]c2=O)N=C1c1ccncc1,-6.5,3.1995852012705934,13_1663
C[C@@H](c1ccc(-c2ccc(=O)n(C3CC3)n2)cc1)N1CCC2(CCC(O)CC2)OC1=O,-7.7,3.527830423190534,13_1664
FC1(F)CCNCC1=Cc1cccc2ccccc12,-6.2,3.405660633788185,13_1665
NC(=O)c1nc(CNC(=O)c2ccc(-c3ccncc3)cc2)cs1,-6.6,3.7136419212542044,13_1666
O=C(Nc1ccccc1C(=O)NC1CC1)c1ccc(-c2ccccc2)cc1,-7.5,3.624147079368699,13_1667
O=C(Nc1nc2ncc(-c3ccccc3)cc2s1)c1ccc(-c2ccc(F)c(Cl)c2)o1,-8.4,3.5465402598025015,13_1668
COc1cc(C2c3c(-c4ccccn4)nn(C(C)C)c3OC(=N)C2C#N)ccc1OCc1ccccc1,-7.4,3.5078002559263526,13_1669
COc1ccc2c(c1)[nH]c1c(Nc3cccc(Br)c3)ncnc12,-6.7,3.6545308746319147,13_1670
COc1ccc(C/N=c2/scc(CC(=S)Nc3ccc4c(c3)OCO4)n2C)cc1,-6.6,3.6948782148469004,13_1671
CN1CCc2nc(NC(=O)c3cccc(CNC(=O)C=C4C=CN(C5CCCC5)C4)c3)sc2C1,-7.6,3.438974732308762,13_1672
CCOC(=O)C1=C(CS(=O)(=O)c2ccc([N+](=O)[O-])cc2)N=C(C)C(C(=O)NC(C)(C)C)C1c1ccccc1C(F)(F)F,-6.4,3.2328583721717474,13_1673
CC=C1C=C(CNc2c(-c3ccc(C(=O)NCc4ccc(C#N)cc4)cc3)nnn2CC)C1,-6.1,3.656946850196455,13_1674
COc1ncc(Nc2ncc([C@@H](C)N3CCN(S(C)(=O)=O)CC3)cc2-c2nc(C)nc(N)n2)cc1F,-8.4,3.349210565146472,13_1675
CCCCN1C(=O)C=CC2=CN=CN(C3CCN(C(=O)c4cccnc4)CC3)C21,-6.4,3.4726808978873445,13_1676
CC(C)C(NC(=O)c1ccccc1)C(=O)N1CCC(NC[C@H](c2ccccc2)c2cccc(Cl)c2)CC1,-7.5,3.5316474716280206,13_1677
Cc1ccc(OCC(=O)OCC(=O)NC(C)c2ccccc2)cc1C,-5.0,3.7356471666874578,13_1678
O=C1C(Cc2ccccc2)Nc2ncnc(N3CCOCC3)c2N1Cc1cccc2ccccc12,-7.6,3.586049011789873,13_1679
CC1C2CC3CC(C2)[C@@]2(OO[C@]4(CC[C@@H](CC5=CC=C(C(F)(F)F)C5)CC4)O2)C1C3,-8.3,2.965307585638215,13_1680
Cc1ccncc1-c1cccc2c1cnn2-c1ccc(NC(=O)C2CCC2)cc1,-6.8,3.6903385911450197,13_1681
C=CC(F)=CC(=O)Nc1cc(-c2cccc(NS(=O)(=O)c3ccccc3)c2)[nH]n1,-7.9,3.5366379950036646,13_1682
Cc1cccc2c[nH]nc12,-4.8,3.184838433859964,13_1683
CN(C)C(=O)c1cccc(-c2cc(Nc3nc4ccccc4n3Cc3ccc(F)cc3)ccn2)c1,-8.5,3.5355504401952755,13_1684
ON=Cc1ccccc1NC(=S)c1ccc(OCc2cc(C(F)(F)F)nc3c(C(F)(F)F)cccc23)cc1,-7.4,3.0693886017733663,13_1685
COc1ccccc1-n1cnnc1SCC(=O)Nc1ccc2c(c1)OCCO2,-6.1,3.6537530562323774,13_1686
COc1ccc(CCNC(=O)c2ccc3c(c2)CCCC3)cc1,-6.3,3.648789703725767,13_1687
Cc1c(O)cccc1C(=O)Nc1nccs1,-5.6,3.6088738210261386,13_1688
O=C(Nc1cccc(Cl)c1)C1=CCC2=NC=C(C3=Cc4ccc(C5=CNCN5)nc4C3)C(=O)C(=N1)O2,-7.6,2.2500254383841485,13_1689
COC1=CC=C(C2=NN(Cc3cccc(N(C)C)c3C=O)C(=O)CC2C)C1,-6.3,3.5090262093186144,13_1690
CCNC(=O)c1noc(-c2cc(C(C)C)c(O)cc2O)c1NC(=O)c1ccc(C(=O)Nc2ccc(OC)cc2)cc1,-6.1,3.0853964657010025,13_1691
C=CCc1cccc(-c2c[nH]c([C@@H](N)Cc3ccccc3)n2)c1,-6.7,3.5703408888783237,13_1692
CC(C)c1ccc2c(c1)CC[C@H]1[C@](C)(CN3C(=O)c4ccccc4C3=O)CCC[C@]21C,-7.6,3.2346741162689843,13_1693
O=C(NNC(=O)c1cccc2ccccc12)c1ccc([N+](=O)[O-])cc1,-6.9,3.6429479731336025,13_1694
COc1ccc(C(=O)c2cn(CC(=O)Nc3ccc(C(C)=O)cc3)c3ccc(Br)cc23)cc1,-7.0,3.5728868719480884,13_1695
COc1ccc(-c2nnn(CCNS(=O)(=O)c3ccccc3)n2)cc1OC,-6.2,3.5874451403988776,13_1696
c1ccc(-c2[nH]ncc2-c2ccnc(-c3cc[nH]n3)c2)cc1,-7.3,3.6506323230133404,13_1697
CCOC(=O)CNC(=O)CSc1nc2ccccc2[nH]1,-5.3,3.559335609811963,13_1698
COc1cccc(Cc2noc(CCc3ccccc3OC)n2)c1,-6.3,3.7247896184722897,13_1699
Cn1c(-c2ccccc2Cl)c(-c2ccc3c(C(=O)Nc4ccccc4)cccc3c2)c2ccccc21,-8.0,3.162431836293828,13_1700
COC=C1C=C(c2cncnc2)CC(=NC(C)=O)C(Cl)C1=Nc1ncc(C(F)(F)F)cc1Cl,-7.0,2.548757719340294,13_1701
OCCCc1ccc(-c2ccccc2)o1,-5.3,3.5219331157827085,13_1702
O=C(Nc1nccs1)c1ccccc1Sc1ccc2c(C=Cc3ccccn3)[nH]nc2c1,-7.3,3.524590029652277,13_1703
CC(C)c1cc(C(=O)NCc2ccc(C(C)(C)C)cc2)ccc1N1C(=O)c2cccc(O)c2C1=O,-7.5,3.5972846349726524,13_1704
Cc1nnc(NC2CC(=O)N(C3CC3)C2)c2ccccc12,-6.8,3.6432252948629325,13_1705
O=c1cc(N2CCOCC2)oc2c(-c3ccccc3)cccc12,-6.8,3.66420981929767,13_1706
Cc1ccc(OCN2CCOC2=O)cc1,-5.0,3.4678981726691553,13_1707
O=c1cc(N2CCc3ccccc3C2)[nH]c(=O)n1-c1ccc(F)cc1,-7.2,3.7670211988341347,13_1708
Cc1cc(C)c(S(=O)(=O)N2CCN(C(=O)c3cccc4ccccc34)CC2)c(C)c1,-7.9,3.6919142769580318,13_1709
Clc1cccc(Nc2nccc(-c3ccnc(-c4ccccc4Oc4ccccc4)c3)n2)c1,-8.1,3.493184214559061,13_1710
COC1=CC(c2ccc3[nH]c(=O)n(-c4nc5ccn(CC6CC6)c5c(=O)n4C)c3c2)C=CC=C1C(F)(F)F,-8.3,2.534384425217997,13_1711
Cn1cccc1C(=O)C(c1ccccc1)N1CC(=O)Nc2ccccc21,-7.0,3.7332890567495154,13_1712
O=C(Nc1ccc(F)cc1)c1cccc(-c2ccc3ccccc3c2)c1,-7.7,3.4081421556914866,13_1713
COc1cccc(-c2nc3ccc(NC(=O)N(C)c4ccccc4C(N)=O)cn3n2)c1,-8.0,3.605697902799081,13_1714
CCC(O)c1cc2c(o1)C(=O)c1ccccc1C2=O,-6.2,3.6937721079802204,13_1715
C[C@]12CC[C@H](O[C@@H]3O[C@H](CO)[C@@H](O)[C@H](O)[C@H]3O)C[C@H]1CC[C@@H]1[C@@H]2CC[C@]2(C)[C@@H](C3=CC(=O)OC3)CC[C@]12O,-6.5,2.534507485061377,13_1716
O=P(O)(O)C(Cc1ccc2ccccc2c1)N[C@@H](Cc1ccc(-c2cccc(F)c2)cc1)c1nc(-c2ccc(C(F)(F)F)cc2)no1,-8.6,2.9490486155701636,13_1717
Cc1cccc(-c2ccc(N=C3C=C(CC=Nc4ccccc4)C(=O)N3c3ccccc3C)cc2)c1,-7.9,3.325607850928045,13_1718
N#Cc1ccc(Cn2c(-c3cccc(C(=O)NCc4ccc(C(F)(F)F)nc4)c3)nc3ccccc32)cc1,-7.9,3.492712620660903,13_1719
Nc1cc(Br)nc(SCc2nc3ccccc3[nH]2)n1,-5.9,3.4893561194572515,13_1720
O=C(Nc1ccc(N2CCN(Cc3ccccc3)CC2)cc1)c1ccccc1,-7.4,3.670857877723531,13_1721
O=c1c2oc3cc(-c4cccs4)ccc3c2ncn1-c1ccc(-c2ccccc2)cc1,-7.7,3.4605845387134755,13_1722
COc1ccc(C2(O)OC(=O)c3c2ccc2cc(-c4nc5cc(F)ccc5[nH]4)cnc32)cc1OC,-8.2,3.425375997848091,13_1723
CC1C(=O)N(Nc2ncc[nH]2)[C@@H]2O[C@@]3(C)CC[C@H]4[C@H](C)CC[C@@H]1[C@]42OO3,-7.3,2.2212125426836433,13_1724
O=CC1C(=O)c2ccc(Br)cc2Oc2c1cc(F)c(F)c2F,-6.9,2.46688974527467,13_1725
COC(=O)c1ccc(NC(NO)c2ccccc2Nc2ccc(Br)cc2Br)cc1,-6.9,3.3061282526454083,13_1726
CCCCC1=CC(=O)NC2N=C(NCC(=O)N(CCC)c3ccccc3OC)N=C12,-5.8,3.492271805998898,13_1727
COC=CCC(=O)C=NC(=Cc1cccc(C)c1)CNC(=O)c1ccccc1N1C(=O)c2ccccc2S1(=O)=O,-7.0,3.4023158591480356,13_1728
C=CCC(=O)NCC(c1cccc(OC)c1)n1ccc2ncccc2c1=O,-6.8,3.6969603913833797,13_1729
O=C1C(=Nc2cccc(O)c2)C(N2CCCCC2)C(=O)c2ccccc21,-8.6,3.6724801529412696,13_1730
Cc1ccc(OCc2nnc(C(=O)Nc3cccc(C(=O)N4CCOCC4)c3)s2)cc1,-7.4,3.7069821186130865,13_1731
Cc1ccc(-c2nnc(N3CCN(S(=O)(=O)c4ccc5ccccc5c4)CC3)o2)cc1,-7.6,3.6545928831139936,13_1732
O=C(Cc1ccc(NC(=O)N2CCCCc3ccccc32)cc1)Nc1ccc(S(=O)(=O)Nc2ccccn2)cc1,-7.4,2.441547197886714,13_1733
O=C1N=C(Nc2ccccc2Cl)S/C1=C\c1cccc(O)c1,-7.1,3.676485360497791,13_1734
CC(C)CN(C(=O)c1coc2ccccc12)C1Cc2ccccc2O1,-7.2,3.676104839768124,13_1735
Cc1nc2ccccc2n1CCC(=O)c1ccc(Br)cc1,-5.7,3.610864883923563,13_1736
CS(=O)(=O)Nc1ccc(-c2cc(C(F)(F)F)nc(-c3cccc(C(F)(F)F)c3)n2)cc1,-8.0,3.645439981423409,13_1737
O=C(NCc1ccccc1)c1ccc(C[S+]([O-])Cc2ccccc2Cl)o1,-6.6,3.6848051192420623,13_1738
CNC[C@H]1CCC[C@@H]1c1ccc2[nH]cc(C#N)c2c1,-6.6,3.5679114645378247,13_1739
Cc1[nH]nc2cc(OCCNC[C@H](O)c3cccc(NS(C)(=O)=O)c3)ccc12,-6.5,3.4275103189005014,13_1740
CN1CCC(c2ccccc2)=CC1C(=O)Nc1ccccc1-n1cncn1,-7.4,3.7672092987562653,13_1741
O=C(C1C[C@H](N2CCN(c3nc4ccccc4o3)CC2)CN1)N1Cc2ccccc2C1,-7.4,3.53417780073947,13_1742
COc1ccccc1CCCC(NO)C1/C=C\CC(c2cccc3ccccc23)NC(=O)C1,-7.7,1.6038690520083438,13_1743
Cc1c(-c2ccc3c(ccn3C)c2)[nH]c2ccc(C(=O)Nc3cccnc3)cc12,-7.5,3.494308072976283,13_1744
CCC(=O)N1CCC(Oc2ccc3c(c2)CCN(c2ccccc2)C3)CC1,-6.8,3.5395624116902975,13_1745
COc1ccc(C)cc1-c1ccc(-c2nc3cc(C(=O)NCC(C)C)ccc3[nH]2)cc1C(F)(F)F,-7.5,3.5550761636769908,13_1746
Cn1cc(NC(=O)c2cc(NC(=O)c3cc(NC(=O)c4ccc(C5CC5)s4)cn3C)cn2C)cc1C(=O)NCCN1CCOCC1,28.5,2.937235857529386,13_1747
COC=CC=C(C)CNc1cc(-c2ccccc2)nc2nc(NC(=O)c3ccccc3F)nn12,-7.7,3.471901802376473,13_1748
CNC(=O)c1cncc(-c2cnc3ccc(NC(=O)N4CCN(C)CC4)nc3n2)c1,-7.6,3.621725348196134,13_1749
C=C(C)[C@@H]1CC[C@]2(COC(C)=O)CC[C@]3(C)[C@H](CC[C@@H]4[C@@]5(C)Cc6c[nH]nc6[C@@](C)(COC(C)=O)[C@@H]5CC[C@]43C)[C@@H]12,-7.1,2.973976797532891,13_1750
CN(Cc1ccccc1)Cc1ccc(-c2nc3cnc4[nH]ccc4c3n2C2CCCCC2)o1,-7.2,3.5114567402241796,13_1751
CNC(=O)NCCS(=O)(=O)NCCCc1ccc2c(c1)C(Cc1cccc(F)c1)C(NC(C)=O)CC2,-5.7,3.320386382151579,13_1752
O=C(Nc1ccc2c(c1)CCCN2C(=O)c1ccco1)c1ccccc1C(F)(F)F,-7.9,3.7190795519280595,13_1753
NC(=O)c1c(N)ncnc1N1CCC(c2nc(-c3ccc(F)c(C(F)(F)F)c3)cn2CCN2CCCC2)CC1,-8.4,3.3643312721314573,13_1754
N#CC(c1cccc(F)c1)c1c(Cl)cnn(Cc2cccc3ccccc23)c1=O,-7.2,3.651926365242962,13_1755
COc1cc2nccc(Oc3cccc(NC(=O)Nc4ccc(C(F)(F)F)cc4)c3)c2cc1OC,-7.7,3.57159444733812,13_1756
O=C(C1CCCCN1C(=O)COc1ccccc1)N1CCN(Cc2ccc3c(c2)CCO3)CC1,-7.5,3.4332302493837012,13_1757
CC(=O)N(C=C(NCCCN1C(=O)C=CC1=O)c1ccccc1C=O)c1ccc(-c2ccccc2S(C)(=O)=O)cc1,-5.6,3.3080177837377,13_1758
O=C1NC(=S)S/C1=C\C1=Cc2ccccc2S(=O)(=O)N1c1ccccc1,-8.1,3.5782904311458514,13_1759
COc1ccc(C(=O)CC(=O)C=Cc2ccc(-c3ccccc3)c(F)c2)c(C)c1,-6.5,3.413755453200177,13_1760
Oc1ccccc1CNc1ccc(-c2ccc(F)c(F)c2)nc1,-6.8,3.699717559245033,13_1761
Cn1ccc(-c2ccc3c(c2)C[C@](C)(c2ccccc2)O3)n1,-6.9,3.5799581371759572,13_1762
C=C1CO[C@H](C)Cn2c(C3C=C(OC)C(C(F)F)=C3)nc(-c3cc(C)nc(C(F)F)c3)c21,-6.2,2.5671587385943937,13_1763
CC(C)(NS(=O)(=O)CC#N)c1cccc(-c2ccccc2)c1,-5.5,3.773429473541841,13_1764
CCN(CC)C1CN(C(=O)c2ccc(-c3ccccc3)cc2)c2ccc(OC(F)(F)F)cc21,-7.1,3.5716017574345456,13_1765
C/C=C\[C@@H]1C(C(=O)c2c(O)[nH]cc(-c3ccc(OC(=O)C(C)C)cc3)c2=O)=CC(C)[C@H]2CC[C@H](CO)C[C@H]12,-7.2,3.1037043372171547,13_1766
COc1ccc(NC(=O)Cn2cc(-c3cccc(-c4nc5cc(C(F)(F)F)ccc5s4)c3)cn2)cc1,-7.3,3.47770741179076,13_1767
O=C(O)c1ccnc(-c2cn(Cc3cccc(F)c3F)cn2)c1,-7.0,3.784979511318479,13_1768
O=C(O)c1cn(Cc2ccc(O)c(Br)c2)ccc1=O,-6.4,3.6967972212252276,13_1769
NC(=O)c1cc2ccnccc3cc(-c4ccccc4)ccc3cc2cc1-c1ccc(Cl)cc1,-7.6,1.205103253384062,13_1770
C=Cc1ccccc1C(=O)OC(C=C)(C=CC1=CC2(C=CC=C1)OOCC=CC=CCc1cc(=O)c2c(O)o1)OC(F)(F)F,-7.3,0.7893249702184217,13_1771
COc1cc(-c2ccc(-n3c(=O)ccc4cc(S(=O)(=O)Nc5ccon5)ccc43)c(OC)c2)ccc1Cl,-7.3,3.3932519445944793,13_1772
O=C(c1ccc(-c2nc(=O)c3ccccc3[nH]2)cc1)N1CCN(S(=O)(=O)c2ccc(Cl)cc2)CC1,-7.9,3.648439166765451,13_1773
CC(=NNS(=O)(=O)c1cccs1)c1ccc(NC(=O)c2ccccc2F)cc1,-7.2,3.627710799072399,13_1774
CC(=O)N1c2ccc(S(=O)(=O)NCCC(=O)NCc3cccc(C(F)(F)F)c3)cc2CC1C,-7.4,3.680726482120847,13_1775
N=C(N)C=C1C=CC(CC(NS(=O)(=O)c2cccc(C(=O)O)c2)c2nc3cc(F)c(F)cc3[nH]2)=C1,-9.2,3.1591640950139026,13_1776
O=C1O[C@@H]2CC=CC=C(CC3CC(c4ccc(C(F)(F)F)cc4)CCN3C2)c2ccccc21,-8.6,1.0178037439957635,13_1777
Cc1cc(OCc2ccc(F)cc2F)c(Br)c(=O)n1-c1cccc(CN2CCOCC2)c1,-7.4,3.672883662630711,13_1778
O=C(NCc1cccs1)C1CCCC(c2nc3ccccc3[nH]c2=O)C1,-6.9,3.7489934600800936,13_1779
Cn1c2ccccc2c2nnc(Sc3nc4cc([N+](=O)[O-])ccc4[nH]3)nc21,-7.3,3.362449087916028,13_1780
[C-]#[N+]C1=C(C)N(c2cccc(C(F)(F)F)c2)C(=O)N(C(=O)N[C@H](C)c2ccccc2)[C@H]1c1ccccc1,-8.8,3.518462005402305,13_1781
O=C(CSc1nc2cccnc2[nH]1)Nc1ccc(NC(=O)C(c2ccccc2)c2ccccc2)cc1,-7.6,3.3218816672389675,13_1782
c1ccc(C(c2nnnn2Cc2cccs2)N2CCCN(C3CCC3)CC2)cc1,-7.0,2.629915718339623,13_1783
O=C1C=CC=CC(Nc2c3ccccc3nc3ccccc23)Cc2nnsc2C(=O)NN1,-9.1,1.4676277998461593,13_1784
O=C(/C=C/c1cc[n+](Cc2ccccc2Cl)cc1)c1ccccc1,-6.5,3.280123342193365,13_1785
COc1cc(C)c(CC(C)N)c(O)c1OC,-4.8,3.5695879599333127,13_1786
N[CH]C1CCN[C@@H](NC=NC(=NCNc2ccc3c(c2)-c2ccccc2C3=O)Nc2ccc(Nc3ccnc4cc(Cl)ccc34)cc2)C1,-8.0,2.7214476028760957,13_1787
CN1CCC(COc2ccc(Nc3ncc(C(F)(F)F)c(-c4ccc(OC(F)(F)F)cc4)n3)cc2)C1,-6.6,3.5782923920021137,13_1788
O=c1c2[nH]cc[nH]c2c(=O)c2c(=O)n(-c3ccccc3)c(=O)c12,-7.0,3.5248134814714764,13_1789
Nc1ccccc1-n1cnc(C=O)c1C(=O)c1ncn(-c2ccoc2)c1C=CC=O,-6.4,3.250689526616986,13_1790
O=C(Nc1cccc2cccnc12)c1ccccc1OCc1ccccc1,-8.0,3.6294682133860334,13_1791
CC(NC(=O)c1ccccc1)C(=O)NC(Cc1ccc(NC(=O)c2c(Cl)cccc2Cl)cc1)C(=O)O,-6.7,3.431103211334566,13_1792
CC(=CC=COCC(=O)O)C(c1ccc(F)cc1C)c1nnnn1CCc1ccccc1,-6.3,3.580532498218929,13_1793
CCOC(=O)c1cc(-c2ccccc2)nn1Cc1nnc(-c2ccc(F)cc2)n1-c1ccccc1,-7.5,3.41913696688216,13_1794
CCn1c(-c2ccc(Cl)cc2Cl)cs/c1=N\c1ccccc1CC(=O)NCc1ccccc1,-6.6,3.575950656533794,13_1795
O=C1COc2cc(NC(=O)NC3CCc4cc(F)ccc4C3=O)ccc2N1,-8.1,3.528671070314841,13_1796
Nc1nn2c(-c3ccc(Cl)cc3)nnc2c2ccccc12,-7.7,3.660161978665267,13_1797
O=C1CNCc2cccc3nc(-c4ccc(C(F)(F)F)cc4)cc1c23,-8.2,2.7270601389384472,13_1798
Cc1ccc(Cc2ccnc(Nc3cccc(NC(=O)C(C)(C)C)c3)n2)cc1NC(=O)c1ccc(NC(C)C)nc1,-7.4,3.206353090881655,13_1799
Cc1csc(CNC(=O)c2ccc(-c3nc(-c4ccc(F)cc4)no3)cc2)n1,-6.7,3.7107417804563276,13_1800
O=Cc1ccc2c(n1)C(=O)c1ccccc1C2=O,-6.5,3.5298257663161223,13_1801
O=Cc1sc(-c2ccc(Cl)cc2)cc1N=CN=C1NC(=O)C(=Cc2ccc(O)c(Cl)c2)S1,-6.6,3.3474407998480835,13_1802
O=C(Nc1cccc(Oc2ccccc2)c1)c1ccc2c(c1)N(Cc1cccc(F)c1)C(=O)c1ccccc1[S+]2[O-],-8.2,2.2812828510474596,13_1803
COc1ccccc1C/C=C\c1ccc(OC(=O)c2ccccc2)cc1,-7.1,3.469753942719486,13_1805
Fc1ccccc1-c1cn([C@@H]2Cc3ccc(Nc4cccc5ccccc45)cc3[CH]c3cccc(F)c32)nn1,-9.5,2.3938187183802486,13_1806
Cc1ccc(NC(=O)c2oc3ccccc3c2NC(=O)c2ccc3c(c2)OCCO3)cc1,-8.5,3.653598761745357,13_1807
O=C(/C=C/c1ccccc1)OCc1cn(-c2cccc(Br)c2)nn1,-6.8,3.6506998049814356,13_1808
O=C1c2cc([N+](=O)[O-])cc3cc([N+](=O)[O-])cc(c23)C(=O)N1c1ccncc1,-7.4,3.4039337123820346,13_1809
CCOC(=O)C1C(COC(=O)Cc2ccc(F)cc2)=NC(=O)NC1C,-6.0,3.6302026633844138,13_1810
O=C1Nc2ccc(-c3cncnc3)cc2C12CCCC2,-6.4,3.5870914344962594,13_1811
O=C(OC(C(F)(F)F)C(F)(F)F)N1CCN(Cc2cccc(-c3ccc(CN4CCCCC4)cc3)c2)CC1,-6.9,3.424978958758407,13_1812
O=C(c1ccc2c(=O)n(Cc3cccc(F)c3)c(=O)[nH]c2c1)N1CCN(c2ccccc2)CC1,-7.8,3.687597758940835,13_1813
CCOc1cc(C(C(=O)NC(C)(C)C)N(Cc2ccc3cccc(F)c3n2)c2ccco2)ccc1F,-7.3,3.588043523144031,13_1814
O=C(O)CC[C@H](NC(=O)C1CCCN(C(=O)Cc2ccccc2)C1)c1ccc2ncccc2c1,-7.2,3.6645165747337916,13_1815
CCn1cc(C=CC=C2C=NC=C(C(=O)c3ccccc3N(C)C)C2)c(C)n1,-6.5,3.6459191570133056,13_1816
O=C(COC1CCCC1)Nc1cc2c(Nc3ccc(F)c(Cl)c3)ncnc2cn1,-7.0,3.7216303368894965,13_1817
CCOC(=O)CC1C=C(Oc2cc(C)cc(O)c2)c2ccccc2N(C)C(=O)c2ccccc21,-7.5,1.4753378655483456,13_1818
O=C(Nc1ccc(Cn2nc3cccc(N4CCCNCC4)c3n2)cc1)C1CCCCC1,-7.7,2.61317223338086,13_1819
O=[N+]([O-])c1ccc(N2CCN(S(=O)(=O)c3ccccc3OC(F)(F)F)CC2)cc1N1CCCCC1,-6.7,3.393354401902119,13_1820
COC[C@H]1CN[C@H](C)CN1CC(=O)N1CC(C)(c2ccccn2)c2ccc(-c3cnccc3F)cc21,-7.4,3.6147749501185102,13_1821
O=C(c1ccc(-c2cc(F)c(O)c(F)c2)o1)N1CCN(c2ccccc2)CC1,-7.7,3.779391519079054,13_1822
O=C(Nc1ccc(F)c(F)c1)c1cc(-c2cccs2)on1,-6.4,3.7640142369418514,13_1823
Cc1cccc(Cn2cc(CSC(=S)N3CCN(C(C)C)CC3=O)nn2)c1,-6.5,3.6255787011596956,13_1824
CCn1c(=O)n(C)c2cc(N3CCCCC3)c(NC(=O)c3ccc(C)c(C)c3)cc21,-7.3,3.768961060261323,13_1825
CN1Cc2cc(-c3ccc(-c4cncc(-c5ccc(OC(F)(F)F)cc5)c4)s3)ccc2C1=O,-7.3,3.578118748779101,13_1826
O=C(c1ccccc1)N1CCN(c2ccc(C(F)(F)F)cc2[N+](=O)[O-])CC1,-7.4,3.6289346437281056,13_1827
CC(=O)Nc1ccc(S(=O)(=O)N=C(N)N2CC(c3ccccc3)C(c3ccccc3)C2c2ccccc2)cc1,-7.5,3.4034076514419187,13_1828
C=CC(C)=CC/C(C1=CC=CCC=C1)=C(\CCC)n1cccc1Br,-5.2,2.1708562606925144,13_1829
COc1cc(C=Cc2ccc(NCc3ccccc3C(=O)O)cc2)cc(OC)c1,-6.2,3.628655014474103,13_1830
CSc1ccc(-c2c(C#N)c(N)n3c(nc4ccccc43)c2C#N)cc1,-6.2,3.61830248477727,13_1831
O=C(CN1C=NS(=O)(=O)c2ccccc21)OCC(=O)c1ccc2ccccc2c1,-7.4,3.5921861056958955,13_1832
CN(C)S(=O)(=O)N1CCC(Nc2cc(-c3cccc(NCc4cccc(F)c4)n3)c(Cl)cn2)CC1,-7.2,3.6235332342969784,13_1833
O=C(Nc1ccccc1F)c1ccc(CNc2c(N3CCOCC3)c(=O)c2=O)cc1,-7.7,3.6602964783696956,13_1834
O=C(OC1CCN(CC(O)COc2cccc(C(F)(F)F)c2)CC1)c1ccc2ccccc2c1,-7.5,3.6525448569532775,13_1835
O=C1CN(C(=O)c2cc(Cl)ccc2F)CCN1Cc1ccccc1F,-6.9,3.657080727421726,13_1836
C=CC=CC=C[C@@H]1c2ccc(Oc3cccc4c3C=C4)cc2[CH]C2NCC[C@H]21,-6.9,3.2247769034496425,13_1837
COc1cc(-c2nc(C(=O)NCc3ccc(OC(F)(F)F)cc3)c3ccccc3n2)cc(OC)c1OC,-7.1,3.5418751760844693,13_1838
Cc1nnsc1C(=O)Nc1ccc(NC(=O)N2Cc3ccccc3C2)cc1,-7.1,3.721075696387884,13_1839
Cc1ccc(S(=O)(=O)N(CC2=CNC3C=CC=COC23)C2C=CN(c3ccccc3C(F)(F)F)N=N2)c(N=N)c1,-7.3,2.1496877811218207,13_1840
CN=CCc1cc(NC(=O)c2ccc(C(F)(F)F)cc2N2CCC(C3CCCCC3)CC2)ccn1,-7.7,3.5232808046467383,13_1841
Cc1ccc(/C=C/C(=O)N2CCN(S(=O)(=O)c3cccc(F)c3)CC2)cc1,-8.0,3.6560382160762748,13_1842
CCOC(=O)C1C(C)=NC(=S)N(C(=O)OCC)C1c1cccc(Oc2ccccc2)c1,-6.3,3.5875941049093925,13_1843
Cc1ccc(S(=O)(=O)NC(=O)C(C)Sc2cccc(Cl)c2)cc1,-5.6,3.7296929799499763,13_1844
COC=CCC(C)=NC(=O)c1nc(-c2ccc(-c3ccco3)cc2)n2c1CCCCC2C,-6.8,2.560242275432426,13_1845
O=C(NC1CCCC1)c1cnn2c(C(F)F)cc(C3CC3)nc12,-6.8,3.669685268448931,13_1846
O=C(Nc1cccc(C(F)(F)F)c1)c1cccc(-n2c(O)ccc2O)c1,-7.6,3.6644572429789735,13_1847
Nc1nccn2c(-c3ccc(N4CCN(C(=O)c5cccc(Cl)c5)CC4)cc3)nc(-c3ccc(Oc4ccccc4)cc3)c12,-6.4,3.3221953383227367,13_1848
CC1=CC=C(c2nc(C(=O)Nc3cccc(-c4cnc5ccccc5c4)c3)c[nH]2)CO1,-7.6,3.6355819032887435,13_1849
CC(C)(Sc1ccc(Br)cc1)C(=O)Nc1ccc2c(c1)OCO2,-6.2,3.7115495223659427,13_1850
Cc1ccc(-n2c(SCc3nc(-c4ccccc4C)no3)nnc2-c2ccccc2)cc1,-8.1,3.4254669424013615,13_1851
C[CH]CN(C(=O)CC1=C(O[CH]CN(C)C(=O)Nc2cccc3ccccc23)C(=NC(=O)C(c2ccccc2)c2ccccc2)C=C1)[C@@H](C)CO,-6.6,3.1655456901116645,13_1852
CSCCC(NC(=O)c1cccc(C(=N)N)c1)C(=O)NC(CC(C)C)C(=O)NC(C(=O)N[C@@H](CC(C)C)c1nccn1C)C(C)C,-5.5,2.811679384060881,13_1853
Cc1ccc(C(O)COc2ccccc2C(=O)CO)cc1,-5.9,3.661629791228181,13_1854
Cc1ccc(N2CC[C@@H](NC(=O)c3oc4ccccc4c3C)C2)cc1F,-7.5,3.7248173967733336,13_1855
CC=C1C=C(C)C(S(=O)(=O)N2CCN(C(=O)c3cccc(-c4ccc5c(cnc6ccccc65)c4)c3)CC2)=C1,-9.3,3.370856290714779,13_1856
O=C(Nc1nc(-c2ccccc2)cs1)c1cccc(S(=O)(=O)N2CCCCCC2)c1,-7.3,2.8015397813619893,13_1858
COC1=CC(F)=CC=CC2=CC1(C(=O)N1CCc3cc(OC)c(OC)cc3C1)NN2,-7.4,1.2904702377869568,13_1859
CC=C1C=CC(Cc2cc(-c3c[nH]c(-c4nc5ccccc5[nH]4)c3)c3ccccc3n2)C=C1,-8.3,3.3641370999113067,13_1860
COc1c2ccoc2c(CNCCCN2CCOCC2)c2ccoc12,-5.9,3.7066422962138574,13_1861
Cc1cc(=O)n(-c2ccccc2-c2ccccc2)c2c1c(-c1ccccc1)nn2-c1ccc(F)cc1,-7.2,3.2916606379391045,13_1862
CC(C)(Oc1ccc(CNC(=O)c2ccc3c(c2)OCO3)cc1)C(=O)O,-6.1,3.7348866199780675,13_1863
CN(C)CCCNC(=O)c1cc(NC(=O)c2cc(NC(=O)c3cc(NC(=O)C4CN=CN4C)cn3C)cn2C)cn1C,-6.2,1.883510571212983,13_1864
COc1ccccc1-c1csc(NC(=O)c2cc(OC)c(OC)c(OC)c2)n1,-6.4,3.7396542704240874,13_1865
CCN(C(=O)c1cc(C(C)C)no1)C1CCS(=O)(=O)C1,-5.5,2.381372994151052,13_1866
O=C(Nc1ccc2c(c1)COC2)c1cc(C2CCCCN2C(=O)CCc2ccccc2)on1,-7.5,3.646819950552577,13_1867
O=C(COc1ccccc1)N[C@H](Cc1ccc(F)cc1)c1cccc(F)c1,-7.1,3.6555459745742453,13_1868
CC(C(=O)NC(C(=O)Nc1ccccc1-c1cccc(C(F)(F)F)c1)C(C)C)c1ccc(NS(C)(=O)=O)c(F)c1,-7.6,3.3826195348819708,13_1869
N#Cc1cccc(-c2cc3c(c4c2C=CNC4)CCCC3C(=O)O)c1,-7.2,3.604717199864252,13_1870
CS(=O)(=O)c1ccc(-c2nc(NCc3ccco3)cc(C(F)(F)F)n2)cc1,-7.3,3.7419185816050735,13_1871
O=C(Cc1ccc(NC(=O)C2CCN(C(=O)C3CCCC3)CC2)cc1)Nc1ccc(C(=O)N2CCCCC2)cc1,-7.2,3.370921036846201,13_1872
O=C1Nc2ccccc2C1=NN=c1scc(O)n1-c1ccc(Cl)cc1,-7.6,3.660286178792914,13_1873
C[C@]1(c2cccc3ccccc23)NC(=O)N(CC(=O)c2ccc(F)cc2F)C1=O,-7.6,3.680356124851473,13_1874
O=C(NCc1cccc(Cl)c1)c1cccc(Oc2ccc3c(C=Cc4ccccc4)[nH]nc3c2)c1,-7.8,3.3070227905200182,13_1875
O=C(c1ccncc1)N1CCN(c2ccc(C(O)(C(F)(F)F)C(F)(F)F)cc2Cl)CC1,-7.3,3.6551347181068694,13_1876
O=C(c1ccc(CNS(=O)(=O)c2cccc(Cl)c2)cc1)N1CCc2ccc(C(F)(F)F)cc21,-7.5,3.7069725904499173,13_1877
CCCN(Cc1ccccc1)C(=O)Nc1ccccc1-c1ccccc1,-6.3,3.4788954336795506,13_1878
CC(C)[C@@H]1CN(Cc2c(C(N)=O)nc3n2C2CC(C2)c2cc(F)c(C#CC(C)(C)O)cc2-3)C=N1,-6.9,2.376009251056123,13_1879
CC(C)CCC(C=O)[C@H]1CC[C@@]2(C)OC=C(C(=O)[C]3C[CH]CC[C@@]3(O)C(C)(C)O)C[C@@H]12,-6.3,3.1837297345445563,13_1880
N[C@H]1CCN(c2nc3c(cc2F)c(=O)c(C(=O)O)cn3-c2ccc(F)cc2F)C1,-7.6,3.6539455875627214,13_1881
O=C(Nc1ccc(Br)cc1)c1ccc(-c2c3ccc(=O)cc-3oc3cc(O)ccc23)cc1,-7.7,3.489659121869643,13_1882
COc1ccc(Cl)cc1NC(=O)COC(=O)c1cccc2ccccc12,-6.6,3.7275296644242752,13_1883
O=C(CN1C(=O)NC2(CCCCCC2)C1=O)Nc1ccc(Oc2ccccc2)cc1,-6.9,2.632482384334793,13_1885
CN(Cc1nn(CCC#N)c(=O)cc1-c1nn[nH]n1)c1ccccc1,-6.3,3.5923678936923347,13_1886
C=C(c1cc(C)cs1)[n+]1cccc(C=NNC(=O)c2ccc(O)c(Cl)c2)c1O,-7.5,3.488729125523938,13_1887
Cc1ccc(-c2cn(-c3nc(N4CCN(C)CC4)ncc3C(=O)NCC3CCCO3)nn2)cc1,-8.2,3.4919309728210006,13_1888
O=C(COc1ccc2ccccc2c1)Nc1cc(-c2ccco2)nn1-c1ccccc1,-7.5,3.568726242889734,13_1889
COc1cc(/C=C/c2cc(OC)c(OC)c(OC)c2)c(/C=C/C(=O)Nc2ccccc2)c(OC)c1,-6.9,3.5087002660098072,13_1890
COc1ccccc1-c1nn(-c2ccccc2)cc1-c1ccc2c(c1)CCC2=NO,-8.8,3.56523074992875,13_1891
O=C(Nc1ccc(Cl)cc1Cl)c1c(-c2ccccc2)sc2ccc(Cl)cc12,-7.5,3.4997677268684315,13_1892
CC(=O)N[C@H]1[C@H](CON=C(N)SC(C)CCOc2ccc([N+](=O)[O-])cc2)OC(C(=O)O)=C[C@@H]1N,-5.8,2.685446611550403,13_1893
CCc1ccc(CS(=O)(=O)Nc2cccc(C(F)(F)F)c2)cc1,-6.6,3.7063873819104343,13_1894
CCCCc1nn(-c2ccccc2C(F)(F)F)c(=O)n1Cc1ccc(-c2ccccc2S(=O)(=O)NC(=O)NCCC)cc1,-7.3,3.3287459305583367,13_1895
Cc1cccc(C(=O)NCC(=O)OCC(=O)Nc2ccc(Cl)cc2Cl)c1,-6.7,3.70093199472051,13_1896
O=c1[nH]c(Cc2c[nH]c3cc(Br)ccc23)c(O)n1CCc1ccccc1,-7.3,3.5972005154705897,13_1897
O=C(N=C1CC(c2ccccc2)n2ccnc2C12CC2)c1ccccc1,-6.6,3.5441352717047137,13_1898
Cc1nc([C@@](C)(CC2CC2)NC(=O)c2cc(OCC3CC3)c(C3CC3)cn2)no1,-6.3,3.4710294641597375,13_1899
C[C@]12CC[C@H]3[C@@H](C[C@H]4O[C@]45C=CCC(=O)[C@]35C)[C@@H]1CCC2C(=O)/C=C/c1ccc(Br)s1,-7.5,2.9858233954227793,13_1900
N#Cc1cccc(COc2ccc3c(OCc4ccc(F)cc4F)c(CC(SC=S)C(=O)N=CC(=O)O)ccc3c2)c1,-6.0,3.2146431983078765,13_1901
O=C(Nc1cccc(N2CCCC2=O)c1)C(c1ccccc1)S(=O)(=O)O,-7.1,3.6723707826559644,13_1902
COc1ccc(-c2nc(NC(=O)c3cc(-c4ccccc4)nn3-c3ccccc3C)sc2-c2ccccc2)cc1,-7.4,3.348655519911376,13_1903
COC=C1C=C/C=C(/C(=O)NCc2ccc(CN3CCN(C)CC3)cc2-c2ccccc2)c2ccc(C)cc2C=C1,-7.1,1.191288935461634,13_1904
O=C(Nc1ccccc1C(=O)Nc1cccc(Oc2ccccc2)c1)c1cc2ccccc2cc1O,-8.8,3.3727419081899495,13_1905
O=C1Nc2ccc(S(=O)(=O)N3CCCC3)cc2/C1=C/c1ccc(-c2ccc(C(=O)O)cc2)o1,-7.3,3.549741741324697,13_1906
Cc1cc(Nc2cccc(I)c2)nc(-c2ccccc2)n1,-7.0,3.647611422010983,13_1907
CC#CCOc1c(C(CC=CCl)=Nc2nc3cc(F)ccc3o2)cncc1-c1cccc(-c2cccc(Cl)c2)c1,-8.4,3.114199970150757,13_1908
Cc1ccc2nc(-c3ccc4ccccc4c3)oc(=O)c2c1,-7.6,3.5018272835500177,13_1909
CNC(=O)c1ccc(-c2csc(C)n2)cc1,-5.5,3.6378064159931305,13_1910
COc1ccc(C(=O)N2CCC3(CC2)CC(c2nc(=O)c4ccccc4[nH]2)C3)cc1,-7.6,3.6858404604703727,13_1911
CCc1nnc(-c2nc[nH]c(C)cc(-c3cccc(Oc4ccccc4)c3)nn2)o1,-7.8,1.4844789766113031,13_1912
O=C(Nc1ccc(C2=CCN(C(=O)C(O)c3ccccc3F)CC2)cc1)c1ccccc1,-6.7,3.6924823369662803,13_1913
O=C(N[C@@H]1CC[C@@H](c2cccc(F)c2F)CN(C(=O)c2ccco2)C1)c1ccc2ccccc2n1,-7.7,2.704760119159035,13_1914
O=S(=O)(Nc1ccc(CCNC[C@H](O)c2ccccc2)cc1)c1ccc(-c2nc(-c3ccccc3C(F)(F)F)cs2)cc1,-6.1,3.0785473682853386,13_1915
CN1CCC[C@@H]1[C@@H]1CSC(c2ccccc2)(c2ccccc2)O1,-5.9,3.5043420307125803,13_1916
COc1cc(C2CCN(CCS(C)(=O)=O)CC2)ccc1Nc1ncc2c(n1)-c1c(nn(C)c1-c1ccc(-c3cnn(C)c3)cc1)CC2,-6.9,3.0627289519524106,13_1917
Fc1ccc2c(c1)C=CC=CC=CC2c1ccc(-c2ccc(-c3cccc(CN4CCCCC4)c3)s2)cc1,-6.8,0.8361077709555245,13_1918
CCc1cc2c(cc1-c1cc(-c3ccccc3OC)c3ccccc3n1)OCO2,-8.2,3.573569370075343,13_1919
Fc1cccc(-c2nc(NC3C=CN=CC4OC4=C3)nc3ccccc23)c1,-8.1,1.7624664457124641,13_1920
COc1cccc(C(=O)Nc2nnc(-c3ccccc3SC)s2)c1OC,-6.8,3.6896742273855097,13_1921
O=C(CCN1C(=O)c2ccccc2NC1c1ccco1)c1ccc(F)cc1,-7.1,3.7145442796015358,13_1922
COc1c2c(c(C[C@H]3CCCN3CCO)c3occc13)-c1ccccc1CC2O,-6.8,3.6471094990054,13_1923
CN(C)/C=C(/C(=O)N1CCCC1C(=O)Nc1cccc(OC(F)(F)F)c1)c1ccccc1,-7.0,3.7213868403857546,13_1924
O=C1C(c2cccc3ccccc23)Oc2ccc(Cl)cc2N1Cc1ccccc1,-8.8,3.448127510955154,13_1925
CN1CCN(C(=O)c2cc3cc(O)cnc3[nH]c2=O)CC1,-6.8,3.5555847639034823,13_1926
CCn1c2ccccc2c2cc(NS(=O)(=O)c3ccc(C)c(C)c3)ccc21,-8.5,3.6454535649493325,13_1927
O=C(NS(=O)(=O)N1CC(F)C1)c1cc(C2CC2)c(OC2CCN(Cc3ccc(C(F)(F)F)cc3)CC2)cc1F,-7.0,3.365018631992224,13_1928
O=C(N[C@H]1CCC[C@@](O)(Cn2ncc3ccc(F)cc32)C1)c1ccc2[nH]nc(C3C=CCN=C3)c2c1,-7.6,3.4010372394660933,13_1929
O=C(O)c1cccc(CN2CCN(C(=O)c3cc(Cl)ccc3Cl)CC2)c1,-6.7,3.7810846193661876,13_1930
Cc1ccc2c(COc3ccccc3Br)cc(=O)oc2c1,-6.6,3.6152488388860027,13_1931
COc1ccc(N=C2NC(=O)C(=Cc3ccc(O)c(O)c3)S2)cc1,-6.5,3.5313201221336623,13_1932
O=C(Nc1nc(C2=Cc3cc([N+](=O)[O-])ccc3OC2)cs1)C1CCCO1,-6.9,3.508959111697297,13_1933
CN(C)C(=O)N1CCC2(CN(Cc3nccs3)CCO2)C1,-5.9,3.4041350801205654,13_1934
C[C@H](Cc1c(O)[nH]c2ccccc12)NC(=O)/C(=C\c1ccccc1)c1ccccc1,-6.8,3.37833497559242,13_1935
Cc1cc(NC(=O)c2cn(-c3cc4ccccc4o3)c3ccccc3c2=O)ccc1S(=O)(=O)F,-8.3,3.5010762454092883,13_1936
O=C(Nc1ccc(F)cn1)c1ccc(S(=O)(=O)N2CCC(COc3ccc(F)cc3Cl)CC2)cc1,-7.1,3.6847532668804,13_1937
Cc1ccc(CN2CCC(Nc3ncc4c(n3)-c3c(c(C(N)=O)cn3C)CC4)CC2)cc1,-8.3,3.6390316999113725,13_1938
COc1cc2c(cc1OCc1cccnc1)Cc1c(-c3cccc(C(=O)O)c3)n[nH]c1-2,-7.6,3.63566394254845,13_1939
Cc1nc(-c2ccc3[nH]c(O)c(C(C)C)c3c2)n(-c2cccc(CNCc3c[nH]cn3)c2)n1,-7.6,3.373581591256527,13_1940
O=c1[nH]c(=O)n([C@H]2C[C@H](O)[C@@H](CO)O2)cc1CNC1CCCCC1,-6.9,3.1961051029193532,13_1941
Cc1c(C(=O)Nc2cccc(NC(=O)c3ccccc3F)c2)c(-c2ccccc2)nn1CC(=O)O,-7.9,3.504036632997483,13_1942
COC1=CC=C(CN2CC(C)N(C(=O)c3cc4ccccc4s3)CC2c2cccc(F)c2C)C1,-7.3,3.511603584228428,13_1943
COc1cccc(-c2cn(-c3ccc(Cc4ccc(NC(=O)c5ccccc5)cc4)cc3)nn2)c1,-6.4,3.503655367746144,13_1944
CS(=O)(=O)Nc1cccc(Nc2c3ccccc3nc3ccccc23)c1,-7.0,3.6353984037824363,13_1945
Cc1ccc2c(c1)-c1cccc3nc4ccccc4c(c13)N2Cc1ccccc1,-7.6,3.1394545962965665,13_1946
CC=C1C=CC(N2N=C(c3cc4ccccc4oc3=O)CC2c2ccc(C(F)(F)F)cc2)=C1,-9.0,3.4761776465468017,13_1947
COc1cccc(NC(=O)Nc2ccc(Nc3nc(N[C@@H]4CCCC[C@H]4N)c4ccccc4n3)cc2)c1,-7.1,3.2418420922301996,13_1948
O=C1C(c2ccc(F)cc2)[C@H](c2ccccc2)N1c1ccc([N+](=O)[O-])cc1,-7.6,3.501933607193596,13_1949
O=S(=O)(NCCCCN1CCC(c2noc3cc(F)ccc23)CC1)c1ccc2ccccc2c1,-7.6,3.577814809211727,13_1950
CCC(=O)NCC[CH]NC(=O)N(c1cc2ccccc2s1)c1cc(N2CC(c3nc4ccccc4n3C)C2)ncc1C=O,-7.3,3.1167720176201037,13_1951
O=S(=O)(c1cccs1)N1CCN(Cc2ccccc2Cl)CC1,-5.8,3.720416801653423,13_1952
C(#Cc1cccs1)c1ccccn1,-5.3,3.2308551886848846,13_1953
CC1COc2ccccc2N=C(c2ccc(NC(=O)NC3CC3)cc2)N=C(C2(c3ccccc3)CC2)C=CO1,-9.4,1.3940901061774706,13_1954
CN(C(=O)OC(C)(C)C)C(C)(C)c1ccc(NC(=O)Nc2ccc(Cc3ccc(NC(=O)Nc4ccc(F)cc4F)cc3)cc2)cc1,-6.2,3.1051865743959777,13_1955
O=Cc1cc2ccccc2c2ccccc12,-6.3,3.119915033926765,13_1956
N#Cc1cccc(C(=O)Nc2ccccc2Cl)c1,-6.1,3.62985896687972,13_1957
CCC(=O)NC(=O)[C@]1OC([C](C)C=O)=C[C@@H]2OC(=O)C=C2[C@@](C)O1,-7.2,1.4806313715972115,13_1958
O=C(c1ccc(OCc2ccc(CN3CCOCC3)cc2)cc1)N1CCCC(C2CCOCC2)C1,-7.4,3.4014541604987207,13_1959
O=C(Nc1ccccc1C(F)(F)F)N[C@@H]1CC[C@H](CCn2cc(-c3ccccn3)nn2)O[C@H]1CO,-7.4,3.484223516342081,13_1960
O=C(Nc1ncc(Cc2cccc3ccccc23)s1)c1ccccc1,-7.6,3.651377849061326,13_1961
Oc1cc(O)c2c(c1)O[C@H](c1cc(O)c(O)c(O)c1)[C@@H](O)C2,-6.8,3.27628772919151,13_1962
COC(=O)C(Cc1ccc(-c2cccc(C(F)(F)F)c2)cc1)NC(=O)[CH]C[C@H](C[C](C(=O)NCC=CC(=O)O)C1CC1)NC1CC1,-6.5,2.956863182121744,13_1963
CCn1c(NCCN(C(=O)C2=CC(=CC#N)C=C2)c2ccc3ccccc3c2)nc2cc(Cl)ccc2c1=O,-8.1,3.4969843787014137,13_1964
C=CN1C(=O)C(C)N(c2ccc(-c3ccc(F)cc3F)nc2)C(=O)N1C1C=CC=CC1,-7.4,3.6092941368052616,13_1965
O=C(Cc1ccccc1)Nc1noc(-c2ccc(Br)cc2)c1-c1ccncc1,-6.8,3.6896495077579514,13_1966
COc1ccc(-c2noc(-c3ccc(N4CCOCC4)c([N+](=O)[O-])c3)n2)cc1OC,-6.9,3.4859830856741336,13_1967
O=C(O)c1ccc(-c2ccc(NC(=O)c3ccccc3NC(=O)c3ccccc3)cc2)cc1,-7.9,3.5101325492880378,13_1968
O=C(Nc1ccccc1S(=O)(=O)Cc1ccccc1)c1ccccc1Cn1ccc2ncnc-2c1,-7.2,3.5902388031962498,13_1969
O=C(c1ccccc1)N1CCN(C(=O)c2ccccc2)CC1,-6.6,3.5924924242750556,13_1970
O=C(O)c1cccc(-c2cc3c(N4CCOCC4)cncc3[nH]2)c1,-7.7,3.750914448468166,13_1971
O=C1c2ccccc2C(=O)N1c1ccc2cc(-c3nc4cc(F)ccc4[nH]3)sc2c1,-8.4,3.5163279823402505,13_1972
Cc1cccc2nc(Cn3c(=O)n(C(C)C)c4ccccc43)n(CCC(C)C)c(=O)c12,-7.2,3.639612079655275,13_1973
CCc1cc(=O)[nH]c(-n2ncc(C(=O)NCc3ccccc3)c2C)n1,-6.7,3.7288374507108193,13_1974
COC=C1C=C(/C=C/C(=O)C=CC=C2OC(C=CCc3ccc(OC)c(OC)c3N)S2)C=CCCC1=O,-6.9,1.2291890686316904,13_1975
O=C(Nc1ccc(-n2cncn2)cc1)c1ccc2[nH]c(O)cc2c1,-7.1,3.591232054764391,13_1976
CNC(=O)C1CC(=O)N(c2cccc(OCC(=O)Nc3nccs3)c2)C1,-7.1,3.6411853794791904,13_1977
c1coc(-c2nnc(CCCCc3ccc4cccnc4n3)o2)c1,-6.4,3.63535905314552,13_1978
Cc1ccc(NC(=O)N(C)CCC2(O)CCC2)cc1,-6.4,3.539290025858557,13_1979
COc1cc(C2=C(c3ccccc3)c3c(N)n[nH]c32)cc2ccccc12,-8.5,3.5977581107909273,13_1980
S=C1CN=C(c2ccccc2)c2cc(Cl)ccc2N1,-6.6,2.5376851513583887,13_1981
O=C(NCCc1cccnc1)c1cnc(N2CCN(C(=O)NS(=O)(=O)c3ccccc3F)CC2)cc1C1CC1,-7.0,3.4342607798320657,13_1982
O=C(c1cn(-c2ccccc2)nn1)n1nc(-c2ccccc2)c2ccccc2c1=O,-7.6,3.543849336989511,13_1983
COc1cc(N2CCN(C(C)=O)CC2)ccc1Nc1ncc(Cl)c(NC2C=CC(=O)N=CC=CC2)n1,-7.3,1.3139000790780972,13_1984
CCO[C@H]1CCN(C(=O)c2cocn2)[C@@H]1Cc1cccnc1,-5.7,3.7068675743630246,13_1985
Cc1cc(Nc2nc3ccccc3s2)nc(SCc2nc3ccccc3s2)n1,-7.3,3.4008425622336187,13_1986
O=C(Nc1ccc(C2CNCCO2)cc1)Nc1ccccc1F,-6.9,3.639640607984994,13_1987
CC(=O)SC=CC=c1ccc2c(c1)C(c1cc(-c3ccccc3)nc(-c3cccs3)c1O)=CC=2,-8.0,3.4909031940183386,13_1988
CC(C)(C)S(=O)(=O)C[C@H](C1CC1)N1C(=O)[C@@](C)(Cc2ncccn2)C[C@H](c2cccc(Cl)c2)[C@H]1c1ccc(Cl)cc1,-6.6,3.352251261785004,13_1989
CC(=O)CN=C(Nc1ccc(Cl)cc1)C1CCN(S(=O)(=O)c2cccc3cccnc23)CC1,-7.3,3.6225118334980495,13_1990
Clc1ccc(Cn2cc(-c3cc4ccccc4c4ccccc34)nn2)cc1,-7.6,3.3549752300277973,13_1991
S=C(Nc1ccccc1)Nc1nc2ccccc2s1,-6.6,3.591490872724224,13_1992
CCOc1ccccc1Nc1nnc(-c2cc(OC)c(OC)c(OC)c2)s1,-5.8,3.6718649378452612,13_1993
CC(=N)N=C(C=CC1=CC2=CC=CC2(C)C1)c1cccc(-c2ccc(O)cc2)c1,-7.8,3.339341343402105,13_1994
O=C(c1cnc2ccc(-c3cc(F)c(O)c(Cl)c3)cc2c1Nc1cccc(CCN2CCCC2)c1)C1CC1,-6.9,3.3135946858884777,13_1995
O=C(Nc1cccc(C(F)(F)F)c1)Nc1nnc([C@H]2C[C@H](O)[C@@H](CO)O2)s1,-7.3,3.431722946101731,13_1996
COc1cccc(C2Nc3cccc4cccc(c34)N2)c1,-7.5,3.5759719650622053,13_1997
O=c1n(CCCCN2CC=C(c3c[nH]c4ccc(F)cc34)CC2)c(O)c2n1CCC2,-7.7,3.588945754206155,13_1998
O=S(=O)(Nc1cc(-c2cc3cc(Cc4cccnc4)ccc3[nH]2)ccc1Cl)c1ccc(Cl)cc1,-8.4,3.3327200550441143,13_1999
