smiles,docking,drug_likeliness,names
O=C(Nc1ccc(-c2c[nH]c(-c3ccccc3)n2)cc1)c1cccc2ccccc12,-7.6,3.442730724240592,14_0
Cc1ccc(S(=O)(=O)Nc2ccc3[nH]c(=O)[nH]c3c2)cc1,-7.0,3.588156646141755,14_1
O=C(O)c1cccc(Nc2nc(-c3ccccc3)c3ccccc3n2)c1,-7.7,3.694198394464811,14_2
Cc1cc2c(cc1OS(N)(=O)=O)CC[C@@H]1[C@@H]2CC[C@]2(C)[C@@H](Cc3nn[nH]n3)CC[C@@H]12,-6.8,3.4273212187006625,14_3
COCCNC(=O)COc1ccc(-c2nn3c(=O)cc(C)nc3n2CCO)cc1,-6.2,3.362807604136381,14_4
C=Cc1c(N(Cc2ccccc2)Cc2ccccc2)[nH]c(=O)n1CCC1(Oc2ccc(Cl)cc2)C(=O)N(c2cccc3ccccc23)c2ccc3ccccc3c21,-8.1,2.9196620988526014,14_5
CC(C(=O)Nc1ccc2c(c1)OCCO2)c1ccc(-c2ccccc2)c(F)c1,-7.2,3.705085994721994,14_6
N#CC1=CN(C=C(N=N)c2ccc(F)c(F)c2)C(F)=CN1c1ccccc1F,-7.2,3.5843660111885716,14_7
O=C(/C=C/c1ccccc1)c1cccc(-c2nc3ccccc3c(=O)n2-c2cccc(O)c2)c1,-7.7,3.427591201471321,14_8
C=C1C(c2cccc(-c3cccc(-c4nc5ccccc5[nH]4)c3)c2N)=CC=C1C1(CC)CC=CC=NC(=O)C(=CCl)C=CC1,-8.9,0.7020838299983758,14_9
O=C(CCC(O)C12CC3CC(CC(C3)C1)C2)NCc1ccc(CN2CCCC2)cc1,-6.4,3.173386043107529,14_10
COc1ccc(-c2cc3cc(Cl)ccc3n2Cc2ccccc2)cc1CN1CCCCC1,-8.1,3.414369821443864,14_11
C[C@@H]1CN(c2ccccc2)CCN1C(=O)c1ccc2c(=O)n(Cc3ccc(F)cc3)c(=O)[nH]c2c1,-8.0,3.69027599286573,14_12
O=S(=O)(c1ccc2ccccc2c1)N1CCC(CN2CCN(c3ccccc3)CC2)CC1,-7.6,3.5945201483205214,14_13
O=C(c1cc(-c2cccnc2)nc2ccccc12)N1CCC(Cc2ccccc2)CC1,-7.4,3.552568449968728,14_14
O=C(c1ccc(-c2ccccc2Cl)cc1)N1CCC2(CC1)Oc1ccccc1C(=O)N2Cc1ccccc1,-7.6,3.3758128654281623,14_15
Cc1ccc(F)cc1-n1c(=O)n(Cc2cccc(-c3ccccc3C#N)c2)c2ccccc21,-7.7,3.4700072735947947,14_16
COC(=O)c1ccccc1NC(=O)CSc1nnc(-c2ccc(Cl)cc2Cl)n1Cc1ccco1,-7.6,3.4215472156174673,14_17
O=C1CCC(C(=O)Nc2cc(C(F)(F)F)ccc2N2CCOCC2)N1,-7.0,3.525361822465398,14_18
C/C(=N\NC(=O)c1cccc(Nc2ccnc(-c3ccc(C)cc3)n2)c1)c1ccccc1,-7.5,3.5190082135780845,14_19
C=CC=CC=CCOC[CH]CC(C=NC(=O)[CH]NC(=O)C12C=C(C1)C(F)=CC2)c1ccc(-c2ccccc2)cc1,-6.9,3.0056356521635625,14_20
O=C(NCc1cn(-c2ccc(F)cc2)nn1)c1cn(Cc2ccc(F)cc2)nc1-c1ccc(Cl)cc1,-7.6,3.5037772202665685,14_21
CCn1ccc2cc(S(=O)(=O)N3CCCC(C(=O)NCc4ccc(C)cc4)C3)ccc21,-7.2,3.764366313497132,14_22
O=C1C(=O)c2ccccc2C2=C1CC(Cn1nc(-c3ccccc3)oc1=O)O2,-8.4,3.543743812393843,14_23
Nc1ccccc1NCc1ccc(-n2c3ccccc3c3ccccc32)cc1,-7.6,3.356903698477465,14_24
COc1cccc(/C=C2/C(=O)Oc3cccc(N)c32)c1,-6.4,3.4141802451439305,14_25
O=C(Cn1cc(Cn2c3ccccc3c3ccccc32)nn1)c1cccc2ccccc12,-7.8,3.4457548472123074,14_26
COC1=CC=CC(c2nc(Nc3cccc(C(=O)NCCCN4CCOCC4)c3)ncc2C)=NC1,-7.3,2.438210282571942,14_28
[C-]#[N+]c1ccccc1/C=C/c1ccccc1,-5.6,2.9751134789622027,14_29
N#CCc1cc(-c2ccc(F)cc2)n(-c2ccc(Br)cc2)n1,-6.3,3.6705789476936928,14_30
COC1=NC(C(=O)Nc2cc3c(Nc4cccc(Br)c4)ncnc3cc2OC)C(C)C(=O)C1,-7.8,3.595878752099474,14_31
CC=C1C(=O)Oc2c1ccc(-c1ccc(N(C)C)cc1)c2OS(=O)(=O)c1ccc(C)cc1,-7.2,3.4124672474261457,14_32
CCC(=NN(Cc1ccccc1Cl)c1ccc(F)cc1)C(=O)Nc1ccccc1CN[C@H]1CCOC1,-6.9,3.4486995802451927,14_33
CN1C(=O)N(c2cccc(C(F)(F)F)c2)C2=C(C(=O)CC2)C1c1ccc(C#N)cc1C(=O)N1CCC(F)(c2ncc(Cl)s2)CC1,-7.5,3.1825774680584695,14_34
Sc1c(-c2ccccc2Cl)n[nH]c1-c1cn(-c2ccccc2)nc1-c1ccc(Cl)cc1,-7.5,3.4220575824859942,14_35
O=C(F)NCc1nc(-c2ccccc2)oc1C(F)F,-6.8,3.5884124036407976,14_36
Cc1nn(C)c(C)c1-c1ccnc2c(Cl)cccc12,-5.8,3.573066012722986,14_37
COc1ccc(C2c3[nH]c4cc(F)ccc4c3CCN2C(=O)c2cccc(F)c2)cc1,-8.4,3.5812450883323685,14_38
COc1ccc(C(F)(F)F)cc1-c1csc(-n2c(O)ccc2O)n1,-7.2,3.678108157098719,14_39
O=C(C=Cc1ccc(O)c(O)c1)c1ccc(NS(=O)(=O)c2ccc(Br)cc2)cc1,-7.4,3.456033676648236,14_40
CNC(=O)C(C=NC(=NCC(=O)N=C(C(=O)O)C(C)C)c1ccccc1)NC(C=O)c1cc(F)cc(F)c1,-7.2,3.2164256920890493,14_41
Nc1ccccc1Oc1ccc(C=O)c(Br)c1,-5.7,3.6103507194717093,14_42
CCCCCc1ccc(-c2cc(-c3ccc(OC)cc3)[nH]n2)cc1,-5.5,3.5532284376136865,14_43
O=C(O)c1ccccc1C(=O)NCc1cccc2ccccc12,-7.0,3.65652858602849,14_44
CON(C)C(=O)c1c(NC(=O)c2cccc(Oc3cccc(C(F)(F)F)c3)c2)sc2c1CCN(C(C)C)C2,-7.2,3.5564710118553875,14_45
CN(CCCl)c1ccccc1C(=NCNC(=O)c1ccc([N+](=O)[O-])cc1)c1ccccc1,-7.0,3.432629235050993,14_46
CN(C)C(=O)NCCNC(=O)C(Cc1ccc(Oc2ccccc2)cc1)NC(=O)c1cc2cc(F)ccc2[nH]1,-6.9,3.291399583489599,14_47
O=C1c2ccccc2C(=O)N1CCOC(=S)N(C(=O)c1ccco1)c1ccc(Cl)cc1Cl,-6.4,3.563258934974249,14_48
CC(C)C=C1C=C(c2ccc(-c3ccccc3-c3nn[nH]n3)cc2)C(c2ccc(-c3ccccc3)cc2)=NC1,-7.9,3.3731269051524486,14_49
COC=C1C(OC)=C(OC)C1[C@@H](O)[C@@H](CO)Oc1ccc(-c2cccc(/C=C/c3ccc(F)cc3)c2)cc1C,-6.2,3.3715275799258686,14_50
COC(=O)c1ccc2c(c1)c1c(n2CCc2ccc(OCc3ccccc3)cc2)CCC[C@H](C)C1,-7.9,2.3848759287733463,14_51
Cn1c(=O)n(C2CCOCC2)c2c3nc(-c4cnn5nc(C=O)cc5c4)ccc3ncc21,-7.4,3.3213814984436922,14_52
CC1(c2c(-c3ccc(C#N)c(C(=O)Nc4cccc(C#N)c4)c3)nc3ccccn23)C=CN=CNC2C=CC=CCS(=O)(=O)C21,-6.8,1.3852923786935745,14_53
Oc1ccc(CN2CCN(c3ncnc4ccsc34)CC2)c2cccnc12,-7.1,3.6613282380770933,14_54
O=C1C(NS(=O)(=O)c2cccc3nc(Cl)cnc23)CCN1c1ccc(-c2cccc(C(F)(F)F)c2)cc1,-7.5,3.6031252189654976,14_55
Cc1cc(-c2ccc(-c3ccc(-n4cc(NC(N)=O)c(C(N)=O)n4)cc3)cc2C)ccn1,-7.7,3.5515563599960096,14_56
O=c1c2sc(-c3ccc(F)cc3)cc2ncn1-c1ccc2c(c1)OCC(c1ccccc1)N2C1CCC1,-6.6,3.3161216138308247,14_57
O=C(C=C1C=CC(Cn2c3ccccc3c3cc(-c4ccc5cc[nH]c5c4)ccc32)=C1)c1ccccc1,-8.7,3.0520807142121673,14_58
O=C(c1ccc(-c2cccc(NS(=O)(=O)c3ccc(Cl)s3)c2)cc1)c1c(-c2ccc(O)cc2)sc2cc(O)ccc12,-7.6,3.1145845201964715,14_59
O=C(C[n+]1ccn(C(c2ccccc2)c2ccc3oc4ccccc4c3c2)c1)c1ccc(F)cc1,-8.3,3.275774911641597,14_60
Cc1ccc(C(=O)Nc2cccc(CN3CCC(C(=O)NC4CCCCC4)CC3)c2)cc1,-7.1,3.5200263093288644,14_61
O=C(Cc1[nH]c(=O)n(Cc2ccccc2F)c1O)NCc1nc2ccccc2[nH]1,-7.2,3.4787533859626483,14_62
Cc1cc(C)c2c(n1)N(Cc1ccccc1)C(=O)c1ccccc1[S+]2[O-],-7.3,2.6545689915259665,14_63
O=C(Nc1nc(-c2cccc(C(=O)N3CCc4ccccc4C3c3ccccc3)c2)cs1)c1ccccc1,-8.6,3.431836975405034,14_64
ON=C(O)/C=C/c1cccc(-c2nc3ccccc3n2Cc2ccccc2F)c1,-7.7,3.3687421895345913,14_65
O=C(c1ccc(F)cc1)N1CCC(CCN2CCN(c3nsc4ccccc34)CC2)CC1,-7.0,3.5972626749207857,14_66
N#CC(=Cc1ccc(O)c(O)c1)C(=O)NCc1ccc2c(c1)OCO2,-7.7,3.447992628338357,14_67
O=C(COc1ccc(Br)cc1Br)Nc1nncs1,-5.6,3.6830105731371923,14_68
O=C(N[C@H]1CCN(c2cccc(C(F)(F)F)c2)C1)c1cccc(Cl)c1,-7.1,3.674714890025853,14_69
CN(C)c1ccc(-c2ccc3c(-c4ccccc4)nc(NCCCn4ccnc4)nc3n2)cc1,-7.2,3.4525625436778684,14_70
Cc1ccccc1N1C=c2ccccc2=Nc2ccccc2N(c2cccc3ccccc23)C(=O)C1c1ccccc1,-8.3,1.0396475172683806,14_71
CC1=CC=CC(c2[nH]c3ccccc3c2-c2c(O)[nH]c(O)c2Br)=CC1,-7.1,2.493131867775226,14_72
O=C1N=C(N2CCN(Cc3cn(-c4ccnc5cc(Cl)ccc45)nn3)CC2)C(=O)c2ccccc21,-8.6,3.455679756506836,14_73
COC=CC=CS(=O)(=O)N(CC(=O)O)c1ccc(N(CC(=O)O)S(=O)(=O)c2ccc(OC)cc2)c2ccccc12,-6.9,3.1542054831743815,14_74
O=c1c2ccccc2cnn1Cc1n[nH]c(=S)n1-c1ccc(Cl)cc1,-7.0,3.654694625465345,14_75
COc1cc(C)ccc1OCc1nc(C(=O)N2CCN(c3ccc([N+](=O)[O-])cc3)CC2)cs1,-6.7,3.5042126539265968,14_76
O=C(O)CCNc1ncnc2[nH]c3ccc(O)cc3c12,-6.2,3.4738607821895373,14_77
Cc1nc2ccccc2c2cc([N+](=O)[O-])ccc12,-6.3,3.401058227281363,14_78
COc1ccc(C2=CCN(C(=O)Nc3nc(-c4ccccc4)cs3)CC2)cc1,-7.3,3.755529098323933,14_79
Cc1ccccc1CNC(=O)c1ccc2[nH]c(=O)cc(-c3ccccc3)c2c1,-7.9,3.5619137144316597,14_80
Cc1ccc(C(=O)Nc2cccc(C(F)(F)F)c2)cc1-c1ccc2c(Oc3nc4ccccc4[nH]3)[nH]nc2c1,-8.8,3.314369040788324,14_81
COC=CC=C(C)Cc1nc(-c2ccc(F)cc2)c(-c2ccnc(NCCc3ccccc3)c2)[nH]1,-6.5,3.3741974870155027,14_82
O=C(NCc1ccc(F)cc1)c1cccn2c(=O)c3cc4ccccc4cc3nc12,-8.8,3.5549305307260024,14_83
O=C(c1cccc(NC(=O)c2cc3ccccc3o2)c1)c1ccc2c(C=Cc3ccccn3)[nH]nc2c1,-7.6,3.3816158079702254,14_84
NC(=O)c1cc(Oc2cccc(NC(=O)Nc3cccc(C(F)(F)F)c3)c2)ncn1,-7.5,3.5913226217794376,14_85
O=[N+]([O-])c1cccc(Nc2nc(N3CCOCC3)nc3c2CCN(c2ncccc2C(F)(F)F)CC3)c1,-8.8,2.3809472869902013,14_86
Nc1ccccc1C=C1C(=O)CCC1C(=O)N=C(CCC(=O)Nc1ccc(-c2ccccc2)cc1)C(=O)O,-7.3,3.283960672834773,14_87
N=C(N)Nc1ccc(NC(=O)c2cccc(NC3=NCCCN3)c2)cc1,-7.7,3.3591067997628,14_88
O=C(O)c1cc(-c2nc(-c3ccc(Cl)c(Cl)c3)cs2)ccc1-c1cc(F)c(F)cc1F,-7.3,3.5206662997363605,14_89
O=C1c2c(O)cc(O)cc2O[C@@H](c2ccc(O)cc2)C1[C@H]([CH]c1cc(O)cc(O)c1)c1ccc(O)cc1,-7.7,3.2364293799332997,14_90
Cc1cc(F)ccc1-c1nn(-c2ccccc2)cc1C(=O)NC1=CC=C(N(C)C)C1CCO,-7.1,3.704782382929184,14_91
O=C(Nc1ccccc1N1CCCCC1)c1csc(N2CCOCC2)n1,-6.6,3.6860031626712604,14_92
O=C1C(=O)N(Cc2nc3c4ccccc4ccn3c2-c2ccc(F)cc2)c2ccccc21,-9.0,3.3779166532712797,14_93
CC1(C)OC(=O)N(c2ccc(-c3cc(-c4ncccn4)ccc3F)nc2)[C@H]1c1cccc(F)c1,-7.6,3.6016349737896594,14_94
COc1ccc(/C=C\c2cc(OC)c(OC)c(OC)c2)cc1NC(=O)Nc1ccc(F)c(N)c1,-7.1,3.4602505490405253,14_95
O=C(Nc1cc(O)c(O)cc1F)c1ccc2ccccc2c1O,-7.2,3.4709740775697524,14_96
O=C(Nc1cc(-c2nnc3n2CCCCC3)ccc1Cl)c1cccs1,-8.2,2.8019085665509675,14_97
O=C(O)Cn1c(CC=Cc2cccnc2)nc2ccc(-c3cncc(F)c3)cc21,-7.6,3.723629911519521,14_98
O=c1cc(-c2ccccc2)nc2ccccn12,-7.1,3.5010014765223403,14_99
CC(C)n1ncc2c1C(=O)NC1(CCN(C(=O)c3ccc4[nH]c(=O)[nH]c4c3)CC1)C2,-8.5,3.473956476095527,14_100
N#Cc1ccc(S(=O)(=O)Nc2ccc(Br)cc2-c2cccc(C(=O)O)c2)cc1,-7.8,3.721919103543855,14_101
CCOc1ccc(N(Cc2cc3ccc(C)cc3[nH]c2=O)C(=O)c2cccc(C)c2)cc1,-7.6,3.624017656921509,14_102
O=C(OCC(=O)N1CCN(Cc2ccccc2Cl)CC1)c1ccc(F)cc1,-6.7,3.682830884297421,14_103
NC(=O)c1coc(C(O)c2ccc3c(c2)OCCO3)n1,-6.5,3.5832705502781055,14_104
Cc1ccccc1-c1cccc(-c2[nH]c(Cc3cccc(C(N)=O)c3)nc2-c2ccc3nccnc3c2)n1,-8.8,3.4254545068081965,14_105
O=C(NCc1ccccc1)C(CCc1ccccc1)n1c(=O)c(-c2ccco2)nc2ccccc21,-7.0,3.515960654571513,14_106
Cc1ccc(C(=O)Nc2ccc(NC(=O)c3ccco3)c(Cl)c2)cc1S(=O)(=O)N1CCOCC1,-7.0,3.6433039847086444,14_107
O=C(NC(=S)Nc1cccc(NC(=O)c2cccnc2)c1)c1ccc(Br)cc1,-7.6,3.6230141492222554,14_108
COc1c[nH]c(C(=O)Nc2ccc(NC3CCC(O)CC3)cc2C)cc1=O,-6.9,3.5665335592973397,14_109
COc1cc2c(cc1OC)CN(c1ccc(Cl)cc1NC(=O)CCc1c(C)noc1C)CC2,-7.8,3.715568672400712,14_110
CC1=Cc2c(O)c(O)c3ccccc3c(=O)c2[CH]1,-6.3,2.5251829917212993,14_111
O=C(c1ccc(C(F)(F)F)cc1)C1CCN(C[C@@H]2CCC[C@@](C(=O)NC3CCCCC3)(c3cc(F)c(F)cc3F)CO2)CCN1,-8.3,2.1244123965785917,14_112
CNCCNCc1ccccc1CCCCCCC(=O)O,-5.6,3.3333652521447332,14_113
O=C1CCc2cc(C(c3ccccc3)c3ccccc3)cc3c2N1CC3,-7.2,3.269419360526747,14_114
O=C(O)C(Cc1cccc(-c2cccc(F)c2F)c1)C(=O)O,-6.5,3.6327424054125217,14_115
O=C(Nc1ccccc1C(F)(F)F)c1ccc(S(=O)(=O)NC2CC2)cc1,-6.6,3.6980865258484354,14_116
C[C@H](O)c1nccn1[C@H](CN)c1ccc(Cl)cc1Cl,-5.7,3.729323144688642,14_117
O=C1N=C2SCCN2[C@@]12C(=O)Nc1ccc([N+](=O)[O-])cc12,-6.6,3.084977121901826,14_118
Cc1cc(C)nc(NC(=S)N2CCN(c3ccc(C)cc3C3(N)CCC3)CC2)c1,-6.5,3.5805111518128827,14_119
CS(=O)(=O)Nc1cccc(Nc2nccc(Nc3ccc4cccnc4c3)n2)c1,-7.4,3.5348599207155265,14_120
CC(=O)Nc1cccc(C2=NOC3(C2)CC(C(N)=O)N(C(=O)c2cccc(C(F)(F)F)c2)C3)c1,-7.7,3.6030509325974553,14_121
COc1ccc(S(=O)(=O)Nc2cccc(-c3ccc(NS(C)(=O)=O)cc3)c2)cc1OC,-6.9,3.651455838239797,14_122
O=C1C=CC=CCCc2cc(F)ccc2/C1=C/c1cccc([N+](=O)[O-])c1,-7.6,1.3295250623576171,14_123
COC(=O)c1c(C(F)(F)F)[nH]c2cc3c(=O)n(CCN(C)C)c4cc(Br)ccc4c3cc12,-7.7,3.587489297442575,14_124
CCOc1cc(NC(C)=O)ccc1C(=O)NNC(=O)c1cc(C23CC4CC(CC(C4)C2)C3)c2ccccc2n1,-7.3,3.187060402609979,14_125
O=C(Nc1cc(Cl)ccc1[N+](=O)[O-])c1c(O)[nH]c(=O)n(-c2ccccc2)c1=O,-7.8,3.403144433870781,14_126
CCN(Cc1cnc(C)nc1-c1ccc(Nc2nc3ccccc3s2)cc1)Cc1cccc(F)c1F,-7.9,3.4138994080223504,14_127
Clc1ccc(OCCc2ccncc2)cc1-c1cccc(CN2CCCCC2)c1,-6.8,3.5501112912867487,14_128
CCOc1ccc(-c2nc3cc(NCc4ccc(-c5ccccn5)cc4)ncc3o2)cc1,-7.2,3.5170493863216095,14_129
O=C(CCCN1CC[C@H]2[C@@H](C1)c1cccc3c1N2CC3)c1cccc(F)c1,-7.1,3.341950587612062,14_130
CCc1[nH]c2nc(-c3nnc4n3CCN(C(=O)c3ccc(F)c(Cl)c3)C4C)nc(N)c2c1C,-8.1,3.575526639770347,14_131
CC(C)[C@]1(C(=O)N2CCN(c3cccc(C(F)(F)F)c3)CC2)CC[C@@H](NC2CCOCC2)C1,-7.0,3.416740522357791,14_132
COc1ccccc1C1(O)CCN(C(=O)c2cccc(C#Cc3ccccc3)c2)CC1,-7.3,3.6234751853961424,14_133
CC(C)(Cc1cc2ccccc2o1)NC[C@H](O)c1ccc(O)c2[nH]c(=O)ccc12,-7.0,3.523952036243149,14_134
O=C1c2cccc(Cl)c2C(=O)N1c1ccc(F)cc1F,-6.5,3.52563239071383,14_135
Cc1ccc(S(=O)(=O)NN2C(=O)CSC2c2cc3ccccc3nc2Cl)cc1,-7.3,3.727105129061526,14_136
Cn1c(=O)n(C)c2cc(C(=O)O)c(NS(=O)(=O)c3ccccc3)cc21,-6.7,3.6473759941995705,14_137
N#Cc1cccc(-c2ccc(C3(C(F)(F)F)C=N3)cc2)c1,-6.5,3.6032326439312623,14_138
COC=CC(=CC=COc1cccc(-c2cc(C(F)(F)F)nn2C)c1)C(=O)NCCCc1ccccc1,-6.9,3.3125142253356663,14_139
Cc1ccccc1NC(=O)c1ccc(C)c(NC(=O)c2cc3ccccc3o2)c1,-7.5,3.6005712061910895,14_140
COc1ccc(C2=NO[C@@H](CN3CCN(c4cccc5c4ccn5S(=O)(=O)c4ccccc4)CC3)C2)cc1,-6.2,3.4204092363853063,14_141
O=C(O)c1ccc(-c2cccc(-c3ccc4scc(-c5ccc(N6CCC6)cc5)c4c3)c2)cc1,-8.5,3.3622248544206412,14_142
ON=C(O)N[C@@H]1CCN(c2ccc(OCc3ccc(C(F)(F)F)cc3)cc2)C1,-6.5,3.405676317338691,14_143
O=C1C=CCCC(=NC(=O)c2cccc(F)c2Cl)C=C(c2ccc(Nc3ccccc3)cc2)C=NC1,-7.6,1.3004604441529497,14_144
COc1ccc(S(=O)(=O)N2CCCCCC2)cc1NC(=O)c1cccnc1SC,-6.8,2.74222593689061,14_145
Cc1ccccc1-c1cc(-c2ccco2)c2oc3ccccc3c2n1,-8.3,3.417395155315154,14_146
O=C(NNC(=O)c1ccncc1)Nc1ccc(S(=O)(=O)Nc2ccc(Cl)cc2COc2ccccc2)cc1,-6.9,3.1625471462306094,14_147
O=C(COC(=O)c1cccc(Cl)c1)Nc1ccccc1Sc1ccccc1,-6.7,3.694783438035601,14_148
O=C(Oc1ccccc1)N1CC(c2nc(-c3cccs3)no2)C1,-6.3,3.7091723973881088,14_149
O=[N+]([O-])c1ccc(Nc2nc(NCCN3CCOCC3)nc(NCCN3CCOCC3)n2)cc1,-7.6,2.996968438908506,14_150
Cn1cnc(S(=O)(=O)NCCOc2cccc(C(Cc3ccccc3)CN3CCCC3)c2)c1,-6.0,3.606433959366897,14_151
O=C(c1cc(-c2cc(Cl)ccc2C(=O)N2Cc3ccccc3C[C@H]2CN2CCOCC2)n2c1CCCC2)N(c1ccc(O)cc1)c1cccc(F)c1,-8.0,3.0350799565433038,14_152
Cc1ccc(NC(=O)CN2C(=O)NC3(CC(C)CC(C)(C)C3)C2=O)cc1,-7.2,3.478480839942808,14_153
Cc1nc(-c2ccc(Cl)cc2)sc1C1(C)CC(c2ccccc2)=NO1,-7.4,3.650358920027532,14_154
O=C(NS(=O)(=O)c1ccc(N2N=C3c4ccccc4CC3C2c2cccs2)cc1)c1ccccc1,-7.2,3.556440208821333,14_155
COC1=CC(C(=O)Nc2cc3cc(Br)ccc3nc2-c2ccc(C(F)(F)F)cc2)OCC(OC)=C1OC,-7.4,2.6436450496565116,14_156
O=C(NC1CC1)c1ccc(COc2ccc(Br)cc2)o1,-6.3,3.7660879660036706,14_157
Oc1[nH]c2c(Cl)cccc2c1N=NC(=S)N1CCN(c2ccccc2)CC1,-6.6,3.6052098331762608,14_158
O=C(NN=Cc1ccc(O)cc1O)Nc1ccc(-c2nc(N3CC4CCC(C3)O4)c3sccc3n2)cc1,-7.6,3.095886565756878,14_159
Cc1ccccc1CN1CC(C(=O)NCc2ccc3c(c2)OCO3)[C@H](c2ccc(Cl)cc2)C1,-8.0,3.619619803199046,14_160
Oc1ccc2c(c1)C(C(c1ccccc1)c1ccccc1)NCC2,-7.1,3.514923865383262,14_161
O=C1Nc2cccc3c2C1(CCCCN1CCN(c2ccccc2)CC1)CCC3,-6.9,3.356490075742985,14_162
CC1CC(c2ccccc2)=C2c3ccc(Cl)cc3NC(=O)N2C1,-7.4,3.413017760033838,14_163
O=C(N=CNNC(=S)Sc1ncnc2scc(-c3ccncc3)c12)c1ccc(F)cc1,-6.7,3.1612181694559194,14_164
O=C(NCCC1CCCCO1)Nc1ccccc1C(F)(F)F,-7.2,3.5894304155420724,14_165
O=C(Nc1ccccc1Cl)Oc1ccccc1C(=O)Nc1ccccc1,-6.9,3.71495127612813,14_166
O=C(Nc1ccc(Oc2ncnc3ccsc23)c(F)c1)c1cn(-c2ccc(F)c(Cl)c2)c2ccccc2c1=O,-8.1,3.4026291140512055,14_167
O=c1[nH]c(O)c(Cc2ccc(-c3ccc(C(F)(F)F)cc3)cc2)[nH]1,-7.1,3.606647230280507,14_168
O=C(O)CNCc1cccc(-c2ccc(Cc3ccc(-c4ccc(C(F)(F)F)cc4)nc3)cc2)c1,-6.9,3.534406257866576,14_169
COc1ccc([C@H](NC(=O)c2cc(F)c3cnc(Nc4ccccn4)nc3c2)c2cnn(C)c2)cc1F,-8.1,3.3966432037688232,14_170
Cc1cc(COc2ccc(C(=O)N[C@@H]3CCN(C(=O)C(C)C)C3)cc2)c2ccccc2n1,-7.5,3.7505034183800205,14_171
O=c1[nH]nc2n1-c1ccc(OCc3ccccc3Cl)cc1CCC2,-6.7,2.8284936224862465,14_172
COc1ccc(C(C)C)cc1C=C(CN(Cc1cc(C(F)(F)F)cc(C(F)(F)F)c1)c1ncc(-c2cnn(C)c2)cn1)c1ccccc1C=N,-7.4,2.8512285400726416,14_173
COc1cccc(C(=O)Cc2ccc(C(=O)NCc3ccc(S(C)(=O)=O)cc3)cc2)c1,-6.8,3.681448234607928,14_174
COc1ccc2cc(-c3ccccc3)ncc2c1,-6.6,3.4290279177391065,14_175
CCCOC=CC=C(COC)c1cc(C(=O)NCCCNC(=O)c2ccc(C(=O)N(C)C)cc2)[nH]n1,-6.2,3.218051542943696,14_176
Cc1cccc(C(CC(C)C)NC(=O)c2cc(COc3ccc(F)cc3)ccc2CCC(=O)O)c1,-7.4,3.512421040947629,14_177
COc1ccc(-n2ncc(-c3nc4nc(N5CCOCC5)sc4cc3CO)c2C)cc1,-6.7,3.5971703677520797,14_178
O=C(O)C(Cc1c[nH]c2ccccc12)Nc1nc(-c2ccc(Br)cc2F)oc1-c1ccc(F)cc1,-8.1,3.333369843938198,14_179
CC1=CC(c2ccc(/C=C3\N=C(c4ccccc4)N(c4ccc(F)cc4)C3=O)o2)CC=C1,-7.7,3.452929622306677,14_180
O=C(O)c1cn(Cc2ccc(-c3cnc4ccccc4c3)cc2)c2c(F)cccc2c1=O,-7.8,3.498832314490937,14_181
CC(=O)NC(C)(C)C(=O)NC(C)(C)C(=O)NC(C(=O)N(C)C(CC(C)C)C(N)=O)c1ccccc1C,-6.2,3.2227847091458566,14_182
CCn1cnnc1CN(C)Cc1cn(-c2ccc(F)cc2)nc1-c1cccc(C)c1,-7.4,3.631774029744877,14_183
O=C(Cn1cccc(NCc2ccccc2)c1=O)Nc1cccc2ccccc12,-7.7,3.641437912310467,14_184
O=C(CSc1cc(Cl)ccc1Cl)NC1C(=O)N2C(C(=O)O)=C(COc3cccc(Oc4ccccc4)c3)CS[C@H]12,-6.5,3.2241605073693425,14_185
CNC(Cc1c[nH]c2ccccc12)C(=O)NCCCCNO,-5.9,3.303057529511051,14_186
CC(C)c1cccc(C(c2cc3ccccc3o2)c2cn(C)c(=O)[nH]c2=O)c1,-7.8,3.7232205680108406,14_187
COc1ccc(-c2ccc(C(=O)N3CCC(F)(F)CC3)cc2)cc1NC(=O)c1cccc(-c2ccccc2C(F)(F)F)c1,-7.5,3.3573889284857015,14_188
Cc1ccccc1-c1ccc(C(=O)N2CCN(c3ncccn3)CC2)cc1,-7.9,3.7014323154127995,14_189
COc1ccc(/C=C/c2cccc(C(=O)N[C@@H](Cc3ccccc3)[C@H](O)CN(CC(C)C)S(=O)(=O)c3ccc(OC)cc3)c2)cc1,-6.0,3.1893070825103016,14_190
O=C(NCc1ccco1)N1c2ccccc2C=Cc2ccccc21,-7.3,2.6541880514461216,14_191
Cc1ccccc1C(=O)NCC1(c2ccccc2)CCCCC1,-6.8,3.473644103698886,14_192
CC1(C)C=C(/C=C/c2ccc3ccccc3[n+]2[O-])CC1=O,-6.8,3.4639620311579176,14_193
CSc1nc2cc(C)cc(C)c2cc1C#N,-5.4,3.494043125116382,14_194
COc1cccc(CN2CCC[C@H](c3nc(-c4ccccc4)nc4ccccc34)C2)c1,-8.6,3.551280663800844,14_195
N=C1CCc2oc3ccc(O)cc3c(=O)c2C(=N)C1,-6.9,2.4435789640260337,14_196
CC1(c2ccsc2)NC(=O)NC1=O,-5.0,2.138939186963028,14_197
COC1=CC=CC[C@@]12C[C@@]1(c3nc(C)no3)CN(S(=O)(=O)c3ccccc3)C[C@@H]1CN2,-7.6,3.4916724331526483,14_198
Cc1ccc(Nc2ccc3c(c2)[nH]c2ccccc23)cc1C(=O)Nc1cnc(Nc2cccc(N)c2)nc1,-8.1,3.0036410201729655,14_199
O=C(Cc1cc(C(F)(F)F)cc(C(F)(F)F)c1)Nc1cccc(S(=O)(=O)C(F)(F)F)c1,-7.4,3.5999257574520707,14_200
Cn1nc(C2(C)CC2)c2ccc(-c3ccc(CN4CCOCC4)cc3)nc21,-7.4,3.6095640289466147,14_201
O=C(O)C=CC1=C(CN(Cc2cccs2)c2ccc(-c3nc4ccccc4c(=O)n3-c3cccs3)cc2)C=C1,-7.7,3.279571060764183,14_202
O=C(O)Cc1ccc(NC(=O)c2cccc(C(=O)Nc3cccc([N+](=O)[O-])c3)c2)cc1,-7.1,3.4494949314863135,14_203
CCOC(O)c1ncc2c(n1)c(=O)n(-c1ccc(C)cc1)c1ccccc21,-7.1,3.6062021622173823,14_204
O=C(Nc1ccc(Oc2ccnc3ccsc23)cc1)Nc1cccc(C(F)(F)F)c1,-7.3,3.608584115773003,14_205
NC(=O)c1ccc2c(=O)c3cccc(Nc4ccc(F)cc4F)c3oc2c1,-8.2,3.6262770411870977,14_206
COc1cc2c(Nc3ccc(Cl)c(C(F)(F)F)c3)ncnc2cc1OCCCN1CCN(C)CC1,-7.9,3.5812132043884914,14_207
Cc1cccc2cc(NC(=O)c3ccccc3)c(-c3ccccc3)nc12,-7.7,3.529855676623846,14_208
O=S(=O)(NCc1ccccc1Cl)c1cccc(NS(=O)(=O)c2ccc(Cl)cc2Cl)c1,-7.4,3.6225959778178956,14_209
CCC(=O)N1CCC(c2ccc(C(Cc3ccc(O)cc3)c3cccc(-c4ccc(F)cc4)c3)cc2)C1,-8.5,3.3809326031608604,14_210
C=C1CC=CCC(=O)C=Nc2ccccc2NC(=O)c2c(F)c(F)c(C(F)(F)F)c(F)c21,-8.3,1.9302905591067727,14_211
CC=NC1C=CC(=CC(=CCl)N2CCC(C(=O)N3CCn4c(nnc4C(F)(F)F)C3)[C@H](C)C2)N=C1,-7.1,3.285239649334352,14_212
O=C(c1ccc(Cl)cc1)c1cccc(NC(=O)c2ccc3ccccc3c2[N+](=O)[O-])c1,-7.6,3.4902547012085616,14_213
COc1cc2cc3c1n2C(=O)C(C#N)=C(c1ccc(F)cc1)C=C3,-6.6,1.8439805641501263,14_214
O=C(Nc1cccc2ccccc12)N[C@@H]1COC2(CCCCC2)C1,-7.1,3.524964909647518,14_215
COc1ccc(NCc2ccc(-c3cccc(-c4nc5cc(F)ccc5[nH]4)c3)cc2)cc1,-6.9,3.4352676342425412,14_216
N#CC(c1cccnc1)N1CCN(Cc2ccccc2OC(F)(F)F)CC1,-6.0,3.71721326073648,14_217
COC=C1C(c2nc(C)oc2C(=O)Nc2cccc(Oc3ccccc3)c2)=CC(OC)=C1OC,-7.2,3.5864290902788083,14_218
Cc1c(NC(=O)c2ccc(S(=O)(=O)N3CCCC3)cc2)sc(C(=O)Nc2ccccc2)c1C,-7.4,3.6891454192780477,14_219
COC(=O)c1ccc(CSc2nc(-c3cccs3)nc3c2c(=O)n(C)c(=O)n3C)cc1,-7.1,3.308415716570312,14_220
Oc1cccc2cc3cccc(C#Cc4ccccc4)c3c(O)c12,-7.9,3.282747820252623,14_221
O=C(Cc1ccc([N+](=O)[O-])cc1)Nc1cccc(-c2cnc3ccc(Br)nn23)c1,-7.3,3.566879383936407,14_222
N#CCCN1C=C([NH])C(=CC2=CC=CCC=C2)C(=O)N(Cc2ccco2)C1=O,-6.5,2.555143657114084,14_223
CCN(CC)c1ccc(/C=N/NC(=O)c2c(C)noc2C)cc1,-5.7,3.6760709058088508,14_224
CN(C)c1nc(-c2ccc(-n3c(O)ccc3O)cc2)nc2ccccc12,-7.3,3.6779082583011817,14_225
COc1ccc(N=C2N=CC(c3ccccc3NC(=O)c3cccnc3)C2=O)cc1,-7.0,3.756302151812517,14_226
C1=NC=NNC1c1nc(N2CCOCC2)c2ccn(-c3ccccc3)c2n1,-8.0,3.590623960998731,14_227
COc1ccc(-c2ccc3c(c2)C2(CCCCC2)C(=O)N3C)c(F)c1,-7.2,3.480640845510756,14_228
Cc1ccc(Cl)cc1N1CCN(CCCNC(=O)NN(C(=O)C(C)C)c2ccc(F)cc2)CC1,-7.1,3.5829593464458283,14_229
O=C(Nc1ccccc1)C1C(=O)N(c2ccc3c(c2)OCCO3)C(=O)/C1=C/c1ccccc1,-8.4,3.4885577034697066,14_230
O=c1cccc2ccc(-c3ccccc3)nn12,-6.9,3.5010014765223403,14_231
NC(=O)c1ccc(NC(=O)c2cccc(S(=O)(=O)Nc3ccccc3C(=O)Nc3ccccc3)c2)cc1,-8.1,3.367265313850954,14_232
CCCOC1(Cc2cc(C(F)(F)F)cc(Cc3cccnc3)n2)CCCCC1,-7.0,3.575327914606449,14_233
N#Cc1cccc(-c2ccc(C(=O)c3cc(F)c(F)c(O)c3F)cc2)c1,-7.8,3.655018441348544,14_234
COc1ccc2c(c1)C(=O)N(C[C@@]1(C#Cc3cccc(-n4cccc4)c3)NC(=O)NC1=O)C2,-8.2,3.525959317275327,14_235
Clc1ccc(-c2nnc(SCc3ccccc3Cl)n2-c2ccccc2)cc1,-6.2,3.5087745550213114,14_236
O=C(c1ccc(N2C(=O)c3ccccc3C2=O)cc1)N1CCN(c2cccc(Cl)c2)CC1,-7.2,3.5727778518667526,14_237
O=C(Nc1cn(CC(=O)N2CCN(c3ccccc3F)CC2)c2c1C[SH](=O)(S)c1ccccc1-2)c1ccccc1,-8.3,3.3133006279850834,14_238
O=C(O)c1ccc(C[C@@H]2CCC[C@H](c3ccc(Oc4ccc(C5CC5)cc4)cc3)O2)cc1,-6.7,3.5039840169186913,14_239
Cc1cccc(NC(=O)C(O)CC(=O)N2CCN(Cc3ccc4c(c3)OCCO4)CC2)c1,-7.8,3.6182016411317592,14_240
COc1ccc(Cl)cc1CNC(=O)CCC1NC(=O)N=C(c2ccccc2)c2cc(Cl)ccc21,-8.3,2.640396721079961,14_241
Cc1nc(SCC(=O)c2ccc(F)cc2F)c2oc3ccccc3c2n1,-7.2,3.489116205840502,14_242
Cc1ccc(C(=O)N2CCN(C(=O)Cc3ccccc3)c3ccccc32)cc1,-8.5,3.588560784819135,14_243
Cn1ncc([N+](=O)[O-])c1C(=O)Nc1ccc2c(c1)OCO2,-6.4,3.4724771041179996,14_244
ON=C(O)/C=C/c1ccc(CN2CCN(c3cccc(Cl)c3Cl)CC2)cc1,-6.5,3.437674701967641,14_245
CNS(=O)(=O)c1cccc(C(=O)Nc2ccc(-c3ccccc3S(N)(=O)=O)cc2)c1,-7.0,3.5712280388123534,14_246
O=S(=O)(Nc1ccc(Oc2ccc(Cc3ccccc3)c(O)c2)cc1)c1ccccc1,-6.9,3.604611619256805,14_247
COc1ccc(C=C2C=C(C(=O)Cc3ccccc3)C(=O)NC2=O)cc1,-6.8,3.581272246458065,14_248
COc1ccc(-c2cnc3c(-c4ccc5c(c4)OCCO5)cnn3c2)cn1,-7.4,3.619136650509632,14_249
c1ccc(-c2cnc3ccc(NCc4ccncc4)nn23)cc1,-7.6,3.713778859994062,14_250
COc1cc(Nc2ccc(-n3cc(CCN)c4ccccc43)nc2)c([N+](=O)[O-])cc1OC,-7.2,3.428498793267749,14_251
O=C1C=C(Cc2cccs2)C(=O)N1,-5.1,2.2290917046394476,14_252
CC1=CC=C(c2c(C(=O)NCCN3CCOCC3C)cnc(Cc3ccccc3)c2CN)C1,-7.0,3.5920265705654018,14_253
Cc1nn(C)c(C)c1Cc1nnc(NC(=O)c2ccc(Cl)cc2)s1,-6.5,3.773172787628016,14_254
COc1ccc(CCNCc2ccccc2)cc1-c1ccc(S(=O)(=O)NCc2ccccc2)cc1,-6.8,3.460855828147245,14_255
O=C(NCc1ccc(F)cc1F)c1cccc(S(=O)(=O)N2CCCCCC2)c1,-7.7,2.789186895570488,14_256
Cc1ccccc1C(=O)Nc1sc2c(c1-c1nc3cc(C4=NCCO4)ccc3s1)CCNC2,-7.7,3.532370145714308,14_257
O=C(O)COc1ccccc1C1=NN(C(=O)c2ccccc2Cl)C(c2cccc(C(F)(F)F)c2)C1,-7.4,3.678937806896087,14_258
Cc1cc(Cl)cc(-c2nn(C(=O)C3=CC=CCC3)c(=O)o2)c1,-7.0,3.695877060566748,14_259
CSc1ccc(NC(=O)c2ccccc2SCC(=O)N2CCCC2)cc1,-6.5,3.722569964388208,14_260
CC(C=O)=Nc1ccc(S(=O)(=O)Nc2ccnc3ccccc23)cc1,-6.1,3.688883686611646,14_261
COC(=O)C1CCC[C]C(=O)c2c(ccc3c2C(C(=O)OC=C(C)C)C3=O)[C](O)C(=O)C(OC(=O)C2CNC(COC(=O)c3ccccc3C(F)(F)F)=CN2)C1,-6.9,0.5879229570648956,14_262
CNC(=O)c1c(CCC=O)nc(NCC2CC2)n1Cc1ccc(Oc2ccccc2C(F)(F)F)cc1N,-6.4,3.316501588957397,14_263
O=c1ccn([C@@H]2C[C@H](Oc3no[n+]([O-])c3S(=O)(=O)c3ccccc3)[C@@H](CO)O2)c(=O)[nH]1,-7.6,3.15884392639921,14_264
CCn1c(CNC(=O)c2cccc(CNc3ccccn3)c2)nnc1-c1ccc(C)cc1,-7.1,3.6306081593375694,14_265
Cc1ccc(CNC(=O)Cn2ccc3cc(-c4cncc5ccccc45)ccc32)cc1,-7.9,3.495798346194663,14_266
Cc1ccccc1NC(=O)C(NC(=O)NC(C)C)c1ccccc1Sc1ccccc1,-7.3,3.5995933885957356,14_268
O=[N+]([O-])c1ccc(Oc2cccc(Nc3nccc(-c4cccnc4)n3)c2)cc1,-7.4,3.555361559111571,14_269
O=C(O)C=CC=C=Cc1cnc2ccc(-c3cccc(-c4cccc(C(=O)N5CCCCC5)c4)c3)nn12,-8.9,3.4296787934659285,14_270
C[C](O)[C@@H](O)CC[C](C(=O)Nc1ccccc1F)c1ccc(C(C)C)c(O)c1O,-6.6,3.429228189234395,14_271
COc1ccc(CC2Cn3ncnc3NC2c2ccccc2)cc1,-6.5,3.771835560864234,14_272
O=C(Nc1ccc(Cl)cc1)c1ccccc1/C=C/c1ccc2ccccc2c1,-7.9,3.3098483395847342,14_274
Cc1noc(C)c1-c1cccc(Nc2ccc(-c3ccccc3)cc2)c1,-7.5,3.5393641923189407,14_275
CSc1ccc(CC2=NN(c3ccccc3NC(=O)c3ccc(C(F)(F)F)cc3)C(=O)CC2C)c2cc(C(F)(F)F)nn12,-8.1,3.322143007641882,14_276
CC(C)NC(=O)Nc1cccc(Cn2c(=O)c(NC(=O)Nc3cccc(F)c3)cc3cnc(N(C)C)nc32)c1,-8.4,3.3220063574806558,14_277
O=C(/C=C/c1ccc(-c2ccc(O)c(Cl)c2)cc1)c1ccc([N+](=O)[O-])cc1,-7.5,3.4775989318834064,14_278
COc1cccc(Sc2nc(-c3ccccc3)ncc2-c2ccccc2)c1,-7.3,3.487656172006389,14_279
CC1=C[C@H](CC[C@H]2[C]CC[C@H]3C(C)(C)C(=O)C[C@@H](C4C=C(c5cccc6ccccc56)ON4)[C@]23C)[C@](C)CC[C@](C(=O)O)CC[CH]1,-8.5,0.8660513112522903,14_280
CSc1cc(-c2cccs2)oc(=O)c1C#N,-5.3,3.5647723716189352,14_281
Cc1cccc(O)c1C(=O)Nc1ccc(N2CCOCC2)cc1,-6.8,3.7353347446796925,14_282
CC1CCCC(NC(=O)c2cccc3c2C(=O)N(Cc2ccccc2)C3)C1C,-7.3,3.5795100506027593,14_283
CS(=O)(=O)Nc1ccc2c(c1)C(=N[N+](=O)[O-])CC2C(=O)NCc1ccccc1,-6.5,3.526332047443227,14_284
O=C(NCc1ccccc1F)c1cc(-c2ccccc2)nc2c1CC=NN2c1ccccc1,-8.0,3.6491710349766904,14_285
O=C(Nc1ccccc1N1CCOCC1)c1ccco1,-5.9,3.7519667924847875,14_286
CC=C(c1cccc(O)c1)C(Oc1ccc(C(F)(F)F)cc1)c1ccc(OCCN2CC(F)(F)C2)cc1,-7.0,3.5036709370980628,14_287
OC(CN1CCN(c2cccc3c2CCCC3)CC1)c1csc2ccccc12,-6.9,3.60680674424431,14_288
Cc1nccn1-c1ccc(-c2ccc(NCc3ccccc3C(=O)O)cc2)cc1,-7.0,3.6352255416368116,14_289
COc1ccc(C(=O)N[C@H]2CC[C@H](n3c(=O)[nH]c4cc(F)ccc4c3=O)CC2)cc1OC,-6.9,3.6909429377319927,14_290
COc1ccc(N2CCN(C(=O)CCc3nc(Cc4ccc5c(c4)OCCO5)no3)CC2)cc1,-7.1,3.5237282205101126,14_291
O=C(O)c1cccc(NC(=O)c2cccc(-c3ccc(C(F)(F)F)cc3)c2)c1,-7.4,3.675068096524817,14_292
O=C(Nc1ccc(-c2noc(CCCC3CCCC3)n2)cc1)c1ccccc1,-6.4,3.709824897975958,14_293
COC=CCC(C)=C1C=C(c2ccc(N(C)C)cc2)c2c(C)nc3ccc(OC)cc3c21,-7.2,3.5068379888495795,14_294
Cc1ccc(S(=O)(=O)Nc2ccccc2-c2ccc3cc(C(=O)O)ccc3c2O)cc1,-8.1,3.5623626587058563,14_295
O=C1CN(c2ccc(NC(=O)Cc3ccccc3)cc2)CCN1,-6.5,3.7116625631225664,14_296
C=CC=CC=C(C)Cn1ccc(-c2cccc(-c3ccc(Cl)s3)c2)n1,-6.6,3.4805934552905864,14_297
C=C1C2(C(=O)C=CCC=COC(C)C)CC3CC(C2)CC1(c1ccc2c(c1)OCO2)C3,-6.4,3.0329022694104104,14_298
Cc1nn(-c2ccccc2)c(-n2ccnc2)c1C1CC(c2ccc(Cl)cc2)=NN1c1ccccc1,-7.8,3.4356874214083177,14_299
COc1ccc(-c2cccnc2)cc1NC(=O)c1cccc(S(=O)(=O)Nc2nc(-c3ccccc3)cs2)c1,-7.0,3.2525055175282485,14_300
Oc1c2n(c(=S)n1Cc1cccc(F)c1)Cc1ccccc1C2,-6.9,3.6653161724133243,14_301
CNC(=O)C1(C)CN(C(=O)c2ccc3sccc3c2)CCO1,-6.6,3.739485121241052,14_302
O=C(O)CC(c1ccc(F)cc1)c1ccc(-c2cccc(C(F)(F)F)c2)cc1,-7.1,3.5117974321391277,14_303
CCOc1ccc(OC)c(NC(=O)c2cccc(-c3ccc(C4CC(c5cc(OC)c(OC)c(OC)c5)=NN4C)cc3)c2)c1,-6.3,3.313906071707345,14_304
C=C(CCCCCC)C(=O)Nc1nc(-c2ccc(Oc3cccc(C(F)(F)F)c3)cc2)c(-c2ccccc2)s1,-7.1,3.2127008307448026,14_305
COC1=CC(OC)=C1NC(=O)C=Cc1ccc(NC(=O)/C=C/c2ccc(Oc3cc4ccccc4c4ccccc34)cc2)cc1C=O,42.3,2.9408218519379767,14_306
COc1ccc2c(c1)c(CC(=O)N1CCOCC1)c(C)n2Cc1cccc(Cl)c1,-7.1,3.706183095742234,14_307
O=C(CN1Cc2ccccc2C(Cc2ccccc2)=N1)ONc1nc2cc(Cl)ccc2o1,-6.8,3.612908016399628,14_308
O=C(Nc1ccc(Cl)c(Cl)c1)c1cc(Cl)ccc1O,-5.9,3.618291024287797,14_309
Cn1cccc1C(=O)NC(=O)COC(=O)/C=C/c1ccc2c(c1)OCCO2,-6.4,3.5918090065701307,14_310
CC=CC=CC=NN=CC(C=NC(=NO)c1cccc(Oc2ccccc2)c1)=CC=CC=CC(F)(F)P(=O)(O)O,-6.6,2.8574670974817677,14_311
O=C(Nc1ccc(Cl)cc1)Nc1ccc(Sc2ccccn2)nc1,-6.9,3.739171565343011,14_312
COCCn1c(C2=CC=C(c3ccc(Cl)cc3)C2)nnc1-c1cccc(Nc2ncccn2)c1,-7.5,3.5724320828304523,14_313
Cc1ccc(C)c(N(CC(=O)NCc2ccco2)C(=O)CCC(=O)Nc2nccs2)c1,-6.8,3.638949349618944,14_314
Cc1ccc(S(=O)(=O)N(C(=O)c2cccc3ccccc23)c2ccccc2OCCO)cc1,-7.0,3.6613127960045135,14_315
O=C(c1ccc(F)c(Br)c1)c1ccc2c(ccc3ccccc32)c1,-7.6,3.231936907680108,14_316
O=CN1c2cccc3c(S(=O)(=O)NCc4ccco4)ccc1c23,-6.3,3.7173432395961665,14_317
N#Cc1ccc(C(=O)Nc2ccccc2N2CCCCC2)cc1,-6.5,3.7284605138806137,14_318
Oc1cccc(-c2cc(-c3ccccc3Cl)c3c(n2)-c2ccccc2OCC3)c1,-7.8,2.5544602168955066,14_319
O=C(Nc1cccc(S(=O)(=O)NCc2ccco2)c1)c1cccc(Cl)c1,-7.3,3.741593281391416,14_320
O=c1cc(C(F)(F)F)c2cc3c(cc2[nH]1)OC[C@H](c1ccccc1)N3Cc1ccccc1,-7.4,3.61572136070663,14_321
CN(C)CC[C@H]1CN(c2ccc(-c3cccs3)cc2)C(=O)O1,-5.6,3.6907690849647716,14_322
O=C(Nc1cccc2[nH]c(-c3ccccc3)nc12)c1ccccc1Br,-7.8,3.5998593447926908,14_323
CCC(C)Oc1ccc(NC(=O)Cn2c(=O)nc(-c3ccccc3)c3ccccc32)cc1,-8.2,3.6539096491551333,14_324
Cc1cccc(NC(=O)Nc2ccc(-c3cc4ccccc4n3CCCCCN)cc2)c1,-6.9,3.411351374495103,14_325
O=C(C=Cc1ccc(O)c(O)c1)NCCCCCCNc1c2c(nc3ccccc13)CCCC2,-7.1,3.2392732895881435,14_326
O=C(/C=C/c1ccc(Cl)cc1)N1CCN(C[Se]c2ccc3ccccc3c2)CC1,-6.9,3.471145099193085,14_327
CC(=O)n1nc(-c2cccnc2)nc1NCc1ccccc1,-6.8,3.7680086048437618,14_328
O=S(=O)(N[C@@H]1CCN(CCCc2noc3ccccc23)C1)c1ccc(OC(F)(F)F)cc1,-6.3,3.661376419057052,14_329
CN1CCC(C(=O)N2CCC(n3c(=O)[nH]c4ccc(F)cc4c3=O)CC2)(c2ccccc2CN)CC1,-7.4,3.566260860519674,14_330
COc1ccc(Cn2cccc(/C=C/C(O)=NO)c2=O)cc1,-5.9,3.4475838367136866,14_331
O=C(Nc1ccccc1)N1CCN(c2ccc3nncn3n2)CC1,-7.4,3.7012351146393225,14_332
Cc1ccccc1-c1c[nH]c(C(O)c2cc(Cl)cc(Cl)c2)n1,-6.8,3.6529259936191516,14_333
O=C(/C=C/c1ccccc1[N+](=O)[O-])OCC(=O)c1ccc(F)cc1,-6.7,3.3093896556108597,14_334
C=C1C=C(Pc2cnc(N3CCN(c4nc5ccccc5n4CCc4ccc(Cl)cc4)CC3)nc2C)C1,-6.3,3.400678905495884,14_335
Cc1ccccc1NC(=O)Nc1ccc(-c2ccc(C3=Cc4c(ccc5ccccc45)OC3)cc2)cc1,-7.9,3.2332195915732744,14_336
Cc1ccc(S(=O)(=O)NCC(c2cccnc2)N2CCN(c3ccccc3F)CC2)cc1,-7.9,3.749207892379826,14_337
Fc1ccc(/C=N/Nc2ccccc2)cc1,-5.8,3.4595451213453723,14_338
O=C(CSc1nc2ccccc2c2nc(=O)c(-c3ccccc3)nn12)Nc1cccc(F)c1,-6.9,3.3857129349505426,14_339
O=C(O)c1ccc(S(=O)(=O)Nc2ccc(Cl)c3c2C(=O)N(c2ccccc2)C3=O)cc1,-7.5,3.629527083693392,14_340
CCc1nc2c(C)cc(C)nc2n1Cc1ccc(N(CCOC)C(=O)c2ccccc2Cc2ccccc2)cc1,-7.1,3.2837303669432023,14_341
Cc1ncncc1C(=O)N1CCCC1c1c(C)noc1C,-6.2,3.66450142518219,14_342
CCN(CC)Cc1cc(-c2cccs2)ccc1OC,-5.1,3.5644175366980617,14_343
CC1=NC(Nc2nc3ccccc3o2)=NC(c2ccccc2Br)C1C(=O)Nc1ccccc1C,-7.7,3.563255908775421,14_345
C=C(C)[C@@H]1CC[C@]2(C(=O)NC)CC[C@]3(C)[C@H](CC[C@@H]4[C@@]5(C)CC(=O)C(=O)C(C)(C)[C@@H]5CC[C@]43C)[C@@H]12,-7.5,2.916973259587041,14_346
O=c1[nH]c2ccccc2c(-c2ccccc2F)nc1=[N+]([O-])O,-7.1,2.562494882280355,14_347
NS(=O)(=O)c1cccc(Nc2ccc3ccccc3c2)c1,-7.4,3.7119572085855843,14_348
Cc1ccc(OCC(=O)N(C)c2ccc(O)cc2)cc1,-6.4,3.711648127163906,14_349
CN1C(=O)CN=C(c2ccccc2F)c2cc(Cl)ccc21,-6.6,2.5847259693059876,14_350
O=C(Nc1nc2ccccc2[nH]1)Nc1ccc(Cl)cc1C(F)(F)F,-7.8,3.5151760105479894,14_351
O=C1c2ccccc2-c2c1c1ccc([N+](=O)[O-])cc1c(=O)n2-c1ccccc1,-7.6,3.5401025176664715,14_352
O=C(Nc1ccc(C(=O)N2CCCC3(CCCOC3)C2)cc1)c1ccc2ccccc2c1,-7.3,3.6138622657850705,14_353
O=C(O)CCC1(c2ccccc2)CCCN(C(=O)Nc2ccccc2)C1,-6.6,3.693388299706485,14_354
O=S(=O)(Nc1nccs1)c1ccc2c(c1)OCCN2c1cccc2cccnc12,-7.6,3.6782033124421973,14_355
CCCc1nc(C)c(C(=O)N2CCN(c3ncccn3)CC2)o1,-7.1,3.692795532699373,14_356
CC(=O)N1CCC1C(=O)Nc1nc(-c2ccccc2)nc2c(Cl)cccc12,-8.1,3.771736512250741,14_357
O=C([CH]NC(=O)Cc1ccccc1)N=C(CCSc1cccc(OCCN2CCOCC2)ccncc1)C(=O)OCc1cccc(C(=O)OCc2ccccc2)c1,-7.1,0.5925058872816091,14_358
Cn1cnc([N+](=O)[O-])c1Sc1nnc(C2CC2)n1Cc1ccccc1,-6.8,3.5242305761653636,14_359
Cc1cc(Oc2ccnc(NC(=O)C3CC3)c2)ccc1NC(=O)Nc1ccc(F)c(C(F)(F)F)c1,-7.3,3.493596486186554,14_360
CC1=NC(C)=C(C#N)C(=O)C(c2cccc(OCc3ccccc3)c2)C1C(=O)OC(C)C,-6.5,2.6708718499720048,14_361
O=C(Nc1ccn([C@@H]2O[C@H](CO)[C@@H](O)C2(F)F)c(=O)n1)c1ccccc1,-6.7,3.4954561471480003,14_362
C=CCNC(=O)C1CCN(c2ncnc3c2nc(-c2ccccc2Cl)n3-c2ccc(Cl)cc2)CC1,-6.3,3.567616363746808,14_363
COc1cccc(-n2c(=O)n(Cc3cccnc3)c(=O)c3c(N)nc4ccc(OC)cc4c32)c1,-7.4,3.404604901702686,14_364
COc1ccccc1Cn1cc(C(=O)Nc2ccccc2F)c(=O)c2ccc(C(F)(F)F)cc21,-8.2,3.6209114136861,14_365
Cc1ccc(-c2ccc(CCC(C)(C(O)=NO)S(C)(=O)=O)cc2)c2ccccc12,-7.3,3.4363296329791506,14_366
C=C1c2cc(NC3(C)COC4=CC=C(C=CC=N3)C4)cc(c2)C2(N=C(N)N(C)O2)C1C1CC1,-7.8,1.146684630297766,14_367
Cc1cccc(Nc2ccc(CNC(=O)c3cccc4c(=O)c5ccccc5[nH]c34)cc2)n1,-8.1,3.4120500777197975,14_368
Nc1cccc(Oc2cccc(NC(=O)c3cc4ccc(OCc5cccc(F)c5)cc4o3)c2)c1,-7.1,3.307059022051675,14_369
COc1cccc(-c2c[nH]c(C3CCCN3c3ccc(C)c(C)c3)n2)c1,-7.1,3.6998469835573795,14_370
Cc1ccc(NC(=O)Cc2nn(/N=C/c3cn(-c4ccccc4)nc3C3=CC=CCC3)cnc2=O)cc1Cl,-7.7,3.4612978071235063,14_371
CC1=CC(N)(c2ccc3ncn(C)c(=O)c3c2C)C=CC=COCc2cn(n2C)CC2=CC[C@@H]1C2,-7.7,1.926467264089124,14_372
Cc1ccccc1NC(=O)c1c(SC(=O)c2cc3ccccc3[nH]2)ncnc1N1CCN(C)CC1,-8.2,3.4832191589513304,14_373
CON=C(N=CC=C=C1C=Nc2ccccc21)c1ccsc1,-5.8,3.402913749412593,14_374
COC(=O)CCSC(=O)NC(NC(=O)c1cc(OC)c(OC)c(OC)c1)C(O)C(O)CO,-6.0,2.7588908959057226,14_375
Cc1cc(F)ccc1-c1c(-c2ccncc2)ncn1C[C@H](C)O,-6.1,3.7869490679996476,14_376
O=c1ccn(CCCOc2ccc(Oc3ncccc3-c3ccccc3)cc2)c(=O)[nH]1,-6.4,3.6108744531732144,14_377
COc1cc(C=CC(=O)/C=C/c2ccc(N3CCN(C)CC3)cc2)ccc1O,-6.6,3.6984662297841906,14_378
O=C1C(=O)N(Cc2ccc(-c3ccccc3-c3nn[nH]n3)cc2)c2ccccc21,-7.4,3.6660905437042324,14_379
Cc1cc(NC(=O)Nc2cc(Cl)cc(Cl)c2)nc2c1cnn2Cc1cnnn1C,-7.5,3.5823677923968935,14_380
O=C(CCCn1c(=O)[nH]c2ccccc2c1=O)N1CCN(c2ccccc2)CC1,-7.7,3.7895652451603246,14_381
CNN=C(C(=O)C=CC=C[N+](=O)[O-])c1c[nH]c2cc(-c3ccc[nH]3)ccc12,-6.7,3.1812450573060187,14_382
O=C(Nc1ccc(P(=O)(Nc2cccc([N+](=O)[O-])c2)Oc2cccc(CO)c2)cc1)c1ccccc1,-7.5,3.118726746331606,14_383
Cc1ccc(S(=O)(=O)N2CCC(C(=O)NC(C)C(=O)NCc3ccco3)CC2)cc1,-6.5,3.663009809766351,14_384
O=C(O)COc1ccc(C=C2C(=O)NN=C2c2ccc(Cl)cc2)cc1,-6.8,3.688469712150199,14_385
CSc1ccc(CNC(=O)c2cc(-c3ccc(CN4CCOCC4)cc3)nc3ccccc23)cc1,-6.9,3.55467481496349,14_386
COC=C1C=CC(Cn2c(=O)n(-c3cccc(C)c3)c(=O)c3c4c(sc32)CN(C(C)=O)CC4)=C1,-7.7,3.5400916237037494,14_387
COC(=O)N1[C@@H]2C=C[C@@](OC)(C(=O)c3c2cc(OC)c(OC)c3OCc2ccc(SC)cc2)N1C(=O)Oc1ccccc1,-7.0,2.0487888297420094,14_388
S=C(Nc1cccc(Cl)c1)Nc1cccc(-c2cccc(-n3ccnc3)c2)c1,-7.1,3.550360906556264,14_389
COc1cccc(-c2nn(-c3ccc(Cl)cc3Cl)c(-c3ccc(Cl)cc3)c2Cn2cncn2)c1,-7.2,3.436505831646251,14_390
O=C1C=CC=CCCc2cc([N+](=O)[O-])ccc2C2C1C(=O)C(=O)N2CCc1cccnc1,-7.6,0.9801533534478244,14_391
N#Cc1cc(C(=O)c2ccc([N+](=O)[O-])cc2)c(O)n2c1cc1ccccc12,-7.3,3.4940755940836086,14_392
CCN(CC)c1ccc(/C=N/NC(N)=S)cc1,-4.5,3.3711277605521777,14_393
O=C(Nc1cccc(Nc2nccc(Nc3cccc(C(F)(F)F)c3)n2)c1)c1ccccc1F,-8.9,3.4484307042433207,14_394
O=C(O)c1ccc(Nc2ncccc2-c2nc(=O)c3ccccc3[nH]2)cc1,-8.6,3.5975159177525393,14_395
Cn1ccnc1C=CC1=C(C=Cc2ccc(C#N)c(C=C3N=c4ccc(Cl)cc4=C3c3ccccc3Cl)c2)C=C1,-7.8,3.2275121156974347,14_396
C=CC1[C@@H](O)[C@]23CC4C(=O)C(=O)C41C[CH][C@H]2C=C(Br)C(C)(C)O3,-6.7,2.141510216552269,14_397
Cc1ccnc(C2CC(c3ccc(-n4cc(F)cc4F)nc3)=NO2)c1,-7.4,3.7271081954353953,14_398
O=S(=O)(Nc1ccccc1C1=Nc2c(-c3ccccc3)nn(CC3=CC=COC3)c2CC1)c1ccccc1,-7.3,3.463309424668567,14_399
O=C(Nc1ccc(Br)cn1)c1nc(Cl)c2ccccc2c1N1CCOCC1,-7.2,3.7107620839887927,14_400
Cc1nc2cc(NC(=O)c3ccc4c(c3)OCCO4)ccc2s1,-6.5,3.747419604967635,14_401
COc1ccc(-c2nn(-c3ccccc3)cc2/C=N/NC(=O)c2ccco2)cc1,-7.8,3.614360698380368,14_402
Cn1c(=O)c2c(nc(-c3ccccc3)n2Cc2ccccc2Cl)n(C)c1=O,-7.4,3.6450293151136615,14_403
Fc1ccc(Cn2nnc(C3C=CC=CC3)n2)cc1C(F)(F)F,-7.2,3.6340517721931325,14_404
O=C(Nc1ncc(F)s1)C(CC1CCOCC1)n1c#cc(C2CC2)cc(S(=O)(=O)C2CC2)ccn1,-8.0,1.1805324720725068,14_405
CC(Oc1ccc(Cl)cc1Cl)C(=O)NCc1cccc2ccccc12,-6.4,3.6784642529732916,14_406
NC(c1ccncc1)c1ccco1,-5.0,3.5154764310941826,14_407
O=C(c1cc2cc(F)ccc2[nH]1)c1nc2ccccc2s1,-7.4,3.5998489009714367,14_408
Oc1ccc(C2=C3C(=CC(c4ccc(O)c(O)c4)=CC2)CCc2cc(Cl)ccc23)c(O)c1,-8.5,2.3484771210699935,14_409
N#CCC(=NC(=S)SCc1ccc(C(=O)Nc2sc(-c3ccncc3)nc2C(N)=O)cc1)c1ccc(Cl)cc1,-6.7,3.2394969367751014,14_410
N#Cc1cccnc1-c1ccc(-c2ccc(NC(=O)c3ccccc3F)nc2)c(F)c1,-7.1,3.6963492725033475,14_411
O=C(NC(Cc1ccc(Cl)cc1)C(=O)O)c1ccc2c(c1)CC[C@@H]2Oc1cc(C(F)(F)F)nc2c(C(F)(F)F)cccc12,-8.6,3.3454922726052967,14_412
O=C(O)Cc1cccc(Oc2cc(-c3ccc(Oc4cccc5ccccc45)cc3)ccn2)c1,-8.1,3.362287829773543,14_413
COc1cc(/C=C/C(=O)Nc2cccc(S(=O)(=O)N=C3CCCN3)c2)ccc1OCc1ccc(C)cc1,-5.8,3.550575364055173,14_414
CC(C)NC(=O)CSc1cccc(C(=O)Nc2nc(Br)c[nH]2)c1C=O,-6.1,3.505671480464068,14_415
CCc1ccoc(=NC(=O)CN2N=C3CN(C(C)C)CCN3C2O)c1,-6.3,3.480295670720888,14_416
C=CC=CC=CC1CCN(c2ccc(-c3cncc4ncnn34)c(Cl)c2)C1,-6.4,3.6423242400010425,14_417
COc1cc2c(cc1OC)C(Cc1cccc(C(F)(F)F)c1)N(C(=O)c1ccccc1)CC2,-6.6,3.6286985042293782,14_418
COc1ccc(OC)c(C(=O)CSc2nnc(-c3ccco3)o2)c1,-5.6,3.5383578364751997,14_419
Nc1ccc(-c2nc3ccccc3[nH]2)cc1[N+](=O)[O-],-6.7,3.464342916628577,14_420
COc1cccc(NC(=O)NCc2ccc(CN3CCN(C)CC3)cc2)c1,-6.2,3.722227923256476,14_421
O=C1CCN(Cc2ccc(F)cc2)CCN1[C@H](CO)c1ccccc1,-6.6,2.7736370305232887,14_422
Cc1c(C2=CC=C(/C=C/C(=O)O)C2)ccc(C(=O)NC2CCCCC2)c1NS(=O)(=O)c1ccc(Cl)cc1,-7.4,3.3672875613603264,14_423
O=C(Cc1ccc(Nc2nc3cccc(F)c3o2)c(Cl)c1)Nc1ccc2c(c1)OCO2,-7.4,3.602839470396795,14_424
COc1cc(CCc2oc(=O)[nH]c2O)ccc1O,-6.1,3.567878569796261,14_425
CC(=O)Nc1ccc(NC(=O)c2cc(S(=O)(=O)NCc3ccccc3)ccc2F)cc1,-7.3,3.6019759835833973,14_426
CC[C@H](NC(=O)c1nc2c(C(=O)OC)cc(OC)cc2[nH]1)c1cc2ccccc2[nH]1,-7.0,3.5407023236297426,14_427
CC=CC=C1CC(=O)NC2CC1C(NS(=O)(=O)c1ccc(-c3ccc(C(F)(F)F)cc3)cc1)C2CC,-7.0,2.5853586207587878,14_428
O=C(c1cc(-c2cc3ccccc3o2)[nH]c(=O)n1)N1CCOCC1,-7.7,3.7229185992807015,14_429
CN(CC(=O)Nc1cccc(C(=O)O)c1)C(=O)c1cccc2ccccc12,-7.0,3.7098917065569337,14_430
O=C(NC1CCC=CC=NC(c2ccccc2)=NCC1)c1ccc(C(F)(F)F)cc1,-6.8,1.3706775774958055,14_431
COc1cccc(NC(=O)c2ccc3c(c2)N(Cc2cccc(Cl)c2)C(=O)CS3)c1,-7.5,3.743121474107403,14_432
CCOC(=O)C1[C@H]2COc3ccccc3[C@@H]2N2C(=O)c3cc(F)ccc3NC(=O)[C@@]12C,-7.7,2.509438191174851,14_433
Clc1cccc(Cn2cc(-c3noc(-c4ccccc4)n3)nn2)c1,-7.2,3.6688906870581355,14_434
COc1ccc(C(c2nnnn2Cc2ccco2)N2CCN(C3CCCC3)CC2)cc1,-6.9,3.527555214396167,14_435
O=C1c2ccccc2COc2cccc(N3CCCC(F)(F)C3)c21,-8.2,2.5657590748441734,14_436
CC(C)(C)c1nn(-c2ccc(F)cc2F)c2[nH]nnc12,-6.5,3.6696031262159217,14_437
N=C/C(=C/c1ccc(OCc2ccccc2)c(F)c1)C(=O)Nc1nnc(-c2ccccc2)s1,-7.3,3.4811929448599956,14_438
O=C(CCc1ccc(-c2ccc(F)c(F)c2)cc1)Nc1cccc2cnccc12,-7.5,3.5718063398724804,14_439
Cc1ccccc1O[C@H](c1ccc(Cl)cc1)C1CN2CCC1CC2,-6.6,3.3318498976747972,14_440
COc1cc(N2CCN(CC(=O)Nc3ccccc3C(=O)NC3CC3)CC2)ccc1-c1ccccc1,-7.2,3.571584563189581,14_441
O=C(Cc1ccccc1F)Nc1ccc(NC(=O)COc2cccc(CN3CCOCC3)c2)c(C(=O)N[C@H]2CCCC[C@H]2O)c1,-8.0,3.1427334506473397,14_442
COc1ccc2c3c(oc2c1)Cc1cc(Br)ccc1O3,-7.2,3.577167752125038,14_443
Cc1ccc(C(=O)N2CCCC(c3nc4cc(F)ccc4[nH]3)C2)cn1,-7.1,3.763855458917813,14_444
O=C(N[C@H]1COc2nc([N+](=O)[O-])cn2C1)c1ccc(SC(F)(F)F)cc1,-6.6,3.4421838120677846,14_445
CC=C1C=CCC(NC(=O)C(NC(C)=O)C(N)=O)C(=O)NC[C@H](n2cc(-c3cccc([N+](=O)[O-])c3)nc2C)c2ccc(-c3ccccc3)cc21,-8.4,0.5188168093751688,14_446
COc1c(C(=O)N[C@@H]2CN3CCC2CC3)cc(Cl)c2ccccc12,-6.8,3.524743308866456,14_447
O=C(NCc1cc2n(n1)CCNC2)c1ccn2ccnc2c1,-6.9,3.65160610662517,14_448
COC(=O)c1cccc(C=NNC(=O)c2c(O)[nH]c(=O)n(C)c2=O)c1,-6.4,3.1816952172702138,14_449
Cc1nc2c3ccccc3nc(SCc3nc4ccccc4n3C3CC3)n2n1,-6.9,3.448303717326813,14_450
CC=C1C=CC(CNC(=O)c2nn(C)c(=O)c3ccccc23)=C1,-7.0,3.7457213748688947,14_451
CC(=CCCC#N)C(=O)C(CC(=O)Nc1ccc(Br)cc1F)=NC(=O)c1ccccc1Cl,-6.2,3.4771170848883264,14_452
COc1ccccc1OCc1nc(-c2ccc(Cl)cc2)c(-c2ccccc2)o1,-6.3,3.5575678054615567,14_453
Cc1cc(N2CCC(N3CCCC3C)C2)nc2c(C(=O)c3ccccc3)cccc12,-7.5,3.518729014689601,14_454
O=C(Nc1ccc(OCCCN2CCC3(CC2)OCCO3)c2ccccc12)c1ccc(Cl)c(Cl)c1,-6.8,3.514696215014964,14_455
O=C(CN1C(=O)c2ccccc2C1=O)Nc1ccc2c3c(cccc13)C(=O)N(c1ccccc1)C2c1ccccc1,-8.5,3.301650596879224,14_456
CC=CC=Cc1nc(C(=O)Nc2cc3ccc(OCc4ccc(C)o4)cc3n(C)c2=O)c(C)o1,-7.4,3.5480482731633614,14_457
Cc1cccc(C2=Nn3c(nnc3-c3ccccc3Cl)SC2)c1,-7.4,3.6756106504221178,14_458
O=C(/C=C/c1cc2ccc(Br)cc2o1)Nc1ccc2c(c1)OCCO2,-6.7,3.7290060800308495,14_459
Cc1ccc(S(=O)(=O)N(CC(=O)NN)c2cc(O)n(Cc3cccc(F)c3)c2O)cc1,-6.4,3.2100258620646533,14_460
COc1ccc(C2=C(c3cccs3)C(=O)N3CCCC3C2)cc1,-6.0,3.569694624877343,14_461
O=C(NNC(=O)c1cccc(NC(=O)c2cnc3ccccc3n2)c1)c1cccc(Cl)c1,-7.6,3.5369520224680535,14_462
O=C(C1CC(n2c(=O)oc3cccnc32)C1)N1CCc2ccccc2C1,-7.5,3.6228086958498906,14_463
CC(CCSc1nc[nH]n1)NC(=O)c1cc(C23CC4CC(CC(C4)C2)C3)c2ccccc2n1,-7.4,3.3138330305521904,14_464
Cc1cccc(Sc2ccc(Nc3nc(C)cc(N(C)c4cccc(C#N)c4)n3)cc2)n1,-7.8,3.6198159673100543,14_465
CNc1nccc(Nc2ccc(N(CC(=O)O)S(=O)(=O)c3c(C)cc(C)cc3C)cc2)n1,-7.0,3.5465343364407405,14_466
O=c1c(O)c(-c2ccc(OCc3ccccc3)cc2)oc2cc(O)cc(O)c12,-6.9,3.583612314589761,14_467
Nc1nc(C(=NOCC2=CC=COC2)C(=O)NC2C(=O)N3C(C(=O)O)=C(/C=C/c4ccc(Cl)cc4Cl)CS[C@H]23)cs1,-7.4,2.7848844934163473,14_468
C=Cn1c(C(=O)NC2C=CC=CC(=O)OCC2)c(-c2cccc([N+](=O)[O-])c2)c2ccccc21,-8.4,1.3718182333956999,14_469
Cc1noc(C)c1NC(=O)N(C)C[C@H]1Oc2ccc(NS(=O)(=O)c3c(C)noc3C)cc2C(=O)N([C@@H](C)CO)C[C@@H]1C,-7.5,1.2628643888475368,14_470
Cc1ccc(NC(=O)CN2CCN(C(=O)c3ccc4c(c3)nc3n4CCCCC3)CC2)cc1F,-7.4,2.6981623666038894,14_471
CCOC=CC=C(C)n1cc(CN2CCN(C)CC2)c(-c2ccc(OC)cc2)n1,-6.4,3.559486994039464,14_472
NC(CC(=O)NCn1cnc2c(F)c(F)c(F)cc2c1=O)C(=O)COc1c(F)c(F)cc(F)c1F,-6.7,3.315659016442658,14_473
CCOC(=O)c1c(C)[nH]c(C(=O)COC(=O)CNC(=O)c2ccco2)c1C,-5.8,2.342081902456606,14_474
Cc1cn(C)c2ccc(Nc3ncc(C(=O)NC(C)(C)C)c(NC(C)C(F)(F)F)n3)cc12,-7.3,3.6386497699742137,14_475
O=S(=O)(c1ccc(C(F)(F)F)nc1)N1CCN(C2=Nc3ccccc3Sc3ccccc32)CC1,-8.0,2.581215841621818,14_476
O=COc1cc2ccccc2cc1N(C/C(C=O)=C\c1cccc([N+](=O)[O-])c1)C(=O)CC1CCc2ccccc2N1S(=O)(=O)c1cccc(OC(F)F)c1,-7.1,2.5841085918001188,14_477
Cc1cccc2c1C(C=O)CC(c1ccccc1O)C=C2c1ccccc1,-7.0,2.5279359976766376,14_478
CC(C)[C@H]1CC[C@H](NCc2ccc(-c3ccccc3-c3nn[nH]n3)cc2)c2ncccc21,-6.9,3.6320509449494374,14_479
CC(C)CC(NCc1ccccc1)C(=O)NC(CCc1ccc2c(c1)OCCCO2)C(=O)O,-6.4,2.5460006293786552,14_480
Cn1ccnc1-c1cn(C2CCc3ccccc32)cc(Br)c1=O,-7.4,3.6928268912047395,14_481
C=CC(=CC=O)c1cc(-c2ccc(-c3noc(-c4ccc5[nH]ccc5c4)n3)cc2)[nH]n1,-6.9,3.3596491957030024,14_482
Nc1cc(-c2ccccc2)ncc1C(c1ccccc1)c1c(O)c(O)c2ccccc2c1O,-8.3,3.1377082257055484,14_483
O=CCc1cc(F)cccc[nH]c1-c1ccccc1C(F)(F)F,-5.9,1.2835220786818398,14_484
CC(C)(C)c1cc(NC(=O)c2ccc3ncc(O)cc3c2)ccc1O,-7.4,3.6075674775295776,14_485
Cc1cccnc1-c1cc(N2CCC(C(=O)N(C)c3ccccc3)CC2)ncc1Cl,-6.9,3.6989921930295777,14_486
O=C(Nc1ccc(-c2cc3c(C(=O)O)[nH]nc3cc2Cl)cc1)c1ccc(I)cc1,-7.3,3.488998725794877,14_487
COc1ccc(-n2nc(C)cc2C(=O)Nc2ccc(-c3ccccc3S(N)(=O)=O)cc2F)cc1,-7.4,3.5802212122200165,14_488
COc1ccc(CC2COc3cc(OC)c(OC)c(OC)c3C2=O)cc1NC(=O)c1cccc2ccccc12,-7.6,3.510848526712441,14_489
O=C(CN1CCN(c2cccc(Cl)c2)C1=O)N1CCN(c2ccccc2)CC1,-6.7,3.64073964824484,14_490
CCOCCOc1cc2c(ccn2C(=O)NC)cc1Oc1ccnc(NC(=O)c2ccc(C3CCN(C(C)C)CC3)cc2)c1,-7.2,3.2093770735172322,14_491
Cc1c(C(=O)Nc2cnn(-c3ccc([N+](=O)[O-])cc3)c2-c2ccc(F)c(F)c2)nc(-c2ccccn2)n1C,-7.2,3.3003968265854144,14_492
Cn1c(N2CCN[C@@H](c3ccc(OCCCCCCN4CCC(O)CC4)cc3)C2)nc(-c2ccncc2F)cc1=O,-5.9,3.273198071980385,14_493
Cc1ccccc1CN1C(=O)N(CCCCN2CCN(c3cccc(Cl)c3Cl)CC2)C(c2ccccc2)(c2ccccc2)C1=O,-6.7,3.0763588468673766,14_494
O=C(Cn1nnc(C2=CC=CCC2)n1)Nc1ccc(Cl)cc1,-7.1,3.7795163316944382,14_495
C1=C(c2ccccc2)CCc2ccccc21,-6.7,2.969040202156788,14_496
CN(C(=O)Cc1ccc(Nc2nccc(-c3ccccc3)n2)cc1)c1ccccc1,-7.2,3.6650961612298634,14_497
C=C1[CH][C@@H]([C@@]2(O)[C](CC[C@@H]3C=CC4[C](C)[C@](O)(CO)CC[C@H]43)OC(=O)C2C(N)=O)OC1=O,-6.8,2.5470527270944836,14_498
COC(=O)c1ccc2c(c1)c(C(N=C1Nc3ncccc3S1=N)C1=c3[nH]c4ccccc4c3=CCC(=O)OCC1)cn2C,-9.8,0.8979453112721503,14_499
COc1ccc2[nH]cc(CCNC(=O)c3ccc(NS(=O)(=O)c4ccc(NC(=S)Nc5ccccc5OC)cc4)cc3)c2c1,-6.4,2.9199204859693597,14_500
N=C(N)NCCCCC(OP(=O)(O)CCCc1ccccc1)C(=O)N1CCCC1C(=O)O,-6.1,2.791493281050216,14_501
O=S(=O)(c1ccc(F)cc1)N(c1cccc(C(O)=NO)c1)c1ccccc1F,-7.3,3.4497634364812457,14_502
O=C1c2ccccc2C(=O)c2c(-c3cccc4ccccc34)n[nH]c21,-8.7,3.624665938110126,14_503
O=C(c1cc(Cc2n[nH]c(=O)c3ccccc23)ccc1F)N1CCN(c2ccncc2)CC1,-8.5,3.724735501917034,14_504
O=C(CC1CN=C2c3ccccc3N=C(SCC(=O)c3ccc(Br)cc3)N2C1=O)NCc1ccco1,-7.5,3.45258990404065,14_505
Cc1ccc(C(=O)C(C)Sc2nnc(-c3ccccc3)n2-c2cccc([N+](=O)[O-])c2)cc1,-7.6,3.296532021329685,14_506
C[C@H](NC1CC(CCCN(C)C(=O)c2cccc(F)c2)=Nc2ncccc21)c1ccc(F)cc1,-8.0,3.6689328659641416,14_507
O=C(NCc1cccnc1)c1cc(-c2ccc3ccc4cccc5ccc2c3c45)on1,-8.0,3.419905359014624,14_508
CNCc1nn(Cc2nccn2C)c(C#N)c1Cc1ccc(Cl)cc1C,-6.2,3.7866671301899872,14_509
COc1c(Cc2ccc(C)cc2)c(C)nc2nc(SCC(=O)NCc3ccco3)nn12,-6.1,3.5407074717230884,14_510
O=C(c1ccc(NS(=O)(=O)c2ccc(F)cc2OC(F)(F)F)cc1)N1CCN2CCC[C@@H]2C1,-7.7,3.5648530335294097,14_511
CN(C(=O)c1ccc(NC(=O)c2ccccc2-c2ccccc2)cc1)C1CCCCC1,-8.2,3.590776085627059,14_512
COc1cc2c(cc1OC)C(c1ccc(-c3cccc(F)c3)cc1C)N(C(=S)NCCC1=CC=COCC1OC)CC2,-5.4,2.409074833154851,14_513
Cc1ncc(Cn2ccnc2-c2cccc(-n3cnc4cccnc43)c2)n1C,-7.3,3.566831894483548,14_514
O=C(Nc1ccc(S(=O)(=O)c2ccccc2)cc1)c1c(F)c(F)c(F)c(F)c1F,-7.4,3.5477582385720536,14_515
Cc1cc(NCc2cccc(N)c2)nc2ccccc12,-6.5,3.5818139131466395,14_516
Cc1cccc(NC(=O)C2Cc3ccccc3CN2C(=O)c2cccc(C#N)c2)c1,-7.1,3.725029398262641,14_517
O=C(Nc1ccc(C(F)(F)F)cc1)c1ccc(CCNS(=O)(=O)c2ccc([N+](=O)[O-])cc2)cc1,-6.9,3.4859663754520804,14_518
CC(=O)Nc1scc2c1-c1nc(-c3ccccc3)nnc1-c1ccccc1O2,-8.8,2.698762318099344,14_519
O=C(O)C=C1C=CC(CNc2nc(N3CCCc4ccccc43)ncc2C(=O)NCc2ccc(-c3ccccc3)cc2)=C1,-8.0,3.171831031701428,14_520
CNC(=O)c1ccc(Nc2cc(-c3ccccc3OC)ncn2)cc1,-7.5,3.77592323123015,14_521
CC=C1CC(=Nc2ccccc2C(=O)NCCCCCC(=O)NCCCCCCCNc2c3c(nc4cc(Cl)ccc24)CCCC3)C=C1C(N)=O,-6.1,2.7798370839892392,14_522
C=C[C@@]1(C)CC(=O)C2[C@@]3(C)[C@@H](OC(=O)c4ccccc4)[C@@H](OC(C)=O)[C@@H](OC(C)=O)C(C)(C)[C@@H]3C[C@@H](OC(C)=O)[C@@]2(O)C1=O,-6.5,2.905284311566481,14_523
COc1ccc(Cl)cc1S(=O)(=O)NC1(C(=O)Nc2cccc(C(F)(F)F)c2)CCCCC1,-7.0,3.646092643624921,14_524
CC(=O)N(Cc1c(C(=O)Nc2ccccc2)nn(-c2ccccc2)c1-c1ccccc1)c1ccccc1,-7.1,3.4505744187298473,14_525
N=CC(Cl)=CC(=CN=C(C[N+](=O)[O-])CS(=O)(=O)c1ccccc1)Sc1ccc(-c2cccs2)cc1,-6.4,3.0212410016327604,14_526
Cc1cccc(C)c1NC(=O)C1ON=C(c2ccccc2C(F)(F)F)C12CCCCC2,-7.1,3.596710945467369,14_527
O=S(=O)(On1c(O)cc(Cc2cccc(C(F)(F)F)c2)c1O)c1ccccc1,-7.5,3.6926566468312654,14_528
O=C1C(=Cc2ccc(O)c(O)c2)C(=O)N(c2cccc(Cl)c2)N1c1ccc(Cl)cc1,-7.3,3.546630563262341,14_529
N#Cc1ccc2c(c1)CCN(CCC1CCC(NC(=O)c3ccc4c(c3)c3ccccc3n4C3CC3)CC1)CC2,-6.8,2.31409201848368,14_530
COc1cc(O)ccc1-c1cc2c(Nc3ccccc3)ncnc2s1,-7.6,3.6964747723394575,14_531
O=C(N/N=C/c1cccnc1)c1cccc(NC(=O)c2ccccc2)c1,-6.4,3.664898372679881,14_532
CCS(=O)(=O)c1n[nH]c(-c2cccc(C(F)(F)F)c2)n1,-6.7,3.6781446989359763,14_533
COc1ccccc1N1C=CN(c2cc(-c3[nH]nc4cc(C(=O)N(C)C)ccc34)[nH]n2)CC1,-8.1,3.653396748877265,14_534
O=C(NCc1ccc2c(c1)CCN2C(=O)c1cocn1)c1ccc(Cl)cc1Cl,-7.0,3.781575774960369,14_535
CCn1c(C)nc2cc(C(=O)N3CCN(C(=O)c4ccc(N5CCOCC5)c([N+](=O)[O-])c4)CC3)ccc21,-7.0,3.3524311693494444,14_536
CNS(=O)(=O)c1ccc2c(c1)c1c(n2C)Cc2ccccc2-1,-6.9,3.7070415883081926,14_537
C[C@H]1COC=C(NCCNc2ccccn2)C(F)C(=N)c2cn1cc(C(N)=O)c2=O,-6.8,1.2248401556484358,14_538
O=C(Nc1nc2c(F)cccc2s1)c1ccco1,-6.1,3.709949548662908,14_539
O=C1N(CCCCCCOc2ccc(F)cc2)CCN1c1ccccc1,-5.6,3.493009009112824,14_540
COc1ccc(C=C(C=O)c2ccc(-c3cc4ccccc4o3)n2CC(=O)Nc2cccc(C(F)(F)F)c2)c2cc3ccccc3nc12,-8.9,2.987342471162052,14_541
O=C(Nc1ccccc1)c1cccc(Nc2nc3c(NC(=O)C4CCC(F)(F)CC4)cccn3n2)c1,-8.2,3.499089721162791,14_542
O=C(c1ccc(-c2ccc(F)cc2)cc1)N1CCCc2ccccc21,-7.6,3.4268879599709208,14_543
Cc1ccc(NCc2nc(-c3ccccc3)nn2-c2cccc(N(C)C)c2)cc1,-7.7,3.663388089347219,14_544
Cc1cc(CNC(=O)c2ccc3c(ccn3Cc3ccccc3-c3cccc(C(=O)O)c3)c2)on1,-8.1,3.481635265827151,14_545
COC1=CC=CC(NC(=O)c2cn(CC(=O)Nc3ccc4c(c3)OCCO4)nn2)N=C1,-6.8,2.405852214267176,14_546
CC1(C)CC=C(F)C=CCc2cc(CCOc3ccc(C(=O)c4ccccc4)cc3)ccc2O1,-6.0,1.28299101143114,14_547
Cc1ccc(F)cc1S(=O)(=O)NCCc1csc2nc(C3=CC=CCC3)nn12,-6.9,3.7619216628153422,14_548
COc1ccc(NC(=O)c2c(NC(=O)c3ccccc3Oc3ccccc3)sc3c2CCCC3)cc1,-7.7,3.5093211798951103,14_549
COc1ccc(C(=O)NCCn2c(C)cc3ccccc32)cc1,-6.7,3.7320126661861934,14_550
O=C(CSc1nnc2ccc(-c3ccc(F)cc3)nn12)Nc1ccc(F)cc1F,-6.1,3.619191893558455,14_551
Oc1cccc(-c2ccc(-c3cc(-c4ccccc4)nc(-c4ccccc4)c3)cc2)c1,-8.3,3.313306174083114,14_552
COc1ccc(/C=C2\S/C(=N\c3ccccc3)N(CC(C)C)C2=O)cc1,-6.8,3.6506028536586284,14_553
CCOc1nnc(-c2csc(-c3cc(C(C)(C)C)c(O)c(C(C)(C)C)c3)n2)s1,-6.3,3.7096986487656367,14_554
CCn1ccc(C(=O)NC2CCN(c3cccc(C(=O)O)c3)CC2)cc1=O,-7.1,3.7040246190816344,14_555
O=c1cc(Oc2ccc3cc(Br)ccc3c2)nc2n1CCCN2Cc1ccccc1,-6.6,3.6121847295752625,14_556
Nc1cc(-c2ccncc2)c[nH]c1=O,-5.6,3.4713789669448776,14_557
Cc1ccc(C(=O)Nc2ccccc2C(=O)N2CCCCC2)cc1C,-7.6,3.6835390600952795,14_558
O=C(Nc1ccc(Cl)c(Cl)c1)Nc1cc(-c2ccccc2F)nn1-c1ccccc1,-8.6,3.605118114399242,14_559
Cn1c(=O)c(C(=O)Nc2nc3ccc([N+](=O)[O-])cc3s2)c(O)c2ccccc21,-7.7,3.4061231706087955,14_560
Cn1ccnc1C(=O)C(c1ccccc1)N1CCCCC1,-6.4,3.640574243219989,14_561
COc1ccc(C(c2nnnn2C(C)(C)C)N2CCc3c([nH]c4ccccc34)C2)cc1,-7.8,3.7034727071760587,14_562
COc1ccccc1C(=O)Nc1cc(-c2ccc(C)cc2)nn1-c1ccccc1,-7.5,3.6758250885846144,14_563
COc1ccc(C(=O)N2CCOc3ccc(C(C)C)cc3C2C)cc1,-7.3,2.68619950660604,14_564
O=c1cc(NC2CCN(S(=O)(=O)C(F)(F)F)CC2)c2cc(-c3ccc(-c4nn[nH]n4)cc3)ccc2o1,-8.0,3.3851959737799,14_565
O=c1c2ccccc2nc(/C=C/c2ccc(Cl)cc2Cl)n1-c1cccc(Oc2ccccc2)c1,-7.5,3.402129492185791,14_566
CC(c1ccccc1)c1ccc(-c2cnc3cc4c(cc3c2)C(=O)NC4=O)cc1,-8.1,3.5579679479093427,14_567
COc1ccc(C(=O)Nc2ccc(-c3ccc(-c4ccc(C(F)(F)F)cc4)o3)cc2)cn1,-6.7,3.6456656886081378,14_568
O=C(Nc1nccs1)c1c(C(F)(F)F)nc2ccc(C(F)(F)F)cc2c1-c1ccccc1,-7.6,3.5285273995585738,14_569
C=C1[C@H](CCc2ccccc2)N(Cc2cccc(C#N)c2)C(=O)CN1C(=O)C1Nc2ccc(C)cc21,-7.4,3.6105245058881867,14_570
CC(NC(=O)Cc1cc(F)cc(F)c1)C(=O)NC(Cc1ccccc1)C(=O)Nc1ccccc1F,-7.2,3.543667566285274,14_571
O=C(Nc1ccc2c(c1)N(S(=O)(=O)c1cccc(F)c1)CCC2)N1Cc2ccccc2C1,-8.7,3.667067065661435,14_572
CC=C(Cc1ccccc1)C(=O)Oc1cccc(OCC(=O)Nc2ccc(F)c(Cl)c2)c1,-5.9,3.5072328035205933,14_573
O=C(Nc1ccc(-c2ccccc2)cn1)C1CCN(c2ccccc2[N+](=O)[O-])CC1,-7.3,3.6766473826397803,14_574
O=C(NCc1cc(Cl)ccc1Oc1ccccc1)c1ccc2c(c1)OCCO2,-7.8,3.766757385759533,14_575
CCn1c(-c2cn(-c3ccccc3)nc2-c2ccc(C)cc2)nc2ccccc2c1=O,-8.0,3.504671613906217,14_576
Cc1cc(OC(=O)c2ccc(Br)o2)ccc1NC(=O)c1ccccc1F,-7.3,3.6732471423797293,14_577
O=C(Nc1ccc2ncnc(Nc3cccc(Cl)c3)c2c1)c1ccc(Cl)cc1O,-8.0,3.5899955281472105,14_578
COc1ccc2c(=O)c(-c3nc4c(C)cccc4[nH]3)coc2c1,-7.2,3.693880723805222,14_579
CCSc1nccc(-c2ccc3c(c2)NC(=O)CO3)n1,-6.4,3.6427000149351247,14_580
CC=CCCC(=O)N=C(Cc1cccc(Cl)c1)C(=O)NC1CCc2c(ccc3ccccc23)N(C)C1=O,-7.9,2.5567185722696144,14_581
C=C(C)C(=O)c1ccc(OCc2nc(C)no2)c(Cl)c1C,-6.0,3.633668659083309,14_582
CNc1ccccc1C(=O)n1c2ccccc2c2cc(Cl)ccc21,-7.3,3.591144687542853,14_583
O=C(c1ccc(Nc2nc3ccccc3nc2Nc2ccccc2)cc1)N1CCc2ccccc2C1,-8.2,3.4400597006007176,14_584
Cc1ccc(-c2nc(CN3CCCC3Cn3cncn3)cs2)cc1,-6.7,3.715647541119072,14_585
OCc1cccc(Oc2cccc(-c3ccccc3F)c2)c1,-6.9,3.606405427925133,14_586
COc1ccc2cc(-c3cccc4ccc(C(=O)N5CCCC5)nc34)ccc2c1,-7.3,3.5563291462300928,14_587
Cn1cc(NC(=O)c2csc(-c3nc4ccccc4[nH]3)n2)cc1C(=O)Nc1cccc(Cl)c1,-6.6,3.43208601465581,14_588
COc1cccc(C(=O)CN2CCN(c3ccc(C)cc3C)CC2)c1,-6.7,3.6235731265108955,14_589
O=C(Nc1ccc(Cl)c(C(F)(F)F)c1)c1ccc2nc(-c3ccccc3)c(-c3ccccc3)nc2c1,-7.1,3.3425302470111466,14_590
CCN(Cc1ccc(OC)c(O)c1)c1cccc(-n2cc(C(=O)c3ccccc3)c3ccccc3c2=O)c1,-7.9,3.3791774134121373,14_591
CC=C(C(=O)Nc1cc(C(=O)N2CCOCC2)ccc1CN)C(=Nc1ccccc1)c1ncccn1,-7.4,3.504266204171052,14_592
N#Cc1ccc(Nc2cccc(-c3ccccc3)c2)nc1,-7.0,3.6709058569614994,14_593
C=CC(=O)Nc1cc2c(Nc3ccc(Br)cc3F)ncnc2cc1OCCOc1ccccc1,-8.3,3.416172419225051,14_594
[O]c1[nH]c2ccc(Nc3nccc(-c4cnc(Cl)s4)n3)cc2c1N1CCOCC1,-7.0,3.5949383845832563,14_595
CC(C)C[C@@]1(C(=O)O)CC(C(=O)O)[C@H](c2ccccc2)N1C(=O)c1ccc(C(F)(F)F)cc1,-7.5,3.6716227025296435,14_596
O=C(c1cccc2cc3ccccc3nc12)N1CCN(C(c2ccccc2)c2ccccc2)CC1,-8.6,3.326707544104382,14_597
O=C(NC1CCCCC1)c1cc2ccccc2c(-c2ccccc2F)n1,-8.6,3.6392887867647774,14_598
O=c1ccn(Cc2cccc3ccccc23)cc1-c1nc(-c2ccccc2)c(-c2ccccc2)n1-c1ccc(Cl)cc1,-8.6,3.095119042136832,14_599
COC1=NC(c2cccc(CNC(=O)Nc3cc(C(F)(F)F)c(C#N)cn3)c2C)C=C1C#N,-6.7,3.669075089484368,14_600
CN1C=CC=CCNc2nn(C3CCN(C(=O)c4ccc(Cl)cc4)CCC3C#N)cc2C=CC1,-7.2,1.6428926170536995,14_601
Nc1nc(=O)c2ncn([C@H]3CC[C@@H](CNCP(=O)(O)O)C3)c2[nH]1,-6.6,3.070941127279169,14_602
Cc1nc(C(F)(F)F)c(C#N)c(NCCCO)c1-c1ccccn1,-6.0,3.7142420875428774,14_603
CC(=O)N1CCN(C(=O)/C=C/c2ccc(Sc3ccnc4c3CCC(=O)N4)cc2)CC1,-7.3,3.6387455606498684,14_604
CN1CCN(c2ccc(Nc3ncc(-c4cccc(NC(=O)C5CCOCC5)c4)cn3)cc2)CC1,-7.2,3.5784683484455893,14_605
CCN(c1nccs1)C(c1cccc2ccccc12)c1cc2ccc(OC)cc2n1C,-7.3,3.4194700672516625,14_606
COC=CC(=O)/C=C1/CN(CCCN2CCN(c3ccc(F)cc3)CC2)/C(=N/c2ccccc2)S1,-5.9,3.416024309898301,14_607
O=C(c1nc(-c2ccc3c(c2)OCCO3)cc2ccccc12)C1NN=CS1,-7.9,3.588211455201538,14_608
CC(=O)c1cccc(-c2cnc(N)c(-c3cccc(C)c3C)n2)c1,-8.0,3.699224370267037,14_609
C[C@H](c1ccccc1)n1cnc2c1c(=O)n(C)c(=O)n2C,-6.8,3.6304853702918334,14_610
Cn1ncnc1-c1ccc2[nH]c(-c3ccc(-c4cccc(C(=O)N5CCCCC5)c4)cc3)nc2c1,-8.9,3.561119404518237,14_611
CN(Cc1ccccc1)S(=O)(=O)c1cccc(C(=O)Nc2ccc(C(F)(F)F)cc2)c1,-6.3,3.7265247761230897,14_612
O=C(c1cc(Cl)ccc1OC(F)F)n1cc(-c2cn[nH]c2)cn1,-6.4,3.7363585357847646,14_613
O=C(O)C1=CC=C(N2Cc3ccc(F)cc3N=C2/C=C/c2cccc3ccccc23)OC=C1,-9.0,2.5490042838367315,14_614
C/C(C=O)=C\CCCc1cocc(-c2cccs2)c(=O)c(O)c(-c2ccc(Cl)cc2)[nH]c1=O,-7.4,1.3242590048120904,14_615
COc1cc2nc(N3CCN(C(=O)c4cccc(-c5ccccn5)c4)CC3)nc(N)c2cc1OC,-6.4,3.591987090375949,14_616
Nc1nc2ccccc2n1-c1ccc2c(c1)OCO2,-5.9,3.627174702365294,14_617
O=C(CSc1nnc(COc2ccccc2)o1)N1CCCc2ccccc21,-6.5,3.658367637979449,14_618
Cc1cc(C(=O)Nc2ccccc2)c2ccccc2n1,-7.0,3.595419931229462,14_619
COc1ccccc1C(NC(=O)c1ccc(-c2ccccc2)cc1)c1cccc2ccccc12,-7.9,3.32907329519501,14_620
O=C(NCC1CCCO1)C(=O)NCC1OCCN1C(=O)c1ccccc1,-6.9,3.422341021097903,14_621
Cn1c(=O)oc2ccc(NC(=O)Nc3ccccc3)cc21,-7.7,3.691216456705702,14_622
Cc1ccc2ncc(C(=O)N3CCCC(n4cccn4)C3)cc2c1,-7.4,3.7009010549441097,14_623
O=C(O)C1CCCN(c2nc3cc(C(F)(F)F)ccc3nc2-c2ccccc2Cl)C1,-8.9,3.7400242529285523,14_624
Cc1ccc(Sc2cc([N+](=O)[O-])ccc2NC(=O)c2ccc(-n3c(C)ccc3C)cc2)cc1,-7.6,3.514489696371756,14_625
O=[SH](=O)C=Cc1cccc(Nc2ccc(Oc3nc4ccccc4o3)cc2)c1,-7.2,3.6266491398235323,14_626
Cc1cc2[nH]c(C(=O)c3c[nH]n(C)c3=O)cc2c(-c2ccccc2Cl)n1,-7.9,3.6353694319410357,14_627
C[CH]C1C[CH][C@@H](C)[C@@H](O[C@@H]2O[C@H](CO)[C@@H](O)[C@H](O)[C@H]2NC(=O)Nc2ccccc2)O[C@@H]2O[C@@]3(C)CC[C@@H]1[C]2OO3,-7.1,0.4561886235610899,14_628
O=c1[nH]c(-c2cccc(Nc3nccc(-c4ccco4)n3)c2)nc2ccccc12,-8.1,3.5819333832798996,14_630
C[C@@H]1CN(Cc2c[nH]nc2-c2ccc3c(c2)CNC(=O)O3)CCN1c1cc(F)ccc1F,-7.8,3.6607973973375127,14_631
O=C(Nc1cccc(-c2cn3ccnc3c(NCc3ccccc3Cl)n2)c1)c1ccc(-c2ccccc2)cc1,-8.4,3.2644410552588456,14_632
O=[N+]([O-])c1ccc(N2CCN(Cc3ccccc3F)CC2)cc1,-6.5,3.6214228498900694,14_633
Cc1cc(Nc2nc(Nc3cccc([N+](=O)[O-])c3)ncc2C(N)=O)ccc1N1CCN(CCO)CC1,-8.1,3.100429537321643,14_634
NS(=O)(=O)c1ccc(-n2nc(C(F)(F)F)cc2-c2ccc(Cl)cc2)cc1,-7.2,3.726911533642957,14_635
CC(=O)c1cc(F)ccc1N1C(=O)CN(c2cc(-c3ccccc3)nc(-c3ccccc3)n2)c2ccccc21,-9.1,3.322276976751371,14_636
Cc1cccnc1C(C)NC(=O)c1cc(COC2CC=CC=C2C(C)C)on1,-6.5,3.753037090481949,14_637
O=C(Cc1ncc(C(F)(F)F)cc1Cl)NCc1ccc2c(c1)OCO2,-7.1,3.7553927670004335,14_638
O=C(COc1ccc(F)cc1)Nc1cc(S(=O)(=O)N2CCOCC2)ccc1N1CCOCC1,-7.1,3.5612633498369513,14_639
N#C[C@H]1CC(NC2COC2)CC[C@@H]1n1cc(C(N)=O)c(Nc2ccc(S(=O)(=O)C(F)(F)F)cc2)n1,-7.3,3.2315257555976555,14_640
CCN(CCC(NC(=O)c1ccc(F)cc1)C(=O)N1CCCCC1)C(=O)CC1CC1,-6.4,3.5135180508591084,14_641
O=C(Cn1nc(-c2ccc(F)cc2)ccc1=O)NCc1ccccc1,-7.0,3.800700175643751,14_642
N#Cc1cccc(C(=O)CN2CCN(S(=O)(=O)c3ccc(Cl)cc3)CC2)c1,-6.7,3.6721125773633903,14_643
Nc1nc(-c2cccc(Br)c2)c(-c2ccccc2C(F)(F)F)[nH]1,-6.5,3.6301564520807776,14_644
COC(=O)c1cccc(/C=C\Sc2nccs2)c1,-5.1,3.57884058373678,14_645
O=C(Nc1ccc(-c2c[nH]c(=O)c3ccccc23)cc1)c1cccc2ccccc12,-8.1,3.4363289356208515,14_646
CN(C)c1nccc(-c2cccc(CCCc3ccccc3)c2)n1,-7.0,3.6198034682714653,14_647
CC1=NC(=O)C2C=NC(Oc3ccc4c(c3)CC[C@@H](c3ccccc3)O4)=S2CC=CCC=C1,-8.5,0.9828064685986249,14_648
CC(C)CC(NC(=O)c1oc(O)c2ccccc12)C(=O)N1CCC(C(=O)NC(Cc2ccccc2)C(=O)O)CC1,-7.3,3.3179308039328763,14_650
CC=C1C=C(c2c(OCCC3CCCCN3)c3cc(C(=O)Nc4cnsn4)c(Cl)cc3[nH]c2=O)C=C1C,-8.2,3.4025013181641732,14_651
O=C1CCOCCNc2cc(Cl)ccc2CCN2C(c3ccccc3)=Nc3ccccc3C2C1,-8.8,2.0695874529616307,14_652
N=NC(=O)CC=C(F)CC=CN1CC=CC(=CC(=O)NCCN2CCOCC2)C=CC1=O,-6.0,1.4129225376655121,14_653
CC1=CC=C(C(=O)NC2CCCC2)c2cc(NC(=O)C34CC5CC(CC(C5)C3)C4)ccc2NC1,-8.0,1.2770511138334428,14_654
NS(=O)(=O)c1ccc(C(=O)Nc2ccc(Nc3c4ccccc4nc4ccc(Cl)cc34)cc2)cc1,-7.7,3.334597667445058,14_655
CCOc1ccc([C@@H]2C[C@@H](SCC(C)C)C(C(=O)O)CN2S(=O)(=O)c2ccc(C)cc2)cc1,-6.4,3.6257635441953093,14_656
C=C1C(=O)O[C@@H]2C[C@H]1CC[C@]1(C)C(=O)C=C[C@@H](OC(C)=O)[C@H]21,-6.3,2.1710618518183336,14_657
COC1=CC=C(N(CC(=O)N2CCc3ccccc32)S(=O)(=O)c2ccccc2C)CC=C1,-8.2,2.6634162507408052,14_658
COc1cc(NC(=O)c2ccc3nc(C(C)C)oc3c2)ccc1NC(=O)c1ccc(O)cc1,-7.1,3.5507717178937552,14_659
O=C(c1ccn(-c2ccccc2)n1)N1CC(=O)N(Cc2cccc(C(F)(F)F)c2)[C@@H](CCc2ccccc2)C1,-8.1,3.536017297545489,14_660
Cc1cc(-c2cc(C(=O)NCc3ccc(F)c(C)c3)c3ccccc3c2)nc(N(C)C)n1,-8.8,3.6785998285340917,14_661
Cc1ccc(CNC(=O)CN2CCCCC2)cc1NC(=O)c1ccc(Nc2ncc(C)c(-c3ccc(Oc4ccccc4)cc3)n2)cc1,-2.5,3.0242639007536436,14_662
O=C(NCCCC1CCCC1)c1cccc(Oc2ccc(NC(=O)c3ccco3)cc2)c1,-7.1,3.5657072268164702,14_663
O=S(=O)(c1ccc2[nH]c(-c3ccc4c(c3)OCO4)nc2c1)N1CCOCC1,-6.9,3.640086690890108,14_664
Cc1cc(C)cc(-c2cnc3ncn(-c4cc(Cl)cc(Cl)c4)c(=O)c3c2CN(C)C[C@@H]2CCCN2)c1,-6.9,3.5965315579904438,14_665
C[C@@]1(O)CC[C@H]2[C@H](CC[C@@H]3[C@@H]2CC[C@]2(C)C(C(=O)Cn4ncc5cc(F)ccc54)CC[C@@H]32)C1,-7.2,3.3037543980940285,14_666
Nc1ccc(OC=C2C=CC=Nc3ccccc32)nc1,-6.6,2.6977363155273597,14_667
CC1CCCC(=CN(C(=O)c2ccc(S(=O)(=O)N3CCCC(C)C3)cc2)c2ccccc2)C1,-7.3,3.543959912758181,14_668
N#Cc1cccc2c1c(=O)c1c(-c3ccccc3F)cccc1n2Cc1ccccc1,-7.4,3.2770237991160722,14_669
Cc1c(CNC(=O)C(C)(C)C)sc(C(=O)c2ccc3c(c2)OCO3)c1C,-6.4,3.739237569488049,14_670
COC=C1C=CC(NC(=O)N=CC(Oc2ccccc2)C(=O)c2ccccc2)=C1,-6.8,3.5646212436953326,14_671
O=C1NC(=O)C(=Cc2ccc(Oc3ccccc3Br)c(Br)c2Cl)C(=O)N1,-7.4,3.568454189851387,14_672
O=C(NCC1(Cc2cccc(F)c2)CCC1)C1Cc2ccccc2CN1C(=O)c1cccc(-c2ccc(F)c(-c3ccccc3F)c2)c1,-8.6,3.030762972959425,14_673
C[C@@](Cc1ccc2c(ccc3ccccc32)c1)(C(O)=NO)S(C)(=O)=O,-6.4,3.368200136301433,14_674
Nc1ccc(C(=O)n2nc(-c3ccccc3)cc2NC(=S)Nc2ccc(-n3cnnn3)cc2)cc1,-7.9,3.217369722433788,14_675
CC(O)(c1ccc(Nc2nn([C@H]3CCCC[C@@H]3C#N)cc2C(N)=O)cc1)C(F)(F)F,-7.2,3.608940877213802,14_676
Fc1ccc(-c2ccc(-c3nccn3-c3ccc(-c4ccccc4)cc3)o2)cc1,-7.7,3.4122362317545276,14_677
COc1ccc(C2C=C(c3ccccc3Oc3ccc(C(F)(F)F)cc3)N=N2)cc1OC,-7.0,3.6250192383490756,14_678
O=c1c2cc3c(cc2ncn1Cc1ccc(F)cc1)OCCC3,-6.7,3.6930390725794666,14_679
O=C(CC1=CC=COC1)N=Nc1c(O)[nH]c2ccccc12,-6.5,3.6624587665245985,14_680
COc1ccccc1S(=O)(=O)Nc1cccc(-c2cnc(C3CC3)o2)c1,-7.4,3.783413404731112,14_681
O=C(/C=C/c1cccc(Cl)c1)c1ccc(NC(=O)c2cn(CCO)c3c(cc(O)c4ncccc43)c2=O)cc1,-6.7,3.114472343830168,14_682
Cc1ccc2c(c1)C1C=CCC1C(c1ccc(C3(N)CCC3)cc1)N2Cc1ccc(I)cc1,-8.0,3.1336908406640145,14_683
O=c1cccc2n1C[C@H]1CC2CN(Cc2ccncn2)C1,-6.3,3.547683924402482,14_684
C=C(N=CN=COC(=C[N+]1=CC=CC1)c1ccccc1)Oc1ccc(-c2ccccc2-c2nn[nH]n2)cc1,-7.7,3.134951197509597,14_685
COc1ccc2c(c1C(=O)c1ccc(Nc3nc4ccccc4nc3Nc3ccc(-n4ccnc4)cc3)cc1)C=[N+]C=N2,-8.2,3.0185649611522907,14_686
Cc1cccc(NC(=O)c2ncoc2-c2ccco2)n1,-7.2,3.734026667097371,14_687
O=Cc1cc2cccc(-c3ccc(C(O)Cc4ccccc4)s3)ccc3cn[nH]c3ncc1cc2,-8.0,1.9416061273884178,14_688
C[N+](C)(C)C[C@H]1O[C@@H](n2cc(I)c(=O)[nH]c2=O)[C@@H](O)[C@@H]1O,-6.0,3.1801018190571844,14_689
CC(C)(C)c1cc(C#Cc2ccccc2)cc2c1OCC2(C)C,-6.7,3.104976332599516,14_690
C=CC(=O)Nc1ccc(-c2cc(N(C)C)nc3cc(-c4ccc(S(C)(=O)=O)cc4)ccc23)cc1Cl,-8.0,3.5712979462831593,14_691
Cn1cc(-c2nn3cc(-c4ccsc4)nc3s2)c2cc(Cl)ccc21,-6.7,3.457665011618924,14_692
O=C(Nc1ccncc1)Nc1cccc2ccc(O)cc12,-7.0,3.617237828199502,14_693
O=C(Nc1cccc(Cl)c1)NC1CCOC(n2cc(-c3ccccc3)oc2=O)C1,-7.0,3.746438278524799,14_694
Cc1cc(NC(=O)NC(=O)CCl)c2ccccc2c1-c1nc2ccccc2s1,-7.4,3.6056461247009217,14_695
Cn1c(=O)c2[nH]c(-c3ccccc3Cl)nc2n(Cc2ccco2)c1=O,-6.9,3.6954340023056576,14_696
O=C(Cc1cccc(F)c1)Nc1nnc(CCCc2nnc(NC(=O)c3ccc(Br)o3)s2)s1,-6.8,3.3580400705342432,14_697
O=c1oc2ccc(Br)cc2c(=O)n1-c1ccc(Cl)cc1O,-6.6,3.718514632550623,14_698
CC(=O)Nc1ccc(CN2CCCN(C(=O)c3cnccn3)CC2)cc1,-6.5,2.8013504794976827,14_699
O=C(Nc1cccc(C(=O)O)c1)C(Cc1ccc2c(c1)OCO2)=NC(=O)c1cccnc1,-7.8,3.588159180112865,14_700
Cn1cc(-c2ccc3cnc(NC(=O)C4C=C(Cl)C=NC(F)=C4)cc3c2)cn1,-7.8,2.7424747836534378,14_701
O=C(CC=Nc1ccccc1)c1cccc(NC(=O)c2ccc(Br)o2)c1,-6.4,3.6462191162554314,14_702
O=C(F)CN1c2nc(N3C[C@@H]4C[C@H]3CO4)cc(=O)n2CC[C@@H]1C(F)F,-6.5,3.2164838038224985,14_703
CC(Cc1ccc(C(=O)Oc2ccc(C(=N)N)cc2)o1)C(=O)N=C(Cc1ccccc1)C(=O)O,-7.0,3.198430764936078,14_704
CC(=O)N=CC1=CC=C(N(Cc2ccccc2)C(=O)c2ccccc2NC(=O)c2ccccc2F)C1,-7.6,3.5847157854419165,14_705
COc1ccc(C2(O)c3ccccc3C3=NCCCN32)cc1,-6.3,3.6196813844916806,14_706
O=C1[CH]CCC2C(=O)N(CC[C](c3ccc(C(OCC4CCCCC4)(C(F)(F)F)C(F)(F)F)cc3)S(=O)(=O)c3ccc(F)cc3)C2CCO1,-7.1,0.6223718991267164,14_707
Cc1cccc(-c2nc(C[S+]([O-])CC(=O)N3CCc4ccccc4C3)c(C)o2)c1,-7.0,3.6905043557894506,14_708
O=C(Cn1cnc2c(cnn2-c2ccc(F)cc2)c1=O)N1CCC(Cc2ccccc2)CC1,-7.8,3.6581124433172363,14_709
COCCNC(=O)C1(C)CCN(C(=O)c2ccccc2-c2ccc(F)cc2)C1,-6.8,3.700423507871469,14_710
Cc1c(C2=NN(C)C(=O)C(N3CCOCC3)=CO2)cccc1-n1ncc2cc(C(C)(C)C)cc(F)c2c1=O,-8.2,2.5133521854383023,14_711
O=C(N=Cc1ccc(F)cc1)c1cccc(-c2cc3ccccc3c3ccccc23)c1,-8.6,3.0926701732860082,14_712
Cc1ccc2c(c1)CC(CN1CCC(c3noc4cc(F)ccc34)CC1)CC2=O,-8.1,3.588705352794078,14_713
Cc1ccc(C(=O)N[C@@H]2COCC[C@@H]2Oc2ccc3cc[nH]c3c2)cn1,-7.8,3.7682326289752353,14_714
COc1cc(Cl)ccc1[S+]([O-])c1ccc(C(=O)N2CCN(c3ccccn3)CC2)o1,-7.0,3.6664716862229874,14_715
O=C1Nc2ccccc2C1=Cc1cccnc1,-6.6,3.4753299003641525,14_716
Cc1cccc2[nH]c([C@H]3Cc4[nH]cnc4C(=O)N3C3CC3)nc12,-7.2,3.585866303498056,14_717
O=C(c1ccc(-n2nc(-c3ccccc3)cc2-c2ccc(Br)cc2F)cc1)N1c2ccccc2CCc2ccccc21,-8.4,2.1725326302587504,14_718
Cc1noc(C)c1CCNC(=O)c1cc2ccc(Cl)cc2[nH]1,-6.6,3.735429254176718,14_719
COc1ccccc1C(=O)Nc1ccc(C(=O)Nc2ccccc2C(=O)O)cc1,-6.8,3.6640956590798055,14_720
O=C(CSc1ncnc2c1cnn2-c1cccc(F)c1)Nc1ccc(F)cc1,-7.7,3.611038677804655,14_721
O=Cc1c[nH]c2c1ccc1c3ccccc3[nH]c12,-6.8,3.32746042568035,14_722
CN(C)C=C1C=COC(/C=C2/C[C@@H]3Oc4c(O)ccc5c4[C@@]34CCN(CC3CC3)[C@H](C5)[C@@]4(O)C2)=C1,-8.4,3.2967266207706465,14_723
COc1ccc(OC)c(C(O)c2ccccc2C(=O)Nc2ccccc2OC)c1,-6.7,3.7275404577348343,14_724
C=CCC(CC(=O)O)OC(=O)c1ccc(Cl)cc1,-5.6,3.548402992849932,14_725
O=C(CCc1nc(=O)c2ccccc2[nH]1)NN=Cc1ccc(O)c(O)c1O,-7.4,3.1642765211621144,14_726
NS(=O)(=O)c1ccc(-n2[nH]c(=O)nc2-c2ccc(F)cc2)cc1,-6.9,3.6172992477969186,14_727
O=C(CN(Cc1ccc(F)cc1)C(=O)CN1C(=O)c2ccccc2C1=O)Nc1cccc(Cl)c1,-8.2,3.6796259501434556,14_728
C=c1c(C=COC)c[nH]c1=CC=CC(C=S)Nc1nc(-c2ccccc2)nc2ccccc12,-6.5,3.49465154470519,14_729
CC(=O)Nc1nc2ccc(-c3ccnc(-c4ccc5c(c4)OCO5)n3)cc2s1,-8.9,3.6729468140387964,14_730
CC=CCc1c(C(=O)c2ccccc2)c(CC)c(=O)nnc(=O)c1CC(=O)N(C=O)c1cccc(C(=O)O)c1,-6.9,1.4268396871173712,14_731
Fc1cccc(-c2ccccc2)c1Nc1ncc(Cl)cc1Br,-6.3,3.6210568617338073,14_732
Cc1csc(Nc2ncc(F)c(N3CCOCC3)n2)n1,-5.8,3.638700640851934,14_733
COc1ccc(Nc2nc(Nc3ccc(F)c(F)c3)nc(N3CCOCC3)n2)cc1,-7.7,3.651515741140405,14_734
Fc1cncc(-c2cccnc2Oc2ccc(Nc3ccccn3)cc2)c1,-7.0,3.6998938989057613,14_735
CNc1ccc2ccc(C(=O)N3CCC4(CC3)Cc3cn(C(C)(C)C)nc3C(=O)N4)cc2n1,-8.3,3.5959039306308176,14_736
COC(=O)C=CC=C1C=C(SC(=S)Nc2ccc(CCC(=O)O)cc2)C1=O,-5.8,3.4435561402406254,14_737
CC=C1C(N2CCCCC2)=Nc2ccc(NC(=O)/C=C/c3ccc(-c4cccc([N+](=O)[O-])c4)cc3)cc21,-5.1,3.3739558913299206,14_738
COc1ccc(C(=O)Nc2cccc(-c3nc4cccnc4s3)c2)cc1,-7.3,3.710816033590614,14_739
O=C(NCCNc1ccc([N+](=O)[O-])cc1)Nc1ccccc1Cl,-6.2,3.446774846269474,14_740
O=Cc1[nH]c2cc(Oc3ccc(C(F)(F)F)cc3C3=NCNC3)ccc2c1-c1ccncc1,-7.6,3.587420647710675,14_741
O=c1[nH]c2ccccc2c2nc(-c3ccc(C(F)(F)F)cc3)nn12,-8.8,3.6556197879247936,14_742
Cc1cc(NC(=O)c2ccc(Br)o2)ccc1NCc1ccccc1,-6.5,3.695102646904915,14_743
CCCn1c(SCc2cccc(OC)c2)ncc(-c2nccs2)c1=O,-6.3,3.5958042157644736,14_744
O=C(CSc1nnc2c3cc(-c4cccc(F)c4)nn3ccn12)Nc1cccc2ccccc12,-7.7,3.4908846270098355,14_745
O=C(Nc1ccccc1)c1cnc(Cl)cn1,-6.1,3.643858260803465,14_746
O=C1CCCN1c1ccc(-c2ccc(NCc3ccccc3)nc2)cc1,-7.0,3.6899098493382265,14_747
O=C(Oc1cccc(-n2cnnn2)c1)N1CCCc2ccccc21,-7.4,3.6817507469985618,14_748
O=C(Cn1cc(CNc2ccc(F)cc2C(=O)c2cc(F)cc(F)c2)nn1)Nc1ccc(C2=NCCCN2)cc1,-7.6,3.291481761976085,14_749
Cc1c(Cn2c(-c3ccccc3)nc3ccccc32)cccc1C(F)(F)F,-7.8,3.462939125157447,14_750
Cc1nc(-c2ccc(F)cc2)oc1-c1nnc(-c2ccc(OC(C)C)c(C#N)c2)o1,-7.2,3.603410020366161,14_751
O=C(Cc1ccc(Cl)c(Cl)c1)Nc1cc(F)cc(C(F)(F)F)c1,-6.5,3.4664732869973425,14_752
Cc1cc(C)cc(N2C=Cn3c(NC4CC4)nnc3C2Cl)c1,-6.1,3.5707852616076883,14_753
Cc1nnc(-c2cccc(NC(=O)c3ccc(F)c(F)c3)c2)o1,-7.2,3.7728282914579934,14_754
Nc1ccc(-c2c[nH]c(=O)c3cc(-c4cccc(F)c4F)ccc23)cc1,-7.5,3.5443460930776345,14_755
Cc1ccc(NC(=O)CCCC2CCCCC2)cn1,-5.8,3.5183574708974095,14_756
CC(=N)Nc1nnc(-c2ccccc2-c2ccccc2)s1,-6.4,3.6090003161807838,14_757
Cc1ccc(C2=Nn3c(CCOc4cc(C)ccc4C)nnc3SC2)cc1,-7.2,3.701631108541,14_758
Cc1cccc(N2CCN(S(=O)(=O)c3ccc4c(c3)CC(C)N4C(=O)C3CC3)CC2)c1C,-7.7,3.466014949507154,14_759
Nc1c(C(=O)Nc2cccc(Nc3ccc4c(C=Cc5ccccc5)[nH]nc4c3)c2)ccc2ccccc12,-8.6,3.1912787004040375,14_760
O=C(c1c[nH]c2ccc(Br)cc12)N1CCN(c2ccc(Cl)cc2Cl)CC1,-7.3,3.6529069283007547,14_761
O=C(Cn1nc2ccc(-c3ccc(F)c(F)c3)nn2c1=O)Nc1ccc(Cl)c(Cl)c1,-7.6,3.669292170200124,14_762
O=C(c1cc(-c2ccc3[nH]ncc3c2)on1)N1CCN(c2ccccc2OC(F)(F)F)CC1,-7.2,3.6855802805552837,14_763
COc1cc2cc(C(=O)c3cc(OC)c(OC)c(OC)c3)cc(Br)c2cc1OC,-7.1,3.645593707028034,14_764
N#CC1(NC(=O)C2C[C@@H](Sc3nc4ccccc4s3)CN2Cc2ccc(C(F)(F)F)cc2)CC1,-6.8,3.5963496611378325,14_765
O=C(NCCCCN1CCCC2=C[C@H]3C[C@H](CN4CCCC[C@H]34)[C@@H]21)c1ccc(NC(=O)c2cccc(Br)c2)cc1,-7.7,3.0992365872532344,14_766
O=C(NCc1cncc(-c2ccoc2)c1)c1ccccc1,-6.8,3.726093213668193,14_767
O=C(O)c1cc(C(=O)O)cc(-c2cccc3ccccc23)c1,-7.2,3.6563705475144856,14_768
O=C(Nc1ccccc1N1CCOCC1)c1cccnc1Cl,-6.5,3.722250492769362,14_769
CN(C(=O)Cc1nc2cc(-c3cccc(Cl)c3)cnc2[nH]1)[C@H]1CC[C@H](Nc2ncc(C(F)(F)F)c(-c3ccccc3C(F)(F)F)n2)CC1,-8.3,3.1240665840787134,14_770
COc1cccc2c1CC[C@H](N1CCCC1)[C@H]2N(C)C(=O)Cc1cccc2ccccc12,-7.7,3.4992609885840187,14_771
CC(=O)C1=CC=CCNC(=O)NC2CCCN3[C@H](CO)[C@H](c4ccc(C#Cc5ccccc5)cc4)[C@H]3C2=C1,-6.8,0.9738556040211375,14_772
CC(=O)c1ccc(S(=O)(=O)Nc2ccccc2C(=O)Nc2nc3ccccc3s2)cc1,-7.3,3.558289080423494,14_773
O=C(c1ccco1)N(C(=S)Nc1ccccc1C(F)(F)F)c1ccccc1,-6.6,3.6441131352823333,14_774
O=[N+]([O-])c1cccc(CNc2nc(-c3ccc4c(c3)OCO4)cs2)c1,-7.2,3.6471410450741075,14_775
CC(C)C(=O)N1CCN(c2ccc(NC(=O)c3ccc(Cl)cc3Cl)cc2)CC1,-6.4,3.762718294887544,14_776
O=C(COc1ccc2ccccc2c1)Nc1cccc(C(=O)NCc2ccccc2F)c1,-7.5,3.5979961651814527,14_777
O=C(Cn1cc(Cn2c3ccccc3c3ccccc32)nn1)c1ccccc1,-7.4,3.477006359729219,14_778
CC(=O)NC[C@H]1CN(c2ccc(N3CCN(c4cc(C)ccc4C)CC3)c(F)c2)C(=O)O1,-6.7,3.6998791230025843,14_779
CC(C)(O)[C@H](F)CNC(=O)c1cnc(-n2ccc3cc(C#N)cnc32)cc1Nc1cccc(CN2CCS(=O)(=O)CC2)c1,-7.3,3.1630457608250895,14_780
COc1ccc(C(=O)Nc2ccc(Cn3cc4c(Cl)nccc4n3)cc2)cc1,-7.2,3.6782076223634665,14_781
c1ccc(CCN=c2c3ccccc3nc3n2CCCC3)nc1,-7.4,3.688902930751369,14_782
COc1c2cc(c([CH]CC(=O)c3cccc(C[C@H]4O[C@@H](c5ccccc5)CCC[C@H]5CC[CH]CC5[CH][C@H]4C)c3)c1C=Cc1ccc(=O)oc1C)OCO2,-8.5,0.6440626959997182,14_783
O=C(NCC1CC1)Nc1cc(-c2ccccc2Cl)nn1-c1cccc2ccccc12,-8.6,3.6091907459599613,14_784
CC=Cc1ccoc1C(=O)Nc1cc(C[S+]([O-])C/C(C)=C\c2ccccc2)nn1-c1cccc(F)c1F,-7.0,3.490150404263856,14_785
CCCC1CC(CCc2nc(CC(=O)O)cs2)C(=O)N1c1ccccc1,-5.9,3.7465552008307474,14_786
CCCOc1cc2c(cc1NC(=O)c1cccs1)-c1cc(Cl)ccc1N(c1ccc(OC)cc1)C2,-6.9,3.5147971699452807,14_787
Cc1cc2nnc(-c3ccc(Cl)cc3)n2c(NCc2ccccc2Cl)n1,-6.9,3.7182657746891676,14_788
C=CC[C@H]1OC(=O)c2ccccc2[C@@H]2CC[C@@](C)(C(C)C)O[C@H](C[C@@H](OC(C)=O)[C@H]3COOC[CH][C]CCCC(=O)O3)[C](C)[C@@H]12,-7.5,0.7790086802828551,14_789
Nc1n[nH]c(-c2cc(-c3ccccc3)ccc2OC(=O)c2ccccc2)n1,-8.3,3.5823210736979525,14_790
Fc1ccccc1Nc1nc2nonc2nc1Nc1ccccc1C(F)(F)F,-8.2,3.5415605296641406,14_791
Cc1cc(O)ccc1C1c2ccc(O)cc2-c2nc(C3C=CC=CO3)cc(-c3ccccc3)c21,-8.3,3.4134510174024792,14_792
CN(C)CCCN(C(=O)c1cccc(S(=O)(=O)N2CCN(C)CC2)c1)c1nc2cc3c(cc2s1)OCO3,-7.7,3.3942822444929868,14_793
C[C]1C=CC(=O)C(C)(C)[C@@H]1C1C2CC3CC=C[C@@]24[C@@H]1OC(=O)/C=C/c1ccccc1C(=O)C(O)[C@@]34C,-8.3,0.723705940535118,14_794
CC(C)=CCC/C(C)=C/CC/C(=C/Cc1ccc(OCc2nc3ccccc3nc2Cl)c(C)c1)CCc1cccc(Oc2ccccc2)c1,-6.2,2.809749720701082,14_795
Cc1cc(C#N)cc(C)c1Oc1nc(NC2CCN(Cc3ccc(C(N)=O)cc3)CC2)nc2c1COC2,-7.1,3.4616220757145255,14_796
CC1CCC(NC(=O)c2ccccc2NC(=O)c2nsc3ccccc23)CC1,-7.6,3.7504407818991687,14_797
CCCc1cc(-c2cnccc2C(F)(F)F)n2c(NS(=O)(=O)c3ccccc3OC)cccc12,-6.6,3.6251189431754822,14_798
Nc1nc(F)nc2c1ncn2[C@H]1O[C@H]2COP(=O)(O)OP(=O)(O)OC[CH]O[CH]N3C=C(C=O)C(=CO[CH][C@@H](O)O[C@H]2[C@H]1O)c1ccccc1-c1ccccc1C3=O,-7.0,0.804536692371995,14_799
O=C(Nc1ccc(C(F)(F)F)cc1)c1cc(Nc2cccc(C(F)(F)F)c2)ncn1,-8.1,3.6376258635807726,14_800
O=C(O)C=C1C=CC(OC=C2C=CC(NC(=O)c3ccccc3NS(=O)(=O)c3ccccc3C(F)(F)F)=C2)=C1,-6.7,3.1866646576364106,14_801
CC(C)Nc1cc(-n2ccc3cc(C#N)cnc32)ncc1C(=O)N[C@H]1CC[C@](O)(c2ccccn2)CC1,-6.6,3.4387587851686643,14_802
O=C(Cc1c(F)cccc1Cl)Nc1ccc(C(=O)N2CCN(C(=O)c3ccccc3)CC2)cc1,-7.0,3.71512752653027,14_803
O=C(Nc1cc(Cl)ccc1Cl)c1cc(=O)c2ccccc2o1,-7.2,3.742248410223715,14_804
O=C(c1cnncc1-c1ccccc1)c1c(-c2ccccc2)cc[nH]c1=O,-6.4,3.677815376161515,14_805
Cc1c(Nc2[nH]nc3cc(-c4ccc(S(C)(=O)=O)cc4)ccc23)ccc2[nH]ccc12,-8.0,3.4766929157216806,14_806
COc1ccc(-c2nn(-c3ccccc3)cc2-c2nnc(Nc3ccccc3)o2)cc1,-7.2,3.5347100324588805,14_807
C=CCc1cc(C(=O)c2ccccc2)ccc1O,-5.8,3.4566215886407106,14_808
O=[N+]([O-])c1ccc(N2CCN(Cc3ccccc3)CC2)nc1,-6.4,3.6284071465090255,14_809
Cc1cc(C)c(S(=O)(=O)N2CCC(C(=O)N3CCN(c4ccccn4)CC3)CC2)c(C)c1,-7.0,3.6432852205582726,14_810
O=C(Nc1ccccc1)N1CCN(c2ccccccc3cc2-3)CC1,-7.4,1.1769975806373831,14_811
O=CNc1ccccccn(Cc2c(F)cccc2F)c(=O)n1,-7.2,1.5783312938170106,14_812
C=CC(=O)N=CC=CCC(Cl)Nc1ccnc(Nc2ccc(Nc3c4ccc(F)cc4nc4cc(OC)ccc34)c(OC)c2)n1,-7.0,2.5558636400814407,14_813
O=C1CC(c2ccco2)Sc2ccccc2N1Cc1ccccc1Cl,-7.5,2.648937770125954,14_814
O=C(c1ccc(-c2nc(=O)c3ccccc3[nH]2)cc1O)N1CCc2ccccc2C1,-8.1,3.647780148474234,14_815
O=C1C(=O)N(CN2CCCCC2)c2ccc(Br)cc21,-6.2,3.413101414589578,14_816
O=C(Nc1ccc(C(=O)c2ccccc2)cc1)c1ccc2c(c1)C(=O)N(Cc1cccnc1)C2=O,-8.0,3.4539534038023834,14_817
COc1cc2nc(Nc3ccc(C(=O)Nc4c(F)cccc4F)cc3)ncc2cc1C,-7.9,3.6317410842470803,14_818
COc1ccc(NC(=O)Nc2c(C)n(C)n(-c3ccccc3)c2=O)cc1,-6.7,3.768990629458769,14_819
O=[N+]([O-])c1cn2c(n1)OC[C](CC1NCc3cc(-c4ccc(F)c(Cl)c4)ccc31)C2,-7.3,3.577344339430385,14_820
O=C(CCS(=O)(=O)c1ccccc1)N1CCCc2ccccc21,-7.1,3.7285913179946903,14_821
Cc1c(NC(=O)c2ccccc2NS(=O)(=O)c2ccc(Cl)cc2)c(=O)n(-c2ccccc2)n1C,-7.3,3.586080554184507,14_822
O=C(c1cnc(-c2ccco2)nc1)N1CCN(c2ccc(F)cc2)CC1,-6.8,3.7406644069947648,14_823
CC=C(C=CC(=O)Nc1nccc2[nH]c(-c3ccc(F)cc3)nc12)C(F)(F)F,-7.5,3.544615453905227,14_824
N#Cc1nc(-c2ccnc(Nc3ccc4c(cnn4Cc4cccc(F)c4)c3)n2)ccc1N1CC[C@H](O)C1,-6.5,3.342315573357012,14_825
O=C(Cc1ccc(-c2ccccc2)cc1)N1CCN(c2ccc([N+](=O)[O-])cc2NS(=O)(=O)c2cccc3nsnc23)CC1,-7.9,3.106461878828799,14_826
COc1ccccc1/C=C/C(=O)c1cccc(Nc2nc(-c3ccccc3)nc3c2nnn3Cc2ccccc2)c1,-9.1,3.1861820347915835,14_827
Cc1cc(C)c2c(n1)N(CC(=O)Nc1ccc(C(=O)NC3CC3)cc1)C(=O)c1ccccc1S2,-7.9,2.64344422430492,14_828
O=c1c2ccccc2nc(/C=C/c2cccc(Cl)c2)n1-c1nnc(-c2ccccc2)s1,-8.6,3.5206703308960643,14_829
O=C(c1cccnc1)N1CCN(Cc2cccc(Cl)c2)CC1,-6.8,3.6746250047982816,14_830
CC(=O)N1CC=C(c2ccc(NC(=O)N3Cc4ccccc4C3)cc2)CC1,-7.3,3.5813139221748207,14_831
O=C(c1ncc(Br)s1)N1CC(c2ncccc2N2CCC(O)CC2)C1,-6.6,3.666105879725561,14_832
C[C@H](C[C@H](O)[C@@H](O)C(C)(C)O)C1=C2C[C@H](O)[C@H]3[C@@]4(C)CCC(=O)C(C)(C)[C@@H]4CC[C@]3(C)[C@@]2(C)CC1,-6.2,2.8922432385944505,14_833
CCC(C(=O)NC(CC(=O)O)C(=O)CNCc1ccccc1F)n1cc(CC(=O)N2Cc3ccccc3C(C(=O)O)CC2C)c2ccccc21,-6.7,2.0349403225290965,14_834
O=C(CN1C(=O)NC2(CCCC2)C1=O)Nc1ccccc1F,-6.8,3.4695999602064873,14_835
O=CCC(C=NCC(=O)N=CC(=O)O)C1C=NC(=O)C(SCc2ccccc2F)C1,-5.8,3.4423133628333114,14_836
N#Cc1c(C=C2CCCC2)nc(SCc2cn(Cc3ccccc3F)nn2)nc1-c1ccccc1O,-7.6,3.434698099369773,14_837
COC1=CC=C(n2c(-c3ccccc3)cc(-c3ccccc3)c2-c2ccccc2C)C1,-7.0,3.3106455648725017,14_838
Cc1cnc(C(=O)N(C)c2ccc(Br)cc2F)c2ccccc12,-6.7,3.5961592531212583,14_839
C=CC=CCC(C)(C)NC(=O)c1ccc(-c2ccc(C(=O)O)cc2)cc1C(F)(F)F,-6.8,3.581340450334592,14_840
Cn1cc(-c2cc(S(C)(=O)=O)ccc2Oc2ccc(F)cc2)c2cc[nH]c2c1=O,-7.1,3.7194872778291734,14_841
O=C(CN1c2ccccc2Sc2ccccc21)NN=Cc1ccc(O)cc1O,-6.9,3.5710698640474927,14_842
O=c1n(-c2ccccc2)c(O)c(-c2c(O)n(-c3ccc(Cl)cc3)n(-c3ccc(Cl)cc3)c2=O)n1-c1ccccc1,-8.3,3.3611614045668645,14_843
N=CC(Cl)CC(=O)c1ccc(C(=O)NCC2CCN(c3ccc(C(=O)N4CCC(O)CC4)cc3F)CC2)cc1,-6.6,3.1901986205054547,14_844
C[C@H]1[CH]c2ccccc2CN1C(=O)c1ccc(-c2ccncc2)cc1,-6.8,3.554826813266186,14_845
O=C(NCCCCc1ccc(-c2ccccc2)cc1)c1ccco1,-6.7,3.5644958587783515,14_846
O=C(c1cccs1)N1CCN(C(c2cncnc2)c2ccc(Cl)cc2F)CC1,-6.7,3.7218539681558127,14_847
CSCCC(NC(=O)c1ccc(NC(=O)c2ccccc2C(F)(F)F)cc1)C(=O)NCCCc1ccccc1,-6.1,3.3587754435593027,14_848
Cc1cccc(C(=O)Nc2nnc(SCC(=O)N3CCCCC3)s2)c1,-7.3,3.679780848106037,14_849
O=C(O)c1cccc(C(=O)NCc2ccccc2)c1-c1nc2ccccc2[nH]1,-7.2,3.572571506827093,14_850
CC(C(=O)Nc1nc(-c2ccccc2)ns1)c1ccccc1,-6.7,3.783762906730269,14_851
COc1ccc2c(c1)OCC(=Cc1ccc[nH]1)C2=O,-5.8,3.5969336070141495,14_852
CCNC(=O)Nc1ccc(-c2nc(N3CC4CCC(C3)O4)c3cnn(CCN(C)C)c3n2)cc1,-7.1,3.5052526150134273,14_853
CCCCCCCNc1ccc(N2C(=O)c3ccc(C(=O)O)cc3C2=O)cc1C(=O)N=C1C=CC(C)C1,-6.8,3.3261289563038154,14_854
O=C1C(N2CCC(c3ccc(O)cc3)CC2)CCN1CCc1ccccc1,-6.9,3.604171769954026,14_855
O=C(Nc1ccccc1-c1ccccc1)c1ccccc1NCc1ccc([N+](=O)[O-])cc1,-8.3,3.398933146655017,14_856
O=C1CCCC2=Nc3ccccc3N(C(=O)CCl)C(c3cccnc3)C12,-6.6,2.612109312720243,14_857
C[C@](N)(CO)C(=O)Nc1ccc(-c2cccc3c(=O)cc(N4CCOCC4)oc23)c2sc3ccccc3c12,-7.9,3.3203631315493443,14_858
Cc1ccc(CNC(=O)N2CCN(c3ncnc4c3cnn4-c3ccccc3)CC2)cc1,-7.6,3.7154057403456813,14_859
CC(=O)O[C@@H]1C[C@H](n2cc(F)c(=O)[nH]c2=O)O[C@@H]1COC(N)=O,-6.3,3.2456888858557242,14_860
O=C(CCN1CCC(C(=O)c2ccc(F)cc2)CC1)c1cccnc1,-6.5,3.6734318337387792,14_861
N#CCC(=O)N[C@H]1CC[C@H](CCN2CCN(c3ncccc3C(F)(F)F)CC2)CC1,-6.3,3.5635729205979345,14_862
COc1ccc(NC(=O)c2ccc(F)cc2)cc1NC(=O)C(C=CC#CN)C=NC=NC12C#CCOC=C1C(=O)CN2,-6.1,1.87736840681253,14_863
COc1ccc(-c2cc(CN3c4ccccc4C=Cc4ccccc43)on2)cc1,-8.1,2.5790314296523245,14_864
O=CC1O[C@H](C=Cc2c(O)cc(O)c3c(=O)c4cc(Cl)ccc4oc23)C[C@H]1O,-7.0,3.4905325199767248,14_865
O=C1NC(=S)SC1=Cc1cc(Br)c(O)c(Br)c1,-5.4,3.4119273583620022,14_866
Nc1cccc(-c2nc(C(=O)Nc3ccccc3N3CCNCC3)cs2)c1,-7.4,3.610381794720279,14_867
Cc1nn(-c2ccccc2Nc2ccccc2)c(C)c1CC(=O)NCc1ccc(F)cc1Cl,-7.3,3.589725496936693,14_868
Cc1ccc(CNC(=O)C(=O)c2cn(CC(=O)N3CCCCC3)c3ccccc23)cc1,-7.0,3.661604771544633,14_869
O=C/C(=C/c1ccco1)CC[C]1CCN(Cc2ccccc2)C1,-6.3,3.5102943348306592,14_870
O=C(Nc1cccc(C2CCCN(C(=O)c3ccco3)C2)c1)c1ccccc1F,-7.7,3.7514137999479624,14_871
O=C(Nc1ccccc1N1CCCC1)c1cccc2ccccc12,-7.3,3.5974989922397356,14_872
COc1ccc(-c2ccnc(NC3CC3)n2)cc1Nc1ncc(C(F)(F)F)c(Nc2ccc(N3CCN(C(C)=O)CC3)cc2OC)n1,-7.4,2.995595699395067,14_873
O=C(Nc1c[nH]c(-c2ccc(C(F)(F)F)cc2)n1)c1ccc(-c2ccccc2)cc1,-7.4,3.5682351893956104,14_874
NC1CC2CCC(C1)N2C(=O)CSc1ccc(Cl)cc1,-5.1,3.5213033429754192,14_875
O=c1c2ccccc2c2ccccc2c(=O)n1-c1ccc(Cl)cc1,-7.7,2.5958762470191994,14_876
O=C(O)C1CN(Cc2ccc(-c3cc4cc(Cc5ccccc5)ccc4s3)c(F)c2)C1,-6.6,3.5837260459951525,14_877
CCN(c1ccccc1)S(=O)(=O)c1cc(C(=O)Nc2cccc(S(=O)(=O)N=C3CCCN3)c2)ccc1-n1cnnn1,-7.4,3.211417962758941,14_878
C=C1C(=O)O[CH]C2[C@H]1C(/C=C/c1ccccc1Br)/C(C)=C\CC[C@@]1(C)O[C@@H]21,-7.7,0.845430925104929,14_879
Cn1c(=O)c2c(nc(CN3CCN(c4cccc(C(F)(F)F)c4)CC3)n2C)n(C)c1=O,-7.6,3.560655203826259,14_880
O=C1c2ccccc2[C@H](C(C=Cc2cccc(F)c2)=CC2=CC=COCC2O)N1CCc1ccccc1,-7.5,2.463263483565294,14_881
CCCc1ccc(C(=O)N2CCC(c3cc4ccccc4cc3Cl)CC2)cc1C1=CN=C(CC)C1C,-7.1,3.2648216654587054,14_882
O=C(C=CSCCN(Cc1ccccn1)Cc1cn(Cc2ccc(F)cc2)nn1)NCc1ccc(Cl)cc1,-6.7,3.32962695687553,14_883
O=C(NCC1Nc2ccc(Cl)cc2CC1c1ccccc1)C1CNCCN1C(=O)c1cccc(F)c1-n1nccn1,-9.1,3.3490450838317596,14_884
COc1ccc(CCNC(=O)C(=O)Nc2ccccc2C(=O)N2CCCCC2)cc1OC,-6.6,3.65390916048425,14_885
CC1=CC2=CCC=C1CC=c1c(ncn(-c3cccc(C#N)c3)c1=O)=NC=C2,-7.2,1.2117651650453536,14_886
COc1cc2nc(-c3ccc(NC(=O)Nc4cc(C(C)(C)C)on4)cc3)cc(N)c2cc1OC,-6.2,3.4888707939250683,14_887
O=[N+]([O-])c1ccc(/C=C/c2ccc3c(Cl)cc(-c4ccc(O)cc4)nc3c2)cc1,-7.6,3.4868692838340483,14_888
O=C(Nc1cccc(-c2ccnc3cc(-c4ccnc(Nc5cccc(F)c5)n4)ccc23)c1)c1c(Cl)cccc1Cl,-6.9,3.2916474895120436,14_889
O=C(NNC(=O)c1cc2ccccc2[nH]1)c1cccc(S(=O)(=O)N2CCCC2)c1,-7.6,3.5793334465048963,14_890
O=C(O)CCC(Cc1nc(-c2ccc3ccccc3c2)cs1)c1ccccc1,-7.0,3.5783516060625784,14_891
C=Cc1ccccc1C(=CC1=CC=CC1)c1nc2ccccc2c(=O)n1-c1ccccc1,-8.0,3.350938636707328,14_892
NC(Cc1c(F)cc(F)cc1F)C(=O)N1Cc2ccccc2CC1C(=O)NC(CC(=O)O)C(=O)N1Cc2ccccc2C1,-8.4,3.3211065452684023,14_893
CC=CC1C=CC1=CC=C1CC(NC(=O)C(N)Cc2ccccc2)C(=O)NC(Cc2ccccc2)C(=O)NC(CC(C)C)C(=O)C2=NC1C(C=CCC)=N2,-7.6,0.6087506569155456,14_894
O=C(Nc1cccc(F)c1)c1ccc(Oc2ccc3c(c2)CCN(C2CCC2)CC3)nc1,-7.3,2.6831987620854862,14_895
O=C(Nc1cccnc1)c1ccc2c(c1)N(Cc1ccccc1F)C(=O)c1ccccc1[S+]2[O-],-8.8,2.5663303912508986,14_896
CCn1cc(CNc2cccc3ccccc23)cn1,-6.3,3.6322604353558186,14_897
Cc1ccc(C(=O)Nc2ccccc2)cc1Nc1ncnc2cnc(N3CCN(C)CC3)nc12,-8.9,3.575654006326359,14_898
Cc1nc(C)n(CC2CCCN2Cc2nc(-c3ccco3)no2)n1,-6.3,2.502696425845924,14_899
C=CCN(C(=O)N1[CH]Cc2ccccc2C1)C1=S([C@@H](c2ccc(C(=O)N(C)C)cc2)c2ccc(Cl)c(Cl)c2)C=C(C)N1,-7.3,3.307837032328881,14_900
O=C(CN1CCN(c2ccccc2)CC1)Nc1ccccc1Sc1ccccc1,-6.9,3.710354269507903,14_901
O=C(COc1cc(Cl)c(Cl)cc1Cl)N(Nc1ncc(Br)cc1Br)c1nccc2ccccc12,-8.5,3.406487713066181,14_902
Cn1c(=O)oc2cc(S(=O)(=O)N3CCC(C(=O)NCc4ccc5c(c4)OCO5)CC3)ccc21,-8.1,3.517148530668952,14_903
C=NC(=CN=NNCC1=CN=CC1)N1CCN(c2ccnc3cc(Cl)ccc23)CC1,-7.1,3.4524669153304512,14_904
O=C(O)c1cc([N+](=O)[O-])ccc1Oc1ccc(Cl)cc1Cl,-6.1,3.6351910648311385,14_905
COc1ccc([N+](=O)[O-])cc1NS(=O)(=O)c1cccc(OC(=O)CCC(=O)Nc2ccccc2)c1,-6.4,3.1455760069770484,14_906
Nc1c(Cl)cc(-c2nc3ccccc3s2)cc1-c1ccc(F)cc1,-7.9,3.563871571547633,14_907
COC[C@H](NC(=O)Nc1cc2[nH]ncc2cc1-c1cccc(C)c1)c1ccccc1,-8.1,3.5679841484715045,14_908
COC=C1C=CC(C2CC(c3cccc4ccccc34)=NN2c2ccc3ccccc3c2)=C1,-8.7,3.277475486952219,14_909
COc1ccc(-c2cc(C(=O)NN=Cc3ccccc3O)[nH]n2)cc1,-6.4,3.560513614877426,14_910
COCCN(C(=O)c1ccc(Br)o1)c1c(N)n(Cc2ccccc2)c(=O)[nH]c1=O,-6.3,3.589089826548328,14_911
Nc1nc(N)c2cc(CNc3ccc(I)cc3)ccc2n1,-6.4,3.6054077839543854,14_912
O=C(CSc1ccc2ccccc2n1)N1CCN(C(=O)c2ccc(-c3ccc4c(c3)OCO4)o2)CC1,-6.5,3.449856439007167,14_913
O=C(NC(CC1=CCCCC1)C(=O)Nc1ccccc1)c1cccc(-c2cccc(Cc3ccccc3)c2)c1,-7.2,3.2417220775261733,14_914
COCCNC(=O)C(C)C(OC(=O)c1cccnc1)c1ccccc1,-5.7,3.6806338322966967,14_915
COC(=O)c1ccc(OC2=C(c3cc4ccccc4oc3=O)C(=O)CCC2)cc1,-7.6,3.6209546816936378,14_916
Cc1ccc(C(=O)C2C(=O)C(=O)N(c3ncccn3)C2c2cccc(F)c2)cc1,-7.0,3.5715674878153987,14_917
Cc1ccc(C=NCc2ccccn2)[nH]1,-5.2,3.5019928730118535,14_918
CC1CC(=O)CC(=O)CC(=NC(=O)Nc2cccc(CNc3ncnc4ccccc34)c2Cl)C1,-8.2,1.752172239397078,14_919
COC=CC=C(C)c1nc2ccccc2c(=O)n1-c1c(C)n(C)n(-c2ccccc2)c1=O,-7.0,3.540476953898779,14_920
COc1cc(OC)cc(-n2cc(-c3cnc(N)c(-c4nc5ccc(F)cc5s4)c3)cn2)c1,-7.2,3.5125578074028905,14_921
C[C@H](O)C(NC(=O)NCCc1ccccc1)C(=O)Nc1[nH]nc2cc(Cl)ccc12,-7.0,3.436989914735522,14_922
CCNC(=O)C(C)(C)C(=O)N(C)c1cccc(CN2CCN(Cc3cc(OC)c(O)c(OC)c3)CC2)c1,-6.2,3.5099945304319693,14_923
Cc1nnc(N2CCOc3ccccc3C(CN3CCSCC3)=N2)s1,-6.6,1.7030622422153456,14_924
Cc1ccccc1C(NC(=O)CC(N)C(=O)O)C(=O)O,-5.7,3.321240262195918,14_925
Cc1cc(Cn2cnc3ccccc32)ccc1C(=O)c1ccc(CN(C)CCc2ccccc2)cc1,-5.5,3.250014931109047,14_926
O=C1CSC(c2ccncc2)N1c1ccc2ccccc2c1[N+](=O)[O-],-7.0,3.6314161581656905,14_927
O=C(O)CC(Nc1ccc(Oc2ccc3c(c2)OCO3)cc1)c1ccccc1,-7.1,3.7031198347037533,14_928
CN1CCCC(C(=O)N2Cc3ncccc3C2=O)C1=O,-6.7,3.3046257970456168,14_929
N#Cc1ccc(C2(F)CCN(C(=O)c3ccccc3-n3nccn3)CC2)cc1,-7.0,3.746105643347275,14_930
Cc1ccc(S(=O)(=O)N2CCN(CC(=O)NCc3ccco3)CC2)cc1Cl,-6.2,3.733864161589315,14_931
O=C(CNc1ccccc1)N1N=C(c2cccs2)CC1c1cccs1,-6.6,3.770083687667443,14_932
O=C1C=CC2(C=C1)OCC(=O)N2c1nc(-c2cccc(-c3cccc(Cl)c3)c2)cs1,-7.8,3.6009944971751415,14_933
Nc1cc(-c2ccc(Cl)cc2)nn1-c1ccccc1,-6.2,3.6745454697012914,14_934
O=C(C(=O)N1CCCCC1C(=O)OCCCc1ccccc1)c1ccccc1,-6.0,3.4036449976031316,14_935
CC=C1C=CCC(c2nc3ccc(C(=O)Nc4ccc(C)c(F)c4)cn3c2CC)=C1,-7.9,3.675020069356779,14_936
O=C1CC(=NCCCNc2ccnc3cc(Cl)ccc23)C(=O)c2ccccc21,-7.1,3.7100190784675986,14_937
Cc1ccc(NC(=O)NCCN2CCOCC2)cc1C(=O)Nc1ccccc1F,-6.9,3.6838736274248793,14_938
O=C(CCCC1C=C(c2cccc(Oc3ccccc3)c2)c2c(O)cc(F)cc2O1)Nc1ccccc1F,-8.2,3.459115075798779,14_939
COc1cc(-c2ccc3c(c2)[nH]c2cc(OCCN4CCOCC4)ccc23)ccc1NC(=O)Nc1ccncc1,-6.8,3.302735318761946,14_940
Cc1cccc(NC(=O)CN2CCN(c3nnc(-c4cccc(C(F)(F)F)c4)o3)CC2)c1,-7.6,3.7660498112477256,14_941
N#Cc1cc([N+](=O)[O-])ccc1C=NN=C(N)Nc1ccccc1,-6.5,3.3682801826187587,14_942
O=C1C(=Cc2ccc(O)c(O)c2)SC(=S)N1Cc1ccccc1,-7.0,3.5435066332553555,14_943
CN[C@@H]1CCc2ccccc2[C@H]1c1ccc(-c2ccc3[nH]ccc3c2)cc1,-7.6,3.3569151945507234,14_944
O=C(c1cc(F)ccc1-n1nccn1)N1CC[C@H]1c1nc(-c2ccccc2OC(F)(F)F)no1,-7.8,3.4415838001649126,14_945
O=C1NCc2ccccc2NC1=O,-5.5,2.2058492645551597,14_946
O=C(Nc1cc(-c2cc3c([nH]2)C2(CCNCC2)CNC3=O)ccn1)c1ccccc1,-8.6,3.4879181666424244,14_947
O=C(Nc1ccc(F)cc1)NS(=O)(=O)c1ccc2c(c1)C(=O)c1cccc3ccnc-2c13,-8.5,3.6438292615688597,14_948
O=C(Nc1nc2ccccc2s1)C1c2ccccc2-c2ccccc2N1C(=O)c1ccccc1,-7.5,3.3984867228388222,14_949
Oc1ccc(-c2nc(-c3cc4ccccc4nc3N3CCOCC3)no2)cc1,-8.2,3.67960355834294,14_950
O=C1NCCC12CCN(c1c(Cl)cncc1-c1ccc(-c3ccco3)cc1)CC2,-7.3,3.6769742364049334,14_951
CC(C)(C)C[C@H]1NC(C(=O)NCCNc2ccccn2)[C@H](c2cccc(Cl)c2F)[C@]12C(=O)Nc1cc(Cl)ccc12,-6.9,3.283230337942526,14_952
C=C1CC(Oc2cccc(C(F)(F)F)c2)CCN1C(=O)CC1Nc2cc(CC(=O)O)ccc21,-7.4,3.6322952149280434,14_953
COc1ccc2[nH]cc(CCn3cc(NC(=O)c4ccc5nccc(-c6cnccc6C)c5c4)cn3)c2c1,-7.6,3.418257558125753,14_954
Oc1ccc(-c2ccc(C3=NN(c4ccccc4)C(c4ccc(Br)cc4F)C3)cc2)cc1,-7.4,3.4972962630718367,14_955
CC(=O)NC(Cc1ccc(N(CCCl)CCCl)cc1)C(=O)NC(CO)C(=O)OCc1ccccc1,-5.6,3.3278336519668583,14_956
CO/N=C1/[C@@H]2CCC[C@@H]1[C@H](c1ccccc1F)N[C@@H]2c1ccccc1,-7.6,3.5404405972330464,14_957
O=C(NCCc1nc2ccccc2n1Cc1cccc2cccnc12)C1CC1,-7.2,3.697955973212239,14_958
O=C(Nc1cncc(-c2cccc(NC(=O)c3ccccc3Cl)c2)c1)c1cc2ccccc2[nH]1,-7.5,3.401506469039478,14_959
CC[C@@]1(O)C(=O)OCc2c1cc1n(c2=O)Cc2c-1nc1ccccc1c2CN1CCN(S(=O)(=O)c2ccc(F)c(F)c2)CC1,-7.3,3.1461473698394897,14_960
O=CC1=CC(N2CCNCC2)=NN2CCCN(C=N1)C2,-5.4,0.8687919673077236,14_961
O=C(CCc1ccc(NC(=O)c2ccco2)cc1)Nc1ccc(F)cc1,-6.7,3.7241741401384783,14_962
O=C(CNc1ccnc2cc(S(=O)(=O)N3CCCC3)ccc12)NCc1ccccn1,-6.8,3.6708013409678326,14_963
COc1ccc(Cl)cc1NC(=O)N1CCN(c2ccnc(N(C)C)n2)CC1,-7.1,3.7558542193290343,14_964
O=C(O)C1CCCN(CC2CCC(c3ccc(Cl)c(C(F)(F)F)c3)O2)C1,-6.6,3.56743714466624,14_965
CC1=Nc2nc(SCC(=O)Nc3cccc(F)c3)nn2C(c2ccccc2)C1C(=O)Nc1ccccc1,-8.1,3.4762487281867394,14_966
Cc1nc(N)nc2c1cc(-c1cn[nH]c1)c(=O)n2C1CCOCC1,-7.5,3.614626664238777,14_967
CCN=C(Nc1ccccc1)c1cc(-c2ccc(Cl)cc2)ncc1Cc1ccccc1C,-8.3,3.3810056114622666,14_968
NC(=O)n1cc(NC(=O)N2C(C(=O)Nc3cccc(Cl)c3)CC3CC32)c2ccccc21,-8.0,3.5311682759970116,14_969
O=C(Cn1cc(-c2c(-c3ccccc3)oc3cc(O)c(C(=O)O)cc23)nn1)Nc1ccccc1,-8.0,3.3813943436159155,14_970
Cc1cccc(Nc2ncc(F)c(Nc3cccc(C)c3C)n2)c1,-8.0,3.721277030917962,14_971
CC(C)(c1ccc(O)cc1)c1ccc(C(C)(C)c2ccc(OC(=O)c3cccc(Cl)c3)cc2)cc1,-6.8,3.340468145524226,14_972
CCN(CC)c1c2c(cc3c1-c1cc4c(cc1CC3)OCO4)-c1ccc(F)cc1OC2,-7.6,3.414965888350397,14_973
COc1ccc(-c2nnc(-c3ccc(Nc4ccccc4)cc3)o2)cc1,-6.5,3.6999220476924073,14_974
CN(C1CCN(Cc2nc(-c3ccco3)no2)CC1)[C@@H]1Cc2ccccc21,-6.7,3.625776736123717,14_975
Cc1ccc(C(C(=O)Nc2ccc(-c3ccccc3)cc2)c2nc3ccccc3[nH]2)cc1,-8.0,3.389974636671309,14_976
COc1cc(Cc2cnc(N)nc2N)cc(OC)c1Br,-6.1,3.6718342500959653,14_977
C[C@]12CC[C@@H]3c4ccc(OS(N)(=O)=O)cc4CC[C@H]3[C@@H]1CC(=O)N(c1ccccc1)C2=O,-7.2,3.4997240514555763,14_978
COc1ccc(-n2cc(C(=O)NCCCCN3CCN(c4cccc(Cl)c4Cl)CC3)nn2)cc1,-6.1,3.576863419393947,14_979
O=C(O)c1cccc(-n2nc(C(F)(F)F)cc2-c2ccc(OC(F)(F)F)cc2)c1,-7.5,3.659523163088074,14_980
O=C(Nc1ccc(Cc2ccc(-c3cn(S(=O)(=O)C4=CC=CC4)c4ccccc34)cc2)cc1)c1ccco1,-7.5,3.4224241669933972,14_981
COc1cc2c(cc1OC)C(=O)N(C1CCCN(Cc3ccc4ccc(F)cc4c3)C1)CC2,-7.3,3.5898042223028996,14_982
COc1ccccc1C(=O)C=Cc1cc2c(Nc3cccc(F)c3)ncnc2cn1,-7.7,3.591328312072179,14_983
COc1cc(-c2ccc3c(c2)C=CS(=O)(=O)O3)ccc1-c1c(-c2ccccc2)ncn1Cc1ccccc1,-7.7,3.3339211971020126,14_984
CN(C(=O)CN1C(=O)NC2(CCCC2)C1=O)C1CCS(=O)(=O)C1,-6.0,1.9576469796503235,14_985
COC1=Nc2ccccc2C(c2ccccc2)=NC1NC(=O)C(C)=C1C=CC(C)C1,-8.2,2.6287800646292427,14_986
Cc1ccc(NC(=O)COC(=O)c2ccccc2Cc2ccccc2)cc1S(=O)(=O)N1CCOCC1,-7.3,3.6077623617968424,14_987
O=C(Nc1cn2cc(-c3ccc(F)cc3OC(F)(F)F)ccc2n1)N1Cc2ccccc2C1,-7.6,3.5917766446424277,14_988
COc1ccc(F)cc1-c1cccc(-c2nc3ccccn3c2NC(C)(C)C)c1,-7.2,3.6521146902214268,14_989
CN1C[C@H](c2ccc3c(c2)OCO3)C=C2c3cccc4[nH]cc(c34)C[C@H]21,-7.7,3.447237110277414,14_991
CCOCCCOc1cc2ncnc(N=Cc3ccc(Cl)c(Cl)c3)c2cc1NS(=O)(=O)C1=CC(=COC)C1,-6.7,3.2254952550546374,14_992
CCC(=CCC=NC(=O)c1cccc(C(=O)O)c1)Cc1cc2nc3ccccc3nc2cc1C#N,-7.5,3.41612802359192,14_993
COc1ccc(C2=C(c3ccc4ccccc4c3)C(=O)N(c3ccccc3)C2)cc1,-7.6,3.4304778187585185,14_994
O=C(CSc1nnc(-c2ccncc2)o1)N/N=C/c1ccccc1OC(=O)c1ccccc1OCc1ccccc1,-7.2,2.7576315117870958,14_995
Cc1ccc(NC(=O)c2cc(N3C(=O)c4ccc(C(=O)O)cc4C3=O)ccc2N2CCCC2)cc1,-7.8,3.5324650540697933,14_996
CNc1nc2cc(F)ccc2cc1C(=N)C(C#N)c1c(O)n(C)c2ccccc12,-7.6,3.5516189728253424,14_997
O=C(NCCC1CN=C(c2ccccc2)c2ccccc2N1)c1ccccc1,-8.0,2.6943574625369306,14_998
O=C(Nc1ccccc1F)c1cc(NCc2cc(O)ccc2O)ccc1O,-7.7,3.4296401861524295,14_999
O=C(O)c1ccc(-c2ccc(NC(=O)c3cccc4cccc(F)c34)cc2)cc1,-7.5,3.577986860859575,14_1000
O=C(CCCn1c(=O)[nH]c2cc3c(cc2c1=O)OCO3)NCc1ccccc1Cl,-6.7,3.685821969897251,14_1001
COc1ccc(-c2cc(C(C)(C)C)nc(NC(=O)Nc3ccccc3OC)n2)cc1,-7.7,3.7327238390035404,14_1002
CCCC(C(N)=O)C(CC(C)C)C(=O)NC1CCCCN(Cc2cccc(-c3cccc(OC)c3)c2)C1=O,-6.9,2.5202036079641763,14_1003
O=C(/C=C/c1ccc(Cl)cc1)N1CCN(c2nnc(-c3ccccc3)c(-c3ccccc3)n2)CC1,-6.6,3.545408879323788,14_1004
N#CN1CCOC(C(=O)Nc2cc(-c3ccccc3C(F)(F)F)ccn2)C1,-6.7,3.718461416392348,14_1005
O=S(=O)(CC#CCOC1CCCC1)c1ccc(Oc2ccccc2)cc1,-5.8,3.6625909454463006,14_1006
O=C(Nc1nc2ccccc2s1)c1ccccc1CN(F)c1ccc(-c2ccnc(Oc3ccccc3)c2)cc1C(F)F,-7.7,3.158394402567256,14_1007
CC1=NC(=O)NC(c2ccccc2Cl)C1C(=O)Nc1ccccc1Cl,-6.7,3.678305859222278,14_1008
O=C(O)C1CCCN(CCO/N=C/c2ncccc2-c2cccc(Cl)c2)C1,-6.9,3.5703287753311166,14_1009
CC=C(C(=O)NCC(O)CN1CCN(c2cccc(Cl)c2Cl)CC1)c1ccccc1NC(=O)c1ccc(Cl)cc1,-7.3,3.3987020559373287,14_1010
O=C(Nc1ccccc1N1CCOCC1)c1ccc(CN2CCc3ccccc3C2)cc1,-6.9,3.6356408499821162,14_1011
COc1ccc(-c2ccc3c(N4CCOC[C@@H]4C)nc(NC4CCCO4)nc3n2)cc1CO,-8.2,3.5074607817794403,14_1012
NS(=O)(=O)c1ccc(Oc2nnc(-c3ccc(-c4ccccc4-c4nn[nH]n4)cc3)o2)cc1,-7.3,3.3113655725472335,14_1013
CCc1cc(C(=O)NCC(=O)Nc2ccc3c(c2)oc2ccccc23)nn1C1=CC=C(OC)C1,-6.9,3.590027258927693,14_1014
COc1cc(Nc2nccc(-c3ccc(N4CCOCC4)c(C#N)c3)n2)cc(OC)c1OC,-6.0,3.6205109763890633,14_1015
Cc1ccc(S(=O)(=O)N2CC(=O)N(Cc3cccc(C)c3)C(Cc3ccccc3)C2)cc1,-7.4,3.681771882892381,14_1016
Cc1cc(Br)nn1-c1ccc(C(=O)Nc2ccc(F)cc2Cl)cc1,-7.4,3.7027269486212804,14_1017
Cc1ccc(S(=O)(=O)Nc2ccc(-c3cccc(CN)c3)cc2C)cc1,-7.5,3.7181658672147133,14_1018
O=C(Nc1ccc(Cl)cc1)Nc1cccc(C(O)=NO)c1,-6.7,3.2633112754004996,14_1019
COc1ccc(-c2coc3ccc(O)cc3c2=O)cc1OC,-6.6,3.7644624160396463,14_1020
O=C(NNS(=O)(=O)c1ccccc1F)c1ccc(N2CCCCS2(=O)=O)cc1,-7.2,3.584332280378305,14_1021
N#CC(=Cc1ccc[nH]1)c1ccccc1,-5.4,3.3614436268076466,14_1022
O=C(NCc1nnc2ccc(-c3ccccc3F)nn12)c1ccc(F)cc1,-7.8,3.712161482504702,14_1023
Cc1cccc(NCC(O)c2cccc(NC(=O)NC3CC3)c2)n1,-6.8,3.6129385299400765,14_1024
N#Cc1cc(S(=O)(=O)Nc2ncns2)ccc1Oc1ccc(OC(F)(F)F)cc1-c1ccncn1,-7.2,3.334434112388646,14_1025
C=CC=CC=O,-2.8,1.4105863282757793,14_1026
CC(=O)N1CCCC(=O)N2CC[C@](c3ccc(C(OCc4ccccc4)(C(F)(F)F)C(F)(F)F)cc3)(S(=O)(=O)c3ccc(F)cc3)C2CC1,-7.4,1.0344139281556246,14_1027
COc1cc(-c2nnn(CC(=O)Nc3nc(-c4ccc(Cl)cc4)cs3)n2)cc(OC)c1OC,-7.0,3.437922283868847,14_1028
Cc1ccc(-c2nc3ccccc3n2Cc2ccccc2-c2nc3ccccc3[nH]2)cc1,-7.4,3.4515182267585987,14_1029
COCCNC(=O)NC(=O)COC(=O)c1cccc(NC(=O)c2cccc(S(=O)(=O)N3c4ccccc4CC3C)c2)c1,-6.5,3.173147319309444,14_1030
COC=CC=C(C)c1cc(NC(=O)c2ccc(-c3ccccc3[N+](=O)[O-])cc2)[nH]n1,-6.4,3.389352699984984,14_1031
Cc1ccc(C2(C3=CC=CCC3)NC(=O)N(CC(=O)Nc3ccc(C)cc3C)C2=O)cc1,-7.5,3.562462060140258,14_1032
NNC(=O)C1C2C=CC(C2)C1C(=O)Nc1ccccc1Cl,-6.4,3.1645308537228036,14_1033
O=C(O)c1ccn(-c2ccccc2Nc2ccnc3cc(Cl)ccc23)n1,-7.0,3.699774980859964,14_1034
COc1ccc2c(NC(=O)c3cccc(C)c3)[nH]nc2c1,-6.8,3.7022665788851477,14_1035
CC1OCCC1c1nc(-c2ccc(Oc3ccc(-n4cccc4)cc3)cc2)no1,-7.0,3.6312216393167844,14_1036
CCC1=Cc2cc(-c3cc(F)c(F)c(F)c3)ccc2C(=C2CC3CCC(C2)N3c2ccccc2)C2=CC=Cc3c(cccc31)NCCNCC2,-10.1,0.775790585828954,14_1037
Cc1noc(C)c1CNC(=S)Nc1cccc(C(F)(F)F)c1,-5.6,3.6262361888277557,14_1038
CC1=CC=COCC12C=CC=C(C(=O)N1CCC(NC(=O)Nc3ccc(C)cc3)C(=O)O1)C=C2C,-8.1,2.4433385136452728,14_1039
C=CC(CC=CS(N)(=O)=O)=NC=Nc1cnc(Cl)cc1Nc1ccccc1,-7.0,3.4929152929828264,14_1040
CC(C)c1cccccc(Oc2ccccc2OCCn2ccc(=O)[nH]c2=O)ccc1,-7.2,1.6008327562860307,14_1041
C/C=C/C(=O)OCC(=O)Nc1cccc(-n2c(O)ccc2O)c1,-6.3,3.5311090450220552,14_1042
O=C(Nc1ccc(F)c(-c2nc3cc(-c4ccccn4)cnc3[nH]2)c1)Nc1ccccc1F,-8.1,3.4663711020806307,14_1043
Clc1ccc(Cn2nnc(-c3ccccc3)c2-c2ccc(OCc3ccccc3)cc2)cc1,-7.4,3.3999183318316715,14_1044
O=C(Nc1ccc(Cl)cc1)Nc1ccc(-c2nc(N3CCOCC3)c3cccnc3n2)cc1,-7.5,3.6359808701426695,14_1045
O=C(O)[CH]C1Nc2ccc(O)cc2C(c2ccc(F)cc2)c2[nH]c3cc(I)ccc3c21,-7.6,2.330815169165702,14_1046
O=C(NC1(CO)CCCCC1)C(=O)N1CCCN(Cc2ccccc2)CCOCC1,-6.4,1.3187481687739262,14_1047
CN(c1ccccc1)c1ccccc1Nc1nc(Nc2ncccn2)ncc1C(F)(F)F,-8.7,3.5771079479258203,14_1048
O=C(C1=CCN2C=C(c3cccnc3Cl)C=CC2=N1)N1CCOCC1,-6.9,3.381897324275521,14_1049
C=CC(C)(C)c1cc(C=C[C@@]2(C)C=C3COC(=O)C3CC[C]2C)ccc1O,-7.4,2.4178915143871107,14_1050
O=C(NCCCc1ccccc1)[C@@]12CCCN1[C@@H](c1ccc(C(F)(F)F)cc1)COC2=O,-6.4,3.5164198349089952,14_1051
O=C1N=c2ccccc2=C1c1[nH]c2ccccc2c1NOCCC1CO1,-6.8,3.4544913651390146,14_1052
N#Cc1cccc(Cn2cncc2CNC2CCN(c3ccccc3)C2=O)c1,-6.8,3.7671082302535748,14_1053
Fc1ccc(-c2nc(C3CCNCC3)sc2-c2ccnc(Nc3ccccc3F)n2)cc1,-8.4,3.6354549511922896,14_1054
COc1ccc2cc(-c3cccc(C#N)c3)ccc2c1CNCCN1CCOCC1,-6.1,3.6870680026335636,14_1055
COc1cc(/C=C/C(=O)c2ccccc2)ccc1Oc1nc2c(c(=O)n(C)c(=O)n2C)n1C,-8.1,3.4323153485282036,14_1056
COc1ccc(C(=O)NNC(=O)c2cccc(NS(=O)(=O)c3cccc4cccnc34)c2)cc1,-7.9,3.4418051787709985,14_1057
Cc1ccccc1OCC(=O)Nc1cccc(OCc2coc3cccc(C)c23)c1,-7.0,3.639194280600284,14_1058
Cc1ccc(NCC(O)CN2CCN(CCN3C(=O)c4cccc5cccc(c45)C3=O)CC2)cc1,-6.8,3.5124109000808375,14_1059
CN(Cc1nc2ccccc2n1Cc1ccccc1F)S(=O)(=O)Cc1ccccc1,-7.2,3.651175101751692,14_1060
O=C(NC1CCCCC1)NC1CCN(C(=O)c2cc3ccc(O)cc3n2-c2nc3ccccc3o2)CC1,-9.0,3.4182912609273037,14_1061
CCc1cc2ccccc2nc1-c1ccc2c(c1)c(-c1cccc(C(=N)N)c1)nn2Cc1ccccc1,-9.1,3.301926230274711,14_1062
CCCOc1cccc(-c2cc(C#N)ccc2COC(c2ccc(C#N)cc2)c2cncn2C)c1,-6.9,3.5084763646382475,14_1063
O=C(Cn1c(=O)c(-c2ccccc2)nc2ccccc21)/N=C/c1ccc(OCc2ccccc2C(F)(F)F)cc1,-7.2,3.3179301723837717,14_1064
O=C(c1cccs1)N1CCN(c2cccc(Cl)c2)CC1,-6.0,3.620958151060921,14_1065
Cc1cccc(NC(=O)c2oc3ccccc3c2N(C=O)Cc2ccc(C(F)(F)F)cc2)c1,-7.8,3.5844995702085063,14_1066
CCc1[nH]c(Nc2ccc(Nc3ccnc4cc(Cl)ccc34)nc2)nc1Nc1ccc(NC(=O)C=S)cc1,-7.5,2.9555123480875287,14_1067
O=CC=CN=CC=CC1=C(OCCOc2ccccc2N=C(NCCN2CCOCC2)Nc2ccccc2)C1,-6.2,2.9610100581688537,14_1068
Cc1cc(-c2nc(-c3ccc(F)c(Cl)c3)c3n2C[C@@H](CF)OCC3)ccc1C#N,-7.9,2.742783072146996,14_1069
COc1cccc(C(=O)NC(=S)Nc2cccc(-c3ccc4ccccc4n3)c2)c1,-7.7,3.605746743769719,14_1070
N#CC=CC=CC=C1C=NCNC(=O)CC([C@@H]2O[C@H](CO)[C@@H](O)[C@H](O)[C@H]2O)=C1,-7.2,0.6961103560499309,14_1071
O=C(Nc1ccc(-c2ccc(C(=O)N3CCC(F)(F)CC3)cc2)cc1)Nc1ccc(C(F)(F)F)cc1-c1cccc(C(F)(F)F)c1,-5.7,3.166813385507192,14_1072
O=C(O)c1ccccc1-c1ccccc1C(=O)N1c2ccccc2Sc2ccccc21,-7.6,3.586022093873339,14_1073
COc1ccccc1C=C1C(=O)N(CCc2ccccc2Cl)N=C(c2ccccc2)N1C,-8.0,3.6103314966537523,14_1075
C=CCn1c(COc2cccc(C)c2)nnc1SCC(=O)Nc1ccc2c(c1)oc1ccccc12,-6.5,3.33240501453818,14_1076
O=C(/C=C/c1cc(-c2ccccc2)c(-c2cc3cc(OCCF)ccc3o2)s1)Nc1nc2ccc(C(F)(F)F)cc2s1,-4.0,3.093969436994012,14_1077
N#Cc1ccc(Nc2nc(-c3ccccc3)nc3ccccc23)cc1,-8.0,3.6843155449200466,14_1078
COc1ccc2c(c1)nc(C(F)F)n2-c1nc(N2CCOCC2)nc(N2CCN(S(C)(=O)=O)CC2)n1,-7.1,3.260639515723854,14_1079
Nc1ncc(-c2ccccc2C(F)(F)F)nc1C(=O)Nc1ncccc1N1CCC2(C=NC=C3C=CCC=C32)CC1,-8.9,3.33178375994016,14_1080
O=C1OCC(c2cccc(NC3CCOCC3)c2)N1c1ccc(-c2cccc(-c3nc4c(F)cccc4[nH]3)c2)c(F)c1,-8.2,3.2614717172066867,14_1081
O=Cc1c2cccc1OC=CC=CC(OCCn1cc(Cn3c4ccccc4c4ccccc43)nn1)=C2,-7.1,1.209653016412485,14_1082
O=CN1CCC[CH]N2C=CC(C1)N=C2,-4.7,0.843520886921552,14_1083
Oc1cc(N2CCN(C(c3ccccc3)c3ccc(Cl)cc3)CC2)c2ccccc2c1,-7.7,3.53722672225857,14_1084
O=C(O)c1cccc(-n2c(/C=C/c3cccc4ccccc34)nc3ccccc32)c1,-8.3,3.521210821359058,14_1085
COc1ccc2sc(C(=O)NCc3ccccc3Cn3cc(Cl)ccc3=O)cc2c1,-6.5,3.6979061734420746,14_1086
C[C@@H]1CCCCO[C@@H](CN(C)Cc2cccc3ccccc23)[C@@H](C)CN([C@H](C)CO)C(=O)c2cc(NC(=O)CCC(F)(F)F)ccc2O1,-6.9,1.885988262134572,14_1087
O=C(Nc1nnc(CCSCCc2nnc(NC(=O)C(O)c3ccccc3)s2)s1)c1ccccc1,-6.5,3.1777026961063775,14_1088
O=C(NCc1ccccc1)c1c[nH]c2cc(Cl)ccc2c1=O,-7.1,3.6614127656345703,14_1089
Oc1ccccc1CN(CCBr)Cc1ccccc1,-5.6,3.5505304320329376,14_1090
Cc1cc2c(c(=O)o1)C=C1CC[C@H](C(C)Cn3cnc4c(C)cccc43)C[C@@H]1O2,-7.1,3.6039338257419464,14_1091
O=C(NCc1ccc(Cl)cc1)c1cc2cc(O)cnc2n1-c1ccccc1,-7.2,3.6835443886809056,14_1092
CC(=O)N(C)C1CCCn2c1nc(C(=O)NCc1ccc(F)cc1)c(O)c2=O,-7.1,3.686110680845987,14_1093
C[C@@H]1C2[C](Cc3ccccc3N3C(=O)N(c4c(Cl)cccc4Cl)C(=O)[C@@]13C)N=C(C1CC1)N2O,-8.1,1.5035827345285941,14_1094
ON=C(O)/C=C/c1cc(-c2ccoc2)cc(-c2ccco2)n1,-6.9,3.4552609842772473,14_1095
CC=C1C(=O)Oc2c1ccc(O)c2CNc1cnc2ccccc2n1,-7.1,3.5626578020150035,14_1096
O=C(COc1ccc(F)cc1)N=CC=CCCc1c[nH]c2ncnc(NCC(c3ccccc3)c3ccccc3)c12,-6.8,3.2160843339411223,14_1097
O=C(Nc1ccc(-c2nc3ccccc3nc2-c2ccc(F)cc2)cc1)c1ccccc1-c1ccccc1,-8.1,3.358258741274603,14_1098
COC(=O)c1cn(C(=O)C=Cc2ccccc2)c2ccccc12,-6.7,3.5849314393467218,14_1099
Cc1cccc(-n2cc(CNC(=O)c3ccc(-c4cccc(C(F)(F)F)c4)o3)nn2)c1,-7.7,3.6963612543985533,14_1100
Cc1cccc(NC(=O)Nc2cccc(Cl)c2C)c1C(=O)Nc1ccc(Oc2ccccc2)cc1,-7.9,3.4205290349599977,14_1101
Cc1nnc(-n2nc(C)c3c2=NC(=O)C2C=c4c(ccc(C)c4=3)OC2(C)C)o1,-7.7,1.654239541151889,14_1102
COC=C1C=NC=CC(Oc2ccc(N=C(Cc3ccccc3)NS(=O)(=O)c3ccc4ccccc4c3)cc2)=CC=C1OC,-8.8,0.9762680583764283,14_1103
O=Cc1nn(-c2ccc(Cl)c(Cl)c2)c2ccccc12,-7.3,3.560464000555741,14_1104
O=C(CCc1ccccc1)Oc1c(Br)cc(Br)cc1CN1CCCCC1,-6.3,3.4916583971061437,14_1105
CSCCC(NC(=O)c1ccccc1)C(=O)N1CCN(C(=O)c2ccco2)C[C@]12C(=O)Nc1ccccc12,-6.3,3.5003866683278315,14_1106
O=C(CSc1nc2cc(Cl)ccc2[nH]1)OCC(=O)c1ccc2ccccc2c1,-6.8,3.51945940489384,14_1107
COc1cc(N2CCCN(C)CC2)ccc1Nc1ncc(Cl)c(Nc2cccc(C(F)(F)F)c2)n1,-8.0,2.6356302958145927,14_1108
Cc1ccc(CN2CCCN(c3ccccc3-c3cccc(C(=O)NCCN4CCOCC4)c3)CC2)cc1,-7.1,2.571362573804513,14_1109
c1ccc(-c2noc(-c3c[nH]c4cc5c(cc34)OCCO5)n2)cc1,-7.7,3.7038665628965832,14_1110
CCCCCCCCCCC/C=C\C(=O)Nc1ccccc1,-4.7,3.114852509550926,14_1111
O=S(=O)(C1CC1)N1CCC2(CCCN(c3ncc(F)cn3)C2)C1,-6.5,3.327817250633383,14_1112
C=Cc1ccccc1P(=O)(Oc1cccc(NC(=O)c2cccs2)c1)C1=CC=CN(C)C1,-6.8,3.6209479135580187,14_1113
O=C1C(=Cc2cccc(-c3ccc4c(c3)OCO4)c2)C(=O)N(c2ccccc2)N=CN1c1ccccc1,-9.5,2.329239481670363,14_1114
O=C(NNc1ccccc1C(=O)O)c1cccc(S(=O)(=O)Nc2ccccc2S(=O)(=O)c2ccccc2)c1,-6.8,3.1998478107716037,14_1115
COc1ccccc1N1CCN(C(=O)c2ccc(C)c(S(N)(=O)=O)c2)CC1,-6.7,3.748803236502214,14_1116
O=C1c2ccccc2C(=O)c2c(N=NNCc3cccc4ccccc34)cccc21,-5.9,3.564448467482902,14_1117
O=C(C=Cc1cccs1)N1c2ccccc2CCc2ccccc21,-7.2,2.466128049004889,14_1118
Cc1cccc(NC(=O)C=CC(=C2C=CC(Cl)=CC2=N)c2ccccc2)c1,-7.5,3.530757756834106,14_1119
O=C(N[C@@H]1C[C@H]2CC[C@@H](C1)N2Cc1ccc2cc(F)ccc2c1)c1ccccc1C(=O)N1CCCC1,-7.7,3.451083340074147,14_1120
CCOC(=O)c1c(-c2cccc(F)c2)[nH]c2cccc(OC)c2c1=O,-6.9,3.774011805226283,14_1121
O=C(Nc1nncs1)c1cccc(-c2nnc3ccc(-c4cccc(NS(=O)(=O)C5CC5)c4)cn23)c1,-8.8,3.317421733777238,14_1122
O=C(NCc1ccc(C(F)(F)F)c(F)c1)Nc1ncccc1OCc1ccccc1,-8.1,3.6422453927748997,14_1123
C=CCN(C(=O)NCc1ccc(C(=N)N)cc1)c1ccc(NC(=O)Nc2ccc(C(F)(F)F)cc2)cc1,-6.9,3.1229518343230636,14_1124
O=C(c1ccc(F)cc1)N1CCN(C(=O)c2ccc3c(c2)OCO3)CC1,-7.4,3.626266947058256,14_1125
CC(CO)CC(c1ccc(F)cc1)N1CCNCC1,-5.8,3.5046941201580193,14_1126
O=Cc1ccccc1N=C(Nc1ccc(F)cc1)c1ccccc1NCc1ccccc1F,-8.0,3.2566217247989178,14_1127
O=C(c1ccc(-c2ccccc2)cc1)N1CCN(c2ccnc3cc(Cl)ccc23)CC1,-7.8,3.5554504557846873,14_1128
O=c1[nH]nc(-c2ccc3c(c2)OCCO3)cc1-c1cccc(NCc2cccc(C(F)(F)F)c2Br)c1,-7.6,3.5263355413676134,14_1129
Fc1ccc(CNc2ncnc3c2cnn3C2=CC=CCC2)cc1,-7.1,3.799391584272411,14_1130
COc1cc2c(cc1OC)[C@H]1[C@H]3C(=CC[C@H]1O[C@@H]2OC)CN[C@H]3Cc1ccccc1,-6.9,3.481943908632807,14_1131
CCOc1ccc(CN2CC(C(=O)Nc3ccc(F)c(Cl)c3)CCc3ccccc32)cc1,-7.5,2.6833261369631707,14_1132
COc1ccc2nc(-c3cccc(C(F)(F)F)c3)n(Cc3ccc(F)cc3)c(=O)c2c1,-8.0,3.5707365961359456,14_1133
O=C(c1ccc(S(=O)(=O)c2c(Cl)cccc2Cl)cc1)c1ccccc1-n1cnnn1,-7.5,3.5696345378363663,14_1134
Cc1cc(CNc2nc(NCC(C)C)nc3ccccc23)[nH]n1,-7.4,3.6616447734475424,14_1135
O=C(CCCc1cn[nH]c1)N(Cc1ccc2c(c1)OCO2)Cc1cc2ccccc2nc1Oc1ccc(F)cc1,-7.1,3.356453158467282,14_1136
ON=C(O)c1ccc(NC(=S)Nc2cccc(-c3nnc(-c4ccccc4)o3)c2)cc1,-6.8,3.0437614408292695,14_1137
CNC(=O)N1C=CC2=CC(Oc3ncnc4sccc34)(c3ccc(OC)cc3)C=CC2=C1,-7.8,3.676017937268524,14_1138
CCc1cccc(CC)c1NC(=O)C1=C(C)N=C(C)C(C(=O)Nc2cc(C)ccc2OC)C1c1cccc([N+](=O)[O-])c1,-7.2,3.325270980557261,14_1139
CC=c1c(Br)cn2c(Cc3ccsc3)c(-c3ccc(F)cc3[O-])nc12,-7.1,3.671591987508515,14_1140
COc1ccccc1-c1cccc2c1Cc1c(-c3ccc(-c4ccc(C(=O)O)cc4)cc3)n[nH]c1-2,-7.3,3.4017723083161995,14_1141
NC1CN(S(=O)(=O)c2cccc3nsnc23)CCC1CCC(=O)c1cc(F)ccc1F,-7.5,3.6010094515068736,14_1142
Cc1cc(N2CCc3ccccc3C2)n2ncnc2n1,-7.1,3.6238870731066912,14_1143
C1=CC(c2nnc(Nc3cc(C4CC4)[nH]n3)c3ccccc23)=CCC1,-7.4,3.659740530523801,14_1144
CS(=O)(=O)OC=c1ccccc1=C(CN1CCOCC1)c1cc2ccc(Oc3ccc(F)cc3)cc2o1,-7.0,3.5178841987167035,14_1145
Cc1ccc(-c2cn3nc(N4CCCC(C(=O)Nc5ccccc5C(N)=O)C4)sc3n2)cc1,-8.1,3.6091871579367822,14_1146
COC1=CC2(Oc3ccc(N=C(Nc4ccc5c(ccn5C)c4)c4ccc(F)cc4)cc3C)C=CN=CC=C1OC2,-8.7,0.9991940860784636,14_1147
COc1cccc(CNc2nc(CCc3ccccc3)nc3sc4c(c23)CCC4)c1,-7.8,3.60498298067536,14_1148
COc1ccc(-c2csc(-c3cccc(NC(=O)c4ccc(-c5ccc([N+](=O)[O-])cc5)o4)c3)n2)cc1,-7.0,3.223884010052,14_1149
COc1cccc(-c2cn(-c3cc(C(=O)O)cc(-c4ccc5c(c4)OCO5)c3C#N)nn2)c1,-7.7,3.5847936931037463,14_1150
NC(=O)c1cccc2c(NCc3cccc(NC(=O)c4cccc(C(F)(F)F)c4)c3)ncnc12,-7.6,3.523840761887845,14_1151
O=C(Cc1ccc(-c2ccc(F)cc2)cc1)Nc1nccs1,-7.2,3.736747619952814,14_1152
O=C1CC(c2cccc(C(F)(F)F)c2)c2c(c3ccccc3oc2=O)O1,-7.7,3.5704750638005462,14_1153
CCCOc1ccc(-c2nc(=O)c(C(=O)O)c[nH]2)cc1CNC(=O)c1ccc(-c2ccccc2)cc1,-6.9,3.4508919233758855,14_1154
Cc1ccccc1CNC(=O)c1sc(N)c(C(=O)c2ccc(Cl)cc2)c1C,-6.9,3.691733082730886,14_1155
Cn1nnnc1Sc1ncnc2scc(-c3cccc(F)c3)c12,-6.0,3.501112361724455,14_1156
Cc1ccc(-c2noc(-c3cccn3CC(=O)Nc3nccs3)n2)cc1,-7.1,3.688107402425058,14_1157
O=C(NNS(=O)(=O)c1ccccc1[N+](=O)[O-])c1c[nH]c2ccccc12,-7.0,3.429566987055371,14_1158
O=C1NC[C@H]2CS[C@](Cc3ccccc3Cl)(C(=O)O)C(=O)N2CC2COCCN12,-6.5,1.442834378308147,14_1159
N#CC1=C(c2ccccc2)C(c2ccco2)N2C=Nc3nn(CCc4ccccc4)cc3C12,-6.8,3.5199186541773457,14_1160
COc1ccc2ncc(-c3cccc([N+](=O)[O-])c3)c(-c3ccccc3)c2c1,-6.3,3.527087907771406,14_1161
O=C(NC1CCCCCCC1)c1cccc(-c2ccccc2-c2cc(Cl)ccc2OCc2ccco2)c1,-7.3,1.5371188252803147,14_1162
COc1ccc(C(C)NCc2ccc(C)cc2)cc1Nc1ncc(Cl)c(Nc2ccccc2S(=O)(=O)C(C)C)n1,-8.1,3.2312346767728997,14_1163
Cc1c(-c2ccc3ncc(C(N)=O)c(Nc4ccccc4C(F)(F)F)c3c2)c2ccncc2n1C(C)C,-6.9,3.448969036093551,14_1164
COC=C1C=CC(=Nc2nc3c(c(Oc4ccc5c(c4)CC(C)(CCO)C5)n2)CCC3)C1,-7.6,3.4695161247510997,14_1165
O=C(NC12CC3CC(CC(C3)C1)C2)c1ccc(-n2c(-c3ccc(O)cc3)c(Cl)c3cc(Cl)ccc32)cc1,-7.4,3.1426927833242653,14_1166
Nc1ccc(-c2cc(F)cc3ccccc23)cc1C(=O)N1CCN(C(=O)c2ccccc2)C[C@H]1c1ccccc1,-9.1,3.3402603810399065,14_1167
O=C(O)CCCCCCN=CC1c2ccccc2-c2cc(C(=O)NCc3ccccc3)ccc21,-6.6,3.413079041843434,14_1168
COc1ccccc1CNc1ncnc2c1ncn2[C@@H]1O[C@H](CO)[C@@H](O)[C@H]1O,-6.7,3.227490786701882,14_1169
O=C(O)CNc1nc(-c2ccc(Cl)cc2Cl)cs1,-6.1,3.659222739845329,14_1170
O=C(O[C@@H]1[CH]Oc2c(O)cccc2C[C@H]2N(CC3CC3)CC[C][C@@]2(O)CC1)c1ccccc1,-7.9,1.3054413096434319,14_1171
COc1ccc(-c2cc3nccc(-c4cccnc4)n3n2)cc1,-7.8,3.643855133741513,14_1172
COc1cccc(NC(=O)CN2CCN(S(=O)(=O)c3ccc4c(c3)OCCO4)CC2)c1,-7.7,3.5743545720575485,14_1173
O=C(O)c1ccccc1Nc1ccc(CCCc2ccc(Cl)c(Cl)c2)cc1,-7.2,3.5659234273334026,14_1174
Oc1c(Oc2cccc3sc(-c4ccccc4)cc23)c2ccccc2n1Cc1ccccc1,-7.7,3.2893738264834607,14_1175
O=C(/C=C/c1ccc(Sc2cc3cc4c(cccc24)c[nH]c(=O)cnc3O)cc1)Nc1ccccc1N1CCOCC1,-8.2,1.0677590967292954,14_1176
CCC(O)(C#Cc1ccccc1)c1cccc(-n2ccnc2)c1,-6.5,3.6297367857797127,14_1177
Cc1c(NC(=S)N/N=C/c2ccc(F)cc2)cccc1C(=O)Nc1cccc(Cl)c1,-6.6,3.437388455032578,14_1178
Cc1ccc(Oc2ccc(-c3cc4ccc(C(=N)N)cc4[nH]3)cc2)cc1C,-7.6,3.3764637842235103,14_1179
Cc1cn([C@@H]2C[C@H](n3cc(-c4ccc5[nH]ccc5c4)nn3)[C@H](CO)O2)c(=O)[nH]c1=O,-8.1,3.429303314686004,14_1180
O=C1CCN(Cc2ccc3c(c2)OCO3)CCNc2c1cccc2C(=O)Nc1ccc2c(c1)OCO2,-7.7,1.2372695294810168,14_1181
CCOc1ccccc1Nc1nc(-c2ccccc2NC(=O)c2ccc(C)cc2)cs1,-7.6,3.5773273095553297,14_1182
Cn1cc(-c2cnc3ccc4ccc(CS(=O)(=O)NCc5ccccc5)cc4c(=O)c3c2)cn1,-6.2,2.595476512105906,14_1183
O=C(CSc1nc2ccccc2[nH]1)Nc1ccccc1,-6.6,3.662499677211879,14_1184
NS(=O)(=O)c1ccc(NC(=O)Nc2ccc(Cc3ccc(NC(=O)c4ccc(F)cc4)cc3F)cc2)cc1,-5.7,3.253814555085477,14_1185
CC=NC(=CC(=COC)NC(=O)Nc1ccccc1Oc1ccccc1)c1cccc(CO)c1,-7.2,3.348279914822278,14_1186
Cc1nccc(N2C=NC(c3ccccc3)=CC(c3ccc4[nH]ccc4c3)=N2)c1C,-9.2,2.673282470265778,14_1187
CCn1cc(C(=O)O)c(=O)c2cc(N)c(N3CCN(c4ccccc4F)CC3)cc21,-7.2,3.6749131019190187,14_1188
Nc1nc(=O)c2nc(C3Nc4ccccc4C(=O)N3C3CCCCC3)n(-c3ccccc3)c2[nH]1,-8.5,3.415192905527214,14_1189
CC(C)N(Cc1cc2ccccc2o1)c1ccccc1,-5.7,3.480736448111691,14_1190
COc1ccc(-c2ccc3ncc4c(c3n2)n(C2CCN(C(=O)CO)CC2)c(=O)n4C)cn1,-7.3,3.5243715769604425,14_1191
O=C(COC(=O)c1ccc[nH]c1=O)NCCc1ccc(Cl)cc1,-6.1,3.6617970419880574,14_1192
Cc1ccc(CNC(=O)c2ccc3ccccc3n2)cc1,-7.3,3.6264326667296607,14_1193
COc1cccc(CSc2nnc(-c3ccc(S(=O)(=O)N4CCOCC4)cc3)o2)c1,-6.5,3.575517709724651,14_1194
O=C(c1ccc2sccc2c1)N1C[C@@H]2CNC[C@@H](C2)C1,-6.1,3.531386245027644,14_1195
O=C(Nc1nc(-c2ccccc2)nc2c1nnn2Cc1ccccc1)c1cc2ccccc2cc1OCCO,-8.3,3.351325464133831,14_1196
CC1=CC=C(S(=O)(=O)Nc2ccc3ncn(Cc4cccc(C(F)(F)F)c4)c3c2C)C1,-7.9,3.731970604622239,14_1197
O=C(CNC(=O)c1cccc(C(F)(F)F)c1)NC1CN([C@H]2CC[C@@](O)(c3ccccc3)CC2)C1,-7.1,3.5523855861646068,14_1198
O=C(CCc1nc(=O)c2ccccc2[nH]1)N/N=C/c1ccc(Cl)cc1Cl,-7.0,3.6505064210591596,14_1199
C#CCOc1ccc(C(=O)OC)c(OC(C)=O)c1O,-5.3,3.4382283170775585,14_1200
Cn1c(NCc2ccc3[nH]ccc3c2)nc2ccccc21,-7.4,3.6054997670662194,14_1201
COC(=O)C=CCC(CS(=O)(=O)N1CCOCC1)=Nc1ccc(-c2nc3cc(C)ccc3[nH]2)c2ccccc12,-7.4,3.331144293001713,14_1202
O=C1CCCN1c1ccc(-c2ccnc(Nc3ccc(N4CCOCC4)cc3)n2)cc1,-7.4,3.6721161495348045,14_1203
Cn1nc(-c2ccc(Cl)cc2)c2c(-c3ccccc3)cc(-c3ccccc3)nc21,-7.8,3.388182206643168,14_1204
Cc1nc2sc(C3CCCCC3)nn2c(=O)c1CCN1CCCc2ccccc21,-6.6,3.601446846742971,14_1205
CCCCCCCCCCCCCCCC(=O)NCCc1ccc(O)cc1,-4.7,3.156364905768708,14_1206
O=CNNc1nc2ccc(Cl)cc2c2ccccc12,-6.3,3.492181446525322,14_1207
O=C(c1ccc(S(=O)(=O)N2CCCCCC2)cc1)N1CCN(c2ccccn2)CC1,-6.9,2.6765516888310064,14_1208
C=CC(=NC=CC(=CN=COC)N=C)N(C(=O)NCc1ccccc1)[C@H]1CC[C@H](Nc2ncc(C(F)(F)F)c(Cc3ccccc3CC(N)=O)n2)CC1,-6.5,2.753501102711553,14_1209
COc1cccnc1NC(=O)c1ccccc1NS(C)(=O)=O,-6.4,3.664906458847002,14_1210
CN=CN=CCC1=C(S(=O)(=O)N(Cc2ccc3c(c2)CCO3)C(C(=O)NC2CCCCC2)c2ccc(OC)cc2C)C1,-6.3,3.146608667967831,14_1211
O=C(C1CCC[C@H]1C(c1ccccc1)n1ccnc1)N1CCCCCC1,-6.5,2.5686960108691075,14_1212
OO,-2.7,1.413369041003989,14_1213
O=C(Cc1nc2ccccc2s1)N/N=C/c1ccc(OC(=O)c2ccccc2Cl)cc1,-7.0,3.373970514466241,14_1214
CSCc1c(C#N)c(-c2ccc(F)cc2)c(-c2ccccc2)n1-c1nc2ccccc2s1,-7.4,3.4218608471487313,14_1215
C[C@H](NC(=O)c1ccc(NC(=O)N2CCSc3ncccc32)cc1)c1ccccc1,-7.6,3.7340226690478238,14_1216
NOc1c2cc(-c3ccccc3F)sc2nc(=O)n1CC(=O)c1ccccc1C(F)(F)F,-8.0,3.435518674193143,14_1217
Cc1cc(Cc2nc(S)c[nH]c2=O)ccc1OCC(=O)OC1C=CN=C(n2cccn2)N=CNC=C1,-8.0,1.1231216199026024,14_1218
O=C(O)c1ccccc1-c1c[nH]c2ccc(Br)cc2c1=O,-6.5,3.6690806387657218,14_1219
O=C1C=CC(=C[N+](=O)[O-])C=CN=C(C=Cc2cccc3ccccc23)C1,-7.6,1.4319104225985488,14_1220
CN(C)c1ccc(-c2cc3ccccc3cc2-c2ccccc2)cc1,-6.6,3.169393163988236,14_1221
O=C(NCCc1cccc2nc(-c3ccc(Br)s3)cn12)c1cccc(C(F)(F)F)c1,-7.4,3.6452693724369065,14_1222
O=CC1CN(c2ccccc2C(=O)Nc2nc3ccccc3s2)CCN1,-7.1,3.6930790592712723,14_1223
COc1cc(-c2n[nH]c(=O)n2-c2cccc(-c3csc(C)n3)c2)ccc1OCc1c(Cl)cccc1Cl,-7.7,3.420535705642722,14_1224
Cc1cc(C)nc(NC(=O)CSc2nccc(C)n2)n1,-6.3,3.6089359007341986,14_1225
Cc1ccccc1-c1nc(CN2CCC(C(=O)N3CCCC3)CC2)cs1,-6.4,3.6208424635278065,14_1226
O=S1(=O)N=C(Nc2ccc3c(c2)OCCO3)c2ccccc21,-7.0,3.607755529238512,14_1227
CS(=O)(=O)Nc1cc([C@@H](O)CNC2CCN(c3ccc(Oc4ccccc4)cc3)C2)ccc1O,-6.5,3.390011765021673,14_1228
Cc1csc(NC(=O)CSc2nnc(C)n2Cc2ccccc2)n1,-6.0,3.6869374580504006,14_1229
COc1ccc(C)cc1NC(=O)[C]1CC2CCC1CC(C)[C@@H]2NC(=O)C1(c2ccc3c(c2)OC(F)(F)O3)CC1,-9.0,2.3296454659885777,14_1230
CCOc1nc(C(=O)NCc2ccc(C(=O)N3CCOCC3)cc2)c2ccccc2n1,-7.3,3.7315778810709808,14_1231
CO/N=C1/[C@H]2C[C@H]3c4[nH]c5ccccc5c4CCN3C(=O)C2C[C@H]1OC(C)=O,-7.5,3.4493495512892323,14_1232
O=C(CSc1nnc(-c2ccccc2Br)o1)N1CCN(C(=O)c2ccco2)CC1,-6.7,3.588594807877608,14_1233
CCc1ccc2c(Cl)ccnc2c1,-5.2,3.242332644642061,14_1234
O=Cc1cc2cc(Oc3ncccn3)ccc2o1,-6.4,3.6149586734038595,14_1235
CO[C@H]1O[C@H](COc2ccc(-c3ccccc3)cc2)[C@@H](O)[C@H](O)[C@H]1Oc1ccc(OC(F)(F)F)cc1,-6.9,3.615576984534972,14_1236
Cn1sc2ccccc2[nH]nc1SC#N,-5.2,2.4906591447415947,14_1237
CC1CC=CC=C1Oc1c(I)cnn(-c2ccc(C(C)C)cc2)c1=O,-6.7,3.6695426641133277,14_1238
CC(C)[C@H](C)Nc1c(C(=O)NCc2ccc(F)cc2)nc(Cl)c2cccnc12,-6.8,3.7062923046171545,14_1239
O=C(c1ccc(Oc2nc3ccccc3nc2NS(=O)(=O)c2ccc(Br)s2)cc1)c1cc2ccccc2[nH]1,-8.3,3.2508955832745574,14_1240
COC1=CC=C(C(=O)Nc2cc3[nH]c(=O)n(C)c3cc2N2CCCCC2)CC=C1,-7.0,2.71288196932365,14_1241
COc1ccc(C(=O)NC(CN2CCN(c3cccc(C)c3C)CC2)C(N)=O)c(OC)c1SC,-6.5,3.531835342636265,14_1242
O=C(Nc1cccc(-c2cccc(-c3nc4ccccc4[nH]3)c2)c1)c1cccc2ccccc12,-8.7,3.3407103331057586,14_1243
O=c1c(N2CCC(c3noc4cc(F)ccc34)CC2)cccn1-c1ccccc1,-7.5,3.6490983083945836,14_1244
O=C(O)C[C@H](NC(=O)C1CCN(C(=O)/C=C/c2cccc3ccc(Cl)cc23)CC1)c1cccc(Br)c1,-7.2,3.511065171870536,14_1245
O=C1c2cc(-c3cccc(OC(F)(F)F)c3)ccc2OCCN1Cc1cc2n(n1)CCCO2,-8.4,2.6466361693340144,14_1246
O=C(Nc1ccc(C(=O)N2CCN(c3ccc(F)cc3)CC2)cc1)c1c(F)cccc1F,-7.3,3.7461613138536545,14_1247
Cc1ccccc1[C@H](CCN1C[CH]C(NC(=O)c2c(C)ncnc2C)C1)NC(=O)CC1CCc2ccccc2C1,-7.6,3.44966706817954,14_1248
CSc1ccc(CCNC(=O)c2cc(-c3cccnc3)nc3c(Cl)cccc23)cc1,-7.1,3.618630179432581,14_1249
COC=C1C=C(c2ccc(N(C)C)nc2OC)C=C1c1cccc(C(N)=O)c1,-7.3,3.7113510695770198,14_1250
N#Cc1cccc(C(=O)Nc2cccc(NC(=O)c3cccc(N=C(N)N)c3)c2)c1,-7.6,3.4332211630261424,14_1251
O=S(=O)(Sc1cccc(Cl)c1)c1cccc2cccnc12,-6.0,3.662336542486511,14_1252
O=C(O)COc1ccc(Cc2cc([C@@H]3O[C@H](CO)[C@@H](O)[C@H](O)[C@H]3O)ccc2Cl)cc1,-6.7,3.3091735073807964,14_1253
Nc1ncnc2c1ncn2[C@@H]1O[C@H](COP(=O)(O)OP(=O)(O)OP(=O)(O)O)[C@@H](O)[C@H]1O,-6.3,2.744503559667012,14_1255
CC(CN)c1ccccc1Br,-4.0,3.314963941785649,14_1256
CCC1=CC(=NC(=O)c2cc(N3C(=O)c4ccc(C(=O)O)cc4C3=O)ccc2Nc2ccccc2C)C=C1C,-8.4,3.4188330176146504,14_1257
O=C(CSc1cc(Cl)ccc1Cl)NC1C(=O)N2C(C(=O)[O-])=C(C[n+]3ccc4ccccc4c3)CS[C@H]12,-7.4,3.380814146401331,14_1258
O=c1[nH]c2cccc(Oc3ccc(NS(=O)(=O)c4ccc(OC(F)(F)F)cc4F)cc3)c2[nH]1,-7.8,3.4385984126726274,14_1259
CCc1ccccc1NC(=O)C1CCCN(S(=O)(=O)c2ccc3c(c2)oc(=O)n3C)C1,-7.4,3.7247821695472565,14_1260
CCNC(=O)c1cccc(Nc2nccc(N3CCCc4cc(-c5cc(O)ccc5C)ccc43)n2)c1,-7.6,3.4922218580533646,14_1261
O=C(N/N=C/c1cccs1)c1c[nH]c2c(Cl)cccc2c1=O,-6.4,3.645764339204429,14_1262
CC=C1C(c2ccccc2)=CCC(=O)Nc2sc(-c3nc(-c4ccccc4)c(-c4ccccc4)n3C)cc21,-8.0,1.4773438953656282,14_1263
O=C(CCN1CCN(c2ccc([N+](=O)[O-])cc2)CC1)c1cccc(Cl)c1,-7.1,3.572810220654877,14_1264
Clc1ccc(-c2[nH]c(-c3ccc(Br)cc3)nc2-c2ccccn2)cc1,-6.9,3.5703170196453913,14_1265
Cc1cn([C@H]2C[C@H](O)[C@@H](COC(=O)c3cc4c(Cl)cccc4[nH]3)O2)c(=O)[nH]c1=O,-8.0,3.469220368043788,14_1266
CNC(=O)N1[CH][CH]NC(=O)C=C2C(c3ccccc3)=C(c3ccco3)N2C[CH]1,-7.6,1.490615201230617,14_1267
O=C(Nc1cccc(Oc2cccnc2)c1)c1ccc2ccccc2c1O,-7.5,3.668183627160686,14_1268
COc1c(C(=O)Nc2ccccc2C)cc(-c2ccc(-c3ccccc3)cc2)c2cccnc12,-7.9,3.398127379233182,14_1269
O=C(Nc1ccc(C(F)(F)F)cc1)c1ccc2ccccc2c1O,-7.1,3.651199245988113,14_1270
O=C(Cn1ncn2nc3c(c2c1=O)CCCC3)Nc1ccc2c(c1)OCCO2,-7.6,3.564126603916775,14_1271
CC1(C)CN(C(=O)/C=C/C=C/c2ccc3c(c2)OCO3)C1(C)C,-6.6,3.403108519505137,14_1272
O=[N+]([O-])c1cc(C(F)(F)F)ccc1N1CCN(Cc2ccc(Br)cc2)CC1,-7.1,3.608782871672773,14_1273
Cc1ccccc1OCCC(=O)N(Cc1ccc(Cl)cc1)C1CCS(=O)(=O)C1,-6.2,3.718530449683103,14_1274
O=C(Nc1ccc2c(c1)OCO2)C1CCN(c2nnc(-n3cccc3)s2)CC1,-8.4,3.6416443258955016,14_1275
CONC(=O)C(CSC(=O)OCc1cccc([N+](=O)[O-])c1)NC(=O)CCC(N)(O)N1CCCCC1,-5.6,2.6282797983301993,14_1276
CCn1c(-c2cccc(-c3ccccc3OC)c2)cc2ccccc21,-7.1,3.4073158611955794,14_1277
O=C(Nc1ccc(Cl)cc1)c1cccc(S(=O)(=O)N2CCN(c3ccccc3)CC2)c1,-7.9,3.758733736742556,14_1278
O=C(Nc1ccc(I)cc1)Nc1ccc(-c2cccc(-c3nc4ccccc4[nH]3)c2)cc1,-8.1,3.271339899874026,14_1279
C#CC12C=C(C#N)C(=O)C=C1c1c(Cl)cccc1CO2,-6.0,3.3431739820644,14_1280
C=CCn1c(Sc2ccc3c(c2)CCC(=O)N3)nc2ccccc2c1=O,-7.2,3.678841738469844,14_1281
C(=N/Nc1nc(-c2ccccc2)cs1)\c1ccco1,-6.3,3.630998986737481,14_1282
O=C(NCCCn1nc2ccccn2c1=O)NCC(O)c1ccccn1,-6.5,3.425982966240437,14_1283
O=C1CC[C@@H]2C1[C]1CC[C@H]3[C@H]2C[C@H]2O[C]2C2[C@@H](O)C=CC[C@]23C1,-6.7,1.9745589233874252,14_1284
Clc1ccc2cc(-c3nn(-c4ccccc4)cc3/C=C/c3ccc(C4=NCCO4)cc3)ccc2c1,-8.2,3.3643393044416765,14_1285
COc1cccc(-c2ccc3c(c2)CN(C(=O)c2ccccc2Cl)C3)c1,-7.4,3.5534186587711334,14_1286
CC(=O)Nc1ccc(NC(=O)c2cccc(CN3CCCN(Cc4cccc(O)c4)CC3)c2)cc1,-7.7,2.625320486424368,14_1287
NC(=O)N=c1c(=NC(=O)N=C(C(=O)NC=C2CCC(C(F)COCF)C2)c2ccccc2)c2ccccc12,-8.3,3.5163678698037693,14_1288
COC=C1C(CNc2nc3ccccc3cc2C(=O)NN=Cc2cccc3ccccc23)=CC(OC)=C1OC,-7.9,3.273323636653989,14_1289
Cn1c(CN2CCCC2)nnc1C1CCN(C(=O)c2ccco2)CC1,-6.9,3.6104850319827344,14_1290
O=C(Nc1ccc2nc(NC(=O)C3CCCCC3)sc2c1)c1ccc(F)cc1,-8.0,3.741291514612411,14_1291
O=C(CCc1nc(-c2ccccc2)c(-c2ccccc2)o1)N1CCN(c2ccc(F)cc2)CC1,-7.6,3.585820677115966,14_1292
CN(C)C(=O)c1ccc(-c2ccc3c(c2)-c2ccccc2C3C(=O)NCc2cccnc2)cc1,-8.1,3.6102867359029984,14_1293
Cc1ccc(NC(=O)c2ccc(NC(=O)Nc3ccc(C(F)(F)F)cc3)cc2)cc1[N+](=O)[O-],-6.8,3.4658406380142175,14_1294
CCCNc1ccc(NC(=O)c2cccc(Oc3ccccc3)c2)cc1-c1ccccc1,-6.9,3.468006822452632,14_1295
CNC(=O)c1cn(-c2ccc3c(c2)CCC3)c2nc(Nc3ccc(C(=O)NCC(C)CN(C)C)cc3)ncc2c1=O,-6.6,3.334462147759985,14_1296
O=C(Cc1nc2ccccc2n1Cc1ccc(Cl)cc1)NCCO,-5.8,3.767072510325236,14_1297
Cc1cccc(C(=O)OCC(=O)N2c3ccccc3CC2C)c1C,-6.7,3.621945713168949,14_1298
COc1cc(OC)c(C(=O)/C=C/c2ccccc2Cl)c(O)c1CN1CCCC1,-6.4,3.6560974393859214,14_1299
O=C(Nc1ccccn1)c1cc([N+](=O)[O-])ccc1Nc1ccccc1O,-7.2,3.4616853164030363,14_1300
COc1ccc(-c2ccc(-c3cccc4ccccc34)c(C#N)c2)cc1OC,-7.4,3.4919492474141913,14_1301
Nc1ncnc2c1nc1n2COC(C=O)[C@@H](O)[C@H]1O,-6.1,2.0941008488282513,14_1302
Nc1ccc(-c2cnc3cnc(-c4ccccc4Oc4ccccc4)cn23)cc1,-7.8,3.5334438004246684,14_1303
COc1ccccc1-c1[nH]nc2c1CN(c1ccc(C(=O)O)cc1)C2=O,-8.3,3.747185735049098,14_1304
CNC[C@@H](Cc1ccccc1)N1CCN(CCC23CC4CC(CC(C4)C2)C3)C(CC(C)C)C1=O,-7.2,3.0665171996104164,14_1305
C=C(c1cccc2ccccc12)c1c2ccccc2nc2ccccc12,-7.5,3.0601396277627746,14_1306
COc1cc(NC(=O)CNC(=O)N(c2cccc(C)c2)S(=O)(=O)N2C(=O)c3ccccc32)cc(OC)c1,-6.9,3.527970857590378,14_1307
O=C(Cn1cc(C(F)(F)F)cc(Cl)c1=O)Nc1nc2cc(Cl)ccc2o1,-7.2,3.698525980819623,14_1308
O=C(O)c1ccc(-c2cnc3cc(C(F)(F)F)cc(-c4ccc5ccccc5c4)c3c2)cc1,-8.4,3.3188369181626975,14_1309
O=c1cc(-c2ccc(-c3cccc(C(F)(F)F)c3)cc2)sc(N2CCOCC2)c1,-7.6,3.6703128597635564,14_1310
CC=CN=CC=NC=C(F)C(=CC=O)c1ccc(CCCOc2c(F)ccc(F)c2F)cc1,-5.5,3.1612113191048063,14_1311
N#Cc1cccc(-c2ccc(-c3nc4cc5ccccc5cc4[nH]3)o2)c1,-7.7,3.516396850840947,14_1312
O=C(CCC1=NN(c2ccccc2)C(=O)CC1)N1CCC(c2cc3ccccc3[nH]c2=O)CC1,-7.7,3.66073430141652,14_1313
CC(=O)OCCC[C@H](C)C1=C(C)C[CH]OC(=O)C=C=C[C@@H]1O[CH]CC[C@]1(C)[CH]C2C[C@]3(C[C@H](O)C[C@H]3O)[C@H](OC(C)=O)[C@@H](OC(C)=O)[C@@H]21,-6.7,0.10190351038793999,14_1314
O=C(CCc1ccccc1)Nc1ccc(-c2nc3ccc([N+](=O)[O-])cc3n2O)cc1,-7.3,3.4500150294566994,14_1315
CCCCC=CC=CCC(=O)NCCc1ccc(O)c(O)c1,-5.7,3.316998302591895,14_1316
O=c1oc2ccccc2cc1SSC(=NNc1ccccc1)N1CCCCC1,-7.7,3.345012267008064,14_1317
O=C(c1ncc(-c2ccccn2)o1)C1COc2cc(-c3ccccn3)ccc2C1=O,-8.2,3.514840853789032,14_1318
COc1cc(NC(=O)c2ccc(S(=O)(=O)N3CCc4ccccc43)cc2)cc(OC)c1,-7.7,3.7499587454544083,14_1319
Cc1ccc(CNC(=O)C2=[N+]([O-])c3ccccc3S(=O)(=O)N(c3ccc(F)cc3F)C2)cc1,-7.2,2.6687332377849695,14_1320
O=C(Nc1cccc(S(=O)(=O)N2CCOCC2)c1)c1ccc(Cl)cc1,-6.9,3.7962145685403996,14_1321
CC(=O)c1cccc(NC(=O)/C(C#N)=C/N(C)C)c1,-5.7,3.4601670548168313,14_1322
O=C(NCC1CCC2(CC1)OCCO2)c1cc(-c2ccccn2)nc2ccccc12,-8.3,3.6954960087411655,14_1323
Cc1ccc(C2=NOC(c3ccc(N4CCN(Cc5ccccc5)CC4)cc3)C2)cc1,-6.6,3.5241715976751626,14_1324
O=C1Nc2ccc(F)cc2C1=Cc1ccccc1O,-6.6,3.4980520098802854,14_1325
CC1(C)Cc2cc(Br)ccc2N1C(=O)c1cccc(C#Cc2ccccc2)c1,-6.6,3.2701384023870643,14_1326
O=C(Cc1cccc2ccccc12)Nc1ncccn1,-7.6,3.7044281781205703,14_1327
CC(=O)C=CC=C(C)c1ccc(-c2cccc(-c3ccccc3C(=O)Nc3ccc(F)cc3)c2)o1,-8.1,3.394283496827957,14_1328
COc1cc2c(cc1O)CCN1Cc3cc4c(cc3CC21)OCO4,-6.9,3.5067706010507838,14_1329
N=C(N)NCCCC(NC(=O)C(N)Cc1ccc(-c2ccccc2)cc1)C(=O)NCCCCCCCCCCCCN,-6.1,2.9090456635237474,14_1330
Cc1cc(C(=O)Nc2ccc(F)c(F)c2)nnc1-c1cc(Cl)ccc1O,-6.8,3.7313546752527786,14_1331
Cc1c(CN2C[C@@H](CN3CCCCCC3)[C@@H](CO)C2)cnn1-c1nccc(-c2ccccc2F)n1,-7.3,2.6278159144209674,14_1332
N=C(NCCc1ccc(Cl)cc1)NS(=O)(=O)c1ccc(Cn2cnc3c(Cl)ncnc32)cc1,-7.5,3.253052083248357,14_1333
Cc1cc(-c2[nH]nc3cc(NC(=O)NCc4nc5ccccc5s4)ncc23)ccn1,-7.6,3.456500407099809,14_1334
OCCN(CCO)CCC[C@@H]1NCc2c3cccc2-c2cc(O)ccc2C[CH]CC1N3,-6.9,1.1539673111091888,14_1335
Cc1cccc(Oc2ccc(C(=O)/C=C/c3ccc(F)cc3)cc2)c1,-6.7,3.4461409854796745,14_1336
[CH][C@@H](O)[C@@H](O)[C@@H](CO[C@H]1O[C@@H](C)[C@H](O)[C@@H](O)[C@H]1O)O[CH]OC(C)(C)[C@H]1C=CC1,-6.4,2.7319870540271385,14_1337
CN(C)Cc1cccc(-c2cccc(NC(=O)Nc3ccc(Cl)cc3)c2)c1,-8.1,3.611203073738468,14_1338
O=C(c1ccc(Br)o1)N1CCN(Cc2ccc(F)cc2Cl)CC1,-6.8,3.7007544482746813,14_1339
O=C(CN(c1ccccc1Cl)S(=O)(=O)c1ccc(Cl)c(C(F)(F)F)c1)NCc1ccncc1,-7.1,3.664556103990668,14_1340
O=S1(=O)N=C(Nc2cc(C(F)(F)F)ccc2Nc2cccc(Cl)c2)c2ccccc21,-8.3,3.6743337793656905,14_1341
CN1CC2[C]CC(Nc3nc4c(-c5cccc6cccnc56)cccn4n3)C2=N1,-8.3,3.6134713624943995,14_1342
c1ccc2c(c1)[nH]c1ccc(-c3ccc(-c4cnc(N5CCOCC5)nc4)cn3)cc12,-7.6000000000000005,3.5839247820782596,14_1343
CNc1cccc(-c2cc(N3CCN(S(C)(=O)=O)CC3)nc(-c3ccccc3Cl)n2)c1,-8.7,3.7463997609947652,14_1344
O=C(Nc1ccc(C2CCNC2)cc1)c1ccc(O)cc1,-6.4,3.606645710552743,14_1345
CC(C)c1cccc(C2=C([C@@H](C)C3CC[C@@H](c4cccc(F)c4)N(c4cccc(C(=N)N)c4)C3=O)COC2=O)c1,-7.8,3.2514906626174387,14_1346
Cc1csc(-c2c(N)nn(-c3ccc4ccccc4c3)c2N2N=C(c3cc(F)ccc3F)C[C@H]2c2ccc(F)cc2C)n1,-9.1,3.2956523891089846,14_1347
COc1cc2c(cc1OC)CN(C(=O)CN(CC(C)C)c1ccccc1)CC2,-6.0,3.6717684124489924,14_1348
Cc1ccc(S(=O)(=O)Oc2nc3ccccc3nc2NS(=O)(=O)c2ccc(Cl)cc2)cc1,-8.0,3.521686037581219,14_1349
C#Cc1nc(-c2ccc(Oc3ccccc3)cc2)c(-c2cccc(Cl)c2)[nH]1,-7.4,3.506479526756915,14_1350
C=CC(CC=COCc1ccc(F)cc1)=Nc1ncnc2cc(-c3ccc(F)cc3)sc12,-5.7,3.404554349597266,14_1351
O=C1C(=NCc2cccc(F)c2)Cc2ncccc21,-6.5,3.5953528360605187,14_1352
N#Cc1ccc(-c2ccc(C[C@@H](C#N)NC(=O)C3C[C@@H]4CCC[C@H]4N3)cc2)cc1F,-7.4,3.6586003624580985,14_1353
C[C@@H]1CN(c2ccc3c(n2)NC(=O)CO3)[C@H](c2ccc(F)cc2)CO1,-7.2,3.6794480801833456,14_1354
O=C(NCCCCCCNC(=O)N1Cc2ccccc2C1)c1ccc(Cl)cc1,-6.5,3.5841179401670775,14_1355
Cc1c(-c2cccc(OC(F)(F)F)c2)[nH]c2c(-c3ccccc3)c(-c3ccccc3)nn12,-7.8,3.4966864436667917,14_1356
CN(CCc1ccccc1)C(=O)c1ccc(NC(=O)Cc2cccc(NC(=O)C3CCN(C(=O)c4cccs4)CC3)c2)cc1,-5.4,3.3812956723619894,14_1357
COc1cc([C@H]2c3cc4c(cc3C[C@H]3COC(=O)C32)OCO4)cc(OC)c1OC(=O)CCc1ccccc1C(F)(F)F,-7.7,3.1643624026199513,14_1358
O=C1S/C(=C\c2ccc3c(cnn3Cc3ccc(Cl)cc3C(F)(F)F)c2)C(=O)N1Cc1cccc2ccccc12,-8.3,3.27152877705017,14_1359
O=C(Nc1nccs1)c1cc2c(ccc3ccccc32)oc1=O,-7.2,3.5969021846611344,14_1360
O[C@@]1(CCC2=C(F)C=NC=CC=COC2)[CH]C[C@H](NCc2ccc3c(c2)OCCO3)[CH]OC1,-7.3,1.289621084587571,14_1361
O=C(N=c1ccc2c[nH]cc(F)c(c1=O)c1[nH][nH]cc21)Nc1ccccc1F,-8.7,1.5539263380213502,14_1363
O=c1oc2ccccc2cc1-c1cn(-c2ccc3c(c2)OCCO3)nn1,-7.9,3.562393001310763,14_1364
COc1cccc(-c2nc(CSc3nc4ccccc4n4c(C(C)C)nnc34)c(C)o2)c1,-7.6,3.413892972326874,14_1365
O=C(CC(C(=O)O)c1ccc(-c2ccccc2)cc1)c1ccc(-c2ccccc2)cc1,-7.8,3.4090812908400983,14_1366
O=C(NCc1cn(Cc2ccc(F)cc2)nn1)c1cn(Cc2ccccc2)nn1,-6.9,3.6399746611335644,14_1367
O=C(C[CH]NC(=O)c1ccc2ccccc2c1)Nc1cccc(C(F)(F)F)c1,-7.2,3.679972893902006,14_1368
COC=CC1=CC(NC(=O)CSC=CC=C(N=NON)c2ccccn2)C=C1,-5.3,3.2131135105730335,14_1369
O=C(Cn1cc(CN2c3ccccc3Sc3ccccc32)nn1)Oc1ccccc1,-6.6,3.5029005910913487,14_1370
CCOC(=O)C1C(C)=NC(=O)NC1c1ccc(NC(=O)N2c3ccccc3Sc3ccccc32)cc1,-6.8,3.484880150625923,14_1371
COC(=O)CCC(=O)Nc1cc(OC)c(C(=O)Nc2cccc(-c3ncc[nH]3)c2)cc1OC,-6.7,3.450313736797915,14_1372
O=C(c1ccccc1Cl)N(c1ccccn1)C1CCN(CC2CCOC2)CC1,-6.5,3.627834406581603,14_1373
O=C(NCc1ccc(O)cc1)c1ccc2ccccc2c1,-7.2,3.593058630756118,14_1374
Cc1ccc(NC(=O)c2oc3ccccc3c2NC(=O)Cc2coc3ccc(C)cc23)cc1,-8.0,3.4865898833853177,14_1375
Fc1ccc(-n2cc(CN3CCN(c4ccccc4)CC3)nn2)cc1,-7.6,3.745839329314715,14_1376
NCc1ccc(Cl)cc1CNC(=O)C1CCCN1C(=O)c1cc(-c2ccccc2)c[nH]1,-7.4,3.6145178440347947,14_1377
Cc1cc(Cl)ccc1N=C(Cc1ccccc1C=O)c1ccc2c(c1)OCO2,-7.7,3.554722284429928,14_1378
O=C1c2cc3c(cc2-c2c1c1ccccc1c(=O)n2Cc1ccc2c(c1)OCO2)OCO3,-8.8,3.3975820850733798,14_1379
Cn1cc(-c2ccccc2C(=O)C(=O)O)c2ccccc21,-5.9,3.6116371796335853,14_1380
O=C(NCc1ccc(-c2nc3c(ccc4[nH]ccc43)[nH]2)cc1)c1ccccc1,-7.6,3.4200436583366183,14_1381
O=c1oc(N2CCN(c3ccc(Cl)cc3)CC2)c(O)n1-c1cccc(C(F)(F)F)c1,-8.0,3.739951157070829,14_1382
FC(F)(F)CCc1cccc(C#Cc2ccc(-n3cnc(-c4ccccc4)c3)cc2)c1,-6.6,3.3850846690454066,14_1383
Nc1ccc(-c2nn(-c3ccccc3)nc2-c2ccsc2)cc1,-6.9,3.6633353132766513,14_1384
c1ccc(CN2CCC(Nc3c4ccccc4nc4ccccc34)CC2)cc1,-7.5,3.4856578312293354,14_1385
N#Cc1nc(-c2ccccc2Cl)oc1NCc1ccco1,-6.4,3.7681551235806774,14_1386
CCC(=NCCN1CCOCC1)c1c(O)[nH]c(=O)n(-c2ccc(C)cc2)c1=O,-6.5,3.575749127820653,14_1387
Cc1cccc2[nH]c(-c3cccc(-c4cccc(NC(=O)C5NC(=O)Cc6ccccc65)c4)c3)nc12,-10.0,3.3738350426926003,14_1388
O=C(Cn1cnc(Cl)n1)N1CCN(c2ccccc2)CC1,-5.7,3.6667093882809567,14_1389
O=C(O)c1cccc(-c2cccc(OC(=O)c3ccccc3Br)c2)cc(-c2ccc3ccccc3c2)ncc1,-7.9,1.098948863376398,14_1390
CNc1oc(C=Cc2ccc(Cl)cc2)nc1C#N,-5.6,3.70825664188182,14_1391
O=C(NCCc1ccccc1)c1ccc2c(c1)nc1n2CCOC1,-6.9,3.780375719990957,14_1392
C/C(=C\c1csc(C)n1)[C@@H]1C[C@@H]2O[C@@H]2CCC[C@H](C)[C@H](O)C(C)C(=O)C(C)(C)[C@@H](O)CC(=O)O1,-6.8,1.8050724315334135,14_1393
O=C(NCC/C=C/c1cccc([N+](=O)[O-])c1)c1cccc(S(=O)(=O)N2CCOCC2)c1,-6.9,3.484114348804969,14_1394
COc1ccccc1N1CCN(C(=O)c2ccc(-c3ccc(N)cc3)o2)CC1,-6.7,3.736133470485215,14_1395
O=c1[nH]c(O)c(C=c2cnn3c(=NC4CC4)nc(Nc4cccc(C(F)(F)F)c4)nc23)[nH]1,-9.0,3.296515191485779,14_1396
CC(C)(C)c1ccc(NS(=O)(=O)c2cccc(Cl)c2Cl)cc1,-6.3,3.680703979406673,14_1397
CN1CC=C(c2cc3c(-c4cccc(N5CCOc6cc(C7CC7)ccc6C5=O)c4CO)cccc3[nH]2)CC1,-7.4,2.352413400732643,14_1398
Oc1cccc(Nc2ncc(-c3cccc(C(F)(F)F)c3)s2)c1,-6.6,3.6911944231646894,14_1399
O=C(COc1ccccc1C(=O)NCc1ccccc1)Nc1cc(C(F)(F)F)ccc1N1CCOCC1,-7.7,3.6365306138283175,14_1400
CN1C(=O)C(O)C(c2ccccc2)[C@H]1c1ccc(-c2ccccc2)cc1,-7.4,3.6192394607821634,14_1401
CC(=CC=CC=C(CC(=O)O)CN1CC[C@@H](CCc2ccc3c(n2)NCCC3)C1)N=CCC=Cc1n[nH]c(=O)c2ccccc12,-6.5,3.0404243218396414,14_1402
CC(C)O[CH]C1C[C@@H](CNC(=O)c2ccccc2-c2ccccc2C(=O)NCCN2CCOCC2)N1,-6.4,3.388169404916038,14_1403
CC(C)=CCC1C[C@@]2(O)C[C@H](O)[C@H](Cc3ccc(C(C)C)cc3)[C@H]2CO1,-7.1,3.3775106313659617,14_1404
O=[N+]([O-])c1ccc(-c2nnc3n2-c2cccnc2Nc2ccccc2-3)cc1,-8.0,2.5581606522547102,14_1405
O=C(CCN1CCN(c2cccc3ccccc23)CC1)c1c(O)cccc1O,-7.0,3.675834864165126,14_1406
CCCCNc1nc(C)cc(N2CCCCCC2)n1,-6.1,2.556752485098178,14_1407
CC(=O)OC=CC=C(/C=C/C(=O)O[C@H]1CC[C@]2(C)[C@H]3C[C@@H](O)[C@@H]4[C@@H]([C@@]5(C)CCCC(C)(C)O5)CC[C@@]4(C)[C@]3(C)CC[C@H]2C1C)C[C@H](O)[C@@H](O)[CH]O,-6.6,2.143688356466574,14_1408
CC(=O)Nc1ccc(C2(O)C(=O)Nc3c2ccc2c3C=CC(C)CC2)c(C)c1,-7.9,2.5605077047865956,14_1409
CC(C)CC(NC(=O)NC(CC1CCCCC1)C(=O)N1CCCCC1)C(=O)NC(CCCCN)C(=O)NC(C(N)=O)[C@@H](C)O,-6.1,2.566531033526039,14_1410
CCC(C)C(=O)c1c(O)c(C)c(OC)c(-c2ccccc2)c1C(=O)c1ccc(OCc2ccccc2)cc1,-6.2,3.3771781424070255,14_1411
CC(=O)c1ccc2ccn(C3C=C(c4cccc([N+](=O)[O-])c4)N=N3)c2c1,-7.2,3.542426645493437,14_1412
O=C(O)CSc1cnc2[nH]c3ccccc3c2c1Nc1ccccc1,-6.7,3.5789175116844794,14_1413
COc1ccc(CCn2cnc(-c3cccnc3)c2/C=C/C(=O)O)cc1,-6.2,3.7205853845684977,14_1414
O=C(Cn1c(-c2cccs2)cc2ccccc21)NC1CCN(c2cccc3ccccc23)CC1,-7.7,3.4708211278188923,14_1415
Cc1nc(-c2ccccc2)c(C(=O)N(Cc2ccccc2)c2ccon2)s1,-7.0,3.646313770597729,14_1416
CNn1cc(C(=O)O)c(=O)c2cc(F)c(N3CCCC3)cc21,-6.8,3.697626394489361,14_1417
N#Cc1ccc(-c2ccc3c(c2)C2(CCCCC2)C(=S)N3)cc1,-7.3,3.4225990930975567,14_1418
O=C(Nc1cc(-c2ccccc2)nc2c1cnc1ccc(F)cc12)c1ccccc1,-8.3,3.48588617255277,14_1419
CCc1cc2c(N)ccc(C)c2[nH]c1=S,-5.5,3.392343858453718,14_1420
Cc1noc(C)c1-c1ccc2c(c1)C(c1ccccc1)(N1CCC[C@H](N)C1)C(=O)N2,-7.3,3.6485064899083177,14_1421
Cn1c(N2N=C(c3ccccc3)CC2c2ccc(F)cc2)nc2ccccc2c1=O,-9.1,3.6395459654796296,14_1422
O=C(O)c1ccc(CCCNC(=O)c2cccc(Cc3n[nH]c(=O)c4c3CCCC4)c2)cc1,-6.6,3.541233778594859,14_1423
CCC(Cc1ccc(Cl)cc1)=NCc1ccccc1OC,-5.8,3.483294001727642,14_1424
CN(C(=O)Nc1cc(-c2cc3ccccc3[nH]2)n(-c2ccc(F)cc2)n1)C1CCCCC1,-7.5,3.6008117469271186,14_1425
Cc1cccc(NC(=S)N2N=C(c3ccccc3O)CC2c2cccs2)c1C,-6.7,3.608230897194333,14_1426
COc1ccc(C(=O)Nc2cc(C(F)(F)F)cc(C(F)(F)F)c2)cc1NS(=O)(=O)c1ccc(C(F)(F)F)cc1,-8.2,3.4399177154159366,14_1427
O=C(Nc1ccc(Oc2ccnc3[nH]c(=O)[nH]c23)cc1)c1ccc(-c2ccccc2F)cc1F,-9.1,3.462249776247865,14_1428
[C-]#[N+]C=CC=CC[CH]CN1CCN(C(=O)Cc2cc3cc(-c4ccccc4F)ccc3[nH]2)C[C@H]1C#N,-6.4,3.468383965050579,14_1429
COc1cccc(NC(=O)NCCN2CCCC2)c1,-5.6,3.5713327587574932,14_1430
COc1ccc(-c2nnc(SCCC(=O)O)o2)cc1,-6.0,3.6320148242540986,14_1431
Cc1cc(N(C)C(=O)CC(C)c2ccccc2)nc2c(Cl)cccc12,-7.2,3.6065693754436614,14_1432
O=Cc1ccc(F)cc1C=Cc1c[nH]cc1-c1[nH]c(=O)[nH]c1O,-7.0,3.5152836529797327,14_1433
COc1cc(/C=C2\SC(c3cc4ccccc4oc3=NS)NC2=O)ccc1OCC(=O)O,-7.3,3.438888594006994,14_1434
COC=CC=Cc1nn(-c2cccc(NC(=O)C(C)N3C(=O)c4ccccc4C3=O)c2)c2ccccc2c1=O,-8.0,3.359103786592586,14_1435
CC=C1C=C(C)C(c2ccc(-c3ccccc3Cl)n2CC(=O)N=C(N)NCc2ccc(C(C)C)cc2)=C1C,-8.0,3.352148336360303,14_1436
C[C@H](CCCNC(=O)NC(Cc1c[nH]c2ccc(O)cc12)C(=O)O)[C@H]1CC[C@H]2[C@@H]3[C@H](O)C[C@@H]4C[C@H](O)CC[C@]4(C)[C@H]3C[C@H](O)[C@]12C,-6.6,2.7325136939134653,14_1437
COc1ccccc1NS(=O)(=O)c1cccc(C(=O)NCc2ccco2)c1,-6.6,3.6986655705919156,14_1438
O=C(c1ccc([N+](=O)[O-])s1)N1CCN(c2ccc(F)cc2)CC1,-7.3,3.5978205426994747,14_1439
CCOC(=O)c1ccc(/N=c2\oc3ccccc3nc2-c2cc3ccccc3oc2=O)cc1,-8.6,3.3846782104406943,14_1440
COc1cc(/C=C/C(=O)/C=C/c2ccccn2)ccc1Oc1nc2c(c(=O)n(C)c(=O)n2C)n1C,-6.6,3.3856741087014646,14_1441
O=C(Nc1ccc(F)cc1NC#Cc1ccc(C(O)=NO)cc1)c1ccc[nH]1,-7.1,3.0834916054934682,14_1442
COc1ccc(CNC(=O)COc2ccc(/C=N/NC(=O)c3ccncc3)cc2)cc1,-6.8,3.533678571674945,14_1443
CCOC=C(C=Cc1ccccc1)C=NNC(N)=S,-5.8,3.178039868138986,14_1444
CC1C(C2=CC=C(Cl)C2)=CN(c2ccccc2)C1c1noc(-c2ccccc2)n1,-7.9,3.5478742342052785,14_1445
O=C(C(=Cc1ccc(O)c([N+](=O)[O-])c1)SCc1ccc(Br)cc1)c1ccc(Cl)cc1,-7.2,3.3705653982483152,14_1446
O=C(Nc1ccc(Cl)cc1)c1nccc2ccc(F)cc12,-6.7,3.66144837511178,14_1447
CC(C)Cc1ccc(C(C)c2nc3cccc4c3n2CCNC4=O)cc1,-6.8,2.740324818315679,14_1448
N=C1NC(=O)/C(=C/c2ccc(-c3ccccc3)cc2)S1,-6.6,3.6079475923673074,14_1449
N=C(N)NCCNC(=O)c1cccc2cc3ccccc3cc12,-7.3,3.222930500555244,14_1450
O=C(CN(Cc1cccs1)c1ccccc1)NCc1ccc2c(c1)OCO2,-6.2,3.735485989089013,14_1451
CCNC(=O)c1nc2ccccc2nc1N[C@H]1CC[C@H](Nc2c(C(=O)CC)cnc3ccc(-c4cc(F)c(O)c(Cl)c4)cc23)CC1,-7.8,2.9137810938251065,14_1452
O=C(c1ccccc1)c1c[nH]c(C(=O)NCCc2ccccc2)c1,-7.0,3.597729947335295,14_1453
CSc1ncccc1C(=O)OCC(=O)c1ccc2ccccc2c1,-6.3,3.558435792775248,14_1454
Cn1ccc2cc(NC(=O)c3ccc(C(=O)NC4C=CC=CC(=O)NC=CC=CN(C(=O)CN5CCOCC5)C=C4)[nH]3)ccc21,-7.7,1.7779283597244984,14_1455
Cc1ccc(NC(=O)CSc2nnc(NC(=O)Nc3ccccc3)s2)cc1,-6.8,3.5267848770425894,14_1456
C[C@H](Cc1ccccc1C(F)(F)F)N1CCC(NC(=O)c2ccc(F)c(F)c2)C1=O,-6.6,3.6574600406840245,14_1457
Fc1ccc(-c2nc(N3CCN(c4ccccc4)CC3)c3ccccc3n2)cc1,-7.8,3.5935945906652056,14_1458
O=[N+]([O-])c1cc(-c2ccnc(Nc3ccccc3O)n2)ccc1N1CCOCC1,-7.0,3.4719827676946355,14_1459
O=C(N[C@@H]1CCN(Cc2ccc(N3CCCCC3)c(F)c2)C1)c1cccc(C(F)(F)F)c1,-7.2,3.569325728566143,14_1460
Cc1ccc(S(=O)(=O)Nc2csc(=S)[nH]2)cc1,-5.6,3.5728473877028204,14_1461
NCCNc1cc(N2CCN(C(=O)c3ccccc3C(F)(F)F)CC2)nc2ccccc12,-7.2,3.7428423224858016,14_1462
O=C(c1ccccc1Cl)n1c2ccc(OC(F)(F)F)cc2c2cc(O)cc(CSc3nc[nH]n3)c21,-7.2,3.338398162921789,14_1463
Cc1ccc(N(Cc2ccc(-c3cc4ccccc4cn3)cc2)C(=O)c2ccco2)cc1C,-7.6,3.3850772200525574,14_1464
CC(C)(O)NP(=O)(OCP(N)(=O)N1CCOCC1)Oc1ccc(CC(=O)O)cc1C=O,-6.5,2.9020705871870995,14_1465
Nc1ncc2c(n1)CCN(c1cncc(C(=O)NCc3ccccc3C(F)(F)F)c1)C2,-7.4,3.7109943017421227,14_1466
Cc1nc([C@@H]2CCCN2C(=O)Nc2ccc3c(c2)OCCO3)cs1,-7.0,3.669608858079856,14_1467
O=C(O)c1ccccc1NC(=O)N1CCC(=NNc2ccc(C(F)(F)F)cn2)CC1,-7.5,3.5718353602908195,14_1468
O=C(CN1CCCC1)Nc1nc2cc3nc(NC(=O)CN4CCOCC4)sc3cc2s1,-6.4,3.4492102664196196,14_1469
O=C(COC(=O)c1cccc(NS(=O)(=O)c2ccc(Br)cc2)c1)Nc1cccc(C(=O)O)c1,-6.8,3.431708601699164,14_1470
Cn1c(-c2ccc(OC(F)(F)F)cc2)ccc1-c1n[nH]c(-c2ccccc2)n1,-6.8,3.7131325500489973,14_1471
CC(C)(C)NC(=O)N1CCn2c(c(C(N)=O)c(-c3ccc(Oc4ccccc4)cc3)c2C2CC2)C1,-7.0,3.583296839416121,14_1472
O=C(c1ccccc1)N1CCN(CCN2C(=O)c3ccccc3C2=O)CC1,-7.7,3.5684023153152866,14_1473
N#CC=CC(Cl)=CC(F)Oc1ccc(F)c(OCc2nnc(-c3ccccc3)o2)c1,-6.4,3.5420293973194568,14_1474
Cc1cc(N(CCCl)CCCl)ccc1/C=C(\C#N)c1ccccc1Br,-5.7,3.378191562976185,14_1475
CC(C)c1nc2c(c(Nc3ccc(C(F)(F)F)cc3F)n1)CCN(c1ncccc1C(F)(F)F)CC2,-8.4,2.612527365673807,14_1476
CN(C)CCCOc1ccc(-c2nc3ccccc3c3c2c2ccccc2n3Cc2ccccc2)cc1,-7.0,3.2156022324810496,14_1477
O=C(O)C1CC[C@@H]2CN(C(=O)Nc3ccccc3F)C[C@@H]2C1,-6.8,3.4886139230192934,14_1478
O=C(c1c(F)cccc1Cl)C1NC(=O)N(Cc2ccccc2)C(=O)c2c1sc1c2CCC1,-8.2,2.650261460774246,14_1479
Cc1noc(C)c1-c1cncc(C2CCCN2Cc2ccco2)n1,-5.9,3.741799740046984,14_1480
CCN(c1ccc(C(C)C)c(OC2CCCC2)c1)c1ccc(C(=O)O)cn1,-6.9,3.704804004857509,14_1481
CNC(=O)Nc1ccc(-c2nc(N3CCOCC3)c3cnn(C4CCN(Cc5ccccc5)CC4)c3n2)cc1,-9.3,3.4184115499701737,14_1482
C[C@@H](c1nccs1)N1CCOC(c2cc3ccccc3o2)C1,-6.9,3.695153290252631,14_1483
Clc1cccc(Nc2nc3nonc3nc2Nc2cccc3ccccc23)c1,-8.6,3.539313476662639,14_1484
Cc1ccc(N2CCOC(C)C2)cc1NC(=O)c1ccc(Nc2ncc(C)c(-c3ccc(OC(F)(F)F)cc3)n2)cc1,-4.4,3.4137528433696183,14_1485
O=c1c2c([nH]c3ccc(C(F)(F)F)cc13)C=CCc1ccccc-2[nH]c(=O)n1-c1ccccc1,-7.5,1.397220179042252,14_1486
CCOC(=O)[CH][C@H]1COc2ccc(Cl)cc2[C@@H]1NC(=O)/C=C/c1ccc(Cl)cc1,-6.8,3.6805802248607775,14_1487
Cc1cccc(-c2noc(-c3ccc(N4CCN(C)CC4)c([N+](=O)[O-])c3)n2)c1,-6.8,3.6098899059661735,14_1488
CC(=O)c1ccccc1OCC(=O)N1CCC=CC1=O,-6.1,3.5800128302935885,14_1489
O=P(O)(O)C1=CC2=CC(c3cccc(-c4ccccc4CNc4cccc5ccccc45)c3)=S2CC=CC=CC1,-8.1,0.8966501383510366,14_1490
N=CNc1c(-c2ccccc2)ncn1C[C@H]1OC(=O)N(c2ccc(C(F)(F)F)cc2)C1O,-7.2,3.472133520234299,14_1491
CC(C)C1=CCC=CC=C1NN=Cc1coc2ccccc12,-6.5,2.609814585953098,14_1492
C=C1C(=O)OCC1C(O)c1cn(Cc2ccc(C)nc2)c2cccc(Cl)c12,-6.8,3.6830338399386475,14_1493
CCN(CC)C(=O)c1nc(-c2ccc(Cl)cc2)n2c1CCCC2,-7.1,3.697488058053491,14_1494
O=C1CCc2cc(C(=O)N=C3C=C4CC=CN=C(C4)Nc4cc(C(F)(F)F)ccc43)ccc2N1,-9.3,1.593965069310154,14_1495
O=c1[nH]cnc2ncc(-c3ccsc3)cc12,-6.0,3.623886679059244,14_1496
CN1CCN(Cc2cnc3ccc(F)cc3c2N2CCC(C(=O)Nc3ccccc3Cl)CC2)CC1,-7.2,3.632893426249878,14_1497
CC(C)CC(NC(=O)C(Cc1c[nH]cn1)NC(=O)CNC(=O)C(Cc1ccc(O)cc1)NC(=O)C(C)NC(=O)C(N)Cc1ccc(O)cc1)C(N)=O,-7.4,2.5856448085321246,14_1498
COc1ccc2c(c1F)C(=O)N(C[C@]1(C#Cc3cccc(C(=O)N(C)C)c3)CNC(=O)N1)C2,-7.7,3.561474875684654,14_1499
NS(=O)(=O)c1ccc(NN=Cc2cccc(O)c2)cc1,-6.2,3.47447571287216,14_1500
O=C(Nc1ccc(F)cc1)N1CCCN(c2nc3ccccc3nc2-c2ccccc2)CC1,-8.0,2.686582127358426,14_1501
COc1cc(Nc2c3ccccc3nc3cccc([N+](=O)[O-])c23)cc(OC)c1OC,-7.0,3.472999786045703,14_1502
COc1cc2nc(N3CCN(c4cnc(C)c(C)c4)CC3)nc(N)c2cc1OC,-6.8,3.7083030617676354,14_1503
O=[N+]([O-])c1ccc(-c2nnc(-c3ccc(Cl)c(Cl)c3)o2)nc1,-7.2,3.545037779785137,14_1504
CCC=CN1C(=O)C(c2cccnc2Oc2cccc(C(=O)c3nc4ccccc4[nH]3)c2)C1=NC(C)(C)CC(C)(C)C,-7.1,3.293226990245868,14_1505
COc1cc2c3c(cc4cc5c(cc4c3c1OC)OCO5)CCCC(=O)N2,-7.9,1.7631258427914904,14_1506
Cc1cc(O)cc(C)c1CC(N)C(=O)NC(CCCN=C(N)N)C(=O)NC(Cc1ccccc1)C(=O)NC(CCCCN)C(N)=O,-7.2,2.513586512599839,14_1507
CCNc1cc(Oc2ccc(NC(=O)Nc3ccc(Cl)c(C(F)(F)F)c3)cc2F)ncn1,-7.5,3.4899209462580467,14_1508
Cc1ccccc1-c1cc2nc(N)nc(N)c2nc1C,-7.7,3.6483253499508157,14_1509
O=C(Nc1cccnc1)N1CCN(c2ncccc2C(F)(F)F)CC1,-6.9,3.7411979609315518,14_1510
O=C(Nc1cccc(Cl)c1)Nc1cccc(Cc2n[nH]c(=O)c3c2CCCC3)c1,-8.9,3.658262455113754,14_1511
CCc1c(C#N)cccc1N(CCCNC(=O)OC(C)(C)C)C(=O)c1ccc(-c2cccc(C(N)=O)c2)nc1,-7.4,3.468050443391498,14_1512
NC1(c2ccc(-c3nc4ccc(-c5ccccc5)cn4c3-c3ccccc3)cc2)CCC1,-8.2,3.4115764471271937,14_1514
CC1=CC=C(S(=O)(=O)c2nnn3c2N=C(c2ccccc2)C[SH]3C)C1,-7.3,3.63313671061123,14_1515
COC1=CC=C(C2=Cc3ccc(F)cc3C(CC(C)=O)N2c2ccc(C#N)cc2C)C1,-6.8,3.568463093599751,14_1516
COc1ccc2c(ccn2CCCCCC(=O)Nc2cccc(-c3ccccc3)c2)c1,-6.7,3.449277613133526,14_1517
COC=CC=C(C)C(O)(C(=O)N1CCc2ccccc2C1)C(F)F,-5.6,3.5888415136256118,14_1518
Oc1c2onc(-c3ccccc3F)c2c(O)n1-c1ccc(Cl)cc1,-7.2,3.663498785770733,14_1519
COc1ccc(NC(=O)c2ccc(-c3nnc(-c4ccc5ccc(Cl)cc5c4)o3)cc2)cc1,-7.3,3.4378321636917466,14_1520
CC12CCNN=C(CC(=O)C(O)CC1)CN2C(=O)c1cc(O)c(O)c2ccccc12,-7.4,1.1237415593016213,14_1521
COc1ccccc1N(CC(=O)NCc1ccco1)C(=O)CCC(=O)Nc1nccs1,-6.6,3.5877098367252205,14_1522
N#Cc1cc(NC(=O)CSc2[nH]c(C3(O)C=COC3)nc2-c2ccc(F)cc2)ncc1F,-7.4,3.476191927154493,14_1523
O=C(Nc1ccc(CCc2ccccc2)cc1)c1nc2ccccc2[nH]1,-6.8,3.568132662865895,14_1524
OCC1(Cc2ccccc2)c2ccccc2-c2ccccc21,-6.7,3.3682056391447404,14_1525
CC=CC=C(F)c1ccccc1Oc1ccc(S(=O)(=O)Nc2ncns2)c(F)c1,-6.8,3.637223521173568,14_1526
CCCCCCCCCCS(=O)(=O)N[C@H](CO)C[C@@H](O)C=Cc1ccccc1-c1ccccc1,-5.0,3.3523991484091678,14_1527
N#Cc1c(N2CCN(c3ccc(F)cc3)CC2)ccc2nc(NCc3cccc(Cl)c3)oc12,-7.2,3.6803840094307834,14_1528
O=C(NC1CCN(C(=O)CCc2cccnc2)CC1)C(c1ccccc1)c1ccccc1,-6.9,3.696088308189797,14_1529
N=C/C(=C/c1ccccc1)C(=O)Nc1nnc(-c2ccccc2)s1,-7.3,3.6755758489166253,14_1530
COc1ccc2cc([C@]3(OC4=CC(=O)C(C)(C)C(=O)C4(C)C)CC[C@H]4C[C@@H]3C4(C)C)[nH]c2c1,-7.9,3.3062891646732053,14_1531
COc1ccccc1CN(CC(Cc1c[nH]c2ccccc12)NC(=O)CCc1c[nH]c2ccccc12)c1ccccc1,-7.8,3.10396869107936,14_1532
C=CC1=C2C=Cc3cc[n+](Cc4ccccc4)c(-c4ccc(CN5CCC(n6cnc7c(Cl)ncnc76)CC5)cc4)c3CC1=CC=CC2,-7.8,0.9998740030933311,14_1533
COc1ccc(CNc2ccccc2C(=O)NCc2ccco2)c(OC)c1,-6.5,3.7027963377217628,14_1534
Cc1cccc(Cn2c(SCc3ccc(C(=O)Nc4ccccc4N)cc3)nc3ccccc32)c1,-6.6,3.335863633212986,14_1535
O=C(NCCc1ccc(F)cc1)c1cnn2c1N[C@H](c1ccccc1)C[C@@H]2C(F)(F)F,-7.8,3.6687295742776804,14_1536
O=C(Cc1n[nH]c(=O)c2ccccc12)NNC(=O)c1ccc(Br)cc1,-6.8,3.5716937415533963,14_1537
COc1ccc2nc(/C=N/c3cc(-c4ccccc4F)ccc3C(N)=O)sc2c1,-7.0,3.661866754013542,14_1538
C=CC=C1C=CC(=O)C2Cc3ccc(OCc4cccc(-c5cc6ccccc6o5)c4)cc3C(=O)N2c2ccccc2O1,-8.0,0.9965750663680364,14_1539
COc1ccc(-c2cn(-c3cccc(-n4cc(-c5ccccc5C(F)(F)F)nn4)c3)nn2)cc1,-7.7,3.4730577923596417,14_1540
Cc1cc(O)cc(C)c1CC(N)C(=O)N1Cc2ccccc2CC1C(=O)NCCCc1cccc2ccccc12,-8.1,3.351381046927997,14_1541
CS(=O)(=O)N(CC(=O)Nc1ccccc1Cc1ccccc1)c1cccc(C(F)(F)F)c1,-7.3,3.7190136414295045,14_1542
c1ccc2c(-n3ccnc3)nc(-c3nccs3)cc2c1,-7.6000000000000005,3.631884131481076,14_1543
O=C(COc1ccccc1F)N1CCO[C@@H](c2cc(C3CC3)[nH]n2)C1,-6.4,3.698217697119267,14_1544
O=C(O)C(Cc1c[nH]c2ccccc12)NCc1c2ccccc2cc2ccccc12,-6.4,3.31949309422864,14_1545
O=C1CC(=Nc2ccccc2F)C(=O)c2ccccc21,-7.4,3.587916611947098,14_1546
Cc1ccc(S(=O)(=O)N2c3ccccc3C(C)(c3ccc(F)cc3)CC2(C)C)cc1,-7.5,3.569642057939158,14_1547
O=C(c1cccc(N2C(=O)c3ccccc3C2=O)c1Cl)N1CC2CCC(C1)N2c1ncccn1,-7.9,3.4311849531887377,14_1548
COc1cnc(C2=CCC(C)(O)CC2)cc1Nc1ncc2c(n1)-c1ccc(C)cc1NC(=O)N2,-9.0,2.4215886182032564,14_1549
O=Cn1c2ncccc2c2cc(-c3ccc4c(n3)N(Cc3ccco3)CN4)cnc21,-8.4,3.496610336489553,14_1550
CNc1ncc2nc(Nc3cc(F)cc(C(=O)N4CCCCC4)c3F)ccc2n1,-8.1,3.74878567754093,14_1551
Cn1nnnc1SCCNCc1cccc(OC(F)F)c1,-5.7,3.5027583394936928,14_1552
Nc1nc(N)c2cc(CNc3ccc(-c4ccc(C(=O)O)cc4)cc3)ccc2n1,-9.0,3.4802298095894537,14_1553
O=C(CCCN1CCN(CCCNS(=O)(=O)c2ccc3cc(Cl)ccc3c2)CC1)NCc1cn(Cc2ccc(Oc3ccccc3)cc2)nn1,-5.8,2.9221547058257116,14_1554
CC(=O)Oc1ccc2c(c1OC(C)=O)C=C1C=C3OCOC3C=C12,-6.8,3.3524362208549343,14_1555
CNc1ccc2cc(C(O)=NO)cnc2c1,-5.7,3.2336759765709466,14_1556
Cc1c(Cl)cnn1Cc1ccc(C(=O)Nc2nc3ccccc3[nH]2)o1,-7.5,3.702079120426861,14_1557
CCOC(=O)N/N=C/c1cn(Cc2cc(C(F)(F)F)cc(C(F)(F)F)c2)nn1,-7.2,3.491502396042341,14_1558
CCC1CC(=C\c2ccccc2)/C(=C/c2cccc3ccccc23)C1,-7.7,3.0687935285366743,14_1559
OCCCc1cc(-c2ccccc2)ccc1-c1ccc(-c2cc(C(F)(F)F)cc(C(F)(F)F)c2)cc1,-7.7,3.215567286859433,14_1560
CCCCc1nc2ccccc2n1Cc1cc(OC)cc(O)c1C(=O)OC,-6.2,3.704813719770284,14_1561
Cc1cccc(-c2cc(-c3ccccc3)nc(NCC3CCC(C(N)=O)CC3)n2)c1,-8.9,3.7068471924367667,14_1562
O=C(c1cccc(C(=O)N2CCCc3ccccc32)c1)N1CCN(Cc2ccccc2)CC1,-7.8,3.544155415099082,14_1563
O=C(Nc1ccccc1)N(Cc1ccccc1)c1ccccc1,-6.6,3.514467944896092,14_1564
Oc1cccc(-c2cc(-c3cccc(Cl)c3)cc(-c3ccccc3O)n2)c1,-8.9,3.5604777553673337,14_1565
CCc1ccc(-c2nc(CS(=O)(=O)CC(=O)Nc3ccc(Cl)cc3Cl)c(C)o2)cc1,-6.4,3.7364639072168675,14_1566
Fc1cccc(CNc2nc3ccccc3nc2N2CCCC2)c1,-7.6,3.7663834762236768,14_1567
COc1ccccc1CNn1c(C)cc(C(=O)/C=C/c2ccc(F)cc2F)c1C,-6.1,3.626948767073728,14_1568
O=C(O)Cc1cccc(-c2ccc(-c3cn(-c4ccc(C(=O)O)c5ccccc45)nn3)cc2)c1,-7.7,3.4244862826153306,14_1569
O=C1C=C(c2ccccc2)C(=CC=CC(F)(F)F)/C1=C(\c1ccc(F)cc1F)c1cccc2ccccc12,-8.1,2.98805710315685,14_1570
CCNC(=O)CCC=C1CN2C=CC(c3ccccc3)=NC23N=CNCCCN=C13,-7.7,1.2589947111159003,14_1571
O=C1OC2(CCCCC2)c2ccnc(-c3cccc4ccccc34)c2C1c1ccc(Br)cc1,-7.4,3.2828620692170674,14_1572
Cc1ccc(NC(=O)CSc2nc3cccnc3n2C)cc1,-7.0,3.731981396227045,14_1573
COc1cc(C(=O)NCCN(C)C)ccc1Nc1ncc2c(n1)-c1c(nn(C)c1-c1ccc(F)cc1Cl)CC2,-7.8,3.449137545829919,14_1574
Cc1ccc(NC(=O)c2ccc(COc3ccccc3C(N)=O)cc2)c(Cl)c1,-6.7,3.695710012368253,14_1575
C=CCc1cc(-c2cccc(C(=O)NCc3ccccc3Cl)c2)cc(I)c1O,-7.0,3.4512183132210597,14_1576
O=C(NNC(=O)c1ccccc1Cl)c1ccc2sc3ccccc3c2c1,-7.2,3.5878255209213012,14_1577
CCOCC(=O)n1cc(-c2ocnc2Cl)c2ccccc21,-6.0,3.7383211692702445,14_1578
CC#N,-2.0,1.510551523390431,14_1579
Cc1ccc(-n2cccc2C(=O)C(=O)NNc2nc3ccccc3s2)cc1,-6.8,3.4859578983823063,14_1580
O=C(CCc1ccsc1)N1C[C@@H](CN2CCOCC2)[C@@H](CO)C1,-6.0,3.484209504755831,14_1581
Cc1ccc(S(=O)(=O)N(C)c2ccc(OC(=O)c3ccccc3-c3ccc(F)cc3)cc2)cc1,-6.6,3.4844245458596186,14_1582
Cc1cc(OC=C2C=CC(S(=O)(=O)NC(=O)C3(C)CCN3C(=O)c3cccc(C(F)(F)F)c3)=C2)ccc1C(=O)NCCNC(=O)OC(C)(C)C,-6.6,2.9776064166054086,14_1583
O=C(c1ccccc1)N1CCN(Cc2nc3ccccc3n2Cc2ccc(Cl)cc2Cl)CC1,-7.4,3.5995260279842296,14_1584
Cc1cc(C)nc(NC(=O)c2cc(-c3ccccc3O)oc2C)c1,-7.2,3.7316476538230168,14_1585
O=C(Nc1c2c(nn1-c1ccccc1)CS(=O)(=O)C2)c1ccco1,-7.1,3.7339693636517617,14_1586
Cc1ccc(CNC(=O)CCN2c3ccccc3Sc3ccccc32)cc1,-6.1,3.645164908603472,14_1587
N=C1CC(=O)c2ccccc2C1(O)O,-5.4,3.208787173546736,14_1588
O=C1COC2(CCN(C(=O)c3ccc(F)c(F)c3)CC2)CN1CC1CC1,-6.7,3.393280101564358,14_1589
O=C(c1ccc(N2C(=O)c3ccccc3C2=O)cc1)N1CCN(c2ccccc2)CC1,-7.2,3.5675396853653356,14_1590
O=C1NC(=O)C(c2ccc(Oc3ccccc3)cc2)(N2CCN(c3ccc(F)cc3)CC2)C(=O)N1,-7.6,3.5315071470305264,14_1591
O=C(Nc1cccc(-c2ccc3cccc(F)c3c2)c1)c1cnccn1,-7.8,3.6931200469684384,14_1592
Cc1c(-c2ccc(-c3cccc(CO)c3)s2)c2ccccc2n1C(=O)c1ccc(Cl)cc1,-7.6,3.471832735111274,14_1593
COC(=O)N1Oc2ccccc2C=C1CC(=O)c1cccc(C(F)(F)F)c1,-7.5,3.6553260068333966,14_1594
COc1ccnc(NS(=O)(=O)c2cccc(-c3cccc(-c4cc5ccccc5o4)c3)c2)n1,-7.5,3.553112319194985,14_1595
c1ccc(-c2ccnc(Nc3ccc(Nc4nc(N5CCOCC5)nc(N5CCOCC5)n4)cc3)n2)cc1,-8.8,3.3203687418477585,14_1596
O=C1/C(=C/c2ccc(F)cc2)CN(S(=O)(=O)c2cccc(F)c2)C/C1=C\c1ccc(Br)cc1,-7.2,3.5903675368606116,14_1597
O=C(N[C@H]1CC[C@H](CCN2CCN(c3nccc4c3CCO4)CC2)CC1)c1ccnc2ccccc12,-7.5,3.4481925471157098,14_1598
Nc1nc(-n2cncn2)c2ncn(/C=C3/C[C@H]3COCO)c2n1,-6.4,3.305902750251535,14_1599
C(=C(c1ccc(-c2ccccc2)cc1)n1cnc(-c2ccncc2)c1)c1ccccc1,-8.2,3.3071515530190227,14_1600
Cc1ccc(-c2c[nH]c(C(NCc3ccc(F)cc3)C3CC3)n2)cc1,-7.0,3.6271837297422542,14_1601
CC(C)CNC(=O)C1C=C2c3cccc4[nH]cc(c34)C[C@H]2N(C)C1,-7.0,3.540363142764873,14_1602
O=C(Nc1ccc(Cc2ccccc2)cc1)c1ccc2ccccc2c1O,-7.4,3.5111067757383956,14_1603
NC(=O)Nc1sc(-c2ccc(CN3CCCC3=O)cc2)cc1C(N)=O,-6.4,3.6288293593439658,14_1604
N#Cc1cnc(Nc2cccc3[nH]ccc23)cc1Nc1ccccc1C(=O)Nc1nccs1,-8.3,3.313631550820265,14_1605
CN(C)C=C1C=[N+](Cc2ccc(-c3ccc(-c4ccc(Nc5ccnc6cc(Cl)ccc56)cc4)cc3)cc2)c2ccccc21,-7.0,3.0534087034839725,14_1606
CC(C)(C)Oc1ccc2c(N3CCN(C(=O)c4ccc(F)cc4F)CC3)ccnc2c1,-7.1,3.690773940757775,14_1607
O=C(/C=C/c1ccccc1F)Nc1cc2c(Nc3ccc(F)c(Cl)c3)ncnc2cc1O[C@H]1CCOC1,-8.2,3.4824761217964477,14_1608
CC(=O)N[C@@H](Cc1cc(F)cc(F)c1)[C@H](O)CNC1(c2cccc(C3CCOCC3)c2)CCCCC1,-7.5,3.4181289085155493,14_1609
COc1ccccc1N1CCN(CCCCNC(=O)c2ccc3ccccc3c2)CC1,-7.0,3.626424065193409,14_1610
O=C1/C(=C\c2cccc(OCc3ccccc3C(F)(F)F)c2)C=Nc2ccccc2N1c1ccccc1,-8.4,2.4194207405968826,14_1611
CC(=O)NC(Cc1ccccc1)C(=O)N(C)[C@H](/C=C(\C)C=O)C(C)C,-5.6,3.5571816876816706,14_1612
O=c1ccccc2ccc(-c3ccccc3)cc12,-7.0,2.275486425126341,14_1613
CN(Cc1nc(-c2ccc(C(F)(F)F)cc2)no1)C(=O)c1ccc2[nH]cnc2c1,-7.0,3.6959193621388295,14_1614
O=S(=O)(c1cccc2nsnc12)N1CCC2(C=Cc3ccccc32)CC1,-7.4,3.6303756134272795,14_1615
O=C(O)C[C@@H]1COc2cc(OCc3cccc(-c4ccc5c(c4)CN(C(=O)c4ccccc4)CO5)c3)ccc21,-7.6,3.454885969871441,14_1616
COc1ccc(OCCn2ncc3cc(-c4ccc(F)c(F)c4)nn3c2=O)cc1,-7.6,3.6430546516712927,14_1617
O=C(Nc1ccc(-c2cc3ncccc3c(=O)[nH]2)cc1)c1cc2ccccc2o1,-7.5,3.572235388592702,14_1618
O=C(NCc1ccc(Cl)c(Cl)c1)c1ccc(CN2CCCN(Cc3ccccn3)CC2)cc1,-7.2,2.735334525311786,14_1619
O=C(O)c1cn(Cc2ccc(-n3cccc3)cc2)c2c(F)cccc2c1=O,-6.9,3.7199174225990244,14_1620
O=C(Nc1ccnc(-c2cccc(CO)c2)n1)C1CCCCN1S(=O)(=O)c1cccc(C(F)(F)F)c1,-7.9,3.6241030896791964,14_1621
Oc1cccc(-c2cc(-c3cccs3)cc(-c3ccc(O)c(F)c3)n2)c1,-8.3,3.632232972517201,14_1622
COc1ccc(NC(=O)c2c(N)cccc2F)cc1,-6.1,3.6032740883419274,14_1623
O=C(NCCc1ccc(Cl)cc1)c1cccc(-c2cc(-c3ccc(Cl)cc3)cs2)c1,-7.0,3.461070803741574,14_1624
CC(=O)Nc1cccc(Nc2ncnc(N3CC=C(c4ccc(F)cc4C(F)(F)F)CC3)n2)c1,-8.1,3.6337995914405417,14_1625
CC(=O)c1cn(CC(=O)N2C[C@H](O)[C@@](C)(c3ccc(F)c(F)c3)C2)c2ccccc12,-8.0,3.736983759809416,14_1626
Cc1ccc2nc(SCC(=O)NNC(=O)c3ccc4c(c3)OCCCO4)c(C)cc2c1,-7.5,2.6471554344766433,14_1627
COc1ccc(-c2csc(NC(=O)c3ccc(S(=O)(=O)N4CCCCCC4)cc3)n2)cc1,-6.5,2.7659137927853874,14_1628
N=C1OC=CC1=C/N=C/c1coc2ccc(-c3ccc(C(F)(F)F)cc3)cc2c1=O,-7.5,3.6829098916963607,14_1630
CCNc1cc(C(=O)Nc2c(C)ccc3c2C(C)(c2ccccc2)CC3(C)C)ccc1C(=O)N1CCN(C(=O)OCC)CC1,-6.6,3.3867055944800732,14_1631
Cc1c(N2C(=O)C(=Nc3ccccc3C#N)C(Cl)C2=O)c(=O)n(-c2ccccc2)n1C,-7.2,3.542889293899849,14_1632
C=C(C)c1cc(C)c2c(O)cc(C)c(O)c2c1,-7.0,3.413274402427437,14_1633
NCCCCCCCNC(=O)Cn1c2cc(=O)c3ccccc3c-2nc2ccccc21,-6.6,3.393203459087104,14_1634
COc1ccc(N(C(=O)Nc2ccc(F)cc2)C(C)c2nc3ccccc3c(=O)n2N2CCN(C)CC2)c(OC)c1,-7.0,3.5070929241257014,14_1635
CCCC(NC(=O)c1cccc2sc(N(C)C)nc12)C(N)=O,-6.4,3.712029611134154,14_1636
NS(=O)(=O)CCN1CCC[C@@H](c2cccc(C(=O)O)c2)C1,-6.2,3.5902805668665074,14_1637
CC(C)N1C(N[C@@H](C)[C@H](O)c2ccccc2)=NC[C@@H]1Cc1ccccc1,-6.6,3.6919875912360283,14_1638
COc1cccc(/C=N/Nc2ccccn2)c1,-5.6,3.5729731375483667,14_1639
C=C1C(=O)O[C@@H]2[C@H]3C(C)C(=O)O[C@H]3C[C](C)CC[C@H]12,-6.1,1.17643377221808,14_1640
COC=CCC(=N)CCC(=Nc1ccccc1)C(=O)NCCNc1ccccc1C(=O)Nc1ccc2c(c1)oc1ccccc12,-6.8,2.7395485256914274,14_1641
COC(=O)c1c(OC(C)C)cccc1-c1nnc(OC)s1,-5.3,3.6409818073209497,14_1642
CN[C@H]1CCN(c2ccc(C=c3cc4c([nH]3)=Nc3ccccc3C4=O)cc2)C1,-7.5,3.6126763634022305,14_1643
Cc1cccc(Oc2nc3ccccc3nc2-c2ccccc2)c1C,-7.4,3.5180087231556465,14_1644
COc1ccc2[nH]cc(C(c3ccc(N(C)C)cc3)N3CCN(C/C=C/c4ccccc4)CC3)c2c1,-7.5,3.507495495552541,14_1645
O=c1c2ccccc2n(Cc2ccc(F)cc2F)c2ccccc12,-7.0,3.4313821286488864,14_1646
CCOc1cccc(-c2nnc3ccc(-c4cccs4)cn23)c1,-6.8,3.6505748546762846,14_1647
CC(C)CC(NC(=O)OCc1ccccc1)C(=O)NC(Cc1ccccc1)C(=O)NC(C=O)CNC(=O)c1cccc(C(F)(F)F)n1,-6.6,3.038020016539882,14_1648
[O-][N+]1=c2ccccc2=CNc2ccc(C#Cc3ccccc3)cc2C=NN1C1=CC=CCC1,-8.1,1.2362989321865268,14_1649
NC(=O)c1cccc2c1-c1ccccc1C2(O)C(F)(F)F,-6.9,3.597623872744802,14_1650
[CH]C(C)(C)/C(CC[C](C)[CH]CC[CH][C@@H]1[C](C(=O)OCC(=O)C2=CC=COC2)CC[C@H]1C(C)C)=N/OC(=O)c1cccc(C(F)(F)F)c1,-6.0,2.5323128807791253,14_1651
Cc1cnc(-c2cc(N3CCn4cc(C(=O)Nc5ccccc5)nc4C3)ncc2Cl)c(C)c1,-6.7,3.6912259010586164,14_1652
Cc1c(C2=CC=[N+]CC2)cc2ccccc2c1Nc1cccc(-n2ccc(C(F)(F)F)n2)c1,-8.0,3.6120350051635874,14_1653
Cc1c(NC(=O)CNC(=O)Nc2ccccc2F)c(=O)n(-c2ccccc2)n1C,-7.0,3.652986478450506,14_1654
O=[N+]([O-])c1cc(-n2c(O)cn(Cc3ccc(F)cc3)c2=S)ccc1NC1CCCCC1,-6.8,3.463252934204671,14_1655
CN1CCN(c2ccc(N=C3N=Cc4c(O)c(=CC(N)=O)n(-c5ccc6c(c5)CCC6)c4=N3)cc2)CC1,-6.6,3.427834548036612,14_1656
O=S(=O)(O)c1ccc(N=CC2CC=CC2=NN=Cc2cc(Nc3ccc4cnccc4c3)ccc2Cl)cc1,-8.1,3.228077903099124,14_1657
O=C(COCc1ccccc1)NCCOc1ccc(NC(=O)Nc2cccc(Cl)c2)cc1,-6.1,3.5325516924031923,14_1658
Cc1cccc(Nc2cc(NC(=O)c3ccc([N+](=O)[O-])cc3)ccn2)c1C,-7.6,3.6087762041235174,14_1659
O=C(Nc1ccc(F)cc1)c1cncc2nnc(-c3ccc(OC(F)F)cc3)n12,-6.8,3.677121762009796,14_1660
O=c1cc(-c2ccc(O)cc2)oc2cc(OCCCN3CCOCC3)c(O)c(O)c12,-7.4,3.4721936114232834,14_1661
O=C(Cc1cccc(O)c1)N[C@@H](Cc1nc[nH]n1)c1cccs1,-5.9,3.644121938929085,14_1662
C[C@H]1CN(C(=O)Nc2cccc(Cl)c2)C[C@]1(O)C1CC1,-6.0,3.474859996605102,14_1663
CC1=C(c2c[nH]c(N)c(NS(=O)(=O)N3CCOCC3)c2=S)CC(=O)N=CN1,-6.8,2.1688221379912385,14_1664
Nc1ccnc2ccc(-c3cnc(-c4ccc5[nH]ccc5c4)nc3)cc12,-7.8,3.564121483216502,14_1665
O=C1C2CCCN2[C@H](c2ccc([N+](=O)[O-])cc2)N1c1ccc(-c2nc3ccccc3o2)cc1,-7.5,3.449755769547454,14_1666
COc1c(C)ccc2c(Cc3cccc(F)c3C)cc(C)nc12,-7.4,3.5314516232658937,14_1667
Cc1cccc(Cl)c1Nc1nc2cc(N3CCOCC3)ccc2n2cncc12,-8.5,3.7164415414385887,14_1668
O=C(Nc1ccc2c(c1)OCCO2)Nc1cccc2c1C(=O)NC2=O,-7.9,3.476370364423163,14_1669
CN(c1ccc(C(=O)NCCCCCCC(O)=NO)cc1)c1ccccc1S(C)(=O)=O,-5.8,3.0942475649576617,14_1670
N=C1CCc2ccccc2CN1,-5.1,2.14378031421528,14_1671
C=CS(=O)(=O)N(CC(=O)Nc1nc(-c2cccc(OC)c2)cn1C1C=CC(=COC)C=C1)CC1CC1,-7.5,3.4360939254920373,14_1672
O=C(O)CCC(=O)Nc1ccc(-c2nc3ccccc3o2)cc1,-6.2,3.7309112044746495,14_1673
O=C(O)C=CC1=CC(N=CC=c2[nH][nH]c3cc(F)ccc3[nH]c2=CC(c2ccccc2)c2ccc(F)cc2O)C=C1,-8.0,2.1405004942143515,14_1674
CCCn1c(-c2ccc(OCc3cc(C(F)(F)F)ccc3C(F)(F)F)cc2)nc2ccccc2c1=O,-7.4,3.4589923761042787,14_1675
O=C(Nc1cc(Br)ccc1-c1ccc(F)cc1)N1CCN(c2nccc(NCCN3CCOCC3)n2)CC1,-7.5,3.4822658740679087,14_1676
NC1=NC(CCCCC(=O)NC(=O)c2ccc3c(C4CCCCC4)c4n(c3c2)CC(=O)N(CC2CCC2)C4)CCN1,-7.6,3.0167009717148456,14_1677
COc1c(N2CCCC2C(=O)O)ccc(C2(C)C=CN=CNC3=CC=C(C3)OCC(C)(C)N(CCO)CC2)c1N,-6.5,1.5253104050442783,14_1678
O=C1c2cnc3ccc(-c4ccc5c(c4)OCCO5)cc3c2C2CN1CCCN2,-7.7,2.548877307395866,14_1679
O=C(Cc1ccccc1)Nc1cc(-c2ccc3ccccc3c2)nc2ccccc12,-8.6,3.2998688502193962,14_1680
O=C(Nc1ccccc1)Nc1cccc(NC(=O)c2ccccc2)c1,-6.9,3.6245084555110854,14_1681
O=C1c2ccccc2C(=O)N1CC(CSc1ccc(S(=O)(=O)N2CCCC2)cn1)c1ccccc1,-7.7,3.4412296714875286,14_1682
COC=C(C(F)=Cc1cn(C2CC2)cc(C(=O)O)c1=O)N1CCCC(N(C)CC(c2ccccc2)c2ccccc2C)S1,-6.4,3.141078865114019,14_1684
Cc1cc(N2CCN(C(C)C)CC2)nc(NCc2cc(Nc3ccnc4cc(Cl)ccc34)ccc2F)n1,-8.1,3.53015808876938,14_1685
O=C(O)CCC(C(=O)O)C(O)c1ccccc1Cc1ccccc1,-5.9,3.619321059278048,14_1686
C[C]1CC([CH]OC(C)=O)[C@@H]2[C@H](OC(C)=O)[C@@H]3[C@H](c4ccc(=O)oc4)[C@@](C)(CC[C@H]12)C3(C)C,-7.6,1.4705474005265358,14_1687
COc1cccc(/C=C2/Sc3ccc(C(=O)NCc4ccccc4)cc3NC2=O)c1F,-6.6,3.6598314197696764,14_1688
COc1ccc(NC(=O)c2ccc(-c3cc(-c4cccc5ccccc45)ncn3)cc2)cc1,-8.2,3.4087662803256715,14_1689
N#CCSc1nc2c([nH]c3ccccc32)c(=O)n1-c1ccccc1,-6.7,3.6295271280883763,14_1690
COC(=O)Cc1ccc(NC(=O)c2cccc3cc4c(C)cccc4nc23)cc1,-6.7,3.601425816487024,14_1691
CCCN(CC)c1nc(Nc2cccc(Cl)c2F)c2ncn([C@H]3CC[C@@H](CO)O3)c2n1,-6.9,3.5979297130755366,14_1692
O=C(O)/C=C1/C(=O)N(Cc2ccccc2)c2ccccc21,-6.5,3.609451848599152,14_1693
O=c1cc(-c2cccc(-c3cccc(-c4cc5ccccc5c5ccccc45)c3O)c2)oc2cc(Cl)ccc12,-9.6,3.1526922415489596,14_1694
CN(C)CCC1(c2ccccc2)CC2CCC1C2,-5.3,3.053690658446562,14_1695
CN(C)CCCOc1ccc2c(C#Cc3ccccc3)cc3c4ccccc4c(=O)n(CCN4CCOCC4)c3c2c1,-7.4,3.139009334004843,14_1696
CCc1ccc(NC(=O)CCc2c(C)nc3c(c2C)c(=O)n(C)c(=O)n3CC)cc1,-6.5,3.7545731221437437,14_1697
O=S(=O)(Nc1ncns1)c1ccc2c(-c3ccc4c(c3)CCO4)cccc2c1,-7.6,3.704941930181261,14_1698
O=C(Nc1cc(N2CCOCC2)ncn1)c1ccc([N+](=O)[O-])cc1,-7.0,3.5473513400475714,14_1699
c1ccc(-c2ccc3c(c2)CNCCN3c2nccc(-c3cccs3)n2)cc1,-7.9,2.6789042154548737,14_1700
CC(=CCC(=O)CC(=O)c1ccccc1)C(=O)Nc1nccs1,-5.7,3.586706826645896,14_1701
CCN=c1c(S(=O)(=O)C2=CCC=CC=C2)cn(CC(=O)Nc2cccc(C)c2)c2ccccc12,-7.3,2.744159039797127,14_1702
O=C(CN1CCN(Cc2nc(-c3ccc(F)cc3Cl)no2)CC1)Nc1ccc(F)cc1F,-7.0,3.7082503669658453,14_1703
O=C1[CH]C=C(Cc2cccc3ccccc23)CC=CC=CN(C(=O)c2ccc([N+](=O)[O-])cc2)O1,-8.5,1.2099041037901839,14_1704
O=C(NC(C(=O)NCC1(N2CCOCC2)CCCC1)c1cccc(Cl)c1)c1cc2ccccc2[nH]1,-7.8,3.5236461670588155,14_1705
COc1ccc2c(c1)Cc1ccccc1[C@H](c1ccc3c(c1)OCO3)[C@H]2c1ccc2c(c1)OCO2,-7.4,2.3506661995176508,14_1706
O=C(Nc1nc2ccccc2[nH]1)c1cc2c([nH]c3ccccc32)c(-c2cccc(NC(=O)c3cccc(F)c3F)c2)n1,-9.7,3.1975546159154207,14_1707
Cn1cnc2c(NCCCO)nc(-c3cccc(N)c3)nc21,-6.5,3.4805059551359827,14_1708
Cn1cc(CN2C[C@@H]3COC[C@]3(c3n[nH]c(C4CC4)n3)C2)cn1,-6.8,2.323841289490592,14_1709
NCC1C[C@]1(C(=O)NCC1CC1)c1ccccc1,-5.3,3.3928171824434186,14_1710
O=C(O)c1ccc(-c2ccc3cnc(Nc4cccc(Cl)c4)nc3c2)cc1,-7.5,3.6722063333887753,14_1711
O=C(O)C(C(=O)Nc1ccccc1O)N1CCCc2cc(F)ccc2C1O,-6.8,2.4780880911253402,14_1712
C[C@@H](Nc1cncc(-c2cccc(/C=C/C(=O)O)c2)n1)c1ccccc1,-7.2,3.67658590866113,14_1713
N#Cc1cccc(NC(=O)Nc2ccc(-c3cncc4[nH]nc(N)c34)c(F)c2)c1,-7.5,3.470199802206345,14_1714
O=[SH](=O)c1ccccc1N(c1cccc(NC2CN3CCC2C3)c1)c1ccc2ccccc2c1,-7.7,3.4516322016494176,14_1715
CNC(=O)N[C@@H](CC(=O)NCc1cccc(-c2ccc3c(c2)OCO3)c1)c1ccccc1,-7.3,3.646146118483344,14_1716
CCC1(CCNC(=O)N2CCN(C)CC2)CCN(Cc2cccc3ccccc23)c2ccccc2O1,-8.1,2.6012370076805036,14_1717
COC(=O)[CH][C@H](CC(=O)O[CH]c1ccc(C(F)(F)F)cc1)c1ccc(OC)cc1,-5.8,3.6558296191839244,14_1718
COc1ccc(-c2nnc(-c3ccc(C(=O)NN=Cc4ccc(O)cc4)cc3)o2)c(OC)c1,-6.4,3.432720394472141,14_1720
CC(NC(=O)C(CC(=O)N(C)C)NC(=O)C(NC(=O)OC(C)(C)C)C(C)C)C(=O)C(F)(F)C(F)(F)F,-5.4,1.684578240838893,14_1721
O=C(Nc1ccc(Br)cc1)C(F)(F)F,-5.3,3.294423264774003,14_1722
CC(=O)Nc1ccc(S(=O)(=O)NCCC(=O)OCC(=O)c2cc(C)n(C3CCCC3)c2C)cc1,-6.1,3.4274976454376618,14_1723
COc1ccc(C2=C(c3ccc(Br)cc3)C(=O)O2)cc1,-6.4,3.592417220165779,14_1724
O=C(Nc1ccc2c(c1)CCC2)c1ccc(-c2ccccc2)cc1,-7.2,3.4528108177330763,14_1725
c1ccc(CCNc2ncncc2-c2ccccc2)cc1,-6.4,3.6722546285722033,14_1726
O=C(c1ccccc1)n1c(-c2ccccc2)nnc1N1CCN(S(=O)(=O)c2ccccc2F)CC1,-8.3,3.592515496174019,14_1727
C=CC(C=CC=CN=CCC=O)n1c2c(c3ccccc3c1=O)C(=O)c1ccccc1-2,-6.6,3.3676856268257627,14_1728
O=C(Nc1ccc([N+](=O)[O-])cc1)N(Cc1ccco1)c1ccccc1F,-6.9,3.6734523141348308,14_1729
O=C(Nc1cccc(OC(F)(F)F)c1)c1ccccc1Cn1ccc2ncnc-2c1,-7.5,3.668605673067583,14_1730
COc1cc(C=Cc2c(-c3ccc[nH]3)ncc3ccccc23)c([N+](=O)[O-])cc1OC,-7.1,3.5655037195237234,14_1731
O=CC(=Nc1ccccc1)n1ccc2ccccc21,-6.4,3.3890170001001882,14_1732
O=C(N[C@H]1C2CC3CC1C[C@](O)(C3)C2)c1cnc(N[C@H]2CCOC2)nc1C1CCCC1,-7.6,3.165999316735385,14_1733
Fc1ccccc1-c1cc(NCc2ccccc2Cl)ncn1,-6.6,3.7258639898590227,14_1734
COC=CC1Oc2cc(-c3cccc(F)c3)oc(=O)c2C=C1OC,-6.6,3.7097745222779444,14_1735
C[C@@H]1CN([C@H](C)CO)S(=O)(=O)c2ccc(C#Cc3cccc(F)c3)cc2O[C@H]1CN(C)C(=O)Nc1ccc2c(c1)OCO2,-8.1,1.5334959677395652,14_1736
Cc1cc(NS(=O)(=O)c2ccc(NC(=O)c3cccc(Cl)c3)cc2)no1,-7.2,3.6975966615128004,14_1737
O=C(O)c1ccc(S(=O)(=O)Nc2cc3c(Oc4ccccc4Cl)ncnc3s2)cc1,-7.3,3.5548135520275848,14_1738
O=C(CCc1ccco1)NC(CCS)C(=O)NC(Cc1ccccc1)C(=O)O,-6.0,3.4029221526596505,14_1739
Cc1nc(-c2ccc3c(N)[nH]nc3c2)cnc1-c1ccc(N(Cc2ccccc2)C(=O)c2ccc(O)cc2O)cc1,-6.8,3.1626295656932095,14_1740
O=C(N/N=C/c1ccc(Oc2ccc3ccccc3c2)cc1)c1ccc(C(=O)c2ccc(Oc3ccccc3)cc2)cc1,-0.9,3.0654839681647967,14_1741
CC1=C(/C=C\C(C)=C\C=C\C(C)=C\C(=O)O)C(C)(C)CCC12CC2,-5.7,3.1209520811123097,14_1742
CCC(CC)C(=O)Nc1ccccc1C(=O)Nc1ccc2c(c1)C(=O)c1ccccc1C2=O,-7.1,3.664598298546469,14_1743
N=C(Nc1ccccc1-n1cccc1N)c1ccc2ncccc2c1,-7.3,3.5213532128942235,14_1744
O=C(Cc1ccc(Nc2nccc(-c3cccc(Oc4ccccc4Br)c3)n2)cc1)N1CCCC1,-7.7,3.5661403726958443,14_1746
COc1cc(CCNC(=O)COc2ccc3c(c2)CCCC3)ccc1OCc1nc(C)c(C)nc1C,-6.6,3.6176935163648167,14_1747
COc1ccc(Cc2noc(CCc3c[nH]cn3)n2)cc1,-6.2,3.755551073381472,14_1748
Cn1c(C(Cc2ccccc2)NC(=O)CC#N)nc2ccccc21,-6.4,3.794916697506168,14_1749
O=C(Nc1ccc(N2CCN(C(=O)c3ccccc3)CC2)cc1)c1cc(F)ccc1F,-7.4,3.7391976422640654,14_1750
Cc1cccc(C(=O)Nc2ccc3c(c2)C(=O)N(CC2CCCO2)C3=O)c1,-7.3,3.647412802243802,14_1751
CC[C@H](C)C(C=O)NC(=O)C1C(=O)c2ccccc2Oc2ccc3ccccc3c2[C@H]1c1ccccc1,-6.8,1.5989167344228634,14_1752
Cc1nc(Nc2ccc([N+](=O)[O-])cc2)nc2c1C(=O)C=CC2=O,-7.4,3.538431389293789,14_1753
O=C(Nc1cccc2ncccc12)c1cc2ccc(O)cc2s1,-7.2,3.658855377902877,14_1754
O=C(c1ccccc1)c1ccc(NC(=O)N2Cc3ccccc3C2)cc1,-7.4,3.5879345986187667,14_1755
CCCCC1CCCCCCC/C=C/[C@H]1CO,-4.9,0.6837858873668052,14_1756
C=CCNc1ccc(C(=O)OCC)cc1C(=O)c1ccccc1,-5.9,3.5666942691530563,14_1757
O=C(CC1=CC(=NS(=O)(=O)c2ccc(-n3cccn3)cc2)C=C1)NN=CSCC(=O)Nc1ccc2c(c1)c1ccccc1n2CCO,-6.5,2.734500951231966,14_1758
COC=CC=C(C=Cc1ccccc1NCC1=CC=CC1)CN1CCN(C/C=C/c2cccc(Oc3ccc(-c4ccccc4)cc3)c2)CC1,-5.9,2.8107598931508626,14_1759
Oc1ccc2c(c1)=CCC(Cc1ccccc1)C=2c1ccc(O[C@H]2CCN(CCCF)C2)cc1,-7.2,3.4906372897293427,14_1760
Cc1cc(NC(=O)NCC23CC4CC(CC(C4)C2)C3)ccc1N1CC(F)(F)C1,-6.4,3.227795003837832,14_1761
c1ccc(-c2nc3cccnc3c3cc4ccccc4cc23)cc1,-8.5,3.1695968549171223,14_1762
O=C(Oc1ccc2ccc(O)cc2c1)c1cccc(Br)c1,-7.3,3.5972719176213506,14_1763
O=CF,-2.0,1.2766043351670637,14_1764
Cc1cc(C)c(-n2ccnc2C(C)c2c[nH]c(C)c2)c(C)c1,-5.8,3.61642361004401,14_1765
C=CC=CC=CC(=CC(=COC)c1ccc(OCO)cc1OC)c1ccc(OCCN2CCCCC2)cc1,-6.2,3.267314384282518,14_1766
CN(Cc1ccc(-c2ccccc2)o1)C(=O)C1CCC(c2nccc(-c3cccc(C(F)(F)F)c3)n2)CC1,-7.4,3.497187857882259,14_1767
O=c1cnc2ccccc2n1Cc1ccc(-c2cccc3ccccc23)cc1,-8.6,3.3846880586502364,14_1768
CC(OC(=O)Cc1ccccc1NC1CCCCC1)C(=O)Nc1cccc(F)c1,-7.1,3.654444414698916,14_1769
O=C(Nc1ccc(C(=O)N2CCN(S(=O)(=O)c3ccc(Cl)cc3)CC2)cc1)c1ccccc1,-7.3,3.759527189962243,14_1770
O=C(Nc1ccc(C(F)(F)F)cc1)Nc1ccc2ncnc(Nc3ccc(Cl)c(C(F)(F)F)c3)c2c1,-8.2,3.346798721736807,14_1771
C[C@@H]1CN(c2cccc(C#N)c2)C(=O)c2cc(COc3ccc(Cl)cn3)nn21,-6.7,3.735603425554028,14_1772
CO[CH]/C=C\C=C(/C)C(=O)n1ccc(=O)c(NCCN(C)C)c(C[C@@H](C)C[C@H](OC)[C@H](O)[C@@H](C)/C=C(\C)[CH]OC(N)=O)c1=O,-5.0,1.924668207695631,14_1773
COC(=O)C1CC(O)CN1S(=O)(=O)c1ccc(C)cc1,-6.1,3.501924075475541,14_1774
O=C(CSC1=Nc2ccccc2N=C(c2ccc(F)cc2)C1)Nc1ccc2c(c1)CCC2,-8.1,2.6118626362824204,14_1775
O=c1ccn(CCCCn2ccc3cccc(Br)c32)c(=O)[nH]1,-6.3,3.7326639999321545,14_1777
CCc1ccc(C(=O)Nc2cc(-c3ccccc3C(F)(F)F)ccc2N2CCN(C)CC2)cc1,-7.4,3.634638891899021,14_1778
Cc1ccc(C#N)c(N2CCN3Cc4cnc5cc(F)ccc5c4C(=O)C3C2)n1,-8.2,3.597954158644729,14_1779
Cc1ccc(C(=O)Nc2ccc3c(c2)N=CC(C)N=CCC3C)cc1C#Cc1cnc2[nH]nc(C)c2c1,-7.4,1.292987622264513,14_1780
COC=CC([CH]Oc1ccc(-c2cccc(-c3nc4ccccc4[nH]3)c2)cc1F)=CCC=O,-6.6,3.3712300565236144,14_1781
O=C(O)Cc1nc(-c2ccccc2)nc2c1Cc1ccccc1-2,-7.8,3.7112385558522956,14_1782
O=c1c2c(cnc3ccccc32)nc(NCc2ccc([N+](=O)[O-])cc2)n1-c1ccccc1,-8.3,3.382310245761701,14_1783
O=CC=CC12Oc3cccc4ccc(c(c34)O1)-c1c(OC(=O)c3ccc(-c4ccc([N+](=O)[O-])cc4)o3)cccc12,-8.4,2.6946915611802735,14_1784
C#CC=CC=Cc1cn([C@@H]2[C@@H](O)[C@@H](O[C@@H]3[C@H](N)[C@H](O[C@H]4O[C@H](CN)CC[C@H]4N)[C@@H](N)C[C@H]3NC(=O)C(O)CCN)O[C@H](CN)[C@H]2O)c2cc(Br)ccc12,-6.4,2.211738933649106,14_1785
O=C(NCc1cnccc1-c1ccccc1)c1ccc(-c2cccc(F)c2F)nc1,-7.3,3.6755219912094366,14_1786
O=C1c2ccccc2C(=O)c2c(NCCc3c[nH]cn3)cccc21,-6.6,3.74054515438009,14_1787
O=C(Nc1cccc(CN2CCC(C(=O)NC3CCCCC3)CC2)c1)C1CCN(C(=O)c2ccccc2)CC1,-7.2,3.3969048781309987,14_1788
COc1ccc2nc(Nc3nnc(Nc4ccccc4OC)s3)sc2c1,-6.8,3.529187687092222,14_1789
COCCCNc1nccc(-c2cccnc2Oc2ccc(Nc3nc4ccccc4[nH]3)c3ccccc23)n1,-8.2,3.136002718208282,14_1790
O=C(c1ccc(NS(=O)(=O)c2cccc3scnc23)cc1)N1CCC(O)(c2ccc(F)cc2)CC1,-8.1,3.600903176260001,14_1791
C=CCc1cc(CCC(=O)O)ccc1C#Cc1ccccc1C(=O)Nc1ccccc1C(=O)Nc1cccnc1,-7.0,3.2556094557357187,14_1792
O=C1C(=Cc2ccc(O)c(-c3ccc(Cl)c(Cl)c3)c2)SC(c2ccccc2)(c2ccccc2)N1c1ccccc1,-8.1,3.047207178624927,14_1793
CNC(=O)C1O[C@@H](n2cnc3c(N)nc(C#CC4(O)CCCCC4)nc32)CO[C@@H]1O,-7.2,3.009184653537359,14_1794
O=C(O)CCc1cn(-c2ccc(-c3ccccc3OC(F)(F)F)nc2)c2nccc(-c3cnc4ccccc4c3)c12,-7.8,3.372355561520525,14_1795
Cc1ccc2[nH]c(CNC(=O)Cn3c4c(c(C)cc3=O)C(=O)CCC4)nc2c1,-6.9,3.7403865009618595,14_1796
Cc1cccc(Oc2nccc(-c3c(-c4ccc(F)cc4)ncn3C3CCCC3)n2)c1,-7.8,3.572359050525213,14_1797
OC(CN1CCC(c2ccnc(NCc3ccccc3)n2)CC1)(Cn1cncn1)c1ccc(F)cc1F,-7.1,3.487301104576103,14_1798
O=C(O)C(=O)CC(=O)c1cccc(NC(=O)c2ccc(-c3ccccc3)cc2)c1,-7.3,3.521186056875915,14_1799
CCOC(=O)N1CCN(C(=O)CC2Cc3ccccc3CN2C(=O)c2ccco2)CC1,-7.4,3.6242848377199604,14_1800
[NH]c1cc(-c2ccc(-c3cccc(Nc4nccc(C(F)(F)F)n4)c3)cc2)ccc1C=O,-7.8,3.6062750069154705,14_1801
O=C(Nc1ncc([N+](=O)[O-])s1)c1ccc(NS(=O)(=O)c2cc(Br)ccc2O)cc1,-7.4,3.316448168790071,14_1802
Cc1ccc(CN2CC(Nc3ccccc3)C2)cc1,-6.0,3.496540733977235,14_1803
N=C(N)c1ccc(-c2cc(-c3cccc4ccccc34)c3ccccn23)cc1,-8.3,3.2910960245275067,14_1804
O=C(N[C@H](/C=C/S(=O)(=O)c1ccccc1)CCc1ccccc1)c1ccc2ccccc2c1,-7.8,3.5558653942890053,14_1805
O=C(/C=C/c1ccc(F)cc1F)Nc1ccc(-c2ccc(NC(=O)CN3C(=O)c4ccccc4C3=O)cc2)cc1,-4.8,3.3186068818510233,14_1806
Cc1nc2ccccc2c(-c2ccc3c(c2)OCO3)c1-c1ccccc1/C=N/n1cnnc1,-7.1,3.442207024366189,14_1807
O=[N+]([O-])c1cc(S(=O)(=O)C(F)(F)F)cnc1N1CCCC1c1ccc(Cl)c(Cl)c1,-6.3,3.509366795708268,14_1808
CCCCCOC(=O)N1CCN(C(=O)C(CCC(=O)O)NC(=O)c2cc(OCC3CCNCC3)cc(-c3ccccc3)n2)CC1,-6.8,3.020152883505496,14_1809
O=S(=O)(Nc1cccc(Oc2cncc(F)c2)c1)c1ccccc1F,-7.0,3.8027361699088065,14_1810
O=[N+]([O-])c1ccc(NN=Cc2cc(O)ccc2O)cc1,-6.1,3.290104445148602,14_1811
Cc1ccc(S(=O)(=O)NC(=O)c2cccc([N+](=O)[O-])c2C)cc1,-7.2,3.628343558611346,14_1812
COc1ccc(C(=O)NC(C(=O)O)c2ccc3c(c2)OCO3)cc1,-6.8,3.7144822193636804,14_1813
O=C(CS1=CN=C(c2cc3ccccc3[nH]2)N1)Nc1ccc(Br)cc1,-6.5,3.6011662419393056,14_1814
Nc1nc(=O)c2c([nH]1)NCC(CCNc1ccc(C(=O)NC(Cc3ccccc3)C(=O)O)cc1)C2,-7.4,3.2606394828438985,14_1815
COC(=O)C1(O)CCN(C(=O)Cc2ccc(F)c(F)c2)C(c2ccc(F)cc2)C1,-6.2,3.749153147990926,14_1816
CNC(=O)C=Cc1cccc(-c2cccc(NC(=O)C(N)C3CC3)c2)c1,-7.0,3.595829509800529,14_1817
O=C(O)c1ccc(-c2nc(-c3cccc(C(F)(F)F)c3)c(-c3ccccc3F)[nH]2)cc1,-8.1,3.482644769063713,14_1818
CS(=O)(=O)c1ccc(C(=O)NC(=S)Nc2ccc(O)cc2)cc1,-6.3,3.5025632172004104,14_1819
CCCc1cc(Oc2ccc(Br)nc2)ccc1OCCCOc1ccc(-c2sc(=O)[nH]c2O)cc1,-6.0,3.2957143953049384,14_1820
COc1cccc2c1c(C(=O)CC(=O)C(=O)O)cn2Cc1ccc(-c2cccnc2)cc1,-6.8,3.4695404417356492,14_1821
C=CCOc1ccc(NC(=O)C(=O)c2cn(CC(=O)N3CCOCC3)c3ccccc23)cc1,-7.3,3.5428328820664183,14_1822
CC(C)Oc1cccc(CN2CCC3(CC2)CC(=O)c2cc(F)ccc23)c1,-7.4,3.5248212295160104,14_1823
O=C(NCCc1c[nH]c2ccccc12)c1cc(-c2ccccc2)[nH]n1,-7.3,3.561633517196006,14_1824
O=C(NCCc1cc2c(-c3cnn4ncccc34)ccnc2[nH]1)C1CCCN(Cc2c[nH]cn2)C1,-7.5,3.376817599371834,14_1825
O=C(c1ccccc1)N1CC[C@H]2[C@H](CCC(=O)N2c2ccccc2)C1,-7.5,3.5312556888029487,14_1826
NC(=O)N1CN(c2ccccc2N=CN2CC(NC(=O)c3ccco3)CCO2)C=N1,-7.7,3.3970968866779723,14_1827
O=C1c2ccccc2C(=O)N1Cc1n[nH]c(-c2cccs2)n1,-6.8,3.6880530442549064,14_1828
O=C(Cc1ccc2c(c1)OCO2)Nc1ccc(C(=O)N2CCN(c3ncccn3)CC2)cc1,-7.8,3.616842898181943,14_1829
O=C(Nc1ccc(C2=CCN(C(=O)c3cccnn3)CC2)cc1)N1Cc2ccncc2C1,-7.9,3.683559637276214,14_1830
N#Cc1cc([N+](=O)[O-])ccc1NC(=O)Cc1cccc2ccccc12,-7.5,3.69504600005048,14_1831
NC(=NO)NN=Cc1cc(Cl)ccc1O,-6.1,2.9429642751833276,14_1832
CC(C)(O)C#Cc1ccc(C(=O)N2C=Cn3nc(-c4ccc(F)c(F)c4)cc3C=N2)cc1,-8.1,2.7359971450729814,14_1833
CCc1nc(-c2ccc(-c3ccc(CCC(N)(CO)COP(=O)(O)O)cc3)cc2)co1,-6.3,3.3674176427177684,14_1834
C=CC(C)(c1ccc(OCc2cccc(-c3cccc(C(N)=O)c3)c2)cc1)c1ccc(OC(F)(F)F)cc1,-7.5,3.3975971351438057,14_1835
O=C(/C=C/c1ccc(Cl)c(Cl)c1)NCCCCCN1CCC(c2c[nH]c3cc(C(F)(F)F)ccc23)CC1,-6.1,3.309195988644949,14_1836
COc1cnc2c(Nc3ccc(F)c([C@]4(C)C[C@@H](C(F)(F)F)OC(=N)N4)c3)nccc2c1,-8.4,3.540341943963521,14_1837
CC(C)(C)C=CS1=C=CC(c2ccccc2[SH](=O)=O)N=C1,-5.8,3.570401052178271,14_1838
O=C(c1ncccc1Nc1ccccc1O)N1CCN(c2ncccn2)CC1,-7.5,3.6449079448767603,14_1839
C[C@@H]1CN(C(=O)c2ccccc2)CCN1c1nnc(-c2ccc(C#N)cc2)c2ccccc12,-6.6,3.6189772815036902,14_1840
CC=CC(C)=CC(=O)C(=O)Nc1c(NC(=O)c2ccc(Br)s2)cccc1-c1ccccc1CN,-7.1,3.3310550915148367,14_1841
COc1cccc(-c2cc(C(=O)N3CCCC(C(=O)N4CCCCC4)C3)no2)c1,-7.3,3.6685246766307325,14_1842
COc1ccc(C(=O)Nc2ccc(N3CCOCC3)c(C(F)(F)F)c2)cc1Oc1ccc(-c2[nH]nc3ncnc(N)c23)cc1,-7.4,3.1265090523977053,14_1843
Cc1noc(C)c1-c1cncc(-c2ccc3c(c2)C2(COC(=N)N2)C2(CC2)CO3)c1,-8.3,3.4894386338357957,14_1844
CCn1nc(C)cc1-c1nc(C)cc(C)[nH]c2ccc(OC)cc2n1,-6.6,1.6375016037198384,14_1845
O=C(Nc1ccc(N2CCOCC2)cc1)c1cc(-c2ccccn2)nc2ccccc12,-8.0,3.70082228806195,14_1846
Cc1cc([N+](=O)[O-])ccc1-n1cnc2c(N=C3C=C(N=Cc4ccccc4O)CC3)nc(-c3ccccc3)nc21,-7.8,3.109346031645213,14_1847
Cc1ccc(NC(=O)Cn2nc3nc(N4CCOCC4)ccn3c2=O)cc1Cl,-7.8,3.635955709556459,14_1848
O=C(COc1cccc(C(F)(F)F)c1)NCC(c1ccco1)N1CCCCC1,-6.1,3.7593745179684976,14_1849
O=C1CC(c2ccccc2)=Nc2ccccc2S(=O)(=O)c2ccccc2Oc2ccccc21,-8.7,1.4585205507677097,14_1850
COc1ccc2c(Nc3ccc(C(=N)N)cc3)c3ccccc3nc2c1,-7.7,3.4300038801225274,14_1851
C=Cc1cc2[nH]c3cc(-c4cccc(OC)c4)ccc3c2nn1,-6.9,3.640948296859722,14_1852
COc1cccc(Nc2nc3ccccc3nc2-n2nc(C)cc2C)c1,-8.1,3.7178370718365135,14_1853
Cc1noc(C)c1CN1CCC(n2c(C)nc3cnc4cc(F)c(-c5ccc(Oc6ncccn6)cc5Cl)cc4c32)CC1,-7.7,3.185604134435255,14_1854
O=C(O)C1=NC(=O)C(Cc2ccc(-c3ccc(OC(F)(F)F)cc3)o2)C1=S,-6.8,3.6938475841938967,14_1855
O=C(NCC(c1ccccc1F)N1CCCCC1)c1cnn2ccccc12,-7.2,3.771079557160437,14_1856
O=c1[nH]c(=O)n([C@H]2C[C@H](O)[C@@H](CO)O2)cc1-c1cc2ccccc2s1,-7.2,3.55348623737912,14_1857
O=C(O)c1ccc(COc2ccc3c(c2)c2cccc4c2n3CCC4)cc1,-7.4,3.6253161555979805,14_1858
COC=CC=C(COC)[C@H]1[C@H](c2ccccc2)N[C](c2cccc([N+](=O)[O-])c2)Cc2c(CO)cnn21,-7.4,2.2857304573673543,14_1859
COC(=O)CCc1ccc(COc2cccc(F)c2F)cc1C(=O)NC(CC(C)C)C1C=C(C)C=CC1,-7.2,3.4835738621221677,14_1860
N=C(N)Nc1ccc2c(c1)C(=O)c1ccccc1-2,-6.7,3.372174938138408,14_1861
CC=C1C=C(c2cc(C(=O)Nc3cccc(-c4cnn(C)c4)c3)ccc2NC(=O)N2CCCCC2)C=C1Cl,-7.5,3.5105465564896328,14_1862
CC(C)(C)CN1CCC2(CC1)CN(c1ccccc1NC(=O)Nc1nc3ccc(F)nc3s1)c1c(O)ccc(C(F)(F)F)c12,-8.6,3.0842207003790945,14_1863
CCOC(=O)CSc1nc2ccc(NC(=O)c3ccccc3NC(=O)C3CCC3)cc2s1,-7.1,3.5195023670858294,14_1864
Cc1ccc2ccccc2c1Cn1cc(CSc2nc3ccccc3nc2Cc2ccccc2)nn1,-7.4,3.3433115848318593,14_1865
COc1cc(Nc2ncnc3c(NC(=O)c4ccccc4C(F)(F)F)cccc23)cc(OC)c1,-6.9,3.58903441429987,14_1866
CCC1C=CC(=O)OC=CC(N2CCN(C(=O)CCC(=O)Nc3ccccc3N)CC2)=C2C=CC(C)(C)OC2=C1,-7.1,0.8178393773501149,14_1867
O=C1N=CC=CC(Cn2cnc3ccc(-c4cccc(F)c4)cc3c2=O)Cc2cc(Cl)ccc2N1,-8.4,1.473034519425319,14_1868
C=CC=CC=Cc1sc(NC(=O)c2ccccc2Sc2ccccc2C#N)nc1C1=CC=COC1,-7.1,3.445432861969908,14_1869
CC1Cc2ccccc2N1C(=O)Cc1cccc(C(=O)NCC#N)c1,-7.4,3.7081608522151823,14_1870
O=C1C(=Cc2ccc(F)cc2F)C(=O)N(c2ccc(Cl)cc2)N1c1ccccc1,-8.6,3.5370066312896586,14_1871
O=C(Nc1nc(-c2ccccc2)cs1)c1coc(-c2c(Cl)cccc2Cl)n1,-7.2,3.6752552250791015,14_1872
N#Cc1ccc(-c2ccc(-c3ccnc(Nc4ccc5ncsc5c4)n3)cc2)cc1,-7.0,3.5658253114146534,14_1873
CCCCN1CCCC1C(=O)Nc1cccc(Cl)c1,-5.7,3.5564518917580257,14_1874
O=C(NCc1ccc(Cl)cc1Cl)c1ccccc1Nc1ccc2c(C=Cc3ccccn3)[nH]nc2c1,-7.4,3.2504542870490747,14_1875
O=C(Nc1cccnc1)c1ccc(Br)cc1,-5.2,3.638859560554228,14_1876
O=C1/C(=C/c2ccc(Cl)cc2Cl)Cc2cccc(O[C@@H]3O[C@H](CO)[C@@H](O)[C@H](O)[C@H]3O)c21,-7.1,3.3550986660078523,14_1877
O=C(N[C@@H]1CN(Cc2cccs2)C[C@@H]2CCCO[C@@H]21)N1CCC(c2nccs2)CC1,-7.0,3.531632929701801,14_1878
O=C(OCc1ccccc1)C1[C@@H](c2ccccc2)C(C(=O)Oc2ccc(Br)cc2)[C@@H]1c1ccc(O)cc1,-5.9,3.408115768697464,14_1879
CC(=CC=C[N+](=O)[O-])CSc1ncnc2c1ncn2Cc1c(F)cccc1F,-6.9,3.2296166512910602,14_1880
CC1(C)O[C@@H](c2cccc(-c3cnnc4cc(Cl)ccc34)c2)C[C@@H]1O,-7.9,3.7596983499837835,14_1881
NNC(=O)C(Cc1c[nH]cn1)NC(=O)C(Cc1ccccc1)C(=O)NCC(=O)O,-6.7,2.8471679114802644,14_1882
C[n+]1cccc2cc(NC(=O)c3ccc(SCC(=O)Nc4nc5ccccc5s4)nn3)ccc21,-7.6,3.3708387848996026,14_1883
CNC(=O)Nc1cccnc1,-4.3,3.2381774974667286,14_1884
Cc1ccc(-c2cc(C(=O)O)c3cnn(Cc4ccncc4)c3n2)cc1,-7.3,3.7368451170203043,14_1885
COC=C1C=C(C(=O)Nc2ccc3c(c2)c(CC(=O)N2CCOCC2)c(C)n3C(=O)c2ccccc2)C=C1Cl,-8.4,3.5245945227317215,14_1886
COc1ccccc1C(c1nnnn1C1CCCC1)N1CCN(c2nc3ccc(F)cc3s2)CC1,-7.3,3.4168762615568258,14_1887
Cc1ocnc1C(=O)N[C@H]1COC[C@@H]1Nc1cnc(C(F)(F)F)cn1,-6.6,3.5658250114377856,14_1888
CC(C)c1ccc(NC(=O)Nc2ccccc2C(=O)N2CCCC2)cc1,-7.0,3.6801121729597206,14_1889
Cc1ccc(C(=O)NCCc2nc(-c3cccc(Cl)c3)oc2C#N)o1,-6.9,3.791224507123581,14_1890
COc1cc(C=C2Oc3cc(OC(C)(c4ccc(Cl)cc4)C(C)C)ccc3C2=O)ccc1OCCN1CCN(C)CC1,-5.9,3.245758086375897,14_1891
CCn1c(/C=C/C(=O)/C=C/c2nc3ccccc3n2CCC(C)C)nc2ccccc21,-6.6,3.507615453175691,14_1892
O=C(OCC(F)(F)F)c1cnc(Nc2nc3ccccc3o2)nc1C1CC1,-6.5,3.6415735093946244,14_1893
CC(C)(C)NC(=O)C1O[C@H]2CN(Cc3ccccc3)C(=O)C1O2,-6.6,3.55161572348326,14_1894
N#CN1CC[C@@H](n2cc(NC(=O)c3ccc4[nH]cnc4c3)cn2)C1,-7.2,3.6122742216881125,14_1895
O=C(CCCCNC(=O)c1cc(=O)n(Cc2ccc3c(c2)OCO3)c2cc3c(cc12)OCCO3)c1ccccc1Cl,-8.0,3.2493216782429686,14_1896
O=C(CC=Nc1ccc(F)cc1)c1cccc(-n2cccc2)c1,-6.4,3.52954667095864,14_1897
O=C(C=C1N=c2ccccc2=C1c1cc2ccccc2oc1=O)Nc1ccc(S(=O)(=O)Nc2ncccn2)cc1,-8.0,3.2180507689999205,14_1898
CCOC(=O)C1=NC(=O)C(=NC(=O)c2ccc3c(C4CCCC4)c(-c4ccc(Cl)cn4)n(CCO)c3c2)CCCCCCCC=C1,-7.4,1.0620132502343407,14_1899
COc1cc(/C=C/C(=O)OC(C(=O)O)[C@](O)(Cc2ccc(O)cc2)C(=O)O)ccc1OC(=O)CCN1CCN(c2ccccc2F)CC1,-6.0,2.742930381223177,14_1900
CC1(C)CC(=O)C2C(=Nc3ccccc3NC2c2ccccn2)C1,-7.0,2.632860890966551,14_1901
O=C(c1ccccc1Cl)N(c1ccc(F)cc1)c1nc2cc3c(cc2[nH]c1=O)CCCC3,-7.8,3.6365138568816784,14_1902
CC(=O)SCC(=O)c1ccc(NS(=O)(=O)c2ccc3c(c2)oc(=O)n3C)cc1,-6.8,3.5697629316045423,14_1903
O=C(Nc1nnc(-c2ccc(F)cc2F)o1)c1ccc(-c2ccc([N+](=O)[O-])cc2)o1,-7.9,3.5018230962173567,14_1904
O=C(NCc1ccccc1)c1ccc(-c2cccc(CN3CCCCC3)c2)cc1-n1cccc1,-7.7,3.5134763223543937,14_1905
O=C(Nc1cccc(Oc2cccc3[nH]c(=O)[nH]c23)c1)c1ccccc1,-8.0,3.613657455853354,14_1907
COc1ccc(C(O)(c2nc[nH]n2)c2cc3ccccc3cc2-c2ccccc2)cc1OC,-6.9,3.528447950934824,14_1908
COc1c(N2CCC(c3[nH]nc4c3C(O)(C(F)(F)F)CC(=O)N4)CC2)ccc2ccc(C(F)(F)F)nc12,-8.2,3.3567119925256668,14_1909
Cn1cc(-c2ccc(-c3cnc(N)c(-c4ccc5c(c4)C([O-])([S+])N(O)C5)c3)cc2)cc1-c1cccnc1,-7.6,3.403292088349418,14_1910
COc1ccccc1Oc1c(NS(=O)(=O)c2ccc(C(C)(C)C)cc2)nc(-c2ncccn2)nc1OCC#CCOC(=O)Nc1ccccc1,-7.0,2.874615323851435,14_1911
O=C(NCc1ccco1)c1ccccc1-c1ccc(Cc2sc(=O)[nH]c2O)cc1,-7.6,3.598025990613146,14_1912
Cc1nc(C)c(C2(C)CCCCC2)nc1C(=O)Nc1ccc(-c2cccc(F)c2F)cc1,-7.7,3.66526678707811,14_1913
O=C(O)c1ccc(-c2cccc3ccccc23)nc1,-7.5,3.6048378614896697,14_1914
Cc1ccc2c(N)c(C(=O)NCCc3ccc(N4CCC5(CCCNC5)CC4)cc3)sc2n1,-7.2,3.5329901032474798,14_1915
CCOC(=O)C1C(=O)C(=O)N(Cc2cccnc2)C1c1cccs1,-5.4,3.5254577320377587,14_1916
O=C(NCC1(N2CCCCC2)CCCCC1)c1ccc(NC(=O)c2cccc3ccccc23)cc1,-7.5,3.4955772771115985,14_1917
CCNC(=O)C(CCC#CCN(C)CC(=O)O)N(Cc1ccccc1)C(=O)OC(C)C,-5.3,3.478781258384981,14_1918
Cc1cc(S(=O)(=O)Nc2nc3ccccc3n2C)c(Br)cc1Br,-6.9,3.722767726330449,14_1919
CC(C)(C)c1ccc(C=Cc2cnc(N)nc2N)cc1,-6.1,3.6900021029946437,14_1920
O=C(NCCC1=CCCCC1)c1ccc(-c2ccccc2)cc1,-6.4,3.4194665526012322,14_1921
O=C(Nc1ccc(Br)cc1)Nc1ccc(-c2nc3c(c(N4CCOCC4)n2)CS(=O)(=O)CC3)cc1,-8.3,3.517630349557186,14_1922
COCCNC1C=c2[nH]c3c(c(c(O)[nH]c2=CC=CS(=O)(=O)N2CC(C)CC(C)C2)S1)c(=O)n(C)c(=O)n3C,-7.8,0.9753611389863837,14_1923
O=C(O)c1cn2c3c(c(N4CCNCC4)c(F)cc3c1=O)Oc1c-2ccc2ccccc12,-8.0,3.562396423047367,14_1924
c1ccc(Cc2ccccc2Cn2cnc3ccccc32)cc1,-6.8,3.4265719252161477,14_1925
C[C@H]1[C@H](C)CC[C@]2(C(O)=NO)CC[C@]3(C)C(=CC[C@@H]4[C@@]5(C)CC[C@H](O)C(C)(C)[C@@H]5CC[C@]43C)[C@H]12,-8.0,2.4150045854109874,14_1926
Cc1c(N(Cc2ccc3c(c2)OCCO3)S(=O)(=O)c2ccc(C(=O)O)cc2)ncc2ccccc12,-8.7,3.6217011909809385,14_1927
N=C1N[C@@H](c2ccccc2C(F)(F)F)CO1,-5.7,3.392402471129755,14_1928
O=[N+]([O-])c1ccncnc(Nc2ccccc2)c2ccc(-c3ccccc3)ccc1-2,-7.7,1.3658355488117326,14_1929
O=C(Nc1ccc(Br)cc1)C(=O)c1cn(-c2ccccc2)c2ccccc12,-8.1,3.5532661181367438,14_1930
O=C(NCCNc1cc(=O)[nH]c2ccc(C(F)(F)F)cc12)c1ccc(N2Cc3ccccc3C2=O)cc1,-8.4,3.4710676407765275,14_1931
CC1=CC=C(c2ccc([C@H]3[C@H]4CN(C(=O)Nc5ccccc5F)CCCCN4[C@H]3CO)cc2C)C1,-8.3,1.5943618708479086,14_1932
COc1ccc(C(Nc2ccc(C(C)C)cc2)P(=O)(Oc2nccs2)c2ccccc2)cc1,-6.4,3.4660321833131147,14_1933
O=C1N(c2ccc(Cl)cc2)C(C(F)(F)F)c2cccc3c4ccccc4n1c23,-7.6,3.439431901136584,14_1934
Cc1cc(=O)oc2cc(OCc3cn(-c4cccc(Oc5ccccc5)c4)nn3)ccc12,-8.0,3.4446619368611726,14_1935
O=C(O)c1cccc(NC(=O)c2ccc(C(=O)Nc3ccc(C4=NCCN4)cc3)cc2)c1,-7.1,3.538647835464589,14_1936
CC=CC1=C(S(=O)(=O)NC(=O)Nc2cccc(-c3nc(-c4ccc(NC(=O)c5cccnc5)cc4Cl)no3)c2)C=C1Cn1ccnc1C,-8.1,2.8704925087833524,14_1937
CCCc1ncc(Cc2ccc3cccc(-n4ncccc4=O)c3n2)c2cc(OC)c(OC)cc12,-7.6,3.472390160143745,14_1938
O=C(NCc1ccccn1)c1cc(-c2cccs2)nc2ccccc12,-7.3,3.7257772739647645,14_1939
C[C@]1(COc2ccc(OCc3ccncc3)nc2)COc2nc([N+](=O)[O-])cn2C1,-6.3,3.43508592333095,14_1940
C=CC(=CC=CC(=O)N[C@H]1CC[C@H](NC(C)=O)CC1)N1CCN(CCN(CC)c2cccc(-c3cccc(-c4cccc(C)c4)c3)c2)CC1,-6.2,3.0535903643797693,14_1941
NCc1c(Cc2ccccc2)nc2cc(C(=O)O)ccc2c1C1=CC=CCC1,-7.3,3.665260949683146,14_1942
Nc1nnnn1Cc1ccccc1,-5.0,3.4508786049945943,14_1943
CC[C@H](C)C(C(=O)Nc1cc(C(=O)c2ccccc2)ccc1C(=O)O)N1C(=O)c2cccc3cc([N+](=O)[O-])cc(c23)C1=O,-8.5,3.0088743673014005,14_1944
O=C(NCc1ccc2c(c1)CCO2)c1ccc(-n2c(=O)c3ccccc3c3ccccc3c2=O)cc1,-9.0,2.5697321643303592,14_1945
CCC(=O)Nc1ccccc1-c1n[nH]c(=S)nc1Nc1ccccc1OC,-7.2,3.580718725991905,14_1946
c1ccc(CSc2ccncc2)nc1,-4.5,3.4478696854855952,14_1947
c1ccc(-c2ccccc2)cc1,-5.4,2.9004365534981065,14_1948
O=C1CC(c2cnc(-c3cccc(CNC(=O)C4CS4)c3)o2)[C@@H](CO)N1,-6.7,3.435224164803829,14_1949
O=C(NNC(=O)c1cccc2ccccc12)c1ccccc1[N+](=O)[O-],-7.3,3.6429479731336025,14_1950
Cc1ccnc2c1c1cccc-1[n+]([O-])c1cccc(-c3cccc(CO)c3)c21,-7.2,2.496911443065147,14_1951
Cc1ncoc1-c1nnc(SCCCN2CCOCCN(c3cc(F)ccc3F)SC2)n1C,-6.4,1.119096668975113,14_1952
O=C(COC(=O)c1ccc(S(=O)(=O)Nc2ccccc2)cc1)Nc1ccccc1C(F)(F)F,-7.8,3.604504439287185,14_1953
Oc1c(N=Nc2ccc(Cl)c(Cl)c2)c2ccccc2n1-c1cccc(C(F)(F)F)c1,-8.5,3.5003069575284997,14_1954
O=c1c(S(=O)(=O)N2CCCC2)cccn1Cc1ccccc1,-6.6,3.7236571527259783,14_1955
N=C(N)c1ccc2[nH]c(-c3ccc(-c4nc5ccc(Br)cc5c5c4CCC5)cc3)nc2c1,-8.0,3.274770970991363,14_1956
O=C(N1CCOCC1)N1CCC(CC2OC(c3ccccc3)c3ccccc32)CC1,-7.6,3.393835276361127,14_1957
c1cc(-c2ccc3ncnc(Nc4nccs4)c3c2)cc(N2CCOCC2)c1,-8.5,3.688109037535906,14_1958
COc1cccc2cccc(N3CC[C@](C)(O)[C@@H](O)C3)c12,-6.1,3.6662925485339026,14_1959
O=C(O)c1cccc(-c2cc3ccccc3[nH]2)c1,-6.8,3.4715922908066057,14_1960
O=C1NCC=CC=NC=CC(c2ccccc2C(F)(F)F)=CN[C@H]2C[CH]C2N1,-7.4,1.98243943418737,14_1961
Brc1ccc(-n2ncc3c(NCc4ccco4)ncnc32)cc1,-6.5,3.7126180983196972,14_1962
O=C(NCc1ccc(CNS(=O)(=O)c2cccnc2)s1)c1ccc2ncsc2c1,-6.5,3.570716251524099,14_1963
O=Cc1cc2ccc(Oc3nc(Nc4ccc(CCCOc5ccc(Cl)cc5Cl)cc4)nc(N4CCOCC4)n3)cc2[nH]1,-7.7,2.9986758148268966,14_1964
Clc1ccc(-c2ccc3nccn3c2)cc1,-6.3,3.4447031772435546,14_1965
COc1ccc(-c2cc(C(=O)Nc3c(C)n(C)n(-c4ccccc4)c3=O)ccc2O)cc1,-7.0,3.6677465977065298,14_1966
CC=C(F)C=CC(=O)CSc1nc2ccccc2c2nc(Cc3ccccc3)c(O)n12,-6.0,3.3684556650592006,14_1967
NCC1=NC(=CN=C(c2ccc(-c3cccc4ccccc34)nc2N)N2CCOCC2)N=N1,-8.9,3.4228834358535503,14_1968
O=C(O)c1ccc(Nc2ccc3ccccc3c2-c2cccc(O)c2)cc1,-7.4,3.530245702106547,14_1969
O=C(Cc1csc(-c2ccccc2)n1)N1CCN2C(=O)c3ccccc3C12c1ccc(Cl)cc1,-7.7,3.5091684893439843,14_1970
Cc1cc(-c2ccc(F)c(C(F)(F)F)c2)ccc1C1CCN(C=NC=C(F)C=CC(=O)O)C1C,-7.3,3.18973904183783,14_1971
Nc1cc(-c2cccc(-c3nc4cc(C(F)(F)F)ccc4[nH]3)c2)ccc1NC(=O)C1CC=Cc2ccccc21,-7.5,3.228384646496303,14_1972
CC(C)CN(CC(=O)Nc1cc(C(F)(F)F)ccc1N1CCCCCC1)C(=O)Cc1ccc2c(c1)OCO2,-6.2,2.5651918192509653,14_1973
O=C(/C=C/c1ccc2c(c1)O[C@@H](c1ccccc1O)[C@@H](c1ccc(O)c(O)c1)O2)OCCc1ccc(O)c(O)c1,-8.1,2.9119904738663593,14_1974
Cc1nc(C)n(C2CCCN(C(=O)c3ccc(CC(C)C)cc3)C2)n1,-6.2,3.7062809737010944,14_1975
Cc1occc1C(=O)N1CCCC1C(=O)Nc1ccc(F)cc1,-6.8,3.7408693087561735,14_1976
O=S(=O)(c1ccccc1)N1CCN(C(=S)Nc2cccc(-c3c(O)ccc4c3OCO4)c2)CC1,-8.4,3.54735378071333,14_1977
O=C(c1cccc(Cl)c1)c1cc2ccc1[nH]c(O)ccccco2,-7.3,1.6085143030198008,14_1978
Cc1nc2ccc(NC(=O)COc3ccccc3C#N)cc2s1,-6.7,3.78123189190541,14_1979
Cc1cccc(OS(=O)(=O)c2ccc3[nH]c4c(c3c2)CCCCCC4)c1,-7.8,1.829431396744508,14_1980
COc1cc2c(Oc3ccc(NC(=O)c4nn(-c5ccccc5F)c5cc(F)ccc45)cc3F)ccnc2cc1OCCCN1CCOCC1,-7.6,3.0179820469493794,14_1981
O=S(=O)(N[C]1CCC[C@@H]1CC(c1ccccc1)(c1ccccc1)n1ccc2ccccc21)c1ccccc1,-6.8,3.3236019023780594,14_1982
O=C1C(=O)N(Cc2ccccc2)C=C1c1nc(-c2ccccc2)no1,-6.9,3.6997282927308768,14_1983
COC(=O)c1ccc(NC(=O)CCNS(=O)(=O)c2ccc3c(c2)OCCCO3)cc1,-6.7,2.6025542120511576,14_1984
COc1cc(N(Cc2cccc3ccccc23)c2nc3ccccc3s2)cc(OC)c1OC,-7.6,3.4188795524645292,14_1985
O=C(NC[C@H](NC(=O)c1ccccc1)c1ccccc1)c1ccc2cc(C3CCNCC3)cc(O)c2c1,-8.3,3.4072782513070035,14_1986
COc1ccc(Nc2ncnc3c2C(c2ccc(Cl)cc2)C2=C(CCCC2=O)O3)cc1,-7.9,3.652271984017007,14_1987
CCOC(=O)C1=C(COCCN(C)C)N=C(C)C(C(=O)OC)C1c1ccccc1Cl,-5.2,3.4645656114840215,14_1988
COc1ccc2nccnc2c1CC1=CC(=NC(=O)C=CC=C(CC=O)C(=O)O)C=C1,-6.1,3.4878258027801783,14_1989
CC1=CC=CC(N2CCN(C(=O)c3cccn4c(=O)c5cc(Cl)ccc5nc34)CC2)C=C1,-8.8,2.5832917846370713,14_1990
CN1C(=N)C(=C(N=CC=CC2=CC=CC2)c2ccccc2)C(=O)N(C)C1=O,-7.0,3.528622551902709,14_1991
Clc1cc(Cl)cc(-c2nc3ccccn3c2NC2CCCCC2)c1,-7.5,3.6589483078187564,14_1992
O=C(Cc1nc(-c2ccc(F)cc2)no1)Nc1ccc(-n2cncn2)cc1,-6.7,3.651993089049033,14_1993
O=C1C=CC=C(n2cc(/C=N/n3cnc4c(-c5cccc(F)c5)cccc43)c3ccccc3c2=O)CO1,-7.4,2.300381742910269,14_1994
C=S1C(CC2C=CC=COC2)=CN=C1NC(=O)c1cccc(N2C(=O)c3ccccc3C2=O)c1,-8.3,2.4698761207710445,14_1995
O=c1ncn2nc(Sc3ccccc3)ccc2c1Nc1cccc(Cl)c1,-6.8,3.724061723328283,14_1996
CCC(C)[C@@H](C)NC(=O)C(Cc1ccc(OCc2coc3cc(-c4cccc(OC)c4)c4c(c23)C(=O)OC4)cc1)C(=O)O,-6.7,3.1747069616757004,14_1997
O=P(O)(O)C(CCCc1ccc(Oc2ccccc2Cl)cc1)c1ccccc1,-5.7,3.516014023740432,14_1998
CC(C)C(c1nnnn1C1CCCCC1)N1CCN(C(=O)c2ccco2)CC1,-6.9,3.5659172356626128,14_1999
