smiles,docking,drug_likeliness,names
C=c1c(=CC(C=NC2=COC(=O)C=CC=C2)=NN)ccc2cc3cc4ccccc4cc3nc12,-8.4,1.39532976393094,15_0
CCN(c1ccc(-c2cc3ccc(C(=O)N=C(N)N)cc3o2)cc1)c1cccc(C(=O)O)n1,-6.8,3.400988470932837,15_1
COc1cccc(-n2cc(C(=O)Nc3ccc(Oc4cc([N+](=O)[O-])ccc4[N+](=O)[O-])cc3)nn2)c1,-6.6,3.2484248808125082,15_2
O=C(CN1C(=O)c2ccccc2C1=O)N1CCN(c2ccc([N+](=O)[O-])c(N3CCOCC3)c2)CC1,-7.7,3.173178490474945,15_3
FC(F)Oc1cccnc1Oc1ccc(Oc2ccc(-c3ccccc3)cc2)cc1,-6.9,3.53150363857546,15_4
N[C@H](Cc1ccccc1)c1nnc([C@H](Cc2ccc(OC(F)(F)F)cc2)NC(=O)C(F)(F)F)s1,-7.3,3.526701600996476,15_5
CNc1c(O)ccc2c(=O)c(C(=O)O)cn(C3CC3)c12,-5.7,3.5372175122906535,15_6
O=C(Nc1ccc(Nc2nc3ccc(F)cc3s2)cc1)c1ccc[nH]c1=O,-7.8,3.617097723243319,15_7
Cc1c(C2C=CC=CCNC(=O)C=CC(c3ccccc3)=CCC2)ccc2ccc(C(=O)O)cc12,-8.4,2.0350520293666636,15_8
O=C1CN(C(=O)CNC(c2cnccn2)c2ccc(F)cc2F)c2ccccc2N1,-8.1,3.7221046208543793,15_9
CCOc1ccccc1NC(=O)c1cccc(-c2ccccc2OC)c1,-6.6,3.6863046795224284,15_10
NS(=O)(=O)Oc1ccc2c(c1)O[C@@H](COc1ccc(-c3cc(=O)c4c(OC5CCNCC5)cccc4o3)cc1)CO2,-7.3,3.1951081365310134,15_11
O=C(NC(c1ccccc1)c1cccc2ccccc12)c1ccc(NS(=O)(=O)c2ccccc2)cc1,-7.8,3.32530867247693,15_12
CN(Cc1cn(Cc2ccc(Cl)cc2)nn1)Cc1ccccc1Oc1ccccc1,-6.5,3.5871030036911646,15_13
Cc1cccc(NC(=O)N(Cc2ccc3c(c2)OCO3)c2ccccc2CCO)c1,-7.5,3.7291998813099907,15_14
O=C1Nc2ccccc2C12C(c1ccccc1)NC(c1ccccc1)C2c1ccccc1,-7.9,3.3640014506842677,15_15
O=c1[nH]c(O)c(C=c2cnn3c(=NC4CC4)nc(NCC4CCCCC4)nc23)[nH]1,-8.0,3.2671461141864357,15_16
Cc1cc(O)cc(C)c1CC(N)C(=O)N1Cc2ccccc2CC1C(=O)NCc1nc2ccccc2n1Cc1ccccc1,-7.1,3.262172000097613,15_17
O=C(NCC(=O)N(c1ccccc1)C(C(=O)NC1CCCC1)c1ccccn1)c1ccccc1,-6.6,3.6628503622648894,15_18
Cc1cc(CCNC(=O)Nc2cc(F)ccc2OCC2CCCO2)n(C)n1,-6.5,3.6966699462750783,15_19
CCCCC(C=Cc1cccnc1)=Nc1cc(F)cc(F)c1C=Nc1ccc(N2CCOCC2)cc1,-6.9,3.46270969289007,15_20
C[CH]CCO[C@@H]1CC[C@H]2[C]3[C@H](O)C[C@H](C4=CC(=O)OC4)[C@@]3(C)CC[C@@H]2[C@@]1(C)C(=O)NC,-6.6,3.097944864025915,15_21
O=C1CCN(c2ccccc2)CCNc2cc(F)ccc2C(=O)N2[C@@H](CC[C@@H]3[C@@H]2CCN3S(=O)(=O)c2cccs2)C1,-8.2,1.198626773388212,15_22
c1ccc2[nH]ccc2c2ccncc2[nH]c1,-6.1,1.145371086717366,15_23
CN[CH]C(C=O)OC1[CH]O[C@@H](Oc2ccccc2C(=O)Oc2ccc3c(c2)-c2cccc(N)c2OO3)[C@H](CO)O1,-6.4,2.720521842704798,15_24
Cc1sc(-c2ccc(Cl)cc2)nc1OCCCN1CCCCC1,-6.0,3.6169826348559786,15_25
N#C/C(=C\c1ccc(N2CCN(c3ccc(F)cc3)CC2)cc1)c1nc2ccccc2[nH]1,-6.0,3.62858822735076,15_26
Cc1ccc(N(C)c2nc(C)cc(N(C)C)n2)cc1,-5.9,3.6372120372924157,15_27
O=P(O)(O)CCc1ccc2ccccc2n1,-6.0,3.5153861697244113,15_28
CC(O)(CN)c1ccccc1,-4.3,3.281786118193081,15_29
Cc1ccc(C2(C(=O)N3CCN(C(=O)C4CCC4)CC3)CCC2)cc1,-6.9,3.3323682097303435,15_30
Cc1cncn1CCCN=C(C[N+](=O)[O-])Nc1cccc(C(F)(F)F)c1,-6.0,3.3022880961503365,15_31
O=C(c1ccc(-n2cc(C3CC3)c(-c3ccccc3)n2)cc1)N1CCN(c2ccccc2F)CC1,-7.6,3.485956096970315,15_32
O=c1n(-c2ccc(F)cc2)c(=S)n2n1CCCCC2,-5.8,2.5576795603008406,15_33
Cc1cccc(OCc2cccc3c2C(=O)N(C2CCC(=O)NC2=O)C3=O)c1,-7.0,3.64203180906394,15_34
O=C(COc1ccc(OCCNCC(O)COc2ccccc2)cc1)NC1CCN(CC(=O)c2cccs2)CC1,-5.9,3.145182296162985,15_35
O=C(N/N=C/c1ccc(OC(=O)c2ccccc2O)cc1)c1ccc(O)cc1O,-7.4,3.2312048482805764,15_36
O=C(N[C@@H]1C2CCN(CC2)[C@H]1Cc1cccnc1)c1cc(=O)[nH]c2ccccc12,-7.5,3.5304040388544653,15_37
O=C(C=C1C=CC(c2ccc(OC(F)(F)F)cc2)c2ccccc2C(=O)O1)Nc1ccccc1,-7.7,1.7456768511210612,15_38
O=CCCC(=O)CC1(O)C(=O)N(Cc2ccc(Cl)cc2Cl)c2ccc(Cl)cc21,-6.5,3.6976551438846004,15_39
COC=C1C=C(NC(=O)Nc2ccc3c(c2)[C@@H]2CCN(Cc4ccc5c(c4)OCO5)C[C@H]32)C=C1C,-7.5,3.3456019626188085,15_40
COc1cccc2c1nc(C(F)F)n2-c1nc(N2CCOCC2)cc(N2CCN(c3ncccc3C(=O)O)CC2)n1,-8.1,3.2653754934431745,15_41
O=c1ccc2ccc(Oc3ccc4c(=O)cc(-c5ccc6c(c5)OCCO6)oc4c3)cc2o1,-8.5,3.4226442153746777,15_42
CC(=O)Nc1ccc(S(=O)(=O)Nc2cc(Cl)ccc2OC(F)F)cc1,-6.2,3.696011926263322,15_44
O=C(Nc1ccc(-c2cncc(NC(=O)c3cc4ccccc4o3)c2)cc1)c1ccc(Cl)cc1,-6.8,3.4933338379530765,15_45
O=Cn1cc(C(=O)NC2C=Cc3ccccc32)c2ccccc21,-8.0,3.6469311117249745,15_46
O=C1N(C2=NCCS2)c2ccccccccc2[C@@H](c2ccc(Cl)cc2)N1c1ccccc1,-7.4,1.2775462571351728,15_47
CCC(C)(C)NC(=O)CN(c1cccc([N+](=O)[O-])c1)c1nc2ccc(-c3ccc(C(=O)N4CCOCC4)cc3)cc2s1,-6.2,3.2691960782300837,15_48
Cc1ccc(NC(=O)CC(=N)c2cccc(-c3cccc(C(F)(F)F)c3)c2C)cc1-c1ccccc1,-7.5,3.336828767027061,15_49
CCC1C(C[C@H](C)O)c2cc(O)c(O)cc2O[C@H]1c1cc(O)c(OC)c(OC)c1,-6.7,3.4817756362951773,15_50
CC(=O)N[C@@H](Cc1cc(F)cc(F)c1)[C@H](O)CNC1(c2cccc(C(C)(C)C)c2)CCCCC1,-6.2,3.5289360657176285,15_51
O=C(O)c1ccccc1/C=N/n1c(-c2ccc3c(c2)OCCO3)cs/c1=N\c1ccc(F)cc1,-8.0,3.5723803021893894,15_52
Cc1c(CCNC(=O)C2COC(=O)C(Cc3ccccc3)N2C)c2ccccc2n1C,-7.0,3.6963053092965756,15_53
CS(=O)(=O)Nc1cncc(-c2cccnc2Nc2cnc(Cl)c(NC(=O)c3ccc(Cl)s3)c2)c1,-7.3,3.279847658487343,15_54
O=C(c1cccc2ccccc12)N1CCN2CCOCC2C1,-6.0,3.4725274850958345,15_55
O=CNc1ccc([N+](=O)[O-])cccnc(-c2ccc3c(c2)CCO3)c1,-6.1,1.4597556834335617,15_56
Cc1oc(-c2ccccc2)nc1CCOc1ccc(CC(C(=O)O)c2ccc3c(c2)c2ccccc2n3C)cc1,-7.4,3.3295243073499896,15_57
O=C(Nc1ccccc1-c1nc2ccccc2s1)c1ccc2ccccc2c1,-8.7,3.4705035958444137,15_58
CC=NC(=CC(=N)c1ccc2cccc(F)c2n1)N1CCCC(c2ccccc2)C1,-7.4,3.6521177802902915,15_59
O=C(Nc1ccc(Cl)c(S(=O)(=O)C2CCCCC2)c1O)Nc1cccc(F)c1Cl,-7.0,3.5405257584227567,15_61
Cc1ccc(S(=O)(=O)CCC(=O)Nc2ccnc(Cl)c2)cc1,-6.6,3.747044344391059,15_62
C#Cc1cccc(Nc2ncnc3ccc(-c4cncs4)cc23)c1,-8.1,3.655203649447876,15_63
CC(=O)c1ccc(Nc2nc(NC3C=CC=CS(=O)(=O)NC3)cc(-c3ccccc3)n2)cc1,-8.8,1.680555788748145,15_64
O=C(NCc1cc(-c2nc3ccccc3c3ccccc23)ccc1-c1ccccc1)c1cccc(Cl)c1,-9.3,3.126721063005694,15_65
Cn1ccnc1Sc1ccc([N+](=O)[O-])c(Nc2cccc(O)c2)c1[N+](=O)[O-],-6.2,3.394818208741479,15_66
C=CO/N=C(/C=CC=C[N+](=O)[O-])Cc1ccccc1,-5.5,3.162342639907179,15_67
CCS(=O)(=O)c1nc(S(=O)(=O)c2ccc(C)cc2)c(NCCN2CCCCC2)s1,-6.4,3.6010471626351723,15_68
Cc1ccc2nc(NC(=O)C3CC(=O)N(Cc4ccccc4)C3)ccc2c1,-7.7,3.7470574197294355,15_69
O=C(c1ccc(NS(=O)(=O)c2cccc3cccnc23)cc1)N1CCN(c2ccccn2)CC1,-7.5,3.671394306326081,15_70
CC(C)=CCc1c(O)cc(O)c2c1O[C@@]13C(=CC4C(=O)C1(CC=C(C)C)OC[C@@H]3[C@H]4CN1CCCC1=O)C2=O,-7.5,3.1423155735700936,15_71
CCc1cc2c(-c3cc(-c4cccc(OC)c4)nc(N4CCN(C(C)=O)CC4)n3)cccc2nc1OC,-9.0,3.5734711445947265,15_72
CCN(Cc1ccccc1)Cc1ccc(-c2cc3ccc(NC(=O)c4ccc(-c5ccc(F)cc5)cc4)cc3[nH]2)cc1,-4.9,3.086256487362568,15_73
O=Cc1ccccc1C(=O)c1cc(O)ccc1NS(=O)(=O)c1ccc(C(=O)c2ccccc2)cc1,-6.8,3.3778631452328747,15_74
CSC(C(=O)Nc1cccc2ccccc12)c1cccc2ccccc12,-7.9,3.4840608685191885,15_75
CC(=O)Oc1ccccc1C(=O)Oc1cccc(-c2cccc(-c3cc(=O)cc(N4CCOCC4)s3)c2)c1,-8.2,3.3846825760754786,15_76
Cc1ccc(-n2c(=O)c3ccccc3n3c(-c4ccccc4)nnc23)cc1NC(=O)c1ccco1,-8.1,3.4491953293490143,15_77
Cc1cccc(-c2ccc(NC(=O)c3cc4ccccc4n(-c4ccc(F)cc4)c3=O)cc2)c1,-9.0,3.3739525275599123,15_78
Cc1c(C)c(C(=O)NCc2ccccc2)c(O)c(C)c1O,-6.0,3.62711326770909,15_79
O=C(COc1cccc2ccc(N3CCCC3)nc12)Nc1cccc(Cl)c1,-6.9,3.7779306000116026,15_80
CCCN(C[C@@H](O)[C@H](Cc1ccccc1)NC(=O)c1cccc(O)c1)S(=O)(=O)C1=CC1=COC,-6.4,3.416576606585739,15_81
Cc1cc(C)nc(NC(=S)N2CCN(c3ccccncccc3C=O)CC2)c1,-6.8,1.5453971173709693,15_82
O=C1C(=NNc2n[nH]c3nc4cc5ccccc5cc4cc23)CC=NN1c1ccc(C(F)(F)F)cc1,-8.0,3.3450923665879375,15_83
Cc1c(C(=O)Nc2cccc(-c3nc4ccccc4s3)c2)nc2ccccc2c1Oc1ccccc1,-7.8,3.342039980054765,15_84
O=c1cc(-c2ccc(O)cc2)oc2c(CN3CCC(c4ccccc4)CC3)c(O)cc(O)c12,-8.0,3.5455987031765543,15_85
O=C(CCn1c(=O)[nH]c2ccccc2c1=O)Nc1ccc(Cl)cc1F,-7.1,3.7528607004147796,15_86
COC(=O)CSCCCCCCCCCCCOc1ccccc1C(=O)Nc1ccc(C(=N)N)cc1,-5.2,3.015520804814652,15_87
CC[C@H](C)C(C(=O)N1Cc2ccccc2C(Cc2ccc(Cl)cc2)C1)n1cccn1,-6.9,3.6287360895816674,15_88
C[C@H](NC(=O)c1[nH]cnc1C(=O)N1CCc2ccccc2C1)c1ccccc1,-7.1,3.726371248798979,15_89
C[N+]=CC=Cc1cc(NC(=O)c2ccccc2Sc2ccc3c(C=Cc4ccccn4)[nH]nc3c2)c(O)c2ccccc12,-8.0,2.9943989098136004,15_90
O=C(Nc1cc(C(F)(F)F)cc(C(F)(F)F)c1)c1cnc(NCCc2ccncc2)nc1Nc1cccc(Br)c1,-9.5,3.2179629372043683,15_91
COc1ccc(CNCc2ccc(-c3ccc(-c4nc5c(C)cccc5[nH]4)cc3)cc2)cc1,-7.2,3.401955554090452,15_92
CCOc1cc(CNc2cccc(C#Cc3ccccc3)c2)ccc1NC(=O)c1ccccc1,-7.4,3.415293785691425,15_93
O=C(OC=Cc1cc2cccc(OC(=O)c3cccc([N+](=O)[O-])c3)c2s1)c1ccc(Br)cc1,-6.6,3.104582595978985,15_94
O=C(CNC(=O)c1cccc(C(F)(F)F)c1)N[C@@H]1CCN(CCC2CCN(C(=O)Cc3ccccc3)CC2)C1,-6.4,3.444526188216782,15_95
O=Nc1[nH]c(O)c(-c2ccccc2)c1-c1cccc(OCc2cccc(Br)c2)c1,-7.0,3.54297422506445,15_96
N=C(N)NCCCC(NC(=O)[CH]CC[C@H]1CN(C(=O)c2ccccc2C(F)(F)F)c2ccccc21)C(=O)c1nc2ccccc2o1,-8.0,2.821509227328692,15_97
O=[N+]([O-])C(C(=Nc1ccc2ccccc2c1)Sc1ccccc1)C(Cl)=C(Cl)Cl,-6.9,3.2230674675163837,15_98
O=C(Nc1cc(-c2ccncc2)c[nH]c1=O)C(Cc1ccccc1)NCc1ccccc1C(F)(F)F,-9.3,3.531821151562206,15_99
O=C(CC=NOCc1ccc(OC(F)(F)F)cc1)c1ccccc1,-6.1,3.5178831107897306,15_100
O=C(NNC(=O)c1cccc(C(=O)Nc2cc(Cl)cc(Cl)c2)c1)c1ccncc1,-7.0,3.620863488256852,15_101
O=C(Nc1ccccc1F)c1ccc(Nc2cc(C(F)(F)F)cc(C(F)(F)F)c2)cc1,-7.7,3.5177242074083503,15_102
COc1cc(N2CCCC2)ccc1-c1nccc2cc(S(=O)(=O)Nc3nccs3)ccc12,-7.3,3.6514416699551138,15_103
[S+]=C1C=C2CC1c1ccc3ccccc3c12,-5.6,2.9371927850967547,15_104
O=C(Nc1ccccc1)Nc1ccc2ncnc(Nc3cccc(C(=O)Nc4ccccc4)c3)c2c1,-7.7,3.2953098221883383,15_105
CCOC1C(=O)C(=NC(=O)C=NCc2ccc(OC)cc2)C(C)C1C(=O)OC,-6.4,3.457101326627269,15_106
O=C1c2ccccc2C(=O)c2c1cc(C(=O)c1ccccc1)c(=O)n2O,-7.7,3.620685835134627,15_107
COc1[nH]cc(-c2cc3c(c(OCCN4CCC(C(C)(C)O)CC4)c2C)OC3C)c1NS(C)(=O)=O,-6.8,3.3787662434676315,15_108
CCc1ccccc1-c1nc(C(=O)NC2=CC=COCC2OC)cs1,-6.5,2.837740990944048,15_109
CNC(=O)C(CCc1ccccc1)NC(=O)c1cccc(C#Cc2ccccc2)c1,-6.9,3.5857786293432605,15_110
C/C=C/C(=O)Nc1cccc(-c2ccc(NC(=O)c3cc4c(C(F)(F)F)cccc4n3CCOCCO)cc2)c1,-6.7,3.2770322897058826,15_111
CC(C)(C)c1ccc(C(=O)Nc2ccccc2NC(=O)c2ccc(Cl)cc2Cl)cc1,-7.6,3.606712217489126,15_112
O=C1Oc2cc(O)ccc2C(=O)Nc2ccc(-c3nc4ccccc4c(=O)o3)cc21,-8.7,1.6087149624484685,15_113
NC(C(=O)Nc1cccc(C(O)c2cccc(-c3cc4ccccc4[nH]3)c2)c1)c1ccccc1,-8.1,3.289076857031339,15_114
COC=CC1N=C1Nc1cccc(-c2ccccc2N2CCN(CCc3ccc(Cl)c(Cl)c3)CC2)c1,-6.9,3.4511079096841035,15_115
Cc1cn(-c2ccc(-c3csc(Nc4c5c(nn4C4CCCC4)CCCC5)n3)cc2)cn1,-8.4,3.515889923007949,15_116
COc1c(C)cccc1Cc1cnc(N)nc1N,-6.3,3.6572337627288496,15_117
O=C(NC1CCCC1)c1ccc(C#Cc2ccccc2)nc1,-6.2,3.561617211653835,15_118
CN(C(=O)Cc1ccc2c(c1)OCO2)[C@H](CN1CC[C@H](O)C1)c1ccccc1,-6.9,3.6757314774667273,15_119
O=C(Nc1ccncc1)Nc1ccc(-c2nc(N3CC4CCC(C3)O4)c3cnn(-c4cccc(NCC5CC5)c4)c3n2)cc1,-8.6,2.959474779996598,15_120
COC(=O)c1ccc(CNC(=O)CC(Cc2ccccc2)C(=O)O)cc1,-6.6,3.652035968328067,15_121
Cn1c(-c2ccc(NC(=O)C(C)(C)C)cc2)nc2c3ccccc3ncc21,-7.1,3.6777852938579576,15_122
COc1ccc(N2Cc3ccccc3N(Cc3cn(Cc4cc(OC)cc(OC)c4)nn3)C2=O)cc1,-6.9,3.559208586346085,15_123
Cc1ccccc1NC(=O)c1cccc(NC(=O)C(C)Br)c1,-6.7,3.637855344922483,15_124
N#CC=C(N=C(N=Cc1ccccc1)SCc1ccc(C(=O)Nc2cccc(C(F)(F)F)c2)cc1)c1ccc(Cl)cc1,-6.5,3.2087624520552795,15_125
COc1ccccc1-c1cc(Nc2ccc(-c3ccccc3)c(C(=O)NCc3ccncc3)c2)ncn1,-7.8,3.4108163738928106,15_126
Cc1ccc(-c2nc3ccccc3c(=O)n2CC(=O)O)cc1,-6.5,3.7535381594973827,15_127
COc1ccc2cc(C(=O)c3cc(OC)c(OC)c(OC)c3)n(C)c2n1,-6.1,3.664560865945563,15_128
O=C(O)c1cnccc1N[C@H]1CC[C@H](CCN2CCN(c3cccc4c3OCO4)CC2)CC1,-6.8,3.465746023464548,15_129
Nc1ncnc2c1ncn2C1O[C@H](COP(=O)(O)OP(=O)(O)Oc2cccc([N+](=O)[O-])c2)[C@@H](O)[C@H]1O,-6.4,2.530908926043504,15_130
C=C(C)COc1ccc(-c2nc3ccccc3c(=O)n2N)cc1,-6.7,3.67639645584053,15_131
C=C1/C=C(\C)[C@@H](C)C[C@H](O)[C@H](C)[C@H](O[C@@H]2O[C@H](C)[C@@H](O)[C@H](N(C)C)[C@H]2O)[C@@H](CC=O)CC(C)C(=O)C=CC(C)=CC1COC1OCOC1C,-6.8,1.2533910091792118,15_132
CC1=C(C(=O)O)N2C(=O)C(NC(=O)COc3ccc(Cl)cc3)C2SC1,-5.5,3.4842106102655057,15_133
Cc1ccccc1OS(=O)(=O)c1cccc(C(F)(F)F)c1,-7.0,3.631321790523407,15_134
O=C(NCc1cccc(-c2cccc(CNCCc3ccccc3)c2)c1)c1ccnc2ccccc12,-6.9,3.280376970352898,15_135
CCOC(=O)C1=C(C)N(c2cccc(C(F)(F)F)c2)C(=O)N(C)C1c1ccc(C#N)cc1C(=O)N1CCC(OC)CC1,-7.2,3.4006599549573457,15_136
O=C(CC1CCN(S(=O)(=O)c2cc3c(cc2Cl)NC(=O)CO3)CC1)NCc1ccc(F)cc1,-7.4,3.593441683192279,15_137
C=CC=CCC(=CF)CC,-4.1,1.408703376285322,15_138
CN(C)c1ccc(-c2cnc3cnc(-c4cccc(NS(C)(=O)=O)c4)cn23)cc1,-7.4,3.719442169188354,15_139
Cc1cc(NCc2cccc(-c3ccc4ccccc4c3)c2)ccc1N(C=O)C[CH]CC(=O)O,-6.9,3.4224724267275763,15_140
COc1ccc(S(=O)(=O)NCc2cccc(-c3cccc([N+](=O)[O-])c3)c2)cc1OC,-7.1,3.6110993461057896,15_141
O=C(Cc1ccccn1)Nc1nnc(CCSCCc2nnc(NC(=O)C3CCCCC3)s2)s1,-5.9,3.30489038049446,15_142
Cc1ccccc1C(=O)Nc1nnc(-c2ccc3ccccc3c2)o1,-7.2,3.715030205286908,15_143
Oc1ccc(-c2nc3ccccc3nc2Cl)cc1,-6.9,3.630811455246837,15_144
Cc1ccc(-c2cc(C(=O)Nc3ccccc3)c3ccccc3n2)cc1C,-8.8,3.5076895334418174,15_145
COC(=O)c1c(Nc2ccccc2)nc2cc(-c3cccc(F)c3)ccc2c1-c1ccc(-c2ccccc2)cc1,-8.1,3.1576488289074476,15_146
Cc1c(F)cncc1-n1c([C@@H](C)Nc2nc(N)nc(N)c2C#N)nc2cccc(-c3ccc(F)cc3)c2c1=O,-8.8,3.187431229428313,15_147
COc1ccccc1C(=O)NN=C(C=Nc1ccccc1Nc1ccccc1)C(C)(C)C,-7.3,3.544179532994641,15_148
O=C(c1ccco1)N1N=C(c2ccccc2O)C[C@@H]1c1ccccc1O,-8.5,3.737089132331543,15_149
Cc1ccc(N2CC(C(=O)Nc3ccc4c(c3)OCCO4)CC2=O)cc1,-7.1,3.7072333749507758,15_150
O=C(O)CC/C(=C\c1cccnc1)c1nc2ccccc2s1,-6.9,3.7775881400503906,15_151
O=C(NCc1ccc(F)cc1)c1[nH]c(-c2ccccc2)nc(=O)c1O,-7.7,3.6673254059012246,15_152
O=CNC=C(Cl)c1ccc(-c2ccccc2S(=O)(=O)N2CCC3(C=Cc4ccccc43)CC2)cc1,-8.1,3.5294134128954613,15_153
O=C(Nc1cccc([N+](=O)[O-])c1)c1ccc(C(=O)Nc2nc(-c3ccccn3)cs2)cc1,-7.2,3.46431054419078,15_154
O=C(Cn1nnc(-c2ccccc2)n1)NN=Cc1ccc2ccccc2n1,-6.0,3.5352403354074213,15_155
Cn1c(-c2ccc(NC(=O)CCN3CCCCC3)cc2)nc2ccccc21,-6.5,3.753375730177832,15_156
COC(=O)c1cc(-c2ccc(-n3ccccc3=O)cc2Cl)c2cc(Cl)ccc2n1,-6.4,3.604158246842068,15_157
O=[N+]([O-])CC(C1=CC=CCC1)c1c[nH]c2ccccc12,-6.3,3.5817073033382236,15_158
COc1ccc(-c2csc(N(Cc3ccc4c(c3)OCO4)C(=O)CCl)n2)cc1,-6.9,3.65735204229994,15_159
O=C(Nc1ccccc1Br)N1CCC(c2nc(-c3ccc(Br)s3)no2)CC1,-7.4,3.696403142199424,15_160
COc1ccc(NC(=O)CSc2nc(-c3ccccc3)c3cc(Br)ccc3n2)cc1,-6.5,3.5433039392679344,15_161
CCOC(=O)c1c[nH]c2ncnc(-c3ccccc3C(F)(F)F)c12,-5.5,3.7247915377430694,15_162
O=C(Nc1cccc(-c2cn3ccnc3c(Nc3ccccc3)n2)c1)Nc1cccc(C(F)(F)F)c1,-8.2,3.300916393817378,15_163
CC1C[C@@H](CO)O[C@@H]2CSc3ccccc3[C@@H]2O1,-5.3,2.492144593875719,15_164
O=C(Cn1c(=O)n(-c2ccccn2)c2ccccc21)Nc1ccc2c(c1)OCO2,-8.5,3.6757766363171633,15_165
O=S(=O)(Nc1ccc2ccccc2c1)c1ccc2[nH]c3ccccc3c2c1,-8.2,3.4760369598315086,15_166
CCOC(=O)c1cccc(-n2cnnc2)c1,-5.3,3.534620820355826,15_167
O=C(Cc1ccccc1)Nc1nnc(-c2ccc(Oc3ccccc3Oc3ccc(Cl)cc3)cc2)s1,-6.9,3.3118500861603586,15_168
COC(=O)C=C1N=C(CNc2cccc(C(=O)NCCCc3ccccc3)c2)c2[nH]c3ccccc3c21,-7.0,3.265992135946248,15_169
O=C1C[C](c2nccs2)c2ccccc2CNC(=O)N1c1ccc(F)c(Cl)c1,-7.4,1.5506942025564738,15_170
O=C1C[C@H](c2ccc(F)cc2)N(Cc2ccc3c(c2)OCO3)C(=O)N1Cc1cccc(C(F)(F)F)c1,-7.2,3.4996807541117567,15_171
Nc1ccn(Cc2nc3ccccc3n2-c2cccc(F)c2)c(=O)n1,-7.5,3.6997562214868775,15_172
O=C(O)c1c[nH]c2cc(Cl)c(-c3ccc(Oc4ccccc4F)cc3)c(F)c12,-6.9,3.58401816739293,15_173
O=C(c1ccccc1)c1ccccc1C(=O)N1CCC(C(=O)Nc2ccc(F)cc2F)CC1,-7.8,3.6663298484770483,15_174
Cc1c(Cl)cccc1NC(=O)CN(c1ccc(Cl)cc1)S(C)(=O)=O,-6.5,3.7622298520607806,15_175
O=CC(c1ccccc1)n1c(-c2c[nH]c3ccc(Cl)cc23)nc2ccccc21,-7.9,3.4789959934677204,15_176
O=C(Nc1ccc(Cl)cc1)C1CCC(=O)N1Cc1cc(F)ccc1Cl,-6.8,3.7193764964023552,15_177
C[C]1c2cc3c(C(=O)NC4=CC=COC4)cc2C[C@H](c2cccc(C#N)c21)N(C)CO3,-6.9,1.2600043028341887,15_178
COc1ccc(-c2ccnc(-c3ccc(C(=O)NC4CCS(=O)(=O)CC4)cc3)n2)cc1,-7.3,3.735938142764051,15_179
O=C1C=C([N+](=O)[O-])C=CC(n2cnnc2)=C(Cl)C2=CS(=O)(=O)c3cc(ccc32)N1,-7.1,1.0565938977297602,15_180
Nc1c(OCC2C=CNC2)ccc2nc([C@@H]3CCCCC3C(=O)O)n(Cc3ccc(N4CCCCC4)cc3)c12,-7.4,3.162500745034224,15_181
O=C(Nc1ccccc1)N1CCN(Cc2ccc3c(c2)OCO3)CC1,-7.0,3.722791005632378,15_182
C/C=C(\CC[C@H]1C[C@H](CO)OC(O)[C@@H]1Nc1ccccc1)c1ccccc1,-7.2,3.59528943518727,15_183
CC(=O)NCCc1ccc(Cl)c(CN(C(=O)C2CNCC(=O)N2c2ccc(OCCOc3c(Cl)cc(C)cc3Cl)nc2)C2CC2)c1,-6.5,3.165651029228817,15_184
COc1ccc(NC(=O)C2CCC(=O)N2C2CCN(Cc3ccc(F)cc3)CC2)cc1,-6.7,3.6806010513403997,15_185
O=c1[nH]c(=O)n(-c2ccccc2F)c(O)c1C=Nc1cccc(C(F)(F)F)c1,-8.5,3.5942624084897115,15_186
O=C(Nc1ccccc1)Nc1nc(-c2cc(-c3ccccc3)nn2C(=O)c2ccccc2Br)nc2ccccc12,-8.5,3.3419472948286355,15_187
Cc1ccc(-n2cc(-c3ccc(O)cc3)cc2C=Cc2ccccc2O)cc1,-7.7,3.5078059335823513,15_188
COCCC1CCC(C)(c2ccc(O)cc2)C(CF)(CF)C1,-5.4,3.518563759782598,15_189
COC=CC1=CC(=Nc2cc(OC)c(OC)c(OC)c2)C1,-5.4,3.5902292365035215,15_190
O=C(Nc1ccc(-c2nc[nH]ccc(N3CCOCC3)cn2)cc1)c1cccc(F)c1,-7.4,1.545916525539552,15_191
O=C(O)Cc1ccc(Nc2nc(-c3ccccc3)ncc2-c2ccccc2)cc1,-8.1,3.638644609865783,15_192
Cc1nccn1-c1cc(=O)cc(Cc2ccccc2Cl)[nH]1,-6.4,3.7305561998230097,15_193
O=C1NCCc2c(n(CCCCCOC=CC=Cc3cccc(Br)c3)c3ccccc23)CCNc2ccccc21,-6.1,0.8038198846167228,15_194
COC(=O)c1cccc(Oc2cccc([N+](=O)[O-])n2)c1,-6.4,3.4580170145867415,15_195
CN=C1NN=C1NC(=O)c1ccc(Nc2nc(-c3ccc(Cl)cc3)cc(-c3ccc(Cl)cc3)n2)nc1,-8.8,3.442499254374227,15_196
Cc1cn(C)nc1CN1CCC(Cc2ccccc2)CC1,-6.4,3.5806403363312884,15_197
COc1ccc(Cl)cc1S(=O)(=O)Nc1ccccc1C(=O)Nc1cccc(C(=O)O)c1,-8.1,3.5807117564011386,15_198
N#Cc1[nH]c(-c2ccc(-c3nnc(-c4ccccc4C(F)(F)F)o3)o2)nc1-c1ccc2ccccc2c1,-8.7,3.366286600772461,15_199
O=C1Cc2c([nH]c3ccc(Br)cc23)-c2cc(Br)ccc2N1,-7.6,2.4521117482615895,15_200
COC=c1ccc2c(N3CCCCCC3)c3cccc(cnc2c1)=C(O)NCCN(C)C3,-7.5,1.229876582332258,15_201
CC(Oc1ccc(F)cc1)C(=O)Nc1nc2ccc(OC(F)(F)F)cc2s1,-7.0,3.68827320074519,15_202
CC1(c2nc3cc(C(F)(F)F)ccc3[nH]2)C=CC=CCCC=CC=NC(=O)N1c1ccc(F)cc1,-8.1,1.3065972297957678,15_203
Cn1cc(-c2ccncc2)nc1-c1ccccc1C(=O)N[C@H](c1ccccc1)C1CC1,-7.3,3.6468848151439293,15_204
O=C(NCc1ccc(S(=O)(=O)c2ccccc2)cc1)c1cncn(Cc2ccc(F)c(F)c2)c1=O,-7.9,3.6191965321865576,15_205
CC=C1C=CC(C=C(C)[N+](CCCC)(c2ccccc2)c2cccc3ccccc23)=C1,-7.0,2.8435105189599468,15_206
CS(=O)(=O)Nc1cc2c(cc1Sc1ccccn1)C(=O)CC2,-6.7,3.785331878647013,15_207
Cc1n[nH]c(C)c1-c1cnc(N)c(O[C@H](C)c2cccc(F)c2-n2nccn2)n1,-6.9,3.551656855339945,15_208
CC(NC(=O)c1cccc(S(=O)(=O)N2CCN(c3ccccc3)CC2)c1)c1ccccc1,-7.4,3.763267400331998,15_209
O=C1c2ccccc2-c2c1c1ccccc1c(=O)n2C1CCCCC1,-7.7,3.5038175221820964,15_210
CCc1nc2ccccc2n1C1=NC(N2CCOCC2)=CS2=C(C=C2CNCC2(F)CN(C)C(=O)C=C2F)N1,-7.8,2.2426111508349775,15_211
O=C(Nc1cccc(CN2CCCN(Cc3ccc(O)cc3)CC2)c1)c1ccc2ccccc2c1,-7.3,2.6053491247237655,15_212
O=C(Nc1ccc(C(=O)N2CCC3(CC2)CNC3)cc1)Nc1ccc(Cl)c(C(F)(F)F)c1,-8.2,3.5298007322437606,15_213
O=C1CCC(c2ccccc2)(C2CCN(Cc3ccccc3)CC2)C(=O)N1,-7.2,3.5612339313996504,15_214
CC=C1C=CC=c2ccc(O)cc2=CC([N+](=O)[O-])=C1,-6.5,1.2403176272359664,15_215
Cc1ccc(NC(=O)c2cc3sccc3n2CC(=O)Nc2ccccc2C#N)cc1,-7.1,3.6602160921326536,15_216
CCN(CC)[C@H]1CN2CCC[C@H]2CN1S(=O)(=O)CC,-4.6,3.320514356087373,15_217
COc1cccc(-c2noc([C@@H]3CCN3C(=O)c3cccc4ccccc34)n2)c1,-7.7,3.668013376838987,15_218
O=C(/C=C\c1ccco1)Nc1cccc(NC(=O)c2cccc(Cl)c2)c1,-6.6,3.678070869383804,15_219
O=CC1CCc2ccccc2C(C(=O)Nc2ccc(F)c(C(=O)Nc3ccc(Cl)cc3Cl)c2)N1,-7.3,2.590900482726121,15_220
O=C(CCCOc1ccc2nc3[nH]c(=O)[nH]c3cc2c1)N1CCN(c2nccs2)CC1,-7.2,3.5442132805754314,15_221
CCC(CC)C(=O)OC1=C(c2ccc3ccccc3c2)Oc2cc3ccccc3cc2-n2cccc21,-7.1,2.2692659999865485,15_222
Cc1cccc(N2CCN(C(=O)c3cccc(C(=O)Nc4ccc5ccccc5n4)c3)CC2)c1C,-7.6,3.6548355235374137,15_223
CCC(CO)Nc1nc(Nc2cccc(Cl)c2)c2ccccc2n1,-6.3,3.697383370124686,15_224
O=C(NCc1cccc(C(F)(F)F)c1)c1cccnc1[S+]([O-])C(c1ccccc1)c1ccccc1,-6.4,3.5327643880716693,15_225
O=C(Nc1cccc(-c2ccc(-c3nc4cc(C(F)(F)F)ccc4[nH]3)s2)c1)c1cc2cccnc2[nH]1,-7.2,3.2767692278676392,15_226
O=C(O)c1cccc(-c2cnc3[nH]cc(-c4cccc(NC(=O)c5cccc(C(F)(F)F)c5)c4)c3c2)c1,-8.8,3.2716358625772584,15_227
O=c1ncn(Cc2ccc(F)cc2F)c2ccc(Oc3ncccc3C(F)(F)F)cc12,-7.3,3.5872622456802783,15_228
Cc1ccc2c(c1)C1(CCOCC1)CN2C(=O)c1ccccc1,-7.1,3.4238589639518615,15_229
C#CCNc1nc(NCc2ccc(OC)c(OC)c2)cc(C2CC(O)C2)n1,-5.9,3.5311322488956787,15_230
Nc1ccc(-c2cc(-c3cc(Cl)cc(Cl)c3)ncc2C(=O)NC2CC2)cc1C(F)(F)F,-7.0,3.5891798624436646,15_231
O=C(O)CCNc1ccc2ncccc2c1[N+](=O)[O-],-5.3,3.531162052718356,15_232
C[C@]12Cc3cnn(-c4ccccc4)c3C=C1CC[C@@H]1[C@@H]2[C@@H](O)C[C@@]2(C)[C@H]1CC[C@]2(O)C(=O)CSc1ccc2ccccc2n1,-7.9,3.0427439413798916,15_233
C=C[C@]1(C)C[C@@H](OC(=O)NCc2ccc(C(=O)OC)cc2)[C@]2(C)[C@H](C)CC[C@]3(CCC(=O)[C@@H]32)[C@@H](C)[C@@H]1O,-7.1,1.358523119414801,15_234
CC(=O)c1cccc(-n2ccc(-c3nn(-c4ccccc4)cc3-c3nnc(-c4ccccc4)o3)c2)n1,-8.5,3.261506657490911,15_235
NNC(=O)c1ccc2ccc3cccc4ccc1c2c34,-7.0,3.2101334616817394,15_236
CNC(=O)c1ncccc1Nc1nc(Nc2ccc3[nH]c(CN4CCOCC4)nc3c2)ncc1Cl,-6.9,3.263233282447109,15_237
CN1CCc2nc(C3CCCN3C(=O)c3cnn(C)c3)ncc2C1,-7.0,3.564731952552699,15_238
CC(C)C(=O)c1cc(OC(=O)N(C)C)cc(-c2ccc(F)cc2)c1O,-6.9,3.783616057727931,15_239
CN(C)S(=O)(=O)Nc1ccc2c(c1)C(=O)ONC(c1ccc(F)cc1Cl)CCCCCC2=O,-8.0,1.7006035672827595,15_240
COc1ccc2nc(NC(=O)C(C)Oc3ccccc3)sc2c1,-6.5,3.7855594305589246,15_241
Cc1ccc(Nc2ncnc3sccc23)cc1S(=O)(=O)N1CCOCC1,-7.0,3.709753601219498,15_242
CN1[C@@H]2COC[C@H]1C[C@@H](NC(=O)c1cn(-c3ccccn3)c3ccccc3c1=O)C2,-8.1,3.648721058029093,15_243
C=C(C=CC=C[N+](=O)[O-])c1ccc2c(c1)c1ccccc1n2Cc1cccc(Cl)c1,-7.2,3.349699599750097,15_244
CN1[C@H]2CC[C@@H]1[C@@H](c1ccc(Cl)c(Cl)c1)[C@H](c1ccccc1)C2,-7.0,3.2698485109318973,15_245
O=C(Nc1ccc(C2=CCN(C(=O)c3ccccc3)CC2)cn1)N1Cc2ccccc2C1,-7.4,3.6162655100104377,15_246
Cc1ccc(S(=O)(=O)N2CCOCC2)cc1NC(=S)NC(=O)c1ccco1,-6.0,3.5984039228528313,15_247
CC(=O)N1CCN(c2ccc(CN(C3CCC3)S(=O)(=O)c3ccccc3)c(C)c2)CC1,-5.6,3.620444424060454,15_248
C[C@](O)(CNC(=O)c1cc(-c2ccncc2)nc2ccccc12)c1ccccc1,-7.4,3.6716539555115157,15_249
Cc1nn(-c2ccc(NC(=O)c3cccc4ccccc34)cc2)c(C)c1CC(=O)O,-7.2,3.6753938513712567,15_250
Cc1cc(C#N)cc(C)c1Oc1nc(NC2CCN(c3cccc(C(=O)O)c3)CC2)ncc1Br,-7.2,3.599046459321719,15_251
CC(=O)Oc1ccc2c(c1)-c1ccccc1C2(O)C(F)(F)F,-6.8,3.5714551996389874,15_252
CN1CCC[C@@H]1[C@@H]1COc2cc(Cl)ccc2O1,-5.4,3.3460234175979684,15_253
O=C(Nc1cccc(-c2cccc(F)c2)c1)C1CCN(Cc2ccc(Cl)cc2Cl)CC1,-7.2,3.5756835991111284,15_254
COc1cc([C@@H](N)[C@]2C(=O)Nc3ccccc3C23C=C[C@@H]2[C@H](CC[C@](OC)[CH]3)OC[C@@H]2C)ccc1O,-6.7,1.1472302183998182,15_255
CO[C@@H]1C[C@@]2(C)CC=C3CO[CH]C(C[C@@H]32)[C](C)OC[C@@H]1OC(C)=O,-5.8,1.0307205531628654,15_256
O=C1c2ccc(F)cc2CC1CCN1CCc2c([nH]c3ccccc23)C1,-7.5,3.5778690776182738,15_257
Cc1cccc(NC(=S)NCCc2ccccn2)c1C,-5.7,3.592917959634493,15_258
N#Cc1ccccc1CSc1nnc2c3ccccc3n(C(=O)C(=O)NC3CC3)c2n1,-6.7,3.4951620217871744,15_259
N=CC(Nc1ccccc1)C(=O)CP(=O)(O)Cc1ccc(-c2cccc3ccccc23)cc1,-6.4,3.3533322086535335,15_260
O=C(Nc1cccc(F)c1)Nc1cccc(-c2nc3cc(NC(=O)c4cc5ccccc5[nH]4)ccc3[nH]2)c1,-7.4,3.1532066691646774,15_261
COc1ccc2nccc(NN=Cc3ccccc3Br)c2c1,-7.1,3.652595864752812,15_262
COc1ccc(C2C3=C(OC(=N)C2C#N)c2ccc4ccccc4c2NC3)cc1,-8.4,3.5880362080991333,15_263
CN1CCN(C(=O)CN2CCC(NC(=O)c3ccc(F)cc3F)CC2)CC1,-7.0,3.541987350255468,15_264
Cc1cc(Cl)ccc1NC(=O)CCNS(=O)(=O)c1cccc2nonc12,-6.4,3.6355924722520108,15_265
COc1ccccc1S(=O)(=O)Nc1cc2cnc(Nc3ccc(Oc4ccccc4)cc3)nc2cc1C,-6.7,3.3685367803067647,15_266
C=C1C=CC(C(c2ccccc2)c2nnnn2CCCCN2CCN(C3CCCC3)CC2)=C1,-7.3,3.354283963288346,15_267
COc1ccccc1-c1nnc(Nc2ccc(C(=O)Nc3cccc(C)c3)cc2)s1,-7.4,3.626197774465318,15_268
COc1ccnc(NC(=O)Nc2cccc(-c3nc(-c4ccc(NC(=O)c5cccnc5)cc4Cl)no3)c2)c1,-7.7,3.115874386979745,15_269
O=C(Nc1ccc(C2=CCN(C(=O)c3ccncn3)CC2)cc1)N1Cc2ccccc2C1,-7.3,3.6817307034635576,15_270
O=C(Nc1ccccc1)Nc1cccc2c1CNC2=O,-7.3,3.5537139523751007,15_271
COc1ccc(O)c(-c2nc3nc4ccccc4nc3n2Cc2ccco2)c1,-7.3,3.597388816653286,15_272
CCN1C(=O)CN(C(=O)c2ccc(Cl)cc2Cl)c2nc3cc(OS(=O)(=O)C4=CC=C(C)C4)ccc3nc21,-7.1,3.423931149564295,15_273
O=C1Nc2ccccc2C1=Cc1ccc(O)cc1O,-7.0,3.4777760496177965,15_274
O=c1oc2ccc(Cl)cc2n1Cc1cn(-c2cccc([N+](=O)[O-])c2)nn1,-7.1,3.42234400071081,15_275
CCOc1cc(Cc2cnc(N)nc2N)ccc1N(C)C(=O)c1cccc(C(F)(F)F)c1,-7.6,3.7033166075066015,15_276
COc1cccc(-c2ccc(C(=O)NCc3cccc(C(=O)NC(CCSC)C(=O)O)c3)cc2)c1,-6.3,3.514342954900779,15_277
CC(=O)C(=NC=C1CC=CC1)C(=O)NCc1ccc(F)cc1,-6.8,3.5009476358469973,15_278
Cc1nn(Cc2ccc(NC(=O)c3ccc4ccccc4c3)cc2)c(C)c1CC(=O)O,-6.4,3.6556540531616486,15_279
Cc1cccc(-c2noc(Cc3ccc4c(c3)OCO4)n2)c1,-6.9,3.7090508593778395,15_280
CN1CCC2=NC(=NCc3ccc(Nc4ncc5[nH]c(=O)n(C6CCCC6)c5n4)cn3)CC2C1,-8.0,3.3948821154674116,15_281
Cc1ccc2nc(NCCCN[C@@H]3CCOC3)c3nncn3c2c1,-5.5,3.6051966498700247,15_282
O=C(Oc1ccc2ccccc2c1)N1CCC(Nc2nc3ccccc3n2Cc2ccc(F)cc2)CC1,-8.6,3.4853410567635397,15_283
O=C1OCCN1C(=O)C1[C@H](c2ccc([N+](=O)[O-])cc2)C(c2ccc(Cl)cc2Cl)=NN1c1ccc(Cl)cc1,-7.6,3.3439427033870253,15_284
O=C(NNc1ccnc2cc(Cl)ccc12)c1cc(-c2ccc3ccccc3c2)nc2ccccc12,-9.5,3.404454558414753,15_285
O=C(Nc1cc(Cl)ccc1N1CCOCC1)c1c[nH]c2c(C(F)(F)F)cccc2c1=O,-7.6,3.717479490889717,15_286
CCCCCCNC(=O)c1cncc(-c2ccc3cc(O)ccc3c2)c1,-7.1,3.6055968232737685,15_287
Oc1ccc2c(c1)CN(Cc1ccc(OCc3ccccc3)cc1)CC2,-7.6,3.6445343721827554,15_288
O=C(NNC(=O)C1CCN(C(=O)NC2CCN(Cc3ccccc3)C2)CC1)c1ccc(Cl)cc1,-6.6,3.496949495035147,15_289
CC=c1c(=C2CC(=N)C2C(=O)NCCO)ccn2c(-c3ccccc3F)c(-c3ccc(F)cc3)nc12,-7.8,3.546067344576616,15_290
Cc1cc(-c2cc(-c3nccc4cc(S(=O)(=O)Nc5ccncn5)ccc34)ccn2)ccc1C=CC=CCC(=O)N[C@H]1CCOC1,-7.2,3.093921511284642,15_291
Oc1cc(Nc2nc3ccccc3n2Cc2ccccc2)c(O)n1-c1ccccc1,-7.9,3.479352188306904,15_292
CCN1CCCC1CNC(=O)c1cc2cc(CN3CCC(c4ccccc4)CC3)ccc2[nH]1,-7.0,3.5180335963776317,15_293
O=C(c1nn(-c2ccccc2)c2c1CS(=O)(=O)c1ccccc1-2)N1CCOCC1,-8.1,3.6051342580678165,15_294
COC(=O)c1[nH]c(C)c(C(=O)C2C(=O)C(=O)N(CCCN3CCOCC3)C2c2ccco2)c1C,-6.6,3.1854237694740624,15_295
Oc1ccc(-c2nc(-c3ccc4c(c3)OCO4)no2)cc1O,-7.2,3.5803100177756693,15_296
COc1cccc(-n2c3ccccc3c3ccccc32)c1,-6.6,3.380502646476518,15_297
O=C(Nc1ccc(OC(F)(F)Cl)cc1)c1cnc(N2CCCCN2)c(-c2cc[nH]n2)c1,-8.0,3.5319728012757636,15_298
O=C1c2ccccc2C(=O)N1CCCCCCN1CCN(c2ccccc2-c2ccccc2)CC1,-6.5,3.3652340582351012,15_299
Cc1ccc(C(F)(F)F)cc1-c1nc(-c2ccccc2)nc2c1CCN(C(=O)CCl)C2,-8.6,3.5887859120629226,15_300
O=C(CNc1ccc(Cl)cc1)Nc1cccc(NC(=O)c2cc3ccccc3o2)c1,-7.5,3.572304431223323,15_301
O=C(O)c1ccc(NC(=S)NC(=O)c2cccc(COc3ccccc3)c2)cc1,-6.9,3.6254038045207153,15_302
O=C1C=CC=C(Cn2nc(C(=O)Nc3ccccc3)c3c2-c2ccccc2S3(=O)=O)CO1,-8.2,2.592049867015769,15_303
C1=CC=C2COC=CC=CC2(n2nc3ccccc3n2)CC=C1,-8.0,1.6944027474714325,15_304
O=C(c1cccc(N2C(=O)c3ccccc3C2=O)c1)c1cc2ccccc2oc1=O,-7.8,3.482870524823506,15_305
N#Cc1c(Cc2ccc(C3=CNCN3)c(F)c2)cc(-c2ccc3ccccc3c2)nc1N,-8.3,3.568148915684999,15_306
N=C1N[C@@H](CCc2ccc(Nc3ncc(Cl)cn3)cc2)CO1,-6.9,3.6663936238480135,15_307
Cc1cc(C)cc(NC(=O)COC(=O)CC(NC(=O)c2ccccc2Cl)c2ccccc2)c1,-7.2,3.6066127267154133,15_308
O=C1c2ccccc2C(=O)c2c1ccc1[nH]c(-c3cccc4ccccc34)nc21,-8.6,3.475209941530016,15_309
O=C(COC(=O)c1ccc([N+](=O)[O-])o1)Nc1cccc(S(=O)(=O)N2CCCCC2)c1,-6.3,3.3505003535512046,15_310
CC(C)(C)c1cc(C2(C(F)(F)F)N=N2)cc(C(C)(C)C)c1O,-6.1,3.5545154356571316,15_311
COc1ccc(CNc2ncc3c(n2)c(C(N)=O)nn3C)cc1,-7.2,3.609746197677728,15_312
O=C(O)c1ccc(Nc2ccc3ccccc3n2)cc1,-6.8,3.686187398919725,15_313
O=C(COc1ccc(Cl)cc1[N+](=O)[O-])Nc1ccc(N2CCCCC2)cc1,-6.7,3.6680284563769026,15_314
NC(=O)CCC(NC(=O)C(Cc1ccccc1)NC(=O)C(CO)NC(=O)C(N)Cc1c[nH]cn1)C(=O)O,-6.1,2.7628924129802184,15_315
O=C1CN(c2ccc(C(=O)Nc3cccnc3)cc2)CCN1,-6.8,3.6877188167650212,15_316
O=C(COC(=O)Cc1c[nH]c2ccccc12)Nc1ccccc1OC(F)F,-6.7,3.667065711383973,15_317
Cc1ccc(C=C(N=C2C=C(C(F)(F)F)C=CCC(c3ccccc3)=N2)C(=O)c2ccccc2)cc1,-8.3,1.5182829603703132,15_318
COc1ccn(-c2ccc(N3C[C@H](CNC(C)=O)OC3=O)cc2F)n1,-6.3,3.728140305687048,15_319
COc1cc2c(cc1OC)C(c1ccc(OC)c(OC)c1OC)CC(=O)N2,-5.9,3.7542686973681487,15_320
CNC(=O)c1cccc(NC(=O)NCc2cccc(OC)c2)c1,-6.4,3.6440438340156533,15_321
COC=C1C=NC=CC(=Nc2ccc(NC(=O)Nc3cc(C(C)(C)C)nn3-c3ccc(F)cc3)cc2)CC=C1OC,-7.0,1.2549126663265437,15_322
O=c1c2ccccc2nc(-c2ccco2)n1-c1cccc2ccccc12,-7.5,3.503746322660251,15_323
O=C1N=C(Nc2nc(C34CC5CC(CC(C5)C3)C4)cs2)SC1=Cc1ccc(O)cc1,-6.8,3.3207466774955776,15_324
O=c1c2cc(Cl)ccc2nc2n1CCN(C1CCCC1)C2,-6.8,3.549475884556265,15_325
Cc1ccc(-n2nnnc2NCc2ccc3c(F)cccc3n2)cc1C,-8.0,3.737862542288406,15_326
O=C(N[C@H]1CN2CCC1CC2)c1cc(NC(=O)c2cc(-c3ncccc3F)ccc2Cl)n(-c2ccccc2)n1,-8.0,3.3390396357566328,15_327
Cc1c(C)c2c(c(C)c1O)CCC(C)(Cn1ccnc1)O2,-6.1,3.690126591121425,15_328
COc1ccc2nccc([C@H](O)CN3CCC(NCc4ccc5c(c4)NC(=O)CS5)CC3)c2c1,-6.7,3.4866440457682595,15_329
O=C1c2ccccc2C(=O)N1CC(=O)N1CCc2c(-c3ccccn3)cccc21,-8.0,3.585249804789206,15_330
O=C(O)CC(Cc1nc2cc([N+](=O)[O-])ccc2[nH]1)c1ccc2ccccc2c1,-7.0,3.5634161293755375,15_331
COc1ccc2nc3ccccc3c(NCc3nnc(C4CC4)o3)c2c1,-6.9,3.6566058878706995,15_332
O=C(CSc1nc2c3c(ccc2[nH]1)C(=O)c1ccccc1C3=O)c1ccccc1,-7.6,3.602024394807607,15_333
OC[C@@H]1C[C@@H](n2cc(-c3cccc(C(O)=NO)c3)nn2)CN1CCCc1ccccc1,-5.9,3.2707468762767125,15_334
O=C(NCCCCN1CCCC1)C1C(C(=O)Nc2ncc(Br)s2)[C@@H]2C=C[C@H]1C21CC1,-6.6,2.0356213715924856,15_335
COc1cccc(/C=C/c2nc3ccccc3c(=O)n2-c2cccc(C(=O)O)c2C)c1,-8.0,3.683851432420277,15_336
CN(CC(=O)N1N=C(c2ccc(Cl)cc2)CC1c1ccco1)c1ccccc1,-6.8,3.7033091129010245,15_337
O=C(Nc1cccc(-c2cccc(-c3nc4cc(F)ccc4[nH]3)c2)c1)c1ccco1,-8.0,3.5282335316697253,15_338
CC(C)CC(N)C(=O)N1c2ccccc2CC1C(=O)NC(Cc1ccccc1)C(=O)Nc1ccc2ccccc2c1,-7.9,3.38273944781235,15_339
Nc1ccccc1NC(=O)c1ccc(C(=O)N2CCN(C(c3ccccc3)c3ccccc3)CC2)cc1,-7.8,3.5250546494492037,15_340
C=CCNC(=O)c1ccccc1[S+]([O-])c1ccccc1C=O,-5.9,3.565771750814756,15_341
COc1cccc(CC2=NC(=S)N(c3ccccc3)C2=O)c1,-6.1,3.638847977650171,15_342
N#Cc1cccc(N2CCCC(CO)(Cc3ccccc3F)C2)n1,-6.7,3.788238996951974,15_343
Cc1ccc(NC(=O)CSc2nnc(NC(=O)c3cccc(-c4ccccc4)c3)o2)cc1C,-7.6,3.5504997540923453,15_345
O=C1C(O)c2ccc(O)cc2OC1c1cccc(O)c1,-6.4,3.5737598959269965,15_346
CCOC(=O)c1ccccc1NC(=O)Cn1cnc2c(oc3ccc(F)cc32)c1=O,-6.9,3.6129963676992074,15_347
OCCNC1CCN(C=C2C=CC(=Nc3c(Nc4cccc(-c5ncco5)c4)nc4c(OCC5(O)CCNC5)cccn34)N2)C1,-8.1,2.744984718767395,15_348
C#CC1=CC=C([C@H]2C=C(C(=O)Nc3ccccc3OC)[C@@H](c3ccccc3F)N2C)C1,-6.4,3.5478207205307166,15_349
COc1ccc(-c2nn(C(N)=S)cc2-c2ccc(Cl)cc2)cc1,-6.9,3.7096923886350393,15_351
O=C/C(=C/c1ccc(-c2ccc(OC(F)(F)F)cc2)cc1)c1ccc2c(c1)OCO2,-7.1,3.4763765785875655,15_352
O=C(NCCCN1Cc2ccccc2C1=O)c1ccc(Nc2ncc3c(n2)=CC(C=Nc2ccccc2)C=3)cc1,-6.6,3.3029351478111932,15_353
COc1ccc(-n2cc(COc3cccc(C#N)c3C(=O)NCCN)nn2)cc1,-5.7,3.556256601969613,15_354
Cc1ccc(C2=CC(c3ccccc3)Nc3ncnn32)cc1,-7.5,3.698618832063717,15_355
CC(O)(CSc1cccc(C(F)(F)F)c1)C(=O)Nc1cccc(S(F)(F)(F)(F)F)c1,-6.5,3.4397637431493178,15_356
N=C1N[C@@]2(c3ccc(F)cc3F)CO[C@@H](c3cccc(F)c3)C[C@H]2CS1,-7.9,3.606549413182882,15_357
C=CCOc1ccc(C(=O)N(CC2C(C)N(c3ccc(OC)cc3)C(=O)C2(C)C)c2ccccc2)cn1,-6.6,3.5336768636551485,15_358
COc1cccc(C(=O)c2c(-c3ccc(OCCCCCCCN(C)Cc4ccccc4)cc3)oc3ccccc23)c1,-6.3,2.9184592104933196,15_359
N=C(N)c1ccc(C(=O)NCC(=O)NC(CC(=O)O)C(=O)NCc2ccccc2Cl)cc1,-6.7,3.1075470470426496,15_360
COc1ccccc1C=C1N=NN1c1ncnc2c1ncn2CC(O)CN1CCN(c2cccc(C(F)(F)F)c2)CC1,-6.4,3.2967691815913547,15_361
Cc1cc(-c2ccc(-c3cc4ccccc4o3)cc2)cc(C(=O)Nc2cccc(C(=O)O)c2)c1C,-7.1,3.382943613899543,15_362
C=C1C=CC=CC(=O)C2CCC(n3nc(-c4cccc(-c5nc6c(F)cccc6[nH]5)c4)cc3C=Cc3ccccc3C)C12,-8.8,1.355137752825696,15_363
O=C(CSc1nc2ccccc2c(=O)n1CC1C=CC=CC1)NCc1ccccc1,-7.4,3.646600535617319,15_364
COC=CC=C(Cl)c1ccc[n+](Cc2ccc(-c3ccccc3C#N)cc2)c1,-6.2,3.3844834915403172,15_365
O=C(CN1C(=O)c2cccc3cccc1c23)Nc1ccccc1C(=O)NC1CC1,-7.4,3.629941447776326,15_366
Cc1ccc(S(=O)(=O)Nc2cnccc2C(=O)Nc2nc(-c3cc(Cl)ccc3Cl)cs2)cc1,-8.3,3.5543705529549587,15_367
Nc1ccccc1NC(=O)c1ccc(CNc2nc3ccccc3c(=O)o2)cc1,-7.7,3.5377201348470706,15_368
CCC(Cc1cccc(-c2cccc(-c3nc4ccccc4[nH]3)c2)c1)C(=O)O,-7.7,3.530734861917545,15_369
O=C(Nc1cccc(-c2ccc(F)cc2)c1)C1CCCN(C(=O)c2cccs2)C1,-7.7,3.7286299795053472,15_370
CN(C)c1ccc(NC(=O)CSc2nc(-c3ccc(S(C)(=O)=O)cc3)cc(C(F)(F)F)n2)cc1,-6.0,3.528134152830286,15_371
CC1=Cc2c(c(O)c3ccccc3c2O)C(c2cc(F)cc(F)c2)N1C(=O)c1ccccc1,-7.1,3.484976003978339,15_372
O=C(O)C=C1C(Cl)=CC=C1c1cccc(-c2cccc(OCCO)c2)c1O,-6.8,3.5996126868240967,15_373
COCCOCc1cc(F)ccc1Sc1ccc(NC(C)=O)cc1,-5.6,3.7150367107485036,15_374
Cc1ccc(-c2cc(-c3cccc4ccccc34)c(C#N)c(=O)n2C)cc1,-7.6,3.508336073012744,15_375
O=C1COc2ccc(C(=O)c3cccc(-c4cccc(-c5ccccc5Cl)c4)c3)cc2N1,-8.9,3.4478966810899405,15_376
ON=C(O)c1ccc2c(c1)CC(Nc1nccc(-c3ccccn3)n1)CN2,-7.1,3.218899657765742,15_377
CCC(C)C(CC(=O)NCCOc1ccccc1)NS(=O)(=O)C1=CC=CCC1,-6.2,3.5275051938826634,15_378
CN(CCc1ccccc1)C(=O)c1c(C(=O)O)[nH]c2cc(Cl)ccc12,-7.3,3.7102161437224694,15_379
Cc1cc(Oc2ccc(Nc3ccccc3-c3nnc(-c4ccccc4Br)o3)cc2)ccc1C(=O)N1CCOCC1,-7.8,3.3185739037958832,15_380
COc1ccccc1C1CCN(c2nc(C3CC3)nc3ccc(-c4cnc5ccccc5c4)cc23)CC1,-8.1,3.283137408719357,15_381
Cc1cccc(Nc2c3c(nc4nncn24)CCC3)c1,-7.4,3.7332725133409923,15_382
O=C(NC(c1cccc2ccccc12)c1c[nH]c2ccccc12)c1cccc2ccccc12,-9.1,3.139329630199625,15_383
C[C@H](Nc1nc(Cl)cc(Cc2ccccc2)n1)c1cccc2ccccc12,-6.7,3.5400688341744972,15_384
CCOc1ccc(C(=O)Nc2nnc(C(=O)c3nc4ccc(-c5ccccc5)cc4s3)o2)cc1,-6.6,3.397168729090148,15_385
Cc1ccc(N2CCN(C(=O)C(=O)c3ccc4ccccc4c3)CC2)cc1,-7.1,3.5425940104465967,15_386
O=CCCC(=O)Nc1nccs1,-3.9,2.2374365509474767,15_387
O=C(O)C1(Oc2cccc(Cl)c2Cl)c2ccccc2-c2ccccc21,-6.7,3.651478163091351,15_388
c1ccc(C2CCN3c4cccc5cccc(c45)N23)cc1,-6.9,3.2669321703275243,15_389
CC(C)(C)c1cccc(Sc2ccccc2NS(=O)(=O)c2ccc(F)cc2)c1,-7.2,3.682176681447468,15_390
CCc1n[nH]c(C2CN(C(=O)c3cccc(F)c3)CCO2)n1,-6.6,3.737158245754287,15_391
COc1ccc(-c2nn(-c3ccccc3F)cc2CN2CCN(C3CC3)CC2)cc1,-8.3,3.590896164180868,15_392
Cc1cc(-n2nc(C(F)(F)F)ccc2=O)ccc1NC(=O)N=C1C=CC(C)C1C,-7.7,3.7562068161785724,15_393
C[C@H](NC(=O)c1cccc2[nH]c(O)cc12)c1ccccc1OC(F)F,-6.9,3.673123441048059,15_394
O=C(Nc1ccc(F)c(-c2nc3cc(-c4ccc(F)c(F)c4)cnc3[nH]2)c1)N1CCCCC1,-7.9,3.604682261560832,15_395
O=c1nc2n(-c3cccc(Cl)c3F)c3ccc(F)cc3cc-2c(=O)[nH]1,-7.5,3.5993173016349327,15_396
O=C(c1ccc(-c2nc([C@H]3CCCCN3C(=O)COc3ccccc3)no2)cc1)N1CCC(O)CC1,-7.5,3.5865684769463115,15_397
CC=C(F)C=CC(=O)NCCCN=C1NS(=O)(=O)c2ccccc21,-6.3,3.4606493637094404,15_398
COC1=CC=C(Oc2ccc(C(=NO)N3CCN(c4ccc(CC#N)cc4)CC3)cc2C)C1,-7.4,3.3719981063163234,15_399
C[C@@H](NC(=O)c1cc(C(=O)N[C@@H](Cc2ccccc2)[C@H](O)CNCc2cccc(C(F)(F)F)c2)cc(N(C)S(C)(=O)=O)c1)Nc1c2ccccc2nc2ccccc12,-8.6,2.5039492572175686,15_400
O=C(Nc1cccc(C(F)(F)F)c1)c1ccc(N2Cc3[nH]c4ccccc4c3CC2C(=O)O)cc1,-8.1,3.5176076133540537,15_401
Nc1ncnc2cc(Sc3ccc(NC(=O)c4c[nH]c5ccc(Cl)cc5c4=O)cc3)[nH]c12,-7.8,3.3537532820600218,15_402
CCc1ccc(OC(C)=O)c(-c2cn(-c3cccc(C(=O)O)c3)nn2)c1,-7.0,3.6764687139146535,15_403
Cc1ccccc1NC(=O)NNc1nncc2ccccc12,-7.1,3.604486910601582,15_404
CCOC=C1C=CC(C=NNc2nc3c(c(=O)n(C)c(=O)n3C)n2Cc2c3ccccc3cc3ccccc23)=C1,-8.2,3.073586444206277,15_405
O=C(Nc1cccc2ccccc12)c1nc(-c2ccccc2F)oc1Cc1ccccc1Cl,-8.9,3.384258255504386,15_406
CC=NNC=S1N=C(N2CCOCC2)C1C(=O)NCCc1cccnc1,-6.7,3.2577245800828853,15_407
c1ccc(Cn2nnnc2-c2nc(-c3ccccc3)n(-c3ccccc3)n2)cc1,-7.8,3.5567093851058535,15_408
CCN(CC(=O)Nc1ccccc1F)c1ccccc1N(C)C(=O)NC1C=CC(=COC)C(OC)=N1,-7.3,3.586844536514367,15_409
COc1ccc(CN2C(=O)C(=O)c3cc(S(=O)(=O)N4CCCCCCC4)ccc32)cc1,-7.2,1.7191609031071051,15_410
CCc1ccccc1Nc1c(-c2ccc(OC)cc2)nc2ccccn12,-7.6,3.645952990335105,15_411
O=c1[nH]c2cc(OCCN3CCc4ccccc4C3)ccc2c(=O)n1Cc1cccs1,-6.6,3.6898496925841036,15_412
CN1C(=O)c2ccccc2Sc2ccc(NC(=O)c3ccc4ccccc4c3)cc21,-8.7,2.6071166220735957,15_413
O=Cc1ccccc1C(C=NCCCn1ccnc1)c1ccc(OC(F)(F)F)cc1,-6.1,3.486379096101204,15_414
O=C(c1cc(Cc2n[nH]c(=O)c3ccccc23)ccc1F)N1CCC(CN2C(=O)c3ccccc3C2=O)CC1,-8.9,3.4871198480185672,15_415
CC(C)[C@@H](Nc1nc(-c2ccncc2)nc2sc3c(c12)CCCCC3)c1ccccc1,-7.3,2.57393112198084,15_416
CC1=CN([C@@H]2[CH][C@H](O)[C@@H](NC(=O)c3ccc(F)cc3F)C2)OC(=O)NC1=O,-7.5,2.416892307762944,15_417
OC(Cc1cc(Br)ccc1F)Cn1ccccc1=Nc1ccccc1,-6.8,3.7453048521751864,15_418
O=C(c1cccc(S(=O)(=O)N2CCCCC2)c1)N1CCN(c2ccccc2F)CC1,-7.4,3.6608566589307534,15_419
O=S1(=O)CCC(CNc2nc(C(F)(F)F)nc3c2CCC3)CC1,-7.3,3.496748885673899,15_420
CCCC(=O)Nc1cccc(S(=O)(=O)Nc2nc3cc(Cl)ccc3s2)c1,-6.7,3.699077630912212,15_421
Cc1cc(F)c(-c2nc(-c3ccnc(N4CCOCC4)c3)no2)cc1-n1cnc(C2CC2)c1,-7.9,3.5116960364582566,15_422
Cc1ccc(C(=C(c2ccccc2)c2ccc(C)o2)c2ccccc2)cc1,-6.9,3.154565905915832,15_423
COc1ccc(CCn2cc(-c3ccccc3C(F)(F)F)c3ccccc3c2=O)cc1,-7.0,3.553376411276602,15_424
CCCCCCCCCCCCCCCCCc1ccc(-c2nc(-c3ccc(Cl)cc3Cl)c[nH]2)cc1,-5.0,2.9081407805958395,15_425
O=C1NC(c2ccc(Br)cc2)Nc2ccccc21,-6.7,3.5566755494837365,15_426
N#C/C(=C\C1CC1)C(=O)N1CCC[C@@H](n2nc(-c3ccc(Oc4ccccc4)cc3)c3c(N)ncnc32)C1,-7.1,3.322874943370546,15_427
O=C(c1ccco1)N1CCN(c2nccc(-c3ccc4c(c3)OCO4)n2)CC1,-7.6,3.591085027306824,15_428
COC=C1C=C(/C=C/C(=O)N=CC2=CC(NC(=O)CCc3cccc(N(C)C)c3)=C(S(=O)(=O)O)C2C)C1,-6.6,3.1054765747699946,15_429
COc1ccc(CN2CCN(c3cccc4c3C(=O)c3ccccc3C4=O)CC2)cc1,-7.5,3.6090184453241205,15_430
CC1[CH]C[C@@H](O)C2=CC(=O)C[C@@H](O)[C@@]2(C)C1,-5.1,2.1893355017923373,15_431
COc1ccccc1-c1cc(N)nc(-c2ccc(NC(=O)Nc3cccc(Cl)c3)cc2F)c1,-7.8,3.5347974175317276,15_432
CNc1ccc([N+](c2ccccc2)c2ccccc2)cc1,-6.3,3.4598080509889657,15_433
O=C(c1ccc(O)cc1O)N(Cc1cccnc1)c1ccc(-c2ccc(OC(F)(F)F)cc2)cc1,-7.3,3.579777154131931,15_434
Cc1ccc2oc(-c3ccc(OCCCOc4cccc(-c5ccc(C(=O)OC(C)C)cc5)c4)cc3)nc2c1,-6.8,3.1600387259729072,15_435
O=C(NC[C@H]1C[C@@H]1c1cccc(-c2cccc(F)c2F)c1)Nc1cccc2ccccc12,-8.0,3.4019155450191563,15_436
O=C(Cn1cc(Cc2cncnc2)c(=O)nc1SCc1ccc(F)cc1)N1CCN(c2ccc(Cl)c(Cl)c2)CC1,-7.5,3.313000978837236,15_437
CCN(C)/[N+]([O-])=N/C1=CC2=Cc3cc(-c4[nH]ncc4-c4ccc(C)cc4)c(OC)cc3CSC2=CC1,-7.0,2.4058120123167246,15_438
CC1[CH][C@H]2C[C]3O[C@@](O)([C@@H](O)C[C]2C1)[C@]3(C)C=O,-5.7,1.1530032503507446,15_439
Cn1cc(C(=O)NN)c2cc(-c3ccccc3)ccc21,-7.2,3.4594635613260873,15_440
Fc1ccc(Nc2nc(N3CCOCC3)nc(-n3ccnc3)n2)cc1,-7.3,3.6593825286064323,15_441
COc1ncc(-c2cc3c(C)nc(N)nc3n([C@H]3CC[C@H](OCCO)CC3)c2=O)cc1C,-7.0,3.552193476444244,15_442
O=C(Nc1ccc(Oc2ccnc3[nH]ccc23)cc1)c1n[nH]c(-c2ccccc2)n1,-7.6,3.4977657160422577,15_443
O=C(Nc1cccc(-c2nc3ccccc3o2)c1)c1ccc(F)cc1,-7.4,3.6893687148112164,15_444
CNC(=O)C(Cc1ccc(COc2ccc(C[CH]C(=O)NCC3=CC(=CC(=N)N)C3)cc2)cc1)NC(=O)c1cccc(C(=O)O)c1,-6.7,2.9163979353373626,15_445
NCc1cn(-c2ccc(F)cc2)nc1-c1ccccc1,-6.7,3.6919801731484494,15_446
COC(=O)/C=C\C(=O)Nc1cccc(-c2cnn(C3CC3)c2)c1,-6.4,3.674872726673791,15_447
O=C(Cn1cnc2cccnc21)N1CCN(Cc2cccc(Oc3ccccc3)c2)CC1,-7.4,3.641715010176104,15_448
O=C1C=CCC(c2ccc3ccccc3c2)O1,-6.5,3.347088370310377,15_449
CC=CC=CC(C)c1cc(NC(=O)c2cccc(NC(=O)CC(C)C)c2)n(-c2ccc(F)cc2)n1,-8.0,3.526432805985485,15_450
O=C(N[C@H]1CCC[C@H]1n1ccc2c(O)cccc21)c1ccc2ccccc2c1O,-8.1,3.5781371038577845,15_451
CC=CC=C1CNNN=C(C(=O)N=CC2CCCN(C(=O)c3ccc(Cl)cc3)C2)C=N1,-7.2,1.6528782456727482,15_452
O=C(Nc1cccc(-c2cnc3c(NC(=O)c4ccccc4)cccn23)c1)c1ccc(Cl)c(Cl)c1,-8.0,3.4750023244754837,15_453
CC(=N)N=CC1=CCCC=Cc2cnc3ccc4ccc(-c5cccc6ccccc56)cc4c(=O)c3c2C1,-8.7,1.0196925704260975,15_454
COc1ccc(-n2c(O)cc(N3CCN(S(=O)(=O)c4ccccc4)CC3)c2O)cc1,-7.0,3.6855659905391547,15_455
O=S(=O)(c1cc(F)ccc1Cl)n1cc(C2=CCNCC2)c2ccccc21,-8.0,3.7709316466847023,15_456
Cc1cc(C)c(CNc2cnc3ccc(N)cc3n2)cc1C,-6.8,3.669512603817645,15_457
O=C(O)C1CSC(c2ccccc2)=N1,-5.3,3.4846319225714693,15_458
O=C(CN1C=C(S(=O)(=O)c2cccc([N+](=O)[O-])c2)c2ccccc2S1=O)ONCc1cccs1,-6.9,3.346299349564771,15_459
CC(=O)Nc1cccc(-c2cncc(Nc3ccccc3S(C)(=O)=O)c2)c1,-7.4,3.739122772703733,15_460
Cc1cccc(C)c1NC(=O)C1CC(C(=O)Nc2ccc(Br)cc2)n2ncc(C(=O)Nc3ccc(C(F)(F)F)cc3)c2[C@H]1C(C)(C)C,-7.5,3.2230727780182455,15_461
Cc1ccc(-c2cc(-c3ccc4c(c3)OCO4)c(C#N)c(N)n2)cc1,-7.2,3.752427261417412,15_462
O=Cc1c(-c2ccccc2)oc2cc(OCCCCCCNc3nc4ccccc4c(=O)o3)ccc12,-7.3,3.2614268004386027,15_463
O=C(Nc1ccc2c(c1)OC(F)(F)O2)c1cccc2c1C(=O)c1ccccc1-2,-8.4,3.665765462778487,15_464
Cc1cn2c(/C=N/N=C(N)N)c(-c3ccccc3)nc2s1,-6.8,3.500151395853325,15_465
C/C(=N\Nc1nc2ccccc2nc1Cc1ccccc1)c1cc2cc(Br)ccc2oc1=O,-7.6,3.3364086357168636,15_466
O=C(Nc1nnc(C2CC2)s1)Nc1cc2ccccc2cc1-c1ccccc1,-8.2,3.643878679351756,15_467
CN(c1ccc(Cl)cc1)c1ccc(C(=O)C=C2C=C(C(=O)CCN3CCOCC3)c3ccccc32)cc1,-7.5,3.36059038843728,15_468
C=CC(=O)Nc1cc(Nc2ncc(Cl)c(Nc3ccccc3C(=O)N3CCCC3)n2)c(OC)cc1N(C)CCN(C)C,-7.3,3.1985009043899306,15_469
O=C1/C(=C/c2c3ccccc3nc3ccccc23)CNCC1C=Nc1ccc2[nH]c(=O)sc2c1,-9.0,3.3256915515925853,15_470
Cc1cc(SCc2nc3ccccc3[nH]2)nc(SCC(=O)c2ccccc2)n1,-7.2,3.4031639566611736,15_471
O=C(NCCc1ncc[nH]1)C(c1ccccc1)c1ccccc1,-6.5,3.6494063855167145,15_472
COc1ccc(-c2cc(Cc3nc(N)nc(N4CCOCC4)n3)on2)cc1,-7.1,3.608128238533913,15_473
CC(=O)NC1CCCc2nc(C(=O)NCc3ccc(F)cc3)c(O)c(=O)n2C1,-7.3,2.6170091211381674,15_474
Cc1cc(OCCCN2CCCCC2)ncn1,-4.9,3.454800974687293,15_475
Nc1n[nH]c(N)c1N=Nc1cccc(F)c1,-5.7,3.376193133595703,15_476
Clc1ccc(CN2CCOC(Cn3cccn3)C2)cc1Cl,-5.9,3.7043316543491907,15_477
O=C(O)C(Cc1ccccc1Nc1ccccc1)=NNc1nc(-c2ccc(Cl)c(Cl)c2)cs1,-6.4,3.339669924045147,15_478
Cn1cc(C2=CCC(c3cccc(N4CCC[C@@H]4Cc4ccccn4)n3)=NNCC=N2)cn1,-7.9,1.4440436395497884,15_479
N#Cc1ccc(NS(=O)(=O)c2ccc(NC(=O)Nc3cccc(C(=O)O)c3)cc2)cc1,-7.0,3.5009474564893788,15_480
CC(OC(=O)c1ccccc1NC(=O)/C=C/c1ccccc1F)C(=O)Nc1ccccc1F,-7.9,3.5988450880519687,15_481
CCc1ccc(-c2cc(C(=O)N/N=C/c3cccc4ccccc34)nc(C)n2)cc1,-6.9,3.5866542049829064,15_482
O=C(C[n+]1cccc2cccc(O)c21)c1ccccc1Cl,-6.3,3.556206703757989,15_483
COC=CC=NC(=NC(=N)Nc1ccc(NC(=O)c2ccccc2F)cc1)N(C)Cc1ccccc1C(F)(F)F,-6.9,3.158924333554358,15_484
O=C(Nc1ccccc1C(=O)O)c1ccc2c(c1)N(Cc1ccccc1)C(=O)c1ccccc1S2(=O)=O,-8.2,2.511746877595971,15_485
O=C(c1ccc(Cl)c(Cl)c1)c1ccc(-c2ccccc2)cc1O,-6.9,3.592594021913312,15_486
O=S1(=O)c2cccc3cccc(c23)N1CCCN1CCC(c2c[nH]c3ccccc23)CC1,-8.3,3.5757495960761863,15_487
CCN(C)CCC(=NC(=O)C1C=C(OC)C2(CCCCC2)C(=CCOC2=CC=CC=CC=CC2)C=CC1)C(=O)Nc1ccc(C=CC(=O)O)cc1,-6.8,0.6019336158026309,15_489
O=CNc1ccc(S(=O)(=O)NCc2ccccc2)c2ccccc12,-6.6,3.6865183498712093,15_490
COc1ccc(-c2cccc(NC(=O)c3ccccc3F)c2)cc1CNC(=O)c1ccc(C(F)(F)F)cc1,-7.5,3.4481412391702624,15_491
O=c1c(-c2cc3ccccc3[nH]2)c[nH]c2cccc(NC3CCCCC3)c12,-8.8,3.465721805414697,15_492
C=C[C@@H]1c2c([nH]c3ccccc23)C(O)c2ccccc2N1C(=O)C(Cc1ccc(O)cc1)NC(=O)OC(C)(C)C,-7.0,2.3182288644455493,15_493
O=C1c2ccc(-c3ccccc3)cc2C2=NCCN12,-6.8,3.3925490772223896,15_494
CC=C(F)C=CC(C)=NC(=O)c1cc(-c2ccc(NC(=O)Nc3ccccc3Cl)cc2)ncc1F,-7.4,3.469868332248587,15_495
Nc1cc(O)ccc1[C@H]1CC(=O)c2c(O)cccc2COCC=C1C(=O)c1cc(F)co1,-7.4,1.3386903007108168,15_496
CCn1nc(CO)c2c1CCN(c1ccc(N3C[C@H](CNC(C)=O)OC3=O)cc1F)C2,-7.1,3.5455859058229118,15_497
NC(=S)c1cccc(-c2cnc3ccc(N4CCCCC4c4cccc(F)c4)nn23)c1,-9.1,3.6461707087107182,15_498
CN(C)c1ccc(CNC(=O)c2ccc3c(cnn3-c3ccc(F)cc3)c2)cc1,-7.4,3.7152642482420744,15_499
COc1ccc(S(=O)(=O)NC2c3ccccc3-c3ccccc32)cc1C,-7.2,3.754605282050501,15_500
O=C(Cc1noc(-c2ccccc2)n1)OC1CCc2ccccc21,-6.7,3.684460027281085,15_501
O=S1(=O)Nc2ccccc2N1C1CCN(C(c2ccccc2)c2nnnn2-c2ccc3c(c2)OCCNC3)CC1,-7.6,2.25192811141408,15_502
Cc1noc([C@H]2C[C@H](NC(=O)c3ccc(Br)cc3)CCO2)n1,-6.3,3.7639526028215275,15_503
COc1cc(Br)c(/C=C2/C=Nc3ccccc32)cc1OC,-6.2,3.635380136880184,15_505
CSc1sc(-c2nnc(SCC(=O)Nc3ccccc3[N+](=O)[O-])o2)cc1CSc1ccccc1,-6.6,3.1286246058712464,15_506
COc1cccc(-c2[nH]ncc2C(=O)Nc2cccc(-c3ccc4c(c3)CCO4)c2)c1,-7.9,3.6458227093906572,15_507
O=C1C(=Cc2ccccc2)CCc2c1ccc1c2CCCC1,-7.8,3.1261663225920513,15_508
Cc1ccc(Oc2nc(C)ccc2C(=NO)NC2CC2)cc1,-5.9,3.45387967074912,15_509
CC(C)(O)c1ccc2c(c1)C(C1=CC=C(c3cccc(CNC4CC5CCC4CC5C(=O)NCC#N)c3)S1=N)N2,-7.5,2.893690154454932,15_510
O=C1Cc2cc(C(F)(F)F)ccc2N(C=CC2=CC(Cl)=C2)C1=CC(=Cc1ccccc1C(=O)O)C(F)(F)F,-7.7,3.3658817475849077,15_511
O=C1c2ccccc2C(=O)N1CCCCNC(c1ccccc1)c1ccccc1,-6.4,3.560976553711865,15_512
Cc1ccc(-n2nc(-c3ccc(NS(=O)(=O)c4cccc(C(=O)O)c4)cc3)cc2C)cc1,-7.8,3.643756980132694,15_513
O=c1[se]c(Nc2cccc(Oc3ccc([N+](=O)[O-])cc3)c2)nc2ccccc12,-7.7,3.524836093839821,15_514
[N]=CCCC(C=CN=CC1=CC=CN(C(=O)C(Cc2ccccc2)NC(=O)Nc2ccccc2Oc2ccccc2)C=C1)=NC(=O)C(S)C(=O)Nc1cccc(Cl)c1F,-6.9,1.50362921343606,15_515
CC(=N)Nc1ccc(-c2ccccc2[N+](=O)[O-])cc1,-5.9,3.361909333496942,15_516
O=C(Nc1ccc(Nc2ccccc2-c2ccccc2)cc1)c1ccc(F)cc1,-7.3,3.5003059138858967,15_517
N#Cc1ccccc1-c1ccc(/C=C/c2cccc([C@@H]3C[C@@]34C(=O)Nc3ccccc34)n2)cc1,-8.0,3.461485107716368,15_518
O=C(O)c1ccc2c(c1)C(=O)N([C@H]1CC[C@@H](COc3ccccc3)CC1)C2=O,-6.3,3.655597310288151,15_519
C[n+]1c(-c2ccc(/C=N/NC3=NCCN3)cc2)cn2ccccc21,-6.8,3.5318689307663487,15_520
O=C(CC=Nc1ccccc1F)c1ccc2c(c1)OCCO2,-6.3,3.610546486870323,15_521
c1ccc2c(-c3ccc(-c4c[nH]c5ccccc45)cc3)c3ccccc3nc2c1,-7.9,3.14920353620529,15_522
CC1C=CC(=Nc2ccccc2)Nc2ccccc21,-7.8,2.394000449917071,15_523
CCc1ccoc(=Nc2cc(Sc3ncnc(Nc4ccccc4)c3N)c[nH]2)c1,-6.9,3.4826922580641386,15_524
O=C(CNC(=O)C(Cc1ccc(O)cc1)NC(=O)c1cc2ccccc2[nH]1)NC(=O)NCc1ccccc1,-8.0,3.2321250297687536,15_525
O=c1[nH]c(=S)n(CC2CC2)c(=O)n1-c1ccccc1,-5.9,3.6537888002397922,15_526
O=C1c2ccccc2SC(=CNS(=O)(=O)c2ccc(-c3ccccc3)cc2)C1Cl,-7.9,3.712567394466647,15_527
O=C1CC(c2nc(-c3ccccc3)oc2Nc2ccc3c(c2)OCO3)C=CC=CO1,-8.5,1.7424032168306347,15_528
Cc1cccc(NC(=O)C2=CC3=CC=CCC=CC3C(c3ccc(OCCCC(F)(F)F)cc3)(C(F)(F)F)NC2=O)c1C,-7.5,1.2353919495906327,15_529
Cc1cccc(-c2cccc(CNC(C)c3cc4ccccc4s3)c2)c1,-7.3,3.418954894811482,15_530
O=C(Nc1ccc(Oc2ccccc2)nc1)c1cncnc1,-6.3,3.7908301259941,15_531
NCCCCCc1nnc(-c2ccccc2)o1,-5.8,3.634355813639722,15_532
CC=CC=CC(=O)CN(Cc1ccc2ccc(C(=N)N)cc2c1)S(C)=O,-6.1,3.41539815365313,15_533
Cc1ccc2oc(-c3ccc(NC(=O)c4ccccc4C)cc3)c(C)c(=O)c2c1,-7.8,3.608811787340186,15_534
O=C(Cn1c(O)c2c(c1O)C1C=CC2C2CC12)Sc1cccc(-c2ccc(F)cc2)c1,-5.7,3.3004240498372654,15_535
O=C1N[C@H](c2cncc(C#Cc3ccccc3F)c2)[C@@H](c2ccc(F)cc2)O1,-7.7,3.6418431060417613,15_536
C[C@H]1OC(=O)C2C[C@@H]3COCC[C@H]3[C@H](/C=C/c3ccc(-c4ccccc4F)cn3)[C@@H]21,-7.9,3.417489024866078,15_537
C[C@H]1CN(c2ccc(Nc3ncc4c5ccncc5n([C@H]5CCC[C@H]5O)c4n3)nc2)CCN1,-7.7,3.3930303141392963,15_538
CC(CCNC(=O)NC1N=C(c2ccccc2)c2ccccc2N(CC(F)(F)F)C1=O)NCc1c(-c2cccc(F)c2)[nH]c2ccccc12,-7.9,2.0247236861589473,15_539
OC(Cc1cccnc1)c1ccc(Oc2ccc(Cl)cc2)cc1,-6.5,3.717903303275201,15_540
O=C(COc1ccccc1C(=O)Nc1ccccc1)c1ccc(Br)cc1,-6.4,3.67385839254481,15_541
Cc1cc(C(=O)N2c3ccccc3Sc3ccccc32)ccc1OCC(=O)N1CCOCC1,-7.5,3.6171910616457126,15_542
O=C(Cc1ccccc1)Nc1ncc(Cc2ccccc2F)s1,-7.0,3.7488516750855574,15_543
COC1=CC=CC(N(CC(=O)Nc2ccc(OC)cc2)S(=O)(=O)c2cn(C)nc2C)C=C1,-7.2,2.6927409903935104,15_544
Oc1occ2c1C(c1cccc3ccccc13)c1cc3c(cc1N2)OCO3,-7.5,3.4806853680377863,15_545
Fc1ccccc1-c1nc2ncccc2o1,-6.2,3.5580533094163775,15_546
O=c1n(Cc2cccc(Cl)c2)c2ccccc2c2nc(-c3ccccc3)nn12,-8.1,3.542995018746022,15_547
NC(=S)c1cccc(-c2ccc(C(=O)Nc3ccc(NC(=O)c4ccc(F)cc4)cc3)cc2)c1,-5.4,3.4654407493247854,15_548
COc1cc(C(=O)Nc2ccc3c(c2)C(C)(C)CC(C)(C)S3)cc(OC)c1OC,-6.1,3.737175908843345,15_549
CCCc1ccccc1N=CC=CCNCCC1C(=O)NCN1c1ccccc1,-5.4,3.5509809336790608,15_550
O=C(Nc1ccccc1N1CCCCC1)c1csc2ccccc12,-7.6,3.6677513316639994,15_551
COc1ccccc1Oc1ccc(C[C@H]2c3cc(Oc4c(OC(=O)c5ccccc5OC(C)=O)c(OC)cc5c4[C@H](C)N(C)CC5)c(OC)cc3CCN2C)cc1,-6.9,2.652830629528949,15_552
CC1(C)c2[nH]nc(NC(=O)c3ccc(F)cc3)c2CN1C(=O)NCC(F)(F)F,-7.5,3.532400492588831,15_553
COc1ccc([C@H]2O[C@@H](c3ccc(OC)c(OC)c3)[C@H](C)[C@@H]2C)cc1OC,-6.1,3.6775683032079933,15_554
CCCC1Cc2cccc(S(=O)(=O)NC(Cc3nc4ccccc4s3)C(=O)N3CCC(CCF)CC3)c2N1,-6.4,3.424276654626353,15_555
Cc1nc2cc(OC[C@H](O)CN3CCN(Cc4nc(-c5ccc([N+](=O)[O-])cc5)no4)CC3)ccc2s1,-7.2,3.283310856081523,15_556
N#C[C@H]1CC(C(=O)NC2CC(F)(F)C2)CC[C@@H]1n1cc(C(N)=O)c(Nc2ccc(F)cc2)n1,-7.1,3.4880126577760695,15_557
Cc1ccc(C2=NN(C(=O)c3ccccc3)C(c3ccc(Br)cc3)C2)cc1C,-8.0,3.5227372256560083,15_558
Oc1ccccc1-c1cc(-c2c(O)c3ccccc3c3ccccc23)nc2ccccc12,-8.4,3.2881778633354064,15_559
O=C(Nc1ccc(CC(=CC=CN2C(=O)C2c2ccccc2)CC(F)(F)F)cc1)c1cc(C(F)(F)F)ccc1Nc1cccc(O)c1,-7.2,2.976209827324673,15_560
NC1(c2ccc(-n3c(-c4cccnc4)nc4ccc(-c5cccc(N6CCOCC6)c5)nc43)cc2)CCC1,-8.1,3.3784572894789093,15_561
CN(c1ccccc1)S(=O)(=O)c1ccc(N2C(=O)c3cccc4cccc(c34)C2=O)cc1,-7.3,3.5991023098833814,15_562
Cc1ccc(NC(=O)Cn2c(=O)c(=O)n(Cc3ccc4c(c3)OCO4)c3ccccc32)cc1,-7.4,3.617845254943821,15_563
CC(=O)Nc1cccc(-c2c(Cl)nc(NC3CCC3)c(=O)n2CC(=O)NCCOc2ccccc2)c1,-6.9,3.410830618856828,15_564
Fc1ccccc1CN=NNc1ccccc1N=CC1C=Cc2nc3c(cc21)CCOC=N3,-8.1,2.4692619820504866,15_565
O=C(Nc1cc(Br)ccc1C=Nc1ccccc1)c1ccc(S(=O)(=O)N2CCOCC2)cc1,-7.5,3.6729260788319147,15_566
O=c1cc(-c2ccc3c(c2)OCCO3)[nH]c2ncccc12,-7.6,3.684027128191001,15_567
C1=CC(=c2[nH]c(Nc3ccc4c(c3)OCCO4)nc3nc4cccncc4c23)C=CN1,-9.2,2.4409876090858464,15_568
CCOC(=O)c1[nH]c2cc(Cl)ccc2c1N(Cc1ccco1)S(=O)(=O)C(C)=CC=COC,-6.2,3.4784063743218105,15_569
NCCC(=O)NC1CCN(c2c(F)cc3c(=O)c(C(=O)O)cn(C4CC4)c3c2F)CC1,-7.1,3.4759577998160935,15_570
COc1cccc(NC(=O)c2cc(S(=O)(=O)NCCc3ccccc3)ccn2)c1,-6.6,3.6984839235264992,15_571
Cc1ccc(F)cc1CC(CC(=O)Oc1ccccc1)c1cc2ccccc2o1,-7.9,3.43962074622422,15_572
O=C(Cc1cccc(F)c1F)Nc1nnc(CCCc2nnc(NC(=O)c3ccccc3F)s2)s1,-7.5,3.424859322734733,15_573
O=c1[nH]c(-c2cccc(Nc3ncc4ccc(Oc5ccccc5)cc4n3)c2)nc2c1ncn2Cc1ccco1,-9.0,3.192272597001382,15_574
NC(=O)c1ccccc1-c1ccc2c(c1)CCn1c-2cc(OCC2COc3ncccc3O2)nc1=O,-7.9,3.484963613308717,15_575
CC=Cc1ccccc1C(=O)COC=Cc1ccc(OC)c(OC)c1,-5.8,3.5568891461535985,15_576
Cc1ccc(-n2c(Nc3cccc(C#N)c3)nc3ccccc32)cc1C,-8.0,3.6308993794283,15_577
O=c1ccc2cc(OCc3ccccc3F)ccc2o1,-6.4,3.5944182523250188,15_578
O=c1[nH]cnc2c1ncn2Cc1ccccc1,-5.6,3.6091379714431486,15_579
CC(=O)N[C@@H]1CN(Cc2nccn2C)C[C@H]1c1ccc(F)cc1,-6.4,3.744446941626449,15_580
CCC=C1C(=O)N(CCN(C)C)c2ccc(C(F)(F)F)cc2CC1C(=O)CCC=COC,-6.3,2.5073376499770066,15_581
O=C(CCC1N=C(c2ccccc2Cl)c2cc(Cl)ccc2NC1=O)NCCO,-6.3,2.684825001027459,15_582
COc1cc(NC(=O)CSc2nc3ccc(NC(=O)c4ccc5c(c4)OCO5)cc3s2)cc(OC)c1,-7.5,3.3717043756054017,15_583
O=C(Nc1cccc(O)c1)c1cc2ccccc2o1,-6.5,3.6370407753368914,15_584
COc1ccc(NC(=O)Cc2nnc(Cc3cccc4ccccc34)n2C)cc1OC,-7.2,3.687734651753516,15_585
Oc1ccc(-c2cc(-c3ccc(F)cc3)nc3c2Cc2ccccc2C3O)cc1,-8.6,3.5333991740824002,15_586
COc1cc2c(cc1OC)C(C(O)c1ccc(SC)cc1)N(C(=O)c1cccc(F)c1F)CC2,-7.0,3.6704462420949815,15_587
C=Cn1c(-c2ccc(F)cc2)nc2cc(NC3CC=CC=NC(=O)CC=CC=C(F)C3)ccc21,-8.1,1.4994439835624656,15_588
COC=CC=C(C)C=Nc1ccccc1N=C(c1ccccc1)c1c(N)n(C)c(=O)n(C)c1=O,-6.2,3.4698921333067982,15_589
Cc1ccc(S(=O)(=O)N2CCN(C(=O)c3ccc(C(=O)c4ccccc4)cc3)CC2)cc1,-7.0,3.676703201311941,15_590
Cn1c(C(=O)N[C@@H]2CCCNC2)c(-c2cc3ccccc3o2)c2ccccc21,-8.0,3.660449619770212,15_591
N#Cc1ccc2c(c1)S(=O)(=O)c1ccccc1C2=O,-6.5,3.5529703780282653,15_592
N#Cc1cc(NC(=O)c2cccc(=O)n2C2CC3CCC2C3)ccc1F,-6.3,3.695343511626426,15_593
COC1=CC=C(C2=NN(Cc3ccc(/C=N/Nc4nc5ccccc5[nH]4)cc3)C(=O)CC2C)C1OC,-6.9,3.414007769611858,15_594
Nc1ccc(S(=O)(=O)Nc2cccc(C(=O)Nc3cccc(Cl)c3)c2)cc1,-7.2,3.6120151395804907,15_595
O=C(/C=C/[C@H]1O[C@@H](n2ccc(=O)[nH]c2=O)[C@H](O)[C@@H]1O)NCc1ccc(-c2cc3ccccc3[nH]2)cc1,-7.7,3.1688052398482798,15_596
O=C(Nc1cccs1)Nc1nc2ccccc2s1,-6.6,3.673954360985401,15_597
O=c1c2ccccc2nc(/C=C/c2ccc(F)cc2)n1-c1cccc(O)c1,-8.1,3.7001244640742397,15_598
O=S(=O)(c1cccc(-c2ccnc(C3CC3)c2)c1)N1CCc2ccccc21,-7.9,3.601239612309008,15_599
CC1=NC(=O)NC(c2cccc(O)c2)C1C(=O)Nc1ccc(C)cc1C,-7.7,3.637964150487721,15_600
[O-][n+]1nc2c(I)cnn2c2cc(-c3ccccc3)ccc21,-6.7,3.439416879363428,15_601
c1ccc(-c2nc(-c3ccc(-n4cccc4)cc3)no2)cc1,-6.8,3.6209365719518134,15_602
COc1ccc(-c2cc(C(=O)N3CCC(c4cc(C(=O)NCc5ccccc5)no4)CC3)[nH]n2)cc1,-7.0,3.5792499684662076,15_603
N=C(N)c1ccc(C2NC=C(Cc3ccc(O)cc3)c3ccccc32)cc1,-8.6,3.420558461143332,15_604
COc1cc(N2CCOCC2)ccc1Nc1nc(Nc2cccc(C(=O)N3CCN(C)C(=O)C3)c2Cl)ncc1Br,-8.9,3.3461081612848327,15_605
O=C1C2=Cc3c(ccc4ccccc34)CC2c2ccccc21,-8.2,3.101146142210199,15_606
O=C1NC(=O)C(CNC(=O)c2ccc(-c3cccc(F)c3)o2)(c2ccccc2)C(=O)N1,-7.4,3.5281824010593477,15_607
Oc1ccc(-c2cc(-c3ccccc3O)cc(-c3ccc(Cl)cc3)n2)cc1,-8.5,3.5604777553673337,15_608
COC(=O)C1=CC=C(S(=O)(=O)N(Cc2ccc(F)c(C(F)(F)F)c2)c2cc3ccccc3s2)CC=C1,-7.3,2.5033241302285787,15_609
O=c1[nH]c2ccccc2n1C1CCN(Cc2cccc(Oc3ccc(F)c(Cl)c3)c2)CC1,-7.4,3.6536656206842504,15_610
CC(C)CC(NC(=O)C(NC(=O)C(Cc1ccccc1)OC(=O)NC(C)C(=O)O)C(C)C)C(=O)NC(CC(=O)O)C(=O)COc1ccccc1,-5.9,2.761587987276763,15_611
COc1ccc(NC(=O)C2CCCN(c3cnccn3)C2)cc1Cl,-6.8,3.7862554677539406,15_612
CN1CCC2(CCCN(Cc3ccccn3)C2)C1=O,-5.7,3.3877605321379205,15_613
CN(c1ccccc1)c1cc(C(=O)Nc2ccn(C)n2)c(N2CCN(Cc3ccccc3)CC2)cn1,-8.1,3.614315320534689,15_614
CC(=O)Nc1ccc(NC(=O)C(Oc2ccc(C(=O)NCC(C)C)cc2)c2cccc(C#N)c2)cc1,-7.4,3.512883523069241,15_615
Cc1cc(NC(=O)Nc2cccc(C(F)(F)F)c2)ccc1NC(=O)c1nsc2ccccc12,-7.4,3.511831682275769,15_616
CC(=O)c1cnc(Nc2nc(-c3ccc(Cl)cc3)cs2)nc1C,-6.8,3.728005303554924,15_617
N#CC=C1C=CC(Cn2cncc2C(=O)NCc2cn(-c3ccccc3)nc2-c2ccc(Cl)cc2)=C1,-7.7,3.539404449525022,15_618
O=C(Nc1nc2ccc(NC(=O)c3sc4ccccc4c3Cl)cc2s1)c1ccco1,-6.9,3.5048499297159985,15_619
Cc1c(N2CCN(c3ccncc3)CC2)c(=O)n(C[C@H](N)c2ccccc2)c(=O)n1Cc1c(F)cccc1F,-7.2,3.5330736087057675,15_620
O=S(=O)(Nc1ccc(-c2ccco2)nc1)c1ccc2[nH]ccc2c1,-6.9,3.6999060357875178,15_621
COc1ccccc1NC(=O)CSc1nc2ccccc2c2nc(CC(=O)NCc3ccco3)c(O)n12,-7.6,3.1119573541811265,15_622
CCOCCC(=O)C1=CC(c2ccc(Cl)cc2)C[C@H](OCc2ccc(CO)cc2)O1,-6.8,3.626568054406639,15_623
O=Cc1c2cc(c(=O)n1CCN1CCCC1)C=C(c1ccc3[nH]ccc3c1)C(C(=O)N(C=O)Cc1ccccc1)=CC=C2,-6.3,1.145626232769787,15_624
CCC(=O)N(Cc1cnn(C(C)C)c1)Cc1ccccc1-c1ccccc1N1CC=CC(=COC)C=CCS1(=O)=O,-7.2,1.268384280212599,15_625
CC(F)=CC(F)=CC(=O)Nc1cccc2cc(C(=O)Nc3ccc(C(=O)O)cc3)sc12,-7.1,3.5006253289121725,15_626
CCC(=O)Nc1ccc(N2CCOCC2)cc1Nc1ncnc2cc(OC)c(OC)cc12,-7.7,3.620453730447431,15_627
O=C(Nc1cc(O)cc(Cc2ccccc2)c1)c1ccoc1,-6.3,3.696318616462949,15_628
O=c1nc(-c2ccccc2)c(-c2ccccc2)nn1Cc1nnc(-c2ccccc2-c2ccccc2)o1,-7.5,3.339043728199654,15_629
O=S(=O)(c1ccc(F)cc1)c1ccc2c(c1)c1ccccc1n2Cc1cccnc1,-8.2,3.478429871062555,15_630
CC(=O)O[C@@H]([C@H](O)OC(C)=O)[C@@H]([CH]OC(=O)c1ccccc1)OC(C)=O,-5.4,3.254615999137448,15_631
Cc1ccccc1-c1nnc(SCC(=O)N2CCN(c3ccccc3)CC2)n1C1C=CC=COC1,-6.8,2.5298401727780315,15_632
Cc1cc(-c2nc3ccccc3o2)ccc1NC(=O)CC(C)(C)C,-6.5,3.7239057754705156,15_633
CN1CCc2c(sc3c2cnn3-c2ccnc(NC(=O)c3ccccc3)n2)C1,-7.7,3.6851661257499257,15_634
O=S(=O)(c1ccc(F)cc1F)N1CCN(c2ccc(/C=C/c3cc(Cl)cc(Cn4ccnc4)c3)cc2)CC1,-6.3,3.4541597427529,15_635
O=C1CCC(c2ccc(CCN3CCN(c4nsc5ccccc45)CC3)cc2)N1,-7.3,3.665479478397299,15_636
COc1ccc(C(=O)/C=C/c2ccccc2Cl)c(OC)c1OC,-5.8,3.618401878385655,15_637
Cc1cnc(Nc2ccccc2C(=O)O)cc1-c1ccc(-c2ccccc2C(=O)NC2CC2)s1,-8.3,3.4869017365687496,15_638
O=C(NC(c1ccc2cccnc2c1O)C1[CH]CNCC1)c1cc2ccccc2[nH]1,-7.7,3.5318156087295174,15_639
COc1cc(-c2ccnc(Nc3cccc(-c4ccccc4)c3)n2)ccc1-n1cnc(C)c1,-7.6,3.5179429322648064,15_640
N=C1NC2(CCO1)c1cc(NC(=O)c3ccc(F)cn3)ccc1Oc1cnc(C3=CCOCC3)cc12,-8.7,3.3378579483276605,15_641
O=C(Nc1ccc(-c2nnc(-c3cccc(F)c3)o2)cc1)c1ccccc1-c1ccccc1,-7.7,3.5404607162689334,15_642
CC(=CC(=O)NC(=O)Nc1ccc(C)cc1)N(C)N(C=O)c1ccc(Br)cc1,-6.5,3.5638035238078887,15_643
O=C(Nc1ccc(Cl)cc1)c1ccc2c(-c3nc4ccccc4[nH]3)[nH]nc2c1,-7.9,3.4907040543676615,15_644
COC(=O)c1sccc1NC(=S)Nc1sc2c(c1C)CCCC2,-5.7,3.611515646135423,15_645
COc1cc(F)ccc1C1CC(c2cccc(NC(=O)c3ccc4c(c3)OCO4)c2)=NN1c1ccccc1,-8.6,3.4830660088052285,15_646
O=C(Nc1ccccn1)c1ccc(C(c2ccccc2F)c2ccc(F)cc2F)nc1,-7.0,3.6564661484853156,15_647
C[C@H]1CC=CC=CCCc2sc(-c3ccc(C(C)(C)C)cc3)nc2C(=O)N1,-7.1,1.6148768106640734,15_648
NOC1CC(=O)N(CC(=O)Nc2ccccc2)c2c(/C=C/C(=O)S(=O)(=O)c3cccc([N+](=O)[O-])c3)cccc21,-8.0,3.180530321725616,15_649
CC(C)C(CC1=CCC(CO)(COC(=O)c2ccccc2-c2ccccc2)OC1=O)C(=O)O,-6.2,3.560725317774623,15_650
O=C(Nc1cc2ccccc2[nH]1)C1CCN(c2cnc3ccccc3n2)CC1,-7.7,3.6751358375409806,15_651
C/C=C\[C@H](O)C=C(C)CC(=O)C(=O)C(C)CC1C(C[CH]O)CC[C@@](C)(OC(C)=O)C1[CH]OC(=O)CCCC,-5.6,2.9200533045573005,15_652
Cc1cc(Cl)ccc1Nc1cc(-c2ccccc2)nc2ccccc12,-7.7,3.493871104829367,15_653
O=C1C=CC=CCCc2ccccc2[C@H](COC(=O)C(Cc2ccccc2)NC(=O)c2ccco2)N1,-8.0,1.2454767984973514,15_654
CCCCOC1=C(C(=O)O)C(c2ccc3c(c2)OCO3)Oc2ccc(OC(C)C)cc21,-6.5,3.5669485924905735,15_655
O=C(Nc1nc2cccnc2[nH]1)c1cc2ccccc2o1,-7.2,3.6490452535814066,15_656
O=C(c1cccc(-c2nnc3ccc(-c4ccc5[nH]ccc5c4)nn23)c1)N1CCOCC1,-9.4,3.602728272050041,15_657
C1=CN2CCNCCOC2N=CN=C2CNN=C12,-6.1,0.7775035203219485,15_658
Cc1cc2c(SCC(=O)N(C)c3ccccc3)nnc(-c3ccccc3)c2cc1C,-6.7,3.5436418025100638,15_659
CCC1CCCCc2c(-c3ccc(C)cc3)nc(-c3ccc(C)c(C(C)C)c3)n21,-6.8,2.3958593874510536,15_660
Oc1cncc(-c2ccccc2)c1,-5.2,3.3960546837553274,15_661
Cc1ccc(-c2nn(Cc3ccc(-c4ccccc4)cc3)c3ccccc23)cc1S(=O)(=O)N1CCOCC1,-8.7,3.422244520151554,15_662
COc1ccc(Nc2nccc(-c3ccc(Cl)cc3)n2)cc1,-6.6,3.7505373669662645,15_663
Nc1nc(CN2C[CH]C3Cc4cc(F)ccc4[C@H]3C2)cc(-c2ccc(C(F)(F)F)cc2)n1,-7.9,3.6249290751044843,15_664
Cc1cc(Oc2cccc(CNC(=O)c3ccc(C(F)(F)F)cc3F)c2)c(C)cc1CCC(=O)O,-7.3,3.5477868662058176,15_665
O=[N+]([O-])c1cccc(Cn2ccc(CCCCC(O)=NO)n2)c1,-5.1,3.2293520297681484,15_666
CN1C(=O)N(c2cccc(C(F)(F)F)c2)C2=C(C(=O)CCC2)C1c1ccc(C#N)cc1-c1cccc(NC(=O)C(C)(C)O)c1F,-8.0,3.3425098541114187,15_667
O=C(Cc1ccsc1)N[C@H]1CN2CCC1CC2,-4.9,3.310166018587873,15_668
Cc1ncc([N+](=O)[O-])n1CC(=O)NN=Cc1ccc(O)c(O)c1,-6.5,3.097256332701016,15_669
O=C(Nc1ccccc1)Nc1cccc(-c2ccc(-c3nc4cc(F)ccc4[nH]3)s2)c1,-7.5,3.426934483435666,15_670
Oc1c(C(Nc2ccncc2)c2cc3ccccc3o2)ccc2ccccc12,-8.2,3.4925670789568812,15_671
O=C1Nc2cccc(c2)Oc2cccc(c2)C(=O)c2c3ccccc3c(O)c3cccc1c23,-9.7,1.1107014441876206,15_672
O=C(COc1ccc2c3c(c(=O)oc2c1)CCC3)Nc1cccc2ccccc12,-8.7,3.6489517440629142,15_673
C=c1[nH]cc(CO)c(=CNNC(=O)N=Cc2ccccc2-c2ccccc2)c1=O,-7.5,3.4387477263579536,15_674
Cc1ccc(-c2[nH]nc3c2C(c2ccccc2C(F)(F)F)N(c2ccccc2)C3=O)cc1,-8.2,3.5725818154008646,15_675
COc1ccc(-c2nnc(-c3cc(OC)c4c(c3OC)OCO4)o2)cc1OC,-6.6,3.6113225166482055,15_676
CCNC(=O)C=C1C=CC(n2c(C)ccc2-c2cc(Br)ccc2OCc2ccc(F)c(F)c2)=C1,-7.1,3.5408114389146146,15_677
CCOc1cc(-c2oc3ccccc3c2-c2ccnc(F)c2)ccc1Oc1ccccc1C,-7.3,3.3327049079410864,15_678
COc1cccc(Cn2c(N)c(C(=O)N3CCc4ccc(F)cc4C3=O)c3ccccc32)c1,-7.9,3.6395320996325484,15_679
O=S(=O)(NCCCN=c1c2ccccc2oc2[nH]c3ccccc3c12)c1ccccc1,-6.3,3.513102138345716,15_680
N#Cc1nc(COc2ccc(F)cc2)oc1N1CCN(c2ccccc2)CC1,-7.3,3.743339643767968,15_681
O=C(CN1CCN(c2ccc(O)cc2)CC1)Nc1cccc2c1C(=O)c1ccccc1C2=O,-8.1,3.615879642918138,15_682
COc1cc(C(=O)Nc2cnc3ccccc3c2)cc(OC)c1OC,-6.6,3.818593472768045,15_683
O=C(Nc1ccc(-c2cccc(-c3nc4cc(F)ccc4[nH]3)c2)cc1)c1cccs1,-7.0,3.4993740050351856,15_684
O=C(O)c1cccc(-c2ccc(/C=N/Nc3ccc([N+](=O)[O-])cc3)o2)c1,-6.7,3.524129132300958,15_685
O=C(CN1C(=O)NC2(CCCC2)C1=O)Nc1ccc2c(c1)OCCO2,-6.9,3.3622465952856686,15_686
Cc1ccccc1CCCc1c2cccc(O)c2c(O)c2c(O)cccc12,-7.2,3.4277231654363782,15_687
CCc1nc(N)nc(N)c1-c1ccc(NCc2ccc(C(C)=O)cc2)cc1,-6.9,3.578187355965425,15_688
COc1ccc2ccc(C(=O)N3[CH]C(c4ccc(OC)c(OC)c4)=C(C(=O)O)c4ncnc(N)c43)cc2c1,-7.0,3.4553002112342837,15_689
O=C(Nc1ccccc1)Nc1nnc(CCSCCc2nnc(NC(=O)C(c3ccccc3)c3cccs3)s2)s1,-6.5,2.9306540272813026,15_690
O=C(Cn1c(=O)n(Cc2ccco2)c(=O)c2ccccc21)Nc1cccc(C(F)(F)F)c1,-7.4,3.6979626263333185,15_691
O=C1c2ccccc2CCC1c1ccc2c(c1)OCO2,-7.4,3.458730816383773,15_692
O=C(NCc1cc(C2CCC2)no1)c1cccs1,-5.6,2.5853350718349057,15_693
O=C(CC[C@H]1CNc2ccc(Cl)cc2C(c2ccccc2F)=N1)OOCc1ccccc1,-5.9,2.6296765590985824,15_694
O=C(Cc1cccc2ccccc12)Nc1nc(C23CC4CC(CC(C4)C2)C3)cs1,-7.4,3.3493193295900294,15_695
O=C(CCC1CCN(C[C@H]2CC=CCC2)CC1)c1cccc(Br)c1,-5.8,3.2422033343253496,15_696
O=C(N/N=C/c1cc2c(cc1Cl)OCO2)c1ccoc1,-6.2,3.5910190783094214,15_697
CCCC(C(=O)Nc1cc2cc[nH]c2cc1C(=O)NC(C)(C)C)c1ccccc1,-7.2,3.568313191361348,15_698
C[C@H](Nc1cc(-c2cc(N3CCN(C)CC3)nc(N3CC4CC3C4)n2)ccn1)c1cnc2ccccc2c1,-9.6,3.263481039104205,15_699
N[C@H]1C[C@@H](Nc2nccc3cc(-c4cccc5ccccc45)ccc23)C[C@@H]1c1cc(C(F)(F)F)cc(C(F)(F)F)c1,-8.8,3.218336195799218,15_700
O=c1c2ccccc2[nH]c2ccccc12,-6.4,3.240172195571727,15_701
O=C(Nc1ccc(Cl)c(S(=O)(=O)N2CCOCC2)c1)c1cnccn1,-6.2,3.6738986976403636,15_702
CNC(=O)C(Cc1ccccc1)NC(=O)C(Cc1c[nH]c(C2CCCCC2)n1)NC(C=O)Cc1ccccc1,-7.5,3.2738522252991036,15_703
O=C1c2ccccc2-c2c1c1ccccc1c(=O)n2Cc1ccccc1Cl,-7.6,3.5304024630711393,15_704
COc1ccc(NC(=O)c2[nH]cnc2C(=O)NC(Cc2ccccc2)C(=O)OCc2ccccc2)cc1,-6.2,3.3879799947208236,15_705
CC=C(C)C(O)C(C)C1CC=C(C)CC1,-5.0,3.032936201162766,15_706
COc1ccccc1NC(=O)CN1CCN(C(=O)c2ccccc2Oc2ccccc2)CC1,-6.8,3.7411350780062147,15_707
C[C@@H](NC(=O)c1cnc2ccc(Cl)cc2c1)c1cccc(C(=O)c2ccccc2)c1,-7.2,3.56890292005062,15_708
Oc1cccc(-c2cc(-c3cccc(Cl)c3)nc3c2Cc2cccc(O)c2-3)c1,-8.4,3.5185062517423136,15_709
C=CC=CC=CSC(=NC=O)Nc1ccc2ccc3cccc4ccc1c2c34,-7.7,3.1213000100788064,15_710
O=C1c2ccccc2C(=O)c2c1ccn2-c1nc(-c2ccccc2)nc2ccccc12,-8.7,3.49599447600181,15_711
O=C(Nc1ccc(Cl)cc1)c1cccnc1Nc1cccc(-c2csc(C3CC3)n2)c1,-7.5,3.5875642187896797,15_712
CCn1nnc2c(-c3ccccc3)nc(-c3ccc(NC(=O)Nc4cccnc4)cc3)nc21,-8.1,3.490563705721827,15_713
CCNC(=O)/C=C/c1ccc2ccccc2n1,-6.4,3.5235295195658534,15_714
CCn1c(-c2ccc(C(C)C)cc2)nc2c(Br)cccc21,-6.1,3.5123981012153456,15_715
COc1ccc(CNc2nc3c(C)nnc(C)c3s2)cn1,-6.3,3.730199356381264,15_716
CCCCCC[C@@H](O)C/C=C\CCCCCCCC(=O)Nc1ccccc1CN1CCOCC1,-5.1,3.177738357649523,15_717
COc1cccc(Nc2cc(-c3ccccc3)nc(Nc3cccc(C)c3C)n2)c1,-8.3,3.588430320691404,15_718
Cc1ccc(C(=O)Nc2cc(C(F)(F)F)ccc2C(F)(F)F)cc1-c1ccc2c(cnn2-c2ccc(F)cc2)c1,-8.1,3.2848853214105977,15_719
COc1cc(OC)c(C(=O)/C=C/c2ccccc2Br)c(O)c1CN1CCCC1,-6.9,3.6468868844356215,15_720
Cc1ccccc1-c1nnc(N(C)Cc2ccccc2)o1,-6.7,3.6964984483647196,15_721
O=CNC(=O)CCc1ccc2c(c1)CCC(Cc1ccccc1)O2,-6.7,3.688070247466772,15_722
CC1C[C@H](O)[C@H](Nc2nccc(-c3ccccn3)n2)c2cc(C#N)ccc2O1,-6.8,2.7292751963547035,15_723
COc1ccc(C(=O)Nc2ccc(S(=O)(=O)Nc3onc(C)c3C)cc2)cc1OC,-7.0,3.6492669376777767,15_724
C[C@H](NC(=O)c1cnc2c(F)cccc2c1)c1ccccc1,-6.8,3.6649326468790564,15_725
C=Cc1cccc(-c2cc(C(=O)Nc3ccccc3C(=O)N3CCN(CCO)CC3)ccc2C(=O)NC)c(C)c(C)c2ccccc2c1,-8.2,1.1237650724750252,15_726
Cc1ccc(CNC(=O)CN2CCN(Cc3ccc4c(c3)OCO4)CC2)cc1,-6.7,3.6783037234660014,15_727
O=C(NC1CCS(=O)(=O)C1)c1ccc(-c2nc3ccccc3[nH]2)s1,-6.9,3.7019662074454955,15_728
C=C(CCCC(=O)NC(CCCCN)C(N)=O)c1ccc(-c2ccc3c(c2)CC[C@@H](CNC(C)=O)CN3)cc1,-5.6,2.1448105671164788,15_729
COc1cc(OC)c(-c2cn3ccc(NC4CCN(Cc5ccc6c(c5)OCO6)CC4)cc3n2)cc1Cl,-7.1,3.4700586960244686,15_730
O=C(NCc1cccnc1)C1CN(Cc2ccc(-n3cccn3)cc2)c2ccccc2N1C(=O)c1ccccc1,-7.7,3.470947625486775,15_731
COc1ccc(CCC(=O)Nc2ccc(-c3nc4ccccc4[nH]3)cc2)cc1OC,-6.7,3.656866484195186,15_732
Nc1ncc(Cc2ccc(OC(F)(F)F)cc2)c(C2CC2)c1-c1ccc(S(N)(=O)=O)cc1,-6.8,3.684787273786408,15_733
N#CCCc1ccc(Nc2c3ccccc3nc3ccccc23)cc1,-6.6,3.549421256926952,15_734
CC=C1C=C(c2nnc(Nc3ccc(OCc4ccccc4)cc3)n2-c2ccccc2)O1,-6.0,3.606908527684282,15_735
c1cncc(-c2nnc3sc(-c4ccco4)nn23)c1,-6.75,3.538112516741215,15_736
CC=C(C)N1C=CC=C(C(=O)N[C@@H](Cc2ccccc2)[C@H](O)CNC(=O)NCCc2ccccc2)C=Cc2cc(-c3ccccc3C(O)=NO)ccc2C1,-7.7,0.4440790803494261,15_737
NCC(=O)Nc1c(O)cccc1-n1c2ccccc2c(=O)n1-c1ccccc1,-6.3,3.538298984933588,15_738
CC(C)(C)C(=O)N(C/C=C/c1ccc2c(c1)C[C@]1(C2)C(=O)Nc2ncccc21)[C@@H]1CCc2ccccc21,-7.7,3.412263106351682,15_739
Cc1ccc(C(=O)Nc2cccc(CNc3ncnc4c(C(N)=O)cccc34)c2)cc1C(F)(F)F,-8.2,3.5253429319482885,15_740
Cc1nc2ccc(CNC(=O)CCN3CCN(C)CC3)cc2s1,-6.1,3.7398243402477163,15_741
C[C@@H]1CN(Cc2ccc(Cl)cc2F)C[C@]1(C)C1c2cc(-c3ccc(OC(F)(F)F)cc3)ccc2CC[C@@H]1O,-7.7,3.3707532747025093,15_742
O=C(Nc1ccccc1C(=O)O)c1ccc(-c2ccc3nccc(-c4ccncc4)c3c2)cc1,-7.9,3.4940131424417586,15_743
CC=C1C=CC(C(=O)N=CC2=CC(=Nc3c(=O)c4ccccc4nc4ccccc34)CC2)=CC(c2ccccn2)=NC=C1C,-8.7,1.0631470949440347,15_744
Cc1cc(OCc2cccc(F)c2)ccc1N1C(=O)c2ccccc2C1=O,-7.0,3.6063603414454475,15_745
N=CN=CC(C=N)c1ccc(-c2ccccc2S(=O)(=O)N2CCN(CCN3CCOCC3)CC2)cc1F,-6.7,3.3234389453180784,15_746
O=C(CCCn1c(=S)[nH]c2cc3c(cc2c1=O)OCCO3)Nc1nc2ccccc2s1,-7.9,3.5295806619504715,15_747
O=C(Nc1ccc2oc(-c3ccccc3)nc2c1)c1ccc(Nc2ccccc2)cc1,-7.7,3.4947898183138575,15_748
Cc1c(Cc2ccccc2S(=O)(=O)c2cccc(Cl)c2)c2cccc3c2n1CCC3,-7.0,3.5619974544586954,15_749
C=CCNC(=O)C12CCC(C)(C(=O)C1I)C2(C)C,-4.8,2.022322952928729,15_750
N#Cc1cc(S(=O)(=O)Nc2nccs2)ccc1Oc1ccc(Cl)cc1-c1ccnn1C(=O)OCc1ccccc1,-6.4,3.079747190844822,15_751
CC(C)(C(=O)Nc1ccc(-c2cn[nH]c2)cc1)c1ccccc1,-6.5,3.660324109705578,15_752
CC=C1C=CCC(C(C(=O)NC2CCCC2)N(CC)C(=O)CNC(=O)c2ccco2)=C1,-7.1,3.5282336877705425,15_753
C=CC(=O)N(C=NC=Nc1ccc(OCCCCC[N+]2(C)CCCCC2)c(OC)c1)c1ccc(Cl)cc1F,-6.8,3.017884952793896,15_754
Nc1ccccc1C(CCNC(CNC(=O)c1ccccc1)Cc1ccc(F)cc1)c1ccccc1,-6.9,3.30631125496949,15_755
COC(=O)c1cc(NC(=O)CSc2nnc(Nc3ccccc3)s2)ccc1OC,-6.7,3.446053667007323,15_756
[CH]C(CNC(=O)c1ccccc1Nc1ccc2c(C=Cc3ccccn3)[nH]nc2c1)C(=O)NC,-7.6,3.4487944134764,15_757
COc1ccc2nccc([C@@H](O)CNC3CCC(NC(=O)c4cc5ccccc5n4-c4ccc5ccccc5c4)C3)c2c1,-8.0,3.2310024277485008,15_758
Cc1cc(C#N)cnc1C(=O)Nc1ccc(F)c([C@]2(CF)C[C@@H](c3ccccc3)OC(C)(C)C2)c1,-7.1,3.6936403463234475,15_759
CN(C)CCN1C=C(C(=O)NC2CCCCC2)C(=O)CC(c2cccc(C(F)(F)F)c2)=CSC1,-7.0,1.3165596272993323,15_760
Cc1cc(-c2cnc(N3CCc4ccccc4C3)nc2Nc2cccc(C)n2)on1,-8.4,3.687707196858827,15_761
C=CCC[C@@H](C)[C@H]1CCC2=C3C=CC4CC(=O)C=C[C@]4(C)C3C(=O)C[C@]21CCC(=O)OC(C)(C)COCC(O)CNC(C)(C)C,-6.2,2.626783826414292,15_762
Cc1nc(NCCCN2CCOCC2)c2cc(-c3ccccc3)[nH]c2n1,-7.2,3.6989064198516743,15_763
Cc1ccc(N=CCC(=O)c2ccccc2)cc1,-5.9,3.393353242543422,15_764
COc1ccc([C@H]2c3c(-c4ccc5c(cnn5C)c4)cc(C)cc3-c3ccc4ccc(=O)oc4c32)cc1,-8.0,3.3363864657588786,15_765
O=c1[nH][nH]ccc(-c2ccccc2)cc(-c2cccc(C(F)(F)F)c2)c1C1=COc2ccccc2O1,-8.8,1.233448889714599,15_766
O=CC(=O)C1OC=C(c2cc(O)c3c(c2)-c2cc(O)ccc2OC3c2ccc(O)cc2)c2ccccc2-c2ccc1cc2O,-9.0,0.6204830716678202,15_767
O=c1ccc2ncc(F)c3c2n1C[C@@]3(O)CC12CCC(NCc3ccc4c(n3)NCCO4)(CC1)CO2,-8.1,3.1555339728397955,15_768
O=C(c1cccc(NC(=O)c2ccccc2Cl)c1)c1ccc2c(C=Cc3ccccn3)[nH]nc2c1,-7.3,3.426344448106738,15_769
O=C(N[C@H]1CCCNC1)c1ccnc2[nH]c(-c3cccc(-n4ccnc4)c3)nc12,-7.9,3.588483938680196,15_770
O=C(/C=C/c1c2ccccc2cc2ccccc12)c1cccc(N2C(=O)c3ccccc3C2=O)c1,-8.9,3.0930415675567295,15_771
O=C(NC1CC1)c1ccc(-c2cn3c(-c4ccccc4)cnc3cn2)cc1,-7.6,3.710306755895815,15_772
O=C(CNC(=O)C(Cc1cccc2ccccc12)NO)NC(Cc1ccccc1)C(=O)NC(Cc1ccccc1)C(=O)O,-7.4,3.000347115257335,15_773
COc1cccc(CNCc2ccccc2)c1OCc1ccc(I)cc1,-6.3,3.5590504290650298,15_774
CC(C)N(C(=O)CN(C)C(=O)c1cc(-c2cccs2)nc2ccccc12)c1ccccc1,-7.8,3.6003915920493457,15_775
O=C1c2ccccc2C(c2ccc(O)cc2)N1c1ccccc1F,-6.9,3.6275232411869522,15_776
O=c1n(Cc2cccc(Cl)c2)c2ccccc2c2nc(-c3ccco3)nn12,-7.8,3.543132397859711,15_777
Cc1c(Cc2cccc(OC(C)C(=O)O)c2)sc2nc(N3CCOCC3)c3c(c12)CCC3,-6.7,3.6469000383191137,15_778
O=C(Nc1cccc(O)c1)c1c(O)[nH]c2ccccc2c1=O,-6.8,3.54371355148861,15_779
O=CCC=CCCCNc1nc(Nc2ccccc2NS(=O)(=O)c2ccc(F)cc2)nc(Nc2ccccc2P(=O)(O)O)n1,-8.2,2.4871798192111707,15_780
O=C(Nc1ccc(C(=O)N2C[C@H]3CC[C@@H](C2)N3C(=O)c2ccncc2)cc1)Nc1ccc(S(=O)(=O)Nc2nccs2)cc1,-7.5,3.1769541172052858,15_781
O=C(NCCc1nc2ccccc2n1-c1ccccc1)c1ccccc1Br,-6.8,3.6446791755551313,15_782
COc1ccccc1-c1cc2c(NN3C(=O)C=C(C)C3=O)nc(-c3cccs3)nc2s1,-7.4,3.5488346089347678,15_783
O=C(NCc1ccc(F)cc1)C1NC(c2c3ccccc3c(O)c3cccc(Cl)c23)c2cc(F)ccc21,-8.4,3.283573262562115,15_784
O=c1cc(-c2ccccc2)oc2c3c(ccc12)OCN(c1c2ccccc2[n+]([O-])c2ccc(F)cc12)C3,-9.5,3.2363588442538744,15_785
Clc1nc(NCc2ccccc2)c2cc(Cc3ccccc3)ccc2n1,-7.7,3.5518769621463697,15_786
O=C1NC(=O)N(Cc2ccccc2)/C1=C\c1ccc(OCc2cn(-c3ccc(O)cc3)nn2)cc1,-7.3,3.446007386500547,15_787
O=C(C=CC=CCC(F)(F)F)c1ccc2c(c1)N(Cc1cccc(Cl)c1)C(=O)c1ccccc1S2(=O)=O,-8.3,2.4315441765808723,15_788
CC(C)(C(=O)N[C@@H](c1ccccc1)[C@@H](O)c1ccccc1)c1cc(C(F)(F)F)cc(C(F)(F)F)c1,-7.5,3.502955804236861,15_789
Cc1ccc(-n2nc(C(C)(C)C)cc2NC(=O)Nc2ccc(Oc3ccnc4[nH]ccc34)cc2)cc1NC(=O)c1cc2cccnc2n1-c1cccc(C(F)(F)F)c1,-8.6,2.697205151092076,15_790
c1ccc2c(c1)OCn1c-2nc2ccccc21,-6.75,3.4250639667622265,15_791
Cn1nccc1CNc1nn(-c2ccccc2)c(=O)c2ccccc12,-7.8,3.7371475996586083,15_792
Cc1cc(O)c(C(=O)NCc2ccccc2)c(C)c1Cl,-6.3,3.6335951064805334,15_793
CS(=O)(=O)Nc1ccc(-c2cn3c(n2)sc2cc(-c4noc(-c5ccccc5)n4)ccc23)cc1,-6.1,3.4573920814518972,15_794
O=S(=O)(Cc1ccc(F)cc1F)N1CCC(F)(c2ncc([C@@H](O)CO)cc2Cl)CC1,-7.1,3.670873995705544,15_795
O=C(NCc1ccccc1)c1cccc(-c2ccc(C(=O)Nc3ccc(Cl)cc3C(=O)Nc3ccc(Cl)cn3)s2)c1,-7.8,3.1487059661985723,15_796
CCc1noc(C)c1C(=O)OCC(=O)N1c2ccccc2NC(=O)C1(C)C,-6.6,3.6858500533244998,15_797
CC=CC1=C(S(=O)(=O)N2CCN(c3ncc(C(O)(C(F)(F)F)C(F)(F)F)cc3-c3cc4ccccc4o3)CC2)C=N1,-7.6,3.3990521299255603,15_798
Cc1ccc(CC2CCN(c3nc(=O)c4nc5ccccc5nc4[nH]3)C2=O)cc1,-8.1,3.6628899855687407,15_799
O=S(=O)(CCCOc1ccc2c(c1)OCO2)NCc1ccccc1,-6.6,3.68083902132381,15_800
COc1ccc(-c2csc(C3Nc4ccccc4C(=O)N3c3ccccc3)n2)cc1OC,-7.5,3.6483547545468316,15_801
O=c1c(-c2ccc3c(c2)CCO3)c2ccccc2cn1-c1ccc(-c2ccccc2)cc1,-8.4,3.3253686229887687,15_802
COc1ccc(-c2cccc(NC(=O)c3ccc4c(c3)OCCO4)c2)cc1,-7.0,3.757068116504305,15_803
COC(=O)CSc1nc2ccccc2nc1SC(C)C(=O)Nc1cccc(S(=O)(=O)N2CCCC2)c1,-7.0,3.3911302015940357,15_804
CCC(C)Nc1nc2ccc(F)cc2nc1-c1cc(N)c(C=CC2=CC=CCC=C2)cc1N,-7.9,2.528649309725316,15_805
CCc1[nH]n(C)c1NC(=O)CCc1cc(C2c3ccccc3C(=O)N2Cc2cccnc2)no1,-7.3,3.58478817542906,15_806
O=C(NCc1ccc(F)cc1)c1cc(Br)c(Br)[nH]1,-6.1,3.529201182813355,15_807
COc1ccccc1OCC#CCSc1ncnc2c1cnn2-c1ccccc1,-6.8,3.4720005734071906,15_808
O=C(Nc1ccc(-c2ccc(C(=O)O)cn2)cc1)Nc1ccc(Cl)c(C(F)(F)F)c1,-7.4,3.590806146509492,15_809
O=C(c1cccc(NS(=O)(=O)c2ccccc2)c1)c1cc2cc(Cl)ccc2oc1=O,-8.3,3.6114691147342715,15_810
Cn1c(=O)c2c(nc3n2CCN3CC2CCCCC2)n(C)c1=O,-7.5,3.4753044379138,15_811
COc1ccc(Oc2cccc3ccc(C)nc23)cc1CNC(C)(C)C,-6.7,3.7205575273847273,15_812
N#Cc1ccc2nc3c(c(NCc4ccc(Nc5ccnc6cc(Cl)ccc56)cc4)c2c1)CCCC3,-7.7,3.405003395620574,15_813
O=C(O)Cc1ccc(-c2cccc(-c3ccc4ccn(CCc5ccc6c(c5)OCO6)c4c3)c2)cc1,-8.2,3.427659811890215,15_814
Nc1ccc(-c2ccc(C3=CC(=O)C=C(N4CCOCC4)C3=O)[nH]2)cc1Cl,-7.9,3.5409324832940707,15_815
CC=CC1=CC(Oc2nc3ccccc3nc2C(=O)Nc2cc[n+](CCCCCCC[n+]3ccc(C)cc3)cc2CC)C=C1,-6.6,3.2242564753755683,15_816
CC(NC(=O)c1ccc2nc(-c3cc[nH]n3)ncc2c1)c1ccccc1Cl,-6.9,3.6855225400983915,15_817
O=c1c2ccc(F)cc2ncn1Cc1ccc2ccccc2n1,-7.8,3.620952236414772,15_818
O=c1c(C2=NS(=O)(=O)c3ccccc3N2)c(O)c2ccccc2n1Cc1ccc([N+](=O)[O-])cc1,-8.5,3.39617421626433,15_819
c1ccc(Nc2nc(NC3CC3)nc(Oc3ccc(-c4ccccc4)cc3)n2)cc1,-8.1,3.604193120684934,15_820
O=C(C=Cc1ccccc1)Nc1ccc(N2CCN(C(=O)c3ccco3)CC2)nc1,-7.7,3.729090297442253,15_821
O=C(O)CN1C(=O)c2ccccc2S1(=O)=O,-5.0,3.3958822236376762,15_822
CC=c1c(=O)c2c3ccccc3c(O)c3c4ccccc4cc1c32,-8.1,3.2101424599744144,15_823
FC1(F)Oc2cc(Cl)c(-c3ccc(NCc4ccc(Cl)cc4)nc3)cc2O1,-7.2,3.6989770375470306,15_824
O=C1c2nc3ccccc3n2CCN1Cc1cccc(-c2ccc3ccccc3c2)c1,-8.3,3.435982781338281,15_825
O=C(c1ccccc1)c1ccc(N2C(=O)C=CC2=O)cc1,-6.6,3.5620562910451246,15_826
CCc1ccccc1NC(=O)c1cccc2ccccc12,-6.9,3.4525250817189796,15_827
O=C(Nc1ccc(F)cc1F)c1ccc(-c2nc(=O)c3ccccc3[nH]2)cc1,-8.0,3.6832801195699276,15_828
CC(C)(O)c1ccccc1-c1nc(-c2ccc(F)cc2)c(-c2ccnc(Nc3ccccc3)c2)[nH]1,-8.2,3.3666831311796193,15_829
Cn1ncc(NC(=O)c2cccc(-c3cccc(-c4nc5ccccc5o4)c3)c2)c1C1CCN(C(N)=O)CC1,-9.0,3.4286092585313535,15_830
Cc1cc2c(NC3CCN(CC(C)C)CC3)ncnc2s1,-5.9,3.712081967801291,15_832
O=C(O)c1ccc(C(=O)NNC(=O)c2cccc3ccccc23)cc1,-7.1,3.6139385775985815,15_833
O=c1n2c(c(O)n1-c1ccc([N+](=O)[O-])c(C(F)(F)F)c1)CCC2,-7.1,3.5433587746999353,15_834
O=C(Nc1cccc(C=Cc2nc(=O)c3[nH]cnc3[nH]2)c1)c1ccccc1Cl,-7.3,3.615774925670922,15_835
O=C1C(CCN2CCN(c3ccccn3)CC2)CCCN1Cc1cc2ccccc2[nH]1,-7.2,3.6644915188772114,15_836
C=C(C)[CH]CC[C@@]1(C(=O)OCc2ccccc2COC(=O)c2ccc([N+](=O)[O-])cc2)[CH][C@H]2CC[C@@H]3[C@@]4(C)CC[C@H](O)[C@@](C)(CO)[C@@H]4CC[C@@]3(C)[C@]2(C)CC1,-7.7,2.5151025741760575,15_837
COc1ccc(NC(=O)C(=O)NCCN2CCN(Cc3ccc4c(c3)OCO4)CC2)c(OC)c1,-6.5,3.415023192555575,15_838
Cc1cc(-n2ccc3ccccc32)c2c(ccc3[nH]cnc32)n1,-7.0,3.4831596496441377,15_839
C/C(=N\NC(=S)Nc1ccccc1Cl)c1cccc(N)c1,-6.2,3.348241607066191,15_840
O=C(Nc1ccccc1F)c1cc2nc(-c3ccc4c(c3)OCO4)cc(C(F)(F)F)n2n1,-9.0,3.5734546515695698,15_841
NC(=O)n1cc(NC(=O)N2C[C@](F)(CO)CC2C(=O)NCc2cccc(Cl)c2F)c2ccccc21,-7.7,3.4506367088854164,15_842
O=C(Nc1cc(C2CCN(C3CC3NS(=O)(=O)Cc3ccccc3)CC2)nn1-c1ccc(F)cc1)c1cnn2cccnc12,-7.2,3.0935751612709335,15_843
On1c(-c2cncnc2)nc(-c2ccccc2)c1C(F)(F)F,-6.9,3.645796344251357,15_844
COc1ccc2c(c1)c(CC(=O)Nc1ccc(C)c(C)c1)c(C)n2C(=O)c1ccc(Cl)cc1,-7.2,3.6303670567451016,15_845
O=C(Nc1ccc(C(=O)N2CCCc3cc(Cl)ccc32)cc1)Nc1ccc(C(F)(F)F)cc1,-7.5,3.5729410064085574,15_846
COc1ccc(C(=O)Nc2cccc(-c3ccc4c(cnc5ccccc54)c3)c2)cc1OC,-7.6,3.441094845285808,15_847
Nc1ncc2c(n1)-c1ccccc1C(c1ccccc1)=NC2Nc1cccc2ccccc12,-8.8,2.412189515221666,15_848
O=C(O)Cc1ccc(NC(=O)c2ccccc2NC(=O)c2ccc(Oc3ccccc3)cc2)cc1,-7.2,3.390469965471806,15_849
O=c1nc(NOc2cccc(Cl)c2)ccn1Cc1ccccc1,-6.9,3.7264229183288187,15_850
CC1CC1C(=O)NC1C(=O)N2C(C(=O)O)=C(Cc3ccc(C(=O)O)cc3-c3cccc(C#N)c3)CS[C@H]12,-7.1,3.2422913039872228,15_851
Cc1cnc(NC(=O)N2CCN(c3ccc(F)cc3)CC2)s1,-6.4,3.7423622879309497,15_852
CC(C)(C)c1ccc(CN2CCC3(CC2)CCN(C(=O)c2ccccn2)CC3)cc1,-6.8,3.5198053331139705,15_853
O=C(O)Cc1ccccc1Nc1cc(Cl)ccc1Cl,-6.1,3.6290117574606704,15_855
O=C(O)c1cccc(N=C2CCCC(c3ccccc3)O2)c1,-7.2,3.722258198614994,15_856
O=C(COc1cc2oc(=O)c3c(c2cc1Cl)CCC3)Nc1ccccc1CCN1CCC(Cc2ccc(F)cc2)CC1,-8.0,3.2972005984689754,15_857
CCOC(=O)c1c(-c2cccs2)csc1N,-4.4,2.4802377673922913,15_858
O=C(c1cc2ccccc2[nH]1)N1CCC(N2CCC(c3ccc(F)cc3)c3ccccc32)CC1,-8.0,3.4281231860973245,15_859
Oc1cc(-c2ccc(F)cc2)c(O)c2ccccc12,-7.0,3.4754067014302126,15_860
c1ccc(-c2nc3sc4ccccc4n3c2Cn2cccc2)nc1,-7.0,3.5181163868717684,15_861
COC(=O)c1cccc(-c2cccc(C(=O)c3ccc(F)cc3F)c2)c1,-6.9,3.587808451134324,15_862
COC=C1C=CC(Cn2c(=O)c3sc4ccccc4c3n(CC(=O)NCc3ccco3)c2=O)=C1,-7.1,3.539715893345571,15_863
Cc1ccc(CN2CCN(C(=O)CNC(=O)CC34CC5CC(CC(C5)C3)C4)CC2)cc1,-6.6,3.27664913817641,15_864
CCOC(=O)C1=C(C(=O)OCC)CN(Sc2ccccc2)C1,-5.4,3.539965574375384,15_866
COc1cc(-c2nc3ccccc3c(=O)n2-c2cccs2)cc(OC)c1OC,-6.6,3.6619603175410376,15_867
Cc1ccc2c(NC(=O)c3cccc(-n4cccn4)c3)cccc2n1,-7.5,3.7183934627130006,15_868
COC=CC1=C(c2cccc(O)c2)N=NC(N2CCOCC2)=CC1=CC1=CC=CC(C(C)C)C1,-8.0,2.376668589882282,15_869
COc1cccc(N2CCN(C(=O)c3cn(Cc4ccccc4)nc3-c3ccccc3Cl)CC2)c1,-7.9,3.5825892883466857,15_870
Cc1cccc2c(Nc3ccc4c(cnn4Cc4ccccc4)c3)ncnc12,-8.0,3.5764275491097286,15_871
O=C(C=C1CCCCC1c1ccc2c(c1)OCO2)c1cn(Cc2cccc(Cl)c2F)nn1,-7.9,3.5054244413925977,15_872
O=c1c2cnccc2c(-c2ccccc2)nn1-c1ccccc1,-8.0,3.6124379753782687,15_873
NC(=O)c1ccncc1Nc1ccccc1Cc1ccccc1,-7.0,3.696810649461582,15_874
C=CC=CC(=NC=Cc1cccc(NC(=O)C2=CC=C3CN(C=CC=CCC(=O)C=C)CC(C(=O)Nc4ccccc4C(=O)O)=CC=CCC32)c1C)N(C)C,-6.0,0.5351523470423176,15_875
Cc1cc(C(=O)Nc2cc(CN3CCN(C)CC3)cc(C(F)(F)F)c2)c(C)cc1Oc1cccc2[nH]cc(Cl)c12,-8.1,3.4797057380025755,15_876
COc1ccc([C@@H](C)NC(=O)c2nc(-c3ccccc3)cc(C(F)(F)F)n2)cc1,-7.7,3.777982927071878,15_877
Cc1cccc(C)c1NC(=O)C(C(C#N)c1ccccc1)n1c2ccccc2c2nc3ccccc3nc21,-8.2,3.463323802010203,15_878
O=S(=O)(Nc1ccc(CN2CCOCC2)cc1)c1ccc(-c2ccccc2)cc1,-6.6,3.770443510402326,15_879
O=C(Nc1ccccc1-c1ccc(Cl)cc1)C1CCN(C(=O)c2ccno2)CC1,-7.8,3.7961755281538254,15_880
CSCC(=O)N1CC([C@@H](C)n2cc(-c3ccco3)nn2)C1,-5.8,2.534296203694716,15_881
N#C/C(C(=O)Nc1ccccc1Cl)=c1/sc(=Cc2ccc(O)cc2)c(=O)n1-c1ccccc1,-7.3,3.6647676378270435,15_882
CN(C)CCn1cc(C(=O)Nc2cccc(-c3ccc(Br)o3)c2)c2ccccc2c1=O,-6.8,3.6880214132605316,15_883
O=C(c1ccc(C(=O)N2CCC(n3c(=O)[nH]c4ccccc43)CC2)o1)N1CCC(N2CCCC2)CC1,-7.9,3.5158269407136498,15_884
F[C@H]1CN[C@H](CNc2nc(-c3ccc4c(c3)OCO4)c3cc(Cl)ccc3n2)C1,-7.8,3.669845835385353,15_885
Cc1cc(CC(C)NCc2ccccc2-c2ccco2)no1,-5.9,3.7495693819436324,15_886
CNc1ccc(-c2ccc(Cc3cc4c(s3)CCN(CCc3ccccc3)C4)cc2)cn1,-6.4,3.53926250693969,15_887
O=C(c1ccc(Cl)cc1NS(=O)(=O)c1cccc2nsnc12)N1CCCCC1,-7.4,3.721355230928202,15_888
[N-]=[N+]=N[C@@H](C[CH]N1C=CCC(=O)NC1=O)[C@H](O)COC(=O)c1cccc(Cl)c1,-6.2,2.230683133004015,15_889
Cc1cc(-c2ccc(Cl)cc2Cl)c(C#N)c(N)c1C#N,-5.6,3.6382645202801402,15_890
O=c1oc2ccc(Cl)cc2cc1-c1nc(-c2ccc(F)cc2)c(-c2ccccc2)[nH]1,-8.0,3.4712314199848135,15_891
O=S(=O)(Nc1ccccc1)c1ccc2c(c1)nc(-c1ccc(O)cc1)n2-c1ccccc1,-8.1,3.5631493230966336,15_892
O=Cc1cccc(Oc2ccc(CN3C4=NCCN4c4ccccc43)cc2Cl)c1,-7.8,3.5551568510124296,15_893
NS(=O)(=O)c1ccc(/C=C(/C(=O)Nc2ccccc2)c2cccc(-c3ccccc3)c2)cc1,-7.5,3.507383641224438,15_894
CC#CCOc1cnc(C(=O)Nc2ccc(F)c([C@@]3(C(F)F)N=C(N)O[C@@H]4C[C@@H]43)c2)cn1,-7.3,3.4831538560829083,15_895
C#CCN(Cc1ccc2[nH]c(CC)nc(=O)c2c1)c1ccc(C(=O)NC(CCC(=O)O)C(=O)O)cc1,-6.3,3.2934238191022707,15_896
NC(=O)c1cc(-c2cccc(-c3cnc4ccccc4c3)c2)cnc1N,-8.4,3.6807785008289295,15_897
Cc1ccc(C2=NN(C(=O)c3ccccc3O)C(c3ccccc3)C2)cc1,-8.0,3.6783269209918377,15_898
Oc1ccc(CNCC2CCC3(CC2)NCCO3)cc1,-5.8,3.425980823157862,15_899
O=C(Nc1cccc(S(=O)(=O)N=C2CCCN2)c1)c1ccc([N+](=O)[O-])s1,-6.6,3.494776101834068,15_900
O=C(/C=C/c1ccc(Br)cc1)c1ccc(NC(=O)c2ccco2)cc1,-6.3,3.656276961075375,15_901
[CH][C@@]1(C)O[C@@H]1CC/C(C)=C/[CH]OC(=O)C=C,-4.2,0.9827549039009389,15_902
COc1ccc(/C=C2\C(=N)N3N=C(CC(=O)N4CCOCC4)SC3=NC2=O)cc1,-7.8,3.3529992136142024,15_904
Cc1cn(CCNc2cc(-c3ccc(F)cc3)ns2)c2ccccc2c1=O,-6.9,3.696124001287881,15_905
Nc1ncnc2c1ncn2[C@@H]1O[C@@H]2CO[P@](=O)(OCc3ccccc3[N+](=O)[O-])O[C@H]2[C@H]1O,-7.8,3.0196609941728383,15_906
COc1cccc(C=CC(=O)c2ncccc2O)c1O,-6.5,3.618205727348479,15_907
CC=CC=C1C=NC=CC=CC(=O)OC2CC=C12,-5.9,0.9030461029133772,15_908
CSc1cccc(CN(Cc2ccco2)C(=O)Nc2ccccc2)c1,-6.5,3.667499227739166,15_909
Cc1cc2cc(c1)-c1cccc(n1)-c1cccc(c1)-c1ccc(nc1)C(=O)C(C=O)c1ccc3ccc(cc3c1)CC2,-11.8,1.5242278678728587,15_910
CC1C[C@@](C)(OCc2ccccc2)[C@H](O[C@@H]2O[C@@H](C)C[C@H](N(C)C)[C@H]2O)C(C)C(=O)C(C)C(=O)O[CH]C(C)[C@@](C)(O)[C@H](O)C(C)C1=O,-7.4,1.4536540305109384,15_911
COC(=O)c1ncccc1NC(=O)N1CCCc2ccccc21,-6.9,3.7066911354078975,15_912
O=c1[nH]n(-c2ccccc2)cc1-c1nc2ccccc2nc1-c1ccccc1,-7.4,3.5945505248840792,15_913
O=C(Nc1ccnn1C1CCN(C(=O)CCc2cccnc2)CC1)C1CCC1,-6.5,3.6886193386175936,15_914
CC(Oc1cc(-c2cnccccccc2F)c2ccccc2[n+]1C)c1ccccc1,-7.6,1.2692617791695175,15_915
COc1ccc(S(=O)(=O)N(CC(C)C)C[C@@H](O)CN2C(=O)c3ccccc3S2(=O)=O)cc1,-6.3,3.540845852279182,15_916
CCC1=C(c2ccccc2-c2ccccc2C(=O)O)OC2=CC(=CC(C)C2)O1,-6.1,2.6201011403830696,15_917
CCOc1ccc(N2CC(c3nc4ccccc4n3Cc3ccc(OC)c(OC)c3)CC2=O)cc1,-6.9,3.5581556749336603,15_918
CCCCCc1cccc(Nc2cc(OC)c(OC)c(OC)c2)c1,-5.3,3.6260356598192844,15_919
O=C(c1nc2ccccc2s1)N1CCN(c2cccc(C(F)(F)F)c2)CC1,-7.5,3.679282562159081,15_920
O=C(Nc1ccc(Nc2nccn3cc(-c4ccc[nH]4)cc23)cc1)c1ccccc1,-7.2,3.495828414601087,15_921
C=CC1=C(C=CF)C(Cl)=NC1O[C@H]1CC[C@@H](c2cnc3ccccc3n2)CC1,-6.7,3.6038216847115274,15_922
Oc1ccccc1-c1ncnc2ccccc12,-6.8,3.5806765367914695,15_923
COc1ccc(Oc2ccc(C(F)(F)F)cc2C(=O)NCc2ccc(F)cc2)cc1,-7.2,3.6487365188203276,15_924
COC1=CC(C(=O)N2Cc3ccccc3C3(CCN(C)CC3)C2C)C=C1,-7.0,3.3392164963520585,15_925
CCOC(=O)Nc1ccc2c(=O)n3c(nc2c1)CCCCC3,-6.3,2.764765973921714,15_926
CNC1CCCN(c2ncc(-c3cnc(-c4ccccc4)s3)cn2)C1,-6.8,3.7995323224404833,15_927
O=C(O)Cn1c(SCc2ccc(F)cc2)nc2cnc(N3CCOCC3)nc21,-7.1,3.598346644891028,15_928
CCCC(C(=O)NCc1cc2ccccc2[nH]c1=O)c1ccccc1,-6.9,3.671642260484325,15_929
O=C(NCc1ccccc1Cl)NC[C@H]1Cn2cc(-c3ccccc3F)nc2CO1,-7.9,3.758300579621423,15_930
C#Cc1ccc(-c2cnc3cnc(-c4cccnc4)cn23)cc1,-7.4,3.561139170087273,15_931
O=C(CC1CCc2ccccc2N1S(=O)(=O)c1ccccc1)N1CCN(C(=O)c2ccccc2)CC1,-7.7,3.586050886043339,15_932
COC(=O)Cc1c(C(=O)OC)oc2ccccc12,-5.2,3.6064908872472157,15_933
CO/N=C(\COCc1cc(C(F)(F)F)cc(C(F)(F)F)c1)C(CCN1CCC(Cc2ccccc2)CC1)c1ccc(Cl)c(Cl)c1,-6.6,2.9925690628554515,15_934
C=S1C(c2ccc(OC3CCN(C)CC3)cc2O)=CCC1=NC(=O)C1=CC(c2ccc(C)cc2)=C(Oc2cccnc2)C1,-6.8,3.254591442112002,15_935
C=P12C=CC=CN=CC(Cl)=CC1=CN=C(C(=O)n1nnnc1Cl)C=CC2,-7.3,1.1822370387708494,15_936
O=C(NCc1nc(-c2cccnc2)co1)c1cnc2cc(F)ccc2c1,-7.0,3.735960499803758,15_937
O=Cc1c(O)n(Cc2ccc(Br)cc2)c2ccc(S(=O)(=O)N3CCC[C@H]3COc3ccccc3)cc12,-7.0,3.5178924653085275,15_938
O=C1N=C(Cc2ccc(O)c(Cl)c2)C(=O)N1c1ccccc1,-7.1,3.7447531302888235,15_939
NC(=O)c1cn(S(=O)(=O)c2ccccc2)c2ccc(OCc3ccccc3)cc12,-7.6,3.713382303973825,15_940
Cc1cccc(OCCC(=O)Nc2ccc(S(=O)(=O)N3CCc4ccccc43)cc2)c1,-7.3,3.7489564239349624,15_941
CCc1ccc2nc(Nc3ncccc3NC(=O)c3ccccc3[N+](=O)[O-])sc2c1,-7.0,3.477789625004701,15_942
O=C(CSc1nc2ccccc2c(=O)n1CCc1ccccn1)c1ccccc1,-7.4,3.4600864114716767,15_943
O=C(Nc1cccc(-c2cccc(-c3nc4ccccc4[nH]3)c2)c1)c1ccco1,-8.1,3.520510833087121,15_944
Cc1c(C(=O)N2Cc3ccccc3C2)cnn1-c1ncc2c(n1)-c1ccccc1CCC2,-8.1,2.560340913555738,15_945
O=C(O)c1ccc(CNc2cccc([C@H]3COc4c(ccc5c4cc(O)n5-c4ccc(Br)cc4)O3)c2)cc1,-8.1,3.278676244838822,15_946
N#CN=C(NCc1ccccc1)NCc1cccc(Oc2ccccc2)c1,-6.8,3.5056355051327523,15_947
CC(=O)N=CC=CC(C)CC=C1C=NC=C(c2cccc(C(F)(F)F)c2)N1N,-6.9,3.6154668881902774,15_948
COc1ccc(CC(=O)N2CCCC2c2ccc(-c3ccccc3)cc2C(N)=O)cc1OC,-7.9,3.7157618095270846,15_949
O=C(NCCN1CCCCC1)c1ccc(-c2ccccc2)cc1F,-6.6,3.658523621584889,15_950
COc1ccc(Cc2c(-c3cccc(C)c3)nc3ccc(C)cc3c2-c2ccccc2)cc1OC,-7.7,3.2809854364133573,15_951
COc1cccc(-c2cc3c(Nc4ccnc(Oc5ccccc5)c4)ccnc3[nH]2)c1,-7.9,3.5078030652214904,15_952
CNC(=O)c1cc(Oc2ccc(NC(=O)c3cccnc3Nc3cccc(OC)c3)cc2)ccn1,-7.4,3.4434337220294893,15_953
Cc1ccc2c(c1)N(Cc1nc(C)cs1)CCN2S(C)(=O)=O,-6.2,3.712357505882169,15_954
O=C(NNC(=O)C(NC=S)c1ccc(F)cc1)c1cccc2ccccc12,-7.1,3.5448159678359996,15_955
O=C(O)c1[nH]c(=S)n(Cc2ccc(Br)cc2)c1O,-6.3,3.5320080103994025,15_956
O=C(Nc1cccc2ccccc12)c1ccco1,-6.1,3.590305785130873,15_957
CN(C)C1=C(Cl)C(=O)C=C(C(c2ccccc2)[C@H](N[C]2c3ccccc3-c3ccccc32)c2ccccc2)C1=O,-7.8,3.3184623093114087,15_958
CC1CCCCC1(N=C1COC(=O)CC=C(Br)C=N1)c1cccc(C(=O)Nc2ccccc2Cc2ccccc2)c1,-9.2,1.1678553045667108,15_959
O=C(C1=CC=C(N2Cc3ccccc3N=C2c2ccccc2)OC=C1)n1cnc2cc(C(F)(F)F)ccc21,-8.8,2.4403031728964635,15_960
Cn1c(-c2ccc(N3CCN(C4COC4)CC3)cc2)cc(=O)n(O)c1=O,-6.4,3.4625844709512412,15_961
N#CC=C1C=CC(NN=C2c3ccc(C(=O)O)cc3-c3cnc(-c4ccco4)nc32)=C1,-7.9,3.4651631611897127,15_962
Cc1[nH]ncc1-c1nc2cc3c(cc2[nH]1)C(=O)N(C)CC3c1ccc(F)cc1,-8.5,3.642306980163095,15_963
O=C(c1cc(-c2ccccc2)[nH]n1)N1CCOCC1,-6.0,3.634946268842435,15_964
O=C(NN1C(=O)c2ccccc2NC1c1cccs1)c1ccc(Br)cc1,-7.3,3.723658263602056,15_965
CNC(=O)Nc1ccc2[nH]cc(C3CCN(CCCc4ccc(C(F)(F)F)cc4)CC3)c2c1,-5.7,3.5517502251581607,15_966
O=CN1[CH]C2C[C@H]1C[C](c1ccccc1C(F)(F)F)C2C(=O)Nc1ccc(F)c(C(F)(F)F)c1,-7.7,3.467699760534103,15_967
c1ccc(-c2ccc(-c3cc(-c4ccccc4)on3)cc2)cc1,-7.2,3.4330203519472904,15_968
O=S(=O)(c1ccccc1)N1CC/C(=C\c2ccc3c(c2)OCO3)C1,-6.4,3.671608889675685,15_969
O=C(NCc1ccccc1F)c1ccc(Cn2cc(-c3ccccc3)[nH]c2=O)cc1,-8.1,3.6478250311940856,15_970
COc1ccc(C(=O)Nc2ccc3c(c2)CCC3)cc1,-6.8,3.6210546199838234,15_971
CC(=O)Nc1ccc2c(c1)ncn2-c1ccccc1,-6.0,3.644590731637875,15_972
CC=NC(=NO)c1c(F)cc(Cl)cc1-c1ccc2c(c1)CC[C@H]2NC(=O)C1CCN1C(=O)c1ccccc1,-7.6,3.2441219460323336,15_973
O=C(Nc1cncc(-c2cc(-c3cccnc3)cs2)c1)c1ccccc1O,-7.5,3.688086000723173,15_974
Cc1cccc(C2ON=C(c3ccccc3)N2C23CC4CC(CC(C4)C2)C3)c1,-7.1,3.1667169772446897,15_975
O=C1C(=O)N(c2ccc(F)cc2F)c2ccc(S(=O)(=O)N3CCc4ccccc43)cc21,-8.3,3.5526427883493317,15_976
C=CC=CC=CC(=N/C=C/c1ccoc1)C(c1ccccc1)N1CCN(C(=O)c2cc(OC)c(OC)c(OC)c2)CC1,-7.8,3.281920738075705,15_977
COc1ccc([C@H](C)n2cnc3ccc(-c4nc(CO)no4)cc3c2=O)cc1,-7.5,3.6423805050745637,15_978
O=C(Nc1ccc(F)cc1F)c1ccc(-c2ccc(F)c(F)c2)c([N+](=O)[O-])c1,-7.3,3.578666642747488,15_979
CO[C@H]1C(n2cncc(O)[nH]cn2)O[C@H](COP(=O)(O)O)[C@H]1O,-6.1,0.9855901418437876,15_980
COc1cc(N2CCN(C(C)C)CC2)ccc1Nc1nc(Nc2ccc(F)cc2F)cc(-c2cccc(NC(C)=O)c2)n1,-8.3,3.244900039099101,15_981
Cc1cccc(NC(=O)c2cc3cc(C)ccc3oc2=O)c1,-7.2,3.656725410759978,15_982
CC(NC(=O)C1(c2cccc3c2OCCO3)N2CCN=C2N1c1ccccc1)c1nc2ccccc2s1,-8.1,3.390011810619558,15_983
O=C(NCc1nc(-c2cccs2)no1)Nc1cccc2cccnc12,-7.0,3.6762724367964035,15_984
N#C/C(=C1\C=C(c2cccc(Cl)c2Cl)N2C=CC=CC12)c1nc2ccccc2[nH]c1=O,-7.6,3.5634455830722755,15_985
[CH]c1cc(N2CCN(c3ccnc4cc(Cl)ccc34)CC2)ccc1[C@@H](CNCc1c(C)cccc1F)C(F)(F)F,-6.6,3.3925296278508794,15_986
CS(=O)(=O)c1ccc(/C=C/C(=O)Nc2cccc(Oc3ccc(F)cc3)c2)cc1,-6.8,3.724852088124702,15_987
NC(=O)c1ccc2[nH]c(-c3ccc(Oc4ccc(F)c(OC(F)(F)F)c4)cc3)nc2c1,-8.0,3.5899019492228055,15_988
Cc1ccc(S(=O)(=O)N2CCC(C(=O)Nc3cccc(C#N)c3)CC2)cc1C,-7.0,3.8008912873991436,15_989
CCN(CCN(C)C(=O)c1cc(Cc2n[nH]c(=O)c3ccccc23)ccc1F)c1ncnc2[nH]cc(Br)c12,-8.3,3.4032829766119566,15_990
O=C(Nc1cccc(-c2ccc(NC(=O)c3ccccc3-c3ccccc3)cc2)c1)c1ccc(Cl)cc1,-6.9,3.2746415428721685,15_991
CC(C)=CCOc1cc(Nc2nccc(C3CC3)n2)ccc1-c1cnc(NC(=O)c2ccc(I)o2)nc1,-6.0,3.2447509147860605,15_992
COc1ccccc1Cc1nc2ccccc2nc1SCC(=O)Nc1ccc2c(c1)OCO2,-6.9,3.5896337246424386,15_993
O=C(Nc1ccccc1N1CCCC1)c1cccnc1Cl,-5.8,3.6681449227168015,15_994
NCc1cccc(-c2cccc(Oc3nccc(-c4ccccc4F)n3)c2)c1,-8.3,3.6681771614183587,15_995
CC(C)NCc1cccc(-c2ccc(CN(c3nc(-c4ccc(F)cc4)cs3)C3CC3)cc2)c1,-7.5,3.446687362219313,15_996
O=C(Cc1ccc2c(c1)CCO2)N(c1ccccc1)c1cccc2c(Br)cccc12,-8.0,3.438075517790092,15_997
O=c1[nH]c(O)c(C=c2cnn3c(=NC4CC4)nc(NCc4ccc(OC(F)(F)F)cc4)nc23)[nH]1,-8.0,3.180670740545017,15_998
N#Cc1ccc(Nc2nc(NC3CC3)nc3c2ccc2ccccc23)cc1-c1ccccc1,-7.9,3.399441176203732,15_999
O=C(Oc1ccc(-c2ccccc2)cc1C(=O)c1cc(F)cc(F)c1)c1ccc(Cl)cc1Cl,-8.3,3.334328433758328,15_1000
FC(F)(F)c1ccc2[nH]c(-c3ccc4c(c3)CCCC4)nc2c1,-7.8,3.506256550779597,15_1001
Oc1ccc2ccccc2c1C(c1ccc(F)cc1)N1CCC(O)(c2ccccc2Cl)CC1,-7.2,3.518376676446314,15_1002
COc1cccc(OC)c1C(=O)Nc1ccc(-c2cccc(-c3nc4cc(C(F)(F)F)ccc4[nH]3)c2)cc1,-7.1,3.4171707586892826,15_1003
Cc1ccccc1-c1nccnc1C1CN(C(=O)c2ccc3ccccc3n2)C1,-7.9,3.6375127517731882,15_1004
O=C(c1cc(-c2ccc(Cl)cc2)on1)N1CCCc2ccccc21,-7.7,3.653449579095986,15_1005
O=C1c2ccccc2-c2c1c1ccc([N+](=O)[O-])cc1c(=O)n2CCCBr,-6.8,3.558323586736028,15_1006
CC(C)(C)OC(=O)N1CCC(C2CCN(C(c3ccccc3)c3ccccc3)CC2)CC1,-6.9,3.472258568140618,15_1007
O=C(Nc1ccc2cccnc2c1)Nc1cccc2ccccc12,-7.1,3.560121830121144,15_1008
Cc1ccc2cccc(C(=O)N3CCN(c4ccc(F)cc4F)CC3)c2n1,-7.8,3.6671952971911255,15_1009
O=C(CN1CCN(Cc2nc(-c3cccc(C(F)(F)F)c3F)no2)C1=O)N1CCC(n2cc(-c3ccccc3)nn2)CC1,-6.9,3.2107786742326665,15_1010
COc1cc(OC)c(C(=O)C=C2c3ccccc3C(=O)c3ccccc32)cc1OC,-7.3,3.5913622698156544,15_1011
CCC(=O)N1CCc2cc(S(=O)(=O)CCC(=O)NCc3ccccc3Cl)ccc21,-6.6,3.7707987966283323,15_1012
COc1ccc(F)cc1C(=O)c1cnc(NC2CCN(S(C)(=O)=O)CC2)nc1N,-7.0,3.455440401019532,15_1013
C=CC[C@@H](CC(=O)NCC(C)(C)CN(C)C)CC(O)[C@H](CC1CCCCC1)NC(=O)C(Cc1c[nH]cn1)NC(=O)C(Cc1ccccc1)NC(=O)OC(C)C,-6.6,2.7977583331264815,15_1014
O=C(Oc1ccccc1C(=O)N1CCOCC1)c1ccccc1-c1ccccc1,-6.8,3.615927687824971,15_1015
O=C(NCc1ccncc1)c1cnc(Oc2ccc3c(c2)CCC(c2ccccc2)O3)s1,-7.2,3.6588466410312908,15_1016
O=C1C=NC(=O)c2ccc(F)c(c2)C(OC(=O)c2cccs2)=CC=CCC=CNN1,-7.3,2.1672864831665235,15_1017
CCOCNc1cc2c(cn1)[nH]c1ccccc12,-6.1,3.5583159120763668,15_1018
O=C(c1ccc2c(c1)CCCO2)N1CC[C@H](c2nc(C3CCCCC3)no2)C1,-7.0,3.477018661735251,15_1019
O=C(c1ccccc1)c1ccc(NS(=O)(=O)c2ccc3c(c2)OCCO3)cc1,-7.7,3.7314112896391967,15_1020
COc1cccc(CC=c2c(=C(O)O)cc(O)c3cc(C)cc(C)c3c2=O)c1,-8.6,2.674570175916865,15_1021
O=C(NC1CC(=O)N(Cc2ccc(Cl)cc2)C1)c1cc(C2CC2)nc2ccccc12,-6.9,3.6512938078135715,15_1022
Cc1ccc(S(=O)(=O)N=C2c3cc(F)ccc3C2C(=O)c2cccc3ccccc23)cc1,-7.1,3.5344767623010074,15_1023
CCc1nc(-c2ccc(N3CCCC3=O)cc2)c(-c2ccc(OC)c(OC)c2)[nH]1,-7.0,3.778703965614171,15_1024
O=C(Nc1nc2cc(O)c(O)cc2s1)C1CCCN1C(=O)c1ccc(-c2ccc(F)cc2F)c(O)c1,-8.4,3.3303555707147465,15_1025
O=C(O)c1ccc(CN2C(=O)c3ccccc3S2(=O)=O)cc1,-6.8,3.715671493107456,15_1026
Cn1cc(-c2cc(S(=O)(=O)Cc3ccccc3)c3ccc(-c4cccc(Cl)c4F)nc3n2)cn1,-7.6,3.4985167225564178,15_1027
Cc1ccc(-c2[nH]c3ccccc3c2CCNCCc2ccc(O)cc2)cc1,-7.5,3.3589948723977923,15_1028
O=C(NCCc1ccc(OC(F)F)cc1)c1cnn(-c2ccc(F)cc2)c1-n1cccc1,-6.1,3.6654450844708872,15_1029
C=C1[C@@H](O)CC2[C](C)[C@@H]1[C@H](O)C1=C[C@@H](O)[C@](C)(O)[C@@H]1[C@H]2O,-6.3,1.822839311090961,15_1030
O=C(CCc1ccccc1)Nc1nc2ccccc2[nH]1,-6.7,3.6516775415363325,15_1031
COc1cc2c(Nc3ccc(NC(=O)c4ccccc4F)cc3)ncnc2cc1OCc1ccccc1,-7.9,3.4064524514837586,15_1032
C=C1C=CC(OCCNC2[CH]CO[C@H](c3ccc(F)cc3)C2)=C1,-5.8,3.49742537121402,15_1033
CCc1cc[nH]cnc(C(=O)C=CCCCc2ccccc2C)cc1,-6.5,1.2740918814303717,15_1034
Oc1ccc2cc3cc(O)c(O)cc3n2c1,-6.4,3.4144548040862377,15_1035
C=C(C)/C=C/c1ccc2c(C(F)(F)F)cc(=O)oc2c1,-6.6,3.4928463260361324,15_1036
CCN(Cc1cccc(Br)c1)C(=O)c1ccc(C(=O)N2CCC(N3C(=O)OCc4ccccc43)CC2)c(NC)c1,-7.2,3.4881274362661996,15_1037
N#Cc1cc(S(=O)(=O)Nc2nccs2)ccc1Oc1ccc(-c2ccc(NC(=O)Nc3cccc(C(F)(F)F)c3)cc2)cc1,-7.0,2.976534697325439,15_1038
O=C(O)C1=NC(N2CCC(Cc3nnc(C4CC=CO4)o3)C2)=NCC=C1,-6.7,2.366902306292867,15_1039
O=[N+]([O-])c1ccc(-c2cn(-c3ccc(OC(F)(F)F)cc3)nn2)cc1,-6.8,3.574409818986256,15_1040
COc1c(OC(C)=O)ccc(/C=C2\SC(=O)NC2=O)c1-c1ccccc1,-6.2,3.5987738156862688,15_1041
O=C(O)c1ncnc2c1ncn2[C@@H]1O[C@H](CO)[C@@H](O)[C@H]1O,-6.0,3.0923358169669815,15_1042
C=C(C=CC=Cc1ccccc1NC)CN1CCC2(CC1)CN(c1ccc(-c3cccc(C#N)c3)cc1)C(=O)O2,-6.8,3.403216517919268,15_1043
O=C(c1ccc(F)cc1)c1sc2ncccc2c1-c1ccc(Br)cc1,-6.8,3.5087076726081365,15_1044
COc1ccc(CNC(=O)c2cc3ccccc3oc2=O)cc1,-7.2,3.736238416633072,15_1045
C=S1C(C=C2C=CC(=C(CC)c3ccc(Cl)c(OS(C)(=O)=O)c3)C2)=NC=CC12C=CC=CO2,-7.2,3.290381440060111,15_1046
NC(c1ccccc1Br)C1CC1,-4.2,3.322493292668969,15_1047
O=C(Nc1ccc2ncccc2c1)c1ccc(-c2cccc([N+](=O)[O-])c2)o1,-8.0,3.5968075431769053,15_1048
Cc1cccc(C#Cc2csc(Br)n2)c1C,-5.8,3.3634813770932483,15_1049
CC(C)Oc1ccc(Nc2cc(=O)n(CCCC(=O)O)c(=O)n2Cc2ccc(Cl)cc2)cc1,-6.7,3.5897867081714554,15_1050
COc1c(CC[C@H]2[CH][C@@H]3[C](C(C)(C)O)C(=O)C[C@@]2(C)CC3C)cccc1[S+]([O-])c1ccc(-c2ccccc2)s1,-6.9,2.268699629298233,15_1051
CC(=O)C1=NN2c3cc(F)ccc3OC[C@H]2[C@@]1(C)CCNC1CC=C(C)CC1c1ccccc1,-8.0,3.427263363812163,15_1052
CCOC(=O)C=C(Oc1ccc(OCc2cn(-c3ccnc4cc(Cl)ccc34)nn2)cc1)c1ccc(OC)cc1,-6.8,3.0401711264776807,15_1053
O=C(CSc1nc2ccccc2[nH]1)Nc1cccc(Cc2n[nH]c(=O)c3c2CCCC3)c1,-8.3,3.5312037693248044,15_1054
O=c1c(-c2ccc(F)cc2)nc2cnc(N3CCOCC3)nc2n1-c1ccccc1,-8.3,3.6231161523923845,15_1055
CC[C@@H](NC(=O)c1cc(C(=O)N2CCC[C@@H]2C#N)n(C)c1)c1ccccn1,-6.5,3.7538035078300327,15_1056
Cc1cc([N+](=O)[O-])ccc1-c1[nH]c(-c2ccccc2Cl)nc1C1C=CC(=O)NCc2ccccc2C(=O)C1,-9.3,1.2745641795854405,15_1057
O=C(NCc1cccc(-c2cccc(-c3ccccc3)n2)c1)c1ccc(Cl)cc1Cl,-7.8,3.5355974526926928,15_1058
O=C(NNC(=O)c1cccs1)c1cccc(-n2cccc2)c1,-5.9,3.6909064549826693,15_1059
CN1CCC(Oc2ccc(NC(=O)C=CC=CCc3cccc4c(-c5ccc(C(F)(F)F)cc5)[nH]nc34)cc2C(F)(F)F)CC1,-7.1,3.1644309567224758,15_1060
O=C1c2cccc3cccc(c23)C(=O)N1CCN1CCN(c2cccc(C(F)(F)F)c2)CC1,-7.7,3.5687844320823467,15_1061
COc1cc2c(cc1OC)C(Cc1ccc(OCCCN3CCCCC3)cc1)c1cc(C(C)=O)ccc1O2,-7.2,3.2820073269544716,15_1062
COc1cc(OC)c(C=CN2C=Cc3ccccc3C2)cc1Br,-6.4,3.6105839054399964,15_1063
O=C(CSc1nnc(COc2ccccc2)o1)N1CCCc2ccccc21,-7.3,3.658367637979449,15_1064
CCCCc1cc2ccccc2n1C(=O)Cc1nc(-c2ccccc2)oc1C,-7.1,3.5788195818648125,15_1065
Cc1nn(C)c(C)c1Oc1ccc(-c2cc3nc(-c4ccco4)nn3c(N)n2)cc1,-7.4,3.4961243422414228,15_1066
CCCN1NCC(=O)N(CC(=O)Nc2ccc(-c3nc4cc(C)ccc4[nH]3)cc2C)C1=O,-6.9,3.6365916350029597,15_1067
COc1ccc2oc(C(=O)Nc3cc4cc(-c5nc6ccccc6s5)ccc4n3CCc3ccccc3)cc2c1,-7.9,3.314603657047861,15_1068
Cc1nc2c(-c3nn[nH]n3)cccn2c1-c1ccc(F)c(CCc2ccccc2)c1,-8.2,3.6252755404505326,15_1069
CCC(C)C(NCCCP(=O)(O)O)C(=O)NCc1ccccc1,-5.4,3.2730542538211855,15_1070
O=C(O)c1ccc2ccc(COc3cccc(NC(=O)c4cccc(C(F)(F)F)c4)c3)cc2c1,-7.9,3.5587405151625235,15_1071
COc1cc(OC)c(-c2cn3ccc(-c4ccccc4)nc3n2)cc1Cl,-6.5,3.6616332130032143,15_1072
O=c1[nH]ncc2[nH]c(=S)[nH]c(=O)c2ncc2ccccc12,-7.1,1.2455705971398232,15_1073
COc1ccc(/C=C2\SC(=S)N(CCCC(=O)Nc3ccc(F)cc3)C2=O)cc1,-6.8,3.646120883234823,15_1074
CCCN(Cc1cnc2nc(N)nc(N)c2n1)c1ccc(C(=O)NC(CCC(=O)O)C(=O)O)cc1,-7.2,2.9929957166731604,15_1075
CC=CC=C([O-])SSc1ccc(C(=O)NN2C(=O)c3ccccc3C2=O)cc1[N+]=O,-6.7,3.336706862151452,15_1076
Oc1[nH]c2ccc(-c3cccc(C(F)(F)F)c3)cc2c1CCCCBr,-6.8,3.434199600606263,15_1077
O=C1CCN(C(=O)C2CCCCC2)c2ccccc2N1,-6.4,2.481527067739533,15_1078
O=C1Nc2cc(Cl)ccc2[C@]12ON=C(c1ccccc1)N2c1cccc(C(F)(F)F)c1,-8.6,3.5894011598409694,15_1079
COc1ccc(COC(=O)c2ccccc2Nc2ccnc3cc(Cl)ccc23)cc1OC,-7.2,3.579934917113439,15_1080
Cc1ccc(-n2c(Sc3ncc([N+](=O)[O-])s3)nnc2-c2ccco2)cc1,-6.6,3.3918917098799417,15_1081
O=c1scc(O)n1Cc1ccc2c(c1)CCc1ccccc1C2,-6.6,2.7469289910980255,15_1082
COc1ccc(Cn2c(-c3cn(-c4ccccc4)nc3-c3ccc(Br)cc3)nc3ccccc32)cc1,-7.0,3.3462700801017524,15_1083
Cc1ccc2cccc(Nc3nccc(-c4ccc(S(=O)(=O)N5CCNCC5)cc4)n3)c2n1,-7.8,3.6189658795792723,15_1084
COc1cc(Nc2ccnc3cc(-c4ccccc4)ccc23)cc(OC)c1OC,-7.1,3.645399727666234,15_1085
O=C(CCCc1ccccc1)N[C@@H](CO)C(c1ccccc1)c1ccccc1,-5.8,3.5188260513885803,15_1086
O=C(c1ccccc1Oc1ccccc1)N1CCN(c2nc(=O)c3cc(C(F)(F)F)cc([N+](=O)[O-])c3s2)CC1,-7.7,3.3347401748565604,15_1087
CC(=O)N1CCN(c2nc(N)c3cc(C(=O)Nc4ccc(NC(=O)C(C)C)nc4)ccc3n2)CC1,-3.0,3.4664798240377133,15_1088
C=CC(O)(C(=O)CC(=O)c1ccccc1C=O)c1c(O)c2ccccc2n(Cc2ccccc2)c1=O,-7.3,3.2228838427329682,15_1089
C#Cc1cccc(Nc2nccc(Nc3c(Cl)ccc4c3OCO4)n2)c1,-7.2,3.6791611202901198,15_1091
CCC(=O)N=CC=C1C=CC1CNN=C1C=C2SC=CC(C1)c1cc(NC(=O)Nc3cccc(C)c3)ccc12,-6.0,2.200466319099278,15_1092
Cc1c(C[C@@H]2COC[CH]N2CC2C=CC=CC(=O)N2)ccc(C2(O)CNC2)c1F,-6.6,2.3939238378924204,15_1093
CC=NC(=CCC=Nc1nccc(-c2cccnc2)n1)CNC(=O)C(C)(C)Oc1ccc(Cl)cc1,-6.7,3.528901474405801,15_1094
O=C(COc1cccc(F)c1)NC1CO[C@H]2CSCCC2C1=O,-6.4,3.593356102478846,15_1095
N=c1c(S(=O)(=O)c2ccc(F)cc2)cc2c(=O)n3ccccc3nc2n1Cc1ccccc1,-8.3,3.453237954280191,15_1096
O=C1NCCC(c2cc3c(c(C(F)(F)F)nn3-c3ccccc3F)c3cccc(F)c23)Cc2ccccc21,-8.2,1.4853011462231658,15_1097
O=C(c1cccc(-c2ccc(-c3nc4cc(OC(F)(F)F)ccc4[nH]3)cc2)c1)N1CCCC1,-8.1,3.6528906873443385,15_1098
Cc1cccc(C2=NN(c3ccc(C(F)(F)F)cc3)C(c3ccccc3[N+](=O)[O-])C2)c1,-8.0,3.549895307438294,15_1099
COc1cc2c(cc1O)C1C(C2)c2ccccc2C(=O)N1Cc1ccccc1,-7.1,3.6048283375072936,15_1100
Nc1ncnc2c1ncn2[C@@H]1O[C@H](CN(Cc2cccc3ccccc23)[C@H]2CCCCN2)[C@H](O)[C@H]1O,-8.6,3.1378859444377496,15_1101
CC(=O)Nc1ccc([Se]c2ccc(NC(=O)c3cccc(C(F)(F)F)c3)cc2)cc1,-7.5,3.6134807674389133,15_1102
O=C(O)c1ccc(S(=O)(=O)N(Cc2ccc(F)c(C(F)(F)F)c2)c2cc3ccccc3s2)cc1,-8.1,3.558053670366215,15_1103
COc1ccc(-c2[nH]c(-c3ccccc3)cc2CCNc2ccc(-c3ccccc3)nn2)cc1,-7.9,3.4170047631205,15_1104
COc1ccc(-c2ccc(-c3nc(-c4ccc(-c5cc6ccccc6o5)cc4)no3)cc2)cc1,-6.7,3.3234675896246495,15_1105
CCCOc1ccc(OCCn2ccnc2)cc1,-4.8,3.6349567907473816,15_1106
CN(C)CC(O)C(c1ccccc1)c1ccccc1,-5.8,3.506181704206778,15_1107
Cn1c(C=NO)nc2cccc(Br)c2c1=O,-5.6,3.402832839532178,15_1108
O=C1C=CC=CC(C(F)(F)F)Cc2cc(-c3nc(-c4ccccc4Cl)c(-c4ccc(Cl)cc4)o3)ccc2N1,-7.7,1.279841434521753,15_1109
O=[N+]([O-])c1ccc(N=C(N=Nc2ccccc2)Nc2nc3ccc(Cl)cc3s2)cc1,-7.4,3.201555570121421,15_1110
COc1ccc([C@@H]2CC(=O)c3cc(O[C@@H]4O[C@H](CO)[C@@H](O)[C@H]4O)ccc3O2)cc1N,-6.5,3.2058793187527153,15_1111
Cn1cnc(-c2cccc(-c3nc4ccc(C#N)cc4n3-c3ccc(F)cc3)c2)c1,-7.6,3.541548361945755,15_1112
O=C(NC1CCCC1)C1CCCN1C(=O)Nc1cccc(Cl)c1,-6.7,3.5037769782440145,15_1114
O=C(C1=CCN(c2nc(=O)c3cccn3[nH]2)N=C1)N1CCc2c(cnn2-c2ccccc2Cl)C1,-7.8,3.490945619941016,15_1115
O=C(c1ccc(OCc2ccccc2Cl)cc1)c1nc(=O)c2ccccc2[nH]1,-7.7,3.6631077870616258,15_1116
O=C(c1cc(Cc2n[nH]c(=O)c3ccccc23)ccc1F)N1CCN(S(=O)(=O)c2cccc(F)c2)CC1,-9.6,3.614355379050971,15_1117
Cc1ccc(C(=O)NNC(=O)c2ccc3c(c2)OCO3)cc1S(=O)(=O)N1CCOCC1,-7.0,3.4321552329503024,15_1118
O=C(F)NCCCc1nc2ccccc2n1Cc1ccc(-c2ccc(F)cc2)cc1,-7.1,3.4460957175250932,15_1119
NC(=O)c1cncc(OCc2cccc(NC(=O)c3ccc(OCc4ccccc4)cc3)c2)c1,-6.9,3.555361431266544,15_1120
NC(=O)CCC(NC(=O)Cn1c(-c2ccccc2)ccc(NC(=O)Oc2ccccc2)c1=O)C(=O)COc1cc(C(F)(F)F)nn1-c1ccccc1,-7.8,2.848985610019312,15_1121
COC1=CC(N(C)C)=CC(=O)CC(=O)c2c1cc(C)c(C1C(=O)c3cc4c(c(C)c3C)OCC41)c2O,-7.1,1.2225772558032002,15_1122
NNC(=O)c1ccccc1Nc1c2ccccc2nc2ccccc12,-7.6,3.3383690704844975,15_1123
Cc1ccc2c3c(ccc2n1)OC[C@H](CN1CCN(c2ccc(-c4cccc(Cl)c4F)cc2)C1)O3,-8.5,3.470751943331168,15_1124
Cc1cnc(C(=O)N2CCCC(c3cc4ncccc4[nH]3)CC2)cn1,-6.5,2.8116687986427515,15_1125
O=C1N=c2ccccc2=C1CC(=O)c1ccc([N+](=O)[O-])cc1,-6.4,3.5069324158564124,15_1126
COc1ccccc1NC(=O)CC(=NC(=O)c1ccc(C)[nH]c1=O)N1CCCCCCC1,-7.1,1.7841838484887242,15_1127
CCC1C2=CCCCC2C(O)C12CCC(=O)CC2C(=O)O,-5.7,3.182896010474522,15_1128
Cn1ccc(CN2C(=O)N[C@@]3(CCCCc4ccccc43)C2=O)n1,-7.1,2.645595170570334,15_1129
Cn1cc(-c2nc(=O)c3cc(N=[N+]=[N-])ccc3[nH]2)c2ccccc21,-7.6,3.4872179809331394,15_1130
O=C(NN=Cc1cccc2ccc(O)cc12)c1cccc(C(F)(F)F)c1,-7.1,3.608299341034712,15_1131
O=C(Nc1nccs1)c1cccc(-c2ccc(CNC3Cc4ccccc4C3)cc2)n1,-7.4,3.650427101887558,15_1132
O=C(NCc1ccc(O)c(O)c1)c1cc2ccccc2[nH]1,-7.2,3.485399625705634,15_1133
CC1=CCC(C2=S(C)C=C(c3ccc4[nH]c(=O)ccc4c3)N2)C1Cl,-8.3,3.370584310441747,15_1134
O=C(Nc1cccc(Cl)c1)c1cc(S(=O)(=O)NCc2ccc3c(c2)OCO3)ccc1F,-7.1,3.6864712602452974,15_1135
O=C(O)c1cccc(-c2nc(-c3ccc(Cl)c(O)c3)c(-c3ccncc3)[nH]2)c1,-8.0,3.6142610886932305,15_1136
O=C(COc1ccc(O)cc1)Nc1nc(Cc2ccc(NS(=O)(=O)O)cc2)c(-c2ccc3c(c2)OCO3)o1,-7.8,3.069333247391269,15_1137
Oc1ccc(-c2ccc(-c3c(Cc4ccccc4)oc4ccccc34)cc2)cc1,-7.7,3.2294990339528016,15_1138
N#Cc1ccccc1-c1ccc(-n2nc(-c3ccccc3)n(-c3ccc(Cl)cc3)c2=S)cc1,-7.3,3.384895201314701,15_1139
O=C(NC1CC1)C1=C[C@@H](c2ccccc2)C[C@@H](OCc2ccc(CO)cc2)O1,-7.3,3.6201137288178025,15_1140
C#Cc1cccc(Nc2nccc(-c3c(-c4cccnc4)nn4c3COCC4)n2)c1,-7.1,3.6379756199495343,15_1141
Cc1ccc(-c2noc(-c3cccnc3N3CCN(c4cc5ccccc5[nH]c4=O)CC3)n2)cc1,-8.7,3.5282597253662296,15_1142
Cc1cc2ccccn2c1C(=O)c1ccccc1,-6.0,3.377371605048587,15_1143
CCCC(=O)Nc1cccc(-c2nc(Nc3ccc4[nH]ncc4c3)c3cc(OCC4CC4)ccc3n2)c1,-7.8,3.2891835314905205,15_1144
N#CC1(c2ccc(F)cc2)CCN(CCCC(=O)c2ccc(F)cc2)CC1,-6.7,3.615000068494065,15_1145
COC=C(C(F)=CCC(=O)C(=CN(C)C)C(=O)Nc1ccc(-c2noc(C)n2)c(F)c1)N1CC[C@@H](CN)C1,-6.7,2.9730332967804043,15_1146
N#Cc1ccc(-c2ccc(C[CH]C3CC[C@H]4CNC(C(=O)O)C[C@H]4C3)cc2)cc1,-7.2,3.592126977811046,15_1147
O=C(NCCN1CCOCC1)N1CC2CC[C@@H](C1)N(CCCCc1ccccc1)C2=O,-6.6,2.277632691640698,15_1148
CCCCn1c2ccccc2c2cc(C(=O)N(c3ccccc3)N(C)C)ccc21,-6.2,3.4700528379062208,15_1149
O=C(O)c1cn(C2C=CNC(Cl)=C2)c2cc(N3CCC4(CC3)OCCO4)c(F)cc2c1=O,-8.1,3.418817628591393,15_1150
COc1cccc(NC(=O)CCCc2c[nH]c3ccccc23)c1,-6.5,3.66359017810292,15_1151
NNC(=O)c1ccc(-c2cccc(-c3ccccc3CNC3CCS(=O)(=O)CC3)c2)cc1,-8.0,3.450183515949274,15_1152
Cc1ccccc1OCCn1c(=N)n(C)c2ccccc21,-7.4,3.747124683405886,15_1153
Cn1ncc(C(=O)N2CCCC2)c1C(=O)NCc1ccc(Oc2ccccc2)cc1,-6.9,3.7729581051344674,15_1154
Oc1ccc(O)n1-c1ccc(-c2nc3ccccc3nc2Cl)cc1,-7.0,3.6926323637050187,15_1155
C#CC[C@@H]1OCC(Cc2cccc(Oc3ccccc3OC)c2)c2ccc(OCO)cc21,-6.9,3.5732395784221764,15_1156
CN1CCN(C(=O)c2cc3cc(Nc4nccc(-c5cc(Oc6ccc(F)cc6)ccn5)n4)ccc3[nH]2)CC1,-8.4,3.4167391717888345,15_1157
O=C1/C(=C/C=C/c2ccccc2)Sc2ccc(Cl)cc21,-6.3,3.433193540139733,15_1158
Cn1nc(-c2ccccc2)cc1CNc1nccc(-c2cccnc2)n1,-7.7,3.7265266691402203,15_1159
COC(=O)Cc1nn(-c2ccc(Nc3ccc4c(c3)c(-c3c[nH]c5ccccc35)c(O)n4C)cn2)c2ccccc12,-7.7,3.1708394313904957,15_1160
O=C(c1ccc(O)cc1)c1cc(-c2cccc(O)c2)on1,-7.2,3.6753380480313727,15_1161
CC(=Nc1nc(-c2ccccc2)cs1)c1ccc(-n2cnnn2)cc1,-6.8,3.606961604409726,15_1162
CC1CCN(c2nccnc2Oc2ccc(Nc3ccccn3)cc2)CC1,-7.0,3.7495181653660077,15_1163
Cc1ccc(C2=C/C(=C\c3ccc(C)o3)C(=O)O2)cc1,-7.3,3.4872209155951577,15_1164
O=C(Nc1cccc(Cc2ccc3cc(-c4ccccc4Cl)oc3c2)c1)c1ccccc1,-8.3,3.2806160619043716,15_1165
COC=CC=C(OC)C(=O)CN1Cc2ccccc2N=C1SCC(=O)Nc1cccc2ccccc12,-7.5,3.4070637334081755,15_1166
NS(=O)(=O)c1ccc(NC(=S)N/N=C/c2ccc(C(F)(F)F)cc2)cc1,-6.5,3.4055509623246643,15_1167
Cc1cccc(C(=O)N[C@H](c2ccccc2)[C@@H](C)CN2CCC(C)CC2)c1,-6.8,3.5746683742842595,15_1168
O=C(CCN1C(=O)/C(=C/c2cccc(Br)c2)SC1=S)Nc1ccccc1C(=O)Nc1ccccc1,-7.7,3.46977220865811,15_1169
COc1cc(/C=C/C(=O)OCC(=O)Nc2cccc(S(=O)(=O)N3CCCC3)c2)ccc1OCC(=O)Nc1ccccc1Br,-6.5,3.179194287577049,15_1170
Cn1cc(-c2[nH]c(-c3cccc(C(=O)NCc4ccccc4)c3)nc2-c2ccccc2)cn1,-8.2,3.529658478426465,15_1171
COc1ccc(-c2ccc(CN(C)C)cc2)cc1Nc1ncc2ccnc(-c3ccccc3F)c2n1,-7.3,3.467397436795916,15_1172
O=[N+]([O-])c1ccc(NC2SC([CH]O)[C@@H](O)[C@@H]2O)cc1,-5.6,3.181650675234987,15_1173
[O-][n+]1cccc2ccccc21,-4.9,3.0352273252915936,15_1174
COc1ccccc1COc1c(-c2ccc3c(c2)OCO3)c(OC)cc2c1[C@@H](C)N(C)CC2,-6.1,3.5615656539851543,15_1175
Cc1ccc(S(=O)(=O)Oc2cccc(C(=O)Nc3ccccc3[N+](=O)[O-])c2)cc1,-6.9,3.536289700964314,15_1176
CC(=O)N(C)c1cccc(CN2CCC3(CCC(CNC(=O)c4ccccc4)O3)CC2)c1,-8.4,3.653993310062899,15_1177
CCC(NC(=O)c1ccco1)C(=O)N1CCN(S(=O)(=O)c2ccc(Cl)c(C(F)(F)F)c2)CC1,-6.9,3.668059992141845,15_1178
CCC1C/C(=C\c2ccc(Cl)cc2)C(=O)c2cc(OC)c(OC)c(OC)c21,-6.5,3.635483070007732,15_1179
O=C(/C=C/c1ccccc1)c1cccc(Nc2ccnc3cc(Cl)ccc23)c1,-7.4,3.477729493519565,15_1180
COC1=CC(C(=O)Nc2ccccc2-c2cc3ccccc3c3c2C(=O)NC3)=CCCC1=O,-8.4,2.6492790992069075,15_1181
CCOc1cc2cc(c1)-c1cc3ccccc3c[n+]1CCc1cc(ccc1C[n+]1cccc3ccccc31)Cn1cc[n+](c1)C2,-6.3,1.6629714945453804,15_1182
CCNc1ncc(C(=O)NC(c2ccc(Cl)cc2)c2ccsc2)cn1,-6.2,3.7562948172187784,15_1183
O=C(Nc1ccc(Nc2ccc([N+](=O)[O-])c3[nH]cnc(=O)c23)cc1)Nc1cccc(F)c1,-8.1,3.306474886940812,15_1184
O=C(Nc1ccc(Br)c(F)c1)c1cccnc1NCc1ccncc1,-7.0,3.753261569290002,15_1185
Cc1cn(-c2ccc3n(c2=O)CCN(C[C@H]2CC[C@H](c4cccc(C(F)(F)F)c4)CC2)C3=O)cn1,-7.5,3.580571745745864,15_1186
O=S(=O)(NCCc1csc2ncnc(Nc3cccc(F)c3)c12)c1ccc(F)cc1F,-7.3,3.5860554264660633,15_1187
O=CC=C(Oc1cc(OCc2ccccc2)cc(OCc2ccccc2)c1)c1ccc2c(c1)OCCO2,-7.9,3.2417300681796415,15_1188
O=C(Cn1cnc2ccccc2c1=O)Nc1ccc(C(O)=NO)cc1,-6.9,3.3194488525095895,15_1189
O=C(Nc1nc2ccccc2[nH]1)c1cc(-c2ccccc2)nc2ccccc12,-9.4,3.5285019011244936,15_1190
O=C(Nc1cc(-c2ccncc2)c[nH]c1=O)C(Cc1ccccc1)NCc1cscn1,-7.5,3.534253982108358,15_1191
O=C(CC1CCN(Cc2ccccc2)CC1)c1ccc(OCc2cccc(F)c2)cc1,-7.0,3.4648497507314113,15_1192
N=C(N)c1ccc(Nc2ccccc2-c2ccc3ccc4ccccc4c3c2O)cc1,-8.6,3.1254244744569757,15_1193
CN(C)c1ccc(/C=C(\C#N)C2=NS(=O)(=O)c3cc([N+](=O)[O-])ccc3N2)cc1,-6.6,3.46413201319709,15_1194
O=C1OC(c2ccccc2)c2cc(Br)ccc21,-5.9,3.4359865997090813,15_1195
Cc1ccc(C)c(NC(=O)CCCN2C(=O)C(c3ccccc3)Oc3cccnc32)c1,-7.1,3.7461034364635775,15_1196
Cc1nc(-c2ccccc2)sc1C(=O)Nc1cc(S(=O)(=O)N2CCOCC2)ccc1N1CCCC1,-7.8,3.5877410678022517,15_1197
Cc1ccc2nc(-c3ccc(NC(=O)c4cccnc4)cc3)n(C)c(=O)c2c1,-7.5,3.7000012360436405,15_1198
CC1CC(=O)C=C2C=CC3=NC=NC=Cc4c(n5cccccc(C#N)c4c5)NC1OCC23,-7.8,1.2067636119820921,15_1199
O=C(Nc1cccc(Cc2n[nH]c(=O)c3c2CCCC3)c1)c1ccccc1F,-8.3,3.728822695049212,15_1200
O=C(/C=C/c1ccc([N+](=O)[O-])s1)N1c2ccccc2Sc2ccc(C(F)(F)F)cc21,-7.2,3.447404875871812,15_1201
Cc1oc2c(c1C(=O)OC1CCCC1)c(=O)c1ccccc1n2C,-7.1,3.653792187190035,15_1202
COc1cc(-c2cc(-c3ccc4c(c3)OCCO4)ncc2N)ccc1O,-7.6,3.7264266729616837,15_1203
CC(=O)c1ccc2c(c1)CC(NCc1cccn(C)c3ccccc3cn1)O2,-7.3,1.534616280805455,15_1204
COc1cccc(NC(=O)Nc2cc(-c3cccc(F)c3F)ccc2N)c1,-7.4,3.5749012241910316,15_1205
O=C(O)c1cccc(-c2cccc(CNC(=O)c3cc4cc(C5CC5)ccc4[nH]3)c2)c1,-7.8,3.470077235522385,15_1206
COc1ccc(/C=N/Nc2nc(-c3cccc(-c4ccccc4OC)c3)c[nH]2)cc1,-7.0,3.5226609876853994,15_1207
Cc1nc2ccccc2n1Cc1nnc(NC(=O)c2ccccc2F)s1,-7.6,3.7185523354479537,15_1208
COC=C1C(CCNc2ncc3cc(-c4c(Cl)cccc4Cl)c(=O)n(CCC#N)c3n2)=CC(OC)=C1OC,-7.1,3.372547720114918,15_1209
O=C(NCc1cc(Cl)ccc1C(F)(F)F)c1ccc(Nc2ccccc2)cc1,-6.6,3.6174508065885087,15_1210
CC(C)Cc1ccc(C(=O)C=C(CC2CC=CC=N2)c2cccc3ccccc23)cc1,-7.1,3.279446698946916,15_1211
CCC1Oc2ccccc2N(CC(=O)Nc2ccc(F)cc2)C1=O,-6.4,3.792114438566344,15_1212
O=S(=O)(c1ccc(-c2nc3ccccc3[nH]2)cc1)c1cccc2ccccc12,-7.4,3.5511187935729778,15_1213
Cc1nc(CN(C)Cc2nc(Cc3ccccc3)no2)cs1,-6.1,3.7348274467864746,15_1214
Nc1ncnc2c1c(-c1cccc(C(F)(F)F)c1)cn2[C@H](CC(=O)O)c1ccc(Cl)cc1,-8.5,3.629042075105469,15_1215
O=C(C[n+]1ccc(Cc2ccccc2)cc1)c1ccc2ccccc2n1,-7.6,3.39291229672548,15_1216
C/C=C/C(=O)Nc1cccc(C2=NOC3(C2)CC(C(N)=O)N(C(=O)c2ccccc2)C3)c1,-7.3,3.5634660099661515,15_1217
Fc1ccc(CN2CCCC(NCCOC(c3ccc(F)cc3)c3ccc(F)cc3)CC2)cc1,-7.3,2.532532222951267,15_1218
Cc1cc(-c2ccc(Oc3ncccc3C(N)=O)cc2)c2ccccc2n1,-8.1,3.7060700598703216,15_1219
C=C(C=CC=CC(=O)NC)N1C=NC=NC(NCC(C)Oc2cccc3ccc(F)cc23)=N1,-7.1,2.5766721190884634,15_1220
CSC=NC=CC=CCl,-3.4,1.6206449444255178,15_1221
Cc1ccccc1C1CN(Cc2ccc(-c3ccccc3C#N)cc2)CCCC1CO,-6.9,2.644531451040814,15_1222
CN(C(=O)Cc1ccc(S(=O)(=O)N2CCCCC2)s1)c1cccc(Cl)c1,-6.7,3.7275007133344142,15_1223
O=C(NCc1cc(C(F)(F)F)cc(C(F)(F)F)c1)c1c(-c2ccccc2)c2ccccc2[nH]c1=O,-8.2,3.48222698828857,15_1224
COc1cc(Nc2nc(C3=CCN(C(=O)Nc4ccc(F)cc4)CC3)c3ccccc3n2)cc(OC)c1OC,-7.1,3.483987567403764,15_1225
COC(=O)C1=C(C)N(NC(=O)Nc2ccccc2)C(N2CCCCC2)=NC1c1ccccc1,-7.0,3.6027084114753367,15_1226
O=c1c2ccccc2ncn1CCN1CCCCC1,-6.1,3.6127472586123295,15_1227
O=c1c2ccccc2nc(-c2ccccc2)n1-c1cccc2ncccc12,-7.8,3.493441773247854,15_1228
Nc1nccc(-c2csc(-c3ccc(O)cc3)n2)n1,-7.0,3.661781855825887,15_1229
Cc1nc(/C=C/C(=O)O)cc2cc(-c3ccccc3C(=O)O)ccc12,-8.0,3.6791437028050873,15_1230
O=C(N[C@H]1c2ccccc2C[C@H]1O)C(OC/C=C/Br)[C@H](O)[C@@H](O)[C@@H](OC/C=C/Br)c1nnc(C2CCC2)o1,-6.5,3.0279230034033997,15_1231
CN(C)c1ccc(-c2nc3ccc(NC(=O)c4ccccc4)cc3n2C)cc1,-7.9,3.688110452992408,15_1232
O=C(NCc1cc(CN2CCCC2)cc(N(Cc2ccccc2)Cc2ccccc2F)c1)c1ccc(-c2ccncc2)cc1,-7.1,3.2141524055817126,15_1233
O=CC(=COc1cc(O)cc(OC2OC(CO)C(O)C(O)C2O)c1)c1ccc(O)cc1,-7.3,2.957719716035096,15_1234
Cc1cccc(-n2cc(CNc3cc4cncc(C(=O)Nc5ccccc5)c4[nH]3)cn2)c1C,-8.1,3.455167114137275,15_1235
CC(C)c1nc([C@H](O)Cc2cccc[n+]2[O-])c(CO)n1-c1ccc(-n2ccc(C(F)(F)F)n2)cc1,-6.9,3.465637904821242,15_1236
O=C(Nc1cc2cccnc2cc1OC1CCC(O)CC1)N1CCC(n2c(=O)[nH]c3ccccc32)CC1,-9.0,3.422388862260698,15_1237
O=C(Nc1cccc(CN2CCCN(Cc3ccco3)CC2)c1)c1cccc(Cl)c1F,-6.8,2.757003833329276,15_1238
Cc1ccnc2cc3ccc(O)cc3c(-c3ccc(-c4ccc5ccccc5c4)cc3)c12,-8.2,3.115056836097546,15_1239
CCCCC1N=C2C=C(N3[Se]c4ccccc4N3Cc3cccc(OC)c3)C=CCC2=N1,-6.7,2.4320766286965627,15_1240
CC1=CC=C(Oc2ccc(/C=C3\C(=O)N(c4cccc(C(=O)O)c4)N=C3C)cc2C)C1,-8.2,3.610275275842331,15_1241
NS(=O)(=O)c1ccc(CCNC(=O)c2nc(-c3cccc(OC(F)(F)F)c3)ccc2Cl)cc1,-7.5,3.6279220640916794,15_1242
O=C1/C(=C/c2ccc(Cl)cc2)SC(=S)N1Cc1ccccc1,-5.5,3.5176868422767917,15_1243
O=C1c2cccc(O)c2C(=O)c2c(O)cc(O)cc21,-6.6,3.4512039120453504,15_1244
COc1cc(C(=O)NNC(=O)c2cc(-c3ccc(F)cc3F)c3ccccc3n2)cc(OC)c1OC,-7.1,3.541739845518614,15_1245
Cc1ccc(N2CC[C@H]3[C@@H]2CCN3C(=O)c2ccc(Cl)s2)nc1,-6.7,3.6099414210322207,15_1246
C=C([C]1CC[C@@H](NC(C2CC2)C2CC2)C[C@H]1OCCc1ccccc1)c1ccccc1,-5.4,3.114826111045561,15_1247
Cc1ccccc1NC(=O)c1ccccc1NC(=O)c1ccccc1C,-8.1,3.63213910229602,15_1248
Cc1c(NC(=O)NC2C=C(OC(F)(F)F)C(C(C)(C)C)=C2)cccc1-c1cccc2[nH]nc(N)c12,-7.7,3.4849274727929185,15_1249
Oc1ccccc1Oc1ncccc1CNc1ccc(-c2cccc3ccccc23)cc1,-7.3,3.342011334024517,15_1250
COC=C1C=C(Cc2cc(=O)n(-c3cccc(C(=O)Nc4ccc(C)cc4)c3)nc2-c2ccc(C)cc2C)C1,-8.7,3.4429990538581015,15_1251
O=C(NCCc1ccc(OC(F)(F)F)cc1)c1nn(-c2ccccc2)c(-c2ccccc2)c1C(=O)c1ccccc1,-6.6,3.307976052358409,15_1252
O=C(Nc1cccnc1)c1cccc(NC(=O)c2cccc(-c3cccc(Cl)c3)c2)c1,-7.9,3.6111850547270956,15_1253
O=C(NCCC1CCCCN1S(=O)(=O)c1ccccc1)C(=O)Nc1ccc([N+](=O)[O-])cc1,-7.1,3.394391525486639,15_1254
O=C(N/N=C/c1ccccc1)c1ccc(-c2cccnc2)cc1,-6.7,3.6448238344651154,15_1255
O=C(Nc1ccc(C(=O)NC2CC(c3c[nH]c4ccccc34)c3ccccc32)cc1)Nc1cccc(F)c1F,-7.8,3.1763733638536094,15_1256
O=C(O)C(c1ccccc1F)N1CCc2c(sc3ncnc(Nc4cccc(Cl)c4F)c23)C1,-7.0,3.5942435284563694,15_1257
Nc1nc(Cl)c2ncn(C3CCC3)c2n1,-5.4,3.464576914345159,15_1258
O=c1n(/N=C/c2ccc(-c3ccccc3C(F)(F)F)o2)cc(O)n1Cc1ccc(F)cc1,-7.1,3.575493986681318,15_1259
O=C(c1ccc(-n2cnnn2)cc1)N1CCc2ccccc21,-6.9,3.6681819114154117,15_1260
N=C1c2ccccc2CN1NC(=O)c1cc2ccccc2o1,-7.0,3.66799288847671,15_1261
CCC1(C)C2[CH]CC[C@@H]1[C]1C[C@](O)(NC(=O)C(C)O1)C(=O)C(=NC(=NCCN1CCNCC1)C(=O)CC=NC(=O)/C(C)=C/C=C\[CH]OC)C2C=O,-6.6,-0.08238371831814462,15_1262
O=C(OC(C(F)(F)F)C(F)(F)F)N1CCN(C(c2cccc(C(F)(F)F)c2)c2cncc3ccccc23)CC1,-8.2,3.4509365295558965,15_1263
O[C@H]1CC[C@@H](Nc2cc(-c3cccc(NCc4cccc(F)c4)c3)c(Cl)cn2)CC1,-7.8,3.6141385703847737,15_1264
CC(=O)O[C@H]1[C@@H](N2CCOCC2)C[C@H]2[C@@H]3CC[C@H]4C[C@@H](N(C)Cc5ccccc5)CC[C@]4(C)[C@H]3CC[C@@]21C,-6.4,3.032415773402862,15_1265
Nc1cccc(C(=O)Nc2cccc(-c3cccc4c3=NC(=CC(=O)O)C=4C(=O)O)c2F)c1,-7.5,3.397177243013748,15_1266
O=C(NCc1ccccc1F)c1ccccc1Nc1ccc2c(C=Cc3ccccn3)[nH]nc2c1,-7.5,3.31688118622663,15_1267
NC(=O)C1CCN(c2nccnc2OC2CN(c3ccc4ccccc4n3)C2)CC1,-7.7,3.6261461454829034,15_1268
O=C(c1cccc(S(=O)(=O)Nc2cccc(Br)c2)c1)N1CCN(c2ccccn2)CC1,-8.0,3.722183749532931,15_1269
O=S(=O)(C1=CCNCC1)N1CC[C@@H](Oc2cccnc2)C1,-6.2,3.556451613469103,15_1270
N#Cc1ccc(C=Cc2cc(Br)c(O)c(Br)c2)cc1,-5.9,3.5872238322852223,15_1271
O=C(CCN(Cc1ccccc1)S(=O)(=O)c1ccc(-c2ccccc2)cc1)NCc1ccccc1,-6.6,3.530671358469947,15_1272
COc1ccc(-c2cc(F)ccc2C2C[Se]C(=O)N2)cc1F,-5.9,3.631924416889789,15_1273
COc1ccccc1-n1c(O)c(-c2c(Nc3cccc(Cl)c3)c3cccc(C)c3[nH]c2=O)c2ccccc21,-8.3,3.3204357922124683,15_1274
Cc1cccc(C)c1Nc1ncnc(N)c1NS(=O)(=O)c1cccc2ccccc12,-8.5,3.5603946293043074,15_1275
CCn1c(=O)n(-c2ccc3c(c2)OCO3)c2[nH]c(C(=O)Nc3ccc(OC)cc3)cc21,-7.3,3.6020173703599117,15_1277
CN(C)c1cccc(-c2nc(-c3ccc(Oc4ccccc4)cc3)c3c(N)nccn23)c1,-7.3,3.5586826611413622,15_1278
CC=c1c(=O)occ2c1=CC=C2OCC(=O)N1CCN(C(=O)c2cc3ccccc3[nH]2)CC1,-8.2,3.6257626570261703,15_1279
FC(F)(F)c1ccnc(Nc2cccc(-c3ccc(N4CCNCC4)cc3)c2)c1,-7.2,3.734942471164298,15_1280
Cn1ccnc1Sc1ccc(-c2cc(-c3ccc(Cl)cc3Cl)ncn2)cc1,-7.1,3.5970825302803338,15_1281
Nc1n[nH]c(=O)c2c1ncn2CCCOc1cccc2ccccc12,-6.9,3.6139704276366604,15_1282
O=C(c1ccc(Cl)o1)N1CCN(c2ccc(/C=C/c3cc(Cl)cc(Cn4ccnc4)c3)cc2)CC1,-5.7,3.50156992365047,15_1283
C/C=C\[C@H](O)N(C)c1cnc(Nc2ccc(C(=O)NC(Cc3ccccc3)[C@H]3C[C@H](O)C3)cc2F)nc1NC1CCCC1,-6.6,2.904520740266092,15_1284
O=C1CC(COc2ccc(NC(=O)c3cccc(-c4ccccc4)c3)cc2C(=O)O)CN1,-7.3,3.621183386856872,15_1285
COc1ccc(-c2cncc(-c3cnc4c(c3)CCCN4C(N)=O)c2)cc1,-7.5,3.759116395241715,15_1286
C[C]C1C2[CH][C@@H](C[C@@H](Cc3ccccc3)c3ccccc3-c3ccccn3)[C@@H]2CC[C@]1(O)C(=O)COc1ncnc2ccccc12,-7.1,3.119099301424634,15_1287
Oc1ccc2cc(Br)ccc2c1-c1ccc2c(c1)OCCO2,-7.7,3.64216181694929,15_1288
N#Cc1ccccc1NC(=O)c1cccc(NC(=O)CCc2nnc(-c3ccc4c(c3)OCO4)o2)c1,-7.8,3.4625308340808565,15_1289
O=C(c1ccc2ccccc2c1)C(c1ccccc1F)n1c(=O)c(-c2ccccc2)nc2ccccc21,-8.3,3.2558251556752413,15_1290
O=c1[nH]ccc2cc(Nc3cccc(-c4nc5cc(-c6ccc(F)cc6F)ccc5[nH]4)c3)ccc12,-8.4,3.398082356259523,15_1291
N#CCCN(CCC#N)c1ccc(CC2=NC(=O)N(Cc3ccccc3F)C2=O)cc1,-5.2,3.6446126457201258,15_1292
Cc1nc(Br)c2nc(C)n(-c3ccc(-c4ccccc4)cc3)c2n1,-6.7,3.561070026615861,15_1293
Cn1c(=O)c(=O)n(C)c2cc(S(=O)(=O)N3CCC(c4nc5ccccc5s4)CC3)ccc21,-7.4,3.5072563543238093,15_1294
COC1N=CNC1=C(Cl)C=CCl,-4.3,2.1302114944710646,15_1295
CN1C=CC=CC(Nc2nc(C(=O)NC(N)=O)co2)C1,-6.8,2.4186404797015557,15_1296
NS(=O)(=O)Nc1cccc(C(=O)Nc2ccc(-n3ccc(C(F)(F)F)n3)cc2)c1,-7.3,3.5587069474240467,15_1297
C=CC(=O)Nc1cccc(-c2ccc(C(=O)N3C=CSC(C45CO[C@@H](CF)[C@H]4CSC(=N)N5)=N3)cc2)c1,-7.7,3.2707615102779894,15_1298
O=C(O)CNC(=O)C=Cn1ccc(-c2ccc(-c3cncc(NS(=O)(=O)c4ccc(F)cc4F)c3)s2)c1,-7.1,3.28168420321291,15_1299
O=C(c1nn(-c2ccccc2Cl)c(-c2ccc(Br)cc2)c1Cn1cncn1)N1CCN(c2ccccc2)CC1,-7.9,3.361672455209296,15_1300
CCOc1cc(CNC(=O)Nc2cccc3cnccc23)ccc1OCc1ccc(Cl)cc1,-6.9,3.575399367944664,15_1301
N=C1N[C@](c2cccc(NC3CC3)c2)(C(F)(F)F)c2c1ccc(C(F)(F)F)c2F,-7.2,3.4002468388034526,15_1302
O=C(NCC1CCCN(c2ccncc2)C1)c1nn(-c2ccccc2)c2ccccc12,-7.6,3.696116501786469,15_1303
CS(=O)(=O)c1ccc(-c2c(-c3cccc(OC(F)(F)F)c3)ccn2-c2ccc(F)cc2)cc1,-7.6,3.5166174083582185,15_1304
Cn1c(=O)[nH]c(=O)c2c1nc(N1CCN(C(=O)c3ccc(-c4ccc(Cl)cc4)cc3)CC1)n2CCc1ccccc1Cl,-6.0,3.4054520199136684,15_1305
O=C(CC1C(=O)NCCN1C(=O)Nc1ccc(Cl)cc1)Nc1cccc(C(F)(F)F)c1,-7.5,3.5843628533270913,15_1306
CC(C(=O)NN=C(c1ccccc1)c1ccccc1)n1ccc2cc(Oc3cccc(C(F)(F)F)c3)ccc21,-8.3,3.2923648759599993,15_1307
CC(C)CN1CCN([C@H]2CCN(S(C)(=O)=O)C2)CC1,-5.4,3.2991789252196,15_1308
O=C(NC12[CH]Cc3c(ncnc3[C@H]3CCCCN31)Nc1ccc(F)cc12)c1cccc2ccccc12,-9.5,1.5234293692097656,15_1309
CNCCN1C=C2C=NC(C=O)NC=C(c3ccc4c(c3)-c3ccc(-c5ccc(-c6cc7cccc(C(N)=O)c7c7nccn67)nc5)cc3-4)CC(=C2)C(=O)c2ccccc21,21.4,0.4162859816779374,15_1310
COc1cccc2c(O)c3c(c(O)c12)C(=O)C1=C(C[C@@](O)(C(=O)CO)C[C@@H]1O[C@H]1C[C@H](N)[C@H](O)[C@H](C)O1)C3=O,-7.9,2.8172455166417603,15_1311
Cc1cc(C)c(S(=O)(=O)Nc2cn3cnnc3c3cccc(Cl)c23)c(C)c1,-8.3,3.7034503706812094,15_1312
COc1cccc(/C=C/C(=O)Nc2ccccc2C(=O)Nc2ccc3c(c2)oc2ccccc23)c1,-8.0,3.3179040023941915,15_1313
Cn1cnc2nc(Cl)nc(-c3ccc(Cl)cc3)c21,-6.4,3.550846845752451,15_1314
O=[N+]([O-])c1c(Nc2cccc(Cl)c2F)ccc2nonc12,-6.5,3.5749871975318426,15_1315
O=C(Nc1nc(-c2cccc(C(F)(F)F)c2F)cs1)c1ccccc1CNc1ccccn1,-8.2,3.52271054786247,15_1316
CNC(=O)C=Cc1c(N)nc2c(c(-c3ccc(Cl)cc3Cl)nn2-c2ccccc2)c1Nc1ccc(F)cc1,-8.2,3.174944595336449,15_1317
O=C(CSc1nnc2c(=O)n(-c3ccccc3)ccn12)Nc1cccc2ccccc12,-7.0,3.5170102191966137,15_1318
CC(C)[C@H](NC(=O)c1cncs1)c1cccc(F)c1CCCN1C(=O)c2cccc3cccc1c23,-6.8,3.578666893787852,15_1319
O=C(O)CNC(=O)c1ccc2nc3n(C4C=CC=CC4)cc(-c4ccccc4)n3c2c1,-8.2,3.666840374120076,15_1320
O=C(O)c1ccnc(-c2cncc3ccccc23)c1,-6.3,3.674105397510261,15_1321
O=C(Nc1cccc(-c2nc3ccccc3o2)c1)c1ccccc1,-7.9,3.6657067653947903,15_1322
FC(F)(F)c1cc(-c2ccccc2)c2nc(N3C[CH]CNC3)cnc2c1,-8.3,3.7467309117990477,15_1323
O=C(O)c1cc(-c2ccccc2)[nH]n1,-5.5,3.481133316229931,15_1324
NS(=O)(=O)c1ccc(Nc2ccnc(SCC(=O)c3ccc(F)cc3)n2)cc1,-6.4,3.4220470695447105,15_1325
O=C(c1ccc2c(c1)OCO2)N1C[C@H](c2ccc(F)cc2)[C@@H](N2Cc3ccccc3C2=O)C1,-9.1,3.5070923621565404,15_1326
CN=CN=CC=C(C)Cc1cn(-c2cccc(C(=O)Nc3cccc(C(F)(F)F)c3)c2)nn1,-7.1,3.6263555454638183,15_1327
Cc1[nH]nc(-c2cc(S(=O)(=O)N3CC(C)CC(C)C3)c(C)s2)c1C,-6.7,3.7242157472035933,15_1328
CC(C)Oc1ccc(-c2nc(-c3cccc4c3CCC4N3CCCC3)no2)cc1C#N,-6.8,3.6036032235469726,15_1329
O=C(CC1ON=C1c1ccc(NC(=O)c2ccc(F)cc2)cc1)NCc1ccco1,-6.9,3.706536642880515,15_1330
O=C(Cl)Nc1ccc2[nH]c(SCC(=O)Nc3cccc(Cl)c3)cc2c1,-6.4,3.450262618923199,15_1331
O=C(O)c1cccn(Cc2ccccc2F)c1=O,-6.1,3.658488577177402,15_1332
O=C(Nc1cccc(S(=O)(=O)/C=C/c2ccccc2F)c1)c1ccc(Cl)cc1,-7.1,3.763271111895152,15_1333
O=C(O)c1cccc(-c2ccc(/C=N/Nc3ccccc3-c3nc4ccccc4[nH]3)s2)c1,-7.9,3.340144627561849,15_1334
O=c1[nH]cc(N2CCN(Cc3cccc(Oc4ccc(Cl)cc4)c3)CC2)c(O)ccccc(O)c1=O,-7.2,1.1543614178710566,15_1335
CCOc1ccc(/C=N/N=C2CC(=O)N(c3ccccc3OC)C2=O)cc1OC,-6.5,3.511259064584928,15_1336
c1ccc2c(NCCCCCCNc3c4ccccc4nc4ccccc34)c3ccccc3nc2c1,-7.0,3.1456917576232217,15_1337
O=c1c2ccccc2n(S(=O)(=O)c2ccc(Br)cc2)c2ncccc12,-7.0,3.6160630819324373,15_1338
CC(=O)NC(Cc1c[nH]c2ccccc12)C(=O)NC(Cc1ccc(-c2cccc(NC(=O)c3ccccc3)c2)cc1)C(=O)NCC(=O)O,-7.2,2.9010668273833637,15_1339
Cc1ccc(-c2n[nH]c(=O)[nH]2)cc1NC(=S)NC(=O)c1cc(C(F)(F)F)nn1-c1ccc(Cl)cc1,-7.0,3.307831145569193,15_1340
O=C(c1ccccc1F)N1CCC(Nc2nccc(Nc3ccc4c(c3)CCC4)n2)CC1,-7.7,3.645359253963169,15_1341
CC=C1C=CC(Nc2ccc(C)c(-c3cccc4nccn34)c2)N=C1C,-7.1,3.690402246085748,15_1342
O=C(NCc1ccc(N2CCCC2=O)cc1)Nc1cccc2ccccc12,-7.4,3.645811193935301,15_1343
COC1=CC=C(C(=O)C2=C(c3ccccc3)C=C3CC4C(C)C4N3C2)C=CC1,-7.1,2.2490289008190225,15_1344
O=c1[nH]oc2cc(F)c(F)cc12,-5.0,3.29832663915077,15_1345
Cc1cccc(NC(=O)CSc2nc(=O)n(CCN(C)C)c3c2CCCC3)c1C,-6.7,3.65736895854094,15_1346
O=C(O)c1cccc(C(=O)c2ccccc2-c2cn(CCCCCC(O)=NO)nn2)c1O,-6.6,2.924480297673409,15_1347
Cc1ccc(-c2nnc(NC(=O)CN3CCC(C)CC3)o2)cc1,-7.5,3.764832746512688,15_1348
O=C(NC12CC3CC(CC(C3)C1)C2)c1cn(Cc2ccc(F)cc2)nc1-c1ccccc1,-8.4,3.386391536255993,15_1349
COC(=O)CC(NCc1coc(-c2ccc(F)cc2)n1)c1ccccc1,-6.9,3.725129820627551,15_1350
COc1cc2c(Nc3ccc(Cl)c(Cl)c3)ncnc2cc1OCc1nc(-c2cccc(Cl)c2)no1,-7.9,3.36253716032369,15_1351
NC(=O)n1c(=O)c2ccccc2c2ccccc21,-6.4,3.5105309622500283,15_1352
CCn1nc(C)c(CCN2C(=O)c3ccccc3C2=O)c1C,-6.0,3.663714403331654,15_1353
Nc1ncc(-c2ccc(-c3ccccc3C(=O)NC[C@@H]3CC[C@H](O)C3)cc2F)cn1,-7.7,3.6549747097083487,15_1354
CCCCCCN(/C(=N/C#N)N1CCNCC1)c1ccccc1,-5.7,3.359974760997068,15_1355
O=C(NCC(c1cccnc1)N1CCN(c2ccccc2F)CC1)c1cccs1,-7.3,3.779505201561002,15_1356
CN1C(=O)N(c2cccc(C(F)(F)F)c2)C2=C(C(=O)CC2)C1c1ccc(C#N)cc1C(=O)NCc1ccno1,-8.8,3.543701983179984,15_1357
COC=CC(CC=O)c1cc(=O)c2c(O)c(O)c(OC)cc2o1,-5.9,3.4881758068207804,15_1358
O=c1[nH]c2ccc(Cl)cc2n1S(=O)(=O)c1ccccc1,-6.3,3.706362631676657,15_1359
C[C@@H](NC(=O)Nc1cc2[nH]nc(NC(=O)Nc3ccc(Oc4ccccc4)cc3)c2cn1)c1ccccc1,-7.6,3.104531428179051,15_1360
Cc1ccc(C=NNC(=O)Nc2nc3cc(C4=NCCN4)ccc3[nH]2)cc1,-7.4,3.4508375825367863,15_1361
COc1ccc2[nH]cc(CC(=O)NCC(=O)N3CCN(c4ccccc4F)CC3)c2c1,-7.1,3.720667041532828,15_1362
Cc1ccc(C(=O)Nc2cc(C(F)(F)F)cc(C(F)(F)F)c2)cc1-c1nc2ccccc2[nH]1,-7.9,3.468028398843917,15_1363
Nc1nonc1-n1nnc(C(=O)N2CCC(Nc3ccnc4cc(Cl)ccc34)CC2)c1-c1ccccc1,-8.2,3.2950958985809207,15_1364
COC(=O)[C]1CC2CCC1CCC(=O)C2NC(=O)C1CCCCC1Cc1ccc(-c2ccccc2)c(F)c1O,-8.1,1.3728922764865255,15_1365
Cc1nc2cnc3cc(F)c(-c4ccc(Oc5ncccn5)cc4Cl)cc3c2n1C1CCN(C(=O)CO)CC1,-7.1,3.4169879638185296,15_1366
O=C(Cc1nc(=O)cc(N2CCOCC2)[nH]1)Nc1cccc(-c2cccc(CO)c2)c1,-7.7,3.601989771689464,15_1367
N#Cc1ccc(-c2cccc(-c3nc4cc(C(=O)N5CCNCC5)ccc4[nH]3)c2)cc1,-7.5,3.6564622070233037,15_1368
O=C(Nc1cccc(CN2CCCN(Cc3cccc(O)c3)CC2)c1)c1cccc2ccccc12,-8.3,2.6053491247237655,15_1369
CCOC(=O)c1ccc(NC(=O)CSc2nnccc2-c2cccc3ccccc23)cc1,-6.5,3.5470830042143833,15_1370
O=S(=O)(Nc1ccccc1)c1ccc(Oc2cccc(C3=CCN(c4ccccc4)C3)c2)cc1,-7.9,3.5845161325962915,15_1371
O=C(/C=C1\CCc2ccc(F)cc21)Nc1ccc(N2CCOCC2)cc1N1CCOCC1,-8.0,3.523226002094264,15_1372
COc1ccc(-c2[nH]c(-c3cc(OC)c(OC)c(OC)c3)nc2-c2ccncc2)cc1,-6.5,3.669733145854343,15_1373
C=C(C=Nc1c2ccc-2c1C(=O)N[C@@H](CO)c1ccccc1)CC=NC=C1C=CC(=NS(=O)(=O)c2ccccc2)C1=COC,-7.7,3.0224080205867647,15_1374
N=C1N=CNC2C=Cc3c(ccn3Cc3cc4c(cc3Cl)OCO4)C12,-7.2,3.538411782355502,15_1375
CN(C)c1ccccc2c(ccc1)C(c1c[nH]c3ccccc13)CCNS2(=O)=O,-7.3,1.5451249781072058,15_1376
COc1ccc(C(=O)/C=C/C2=CN(Cc3ccc(-c4ccc(Cl)cc4)cc3)CC(=O)N2)cc1,-7.2,3.5857665996148445,15_1377
Cc1c(C(=O)c2cccc(C(F)(F)F)c2)c2cc(NC3CCOCC3)ccc2n1-c1nc2ccccc2o1,-8.2,3.3918663903745374,15_1378
CSCCNC(=O)C(C)(C)c1ccc(Oc2ccc(NC(C)=O)cc2)c(C#N)c1,-5.9,3.6771266296543663,15_1379
COc1ccc(-c2nc3ccccc3c(=O)n2-c2ccc(F)cc2)cc1OC,-7.0,3.6497040935611404,15_1380
CCOC(=O)[C]1c2ccccc2NC1C(O)CO,-5.2,3.40657333490154,15_1381
O=C(CN1C(=O)NC2(CCCC2)C1=O)Nc1ccc(-c2ccccc2Cl)cc1,-7.7,3.6108299064231324,15_1382
COC=CC=C1C=CC=CCC(C(=O)O[C@H]2c3ccccc3N(C(=O)C(C)C)[C@@H]2c2ccc3c(c2)OCCO3)N=C1,-7.6,1.050646903553794,15_1383
O=C1c2ccccc2-c2c1c1ccccc1c(=O)n2CCn1nccn1,-7.2,3.6552963687757156,15_1384
O=C1/C(=C\c2cccn2Cc2ccccc2)CCN1c1ccccc1,-7.1,3.5318619822124417,15_1385
COc1ccccc1-c1ccc(CC(NC(=O)C2(S(=O)(=O)c3ccccc3)CCCNC2)C(=O)O)cc1,-7.1,3.4989490405980783,15_1386
CC(=O)N[C@@H]1[C@@H](N)[C@@H](F)[C@](F)(C(=O)OCc2cn(-c3ccc(F)c(F)c3)nn2)O[C@H]1n1cnc2c(N)ncnc21,-8.1,2.938277954240253,15_1387
CC(C(=O)NCc1ccc(C(F)(F)F)nc1N(c1ccc(F)cc1)C1CC1)c1cccc2ccccc12,-8.4,3.4464561602668553,15_1388
Cc1ccccc1S(=O)(=O)c1cccc(N)c1C#N,-5.6,3.639848400342924,15_1389
O=C(NC1CCCCNC1)c1ccc(-c2ccccc2C(=O)c2ccccc2)cc1,-6.8,2.654756645558046,15_1390
Cc1cc(C)c(S(=O)(=O)N[C@@H](C)CNc2cc(C)cc3c2cnn3-c2ccc(F)cc2)c(C)c1,-8.2,3.6255824526756326,15_1391
CNc1c(-c2ccc(NC(=O)c3ccccc3)cc2)[nH]c2ccccc2c1=O,-7.1,3.565872091525338,15_1392
Cc1ccc(C)c(NS(=O)(=O)c2ccc3c(c2)CC(C)N3C(=O)C2CC2)c1,-6.9,3.672281851818708,15_1393
O=C(O)c1cccc(-c2cccc(COc3ccccc3-c3ccc(C(=O)NC(C(O)=NO)c4ccccc4F)cc3)c2)c1,-6.7,2.7554339371235423,15_1394
Cc1cccc(NC(=O)CNc2ccc(Br)cc2Cl)c1C,-6.5,3.6500650028450625,15_1395
Cc1cc(Nc2ccccc2C(C)C)n2c(=O)nc(SCC(=O)NCc3ccco3)nc2c1,-7.5,3.4920964558148455,15_1396
Cc1ccc2[nH]c(=O)cc(C(=O)Nc3ccc(S(=O)(=O)N4CCCCC4)cc3)c2c1,-7.5,3.739403599864459,15_1397
CC(=O)Nc1ccc(NC(=O)CSC2=NN3CCCC(=O)N=C3S2)cc1,-6.7,2.5260224774717877,15_1398
CCNC(=O)Nc1ccc(-c2cc(-c3ccncc3)c3c(n2)c(C)nn3C)c(C)c1,-7.8,3.695015595742519,15_1399
O=C(Nc1ccc2ccccc2c1)c1cccc(Oc2cccc(C3(C(F)(F)F)N=N3)c2)c1,-7.7,3.6086612320601787,15_1400
COc1ccc2c(c1)[C@H](c1ccc(Cl)c(Cl)c1)CCCN2,-6.2,2.6011257712620024,15_1401
CC(NC(=O)Nc1cccc(C(F)(F)F)c1)N[C@H](c1cccc2ccccc12)C(C)(C)C,-6.9,3.47445607324986,15_1402
Fc1ccc(-c2cn3c4c(sc3n2)CCCC4)cc1,-6.9,3.528754900795632,15_1403
CN(CCNC(=O)c1ccco1)Cc1cn(-c2ccc3c(c2)OC(F)(F)O3)nn1,-6.8,3.6052791140718736,15_1404
O=C1c2ccccc2C2(CCN(Cc3ccccc3)CC2)CC1c1ccccc1,-8.3,3.351287758074667,15_1405
C[C@@]1(C(=O)NC(Cc2ccc(-c3ccccc3C(F)(F)F)cc2)C(=O)O)CCCN1S(=O)(=O)c1cc(Cl)cc(Cl)c1,-7.3,3.4784259953717873,15_1406
CCc1cccc(-c2ccc3nc(NC(=O)c4cc(OC)c(OC)c(OC)c4)sc3c2)c1,-6.2,3.648625320946117,15_1407
O=C(Nc1ccccc1C(=O)N1CCOCC1)C(=O)c1cccc2ccccc12,-7.7,3.6817689760476533,15_1408
O=C(NCCCn1ccc2ccccc21)Nc1ccc(Br)cc1,-6.6,3.6093467307708873,15_1409
O=C(c1ccccc1)N1CCC2(CC1)NC(c1ccc(Cl)cc1)c1ccccc12,-7.7,3.498524213102998,15_1410
O=C(Cc1cccc(O)c1)Nc1nc(-c2ccccc2)cs1,-7.3,3.741265455497232,15_1411
COc1ccccc1N1CCN(Cc2ccc3[nH]c(N)nc(=O)c3c2)CC1,-7.7,3.716559843067431,15_1412
O=C(Nc1ccc(Cl)cc1)Nc1cccc(-c2ccc3c(ccn3Cc3ccccc3)c2)c1,-7.3,3.2459637174830327,15_1413
O=C(c1cc(-c2cccc(O)c2)on1)N1CCc2ccccc2C1,-7.4,3.7485547604316376,15_1414
C=c1c(=Cc2sc(Nc3nc4ccccc4s3)nc2O)cc(C)n1-c1ccc(N2CCOCC2)cc1,-6.5,3.413210329392653,15_1415
COC=C1C=CC(Cn2c3ccccc3c3c4c(c5c6ccccc6n(C)c5c32)C(=O)NC4)=C1,-8.3,3.3571472834929574,15_1416
O=c1[nH]cnc2c(CN3C[C@H](O)[C@@H](O)C3)c[nH]c12,-5.7,3.297900812305838,15_1417
COC=C1C=CCC2CCN(c3ccccc3OC)CC(=C1)C2NC(=O)Nc1c(C(C)C)cc(N)cc1C(C)C,-7.1,1.3863621667759887,15_1418
Cn1c(=O)c2c(c3ccccc31)OC(=O)CC2c1ccc(F)cc1,-7.4,3.605388718400797,15_1419
COc1cccc(COC(=O)c2cc(S(=O)(=O)N3CCCCC3)c[nH]2)c1,-6.4,3.7088704175561484,15_1420
C=C1OC(CNC(=O)C2=CC(c3n[nH]c(=O)c4ccccc34)C=COC2=C)C=C1C=COC,-7.4,2.5970663276272354,15_1421
Cc1ccc(CC(=O)N[C@@H]2[C@@H]3CCO[C@@H]3[C@H]2N(C)C)cc1,-5.9,3.474779861152908,15_1422
Cc1ccccc1COc1ccccc1NC(=O)Nc1ccc2nccnc2c1,-8.0,3.656246034023647,15_1423
O=C(c1ccc(-c2ccccc2COc2cc(C(F)(F)F)ccc2Cl)cc1)N1CC[C@@H](O)C1,-7.4,3.6911969350936715,15_1424
O=C(NCc1ccc(F)cc1)c1c(Nc2cccc(-c3ccccc3F)c2)nc2ccccn12,-8.4,3.411003230992219,15_1425
COc1ccc(-c2ccc3c(N4CCOC[C@@H]4C)nc(C4=CCOCC4)nc3n2)cc1CO,-7.5,3.623944426150488,15_1426
S=c1[nH]c2ccc(Nc3ccnc(-c4ccccc4)n3)cc2[nH]1,-7.7,3.5553314183592057,15_1427
O=C(CSc1nc2ccccc2[nH]1)c1ccc(NC(=O)c2ccc(F)cc2)cc1,-7.1,3.5693130066207672,15_1428
O=C(Nc1cccc(NC(=O)c2ccc3c(c2)OCO3)c1)c1ccc(Cl)c(Cl)c1,-7.2,3.716048659350534,15_1429
CCOc1ccc2c(=O)c(-c3cc4ccccc4c4ccccc34)c(O)oc2c1,-7.8,3.4689559747359944,15_1430
O=C(NCc1cccc2ccccc12)c1cccc2c1cnn2-c1ccccc1,-8.0,3.5211317231714334,15_1431
Cc1cc(Nc2nc(-c3cc(F)cc(N4CCc5c(sc6c5CCCC6)C4=O)c3CO)cn(C)c2=O)[nH]n1,-8.4,3.3279259096471216,15_1432
CC(=O)Nc1ccc(S(=O)(=O)Nc2ccc(CCNC[C@H](O)c3cccnc3)cc2)cc1,-6.2,3.3960127360493058,15_1433
NC(=O)c1ccc(C(=O)N2CCc3ccc(I)cc32)cc1,-6.9,3.627166219521621,15_1434
CC[C@@](Oc1ccc2ccccc2c1)(C(C)=O)c1ccccc1-c1ccccc1OC,-6.4,3.423316815139189,15_1435
Cc1cc(-c2cccc(C(F)(F)F)c2)ccc1N(C=O)C[CH]CN[C@@H](CNC=O)Cc1ccc(O)cc1,-6.2,3.3753210012953465,15_1436
O=c1c(-c2cccnc2)c[nH]n1-c1ccccc1,-7.1,3.6524241480808914,15_1437
COc1cc(C(=O)Nc2ccccc2-c2ccccc2-c2cc3ccccc3[nH]2)cc(OC)c1OC,-7.4,3.422610770756318,15_1438
O=c1[nH]c2c(O)ccc(CCNCCNCc3cc4ccccc4s3)c2s1,-6.3,3.4368413799696738,15_1439
Cc1ccccc1-c1ccc2nc(-c3ccc(Cl)cc3)c(CN3CCOCC3)n2c1,-7.0,3.57332143326055,15_1440
Cc1cn(CC(=O)N(Cc2ccc(Cl)cc2)C[C@@H]2CCC(=O)N2C)nn1,-6.8,3.708918963801447,15_1441
CC=C1C=CC[C@H](C)n2cnnc2C=NC(NC(=O)CC2=C(n3cnc(C4CC4)c3)C(=NCCNC(=O)c3ccco3)C=C2C)S1,-8.5,0.6543135702799887,15_1442
COc1ccc(/C=C/C(=O)N2COc3c(Br)cccc32)cc1,-6.4,3.625229465864643,15_1443
Cc1ccc2oc(=O)c(C(=O)c3ccccc3)cc2c1,-6.5,3.4888899325924267,15_1444
Oc1ccc2[nH]c(-c3cccc(Oc4ccccc4)c3)nc2c1,-7.4,3.6245589273301713,15_1445
O=Cc1cccc2c1C=NN1C=CC=C(c3cccc(N4CCOCC4)c3)N=C2OCC1,-8.0,1.2887602967669718,15_1446
O=C(CSc1nc(-c2ccccc2)cs1)Nc1ccc2c(c1)c1ccccc1n2CCO,-6.8,3.4485716488501725,15_1447
O=C(Nc1nc2ccccc2s1)NC1Cc2c(-c3cccc(C(F)(F)F)c3)ccnc2O1,-8.4,3.622404024561524,15_1448
O=C(O)c1cc(-c2ccc(F)cc2)nc2ccccc12,-7.0,3.6533811864671213,15_1449
COc1ccc(-c2cccc(-c3ccc(C(=N)N)cc3)n2)cc1CN1CCC(O)CC1,-7.2,3.532039816564899,15_1450
CCCCCC(=O)Nc1[nH]nc2cc(-c3cccc(S(=O)(=O)NC4CCCCC4)c3)ccc12,-6.9,3.489510751229131,15_1451
C=C1c2ccc(C3COC=CC=C3F)cc2C2(N=C(N)N(C)N2)C1c1ccc(F)cc1,-8.6,2.537316601715913,15_1452
O=C(c1ccccc1)N(CNCC(=O)n1[nH]c(=O)c2ccccc21)C(=O)c1ccccc1,-8.3,3.53728474742982,15_1453
O=C(CNC(=O)c1cc(Br)c(Br)[nH]1)NNCc1ccccc1,-6.3,3.462585551419295,15_1454
COc1cc(OC)cc(-c2ccc(NC(=O)c3cccc(Br)c3)cc2O)c1,-7.1,3.7193319198669954,15_1455
O=[N+]([O-])c1ccc2c(Nc3ccnc4cc(-c5nccs5)ccc34)cccc2c1,-8.3,3.491273045620622,15_1456
Cn1cnc2c(Nc3nccs3)ncnc21,-5.3,3.514537662399696,15_1457
COc1ccc(S(=O)(=O)Nc2ccccc2/C=C/c2ccccc2)cc1OC,-6.8,3.686700081701024,15_1458
NC(=O)C1CCN(c2cc(-c3ccccc3OC(F)(F)F)ncn2)CC1,-7.0,3.74332121732819,15_1459
C[CH][C@@H](O)C1[CH]O[C@@H](O[C@H](CO)[C@@H](O)[CH]O[C@H]2[CH][C@@H](O)[C@H](O)C(C(=O)O)O2)OC=C(C(=O)O)[CH]1,-6.1,0.6810860941798804,15_1460
NNc1nnc(-c2ccccc2)c2ccccc12,-6.9,3.5518039327817252,15_1461
O=C[C@@]12Oc3cc(O)ccc3[C@H]1c1c(c3ccccc3n1CCc1ccc(Br)cc1)-c1ccccc12,-8.1,3.2617389045015317,15_1462
O=C(NCCCO)c1ccc(OCc2conc2-c2ccc(F)cc2)nc1,-6.4,3.623802466543005,15_1463
C[C@]12CC[C@H](O)CC1C(=O)C[C@@H]1[C@@H]2CC[C@]2(C)C(c3cccnc3)=CC[C@@H]12,-7.0,3.1842926348036866,15_1464
CCOC(=O)C1=CN(Cc2cn(-c3cccc4cccnc34)nn2)C=C(C(=O)OC)C1c1ccc(-c2ccccc2)cc1,-7.3,3.171083121454734,15_1465
COc1cc2ncnc(Nc3ccc(NC(=O)Nc4cccc(Cl)c4)cc3)c2cc1OC,-7.3,3.5159414493783543,15_1466
CC(=O)N1CCC(C(=O)Nc2cccc(-c3cc4ccccc4nc3N3CCCC3)c2)CC1,-8.2,3.6543227732349868,15_1467
CC=C1C=CC(CC(=O)N[C@H]2CC[C@@H](Nc3nccc(Nc4cccc(-c5ccc6c(ccn6C)c5)c4)n3)CC2)=C1,-7.7,3.258114136759717,15_1469
Cc1c(O)n(C)c2ccc(Nc3cc4cc(CN5CCOCC5)c5ccccc5c4n(C)c3=O)cc12,-8.2,3.4452115792424216,15_1470
CC(C)c1ccc(NC(=O)NC2N=C(c3ccccc3)c3ccccc3N(C)C2=O)cc1,-7.3,2.7116525838202996,15_1471
O=C(NCC1CCCCC1)c1cccc(Cc2n[nH]c(=O)c3c2CCCC3)c1,-7.9,3.6092843405368185,15_1472
COc1cccc2c1O[C@H]1C[C@@H](O)C=C[C@@]21CCN(C)CCCCCCCCN1CC[C@@]23C=C[C@H](O)C[C@@H]2Oc2c(OC)ccc(c23)C1,-6.3,1.8152486300378827,15_1473
Cc1ccc(S(=O)(=O)NCC(=O)N(CC(=O)NCC2CCCO2)c2ccccc2C)cc1,-6.9,3.6166814929071585,15_1474
N#CC1(c2ccccc2F)C=C(c2cccc(C(N)=O)c2)N=C2C=CC=CN21,-7.9,3.6740175272178317,15_1475
O=C(O)Cc1ccc(Oc2ccc(C(=O)Nc3cccc4ccccc34)cc2F)c(F)c1,-7.6,3.6042120095472825,15_1476
CC=CC(C)(C)N=CC1=CC(c2[nH]c3ccccc3c2-c2c(C)ccc3ccccc23)=CC1,-7.5,3.1382042314646363,15_1477
COc1cccc(C(=O)N(C)CCCN2c3ccccc3CCc3ccc(Cl)cc32)c1,-6.5,2.620820490722747,15_1478
COc1ccc(-n2cc(-c3cc4ccc(-c5cn[nH]c5)cc4[nH]3)nn2)cc1,-7.3,3.5769750874057262,15_1479
CNC1/C(=C/c2cccc(F)c2)CCCCC1c1ccccc1Cl,-6.7,2.4461968926799535,15_1480
CS(=O)(=O)NC1C[C@@H]2[C@H](c3ccc(C#Cc4cccnc4)cc3)[C@@H](CO)N2C1=O,-6.5,3.543082033624124,15_1481
Cc1cccc(C2=NN(C)CC(C(=O)Nc3c(C)ccc(C)c3C)NC(=O)C2)c1C,-7.8,1.8819527858894305,15_1482
COc1ccc2[nH]cc(CC3[CH]c4ccc(C(=O)Nc5cccc(Cl)c5F)nc4N(C(C)C(=O)NCc4cc(F)cc(F)c4)C(=O)N3)c2c1,-8.1,2.044740152985548,15_1483
O=C(Cn1cc(C(=O)C(=O)N2CCCCC2)c2ccccc21)Nc1ccccc1[N+](=O)[O-],-7.4,3.4310064287170325,15_1484
N#CCCN(C(=O)c1ccc(-c2cn3c(-c4ccc(Cl)cc4)cnc3cn2)cc1)c1ccccn1,-6.8,3.4744293937396167,15_1485
c1cc2c3c(c1)ccc[n+]3C2,-4.8,2.7921938641556734,15_1486
CC(C)CC(NC(=O)N1CCN(c2ccc(C(=O)NCc3ccc(F)cc3)cc2)CC1)C(=O)NCc1ccccn1,-5.8,3.46123682421927,15_1487
C[CH][C@H](C[C@H]1CC[C](C)C1(C)C)OC(=O)c1ccccc1,-5.8,3.38019919869577,15_1488
Nc1nc(N)c2c(ccc3c2ccn3Cc2cccc(F)c2)n1,-7.4,3.639589274857548,15_1489
O=Cc1ccccc1C(=O)c1c(-c2ccccc2)[nH]c2cc([N+](=O)[O-])ccc12,-7.6,3.420134167092707,15_1490
O=C(O)c1cccc(COc2ccc3ccccc3c2)c1,-6.8,3.6362042832344637,15_1491
Cc1ccccc1C(C1=CC=C(F)C1)c1nc2ccccc2c2c1ccc1ccccc12,-8.5,3.015387109250677,15_1492
Oc1ccc2c(c1)C1[CH][C@@H]3CCCCC23[C@H]2CCCCN2C1,-7.0,2.032650738557224,15_1493
O=C(CNc1ccccc1Cl)Nc1ccn(Cc2cccc3ccccc23)n1,-7.8,3.659444833173846,15_1494
O=C(NCC(c1ccc(C(F)(F)F)nc1)N1CCC(F)(F)CC1)c1ccccc1[N+](=O)[O-],-7.6,3.516510618028846,15_1495
O=C(O)CC/C=C\CO[C@H]1[C@@H](Oc2ccc(-c3ccc4ccccc4c3)cc2)CC[C@H]1NCc1c2ccccc2cc2ccccc12,-6.9,2.872736774951385,15_1496
Cc1cccc(-c2nc(-c3ncn(C(C)C)n3)co2)c1,-7.0,3.719909626138751,15_1497
Cc1ccccc1-c1ccc(N2CCN(C)CC2)nn1,-6.5,3.622328800708022,15_1498
O=c1[nH]c2ccccc2c(=O)n1-c1ccccc1F,-6.4,3.6253885803924506,15_1499
O=C(c1ccc(N2CCOCC2)c(NC(=O)c2ncc(Cl)s2)c1)c1ccccn1,-6.9,3.694504367062156,15_1500
O=C(Nc1cc(NS(=O)(=O)c2ccccc2)cc([N+](=O)[O-])c1)c1ccccc1Br,-7.6,3.5498685021464467,15_1501
COC(=O)C(NP(=O)(Oc1ccccc1)O[C@H]1O[C@H](CO)[C@@H](O)C1(F)F)[C@@H](Sc1ccc2ccccc2c1)c1ccccc1,-6.4,2.923192112080258,15_1502
COc1cc(-c2cc3ncccc3c(NCc3ccccc3F)n2)cc(OC)c1OC,-7.4,3.659706294727446,15_1503
CC(C)C[C@H](N)c1cc(C(F)(F)F)ccc1N1CCN(C(=O)C2CN(C(C)C)C[C@H]2c2ccc(Cl)cc2)CC1,-6.4,3.4784294024210434,15_1504
N#Cc1ccc(-c2cnc3ccc(NCc4n[nH]c(=O)o4)nn23)cc1,-8.0,3.517821657417339,15_1505
N[C@]1(c2cccc(-c3ccccc3)c2)CC12CC2,-6.9,3.2591757912146324,15_1506
Cc1ccc(-c2ccc(-c3ccccc3C(=O)NCc3cccs3)cc2)cc1,-7.3,3.4494006608079752,15_1507
COC(=O)C(Cc1ccc(O)cc1)NC(=O)c1ccc(Nc2nc(-c3ccccc3)nc3ccccc23)cc1,-7.3,3.2364503508994273,15_1508
Clc1ccc(-c2noc(CSc3nnc4n3C=CC=CCC=COc3ccc(Cl)cc3-4)n2)cc1,-7.8,1.4233218680868287,15_1509
CCCCSc1sc(C(=O)OCC)c2c1C(=O)CCC2,-4.9,3.4281345937442422,15_1510
CC1(C)[C@H](Nc2c(C(N)=O)cnn3cc(-c4cccc(CN)c4)cc23)CC[C@]1(C)N,-7.1,3.524143590008533,15_1511
COc1cc2cc(C(=O)NC(C(=O)NCc3ccccc3)c3ccccc3F)cnc2cc1OCCC(C)C,-7.0,3.4584233399265765,15_1512
COC1COC=CC=C1C=Nn1cnc(CN2CCN(C(=O)c3cccc(F)c3)CC2)cc1=O,-6.5,2.4938580511228006,15_1513
CS1=C(C=NN=Cc2ccccc2-c2ccccc2)C=C1C=C1CC(=CCl)C1,-6.4,3.240105243824301,15_1514
O=C(NCc1c(Cl)cccc1NC(=O)c1ccc(F)cc1F)c1cc(Cl)ccc1O,-8.2,3.6221840091480475,15_1515
C(#Cc1ccc(Cn2c3ccccc3c3ccccc32)cc1)Cn1c2ccccc2c2ccccc21,-7.8,2.9946866147616307,15_1516
Cc1cc(OC(F)F)cnc1C(=O)Nc1cc(F)c(F)c([C@@]2(C)N=C(N)[C@@](C)(F)CC2(F)F)c1,-7.5,3.572883995964864,15_1517
CN(C)c1ncc(-c2ncccc2C(=O)NCCO)cn1,-5.6,3.624854718134652,15_1518
O=C(N=C1CCCCC1C(=O)O)NC[C@H]1CC[C@]2(CC1)OO[C@]1(O2)C2CC3CC(C2)CC1C3,-7.3,3.0869862042328284,15_1519
NS(=O)(=O)c1ccc(-c2cccc(-c3nc4ccccc4[nH]3)c2)cc1,-7.5,3.693327536657079,15_1520
O=C(/C=C/c1cccc2ccccc12)c1ccc(C(=O)Nc2ccccc2C(=O)N2CCCC(F)C2)cc1,-8.0,3.4172623724910314,15_1521
CC(C(=O)NCCSSC1CCSS1)c1cccs1,-4.7,2.2812045260379064,15_1522
O=c1c2cccnc2n(-c2ccccc2)n1C(c1ccccc1)c1cccc2ccccc12,-7.9,3.3621854091861794,15_1523
C[C@]12C[C@@]34C=C(Sc5ccc(-c6ccccc6)cc5)C(=O)[C@@](C)(CCC(=O)Nc5c(O)ccc(C(=O)O)c5O)[C@@H]3[C@H](C[C@@H]1C4)O2,-7.7,2.821582757194944,15_1524
Cc1nccn1CC(=O)Nc1ccc(C(=O)N2CCOCC2)cc1,-6.3,3.746542782535463,15_1525
Cc1ccc(-n2nccn2)c(C(=O)N2CCN(c3nnc(C)c4ccccc34)C[C@@H]2C)c1,-7.9,3.6318125870528295,15_1526
COc1ccccc1C(=O)OCC(=O)c1c(N)n(C)c(=O)n(C)c1=O,-6.3,3.40604551285979,15_1527
O=C(CCP(=O)(O)O)N(c1ccccc1)c1ccc(C(O)(C(F)(F)F)C(F)(F)F)cc1,-6.6,3.44305294702437,15_1528
Cc1ccc(-c2nc(Br)c(C)[nH]2)cc1[N+](=O)[O-],-6.0,3.5486017478856793,15_1529
Nc1cccc(-c2cc3ccccc3c(=O)o2)c1,-7.1,3.5650297106603994,15_1530
COc1ccccc1CNC(=O)c1[nH]c2ccccc2c1Sc1ccccc1,-7.1,3.6019177251497076,15_1531
N#Cc1ccc(-c2cc(Nc3nc(-c4ccc(F)c(F)c4)cnc3N)ccc2C#N)cn1,-7.4,3.599369153922628,15_1532
Cc1ccc(-n2nnnc2SCC(=O)c2ccc(-c3ccc([N+](=O)[O-])cc3)cc2)cc1C,-6.6,3.2576898369038014,15_1533
N[C@H](COc1cncc(-c2cccc3nc(-c4ccccc4)ccc23)c1)Cc1c[nH]c2ccccc12,-6.7,3.3949133598575325,15_1534
C=NC(=CN=C[C@@H]1CCCN1C(=O)C1COC(=O)N1)c1ccc(-c2cccc(-c3c[nH]c(C4CCCN4C(=O)C(C)c4ccccc4)n3)n2)cc1,-7.0,2.9416889524946144,15_1535
Cc1cn([C@H]2C[C@H](N=[N+]=[N-])[C@@H](COC(=O)c3ccc(C[n+]4ccccc4)cc3C=O)OO2)c(=O)[nH]c1=O,-7.8,2.96151629207047,15_1536
COC(=O)C1CN(C(=O)CC#N)C[C@H]1c1ccccc1F,-6.5,3.5615023463827367,15_1537
NS(=O)(=O)c1ccc(NC(=S)Nc2c3ccccc3cc3c2ccc2ccccc23)cc1,-7.0,3.2526222819580966,15_1538
Cc1nncn1Cc1cc2n(c1)C=C(C(F)(F)F)N=CN2C1=CCC=N1,-7.0,2.5818873934119875,15_1539
COc1cc2c(cc1OC)[C@@H](O)[C@H]1COC(=O)C1[C@@H]2c1cc(OC)c(O)c(OC)c1,-6.9,3.514886079185473,15_1540
O=C(Nc1cccc(-c2cccc(-c3nc4cc(C(F)(F)F)ccc4[nH]3)c2)c1)c1ccccc1C(F)(F)F,-8.2,3.248946671823277,15_1541
O=C(Nc1nc2ccc(Cl)cc2c2nc(-c3ccccc3Cl)nn12)c1ccc(Cl)cc1,-9.0,3.5408090177331517,15_1542
CN1C(=O)N(c2cccc(C(F)(F)F)c2)C2=C(C(=O)CC2)C1c1ccc(C#N)cc1C(=O)N1Cc2ccncc2C1,-7.5,3.3686591201748888,15_1543
O=C(C=Cc1ccc(NC(=O)c2ccco2)cc1)Nc1ccc(F)cc1,-6.2,3.6890250000978333,15_1544
O=c1[nH]c(-c2ccc(Oc3ccc(F)cc3)c(F)c2F)nc2ccccc12,-7.6,3.681276448569349,15_1545
CCc1oc(-c2ccccc2NC(=O)c2cncs2)nc1CNC(=O)C1=CC=CCC1,-7.8,3.6732934783644637,15_1546
N=C1N=NC(=O)C1Cc1c[nH]c2ccccc12,-6.4,3.54298797585347,15_1547
C=CN(C(=O)NCC12CC3CC(CC(C3)C1)C2)c1ccccc1/C=C/C(=O)N1CCCCCC1,-7.1,2.1349223537307953,15_1548
Cc1c[nH]c(CN2CCN(c3ccccc3)CC2)nc1=O,-6.5,3.709927717666071,15_1549
Cc1ccc(-c2ccc(-c3cc(C(=O)Nc4cccc(-c5cccc(CN)c5)c4)[nH]n3)cc2)cc1,-6.7,3.3339035028862574,15_1550
CCc1ccncnc(=O)n(CCN2CCN(c3ccccc3)CC2)cc1,-6.9,1.5590219533211966,15_1551
Cc1nc(-c2ccc(NC(=O)Nc3ccc(-c4cncnc4)cc3)cc2)cs1,-7.2,3.6740559330522364,15_1552
C=C1C(=O)C(C2CCC2)C(=O)O[C@]12CC(=O)c1c(c3ccccc3n1-c1ccccc1)C2,-7.4,3.2725303914695165,15_1553
CC=C(C=CC=Cc1ccccc1)CCCCC(=O)NCCCCNCCCNC(=O)CCC(=O)NC(Cc1cccc(O)c1)C(=O)O,-5.4,2.9134284028884343,15_1554
Nc1c2c(nc3ccc(C(=O)O)cc13)CCCC2,-6.5,3.583309506041301,15_1555
N=C(N)C=C1C=CC(S(=O)(=O)N=CC2=CC(=Nc3c4ccccc4nc4cccc([N+](=O)[O-])c34)CC2)=C1,-7.3,2.9918613662796796,15_1556
CCCSc1nnc(-c2cccc(NC(=O)c3ccccc3)c2)o1,-6.9,3.7474240699036265,15_1557
O=C(c1ccc(F)cc1)N1CCc2c(NCc3cccnc3)cccc21,-6.6,3.744092086590391,15_1558
CC(C)(O)CNC(=O)NC1CC(Nc2nc(NC3CCC(F)(F)C3)nc(-n3ccc(C(F)(F)F)n3)n2)C1,-8.1,2.921734145464206,15_1559
O=S(=O)(Nc1ccc2c(c1)CCN(Cc1cc[nH]n1)CC2)c1ccc(C(F)(F)F)cc1F,-8.0,2.663103519536177,15_1560
COc1ccc(Cn2ccnc2SCC(=O)Nc2cc(Cl)ccc2OC)cc1,-6.0,3.682313960934868,15_1561
O=C(Nc1cccc(-c2ccnc3cc(-c4cccs4)nn23)c1)c1cccc(C(F)(F)F)c1,-8.0,3.5374589626611384,15_1562
O=S(=O)(Cc1ccccc1)Nc1nccnc1Oc1ccc(Nc2ccccn2)cc1,-6.9,3.5625019561314675,15_1563
O=C(CSc1nc2ccccc2c(=O)n1CCc1ccccn1)NN1C(=O)c2ccccc2C1=O,-7.4,3.3512574605277985,15_1565
O=C(NCCc1ccccc1)c1cccc(-c2cccc([N+](=O)[O-])c2)c1,-7.1,3.638782364725716,15_1566
O=Cc1cnc(Cl)nc1Nc1ccc(Nc2cc3ccccc3s2)cc1,-7.4,3.55500508461407,15_1567
O=C(O)CC/C(=C/c1cccc(-c2cc(=O)c3ccccc3o2)c1)c1ccccc1F,-8.0,3.5523759452072072,15_1568
Cc1ccccc1-c1cc(NC(=O)c2ccccc2[N+](=O)[O-])[nH]n1,-6.9,3.6237495894817617,15_1569
O=[N+]([O-])c1ccc2c(c1)OCCN2c1ccccc1-c1ccccc1,-7.2,3.615245078539501,15_1570
C[S+]([O-])c1ccc(-c2cccc(-c3cccc(-c4nc5cc(F)ccc5[nH]4)c3)c2)cc1,-8.0,3.306786494229392,15_1571
O=S(=O)(Cc1ccccc1)N1CCN(c2nc3ccccc3c3nc(-c4ccc(Cl)cc4Cl)nn23)CC1,-8.5,3.41332785346529,15_1572
COC=C1CC=Nc2nc(-c3ccc4c(c3)OCCO4)oc(=O)c21,-7.9,3.5341324124929585,15_1573
Cn1nc(-c2ccccc2)cc1NC(=O)c1ccccc1Sc1ccc2c(C=Cc3ccccn3)[nH]nc2c1,-9.0,3.284395869838386,15_1574
O=C(O)Cc1csc(-c2cccc3[nH]ccc23)n1,-6.1,3.6453903860660035,15_1575
O=C1c2ccccc2C(=O)N1Cc1nnc(-c2ccc3c(ccc4ccccc43)c2)o1,-8.6,3.4245102119013757,15_1576
Cc1nn(-c2ccc(N=C=S)cc2)c2c1[C@@H](c1ccc3ccccc3c1)CC(=O)N2,-7.9,3.553013841509575,15_1577
O=C1CCSc2ccc(S(=O)(=O)NCc3ccc(Cl)cc3)cc2N1,-6.5,2.768556064534864,15_1578
O=C1Nc2ccccc2C(c2ccccc2F)=NC1Cc1ccccc1,-7.4,2.6608551524710284,15_1579
Brc1ccc(-c2ccc(C3=NOC(c4ccccc4-c4ccccc4)N3c3ccccc3)cc2)cc1,-6.9,3.107928049784157,15_1580
O=C(NS(=O)(=O)N1CCC1)c1cc(C2CC2)c(OCC2C3CCC2C3)cc1F,-6.1,3.3263600123207424,15_1581
Nc1ccccc1NC(=O)c1ccc(NC(=O)Nc2c(F)cccc2F)cc1,-7.1,3.518155344684292,15_1582
O=C(Nc1cccc(C(=O)N2CCOCC2)c1)c1ccccc1F,-7.7,3.7739962438613137,15_1583
O=[PH](ON1CCOCC1N(c1ccccc1)c1ccccc1-c1ccccc1)N(CCCl)CCCl,-5.7,3.381174207649349,15_1584
O=C1c2cccnc2C(=O)c2c1c(C(=O)OCCCN1CCCCC1)c1ccc(Br)cn21,-6.6,3.5012219892401757,15_1585
O=C(Nc1ccc([N+](=O)[O-])cc1)C1SCC(=O)N1c1cccc(Cl)c1,-7.2,3.641684372802984,15_1586
CC(=N)C(C(N)=O)C(c1ccc(Cl)cc1Cl)c1c(C)nn(-c2ccccc2)c1Cl,-7.3,3.656287480203561,15_1587
C=CCn1c(=O)[nH]c(O)c(C(C)=NCc2ccc(-c3ccc4ccccc4c3)o2)c1=O,-7.5,3.539235424888452,15_1588
C=C1OP(=O)(O)OC(CC(NC(=O)[CH]C2[CH]C3CC=NN3C(C)=C2C(=O)N2CCCCC2)C(=O)O)=CC=CNC(=O)C=Cc2ccccc21,-8.7,1.2286944226327323,15_1589
Cc1cn([C@H]2C[C@H](N=[N+]=[N-])[C@@H](COP(=O)(Nc3cccnc3)Oc3ccccc3)O2)c(=O)[nH]c1=O,-7.5,3.0607266946777196,15_1590
COc1ccc(C(=O)N2c3ccccc3Oc3cc(Cl)ccc32)cc1OCc1ccccc1,-8.5,3.524694542208019,15_1591
Cc1ccc(C2=CC(=O)c3ccc(C(=O)N4CCOCC4)cc3NCC(C(N)=O)=CC2)cc1C,-8.9,1.4593685046325007,15_1592
COc1ccccc1C1=CC=C(c2nc3ccc(F)cc3c(NCc3ccccc3C(F)(F)F)c2CN)OC=C1,-7.8,2.4322875022176067,15_1593
O=C(CC1CCCO1)NCC1CCCN(C(=O)Nc2ccc(F)cc2F)C1,-6.7,3.5369876551886987,15_1594
CC=C1C[CH][C@@H](CCc2cccc(F)c2F)CCC(=O)C[C]1C,-6.1,1.1645899216406543,15_1595
Cc1cc(C(=O)N2CC[C@@H](c3nnc(-c4cccc(F)c4C)o3)C2)ccc1-c1ccc(N)nc1,-7.7,3.6637652358086488,15_1596
O=C(Nc1ccccc1Cc1ccccc1)c1ccc([N+](=O)[O-])cc1,-7.1,3.6569012722825853,15_1597
C[C@@H](O)C1C(=O)N2C(C(=O)O)=C(S[C@@H]3CN[C@H](c4ccc(CN)cc4)C3)[C@H](C)[C@H]12,-6.3,3.1757247504818187,15_1598
C=Cc1ccccc1N=C1/C(=C/C2=CC=COC2)CCC1C=C(C#N)c1nc2ccccc2[nH]1,-7.9,3.506772885321108,15_1599
CC(=O)NC1CCN(Cc2cn3cc(-c4ccc(F)cc4)ccc3n2)CC1,-6.8,3.774682077841041,15_1600
Nc1ccc(C(=O)Nc2cccc(-c3cncc4ccccc34)c2)cc1,-8.1,3.5713597683290037,15_1601
CC=CC(=NC(F)NCc1cccc(Nc2ccnc3cc(Cl)ccc23)c1)c1ccco1,-7.6,3.4606627866498068,15_1602
O=C(Nc1cccc(C(=O)Nc2cccc3ccccc23)c1)c1ccccc1,-7.7,3.561910496580187,15_1603
CC(C)c1ccccc1N(C(=O)c1ccccc1)[C@H](C)c1cccc2ccccc12,-5.4,3.2503966709454426,15_1604
C=Cc1[nH]nc(C)c1S(=O)(=O)N(CC(=O)Nc1cc(C)ccc1C)C1C=CC=COC1,-7.3,2.714279907651843,15_1605
CC1=CC(c2nn(C(C)C)c3ncnc(N)c23)CC=C1,-6.2,3.7433074846246903,15_1606
Cc1ccc(S(=O)(=O)NCC(=O)N(CC(=O)NCC2CCCO2)c2ccc(C)cc2C)cc1,-7.5,3.6334372920675535,15_1607
O=C(Nc1cc(-c2nc3cc(F)ccc3o2)ccc1Cl)c1ccccc1O,-7.0,3.6533077492605086,15_1608
Cn1cnc(-c2cnc(N)c(-c3ccc(C(=O)N[C@H](CO)c4cccc(Cl)c4)c(F)c3)c2)c1,-7.5,3.5621196855632586,15_1609
CCCc1c(OCCCCOc2c(Cl)cc(C(F)(F)F)cc2Cl)ccc(C(=O)OC)c1O,-5.4,3.5039223056630133,15_1610
N#Cc1cccc(C2=NN3Cc4cccc(nc(N=N)nc(CCC=NCCCC(=O)O)c4)N=C3C=C2)c1,-7.5,0.9301661363086824,15_1611
N#Cc1ccc2[nH]c(-c3cccc(OC(=O)NCCC4CNC(=O)C(C#N)C4)c3)nc2c1,-7.1,3.5794132287774176,15_1612
COc1ccc(-n2c(=O)[nH]c3cc(C(=O)NCc4ccc(F)cc4)sc32)cc1,-6.9,3.693017678094481,15_1613
CN(Cc1cccc(F)c1)C(=O)c1ccccc1CC(=O)Nc1ccc(F)c(F)c1,-6.8,3.689376905215661,15_1614
Cc1ccc(-c2ccc3ccccc3c2OC(=O)c2ccccc2)nc1,-7.1,3.4238930409607278,15_1615
NC(=O)c1cnc2[nH]ccc2c1NC1CCN(Cc2ccccc2)CC1,-6.9,3.6857291698052608,15_1616
COc1cc(C)ccc1S(=O)(=O)N1CCN(c2ccc(-c3nc4cc(C(N)=O)ccc4[nH]3)cc2)CC1,-6.7,3.561161505737554,15_1617
CN1CCC(Oc2ccc(-c3cccc(-c4ccccc4OC(F)(F)F)c3)cc2)C1,-6.9,3.582137398158097,15_1618
COc1ccc(-c2nc(-c3ccc4ccccc4c3)cnc2C(N)=O)cc1,-7.2,3.712856088630718,15_1619
CCCCCCCCCCCCn1cc(-c2ccc(C)cc2C)nc1-c1ccc(Cl)cc1,-6.1,3.0336516063343995,15_1620
CCN(C(=O)Nc1ccc(OCc2ccccc2)cc1)c1ncnc2ccccc12,-6.9,3.6911938704671554,15_1621
Cc1c(C(=O)Nc2cccc(F)c2)cccc1S(=O)(=O)Nc1c(C)n(C)n(-c2ccccc2)c1=O,-7.7,3.6073453684659507,15_1622
COc1ccc2c(c1)c(C1=C(c3c[nH]c4ccccc34)C(=O)NC1=O)cn2Cc1cccc(F)c1,-7.7,3.4676880270352903,15_1623
Cc1ccc(C(=O)NCc2nnc(-c3cccs3)o2)cn1,-6.6,3.7462777047678353,15_1624
Cc1nnc2n1CCN(Cc1nc(-c3ccccc3)cs1)C2,-7.2,3.7010608511722345,15_1625
CCn1c(C(=O)NCc2cccc(C(C)=O)c2)cc2cc(NC(=O)c3ccco3)ccc21,-6.5,3.585323951659668,15_1626
O=C(CN(c1cccc(F)c1)c1cccc(NS(=O)(=O)c2ccc(Cl)cc2)c1)Nc1nc2ccccc2s1,-8.2,3.2556154180466272,15_1627
CN1CCN(c2cc(C=NNc3ccc(-c4ccccc4C#N)c(F)c3)[nH]n2)CC1,-7.1,3.642668729573937,15_1628
NC1C[C@@]1(NC1=CC=CC1)c1ccc2c(c1)OCO2,-6.1,3.379232822463896,15_1630
O=C(NC1Cc2ccccc2N(Cc2c[nH]cn2)C1=O)c1ccccc1Br,-7.3,3.712419454323667,15_1631
C[C@@H]1CNc2c(ncnc2-c2ccc3c(=O)c(C(=O)O)cn(C(C)(C)C)c3c2)O1,-7.8,3.673109545407639,15_1632
O=C(CCNC(=O)C(Cc1c[nH]c2ccccc12)NC(=O)CCc1ccccc1)NC(=O)c1ccccc1,-6.6,3.324561040500571,15_1633
Cc1cccc(NC(=O)Nc2cccc(-c3ccc(N4CCCCCC4)nn3)c2)c1,-7.5,2.747761306283989,15_1634
O=C(NN=C(c1ccccc1)c1ccccc1)Nc1cccc2ccccc12,-8.0,3.4493303102795156,15_1635
C[SH](=O)(Nc1ccc(C(=O)N2CCC(O)(c3cccc(F)c3)CC2)cc1)c1cccc2cccnc12,-7.1,3.492767416229591,15_1636
Cc1cccc(NC(=O)Nc2nnc(SCC(=O)Nc3cccc(Cl)c3C)s2)c1,-6.7,3.4808948851240205,15_1637
COc1ccccc1CNC(=O)C(c1ccccc1)N1CCN(c2ncnc3cc4c(cc23)OCCO4)CC1,-8.4,3.4716410914354645,15_1638
O=C(NCCc1ccccc1)N1CCN(c2ccccc2)CC1,-6.6,3.666004399867332,15_1639
O=C(NC(Cc1ccc(OCc2ccccc2)cc1)C(=O)O)c1cc2cc(-c3ccc(Cl)cc3)ccc2o1,-7.1,3.3518167120234246,15_1640
O=C1N(c2ccccc2)C(=O)C(c2ccccc2)(c2ccccc2)N1c1ccc(N2CCOCC2)cc1,-7.2,3.417446319479054,15_1641
Oc1ccc2ccccc2c1C=Nc1nnc(-c2ccc(F)cc2)s1,-7.2,3.681045736235686,15_1642
Cc1cc(-c2[nH]nc3ccc(C(=O)NC45CC6CC(CC(C6)C4)C5)cc23)ccc1C(=O)NC1CC1,-7.8,3.2039563585915483,15_1643
Nc1ncc(-c2cc(N3C[C@@H]4C[C@H]3CO4)nc(N3C4CCC3COC4)n2)cc1OC(F)F,-7.5,3.2688628288731207,15_1644
C=Cc1cc(C(=O)O)ccc1N(Cc1ccc(-c2cccc(C(=O)NC(C)c3ccccc3)c2)cc1)C(=O)C=CC(=O)C(CC=COC)C(=O)O,-7.0,2.8332391069271616,15_1645
CCC(CCC(=O)c1ccc2c(c1)N(Cc1ccccc1F)C(=O)c1ccccc1[S+]2[O-])Oc1ccc(C(F)(F)F)cc1,-8.1,2.1744447065779315,15_1646
O=C(c1ccoc1)N1CCc2nc(NCc3cccc(Oc4ccccc4)c3)ncc2C1,-7.5,3.679361598294344,15_1647
COC1=CC(=Nc2nc3ccccc3nc2Nc2cccc(C(=O)NCCc3ccccc3)c2C)CC1,-8.4,3.516504915907495,15_1648
O=C(O)Cc1ccccc1OS(=O)(=O)c1ccc(Cl)cc1,-6.3,3.7189552217326427,15_1649
Cc1ccccc1C(c1ccccc1)C(N)C(=O)N1CCCC1C(=O)NCC1C=CC(N=C(N)N)C(=O)C1,-7.5,3.0826788690309073,15_1650
Cn1cc(C2Cc3cccnc3[C@H]2NS(=O)(=O)c2cc(Cl)c(Cl)cc2Cl)c2ncccc21,-8.3,3.5934209769291305,15_1651
O=C(NCCCCN1CCN2c3ccccc3CCC2C1)c1ccc2ccccc2c1,-7.2,3.5064136125492134,15_1652
Oc1cccc(-c2cc(-c3cccnc3)c3c(n2)-c2ccccc2CC3)c1,-8.1,3.5349926719151754,15_1653
CN(Cc1ccc(-c2nccnc2NS(=O)(=O)c2ccccc2F)cc1)c1ccccc1,-7.6,3.68226657097905,15_1654
O=C1c2ccccc2C(=O)N1CCOC(=S)Nc1ccc(Cl)cc1,-6.4,3.6744769799861086,15_1655
O=C(c1ccc(S(=O)(=O)Nc2ccc(O)cc2)cc1)N1CCN(c2ccc(F)cc2)CC1,-7.4,3.6718418206805836,15_1656
COc1cccc(-c2nn(Cc3ccc(C)cc3)cc2CNC=O)c1,-7.3,3.727806057712395,15_1657
O[C@H]1OC[C@H](n2cnc3c(NCCc4ccc5c(c4)OCO5)ncnc32)O[C@@H]1F,-7.4,3.3855726895191522,15_1658
CCc1nn(Cc2ccc(-c3ccccc3-c3nn[nH]n3)cc2)/c(=N/C(=O)c2ccccc2Cl)s1,-7.4,3.503035063115796,15_1659
Cc1ccc(NC(=O)CSc2ccc(-c3ccccn3)nn2)cc1,-6.4,3.7595988105051803,15_1660
CNCC=C1C=CC([C@@H](CC(=O)O)NC(=O)CNC(=O)c2cc(N)cc(Nc3ncc(F)cn3)c2)=C1,-7.0,3.100058541523056,15_1661
Cc1cc2c(Cl)c(C(=O)NCC(C)c3ccc(C(=O)NS(C)(=O)=O)cc3CCl)sc2nc1C,-7.0,3.5938317397150996,15_1662
Nc1nc(-c2nccn2-c2cccc(Oc3ccccc3)c2)cs1,-6.2,3.737601658925825,15_1663
Cc1ccc2c(c1)C(=O)C(=O)N2Cc1ccccc1,-5.8,3.4805878746815253,15_1664
CN1C(=O)NC(=O)/C(=C\c2ccc(-c3ccc(F)cc3)o2)C1=O,-7.2,3.629823981772479,15_1665
O=C(NCc1ccccc1)c1ccc(-n2c(O)c3c(c2O)[C@H]2C=C[C@@H]3C2)cc1C(F)(F)F,-8.0,3.5297033347495406,15_1666
COc1ccccc1-c1cccc([C@@H]2C[C@H]2NCC(=O)Nc2cccc(O)c2)c1,-6.7,3.6409851078487163,15_1667
CC[C@@H](c1ccccn1)N(C)C(=O)c1cc(C2Oc3ccccc3C(=O)N2CC(C)C)on1,-6.9,3.688832308527972,15_1668
CC(C)c1ccc(OCCC(=O)NNC(=S)Nc2ccccc2)cc1,-5.4,3.5788699939355664,15_1669
Cn1cncc1C(OCc1c(-c2cccc(Br)c2)cc(C#N)c(=O)n1C)c1ccc(C#N)cc1,-6.7,3.563691740296025,15_1670
NC(=S)Nc1cccc(OCCCCCOc2ccc(NC(=O)c3cccc(-c4cccs4)n3)cc2)c1,-6.4,3.2312157446277094,15_1671
Cc1ccc(-c2nc(Cn3cc(-c4ccc(Cl)cc4C)nn3)no2)cc1,-8.0,3.676701758064626,15_1672
O=C(O)CC(=O)Nc1cccc(-c2n[nH]c([C@H]3CCCCN3C(=O)COc3ccccc3)n2)c1,-7.2,3.46777428039153,15_1673
CCOC(=O)N1CCN(C(=O)c2cccc(S(=O)(=O)N3CCc4ccccc43)c2)CC1,-7.2,3.620291653771948,15_1674
O=C1C(=O)N(C2COC2)C(c2ccc(Cl)cc2)C1C(=O)c1cc2ccccc2oc1=O,-7.6,3.322026316211292,15_1675
NS(=O)(=O)C=C1C=CC(C(=O)NC(c2ccc(S(=O)(=O)O)cc2)c2cccc3ccccc23)=C1,-8.4,3.481114773352317,15_1676
O=c1cc(-n2cc(COc3ccccc3)nn2)c2ccccc2o1,-7.1,3.6340519941882867,15_1677
C=C1C(C(=O)c2cccc(C)n2)=CN=C2C=CC(c3ccccc3)=NN12,-7.8,3.5848236570679464,15_1678
Brc1ccc(Oc2ccc(Nc3ncnc4cc5c(cc34)=CC3CN=C3C=CC=5)cc2)cc1,-7.8,1.7108029893459906,15_1679
Cc1ccccc1C1CCN(C2CCC(NC(=O)/C=C/c3cccc4ccccc34)CC2)CC1,-6.7,3.346495373706594,15_1680
O=C(Nc1c(F)cccc1F)c1ccc(Nc2ccc3c(n2)CCNC3=O)cc1,-8.2,3.672653074099318,15_1681
O=C(/C=C\n1cnc(-c2ccc(Cl)cc2)n1)OCc1c(Cl)cccc1Cl,-6.5,3.610068733990721,15_1682
O=C(Nc1ccc(C(=O)N2CCC3(CCNCC3)C2)cc1)N1Cc2ccccc2C1,-7.8,3.484924435208999,15_1683
CN1CCCC(CNC(=O)Nc2cc3[nH]nc(C#N)c3cn2)C1,-6.5,3.5502858753591027,15_1684
COc1ccc2nc(Nc3nc(O)c(CC(=O)O)s3)ncc2c1,-6.5,3.514470147128375,15_1685
O=C(Cc1c(F)cccc1Cl)Nc1cccnc1-n1cccn1,-6.5,3.786660359840411,15_1686
O=C(NCc1nnc2n1CCCCC2)c1cccc(F)c1F,-7.1,2.781771072780065,15_1687
O=C1C(=Cc2ncc[nH]2)CCc2ccc(-c3cc4ccccc4o3)cc21,-7.7,3.5490643424282364,15_1688
CC(=O)OC[C@]12CC[C@@H]3[C@@H](CC[C@H]4CC(=O)CC[C@@]43C)[C@@H]1CC[C@H]2C(C)(C)O,-6.5,3.130734280446788,15_1689
Cc1nc(-c2ccc([N+](=O)[O-])cc2Cl)n(CCC#N)c1-c1ccccc1,-5.9,3.6249802954605492,15_1690
Cc1cccc(C(C)(C)C)c1NC(=O)c1cccc(S(=O)(=O)N2CCCC2)c1,-6.8,3.763863680466706,15_1691
CCCc1cc(=O)[nH]c(SCc2nc(-c3ccc(Cl)cc3OC)no2)n1,-6.5,3.586356833107873,15_1692
Cc1nc(-c2cnc3ccc(Sc4nnc5ccc(-c6cnn(C)c6)cn45)cc3c2)no1,-7.5,3.3874146949457784,15_1693
COc1ccc(Nc2nnc(-c3cccnc3-c3cccc(C(F)(F)F)c3)o2)cc1,-7.6,3.6556397405923273,15_1694
CNC=C(CC1=CC=NN=C(S2=CCc3cncc(Nc4cccc(C(=O)NCCN5CCCC5)c4)c32)NCC1)OC=CC(=O)NCCN1CCOCC1,-6.4,0.13859408761445202,15_1695
Cn1cc(C(=O)O)c(=O)c2cccc(-c3ncccn3)c21,-6.0,3.6983148351223347,15_1696
Cc1cccn2c(=O)c3cc(C(=O)Nc4ccc(Cl)cc4)c(=N)n(CCN4CCOCC4)c3nc12,-7.3,3.493740691497328,15_1697
CC(C(=O)Nc1ccc(C(F)(F)F)cc1)C(c1cccc(F)n1)c1c[nH]c2cc(Cl)ccc12,-8.0,3.4322826214737168,15_1698
COc1cc(/C=C/c2nc3cc(F)ccc3s2)cc(OC)c1OC,-5.6,3.735167395558655,15_1699
CNC(=O)c1cc(Oc2cccc(Nc3nccc(-c4ccccn4)n3)c2)ccn1,-7.6,3.632911640465691,15_1700
COc1cccc(-n2cc(-c3cccs3)c3c(N)ncnc32)c1,-6.9,3.690299359754903,15_1701
N=C=CC=CC=CN=C(C=N)CC=CCC(=O)Nc1ccccc1,-5.9,3.3649822608162063,15_1702
CCCN(CC(=O)Nc1ccccc1C(=O)Nc1ccc(Cl)cn1)c1ccccc1C,-6.5,3.6880839933243226,15_1703
CC1(c2cccc3ccccc23)N=C(N)N(CC(=O)c2ccc(F)cc2)C1=O,-7.2,3.7277435569717143,15_1704
O=Cc1sc2c(ccc3c(C(=O)c4ccccc4)cccc32)c1O,-6.9,3.593034384061724,15_1705
COC(=O)c1c(-c2ccc(Nc3ccc4c(c3)OCO4)cc2)c2ccc(OCc3ccccc3F)cc2n1-c1ccccc1,-7.6,3.1807373792399107,15_1706
CCCS(=O)(=O)Nc1cccc(-c2cc3c(N[C@H](C)c4ccccc4)ncnc3[nH]2)c1,-7.2,3.534436619145992,15_1707
COc1ccc(C(=O)CC(O)C(=O)Nc2c(Cl)ccc(Cl)c2Cl)cc1,-6.5,3.6509920726414213,15_1708
COc1ccc(C2=NNC3(S2)C(=O)Nc2ccc(Br)cc23)cc1OC,-7.8,3.646695787556194,15_1709
O=c1[nH]c(=O)n(-c2ccccc2F)c(O)c1C=NCc1cccc(F)c1,-7.3,3.675225346492616,15_1710
COC=C1C=C(N(CCCN)c2ccc3ncc(-c4ccc(N5CCN(C)CC5)cc4)nc3c2)C=C1OC,-6.4,3.436156055173546,15_1711
O=C(c1ccc(Cl)c(S(=O)(=O)N2CCCCC2)c1)N1CCN(S(=O)(=O)c2cccs2)CC1,-6.7,3.52234874130795,15_1712
CNC(=O)c1cccc(Nc2nc3cc(C(=O)O)ccc3c3sccc23)c1,-8.2,3.5890094285482252,15_1713
O=S(=O)(O)c1ccc2oc(-c3ccccc3)nc2c1,-6.9,3.6608307911554965,15_1714
O=C(NCc1n[nH]c(=S)n1-c1ccc(F)cc1)Nc1ccc2c(c1)OCO2,-7.1,3.5594445318544143,15_1715
CC=C1C=CC(NCc2cccn2-c2ncc(N3CCC(C(=O)Nc4ccccc4)CC3)nn2)=C1,-8.2,3.5633243322240866,15_1716
COC(=O)c1cc(-c2ccc(F)cc2F)c2cc3ccccc3cc2[n+]1[O-],-8.0,3.3155463260453715,15_1717
C=C1C(=O)Oc2cc(-c3cccc([N+](=O)[O-])c3)cc(O)c21,-7.3,3.320518244122599,15_1718
NCCC(N)C(=O)NC(C#Cc1ccc(O)cc1)CO,-6.2,3.195070444312408,15_1719
CC1CC2Cc3ccccc3C(C3=NC(=CC(=O)NCc4cccc(F)c4F)S3)CC(C1)C2,-7.7,1.5411639241989947,15_1720
C=C[C@@]1(C)CCC2=C1CC(=O)C1=C[C@@]3(C)CCC(C(C)C)=CC3C(=O)C[C@]12C,-6.6,1.939675865843939,15_1721
C[C@]12CC[C@H](OC(=O)c3ccccc3Br)CC1=CC[C@@H]1[C@@H]2CC[C@]2(C)C(n3cnc4ccccc43)=C(C=O)C[C@@H]12,-7.0,2.9342554525237485,15_1722
CC1(C)COc2ccc(C3C=CC4=CCN(c5ccc(OCCN6CCOCC6)cc5)C4=C3)cc21,-7.3,3.297307227504481,15_1723
NC(Cc1ccccc1)C(=O)NC1CCC(=O)N(CC(=O)N2CCc3ccccc32)C1=O,-8.0,3.5227335938549014,15_1724
COC1=CC=C(C2=CC(c3ccc(C)cc3)NC(c3ccc(OC)cc3)=C2C)NC=C1,-7.9,2.575705913628547,15_1725
Nc1ccc(C(=O)NC2C(=O)OC[C@H]2Cc2ccccc2Oc2cc(Cl)ccc2Cl)cc1,-7.5,3.594911988498366,15_1726
COCCn1c(SCc2ccc(OC)cc2)nc2ccccc2c1=O,-6.5,3.621999797499897,15_1727
COc1cccc(S2=CNS(=O)(=O)C(C(=O)CS(=O)(=O)c3ccc(OC)c(-n4c(C)ccc4C)c3)C2=O)c1,-6.8,3.314121092551691,15_1728
Cc1cccc2c(N3CCN(c4ccccc4)CC3)nc(-c3cnccn3)nc12,-7.1,3.6545041551540574,15_1729
CN(C)S(=O)(=O)N(Cc1ccccc1)c1ccc(C(O)(C(F)(F)F)C(F)(F)F)cc1,-6.3,3.641229052936027,15_1730
O[C@H]1c2ccc(-c3cccnc3F)cc2OC[C@H]1Cc1ccccc1,-7.6,3.6565708226501794,15_1731
COc1ccc(Oc2ccc(C(F)(F)F)cc2C(=O)NCc2ccccc2Cl)cc1Cl,-7.2,3.6342032569513565,15_1732
COn1c(NC(C)c2ccc(C(F)(F)F)cc2)nc2c(c1=O)CN(C(=O)c1ccc3c(c1)CCC(=O)N3)CC2,-8.1,3.513323642592715,15_1733
Oc1ccc(-c2cncc(-c3cc4ccccc4o3)c2)cc1,-8.0,3.581619814913279,15_1734
O=C(CSc1nc2ccccc2[nH]1)N1N=C(c2ccc3ccccc3c2)CC1c1cccs1,-7.4,3.4586569691692404,15_1735
CCc1cccc(NC(=O)c2cccc(-n3c(O)c4c(c3O)C3C=CC4C3)c2)c1,-7.3,3.5147912463238233,15_1736
C=COC(=CC=C1C=CC(C)(C)OC(=COC(C)=O)C1)C(=O)c1ccc2c(c1)Cc1ccccc1C2=O,-7.5,2.2345308181245125,15_1737
C[C@@H]1CC(O)CC[C@H]1NC(=O)c1cccc(N2C(=O)c3ccccc3C2=O)c1,-7.4,3.602623772640074,15_1738
CC(=O)NNC(=O)c1ccc(N(C(=O)c2ccc(C)cc2)c2ccc3c(C)cc(=O)[nH]c3c2)cc1,-8.2,3.505410699762894,15_1739
OC1c2ccccc2C2=NCCN2C1Cc1ccc(Cl)cc1,-6.7,3.5918806933703316,15_1740
O=C(O)C=CC=C(CO)N(Cc1ccc(C2CCCCC2)cc1)C(=O)CN(Cc1ccccc1F)S(=O)(=O)c1c(F)c(F)c(F)c(F)c1F,-7.7,2.8346425363724084,15_1741
COc1ccccc1-c1ccc(-c2cccc(-c3nc(C)c(-c4cccc(Oc5ccccc5)c4)o3)c2)cc1,-7.8,3.149096983953652,15_1742
O=C(COC(=O)c1ccc2ccccc2n1)Nc1ccccc1OC(F)F,-6.8,3.718182239141404,15_1744
CC(=NC[S+]([O-])Cc1ccccc1C)c1c(O)n(C)c(=O)n(C)c1=O,-5.8,3.584551298426673,15_1745
O=[N+]([O-])c1cccc(-c2ccc(S(=O)(=O)NCC(c3ccco3)N3CCOCC3)cc2)c1,-7.0,3.5492808544395,15_1746
O=C1Nc2ccccc2/C1=C\c1ccc(-c2ccc(NC(=O)c3ccc(F)cc3)cc2)o1,-7.1,3.5563232635395066,15_1747
N#Cc1ccc(-c2ccc(C(=O)N(Cc3ccc(-c4ccccc4)cc3)c3ccc(-c4ccccc4)cc3)cc2)cc1,-8.4,2.939084607024654,15_1748
CC=C1C=CC(CCc2cnn(S(=O)(=O)c3ccc(F)cc3)c(=O)n2)=C1,-6.9,3.715720105098555,15_1749
O=C(COc1ccc(Oc2ccc(C(F)(F)F)cn2)cc1Cl)Nc1ccnc2ccccc12,-7.3,3.6264894621626063,15_1750
O=C1N=c2cc(Cl)c(Cl)cc2=C1c1[nH]c2ccccc2c1NOCCN1CCNCC1,-7.7,3.4346042791511406,15_1751
N#Cc1nc(COc2ccc(Cl)cc2)oc1N1CCN(c2ccccc2F)CC1,-6.8,3.721418870548856,15_1752
Cc1nnc(CNc2ccc(F)cc2-n2cccn2)o1,-6.9,3.698374585234313,15_1753
COc1ccc(C(=O)/C=C/c2cn(-c3ccccc3)nc2-c2cc3ccccc3oc2=O)c(OC)c1,-8.7,3.238513814086553,15_1754
CC=C(Oc1ccccc1)C(=O)Nc1cccc(C(=O)c2cc3cc(CN4CCSCC4)ccc3[nH]2)c1,-7.4,3.3485481042856238,15_1755
O=C1CCc2cc(-c3cccc(CN4CCC[C@@H]4CO)c3)cc3c2N1CC3,-7.8,3.4923853608305135,15_1756
N=C(Cc1cnn2c(NC3CC3)nc(Nc3ccccc3)nc12)C(=O)NC=O,-7.7,3.2102902478211717,15_1757
Cc1ncsc1CNc1ccc(C(=O)NC2CCc3nccn3C2)cn1,-6.4,3.699189884938499,15_1758
O=C(Nc1ccc(-c2nccc(N=CCc3ccc(F)cc3F)n2)cc1)c1c(-c2ccc(-c3ccccc3)s2)[nH]c2ccccc2c1=O,-7.2,2.999734427870912,15_1759
O=C(/C=C/c1cccc(F)c1)c1ccc(-c2ccc(/C(=C\c3cccc([N+](=O)[O-])c3)c3ccccc3)cc2)cc1,-7.3,2.798745515645342,15_1760
CCCc1nc(-c2ccc(-c3ccccc3CCC(=O)NCCc3ccc(-c4ccccc4)cc3)cc2)no1,-6.5,3.3099807308103735,15_1761
O=C(Nc1ccc([N+](=O)[O-])cc1)Nc1cccc(-c2nnc3n2CCCCC3)c1,-7.8,2.6167301510446395,15_1762
N#Cc1cccc(Nc2nccc(Nc3ccc(-c4ccc(O)cc4)cc3)n2)c1,-8.1,3.568922988865521,15_1763
Nc1cc2nc(n1)O[C@H]1[C@H](O)[C@@H](CO)O[C@H]21,-5.7,3.0262384230662596,15_1764
Cn1cccc1C(=O)NCCc1ccc(S(N)(=O)=O)cc1,-6.2,3.66904412664642,15_1765
Cc1ccc2nc(SCC(=O)Nc3ccc4c(c3)CCC4)n(Cc3ccc(Cl)cc3Cl)c(=O)c2c1,-7.9,3.4885646324793385,15_1766
c1ccc(-c2ccc(-c3nnc4n3-c3cccnc3Nc3ccccc3-4)cc2)cc1,-8.9,2.556959328418733,15_1767
O=C(NCc1ccccc1)c1ccc2nc(-c3ccco3)c(-c3ccco3)nc2c1,-7.8,3.596605685965355,15_1768
Nc1c(Cl)cccc1CNC[C@H]1CN(Cc2ccc3[nH]ccc3c2)C[C@@H]1OCCC=CC=CF,-6.8,3.334043807049462,15_1769
O=C(Nc1cccc(C(F)(F)F)c1)c1cccc(NS(=O)(=O)c2cccnc2)c1O,-7.2,3.547806425970652,15_1770
O=C(Cc1ccccc1)Nc1ccc(CCCCc2nnc(NC(=O)Cc3cccc4c3OCO4)s2)nn1,-6.3,3.2755174856990363,15_1771
O=C(NCc1ccccc1)C1CCC2=Nc3ccccc3CN21,-7.1,3.624398088235056,15_1772
Cc1ccc(S(=O)(=O)Nc2cnc3[nH]cc(CCN(C)C)c3c2)cc1,-6.6,3.753090482894765,15_1773
N=C(NCC(=O)O)N1CCc2c([nH]c3ccccc23)C1c1ccccc1,-7.7,3.4171418357438332,15_1774
COc1cc2nccc(Oc3ccc(NC(=O)Nc4ccc(Cl)c(C(F)(F)F)c4)cc3)c2cc1OC,-7.7,3.5155307213375337,15_1775
C=C(C=CC=CC1=CCC=CC=C1F)C(=O)N1C=CC=CC(C(CC(=O)O)c2ncc[nH]2)=C1,-6.9,2.4139958919660094,15_1776
COc1ccc(-c2nn(-c3ccccc3)cc2-c2cc(OC)c(OC)c(OC)c2)cc1,-6.7,3.60101692673633,15_1777
Cc1cccc(NC(=O)c2cccc(-n3cc(NC(=O)Nc4ccccc4Cl)cn3)c2)c1,-7.7,3.5729139682271644,15_1778
NC(=O)c1ccccc1N=Cc1ccc(C=NNc2nc(-c3ccc4ccccc4c3)cs2)cc1,-7.4,3.3370657024002246,15_1779
O=c1cc(-c2ccccc2F)oc2c(CN3CCOCC3)cccc12,-7.4,3.712159271702524,15_1780
O=C1O[C@@H]2CN(c3ccncc3)C[C@@H]2N1CCCNc1ccnc2cc(Cl)ccc12,-6.9,3.642053241334702,15_1781
O=C(Nc1ccc(F)cc1)Nc1ccccc1Cl,-5.8,3.5114558037384667,15_1782
C[C@@H]1[C@H](c2ccccc2)[C@]1(NS(=O)(=O)N1CCn2c(nc3cc(F)ccc32)C1)C(=O)O,-6.8,3.605824300728254,15_1783
O=c1c(C(c2ccc(-c3ccc(Cl)cc3)cc2)c2c(O)oc3ccccc3c2=O)c(O)oc2ccccc12,-9.2,3.3117224809300474,15_1784
C=CC=C1C=COC(CN2C=NC(=Nc3cc(OC)c(C)cc3C=O)C(c3ccccc3)OC=NC2)=C1,-6.9,1.2726607037522601,15_1785
COc1ccc(-c2cc3ccccc3n2CC(O)CNCCc2ccccc2)cc1,-5.8,3.517083801732165,15_1786
CC=CC=CC=NC(=NN=Cc1ccccn1)SCC(=O)Nc1cccc(S(=O)(=O)Nc2cc(C)on2)c1,-7.1,3.0450642425328147,15_1787
O=c1cc(N2CCCCC2)oc2c(-c3cc(-c4ccccc4)cs3)cccc12,-7.9,3.5363781171298845,15_1788
COC1=CC=C(/C=C2\CCC(c3ccc(S(C)(=O)=O)cc3)=C2SCC(=O)Nc2ccccc2C)C1,-6.5,3.548624241786568,15_1789
Nc1nccn2c1c(-c1ccc3ccc(-c4ccccc4)nc3c1F)nc2[C@H]1C[C@H](NS(=O)(=O)C2CCC2)C1,-7.2,3.30264347384689,15_1790
COc1cc2cc(CO)c(CO)c(-c3ccnc(-n4nc(-c5cccnc5)c5ccccc5c4=O)c3)c2cc1OC,-8.7,3.2998842991584194,15_1791
O=C(N[C@@H]1CC[C@@]2(O)[C@H]3Cc4ccc(O)c5c4[C@@]2(CCN3CC2CC2)[C@H]1O5)c1cc2ccc(-c3ccc(N4CCCNCC4)cc3)cc2o1,-5.4,1.883197919014247,15_1792
CNc1nc(NCc2cccc(F)c2)nc(-c2cccc(NS(=O)(=O)c3ccc(C)cc3)c2)n1,-8.0,3.4696310296361714,15_1793
Cc1ccc2nc(NC(=O)N(Cc3ccccc3)c3cccc(Cl)c3)cnc2c1,-7.4,3.6521184373215725,15_1794
COc1ccc(/C=C/C(=O)c2cccc(NC(=O)c3cccs3)c2)cc1COc1ccccc1[N+](=O)[O-],-7.1,3.172615885198311,15_1795
O=CC=C(Oc1cccc(-c2cccc3nc(Cl)ccc23)c1)N1CCOCC1,-7.4,3.418910158964539,15_1796
O=C(Nc1ccc(-c2n[nH]c(=O)c3ccccc23)cc1)Nc1cccc(C(F)(F)F)c1,-7.9,3.5307258555286487,15_1797
O=C(NC(c1ccccc1)[C@H]1C[C@@H](O)C1)c1ncc2c(n1)-c1ccccc1OC2,-7.8,3.659296375096155,15_1798
COC(=O)c1c(O)cccc1OCCCCNC(=O)C(Cc1ccc(OCC(=O)O)c(C(=O)O)c1)NC(=O)OC(C)(C)C,-6.3,2.7776391593477845,15_1799
CN(C)CCCn1c(N2CCN(c3ccc(F)cc3)CC2)nc2ccccc21,-6.7,3.6808063230325043,15_1800
COc1cc2c(cc1OC)C(=O)/C(=C/c1ccc(-c3ccccc3C(=O)O)cc1)C2,-6.7,3.6855082231756215,15_1801
COc1ccc(-c2cccc(C(=O)NC3CCN(C(C)C)C3=O)c2)cc1,-7.0,3.7688000451874633,15_1802
COc1ccccc1-n1cnc2cc(Nc3ccccc3-c3ccccc3)ccc21,-7.2,3.405388581927903,15_1803
COc1ccc(-c2nn(-c3ccccc3)cc2Cn2cncn2)cc1OC,-6.9,3.630611801414504,15_1804
O=C(Cn1cc(-c2cccc(C(F)(F)F)c2)nn1)Nc1cccc(-c2cccc3ccccc23)c1,-7.9,3.5147016876902395,15_1805
CC(C)(Cc1ccc(/C(=C\CCCCC(=O)O)c2cccnc2)cc1)C(=O)O,-6.3,3.564266786812963,15_1806
Cc1[nH]c2ccccc2c1C(=O)CSc1cccc(C(F)(F)F)c1,-6.9,3.5801653381344964,15_1807
Cc1cccc(C(=O)NCC(=O)OCC(=O)Nc2ccccc2N2CCCCC2=O)c1,-6.9,3.63362796482724,15_1808
CNC1CCc2ccccc2Cn2nc(Nc3ncc(C(F)(F)F)c(CCc4ccccc4C4(C(N)=O)CC4)n3)cc2NC1,-6.9,1.0001874894809792,15_1809
O=C1C=C(c2ccc(Cl)cc2)c2ccccc2C1=O,-7.0,3.4541629098631272,15_1810
C#CCOc1c(CCCC)c(=O)[nH]c(=O)n1Cc1ccc(-c2ccccc2C(=O)O)cc1,-6.1,3.609018181379076,15_1811
CN(C)C(=O)c1cccc(Oc2ccc(N)c3cc(C(=O)N=C4C=CC(CC#N)=C4)ccc23)c1,-7.3,3.6493185499551153,15_1812
Cc1ccc(-c2nn(-c3ccccc3)cc2CN2CCN(CCO)CC2)cc1,-7.2,3.7317804329350177,15_1813
O=C(Cn1ncn2c(cc3ccccc32)c1=O)NCc1ccccc1Cl,-7.4,3.7339443153608265,15_1814
O=C(Nc1ccccc1)C1Cc2ccccc2CN1S(=O)(=O)c1ccc2ccccc2c1,-7.4,3.662147200548507,15_1815
O=C(NCc1cccnc1N1CCOCC1)c1ccc(NC(=O)N2Cc3ccccc3C2)cc1,-7.9,3.6351246761661544,15_1816
O=C(O)c1cc2ccc(OCC(C=NC=S)c3ccccc3)cc2oc1=O,-6.3,3.572714535059133,15_1817
c1ccc(-c2cc(-c3ccccc3)nc(C3CCCCC3)c2)cc1,-8.3,3.278438892651021,15_1818
CCOC(=O)COc1c(-c2ccc(O)c(O)c2)oc2cc(O)cc(O)c2c1=O,-7.6,3.300484831587558,15_1819
FC1=CC(c2nn(-c3ccccc3)cc2-c2ccnc(N/N=C/c3cccc(OCc4ccc(F)cc4)c3)n2)=C1C=CCl,-6.8,3.0477694673619444,15_1820
CC(=O)c1cccc(NC(=O)C(Nc2cc(C)on2)c2ccccc2)c1,-7.7,3.6977544060550818,15_1821
COC=C1C=CC(c2cc(C(=O)Nc3cccc(-c4ccc(-c5nc6c(C)cccc6[nH]5)s4)c3)ccc2OC)=C1,-6.7,3.2255234551994816,15_1822
O=C(N=Cc1[nH]c(Nc2cccc(NCCc3ccccc3)n2)c2cnc(-c3ccccc3)cc12)C1CC1,-7.4,3.2268451712435633,15_1823
COc1ccc2c(c1)C(=O)N(C[C@@]1(C#Cc3ccc(C(=NO)N4CCC(O)CC4)cc3)NC(=O)NC1=O)C2,-8.3,2.7379198693681466,15_1824
CCc1ccc(-c2ccc(NC(=O)C3CC3)c(NC(=O)Nc3ccc(OC)cc3)c2)cc1,-7.5,3.5569190134115027,15_1825
CC=CCl,-2.4,1.3938229939042541,15_1826
Cc1c(Cl)cccc1NC(=O)C(C=NC=NC12C=CC(=O)NC(=C1)C=C(C(F)(F)F)C2)c1ccccc1,-8.9,2.4481476664124937,15_1827
NS(=O)(=O)Nc1ccc(NC(=O)Nc2nc(-c3cccc4ccccc34)cs2)cc1,-7.8,3.466138988270964,15_1828
N#C/C(=C/c1ccccc1OCc1ccccc1)C(=O)Nc1ccc(Oc2ccccc2)cc1,-6.9,3.363950600942648,15_1829
Cn1nccc1-c1cc(F)ccc1Oc1cc(F)c(S(=O)(=O)Nc2cscn2)cc1F,-7.1,3.5937735497732373,15_1830
N=Cc1cc(C2=CC=C(CN3Cc4ccc(N)nc4N=C3CCCO)OC=C2)c[nH]1,-7.4,2.394151035812188,15_1831
COc1cc(OC)cc(C(=O)OCc2cn(C(c3ccccc3)(c3ccccc3)c3ccccc3)cn2)c1,-7.2,3.251407253894871,15_1832
Cc1cc(Cl)ccc1OCC(=O)Nc1ccc(S(=O)(=O)CC#N)cc1,-5.9,3.7739335641991083,15_1833
Fc1cccnc1N1CCN(c2ncc3sc4cc(Cl)ccc4c3n2)CC1,-7.4,3.6073815175737702,15_1834
Oc1c(C(c2ccc(F)cc2)N2CCC3(CC2)OCCO3)sc2nc(-c3ccco3)nn12,-7.8,3.511066018961472,15_1835
O=c1c(-c2ccccc2)[n+]([O-])c2ccccc2n1OCc1ccccc1,-7.7,3.5794958650250535,15_1836
Nc1nn(C/C=C2\OC(=O)C(OCc3ccccc3)=C2OCc2ccccc2)cc1-c1ccccc1F,-7.7,3.47913377537109,15_1837
O=C(F)Nc1cccc(Cc2n[nH]c(=O)c3c2CCCC3)c1,-7.0,3.6131414316735997,15_1838
CC1C=C(C#N)c2nc3ccccc3n2C(=O)CC1,-5.9,1.709027959035366,15_1839
NC(Cc1ccc(O)cc1)C(=O)NCC(=O)NC(Cc1ccc(O)cc1)C(=O)NCC(=O)NC(Cc1ccccc1)C(=O)NC(Cc1ccc(O)cc1)C(=O)O,-7.2,2.4966556059447007,15_1840
O=C(NCC(c1ccc2c(c1)OCO2)N1CCOCC1)c1ccccc1F,-7.6,3.6733677522680255,15_1841
O=C(NCc1ccc2c(c1)OCO2)C1CC(=O)N(c2ccc3c(c2)OCCO3)C1,-7.9,3.568878489123972,15_1842
O=C1c2ccccc2C(=O)N1c1ccccc1-c1ccccc1,-6.5,3.5181367254829157,15_1843
CN(C)Cc1ccccc1C=CCC=NC(=O)c1cc(C(F)(F)F)nn1C=CC=CCCC(N)=O,-6.5,3.5221145282401105,15_1844
CC(C)(C)c1ccc(-c2nc3c(N4CCN(c5ccccc5)CC4)cccc3[nH]2)cc1,-7.2,3.5438707947578383,15_1845
CC(=O)Nc1cccc2c(Oc3cccc(NC(=O)c4ccc5cc6n(c5c4)C(C)CNC6=O)c3)ccnc12,-8.4,3.349071478429877,15_1846
COc1cccc(NC(=O)Cn2c(=O)c3ccccc3c(=O)n(-c3cccc(OC)c3)c2=O)c1,-8.1,2.6205188405885735,15_1847
CCCC(C)(C)C(NC(=O)C(CCc1ccccc1)NC)C(=O)N(C)[C@H](C=C(C)CC(=O)C(=O)O)C(C)C,-5.9,3.1774183176081934,15_1848
Cc1ccccc1C=NC(=CNC1=CC=C(Cl)C1)CNc1nc(-c2ccc3ccccc3c2)nc2cc(F)ccc12,-7.9,3.190996069491722,15_1849
CC1=CC=CC(Cn2nc(C(C)(C)C)cc2C(=O)Nc2cccc(C(=O)N3CCOCC3)c2)C=C1,-8.2,2.6641156584524803,15_1850
Cn1nc(-c2ccc(NC(=O)Nc3cccc(F)c3)cc2Cl)ccc1=O,-7.4,3.7381407040131744,15_1851
CN(C)C(=O)C(Cc1ccccc1)NC(=O)c1cc(-c2nc3cc([N+](=O)[O-])ccc3[nH]2)ccc1O,-7.2,3.3690697966899883,15_1852
N#Cc1cccc(Nc2nccc(-c3cnn4ncccc34)n2)c1,-7.4,3.6639276760398785,15_1853
CN(C)C(c1ccc2ccccc2c1Cl)c1c[nH]c2ccccc12,-6.7,3.4134127704937676,15_1854
COc1cccc2c1CCC[C@H]2CN(C)CCc1ccc2[nH]cc(-c3ccc4c(c3)OCO4)c2c1,-7.4,3.466215675908618,15_1855
O=C1N[CH]C[C@H](n2cc(NCc3ccccc3OCc3ccccc3)c(=O)[nH]c2=O)CO1,-7.7,2.5951002884955705,15_1856
N#C[CH]C1NC[C@H](F)[C@@H](O)[C@H]1n1cc(CCO)nn1,-5.8,3.2580416040756144,15_1857
O=C(Nc1ccccc1N1CCOCC1)c1ccc2[nH]c3c(c2c1)CCCC3,-7.8,3.6035289601062743,15_1858
O=C(Nc1ccccc1)c1cnc(Nc2cccc(Cl)c2)nc1C(F)(F)F,-7.4,3.7277561515193534,15_1859
CN(C)CCCn1cnc(-c2cccc(NC(=O)c3ccc(F)c(S(=O)(=O)Nc4ccccc4Cl)c3)c2)c1,-6.8,3.4376600113307654,15_1860
CN(C(=O)c1ccc2cc(Oc3ccc(C(F)(F)F)cn3)ccc2n1)C1CCN(c2ncnc3[nH]ccc23)CC1,-8.1,3.4284441837034625,15_1861
CCOC=CCC(=N)NCc1ccn(CC(=O)Nc2cccc(C)c2C)c(=O)c1,-6.7,3.4527792544656184,15_1862
CCOC=C1C=CC(N=CC(C=C(SC)c2n[nH]c(C)n2)c2ccccc2)=C1,-6.8,3.6251868725910947,15_1863
Clc1ccccc1C1=CC(c2ccccc2Cl)Nc2ncnn21,-6.9,3.7148006675621428,15_1864
O=c1c(-c2cc[nH]n2)c[nH]c2c(-c3ccccn3)cnn12,-7.4,3.599182948607595,15_1865
CC1=NC(CNCCN(F)c2c(F)cc3c(=O)c(C(=O)O)cn(C4CC4)c3c2OCF)C=CCC(CNC[C@H](O)c2ccc(O)c3[nH]c(=O)ccc23)=C1,-7.3,0.6046576614363195,15_1866
O=C(Nc1ccc(-n2cc(-c3ccc(F)cc3)nn2)cc1)c1ccccc1F,-7.5,3.74877580900377,15_1867
O=C1NC(c2cccc(-c3ccccc3)c2)(c2cccc([N+](=O)[O-])c2)C(=O)N1c1ccccc1,-8.9,3.3791345716892707,15_1868
COc1ccc(CNC2CCCc3ccccc32)cc1,-6.7,3.5393316862684197,15_1869
O=C(NC1[CH]C(c2ccc(C(F)(F)F)cc2)NO1)N1CCOCC1,-7.2,3.486293917207138,15_1870
COc1cccc(N2CCN(C(=O)c3ccc4c(c3)CCN4S(=O)(=O)c3cccs3)CC2)c1,-6.9,3.6171225756549115,15_1871
COc1ccc2cc(C(=O)NC3C[C@H](C4CCCCC4)N(C(=O)C4CCC4)C3)c(=O)[nH]c2c1,-8.0,3.4832645105221833,15_1872
O=C(/C=C/c1ccc(-c2cn(Cc3ccc(Cl)cc3)nn2)cc1)Nc1ccc(-c2ccncc2)cc1,-6.9,3.333054627788891,15_1873
CS(=O)(=O)C1(c2cc(N3CCOCC3)nc(-c3cccc(C(N)=O)c3)n2)CC1,-7.6,3.561978986168879,15_1874
O=C(CSc1nc2c([nH]c3ccccc32)c(=O)n1C1=CC=CCC1)NCCc1ccccc1,-6.0,3.5121884954133846,15_1875
[NH]c1c(C=CN(C=CCC=O)c2ccccc2)cccc1CN1CCC(F)CC1,-6.8,3.57002650954784,15_1876
CC(C)CNC(=O)C=C(c1ccc(C#Cc2ccc(F)cc2)cc1)N(CCO)Nc1ccc(Cl)cc1,-7.0,3.3446293906323543,15_1877
O=CC1=CC(CCNS(=O)(=O)c2cc(C(F)(F)F)cc(C(F)(F)F)c2)=CC1,-6.4,3.524928613060139,15_1878
O=C1NC(=O)C(=Cc2ccc(OCCn3c4ccccc4c4ccccc43)cc2)C(=O)N1,-7.8,3.5559807107023724,15_1879
O=C(C1CCCO1)N1C[C@H]2[C@@H](c3ccccc31)[C@@H](CO)N2C(=O)c1cccc(F)c1,-8.0,3.5520589228345703,15_1880
Brc1ccc2ncnc(Nc3cccc(-c4ccccc4)c3)c2c1,-7.3,3.6186972434655225,15_1881
Fc1cccc(-c2cccc(N=Cc3ccc(Cl)cc3)c2)c1,-6.8,3.3565758340104805,15_1882
COc1cccc(-c2cc3cccc(C)c3nc2Cl)c1OC,-6.0,3.5800968735491288,15_1883
O=C(c1cc(Cc2n[nH]c(=O)c3c2NCCC3)ccc1F)N1CCN(c2ccccc2C(F)(F)F)CC1,-9.4,3.5343766627608666,15_1884
CN1CCN(c2ccc(C(F)(F)F)cc2C(=O)Nc2cccc(-c3ccc(C4=CC=CC5=NC(=N)CC5=C4)cc3)c2)CC1,-7.8,2.3381909153452427,15_1885
CCn1c(C)nc2cc(C(=O)NN=C(C)c3cccc([N+](=O)[O-])c3)ccc21,-6.9,3.569256739877025,15_1886
CC=C1C=CC(NNC(=O)CSc2nc3ccccc3c(=O)n2-c2ccc(Oc3ccccc3)cc2)=C1,-7.5,3.3222429216067244,15_1887
CC1NC(=O)N(CC(=O)Nc2ccc3c(c2)OC(CN2CCOCC2)CC3)C(=O)c2ccccc21,-7.5,2.4909297460522293,15_1888
O=C(CN1CCCC1=O)NC1CCCC(C(F)(F)F)C1,-6.2,3.2962434301129147,15_1889
Cc1ccccc1NC(=O)C(COc1ccc(F)cc1Cl)NC(=O)c1ccccc1,-7.3,3.6948800236331087,15_1890
Oc1ccc(-c2cccc(-c3cc(Nc4ccc5ccccc5c4)nc4ccccc34)c2)cc1,-9.2,3.312937228667052,15_1891
CC=CC[C@H]1C2OC(=O)C=C(C(C)C(=O)N[C@@H](C)c3ccccc3)CC=C2[C@@H]1OC(=O)c1ccc(F)cc1F,-7.0,1.5731890862828397,15_1892
O=C(Cc1ccccc1)Nc1cc(-c2ccc(F)cc2)nc2ccccc12,-8.8,3.566224826158175,15_1893
N#Cc1c(N)cc(C(=O)NCc2ccc(CC(=O)O)cc2)nc1-c1ccco1,-6.7,3.571713802082406,15_1894
Cc1nc(C#Cc2cncc(-c3ccccc3)c2)cs1,-6.3,3.488839169322373,15_1895
CC1=C(C(=O)Nc2ccccc2C)C(c2ccccc2)NC(=O)N1C,-7.3,3.6842232368794696,15_1896
CC(=O)N1CCN(c2ccc(CNc3cc4ccc(-c5cccc(C#N)c5)cc4o3)cc2)CC1,-7.5,3.6536013851606923,15_1897
CCC1=CC=C(Cc2cc(N3CCc4c(cc5n4CCCC5)C3=O)ccc2O)CC=C1,-8.0,2.486530541519057,15_1898
COc1ccc(-c2c(-c3cc(OC)c(OC)c(OC)c3)nn(-c3ccc(Cl)c(Cl)c3)c2N)cc1,-7.3,3.5782780889282084,15_1899
O=C(c1ccc2c(=O)n3c(nc2c1)CCCCC3)N1CCN(c2ccc(F)cc2)CC1,-7.8,2.6378325503310336,15_1900
O=C1C(=O)N(Cc2cn(C3C[C@H](c4ccc(Cl)cc4)N(Cc4cccnc4)C3=O)nn2)c2ccccc21,-7.5,3.4096233280931276,15_1901
O=C1CN(Cc2nc3c(F)c(F)cc(F)c3s2)CCN1CCC1CCCC1,-7.4,3.5463623216646685,15_1902
CC(C)=C1CCc2c3c(cc4cccc1c24)[C@]1(C)CCC[C@@](C)(C(=O)O)[C@@H]1CC3,-7.4,3.1597167635189534,15_1903
O=C(NNc1nc(-c2ccccc2)cs1)c1ccc(O)cc1,-7.0,3.63798161265012,15_1904
O=C(c1ccccc1[N+](=O)[O-])N1N=C(c2ccccc2F)CC1c1ccc2c(c1)OCO2,-8.5,3.508463177739189,15_1905
CN=C(N)N[C@@](C)(CC(=O)NCCN1CCOCC1)C1SC(C2=NN=C(c3ccccc3-c3ccccc3)NN2)C=Cc2ccccc21,-7.1,1.7673005733431912,15_1906
COC(=O)C(Cc1ccccc1)N1C(=O)c2ccccc2C1(O)c1ccc2ccccc2c1,-7.2,3.6041844080210685,15_1907
CN(C)S(=O)(=O)c1ccc(-c2ccc(-c3ccc(F)c(Cl)c3)cc2)cc1,-7.2,3.6472718168467395,15_1908
c1ccc(Cn2c(NC3CCN(Cc4cc5ccccn5n4)CC3)nc3ccccc32)cc1,-7.9,3.5443985232065924,15_1909
CC(C)(C)NC(=O)CN(C(=O)CN1C(=O)c2ccccc2C1=O)c1ccccc1,-7.2,3.745139456944127,15_1910
O=C(Nc1cc(Cl)ccc1O)c1ccccc1Oc1ccccc1,-7.1,3.669510353839648,15_1911
COc1ccc(C(=O)Nc2cccc(Nc3c4ccccc4nc4ccccc34)c2)cc1,-7.9,3.341373142670567,15_1912
CC(C)NC(=O)N1CCC(c2cccnc2OC2CCOCC2)CC1,-5.9,3.610404530470552,15_1913
O=C(Nc1nc[nH]n1)c1ccc(NC(=O)c2ccccc2Cl)cc1,-6.8,3.674717090476986,15_1914
COc1ccc(S(=O)(=O)Nc2cc(OC)c(OC)c(OC)c2)cc1NC(=O)c1ccc(-c2ccccc2)cc1,-6.9,3.4042189750163816,15_1915
Nc1ccc2ncccc2c1N,-5.0,3.3360604384707524,15_1916
COc1cccc(NC(=O)CN(C)C(=O)C2CC(=O)N(c3ccccc3OC)C2)c1,-6.6,3.759288938877587,15_1917
CS(=O)(=O)CC1CCC(c2nnc(-c3cccc(-c4ccco4)c3)o2)C1,-7.2,3.7309891694080664,15_1918
COc1ccc(C2CC(c3ccc(Cl)cc3Cl)=Nc3nnnn32)cc1,-7.0,3.7159135863322406,15_1919
O=c1c(Cc2ccc(I)cc2)c(O)ccn1Cc1ccccc1,-6.4,3.6747346033227926,15_1920
Cc1cc(NC(=O)c2ccc3cc4n(c3c2)C(C)(C)CNC4=O)no1,-7.5,3.7253022792498554,15_1921
NC(=O)c1[nH]c2ccc(Cl)cc2c1S(=O)(=O)c1cc(Cl)ccc1N,-6.4,3.5349117870488627,15_1922
COc1ccc(-n2ncc3c2NC(=O)C[C@@H]3c2cc(-c3ccccc3F)nn2C)cc1,-7.6,3.693672495871224,15_1923
O=C1Nc2ccc([N+](=O)[O-])cc2/C1=C\c1ccco1,-6.3,3.510207826511105,15_1924
O=c1[nH]c2ccccc2nc1COc1c(F)cccc1F,-6.5,3.7223296355270774,15_1925
O=C(NCCNC(=O)c1cc2cc(F)ccc2o1)c1ccc(=O)n(Cc2ccccc2)n1,-6.7,3.563624466973552,15_1926
Cn1cc(-c2cc(F)cc(N3CCNS(=O)(=O)c4ccc(F)cc43)c2)cn1,-7.4,2.7728767283877813,15_1927
O=C(Nc1cc[nH]c(=O)c1)c1cc(C(F)(F)F)ccc1Oc1ccc(OC(F)(F)F)cc1,-8.4,3.597181795691808,15_1928
Cc1nc2cc(OC[C@@H](O)CN3CCN(c4cccc(C(F)(F)F)c4)CC3)ccc2s1,-6.9,3.723313541739473,15_1930
COc1ccc(-c2noc(CCC(=O)Nc3nc(-c4ccccc4F)cs3)n2)cc1OC,-6.5,3.565163555265341,15_1931
O=C(CCc1ccc(C(F)(F)F)cc1)Nc1cccc(CCN2CCN(c3ccccc3)CC2)c1,-7.0,3.600575075093497,15_1932
COc1cc(CC(=O)O)ccc1Oc1ccc(C(=O)N2CCOCC2)cc1NS(=O)(=O)c1cccc2cccnc12,-8.0,3.340182672693002,15_1933
O=C(O)c1ccc(CNC(=O)c2ccccc2NC(=O)c2cccc([N+](=O)[O-])c2)cc1,-7.6,3.4477377494140535,15_1934
CCOC(=O)c1ccc(NC(=O)CCS(=O)(=O)c2ccc3ccccc3c2)cc1,-6.5,3.716523006374899,15_1935
Cc1cc(=O)c(C(=O)O)nn1-c1ccccc1F,-5.6,3.6453515041105513,15_1936
O=C(NC(Cc1c[nH]c2ccccc12)C(=O)O)c1ccc2ccccc2c1,-7.5,3.524229114503938,15_1937
Clc1ccccc1C1CC(c2ccccc2)=NN1c1ccc(-c2nc3ccsc3s2)cc1,-7.2,3.344702584391732,15_1938
O=C(Nc1cc(C(F)(F)F)ccc1Oc1ccc(Cl)cc1Cl)c1ccc(-n2cncn2)c([N+](=O)[O-])c1,-7.7,3.3496827809058924,15_1939
O=c1[nH]c(-c2cccc(-c3cccc(Cl)c3)c2)nc2ccccc12,-8.2,3.5849203473100046,15_1940
C=C[C](C)CC[C@H](OC(=O)c1cccc(C(C)=O)c1O)C(=C)COC(=O)CCNC(=O)C(Cc1ccc(OC(C)(C)C)cc1)N(C)O,-5.1,2.736317662305757,15_1941
CO[C@H]1COCCN(C(=O)c2ccc(Br)o2)C1,-5.3,2.5131988956895697,15_1942
COc1ccc2cc(-c3nc(CN(C)Cc4ccco4)cc(=O)n3C)oc2c1,-6.7,3.662006687925349,15_1943
COc1ccc(OCc2cc3cc(C#N)c4ccccc4c3nn2)cc1,-6.9,3.6182187871776357,15_1944
O=C(c1ccc2ccccc2c1O)N1CCC2(CC1)c1ccccc1CC2O,-8.4,3.5286415839544825,15_1945
CN(C)C(=N)N[C@H](C1=CC=C(F)C=CO1)c1cccc(-c2ccccc2F)c1,-8.5,2.57842612405892,15_1946
O=C(/C=C/c1ccc(F)cc1)Nc1ccc(-c2nc3ccccc3n2C(=O)c2ccc(Cl)cc2)cc1,-7.4,3.4503478155795873,15_1947
COc1ccc(-c2ccc3c(c2)C2(COC(=N)N2)c2cc(OC)cc(OC)c2-3)c(F)c1,-9.7,3.648831689580643,15_1948
CCc1ccc(Oc2ccccc2C(=O)NCC#N)cc1,-5.4,3.6810143423896697,15_1949
CC(C)n1cc(C(=O)c2cncc(NC(=O)c3ccc(-c4ccco4)nc3)c2)c2cncnc21,-7.2,3.4295560524535427,15_1950
CCn1cc(-c2cnc(N)c(Cc3ccc4c(c3)OCCO4)c2)c2cncnc21,-8.1,3.70646548961214,15_1951
COc1cccc(-c2cnc3cnc(-c4cccc(NC(=O)c5cc6ccccc6s5)c4)cn23)c1,-8.0,3.4155237488761365,15_1952
N#Cc1cccc(NC(=O)c2ccc(C(F)(F)F)c(C(F)(F)F)c2)c1,-6.6,3.5946971831645094,15_1953
COc1ccccc1Oc1ccc(S(C)(=O)=O)cc1-c1nn(-c2ccc(Cl)cc2)cc1-c1ccnc(-c2ccc(-c3cccc(O)c3)cc2)c1,-7.7,3.011196081193081,15_1954
CC(C)(C)NC(=O)C(c1c(C(=O)O)[nH]c2cc(Cl)ccc12)N(C=O)Cc1ccc(OCc2ccc(Br)cc2)cc1,-7.1,3.2612709133415976,15_1955
O=C(c1cccc(S(=O)(=O)Nc2ccc(F)cc2)c1F)N1CCCCCC1,-6.6,2.8028259428196742,15_1956
O=NN(CCCl)C(=O)N[C@@H]1CCN(C(=O)c2ccc(Cl)cc2)C1,-5.6,3.472033308754587,15_1957
CCN1NC(c2c(C)nc3c(OCc4ccccc4)cccn23)=C[C@H]1C1=CC=CCC1,-6.7,3.615437992961959,15_1958
CCCCCCCCCC(=O)c1c(C(=O)O)n(CCOc2ccc(C(=O)O)cc2C)c2ccccc12,-6.1,3.309379036663728,15_1959
Cc1cccc(OCCn2cc3nc4ccccc4c-3cn2)c1,-6.9,3.6061533335270326,15_1960
CN1CCC(n2cc(Nc3c(C(=O)C4CC4)cnc4ccc(-c5cc(F)c(O)c(Cl)c5)cc34)cn2)CC1,-7.9,3.404764198778077,15_1961
Cc1ccc(NC(=O)c2cc(C(F)(F)F)ccc2Cl)cc1-c1nc(-c2nc(C(C)C)no2)c[nH]1,-7.4,3.572126626992217,15_1962
O=C(Nc1cccc(C(F)(F)F)c1)N1CCN(c2ccnc(Cl)n2)CC1,-7.2,3.666912594119231,15_1963
Cc1ccc(NC(=O)c2cc(S(=O)(=O)N3CCc4ccccc4C3)ccn2)c(C)c1,-8.0,3.7882979328714264,15_1964
Cn1c(=O)n(-c2ccc(C3(N)CCC3)cc2)c2c3nc(C4C=CC=CS(=O)(=O)C4)ccc3ncc21,-7.0,2.512100565431873,15_1965
O=C(Nc1cccc(-c2nc3ccccc3[nH]2)c1)c1cc(-c2ccccn2)nc2ccccc12,-8.6,3.5087161954140527,15_1966
COc1ccc([C@H]2[C@@H]3c4c(c5ccccc5[nH]c4=O)OC(C)(C)[C@H]3[C@@H]2C(C)C)cc1OC,-7.0,3.6262872162066397,15_1967
O=C(NC1CCN(Cc2ccc3c(c2)OCO3)CC1)c1ccc2ccc(-c3cccc4ccccc34)nn12,-8.8,3.4143587654854772,15_1968
Cc1ccccc1N=c1cnc(SCC(=O)N2CCOCC2)ncc1N,-6.5,2.6926571931387366,15_1969
O=C1CC(c2nc(-c3ccc(Oc4ccc(F)cc4)cc3)no2)CN1,-7.3,3.795052384168028,15_1970
O=C(/C=C1\SC(=O)N(CC2CCCC2)C1=O)c1ccc(Cl)cc1Cl,-6.3,3.46050461773099,15_1971
CC(C)c1cc(N2CCN(CCC#N)CC2)n2nccc2n1,-6.2,3.6719754103693614,15_1972
CN(C)c1ccc(C2c3c(ncn(CCN4CCOCC4)c3=N)Oc3ccc4ccccc4c32)cc1,-7.4,3.552548464162996,15_1973
COC(=O)[CH]O[C@H](CC[C@@H](O)[C@](O)([CH]O)CO)O[C@H]1CC[C@@]2(C)[C@H](C)CC[C@]3(C)[C@@H]2C=C=C2C4CC(C)(C)CC[C@]4(C(=O)O)CC[C@]23CC1,-6.3,-0.02025349443611546,15_1974
O=C(Nc1ccc(Oc2ccccc2)cc1)c1cccnc1C(=O)Nc1ccccn1,-7.2,3.6535035685833446,15_1975
O=C(Nc1ccc2ccccc2c1)N1CCN(c2nccc(-c3ccc4c(c3)OCO4)n2)CC1,-8.9,3.5708195097383255,15_1976
Fc1ccc(OC2=CCOC=Cc3ncnc(Nc4ccc(F)cc4F)c3C=C2)cc1,-7.9,1.5733667793602546,15_1977
O=C(NC1CCN(Cc2cnc(N3CCOCC3)s2)CC1)c1ccc(Cl)nc1,-6.6,3.587691163600476,15_1978
CC#Cc1cccc(-c2ccc3c(c2)c(Nc2ccc(F)cc2)c(O)n3C(C)C)c1,-7.4,3.486043289193608,15_1979
O=C(O)CCC(NC(=O)c1ccc(NC(=O)C(=O)c2ccccc2C(=O)O)cc1)C(=O)NC1CCC1,-6.9,3.0973748997404695,15_1980
COc1ccc(-c2sc3ccccc3c2Oc2ccccc2)cc1,-6.6,3.4767130246773252,15_1981
COc1ccc(-c2nn[nH]n2)cc1CC1Oc2ccccc2N(c2ccccc2)C1=O,-7.6,3.6766564611042574,15_1982
O=c1cc(-c2ccncc2)oc2cc(OCc3cn(Cc4cccc(F)c4)nn3)ccc12,-7.6,3.5235963555561485,15_1983
O=C(N[C@@H]1CCCC[C@H]1O)c1cnc(N2CCOCC2)c2ccccc12,-6.7,3.636896614734939,15_1984
Cc1cc(=O)oc2cc(OCC(=O)N3CCN(c4ccc(F)cc4)CC3)ccc12,-7.2,3.7069887675385296,15_1985
Nc1c(Cl)cc(C(=O)N2CCNCC2)cc1-c1ccc(-c2ccccc2C(F)(F)F)cc1,-7.5,3.6347476436390433,15_1986
COC(=O)C1C=CC(=NC(=O)c2ccccc2Sc2ccc3c(C=Cc4ccccn4)[nH]nc3c2C)C1,-7.5,3.513632681710229,15_1987
O=C1C=CC=CCCOO[C@H]2CC3c4cc(O)ccc4C[C@@H]3[C]3O[C@H](CN1)CC32,-7.8,1.7435058095676483,15_1988
Oc1ccccc1Cc1cnc(-c2ccccn2)cc1C1=CC=COC=C1,-7.2,2.747588683371265,15_1989
C(=Nc1ccccc1)c1[nH]cnc1Oc1ccccc1,-5.9,3.6750016348625723,15_1990
O=C(CC1c2ccccc2C=Cc2ccccc21)NC1CCN(CCCc2c[nH]c3ccc(-n4cnnc4)cc23)CC1,-8.0,2.287185905194865,15_1991
COC=C1C=CNC=C(C(c2cccc(C(c3c[nH]c4ccc(OC)cc34)c3c[nH]c4ccc(OC)cc34)c2)c2c[nH]c3ccc(OC)cc23)C=C1,-7.9,0.950941465980419,15_1992
O=C(Nc1cc2ccc(-c3cc(F)ccc3Cl)cc2cn1)C1CC1,-6.8,3.6681095393494774,15_1993
O=C(Nc1nnc(-c2ccc(F)cc2)o1)c1ccc(C(F)(F)F)cc1,-7.1,3.6997216298556204,15_1994
ON=C(c1ccc(Oc2c(F)c(F)cc(F)c2F)nc1)N1CCN(C(c2ccccc2)c2ccccc2)CC1,-8.1,3.1428190505971925,15_1995
C=C1C(=O)OC[C]2C[C@@H]1C[C@]13O[C@H]2C(C#N)=C[C@]1(C)[CH]C(=O)C=C1C(C)(C)[C@@H](O)CC(=C)[C@H]2[CH]C[C](C3=O)[C@]1(C)CC[C@@]2(C)CC[C@@H](C)[CH]C,-7.2,0.5251811490771701,15_1996
Cc1c(C(=O)N2CCN(c3ccc(F)cc3)CC2)cc(-c2ccccc2)n1CCCN1CCOCC1,-7.0,3.5435134934889296,15_1997
COc1ccc(Nc2c3ccccc3nc3ccccc23)cc1C(=O)CCc1ccc(O)cc1,-8.3,3.3307948781157513,15_1998
O=c1c(C(c2ccc(Cl)cc2)c2c(O)oc3ccccc3c2=O)c(O)oc2ccccc12,-8.3,3.5139881570526716,15_1999
