smiles,docking,drug_likeliness,names
C[C@@H](/C=C/C1C[C@H](O)C(C)(C)[C@H]1O)[C@H]1CC[C@H]2/C(=C/C=C3\C=C[C@H](O)C[C@H](O)C3)CCC[C@]12C,-7.0,1.9408610614082162,16_0
S=C(N=CNc1ccccn1)N1CCC(=C2c3ccccc3C=Cc3ccccc32)C1,-7.7,2.362026346124187,16_1
COc1ccc(Nc2nc(Nc3ccccc3)c3ccccc3n2)cc1,-7.3,3.6661415986146517,16_2
COc1cc2c(Oc3ccc(NC(=O)NN4C(=O)CSC4c4c(F)cccc4F)cc3)ccnc2cc1OCCCN1CCN(C)CC1,-6.9,3.0392736665412583,16_3
O=C(O)c1cc(-c2ccno2)ccc1O,-5.7,3.5664481898537566,16_4
O=C(NNC(=O)c1ccco1)OCc1cccc(-c2ccccc2)c1,-6.7,3.7257470044811125,16_5
ON=C(O)c1ccc2nc(/N=C/C=C/c3ccc4ccccc4c3)sc2c1,-6.7,3.369771798075515,16_6
Cc1cc(C2=NN(c3ccc(NC(=O)c4ccccc4)cc3)C(=O)CC2)c(C)o1,-7.1,3.7699077359517963,16_7
O=C(O)c1ccccc1S(=O)(=O)Nc1cccc(-c2cccc(-c3nc4ccccc4[nH]3)c2)c1,-7.5,3.431732859513067,16_8
CCCN(CCC)/N=N/c1cccc2c1OCO2,-5.1,3.4702649725313846,16_9
O=C1O[C@@H](c2ccccc2)C[C@H](c2ccccc2)N1C(=O)c1ccccc1,-7.7,3.6173375580733724,16_10
COc1cccnc(-c2cccc(OC)c2OC)cccc1OC,-5.7,1.599837829166983,16_11
O=C(CCCCCCC(O)=NO)Nc1cccc(Cl)c1,-6.3,3.112079096730982,16_12
N=CNN=CNc1ccc(-c2ccccc2)cc1,-6.5,3.373043330402004,16_13
CS(=O)(=O)Nc1ccc(S(=O)(=O)Oc2cccc(/C=C/C(O)=NO)c2)cc1,-6.0,3.042758357949198,16_14
O=Cc1ccc(-c2cccc(-c3ccc4ccccc4c3)c2)cc1O,-7.7,3.4611851066658126,16_15
O=c1ccc(-c2ccco2)nn1CN1CCCC1,-5.3,3.613552811923137,16_16
O=C(CN1CCN(CCN2C(=O)c3cccc4cccc(c34)C2=O)CC1)c1ccccc1,-8.1,3.5171776598926043,16_18
CC(=O)N1CCC(Nc2c(C(N)=O)cnc3[nH]ccc23)CC1,-6.7,3.5794624123821484,16_19
Cn1c(=O)c2c(Nc3ccc(Oc4ccc5c(ccc6ccccc65)c4)cc3)ncnc2n(C)c1=O,-9.3,3.4249676443602386,16_20
Cc1ccc(NC(c2ccc(-c3ccccc3)cc2)N2CCN(CCC#N)CC2)cc1,-7.6,3.6490349121607926,16_21
O=C(Nc1ccccc1)c1ccccc1-c1ccccc1C(=O)Nc1ccccc1,-7.6,3.548098565589818,16_22
O=C(Nc1ccccc1C(=O)N=C1Nc2cc3ccccc3cc21)c1cccs1,-7.2,3.638427196820718,16_23
Cc1nc2ncnn2c(CN2C[CH]COC2)c1-c1ccccc1,-6.0,3.685739756788805,16_24
CNc1ccc(-n2cnc3cnc4[nH]ccc4c32)c(-c2ccc(F)cc2F)c1,-7.7,3.573963594394467,16_25
Cc1ccc(-c2ccc(-n3ccc(-c4ccccc4)n3)cc2)cc1Nc1nccc(-c2cccnc2)n1,-7.6,3.3532874647170923,16_26
O=C(c1cccc(S(=O)(=O)Nc2cccc(C(F)(F)F)c2)c1)N1CCOCC1,-6.9,3.752066736505765,16_27
CC1C=CC(c2nc(-c3ccc4onc(-c5cccc(-c6cncnc6)c5)c4c3)cs2)=CC=C1C(=O)NC12CC(C1)C2,-8.1,2.063772992827137,16_28
CC=C(Sc1ccc(NC(=O)c2ccccc2C#N)cc1)C(=O)NNC(=S)NCC1CCCO1,-6.0,3.19150264055305,16_29
O=C(CN1C(=O)COc2ccc(S(=O)(=O)N3CCOCC3)cc21)Nc1ccccc1,-7.1,3.6110891682843027,16_30
O=C(CCCc1nc(=O)c2ccccc2[nH]1)N[C@H]1CC[C@H](c2nnc(-c3ccccc3)o2)CC1,-7.1,3.5909814987840125,16_31
C=COCCOc1ccccc1C1C(C2=CC=COC2)NC(=O)NC12CCN(C1CCCCC1)CC2,-6.6,3.14271669340945,16_32
COc1ccc(-c2ccc(S(=O)(=O)NC(Cc3ccc(-c4cc5ccccc5o4)cc3)C(=O)O)cc2)cc1,-5.1,3.3820326780289807,16_33
Fc1ccc2c(Sc3ccc4ccc5cccc6ccc3c4c56)c3c(nc2c1)CCCC3,-8.5,3.1127219152570422,16_34
NCC1=C[SH]2C=C1N(Cc1ccccc1)C(=O)c1ccccc12,-5.9,2.5213572789890395,16_35
CCN(CC)S(=O)(=O)c1ccc2c(c1)nc(CCC(=O)Nc1cccc(C(F)(F)F)c1)n2C,-6.5,3.7085698469765713,16_37
O=CC1CCCN2Cc3ccccc3C12,-5.4,3.1419979335598045,16_38
CCc1ccccc1NC(=O)c1cc(-c2ccc(C)cc2)nc2ccccc12,-7.6,3.5071877131926312,16_39
COc1cc(Nc2nccc(-c3ccc4c(c3)N(c3ccccc3)CCO4)n2)cc(OC)c1,-7.7,3.6249418145061254,16_40
COc1ccc(-c2nc(C3=CC=COC3)cc3[nH]ncc23)cc1OC,-7.7,3.8126451734945035,16_41
COc1cc(F)c(F)cc1C1(c2cccc(-c3cccnc3)c2)C(=O)N(C)c2ccccc21,-7.9,3.572038866383278,16_42
Cc1cc(-c2nc3cnc(Nc4ccccc4)nc3n(CCC#N)c2=O)ccc1NC(=O)c1cc2ccccc2n1C,-5.4,3.234488159993769,16_43
O=C(C1=CC=CC1)N1CCN(c2nc(-c3nc(-c4ccccc4)no3)c(-c3ccccc3)s2)CC1,-7.5,3.4879271440326143,16_44
COc1cc(C(=O)NC2CCN(C)CC2)ccc1Nc1ncc(C(F)(F)F)c(Oc2ccccc2C(=O)N(C)C(C)C)n1,-5.8,3.4010099595570953,16_45
CN=C1C=C(S(=O)(=O)N(CCN(Cc2cncn2C)c2ccc(C#N)cc2)Cc2cccc(Oc3ccccc3)c2)N1,-7.2,3.3281516775878814,16_46
C#Cc1cccc(NC(=O)c2ccc(-c3ccccc3Cl)cc2)c1,-6.9,3.46439320110992,16_47
O=C(Cn1ccc2ccccc21)Nc1cccc(-c2cc(F)c(F)cc2Cl)c1,-8.2,3.5258774688594734,16_48
Cc1ccc(N2C(=O)c3ccccc3C2c2ccc(C(=O)N(C)C)cc2)cc1C,-8.4,3.5914367630671102,16_49
O=C(O)c1cc(-c2ccc(Oc3ccc(F)cc3)nc2)c2ccccc2n1,-7.3,3.7162998137607737,16_50
CN(C)Cc1ccc(-c2ccc3c(NC(=O)c4ccccc4)cccc3c2)cc1,-6.6,3.491572366497631,16_51
C[CH]CC1[CH]C(C=O)=CC2=CCC(=O)C[C@H]21,-5.2,3.161410882549558,16_52
O=C(NCCc1ccccc1)c1ccc(-c2ccccc2)cc1,-6.7,3.4751222048005888,16_53
C[CH]N1C(=O)CCN(C(=O)c2ccc3ccccc3c2)c2cccc(c2)N(C)C(=O)C2CCCN2C1=O,-8.4,1.380888398489489,16_54
CCC1C=CN=C(c2ccc(Br)o2)C(=NC(=O)c2cc(-c3ccccn3)nc3ccccc23)NC1,-8.7,1.764916387389003,16_55
Cc1ccc(C(=O)Nc2ccc3nc(SCC(=O)Nc4cccc5ccccc45)sc3c2)cc1,-7.9,3.417778008197666,16_56
CC1CCN(C(=O)C(CCCN=C(N)N)NS(=O)(=O)C2=CC=CC(=CN(C)C)C=CC=C2)C(C(=O)O)C1,-7.0,0.5855065627134532,16_57
O=C(Nc1ccc(Cl)cc1)Nc1ccc2c(c1)C(=O)NC2=O,-6.8,3.5683547550164914,16_58
Brc1cccc(C[Se]n2cnc3ccccc32)c1,-5.7,3.5040312604286052,16_59
N=CNC(=Cn1cnn(-c2ccccc2)c1=O)c1cccc(NC(=O)c2cc3ccccc3[nH]2)c1,-7.6,3.2289097761783396,16_60
CN(Cc1ccc(CN2CCCC(C(=O)NC3CCCC3)C2)cc1)c1ccccc1,-6.8,3.5465227260047705,16_61
O=C(CC(=O)Nc1cccc2ccccc12)Nc1ccc(-c2nnc3n2CCCCC3)cc1,-7.6,2.62993069205206,16_62
CC(=O)N1CCN(c2ccc3c(c2)CCN(C(=O)c2cc4cc(Cl)ncc4[nH]2)C3)CC1,-7.6,3.5929316531826547,16_63
COc1cccc(CNC(=O)CN(c2ccc(Cl)c(Cl)c2)S(=O)(=O)c2ccc3nsnc3c2)c1,-7.0,3.528397559881444,16_64
CCCNc1nc2ccccc2s1,-5.1,3.5648193076912316,16_65
C=CC(=O)OC1=CC=Cc2ccc(-c3cccc(Nc4ccc(C(=O)CC(=O)c5ccccc5)cc4)n3)cc2C=C1,-7.2,1.1512840720665727,16_66
CC=C(C(=O)Nc1ccccc1Cl)C(NC(N)=O)c1cccc(OC(=O)N2CCOCC2)c1,-7.0,3.545814804927553,16_67
Cc1cc(Nc2cccc(C#N)c2)ccc1NC(=O)c1cc2ccccc2o1,-7.0,3.624812262705924,16_68
O=C(NN=Cc1cc2cc(Cl)ccc2[nH]1)c1cc2cc(-c3nn[nH]n3)ccc2nc1-c1ccccc1,-8.3,3.2949156585323456,16_69
O=Cc1ccc(Oc2[nH]c(-c3ccccc3)c3cc(Br)ccc23)c2c1C(=O)c1ccccc1C2=O,-8.4,3.411278944623184,16_70
Cc1cccc2nc(-c3cccc4c3CCCN4)c(NCc3ccco3)n12,-7.7,3.6538222665778153,16_71
O=C1CCCN1c1ccc(C(=O)N2CCc3ccccc32)cc1,-7.0,3.5159672642039235,16_72
COC(=O)c1cc2c(OC)cccc2c2c1C(=O)c1ccccc1C2=O,-6.8,3.643308881016136,16_73
COc1cccc(CN2C(=O)c3ccccc3C2c2nnnn2-c2cccc(C)c2)c1OC,-8.1,3.6332198740199853,16_74
COCCn1c(SCC(=O)Nc2cccc(F)c2)nc2c(sc3ccccc32)c1=O,-7.0,3.55057148655392,16_75
CCCC(=C(c1ccc(NC(C)=O)cc1)c1cccc(O)c1)c1ccccc1,-6.2,3.4789252968144995,16_76
CC=NN1CN=C(c2ccc(NC(=O)c3cccc(C(F)(F)F)c3)cc2)OCc2ccccc21,-7.0,1.8253327104887247,16_77
O=C(C(Nc1ccccc1F)c1ccc(OC(F)(F)F)cc1)N1CCCC1c1cc2ccccc2cn1,-7.9,3.5450884270465735,16_78
O=C(CNc1ncnc2ccc(C(F)(F)F)cc12)NC1CN([C@H]2CC[C@@](O)(c3cncs3)CC2)C1,-7.1,3.3882446851128094,16_79
Cc1ccc(C)c(NC(=O)c2cccc(-c3nc(-c4ccc(Cl)cc4)no3)c2)c1,-8.8,3.6696578344488353,16_80
CN(C)Cc1ccccc1-c1ccc2ncnc(N=C(C(=O)O)C3=CCCC3)c2c1,-6.8,3.702962066596815,16_81
O=CN1CCc2ccc(Nc3ncc(Cl)c(Nc4ccccc4Nc4ccccc4)n3)cc21,-8.7,3.4608479145893103,16_82
COC(=O)C1=C(C)N=C(C)C(C(=O)OC)C1c1c(-c2ccccc2Cl)nc2sccn12,-6.4,3.5873195510658933,16_83
Cc1ccc(C)c(C(=O)NCc2noc(-c3nn(CCn4ccnc4)c4ccccc34)n2)c1,-7.2,3.51187049670446,16_84
CC1=CC=C(C2C=CCC(C)[C@H](NC(=O)CNC(=O)c3cccc(C(F)(F)F)c3)CN2)CC=C1,-7.6,1.5579397302106957,16_85
CN=CC1=NC=CC1=Cc1c[nH]c(-c2ccc3c(c2)CCc2sc(Cc4ccc(F)c(F)c4)cc2-3)c1,-8.5,3.3610539444153016,16_86
O=c1[nH]c(=S)[nH]c2c(-c3ccc(Cl)cc3)cnn12,-6.6,3.5409850679320822,16_87
Nc1nc(=O)c2ncn([C@@H]3O[C@H](COP(=O)(O)OP(=O)(O)OP(=O)(O)O)[C@@H](O)[C@H]3O)c2[nH]1,-6.6,2.7248019560883785,16_88
O=c1cc(-c2cccc(O)c2)oc2c(-c3ccc(C(F)(F)F)cc3)c(O)cc(O)c12,-7.3,3.543988014291871,16_89
Cc1cc(C)c(CNc2nc(-c3cccc(CN4CCOCC4)c3)nc3c2ncn3C2CCCCO2)c(=O)[nH]1,-9.3,3.343562794407219,16_90
O=C1CCCN1C1CN(c2ccc(N3CCN(Cc4ccccc4)CC3)cc2)C1c1ccccc1,-7.1,3.3987400531691137,16_91
COc1ccc(NC(=O)Cc2c(O)n(-c3ccccc3)c(=O)n2C2CCCC2)cc1,-7.3,3.7303369271194464,16_92
COc1ccc2ccccc2c1/C=C/c1ccc2cccc(O)c2n1,-7.2,3.605200728103748,16_93
O=C(Nc1nc(-c2cccc(N3C(=O)C=CC3=O)c2)cs1)c1ccccc1,-7.2,3.7274108114326774,16_94
O=c1c(-c2ccc(Cl)cc2Cl)cncn1C(CN1CCCC1)c1ccccc1,-6.3,3.6951084032616732,16_95
O=C1CCN(c2ccccc2-c2nc(-c3ccccc3)c[nH]2)CC1,-6.8,3.7177535394018517,16_96
O=CN=C(C=C(C=O)Cc1ccc(/C=C/C(O)=NO)c(Cl)c1)c1ccccc1,-7.1,3.2972080766288245,16_97
CN(C)C1C=C(c2cc(Nc3ccccc3C(=O)O)ccn2)c2ccc(Oc3ccc(Cl)cc3)cc21,-7.8,3.5056405938584554,16_98
O=C(NC(=S)Nc1ccc(S(=O)(=O)Nc2ccccn2)cc1)C(c1ccccc1)c1ccccc1,-7.2,3.3656006104874248,16_99
Cc1ccc(S(=O)(=O)N2CC(=O)N(c3ccccc3Cl)C(c3ccc(Br)cc3)C2C=O)cc1,-6.1,3.623559939552881,16_100
Cc1ccc(/C=C2\CCCc3c2nc2ccccc2c3C(=O)O)cc1C,-7.4,3.5850089050453593,16_101
COC=C1C=C(c2ccc3c(c2)CCCC3)N=c2ccccc2=C1c1ccccc1C,-7.8,2.3355860644670674,16_102
N#Cc1c(-c2ccc(Cl)cc2)cc(-c2ccccc2)nc1Nc1nc(-c2ccccc2)cs1,-7.5,3.4815089425803905,16_103
Cn1ccc2ccc(Nc3ccccc3)cc2[nH]c2ccccc2c1=O,-7.4,1.3864488449428096,16_104
O=C(NC(Cc1ccc(Cl)cc1)C(=O)N1CCN(c2ccccc2NC2CC2)CC1)C1Cc2ccccc2CN1,-7.5,3.31198826641133,16_105
Cn1c(-c2ccc(CNC(=O)c3ccc(Cl)cc3)cc2)nc2ccccc2c1=O,-7.4,3.7076800586609338,16_106
O=S1(=O)C=Cc2cc(Oc3ccccc3)cc3c2N1CCC3,-6.5,3.578223470905444,16_107
O=C(c1ccc(Nc2ccc3c(Oc4ccccc4Br)cccc3n2)cc1)N1CCOCC1,-7.8,3.6146014205691386,16_108
COc1ccc(/C=N\c2cc3ccccc3nc2Nc2ccc(O)cc2)cc1,-7.5,3.533706745487489,16_109
O=C(c1ccc(-c2nc3ccccc3c(=O)o2)cc1)N1CCN(C(c2ccccc2)c2ccccc2)CC1,-7.1,3.4463910062771275,16_110
O=C(Nc1ccccc1C(=O)Nc1ccccc1C(=O)Nc1ccccc1)c1ccc(-c2ccccc2)cc1,-7.2,3.2657808681612606,16_111
CC=C(C(=O)Nc1ccccc1)C(N=C(N)Nc1ccccc1)c1cccc(O)c1,-7.9,3.3522259838789115,16_112
O=C(CCNC(=O)c1cccc2ccccc12)Nc1ccc2c(c1)c1ccccc1n2Cc1ccc(F)cc1,-7.9,3.336001740714598,16_113
COc1cccc(-c2cc(C(=O)NCc3ccccc3)ncn2)c1,-7.1,3.7795228930032905,16_114
CC(C)CN(Cc1ccc(N2CCC3(CCCOC3)C2)cc1)S(=O)(=O)Cc1ccccc1,-6.7,3.54845130395319,16_115
O=C(NN=Cc1c(O)[nH]c(=O)n(Cc2ccco2)c1=O)c1ccc2ccccc2c1,-7.6,3.388590109382365,16_116
O=S(=O)(Nc1cccc(-c2cccc3cc[nH]c23)c1)c1ccc2c(c1)OCCO2,-8.5,3.677716183744585,16_117
CCc1ccc(NC(=O)CC(=O)NC(C#N)c2ccccc2)cc1,-6.2,3.675775992869875,16_118
O=C1Nc2ccccc2NC(c2ccccc2F)N1c1ccc2c(cnn2Cc2ccccc2)c1,-8.6,2.4982296606969827,16_119
Nc1nc(N2CCC(c3[nH]nc4c3C(O)(C(F)(F)F)CC(=O)N4)CC2)nc2ccccc12,-7.5,3.301977458648233,16_120
CCc1c(O)ccc(C=NNC(=O)c2ccc(-n3cccc3)cc2)c1O,-6.5,3.5809921242989553,16_121
COC1=CC=C(n2nc3c(c2NC(=O)c2cc4ccccc4o2)CS(=O)(=O)C3C)C1Cl,-8.0,3.573072288046382,16_122
COc1cc2c(c(OC)c1OC)-c1c(cc3c(c1O)OCO3)C[C@H](C)[C@@](C)(O)[C@H]2OC(=O)c1ccco1,-6.5,1.4867951914778432,16_123
CCCc1cc(C(=O)N[C@@H]2CCc3cccc(-c4cccc(F)c4)c3C2)n(C)n1,-7.9,3.720422991498305,16_124
C=CC=CCC(C=NC(N)=O)CC(=O)N[C@H](CC(=O)Nc1cccc(Br)c1)c1cccc2ccccc12,-7.1,3.2878247699280494,16_125
C/C=C/C(=O)O[C@@H]([CH]O[CH]C1=CO[C@@H](c2ccccc2)O[C@H]1C[CH]O)c1ccccc1,-5.9,3.5568677626667977,16_126
O=C(C1CCN(c2ncnc3c2nc2n3CCCCC2)CC1)N1CCNc2ccccc21,-8.6,2.54324977023715,16_127
O=C(c1nc2nccc(-c3cc4ccccc4o3)n2n1)N1CCCCC1,-7.7,3.652834698276192,16_128
Cc1cc(C(=O)Nc2ccccc2)c2ccccc2n1,-6.4,3.595419931229462,16_129
Cc1cc(NC(=O)c2cc3ccccc3o2)ccc1NC(=O)c1ccc([N+](=O)[O-])cc1,-6.6,3.504165796712647,16_130
CCC(C=CCC(=O)N=C1C=CCC(C)=NN=C(N)NC1)=Nc1cc[n+](C)c2ccccc12,-7.2,1.4581390863173738,16_131
O=c1c(-c2ccccc2)csc2ccccc12,-6.7,3.3943735556652324,16_132
O=C(Nc1cc(C(F)(F)F)cc(C(F)(F)F)c1)c1ccc2ccccc2c1,-8.0,3.4480392579080346,16_133
O=c1oc2ccc(-c3ncccn3)cc2c2ccc3ccccc3c12,-8.1,3.401695464460211,16_134
COc1ccc(-c2nn(-c3cc(-c4ccccc4)nc(C)c3C#N)c3ncnc(N)c23)cc1OC,-6.9,3.4271483453446456,16_135
Nc1ccc(Sc2ccc3ccccc3c2)cc1,-6.7,3.455859854106035,16_136
O=C(NC1CCC1)c1ccc(-c2cnc3ccc(NCc4ccc(F)cc4F)nn23)cc1,-7.5,3.6790271627072233,16_137
O=C(O)c1ccccc1NS(=O)(=O)c1cccc([N+](=O)[O-])c1,-6.8,3.505261380302888,16_138
O=C(Nc1nccs1)c1c[nH]c2ccccc2c1=O,-7.2,3.670999138587125,16_139
O=c1[nH]nc(Cc2ccc(-c3ccccc3Cl)cc2)c2c1CCCC2,-7.2,3.670412386224239,16_140
COc1cc2c(=O)c(C(=O)O)cn(C)c2c2ccccc12,-6.2,3.680703301273466,16_141
CCCc1nc2ccccc2c(=O)n1NC(=O)Nc1ccc(Cl)cc1,-6.9,3.7662657788053986,16_142
Cc1nc(-c2cccc(Cl)c2Cl)n(Cc2ccc(Cl)cc2Cl)n1,-6.0,3.617493901786741,16_143
Cc1ccccc1Oc1ccnc(Nc2ccc(NC(=O)c3cccc4ccccc34)cc2)n1,-7.9,3.37639595521841,16_144
CN(C(=O)Oc1ccccc1)c1nc2c(s1)CCc1ccccc1-2,-7.2,3.6769331371048852,16_145
CC1C(=Nc2nc(Nc3cccc(F)c3C(=O)O)c3cc(C(F)(F)F)ccc3n2)C=CCC12CCCC(C(=O)O)C2,-9.3,3.2508828151198452,16_146
Oc1c2c(c(O)n1-c1ccc(C(O)(c3ccccc3)c3ncccn3)cc1)C1C=CC2C1,-8.3,3.429377543625952,16_147
O=[N+]([O-])c1ccc(CNc2cccc(-c3cc(Nc4ccccc4)ncc3Cl)c2)cc1,-7.2,3.4729892091967267,16_148
O=C(c1ccc(-c2nnc(-c3ccccc3)o2)cc1)N1CCN(c2ccccn2)CC1,-7.2,3.654655728425808,16_149
Oc1c2c(c(O)n1-c1cccc3ccccc13)[C@H]1CC[C@@H]2O1,-7.0,3.5753615220850596,16_150
C=Cc1c(N2C(=O)C(c3ccc(O)cc3)[C@H]2C2=CC=COC2)cc(OC)c(OC)c1OC,-6.6,3.6013264260875073,16_151
Nc1cc(F)ccc1S(=O)(=O)N(CCCN1CCN(c2ccccc2)CC1)CSC=Cc1cc(C(F)(F)F)ccc1F,-7.1,3.292389715500976,16_152
O=CC(=O)N(Cc1cnnn1CCCNc1ccnc2cc(Cl)ccc12)c1ccc(-c2ccc(Cl)c(Cl)c2)cc1,-5.7,3.1209631353613636,16_153
O=C(Nc1ccc(-c2nc3cc(-c4nc5ccccc5o4)ccc3[nH]2)cc1)c1ccccc1F,-7.9,3.5059396506637026,16_154
Cc1cc(C)cc(NC(=O)Cc2ccc(OC3(C(=O)NC(C(=O)O)C(C)C)CCCC3)cc2)c1,-6.7,3.5478806481495835,16_155
O=[N+]([O-])c1ccc2oc(-c3ccc(F)cc3)cc2c1OS(=O)(=O)O,-7.1,3.505119957264376,16_156
O=C(c1cn(-c2ccc(Cl)cc2)nc1-c1ccccc1)N1CCN(c2ccccc2F)CC1,-7.7,3.6006504555902694,16_157
Nc1ncnc2c1c(-c1ccc(Oc3ccccc3)cc1)cn2C12CCOC1CC2,-7.1,3.610093962389391,16_158
CCCCCC(=O)N(N=CC1=CC=CC1)c1cccc(Nc2cc(C)nc3ccc(Br)cc23)c1,-7.3,3.3537756842656936,16_159
O=C(/C=C/c1ccc2c(ccc[n+]2[O-])c1)c1ccccc1,-6.8,3.295972096659306,16_160
O=[N+]([O-])c1ccc2nc(-n3ccnc3)nc(-c3ccccc3)c2c1,-7.6,3.554464357325878,16_161
CC(C(=O)Nc1cc(C(F)(F)F)cc(C(F)(F)F)c1)[C@H](c1ccc(Cl)cc1)c1cccc(N=C=S)c1-c1ccccc1,-7.7,3.105327212759128,16_162
COc1ccc(-c2cccc(Nc3cc(=O)n(O)c(=O)n3C)c2)cc1OC,-7.2,3.5966862197708522,16_163
O=C(Nc1ccc(N2C[C@H](c3ccc(F)cc3F)OC2=O)cc1)N1Cc2ccccc2C1,-7.9,3.637135555944636,16_164
COc1ccc(C=CC2CC=CC(c3ccc(O)cc3)C2=O)cc1,-6.6,3.6318144299200457,16_165
COc1cc(/C=C/c2ccc(F)cc2F)cc(OC)c1OC,-5.8,3.615975847451434,16_166
O=c1cc(-c2ccc3c(c2)OCCO3)[nH]c2ccccc12,-7.1,3.6469971382302395,16_167
CC1=CC=C(CC[CH]C2CCN(Cc3ccc4ccccc4c3CCCO)C2C)C1,-6.2,3.308633459357725,16_168
CC=CC=CC1(C)C=C(c2cccc(C(=O)N[C@H](C)c3cccc4ccccc34)c2)N=N1,-7.5,3.538301849799928,16_169
O=C1CCCCNO[C@H]2[C@@H](CC[C@@H]2NC(=O)c2ccccc2OC(F)(F)F)CNC1,-7.4,1.475842313848256,16_170
CN1CCN(Cc2ccc3c(-c4ccccc4)c4c(cc3c2)COC(C)(C)[CH]4)CC1,-7.3,3.437297658781775,16_171
O=CC=C(Oc1cccc(OS(=O)(=O)O)c1)c1ccc(OC2=CC=C(C3=Cc4c(ccc5ccccc45)OC3)OC=C2)cc1,-7.7,1.8876368624458069,16_172
CC1=CC=C(S(=O)(=O)C2=CN(C)c3cc(N4CCN(C)CC4)c(F)cc3C2)OC=C1C,-7.6,2.4371790382317977,16_173
NC1C=Cc2c3c(n(-c4cccc(-c5nn[nH]n5)c4)c2=C1)=CC=C(Cl)C=C3,-7.8,2.6107216488539877,16_174
CC(C)(C)NC(=O)C1CCN(Cc2cccc(NC(=O)c3cccc(-c4ccccc4F)c3)c2)CC1,-7.3,3.596036714516929,16_175
COc1cccc(C(=O)NC(=S)Nc2cccc(NC(=O)c3cccc4ccccc34)c2)c1OC,-8.2,3.4783899262257565,16_176
C=C[CH]C1[C@@H]([C](C)C(=O)OC)[C@H](OC(C)=O)[C@@H]2C(C)(C)[C@@H](O)C[C@H](OC(C)=O)[C@@]2(C)[CH][C@H]1OC(C)=O,-5.1,2.1878495548418178,16_177
COc1cc([C@@H]2c3cc4c(cc3[C@@H](Nc3nc(-c5ccc6ccccc6c5)c[nH]3)[C@H]3COC(=O)C23)OCO4)cc(OC)c1OC,-9.0,2.9568857023199553,16_178
NS(=O)(=O)c1cccc(-c2c(-c3ccncc3)c(=Cc3ccccc3)n3nccc23)c1,-7.9,3.6133783545481446,16_179
Cc1ccc(F)cc1-c1ccc2cc(NC(=O)c3ccccc3)ncc2c1,-7.8,3.5404965625527005,16_180
CCOc1ccc(C(=O)Nc2ccc(Oc3ccnc(NC(=O)C4CC4)c3)cc2)cc1,-6.5,3.6764987918206673,16_181
O=C(C=C(F)CC=CF)CSc1nc(=O)cc(CN2CCCc3ccccc32)[nH]1,-5.8,3.568979423762988,16_182
O=C(NC[C@H]1CN(c2cccc(F)c2F)C(=O)CO1)c1ccccc1-c1ccccc1,-8.1,3.747603496262329,16_183
COC=CC=C(C)c1cccc2c([C@H]3COC[C@H](c4ccccc4)O3)c(-c3ccccn3)[nH]c12,-7.5,3.4761736892012163,16_184
COc1ccc(-c2nc[nH]c(C)c(-c3cnn(Cc4ccccc4C)c3)c(C)nn2)cc1,-7.1,1.5197056851036255,16_185
CCn1cnnc1CNC(=O)N1CCC(Nc2cccc(C)n2)CC1,-7.0,3.7028896511233795,16_186
O=C(Nc1ccc2nc3n(c(=O)c2c1)CCC3)c1ccccc1C(=O)N1CCc2ccccc2C1,-8.7,3.5911232240899285,16_187
CCOc1ccccc1-c1ccc(-c2nc3ccc(F)cc3c(-c3ccccc3F)c2C)cc1,-7.3,3.2112071462854357,16_188
Cc1c[nH]c(C(=O)Nc2ccc3c(c2)OC(F)(F)O3)cc1=O,-7.0,3.6637519095185644,16_189
O=C(Nc1cccc(-c2cccc(-c3nc4cc(F)ccc4[nH]3)c2)c1)c1ccccc1,-8.3,3.4293586076098226,16_190
C[C@H]1C2Cc3cc4cc[nH]c4cc3[C@@]1(C)CCN2CC1CC1,-6.7,3.2011179868064006,16_191
O=C(Nc1cccc2ncccc12)c1cncc(Br)c1,-7.2,3.7532459924152937,16_192
Cc1cccc(-c2noc(-c3ccc(NC(=O)c4ccc5c(c4)OCO5)cc3)n2)c1,-7.0,3.686464187618064,16_193
CC=C1Cc2ccccc2C[C@@H]2[C@H](O)[C@@H](O)[C@@H](Cc3ccccc3)N(Cc3cccc(C(=O)Nc4ccccc4)c3)C(=O)N2CCN=C1C,-7.2,0.8551176601934518,16_194
O=C(c1cccc2ccccc12)N1C=CC2=CN=C(N3CCCC3)SC2=C1,-7.9,3.3998536894958034,16_195
N#CC(=CC1=CC=CCC1)C(=O)N=C(NN=C(N)c1ccccc1)c1ccccc1,-8.4,3.2708333930545916,16_196
C[C@@H]1CCCCO[C@H](CN(C)C(=O)Nc2cccc3ccccc23)[C@@H](C)CN([C@H](C)CO)C(=O)c2cc(NC(=O)Cc3ccccc3)ccc2O1,-7.6,1.7286902400190192,16_197
O=C1CCC(C(=O)Nc2cc(-c3cccc(-c4ccc(C(=O)O)cc4)c3)n(-c3ccccc3)n2)N1,-7.7,3.538612118107954,16_198
Cc1cc(COc2ccc(C(=O)NCCCC[C@H]3C[C@@H](O)CN3)cc2)c2ccccc2n1,-6.9,3.5236337410957104,16_199
O=C(c1ccc([N+](=O)[O-])o1)N1CCC2(CC1)C(=O)N(Cc1ccc(Cl)c(Cl)c1)C(=O)N2c1ccc(F)cc1,-8.1,3.253226357433084,16_200
O=C(/C=C/c1cccc(-c2nc3ccccc3n2-c2cccc(Cl)c2)c1)Nc1ccc(C(=O)O)cc1,-8.0,3.40718264817984,16_201
Cc1nc(CNC(=O)NCCCOc2ccc(F)cc2F)cs1,-5.7,3.655727644101178,16_202
CCN(CC)c1ccc(C(=O)OCC(=O)c2ccc3c(c2)-c2ccccc2-3)cc1,-5.9,3.5245391536355957,16_203
O=C1CN(C(=O)C2CCCCC2)C(c2ccc(Cl)cc2)c2cc(Cl)ccc2N1,-7.3,2.58869010316815,16_204
COC(=O)C(Nc1c2ccccc2nc2ccccc12)c1cccc(OC)c1,-6.8,3.5906019953897097,16_205
C[N+](CC=C1C=CC=C(/N=N\c2cccc(C[N+]3(C)CCCCC3)c2)C=C1)c1ccccc1,-6.2,2.2670740735603943,16_206
CC1(C)C=Cc2c(c(O)c3ccccc3c2O)C1(O)Cc1cccc(Cl)c1,-7.3,3.500377803730526,16_207
O=C(Nc1ccc(-c2nc(N3CCOCC3)c3ncccc3n2)cc1)Nc1cccc(C(F)(F)F)c1,-7.6,3.5955171781325843,16_208
COc1ccccc1-c1ccncc1C(=NN[C@@H]1O[C@H](COS(N)(=O)=O)[C@@H](O)[C@H]1O)Nc1cccc(-c2cn[nH]c2)c1,-7.7,2.7165692904946424,16_209
O=C(Nc1ccc(Nc2ccc3c(c2)CCc2ccccc2C3=O)cc1)c1ccc2ccccc2c1,-8.3,2.369973343960579,16_210
O=C(COc1cccc(-c2ccccc2)c1)NC1c2ccccc2Oc2ccccc21,-7.2,3.5670820222997,16_211
c1ccc(Cc2ccncc2)cc1,-5.2,3.18817549064004,16_212
Nc1cc(Oc2cccc(NC(=O)Nc3ccccc3C(F)(F)F)c2)ncn1,-7.7,3.611532276893886,16_213
CCc1cc(-c2cccc(C(=O)NCc3ccc(S(C)(=O)=NC#N)cc3)c2)ccn1,-7.1,3.713590889537235,16_214
Cc1ccc(COC(=O)C(Cc2c[nH]c3ccccc23)NC(=O)CCCCl)cc1,-6.3,3.564118103926564,16_215
O=C(Nc1cccc(-c2ccccc2)c1)c1ccc2oc(=O)[nH]c2c1,-8.1,3.6727604462299124,16_216
Cc1nc2cc(-n3ncc(C(=O)c4cc5ccc(-c6ccccc6F)cc5[nH]4)c3N)ccc2[nH]1,-8.3,3.3189847153586785,16_217
Oc1ccc2c(c1)C(c1ccc(OC(F)(F)F)cc1)c1cc3c(cc1N2O)CO3,-7.3,3.6049162928357212,16_218
CC(=O)Nc1nc2ccc(-c3ccnc(NCC(O)c4ccc5ccccc5c4)n3)cc2s1,-8.1,3.4318471548589775,16_219
C[C]C1CC(C(N)=O)[C@@H](Cc2cc(-c3ccccc3)n(-c3ccccc3C#N)c2)CN1C(=O)c1ccccc1,-7.3,3.5410361370499457,16_220
CC(=O)Nc1cccc(C(=O)N2N=C(c3ccc(Br)cc3)CC2c2ccc3c(c2)OCO3)c1,-8.5,3.6491394708398177,16_221
O=C1C=C(c2cccc(-c3ccccc3C(F)(F)F)c2O)S(=O)(=O)c2ccccc21,-8.0,3.731265045680244,16_222
COc1cc2c(cc1Cc1cccc(F)c1F)c(=O)c(C(=O)O)cn2[C@H](CO)C(C)(C)C,-7.4,3.7501616562703575,16_223
N=C(N)c1cccc(CC(NS(=O)(=O)c2ccc3ccccc3c2)C(=O)N2CCCCCC2)c1,-7.5,2.5182565155639036,16_224
Cc1c(C(=O)c2ccccc2)cccc1C(F)C1CC=CC=NC(=O)CC=COC1,-8.0,1.6345396533046066,16_225
Cc1cccc(C)c1-n1c(C)cc(/C=N/NC(=O)c2cccc3ccccc23)c1C,-7.2,3.504248532990726,16_226
O=C(c1cc2c(ccc3ccccc32)o1)N1CCC(Nc2ccccc2)CC1,-8.2,3.601192319191382,16_227
CN(C)C1C(=O)C(C(N)=O)C(=O)[C@@]2(O)C(=O)C3C(=O)c4c(O)ccc(Cl)c4[C@H](O)[C@H]3C[C@@H]12,-8.0,2.8235590997475803,16_228
O=C(Nc1ccc(Cl)nc1)C1CCCN1C(=O)c1cccc(-c2cccc(Cl)c2)c1,-7.9,3.671675850681934,16_229
N=C(N)C=C1C=CC(Oc2cc(NC(=O)Cc3ccc(Cl)cc3Cl)cc(C(=O)Nc3ccc(F)cc3F)c2)=C1,-8.2,3.1470602841096404,16_230
Cn1cc(Oc2ccccc2[N+](=O)[O-])c2ccccc21,-6.6,3.6050491540204126,16_231
O=C(c1c[nH]c2ccccc12)N1CCN(C(=O)C2CCc3cncn3C2)CC1,-7.9,3.656574464040471,16_232
O=C(O)C1C[C@@H]1c1ccc(S(=O)(=O)c2ccc(-c3ccc(-c4ccc(F)c(F)c4)cc3)cc2)cc1,-8.0,3.5713003212884855,16_233
Oc1[nH]c2ccccc2c1-c1ccc(-c2ccc(Cl)cc2)cc1,-7.4,3.404818154035654,16_234
O=c1[nH]c2ccccc2n1-c1ccc2c(c1)CC(Cc1ccccc1)C2,-7.6,3.552049513272246,16_235
Cc1cccc(-c2nn(-c3ccc(C(F)(F)F)cc3)c3c2CN(C(=O)Nc2ccccc2)CC3)c1,-9.3,3.561958329765985,16_236
O=C(O)c1ccc(CCCN2C(=O)c3ccccc3C2c2nnnn2-c2cccc3ccccc23)cc1,-8.1,3.499340441973148,16_237
Cc1ccc(NC(=O)Cn2c(=O)n(-c3ccccc3C)c(=O)c3sccc32)c(C)c1,-7.3,3.7188704381231306,16_238
Cc1ccc(-c2nc3ccccc3c(=O)n2-c2nccs2)cc1,-6.7,3.6268842673939368,16_239
O=C(c1ccccc1)n1c(O)cc2cc(-c3ccc(-c4cn([C@H]5CN6CCC5CC6)nn4)cc3)ccc21,-5.7,3.2933087308633677,16_240
O=c1c2ccccc2nc(/C=C/c2ccc(F)cc2)n1-c1ccc(O)cc1,-7.4,3.7001244640742397,16_241
CC(C)CC(C(=O)NC(Cc1ccc(OC(=O)c2ccccc2)cc1)C(=O)NC(C)(C)C)N(C)Cc1c(F)cccc1F,-6.3,3.31852701206029,16_242
C[C@]12Cc3cnn(-c4ccccc4)c3C=C1CC[C@@H]1[C@@H]2[C@@H](O)C[C@@]2(C)[C@H]1CC[C@]2(O)C(=O)CSc1ccc2ccccc2c1,-7.5,3.022809331520519,16_243
COC=CC=C(C=Cc1ccccc1)S(=O)(=O)NC(=O)c1ccc2c(c1)OCO2,-7.2,3.6229564424902394,16_244
Cc1cccc(-c2ccc3c(c2)c(-c2ccc(CN)cc2)c2n3CCC2)c1,-7.5,3.4737154770210346,16_245
N#CCCNC(=O)C1=CC[C@@H]2CC(Nc3nccc(-c4cc(OC(F)(F)F)ccc4-c4ccsc4)n3)(C=CC=CC(=O)N2)CC=C1,-7.1,0.9262435433286704,16_246
O=C1C=CC=C(c2ccc3ccccc3c2)CCc2c(ccc3ccn(C4CCCC4)c23)N1,-8.0,1.1638089845138149,16_247
O=C(O)c1ccc(Oc2ccccc2NC(=O)c2cccc3ccccc23)cc1C(=O)O,-8.2,3.5522435445880554,16_248
CCC=NN(Cc1ccccccccc1O)c1cccc(-c2ccc(C(=O)N3CCOCC3)cc2)c1,-6.4,1.3832023862079548,16_249
O=C1C(=Cc2ccc(O)c(O)c2)COc2cc(O)ccc21,-7.4,3.469036396030205,16_250
O=C(Nc1nc2ccccc2n1-c1ccccc1)c1ccccc1,-7.7,3.65243464188744,16_251
O=C(CSc1nc2c([nH]c3ccccc32)c(=O)n1-c1ccccc1)NCc1cccs1,-6.6,3.4285147648298393,16_252
CC1=NC(=CC=Cc2c(O)cccc2-c2cc(F)cc3sc(C(N)=O)cc23)N=CN=C1C=CC=Cc1cccc(N2CCCNCC2)n1,-8.5,2.0148260234462154,16_253
O=C(Nc1ccc(C2=CCN(C(=O)c3ccccc3)CC2)cc1)N1Cc2ccccc2C1,-6.6,3.5470462554424094,16_255
Cc1cc(Nc2nc(-c3ccc(F)cc3F)c(C)s2)ccc1Oc1ccccc1C(=O)O,-6.7,3.5784457909375273,16_256
Cn1c(=O)c2[nH]c(-c3cccc(OCC(N)=O)c3)cc2n(C)c1=O,-6.8,3.6085086951405234,16_257
O=C(N[CH]C(=O)N1CCCC1C(=O)Nc1nc(-c2ccccc2Cl)cs1)c1ccccc1-c1ccccc1,-7.8,3.517335610441185,16_258
CC1CCCCN1C[C@H](O)[C@H](Cc1ccccc1)Oc1ccc(-c2ccc(-c3c(Cc4ccccc4)oc4ccccc34)cc2)cc1,-7.0,3.0098660758497724,16_259
O=C1C(N2CCOCC2)CC(c2ccccc2CO)CN1Cc1ccccc1,-7.5,3.6501495511777127,16_260
CNC(=O)C(C)c1ccc(O[C@@H]2CCN(c3ccc(OCC4CC4(F)F)cn3)C2)cc1,-6.5,3.6276560450148656,16_261
O=C(Nc1ccccc1Oc1ccccc1Cl)N1CCC(NC(=O)N2CCCCC2)CC1,-7.7,3.615788780707679,16_262
O=C(Nc1c(-c2ccc(Cl)cc2)nc2ccccn12)c1ccc(Br)cc1,-8.3,3.6438339908931665,16_263
C=C(C(C)=CC=CS(=O)(=O)NC(C=COC)=CC=CCl)N1C(=O)c2ccccc2NC1c1ccoc1,-6.7,3.4359312793592225,16_264
O=C(Nc1nccs1)c1ncc(-c2ccccc2)cc1-c1nc(-c2ccccc2)c(-c2ccccc2)[nH]1,-7.7,3.4270183625244206,16_265
Cc1cc(CN(C)C(=O)c2ccc3c(c2)NC(=O)CS3)ccc1F,-6.9,3.7685707018032213,16_266
NC(=O)c1ccc(Nc2c3ccc(N)cc3nc3cc(N)ccc23)cc1,-7.6,3.3987917669055308,16_267
O=S(=O)(Nc1ncns1)c1ccc2c(-c3ccc(C(F)(F)F)cc3O)cccc2c1,-7.1,3.6014458513910377,16_268
C=C(C=CC=CS(=O)(=O)NC1=CC(=COCC)C(c2ccccc2)C1C(=O)N(C)C)C(=O)Nc1nnc(C2CC2)o1,-7.1,3.087278029072513,16_269
O=C(Nc1ccc(Br)cc1NC(=O)c1cccnc1)c1ccc(Cl)cc1,-7.1,3.7301618565847976,16_270
N#Cc1ccc(C#Cc2nc3ccccc3nc2C2CCN(C(=O)c3ccc(Cl)s3)CC2)cc1,-7.2,3.5093710343044835,16_271
N#Cc1cccc(-c2cnc3ccc(-c4ccc(C(F)(Cl)Cl)cc4)nc3c2)c1,-7.3,3.503098016906772,16_272
O=C(Cc1cccnc1)Nc1cccc(-c2cccc(-c3nc4cc(C(F)(F)F)ccc4[nH]3)c2)c1,-7.6,3.4582882059386133,16_273
COc1cncc(-c2ccc3[nH]nc(-c4nc(-c5cnc6ccc(F)cn56)no4)c3c2)c1,-8.8,3.523548947267459,16_274
C/C=C(\C)C(=O)Nc1cccc(C2=NOC3(C2)CC(C(N)=O)N(C(=O)CC(c2ccccc2)c2ccccc2)C3)c1,-7.6,3.398007643714984,16_275
O=C(COC(=O)c1cc([N+](=O)[O-])ccc1N1CCCC1)Nc1ccc(Oc2ccccc2)cc1,-6.7,3.4708268774187747,16_276
Cc1cccc(N(C(=O)CNC(=O)c2ccco2)C(C(=O)NC2CCCC2)c2ccco2)c1,-7.4,3.6868821604129973,16_277
CCc1ccc(NC(=O)n2cnnc2C)cc1,-6.1,3.6666319696481695,16_278
CC(=O)Nc1ccc(NC(=O)CCN2C(=O)c3cccc4cccc2c34)cc1,-6.7,3.7159545792941246,16_279
COc1ccc([C@@H]2CC(=O)c3c(O)cc(OC(=O)c4ccccc4)cc3O2)cc1OC(=O)C(C)c1ccccc1,-8.6,3.3321510402168655,16_280
Nc1ncc(-c2cnn(C3CCNCC3)c2)cc1C=Nc1ccc(NS(=O)(=O)c2ccccc2)cc1O,-6.9,3.186051023103264,16_281
O=C(NCCS(=O)(=O)c1ccc(C(F)(F)F)cn1)c1cc2ccccc2nc1N1CCCC1,-7.3,3.724598495913434,16_282
O=C(Nc1ccccc1C(=O)NCc1ccccc1)c1ccc2[nH]ccc2c1,-7.4,3.5201421688032988,16_283
O=C(Nc1ccccc1)c1c[nH]c2ncc(-c3cncc(-c4nn[nH]n4)c3)cc12,-8.5,3.471912967439841,16_284
Cc1ccc(C(=O)Nc2cccc(Nc3cccc(NC4C=CC=CC(=O)C4)n3)c2)cc1C,-7.9,2.616409639722474,16_285
Cc1ccc(Nc2nc(-c3ccccc3)nc3c2CS(=O)(=O)C3)cc1,-7.5,3.800422063833851,16_286
O=C1c2ccccc2-c2c1c1ccc([N+](=O)[O-])cc1c(=O)n2CCCn1ccnc1,-7.7,3.5238822246898653,16_287
O=C(NCCN1CCN(C(=O)c2ccc(F)cc2)CC1)c1[nH]nc2ccc(-c3n[nH]c(=O)o3)cc12,-8.0,3.38694028405548,16_288
O=C(NCc1ccccc1O)c1ccc(-c2ccccc2Cl)cc1,-7.3,3.642581681933953,16_289
COC1=CC=C(n2cc(CN3CCN(S(=O)(=O)c4ccc(Cl)cc4)CC3N)n2C)C1,-6.7,3.6237283337045,16_290
Nc1ncc(-c2ccc(S(=O)(=O)C3CCC3)cc2)nc1-c1cccc2c1CCC2CNc1c[nH]c2ccccc12,-8.7,3.1695190452794475,16_291
O=C(NC1CCN(c2ncnc3c2nc(-c2ccccc2Cl)n3-c2ccc(Cl)cc2)CC1)c1ccccc1-c1ccccc1,-8.0,3.318420937515917,16_292
CCn1c(-c2ccc(O)cc2)c(-c2ccccc2)c2cc(Nc3nc(-c4cccc(Cl)c4)cs3)ccc21,-7.7,3.287394443987114,16_293
S=c1[nH]c(CCc2ccccc2)nc2ccccc12,-6.6,3.545151396013189,16_294
CC=C1C=C(c2nn(-c3ccccc3)cc2-c2nc3ccccc3c(=O)n2NC(=O)c2cccc([N+](=O)[O-])c2C)C1,-8.2,3.2452345478581286,16_295
Cc1cc(O)c(C(=O)NCc2ccncc2)c(C)c1CNC(=O)c1ccc(C(F)(F)F)cc1,-7.3,3.645901285623837,16_296
O=Cc1ccccc1N=C1C=CC(c2cccc3c2oc2ccccc23)=CC=C(c2ccc3ccccc3c2)C1C(=O)O,-9.0,1.232288847141123,16_297
O=C(Nc1ccc(F)cc1F)c1c[nH]c2cc(N3CCNCC3)ccc2c1=O,-8.0,3.6613153245917713,16_298
CCN1CCC[C@@H]1Cn1nc(Cc2ccc(O)cc2)c2ccccc2c1=O,-6.5,3.761485670891563,16_299
Cn1cc2c(n1)-c1nc(Nc3cccc(NC(=O)C4CC4)c3)c3c(-c4ccccc4Cl)[nH]cc3c1C2,-8.2,3.3009002221136208,16_300
C#C[C](CC1[CH][C@@H]2CC=C3C=C(O[C@H]4CC[C@H]5[C@@H]6CCc7cc(OC(=O)c8ccccc8)ccc7[C@H]6CC[C@]45CCC)[C@]3(C)[C@H]2CC=C1c1cncc(F)c1)OC(C)=O,-6.7,1.4400139784455668,16_301
COc1cc(CNc2nc3ccccc3n2C)cc(OC)c1,-7.0,3.7692584234987443,16_302
COc1ccc(NC(=O)CC(=NCc2ccc(OC)c(OC)c2)c2ccccc2)cc1,-7.0,3.6541353148888307,16_303
Cc1ccc(C(=O)Nc2ccc(N3CCN(C(=O)c4ccccc4F)CC3)cc2)cc1,-7.2,3.73157063048766,16_304
O=C(c1c[nH]c(-c2ccccc2)n1)N1CCN(CCc2ccc(F)cc2F)CC1,-7.6,3.7707129163397157,16_305
Cc1ccc(C(=O)Nc2cccc(COc3cncc(C(N)=O)c3)c2)cc1,-7.0,3.715665022639767,16_306
CC1C(=N)N(O)CC2C[C@H]1CC13CC1CN(c1ncc(-c4ccc(F)cc4)cn1)CC23,-7.5,2.408669992463195,16_307
O=C(NCc1ccccc1)c1cnc(N2CCCCC2)c2ccccc12,-6.9,3.714795899508591,16_308
COc1ccccc1NC(=O)COc1ccc(S(=O)(=O)Nc2ccccc2)cc1,-6.9,3.691858047267801,16_309
CNC(=O)c1cccc(Nc2ncnc(NCC(=O)N3CC=C(c4ccccc4)CC3)n2)c1,-7.2,3.5729853150971085,16_310
Cc1ccc(-n2c(N)cc(=O)nc2SCC(=O)NCc2ccc3c(c2)OCCO3)cc1,-6.7,3.507515623581157,16_311
Cc1cc(C#Cc2cnc3cnccn23)sn1,-5.8,3.4344815481609836,16_312
O=C(c1ccc2cc(Oc3ccc(C(F)(F)F)cn3)ccc2n1)N1CCn2cccc2C1,-7.7,3.6286579120710956,16_313
CC(C(=O)Nc1ccc(-c2cccc3onc(N)c23)cc1)C(=O)Nc1ccc(F)cc1F,-7.9,3.5015231403110008,16_314
CNC(=O)N1CCc2ccccc2C1C1CCN(C(=O)c2cc(Cc3n[nH]c(=O)c4c3NCCC4)ccc2F)CC1,-9.0,3.344919670060051,16_315
COc1cccc(CNc2c(C)ncn2[C@@H]2O[C@H](COC(C)=O)[C@@H](O)[C@H]2O)c1,-6.1,3.3887037558921778,16_316
FC(F)(F)c1cccc(CN2C3[CH]C[C@@H]4OO[C@H]4[C@]3(OCCCc3ccccc3)C[C@@H]2c2ccc3c(c2)OCCO3)c1,-7.8,3.06000290838655,16_317
Cc1nnc2c(NC(C)C)nc(-c3nc4cnc(N5CCOCC5)cc4n3[C@@H](C)c3ccccc3)cn12,-8.4,3.4019965102168004,16_318
Cn1cc(Nc2nccc(-c3c[nH]nc3CC3CC3)n2)c(-c2ccc(F)cc2)nc1=O,-8.3,3.6068889911793196,16_319
Cc1ccccc1C(C(=O)Nc1cccc(C(N)=O)c1)c1ccccc1,-7.2,3.6401712214373045,16_320
CC=NN=c1cccc(C(=O)N2CCC3(CC2)C(=O)C=Cc2c3cnc(C)c2C)o1,-8.0,3.50130153659084,16_321
Nc1ccc2c(c1)c(-c1cccc(O)c1)nc1ccccc12,-7.7,3.440443605303947,16_322
O=C(NC1(C(=O)NC(Cc2ccccc2)C(=O)NCCCN2CCOCC2)CCCC1)c1cc2cc(C(F)(F)F)ccc2[nH]1,-6.5,3.147738510463724,16_323
Cc1c(Cl)cccc1NC(=O)c1cccc2onc(N[C@@H](C)CC(C)C)c(=O)c12,-7.4,3.7365270272482913,16_324
CC(C)(COc1ccc(-c2cccc3ccc(-c4nnc5ccc(F)cn45)nc23)cc1)C(=O)O,-7.0,3.552395745908038,16_325
CC(C)(C)n1nnnc1-c1cc(-c2ccccc2)nc2ccccc12,-7.4,3.658723551167143,16_326
NC(=O)c1cccc(-c2ccc3nccc(-c4ccncc4)c3n2)c1,-8.3,3.730833000642006,16_327
c1ccc(CNCc2cccc3c2OCCO3)nc1,-5.8,3.6987389970275277,16_328
O=C(Nc1cccc(CN2CCC(C(=O)NC3CCCCC3)CC2)c1)c1cccc2ccccc12,-7.6,3.5049442093275385,16_329
O=C(Nc1ccccc1)N(Cc1cccc(Br)c1)C1CCc2[nH]cnc2C1,-8.4,3.670183969191756,16_330
O=C(N1CCC(c2nc(-c3ccc4c(c3)OCO4)no2)CC1)N1NC(=O)N(c2ccccc2)c2ccccc21,-8.8,3.348779654860894,16_331
CNc1ccc2c(Nc3cccc(C(F)(F)F)c3)c3ccccc3nc2c1,-7.6,3.521304816631894,16_332
Cc1c(C(=O)Nc2cccc(C(=O)N3CCCC3)c2)cccc1-n1c(=O)c2ccccc2n(Cc2ccc(F)cc2Cl)c1=O,-7.8,3.395886920157797,16_333
COc1cccc(C(=O)Nc2c(CN3CCN(c4ccccc4C)CC3)c3ccccc3n(C)c2=O)c1,-8.6,3.6324719846719074,16_334
Cc1ccc(-c2cn(-c3cc(O)c4c(c3)-c3ccccc3C4=O)nn2)cc1,-7.9,3.673050443346466,16_335
O=CN(Cc1nc2ccccc2n1Cc1ccccc1CO)c1ccccc1-c1cc(O)n(Cc2ccccc2)c1O,-7.9,3.14671943865247,16_336
O=C(O)c1cn(C2CC2)c2cc(N3CCN(C(=O)c4cccc(C(F)(F)F)c4)CC3)c(F)cc2c1=O,-8.3,3.585826531922918,16_337
COc1ccc(-c2ccc(Oc3ccc(-c4nc5ccc(C(=O)O)cc5n4C)cc3)cc2)cc1,-7.4,3.499545323417609,16_338
COC(=O)C1(C(=O)OC)C(c2ccccc2)=[N+]([O-])C1(C)C,-5.3,3.3012778945943912,16_339
O=C(c1ccc(F)c(F)c1)N1CCC(F)(Cn2cnc3ccccc32)CC1,-7.0,3.6864103073679253,16_340
COC=C1C=COC(n2nc3c(c2NC(=O)c2ccc4c(c2)OCCO4)C(=O)N(C)C3)=C1,-8.3,3.4242545236172566,16_341
O=[N+]([O-])c1ccc(-c2nnc(-c3ccc(-c4nnc(-c5ccccc5)o4)cc3O)o2)cc1,-7.4,3.3245743142621285,16_342
O=C(NC(Cc1c[nH]c2ccc(O)cc12)C(=O)O)c1ccc2c(c1)nc(-c1ccoc1)n2C1CCCCC1,-7.5,3.236003280145959,16_343
CCOc1ccc(CCNCc2ccc(-c3ccc(N(CC)S(=O)(=O)C4=CC=CCCC=C4)cc3)cc2)cc1OCC,-4.9,1.4721591753174694,16_344
CCOc1ccccc1C(=O)Nc1ccccc1-c1ccccc1,-6.7,3.6240788814455063,16_345
CC(=O)N[C@@H](Cc1cc(F)cc(F)c1)[C@H](O)CNC1CCCCc2c(-c3cccc(C#N)c3)cccc21,-7.2,2.5180256555401783,16_346
Cc1cc(C)cc(-c2cnc(N)c(-c3nc4c(C(N)=O)cccc4[nH]3)c2)c1,-8.0,3.5661646399658435,16_347
Cc1ccccc1-n1nc(-c2ccccc2)cc1NC(=O)NCc1cccs1,-7.5,3.649093537151648,16_348
Cc1ccc(Sc2ccc(C(=O)Nc3cccc(F)c3)cn2)cc1,-6.8,3.725150083393843,16_349
CC(C)C(=O)Nc1nc(-c2ccc3c(c2)OCCO3)cs1,-6.4,3.7604391481713852,16_350
Cc1ccc(Cn2c(=O)c(-c3cn(C)c4ccccc34)nc3cnc(N(C)C)nc32)cc1,-8.6,3.5521657321926794,16_351
CN(CCCC(N)=O)c1ccc(S(=O)(=O)N2CCOCC2)cc1C#N,-5.6,3.527384998104364,16_352
Cn1ncc(-c2ccc(-c3cncc4ccc(C(=O)N5CCC5)nc34)cc2)c1C(=O)NCc1cccnc1,-7.9,3.4821710254076805,16_353
Cc1ccc(CN2CCc3nc(-c4cccc(Cl)c4C)ncc3C2)s1,-7.3,3.6739304221455553,16_354
O=C1CC[C](c2ccc(-c3cc4ccccc4o3)cc2)C2=C(CCc3ccccc3C2)N1,-8.0,2.3862618633113613,16_355
CCC(=O)N=CC1=CC(=Nc2ncc(CCNC)c(Nc3ccccc3S(=O)(=O)NC(C)C)n2)CC1,-6.5,3.3245850277410876,16_356
CCc1nnc2ccc(S(=O)(=O)N(Cc3cccc(F)c3)c3ccccc3F)cn12,-7.1,3.6710324173223334,16_357
Cc1ccccc1-c1nc(CSc2nc3ccccc3c(=O)n2C)c(C)n1-c1ccccc1,-7.4,3.378304438844073,16_358
Cc1ccc(N=C(NC(=O)c2ccccc2)NC(=O)c2cc3ccccc3oc2=O)cc1C,-9.1,3.444058927237597,16_359
O=C1COc2ccc(-c3nc(Nc4cccc(NC(=O)C5CCCCC5)c4)ns3)cc2N1,-7.2,3.516517635198531,16_360
O=C(COc1ccc(Br)cc1)NC1(C(=O)O)CCCC1,-6.0,3.633163911251045,16_362
O=S(=O)(c1ccc2[nH]c(O)c(-c3cn(Cc4ccc(Cl)cc4)c4ccccc34)c2c1)C1CC1,-7.9,3.4997553653241686,16_363
O=C(CNC(=O)c1cccc(C(F)(F)F)c1)Nc1cccc(C(=O)NCc2cccc(F)c2)c1,-7.0,3.5418840120276647,16_364
O=Cc1cn(-c2ccc([N+](=O)[O-])cc2)c2ccccc12,-7.5,3.537947403766884,16_365
COc1ccc2nccc([C@@H](O)CN3CCC(NCc4nc(-c5cccc(Cl)c5)no4)CC3)c2c1,-7.8,3.5005532210322423,16_366
Cc1ccccc1Nc1nc(N)nc(CSc2nnc(C(C)(C)c3ccc(Cl)cc3)o2)n1,-7.2,3.437631428579861,16_367
O=C1CC(c2cccc(-n3ccnn3)c2)=Cc2ccccc2N1,-7.9,2.7648662039551275,16_368
CCOC(=O)C1CCC(NCc2ccc3c(Nc4cccc(-c5ccc6c(c5)OCCO6)c4Cl)nsc3c2)CC1,-7.3,3.215098176271132,16_369
Oc1ccc(/N=C\c2ccccc2)c(Cl)c1,-6.1,3.510206099209001,16_370
N#CN1CC[C@@H](NC(=O)c2ccc(-c3cccc4[nH]ncc34)cn2)C1,-6.6,3.6642923221221513,16_371
ON=C(O)c1ccc2c(c1)nc(-c1ccc(Oc3cccc(OC(F)(F)F)c3)cc1)n2-c1cccc(C(F)(F)F)c1,-7.3,2.878970470241338,16_372
CN1CCC(S(=O)(=O)c2c(Cl)ccc(NC(=O)Nc3cccc(Cl)c3Cl)c2O)CC1,-7.1,3.5425360518701474,16_373
CC1CC(=O)Cc2c1c1c(O)cccc1c1ccc(O)cc21,-7.2,3.4967249315687248,16_374
O=c1c(C(F)(F)F)cccn1Cc1ccccc1-c1ccccc1-c1nc(-c2ccccc2)no1,-8.2,3.4638696383880765,16_375
O=C(c1ccc(-c2ccc([N+](=O)[O-])cc2)o1)n1c2ccccc2c2ccccc21,-8.1,3.428863999646661,16_376
O=C(Nc1ccc(-c2ccc3ccccc3c2)c(Cl)c1)c1ccc2c(C(=O)O)ccc(O)c2n1,-7.8,3.408404614008798,16_377
O=C(Nc1cccc(-c2ccc3c(c2)CCO3)c1)Nc1nncs1,-7.4,3.729407470653349,16_378
O=C(c1ccc(-c2cc(-c3[nH]nc4ccc(-c5ccncc5)cc34)ccn2)cc1)N1CCCCC1,-7.9,3.521027294779807,16_379
CCOC(=O)CNC(=O)NC1CCS(=O)(=O)C1,-5.5,2.012272184177832,16_380
O=C(CSc1nc2ccccc2c(=O)n1-c1ccccc1Cl)Nc1cccc(S(=O)(=O)N2CCCCCC2)c1,-7.4,2.426441401325689,16_381
NC(=O)c1ccc(-n2cnc3ccccc32)nc1,-6.8,3.6692768064526415,16_382
COc1ccc(-c2cnc(C(=O)CCCCCCc3ccccc3)o2)cc1,-5.3,3.4714245140548727,16_383
C[C@H](CO)N1C[C@H](C)[C@@H](CN(C)C(=O)Nc2ccc(C(F)(F)F)cc2)OCc2ccccc2-c2ccccc2C1=O,-7.0,1.2292727279617495,16_384
O=c1oc2ccccc2cc1-c1nnc(Sc2nc(Nc3ccc4ccccc4c3)nc(N3CCOCC3)n2)o1,-9.5,3.2132492201186045,16_385
Clc1ccc2c(c1)N=C(N1CCN(c3ccccc3)CC1)c1ccccc1S2,-7.2,2.486209179958069,16_386
CC(C)(N)c1ncnc2c1ccn2C1OC(C(=O)O)[C@@H](O)[C@H]1O,-6.4,3.2583324240152756,16_387
O=C1c2ccccc2C(=O)N1c1cc(Cl)c(Cl)c(Cl)c1,-6.9,3.481374763198108,16_388
Cc1ccc2c(c1)CC(C(=O)Nc1ccc(F)cc1F)N2C(=O)c1ccccc1-n1nccn1,-7.5,3.699809110371567,16_389
COc1ccc2oc(-c3ccc(NC(=O)c4cccc(Cl)c4)cc3)nc2c1,-7.1,3.69178354586369,16_390
CN1CCN(c2nc(N3CCCCC3)nc3c2CN(C(=O)c2ccncc2)CC3)CC1,-7.3,3.428721461127844,16_391
O=C(O)C(=O)Cc1ccc2c(c1)C(=O)c1ccccc1CO2,-7.3,2.7173127964572217,16_392
COc1cccc(CNC(=O)c2ccc(NC(=O)c3cnn(-c4ccccc4)c3C3CC3)cc2)c1,-7.2,3.5855235604902758,16_393
NNC(=O)c1ccc(-c2ccc3nccc(-c4cccc(C(F)(F)F)c4)c3n2)cc1,-9.1,3.484898212780601,16_394
O=C(O)COc1ccc(-c2oc3ccccc3c(=O)c2OCCCc2ccc(F)cc2)cc1,-7.3,3.567445920349407,16_395
O=C(COc1cccc(Cl)c1)NCc1cc(-c2ccccc2)no1,-6.1,3.800347592326153,16_396
Nc1n[n+]([O-])c2ccc(Cl)cc2[n+]1[O-],-5.3,3.2321419232910356,16_397
O=C(Nc1c(-c2ccccc2)[nH]c2ccc(Br)cc12)c1cc(-c2ccccc2)nc2ccccc12,-8.7,3.296393978240134,16_398
O=C(Cc1ccccc1)NN1C(=O)c2ccccc2NC1c1ccccc1OCc1ccccc1,-8.5,3.588176600729877,16_399
CCOc1cccc2nnc(-c3ccc(OC)cc3)nc1Cc1ccccc1S(=O)(=O)N2,-7.0,1.2768047341939583,16_400
O=c1oc2ccc(Cl)cc2cc1-c1n[nH]c(S(=O)(=O)C2=CC=CCC2)n1,-7.6,3.6520034743056877,16_401
Cc1cccc(-c2ncc(Cl)c(Oc3cccc(C(=O)N4CCCC(C)C4)c3)n2)c1,-7.8,3.6871579717132055,16_402
COc1cccc(C(=O)Nc2[nH]nc3ccc(-c4cn(Cc5ccccc5)nn4)cc23)c1,-7.9,3.5481435296426884,16_403
O=S(=O)(c1ccc(F)cc1)C1(c2ccc(C(OCc3c(F)cccc3F)(C(F)(F)F)C(F)(F)F)cc2)C[C]2C(C1)C2C(O)=NO,-8.7,2.8634592337474873,16_404
O=C(CCCNCCc1ccc(O)c2[nH]c(=O)sc12)Nc1ccccc1O,-6.5,3.3154408271191285,16_405
CCOc1ccc(C(=O)Nc2ccc(Nc3nccc(Nc4ccccc4C(N)=O)n3)cc2)cc1,-6.5,3.320016266381335,16_406
N[C@@H](CC(=O)N1CCC[C@H]1CNS(=O)(=O)c1c(F)cccc1F)Cc1ccccc1F,-7.1,3.65572160468572,16_407
COC=CC=C(C)C1=CC(=[N+]2C=CC=CC2)C(c2ccccc2)N1CC#N,-5.8,3.21780112838307,16_408
CC(=O)OC1C(=O)c2c(O)cc(O)cc2OC(c2ccc(O)c(F)c2)=C[C@@H]1Oc1cccc2ccccc12,-8.6,1.5032610464979457,16_409
C[CH]C1C[C@@H]2C(N=C(Nc3ccccc3)Nc3cc(C(=O)NCc4ccccc4)cc(C(F)(F)F)c3)C2C(F)=Cc2c1n(C1CC1)cc(C(=O)O)c2=O,-9.0,0.8080141077271268,16_410
COc1ccc(-c2cc3ccccc3c3nocc3c2=O)cc1,-7.7,2.635676873231885,16_411
Cc1cccnc1Nc1cccc2c1C(=O)N(c1ccccc1F)C2=O,-8.0,3.7170552636258893,16_412
CC(=O)OCCOc1cccc(CNC(=O)CCCc2nnc3n(C)c(=O)c4sccc4n23)c1,-6.4,3.3114140878125085,16_413
CCc1cc(CNC(=O)c2cccc(-c3cccc(C(F)(F)F)c3)c2)n(-c2ccccc2)n1,-6.9,3.6056292987614698,16_414
CCCC1CN(C=NC2=CC(=O)N(Cc3ccccc3F)C(=O)Nc3c(C(N)=S)cccc32)C1,-6.7,1.5730582831745767,16_415
O=c1nc2n(-c3cccc(F)c3)c3ccc(Cl)cc3cc-2c(=O)[nH]1,-7.2,3.594352817613827,16_416
O=C(Nc1cccn2c(C3=CN(C(=O)c4ccccc4Cl)C=CC=C3)cnc12)c1ccccc1,-8.6,2.6893875331411863,16_417
COc1cccc(NC2c3ccccc3C(=O)N2c2ccoc2)c1,-6.6,3.7757924200322064,16_418
CC(=O)NS(=O)(=O)c1ccc(NC(=O)c2ccc3c(c2)c2ccccc2n3C)cc1,-8.1,3.6661956343810025,16_419
O=C(NCc1ccccc1)c1ccc2c(=O)n(Cc3ccco3)c(=S)[nH]c2c1,-7.0,3.6459626778390506,16_420
O=C(c1ccccc1)c1cnc2c(C(F)(F)F)cccc2c1-c1cccc(N2CCC(c3ccccc3F)C2)c1,-8.0,3.1361379257192907,16_421
Cc1c(C=O)cnc2c3c(ccc12)NC1CCC3C1,-6.1,3.4586998395904924,16_422
Cc1cc(F)ccc1NC[C@@H]1CCN(C(=O)c2ccc(-c3ccccc3)nc2)CC1C=O,-7.5,3.6905195402373243,16_423
CC1=S(Cc2cc(C)on2)COC2(CCCC2)O1,-5.9,3.3877570611191627,16_424
O=C1NC(Cc2ccccc2)C(=O)Oc2ccccc2C(=O)c2cc1c(Cl)cc2Cl,-8.1,1.2702331756604721,16_425
CC(=O)c1c(O)c(C)c(O)c2c1OC1=Cc3c(c(C)nn3-c3ccc(C)cc3)C(=O)[C@]12C,-8.1,3.506993186725181,16_427
CCc1ccc2cc3c(cc2n1)C(=O)c1ccccc1-3,-6.9,3.4246773230015095,16_428
CCc1ccccc1NC(=O)c1cccc(C(=O)Nc2ccc3c(c2)OCO3)c1,-7.4,3.734338332934252,16_429
O=C(NCc1ccc(S(=O)(=O)c2ccccc2C(F)(F)F)cc1)c1cc2ccncc2o1,-7.5,3.681019172622558,16_430
O=C(Nc1ccc(C2=NC(c3ccccc3)=CC(c3ccc4c(c3)OCO4)O2)cc1)Nc1ccccc1F,-9.1,3.4341908815004105,16_431
Cc1ccc(-c2cc3c(c4c2ccn4C)CCC(=O)N3)cc1C,-8.0,3.5483841634719733,16_432
CS(=O)(=O)NC(=O)c1ccc(-c2cnc3ccc(NCC4CC4)nn23)cc1F,-7.1,3.6299257299033276,16_433
CC1CC[C@H]2C3=CC[C@@H]4[C@@]5(C)CC[C@H](O)[C@@](C)(CO)[C@@H]5CC[C@@]4(C)[C@]3(C)CC[C](C(=O)NCc3cn(-c4ccc(F)cc4F)nn3)CC12,-8.4,1.0610617384870134,16_434
N=c1c2ccccc2nc(-c2ccccc2)n1-c1ccc([N+](=O)[O-])cc1,-7.0,3.627697609691195,16_435
CC(=O)Nc1cc(-c2c(-c3ccc(F)cc3)ncc3cc(CC(=O)O)ccc23)cc2c1C(=O)N(Cc1ccccc1)C2=O,-8.3,3.2579269215497435,16_436
O=C(NNc1ccc(Cl)cc1)c1cc2ccccc2cc1O,-7.2,3.5938260557872033,16_437
O=C(NCC(CNc1ccc(S(=O)(=O)Nc2nccs2)cc1)c1cccc(C(F)(F)F)c1)c1ccc2ccccc2c1,-8.3,3.191711152525266,16_438
Cc1ncc2c(-c3ccccc3)nc3ccccc3n12,-7.3,3.461742735460808,16_439
O=C(Nc1nc(-c2ccccc2)nc2c1nnn2Cc1ccccc1)c1ccc(F)cc1,-8.9,3.606791753932993,16_440
Nc1ccc(CN2CCCC2)cc1-c1ccc(C(=O)Nc2cccc(CO)c2)cc1,-7.2,3.5811861760221015,16_441
Cc1c(OCc2ccc(-c3ccccc3C(O)=NO)cc2)ccc2ccccc12,-7.8,3.2713214293185358,16_442
O=C(/C=C/c1cccc2ccn(Cc3ccccc3)c12)NS(=O)(=O)c1cc(Cl)c(Cl)s1,-7.3,3.5837019367111065,16_443
O=C(CSc1nc2ccccc2c2nc(CC(=O)NC3CCCCC3)c(O)n12)Nc1ccc(F)cc1,-6.9,3.362522755683715,16_444
O=c1cc(OCc2ccc(-c3cccc(Cl)c3Cl)cc2)c2ccccc2o1,-7.3,3.5023568601611736,16_445
O=C(NCc1ccco1)c1ccc2cc(-c3nc4cc5c(cc4[nH]3)OCO5)[nH]c2c1,-7.5,3.487272678316555,16_446
Cc1ccc(OC(C)C(=O)Nc2ccc(N3CCCCC3)cc2)cc1,-6.4,3.7123394196776327,16_447
O=C(NCc1ccncc1)C(=O)NCC1OCCN1S(=O)(=O)c1ccc([N+](=O)[O-])cc1,-7.1,3.197972972348647,16_448
Cc1c(-c2ccc3ccccc3c2)nc2ccccc2c1C(=O)NCc1ccccc1,-8.3,3.375757160034821,16_449
Cc1ccc(S(=O)(=O)N(C)c2ccc(C(=O)NCC3(N4CCCCC4)CCCCC3)cc2)cc1,-6.5,3.627298613966735,16_450
CCc1ccc(NCc2cc3ccccc3nc2Nc2ccccc2C(=O)Nc2cccnc2)cc1,-8.0,3.3324730750932683,16_451
O=S(=O)(Nc1ccc(-c2cccc(-c3ccccc3)c2)cc1)c1ccccc1Cl,-7.4,3.557735528164568,16_452
O=C1Nc2ccccc2/C1=C\c1cccnc1,-5.7,3.4753299003641525,16_453
O=C(CCc1cccc(F)c1)N=CC(=O)NCCCCN=C=S,-5.4,3.4802533805743794,16_454
Cc1ccccc1C(=O)N1CCN(c2ccc(NC(=O)c3cc4ccccc4s3)cc2)CC1,-6.1,3.638281024449711,16_455
c1ccc2nc(CCCCN3CCOCC3)ncc2c1,-5.6,3.6144549817496463,16_456
O=C1NC(=S)S/C1=C\c1cccc(-c2cc3ccccc3o2)c1,-8.0,3.631010152258452,16_457
C1=NN=C([C](N=C(c2ccccc2)c2ccccc2)C2c3ccccc3-c3cncnc32)C1,-7.0,3.4379381025370943,16_458
O=c1c2c3c(sc2ncn1-c1cccc(-c2ccccc2Cl)c1)CC(N1CCCCC1)CC3,-7.8,3.470540815071889,16_459
O=C(Nc1ccc(Cc2cc([C@@H]3O[C@H](CO)[C@@H](O)[C@H](O)[C@H]3O)ccc2Cl)nn1)c1ccccc1C(F)(F)F,-7.4,3.2137928160128877,16_460
CC(=O)Nc1cccc(-c2ccc3c(ccn3S(=O)(=O)c3ccccc3)c2)c1,-7.9,3.7206808746394313,16_461
O=C(c1cc(S(=O)(=O)N2CCOCC2)c(Cl)cc1Cl)N1CCC(c2ccccc2)CC1,-7.5,3.6306733459111267,16_462
O=C(c1ccccc1)C1CCN(c2ccn3c(CC4CC4)nnc3c2Cl)CC1,-6.9,3.580765262205564,16_463
O=C(CNC(Cl)=CNC(=O)c1ccccc1)c1ccc(O)c(F)c1,-6.1,3.561909217434476,16_464
CN1CCC[C@H]2[C@H](c3ccc(C#CC(C)(C)O)cc3)c3ccccc3[C@@H]21,-6.8,3.3597488030027085,16_465
O=C(COC(=O)c1ccc(-c2cccc(C(F)(F)F)c2)cc1)Nc1cccc(S(=O)(=O)N2CCCCCC2)c1,-6.8,2.5777488130178483,16_466
O=C1CSc2ccccc2N1Cc1cn(CCC2Nc3ccccc3-c3nc4ccccc4nc32)nn1,-8.5,3.395136213149886,16_467
C=CCNC(=O)C(Oc1ccccc1)C(C(=O)OCC)C1=NC(C)=Nc2ccccc2N1,-7.1,2.5623672405613034,16_468
O=C(Nc1ccc(F)cn1)c1ccc(-c2cc(Cl)ccc2Cl)o1,-6.6,3.7470349698336687,16_469
O=C(CC(c1ccccc1)c1ccccc1)N1CCN(c2ccc(N3C[C@H](COc4ccon4)OC3=O)cc2)CC1,-6.4,3.347362941022539,16_470
N=C(N)NCCC[C@H](NC(=O)C(CCCCN)NC(=O)c1ccc(-n2c(N)nc3ccccc32)cc1)c1cccc2ccccc12,-6.8,2.6732694057263076,16_471
CC1CCN(c2c(S(=O)(=O)c3cccc(Cl)c3)cnc3ccccc23)CC1,-7.1,3.69535957495063,16_472
O=C(O)c1ccccc1N=CCC=CCCc1ccc2c(c1)OCC2,-6.2,3.617000608403974,16_473
O=C1OCC2=C1C(c1cc3ccccc3[nH]1)c1cc3cc(-c4ccco4)ccc3nc12,-8.8,3.382037146172117,16_474
O=C(OCc1ccc(Cl)cc1)c1ccc2c(c1)C(=O)N([C](Cc1ccccc1)C(O)=NO)C2=O,-7.0,3.206928117087565,16_475
COc1ccccc1OCCCC(=O)Nc1nc2ccccc2[nH]1,-6.1,3.7068920110721106,16_476
COc1cccc(-n2cc(C(c3c[nH]c4ccccc34)c3c[nH]c4ccccc34)nn2)c1,-8.3,3.533937843915494,16_477
O=Cc1c(-c2ccc(Oc3ccccc3Br)cc2)oc2cc(OCc3ccc4ccccc4c3)cc(O)c12,-8.3,3.170629554158699,16_478
O=C(Nc1cccc(CN2CCC(C(=O)NC3CCCCC3)CC2)c1)c1ccc(C(F)(F)F)cc1,-6.9,3.4898110588428217,16_479
O=C(c1cccc(C(F)(F)F)c1)N1CCN(c2cc(-n3cncn3)ncn2)CC1,-8.2,3.6233080207519053,16_480
Nc1[nH]nc2nccc(-c3ccc(NC(=O)Nc4cccc(F)c4)cc3)c12,-7.6,3.5000311510863904,16_481
O=C(O)c1ccc(NC(=O)c2cccc(COc3ccc(C(F)(F)F)cc3Cl)c2)cc1,-7.2,3.6351435437193675,16_482
O=C(CCc1ccco1)Nc1nnc([C@@H]2C[C@H](O)[C@@H](CO)O2)s1,-5.9,2.309830594794823,16_483
O=CC(CNC(=O)c1ccc2c(cnn2CCCNc2ccccn2)c1)NC(=O)Oc1ccccc1Oc1ccccc1-c1ccccc1,-6.5,2.7990572212901768,16_484
O=C(O)CS(=O)(=O)c1ccc(-c2cccc(C(=O)Nc3cccc(C(=O)O)c3)c2)cc1,-7.2,3.5569391667472106,16_485
Oc1cccc(-c2cccc(-c3cnc4ccccc4c3)c2)c1,-8.0,3.476533192725525,16_486
Cc1ccc(C)c(-c2ccc(NC(=O)C3CCN(c4ccc(C)c(F)c4)CC3)cc2)c1,-7.7,3.547177678548075,16_487
N=CC(Sc1cc(Nc2ccc(F)cc2OC(O)Cn2[nH]c3ccccc3c2=O)ncn1)C(=O)N1CCOCC1,-8.3,2.7550400094830723,16_488
Cc1[nH]nc(C(N)=O)c1-c1ccc(-c2ccc(-c3ccccc3)cc2)cc1OCc1ncc2cc(N)c(-c3ccc4c(c3)OCO4)cc2c1C,-8.1,2.920102983486214,16_489
O=C(Nc1ccn([C@@H]2O[C@H](CO)[C@@H](O)C2(F)F)c(=O)n1)C1=CC=COC1,-7.0,3.23268741123228,16_490
O=C(Nc1ccc(Cl)cc1)N1CCN(c2ccc([N+](=O)[O-])cc2)CC1,-7.0,3.683437043721217,16_491
O=C1C=CC=C(n2cc(-c3cc4ccc(F)cc4[nH]3)c(=O)c3cc(F)ccc32)CO1,-9.5,2.6481752810007095,16_492
O=C(O)c1ccc(Nc2nccc3cc(-c4cccnc4OCc4ccccc4)ccc23)cc1,-7.0,3.3614688392353296,16_493
O=Cc1c(-c2ccccc2)nc(-c2[nH]c(-c3ccc(Cl)o3)nc2-c2ccc(Cl)cc2O)n1-c1ccccc1,-8.1,3.312338756890873,16_494
Nc1ncccc1-c1nc2ccccc2n1-c1cccc(-c2cccc3ccccc23)c1,-8.7,3.4970615246737875,16_495
Nc1ncnc2c1ncn2CCOCP1(=O)OCCC(c2cccc(Br)c2)O1,-6.0,3.456729682955103,16_496
O=C(OCC(O)O)c1cc(O)c(O)c2oc(-c3ccc(O)c(O)c3)cc12,-7.4,3.0764151731358886,16_497
COC=CC=C(C)CNC(=O)C[C@@H]1c2ccccc2C(=O)N(CC(C)C)C1C=O,-5.9,3.4650452348980316,16_498
O=C(c1ccc(Cl)cc1-n1nccn1)N1CC[C@H]2CN(c3cc(C(F)(F)F)ccn3)[C@H]2C1,-7.9,3.5833683915165637,16_499
Cc1ccc(N(CC(=O)NCC2CCCO2)C(=O)CCC(=O)Nc2cc(C)on2)cc1,-6.7,3.6062453561695227,16_500
O=C(Nc1ccc2c(c1)=CCC(CN1CCOCC1)C=2)c1ccc2c(c1)OCO2,-7.2,3.547977341545928,16_501
C/C=C/CN1CCc2ccc(NC(=O)c3ccc(C(F)(F)F)cc3)cc2C1=O,-6.2,3.675102930142762,16_502
COC1=CC=C(c2cc(C(=O)O)c3cnn(Cc4ccncc4)c3c2C)C1Cl,-7.2,3.7388911023788722,16_503
NC(Cc1ccccc1)C(=O)N1CCCC(c2ccc(F)cc2)(c2cccc(-n3ccnc3)c2)C1,-8.2,3.64329146071786,16_504
O=C(CSc1nnc(-c2cccc(NC(=O)c3ccco3)c2)o1)c1ccc(Br)cc1,-7.2,3.488691035405644,16_505
Cc1cc(F)ccc1Nc1ncnc2ccc(-c3ccc4c(c3)OCO4)cc12,-9.8,3.661565529626063,16_506
Cc1cn(Cc2cccc(-n3ccc(N4CCOCC4)n3)c2)c2ccccc12,-7.8,3.6219184266061717,16_507
COc1ccc2nc3c(cc2c1)C=NN=C(Nc1ccccc1F)S3,-7.6,2.7667806334851637,16_508
c1ccc(CNc2nnc(-c3ccccn3)c3ccccc23)cc1,-7.7,3.6824234726926157,16_509
COC(=O)c1cc2c(ccn2-c2ccc(F)cc2)n1-c1c(F)cccc1F,-6.6,3.5753308790634097,16_510
O=c1c2ncn3nc(-c4ccccc4)cc3c2c(-c2cccc(Cl)c2)nn1Cc1ccco1,-7.6,3.514901269018499,16_511
O=c1c2ccccc2c(-c2ccc(F)cc2F)nn1-c1cccc(C(F)(F)F)c1,-9.3,3.513194570742055,16_512
CC=C1C=CC(S(=O)(=O)NC(=O)c2ccc(Nc3nc(-c4ccccc4O)nc(-c4ccccc4)c3C)cc2)=C1,-8.2,3.329559740411166,16_513
O=C(/C=C/c1ccc(Cn2cc(CO)c(-c3ccccc3)n2)cc1)c1ccccc1,-6.9,3.5325165315000504,16_514
FC(F)(F)c1ccc2c(c1)[CH]Oc1cccn1-c1c-2ccc2ccccc12,-9.2,1.4881705890185124,16_515
Cn1nc(-c2cnn(Cc3ccc(F)cc3)c2)c2c(N3CCN(C(=S)Sc4c5c(nc6ccc(Cl)cc46)CCC5)C3)ccnc21,-8.5,3.0288925525025165,16_516
O=C(COc1ccc(-c2cc3ccccc3[nH]2)cc1)Nc1ccc(CN2CCOCC2)cc1,-6.7,3.6264327628764272,16_517
O=C1c2ccccc2C(=O)N1CCN1CCN(c2ccccc2)CC1,-7.3,3.5870722206055374,16_518
O=C(Nc1cccc(-c2ccc3cccc(O)c3c2)c1)c1cccc(C(F)(F)F)c1,-7.5,3.519592631090359,16_519
NC(=O)c1ccccc1Nc1cc(Nc2cccc(CN3CCOCC3)c2)ncc1-c1ccc(F)cc1,-8.2,3.4655669563923963,16_521
O=C(Nc1ncc(Cc2ccccc2)s1)c1cc2ccccc2o1,-7.3,3.7148990532661466,16_522
O=c1cc(Cn2ccnc2)c2ccc(Oc3ccc(F)cc3)cc2o1,-7.4,3.6526914843792113,16_523
Cc1ccc2[nH]c(=S)n(CCc3cccc(C(F)(F)F)c3)c(=O)c2c1,-7.6,3.6885987159194906,16_524
CCOC(=O)N1CCCC1c1cc(-c2ccc(OC)cc2)nc2nc(C)cc(C)c12,-7.3,3.6961595183496896,16_525
O=C(Cc1n[nH]c(=O)c2ccccc12)OCC(=O)c1ccc2ccccc2c1,-7.9,3.606282691342435,16_526
COC(=O)C1=C(c2ccc(-c3ccccc3)c(F)c2)C[C@@H]2CC[C@H]1N2C(=O)NCc1cccc(C)c1,-7.2,3.5061026201126895,16_527
Nc1nncc(N2CCc3ccc(-c4ccccc4)cc3C2)n1,-7.4,3.7403061818998324,16_528
COC1=CC=C2C(C=C1)C(=CC=CCCl)N2C(=O)CN1C=CN(c2ccccc2)C(=O)C(Cc2[nH]nc3ccccc23)C1=O,-8.3,2.278995934652385,16_529
CC=C1C=CC(N(C(=O)c2snnc2C)C(C(=O)NCC2CCCO2)c2ccc(-n3cccn3)c(Cl)c2)=C1,-7.2,3.44970121634913,16_530
Cc1cccc(-c2cc(C(F)F)n3ncc(C(=O)N4CCc5ccccc5C4)c3n2)c1,-9.7,3.636469572194167,16_531
CN(C)c1cccc2ccc(OC=CC(CC=O)=NC(=O)c3cccc(C(F)(F)F)c3)cc12,-7.6,3.491321960066929,16_532
O=C(NCC(=O)N1CCN(c2ccccc2)CC1)c1cccnc1Cl,-6.8,3.728222539087696,16_533
COc1ccc(-c2cc(-c3ccc([N+](=O)[O-])cc3[N+](=O)[O-])[nH]n2)cc1,-7.0,3.597671234686887,16_534
O=C(c1cccc2ccccc12)N1CCN(Cc2c(-c3ccc(Cl)cc3)nc3ccc(C4CC4)cn23)CC1,-8.1,3.2952728386233776,16_535
Cc1ccccc1Nc1cccc(NC(=O)c2ccc(NC(=O)c3ccccc3C)cc2)c1,-7.5,3.458973107657531,16_536
COc1ccc(C(CNC(=O)c2cnc(Cl)c(C(F)(F)F)c2)N2CCC(C)CC2)cc1,-7.2,3.672181188098348,16_537
O=C(NCCc1ccccc1)c1ccc2nc(-c3ccco3)c(-c3ccco3)nc2c1,-7.5,3.5684685927274735,16_538
O=C(O)C1CN(c2cccc(Cl)c2)C(=O)C(CC(=O)N2CCOCC2)N1,-7.3,3.4553707880163236,16_539
O=c1cc(-c2cccc(Br)c2)c2cc(C(c3ccccc3)c3ccc(Cl)cc3)ccc2[nH]1,-8.5,3.0960606518775293,16_540
Cc1ccc2c(Cc3n[nH]c(-c4cc(C)nc(C)c4)n3)c[nH]c2c1,-7.2,3.6647281518180987,16_541
O=C1CC2(C(=O)N1)c1ccccc1C(=O)N2Cc1cc(F)ccc1C(F)(F)F,-7.2,3.551924587684627,16_542
O=C(Cc1nc(=O)cc(N2CCOCC2)[nH]1)N1c2ccccc2CC1c1ccccc1,-8.1,3.671683343186431,16_543
C1=CCC(N2C=CC3=Nc4ccccc4N(c4ccc(OCCN5CCCC5)cc4)C3=N2)=C1,-7.5,3.343449891315924,16_544
O=C(Nc1ccc(Oc2ccc3ccccc3c2)cc1)c1ccc(Br)cc1,-7.3,3.533937297734897,16_545
O=C(O)c1ccc(CC2=CC(=NC(=O)c3ccccc3NS(=O)(=O)c3cccc4nsnc34)C=C2)cc1,-8.5,3.3708423771540827,16_546
O=C(c1ccccc1)c1cccc(OC(=S)Nc2cccnc2)c1,-6.7,3.687058642683531,16_547
COc1ccc(CNC(=O)Cn2cnc3c(cnn3-c3cccc(F)c3)c2=O)cc1,-6.7,3.647439718791535,16_548
NNC(=O)CNC(=O)C(Cc1ccccc1)NC(=O)c1ccc2c(c1)OCCO2,-7.3,3.2244512811379553,16_549
COC=CC=C1C=CC=CC(C2N=CC([C@H](Cc3cccc(OC)c3)c3cccc(C(F)(F)F)c3)=NN2)=C1c1cccc(N)c1,-7.8,2.23208825059211,16_550
COc1cc(C=O)c(OCc2cccc(-c3ccccc3)c2C)cc1OC,-6.5,3.5876736128801405,16_551
CC=C1CC(c2ccc(NC3CCN(C(=O)c4ccccc4-c4ccc(F)cc4)CC3)nc2)=NC1=Nc1cc(C(F)(F)F)ccn1,-8.1,3.293033730416385,16_552
O=C(C=CC=C1C=CC(=O)N(C2CC2)C1)c1ccccc1F,-6.0,3.3814728639331797,16_553
Cc1cccc(Nc2ncnc3ccc(Br)cc23)c1,-7.5,3.6711057616632425,16_554
O=C1c2ccccc2C(=O)c2c1cc(SSSc1ccccc1Cl)c1nsnc21,-7.2,3.4719648475247555,16_555
Nc1ccc(-c2ccc(-c3cccc4c(=O)cc(N5CCOCC5)oc34)cc2)cc1,-8.0,3.626457111850562,16_556
O=C(N[C@H]1CC[C@H](c2nnc3cnc4[nH]ccc4n32)CC1)c1ccc2cc(Oc3ccc(C(F)(F)F)cn3)ccc2n1,-6.7,3.296242877650796,16_557
O=C(O)COc1cc([N+](=O)[O-])ccc1-c1ccc(/C=C2\SC(=S)NC2=O)c([N+](=O)[O-])c1,-7.9,3.1324947289873153,16_558
O=C1c2cccnc2C(=O)c2c1c(C(=O)OCCCN1CCCCC1)c1ccc(Br)cn21,-7.0,3.5012219892401757,16_559
O=CC(C(=Nc1cccnc1)c1ccc(Nc2ccc3ccccc3c2Br)cc1)c1ccc(F)cc1,-8.0,3.1694458709099145,16_560
CC(=O)Nc1ccccc1Sc1cc(CCC23CC4CC(CC(C4)C2)C3)c2ccccc2[n+]1[O-],-7.4,3.201992323002627,16_561
CNc1c2cc(-c3cccc([C@@H](C)Nc4cccc(-c5cccc(C(=O)N(C)C)c5)c4)c3)ccc2nn1C,-8.6,3.385310025240934,16_562
CC(C(=O)NCc1ccc(-c2ccncc2)cc1)c1ccc(-c2ccccc2)c(F)c1,-7.3,3.522516210678692,16_563
COC=C1C=C1N1C=CC(=Nc2ccc3c(ccn3C)c2)N=CC=CNN1,-7.3,1.4373110853318445,16_564
O=C(Cc1ccc(-c2ccccc2)cc1)NC1COc2cc(-c3ccc(-c4ccc(F)cc4F)o3)ccc2C1=O,-7.8,3.401816172952877,16_565
O=CN=CC1=C(C(=O)N=CC2=CC(c3[nH]c(-c4c(F)cccc4F)nc3-c3ccccc3)C=C2)CCC1=NS(=O)(=O)c1ccccc1,-7.9,3.1119990394708212,16_566
O=C1NCCc2cc(-c3ccc(C(F)(F)F)cc3)ccc21,-7.4,3.4973603154880584,16_567
NC(=O)c1ccccc1-c1cnc2cc(-c3ccc(F)cc3F)ccc2c1,-7.5,3.622306116016672,16_568
Cc1ccccc1NC(=S)N(Cc1ccco1)Cc1cc2cc3c(cc2[nH]c1=O)OCCO3,-6.8,3.617469355489511,16_569
O=Cc1c2cc(OCCCCCCn3c4ccccc4c4nc5ccccc5nc43)cc-2coc1-c1ccccc1,-6.9,2.99846255192281,16_570
C=C(C)c1[nH]c2cc(-c3ccccc3OC)ccc2c1C=CN1C=CC=C(C=COC)C1=C,-7.5,3.494098152431619,16_571
CCCc1nn(C)cc1NC(c1ccccc1)c1ccc2cccnc2c1O,-7.3,3.6565758297278865,16_572
O=S(=O)(Nc1cccc(-c2ccc(N3CCOCC3)nn2)c1)c1cccc(Cl)c1,-7.5,3.7684222977781707,16_573
Cc1cc(C#N)cc(C)c1Oc1ccnc(Nc2ccc(N3CCC(N4CCN(C)CC4)CC3)cc2N)n1,-4.3,3.393871496506253,16_574
C[C@@H]1C[C@H]2[C@@H]3C[C@H](F)C4=CC(=O)C=C[C@]4(C)[C@@]3(F)[C@@H](O)C[C@]2(C)[C@@]1(OC(=O)C12CC3CC(CC(C3)C1)C2)C1=CCOC1=O,-7.8,2.977845102519832,16_575
Cc1ccc2nc(N=C(N)N=C3C=CCC3)nc(C)c2c1,-6.4,3.577155131537832,16_576
O=C(Nc1cccc(Nc2ncnc3c2Cc2ccccc2N3)c1)c1ccccc1C(F)(F)F,-8.0,3.5287028957045257,16_577
CCOc1cc2ncnc(Nc3cccc(-c4cccc(F)c4)c3)c2cc1OCC,-7.0,3.6504072774389615,16_578
COc1ccc(-c2c(C(=O)C(N)=O)c3cc(OC)ccc3n2Cc2ccccc2)cc1,-6.9,3.5819007745135525,16_579
N#Cc1ccc(Oc2ccc(NC(=O)C3=CCc4ncc(-c5nccs5)cc43)cc2)cc1,-6.7,3.6553973885252304,16_580
Cc1cc(Oc2ccnc(Nc3cccc(C#N)c3)n2)ccc1-c1ccccc1C(=O)Nc1cccc(C(=O)O)c1,-7.4,3.103146420278292,16_581
Cc1cc(C)cc(NC(=O)Nc2cc(-c3nc4ccccc4[nH]3)ccn2)c1,-8.2,3.5508047240784695,16_582
O=C(Nc1cccnc1)c1cc(-c2ccco2)nc2ccc(-c3ccc(OC(F)(F)F)cc3)cc12,-7.9,3.4200063852139753,16_583
O=C(Nc1cccc2c1CCC(=O)C2Cc1c(Cl)cccc1Cl)c1cccc(Cl)c1,-7.0,3.611370292182979,16_584
COCC1=CC=COCC(C)(c2ccc(N3C[C@H](CNC(C)=O)OC3=O)cc2F)SC=C1,-6.9,1.443341703743799,16_585
Cc1ccc(C(=O)Nc2cccc(Nc3ccnc(-c4ccc(F)cc4)n3)c2)cc1,-7.6,3.6436327041531062,16_586
CCCCN(CC)c1nc(C)nc2c1nc(-c1ccccc1)n2CCN1CCOCC1,-7.3,3.5900935259182383,16_587
Cc1nc(-c2ccccc2)c(C(=O)N2CCN(c3cccc(Cl)c3)CC2)o1,-7.7,3.711609394439657,16_588
CCOc1cc(C2=NCCN2)ccc1Nc1nccc(-c2c(-c3cccc(C(=O)Nc4c(F)cccc4F)c3)nc3ccccn23)n1,-8.0,3.0347320561968787,16_589
O=[N+]([O-])c1c[nH]c(=S)n1Cc1cccc2ccccc12,-6.4,3.5620920157598777,16_590
NC1=NC2(CCSCC2)N(OCCCOc2ccc(F)cc2)C(N)=N1,-5.9,3.3855135742922835,16_591
O=C(CCNS(=O)(=O)c1ccccc1C(F)(F)F)Nc1cccc(S(=O)(=O)N2CCOCC2)c1,-7.5,3.515151169407866,16_592
COc1ccc(CNc2ccnc3ccc(Br)cc23)cc1C(=O)Nc1ccc(C(F)(F)F)cc1,-7.4,3.567014973992384,16_593
CC(C)=CCC1=CC=CCCC(NC(=O)N2CCC(n3c(=O)[nH]c4ccccc43)CC2)C(=O)N2CCC(N3CCCCC3)CC2=C1,-9.4,0.7716324813553355,16_594
Nc1c(C(=NC=N[C@H]2CC[C@H](N)C2)Nc2ccc(Nc3ncccc3C(F)(F)F)cc2)ncn1CCCO,-6.9,3.0752628048971755,16_595
O=C1N(c2cccc(C(F)(F)F)c2)CCN1c1cnccc1C1CCCNC1,-7.1,3.6634786437427937,16_596
CN(C)C(=O)CN1C(=O)c2cccc3cccc1c23,-6.0,3.546592258348677,16_597
CC(C)(C)c1ccc(C(=O)/C=C/c2ccc(-c3ccc(-c4cc(=O)c5ccccc5o4)cc3)cc2)cc1,-5.9,3.139487544503604,16_598
N=C1COC[C@](c2cc(NC(=O)c3ccc(Cl)cn3)ccc2F)(C(F)F)N1,-7.2,3.6485772918126824,16_599
S=c1[nH]cnc2c1ncn2Cc1ccc2c(c1)OCO2,-6.5,3.6069949927648017,16_600
Cc1ccc(C(=O)Oc2ccccc2N2C(=O)c3cccc4cccc(c34)C2=O)cc1,-7.2,3.3308914019657627,16_601
O=C(O)c1ccccc1-c1cccc(-c2cccc(-c3nc4cc(C(F)(F)F)ccc4[nH]3)c2)c1,-8.1,3.305150367322449,16_602
O=C1c2ccccc2C(=O)N1CCCCn1ccc2ccccc21,-6.5,3.573896105691223,16_603
O=CNC[C@H]1CN(c2ccc(-c3ccc4c(c3)OCO4)cc2)C(=O)O1,-7.5,3.654378099147657,16_604
O=C(O)CCc1nc(-c2cccc(F)c2)c(-c2ccccc2)o1,-6.9,3.759023426072795,16_605
O=C1Nc2c(ccc(F)c2F)C1(c1ccc(O)cc1)c1ccc(O)cc1,-7.2,3.625404342580193,16_606
CC(CO)Cc1c(-c2ccccc2Cl)c2cc(Cl)ccc2[nH]c1=O,-5.9,3.67121842467606,16_607
O=C(Nc1nc2cc(-c3ccncc3)ccn2n1)c1cccc(F)c1Cl,-7.6,3.7246297827368213,16_608
O=C(NCC(=O)N1CCc2ccccc2C1)c1cccc(-n2cccn2)c1,-7.3,3.7642398940574457,16_609
O=C(Nc1cccc2c1N1N=CNC2C=C(c2ccc3c(c2)OCO3)C1=O)c1ccco1,-8.2,2.480886947706625,16_610
O=C(NC(C(=O)c1ccco1)c1cccc(NC(=O)c2ccccc2F)c1)c1ccccc1,-7.0,3.481542407636339,16_611
O=C(NCCc1c[nH]c2ccccc12)c1cccc(S(=O)(=O)N2CCCC2)c1,-6.8,3.731716828855194,16_612
CCc1c2c(coc1=O)C(=NC(=O)c1cc3ccccc3nc1Oc1ccc(F)cc1F)C=C2,-8.9,3.611329994126109,16_613
O=c1ccn([C@@H]2O[C@H]([C@@H](O)CP(=O)(O)O)[C@@H](O)[C@H]2O)c(=O)[nH]1,-6.6,2.829384205657112,16_614
CCN(CC)c1ccc(CN(C(=O)CNC(=O)c2ccco2)C(C(=O)NC2CCCCC2)c2ccco2)cc1,-6.1,3.464985517461872,16_615
Cc1ccc(S(=O)(=O)N2CCN(c3ccc(C(=O)/C=C/c4ccccc4)cc3)CC2)c(C)c1,-6.9,3.582532806084939,16_616
O=C(NCCn1ccc([N+](=O)[O-])n1)c1ccc(Oc2ccccc2)cc1,-5.9,3.638106374634435,16_617
CC1=NC(=O)C=CC=C(c2nc(-c3ccccc3C(F)(F)F)n3ccccc23)CC=CCCC=C1,-9.2,2.014617983330775,16_618
O=C(Nc1cccc(-c2nnc3n2-c2cccnc2Nc2ccccc2-3)c1)Nc1cccc(C(F)(F)F)c1,-8.9,2.255237394316895,16_619
O=c1nc(N2CCN(c3ccccc3F)CC2)sc2c([N+](=O)[O-])cc(C(F)(F)F)cc12,-8.0,3.441789424652204,16_620
Clc1cccc(N2CCN(c3nc4ccccc4c4nc(-c5ccccc5)nn34)CC2)c1,-9.1,3.5097517516758696,16_621
Cn1ccnc1C1(O)Cc2c(-c3ccc(C(F)(F)F)cc3)ccnc2O1,-7.7,3.752160874849678,16_622
NCc1ccc(-c2ccc(F)c(NC(=O)c3ccc(F)cc3F)c2)cc1,-7.1,3.678067396438315,16_623
N#Cc1c(N=C(C=N)CC=C2CC=CCC2)cccc1-c1nc2ccccc2s1,-6.6,3.5868764042739687,16_624
O=C(O)c1ccc(CC2=Nc3c(Cl)ccc(Cl)c3C=NC2c2ccc(Cl)s2)cc1,-7.2,2.7200183570665,16_625
CCC1=CC[C@H](C2=CC(=O)O[C@H]2OC)[C@@H](O)C=C(C)[CH]C1=O,-6.2,1.2557031956649016,16_626
O=C(O)C=C1c2c(-c3cccs3)cccc2N1Cc1ccc(-c2ccccc2)cc1,-7.1,3.414021248725832,16_627
O=C(NCc1cc[nH]n1)Nc1cccc(F)c1,-6.0,3.462937331161527,16_628
N#Cc1ccc(CN2C(=O)COc3ccccc32)cc1,-6.1,3.6305082509243647,16_629
O=C(c1ccc(NS(=O)(=O)c2cccc3scnc23)cc1)N1CCC(O)(c2ccccc2C(F)(F)F)CC1,-7.2,3.5326021683881033,16_630
C[C@@H]1CN(c2cccc(C(=O)O)c2)C(=O)c2c(F)cccc2N1c1ccc(C(F)(F)F)cc1C(F)(F)F,-7.5,2.5834169681484944,16_631
O=C(Nc1ccccc1)c1cn(Cc2ccccc2)c2ccccc2c1=O,-7.4,3.6452781220738704,16_632
C=C1CC12CN(C1CCCCC1)[C@@H]1Cc3ccc(C=CC=CCC(=O)O)cc3[C@]23CCCC[C@@H]13,-7.4,2.9875484375807515,16_633
O=C(COc1ccccc1)Nc1ccc2c(c1)ncn2Cc1ccccc1,-7.0,3.6892917670754404,16_634
O=C(COc1cccc2c1CCC2=O)NCc1ccccc1Cl,-6.7,3.7704783461409317,16_635
Cc1c(Cc2ccc3ccc(-c4cccc(C(C)C)c4)nn23)cccc1-c1ccc2c(c1)OCCO2,-8.6,3.3184659481154157,16_636
O=C1c2ccc(Cl)cc2SC=C(c2ccc(O)cc2)N1c1ccc(O)cc1,-6.7,2.7197119192330446,16_637
Cc1ccc(-c2n[nH]c(C(c3ccccc3)c3ccccc3)n2)cc1[N+](=O)[O-],-7.3,3.5869057595123994,16_638
COc1cccc(-c2cc3c(cn2)CC(C(=O)Nc2ccc(OC)c(Cl)c2)NC3=O)c1,-7.8,3.721275673582454,16_639
O=C(CCc1ccc2cc(O)ccc2c1)Nc1ccccc1C(=O)Nc1cccc(C(F)(F)F)c1,-7.2,3.4808680908768146,16_640
C=C1C(=O)O[C@H]2C[C@@H](C)[C@@H]3[C@@H](OC(C)=O)C[C@@H](OC(C)=O)[C@@]3(C)C[C@@H]12,-6.1,2.1388893517928462,16_641
N#Cc1ccccc1-n1c(N2CCCC(C(=O)NC3CCCC3)C2)nc2ccccc2c1=O,-7.4,3.6423467298632657,16_642
CSc1cc(-c2cccc(/C=C/C(O)=NO)c2)n(-c2ccccc2F)n1,-6.7,3.326830935907398,16_643
COc1cccc(-c2cc3cc(C)ccc3nc2C#N)c1OC,-6.8,3.702972738586525,16_644
OCc1ccc(-c2ccc(Nc3ncc4c5ccncc5n(C5CCCCC5)c4n3)nc2)cc1,-8.0,3.475887331712039,16_645
O=C(c1ccc(N2CCC(c3ncccn3)C2)c(C(F)(F)F)c1)N(c1ccccc1)C1CC1,-7.4,3.6072598121008284,16_646
C[C@H](c1ccc(F)cc1)N1C(=O)O[C@](Cc2ccccc2)(c2ncc(Cc3ccccc3)o2)C1=O,-7.6,3.5659911976131644,16_647
Cc1cc(C(=O)N2CC[N+](Cc3ccccc3C(F)(F)F)CC2)nn1-c1ccccc1,-7.2,3.6635050434541445,16_648
O=C(N=CC1=CC(F)=C(c2nc3nc(Nc4cccc5ccccc45)cnc3[nH]2)C1)Nc1cccc(F)c1,-7.8,3.193020984868105,16_649
COc1ccc(CNc2cc(C(F)(F)F)c(-c3cccc(C(F)(F)F)c3)cn2)cc1,-6.7,3.59250211894544,16_650
COc1ccccc1CNC(=O)CN1C(=O)c2ccccc2S1(=O)=O,-6.2,3.7390949479674807,16_652
O=C(Nc1ccc(F)c(F)c1)Nc1nc(-c2ccc(F)cc2)cc(-c2cc3cc(F)ccc3nc2Cl)n1,-8.5,3.3336196123196222,16_653
N#Cc1ccccc1N1CCN(Cc2ccc(-c3nc(C(=O)c4cccc(C(F)(F)F)c4)c(Nc4ccccc4C(F)(F)F)o3)cc2)CC1,-8.1,3.076362305287625,16_654
O=c1oc2c(Br)cccc2cc1-c1cc(-c2ccccc2Cl)nc(-c2ccc(Cl)cc2)n1,-8.7,3.3766501940028757,16_655
O=C(Nc1ccc(C(=O)N2CCN(c3ccccc3)CC2)cc1)Nc1ccccc1F,-7.1,3.7027681183117833,16_656
C=CC(=CC(=CN(C)N=COC)c1ccc(Cl)cc1Cl)c1ccc(F)cc1Cl,-5.7,3.275131053648394,16_657
O=C1c2ccccc2-c2nn(-c3ccccc3Cl)nc21,-7.7,3.6514040861076698,16_658
CN(C)S(=O)(=O)c1ccc(C(=O)OCC(=O)c2c(N)n(C)c(=O)n(C)c2=O)cc1,-6.3,3.2483904915901363,16_659
Nc1ncnc2c1ncn2[C@@H]1O[C@H](CSCCCNC(=O)c2ccc3ccccc3c2)[C@@H](OC(=O)c2ccc3ccccc3c2)[C@@H]1O,-7.1,2.8873012512649416,16_660
CC(C)(O)Cn1cc(-c2ccc3c(c2)C(O)(C(F)(F)F)c2cccc(C#N)c2-3)cn1,-7.7,3.7394771449171045,16_661
O=C(Nc1ccn2cc(-c3ccccc3)nc2c1)N1CCC2(CC1)OCCO2,-7.3,3.689752942105818,16_662
O=C(Nc1ccccc1C(=O)NCc1ccco1)c1ccccc1Cl,-6.9,3.753611374466141,16_663
O=c1oc(-c2ccccc2NS(=O)(=O)c2ccc(F)cc2)nc2ccccc12,-8.2,3.7407440131246372,16_664
Cc1cc(OS(=O)(=O)c2ccc(-n3cc(COc4ccc(Br)cc4)nn3)cc2)cc(C(C)(C)C)c1O,-7.2,3.4387086053423057,16_665
O=C(NCc1ccco1)c1cc(-c2ccc3c(c2)OCO3)nc2ccccc12,-7.8,3.704417563511631,16_666
O=S(=O)(Nc1ccc(Cc2ccncc2)cc1)c1cccc(C(F)(F)F)c1,-7.1,3.7494663249600135,16_667
COC(=O)c1ccc(-c2cc(=NC3CC3)n3ncc(=Cc4[nH]c(=O)[nH]c4O)c3n2)s1,-7.9,3.292781501127787,16_668
C[C@H](NS(=O)(=O)c1ccc(-c2c(C#N)c3ccc(C(F)(F)F)cc3n2CCO)cc1)C(F)(F)F,-7.1,3.5723005351390986,16_669
N#Cc1cccc(-c2cccc(N3CC(=O)N(C(=O)c4ccccc4)c4ccccc43)c2)c1,-8.4,3.41997368708286,16_670
O=C1Nc2ccccc2C1=Cc1ccc(-c2cc(-c3ccccc3)c3cc(Br)ccc3n2)cc1,-8.3,3.2471723441652136,16_671
O=C(c1ccc(Nc2ccnc3ccc(-c4ccc(F)cc4)cc23)cc1)N1CCOCC1,-8.7,3.6699759000883203,16_672
O=C(Nc1cccc(-c2[nH]nc3ccc(-c4nc[nH]n4)cc23)c1)c1ccccc1Cl,-8.6,3.4968002359043577,16_673
CS(=O)(=O)NC(=O)CCC/C=C\CC1C(=O)C[C@@H](O)C1/C=C/[C@@H](O)CCC=CC1=C2CC=CC=C(C2)CC1(F)F,-5.0,1.9146078547657615,16_674
O=C(Cn1c(=O)c2cccn2c2cccnc21)N1CCC[C@H]1c1nc2ccccc2s1,-8.5,3.5188228622407314,16_675
CC(C)n1cc(C(=O)Nc2ccc(Oc3ccncc3-c3cccnc3)c(F)c2)c(=O)n(-c2ccc(F)cc2)c1=O,-7.1,3.363120672389771,16_676
Cc1ncc(-c2ccnc(Nc3ccc4c(c3)C(C(=O)O)CCCC4)n2)cc1NS(=O)(=O)c1ccc(F)cc1F,-7.7,2.304560155593559,16_677
O=C(NCc1ccccc1Cl)c1ccc(-c2cccc(-c3nc4cc(C(F)(F)F)ccc4[nH]3)c2)cc1,-7.2,3.356073573059395,16_678
Cc1ccccc1-c1nnc(Nc2ncc(C(F)(F)F)cc2Cl)s1,-7.1,3.6823187115942497,16_679
Cc1ccccc1CNC=C(F)c1ccc(-n2c(=O)ccc3cc(S(=O)(=O)Nc4ccccn4)ccc32)cc1C(F)F,-7.6,3.2816515858887856,16_680
COc1ccccc1N1CCc2ccccc2C1=O,-6.2,3.504968810482782,16_681
CCC(C)[C@@H](CN(CC(=O)NC(CCSC)C(=O)O)Cc1cccc2ccccc12)NC(=O)CSCc1ccc(Cl)cc1,-5.6,3.2104988403975216,16_682
CC1CCC=CC1=NC(=O)c1cc(S(=O)(=O)N2CCN(c3ccccc3)CC2)ccc1F,-7.1,3.662716650622052,16_683
O=C1CC(c2ccc(Cl)cc2Cl)c2c(c3ccccc3oc2=O)O1,-7.4,3.572790623001759,16_684
O=C(Nc1ccccc1C(=O)N1CCOCC1)c1ccccc1NS(=O)(=O)c1cccs1,-7.8,3.669186950535344,16_685
CNN=C1C(=O)C(C(=O)NCc2ccccc2C(F)(F)F)=CC1=C1CC2C1=CCC2c1cccc(N2CCC(CC(=O)O)CC2)c1S,-8.3,2.7705641177426337,16_686
CC(C)CC(C=O)NC(=O)C(NC(=O)c1ccc(Oc2ccccc2)cc1)C(C)C,-6.2,3.6123209580310673,16_687
CCC1=NC2=S(C=N1)CC=Cc1nc(CN(C)c3cccc(-c4cccc(-c5nc6c(C)cccc6[nH]5)c4)c3)ccc12,-8.6,2.2423104426904112,16_688
O=CC=CC=CC=CC=CC=CCC1C(=O)N=C(C(=O)O)C1=O,-5.9,2.1045339768545306,16_689
O=C1C=CC(C2=CC=COCC2)C=CC(c2ccccc2[N+](=O)[O-])=NN1,-7.4,1.3369199179379883,16_690
Cc1cc(OC(F)(F)F)ccc1S(=O)(=O)Nc1ccc2ccccc2c1,-6.8,3.757543860925293,16_691
O=C(Nc1cc(C(F)(F)F)cc(C(F)(F)F)c1)c1cnc(-c2cccc(Cl)c2)nc1C(F)(F)F,-8.3,3.499009435245209,16_692
Oc1ccccc1-c1nc2ccccc2c2cc3ccccc3cc12,-8.5,3.2230413082772813,16_694
[NH]C(=O)N([CH]C[C@H](O)[C@H](O)COP(=O)(NCc1ccccc1)OCc1ccc(F)cc1F)C=CC=O,-6.4,3.0967445297053224,16_695
COc1cc2oc(C3=CCC=COC(=O)C=CC=C(Cl)CC3)cc(=O)c2c(O)c1OC,-7.3,1.4661070716241777,16_696
O=C(Nc1ccc2nc(N3CCOCC3)sc2c1)c1ccc(Nc2ccnc(C(F)(F)F)c2)cc1,-7.1,3.5656293102846313,16_697
O=C(Nc1ccc(-c2nc3cc(CO)ccc3o2)cc1)Nc1ccc(F)cc1F,-7.8,3.6064378001280537,16_698
C[C@H](NC(=O)c1c[nH]c2ncc(-c3cncc(-c4ccccc4)c3)nc12)c1ccccc1,-8.4,3.539771023588411,16_699
O=C(Nc1cncc(-c2ccc3[nH]nc(-c4cc5cccnc5[nH]4)c3c2)c1)c1ccccc1Br,-9.7,3.4175964354458106,16_700
CCOc1cc(C(=O)O)ccc1OCC(=O)Nc1ccccc1C(=O)Nc1cccc(S(=O)(=O)N2CCCC2)c1,-7.8,3.322688749935237,16_701
CC(C)CC(NC(=O)OC(C)(C)C)C(=O)N(C)C(Cc1ccccc1)C(=O)NC(CC(C)C)C(=O)[C@@]1(C)CO1,-6.5,3.2849594101060435,16_702
COCc1noc(-c2nn(-c3ccccc3)cc2-c2nc3ccccc3[nH]2)n1,-7.3,3.5812525376868103,16_703
CC1=C(C(=O)Nc2ccccc2C(=O)Nc2ccc(F)cc2F)SCCO1,-7.1,3.746488221321666,16_704
O=C(Nc1ccc(-c2ccc(NC(=O)c3cccs3)cc2)cc1)c1ccc([N+](=O)[O-])cc1,-5.3,3.5307758425517326,16_705
Cc1ccc(-c2nnc(-c3ccc4c(c3)OCO4)o2)cc1S(=O)(=O)Nc1ccccc1[N+](=O)[O-],-7.5,3.33141017781594,16_706
N=C(NC1CCCC1)c1cccc(C2=NC=C(C(F)(F)F)C=CC=CC2=Cc2cccc(N)n2)c1,-9.7,1.2269781183983213,16_707
Cc1ccccc1OC1CCN(c2ncnc3c2oc2ccccc23)CC1,-7.2,3.628278097562963,16_708
O=C(Nc1ccc2c(c1)nc1n2CCCCC1)c1ccccc1C(=O)c1ccccc1,-8.0,2.6239473676801257,16_709
N=C(N)c1ccc(NC(=O)NCc2ccc(C(=O)Nc3cccc(-c4cccc(F)c4)c3)cc2)cc1,-7.2,3.092258437073177,16_710
O=c1nc(NCc2ccc(F)c(F)c2)oc2ccccc12,-7.0,3.7507349134046004,16_711
C[n+]1ccc(NC(=O)c2cccc(S(=O)(=O)Nc3ccccc3C#N)c2)cc1,-7.2,3.6671874764486407,16_712
O=C(Nc1ccc(-n2cnc3ccccc32)cc1)c1ccccc1OC(F)(F)F,-7.2,3.716018704097734,16_713
O=C(OCC(=O)N1CCc2ccccc2C1)c1ccccc1Nc1ccccc1SSSSS,-7.3,3.1266695623936283,16_714
O=C(Cn1cc(-c2ccc(NC(=O)c3cccc(C(F)(F)F)c3)cc2)nn1)NCC1=CN[C@H]2C[CH]N3C=CC1(C=CC=CC2)C=C3,-8.1,0.9395892628500881,16_715
COc1ccc(-c2[nH]c(SCc3cc(OC)c(OC)c(OC)c3)nc2-c2cccc(Cl)c2)cc1OC,-6.8,3.442094683250982,16_716
CC(C)C1N=C(c2ccccc2)c2ccccc2N(Cc2ccccc2)C1=O,-6.6,2.5600683571009,16_717
C=Cc1cnccc1C(=CC=COC)NN=C(C=CC=O)c1cccc(OCCOc2ccc(-n3c(C)nc4ccccc4c3=O)cc2)c1,-6.6,2.5458432131462643,16_718
O=C(Nc1nc2ccccc2c2cn(-c3ccccc3)nc12)c1ccccc1,-8.7,3.5930251695499584,16_719
COc1ccc2c3c1O[C@H]1[C@@]4(OC)CC[C@@]5(C[C@@H]4c4cccc(OCC(N)=O)c4)[C@@H](C2)N(CC2CC2)CC[C@]315,-7.4,3.2713567374695374,16_720
CCCCn1c(=O)c2c(ncn2S(=O)(=O)c2ccccc2C(F)(F)F)n(CCCC)c1=O,-5.4,3.5398638509356517,16_721
COc1cccc(C2C(C(N)=O)C(C)=Nc3nc(-c4ccccc4Br)nn32)c1OC,-6.6,3.711324569059398,16_722
O=[N+]([O-])c1cc(-n2cncn2)ccc1NCc1ccccc1,-6.5,3.6438272698711405,16_723
O=C(C(=O)N1CCN(C(=O)c2cc(Cl)ccc2Cl)CC1)c1c[nH]c2ccccc12,-7.9,3.64367934351218,16_724
Cn1ccnc1CN1CCC2(CC1)CN(c1ccc(F)c(Cl)c1)C(=O)CO2,-6.7,3.606197594037144,16_725
O=C(O)C[C@H](Cc1ccc(-c2ccccc2)cc1)NC(=O)c1ncccc1Oc1ccccc1,-6.7,3.548940808623647,16_726
Cc1ccsc1C(=O)Nc1nc2ccccc2[nH]1,-6.7,3.6282556534875963,16_727
O=c1c(-c2cc(O)c3ncccc3c2)cccn1C(c1ccccc1)c1ccc(Cl)cc1,-8.2,3.451425610068407,16_728
CCCCc1csc2nc(CCC(=O)O)n(CCCF)c(=O)c12,-5.1,3.7033186978104777,16_729
CN(C)C(=O)c1cc2cnc(Nc3ccc(C(=O)NCCO)cc3)nc2n1C1CCCC1,-6.8,3.5563471192069054,16_730
OCc1cc(C(O)CNCCc2ccc(Nc3ccc(Oc4ccccc4)cc3)cc2)ccc1O,-6.0,3.1916337629801026,16_731
c1coc(-c2nc(-c3ccc(-n4cccc4)cc3)no2)c1,-6.85,3.6581675147620007,16_732
O=C(NCCCCNC(=O)c1cc(-c2ccccc2)nc2ccccc12)c1ccc(N(CCCl)CCCl)cc1,-5.6,3.285792933978054,16_733
Cc1ccc2[nH]c(NCc3cccc(C(F)(F)F)c3)nc2c1,-7.5,3.6375333031547266,16_734
O=S(=O)(c1ccccc1)n1ccc2c(OCCN3CCN(c4ccccc4C(F)(F)F)CC3)cccc21,-7.2,3.5574317256423793,16_736
COc1ccc(NC(=O)c2cccc(S(=O)(=O)Nc3ccccc3OC)c2)cc1,-6.4,3.706935185987928,16_737
CC1CCN(C(=O)c2ccccc2Nc2ccc(SC(F)F)cc2)CC1,-6.2,3.6294659659957635,16_738
O=C(NC1CC(=O)N(c2cccc(F)c2)C1)c1ccccc1,-6.8,3.6744391856215555,16_739
Cc1cc(C)nc(NC(=O)COC(=O)C2(c3cccc(F)c3)CCC2)c1,-6.1,3.735101338545696,16_740
Cn1c(-c2ccccc2)nnc1-c1ccc(-c2c(F)cccc2F)s1,-6.9,3.6350944553602136,16_741
Cc1ccc2c(c1)OC(=O)/C(=C\Sc1ccccc1C(F)(F)F)[N-]2,-7.5,3.335517681917925,16_742
Cc1oc2c(c1C(=O)OCC1CC1)C(=O)c1ncccc1C2=O,-6.3,3.558104409219383,16_743
NC(C[C@@H]1CC(c2ccccc2C(F)(F)F)=NO1)C(=O)O,-6.4,3.585751151444213,16_744
Cc1ccnc(-c2ccc(C(=O)c3cccc4cc(O)[nH]c34)c(C)c2)c1,-7.5,3.5467950594612585,16_745
O=C(O)c1ccccc1Nc1nc(Nc2ccccc2)ncc1Cl,-7.7,3.6758407299304454,16_746
CC=C(N=Cc1c(-c2ccccc2Cl)[nH]n(-c2cccc(C#N)c2)c1=O)C(=O)N(NC)c1ccccc1,-8.2,3.38545180190847,16_747
O=CN=C(Oc1ccc(-c2cccc(F)c2O)cc1)N(Cc1ccccc1)Cc1ccccc1,-7.3,3.4013842393647824,16_748
c1ccc(CCN2C3CC2CN(Cc2cccc(-c4ccccc4)c2)C3)cc1,-7.3,3.2170868257858363,16_749
NC(=O)c1c(NC(=O)c2ccccc2F)sc2c1CCN(C(=S)Nc1cccc(C(F)(F)F)c1)C2,-7.3,3.464176929863266,16_750
c1cnc2[nH]cc(-c3ccnc(N4CCCC4)n3)c2c1,-6.85,3.7354137652338686,16_751
O=Cn1c(-c2ccc(C(F)(F)F)cc2)nnc1-c1ccccc1O,-7.3,3.7200028593910996,16_752
Clc1cccc(N=C2CC(c3ccccc3)=Nc3ccccc3N2)c1,-8.1,2.6256747584532976,16_753
Cc1ccc(-c2ccc3c(=O)oc(C)c(C)c3c2)cc1,-7.0,3.4491725483689906,16_754
C[C@@H]1CCCCO[C@@H](CN(C)S(=O)(=O)c2ccc(F)cc2)[C@@H](C)CN([C@H](C)CO)C(=O)c2cc(NC(=O)C3CCCCC3)ccc2O1,-6.7,1.812601775709874,16_755
O=C(/C=C/c1ccc(N2CCCC2)cc1)c1cccc(Oc2ccccc2)c1,-7.0,3.417993929716308,16_756
CNc1c([CH]C2NC[C@@H](O)C[C@H]2N)cc(-c2ccc(F)cc2F)nc1-c1cc(F)ccc1F,-7.9,3.5258696072976345,16_757
O=C(COc1ccc(N2CCN(c3ccc(Cl)c(Cl)c3)C2=O)cc1)N1CCN(c2ccccn2)CC1,-6.5,3.573401073839728,16_758
Oc1ccccc1-c1cc(-c2ccccc2)c2c(n1)-c1ccccc1C2,-8.4,3.443892978118706,16_759
O=C1OCc2cc(-c3cccc(CN4CCN(C(=O)c5cccc(F)c5)CC4)c3)ccc21,-7.6,3.5729557874842053,16_760
CC[N+]([O-])=C(c1ccccc1)c1ccc(NS(=O)(=O)c2ccc3c(c2)OCCO3)cc1,-6.5,3.4535628233564144,16_761
Cc1cccnc1NC(=O)c1ccc2nc(-c3ccccc3)c(-c3ccccc3)nc2c1,-8.3,3.45742135659109,16_762
Cc1c(-c2cc(=O)[nH]c3c2CC=C3)ccc2c1=C(O)C(C)(O)C(=O)CC=2,-7.2,2.5010532900301197,16_763
Cc1ccccc1CNC(=O)c1ccc(C)c(S(=O)(=O)NCc2ccccc2)c1,-7.7,3.700960246529627,16_764
O=C(O)C(Cc1ccccc1)N1C(=O)/C(=C/c2ccc(-c3cccc([N+](=O)[O-])c3)o2)SC1=S,-6.9,3.350183471370675,16_765
O=S(=O)(NC(F)=COC1=COC=CC=C1)c1ccccc1-c1ccc(C(F)(F)F)cc1C(F)F,-7.1,2.4363906222273606,16_767
CN(C)C=C1C=CC([CH]C2=CC(c3cc4[nH]cnc4cn3)CC2=O)=C1,-7.1,3.7126906660384282,16_768
Cc1noc(C)c1CC(=O)Nc1ccccc1C(=O)NCc1cccnc1,-7.2,3.7187931843042663,16_769
COc1nc(-c2ccccc2)nc2c1cnn2Cc1ccncc1,-7.3,3.6843279669751743,16_770
Cc1cccc(NC(=O)c2cccc(Cc3n[nH]c(=O)c4c3CCCC4)c2)c1,-8.2,3.712717139748075,16_771
CC(=NOC(=O)c1ccc(Br)cc1)c1ccc(NC(=O)c2cc(C(F)(F)F)ccc2O)cc1,-7.5,3.457577806706726,16_772
Cc1noc(CN2CCN(Cc3cnc(C)o3)C(CCO)C2)n1,-6.1,3.5423577675518074,16_773
CC(C)=C[C@H]1Oc2ccc(O)cc2C2[C@@H]1c1ccccc1CC21CCN(C(=O)c2cn(-c3ccccc3)nc2-c2ccc(Cl)cc2F)CC1,-9.1,2.9497901597348735,16_774
Cc1n[nH]c(-c2ccc(C(F)(F)F)cc2NC(=O)c2cccc(C(F)(F)F)c2)n1,-8.0,3.59616603853597,16_775
Fc1ccccc1N1CCN(Cc2coc(-c3ccccc3Cl)n2)CC1,-7.1,3.6912996142713626,16_776
Cc1nc(Nc2cccc(Cl)c2C)n(Cc2ccccc2)n1,-6.8,3.763287739165783,16_777
C=CCN1C=CC=CC(=C)C2C(NC(=O)c3cc(-c4ccc(NC(=O)Nc5cccc(C#N)c5)cc4)[nH]n3)=CC=C21,-6.3,1.379128428283325,16_778
CC(=O)Nc1nc(-c2cccc(NS(=O)(=O)c3ccc(C)cc3)c2)cs1,-7.9,3.748099486260557,16_779
CCC=NC1=CC(NC(=O)c2cccc(-c3ccccc3CC(=O)Nc3cccc4ccccc34)c2C)C=C1S(C)(=O)=O,-7.4,3.316135012003444,16_780
O=C(NCCCCCCC(O)=NO)c1ccccc1C(=O)Nc1cccc(F)c1,-6.5,3.0895297839769684,16_781
CC(C)[C@H]1CC=C(F)C=CCC2CC(O)(c3cccc(C(F)(F)F)c3)CCN2C(=O)C1,-7.7,1.0247263997523834,16_782
COC(=O)C(NC(=O)Nc1ccccc1C(=O)CC=NC(C)=O)c1ccccc1,-6.2,3.523708683215607,16_783
CC(C)c1ccc(N2C(C(N)=O)=Cc3ccccc3C(=O)N2C2CCCC2)cc1,-6.8,2.6924850848455133,16_784
Cc1ccc(C(C)C)c(OCC(=O)NNC(=O)c2cccc(S(=O)(=O)N3CCCCC3)c2)c1,-6.5,3.6333052091920885,16_785
COC=C1C=Cc2c(ccc(OC(F)F)c2OCC2CC2)/C(C(=O)NCc2ccc(-c3cccc(CNc4ccccc4C(=O)O)c3)cc2)=C/C(OC)=C1,-6.8,0.5875340322008249,16_786
O=C(Nc1ccccc1F)c1ccccc1NC(=O)c1ccccc1N(C(=O)C1CCCO1)c1ccccc1,-7.5,3.5196986925305707,16_787
CCOc1ccc(NC(=O)c2ccc3c(c2)c(C)c(C)n3Cc2ccc(F)cc2)cc1,-6.7,3.583772498709988,16_788
O=C1C=CC=CC(NC(=O)c2cc(-c3ccccn3)nc3ccccc23)C1,-8.0,2.7777149207297267,16_789
CCOC(=O)Cc1cc2c(cn1)[nH]c1ccccc12,-6.1,3.6452926348239068,16_790
C[C@@]12CCCC(C=NNc3cccc4ccccc34)=C1C(=O)O[C@H]2c1ccoc1,-6.7,3.449465496516467,16_791
COC=CC(CCC=O)C(=NC(=O)C(=Nc1ccccc1)c1ccco1)C(=O)NC(C)(C)C,-5.9,3.489739374217743,16_792
COc1ccc(/C=C(\C#N)c2ccc(C(F)(F)F)cc2)c(F)c1,-6.7,3.4221209382767808,16_793
O=C(NC(Cc1ccc(Cl)cc1)C(=O)N1CCN(c2ccccc2CNCCc2ccccn2)CC1)C1Cc2ccccc2CN1,-6.9,3.182503161284554,16_794
N#Cc1c(-c2ccc(C(=O)NCCO)cc2)ccc2ccccc12,-6.6,3.706463481377117,16_795
O=C(CC=CN=CBr)Nc1noc2ccc(-c3ccc4c(c3)COC4=O)cc12,-7.2,3.6393123057151717,16_796
O=C(C[S+]([O-])CC(=O)N(CC(=O)NC1CCCCC1)Cc1cccs1)Nc1cccc(F)c1,-6.2,3.5514802463035764,16_797
COC(=O)NC(Cc1ccc(F)cc1)C(=O)NC(Cc1ccc(-c2cc(Cl)ccc2Cl)cc1)C(=O)N1CCN(c2cccc(C(F)(F)F)c2)CC1,-7.6,3.230493837554378,16_798
Oc1cc2c(cc1O)C(c1ccc(F)cc1)NCC2,-7.1,3.458479369344739,16_799
NC(=O)c1cncc(OCc2cccc(NC(=O)c3ccc(-c4ccccc4)cc3)c2)c1,-6.9,3.530783654440849,16_800
C=C(C)[C@@H]1CC[C@]2(C(=O)O)CC[C@]3(C)[C@H](CC[C@@H]4[C@@]5(C)Cc6nccnc6C(C)(C)[C@@H]5CC[C@]43C)[C@@H]12,-7.1,2.9884881033940567,16_801
COc1ccc([C@H]2[C@H](c3cc(OC)c(OC)c(OC)c3)C(C)=NN2C(C)=O)cc1,-5.8,3.7429600773124383,16_802
Cc1cc(OCc2cc(C(=O)N3CCN(c4ccccc4)CC3)no2)c2ccccc2n1,-7.2,3.653979976042021,16_803
O=C(Nc1cccc(-c2nc3ccccc3[nH]2)c1)c1nc2ccccc2s1,-7.4,3.5698189756396537,16_804
COc1ccc(-c2ccc(Nc3ncc(Cl)c(Nc4ccccc4NS(C)(=O)=O)n3)cc2)cc1OC,-6.7,3.339889109996404,16_805
O=C(O)COc1ccc(OCC(=O)c2c[nH]c3ccccc23)cc1,-6.2,3.6959043086797077,16_806
Cc1ccc(CN2CCS(=O)(=O)N2)cc1,-5.6,3.480133282276238,16_807
O=C(CSc1nncc2ccccc12)Nc1ccc2[nH]c(=O)[nH]c2c1,-6.6,3.5490835111922907,16_808
Cc1ccc([C@H]2C(C(=O)O)=CC[C@@H](c3ccc(C)cc3)N2S(=O)(=O)c2ccccc2C)cc1,-6.5,3.697538999486493,16_809
O=C(Nc1ccc(C(=O)Nc2ccc(Cn3cc4c(=O)[nH]cnc4n3)cc2)cc1)c1ccccc1,-7.4,3.325950875836415,16_810
O=Cc1nn(-c2ccccc2)c2c1C(c1ccccc1Oc1ccccc1)S(=O)(=O)N2,-7.5,3.612152900828814,16_811
Cn1cncc1-c1ccc(OC(F)F)c(NC(=O)c2ccc(OCc3ccccc3)cc2)c1,-7.4,3.6531060254595884,16_812
Cc1ccccc1-c1nc(CN(C)c2ccccc2)c(-c2ccccc2)o1,-7.9,3.4912439736053114,16_813
C[C@@H]1CCCN1CCc1ccc2nc(-c3cnn(C(C)(C)C)c3)ccc2c1,-6.3,3.6211404110425516,16_814
CC1CC(Nc2cc(-c3ccccc3OC(F)(F)F)ccc2-c2ccnc(CC(=O)O)c2N)C=CC=CO1,-7.3,1.6412753436363636,16_815
CC(Oc1ccc(Oc2ncc(Cl)cc2Cl)cc1)C(=O)NOCc1ccccc1,-6.8,3.685976202354437,16_816
O=C(c1ccccc1Cl)N1CCN(c2ccccn2)CC1,-6.5,3.6471733311735566,16_817
Cc1ccc(Oc2nc(-c3ccc(CN)cc3)n(CC(=O)Nc3ccc(C)cc3C)n2)cc1,-7.9,3.6024928635452746,16_818
Nc1cnc(-c2ccc(-c3ccccc3SC=CC=NC3=NN3)cc2F)cn1,-6.8,3.5977794426844065,16_819
COC1=CC=C(OCC(=O)O)C2=NN(c3ccc(S(=O)(=O)NC(=S)NCc4ccccc4)cc3)C(c3cccc(Cl)c3)C2C=C1,-7.7,1.2413018633357789,16_820
CC(C)C[C@H]1CN=C(NC2=CCCCC2)N1Cc1ccccc1,-5.9,3.473788568841095,16_821
O=C(Cc1ccccc1C(F)(F)F)Nc1ccc2nc(NC(=O)c3ccccc3)sc2c1,-7.3,3.623744214128389,16_822
COc1ccc(NC(=O)c2cc3cc(C)ccc3oc2=O)cc1OC,-7.0,3.7664682444791873,16_823
CC1CC1n1c(=O)cc(Cc2ccccc2Cl)c2cc(NC(=O)N=C3C=CC(C(=N)N)C3)ccc21,-8.0,3.3833004072960557,16_824
CN=C1NS(=O)(=O)c2cc(C)c(Cn3cccn3)cc2O1,-6.0,3.622519121722421,16_825
O=C(Nc1cccc(-c2nnc(CN3CCN(C(=O)c4ccco4)CC3)o2)c1)c1cccc(F)c1,-7.7,3.6251177805331025,16_826
OC1CCN(Cc2cc3ccccc3n2Cc2ccccc2Cl)c2ccccc21,-7.6,3.5793986732928955,16_827
CC(C)(C(N)=O)c1cc(-c2cccc(-c3cccc(-c4nc5ccccc5[nH]4)c3)c2)c2ccccc2n1,-9.9,3.3870238681947287,16_828
O=C(Nc1nccs1)c1cc2c(s1)-c1ccccc1OC2,-6.9,3.7220810954706756,16_829
Cc1ccccc1N=CC(=O)Nc1cn(Cc2ccc(C(F)(F)F)cc2)c2ccccc12,-7.2,3.5569949858883225,16_830
COC=C1C=CN=CC=C(NC(=O)c2c(C)ccc(C)c2O)C=CC1,-7.3,1.495841929733074,16_831
O=C(O)c1cccc(-c2cccc(-c3cc4ccccc4nc3N3CCCC3)c2)c1,-8.5,3.603430224165736,16_832
O=C(Cn1c(=O)n(-c2ccc3c(c2)CCC3)c(=O)c2cc(Br)ccc21)Nc1cccc(F)c1,-8.4,3.6879965772007344,16_833
O=C(Nc1ccc(F)cc1)c1cccc(-c2cnc3c(Nc4cccc(OC(F)(F)C(F)F)c4)nccn23)c1,-7.8,3.314377854078757,16_834
O=S(=O)(Nc1cccc(CC=Nc2ccc(NCCO)nn2)c1)c1ccccc1F,-6.9,3.474673992961603,16_835
Cc1ccc2[nH]c(-c3ccc4ccccc4c3)nc2c1,-7.8,3.3149651366110344,16_836
COc1ccc(/C=C/C(=O)N2CCN(c3nn4cnnc4c4ccccc34)CC2)cc1,-7.9,3.573029732633775,16_837
O=C(c1ccc(NS(=O)(=O)c2cccc3cccnc23)cc1)N1CCC(O)(Cc2ccccc2Cl)CC1,-7.7,3.5815482855039877,16_838
O=C(N1CCOCC1)N1CCCCC1c1ncc2c(n1)c1ccc(Cl)cc1n1cccc21,-8.2,3.4647794243669994,16_839
O=C(NCc1nnc2n1CCC2)c1ccc(OCc2ncc3cc(-c4ccccc4)ccc3n2)cc1,-7.4,3.49464165380989,16_840
CC1Cc2ccccc2N1C(=O)COc1nnc(Br)c2ccccc12,-6.1,3.758440671846935,16_841
Cc1ccccc1C1c2[nH]c(-c3cccc(NC(=O)Cc4ccc(F)cc4)c3)cc2CCN1c1ccc(F)cc1,-8.1,3.239265213597456,16_842
COc1ccccc1-c1ccnc(Nc2cccc(F)c2)n1,-6.2,3.754392969163935,16_843
O=C(O)c1ccc(-c2cccc(OCC(O)CN3CCc4ccccc4C3)c2)cc1,-7.0,3.6992317627206432,16_844
O=C(Nc1cccc(-c2ccc(-c3nc4cc(F)ccc4[nH]3)s2)c1)c1ccco1,-7.6,3.573904921691526,16_845
CCOc1ccc(/C=C/c2cccc(/C=C/c3ccc(OC)c(O)c3)n2)cc1,-5.8,3.68183133861291,16_846
Cc1csc(-c2cc3c(cn2)ncn3Cc2ccccc2)n1,-6.5,3.6375049571045874,16_847
COc1cccc(CN(Cc2cc3ccc(OC)cc3[nH]2)C(=S)Nc2ccccc2C)c1,-7.1,3.497846050088322,16_848
O=C(c1nc2ccccc2s1)c1ccccc1C(=O)N1CCOCC1,-6.6,3.7060468652095198,16_849
COc1cc(OCc2csc(-c3ccc(C(=O)Nc4ccccc4)cc3)n2)c2cc(-c3cn4nc(OC)sc4n3)oc2c1,-6.3,3.134764514934947,16_850
CC(C#N)N(c1cccc(Nc2cc3cc(-c4cnn(CC(C)(C)O)c4)ccc3cn2)c1)C(F)(F)F,-7.2,3.4815140010254804,16_851
O=C(CCCc1nc(-c2ccc(F)cc2Cl)no1)N=CC1=C(C(=O)Nc2ccccc2Oc2ccccc2)CC=C1Cl,-7.6,3.289260937907353,16_852
CC(=O)NC1CSc2ccccc2N(CCCN2CCN(c3cccc(C)c3C)CC2)C1=O,-6.3,2.6775923654423073,16_853
Cn1c(-c2ccc3c(c2)c(N)nc2ccccc23)n[nH]c1=S,-8.5,3.512052244342267,16_854
O=C(c1cncc(-c2ccccc2F)n1)N1CC(c2nccnc2N2Cc3ccccc3C2)C1,-8.3,3.5474893278721646,16_855
C[C]1C2CC[C@@](C)(C(=O)O)[C@H]1CC[C@]13C=C(CC[C@@H]21)[C@@H]1C(O)OC(=O)C13,-6.5,2.0719119037169706,16_856
O=C(C=CC=CCc1ccccc1C(=O)N1C=CC=Cc2cccc(Nc3ccccc3)c21)Nc1ccc2c(c1)OCO2,-6.7,2.1995795163227037,16_857
Nc1ncnc2c1ncn2-c1cccc2ccccc12,-6.7,3.652742486708899,16_858
Cc1ccc(S(=O)(=O)N(CC(C)C)C(CCCCNC(=O)c2ccc(OCc3ccccc3)cc2)C(=O)O)cc1,-5.7,3.3272335479881097,16_860
NC(=O)C(Cc1ccccc1Cl)CN1CCC(Oc2ccc3ccccc3c2)CC1,-7.0,3.6994308714018014,16_861
CCCCC1C(=O)Nc2cccc(c2NC(=O)C2CCC2)NC(=O)C(Cc2ccccc2)NC1=O,-6.5,1.0150550071157856,16_862
O=C(c1ccccc1-c1ccccc1)N1CC2CN(c3ncc4cc(F)ccc4n3)CC2C1,-7.8,3.5306939724324957,16_863
C[C@@H](Cc1ccccc1)Nc1nc(-c2cccnc2)nc2ccccc12,-7.6,3.671924753495335,16_864
Cc1ccc2c(c1)C(c1ccccc1)=NCC(=O)N2,-6.4,2.575148682791018,16_865
O=C(Nc1cccc(F)c1F)c1ccc(N(Cc2ccc(-c3cccc(F)c3)cc2)C(=O)COP(=O)(O)O)cc1,-7.4,3.2948141804167115,16_866
O=C(Nc1cnn(Cc2cccc(F)c2)c1)c1ccc2ccccc2c1,-7.6,3.679592171422751,16_867
O=C(NCCNc1cccc2ccccc12)Nc1cccc(NC(=O)c2ccccc2Br)c1,-6.8,3.337752517770599,16_868
CCn1cnc2cc(-c3c[nH]nc3-c3ccccc3)ccc21,-6.5,3.6418775520680473,16_869
Cc1ccc(O)c(-c2cc(-c3ccc(F)cc3F)on2)c1,-7.0,3.6840800120193773,16_870
COc1nc2c(F)cccc2cc1C(=O)NC(c1c(C)cccc1C)c1cccc2ccccc12,-8.5,3.443927379442346,16_871
Cn1cc(NC(=O)c2ccncc2)cc1C(=O)Nc1ccc(-c2cccc3c2CNC3=O)cc1,-6.9,3.5607540715203134,16_872
Cc1cn2c(-c3cnn(CC(=O)N4CCCCC4)c3)cnc2c(Nc2cc(CN3CCCC(C)C3)ns2)n1,-7.5,3.3409838972943726,16_873
Cc1cnc(CNc2nc3c(cc2F)c(=O)c(C(=O)O)cn3CCO)cn1,-6.5,3.456338410161738,16_874
C[C@@H]1CN(c2ccccc2F)C(=O)c2cc(COc3cccc(F)c3)nn21,-7.1,3.7171236791770896,16_875
O=C(Nc1cccc(-n2cc(-c3ccncc3)c(-c3ccc(O)c(Br)c3)n2)c1)Nc1ccccc1Cl,-8.3,3.3436677363637473,16_876
O=C(O)c1cc(-n2c(O)c3c(c2O)C2c4ccccc4C3c3ccccc32)ccc1O,-7.9,3.2435064705520005,16_877
N[C@@H]1CCCN(S(=O)(=O)c2ccc3c(c2)CC=c2cccnc2=CCC(=O)NC3)C1,-7.8,1.165299577942446,16_878
O=C1/C(=C/c2cccc(O)c2)Cc2ccccc21,-6.9,3.4331227822866235,16_879
Cn1cc(/C=C/c2cc[n+](C)cc2)cc2c(-c3ccc(C(F)(F)F)cc3)ccc1-2,-7.2,3.248077026823159,16_880
CC[C@@H](O)[C@@H](O)[C@@H](COC(c1ccccc1)(c1ccccc1)c1ccccc1)O[CH]OC1=CC(=CC=O)C1O,-6.7,3.1682324826063297,16_881
O=C1C(=O)c2cccc(Sc3ccccc3)c2C(=O)c2ccncc21,-7.5,2.6921188399785954,16_882
CON=C(c1ccc(Cl)cc1)c1ccccc1Cn1cnc2ccccc21,-6.9,3.5134887391277134,16_883
COc1cc(F)ccc1-c1ccnc(-n2ccc3cc(S(=O)(=O)N4CCOCC4)ccc32)c1,-7.8,3.651721047921522,16_884
FC(F)(F)c1ccc(-c2nnn(Cc3cc4ccccc4nc3N3CCCC3)n2)cc1,-7.8,3.640525993193902,16_885
Cn1cc(S(=O)(=O)NCC2CCN(C(=O)c3ccsc3)CC2)cn1,-6.2,3.6669685660704285,16_886
Cc1cccc(-c2nc3c4ccccc4nc(NCc4cccc(Cl)c4)n3n2)c1,-8.9,3.586389102392773,16_887
COc1cnc2ccc(=O)n(CCNC3CCN(c4nc5ccccc5c5ccccc45)C3)c2c1,-7.8,3.4860765302053194,16_888
Cc1ccc(C(=O)Nc2ccc3c(c2)C[C@@H](Nc2ccccc2C)C3)cn1,-6.7,3.6738040670830863,16_889
NCC1Cc2nnc3ccccc3c2N1Cc1ccc(F)cc1,-6.4,3.7706006804429424,16_890
CN1CCN(C(=O)/C(=C/c2ccccc2)c2cccc(-c3cccc(C(=N)N)c3)c2)CC1,-8.2,3.3920601855163626,16_891
O=C(Cc1cccc([N+](=O)[O-])c1)Nc1ccc2nc(NC(=O)c3ccccc3)sc2c1,-7.4,3.4929487545620868,16_892
O=C(Nc1ccccc1C(=O)NCc1ccccc1)c1ccc(-c2cccc([N+](=O)[O-])c2)o1,-7.7,3.49646855590913,16_893
Cc1nsc(C(=O)NCCNc2cnccc2-c2ccccc2F)n1,-6.6,3.6859569251705078,16_894
COc1ccccc1N1CCN(C(=O)CN(c2cccc(C)c2)S(=O)(=O)Cc2ccccc2)CC1,-7.0,3.6558572870184545,16_895
Cc1cccc(-n2ncc3c(N4CCNc5ccccc54)ncnc32)c1,-7.1,3.6868526749970263,16_896
Cc1ccc(S(=O)(=O)NC(=O)c2ccc3c(c2)OCO3)cc1,-6.9,3.743420976360172,16_897
O=C(Nc1ccc(-c2cccc(-c3ccccc3)c2)cc1)c1ccccc1C(=O)Nc1nccs1,-8.1,3.444481219820069,16_898
Cc1ccccc1C(=O)Nc1ccc(-c2cccc([N+](=O)[O-])c2)nc1,-7.2,3.7021814015507646,16_899
Cc1cc(SC2C(=O)OC(CCc3ccc(O)cc3)(c3ccccc3)CC2(C)C)ccc1O,-8.1,3.5576786688372186,16_900
CSCCC(=O)N1CC[C@H](Oc2ccccc2Cl)C1,-5.0,3.5605122069702073,16_901
C=CC(=CC=COC)C=C(C=Cc1[nH]c(-c2ccccc2Cl)cc1-c1ccccc1)CN1CCOCC1,-7.6,3.334215593151284,16_902
COc1cccc(C(=O)Nc2cccc(NC(=O)c3cccc([N+](=O)[O-])c3)c2)c1,-7.0,3.614506547356651,16_903
N#Cc1ccc(Nc2nccc(-c3cccc(NC(=O)c4cc5ccccc5s4)c3)n2)cc1,-7.1,3.4812974978390496,16_904
COc1ccc(Cc2c(O)n(-c3ccc(Br)cc3)c(=O)n2Cc2ccccc2F)cc1OC,-8.0,3.6443204154454936,16_905
O=c1c(-c2ccccc2Cl)c2ccccn2c(=O)n1CCCCN1CC=C(c2c[nH]c3ccc(F)cc23)CC1,-8.2,3.398583187049059,16_906
Cn1c(C(=O)Nc2ccc3c(c2)OCCO3)cc2c(=O)n(C)c3ccccc3c21,-7.3,3.6898425540902773,16_907
CN1C(=O)CCC1c1cc2[nH]c(-c3ccccn3)cc2cc1Oc1ccc(C=CC(=O)N=N)cc1,-6.8,3.459239078065475,16_908
COc1cccc(-c2cccc(-c3cccc4c3C(=O)c3ccccc3-4)c2)c1,-8.4,3.2774009562778255,16_909
Cc1c(CNCCO)sc2c1c(=O)n(-c1ccccc1)c(=O)n2Cc1ccccc1,-7.4,3.5810186527728565,16_910
O=C(Nc1ccc(Cl)cc1)Nc1ccc(-c2nc3cc(NC(=O)c4cccc(Cl)c4Cl)ccc3o2)cc1,-6.2,3.2851716031111797,16_911
CC(=O)NC[C@H]1CN(c2ccc(-c3ccc(/C=C/c4ccc(F)cc4F)cc3)c(F)c2)C(=O)O1,-6.5,3.6427201383071983,16_912
CN(Cc1cnc2nc(N)nc(N)c2n1)c1ccc(C(=O)N(Cc2ccccc2)Cc2ccccc2)cc1,-7.2,3.3490346313021777,16_913
O=Cc1ccccc1Nc1ccnc(NCc2nc3cc(F)ccc3[nH]2)n1,-7.2,3.5194693758051807,16_914
Cc1c(-c2ccc(Cc3ccc(OC(F)(F)F)cc3)cc2)[nH]c2cccc(F)c2c1=O,-7.4,3.535047575802476,16_915
O=C(O)c1ccc(NCCCc2ccccc2)cc1Nc1cccc(C(F)(F)F)c1,-7.6,3.512055519371777,16_916
O=C(C(=CN1CCNC(=O)c2ccccc2CC1)c1ccccc1Cl)c1ccccc1,-7.7,1.4165751201637309,16_917
COc1ccccc1C(=O)Nc1ccccc1NC(=O)c1ccc(-c2ccccc2-c2nn[nH]n2)cc1,-8.3,3.288128016080889,16_918
O=C(CSc1nnc(-c2cccs2)n1Cc1ccccc1)Nc1ccc2c(c1)OCCO2,-6.0,3.5471509001150126,16_919
Nc1ccc(-c2cc3c(cn2)[nH]c2ccc(-c4cccc(N)c4)cc23)cc1,-8.9,3.355605776572462,16_920
COc1cccc(-c2csc(Nc3cccc(-c4cn5cccnc5n4)c3)n2)c1,-7.4,3.5717951333944846,16_921
O=C(/C=C/c1ccc(/C=C2\SC(=S)N(C(Cc3ccccc3)C(=O)O)C2=O)cc1)c1ccc(Cl)c(Cl)c1,-7.0,3.400586171918105,16_922
COc1ccc(CCNC(=O)c2cccnc2Nc2ccccc2OC)cc1,-7.0,3.7031557992619346,16_923
COc1ccc(-c2c(N)ncnc2Nc2ccc3c(c2)OCO3)cc1OC,-7.5,3.6435474657242093,16_924
CCN(CC)C(=O)OC=c1cncc2c1=CC(NC(=O)c1ccccc1)=C2Oc1ccc(C)cc1,-7.8,3.713943489261254,16_925
COc1ccc(Cc2nnc(NC(=O)c3ccccc3)s2)cc1,-6.6,3.78012166245001,16_926
Nc1cc2c3c(cccc3c1)C(=O)N(C1CCN(Cc3cn(-c4ccccc4)nc3-c3ccccc3)CC1)C2=O,-9.6,3.264804145549216,16_927
Cc1cc(CC(=O)N2CCC(c3cccc(CN)c3)CC2)ccc1-c1cccc(Cl)c1,-6.9,3.5955193546772826,16_928
Cn1c2ccccc2c2cc(C(=O)c3c(N)oc4ccc(C(=O)O)cc34)ccc21,-8.1,3.4900219996006685,16_929
C#CCNCC(=O)c1ccccc1,-4.7,3.1515217243523965,16_930
CSc1ccc(C(O)c2nc(-c3ccc(C)cc3)c[nH]2)cc1,-6.4,3.6444784524942078,16_931
CC1=CN2C(=CC(=CCC(F)(F)F)C(=O)Nc3cccc(-c4cccc(Nc5ncc6c(n5)CCNC6)n4)c3)C2C=N1,-8.3,3.104464886657104,16_932
O=C(c1ccc(NCc2ccc(C3C=CCC3=O)cc2)cc1)c1cc2cc(F)ccc2[nH]1,-8.0,3.4689577674255316,16_933
CNc1nonc1-n1nnc(C(=O)N/N=C/c2ccco2)c1C1=CC=CCC1,-6.6,3.3418571230915766,16_934
Cc1ccccc1C(=O)Oc1ccccc1-[n+]1cccc2ccccc21,-7.4,3.3006097236011724,16_935
CC1=CN=C(C)c2nc(=Cc3ccccc3Cl)n(-c3ccccc3)c2=NC1,-7.1,1.8232147713025486,16_936
CC(=O)Nc1ccc(-n2cc(COc3cccc4cnc(Nc5cccc(Cl)c5)nc34)nn2)cc1,-7.7,3.4036014018917884,16_937
O=C(O)CC1=NC(=NC(=O)c2ccc(C(=O)Nc3ccc4c(c3)OCCO4)cc2-c2cccs2)S1,-6.8,3.4845994609413866,16_938
CC(=O)O[C@@H]1C[C@@]2(C)[C@@H]3CC=C4[C@@H](C[C@H](O)[C@@H](O)C4(C)C)[C@]3(C)C(=O)C[C@]2(C)[C@H]1[C@@](C)(O)[C@H]1C[C@@](C)(O)[C@H](O)[C@@H](C)[C@@H]1O,-8.5,2.473040868193625,16_939
NC(=S)NN=C(C=Cc1ccc(Br)cc1)c1ccccc1,-6.3,3.5032654240084407,16_940
O=C(c1ccccc1)c1ccc(NC2=NCCN2)cc1,-6.5,3.6252699573999427,16_941
COc1ccc(/C=C/c2cc(C)ccc2Nc2ccccc2C(=O)N2CCCC2)cc1,-7.4,3.5734314308682373,16_942
O=C(c1ccn(C(F)F)n1)N1CCC(Oc2cccc(C(F)(F)F)c2)CC1,-7.1,3.641594247381506,16_943
NC(=S)N=Cc1ccc(-c2ccccc2)cc1,-5.9,3.3958056903759317,16_944
Cc1cc(C)n(-c2ccc(C(=O)NC3CCCN(Cc4ccccc4F)C3)cc2)n1,-7.6,3.7653109775390474,16_945
Cc1cc(C(=O)Nc2ccc(F)cc2)n(-c2ccccc2)n1,-7.0,3.719112610991366,16_946
Oc1ccc(Cl)cc1-c1nc2ccccc2nc1Br,-6.8,3.6599289943944195,16_947
O=C(CCc1ccccc1)c1cc2cc(O)ccc2oc1=O,-7.0,3.6633934033451236,16_948
O=C1c2ccccc2C(=O)N1NS(=O)(=O)c1ccc(F)cc1,-7.0,3.6494304055375713,16_949
CN(Cc1ccccc1)C(=O)c1ccccc1NC(=O)c1nc(-c2ccccc2)c2ccccc2n1,-8.5,3.499692045482103,16_950
O=C(Nc1cc(-c2ccccc2C(F)(F)F)ccc1C(=O)Nc1cc(Cl)ccc1O)c1cccc(-c2cc3ccccc3oc2=O)c1,-8.6,2.907241592336304,16_951
O=C(Cn1c(SCC(=O)NC2C3CC4CC(C3)CC2C4)nc2ccccc21)NCc1ccc(F)cc1,-7.6,3.273323886125546,16_952
O=C(O)CCCCC1C(=O)Nc2ccccc2C1Oc1ccc(Br)cc1,-6.2,3.6503226025318787,16_953
COc1nc2ccccc2nc1C(=O)Nc1ccc(N2CCN(C(C)=O)CC2)cc1,-7.2,3.7726052210080345,16_954
Cc1ncc(C(c2cccc3ccncc23)N2CCOC[C@H]2C)cc1F,-6.9,3.7139152041684182,16_955
O=c1oc2ccccc2cc1-c1ccc(O)c(O)c1,-7.3,3.532830650395428,16_956
COc1ccc2c(C#Cc3ccncc3)c(-c3ccc(C)cc3)[nH]c2c1,-7.5,3.4633821225697656,16_957
Nc1ncc(-c2ccccc2)nc1C(=O)Nc1ccc2cccnc2c1,-7.9,3.684675456860452,16_958
C[C@@H](O)C(NC(=O)c1ccc(Nc2nc3cccnc3[nH]2)cc1)C(=O)NCC#N,-6.5,3.235092838894234,16_959
Cc1cc(C)c(C#N)c(N2CCN(C(=O)Nc3cc(F)ccc3F)CC2)n1,-6.8,3.7553514144798794,16_960
Oc1ccc(Br)cc1C=Nc1ccccc1,-6.5,3.536081841204905,16_961
O=c1cc(C(F)(F)F)[nH]c2ccc(-c3ccc[n+]([O-])c3)cc12,-7.3,3.5367701100563362,16_962
O=c1c2c3c(sc2ncn1Cc1ccc2ccccc2c1)CC(NCc1cccnc1)CC3,-7.2,3.5653499864582825,16_963
O=C(NCc1ccc(-c2ccc3c(c2)OCO3)cc1)c1ccc(C#Cc2ccccc2)cc1,-6.5,3.530290117490523,16_964
COC=CC1=C(CCNC[C@H](O)c2ccc(-c3nc(-c4ccc(C(F)(F)F)cc4)c(-c4cccs4)o3)cc2)C=C1,-6.5,3.2295411623699737,16_965
COc1cc(Br)cc(C(=O)Nc2cccc(-c3ccc4cnc5ccccc5c4c3)c2)c1,-7.9,3.3153171976080946,16_966
O=C(Nc1nc2ccc(Cl)cc2s1)Nc1cccc2ccccc12,-7.7,3.627404313340314,16_967
O=C(Nc1ccc(F)cn1)c1ccc2c(c1)C(=O)N(CC1CCCO1)C2=O,-7.6,3.6303612661961564,16_968
O=C(O)c1ccc2c(c1)nc(-c1ccc(OCc3ccc(-c4ccccc4F)c(F)c3)cc1F)n2Cc1ccccc1F,-7.8,3.2371309979831837,16_969
Cc1cc(Nc2cc(N3CCCCC3)nc(Nc3cccc(C(=O)NCCN(C)C)c3)n2)[nH]n1,-8.1,3.393077468738211,16_970
CCC(C)NC(=O)c1cc(S(N)(=O)=O)c(Br)cc1Sc1ccccc1,-6.2,3.7550255411808573,16_971
Cc1ccccc1NC(=O)CSc1nncn1-c1ccccc1,-6.5,3.731395103158288,16_972
O=C(c1nc2ccccc2c2cc3ccccc3n12)N1CCN(C(c2ccccc2)c2ccccc2)CC1,-8.7,3.3946908336845203,16_973
Oc1ccc2[nH]c(-c3cc(F)cc(F)c3)nc2c1CN1CCOCC1,-7.4,3.7514765167860924,16_974
NN=C(C(=CC=NC=CC1=CC=COC1)c1ccccc1)c1ccc(CC(O)=NO)cc1,-6.4,3.149497884664436,16_975
O=C(CN1C(=O)N(c2ncc(-c3cccnc3)cn2)C(Cc2ccccc2)c2cc(F)ccc21)N1CCCC1c1cccnc1,-9.2,3.235564961956217,16_976
NC(=O)C(Cc1ccccc1)NC(=O)C(Cc1ccccc1)NC(=O)C1Cc2ccccc2CN1C(=O)C(N)Cc1ccc(O)cc1,-6.5,2.9895185380766605,16_977
CCCc1cc(-c2nc(-c3ccc([N+](=O)[O-])cc3)cs2)[nH]n1,-6.6,3.681852410174007,16_978
O=C(Nc1ccc(Nc2ccc3c(c2)CCc2ccccc2C3=O)cc1)c1ccccc1F,-7.9,2.573256312752943,16_979
O=C1CN(S(=O)(=O)c2ccc(Cl)c3ccccc23)c2cc(Cl)ccc2N1,-7.7,3.714306799329498,16_980
CS(=O)(=O)c1ccc(CNC(=O)Nc2cccc(-c3cccc(-c4nc5ccccc5[nH]4)c3)c2)cc1,-8.2,3.3895739628225936,16_981
O=CNC(=O)C(c1c[nH]c2ccccc12)c1cn(Cc2ccccc2)c2ccccc12,-8.0,3.456339460528568,16_982
O=CN1CCc2cc(-c3ccccc3)nn2-c2ccccc21,-8.0,2.605055435773769,16_983
COc1ccc2[nH]cc(-c3nnc(N)s3)c(=O)c2c1,-6.5,3.573290097516359,16_984
C/C=C1/[CH]C=C2[C@H]3CC=C4C[C@@H](N)CC[C@]4(C)[C@H]3[C@H](O)C[C@@]21C,-6.7,2.9033182596240192,16_985
O=C(c1cccs1)N1CC[C@@H]2CN(Cc3cccc(C(F)(F)F)c3)C[C@@H]21,-6.5,3.554884674699254,16_986
Cc1ccccc1N1CCc2c(Cl)nc3c(Cl)cccc3c21,-6.0,3.4258549796820743,16_987
N#Cc1ccccc1-n1ncc2c(N3CCN(C(=O)c4ccccc4)CC3)ncnc21,-7.8,3.592907138389716,16_988
O=C1N[C@@](CCCc2ccccc2)(C2CCNCC2)C(=O)N1Cc1ccccc1,-6.6,3.547158180804591,16_989
COc1ccc(-c2c(-c3ccc(F)cc3)nc(SCc3ccccc3)n2-c2ccccc2)cc1,-6.1,3.276758954223201,16_990
CC=CC1=NC(=Nc2ccc(Nc3nc(/C=C/c4ccccc4)nc4ccc(F)cc34)cc2)N=CN(CCNC)C=C1,-7.2,1.5444144336970371,16_991
NS(=O)(=O)c1cccc(NC(=O)COC(=O)c2ccc(Br)cc2)c1,-6.5,3.580469699954277,16_992
OCC(CO)CNCc1ccc(-c2ccco2)cc1,-5.0,3.583630726832048,16_993
O=C(c1[nH]nc2c1CN(CC1CCOCC1)CC2)N1CCC(c2ccc(C(F)(F)F)cc2)CC1,-8.5,3.521367735499231,16_994
O=C(COC(=O)c1ccccc1NC(=O)c1cccs1)Nc1ccc2[nH]c(=O)[nH]c2c1,-7.2,3.3804143809806666,16_995
O=C1N=C2CCCC(=O)C2C(c2cccc([N+](=O)[O-])c2)N1,-6.3,3.443614666777253,16_996
Nc1ccc(-c2cc(NC3CCOCC3)nc(-c3ccccc3F)n2)cc1,-8.8,3.697107059661331,16_997
Cc1c(OCc2ccccc2)c(=O)ccn1CCC(=O)Nc1ccc2ccccc2c1,-7.6,3.6454685784709033,16_998
O=C(Nc1ccccc1-c1ccccc1)NC(Cn1ccnc1)C(=O)N1Cc2ccccc2C1,-8.0,3.640945094458883,16_999
O=C(c1cccc(C(F)(F)F)c1)N1CCC(Nc2ncnc3ccccc23)CC1,-8.0,3.7734513174555495,16_1000
O=C(Nc1cccc2ccccc12)OCc1ccccc1,-6.9,3.610934359205925,16_1001
COc1cccc(CNC(=O)c2cc(-c3ccccc3)nc3ccc(Br)cc23)c1OC,-7.3,3.6460765446034507,16_1002
Cc1c(C(=O)OCc2nc(=O)c3sccc3[nH]2)oc2ccccc12,-6.9,3.6495644598224897,16_1003
COCCN1CCN(c2cc3ccccc3c3[nH]c4ccccc4c23)CC1,-6.7,3.6190160178454183,16_1004
O=C(Nc1ccc(C(F)(F)F)cc1)c1cccc(S(=O)(=O)NCc2ccco2)c1,-6.7,3.70364076539591,16_1005
C=Cn1c(C(=O)NC2CC=CS2)cc2cc(Nc3nccc(-c4ccc(F)cc4)n3)ccc21,-7.3,3.6033681005456626,16_1006
N#Cc1cc([N+](=O)[O-])ccc1Oc1cccc(-c2cccc3ccccc23)c1,-7.4,3.5185664060115176,16_1007
Cc1cc(O)ccc1CC(N)C(=O)N1CCCC1C(=O)NC(CCCCN)C(=O)NC(C=O)C(C)C,-6.1,2.8912373045323725,16_1008
O=C(Nc1nc2ccc(OC(F)(F)F)cc2s1)Nc1ccccc1CN1CCC(c2ccccc2)CC1,-7.9,3.52415824908109,16_1009
COc1ccccc1C(=O)Nc1c(C(=O)N2CCN(c3ccccc3F)CC2)oc2ccccc12,-9.2,3.662973115522635,16_1010
O=NN(CCF)C(=O)NC1CC1c1ccccc1,-5.6,3.5120376108622686,16_1011
COc1cc(/C=C/c2ccc3ccccc3[n+]2C)ccc1OCc1ccccc1,-7.1,3.372407534154434,16_1012
CC[C@H](C)[C@H](OCc1ccccc1)[C@H]1CC[C@]2(C)[C@@H](OC(C)=O)CC[C@H]2[C@@H]1C,-5.5,3.2425746919018046,16_1013
Cc1ccc(C)c(C(=O)Nc2cccc(NC(=O)c3cccs3)c2)c1,-6.2,3.7191097364505925,16_1014
CCC(=O)N1CCN(CCCNc2ccccc2C=CC(C)=N)CC1,-5.9,3.5441652207285013,16_1015
COc1ccc(-c2ccc(/C=C3/SC(=O)N(C(C)C)C3=O)nc2)cc1,-6.6,3.71584482141494,16_1016
COC=C1C(=CC2=NC(=N)N=C2/C=C/C(=O)c2ccc(N(C)C)cc2)CC(OC)=C1OC,-6.5,3.389030284307779,16_1017
O=C(NCC(F)(F)F)c1nn(-c2ccc(-c3cccc(F)c3F)cc2)c2ccccc12,-7.6,3.5787438743678166,16_1018
O=[N+]([O-])Nc1nc2ccccc2n1Cc1ccc(CNc2ccccc2)cc1,-7.2,3.560149766017702,16_1019
C[C@]12CCC(=O)NCC1CCc1cc(Cl)ccc12,-6.5,2.2562666172281203,16_1020
C/C(=C\c1ccccc1)C(=O)/C(=C/c1ccccc1)CNC(=O)c1ccccc1NC=O,-7.8,3.5108599623679098,16_1021
Cc1ccc(CCC(=O)Nc2ccccc2C(=O)O)cc1,-6.4,3.659828067895777,16_1022
O=C(Nc1cccc(-c2nn3ccccc3c2-c2ccnc(Nc3ccccc3)n2)c1)c1ccccc1F,-8.4,3.424979487644699,16_1023
CCOC=Cc1c(CCC(=O)Nc2ccc(C(O)=NO)s2)ccnc1C,-5.5,3.2061895229123483,16_1024
CC(C=Cc1cc(-c2ccc3c(c2)OCCO3)[nH]n1)=CC=CC#N,-6.7,3.6828742376805943,16_1025
COC1=C(OC)C2(C=COC1)N=CNc1cccc(N(C)c3ccccc3C(=O)O)c12,-6.4,2.6319506995457442,16_1026
O=C(Cc1ccccc1)N1C=CC=C(N2C(=O)c3ccccc3NS2(=O)=O)C1,-7.3,3.678005402027348,16_1027
O=C(NC1(c2nc(-c3ccccc3)cs2)CCOCC1)c1ccccn1,-6.9,3.7807109309969453,16_1028
O=C(Nc1cccc(NC(=O)c2ccc(F)cc2F)c1)c1ccc(-n2ccccc2=O)cc1,-7.8,3.68431556309179,16_1029
O=C(Nc1ccc(Cl)c(Cl)c1)c1cc2ccccc2cc1O,-7.6,3.634301197509246,16_1030
CN1CCN(Cc2ccc(NC(=O)c3[nH]ncc3NC(=O)c3ccccc3)cc2)CC1,-7.7,3.6341283323183915,16_1031
CC(C)c1ccc(NC(=O)c2cc3ccccc3nc2Oc2ccc(Cl)cc2)cc1,-8.0,3.571586783848517,16_1032
N#CC1=C(NC(=O)c2cc(N3CCOCC3)ncn2)c2ccccc21,-7.4,3.646847096949851,16_1033
O=C(Nc1ccc(-c2cc[nH]n2)cc1)C1CN2CCC[C@@H]2c2ccccc21,-7.0,3.610378204801198,16_1034
Cc1ccc(-n2cc(-c3ccc(Cl)cc3)nc2SCC(=O)Nc2ccccc2F)cc1,-7.9,3.5542498516105185,16_1035
O=C(NN=Cc1cc(Cl)cc(Cl)c1O)c1ccc(-c2nnc(Cc3ccc(F)cc3)o2)cc1,-7.3,3.4816512383097242,16_1036
C=COC(=O)C1CCCN1C(=O)c1ccccc1NCc1ccccc1,-6.9,3.684188265620108,16_1037
Cc1nc(-c2ccccc2)c(C(=O)NC2CCN(c3cc(C(O)Cl)ccc3C)CC2)o1,-6.9,3.6695080080471247,16_1038
CC(C)C[C@@H]1C[CH]C[C@@H](Oc2ccccc2CNC2CC=C(Cl)C2=CC#N)C1,-5.8,3.4201375121347484,16_1039
O=c1[nH]c2ccccc2c(=O)n1-c1ccccc1-c1cn(-c2ccc(Cl)cc2Cl)nc1-c1ccccc1,-8.5,3.501378691266445,16_1040
CC1(C)CC(=O)c2cc3cc(Cl)ccc3nc2C1,-6.2,3.4250030260364146,16_1041
COc1ccc(C(=O)N2c3ccccc3Oc3ccc(Cl)cc32)cc1OCc1ccccc1,-8.2,3.524694542208019,16_1042
CCC1C=[N+](Cc2ccc(C)cc2)c2ccc(F)cc21,-6.7,3.1484406068179513,16_1043
C=Cc1[nH]c(C)nc1NS(=O)(=O)c1ccc(NCNC(=O)c2ccc(NC(=O)c3ccncc3)cc2)cc1,-5.9,3.0964622581008188,16_1044
CC(=O)c1c(C)[nH]c(C(=O)Nc2cccc(-c3nc4ccccc4[nH]3)c2)c1C,-7.4,3.5225082450544045,16_1045
CCOC(=O)C(Cc1ccc(Oc2ncc(C(F)(F)F)cc2Cl)cc1)NC(=O)c1ccccc1,-6.6,3.6316787066829486,16_1046
O=C(Cn1c2c(c(-c3cc(Cl)ccc3Cl)cc1=O)C(=O)CC2)Nc1cccc(F)c1,-6.9,3.774012435034767,16_1047
COc1ccc(NC(=O)c2cccc(-c3ccc(C)c(Cl)c3)c2)cc1,-6.9,3.641120614611731,16_1048
N#CSc1c(-c2ccc(-c3ccccc3)cc2)nc2ccccn12,-6.7,3.5103353694853507,16_1049
C[C@@H]1CC=C(NC(=O)c2ccc3ccccc3c2)C(=CCN/N=C/c2ccc(C(F)(F)F)cc2)C(=O)N1,-5.9,2.339547580620478,16_1050
O=C(N[C@H]1c2ccccc2C[C@H]1O)C(Cc1ccccc1)C[C@H](O)CNS(=O)(=O)c1ccc([N+](=O)[O-])cc1,-7.2,3.147241920310485,16_1051
COC(=O)c1ccc(Nc2nccc(-c3cccc(NC(=O)c4cccc(C#N)c4)c3)n2)cc1,-6.7,3.4332008399912306,16_1052
C=CC(=O)Nc1ccc(C(=O)C2=Nc3cc(NC(=O)c4cccc(F)c4)ccc3N(C)S2(=O)=O)cc1,-7.1,3.5033191270394655,16_1053
O=C(Nc1cc(-c2ccccc2)ccc1N1CCOCC1)c1cccc([N+](=O)[O-])c1,-8.5,3.6709291815071348,16_1054
O=C(C=C1N=C(O[C@H]2CCOC2)c2cc(-c3ccccc3)ccc21)NCc1ccccc1,-7.8,3.5896708510375195,16_1055
Cc1ccc(CNC(=O)C2CC(c3cccs3)=NN2C)cc1,-6.2,3.758613408151942,16_1056
CN(C)Cc1c(-c2ccc(Cl)cc2Cl)nc2ccc(F)cn12,-6.6,3.6348677666701947,16_1057
O=P1(Nc2ccccc2)COc2ccccc2OC1,-7.0,2.6399487482488047,16_1058
O=C(Nc1cccc(-c2cccc(F)c2)c1)Nc1cccc(-c2cc(-c3ccc(OC(F)(F)F)cc3)nc3ccccc23)c1,-9.6,3.065988998980672,16_1059
C=CC=CC=c1[nH]ccc1=CC1=CC(=Cc2nc3cc(-c4ccccc4)ccc3[nH]2)C=C1,-7.5,3.3396497503652407,16_1060
CC=C1C=Cc2c(n(C(=O)c3cccc(C(=O)Nc4cc5cccc6ccccccc4cc65)c3)c3ccccc3c2=O)C1,-9.5,1.1079466019514652,16_1061
Cc1ccc(-c2nnc(Nc3ccc(CN4CCOCC4)cc3)c3ccccc23)cc1,-7.6,3.656384911692535,16_1062
Cc1ccccc1OCCN(Cc1ccc(-c2ccccc2S(N)(=O)=O)cc1)C(=O)c1ccccc1Oc1ccccc1,-7.8,3.272404446602099,16_1063
C[C@@H](CC(=O)O)NC(=O)c1ccc(-c2cccc3c(=O)cc(N4CCOCC4)oc23)c2sc3ccccc3c12,-8.1,3.3953266834954254,16_1064
O=C(NC1CC1)C1CCCN1CC=C(Cc1cccc(C(F)(F)F)c1)c1ccccc1N1CCCCC1,-7.7,3.346161311688691,16_1065
O=C(c1cccc(S(=O)(=O)N2CCCCCC2)c1F)N1CCN(S(=O)(=O)c2cccc(F)c2)CC1,-7.4,2.5662893231497703,16_1066
O=C(Nc1ccc(N2CCCCC2)cc1)c1ccc(N2CCOCC2)nc1,-6.8,3.6882764360482985,16_1067
COc1ccc(-n2nc(C(=O)NCC(=O)NCCC3=CCCCC3)ccc2=O)cc1,-6.6,3.60995982677256,16_1068
O=C(Nc1nc2ccc(F)cc2s1)c1cccc2c1CN(c1ccc(N3CCN(c4ccccc4)CC3)c(C(=O)O)n1)CC2,-8.0,3.2326730490935045,16_1069
O=C1Nc2ccc([N+](=O)[O-])cc2C(c2ccccc2)=NC1Cc1ccccc1,-7.5,2.6899273882502306,16_1070
COc1cc2c(cc1C(=O)Nc1ccc(-c3nc4cc(C#N)cc(C)c4o3)cc1)oc1ccccc12,-7.6,3.4690553719394064,16_1071
O=C(CCCc1ccccc1)N/N=C/c1ccc([N+](=O)[O-])cc1,-5.8,3.581278353837524,16_1072
CC(=O)N1c2ccc(NC(=O)c3ccc4ccccc4c3)cc2CC1C,-7.4,3.6259544664942607,16_1073
O=C(Nc1nnc(-c2ccc(Oc3ccc([N+](=O)[O-])cc3[N+](=O)[O-])cc2)s1)c1ccc(Nc2ccccc2-c2ccccc2)cc1,-7.0,2.8331981440482714,16_1074
CCCS(=O)(=O)Nc1ccc(F)c(C(=O)c2c[nH]c3ncc(-c4ccc(C(=O)N5CCOCC5)cc4)cc23)c1F,-7.5,3.4050130754580383,16_1075
CC(C)CNC(=O)C(N)C1C=CC=C(O[P@@]2(=O)CO[C@@H](Cn3cnc4c(N)ncnc43)O2)C1,-7.0,3.126369953775567,16_1076
CC1C2=C(CC(Cn3c(N)nc(Cc4cccc5ccccc45)c3C(=O)O)OC=C2)NCCN1C1=C(c2ccccc2)C(=O)c2ccccc21,-8.2,1.8832031450693156,16_1077
COC=CC=C(COC)c1cc[nH]ccc(-c2cccc(NC(=O)c3cccc(C(F)(F)F)c3)c2)cc1,-7.1,1.2382337606306981,16_1078
O=C(NCN1C(=O)c2ccccc2S1(=O)=O)c1ccc2ccccc2c1,-7.4,3.758508099446035,16_1079
CNC1CCN(CC2=CC(C(=O)Nc3sc(-c4ccc5c(c4)OCCO5)c(Cl)c3C)=NCN=C2)C1,-6.7,2.4493311925025636,16_1080
Cc1ccc(-c2nnc(NC(=O)c3ccc([N+](=O)[O-])o3)s2)c(C)c1,-7.2,3.5769710508312977,16_1081
O=C(N[C@@H]1COCC[C@@H]1OCc1ccccc1)c1nccc2ccccc12,-7.0,3.765098350472299,16_1082
CS(=O)(=O)Nc1ccccc1Nc1nc(Nc2ccc(Oc3cccc(N)c3)cc2)ncc1Cl,-7.2,3.2484661603540146,16_1083
O=C(CC1C(=O)NCCN1Cc1cccc(Oc2ccccc2)c1)NCc1cccc(F)c1,-7.3,3.693246170774671,16_1084
C=C(c1ccc([C@H](C)NC(=O)c2ccccc2)cc1)C1CCN(C(=O)Nc2ccc(F)cc2)CC1,-7.1,3.5389153072560244,16_1085
CC(C(Cc1ccccc1Cl)=Nc1ccc(Nc2cccc(C(F)(F)F)c2)c(C)c1)=C(C#N)C(=O)O,-6.8,3.3873715787304595,16_1086
O=C(CCc1ccccc1)Nc1ccc2c(c1)C(=O)N(CC1CCCO1)C2=O,-7.2,3.6482886233814673,16_1087
O=C(NCc1ccc2[nH]ccc2c1)C1CC(=O)N(C2CCCC2)C1,-7.0,3.5815470255849444,16_1088
COc1ccc([C@@H]2Nc3ccccc3[C@H]2CCCN)cc1,-6.3,3.6476724465888406,16_1089
Fc1ccc(-c2ccc(F)cc2-c2ccc3c(-c4ccccn4)cccc3n2)cc1,-8.1,3.335013836436885,16_1090
COc1ccc(Nc2ncncc2C(c2ccc(O)cc2)c2cccc3ccccc23)cc1,-7.5,3.4522250977353997,16_1091
Nc1cccc(-c2ccc(-c3ccccc3)o2)c1,-6.9,3.479649479170323,16_1092
c1ccc(CO[C@@H]2C[C@H]3CC[C@@H](C2)N3Cc2ccccc2)cc1,-6.5,3.4028430371192524,16_1093
CC1C(C2=CN3C=C(C(=O)NCc4ccc(Br)cc4)C=CC23)=CC=CC12CCCC(C(=O)O)C2,-7.7,3.266840357582013,16_1094
CS(=O)(=O)C=CC=C(F)c1cccc(-c2cnnc3c2ncn3C2CCC2)c1,-6.5,3.674156051600362,16_1095
O=C(C(=O)N1CCN(C(=O)c2ccccc2)CC1)c1c[nH]c2c(-c3nc4ccccc4[nH]3)cccc12,-8.6,3.41632150353656,16_1096
CCCCC1=CC=CS(=O)(=O)NC2CCN(Cc3ccccc3)C12,-6.0,1.7383438841776737,16_1097
NS(=O)(=O)c1ccc(Nc2ccccc2C(=O)NCc2ccccc2)cc1,-6.9,3.6421424175497283,16_1098
NC(=O)C[C@@]1(NC(=O)c2cc3cccc(-c4ccccc4)c3[nH]2)c2ccc3ccccc3c2C12C(=O)c1ccccc1C2=O,-8.4,3.1119920558831664,16_1099
C=C1C(=O)O[C@H]2C[C@@H](C)[C@@H]3[C@H](OC(C)=O)C[C@@H](OC(C)=O)[C@@]3(C)C[C@H]12,-6.0,2.1388893517928462,16_1100
COc1cccc(C(=O)Nc2ccccc2N2CCOCC2)c1OC,-5.9,3.8142922729006763,16_1101
O=C(O)Cc1ccccc1C(=O)Nc1cc(-c2cccc(-c3ccccc3OC(F)(F)F)c2)ccn1,-7.5,3.5703660160777475,16_1102
C[C@H]1COC=C(N2CCN(c3cccc(C(N)=O)c3)CC2)C(F)=Cc2cn1cc(C(=O)O)c2=O,-7.3,1.3969821576216126,16_1103
CC1SC(=NC(=O)c2c3ccccc3cc3ccccc23)NC1CCC[C@H]1[CH]NC(=O)C(=O)N(Cc2cc(C(F)(F)F)ccc2Cl)C1,-8.1,2.1731713771360424,16_1104
Nc1ncnc2c1nc(N)n2[C@@H]1C[C@H]2CC[C@@H]1C2,-6.9,3.422776363643301,16_1105
c1cc(-c2nc(N3CCOCC3)c3sccc3n2)c2c[nH]nc2c1,-7.5,3.686427346693532,16_1106
O=C(c1ccc(-c2cc(F)c(F)c(F)c2)cc1)N1CCN(S(=O)(=O)c2ccc(Oc3ccccc3)cc2)CC1,-7.4,3.467206999933353,16_1107
O=C(Cc1ccc(F)cc1)Nc1cccc(-c2[nH]nc3ccc(-c4nc[nH]n4)cc23)c1,-8.4,3.471860679046036,16_1108
CCOP(=O)(OCC)c1cc2c3ccccc3n(Cc3ccccc3)c2c(-c2cn(C(C)=O)c3ccccc23)n1,-8.4,3.228359406251749,16_1109
O=C(COC(=O)c1ccc([N+](=O)[O-])o1)Nc1cccc2ccccc12,-6.8,3.570104403516043,16_1110
Cc1[nH]nc(C(=O)NC2CCN(c3cn[nH]c(=O)c3)CC2)c1C,-6.8,3.533094973109618,16_1111
Fc1ccccc1Cn1c2cccc3cccc(c32)n2cnnc12,-7.3,3.5022330690911234,16_1112
COc1ccc(Cn2c(=N)c(C(=O)NCc3ccc(F)cc3)cc3c(Cl)cc(Cl)cc32)cc1,-7.2,3.6275018557510554,16_1113
COc1ccc2nc(-c3ccccc3F)ccc2c1,-6.8,3.4867809474013685,16_1114
Cc1ccc(C)n1-c1ccc(C(=O)NN=C2Cc3cc(C#N)ccc3NC2=O)cc1,-7.2,3.664456164512207,16_1115
COC=CC=C(C)n1c(CCC(=O)O)nc2cc(OCc3ccccc3)ccc21,-6.2,3.6166951890659202,16_1116
O[C@@H]1c2cc(Cl)ccc2OC[C@H]1Cc1ccc(OCc2c(-c3ccccc3)noc2-c2ccccc2F)cc1,-7.5,3.365574064588733,16_1117
O=C1C(=CC2=CC=CSCC2)Oc2cc(NCCCO)ccc21,-6.1,2.5323980466483373,16_1118
Nc1ccc(-c2ccc3c(N)[nH]nc3c2)cc1,-6.8,3.4491816307293295,16_1119
CNCc1cccc[n+]1CC=C1c2ccccc2Sc2ccccc21,-7.2,3.5482993459442387,16_1120
COc1ccc(-c2ccc3c(N4CCOC[C@@H]4C)nc(N4CCOC[C@@H]4C)nc3n2)cc1CNC[C@H]1CC[C@H](N)CC1,-7.3,3.1546864030493103,16_1121
COc1ccc2c(c1)c1nn(C)c(-c3cccc(Oc4ccc5c(c4)OCO5)c3)c1c(=O)n2Cc1ccc(-c2ccccc2-c2nn[nH]n2)cc1,-8.2,3.069274237174584,16_1122
Oc1cc2ccccc2cc1-c1cncc(-c2cc3ccccc3[nH]2)n1,-8.4,3.4899552883173524,16_1123
Nc1ccccc1-c1nnc(C(=O)NCCc2ccccc2)s1,-6.5,3.6901774337627584,16_1124
Cc1ccc(NC(=O)CN2c3cccc4cccc(c34)S2(=O)=O)cc1C(=O)NCc1ccccc1,-7.7,3.6121073240565362,16_1125
O=C(O)c1ccc2nc(-c3ncc(Br)s3)n(Cc3cccc(Cl)c3Cl)c2c1,-7.3,3.650902363090191,16_1126
O=C(Nc1ccc(-n2nncc2-c2ccccc2)cc1I)c1cccc(-c2ccccc2)c1,-8.8,3.443465312171651,16_1127
COc1ncccc1C(=O)N1CC[C@]2(C[C@@H](Oc3ncccc3F)CO2)C1,-7.2,3.6087148569218654,16_1128
O=C(N/N=C/c1ccccc1)c1ccc(NS(=O)(=O)c2cccs2)cc1,-6.7,3.646580911406691,16_1129
Cc1ccc2c(=O)c3cccc(C(=O)N4CCN(c5ccccn5)CC4)c3oc2c1C,-7.9,3.5761051567818933,16_1130
O=C(O)c1cccc2nc3cc(F)ccc3nc12,-6.1,3.583389006262145,16_1131
O=C(Nc1ncc(Cc2cccc(C(F)(F)F)c2)s1)c1ccccc1F,-7.6,3.679575725021371,16_1132
CO[C]1C(COC(N)=O)c2c(O)cc(N)c(CSc3ccccc3)c(=O)c2N1Cc1ccccc1O,-6.6,2.2730461095088397,16_1133
O=C(c1ccc2cc(Oc3ccc(C(F)(F)F)cn3)ccc2n1)N1CCNC(=O)C12CCCC2,-7.9,3.6414715076551207,16_1134
O=C(c1ccccc1)c1ccc(Oc2cccc(N3C(=O)c4cccc(Cl)c4C3=O)c2)cc1,-8.7,3.486553141730484,16_1135
O=C1c2cc(OCCNC3CCCCC3)ccc2-c2cc(Oc3ccccc3)ccc21,-7.1,3.490189940055897,16_1137
O=C(Nc1cccc(-c2cn3c(-c4cccc5ncccc45)cnc3cn2)c1)c1ccccc1C(F)(F)F,-8.2,3.3935579621747713,16_1138
O=C(c1ccc2c(=O)n3c(nc2c1)CCC3)N1CCN(c2nc3ccccc3n3cccc23)CC1,-8.8,3.3910825834465568,16_1139
CCC(C)SC(=O)c1ccccc1Nc1c(C)cccc1C,-5.9,3.6445046638867566,16_1140
O=C(c1ccc(Oc2ncccc2C2CCOCC2)cc1)c1nc2ccccc2[nH]1,-7.2,3.651136653807185,16_1141
COc1cccc(-c2nc(CSc3nc(N)cc4ccc(C#N)cc34)c(C)o2)c1,-7.2,3.621893242092783,16_1142
O=C(O)c1cn(C2CC2)c2c(F)c(N3CCNC(O)C3)c(F)cc2c1=O,-6.9,3.470764612771813,16_1143
O=C(Nc1ccc2c(c1)OCCO2)C(c1cccc2ccccc12)n1c(=O)c(-c2cc3ccccc3[nH]2)nc2ccccc21,-9.0,3.3161037296627383,16_1144
COc1ccc(-c2csc(NC(=O)c3ccc(COc4ccccc4)o3)n2)cc1,-6.4,3.663069779621747,16_1145
CC(=CC=CC(=O)NCCC(=O)O)CN(c1ccc(-c2ccccc2)cc1)c1ncc2ccccc2c1C(Cl)Cl,-6.6,3.1710635508850933,16_1146
COc1ccc(N(C)c2ccc(CCCN3CCCCC3)cc2)cc1,-6.1,3.5548529035968173,16_1147
O=C1CC=C(Cl)C(Cl)=CN2C(=Nc3ccccc3C=NC2CCC(=O)NCCc2ccccc2)SC1,-6.9,1.433417125923648,16_1148
C=C[C@H]1[C]OC(=O)C=C[C@@](O)(CC)[C@@H](COCCO)O1,-5.2,1.0724717802913695,16_1149
N=C(N)NCCC(=O)Nc1ccc(CC(NC(=O)C2CCCN2S(=O)(=O)c2ccccc2)C(=O)O)cc1,-7.0,2.998234664057618,16_1150
CN=CNc1cc2c(cc1NC(=O)CN1c3ccccc3N(C=O)c3ccccc31)CCC2,-8.8,3.4279100158795517,16_1151
CC[C@](C)(NC(=O)c1ccccc1)c1ccccc1,-5.9,3.4560185728573427,16_1152
O=C1[CH]C2CCCN2C(=O)N1c1ccc(-c2cccnc2)cc1,-7.1,3.5873829955063954,16_1153
Cc1cc(F)ccc1-n1nnnc1C1c2ccccc2C(=O)N1CC1=CC=CC(=O)OC1,-7.8,2.5688573375213624,16_1154
NCC(=CCCc1cnc(=O)c2ccc(Cl)cc2n1)N1C(=O)c2cccc3c([N+](=O)[O-])ccc(c23)C1=O,-8.1,2.3318862252931725,16_1155
Nc1nc(N)c2c(n1)CCC(CNc1ccc(C(=O)NC(Cc3cccs3)C(=O)O)cc1)C2,-7.5,3.2729460887468083,16_1156
COC1=CC(CN(C(=O)c2cc3ccccc3oc2=O)c2cccc(N)c2C)C(OC)=C1OC,-7.4,3.5778791074049483,16_1157
COc1ccc(-c2ccc(Nc3nc(C)cc(Nc4ccc5cc[nH]c5c4)n3)cc2)cc1,-7.4,3.4105714510339906,16_1158
Cn1ncc(Br)c1-c1cc(C(=O)NCCN2CCC(c3ccccc3F)CC2)n(Cc2ccccc2)n1,-7.2,3.589779076178539,16_1159
Cc1c(-c2cccc(C(F)(F)F)c2)c(=O)c(C(=O)NCc2ccc(S(C)(=O)=NC#N)cc2)cn1-c1ccccc1,-7.5,3.479508672864328,16_1160
Cc1c(C)n(Cc2ccc(-c3ccccc3C(=O)O)cc2)c2ccc(C(=O)NCc3ccccc3C(=O)O)cc12,-7.5,3.255805483261859,16_1161
Cc1csc(NC(=O)c2ccc(CNc3ccc4nc(N)nc(N)c4c3)cc2)n1,-7.5,3.405651727823879,16_1162
O=c1[nH]nc(Sc2ncc([N+](=O)[O-])s2)n1-c1cccc2ccccc12,-7.4,3.4888438126849053,16_1163
Oc1ccc(CNc2ccc3c(c2)[C@@]24CCCC[C@H]2[C@@H](C3)N(CC2CCC2)CC4)cc1,-7.4,3.2188946936204497,16_1164
CC(C)CC1NC(=O)C(CC(C)C)N(C)C(=O)C(C)NC(=O)C(CC(C)C)N(C)C(=O)C(Cc2ccccc2)NC1=O,-6.9,1.8609617641608214,16_1165
O=C(Nc1cccc(F)c1)NC1N=C(c2ccccc2)c2ccccc2N(CC(=O)C2CCCC2)C1=O,-8.1,2.5930685758168264,16_1166
N#Cc1c(-c2ccccc2)[nH]c(SCC(=O)Nc2nc3ccc(Cl)cc3s2)nc1=O,-6.9,3.4910732562604627,16_1167
Cc1ccc(-c2nc(-c3ccc4c(c3)OCCCO4)cs2)cc1,-6.8,2.659723695386064,16_1168
O=C(O)c1ccc(-c2ccc3c(c2)C(=O)C2(CCNCC2)O3)cc1,-7.8,3.6306769923216096,16_1169
O=C(NCc1ccc2c(c1)CCN2C(=O)c1ccc(Cl)s1)c1cccc(F)c1,-7.4,3.7508047060257166,16_1170
CN(C(=O)c1cc(S(=O)(=O)Nc2cc(Cl)cc(Cl)c2)ccc1NC1CC1)C1CCCCC1,-6.7,3.561353023054172,16_1171
COc1cccc(CC2=NC(=O)NC2=O)c1OC,-5.6,3.595194956763353,16_1172
O=C(CC1S[C@H](c2cccc(Cl)c2)N(CC(=O)NCCCN2CCOCC2)C1=O)NCc1cccc2ccccc12,-7.9,3.356252868273311,16_1173
O=C(CNc1cccc(Oc2ccccc2)c1)N/N=C/c1ccccc1Cl,-7.4,3.6049817445741303,16_1174
N#Cc1cccc(-c2cccc(Nc3cc(NCc4cccc(N)c4)ncn3)c2)c1,-7.9,3.502199979846292,16_1175
OCC1CCN(c2nccc(-c3c[nH]c4ccccc34)n2)CC1,-7.0,3.7360969422878205,16_1176
N[C@@]1(C(=O)O)C[C@H](c2ccc(F)c(F)c2)[C@H]2c3ccccc3-c3ccccc3[C@@H]21,-8.0,3.5390720998948906,16_1177
O=C(c1cc(F)c(F)c(F)c1)N1CCC(Nc2ccc(F)cc2)CC1,-7.0,3.5863859618723426,16_1178
NC(=O)c1c(NC(=O)CSc2nc3ccccc3c(=O)n2-c2ccccc2F)sc2c1CCCC2,-7.5,3.462962333702696,16_1179
O=C(O)C1CCCC[C@H]1c1nc2cc(OCc3ccc4cc(F)ccc4n3)ccc2n1Cc1ccc(Br)cc1,-8.1,3.3756494136555535,16_1180
COC(=O)C1C(CN2CCOCC2)=NC(c2ccccc2)=NC1c1cccs1,-6.8,3.5669160471029047,16_1181
O=C(Nc1ccc(NC(=O)c2cccc(-c3ccccc3Cl)c2)cc1)c1cccc(F)c1,-7.2,3.532784554792922,16_1182
O=S(=O)(c1cccc(C(F)(F)F)c1)N1Cc2ccc(/C=C/C(O)=NO)cc2C1,-7.5,3.4124272553677457,16_1183
O=C(c1ccc(-c2nc(=O)c3ccccc3[nH]2)cc1)N1CCN(c2ccccc2)CC1,-7.8,3.6979527685515525,16_1184
C[C@@]1(C(=O)CO)Cc2cccc(F)c2N1C(=O)c1ccc(Oc2ccccc2)cc1,-6.1,3.7742900272198474,16_1185
COc1ccc(NS(=O)(=O)c2cccc(C(=O)NC(c3ccc(F)c(F)c3)C(F)(F)F)c2)cc1,-7.2,3.5778491918143787,16_1186
COc1cc(OC)cc(N(CC2CC2)c2ccc3ncc(-c4cnn(CCN5CCOCC5)c4)nc3c2)c1,-7.1,3.3204819927019837,16_1187
CC1(c2cc(-c3ccnn3C3CCOCC3)c3c(N)ncnn23)C=CC=CN(C=O)CCNC(=O)C1,-7.5,1.0124232025479154,16_1188
O=C(CC[C@H](C[CH]c1ccccc1)c1ccccc1)N[C@@H](Cc1ccccc1)[C@H](Cc1ccccc1)n1cc(-c2ccc(C(F)(F)F)cc2)nn1,-7.0,2.996678469321643,16_1189
NC(=O)C(c1ccccc1)N1CCN(C(=O)CN2C(=O)NC3(CCCCC3)C2=O)CC1,-6.9,3.2724513549864747,16_1190
O=C1CC=CC(=NC(c2cccc([N+](=O)[O-])c2)c2cccc3cc(Br)ccc23)CC=CC=CO1,-8.8,1.0531642566016233,16_1191
Cc1ncc(-c2nc(Nc3cccc(N4CCCCC4)c3)ncc2C#N)s1,-6.6,3.7444219770598783,16_1192
O=C1c2c(c3c4ccc(O)cc4n([C@H]4OC(CO)[C@@H](O)[C@H](O)[C@H]4O)c3c3[nH]c4ccccc4c23)C(=O)N1NC(CO)CO,-7.0,2.6536257217366015,16_1193
O=C(c1ccccc1)N1CCN(C(=O)c2cc(Cc3c[nH]c(=O)c4cc(Cl)c(Cl)n34)ccc2F)CC1,-9.1,3.645104887105492,16_1194
NS(=O)(=O)c1ccccc1C(=O)OCC(=O)NC(Cc1ccccc1)C(=O)O,-6.8,3.372413061915017,16_1195
Cc1ccc2cc(-c3cc(-c4ccccc4C(F)(F)F)nc4c3c(C)nn4-c3ccccc3)ccc2n1,-8.8,3.343184918286483,16_1196
O=C(Nc1nccs1)c1ccccc1Nc1cc(=O)n(Cc2ccccc2)c2ccccc12,-7.5,3.4237138618529652,16_1197
CCC(CCN)CCNC(=O)C(CC12C=CC=C(C1)C(=N)N2)NS(=O)(=O)c1cccc(NC(=O)CCN)c1,-6.0,2.8479264255156576,16_1198
C=COC1=CC(C(=O)Nc2cc3ccc(O[C@@H]4O[C@@H](C)[C@@H](O)[C@@H](O)[C@H]4O)c(C)c3oc2=O)C=CC12C=CC=COC2,-6.8,1.8739259299329305,16_1199
CCC(C)C(Nc1cc2cc(C)ccc2[nH]1)c1cn(C)nc1-c1ccc(F)cc1,-6.8,3.5753937417410038,16_1200
O=C(Nc1cccc(-c2ncnc3sc4c(c23)CCC4)c1)c1ccccc1,-7.6,3.6712603349111443,16_1201
CC(C)Nc1cc(-n2ccc3cc(C#N)cnc32)ncc1C(=O)N[C@H]1CC[C@H](c2ccccc2)C1,-6.5,3.594312344944007,16_1202
CC(C)(C)c1ccc(Nc2nc(=O)n(Cc3ccco3)c(=O)n2-c2ccc(F)cc2F)cc1,-7.4,3.674821891753693,16_1203
N#Cc1cccc(-c2cc(C(=O)Nc3cccc(C(=O)NC4CC4)c3)ccn2)c1,-7.1,3.7274226362015908,16_1204
OCc1csc(N2CCN(c3nccc4ccccc34)C2)n1,-6.4,3.7351578623298534,16_1206
Oc1ccc2oc(-c3cc(-c4cccs4)cc(O)c3O)cc2c1,-7.9,3.530833621615984,16_1207
Cc1cccc(-c2cnc3ccc(-c4cccc(C(=O)N5CCN(C)CC5)c4)cn23)c1,-8.6,3.6070702020938725,16_1208
CC1=CC=C(C2Cn3c(c(C(=O)Nc4cccnc4)c4ccccc43)N2)OC=C1,-7.8,2.6666053585573177,16_1209
CCCNc1nc2ccc(-c3cc4ccccc4o3)cc2c2c(=O)[nH]c3ccccc3c12,-8.3,3.440835195921521,16_1210
NC(=O)c1cccc([C@H]2C[C@H]3CC[C@@H](C2)N3CCN(Cc2ccccc2)C(=O)c2ccc(F)cc2)c1,-7.8,3.5444724496919164,16_1211
COc1ccc(-c2cccc(-c3cccc(NC(=O)Nc4cccc(F)c4)c3)n2)cc1,-8.1,3.5904105563970616,16_1212
O=C(c1cccc(Nc2nc3ccccc3nc2-c2ccccc2)c1)N1CCCCC1,-8.7,3.635714037707106,16_1213
CCN1CCN(c2ccc(Nc3cc(-c4cccc(-n5ccc6cc(C7CC7)ccc6c5=O)c4CO)cn(C)c3=O)nc2)CC1,-7.3,3.165800961603339,16_1214
COc1ccccc1N1CCN(CC2=COc3cc(O)cc(O)c3C2)CC1,-6.9,3.6473153960230427,16_1215
Cc1ccc(S(=O)(=O)NC(=O)Nc2ccc(-c3ccc(CN4CCOCC4)cc3)cc2)cc1C,-8.0,3.701807148642332,16_1216
O=C(CSc1nnc2ccc(-c3ccc(F)cc3)nn12)NCc1ccccc1Br,-6.4,3.638484461876814,16_1217
O=C(C=NCC(=Nc1ccccc1/C=C/c1ccccc1Oc1ccc(Cl)cc1)N1CCN(c2ccccc2)CC1)Nc1ccc(N2CCOCC2)cc1,-7.7,2.7687753489306495,16_1218
O=C(Nc1cccc(-c2nn3ccccc3c2-c2ccnc(Nc3ccccc3)n2)c1)c1csc2ccccc12,-8.6,3.329158782713832,16_1219
O=C1C=CC(=O)N1c1ccccc1Cl,-5.0,3.303788433686305,16_1220
O=C1NC(=O)N(Cc2ccco2)C(=O)/C1=C\c1ccc(-c2ccc(C(=O)O)c(O)c2)o1,-8.1,3.4184897751249643,16_1221
CC(C)n1cc(C(=O)c2cncc(NC(=O)CN3C=C(C4CC4)N=NC3)c2)c2cncnc21,-7.4,3.4515407214623446,16_1222
CC(C)C[C@H](NC(=O)C1CCCN1C(=O)C(CCCCN)NC(=O)CCc1ccccc1)[C@@H](O)CC(=O)NCCc1ccccc1,-5.5,2.923106893391412,16_1223
CCOC=CC=CC(=O)N1C=C(C(=O)c2ccccc2)c2cc(-c3ccc(O)cc3)ccc2C1,-7.2,3.3666969472377515,16_1224
N#Cc1ccnc(Nc2[nH]ncc2CNc2ccc(-c3ccc(F)cc3)cc2)c1,-7.6,3.6073167122376524,16_1225
O=C(Nc1cccnc1)c1ccc(NC(=O)c2cccs2)cc1,-6.3,3.759929434444997,16_1226
N#Cc1ccc(-c2ccc(-n3cnc4ccccc43)cc2)cc1,-6.9,3.549826203926181,16_1227
CCOC(=O)c1c(NC(=O)CC(F)(F)F)sc2c1CCN(C(=O)Nc1ccc(F)cc1)C2,-6.2,3.551610175092165,16_1228
Cc1cc(S(=O)(=O)Nc2ccc(-c3cc4cc(Cl)ccc4o3)cc2)ccc1F,-7.8,3.6637798794123215,16_1229
O=C(NCc1cncc2c1CCN(Cc1ccccn1)C2=O)c1cc2ccccc2o1,-7.6,3.703742352317942,16_1230
NS(=O)(=O)c1ccc(CN2C(=O)c3cccc4cc(Br)cc(c34)C2=O)cc1,-7.8,3.6784278121950793,16_1231
CC(C)(C)c1ccc(CNc2cc(-c3ccccc3)nc3nc(-c4cccc(F)c4)nn23)cc1,-9.7,3.5163816679168827,16_1232
O=C(O)c1ccccc1N(C(=O)c1ccc([N+](=O)[O-])cc1)c1cccc2ccccc12,-7.5,3.5743942470240855,16_1233
O=C(c1ccc(Oc2ncccc2[C@H]2CCC[C@H](O)C2)cc1)c1nc2ccccc2[nH]1,-8.3,3.5903287355331726,16_1234
Cc1ccc(S(=O)(=O)Nc2ccc3c(c2)nc(CN2CCCCC2)n3C)cc1,-7.6,3.793371099561978,16_1235
CNC(=O)CN=C(c1cccc(C#N)c1)c1ccccc1Cl,-5.9,3.7055829270855183,16_1236
C/C=C/C(=O)Oc1ccc2[nH]c(=O)cc(C(=O)Nc3ccccc3C(N)=O)c2c1,-7.1,3.4286176700870183,16_1237
OC[C@H]1O[C@@H](n2cnc3c(NCc4ccccc4-c4cccc(Cl)c4)ncnc32)[C@H](O)[C@@H]1O,-8.1,3.3442460072036426,16_1238
[NH]c1cc(-c2cc(F)ccc2OC(CO)CF)ccc1Sc1ccccc1C=CC=O,-6.1,3.5822172550637092,16_1239
COCC(=O)Nc1ccc2[nH]cc(C3CCN(Cc4cccc(-c5ccccc5)c4)CC3)c2c1,-7.0,3.533765831987272,16_1240
N=CNc1c2ncn1CC(=O)NC1CC(OCCn3c(=O)c4ccccc4n(Cc4ccccc4-c4ccccc4)c3=O)CC1CC=CC=CC2,-7.7,1.387815206810732,16_1241
O=C(Nc1ccc(N2CCOCC2)cc1)c1ccc(S(=O)(=O)NC2CC2)cc1,-7.0,3.642392811563058,16_1242
COc1ccc(NC(=O)Nc2cccc(NC(=O)c3cc4ccccc4o3)c2)cc1,-6.9,3.575511101898629,16_1243
O=C(c1cc(F)c(F)c(F)c1)N1CCN(c2cccc(C(F)(F)F)c2)CC1,-7.2,3.4756706618084117,16_1244
O=C1NC(=O)/C(=C/c2ccc(-c3ccc(Cl)cc3Cl)o2)S1,-7.0,3.690844799972253,16_1245
O=C(c1ccc(-c2nc(=O)c3ccccc3[nH]2)cc1)N1CCN(c2cccc(C(F)(F)F)c2)CC1,-7.5,3.651683787676598,16_1246
CCCn1c(-c2ccccc2)nc2c(NCc3ccccc3)ncnc21,-6.8,3.706657342724501,16_1247
Cc1cc(-c2ccc(CN(C)C)cc2)ccc1-n1c(=O)ccc2cc(S(=O)(=O)Nc3ccon3)ccc21,-7.5,3.490734603182967,16_1248
Cn1nccc1-c1ccc(C(=O)N2CCOCC2)cn1,-6.5,3.613364972800108,16_1249
[CH]C1CC(c2cc(-c3ccccc3)[nH]n2)CCN1C[C@@H]1C=CC=CC=COCC1NC(C(=O)O)C1CCCCC1,-7.8,1.0564876560176097,16_1250
NC(=O)c1cnc(N2CCOCC2)nc1Nc1cccc(C(=O)Nc2cc(F)c(F)c(F)c2)c1,-9.2,3.450968378427758,16_1251
CC(NC1C(=O)N(Cc2nc3cc4ccccc4cc3[nH]2)C[C@@H]1c1cccc2ccccc12)c1ccc(Cl)cc1,-8.2,3.303219626496189,16_1252
COC=CC=C(C)c1nn(C(=O)c2ccc(-c3ccccc3)o2)c2ccccc12,-7.4,3.5031508776646816,16_1253
O=C(CN1CCOCC1)n1c2ccccc2c2ccccc21,-6.4,3.6392014682071405,16_1254
Cc1nn(-c2ccccc2)cc1C(=O)Nc1ccccc1C(=O)Nc1cccc(S(=O)(=O)C(F)(F)F)c1,-7.6,3.5371270050646286,16_1255
O=C(c1cccnc1)N1CCC(C(=O)N2CCC(c3cc4ccccc4[nH]3)CC2)CC1,-7.0,3.65264424781173,16_1256
O=C(c1ccc2c(=O)n3c(nc2c1)CCCCC3)N1CCN(c2ccc(F)cc2)CC1,-8.1,2.6378325503310336,16_1257
COc1cc(C2c3cc4oc5ccccc5c4cc3Nc3coc(O)c32)ccc1O,-8.4,3.410212506712921,16_1258
O=C(Nc1ccc(N2CCC(c3ccccc3Cl)CC2)cc1)c1ccc([N+](=O)[O-])o1,-6.7,3.6548980235985162,16_1259
CN1Cc2cc(-c3ccc(-c4cncc(NS(=O)(=O)c5cccc(Cl)c5)c4)cc3)ccc2C1=O,-7.9,3.6451979445185607,16_1260
Cc1ccc(Oc2ccc(CNC(=O)c3ccccc3NC(=O)c3ccccc3)cc2)cc1,-7.2,3.529754853652386,16_1261
CCc1ccccc1OC1=C(CC2=CC(C)=N2)C(=NC(=O)c2ccc(C(C)(C)C)cc2Oc2ccc(C(F)(F)F)cc2)C=C1,-7.3,3.2228644103199695,16_1262
Cc1ccc(-c2nc(Cn3c(=O)cc(C)c4c(C)nn(-c5ccccc5)c43)cs2)cc1,-7.2,3.5190345089328057,16_1263
CC1(C)Oc2ccc3ccc(=O)oc3c2[C@@H](O)[C@@H]1c1cc2c([nH]1)CCc1ccccc1-2,-8.6,3.4354858558866654,16_1264
N#CCC=NC(=N)Nc1nccc(-c2cccc(-c3cccc(Cl)c3)c2)n1,-7.4,3.611718139125995,16_1265
Cc1ccc2nc(-c3cccc(Cl)c3)c(NC(=O)c3ccccc3NC(=O)c3ccccc3)n2c1,-8.3,3.389434424165775,16_1266
N[C@H]1CC[C@@H](Nc2c(C(=O)C3CC3)cnc3ccc(-c4cc(F)c(O)c(Cl)c4)cc23)CC1,-7.5,3.4745563742976353,16_1267
O=C(COc1ccc2ccccc2c1Br)Nc1ccc(-c2nc3ccccc3n2-c2ccccc2)cc1,-7.9,3.304538203340041,16_1268
Cc1ccnc(Nc2ccc(S(=O)(=O)Nc3ccc(Cl)cc3)cc2)n1,-6.8,3.7488823904421045,16_1269
O=S(=O)(c1ccc(Cl)cc1)N1C[C@@H]2CCCN3CCC[C@@H]([C@H]23)[C@H]1CCCCO,-6.6,3.3972668057389415,16_1270
COC(=O)NC1Cc2ccccc2N(c2cccc3c2CCN(Cc2cccc(OC)c2)C3=O)C1,-7.3,3.6464040606194166,16_1271
CCN(CC)CC(=O)Nc1ccc(-c2nc3ccccc3c(=O)o2)cc1,-6.4,3.7881241371974967,16_1272
O=C(/C=C/c1ccc(-c2ccccc2)cc1)Nc1ccc(CCc2ccc(F)c(F)c2)cc1,-7.0,3.288505471337924,16_1273
CCCNC(=O)c1ccccc1N1C(=O)c2cccnc2Sc2ccccc21,-6.7,2.797360252935085,16_1274
C1=C(c2ccncc2)N2CCN=C2c2ccccc21,-6.7,3.4308189271833287,16_1275
O=C(Nc1ccc(C(O)c2ccccc2)cc1)c1ccc(Nc2nc(-c3ccccc3)nc3ccccc23)cc1,-7.4,3.1657083408690423,16_1276
Oc1ccccc1C(Nc1nnc(-c2ccccc2)o1)c1cccc2ccccc12,-8.1,3.521739087498121,16_1277
FC=C1C=CC(=CN=C(C=S)c2ccc(-c3ccc4c(cnn4Cc4ccccc4)c3)cc2)C1,-6.9,3.3554906794917922,16_1278
CCc1cnn(-c2ccccc2C(=O)NCC2CCN(CCOc3ccccc3OC)CC2)c1,-5.7,3.6598378606162902,16_1279
COc1ccccc1Nc1nnc(SCC(=O)NCc2cccs2)s1,-6.4,3.562097662482863,16_1280
O=C(Nc1cccc(S(=O)(=O)N2CCCC2)c1)c1ccc(F)cc1,-6.8,3.773189660726757,16_1281
CC=CC(C=NC=Cc1cccc(NC(=O)c2ccccc2C(F)(F)F)c1)=NC(=O)c1ccccc1,-7.2,3.560081429249524,16_1282
O=C(Nc1ccc(Cl)cc1)Nc1ccc(C(=O)N=Nc2c(O)[nH]c3ccc(Cl)cc23)cc1,-7.7,3.3661898537282786,16_1283
CC(C)(O)CC(NC[C@H](O)CO)c1ccccc1Cl,-4.7,3.41638500813223,16_1284
O=C(Nc1ccc(F)cc1Cl)c1ccc2c(c1)N(Cc1cccc(F)c1)C(=O)c1ccccc1N2,-8.1,2.4828017350743705,16_1285
Cc1ccc(NC(=O)c2ccc(NC(=O)CCS(=O)(=O)c3cccs3)cc2)cc1,-6.4,3.7198143828839494,16_1286
COc1cccc(OC)c1C(=O)Nc1ccccc1N1CCc2ccccc2C1,-7.3,3.7513333538148306,16_1287
OC[C@H]1O[C@@H](n2cnc3c(N[C@H]4CCc5ccccc5C4)ncnc32)[C@H](O)[C@@H]1O,-7.3,3.275442773369161,16_1288
COc1cc2c(cc1OC)-c1nc3ccccc3c(NCCCN(C)C)c1C2,-6.5,3.657710865177706,16_1289
O=C(Cc1cc(-c2cccc(C(F)(F)F)c2)c(Cl)cn1)N1Cc2ccccc2C1,-7.8,3.5939790265511817,16_1290
CN(C(=O)c1ccc2c(=O)n(C)c(=O)c(-n3ccnc3)cc2c1)c1ccccc1,-8.0,2.6824260020190707,16_1291
Clc1cccc(-c2nnc(-c3ccccc3)c(N3CCOCC3)n2)c1,-7.9,3.747782225470306,16_1292
C1=CC2=CC(Cc3ccc(OCCN4CCOCC4)cc3)=C(c3ccc4c(c3)OCO4)NC2=CO1,-7.1,3.3843169081014914,16_1293
O=C(O)CCNC(=O)c1ccc2ccn(Cc3ccc(-c4ccccc4-c4nn[nH]n4)cc3)c2c1,-7.4,3.3851079383439577,16_1294
O=C(c1ccc(-c2nc(=O)c3ccccc3[nH]2)cc1)N1CCN(c2cccc(Cl)c2)CC1,-8.7,3.694647724220313,16_1295
C=CC(=O)N=CC1=C(C(N)=O)CC=C1N=CN=CCC(=NC=N)c1cn(C)c2ccccc12,-6.8,3.410566051712925,16_1296
Nc1ccc(S(=O)(=O)Nc2nc3ccccc3nc2Nc2ccc(Cl)cc2)cc1,-9.9,3.5236004983629456,16_1297
CC1CC=C(c2cc(NC(=O)c3cccc4ccccc34)ccc2N(CCCO)C2CCC(C)C2)CC1,-7.4,3.336318039440538,16_1298
O=C(c1ccc2c(c1)OCO2)N1CCC(c2nc3ccccc3s2)CC1,-7.2,3.6199158897910575,16_1299
C=Cc1cc2c(=C)cc1COc1cc3c(cc1OC)cc(c1ccc(OC(=O)Nc4ccccc4)cc13)C=CC=2,-7.8,1.5608683509764156,16_1300
c1ccc(-c2nc3ccccc3o2)cc1,-6.1,3.3937441388461806,16_1301
N#CCc1ccccc1Oc1ccccn1,-5.7,3.5495275010688188,16_1302
Cc1c(C(=O)NCCc2ccc(-c3ccccc3)cc2)nc2ccccc2c1-c1ccccc1,-7.2,3.3433553918858863,16_1303
CCn1c(-c2ccc(F)cc2)cc(Cc2ccc(-c3ccccc3-c3nn[nH]n3)cc2)c1COC,-6.9,3.505151658620338,16_1304
COc1ncc(-c2cc3ccc([N+](=O)[O-])cc3[nH]2)cc1N(C(=O)c1ccccc1)C1CC1,-7.9,3.5791214122985924,16_1305
O=C1c2ccccc2C(=O)c2c(NCCc3csc(-c4ccccc4Cl)n3)cccc21,-7.1,3.6324631786116863,16_1306
COc1ccc2c(c1OC)c(=O)oc1ccnc(-c3ccccc3)c12,-6.5,3.621234792949311,16_1307
Cc1c(-c2ccccc2)nc2ccc(Br)cc2c1C(=O)NCC(c1ccco1)N1CCCC1,-7.7,3.6023396783864516,16_1308
CN1CCN(c2ccc3[nH]c(-c4ccc5[nH]c(C(F)(F)F)nc5c4)nc3c2)CC1,-7.5,3.665808625320739,16_1309
CCC(CC[CH]Nc1c(C=O)cnc2ccc(-c3cc(Cl)c(O)c(Cl)c3)cc12)C(=O)O,-7.1,3.42740098339402,16_1310
Cc1ccc2ccc(C(=O)Nc3ccc(Cl)cc3)c(O)c2n1,-6.5,3.684190696497848,16_1311
CSc1ncnc2c1ncn2CCOc1ccccc1CN1C(=O)c2ccccc2C1=O,-7.3,3.3756701498066723,16_1312
Cc1ccc(-n2cc(COc3cccc4onc(-c5ccccc5)c34)c(-c3ccccc3)n2)cc1,-9.2,3.3847622787441987,16_1313
CC(=O)NC(C(=O)Nc1ccc(Nc2ncnc3[nH]cnc23)c(F)c1)c1ccccc1,-7.7,3.450370730255285,16_1314
O=C1C(=CC2=CC=CN(O)C2)Cc2cccc(O)c21,-7.1,3.4011425545201313,16_1315
O=C1c2cccc3c(N4CCCCC4)ccc(c23)C(=O)N1CCCCn1cc(COCc2cn(Cc3ccc(S(=O)(=O)N4CCOCC4)cc3)nn2)nn1,-7.1,2.5973448527140324,16_1316
Cc1ccc2cc(-c3[nH]nc4ccc(Cn5ccnc5)cc34)sc2c1,-7.7,3.5883724412959594,16_1317
CC1CN(C(C)C2CC2)CC(C(N)=O)C1C,-5.3,3.214114074143607,16_1318
COc1ccc(-c2cc(-c3ccc(-c4ccc(N=C(N)N)c(C#N)c4)s3)ccn2)cc1,-7.9,3.5215507447968095,16_1319
C=C(C)[CH]C1[CH][C@H]2CC[C@@H]3[C@@]4(C)CC[C@H](OC(=O)Nc5ccccc5C)C(C)(C)[C@@H]4CC[C@@]3(C)[C@]2(C)CC[C](C(=O)n2ccnc2)C1,-7.5,1.1552900616696502,16_1320
O=C(Nc1c(C(=O)Nc2ccc3c(c2)SCO3)oc2ccccc12)c1ccccc1,-8.2,3.643397617037716,16_1321
O=C(Cc1ccc(N2C(=O)c3ccccc3C2=O)cc1)c1ccc2ccccc2c1,-8.4,3.3966386897706435,16_1322
O=C(c1ccc(-c2cccc(Nc3nccc(-c4cccnc4)n3)c2)cc1)N1CCN(C(=O)c2cc[nH]c2)CC1,-8.8,3.427042943707426,16_1323
CC(=O)n1nc(-c2ccc(-c3cccc(C(=O)N4CCCCC4)c3)cc2)c2ccccc2c1=O,-7.9,3.6078000121483127,16_1324
CN(C)CCN=CC=CCC(=O)C1=Cc2ccc(Nc3ccccc3C(F)(F)F)cc2OC1,-6.3,3.6198301051435067,16_1325
CC(=O)Nc1cc(C)c(S(=O)(=O)Nc2ccc(Nc3c4ccccc4nc4ccccc34)cc2)cc1Cl,-7.5,3.3106964589533705,16_1326
CNC(=O)c1ccc(/C=C/c2ccc3cccc(Oc4ccccc4)c3c2)cc1,-7.3,3.3623031295894235,16_1327
O=C(Nc1cccc(Nc2ncc(F)c(-c3cc4ccccc4s3)n2)c1)c1ccccn1,-8.8,3.5370337284456395,16_1328
O=C(Nc1nc2c(s1)C[C@@H](N1CCOCC1)CC2)c1ccc(Nc2nc(-c3cccc(Cl)c3)nc3c2CCCC3)cc1,-7.2,3.183194548393965,16_1329
Nc1ccc(Sc2ccccc2)cc1,-4.9,3.4166659988016415,16_1330
NC(=O)c1cc2cc(-c3cncnc3)ccc2[nH]1,-7.0,3.606974448521699,16_1331
O=C(Nc1sc2c(c1C(=O)N1CCOCC1)CCOC2)c1ccccc1F,-6.9,3.6805067673297382,16_1332
O=C1OC2(CCN(Cc3ccccc3F)CC2)c2ccccc21,-7.6,3.4932277137529066,16_1333
O=C(NCCN1CCN(C(=O)c2ccc([N+](=O)[O-])cc2)CC1)Nc1ccc(Nc2c3ccccc3nc3ccc(Br)cc23)cc1,-6.9,2.9241331106443598,16_1334
CC(C)=CCC/C(C)=C/CC/C(C)=C/CCC(=O)N1Cc2ccccc2C[C@@H]1C,-6.0,3.1280284186927103,16_1335
Cc1noc(C2CCN(Cc3ccco3)CC2)n1,-5.6,3.6400875003833373,16_1336
COC=CC=Cc1ccccc(O)n2c(c1C)C(=O)N(c1ccc([N+](=O)[O-])cc1)CC2,-6.6,1.2620199784896649,16_1337
COc1cccc(Cn2cc(C(=O)c3ccc(CCN)cc3)nn2)c1,-6.7,3.7171980839469048,16_1338
COc1ccc(-n2c(O)cn(Cc3ccccc3)c2=S)cc1Cl,-5.9,3.7109829237146856,16_1339
O=S(=O)(Nc1ccc2c(c1)c(-c1ccccc1C(F)(F)F)nc1ccccc12)c1ccc(Br)cc1,-9.1,3.2728471963739576,16_1340
O=C1S/C(=N/Cc2ccccc2)CN1Cc1cccc2ccccc12,-7.3,3.6417121682230564,16_1341
O=c1cc(-c2ccc(F)cc2)oc2ccc(Cl)cc12,-6.9,3.5232338367971288,16_1342
COC1=CC=CC(NC(=O)CN(c2ccc(OC)cc2)S(=O)(=O)c2c[nH]nc2C)C=C1,-6.5,2.6679035403133673,16_1343
COc1ccc(C2=NN(C(=O)c3ccc(C#N)cc3)C(O)(C(F)(F)F)C2)cc1F,-7.4,3.686534207858487,16_1344
N#CC1C(=N)Oc2c(c(-c3ccccc3)nn2-c2ccccc2)C1c1cccc(Cl)c1Cl,-6.7,3.607500617347652,16_1345
O=c1c2cc([N+](=O)[O-])ccc2[nH]n1-c1ccccc1O,-7.2,3.5175011566620764,16_1346
O=C1C=CC=C(F)CCc2cc(-n3nc(C(F)(F)F)cc3C(F)(F)F)ccc2N1,-7.6,1.408144310018744,16_1347
O=C1NN(C(=O)c2cc3ccccc3[nH]2)C(=O)CC2c3ccccc3C1c1ccccc12,-8.5,1.1362380790884252,16_1348
CN1CCOC[C@@H]1c1cccnc1,-4.8,3.3008449420629375,16_1349
N#CC(c1ccccc1)c1ccc(-c2ccc(Br)cc2)nc1,-6.4,3.5779161229453225,16_1350
CC(=O)Nc1nc(Nc2ccc(C)c(C)c2)nc(-c2cccc(Cl)c2)n1,-8.5,3.7535874603466097,16_1351
O=C(C=C1C(=O)N(C2CCCCC2)[C@H](c2ccc(F)cc2)[C@@H]1c1ccc(F)cc1F)Nc1cccc(-c2nncc3ccccc23)c1,-7.7,3.1365871716595324,16_1352
O=C(c1ccccc1-c1cccc(OC(F)(F)F)c1)N1CCc2c([nH]c3ccccc23)C1,-7.0,3.5642270264492546,16_1353
Nc1ncc(-c2cnn(C3CCNCC3)c2)cc1-c1nc2cc(-c3ccccc3)ccc2o1,-7.6,3.4877549775009054,16_1354
COc1ccccc1-c1nn(-c2ccccc2)cc1-c1n[nH]c(-c2ccc(NC(=O)c3ccccc3)cc2)n1,-7.7,3.293012199428432,16_1355
NC1=NCC(C(=O)O)CN1c1ccc(-c2cccc3c(=O)cc(N4CCOCC4)oc23)c2sc3ccccc3c12,-8.2,3.2460001061547223,16_1356
CC(=O)Nc1ccc(S(=O)(=O)N(Cc2ccccc2)c2cccc(C(F)(F)F)c2)cc1,-7.8,3.718414989449251,16_1357
O=C(Nc1ccc2oc(-c3ccccc3Br)nc2c1)c1ccc(-c2ccccc2)cc1,-7.5,3.4733475559239384,16_1358
C=CC(=O)Nc1cccc(CNc2nc(Nc3ccc(N4CCN(C)CC4)cc3OC)ncc2C2CC2)c1,-6.9,3.284030502866062,16_1359
CCC[C@H]1N(C(=O)c2cnccc2C(F)(F)F)CCC[C@@]1(Oc1ccc(C(F)(F)F)cc1)C(=O)N1CCC(Oc2nncs2)CC1,-7.4,3.1686447150583263,16_1360
COC=CC1=C(NC=C2C=COCC(c3cccc4c(=O)cc(N5CCOCC5)oc34)=C2)C=C1,-7.7,2.4914207494231375,16_1361
CCOc1nc2ccc(Br)cc2cc1-c1cc(-c2ccc(F)cc2)nn1C1=CC=C(S(N)(=O)=O)C1,-7.9,3.5766909315784168,16_1363
Cn1cc(C[C@@H](NC(=O)c2ccc3cnc(Nc4ccncc4)nc3c2)c2ccccc2)cn1,-7.9,3.4857193177577637,16_1364
C=CN1C(=O)CN(Cc2ccccc2)c2nc(NC3C=CC=COC3)ncc21,-6.9,2.7274946087846574,16_1365
CCN(Cc1ncc(C)o1)C(=O)c1nc(-c2ccccc2)n2c1CCCCC2,-6.7,2.75272588322674,16_1366
O=C1COc2cc(C(F)(F)F)ccc2C1Nc1cccc(-c2cccc(-c3ncc[nH]3)c2)c1,-8.9,3.644786587500709,16_1367
COc1cc(O)c2c(c1C)[C@@](C)(O)C(C(=O)O)OC2=O,-5.9,3.351082792141835,16_1368
NCc1ccc(C(=O)Nc2ccncc2F)cc1-c1cccc(C(=O)Nc2cccc(-c3nc4ccccc4[nH]3)c2)c1,-7.6,3.083521990934983,16_1369
O=C(/C=C/c1ccccc1)Nc1cnc2ccccc2c1-c1ccccc1,-7.3,3.4891302596971494,16_1370
Cn1c(SCC(=O)Nc2ccccc2C(N)=O)nc2ccccc2c1=O,-6.8,3.584704982039409,16_1371
COc1ccc(-c2cc(-c3ccc(OCC=C(C)C)cc3)on2)cc1OC,-6.4,3.615290053203155,16_1372
Fc1ccc2scc(-c3ccccc3OCC3CCCO3)c2c1,-6.4,3.6079056573549075,16_1373
Brc1cccc(Nc2nc(NCc3ccco3)c3ccccc3n2)c1,-7.5,3.677558689655623,16_1374
O=C(Nc1ccc2c(c1)NC(=O)N(CCO)C2)N[C@H]1CC[C@H](Oc2ccccc2F)CC1,-7.5,3.465178439061663,16_1375
NS(=O)(=O)Oc1ccc(-c2nc3ccccc3n2Cc2ccc(C(O)=NO)cc2)cc1,-7.8,3.1875628511341265,16_1376
Cc1ccc(Oc2nc(C)cc(C)n2)cn1,-5.4,3.607282304536644,16_1377
S=c1[nH]cc(-c2ccc(Cl)cc2)n1Cc1ccccc1,-5.4,3.5437706268397706,16_1378
C=CC=CC=CN(CCC(CC1CCCC1)C(=O)NC1CC(C)[C@@H](CF)NC1=O)C(=O)C(Cc1ccccc1)NC(=O)C1CCCC1,-6.4,2.8670656201152678,16_1379
CN[C@@H]1[C@@H](O)[C@@H](O[C@@H]2[C@@H](O)[C@H](O[C@H]3O[C@H](C(C)F)[C@@H](O)[C@H](O)[C@H]3N)[C@@H](N)C[C@H]2N)OC[C@]1(C)O,-6.4,2.432058925304025,16_1380
O=C1/C(=C/c2ccc(F)cc2)CN(C(=O)c2cccc(OC(F)(F)F)c2)C/C1=C\c1cccc(C(F)(F)F)c1,-8.5,3.40017993811107,16_1381
CC(O)(C(=O)Nc1cccc(C(=O)c2ccccc2OON)c1)c1ccccc1F,-7.4,3.4237783891166744,16_1382
CN(C)c1ccc2cc(S(=O)(=O)Nc3ccc4c(c3)C(=O)C(=O)N4Cc3cccc(Cl)c3)ccc2c1,-7.7,3.5860219226847656,16_1383
O=Cc1ccccc1C(=O)c1cc(NCCNCCO)ccc1NCCNCCO,-5.6,2.9957856303005106,16_1384
N=C(N)NCCC[C@@H](F)NC(=O)c1sccc1NS(=O)(=O)c1cccc(-c2ccccc2-c2ccccc2C(F)(F)F)c1,-7.1,2.641999646880138,16_1385
COc1cc2c(=O)c2cc1N=CC1=CC(Cc2c(N3CCCC3=O)nc3ccccn23)=CC1CO,-7.1,3.467428862140893,16_1386
O=C(Nc1cc2c(cn1)[nH]c1ccccc12)c1ccccc1,-7.7,3.570252170354259,16_1387
O=C(Nc1ccccc1)Nc1cc(Cl)ccc1Nc1nc(-c2ccc(Cl)cc2Cl)c(-c2ccccc2F)s1,-7.7,3.191805176521382,16_1388
O=C(Cc1ccc2c(c1)CCO2)NCc1cccs1,-5.6,3.6944418700335167,16_1389
Cc1nc(C)c([N+](=O)[O-])cc1C(=O)Nc1nc2cc3c(cc2s1)OCCO3,-7.0,3.5271113259984923,16_1390
NC(=O)C(Cc1ccccc1)NC(=O)C(Cc1c[nH]c2ccccc12)NC(=O)C1Cc2ccccc2CN1C(=O)C(N)Cc1ccc(O)cc1,-7.8,2.8669737591803393,16_1391
CC(C)CC(NC1CNc2cc(-c3ccc(F)cc3)ccc2S1(=O)=O)C(O)=NO,-8.0,3.25799072860021,16_1392
Cc1c(C(=O)N2CC(c3ccc(C#N)cc3)C2)cnn1-c1nc(=O)c2cccn2[nH]1,-7.6,3.6067715059724734,16_1393
N#Cc1cccc(-c2ccc(Cn3c(-c4ccccc4)cc(-c4cccc(C(F)(F)F)c4)c3Br)cc2)c1,-8.3,3.1676671264682117,16_1394
CC(C)(O)C#Cc1ccnc(-c2ccc(NC(=O)c3ccc(C(F)(F)F)cc3F)cc2)n1,-6.6,3.6199813151072906,16_1395
COc1ccc(CCc2nc(-c3ccc(-c4ccccc4)cc3)cs2)cc1,-6.6,3.4351665563556013,16_1396
O=C(c1ccc(Oc2ncccc2-c2ccccn2)cc1)c1nc2ccccc2[nH]1,-7.8,3.558759107549103,16_1397
O=C(Nc1cccc(-c2nn[nH]n2)c1)c1ccc(-c2ccc(Cl)s2)cc1,-7.4,3.6940520150472183,16_1398
C=Cc1[nH]c2ccc(NC(=O)c3ccccc3Sc3ccc4c(C=Cc5ccccn5)[nH]nc4c3)cc2c1N,-8.4,3.218180191469765,16_1399
CC#Cc1cncc(-c2ccc3c(c2)C2(COC(=N)N2)C2(COC2)CO3)c1,-7.9,3.423228248178825,16_1400
O=C(Nc1nc2cc3c(cc2s1)OCCO3)c1cccnc1Nc1ccc(F)cc1,-8.1,3.6183762960175176,16_1401
Cc1cccc(C(=O)N[C@H]2C[C@@H](n3cnc4c(NCc5ccc(F)cc5)ncnc43)C2)n1,-7.3,3.618720110498569,16_1402
Cc1ccccc1-c1[nH]nc(NS(=O)(=O)c2ccc(Nc3ccccc3)cc2)c1C1=CC=C2C(=CC=O)C=CCC=CCC21,-8.0,0.8209812367213036,16_1403
CCCN(C)C(=O)c1ccccc1NCC1=NCCN1,-5.7,3.614174769801879,16_1404
O=C(Cc1ccc2ccccc2c1)C1CCCN(C(=O)c2ccncc2F)C1,-7.2,3.690191899008128,16_1405
O=C(Cc1ccc2c(c1)OCCO2)Nc1nncs1,-6.3,3.6558415776193764,16_1406
O=C(Nc1ccc2c(c1)OCO2)Nc1ccccc1N1CCc2c([nH]c3ccccc3c2=O)C1c1ccccc1F,-8.8,3.245073179750197,16_1407
COC=C1C=CC(NC(=O)CN2N=C3C(N4CCOCC4)=NC=CN3C2c2cccc(C(F)(F)F)c2)=C1,-8.0,3.2361913906019515,16_1408
C=CC(C)(C)c1ccc(OC)c(-c2c(C)cc3c(=O)c(O)c4cccc(O)c4c(O)c3c2O)c1O,-7.6,2.2683980278573266,16_1410
O=C(Nc1ccc2c(c1)OCCCO2)c1ccc(NC(=O)c2cccc3ccccc23)cc1,-7.5,2.652981607788224,16_1411
O=C(C1=CC=CC=C(Oc2ccc(C(F)(F)F)cn2)C=C=C=N1)N1CCN(C(c2ccccc2)c2ccccc2)CC1,-8.4,1.2532750486522195,16_1412
C[C@@](O)(CSc1ccc(F)cc1)c1cc2ccccc2oc1=O,-6.5,3.685597697450131,16_1413
COc1ccc(S(=O)(=O)N(Cc2cccc(Br)c2)c2cccc(-c3ccccc3)c2)cc1,-7.6,3.487642087885817,16_1414
C[C@@H]1C=C/C(=C/C=C\c2ccco2)C(=O)[C@@](C)(CCC(=O)Nc2c(O)ccc(C(=O)O)c2O)[C@@H]1CCCO,-7.5,2.1194434849513444,16_1415
O=C(c1ccc2c(c1)OCO2)c1c[nH]c2cc(Cl)ccc2c1=O,-7.3,3.694559043061048,16_1416
O=C(CCc1nc(=O)c2ccccc2[nH]1)Nc1cccc(C(=O)N2CCCCC2)c1,-7.8,3.7398558086004865,16_1417
CCN1C(=O)/C(=C/c2cccc([N+](=O)[O-])c2)CN(Cc2ccccc2)C(=S)NC2=CCC=CC=C21,-7.5,1.1592244279115587,16_1418
Cc1cc(O)cc(C)c1-c1cccc(-c2nc3ccc(Cc4cccc(C(F)(F)F)c4)cc3o2)c1,-8.1,3.391634159889815,16_1419
Cc1ccc(C2=NN=C(c3ccc4c(c3)OCCO4)NN=C2)cc1,-7.4,2.7015290508559797,16_1420
CC(C)[C@@H](CO)NC(=O)c1cc2cc(C#N)ccc2n1Cc1cccc(Oc2ccccc2)c1,-7.3,3.591093386223638,16_1421
CC=CC=CC(=O)OC[C@H]1O[C@@H](c2ccccc2)[C@@H](O)[C@@H](O)[C@@H]1Oc1ccc(C(=O)O)cc1,-7.1,3.3611486630632426,16_1422
O=C(Nc1ccc2c(c1)oc1ccccc12)c1ccc(C(=O)N2CCc3ccccc3C2)cc1,-7.8,3.467905377551305,16_1423
O=C(O)c1cc(-c2nc(-c3ccc(Cl)c(Cl)c3)cs2)ccc1-c1ccc(C(F)(F)F)cc1,-7.0,3.5219525976395603,16_1424
CC(C)N=CN=CC(c1ccccc1)c1cc(-c2ccc(N)cc2)nc(Nc2ccccc2Br)n1,-7.9,3.3364708389671716,16_1425
Cc1ccccc1-c1cccc(-c2cc(-c3ccc4cccnc4c3)nc(NCC(C)C)n2)c1,-8.8,3.415993688332694,16_1426
C=C1/C(=C\C=C2/CCC[C@]3(C)[C@@H]([C@@H](C)CCCC(C)(C)O)CC[C@@H]23)C[C@@H](O)C[C@@H]1O,-6.8,3.079410013760275,16_1427
O=C(NC[C@H]1CN(c2ccc(-n3ccc(=O)cc3)c(F)c2)C(=O)O1)c1ccc(Cl)s1,-6.7,3.7512069620476067,16_1428
O=C1CC(C(=O)N2CCOc3ccccc32)CN1c1ccc(F)cc1,-6.8,3.6193241899869877,16_1429
CC1=C(c2ccc3[nH]ccc3c2)C=CCc2nc(Nc3ccc(S(=O)(=O)NCCN4CCCC4)cc3)ncc21,-6.6,2.3790514985045865,16_1430
CCCN(CC1CC1)c1cc(C(=O)Nc2cccc(-c3nc4ccccc4s3)c2)ncn1,-6.5,3.6171949916646886,16_1431
O=C(NC(=S)Nc1cccc(NC(=O)c2ccccc2Cl)c1)c1ccc(Br)cc1,-7.5,3.5759643535817878,16_1432
CC(C)CCCC(Cc1ccccc1)NC(=O)C(C)N(C(=O)c1ccccc1)c1ccccc1,-6.6,3.446716693822935,16_1433
O=C(NCc1cccnc1)N(Cc1ccccc1)c1ccc(Nc2c3ccccc3nc3ccccc23)cc1,-8.1,3.292034057348596,16_1434
O=C(Nc1ccc(-c2ccc(NC(=O)c3nn(-c4ccccc4F)cc(Cl)c3=O)cc2)cc1)c1cccc([N+](=O)[O-])c1,-2.7,3.183448454142738,16_1435
C[CH]C1C[CH]C(=O)C=C(c2ccc3c(c2O)C(=O)C[C@H](c2ccc(O)c(O)c2)O3)O[C@@H]2O[C@]3(C)CC[C@@H]1[C]2OO3,-8.4,0.7772192029902651,16_1436
Cc1cc(Cl)ccc1NC(=O)C1SC(=S)NC1c1ccc(C(=O)O)cc1,-7.3,3.625920046084613,16_1437
NC(=O)c1ccc(COc2cccc(C(F)(F)F)c2)cc1,-6.6,3.7043213939448925,16_1438
COc1ccc(-c2ccccc2)cc1[C@@H]1CC=C[C@@H]2[C@@]3(C)CCCC(C)(C)[C@@H]3CC[C@]2(C)O[CH]c2ccccc2O1,-8.6,0.6098285148251623,16_1439
CC1CC(=O)c2cnc3ccc(-c4cc(Cl)c(O)c(Cl)c4)cc3c2Nc2ccc(-c3nn[nH]n3)cc21,-8.6,1.4218550633341076,16_1440
O=C(Nc1ccc(C2=CCN(C(=O)c3ccsc3)CC2)cc1)N1Cc2ccccc2C1,-6.9,3.6119354433834054,16_1441
O=COc1ccccc1C=NNCN1C(=O)c2ccccc2C1=O,-6.2,3.423910593010834,16_1442
O=C(/C=C/c1cccc(O)c1)Nc1ccc(-n2cnn(C[C@@](O)(Cn3cncn3)c3ccc(F)cc3F)c2=O)cc1,-7.3,3.0586421534480968,16_1443
N#Cc1cccc(-c2[nH]nc3ccc(C(=O)NC4CCC5(CC4)NCCOC5=O)cc23)c1,-8.3,3.4809537848663687,16_1444
O=C(C=CC=CCc1cc(CCF)n2ncccc12)NCc1cc[nH]n1,-5.9,3.629769262960472,16_1445
O=C1NCC2CC(c3ccccc3F)=Nc3cccc1c32,-7.7,3.5179820351934965,16_1446
COc1ccccc1NC(=O)N[C@@H]1CCN(Cc2ccc3cc(F)ccc3c2)C1,-7.2,3.7072715444781235,16_1447
N#Cc1cccc(-c2ccc([CH][C@H]3CN(C(=O)c4cc5ccccc5[nH]c4=O)C3C(=O)O)cc2)c1,-7.2,3.603542314386652,16_1448
COc1cc2c(Nc3ccc(Cl)c(Cl)c3)ncnc2cc1OCc1csc(-c2ccccc2)n1,-7.9,3.419067209787695,16_1449
O=C(O)C1CCC2N(CC[C](c3ccc(C(OCc4c(F)cccc4F)(C(F)(F)F)C(F)(F)F)cc3)S(=O)(=O)c3ccc(F)cc3)C(=O)N2CC1,-6.8,2.134478772732068,16_1450
CC(O)CN1CCN(C(=O)CCn2cncn2)CC1c1ccccc1,-6.4,3.7183985802019524,16_1451
COc1cc(CNc2cccc(Br)c2)ccc1OCC(=O)N1CCOCC1,-6.5,3.743393358671255,16_1452
CC1=NC(=Nc2nc(Nc3ccc(N4CCN(C(=O)CN)CC4)cc3)nc3c2cnn3C(C)C)C1,-6.1,3.4406459155746445,16_1453
CCN(c1ccccc1)c1cc(C)nc2c(-c3ccc(O)cc3C)c(C)ncc12,-7.0,3.633540854289164,16_1454
NC(=O)c1cccc2c(NCc3cccc(NC(=O)c4cccc(C(F)(F)F)n4)c3)ncnc12,-7.9,3.5131027465354645,16_1455
O=CN1C(=O)C2=C=C(S[C@@H]3CNC(C(=O)Nc4cccc5ccccc45)C3)[C@H](O)[C@H]2N1CC(F)(F)F,-7.8,3.2343571864992438,16_1456
O=C(c1ccc(OC(F)(F)F)cc1N1CCN(c2ccccc2F)CC1)N1CCC2(CC1)OCCO2,-8.2,3.3566330787480383,16_1457
CCOc1ccc2nc(NC(=O)c3ccc(F)cc3)sc2c1,-6.6,3.7811793551503365,16_1458
Cn1cc(N=C2CCCC(=O)C2)c2ccccc21,-6.2,3.5241215531935497,16_1459
O=C(O)c1ccc2c(c1)nc(Nc1ccccc1)c1nc(Nc3cc(C4CC4)[nH]n3)ncc12,-8.9,3.246069561781629,16_1460
O=c1c2ccccc2cc2n1Cc1c-2nc2cc3c(cc2c1CNCCC1[CH]CCO1)OCO3,-8.2,3.4001344981493946,16_1461
COc1cc(C)ccc1Oc1nc(Nc2ccc(N3CCOCC3)cc2)ncc1NC(=O)Nc1cccc(C)c1,-7.1,3.3391846562235346,16_1462
O=c1c2cc(OCCCN3CCCCC3)ccc2nc2n1CCCc1ccccc1-2,-7.3,2.5708474029581563,16_1463
Nc1ncnc2c1ncn2C1COC(CO)C1CO,-5.4,3.2686741678685647,16_1464
O=C1C=CC(c2c[nH]c3nccc(-c4ccc(C(=O)Nc5ccccc5F)cc4F)c23)CC=CC=N1,-7.9,1.3721338165732209,16_1465
O=C(Nc1cc(S(=O)(=O)Nc2ccccc2Cl)ccc1O)c1ccccc1,-7.1,3.6172956257929174,16_1466
O=C(CSc1nc2ccccc2c(=O)n1-c1ccccc1)Nc1ccccc1C(=O)N1CCOCC1,-7.8,3.5068447915070573,16_1467
COC(=O)c1ccc(-c2cc(-c3ccccc3)nc(-c3ccccc3)c2)cc1,-7.8,3.4549183850759704,16_1468
N#Cc1cccc(-c2ccc3c(c2)C(c2cccc(F)c2)=NC=NN3CCCO)c1,-7.4,2.7992664536296217,16_1469
ON(CCCCCCNc1cccc(-c2ccccc2)n1)c1cccc2ccccc12,-5.2,3.36878971017319,16_1470
C[C@@H]1CN([C@H](C)CO)C(=O)c2cccc(NC(=O)c3nc4ccccc4s3)c2O[C@H]1CN(C)S(=O)(=O)c1ccccc1F,-7.4,1.5014182132801488,16_1471
Nc1cc(=O)n(-c2ccccc2)c(=S)n1N1CCN(c2ccccc2)CC1,-6.7,3.670224328860301,16_1472
O=C(Nc1ccc(Cl)cc1)c1cc([N+](=O)[O-])ccc1NCN1C(=O)c2ccccc2C1=O,-7.5,3.473645593823263,16_1473
O=C1NC(=O)N(c2ccccc2F)C(=O)/C1=C/c1ccc(-c2ccc([N+](=O)[O-])cc2)o1,-7.4,3.432306226183398,16_1474
NS(=O)(=O)OC[C@@H]1C[C@@H](Nc2ncncc2C(=O)c2cn(Cc3ccncc3)c3ccccc23)C[C@@H]1O,-7.2,3.146344725681037,16_1475
Cc1csc(CNC(=O)N(C)Cc2cnc3ccccc3c2C)n1,-6.8,3.8233425823416645,16_1476
Nc1cc(CO)cc(Nc2c3ccccc3nc3ccccc23)c1,-6.6,3.4734211740493377,16_1477
CCCC1C=NN(C2=CC(C(F)(F)F)=CC(CC)S(=O)(=O)Nc3ccc(-c4cccc(-c5ccccc5C(=O)Nc5ccc(F)cc5)c4)cc32)C1,-8.3,0.8717915397055185,16_1478
CS(=O)(=O)Nc1ccc2c(c1)S(=O)(=O)N=C(C1C(=O)C3[C@@H]4CC[C@@H](C4)[C@@H]3N(C3CCC(F)(F)CC3)C1=O)N2,-7.2,3.0230032255133032,16_1479
O=C(Nc1ccccc1C(=O)Nc1cccc(C(F)(F)F)c1)c1cc(Cl)ccc1Cl,-8.9,3.6004443184441204,16_1480
Cc1ccc(NC(=O)C2C3C=CC4(CN(Cc5cccnc5)C(=O)C24)O3)cc1,-7.2,3.535025998047624,16_1481
O=C(Nc1cc(-c2ccc3c(c2)CCO3)nc(-c2ccc(Cl)s2)n1)c1ccccc1,-8.2,3.6605378831791544,16_1482
C=C1[C]CC(C)(C)[C@]2(C=C(c3cc(F)c(C)cc3O)OC2=O)OC1,-7.2,2.5531643434365527,16_1483
O=C(N[CH]C1OCc2c(cccc2-c2ccccc2)O1)c1ccc(C(F)(F)F)cc1F,-8.3,3.6442246883324345,16_1484
CC=NNC=C1NC1Nc1cc(C=CC=C(CC)c2cccc(-c3cnc([C@@H]4CCCN4C(=O)C(C(C)C)N(C)CC)o3)c2)ccn1,-6.4,2.7225785884724147,16_1485
COC(=O)c1ccc2nc(-c3ccc(F)cc3)ccc2c1,-7.3,3.5796819687826096,16_1486
COc1ccc(-c2ccc3c(N4CCOC[C@@H]4C)nc(N4CCNCC4)nc3n2)cc1CO,-7.1,3.502021148430515,16_1487
C#CC1N=C[C@H](O[C@@H]2O[C@H](CO)[C@H](O)[C@H](n3cc(-c4ccccc4OC)nn3)[C@H](N)[C@H]2O[CH]Oc2nc(C)cc(C)n2)[C@@H](CO)O[CH]O1,-6.9,0.8248283072148492,16_1488
CCOc1ncccc1NC(=O)C(C)Oc1ccc2ccccc2c1,-6.6,3.792520438412744,16_1489
Oc1cc2ccccnc(N3CCN(c4ccc(C(O)C(F)(F)F)cc4)CC3)c(cn2)c2ccccc2o1,-7.2,1.3768646194804433,16_1490
Cc1cc(CN2CC(c3nccn3C)C2)on1,-5.0,2.438336676727558,16_1491
O=C(Nc1cccc(-c2ccc(-c3nc4cc(C(F)(F)F)ccc4[nH]3)cc2)c1)c1ccc(C(F)(F)F)c(Cl)c1,-7.4,3.202785406615453,16_1492
CC(=O)Nc1ccc(OCC(=O)Nc2cccc(NC(=O)c3cccc(C)c3)c2)cc1,-7.1,3.620616505360155,16_1493
COc1ccc(CCC(=O)CC=C(ON)c2ccc(F)cc2C)cc1,-6.1,3.6569443162366113,16_1494
O=C(CCS(=O)(=O)c1ccc2c(c1)CCC2)NCCc1ccccc1,-6.2,3.728705450275722,16_1495
O=C(Nc1cccc(-c2ccnc3cc(-c4ccccc4)nn23)c1)c1cccc(C(F)(F)F)c1,-8.9,3.445867102341013,16_1496
C[CH]N1C(C(=O)Nc2ccccc2)CC1c1ccc(-c2cccc(CNC(=O)OC(C)(C)C)n2)cc1,-6.5,3.6294666183741553,16_1497
O=C(C=NN1C=CC=NC1)Nc1cn(CCNCc2ccccc2)nc1-c1cc(Cl)ccc1OC(F)F,-6.9,3.3796394969273744,16_1498
COc1ccc(-n2nccc2NC(=O)C2C[C@H]2C(C)C)cc1,-6.1,3.774777038107544,16_1499
O=C(Nc1ccc2nc(NC3CCC3)sc2c1)c1ccccc1Br,-6.9,3.7451262623074824,16_1500
CCn1c(SCc2ccc(OC)cc2)nnc1-c1cccs1,-5.7,3.651045585021397,16_1501
O=C1CC(c2ccc3c(c2)OCO3)c2c(noc2-c2ccccc2)C(=O)N1c1ccccc1,-7.6,2.5059559445813546,16_1502
CC(C)n1ccc(CN2CCO[C@H](c3ccccc3F)C2)n1,-6.2,3.675577146023381,16_1503
O=C(COc1cccnc1[N+](=O)[O-])Nc1ccc(N2CCOCC2)c2sc3ccccc3c(=O)c12,-7.5,3.3392889997429607,16_1504
COc1cc(C(=O)N2c3ccccc3Oc3ccccc32)ccc1Oc1ccc(C(=O)Nc2ccccc2N)cc1,-7.7,3.1839176286181905,16_1505
COc1ccc(NC2=NC3C=CC=CC(=N2)C=C2CCCc4c2cc3c2ccn(C)c42)cc1,-8.1,1.2947796218352527,16_1506
O=C(Nc1cccc(Oc2ccccc2)c1)c1ccccc1Nc1ccnc(C(F)(F)F)c1,-8.1,3.5993885299372783,16_1507
Cc1nc(N(C)c2ccc3c(c2)OCO3)c2c(n1)c(C)nn2C,-6.8,3.6633285479385256,16_1508
O=C1C2CCCN2C(c2ccccc2)N1c1cccc(Br)c1,-6.6,3.476603061763581,16_1509
O=C(Nc1cccc(-c2nc3ccccc3c(=O)o2)c1F)c1cccc(F)c1,-7.7,3.736330343895461,16_1510
CC(C)=CCN1C(=O)[C@H]2CC[C@@H]1CN(S(=O)(=O)c1ccc(Cl)cc1)C2,-6.7,2.4324105181692044,16_1511
CC1(C)CC(=O)c2c(C=O)c3ccccc3n2C1c1cccc(Cl)c1,-7.3,3.576916641757708,16_1512
Cn1nc(C(=O)NCc2ccccn2)c2ccccc2c1=O,-6.7,3.7344601715194594,16_1513
c1ccc2cc(CCOc3ccc(C4=NCCCCN4)cc3)ccc2c1,-7.2,2.6738587776382348,16_1514
C(=NNc1cc(-c2ccccc2)no1)c1ccc2ccccc2n1,-8.0,3.6199483503350183,16_1515
C/N=C/N1COC(c2ccc(C(F)(F)F)cc2)c2ccccc21,-6.9,3.4900476112974053,16_1516
CC1C(=O)CC(=C2O[C@H](c3ccc(Br)cc3)OC2(C)C)[C@@H]1O,-6.3,3.551510726157953,16_1517
Cc1cccc(C)c1C1CC(=O)Nc2ccccc2S1,-6.4,2.575312507061051,16_1518
O=C(Nc1cccc(CN2CCC(C(=O)NC3CCCCC3)CC2)c1)c1cccc(-c2ccccc2Cl)c1,-7.5,3.4184624972950868,16_1519
O=C(c1cnc(-c2ccccc2)o1)N1CCN(C(=O)c2cc(Cc3n[nH]c(=O)c4ccccc34)ccc2F)CC1,-8.2,3.488154113371048,16_1520
COc1cccc(-c2nc3cc(OCc4cn(-c5ccc6ccccc6n5)nn4)ccc3[nH]2)c1,-7.6,3.5245382800634513,16_1521
O=C(CN1C(=O)NC2(CCCc3ccccc32)C1=O)Nc1ccccc1-c1ccccc1,-7.9,3.5546111790256676,16_1522
CC(=O)c1cccc(NC(=O)Cn2nc(C)cc(Cc3ccc(F)cc3Cl)c2=O)c1,-6.9,3.7242356136730956,16_1523
CCCCC/C=C\C/C=C\CCCCCCCC(=O)NC(CC(C)C)C(=O)O,-5.0,1.668510323150639,16_1524
O[CH]C1CCC(Nc2ccc3ncc(-c4cccc(OC(F)(F)F)c4)n3c2)CC1,-7.2,3.721931815453001,16_1525
Oc1cccc(C2=CC(c3ccccc3)=C3C=C(c4ccco4)OC23)c1,-8.5,3.5393519159058604,16_1526
O=C(NC(=O)c1ccc(Cl)cc1Cl)Nc1ccc(-c2ccc(=O)n(O)c2)cc1,-7.5,3.6030771572908096,16_1527
CCNC(=O)c1ccc(-c2ccc(C(=O)Nc3ccc4c(c3)C(C)(C)C(=O)N4C)cc2)cc1,-6.9,3.6825751079507105,16_1528
NC(=O)CC(NC(=O)C(CO)NC(=O)C(N)CC[Se][Se]C[C@@H]1O[C@H](N)C[C@H](n2cnc3c(N)ncnc32)O1)C(=O)NCC=O,-5.8,2.262927735904623,16_1529
O=C(Nc1ccc(-c2nc3cc(NC(=O)c4ccccc4CO)ccc3[nH]2)cc1)Nc1ccccc1Cl,-6.5,3.097240609175371,16_1530
Fc1ccc(-c2nc3c4c(n2)-c2ccccc2C4CNc2ccccc2-3)cc1,-9.2,2.4720416523573423,16_1531
O=C(c1ccc([N+](=O)[O-])cc1[N+](=O)[O-])N1CCN(Cc2ccc3c(c2)OCO3)CC1,-7.3,3.378324993147552,16_1532
O=C(Nc1cc(F)ccc1F)c1cc(-c2ccccc2)on1,-6.9,3.7551859156167575,16_1533
Cc1ccc(Cl)cc1Nc1c(-c2ccccc2F)nc2c3ccccc3ccn12,-8.9,3.4352652428682298,16_1534
O=C(Nc1ccccc1)c1ccc(-c2nc(=O)c3ccccc3[nH]2)cc1,-7.9,3.6684019917132966,16_1535
CN1CC(NC(=O)Oc2ccc([N+](=O)[O-])o2)N=C(c2ccccc2)c2ccccc21,-7.4,2.6391848641444207,16_1536
CC(C)Oc1ccccc1N1CCN(CC(O)CCN2C(=O)c3ccccc3C2=O)CC1,-6.5,3.5729567526957835,16_1537
O=C(N[C@@H]1CCCc2ccccc21)c1ccc(NCC2CCCCO2)nc1,-6.7,3.63500835048683,16_1538
CC1(C)C=CC=C(C2=NN=C(c3nc4cc(C(F)(F)F)ccc4[nH]3)CCC=CCC2=O)CC1,-8.3,1.4049493251953251,16_1539
CC(=CC=CS(N)(=O)=O)n1nc(-c2cccc(S(=O)(=O)N3CCOCC3)c2)c2ccccc2c1=O,-8.5,3.4606491817645955,16_1540
NC1CN(c2c(F)cc3c(=O)c(C(=O)O)cn(CCF)c3c2N2CCCC2)C1,-6.1,3.5984043542125645,16_1541
Cc1ncccc1-c1nc2cc(-c3ccc(F)cc3)ccc2c2[nH]c(-c3cnc4ccccc4c3)nc12,-9.4,3.356432909012634,16_1542
COc1ccc2nccc(NC(=O)Nc3cccc(NC(=O)CC4=C(C)OCCO4)c3C)c2c1,-8.1,3.5912930208183647,16_1543
COc1cc(C(=O)NNc2nc3ccccc3nc2Cc2ccccc2)cc(OC)c1OC,-7.9,3.5523118841898143,16_1544
COc1ccc(CCNc2nc(-c3cccc(C(F)(F)F)c3)nc3c2cnn3C)cc1OC,-8.2,3.6406890443704762,16_1545
O=C(NC(CC1CC1)C(=O)Nc1ncc(F)s1)c1cc2ccccc2[nH]1,-7.0,3.670300273949511,16_1546
COc1ccc(/C=C/C(=O)Nc2cccc(OCc3cc(=O)n4c(C)csc4n3)c2)cc1,-7.2,3.6109261236780643,16_1547
CC(=CCCC=NC(=O)C1C=C=C(Cl)C=C1Cl)C(=O)c1ccc2c(C=Cc3ccccc3)[nH]nc2c1C,-6.6,3.122862414345505,16_1548
OC(c1ccccc1)c1cccc2c(-c3ccccc3)cc(-c3ccccc3)nc12,-7.9,3.247079323733472,16_1549
CN(F)C(=O)c1cc(Oc2ccc(C(F)(F)F)c(F)c2)cnc1Nc1ccccc1,-8.3,3.633309405063385,16_1550
O=C(Nc1cccc(-c2ccc(-c3nc4c(F)cccc4[nH]3)s2)c1)c1cc2ccccc2[nH]1,-8.0,3.4074018238145745,16_1551
COc1cc(/C=C(\C#N)c2ccccn2)ccc1OCc1ccccc1,-6.5,3.6254132568366977,16_1552
CC(=O)NC(Cc1ccc(Cl)cc1)C(=O)NC(C(=O)NC(CCCN=C(N)N)C(=O)c1nc(C)c[nH]1)C(C)C,-6.4,2.750511369523213,16_1553
O=CCC1Cc2c(C(=O)O)ccc(O)c2C(=O)O1,-6.0,3.4172913960661635,16_1554
COc1ccc(/C=C/C(=O)c2ccc(OCc3ccc4ccccc4n3)cc2)cc1,-7.1,3.4533463587614044,16_1555
C/C(=N/NC(=O)Nc1ccc(F)cc1F)c1ccc(-c2ccccc2)cc1,-7.1,3.5479566544794174,16_1556
O=C(CCc1ccc2ccccc2c1)N=CC(=O)N1CCC(c2cccc(C(F)(F)F)c2)CC1,-7.7,3.5336729251409738,16_1557
CN=CNC=Cn1ccc(-c2ccc(Cl)cc2)c1C#N,-5.6,3.6413129211054605,16_1558
O=C(NCCc1c[nH]cn1)N1CCN(c2ncnc3scc(-c4ccccc4)c23)CC1,-7.3,3.646171664798982,16_1559
O=C1Nc2ccc(NC(=O)c3ccccc3)cc2C1=O,-6.7,3.614633065428179,16_1560
Cc1ccc(Cl)cc1NC(=O)c1nn(C)c2c1CS(=O)(=O)c1ccccc1-2,-7.8,3.7420879301540637,16_1561
O=C(Nc1ncccn1)N1c2ccccc2CCc2ccccc21,-8.0,2.7172607871140433,16_1562
CS(=O)(=O)CCOc1cccc(-c2cc[nH]ccc(-c3ccc(Oc4ccccc4F)cc3)nn2)c1,-6.6,1.3919522828771451,16_1563
COC1=CC=C(c2nc3ccc(C(=O)Nc4ccncc4F)cc3nc2-c2ccc(OC)cc2C)C1,-8.1,3.6078500312671604,16_1564
Cc1cc(=O)cc(-c2ccc3ccc4cccc5ccc2c3c45)[nH]1,-8.1,3.1872314051197677,16_1565
Oc1c(C(c2ccc3c(c2)OCO3)c2cc3ccccc3o2)ccc2ccccc12,-8.5,3.4966211975403603,16_1566
C[C]1CN(c2nc3cc(C(F)(F)F)ccc3[nH]2)c2ccccc2N2C(=O)C(C)(O)[C@H]12,-8.2,2.5711789149246584,16_1567
CS(=O)(=O)Oc1ccccc1N1C(=O)c2ccccc2C1=O,-6.0,3.58771967282642,16_1568
CC(=O)Nc1nc2ccc(-c3n[nH]c(SCC(=O)c4ccc(-c5ccccc5)cc4)n3)cc2s1,-6.8,3.3283158493359033,16_1569
O=c1cc(-c2cc3ccccc3o2)c2ccccc2n1-c1ccccc1O,-7.4,3.5488202628247727,16_1570
CCOc1ccccc1C=Nc1cc2ncccc2n1-c1nc(-c2ccccc2)cs1,-7.7,3.4010220625315055,16_1571
Fc1cccc(Cl)c1C1CC(c2cccc(Cl)c2)=Nc2ncnn21,-7.8,3.6665006111916503,16_1572
CSC(=S)[C@]12CCC(C)(C)C[C@H]1C1=CC[C@@H]3[C@@]4(C)CC[C@H](OC(=O)c5ccccc5C(=O)O)C(C)(C)[C@@H]4CC[C@@]3(C)[C@]1(C)CC2,-6.6,2.6773366847425075,16_1573
O=C1c2ccccc2C(=O)c2c(-c3cccc(OC(F)F)c3)csc21,-7.2,3.7096516463826363,16_1575
COc1cc2c(Nc3ccc(C(=O)Nc4ccccc4N)cc3)ncnc2cc1OCCCN1CCC(CO)CC1,-6.5,3.0460648617367534,16_1576
CNC(=O)Nc1c(=O)[nH]c(C)c2cc(OC)c(OC)cc12,-6.4,3.607068361298696,16_1577
O=C(N=CCc1ccc(O)cc1)c1ccc2ccccc2n1,-7.4,3.660450452139051,16_1578
C[N+]=CC1=CC(=NC(=O)CC2=CC(=NC(=O)c3ccc(C(=O)Nc4ccc(C(=O)Nc5cccc(C(=O)O)c5)cc4)cc3)C=C2)C1,-4.2,3.1400314192326455,16_1579
O=C(Nc1ccc(-c2noc(-c3cnn(-c4ccccc4)c3C(F)(F)F)n2)cc1)c1ccc(F)cc1,-7.6,3.4507757305620483,16_1580
O=C(CSc1nnc(-c2ccccc2F)o1)Nc1nncs1,-6.8,3.5487716710694963,16_1581
O=C(c1cc2nc(-c3ccccc3)cc(-c3cccc(F)c3)n2n1)c1ccccc1C(=O)N1CCOCC1,-9.9,3.411172144862741,16_1582
CC(C)c1ccccc1NC(=O)CN1CCN(Cc2ccc(F)cc2)C(=O)C1=O,-7.0,3.7305424161527796,16_1583
O=c1oc2ccccc2cc1-c1csc(N/N=C/c2cn(-c3ccccc3)nc2-c2cc3ccccc3o2)n1,-7.9,3.148563094664112,16_1584
O=C1Nc2cc(Nc3cccc4ccccc34)c(F)cc2C2N=C(c3ccccc3)NC12,-8.5,3.462479309356379,16_1585
O=C1C(=O)N(c2cccc(-c3ccccc3)c2)c2ccccc21,-8.0,3.51135069672252,16_1586
O=C(O)c1cc(-c2ccc(C(F)(F)F)cc2F)c2ccc(CN3CCOC(C(F)(F)F)C3)cc2c1,-8.0,3.5926716410963984,16_1587
CC1(c2nnc(-c3cccc(-n4cc(-c5ccccc5C(F)(F)F)nn4)c3)o2)C=CC=CC1,-8.1,3.615614866573841,16_1588
O=C(c1ccc2cc[nH]c2c1)N1CCC(Cc2ccc(-c3cccc(Cl)c3Cl)cc2)CC1,-7.7,3.4214334113698586,16_1589
COc1ccccc1-c1cc(/C=C2\SC(=O)NC2=O)ccc1Oc1ccc(F)cc1,-8.4,3.6721313057922536,16_1590
O=C(Oc1cccc(C(=O)N2CCOCC2)c1)N1CCN(c2ccccc2)CC1,-7.5,3.654220188434696,16_1591
C=C[C]1COC(C)(C)C=C[C@H](OC(=O)CSc2cc3c(ncn3[C@@H]3CC[C@H](OC(C)=O)C3)c(N)n2)C1,-6.4,1.3855441751158626,16_1592
CC(NC(=O)c1ccc(N2CC(F)(F)C2)c(Oc2ccccc2)c1)c1ccc2ccccc2c1,-7.5,3.5509194260571184,16_1593
O=c1cc(-c2cccc3c2oc2ccccc23)c2ccccc2n1S(=O)(=O)c1ccccc1,-8.1,3.506872837254406,16_1594
O=C(Nc1ncc(Cl)s1)C(c1cc2ccccc2o1)N1CCC2(CC1)C(=O)NCN2c1ccccc1,-8.9,3.480083961878779,16_1595
CC(C)(CNC(=O)NC1CCCCC1)NC1CCCCCCC1,-6.0,1.3802451034141239,16_1596
Cc1c(C=O)c2ccccc2n1CC(=O)Nc1ccccc1NC(=O)COc1ccc(Cl)cc1,-7.0,3.5475898036889397,16_1597
CC(=O)NC(Cc1ccccc1)C(=O)Nc1nnc(-c2ccc3c(c2)CCCC3)o1,-7.5,3.7240525201937675,16_1598
O=C(Cc1ccccn1)N1CCC[C@@H](Nc2nccc(-c3cc(C(F)(F)F)cc(C(F)(F)F)c3)n2)C1,-8.0,3.637707701615602,16_1599
N=C(N)c1ccc(CNC(=O)c2cccc(-c3ccccc3C(=O)Nc3ccc(F)cc3F)c2)cc1,-7.9,3.2023111139342033,16_1600
O=S(=O)(c1ccc(Br)cc1F)N1CCN(c2nc(-c3cccs3)cc(C(F)(F)F)n2)CC1,-7.8,3.5489857500166924,16_1601
Cc1ccccc1-c1cccc(Oc2ccc(CN(Cc3ccco3)c3cccc(NS(C)(=O)=O)c3C)cc2)c1,-7.7,3.2680853013264173,16_1602
Oc1ccccc1N1CCN(Cc2ccc3c(c2)OCO3)CC1,-6.7,3.6624997167025644,16_1603
CCOc1cc2ncnc(Nc3ccc(F)c(Cl)c3)c2cc1NCC(C)=CC=COC,-6.9,3.513353264062679,16_1604
O=c1c2ccccc2nc(/C=C/c2ccc(F)cc2)n1-c1ccccc1O,-7.7,3.7001244640742397,16_1605
CC(C)C(C=O)C(=O)N1CCC[C@H](Oc2ccc(Cl)c(Cl)c2)C1S,-6.0,3.5042660909780023,16_1606
O=C(c1cccc(Cl)c1)n1c(=O)c2nc3ccccc3cc2c2ccccc21,-7.8,3.3769627998568224,16_1607
O=C(/C=C/c1ccc(/C=C2\SC(=S)N(c3cccc(C(F)(F)F)c3)C2=O)cc1)Nc1ccccc1,-6.3,3.443627407661646,16_1608
Fc1ccc2nc(-c3ccccc3)c(-c3ccccc3)n2c1,-6.9,3.4445207082673606,16_1609
O=C(NCc1cccc(C(F)(F)F)c1Cl)c1cc(-c2ccccn2)nc2ccccc12,-8.4,3.623804033865495,16_1610
C[n+]1ccc(C=C2C=C[N+](Cc3ccc(-c4ccc(-c5ccc(C[n+]6ccc(-c7ccccc7)cc6)cc5)cc4)cc3)=C2)cc1,-3.6,2.6560421088266457,16_1611
COC1=CC=C(C2=C(C)C(=O)C(=NCc3ccccc3OC)C2c2cccc3ccccc23)C1,-7.2,3.4637840219686105,16_1612
Cc1ccnc(NC(=O)N2[CH]CN(C(=O)c3ncccc3F)C[C@H]2c2cccc(C(F)(F)F)c2)c1,-8.9,3.669357312130879,16_1613
FC(F)(F)Oc1ccccc1Oc1ncccc1C1CCNCC1,-6.7,3.7594904098388033,16_1614
NCC(=O)NC[C@H]1O[C@@H](n2cc(Cc3ccc(C4CC4)cc3)c3c(Cl)cccc32)[C@H](O)[C@@H](O)[C@@H]1O,-6.8,3.22498882702557,16_1615
Cc1ccccc1CN1c2ccccc2C2(Cc3ccccc3C2=O)C1c1cccc(C(F)(F)F)c1,-9.1,3.246039967952893,16_1616
CC(CC(=O)O)N1C(=O)c2ccccc2NC1c1cccc(O)c1,-6.7,3.7060170926055624,16_1617
C=CC(=O)N1CCN(c2ccc(C(F)(F)F)c(C3=C(c4ccc(OC)cc4)C(=O)NC3)c2)CC1,-7.2,3.6213855161911965,16_1618
Cn1c(-c2cccc(-c3cccc(C(=O)NCc4ccc5c(c4)OCO5)c3)c2)nc2ccccc21,-9.1,3.5176466126582406,16_1619
O=S(=O)(F)Nc1cncc(-c2ccc3nncc(Nc4ccccc4)c3c2)c1,-8.0,3.6196240061547473,16_1621
O=c1c(-c2cc(-c3ccc(-c4c(Cc5ccccc5)oc5ccccc45)cc3)ccc2O)c(O)oc2ccccc12,-8.8,3.1955910608075144,16_1622
CCc1c(OC)nc(-c2cccnc2)nc1-c1ccccc1,-6.3,3.6979232129622535,16_1623
O=C(CCCn1nc(-c2ccc(F)cc2)ccc1=O)Nc1ccccc1,-6.8,3.7863325000341024,16_1624
CC(CS(=O)(=O)c1ccc(F)cc1)=NC(=O)c1nc2ccccc2[nH]1,-6.9,3.676141376905578,16_1625
CCN(C(=O)Oc1ccc(F)cc1)[C@@H]1CN(C(=O)C2CCN(c3ccc(C(F)(F)F)cn3)CC2)C[C@H]1c1ccc(Cl)cc1,-7.8,3.3363321358769857,16_1626
CN(C)c1ccc(CNC(=O)CSc2nc(=O)c3ccccc3[nH]2)cc1,-6.7,3.643888789085229,16_1627
O=C1CN(C(=O)CSc2nnc(-c3ccncc3)n2-c2ccccc2)c2ccc(Cl)cc2N1,-7.1,3.576435819285332,16_1628
Cc1nccn1C(C(=O)Nc1cc(-c2ccccc2)ccc1C(=O)N1CCC(N=C(N)N)C1)C1CCCC1,-7.9,3.328442283560337,16_1629
Cn1cc(C(=O)Nc2ccc(Oc3ccnc4[nH]ccc34)c(F)c2)c(=O)c2ccccc21,-8.1,3.5807378582831704,16_1630
O=C(N/C(C(=O)N1CCCCC1)=C(/Br)c1cccc(F)c1)c1ccccc1Cl,-6.8,3.653008512930337,16_1631
O=C1C(=Cc2ccc(O)c(O)c2)Oc2cc(O)ccc21,-7.8,3.4861783996753273,16_1632
O=C(Nc1ccc(OC(F)(F)F)cc1)Nc1ccc2c(c1)C(=O)c1ccccc1C2=O,-8.2,3.6864867586620935,16_1633
O=c1c2ccccc2nc(-c2ccccc2)n1/N=C\c1ccccc1,-7.4,3.596909673097772,16_1634
O=C(Nc1ccc(-c2ccccc2)cc1)c1cc(-c2cccc(O)c2)on1,-7.8,3.66551186555448,16_1635
Cc1ccc(NC(=O)Oc2ccc3ccccc3c2Br)cc1,-6.6,3.6190212718909955,16_1636
O=C(Nc1ccccc1C(=O)Nc1cccc(-c2nn[nH]n2)c1)c1ccc(-c2ccc(C(=O)Nc3ccc(F)cc3)s2)cc1,-7.7,3.0831523341998714,16_1637
CC=C1C=CC2C(=C1)S(=O)(=O)N=C(c1ccc(-c3nc4cc(C(F)(F)F)ccc4[nH]3)cc1)N=C2C=CCC,-8.7,2.561564366820204,16_1638
O=C(Nc1ccc(Oc2ccnc3[nH]ccc23)cc1)c1cc(-c2ccc(F)cc2)nc2ccccc12,-8.5,3.4540255273197964,16_1639
O=C(Nc1cnccc1Oc1ccccc1)C1C[C@@H]1c1ccccc1,-7.6,3.720576480219007,16_1640
CCN(Cc1ccc2[nH]c(C)nc(=O)c2c1)c1ccc(C(=O)NC(CCC(=O)O)C(=O)O)c(F)c1,-6.6,3.363752293912648,16_1641
CCCC[n+]1cccc2cc(NC(=O)c3ccc(C(=O)Nc4ccc(C(C)=NN=C(N)N)cc4)cc3)ccc21,-4.2,3.031021130114099,16_1642
COC(=O)n1nc(-c2ccc(Cl)cc2Cl)c(-c2ccc(OC)cc2)c1Br,-5.9,3.65765284663769,16_1643
CN1C(N)=N[C@](C)(c2sc(-c3cccc(-c4ncco4)c3)cc2Cl)CS1(=O)=O,-7.8,3.678584886895262,16_1644
COc1cccc2[nH]c(C(=O)O)c(-c3ccc(Cl)cc3C)c12,-6.2,3.6592445020068274,16_1646
O=C(Nc1ccc(OC(F)(F)F)c(F)c1)Oc1cccc(Cc2ccccc2)c1,-6.6,3.636129750890471,16_1647
COc1ccc2c(c1)OC(=O)CC2c1ccccc1OCc1ccc([N+](=O)[O-])cc1,-8.5,3.4112281286342703,16_1648
C=CC(=O)Nc1cc2c(Nc3ccc(Br)c(Cl)c3F)ncnc2cc1OCCNC(=O)CCCN(C)C,-7.1,3.182568829361141,16_1649
COC=C1C=CCOCC(=O)Nc2cccc(Cn3c4ccccc4c(=O)c4ccccc43)c2C1,-7.6,1.1931527120925547,16_1650
COC(=O)c1cnc(Nc2cccc(F)c2)cc1Oc1c(C)cccc1C,-6.8,3.7097464596555723,16_1651
Cc1cc(Cn2c(N3CCNCC3)nc3c(N4CCNCC4)cc(Cl)cc32)cc(C)c1F,-8.1,3.629644762544949,16_1652
O=C(Nc1cccc(C(=O)c2ccc3c(C=Cc4ccccc4)[nH]nc3c2)c1)Nc1ccc2c(c1)OCO2,-8.6,3.188990843798983,16_1653
O=C(NCc1ccc(S(=O)(=O)c2cc(F)cc(F)c2)cc1)c1cc2ccccc2n1Cc1cccc(C(F)(F)F)c1,-7.7,3.359062337223765,16_1654
FC(F)(F)c1cccc(Nc2nc(OCc3ccccc3)cc(-c3cccc(Cl)c3)n2)c1,-8.4,3.5961472417323863,16_1655
Fc1cc(CNCC2CCOCC2)ccc1Cl,-5.5,3.505204400067548,16_1656
O=C(c1ccc(-c2cccc(Cl)c2)o1)N1CCCCCCC1,-7.4,1.7060170108422827,16_1657
O=C(c1cccc(S(=O)(=O)N2CCOCC2)c1)N1CCN(Cc2ccc3c(c2)OCO3)CC1,-7.1,3.425169547451607,16_1658
C[n+]1c2ccccc2c2c3c(-c4ccc(Cl)cc4Cl)nc(-c4ccccc4O)cc3c3ccccc3n21,-8.9,3.13147020386552,16_1659
N=C1C=CCC(CCNc2nc3cc(Nc4ccnc5cc(Cl)ccc45)ccc3[nH]2)=CC1,-7.6,2.4173310132586376,16_1660
O=C(Nc1cccc(Cl)c1Cl)c1ccc2c(=O)n3c(nc2c1)CCCCC3,-7.4,2.7616896912151723,16_1661
Nc1ccc(-c2cccc3c2CC(=O)C(N)CC3)cn1,-6.4,2.595321058092542,16_1662
O=C(NCc1ncccc1F)c1nn(Cc2ccc(C(F)(F)F)cn2)c2ccccc12,-7.2,3.6624743203524592,16_1663
O=C(NC(Cc1ccccc1)C(=O)NC(C(=O)O)c1ccccc1)OCc1ccccc1,-7.4,3.5889159762485,16_1664
CCCCCC1C2C=CC(C)=CC=C2Cc2nc3cc(-c4nc5cc(-c6cccc(F)c6)ccc5[nH]4)ccc3n21,-6.0,2.1352981349456006,16_1665
O=C(Nc1ccc(-c2cc(Nc3cccc(C(F)(F)F)c3)ncn2)cc1)Nc1ccc(C(F)(F)F)cc1,-6.0,3.382684919693456,16_1666
Cn1c(N)c(C(=O)COC(=O)c2ccc(-c3ccccc3)cc2)c(=O)n(C)c1=O,-7.3,3.56180296395559,16_1667
O=C(N/N=C/c1cccc(C(F)(F)F)c1)c1ccc(-c2cccc(O)c2)o1,-7.0,3.6314123705767827,16_1668
Cc1cn(C2CC(N=[N+]=[N-])C(CCO)O2)c(=O)nc1N,-6.3,3.1774164797217885,16_1669
O=C(Cc1cccc(NC(=O)c2ccccc2NCc2ccccc2C(F)(F)F)c1)Nc1cccc(S(=O)(=O)N=C2CCCCCN2)c1,-8.2,2.1147669624621805,16_1670
Cc1cc(N)nc2cc(-c3ccc(C(C)N4CCCCC4)cc3)ccc12,-6.9,3.630928572119112,16_1672
CC(NC(=O)c1ccc(CS(=O)(=O)c2ccccc2C#N)cc1)c1ccccc1,-6.9,3.7702545689138143,16_1673
O=C(c1ccc(Nc2nccc(-c3cccc4ccccc34)n2)cc1)N1CCN(Cc2ccc3c(c2)OCO3)CC1,-7.4,3.3246761680843187,16_1674
O=C(Nc1ccccc1)Nc1ccc(Nc2c3ccccc3nc3ccccc23)cc1,-8.5,3.348927559047796,16_1675
CC#CCn1c(N[C@@H](C)c2ccc(C(F)(F)F)cc2)nc2c(c1=O)CN(C(=O)c1ccc(C#N)cc1F)CC2,-7.0,3.5502273025565945,16_1676
COc1cc(-c2cc(-c3ccccc3)ncn2)ccc1-n1cnc(C)c1,-7.3,3.655486121128198,16_1677
Cc1ccc(-n2nccn2)c(C(=O)N2CCN(c3cccc(C(F)(F)F)c3)CC2)c1,-7.5,3.717318648163449,16_1678
Cc1ccc(S(=O)(=O)N(Cc2cc3ccccc3[nH]c2=O)c2ccccc2Br)cc1,-7.2,3.660040681307609,16_1679
COc1ccc([C@@H]2Cc3c(CO)c(OC)cc(OC)c3O2)cc1OC,-6.1,3.7974675132159095,16_1680
CCOC(=O)c1c(CSc2nccc(-c3ccc(F)cc3)n2)n(CC(C)C)n(C)c1=O,-5.9,3.4328453401774865,16_1681
CN(CCN1CCC(n2c(=O)[nH]c3ccccc32)CC1)C1CCc2ccc(Cl)cc2C1,-7.0,3.6020131950945986,16_1682
CNC(C(=O)NC(C(=O)N(C)[C@H](/C=C(\C)C(=O)O)C(C)C)C(C)(C)C)C(C)(C)c1ccccc1,-5.9,3.3849618262333316,16_1683
O=[N+]([O-])c1ccc2sc3c(NCCN4CCCCC4)ncnc3c2c1,-6.8,3.6487833407513124,16_1684
O=C(Nc1ccc(Nc2ncnc3c2Cc2ccccc2N3)cc1)Nc1cccc(Cl)c1,-8.6,3.4690326841600747,16_1686
Cc1cc(C)c(-c2nc3cc(Cl)ccc3n2Cc2ccccc2)cn1,-7.4,3.567751462037839,16_1687
O=C(Nc1cccc(CN2CCCN(Cc3cccs3)CC2)c1)c1ccc(F)cc1,-7.3,2.742309119953514,16_1688
O=C(O)c1ccc(COc2ccccc2C(=O)c2c3ccccc3cc3ccccc23)cc1,-7.5,3.268764894808569,16_1689
COc1ccc(/C=C/C(=O)Nc2ccc(-c3nc4cc(C5=NCCN5)ccc4[nH]3)cc2)cc1,-5.0,3.5059988205457016,16_1690
O=C(c1ccc2[nH]c(=O)oc2c1)N1CCN(S(=O)(=O)c2cccc(F)c2)CC1,-8.1,3.675291810688071,16_1691
O=C(Nc1cccc(C(F)(F)F)c1)c1cccc(-c2nc3ccccc3n2Cc2ccc(F)c(F)c2)c1,-8.5,3.3792429022908315,16_1692
O=C(O)c1c(Br)c(-c2ccccc2Br)nc2ccc(O)cc12,-6.4,3.6987924191607617,16_1693
O=CC1[CH]O[C@H](CN([CH]c2ccc(F)cc2F)S(=O)(=O)c2ccc(F)cc2)CO1,-7.1,3.620109285527889,16_1694
COc1ccc(CNc2nc(NCCOc3ccccc3)ncc2-c2cc3cnccc3o2)cc1,-7.6,3.3150713515575503,16_1695
O=C(Nc1nnc(CCCc2ccccc2)o1)C1CCCCC1,-7.3,3.775105054058412,16_1696
O=C(Nc1ccc(F)cc1)c1cc(-c2ccccc2)nc2ccccc12,-7.7,3.577853997330684,16_1697
O=C(c1ccc(-n2cnnc2)nc1)N1CCC(Oc2cccc(Br)c2)CC1,-6.7,3.719679632988143,16_1698
O=C(c1ccncc1)N1CCC2(CCN(Cc3ccc4c(c3)Cc3ccccc3-4)CC2)CC1,-7.3,3.3970946681293386,16_1699
O=C(NCc1cccnc1)c1ccc(Oc2ccc3c(c2)CN(c2ccccc2)C3=O)nc1,-7.4,3.668966908424813,16_1700
O=C1/C(=C\c2ccc(CC=CC=C[N+](=O)[O-])o2)C(c2ccccc2)=NN1c1ccccc1,-7.5,3.3846327572170813,16_1701
O=C(Nc1ccccc1-c1ccccc1)c1ccc(-c2ccccc2CO)cc1,-7.1,3.394567015952285,16_1702
Cc1ccc(N2CCN(C(=O)C3CN(C(C)(C)C)C[C@H]3c3ccc(F)cc3F)CC2)c([C@@H](N)C(C)C)c1,-6.6,3.5605222710681197,16_1703
NS(=O)(=O)c1cc(S(N)(=O)=O)c(NC(=O)c2ccccc2NS(=O)(=O)c2ccc3c(c2)OCCO3)cc1Cl,-8.0,3.05781194619136,16_1704
Cc1ccc(O)c(C=CC(=O)c2cccc3cc[nH]c23)c1,-6.9,3.4914446518611006,16_1705
O=C1C(c2cccc3ccccc23)=C2C=CC=CN12,-7.2,3.2248183344644077,16_1706
CCNC(=S)C1=CC(C)(C)Oc2ccc(C#N)cc21,-5.3,3.549947656496005,16_1707
Cc1cc2c(cc1C)[n+]([O-])c1cc(/C=N/NC(=S)Nc3ccccc3C)ccc1[n+]2[O-],-7.3,3.238249450226294,16_1708
N#Cc1sc(-c2ncccn2)nc1-c1ccccc1,-6.7,3.6630512690079335,16_1709
O=C(N=CCc1ccccc1)c1cccc(Nc2ncc(F)c(Nc3ccc(F)cc3)n2)c1,-8.4,3.563570633822653,16_1710
N=CC1C(N=CN=CCC(=O)O)C1Oc1ccc(-c2nc(C(F)(F)F)no2)cc1,-6.6,3.426472429997365,16_1711
O=C(c1ccc2c(c1)OCO2)N1CCN(c2ccccc2F)CC1,-7.3,3.6292661037960494,16_1712
CC(C)[C@]12O[C@H]1[C@@H]1O[C@]13[C@]1(O[C@H]1C[C@H]1C4=C(CC[C@@]13C)C(=O)OC4)[C@@H]2OC(=O)CCC(=O)O,-7.3,2.9484167931713254,16_1713
CS(=O)(=O)C=C1C=CC(OC=C2C=CC(c3c(-c4ccccc4)cnc4c(Cl)ccc(Cl)c4c3=O)=C2)=C1,-8.8,2.3721346646217616,16_1714
Cc1c([C@@H](O)CN2CCC(C3C=C4C=CC=C(C(C)C)C=CC43)CC2)ccc2c1COC2=O,-8.0,1.3625458388494422,16_1715
O=C1N=C2C=CC=CN2C(=O)/C1=C\c1cccc(Oc2ccc(Cl)c(Cl)c2)c1,-8.2,3.516703030077258,16_1716
O=C(Cn1c(O)c2c(c1O)CC=CC2)Nc1ccc(-c2ccccc2)cc1N1CCOCC1,-8.2,3.5050079588760883,16_1717
Cc1nc(C(=O)N2CCOCC2)sc1-c1ccc2cc(CCN3CCC[C@H]3C)ccc2n1,-7.3,3.567782870842729,16_1718
CN(C)CCNC(=O)c1ccc(Nc2ncc(C(F)(F)F)c(Nc3ccccc3C(O)=NO)n2)cc1,-6.8,2.935893084184948,16_1719
O=C(c1cccc(F)c1)N1CCN(c2ccc(C(F)(F)F)cn2)CC1,-7.0,3.6260704406584265,16_1720
NC[CH]C1Oc2ccccc2N1c1nc(-c2ccncc2)ccc1C(N)=O,-6.8,3.686611940688839,16_1721
O=C(Nc1c2ccccc2nc2cc3ccccc3cc12)NC(Cc1ccccc1C(F)(F)F)C(=O)O,-8.5,3.313370875394071,16_1722
CC=CC=CC(=O)N(Cc1ccc2ccc(C(=N)N)cc2c1)C(=O)c1ccc(O)cc1,-7.6,3.335085053657094,16_1723
O=C(Nc1cccc(S(=O)(=O)N=C2CCCN2)c1)c1cc(-c2ccccc2S(=O)(=O)NCCCO)ccc1O,-6.9,3.0923604163824523,16_1724
Cc1cnc(C(=O)Nc2ccc(F)c([C@@]3(C(F)F)N=C(N)O[C@@H]4C[C@@H]43)c2)c(C)c1,-7.4,3.6547914717229535,16_1725
CCC(C)C(NC(=O)c1ccc(-c2ccccc2)cc1)C1CCCCC1,-7.0,3.4295187545787185,16_1726
BrC=CC=CC=CC=CC=NNc1nc(-c2ccccc2)c(-c2ccccc2)o1,-5.9,3.4464234412552477,16_1727
CN(C)c1ncnc2c1nc(NCc1ccccc1)n2[C@@H]1O[C@@H]2COP(=O)(O)O[C@H]2[C@H]1O,-7.5,3.185167118712475,16_1728
O=C(C1=COC=C2C=CC=C1O2)N(Cc1ccccc1)CC1(c2ccc(-c3cccc(F)c3F)cc2)CCOCC1,-7.4,2.302378989911595,16_1729
O=C(C=C1C=CN=C(SCC(=O)Nc2ccc(OC(F)(F)F)cc2)N(c2ccccc2)C(=O)C=C1)NCCc1ccccc1,-6.2,1.207012506723692,16_1730
Cc1cccc(NC(=O)CCn2c(=O)c3cccn3c3cccnc32)c1C,-7.1,3.7216392901981274,16_1731
OC[C@H]1O[C@@H](n2cc(Cl)c3c(N4CCCCC4)ncnc32)[C@H](O)[C@@H]1O,-6.2,3.3566409630166048,16_1732
NC(=O)n1c(-c2cccc(NC(=O)c3ccccc3)c2)cc2ccccc21,-8.0,3.6478957500970424,16_1733
Cc1cc(-c2ccc(C(=O)c3ccccc3C(=O)Nc3ccc4[nH]ccc4c3)cc2)ccn1,-7.9,3.319753653214433,16_1734
O=C(NC(Cc1c[nH]c2ccccc12)C(=O)O)c1cc2cc(Br)ccc2o1,-6.9,3.573107166301047,16_1735
O=C(CCn1cccn1)Nc1nnc2n1CCCCC2,-6.2,2.6838418763033376,16_1736
O=C(O)c1c2ccc(S(=O)(=O)NCCc3ccccc3)c1-2,-6.9,3.5292035655689427,16_1737
O=C(O)CSc1oc(-c2ccco2)nc1-c1ccc(Cl)cc1,-6.2,3.7183847820598035,16_1738
COc1ccc(CNC(=O)Cn2nc3c(Oc4cccc(C)c4C)nccn3c2=O)cc1OC,-6.9,3.51335411717972,16_1739
COc1cccc2c1C[C@H](c1ccc(-n3nccc3C(F)(F)F)cc1)[C@@H](N1CCN(Cc3ccc4c(c3)OCO4)CC1)C2,-7.9,3.2316257379465503,16_1740
C=CC1=CC2=Cc3ccc([nH]3)C3=CCC=CC=COC(=N3)C=c3ccc([nH]3)=C(c3cccc(OC4CCCNC4)c3F)C1=N2,-8.0,1.7350681034218347,16_1741
O=C(NC[C@H]1OC[C@@H]2CCN(c3ncc(F)cn3)C[C@H]21)c1ccsc1,-7.0,3.6663796334461125,16_1742
COc1cccc(-c2nn(-c3cccc(Cl)c3)cc2C(=O)N2CCN(c3ccc(F)cc3)CC2)c1,-8.0,3.5815514317080535,16_1743
COc1cccc(CNC(=O)c2ccc3c(c2)nc2n3CCOC2)c1OC,-6.4,3.765244145206675,16_1744
O=C1NC(=O)C(=CC=Cc2ccccc2)C(=O)N1,-5.9,3.409514720908459,16_1745
COc1ccc2c(c1)C=COC(=C1C=CC(c3ccc4cc(Cl)cc(F)c4c3)=NC1)C2,-8.3,2.4769369545769733,16_1746
O=C(Nc1ccc(C(F)(F)F)cc1)Nc1cc(-c2cccc([N+](=O)[O-])c2)nc2ccccc12,-8.5,3.4759499498747886,16_1747
O=C(Nc1ccc(F)cc1)c1ccc(/C=C/C(=O)c2cccc3c2C(=O)c2cccc(Cl)c2-3)cc1,-8.0,3.4662140526947844,16_1748
COC(=O)c1ccccc1NC(=O)Cn1ncc2c([nH]c3ccccc32)c1=O,-7.1,3.5998284546365267,16_1749
[CH]c1ccc(NC(=O)c2cc(S(=O)(=O)N3CCOCC3)ccc2NCc2ccco2)cc1,-7.5,3.6794439048766305,16_1750
Cc1c(C(=O)NCC=CC=CC(=O)O)cccc1-n1cc(-c2ccccc2)nn1,-6.9,3.613340808984727,16_1751
O=C(O)c1ccc(Nc2ccc3ccccc3c2)cc1,-7.0,3.591279655008342,16_1752
N#C[C@H](Cc1cccc(C(=O)O)c1)NC(=O)C(Cc1ccccc1)NC(=O)C1Cc2ccccc2CN1C(=O)C(N)Cc1ccc(O)cc1,-7.5,2.9394757524291366,16_1753
NC(=O)c1ccc(-c2nn(-c3ccc(Cl)cc3)cc2-c2ccccc2N2CCCCCC2)cc1,-7.2,2.631653172922044,16_1754
O=C1c2ccc([N+](=O)[O-])cc2C(=O)N1Cc1ccccc1,-6.9,3.5061859462149934,16_1755
Cc1c(OC(F)(F)C(F)F)cccc1[C@@H]1CN(Cc2cccc(OC(F)(F)F)c2)c2ccccc2N1C[C@@H](O)CF,-7.4,3.3993053642843507,16_1756
CONC(=O)[C@@](Cc1cc2ccccc2o1)(NC(=O)Cc1ccccc1)c1cccc(-c2ccccc2)c1,-8.2,3.3360649198732717,16_1757
COc1c(-c2cn3cc(C#N)sc3n2)ccc2cc(C(F)(F)F)ccc12,-7.0,3.6214536838840647,16_1758
COc1cc2c(cc1Nc1ncc(Cl)c(Nc3ccccc3S(=O)(=O)C(C)C)n1)C(=O)N(C)CC2(F)F,-8.0,3.4740220418900813,16_1759
C[C](C/C=C(/C)CCC=C(C)C)[C@H](CC(C)C)c1c(O)c(C=O)c(O)c(C=O)c1O,-4.5,3.246687702769754,16_1760
Cc1ccc(C(CNC(=O)c2ccc(-c3ccccc3F)o2)N2CCOCC2)cc1,-6.5,3.7553274344455616,16_1761
C[C@@]1(c2cc(-n3cnc4cc(C#N)ccc43)ccc2F)C=C(CF)OC(=N)N1,-7.9,3.7328618261439095,16_1762
O=C(Cc1cccc(NC(=O)c2ccccc2)c1)Nc1cc(C(=O)O)cc(C(F)(F)F)c1,-7.7,3.60163013630062,16_1763
Cc1ccc2[nH]c(C)c(C(=O)Nc3ccc(Br)cc3C)c(=O)c2c1,-7.1,3.6458211165701284,16_1764
O=CC1=C(c2ccccc2)Oc2ccc3ccccc3c2C1c1ccccc1,-7.5,3.244901326525145,16_1765
O=C(NCc1ccc(CNc2nc3ccc(OCCN4CCOCC4)cc3o2)cc1)c1ccccc1Br,-6.8,3.472253899396497,16_1766
O=C(CSc1nc2ccccc2c2nc(=O)c(-c3ccccc3)nn12)Nc1ccccc1F,-7.3,3.3857129349505426,16_1767
Cc1cccc(C)c1-c1noc(-c2ccc(O)cc2)n1,-6.7,3.7224949253218704,16_1768
Fc1cccc2c(C#Cc3ccccc3)nc3ccccc3c12,-7.6,3.123373592852521,16_1769
Cc1cccc(NC(=O)c2ccc(OC3CCN(CCc4ccccc4)CC3)cc2)c1,-6.6,3.624361535053551,16_1770
Cc1ccc(Nc2ncc3ccn(Cc4ccccc4-c4ccccc4)c3n2)cc1F,-7.6,3.495632830184925,16_1771
CC(=O)c1ccc(N(C(=O)c2cc3ccccc3oc2=O)c2ccccc2CCCO)cc1,-6.8,3.5476309647337985,16_1772
CC(=O)Nc1cccc(-c2cnc(-c3ccccc3)s2)c1,-6.8,3.6938770707330932,16_1773
NC(CSC(c1ccccc1)(c1ccccc1)c1ccccc1)C(=O)NCC1CCC(C(=O)O)CC1,-6.4,3.424015579008733,16_1774
O=C1N=C(Cc2ccc(Sc3nc4ccccc4o3)cc2)C(=O)N1,-6.9,3.769761168820043,16_1775
C/C=C(\C)Cc1c(C)cc(C)c[n+]1Cc1ccc2ccccc2c1,-6.0,3.0671256752269604,16_1776
O=C(N[C@H]1CC[C@H](CCN2CCC(c3cccc4c3CCO4)CC2)CC1)c1ccc(-c2ccc3cccc(F)c3c2)[nH]c1=O,-7.5,3.221954547389707,16_1777
O=c1c2ccccc2nc(N=Nc2c(O)[nH]c3ccccc23)n1-c1ccc(F)cc1,-8.8,3.502801003554163,16_1778
COc1ccc(-c2csc(-n3nc(-c4ccc(Cl)cc4)cc3C=Cc3cc(Cl)ccc3O)n2)cc1,-8.2,3.3484503893899245,16_1779
CNC(=O)c1ccc(NC(=O)N(CCC(c2ccccc2)c2ccccc2)CCN2CCOCC2)cc1,-7.1,3.5804167583425626,16_1780
Cc1cnnc(C(=O)N[C@H]2CCC[C@H]2Oc2cnn(C)c2)c1,-6.2,3.710691382608087,16_1781
CCOC(=O)C(C)CC(=O)C(Cc1ccccc1)=NC(=O)C(Cc1ccccc1)NC(=O)OCc1ccccc1,-6.7,3.368431695870104,16_1782
O=C1c2cc(N3CCOCC3)ccc2NC(Cc2ccccc2)N1c1ccccc1,-8.2,3.6560469736885164,16_1783
CC(=O)Nc1ccccc1NC(=O)c1cnn(-c2nc(N3CCOCC3)c3cccc(-c4ccccc4F)c3n2)c1,-8.4,3.3441933919610376,16_1784
O=C1c2ccc(F)cc2C(=O)N1c1ccc(-c2nc3ccccc3o2)cc1,-7.5,3.586024243067733,16_1785
O=C(c1ccc(O)cc1O)c1cc(O)ccc1O,-6.6,3.3722953416816184,16_1786
O=C(Nc1ccc2c(c1)OCCO2)c1ccc(Cn2c(=O)[nH]c(=O)c3ccccc32)cc1,-8.1,3.653414693164101,16_1787
Oc1ccc2ccccc2c1N=Nc1ccccc1,-6.7,3.56851234196513,16_1788
CC=C1C(C)=C(CNC(=O)C=C2C(c3ccc(CN4CCOCC4)cc3)=CC(N(CC(F)(F)F)C(C)C)=C2CC)C1c1ccccc1,-6.5,3.056516605734897,16_1789
O=C1c2cccc3c(Br)ccc(c23)C(=O)N1Cc1ccccc1,-7.5,3.5322711521421692,16_1790
O=C(Nc1cccc(-c2cc3cc(C(=O)N4CCCC4)ccc3o2)c1)c1cc2ccccc2s1,-7.5,3.5002670128233646,16_1791
CCC1c2cc(-c3cc(F)cc(N4CCCC4)c3)ccc2CCC1[CH]C(O)C1CCCC1,-6.7,3.2214406018968846,16_1792
Clc1ccccc1C1CCN(Cc2coc(-c3ccccc3)n2)C1,-6.7,3.6309717030098962,16_1793
Cc1cc(C)cc(Nc2nc3c(s2)C(=O)c2c(Br)cccc2C3=O)c1,-8.0,3.746993461511143,16_1794
Cc1cc(N)c2cc(NC(=O)c3ccccc3COc3ccc(C(F)(F)F)cc3)ccc2n1,-8.0,3.6386961929521053,16_1795
O=C1c2ccccc2C(=O)N1c1nc(-c2ccccc2)nn1-c1ccccc1,-7.9,3.615247877704614,16_1796
O=c1c2cc([N+](=O)[O-])ccc2nc2n1CCCCC2,-6.1,2.5108553621443273,16_1797
CC(=O)c1ccc(Nc2nc3ccccc3n3cnnc23)cc1,-7.4,3.6335386002228987,16_1798
O=C(Nc1ccccc1Cl)c1cc(C2CCCCN2C(=O)CCCc2ccccc2)on1,-6.5,3.7090760106351492,16_1799
O=C(Nc1ccc(Nc2ccc3c(c2)CCc2ccccc2C3=O)cc1)c1ccc(F)cc1,-7.9,2.573256312752943,16_1800
NC(=O)C[C@H](NC(=O)CNS(=O)(=O)c1ccc(-c2ccccc2)cc1)c1cccc(OCC(=O)O)c1,-5.6,3.2720214657064703,16_1801
C=Cn1nc(-c2c3ccccc3cc3ccccc23)nc1C1C=CC=CC1,-7.8,3.4122208107766587,16_1802
N[N+](Cc1cccc(C#Cc2ccccc2)c1)c1nc2ccccc2c(=O)n1-c1ccccc1,-7.7,3.1816898173899615,16_1803
CCC(CCNC(=O)NC(=O)c1ccccc1)N1c2ccccc2CCc2cc(Cl)cc(Cl)c21,-7.5,2.6270388645711167,16_1804
O=S(=O)(c1cccc(C(F)(F)F)c1)N1[C@H]2c3c[nH]nc3C[C@@H]1c1cccc(F)c12,-8.7,3.5636301025784576,16_1805
O=C(Nc1nc2ccc(OC(F)(F)F)cc2s1)c1cccc(-c2ccccc2O)c1,-8.1,3.643773291838995,16_1806
COc1cc(C=O)c(-c2cccc(-c3ccccc3)c2)cc1OC,-6.2,3.555637697624271,16_1807
O=C(Nc1cccc(NC(=O)c2ccc(F)cc2O)c1)c1ccc(F)cc1,-7.2,3.6572394818500875,16_1808
CC1CCCC(CO)CNC1,-4.3,1.2117937874399258,16_1809
CC(C)(C)c1cc(C(=O)Nc2nccs2)cc2c1OCC2(C)C,-6.0,3.736063456327215,16_1810
C[C@]12C[C@@H](Nc3nc4ccccc4n3C1=O)c1ccccc1O2,-8.6,2.5992245229046493,16_1811
Cc1cnc(C(=O)OC(c2ccc(F)cc2)c2ccc(C)s2)cn1,-6.8,3.699519556214614,16_1812
Fc1ccc2c(c1)C(c1ccccc1Cl)=NCc1nnc(-c3ccccc3Cl)n1-2,-7.5,2.6213846249207013,16_1813
Cc1ccc(-c2ccccc2OCc2ccccc2)n1-c1cccc(C(=O)Nc2ncccc2O)c1,-7.7,3.4174016767488373,16_1814
OC(COc1cccc(-c2cccc3nccn23)c1)CN1CCc2ccccc2C1,-7.4,3.676037804496682,16_1815
O=CC1C(=Nc2nc3ccccc3nc2-c2ccccc2)c2ccccc21,-8.2,3.555108127263945,16_1816
O=C(Nc1ccc(N2C(=O)c3ccccc3C2=O)c(Cl)c1)c1cc(-c2ccccc2)nc2ccccc12,-7.5,3.4253197359221126,16_1817
O=C1N=C(NCc2ccc(F)cc2)N=C1Cc1ccc2ccccc2c1,-7.4,3.7393011686506963,16_1818
CC(C)c1cc(Oc2c(Cl)cc(C(=O)O)cc2Cl)ccc1OCC(=O)O,-6.3,3.7134768965203815,16_1819
O=C1CC2=NNC(C(=O)Nc3ccc(S(=O)(=O)Nc4nccs4)cc3)C2c2ccccc2O1,-7.8,2.2516524932922692,16_1820
Cn1c(Sc2nc3ccccc3n2Cc2ccccc2Cl)nc2ccccc21,-7.6,3.482195591486928,16_1821
Nc1c(NS(=O)(=O)c2ccc(Br)s2)sc2ccccc12,-6.4,3.677791928439328,16_1822
O=c1c2ccccc2n(-c2ccc(-c3ccc(C(F)(F)F)cc3)cc2)c(=O)n1-c1ccccc1-c1ccccc1,-7.7,3.249953265539026,16_1823
O=C(Nc1nc(-c2cccc([N+](=O)[O-])c2)cs1)c1ccco1,-7.3,3.625559752433798,16_1824
CN(c1cccc(O)c1)c1cccc(-c2cnc3ccc(N4CCC[C@@H]4c4cccc(F)c4)nn23)n1,-8.6,3.4984697668665423,16_1825
O=C(N/N=C/c1cc2ccccc2nc1Cl)c1cccc([N+](=O)[O-])c1,-6.8,3.505639367988266,16_1826
O=C(/C=C/c1ccc(-c2cccs2)cc1)Nc1ccc2c(c1)C(=O)C(=O)N2CN1CCOCC1,-6.3,3.5330954731176627,16_1827
O=c1[nH]c2c([N+](=O)[O-])cccc2c(O)c1N=Nc1ccc(C(F)(F)F)cc1,-7.2,3.41991356212225,16_1828
Cc1c(NC(=O)Nc2cccc3ccccc23)cccc1C1=CC(c2ncnc3[nH]ccc23)=CCC=C(Cl)C=NC(C)(Cc2ccc(O)cc2)C1,-8.6,0.5715482004555668,16_1829
CC1=CC=C(N(Cc2ccccc2)S(=O)(=O)c2ccc(C(C)(C)C)cc2C)C1C,-7.0,3.5565182429488518,16_1831
COc1cccc(-c2ccc(S(=O)(=O)Nc3ccc(C)c(C)c3)s2)c1,-6.8,3.8013158316136764,16_1832
COc1cc(/C=C/CO)ccc1OC=CC(=Nc1ccc2c(c1)CCC2)c1ccccc1F,-7.4,3.5192818402008847,16_1833
COc1ccc2c(c1)C(=O)c1nc3cc4ccccc4cc3nc1-2,-7.9,3.517620657394372,16_1834
O=C(N=CC1=CC(=Cc2ccc(-c3nc4ccccc4[nH]3)cn2)CC1)c1cccc(F)c1,-7.6,3.577958771585622,16_1835
Nc1ccc2c(c1)N(C(=O)c1cccs1)c1ccccc1S2(=O)=O,-6.6,3.6624706723661244,16_1836
O=C(c1cc2ccccc2[nH]1)N1CC(=O)N(CCc2cccs2)C(=O)C1,-7.3,3.7361829322645272,16_1837
O=C(/C=C/c1ccc2c(c1)OCO2)Oc1ccc(/C=C2\SC(=O)N(c3ccc(Cl)cc3)C2=O)cc1,-6.3,3.2275827839362083,16_1838
O=C(NCCN1CCCC1)c1ccc2c(=O)n(Cc3cccc4ccccc34)c(=O)n(Cc3ccccc3)c2c1,-8.2,3.434336870279199,16_1839
NC(=O)c1cc(-c2cccc(-c3cc[nH]n3)c2)cc(N2CCC(C(=O)O)CC2)n1,-8.4,3.6358806078493355,16_1840
O=Cc1ccccc1C(=O)Nc1ccc(NC(=S)Nc2ccccc2[N+](=O)[O-])cc1,-6.8,3.3505444993121696,16_1841
Cc1cc2cc(S(=O)(=O)Nc3cccc(S(N)(=O)=O)c3)ccc2nn1,-6.6,3.576814509308418,16_1842
Fc1ccc2nc(-c3cccc(C(F)(F)F)c3)nc(NC3C=CC=COC3)c2c1,-8.7,2.7115290454776177,16_1843
O=CC=C1C=CC(C2=CC(C[N+](=O)[O-])=Nc3cccnc3O2)=C1,-7.1,2.284704793537053,16_1844
CCN(CC)CCn1c2ccccc2c(=O)c2cc(NC(=O)CCC(=O)Nc3cccc(OC)c3)ccc21,-6.3,3.428832348332732,16_1845
Cc1cccc(NC(=O)c2ccc(F)cc2)c1C(=O)NCc1cccc2ccccc12,-8.1,3.551340226235517,16_1846
O=C(c1ccc(NS(=O)(=O)c2cccc3cccnc23)cc1)N1CCC(O)(c2ccccc2)CC1,-7.8,3.6137943373178985,16_1847
O=C(O)c1ccc(-c2ccc(O)c(C=Cc3cc(O)c(O)cc3C(=O)O)c2)cc1,-7.6,3.368268853130023,16_1848
O=C1NCCCC12CCN(c1nc(=O)c3c([nH]1)CCCC3)C2,-7.6,3.29856297004822,16_1849
Cn1ccc2c1-c1c3nn(-c4ccccc4)c1C(NCCN(c1ccc(F)cc1)CCC3=O)O2,-8.3,1.1941373390137722,16_1850
NC(C=CCC=NC(=O)c1cccc(C(F)(F)F)c1)c1nc2scc(-c3ccc4ncccc4c3)n2n1,-7.0,3.3376041082706607,16_1851
O=C(c1ccc2c(c1)N(Cc1ccccc1)C(=O)c1ccccc1S2(=O)=O)c1ccccc1N1CCOCC1,-8.1,2.4447830353107127,16_1852
O=C1C=CC=CCCC2c3c(n(Cc4ccc5c(c4)OCO5)c4ccccc34)CCN2CCC1,-7.6,1.4013221528642283,16_1853
O=C1NC(=O)/C(=C/c2cccc(Oc3ccc4ccccc4n3)c2)S1,-7.4,3.7475289943725976,16_1854
CC(=O)N1CCCN(C(=O)c2cccc(Cl)c2)CC1,-5.9,2.484783221137973,16_1855
O=C(c1c[nH]c2ccccc2c1=O)N1CCC2(CC1)OCCO2,-7.1,3.608210299734504,16_1856
NC(=O)C(Cc1ccccc1)NC(=O)C(Cc1ccccc1)NC(=O)C1Cc2ccccc2CN1C(=O)C(Cc1ccccc1)NC(=O)C1Cc2ccccc2CN1,-7.4,2.6500714799583456,16_1857
CCN(CC)C(=O)CNC(=O)c1cc(-c2ccc(OC)cc2)on1,-6.3,3.744402855419902,16_1858
Cn1cc(CN2CCCC(Nc3ccc4[nH]ncc4c3)C2)cn1,-6.6,3.7287105247030317,16_1859
O=C(CC12CC3CC(CC(C3)C1)C2)Nc1ccc(-c2nc3cc(OC(F)(F)F)ccc3[nH]2)cc1,-7.6,3.315286373189889,16_1860
O=C(CN1C(=O)NC2(CCCCC2)C1=O)NCCc1ccccc1F,-7.1,3.499564439012638,16_1861
Cc1nc(C(=O)N2CCc3nc(-c4csc(C)n4)sc3C2)cs1,-6.2,3.638128306980261,16_1862
CN(CC(CC#N)n1cc(-c2ncnc3[nH]ccc23)cn1)C1CCN(C(=O)c2cc(C(F)(F)F)cc(C(F)(F)F)c2)CC1,-6.4,3.341615844076726,16_1863
N#Cc1ccc(-c2ccc(S(=O)(=O)NN=C(N)N)cc2)cc1,-6.5,3.3418131780685636,16_1864
O=C(C#Cc1cnc(Br)s1)Nc1cccc(S(=O)(=O)N2CCCCC2)c1,-7.0,3.6761674413963363,16_1865
N#Cc1ccccc1-c1nccc2cc(S(=O)(=O)Nc3ccncn3)ccc12,-6.9,3.698141454381397,16_1866
N=C1Cc2ccccc2C(c2ccccc2)N1,-6.6,3.323600687029339,16_1867
O=C(Nc1ccc(-c2ccc(C(=O)N3CCC(c4ccccc4)CC3)cc2)cc1)c1cccc2ccccc12,-7.3,3.2630136757955297,16_1868
O=C(CSc1ccc(C(=O)Nc2ccc(F)cc2)cn1)c1ccccc1,-6.8,3.666787421385459,16_1870
CC=C1C=CCP(=O)(NC(C)C(=O)OCC)OC[C@H]2O[C@@H](n3ccc4c(-c5ccco5)ncnc43)[C@H](O)[C@@H]2OO1,-6.1,0.7036659598871227,16_1871
CC(C)[C@H](N)c1nc2cc(Cl)c(Cl)cc2n1Cc1ccccc1Cl,-6.6,3.7349671046069832,16_1872
O=c1c2ccccc2oc2ccc(-c3ccc(Cl)cc3)cc12,-7.7,3.3832523447990837,16_1873
CNc1ccc2ncccc2c1C(=CC(=O)N1CCCCC1C(=O)OC)c1cccc(OC)c1,-7.3,3.618728828209477,16_1874
CCc1ccc(-c2ccc(-c3cccc(C#N)c3)n2CC(=O)N(C)C)cc1,-6.5,3.66347541135091,16_1875
Cc1ccc([C@@H]2C[C@@H](Sc3ccccc3)C(C(=O)O)CN2S(=O)(=O)c2ccc(Cl)cc2)cc1,-6.9,3.7027250176060207,16_1876
O=CC(=C(Oc1cccc(OC2OC(CO)C(O)C(O)C2O)c1)c1ccccc1)c1ccc(O)cc1O,-6.8,2.8567545924016784,16_1877
Cc1ccccc1-c1n[nH]c(-c2ccc(-c3ccccc3C(=O)O)cc2)n1,-7.0,3.642136205450998,16_1878
O=C(O)C=CC=CCc1ccc2c3cccc4cccc(c5cccc1c52)c43,-7.9,2.896304813121642,16_1879
O=C(C[CH]N1C[CH]CC[C@H]1C[C]Cc1ccccc1)Nc1ccccc1,-5.6,3.572757956909257,16_1880
CCOCCC(=O)c1nn(-c2ccccc2)c2c1CS(=O)(=O)c1ccc(F)cc1-2,-6.4,3.542991345049784,16_1881
O=C(N[C@H]1CCc2ccccc21)c1cccc2ccccc12,-7.3,3.439046755423776,16_1882
O=C(NCCO)C(C(=O)c1ccc(Cl)cc1Cl)c1ccc(Br)cc1,-6.0,3.6212346406299125,16_1883
O=c1[nH]c(=O)n(Cc2cn(-c3cccc(C(F)(F)F)c3)nn2)cc1F,-7.8,3.6000918528765142,16_1884
N=C1C=CC=C(CNC(=O)Cn2c(-c3ccccc3)cnc(NCCc3ccccc3)c2=O)CN1,-8.2,2.4709381752512156,16_1885
CCN1C(=O)OC2(CCN(Cc3ccc(OC)cc3)CC2)c2ccccc21,-6.3,3.624185382552822,16_1886
Cc1nc(N)c2ccccc2c1COc1cc2c(cn1)[nH]c1ccccc12,-8.1,3.548135220248736,16_1887
O=C(c1nn(-c2ccc(F)cc2)c2c1CS(=O)(=O)c1c(Cl)cc(Cl)cc1-2)N1CCOCC1,-7.1,3.5500065718723115,16_1888
O=C(Nc1ccc(-c2nc(C(=O)N3CCC(Cc4ccccc4)CC3)cs2)cc1)c1ccccc1,-6.9,3.6068866973265257,16_1889
O=C(Nc1cccc(-c2cc3cc(F)ccc3[nH]2)c1)c1cc([N+](=O)[O-])ccc1Cl,-7.8,3.5368675953906683,16_1890
COC1=NC(c2ccc3nncc(-c4ccc(C(F)(F)F)cc4)c3c2C)C=C1NS(=O)(=O)CF,-6.9,3.6266553171737788,16_1891
O=C(C=CC=CN=C1CCC=CC=N1)c1ccccc1,-6.1,2.3626702946913194,16_1892
O=C(Nc1nnc(CCCCc2nnc(NC(=O)C3C=Cc4ccccc43)s2)s1)c1cccc(C(F)(F)F)c1,-6.6,3.311428588976094,16_1893
O=C(Nc1ccc(CNC(=O)c2ccc([N+](=O)[O-])s2)cc1)c1ccc2ccccc2n1,-7.5,3.497046355895481,16_1894
COc1cc(C(=O)NCC2CCCO2)ccc1OCc1ccccc1F,-6.7,3.759677435288209,16_1895
Cc1c(C)c2ccc(OCCCCCN(C)Cc3ccccc3)cc2oc1=O,-5.8,3.500563165736785,16_1896
O=C(c1ccc(Nc2ccnc3cc(C(F)(F)F)ccc23)cc1)N1CCN(c2ccc(F)cc2F)CC1,-7.8,3.5253982882149444,16_1897
NC(C=O)Cc1ccc2c(c1)[nH]c1ccc(Cl)cc12,-6.7,3.572980167436279,16_1898
O=C(N[C@@H]1CN(Cc2ccco2)[C@@H]2CCCO[C@H]1C2)c1cccc(OC(F)(F)F)c1,-7.0,2.7078045976823892,16_1899
O=Cc1cc(-c2ccccc2)cnc1-c1nc2ccccc2c2ccccc12,-7.4,3.2967209131792754,16_1900
O=C(NC1CC1)c1ccc(-c2cc3c(C4=CCC(n5ccc6cc(C7CC7)ccc6c5=O)=CC4)ncnc3[nH]2)cc1,-8.1,3.166683958092735,16_1901
O=C(Nc1cccc([N+](=O)[O-])c1)N1CCN(c2nc(-c3cccs3)nc3ccccc23)CC1,-7.3,3.528888546583831,16_1902
O=C(c1ccc2c(-c3nc(N[C@H]4CCCNC4)ncc3C(F)(F)F)c[nH]c2c1)N1Cc2ccc(F)cc2C1,-7.6,3.372212538830662,16_1903
C=CC(CC=COC1=C(C=COC)C(=COC)C=NC=C1)=NC(=S)Nc1ccc(Cl)c(C(F)(F)F)c1,-6.5,2.329628967377428,16_1904
O=C(CCCCCCCC(=O)Nc1cccc2c1-c1ccccc1C2=O)Nc1cc2c(cc1C(=O)O)CCC2,-6.8,3.2439113782161524,16_1905
Cc1c(Cc2c(Cl)cccc2Cl)[nH]c(SCc2cccc(F)c2)nc1=O,-5.9,3.622318222573611,16_1906
COc1ccc(C2=NN(C3=S(C)C=C(c4ccccc4C(F)(F)F)N3)c3ccccc3C2)cc1,-8.5,3.533306825825618,16_1907
NC(=O)/N=N/N(Cc1ccc(F)cc1)c1ccccc1,-6.0,3.5888899030921833,16_1908
O=c1c2ccccc2nc(-c2cccc(OS(=O)(=O)O)c2)n1-c1ccc(O)cc1,-7.5,3.5697974349869153,16_1909
[CH]CC[C@@]1(C)[C@H]2CCC=C[C@]2(C)CC[C@H]1O[C@@H]1O[C@H](CO)[C@@H](O)[C@H](O)[C@H]1O,-5.8,3.041020117439782,16_1910
CC(=O)Nc1ccc(CNC(=O)c2c3c(nc4ccccc24)CCCCC3)cc1,-7.7,2.678007832746218,16_1911
O=C(O)CCc1cc2cc(-c3cccc(CN4CCOCC4)c3)ccc2c(=O)n1-c1ccc(F)cc1,-7.5,3.6274474445481655,16_1912
O=C1CC2(CCN(c3ccnc4ccccc34)CC2)CN1CCc1ccccn1,-7.5,3.6244690433639946,16_1913
N#Cc1cccc(-c2cccc(C(=O)Nc3ccnc(NC(=O)Nc4cccnc4NC(=O)c4ccc(F)cc4)c3)c2)c1,-8.4,3.115236723881355,16_1914
CS(=O)(=O)Nc1cc(C=c2cnc3c(c2)N=C(c2cn(Cc4cccs4)nc2-c2ccc(F)cc2)C=3)ccc1F,-7.9,3.4279301808752694,16_1915
O=S(=O)(N=C1C=CCC=C(NC2CCN(c3ccc4c(c3)CNCC4c3ccc(-c4csnn4)cc3)C2)C=C1)c1ccccc1,-7.7,1.3125822931687523,16_1916
O=C(Nc1ccccc1C(=O)N1CCOCC1)c1ccccc1Br,-7.0,3.7770878962869743,16_1917
O=C(Nc1ccc(NC(=O)c2cccs2)c(Cl)c1)c1ccccn1,-6.2,3.751378953350244,16_1918
CC(NP(=O)(OC[C@H]1O[C@@H](n2cnc3c(N)nc(F)nc32)[C@H](O)[C@@H]1O)Oc1cccc2ccccc12)C(=O)OCC(C)(C)C,-7.7,2.7641136354361224,16_1919
O=C(COC(=O)c1ccc2ncsc2c1)NCc1ccccc1Cl,-6.3,3.7286375498783957,16_1920
O=C(/C=C/c1ccc(F)cc1)c1ccc(Nc2ccnc3cc(Cl)ccc23)cc1,-7.7,3.5001699017040058,16_1921
Cc1cccc(-c2nc3cc(C(=O)Nc4nccs4)ccc3[nH]2)n1,-7.4,3.6721759957541913,16_1922
COc1ccc(-c2noc(-c3ccccc3)c2C(=O)Nc2ccc(N3CCOCC3)cc2)cc1,-7.9,3.641551881860625,16_1924
N=C(Nc1nc2ccccc2s1)Sc1nccc2ccccc12,-7.4,3.463759505483296,16_1925
C[n+]1cc(Br)cc2cc(-c3ccccc3)ccc21,-6.3,3.108732574978746,16_1926
Cc1cc(-c2ccc(-c3ccccc3S(=O)(=O)N3CCN(C)CC3)cc2)[nH]c(=O)c1C#N,-7.5,3.766322291360992,16_1927
O=C1COc2cc(-c3ccc4ncnc(Nc5ccc(OCc6cccc(F)c6)c(Cl)c5)c4c3)ccc2N1,-8.1,3.405089523301492,16_1928
O=C(O)COC1=C(c2nn(Cc3ccc(C(F)(F)F)cc3)c3ccccc3c2=O)C=CC1,-7.4,3.7512291656416483,16_1929
O=C(CSC(c1ccc(Cl)cc1)c1ccc(Cl)cc1)N=C1CCCCC1C(=O)O,-6.8,3.7263946963592116,16_1930
COc1ccccc1-c1ccc(C[C@@H](C#N)NC(=O)C2N[C@@H]3CC[C@H]2C3)c(F)c1,-6.6,3.643580449258184,16_1931
Cc1ccc(CNc2ccc3c(c2)nc(N)n3CCC(=O)N2CCCCC2)cc1,-7.8,3.723702220767497,16_1932
Cc1ccc(NC(=O)CSc2cccc[n+]2[O-])cc1NC(=O)c1ccc2ccccc2c1,-7.4,3.4649304413820534,16_1933
O=C(NCc1ccc2c(c1)OCO2)c1cc(-c2ccccc2)nc2ccccc12,-8.6,3.675414329985637,16_1934
O=C(Nc1ccc(Cl)c(Cl)c1)Nc1cc2ncncc2cc1OCc1cccc(C(F)(F)F)c1,-8.5,3.539592959006023,16_1935
FC(F)(F)C1=CC(c2nc(N3CCOCC3)nc3c2CCN3c2ccncn2)C=NC=N1,-7.9,2.361110272579155,16_1936
CC1=CC(c2[nH]c3ccccc3c2CCNCCCc2ccccc2)=CCC=C1,-6.2,2.300845775403655,16_1937
CC(C)N(CC(O)c1oc2ccccc2c1Cc1ccccc1)C(C)C,-6.3,3.628300551929444,16_1938
O=c1oc2ccccc2cc1-c1nc2cccnc2[nH]1,-6.8,3.6035849333107794,16_1939
O=C(C=C1CC=CO1)N(Cc1nccc(-c2ccccc2)c1-c1ccccc1)c1ccccc1,-7.6,3.3954399507221105,16_1940
NC(=O)c1cc(-c2ccc(F)cc2)c2ccc(CN3CCOCC3)cc2n1,-7.7,3.789925993225255,16_1941
COc1cccc(-c2cc(C(=O)O)cc(S(=O)(=O)c3ccccc3)c2)c1,-7.6,3.7825593780992572,16_1942
O=C(O)c1ccccc1-c1ccc(Cn2c(=O)c3ccccc3n(Cc3cccc(F)c3)c2=O)cc1,-7.3,3.546846245259475,16_1943
N#CC1C(=N)Oc2cc3oc(-c4ccccc4)cc(=O)c3c(O)c2C1c1ccc2ccccc2c1,-8.6,3.4079195750510203,16_1944
COC=C(N=CN=Cc1ccccc1)NC1[CH]CC[C@H](CNC(=S)Nc2ccc(C(=O)Nc3ccccc3N)cc2)CC1,-6.6,1.763228252027127,16_1945
CCN(CC)c1ccc(C(=O)Nc2ccc3c(c2)C(C)(C)C(=O)N3CCN2CCCCC2)cc1Nc1nccc(-c2cccnc2)n1,-7.1,3.144880245149476,16_1946
CC(=O)N[C@@H]1[C@@H](Oc2ccccc2)O[C@H](CO)[C@@H](O)[C@@H]1O[C@@H]1OC[C@@H](O)[C@H](O)[C@H]1O,-6.8,2.830175514068506,16_1947
O=C(CN=C1NN2C=CCC=C2N=C1c1cccc(F)c1)Nc1ccccc1,-8.0,3.671678932704704,16_1948
CCOc1c(-c2ccccc2)n(-c2cccc(C(=O)O)c2)c2ccccc12,-7.5,3.6066097216167856,16_1949
O=C1COc2ccccc2N1Cc1cn(-c2ccc(Cl)cc2)nn1,-7.2,3.7162464687928285,16_1950
CN(C)c1cccc(-c2nc(-c3ccc(F)cc3)no2)c1,-6.4,3.6962370393619373,16_1951
O=C(O)c1cc2ccccc2[nH]c1=O,-5.6,3.4482003138323845,16_1952
Cc1cc(NC(=O)c2cc3ccccc3n2Cc2cccc(-c3ccccc3C)c2)no1,-8.2,3.5390155879353937,16_1953
O=[N+]([O-])c1cc(S(=O)(=O)N2CCCC2)ccc1N=Nc1c(O)[nH]c2ccccc12,-7.2,3.395951265883617,16_1954
O=C(CSc1nc2ccccc2c(=O)n1-c1ccc(F)cc1)Nc1ccccc1C(=O)Nc1ccc(F)cc1,-7.6,3.210929996074519,16_1955
O=C(COc1ccc2ccc(=O)oc2c1)N=Nc1c(O)[nH]c2ccccc12,-7.8,3.52381016652226,16_1956
Cc1ccc(-c2nc(CNC(=O)c3ccccc3-c3nc4ccccc4n3C(C)C)ccc2O)cc1,-8.3,3.4415435305059234,16_1957
Oc1ccc2cccc(NC(=P)NC34CC5CC(CC(C5)C3)C4)c2c1,-7.0,3.1269811891103987,16_1958
O=C(Nc1ccc(-c2nc(C3=CCOCC3)cc(-c3cccc(C(=O)O)c3)n2)cc1)Nc1cccnc1,-9.1,3.4582008986266466,16_1959
C=CCC1=NC23C(=CC=CC(=O)O)CN2C(=O)c2ccccc2C(c2ccncc2)C1=C3c1ccccc1,-7.3,1.499869776352888,16_1960
O=C(C=Cc1ccc(-c2cccc(-c3nc4cc(F)ccc4[nH]3)c2)cc1)NC(=O)c1ccccn1,-7.5,3.4795787966219027,16_1961
COc1ccccc1-n1nc(-c2ccccc2OCc2cccc(F)c2)nc1C1=CC(=O)CC1,-7.5,3.5797991488754857,16_1962
O=P(O)(O)C(O)(Cc1cccc(-c2cccc(Cl)c2)c1)P(=O)(O)O,-6.0,3.309246215178632,16_1963
O=C(O)C(Cc1ccccc1Nc1c(Cl)cccc1Cl)c1c(Cl)ccc(O)c1F,-7.3,3.563370091112657,16_1964
O=C(Cc1ccccc1)Nc1ccccc1C(=O)NCc1ccccc1,-7.4,3.6331502631768675,16_1965
N=C(N=CS)NC(N=Cc1ccccc1)(c1ccccc1)c1ccccc1,-6.2,3.401930772280725,16_1966
O=C(Nc1ccc(Oc2ccc(O)cc2)cc1)c1ccc([N+](=O)[O-])cc1,-6.8,3.6450804035108577,16_1967
O=C(Nc1cccnc1)Nc1cccc(-c2cccc(-c3ccc(-c4ccc(F)cc4)cc3)n2)c1,-7.9,3.425668757076405,16_1968
O=C(c1cccc(-c2cccc3c(=O)cc(-c4ccccc4)oc23)c1)c1cccc2ccccc12,-8.2,3.2819996228009454,16_1969
O=C(NCC(=O)N(c1ccccc1)C(C(=O)NCC1CCCO1)c1ccccc1)c1ccccc1,-6.2,3.6349596249221863,16_1970
Cc1ccc(-c2cc(C(=O)NC(C(=O)O)c3ccc4c(c3)OCO4)c3ccccc3n2)cc1C,-8.0,3.6212207703452837,16_1971
COc1cc([C@@H]2c3cc4c(cc3[C@@H](Nc3nnc(C)s3)[C@H]3COC(=O)C23)OCO4)cc(OC)c1O,-7.8,3.2589925076011723,16_1972
CC1(O)Nc2ccccc2N=C1n1c(N=C2OC=CC=C(n3cc(-c4ccccc4)nc3-c3ccccc3)C2C=O)nc2ccccc21,-8.9,1.983542931751182,16_1974
Nc1ncnc2c1sc1cc(-c3cccc(S(N)(=O)=O)c3)ccc12,-6.6,3.6167856629055444,16_1975
CC1=CC=C(C2=C(c3ccc(Oc4ccccc4)cc3)c3ccccc3OC2)OC=C1,-7.4,2.4121142690220037,16_1976
Cc1[nH][nH]c(=O)c1CC(=O)NN=Cc1c[nH]c2ccccc12,-7.6,3.4098522704666907,16_1977
O=C(CCc1ccc(Cl)cc1)NC(Cc1c[nH]c2ccccc12)C(=O)NCc1cccc2ccccc12,-7.9,3.2533586877082588,16_1978
Cn1cc(-c2cccc(N3CCc4c(sc5c4CCCC5)C3=O)c2CO)cc(Nc2ccc(F)c(F)c2)c1=O,-8.1,3.458636809736741,16_1979
O=c1c2ccccc2nc(-c2ccc3ccccc3c2)n1-c1cccc(Oc2nc3ccccc3o2)c1,-8.7,3.416785614474807,16_1980
CC(=O)Nc1cc(Nc2ccccc2C(=O)NCC2CCNCC2)ccc1-c1ccccc1,-7.2,3.527414217377183,16_1981
NCCCCNc1c2ccccc2nc2cccc([N+](=O)[O-])c12,-6.0,3.443978550643423,16_1982
O=c1cc(-c2cccc(-c3cc(CN4CCSCC4)ccc3F)c2)sc2ccccc12,-8.2,3.4924262023736907,16_1983
COc1ccc(C2Oc3ccccc3-c3cc(OC)c(OC)cc32)cc1,-6.8,3.6574801695121417,16_1984
[CH]c1ccccc1OC(=O)CCC/C=C\CC(OCCC[C@@H](CC/C=C\[C@H](C[C@@H]1[CH]OC(=O)C1=C)OC(=O)Cc1ccc2c(c1)OCO2)COCCC(=O)O)c1cccc2ccccc12,-5.0,2.1514773474228073,16_1985
O=C(NC(Cc1ccccc1)C(=O)NC(Cc1ccc(-c2ccccc2)cc1)C(=O)O)OCc1ccccc1,-6.6,3.3763295318518693,16_1986
C=CC1Nc2ccccc2C1=NCN=CNc1ccccc1,-5.9,3.4970138690955856,16_1987
O=C(Cc1cccs1)N1CCN(C(=O)c2cc(Cc3n[nH]c(=O)c4c3CCCC4)ccc2F)CC1,-8.3,3.6331803983696407,16_1988
O=C(N(Cc1ccc(F)cc1)C1CCN(Cc2ccccc2)C1)n1c2ccccc2c2ccccc21,-8.4,3.333530752387307,16_1989
CN(C)C(=O)c1ccc(-c2ccc(CN3CCc4ccccc4C3)cc2)cc1,-7.0,3.5043834319199947,16_1990
Cc1oc(-c2ccccc2)nc1CCOc1cccc(-c2nn(Cc3ccccc3F)c3cc(F)ccc23)c1,-8.3,3.316805224945634,16_1991
COC=C1C=CC(C2=C(c3nn[nH]n3)c3cc(C4CC4)ccc3N=CN=C2c2ccccc2)=C1,-6.8,1.617592196594508,16_1992
Cc1c(C=Nc2cccc(Cl)c2)c2ccccc2n1S(=O)(=O)c1ccccc1[N+](=O)[O-],-7.3,3.4130398993636724,16_1993
O=Cc1oc2cc(OCC3CCC(NC[C@H]4[CH]C[C@H](CO)C4)C3)cc-2cc1-c1ccccc1,-6.5,3.1777383911024923,16_1994
O=[N+]([O-])c1ccc(Sc2ncccc2C=Nc2ccccc2)cc1,-7.2,3.572005344810886,16_1995
O=C(Nc1ccc(C2=NCCN2)cc1)c1ccc2c(c1)C(=O)c1ccccc1C2=O,-8.0,3.627665212571462,16_1996
COc1ccccc1Oc1ncccc1C(=NC[CH]Cc1ccc(F)cc1)c1ccccc1F,-6.8,3.380850939748971,16_1997
Cc1cccc(NC(=O)CCSc2nc(=O)c3ccccc3[nH]2)c1,-7.0,3.6739663286756703,16_1998
O=C(c1ccc(N2CC(F)(F)C2)c(OCC2CC2)n1)N1CC(O)C1,-6.0,3.4326026807854166,16_1999
