smiles,docking,drug_likeliness,names
O=C(/C=C/c1cccc(C(F)(F)F)c1)c1cccc(S(=O)(=O)N2CCOCC2)c1,-7.5,3.6302968749082787,17_0
Cc1ccc(CNC(=O)c2ccc(CS(=O)(=O)c3ccccc3C)o2)cc1,-7.2,3.774168084679366,17_1
Cc1cccc2nc(C(=O)N[C@H]3CCC(c4ccno4)C3)cn12,-6.7,3.755231829897464,17_2
Cc1nc2cc(C(=O)NCc3ccc(C(F)(F)F)cc3)ncc2nc1CC(C)C,-6.4,3.8021554540339455,17_3
COC=C1CC(=Nc2nc(-c3ccc(NC(=O)c4ccc(F)cc4)cc3)c3ccccc3n2)C=C1OC,-7.3,3.518503548844407,17_4
COC1=COC(S(=O)(=O)NC(Cc2ccccc2)C(=O)NC(C=O)CCCN=C(N)N)=C(C)C=C1OC,-6.5,1.7293471429902638,17_5
O=C(Nc1cccc(F)c1)c1ccc(Nc2nc(Nc3ccc(F)cc3)nc(Nc3ccccc3F)n2)cc1,-7.7,3.2009574475610325,17_6
CC(=O)N(c1ccc(-c2ccco2)cc1)C(c1ccccc1)c1cnc(N2CCC(CO)CC2)nc1C,-7.2,3.5958795171363764,17_7
CC(C)(C)[S+]([O-])c1ccc(-c2cc3cc(/C=C/C(=O)O)cc(O)c3o2)cc1,-6.8,3.6223260188609445,17_8
CC1CCN(S(=O)(=O)NC2CC3CCC2C3)CC1,-5.3,3.199886031268809,17_9
CC(=O)C=CCC(=O)NC(c1cccc([N+](=O)[O-])c1)c1c(O)c2cc(F)ccc2oc1=O,-7.5,3.311705652490298,17_10
CNC1C=C(c2ccc(Nc3ncc4cc(C(=O)N(C)C)n(C5CCCC5)c4n3)nc2)CC1,-7.2,3.6028451316861205,17_11
Cc1ccc(N2CCN(S(=O)(=O)c3ccc4c(c3)n(C)c(=O)n4C)CC2)cc1,-6.9,3.6884891207873767,17_12
Cc1ccc(CNC(=O)c2cc3ccccc3c(=O)o2)c(Br)c1,-7.5,3.755504122595164,17_13
COc1nc2c(cc1CNC(=O)c1cccc(N)c1)C(=O)N(C1CCCC1)C2,-7.4,3.5947934603623146,17_14
CCCCC(=O)O[C@H]1C=C2C(=O)OC[C@]23C=CC2=C(C(C)=C3C1)[C@H](c1ccoc1)OC1=C2C=CC(C)(C)O1,-6.9,2.1629269999422363,17_15
Cc1ccc(Nc2ncnc3cc(OCCCN4CCOCC4)c(C=O)cc23)cc1Cl,-7.1,3.5736664597834746,17_17
O=C(/C=C/c1ccc(Cl)c(Cl)c1)NCCNC(=O)/C=C/c1ccc(Cl)cc1Cl,-6.3,3.5251397128158244,17_18
COc1ccc(C(=O)c2c(N)sc3c2CCN(Cc2ccccc2)C3)cc1,-7.4,3.7168413184588625,17_19
O=C(Nc1nc2ccccc2[nH]1)c1ccccc1Nc1ccc2c(C=Cc3ccccn3)[nH]nc2c1,-9.2,3.314108997726654,17_20
NC(=O)c1ccc(S(=O)(=O)N2CCN(c3cccc4ccccc34)CC2)cc1[N+](=O)[O-],-7.6,3.5676459977234622,17_21
CCCC(=O)N1CCCCC1c1cc(C(=O)Nc2cccc3ccccc23)no1,-7.0,3.7580665447153803,17_22
O=C(CCOc1ccccc1)N1CCCC(n2cccn2)C1,-6.3,3.7063670419881634,17_23
O=c1[nH]c2ccc(Br)cc2cc1-c1ccccc1,-6.7,3.4781481242266095,17_24
O=C1c2ccccc2C(=O)c2c1nnn2-c1ccc(-c2ccccc2)cc1,-7.8,3.6357887761503567,17_25
O=C(Cn1ncccc1=O)Nc1nc2ccc(Br)cc2s1,-6.3,3.6851895426313277,17_26
O=C(CN1CCN(c2ccnc3cc(Cl)ccc23)CC1)Nc1ccc(F)cc1F,-7.2,3.782824649365886,17_27
OC[C@H]1O[C@@H](C2=C3C=CC=C(c4cccc(-c5ccccc5)c4)C=C3C=CO2)[C@H](O)[C@@H](O)[C@@H]1O,-7.7,2.3608278569365773,17_28
O=C(N/N=C/c1cc(C(F)(F)F)ccc1Oc1ccc(Cl)cc1Cl)c1ccncc1,-7.3,3.607723737120324,17_29
Oc1ccc(-c2cc(-c3cccc(Cl)c3)nc3c2Cc2ccccc2C3)cc1,-8.3,3.4151183872971815,17_30
O=C(Nc1nccs1)c1cc(S(=O)(=O)N2CCCCCC2)ccc1F,-7.1,2.7887737165796427,17_31
CC(C)(C)c1cc(NC(=O)NC2=CC=C(c3cn4c(n3)Sc3cc(OC(F)(F)F)ccc3C4)OC=C2)no1,-4.2,2.4262824777346825,17_32
O=C(CSc1nnc(-c2ccc(Cl)cc2)o1)Nc1ccccc1C(=O)N1CCOCC1,-6.3,3.6527706902227406,17_33
O=c1c2ccccc2nc(-c2cccc(C(F)(F)F)c2)n1[C@@H]1C[C@H]1c1ccccc1,-8.9,3.550010375696589,17_34
Cc1cc2c(ncn2-c2ccccc2)c(Nc2ccn(C)n2)n1,-7.6,3.686486334615992,17_35
Nc1nccc(-c2cccc(NC(=O)c3cccc(Cl)c3Cl)c2)n1,-7.2,3.7341045256333194,17_36
O=C(Nc1ccc(NC(=O)c2ccc(O)cc2O)cc1)c1cc(O)c(O)c(O)c1,-7.1,3.354201481355244,17_37
CCOC(=O)c1c(-c2ccc(-c3ccccc3)cc2)nc2sc(-c3ccc(N(C)C)cc3)nn12,-6.9,3.3995134191304937,17_38
Cc1cccc(Nc2nc(-c3ccccc3)c3cc(I)ccc3n2)c1,-7.4,3.5437706549228034,17_39
CCC1=Nc2ccccc2C(=Nc2cccc(C(F)(F)F)c2)N=CCC1CC=O,-7.5,1.4582083897625338,17_40
O=C(NCC(=O)N1CCCc2ccccc21)c1ccc(F)cc1,-6.9,3.6981229502127033,17_41
Cc1ccc(NC(=O)C(Cc2ccc(Cl)cc2)NC(=O)c2ccccc2-c2ccccc2)cc1Cl,-8.6,3.4352950001692393,17_42
O=CN1ON=C(c2ccc(F)cc2)CC1c1ccc(N2Cc3ccccc3C2=O)cc1,-8.0,3.5772331036747156,17_43
Cc1ccc([C@@H]2CC=C(C(=O)O)[C@H](c3ccc(F)cc3)N2S(C)(=O)=O)cc1,-6.9,3.7601735573499244,17_44
N=CC=CC(=N)C(=O)N1CCN(S(=O)(=O)c2ccc(F)cc2)CC1,-7.3,3.5102791915080847,17_45
COc1cccc(Oc2ccc(Cc3cn([C@@H]4O[C@H](CO)[C@@H](O)[C@H](O)[C@H]4O)nn3)cc2)c1,-6.4,3.2737214211420493,17_46
O=C(Cn1cnc(S(=O)(=O)N2CCCC2)c1)Nc1ccccc1F,-6.1,3.702404207326075,17_47
CC(=O)Oc1ccc2cc(-c3cc(OC(C)=O)c4ccccc4n3)c(=O)oc2c1,-7.3,3.4484556391096275,17_48
O=c1nc(N=C(CCc2ccc(F)cc2)c2ccc(Cl)cc2)c2cc(Cl)ccc2[nH]1,-7.6,3.5831501555189194,17_49
Cn1cc(N(CCCl)CCCl)c2c(=O)[nH]c(Nc3ccc(F)c(Cl)c3)nc21,-6.1,3.6331097034330524,17_50
Oc1ccc(-c2cccc(Oc3cccc(O)c3)c2)cc1,-7.0,3.6381121369780303,17_51
CC1=NC(=NC23CC4CC(CC(C4)C2)C3)C=C1C=C(C=CC(F)(F)F)c1ccccc1,-7.9,2.973433896140887,17_52
O=C(Nc1cccc(-c2ccnc3cc(-c4ccccc4)nn23)c1)c1cccc(F)c1,-8.7,3.5921690942087308,17_53
O=c1oc2ccccc2c2nc3c(ccc4ccccc43)c(-c3ccc(Br)s3)c12,-7.6,3.2061213700703473,17_54
CCC(CCCc1nccn1C)CNC(=O)c1ccc(Cl)c(S(=O)(=O)N2CCCC2)c1,-6.2,3.636304298911325,17_55
Cc1ccc2cc(C(=O)N[C@H]3CC(=O)N(c4ccccc4)C3)cc(O)c2c1,-7.1,3.68716565983478,17_56
O=C(C[SH]1Cc2ccccc2C(=O)N1c1ccccc1)NN=C1CCCC1,-6.8,3.5367962146613436,17_57
NC(Cc1c[nH]c2c(O)cccc12)C(=O)Nc1cccc(-c2ccccc2)c1,-7.8,3.4740738642402085,17_58
O=C(/C=C/c1ccc(-c2cc3ccccc3oc2=O)cc1)NS(=O)(=O)c1cccs1,-6.8,3.6074612634146694,17_59
O=C(NCC1CCN(C2Cc3ccccc3C2)CC1)c1ccc2ccccc2c1,-8.2,3.4959878750293436,17_60
COc1cccc2cc(C(=O)CN3C(=O)c4ccccc4C3=O)c(=O)oc12,-7.0,3.5087918466291095,17_61
CN1C(=CC(C)(C)C)C(c2ccccc2)=C(C=NO)c2ccccc21,-5.7,3.451694909603176,17_62
O=c1c2c(oc(O)c1C(c1cccc(NS(=O)(=O)c3cccc(F)c3)c1)C1CC1)CCCCCC2,-7.5,1.7139008714297668,17_63
CSc1ccccc1C(=O)Nc1nccn1Cc1ccc(F)cc1,-7.0,3.7405212567260255,17_64
Brc1cc2cc3c(nc2o1)-c1ccccc1C3n1ccnc1,-7.1,3.5807299229108223,17_65
O=C(O)C[C@@H]1CCc2cc(-c3ccc4c(ccc5ccccc54)c3)ccc21,-7.7,3.339470730135102,17_66
N#Cc1ccc(-c2ccc3c(c2)Cc2cnc(N)nc2-3)cc1,-7.8,3.6775810586450923,17_67
O=C(CCCn1c(=O)[nH]c2ccccc2c1=O)NCc1cnnn1Cc1ccccc1,-6.7,3.5278854273356934,17_68
O=c1c2c(nc3n1CCC3)CCC1=Cc3ccc(O)cc3CC[C@H]12,-7.9,2.4711249827336896,17_69
CCN(C=NC(=NC1CCC(C(=O)Nc2ccccc2-c2ccc(OC)cc2)CC1)Nc1ccccc1)CC,-7.4,3.3772382275711084,17_70
CC(C)(C)CN(C(=O)c1cccc(F)c1)c1nc2ccccc2s1,-6.7,3.6596701914477037,17_71
Nc1c(C(=O)C(=O)O)cccc1-c1ccc(F)cc1,-6.4,3.46997022482348,17_72
O=C(Cc1ccc(F)cc1)NC(=O)Nc1ccc2c(c1)OCCO2,-7.2,3.7330042635645624,17_73
Fc1cc2oc(-c3ccc(N4C[C@H]5CNCC[C@H]5C4)cc3)nc2cc1Cl,-6.8,3.6400109259101656,17_74
N=C1N[C@@](c2cc(NC(=O)c3ccc(Cl)cn3)ccc2F)(C(F)F)[C@H]2C[C@H]2O1,-7.9,3.5571326319550156,17_75
Cc1ccc(C(=O)/C=C/c2ccc(Br)s2)cc1,-5.7,3.4093194708075316,17_76
O=C(Nc1cccc(C(F)(F)F)n1)Nc1ccnc2c(F)cc(F)cc12,-8.1,3.5838045314388474,17_77
N=C(NCCCN)c1ccccc1NC(=O)CCCN1C=NC1=Cc1c(C2=CC=CCC=C2)oc2cc(O)c(C(=O)O)cc12,-6.8,1.830618888807611,17_78
CCOC(=O)C=C(c1ccccc1Oc1ccccc1)n1ccccc1=[N+]C/C=C/c1ccccc1,-6.5,3.3679922446869224,17_79
Cc1c(S(=O)(=O)Nc2ccc3c(ccn3C)c2)sc2cccc(C(F)(F)F)c12,-6.6,3.6762378701599,17_80
CC=C1C=CC(S(=O)(=O)c2nc(-c3ccccc3F)oc2SCC(=O)Nc2nccs2)=C1,-8.2,3.5257988736284203,17_81
Cc1ccc(-n2cc(CNc3nc(=O)c4ccccc4[nH]3)nn2)cc1,-7.4,3.6805122725050223,17_82
CNC=C(F)c1c(C(F)F)cc(N2CCN(c3cccc(C(F)(F)F)c3)CC2)nc1F,-6.7,3.5656250679647794,17_83
O=C(NCc1nnc2ncc(-c3cccs3)nn12)c1cccc(Nc2cccc(C(F)(F)F)c2)c1,-7.8,3.3872365732208483,17_84
O=C(Cc1c[nH]cn1)NC(C(=O)Nc1cccc(C(=O)c2ccc3c(c2)OCO3)c1F)c1ccccc1,-8.8,3.4035620322099063,17_85
COc1cccc(/C=C2/SC(N3CCc4ccccc4C3)=NC2=O)c1OC,-6.9,3.584449524686252,17_86
CC1=CCC23C(=O)OCC2CC=C[N+](CC[O-])=c2ccccc2=C13,-7.2,1.0214702153675654,17_87
Oc1ccc2[nH]c(-c3nc4ccccc4[nH]3)nc2c1,-7.4,3.4713378854160664,17_88
CN(Cc1ccccc1)C(=O)c1ccc(OC(=O)c2cccc3c2[nH]c2ccccc23)cc1,-8.0,3.395104714027619,17_89
NS(=O)(=O)c1ccc(NC(=O)c2ccccc2NC(=O)c2ccc(Br)cc2)cc1,-7.8,3.632527339453736,17_90
CC1=C/C(=C\C=C2\Sc3ccccc3N2C)c2cccc(F)c21,-6.9,3.3126531314145797,17_91
CC=CCCCSC(=NC1=CC(CC(=O)Nc2c3ccccc3nc3ccccc23)C1c1ccccc1)C(=O)c1ccccc1-c1ccccc1,-7.2,2.5346542090051707,17_92
COC=C1C=C(Cc2nnc(N)c3ccc(-c4ccc[nH]4)cc23)C=C1OC,-7.0,3.685093186947121,17_93
CC=C1C=CC(C=NNC(=O)C=C2C=CC(C(=O)N3CCc4ccccc4C3)=C2)=C1,-7.4,3.2907374204996396,17_94
C=CC(=CC=COC)CCC(=N)N(N)c1nc(Nc2cc(C)[nH]n2)c2ccccc2n1,-6.7,2.998217922464628,17_95
CN1CCN(c2ccc(Nc3cccc4ccccc34)cc2F)CC1,-6.8,3.666603548283292,17_96
O=C1C(c2ccccc2)=C(c2ccccc2)C(=O)c2ccccc21,-6.5,3.4958922988796246,17_97
COc1cccc(-c2cc(C(=O)Nc3cc4ccc5c(c4oc3=O)NC(=O)C(c3ccccc3)O5)ccc2OC)c1,-8.0,3.2736506133678156,17_98
COc1ccc(C(=O)Nc2ccccc2-c2nnc(-c3ccccc3[N+](=O)[O-])o2)cc1,-8.1,3.4971119481122717,17_99
CC(C)(C)OC(=O)NCC(=O)NCCSc1ccccc1,-5.3,3.5538776077418497,17_100
Cc1c(-c2cccc(C(F)(F)F)c2)c(=O)c(C(=O)NCc2cccc(F)c2F)cn1C(CO)c1ccccc1,-8.0,3.482864825310465,17_101
CC(C)N(Cc1cccc(OCCCCCC(=O)O)c1)C(=O)c1ccc(C2=C=c3ccccc3=NCC=C2)cc1,-6.1,1.5756305965283337,17_102
COC1=CC=C(CN(NC(=O)c2cccc([N+](=O)[O-])c2)C(=O)Nc2ccc(C)cc2C)C1,-7.8,3.5938483816670583,17_103
C=C1C([C@H](C)N2CC[C@](CC(C)(C)O)(c3ccccc3)OC2=O)=CC=CC12C=CC=CC2,-6.4,3.3730917229042934,17_104
Cn1cccc1C(=O)ON=C(N)c1ccc(Cc2ccc(NC(=O)CCCCC(O)=NO)cc2)cc1,-6.1,2.9149069279437536,17_105
COc1cccc(NC(=O)CC(=NOCc2cccc(OC(F)F)c2)c2ccccc2F)c1,-7.1,3.560766950416479,17_106
COCc1ccccc1CC(=NNC(=O)c1ccccc1)c1ccc2c3c(cccc13)CC2,-7.4,3.469393734449104,17_107
O=C1CCC[C@@H]2Cc3nc4ccccc4c(-c4ccccc4)c3CC12,-8.1,3.383376052352747,17_108
Cc1ccc(C(=O)Nc2cccc(C(F)(F)F)c2)cc1Nc1nc2ccccc2n1-c1cc(NCCCN2CCOCC2)ncn1,-7.5,2.999458241776528,17_109
COc1cccc(-c2nnc(N3CCN(c4ccccc4)CC3)o2)c1,-7.1,3.758526713042427,17_110
O=C1c2ccccc2C(=O)N1CCCN1CCN(c2ccc(Sc3ccc(F)cc3)cc2)CC1,-6.7,3.506309997083137,17_111
CC(C)CC(=O)NCC[C@@H]1[CH]C1,-3.9,0.8824768413570574,17_112
Cc1cc(NS(=O)(=O)C=C2C=CC(=Nc3c4ccccc4nc4c(C(=O)N5CCN(CCO)CC5)ccc(Cl)c34)C2)no1,-8.3,3.1674923895615734,17_113
Cc1cc(Cn2cc(C(=O)N[C@H]3CCCC[C@@H]3O)c3ncccc32)ccc1-c1cn(C)[nH]1,-7.5,3.6026090243292495,17_114
O=C(NCc1cccc(Cl)c1)c1cnon1,-5.5,3.6099835375036813,17_115
O=S(=O)(O)c1ccc2c(c1)C(O)(c1ccc(-c3ccccc3OC(F)(F)F)cc1)c1ccccc1-2,-7.8,3.535785353438218,17_116
O=CNC(=O)C=Cc1cnn2c(NC3CC3)cc(Nc3ccc(F)c(Cl)c3)nc12,-6.8,3.453258255316317,17_117
COC=C1C=CC(OC=C2C=CC(NC(=O)c3nc4ccccc4n(-c4ccc(C(C)C)cc4)c3=O)=C2)=C1,-7.4,3.4752982260939564,17_118
Cn1cc(-c2cccc(N3CCc4sc(C(=O)N5CCC(O)CC5)cc4C3=O)c2)cn1,-7.8,3.6488841867078055,17_119
C=C(C=CC=CCC(C=CC=COC)C=Nc1nc(C)nc(N/N=C\c2cccc(-c3ccccc3)c2)n1)OC,-6.3,3.055928515885668,17_120
O=C(NC[C@@H]1CN(C(=O)c2ccnc3ccccc23)CC[C@H]1c1ccc(F)cc1)c1ccccc1F,-8.6,3.6229127497932474,17_121
Cc1ccc2cnccc2c1-c1ccc(N(Cc2cnsc2)C(=O)c2ccc(O)cc2O)cc1,-7.4,3.487649997358638,17_122
N#Cc1cc(-c2nc3ccc(F)cc3s2)ccc1N,-6.7,3.6286283809100093,17_123
O=C(NCc1ccccc1)C1Cc2c(-c3ccc(F)cc3)ccc(Cl)c2-c2ncccc21,-8.2,3.547172231175502,17_124
CN1CCN(c2ccc(-c3ccc(N4C(=O)c5ccccc5C4=O)c(F)c3)cn2)CC1,-7.6,3.5789208106313213,17_125
O=S1(=O)C=C(Sc2nnc(C3=CC=CCC3)o2)c2ccccc21,-7.0,3.634046688469616,17_126
O=C(N[C@H]1CC[C@@H](CCN2CCN(c3nccc4c3CCO4)CC2)CC1)c1ccc(C(F)(F)F)cc1,-7.5,3.4806813551637292,17_127
COc1ccc(Cn2ncc3c(Nc4ccc5c(c4)OCCO5)ncnc32)cc1,-6.8,3.6504565730673275,17_128
Cc1ccc(S(=O)(=O)N2CCc3ccccc3C2C(=O)NCC2CCCO2)cc1,-7.1,3.710751845800517,17_129
COc1cccc(-c2ccc3ncc4c(c3n2)n([C@H]2CC[C@H](O)CC2)c(=O)n4C)c1,-7.3,3.665859902006962,17_130
O=C(Nc1cccc(Oc2ccc(C(=O)N3CCOCC3)cc2)c1)c1ccc2c(c1)OCCO2,-7.3,3.6611239230758814,17_131
CN(C[C@H]1N[C@@H](CO)[C@@H]1c1ccc(-c2ccco2)cc1)C(=O)c1cccc2ccccc12,-7.7,3.638296645702437,17_132
COc1cc(C)ccc1S(=O)(=O)Nc1cccc(-c2ccc(-c3nc4c(C)cccc4[nH]3)cc2)c1,-8.2,3.469163211352459,17_133
COc1ccc(CNC(=O)c2cnc3ccc(-c4cnn(C)c4)cn23)c(OC)c1,-6.7,3.6808313400221695,17_134
O=C1N=C2C=CC(c3cncc(OCCc4ccc5ccccc5c4)c3OCCl)C2N1,-5.9,3.605026772031376,17_135
C=CCN1CCCN(C[C@H]2CN(C(=O)C3CCCC3)C[C@H]2c2cccc(-n3cccn3)c2)CCc2cc([N+](=O)[O-])ccc2COC1=O,-8.4,0.9915975966995205,17_136
Cc1cc(COc2ccc(NC(=O)c3c(C)n(C4COC4)c4ccccc34)cc2)c2ccccc2n1,-7.5,3.49094571784671,17_137
Cc1c(O)c2c(c(C)c1COC(=O)CBr)C(=O)c1c(O)cccc1C2=O,-6.6,3.618213787444078,17_138
COc1cc(OC)cc(C2NC(=O)C(=O)c3cc(-c4ccccc4F)ccc32)c1,-8.1,3.726457516433914,17_139
Nc1ccc(S(=O)(=O)c2ccc(S(N)(=O)=O)s2)cc1,-6.3,3.451994521984864,17_141
Cc1ccccc1C=CC=C([O-])N1CCC2(CC1)[S+]c1ccccc1N(c1ccccc1)C2=O,-8.1,3.3736031778189153,17_143
O=C(Nc1ccc2ccccc2c1)Nc1ncccc1O,-7.5,3.617237828199502,17_144
COc1ccccc1C1NC(=O)c2ccccc2-n2c(Sc3ccc(C(C)C)cn3)nnc21,-8.0,2.699523260774482,17_145
Cc1cc(C)c(S(=O)(=O)NCCc2ccc(NC3=NCCN3)cc2)c(C)c1,-6.9,3.651580784548786,17_146
O=C1N(c2ccc3c(c2)OCO3)c2ccccc2C12CCN(c1ncccc1C(F)(F)F)CC2,-8.6,3.463038709161151,17_147
COC(=O)c1c(-c2cc(OC)c(OC)c(OC)c2)c2cc(OC)c(OC)cc2c(=O)n1Cc1ccccc1,-6.3,3.3613419284941792,17_148
CC=NN=C(C(=N)c1ccc(F)cc1)c1ccc(N(Cc2ccccc2)C(=O)c2ccc(O)cc2O)cc1,-7.3,3.3001853360463285,17_149
CCCCCn1nc(C(=O)Nc2cc(C(F)(F)F)ccc2N2CCOCC2)c2ccccc2c1=O,-7.5,3.6441740778248493,17_150
Cc1ccc(C(=O)N=C(Cc2ccc(F)cc2)C(=O)O)cc1[N+](=Cc1ccccc1Cl)c1ccccc1,-7.0,3.3806486525910877,17_151
O=C(Nc1cccc(-c2cc(-c3ccccc3)n(-c3cccc(-c4nc5ccccc5[nH]4)c3)n2)c1)c1cccs1,-8.7,3.3215464511636483,17_152
Cc1cc(NC(=O)Nc2ccc(F)cc2F)c2ccccc2n1,-7.3,3.637066246434734,17_153
Nc1nc(=O)n(C2C=CC(CO)C2)cc1-c1cccc(NC(=O)c2ccc(-c3ccccc3)s2)c1F,-7.6,3.427187661002316,17_154
N=C(N)N1CCCC(NC(=O)CC2=NN(c3ccccc3Cl)C(c3ccc4c(c3)CCN4C(=O)c3cccc(OC(F)(F)F)c3)=CC2)CC1,-7.7,2.0161340288587697,17_155
O=C(Nc1cccc(SC(F)(F)F)c1)Nc1nc2ccc(OC(F)(F)F)cc2s1,-6.9,3.486165890596048,17_156
COc1cc(-c2nc3c(C(N)=O)cccc3[nH]2)cc2[nH]ccc12,-8.4,3.544426168074391,17_157
O=c1ccncn1Cc1[nH]c2ccc(F)cc2c1Cc1ccccc1Cc1ccc2ccccc2c1,-7.3,3.4120531012005393,17_158
S=C(Nc1ccccc1)Nc1ccccc1SSc1ccccc1NC(=S)Nc1ccc(Cl)c(Cl)c1,-6.5,3.100409433784421,17_159
O=c1[nH]c(O)c(-c2ccc(Oc3ccccc3-c3ccccc3)cc2)[nH]1,-7.6,3.597795531405865,17_160
Cc1ccc2c(n1)C=CC2(Cl)OC(C)C(=O)N=C(NCCN1CCOCC1)Nc1ccccc1C,-7.3,3.3976996774067283,17_161
O=C(CSc1n[nH]c(-c2ccccc2)n1)Nc1cccc(S(=O)(=O)N=C2CCCN2)c1,-6.6,3.4647924398058363,17_162
O=C(Nc1ccccc1)Nc1nc(-c2cccc(F)c2F)cs1,-7.4,3.7178186962547235,17_163
O=c1[nH]c2ccc(Cl)cc2cc1-c1csc(-c2ccc(OCc3ccccc3Br)cc2)n1,-7.9,3.482207851581128,17_164
Cc1ccc(NC(=O)c2ccc(N=C3NC4CS(=O)(=O)CC4S3)cc2)cc1,-7.2,3.6430598794886233,17_165
Cc1c([N+](=O)[O-])ccc2c1c(=O)[nH]c1ccc([N+](=O)[O-])cc12,-6.9,3.47506943281046,17_166
O=C(Cn1c(-c2cscn2)nc2ccccc21)Nc1ccc(Cl)cc1F,-7.8,3.713510063462325,17_167
Cc1cc(-c2nc3c(-c4ccccc4)nn(C)c3nc2N2CCCC2)ccc1-n1c(C)nc2cnccc21,-7.8,3.394410282836674,17_168
CC1CC(=O)c2cnc3ccc(-c4cc(F)c(O)c(Cl)c4)cc3c2Nc2cccc(CCN3CCCC3)c21,-8.8,1.5583434944695331,17_169
O=C(Cc1ccccc1)NCc1ccc(-c2nc(C(=O)N3CCCCC3)co2)cc1,-6.8,3.770901727368712,17_170
COc1ccc(OC)c(-c2ccc(C(=O)NCC(=O)Nc3cccc(F)c3)o2)c1,-6.6,3.7348078198456243,17_171
CNC(=O)c1cccnc1NCC(c1cccc(-c2ccc(F)cc2F)n1)c1cc2ccccc2o1,-8.4,3.4698570997465152,17_172
O=C(N[C@H]1CC[C@H](CCN2CCN(c3ccccc3Cl)CC2)CC1)c1cccc(C(F)(F)F)c1F,-7.1,3.4625444166296147,17_173
c1ccc(NCc2ccncc2)cc1,-5.1,3.4548221395702616,17_174
O=C(C[C@@H]1C[C@H]2c3cc(NC(=O)C4CCC4)ccc3O[C@H]2[C@H](CO)O1)NCc1ccc(-c2ccccc2Cl)cc1,-8.0,3.2652965073118354,17_175
O=C(Nc1cccc(CN2CCCN(Cc3ccc(O)cc3)CC2)c1)c1ccc(-c2nccs2)cc1,-6.8,2.591852542658086,17_176
O=C(Nc1ccc(-c2cccc(-c3noc(-c4ccc(Cl)cc4Cl)n3)c2)cc1)c1cccs1,-7.1,3.5065781062101453,17_177
Cc1nn(-c2ccccc2)c(C)c1C(=O)N1CCN(c2ccc(N3C[C@H](Cn4ccnn4)OC3=O)cc2F)CC1,-7.2,3.3524652668202704,17_178
Cc1ccc(S(=O)(=O)NC(=O)O[C@@H](C)[CH]c2cccs2)cc1,-6.3,3.796201897789179,17_179
Cc1nc(-c2cccc(C3(C)C=CC=CCNC(=O)C4C=CC=CN(CCN(C)C4)Cc4cccc3c4)c2N)no1,-8.6,1.8268328042662318,17_180
Cc1noc([C@H]2C[C@H]3CCN(C(=O)c4ccc(Cl)cc4F)[C@@H]3C2)n1,-6.3,3.6120524300781662,17_181
O=C1O[C@@H](Cn2cccn2)CN1c1ccc(N2CCN(c3ccccn3)CC2)c(F)c1,-7.2,3.6022770591076947,17_182
O=c1cc(-c2ccc(-c3cccc4c3Oc3ccccc3S4)cc2)sc(N2CCOCC2)c1,-7.8,3.4341033545396855,17_183
Nc1nc(=O)c2c([nH]1)c1ccc([N+](=O)[O-])cc1c[n+]2Cc1ccc(Cc2ccccc2)cc1,-7.4,3.248326325759885,17_184
O=c1cc(-c2cccc(F)c2)oc2ccc(Br)cc12,-6.5,3.5438868383214706,17_186
O=C(NC1COC1)c1cc(NC(=O)c2cc(-c3ncccc3F)ccc2Cl)n(-c2ccccc2)n1,-7.9,3.6017179740722143,17_188
COc1cccc(NC(=O)c2ccccc2NC(=O)c2cccc([N+](=O)[O-])c2)c1,-7.9,3.614506547356651,17_189
COc1ccc(C(CCO)c2oc(C=COC=N)cc2-c2ccc(F)cc2)cc1,-6.3,3.477714189743325,17_190
O=C(Cn1cc(-c2ccc(-c3ccccc3)cc2)nn1)Nc1cccc(-c2cnc3ccccc3n2)c1,-8.3,3.4095385871069452,17_191
Cc1ccc(C(=O)Nc2ccc(CN3CCN(C)CC3)c(C(F)(F)F)c2)cc1Nc1nc2ccccc2n1-c1cc(N)ncn1,-7.7,3.1294286583173667,17_192
O=C(Nc1ccncc1)c1cccc2ccccc12,-5.8,3.595129835484453,17_193
O=C1C(=O)N(CN2CCN(c3ccc(Cl)cc3)CC2)c2ccccc21,-7.1,3.603742969351619,17_194
O=C(c1ccccc1Nc1nnc(-c2ccc(F)cc2)s1)N1CCN(c2nc3ccccc3s2)CC1,-7.8,3.444469328214259,17_195
Cc1ccc(-c2cc(=O)n(Cc3nc4ccccc4n3CC(=O)O)c3ccccc23)cc1,-8.2,3.5951604451614627,17_196
O=C(O)c1ccc(N=Nc2ccc(NN=CC(=Cc3ccc([N+](=O)[O-])cc3)S(=O)(=O)O)cc2)cc1,-5.9,2.862583849371465,17_198
O=C(O)c1cn(C2CC2)c2cc(N3CCN(c4nnc(-c5ccccc5)c(-c5ccccc5)n4)CC3)c(F)cc2c1=O,-8.3,3.30129483290526,17_199
CCN(C(=O)c1ccc(-c2cccc3c2CN(C2CCC(=O)NC2=O)C3=O)cc1)c1ccccc1OC,-7.5,3.5615212264437,17_200
CC[C@H](Nc1nnnn1-c1ccccc1)c1nc(-c2ccccc2)c[nH]1,-7.3,3.6850998368744774,17_201
COC1=CC=C(C[CH]N2C(=O)/C=C/C[C@@H]([C@H](C)[C@H]3O[C@@H]3c3ccccc3)OC(=O)C(CC(C)C)OC(=O)CCNC2=O)C1,-7.0,1.5574955995256774,17_202
Cc1ccc(/C=C2\CN(C(=O)c3ccccc3O)C3=C2C(=O)c2ccccc23)cc1,-8.6,3.579030831003049,17_203
NC1CN(c2ccc(C(F)(F)F)cc2[N+](=O)[O-])CCN1C(=O)CCC(=O)c1ccc(F)cc1,-8.1,3.3893564005503247,17_204
NS(=O)(=O)c1ccc2c(c1)CC(c1nc3cc(-c4ccccc4Cl)ccc3[nH]1)C2,-7.9,3.653740626958497,17_205
O=C1Nc2ccc(Br)cc2C1=Cc1ccc2ccc3cccc4ccc1c2c34,-8.7,3.1017930587391334,17_206
O=C(Nc1cccc(-c2cccc(-c3nc4cc(F)ccc4[nH]3)c2)c1)c1ccccc1,-8.3,3.4293586076098226,17_207
O=C(CSc1ccccc1)Nc1nnc(-c2ccc3c(c2)OCCO3)o1,-7.3,3.689585099893833,17_208
Cc1nc2ncccn2c1-c1ccnc(Nc2cccc(C(F)(F)F)c2)n1,-7.0,3.689987870016026,17_209
O=CC1=C(N2CCc3cc(S(=O)(=O)N4CCOCC4)ccc32)C(=O)c2ccccc21,-7.1,3.4661006361985125,17_210
O=C1CC=NC(C=C2C(F)=CC=C2C(=O)N=CC2=C(c3ccncc3)C3=CCC=C(C=C2)c2cccc4c2OC3C4)N1,-8.6,1.0614064899781566,17_211
O=C([CH]C1c2ccccc2C(=O)N2CCc3c([nH]c4ccccc34)[C@H]12)NC1CCN(c2ccc([N+](=O)[O-])cc2)CC1,-7.7,3.2101308074510486,17_212
Nc1ccccc1Nc1c2ccccc2nc2ccccc12,-7.9,3.4581664450501606,17_213
O=C(c1ccccc1)N1CCc2sc3c(-c4ccc(F)cc4)nc(C4=CCOCC4)nc3c2C1,-8.0,3.51770688792523,17_214
O=C(c1cccc(C(F)(F)F)c1Cl)N1CCn2c(-c3ccccc3F)cnc2C1,-7.1,3.596387151213716,17_215
CN(C)c1ccc(C(O)Cn2c3c(c4ccccc42)CCNCC3)cc1,-7.4,2.726620281846022,17_216
CNc1ccc(-c2nc3cc(C(=O)Nc4cccc(-c5csc(C)n5)c4)ccc3o2)cc1,-7.9,3.4832632708006557,17_217
O=C(CCc1ccc2ccccc2c1)Nc1cccc(CNC(=O)c2sc3ccccc3c2OCc2ccccc2)c1,-7.5,3.196084030408131,17_218
CS(=O)(=O)c1cccc(-c2cccc(-c3cc4cc(C(=N)NC5CC5)ccc4o3)c2)c1,-8.3,3.536167618583177,17_219
CC1=NC(NS(=O)(=O)C=CCC(C=CC=N)=NC(=O)c2cc3ccncc3o2)CC=C1,-6.7,3.5267363022495593,17_220
Cc1cccc(Oc2nc3ccccc3n3c(=O)n(CC(=O)Nc4cccc(C)c4C)nc23)c1,-8.4,3.5477669634555133,17_221
COC(=O)[C]1OC2[C]3[C@H]1C(OC(=O)/C=C(\C)C(F)(F)F)C(=O)O[C@@H]3CC1=C(C)C(OC(=O)Cc3ccccc3)C(=O)C[C@]1(C)[C@H]2[C@@H](O)[CH]O,-7.0,1.5907399784860727,17_222
O=C(O)c1ccc(Cl)c(NC(=O)c2ccccc2-c2ccc(C(F)(F)F)cc2)c1,-7.8,3.6394343057538308,17_223
COc1ccccc1N(CC(=O)NC(C)c1ccccc1)S(=O)(=O)c1ccccc1,-6.3,3.7515571463523294,17_224
O=c1c2ccccc2n(Cc2ccccc2Cl)c2ccc(C(F)(F)F)cc12,-7.0,3.414083129208859,17_225
O=C(CCCc1ccccc1)NN1c2ccc(Cl)cc2N=C(c2ccc(F)cc2)c2ccccc21,-7.8,2.547703021021843,17_226
O=C(c1ccc2c(c1)c1cc(Cl)ccc1c(=O)n2Cc1ccccc1)N1CCN(c2ccccc2F)CC1,-8.1,3.369222186217165,17_227
OCCC1CCCC[C@H]1c1ccc(N=C2N=CC(=Cc3c(O)[nH]c4ccccc34)C=N2)cc1,-7.8,3.4771241999764664,17_228
C[C@@H]1CN(C(=O)c2ccccc2)CCN1C(=O)C(=O)c1ccc(-c2ccco2)cc1,-7.0,3.6435579657632005,17_229
O=C(COc1ccccc1-c1nc(-c2cccc(Oc3ccccc3)c2)no1)Nc1ccc(Br)cc1,-7.1,3.316160779877001,17_230
O=C(c1cn(-c2ccccc2)nc1-c1cccs1)N1CCN(c2ccc(F)cc2)CC1,-7.4,3.6351830041938076,17_231
O=C(C#Cc1cccc(-c2nc(N3CCOCC3)c3ccccc3n2)c1)Nc1ccccc1F,-7.7,3.6212372786935463,17_232
C[C@H](NC(c1ccc(Cl)cc1)C1CCCC1)c1nccs1,-6.1,3.653373034911175,17_233
CC=CC(=O)N(F)c1ccccc1OC(F)F,-5.2,3.3516432665126654,17_234
CCC1N=C(C)C2SC(C(=O)N[CH][C@H](C[C@H]3CCCN3C)Oc3ccccc3-c3ccccc3NS(C)(=O)=O)=C12,-6.8,3.2598322236332686,17_235
Nc1nc(-c2ccccc2)c(-c2ccc(F)cc2)c2c1C(=O)c1ccccc1C2=O,-7.5,3.654920025281668,17_236
COc1cc(/C=C/C(=O)c2ccccc2F)ccc1OCc1cn(CCN2C(=O)C(=O)c3cc(Cl)ccc32)nn1,-5.8,3.1963798570531052,17_237
O=C(CN1C(=O)NC(c2ccccc2)(c2ccccc2)C1=O)NCc1ccco1,-6.9,3.679558110827805,17_238
O=C(CCN1CCN(c2ccc(Cl)c(Cl)c2)CC1)Oc1ccccc1,-6.1,3.630976291363324,17_239
O=C(NCC1(CO)CC1)c1nc(-c2cc(C(F)(F)F)ccc2F)cn1C1CC1,-7.1,3.5981634776286286,17_240
CC=Cc1cc(O)ccc1-c1cc2ccc(C3C=C(C)C=CC3)c(F)c2[nH]1,-7.5,3.4096197737736866,17_241
Cn1ccc2c1C(=O)c1cccnc1C2=O,-5.7,3.469150581464044,17_242
O=C(/C=C/c1ccc(Cl)cc1)Nc1ccc(S(=O)(=O)Nc2ccc(Nc3ccnc(N4CCNCC4)n3)cc2)cc1,-7.7,3.1385079932309097,17_243
CNc1nc(=O)c(C(=O)Nc2ccc(-c3ccccc3-c3nn[nH]n3)cc2)c[nH]1,-8.1,3.371723902955911,17_244
COc1ccc(Cn2c(=O)c3sccc3n3c(CCCC(=O)NCc4ccccc4)nnc23)cc1,-6.5,3.4436120852137964,17_245
O=C(Nc1ccc(Br)cc1)Nc1cccc(-c2nc(-c3ccc(NC(=O)c4cccnc4)cc3Cl)no2)c1,-6.6,3.2531453549650946,17_246
Cc1ccccc1-n1cc(-c2ccccc2NS(=O)(=O)c2cccc(C#N)c2)nn1,-7.8,3.693273011810419,17_247
COc1cccc(C(=O)Nc2ccc(-c3ccc(-c4nc5ccccc5n4C)cc3)cc2)c1,-6.3,3.513765072114394,17_248
COC=C1C=NC(=NC2(N3CCOCC3)CC2)N=C(N2CCc3ccccc32)C=CC1,-8.0,1.110210656190672,17_249
O=C(CC(c1ccccc1)c1ccccc1)Nc1cccc(-c2cccc(N3CCCC3)n2)c1,-7.6,3.4960322284399914,17_250
O=C(N[C@H]1CC[C@@H](O)CC1)c1ccc([N+](=O)[O-])o1,-5.8,3.3628884646301036,17_251
O=C(NCc1cn(-c2ccc(F)cc2F)nn1)c1ccc(-c2ccccc2F)cc1,-7.7,3.71645831507323,17_252
O=C(Nc1cccc(S(=O)(=O)N=C2CCCN2)c1)c1nc(-c2ccccc2)oc1Cl,-7.6,3.6988885955609447,17_253
CSc1ncc(C=C(c2ccon2)c2ccc(C(=O)NS(=O)(=O)c3cccs3)cc2[NH])nc1C(F)(F)F,-7.0,3.280099209090486,17_254
COc1ccc(CNCc2ccc(-c3cccc(-c4nc5cc(C(F)(F)F)ccc5[nH]4)c3)cc2)c(Cl)c1,-6.6,3.3561744016789534,17_255
Nc1cccc(-c2nc3ncccc3o2)c1,-6.3,3.5609371532765506,17_256
O=C(Nc1nc(-c2ccc(-n3ccnc3)cc2)cs1)c1ccc(Nc2ccncn2)cc1,-6.5,3.480867227571127,17_257
CCOC=CC=C(C)Cc1cc([C@@H]2O[C@H](CO)[C@@H](O)[C@H](O)[C@H]2O)cc2c1CCC2C,-6.2,3.224123127160655,17_258
C=CC(=CC=CN1CCCN(CC(C)(C)C)C(C)C1)N1C=NC(=NCCc2ccccc2F)c2cc(F)ccc2N1,-6.3,2.412556772312584,17_259
O=C(Nc1ccccn1)c1c(O)c2cccc3c2n(c1=O)CC3,-7.2,3.675964902145264,17_260
O=c1ccc(-c2ccc(-c3ccc4oc(=O)ccc4c3)cc2)c(O)[nH]1,-8.0,3.625943630864898,17_261
O=C(Nc1cccc(-c2cccc(C(F)(F)F)c2)c1)N1CCC(n2c(=O)[nH]c3ccccc32)CC1,-8.8,3.5665083196209237,17_262
Cc1ccc(S(=O)(=O)Nc2ccc(C(=O)NCC(c3ccccc3)n3ccnc3)cc2)cc1,-7.2,3.6317003362767046,17_263
N=C(N)c1ccc(-c2cccc(-c3nc4cc(C(=N)N)ccc4[nH]3)c2)cc1,-8.3,3.2805368207962786,17_264
N#Cc1ccc(-c2ccc(C[C@@H](C#N)NC(=O)c3cc(Cl)cc(Cl)c3)cc2)cc1,-6.2,3.7168923082474468,17_265
O=C(c1cc2cc(Br)ccc2oc1=O)N1CCN(c2ccccc2)CC1,-7.5,3.6509467681148866,17_266
COc1ccc(-c2noc(-c3ccccc3C(=O)N3CCN(c4ccc(F)cc4)CC3)n2)cc1OC,-7.7,3.5858184377419207,17_267
O=C(COc1ccccc1)Nc1ccc(CC(=O)OCC(=O)Nc2ccc(Cl)cc2C(=O)O)cc1,-6.4,3.4294906353876424,17_268
O=C1CCCN(C(=O)c2ccc3ccccc3c2)[CH]c2cc(-c3nnc(-c4cccc(-c5nc6cc(Cl)ccc6n5Cc5ccccc5)c4)o3)ccc2N1,-8.3,0.8712468926575889,17_269
O=C(Nc1cccc(C(=O)N2CCOCC2)c1)Nc1ccc(Oc2ccncc2-c2cccnc2)c(F)c1,-8.2,3.5425042804306175,17_270
C=CCc1ccc(Oc2ccc(/C=C3\SC(=S)N(c4ccc(OCCCN5CCOCC5)cc4)C3=O)cc2)cc1OC,-6.1,2.948320144593541,17_271
Cn1c(=O)c(-c2c(Cl)cccc2Cl)cc2cnc(Nc3ccc(C(C)(C)C)cc3)nc21,-7.5,3.634540525144317,17_272
CCCC(=O)O[C@H]1[C@H](C)O[C@@H](Oc2c(-c3ccc(O)cc3)oc3cc(O)cc(O)c3c2=O)CO[C@@H]1O,-7.7,2.245117813996558,17_273
O=S(=O)(NCCCn1ccnc1)c1ccc(-c2ccc(F)cc2)cc1F,-7.0,3.714460618480061,17_274
O=C(Nc1ccc(OC(F)(F)F)cc1)c1cnc(N2CC(O)C2S)c(C2=NC=CC2)c1,-7.2,3.4430437123023614,17_275
COc1cc2c(c(OC)c1OC)-c1ccc(OC)c(=O)cc1[C@H](NC(=O)/C=C(\CCCOC(C)=O)c1ccccc1)CC2,-6.1,2.2533671621052616,17_276
O=C(Nc1ccc(Cl)s1)N1CCc2ncnc(Nc3cccc(Br)c3)c2C1,-7.2,3.687624612610027,17_277
CN(Cc1ccc(-c2cccc(C#N)c2)cc1-c1cc(F)ccc1C(=O)O)c1ccccc1,-7.8,3.5569436698666266,17_278
Nc1oc2cc3c(cc2c1CO)C(=O)c1ccccc1C3=O,-7.2,3.6365902916107786,17_279
O=C1Nc2ccccc2C12OCC(c1c(F)cccc1Cl)OC2=O,-7.6,3.5328856632680847,17_280
CC(c1cccc(-c2ccc(C(F)(F)F)cc2)c1)c1cc(Cn2c3ccccc3c(=O)c3ccccc32)ccn1,-8.4,3.1739372702525896,17_281
COc1ccc2c(C=CC(=O)c3cc(OC)c(OC)c(OC)c3)c(C)n(C)c2c1,-6.0,3.6029422106327216,17_282
Cc1nc2cc(F)ccc2n1-c1cccc(-c2ccc3ccccc3c2)c1,-8.0,3.2651241020475292,17_283
O=C(Nc1ccc(S(=O)(=O)Nc2ccc(Cl)cc2)cc1)c1ccccn1,-7.2,3.7601204548714446,17_284
CC(C)(C)c1ccc(CCNC(=O)C(=O)Nc2ccc3c(c2)OCO3)cc1,-7.5,3.702844144129809,17_285
CC(N)CCc1cn(C)c2ccc(S(=O)(=O)c3cccc(F)c3)cc12,-7.1,3.814361358398361,17_286
COCC1(c2nc(-c3ccc4cc(O)n(Cc5cccc(F)c5)c4c3)cs2)CCOCC1,-7.2,3.6583739773745405,17_287
CNC(=O)C1Cc2ccc(NS(=O)(=O)O)cc2CN1C(=O)CCc1ccccc1N(C)C,-7.1,3.5131765563319846,17_289
CC(C)(C)S(=O)(=O)Nc1ccc(-c2c(C(N)=O)c3cc(F)c(OC(F)F)cc3n2Cc2ccccc2)cc1Cl,-7.3,3.4532426804222585,17_290
C[CH]O[C@@H]1O[C@H](c2cccs2)OC1C(=O)O[CH]C1=C(C)CC(=O)C(C(C)=O)[C@@]1(C)O/C=C/C=CC(O)=[N+](C)[O-],-6.4,2.790486517378993,17_291
CCCCN(CCCC)CCCOc1ccc(-c2nc3ccccc3n2-c2ccc(CC(O)=NO)cc2)cc1,-5.8,2.871127808674738,17_292
Cc1c(N(Cc2ccc(OC(F)(F)F)cc2)S(=O)(=O)c2ccc3c(c2)OCCCO3)sc2ccccc12,-7.9,2.518095588907288,17_293
O=C1c2ccccc2C2(c3ccccc3)SCCN12,-5.7,3.3783324304990483,17_294
Cc1cc(N2CCN(C(=O)c3cc4ccccc4o3)CC2)c2ccccc2n1,-8.1,3.6123718229696378,17_295
O=C(NCc1cccc(-c2ccc(CN3CCC(N4CCCC4)CC3)cc2)c1)c1ccc(O)cc1O,-7.2,3.474838029490069,17_296
O=C(CCc1ccsc1)N1CCN(c2ccccc2)C(=O)C1,-5.9,3.687821479634688,17_297
O=C(Nc1ccc(-c2ccccc2)cc1)NS(=O)(=O)N=CC1=CC(=CC=Cc2c[nH]c3ccccc3c2=O)C=C1,-8.1,3.3396564938371784,17_298
O=c1ccc2ccc(Oc3ccc(C(=S)N4CCOCC4)s3)cc2o1,-6.7,3.615209585545762,17_299
COc1ccc([C@H]2[C@H]3c4c(c5ccccc5[nH]c4=O)OC(C)(C)[C@H]3[C@@H]2C2CCCC2)cc1F,-6.8,3.4120717774003024,17_300
O=C1OC(=O)c2cc([N+](=O)[O-])cc3cccc1c23,-6.1,3.298084659740669,17_301
COC1=CC=C(N2Cc3ccccc3C(C(=O)Nc3cccc(C(F)(F)F)c3)=N2)OC=C1,-7.7,2.7018472550393344,17_302
O=C(Nc1cccc(F)c1)Nc1cccc(-c2nc3ccccc3o2)c1,-8.0,3.6482074119228374,17_303
CC1=C=CCN(C(=O)NCCc2ccccc2)C1,-5.9,3.3620246904659608,17_304
O=C(c1cc(COc2ccc(F)cc2Cl)on1)N1CCc2ccccc2C1,-6.7,3.729877722515905,17_305
O=C1/C(=C/c2cccc(C(F)(F)F)c2)c2ccccc2N1c1ccncc1,-6.9,3.507998140556193,17_306
O=c1c2c3c(sc2ncn1Cc1ccccc1F)CCCC3,-7.4,3.6600775405086554,17_307
O=CN[C@H](CN1CCN(c2ccccc2)CC1)[C@H](Nc1ccccc1)c1cccc(O)c1,-6.8,3.5413422570201663,17_308
COc1cc(Cl)cc(-c2nnc3n2CCN(C(=O)c2cccc(-c4ccco4)c2)[C@@H]3C)c1,-7.6,3.6550577925897856,17_309
Nc1ccc(-c2cccc(OCC(O)CN3CCc4ccccc4C3)c2)cc1,-6.9,3.6415844444711736,17_310
O=C(Cc1ccc(Cl)cc1)NC(c1ccccc1)c1cc2ccccc2c2ccccc12,-8.4,3.183276349894743,17_311
Cc1c(CCC(=O)O)ccc(OCc2ccc3ccc(Cl)cc3n2)c1C,-7.4,3.741235463212668,17_312
C[C@@H](CO)Nc1cnccc1-c1cnc(Nc2ccc(N3CCNC(C)(C)C3)cn2)nc1,-6.2,3.412222699697284,17_313
Cc1cccc2[nH]c(-c3cccc(-c4cccc(NS(=O)(=O)c5cn(C)cn5)c4)c3)nc12,-7.8,3.557103659736307,17_314
O=C(NC(=S)N1C=Cc2ccc(OC(F)F)cc2O1)c1ccccc1,-6.7,3.7099504967916483,17_315
COc1ccc(S(=O)(=O)n2cc(C3=CCNCC3)c3ccc(C)cc32)cc1,-7.3,3.785005326233189,17_316
CC1c2ccccc2Cc2c(C3=CC=COC3)cc(-c3cccc(Cl)c3)nc21,-7.5,3.3318902683029195,17_317
Cc1ccc(S(=O)(=O)N2CCC(C(=O)Nc3cccc(C(=O)N4CCOCC4)c3)CC2)cc1C,-8.0,3.638554524513763,17_318
O=C(NC1CNC(COc2cccnc2)C1)c1ccc2cc(Oc3ccc(C(F)(F)F)cn3)ccc2n1,-7.3,3.5325561268107624,17_319
Cc1[nH]ncc1C(=O)NCC1CCN(Cc2ccccc2C#N)CC1,-6.4,3.755161175114118,17_320
COC(=O)c1ccccc1NC(=O)Nc1ccc(-c2ccncc2C(N)=O)cc1,-6.7,3.584136705811571,17_321
CCc1cc(O)ccc1-c1cccc(-c2nc(-c3ccc(C(F)(F)F)nc3)c(-c3ccncc3)[nH]2)c1,-8.3,3.4462611031327093,17_322
O=C(O)c1ccccc1C(=O)Nc1cccc(-c2cnc3ccccc3n2)c1,-7.7,3.677836897406679,17_323
Cc1ccc2nc(NC(=O)CN3C=C(c4ccc(Cl)c(Cl)c4)NN3)sc2c1,-7.3,3.6524123617734885,17_324
O=C(CN1CCN(CCO)CC1)N1CCC[C@@H](c2ccc(F)c(F)c2)C1,-6.4,3.543870053115768,17_325
Cc1cc(N2C(=O)c3nn(C)c(C)c3[C@@H]2c2cccc(O)c2)cn(C)c1=O,-7.5,3.7164663832082105,17_326
COc1c(N2CCN(C/C(C)=C/c3ccc(F)cc3)CC2)c(F)cc2c(=O)c(C(=O)O)cn(C3CC3)c12,-7.6,3.5967756260115396,17_328
O=C(CN1CCN(c2ccccc2)CC1)Nc1cccc2c1C(=O)c1ccccc1C2=O,-8.2,3.6673254309907115,17_329
O=C1c2ccccc2-c2c1c1ccccc1c(=O)n2Cc1ccco1,-7.1,3.612971404913151,17_330
O=C(Nc1ccccc1-c1nnc(N2CCN(c3cc4c(cc3F)c(=O)c(C(=O)O)cn4C3CC3)CC2)o1)c1ccccc1,-7.5,3.1567798680687122,17_331
N=C(N)NN=Cc1cc(Br)ccc1NC(=O)c1cc2ccccc2oc1=O,-7.7,3.2423187086890812,17_332
Cc1cc(N=c2nc(NC3CC3)n3ncc(=Cc4[nH]c(=O)[nH]c4O)c3n2)ccc1F,-7.5,3.305305974211244,17_333
C=CC=CC=CCC[C@@H](/C=C/S(=O)(=O)c1ccccc1)NC(=O)C(Cc1ccc(OC(C)=O)cc1)NC(=O)NC1=CC=COC1,-6.5,3.02378497722586,17_334
O=S(=O)(C=C1C=CC(=Nc2nc3ccccc3nc2Nc2cccc(-c3ccccc3Cl)c2O)C1)N1CCCCC1,-8.1,3.265373614616909,17_335
O=C(Cn1c2ccccc2c2ccccc21)N[C@@H]1CCN(Cc2ccc(Cl)cc2)C1,-6.9,3.6354933931243307,17_336
O=C(Nc1cccc(Nc2nccc(-c3ccc(N4CCS(=O)(=O)CC4)cc3)n2)c1)Nc1cccc(C(F)(F)F)c1,-7.1,3.354402586286372,17_337
O=C(Nc1ccc(O)c(Cl)c1)c1cc(-c2ccccc2C(F)(F)F)[nH]n1,-7.2,3.5453515193120433,17_338
O=C(NC1CCCC1)c1ccccc1Nc1ccc2c(C=Cc3ccccn3)[nH]nc2c1,-7.3,3.5304154736533873,17_339
O=S(=O)(C1=CC=CC1)c1cnc(N2CCOCC2)c2ccc3ccccc3c12,-6.7,3.590700411074915,17_340
O=C(Cc1ccccc1)Nc1ccccc1Oc1ncc2ccccc2c1-c1ccccc1,-7.9,3.359530624225218,17_341
N[C@H](COc1nc(-c2ccncc2)nc2sc3c(c12)CCCC3)Cc1ccccc1F,-8.3,3.6774619158308157,17_342
O=C1CSc2ccc(C(=O)NCc3ccco3)cc2N1,-6.2,3.7027609369355385,17_343
O=c1ccc(-c2ccccc2[N+](=O)[O-])nn1-c1c(Cl)cccc1Cl,-6.8,3.628325204322581,17_344
Cc1ccccc1Nc1nccc(-c2c(C3C=CC=CC3)nn3ncccc23)n1,-8.1,3.69693398164251,17_345
COc1ccc2nc(Nc3nc(=O)c4ccc(Cl)cc4[nH]3)nc(C)c2c1,-7.2,3.656496441968515,17_346
O=C(c1ccc(Oc2ncccc2-c2cccc3cnccc23)cc1)c1nc2ccccc2[nH]1,-8.6,3.488026312626607,17_347
Cc1ccc2c(c1)[C@H](c1ccccc1)C(NC(=O)c1c(F)cccc1F)C(=O)N2,-7.6,3.6651684377604132,17_348
Cc1cn([C@H]2C[C@H](O)[C@@H](CNC(=O)Nc3ccc(-c4ccc(F)cc4)cc3)O2)c(=O)[nH]c1=O,-7.5,3.501052254670335,17_349
O=C1c2ccccc2C(=O)N1CC1c2ccccc2CCN1C(=O)Cc1cccnc1,-7.8,3.5931613057643044,17_350
O=Cc1c(-c2cccc(-c3cccc(Oc4ccccc4)c3)c2)oc2ccccc12,-8.1,3.3091783061937425,17_351
CN=C1N=CC1=CC1C=C(Cl)C(S(=O)(=O)[C@@H]2CC(C(=O)NC3(C#N)CC3)N(C(=O)C3(c4ncc(Br)cc4F)CC3)C2)=C1,-6.7,3.0726707780189555,17_352
Fc1cccc(-c2ccc3c(-c4ccccc4F)c(-c4ccncc4)oc3c2)c1,-6.9,3.333946836426306,17_353
COc1ccc(Cl)c(NC(=O)Nc2cccc(-c3ncnc4[nH]cc(-c5ccccc5)c34)c2)c1,-7.7,3.314606927311937,17_354
Cc1c(C(C)c2c(F)cccc2F)[nH]c(NC2CCCCC2)nc1=O,-7.0,3.7371161656548706,17_355
O=C(O)c1ccc2nc(-c3ccccc3)c(N3CCN(c4ccccc4)CC3)nc2c1,-8.3,3.70082228806195,17_356
O=C(Nc1ccc2c(C(F)(F)F)cccc2c1)c1cc(F)ccc1O,-7.1,3.583615444486237,17_357
Nc1ccc(-c2nc(-c3ccc(F)cc3)c(-c3ccccc3)[nH]2)cc1,-7.8,3.5394408774535346,17_358
CC(C)n1ncc2c(C(=O)Nc3cccc(F)c3)cc(-c3cccs3)nc21,-7.6,3.703284350843531,17_359
O=C(Nc1cccc(-c2ccnc3cc(-c4ccccc4)nn23)c1)c1cc2ccccc2o1,-7.8,3.558049398988771,17_360
Cc1ccc2c(=O)c(C(=O)Nc3ccc4c(c3)OCO4)c[nH]c2n1,-7.4,3.679939219752235,17_361
Nc1ncc(-c2cc(N3CC[C@@H](F)C3)nc(-c3cccc(C(F)F)n3)n2)cc1OC(F)F,-8.6,3.6044055164537583,17_362
Cc1ccc(-c2nc3ccc(C(=O)NCC(=O)O)cc3o2)cc1C(=O)Nc1ccc(-c2nc3ccccc3[nH]2)cc1,-5.5,3.1883774488136534,17_363
C=Cc1c(-c2nc(C(=O)Nc3ccc(C)cc3)nn2C2=CC=COC2)cc(OC)c(OC)c1OC,-6.7,3.5928308108147697,17_364
COC1=CC2(Oc3ccc4c(C(=O)Nc5cccc(Cl)c5)cccc4c3C)C=CN=CC=C1OC2,-8.1,1.2970610874678874,17_365
CCN(CC)Cc1nc2cc(Cl)ccc2n1-c1ccccc1O,-5.7,3.7746998044646185,17_366
FC=C1C=CC(c2cn(C=C3C=CC(CNCC4Nc5ccccc5-c5ccccc54)=C3)nn2)=C1,-8.4,3.434455586209472,17_367
O=C(Nc1ccc(C(=O)N2CC3(CCCCC3)C2)cc1)N1Cc2ccccc2C1,-7.4,3.4527297771066374,17_368
C=C1C=CC=C(OC)N1C(=O)c1cccc(-n2c(O)c3c(c2O)C2C=CC3C3CC23)c1,-7.9,3.3484756601865193,17_369
CN1[CH]CC[C@H](Nc2cc(-c3cccc(NCc4ccc(F)c(F)c4)n3)c(Cl)cn2)CC1,-7.7,2.708942819108657,17_370
c1ccc2c(c1)Cc1cccc3[nH]nc-2c13,-6.75,3.280222293037698,17_371
O=C(O)c1ccccc1Nc1ccc(Oc2ccnc3[nH]ccc23)cc1,-7.5,3.6226548630878592,17_372
Oc1c(C(c2ccccc2)N2CCC(CCc3ccccc3)CC2)ccc2cccnc12,-7.4,3.510990950236809,17_374
COc1ccc2nccc(N/N=C/c3ccc(C(C)(C)C)cc3)c2n1,-6.5,3.687853583195543,17_375
COC=C1C=CC(Cc2cc(=O)n(CC(=O)Nc3ccccc3NC(=O)c3ccccc3)[nH]2)=C1,-6.6,3.532945178441886,17_376
O=C(NCCCn1ccnc1)c1cncc(Br)c1,-5.2,3.6872631316592193,17_377
CC[C@@]1(O)C(=O)OCc2c1c1c3n(c2=O)CC=C2C=C(C)N4C([N-])=CC=CC4=C2C(=O)C13,-7.2,1.374137624384531,17_378
CCCCCCCCCCCCNCC(=S)Nc1ccccc1-c1ccccc1,-4.4,3.145826934210435,17_379
CNC(=O)NC1=NC2C(=N1)C=CC2c1cnc(Cl)c(NC(=O)c2ccc(Cl)cc2)c1C,-7.2,3.477741371190915,17_380
O=C(c1cc2n(n1)C(C(F)(F)F)CC(c1ccccc1)N2)N(C(=O)c1cccs1)c1ccccc1,-7.9,3.570006174015589,17_381
CC1=c2ccc(CCNc3cc(Cl)c(S(C)(=O)=O)cc3C(=O)NC(C)C)cc2=C(O)C1,-7.6,3.6066993227831805,17_382
O=CC=C1O[C@@H](OCc2ccc(OCc3ccccc3)cc2)C(c2ccc(O)c(O)c2)CC2(Oc3cc1ccc3O)O[C@H](CO)[C@@H](O)[C@H](O)[C@H]2O,-7.9,0.485052082871233,17_383
O=C(Nc1cccc(Cl)c1)Nc1cccc(-c2nc(-c3ccc(NC(=O)c4cccnc4)cc3Cl)no2)c1,-6.8,3.274312172242356,17_384
Oc1c2c(c(O)n1-c1ccc(Nc3nc(-c4ccccc4)nc4ccccc34)cc1)CC=CC2,-8.5,3.348701137389387,17_385
O=C(CCc1ccc(O)cc1)c1c(O)cc(O)c(-c2cc(-c3ccccc3O)nc3ccccc23)c1O,-8.0,3.0688671263460137,17_386
O=C(Nc1cccc(S(=O)(=O)N2CCCCC2)c1)c1ccc(F)cc1,-7.1,3.779710619373459,17_387
COC1(C23c4ccccc4C(=O)N2CCN3C(=O)c2ccc(F)c(F)c2C)C=CC=COC1,-7.6,2.5496558562308067,17_388
O=c1oc2ccc(Cl)cc2c(=O)n1-c1ccccc1F,-6.4,3.6461237001424873,17_389
O=C(CCCn1c2ccccc2c2nc3ccccc3n21)NC(=O)Nc1nn(Cc2ccccc2)cc1-c1ccccc1,-8.7,3.2832843593521748,17_390
Cc1ccc(N2C=C(CN3CN(Cc4ccccc4F)C(c4cccs4)=N3)ON=N2)cc1,-7.9,3.5301262788329564,17_391
O=S(=O)(c1ccc(-c2cnc(C3CC3)o2)cc1)N1CCc2ccccc21,-7.1,3.6496865109781798,17_392
CC(CC=Cn1c(COc2ccccc2)nc2ccccc2c1=O)=Nc1c2ccccc2nc2ccccc12,-8.6,3.213834518360187,17_393
COc1cc(CN2CCN(C(=O)c3cccc(NC(=O)c4cccc(Cl)c4)c3)CC2)ccc1O,-6.8,3.7029499867262046,17_394
Cc1ccc(C2NC(=O)C3C4c5ccccc5C(c5ccccc54)C23)cc1,-8.5,3.1188586420747217,17_395
CCOc1ccccc1Nc1nc(-c2cccnc2)cs1,-6.0,3.747590986803009,17_396
CC(=O)N1N=C(c2ccco2)CC1C1=CC=C(OC2=S(C)C(c3cccc(Nc4nccc(C(F)(F)F)n4)c3)=CN2)C1,-8.3,3.2121895879044473,17_397
N#CC12CCC1CN1CCC1(c1ncc(Cl)cc1F)C(=O)N1C[C@H](S(=O)(=O)c3ccccc3Cl)CC1C(=O)N2,-7.3,1.118373696575122,17_398
CCOC(=O)C(=Nn1cnnc1)c1ccc(OCc2ccccc2)cc1,-6.9,3.5888527302162494,17_399
Cc1ccc(C(=O)Nc2nonc2NC(=O)C2CCCCC2C(=O)O)cc1,-7.8,3.566667411094158,17_400
N=CC(c1ccccc1)C(C=NC(=NC=O)c1ccncc1)c1cc2ccccc2c2ccccc12,-8.4,3.1216775690823177,17_401
Cc1ccc(NC(=O)Nc2ccc3c(c2)C(C)(C)C(=O)N3C2CCC2)cc1,-7.0,3.557065428805064,17_402
[CH][C@@H](C)Cc1cc2c(c(OC)c1-c1c([CH]OC(=O)/C(C)=C\C)cc3c(c1OC)COCO3)OCO2,-6.3,3.3880687031693766,17_403
O=C(Nc1ncc(Cc2ccccc2)s1)c1cc(-c2ccco2)nc2ccccc12,-8.2,3.57160313776145,17_404
O=C(Nc1c(C(=O)Nc2cccc(C(F)(F)F)c2)n(-c2ccccc2)c2ccc(I)cc12)c1ccccc1,-7.7,3.183719682996325,17_405
NC(=O)c1ccccc1NC(=O)c1ccc(-c2cccc([N+](=O)[O-])c2)o1,-7.3,3.5990749481578743,17_406
O=C(Nc1ccc(Oc2ccnc3[nH]ccc23)c(F)c1)c1cccc(-c2ccccc2)n1,-8.0,3.547807796547799,17_407
O=c1nc(N2CCOCC2)oc2cc(OCc3cccc(Cl)c3)ccc12,-7.3,3.737420705493922,17_408
O=C(c1ccccc1)N1CCN(C(=O)c2ccc(Cl)cc2)CC1,-6.8,3.635795770209591,17_409
COc1ccc2c(C[S+]([O-])C3=CC=CC[C@@H]3C(F)(F)F)c[nH]c2c1,-6.4,3.6519544255150946,17_410
COc1ccc(CN2CCC(n3nccc3NC(=O)CCOc3ccccc3)CC2)cc1,-7.1,3.7004620779255815,17_411
CCn1cc(-c2cc(-c3cc4ccccc4oc3=O)c(C)nn2)c2cc(F)ccc21,-7.7,3.484112483775077,17_412
Fc1ccc(-c2nc3nc(N4CCOCC4)ccn3c2-c2cccc(C(F)(F)F)c2)cc1,-8.9,3.5682798290712747,17_413
CCC(O)(/C=C/c1ccc(C(CC)(CC)c2ccc(OCc3ccc(F)cc3)c(Cl)c2)cc1C)c1ccc(C(=O)NCCC(=O)O)cc1,-5.9,3.002185932451801,17_414
Cn1c(-c2ccc(O)cc2)nc2c3ccccc3ccc21,-7.5,3.5444607035975935,17_415
O=C1COc2ccc(CNc3ccc(-c4cc5ccccc5c5ccccc45)cc3)cc2N1,-8.5,3.357227818039859,17_416
O=C(O)C=C1C=C(C2=NN2c2cccc(-c3cccc(CN4CCC(O)CC4)c3)c2)C=N1,-7.6,3.461679575874589,17_417
NC(=O)N(c1ccccc1)c1ccccc1C=NN=Cc1cc2c(ccc3ccccc32)oc1=O,-8.4,3.250880848017564,17_418
ON=C(O)/C=C/c1ccc(CNCCc2c[nH]c3ccccc23)cc1,-5.0,3.147289887950529,17_419
COC=C1C=CC(=CC2=NC(=NN=C(c3ccccc3)c3cc4c(cc3[N+](=O)[O-])OCCC4=O)S2)C1,-9.0,3.0402402704272755,17_420
Cc1c(C(=O)NC(C=O)CCC(=O)O)cccc1-c1cccc(C(F)(F)F)c1,-6.6,3.6619601031892004,17_421
O=C(Nc1cccc(F)c1)N1CCC(c2nc(-c3ccccc3)c(-c3ccccc3)o2)CC1,-7.5,3.5894823455119056,17_422
C[C@]12CCC3c4ccc(C(=O)N5CCCC5)cc4CC[C@H]3[C@@H]1CC=C2c1ccccc1,-8.1,2.942846410394171,17_423
N=NN(C=Cc1cccc(-c2cccc(NS(=O)(=O)c3ccccc3Cl)c2)c1)Cc1ccc(Cl)cc1,-7.2,3.2609555455960173,17_424
O=C1NCN(c2ccccc2)C12CCN(C(c1ccc(Cl)cc1)c1cc3ccccc3s1)CC2,-8.5,3.488051535445126,17_425
Fc1ccccc1-c1nc2cc(-n3ccc4[nH]c(-c5cccc6ccccc56)nc43)ccc2[nH]1,-9.9,3.448150619706337,17_426
CN(C)c1ccc(-c2ccc(-c3ccccc3CC(=O)NCCN3CCOCC3)o2)cc1,-6.8,3.7156316170963475,17_427
O=C(c1ccc2c(c1)N(Cc1cccc(F)c1)C(=O)c1ccccc1[S+]2[O-])N1CCN(c2ccccn2)CC1,-9.0,2.469315245329108,17_428
O=C(NCc1ccccc1CN1CCCCC1)Nc1ccc(-c2cccc(C(=O)O)c2)cc1,-7.6,3.562293922104752,17_429
Oc1cc(Nc2ccccc2C(F)(F)F)c2nc(Cl)ccc2c1Nc1ccccc1,-8.0,3.426457108403331,17_430
Cn1c(=O)c2c(nc3n2CC(c2ccccc2)CS3)n(C)c1=O,-7.7,3.611753069294118,17_431
O=C(Nc1cnc2[nH]c(-c3ccc(Br)o3)nc2c1)c1ccc(-c2ccc(OCc3ccccc3)cc2)cc1,-1.8,3.2571738726762174,17_432
O=C(O)N=CNN=CCCCCC1=NN=CNC(=O)Cc2ccccc2COCS1,-7.1,0.9695736442235319,17_433
O=C(Nc1cccc(-c2ccc(CN3CCCC3)cc2)c1)c1cccc2ccccc12,-7.3,3.444226384638835,17_434
NC(=O)C1CCN(C(=O)c2cnc3ccc(-c4ccc5ccccc5c4)cn23)CC1,-8.4,3.712212474929048,17_435
O=C(Nc1ccc(Nc2nc(-c3ccccc3)nc3c2nnn3Cc2ccccc2)cc1)c1ccc([N+](=O)[O-])cc1,-6.8,3.0292311128844496,17_436
O=C(NC1=C(c2cn(-c3ccccc3)nc2-c2cc3ccccc3o2)c2ccccc2C1)Oc1ccccc1,-8.4,3.307666052832647,17_437
O=C(Nc1ccc(N2CCN(c3cccc(F)c3)CC2)c(Cl)c1)c1cccnc1,-6.8,3.770235393177061,17_438
CCOc1ccc(-c2cc(C)no2)cc1S(=O)(=O)N1CCc2ccccc21,-6.6,3.7254581849493134,17_439
Cc1c(C(=O)C2=CCC=COC2)cccc1-c1nc(=O)c2ccccc2[nH]1,-7.8,2.729682467359619,17_440
Cc1cc(-c2noc(C3CCN(S(=O)(=O)c4cccc5ccccc45)C3)n2)[nH]n1,-7.6,3.684148564035713,17_441
CCOC(OCC)c1cn([C@H]2C[C@H](O)[C@@H](CO)O2)c(=O)[nH]c1=O,-5.9,3.174378413879923,17_442
CN(C(=O)c1cc(-c2ccccc2)nn1C)c1ccc(NC(=O)c2cc(-c3cccc(Cl)c3)[nH]n2)cc1,-6.3,3.471784440140364,17_443
Nc1nc(-c2cccc(NC(=O)c3cccc(C(F)(F)F)c3)c2)c[nH]1,-7.9,3.651119198516713,17_444
O=C/C1=C/c2ccc(-c3ccc(Cl)c(Cl)c3)cc2[C@@]2(c3ccccc3)CC[C@@H]3c4ccc(O)cc4CC[C@H]3[C@@H]2CC1,-8.8,1.1170255364044976,17_445
O=c1oc2ccccc2cc1/C(CN1CCCCC1)=N\NC1=CC(=C[N+](=O)[O-])C=C1[N+](=O)[O-],-8.3,3.1719932449178856,17_446
O=C(NCc1ccccn1)c1cn2c(c(O)c1=O)C(=O)N[C@@H](Cc1ccccc1)CO2,-7.5,2.530032778008337,17_447
Cc1ccc2cc(C#N)c(N3CCN(c4ccccn4)CC3)nc2c1C,-7.1,3.7048443461996197,17_448
O=C(Nc1c(C(=O)c2ccccc2)ccc2nc(-c3ccccc3)c(-c3ccccc3)nc12)c1ccccc1-c1nc2ccccc2[nH]1,-8.2,3.0808517140444027,17_449
COc1cccc(CNC(=O)CN(c2ccccc2OC)S(=O)(=O)c2ccc(C)cc2)c1,-6.8,3.728114367405489,17_450
O=C(Nc1ccc(N2CCOCC2)c(F)c1)c1ccc(NC2=NCCN2)cc1,-7.2,3.584657284328654,17_451
O=C1N=C(Nc2nc(-c3ccccc3)cs2)S/C1=C\c1cccc(Cl)c1,-6.6,3.6932553906797043,17_452
C#Cc1cnc(N)nc1N1CCC(c2cccc(Cl)c2)CC1,-6.9,3.6974145212525658,17_453
Fc1ccc2c(c1)Sc1ccccc1N2CCN1CCCCC1,-6.9,3.457560886012244,17_454
O=C(O)C1CSC(c2ccc3cccc(O)c3n2)=N1,-6.9,3.647767297187986,17_456
COc1ccc(C(=O)CN2CC3CCC2c2cc(C(=O)c4ccccc4)ccc2C3)cc1,-7.0,2.4085322501722404,17_457
CCOc1cccc(CNC(=O)c2cc3ccccc3nc2N2CCCCC2)c1,-7.2,3.7495090498094785,17_458
O=C(NCc1ccc(S(=O)(=O)c2ccccc2)cc1)c1cccc2ccccc12,-7.5,3.6665645776852482,17_459
CC=Cc1c(CCl)cc(C(=O)N[C@H](C)c2ccc(CNC(=O)c3ccccc3F)cc2)n1CC,-6.3,3.534115535438006,17_460
CC(C)C(=O)/C=C/c1ccc(Cl)cc1,-4.7,3.1981317425176305,17_461
O=C1CC(c2ccccc2)Cc2nc3ccccc3cc21,-7.7,3.4473255747457836,17_462
O=C(Nc1cccc(-c2nc3ccccc3[nH]2)c1)c1ccc(Nc2nc3ccccc3n2Cc2ccc(F)cc2)cc1,-7.8,3.152859994802327,17_463
CC(=O)c1ccccc1OC=C(C(=O)O)C(=O)C=CC(F)=CN1CC(C(=O)O)[C@@H](O)C1,-6.2,2.9783876834702028,17_464
COc1cccc(CN(C(C)C(=O)Nc2cccc(C(F)(F)F)c2)S(C)(=O)=O)c1,-6.8,3.74635577585313,17_465
COc1ccc(C(=O)Nc2cccc(COc3ccc4c(c3)CCC4)c2)cc1,-7.4,3.6756020487035315,17_466
COc1ccc(CCNC(=O)c2ccc(-c3nc(CN4CCc5ccccc54)c(C)o3)cc2)cc1OC,-7.0,3.551990340005671,17_467
O=C1c2cccc3cccc(c23)C(=O)N1CCNCCc1ccc(F)cc1,-7.1,3.609439728227562,17_468
O=C(Nc1c2c(nn1-c1ccccc1)CS(=O)(=O)C2)c1ccccc1Br,-7.5,3.763294164358399,17_469
O=c1[nH]c(=O)c(N[C@@H]2O[CH]C[C@H]2Oc2ccc3ccccc3c2)c(-c2ccccc2)cc1Nc1cccc(C(F)(F)F)c1,-8.3,2.2550187429748396,17_470
COc1ccc(Br)cc1/C=N/NC(c1cc2ccccc2c2ccccc12)c1cc2ccccc2c2ccccc12,-10.0,2.9497136228078458,17_471
O=C(Nc1cccc([C@@H](O)CN2CCN(Cc3ccc(F)cc3)CC2)c1)c1ccc(F)cc1,-7.3,3.703417938974585,17_472
NC1(c2ccc(-c3nc4cc(F)ccn4c3-c3ccccc3)cc2)CCC1,-7.1,3.6053586559269597,17_473
O=C(NN=Cc1ccc(O)cc1O)c1ccncc1,-6.5,3.4664493637977136,17_474
N#CCCN1CCN(S(=O)(=O)c2cccc(C(=O)Nc3nc(-c4ccccc4)cs3)c2)CC1,-6.8,3.6754908017345143,17_475
O=C(NCC1CC1)c1cn(C(c2ccccc2)c2ccccc2)nn1,-6.8,3.778283806000347,17_476
Cc1nn(-c2ccccc2Cl)c(C)c1C(=O)NCc1cccnc1,-6.4,3.8161153861755017,17_477
Cc1nn(C)cc1-c1ncc(Nc2cnc(NC(=O)c3ccccc3)cn2)cc1-c1ccsc1,-7.2,3.4365354076603922,17_478
CC=C1C(C)=CC(c2cccc(-c3cc(Nc4cccc5ccccc45)nc(NC4CCC4)n3)c2)=C1C,-9.3,3.289109299874132,17_479
N#Cc1ccccc1COc1ccccc1-c1ccccc1OC(=O)Nc1ccccc1[N+](=O)[O-],-7.6,3.3578105207794717,17_480
Cc1ccc(NS(=O)(=O)c2ccc3c(c2)OCCCO3)cc1C(=O)NCc1ccc2c(c1)OCO2,-6.9,2.5713468797761507,17_481
Cc1c(-c2ccccc2)[nH]c(=O)n1C1CCN(Cc2ccc(-n3cccn3)cc2)CC1,-7.6,3.699498855332928,17_482
N#Cc1ccc(S(=O)(=O)NC[C@H]2CN(c3ccc(C4=CCC(C(=O)O)C4)cc3)C(=O)O2)cc1,-6.4,3.535036721460351,17_483
O=C(Nc1cc(Cl)cc(Cl)c1)Nc1cc(-c2ccccc2)nn1-c1ccc(Br)cc1,-7.5,3.552858324901998,17_484
CNC(=O)N(C)C(=C(c1ccc(Cl)cc1)c1ccccn1)c1ccccc1,-5.8,3.6098652700194034,17_485
O=C(COC(=O)CSc1ccc(Cl)cc1)NCCCc1ccccc1,-5.6,3.5803814076699636,17_486
Cc1cc(C)nc(Nc2cccc(-c3cccc(C(=O)O)c3)c2)n1,-7.7,3.742955525877023,17_487
Cc1nc2cc(NS(=O)(=O)c3ccc(-c4ccccc4)cc3)ccc2o1,-7.9,3.7162805412108617,17_488
CC(NC(=O)Cc1cc(F)cc(F)c1)C(=O)NC(Cc1ccccc1)C(=O)Nc1ccc2c(ccn2C)c1,-7.5,3.4783414909166797,17_489
O=C1N(Cc2ccccc2Cl)c2ccccc2C1(O)c1ccc2c(c1)OCO2,-7.2,3.6823996158686287,17_490
O=C(COc1ccc2ccccc2c1Br)NC(=S)NC1CCCCC1,-6.0,3.681965979737307,17_491
COc1cccc2c1Oc1ccc(cc1)C(c1ccccc1Cl)NCC2,-7.0,1.1714873117012372,17_492
C=CC(=O)N=CC1=C(C(F)(F)F)C(=CCCc2cc(=O)n(C3C=CC=C4C=CC(C(=N)N)=CC43)c(C)n2)CC=C1,-6.2,3.129941775347331,17_493
CCC1=CC(=NC(=O)CS(=O)(=O)c2cn(CC(=O)N3CCOCC3)c3ccccc23)C=C1C,-7.6,3.5910366280004213,17_494
CC1CCCN(c2ccccc2-c2ccc(-c3cnc(N)cn3)c(F)c2)CC1,-7.4,2.7730197292381167,17_495
CSc1ccccc1C(O)c1nc(F)nc(Nc2cccc([N+](=O)[O-])c2)n1,-7.4,3.414111073296959,17_496
O=c1[nH]c(-c2ccsc2)nc2ccccc12,-6.5,3.6138085742447776,17_497
COc1ccccc1NC(=O)c1ccc(-c2cc(-c3ccccc3)c3cc(F)cc(C)c3n2)cc1,-7.6,3.409342790516658,17_498
O=C(CCc1ccc(F)cc1F)N1Cc2ccccc2-n2nncc2C1,-7.1,2.764341797375007,17_499
CC(C)(C)n1cc2c(n1)C(=O)CC1(CCN(C(=O)C3=CC=CCC3)CC1)O2,-7.0,3.370460498612915,17_500
O=C(Nc1cccc(OC(F)(F)F)c1)Nc1cccc(-c2ccc(-c3nc4ccccc4[nH]3)cn2)c1,-7.4,3.2919571134185635,17_501
COc1ccc(OC)c(C2=NOC(C(=O)Nc3c(C)n(C)n(-c4ccccc4)c3=O)C2)c1,-7.0,3.674663339264688,17_502
O=C(NCc1ccccc1)c1cccc(NC(=O)c2cnc3ccccc3n2)c1,-7.6,3.681323764024878,17_503
O=C(Nc1nc2ccc(OC(F)(F)F)cc2s1)c1ccccc1CNc1ccccc1Cl,-7.9,3.569384756049695,17_504
COc1ccc(C(=O)Nc2cc3c(cc2Cl)OCCCO3)cc1,-6.7,2.8099956152686505,17_505
O=c1cc(-c2ccccc2)c2c(O)cc(O)cc2o1,-6.3,3.5835033313989735,17_506
Cc1cccc(C2C(C(=O)c3ccc4c(c3)CC(C)O4)C(=O)C(=O)N2CCCn2ccnc2)c1,-7.4,3.4067656276430993,17_507
O=C(N/N=C/c1cc(Cl)c2ncccc2c1)c1cc(-c2ccc(F)cc2F)ccc1O,-7.0,3.5511561979258492,17_509
Cc1ccc2c(c1)N(Cc1ccccc1C(=O)NCc1ccccc1F)C(=O)CS2,-7.2,3.7272186218984364,17_510
O=C(CCc1cccc2ccccc12)N1CCN(c2nc3ccccc3c3ccccc23)CC1,-7.8,3.3528901884757896,17_511
COc1ccc2c(N/N=C/c3ccc(F)cc3)ccnc2c1,-6.5,3.65382115754213,17_512
Cc1ccc(C(=O)Nc2nc3ccc(S(=O)(=O)N4CCCC4)cc3s2)cc1,-7.3,3.78154145381997,17_513
COc1c(NC(=O)C(=O)c2ccc(OCCN3CCOCC3)c3ccccc23)cc(C(C)(C)C)cc1NS(=O)(=O)c1ccccc1,-7.7,3.1607289712934232,17_514
O=C(Nc1cccc(CN2CCC(C(=O)NC3CCCCC3)CC2)c1)c1cc2ccccc2[nH]1,-7.3,3.482983823496263,17_515
O=C(Oc1ccccc1C(=O)NCc1cccnc1)c1cc(F)ccc1N=Cc1ccccc1O,-6.4,3.318911928508989,17_516
O=C(CSc1nc2cc(C(=O)NC3CC3)ccc2c(=O)n1Cc1ccco1)Nc1ccccc1Cl,-7.2,3.4322548809734656,17_518
Nc1ccccc1CC=Nc1cncc(N2C(=O)NCCCCN2C=CCC2CCCCC2)c1,-7.2,1.6057592542385057,17_519
O=C(Nc1nc(-c2ccc(-c3ccccc3Br)s2)cs1)Nc1ccccc1Cl,-7.0,3.5703303822081445,17_520
N#Cc1c(C(=O)N=C2C=CCCC2)cc(-c2ccc3c(c2)OCO3)c2ccccc12,-7.6,3.571519119836435,17_521
O=C(/C=C/c1ccc(Cl)c(Cl)c1)NCCCCCN1CCC(NC(=O)c2ccc(F)cc2F)CC1,-6.3,3.4375051502150695,17_522
COc1ccccc1-c1cc(C(=O)N/N=C/c2ccc3c(c2)OCO3)c2ccccc2n1,-7.6,3.574413735836972,17_523
CCc1nc(NC(=O)c2ccccc2)sc1-c1nnc(C2=C3C=CCCCC=C3CC2)s1,-8.4,1.7456894609811955,17_524
O=C(OCc1ccccc1)c1cc(-c2ccccc2)nc2c(-c3ccccc3)c(-c3ccccc3)nn12,-8.9,3.243437517656604,17_525
O=C(NC(=NC(=Nc1ccc(F)cc1)Nc1ccccc1)c1ccc(Cl)cc1)c1ccccc1,-7.7,3.4264026653046047,17_526
C[C@@H]1C(N[C@@H](C)CO)C(=O)c2ccccc2-c2ccccc2CO[C@H]1CN(C)Cc1cccc(C(F)(F)F)c1,-7.8,1.425442257635158,17_527
O=C(O)c1ccc2ccc(C(F)(F)F)cc2c1,-6.6,3.460212105712745,17_528
COC1=CC=C(CCC(=O)N=C(CCC(=O)OCc2ccccc2)C(=O)N[C@H]2CCOC[C@@H]2OC)C1OC,-6.0,3.1772100839285757,17_529
O=C(O)CCCc1nn[nH]n1,-4.3,2.013759131581849,17_530
CCOc1ccc2[nH]c(C(=O)N3CCCC(C(=O)c4ccccc4OC)C3)cc2c1,-7.0,3.713587991623013,17_531
Cc1cc(C(=NO)n2c(C)cc(=O)[nH]c2=O)ccc1OC1C=CC=CC1,-7.0,3.424169312879484,17_532
O=C(c1cn(-c2cccc(C(=O)N3CCCCC3)c2)nn1)c1cccc2ccccc12,-8.2,3.609123132493587,17_533
NC(=O)CC1=CC=NC(c2ccc(Oc3ccc(-c4nc5ccccc5n4Cc4ccccc4)cc3)cc2)=NC=C1,-7.6,1.4973790174208004,17_534
Cc1cc(-c2ccnc3ccccc23)ccc1N,-6.4,3.440688854486803,17_535
Cc1noc(C)c1[CH]C1C(=O)NC(=O)N[C@]1(C)c1cc(NS(=O)(=O)c2ccc3cc(Cl)ccc3c2)ccc1F,-8.4,3.3941469521921457,17_536
CC1CCC=CC1=NC(=O)c1cc(NCc2cccc3ccccc23)[nH]n1,-7.3,3.7044164372194555,17_537
Cc1cc(N2CCNC2=O)cc(-c2cccc(C(N)=O)c2)n1,-7.4,3.668268032556495,17_538
O=c1cc(Cl)ccc(Nc2ccc3ccccc3c2)ccc[nH]1,-7.5,1.4633982581606038,17_539
C=CC(=O)Nc1ccc(-n2c(=O)cnc3cnc(Nc4cccc(-n5cccn5)c4)nc32)cc1,-7.7,3.3621286564473305,17_540
Cc1ccccc1N1CCN(c2cccc(Cl)c2)CC1,-7.1,3.4483370964257896,17_541
O=C(Nc1ccc2[nH]c(C(=O)N3C[C@H](CCl)c4c3cc(O)c3ccccc43)cc2c1)c1cc2ccccc2[nH]1,-8.9,3.163164376242527,17_542
CC(C)Oc1ccc(-c2nc(-c3cccc4c3CC[C@H]4NC(=O)N3CNC[C@@H]3Cc3ccccc3)no2)cc1CO,-6.8,3.289613169025311,17_543
Cc1cc(-c2[nH]nc3cc(NC(=O)Nc4nc5ccccc5s4)ncc23)ccn1,-8.8,3.4534624171163184,17_544
Cc1ccc(-n2nc3c(=O)n(C(C)C(=O)NC4CCCCCCC4)nc(C)c3c2C)cc1,-7.5,1.8941509205040057,17_545
COc1ccc2c(c1)CCCN(CCC1CCN(C(=O)/C=C/c3cccc4ccccc34)CC1)CC2,-7.9,1.508486435741756,17_546
CN1CCN(c2ccnc3ccc(NC(=O)c4ccccc4NC(=O)c4ccc5ccccc5c4)cc23)CC1,-9.4,3.4392390015323566,17_547
N#Cc1cccc(C=NC2=N[C@@H](CCC(=O)NCc3ccc4c(c3)OCO4)CC2)c1,-6.4,3.623044593659058,17_548
Cc1ccc(C2=C(c3ccc(S(C)(=O)=O)cc3)OC(C)(C)C2=O)cc1,-7.2,3.7265726982375997,17_549
O=C(Nc1cccc(-n2cc(-c3ccncc3)c(-c3ccc(Cl)c(O)c3)n2)c1)c1cccc(C(F)(F)F)c1,-8.3,3.3134930698224885,17_550
N#CC(C(=O)Nc1ccc(SC(F)(F)F)cc1)C(=O)c1cc(O)c(O)c([N+](=O)[O-])c1,-7.1,3.0036549375830526,17_551
COc1ccc(-n2nc(/C=C(/C(=O)O)c3ccc(F)cc3)cc2-c2ccc(Cl)c(Cl)c2)cc1,-8.1,3.5748015153482604,17_552
NC(=O)n1cc(NC(=O)N2C[C@H](F)CC2C(=O)NCc2cccc(Cl)c2F)c2ccccc21,-8.3,3.6201295483196954,17_553
CNCc1cc2c(=O)n(C3=CCOC=CC=C3)c(=O)n(Cc3cc(=O)n4c(C)cccc4n3)c2s1,-8.0,1.6602424020850082,17_554
COc1ccc(CC(=O)N2CCCC(c3cc(C(=O)Nc4ccccc4Cl)no3)C2)cc1,-7.0,3.7551692345770213,17_555
c1ccc(-c2nnc(-c3nn(-c4ccccc4)c4nc5ccccc5nc34)o2)cc1,-8.9,3.533323214295244,17_556
O=[N+]([O-])c1ccc(N2CCN(CCC(O)=c3[nH]c4ccccc4c3=C(c3ccccc3)c3ccccc3)CC2)cc1,-7.9,3.2960160371556766,17_557
COC1C[C@]2(C)CC[C@@H]3[C](CC[C@@H]4[C@](C)(COC(=O)/C=C/c5ccccc5)CCC[C@@]34C)C[C@H]2O1,-6.7,2.0293985568612802,17_558
CSCC(=O)NCC(c1ccccc1)c1ccsc1,-5.6,3.6794683473852245,17_559
O=C(NCc1ccc(S(=O)(=O)c2ccccc2)cc1)c1cccc2ccccc12,-7.5,3.6665645776852482,17_560
CCOC(=O)C(C=Nc1ccccc1C(=O)O)C(C)=O,-5.7,3.4791342921492947,17_561
CC=CC=CC(=O)N1Cc2cc(Cl)ccc2N=C1c1ccc(-c2ccc3c(c2)CCC(=O)N3)cc1,-8.0,3.4406364279653365,17_562
Cc1ccc(-n2nc(C(=O)N3CCC(C#N)CC3)c3ccccc32)cc1,-8.2,3.706170534165482,17_563
C[C@@]1(c2cc(NC(=O)c3cnc4ccccc4c3)ccc2F)C=CSC(=N)N1,-7.5,3.658271652394547,17_564
O=C1Nc2ccccc2/C1=C/c1cc2cc(F)ccc2nc1Cl,-7.5,3.531780232024037,17_565
O=C(CN1CCN(c2ccccc2)CC1)Nc1ccc(-c2nc3cc(Oc4ccc(Cl)cc4)ccc3[nH]2)cc1,-5.8,3.3925004388450057,17_566
Nc1cccc(N=Cc2c(O)[nH]c(=O)n(-c3ccccc3)c2=O)c1,-6.9,3.496807445946664,17_567
O=C(NCc1ccco1)C1CCN(S(=O)(=O)c2ccc(F)cc2)CC1,-6.7,3.7672909873403713,17_568
O=C(Nc1ccc(F)cc1F)C(c1cccc(-c2ccco2)c1)n1cccn1,-7.8,3.7250512141157532,17_569
O=C(COc1ccc(-c2nc3ccccc3[nH]c2=O)cc1)Nc1ccc(CC(=O)Nc2cccc(Cl)c2)cc1,-7.4,3.322356454892514,17_570
CC(C)NCc1ccc(-c2nc(C(F)(F)F)ccc2CNC(=O)C(C)c2ccc(NS(C)(=O)=O)c(F)c2)cc1,-6.7,3.4059881682709543,17_571
O=C1[CH]CNc2cccc3c2N1c1ccccc1C3,-6.7,2.4142443163754175,17_572
O=C(NC(Cc1ccc(NC(=O)c2c(Cl)cccc2Cl)cc1)C(=O)O)c1ccccc1-c1ccccc1,-8.0,3.391143532421127,17_573
CC(=O)c1cccc(NC(=O)N2CCN(c3ncccc3C#N)CC2)c1,-6.9,3.734913326915,17_574
O=C(NCc1ccccc1)C1=CC=C(N2COC3(CCN(Cc4cccc(OC(F)(F)C(F)F)c4)CC3)C2)OC=C1,-6.8,2.347622413117188,17_575
COc1cc(-c2nc(CN(C)C(=O)C3=CC=COCC3OC)no2)cc(OC)c1OC,-6.4,2.5660468276463773,17_576
CN=CC=O,-2.5,1.49737883593314,17_577
CC=Cn1c2c(c3cc(Nc4cccc(-c5ccc(C#N)s5)c4)ccc31)C=CC=C(OC)C2,-7.4,2.574035436739061,17_578
O=C1NCC(CCO)n2c1cc(-c1cccc(OC(F)(F)F)c1)c2C(=O)C=CCc1ccccc1,-6.4,3.547419120302119,17_579
Oc1cs/c(=N\N=C\c2ccccc2)n1Nc1ccccc1Cl,-6.2,3.65027653477562,17_580
CC(OC(=O)Cn1cc(-c2ccc(F)cc2)nn1)C(=O)Nc1cccc(Cl)c1,-6.6,3.7170831550472414,17_581
O=CC=CC=C([O-])Oc1nc(Nc2ccc(NC(=O)NS(=O)(=O)c3ccccc3Cl)cc2)ncc1[N+]=O,-6.6,2.8683341207237047,17_582
C[C@@H](Oc1cc(-c2cnc3ccccn23)sc1C(N)=O)c1ccc(CNC(C)(C)C)cc1F,-7.6,3.6194018736060447,17_583
CC(C)(O)C#Cc1ccc2c(c1)-c1nc(C(N)=O)c(C#Cc3ccccn3)n1CCO2,-7.1,2.6030511913595094,17_584
O=C(Nc1ccc2c(c1)C=CS(=O)(=O)O2)C1COc2ccccc2O1,-7.6,3.5840471096050397,17_585
CC=C(C(=O)OC(C)C)C(c1ccccc1)c1c(NCc2ccccc2)n(C)c(=O)n(C)c1=O,-5.8,3.5813815913702465,17_586
O=C(Nc1ccccc1)Nc1nc(-c2cc3cc([N+](=O)[O-])ccc3o2)cs1,-7.8,3.53070847833496,17_587
O=C(Cc1cccc(Oc2cccnc2)c1)N1CCc2c(ncnc2N2CCOCC2)C1,-7.2,3.618089812491121,17_588
O=C1C(=O)N(c2ccccn2)C(c2ccccc2[N+](=O)[O-])C1C(=O)c1ccc(-c2ccccc2)cc1,-8.1,3.140428052400396,17_589
COC(=O)C[CH]C=CC=Cc1ccc(Cl)cc1,-4.7,3.375461932205604,17_590
C=Cc1c(O)c(-c2cc(F)c3ccccc3c2)n(C)c1C=COC,-6.7,3.6315979651960206,17_591
O=C(Nc1cc2c3c(c1)cc(O)n3CCCC2)c1ccco1,-6.9,2.7422684006302163,17_592
O=C(c1ccc(Br)s1)N1CCN(c2ccc(F)cc2)CC1,-5.9,3.619260469332857,17_593
COc1ccc(-c2nnc(SC(C)C(=O)Nc3cc(C)cc(OC)c3)n2C)cc1,-5.9,3.6801791770424295,17_594
Cc1ccc(CN2CCN(Cc3c(-c4ccccc4)nc4ccccc4c3C(=O)Nc3ccc(Cl)cn3)CC2)cc1,-8.1,3.385669071477185,17_595
O=C(N[C@@H]1C2CCN(CC2)[C@@H]1Cc1cccnc1)c1ccc2ccccc2c1,-8.0,3.50268285456875,17_596
O=C1C(=O)N(c2cc(F)ccc2F)c2ccccc21,-6.4,3.479865130349429,17_597
O=C(Nc1cccc(-c2ccc(-c3nc4cc(C(F)(F)F)ccc4[nH]3)s2)c1)c1cccc(C(F)(F)F)c1,-7.5,3.2976568063222675,17_598
O=C(c1nn(-c2cccc(-c3ccccc3)c2)c2c1CS(=O)(=O)c1ccccc1-2)N1CCOCC1,-8.0,3.51437421942434,17_599
O=c1[nH]c2cc(-c3ccccc3)ccc2c2[nH]c(-c3ccccc3Cl)nc12,-8.3,3.4548715610917,17_600
Clc1cccc(Nc2nc3ccccc3[nH]2)c1,-6.7,3.5685107948646166,17_601
CN(C)c1ccc(NC(=O)c2ccc([N+](=O)[O-])o2)cc1,-5.9,3.6119849964514277,17_602
Cc1ccc(NC(=S)Nc2ccccc2C(C)C)c(C)c1,-6.3,3.4148546596002936,17_603
C[C@@H](O)c1nc2cc(Nc3ccnc(Nc4ccccc4Oc4ccccc4)n3)ccc2n1C,-7.8,3.3420784560859502,17_604
Cc1ccc(C2CC(n3cc(-c4cccc(C(F)(F)F)c4)nc3C)=NC(=O)N2)cc1,-8.0,3.7073260391350926,17_605
O=C(c1ccc2c(=O)n(Cc3ccccc3F)c(=S)[nH]c2c1)N1CCN(c2cccc(C(F)(F)F)c2)CC1,-7.8,3.4994949706759737,17_606
C=CCN(C(=O)Nc1cccc(OC)c1)C1CCN(C[C@H]2CN(C(=O)C3CCCC3)C[C@]2(O)c2ccccc2)CC1,-7.1,3.288008502705245,17_607
CC(=O)c1ccc(NC(=O)c2cccc(S(=O)(=O)Nc3ccccc3C)c2)cc1,-7.1,3.6739994409798857,17_608
C[N+](C)(CCc1ccccc1)CC(=O)Nc1cccc2ccccc12,-7.0,3.5017828181696347,17_609
CC1CCN(c2c(S(=O)(=O)c3cccc(F)c3)cnc3ccc(F)cc23)CC1,-7.8,3.7223186313298626,17_610
COc1ccc(CNc2nnc(N3CCC(O)CC3)c3ccc(C#N)cc23)cc1Cl,-7.6,3.710761627913149,17_611
C[C@@H](NC(=O)c1ccc(-c2cccc3c(=O)cc(N4CCOCC4)oc23)cc1)c1ccccc1,-7.3,3.6695199904058855,17_612
COc1ccc(/C=C/c2ccnc3ccc(C)cc23)cc1,-6.9,3.4727762652651357,17_613
O=C(Nc1ccc2c(c1)Cc1ccccc1-2)c1cccc(NC(=O)c2ccccc2F)c1,-7.8,3.443414794110878,17_614
Cc1cc2nnc(-c3ccccc3)n2c(C)c1C(=O)Nc1nc2ccccc2s1,-7.6,3.5937210451815904,17_615
Cc1cccc(N2CCC(CC#N)(n3cc(C(N)=O)c(Nc4ccc(F)cc4)n3)CC2)c1,-7.8,3.7122594894787446,17_616
Cc1ccc(S(=O)(=O)N2CCOCC2)cc1NC(=O)CSc1n[nH]c2nc(=O)[nH]c(=O)n12,-7.3,3.084379518324832,17_617
O=C(Nc1ccccc1C(=O)Nc1cccc(OC(F)(F)F)c1)c1ccccc1,-7.9,3.7164066204150252,17_618
O=C(Nc1cccc2cc(-c3cncc(C(=O)N4CCC(NC(=O)c5cccc(Cl)c5)C4)c3)cnc12)c1ccc(F)c(C(F)(F)F)c1,-5.4,3.204674149724085,17_619
Nc1ccccc1C=CC(=O)c1cccc2ccccc12,-7.0,3.3996722660136536,17_620
O=CCCC(C(=O)NCc1ccc2c(c1)OCO2)c1n[nH]c(-c2cccc(F)c2)n1,-7.3,3.6159192049732325,17_621
Cc1ccc(-c2ccc(-n3nc(C(F)(F)F)cc3-c3cccc(-c4cccc(F)c4)c3)cc2)cc1,-9.0,3.184230524263683,17_622
Cc1ccc(C(=O)Nc2ccc(CN3CCN(C)CC3)c(C(F)(F)F)c2)cc1Oc1nc(-c2ccncc2)nc2c1ccn2C,-7.6,3.3140532623759547,17_623
O=C1Cc2c([nH]c3ccc(Br)cc23)-c2ccccc2N1Cc1ccccc1,-7.4,2.4444380737907427,17_624
O=S(=O)(Nc1ccccc1-c1cnc2ccccc2c1)C1=CC=CCC1,-7.7,3.722660247835826,17_625
CC=C1C=CC(c2nn(CC(=S)Nc3ccccc3)cc2-c2cccc3cc(C#N)ccc23)=C1,-7.7,3.489163394878883,17_626
O=C(NC1CC1)c1ccc(-c2cnc3ccc(-c4cc(F)ccc4F)nn23)cc1,-7.7,3.733798775637956,17_627
Cc1ccc(S(=O)(=O)/N=C(/c2ccccc2)N(C)C)cc1,-7.0,3.532437948592258,17_628
O=c1ccc2ncc(F)c3c2n1C[C@@]3(O)CC12CCC(NCc3ccc4c(n3)NCCC4)(CC1)CO2,-8.1,3.2277465747343985,17_629
O=C(NCCc1c[nH]c2ccccc12)c1ccc(N(CCCl)CCCl)cc1,-5.9,3.5495692625931046,17_630
N#C/C(=C/c1ccccc1Oc1ccccc1[N+](=O)[O-])c1nc2ccccc2[nH]1,-7.2,3.51817825126895,17_631
O=C1C=CN([C@H]2[CH][C@H](O)[C@@H](COP(=O)(O)OCP(=O)(O)O)O2)OC(=O)N1,-6.7,1.6606039011846745,17_632
Cn1cc2c(nc(NC(=O)Nc3ccc(Cl)cc3)n3nc(-c4ccco4)nc23)n1,-8.8,3.4097163002854876,17_633
Fc1ccc2[nH]cc(C3CCN(c4ncnc5[nH]ccc45)CC3)c2c1,-7.5,3.6622220325760244,17_634
Cc1ccc(-n2nc3ccc(NC(=O)c4oc5ccccc5c4C)cc3n2)cc1C,-8.1,3.584853096203457,17_635
O=C(O)c1c[nH]c2ccc(Cc3cc4ccccc4o3)cc12,-6.9,3.5724317375347647,17_636
O=C(Nc1ccc2cc3ccccc3cc2c1)c1cccnc1Nc1ccccc1F,-8.9,3.420187204360263,17_637
O=C(Nc1cccc(-c2cn3c(CN4CCNCC4)csc3n2)c1)c1cccc(C(F)(F)F)c1,-7.7,3.6113384593931164,17_638
Cc1noc(C)c1CN1C[C@@H](c2ccc(C#Cc3cccc(F)c3)cc2)C(CO)C1=O,-6.2,3.719170187371974,17_639
O=c1cc(-c2ccc3occc3c2)[nH]c2c(-c3ccccn3)cnn12,-8.4,3.6321596141518997,17_640
O=C(Nc1ccc(F)c(F)c1)N(CCN1CCOCC1)Cc1cc2cc3c(cc2[nH]c1=O)OCO3,-8.2,3.581836427307281,17_641
Cc1ccc(C(=O)Nc2cc3c4c(c2)cc(O)n4CCC3)cc1C(=O)N1C=CC=C(N2CCN(C)CC2)C=C1,-6.9,2.4681936778018363,17_642
O=C(c1ccccc1)N1CCN(C(=S)c2cc(Cc3n[nH]c(=O)c4c3NCCC4)ccc2F)CC1,-7.8,3.570813397283876,17_643
O=C(O)Cc1cccc(NC(=O)c2ccc3cc(C(=O)O)ccc3c2)c1,-7.1,3.637404589154178,17_644
O=C(c1ccc(NS(=O)(=O)c2cccc3scnc23)cc1)N1CCC(F)(c2cccc(F)c2F)CC1,-7.5,3.6288674084820842,17_645
O=C(Nc1ccc(F)cc1F)Nc1ccccc1C(=O)Nc1cccc(-c2ccc(O)cc2)c1,-8.2,3.420723306093035,17_646
C=CC=CC=Cn1nc(N2CCC3(CC2)C(=O)NCN3c2ccccc2)c2cc(NC=O)ccc21,-8.6,3.490769128512266,17_647
O=c1n(/N=C2\c3ccccc3CN2c2cccc3ccccc23)cc(O)n1-c1ccc(C(F)(F)F)cc1,-7.9,3.5058454521511537,17_648
CN(C)C(=O)c1ccc2c(c1)N(CC(=O)Nc1cccc(C#N)c1)C(=O)c1ccccc1S2,-7.7,2.790458319258243,17_649
Cn1nc(-c2ccc(-c3ccc(NC(=O)Nc4ccc(F)cc4)cc3)cc2)cc1-c1cncc(F)c1,-6.4,3.3840988193150925,17_650
O=C1C=NOC(C=CC=CCN2C(=O)C=Cc3ccccc3-c3ccccc32)(c2ccccc2)N1,-9.4,1.7246299490140675,17_651
CC(=O)c1ccc(-c2ccc(C(=O)OC(c3ccccc3)c3nnnn3Cc3ccccc3)cc2)cc1,-6.5,3.3028385897386556,17_652
O=C(NCCN(F)C=C1C=COC(NC2CO[C@H]2Cn2cncn2)=C1)c1cnc2ccccc2n1,-6.8,3.261317424827674,17_653
N#Cc1ccc(-c2nc(-c3ccccc3)c3ccccc3n2)cc1,-8.4,3.55967046711086,17_654
Cc1cccc(NC(=O)Nc2ccc(-c3cc4ccccc4c(=O)[nH]3)cc2)c1,-8.8,3.498340826640263,17_656
O=C(Nc1cccc(-c2ncnc3[nH]cnc23)c1)c1cccc2ccccc12,-8.2,3.576137525048073,17_657
CNC(=O)c1nsc(-c2ccccc2)n1,-5.6,3.615277108714009,17_658
O=C(NCCc1ccccc1Cl)C1CCCN(c2ccc(Cl)cc2)C1=O,-7.2,3.674009332903136,17_659
O=C(Nc1ccc2c(c1)CCC2)c1c2ccccc2c(O)n1CCc1ccccn1,-7.5,3.658856629245852,17_660
O=C(Nc1ccc(N2C(=O)c3ccccc3C2=O)cc1)c1ccccc1N1C(=O)c2ccccc2C1=O,-8.0,3.5028764542832382,17_661
COc1ccc2c(c1)c(=O)c1ccc(Nc3ccccc3[N+](=O)[O-])cc1c(=O)n2C,-7.4,2.5981233302324958,17_662
CCCCCC(C(=O)NC(C)=O)c1ccccc1NC1Cc2ccc3ccccc3c2C1=O,-5.9,3.5719126785062683,17_663
O=C(Nc1cccc(C(F)(F)F)c1)c1nn(-c2ccc(Cl)cc2)ccc1=O,-6.9,3.7639107711940287,17_664
Nc1ncnc2c1ncn2[C@@H]1O[C@H](CN(Cc2cccc(Cl)c2)Cc2ccc3c(c2)OCO3)[C@@H](O)[C@H]1O,-9.1,3.196920965385532,17_665
CC(=NNc1nc2ccccc2nc1C(F)(F)F)c1ccc(O)cc1,-7.5,3.6442672410635204,17_666
O=C(Nc1ccc(NC(=O)c2ccc(Cc3nc4ccccc4n3Cc3ccccc3)cc2)cc1)c1ccc(F)cc1,-4.5,3.2998486187534155,17_667
Cc1cc(C)c(NC(=O)C(=O)NCc2ccccn2)c(C)c1,-6.9,3.6580503171966194,17_668
CCC(=CCNC(=O)CNC(=O)Nc1cc(OC)c(OC)c(OC)c1)c1nc2c(-c3ccc([S+](C)[O-])cc3)cccc2[nH]1,-6.3,3.079022660906772,17_669
O=CC(=CC=CF)OCc1cn(-c2cccc(-c3nc4cc(C(F)(F)F)ccc4[nH]3)c2)nn1,-6.9,3.2126651188447775,17_670
c1ccc(CSc2ccc3nnc(-c4cccs4)n3n2)cc1,-7.0,3.6018662040156944,17_671
CC1=CCC(=Nc2c(C(=O)c3ccccc3C)cc(-c3cccc4ccccc34)n2C)OC=C1,-8.8,2.440406187843621,17_672
N#Cc1ccc(Nc2nccc(-c3cccc(C(=O)NC4CC4)c3)n2)cc1,-6.8,3.7332079028977616,17_673
COc1cc(O)cc(CCCC(=O)C(=O)C(O)CC(=O)C(Cc2ccccc2)NC(=O)C(CC(C)C)OC=O)c1,-6.0,3.0549572020435853,17_674
COC(=O)c1ccc2nc(-c3ccc(NC(=O)Nc4cccc(C(F)(F)F)c4)cc3)sc2c1,-7.0,3.5299047388676312,17_675
O=C(Nc1ccc(C(=O)N2CCCC3c4ccccc4C[C@@H]32)cc1)N1Cc2ccccc2C1,-7.9,3.3944078180768362,17_676
Brc1ccc(COc2ccccc2C2=NC=C3C=C=CN=C32)cc1,-6.7,3.4992634096797266,17_677
O=C(Nc1cccc(Nc2ccnc(NC(=O)C3CC3)c2)c1)c1ccc(C(F)(F)F)cc1Cl,-8.1,3.5849554134250825,17_678
CNCC(=O)Nc1ccc(Cl)cc1C(=O)c1ccccc1,-6.1,3.66192756357452,17_679
CCC1(C)CCC(C)(C)c2cc(C3=CC(=C(Cn4ccnc4C)N=NC(=N)N)CC3)ccc21,-6.7,3.312395338630174,17_680
Cc1c(C2=CC=C(NS(C)(=O)=O)C2)ccc2c(-c3nc(N[C@H]4CCCNC4)ncc3C(F)(F)F)c[nH]c12,-7.3,3.3713857249283468,17_681
Nc1cc(C(F)(F)F)ccc1N1CCOc2cc(S(=O)(=O)Nc3nccs3)ccc21,-7.1,3.5681118201196216,17_682
CCOc1cc(-c2nnc(SCC(=O)N3CCc4ccccc4C3)o2)ccc1OC,-6.5,3.6389037526409935,17_683
NC(=O)c1ccc2c(c1)nc(-c1ccccn1)n2[C@@H]1CCC[C@H](NC(=O)c2ccc(Br)s2)C1,-7.7,3.590997817898682,17_684
CC(C)=CCC=C(C)C=Cc1c(O)ccc2c(O)c3c(O)cccc3c(O)c12,-7.1,3.2284897649821875,17_685
CS(=O)(=O)c1ccc(-c2nc(-c3ccccc3)c(-c3ccccc3)o2)cc1,-7.0,3.6411408738778492,17_686
O=C(/C(=N/Oc1ccc2ccc(Cl)cc2c1)c1ccc2ccccc2c1)c1ccccc1-n1nnc2ccccc21,-8.5,3.109955486102605,17_687
ON=C(O)c1ccc(-c2ccc3c(c2)CCNCc2ccccc2-3)cc1,-8.2,1.440088638430299,17_688
COC=C1C=CC(/C=C/c2cc(OC)cc(OC)c2/C=C/C(=O)c2ccc3ccccc3c2)=C1,-7.5,3.3252952548477497,17_689
O=C(C=C1c2ccccc2S(=O)(=O)N1Cc1ccccc1Cl)Nc1ccc(F)cc1F,-8.0,3.6658269135023134,17_690
N#Cc1cccc([C]2c3ccccc3C(=O)N2CCC[n+]2ccc3c([nH]c4ccccc43)c2-c2ccccc2)c1,-8.4,3.262926085105981,17_691
O=C(NC1c2ccccc2C=Cc2ccccc21)c1ccc2ccccc2c1O,-8.4,2.385999782855218,17_692
Cc1ccc(C(=O)COC(=O)CN=CNc2cc(C)nc(C)n2)cc1,-6.6,3.4678364014713345,17_693
O=C1CC=CC(=NCc2nc(-c3ccc4ccccc4c3)nc3ccc(-c4ccccc4)cc23)CO1,-9.4,2.372139118177131,17_694
ON=C(O)c1ccc(Cn2nc(-c3cccc(O)c3)cc2C(F)(F)F)cc1,-7.9,3.373938922298837,17_695
CC(c1ccco1)N(N=CC1=CC=CC1)c1nc(-c2cccc(C(F)(F)F)c2)cs1,-7.1,3.525817775524361,17_696
O=C(Nc1cccc(-c2nc3ccccc3[nH]2)c1)c1cccc(S(=O)(=O)N2CCOCC2)c1,-8.1,3.646251622535755,17_697
COc1cc(N2CCOCC2)ccc1Nc1nc2c(c(Nc3ccccc3S(=O)(=O)NCC(F)F)n1)C1(CC1)CN2,-7.8,2.9412174206384254,17_698
CC=NNC(=S)SCC1=C(C(=O)O)N2C(=O)C(NC(=O)Cc3ccccc3)[C@H]2SC1,-6.2,3.081494407867096,17_699
O=c1c2ccccc2nc(N2CCN(Cc3ccc4c(c3)OCO4)CC2)n1-c1ccccc1,-8.3,3.5369171536014674,17_700
O=[N+]([O-])c1ccc(Nc2c3ccccc3nc3ccccc23)cc1,-7.3,3.5237915728321867,17_701
COC(=O)C1=C(c2ccc(C(C)=O)cc2)C[C@@H]2CC[C@H]1N2C(=O)NC1CCCCC1,-6.6,3.3743425468667327,17_702
O=C(c1cccc(-c2cc(-c3ccc(Oc4ccccc4)cc3)no2)c1)N1CC[C@H]2C[C@@H]1C2,-7.9,3.34888735514131,17_703
Nn1c(C(=O)N2CCCCC2)nc2ccccc2c1=O,-6.5,3.5712181994685395,17_704
Cc1ccc2cc(-c3ccccc3)ccc2c1-c1cccc(C(=O)Nc2ccc(C(=O)N3CCOCC3)cc2)c1,-7.9,3.360437812719926,17_705
O=C1/C(=C/c2ccc(Cl)c(Cl)c2)CN(C(=O)c2cc3ccccc3oc2=O)C/C1=C\c1ccc2ccccc2c1,-8.7,3.2151308007014014,17_706
O=S(=O)(Nc1cccc(-c2cn3c(n2)SCC3)c1)c1ccccc1,-7.2,3.767993038562272,17_707
N=C(NC(=O)Nc1nccs1)NC1CCN(Cc2ccccc2)CC1,-6.7,3.4787143155665166,17_708
O=c1cc(-c2ccc3[nH]ncc3c2)[nH]c2c(-c3ccccn3)cnn12,-8.5,3.564134573834317,17_709
C[C@]12CC[C@H](OC(=O)c3ccccc3)CC1=CC[C@@H]1[C@@H]2CC[C@]2(C)C(n3cnc4ccccc43)=CC[C@@H]12,-7.9,3.063132252818593,17_710
COc1ccc2c(c1)OC(C)(C)c1cn(Cc3c4c(cc5c3OCC5)OCC4)cc1-2,-7.9,3.4697370068850972,17_711
C=CCOc1ccccc1C(=O)N1CCCC(C(=O)c2cccc(OC(C)C)c2)C1,-6.4,3.55853584743767,17_712
O=c1cc(-c2ccccc2Oc2ccc(Nc3ccccc3)cc2)ccn1[C@H]1CCCC[C@@H]1O,-7.6,3.5402482853976123,17_713
Cc1nc(-c2cccc(-c3ccccc3F)c2)c(-c2ccccc2)n1Cc1cccc(C(=O)O)c1,-7.3,3.4201472240443187,17_714
O=C1NC(=O)c2c1c(-c1ccccc1Cl)cc1c2c2cc(O)ccc2n1Cc1ccccc1,-8.0,3.354811687364789,17_715
O=C(Nc1ccc(-c2cccc(-c3nc4ccccc4[nH]3)c2)cc1)c1ccccc1,-7.7,3.442730724240592,17_716
Fc1ccc(-c2ccc(-c3nnc([C@H]4C[C@H](N5CCN(c6cccc(Cl)c6Cl)CC5)C4)o3)cc2)cc1,-5.8,3.4118516170658246,17_717
O=C1NCc2nc3ccccc3c(=O)n2C1c1ccccc1,-7.2,3.664808488181661,17_718
COc1ccc(-c2cc(=O)n(-c3cccc(F)c3)[nH]2)cc1,-6.7,3.710215511957931,17_720
CSc1ccc(C(=O)NCCc2ccc(S(=O)(=O)NC(=O)OCc3ccccc3)cc2)cc1,-6.3,3.5824871088218293,17_721
O=C(Nc1cccc(-c2nc3ccccc3s2)c1)c1cccc(S(=O)(=O)N2CCOCC2)c1,-7.3,3.6780024358067145,17_722
COCC(O)CN1CCN(Cc2c[nH]c3ccc(F)cc23)CC1,-5.8,3.674449911235822,17_723
O=C(Cc1ccc(-c2csnn2)cc1)N1CCN([C@H]2c3ccc(Cl)cc3CCc3cc(Br)cnc32)CC1,-8.4,2.4802376844861542,17_724
O=C(Cc1cccc2ccccc12)Nc1nnc(-c2ccc3[nH]cc(-c4cccc(C(F)(F)F)c4)c3c2)s1,-9.5,3.4014110681921323,17_725
CC(=O)N(O)CCC(Nc1cc(F)c(F)c(F)c1)c1cccc2ccccc12,-7.2,3.523162306543841,17_726
Cc1ccc(NC(=O)c2ccc3ccccc3n2)cc1NC(=O)c1cccc2c(N)cccc12,-8.1,3.2805456327770965,17_727
O=C1CCCC(=O)C1C=NCCNc1cccnc1,-5.8,3.4339108705190684,17_728
Cc1ccc(-c2cc(C(=O)Nc3nc4ccc(C(C)C)cc4s3)cs2)cc1,-6.9,3.619713756230708,17_729
O=C(Nc1cccc(CN2CCC(C(=O)NC3CCCCC3)CC2)c1)c1ccc(N2CCOCC2)cc1,-7.8,3.423360818795344,17_730
N=C(N)c1ccc(CNC(=O)Cn2c(-c3ccccc3)c(Cl)nc(Nc3c[nH]c4ccccc34)c2=O)cc1,-7.5,3.0280422686588357,17_731
CCc1nc(N)nc(NCc2ccccn2)c1-c1ccc(-c2ccc(OC)cc2)cc1,-7.4,3.618978820505832,17_732
O=C(NCCc1c[nH]cn1)c1ccc(-c2ccccc2)c(S(=O)(=O)Nc2ccccc2Cl)c1,-7.1,3.520257371751536,17_733
O=C1C2=C(C=C(c3ccccc3)C3C(=O)C=CCC23O)c2cc(OCc3ccccc3F)ccc21,-8.1,3.4716253374129815,17_734
O=C(c1ccc(Cl)cc1NS(=O)(=O)c1cccc2nsnc12)N1CCCCC1,-7.7,3.721355230928202,17_735
Nc1cc(-c2ccc(Nc3ccnc4cc(C(F)(F)F)ccc34)cc2)ncn1,-7.3,3.657220953141313,17_736
CC(C)C(=O)Nc1cccc(Oc2cccc(NC(=O)Nc3ccccc3C(F)(F)F)c2)c1,-8.2,3.561814338818955,17_737
COC(=O)c1ccc(COc2cccc(-c3cccc(-c4nc5ccccc5[nH]4)c3)c2)cn1,-7.6,3.49012819499712,17_738
O=C(NCc1ccccc1C(F)(F)F)c1cccc(Nc2nccc(Nc3cccc(-c4cccc(Cl)c4)c3)n2)c1,-7.4,3.2221844202183076,17_739
O=C(c1ccccc1)c1ccccc1NC(Cc1ccc(OCCNCc2cccnc2)cc1)C(=O)O,-6.0,3.2632571878137586,17_740
Oc1c2c(c(O)n1-c1cccc(-c3ccccc3)c1)[C@H]1CC[C@@H]2O1,-7.4,3.604064576269221,17_741
Cc1nnc(CNC(=O)c2cnc(-c3cccs3)nc2)s1,-5.9,3.6807968837164875,17_742
COc1ccccc1NC1CCN(CCCNC(=O)c2ccc3c(c2)c(C)c(C)n3Cc2ccc(Cl)cc2)C1,-6.8,3.360709007027575,17_743
C=C(C)[C@H](c1ccc(-c2cc(C)cc(C)c2)cc1N1CCCCC1)n1cc(-c2ccccc2)nn1,-7.4,3.367235401225639,17_744
Cc1ccc(Cl)cc1NC(=O)CN1C(=O)Nc2ccccc2S1(=O)=O,-7.0,3.6969598681733045,17_745
CC(NC(=O)Cn1ccnc1[N+](=O)[O-])C(=O)Cn1nnc2ccccc2c1=O,-6.5,3.2454966328000574,17_746
COC(=O)C=C1C(C=C2N=NN2C=C2CC(=Nc3c(-c4ccccc4)nc4ccccn34)N=N2)=NC(C)=C1C,-7.4,3.1046605260134092,17_747
O=C(Nc1cccc(-c2ccccc2)c1)Nc1cccc(-c2cccc(N3CCCC3)c2)c1,-8.6,3.4362770483208003,17_748
CC=C1ON=C1N1C(=O)CSC1c1ccc(-c2nc3cc(CCC(=O)O)ccc3n2CCCO)cc1,-6.7,3.4594137710662434,17_749
CN1CCC=C(c2n[se]nc2S(=O)(=O)c2cccc(Nc3ccccc3C(F)(F)F)c2)C1,-7.8,3.6476860621937606,17_750
CC=NNC1=S(N)C1=CCC=Nc1nc(-c2ccccc2)nc2c1CS(=O)(=O)C2,-7.2,3.21783313519017,17_751
O=C(c1ccc(-n2cccn2)nc1)N1CCC(c2cccc3ccccc23)CC1,-7.5,3.6326222528997034,17_752
COc1cc(-c2cccc(C)c2C)ccc1-n1c(=O)ccc2cc(S(=O)(=O)Nc3ccsc3)ccc21,-7.1,3.491702263945843,17_753
O=C(Nc1cccc(-n2c(/C=C/c3ccc4ccccc4n3)nc3ccccc32)c1)c1ccc(Br)cc1,-8.4,3.4202173817331554,17_754
NS(=O)(=O)c1ccc(C(F)(F)F)cc1,-5.2,3.3335757921575975,17_756
Cc1ccc(/C=C2\Oc3ccc4ccccc4c3C2=O)cc1,-8.1,3.3873636927736186,17_757
O=c1[nH]c(O)c(Cc2ccc3ccccc3c2)c(=O)[nH]1,-6.5,3.5718654181707286,17_758
Cc1ccc(-c2ccc([C@@H]3[C@@H](CO)N4CCCCN(C(=O)c5ccccc5F)C[C@H]34)cc2)cc1,-6.8,1.7201274864609548,17_759
O=C(Nc1nnc(Cc2ccccc2F)s1)c1cc2ccccc2s1,-7.4,3.718386217879283,17_760
CCOc1ccccc1NC(=O)c1cc(-c2nc3cc([N+](=O)[O-])ccc3[nH]2)ccc1O,-7.5,3.3960657942485755,17_761
FC(F)(F)c1ccccc1-c1ccc(CCSc2nc3ccccc3[nH]2)cc1,-7.1,3.4934282911461096,17_762
COc1cc2c(cc1-c1cnco1)C(=O)N(C)C1(CCN(c3nccc(-c4ccc5ccccc5c4)n3)CC1)O2,-8.4,3.2815473314968755,17_763
O=C(Cc1ccccc1F)Nc1ccccc1C(=O)Nc1ccc2ccccc2c1,-7.6,3.566981826589316,17_764
O=C(Nc1ccccc1-c1ccccc1)O[C@H]1CCCN(c2cccc(-c3nc4cc(F)ccc4[nH]3)c2)C1,-9.5,3.400195187112292,17_765
O=C(c1cccc(Cc2n[nH]c(=O)c3c2CCCC3)c1)N1CCN(S(=O)(=O)c2ccc3c(c2)CCO3)CC1,-8.8,3.4239992082455286,17_766
O=C(NCc1ccccc1)C(c1ccc(C(F)(F)F)cc1)n1c(=O)c(-c2ccccc2)nc2ccccc21,-8.5,3.486898600176321,17_767
Clc1ccc(NCc2nc3ccccc3n2Cc2ccccc2)cc1,-6.6,3.6066547980761117,17_768
COc1ccccc1-c1cccncc(C#N)c(NC23COC=C2C(Cl)=CC3OC)cc1,-7.4,1.518653349891455,17_769
CC1=CC(=NC(=O)C(c2ccc(F)cc2)N(C=O)CC(=O)Nc2ccccc2C)C=CCC1,-6.3,2.6868469059453357,17_770
NC[C@H](Cc1ccccc1)NC[C@@H]1CCCN1C[C@H](Cc1ccccc1)NC[C@H](Cc1ccccc1)NCCc1ccc2ccccc2c1,-6.3,2.839547603492323,17_771
COc1ccc(NC(=O)c2ccc(Br)cc2NC(=O)c2ccc(-c3ccccc3-n3cncn3)cc2)cc1,-7.6,3.2960795158140317,17_772
O=c1[nH]c2cc3cc(OCCCS(=O)(=O)C4CCN(Cc5ccccc5)CC4)ccc3nc2[nH]1,-7.1,3.5293758691603174,17_773
C[C@]12CC[C@@H]3c4ccc(O)cc4CC[C@H]3[C@@H]1CC[C@@]2(O)/C=C/c1ccc(F)cc1,-7.5,3.294280860012278,17_774
O=C(Nc1ccc(-c2nnc(SCC(=O)N3CCCc4ccccc43)o2)cc1)c1ccccc1Cl,-7.3,3.5452735482713975,17_775
[O-][S+](Cc1ccccc1Cl)c1nc2ccccc2nc1-c1cccc2ccccc12,-8.3,3.3954267357038264,17_776
O=C(Nc1ccc(C(=O)NCc2cccnc2)cc1)Nc1cccc(Cc2ccccc2)c1,-7.0,3.503417369308777,17_777
CC(C)CC(=NC(=O)C1CCC=CC=COCC1)C(=O)NC(CC1CCNC1=O)C(=O)CN(C(=O)c1ccccc1Cl)C(C)CN,-6.8,0.8422859144796373,17_778
O=C1N[C@@H](CN2CCN(c3ccccc3)CC2)Cc2c1sc1ccccc21,-6.6,3.6400133038855165,17_779
CCn1cc(C(=O)NN)c(=O)c2cc(Cc3cccc(Cl)c3Cl)ccc21,-7.6,3.5892249606250015,17_780
CCOC(Cc1ccc(C#Cc2cc(C#Cc3cc(C)c4ccccc4c3)cc(C(=O)OC)c2)cc1)C(=O)O,-6.1,3.4499656350918126,17_781
CC(C)Cn1c2ccccc2c2cc(C(=O)N=CC3c4ccccc4-c4cc(C(=O)c5ccccc5)ccc43)ccc21,-8.6,3.0625199932125433,17_782
CN(C)CCN1C(=O)C2(N=C1N)c1cc(CCC3CC3)ccc1CC21CCc2ccccc2CC1,-7.0,2.4155080410620036,17_784
CC(C)(C)OC(=O)NC[C@H]1CC[C@H](CNC(=O)c2cc(-c3ccccc3)nn2-c2ccccc2)CC1,-7.3,3.6211209351432405,17_785
O=C(NC1CC1)c1ccc(-c2cnc3ccc(NCc4ccc(Cl)c(Cl)c4)nn23)cc1,-8.2,3.6232616984969876,17_786
C[C@@H](CN)NC(=O)c1cc(NC(=O)c2cc(-c3ccccn3)c(F)cc2Cl)n(-c2ccccc2)n1,-7.0,3.5016340665131587,17_787
O=C(Cc1cccc(Oc2ccccc2)c1)Nc1cccc(-c2[nH]nnc2-c2cccc(-c3nccs3)c2)c1,-7.7,3.2592781123972694,17_788
Cc1ccc(-n2c(SC(C)C(=O)O)nc3sc4c(c3c2=O)CCCC4)cc1,-7.0,3.6559935803719794,17_789
O=C1C=CC=C(C(F)(F)F)CCc2c(cccc2Nc2ccc3c(C=Cc4ccccc4)[nH]nc3c2)N1,-8.3,1.2859417942555038,17_790
O=C(Nc1ccccc1Cl)c1ccc(N=C2C(=O)c3ccccc3C(=O)C2F)cc1,-8.0,3.7417435858701977,17_791
Cc1ccc2[nH]cc(CC(=O)Nc3cc4cc(c3)-c3ccc(N=C(N)N)cc3O4)c2c1,-8.2,3.340796563047521,17_792
N#Cc1cccnc1N1CCC(Oc2ccc(F)cc2)CC1,-7.2,3.703953098712641,17_793
COc1ccc(NC(=O)C2CN(c3ccccc3)CC2C(=O)Nc2cccc(C(F)(F)F)c2)cc1,-7.9,3.6841299808685135,17_794
O=CC=CC=Cc1cc(-c2cccc3c2oc2ccccc23)ccc1O,-7.4,3.414163530535887,17_795
COc1ccc(CNC(=O)Cc2ccc(NC(=O)N3CCSc4ncccc43)cc2)cc1OC,-6.9,3.6706088231622207,17_796
CNc1nc(Nc2ccc(C(=O)N3CCC(C#N)CC3)cc2OC)ncc1C(F)(F)F,-7.0,3.6432287994566535,17_797
c1ccc(OCCSc2ccc3ccc4cccc5ccc2c3c45)cc1,-7.2,3.031277396445119,17_798
O=C(/C=C/c1ccc([N+](=O)[O-])cc1)Oc1ccc2ccc(=O)oc2c1,-7.1,3.3184294511684893,17_799
CN(Cc1noc(C2CC2)n1)Cc1c[nH]nc1-c1ccc(F)cc1,-6.3,3.7702680288662807,17_800
CC1=CC(S(=O)(=O)c2c(C(=O)NOCCN(C)C)[nH]c3ccc(Cl)cc23)CC=C1,-6.7,3.5996633065494916,17_801
[C-]#[N+]c1cccc(-c2ccc(C(c3ccccc3Cl)S(=O)(=O)c3ccc(Br)cc3)cc2)c1,-7.5,3.2888972635718345,17_802
Cn1ccc(NC(=O)c2ccc3c(c2)c2ccccc2n3CC(=O)O)n1,-6.9,3.704232003081836,17_803
Cn1nc(-c2ccc(Cl)cc2)n(CC(=O)c2ccccc2)c1=O,-6.5,3.684669279656595,17_804
O=C(Nc1cccc(-c2ccnc3cc(-c4ccccc4)nn23)c1)c1cccc(C(F)(F)F)c1,-8.1,3.445867102341013,17_805
Nc1ncnc2c1ncn2[CH]O[C@H](CC(NC(=O)c1ccc(F)cc1)C(=O)O)[C@@H]1[CH]OC(C=Cc2ccccc2)O1,-7.8,3.126065277893967,17_806
CC(=O)C(=COC=C(C=O)c1cccc(F)c1)CN1CCOCC1,-6.0,3.4812710458632057,17_807
O=C(Nc1ccccc1)c1cc(=O)c2ccccc2o1,-7.0,3.705072033538767,17_808
Cc1c(C(=O)Nc2ccccc2F)oc2ccc(S(=O)(=O)N3CCOCC3)cc12,-8.0,3.7745908933590586,17_809
COc1cc(N=C(c2ccccc2N)C(C)C)ccc1C1=CC(=COCC2=CC(=COC(C)=O)C=C2)OC1,-6.3,3.148139065600863,17_810
COc1ccc(C(=O)Nc2nc(-c3ccccn3)cs2)cc1NC(=O)c1ccc(-c2ccc(F)cc2F)cc1,-6.4,3.281566071743769,17_811
O=C1CC[C@@](c2ccc(Cl)cc2)(c2ccccc2Cl)N1C(=O)c1ccccc1,-6.8,3.522362652367073,17_812
CC(=O)NN=C(C)CC(=O)Nc1ccc(C(C)C)cc1,-6.2,3.550161274398299,17_813
C=CC(=C)CCC1(C)C(C)CC(=O)C23C(=C[C@H](OC(=O)C=C(C)C)CC12)[C@@H](OC(C)=O)O[C@H]3OC(C)=O,-6.6,2.7135479664309523,17_814
O=C(Nc1ccc(SC(F)(F)F)cc1)c1cnc(N2CC[C@@H](O)C2)c(-c2cncc(F)c2)c1,-7.2,3.5893669519427744,17_815
O=C(NCC1NCCCc2ccccc21)c1ccc(NC(=O)c2ccccc2Cl)cc1,-7.0,2.6609360175772654,17_816
O=C(CSc1nc2ccccc2c(=O)n1-c1ccc2c(c1)OCCO2)Nc1cccc2ccccc12,-8.3,3.4052601595342633,17_817
O=C(Cn1ccc2cc(S(=O)(=O)N3CCCC3)ccc21)NCC1=CC=CCC1,-6.5,3.6999702374025683,17_818
O=S(=O)(NC(C(O)=NO)c1cccc2ccccc12)c1ccc(Oc2cccc(Cl)c2)nc1,-7.8,3.1969803898027083,17_819
O=C(NCCN1CCC(=C(c2ccccc2)c2ccccc2)CC1)c1ccccc1Oc1ccccc1,-7.4,3.427822979964893,17_820
O=C(NC1CCC(n2cncc2-c2ccc(OCc3cc(-c4ccccc4)nc4ccccc34)cc2)C1)C1c2ccccc2-c2ccccc21,-7.7,3.012112715776275,17_821
Cc1cc(Nc2cc(=O)[nH]cc2CO)ccc1NC(=O)c1cccc2ccccc12,-7.6,3.5091164027359794,17_822
CC=C1C=CCC(CCC(=O)Nc2csc(-c3cc4ccccc4[nH]3)n2)=C1,-7.4,3.6544283592241373,17_823
O=CC1=CN(c2ccc3[nH]ccc3c2)N=C(c2ccccc2)c2ccccc21,-8.8,2.5952195186586327,17_824
CCn1c2ncccc2c(=O)n2cc(-c3ccc(Cl)cc3)nc12,-7.3,3.6369737326464753,17_825
COc1ccc(-c2cncc3[nH]c(-c4[nH]nc5ccc(-c6cncnc6)nc45)nc23)cc1,-8.4,3.503683067235639,17_826
NN=C(C=NCC=O)c1ccc(-n2ccnc2)cc1,-5.4,3.365106112404952,17_827
C=c1c(O)c(O)ccc1=C1C=C[C@@]23CC[C]4CC[C@@](C)(C(=O)OCOC(=O)c5cccnc5OC)C[C@H](C4)[C@](C)(CC[C@@]12C)C3,-7.2,1.074742334918751,17_828
Cc1cccc(Nc2nnc(-c3ccc(-c4nc5ccccc5s4)cc3)s2)c1,-7.0,3.531294424428242,17_829
O=C(c1cc(F)cc(F)c1)N1CCN(c2ccc(N3C[C@H](Cn4ccnn4)OC3=O)cc2F)CC1,-7.5,3.5389078556612743,17_830
Cc1nc(CN2CCC[C@@]3(CCN(Cc4ccccc4C#N)C3)C2)no1,-6.5,3.6164692806272463,17_831
N#Cc1cccc(C(=O)Nc2ccc3ncnc(Nc4cccc(Cl)c4)c3c2)c1,-7.5,3.6879984679787734,17_832
O=C(Nc1cccc(-c2cccnc2)c1)Nc1cccc(-c2cnc3c(NC(=O)c4ccccc4)cccn23)c1,-8.4,3.3087856483833415,17_833
O=C(O)c1ccc(-c2ccc(-c3cc(-c4cc(F)ccc4Cl)[nH]n3)o2)cc1,-7.8,3.6416144748137036,17_834
Cc1cccc(NCc2ccc(-c3ccccc3)s2)c1,-6.2,3.5072571320776564,17_835
O=C(O)c1ccccc1C(=O)Nc1ccnc2ccccc12,-7.5,3.7111695040113495,17_836
O=C(Nc1ccc(N2CCOCC2)cc1)c1cccc(NC(=O)c2ccco2)c1,-6.7,3.7529157271815192,17_837
O=C(O)c1cccc2c(=O)c3ccc4ccccc4c3oc12,-7.1,3.519154086099486,17_838
O=C(N/N=C/c1ccc(-c2ccccc2Cl)o1)c1ccc(-c2ccccc2C(F)(F)F)o1,-6.8,3.5328808421207647,17_839
COC=CC(C=COCc1ccc(C(=O)O)cc1)c1nc(-c2ccc(F)cc2)c(-c2ccccc2)[nH]1,-7.7,3.42524616946789,17_840
O=C(NNC(=S)Nc1ccc(Cl)cc1)c1ccc(F)cc1,-6.4,3.470086607675901,17_841
O=c1[nH]c(O)c(Cc2ccc(OCc3ccc4ccc(F)cc4n3)cc2)s1,-7.2,3.681184958799224,17_842
O=CC1=CC=C(C(=O)O)c2ccc3ccccc3c2O1,-6.3,2.6700429647461768,17_843
CCN(CC)c1ncc(Cl)c(N2CC[C@@H](Oc3ccc([C@H](C)NC(C)=O)cc3)C2)n1,-7.2,3.7363309408096677,17_844
O=C(CSc1cc(-c2ccncc2)sn1)Nc1cccc(F)c1,-6.5,3.730948654551212,17_845
O=C(OCc1ccccc1)N1C[C@H](O)[C@@H](O)[C@@H](O)[C@@H]1O,-6.2,3.254337638686409,17_846
CN1CCCN(c2ncc(-c3ccc4ncnc(Nc5ccc(C#N)cc5)c4c3)nn2)CC1,-7.3,2.610091392848693,17_847
O=C(O)c1cccc(NC(=O)c2cc(F)ccc2NC(=O)c2cc3ccc(-c4ccccc4)cc3s2)c1,-8.2,3.3512581628965004,17_848
O=C(NCC1c2ccccc2-c2ccccc21)c1cc2ccccc2s1,-7.4,3.4900688240942785,17_849
CC1=CC=NC(NCc2ccc3c(c2)OCO3)=NC(=NC2CC2)C=C1,-6.6,1.3636010020979237,17_850
O=C(c1cc2ccccc2o1)n1cc(-c2ccccc2)c(-c2nc(=O)c3ccccc3[nH]2)n1,-8.6,3.5625654971471272,17_851
C#CCc1ccc(-c2ccc(C(C)N(C(=O)OC(C)(C)C)C(=O)C(=O)O)cc2)cc1,-6.9,3.6772656602708573,17_852
N#Cc1ccccc1N1CCN(C(=O)C2Cc3ccccc3N2C(=O)c2cccs2)CC1,-7.7,3.6274358202494903,17_854
ClC=CC=Cc1nnn(CCCN2CCN(c3nccs3)CC2)n1,-5.5,3.505992266467636,17_855
Cc1ccc(C2=CSC(NC(=O)c3cccc(S(=O)(=O)N4CCN(c5ccccc5)CC4)c3)C=N2)cc1C,-7.2,3.575346640827381,17_856
O=C(c1ccccc1-n1nccn1)N1CC2CC(Oc3ccc(C(F)(F)F)cn3)C1C2,-7.3,3.6321557653148973,17_857
C[C@@H]1O[C@@H](O)C[C@@](O)(C(=O)O)[C@H]1/C=C\c1ccc(-c2ccc(C(=O)N(C)C)cc2)cc1,-6.7,3.642947744556161,17_858
c1ccc2c(c1)CC1c3ccccc3CCN1C2,-6.75,3.0455124699111478,17_859
CC=C1c2ccccc2OC1(O[C@H]1[CH][C@@H](O)[C@H](O)[C@H](COC(=O)CC(C)C)O1)N1CCNC(=O)N1,-6.5,2.9367096570916496,17_860
CC(=C(C(=N)Nc1ccccc1C)C(=O)Nc1nc(C)cs1)C(C=O)C(=O)N(C)C,-6.5,3.1888452090359256,17_861
COc1ccccc1/C=C/C(=O)C(F)(F)C(F)(F)C(F)(F)F,-6.0,3.4129824872111056,17_862
O=CN(Cc1ccc(F)cc1)N=CC(=CC(=CNCc1ccc(F)cc1)N1CCOCC1)c1cc2ccccc2s1,-7.6,3.135850321964174,17_863
COc1ccc2c(c1)OC(=N)C(C#N)C2c1cc(OC)c(OC)c(OC)c1,-6.0,3.736312836741904,17_864
O=C(N=C1NCCS1)c1cc(-c2ccccc2O)c2ccccc2c1O,-8.2,3.6429256031574084,17_865
COC1=CC=C(C2=COc3cc(OCC(=O)Nc4ccc(C)cc4Br)ccc3C2)OC=C1,-7.0,2.6522880813713856,17_866
Cn1c(-c2ccc3nccnc3c2)c(-c2ccc(C(F)(F)F)cc2)c(=O)n1-c1ccccc1,-8.1,3.515693576499128,17_867
Nc1nc(=O)cc(SCc2c(F)cccc2Cl)[nH]1,-6.1,3.5319304699454994,17_868
Cc1ccc(NC(=O)c2ccc(C(=O)Nc3cccc(C(=O)O)c3)nc2)cc1Cl,-6.7,3.641352186451093,17_869
O=C(COc1ccc2oc(-c3ccccc3)cc(=O)c2c1)Nc1cccc(-c2nc3ccccc3[nH]2)c1,-7.4,3.3533692315174894,17_870
COc1ccccc1Nc1nc(N)nc(CSc2ncccn2)n1,-6.2,3.4455548161114224,17_871
O=C(Nc1cc(-c2ccccc2)nn1-c1ccccc1)c1ccc(Br)cc1,-7.7,3.635944790827603,17_872
O=C(Nc1cccc(-c2ccc(C(=O)C3CC3)cc2)c1)c1cccc(F)c1,-6.7,3.5697127237533204,17_873
O=C(CCCC1CCN(c2cnccc2-c2ccccc2)C1)n1c2ccccc2c2ccccc21,-7.5,3.354694257346438,17_874
CS(=O)(=O)c1ccccc1C1=CC=C(N2CCCC(NS(=O)(=O)c3ccc4cc(Cl)ccc4c3)C2)OC(F)=C1,-7.7,2.55606894641401,17_876
CCC(Nc1cc(C)nc2c(-c3ccccc3OC)c(C)nn12)c1ccccc1,-6.9,3.6458119158376348,17_877
O=c1c2ccccc2sn1-c1ccc(Br)cc1Br,-5.9,3.560769547011838,17_878
Cc1ccc(-c2ccc(C(=O)Nc3cccnc3)cc2)c(O)c1,-6.5,3.6798220032994653,17_879
COc1cc(N)ccc1-c1ccccc1S(N)(=O)=O,-5.8,3.6044069745678766,17_880
Cc1ccc(CCC(=O)c2nc(CNCc3ccccc3CP(=O)(O)O)cs2)cc1,-6.0,3.4754985039472075,17_881
O=NN(CCCl)C(=O)N[C@H]1CNCCC1Cc1ccc(F)cc1,-5.9,3.440257856513862,17_882
O=C(NCCCl)Nc1ccc(S(=O)(=O)n2c3ccccc3c(=O)c3ccccc32)cc1,-8.0,3.531421727608495,17_883
O=C1N=c2ccc(F)cc2=C1CC(=O)c1cccs1,-6.0,3.54451297329082,17_884
O=C(Nc1ccc(Br)cc1)Nc1ccc(Oc2ccnc(NC(=O)C3CC3)c2)c(F)c1,-6.9,3.5712971043384085,17_885
O=C(N[C@H]1CC[C@H](CCN2CCN(c3cccc4c3OCO4)CC2)CC1)c1ccc(-c2ccc(C(F)(F)F)cc2)cc1,-5.8,3.34009574120393,17_886
Cc1ccc(-n2nc(-c3ccc(C(=O)O)cc3)cc2NC(=O)c2cnn3cccnc23)cc1,-8.0,3.4971825809802057,17_887
O=C(CN1CCN(c2ccccc2)CC1)Nc1ccc(Cl)cc1,-7.4,3.734889309630115,17_888
N=C(C1=CN=Cc2ccccc2C1)c1ccc(C(F)(F)F)cc1,-7.7,2.6339009874359185,17_889
N#CCc1c(C(=O)Nc2ccccc2)nn(-c2ccccc2)c1-c1ccccc1,-7.1,3.6934484764279336,17_890
O=Cc1ccccc1N=Nc1cccc(-c2ccc(C(=O)N3CCN(C(=O)c4ccccc4F)CC3)cc2)c1,-7.8,3.403711150051659,17_891
CC(C)Oc1ccc(-c2nc(-c3cccc4c3CC[C@H]4NC(=O)NC3CCC3)no2)cc1C#N,-7.4,3.5551806984055867,17_892
O=C1Nc2cc(OCc3ccccc3)ccc2C/C1=C\c1ccccn1,-7.7,3.6432584754966086,17_893
COc1cccc(Nc2nccc(Oc3ccc4cc(CC#N)ccc4c3)n2)c1,-6.7,3.660676650094979,17_894
COc1ccc2c(c1)nc(Nc1ccc(OC)c(Cl)c1)c1nc(C(F)(F)F)cc(=O)n12,-7.8,3.577606734961206,17_895
O=C1NC(=O)C(c2cn(CCCCNc3c4c(nc5ccccc35)CCCC4)c3ccccc23)=C1c1c[nH]c2ccc(Br)cc12,-8.5,2.961135381450617,17_896
Cc1ncc(CNCc2n[nH]c(-c3ccccc3)n2)cn1,-6.8,3.7184259284327927,17_897
O=C(Nc1cccc(CNc2nc3ccc(OCCN4CCCCC4)cc3o2)c1)Nc1cccc(-c2ccccc2)c1,-7.0,3.1609738605851985,17_898
CC=C1C=C(Oc2cccc(F)c2)c2nc(CC(=O)O)cnc21,-6.8,3.7782761807667065,17_899
O=C(CNC(=O)c1cccc(Br)c1)OCc1cc(=O)n2nc(C3CCCCC3)sc2n1,-6.3,3.578403659170177,17_900
CN(C)S(=O)(=O)c1cccc(NC(=O)CN2C(=O)COc3ccc(C(=O)N4CCCC4)cc32)c1,-7.0,3.5684185259841805,17_901
O=C(Nc1ccccc1C(=O)Nc1ccc(C(F)(F)F)cc1)c1cc2ccccc2o1,-8.2,3.6008651692680376,17_902
COc1cccc(-c2csc(NC(=O)c3ccccc3NC(=O)c3ccc(C)cc3)n2)c1,-7.8,3.614157065243723,17_903
O=C(NCC1CCC1)N1CCN(c2ccccc2O)CC1,-5.9,3.494985426054848,17_904
Cc1ccc(S(=O)(=O)N(Cc2cccc(-c3cnco3)c2)c2cccc(-c3ccccc3)c2)cc1,-8.7,3.4174808114833732,17_905
Cc1cccc(N2CCN(Cc3coc(-c4cccc5ccccc45)n3)CC2)c1C,-7.8,3.5713771571133908,17_906
Cc1ccc(NC(=O)c2ccc(Br)o2)cc1Nc1ccc2c(c1)OCc1cc(NCc3ccccc3)ccc1C2=O,-7.3,2.1952082619589475,17_907
Cc1nc2cccc(-c3cc4c([nH]3)CCNC4=O)c2nc1Nc1ccc(F)cc1F,-8.1,3.59513885623733,17_908
CC(=O)Nc1cccc(Oc2ncccc2C(N)=O)c1,-6.2,3.6872633535177313,17_909
Cc1ccc(F)cc1Oc1c(C(=O)N2CCNCC2)c2ccccc2n1-c1ccccc1,-7.2,3.655281804419805,17_910
C[C@H](Nc1nc2cc(C(F)(F)F)ccc2nc1C(=O)O)c1ccccc1,-7.7,3.7510335736968416,17_911
Cc1ccccc1CN1COc2cc3c(cc2C1/C=C\c1ccccc1)OCO3,-7.5,3.5453148170621844,17_912
O=C(c1cccc(C(O)(c2ccc(F)cc2)c2ccccn2)c1)N1CCN(C(c2ccccc2)c2ccccc2)CC1,-7.5,3.378767496135119,17_913
COC(=O)C(O)CCN(CCCCc1ccccc1)C[C@H]1O[C@@H](n2cnc3c(N)ncnc32)[C@H](O)[C@@H]1O,-7.0,2.9412757127761218,17_914
O=C1Nc2ccccc2C(=O)N2CCc3c([nH]c4ccc(O)cc34)C12,-8.3,2.492719071871966,17_915
O=C(Nc1cccc(/C=C/C(=O)c2nc3ccccc3[nH]2)c1)c1ccccc1,-8.1,3.541165823867278,17_916
O=C(Nc1ccc(NC(=O)c2ccc(F)cc2)c2c1C(=O)c1ccccc1C2=O)c1ccccc1,-8.5,3.6244032462856923,17_917
FC(F)(F)c1cc(CN2c3ccccc3Sc3ccccc32)cc(C(F)(F)F)c1,-8.0,3.374331832780667,17_918
O=C(O)c1csc(N/N=C/c2ccc(OCc3ccc(Cl)cc3Cl)cc2)n1,-6.5,3.576558796836428,17_919
O=P(Oc1ccccc1)(Oc1ccccc1)C(Nc1ccccn1)c1ccccc1,-7.0,3.5473695612622045,17_920
O=C(NNc1nc2ccccc2[nH]c1=O)c1ccc(NC(=O)c2ccc(F)cc2)cc1,-7.4,3.437550665654868,17_921
O=C(O)c1cccc(-c2ccc3ccccc3c2)c1,-7.8,3.4362644985977786,17_922
O=C(NC1CCN(Cc2ccc3c(c2)OCCO3)CC1)c1ccc2ccccc2c1,-7.2,3.6697546972044597,17_923
COc1ccc(OC)c(CN(CC(=O)Nc2ccc3c(c2)OCCO3)C(=O)c2ccccn2)c1,-7.1,3.6674488342930003,17_924
O=C(CN1CCOCC1)Nc1cccc(C(=O)c2ccc3c(C=Cc4ccccc4)[nH]nc3c2)c1,-7.8,3.5615092819266394,17_925
O=C(COc1ccccc1)Nc1cccc(-c2ccc(-c3nc4ccccc4[nH]3)cc2)c1,-7.3,3.386312959619481,17_926
Cn1c2ccccc2c(=O)c2cc(CN3C(=O)c4ccccc4C3=O)ccc21,-7.7,3.5069757562081527,17_927
O=C(CCc1nc(=O)c2ccccc2[nH]1)N[C@H]1c2ccccc2CC[C@@H]1O,-8.1,3.641854848352268,17_928
O=C(O)C(Cc1ccccc1)N1C(=O)c2ccccc2C1=O,-6.3,3.678859312064819,17_929
O=C(Nc1ccc(Nc2ncc(-c3ccccc3)nc2-c2ccccc2)cc1)c1ccccc1-c1ccccc1,-8.0,3.2914591742954595,17_930
O=C(Cn1ccnc1[N+](=O)[O-])Nc1ccc(OC(F)(F)F)cc1,-6.3,3.5462587112941275,17_931
COc1ccc(C(=O)Nc2ccc3c(c2)C2(CCOC(=N)N2)c2cc([N+](=O)[O-])ccc2O3)cc1,-8.1,3.3497871924544182,17_932
Cc1cc(-c2ccccc2)nc(-c2ccccc2C(F)(F)F)n1,-7.5,3.582089184360763,17_933
CC(C)c1ccccc1OCc1nn2c(-c3cc4ccccc4o3)nnc2s1,-7.6,3.526216835024877,17_934
CC=C(C=CC(=CC)c1cc2cc(C(=N)N)ccc2o1)C(N)=O,-7.4,3.350511283754601,17_935
O=C(OC[C@H](Cc1c[nH]c2ccccc12)N1C(=O)c2ccccc2C1=O)c1ccccc1,-7.7,3.5763070061401536,17_936
C#CC(CC)(CC)NCc1coc(-c2cccc(O)c2)n1,-5.7,3.660324267633972,17_937
O=C1c2ccccc2C(c2cccc(-c3cccc(C(I)NC4CC4)c3)c2)N1c1ccc(F)c(Cl)c1,-8.3,3.0694875642888366,17_938
O=C(c1cnc2ccc(-c3cc(F)c(O)c(Cl)c3)cc2c1Nc1cccc(C(F)(F)F)c1)C(F)(F)F,-8.4,3.39528269824904,17_939
O=C(Nc1ccc(F)cc1F)c1cccc(-c2ccccc2C(=O)NCCC2CCNCC2)c1,-7.9,3.5777162229322252,17_940
O=c1[nH]c(=O)n(Cc2ccoc2)c2c1C(C(F)(F)F)(C(F)(F)F)N=C(c1ccc(F)c(Br)c1)N2,-7.3,3.4986842907679936,17_941
O=[N+]([O-])c1ccc(-c2cncc(-c3ccc(F)cc3)n2)cc1,-7.2,3.6340022072554063,17_942
ON=C(c1cccnc1OCc1ccccc1F)N1c2ccccc2C=Cc2ccccc21,-8.2,2.271665578000057,17_943
Cc1cc(COc2ccccc2-c2ccc(F)cc2)nc(NCc2ccco2)n1,-6.7,3.668954963820811,17_944
CC(C)(C)N(Cc1ccccc1)C(=O)CSc1nc2ccccc2cc1-c1ccccc1N1C(=O)c2ccccc2C1=O,-8.3,3.1674496788787208,17_946
C[C@@H](Nc1ncnc2[nH]c(-c3ccc(OCCCN4CCOCC4)cc3)cc12)c1ccccc1,-6.0,3.512288927288332,17_947
COc1[nH]nc2cc(NC(=O)N[C@@H](c3ccccc3)C(C)O)nc(-c3ccccc3)c12,-7.2,3.4885721363669786,17_948
CC(=O)Nc1ccc(Oc2ccc(-c3nc4cc(-c5nc6cc(Cl)c(Cl)cc6[nH]5)ccc4[nH]3)cc2)cc1,-7.3,3.254487358610938,17_949
CCOC(=O)c1ccc(/C=C/C(=O)Nc2ccc(Nc3nccc(-c4ccccc4)n3)cc2)cc1,-6.4,3.439907743004094,17_950
CCNc1[nH]nc2cc(NC(=O)N[C@H](C)c3ccc(F)c(Cl)c3)ncc12,-6.8,3.567332462079298,17_951
O=C(c1ccc(NS(=O)(=O)c2cccc3cccnc23)cc1)N1CCC(O)(c2ccccc2F)CC1,-7.8,3.6018372038613613,17_952
CC1C=CCCC(=NC(=O)Cn2ncc(N3CCc4ccccc4C3)cc2=O)C=CC1,-7.0,1.3957243456287065,17_953
COc1ccc(CNC(=O)CNC(=O)Cc2ccc(Oc3ccc([N+](=O)[O-])cc3)cc2)cc1,-6.5,3.5039912216562787,17_954
O=C(Cc1ccccc1)N1N=C(C(F)F)CC1(O)C(F)F,-6.2,3.538427878332133,17_955
O=Cc1c(-c2nc(NCc3ccccc3)c3cc(Br)ccc3n2)[nH]c2ccccc12,-7.8,3.469378906293694,17_956
O=C(c1ccc(Nc2nc3ccccc3n3nnnc23)cc1)N1CCN(S(=O)(=O)c2cccs2)CC1,-8.4,3.3225914122145648,17_957
CC(C(=O)Nc1nnc(CCCCc2nnc(NC(=O)C(C)c3ccccc3)s2)s1)c1ccccc1,-6.4,3.3593132805432675,17_958
CC(C)=CCc1cc(C=CC(C)(C)O)c(O)cc1O[C@]12C(C=O)=CC3C[C@H]1C(C)(C)O[C@@]2(C/C=C(\C)C=O)C3=O,-6.2,2.8351424952437125,17_959
Cc1ccc(C2CC(c3cccs3)=NN2c2cc(=O)[nH]c(N)n2)cc1,-7.5,3.7339285216016735,17_960
Cc1ccc(S(=O)(=O)N2[C@@H](c3cccc(F)c3)C(C(=O)O)=CC[C@H]2c2cccc(Cl)c2)cc1,-7.6,3.6985284184065277,17_961
O=C(N[C@@H]1CC[C@@]2(O)[C@H]3Cc4ccc(O)c5c4[C@@]2(CCN3CC2CC2)[C@H]1O5)c1cc2cc(Cl)ccc2[nH]1,-7.3,3.1479976920004757,17_962
Nc1[nH]nc2cccc(-c3cccc(NC(=O)C4(c5nc6cc(Cl)c(F)cc6[nH]5)CC4)c3)c12,-9.0,3.3735828234250427,17_963
COc1ccc(C(=O)Nc2ccc(C)c(NC(=O)c3ccc(C)cc3)c2)cc1,-6.6,3.701277416574296,17_964
Cc1ccccc1-n1cc(-c2ccccc2)nc1SCC(=O)Nc1ccccc1-c1ccccc1,-7.8,3.346599752399001,17_966
N#CC=Cc1c(Nc2cccc(Cc3ccccc3)c2)ncnc1N1CCc2ccccc21,-7.6,3.546372900571556,17_967
Cc1ccccc1OCc1cn(-c2ccccc2NS(=O)(=O)c2cccs2)nn1,-6.4,3.6608516745015596,17_968
COc1ccc(Cc2cnc(NCc3ccc(F)cc3)s2)cc1OC,-6.0,3.767942356127705,17_969
O=c1cc(O)n(-c2cccc(Cl)c2)c(Nc2ccccc2)n1,-7.4,3.75026881848665,17_970
CC(C)=CCC[C@H](C)[C@@H]1CC[C@]2(C)C3=CC[C@H]4C(C)(C)[C@@H](O)CC[C@]4(C)[C@H]3CC[C@@]12C,-6.1,2.578714302304778,17_971
O=C(NCc1ccc(F)cc1)c1ccc(C(=O)Nc2ccccc2C(=O)N2CCOCC2)cc1,-7.9,3.7007462499534824,17_972
Cc1ccc2c(Nc3ccc(F)cc3)c3c(nc2c1CO)-c1cc2ccccc2c(=O)n1C3,-7.7,3.511139620357035,17_973
O=c1c2ccccc2nc(-c2ccc3c(c2)OCO3)n1-c1cccc(S(=O)(=O)N2CCOCC2)c1,-8.4,3.4639545114746184,17_974
COC=C1C=CC(C2=NNC3(C2)c2ccccc2Nc2ccccc23)=C1,-8.0,3.405867549881199,17_975
COc1cccc(CNC(=O)c2cc(-c3cncc(C)c3)ncc2-c2cccs2)c1,-7.6,3.6863311540322172,17_976
C=CC(=CC=CS(=O)(=O)C1=CC=CCC=C1)c1ccc(C2SCCOC2c2cc3cccc(C)c3[nH]c2=O)cc1,-6.5,2.3982257761730743,17_978
O=C(Oc1ccc2ccccc2c1Br)c1ccccc1OCc1c(F)cccc1Cl,-7.2,3.3899511326441987,17_979
O=C(CN=C1C=C(c2ccc3c(c2)OCO3)NC1)Nc1cccc(F)c1,-7.4,3.67528433523954,17_980
NC(=O)C=C1C=Cc2cccc[n+]2N=CC1,-5.7,1.4765823976219785,17_981
O=C(Nc1cccc(-c2cccc(-c3nc4cc(F)ccc4[nH]3)c2)c1)Nc1nc(C(=O)O)cs1,-8.4,3.3228047686636604,17_982
O=C(Nc1ccccc1)Nc1ccc(-c2nc(N3CCOCC3)nc(N3CCOCC3)n2)cc1,-7.8,3.539601962928711,17_983
O=C(O)c1ccc(Nc2ncc(Br)c(N[C@@H]3CCCCOCC3)n2)cc1,-7.6,1.7871801099925797,17_984
Cc1ccc(C(=O)NCc2ccc(C(=O)N3CCN(C(C)C)CC3)cc2F)cc1,-6.4,3.7384069456260556,17_985
Cc1ccc(NC(=O)c2cc([N+](=O)[O-])cc([N+](=O)[O-])c2)cc1C(=O)Nc1cccnc1,-6.6,3.4463261456969905,17_986
O=C(C1COC[C@H]2CN(C3CCOCC3)C[C@@H]12)N1CCOCC1,-6.3,3.059020846981128,17_987
CN(C)CCCNc1nc(-c2ccccc2N2C(=O)c3ccccc3C2=O)nc2ccccc12,-8.0,3.5395253538781875,17_988
CC1C(CNC(=O)c2ccccc2Nc2c3ccccc3nc3ccccc23)=CC=C1OC1=CC(C(=O)O)C=C1,-8.0,3.230333271645204,17_989
O=C(Nc1ccccc1C(=O)N1CCCCC1)c1cc2ccccc2o1,-8.4,3.7462519836963892,17_990
O=C(Nc1nccs1)c1ccc2ccccc2c1O,-7.3,3.6742464501374528,17_991
O=C(Nc1ccc(C2=CCN(C(=O)c3ccccc3)CC2)cc1)N1Cc2ccccc2C1,-6.8,3.5470462554424094,17_992
C[C@@H](C[C@@H]1COC[CH]N1C)NC(=O)c1cn(-c2ccc(F)cc2)nn1,-6.6,3.7510828851825675,17_993
NS(=O)(=O)c1ccc2c(c1)C(=O)N(c1ccccc1C(F)(F)F)C2=O,-6.9,3.610747290141075,17_994
Oc1cccc(-c2ccc3c(NCc4ccccc4)[nH]nc3c2)c1,-8.2,3.5550129585044137,17_995
Cc1ccc(C(=O)NNC(=O)c2cc3ccccc3cc2O)cc1,-7.0,3.565230594837076,17_996
C[C@]12Cc3cnn(-c4ccc(F)cc4)c3C=C1CC[C@@]2(O)CCc1cccc(F)c1,-7.3,3.602778166179619,17_997
COc1ccc(NC(=O)c2cccc(Cc3n[nH]c(=O)c4c3CCCC4)c2)cc1,-7.7,3.7478344108093706,17_998
O=C(Nc1ccc(Sc2ncccc2Cl)cc1)Nc1ccccc1C(=O)Nc1ccccc1F,-7.7,3.4968001033667218,17_999
Cc1noc2nnc(C(=O)NC3CCN(Cc4ccc5c(c4)OCO5)C3)cc12,-7.6,3.5798985318381584,17_1000
Cn1ncc2c(NCC3CCN(CCC#N)CC3)nc(-c3ccccc3)nc21,-6.7,3.7448159831019923,17_1001
O=C(Nc1cccc(-c2cccc(Cl)c2)c1)c1ccc(S(=O)(=O)Nc2nccs2)cc1,-7.6,3.6254166995607324,17_1002
O=C(CN(C(=O)c1cc2ccccc2oc1=O)c1cccc(-c2nn[nH]n2)c1)Nc1cccc(C(=O)O)c1Cl,-8.4,3.0664504481627146,17_1003
O=C(Nc1ccc(S(=O)(=O)N2CCCC2)cc1)c1cnccn1,-6.0,3.7192816101457176,17_1004
O=C(COc1ccccc1Cl)Nc1nc(-c2ccccc2)nc2ccccc12,-8.3,3.698875948618017,17_1005
O=C(NCCn1nc(C(F)(F)F)c2c1CCC2)c1cccc(Oc2ccccc2)c1,-7.0,3.7696669742901623,17_1006
COc1cccc(NC(=O)Nc2cccc(-c3cn4ccnc4c(Nc4ccccc4)n3)c2)c1,-7.7,3.3349784871343298,17_1007
Cc1ccc(NC(=O)c2cc3n(n2)C(C(F)(F)F)CC(c2ccc4ccccc4c2)N3)cc1,-8.3,3.608025899901486,17_1008
O=C(Cn1c(=O)oc2ccccc21)c1ccc2c(c1)OCO2,-6.4,3.644331760901758,17_1009
COc1cc2c(Oc3ccc(NC(=O)c4ncccc4C)cc3Cl)ccnc2cc1OCCCN1CCCC1,-7.0,3.395665152613205,17_1010
COc1ccc(-c2ccc3c(c2)[C@@H]2[C@@H](CCN2S(=O)(=O)c2ccccc2C)C(C(=O)O)C3)cc1,-7.8,3.646693193732916,17_1011
O=S(=O)(c1ccc2c(c1)OCO2)N1CCC(c2nc3cc(O)ccc3[nH]2)CC1,-7.8,3.62394866252425,17_1012
O=C(N[C@H]1CCN(Cc2ccc(OCCCN3CCCCC3)cc2F)C1)c1csc2ccccc12,-6.9,3.4712621087843303,17_1013
Cc1ccc(O)c(-c2nnc(NC(=O)c3ccc(OC(F)(F)F)cc3)o2)c1,-7.4,3.6861723649660476,17_1014
N#Cc1cccc(NC(=O)C2CCN(c3nccc4sccc34)CC2)c1,-6.5,3.772109798821379,17_1015
COc1ccc(C(=O)CC=Nc2cccc(Cl)c2)cc1CN1CCC(O)CC1,-7.0,3.6483448011181485,17_1016
CCC(=NC(=NC=N)c1cc2ccccc2c2ccccc12)c1ccccc1,-7.1,3.213919751817027,17_1017
COc1ccc(-c2ccc(C(=O)N(C)c3ccc(Cl)nc3)cc2)cc1,-6.4,3.6487851366597077,17_1018
O=C1c2cccc3cccc(c23)C(=O)N1CCNC(=S)Nc1cccc2ccccc12,-5.5,3.5176468353277945,17_1019
O=C(CN(Cc1ccc(F)cc1)C(=O)c1ccc(F)cc1)Nc1ncc(Cl)cc1Cl,-8.1,3.7143723005075,17_1020
CCC(C=Cc1ccc[nH]1)=Nc1c(C#N)cncc1/C=C/CCNCC(F)(F)F,-5.8,3.58319647603658,17_1021
COc1ccc(S(=O)(=O)Nc2ccccc2-c2ccccc2)cc1S(=O)(=O)N1CCOCC1,-7.4,3.6941927928274687,17_1022
O=C(N/N=C/c1ccccc1N=Nc1ccc2ccccc2c1)c1ccccc1Nc1ccccc1C(=O)Nc1nccs1,-8.0,2.8797153515222456,17_1023
CNC(=O)c1cccnc1OC,-4.6,3.400230991581371,17_1024
Cc1nccn1CCNC(=O)c1cn(Cc2ccccc2NC(=O)c2ccccc2CO)cn1,-7.1,3.463945475432083,17_1025
CN=C1NC=C1C(C(=O)Nc1ccc(-c2cccc(F)c2)cc1)c1c[nH]c2ccccc12,-7.9,3.488193634070881,17_1026
O=C(Nc1cccc2ncccc12)c1ccccc1Sc1ccc2c(C=Cc3ccccn3)[nH]nc2c1,-8.2,3.4270183625244206,17_1027
Nc1sc2cnccc2c1-c1ccc(Cl)cc1,-5.4,3.6273945623786332,17_1028
O=C(NNC(=O)c1c2ccccc2c(O)n1Cc1ccccc1)c1ccccc1Oc1ccccc1,-8.1,3.274932809345617,17_1029
Cc1cc(C#N)cc(C)c1Oc1ccnc(NC2CCN(CC(=O)c3cc4cccc(F)c4o3)CC2)n1,-7.4,3.4852715723483563,17_1030
O=C(NC1CC2CCC1C2)C1c2ccccc2Oc2ccccc21,-7.2,3.404965940637334,17_1031
COC=CCC(Cl)=NC(=O)c1cccc(NCc2cc(O)ccc2O)c1,-6.5,3.4759089920493036,17_1032
C[C@H](NC(=O)CNC(=O)CNC(=O)c1ccccc1F)c1ccccc1,-6.3,3.6215935518685765,17_1033
Cc1ccc(CN2CCN(Cc3ccccc3CCc3cccc(Cl)c3)CC2)cc1,-6.8,3.3884495240376884,17_1034
CS(=O)(=O)c1ccc(-n2cc(C(F)(F)F)nc2-c2ccc(Cl)cc2)cc1,-7.3,3.6794944830240355,17_1035
N#Cc1cccc(Nc2nccc(Nc3cc4cc(Cl)ccc4nn3)n2)c1,-7.4,3.631333515747963,17_1036
COCCNc1nc(-c2ccc(NC(=O)CO)cc2)cc2ncn(C)c(=O)c12,-7.1,3.449057897527503,17_1037
CN1CCN(c2ccc(Nc3nccc(-c4c[nH]c5ccccc45)n3)cc2)CC1,-7.3,3.6842884457314335,17_1038
CNC(=O)c1ccc(Oc2ccc(-c3ccccc3-c3nn[nH]n3)cc2OC)c(-c2ccncc2)c1,-8.3,3.4414808857872723,17_1039
CC1(C)C=C2C(C(=O)C1)C(c1cc3cc(Cl)ccc3nc1Cl)C1=C(CC(C)(C)CC1=O)N2Nc1ccc(Cl)cc1,-7.8,3.211990585424972,17_1040
CCc1ccc(NC(=O)Cn2ccccc2=O)cc1,-6.1,3.6845314020049758,17_1041
CNC[C@@H](NC(=O)c1ccc(-c2nc([C@@H]3CC[C@@H](O)[C@H](F)C3)cnc2N)cc1F)c1cc(F)cc(Br)c1,-7.7,3.4214161612316243,17_1042
O=C(Nc1cccc(CN2CCC(C(=O)NC3CCCCC3)CC2)c1)c1cc(=O)c2ccc(F)cc2o1,-7.7,3.5650543008910747,17_1043
O=C(Nc1ccccc1C(F)(F)F)NC1CCN(C2=NS(=O)(=O)c3ccccc3N2c2ccccc2)CC1,-8.5,3.533415183904782,17_1044
N#CC1CCCN(C(=O)c2cnn(-c3nc(=O)c4c([nH]3)CCC4)c2)CCc2ccccc21,-7.6,1.453470582961291,17_1045
O=C(Nc1ccc2nc(-c3ccccc3)c(-c3ccccc3)nc2c1)c1ccccc1,-8.4,3.5099894925382,17_1046
O=C(CN(Cc1ccccc1)c1cccc(-n2cnnc2)c1)Nc1ccc2c(c1)OCO2,-7.5,3.6647600417581394,17_1047
COc1ccc(NC(=S)N=Nc2c(O)[nH]c3c(Br)cc(Cl)cc23)cc1,-6.4,3.484366788555983,17_1048
COc1ccc(-n2c(SCC(=O)Nc3ccc4c(c3)OCO4)nnc2-c2ccc(Cl)cc2)cc1,-6.7,3.5083479175267556,17_1049
CC(=O)OC(=O)C(C)[C@H]1CC[C@H]2C3C(=O)C[C@@H]4CC(=O)CC[C@]4(C)[C@H]3CC[C@]12C,-7.0,3.058105197430155,17_1050
C=CC=CC=Cc1cc(N(Cc2ccc(F)cc2)C(=O)c2cccc(F)c2)ccc1NS(=O)(=O)C1=CC=CC1,-6.7,3.4260972770789238,17_1051
CCc1c(-c2ccc(O)cc2)n(Cc2ccc(OCCN3CCC[C@@H](C)C3)cc2)c2ccc(F)cc12,-6.4,3.4898592063124294,17_1052
CN(C)S(=O)(=O)C1=CC=C(N2Cc3ccc([N+](=O)[O-])cc3N=C2SCCC#N)OC=C1,-6.5,2.1917633472307667,17_1053
O=c1c2ccccc2oc2c1c(O)cc1oc(-c3ccco3)nc12,-7.6,3.5239063891076325,17_1054
COc1cc2c(cc1C(F)(F)F)N(C(=O)Nc1cncc(C=CSc3ncc[nH]3)c1)CC2,-6.8,3.6093197700072643,17_1055
C1=CN2CCNC(CC2)CC(NCCc2cc3ccccc3c3ccccc23)N=N1,-7.7,1.4275591841524484,17_1056
O=C(/C=C/c1cccc(OC(=O)c2cccc(Nc3ccccc3)c2)c1)c1cccnc1,-7.6,3.3412975846440762,17_1057
COc1ccc(N2CCN(CCCNC(=O)C3CCCCC3C(=O)NC3(C#N)CC3)CC2)cc1C1=NCCN1,-6.4,2.8861200794975104,17_1058
CN(C)c1nn(-c2ccccc2F)c2ncnc(N/N=C/c3ccc(Cl)cc3)c12,-7.1,3.5859907377507043,17_1059
Cc1nc2ccccc2nc1-c1nn(C)c2ccc(NC(=O)c3cnc(-n4ccc5cc(C#N)cnc54)cc3NC(C)C)cc12,-7.9,3.1716510642900104,17_1060
COc1c(Nc2ncc(Cl)c(Nc3ccccc3C(=O)NCC#N)n2)ccc2c1CCCC(C)(c1ccc(F)cc1)CC2,-6.3,1.3602112918048173,17_1061
COC=C1C=CC(C=NOC(=N)Cn2c(=O)n(Cc3ccco3)c(=O)c3ccccc3[n+]2=O)=C1,-7.3,2.096296132716583,17_1062
N=C(N)N1CCc2cccc(-c3cccc(OC[C@@H](CO)CC(=O)O)c3)c2C1,-7.8,3.439723074182642,17_1063
O=C(c1ccc2c(c1)OCO2)N1CCN(c2cccc(Cl)c2)CC1,-6.8,3.6351611888404265,17_1064
Cc1cc(C(=O)Nc2ccc3c(c2)C[C@@H](NCc2ccccn2)C3)ccc1F,-7.0,3.7072121217053797,17_1065
Cc1ccc2[nH]c(-c3cccc(Nc4nc5ccccc5[nH]4)c3)nc2c1,-8.0,3.466538200911751,17_1066
Cc1ccccc1N1CCN(C(=O)Cn2c(C)cc3nc4n(c(=O)c32)CCC4)CC1,-7.9,3.594087659129777,17_1067
O=C(Nc1cccc(-c2cn3c(n2)SCC3)c1)c1cccc(-n2cncn2)c1,-7.2,3.688251886320692,17_1068
C[C](c1nc2cc(F)ccc2[nH]c1=O)[C@H]1CC2CCN1CC2,-6.8,3.4892743773735715,17_1069
O=c1[nH]cc2cc(S(=O)(=O)Nc3ccc(S(=O)(=O)Nc4nccs4)cc3)c3ccccc3n12,-8.3,3.2785475214647946,17_1070
O=C(Nc1cc(-c2cccc(CN3CCOCC3)c2)nc2ccccc12)c1ccc(O)cc1,-8.2,3.6303392613489884,17_1071
O=C(Nc1ccc(-c2nc3cc(Nc4ccc(OCc5ccccc5)cc4)ccc3[nH]2)cc1)Nc1ccccc1Cl,-6.9,3.0120087927068027,17_1072
N#Cc1c(-c2ccc(O)cc2)cc(-c2ccccc2[N+](=O)[O-])nc1N,-7.3,3.584760250421744,17_1073
COc1ccccc1NC(=O)CSc1nccn1Cc1ccc(F)cc1,-6.7,3.7205797772172087,17_1074
CN(C)C(=O)C(c1ccccc1)N1CCN(S(=O)(=O)C[C@H]2CC[C@H](N(C)c3ncnc4[nH]ccc34)CC2)CC1,-6.8,3.4798748008742404,17_1075
O=C(NC(CC1CCCCC1)C(=O)Nc1ccc(CN2CCCCCC2)cc1)c1cccc(-c2ccc(Br)cc2)c1,-7.7,2.2572840502004765,17_1076
COC(=O)c1ccccc1NC(=O)c1ccccc1NS(=O)(=O)c1ccc(Oc2ccccc2-c2ccccc2)cc1,-7.3,3.1189712558780114,17_1077
O=C(CNC(=O)c1ccc([N+](=O)[O-])cc1)Nc1nc2ccc(Br)cc2s1,-6.9,3.5392998319077886,17_1078
O=C(CCNc1cc2cc(-c3ccccc3C(F)(F)F)ccc2cn1)Nc1ccc2c(c1)OCCO2,-7.5,3.5776606074716755,17_1079
O=C1CCc2ccc(OCCCCN3CCN(c4cccc5ccccc45)CC3)cc2N1,-6.6,3.5594550160248257,17_1080
COc1ccc(OCc2cc(C(=O)N3CCN(c4cccc(Cl)c4)CC3)no2)cc1,-6.7,3.7262469464570813,17_1081
C[C@@H](c1ccc(Cl)cc1)n1nnc2c1NC(=O)C[C@]21C(=O)N(Cc2ccccc2)c2ccc(Br)cc21,-8.4,3.5276553420664243,17_1082
CCNC(=O)N=C(COC(=O)c1ccccc1Nc1ccc(C)c(C#N)c1OC)CC(=O)OCC,-6.2,3.392460162282796,17_1083
CC(C)C[CH]C1Oc2cc(NC(=O)c3ccc(F)cc3)ccc2O[C@@H]1CN(C)Cc1cccc2ccccc12,-8.8,3.437238584305934,17_1084
C=CC(=CC=CC(=N)N)CNC(=O)CN=C(c1ccccc1)C(c1ccccc1)c1cncnc1Oc1ccccc1,-7.8,3.0267844928261107,17_1085
FC=CC=CCCCCNCCC1CC=CC=CNC=CC=CNC1,-5.4,1.1055148050283234,17_1086
O=C(Cc1ccc2c(c1)C(=O)c1ccccc1-2)Nc1ccc(Cl)cc1C(=O)c1ccccc1,-7.7,3.438935473113744,17_1087
O=C(O)c1ccnc(-c2cc(NC(=O)c3ccccc3)ccc2CO)c1,-7.4,3.6648115727234867,17_1088
O=C(c1ccc(-c2ccc(O)c(Cl)c2)o1)N1CCN(c2cccc(C(F)(F)F)c2)CC1,-7.3,3.7249488964657105,17_1089
O=C(Nc1ccc(CN2C(=O)C3CC=CC=CC=N[N+]32)cc1)c1ccc(Br)cc1,-7.3,1.4794020607556293,17_1090
Nc1ccc(CCNc2nccc(Nc3cc4cc(-c5cccc(F)c5)ccc4o3)n2)cc1,-7.3,3.3493082487865298,17_1091
COc1ccc(Cl)cc1NC(=O)C[S+]([O-])CC(=O)Nc1c(C)n(C)n(-c2ccccc2)c1=O,-6.2,3.5421746236586658,17_1092
O=c1oc2ccccc2c2cccc([N+](=O)[O-])c12,-6.5,3.333942490371019,17_1093
CN(C)C(=O)C1C(CNC(=O)c2ccc3c(c2)OCO3)=NC(=O)NC1c1ccccc1,-7.3,3.588479066564503,17_1094
O=S(=O)(Nc1nccs1)c1ccc2c(c1)OCC[C@@H]2c1ccc(C(F)(F)F)cc1-c1ccc(F)cc1,-7.9,3.5206341890660102,17_1095
O=C(Nc1cccc(-c2nnco2)c1)c1cccc(-c2cccc(N3CCCC3)c2)c1,-7.7,3.675101246820678,17_1096
COc1ccc2c3c([nH]c2c1)[C@H](CO)N(c1ccc2c(c1)OCCO2)CC31CCN(S(=O)(=O)c2ccccc2F)CC1,-8.2,3.2745731167570313,17_1097
CC(C)N(C)c1cnc(C2=CC=CN(C)CC=C2)nc1Nc1ccccc1S(C)(=O)=O,-7.1,1.8803654672851335,17_1098
O=C(Nc1ccc(S(=O)(=O)Nc2nccs2)cc1)c1ccc(NS(=O)(=O)c2cccs2)cc1,-7.0,3.3552318197970883,17_1099
C=CCCOc1ccccc1C(=O)Nc1ccc2c(c1)C(=O)N(C)C2=O,-6.7,3.603698122549707,17_1100
Cc1c(NC(=O)c2ccc(N(C)C)cc2)cccc1-c1cccc(-c2cc(CC=CC=CN(C)C)n(-c3ccc(Cl)cc3Cl)n2)c1,-6.8,3.0554107906221137,17_1101
C=CCC1(CCCCC)NC(=O)NC1=O,-4.5,1.9997749062920338,17_1102
O=C(c1cccc2ccccc12)N1CC(=O)N(Cc2cccc(C(F)(F)F)c2)[C@@H](CCc2ccccc2)C1,-7.8,3.4288052613564526,17_1103
COC1=CC=C(c2cc3c(N[C@@H]4CC[C@](C)(N)C4(C)C)c(C(N)=O)cnn3c2C)C1C(F)(F)F,-7.0,3.5136380845780666,17_1104
O=C(c1ccc(Oc2ccc(-c3cc(F)c(F)c(F)c3)cc2)cc1)N1CCc2ccc(O)cc2C1,-7.9,3.5231646919858033,17_1105
O=S(=O)(c1ccc(-c2ccc(C(F)(F)F)c(F)c2)cc1)c1ccccc1Br,-6.8,3.497532995373448,17_1106
CCCC(=O)Nc1ccc2ncn([C@@H]3C=C(F)[C@@H](n4cnc5c(NCc6ccccc6)ncnc54)C3)c2n1,-7.3,3.295315875937816,17_1107
C=Cn1c(C2C=CC(=O)Oc3ccccc32)nc(-c2ccccc2)c1-c1ccccc1,-6.9,2.3826563533117993,17_1108
CC1=Nc2nc(NC(=O)c3ccc4c(c3)OCO4)nn2C(c2ccccc2)C1,-7.1,3.6441092714084213,17_1109
COc1cccc(F)c1C(C)NC(=O)Nc1cccc(-c2nc3ccccc3c(=O)o2)c1,-8.2,3.6649346676946557,17_1110
O=C(Nc1cccc(-c2nc3ccccc3[nH]2)c1)c1cc2ccncc2c(=O)[nH]1,-7.7,3.514421204513357,17_1111
Cc1ccc(NC(=O)CN2CCN(S(=O)(=O)c3ccc(F)cc3)CC2)cc1Cl,-6.4,3.791291890689913,17_1112
Cc1cc(C(=O)NCCc2ccccn2)ccc1-c1nc2ccccc2s1,-6.5,3.700685242953398,17_1113
O=C(Nc1ccc(-c2nnc(NCCCCN3CCOCC3)o2)c(Cl)c1)c1cccc(C(F)(F)F)c1,-6.5,3.492270234102674,17_1114
O=C(Nc1ccc2c(c1)OCO2)c1cccc(-c2ccc3nccc(-c4ccccc4F)c3n2)c1,-9.3,3.441363572401469,17_1115
O=C(c1ccc2cc(Br)ccc2c1)C1Cc2ccccc2C1O,-7.1,3.5537406181800764,17_1116
O=C(N/N=C/c1cccc(Oc2ccccc2)c1)c1cc(-c2ccccc2)nc2ccccc12,-7.6,3.3905734666774947,17_1117
O=C(COC(=O)c1csc(Br)c1Br)Nc1ccccc1-c1ccccc1,-6.2,3.6763152270393653,17_1118
O=C(c1ccc(C2CN(C(=O)c3ccc(-c4ccc(OC(F)(F)F)cc4)cc3)CN(c3ncccn3)C2)cc1)C1CC1,-7.1,3.3035608383193913,17_1119
O=c1cc(-c2ccc(-c3ccccc3)s2)oc2ccccc12,-7.6,3.519018825770689,17_1120
COc1ccc(CCNc2ncc(C(=O)NCCN(C)C)cc2-c2nc3ccccc3s2)cc1OC,-6.8,3.4650149170877587,17_1121
O=C(COc1ccc2c3c(c(=O)oc2c1)CCC3)N1CCN(c2cccc(C(F)(F)F)c2)CC1,-7.6,3.5740971389512275,17_1122
COc1cccc2c1OCC(CC(=O)N/N=C/c1cc(OC)c(OC)c(OC)c1)=C2,-6.3,3.612941480296155,17_1123
O=C(Nc1ccc(OC(F)(F)Cl)cc1)c1cnc(N2CC[C@@H](O)C2)c(-c2cccc(OC(F)F)c2)c1,-7.0,3.4888265526763296,17_1124
[CH][C@@H]1C[C@]2(O)O[C@](O)(C[C@@H]2O)[C@H](OC(=O)c2ccccc2)[C]2O[C@]3(C[C](C)[C](O)[C@H](OC(=O)c4ccc[nH]4)[C](O)C(C)C)O[C@](C)(O)C[C@]3(O)O[C@H]2O1,-7.5,0.2628287271025673,17_1125
CNC(=O)c1c(N(C)C=O)nc(NCCCN2CCN(c3ccccc3)CC2)n1-c1ccc(Cl)cc1,-6.8,3.455010306824449,17_1126
COc1ccc(-c2nc3cnc(N(C)C)nc3n(C[C@H]3CCCO3)c2=O)cc1OC,-7.4,3.574410630331485,17_1127
O=C(c1cccnc1)N1CCCN(C(=O)c2cc(-c3ccc(C(F)(F)F)cc3)ncn2)CC1,-7.7,2.734749468377931,17_1128
O=C(c1ccc(Br)cc1NS(=O)(=O)c1cccc([N+](=O)[O-])c1)N1CCCCC1,-7.0,3.603259928214029,17_1129
CC(=O)NCc1cccc(-c2ccc(-c3nc4[nH]c(O[C@@H]5CO[C@H]6[C@@H]5OC[C@H]6O)nc4cc3Cl)cc2)c1,-7.9,3.3812095460191545,17_1130
N=C(Nc1ccc2[nH]c(C3CC=CC=NC(=S)NC(=O)C=CCC=C(Cl)C3)nc2c1)c1cccs1,-8.1,1.8210125365814749,17_1131
O=C(NC(=S)Nc1nccs1)c1cc2ccccc2o1,-6.2,3.6206475254449075,17_1132
O=S(=O)(Nc1cccc(F)c1)c1ccc(-c2cnc3[nH]ccc3c2)cc1C(F)(F)F,-8.1,3.5855661811332147,17_1133
Cn1c(=O)c2c(ncn2CC(=O)Nc2nc(-c3ccccc3)cs2)n(C)c1=O,-8.1,3.531909173450698,17_1134
O=CC1C2CCCN2C(=O)C(Cc2ccccc2)N1C(=O)NCc1cccc2ccccc12,-7.9,3.5917057014733125,17_1135
O=C(Nc1c(C(O)(C(F)(F)F)C(F)(F)F)ccc2ccccc12)c1ccccc1Br,-7.7,3.5348738102158803,17_1136
O=C(c1ccccc1F)N1CCN(C(=O)c2ccc(-c3cc(Oc4cccc(Cl)c4F)ccn3)cc2F)CC1,-7.9,3.510813478879908,17_1137
COc1ccc(Nc2nccc(-c3c[nH]c4ccc(OC)cc34)n2)cc1,-7.4,3.69011038910385,17_1138
O=C(c1cc[n+](-c2cccc(F)c2)cc1)N1CCN(c2nccc(Oc3cc(Cl)cc(Cl)c3)n2)CC1,-6.8,3.533648617477605,17_1139
Cc1ccc(F)cc1Oc1c(C(=O)N2CCNCC2)c2cc(NC(=O)c3ccc(F)cn3)ccc2n1Cc1ccccc1,-7.7,3.3507222385301505,17_1140
O=C(Nc1cccc(-c2nn[nH]n2)c1)C1CCCN(Cc2ccccc2F)C1,-7.8,3.7539068425867095,17_1141
C(=Cc1ccccc1)CC1=NCCc2c1[nH]c1ccc(-c3ccccc3)cc21,-7.8,3.3374586736791647,17_1142
CSc1nnc(C(C)C)n1Nc1cccc(C(F)(F)F)c1,-6.0,3.6543211589948834,17_1143
O=C(NC1CCCCC1)N1CCN(c2ccc3nnc(-c4ccc(F)cc4)n3n2)CC1,-8.0,3.646598114627232,17_1144
Cc1cccc(NC(=O)Nc2ccccc2Oc2ccccc2Cl)c1,-7.2,3.6295915960351146,17_1145
O=C(Nc1cccc(-c2cccc(-c3nc4ccccc4[nH]3)c2)c1)Nc1cccc(C(F)(F)F)c1,-8.1,3.2344802145833893,17_1146
N=C(Nc1cccc(-c2cccc(C3CNCCO3)c2)c1)c1cccnc1,-8.2,3.5507186000093336,17_1147
N#Cc1c(-c2ccc(O)cc2)cc(-c2ccccc2)nc1Nc1ccc2ccccc2c1,-8.8,3.4741587728964314,17_1148
O=C(N[C@H]1COc2cccc(-c3ccccc3)c2C1)c1ccncc1,-7.4,3.7215086487574722,17_1149
COC=CC=CS(=O)(=O)N1CCC2(CC1)N=C(c1cccc3ccccc13)NC2C=CCC=O,-7.5,3.3418177148783563,17_1150
Clc1ccc(-c2nnc(SCc3nnc(-c4ccccc4)o3)n2-c2ccccc2)cc1,-8.0,3.4111968231731433,17_1151
O=C(c1cc(Cc2n[nH]c(=O)c3ccccc23)ccc1F)N1CCn2ncc(F)c2C1,-8.5,3.67540559749391,17_1152
O=C(Nc1ccc(Cl)cc1C(=O)c1ccccc1Cl)c1ccccc1,-7.5,3.636378879465651,17_1153
O=C(NC1CCCC(Nc2cccc(C(F)(F)F)c2)(C(=O)N2CCN(c3ccccc3)CC2)C1)c1cccc(-c2ccccc2)c1,-9.0,3.2918969716512656,17_1154
COc1ncc(-c2ccc3c(Nc4cccc(-c5ccc6c(c5)OCCO6)c4)ccnc3c2)cc1C(F)(F)F,-8.1,3.423052018571215,17_1155
CCC1CCCc2ccccc2/C1=C/c1ccc(C)o1,-6.2,2.254695647423662,17_1156
O=C(Nc1ccc(Cl)cc1)Nc1nc(-c2ccccc2)cs1,-6.7,3.7126833786207936,17_1157
CC1CCN(c2ccccc2NC(=O)Nc2ccc(Oc3ccccc3)cc2)CCO1,-7.8,2.710445231755927,17_1158
CC1CCCC(NC(=O)Cn2[nH]c3cc(Cl)cc(Nc4ccc(F)c(Cl)c4)c3c2=O)C1,-7.9,3.6171211864339403,17_1159
O=C(Cc1ccc(-c2ccc(C(F)(F)F)cc2)cc1)c1ccccc1C(=O)NC(c1ccccc1)c1ccccc1,-6.5,3.138096843881975,17_1160
O=C(Cc1cccc(OC(F)(F)F)c1)Nc1ccc(CCCCc2nnc(NC(=O)Cc3ccc4c(c3)OCO4)s2)nn1,-6.8,3.0631561955489266,17_1161
O=C(c1cc(Cc2n[nH]c(=O)c3c2NCCC3)ccc1F)N1CCN(C(=O)C(F)(F)F)CC1,-8.2,3.4864605241060977,17_1162
O=C(NCCc1ccc(Cl)cc1)C1CCCN(C(=O)c2cccc(-c3ccc(Oc4ccc(F)cc4)cc3)n2)C1,-6.6,3.500700887624493,17_1163
Cc1cccnc1-n1cc(C(=O)N2CCN(c3cccc(Cl)c3)CC2)c2ccccc2c1=O,-8.2,3.6187552899795357,17_1164
CC(=O)NC[C@@H]1OC(=O)N2c3ccc(-c4ccccc4)cc3C[C@@H]12,-6.6,3.661790171142985,17_1165
O=C(c1ccccc1)c1ccc(-c2nnc(-c3cc4ccccc4oc3=O)o2)cc1,-8.0,3.4618263888392886,17_1166
O=C(Nc1ccccc1Cl)N1CCN(C(=O)c2cc3cc(Nc4nccc(-c5ccccn5)n4)ccc3[nH]2)CC1,-6.9,3.320279509613434,17_1167
CC(C)(C)OC(=O)N1CCC(CCCN=C2C=CC(=O)C2c2ccccc2)CC1,-5.9,3.4719029984213967,17_1168
C[C@@H](c1cc(-c2cc(F)cc(F)c2)[nH]n1)c1cncc2ccccc12,-7.7,3.6202017267854183,17_1169
CN(C)C(=O)C1=CC=C(c2ccc3c(c2)[C@H]2[C@H](CCN2S(=O)(=O)c2cccc(C#N)c2)[C@@H](CO)N3C)C1,-7.0,3.4955838853207126,17_1170
CC(=O)c1ccc(NC(=O)c2ccc3c(c2)N(Cc2ccc(C)cc2)CC3)cc1,-7.0,3.637818922642483,17_1171
CC(C)(C)c1nc(-c2cccc(N)c2)c2ccccc2n1,-6.9,3.58337894688923,17_1172
O=C(NOCCO)c1ccc2c(ccc3ccccc32)c1,-6.6,3.509642240468161,17_1173
Cc1cccc(NC(=O)c2ccccc2OCc2c(C)noc2C)c1C,-7.8,3.7847827144818424,17_1174
COc1ccc(C#N)cc1-c1cc(NC(=O)C2C[C@@H](c3ccccc3)CN2C(=O)C2CCCCC2)ncn1,-8.3,3.549089661856854,17_1175
COc1cccc(-c2cc(-c3c[nH]c4ccccc34)nc(N3CCCCC3)n2)c1,-8.6,3.672814980437243,17_1176
O=C(NN1Cc2ccccc2C1=O)c1cc(-c2cccc3ccccc23)on1,-8.1,3.6986824978175488,17_1177
CC=C1C=CC(CNC(=O)c2ccc3c(c2)N(Cc2ccccc2)C(=O)c2ccccc2S3(=O)=O)=C1,-8.4,2.6513534371745955,17_1178
O=C(N[C@H]1CCc2ccccc21)c1cccc(-c2nc3cc(Cl)cc(F)c3o2)n1,-7.8,3.7051801043666996,17_1179
Cc1cccc(-c2nnc(Nc3cccc4ccccc34)o2)c1,-7.7,3.652224466861388,17_1180
O=C(C[C@@H]1CCC(=O)N1c1cccc(Cl)c1)c1ccc(F)cc1,-6.8,3.6095480427791315,17_1181
COc1ccc(/C=C2\CN(Cc3ccccc3)C3C=C2CC3)cc1OC,-6.0,3.494886796439914,17_1182
O=C(N[C@@H]1C2CCN(CC2)[C@H]1Cc1cccnc1)c1ccc(Oc2ccccc2)cc1,-7.1,3.5374796398154595,17_1183
N#Cc1c(NCOC(=O)c2ccccc2N)noc1-c1ccccc1,-7.1,3.500397777330498,17_1184
CC[C@@H](C1=NC(CC(=O)O)c2ccccc2N1)c1ccccc1,-6.7,3.6979718514230995,17_1185
COc1ccc(-c2c(C#N)c(N)nc3c2CCCC3)cc1,-6.1,3.7232796550536813,17_1186
Nc1ccccc1NC(=O)c1ccc2c(c1)=CCC=2C=NC1=CC(C=NC(=O)c2ccc(F)cc2)=CC1,-7.6,3.445992691693006,17_1187
O=c1oc2ccc3ccccc3c2cc1-c1cc(-c2ccc(Cl)cc2)nc(Cc2ccc(F)cc2)n1,-9.1,3.2142645345191516,17_1188
Cn1cccc1C(=O)NC(=O)COC(=O)c1ccccc1OC(F)F,-5.9,3.6589908765009973,17_1189
NC(=O)c1cccc2c(NCc3cccc(C(F)(F)F)c3)ncnc12,-7.6,3.7639270225676986,17_1190
O=C(CN1CCOCC1)NNc1nc(-c2ccccc2)c2cc(Br)ccc2n1,-6.8,3.6736595814055484,17_1191
O=C(Nc1cccc(F)c1)c1ccc2c(c1)c1ccccc1n2Cc1cccc(Br)c1,-8.2,3.293055036825867,17_1192
O=C(CSc1nc2ccccc2c(=O)n1-c1ccc2c(c1)OCCO2)Nc1ccc(F)cc1F,-8.0,3.5396543704968426,17_1193
COc1ccc(Nc2cc(=O)n3ncc(-c4ccc(OC)cc4)c3s2)cc1,-7.4,3.67225818181121,17_1194
O=C(COc1ccc2ccc(=O)oc2c1)NCc1cccc(Br)c1,-6.2,3.758864739979173,17_1195
CNC(=O)C(Cc1ccccc1)NC(=O)CNC(=O)C(=O)c1ccccc1Nc1cccc(OCCc2ccccc2)c1,-6.2,3.0800447178236467,17_1196
Nc1ncnc2c1sc1cc(-c3ccc(F)cc3Cl)ccc12,-6.5,3.6500828203839912,17_1197
Cc1cn(-c2ccccc2NC(=O)c2ccc(C)nc2C)cn1,-7.2,3.7717803266661774,17_1198
Cc1ccccc1-c1nc(CN2CCN(C(=O)c3ccco3)CC2)c(C)o1,-6.4,3.7362159106172688,17_1199
O=C(Nc1ccccc1)c1ccc2c(NCc3cccs3)cccc2n1,-6.5,3.6614263211268927,17_1200
O=C(Cn1c(O)c2c(c1O)CC=CC2)NCc1nc2ccccc2c(=O)n1Cc1ccco1,-7.6,3.4211840634525457,17_1201
O=C(Nc1ccccc1-c1ccccc1)c1cc2ccccc2cc1O,-7.7,3.514906052354516,17_1202
O=C1C[C@H]2CC[C@@H](CN1)N2C(=O)C1OCCc2sccc21,-6.4,2.402730145995567,17_1203
O=C(/C=C/n1cccc1)c1ccc(-c2ccccc2C(F)(F)F)o1,-6.6,3.5764591852774776,17_1204
CC1=CC=C(N2C(=O)c3ccccc3C2(O)c2ccc3[nH]c(NC(=O)CO)nc3c2C)C1,-8.2,3.4805245425830393,17_1205
O=C(S)c1nc2ccccc2nc1Oc1ccc(Nc2nc(-c3ccccc3)cs2)cc1,-6.8,3.431521932599999,17_1206
CC(C)(C)c1n[nH]c(-c2ccc3ccccc3n2)nc1=O,-6.3,3.706169107706774,17_1207
Cc1ccc(-c2cc(-c3cccc(C=O)c3)cc3c2OCC(=O)N3)cc1,-8.9,3.640670700666333,17_1208
O=C1NC(=O)C(c2ccccc2Cl)C1=Nc1ccc(O)cc1,-6.8,3.6533023907955524,17_1209
O=C(Nc1cccc(Cl)c1Cl)c1cncc(-c2cc3ccccc3[nH]2)c1,-7.5,3.585439267655862,17_1210
O=C(CNC(=O)c1ccccc1NC(=O)c1ccc(F)cc1)NN(Cc1ccc2c(c1)OCO2)C(=O)c1cnc2ccccc2n1,-8.7,3.075449471459511,17_1211
Cc1ccc(S(=O)(=O)N=C2NC(=O)/C(=C/c3ccc(-c4cccs4)cc3)S2)cc1,-7.0,3.7130819871608733,17_1212
Cc1ccc(/N=C/c2ccc(/C=N/CCc3ccc(C4=NCCN4)cc3)cc2)cc1,-6.3,3.6324336423535124,17_1213
O=C(Nc1ccc(-c2nc3ccccc3[nH]2)cc1)c1ccc2c(c1)OCO2,-7.7,3.655954985025681,17_1214
CN(CCCNc1ccnc2cc(Cl)ccc12)C(=O)c1ccc2c(c1)OCCO2,-7.2,3.72805714684373,17_1215
CC(C)(C)C[C@@H](CO)NC(=O)c1cnc(C2CC2)c(OCC2CC2)n1,-5.8,3.509483884788902,17_1216
Cc1ccc2nsnc2c1S(=O)(=O)N1CCC(C(=O)NCCc2ccccc2)CC1,-6.6,3.725438425025576,17_1217
C=CC=C(C=NC=Cc1ccc(CN(C)c2ccccc2)cc1)NS(=O)(=O)c1cccc2ccccc12,-6.5,3.3687201281194508,17_1218
O=C(O)c1cccc(NS(=O)(=O)c2ccc(-c3ccc(F)cc3)cc2)c1,-7.5,3.742020101573255,17_1219
O=C1CC(c2ccc(F)c(F)c2)C=C(c2ccccc2)N1Nc1ccc(N2CCOCC2)cc1,-8.0,3.6333728006328987,17_1220
Fc1ccccc1-c1nc2c(ccc3ccccc32)[nH]1,-7.7,3.38951540150457,17_1221
O=C(Nc1cccc(C(F)(F)F)c1)c1cccc(-c2cccc(-c3nc4cc(C(F)(F)F)ccc4[nH]3)c2)c1,-7.7,3.248946671823277,17_1222
O=C(CNc1ncnc2ccc(C(F)(F)F)cc12)NC1CN([C@H]2CC[C@@](O)(c3ccno3)CC2)C1,-6.8,3.374478149658867,17_1223
COC=CC1C(=COC)Cc2c(Br)cccc2N1Cc1ccccc1,-5.8,3.569196547210456,17_1224
Cc1ccc(NS(=O)(=O)c2cccc(-c3nnc(-c4cc5ccccc5s4)o3)c2)cc1,-8.1,3.544889176341228,17_1225
Cc1c(N=C2NC3CS(=O)(=O)CC3S2)cccc1C(=O)NC1CC=CC=NC(=O)C1,-7.3,1.5295079948007686,17_1226
NC(=O)c1cccc(NC(=O)/C=C\C(=O)N2CCN(c3ccc(F)cc3)CC2)c1,-7.1,3.657008438736776,17_1227
CN(c1ccc(-c2cc3ccc(O)cc3c(=O)[nH]2)cc1)S(C)(=O)=O,-6.9,3.7174152552089277,17_1228
C[C@H](N)Cn1ncc2ccc(Cl)cc21,-5.4,3.5702846160531845,17_1229
CN(CC(=O)Nc1ccc(F)c(F)c1F)C(=O)c1cccc(S(=O)(=O)N2CCCc3ccccc3C2)c1,-7.0,2.6809752497310653,17_1230
COC=CC=C(COC)c1ccc(/C=C2\C(=O)NC(=S)N(c3ccc(Br)cc3)C2=O)o1,-6.3,3.280879641140745,17_1231
Cn1c(C#N)ccc1-c1ccc2c(c1)CCNC2=O,-6.1,3.6209686146534743,17_1232
COC=C1C=CC(c2ccc(N3CCN(C(=O)c4cccc(Cc5n[nH]c(=O)c6ccccc56)c4)CC3)cc2)N=C1,-7.5,3.4315549635772493,17_1233
Cc1c(O)n(-c2cccc(-c3cccc(C(F)(F)F)c3)c2)c2ccccc12,-8.0,3.4894808668935653,17_1234
COc1ccccc1-c1cc(-c2cccc(C(=O)NCc3ccccc3C#N)c2)no1,-7.5,3.675121895644501,17_1236
Cc1ccc2[nH]c(CNC(=O)c3cccnc3N)cc2c1Nc1nccc(-c2cccnc2)n1,-8.2,3.303867461541686,17_1237
ON=C(O)/C=C/c1cccc2c1COC2c1ccc(-c2ccccc2)cc1,-7.2,3.3463937966455872,17_1238
Nc1ncnc2c1c(I)cn2[C@@H]1C=C(F)C1,-5.6,3.568236130110917,17_1239
Cc1ccccc1CC(=O)Nc1nc(-c2ccccc2)nc2c1c(C)nn2-c1ccccc1,-8.9,3.5678655572478997,17_1240
COc1ccc2c(c1)c(C(=O)Nc1cccc3ccc(C)nc13)cn2C(=O)c1ccc(F)cc1,-8.6,3.550232130257223,17_1241
O=Nc1c(-c2ccccc2F)c(O)c2ccccc2c1O,-7.1,3.604749071862668,17_1242
O=C(Nc1ccc(Oc2ccnc3c([N+](=O)[O-])cccc23)cc1)c1ccccc1F,-7.8,3.5985611491239036,17_1243
COC1=CC(C=c2ccc3nnc(Nc4ccc(-n5cnc(-c6ccccn6)c5)cc4)n23)C=C1C(=O)Nc1ccccc1,-6.1,3.240367449499802,17_1244
O=C(CCCn1c(=S)[nH]c2ccc(Br)cc2c1=O)N1CCN(c2ccc([N+](=O)[O-])cc2)CC1,-8.1,3.481782420075816,17_1245
O=C(Nc1ccc(F)c(Cl)c1)c1cc(-c2ccc(Cl)cc2)nc2ccccc12,-7.7,3.5607200516370963,17_1246
Cc1ccc(CNc2nc3ccccc3nc2C(=O)N/N=C\c2ccc(Cl)cc2Cl)cc1,-7.2,3.522839728757642,17_1247
O=C(Cc1ccccc1F)Nc1ccc(Cl)c(S(=O)(=O)N2CCOCC2)c1,-6.3,3.7739369959755824,17_1248
O=C1c2ccccc2C(=O)N1c1ccc(Nc2c3ccccc3nc3ccccc23)cc1,-8.0,3.4250521154544673,17_1249
O=C(Nc1ccccc1C(=O)Nc1ccc(Cl)cc1)c1ncc2c(=O)[nH]c3ccccc3c2n1,-8.2,3.4030750304567414,17_1250
CCC(C)N1C(=O)c2ccccc2C(C(=O)N2CCN(c3ccccc3)CC2)C1c1ccc(F)cc1,-6.8,3.506027345487727,17_1251
O=C1N=C(S/C=C\C2=CC=COCC3=CC=COC23)N=C1Cc1ccc(-c2cccc3c2C(=O)NC3)cc1,-8.2,1.5258855016925734,17_1252
O=C(O)c1cc(-c2ccc(F)c3c2CN(C(=O)OCc2ccccc2)CC3)c2ccccc2n1,-8.0,3.661677337272638,17_1253
O=C(CCCCCNc1c2ccccc2nc2ccccc12)Nc1ccc(N=Nc2ccccc2)cc1,-6.4,3.1018088604446343,17_1254
CC1CNCCC1CCn1cc(C=CCNCCCCn2c3c(c4ccccc4c2=O)C(=O)c2ccccc2-3)c2ccccc21,-7.0,3.0629276351551087,17_1255
O=C(O)c1ccc(N=Cc2c(O)ccc3ccccc23)cc1,-7.7,3.643902508669866,17_1256
O=c1oc2ccccc2cc1-c1cn(-c2ccccc2)nc1-c1cc2ccccc2oc1=O,-8.5,3.4571342170820527,17_1257
C=NC1=NC(=N)C(NC(C)C)N=CC(=NCc2cccc(C(F)(F)F)c2)N1,-7.1,1.6495077394481643,17_1258
C[CH]C1CCC(n2cc(-c3nc(-c4ccccc4F)nc4ccccc34)cn2)OC1,-8.2,3.631036107926768,17_1259
Cc1nc(-c2cccc(NC(=O)Nc3ccc4c(c3)OCO4)c2)cs1,-7.8,3.7363674720328177,17_1260
NC(=O)N/N=C/c1ccc(-c2ccc(-c3ccccc3C(F)(F)F)nc2)cc1,-7.1,3.6183087510495966,17_1261
Oc1csc(=NN=Cc2c[nH]c3ccccc23)n1-c1cccc2ccccc12,-6.4,3.468180468332669,17_1262
COc1ccc(NC(=O)c2cccc(-c3ccnc4c3CC(C(=O)NCc3ccccc3)O4)c2)cc1,-7.5,3.591467198291584,17_1263
COC=C1C=C(N(C=CCN2CCCCC2C)S(=O)(=O)c2ccc(Cl)c([N+](=O)[O-])c2)C=C1OC,-7.0,3.214655080981191,17_1264
Cc1cccc(NC(=O)c2ccc(-c3nc(-c4cc5ccccc5s4)cnc3N)cc2)c1,-7.4,3.4232220933981834,17_1265
O=C(Nc1cccc(-c2cccc(-c3nc4ccccc4o3)c2)c1)c1cccs1,-8.0,3.5513528836842827,17_1266
COc1cc(-c2cnc3ccc(Nc4cccc(C(F)(F)F)c4)nc3c2)ccc1O,-7.4,3.6442485209533175,17_1267
Cn1cncc1C(OCc1c(-c2ccc(F)c(F)c2)cc(C#N)c(=O)n1C)c1ccc(C#N)cc1,-7.1,3.577389109791665,17_1268
O=Cc1ccccc1CC(=Nc1cccc(C(=O)O)c1)c1cccc(C(F)(F)F)c1,-8.2,3.6005744487984424,17_1269
O=C(Nc1ccc(Cl)cc1)N1N=C(c2cc3ccccc3oc2=O)CC1c1ccccc1,-8.1,3.5912832472920737,17_1270
Cc1ccc(C(=O)c2ccn(Cc3ccc(Cl)cc3)c2-c2ccccc2)cc1,-5.9,3.3292312149812835,17_1271
CC(C=NNC(=O)c1ccccc1)=Cc1ccccc1,-6.4,3.529381901078896,17_1272
O=C(Nc1nnc(-c2ccc3c(c2)OCO3)s1)c1ccc(F)cc1,-7.5,3.7492585682174995,17_1273
Cn1cc(-c2cccc(N3CCn4c(cc5c4CC(C)(C)C5)C3=O)c2CO)cc(NC(=O)C2CCC2)c1=O,-7.9,3.4260933722593805,17_1274
O=C(O)c1ccc2c(c1)nc(Nc1ccccc1)c1[nH]c3ccccc3c12,-8.7,3.4532544946724375,17_1275
O=C(NCCNc1cccc([N+](=O)[O-])c1)C(=O)Nc1cccc(C(=O)Nc2cccc(F)c2F)c1,-7.5,3.1029664087314246,17_1276
COc1ccccc1CC1C(=O)C(=O)c2ccccc2C1=Nc1ccccc1,-7.0,3.6323224931608715,17_1277
CNC(=O)C1O[C@@H](n2cnc3c(NC)ncnc32)[C@H](O)[C@@H]1n1cnc2c(N)ncnc21,-7.9,3.0327666655300303,17_1278
COc1cc(-c2cc3c(cc2C(C)C)CC[C@H]2[C@](C)(C(=O)O)CCC[C@]32C)nc2cc(NC(=O)c3cccc(C(F)(F)F)c3)ccc12,-7.4,3.1498375437828323,17_1279
O=C(O)C(Cc1ccccc1)=Nc1ccnc2c(O)c3ccccc3c(O)c12,-7.0,3.4028360701687674,17_1280
O=C(Nc1ccc2c(c1)CCO2)c1ccc(NC(=O)C2CCN(c3ccc(F)c(F)c3)CC2)cc1,-5.3,3.6052133298052436,17_1281
O=C(Oc1cccc(N2CCS(=O)(=O)CC2)c1)N1CCN(Cc2cccc(Oc3ccc(Cl)cc3)c2)CC1,-6.6,3.495625095506111,17_1282
Cc1c(Nc2c(C#N)cncc2/C=C/CCN2CCCNCC2)ccc2[nH]ccc12,-6.7,2.6870119555439924,17_1283
O=C1C=C=CN=C2NC(c3ccc(F)c(C(=O)N4CCN(c5ccccc5F)CC4)c3)C2=NN1,-8.4,1.2423559566008429,17_1284
CC[C@H]1COCCN1c1nc(Nc2ccc(OC)cc2)nc2ccc(Cl)cc12,-6.6,3.781841296063077,17_1285
O=C(c1c(Oc2ccccc2)n(-c2ccccc2)c2ccccc12)N1CCN(c2ccccc2F)CC1,-8.1,3.403833935135677,17_1286
Cc1ncn2c1CCN(C(=O)c1cccc(Cl)c1Cl)c1ccccc1-2,-6.6,2.6721578040728717,17_1287
O=C(Nc1ccccc1-c1ccccc1)c1ccc(-c2nnc(-c3ccc4ncccc4c3)o2)cc1,-7.5,3.487196001925614,17_1288
COc1cc(C2c3cc4c(cc3CC3COC(=O)C32)OCO4)cc(OC)c1OC(=O)c1cccc2ccccc12,-8.7,3.1568373705004418,17_1289
O=CC1[C@@H]2[CH]C3c4ccccc4C(=O)N3c3ccccc3N2C(=O)CN1Cc1c(F)cccc1F,-8.7,2.4552913141122517,17_1290
Cc1ccc2cc(-c3[nH]c(=O)c4ccncc4c3-c3ccc(S(C)(=O)=O)cc3)ccc2c1,-7.7,3.563956789321259,17_1291
O=C(Cc1cccs1)NCc1cccc(CNC(=O)c2ccccc2Cl)c1,-5.9,3.6995949844041,17_1292
Cc1ccc(C(=O)Nc2nc3ccccc3c(=O)n2C2CCCC2)cc1,-7.8,3.7698844623840992,17_1293
O=C1c2ccccc2C(=O)c2c(NCCCCNCc3ccccc3)cccc21,-6.5,3.609388797653409,17_1294
O=C(Cc1ccc(F)cc1)Nc1ccc(CCCCc2nnc(NC(=O)Cc3cccc(OC(F)(F)F)c3)s2)nn1,-5.9,3.158584290014936,17_1295
CC(C)Oc1ccccc1N1CCN(CC(O)CNC(=O)c2cc3ccccc3n2CC(=O)Nc2ccc3c(c2)OCO3)C1,-7.0,3.14741083975353,17_1296
CCNc1ccc(-c2cc(C(=O)Nc3ccccc3)no2)c2ccccc12,-7.2,3.645038049770161,17_1297
CCC(C)(C)n1nnnc1CN(Cc1cc2ccc(C)cc2nc1NC1CC1)c1ccc(OC)cc1,-7.5,3.476087221347484,17_1298
Cc1c(C(=O)N2CCN(S(=O)(=O)c3ccc(Cl)cc3Cl)CC2)cnn1-c1nc(=O)c2cccn2[nH]1,-8.6,3.467583701007386,17_1299
Nc1c(-c2ccccc2)cnc2cc(-c3ccccc3)nn12,-6.7,3.6736155001543613,17_1300
Oc1ccc2c(c1)=CC(c1ccccc1)C=2c1cccc2ccccc12,-7.3,3.308045551132096,17_1301
O=C(c1cccc(S(=O)(=O)N2CCOCC2)c1)N1CCN(c2ccccc2)CC1,-6.9,3.62200587167708,17_1302
O=c1[nH]c(=O)n(CCc2ccccc2)c(O)c1C=NNc1ccccc1,-7.7,3.5353744500955573,17_1303
O=C(Nc1ccccc1F)NC(C(=O)N1CCCC1C(=O)Nc1nc(-c2ccccc2)cs1)c1ccccc1,-8.7,3.439107836802727,17_1304
O=C(/C=C/c1ccc(Cl)cc1)Nc1ccc(-c2ccc(-c3nc4cc(C(=O)Nc5ccccc5)ccc4[nH]3)cc2)cc1,35.4,3.1302486121880486,17_1305
O=C(NCCc1ccccc1)C1CNCC1C(=O)NCc1cccc(-c2ccccc2)c1,-7.3,3.577972763003774,17_1306
Nc1c(Cc2ccccc2Cl)cnc2cc(Cc3ccccc3)ccc12,-6.5,3.5185463686511254,17_1307
Nc1nc(=O)cc(Cl)[nH]1,-4.4,2.942016824597529,17_1308
O=C(c1cn(-c2ccccc2)nc1-c1ccco1)N1CCN(c2nc(=O)c3ccccc3[nH]2)CC1,-8.6,3.530134876706564,17_1309
O=C(CCCCCCC(O)=NO)n1c2ccccc2c2ccccc21,-5.9,3.3135798334685056,17_1310
CC1=C(S(=O)(=O)NC(CNC(=O)c2ccc(-c3ccc(C(=N)N)cc3)o2)C(=O)O)C(C(=O)O)=CCC=C1,-7.2,2.0453960050001383,17_1311
CCC1CCN(C(=O)C(CCCN=C(N)N)NS(=O)(=O)c2c3c(nc4ccccc24)C(=COC)C=C3)CC1,-7.3,3.0131359594228755,17_1312
O=C(CN(C(=O)CCC(=O)Nc1ccccn1)C1=CC=CCC1)NCc1ccco1,-6.5,3.664580298958362,17_1313
Cc1cc(/C=C/C#N)cc(C)c1Oc1nc(Nc2ccc(N3CCN(CC(C)(C)O)CC3)cc2)ncc1-c1ccc2ccccc2c1,-7.4,3.0623889583190156,17_1314
O=C(c1ccc(C2=CC=CCC2)o1)N1N=C(c2cccnc2)CC1c1ccccc1O,-8.3,3.6592934200948273,17_1315
O=C(Nc1ccc(Cc2ccncc2)cc1)c1cccc(-c2cccc(-c3cccc(O)c3)c2)c1,-7.7,3.267416633683977,17_1316
CC(=CC=COCC(=O)O)CCc1nc(-c2ccccc2)cc(-c2ccc3c(c2)OCO3)n1,-7.1,3.539556335959043,17_1317
O=C(N/N=C/c1ccccc1F)c1ccc(CNS(=O)(=O)c2ccc(F)cc2)cc1,-6.9,3.6133854825314584,17_1318
CC1=CC=C(NN=C(CC=N)c2ccc(N3C(=O)c4ccccc4C3=O)cc2)NC=C1,-7.4,2.376315841678535,17_1319
O=C(N[C@@H]1CN(Cc2ccc(F)cc2F)C[C@H]1CO)c1ccccc1F,-7.0,3.7214113167570058,17_1320
COc1ccc2c(c1)c(CC(N)=O)c(-c1ccccc1)n2Cc1ccccc1,-6.2,3.644131049171925,17_1321
O=C(Cc1cccc2ccccc12)Nc1cnc2ccc(N3CCC[C@@H]3c3cc(F)ccc3F)nn12,-8.8,3.5276449371102423,17_1322
O=C(c1cc2ccccc2[nH]1)N1CCN(C(=O)c2ccc(-c3cc(F)cc(F)c3)cc2Cl)CC1,-9.2,3.5846964630697444,17_1323
O=C(NNC(=O)c1cc(-c2ccccc2)nc2ccccc12)c1ccccc1O,-7.9,3.5512695853853984,17_1324
N#CN=C(N=c1cc[nH]cc1)NCCCCCCS(=O)(=O)N(Cc1ccccc1)OCCN1CCOCC1,-5.3,2.9534949546656364,17_1325
COc1ccc(NC(C(=O)c2c[nH]c3ccccc23)c2ccc(Cl)cc2)cc1,-7.2,3.538087131089644,17_1326
O=C(CCc1ccc(F)cc1F)c1ccccc1OC[C@H](O)CN1CCC(c2ccccc2)c2ccccc21,-5.7,3.3771456474169836,17_1327
OC(c1ccc(/C=C/c2cccc(Br)c2)cc1)c1cccc2ccccc12,-7.1,3.2749970333242,17_1328
O=CN1C(=O)C(CCCCc2ccccc2)(Cc2ccc(OC(F)(F)F)cc2)C(=O)N1Cc1ccccc1,-7.2,3.3577039332246765,17_1329
O=C(OC(C(F)(F)F)C(F)(F)F)N1CCN(C(c2ccccc2)c2ccccc2)CC1,-7.0,3.5816200487801844,17_1330
COc1ccccc1CN1C(=O)C(N(C(=O)CCl)c2cc3cccc(C)c3[nH]c2=O)NC(=S)N1C,-7.2,3.5547147897890428,17_1331
COc1ccc(-c2ccc(-c3cc(C(=O)NC45CC6CC(CC(C6)C4)C5)no3)cc2)cc1,-7.5,3.412140784337296,17_1332
O=C(Nc1ccc2ccccc2c1)Nc1ccc2cc(-c3ccc4ccccc4c3)ccc2c1,-8.7,3.164017037422836,17_1333
COc1ccc(-c2ccc3c(N4CCOC[C@@H]4C)nc(N4CCOC[C@@H]4C)nc3n2)cc1C#N,-7.2,3.501196961623336,17_1334
O=C(CN1CCN(C(=O)N2CCOCC2)CC1)Nc1ccc(Oc2ccccc2)cc1,-7.1,3.666204480945084,17_1335
CN(C)c1ccc2c(-c3ccc(NC(=O)c4ccccc4Oc4ccccc4)c(-c4ccccc4)n3)cccc2c1,-8.9,3.274214061956092,17_1336
COc1cc2ncnc(Nc3ccc4c(cnn4Cc4cccc(F)c4)c3)c2cc1N1CCC(CC(=O)O)C1,-7.8,3.337599520946008,17_1337
O=C(NNc1nc(N2CCc3ccccc3C2)nc2c1ncn2-c1ccccc1)c1ccccc1,-8.1,3.4591792523977922,17_1338
O=C(NCc1ccc(OC(F)(F)F)cc1)c1cc2ncc(-c3ccc(F)cc3F)cn2n1,-7.6,3.610162668699117,17_1339
CN(Cc1cccc(-c2cnc(N3CCc4ccccc4C3)nc2)c1)c1ccccc1,-7.5,3.535418227120644,17_1340
O=c1cc(C(c2ccccc2)(c2ccccc2)N2C=CC=CC2)[nH]c2cc(-c3ccc(Cl)cc3)ccc12,-8.6,3.286882597977916,17_1341
[NH]N=C(CCc1cn(-c2ccccc2F)nc1C(=O)c1nccs1)c1cccc(-c2ccccc2)c1,-7.9,3.237755477231641,17_1342
O=C(Cn1cc(CNc2nc3ccccc3c(=O)n2-c2ccccc2)nn1)Nc1ccccc1OC(F)F,-7.8,3.3028431624769627,17_1343
O=C(Nc1cccc(Nc2ccccc2)c1)Nc1cccc2c1C1CCCCN1C2=O,-8.3,3.514766776210495,17_1344
O=C(Nc1nnc(-c2ccc(Cl)cc2)o1)c1cccc(-c2ccccc2)c1,-8.2,3.711230790072011,17_1345
N=C(N)N=c1[nH]nc(-c2cccc(-c3ccc(N=C(N)c4ccccn4)cc3)c2)s1,-7.5,3.3664057244666887,17_1346
CNc1nc(NC(=O)CN2CCCCCC2)nnc1C1=CC(C)=CC1,-7.3,2.5802434116646102,17_1347
Cc1ccc(N2C(=O)c3ccccc3C2c2nnnn2-c2cccc(C)c2)cc1,-8.1,3.653301448236303,17_1348
O=C(Nc1cc(Br)ccc1Nc1ccccc1)c1ccccc1O,-7.3,3.6430109824092205,17_1349
O=C(Nc1cccc(NC(=O)c2ccccc2Cl)c1)c1ccco1,-6.3,3.758072839071623,17_1351
Cc1ccccc1NC(=O)COc1ccc(C=C2C(=O)NC(=S)NC2=O)cc1,-7.0,3.459773897311642,17_1352
Cc1ccc(NC(=O)N(Cc2cccc(C#N)c2)c2cccc(S(N)(=O)=O)c2)cc1C,-7.9,3.6953494302119547,17_1353
c1ccc2[nH]c(C3CCCNC3)nc2c1,-5.7,3.452098466211886,17_1354
COC(=O)c1cccc(NC(=O)N2c3ccccc3Sc3ccccc32)c1,-7.4,3.6617185590495955,17_1355
CS(=O)(=O)N(CC(=O)NC1CC1)c1cc(-c2ccccc2)cc2ccccc12,-6.7,3.7591696844465594,17_1356
O=C(NCc1cccs1)c1cccc(S(=O)(=O)Nc2cccc(C(F)(F)F)c2)c1,-7.1,3.6954206121704347,17_1357
Cc1cc(-c2cccc(CN3CCOCC3)c2)ccc1NCc1cc(F)ccc1C12C=CC=CC=CC=C(C=C1)CCN2,-8.7,0.8269761057183604,17_1358
O=C(Nc1cccc(-c2n[nH]c(=S)[nH]2)c1)c1ccccc1,-7.1,3.5888114081158786,17_1359
CCN(Cc1cccc(C(=O)N(C)C)c1)Cc1ccc(C)o1,-5.8,3.66001310590227,17_1360
O=C(CCC(=S)Cl)NOC[C@H]1CN(c2ccc(-n3cc4cccnc4c3)c(F)c2)C(=O)O1,-6.5,3.470210436336219,17_1361
O=C(Nc1nccs1)c1cccc(-c2ccc(-c3nc4ccccc4c(=O)n3-c3cccc(Cl)c3)cc2)c1,-8.1,3.439272812640798,17_1362
O=C(Nc1ccc(Oc2cccc3[nH]ccc23)cc1)Nc1cccc(-c2cn(-c3cccc(C(=O)O)c3)nn2)c1,-8.0,3.197762058728468,17_1363
NN=C(C=Nc1ccc(N2CCOCC2)c(=O)cc1)c1n[nH]c(-c2ccccc2NCc2ccccc2)n1,-7.4,2.16617754180257,17_1364
COC(=O)C1C(C)=Nc2ccccc2SC1c1cccc2ccccc12,-6.9,2.574262979694482,17_1365
CC1CN(c2nc(=O)c3ccccc3[nH]2)C[C@H](C)N1,-6.6,3.5547971343457765,17_1366
Cn1cc(-c2ccc3ncc(-c4cccc(C(=O)N5CC[C@@H](O)C5)c4)n3c2)cn1,-8.1,3.715901634345741,17_1367
O=C(NCc1ccccc1Cn1cc(CO)nn1)Nc1ccc2c(c1)Cc1ccccc1-2,-7.3,3.5834724419964146,17_1368
O=C(NC(Cc1ccccc1)C(O)C(=O)Nc1cccc(-c2nn[nH]n2)c1)c1cc(-c2cccc(C(F)(F)F)c2)ccc1O,-8.5,2.995056954737324,17_1369
O=C(c1cccc(N2C(=O)c3ccccc3C2=O)c1)c1ccc2c(c1)C(=O)N(c1ccc(Br)cc1F)C2=O,-7.7,3.3519674396716237,17_1370
CNC(=O)c1ccccc1Nc1nc(Nc2ccc(Oc3ccnc(NC(=O)C4CC4)c3)cn2)ncc1Cl,-7.3,3.1880297431739946,17_1371
O=C1c2ccccc2C(=O)N1c1nnc(-c2ccccc2)o1,-7.2,3.6407803059513086,17_1372
CC(C)C(NC(=O)C(NC(=O)C1CCCN1C(=O)c1ccc(F)cc1)C(=O)O)C(=O)c1nc2ccccc2s1,-7.0,3.2828033067276623,17_1373
O=C(c1cccc(S(=O)(=O)N2CCOCC2)c1)N1CCN(S(=O)(=O)c2ccc(F)cc2)CC1,-7.4,3.484630582996747,17_1374
O=C(NCCc1ccccn1)N1c2ccccc2C=Cc2ccccc21,-6.8,2.657947370235976,17_1375
O=C(COc1ccc(Cl)cc1Cl)Oc1ccccc1,-6.0,3.536975985866521,17_1377
O=C(Nc1ccc(-c2ccnc(Nc3cccc4nscc34)n2)cc1)Nc1ccc(F)c(Cl)c1,-7.9,3.3662869159578066,17_1378
O=C(N/N=C/c1cccnc1Oc1ccccc1)c1cc(Cl)ccc1O,-8.3,3.6613909213947364,17_1379
O=C(Nc1cccc(Cl)c1Cl)c1ccccc1Nc1ccc2c(C=Cc3ccccn3)[nH]nc2c1,-8.1,3.3674400731238716,17_1380
O=C(NCc1ccco1)[C@@]12CCO[C@H]1CCN(Cc1ccco1)C2,-6.4,3.7059722422415695,17_1381
NC(=O)c1ccc(-c2cc(NC(=O)c3cc4ccccc4o3)c3ccccc3n2)cc1,-8.4,3.548691331634803,17_1382
Cc1ccc(Cl)cc1N1CCN(c2ncncc2-c2nnc(-c3ccc(Cl)cc3)o2)CC1,-8.1,3.6136233422081614,17_1383
C=Cc1c(C=COC)sc2nnc(SCC(=O)Nc3nc4ccccc4s3)n12,-6.3,3.4432758716283436,17_1384
CC=NN(CC(=O)Nc1ccccc1C(F)(F)F)C(=O)c1cc(-c2ccccc2)[nH]n1,-6.9,3.611031739382807,17_1385
Cc1cccc(C(=O)NC2C(=O)Nc3c(c(C)nn3-c3ccccc3)[C@H]2c2ccc(F)cc2)c1,-9.1,3.648849354030588,17_1386
O=C(NCc1cc(F)cc(F)c1)c1cccc(-c2cccc(-c3cccc4c(=O)cc(-c5ccccc5)oc34)c2)c1,-9.4,3.2137483973044274,17_1387
O=C(c1ccc(NS(=O)(=O)c2cccc3cccnc23)cc1)N1CCC(O)(c2ccccc2Cl)CC1,-7.9,3.596079437245422,17_1388
COc1c(O)cc2cc1[C@H](O)[CH]C(=O)[C@@]1(C)Oc3ccccc3C(=O)C1=CC2,-7.2,1.4323805884906893,17_1389
O=C(c1nn(-c2ccc(Cl)cc2Cl)c(-c2ccc(Br)cc2)c1Cn1cncn1)N1CCN(c2ccc(F)cc2)CC1,-7.7,3.290361049297627,17_1390
O=C(O)c1c(NS(=O)(=O)c2ccccc2NCCCN2CCOCC2)ccc2c1CCCC2,-6.9,3.4144399473610245,17_1391
O=C(c1c(Oc2ccccc2)n(-c2ccccc2)c2ccccc12)N1CCNCC1,-7.4,3.676398749029187,17_1392
COC=CC=CC=NCC1=Cc2cccc(OC)c2OC1,-5.7,3.4344648531459416,17_1393
Fc1ccc2c(NN=Cc3ccncc3)c3ccccc3cc2c1,-7.1,3.458176764601678,17_1394
CC[C@H](C)C(C=O)NC(=O)C(Cc1ccc(OP(=O)(O)O)cc1)NC(=O)Nc1ccccc1C,-6.5,3.1850186269945646,17_1395
Cc1nc(CNc2cncc(-c3cccc(F)c3)n2)c(C)o1,-7.1,3.7729680005263075,17_1396
Cc1cc2c(n1C(C)Cc1nccn1C)=CC(OCc1ccccc1)=C(C1=C(c3cn(C)c4cc(Cl)c(F)cc34)C(=O)NC1)CC=2,-7.1,2.2917786701208813,17_1397
O=[N+]([O-])C=CC=CC=CC=c1ccc2cccc3cccc1c32,-8.0,3.424720997203565,17_1398
COc1ccc(-c2ccccc2F)cc1-c1[nH]c(-c2cccc3ccccc23)nc1C(N)=O,-8.5,3.4024678314646013,17_1399
Cc1c(S(=O)(=O)c2ccc(-c3ccccc3-c3nn[nH]n3)cc2)c(CC(C)C)nn1C,-7.3,3.6479703630207947,17_1400
COC(=O)CN(Cc1cccc(-c2ccccc2C(F)(F)F)c1)C(=O)C1=CC=CN(C(C)=O)C1,-7.5,3.657030022518656,17_1401
COc1ccc(-c2ccc3c(c2)C(=O)N(c2ccccc2C(=O)O)C3=O)cc1OC,-6.9,3.7036036718487844,17_1402
O=C1C(N2CC[C@@H](c3ccc(O)cc3)[C@H](F)C2)CCN1Cc1ccccc1,-7.7,3.646462868554412,17_1403
O=c1c2c[nH]nc2c2ccc(-c3ccccc3NCc3ccncc3)cc2n1-c1c(Cl)cccc1Cl,-7.0,3.3636402437903077,17_1404
CCC(Nc1ccc(CN2CCCCC2)cc1)Oc1cc(OCO)ccc1CC1=CC(OC)C(=O)C1=COC,-6.2,3.1481300585204695,17_1405
N#Cc1ccc(S(=O)(=O)Nc2ccc(F)c(C(=O)Nc3cnc4[nH]ccc4c3)c2)cc1,-8.2,3.5515705573052285,17_1406
O=C(CN1C(=O)CCn2nc(-c3ccc4c(c3)OCCO4)cc21)Nc1cccc(C(F)(F)F)c1,-7.7,3.658491157491201,17_1407
Cc1ccccc1C(C(=O)Nc1ccc(F)cc1F)N(C(=O)C1(Nc2ccccc2)NC(=O)C=NS1)c1cccc(F)c1,-8.0,3.279090719647912,17_1408
CC=C(N=Cc1ccccc1)N(CC=Cc1cc(F)ccc1C(F)(F)F)S(=O)(=O)c1ccc(C(=O)O)cc1,-6.6,3.455553184602782,17_1409
O=C1c2c(ccc(O)c2O)CN1Cc1cccc(-c2ccc(CNCCc3c[nH]c4ccccc4c3=O)cc2)c1,-7.6,3.1365205101481095,17_1410
O=C1N=c2sc(=Cc3ccc(F)cc3)cc2C=C1c1nc2ccccc2[nH]1,-7.4,3.6711291563784556,17_1411
Cc1ccccc1C=C1C=CC(CC(C(=O)O)=C(c2ccccc2)n2cc(C(=O)NCc3ccc(F)cc3)cn2)=C1,-7.3,3.3497615512800696,17_1412
COc1ccc(NC(=O)NC(=O)Cn2c(C)cc3ccccc3c2=O)cc1,-7.0,3.737876248736462,17_1413
O=C(Nc1cccc(-c2cccc(C(=O)Nc3nc4ccccc4s3)c2)c1)c1cccc(C(F)(F)F)c1,-8.1,3.353177531155067,17_1414
Nc1nnnn1/N=C/c1ccccc1-n1cccc1,-6.1,3.5429064830864587,17_1415
CCOc1ccccc1NC(=O)c1cc2c(=O)n(Cc3ccccc3)ccc2nc1C,-7.5,3.69642920252421,17_1416
C/C(Cn1nnc([N+](=O)[O-])n1)=N\NC(=O)Cc1cccc(F)c1,-6.7,3.3000046698530623,17_1417
O=C(NCc1ccc2c(c1)OCO2)C1CCN=C(Nc2cc(F)ccc2C=CF)C1,-7.8,3.67124353595076,17_1418
CNC(=O)C(C(O)=NO)N(C)C(=O)c1ccc(C#Cc2ccc(CN3CCCCC3)cc2)cc1,-5.8,3.197409849304821,17_1419
O=C(Cc1ccc(Cl)cc1)Nc1cc(S(=O)(=O)NCc2ccccc2Cl)ccc1N1CCCCC1,-7.9,3.5980860356362507,17_1420
Clc1cccc(-c2ccc(-n3cnc4ccccc43)cc2)c1,-6.7,3.432468186241352,17_1421
C=C(C)[C@@H]1CC[C@]2(C(=O)O)CC[C@@]3(C)[C]4CC[C@@H]5[C@](C)(Cc6c[nH]nc6[C@@]5(C)COC(C)=O)[C@H]4CC[C@@H]3C[C@@H]12,-7.0,2.014317547487309,17_1422
O=C(c1ccc2cc(Oc3ccc(C(F)(F)F)cn3)ccc2n1)N1CC(Oc2nccs2)C1,-7.2,3.583618121689309,17_1423
COc1ccc(C2=C(c3ccncc3)c3nc(-c4ccc(-c5ccccc5)cc4)cn32)cc1,-7.5,3.3302328930131146,17_1424
Cc1noc(C)c1-c1ccc2c(c1)c(N[C@H](CO)C(C)C)nc1ccc(-c3cccnc3CO)cc12,-7.7,3.301411722584663,17_1425
O=C1CN(c2ccc3c(c2)C(=O)N(C(=O)Nc2ccc(C(=O)NCc4nccs4)cc2)C3)CCN1,-6.0,3.454199495150866,17_1426
NC(=O)c1cccc2c(NCc3cccc(NC(=O)c4cccc(C(F)(F)F)c4)c3)ncnc12,-8.2,3.523840761887845,17_1427
Cc1n[nH]c(C2C[C@H]3CN(Cc4cccc(F)c4)C(=O)C3OC2=O)n1,-7.1,3.6128704551418624,17_1428
O=C1C=C/C(=C\c2ccc3ccccc3c2)c2ccccc21,-7.1,3.257144482695005,17_1429
COC1=CC=C(CN2Cc3ccccc3C(=Nc3cccc(-c4cccc5ccccc45)c3)N2)OC=C1,-8.7,2.4592607446388355,17_1430
COc1ccc(CNC(CC(C)C)C(=O)Nc2cccc3ccccc23)cc1,-7.2,3.618051375078875,17_1431
Nc1nc(=O)c2c([nH]1)N=CC(CNc1ccc(C(=O)NC(CCC(=O)O)C(=O)O)cc1)N2,-6.8,3.0356147947991543,17_1432
CC(=O)Oc1cccc(NS(=O)(=O)c2ccc(C)c(F)c2)c1,-6.8,3.6861339707898004,17_1433
O=c1[nH]nc(Cc2ccccc2)n1/N=C/c1ccc(OCc2ccccc2)c(OCc2ccccc2)c1,-8.2,3.3795443265978222,17_1434
O=c1[nH]c2ccc(-c3cc(F)c4nccc(-c5ccncc5F)c4c3)cc2[nH]1,-8.4,3.5578956095142997,17_1435
CC1(c2cccc3cc(CCN)oc23)C=CCC=Nc2[nH]cnccnnc21,-7.2,1.4912308035600987,17_1436
O=C(C=Cc1ccc(O)cc1)OC[C@H]1O[C@@H](Oc2ccc(C=C3C(=O)NC(=S)NC3=O)cc2F)[C@H](O)[C@@H](O)[C@@H]1O,-7.4,2.6039167246283084,17_1437
O=C1c2cccc3cccc(c23)C(=O)N1c1ccccc1-c1ccccc1,-7.5,3.4138011507843107,17_1438
Nc1ncnc(N2CCC(c3nc(-c4ccc(F)c(C(F)(F)F)c4)cn3CCN3CCCC3)CC2)c1Br,-8.5,3.4096469950508617,17_1439
O=C(O)c1cc(S(=O)(=O)N2CCCC2)ccc1C(=O)NC1CCCCC1,-6.3,3.5315688232811433,17_1440
Cc1ccccc1C(=O)NCC(=O)Nc1ccccc1N1CCCCCC1,-6.9,2.7362901280919445,17_1441
O=C(COc1ccccc1C(=O)c1ccccc1[N+](=O)[O-])c1ccc(N2CCOCC2)cc1,-6.9,3.4642749766832353,17_1442
N#Cc1ccc(/C=N/NC(=O)C2CC2(F)CO)c(F)c1,-5.6,3.471583211044701,17_1443
CN1C(=O)NC2(CCC(NC(=O)c3ccc(F)c(F)c3)C2)C1=O,-7.6,3.422485660001838,17_1444
N#Cc1ccc(NC(=O)C(NC2c3ccccc3-c3ccccc32)c2nc3ccccc3s2)cc1,-8.3,3.464146267320236,17_1445
Cc1cccc(C)c1NC(=S)NCC(=O)c1cc2ccccc2[nH]1,-6.8,3.517599134523686,17_1446
O=c1cc(OCCCCn2cc(-c3ncnc4[nH]ccc34)cn2)c2ccccc2n1-c1ccccc1,-7.8,3.423817158491424,17_1447
O=[N+]([O-])c1ccc2c(c1)c(OCc1ccccc1)nn2CCC1CC(c2cccc3ccccc23)=NO1,-8.1,3.2606650937061157,17_1448
Oc1ccc(-c2nc(-c3ccc(-c4ccc(F)cc4Cl)o3)cs2)cc1,-7.5,3.65965051012142,17_1449
CC(C=CC=CC(=O)c1conc1-c1ccc(N=C(N)N)cc1)=NC(=O)Cc1ccccc1,-6.8,3.213134177606116,17_1450
O,-1.6,1.2360716645341254,17_1451
O=C(Nc1ccc(O)cc1)c1ccc(-c2cccc(-c3nc4ccccc4nc3-c3ccccc3)c2)cc1,-8.2,3.324067801828082,17_1452
O=C(O)c1cn(C2CC2)c2cc(N3CCC4(CC3)C(=O)Nc3ccccc34)c(F)cc2c1=O,-8.6,3.523120891234989,17_1453
O=c1cc(O)n(-c2ccc[nH]cncc2)c(=O)n1-c1ccccc1,-6.8,1.4861186383232123,17_1454
Fc1ccc(C(Oc2cccc(-c3cccc(-c4ccccc4)c3)c2)c2cncnc2)cc1,-9.1,3.2650922466768657,17_1455
O=C(O)C1=C(c2cc3ccccc3s2)C[C@@H]2CC[C@H]1N2C(=O)NC1Cc2ccccc2C1,-7.5,3.485638566700561,17_1456
CC=C1C=C(C(=O)Nc2sc3c(c2C#N)CCC3)C=C1S(=O)(=O)N1CCOCC1,-7.5,3.4793061285476403,17_1457
O=C(CCS(=O)(=O)c1cc2c(cc1Cl)NC(=O)CO2)NCc1cccc(F)c1,-6.9,3.6748179405813604,17_1458
CC(C)C1=C(CNC23CC4CC(CC(C4)C2)C3)C(c2cccc(Cl)c2)C(C)(C)N1O,-5.9,3.1374446294216667,17_1459
O=C1c2ccccc2[C@H](c2ccc(F)cc2)N1c1ccccc1,-7.2,3.408107192681844,17_1460
CN(C)C(=O)NC(c1ccccc1)c1nc(-c2cc3cc(F)ccc3o2)cc2ccccc12,-7.9,3.523575811789284,17_1461
CCc1c(CNC2=CC=CCC2Cl)cnc2nc(N)nc(N)c12,-7.3,3.598020416187139,17_1462
O=C(O)c1ccccc1NC(=O)c1ccccc1Nc1cc2ccccc2cc1C(=O)O,-8.3,3.4655037779537237,17_1463
Cc1ccc2c(c1)N=C(c1ccccc1)N(c1ccccc1)C2c1ccccc1,-7.9,3.3284598492526776,17_1464
Cc1ccccc1-c1ccc(Nc2cccc(-c3nc4cc(C5=NCCN5)ccc4[nH]3)c2)cc1,-7.9,3.3743179053249257,17_1465
CS(=O)(=O)c1ccc(CNc2ccc(-c3c(-c4ccccc4)nc4ccccn34)cn2)cc1,-7.8,3.553605059734563,17_1466
O=Cc1cc([N+](=O)[O-])ccc1N(C=CC(=O)c1ccc2c(c1)OCCO2)Cc1ccccc1F,-7.5,3.193406477227117,17_1467
O=C1Nc2ccc(Cl)cc2C(C#CC2CC2)(C(F)(F)F)O1,-6.3,3.3595539574619835,17_1468
COc1cc(C(=O)c2c[nH]c3cc(-c4cccs4)ccc23)cc(OC)c1OC,-7.0,3.6441125739020968,17_1469
Cc1cccc(C)c1C(=O)N1CCC(c2ccc(C(OCc3c(F)cccc3F)(C(F)(F)F)C(F)(F)F)cc2)(S(=O)(=O)c2ccc(F)cc2)C1,-7.4,3.1299889926858793,17_1470
NC(C(=O)N1CCCC1)C1CC[C@H](Oc2ccccc2-c2ccccc2)C1,-6.5,3.621899002194294,17_1471
NC(Cc1ccc(-c2cccc(N3C(=O)c4ccccc4C3=O)c2)cc1)C(=O)O,-7.1,3.6573609542140417,17_1472
O=C(COC(=O)CCCc1nc2ccccc2s1)Nc1cccc2ccccc12,-7.2,3.6292311938480033,17_1473
C#CCNC(=O)c1cc(C(=O)Nc2ccc(C)c(Cl)c2)nc2ccccc12,-6.8,3.671260817728487,17_1474
O=C(NCc1ccccn1)c1cccc(-c2ccccc2-c2cccc(C(=O)Nc3ccc4sc(-c5ccccc5)nc4c3)c2)c1,-7.0,3.0765436067040524,17_1475
O=C(Nc1ccccc1)Nc1ccc(-c2nc(NCCCCNCC3CCCCC3)c3ccccc3n2)cc1,-7.1,3.1644751522511534,17_1476
O=C(NCCc1cccc(Br)c1)c1ccccc1Nc1ccc2c(C=Cc3ccccn3)[nH]nc2c1,-7.5,3.319793423161884,17_1477
O=CC=C(Cn1cc(-c2ccc(F)c(F)c2)nn1)c1ccc(Oc2ccc(F)cc2)cc1O,-7.6,3.5535286825988477,17_1478
COc1cccc(OC)c1-c1ccc(CC(NC(=O)c2cc(C3CC3)ncc2C(F)(F)F)C(=O)O)cc1,-7.1,3.583768405094021,17_1480
C=CC(=CC=CC(=O)n1c(C)c(CC(=O)O)c2ccccc21)OCc1cccc(-c2ccccc2S(C)(=O)=O)c1,-7.0,3.257326301070736,17_1481
C[C@@H]1CN(c2ccnc3ccc(Cl)cc23)CCC1C(=O)N1CCN(c2cccc(C(F)(F)F)c2)CC1,-7.6,3.5339873506689563,17_1482
O=C1N=C(Cc2ccc(Br)cc2)C(=O)N1,-5.1,3.506404954678418,17_1483
NS(=O)(=O)c1ccc(CCN=C2NS(=O)(=O)c3cc(Br)ccc32)cc1,-7.4,3.6114562252774607,17_1484
Cc1ccc(C)c(-n2nnnc2SCC(=O)N2CCN(c3ccc(F)cc3)CC2)c1,-7.4,3.650284971065217,17_1485
O=C(O)c1cccc(NC(=O)c2cccc(-c3cccc4c(=O)cc(-c5ccccc5)oc34)c2)c1,-8.7,3.4776351452065093,17_1486
O=C(O)Cc1cccc2c(=O)c3ccc4ccccc4c3oc12,-7.5,3.542198933857405,17_1487
NCC1CCN(Cc2cc3cc4c(cc3nc2-c2ccc(Cl)cc2)OCO4)CC1,-8.0,3.6761269201921563,17_1488
COc1ccc(C(=O)Nc2ccccc2-c2nnc(-c3ccccc3[N+](=O)[O-])o2)cc1,-8.1,3.4971119481122717,17_1489
Fc1ccc(CN2CCC(=C3c4ccc(Cl)cc4CCc4cccnc43)CC2)c(F)c1,-8.3,2.424346993959853,17_1490
CC=NN(c1ccccc1)c1ccc(C(=O)NCCCN2CCN(c3cccc(Cl)c3Cl)CC2)s1,-6.1,3.412999854507585,17_1491
O=C1NC(=S)N=C1Cc1ccc(-c2ccccc2C(F)F)s1,-6.4,3.691322522091612,17_1492
O[C@H]1CN(c2ncnc3ccccc23)CC[C@@H]1c1ccccc1,-7.2,3.7175531355998936,17_1493
CC(=NCOc1ccc([N+](=O)[O-])cc1)NN=C1CCCCCC1,-5.7,2.320854469769715,17_1494
O=C1CC(c2ccccc2)=[N+](c2ccc(O)cc2)c2ccc3ccccc3c2-c2ccccc21,-7.8,1.315147323941817,17_1495
N#Cc1nc(Nc2ccccc2)nc(Nc2cccnc2)n1,-7.1,3.6820999591682084,17_1496
Cc1[nH][nH]c(=O)c1C=NCc1ccc(Cl)cc1,-6.4,3.537113135918676,17_1497
O=C(Cc1ccccc1)Nc1ccc(-c2nc3cc(Cl)ccc3s2)cc1,-6.8,3.6390658608725044,17_1498
Cn1ncc(-c2ccc3c(c2)c(N=C2C(=O)Nc4ccccc42)nn3-c2cccc(C(N)=O)c2F)n1,-9.1,3.3933003212730375,17_1499
O=C(c1ccc(OCCCl)cc1)N1c2ccccc2-c2[nH]ncc2C1C1CC1,-6.6,3.6141040559177444,17_1500
COc1cc(Oc2c3ccccc3cc3ccc(=O)oc23)ccc1Cc1cn(C)c2ccc(F)cc12,-7.9,3.3015644373459874,17_1501
CCCNC(=O)CCc1c(C)nc2c(c(C)nn2-c2ccc(C)c(C)c2)c1-c1ccccc1,-7.0,3.6105054203018803,17_1502
CC=CC1=C(C(C)C)C(OCc2nc(Nc3ccc(C#N)cc3)nc(Nc3cccc(C#N)c3)n2)=C1,-7.6,3.473742868341491,17_1503
O=C(c1cc(F)cc(N2CCNCC2)c1)N1CCN(C(=O)c2cc(Cc3n[nH]c(=O)c4ccccc34)ccc2F)CC1,-8.7,3.4294750934095672,17_1504
O=C(O)c1ccccc1-c1ccccc1C(=O)Nc1ccc(-c2ccccc2Cl)cc1,-6.9,3.526940239328089,17_1505
O=C(N[C@@H](Cc1ccccc1)C1=NO[C@@H](CNC(=O)c2ccc(Cl)s2)C1)c1ccccc1,-7.6,3.7000689722820117,17_1506
O=C(NC1=CC=C(n2nc(-c3ccccc3)cc2C(F)(F)F)OC1)c1cccc(C(F)(F)F)c1,-7.5,3.6568775330690206,17_1507
COc1ccccc1-c1ccc2ccnc3c2c1N(c1ccc(F)cc1)C(=O)C3=O,-7.4,3.5824434184073795,17_1508
O=C(O)C(=O)CC(=O)c1cccc(C(=O)NC(Cc2c[nH]c3ccccc23)C(=O)Nc2cccc(Cl)c2Cl)c1,-7.8,3.073116014899999,17_1509
COC(=O)c1sccc1NC(=O)c1cc(C)nc2ccccc12,-6.3,3.7269811024090487,17_1510
O=C(CN1c2cccc3cccc(c23)S1(=O)=O)Nc1ccccc1C(=O)N1CCOCC1,-7.7,3.6622258208589025,17_1511
O=C(Cc1ccccc1)Nc1nnc([C@H]2CC[C@H](c3nncn3-c3ccc(-n4cccc4)cc3)CC2)s1,-7.7,3.435637693468478,17_1512
Cn1nc2c(c1-c1ccc(=C3C=NC3)c(=CN)c1)-c1nc(Nc3ccccc3)ncc1CC2,-7.3,3.5078923818799668,17_1513
O=C(c1ccoc1)N1CCN(C(=O)c2ccc3cc(Oc4ccccc4)cc-3c(=O)[nH]2)CC1,-8.0,2.599174979736981,17_1514
O=S(=O)(CCN1CCCCC1Cn1cccn1)c1ccccc1F,-6.3,3.7043270775450576,17_1515
O=C1c2nccnc2C(=O)N1Cc1ccc2c(c1)OCO2,-6.0,3.475333455150814,17_1516
COC(=O)[C@]1(C)N[C@H](c2ccc(-c3cccc(F)c3)cc2)c2c1c(O)n(C)c2O,-6.8,3.6225392170492645,17_1517
O=C(NCc1cccc(Cl)c1)c1ccccc1NS(=O)(=O)c1ccc(Br)cc1,-6.8,3.6900599006738144,17_1518
Cc1c(NC(=O)NC2C=CC=CC2)cccc1Nc1nc(Cl)cc2[nH]ncc12,-7.3,3.5292742049549934,17_1519
O=C(N[C@H]1CCN(Cc2cc3cccc(Cl)c3[nH]c2=O)[C@H]1c1ccccc1)c1ccc(F)c(F)c1,-8.4,3.5780114359318693,17_1520
CCNc1nc(NCC)n2c(SCC(=O)Nc3ccccc3)nnc2n1,-6.5,3.4000810319199175,17_1521
COC(=O)[C]1CC(c2cccc(C(=N)N)c2)C=C2C[C@@H](C1)C1CC(CC=C(C)C)C(=O)C21,-7.7,1.2324222273142733,17_1523
CC(=O)Nc1ccc(-c2ccc(-c3nc4cc(C(N)=O)ccc4[nH]3)cc2)cc1,-7.3,3.57089354129527,17_1524
COC1=CC=C(C=C2N=NN2C=C2C=CC(=Nc3c(=O)c4c(OC)cccc4nc4ccccc34)C2)C1,-7.7,2.3826752603514016,17_1525
O=C(Nc1nc2c(s1)C[C@@H](N1CCOCC1)CC2)c1ccc(-c2ccc(Oc3ccc4ccccc4c3)cc2)cc1,-7.0,3.2855848306819437,17_1526
O=C(Nc1ccccc1OC1CCOC1)NC1CCc2ccccc2C1,-6.9,3.6364775272561367,17_1527
O=C(Cn1c(=O)ccc2cc(S(=O)(=O)N3CCCC3)ccc21)N1CCN(c2ccc(F)cc2)CC1,-7.7,3.5837407837404625,17_1528
O=C(C(c1ccccc1)N1C=Cc2ccccc2N1)N1CCN(c2nc3ccccc3s2)CC1,-8.1,3.5558168701831843,17_1529
COc1ccc2nccc([C@@H](O)CN3CCC(NC(=O)c4cccc5cc(-c6cnn(C)c6)[nH]c45)CC3)c2c1,-7.2,3.3536661669118315,17_1530
C=CCSc1nc(N)c2c3c(sc2n1)COC(C)(C)C3,-5.4,3.549561787566687,17_1531
CC(C)NCC(O)COc1cc(O)cc2c1CC(=O)C2=O,-6.5,3.419496124985746,17_1532
O=C(c1ccccc1)c1ccc(Nc2c3ccccc3nc3ccccc23)cc1,-7.3,3.3373023232377603,17_1533
Cc1cc(Oc2cnc3ccccc3c2C)c2cc(C(=O)N3CCOCC3)ccc2c1,-8.2,3.592902525466161,17_1534
N#CCC(=O)N1CCC[C@H](c2nc(-c3cccc(NC(=O)c4cccc(C5CC5)c4)c3)ncc2F)C1,-7.8,3.6073666055707627,17_1535
O=C1c2cccc3cccc(c23)C(=O)N1CCNCc1ccccc1,-5.4,3.6291311166187334,17_1536
COc1ccc(NC(=S)N(Cc2cccnc2)Cc2ccco2)cc1S(=O)(=O)NCc1ccccc1,-6.4,3.4519184537508383,17_1537
COc1cc(/C=C(\C#N)c2nc(=O)c3ccccc3[nH]2)ccc1OC(=O)c1ccccc1-c1ccccc1,-6.8,3.1853706386553333,17_1538
O=Cc1ccc(-c2ccc3ccc4cccc5ccc2c3c45)c(C=O)c1,-7.7,3.238197608910494,17_1539
Oc1c(Br)cc(-c2ccc(-c3c(Cc4ccccc4)oc4ccccc34)cc2)cc1Br,-7.8,3.188661780855222,17_1540
C=C(C)[C@@H]1CC[C@]2(C(=O)O)CC[C@]3(CC)[C@H](CC[C@@H]4[C@@]5(C)CC[CH]OC(=O)C[C@H]5CC[C@]43C)[C@@H]12,-6.7,1.0526857083988341,17_1541
CN1CC2(CCC1=O)CCN(Cc1ccccc1-c1ccccc1)CC2,-6.8,3.4286435553237102,17_1542
CCc1ccc(S(=O)(=O)C2=CC=C3OCCC3=CC(C(=O)O)=C2)s1,-6.8,1.7820106898700807,17_1543
CC[C@@H]1SC(c2ccc(OC)c(OC)c2)=NC1c1ccc2c(-c3ccccc3F)noc2c1,-7.2,3.5584804461377733,17_1544
O=C(c1ccn(-c2ccc(Oc3ccc(-n4cc(-c5cccc(OCc6ccccc6)c5)nn4)cc3)cc2)n1)c1cc(F)ccc1F,-5.7,2.9521030333730827,17_1545
O=C(c1cccc(Cl)c1)N1N=C(c2ccc(Cl)cc2)CC1c1ccc2c(c1)OCO2,-8.4,3.5786210339374978,17_1546
C=C1C(=O)O[C@H]2[C@H]1CC/C(Cn1cc(Cc3cc(F)cc(F)c3)nn1)=C\CC[C@@]1(C)O[C@@H]21,-8.0,1.0983370793111291,17_1547
O=C(CNc1ncnc2ccc(C(F)(F)F)cc12)NC1CN([C@H]2CC[C@@](O)(c3nccs3)CC2)C1,-7.8,3.3882446851128094,17_1548
N#Cn1c(CC2CCN(C(=O)c3cccc(F)c3)CC2)nc2ccccc2c1=O,-7.8,3.7470081624461784,17_1549
CN(CC(=Cc1ccccc1)c1n[nH]c(N)n1)C(Cc1ccc(-c2ccc3c(c2)OCO3)cc1)C(=O)N[C@H]1c2ccccc2C[C@H]1O,-7.5,2.9212232628494665,17_1550
O=C(NC1C=CCO1)c1cc(-c2ccccc2F)nc2cc(-c3ccccc3)nn12,-8.2,3.6619807589520756,17_1551
O=C(c1cc(Cc2n[nH]c(=O)c3c2NCCC3)ccc1F)N1CCN(c2ccccc2F)CC1,-9.0,3.6459261947647112,17_1552
O=C1CC=CC=C(Cl)CC2C(c3ccnc(Nc4cccc(C(F)(F)F)c4)n3)=CC=CN12,-7.8,1.4481768097267391,17_1553
CC(N)Cn1ccc2ccc(Cl)cc21,-5.3,3.508235755539526,17_1554
CN1C(=O)c2c(nn(Cc3ccc(-c4cccc(F)n4)cc3)c2-c2ccccc2)N2C1=N[C@@H]1CCC[C@@H]12,-8.9,3.339442043133663,17_1555
Nc1ccccc1NC(=O)C=C1C=CC(CNC(=O)c2ccc3c4ccccc4c(=O)n(Cc4ccc(Cl)cc4Cl)c3c2)=C1,-7.6,3.0352584982958275,17_1556
Cc1ccc(N=Nc2ccc(C)c(C(=O)Nc3nccs3)c2)cc1,-6.6,3.732897107191983,17_1558
COc1ccccc1N1CCN(c2ccc(-c3ncccc3C)cn2)CC1,-6.9,3.7062109519824613,17_1559
COc1ccc(C)cc1NC(=O)C1C(C)=Nc2nc(SCc3ccccc3F)nn2C1c1ccccn1,-7.9,3.4809521705234903,17_1560
O=C(c1ccccc1Cl)N1C[C@H](CN2CCC(Nc3nc4ccccc4s3)CC2)[C@@H](c2ccccc2)C1,-7.6,3.4689697141991385,17_1561
O=c1nc(-c2ccccc2)c(-c2ccccc2)nn1Cc1nnc(Nc2ccccc2)s1,-6.8,3.5340446296090953,17_1562
O=C(Nc1ccncc1)Nc1ccc(-c2nc(N3CCOCC3)c3cnn(CC(F)(F)F)c3n2)cc1,-7.7,3.5012662482271697,17_1563
CCOC(=O)N1CCN(C(=O)c2cccc(-c3cc(C(=O)Nc4ccncc4F)ccc3CN)c2)CC1,-8.2,3.625757571678202,17_1564
CC(=O)OCCC(=O)Nc1cccc(CNc2ccc3[nH]c(N)nc(=O)c3c2)c1,-6.6,3.4061039374564244,17_1565
CN(c1ccccc1)c1ccc([N+](=O)[O-])c(C(=O)Nc2cccc(C(F)(F)F)c2)c1,-7.3,3.6270073050201823,17_1566
Cc1ccccc1[C@@H](CC(=O)O)c1cccc(OC(F)(F)F)c1,-5.5,3.7084014085601638,17_1567
CC(C)(F)c1cnc(NC(=O)Nc2ccc(-c3cccc(C(F)(F)F)c3)cc2)cn1,-8.1,3.620467197074508,17_1568
O=C(Nc1cccc(-c2cccc(-c3nc4ccccc4[nH]3)c2)c1)c1ccco1,-8.8,3.520510833087121,17_1569
CC(N=C1CCCCCN1)c1ccc(-c2ccccc2)cc1,-7.1,2.48418576119209,17_1570
Nc1c(CC(=O)C(Cc2c[nH]c3ccccc23)C(=O)O)cc(C(F)(F)F)cc1C(F)(F)F,-7.6,3.3950928753876424,17_1571
CC(C)(Oc1ccc(Cl)cc1)C(=O)N[C@H]1C2CC3CC1C[C@](c1ccccc1)(C3)C2,-7.5,3.3115808541588727,17_1572
CN(C)c1ncnc2c1ncn2Cc1c(F)cccc1Cl,-6.6,3.694736153750436,17_1573
CN1[CH]CCC[C@H](c2ccncc2Nc2ncc3ccc(-c4c(F)cccc4F)nn23)C1,-7.7,2.7262856779216738,17_1574
CC(=O)N1c2ccc(S(=O)(=O)NC(C)C(=O)Nc3ccc4c(c3)OCO4)cc2CC1C,-8.6,3.5802044763065277,17_1575
O=C(NCCC1CCCCC1)c1cc2ccccc2cc1O,-6.9,3.6021484745249595,17_1576
O=c1ccn(-c2ccc(C(F)(F)F)cc2)nc1Nc1ccccc1F,-7.7,3.7144552167928513,17_1577
CS(=O)(=O)Nc1ccccc1Nc1ccnc(Nc2ccc(C(N)=O)cc2)n1,-6.9,3.412078105056799,17_1578
Cc1cc2c(cnc3ccccc32)cc1-c1ccc2cc(C(=O)O)ccc2c1O,-8.0,3.3902713391222647,17_1579
N=C(NCCCO)C1(CO)CCCCC1,-5.0,2.993079069643913,17_1580
O=C(N[C@H]1C[C@@H](O)C1)c1ccc2cc(Oc3ccc(C(F)(F)F)nc3)ccc2n1,-6.5,3.7459210330198696,17_1581
CCOc1ccccc1C1=[N+]c2ccccc2-c2cc3ccccc3cc21,-8.1,3.380525482570895,17_1582
O=C(c1ccc2cc(Oc3ccc(OC(F)(F)F)cc3)ccc2n1)N1CCN(C(=O)C2CCC2)CC1,-7.5,3.576150559660478,17_1583
O=C(Cn1c(CSc2ccccc2)nc2ccccc21)N=Nc1c(-c2ccccc2)[nH]c2ccccc12,-7.6,3.302871272635776,17_1584
O=C(Nc1ccc(C(=O)N2CCCc3ccccc32)cc1)c1ccccc1,-7.5,3.636199518950402,17_1585
O=C1CCC(O)=c2ccccc2=C(O)c2cccc1c2,-6.8,1.3661450626087386,17_1586
COC(=O)CNC(=O)N1C=CC=C(c2nc(N3CCOCC3)c3cnn(CCCCCCC(O)=NO)c3n2)C1,-7.3,2.654681433022931,17_1587
CNC(=O)c1cccc(Nc2ncnc(NCc3ccc4c(c3)OCO4)n2)c1,-8.3,3.553440417636076,17_1588
O=c1c2cccn2c2ccccc2n1Cc1ccccc1,-6.5,3.5052952179577983,17_1589
O=CN1NC(=O)C(Nc2cccc([N+](=O)[O-])c2)(c2ccc(Oc3ccc(F)cc3)cc2)C1=O,-7.6,3.303058452694552,17_1590
COc1ccccc1NC(=O)c1ccc(NC(=O)C(C)C)cc1,-6.3,3.743040877472035,17_1591
Oc1cccc(-c2cc(-c3ccccc3)cc(-c3cccc(Cl)c3)n2)c1,-8.6,3.4754658269348844,17_1592
N#Cc1c(N)nc(SCc2cccc(C(=O)Nc3ccc4c(c3)COC4=O)c2)nc1-c1ccccc1,-7.7,3.305627909140528,17_1593
O=Cc1ccccc1C(C=C1CC(=O)c2ccccc2C1=O)=Nc1ccc([N+](=O)[O-])cc1,-7.7,3.2479760195405767,17_1594
CC(=CC(=O)O)c1ccc(NC(=O)c2cccc(-c3ccc(C(=O)N4CCC[C@H](C)C4)cc3)c2)cc1,-7.0,3.54265114828286,17_1595
COC=CC=C1Cc2c(C(=O)N[C@@H]3CCC[C@@H](O)CC3)cccc2C(=O)N[C@@H](Cc2ccccc2)[C@H](O)CN(CC(F)(F)F)S(=O)(=O)C1,-6.7,1.0514541484432387,17_1596
O=C(NC1C=CCC(N2CCN(c3ccccc3)CC2)=C1)c1nn2c(c1Cl)NC(c1ccccc1)CC2C(F)(F)F,-7.7,3.306489142040019,17_1598
O=C(CCN=C1NS(=O)(=O)c2ccccc21)OCc1ccc(F)cc1,-6.8,3.715514577067564,17_1599
O=S(=O)(Nc1cccc(CCN2CCC(N3CCCCC3)CC2)c1)c1cccc2ccccc12,-7.2,3.5824763378278304,17_1600
CC(=O)OC1=C(c2ccc(-c3ccccc3)cc2)c2ccccc2C1,-7.4,3.433789818194324,17_1601
COc1ccc(C2=NOC(c3ccc(N4CCN(Cc5ccccc5)CC4)cc3)C2)cc1OC,-7.0,3.5344960323004253,17_1602
O=C(c1cc(-c2cccc(C(F)(F)F)c2)ncc1C=NNF)c1ccccc1C1CCNCC1,-7.5,3.2670333854086033,17_1603
C[C@@H](CNc1ccc(OC(F)(F)F)cc1)NC(=O)C(CC1CCCCC1)NC(=O)N1CCOCC1,-6.8,3.338030002036105,17_1604
O=C(/C=C/c1cccs1)Nc1ccc2c(c1)C(=O)C(=O)N2Cc1ccc(C(F)(F)F)cc1,-7.0,3.6314214430287564,17_1605
CC1=CC(S(=O)(=O)c2c(C(N)=O)[nH]c3cc(Cl)cc(Cl)c23)CC=C1,-6.8,3.6915538977015934,17_1606
CC(=O)NC(CCC(N)=O)C(=O)NCC(=O)NC(Cc1ccccc1)C(=O)NC(CC(=O)O)C(=O)NC(CC(C)C)C(=O)NC(CC(C)C)C(=O)NCc1ccccc1,-6.6,2.501910046148404,17_1607
CC(C)Nc1cc(-c2ccccc2)nc2ncnn12,-6.9,3.712541847097384,17_1608
O=S(=O)(Nc1ccc(C2(O)CSC(=S)N2Cc2cccnc2)cc1)c1ccc(Cl)cc1,-7.6,3.6308553636228105,17_1609
COC(=O)c1ccc(COC(=O)c2cccc(Nc3nccc(-c4ccccc4)n3)c2)cc1,-7.7,3.5541704147733584,17_1610
CNC(=O)S/C(Br)=C\c1ccc(O)c(OCc2ccc(NC(=O)c3cccnc3)nc2)c1,-7.3,3.527117946924199,17_1611
C[C@@H]1Cc2cc(C(=O)N3CCC4(C=Cc5ccccc54)CC3)ccc2N1C(=O)Cc1cccc2ccccc12,-8.3,3.1360750563065345,17_1612
CCc1cccc(NC(=O)Cc2ccc(Nc3ncnc4cc(OC)c(OC)cc34)cc2)c1,-7.1,3.5893465568722998,17_1613
O=C(c1ccc(NS(=O)(=O)c2cccc3cccnc23)c(F)c1)N1CCC[C@H]1c1nc2ccccc2s1,-8.2,3.481723476581122,17_1614
O=C(c1csc2c1CCCCC2)N1CCC2(CC1)OCCO2,-6.3,2.2910897937641446,17_1615
Cc1ccc(C(=O)Nc2nc3ccccc3c3cn(-c4ccccc4)nc23)cc1C,-9.6,3.5536572679118112,17_1616
CCc1cc2cc(C)ccc2nc1Oc1ccc(C(=O)NCc2ccccn2)cc1,-6.8,3.667356383378455,17_1617
CC(C)C(=O)Nc1ccc(-c2ccccc2-c2nc3ccccc3[nH]2)cc1,-7.3,3.561634510073894,17_1618
C=CCOc1cccc(-c2cc(F)c(Nc3ccccc3-c3ccccc3)c(F)c2)c1,-7.1,3.256911543998112,17_1619
COc1ccc([C@H]2OC(=S)N(c3ccccc3)c3ccccc3S2)cc1,-6.5,2.5690328595407887,17_1620
CCNC(=S)NN=C(C)c1cc2c(Nc3cccc(Br)c3)ncnc2cc1OC,-7.1,3.4626672740189717,17_1621
Cc1ccc(C(=O)c2c[nH]c3ccccc23)cc1S(=O)(=O)N1CCOCC1,-7.0,3.718648537522953,17_1622
O=C1NC(=O)N(c2ccccc2C(=O)O)C(=O)/C1=C/c1ccc(-c2ccc(C(=O)O)cc2)o1,-8.2,3.455021781218007,17_1623
O=C1NC(=O)N(c2cccc(C(F)(F)F)c2)C(=O)C1=Cc1ccco1,-7.6,3.620521474059112,17_1624
O=C(C=Cc1ccccc1)N1C=Nc2ccccc2-n2c1nn(-c1ccccc1)c2=O,-7.6,2.6245324968012484,17_1625
CCN(c1cc(C(=O)NCc2c(C)cc(C)[nH]c2=O)cc(-c2ccc(CNC(=O)c3ccoc3)nc2)c1)C1CCN(C(=O)C2CC2)CC1,-8.2,3.091705378943897,17_1626
CCC#CCN1CCC[C@H](CNC(=O)c2cccnc2)C1,-6.1,3.563438171709021,17_1627
Cn1cc(-c2cccc(-c3cncc(NCC4CCCO4)c3)c2)cn1,-7.3,3.7868473433126955,17_1628
O=C(Nc1cccc(Cl)c1)c1cc(I)ccc1OCc1ccccc1F,-7.3,3.582855544591888,17_1629
Cc1cccc(N2CCN(CCCNc3nc4ccccc4n3Cc3ccc(F)cc3F)CC2)c1C,-6.8,3.507707193807242,17_1630
Cc1ccnc(C(=O)c2cccc(NC(=O)c3cccc(C(F)(F)F)c3)c2)c1,-8.2,3.7026469197362415,17_1631
O=C(CCc1ccc(O)cc1)n1nc(-c2ccncc2)cc1-c1ccc(OCc2ccccc2)cc1,-6.3,3.4529196735496983,17_1632
Cc1cc(SC2C(=O)CC(CCc3ccc(O)cc3)(C(C)C)OC2=O)c(C(C)(C)C)cc1OCC(F)F,-6.6,3.4514538568508524,17_1633
O=C(Nc1nc2ccc(-c3ccc(CNC4Cc5ccccc5C4)cc3)cc2s1)C1CCCCC1,-6.8,3.440894541272085,17_1634
O=[N+]([O-])c1ccc2no[n+]([O-])c2c1,-5.5,3.1009393883860383,17_1635
C[CH]C1CC[C@H](Nc2cncc(-c3cccc(NC(=O)c4ccccc4)c3)n2)NCCC1C(=O)O,-8.3,1.628266041824174,17_1636
O=C(Nc1ccccc1)c1cccc(-c2cnc3cccnn23)c1,-7.3,3.7216225631184363,17_1637
Nc1nc(C(F)(F)F)cc2c1NC(=O)N(CC1=CC=C(C(O)=NO)C=CO1)C2,-7.3,2.013858799279852,17_1638
c1ccc(-c2ccccc2Nc2ccc3cc[nH]c3c2)cc1,-6.9,3.3427771429658515,17_1639
O=C(O)c1ccc(S(=O)(=O)N(Cc2ccc3c(c2)C=CC(F)(F)O3)c2ccccc2Cl)c(Cl)c1,-8.1,3.65713921789573,17_1640
C=C1[C@H](O)CC(=C/C=C2\CCC[C@]3(C)[C@@H]([C@H](C)C[C@H]4OC(=O)C[C@H](O)C[C@H]4O)CC[C@@H]23)C[C@H]1O,-7.4,1.930769854002377,17_1641
Cc1ccc(C(C)Oc2ccccc2-c2nc3ccccn3c2NCC(C)C)cc1,-7.5,3.5807071898949436,17_1642
O=C(/C=C/c1ccc(C(=C2C3CC4CC(C3)CC2C4)c2ccc(O)cc2O)cc1)c1ccc2ccccc2c1,-7.2,2.9403276441796673,17_1643
Oc1cc2ccccc2nc1-c1ccccc1,-6.2,3.4630352724937774,17_1644
O=C(Nc1cccc(Nc2ccc3c4ccccc4n(Cc4ccccc4F)c3c2)c1)c1ccccc1,-8.7,3.2107777213734474,17_1645
C=Cc1ccccc1C(C=CC=CCl)Oc1ccc2c(c1)c1ccccc1n2CCCO,-6.7,3.3889879594457786,17_1646
O=C1c2ccccc2C(=O)c2c1cc1ccccc1c2-c1ccc2ccccc2c1,-8.6,3.228303145118911,17_1647
O=C(Nc1ccc(C(O)(C(F)(F)F)C(F)(F)F)cc1)Nc1ccc(S(=O)(=O)c2ccc3ccccc3c2)cc1,-8.0,3.369056281524272,17_1648
O=C(Nc1ccc(-c2cncc3[nH]c(=O)[nH]c23)cc1F)c1cccc(-c2cccc(F)c2)c1,-8.5,3.474107663208341,17_1649
O=C(c1ccc2[nH]c(O)cc2c1)N1CCC[C@H](n2cccn2)C1,-7.5,3.7036647262392224,17_1650
CC(=O)N=CC1=CC(=NC(=O)c2ccccc2Sc2ccc3c(C=Cc4ccccn4)[nH]nc3c2)CC1,-7.0,3.5230524409466693,17_1651
CCn1c(=O)c2ccccc2c(=O)n1C(C(=O)N=C1C=CC(C)C1C)C(=O)Nc1ccc(C)cc1C,-8.4,3.649138151670626,17_1653
O=C(NCc1cccc(CN2CCOCC2)c1)c1cccc(Cc2n[nH]c(=O)c3c2CCCC3)c1,-7.8,3.5799204487864156,17_1654
Cc1noc(C)c1C(=O)Nc1ccc2ncn(Cc3ccc(Cl)c(Cl)c3)c(=O)c2c1,-8.0,3.687666887961936,17_1655
COc1ccccc1NC(=S)NCc1ccc2c(c1)[C@@]13CCCC[C@H]1[C@@H](C2)N(CC1CCC1)CC3,-7.0,3.1849211274315996,17_1656
O=C(NCCc1ccccc1)c1ccccc1Nc1ccc2c(C=Cc3ccccn3)[nH]nc2c1,-7.9,3.3787757191856107,17_1658
O=C(O)c1cccc2c1oc1c(C(=O)O)ccc(Nc3ccccc3)c12,-7.4,3.610936278835046,17_1659
COc1ccccc1C1CC(c2ccccc2)=NN1C(=O)c1ccccc1,-7.1,3.637454000485275,17_1660
CC(=O)C1=CC=CC(=NC(=O)c2cccc(S(=O)(=O)N3CCc4ccccc43)c2)CC1,-8.2,2.6799014449470695,17_1661
O=C(CC1CC1)N1C[C@@H]2CNC[C@@H](C2)C1,-5.1,3.0129694088381296,17_1662
O=C1c2ccccc2C(=O)N1Cc1cn(-c2ccc(-c3nc(-c4ccccc4)nc4ccccc34)cc2)nn1,-8.6,3.267298730302959,17_1663
O=C(NCc1cccc(-c2cn3c(n2)CCC3)c1)c1ccc2ccccc2c1O,-8.1,3.66389785427688,17_1664
Cc1nc(/C=C/c2cccc(C#N)c2)cc(-c2cccc(C(F)(F)F)c2)c1C(=O)Nc1ccccc1,-7.9,3.541998485991237,17_1665
O=C(N[C@H]1CN2CCC1CC2)c1cccc2c1-c1ccccc1C2=O,-7.1,3.4150927244355556,17_1666
Cc1cccc(NC(=O)c2cccc(NC(=O)N3CC=C(c4ccc(C)c(C)c4)CC3)c2)c1,-7.8,3.5750239231224725,17_1667
O=C(O)C(F)(F)c1ccc(CN(c2cc3ccccc3s2)S(=O)(=O)c2ccc(-c3conn3)cc2)cc1,-7.9,3.3974544110692326,17_1668
O=C(Nc1nc2cc(C3(O)c4ccccc4C(=O)N3c3cccc(Cl)c3F)ccc2[nH]1)OC1Cc2ccccc2C1,-8.2,3.2464389411013865,17_1669
Nc1ccc(-c2ccc(-c3cccc(-c4nc5ccccc5[nH]4)c3)cc2)cc1,-7.4,3.332401773315112,17_1670
Cc1c(C(=O)c2ccccc2)[n+]([O-])c2ccccc2[n+]1[O-],-7.0,3.455465055270306,17_1671
O=S(=O)(Nc1nc2ccccc2nc1NCc1ccco1)c1ccccc1,-8.3,3.6391711559179507,17_1672
O=C(Nc1cc(Cl)ccc1CO)c1c[nH]c2ccc(F)cc2c1=O,-7.0,3.639652604811788,17_1673
O=C(Nc1ccc(OC(F)(F)F)cc1-c1cc2ccccc2[nH]1)c1cc(CN2CCCC2)cc(O)c1O,-8.6,3.354687002356531,17_1674
CCn1c2ccccc2c2cc(/C=N/NC(=O)c3cccc(F)c3)ccc21,-6.7,3.5468555117231446,17_1675
C=Cc1c(-c2ccccc2CCNC=O)ccc2cc(-c3ccc(-c4cc5ccc(C(=N)N6CCC6)cc5o4)cc3)[nH]c12,-5.9,2.839310486096285,17_1676
CC(C)(CO)N(Cc1cccs1)C(=O)c1ncccc1OCc1ccccc1,-6.6,3.7518777412680118,17_1677
O=C(CCc1cccc(F)c1)N=C1CCCN(c2cccc(C(=O)O)c2)C1=O,-6.5,3.781751667778281,17_1678
O=CCOc1ccc(-c2csc(-c3cccc(NC(=O)c4cccc(C(F)(F)F)c4)c3)n2)cc1,-6.5,3.548330209881093,17_1679
O=C(O)c1ccc(Cn2c3ccccc3c3cc(C(=O)Nc4cccc(OC(F)(F)F)c4)ccc32)cc1,-8.0,3.45369081369964,17_1680
CCN1C(=O)c2cc3occc3n2C[C@@]1(C)C(=O)NCc1ccc(C)cc1,-7.0,3.789425476277814,17_1681
O=C(Nc1ccc(-c2ccccc2F)cc1)N1CCCN(Cc2nc3ccccc3[nH]2)CC1,-8.0,2.654522774351439,17_1682
O=c1c2sc(=S)n(-c3ccc(Cl)cc3)c2ncn1-c1ccc(-c2ccc([N+](=O)[O-])cc2)o1,-7.0,3.1864635604538756,17_1683
CC(C)N1C=C(c2cncc(-c3ccccc3-c3ccccc3)n2)N=NN1,-7.3,3.7524128722668664,17_1684
O=C(Nc1ccc(Oc2ccnc3[nH]ccc23)c(F)c1)c1cc(-c2cccc(C(F)(F)F)c2)ccn1,-8.0,3.3232719541949924,17_1685
N#Cc1ccccc1-c1ccc(S(=O)(=O)c2cc3cc(C(O)C(=O)O)ccc3o2)cc1,-7.1,3.59361470990225,17_1686
O=C(Nc1nn(Cc2ccc(C(F)(F)F)cc2)c2ccccc12)c1ccc(F)cc1,-8.3,3.599699397217348,17_1687
O=C(Cc1c[nH]c2ccccc12)Nc1ccc(-c2nc3ccccc3n2CCCCO)cc1,-7.1,3.3717229304329326,17_1688
COc1ccc(-c2[nH]nc3ccc(C(=O)NC4CCCC(C)(Cc5ccccc5F)C4)cc23)cc1,-8.2,3.539232418911875,17_1689
COc1ccc2c(c1)cc(-c1ccc(-c3ccccc3)cc1)n2-c1cccc(-c2cnn(Cc3ccccc3)c2)c1,-7.9,3.159672893296458,17_1690
COC=Cc1oc2cc(CC(=O)Nc3ccc(-c4ccccc4S(N)(=O)=O)cc3Cl)c(=O)oc2c1C=O,-6.9,3.28214803617853,17_1691
N=C(N)Nc1ccc(Oc2ccc(NC(=O)c3ccc(I)cc3)cc2)cc1,-6.3,3.355041024960552,17_1692
O=C(Nc1ccccn1)c1ccccc1-c1nc(=O)c2sccc2[nH]1,-7.2,3.697956831798577,17_1693
O=C(c1nn(-c2ccc(Cl)cc2Cl)c(-c2ccc(Cl)cc2)c1Cn1cncn1)N1CCN(c2ccccc2F)CC1,-7.5,3.3145936915088714,17_1694
O=C(CCC(=O)OCC(F)(F)C(F)(F)C(F)(F)C(F)(F)CBr)Nc1cccc2c1C(=O)c1ccccc1C2=O,-6.2,3.293192174069839,17_1695
COc1ccc2[nH]c(SCC(=O)Nc3ccc(OC(F)(F)F)cc3)nc2c1,-6.1,3.6516717395238496,17_1696
COc1ccc(-c2ccc(Oc3ccccc3C(F)(F)F)o2)cc1,-6.7,3.660959935078985,17_1697
CCc1ccc(NC(=O)c2ccc3c(c2)CCN3S(=O)(=O)c2ccccc2)cc1,-7.5,3.7455481170397644,17_1698
Cc1cc(Nc2cc(C=C(c3cccc(C(=O)NC4CC4)c3)c3cnccn3)ccn2)ccc1F,-8.4,3.5774257082043444,17_1699
O=P(O)(O)C(F)(F)C=C1C=CC(C=C2C=CC(CCCO)=Cc3ccc(Br)cc3N=C2)=C1,-7.5,1.1574599379144832,17_1700
O=C(CSc1ncnc2ccccc12)Nc1cccc(S(=O)(=O)N2CCCCC2)c1,-6.5,3.6382674751233632,17_1701
C[C@@H](Nc1ncnc2sc(-c3ccc([N+](=O)[O-])cc3)cc12)c1ccccc1,-8.0,3.5744615469063383,17_1702
COc1cc(/C=N/NC(=O)C(=O)N2CCCCCC2)ccc1OCc1ccccc1,-6.5,2.6165241185210886,17_1703
CCOc1cccc(C(=O)NCc2ccc3c(c2)CCN3C(=O)c2ccccc2OC)c1OC,-6.7,3.7013828255819137,17_1704
Cc1cc(CC(NC(=O)N2CCN(c3ccc(F)cc3)CC2)C(=O)N2CCC(N3CCCCC3)CC2)cc2c[nH]nc12,-8.4,3.391928625468524,17_1705
O=C(c1ccccc1)c1[nH]c2[nH]cnc(=O)c2c1-c1cc(Cl)ccc1-c1ccc(F)cc1,-7.9,3.472727724618416,17_1706
CC1=CC(NC(=O)c2scc(-c3cc4ccccc4[nH]3)c2-c2cccc(NS(C)(=O)=O)c2N)C(c2ccccc2)=N1,-7.7,3.10700942101177,17_1707
O=C(O)C(O)C=CC=COC(c1cccc(-c2ccccc2)c1)c1cc2ccccc2c2ccccc12,-7.9,3.1146757526379996,17_1708
Cn1ncc(Cl)c1C(=O)N1CCN(c2ccc([N+](=O)[O-])cc2)CC1,-6.5,3.55160415105581,17_1709
N#Cc1cccc(-c2ccc3c(c2)CCN(CC(=O)Nc2ccc(F)c(F)c2)C32CCN(CC3CC3)CC2)c1,-8.2,3.4291295197816325,17_1710
O=C(CSc1nnc(-c2ccc(Nc3ccccc3C(F)(F)F)cc2)o1)c1cc2ccccc2[nH]1,-7.7,3.3061277318194318,17_1711
COc1ccc(C(=O)Cc2ccc([N+](=O)[O-])cc2)cc1,-5.9,3.5508843109771133,17_1712
O=S(=O)(c1ccc(Oc2ccc(C(F)(F)F)cc2)cc1)C1(C(O)=NO)CCN(Cc2ccccc2)CC1,-7.0,3.283160684076514,17_1713
COc1ccc(/N=C\c2cn(-c3ccccc3OC)c(=O)c3ccccc23)cc1,-6.5,3.5737675666584376,17_1714
CN(CCC(c1ccccc1)C(C#N)C#N)c1ccccc1,-6.1,3.6469914941986086,17_1715
CC(C)c1nc2ccc(-c3ccc4c(c3)OCO4)cc2c(=O)n1NC1CCNC1=O,-8.2,3.6152385197419536,17_1716
O=C(NCCOc1cccc(CN2CCOCC2)c1)c1cc2cc(F)ccc2[nH]1,-7.1,3.703222755117942,17_1717
O=C(Cn1cc(-c2ccccc2)ncc1=O)N1c2ccccc2CCc2ccccc21,-8.6,2.645968813883452,17_1718
COc1cc(-c2ncc(-c3ccccc3)o2)cc(OC)c1OC,-6.2,3.729891312808604,17_1719
Cc1ccc(S(=O)(=O)Nc2cccc(Nc3ccc4c(c3)OCCO4)c2)cc1,-8.2,3.754286687213648,17_1720
NC(=O)c1ccccc1N=CCC(=O)c1ccc(Cl)cc1,-6.6,3.6449571143191877,17_1721
O=S(=O)(c1ccc(Nc2nccc(-c3cc4ccccc4o3)n2)cc1)N1CCCCC1,-7.5,3.6837656955061746,17_1722
CC(C)(CC(=O)O)Cc1nc2ccccc2n1Cc1cccc(Br)c1,-6.4,3.756483702164883,17_1723
Nc1ccccc1Nc1ccc2c(c1)Sc1ccccc1N2Cc1ccccc1,-7.3,3.4946429162257058,17_1724
O=C(Cn1c(-c2ccccn2)nc2ccccc21)c1ccccc1,-7.5,3.585031119917389,17_1725
Cn1cc(-c2cnc3ccc(N(c4ccccc4)c4ncco4)nc3c2)cn1,-7.6,3.550870823904601,17_1726
COc1cc2c(cc1O)CC[C@@H]1[C@@H]2CC[C@]2(C)C(c3ccccc3F)=CC[C@@H]12,-7.5,3.3004818750913083,17_1727
Cc1ccc(NC(=O)c2cccc(C(C)(C)C#N)c2)cc1-c1ccc(C(F)(F)F)cc1-c1ccc(C(F)(F)F)cc1,-8.0,3.2519585443098094,17_1728
C1=CC2=C(CNC3N=C(Nc4nc5ccccc5o4)N=C3c3ccc4c(c3)OCO4)N=CC2=C1,-9.2,3.3055190503182956,17_1729
Cc1cc(=O)oc2cc(N(C)CCO)ccc12,-6.0,3.6265540878472375,17_1730
O=C1C=C2C=C(CC=CC=CCc3ncccc3N1)C(c1cccc(NC(=O)c3cccc(C(F)(F)F)c3)c1)=N2,-7.8,1.9976581726827236,17_1731
CN(c1nc(C(N)=O)cs1)[C@H]1COC[C@@H]1O,-5.3,2.1925856849139658,17_1732
N=C(CN)NCCCCNC(=O)C1C(C(=O)O)[C@@H]2C[CH][C@H]1O2,-5.8,1.5961092490402606,17_1733
O=C(NCCc1ccccc1)N1CC[C@H](c2ncnc3c2cnn3-c2ccc(C(F)(F)F)cc2F)C1,-8.2,3.601576566950698,17_1734
COc1cnc2c(c1)C(=O)c1c-2n(CCCN2CCOCC2)c(=O)c2cc(F)ccc12,-7.4,3.582184028615448,17_1735
O=C(c1ccc2[nH]c3c(c2c1)CCCC3)N1CCN(c2ccccc2F)CC1,-7.6,3.56019965772144,17_1736
CN=C1N=CC1=Cc1cc(N(C(=O)NCc2ccccc2)[C@H]2CC[C@H](Nc3ncc(C#N)c(-c4ccccc4F)n3)CC2)c[nH]1,-7.0,3.2171738339993388,17_1737
Cn1c2c(c3ccccc31)CN(CCCC(c1ccccc1)c1ccccc1)CC2,-7.7,3.3090454445295108,17_1738
Cc1ccc(-c2nc3nccc(Nc4cccc(Br)c4)n3n2)cc1,-7.6,3.716508665014138,17_1739
Cc1cccc(-c2cc(Nc3ccnc4ccccc34)ncn2)c1,-7.4,3.665129396522815,17_1740
COc1ccc(-n2nc(C(=O)NCC(=O)NC34C=CC(=CC3C)C4)ccccccc2=O)cc1OC,-7.2,1.3868141127661282,17_1741
O=C1C=CC(F)=C(F)CCC(c2ccnc3ccc(-c4cccc(CO)c4)cc23)CC=CC=N1,-7.9,1.4459610571841761,17_1742
O=C(c1cccc(F)c1-c1ncccn1)N1[C@@H]2CC[C@H]1[C@H](Nc1ccc(C(F)(F)F)cn1)C2,-8.2,3.62457461903899,17_1743
CN1CC=C(c2cc3c(-c4ccc(Cl)c(N5CCSCC5)c4)[nH]nc3cn2)CC1,-8.6,3.6769337004494345,17_1744
Cc1ccc(S(=O)(=O)NC(=O)Cn2c(-c3cccc(Cl)c3)nc3ccccc3c2=O)cc1,-8.1,3.669538818610777,17_1745
O=C(Nc1ccc(CC(NC(=O)C2CCC(=O)N2Cc2ccccc2)C(=O)O)cc1)c1ccc(F)cc1,-6.8,3.526120721272169,17_1746
C=CC=C(C=CCC=NC=O)c1nc2cc(Nc3cccc(NC(=O)COc4ccc(F)cc4)c3)ccn2n1,-6.2,3.193790522272434,17_1747
Cc1cc(N(C)C)c(C#N)c(Nc2ccc(F)cc2)n1,-5.9,3.761550846300479,17_1748
CCOc1cc(C(=O)N2N=C(c3cc4ccccc4oc3=O)CC2c2ccccc2)cc(OCC)c1OCC,-8.1,3.3716331123965912,17_1749
C[C@H](O)CNc1nccc(-n2ccnc2CC2=CC(=NC(=O)c3ccccc3Oc3ccccc3)C=C2)n1,-7.6,3.425269065212281,17_1750
CNC(=O)c1cccc(Nc2ncnc3ccc(C4C=C(OC)C(OCc5ccccc5)=C4)c(C)c23)c1,-8.6,3.5201536469907895,17_1751
O=C(Nc1ccccc1)Nc1ncnc2c1ncn2[C@@H]1O[C@H](O)[CH]C2O[C@H]([C@H](O)[C@H](O)c3ccccc3)O[C@H]21,-8.4,2.96786024469901,17_1752
O=c1c(CC2=CC=COC2)c(O)oc2cc(Oc3ccc(C(F)(F)F)cc3)ccc12,-7.3,3.7564232391029964,17_1753
O=C1C=Cc2ccc3[nH]c(nc3c2)CCOc2cc3ccccc3cc2C(c2cc3ccccc3n2Cc2ccccc2)NN1,-9.4,1.7534340794023127,17_1754
O=C(Nc1cccc(OC(F)(F)F)c1)c1cnc(N2CCOCC2)c(-c2cncnc2)c1,-7.6,3.7004887614985016,17_1755
CCc1cccc(C)c1NC(=O)CCN,-4.8,3.478131669047141,17_1756
O=C(NCCc1ccccc1F)c1cnc(Oc2ccc3c(c2)CCC(c2cccnc2)O3)cn1,-7.5,3.626413193383444,17_1757
O=C(Nc1ccccc1F)c1ccc(-c2nnc(-c3cccc(-c4nc[nH]n4)c3)o2)cc1,-8.1,3.5373810355038566,17_1758
CC(=O)NC[C@H]1CN(c2ccc3c(c2)CCCN(Cc2ccccc2)C3)C(=O)O1,-6.6,2.7145640314034805,17_1759
Cn1nc2c(cc1=O)CN(Cc1nc3ccc(F)cc3o1)CC2,-6.6,3.669241849569946,17_1760
O=C(O)c1ccccc1C(=O)Nc1ccc(-c2ccccc2)cc1Cl,-7.6,3.688885147788735,17_1761
CCNc1ccc(-c2ccc3c(c2)CCN(Cc2ccccc2)C3)nc1C(=O)Nc1nc2ccccc2s1,-7.3,3.3802457891037205,17_1762
c1ccc(Cn2cc(-c3cc4ccccc4c4ccccc34)nn2)cc1,-7.8,3.353701276314882,17_1763
C=c1c(O)c(O)cc2c1=CC=C1[C@@]2(C)CC[C@@]2(C)[C@@H]3C[C@](C)(C(=O)Oc4cc(C(=O)C(C)C)c(O)cc4OC)CC[C@]3(C)CC[C@]12C,-7.1,2.674798413494415,17_1764
O=C(O)/C=C/O[CH]C1NC(c2cccc(C(F)(F)F)c2)=C[C@H]1c1ccccc1Cl,-7.7,3.5891731788714107,17_1765
O=C1C=C(c2cc(-c3ccc(O)cc3)nc3c(-c4ccccc4)c(-c4ccccc4)nn23)CC1,-8.8,3.502202030851672,17_1766
O=C(C1CCN(c2cnccc2-c2cccc(F)c2)CC1)N1CCN(c2ccccc2)CC1,-7.0,3.599940606471421,17_1767
Cc1ccccc1-c1csc(-c2ccc(-c3cccs3)s2)n1,-6.4,3.503347657303695,17_1768
COC=C1C=CC(N=CN=C(C2=C(Cl)c3ccccc3Nc3ncccc32)c2sccc2N)=C1,-6.7,2.2939933323581636,17_1769
C=CC(=CC=CC(C=C)=Nc1n[nH]c2ccccc2c1=O)CC=C[C@H]1CC[CH]C(C(=O)O)CC1,-6.3,2.316600095671429,17_1770
O=C(NCCc1ccc2c(c1)OCCO2)Nc1nnc(-c2ccncc2)s1,-7.1,3.6828695494990438,17_1771
O=C(c1ccccc1)N1CCN(C(c2ccc(Cl)cc2)c2nnnn2Cc2ccccc2)CC1,-7.2,3.6328503132046173,17_1772
O=C(Nc1cccc(Nc2ccnc(NC(=O)C3CC3)c2)c1)c1ccccc1C(F)(F)F,-7.7,3.6233860881210913,17_1773
O=C(Nc1ccc(S(=O)(=O)N2CCOCC2)cc1)c1ccc(Nc2cccc3c2C(=O)c2ccccc2C3=O)cc1,-8.1,3.3900765806979214,17_1774
CCCCCCOc1cc(NC(=O)Nc2cc(C(=O)O)cc(C(=O)OC)c2)ccc1-c1cccc(C)c1,-7.2,3.3154207413957515,17_1775
NC(CC(=O)N1CC2CCC(c3ccccc3)C(C1)N2C(=O)c1ccco1)C(=O)O,-7.5,3.5970275549979895,17_1776
O=S1(=O)c2ccc(-c3cc4ccccc4o3)cc2CCc2ccc(OCCCCN3CCCCC3)cc21,-6.5,2.375872604413592,17_1777
COc1ccc(-c2nc3c(=O)n(-c4cccc(OC)c4)c(=S)n(-c4ccc(F)cc4)c3[nH]2)cc1,-7.4,3.484793797174658,17_1778
COC=C1C=CC(=Nc2nc3ccccc3nc2C(=O)Nc2ccc3c(c2)oc2ccccc23)C1,-7.8,3.441632976898279,17_1779
Cc1ccc(C(N)=O)c2c1nc(-c1ccccc1Cl)n2-c1ccc(C(=O)N=Nc2ccc(Cc3ccccc3C=O)c3ccccc23)cc1,-7.0,3.0115156804927863,17_1780
O=C(c1ccccc1Br)N1CC=C(c2cccc(F)c2)CC1,-6.8,3.460872640656323,17_1781
O=C1C(=Cc2ccc(O)cc2)Cc2ccccc21,-7.3,3.4331227822866235,17_1782
CN(Cc1cccc(Cl)c1Cl)c1ccc(S(=O)(=O)N2CCOCC2)cc1NC(=O)c1ccccc1F,-7.2,3.647178080031937,17_1783
CNc1nc2c(-c3ccc(S(N)(=O)=O)cc3)cnn2c2ccccc12,-7.6,3.641721121285967,17_1784
CC(=O)Nc1ccc(S(=O)(=O)Nc2ccc3ccccc3c2)cc1C,-7.2,3.759514318370008,17_1785
O=C(Nc1ccccc1)N1CCC(c2nc(=O)c3nnn(Cc4cccc(Cl)c4)c3[nH]2)CC1,-8.8,3.6284246746616864,17_1786
O=C(OC1C=CN([C@H]2C[C@H](c3cccc(Cl)c3)N(c3ccc4c(cnn4Cc4ccccc4)c3)C2)ON=N1)c1ccccc1,-8.7,2.0824795067589736,17_1787
Cc1ccc(NC(=O)c2nn(-c3ccccc3)c(=O)c3ccccc23)cc1S(=O)(=O)N1CCOCC1,-7.7,3.5830686158582883,17_1788
O=C(NCP(=O)(O)CNC(=O)c1cc(Br)c(Br)[nH]1)c1ccc(O)cc1,-6.8,3.2896393333386564,17_1789
CCCC(CCC)c1ccc(-c2ccc(-c3ccc(C(=O)O)s3)cc2)cc1,-5.8,3.4899748457956776,17_1790
O=C(NC(=O)c1ccccc1Nc1ccc2c(C=Cc3ccccn3)[nH]nc2c1)Nc1cccc2ccccc12,-9.3,3.2202657513618265,17_1791
O=C(c1cccc(-c2noc(C(F)(F)F)n2)c1)N1CCN(S(=O)(=O)c2ccc3ccccc3c2)CC1,-7.8,3.582743869474565,17_1792
Cn1cc(/C=C/C(=O)n2cnc3ccc(-c4cc5ccccc5o4)cc32)cn1,-7.5,3.482670838790023,17_1793
COc1ccccc1C(C(=O)N(C(=O)NCc1ccc(F)cc1)c1ccccc1C)c1ccccc1F,-7.3,3.532105338292996,17_1794
CCC1=C(C)C(=NC(=O)CC(=O)n2nc(N3CCN(c4ccccc4)CC3)c3ccccc32)C=C1,-8.6,3.538962051291781,17_1795
CC(C)(C)n1nc(-c2ccccc2OC(F)(F)F)c2c(N)ncnc21,-6.2,3.737034038515575,17_1796
Cc1nc(-c2ccc(F)cc2F)ccc1-c1nc2cccc(-c3ccc(CN(C)C)cc3)c2c(=O)n1Cc1ccccc1,-7.8,3.281275889288613,17_1797
Cc1ccc(NC(=O)Cn2c(=O)n(Cc3ccco3)c(=O)c3ccccc32)cc1F,-7.5,3.71529484211368,17_1798
O=C(O)c1ccc(/N=C/c2cccc(Nc3ccc4c(c3)OCCO4)c2)cc1,-7.3,3.6612776398444193,17_1799
O=c1cc(-c2ccc(-c3ccccc3)cc2)[n+]([O-])c2ccccc2[n+]1[O-],-7.8,2.565346651533052,17_1800
O=C(NC(Cc1ccccc1)C(O)C(=O)Nc1cccc(-c2nn[nH]n2)c1)c1cc(-c2ccccc2)no1,-8.1,3.1260528967043153,17_1801
Cn1ccc2cc(C(=O)Nc3cccc(NC(=O)C(=Cc4cccc(C#N)c4)c4cncn4N)c3)ccc21,-7.1,3.1409361820984616,17_1802
O=C(N=C1N=CC(CCSCC2=CC(C=NC(=O)c3ccc(N4CCOCC4)cc3)=CC2)=N1)Nc1cccc2nsnc12,-7.4,3.0840359065381087,17_1803
C=S1C(C(=O)Nc2ccccc2C23C=CC=CC(=NN(C(N)=S)C=C2)C3)=CC=C1C(=O)Oc1ccc(C(=N)N)cc1O,-7.9,1.6136272638321714,17_1804
O=C(Nc1cccc(Cl)c1)c1cc(-c2ccccc2)nn1-c1ccc(OC(F)(F)F)cc1,-7.9,3.634598859952038,17_1805
O=C(Cn1c(CCc2cccc(F)c2F)cc(=O)c2ccccc21)N(Cc1ccc(-c2ccc(C(F)(F)F)cc2)cc1)c1ccccn1,-8.4,3.108313150432006,17_1806
O=COC(=O)N(Cc1ccc(-c2ccc(S(=O)(=O)NC(C(=O)O)C(F)F)cc2)cc1)c1ccccc1,-6.0,3.421826009683744,17_1807
Cc1cc(S(=O)(=O)c2cccs2)ccc1OCC(=O)Nc1ccccc1-c1ccccc1,-7.2,3.6315115619976757,17_1808
O=C(Cc1c[nH]c2ccccc12)Nc1nc(-c2ccccc2)c(-c2ccccc2)s1,-7.7,3.480969498069934,17_1809
O=C(Nc1ccccc1)Nc1ccc(-n2ccc(C(F)(F)F)n2)cc1,-6.8,3.712403863744872,17_1810
N=C(N)N=c1[nH]c(-c2cccc(-c3ccc(C(=N)N)s3)c2)cs1,-7.5,3.3137198942047523,17_1811
O=C(O)c1ccc(CN2CCN(c3ccc(-c4ccccc4C(F)(F)F)nc3)CC2)cc1,-7.3,3.77065917283299,17_1812
C[C@H](Nc1nc(N)nc(-c2ccc(-c3ccc(N)nc3)nc2)n1)c1cccc2ccccc12,-7.0,3.370717308840759,17_1813
Cc1ccc(S(=O)(=O)N2CCC(C(=O)Nc3cccnc3)CC2)cc1C,-6.8,3.793879916696677,17_1814
O=c1c(C2=NS(=O)(=O)c3ccccc3N2)c(O)c2ccccc2n1Cc1ccccc1,-8.0,3.618653092035423,17_1815
COC=CC=C(C#N)C=C1C=CN=C(c2ccc(Nc3nc(N4CCOCC4)nc(N4CCOCC4)n3)cc2)S1,-6.3,3.0643937731451474,17_1816
Cc1ccccc1CNCCN(Cc1ccc(Cl)cc1)Cc1ccc2nc(-c3ccccc3)ccc2c1,-7.3,3.167136325000475,17_1817
O=C(C1CCCCC1)N1CC(=O)N2CCc3ccccc3[C@@H]2C1c1ccccc1F,-7.4,3.3803285760258346,17_1818
S=c1[nH]nc(-c2cc3ccccc3[nH]2)n1-c1ccc2ccccc2c1,-7.7,3.4635722657641463,17_1819
Cc1ccc(NS(=O)(=O)c2ccc3[nH]c(=O)c(=O)[nH]c3c2)cc1,-7.3,3.515567838154562,17_1820
N#Cc1cccc2c1Nc1ccc3[nH]ccc3c1CNCCN(c1ccc(O)cc1)CCC2=O,-8.5,1.212532036967012,17_1821
O=C(Nc1ccc(O)cc1)c1ccccc1C(=O)N1CCN(c2ncccc2C(F)(F)F)CC1,-7.6,3.6601157361858014,17_1822
CC=NC=CC(=O)Nc1ccccc1Nc1nc(Nc2ccccc2)nc(Nc2cccc(F)c2)n1,-8.0,3.0893152149490914,17_1823
Nc1ccc(Nc2nc(-c3cccc(NC(=O)c4ccc(Cl)c(C(F)(F)F)c4)c3)oc2-c2ccccc2)cn1,-8.3,3.1740169713919775,17_1824
NS(=O)(=O)c1ccc(-c2[nH]ncc2C=NNc2nc(-c3ccc(F)cc3)cs2)cc1,-7.7,3.374579786325582,17_1825
CC(C)c1ccc(Nc2ncnc3ccc(NC(=O)Nc4ccc(F)cc4)cc23)cc1,-8.3,3.53707712524494,17_1826
CC1(c2cccc(OCc3ccccc3)c2)CCOC(O)C1,-6.7,3.6902049237940675,17_1827
O=C(NCCc1ccco1)N1CCC(c2nc(-c3ccccc3)no2)CC1,-7.0,3.7643538187235173,17_1828
CNc1cc(-c2ccc3[nH]nc(-c4cc(Oc5ccccc5)ncc4F)c3c2)ccn1,-7.9,3.530071550669448,17_1829
COc1ccc(-n2nc(-c3ccc(C(=O)O)cc3)cc2-c2cccc(C)c2)cc1,-7.6,3.6633417100319052,17_1830
CS(=O)(=O)c1ccc(C(=O)Nc2ccccc2C(=O)Nc2ccc(Cl)cn2)cc1,-8.0,3.720555982314949,17_1831
O=C(C1CN(Cc2ccccc2)C[C@@H]1c1ccccc1)N1CCN(C(c2ccccc2)c2ccccc2)CC1,-8.5,3.2876242824465276,17_1832
CS(=O)(=O)c1ccc(C(=O)NCc2nnc(SCC(=O)NCc3ccco3)o2)cc1,-5.9,3.3460588935593076,17_1833
O=C/C=C/c1cccc(OCO)c1,-4.6,3.2868495552902797,17_1834
N#Cc1ccc(Nc2nc(Nc3ccc(C(N)=O)cc3)nc3ccsc23)cc1,-7.8,3.5522987400796833,17_1835
CC(C)n1cncc1-c1cccc(NC(=O)c2cccc(C#N)c2)n1,-7.6,3.8181180405681308,17_1836
COc1ccc(CCNc2ncccc2C(F)(F)F)cc1,-6.2,3.723168076896526,17_1837
Cc1c(CC(=O)O)cncc(-c2cccc3ccccc23)ncn1-c1ccc2c(c1)OCCO2,-8.5,1.474998866799912,17_1838
c1ccc(-c2cc(-c3ccccc3)nc(-c3cccc4cccnc34)c2)cc1,-8.9,3.2825236008290934,17_1839
C=C1[C@@H]2C[C@@H]3C[C@H]1CC(NCC(=O)N1CCC[C@H]1COC(C=COC)CC=O)(C3)C2,-6.0,2.977832995437604,17_1840
N#CCNC(=O)N(Cc1ccccc1)c1ccccc1Cc1cccc2ccccc12,-6.4,3.4991438815427225,17_1841
O=C(N=C1C=CC=CCNNN=C1)c1cccc(Cn2c(=O)oc3cc(Cl)ccc32)c1,-9.1,1.5051205701099422,17_1842
CNC(=O)C=Cc1ccc(Nc2nccc(Nc3c(F)ccc4c3OCO4)n2)cc1,-7.7,3.540331097526026,17_1843
O=C(Nc1nc2cccc(Cl)c2s1)c1cccc(NS(=O)(=O)c2cccs2)c1,-7.1,3.6195238855705343,17_1844
N=C1NC(=O)/C(=C/c2ccc(-c3ccc(Cl)cc3Cl)o2)S1,-7.1,3.6610391123871673,17_1845
Cc1c(NS(C)(=O)=O)cccc1N(Cc1ccccc1)Cc1ccc(Oc2ccc(C(=O)c3ccccc3)cc2)cc1,-6.9,3.2074894132746588,17_1846
Cn1cc(-c2ccc(-c3ccccc3S(=O)(=O)N3CCOCC3)cc2)cn1,-6.6,3.719770475058002,17_1847
O=S(=O)(c1cccc(Nc2nc3cc(Cl)ccc3nc2Nc2cccc(C(F)(F)F)c2)c1)N1CCOCC1,-9.0,3.454622469436907,17_1848
O=C(c1cc([N+](=O)[O-])ccc1N1CCOCC1)N1CCN(S(=O)(=O)c2ccc(F)cc2)CC1,-6.9,3.381440630724959,17_1849
O=C(N=[N+]/N=C/c1ccc(-c2ccc(C(=O)O)cc2)o1)Nc1ccccc1,-6.6,3.5267100648804135,17_1850
O=C(Nc1cccc(-c2nc3cc(Nc4ccc(C(F)(F)F)cn4)ccc3[nH]2)c1)Nc1ccc(F)cc1F,-8.0,3.1127224776964217,17_1851
Fc1cc(-c2nc(-c3ccc4[nH]cnc4c3)no2)ccc1Cl,-7.2,3.701191345301951,17_1852
C[C@H](Oc1ccccc1)n1cc(O)c(Nc2ccnc(-c3ccccc3C(F)(F)F)c2Cl)c1,-7.2,3.560774404431055,17_1853
Nc1ccccc1C(=O)Nc1ccc2ccccc2c1,-6.8,3.539780201675267,17_1854
O=C1c2ccccc2S(=O)(=O)N1Cc1cc(-c2cccc(C(F)(F)F)c2)no1,-8.4,3.677356992111294,17_1855
O=C(c1ccccc1F)N1CCN(Cc2cc(=O)c(OCc3ccc(F)cc3)co2)CC1,-7.0,3.7226836230200187,17_1856
N#Cc1cc(-c2ccnc(Nc3cccc(NC(=O)c4cccc(Cl)c4)c3)n2)cnc1N1CC[C@H](F)C1,-7.1,3.516811500603927,17_1857
O=C(C=Cc1ccc(O)c(O)c1)Nc1ccccc1S,-6.5,3.4179214150434887,17_1858
O=C1CC(=NCc2ccc(CNC(=O)c3ccc4c(c3)OCO4)cc2)NN=CC=C2C=CC=C12,-8.1,1.3067942092477658,17_1859
O=C(Nc1cccc(-n2ccc3c(NC(=O)c4ccccc4)nccc32)c1)c1ccccc1,-8.3,3.5421341561090207,17_1860
O=C(c1ccc(O)cc1O)c1cccc2c(O)cccc12,-6.7,3.572423867818425,17_1861
CCCC(=O)CC(CC(C)(C)C(C=O)C(=O)OC)=Nc1ccc(OCC)cc1,-5.3,3.212542379854619,17_1862
[CH]C1CCCCC1C(NC(=O)c1ccccc1)C(=O)NC[C@@H]1CO[CH]OCC=CC=CC[C@H](C#N)O[CH]O1,-7.4,1.9742572025294711,17_1863
N#Cc1ccccc1Cn1ccc2c3c(ccc21)=CN=C1C=C(Br)C(=N)NC=3N1,-7.9,2.574692072781114,17_1864
CCOc1ccc([C@@H](C)c2c(O)[nH]c(NC)c2O)cc1,-5.4,3.605957243424286,17_1865
CC1=CC=C(N(CC(=O)Nc2ccc(C)cc2C)S(=O)(=O)c2ccc(C)cc2C)C1C,-7.3,3.722625745100016,17_1866
Cn1cccc1C1C(=O)N(c2cccc(F)c2)C(=O)C12C(=O)Nc1ccc(F)cc12,-7.2,3.568013001572571,17_1867
O=C(N[C@H]1C2CC3CC1C[C@](O)(C3)C2)c1cccc(N2Cc3ccc(-c4ccccc4)cc3C2=O)c1,-8.3,3.3030111566363383,17_1868
COc1ccc(-c2cc3ccccc3cc2-c2ccccc2C(=O)NCCc2ccccc2)cc1,-7.8,3.297519600484077,17_1869
COc1ccccc1NCCC(=O)Nc1nc2ccccc2s1,-7.1,3.7415371122768186,17_1870
COc1ccc(C(=O)CC(=O)c2ccc(C(=O)Nc3ccccc3-c3ccccc3)cc2)cc1,-6.7,3.4668746879969263,17_1871
N#C[Se]c1ccc(NC(=O)COc2ccccc2)cc1,-5.7,3.686374754790427,17_1872
COc1cccc(-c2nc3cc(-c4ccc(-c5ccccn5)cc4)ccc3[nH]2)c1,-7.1,3.4960828944676052,17_1873
O=C1C(NS(=O)(=O)c2cccc3nsnc23)CCN1c1ccc(N2CCOCC2)c(F)c1,-7.3,3.495096269758932,17_1874
O=C(O)CCc1cc(-c2cccc(C(F)(F)F)c2)n(-c2ccc(Cl)cc2Cl)n1,-7.6,3.7114621640774477,17_1875
O=S(=O)(Nc1cc2c(c3ccccc13)OC1CCCCN21)c1ccc2c(c1)CCC2,-8.6,3.555021044687949,17_1876
C=CC(=CC=CC1=CCN(C)C=CC=C1)n1c(=O)c2ccccc2n(CC(=O)Nc2cccc(Cl)c2)c1=O,-6.8,1.7424342281710317,17_1877
Nc1nncn1C(=O)/C=C/c1ccccc1/C=C/c1cccc2ccccc12,-8.1,3.6024633457409347,17_1878
Cc1ccc(NC(=O)Cn2cc(-c3ccc(-n4ccnc4)cc3)nc2C)cc1,-6.9,3.71730939530754,17_1879
O=C(NC(Cc1c[nH]c2ccccc12)C(=O)Nc1ccncc1)c1ccc(N2CCC(c3ccc(OCc4ccccc4)cc3)C2)cc1,-6.3,3.0749351832585137,17_1880
CC=C1N=CON1c1ccc2n(c1=O)CCN([C@@H](C)[C@@H]1CC[C@H](c3cc(F)cc(-c4ncccc4F)c3)O1)C2,-7.7,3.343835304335008,17_1881
CCc1cncc(-c2cc3c(cn2)cnn3-c2cccc(N3CC[C@H](N)C3)n2)n1,-8.0,3.63263296897604,17_1882
COC(=O)C1CC(NC(=O)C(S)Cc2ccccc2)CCC1O,-6.3,3.456971110703085,17_1883
O=C(c1cc2ccccc2oc1=O)N(c1ccccc1)c1ccnc2ccccc12,-8.0,3.4732107219214505,17_1884
COc1cc(C)cc2c1-c1cccc3c1[C@@H](C2)NCC3,-6.6,3.3887060656365176,17_1885
O=C(Nc1ccccc1C(=O)O)c1ccc(CN2C(=O)c3ccccc3C2=O)cc1,-7.4,3.6659216393274487,17_1886
CCc1c(-c2ccnc(N)n2)ccc2cc(O)ccc12,-6.5,3.685847984997017,17_1887
NC(Cc1cc(Br)c(Oc2ccc(O)c(Cc3ccc(=O)[nH]c3)c2)c(I)c1)C(=O)O,-7.0,3.4148985962678995,17_1888
COc1ccccc1NC(=O)Nc1nc(Cc2cccc3ccccc23)cc(N(C)Cc2ccccc2)n1,-7.0,3.3929858871331655,17_1889
COc1ccccc1NS(=O)(=O)c1cc(-c2nn(-c3ccccc3)cc2C(=O)Nc2cccc(C(=O)O)c2)ccc1OC,-7.8,3.091402963260836,17_1890
O=C(Nc1ccc(Cl)c(C(F)(F)F)c1)C1CC=C[C@@H]2CCN(Cc3ccccc3)C(=O)C12,-7.6,3.5489894160292357,17_1891
Cc1ccc(C(=O)Nc2cc(C(C)(C)C)on2)cc1-n1cc(-c2cncc(N3CCNCC3)c2)cn1,-7.2,3.5577666201837586,17_1892
CNS(=O)(=O)c1ccc(-c2ccc3[nH]ccc3c2)cc1,-6.3,3.651692566853475,17_1893
Nc1nccc(-c2ccc3[nH]c(C4COc5ccccc5C4)nc3c2)n1,-7.7,3.6578215828108194,17_1894
Cc1ccc2c3c(ccc2n1)OC[C@H](CN1CCN(c2cccc([N+](=O)[O-])c2)CC1)O3,-7.6,3.492802618556132,17_1895
COc1ccc(N2CCN(c3ncnc4c3cnn4-c3ccccc3)CC2)cc1,-7.5,3.6627739604153824,17_1896
Cc1nc(N[C@@H](C)c2cccc(-c3cnc(C(C)C)nc3)c2)cc(-c2ccc3occ(C)c3c2)n1,-7.8,3.455534760347862,17_1897
COc1ccc(-c2coc3cc(O)cc(O)c3c2=O)cc1O,-7.5,3.6025527940656206,17_1898
O=C(NCCCNc1ccnc2cc(Cl)ccc12)c1ccc(F)cc1,-7.1,3.684438404106603,17_1899
O=C(Oc1ccc2ccc(=O)oc2c1)c1ccc(-c2ccccc2)cc1,-7.8,3.45306619895718,17_1900
NC(=O)c1cccc(-c2cccc(Oc3cccc(C(O)=NO)c3)c2)c1,-8.3,3.388342578060341,17_1901
Cc1ccc2cnc(-c3cccc4ccccc34)c(Nc3ccc4c(c3)OCO4)c2c1,-8.6,3.4500327857136157,17_1902
Cc1ccc(S(=O)(=O)N2C[C@@H](Oc3ccc4ccccc4c3)CC2C(=O)O)cc1,-7.3,3.7975953375597813,17_1903
CC(c1ccccc1)N1CCc2cc(S(=O)(=O)Nc3cccc(C(=O)NC4CC4)c3)ccc21,-7.3,3.605555207250795,17_1904
O=C(N[C@H]1CC[C@H](CCN2CCN(c3ccccn3)CC2)CC1)c1ccc(C(F)(F)F)cc1,-6.4,3.6499644192655483,17_1905
O=C1c2[nH]c3ccccc3c2C(=O)c2cnc3ccccc3c21,-8.3,3.548972861961139,17_1906
O=c1nc(NCc2cccc(-c3ccccc3)c2)c2cccnc2n1OCc1ccccc1,-8.2,3.548227275801561,17_1907
CC=C1C=CC(C2=CC=CC3[C]2CCCC3[C@@](C)(O)CO)C=C1,-6.2,3.1976758816614455,17_1908
Cc1c(NC(=O)C=C2C=COC(=O)CC(=Nc3ccccc3)C=C2)cccc1OC1C=C(F)C(=N)N1,-7.3,1.2122992117656315,17_1909
C=C1C(C2C=CC=CC2)=NN(c2ccc(S(N)(=O)=O)cc2)C1c1ccc(Cl)cc1,-8.0,3.7036402611393067,17_1910
COc1cc(-n2c3c(c4ncnc(N)c42)CCC3)ccc1NC(=O)Cc1cccc(-n2ccccc2=O)c1,-7.8,3.3959467678573763,17_1911
O=C(Nc1ccc(Cl)c(Cl)c1)c1ccccc1Sc1ccc2c(C=Cc3ccccn3)[nH]nc2c1,-7.3,3.4293724009013937,17_1912
O=C1CCC(=CC=CC(F)(F)F)c2cnccc2CO[C@H](CC2CCCNC2=O)NC(=O)C(Cc2ccc(Cl)cc2)=NC(=O)C(Cc2ccc(Cl)cc2)N1,-7.4,1.6785661758724948,17_1913
O=C(c1ccc(-c2ccccc2)cc1)n1c2ccccc2c2nc3ccccc3nc21,-7.9,3.4377932479785938,17_1914
COc1cccc(CN2CCN(c3cnccc3-c3ccccc3)C2=O)c1,-6.8,3.6597727401216797,17_1915
O=C(CN1C(=O)c2ccccc2C1=O)Nc1cccc(-c2ccc3cccc(O)c3c2)c1,-8.2,3.510974707144875,17_1916
CCOC(=O)c1sc(Nc2ccc(Cl)cc2Cl)nc1C,-5.6,3.6812612129820224,17_1917
O=c1[nH]cc(-c2ccccc2)c2ccccc12,-6.9,3.3721562663396654,17_1918
NS(=O)(=O)n1nc(C(=O)Nc2cccc3ccccc23)c2ccccc21,-7.9,3.6605994774764072,17_1919
[CH]OC(C)C[C@H]([CH]O[CH]O[CH]COC(C)=O)OC1=C(c2ccc(OC(=O)c3cc(OC)c(O)c4ncccc34)c(OCCCO)c2C)CC=C1O[CH]OC,-5.8,2.8370529621821707,17_1920
O=C(C1=C[C@H](c2ccc(F)cc2)C[C@H](OCc2ccc(CO)cc2)O1)N1CCN(Cc2ccc3c(c2)OCO3)CC1,-8.3,3.3743963746224273,17_1921
O=C(CC=Cc1ccccc1)N[C@H]1CCn2cnc(C(=O)c3ccccc3)c2-c2ccccc21,-7.2,2.594463325356613,17_1922
CC1CC(=O)C(NC(=O)C(N)C(C)C)C(=O)C1,-5.6,3.2792849983189782,17_1923
O=C(N[C@H]1C(O)O[C@H](CO)[C@@H](O)[C@@H]1O)c1cccnc1,-5.5,3.035420418568452,17_1924
CC(=O)Oc1cc(NCc2cncc(-c3ccccc3)c2)cc(-c2cc3cc(-c4ccc(C(F)(F)F)cc4)ccc3o2)c1,-7.3,3.1139311403767636,17_1925
Cc1nccn1-c1ccc(Nc2c3ccccc3nc3ccccc23)cc1,-7.8,3.463251635977127,17_1926
O=S(=O)(Nc1nccs1)c1ccc(Nc2nc(-c3ccccc3)nc3ccc(I)cc23)cc1,-9.5,3.3559206802708035,17_1927
C=C1N(C(=O)c2cnn(-c3ccc(Cl)cc3)c2C2CCNCC2C)CCNC1(C)C=CC=CC,-7.0,3.563228040668139,17_1928
C=CC1C(C=CS(=O)(=O)N(CC)CC)=CNC=C2C=CC=C(SC)C1=CC2,-5.9,1.2696719436361428,17_1929
COc1ccc2c(CN3CCN(Cc4cc5ccccc5o4)CC3)cc(=O)oc2c1,-7.4,3.599026678987629,17_1930
O=C(Nc1ccc2c(c1)Cc1cc(C(F)(F)F)ccc1N2Cc1ccc2ccccc2c1)C(=O)c1cc2ccccc2o1,-9.5,3.1812304953740007,17_1931
O=C(c1cc(C(F)(F)F)cc(C(F)(F)F)c1)N1CCc2c(cnn2CC(Cl)c2ccccc2F)C1,-7.6,3.445691485406852,17_1932
C=C(C=CC=CC(=CC=O)C=C(N=Cc1ccc(F)cc1)c1ccc(F)cc1)C=C(Oc1ccc(C(C)C)c(O)c1)c1ccccc1,-7.4,2.7052878744792,17_1933
CC=C1C=CC(C(=O)Nc2cccc(-c3nc4ccccc4nc3[N-]S(=O)(=O)c3ccc(Cl)s3)c2)=C1,-7.7,3.4372566748365134,17_1935
CCC(=CC=CN1CCNCC1)c1c(-c2ccc(F)cc2)c2cc(Cl)ccc2[nH]c1=O,-7.8,3.6179237680890766,17_1936
CSc1ncccc1C(=O)OCC(=O)NCc1ccccc1,-5.7,3.6660955985730768,17_1937
Cc1ccc(-n2nc(C(F)(F)F)cc2C(=O)Cc2ccc(-c3ccc(F)cc3F)cc2)cc1,-8.1,3.4361611688153593,17_1938
COc1ccc(C(=O)Nc2cc3cc(-c4ccc(C#N)cc4)ccc3nc2OC)cc1,-6.6,3.6746817321757383,17_1939
O=C(NCc1ccc(Cl)cc1)C1N=C(c2ccc(-c3cccc(-c4cccc(F)c4)n3)cc2)Nc2ccccc2-c2ccccc21,-9.2,1.3221509192537355,17_1940
Cn1c(-c2ccccc2F)nc2c3ccccc3ncc21,-7.1,3.515487023730109,17_1941
O=c1cc(-c2c(-c3ccccc3)[nH]c3ccccc23)ccn1[C@@H]1O[C@H](CO)[C@@H](O)[C@H]1O,-7.7,3.488380925911927,17_1942
COC[C@@]1(C)C=C[C@@H](OC(C)=O)C2[CH][C@@](C)(CC[C@H]1OC(C)=O)[C@@H]2C/C=C(\C)C(=O)O,-5.7,0.9883598541891683,17_1943
C/C(=N/NC(N)=O)c1ccc(Cl)cc1,-4.8,3.2774964579579358,17_1944
Cc1cc(-c2cccc(-c3cccc(C(=O)Nc4nn[nH]n4)n3)c2)ccc1OC(C)C(=O)O,-8.1,3.4616042002412035,17_1945
C[C@H](CO)N1C[C@H](C)[C@@H](CN(C)C(=O)Nc2ccccc2Cl)OCc2cn(nn2)CCCC1=O,-7.3,1.426517200531729,17_1946
O=C(Nc1ccc2oc(-c3ccccc3)nc2c1)c1cccc(-n2cccc2)c1,-7.4,3.586883857608541,17_1947
O=S(=O)(Nc1ccc2[nH]nc(C3=CCc4ccccc43)c2c1)c1cccc(Br)c1,-9.0,3.6421752080612766,17_1948
CCCSc1nc(=O)c(-c2nc3ccccc3s2)c(N2C[CH]C3C[C@H](C2)OCCO3)[nH]1,-7.5,2.519084454584923,17_1949
O=c1c(-c2ccc(-c3ccccc3)cc2)cccn1Cc1cn(-c2ccc(Cl)cc2)nn1,-7.8,3.4217989189096896,17_1950
O=C1c2ccccc2NC(c2ccccc2)N1c1ccc(-n2cc(CNc3ccccc3Nc3cccc(F)c3)nn2)cc1,-8.2,3.178835900131296,17_1951
O=C(Nc1ccccn1)N(C1CCCC1)[C@H]1CCN(c2cccc(Nc3nc4ccccc4n3Cc3ccccc3F)n2)C1,-7.9,3.1944348038721935,17_1952
N#Cc1ccc(Cl)cc1Nc1cc(NC2CC2)n2ncc(C=CC(=O)NC=O)c2n1,-7.4,3.4202439574768837,17_1953
O=C(O)Cn1cc(-c2cccc(NC(=O)c3cccc(C(F)(F)F)c3)c2)c2ccccc21,-7.4,3.619990560610041,17_1954
O=C1c2ccccc2C(=O)N1Cc1cccc(F)c1,-6.4,3.493125543800546,17_1955
Cc1nc(NCc2ccccc2)c2oc3ccccc3c2n1,-7.0,3.665336106151165,17_1956
N#Cc1cnc(NC(=O)Nc2ccc(Oc3ccccc3F)cc2)s1,-6.7,3.75867977645513,17_1957
O=C(/C=C/c1ccccc1)Nc1cc2c3ccccc3ccc2c2ccccc12,-7.6,3.138804220311436,17_1958
C=C1CCCC(C)(C)C1CC[C@@]1(C)O[C@@H]1[C@@H]1OC(=O)C(=C)[C@@H]1C=Cc1ccc(-c2ccccc2)cc1OC,-6.2,2.9206879966904276,17_1959
O=C(c1ccccc1)c1ccccc1NC(Cc1ccc(NC(=O)c2cccc3ccccc23)cc1)C(=O)O,-7.2,3.19542403587792,17_1960
O=C1c2ccccc2NC(c2ccc(-c3ccccc3)cc2)N1OCc1ccc2ccccc2c1,-7.0,3.3695282043232573,17_1961
N#Cc1ccccc1NC(=O)CNC(=O)c1nn(-c2ccccc2)c(=O)c2ccccc12,-7.4,3.634448812596661,17_1962
CNC(=O)Nc1cccc(Oc2ccnc(NC(=O)c3ccc(-c4ccccc4)cc3)c2)c1F,-7.9,3.442742973332808,17_1963
CC(=O)NC(Cc1ccccc1)C(=O)Nc1nc2ccc(-c3cnc(Cl)c(NS(=O)(=O)c4ccc(C)c5ccccc45)c3)cc2s1,-7.5,3.014052066310276,17_1964
O=C(NC(=S)N1CCc2c(OCCCCCOc3ccc(Cl)cc3)cccc21)c1ccccc1F,-5.4,3.5003941118076085,17_1965
O=C(c1ccc(-n2ncc(=O)[nH]c2=O)cc1)N1CCN(c2cccc(C(F)(F)F)c2)CC1,-7.1,3.6857954983766383,17_1966
O=C(Nc1cccc(-c2cn3ccnc3c(NCc3ccncc3)n2)c1)Nc1cccc(C(F)(F)F)c1,-8.2,3.351509113506621,17_1967
O=C(Cc1ccc(F)cc1)Nc1ccc(OCCc2ccccc2)cc1,-7.0,3.6354669310473855,17_1968
O=C(Nc1cccc(SC(F)(F)F)c1)c1cnccn1,-5.9,3.636351991604851,17_1969
O=C(CN1C(=O)c2ccccc2C1=O)Nc1ccccc1Oc1ccccc1,-7.7,3.719551912690343,17_1970
O=C1CC=COCC2CC(n3ccc4ccc(C(=O)O)cc43)CCN2C(=O)C2CC=CC2=N1,-8.4,1.5617333380324712,17_1971
O=C(Nc1nc(-c2ccccn2)cs1)c1cccc(S(=O)(=O)Nc2cccc(F)c2)c1,-7.7,3.632300823107022,17_1972
COC=CC=C(C)n1c(=O)c2ccccc2n(CC(=O)Nc2ccccc2C)c1=O,-6.9,3.663579280442198,17_1973
O=C(C1CC1)N1CCN(C(=O)Cc2ccc(Cl)c(Cl)c2)C(CN2CCCC2)C1,-6.6,3.412258979097988,17_1974
CNS(=O)(=O)c1cccc(C2=CC(C)Cn3c2nnc3-c2cc(OC)c3c(c2)OCO3)c1,-8.0,3.5856366892570684,17_1975
Cc1nn(C)cc1C(c1cccc2ccccc12)N1CCN(c2ccccc2C#N)CC1,-7.6,3.618080410393237,17_1976
COc1ccc(C2=C(c3ccccc3)C(=O)O/C2=C\c2cccc(Oc3ccccc3)c2)cc1,-7.7,3.3161881721099937,17_1977
Cn1cc(-c2cc(C(F)(F)F)cc(S(=O)(=O)c3ccccc3)c2CN)[nH]1,-6.7,3.724022364784471,17_1978
COc1ccccc1C(=O)c1c(-c2ccc(F)cc2)cc(-c2ccccc2)nc1Nc1ccccc1,-7.8,3.2596634133696876,17_1979
O=S1(=O)C=CC(F)=C(Oc2ccc(-c3ccccn3)c3ccccc23)C(F)S2=C(NC=C2)N1,-7.7,1.35820650165783,17_1980
O=C(c1ccco1)n1cnc2cc(-c3nc4ccccc4s3)ccc21,-7.0,3.5623711694160036,17_1981
O=C(O)C=C1C=CC(C=c2ccc3c(n2)C=C(c2ccccc2Oc2ccccc2)C=3)=C1,-7.6,3.559498615394059,17_1982
Cc1c(C)c2c(c(C)c1O)CCC(C)(C(=O)Nc1ccc(-c3cc(F)c(F)c(F)c3)cc1)O2,-8.1,3.586764212838709,17_1983
Cc1cc(CC(=O)N2C[C@@H](F)C[C@H]2Oc2ccc3c(c2)CNCC3)ccc1N=CC1C=NCN=CO1,-7.4,2.4799401570664994,17_1984
N=[N+](C1CCCC1)N1CC(C(=O)Nc2ccccc2C(=O)Nc2ccc3cc[nH]c3c2)c2ccccc21,-8.3,3.198092891434827,17_1985
CNC(=O)n1ccc2cc(Oc3ccnc(NC(=O)c4ccc(CN5CC[C@@H](O)C5)cc4)c3)c(OC)cc21,-7.2,3.3986044310026786,17_1986
O=C(Nc1ccc(-c2ccccc2)cc1[N+](=O)[O-])c1ccc2ccccc2c1,-8.4,3.55056833162857,17_1987
CCN1CCN(C(CNC(=O)c2ccc(OC)cc2)c2ccc3c(c2)OCO3)CC1,-7.0,3.643710180205444,17_1988
O=[N+]([O-])c1ccccc1-c1cn(-c2ccc(CN3CCOCC3)cc2)c2ccccc12,-7.2,3.5366455254686278,17_1989
O=C1c2ccccc2NC(c2ccccc2F)N1c1ccc(OCc2ccccc2C(F)(F)F)cc1,-8.0,3.478573491102404,17_1990
O=C(CCCCC=NS(=O)(=O)c1ccc2c(c1)CCC2)Nc1ccc(Cl)c(-c2ccccn2)c1,-7.0,3.542065434045533,17_1991
O=C(O)CCC(NC(=O)c1ccc(NCc2cncn2Cc2cccc(Cl)c2)cc1-c1ccccc1)C(=O)O,-6.2,3.220515178098698,17_1992
C[N+](C)(CCCN1c2ccccc2Sc2ccc(C(F)(F)F)cc21)Cc1ccc(F)cc1,-7.2,3.330781339472934,17_1993
O=C(NCc1nc2ccccc2[nH]1)c1ccc(-c2ccccc2)cc1,-7.7,3.609477347473822,17_1994
O=C(C1CCCN(c2ccc3[nH]c(-c4ccnc(C5CC5)n4)nc3n2)C1)N1CCCC1,-7.7,3.5277210595881265,17_1995
O=C(c1ccccc1)c1sc(-c2ccc(Cl)cc2)cc1NC(=O)C1CCC1,-7.1,3.615340268553278,17_1996
Oc1cc2ccccc2n1C1CCN(CC2COc3ccccc3O2)CC1,-7.3,3.650631728138383,17_1997
CC(=O)O[C@H]1CC[C@@]2(C)C(CC[C@@]3(C)[C]4CC[C@@]5(C(=O)O)CCC(C)(C)C[C@H]5C4=CCC23)CC1(C)C,-7.4,1.9181616415052112,17_1998
Cn1nccc1-c1cc(F)c(C(=O)N[C@@H]2CNCC[C@H]2c2ccc(F)c(F)c2)cc1F,-7.9,3.6846153997248114,17_1999
