smiles,docking,drug_likeliness,names
O=C1c2ccccc2NC(c2ccccc2Nc2ccccc2Br)N1c1ccc(Cl)c(Cl)c1,-8.8,3.347420171962195,19_0
O=c1cc(-c2ccc(O)cc2)oc2c([C@@H]3O[C@H](CO)[C@@H](O)[C@H](O)[C@H]3O)c(O)ccc12,-7.1,3.222031104120238,19_1
O=C(Nc1ccccc1)N1CC=C(c2ccc(NC(=O)N3Cc4ccccc4C3)cc2)CC1,-6.6,3.498156108232643,19_2
COc1cccc(CNC2CCC(C#N)(CNC(=O)c3cc(Cl)c(N)cc3OC)C2)c1,-6.9,3.5156601773141603,19_3
CC(C)C[C@@]1(C(=O)O)CC(C(=O)OC(C)(C)C)[C@H](c2cccc(Cl)c2)N1c1ccc(Nc2ccccc2C(=O)O)cc1,-5.9,3.268021903895993,19_4
CC(C(=O)N1CCN(C)CC1)N1C(=O)c2ccccc2C1=O,-6.3,3.427699716286889,19_5
C=CCOc1ccc(CC(=NC(=O)c2ccc(C)cc2)C(=O)N/N=C/c2ccco2)cc1,-7.1,3.5210348170074646,19_6
Cc1cccc(COc2nn3c(-c4ccccc4)nnc3c3c2C2CCC3CC2)n1,-8.4,3.4514979970328805,19_7
O=C(COc1ccccc1Cl)Nc1ccc2c(c1)OCO2,-6.4,3.771702161143552,19_8
O=C(Nc1ccccc1-c1ccc(N2C[C@H](c3ccc(F)cc3)OC2=O)c(C(F)(F)F)c1)c1cccc(Cl)c1Cl,-8.8,3.355084795498544,19_9
O=Cc1c(O)cccc1C(C(=O)Cc1ccc2ccc3cccc4ccc1c2c34)c1ccccc1,-8.2,3.276691243858169,19_10
Cc1cccc2c1C(=O)N(c1ccccc1C(=O)Nc1ccc(Cl)c(Cl)c1)C2=O,-8.0,3.6758714757115754,19_11
O=c1ccc(-c2ccccc2)nn1Cc1ccccc1Nc1ccccc1-n1cccc1,-7.7,3.451875210457107,19_12
Fc1ccccc1-c1ccc2[nH]nc(-c3ccc4c(c3)OCCO4)c2c1,-9.1,3.627661393982285,19_13
O=C(Nc1cccc2c1C(=O)NC2=O)c1ccccc1Sc1ccc2c(C=Cc3ccccn3)[nH]nc2c1,-9.0,3.303049585998255,19_14
O=C(Nc1ccc2c(c1)OCO2)N1CCN(c2ccc3ccccc3n2)CC1,-7.5,3.690253459053259,19_15
CCC=C(C=CC=COCc1ccccc1SCc1ccccc1N1CCNC1)c1ccccc1Cc1[nH]c2ccccc2c1N(N)c1ccccc1,-7.7,2.352977275449903,19_16
CCn1nc(C[N+](=O)[O-])c2ccccc21,-5.5,3.488872649279262,19_17
O=C(NCCN=CN=CCC(F)(F)F)c1ccc[nH]c1=O,-6.0,3.354318067912076,19_18
Cc1ccc(S(=O)(=O)NN=c2sc3c(C)nccc3n2C)cc1,-6.8,3.6747085528714387,19_19
C=CC=CC=CCC(C=CC=CC#N)CNC(=O)N[C@H](c1ccccc1)c1ccc(C#N)cc1,-6.3,3.412942542138454,19_20
COC(=O)c1ccc(Sc2cccc3cccnc23)cc1F,-6.5,3.642831317663902,19_21
N=CNc1c(-c2cccc(-c3cccnc3)n2)ncn1-c1ccc(C(=O)NCc2ccccc2)cc1CO,-7.7,3.092488007886491,19_22
O=C(Nc1cccc(-c2cccc(-c3cccc4ccccc34)c2)n1)c1ccccc1,-9.1,3.387305044194701,19_23
O=C(Nc1ccc2c(c1)OCO2)c1ccccc1NC(=O)c1cccc2ccccc12,-8.8,3.643078924398233,19_24
CNC(=O)C(NC(=O)c1ccc(-c2cccc(Cn3c4ccccc4c4ccccc43)c2)o1)C1CCCCC1,-7.6,3.374980486880418,19_25
COc1ccc(CN[C@H]2CC2c2ccccc2)cc1-c1ccccc1,-6.3,3.540752351107758,19_26
COc1cc2ccc(S(=O)(=O)NC(CCCN=C(N)N)C(=O)N(CC(=O)O)C3CCCCC3)cc2cc1OC,-6.8,2.9536770481047427,19_27
Nc1cc(Cl)nc(Nc2ccc3c(c2)OCO3)n1,-6.7,3.5293876182332085,19_28
O=C(Nc1cccc(CN2CCOC2=O)c1)c1cc(-c2ccc3ccccc3c2)nc2ccccc12,-8.9,3.4785536475706236,19_29
CC1=C(c2cc(C(=O)N3CCC(c4ccc(F)cc4)CC3)c3ccccc3c2[NH])CC=N1,-7.3,3.4868597601138505,19_30
O=CC(=O)C=C(N=Cc1ccco1)c1cc2ccccc2cc1Nc1ccccc1,-7.5,3.374023987441669,19_31
[CH]C[C@@]12CC[C@@H]3[C@](C)(Cc4c[nH]nc4[C@@]3(C)CO)[C@H]1CC[C@H]1C=C(C)[CH]CC[C](C(=O)O)CC[C@]12C,-7.0,0.919061281639082,19_32
COc1c(NC(=O)c2cccc3cc(NC(=O)c4ccc(CC(=O)O)cc4)ccc23)cc(C(C)(C)C)cc1NS(C)(=O)=O,-6.6,3.1848693057400173,19_33
O=C1Nc2ccccc2C1=Cc1ccc(Sc2cccc(C(F)(F)F)c2)cc1,-7.7,3.5315104329836906,19_34
COc1ccccc1Oc1ccc(C(=O)N(Cc2cc3ccccc3s2)c2cccc(NC(=O)CF)c2)cc1,-8.3,3.356128440323303,19_35
ON=C(c1ccc(Oc2ccc3cccc(F)c3c2)cc1)N1Cc2ccccc2C1,-7.9,3.2946025705599005,19_36
O=C(Nc1cccc(-c2nc3sccn3c2-c2ccnc(Nc3ccccc3)n2)c1)c1ccccc1Cl,-9.0,3.4092685160372733,19_37
Cc1ncc([N+](=O)[O-])n1CCOC(=O)c1ccccc1OCc1ccccc1,-6.4,3.4800218896825887,19_38
CNC(=O)C=C(c1ccccc1Cl)N1C(C=O)=CC1(C=CSC)c1ccco1,-5.6,3.6591490531188926,19_39
O=C(Nc1cccc(-c2cn3ccccc3n2)c1)c1cccc(Cl)c1,-7.6,3.672972355146225,19_40
O=C(Nc1ccc(-c2cccc(-c3nc4cc(F)ccc4[nH]3)c2)cc1)c1ccccc1,-7.8,3.4293586076098226,19_41
O=C(CN1CCNCC1)c1cc2cc(OCc3ccccc3)ccc2[nH]1,-7.0,3.6870839586628903,19_42
O=C(Cc1ccc2c(c1)CCO2)Nc1ccc(Cl)cc1C(=O)Nc1ccc(N2CCOCC2)cc1,-7.4,3.5935117850575438,19_43
O=C(c1cc(S(=O)(=O)N2CCCCC2)ccc1F)N1CCc2ccccc21,-7.2,3.6118736100141864,19_44
O=C(Nc1cc(-c2ccccc2)nc(-c2cccc(Cl)c2)n1)c1ccccc1,-8.3,3.6539591554534807,19_45
CC1=NC([C@@]2(C)COC[C@@H]2N)=CC2=CCN=C(N)C2=N1,-6.2,2.212047337611969,19_46
Cc1c(NC(=O)CC/C(Cc2ccc(Br)cc2)=N\NC(=O)CC#N)cccc1-c1ccccc1,-7.3,3.4733040076827146,19_47
Nc1ncc(-c2ccc(-c3ccccc3C(=O)N3CCOCC3)cc2F)cn1,-7.4,3.7769495053367788,19_48
O=C(CN1C(=O)COc2ccc(S(=O)(=O)N3CCOCC3)cc21)Nc1cccc(C(F)(F)F)c1,-7.5,3.5607778863101176,19_49
COC=CC=CC(=O)C1=Nc2ccc(-c3ccc4ccccc4c3)nc2N(CCNC(C)=O)C1,-7.0,3.5011888744336495,19_50
CC(C)(O)CNc1cc(-c2cccc(-c3cccc(C(N)=O)c3)c2)nc(-c2ccccc2)n1,-9.1,3.5345253239159957,19_51
CCC1=C2Cc3nc4ccccc4c[n+]3CC2CC1=O,-6.8,3.3466343631335684,19_52
N#C/C(=C\c1ccccc1O)c1ccccc1O,-6.0,3.510891232396175,19_53
COC=C1C(=O)C=CC1=CC(CC(=O)O)c1nc2ccccc2s1,-6.3,3.703342246907659,19_55
Cn1c(SCC(=O)c2ccc3c(c2)OCO3)nnc1-c1ccccc1,-6.8,3.6118347649875533,19_56
Nc1nc(-c2ccco2)c2cnn(Cc3ccccc3Br)c2n1,-6.9,3.6935864885305127,19_57
N#Cc1ccc(NC(=O)C(c2ccccc2)N2CCN(c3cccc(Cl)c3)CC2)cc1,-7.4,3.759290020610404,19_58
O=C(c1ccccc1)c1ccccc1C(=O)c1cccc2[nH]c(=O)c(=O)[nH]c12,-7.8,3.5728036534882994,19_59
O=c1oc(-c2ccco2)nc2scc(-c3ccccc3)c12,-7.3,3.643741185809188,19_60
O=C(c1ccc(Nc2c3ccccc3nc3cc([N+](=O)[O-])ccc23)cc1)N1CCN(c2cccc(Cl)c2)CC1,-7.6,3.2485542371702945,19_61
Nc1ncnc2c1ncn2CCCOC(=O)C1CC(c2ccc(-n3ccnc3)cc2)=NO1,-6.5,3.316203645346211,19_62
O=C(Nc1ccc(-c2cccc(-c3nc4cc(C(F)(F)F)ccc4[nH]3)c2)cc1)c1ccccc1-c1ccccc1,-7.6,3.1412476074542717,19_63
O=S(=O)(c1cccc(F)c1)N1CCN(c2nc3ccccc3c3nc4ccccc4n23)CC1,-8.8,3.540876899098127,19_64
O=C(Nc1ccc(N2C(=O)c3ccccc3C2=O)c(Cl)c1)c1ccccc1F,-7.5,3.713569916263544,19_65
Cc1cccc(C)c1C1=CC=C(CN2COC(c3ccc(-c4ccccc4C(F)(F)F)cc3)C2)OC=C1,-8.2,2.3924073609676624,19_66
c1ccc(Cc2nnc(CNc3[nH]c(-c4ccccc4)c4ccccc34)o2)cc1,-8.2,3.525710979269486,19_67
O=C(c1c(F)cccc1F)N(C[C@H]1CCOC1)c1ncc(Cl)cc1F,-6.6,3.7056512440571376,19_68
COc1ccc(C2=NOC(c3nc(-c4ccccc4OC)no3)C2)cc1,-6.9,3.71805049300227,19_69
Nc1nc(-c2ccc3c(c2)OCO3)c(-c2ccnc(Cl)c2Cl)[nH]1,-7.0,3.6219368271813153,19_70
O=C1C(=O)C(N2CCN(c3ccccc3)CC2)C(=O)c2c(O)cccc21,-7.8,3.5334143726429454,19_71
O=C(c1cc2cc(Nc3nccc(-c4ccccn4)n3)ccc2[nH]c1=O)N1CCc2ccccc2C1,-8.2,3.496683226315431,19_72
O=C(Nc1cccc(Oc2ccc3c(C=Cc4ccccc4)[nH]nc3c2)c1)c1ccccc1,-7.9,3.4424306757792555,19_73
N=c1n(C=Cc2cc3cccc-3nc3ccccc23)nc(-c2cccc(O)c2)n1Cc1ccccc1,-8.7,2.4070180366369027,19_74
O=c1[nH]c2ccccc2c2ccc(-c3ccccc3)nc12,-8.1,3.4670762169109848,19_75
CC1C=COCC(Cl)C1=Nc1nc(NCc2ccccc2)c2sccc2n1,-8.4,2.7241097395944855,19_76
Cc1ccc(NC(=O)c2cc(Nc3nc4cccc(Cl)c4o3)ccc2N)cc1C#N,-7.6,3.4863150692978344,19_77
C=CCN=C(NCC=C(C)c1ccccc1)N1CCC[C@@H]1Cn1cncn1,-6.3,3.5670113540128385,19_78
O=C(Nc1ccccc1)c1cccc(-c2ccccc2NC(=O)c2cccc([N+](=O)[O-])c2O)c1,-8.0,3.415248855347862,19_79
COc1ncc(Nc2nc3c(c(NC4CC4)n2)CCN(C2COC2)CC3)cc1C(F)(F)F,-7.3,2.4191101667420556,19_80
Nc1ncnc2c1C(=Cc1ccc(-c3ccccc3)cc1)c1ccccc1-2,-7.6,3.5612967534597115,19_81
O=C(Cc1ccc(F)cc1)N1CCN(c2ccnc3cc(Cl)ccc23)CC1,-7.0,3.6869610212581976,19_82
ON=C(O)c1ccc(-c2cn(-c3ccnc(-c4cccc(-c5ncco5)c4)c3)nn2)cc1,-7.9,3.181202138406469,19_83
C[C](F)c1cc(F)cc(NC(=O)c2ccc(OC(F)F)cc2)c1,-6.7,3.6484156028405477,19_84
O=c1n(CCCCNCc2ccc3ccccc3c2)c(O)c2n1CCC2,-6.4,3.6604788312131262,19_85
COc1ccc(CCN(C)CC2CCN(c3nc4ccccc4o3)C2)cc1OC,-6.4,3.663077900669656,19_86
O=C1NC(c2ccc(-c3ccccc3C(=O)O)cn2)Nc2ccccc21,-7.4,3.650947284825966,19_87
O=C(NCCc1ccncc1)c1ccc2cc(-c3nc4ccc(F)cc4o3)sc2c1,-7.3,3.5840823046197388,19_88
COc1cccc(Nc2nc3ccccc3nc2NS(=O)(=O)c2cccc(Br)c2)c1,-8.8,3.6095080668953994,19_89
O=C(Cn1ccc(=O)c2ccccc21)Nc1ccc(CNC(=O)c2ccccc2)cc1,-7.5,3.6542536707975746,19_90
Cc1ccccc1C(=O)c1ccccc1NCc1nc2ccccn2c1Nc1ccccc1C(=O)O,-8.4,3.2951601258025143,19_91
O=C1C(=O)N(CCn2cc(COc3cc(=O)oc4ccccc34)nn2)c2cc(Br)ccc21,-7.5,3.441476463778602,19_92
O=C1Nc2ccc(OC(F)(F)F)cc2[C@@]12N[C@H](Cc1c[nH]c3ccccc13)C([N+](=O)[O-])[C@@H]2c1cccc([N+](=O)[O-])c1,-7.9,3.126542956560744,19_93
O=C(Nc1ccc(NC(=O)c2ccccc2Cl)cc1)c1ccc(C(F)(F)F)cc1,-6.8,3.6453784666354667,19_94
N#Cc1cnc(NC(=O)Nc2ccccc2C(F)(F)F)s1,-6.4,3.6312516659231937,19_95
O=C(NCc1ccc(-c2ccccc2)c(-c2ccccn2)c1)c1cc(-c2ccccc2)nc2ccccc12,-8.0,3.2534401036145484,19_96
O=C1c2ccccc2-c2c1c1ccccc1c(=O)n2Cc1ccccc1,-7.5,3.5194371763804497,19_97
N=C(N=C(N=CN)Nc1cccc(NC(=O)c2ccccc2NC(=O)c2ccc(Br)o2)c1)Nc1cccc(F)c1,-8.7,3.08253231688437,19_98
CC(NC(=O)N(CC(=O)N1c2ccccc2NC(=O)C1(C)C)c1ccccc1)c1ccccc1Cl,-8.2,3.654912844376986,19_99
O=C(c1cn(-c2cccc(F)c2)nn1)N1CC2C[C@H](C1)Cn1c2cccc1=O,-8.0,3.6031870167862765,19_100
CC1=CC=C(CN2Cc3ccccc3C(C(=O)Nc3cc(F)ccc3F)=N2)OC=N1,-7.8,2.732994864915617,19_101
Cc1cc(O)cc(C)c1-c1cccc(C(O)(O)c2cccc(C#N)c2)n1,-6.9,3.6033120681676207,19_102
C=c1c(=C/C=N\C2=CC=C3C(=O)C(C2=CC=CC)N3[N-])n(Cc2ccc(F)cc2)c2cc(-c3ccccc3)ccc12,-8.1,2.226659367095597,19_103
O=C(Nc1ccc2c(c1)Cc1ccccc1-2)c1cnccn1,-7.0,3.6857756319938337,19_104
O=C(NCc1ccc2c(c1)OCO2)c1ccc(-c2ccc(Br)cc2)o1,-6.7,3.7975989614916466,19_105
O=C(Nc1ccccc1N1CCOCC1)c1cncc(-c2ccc(F)c(F)c2)c1,-7.3,3.794267701705508,19_106
O=C1COc2ccc(-c3cccc(NC(=O)c4cccc5ccccc45)c3)cc2N1,-8.0,3.6032983584085425,19_107
O=C(Nc1ccccc1F)c1cccc(-c2nnc(-c3cccc(C(F)(F)F)c3)o2)c1,-8.5,3.6165789696178745,19_108
COc1ccc(NS(=O)(=O)c2cccc(NC(=O)Cc3ccccc3[N+](=O)[O-])c2)cc1,-6.8,3.5089018615016254,19_109
O=C(CN1c2nc(N3C[C@@H]4C[C@H]3CO4)cc(=O)n2CC[C@H]1C(F)(F)F)c1cccc(-c2cccc(CNCCO)c2)c1,-7.6,3.110050884693633,19_110
OC[C@@H]1CCCN1c1ccc(-c2nc3ccccc3c3nc4ccccc4n23)cc1,-7.3,3.5698392171198803,19_111
Cc1cc(-c2cccc(-c3cc(F)cc(CN4CCOCC4)c3)c2)cc2c1C(=O)N([C@@H](C)C1CC1)C2,-8.1,3.3031334576762417,19_112
CC(CC=Cn1c(-c2ccccc2)nc2ccccc2c1=O)=Nc1c2ccccc2nc2ccccc12,-9.2,3.273624227383387,19_113
NC(=O)n1cc(NC(=O)N2CCCC2C(=O)Nc2cccc(OC(F)(F)F)c2)c2ccccc21,-8.3,3.569421460635285,19_114
O=C(CN1C(=O)c2ccc([N+](=O)[O-])cc2C1=O)Nc1ccc2c(c1)OCCO2,-7.3,3.354923516882553,19_115
O=CC=C(N=Cc1cc2c(cc1-c1ccccc1NC=O)C(=O)N2CCO)c1ccccc1,-7.4,3.4493306979174707,19_116
c1ccc(CC(Oc2cccs2)c2c[nH]cn2)cc1,-5.4,3.6948387350383767,19_117
CC(C)(C)OC(=O)N1CCC(c2c(C(=O)N3CCN(c4ccc(F)cc4)CC3)cnn2-c2cccc(F)c2)CC1,-7.1,3.506107972347814,19_118
O=c1c2ccc(F)cc2ncn1CCn1c(=O)oc2ccccc21,-7.4,3.6485154681500047,19_119
C[C@@H]1CN([C@H](C)CO)C(=O)c2cccc(NC(=O)Nc3ccc(F)cc3)c2O[C@@H]1CN(C)Cc1ccc(C(=O)Nc2ccccc2N)cc1,-6.2,1.1022725087387215,19_120
Cc1cccc(NC(=O)C2(S(=O)(=O)c3ccc(Cl)cc3)CC2)c1,-6.4,3.768537058778415,19_121
O=C1Nc2ccc3ccccc3c2C1=Cc1cn(-c2ccc(F)cc2)cc1C1=CC=CCC1,-8.5,3.303892794085704,19_122
Cc1cc(C)c2c(n1)N(Cc1ccc(-c3ccccc3C#N)cc1)C(=O)CS2,-6.8,3.6866242513252194,19_123
COc1ccc2c(c1)c1c(c(=O)n(Cc3ccc(C#N)cc3)c(=O)n1Cc1ccco1)n2C,-7.3,3.499557608890665,19_124
O=C(NCCN1CCOCC1)c1ccc(-c2cccc(-c3cc(=O)cc(N4CCOCC4)s3)c2)cc1,-7.8,3.5722394405700224,19_125
Cc1ccc(NC(=O)COC(=O)c2ccccc2NS(=O)(=O)c2ccc(Cl)cc2)cc1Cl,-6.9,3.596251429952785,19_126
CC(Oc1cc(F)ccc1Nc1ncnc2cc(N=S3(=O)CCC3)cc(F)c12)C(=O)Nc1cccc(C(F)(F)F)c1,-8.5,3.3182047409063995,19_127
O=C(O)c1ccc2ccc(-c3cccc(CNC(=O)c4ccc(-c5cccc(Cl)c5Cl)cc4)c3)cc2c1,-7.8,3.197863290747054,19_128
CCC(F)CCNC(=O)C(CC1=CCCC(C=O)CC1=O)=Nc1nc2ccccc2nc1-c1ccccc1F,-8.3,2.466538380822491,19_129
Cc1cc(C)c(Nc2nc(C)ccc2S(=O)(=O)c2ccc(-c3ccccc3)cc2)c(C)c1,-8.0,3.6203804616825495,19_130
O=C(Nc1cccc(-c2cccc(-c3nc4ccccc4[nH]3)c2)c1)c1cc2ccccc2o1,-8.0,3.4537028196649358,19_131
O=C(Nc1cccn2c(-c3cccc(NC(=O)c4ccccc4F)c3)cnc12)c1ccccc1,-7.9,3.531909429011667,19_132
NC(=O)c1cc(N2CCN(c3ccccc3F)CC2)nc2ccc(Cl)cc12,-7.8,3.7666560744511095,19_133
CC(C)=CC1NC(=O)C(c2c3c4ccc2c(c4)N2Cc4ccccc4C2N3)Oc2ccccc21,-9.2,2.1218798945590964,19_134
O=C(c1cccc([N+](=O)[O-])c1)c1ccc2[nH]c(=O)c3ccccc3n2c1=O,-8.1,3.3638838676539713,19_135
CCc1c2c(coc1=O)C(=NC(=O)c1ccc3c(c1)OCCO3)C=C2,-7.2,3.649894836425916,19_136
Fc1ccc(-c2cc(Cl)ccc2COc2cccc3ccc(CCN4CCC4)nc23)cc1,-7.2,3.4815944051015584,19_137
O=c1cc(-c2cccc(-c3cccc(C(F)(F)F)c3)c2)[nH]c2ccccc12,-9.0,3.429106600265703,19_138
c1ccc(Oc2ccc(-c3cccc(-c4nc5ccccc5[nH]4)c3)cc2)cc1,-7.5,3.3927217261711062,19_139
O=Cc1cc2c(Nc3cccc(Cl)c3)[nH]cc(C=CC(=O)O)c2c2nc3ccccc3c12,-8.3,3.3499555026598014,19_140
Cc1cc(-n2cccn2)ccc1-c1ccc2c(c1)NC(=O)C21CCN(C(=O)NC(C)C)CC1,-7.2,3.6158416913217915,19_141
NC(=O)n1c(-c2cccc(NC(=O)c3ccccc3-c3ccccc3)c2)cc2ccccc21,-8.6,3.472999536468081,19_142
Cc1ccccc1S(=O)(=O)N1CCN(c2ccccc2C(=O)NCc2ccccc2)CC1,-6.9,3.7615102182597377,19_143
CCn1c(=O)n([C@H]2C[C@H](O)C2)c2c3cc(-c4ccc5c(c4)=NCOC=5)ccc3ncc21,-8.2,3.555628693182071,19_144
O=C(Nc1nccs1)c1c(-c2ccccc2)c2ccccc2n2cnnc12,-7.8,3.597070055852976,19_145
COc1cc(/C=C/C(=O)NCCNc2c3c(nc4ccccc24)CCCC3)ccc1OCCCO[N+](=O)[O-],-6.1,3.1051333218961155,19_146
Cc1nn(-c2ccccc2)c(N2CCN(c3cc4ccccc4oc3=O)CC2)c1C(=O)c1ccccc1,-7.5,3.3585042174339637,19_147
CCOc1ccc(-c2cc(-c3cccc(-c4ccccc4)c3)c3ccccc3n2)cc1,-8.0,3.2102597001592166,19_148
O=C(Cc1cccc(-n2c(O)c3c(c2O)C2C=CC3C2)c1)Nc1cccc(C(F)(F)F)c1,-7.3,3.5197922021961054,19_149
O=C(O)c1ccc(Oc2ccc(-c3ccc(-c4ccccc4F)n3-c3ccc(F)cc3)cc2)cc1,-8.2,3.42832178401174,19_150
O=C(Nc1cccc(-c2cccc(-c3nc4ccccc4[nH]3)c2)c1)c1cc2ccccc2[nH]1,-8.8,3.3373905422415593,19_151
O=C1C=CC=C(c2ccc(/C=C3\S/C(=N\c4ccccc4)N(c4ccccc4)C3=O)o2)CO1,-7.9,2.4050985496166493,19_152
ON=C(Nc1ncccn1)c1ccccn1,-6.0,3.231725083077187,19_153
COC(=O)[CH][C@H](Oc1cc(O)cc(C2C(=O)Cc3cc4c(cc32)OCO4)c1[CH][C@@H](C)CCC=C(C)C)c1ccc(O)c2c1ccc1ccccc12,-7.7,2.702515016500915,19_154
CCCCCCCCCCSC(=S)NNC(=O)c1ccc(Cl)cc1,-4.5,3.326434142516618,19_155
C#CCN(C)C1C[C@@H](c2cc3ccccc3cc2OCC)CNC1=O,-6.4,3.663259342975225,19_156
C[CH][C@]1(c2ccccc2)c2cc([N+](=O)[O-])ccc2N(c2ccc(Cl)cc2)C(=O)C1c1ccccc1,-6.7,3.3925074928696137,19_157
O=C(NN=Cc1cc2ccccc2oc1=O)SC=NC(=Nc1cc2ccccc2[nH]1)c1ccccc1Br,-7.6,3.111882575269905,19_158
CC(C)(C)C(NC(=O)C(CC1CCCC1)CN(O)C=O)C(=O)c1ccc(O)cc1,-6.4,3.201873849838332,19_159
COC=CCC(C)=NC(=O)C(=O)NCCc1csc(-c2cccc(C(=O)NC3CC3)c2)n1,-6.0,3.4423985664565673,19_160
NS(=O)(=O)c1ccc2c(c1)CCC2NC(=O)C(NC(=O)c1ccccc1)c1ccccc1,-8.4,3.6238068479401324,19_161
O=C(c1ccccc1Cl)N(Cc1ccccc1)c1ccc(-c2ccnc(-c3ccc4c(c3)OCO4)c2)cc1,-8.9,3.3342061544868766,19_162
Cc1ccccc1NC(=O)c1ccccc1NC(=O)Cn1cnnn1,-7.2,3.7123571705642595,19_163
O=C(C1=C[C@H](c2ccc3c(c2)CCC3)C[C@@H](OCc2ccc(CO)cc2)O1)N1CCN(C(=O)c2cc(Br)ccc2Cl)CC1,-8.1,3.3083442310611133,19_164
C=C1CC(c2cnc3ccc(-c4cccc(C(F)(F)F)c4)nn23)C=CC1=NC=O,-8.2,3.6712285456414016,19_165
C=CC(=CC=CC)c1ccc2c(c1)c1cc(-c3cccc(C)c3C)ccc1n2CC(=O)Nc1ccccc1C(=O)c1ccccc1,-8.9,2.9498001379619456,19_166
O=C(CCc1ccccc1)Cn1c(=O)n(-c2ccccc2)c(=O)c2c3ccccc3sc21,-8.4,3.5192573040955177,19_167
O=C1CC2(CO1)C(=O)Nc1cc(Oc3cccc(C(=O)Nc4ccccc4)c3)ccc12,-8.5,3.582460269036586,19_168
Cc1ccc(NC(=O)Nc2ccccc2Sc2ccc3ccccc3c2)cc1,-7.3,3.4690939072605813,19_169
O=C(Nc1ccc(-c2ccc3nncn3n2)cc1)c1ccc2ccccc2c1,-8.1,3.6117551595065396,19_170
O=S(=O)(Nc1cccc(C(F)(F)F)c1)c1ccc(Nc2cc(-c3ccccc3)nc(NCc3ccccc3)n2)cc1,-8.7,3.2024729808306476,19_171
C[C@H](c1ccccc1)N1C(=O)c2cccc3cccc(c23)C1=O,-7.2,3.502870654677245,19_172
O=C1c2ccccc2CN1c1cccc(C(F)(F)F)c1,-6.6,3.4438924147631536,19_173
COc1cccc(-c2cn(-c3ccc(Oc4ccccc4)cc3)nn2)c1,-6.9,3.653876828949377,19_174
C=CCc1cc(OC)c2c(c1)C(=O)c1cccc(OC)c1C2=O,-6.4,3.655123338494483,19_175
O=C(NCc1ccc(S(=O)(=O)C(Cc2ccccc2)c2ncco2)cc1)c1cccc2ccccc12,-7.3,3.497372601274843,19_176
COc1cc(-c2cnc3ccc(-c4cccc(OC(C)C)c4)nn23)cc(OC)c1OC,-7.3,3.593312176132036,19_177
COCc1ccc(-c2cccc(NC(=O)c3ccc(Cl)cc3)c2)cc1CN1CCc2ccccc2C1,-7.4,3.4560408945000773,19_178
O=C(Nc1cc(-c2ccccc2)on1)c1ccccc1O,-6.7,3.7294723693932177,19_179
COc1nc(Nc2ccccc2)nc(-c2ccccc2O)n1,-6.9,3.7275601725318444,19_180
O=C(NCc1ccccc1)NC(Cc1ccc(O[C@H]2CCN(C(=O)c3ccncc3)C2)cc1)C(=O)O,-7.2,3.522386500148107,19_181
Nc1nc(Nc2ccccc2C(=O)N2CCOCC2)nn1-c1cccc2ccccc12,-8.1,3.6147987761189615,19_182
CC(CNC(=O)c1cc(Cl)cc(Cl)c1N)Nc1nnc(Cl)c2ccccc12,-7.0,3.599571807940083,19_183
Cc1cc2n(n1)CC(NCC(=O)Nc1cccc(F)c1)C(=O)N2Cc1ccccc1,-6.8,3.730733146152546,19_184
c1ccc(C2CCN(c3ccc(Nc4ccnc5cc(C6=NCCN6)ccc45)cc3)CC2)cc1,-7.6,3.47956171395514,19_185
Fc1ccccc1-c1cc(C2=CCC=N2)nc2ccccc12,-7.3,3.512576133041961,19_186
CNC(=O)C(c1ccc2c(c1)OCCO2)N(Cc1ccco1)C(=O)c1ccc2ccccc2c1,-7.6,3.663146958673544,19_187
CCc1ccc(C(=O)Nc2cc(C#N)ccc2N2CCC(Oc3ccc(F)cc3F)CC2)c(=O)n1Cc1ccccc1,-7.6,3.4818433648980696,19_188
Cn1c(-c2ccccc2)nc2c1CCN(C(=O)C=Cc1ccccn1)c1ccccc1-2,-7.7,2.579963707252931,19_189
CC(C)Cc1nc(-c2cccc(C(O)c3cccc(C#N)c3)c2F)c2ccn(CCC(=O)N(C)C)c2n1,-7.2,3.603599051761404,19_190
O=c1cc(N2C[C@@H]3C[C@H]2CO3)nc2n1CC[C@@H](C(F)(F)F)N2Cc1cccc(Oc2ccccc2)c1,-7.6,3.426469961315145,19_191
O=c1n(Cc2cccc(I)c2)c2cscc2n1Cc1cc2ccccc2[nH]1,-6.5,3.507724848466962,19_192
Cn1ncc(-c2cccc(F)c2F)c1C(=O)N1CC(=O)Nc2ccccc21,-7.9,3.7406082533108806,19_193
O=C(c1cc2ccccc2[nH]1)N1CCN(c2cccc(C(F)(F)F)c2)CC1,-7.6,3.658807794224802,19_194
O=C(Oc1ccc(C2=C(c3ccc(O)c(O)c3)C(=O)c3ccccc32)cc1)c1ccccc1F,-7.6,3.420359739828387,19_195
CSc1nncc(-c2cnnc(SCCN(C)C)n2)n1,-5.6,3.4232216737358927,19_196
O=C(Nc1ccc2c(=O)c3c(ccc4ccccc43)oc2c1)Nc1ccccc1Cl,-7.7,3.3686337637571997,19_197
Nc1ncc(-c2cc3ccccc3o2)cc1C(=O)Nc1ccncc1,-7.2,3.703655858876358,19_198
CC(C)(C)n1cc(C(=O)c2cncc(NC(=O)c3ccc(Cl)c(F)c3)c2)c2cncnc21,-7.4,3.6443980104568627,19_199
Cc1ccccc1-c1nnc(SCC(=O)N2c3ccccc3CCc3ccccc32)o1,-6.6,2.596231697312837,19_200
O=C(Nc1ccccc1Nc1ccccc1)c1nc2ccccc2cc1Cc1ccccc1,-8.6,3.333786629154319,19_201
COc1ccccc1Cc1c(-c2ccccc2NCc2ccccc2)nc2s/c(=C\c3ccc(-c4cccc(C(=O)O)c4)o3)c(=O)n12,-7.3,3.1155156030564273,19_202
Cc1c(-c2ccccc2Cl)cccc1-c1ccccc1N[C@H]1C=C[C@H](CCC(=O)ONc2ccccc2)[CH]CO1,-7.1,2.2444731162528297,19_203
O=C(COc1c(F)cccc1-c1ccccc1-c1nc2ccccc2c(=O)n1-c1cccc(Cl)c1)N1CCN(c2ccccc2)CC1,-7.8,3.236201490861768,19_204
O=C(C=Cc1cc(-c2ccc(N3CCOCC3)cc2)c2sccc2n1)Nc1cccc(Cl)c1,-6.9,3.581520423303119,19_205
COc1ccc(-c2ccc(C#N)cc2Cl)cc1C(CC(=O)O)c1ncc(C)s1,-6.6,3.7551227840616406,19_206
O=C(Nc1nc2ccccc2n1Cc1ccccc1)c1cccc(S(=O)(=O)N2CCOCC2)c1,-8.8,3.669442884253651,19_207
COc1ccc(C(=O)Nc2ccc(NC(=O)Cc3ccc(F)cc3)cc2)cc1,-7.2,3.701290889982375,19_208
C=Cc1ccccc1C(=CCC=NC(C)=O)S(=O)(=O)NCc1ccc(C2CCCCC2)cc1,-5.8,3.573588832600777,19_209
O=S(=O)(NC1=CC(N2CCCCC2)=Cc2c(ccc3ccccc23)-c2ccccc21)C1=CC=CC1,-8.8,1.5540356730880283,19_210
CC(=O)NC(CCC(N)=O)C(=O)NC(CCCN=C(N)N)C(=O)NC(O[C@@H](C)c1ccccc1)C(=O)NC(Cc1ccc(OS(=O)(=O)c2ccccc2)cc1)C(=O)NCC=O,-5.7,2.063369647636877,19_211
NC(c1ccccc1C(=O)O)P(=O)(O)c1ccc2ccccc2c1,-6.6,3.6084901702027246,19_212
O=C1NC(=S)NC(=O)C1=Cc1ccc(-c2cccc(C(=O)Nc3ccc4c(c3)OCO4)c2)cc1,-7.8,3.343170138255402,19_213
O=C(NC(CNC(=O)c1cccc2cc(-c3ccccc3)ccc12)C(=O)O)c1ccccc1,-8.1,3.5212213863381514,19_214
Cc1ccc2[nH]c(Cl)c(C3CC(c4ccc(F)cc4)=NN3c3ccc(S(N)(=O)=O)cc3C)c2c1,-7.6,3.604577929768854,19_215
O=C(NCc1ccc(-c2ccccc2C(F)(F)F)cc1)c1ccc2nc(Nc3cccc(O)c3)ccc2c1O,-7.4,3.2425477276425534,19_216
Cc1ccc(-c2nnc(NN=Cc3ccccc3[NH])o2)cc1,-6.6,3.6709634207272916,19_217
Cc1ncccc1-c1cccc2c1CCN(C(=O)c1cc(-c3cccc4cc[nH]c34)nn1C)C2,-7.8,3.553409946110872,19_218
Cn1c(CNC(=O)c2csc(-c3ccc(N4C(c5ccccc5)=Nc5cc(Cl)ccc5C4(C)C)cc3)n2)nc2ccccc21,-7.3,3.2648186368341303,19_219
O=C(Nc1cccc(-c2cnc3c(NC(=O)c4ccccc4)cccn23)c1)c1cccc(C(F)(F)F)c1,-7.8,3.382308560798931,19_220
CC=C(F)C=CC(=O)Oc1cc(O)c2c(c1)O[C@H](c1ccc(O)cc1)CC2=O,-7.4,3.4561665828580788,19_221
C=CCN(C(=O)c1cccc(-n2cnnc2)c1)c1nc2ccc(OC)cc2s1,-7.1,3.5908703877604093,19_222
NC(=O)c1c(NC(=O)c2ccccc2F)sc2c1CCN(C(=S)Nc1ccccc1F)C2,-8.3,3.5969053666628827,19_223
CCCc1cc(=O)oc2cc(C)cc(OCC(=O)Nc3ccccc3C(N)=O)c12,-7.2,3.672174314238875,19_224
CN(C1CCN(C(=O)c2cc3cc(NS(C)(=O)=O)ccc3[nH]2)CC1)[C@H]1CC[C@H](c2cccc(F)c2F)CC1,-6.6,3.5254124571756864,19_225
O=c1cc(-c2cccs2)nc2ccccn12,-6.1,3.5625387918531715,19_226
COc1ccc(/C=C2/C(C)=NN(c3cccc(F)c3)C2c2ccc3ccccc3c2)cc1OC,-6.4,3.472743054820608,19_227
COc1cccc(N2CCN(C(=O)c3ccccc3Nc3ccccc3)CC2)c1,-6.4,3.7419776523804256,19_228
Cc1noc(C)c1COc1ccc(-c2nc3ccccc3n2-c2ccc(-c3nn[nH]n3)cc2)cc1C(C)(C)C,-8.3,3.387468195001178,19_229
C[C@H](Cc1c[nH]c2c(OS(C)(=O)=O)cccc12)NC[C@H](O)c1cccc(NC(=O)c2cccc(C#N)c2)c1,-6.9,3.201979768730108,19_230
Cc1ccc2c(c1)c(-c1ccccc1CN1CCOCC1)cn2C,-6.9,3.583959276325579,19_231
Cc1ccccc1NC(=O)CC(N=CC1=CC(F)=CC1)c1ccco1,-6.9,3.695508014216575,19_232
Cc1ccc2c(c1)ncn2-c1c2ccccc2nc2ccc(Br)cc12,-7.3,3.34394095246256,19_233
O=S(=O)(Nc1ccc(-c2ccc3nc4c(n3n2)C=CCC=C4)cc1)c1ccc(F)cc1,-8.2,2.7158298216072425,19_234
CN(C)C=C1C=CN=CN(C)C(c2ccc(-c3ccc(Cl)cc3Cl)cc2)=NC=C1,-6.2,1.496197597021216,19_235
CC(C)Nc1cncc(-c2ccc3[nH]nc(-c4cc5c(-c6cccnc6)ccnc5[nH]4)c3c2)c1,-9.1,3.4279013655158384,19_236
O=C(NC(Cc1ccc(Cl)cc1)C(=O)N1CCN(c2ccccc2CN2CCOCC2)CC1)C1Cc2ccccc2CN1,-8.3,3.3358055592925884,19_237
N#Cc1cc(F)ccc1-n1c(=O)c(C(=O)Nc2ccc(F)cc2F)cc2cccnc21,-8.7,3.7022907466932446,19_238
O=c1c(CCC(CC(F)(F)F)=Nc2nc(-c3ncccn3)cc3ccccc23)c1N1CC2(CCOCC2)c2cc(F)ccc21,-8.0,3.108932529819894,19_239
CCOC(=O)CCCn1c(=O)c2c(ncn2Cc2ccccc2)n(Cc2ccccc2)c1=O,-6.6,3.4892479041833164,19_240
O=[N+]([O-])c1ccc(-c2c[nH]c([C@H]3Cc4ccccc4N3c3ncccc3Cl)n2)cc1,-7.1,3.57647283209951,19_241
c1ccc(NC(c2cccc(-c3cc4ccccc4[nH]3)c2)c2cc3ccccc3[nH]2)cc1,-8.4,3.060197752247862,19_242
O=C(NCCO)c1cccc2c1CCN2c1cc(Nc2cccc(C(F)(F)F)c2)ncn1,-7.1,3.6328562602222947,19_243
CNC(=O)Nc1c(N)[nH]c(-c2ccc(NC(=O)Nc3ccc(Cl)cc3Oc3ccccc3)cc2)nc1=O,-7.8,3.244829333884342,19_244
O=C(Nc1cccc(C(F)(F)F)c1)NS(=O)(=O)c1ccc(NS(=O)(=O)c2ccc3c(c2)OCCO3)cc1,-6.8,3.3993448644104602,19_245
O=C(NCC1CCOCC1)c1cccc(C(O)(c2ccc(F)cc2)c2ccccc2F)c1,-7.6,3.6334529051739715,19_246
O=C(Nc1ccc(-c2ccc3ccccc3c2)cc1)c1cccc([N+](=O)[O-])c1,-7.3,3.55056833162857,19_247
COC(=O)c1c(C)nc2c(c(C)nn2-c2cccc(C)c2)c1-c1ccccc1,-6.9,3.5882705347613433,19_248
O=C(Nc1ccc2c(c1)OCCO2)c1ccc(C(=O)Nc2ccccc2C(F)(F)F)cc1,-7.8,3.7151822044171574,19_249
O=C(Nc1ccc2c(c1)OCO2)C1C=C(C2CCCN(C(=O)Cc3ccccc3F)C2)ON1c1ccccc1,-8.3,3.472196426658382,19_250
O=C(Nc1ccccc1)N1CCN(C(c2ccccc2)c2cc3ccccc3c3ccccc23)CC1,-8.9,3.2516324272044064,19_251
O=C(Nc1ccc(-c2cccc(C(F)(F)F)c2)cc1)c1cc2ccccc2[nH]1,-7.6,3.4489945062732934,19_252
O=c1c2ccccc2nc(-c2cccc(-c3cccc(Cl)c3)c2)n1-c1ccccc1F,-7.9,3.4100303728289947,19_253
O=C(Nc1ccc(S(=O)(=O)N=C2CCCCCN2)cc1)c1ccncc1,-7.2,2.766869156225673,19_254
O=C(O)CCn1c2ccccc2c2cc(NC(=O)Cc3c(O)n(-c4ccccc4)c4ccccc34)ccc21,-8.9,3.32653093360355,19_255
O=C(c1cc([N+](=O)[O-])ccc1N1CCCC1)N1CCN(S(=O)(=O)c2ccc(Br)cc2)CC1,-6.9,3.4321624285061447,19_256
O=C(c1ccc(OCCN2CCCC2)cc1)c1nc2ccccn2c1-c1ccc(OCc2ccccc2)cc1,-7.0,3.239879015251714,19_257
O=C(O)c1ccc(Nc2cccc3ccccc23)cc1,-6.6,3.591279655008342,19_258
Nc1ncnc2c1c(-c1cc3ccccc3o1)cn2[C@@H]1O[C@H](COP(=O)(O)OP(=O)(O)OP(=O)(O)O)[C@@H](O)[C@H]1Cl,-7.7,2.690495431138623,19_259
O=S(=O)(Nc1cccc(-c2c(O)ccc3cc(-c4cccc(O)c4)ccc23)c1)c1cc2ccccc2s1,-8.3,3.330867804195089,19_260
O=C(O)c1cccc(N=C2CCc3ccccc3C2)c1,-6.8,3.606214655900623,19_261
N=CNC=C(F)c1ccc(-c2ccccc2S(=O)(=O)N2CCC(CO)CC2)cc1,-6.8,3.5416851968371397,19_262
CC1CC(Cc2ccccc2)CCN1Cc1ccccc1C1=CC=CC(=O)NCc2ccc(-c3cccc([N+](=O)[O-])c3)cc2C1,-8.1,1.049029244309903,19_263
O=C(Nc1cccc(Oc2nc3ccccc3n3nnnc23)c1)c1ccccc1,-7.9,3.598598762691104,19_264
COc1cc(-c2nc(Nc3cc(-c4ccccc4)cc(-c4ccccc4)c3)c3ccccc3n2)cc(OC)c1OC,-8.4,3.266533953997893,19_265
O=C(c1cccc2cccc(F)c12)N1CCC(Nc2ccc(F)cc2)CC1,-6.7,3.6422019243097523,19_266
COc1ccccc1OCC(C(=O)Nc1ccc(F)cc1)N1CCc2ccccc2C1,-7.3,3.721866506569147,19_267
COc1ccccc1CN(c1ccc(C(O)=NO)cc1)C(c1ccccc1)c1ccccc1,-7.7,3.2520480972162176,19_268
N=C(N)NCCCC(NC(=O)CNCC(c1ccco1)N1CCCCCC1=O)C(=O)c1nccs1,-6.4,1.7892371299171348,19_269
C=CCNC(=S)N/N=C/c1ccc(-c2ccc(C)cc2C)o1,-5.4,3.432182320116219,19_270
N#C[C@@H]1C[C@H](F)CN1C(=O)CN1[CH][C@@H]2CN(c3nc4cccnc4s3)C[C@@H]21,-7.0,3.4415931039773415,19_271
O=c1c2ccccc2nc(SCc2ccc(Cl)cc2Cl)n1/N=C/c1ccco1,-7.4,3.449444463382724,19_272
O=C(O)C(=O)NC1c2ccccc2-c2ccccc21,-6.5,3.4789765514233757,19_273
NS(=O)(=O)c1ccc(-c2nnc(NCc3ccc4c(c3)OCO4)o2)cc1,-7.1,3.534061626033391,19_274
O=C(CCn1cccn1)N1C[C@H]2CC[C@@H]1CN(Cc1ccccn1)C2,-6.1,2.549790849713804,19_276
C[C@H](Nc1ncnc(N)c1C#N)c1nc2ccc(F)cc2n1-c1ccccc1,-7.4,3.6389018813314378,19_277
CN1C=CC=C(C=c2c(NCc3ccccc3)nc3cc(-c4ccccc4)nn23)C1,-8.6,3.6751345400230067,19_278
N#Cc1ccc(-c2ccc(OCc3nnc(SC4CCCC4)n3-c3cccnc3)cc2)cc1,-6.9,3.550560244984779,19_279
O=C(Nc1ccc2ccccc2c1-c1ccccc1NC(=O)c1ccc(Cl)s1)c1cccc(C(F)(F)F)c1,-8.1,3.215156219281857,19_280
O=C(NNc1nncc2ccccc12)c1nc2ccccc2nc1-c1ccccc1,-8.6,3.5291461454730157,19_281
O=C(Nc1cccc(F)c1)Nc1ncccc1OCc1ccccc1,-7.5,3.739856963196414,19_282
C=C1C=C(C(F)(F)F)C=CC(=O)Nc2ccc(-c3cccc(Nc4nccc(C(F)(F)F)n4)c3)cc21,-8.0,1.333873717682942,19_283
CN(C)CCn1nc(-c2ccc(F)cc2)c2ccccc2c1=O,-7.3,3.7286698798843947,19_284
O=C(c1cccc(Nc2nc3ccccc3nc2Nc2ccc(Cl)cc2)c1)N1CCOCC1,-9.8,3.634235160340589,19_285
O=C(NC(=S)Nc1ccccc1N1CCOCC1)c1cc2c(ccc3ccccc32)oc1=O,-7.6,3.472685085325664,19_286
C[CH]Cc1onc(-c2ccccc2)c1-c1cccc(-n2cc(-c3cccc(C(=O)O)c3)nn2)c1,-6.9,3.504803144304725,19_287
O=C(c1ccc(Oc2ncccc2-c2ccc(F)cc2)cc1)c1nc2ccccc2[nH]1,-8.1,3.5281587508023664,19_288
CC(C)c1c(-c2cc(Nc3nc4ccccc4[nH]3)ccc2O)c(O)n(-c2ccccc2)c1O,-7.7,3.193994095356566,19_289
Cc1ccc(Nc2cc(=O)[nH]c(=O)[nH]2)cc1Nc1cc(-c2cccc([N+](=O)[O-])c2)nc2ccccc12,-9.1,3.0554270829343797,19_290
COc1cc(-c2cnc3cnc(-c4cccc(F)c4Cl)cn23)ccc1O,-7.7,3.7060365544386644,19_291
C=COCCNC(C(C=CC(=CC(=O)N=C1C=CCC1)c1ccc(C)cc1)=CC=O)c1ccccc1,-6.0,3.1020975926408503,19_292
Nc1ccccc1C(=O)Nc1cccc(C(=O)Nc2nc(-c3cccc(NC(=O)c4cccs4)c3)cs2)c1,-7.6,3.1343261639150795,19_293
CCOc1cccc(C(=O)Nc2cccc(NC(=O)c3cccs3)c2)c1,-6.4,3.736703567433348,19_294
Fc1ccc(-c2nc3c4ccccc4ccn3c2-c2ccc(F)cc2)cc1,-7.3,3.3240917037362943,19_295
O=C(Nc1cccn2c(-c3cccc(NC(=O)c4cc5ccccc5s4)c3)cnc12)c1ccccc1,-7.6,3.4664759296280483,19_296
COC=C1C(c2nc3ccc(-c4ccccc4)cn3c2NCC(C)C)=CC=C1n1cnc(C)c1,-7.4,3.545559031862414,19_297
C[C@H](NC(=O)C1CC1)c1ccc(C2CN(c3ccc(OCC4CC4)cc3)C2)cc1,-6.1,3.3942448428068572,19_298
O=C(Oc1ccc2ccccc2c1)c1cc2c(ccc3ccccc32)oc1=O,-8.4,3.1996053407888976,19_299
O=C(Nc1[nH]nc2cc(-c3ccoc3)ccc12)C1CC1,-6.7,3.702453314774611,19_300
O=C(CN1CCN(c2ncccn2)CC1)Nc1ccc2c(c1)C(=O)c1cccc3ccnc-2c13,-8.5,3.5604536688312614,19_301
O=C(Nc1cc(Cl)ccc1F)c1nc2ccccc2n([C@H]2C[C@H]3CC[C@@H](C2)N3C2CCCCCCC2)c1=O,-8.5,1.5658294231906797,19_302
O=C(NCc1c[nH]c2ccccc12)c1cc2ccccc2n(Cc2ccccc2)c1=O,-7.9,3.5194054903580345,19_303
CC=C(Cl)C=Cc1cnc(N2CCN(C(=O)Cc3c[nH]c4ccccc34)C[C@H]2C)s1,-6.6,3.704135900565471,19_304
O=C(c1ccc2c(c1)OCCO2)N1CCC[C@H](c2nc(-c3cccs3)no2)C1,-7.2,3.606407540622052,19_305
O=C(Nc1cc(C(F)(F)F)ccc1Cl)c1ccc(-c2cc3cc(C(=O)NC4CC4)ccc3o2)cc1,-6.3,3.5217584036930942,19_306
COc1cc2nccc(Oc3cccc(NC(=O)c4ccc5c(c4)OCCO5)c3)c2cc1OC,-7.7,3.6279831808239384,19_307
O=C(Nc1ccc(N2CCOCC2)c(C(=O)O)c1)c1ccc2c(c1)C(=O)N(Cc1ccco1)C2=O,-7.0,3.4705602600275496,19_308
O=C(O[C@@H]1C=C(c2cc(C(F)(F)F)cc(C(F)(F)F)c2)c2ccccc21)C1Cc2ccccc2CN1,-9.4,3.4302792895624448,19_309
C=CCNC(=O)N(C=NC(C)=CC(=O)N=CN)[C@@H]1O[C@H](CNC(=O)c2ccccc2Cl)[C@@H](O)[C@H]1O,-7.4,2.775993094419372,19_310
O=C(Nc1ccc(Cl)c(-c2nnc3c(Cl)cccn23)c1)c1ccc2ncccc2c1,-7.8,3.5985316493745474,19_311
N#Cc1ccc(CSc2nc3ccccc3c3nc(CC4CC(F)(F)C4)nn23)cc1,-7.9,3.5525477478504657,19_312
CC1(C)Oc2ccc(C3C=NC=COC3)cc2C2(COC(=N)N2)C12COC2,-7.4,2.316339494813761,19_314
COc1ccc(OC)c(C(=O)COC(=O)c2cc(-c3cccs3)nc3ccccc23)c1,-7.1,3.489583994181601,19_315
O=c1cc(-c2ccc3c(c2)OCCO3)[nH]c2c(-c3cccc(Cl)c3)cnn12,-7.9,3.683469264563907,19_316
O=C1CN(Cc2c(-c3ccc(Cl)cc3)nc3ccc(-c4ccccc4)cn23)CCN1,-8.3,3.6966711290500998,19_317
COc1ccc(CN(CC2CC2)c2ccc(-c3cccc(C(N)=NO)c3)cc2-c2cccc(F)c2)cc1OC,-6.5,3.141696752617319,19_318
O=C(Nc1cnn(-c2ccccc2C(=O)NCc2ccco2)c1)c1ccccc1,-7.0,3.691113130779914,19_319
CN(C)c1ccc(-c2nc(=O)c3cc(-c4ccccc4)ccc3[nH]2)cc1,-7.3,3.6305077071558225,19_320
CC(C)c1ccccc1-c1ccc2oc(CCN3CCC[C@H]3C)cc2c1,-6.7,3.4371338387969637,19_321
O=C(Nc1ccc(Oc2ncnc3[nH]ncc23)cc1)c1cc(-c2ccc(F)cc2)nc2ccccc12,-7.9,3.491889483701258,19_322
O=S(=O)(Nc1ccc2c(-c3ccc(Br)s3)cccc2c1O)c1ccc(-c2csnc2Cl)cc1,-8.1,3.350050521473799,19_323
O=C(Nc1nc2ccccc2c2cn(-c3cccc(C(F)(F)F)c3)nc12)c1ccccc1,-8.6,3.5771977175372447,19_324
O=c1c2ccccc2nnn1CCCCN1CCN(c2ncccc2-c2ccccc2)CC1,-7.2,3.5529375029804724,19_325
CO[C@@H]1OC[C@H]([C@H](O)CO)O[C@H]1Oc1ccc2oc(=O)ccc2c1,-6.5,3.5179395278026737,19_326
Cn1cc(CN2CC3C(=O)N(Cc4cccnc4)C[C@@H]3C2)c2ccccc21,-7.3,3.6126941095147673,19_327
NC(Cc1ccc(O)cc1)C(=O)NC1CSSCC(C(=O)O)NC(=O)C2CCCN2C(=O)C(CO)NC1=O,-6.8,1.2259599455968173,19_328
NCc1ccc(CN(C(=O)c2cccc3cc4ccccc4cc23)c2ccc([N+](=O)[O-])cc2)cc1,-7.7,3.3260614648007785,19_329
CS(=O)(=O)Nc1ccc(N=c2nc(NC3CC3)n3ncc(=Cc4[nH]c(=O)[nH]c4O)c3n2)cc1,-7.7,2.9487100756179663,19_330
O=C1CC(=Nc2cccc(-c3cccc(O)c3)c2)C(=O)c2ccccc21,-8.6,3.701874012320973,19_331
O=C(N1CCC2(CC1)CONC2=O)N1CCc2ccccc2C1,-7.6,3.3146432229823604,19_332
CCC=Cc1cnc2c3c(nccc13)-c1ccccc1C2=O,-6.9,3.5900817082606,19_333
O=C(c1cccc(F)c1)N1CCN(c2nc3ccccc3c3ccccc23)CC1,-8.1,3.525175793052864,19_334
O=C1C=CC=C(F)CC=C2C(=CCC2c2cc3ccccc3n2C(F)F)C=N1,-8.2,1.1120841855504837,19_335
O=c1nc(N2CCOCC2)oc2c(-c3cccc(Cl)c3)cccc12,-6.7,3.7316661752077938,19_336
O=C(c1ccccc1[SH](=O)=O)N(Cc1cccc(Cl)c1)c1cccc(C(=O)S(=O)(=O)c2ccccc2)c1,-6.5,3.436209664142323,19_337
Cn1c(SCC(=O)N2CCc3ccccc3C2)nnc1-c1cc2ccccc2cc1O,-7.7,3.657793016732652,19_338
Cc1ncc(C)n2nc(/C=C/c3cccc(NS(C)(=O)=O)c3)nc12,-6.4,3.760036255720938,19_339
O=C(Nc1cccc(C(=O)N2CCOCC2)c1)c1ccc(-c2ccc(F)c(F)c2)cc1,-8.3,3.7430203135098,19_340
O=C(Nc1ccc(F)cc1F)Nc1ccccc1C(=O)NC1CC1,-7.0,3.6177154010256487,19_341
CN(Cc1c2ccccc2cc2ccccc12)C(=O)c1cc2ccccc2o1,-7.5,3.2632723004976203,19_342
COc1cc(C(=O)Nc2cccc(-c3cnc4ccccc4n3)c2)cc(OC)c1OC,-7.2,3.6830569946703506,19_343
O=C(Nc1cnc2ccccn12)N1CCC(c2nc(-c3ccc(S(=O)(=O)N4CCCC4)cc3)no2)CC1,-7.8,3.4485928950583533,19_344
COc1ccc2nccc(C(=O)N3CCC(c4ccc(F)cc4)CC3)c2c1,-7.2,3.6646762866952414,19_345
O=C(O)C1CC=CCC1S(=O)(=O)Nc1cccc(-c2cccc(-c3nc4ccccc4[nH]3)c2)c1,-8.8,3.473806357372375,19_346
O=C(Nc1ccncc1)c1ccccc1C(=O)c1ccc(Nc2cccc(F)c2C(=O)O)cc1[SH](=O)=O,-7.3,3.220577862396528,19_347
O=C1NCc2cc(-c3ccc4c(c3)C(=O)C=CC4=O)ccc21,-7.8,3.5646589361338714,19_348
Cc1c(-c2ccc3c(c2)CCN(c2nccs2)C3)cccc1S(=O)(=O)NCC=CC=CC(=O)O,-6.3,3.5499696866464,19_349
O=C1c2ccccc2C(=O)N1CCc1nc2cc3ccccc3cc2c(=O)n1-c1ccc(-c2ccccc2CO)cc1,-9.2,3.2946942974277817,19_350
N#C[C@@H]1CCCN1C(=O)CNC(=O)c1ccc(-c2cn3c4c(cccc24)CCC3)cc1,-7.2,3.685123003015443,19_351
COc1ccc(C(NC(=O)C2CCCC2)c2cc3ccccc3[nH]2)cc1OC,-7.3,3.6776448607928285,19_352
O=C(c1ccccc1NC(=O)C12CN(Cc3ccccc3)CC1C(c1cccc([N+](=O)[O-])c1)=NO2)N1CCOCC1,-8.5,3.2203844253571345,19_353
O=C(CSC1=NCCN1)NN=C1CCCCC1,-5.5,3.2070777650213724,19_354
O=C(NCC(NC(=O)c1ccccc1O)C(=O)O)c1ccc2c(cnn2CCCNc2ncc[nH]2)c1,-6.9,3.048494467857113,19_355
Oc1ccc(-c2cc(-c3ccc(F)cc3)nc3c2Cc2cccc(O)c2-3)cc1,-8.3,3.5382346254688546,19_356
O=C(CNc1ccccc1)Nc1cc(-c2ccnc(Nc3ccc4ncsc4c3)n2)ccc1Cl,-7.7,3.3607786056863747,19_357
Nc1ncnc2c1ncn2[C@@H]1O[C@H](CSCCNC(=O)c2ccc3ccccc3c2)[C@@H](O)[C@H]1O,-7.2,3.1722284743663387,19_358
O=CNc1ccccc1N1CC(=O)N(c2ccccc2)C(=O)c2ccccc21,-7.5,2.702555759209363,19_359
O=C(Nc1ccc(Oc2ccnc3[nH]ccc23)cc1)c1cc(-c2ccc3cccc(F)c3c2)ccc1O,-8.4,3.356390853549331,19_360
Nc1ncnc2c1c(Sc1cccs1)nn2[C@@H]1O[C@H](COS(N)(=O)=O)[C@@H](O)[C@H]1O,-6.8,3.0409335454999002,19_361
O=C(O)Cc1cc(-c2cccc(C(=O)Nc3ccccc3)c2)c2ccccc2n1,-7.9,3.6295342704614857,19_362
CCN(CC)CCNCc1cc(-c2cccc(Cl)c2)nc2ccc(OC)cc12,-6.9,3.618539358028686,19_363
CCc1c(C(=O)Nc2ccc(C)c(O)c2)sc2nc(-c3ccc(F)cc3)cn12,-6.9,3.6975004826978495,19_364
COc1cc(-c2n[nH]c(=S)n2-c2ccccc2C)ccc1O,-6.0,3.687626256732621,19_365
CC=C(C=NC=NC=CC(=O)NCC)c1cc(F)cc(NC(=O)c2ccc(Cl)c3ccc(F)cc23)c1,-6.7,3.4089225678917607,19_366
Cc1[nH]c2ccccc2c1C(Nc1ccccc1)c1cccc(-c2cccc(O)c2)c1,-8.1,3.24332482543157,19_367
O=C(Nc1ccc2c(c1)nc1n2CCCCC1)c1ccccc1,-7.2,2.716526725553786,19_368
Cn1c(N)nc([C@H]2C[C@H]2c2ccc(-c3cccc(C#N)c3)cc2)cc1=O,-7.3,3.7602995368131076,19_369
O=C(Nc1cccc(C(F)(F)F)c1)NC1CCN(c2ccc(C(F)(F)F)cc2[N+](=O)[O-])CC1,-8.7,3.45982559577421,19_370
CC(C)c1cccc(C(C)C)c1NC(=O)Nc1nc2ccccc2n1-c1ccc(F)cc1,-6.8,3.5604577023730215,19_371
COc1ccccc1NC(=O)c1c(C)oc2ccc(O)c(CN3CCC(C)CC3)c12,-7.1,3.715557242282875,19_372
O=C(O)c1ccccc1-c1ccc(-c2ccccc2COc2cccc(-c3ccccc3F)c2)cc1,-6.6,3.1671873879621355,19_373
O=P(c1ccccc1)(c1ccccc1)S(=O)(=O)NCCC1CCNCC1,-7.0,3.677142872251321,19_374
O=C(c1ccc(NC(c2ccc(F)cc2)c2ccc(F)cc2)cc1)N1CCC(N2CCCC2)CC1,-7.8,3.5218364690644703,19_375
CC1SC(c2ccc(Cl)cc2)c2cc3c(cc2CC1O)OCO3,-6.9,2.6523536870206312,19_376
Cc1ccc(CNC(=O)CN2N=C(c3nc(-c4ccccc4C)no3)C3C=CC=CN32)cc1,-8.3,3.6512778027076664,19_377
COc1ccc2c(Nc3ccc(NC(=O)c4ccc(-c5ccccc5F)cc4)cc3)ncnc2c1,-5.9,3.384490377854589,19_378
O=c1c2cc(F)ccc2nc2c3ccccc3ccn12,-7.4,3.3654107516045353,19_379
O=C(Nc1ccc(N2CCOCC2)cc1)c1cccc(N2C(=O)c3ccccc3C2=O)c1,-7.6,3.6371685946561825,19_380
Cc1ccc(-c2ccc(N3CCN(CC(=O)Nc4nc5ccc(F)cc5s4)CC3)cn2)cc1,-6.9,3.6847974331701385,19_381
O=c1c2cc(S(=O)(=O)Oc3cccc(F)c3)ccc2n(Cc2ccccc2)c(=O)n1Cc1ccc(Br)cc1,-8.3,3.3282452211279008,19_382
O=C(Nc1cccc(CN2CCCN(Cc3ccccc3)CC2)c1)c1ccc(-c2ccccc2)cc1,-7.4,2.4771196525779864,19_383
COc1nc2ccc(Br)cc2cc1C(c1ccccc1)n1cc(-c2ccccc2Oc2ccccc2)nn1,-7.1,3.3130816299272148,19_384
O=C(NCc1ccc(-c2cc3ccccc3[nH]2)cc1)c1ccc2ccccc2c1,-8.1,3.1933163256865935,19_385
FC=C1C=CC(C=C2N=CC(c3cccc(-c4ccc5c(c4)OCCO5)c3)=NO2)=C1,-7.7,3.477298987810591,19_386
O=C1CC[C@@H](Cn2cnc3c(NC(=O)c4cccc(O)c4)ncnc32)N1,-7.8,3.516223473904224,19_387
COC=CC(=O)C=C(C=CC(C)(C)OC)c1ccc(OC)cc1,-5.3,3.433927342983627,19_388
O=C(CCc1nnc(-c2ccccc2)o1)Nc1ccc(-c2ccccc2-c2nn[nH]n2)cc1,-7.3,3.4613058740229947,19_389
O=C(Nc1ccccc1C(F)(F)F)c1cc(-c2ccccn2)nc2ccccc12,-8.2,3.6656729477440324,19_390
Nc1nc(-c2ccco2)nc2cn(-c3ccccc3F)nc12,-7.4,3.6725829323806307,19_391
COCC[C@@H]1C[C@@H](C)CN1C(=O)CC(c1cc(-c2ccccc2)c(OC)cc1O)c1cccc2ccccc12,-7.5,3.440552973869209,19_392
O=C(c1ccc(C#Cc2ccccc2)cc1)N1CCC(c2ccccc2)CC1,-7.3,3.2907637487621972,19_393
Nc1ccccc1NC(=O)c1ccc(CNc2nccc(-c3cccnc3)n2)cc1,-7.3,3.523308178977911,19_395
Cc1ccc(Sc2ccccc2CN(C)C)c(C(F)(F)F)c1,-5.7,3.537163805319075,19_396
O=C(O)c1ccc2[nH]c(-c3ccc(C(=O)Nc4ccccc4O)cc3)nc2c1,-7.6,3.4804855418779677,19_397
CN1C=CC=C(c2nc3cc(-c4nc5cc(N6CCN(C)CC6)ccc5[nH]4)ccc3[nH]2)CC1,-7.7,2.607160989304958,19_398
O=c1cc(Nc2cccc(C(F)(F)F)c2)c2ccccc2[nH]1,-7.1,3.618837826384894,19_399
O=C(O)C(=O)Nc1sc2c(c1C(=O)O)CCN(Cc1ccc(-c3ccccc3-c3nn[nH]n3)cc1)C2,-7.5,3.2363356695289727,19_400
O=C(Nc1ccccc1-c1ccccc1)c1c(-c2cc(Cl)ccc2OC2CCCCC2)[nH]c2ccccc2c1=O,-8.9,3.255040407956901,19_401
O=C(c1nn(C2CCCN(CCn3cccn3)C2)c2c1CS(=O)(=O)c1ccccc1-2)N1CCOCC1,-7.1,3.2655757104985987,19_402
O=C(NCc1ccccc1)c1cncc(-c2cccc(-c3ccc(C(=O)N4CCCC4)cc3)c2)c1,-7.8,3.5679886959222573,19_403
CC(=O)Nc1cccc(C(=O)C(Cl)=CC=O)c1,-5.3,3.4177864138215917,19_404
O=C(COc1cccc(-c2nnc3sc(-c4ccccc4)nn23)c1)Nc1cc(C(F)(F)F)ccc1F,-7.8,3.4080055982134625,19_405
O=C1CN=C(c2ccc(Cl)cc2)c2cc(-c3ccccc3O)ccc2N1,-8.1,2.699414590778406,19_406
O=C(c1ccccc1)c1cnc2ccc(-c3cc(Cl)c(O)c(Cl)c3)cc2c1NC1CCC(C(=O)O)CC1,-7.3,3.3704218427228336,19_407
C[C@]12CC[C@H](O)CC1=CC[C@@H]1[C@@H]2CC[C@]2(C)C(c3ccc4cnccc4c3)=CC[C@@H]12,-8.3,3.0784152269762464,19_408
O=C(Nc1c(Cl)cccc1Cl)c1cc2ccccc2cc1OCCO,-6.4,3.7395909757453474,19_409
O=C(c1ccc(Nc2ncc3c4ccncc4n(C4CCCCC4)c3n2)cc1)N1CCOCC1,-8.8,3.553591917786525,19_410
O=C(C=C1C=CC(=Nc2nc3ccccc3nc2Nc2ccccc2[N+](=O)[O-])C1)N1CCOCC1,-9.1,3.3675263547520196,19_411
CN(C)c1nc(-c2ccccc2)cc(N2CCN(C3CCOC3)CC2)n1,-7.6,3.6114126185895223,19_412
O=C(Nc1cccc(F)c1)c1cccc(-c2cc(-c3cccc(C(F)(F)F)c3)no2)c1,-7.4,3.563697112181453,19_413
CN(C)c1ccc(-c2nc3cc(NC(=O)c4cc5ccccc5o4)ccc3o2)cc1,-7.4,3.5757524083687966,19_414
N=CC1=CC=C(OC=C2C=CC(c3c(Cc4ccccc4)cnc4c(-c5ccccc5)c(O)ccc34)=C2)C1,-8.6,3.203690858419046,19_415
C[C@H](NC(=O)c1ccc(Br)cc1)c1cccc(CC(=O)N2Cc3ccccc3CC2C(N)=O)c1,-8.4,3.6539492418462407,19_416
CC1=CC(S(=O)(=O)c2c(C(=O)NC(C)c3ccccc3)[nH]c3ccc(Cl)cc23)CC=C1,-7.5,3.677335291879549,19_417
COC1C(=O)c2ccccc2C1=Nc1nc2ccccc2nc1NS(=O)(=O)c1cn(C)cn1,-8.2,3.51367251297339,19_418
O=C1C=C(C2CC2)ON=CC2CCN(S(=O)(=O)c3ccc(F)cc3)c3cc(ccc32)N1,-7.4,1.4894349868674874,19_419
O=C(Nc1cc(Br)ccc1-c1ccc(F)cc1)Nc1ncccc1OCc1ccccc1Cl,-7.9,3.52198501714859,19_420
O=CN(CCc1ccccc1OC(F)F)C1=CC=CC2=CNC(C=C1)N=C2,-6.4,1.28474963269398,19_421
O=C(O)CCCCCn1c(-c2cccc(NC(=O)c3ccccc3-c3ccccc3)c2)nc2ccccc2c1=O,-8.5,3.2492646838355217,19_422
COc1ccc2c(c1)N1[CH]Cc3cc(-c4cccc(F)c4)ccc3N(CC2)O1,-7.9,2.567876234654123,19_423
CC(NC(=O)c1cccc(O)c1)c1ccc2c(c1)N(C)CC(C)(COc1ccc(C(=N)N)cc1)O2,-7.7,3.3757138048325768,19_424
C=C(F)C=CC=Cc1cc(C(=O)N2CCN(c3cccc(F)c3F)CC2)cnc1NCC[CH]C(=O)O,-6.5,3.504781533442216,19_425
CC=CC=CC(=O)Nc1c(C(=O)Nc2ccccc2C(=O)O)oc2ccccc12,-7.9,3.547125854527504,19_426
O=C(NC1CC=C(c2ccc(NC(=O)N3Cc4ccncc4C3)cc2)CC1)C1CCOC1,-7.0,3.545315594037243,19_427
O=C(c1cc2ccccc2o1)N1CCN(Cc2ccccc2OCc2c(Cl)cccc2Cl)CC1,-7.6,3.54342979179059,19_428
Cc1ccc(-c2nn(-c3ccccc3)cc2/C=C2\SC(=S)N(Cc3ccco3)C2=O)cc1,-7.6,3.47501705173893,19_429
C=C(C=C(C=COC)OC)c1cc2ccccc2nc1-c1cccc(NC(=O)c2cccc3c(C)cccc23)c1,-8.3,3.185225170314323,19_430
COc1cc2c(cc1OC)C(=O)C(=Cc1ccc(Nc3nc4cccc(F)c4o3)o1)CO2,-7.6,3.5537081287588537,19_431
O=C(Nc1ccc(OC(F)(F)F)cc1)c1cccc(S(=O)(=O)Nc2cccc(C(F)(F)F)c2)c1,-6.9,3.536172665196439,19_432
CC(C)c1cc2[nH]c(-c3ccc[nH]3)cc2c(-c2cccc(F)c2F)n1,-7.8,3.475362708184775,19_433
CNC(=O)c1nccnc1NCC(=O)N1CCC(NC(=O)Nc2ccc(F)cc2)CC1,-6.7,3.428166011684494,19_434
O=C(c1ccc2c(c1)C(O)(C(F)(F)F)c1ccccc1-2)N1CCC[C@H]1c1ccccc1Cl,-8.3,3.5121302761802173,19_435
O=C(c1ccc2c(c1)N(c1ccc(F)cc1)C(=O)CO2)c1ccccc1C(=O)N1CCOCC1,-7.5,3.5673883214106885,19_436
O=CN=C(N=CNc1ccc2cc(-c3ccc(C(=O)Nc4cccc(COc5ccccc5)c4)cc3)sc2c1)NC=CNCc1ccccc1,-5.5,2.6902422698702124,19_437
O=c1c2ccccc2nc2n1[C@H](c1ccccc1)CO2,-7.1,3.6048757591300356,19_438
O=C1C=CC=CC(c2ccccc2)Cc2c(ccc(N3CCC(c4nc5ccccc5[nH]4)CC3)c2Cl)N1,-8.2,1.2443339864275362,19_439
O=C(Nc1cccc(CN2CCC(C(=O)NC3CCCCC3)CC2)c1)c1cccc(F)c1,-7.2,3.5779735229003506,19_440
O=c1cc(C(F)(F)F)[nH]c(NCc2ccccc2)n1,-6.7,3.6304409731929685,19_441
O=C1NCN(c2ccccc2)C12CCN(C1(c3cccc(Cl)c3)CCOCC1)CC2,-7.5,3.5419048505689306,19_442
CN=C(Cc1cc2ccccc2[nH]c1=O)c1ccc2ccc(O)cc2c1,-7.9,3.5576786895550487,19_443
Cc1ccc(F)c(-c2ccc(NC(=O)Nc3ccccc3C(F)(F)F)cc2)c1,-7.9,3.455274627283463,19_444
Cc1cc(NC(=O)c2ccccc2NS(C)(=O)=O)no1,-6.3,3.6312039727185232,19_445
NC(=O)Cc1cccc(S(=O)(=O)Nc2ccc(-c3cccc(-c4cccc5ccccc45)c3)cc2)c1,-8.7,3.322842567631917,19_446
O=c1cc(-c2ccc(F)cc2F)[nH]c2cccc(Cc3ccccc3)c12,-7.9,3.463930063092022,19_447
N=C(Cc1ccc(F)cc1)N=C(CNC(=O)Nc1ccccc1C(F)(F)F)N=CN,-7.0,3.283937707710594,19_448
O=C(c1ccc(F)c(Cl)c1)N1CCC(c2nc(-c3ccc(F)cc3)no2)CC1,-7.6,3.717161394886543,19_449
Cn1c2c(c3ccc(-n4ccc(OCc5ccc(F)cc5F)cc4=O)nc31)CN1CCCC1C2,-7.7,3.554461764109324,19_450
Fc1ccc(-c2cc3nc4ccccc4nc3nc2-c2cc3ccccc3o2)cc1,-7.8,3.405481319909929,19_451
Cc1c(Cl)cccc1N=C(N=Nc1ccc(N(C)C)cc1)Nc1cccc(F)c1,-7.2,3.5161772864294587,19_452
CCC(c1cc2cccnc2cc1F)n1cnc2ncc(-c3cnn(C)c3)nc21,-7.3,3.549760317530276,19_453
Nc1nc(N2CCN(C(=O)c3ccccc3-c3cccs3)CC2)ncc1-c1cccc(C(F)(F)F)c1,-7.6,3.611711399854494,19_454
O=C(/C=C/c1ccc(Cl)c(Cl)c1)NCc1cccc(Cn2c(=O)c3ccccc3n(CC(=O)Nc3cccc(F)c3)c2=O)c1,-7.3,3.2390125724555263,19_455
CC(=O)c1ccc(Oc2ccc(-c3ccc(NC(=O)c4ccc5ccccc5c4)cc3)cc2)cc1,-6.6,3.235178839146493,19_456
OCC#Cc1cnc(Nc2ccc(O)cc2)c(Cl)c1,-6.4,3.4855768000902048,19_457
FC(F)(F)c1cccc(-c2nnc3sc(COc4ccccc4Cl)nn23)c1,-7.9,3.599393769997987,19_458
N#Cc1cccc(Cn2cc(Nc3nc(N)nc(-c4ccc5c(c4)OCO5)n3)cn2)c1,-7.6,3.435048001704901,19_459
Cc1ccc2c(c1)[C@H]1OCC[C@H]1[C@H](c1ccc(OC(C)C)cc1)N2,-6.4,3.550723425996431,19_460
COc1cc(C(=O)c2cn(-c3cccc(Cl)c3)cc2-c2cccc(C)c2)cc(OC)c1OC,-7.0,3.487908384773071,19_461
O=C(NC(=S)Nc1ccccc1)c1ccc2ccccc2c1,-6.8,3.5667661370749633,19_462
O=C1C2=CCC2=Nc2ccccc2NCc2ccccc2C1(c1ccccc1)c1ccccc1,-7.3,1.0162083742302994,19_463
O=C(Nc1cccc(-n2cc(-c3ccncc3)c(-c3ccc(Cl)c(O)c3)n2)c1)c1ccc(Cl)cc1,-8.1,3.471454881308295,19_464
CCN(C=NC(=C1C=CC(c2nc3c(C)cccc3[nH]2)=CC1=N)c1cc2ccc(F)cc2o1)CC[CH]OC,-7.9,3.2801520713079277,19_465
O=c1nc(N2CCOCC2)oc2c(-c3ccc(-c4cccs4)cc3)cccc12,-6.8,3.6350824093623513,19_466
Cc1ccc(C)c(NC(=O)c2cccc(NC(=O)c3ccccc3-c3ccccc3)c2)c1,-7.7,3.490905320606912,19_467
NS(=O)(=O)c1ccc(N(C(=O)c2ccc(Cl)cc2)C(=O)c2ccc(Cl)cc2Cl)cc1,-6.5,3.6960400230536736,19_468
CN(Cc1ccccc1C=O)ON1C(=O)C(Cc2ccccc2)C[C@@H]1c1ccccc1,-7.1,3.540572755369911,19_469
O=C1CCC=CC2CC[C@@H](C(C(=O)N3CCN(c4ccc5cccc(F)c5c4F)CC3)=N1)C2N1C(=O)c2ccccc2C1=O,-8.6,1.0164908442156468,19_470
Cc1ccc(S(=O)(=O)N[C@H](CC(=O)O)c2ccccc2)cc1,-6.0,3.712478084850696,19_471
O=C1CN(C(=O)c2ccc3cc(Oc4ccc(C(F)(F)F)cn4)ccc3n2)CCN1,-6.9,3.7621420610727228,19_472
Cc1cccc(-c2cccc(-c3cccc(C(=O)N(C)c4cccc(C#N)c4)c3)c2)c1,-7.8,3.430431857537041,19_473
Cc1cc(Nc2ncc(Cl)c(Nc3cn(C)nc3S(=O)(=O)C(C)C)n2)c(OC2CC2)cc1C1CCN(C(=O)C(C#N)CCO)CC1,-7.0,2.977787086206337,19_474
O=C(Nc1ccccc1N1CCOCC1)c1ccc(Br)cc1Cl,-6.3,3.7290760770466855,19_475
O=C1C(=Cc2ccccc2C(F)(F)F)Cc2cccc(O)c21,-7.3,3.5640499832619295,19_476
COc1cc(OC)c(-c2cn3ccc(N4CCC(CNC(=O)c5ccc(Br)cc5)CC4)cc3n2)cc1Cl,-6.7,3.552156716453691,19_477
Cc1ccc(S(=O)(=O)NCCN2CCOCC2)cc1C(=O)Nc1ccc(N2CCOCC2)cc1,-6.7,3.489463889467105,19_478
O=C1c2ccccc2-c2c1c1ccccc1c(=O)n2CCc1ccncc1,-7.3,3.6005910328074235,19_479
N=C(N)c1ccc2sc(-c3cccc(OCc4ccccc4)c3)cc2c1,-7.5,3.4895019598400587,19_480
O=C(Nc1cccc(-c2csc(NC(=O)c3ccccc3)n2)c1)c1cccnc1,-7.8,3.703606266263698,19_481
CCc1ccccc1NS(=O)(=O)c1ccc(NC(=O)/C=C/c2cccc3ccccc23)cc1,-6.6,3.5077320047104745,19_482
COCC(=O)N=CC1=C(c2cccc(OC(F)(F)F)c2)C=C(c2cccc(NS(=O)(=O)c3cccc(F)c3)c2[N+](=O)[O-])C1,-7.4,3.0452525266348953,19_483
N#CC=C1CNC(C2=CCC(=Nc3cc4ccccc4c(O)c3-c3ccccc3)OC=C2)C1,-9.0,2.5176367984684216,19_484
O=C(NCc1cccs1)c1nc2ccncc2cc1-c1ccccc1,-6.7,3.7257772739647645,19_485
O=C1OCC2=NC3=C(C(c4cccc(I)c4)C12)S(=O)(=O)CC3,-6.3,3.2836127739905123,19_486
O=C1Nc2ccc(Cl)cc2C(c2ccccc2F)=NC12NN=C1COc3ccccc3C12,-8.5,2.5101938205555627,19_487
Cc1ccc(Oc2ccc(NC(=O)c3cc(-c4cccc(C(F)(F)F)c4)ccn3)cc2)cc1,-7.4,3.570857754253886,19_488
C[CH]C[C@@H]1O[CH][C@@H]2O[C@H](OC(C)(C)[C@H]1O)[C@@]1(C)CC[C@@]34C[C@@]35CC[C@H](O[C@@H]3O[C@H](CO)[C@H](O)[C@H](O)[C@H]3O)C(C)(C)[C@@H]5CC[C@H]4[C]2C1,-6.5,0.30290017645830414,19_489
CO[C@@H]1C[C@@H](C#N)N(C(=O)c2cccc(NC(=O)c3ccccc3C(F)(F)F)c2)C1,-6.8,3.781861674582755,19_490
O=C(C=Cc1ccc(O)c(O)c1)OC1CCC(N(Cc2ccc(Cl)c(Cl)c2)C(=O)N(Cl)Cl)CC1,-6.4,3.3104881598704203,19_491
O=C(Nc1cccc(-c2cnc3ccc(F)cn23)c1F)c1cccc(C(F)(F)F)c1F,-8.0,3.5651201998097912,19_492
CNC1CC(Nc2c(CC(C)O)cnc3c(C(F)(F)F)cccc23)O1,-6.4,3.676598901968698,19_493
O=C(NCc1ccc(-c2ccccc2)cc1)c1ccc([N+](=O)[O-])o1,-6.6,3.6951417831612483,19_494
C=C1c2c(-c3ccccc3)nn(C(=O)C3CCCCC3)c2CCN1CC1C=CC=COC1,-8.7,2.4905814460421145,19_495
O=C(O)CCC(=O)Nc1nc2ccc(OC(F)(F)F)cc2s1,-6.1,3.6693288779908912,19_496
COc1cc(Nc2ncccc2NC(=O)c2cnn(-c3cccc(Cl)c3C)c2C)ccc1-n1cnc(C)c1,-7.2,3.3501950928258557,19_497
Cc1nc(NCC(C=O)c2nc3ccccc3n2CCF)cc(N2CCOCC2)n1,-7.1,3.5947847151613317,19_498
O=C(Cc1cc(F)ccc1O)Nc1nc(-c2ccccc2)nc2cn(-c3ccccc3)nc12,-9.7,3.5513218434719858,19_499
O=C(Nc1ccc(F)cc1F)N(Cc1ccc(-c2cccc(Nc3ccccc3)c2)cc1)Cc1cccc2ccccc12,-9.1,3.0781859866408623,19_500
O=C(O)c1ccc2nc(-c3ccc(F)cc3)c(Nc3ccc4[nH]c(=O)oc4c3)nc2c1,-9.1,3.4448124753312555,19_501
O=C(c1ccc(F)c(F)c1)N1CCN2C(=O)c3ccccc3C12c1ccc(Oc2ccccc2)cc1,-7.9,3.4607936141793543,19_502
CCc1ccc(C=C(c2ccccc2Cl)N(N)c2cccc(C(=O)O)c2)cc1,-6.9,3.484883745053345,19_503
Cc1c(Cc2ccccc2S(=O)(=O)c2ccc(F)c(F)c2)c2ccccc2n1CC(=O)Nc1ccccc1F,-8.4,3.3846107860660206,19_504
COc1ccccc1Nc1nc(N)cc(-c2cc3ccccc3o2)n1,-6.8,3.6944611420458795,19_506
CCc1nnc(Nc2cc(-c3cnc(N)c(OC(F)F)c3)nc(N3CCC(F)(F)C3)n2)o1,-7.9,3.3431449579717376,19_507
Cc1c(-c2cccc(CCc3[nH]c(-c4ccc(C(=O)N5CCOCC5)cc4)cc3C(N)=O)c2)cccc1-c1cc2ccc(C(N)=NO)cc2o1,-7.3,2.671943516588971,19_508
CC1N(c2ccc3ccccc3n2)CC[C@@]1(C)CC[C](O)CC=CN=CCC=CC#N,-6.1,3.51927747483572,19_509
Cn1cncc1CN1CC2=CC(c3ccccc3)=CC=C1CCc1ccccc1S(=O)(=O)N2CC1CCN(C(=O)CC(C)(C)F)CC1,-7.9,1.104396730460564,19_510
N[C@H]1CN(c2cc(-c3cccc4ccccc34)ncn2)C[C@@H]1c1cc(F)c(F)cc1F,-8.0,3.637507071308381,19_511
O=C(NC(Cc1ccccc1)C(=O)N[C@H]1c2ccccc2C[C@H]1O)c1cnc2ccccc2c1,-8.5,3.5505293222186203,19_512
O=C(NCc1cc(C(F)(F)F)cc(C(F)(F)F)c1)c1ccccc1Cc1nc(-c2cccc(OC(F)(F)F)c2)c(-c2ccccc2)o1,-7.8,3.1061316569845197,19_513
COc1ccc(CNc2ncnc3ccc(-c4cccc(C(=O)N5CCOCC5)c4)cc23)cc1Cl,-9.1,3.6450577473631913,19_514
CC(C)c1ccc(S(=O)(=O)N2CCC(C(=O)Nc3cccc(C(=O)Nc4ccccc4)c3)CC2)cc1,-7.7,3.6266706272589784,19_515
O=C(Nc1cccc2ccccc12)c1cccc(Cc2n[nH]c(=O)c3c2CCCC3)c1,-8.9,3.6071815023456155,19_516
CN[C@@H]1CCN(c2nc(N)nc3c2oc2cccc(Cl)c23)C1,-7.4,3.6881803755894604,19_517
O=C1Nc2ccc([N+](=O)[O-])cc2/C1=C\c1ccc2c(c1)OCO2,-6.4,3.458229521930023,19_518
O=C(Nc1cc(-c2ccccc2)ncn1)c1ccccc1,-7.0,3.718692389279575,19_519
N#Cc1ccccc1-c1cccc(CCOc2ccccc2/C=C2\SC(=O)NC2=O)c1,-7.0,3.6689535701674556,19_520
COC=CC=C(C)c1[nH]nc2nccc(-c3cccc(C(=O)NCCN(C)C)c3)c12,-6.3,3.612071099713499,19_521
N=[N+]([O-])c1ccc(-c2nc(-c3ccc(F)cc3)c(-c3ccncc3)[nH]2)cc1,-7.8,3.480877615645694,19_522
O=C(Nc1cccc(-c2ccnc(Nc3ccc(N4CCOCC4)cc3)n2)c1)c1ccc(F)c(C(F)(F)F)c1,-8.7,3.468738808082432,19_523
CC(c1cccc(C(F)(F)F)c1)N(O)C(=O)Nc1ccccc1,-6.8,3.553026095094761,19_524
O=C(c1nc(-c2ccncc2)ncc1-c1ccccc1)N1CCN(c2ncccn2)CC1,-8.9,3.645745244889386,19_525
Cc1nc2cc(-n3ncc(C(=O)c4cc5cc6c(cc5o4)OCCO6)c3N)ccc2[nH]1,-8.2,3.3845224187092633,19_526
O=C(Nc1ccc2nc(NC(=O)N3CCCCCC3)sc2c1)c1cccc(F)c1,-7.8,2.7485772568316857,19_527
C[C@H](CO)N1C[C@H](C)[C@@H](CN(C)Cc2cccc3ccccc23)Oc2ccc(NC(=O)NC3CCCCC3)cc2C1=O,-7.4,1.4902827730000263,19_528
Cn1cncc1-c1ccccc1NC(=O)c1cccc(-c2ccccc2F)c1,-7.9,3.6434097778020282,19_529
O=C1CCC(c2cccc(Nc3ccccc3)c2)=NN1c1ccccc1,-8.1,3.6755888679457573,19_530
C=CC(CC=COC=O)=Nc1c2ccccc2nc2ccc(OCc3ccccc3Br)cc12,-7.2,3.169911884382236,19_531
O=C(Nc1nc(-c2ccccc2)cs1)C1CC(=O)N(c2ccc3c(c2)OCCO3)C1,-7.7,3.6953948422292715,19_532
Oc1[nH]c2ccccc2c1N=Nc1nc(-c2ccc(Cl)cc2)cs1,-6.6,3.5845060288091974,19_533
COc1ccc(C=C(C#N)C(=N)N=C(CC#N)Sc2cccc(C(=O)N(C)C)c2)cc1,-7.3,3.434360017663547,19_534
O=C(c1ccc(-c2cccc3c(=O)cc(-c4ccccc4)oc23)cc1)N1CCN2CCCCC2C1,-8.5,3.467747274597639,19_535
C=Cc1ccc2cc(CNc3nc(-c4cccc(Cl)c4)cc4cc(F)ccc34)cc(O)c2c1,-9.0,3.283317043936182,19_536
Cc1nn(-c2ccccc2)c2sc(C(=O)Nc3ccc4c(c3)OCCO4)cc12,-7.1,3.7065243735779845,19_537
Cc1ccc(C=CC2C[C@H](C(C)CNc3ccc(-c4ccccc4)cc3)C[C@@H]2O)c(=O)o1,-6.8,3.624633456675353,19_538
CCN(CCC(=O)c1ccc(-c2cccc(CNCCc3ccccc3)c2)o1)C(=O)c1ccccc1,-7.2,3.3610231211115895,19_539
COc1ncccc1CN[C@H]1CC1c1ccc2ccccc2c1,-6.4,3.6583157409966875,19_540
O=C(O)C=CC=CCC[C@@H]1[C@@H](/C=C/[C@H](O)CCc2ccc3ccccc3c2)[C@H](O)C[C@@H]1O,-6.2,3.281750606205861,19_541
COc1ccc2c(c1)C(=O)c1c-2c(N)nc2ccccc12,-7.4,3.673544965416526,19_542
Cn1cnc(Nc2ccc(-c3ccccc3)cc2)ccnc2ccccc21,-7.8,1.4440911023684944,19_543
CC(C)(NC(=O)c1cccc(-c2ccc(F)c(Cl)c2)n1)c1nnc2ccccn12,-8.0,3.727059057790136,19_544
COc1cc(Nc2nc3cccc(-c4cccc5c4cnn5C)c3o2)cc(OC)c1OC,-7.3,3.539547756682173,19_545
COc1ccccc1CCn1cnc(-c2cc(-c3c[nH]nn3)ccn2)c1,-6.6,3.7214671905462877,19_546
O=C(Nc1ccccc1)Nc1ccc2c(c1)CCC2,-6.4,3.45177666562583,19_547
COC=CC=C(C)C(=O)Nc1ccccc1C=C1C(C)=CC=C1c1ccc(-c2cccc(F)c2)[nH]1,-7.7,3.294004459604861,19_548
O=C(Cc1ccccc1-c1cccc(C(=O)Nc2ccc(Cl)cc2)c1)Nc1ccccc1C(=O)Nc1ccccc1F,-8.9,3.1115819976934564,19_549
O=C(Nc1ccc(Oc2ccccc2)cc1)c1ccc2cc3ccccc3cc2c1S(=O)(=O)NCc1cccnc1,-8.9,3.1756786603041287,19_550
O=C(NC(=S)Nc1ccccc1N1CCCCC1)c1ccc2c(c1)OCO2,-6.8,3.601701121135818,19_551
Nc1ncc(-c2ccc(-c3ccc4cc[nH]c4c3)c(CC(=O)O)c2)cn1,-7.8,3.60584393116642,19_552
O=C1C=Cc2ccc(O)c(O)c2Oc2c(O)cc(O)cc2CCCCCCC[C@H](O)[C@@H](Cc2ccccc2)O1,-7.2,1.6471150596814037,19_553
CCN(CC)c1ccc(NC(=O)c2ccc3c(c2)C(=O)N(CC2CCCO2)C3=O)cc1,-6.4,3.6132127027310643,19_554
O=C(O)C(Cc1ccccc1)Nc1ccc(CCN2C(=O)c3cccc4cccc(c34)C2=O)cc1,-7.6,3.5261466977849327,19_555
Cc1cc(-c2[nH]nc3cc(NC(=O)NC(C)c4noc(C)n4)ncc23)ccn1,-7.6,3.4874804391914784,19_556
O=c1c2ccccc2nc(/C=C/c2cccnc2)n1-c1ccccc1S(=O)(=O)c1ccccc1,-7.6,3.533580881839552,19_557
COC=Cc1ccoc1CC=NC=NC(=Nc1cccc(N2CCN(C)CC2)c1)c1ccccc1C,-6.5,3.4350658609851754,19_558
O=C1NC(=O)C(c2ccccc2)(c2ccc(-c3ccc4ccccc4c3)[nH]c2=O)O1,-8.6,3.662186076354808,19_559
COc1cc2c(Oc3ccc(NC(=O)c4nc5ccccc5n(-c5ccccc5F)c4=O)cc3F)ccnc2cc1OCCCN1CCCC1,-6.9,3.035188956077577,19_560
CC(C)(C(=O)Nc1ccc(-c2ccccc2OC(F)(F)F)cn1)c1ccccc1F,-6.7,3.6564461454176524,19_561
CCOP(=O)(OCC)/C(C#N)=C/c1cccc(/C=C(C)/C=C/c2c(Cl)cccc2Cl)c1,-5.6,3.3438473509391216,19_562
Cc1ccc(-c2nn(-c3ccc(C)cc3)cc2C(=O)O)cc1,-7.6,3.725619592859579,19_563
N=CC=C1N=CC=C(c2cccc(-c3ccccc3OC(F)(F)F)c2)S1=CN=C1CCC2=CC=C=CN21,-8.2,3.2215056516523504,19_564
O=C(Nc1ccc(S(=O)(=O)Nc2ccccc2Br)c(Cl)c1)c1cccc(Oc2ccccc2)c1,-7.1,3.519147801312889,19_565
O=C/C=C/N(Cc1cc(C(F)(F)F)cc(C(F)(F)F)c1)c1ccccccccc1,-7.1,1.2212809700895404,19_566
O=S1(=O)N=CC2=C(C=CCc3ncn(-c4cccc(-c5cccc(F)c5F)c4)c32)c2ccccc21,-8.5,2.4100158752289382,19_567
O=C1C=CCCS(=O)(=O)Nc2cc(C(=O)O)ccc2Nc2cccc(-c3cccc([N+](=O)[O-])c3)c2C1,-7.7,1.1795346648548102,19_568
CCC(C)NC(=O)c1ccccc1NC(=O)c1cccc(S(=O)(=O)Nc2cccc(C)c2)c1,-7.1,3.6106695176024832,19_569
O=C(c1cc2ccccc2oc1=O)N(Cc1ccc2c(c1)OCO2)Cc1cccc2ccccc12,-8.5,3.438756062059877,19_570
O=C(O)c1ccccc1-c1ccccc1C(=O)Nc1ccc(C(F)(F)F)cc1,-7.3,3.675068096524817,19_571
CCOc1cc([CH]Nc2ccc(C(F)(F)F)cc2CO)ccc1OC[C@@H](O)CN1C(=O)c2ccccc2C1=O,-7.1,3.352765181459322,19_572
O=c1[nH]c(=O)n([C@@H]2O[C@H](CO)[C@@H](O)[C@H]2F)cc1/N=c1\scc(-c2ccc(F)cc2)n1-c1ccccc1,-7.5,3.376024919574674,19_573
CN(C)c1ccc(/C=C2\C(=O)Nc3ccc(F)cc32)cc1OCC(=O)Nc1cccc(C(F)(F)F)c1,-6.9,3.555084448889686,19_574
O=C(CN1c2cccc3cccc(c23)S1(=O)=O)Nc1ccccc1C(=O)NCc1ccco1,-7.9,3.6156261091320134,19_575
O=C1c2ccccc2C(=O)N1c1ccc(S(=O)(=O)Nc2cccc(C(F)(F)F)c2)cc1,-7.8,3.7001179547646466,19_576
CC[C@H]1C=CC2=C[C@](C)(/C=C/c3cccc(OC)c3)C=Cc3cc(ccc3=Cc3cc(C(=O)O)c(=O)oc32)=CC1,-8.5,1.105447419416885,19_577
O=C(c1c(-c2ccccc2)nc2c(Br)cccn12)N1C=CC=C(Br)C=C1,-7.8,2.6569469152769907,19_578
CNC(=O)C(C)(C)c1cc(-c2ccc(C(O)=NO)s2)ccc1C=O,-6.5,3.2558819181850582,19_579
COC(=O)c1ccc(-c2ccc(NC(=O)Nc3cccnc3Oc3ccc4cc(C)ccc4c3)cc2)cc1,-7.8,3.333580729203976,19_580
O=c1[nH]c(-c2nc(Cc3ccccc3)no2)nc2ccccc12,-7.7,3.6889553879765957,19_581
COCc1nsc(-c2cccc(-c3cccc(-c4ccccc4)c3)c2)n1,-7.6,3.5467479694316832,19_582
Cc1ccc(NC(=O)c2cc3ccccc3cc2O)cc1,-7.6,3.5744210866743,19_583
O=C1c2ccncc2C(=O)N1Cc1ccc(-c2ccccc2NS(=O)(=O)C(F)(F)F)cc1,-6.8,3.643968423954703,19_584
COC=CC=CC(OC=Cc1cccc(NC(=O)c2ccc3c(c2)OCCO3)c1)c1nc(C)nc2[nH]cnc12,-7.3,3.296999150194549,19_585
Cc1ccc(NC(=O)C=CN(N=CC2=CC=CCC=C2)c2ccc3c(C)cc(=O)oc3c2)cc1C,-7.8,2.408532071488785,19_586
O=C(Nc1ccc(OC2CCC(C(=O)O)CC2)cc1)c1ccc(-c2ccccc2F)o1,-7.3,3.6931511398567096,19_587
CC1CCC(c2cn(C)c3ccc(S(=O)(=O)c4cc(C(=O)N5CCOCC5)ccc4Cl)cc23)N1,-8.7,3.648984341941273,19_588
NS(=O)(=O)c1ccc(-n2cc(-c3ccccc3Sc3ccccc3C(=O)O)nn2)cc1,-7.5,3.569812373327972,19_589
O=C(Nc1ccc(C(F)(F)F)cc1)c1cc(Oc2ccccc2)[nH]n1,-7.2,3.733120711248976,19_590
O=C(Nc1cccc(-c2nc3ccccc3c(=O)n2-c2ccccc2)c1)c1ccc([N+](=O)[O-])cc1,-7.9,3.439117356153086,19_591
O=c1cc(-c2cccnc2)oc2cc(OC[C@H](O)c3cccc(Cl)c3Cl)ccc12,-7.1,3.6984908510376373,19_592
O=S1(=O)CC=C(c2nc(N3CCOCC3)c3ccccc3n2)C=CC=CCN1,-7.7,1.5111854189994451,19_593
O=C(COc1ccccc1C(=O)NCc1ccccc1)Nc1cccc(-c2cccc(OC(F)(F)F)c2)c1,-7.1,3.502159270783045,19_594
Cc1[nH]cnc1CSCC[C@@H](c1n[nH]c(=S)o1)c1c[nH]c2ccccc12,-7.4,3.489178000263347,19_595
CC=CC1=C(Oc2ccc(CN3CCN(C)CC3)cc2)c2cc(-c3cc(-c4cccc5ccccc45)ncn3)ccc21,-8.4,3.1381531358900436,19_597
Fc1ccc(-c2[nH]nc3ccc(-c4nnc(-c5ccccc5Cl)s4)cc23)cc1,-8.5,3.587915759645669,19_598
Cc1cc(-c2cccc(C(=O)NCCN3CCCCC3)c2)cc2c1C(=O)N([C@@H](C)C1CC1)C2,-7.1,3.449761479782556,19_599
O=C(Nc1ccc2c[nH]nc2c1)c1cccc(-c2ccc3ccccc3c2)c1,-7.6,3.436578803160823,19_600
CC(C)CN(Cc1cc(Cl)c2c(c1)OCCCO2)C(=O)C(C)CNCc1ccccc1F,-7.0,2.6480613443084744,19_601
N#Cc1ccccc1Cn1c(Cn2c(=O)c3ccccc3c3ccc(C(=O)Nc4ccccc4)cc32)nc2ccccc21,-8.3,3.3052706252011426,19_602
COc1ccccc1C1C(=O)NC(=O)C1=Nc1cccc(C(F)(F)F)c1,-7.2,3.7261823814856294,19_603
O=C(Nc1nncs1)N(Cc1nc(-c2ccc(Cl)cc2)cs1)c1ccccc1,-7.0,3.6675355873023254,19_604
O=C(N[C@@H]1CCCCNC1)c1ccccc1Nc1cc(-c2cccc(F)c2F)nc2ccccc12,-9.4,2.5676476845105416,19_605
CSCCC(C=O)=NC(=O)C1CCC(=Nc2nc3ccccc3nc2Nc2ccc(C)cc2C)C1C,-7.4,3.469933527093063,19_606
O=C(c1cccc(F)c1)N(Cc1nc(=O)c2c([nH]1)CCOC2)Cc1ccccc1OCc1ncccc1F,-7.4,3.5769163842108114,19_607
C=NC=CC=C[C@H](COC=CC=CC=O)CSCC(=O)N[C@@H]1C[C@H]1c1ccc(F)c(F)c1,-5.5,3.1314117195800626,19_608
Cc1ccc(NC(=O)N2CCC(c3cc4ccccc4cn3)CC2)cc1,-7.2,3.6214835543817774,19_609
O=C(O)c1cn(CCO)c2cc(N3CCN(c4ccc(N5C(=O)CCNC5=O)cc4)CC3)c(F)cc2c1=O,-8.1,3.345877244598869,19_610
O=C(/C=C/c1ccccc1)OC[C@@H](Cc1ccccc1)NC(=O)C(Cc1ccccc1)NC(=O)c1ccccc1,-6.4,3.2944251201802235,19_611
C[CH]C1CCCO[C@H](CN(C)Cc2ccc(Cl)c(Cl)c2)[C@H](C)CN([C@@H](C)CO)C(=O)c2cc(NC(=O)Nc3ccc(F)cc3)ccc2O1,-7.2,1.0872771768330214,19_612
Cc1cc(-c2[nH]nc3ccc(C(=O)N[C@@H]4CCCN(Cc5c(F)cccc5C#N)C4)cc23)ccn1,-8.0,3.6200640216143354,19_613
COc1ccc(-c2ccccc2NC(=O)C(N=CC2=CC=COC2)=C2C=CC=CC2=N)cc1,-8.0,3.4788791997078077,19_614
O=C(CS1=CNc2ncccc21)Nc1ccccc1Cl,-5.9,3.6327921985635,19_615
O=C(NCc1ccc(F)cc1)c1cccc(C(=O)Nc2cccc3ccccc23)c1,-8.1,3.576892959142751,19_616
O=C(NCc1ccccc1Cl)c1ccc(NC(=O)N2Cc3ccccc3C2)cc1,-6.7,3.658271456741834,19_617
O=c1cc(-c2ccccc2)oc2cc(Oc3ccc(-c4nc5ccccc5c5nc6ccccc6n45)cc3)ccc12,-9.2,3.2993600397248817,19_618
O=C1C=C(c2ccc(Cl)cc2)OC(c2ccc(OCc3ccccc3)cc2)C1c1cccc(Cl)c1,-8.5,3.3608955533853337,19_619
COc1ccc(CN[C@H]2CCCN(c3cc(C)nc4cc(C)nn34)C2)cc1,-6.8,3.7564974783867013,19_620
NC(=O)NC(=O)COC(=O)c1cccc2ccccc12,-6.6,3.599809771507813,19_621
O=C1CN=C(c2ccc(F)cc2)c2cc(Br)ccc2N1,-6.4,2.667419238612161,19_622
CC1[C](CCCNC(=O)c2ccccc2-c2ccccc2)CCN1c1nc2ccc(Cl)cc2s1,-7.0,3.4768721082428486,19_623
NS(=O)(=O)c1ccc(-c2cn(Cc3ccccc3-c3nnc(-c4ccccc4)o3)nn2)cc1,-7.7,3.4580880299008,19_624
O=c1oc2cc(Br)ccc2nc1Nc1cccc(-c2ccccc2)c1,-8.1,3.701822999920056,19_625
CN1Cc2cc(-c3ccc(-c4cccc5c(=O)cc(N6CCOCC6)oc45)cc3)ccc2C1=O,-8.2,3.522165021677601,19_626
O=C(Cc1cc(Nc2nccc(C(F)(F)F)n2)cc(-c2ccco2)c1)N1CCCCCC1,-7.9,2.767707253179031,19_627
O=c1[nH]c2ccc(S(=O)(=O)N3CCC(N4CCCC4)CC3)cc2c(=O)n1-c1cccc2ccccc12,-7.9,3.5718519366748387,19_628
c1ccc(Oc2ccc(Nc3ncnc4cc5c(cc34)OCCO5)cc2)cc1,-7.7,3.6691366636781657,19_629
CC(C)N(C(=O)C1CCNCC1C(=O)Nc1ccc(-c2ccccc2S(N)(=O)=O)cc1)c1ccccc1,-7.4,3.5508492241442555,19_631
O=c1c2ccccc2nc(-c2ccc([N+](=O)[O-])cc2)n1-c1cccc(O)c1,-7.4,3.585100493027028,19_632
CCC(CC)c1nnc2c(Nc3ccccc3)nc3ccccc3n12,-6.4,3.7136112420527256,19_633
CCN(c1ccccc1)c1nc(NC(=O)c2cc3ccccc3s2)nc(Nc2cc(F)cc(F)c2)n1,-8.2,3.391032997341189,19_634
O=C(Nc1ccc(Cl)cc1)Nc1cccc(-c2nc3c([N+](=O)[O-])ccnc3[nH]2)c1,-7.5,3.430853951829054,19_635
O=C(Nc1cccc(C(=O)Nc2nnc(-c3ccc(Br)cc3)o2)c1)c1cccc(F)c1,-7.3,3.6276763503858263,19_636
O=C(COC(=O)c1cccs1)Nc1nc2ccccc2s1,-6.1,3.709064806410712,19_637
O=C(Cn1nc2c3cc(F)ccc3ncn2c1=O)Nc1ccc(F)cc1,-7.3,3.6521951298886535,19_638
O=C(/C=C/c1ccc(Cl)cc1)Nc1ccc(-c2nc(N3CCOCC3)nc(N3C4CCC3COC4)n2)cc1,-5.7,3.343312735313309,19_639
O=C(Nc1cccc(Nc2ccc3c(c2)CCc2ccccc2C3=O)c1)c1ccc2ccccc2c1,-8.8,2.369973343960579,19_640
COc1ccc(-c2nc3ncccn3c2Nc2ccc3c(c2)OCCO3)cc1,-7.6,3.7055309104112943,19_641
C=CC(=O)Nc1cccc(Nc2nc(Nc3ccc(N4CCN(C)CC4)cc3)ncc2Cl)c1,-7.1,3.5421505256204284,19_642
O=C(Nc1ccc2c(c1)OCO2)C1CCC2=Nc3ccccc3CN21,-7.1,3.5826689993122938,19_643
[O-][N+]1=C2C(=CN(c3ccccc3)c3cc4cc5ccccc5cc4cc32)C=Nc2ccccc21,-8.9,2.043405324002636,19_644
O=C(NN=Cc1ccccc1O)c1cccc(Cl)c1,-6.2,3.567318594369297,19_645
O=C(Cc1ccccc1)Nc1cccc(-c2cccc(NC(=O)Nc3ccc(NC(=O)c4cc(F)c(F)c(F)c4F)cc3)c2)c1,-8.2,2.7942221362794157,19_646
O=C(CCn1c(O)c2c(c1O)C1C=CC2C1)N1CCN(C(=O)c2ccccc2Nc2ccccc2F)CC1,-7.5,3.311823330121392,19_647
O=C(c1ccc(NS(=O)(=O)c2cccc3scnc23)cc1)N1CCC(O)(c2ccccc2)CC1,-7.3,3.62312830136533,19_648
O=C(Nc1ccccc1C(=O)Nc1ccccc1)c1cccc(NC(=O)c2ccccc2F)c1,-8.4,3.5216063834025473,19_649
O=C(Nc1cccc(-c2cc(Nc3cccc(C(F)(F)F)c3)ncn2)c1)c1ccccc1,-7.9,3.64409824554827,19_650
O=C1c2cccc3c([N+](=O)[O-])ccc(c23)C(=O)N1c1cccc(CSc2nc3ccccc3n2CC(F)(F)F)c1,-7.0,3.0329821993960615,19_651
O=c1ccc(=O)c2c1ccc1c(=O)c3ccccc3c(=O)c12,-7.7,3.40698753331149,19_652
O=C(Nc1cc(-c2cccc(Nc3ccccc3)c2)ncn1)c1ccccc1,-8.1,3.6611828431030853,19_653
O=c1[nH]c2ncc(-c3ccc(O)cc3)c(-c3ccccc3)c2c2c1ncn2Cc1ccccc1,-7.4,3.430129107224136,19_654
O=C(N[C@@H]1C2CCN(CC2)[C@H]1Cc1cccnc1)c1ccc2ccccc2c1,-6.8,3.50268285456875,19_655
O=C(c1cc(-c2ccccc2)nc2ccccc12)N1CCN(Cc2ccc3c(c2)OCO3)CC1,-9.0,3.542707818101568,19_656
O=C1NC[C@H](c2c[nH]c3cc(F)ccc23)NC1c1c[nH]c2cc(Br)ccc12,-8.0,3.430851083052981,19_657
Cc1nc(N2CCOCC2)ncc1C(=O)N1CCN(c2ccc(-c3cccc(Cl)c3Cl)nc2)CC1,-7.1,3.5654013838439216,19_658
C=C(c1ccc(C)cc1)C1COC(c2cc(C)c3oc(=O)c(C(=O)OCC)cc3c2)OO1,-7.7,3.49003529880616,19_659
O=C(Nc1ccc(Oc2nc3ccccc3nc2Nc2ccc(F)cc2)cc1)c1ccccc1,-8.9,3.4939324461594587,19_660
C=COC=CC=COC,-3.3,1.684104001577702,19_661
O=C(CN(C(=O)c1cc2ccccc2o1)c1ccc2ccccc2c1)Nc1ccccc1C(=O)Nc1ccccc1,-7.7,3.2431187095385807,19_662
COc1ccc(OC)c(-c2cccc(-c3cccc(C(F)(F)F)c3)c2)c1,-7.2,3.5586766772663587,19_663
O=C(C=c1sc(-c2ccccc2F)nc1=Cc1ccccc1)N=CC=CC=CC1CNCN(c2ccccc2)C1=O,-7.7,3.4481708196329506,19_664
O=c1cc(-c2ccccc2)oc2cc(OCc3cc(-c4ccc(F)cc4Cl)no3)ccc12,-8.4,3.48846505992979,19_665
Cc1nc2ccccc2n1Cc1ccc(C(=O)N[C@@H]2CNCC[C@H]2c2cccc(F)c2)s1,-7.3,3.6612407905973954,19_666
O=c1c2c(O)cc(O)cc2ncn1-c1cccc(O)c1,-7.3,3.537990760545621,19_667
COc1ccc2c(c1)OCC(C1C=CC=C(c3ccccc3-c3nnn(C)n3)C=C1)C(=O)N2C,-8.6,2.6262637655868533,19_668
O=C(NNc1ccnc2cc(Cl)ccc12)c1ccncc1,-6.6,3.687191768603058,19_669
Cc1ccc(C2=NN(c3cccc(C=O)c3)C(c3ccccc3O)C2)cc1,-7.6,3.655598361872309,19_670
O=C(Nc1ccccc1-c1c[nH]c(=O)c(-c2cccc3ccccc23)c1)c1ccccc1,-7.4,3.4245212739218696,19_671
Oc1ccc2[nH]c3ncnc(N4CCc5ccccc5C4)c3c2c1,-7.4,3.6133739881857707,19_672
C=CC(=O)Nc1cc(-c2ccoc2)ccc1Nc1c2ccccc2nc2ccccc12,-7.9,3.3928183320193166,19_673
O=C(NCCc1nc2ccccc2n1CCOc1ccccc1)c1ccccc1,-7.2,3.6711850301192386,19_674
Cn1c(N2CCO[C@@H](c3cccc(Nc4ncccc4F)c3)C2)nc(-c2ccncc2F)cc1=O,-9.7,3.619328571253948,19_675
Cn1cc(-c2ccc3c(c2)OCO3)cc1Nc1ccc(C(=O)Nc2ccccc2C(=O)Nc2ccccc2)cc1,-8.7,3.2824818998914886,19_676
O=C(Nc1ccc(Nc2ccccc2-c2ccccc2)cn1)c1cc(F)ccc1Cl,-7.2,3.5953749141684717,19_677
O=C(Nc1ccc(-c2cccc(OC(F)(F)F)c2)cc1)N1C2C=C(c3ncc(-c4cccc5ccccc45)cc32)C12C(=O)Nc1ccccc12,-8.8,2.9275528932102497,19_678
O=c1oc2cc(-c3ccccc3)cc(O)c2cc1-c1ccccc1,-7.5,3.561518241125997,19_679
O=C(Cc1ccccc1Br)Nc1ccc(CC(N[C@@H](O[CH]COS(=O)(=O)O)n2c3ccccc3c3c4c(c5c6ccccc6[nH]c5c32)C(=O)N(c2ccccc2)C4=O)C(=O)O)cc1,-6.7,2.1187107204046116,19_680
O=C1NCc2c1c1c(c3c2c2ccccc2n3CCO)Cc2ccccc2-1,-7.7,3.5089828092014406,19_681
C/C=C(\C)C(=O)N1c2ccccc2[C@]2(C)C(=O)NC(=O)C(O)C12,-6.8,3.360006228227803,19_682
O=C1CC=CN=CCc2ccccc2C[C@@H](COC(=O)C(NC(=O)c2ccco2)c2ccccc2F)N1,-8.8,1.629380649939363,19_683
CC(C)=CCc1ccc(OC(C(=O)CO)c2ccc(-c3ccccc3)cc2)cc1O,-7.0,3.586565180623661,19_684
Cc1ccc(Nc2nnc(-c3ccccc3NC(=O)c3ccccc3F)o2)c(Cl)c1,-7.8,3.6439861313490853,19_685
Cc1ccc(S(=O)(=O)Nc2ccc3cc4ccccc4cc3c2S)cc1,-7.3,3.501266812531936,19_686
C[C@@H]1CN(Cc2ccccc2F)c2ccccc2[C@H](C)N1C(=O)Nc1cccnc1,-7.7,2.725954809866174,19_687
CCc1cc(=NC(=O)CN2Cc3ccccc3N=C2Nc2cccc(Cl)c2)occ1C,-7.8,3.7694059907593775,19_688
O=C(C1CCN(c2nc(-c3ccccc3)nc3c2CCC3)CC1)N1CCC2CCCCC2C1,-8.1,3.3139555496156925,19_689
O=C1C(=Cc2ccc(O)cc2)C[n+]2ccccc2N1Cc1cc2ccccc2nc1Oc1ccc(Cl)cc1,-8.4,3.3531411255574657,19_691
CCOc1ccccc1NC(=O)CSc1nnc(-c2ccncc2)n1Cc1ccco1,-6.6,3.5054837979332083,19_692
NOC(c1ccccc1)c1ccc2ccccc2c1,-6.6,3.4665550295928638,19_693
O=CC=CN([CH]O[CH]COP(=O)(O)OP(=O)(O)OC[CH]O[C@H]([C@@H](O)[S+])n1ccc(=O)[nH]c1=O)COC=CF,-5.7,2.157292031253117,19_694
COc1ccc(-n2c(=O)c3ccccc3n(Cc3cccc(F)c3F)c2=O)cc1,-7.8,3.67847247813575,19_695
O=C(Nc1cccc(Nc2ncnc3c2CCC3)c1)c1ccccc1C(F)(F)F,-7.8,3.733567163381045,19_696
O=C(Cc1ccc(NC(=O)C2CCCN(C(=O)C3CCC3)C2)cc1)Nc1cccc(C(=O)N2CCCCC2)c1,-7.3,3.3575739856851037,19_697
O=C1c2ccccc2-c2c1c1ccccc1c(=O)n2Cc1ccc2c(c1)OCO2,-8.0,3.522771430629172,19_698
O=C(Nc1ccc2ccccc2n1)c1ccccc1NS(=O)(=O)c1ccc(Nc2ccccc2-c2ccccc2)cc1,-7.4,3.21594775615811,19_699
Cc1cccnc1N=C(CS(=O)(=O)C1=CC=CC1)c1cccc(NC(=O)c2ccc3c(c2)OCCO3)c1,-8.1,3.5021134383661905,19_700
O=C1C(=O)N(C(=O)c2ccc(F)cc2)CCN1Cc1ccc(F)cc1,-6.9,3.5987100351148387,19_701
NC1(c2ccc(-c3nnc4n3-c3cccnc3Nc3ccccc3-4)cc2)CCC1,-7.9,2.574641020559034,19_702
CC(C)c1ccc(Nc2nnc(Sc3ccccc3C(=O)O)s2)cc1,-6.3,3.7117542789530433,19_703
O=C(Nc1ccc(-c2ccccc2)cn1)Nc1ccccc1C(=O)Nc1cccc2ccccc12,-8.6,3.377051013516641,19_704
O=C(NN=Cc1ccccc1F)c1cc(S(=O)(=O)N2CCOCC2)ccc1N1CCCCC1,-7.3,3.5212267948280442,19_705
COc1ccc(-c2noc(-c3ccc(-c4cccc(C(F)(F)F)c4)o3)n2)cc1,-7.3,3.6398575794243317,19_706
O=C1C=CC=CC(C(=O)NCC2C=CN=CC=CC(C(=O)N/N=C/c3ccccc3F)=CCc3ccc2cc3-c2ccc(-c3cccc(F)c3)cc2)Cc2csc(n2)N1,-8.8,1.0907859960706827,19_707
CC(C=CC=CC#N)C=CC=C(F)[CH][C@H]1CN(C(=O)c2cc3cccc(C(F)F)c3o2)C[C@@H]1CF,-6.9,3.335710169685994,19_708
COc1ccc(-c2cscc2-c2ccc(S(C)(=O)=O)cc2)cc1,-6.1,3.725196357878748,19_709
C=C(C)[C@@H]1CC[C@]2(C(=O)O)CC[C]3C[C]4CC[C@@H]5C[C@]4([CH]CC[C@@H]3C[C@@H]12)CC[C](C1=CC(=O)OC1)C5(C)C,-6.8,0.9862899045730291,19_710
O=C(Nc1cncc(OCc2ccc(Cl)cc2)n1)c1ccccc1,-7.0,3.8006719908532696,19_711
COC(=O)c1cccc(-c2cccc(-c3cccc(S(C)(=O)=O)c3)n2)c1,-7.7,3.6943813409624946,19_712
O=C(c1cccc(-c2noc(-c3ccc4c(c3)N3N[CH]C3[CH]C4)n2)c1)N1CCCCC1,-8.2,3.5451492515450767,19_713
CC(=O)N1CCN(C(=O)c2ccccc2Nc2ccccc2Cc2ccccc2)CC1,-8.3,3.7076539123332664,19_714
O=C(NN=C(c1ccccc1)c1ccccc1)Nc1ccccc1-c1ccccc1,-8.4,3.426151447073207,19_715
Cc1ccc2[nH]c(=O)c(CN(Cc3ccc4c(c3)OCO4)C(=O)c3ccco3)cc2c1,-8.1,3.7040998597174655,19_716
O=C(Cc1cccc(NC(=O)c2ccccc2Cl)c1)Nc1cccc(-c2cccc3ccccc23)c1,-8.3,3.2173165005092996,19_717
N=Nc1ccc(/C=C/c2nc3ccccc3n2C(=O)OCc2ccccc2)cc1,-7.7,3.6012395768592294,19_718
NC(Cc1ccc(O)cc1)C(=O)Nc1ccc(-c2cccc(-c3ccc(-c4cccc(Cl)c4)nc3)c2)cc1,-6.3,3.295136938201173,19_719
ClC=Cc1c[nH]c2c[n+](Cc3cccc(C[n+]4ccc5c(c4)[nH]c4ccccc45)c3)cc-2c1,-7.6,3.1336924574300733,19_720
O=c1oc2ccc3ccccc3c2cc1N(O)c1ccccc1,-7.5,3.478028360081836,19_721
C=C1CC[C@H]2C[C@@H]1C2(C)C,-3.6,2.2937050964686954,19_722
Cc1cccc(-c2cc(-c3ccccc3N=C3C=CC=CCC3)cc3ccccc23)c1,-9.5,2.069828216650704,19_723
CN=C1C(=O)C(c2cc3ccccc3n2C(=O)OCc2ccccc2)=CC1c1cccc(-c2ccccc2C(F)(F)F)c1,-7.3,3.268123713590968,19_724
O=C(Cc1ccc(N2C(=O)c3ccccc3C2=O)cc1)Nc1cccc(Cc2ccccc2)c1,-7.6,3.53979092635787,19_725
COC=C1C=CC(NC=C2C(=NCc3ccccc3)C=C3C2=Nc2ccccc2N3c2ccc(C)cc2C)=C1,-7.3,3.2759129960583913,19_726
CC(C)(C)n1cc(CN2CCOc3ccccc3C2c2ccccc2)cn1,-6.5,2.6556355650278203,19_727
CCC(c1ccc(F)cc1)N(N=CC1=CC(=COC)C1)c1nc(-c2ccc(-n3cccc3)cc2)cs1,-6.5,3.241853633516236,19_728
O=C(NCc1ccccc1-c1ccccc1-c1nn[nH]n1)c1cccc2cc(-c3ccc4ccccc4c3)ccc12,-9.7,3.252875611949367,19_729
O=C1c2ccccc2C(=O)N1CCO/C(=N\c1ccccc1F)SS/C(=N/c1ccccc1[N+](=O)[O-])OCCN1C(=O)c2ccccc2C1=O,-8.0,2.549048747360866,19_730
N[C@H]1CN(c2ccc(Nc3ccnc(-c4ccncc4)n3)cc2F)CCN1c1cccc(Cl)c1Cl,-7.4,3.565071165573525,19_731
Cc1ccc(-c2ccc3ncc(-c4nnco4)c(NCCCn4ccnc4)c3c2)cc1,-7.4,3.48634481657834,19_732
O=C(O)c1ccc(-c2cnc(N3CCOCC3)c3nc(CCc4ccc5ccccc5n4)cn23)cc1,-8.9,3.515990168951639,19_733
O=c1[nH]c(=O)n([C@H]2C[C@H](O)[C@@H](CO)O2)cc1-c1nc2ccccc2c2nc3ccccc3nc12,-8.5,3.1572913828388556,19_734
O=C(O)C=Cc1cc(-c2ccccc2)cc2ncn(-c3ccccc3)c12,-7.1,3.6184595320838904,19_735
Cc1ncccc1-c1nc(C=NC2=CC=CCC=C2)c(N)n1C[C@H]1CCCN(C(=O)c2cccn2C)C1,-8.0,2.561519423836904,19_736
O=C(c1ccc(-c2cccc(Cl)c2)o1)N1CCN(S(=O)(=O)c2cc(Br)ccc2-n2cc(Cl)cn2)CC1,-8.1,3.519194554571185,19_737
NC(=O)COC(=O)c1ccc2c(=O)n3c(nc2c1)CCCCC3,-7.0,2.6568037258851573,19_738
NC(=S)c1cccc(-c2cn(CC3(C(=O)O)CC3)c3ccc(C(=O)O)cc23)c1,-7.9,3.6051859615478055,19_739
Cc1c(C2CC=CC=C2OCCN)ccc(-c2ccc(-c3nc(=O)c4ccccc4[nH]3)cc2)c1F,-5.8,3.5809666265726143,19_740
Cc1cccnc1-c1cc(N2CCC(C(=O)NCCCN3CCC(C)CC3)CC2)ncc1Cl,-6.6,3.546237326798669,19_741
CC1N(C(=O)c2ccc3c(c2)OCO3)CCC12CCC(=O)c1cccc3cccc(c13)C2,-7.9,1.5751726295915711,19_742
c1ccc(-c2cccc(-c3ccccc3-c3nc4ccccc4[nH]3)c2)cc1,-7.8,3.2584293352496254,19_743
COc1cc2nc(N3CCN(C(=O)c4ccc(F)cc4)CC3=O)nc(Nc3cccc(-c4ccccc4C)c3)c2cc1OC,-8.3,3.3492842451696774,19_744
c1ccc2c(c1)Sc1cccnc1N2CCCCn1c2ccccc2c2ccccc21,-7.6,3.2956285858216487,19_745
O=C(Nc1ccccc1)C(Cc1ccco1)=NC(=O)c1ccccc1,-6.9,3.718431418325469,19_746
O=c1[nH]ccc2cc(-c3cccnc3)ccc12,-6.6,3.53362741488141,19_747
O=C(c1ccccc1)c1cccc(-c2cc(C(F)(F)F)ccc2CNc2ccc(-c3ccc(F)cc3F)c(Cl)c2)c1,-8.5,3.055829771897004,19_748
O=c1oc(=O)n(-c2cccc3ccccc23)c2c1ccc1ccccc12,-7.9,3.424115977616912,19_749
O=S(=O)(Nc1cccc(-c2ccc3c(c2)OCO3)c1)c1cc(Cl)cc(Cl)c1O,-8.0,3.709837217342465,19_750
ON=C(O)c1ccc(-c2cnc3c(Nc4ccnc(-c5cc(F)ccc5F)c4)cccc3c2)cc1,-8.0,3.1181314938895683,19_751
O=Cn1c(=O)c2cc(-c3cccc(C(=O)N4CCOCC4)c3)ccc2n1-c1c(Cl)cccc1Cl,-6.9,3.57773516906774,19_752
C=C1CN(c2nc3ccccc3n3cnnc23)CCN1C(CC=CC=CF)c1ncccn1,-7.2,3.540447024538402,19_753
CCCc1ccc2c(O)c(-c3cc(C)cc(C4(C)C=CC=CNS(=O)(=O)C5C=CC=COC54)c3C)ccc2c1,-7.3,1.279052020677507,19_754
O=C(c1cnccn1)N1CCC(n2cc(Cc3ccccc3)nn2)CC1,-6.2,3.732986647588133,19_755
O=C(O)CCCCC(c1ccccc1)c1ccc(NC(=O)c2cc3ccccc3s2)cc1,-7.1,3.419794416313365,19_756
COc1ccc(-c2cccc(-c3cccc(NC(=O)c4cccc(C)c4C)c3)n2)cc1,-7.8,3.5614649043198447,19_757
Fc1ccccc1Nc1nnc(-c2ccccc2)c2ccccc12,-8.3,3.639037434781865,19_758
COc1ccc(-c2csc(NC(=O)c3ccc(NC(=O)c4ccco4)cc3)n2)cc1,-6.2,3.635537762973111,19_759
NS(=O)(=O)c1ccc(-c2nc(-c3ccc4ccccc4c3)c(-c3ccccc3)[nH]2)cc1,-7.9,3.5319450001275983,19_760
Cc1c[nH]c(CN2CCCN(c3cc4ccccc4nc3Nc3ccc4ccccc4c3)C2=O)c1,-8.7,3.4322967868765515,19_761
CC=C1C=C(n2cc(-c3ccccc3)c3c(Nc4cccc(C)c4)ncnc32)C=C1C,-7.7,3.569069835349552,19_762
c1ccc2c(c1)c1ccccc1n2CCc1nn[nH]n1,-7.1,3.6957792386328356,19_763
O=C1c2ccccc2C(=O)c2c1ccc1c2ccc2ccccc21,-8.5,3.292842809133539,19_764
O=C1C=CC(=O)c2c1ccc1c2c(=O)[nH]c2ccccc21,-7.4,3.5467139254095423,19_765
O=C(NC1CC#Cc2ccccc2C#Cc2ccccc2CN1C(=O)C(c1ccccc1)c1ccccc1)C1CCOCC1,-8.6,1.3404823603108866,19_766
O=C(NNc1c2ccccc2nc2ccccc12)c1ccc(-c2ccc(Cl)c(Cl)c2)o1,-8.7,3.416059439615667,19_767
CC1CC12N(c1ccccc1)c1ccccc1CN2C1CCN(CC2Cn3c(=O)ccc4ccc(F)c2c43)C1,-8.2,3.179332716119263,19_768
O=C(Nc1ccc2c(c1)oc1ccccc12)c1ccccc1Sc1cc(F)ccc1-n1cncn1,-7.6,3.514065449605342,19_769
Nc1nnc(-c2cccc(Nc3ccccc3)c2)s1,-6.6,3.6928574317981786,19_770
CC=C1C=C(C)C(=Nc2ccccc2C(=O)Nc2ccc(-c3nc4ccccc4o3)cc2)C1C,-7.6,3.5626161768817957,19_771
N=C1c2ccccc2C(c2ccccc2)C1C(=Nc1cccc(N)c1)c1ccccc1,-8.6,3.4043994640425588,19_772
Oc1ccccc1-c1nc2cc(-c3nc4ccccc4[nH]3)ccc2[nH]1,-8.5,3.47586282239855,19_773
O=C(c1c(Cc2ccccc2)n(-c2ccccc2)c2ccccc12)N1CCNCC1,-7.35,3.622894186181309,19_774
O=C(Nc1ccccc1)c1ccc(-c2cc(C(=O)Nc3ccccc3)no2)cc1,-6.9,3.681432772562394,19_775
[CH][C@@H](C)C(CSC(=S)N1CCc2ccccc2C1)C(=NC(=O)[CH][C@@H](C)O)C(=O)O,-6.9,3.5346457088387764,19_776
O=C(N/N=C/c1cccc(Oc2no[n+]([O-])c2S(=O)(=O)c2ccccc2)c1)c1ccccc1N1c2ccccc2-c2nnc(-c3ccccc3Cl)n2-c2ccccc21,-8.0,1.6834241346835395,19_777
O=C1c2ccccc2C(=O)N1CC(CNc1cccc(C(F)(F)F)c1)c1ccccc1,-8.0,3.6576332763197605,19_778
O=C(Nc1ccccc1N1CCNCC1)c1csc(N2CCc3ccccc3C2)n1,-7.7,3.653347292221615,19_779
CC(C(=O)O)c1ccc(NS(=O)(=O)c2ccccc2)cc1-c1ccccc1,-6.9,3.699023822820152,19_780
O=C1c2ccccc2C(=O)N1Cc1nc2ccccc2n1Cc1ccccc1Cl,-7.4,3.5991865266716587,19_781
C=CCSc1nc2nc(C)cc(Nc3ccc(-c4ccc(C#N)cc4)cc3)n2n1,-6.4,3.567494820880074,19_782
O=C(NCc1ccccc1)c1cccc2c1CCC(=O)N2c1ccc(C(F)(F)F)cc1,-7.9,3.6681656909015654,19_783
OC(c1ccn(-c2ccccc2)n1)c1cc(-c2ccc(Cl)cc2)nc2ccccc12,-8.4,3.543166504046277,19_784
O=C(CCSc1ccccc1)Nc1cccc(C(=O)N2CCOCC2)c1,-6.5,3.7374368384967447,19_785
O=C1c2ccccc2N[C@H](c2ccccc2F)N1c1nc2ccccc2s1,-7.4,3.635243720750325,19_786
Fc1ccc(-c2cc(Cn3cnccc3=S)cc3cc(-c4ccccc4)nn23)cc1,-8.9,3.434544970632154,19_787
O=C(Nc1cccc(-c2ccc3c(NC(=O)C4CC4)[nH]nc3c2)c1)c1ccccc1,-7.3,3.570846359632477,19_788
O=C1C=C(Cc2cc(C3CCC3)ccc2Nc2ccc(C(F)(F)F)cc2)C(=O)N1,-7.3,3.6012384772808863,19_789
N=CNC(=CN=CN1CCCCCC1)c1cccc(-c2ccccc2C(F)(F)F)c1F,-7.0,2.4560982078109124,19_790
O=C1N=C(Nc2ccccc2)[C@H](c2ccc(F)cc2)N1c1cccc(-c2ccccc2)c1,-8.6,3.440429285937812,19_791
CC=Cc1cc2cnc(Nc3ccc(-c4ccc5nccn5c4)cc3)nc2cc1-c1ccccc1,-7.2,3.3576664263876785,19_792
O=C(Nc1cccc2ccc(O)cc12)N[C@@H](c1ccccc1)C1(O)CCCC1,-7.5,3.5511303479677583,19_793
Oc1ccc2ccc(-c3ccc4c(c3)OCCO4)cc2c1-c1ccc(F)cc1F,-7.9,3.5664269841066867,19_794
O=Cc1c(O)cccc1Sc1ccc(-c2ccccc2)c(O)c1,-6.5,3.677372101530123,19_795
OC1(c2ccc(Nc3nc(-c4ccco4)ncc3C=CC(Cl)C=S)cc2)CCCCC1,-7.1,3.519189980156893,19_796
O=C(c1cccc(-c2ccccc2)c1)C1CCCN1C(=O)CCc1ccccc1O,-6.3,3.641659736928545,19_797
O=C(c1cccc2c(O)cccc12)N1CCCCC1,-6.3,3.5627966822708386,19_798
CC=C1C(=O)Nc2cc(Nc3nc4ccccc4s3)ccc21,-6.4,3.6355828186043633,19_799
Nc1nc(=O)c2ncn(/C=C/c3ccc4ccccc4c3)c2[nH]1,-8.2,3.647059868292968,19_800
Cc1c(-c2cccc(C(F)(F)F)c2)cccc1C1CC=CC=NC(=O)CC=Cn2ccnc2C1,-8.8,1.3844562419753554,19_801
C#Cc1cccc(Nc2ncnc3ccc(-c4cccc(NC(=O)Nc5cccc(F)c5)c4)cc23)c1,-8.6,3.350321574622949,19_802
O=C(Cn1cc(C(=O)C2CC2)c2ccccc21)NCc1ccccc1,-7.0,3.6812362783507933,19_803
O=C(Cn1c(=O)oc2ccccc21)Nc1ccccc1N1CCN(C(=O)c2ccco2)CC1,-7.5,3.655882857472305,19_804
COc1ccccc1Oc1c(NS(=O)(=O)c2ccc(C)cn2)nc(-c2cccc(C(=O)N(C)C)c2)nc1OCCO,-8.6,3.2372818751053263,19_805
O=C1C(=Nc2ccncc2)C(C(=O)NC2CC2)C(=O)c2ccccc21,-6.6,3.6491816975577684,19_806
O=C(NCCCN1CCCC1)c1ccccc1Nc1ccc2c(C=Cc3ccccn3)[nH]nc2c1,-6.3,3.435833454631718,19_807
O=C(N/N=C/c1ccc(-c2cc3ccccc3oc2=O)cc1)Nc1ccc2ccccc2c1,-8.1,3.350938026566057,19_808
O=C(c1ccc2c(=O)n3c(nc2c1)CCCCC3)N1CCOCC1,-7.8,2.6039501134034606,19_809
NC(=O)C=C1C=C(N=Nc2c(O)n(CN3CCN(Cc4ccccc4)CC3)c3ccc(Cl)cc23)c2ccccc21,-7.0,3.252688338302457,19_810
CNC[C@H]1Cc2ccccc2[C@@H](c2ccc(F)c(Cl)c2)C1,-7.3,3.4840017152866047,19_811
O=C(O)c1ccccc1-n1c(=O)n(-c2ccccc2)c2ccccc21,-6.9,3.728915936188947,19_812
O=c1c2ccc(Cn3ccnc3)cc2oc2cc(Oc3cccc(Br)c3)ccc12,-7.2,3.4733202318075747,19_813
NS(=O)(=O)c1cccc(C(=O)N2CC(=O)Nc3ccccc32)c1,-7.7,3.5946270666830884,19_814
O=C(C=Cc1ccccc1)Nc1cccc(NC(=O)c2ccccc2[N+](=O)[O-])c1,-6.7,3.5627430497503187,19_815
COc1ccc(-n2nnnc2SC)cc1,-4.9,3.4603813662090217,19_816
NC(=O)c1ccc2c(c1)nc(NCc1ccccc1Cl)n2-c1cccc2ccccc12,-8.6,3.528308126657095,19_817
CN1C(=O)N(c2cccc(C(F)(F)F)c2)C2=C(C(=O)CC2)C1c1ccc(C#N)cc1C(=O)NCCNc1cccnc1,-7.6,3.391174467197656,19_818
O=C(CC12CC3CC(CC(C3)C1)C2)NCC1CCCN(C(=O)c2c[nH]cn2)C1,-6.5,3.270229779852718,19_819
O=C(O)c1cn(Cc2cccc(C(F)(F)F)c2)c2cccc(F)c2c1=O,-6.8,3.701761863633214,19_820
CCC(CC)CN1CCC(O)(c2ccc3[nH]c(=O)cc(-c4cccc(F)c4F)c3c2)CC1,-7.5,3.6591591561201344,19_821
O=C(Nc1ccccc1N1CCN(c2ccccc2F)CC1)c1cc(-c2ccccc2)nc2ccccc12,-8.1,3.4362376569063833,19_822
C#CCN(Cc1ccc2[nH]c(C)nc(=O)c2c1)c1ccc(C(=O)NC(Cc2c[nH]c3ccccc23)C(=O)O)cc1,-7.5,3.163155532284371,19_823
CC(C)n1cc(-c2ccc(-c3c4c(nn3C)CCc3cnc(Nc5cnn(C)c5)nc3-4)cc2)cn1,-7.2,3.4569082500363066,19_824
Cc1cc(C(=O)Nc2cccc(-n3cc(-c4cccc(N)c4)nn3)c2)c2ccccc2n1,-8.0,3.487895842582012,19_825
O=C(Nc1cc(C(F)(F)F)cc(C(F)(F)F)c1)c1cc(-c2ccccc2)nc2ccccc12,-8.4,3.462169761174984,19_826
N[C@H]1CN(c2cc(Nc3nccc4c3ncn4-c3c(F)cccc3F)ncn2)CC[C@H]1F,-7.2,3.55826494546516,19_827
O[C@H](COc1ccc(F)cc1)CN1CCN(c2ccc(F)cc2)CC1,-6.8,3.7622375942112694,19_828
O=C(NCc1ncccc1F)c1coc(C2CN(Cc3cc4ccccc4o3)c3ccc(F)cc32)n1,-7.8,3.5401952447294533,19_829
NC(=O)c1ccccc1NC(=O)CCCNS(=O)(=O)c1ccc2ccccc2c1,-7.5,3.5504002367556584,19_830
C1=CC=C(C2Cc3ccccc3C=CN2)Oc2ccc3ccccc3c2CN=C1,-9.0,1.3084284127738863,19_831
CCCC(NC(=O)C(Cc1ccc(F)cc1)NC(=O)CCCN)C(=O)Nc1cccc(-c2n[nH]c(N)n2)c1,-7.4,3.1189153254894286,19_832
Cc1ccc(CNC(=O)c2ccccc2OCC(=O)Nc2ccccc2C)cc1,-7.0,3.6860612536766553,19_833
COc1ccc(/C=C/C(=O)c2ccc(C(=O)/C=C/c3cccc4ccccc34)cc2)cc1,-7.0,3.2544995652155606,19_834
O=C(Nc1cccc(-c2ccc3c(c2)OCO3)c1)c1ccc2ccccc2n1,-7.5,3.658943519861846,19_835
Cc1ccc2c(ccc(=O)c3ccccc32)c1C(N=CCc1ccccc1-c1cccc(C(=O)N(C)C)c1)c1cc(Cl)ccc1Cl,-9.3,2.076503113724523,19_836
CC(=O)c1ccc(N2C(=O)C(CCCc3ccccc3)[C@H]2c2ccc(CO)cc2)cc1,-8.0,3.5349734789842207,19_837
O=C1CC(C(=O)Nc2ccc(-c3ccc(C(F)(F)F)cc3-c3ccc(F)s3)cc2)CN1,-8.2,3.612429887682655,19_838
COc1cc(-n2cc(C)c3c2CCCN2CCCC32)ccc1OCc1ccccc1,-7.6,2.5528584046509444,19_839
O=C(CCN1CCCCC1)Nc1cccc(Nc2ccc3c(C=Cc4ccccc4)[nH]nc3c2)c1,-6.6,3.4500918665660105,19_840
O=C(NC[C@@H]1CCCN2CCCC[C@H]12)Nc1cccc2ccccc12,-6.8,3.5369926625597294,19_841
NS(=O)(=O)OC1CCCCC1OC#Cc1cccc2ccccc12,-6.2,3.7459986632613145,19_842
CCN(CCC(=O)c1nc2nc(-c3ccccc3)cc(SCCO)n2n1)c1nc2ccccc2n2cccc12,-6.8,3.0980884670716478,19_843
NC(=O)c1cccc(-c2ccc(NC(=O)c3cc4cc(Oc5ccccc5)ccc4[nH]3)cc2)c1,-7.8,3.386066361239622,19_844
C[C]1CC[N+](C[CH]OC(=O)Nc2cccc3ccccc23)CCCCCCC2CC[N+]2(c2ccc(Cl)cc2Cl)Cc2cccc(c2)-c2cc3nc4ccc(O)cc4cc3cc21,-7.6,1.2506613251018797,19_845
O=C(NCCN1CCOCC1)c1cc2ccc(-c3ccc4c(c3)CCO4)cc2n1Cc1ccccc1F,-8.2,3.543799653494366,19_846
C[C@@]12C(=O)N(Cc3ccco3)CC(=O)N1[C@H]1c3cc(Cl)ccc3OC[C@@H]1[C@@H]2c1ccccc1,-7.0,3.4967117325374355,19_847
Cc1cc(NC(=O)N(C)c2ccc3ncccc3c2CCO)no1,-6.7,3.742914591677083,19_848
COC=Cc1cc(NC(=O)c2cc(NC(=O)c3c4ccccc4cc4ccccc34)ccc2C)c2ccccc2n1,-8.3,3.183144922802844,19_849
O=C1N=C(Nc2ccc(N3CCOCC3)c(F)c2)S/C1=C/c1ccccc1F,-6.9,3.6358217813520186,19_850
CNc1cc(-c2ccc(-c3ccc(-n4cc(CF)nn4)cc3)cc2)c2cc(-c3ccccc3)ccc2n1,-6.5,3.4304980835442462,19_851
CC(=O)NCC(=O)NC(C)c1nnc(-c2ccc(F)cc2Cl)o1,-6.6,3.6744871511283757,19_853
Cc1ccc(S(=O)(=O)Nc2cccc3ccc(O)cc23)cc1,-6.7,3.7105804399855042,19_854
NC(=O)CN[C@H]1CCCN(Cc2ccoc2)C1,-5.4,3.4711913114762405,19_855
CCN(Cc1cccc(-c2ccc(CNCCc3ccccc3)cc2)c1)c1cccc(-c2ccc3ccccc3c2)c1,-6.5,2.850937741234,19_856
O=C(Nc1cc(Cl)ccc1C(=O)O)C1=NC2=C(CC1)C(c1c[nH]c3ccccc13)COC2,-7.8,3.5674012913755364,19_857
Cc1ccccc1C(C=NCc1ccccc1-c1ccccc1Cl)c1cccc(Oc2cccc(-c3ccncc3)c2Br)c1CC=O,-6.3,2.8477561479741786,19_858
C=CC(=CN=CCc1cc(Cl)ccc1C)C(=NCCc1ccccc1)c1nc(C(N)=O)cc2ccccc12,-7.4,3.3678149810005715,19_859
[O-][s+]1c2ccccc2c2cc(-c3ccccc3)ccc21,-6.9,3.2120758709153483,19_860
O=C(Nc1cc(Cl)ccc1N1CCOCC1)c1cccc2ccccc12,-8.0,3.704730129800011,19_861
COC=C1C=C(S(=O)(=O)N(Cc2ccccc2)c2c(C(O)=NO)cnc3cc(-c4ccccc4)ccc23)C=C1OCc1ccccc1,-7.6,2.6663180507976616,19_862
O=C(N/N=C/c1ccc2c(c1)OCO2)c1ccc2ncccc2c1,-6.9,3.6703548871588927,19_863
Cc1cc(CN2C[C@@H]3CN(C(=O)c4ccccc4)C[C@@]3(C(=O)O)C2)ccc1F,-7.6,3.6698530453513545,19_864
CCc1ccc(NC(=O)c2ccc3cc(NC(=O)NC4=CC(=COC)C=C4)ccc3c2)cc1,-6.0,3.5123073330388332,19_865
O=C1N=C(c2ccccc2)N[C@@]12CC[C@@H]1CN(Cc3ccco3)C[C@@H]12,-7.4,3.572560269591369,19_866
O=C(O)CCc1ccc(S(=O)(=O)Nc2ccc(Cl)cc2C(=O)c2cccc([N+](=O)[O-])c2)cc1,-7.1,3.3572095978910372,19_867
O=Cc1oc2cc(-c3cccc(-c4cccc(OC(F)(F)F)c4)c3O)ccc2c1-c1cccs1,-6.9,3.34181649612606,19_868
O=C1C=C(n2c3ccccc3c3ccccc32)c2ccccc21,-8.3,3.371736171622884,19_869
O=C(NCC(C1=CC=CC1)N1C(=O)c2ccccc2C1=O)c1c2ccccc2nc2ccccc12,-8.7,3.4642421346909735,19_870
CCn1c(-c2cccc(-c3ccc(-c4nc5cc(C(=O)O)ccc5n4-c4cccc(C(F)(F)F)c4)cc3)c2)nc2ccccc21,-8.1,3.2564181428288506,19_871
O=C1CCCC(=O)c2ccccc2C(c2ccc(Cl)cc2Cl)c2ccc(Cl)cc2OCC1=O,-6.6,1.3069125485145023,19_872
O=C(c1cccc(Cl)c1Cl)N1CCN(c2cccc3[nH]c(-c4ccc(C(F)(F)F)cc4)nc23)CC1,-7.7,3.55906440882287,19_873
O=C(OCc1ccccc1)N1CCC(c2nc(-c3ccc(F)c(-c4cccc(C(=O)N5CCOCC5)c4)c3)cs2)CC1,-7.8,3.369909552362071,19_874
O=C(Nc1ccc(-c2nncn2-c2cccnc2Nc2ccccc2F)cc1)c1ccccc1-c1ccccc1,-8.1,3.369195673003391,19_875
COc1ccnc(Nc2cccc(NC(=O)Nc3ccc4ccccc4c3)c2)n1,-8.6,3.6068765487688896,19_876
O=C(CSc1nnc(-c2cccnc2)o1)Nc1ccccc1-c1ccccc1,-6.5,3.6576593946996567,19_877
N#Cc1ccc(Br)cc1-c1nc2ccncc2[nH]1,-6.4,3.672141418195331,19_878
O=C1NC(=O)C2(CCC(=O)N2c2ccc(-c3ccc(F)cc3F)cc2)C(=O)N1,-7.8,3.5509767625633355,19_879
O=C(Cn1cc(COc2ccc3c(c2)CCC3)nn1)Nc1ccccc1-c1ccccc1,-7.5,3.655140377481032,19_880
Cc1ccc(C(=O)N2CC[C@](C)(O)[C@H](Cc3ccccc3)C2)c(C)c1O,-6.6,3.681377181117873,19_881
O=C(CN(c1ccc2c(c1)OCO2)S(=O)(=O)c1ccccc1)c1ccc(F)cc1,-7.7,3.6644567419849103,19_882
C=C1C(=O)[C]2C[C@H]1CC[C@H]2[C@]1(CCC=C(C)C)C(=O)C(OC)=C(C)C1c1ccc(O)cc1,-6.2,3.292155546307347,19_883
O=Cc1ccccc1N=C(Nc1ccccc1)SCCO,-5.4,3.5574868034672376,19_884
CCCc1cc(C(=O)Nc2ccccc2C(=O)Nc2ccc(F)cc2)nn1-c1ccccc1,-7.5,3.615260700455685,19_885
O=C(Cn1c(=O)n(-c2ccc(F)c(F)c2)c(=O)c2sccc21)Nc1ccccc1,-7.2,3.708651525484269,19_886
O=C1NC(=O)/C(=C/c2ccc(OCCc3ccccc3)cc2)S1,-6.2,3.7351867562873653,19_887
COc1ccc(C(=O)Cc2nnc(-c3ccc4c(c3)OCCO4)o2)cc1,-7.3,3.6657064327353535,19_888
O=C(COc1cccc2[nH]cc(Sc3ccccc3)c12)NS(=O)(=O)c1cccc(F)c1,-7.7,3.623319508024319,19_889
O=C(CNS(=O)(=O)c1cccc2ccccc12)N1CCN(c2ccccc2CNCCc2cccs2)CC1,-7.1,3.4452924214905236,19_890
C#CC(O)/C=C/CCCCCCCC/C=C\CCCCCCCC,-4.6,1.3551516172475484,19_891
O=C(N[C@@H]1c2ccccc2C[C@@H]1O)c1cccc(Cc2n[nH]c(=O)c3c2CCCC3)c1,-8.5,3.561946869098704,19_892
O=C(CN1CCN(c2ccc(C(F)(F)F)cc2Nc2ccc(F)cc2)CC1)Nc1ccc(CO)c(-c2cccc(O)c2)c1,-7.5,3.2349227969562917,19_893
N#Cc1c(-c2ccc3ccccc3c2)c2ccc3ccccc3c2n1CCCC(C(=O)Nc1ccccc1)(c1ccccc1)c1ccccc1,-8.8,2.9658460215172435,19_894
O=C(Nc1cc(C(F)(F)F)cc(C(F)(F)F)c1)c1c[nH]c2ccccc2c1=O,-7.9,3.5553473140109597,19_895
Fc1ccc(C2=NN(c3ccccc3)[C@H](c3cccc(-c4ccc5c(c4)OCO5)c3)C2)cc1,-9.1,3.4162020829074455,19_896
O=C(N=CC1=CC(=Nc2ncnc3cnc(NCc4cccc(O)c4)nc23)CC1)c1ccc(F)cc1,-7.7,3.4479570175625893,19_897
O=C1CC(=Nc2cccc(Cl)c2Cl)c2ccccc2C1=O,-6.4,3.5614210492020977,19_898
Cc1cc(Nc2cccc3ccccc23)nc(Nc2ccccc2)n1,-7.7,3.6355750581969626,19_899
O=C(NCCc1ccccc1C(F)(F)F)N1c2ccccc2Oc2ccccc21,-7.6,3.652818474015974,19_900
CC=C1C=CC(Oc2nc3ccccc3cc2C2c3c(c4ccccc4oc3=O)OC(=N)C2C#N)=C1C,-8.4,3.3848366878289298,19_901
COc1ccc(/C=N/NC(=S)Nc2ccc(C(=O)NCC(c3ccco3)N3CCCC3)cc2)cc1,-6.1,3.3609392060795367,19_902
O=C(NC(c1ccncc1)c1ccc(F)cc1)C1CC[C@@H]2CN1C(=O)N2OS(=O)(=O)O,-7.0,3.4388858429363003,19_903
O=C(Nc1ccccc1N1CCCCC1)c1ccc2cnccc2c1,-7.3,3.7156640244233152,19_904
CC1=N[N+]=C(c2cccc(Br)c2)N1c1cccc(C)c1,-6.0,3.629874362396872,19_905
O=C(O)CCCCCCc1ccc(-c2ccccc2)o1,-5.7,3.5396717350183193,19_906
COc1cccc(Nc2nccc(-c3cccc(NC(=O)C4CC4)c3)n2)c1,-6.9,3.7157672670637147,19_907
C#CCSc1nncc2cncn12,-4.2,3.326397659791582,19_908
O=C(C1=CC=C(Cc2c(Cl)cccc2Cl)C(C(=O)N(CCN2CCOCC2)c2cccc(C(F)(F)F)c2)C1c1ccccc1[N+](=O)[O-])C1CC1,-7.1,2.9003245629377084,19_909
Nc1ccccc1-c1cc2ccccc2c2ccccc12,-7.4,3.1621005282911443,19_910
CC=C1C(=O)Oc2cc(Oc3nc(Nc4cccc(C(=O)N[C@@H]5CCCNC5)c4)ncc3F)ccc21,-7.7,3.242319103020599,19_911
CN=CC(c1ccc2ccccc2n1)c1cc(-c2ccccc2)ccc1C,-6.7,3.3777962644884,19_912
O=C(NCCCn1ccnc1)c1cccc(S(=O)(=O)N2CCN(c3ccc(F)cc3)CC2)c1,-6.6,3.6475762688003233,19_913
O=C1C(=O)N(Cc2ccc(-c3cccc(Cl)c3)cc2)c2c(Cl)cccc21,-7.1,3.5497095148580975,19_914
O=C(Nc1ccc(C(=O)N2CCN(Cc3ccccc3F)CC2)cc1)c1cc2ccccc2o1,-7.4,3.6669431679850426,19_915
O=C(Nc1ccc(-c2ccnc(-c3ccccc3)c2)cc1)c1cc2ccccc2oc1=O,-7.8,3.5111622791918755,19_916
O=C1c2ccccc2-c2cc3ccccc3c(=O)n21,-7.3,3.4860313076838785,19_917
NC(=O)c1ccc2[nH]c(-c3ccc(C(=O)c4ccc5c(c4)OCO5)cc3)nc2c1,-7.9,3.620533936854366,19_918
CCC=C1C(=CC2=CC(=NC(=O)CCCNC(=O)COCc3ccccc3)C=C2)CC=C1OCCN(C(C)C)C(C)C,-5.7,3.1624283576637686,19_919
COc1ncccc1-c1ccc(C=O)c([C@@H](O[CH]COC(C)=O)n2cc(-c3cccc(C(F)(F)F)c3)c3ccccc32)c1,-8.1,3.034658052361477,19_920
O=C(Nc1ccc(C(=O)Nc2nc(-c3ccc(F)cc3)cs2)cc1)c1ccc2ccccc2c1,-7.1,3.4984717044042952,19_921
O=C(Nc1cccc(Oc2ccccc2)c1)Nc1ccc2c(cnn2CC2=CC=CCC2)c1,-7.7,3.570941433620169,19_922
COc1cc(C)c(-c2ccc3c(c2)C(C)(C)CCS3)cc1C(=O)Nc1cc(CC(=O)O)cc(C(F)(F)F)c1,-8.2,3.5627198841386676,19_923
COC=CC=C(CCl)CCNC(=O)Cn1c(=O)n(-c2cccc(OC)c2)c(=O)c2ccccc21,-6.8,3.45103092487025,19_924
CNC(=O)N(C)C(=O)c1ccc(C)c(Cc2ccc(-c3cccc(C(F)(F)F)c3)o2)c1,-7.6,3.7278964587447887,19_925
CN(Cc1ccc(NC(=O)c2cccc(C(F)(F)F)n2)cc1)Cc1c(F)cccc1-c1ccccc1,-6.5,3.487010762092994,19_926
O=C(c1cccc(Oc2ccccc2)c1)N1CCC[C@H]1c1nc(-c2cccc(F)c2)no1,-8.0,3.6252317950535833,19_927
CC1C=C(c2ccc3ccccc3c2)C=Cc2oc(=O)ccc2C1,-8.5,1.5997178565934815,19_928
O=c1oc2ccccc2c2c1nnn2-c1cccc(/C=C/c2cccc([N+](=O)[O-])c2)c1,-7.7,3.2189749143031747,19_929
O=c1c2[se]c3ccccc3c2ncn1-c1cc(C(F)(F)F)ccc1Cl,-7.3,3.4963863012005136,19_930
O=C(Nc1nccs1)c1ccc(Nc2nc(-c3ccccc3)nc3c2cnn3-c2ccccc2)cc1,-8.7,3.4157741799222494,19_931
Cc1cc(Nc2c3ccccc3nc3ccccc23)cc(-c2ccc3c(c2)OCO3)c1O,-8.4,3.354369060037043,19_932
COc1ccc(-c2cc(-c3ccc4c(ccc5ccccc54)c3)nc3cc(OC)c(OC)cc23)cc1,-7.6,3.265518603183934,19_935
O=C1c2ccccc2C(=O)c2ccccc21,-6.1,3.3344365607219024,19_936
O=C(c1ccc(OCc2ccccc2)cc1)N1CC(c2nc(-c3ccncc3)no2)C1,-6.9,3.6405777185930797,19_937
C=c1ccc(OC)cc1=CC=NC=CC#Cc1csc(C)n1,-5.4,3.561211256883227,19_938
O=C(O)c1ccc(-c2ccc3cc(-c4ccc(CO)cc4)ccc3c2-c2ccc(F)cc2)cc1,-7.2,3.2466286118697134,19_939
COC=C1C=CC(COC=C2C=CC(CNC(c3cc4ccc5ccccc5c4[nH]3)c3ccccc3CO)=C2)=C1,-7.1,3.1582367193476886,19_940
O=C(Nc1ccc(-n2cc(Br)cn2)cc1)c1ccccc1O,-6.5,3.7540996351994806,19_941
Cc1ccccc1CN(c1ccccc1)c1ccccc1,-6.1,3.2600571851677618,19_942
O=C(c1ccc2c(c1)c1ccccc1n2Cc1cccc(F)c1)N1CCCCC1,-8.0,3.4677490902509085,19_943
COC1=CCC(=C2C=CC(c3cccc(NC(=O)C(C)Nc4c(C)cccc4SC)c3)=S2C)C1,-6.9,3.395024233660811,19_944
O=C(Nc1nnc(-c2ccc(Br)cc2)o1)c1ccc([N+](=O)[O-])cc1,-6.8,3.6063617740079157,19_945
O=S(=O)(Nc1cccc(C(F)(F)F)c1)c1cccc(Cn2cccn2)c1,-6.8,3.752932070763443,19_946
Cc1cccc2c1N(CC(O)CN1CCCCC1)c1ccccc1S2,-6.6,3.631635428576597,19_947
O=C1OC2(CCC(C(=O)Nc3cnc(-c4ccccc4)cn3)CC2)c2ccccc21,-7.6,3.6194878911505906,19_948
CC(C)(c1cc(-c2cccc(OC(F)(F)F)c2)cnc1Nc1ccccc1Cl)C1CCCCC1,-7.7,3.5031208863120082,19_949
COc1cc(NC(=O)CNC(=O)c2cccc(S(=O)(=O)N3CCOCC3)c2)cc(OC)c1C,-7.1,3.558012619645405,19_950
Cc1ccc(Nc2ncc(Cl)c(Nc3cccc(NC(=O)/C=C/CN(C)C)c3)n2)cc1C,-7.5,3.558669548117047,19_951
O=C(C1CCOCC1)N1CCN(c2ncnc3c2nc(-c2ccccc2Cl)n3-c2ccc(Cl)cc2)CC1,-6.8,3.4705811721418263,19_952
CCCCN1C(=O)C(=O)c2cc(S(=O)(=O)N3CCC[C@H]3COC)ccc21,-5.6,3.4580833477734805,19_953
O=C(O)Cc1ccc(-c2ccc(F)c3c2CN(C(=O)c2cccc(F)c2)CC3)cc1,-7.5,3.7020727877554167,19_954
O=c1nc2n(-c3ccccc3)cc(-c3ccccc3)cc-2[nH]c1=O,-8.1,3.6177320856285675,19_955
CC=C1CC(=Nc2nc(-c3cc4ccccc4[nH]3)nc3ccccc23)C=C1C,-8.5,3.559034905233905,19_956
O=C(NCc1cccc(-c2cccc(COc3ccc(-c4cccs4)cc3)c2)c1)c1ccccc1C(=O)Nc1ccc2ccccc2c1,-5.9,3.028954062021481,19_957
O=C(NCCC1=CCCCC1)c1nc2ccccc2nc1N1CCCCC1,-7.2,3.6175690449898794,19_958
O=C(c1ccccc1-c1cccc(CCc2nn[nH]n2)c1)N1CCCC(O)C1,-7.1,3.7420644664936824,19_959
CC(CN1C(=O)C2C[C@H](C)O[C@H](C2)C1(C)C)=Nc1ccc2ccccc2c1,-6.7,3.4806268594129235,19_960
O=C(Cc1cccc2ccccc12)NCc1cccc(-c2cccc(-c3c(O)[nH]c4ccc(Cl)cc4c3=O)c2)c1,-8.1,3.2423869829881413,19_961
NS(=O)(=O)c1ccc(-c2cnc3cccc(-c4ccccc4)c3n2)cc1,-8.0,3.7263534931707136,19_962
Nc1nnnn1CC(=O)N/N=C/c1ccccc1,-6.5,3.3154039632985755,19_963
O=C(Cc1ccccc1)NC(CCCCCCSSc1ccccn1)C(=O)OCc1cccc2ccccc12,-5.9,3.1233688798800996,19_964
O=C(Cn1c(-c2cccs2)cc2ccccc21)Nc1ccccc1N1CCOCC1,-7.0,3.685786931441257,19_965
O=C(Nc1cccc(-c2ccc(-c3ccccc3)cc2)c1)c1ccccc1,-6.9,3.3743985427709573,19_966
O=c1n(CN2CCN(c3cccc4c3CCCCO4)CC2)c(O)c2n1CCCC2,-7.4,2.523133209713911,19_967
Cc1cccc(Oc2cccc(C(=O)Nc3ncc(Cl)s3)c2)c1,-7.5,3.7551942519948125,19_968
O=c1c2ccccc2c(Cc2ccc(F)cc2)nn1-c1ccccc1,-7.2,3.5888218585712814,19_969
O=C(NCc1ccccc1C(F)(F)F)c1ccc(Nc2nccc(C3CC3)n2)nc1,-7.4,3.726805058549395,19_970
O=C(c1cccc(NS(=O)(=O)c2ccccc2)c1)N1CCN(c2cccc(C(F)(F)F)c2)CC1,-7.3,3.738735302013856,19_971
O=C(O)c1cc(-c2cccc(Nc3nc4ccccc4n3Cc3ccccc3Cl)c2)ccc1O,-8.2,3.3119677658816116,19_972
O=C(Nc1cccc2ccccc12)c1ccc(N2CCN(C(=O)c3cc4ccccc4[nH]3)CC2)cc1,-7.5,3.4643919325321795,19_973
Nc1nccn2c(-c3cccc(NC(=O)c4cccc(C(F)(F)F)c4)c3)cnc12,-8.1,3.6669272621105264,19_974
CN(Cc1ccccc1)C(=O)C1CN(c2ccc3c(c2)OCO3)CC12CCCCC2,-7.3,3.4305153092064327,19_975
O=C(c1ccc2ccccc2c1OO)N1CCOCC1,-6.8,3.631000254708904,19_976
Cc1ccc(-c2nc(NCCc3cccnc3)cc3ccccc23)cc1S(=O)(=O)N1CCCCC1,-8.2,3.6176348648746663,19_977
C=CC(=NC=CC1=CC=C(C=O)N=CC1)C(=C1C=CC(C(c2cccc(O)c2)=c2ccc(=C(c3cccc(O)c3)c3ccc[nH]3)[nH]2)=N1)c1cccc(O)c1,-7.6,1.5166139628460371,19_978
N=C(N)C=C1C=COC(CNC(=O)CN2CC(=NCc3cc(F)c(F)c(F)c3)NC(Cl)=C2c2ccccc2)=C1,-8.0,3.043129133284861,19_979
Nc1ccccc1-c1nnc(-c2ccccc2)o1,-6.9,3.6437510287309243,19_980
COc1ccc(CNC(=O)c2ccc(NC(=O)N3CCSc4ncccc43)cc2)cc1F,-7.8,3.7177720181814076,19_981
O=C(N/N=C/c1ccc([N+](=O)[O-])s1)c1cccc(N2C(=O)c3ccccc3C2=O)c1,-7.0,3.405608761605958,19_982
O=C1C=CC=CC(C(=O)c2cccc3ccccc23)COc2c(ccc3nc(F)ccc23)N1,-8.5,1.1692731130835026,19_983
O=C(CN1CCOC(c2nc(-c3cccs3)no2)C1)Nc1cccc(F)c1,-6.7,3.743036735035434,19_985
CCCCn1c2cc(CC)ccc2c(=O)n1/N=N/c1ccc(-c2ccccc2C2CCCCC2)cc1,-7.1,3.3254972134906753,19_986
O=C1CN=C(n2cnc(C3CC3)c2)C=C2c3cccc(-c4ccc(F)cc4)c3CCN12,-8.0,2.496955922379332,19_987
COc1cccc(NC(=O)c2ccc(CN3CCCCC3)cc2)c1,-6.5,3.720512364789089,19_988
O=C(N[C@@H]1c2ccccc2[C@H]1S(=O)(=O)Oc1ccc(F)cc1)c1cccc2ccccc12,-8.8,3.6233201227703793,19_989
O=C1N=C(Nc2ccc(Cl)c(Cl)c2)S/C1=C\c1ccc2ncccc2c1,-7.4,3.676401591091239,19_990
Cc1nc2ccc(Cl)cc2c(=O)n1C=C1C=CC(CCC2=CC(=NC(=O)c3ccccc3Nc3ccccc3)C=C2)=C1,-7.4,3.3013684157999554,19_991
CCCC(C)c1nc(=O)c(=NC(=Nc2ccc(-c3ccccc3C(=O)N(C)C)cc2)c2ccccc2)c1=O,-7.7,3.4514068002987353,19_992
N#Cc1ccc(-c2ccc(C(=O)N3CCN(S(=O)(=O)c4ccc(Br)cc4)CC3)cc2)cc1,-6.9,3.714979401272098,19_994
CC=CC=C(C)n1nc(C(C)(C)C)cc1NC(=O)Nc1ccc2c(-c3cncc(NC4CCNCC4)c3)cccc2c1C,-7.5,3.1392613103156286,19_995
O=C(NCCN1CCOCC1)c1ccc(N=C2Nc3ccccc3NC2N=Cc2cccc(O)c2)cc1,-7.2,3.3280060623075265,19_996
C[C@H]1CNCC2[C]3c4cccc(Oc5cccc(C(=O)O)c5)c4O[C@H]3[C@@H](O)C=C[C@H]21,-7.6,2.4345134744274,19_997
Cc1ccc(-c2ccc(Sc3cc(=O)n(O)c(=O)[nH]3)cc2)cc1Cl,-7.1,3.6261314552786033,19_998
O=C(CCn1c(=O)sc2ccccc21)NCc1ccc(C(F)(F)F)cc1,-6.8,3.788333027657714,19_999
O=C(c1cc2cccc(N3CCN(Cc4ccccc4Cl)CC3)c2o1)c1cccc2sccc12,-8.3,3.372121236633486,19_1000
O=c1c(F)cn(Cc2ccc(N3Nc4ccccc4-c4ccccc43)cc2)c2ccccc12,-8.0,3.3736342082759103,19_1001
Cc1cc(Cl)ccc1OCC(O)CNC(C)(C)Cc1cccc2ccccc12,-6.7,3.6188317988798535,19_1002
O=C(Nc1ccc(C(=O)N2CCN(c3ccccc3)CC2)cc1)N1Cc2ccccc2C1,-7.2,3.637515782585642,19_1003
O=C(c1ccc2c(c1)OCCO2)N1CCCN(C2c3ccccc3-c3ccccc32)CC1,-8.2,2.474405028528726,19_1004
CC[C@H]1OC(=O)C(C)C(=O)C(C)[C@@H](O[C@@H]2O[C@H](C)C[C@H](N(C)C)[C@H]2O)[C@](C)(OC)C[C@@H](C)/C(=N/OCC#Cc2ccc3ncccc3c2)[C@H](C)[C@@H]2OC(=O)O[C@]12C,-6.5,1.0457577032975625,19_1005
O=C1N=c2ccccc2=C1c1[nH]c2ccccc2c1NOCC1CO1,-7.5,3.5460215112133553,19_1006
CC(C)=CC[C@@H](OC(=O)CCC(=O)Oc1ccc2c(c1)c1ccccc1n2Cc1ccccc1)c1ccccc1,-6.5,3.0388731855228195,19_1007
CNc1nc(N)c2c(n1)ON(C1[CH][C@H](O)[C@@H](CO[P@@](=O)(S)CP(=O)(O)O)O1)C=N2,-6.8,2.631599570986253,19_1008
CCC1=CC(=NC([CH]C2CN[C@H]2c2cccc(-c3ccccc3)c2)=Nc2ccccc2C=O)C=C1C,-5.8,3.2336317655836377,19_1009
CC1=C(C(=O)OCc2ccccc2)C2NC(=O)C(C)N([SH]3C=CC=C23)S1(=O)=O,-7.0,2.3684781365883003,19_1010
CC=C1C=CC(n2nc(C(C)(C)C)cc2NC(=O)Nc2cccc(Nc3ccnc4cc(Cl)ccc34)c2)=C1,-8.2,3.388384889416135,19_1011
O=C(c1cccc(Cc2n[nH]c(=O)c3ccccc23)c1)N1CCN(c2cccc(Cl)c2)CC1,-8.5,3.69042036821353,19_1012
O=c1c2cccc(F)c2c(-c2ccccc2)cn1[C@@H]1OC[C@@H](O)[C@H](O)[C@@H]1O,-8.8,3.5725381575525104,19_1013
O=C(Nc1cccnc1)c1cc(N2CC[C@H](C(F)(F)F)C2)ncc1Cl,-7.6,3.7569539840074535,19_1014
O=C(O)c1ccccc(Cc2cccc(-c3cccc(F)c3)c2)cn[nH]c2ccc(N3CCOCC3)cc2cc1,-8.6,1.299015637978754,19_1015
N#Cc1ccc(Oc2ccc3nc(C(=O)NCc4ccccc4)ccc3c2)cc1,-7.6,3.6907767148217276,19_1016
O=C(NCc1csc(-c2ccccc2)n1)c1ccc2ccccc2c1,-7.7,3.651377849061326,19_1019
O=c1[nH]c2cc(-c3ccccc3)ccc2c(=O)n1C[C@H]1[C@H](c2ccccc2)C1(c1ccccc1)c1ccccc1,-8.7,3.3299585291487084,19_1020
O=C(c1ccccc1Sc1cccc(-c2cccc3ccccc23)c1)N1CCCCC1,-7.9,3.346285340857434,19_1021
O=Cc1c2n(c3ccccc13)Cc1ccccc1-2,-6.5,3.3353916440087032,19_1022
FC=C1C=COC(CN=C(Cc2ccc3c(c2)OCO3)C2=CC=C(N3CCCc4ccccc43)CC2)=C1,-8.1,3.2111088227266675,19_1023
CNc1ccccc1N1CC(C(=O)Nc2ccc(OC(F)(F)F)cc2)c2ccccc2C1c1ccccc1,-6.9,3.4935060369270547,19_1024
O=c1c(-c2ccccc2Cl)c2ccccn2c(=O)n1CCCCN1CC=C(c2c[nH]c3ccc(F)cc23)CC1,-7.0,3.398583187049059,19_1025
O=C1C(=O)N(c2ccc(Br)cc2)C(c2ccc3c(F)cccc3c2)C1C(=O)c1cc2ccccc2o1,-9.6,3.2371867399657326,19_1026
O=[N+]([O-])c1ccc(-c2ccnc(Nc3ccc(N4CCOCC4)cc3)n2)cc1,-6.5,3.639136367170835,19_1027
O=C(Nc1ccc(F)cc1F)Nc1cccc2cnccc12,-7.4,3.6577107670169493,19_1028
COc1ccc(/C=C(/C#N)c2cc(OC)c(OC)c(OC)c2)cc1NC(=O)Nc1ccc(Cl)cc1,-6.3,3.4825304795985375,19_1029
O=C(Nc1ccc(NC(=O)c2ccccc2[N+](=O)[O-])cc1)c1cc(O)c(O)c(O)c1,-7.1,3.1795919774785153,19_1030
Cc1cccc(C)c1OCCCc1cnc2nc(N)nc(N)c2c1,-6.6,3.6893613422969542,19_1031
CC(C)c1ccccc1Oc1ncccc1NC(=O)Nc1ccc(NC(=O)Nc2c(Cl)cccc2Cl)cc1,-7.3,3.2515609971483728,19_1032
O=c1c2ccccc2nc(/C=C/c2ccccc2)n1-c1nnc(-c2ccccc2)s1,-8.4,3.548193357815712,19_1033
O=C(c1cc2ccccc2[nH]1)N1CC(=O)N(Cc2cccc(C(F)(F)F)c2)[C@@H](CCc2ccccc2)C1,-8.1,3.539070979361438,19_1034
N=C(Cc1ccc([N+](=O)[O-])cc1)NOC(=O)c1ccc(F)cc1,-5.9,3.4003641877267285,19_1035
O=Cc1c(-c2ccccc2)cc(N2CCC(N3CCCCC3)CC2)nc1N1CCc2ccccc2C1,-7.8,3.330733328571595,19_1036
O=C(NCCNc1ccc(Nc2ccccn2)nn1)c1ccc(Cl)cc1,-6.9,3.5793372036170075,19_1037
c1ccc(-c2cc(-c3cccc(-c4cc5ccccc5c5ccccc45)c3)on2)cc1,-9.0,3.1576102236845087,19_1038
Cc1ccc(-c2nc3cccnc3n2CC(C)C)cc1,-6.4,3.5953317442256028,19_1039
CNC(=O)N(C=CC(=O)NCC#CC(=O)C=CCn1ccc2c(N)ncnc21)[C@H]1C[C@H](O)[C@@H](CO)O1,-6.0,2.7847795052112034,19_1040
Cc1ccc(Nc2ccnc3cc(Cl)ccc23)cc1N=C(NN=Cc1ccccc1)c1ccc(-c2ccccc2)cc1,-8.2,2.9031505054089144,19_1041
Nc1cc(S(=O)(=O)Nc2cccc(F)c2F)ccc1NC(=O)c1cc2ccccc2o1,-7.9,3.510235183185289,19_1042
Nc1ccccc1NC(=O)c1ccc(N2C(=O)Nc3ccccc3C2c2ccccc2Oc2ccccc2)cc1,-9.0,3.1278447302344565,19_1043
[CH][C@H](O)O[C@@H](COP(=O)(O)OP(=O)(O)O[C@@H]1[CH][C@@H](O)[C@H](O)C(C(=O)O)O1)O[CH]N1C=CC(=O)NC(=O)O1,-6.8,1.1644076573416902,19_1044
O=c1c2ccccc2nc(-c2ccccc2)n1-n1cc(-c2ccc(Cl)cc2)nc1NCc1ccccc1,-8.6,3.3648697664446288,19_1045
O=Cn1c(=O)c2ccc(Nc3cccc(-c4cncc(CF)c4)c3)cc2n1-c1cccc(C(F)(F)F)c1,-8.2,3.3924061239850167,19_1046
Cc1ccc(N2CCN(C(=O)c3cccc(Cl)c3)CC2)cc1,-6.6,3.563717799517516,19_1047
O=C(NCC(c1ccco1)N1CCc2ccccc21)C(=O)Nc1cccc(Br)c1,-6.6,3.689780059846389,19_1048
Cn1ncnc1-c1ccc(C(=O)c2cccc(NC(=O)c3ccc(F)cc3F)c2F)cc1,-7.9,3.649500305168541,19_1049
Nc1cccc(-c2cc(-c3ccccc3)c3c(n2)-c2ccccc2C3=O)c1,-8.3,3.5206066481748457,19_1050
Nc1ccc2nc(NC3CCNC3)cc(-c3ccccc3)c2c1,-7.1,3.584956286886735,19_1051
Cc1ccccc1C(C(=O)NCC1CNCCO1)N(C(=O)c1ccco1)c1ccccc1,-6.0,3.7087302683538264,19_1052
Cc1cccc(OCc2ccccc2-c2nc(-c3cccc([N+](=O)[O-])c3)cs2)c1,-6.5,3.4833602080938326,19_1053
O=C(c1n[nH]c(=O)c2ccccc12)N1CCC[C@H](N2CCc3ccc(F)cc3C2)C1,-7.7,3.658800923024637,19_1054
C=CCN1CCC(Oc2ccc(Nc3ncc4c5ccncc5n(CCCC)c4c3C#N)cc2)CC1,-6.3,3.462013030079833,19_1055
O=C1ON=C(c2ccccc2)/C1=C/c1sccc1-c1ccccc1,-7.2,3.5792093875080004,19_1056
Cc1cccnc1NC(=O)CCN1C(=S)N=C(Nc2cc(Cl)ccc2NCCCCl)Nc2ccccc21,-7.8,2.216601046141487,19_1057
O=C(Cn1ncn2c(cc3ccccc32)c1=O)Nc1cccc2ccccc12,-7.7,3.607403215598874,19_1058
Oc1ccc(Cc2c(Br)c(O)c(O)c(Br)c2Br)cc1O,-6.4,3.3948991172290626,19_1059
NC(=O)N(O)C/C=C/c1cccc(Oc2ccccc2)c1,-7.0,3.6026360220408913,19_1060
COc1cc(-n2c(C)cc(C(=O)CN3CCN(c4cccc(Cl)c4)CC3)c2C)c2ncccc2c1,-7.5,3.513694232368535,19_1061
O=C(CN(C(=O)c1ccc(F)c(F)c1)c1ccnc2cc(Cl)ccc12)Nc1cccc(C(F)(F)F)c1,-8.9,3.5027003542188817,19_1062
O=C(c1cc2ccccc2o1)N1N=C(c2ccccc2)CC1c1cccc2ccccc12,-9.1,3.382652380558034,19_1063
O=C(Nc1ccc2ccccc2c1)c1ccccc1Nc1ccc2c(C=Cc3ccccn3)[nH]nc2c1,-8.6,3.3447580355121245,19_1064
O=C(Nc1cc(F)cc(F)c1)Nc1ccccc1C(=O)NCCN1CCCC1,-7.0,3.661472583664567,19_1065
O=[N+]([O-])c1cccc2nc3ccccc3c(Nc3ccc(S(=O)(=O)N4CCOCC4)cc3)c12,-7.5,3.438712597943418,19_1066
O=C(NC(Cc1ccccc1)C(=O)NC(Cc1ccc(-c2ccccc2)cc1-c1ccccc1)C(=O)O)c1ccccc1-n1cnnn1,-7.5,3.0525316229619524,19_1067
O=C(Nc1ccc2c(c1)CC1CCC(C2)C1NS(=O)(=O)c1ccccc1)c1ccc(F)cc1,-7.5,2.632252768891216,19_1068
O=C(CNc1ncnc2ccc(C(F)(F)F)cc12)NC1CN([C@H]2CC[C@@H](c3ccccc3F)CC2)C1,-7.3,3.520143123826659,19_1069
C=CC(=O)Nc1cccc(-c2c[nH]c3ncnc(Nc4ccc(OCc5cccc(F)c5)c(Cl)c4)c23)c1,-7.1,3.203302287467979,19_1070
C=CC=C1C(n2ccc3ccccc32)=CC(=O)N[C@H]1CNC(=O)Cc1cc(C(F)(F)F)cc(C(F)(F)F)c1,-8.3,3.5270240001077706,19_1071
O=C1c2ccccc2C(=O)N1c1ccc(NCc2ccccc2)cc1-c1nc2ccccc2[nH]1,-8.6,3.3552864244221996,19_1072
Cc1cc(C(=O)Nc2ccccc2N2CCOCC2)c2c(C)c(C)sc2n1,-7.1,3.7656948770154828,19_1073
CC(CN1CCCCC1)NC(=O)c1c(F)cccc1-c1cccc(-c2ncccc2-c2cncnc2)c1,-7.4,3.592985241413066,19_1074
ON=C(O)c1cn2ccccc2c1-c1ccnc(Nc2ccccc2Cc2ccccc2)n1,-8.1,3.062013026032602,19_1075
O=C1NCc2ccc(-c3ccccc3)cc2N1Cc1ccc(-c2ccc3ccccc3c2)nc1,-7.8,3.3623986194534727,19_1076
Oc1ccc(-c2cc(-c3ccccc3)nc3c2COc2ccccc2-3)cc1,-8.9,3.528551712981286,19_1077
Cc1cccc(NC(=O)Nc2ccc3c(c2)/C(=C\c2ccco2)C(=O)N3C)c1,-7.2,3.6317475708469065,19_1078
COC=C(C=C1C=COCC(c2ccnc(NC(=O)c3ccc(Cl)cc3)c2O)=C(c2ccc(F)cc2)N=C1)OC,-7.3,1.2555034190827197,19_1079
O=C1NCC2c3c(cccc31)CCN2C(=O)c1cccc(-c2cccc(-c3cc4ccccc4o3)c2)c1,-9.9,3.3274111273867337,19_1080
Cc1[nH]c2ccccc2c1C(=O)C(=O)Nc1ccccc1C(F)(F)F,-7.5,3.577153841807592,19_1081
CC(=CC=CC(=O)Nc1ccccc1C(F)(F)F)CNc1nc(Nc2ccc3c(c2)CCC3)ncc1C(F)(F)F,-8.3,3.232393662984171,19_1082
O=C1N=c2ccc(F)cc2=C1c1[nH]c2ccccc2c1NOCCN1CCCCCC1,-7.3,2.5764483343779268,19_1083
O=C(NC(Cc1ccccc1)C(=O)O)c1ccccc1Nc1ccc2c(C=Cc3ccccn3)[nH]nc2c1,-7.9,3.217036377279669,19_1084
O=C(O)Cn1c(=O)c(C(=O)Nc2cccc(OC(=O)c3cccc(C(F)(F)F)c3)c2)cc2ccccc21,-7.3,3.4380825112856224,19_1085
O=C(O)c1ccccc1-c1ccccc1C(=O)N1Cc2ccccc2-c2nc3ccccn3c21,-7.4,3.447281950677803,19_1086
COc1ccc(-c2nc(SCC(=O)Nc3ccccc3OC)c3c(=O)n(C)c(=O)n(C)c3n2)cc1,-7.1,3.368208765891813,19_1087
Nc1ncnc2c1ncn2[C@@H]1O[C@H](COC(=O)c2cc(O)ccc2O)[C@@H](O)[C@H]1O,-7.6,2.9237682222710246,19_1088
O=C(O)CN1C(=O)/C(=C/c2cc3cccnc3cc2Br)SC1=S,-7.4,3.6250054216570295,19_1089
O=C(O)c1cc(C=Cc2cccc(/C=C/c3cccc(-c4ccccc4O)c3)c2)ccc1O,-7.2,3.4096737069116227,19_1090
O=C(Nc1cccc(-n2cc(-c3ccncc3)c(-c3cc(O)cc(Cl)c3)n2)c1)c1ccc(F)cc1,-8.0,3.4843472427619657,19_1091
C=CCN1C(CC=NC(=O)CC)=C1N=C1C=CC2(C=CN1)C=C(c1cccc(C(=O)Nc3cccc(OC(F)(F)F)c3)c1)c1ccccc12,-6.3,2.0405442409420527,19_1092
O=C(c1cc(Cc2n[nH]c(=O)c3c2NCCC3)ccc1F)N1CCN(c2ccccc2)CC1,-8.5,3.662473500287621,19_1093
N=CC=NCC(=O)Nc1nccc2[nH]c(-c3c(F)cccc3F)nc12,-7.8,3.5703588261489294,19_1094
Fc1cccc(-c2cn3c(-c4ccc5cnccc5c4)cnc3cc2-c2ccccc2)c1,-7.9,3.365361586239369,19_1095
O=C(N[C@H](CCN1C[C@H]2CN(C(=O)Cc3ccccc3)C[C@@H]21)c1cccc(F)c1)C1CCCC1,-7.0,3.458333417089411,19_1096
O=C(NC1CC1c1ccccc1)N1CCC(c2nc(=O)c3nnn(Cc4cccc(F)c4)c3[nH]2)CC1,-8.8,3.5014717671859765,19_1097
COC=C1C(C=C2C=CC(NC(=O)c3cccc([N+](=O)[O-])c3)=CP2)=CC(OC)=C1OC,-6.1,3.26057205030349,19_1098
O=C(Nc1cccc(-c2cnc3c(NC(=O)c4ccccc4)cccn23)c1)c1cccc(C(F)(F)F)c1,-7.8,3.382308560798931,19_1099
COc1ccc(-c2cc3ccccc3nc2/C=C/C(=O)c2cccs2)cc1,-7.4,3.4676114390542847,19_1100
Cc1ccccc1-n1c(Cn2nc(-c3cccs3)c3c(N)ncnc32)cc2cccc(C)c2c1=O,-8.4,3.4933798661471265,19_1101
COc1cc(OC)c2nc(C)n(C(=O)/C=C/c3ccc4c(c3)OCO4)c2c1,-6.4,3.648948423191465,19_1102
CC=C1C=C(c2cccc(C(=O)NCCc3ccccc3F)c2)CC1=Nc1nccc(C(F)(F)F)n1,-7.9,3.627931429506313,19_1103
NC(=O)c1ccc[n+](CN=c2c(-c3ccccc3)cc3ccccc3n(Cc3ccccc3)c2=O)c1,-9.0,2.519395654173885,19_1104
O=C(c1ccccc1-c1ccccc1)N1CCC(Nc2ncnc3[nH]ncc23)CC1,-7.9,3.6936504792215064,19_1105
O=C(COc1ccccc1)Nc1ccc(C(=O)N2CCC(c3ccc(F)cc3)CC2)cc1-c1nc2ccccc2[nH]1,-8.5,3.356761025066284,19_1106
Cc1ccc(S(=O)(=O)NCc2ccc(CNC(=O)c3ccccc3C)cc2)cc1,-7.3,3.700960246529627,19_1107
O=C(O)c1ccc2c(c1)cc(Nc1ccccc1)c1ccccc12,-7.4,3.4840122762615993,19_1108
Nc1ncc(-c2ccc(-c3ccccc3C(=O)Nc3nccs3)cc2F)cn1,-8.2,3.6753711158134856,19_1109
O=C(Nc1cccc(-c2ccnc3cc(-c4cccs4)nn23)c1)c1cccc(C(F)(F)F)c1,-8.2,3.5374589626611384,19_1110
COc1cccc(C(=O)NCC(c2ccccc2)c2ccccc2)c1OC,-6.5,3.6738147995794828,19_1111
O=C(NCCCN1CCC(O)(c2ccc(Cl)cc2)CC1)c1ccc2ccccc2c1,-6.7,3.6168009850367486,19_1112
O=C(O)c1ccc(-c2noc(-c3cc(-c4ccccc4)nc4c3Cc3ccccc3-4)n2)cc1,-9.4,3.4570548491235047,19_1113
Cc1c(S(=O)(=O)Nc2cccc3ccccc23)c2ccccc2n1CC(=O)N1CCOCC1,-8.1,3.709791682469723,19_1114
CC(=O)c1ccc(-c2ccc(-c3cc4ccccc4oc3=O)nc2)cc1,-7.6,3.515930909968808,19_1115
O=C(Nc1ccc(-c2cncc(-c3ccc(F)c(F)c3)n2)cc1)Nc1ccc(C(F)(F)F)cc1,-7.6,3.5059154770114294,19_1116
O=C(CSc1nnc2ccc(-c3cccnc3)nn12)Nc1cccc(C(F)(F)F)c1,-7.4,3.5964273626273693,19_1117
CN1C(C=NC(=O)c2ccccc2Cl)=CCc2cccc(NC(=O)c3ccccc3)c21,-7.2,3.647055210930618,19_1118
CCN(CCC(=O)c1cc(-c2ccccc2)nc2ccc(-c3ccc4c(c3)OCO4)cc12)c1ccccc1F,-8.9,3.247933101593526,19_1119
Cc1cc(-c2cnn(C)c2)ccc1-c1ccc2cc(C(=O)NCC3CC3)ccc2n1,-7.2,3.6841740748342375,19_1120
Cc1nc(/N=N/c2cccc([N+](=O)[O-])c2C)c(-c2ccccc2Cl)nc1-c1ccc(C(F)(F)F)cc1,-7.5,3.267830332973422,19_1121
O=C(c1cccc(N(Cc2ccccc2F)C(=O)c2ccccc2)c1)N1CCN(c2cccc([N+](=O)[O-])c2)CC1,-7.4,3.3977537048505146,19_1122
O=c1oc2ccccc2cc1-c1ccncc1,-6.2,3.483259180090461,19_1123
O=C(ON1CCN(c2ccccc2)CC1)c1cccc2c1C(=O)N(c1ccc3c(c1)c1ccccc1n3CCO)C2,-7.9,3.369974563848767,19_1124
O=C(COc1cccnc1[N+](=O)[O-])Nc1cccc(S(=O)(=O)N=C2CCCN2)c1,-6.7,3.4027786861160276,19_1125
Cc1nc2ccc(-c3cccc(-c4cccc(NC(=O)C5CC5)c4)c3)cc2s1,-8.0,3.5689532245319437,19_1126
O=C(Nc1ccccc1Cc1ccccc1)c1nc(-c2cc3ccccc3oc2=O)cs1,-7.5,3.415446585993866,19_1127
O=c1[nH]cc(-c2ccccc2)c2csnc12,-5.9,3.6138085742447776,19_1128
Cc1ccc(-c2nc(NC(=O)/C=C/c3ccco3)sc2C2CCCC2)cc1,-7.3,3.668096375532495,19_1129
O=C(CN1C(=O)NC2(CCc3ccccc32)C1=O)Nc1ccc2c(c1)OCC(=O)N2Cc1ccccc1,-8.1,3.4265970311886846,19_1130
Cc1cccc(CN2C(=O)CN(C(=O)c3cc4cc(C5CC5)ccc4[nH]3)C[C@@H]2Cc2ccccc2)c1,-7.7,3.439296890946199,19_1131
O=C(c1ccc2cc(Oc3ccc(C(F)(F)F)cn3)ccc2n1)N1CCn2cnnc2C1,-7.3,3.5697919119406287,19_1132
C=CC(=CC=CC(=O)N(C)CC(=O)NCCc1ccc(Cl)cc1)N(Cc1ccccc1)C(=O)c1cc(Cl)cc(Cl)c1,-6.7,3.3284523205662193,19_1133
O=C(Nc1ccc(F)cc1F)Nc1ccc(Cn2ncc(N3CCNCC3)c(Cl)c2=O)cc1NC(=O)c1ccc(-c2ccccc2F)o1,-8.6,2.9818286971917507,19_1134
O=C1N=c2ccc(-c3nc4cc(F)ccc4s3)cc2=C1Cc1ccc2[nH]ncc2c1,-8.0,3.6034738362316454,19_1135
Cc1ccc(/N=c2\scc(-c3cc4ccccc4oc3=O)n2N2C(=O)c3ccccc3C2=O)cc1,-7.7,3.2835317867881333,19_1136
Nc1c(C(=O)NC2CC2)nnc2c(-c3cccc(O)c3)cccc12,-7.4,3.6491421716317136,19_1137
O=[N+]([O-])c1cccc(-c2cc(-c3ccncc3)cc(-c3cccc(C4C=C5NC=CC(=CCl)C=C5c5ccccc54)c3)n2)c1,-9.9,2.0134622604728185,19_1138
Cc1ccccc1NC(=O)c1occ(C=Nc2ccccc2Nc2ccccc2C)c1C,-7.5,3.508216466730525,19_1139
O=C(O)c1ccc(-c2ccc(NC(=O)N3c4ccccc4COc4ccccc43)cc2)o1,-8.4,2.623919353363589,19_1140
Nc1cc(OCc2cc(-c3ccccc3)ccc2C(F)(F)F)ccc1C=Nc1cccc(C(=O)O)c1,-7.6,3.411889859607226,19_1141
O=C(c1ccc(-c2ccccc2)cc1)N1N=C(c2ccc(Br)cc2)CC1c1ccc(F)cc1O,-8.5,3.5206043256711084,19_1142
O=C(Nc1cccc(CN2CCC(C(=O)NC3CCCCC3)CC2)c1)c1ccc2ccccc2c1,-7.6,3.5049442093275385,19_1143
O=C(c1ccccc1F)N1Nc2ccccc2N(C(c2ccccc2)c2ccccc2)C1=O,-7.8,3.5131552064061244,19_1144
O=C(Cc1ccccc1)c1ccc(O)cc1O,-6.1,3.5592905909466253,19_1145
N#Cc1ccc(Cn2cncc2CNc2ccc(-c3ccc(F)c(Cl)c3)c(C(F)(F)F)c2)cc1,-6.2,3.5554156336367417,19_1146
Cc1cc(-c2cccc3c(=O)cc(N4CCOCC4)oc23)ccc1NC(=O)C1=CC=C(c2ccccc2S(N)(=O)=O)C1,-8.7,3.338493972072402,19_1147
O=c1[nH]c(O)c(Cc2ccc(-c3ccc(-c4cc(F)cc(F)c4)cc3)cc2)[nH]1,-7.9,3.5405118278031456,19_1148
O=C(Nc1cccc(OCc2cc(=O)n3ccccc3n2)c1)c1cccc(C(F)(F)F)c1,-7.7,3.6906106792909648,19_1149
O=c1c2ccccc2nc(-c2ccccc2)n1-c1nnc(-c2ccc3c(c2)OCCO3)o1,-8.8,3.475103338141926,19_1150
Cc1ccccc1Nc1ncc(Oc2[nH]c(-c3cccs3)nc(=O)c2C)[nH]ccccc1=O,-7.9,1.3718892953938475,19_1151
O=COc1cc(O)c2ccccc2c1-c1n[nH]c(=O)c2ccccc2oc2ccc3ccccc3c12,-8.1,1.2183750791322456,19_1152
C=CC=C(C=CC=CCP1(=O)CCO1)COc1ccccc1OCCn1cc(CCCNc2cccc3c2C(=O)N(C2CCC(=O)NC2=O)C3=O)nn1,-7.6,2.5415268951401426,19_1153
O=c1nc(Nc2ccc(Oc3ccc(-c4nc5ccccc5[nH]4)cc3)cc2)c2ccccc2o1,-7.7,3.478301465718534,19_1154
O=C(Nc1ccc2cc[nH]c2c1)c1ccc2[nH]c3c4c(c5c(c3c2c1)CNC5=O)CCC4,-9.3,3.218978371371307,19_1155
O=C(N[C@@H](c1ccccc1F)[C@@H]1C[C@@H](Oc2ccccc2)CN1C(=O)c1ccc(F)cc1)N1CCOCC1,-8.3,3.620482904523119,19_1156
Cc1cccc(-c2nn(-c3ccccc3)cc2-c2nc3ccccc3n2C(=O)c2ccccc2)c1,-8.5,3.3346843216196644,19_1157
Fc1ccc(C(OCCN2CCN(C/C=C/c3cccs3)CC2)c2ccc(Cl)cc2)cc1,-7.2,3.5200215589265014,19_1158
C=CC([CH]O[C@@H](N=CN)c1ncco1)=NN=CNc1cncnc1N,-6.2,3.078986992624312,19_1159
COc1ccc(-c2nn(-c3ccc(S(N)(=O)=O)cc3)cc2/C=N/N=C2CCCN2)cc1,-8.0,3.5148107959505044,19_1160
O=C(Nc1cccc(-c2ccc(-c3nc4cc(F)ccc4[nH]3)o2)c1)c1ccccc1,-8.2,3.5282335316697253,19_1161
CNc1ccccc1C=C1C=CC=C1C(=O)c1nc(-c2cccc(NC(=O)c3cccs3)c2)no1,-7.2,3.383993957950415,19_1162
CCCN(C)C1C(c2cccc(C)c2)[C@]12C(=O)Nc1cc(C#Cc3cccc(F)c3)ccc12,-6.8,3.4519558692419787,19_1163
O=C(NC1CCCN(Cc2ccc(Cl)cc2)C1)c1ccc2[nH]nc(-c3ccc4nccn4c3)c2c1,-8.0,3.526158934483033,19_1164
CN1CCN(c2ccc(-c3ccc(NC(=O)c4ccccc4OC(F)(F)F)cc3)cc2)CC1,-6.4,3.72531808582379,19_1165
O=C1CCOCCNCn2c(Cc3ccccc3Cl)nc3cc1ccc32,-7.0,1.4936910763250908,19_1166
COc1cccc(NC(=O)N2CN3CCCCC3c3ccccc32)c1,-7.9,3.626635892798687,19_1167
N=C(N)SCc1ccccc1-c1cncc(C(=O)Nc2cccc3ccccc23)c1,-7.7,3.460863827917769,19_1168
O=C(N[C@H]1CC[C@H](c2nnc(-c3ccccc3)o2)CC1)c1ccc(C(F)(F)F)cc1Cl,-7.7,3.7341877492689406,19_1169
O=C(N[C@@H](c1ccc(C(F)(F)F)cc1)c1nc2ccc3cc2nc1O3)C(=NO)c1ccc(Cl)cc1,-8.2,3.3848339160327257,19_1170
COc1ccccc1NC(=S)Nc1nc2ccccc2n2c(=O)c(-c3ccccc3)nn12,-7.9,3.4876961119690675,19_1171
O=C(C=C1C=CC(Oc2ncccc2-c2ccncccccc2CO)=C1)c1ccccc1-c1ccccc1,-7.0,1.138324285471782,19_1172
Cc1c(NC(=O)C(C)OC(=O)c2ccccc2Nc2ccccc2)c(=O)n(-c2ccccc2)n1C,-7.2,3.5252286914658955,19_1173
C[C@H](Nc1nccc(-c2ccc3c(c2)C(=O)N(c2ccc4[nH]ncc4c2)C3=O)n1)c1ccccc1,-8.1,3.439080467647976,19_1174
O=C1COc2ccc(C(c3ccccc3)c3ccc4c(c3)OCO4)cc2N1,-7.8,3.6137114193084066,19_1175
O=C(Nc1ccc2c(c1)OCO2)c1cccs1,-5.8,3.638472599415427,19_1176
O=C(c1nn(-c2ccccc2Cl)c2c1CS(=O)(=O)c1ccccc1-2)N1CCOCC1,-7.0,3.604245967144286,19_1177
O=Cc1cccc(-c2nc3ccccc3n3cncc23)c1,-7.2,3.547989895515858,19_1178
O=C(Nc1ccc(Nc2ncnc3ccc([N+](=O)[O-])cc23)cc1)Nc1ccc(C(F)(F)F)cc1,-7.2,3.330705555097642,19_1179
OC(CN(Cc1cccc(-c2ccccc2)c1)C1CC1)c1cccc(C(F)(F)F)c1,-6.8,3.54348978291146,19_1180
COc1ccc(C=CC=NNC(=O)c2ccc3c(Br)cccc3c2)cc1OC,-5.9,3.636909619081718,19_1181
O=C(Nc1cc(F)c(F)cc1F)c1cccc(-c2cnco2)c1,-7.5,3.7079406691819727,19_1182
O=C(Cn1c(CCc2cccc(F)c2F)nc(=O)c2ccccc21)N(Cc1cccc(-c2cccc(C(F)(F)F)c2)c1F)CC1CO1,-8.2,3.120125543312186,19_1183
O=C(OCC(=O)N1CCOCC1)c1cccc(COc2ccc(C(F)(F)F)cc2Cl)c1,-6.2,3.6581280186471123,19_1184
N#Cc1c(-c2cccc3ccccc23)[nH]c(-c2c[nH]c3ccc(O)cc23)nc1=O,-9.0,3.4665802941751935,19_1185
O=CCC(NC(=O)c1cnc2[nH]cnc2c1)c1ccccc1-c1ccccc1OCc1ccco1,-6.1,3.391404944059798,19_1186
Cc1cccc(NC(=O)c2nc(S(C)(=O)=O)ncc2N(Cc2ccco2)CC2C=CC=COC2)c1C,-7.2,2.5544533792606323,19_1187
Cc1ccc(-c2nc(CN3CCCC(Cn4cncn4)C3)cs2)cc1,-6.6,3.7261879213351525,19_1188
Cn1cnc(C(=O)N2N=C(c3ccc4ccccc4c3)C[C@@]2(O)C(F)(F)F)c1,-7.5,3.7620656159664807,19_1189
C=C1C=CC(c2ccccc2CNCCCn2cnc3c4cc(cc3c2=O)CCCCCC4)=C1,-6.2,1.287879224877181,19_1190
O=C1C=CCC(=Nc2ncc3c4ccncc4n(C4CCCCC4)c3n2)Cc2ccccc2CCN1,-8.6,1.1548912832250098,19_1191
COc1ccncc1C=C1C=CC(COc2ccc3c(c2)C(c2c[nH]c4ccccc24)(N2CCCCCC2)N3)=C1,-7.6,2.2611216754809735,19_1192
Cc1ccc(C2C(=O)N(C3CCCCC3)CC(=O)N2CC2CCCO2)cc1,-7.6,3.3782830931863574,19_1193
O=c1[nH]c2ccccc2c(=O)n1CCCCN1CCN(c2cccc(Cl)c2Cl)CC1,-7.1,3.7193213269980294,19_1194
Cc1c(-c2cccc(C(F)(F)F)c2)c(=O)c(C(=O)NCc2ccc(S(C)(=O)=NC#N)cc2)cn1-c1cccnc1,-8.0,3.4516285813892265,19_1195
O=C(O)c1ccc2[nH]c(-c3cccc(O)c3O)nc2c1,-7.9,3.464931140442518,19_1196
O=C(CNC(=O)c1cccnc1Oc1ccc(Cl)c(O)c1)Nc1cccc(C(F)(F)F)c1,-7.8,3.5769993123754764,19_1197
C[C@@H](NC(=O)[CH]COC[CH]c1cc(NC(=O)c2cccc(F)c2)ccc1C(N)=O)[C@@](C)(Cn1cccn1)C(N)=O,-5.9,3.0989870087984803,19_1198
O=C(COC(=O)c1cc(S(=O)(=O)N2CCOCC2)ccc1O)Nc1nc2ccccc2s1,-6.7,3.4112644959153515,19_1199
O=CCl,-1.9,1.2766043351670637,19_1200
O=C(Nc1nnc(-c2ccco2)o1)c1cc(F)ccc1F,-6.7,3.7074712845481215,19_1201
O=C(Nc1ccc(-n2ccc3c(NC(=O)c4ccccc4)nccc32)cc1)Nc1cccc2ccccc12,-6.9,3.3554828981573457,19_1202
O=C(NCc1ccccc1)C(c1ccccc1)N(C(=O)c1ccccn1)c1cccc(F)c1,-7.6,3.6192772462619187,19_1203
COc1ccc(C(=O)Nc2ccccc2C)cc1Nc1nc(-c2cccc(C(=O)O)c2)cs1,-7.7,3.505316521330334,19_1204
CC(=O)N(CCc1ccccc1)c1ccccc1N(Cc1ccccc1F)S(=O)(=O)c1ccc(Cl)cc1,-7.4,3.4472738597608523,19_1205
COc1cc(C(C)=O)ccc1OCCCN1CCCC(C(O)(c2ccccc2)c2cccc(Br)c2)C1,-5.7,3.4326351043445467,19_1206
CCC(=CC=COC1=CC=CC(=O)OC1)c1c(-c2ccc(F)cc2)nc2c(N3CCOCC3)nccn12,-7.5,2.341712418625984,19_1207
O=C1c2ccccc2C(c2cc3ccccc3[nH]2)N1c1ccccc1-c1nn[nH]n1,-8.9,3.5571805610715908,19_1208
COc1ccc2nc(NC(=O)c3cccc(NS(=O)(=O)c4ccc(C)c(C)c4)c3)sc2c1,-8.6,3.6175605443965106,19_1209
Nc1n[nH]c(N2CCN(c3ncccc3-c3ccc4c(c3)OCO4)CC2)n1,-8.2,3.5241011292817364,19_1210
Cn1ncc(/C=C/c2ccccc2)c(-c2cccc3ccccc23)c1=O,-6.9,3.5226244306470416,19_1211
Cc1cc(Nc2cc(Cl)c(Cl)c(Cl)c2)nc(Nc2cccc3ccccc23)n1,-8.7,3.541388689662936,19_1212
Cc1cc(-c2ccc(N3C(=O)C(=O)C(C(=O)C(C)C)C3c3ccccc3C3OC=CO3)cc2)c(C)n1-c1ccccc1,-7.0,3.2358374794736835,19_1213
CN1Cc2ccccc2[C@H]1C[C@@H](O)c1ccccc1,-6.6,3.491246722869114,19_1214
c1ccc([C@@H]2c3c([nH]c4ccccc34)CCN3CCc4ccccc4C23)cc1,-7.3,2.2439424849823775,19_1215
O=C(Cn1ncc2cc([N+](=O)[O-])ccc21)N/N=C/c1ccccc1[N+](=O)[O-],-6.8,3.3531524683474943,19_1216
O=C(NS(=O)(=O)c1ccc(-c2ccc(F)cc2)cc1)c1ccc(-c2nc(-c3ccccc3Cc3ccc(F)cc3)co2)cc1,-6.9,3.226480447565365,19_1217
O=C(c1ccc(F)cc1)N1CCN(c2ccc3nnc(-c4ccccc4)n3n2)CC1,-7.7,3.655085941364493,19_1218
CC(c1ccc(Cl)cc1F)n1cnc2ccc(-c3ccnc(Nc4ccc(N5CCN(C6CC6)CC5)cn4)n3)cc21,-7.7,3.2636624970231436,19_1219
O=C(CNC(=O)c1ccccc1N1C(=O)c2ccccc2S1(=O)=O)Nc1ccccc1-c1ccccc1,-7.0,3.5022298165689074,19_1220
Cc1cccc(Oc2nc3c(cc2[N+](=O)[O-])c(=O)c(C(=O)O)cn3C2CC2)c1,-7.0,3.600770133014824,19_1221
O=C(Nc1ccc(Oc2ccnc(NC(=O)C3CC3)c2)cc1)Nc1ccc(-c2ccc3ccccc3c2)cc1,-8.0,3.250801554104304,19_1222
Oc1ccccc1-c1nc(-c2ccc(Br)o2)c[nH]1,-6.5,3.6699750462762992,19_1223
CC(C)C1C(=O)NCCN(c2ccc(-c3ccc4cccc(F)c4c3)[nH]2)CNC(=O)c2cccnc2C1=O,-8.8,1.4821380435957838,19_1224
O=C(c1ccccc1)c1cc(F)ccc1NC(=O)C(c1ccccc1)n1ccnc1,-7.9,3.649672262730223,19_1225
COC=CC1=C(C(=O)CC(=O)C=CC(C)=C2[C@]([CH][C@@H](OC(C)=O)[C@@H](OC(C)=O)C(C)(C)[CH]CC(=O)OC)NC(=O)[C@@]2C)[CH]C1,-5.1,1.4198720853761522,19_1226
CC1CC=CCC1=Nc1ncc(C(=O)N2CCN(c3ccc(F)cc3)CC2)c2ccccc12,-8.7,3.5151410585821625,19_1227
Nc1ccc(-c2ccc(N3CCCC3)nn2)cn1,-5.9,3.6699033040380944,19_1228
CNC(=O)c1ccc(-c2cnc3c(c2)c(Cc2cccc(F)c2)c(O)n3C)cc1C=O,-7.7,3.623692714110489,19_1229
COc1cccc(-n2cc(-c3cccc(C(F)(F)F)c3)c3c(N)ncnc32)c1,-7.9,3.703332363994279,19_1230
Cc1ccc(N(CC(=O)NCc2ccco2)C(=O)CCC(=O)Nc2ccccn2)cc1C,-6.3,3.6718217865064093,19_1231
CC=C(Sc1cc(=O)n(CC(=O)N=C2C=CCC(c3noc(-c4cccs4)n3)C2)cn1)C(=O)Nc1ccccc1,-7.8,3.145073686988173,19_1232
O=C1CSC(c2cccc([N+](=O)[O-])c2)N1c1ccc(Nc2c3ccccc3nc3c(-c4nncc5cc(Cl)ccc45)cccc23)cc1,-8.6,2.9333305925306576,19_1233
COCC1(Cn2cnc3ccc(C)cc32)CCCC1,-5.6,3.55973954094896,19_1234
NCCc1ccccc1-c1ccc(CN2C(=O)c3cccc4cccc(c34)C2=O)cc1,-7.3,3.5673705488321557,19_1235
COc1ccc([C@@H]2Nc3ccccc3C(=O)N2c2ccc3c(c2)OCCO3)cc1O,-8.8,3.6317210552291286,19_1236
CCc1c(-c2ccccc2)nn(-c2ccc(Cl)c(Cl)c2)c1NC(=O)c1cc2cc(Oc3ccccc3C(=O)O)ccc2o1,-8.0,3.179431802078838,19_1237
c1ccc(Oc2ccccc2-c2cccc(-c3nc(-c4ccccc4)c[nH]3)c2)cc1,-7.3,3.3723336175799217,19_1238
N#Cc1c(-c2ccc(Cl)cc2)cc(Cc2cc(CCC(=O)O)n(Cc3ccc(F)c(F)c3)c2)nc1N,-7.4,3.541672716372262,19_1239
O=C(Nc1cccc(NC(=O)c2cccc(F)c2)c1)c1cccc(F)c1,-6.7,3.698376152693694,19_1240
Nc1c2ccccc2nc2cc(-c3ccccc3)ncc12,-7.6,3.514564969114298,19_1241
COc1ccccc1OCC(=O)Nc1ccc(-c2cc3ccccc3oc2=O)nc1,-7.5,3.6342870697683343,19_1242
Cc1cccc(N(C(=O)c2ccco2)C(C(=O)NC2CCCC2)c2ccccc2F)c1C,-7.2,3.7055481882069072,19_1243
CC=NOC(=CC)NS(=O)(=O)c1ccccc1-c1ccc(-c2ncco2)cc1CN(C)Cc1ccnn1C,-6.6,3.1990451188116893,19_1244
COc1cc(-c2nnc3n2N=C(c2ccco2)CS3)cc(OC)c1OC,-6.6,3.598416127194028,19_1245
O=C(CN1C(=O)c2ccccc2C1=O)Oc1ccc2ccc(=O)oc2c1,-7.5,3.4015710409339333,19_1246
Cc1ccccc1NC1C=CC=CC(OCC=O)C=CC=CC2(C=NC=CC(C(=O)C=c3[nH]c(-c4ccc(F)cc4)cc3=CCC=O)=CCC=N2)COC=C1,-7.4,1.6007124951400513,19_1247
CNC(=O)c1c(-c2ccc(F)cc2)oc2ccc(-c3cc(C(=O)Nc4cccc(C(F)(F)F)c4)cs3)cc12,-8.1,3.332176909233228,19_1248
C[C@H]1CN(Cc2cccc(-c3cc(C(F)(F)F)cc(C(F)(F)F)c3)c2)CC(=O)N1,-7.8,3.6001950369920754,19_1249
C=CC(=CC=CC(=O)OC)C1Cc2cc(-c3cccc(F)c3)nc(C)c2CCN1,-6.6,2.602960756561147,19_1250
O=C(Nc1cccc(-c2ccnc3cc(-c4ccncc4)nn23)c1)c1ccccc1OC(F)(F)F,-8.5,3.5302085606786013,19_1251
O=C(Nc1ccc(Oc2ccnc3[nH]ccc23)c(F)c1)c1cc(-c2ccc(F)cc2)nc2ccccc12,-8.4,3.4512644907516363,19_1252
O=C(CSc1nnc2scc(-c3ccc(Br)cc3)n12)c1ccccc1,-6.1,3.5298749661175934,19_1253
O=C(NCCC(c1ccccc1)c1ccccc1)c1cc(-c2ccccc2)nc(-c2ccccc2)c1,-8.5,3.247322475031403,19_1254
O=C(Nc1ccc(F)cc1)Nc1cccc(-c2cccc3c(=O)cc(N4CCOCC4)oc23)c1,-8.2,3.639132730780566,19_1255
O=C(CSc1ccccc1)Nc1nnc(-c2ccc(Oc3ccc4c(c3)OCO4)cc2)s1,-6.3,3.5143863801864375,19_1256
N#Cc1c(-c2ccc(O)cc2)[nH]c(SCc2cccc(C(=O)O)c2)nc1=O,-7.5,3.4881741791837078,19_1257
O=C(NCc1cc(=O)n2c(c1C1CC1)SCC2C(=O)O)c1ccccc1,-7.0,3.665999781933351,19_1258
O=C(Nc1cccc(Cl)c1)c1ccc(-c2nc3ccccc3[nH]2)cc1,-7.5,3.611861982868504,19_1259
Nc1ncnc2c1ncn2[C@@H]1O[C@H](COC(=O)Cc2ccc(O)cc2)[C@@H](O)[C@H]1O,-7.6,3.138071751672287,19_1260
Cc1cc(C)cc(C2=CC=CC(C3(c4ccccc4)N=C(N)N(C)C3C)C=C2)c1,-7.5,2.5754805269587577,19_1261
COc1ccc2oc(-c3ccc4c(c3)OCO4)cc(=O)c2c1O,-7.5,3.7280014013755443,19_1262
O=C(Nc1ccccc1O)c1ccccc1Nc1ccc2c(C=Cc3ccccn3)[nH]nc2c1,-7.7,3.301191817544403,19_1263
O=C(C=Nc1ccccc1-c1ccc2c(ccc3ccccc32)c1)NC1=CCC(=O)C(C(=O)O)C=NCCCC=C1,-9.0,1.2982601434424503,19_1264
Nc1nc2ccccc2n1N=Cc1ccc(O)c(CN2CCOCC2)c1O,-7.1,3.4906075969336747,19_1265
O=C(Nc1cccc(-c2ccc(N3CCOCC3)nn2)c1)c1ccccc1,-6.7,3.7724923889935034,19_1266
CC1=CC=C(n2nc3c(c2NC(=O)c2cccc(OC4CCOCC4)c2C)C(C)(C)C3)OC=C1,-8.3,2.5536376943902326,19_1267
Cc1ncc([N+](=O)[O-])n1CC(=O)NN,-4.5,1.7552688950964157,19_1268
O=C(CNC(=O)c1cccc(Oc2ccccc2)c1)Nc1ccc2c(c1)NC(=O)C(c1ccccc1)N2,-7.6,3.3976309934897193,19_1269
CN=CN=CN=C(N)c1cccnc1Oc1ccc(Nc2nc3ccccc3[nH]2)c2ccccc12,-8.9,3.1987498641724033,19_1270
O=c1ccc2ccc(OCCc3ccccc3)cc2o1,-7.0,3.5755365056448465,19_1271
COc1cc(F)c2ncc(Br)c(C(O)CN3CCC(NCc4ccc5c(n4)NC(=O)CO5)CC3)c2c1,-7.1,3.3819352190676435,19_1272
O=C(c1ccc(F)cc1)c1cc(-c2ccccc2)nc2ccccc12,-7.6,3.4527998092217076,19_1273
N#Cc1c(-c2c[nH]c3ccccc23)sc2cc(/C=C3\SC(=O)NC3=O)ccc12,-7.7,3.5960017713931807,19_1274
O=C(O)c1ccc(-c2cc(O)cc3cccc(O)c23)cc1,-7.1,3.6019962971727812,19_1276
O=c1cc(-c2ccc([N+](=O)[O-])cc2)[nH]c2c(-c3cccc(F)c3)cnn12,-7.7,3.6152509201846517,19_1277
Cc1ccc(-c2nc(C(F)(F)F)cn2-c2ccc(S(C)(=O)=O)cc2)cc1Br,-7.4,3.6854304893370684,19_1278
Cc1cc(S(N)(=O)=O)c(C)cc1C(=O)Nc1cccc(-c2ccc(-c3nc4cc(C(=N)NC(C)C)ccc4[nH]3)cc2)c1,-4.4,2.963847166403822,19_1279
CCCN(Cc1ccc(CN(C(C)=O)C(C)C)cc1)C(=O)c1cc2ccccc2s1,-6.6,3.595047668037515,19_1280
C[C@@]1(c2ncccc2C#N)CN(C(=O)c2cccc(F)c2)C[C@H]1CNC(=O)CSc1ccccn1,-7.9,3.6327899346998,19_1281
O=C(c1ccc(-c2ccccc2)cc1)c1cn(-c2cccc(-c3cccc(-c4nc(=O)c5ccccc5[nH]4)c3)c2)c2ncccc2c1=O,-10.1,3.194801290063144,19_1282
O=C(Nc1cccc(Nc2ccnccc(Nc3ccccc3Cl)ncc2)c1)Nc1cccc(C(F)(F)F)c1,-8.2,1.0427326959464231,19_1283
CC(=O)Nc1ccc(-c2cc3cc(C#N)ccc3nc2Nc2cncnc2)cn1,-7.6,3.6206254846124293,19_1284
CCCCCCc1ccc(NC(=O)Nc2cccc(-c3ccc4c(cnc5ccccc54)c3)c2)cc1,-6.9,3.0902702156023,19_1285
COc1ccc(Nc2cc(-c3cccc(C(=O)Nc4ccccc4C(F)(F)F)c3)[nH]n2)cc1,-8.1,3.532118855786383,19_1286
Brc1ccccc1-c1nc(-c2cccnc2)no1,-6.4,3.6756562939453596,19_1287
O=C1C(c2ccccc2)=C(c2c3ccccc3nc3ccccc23)C(=O)N1c1ccc2c(c1)OCO2,-8.8,3.1713825505059816,19_1288
O=C(C=Cc1cc(O)c(O)c(O)c1)NCCCNc1c2c(nc3ccccc13)CCCC2,-6.9,3.240729161252653,19_1289
O=C(NC1CC1)c1cnn2ccc(Nc3ccc4c(cnn4Cc4ccccc4)c3)nc12,-6.7,3.545680782498719,19_1290
Cn1c(-c2nc(-c3ccco3)c(C(=O)c3ccc4ccccc4n3)s2)nc2ccccc21,-8.1,3.4370879512237478,19_1291
O=C(c1cccc(-c2cccc(F)c2)c1)N1CCCC1c1cccnc1,-7.7,3.5574117187898997,19_1292
C[C@H]1C(C(=O)NCCc2ccc(-c3ccccc3)cc2)NC[C@H]1C1=CCC(C(F)(F)F)S1,-7.4,3.579688990311504,19_1293
O=C(Nc1ncc(Cl)s1)c1cccc(S(=O)(=O)Nc2ccc(Br)cc2)c1,-7.1,3.680527533595612,19_1294
CCCCNCCn1c2c(c3ccccc3c1=O)C(=O)c1ccccc1-2,-6.5,3.683869207848165,19_1295
O=c1nc(NCCc2ccc(Cl)cc2Cl)[nH]c(=O)n1-c1ccccc1,-6.6,3.7542089949683897,19_1296
CS(=O)(=O)N1CCC(c2ccc3c(-c4cccc(Sc5ccccc5)n4)[nH]nc3c2)CC1,-7.5,3.694574958382252,19_1297
O=C(Nc1ccc2c(c1)OCO2)c1cc(C2C=CC=CC2)nc2ccccc12,-7.9,3.648156085129341,19_1298
O=C(CSCc1ccc([N+](=O)[O-])cc1)Nc1ccccc1C(=O)Nc1ccccc1F,-7.0,3.54593934124547,19_1299
FC(F)(F)c1c(-c2cccc(OCc3ccccc3)c2)ccn2c(CC3CC3)nnc12,-7.2,3.5842381949670274,19_1300
N#Cc1nc(COc2ccc(Cl)cc2)oc1NCc1ccco1,-5.7,3.7687067620936636,19_1302
O=C1C(SCCO)=C(SCCO)C(=O)N1c1ccc(/C=C/c2ccccc2)cc1,-5.9,3.5748699884906134,19_1303
O=C(Cc1cccc(OCc2ccc3ccccc3n2)c1)c1ccccc1,-7.4,3.466855698502039,19_1304
COc1cccc(-c2nc(CNc3ncc(-c4cccc(F)c4)n3C)c[nH]2)c1,-7.4,3.6958410502196113,19_1305
O=C(Nc1cccc(Cl)c1)N1CCN(C(=O)c2ccccc2)CC1,-7.4,3.7074482482804436,19_1306
Oc1ccc(-c2ccc3c(-c4ccccc4O)nccc3c2)cc1,-7.7,3.568354564666124,19_1307
O=C(Cc1ccc(SCc2ccccc2C(=O)O)o1)Nc1cccc2c1C(=O)c1ccccc1C2=O,-6.6,3.4755949344568013,19_1308
COc1ccc(NC(=O)c2ccc(C(F)(F)F)c(Nc3ncnc4cnc(N5CC[C@H](F)C5)nc34)c2)cc1C(F)(F)F,-8.6,3.299816084380283,19_1309
COc1ccc(-c2cn3c(=O)n(-c4ccccc4)nc3c(N)n2)cc1,-7.7,3.667035931577743,19_1310
Fc1ccc(-n2cc(-c3ccccc3NCc3ccccc3)nn2)cc1C(F)(F)F,-7.9,3.607048645776576,19_1311
O=c1c2sc3ccccc3c2n(Cc2cccc(F)c2)c(=O)n1Cc1ccccc1,-7.5,3.5327564890181566,19_1312
CC1[C@H](CN2C(=O)C=CC=NC=COC3=CC=CC2C=C3)CCN1C(=O)c1cccnc1Nc1cccc(F)c1,-7.9,1.2661486479826412,19_1313
O=C(Nc1cccc(-c2cccc(F)c2)c1)c1cnn(-c2ccnc(C(=O)Nc3cccc(C(F)(F)F)c3)c2)c1,-8.8,3.265540462020322,19_1314
O=C1CN=C(c2cccs2)c2cc3cccc(-c4ccccc4)c3cc2N1,-8.0,2.596182474421939,19_1315
O=C(Nc1cccc(Cl)c1)Nc1cccc(-c2cn3ccnc3c(NCc3ccncc3)n2)c1,-8.2,3.410794176639337,19_1316
Cc1cc(Cl)c2cc(C(=O)N[C@H](C)c3ccc(S(=O)(=O)CC(=O)OC(C)(C)C)cc3)n(C)c2c1,-6.7,3.6576352722204755,19_1317
C=CC=C(C=COC(=CC=O)c1ccc(OCc2ccc(-c3ccc(-c4ccccc4)cc3)cc2)cc1)OCC(Cn1cnc2ccccc21)N1CCOCC1,-6.1,2.492432546358765,19_1318
N#Cc1ccc2cc(-c3[nH]nc(NC(=O)c4cccnc4)c3Br)ccc2c1,-7.6,3.658876643093045,19_1319
COc1ccc(C)cc1Nc1nc2cccc(-c3cccc(C(=O)Nc4cccc(F)c4)c3)c2cc1OC,-7.7,3.366889455651874,19_1320
C=CS(=O)(=O)Nc1ccc(-c2cccc3c2ccn3CC)nc1,-6.4,3.784020096415146,19_1321
Fc1cccc(F)c1Nc1nc2c(-c3cccc(Br)c3)ncnc2s1,-7.9,3.6857884685454456,19_1322
O=C(Cn1ccc2cc(S(=O)(=O)N3CCCC3)ccc21)N1CCN(c2cccc(C(F)(F)F)c2)CC1,-7.4,3.583592852749244,19_1323
Nc1nc(-n2cc(-c3ccccc3)nn2)nc2c1c(=O)ccn2CCO,-6.9,3.449555054566976,19_1324
OC(c1ccc(Br)cc1)c1cc2ccccc2s1,-5.8,3.554516658959434,19_1325
N#Cc1ccccc1CN1CCN(C(=O)c2cc3ccccc3oc2=O)CC1,-7.2,3.669936889860306,19_1326
CCN[C@H]1c2ccccc2C[C@H]1C[C@H](NC(=O)C1CCCN1S(=O)(=O)c1cccc(OC)c1)c1ccccc1,-7.1,3.452596466120317,19_1327
O=Cc1cn(-c2nc3ccccc3nc2[N-]S(=O)(=O)c2ccccc2)cc1Cc1ccccc1,-8.8,3.3322738522453363,19_1328
O=C(c1ccc(F)cc1)c1cnc(Nc2ccccc2F)c2ccccc12,-7.4,3.597860511110995,19_1329
N=C1NC2(OO1)c1cc(Cl)ccc1Oc1ccc(Br)cc12,-7.4,3.4642355610437288,19_1330
CC1=C(C(=O)NCC(c2ccc(C(F)(F)F)cc2)N2CCC(F)(F)C2)C2=S1C=CC(C)C=CC=C2,-7.3,1.0071016776561663,19_1331
Cc1cc2sc3ccc(O)cc3c(=O)c2cc1O,-6.1,3.5093331711017886,19_1332
ON=C(O)c1ccc(CNc2cccc(-c3cc4ccccc4c4ccccc34)c2)cc1,-8.7,2.8358384717518215,19_1333
COC=C1C=C(C=CC(=O)c2c(O)n(Cc3ccc(OC)cc3)c3ccccc23)C=C1OC,-6.5,3.4988617272946216,19_1334
Cn1cc(-c2nc(NC3CCNC3=O)ncc2C(F)(F)F)c2ccccc21,-8.3,3.7337435496606055,19_1335
OCc1cn(Cc2cccc(F)c2)c2cnccc12,-6.5,3.6650855099814503,19_1336
O=C(Nc1cccc(-c2ccnc3cc(-c4ccccc4)nn23)c1)c1ccc2ccccc2c1,-8.6,3.5063893428569894,19_1337
O=C(CSC1=Nc2ccccc2C=Nc2ccccc21)Nc1ccc2ccccc2c1,-7.9,1.6520228012692102,19_1338
COC=C1C=CC(Cn2c(C3Nc4ccccc4C(=O)N3c3ccccc3)nc3ccccc32)=C1,-7.6,3.4828760373515157,19_1339
N#Cc1ccccc1-c1ccc(Cn2c3ccccc3c3ccccc32)cc1,-7.7,3.187348346418081,19_1340
O=C(O)c1cc2cc(O)ccc2c(-c2cccc(C(F)(F)F)c2)n1,-7.6,3.688134806353734,19_1341
Clc1cnc(N=C2NC[C@@]3(CN4CCC3CC4)O2)cn1,-5.7,3.230987003746204,19_1342
C/C(=N/N=c1\scc(O)n1C(=O)c1ccccc1)c1ccc(Cl)cc1,-7.3,3.6671346968459524,19_1343
Clc1ccc(-c2nc(-c3cccc(Oc4ccccc4)c3)nc3c2[nH]c2ccccc23)nc1,-8.5,3.504025364338343,19_1344
O=C1CCc2cc(-c3cc(Nc4cnc5ccccc5c4)nc(NC4CC4)n3)ccc2N1,-9.5,3.4800258489848797,19_1345
O=C(O)c1ccnc(-n2nccc2OCc2cccc(F)c2)c1,-7.2,3.7716422572701696,19_1346
O=C(c1cc(Cl)c(O)cc1O)N1Cc2ccccc2CC1C(=O)N1CCCCC1c1ccccc1,-7.3,3.5803908189486413,19_1348
CS(=O)(=O)Nc1ccc(-c2cc3ccccc3[nH]2)cc1F,-6.3,3.651455482382887,19_1349
Cn1c(=O)nc2n(-c3ccccc3F)c3ccccc3nc-2c1=O,-7.2,3.4854893154367352,19_1350
O=C1CC2CS(=O)(=O)CC2N1c1cccc2ccccc12,-6.3,3.5467868763305663,19_1351
CC(C)(C)OC(=O)N1Cc2ccccc2CC1C(=O)Nc1cccc(C(=O)c2ccccc2)c1,-8.7,3.65606371745007,19_1352
O=C1Nc2ccc(I)cc2C12c1ccc(O)cc1Oc1ccc3ccccc3c12,-7.8,3.311024615425984,19_1353
O=C(Nc1cccc(-c2ccnc3c2CC(C(=O)Nc2ccccc2)O3)c1)Nc1ccc(-c2ccccc2)cn1,-9.0,3.30287148507879,19_1354
C[C]1OCOC([CH]OC(C)=O)[CH][C@@H]2C[C@@H]3C=CC(=O)C(OC(C)=O)[C@]2(C)[C@@H](C[C@H]1c1ccoc1)c1ccccc1/C=C/C(=O)O3,-7.2,0.6782788934451087,19_1355
O=C1Nc2ccccc2C(=O)NN=CC1=Cc1ccc(O)c(Br)c1,-8.0,1.3696752298129917,19_1356
O=C(c1ccc(Nc2nc3ccccc3n3cnnc23)cc1)N1CCN(c2ccccc2O)CC1,-7.8,3.4628360007237378,19_1357
CN(c1ccc(F)cc1)c1ccc(N(CC(F)(F)F)S(=O)(=O)c2ccc3ccccc3c2)c(Cl)c1,-7.1,3.4348694235271164,19_1358
O=C(Cn1c(C(O)O)nc2ccccc2c1=O)NC(Cc1ccccc1)C(=O)Nc1cccc(C(=O)O)c1,-8.0,3.0309807658491836,19_1359
O=C(CN1C(=O)NC2(CCc3ccccc32)C1=O)c1ccccc1,-6.8,3.5573056891648407,19_1360
O=C(CCCN1C(=O)c2ccccc2Nc2ccccc21)Nc1ccc2c(c1)-c1ccccc1OC2,-8.7,2.4871036498163717,19_1361
NCC1C=CN=CC=CC(CCNC(=O)C2CC[C@H]3CN(S(=O)(=O)Cc4ccccc4)CC(=O)N23)=CC1,-7.1,1.144770221659389,19_1362
C=C(C=CC=CCN(CC1=CC=CC1)Cc1cnc2c(C)cccc2c1)c1cccs1,-6.4,3.330517242970675,19_1363
C#CC(F)=CC=CC1CCN(Nc2cc3c(-c4ccccc4)cccc3c(N=C3C=C(C=CC(=O)OC)CC3)n2)CC1,-7.3,3.1185974323403443,19_1364
O=C(Nc1ccn([C@@H]2O[C@H](CO)[C@@H](O)C2(F)F)c(=O)n1)c1cccc(-c2ccccc2)c1,-7.8,3.579298376917542,19_1365
O=CC(=Cc1cc2ccccc2cc1NCc1ccccc1)c1ccc(-c2ccc(Cl)cc2)cc1,-7.2,2.95549743833552,19_1366
Cc1ccc(NC(=O)CN2C(=O)COc3ccc(S(=O)(=O)N4CCOCC4)cc32)cc1C,-7.2,3.617767655948988,19_1367
CC(C)c1nnc(CN(C)C2CCN(Cc3ccccn3)C2)o1,-6.1,3.6518774721975555,19_1368
O=C(O)CNC(=O)c1sc2ccccc2c1Br,-5.4,3.624133757585879,19_1369
O[C@@H](c1ccccc1)c1ccccc1-c1nc2ccccc2c2nc3ccccc3nc12,-8.7,3.315544656635514,19_1370
Cc1ccc(Nc2ccc(-c3ccccc3-c3nc[nH]n3)cc2NC(=O)Nc2cccc3ncccc23)nc1,-9.2,3.1346368831152063,19_1371
O=C(NNc1nc2ccccc2nc1-c1cccs1)c1ccccc1,-7.6,3.680305704096994,19_1373
O=C(c1cc2ccccc2n1Cc1ccc(F)cc1)N1CCC(C(=O)N2CCN(c3cccc(Cl)c3Cl)CC2)CC1,-8.8,3.3888194163430594,19_1374
O=C(c1ccc(OCc2ccccc2Cl)cc1)N1CCN(Cc2nc(-c3ccc(F)cc3)no2)CC1,-6.8,3.5808095388541403,19_1375
O=C(NCc1ccc(F)cc1)c1nc(N2Cc3ccccc3C2)ncc1Cl,-7.6,3.7766717929721487,19_1376
O=C(Nc1ccc(CN2CCOCC2)cc1)c1cccc(-c2cccc(-c3ccccc3)c2)c1,-7.3,3.523553697756423,19_1377
CS(=O)(=O)Nc1cccc2c(-c3cccc(Nc4nccc(C(F)(F)F)n4)c3)cccc12,-8.2,3.6277054718889543,19_1378
CCCCC1=NC(=O)N2C=C(c3ccc(-c4c[nH]c([C@H]5CCCN5C(=O)C(C)NC(C)=O)n4)cc3)NC2c2ccccc2C1=O,-7.0,1.3266777507461618,19_1379
O=C(c1ccc2c(c1)C(O)(C(F)(F)F)c1ccccc1-2)N1CC(F)(F)C(=O)C1(F)F,-8.1,3.4797773690751157,19_1380
O=C(c1ccc(NS(=O)(=O)c2ccc(Cl)cc2)cc1)N1CCN(c2cccc(Cl)c2)CC1,-7.3,3.7454569844686043,19_1381
Nc1ccc(-c2cc(-c3ccccc3)cnc2N)cc1,-7.1,3.5793353577174285,19_1382
O=C(c1ccc(F)cc1)C1CCN(CC2CCCN(C(=O)/C=C/c3cccc(Oc4ccccc4)c3)C2)CC1,-6.6,3.31074860609879,19_1383
O=c1[nH]c(=O)n([C@H]2C=C[C@@H](OCP(=O)(O)O)C2)cc1-c1cc2ccccc2o1,-7.7,3.43470319258043,19_1384
COc1ccc2[nH]cc(C(c3ccccc3-c3ccccc3)N3CCN(C(=O)c4ccc(F)cc4)CC3)c2c1,-8.8,3.3776227274940602,19_1385
O=C(/C(=C\c1ccccc1OCc1ccccc1)Sc1ccc(Cl)cc1Cl)c1cccc2ccccc12,-6.3,2.8801518490632985,19_1386
COc1cccc(-n2c(C)cc(C(=O)CSc3ccc4c(c3)OCCO4)c2C)c1,-6.5,3.587677823586234,19_1387
O=S(=O)(Cc1c(-c2ccccc2Cl)nc2ccccn12)c1ccc(Cl)cc1,-8.1,3.6278835279928314,19_1388
O=C(Nc1cccc(C(F)(F)F)c1)c1cccc(Nc2nccc(-c3cccc(-n4ccnc4)c3)n2)c1,-7.8,3.3504605029618606,19_1389
O=C(NCc1ccc(C(F)(F)F)nc1)c1ccc(-c2cccc3c(=O)cc(N4CCOCC4)oc23)cc1,-7.9,3.64235228673481,19_1390
Cc1ccc(S(=O)(=O)N(C(=O)c2ccncc2)c2ccccc2C(=O)NC2CCCCC2)cc1,-7.8,3.7228387387859456,19_1391
O=C(Nc1cccc(Cl)c1)c1ccccc1NC(=O)c1ccccc1Nc1cccc(-c2ccccc2F)c1,-9.2,3.2259925617998553,19_1392
O=C(Nc1cc2ccccc2oc1=O)c1ccc(CNS(=O)(=O)c2ccc(F)cc2)cc1,-7.3,3.587178979392442,19_1393
COc1ccc(S(=O)(=O)Nc2cccc(-c3ccc(-c4cccc(OC)c4)o3)c2)cc1,-8.3,3.6504959514017914,19_1394
CNN=C(C)N=c1c(C)c(C=COC)cnc2cc(Cl)ccc12,-6.7,2.5314339497735325,19_1395
O=CCC1C[C@H]2CC(c3cccc4c3NCC4)=CC=C[C@H]1[CH]C/C2=C/C1=C=Nc2ccccc21,-8.0,1.0369220498932972,19_1396
C[C@@H]1CN(c2cc(-c3[nH]nc4ccc(-c5cnn(C)c5)cc34)ncn2)CCO1,-8.2,3.680169757312515,19_1397
O=c1c(-c2cccc(F)c2)c2ccccn2c(=O)n1CCCCN1CC=C(c2c[nH]c3ccc(Cl)cc23)CC1,-7.3,3.398583187049059,19_1398
O=C(NCCCCCOC=C1C=CC(c2ccccc2-c2cc(-c3ccccc3)c3cc4ccccc4cc3c2)=C1)c1ccc(F)cc1F,-7.7,2.704428758483793,19_1399
O=CC1([C@H]2CCCNC2)N(c2ccccc2)C(=O)c2nc3ccccc3n21,-6.7,3.6260831874258757,19_1400
COC(=O)CSC=NC(=CC(=CC#N)c1ccc(OC)cc1)c1ccccc1,-6.0,3.2697685798631517,19_1401
O=C(Nc1nc2ccccc2[nH]1)c1cccc2c1C(=O)c1ccc(N3CCOCC3)cc1S2(=O)=O,-7.7,3.4634535350490117,19_1402
COc1ccccc1C(=O)Nc1nnc(S(=O)(=O)N(C)c2ccccc2C)s1,-6.7,3.634736014114522,19_1403
CC(C)CCNc1nc2ccccc2n(C2CCN(C3CCCCCCC3)CC2)c1=O,-7.3,1.700511865528389,19_1404
O=C1CN(C(=O)COc2ccccc2)C2(C(=O)Nc3ccccc32)C(=O)N1c1cccc(F)c1,-9.1,3.54546182426508,19_1405
ON=C(O)c1cccc(-c2nn(-c3cccc4ccccc34)c3ccccc23)c1,-8.9,3.2569744016516777,19_1406
COc1ccc2c(O)c(C=C3C=Nc4ncccc43)oc2c1CN1CCNCC1,-7.3,3.648440933113058,19_1407
CC(C)(c1cc(-c2cccc(-c3ccc(C(=O)O)c(F)c3)c2)c2ncccc2c1)S(C)(=O)=O,-7.5,3.6570299663269275,19_1408
Cc1c(N(C(=O)c2ccc3c(c2)OCO3)C(C(=O)NC2CCCC2)c2ccco2)oc2ccccc12,-7.9,3.519479065823023,19_1409
O=Cc1cccc(NC(=O)C2=Cc3cccc(=CC(=O)Nc4ccccc4O)c3=C2)c1,-7.3,3.5355833882447882,19_1410
O=C1NC(=S)S/C1=C\c1ccc(-c2ccc3c(=O)c4ccccc4[nH]c(=O)c3c2)cc1,-8.2,2.5632596308335174,19_1411
O=C(c1ccc(OCc2ccccc2F)cc1)C(c1ccccc1)N1CCCCC1,-6.6,3.5137069138186696,19_1412
O=C(c1ccc(-c2ccccc2CO)cc1)N1CCc2c(cnn2-c2ccc(F)cc2F)C1,-7.7,3.6922211470883233,19_1413
Cc1cc(=O)n2nc(NC(=O)c3ccc(C#N)cc3)sc2n1,-7.4,3.625632283115345,19_1414
O=C(Nc1nnc(-c2cc3ccccc3o2)s1)c1ccc(Cl)cc1,-7.3,3.7147489309957105,19_1415
CCC(C(N)=O)c1ccccc1CCc1nc(Nc2ccc(C(F)(F)F)cc2)ncc1F,-6.8,3.6378249104780833,19_1416
CCCCNc1nc(N)c2[nH]c(=O)n(Cc3ccc(F)cc3F)c2n1,-6.8,3.5702568593985715,19_1417
Cc1c(OC(=O)c2ccc(F)cc2)cccc1-n1c(C2C=CC=CC2)nc2ccccc2c1=O,-7.6,3.4790859608827165,19_1418
Cn1nc(-c2cccc(Cl)c2)c2c1c(=O)[nH]c(=O)n2-c1ccc2c(c1)Cc1ccccc1-2,-7.5,3.5564926287246976,19_1419
O=C(Cn1nc2c(N3CCOCC3)nccn2c1=O)Nc1cccc(C(F)(F)F)c1,-7.3,3.6063540315403286,19_1420
CO[C](c1ccc2ccccc2c1)c1cccc2ccccc12,-7.1,3.1794998938604246,19_1421
NC(=O)c1nn(CC(=O)N2C(C(=O)Nc3cccc(Br)c3F)C[C@H]3C[C@H]32)c2cnccc12,-8.3,3.507208011295534,19_1422
O=C(Cc1ccc(O)cc1)NC[C@@H]1CCN(c2ccc(OCC(F)(F)F)cc2)C(=O)C(c2cccc(F)c2)N1,-7.6,2.499121172680684,19_1423
O=C(NC(Cc1ccc2c(c1)OCO2)c1cnc2ccccc2n1)Oc1ccccc1F,-7.8,3.7001529817030705,19_1424
O=C(c1ccccc1Nc1ccc2ccccc2c1)N1CCN(c2ncccn2)CC1,-8.1,3.6948272707283722,19_1425
Cc1cn(-c2c(F)cccc2F)nc1C(=O)Nc1cccnc1,-6.7,3.768360265147769,19_1426
O=C1c2c(ccc(O)c2O)CN1Cc1c(F)cccc1F,-6.8,3.6149132133797144,19_1427
O=C(c1c(O)cc(Cl)cc1Cl)N1CCC2(CC1)OCc1ccccc12,-7.2,3.6313430095152652,19_1428
O=C(Nc1ccc2c(c1)OCO2)c1cccc(Cc2n[nH]c(=O)c3c2CCCC3)c1,-8.2,3.6563609643101422,19_1429
N=NN(C=CC(=O)O)Cc1ccccc1C1Nc2ccccc2-c2cccc(CN3CCN(c4ccccc4)CC3)c21,-7.5,3.056913443331529,19_1430
O=C(Cc1ccccc1)N=CC1=CC(=CC2=CC(=NC(=O)c3cccc(NC(=O)c4ccc5ccccc5n4)c3)C=C2)CC1,-6.3,3.2746952199766843,19_1431
O=C(O)c1cccc(-c2cccc(CC(NC(=O)C3CCC(c4cccc5cccc(Cl)c45)CC3)C(=O)O)c2)c1,-7.7,3.2990567456345588,19_1432
Cc1ccc(Nc2cn3c(-c4ccc(N5CCN(C)CC5)cc4)cnc3cc2C)cc1,-7.4,3.630692648091509,19_1433
O=C(Nc1cc(F)ccc1N1CCC(CO)CC1)c1cccc(Cl)c1,-7.5,3.749874109172543,19_1434
Cc1ccc(-c2nncn2-c2ccccc2C(F)(F)F)cc1C,-6.6,3.634162401901328,19_1435
NS(=O)(=O)c1cc(NC(=O)Cc2ccccc2F)ccc1Oc1ccccc1-c1ccccc1,-8.1,3.510921379422749,19_1436
Cc1ccc([C@@H]2CNC(=O)C2NC(=O)Nc2ccccc2Cl)o1,-6.6,3.639464107696522,19_1437
COC=CC(C(=COC)OC)c1nc(NCc2cccc(Cl)c2)c2ccc(C(N)=O)cc2n1,-7.0,3.5302919552298553,19_1438
O=C(c1cccs1)N1N=C(c2ccccc2)CC1c1ccccc1OCc1ccccc1,-7.7,3.5365933203918294,19_1439
COc1ccc(CNC(=O)c2sc3nc4n(c(=O)c3c2C)CCCCCC4)cc1,-6.9,1.9407621320306059,19_1440
C=CC(=CC=CC)S(=O)(=O)NC(=O)Nc1cccc(-c2nc(-c3ccc(Oc4cccc(Cl)c4)cc3)no2)c1,-8.1,3.20857715594095,19_1441
Cc1ccc(-c2nc(Cn3ccnc3C(C)C)co2)cc1,-6.6,3.6940146042174717,19_1442
CC(=O)c1cccc(NC(=O)CSc2nnc3ccc(-c4cccc(F)c4)nn23)c1,-6.3,3.561919810962263,19_1443
CNC(=O)n1cc(NC(=O)N[C@@H]2CN(C3CCOCC3)C[C@H]2c2ccc3c(c2)CCO3)c2ccccc21,-9.1,3.3890159213792668,19_1444
O=c1[nH]c2cc(F)cc([C@H]3CCN(c4ncccn4)C3)c2[nH]1,-6.4,3.677448257508938,19_1445
O=C(c1ccc2ncsc2c1)N1C2CCC=C[C@@H]21,-5.8,3.361885366192577,19_1446
Cc1nc(-c2ccccc2N2c3ccccc3-c3ccccc3C2CC(=O)Nc2cccc(C#N)c2)cc(=O)[nH]1,-8.3,3.365129147153038,19_1447
Cc1ccc(C(=O)Nc2ccccc2-c2ncn(C(=O)N(C)C)n2)cc1,-8.3,3.790740658425081,19_1448
CCN(CC)c1nc2ccccc2nc1C(=O)Nc1ccc2c(ccn2CCN2CCOCC2)c1,-6.4,3.6107633091470728,19_1449
O=C(Nc1ccc2c(O)cccc2c1)c1ccc(N2Cc3ccccc3C2=O)cc1,-7.0,3.6032983584085425,19_1450
Cc1cc2c(cc1S(=O)(=O)N1CCN(CCN(C)C)CC1)n(C)c(=O)n2Cc1ccccc1,-6.4,3.62060191134067,19_1451
O=C(Nc1ccc(-c2nc3ccccc3[nH]2)cc1)c1ccccc1COc1ccc(F)cc1,-7.2,3.389509228924104,19_1452
COc1cccc(-n2nc(C(=O)O)c(-c3cn(C)c4ccccc34)c2C(=O)O)c1,-7.3,3.6547138102894117,19_1453
OCc1cncc(-c2ccc3c(c2)CN2CCC3(c3ccc(Cl)cc3)C2)n1,-6.7,3.665748025811474,19_1454
CN1c2c(ccc3ccccc23)C(c2ccc(F)cc2)=NC1C1=CC=CC(=O)NCc2ccc(C(F)(F)F)cc2C1,-8.6,1.1543112260440607,19_1455
O=C1C=CC(C(F)(F)F)=CCCc2c(cccc2-c2cccc(C(F)(F)F)c2)N1,-8.6,1.2566713886517178,19_1456
COc1ccc(C2=Nc3ccccc3NC(=O)C2N(Cc2ccco2)C(=O)c2ccc(C)cc2)cc1,-7.1,2.655001880644666,19_1457
O=C(ON=C1c2ccccc2C(=O)c2cc(Br)ccc21)c1ccncc1,-7.7,3.6098458867621366,19_1458
CNC(=O)CNC(=O)c1ccc(-c2cc(Nc3ncccc3F)cc(C(F)(F)F)c2)cc1,-8.2,3.6058848606771017,19_1460
O=C(Nc1cccc(F)c1)c1cccc(C(=O)Oc2cccc(Cl)c2)n1,-7.0,3.700779313165369,19_1461
O=C(c1cccc(F)c1)N1CCN(C(=O)c2cc3cc(Nc4nccc(-c5ccccn5)n4)ccc3[nH]2)CC1,-6.9,3.4547625997449174,19_1462
O=C(c1c(-c2ccc(F)cc2)ncn1Cc1ccco1)N1CCN(c2ccccn2)CC1,-8.2,3.678420354265845,19_1463
Cc1cc(-c2[nH]nc3cc(NC(=O)NCCc4cc5ccccc5o4)ncc23)ccn1,-8.1,3.463930017768414,19_1464
O=C(COc1ccccc1O)Nc1ccncc1-n1cnc2ccccc21,-7.0,3.6611368614830937,19_1465
O=C(Nc1cccc(-c2cn3c(n2)SCC3)c1)c1cc2c3ccccc3c3ccccc3c2[nH]1,-8.5,3.391293289850893,19_1466
O=C(Nc1cccc(Cl)c1)Nc1nc2ccccc2n2nnnc12,-7.5,3.5915937205866335,19_1467
N=C(N)c1cccc(-c2ccccc2-c2cccc(C(=N)N=C(N)c3ccc(I)cc3)c2)c1,-7.6,3.1626401188756574,19_1469
O=C(c1ccc(F)cn1)N1CCN(Cc2c(-c3cccc(Cl)c3)nc3ccc(-c4ccccc4)cn23)CC1,-8.6,3.4401084990875566,19_1470
Cn1nc(-c2cccc([N+](=O)[O-])c2)cc1-c1cccc(C(=O)NC(CC(=O)O)C(=O)Nc2ccccc2)c1,-7.4,3.2324179654686462,19_1471
NCCNC1CC(c2ccc3ccccc3c2)c2ccccc21,-7.1,3.5741441705166386,19_1472
Cc1cccc(NS(=O)(=O)c2ccc3c(c2)N(C(C)C)CCC(=O)N3C)c1C,-7.1,2.8324293944559065,19_1473
O=C(Nc1ccc(F)cc1F)c1c(O)c2cccnc2n(-c2ccc(Cl)c(Cl)c2)c1=O,-8.1,3.644284089162478,19_1474
O=CNc1cc(Nc2ccccc2)c2ccc(-c3cc4ccccc4[nH]3)cc2n1,-7.5,3.3940963933397867,19_1475
O=C(Nc1ccc(N2CCN(c3ccc(F)cc3)CC2)cc1)c1ccccc1,-6.5,3.694842547795384,19_1476
O=C(Nc1cc2c(NC[C@H](F)C(F)(F)F)ncnc2c2c1CCCC2)c1cccc(C(F)(F)F)c1Cl,-7.9,3.5092053369414513,19_1477
N#Cc1cccc(-c2cc(C(=O)N3CCN(c4ccccn4)CC3)no2)c1,-6.8,3.7020794019198306,19_1478
O=C1N=C(Nc2ccc(Oc3ccccc3)cc2)S/C1=C/c1ccccc1,-6.7,3.6697865703376262,19_1479
CN=CCC(=CN=CC1=CC(NC(=O)Nc2ccc(C(F)(F)F)cc2)CC1)c1cccc(CO)c1,-6.5,3.5007663231688184,19_1480
O=S1(=O)CCN(c2ncc(F)cn2)CC1c1ccccc1,-6.5,3.6532803604529813,19_1481
C[C@@H]1CNC(=O)CC(C(=O)NCCCN2CCN(c3cccc(Cl)c3)CC2)=NC=N1,-6.8,1.286847014762233,19_1482
CC=C1C(=Nc2ncnc3ccc(N)cc23)C=C(C=CC(=O)Nc2cccc(Oc3ccc4c(C=Cc5ccccc5)[nH]nc4c3)c2)C1C,-8.2,2.8816676275853137,19_1483
O=C(NCc1ccc(OC(F)(F)F)cc1)C1CCC[C@H]1c1nc2cc(Cl)c(Cl)cc2[nH]1,-7.3,3.6521029857746568,19_1484
O=C(Nc1cccc(-c2cccc(-c3nc4ccccc4[nH]3)c2)c1)c1ccccc1Cl,-8.9,3.4275165588605,19_1485
CN1Cc2cccc(c2)C(O)c2ccccc2C(c2ccccc2F)O1,-7.0,1.4644502169036526,19_1486
NC(=O)n1cc(NC(=O)N2C[C@@H](N)CC2C(=O)NCc2cccc(F)c2F)c2ccccc21,-7.9,3.48801902229863,19_1487
O=C1CCCCNC2[C@@H](C#Cc3cc4ncnc(Nc5ccc(OCc6cccc(F)c6)c(Cl)c5)c4s3)NC[C@H]2O1,-7.7,0.9843867654122498,19_1488
CS(=O)(=O)Nc1ccc(Cl)cc1-c1ccccc1-c1nccc(N)n1,-6.2,3.7357463852190675,19_1489
Cc1ccc2nc(Cl)c(Cn3ccc4ccc(-c5cccc(Cl)c5)nc43)cc2c1,-8.2,3.3289770286506197,19_1490
O=C(c1ccccc1)N1C[C@@H]2CC(c3nc(C4CC4)no3)C[C@H]2C1,-7.1,3.509339351085714,19_1491
CCOc1ccccc1Nc1nc(-c2cccc(F)c2)cc(-c2ccccc2NC(=O)c2cccc(C)c2)n1,-8.5,3.3254936555046393,19_1492
O=C(N[C@H]1CCC[C@@H]1NC1=C=C=CC(C(F)(F)F)=C1)c1ccc(-n2ccccc2=O)cc1,-7.2,3.610813215229551,19_1493
O=c1c(C2=CC(c3ccccc3[N+](=O)[O-])O2)c2ccccc2nc2ccccc12,-8.1,2.565589683122225,19_1494
NS(=O)(=O)c1ccccc1NS(=O)(=O)c1ccc(-c2ccccc2)cc1,-7.9,3.737503626132865,19_1495
CC1=NC(=O)NC(c2ccc(C)s2)C1C(=O)OCc1ccccc1,-6.6,3.7696576582570525,19_1497
O=C(Cn1c2ccc(F)cc2c2nc3n(c(=O)c21)CCS3)N1CCCCC1,-7.7,3.5316273626573285,19_1498
Clc1ccc(-n2cc(CN(Cc3cn(-c4cccc5cc(Cl)ccc45)nn3)c3nc4ccccc4s3)nn2)cc1,-7.2,3.2304511339849844,19_1499
O=C(c1ccc([N+](=O)[O-])o1)N1CCC(c2nc(-c3ccc(F)cc3)no2)CC1,-7.5,3.525975796063828,19_1500
O=C(c1ccc(S(=O)(=O)N2CCCC2)cc1)N1c2ccccc2Sc2ccccc21,-7.6,3.613979120459227,19_1501
COc1ccc(CNC(=O)C=Cc2ccc(Nc3cc4c(cc3C(C)C)OCCO4)cc2O)cc1,-6.5,3.495649441731171,19_1502
CNC(=O)C(NC(=O)c1ccc(-c2cccc(CNc3ccnc4cc(Cl)ccc34)c2)o1)c1ccccc1,-7.3,3.3300599673678466,19_1503
O=C1N=CN1,-2.9,0.26739547894453075,19_1504
COc1ccccc1[C@@H]1NC(=O)N(c2ccccc2C)C(=O)c2cc(Sc3ccc(F)cc3)sc21,-8.5,2.6196079182402316,19_1505
Cc1cccc(Nc2nc(Nc3ccc(-c4ccccc4)cc3)nc(Nc3ccccc3C)n2)c1,-8.7,3.3240151834853946,19_1506
O=C(/N=C1\c2ccccc2C(=O)c2cnccc21)NCc1cccc(Oc2ccccc2)c1,-7.9,3.582302365723474,19_1507
O=C(NCCc1nc(-c2ccccc2)cs1)c1ccccc1F,-6.9,3.7488516750855574,19_1508
CS(=O)(=O)Nc1ccc(Nc2c3ccccc3nc3ccc(N4CCOCC4)cc23)cc1,-7.7,3.6207235196840886,19_1509
O[C@H](CNc1ncc(-c2ccccc2)c2ccccc12)CN1CCN(C(c2ccccc2)c2ccccc2)CC1,-8.0,3.3198791046889156,19_1510
Clc1cnc2[nH]c(-c3ccccc3OCc3ccccc3)nc2c1,-7.1,3.680806795251117,19_1511
O=C(c1ccc2cc(Oc3ccc(C(F)(F)F)cn3)ccc2n1)N1CCN(c2ccccc2)CC1,-7.7,3.595176768648538,19_1512
Fc1ccc(-c2ccccc2-c2nnc(-c3ccccc3)o2)cc1,-7.1,3.583007750818417,19_1513
O=c1c2ccccc2[nH]c2c1c1ccccc1c(=O)n2CCc1ccccn1,-7.9,3.487216702646326,19_1514
O=C(N=CC1=CC(=CCC(=Nc2c(F)ccc(F)c2Cl)c2ccc(F)cc2F)C=C1)c1ccccc1C(F)(F)F,-7.5,3.171857850876173,19_1515
COc1cc(C2=Nc3cc4cc(c3OC)OCC(=O)C(Cc3cc(-c5ccccc5OC)no3)c3ccccc3CC24)ccc1O,-7.4,0.774110153887289,19_1516
O=C1N=C2SC=CN2C1=Cc1cccc(-c2cccc(F)c2)c1,-7.2,3.506006427287396,19_1517
O=C(NCCCO)c1cccc(-c2cc3nccc(-c4cccc(NC(=O)c5cccc(C(F)(F)F)c5)c4)n3n2)c1,-8.5,3.247332710844777,19_1518
CNC(=O)c1ccc(Nc2ncc(C(F)(F)F)c(Nc3ccccc3OC)n2)cc1,-8.4,3.6403068902007183,19_1519
O=CC1c2ccccc2C1c1cccc(NC(=O)c2ccccc2NS(=O)(=O)c2ccc3ccccc3c2)c1,-7.2,3.3048958000706232,19_1520
NC(=O)c1c[nH]c2nc(-c3ccc(F)cc3)cc(-c3ccc(F)cc3)c12,-7.3,3.6281985304420696,19_1521
CCn1cc(C(=O)N2CCC(c3c[nH]c4ccccc34)CC2)c2ccccc21,-8.2,3.560983859997883,19_1522
O=C(Nc1cccc(Nc2nccc(Nc3ccc4ncsc4c3)n2)c1)c1cccc2ccccc12,-8.9,3.3257402451610174,19_1523
C=CC(=O)Nc1cccc(-c2cncc(C#N)c2)n1,-5.8,3.652084273957445,19_1524
Cc1c(NC(=O)c2cscn2)cccc1-c1ccc(-c2ccc3cccc(F)c3c2)[nH]c1=O,-8.0,3.426022416726512,19_1525
COc1cc(C(=O)NNC(=S)Nc2cccc(F)c2C)cc(OC)c1OC,-6.1,3.576823581890326,19_1526
N#Cc1ccc(Oc2cccc(N(Cc3cccc(OC(F)(F)C(F)F)c3)CC(O)C(F)(F)F)c2)cc1,-6.7,3.505989488040261,19_1527
O=C1Nc2cc3c(F)cccc3cc2S(=O)(=O)c2cc(-c3ccccc3)ccc21,-8.7,2.646933274491313,19_1528
O=C(Oc1ccc(N(C(=O)c2ccc(F)cc2)C(=O)c2cccc(Br)c2)cc1)c1ccc(-c2ccccc2)cc1,-8.0,3.108571103538722,19_1529
Cc1cc(C)c(-c2nc3ccccc3o2)cc1C(=O)N1CCC(c2ccc(C#N)cc2)CC1,-7.8,3.5595514017432257,19_1530
CC(=O)N(C)Cc1cccc(-c2cccc(NC(=O)c3cccc(Cl)c3Cl)c2)c1,-7.5,3.6539436109949817,19_1531
C=CC(=O)Nc1cccc(-c2cnc3c(Nc4cccc(OC(F)(F)C(F)F)c4)nccn23)c1,-7.0,3.463523801319932,19_1532
CCCOc1ccc(/C=N/NC(=O)c2ccccc2OC)cc1,-5.9,3.6724257536426803,19_1533
O=c1[nH]c2ccccc2n1-c1ccc(-c2ccc(NS(=O)(=O)c3ccc(F)cc3)cc2)cc1,-8.4,3.571828271015775,19_1534
O=C1C(=O)N(CCc2ccccc2)C(c2ccc(F)cc2)C1C(=O)c1ccc2[nH]ccc2c1,-6.9,3.470824223245539,19_1535
O=C(NNC(=O)C1C2C=CC(C2)C1C(=O)O)c1ccccc1,-6.4,3.3266817325446683,19_1536
CCCOc1ccc(Nc2c3ccccc3nc3ccccc23)cc1,-6.4,3.5254926267227313,19_1537
O=C(c1cccc2ccccc12)N(Cc1ccccc1)c1ccc(-c2cc3ccccc3c(-c3ccccc3)n2)cc1,-8.2,2.9322640860999143,19_1538
Cc1ccccc1-c1nc2ccccc2nc1Nc1ccc(C#N)c(C2=CC=CCC2)c1,-8.0,3.5669810520844702,19_1539
O=C(O)c1ccc(N=Nc2c(O)[nH]c3ccccc23)cc1,-7.4,3.588896866544606,19_1540
Cn1c(-c2cccc(-c3cccc(C(=O)N4CCN5CCC[C@H]5C4)c3)c2)nc2ccccc21,-9.0,3.488751159090317,19_1541
CC(C)=CCC1(CC=C(C)C)C(=O)c2ccccc2C1(O)c1ccccc1,-5.5,3.509895181443443,19_1542
COc1cccc(F)c1CN1C[C@H](NC(=O)c2ccc3[nH]nc(-c4ccnc(C)c4)c3c2)CCC1C(=O)N(C)c1ccccc1,-8.1,3.320983456455795,19_1543
FC=C1C=CC(C(=Nc2ccccc2)C2=NN=CCC=C(c3ccc(Br)cc3)NN2)=C1,-8.0,1.3527945858922665,19_1544
CC=CCC(F)=NC(=O)c1cccc(NC(=O)c2cc(-c3ccccc3)nc3ccccc23)c1,-7.6,3.475337419556105,19_1545
CNC(=O)NCc1ccccc1NC(=O)N[C@@H]1CC(CF)(CF)Oc2cc(C(F)(F)F)ccc21,-8.1,3.4238026087420925,19_1546
CCc1cnc(C)nc1N1CC[C@@H]2[C@@H](CO)Nc3ccc(-c4ccccc4F)cc3[C@@H]21,-6.9,3.63465738897874,19_1547
CC=C(OC=C1C=CC(S(=O)(=O)N2CCN(c3ccccc3)CC2)=C1)C(=O)Nc1ccccc1Cc1ccccc1,-7.8,3.3476673052523918,19_1548
O=c1ccc(OCCCN2CCC(c3noc4cc(F)ccc34)CC2)nn1-c1cccc(F)c1,-6.9,3.5422981575651438,19_1549
O=C(c1nn(-c2ccccc2)c2c1CS(=O)(=O)c1ccccc1-2)N1CCOCC1,-7.1,3.6051342580678165,19_1550
COc1ccc(C(=O)Nc2cccc(C)c2C)cc1S(=O)(=O)N1CCOCC1,-7.0,3.771608949968786,19_1551
Cc1cccc(N=C2Nc3ccccc3Nc3nn(C)cc32)c1,-8.1,2.700702132925012,19_1552
Cc1ccc(NC(=O)Nc2cccc3ccc(O)cc23)cc1-c1ccccc1Cl,-7.4,3.445089294013612,19_1553
Nc1c(C(=O)c2cc(-c3ccc(F)cc3F)ccc2F)c2ccccc2n1Cc1ccccc1,-7.8,3.331643376770983,19_1554
O=c1cc(CN(Cc2ccccc2)Cc2ccccc2)c2ccccc2o1,-7.0,3.4679429507281787,19_1555
NOc1ccc(-c2ccccc2)cc1-c1cccc(NC(=O)c2ccccc2)c1,-8.4,3.5478197050994726,19_1556
C=C1c2ccccc2Cc2c(C3C=CC=CO3)cc(-c3ccccc3)nc21,-7.9,3.336286904010182,19_1557
Cc1noc(NC(=O)c2cccc(Cl)c2Cl)c1-c1ccccc1F,-5.8,3.712058096812253,19_1558
O=C1OCC(c2ccc(O)cc2)=C1/N=C\c1cccc(Cl)c1Cl,-6.3,3.6638195175097055,19_1559
O=C(CNc1ncnc2c1c(-c1ccccc1)nn2[C@@H]1O[C@H](CO)[C@@H](O)[C@H]1O)Nc1ccccc1,-7.4,3.111082689722153,19_1560
CN(C)CCNC(=O)c1cc2cc(Nc3nccc(-c4cc(OCc5ccccc5F)ccn4)n3)ccc2[nH]1,-7.0,3.2745217802317104,19_1561
CCCc1c(SCc2ccc(F)cc2Cl)ncnc1N1CCN(c2ccccc2)CC1,-6.4,3.511277371683417,19_1562
O=C(Nc1ccc(F)c(Cl)c1)c1nn(-c2ccc(F)cc2)ccc1=O,-6.9,3.7867896910199037,19_1563
O=C(c1ccc(N2CCN(C(=O)c3ccc(F)cc3)CC2)cc1)c1c(-c2ccc(O)cc2)sc2cc(O)ccc12,-7.8,3.326785282197749,19_1564
O=C(C=Cc1ccccc1)Nc1cccc(-c2cccc(-c3nc4cc(C(F)(F)F)ccc4[nH]3)c2)c1,-7.6,3.231561029516026,19_1565
Oc1cc2cnc(Nc3ccc4[nH]ccc4c3)nc2n1-c1ccc2c(c1)OCO2,-8.2,3.4478532712878796,19_1566
O=C(c1ccccc1)c1cccc(-c2csc(-c3c[nH]c4ccc(F)cc34)n2)c1,-8.8,3.4592007955436426,19_1567
O=C(Nc1cccc(C(F)(F)F)c1)c1ccccc1NC(=O)c1ccccc1OCc1ccc2c(c1)OCO2,-8.3,3.48548699851231,19_1568
O=C(NCCc1ccccc1)c1cccc(N2CC=C(c3cccc([N+](=O)[O-])c3)NC2=O)c1,-7.7,3.5933705032059926,19_1569
COc1cccc(-c2cnc3cnc(-c4cccc(C(=O)NC5CC5)c4)cn23)c1,-8.0,3.7173154363287915,19_1570
O=C(N[C@@H]1C[C@H]2CC[C@@H](C1)N2Cc1ccc2cc(F)ccc2c1)c1ccc(-n2ccccc2=O)cc1,-8.0,3.5488464894286333,19_1571
Cc1ccc(-n2nccn2)c(C(=O)N2CCOC[C@H]2Cc2cccc(-n3cccn3)c2)c1,-7.5,3.6413083607577863,19_1572
COCC[C@@H]1CC[C@H]2[C@H](CCN2Cc2cccc(F)c2)O1,-6.1,3.415617244769053,19_1573
O=C(NCc1cccc(Cl)c1)c1ccccc1NS(=O)(=O)c1ccc2ccccc2c1,-7.7,3.610621864742927,19_1574
O=C(N[C@@H]1CCCNC1)c1ccnc2[nH]c(-c3ccc(N4CCOCC4)s3)nc12,-7.1,3.5126520844230074,19_1575
Cc1cc(=O)oc2cc(-n3cc(COc4ccc5c(c4)CCC5)nn3)ccc12,-7.5,3.6205743023179426,19_1576
CS(=O)(=O)c1ccc(/C(=N/c2ccccc2)N2CCN(c3ccc(F)cc3)CC2)cc1,-7.2,3.616409134390965,19_1577
CC(=O)N1CCN(c2ccc3c(c2)OCC(Nc2ccc(N4CCN(S(C)(=O)=O)CC4)c(F)c2F)C(F)=CN=CN3)CC1,-7.2,1.051567881176914,19_1578
C[C@@H](Nc1ncc(F)c(Nc2ncc3ccccc3n2)n1)c1ccc2ccccc2c1,-9.1,3.5131868407542726,19_1579
O=C(Nc1ccc(-c2nc3cc(-c4cccc(CO)c4)ccc3[nH]2)cc1)c1ccccc1-c1ccccc1,-7.0,3.1849481371691937,19_1580
Cc1ccc(C(=O)N(C)c2ccc(-c3nc4ccc(F)cc4s3)cc2F)cc1,-7.1,3.5538978201103086,19_1581
Cc1cnn(CC2CCCN2C(=O)c2cccc3c2OCO3)c1,-6.4,3.626414923530251,19_1582
O=C(Nc1cc(F)ccc1F)C1C(=O)N(c2ccccc2)C(=O)C1=Nc1ccccc1,-8.4,3.6549810981586424,19_1584
O=C(NC1CCCC1)C(c1cccs1)N(C(=O)c1ccco1)c1ccc2c(c1)OCO2,-6.5,3.6570959636917477,19_1585
O=c1ccc(NCCc2ccccc2)nn1-c1cccc2ccccc12,-7.5,3.663610223246306,19_1586
CCn1cc(N2CCN(C(=O)c3ccco3)CC2)c(C)n1,-6.2,3.6642824610695754,19_1587
CCC1CCN(c2ccc(-c3cccc(-n4cc(C(=O)NC5CC5)c(=O)c5ccccc54)c3)nc2)C=N1,-7.2,3.530539197955263,19_1588
COc1ccccc1-c1cccc(C(=O)N2CCN(c3nc(-c4ccccc4)nc4ccc(I)cc34)CC2)c1,-7.6,3.2943104228322784,19_1589
O=C(N/N=C/c1ccccc1)c1ccc(-c2nc3ccccc3c(=O)s2)cc1,-7.3,3.634211715487363,19_1590
CC(C)C[C@H](NC(=O)C(Cc1c[nH]cn1)NC(=O)C(Cc1ccccc1)NC(=O)OC(C)(C)C)[C@@H](O)CSCCc1ccccc1,-5.7,2.9068277017941804,19_1591
O=C(O)c1cccc(-n2c(/C=C/c3cccc([N+](=O)[O-])c3)nc3ccc(Cl)cc3c2=O)c1,-8.9,3.557109860119554,19_1592
COc1ccccc1C(NC(=O)Cc1ccccc1)C1=CC=C(C#N)C1,-6.0,3.707565663561244,19_1593
O=C(NCC(c1cnc(C(F)(F)F)nc1)N1CCC(F)(F)CC1)c1c(F)cccc1Cl,-7.2,3.6486011508518095,19_1594
COC(=O)C=Cc1cnc2c(c1)C=CC2=CC1=CC(=Nc2nc(Nc3ccccc3)nc(Nc3cccc(NC(=O)c4ccccc4)c3)n2)CC1,-0.5,2.6460445460002533,19_1595
CN1C(C=CN=CC=c2ccc3cccc4cccc2c43)=C1NC1(O)CC(NC(=O)c2cccs2)C1,-6.3,3.3312749690012495,19_1596
Cc1ccc2c(c1)C(=O)c1c-2c(Nc2ccccc2)nc2ccccc12,-9.2,3.5434372072297937,19_1597
OCl,-2.2,1.4325968365999033,19_1598
Cc1ccc(Cc2cc(C)nn(CC(=O)Nc3ccc(C)c(C)c3)c2=O)cc1,-7.0,3.775178436380174,19_1599
CN=CC1=CC(C=Nc2cc(Oc3ccccc3OC)ccc2[NH])=CC1,-6.5,3.6644271532462476,19_1600
O=C(C=Cc1cccc2c1=NC=2C(=O)Nc1ccc2ccc3ccccccc1c2c3)Nc1cccc(F)c1,-8.0,1.2133348865745779,19_1601
O=C(C1=C[C@@H](c2ccccc2)C[C@@H](OCc2ccc(CO)cc2)O1)N1CCCCC1,-8.1,3.6645617460780304,19_1602
COC1=CC=C(CN2[CH]c3cc(OC)ccc3C(CNCc3ccccc3)=C2C(=O)O)CC=C1,-6.1,2.5778773048654955,19_1603
O=C(OCC(=O)N1c2ccccc2Sc2ccccc21)c1cccc(F)c1,-7.3,3.635246253507454,19_1604
O=C(NC1N=C(c2ccccc2F)c2ccccc2NC1=O)c1ccc2ccccc2c1,-8.5,2.556206337202612,19_1605
O=C1Nc2cc3cc(-c4cccc(N5CCCC5)c4)ccc3n2Cc2ccccc2C2=C(C=COCC2)C1Cl,-9.1,1.0514205231462297,19_1606
O=C(Nc1ccc(Oc2ccccc2)cc1)c1ccc(F)c(C(=O)Nc2cccc(F)c2F)c1,-7.3,3.5761294637996444,19_1607
Nc1ccccc1NC(=O)c1ccc(Nc2nccc(-c3cccc(-c4ccccc4)c3)n2)cc1,-8.4,3.3314936617159376,19_1608
CNc1ncc2c(n1)CN(c1ccc(Cl)cc1C#N)c1ccccc1-2,-6.8,3.7653576888033995,19_1609
O=C(Nc1cccc(-c2nncc3nc4ccccc4n23)c1)c1cccc(C(F)(F)F)c1,-8.1,3.5733834352392684,19_1610
COc1cc(-c2ncccc2-c2nc3ccccc3c(=O)n2C)ccc1-n1cnc(C)c1,-8.3,3.5400696295879954,19_1611
Cc1ccccc1CC1=Nc2ccccc2N=C(c2ccc(Br)cc2)CC(=O)N(c2ccc(F)cc2)N=C1,-7.8,1.0830994524063575,19_1612
O=C(Cc1ccccc1)c1nc2ccccc2s1,-5.8,3.518411852092492,19_1613
Cn1ccc(-c2cccc(C=Nc3ccc(S(N)(=O)=O)cc3)c2)n1,-6.6,3.714736137165673,19_1614
COc1ccc(Cc2cc(C)nn(CC(=O)Nc3ccc(F)c(F)c3)c2=O)cc1,-7.3,3.782733357491904,19_1615
COc1ccc(NC(=O)c2ccccc2NS(=O)(=O)c2cccc(C(F)(F)F)c2)cc1C(=O)NCc1ccccc1,-7.8,3.344093470740097,19_1616
Cc1ccc2scc(C(=O)Nc3ccccc3C(=O)NC3CC3)c2c1,-7.4,3.73116509167298,19_1617
O=C(NCc1nnc2n1CCC2)c1ccc(N2CCC(Oc3ccc(F)cc3F)CC2)nn1,-7.3,3.5637782056943967,19_1618
O=C(CNc1nc(O)c(Cc2ccc3c(c2)OCO3)s1)Nc1ccccc1-c1ccccc1,-7.6,3.511549936922045,19_1619
O=C(Nc1ncc([N+](=O)[O-])s1)c1ccc2[nH]ccc2c1,-7.1,3.535772100491212,19_1620
O=C(Nc1cccc(-c2cccc(-c3nc4ccccc4[nH]3)c2)c1)c1[nH]c(O)c(C(F)(F)F)c1C=CCCc1ccc(F)cc1,-7.5,2.9615447943370343,19_1621
Nc1nc(C(=O)Nc2cccc(-c3ccc4c[nH]nc4c3)c2)cs1,-7.6,3.5977340903490833,19_1622
Cc1ccc(C2=NO[C@@](CC(=O)Nc3ccc(F)cc3F)(C(=O)O)C2)cc1,-7.8,3.7423058345774303,19_1623
Cc1nnc(Cn2nc(C(F)(F)F)cc2CC2CCC2)s1,-6.2,2.483750406658637,19_1624
Cc1c(Cl)cccc1NC(=O)C=C1C(NC(=O)c2cc(-c3ccccc3F)ccc2O)=CCC1=NC(CO)C(O)c1ccccc1,-8.1,3.009355723293599,19_1625
O=C(Nc1cccc(S(=O)(=O)N2CCOCC2)c1)c1cc(-c2ccc(F)cc2)n(-c2ccccc2)n1,-7.1,3.6240725851050817,19_1626
O=C(O)C(=O)CC(=O)c1cccc(-c2ccccc2)c1,-6.4,3.540326163256715,19_1627
CCN(CCC(=O)c1ccc(-c2nc(NC3CC3)sc2C)[nH]1)c1ccccc1,-6.4,3.606654420720946,19_1628
N=C1C=C(N(Cc2cccc3ccccc23)c2cccc(-c3ccccc3)c2)c2ccccc2C1=O,-9.8,3.233532706769796,19_1629
O=C(Nc1cc(-c2cccc(C(F)(F)F)c2)nn1C1=CC=CCC1)c1cnn2cccnc12,-9.0,3.671304799435842,19_1630
O=C(Nc1ccc(-n2nc(-c3cccnc3)cc2C(F)(F)F)cc1)c1cnc2ccccc2n1,-7.7,3.558019267884931,19_1631
CN(C)C[C@@H]1CN(Cc2ccccn2)CC1C(=O)Nc1ccccc1-c1ccccc1,-6.8,3.7197749572899697,19_1632
C[C]1C2C[C@H]3[CH]C(C[C@H]4C[C@@H](O)CC[C@@]43C)[C@@H]2C[C@@H]1Cc1coc2cccc(F)c12,-7.3,3.151119874122451,19_1633
O=C(c1cccc(-c2cc(Cl)ccc2Oc2cc(F)c(S(=O)(=O)Nc3ncns3)cc2F)c1)N1CCCC1,-7.7,3.4554011648835274,19_1634
CN(C/C=C/c1ccccc1)Cc1cccc2ccccc12,-6.2,3.277335740847483,19_1635
C=CC(C=CC=C(C=C)C=Nc1ccccc1-c1ccnc(-c2cccc(C(F)(F)F)c2)c1)=CC=CF,-6.6,2.9892998547999152,19_1636
O=C(c1ccc(-c2cccc(-c3cccc(C(F)(F)F)c3)c2)cc1)N1CCN(c2cccc(C(F)(F)F)c2)CC1,-8.0,3.228918244683604,19_1637
CC=C1C=CC(C(=O)Nc2cccc(Nc3ncnc4ccc(-c5ccc6ccccc6c5)cc34)c2)=C1,-7.9,3.300319649032086,19_1638
O=C1CC(c2ccccc2)=NC12CCN(Cc1c[nH]c3ccccc13)CC2,-8.0,3.6165739044584946,19_1639
CCc1nn(Cc2cccc(OC)n2)c2cccc(NC(=O)c3cc4ccccc4cn3)c12,-7.2,3.5732084784904155,19_1640
C=C(CCC(C(=O)O)[C@H]1CN(C2CCC2)CC=C1N=Cc1ccc(OC)c(OC)c1)c1cccc(O)c1,-6.7,3.3801530179280617,19_1641
C=CC(=O)Nc1ccc(-c2ccc(Cc3[nH]nc4ccc(C(=O)N5CCC(F)C5)cc34)cc2)cc1,-7.0,3.5397829865964217,19_1642
O=C(Nc1ccc(Oc2ccnc3[nH]ccc23)cc1)c1cc(-c2cc(C(F)(F)F)cc(C(F)(F)F)c2)ns1,-7.6,3.2817227744207242,19_1643
O=C(c1ccc(-c2cccc(-c3ccccc3F)c2)cc1)N1CCN(Cc2ccccc2)CC1,-6.8,3.395106710468369,19_1644
O=C(Nc1ccc2c(c1)OCO2)N1CCC(n2c(=O)[nH]c3ccccc32)CC1,-8.3,3.639670391120673,19_1645
COC=CC=C(COC)OCc1nc2c3c(ncn2n1)-c1ccccc1C(=O)CC3C,-6.6,2.5625419989983946,19_1646
CO[CH]C1C[C@@]2(Cc3ccc(C#N)cc3[C@@H]2Nc2ccc(-c3ccccc3)cc2)C[C@@H]1N,-6.8,3.5746761630291406,19_1647
Oc1ccc(-c2ccc(-c3cccc(Nc4nccc(C(F)(F)F)n4)c3)cc2)s1,-7.1,3.620278148289149,19_1648
COc1ccc(-c2ccc3c(N4CCOC[C@@H]4C)nc(N4CCN(C)CC4)nc3n2)cc1CN1CCC(C)CC1,-8.2,3.2658778875985663,19_1649
CC(C)CC(=O)NC(C(=O)N[C@@H](Cc1ccccc1)[C@H](O)CN(Cc1ccccc1)NC(=O)O[C@H]1CO[C@H]2OCC[C@H]21)C1CCCC1,-7.3,2.7644673467449556,19_1650
COc1cc(-n2cccc2-c2cnn(C)c2)ccc1Nc1ncc2ccnc(-c3ccccc3)c2n1,-8.7,3.453651916734742,19_1651
COc1cc(C(C)C)c(Oc2cnc(NC(=O)c3ccccc3)nc2NCCO)cc1I,-6.8,3.443783194003493,19_1652
Cc1ccc(C(=O)NC(=O)Cc2ccccc2C(F)(F)F)c(Nc2cccc(OCCc3ccccc3)c2C=O)c1,-5.9,3.3611744928450626,19_1653
O=C(/C=C/Oc1cccc(Cl)c1Cl)NNC(=O)c1cccnc1,-6.2,3.549810616040192,19_1654
NC(=O)c1ccc(-c2cccc(-c3c[nH]c4ccccc34)c2)cc1,-8.4,3.4748188767041466,19_1655
CC(C)CN(C[C@@H](O)[C@H](Cc1ccccc1)NC(=O)C(=NC(=O)C1C=CC(N(C)C)C1)C(C)C)S(=O)(=O)c1ccc(CO)cc1,-6.4,3.1031953150362104,19_1656
Cc1ccc(-n2nc(C3CCCN(Cc4ccncc4)C3)cc2NC(=O)c2cnn3cccnc23)cc1,-7.5,3.4831095866208854,19_1657
O=C(NN=Cc1ccc2c(c1)OCO2)c1ccc([N+](=O)[O-])o1,-6.5,3.4107316166059958,19_1658
O=C(Nc1cc(-c2ccccc2)ccc1N1CCN(CCO)CC1)c1ccc(-c2ccc(F)cc2)cc1,-7.4,3.542439703088414,19_1659
COc1cc(Cc2cc(N3CCN(Cc4ccc5ccccc5c4)CC3)nc3ccccc23)cc(OC)c1OC,-7.6,3.2941099046899582,19_1660
O=C(c1ccn(-c2cc(F)cc3cccnc23)n1)N1CCN(c2ccccc2)CC1,-7.6,3.666685042036388,19_1662
OCc1ccc(-c2ccc3c(Br)cc(Br)c(O)c3n2)cc1,-6.3,3.6614469923849837,19_1663
CCn1c(O)c2c(c1O)[C@](CC)(c1ccccc1)N[C@@H]2c1ccc(-c2ccccc2)cc1,-7.1,3.509887454620623,19_1664
CCc1nc(=O)c2ccccc2[nH]c(=O)c(Cl)c[nH]1,-5.9,1.469212595589478,19_1665
O=C(Nc1ccc(Cl)c(Cl)c1)C1CCCN(C(=O)COc2ccc(Cl)cc2)C1,-7.3,3.748410541675905,19_1666
O=Cc1c(Cc2ccc3ccccc3c2)[nH]c2c(cc(O)c3ncccc32)c1=O,-8.1,3.4459465595395464,19_1667
CSC=CC1=C(CNC(=O)CCc2ccc3c(c2)c(O)c(C(=O)Nc2cccc(OC(F)(F)F)c2)c2ccccc23)C1,-7.2,3.23127084391818,19_1668
O=c1cc(C=Cc2ccc(O)c(O)c2)c2cc(O)ccc2o1,-7.5,3.529643553380404,19_1669
Fc1ccc(Oc2nccc3[nH]ncc23)cc1F,-6.6,3.6623769216876374,19_1670
CN1C(=O)c2c(-c3ccccc3[N+](=O)[O-])csc2NC(=O)c2ccccc21,-6.7,1.7696311793585857,19_1671
O=[N+]([O-])c1ccc(/N=c2\ssnc2Cl)cc1,-5.4,3.363547194487964,19_1672
Oc1c(C(c2ccccc2)N2CCOCC2)ccc2cccnc12,-6.7,3.7265060870222717,19_1673
O=C(Nc1cccc(S(=O)(=O)N2CCOCC2)c1)c1nnc(-c2cccc(-c3ccc4ccccc4c3)c2)o1,-8.1,3.4249769221396518,19_1674
O=C(Nc1ccc(-c2cccc(C(F)(F)F)c2)cc1)c1ccc2c(=O)n3c(nc2c1)CCC3,-7.8,3.676786044369919,19_1675
O=c1ccc2cccc(OC/C=C/c3ccc(F)cc3F)c2o1,-6.7,3.6442491072831085,19_1676
CCCc1cccc(-c2cc(NC(=O)C3CNC(=O)C3)nn2-c2cccc(-c3ccc(F)cc3)c2)c1,-8.7,3.5860783021279405,19_1677
O=C(c1cc2c3c(c1)CCCN3C(=O)CCC2)c1cc(Cl)c2c(c1)OCCCO2,-8.3,2.4612510299450134,19_1678
O=C(Nc1cccc([C@H](CCN2CCCC2)c2ccccc2)c1)c1cccc(C(F)(F)F)c1,-7.7,3.5410357832522488,19_1679
Cc1cccc(N2CCN(Cc3ccc[nH]3)CC2)c1C,-6.7,3.571761515779855,19_1680
COc1ccc(NC(=O)c2ccc(-c3nc4ccccc4c(=O)n3-c3ccccc3OC)cc2)cc1,-6.8,3.518031445952203,19_1681
Oc1cc(O)c([CH]c2ccc(O)c(F)c2)c(O[CH]c2cc(O)c(O)c(O)c2)c1,-6.9,3.3952255887310896,19_1682
O=C(c1cccs1)N(Cc1cccc(Oc2ccccc2)c1)c1cc2ccccc2s1,-7.5,3.2871947235522736,19_1683
O=C(c1cc2c(cc1Cl)OCCCO2)N(C1CCC1)[C@@H]1CCNC1,-6.4,2.5166229938003086,19_1684
O=C(c1ccccc1)N1CC[C](c2cc3ccccc3o2)CC1,-6.8,3.5423072313020403,19_1685
O=C(Nc1ccc(F)c(F)c1)C1Cc2ccccc2CN1C(=O)c1cc(Cl)c(O)cc1O,-9.0,3.6354398233789498,19_1686
NS(=O)(=O)OC[C@H]1O[C@@H](n2cnc3c(NC(=O)Cc4ccccc4)ncnc32)[C@H](O)[C@@H]1O,-6.9,3.0477550387292247,19_1687
O=C(Nc1cccc(-c2ccccc2Cl)c1)Nc1nc2ccccc2s1,-8.1,3.5994005619430425,19_1688
Oc1ccc(-c2nc3ccccc3n2-c2ccnc(N3CCOCC3)n2)cc1,-7.9,3.682781590284292,19_1689
COc1ccc(NC(=O)C2=CC(C(=O)Nc3ccc(C)c(F)c3)c3ccccc3N2C)cc1,-8.0,3.71199502008112,19_1690
COc1ccc(-c2cc(COc3ccccc3-c3nc4ccccc4s3)on2)cc1,-7.6,3.488140549680942,19_1691
Cc1cccc(CNC(=O)c2ccc(NC(=O)C3=CSCCO3)cc2)c1,-6.9,3.758489210374073,19_1692
CC(=O)c1ccccc1NC(=O)CSc1nc2ccccc2c2nc3cc(C(=O)O)ccc3nc12,-8.7,3.145099828761868,19_1693
O=C(CSc1ccc2nnc(-c3ccccn3)n2n1)Nc1ccccc1[N+](=O)[O-],-7.7,3.3047043631788298,19_1694
CC(Nc1c(-c2cccc(NC(=O)c3ccc(Br)o3)c2)nc2ccccn12)c1ccccc1,-7.1,3.456427283583475,19_1695
O=CNC(=NO)N1CN=C(c2ccc(-c3nc(=O)c4ccccc4[nH]3)cc2)SC1,-7.5,3.0922276347656235,19_1696
O=C1C=CC2=CC=c3c(nc4ccccc4c3=C(c3ccco3)c3c(ccc4ccccc34)C(=O)N[C@H]3CCCC[C@@H]3N1)O2,-8.0,1.5775213703157687,19_1697
CN(C)c1ccc(-c2csc(NC(=O)CN3C(=O)c4ccccc4C3=O)n2)cc1,-7.4,3.7179512077168133,19_1698
COc1cc(OC)c(NC(=O)c2ccc(NCC3CCCO3)c([N+](=O)[O-])c2)cc1Cl,-6.6,3.5286807529908923,19_1699
O=C(Cc1nc(-c2ccccc2)no1)Nc1ccccc1F,-6.9,3.7809259524622676,19_1700
CCc1[nH]c2nc(Sc3cncc4ccc(C)nc34)nc(N3CC(c4ccccn4)C3)c2c1Cl,-7.6,3.4583206848602357,19_1701
O=C(c1cc(Cc2n[nH]c(=O)c3ccccc23)ccc1F)N1CCOc2ccccc2[C@@H]1c1ccccc1F,-8.6,2.5372878340127363,19_1702
CN(CCO)C(=O)c1cccc2c1=C(C1(N)CCCCC1)CC=NC(=NC(=O)c1cccc(F)c1)C=2,-7.6,1.7184450839899936,19_1703
O=C(C=NNc1cc2ccccc2[nH]cc2ccccc2n1)N=C1C=CCCC1,-8.0,1.4239700791199859,19_1704
Cc1ccccc1C(=O)Nc1ccc(C(=O)Nc2cccc(-c3cn4c(n3)-c3ccccc3C4)c2)cc1,-7.3,3.4252990793066447,19_1705
O=C(Nc1ccccc1)NC(Cc1c[nH]c2ccccc12)C(=O)N/N=C/c1cccnc1,-7.8,3.3826897729290346,19_1706
C[C@@H]1CN2c3c(cc4c(-n5cncn5)noc4c3F)CC3(C(=O)NC(=O)NC3=O)[C@H]2C[CH]O1,-8.9,2.091392606142698,19_1707
O=C(Nc1ccccc1-c1cn2c(CN3CCNCC3)csc2n1)c1ccccc1-c1ccccc1,-8.1,3.4742060940471955,19_1708
O=C(CNC(=O)c1ccccc1)Nc1cccc(-c2cccc(-c3nc4cc(F)ccc4[nH]3)c2)c1,-8.2,3.329866749641141,19_1709
Fc1ccc2[nH]c(-c3ccc(-c4ccc(NCc5cccc(Cl)c5Cl)cc4)cc3)nc2c1,-7.2,3.243305058292428,19_1710
O=C(Nc1cccc(Oc2cccc3[nH]c(=O)[nH]c23)c1)c1ccc(C(F)(F)F)cc1-c1cccc(F)c1,-8.7,3.221600478193145,19_1711
Cc1cccc2ccc(OCc3c(Cl)ccc(N(C)C(=O)C=NC(=O)CCc4ccc(C(=O)N5CCOCC5)cc4)c3Cl)c-2n1,-7.3,2.2070930320926996,19_1712
Cc1ccc(S(=O)(=O)N(CC(=O)Nc2cccc3ccccc23)c2ccc3ccccc3c2)cc1,-8.7,3.4837096146365187,19_1713
Nc1nccc(Oc2ccc(NC(=O)Nc3cc(C(F)(F)F)ccc3F)cc2)n1,-7.9,3.5342663245753347,19_1714
O=C(c1ccc2c(c1)c1ccccc1n2Cc1ccncc1)N1CCN(Cc2ccc3c(c2)OCO3)CC1,-7.8,3.3747285752945966,19_1715
O=c1cc(N2CCOCC2)oc2cc(-c3cccc(CO)c3)ccc12,-8.1,3.7667242572888466,19_1716
Cc1ccc(F)c(NP(=O)(Oc2ccccc2)Oc2ccccc2)c1,-6.7,3.661910277401284,19_1717
FC(F)(F)C1=CC=CC(=CCl)SCN=N1,-5.7,1.003510051644359,19_1718
COc1ccc(S(=O)(=O)N2CCC(C(=O)Nc3cccc(C(F)(F)F)c3)CC2)cc1,-7.2,3.7701158199657714,19_1719
O=C(CN1CCN(c2ccc([N+](=O)[O-])cc2)CC1)Nc1cccc2c1C(=O)c1ccccc1C2=O,-7.8,3.475394652336532,19_1720
O=C(Nc1cccc(-c2nc3ccccc3[nH]2)c1)c1ccc2ccccc2n1,-8.0,3.5285019011244936,19_1721
COC1=CC=C(c2cc(CNC3CCCN(c4cccc(-c5cc6cc(F)ccc6[nH]5)c4)C3=O)ccc2O)CC=C1,-8.5,2.3267963467238877,19_1722
O=c1n(-c2ccc(C(F)(F)F)cc2)c2ccccc2n1-c1ccc2c(c1)OCO2,-7.6,3.6106657865208676,19_1723
COc1ccccc1-c1ccc2c(c1)O[C@H](CN(C)C(=O)c1ccccc1F)[C@H](C)CN([C@H](C)CO)S2(=O)=O,-7.2,1.768493507493882,19_1724
O=C(c1ccc(Cl)cc1)c1cccc(-c2ccccc2C(=O)NCC2CCNCC2)c1,-7.6,3.6120613548807743,19_1725
Cn1cc(S(=O)(=O)Nc2ccccc2-c2cc3ccccc3o2)c2ccccc21,-8.3,3.592048938121553,19_1726
O=C(Nc1ccc(C(=O)Nc2cccc3ccc(O)cc23)cc1)Nc1cccc(C(F)(F)F)c1,-7.9,3.4167183495840776,19_1727
Nc1cccc2nc(NCc3cccc(NC(=O)c4ccc5ccccc5n4)c3)ccc12,-7.5,3.3101788175325453,19_1728
COC1=CC2=N/C(=C\c3cccc4ccccc34)C=C2c2c(n(C)c(=O)n(C)c2=O)N1c1ccccc1,-8.1,2.490729740015267,19_1729
O=C1NC(=S)NC(=O)C1=Cc1ccc(-c2ccc(NC(=O)c3ccccc3)cc2)o1,-7.4,3.4836026789050054,19_1730
CC1C(C2=CC(=C[N+](=O)[O-])C=C2)=CC=C1C(O)(c1ccc(F)nc1)c1ccc(F)cc1F,-7.6,3.500122021532995,19_1731
O=C(Nc1ccccc1)c1cc(S(=O)(=O)N2CCOCC2)ccc1N1CCC(CCc2ccccc2)CC1,-8.0,3.5527154776822147,19_1732
Cc1cc(C(=O)NC(C(=O)NC(Cc2ccc(F)cc2)C(=O)N[C@@H](/C=C/C(=O)OCc2cccc3ccccc23)CCC(N)=O)C(C)C)no1,-7.0,2.8119230957304007,19_1733
O=C(N/N=C/c1ccco1)c1ccc(NS(=O)(=O)c2ccc(F)cc2)cc1,-6.7,3.622117684801019,19_1734
Cc1cc(O)cc(C)c1CC(N)C(=O)N[CH]CSSCC(NC(=O)C1CCCN1C(=O)C(C)NC(=O)C(Cc1ccccc1)NC=O)C(=O)O,-6.5,2.4821564002147762,19_1735
Clc1ccc2[nH]c3c(c2c1)CN(CCCCN1CCC(c2c[nH]c4ccccc24)CC1)CC3,-8.1,3.313207706924625,19_1736
O=C(O)c1cc(-c2cccc(-c3ccccc3)c2)nc2ccccc12,-7.8,3.5832865777716703,19_1737
O=C(CNC(=O)c1ccccc1Sc1ccc(C(=O)NCc2ccccc2Cl)cc1)Cc1ccccc1Cl,-7.1,3.4325228132124725,19_1738
Cc1ccc(N2CCN(C(c3ccc(Cl)s3)c3ccccc3C#N)CC2)c(C)c1,-6.6,3.632842457739865,19_1739
O=C(CN1CCC(c2nc3ccccc3[nH]2)CC1)Nc1cc(C(=O)c2cccnc2)cc(C(F)F)c1,-7.8,3.537167827757781,19_1740
CC(C)NC(=O)N1C=NC=C(Oc2cc(I)cc(C(F)(F)F)c2)N=CCC(=O)N1c1ccccc1,-6.5,1.4374873667518049,19_1741
O=C(C=CC=CCC=NS(=O)(=O)c1cccc(-c2nc(=O)o[nH]2)c1)c1cccc2ccccc12,-7.5,3.3068737288932764,19_1742
N#Cc1ccc(-c2csc(NC(=O)c3cc(-c4ccccc4)nc4c3CCC4)n2)cc1,-7.8,3.6736466035493796,19_1743
O=C(Nc1cccc(Cl)c1)N[C@@H](c1cccc(C(F)(F)F)c1)c1cc2c(ccc3ccccc32)o1,-9.2,3.339050857052192,19_1744
CC=CC=CC(CC=O)=Nc1ccccc1N1C=Cc2ccccc2C1c1c(-c2ccco2)nc2ccccn12,-7.3,3.0478928722864103,19_1745
O=C(COC(=O)c1ccc(Cl)nc1)Nc1ccccc1-c1ccccc1,-6.6,3.6778798159248387,19_1746
Cn1nccc1-c1cc(Cl)ccc1Oc1ccc(S(=O)(=O)Nc2ccncn2)cc1C#N,-7.1,3.5445848722161375,19_1747
O=CC1=C(N=Cc2ccccc2)C=C([N+](=O)[O-])C=Cc2cc3ccccc3n21,-7.8,1.5944047148403446,19_1748
COc1cccc(/C=C2/SC(=S)N(CCC(=O)O)C2=O)c1,-5.3,3.597607024446846,19_1749
O=P(O)(Cc1ccccc1O)C1=Cc2ccccc2OC1C1c2ccccc2-c2ccccc21,-8.1,3.386658799340622,19_1750
Cn1c(=O)c2c(nc3n2CCN3c2cc(Br)ccc2F)n(C)c1=O,-7.9,3.560323206464595,19_1751
O=C(Cc1cccc(O)c1)NCc1cn(-c2ccccc2)nc1-c1ccc2c(c1)OCO2,-8.4,3.651925829220045,19_1753
O=C(N[C@H]1CCc2ccccc21)O[C@H]1[C@H](c2cccc(Cl)c2)O[C@@H](c2ccc(OC(F)(F)F)c(O)c2)C(N2Cc3ccccc3C2)[C@@H]1O,-8.1,3.051493131108408,19_1754
Oc1ccc(-c2cc(-c3cccc(Cl)c3)c3c(n2)-c2ccccc2OC3)cc1,-8.7,3.529298746446414,19_1755
O=C(Nc1cccc(F)c1)c1ccc2c(c1)N(Cc1ccccc1)C(=O)c1ccccc1S2(=O)=O,-8.3,2.598333384561153,19_1756
Cc1ccc(S(=O)(=O)c2nc3ccccc3nc2NCC2CCCO2)cc1C,-8.3,3.7934694192833893,19_1757
CC=C1C=CC(CNC(=O)c2ccc(-c3nc(-c4cccc(NC(=O)c5ccccc5)c4)no3)cc2)=C1,-7.6,3.5207858298352024,19_1758
CN1C(=O)[C]2C3SS[C@]1(CO)C(=O)N2c1ccccc13,-6.0,2.25168184076258,19_1759
O=C(Nc1cccc(S(=O)(=O)N2CCCC2)c1)c1ccc(-n2cccc2)cc1,-7.4,3.796402595841687,19_1760
O=C(Nc1ccc2c(c1)OCCO2)c1ccc(C(=O)Nc2nnc3ccccn23)cc1,-7.8,3.5946530972925537,19_1761
Cc1cc(C)n2nc(C(=O)Nc3ccc(-c4cc5ccccc5oc4=O)cc3)nc2n1,-7.4,3.479693737019395,19_1762
O=C(N[C@@H](Cc1c[nH]c2ccc(Br)cc12)c1cccs1)c1ccc(-c2ccc3ccccc3c2)cc1,-7.8,3.218588293299236,19_1763
NC(=O)C=NNc1cccnc1-c1cccc(OCc2cccc(-c3cccc(C(=O)O)c3)c2)c1,-7.8,3.2465531152727642,19_1764
Cn1nccc1NC(=O)c1cccc(-c2ccccc2)c1,-7.1,3.6955270139910423,19_1765
COc1cc2ncnc(Nc3ccc4c(ccn4Cc4ccccc4)c3)c2cc1OCCCN1C(=O)c2ccccc2C1=O,-7.7,3.12818745173507,19_1766
Fc1ccccc1C1=c2occc2=CC=C(c2ccc(Oc3ccccc3)cc2)C=C1,-7.5,1.5595366831412711,19_1767
COc1ccc2c(c1)c(CC(=O)NC(Cc1ccccc1)C(=O)O)c(C)n2C(=O)c1ccc(Cl)cc1,-6.2,3.5625126077865215,19_1768
COc1cc([C@@H](c2cc(F)c(F)c(F)c2)n2ccnc2)ccc1C(=O)Nc1ccc(-c2cccc(-c3ccc(C(=N)N)cc3)c2)cc1,-7.0,2.9421575294437785,19_1769
Cc1cccc(-c2cc(Cl)ccc2COc2ccc(-c3ccccc3C(=O)O)cc2)n1,-7.9,3.579610754876261,19_1771
CCC=Cc1c(C(=O)Nc2ccccc2C(=O)NCc2ccco2)[nH]c(O)c1-c1ccco1,-7.2,3.435325973509242,19_1772
O=C(N[C@H]1CC[C@H](CCN2CCC(c3noc4cc(F)ccc34)CC2)CC1)c1ccccc1-c1ccc(F)cc1,-7.5,3.3745716181769843,19_1773
Cc1cccc(Nc2nccc(-c3ccc(NC(=O)COc4ccc(F)c(C)c4)cc3)n2)c1,-6.9,3.6005876597937414,19_1774
COC(=O)/C(=C/c1ccc(OC)cc1)c1cc2c(cc1C(=O)c1ccccc1NC(=O)c1ccccc1)OCO2,-7.9,3.1739444772189995,19_1775
Cn1cccc1C(=O)NCCNCC(O)c1ccccc1,-5.4,3.5509686564314635,19_1776
CC(=O)C1C(C)=NC(SCC(=O)c2ccccc2)=C(C#N)C1c1cccnc1,-6.0,3.663779027294151,19_1777
O=C(Nc1ccnc(NC(=O)C2CC2)c1)c1c(Cl)cccc1Cl,-6.4,3.7266591049229763,19_1779
N#C[C@@H]1CCCN1C(=O)C1CN(C(=O)c2nc3ccccc3s2)CCN1C(=O)c1ccccc1CC=C=CN=Cc1ccccc1,-7.5,3.1995004658658788,19_1780
NC(Cc1ccc2ccccc2c1)C(=O)Nc1cccc(-c2cccc(-c3ccccc3CC(=O)N3CCCC(C(=O)O)C3)c2)c1,-8.8,3.1527954540448855,19_1781
CCNC[C@]1CC[C@H](OC)[C]C2C[C]3OC(=O)C(C)(O)CC(O)C3[C@H](C=C(OC)C=C3CC(=O)C=C=C32)[C@](C)C=CC=C(OC)[C@H](Oc2cccc3ccccc23)C1OC,-8.2,1.0911160843218046,19_1782
O=C(c1ccccc1)C1CN(Cc2ccccc2O)c2cccc(F)c2S1(=O)=O,-7.3,3.743061770602915,19_1783
COC=C1C=CN=C(C=C2c3ncn(C)c(=O)c3C(=Nc3ccc4[nH]c(=O)sc4c3)C2C)C1,-8.2,3.5382361072243365,19_1784
CCC1CC(=O)Nc2c1cnn2-c1ccc(F)c(Cl)c1,-6.8,3.6946696662294842,19_1785
O=C(CSc1nnc(NC(=O)c2ccccc2C(=O)O)s1)Nc1cc(S(=O)(=O)N2CCOCC2)ccc1N1CCCC1,-7.0,2.9244741532374663,19_1786
Cc1cc(NC(=O)c2[nH]nc3c2CCC3)ccc1N1CCC(N2CCCC2C)C1,-7.1,3.517482454106203,19_1787
O=C(CSc1nnc2ccc(-c3ccccc3)nn12)NC1C=CC=CS(=O)(=O)N1,-7.9,2.5172271957925245,19_1788
CC(Sc1nnc2c(=O)n(-c3ccc(Br)cc3)ccn12)c1cccc2[nH]ccc12,-7.3,3.535528647980513,19_1789
COC(=O)C1Cc2ccccc2N1C(=O)CCC(NC(=O)c1ccc(NC(=O)c2cc3ccccc3n(C(C)=O)c2=O)cc1)C(=O)OCc1ccccc1,-6.2,2.888754899523735,19_1790
O=C1CC(C(=O)NCc2ccc(Cl)c(Cl)c2)(c2cccc(F)c2F)Nc2ccccc21,-7.4,3.6678662184887667,19_1791
C[C@@H]1CC=Cc2cnc(cc2-c2cccc(-c3cccc(NC(=O)c4ccc(F)c(F)c4)c3)c2)O1,-8.7,1.2679215939364368,19_1792
O=C(C=C=Cc1ccc(Oc2cc3c(cc2Cl)OCO3)cc1O)NCc1cccc(O)c1,-7.6,3.510331598777795,19_1793
Fc1ccc(-c2cc3ccccc3nc2-c2cccc(-c3cccc(F)c3)c2)cc1,-7.9,3.163860810435682,19_1794
O=CN=CCCC=Nc1ccc(-c2cc3ccccc3[nH]2)cccnc2ccccc12,-7.4,1.2808234295401677,19_1795
CNC(=S)N1C=Cc2cc(F)cc(-c3cccc(C#N)c3)c2-c2c1cccc2C(F)(F)F,-6.7,2.476729413301878,19_1796
O=C1CN(c2ccc(-c3ccccc3)c(F)c2F)CCN1Cc1cc2cnccc2[nH]1,-7.4,3.6706804406324354,19_1797
O=C(CCc1ccc(NC(=O)c2ccccc2-c2ccccc2C(=O)Nc2cccc3c2Cc2ccccc2-3)cc1)NC[C@H](O)c1ccccc1,-8.8,2.909907581329929,19_1798
CCn1nnnc1NC(=O)c1ccc(Cl)s1,-5.3,2.412351302993903,19_1799
COc1ccc(-n2c(-c3c4ccccc4[n+](C)c4ccccc34)nc3ccccc32)cc1,-7.6,3.2991162899090867,19_1800
Cc1ccccc1C(C)C(=O)N1CCCC(c2ccccc2)C1,-6.6,3.395674589660178,19_1801
O=C1C(Cl)=C(c2cccc3ccccc23)C(=O)c2ccccc21,-7.6,3.503779984981164,19_1802
Cc1ccc(S(=O)(=O)Nc2cncc(-c3cccc(-c4cccc(C#N)c4)c3)c2)cc1,-8.5,3.67538984904277,19_1803
O=C(Cc1nc2ccc([N+](=O)[O-])cc2oc1=O)c1ccccc1,-6.8,3.515761040941736,19_1804
COc1cc(F)ccc1NC(=O)N1CCc2cnc(Nc3ccccc3)nc2C1,-7.2,3.7463413753752794,19_1805
O=c1n(-c2ccccc2)cc(O)n1S(=O)(=O)c1ccc(Cl)cc1,-7.1,3.7309664906052524,19_1806
Cc1ccc(-c2nc3ccccc3[nH]2)cc1NC(=S)NC(=O)c1cccc([N+](=O)[O-])c1,-7.5,3.374968065536974,19_1807
Fc1ccc(-c2nc(-c3cccc(F)c3)sc2-c2cc3ccccc3o2)cc1,-8.3,3.4035138871427044,19_1808
Oc1ccc2[nH]nc(-c3ccc(O)c(-c4ccc5ccccc5c4)c3)c2c1,-8.4,3.410982534743977,19_1809
O=C(Cc1c(-c2ccc(Cl)cc2)nc2c(Cl)cc(Cl)cn12)Nc1ccccc1,-7.6,3.647737408693289,19_1810
COc1ccc(Nc2ncnc3c2C(c2ccc(OC)c(OC)c2)c2ccccc2-3)cc1C,-7.5,3.6143524894172314,19_1811
Nc1nccn2c([C@@H]3CCC(C(=O)N4CCCCC4)C3)nc(-c3cccc(OCc4ccccc4)c3)c12,-8.0,3.515524478143994,19_1812
O=C(Nc1nc2ccccn2c1C(=O)NCCCCCCCS)c1ccccc1C(F)(F)F,-6.4,3.434745677617765,19_1813
O=C(Nc1cc(-c2ccccc2)cc(-c2ccccc2)c1)N1CCC(n2c(=O)[nH]c3ncccc32)CC1,-9.1,3.4671579271194446,19_1814
CNc1ccc(F)cc1C=C1C=CC=C1C=NN=C(N[NH])c1cccc(-c2ccccc2OC)c1,-6.8,3.450984460898516,19_1815
O=c1n(-c2ccc3c(c2)CCO3)nc2ccccn12,-7.0,3.55618356020522,19_1816
O=C(/C=C/c1cccc(S(=O)(=O)Nc2ccccc2N2CCC(O)CC2)c1)Nc1cccc(C(=O)N2CCCCC2)c1,-7.1,3.311536011081646,19_1817
O=c1c2ccccc2nc(-c2cccc(O)c2O)n1-c1ccccc1,-7.3,3.6234513881740744,19_1818
O=C1C=CC=c2c1c(O)c1c(O)cccc1c2=Cc1ccccc1,-7.0,3.6118133389777136,19_1819
O=C(c1ccncc1)c1cc(Cl)ccc1NS(=O)(=O)c1ccc(-c2cnco2)cc1,-6.8,3.6265810676086945,19_1820
N=CC1=CC(CNCc2cccc(-c3cccc(-c4nc5cc(C(F)(F)F)ccc5[nH]4)c3)c2)=CC1,-7.3,3.376044212786592,19_1821
O=c1ccn(Cc2cc3ccccc3nc2Cl)c2c1-c1ccccc1C2(O)C(F)(F)F,-7.5,3.598493429358152,19_1822
O=C(Nc1ccccc1CCO)c1cccnc1Nc1cccc2c1NCCC2,-7.8,3.5889747523379487,19_1823
O=[N+]([O-])c1cc(Sc2ccccc2)c(O)c2ccccc12,-6.6,3.6559725969553343,19_1824
O=C(Nc1ccc(Oc2ccc(C(F)(F)F)cn2)c(Cl)c1)Nc1ccc(Cl)cc1Cl,-7.3,3.57009225252383,19_1825
COC=CC=C(C=N)C=C(C)N=c1ccccn1Cc1cccc2ccccc12,-7.1,3.50005569962298,19_1826
Cc1ccccc1-n1cc(-c2ccccc2S(=O)(=O)c2ccc3c(c2)CCO3)nn1,-8.3,3.6594949268931396,19_1827
O=C(c1ccccc1)c1ccc2c(c1)C(C(=O)N1C=CSS1(=O)=O)CCO2,-7.7,3.519248292872267,19_1828
O=C(c1ccccc1Oc1ccccc1)N1CCCN(C(=O)c2cccc(F)c2F)CC1,-7.4,2.715807729340369,19_1829
O=C(Nc1nc2cc(C3(O)c4ccccc4C(=O)N3c3cccc(Cl)c3F)ccc2[nH]1)OC1Cc2ccccc2C1,-8.5,3.2464389411013865,19_1830
Cc1cc(/C=C/C#N)cc(C)c1Oc1nc(Nc2ccc(N3CCOCC3)cc2C#N)nc2c1CCC2,-7.0,3.472018637364515,19_1831
Nc1nc(-c2cccc(CO)c2)c2cnn(Cc3cccc(CO)c3)c2n1,-7.5,3.5262616650643293,19_1832
COc1cccc(NC(=O)c2cccc(Oc3cccc4cccnc34)c2)c1,-7.4,3.6681771614183587,19_1833
O=Cc1cc(-c2cccc(-c3cccc(-c4ccc(O)c(F)c4)c3)c2)ccc1O,-8.4,3.532095750794343,19_1834
Cc1ccc(N2CCN(C(=O)c3cccn3-c3nnc(-n4cccc4)s3)CC2)cc1,-7.5,3.647714255753594,19_1835
COc1ccccc1C(=O)Nc1cccc(NC(=O)c2cccc([N+](=O)[O-])c2)c1,-7.1,3.614506547356651,19_1836
CC(C)n1cc(S(=O)(=O)N2CCN(c3ccccc3-c3ccccc3)CC2)c2cccnc21,-7.9,3.6387491435313075,19_1837
O=C1c2ccccc2C(=O)N1c1ccccc1-c1nn(-c2ccccc2)c2c1ccc1ccccc12,-8.5,3.3584934342353403,19_1838
N#Cc1ccccc1CSc1cc2c(nn1)c1ccccc1n2C(=O)c1ccccc1C(F)(F)F,-7.3,3.39894360039888,19_1839
O=C(c1ccc2cc(Oc3ccc(C(F)(F)F)cn3)ccc2n1)N1Cc2ccncc2C1c1ccc(F)cc1,-8.8,3.3651168950280006,19_1840
O=C(NC(Cc1c[nH]c2ccccc12)C(=O)O)c1ccc2ccccc2c1,-7.1,3.524229114503938,19_1841
Nc1cnc(SC[C@H]2O[C@@H](n3cnc4c(N)ncnc43)[C@H](O)[C@@H]2O)nc1,-6.9,2.997138898738228,19_1842
Cn1cc(-c2cn3cc(-c4ccc5ccccc5c4)nc3cn2)cn1,-8.2,3.5409264781087497,19_1843
C[C@]1(O)C(=O)N(c2ccc(NC(=O)Nc3cccc(C#N)c3)cc2)c2ccccc21,-7.2,3.630380054251253,19_1844
Cc1ccccc1NC(=O)N1CCN(c2nc3cc(C(F)(F)F)ccc3nc2-c2ccccc2)CC1,-8.6,3.62548739300602,19_1845
Nc1cc(F)ccc1C(=O)CCCN1CC[C@H]2[C@@H](C1)c1ccccc1N2CCCl,-6.5,3.4610189280675003,19_1846
Cc1cccc(N(C)C(=O)c2ccc3c(c2)c(C)c(C)n3Cc2cccc3ccccc23)c1,-8.0,3.2859223122075827,19_1847
O=C(O)c1ccc2c(c1)nc(Nc1cccc(Cl)c1F)c1ccsc12,-7.4,3.6534759199963176,19_1848
COC=C1C=CC(CNC(=O)Cn2c(=O)[nH]c3c(c2=O)c2ccccc2n3-c2nccs2)=C1,-8.2,3.488846646821483,19_1849
CC=C1C=CC(COC(=O)C=C(c2ccccc2)c2ccccc2-n2ccnn2)=C1,-7.2,3.5738277571016477,19_1850
O=C1N(Cc2cccc(Oc3ccccc3)c2)CCN1c1ccncc1,-6.9,3.6875849857393783,19_1851
COc1cc(CNc2nc(NCc3ccc(-c4ccccc4)cc3)c3ncn(C(C)C)c3n2)cc(OC)c1OC,-7.5,3.1940627386355005,19_1852
C/C(=N\Nc1ccc(C(N)=O)cc1)c1cccc(-c2cccc(C(F)(F)F)c2)c1,-7.6,3.6072103695459785,19_1853
COc1cc2c(N3CCN(C(=O)c4ccc5[nH]ccc5c4)CC3)ncnc2cc1OCCCN1CCN(C)CC1,-7.5,3.365210014378727,19_1854
O=c1[nH]c2ccccc2nc1Nc1ccc(S(=O)(=O)Nc2ccc3ccccc3c2)cc1,-8.9,3.4959296908976576,19_1855
COCc1ccc(-c2ccc(-c3cc(C(=O)NC45CC6CC(CC(C6)C4)C5)no3)cc2)cc1,-6.6,3.3676515983953488,19_1856
Cc1cc2cc(-c3nc4ccccc4n3CC(=O)Nc3cccc(Cl)c3)c(=O)[nH]c2cc1C,-9.0,3.53637946167398,19_1857
O=C1CCON=C(c2ccc(Br)cc2)C1c1c2ccccc2cc2ccccc12,-7.9,2.4590796216540616,19_1858
CN1C(C(=O)Nc2ccc(C(C)(C)C)cc2)=CC(c2ccc3c(c2)OCO3)=NS1(=O)=O,-6.9,3.6523300459282044,19_1859
O=c1[nH]c(O)c(Cc2ccc(OCc3nc4cc(Cl)ccc4[nH]3)cc2)s1,-6.8,3.6061418350143106,19_1861
O=C(NC1CCCC1)c1ccccc1NC(=S)c1ccccc1,-7.5,3.60476244254443,19_1862
Cn1ncc2ccc(-c3cccc(OCC(O)CN4CCc5ccccc5C4)c3)cc21,-7.3,3.6676257807419157,19_1863
CCOc1ccc(NC(=O)Nc2ccc(-c3cc4ccccc4n3-c3ccccc3)cc2)cc1,-7.0,3.3904211328869405,19_1864
O=C(O)C1C[C@H]2C[C@@H](c3cccc(C(F)(F)F)c3)OC(=O)N2C1,-6.7,3.5399468441556485,19_1865
O=C[C](Cc1cc2ccccc2o1)n1oc(=O)c2ccc(C(=O)O)cc2c1=O,-7.1,3.5846622625382514,19_1866
COc1ccc(-c2oc3ncnc(Nc4ccccc4F)c3c2-c2ccccc2)cc1,-6.8,3.5297029522379093,19_1867
O=C(Nc1ccc(Cl)cc1CN1C(=O)c2ccccc2C1=O)c1ccc(-c2ccccc2)cc1,-7.8,3.4576959363805124,19_1868
CNc1ccc2cc(-c3cc(Nc4ccccc4S(=O)(=O)c4ccccc4)ccc3C(N)=O)ccc2n1,-7.6,3.247019750686858,19_1869
CCOC(=O)c1ccc(NC(=O)C(F)=CN(C=O)Cc2ccccc2OC)cc1,-6.2,3.5467452226972296,19_1870
CC(C)n1c(-c2cccc(C(=O)Nc3cccc(C(F)(F)F)c3)c2)cc2ccccc21,-7.5,3.519893636546548,19_1871
Cc1ccccc1C(=O)Nc1ccccc1-c1cccc2c1[nH]c1cc(F)ccc12,-8.3,3.2027296647901897,19_1872
O=C(c1ccc2c(-c3nc(N[C@H]4CCCNC4)ncc3C(F)(F)F)c[nH]c2c1)N1C[C@H](O)[C@@H](F)C1,-7.9,3.343454228693404,19_1873
CCOC(=O)N1CCN(C(=O)c2ccc(-c3cccc(C)c3)s2)CC1,-6.1,3.742517017082897,19_1874
O=C(c1ccc(N=C2NC3CS(=O)(=O)CC3S2)cc1)N1CCN(c2ccccc2)CC1,-7.1,3.5153207625063585,19_1875
O=C(Nc1ccccc1-n1cccc1)c1cccc(-c2cnc3ccccc3c2)c1,-8.0,3.5038410965183133,19_1876
O=C(NC1[CH][C@H](c2ccc(-c3cccnc3)cc2)C12CCCC2)c1cccc2ccccc12,-7.8,3.3862255005414017,19_1877
O=C(c1c(Cc2ccccc2)n(-c2ccccc2)c2ccccc12)N1CCNCC1,-7.35,3.622894186181309,19_1878
[O-][S+](CCN1CCN(c2cccc3ccccc23)CC1)c1ccc(F)cc1F,-6.9,3.6208384685753305,19_1879
O=c1c(-c2ccccc2)c(-c2ccccc2)c2ccccc2n1O,-6.6,3.5547572162913825,19_1880
Cn1c(=O)c2c(nc(Nc3ccccc3)n2C)n(C)c1=O,-6.1,3.642292773154663,19_1881
Brc1ccccc1Nc1nnc(-c2cccc3ccccc23)s1,-6.5,3.6656682471978614,19_1882
CNC(=O)C[C@H]1CCN(C(=O)c2cc(-c3ccccc3C)nc(C)c2F)C1,-7.2,3.7487186780796358,19_1883
O=c1[nH]cc2c(ccc3ccccc32)c1-c1c[nH]c2ccccc12,-7.8,3.261883749026051,19_1884
COC(=O)c1cccc(NS(=O)(=O)c2ccc([N+](=O)[O-])cc2)c1,-6.3,3.494171138334475,19_1885
O=C1CC(c2cccc(NC(=O)c3cccc4ccccc34)c2)c2c(ccc3ccccc23)O1,-9.1,3.306727785204706,19_1886
Nc1nonc1C(=O)NCCOCc1ccccc1Cl,-5.9,3.5455225622343582,19_1887
CC1(C)CC(C(=O)Nc2ccccc2C(F)(F)F)C(=O)N1Cc1ccccc1,-6.4,3.678700014528715,19_1888
Nc1ncc(-c2cccc(-c3ccc(F)cc3)c2)cc1-c1ccc2c(c1)CCNC2=O,-8.9,3.5876567580547434,19_1889
O=C(Nc1cccc(/C=C/c2ccccc2)c1)C(Cl)c1ccccc1-c1ccccc1,-7.2,3.128796245811775,19_1890
O=C(COc1ccc(C(=S)N2CCOCC2)cc1)Nc1nc2ccccc2c(=O)n1-c1cccc(Cl)c1,-7.7,3.5422236238315765,19_1891
O=C(Nc1ccccc1)N1C=CC=C(c2nc3cc(Nc4cccc(-c5ccccc5F)c4)ccc3o2)C1,-9.1,3.2946515122426785,19_1892
O=C1N=C(Nc2cccc(F)c2)S/C1=C\c1ccccc1OCCOc1ccccc1-c1cc(-c2ccc(Cl)cc2)n(-c2ccccc2)n1,-8.5,2.941529476277906,19_1893
COC(=O)C(C)n1cc(-c2ccnc(N)n2)c2cc(Br)ccc21,-6.3,3.705752193634338,19_1894
Cc1cc(-c2c[nH]c(-c3cc(F)cc(F)c3)n2)n(-c2ccccc2O)n1,-7.0,3.6862020133028435,19_1895
O=C(c1ccc(F)cc1)N1CCN(c2cccc3[nH]ccc23)CC1,-8.0,3.6684716694948136,19_1896
COc1cccc(-c2ncccc2-c2nc(-c3ccc(Cl)cc3)no2)c1,-6.9,3.6565876955067633,19_1897
COC(=O)Cc1ccc(C2=C(c3ccc(F)cc3)CCC(S(=O)(=O)Nc3ccc(F)cc3)=C2C=O)cc1,-6.7,3.5549527147784405,19_1898
O=C(Nc1cccc2cccnc12)c1ccc2oc(=O)c(C(=O)Nc3ccc(F)cc3)cc2c1,-8.2,3.487991736388584,19_1899
O=C(CS1=CNc2cccnc2Nc2ccccc21)Nc1ccccc1Cl,-8.2,1.7345446795489918,19_1900
[N-]=[N+]=Nc1ccc(-c2ccc(-c3ccc(Cl)cc3)s2)cn1,-6.6,3.4742558099316403,19_1901
CC1=CCCC(=NS(=O)(=O)c2ccc(-c3cc(C)no3)c3ccccc23)C=C1,-7.3,2.7166265417463986,19_1902
COc1ccc(NC(=O)CN2C(=O)NC(c3ccccc3)(c3ccccc3)C2=O)cc1,-7.1,3.6693718612904815,19_1903
O=c1ccc2ccc(Oc3ccn(-c4ccccc4)n3)cc2o1,-7.3,3.6183744374036513,19_1904
Fc1cccc(Nc2nc3ccccc3nc2Nc2cccc(Cl)c2)c1,-8.5,3.642100723062067,19_1905
COc1ccc(Oc2c(Cl)cnn(Cc3ccccc3-c3cccc(F)c3)c2=O)cc1,-6.8,3.592215986187495,19_1906
Cn1cnnc1C1CCCN(C(=O)c2coc3ccccc23)C1,-6.7,3.686794971278738,19_1907
CSC1=CCCN(CCN(Cc2cncn2C)c2ccc(C#N)cc2)S(=O)(=O)C2=C1CN(C)C=N2,-7.0,1.5973649594091976,19_1908
CCc1cc2ccccc2nc1-c1cnc(NCCCOC)s1,-5.6,3.6987320367306395,19_1909
O=C(Nc1ccccc1)c1c(-c2ccccc2)[nH]c2c(F)ccc(F)c12,-7.7,3.4901274817001022,19_1910
COc1ccc2[nH]c3c(c2c1)-c1nc2ccccc2cc1CN3CCN1C(=O)c2ccccc2C1=O,-8.5,3.4111227972264806,19_1911
O=C1c2ccccc2C(=O)c2c1cncc2-c1nc2ccccc2[nH]1,-7.6,3.671264179395093,19_1912
O=C(c1ccccc1Oc1ccccc1)N1CC(Cc2ccccc2)C(c2ccc(F)cc2)=N1,-8.0,3.4885281134277806,19_1913
O=C(NCc1ccco1)c1ccc([N+](=O)[O-])cc1,-5.7,3.590783254958835,19_1914
CC=C1C=CC(N2C(=O)Nc3ccccc3C2c2ccc3ccc4ccccc4c3c2)C=C1,-9.2,3.1561454812750855,19_1915
O=C(c1cccc(C#Cc2ccccc2)c1)N1CCCC(c2nc3cc(Cl)ccc3s2)C1,-7.6,3.4095095826372708,19_1916
COC=C1C=CC(c2ccccc2OC=CC(=O)N(C=O)c2cccc(C(=O)Nc3ccccc3N)c2)=C1,-7.4,3.1613663050521548,19_1917
O=C(c1cc(F)cc(F)c1)N1CCN(c2ncccc2C(F)(F)F)CC1,-7.6,3.580314849580077,19_1918
Cc1cccc2c1OCC[C@H]2NC(=O)NC[C@H]1CC(=O)N(C)[C@H]1c1nc2cc(Cl)ccc2o1,-8.1,3.623693878644663,19_1919
O=C(Cn1ncc2cc(-c3ccccc3C(F)(F)F)cc(F)c21)Nc1ccc(F)cc1,-7.6,3.5662120855987496,19_1920
O=C(O)Cc1[nH]nc2cc(-c3cccc(-c4cccc(Cl)c4)c3)ccc12,-7.2,3.5968456357578873,19_1921
CC(=O)Nc1ccc2cc3ccccc3cc2c1C(=O)N(CC(=O)O)c1ccc(F)cc1,-7.5,3.5825786007775133,19_1922
C#CCOc1cc(Br)c(C(=O)c2ccccc2)cc1OC,-5.7,3.5648367294621184,19_1923
Cc1c(C(=CC2=CC(=O)NC2=O)OC(=O)c2ccccc2)[nH]c2ccc(NC(=O)c3ccccc3Cl)cc12,-7.8,3.19545160627434,19_1924
O=C(N/N=C/c1ccc(Cl)c([N+](=O)[O-])c1)c1ccc(-c2cc(=O)c3ccccc3o2)cc1,-7.0,3.4782206762339074,19_1925
C=CCCn1c(C2C=C(F)C=CO2)c(-c2c3ccccc3c(Cl)c3ccccc23)c2ccccc21,-7.7,2.9879428442430527,19_1926
O=C1c2ccccc2C(=O)c2c1nc(-c1cc3ccccc3o1)c1cn(Cc3ccc(Cl)cc3)cc21,-8.7,3.2966405848575966,19_1927
O=c1nc(OCC2COCCO2)cc2n1CCc1cc(-c3cccc(C(F)(F)F)c3)ccc1-2,-6.9,3.6260910063223717,19_1928
COC(=O)c1cc2c(cc1OC)[C@@]1(C)CC[C@H](O)[C@@](C)(CO)[C@@H]1C[C@@H]2OC(=O)c1ccc([N+](=O)[O-])cc1,-7.4,3.1682216846658298,19_1929
Cc1ccc(Nc2nccc(-c3cccs3)n2)cc1,-6.0,3.692931369629142,19_1930
O=C(c1cccc(-c2cccc(-c3nc4cc(C(F)(F)F)ccc4[nH]3)c2)c1)N1CCCC1,-8.4,3.5806064817266066,19_1931
COc1ccc(/C(=C(/CCNC(=O)C(=O)NCc2ccco2)c2ccccc2)c2ccccc2)cc1,-6.3,3.433927927302449,19_1932
O=C(c1ccc(F)c(F)c1)N1CCC(c2nc3ccccc3o2)CC1,-7.2,3.6990359813268467,19_1933
O=C1c2ccc(-n3nc(C(F)(F)F)c4c3CCCC4)cc2C(=O)N1c1ccc2c(c1)OCO2,-8.3,3.415561324143204,19_1934
CN(c1ccc(-c2cc(-c3ccncc3)c(-c3cccc4ccccc34)o2)cc1)S(=O)(=O)c1ccccc1,-7.3,3.268166058196746,19_1935
O=C(Nc1ccc2[nH]nc(-c3nc4ccccc4[nH]3)c2c1)c1ccccc1-c1nc2ccccc2[nH]1,-8.9,3.31716680883462,19_1937
O=C(NC(Cc1ccc(NC(=O)c2c(Cl)cccc2Cl)cc1)C(=O)O)c1ccccc1-c1ccccc1,-6.3,3.391143532421127,19_1938
O=C1N=C(/C=C/c2ccccc2)/C(=C/c2ccc3ccc4cccc5ccc2c3c45)O1,-8.7,3.2480324263332574,19_1939
Cc1nc(NCCc2ccccc2)c2cc(-c3ccccc3)sc2n1,-7.0,3.6682085414480543,19_1940
O=C1c2ccccc2CCC2C=C(c3cccc4c3Oc3ccccc3O4)N1CC2,-8.9,1.052149672280664,19_1941
COc1ccccc1N1CCN(C(CNC(=O)C(=O)Nc2cccc(C)c2C)c2cccnc2)CC1,-7.4,3.606972867800983,19_1942
[CH][C@@H](C)C(S[CH]C1C[C@@H](CSc2nc(=O)c(C3CC3)c[nH]2)N1)=C(NC(=O)[CH][C@@H](C)O)C(=O)O,-4.9,2.821928226513004,19_1943
CC(C)(C)OC(=O)n1cc(-c2cccc(NC(=O)c3cccc(-c4cccc([N+](=O)[O-])c4)c3)c2)nc1-c1ccccc1,-7.5,3.2018439983132496,19_1944
CN(C)c1cccc(-c2cc(-c3ccc(F)cc3F)c(C#N)c(-c3ccccc3)c2C#N)c1,-7.2,3.5147917347744944,19_1945
O=C(O)c1cc(-c2cc3ccccc3[nH]2)nc2ccccc12,-7.9,3.567679924354985,19_1946
COCCc1cc(CNC[C@H]2CCc3ccccc3O2)on1,-5.0,3.7220788005913885,19_1947
O=C(Nc1ccccc1C(=O)N1CCCC1)c1ccc2ccccc2c1,-8.7,3.6449495179756024,19_1948
CC1=Nc2ccc(C#N)cc2[C@@H](N(c2ccccc2)c2ccc(C)cc2)N(C)C1,-6.1,2.6572574267136684,19_1949
O=C(Cn1ncc2c(=O)oc3ccccc3c21)Nc1cccc(S(=O)(=O)N2CCOCC2)c1,-8.0,3.506398787682336,19_1950
O=C(O)c1cc(-c2ccc(Oc3ccccc3)cc2)cc(-c2ccnc(-c3ccccc3OC(F)(F)F)c2)c1,-7.8,3.286446968646029,19_1951
O=C(Nc1cc(F)cc(F)c1)c1cc2[nH]c(Nc3c(F)cccc3Cl)nc2c2ccccc12,-8.0,3.4219565430303622,19_1952
O=C(N[C@@H](Cc1ccccc1)[C@H](O)CN(Cl)S(=O)(=O)c1ccc2ccccc2c1)O[C@H]1Cc2ccccc2CN1,-7.6,3.3510443254035205,19_1953
O=C(Nc1ccc2c(c1)OCO2)c1nc2ccc(Cl)cn2c1CN1CCCCCC1,-7.8,2.7167330859705734,19_1954
COc1cccc(-c2nc3ccccc3c(=O)n2N2C(=O)c3ccccc3C2=O)c1,-7.7,3.5942391492771337,19_1955
Cc1cc(-c2ccccc2)nc(SCc2ccccc2)n1,-6.7,3.5039902124939504,19_1956
O=C(N/N=C/c1cccc2ccccc12)c1cc2ccccc2cc1O,-7.5,3.519763036501029,19_1957
Cc1[nH]nc2c1C(C)(C=c1c(=CN)c3ccccc3c3ccccc13)C(=O)C(=O)N2c1ccccc1,-8.4,3.367464095906823,19_1958
COC=CC=C(CCn1c(=O)n(-c2ccccc2)c(=O)c2ccccc21)COC,-6.4,3.5919695343129368,19_1959
COc1c(NC(=O)c2cccc3ccccc23)cccc1-c1ccnc(N)c1,-7.7,3.656771161976578,19_1960
O=C(Nc1ccc(Oc2ccnc3[nH]ccc23)c(F)c1)c1cccc2ccccc12,-7.7,3.5282335316697253,19_1961
O=C(Cn1c2ccccc2c2ccccc21)Nc1ccc(Cl)cc1C(=O)c1ccccc1F,-7.7,3.3446280194481783,19_1962
COc1nc2c(cc1S(=O)(=O)c1ccccc1)CCc1c-2cnn1-c1ccccc1F,-7.2,3.6465747333898277,19_1963
O=C(NCc1cccnc1)c1ccccc1Nc1ccc2c(C=Cc3ccccn3)[nH]nc2c1,-8.1,3.3465467666033284,19_1964
COC=CC=CC=C(/C=C/C(=O)/C=C/c1cc2ccccc2s1)N=c1c(C)cccn1C=O,-6.2,3.3030094796284684,19_1965
N#Cc1ccc(Oc2ccc(Nc3ncnc4cc(-c5ccc(F)cc5)sc34)cc2)cc1,-6.8,3.520959706227207,19_1966
O=C(Nc1ccc(Nc2ncc3c4ccncc4n([C@H]4CC[C@H](O)CC4)c3n2)nc1)c1ccc(F)c(C(F)(F)F)c1,-8.9,3.1738486692694194,19_1967
O=C(Nc1cccc(-c2cnc3c(NC(=O)c4ccccc4)cccn23)c1)c1cccc(C(F)(F)F)c1,-7.8,3.382308560798931,19_1968
C[C@@H](N[C@H]1CCN(c2ccc(Oc3ccccc3)cc2)C1)c1cccc2ccccc12,-7.2,3.4773755096563086,19_1969
Fc1cnccc1-c1cc(-c2cnc3ccc4c(c3c2)CCC4)ccc1-c1ccccc1C(F)(F)F,-8.0,3.1796302469401825,19_1970
N=CN=C(OCc1ccccc1)c1[nH]c(-c2ccccc2)cc1N,-7.0,3.543132260875895,19_1971
O=C(Nc1cccc(NC(=O)c2ccc(Cl)cc2Cl)c1)c1cccs1,-6.4,3.7087596781724113,19_1972
Cc1ccc2[nH]c(C(=O)NNC(=S)Nc3cccc(Cl)c3)cc2c1,-7.5,3.3984411615065317,19_1973
O=C(N[C@@H]1CCCC[C@H]1O)c1ccc(NC(=O)N2Cc3ccccc3C2)cc1,-7.3,3.5549176188875267,19_1974
COc1ccc(CNC2CCNC2)cc1-c1cccc(NC(=O)c2ccc(Cl)cc2)c1,-7.8,3.617939550389844,19_1975
CC(C(=O)Nc1ccc(-c2ccncc2F)c(Cl)c1)c1ccccc1Nc1ccnc(C(F)(F)F)c1C#N,-7.4,3.4228361176977455,19_1976
CC(=CC(=O)CC(C)C=C/C=C(C)/C=C/c1ccc(OCc2cn(CCCOc3ccc4ccc(=O)oc4c3)nn2)c(C)c1)C(=O)O,-5.5,2.820173404993809,19_1977
O=C(CSc1nc2ccccc2c(=O)n1-c1ccccc1C(=O)O)Nc1ccccc1C(=O)Nc1ccc(Cl)cc1,-7.9,3.024606529538413,19_1978
O=C(c1ccc(Cn2cc(-c3ccccc3)nn2)cc1)N1CCC(n2ccnn2)CC1,-7.3,3.6239933587997353,19_1979
Cc1ccc(-c2ccc(-c3cc(-c4ccc(O)cc4)nc4ccccc34)cc2)cc1C(=O)Nc1ccccn1,-7.2,3.261458376391661,19_1980
O=c1[nH]c2ccc(Nc3nccc(-c4ccc(F)cc4)n3)cc2[nH]1,-7.8,3.607623718150541,19_1981
c1ccc(CN2CCN(c3cc(-c4ccncc4)nc4ccccc34)CC2)cc1,-7.8,3.588579263368829,19_1982
Cc1cccc(Cc2[nH]nc3cc(O)c(C(=O)N(C)c4cccc(C(C)C)c4)cc23)c1,-7.7,3.5998292804715577,19_1983
c1ccc2oc(-c3ccc(-c4ccc(N5CCOCC5)nc4)cc3)nc2c1,-7.1,3.617878198166993,19_1984
FC(F)(F)Cc1cc2c(NC3CCN(CCc4ccccc4)CC3)ncnc2s1,-7.2,3.7303261561576857,19_1985
COc1ccc2c(c1)C(=NC(=O)C1=CCC(c3ccc(NC(=O)c4ccc(C#N)cc4)cc3)=S1S)N2,-6.2,3.3071988348715933,19_1986
O=C(Nc1cccc(-c2ccnc3cc(-c4ccc(CCc5ccccc5)cc4)nn23)c1)c1cccc(Cl)c1,-8.8,3.3626040475035883,19_1987
COc1ccc2sc(C(=O)Nc3ccc(C(=O)O)cc3)cc2c1,-6.8,3.7482213182438855,19_1988
N#Cc1cccc(NC(=O)Nc2cccc(-c3cccc(-n4cccn4)n3)c2)c1,-9.0,3.6976111793862154,19_1989
O=C(O)C1CCN(C(=O)c2cc(-c3ccccc3)nc3c2cnn3CCOCCO)CC1,-6.8,3.5376606814031226,19_1990
O=C(CCCCCNc1c2c(nc3ccccc13)CCCC2)Nc1c2ccccc2nc2c(C(=O)NCCO)cccc12,-7.6,2.9863436352817625,19_1991
CC(PC(=O)Nc1ccccc1C(=O)Nc1ccc(Cl)cc1)c1ccccc1,-7.4,3.5344132881984835,19_1992
O=C(Nc1cccc(-c2nc3ccccn3c2NC(=O)c2ccccc2)c1)c1ccc(Cl)cc1,-7.8,3.5177684212074407,19_1993
CC(=O)Nc1cccc(-c2cccc(-c3cc(F)cc(F)c3)n2)c1,-7.8,3.6779359931898394,19_1994
Cc1nnc(-c2cccc(Nc3nccc(-c4ccc5c(ccn5C)c4O)n3)c2)o1,-7.9,3.4976004582911147,19_1995
O=C(/C=C/c1cc(Br)ccc1Cl)NC(=S)Nc1nc2ccccc2s1,-7.5,3.6132711070457364,19_1996
O=c1[nH]cc2cnc(Nc3cccc(C(F)(F)F)c3)nc2cc2cc(Cl)ccc2[nH]1,-8.5,1.3616721094585928,19_1997
O=Cc1cccn1-c1nc2cc(F)c(-c3ccccc3)cc2cc1Sc1ccc(Br)cc1,-8.2,3.3456470741335567,19_1998
COc1cc2ncnc(Nc3ccc(NC(=O)c4cccc(C(F)(F)F)c4)cc3)c2cc1OC,-7.5,3.58903441429987,19_1999
