smiles,docking,drug_likeliness,names
CC=CCn1cc(N2C(=O)c3cccc4cccc(c34)C2=O)cc1CNCc1cccc(OC)c1OC,-7.9,3.450267040749873,24_0
O=C1/C(=C/c2cccc(F)c2F)Oc2ccccc21,-7.1,3.45626199667427,24_1
NC(=O)c1ccc(-c2ccc(-c3ccccc3C(=O)NCc3ccccc3)o2)cc1,-7.6,3.6177454295360345,24_2
Cc1ccc(S(=O)(=O)N2CCC(C(=O)Nc3cccc(-c4cccc(C#N)c4)c3)CC2)cc1,-7.2,3.7357400762589847,24_3
O=C(N=CC1=CC=C(c2cccc(-c3ccccc3F)c2)Cc2ccccc21)c1ccccc1,-8.6,2.156820165758059,24_4
O=C(c1ccc(Nc2nccc(-c3cc4ccccc4o3)n2)cc1)N1CCOCC1,-7.4,3.7131513319838563,24_5
COc1cccc(Nc2nc3n(n2)C=C(C2C=CC=C(C)C=C2)CC(c2ccccc2)=N3)c1,-8.0,2.628119978512517,24_6
C[C@]1(N2CCc3c(-c4cnc(N)nc4)nc(N4CCOCC4)nc32)CCN(C(=O)C2CCO2)C1,-7.8,3.180707158455623,24_7
O=C(Nc1cccc(S(=O)(=O)N2CCCC2)c1)c1cc2ccccc2[nH]1,-7.4,3.736633040024215,24_8
Cc1ccc2c(c1)C(c1cccc(-c3ccc4c(c3)OCCO4)c1C)=NN(c1cccc(F)c1)C(=O)C2,-8.4,2.448025866585147,24_9
COc1ccc(O)c(C(=O)c2ccc3nccc(N)c3c2)c1,-6.7,3.662491071618648,24_10
C[C](C(=O)O)S(=O)(=O)[C@@H]1CC2[CH][C@](C)(C[C@@H]3[CH][C@]4(CC[C@@H]23)[C@@](C)(O)C[C@H](O)[C@@]4(C)CO)[C@@]1(C)C[CH]OC(C)=O,-7.4,2.7014573517265714,24_11
O=C(Nc1ccccc1C(F)(F)F)c1ccc(N2CCN(C(=O)c3ccc(F)cc3F)CC2)nc1,-7.0,3.6806367225142265,24_12
N#Cc1c(N=Cc2ccc(O)cc2O)c(-c2ccccc2C(F)(F)F)oc(=O)c1-c1ccccc1,-7.2,3.425024798330957,24_13
CCn1c2ccccc2c2cc(/C=C/C(=O)c3ccc4ccccc4c3)ccc21,-6.8,3.1575346916630838,24_14
Nc1c(F)c(NCCNc2ccccc2)cc2c1c(=O)c(C(=O)O)cn2-c1cccc(F)c1,-7.4,3.3522583538785895,24_15
Cc1ccc(-c2nnn(CC(=O)N(c3cccc(C)c3)C(C)C(=O)NCc3ccco3)n2)cc1,-7.7,3.611960382840876,24_16
O=C(Cc1cccc2ccccc12)Nc1nc(-c2ccccc2)c2ccccc2n1,-8.9,3.43223319629295,24_17
ON=c1ccc(-c2ccccc2Nc2ccccc2)c(N2CCN(c3ccccc3)CC2)nc1,-7.3,2.533133608642508,24_18
NC(=O)c1ccccc1Nc1cccc(-c2cn(-c3cccc(C(=O)O)c3)nn2)c1,-7.0,3.5684926393535026,24_19
O=C(c1ccc(NS(=O)(=O)c2cccs2)cc1)N1CCN(c2ccccc2)CC1,-6.7,3.779258851684753,24_20
Cc1ccc(S(=O)(=O)N=CNC=C(F)c2ccc(C)cc2S(=O)(=O)Nc2ccccc2)cc1,-7.5,3.5363871014679713,24_21
C=CC(=CC=COC)N(Cc1cccc(-c2cc3ccccc3nc2N2CCOCC2)c1)C(=O)C1CCC1,-7.0,3.3425932619562753,24_22
Cc1ccc(-c2coc(CNc3ccccc3C(=O)N3CCOCC3)n2)cc1,-7.0,3.7855040126546955,24_23
O=C(Nc1ccccc1C(=O)Nc1ccc2c(c1)OCCO2)c1ccccc1F,-8.3,3.7529499022907356,24_24
Oc1ccc2ccccc2c1CNc1cccc2cnccc12,-7.7,3.5663247039641037,24_25
Oc1ccc(/N=C/c2ccccc2OCc2ccccc2)cc1O,-6.7,3.608937143396819,24_26
O=Cn1ccccc1=NC(=O)C=Cc1cc(-c2cccc(-c3nc4cc(F)ccc4[nH]3)c2)c2ccccc2c1,-8.5,3.381130597934491,24_27
Fc1cccc(-c2ccc(-c3c[nH]c(-c4c(F)cccc4Cl)n3)cc2)c1,-7.0,3.4526173638588347,24_28
CC(=O)Nc1cccc(-c2ccnc3c2CC(C(=O)Nc2cccc(C#N)c2)O3)c1,-8.0,3.72678520115146,24_29
BrC=C1C=CC(C=CN=CC=c2ccc3cccc4cccc2c43)=C1,-7.0,3.3173118922529423,24_30
Fc1ccc(Oc2ccc(-c3csc(-c4cccc5ccccc45)n3)cc2)cc1,-7.3,3.361247944051649,24_31
O=C(Nc1cccc(-c2cc[nH]n2)c1O)c1ccc2cc3n(c2n1)CCCNC3=O,-7.9,2.4402125485817425,24_32
CCOc1ccc(-c2nc(NC(=O)c3ccc(=O)n(C)n3)sc2C)cc1,-7.0,3.7566995908423886,24_33
COc1ccc(-c2nc([C@H]3CC(=O)N(c4ccc(F)cc4)C3)no2)cc1,-7.1,3.759143972068409,24_34
NC(=O)n1c(-c2cccc(NC(=O)c3ccccc3F)c2)cc2ccccc21,-7.8,3.6517363340524485,24_35
O=C(c1nc2ccccc2[nH]1)N1CC(c2nc3ccccc3n2CCc2ccc(Cl)cc2)C1,-8.1,3.5682210009514073,24_36
Cc1c(Nc2nc3ccccc3nc2NC2C=CC=CC2)cccc1-n1ccc(C(F)(F)F)n1,-8.2,3.6046411623014776,24_37
N#Cc1ccc(N2CCN(c3nc4ccccc4c(=O)n3-c3cccc(Cl)c3F)CC2)cc1,-7.8,3.6350768059594136,24_38
N#Cc1ccc(Cn2cncc2CNCC2C(=O)N(c3ccccc3C(=O)O)Cc3ccccc32)cc1,-7.2,3.548568418218995,24_39
Cn1c(-c2cccc(-c3cccc(NC(=O)Nc4ccc(-c5c[nH]c(=O)c6ccccc56)cc4)c3)c2)nc2ccccc21,-8.8,3.116218156532837,24_40
O=C(C=CC=C1OC1C=CCc1c(-c2ccccc2)c(=O)[nH][nH]c1=O)Nc1cccc(Cl)c1F,-6.8,3.4091169357267317,24_41
O=C(Nc1cccc(-c2nc3ccccc3cc2-c2cccc3ccccc23)c1)c1ccccc1,-7.9,3.2996492671697686,24_42
O=C(O)CCCC/C=C\CNc1cc(-c2ccccc2F)nc2ccccc12,-7.0,3.5074218855711408,24_43
CN1CCN(c2nc3ccccc3nc2Oc2ccc(C(=O)C3CC3)cc2)CC1,-7.6,3.581708691924873,24_44
O=C(NC(Cc1ccccc1)C(=O)Nc1cccc2ccccc12)c1cc2ccccc2cc1Oc1ccccc1,-8.8,3.2573526264156962,24_45
O=[N+]([O-])C=CC=C1C=CSC(c2ccc(-c3coc4cc(-c5ccc6ccccc6c5)ccc34)cc2)=N1,-6.6,3.2223159903456637,24_46
Cc1cccc(C(=O)NCC(=O)Nc2ccc3c(c2)OCCO3)c1,-6.9,3.7616065684598814,24_47
C#CC=CC=CC1N=CN=C2NCNC(c3cccc(-c4c(F)ccc(NC(=O)c5ccc6c(c5)OCO6)c4F)c3)=C21,-8.6,3.151529016125428,24_48
O=C(NC1CCN(c2cccc(C(F)(F)F)c2)CC1)c1cc(-c2ccccc2Br)nc2ccccc12,-7.9,3.511588235091883,24_49
O=C1NCCN(C(=O)c2cc(-c3cccc(C(F)(F)F)c3)ccc2F)Cc2c1cccc2-c1ccccc1F,-8.7,1.568067170147037,24_50
O=C(Nc1ccc2c(c1)OCO2)c1cc(-c2cccc(-c3cc4ccccc4o3)c2)on1,-8.3,3.550764919932969,24_51
O=C1/C(=C\c2ccccc2Oc2ccccc2)Cc2ccccc21,-7.3,3.4282578468874565,24_52
O=C(Nc1cccc(-c2cnc3ccccc3c2)c1)C(=O)c1cccc(NS(=O)(=O)c2cccc3cccnc23)c1,-7.6,3.251450870300573,24_53
O=c1nc(Nc2ccccc2Oc2ccccc2)sc2nc3ccccc3n12,-7.6,3.6111861097206353,24_54
COc1ccc(CNC(=O)c2cccc(NC(=O)c3cccc([N+](=O)[O-])c3)c2)cc1F,-6.7,3.5636646243117056,24_55
N=C(N)NCc1cccc(-c2cccc(-c3cccc(-c4cccc(OC(F)(F)F)c4)c3)c2)c1,-9.0,3.3365927638615833,24_56
O=c1cc(-c2cccc(-c3ccccc3F)c2)nc2scc(-c3ccco3)n12,-7.5,3.530162376825274,24_57
O=C(Nc1ccccc1-c1ccccc1)c1cccc(-c2[nH]nc3ccc(-c4nc[nH]n4)cc23)c1,-8.8,3.4221446622187397,24_58
O=C(Nc1ccc(Oc2ccnc(C(=O)N3CCOCC3)c2)cc1)Nc1cccc(Cl)c1Cl,-7.9,3.6668725837632663,24_59
COc1ccc(-c2nc3ccccc3c3c2-c2ccc(OC)cc2C3=O)cc1,-7.4,3.574767681344371,24_60
O=C(NCCc1nnc2ccc(N3CCOCC3)nn12)c1ccccc1-c1ccco1,-7.5,3.600061651936188,24_61
Cc1cccc(NC(=O)Nc2cccc(-c3cccc(-c4nc5cc(F)ccc5[nH]4)c3)c2)c1,-8.2,3.2460644122133795,24_62
O=C(Nc1cccc(F)c1)Nc1cccc(-c2cccc(-c3nc4cc(C(F)(F)F)ccc4[nH]3)c2)c1,-8.3,3.169812286139635,24_63
O=C(c1nc2ccccc2[nH]1)N1CC(c2nc3ccccc3n2-c2ccc(F)cc2)C1,-7.7,3.5930891001383762,24_64
OCCCN(Cc1cccc2ccccc12)c1cc(-c2ccccc2)nc2ccccc12,-7.1,3.3962042929592497,24_65
O=CN=C1C=NC(N=CC2=CCC(NC(=O)c3cccc(F)c3F)C=C2)=NC(=Nc2cccc3ccccc23)CN1,-7.9,1.5375264642254596,24_66
O=C(Nc1cc2c3c(c1)cc(O)n3CCC2)c1cccc(-c2ccccc2Cl)c1,-7.9,3.58943295217423,24_68
Cc1ccc(NC(=O)c2cccc3c(=O)c4ccccc4[nH]c23)cc1Nc1nccc(-c2cccnc2)n1,-8.9,3.2250942837177323,24_69
O=C(c1cccc(C(F)(F)F)c1Cl)N1CCn2c(nnc2-c2cccc(F)c2)C1,-7.6,3.605825054905407,24_70
O=C(c1c(O)ccc2ccccc12)N1CCN(Cc2cccc(-c3cccc(F)c3F)c2)CC1,-7.8,3.607248588435499,24_71
O=C(c1ccccc1F)n1c2ccccc2c2ccccc21,-7.2,3.4199940309099075,24_72
Cc1nc(-c2cccc(F)c2F)n(O)c1C(=O)NC(Cc1ccc(NC(=O)c2ccccc2)cc1)C(=O)Nc1cccc(C(F)(F)F)c1,-8.8,2.92054981877008,24_73
O=C(Nc1ccccc1C(=O)NC(Cc1ccccc1)C(=O)O)c1cccc(-c2cccc(-c3ccccc3)c2)c1,-7.2,3.1915257323988824,24_74
O=C(c1cccc(Cl)c1)N1CCC2(CCCN(c3cccc(F)c3)C2)C1,-7.0,3.468993054694507,24_75
Cc1ccc(-c2ccc(N=CN=CNC3C#CC=CC=C3)cc2)cc1,-7.7,2.401690278699048,24_76
O=C(c1ccccc1)N(N=CCC(=O)N1c2ccccc2Cc2ccccc21)c1ccc2ccccc2c1,-7.3,3.224381920086159,24_77
O=C(Nc1cccc(-c2nc3ccccc3c(=O)n2-c2cccc(I)c2)c1)c1ccccc1,-8.0,3.463294762391296,24_79
O=C1c2ccccc2S(=O)(=O)N1Cc1ccc(-c2cccc3ccccc23)cc1,-7.9,3.6038734981645613,24_80
Cc1ccc(-c2cccc(-c3cc(=O)[nH]c4cc5c(cc34)OCO5)c2)cc1,-8.9,3.585237557959566,24_81
O=C1c2ccccc2C(=O)N1c1n[nH]c(-c2ccc(-c3ccccc3)cc2)n1,-7.6,3.6580300534542474,24_82
O=C(CCNC(=O)N1CC(=O)Nc2ccccc21)Nc1cccc(-c2cccc(F)c2)c1,-9.1,3.6419257633659026,24_83
Cc1cc(S(=O)(=O)NC(=O)c2ccccc2-c2ccccc2C(=O)O)ccc1F,-7.0,3.733186718717734,24_84
CCOc1c(C(=O)Nc2cccc(C(=O)N3CCN(c4ccccc4)CC3)c2)ccc2ccccc12,-7.5,3.6145891205384837,24_85
O=C(Nc1ccccc1)c1ccccc1Nc1ccccc1C(=O)Nc1cccc(-c2nc3ccccc3s2)c1,-8.1,3.2329968321044973,24_86
O=C(Nc1ccccc1-c1cccc2c1[nH]c1ccccc12)c1cccc(-c2ccc3c(c2)OCO3)c1,-9.1,3.2624450207740274,24_87
O=C(Nc1cccc(Oc2cccnc2)c1)c1cccnc1Cl,-6.8,3.7434041791772925,24_88
CC1=CC=C(c2cc(-c3ccccc3NC(=O)c3cccc(Cl)c3)c3ccccc3c2C=O)OC=C1,-9.4,2.3425666247113037,24_89
COc1ccccc1-c1cc2cc(CC(=O)Nc3cccc(-c4cccc(-c5ccccc5F)c4)c3)ccc2[nH]1,-8.7,3.2089732160360773,24_90
NC(Cc1cc(Cl)c(Nc2ccccc2-c2nc3cc(Cl)ccc3[nH]2)c(Cl)c1)C(=O)O,-7.5,3.418974347525377,24_91
O=C(c1cc2ccccc2[nH]1)c1cc2cc(-c3ccccc3)ccc2n1-c1ccccc1F,-8.5,3.3486623077576745,24_92
CCCCC(NS(=O)(=O)C1=C2CC(CC=O)N=C2C=C1)C(=O)NCCCN1CCC2(C=Cc3ccccc32)CC1,-6.2,2.9811741029224987,24_93
O=C(NCCCN1CCOCC1)N(CCN1[C@@H]2CC[C@H]1CC(c1cccc(O)c1)C2)CC1CCCCC1,-6.7,3.0948910792571187,24_94
CNC(=O)[CH]n1c(-c2ccc(C(F)(F)F)cc2)nc2ccccc21,-7.4,3.7340907629273996,24_95
O=C(Nc1cc(-c2ccccc2)ccc1O)c1cccc(Nc2cccc(C(F)(F)F)c2)c1,-7.9,3.336102223865849,24_96
O=Cc1cccc(O)c1C(=O)c1ccc(C[N+]2C=Cc3ccccc32)cc1O,-7.4,3.5304972568377644,24_97
CCCn1c(C2=CC(=Cc3nnc(-c4ccc(OC)cc4)o3)C=C2)nc2ccccc21,-6.5,3.5919923860229463,24_98
O=C(Nc1ccc(-c2ccco2)cc1)c1cccc2ccccc12,-7.3,3.5649027517950107,24_99
O=C(Nc1ccccc1)C1CCCN(c2cccc(-c3ccc4c(c3)OCO4)n2)C1,-7.7,3.6820661068249336,24_100
CC=C1C=NC(c2ccc3c(c2)CCN(CCCSc2nnc(-c4ccccc4F)n2C)CC3)=C1,-5.5,2.4385640803012,24_101
O=C(N[C@H]1CC[C@@]2(O)[C@H]3Cc4ccc(O)c5c4[C@@]2(CCN3CC2CC2)[C@H]1O5)c1ccc(-c2ccccc2)cc1,-8.4,3.2215800038426323,24_102
O=C(Nc1ccc(F)cc1-c1cccc(C(F)(F)F)c1)c1cccc(-c2cccc(C3CCCN3)c2)c1,-8.7,3.3576812748338662,24_103
O=C1c2ccccc2C(=O)c2c1ccc1[nH]c(-c3cccc(C(F)(F)F)c3)nc21,-8.4,3.624568610546036,24_104
COc1ccc(-c2ccc3c(N4CCOC[C@@H]4C)nc(Nc4cccnc4)nc3n2)cc1C(=O)Nc1ccccc1F,-7.8,3.241430531818569,24_105
NC(=O)N1CCc2c(c(-c3ccc(F)cc3)nn2Cc2ccc(C(=O)O)cc2)C1,-7.7,3.732456028460854,24_107
O=C(Nc1cccc(-c2nc3cc(NC(=O)c4ccccc4Cl)ccc3[nH]2)c1)c1cccc(C(F)(F)F)c1,-8.3,3.2117123796334237,24_108
O=C(Nc1cccc(-c2cccc3ccccc23)c1)c1ccccc1Nc1cccc(-c2cccc(C(F)(F)F)c2)c1,-8.5,3.022901783880778,24_109
O=C(Nc1ccc(-c2cc3ccccc3o2)c(F)c1)c1ccccc1Nc1cccc(-c2ccccc2F)c1,-8.4,3.2603548484450715,24_110
Cc1cc(Cl)ccc1Nc1nc(Nc2ccccc2NS(C)(=O)=O)cc(-c2nc3ccccc3[nH]2)n1,-8.7,3.2177428342710277,24_111
Cc1ccc(S(=O)(=O)N[CH]C2NCC(C(=O)N3[CH]CN(c4cccc(Cl)c4)CC3)OO2)cc1,-7.7,3.50178436671988,24_112
O=C(N[C@@H]1C=C[C@@]2(O)[C@H]3Cc4ccc(O)c5c4[C@@]2(CCN3CC2CC2)[C@H]1O5)c1cccc(N=C(Nc2ccccc2)c2cccc(CO)c2)c1,-8.3,2.5599289646022925,24_113
O=C(c1ccc2c(c1)c1ccccc1n2Cc1nc2ccccc2[nH]1)N1CCCc2ccccc21,-8.5,3.4279519082034335,24_114
O=C(Nc1cccc(C2=NCC(=CC3=CC(=O)c4ccccc4C3=O)CN2)c1)c1ccccc1,-8.2,3.59962416724561,24_115
OCC1CCCN(c2cccc(-c3cc4cc(-c5ccccc5F)ccc4o3)c2)C1,-7.1,3.5934573698781698,24_116
Nc1oc2c(C3C=CCN=C3)nccc2c1Nc1ccc(F)c(Cl)c1,-7.3,3.6741145360277923,24_117
O=C(Nc1cccc(-c2cccc3c(=O)cc(N4CCOCC4)oc23)c1)c1ccccc1OC(F)(F)F,-8.3,3.6108108558357,24_118
O=C(Nc1cc2ccc(-c3ccncc3Cl)cc2cn1)c1cccc(-c2ccccc2Cl)c1,-8.3,3.4734731479536656,24_119
COc1ccc(S(=O)(=O)N(Cc2nc(=O)c3ccccc3[nH]2)c2ccccc2OC)cc1,-7.0,3.6616929104208293,24_120
CC=C(CC(N=COC(C)=CC=COC)=Nc1ccccc1NS(C)(=O)=O)C(F)(F)F,-6.4,3.1754330240206388,24_121
NC1=NC(=O)Oc2ncn([C@@H]3O[C@@H]4COP(=O)(O)O[C@H]5[CH][C@H](n6ccc7c(N)ncnc76)O[C@@H]5COP(=O)(O)O[C@@H]3[C@@H]4O)c2N1,-8.1,0.22720932873822974,24_122
O=C(NCc1ccccc1Cl)c1cccc(S(=O)(=O)Nc2cccc3ccccc23)c1,-7.8,3.610621864742927,24_123
O=C(Nc1cccc(-c2cccc(-c3nc4c(F)cccc4[nH]3)c2)c1)c1ccccc1,-8.7,3.4293586076098226,24_124
Cc1c(-c2ccc3ccccc3c2)nc2ccccc2c1-c1ccccc1,-7.7,2.9904423848240573,24_125
O=C(CCCCl)Nc1cc2c(=O)c(-c3cccc(Cl)c3)coc2c2ccccc12,-8.0,3.5255051324601694,24_126
Cc1ccccc1N1CCN(C(=O)c2cccc(S(=O)(=O)N3CCOCC3)c2)CC1,-7.6,3.646320681605026,24_127
O=C(c1cc(Cc2n[nH]c(=O)c3c2NCCC3)ccc1F)N1CCN(c2ccccc2C(F)(F)F)CC1,-8.7,3.5343766627608666,24_128
O=C(Nc1cccc(-c2ccccc2OC(F)(F)F)c1)Nc1cccnc1C1CCCCC1,-7.8,3.6102488966356683,24_129
O=C(c1ccc(N2N=C(c3cc4ccccc4o3)CC2c2ccc(Cl)cc2)cc1)c1cccc(Br)c1,-9.0,3.2410570940816976,24_130
Cc1c(C2CC=CC=NC(=O)CC=CC=C([N+](=O)[O-])C2)cn2nc(-c3cccc4ccccc34)sc12,-7.9,1.2397751743151924,24_131
O=Cc1c[nH]c2cccc(-c3cccc(F)c3F)c2c1=O,-6.5,3.618560537913347,24_132
O=C(Nc1cccc(-c2cccc(-c3cc4ccccc4nc3NCC3CC3)c2)c1)c1ccccc1-c1ccccc1,-9.0,3.10137547642908,24_133
O=C(CSc1cccc(C(F)(F)F)c1)Nc1nc(-c2ccccc2)cn1-c1ccc(C(F)(F)F)cc1,-8.1,3.4353386387183695,24_134
Cc1cccc(NS(=O)(=O)c2ccc3c(c2)NC(=O)CCS3)c1,-6.8,2.7634895115839626,24_135
O=C(Nc1ccc2c(c1)OCO2)Nc1ccccc1F,-6.5,3.651470978744933,24_136
Cc1cccc(Nc2nc(-c3ccccc3C(=O)Nc3ccccc3)cs2)c1,-7.6,3.614668338614062,24_137
O=C(NC1C=CC=CC=NCC=C1)c1c2ccccc2c(O)c2ccccc12,-7.0,1.374642950544939,24_138
N#Cc1cc(Cl)cc(Oc2cc(Oc3ccccc3-c3ccccc3)c3ncccc3c2)c1,-7.4,3.38829711013867,24_139
O=C(Nc1ccccc1-c1cn2c(CN3CCNCC3)csc2n1)c1cccc(-c2ccccc2)c1,-8.55,3.4742060940471955,24_140
O=C(COC(=O)c1cc2ccccc2o1)Nc1cccc(S(=O)(=O)N2CCOCC2)c1,-7.1,3.62290253718147,24_141
N[C@@H]1c2ccccc2C(c2cccc(NC(=O)Nc3cccc(Cl)c3)c2)C1C(=O)NCc1cccc(Cl)c1,-7.9,3.3210722178326715,24_142
O=c1c2ccccc2nc(-c2ccccc2Oc2ccccc2)n1-c1cccc(C(F)(F)F)c1,-8.5,3.3731713152948206,24_143
O=C(Nc1cccc(-c2cccc(C(=O)N3CCOCC3)c2)c1)c1cccc(Cl)c1Cl,-7.7,3.712227488050753,24_144
O=C(Nc1cc(F)ccc1F)c1ccc(-c2cc(=O)c3c(O)c(O)c(O)c(Cl)c3o2)cc1,-9.0,3.400327254419542,24_145
Cc1cccc(NC(=O)c2ccccc2NC(=O)c2ccco2)c1C,-7.8,3.733766530616375,24_146
O=C(Nc1ccc(-c2cccc(-n3cccc3)c2)cc1)c1ccc2cccc(Cl)c2n1,-8.0,3.488626931138221,24_147
O=CC1c2c(NCc3ccccc3)cc(-c3ccccc3C(F)(F)F)nc2CC1c1ccco1,-8.0,3.5486588668666124,24_148
Cc1c(N(c2cccc(Cl)c2Cl)S(=O)(=O)c2cccc(C(=O)O)c2)sc2ccccc12,-7.6,3.610804444868558,24_149
O=C(c1cc(Cc2n[nH]c(=O)c3ccccc23)ccc1F)N1CCN2CCCC2C1,-8.2,3.6777959745059787,24_150
COC=CC=C(C)[C@H]1c2ccccc2N(C(=O)c2cc3ccccc3[nH]2)c2cccc(C(F)(F)F)c21,-7.7,3.366844008330193,24_151
O=C(N[C@H]1CN(C(=O)c2ccccc2-c2ccccc2)c2ccccc21)c1ccccc1,-7.5,3.55007165880588,24_152
O=c1n(Cc2cccc(-c3ccc4c(c3)CCO4)c2)c2ccccc2n1Cc1ccc2ccccc2c1,-8.3,3.356605157569629,24_153
O=C(Nc1ccc(C2=CCN(C(=O)c3ccco3)CC2)cc1)N1Cc2ccccc2C1,-7.3,3.636665562495823,24_154
O=C(c1ccc2ccccc2c1)N1CCc2cc(S(=O)(=O)Nc3cccc(C(F)(F)F)c3)ccc21,-7.8,3.610268393663503,24_155
O=c1c(-c2ccccc2)nc2ccccc2n1Cc1ccc(-c2ccccc2)cc1,-8.0,3.302782792769574,24_156
O=C(c1ccc(-c2cccc([N+](=O)[O-])c2)cc1)c1ccc2ccc(C(=O)O)c(O)c2n1,-7.4,3.4180929837146987,24_157
O=C1CCc2cc(-c3ccccc3)ccc2N1Cc1ccc2ccccc2c1,-7.9,3.274190733845378,24_158
O=[N+]([O-])c1cnc(Sc2nc(Nc3cccc4ccccc34)nc(N3CCOCC3)n2)o1,-8.5,3.339447113129996,24_159
O=c1[nH]c2ncccc2c(O)c1C(c1ccc(F)cc1)c1c(O)nc2n(c1=O)CC(O)C2,-8.3,3.3191348887219347,24_160
O=C(NC1CC1)c1ccc2oc(-c3cccc(NC(=O)c4ccccc4C(F)(F)F)c3)cc2c1,-7.9,3.567656827787699,24_161
O=C(Nc1ccc(C=C2CNC[C@H](O)c3ccccc3C2)cc1)N1c2ccccc2C=Cc2ccccc21,-8.5,1.4361992201668876,24_162
O=C(Nc1cccc(-c2ccc(F)cc2)c1)C1C=CC=NC1N1C(=O)c2ccccc2C1=O,-8.2,3.606897885403702,24_163
O=C(O)CN1C(=O)/C(=C/c2ccc(-c3cc(C(=O)O)c4ccccc4n3)cc2)SC1=S,-7.2,3.577022751514191,24_164
CCCn1c(=O)c2[nH]c(-c3ccc(-c4ccccc4S(=O)(=O)N4CCc5ccccc5C4)cc3)nc2n(CCC)c1=O,-7.5,3.370531496181026,24_165
Cc1c(-c2cccc3c(=O)cc(-c4ccccc4)oc23)cccc1C1C=CC=CC(=O)NCCN=C(N)N1,-9.1,1.4878933300175055,24_166
O=C(c1cn(-c2ccccc2F)c2ccccc12)N1CCCc2ccccc21,-7.8,3.4596182609185098,24_167
O=C(CSc1nncnc1-c1ccccc1)Nc1ccc2c(c1)OCO2,-6.9,3.6866164409535176,24_168
O=C(c1ccc2ccccc2c1)N1CCC[C@@H]1c1nnc2ccccn12,-7.7,3.6283871695754164,24_169
C[C@H]1CC[C@H](n2c3cnccc3c3cnc(Nc4ccc(CC(=O)Nc5cccc(C(F)(F)F)c5)cn4)nc32)CC1,-7.3,3.3290963036846044,24_170
O=C(C=Cc1ccc2[nH]cc(-c3cccc(-c4ccccc4C(F)(F)F)c3)c2c1)Cc1ccccc1F,-6.9,3.0916052672689323,24_171
Nc1cc(-c2cc(Cl)ccc2Oc2cc(F)c(S(=O)(=O)Nc3cccnn3)cc2Cl)ccn1,-7.5,3.509011711108152,24_172
CC(C)(C)OC(=O)NC(CCCCCO)C(=O)Nc1cccc(-c2ccoc2)c1,-6.6,3.5577770546775414,24_173
CN1CCC(c2cccc(-c3[nH]nc4cnc(-c5cccnc5)cc34)n2)CC1,-8.5,3.7119361178181682,24_174
COc1ccc(C2=NC(=O)/C(=C/c3ccc(Cl)cc3)S2)cc1OC,-6.9,3.678553777727667,24_175
Cc1ccccc1Oc1ncccc1CNC(=O)Nc1ccccc1C(=O)Nc1cccc(C(F)(F)F)c1[C@H]1O[C@H](CO)[C@@H](O)[C@H](O)[C@@H]1O,-7.7,2.9305914368547987,24_176
O=C(c1ccccc1C(F)(F)F)N1CCN(c2nc(=O)c3cc(C(F)(F)F)cc([N+](=O)[O-])c3s2)CC1,-7.7,3.335137455443065,24_177
C=CC1=NNc2c(c3cc(Br)ccc3[nH]c2=O)N=C1C=CS(N)(=O)=O,-7.1,2.5521599513471607,24_178
O=S(=O)(Nc1ccc(-n2cccc2)nc1)c1cccc(-c2cccc(-c3ccccc3)c2)c1,-8.6,3.541695021958504,24_179
O=C(Nc1ccc(-c2nc(N3CCOCC3)c3cccnc3n2)cc1)Nc1ccccc1Oc1ccccc1,-8.0,3.3891312402466127,24_180
Cc1ccccc1C(=O)Nc1cccc(C(=O)c2ccc3c(C=Cc4ccccc4)[nH]nc3c2)c1,-7.9,3.271896632394176,24_181
COC(=O)C=c1ccc2c(c1)CCNC(=O)C=2C=CC1CN(C2CCCC2)C(=O)N(c2ccc(OC)cc2)C1=O,-8.6,2.392784433578728,24_182
O=CCCC(=O)Oc1cccc2c1C(=O)c1ccccc1C2=O,-6.2,3.5437521426502174,24_183
Nc1nc(Cl)cc(NCc2cccc(-c3cccc(-c4nn[nH]n4)c3)c2)n1,-8.3,3.47671731520766,24_184
O=C(Nc1cncc(-c2cccc(C(F)(F)F)c2)c1)c1ccc(-c2ccccc2F)cc1,-7.9,3.503864447574993,24_185
O=C(NC(=O)c1ccccc1-n1ccc2ccccc21)NC1C=CC=COC1,-7.6,2.748385831407551,24_186
O=C1c2ccccc2C(=O)c2c1nnn2-c1cc(-c2ccncc2)ccc1O,-8.5,3.6527342045415123,24_187
O=C(c1cc(Cc2n[nH]c(=O)c3ccccc23)cc(F)c1F)N1CCN(S(=O)(=O)c2cccc(-c3nc4c(F)cccc4[nH]3)c2)CC1,-8.8,3.278039182659304,24_188
CC(C)[C@@]1(C)Oc2ccccc2N(c2cccc(-c3cccc(-c4nc5ccccc5[nH]4)c3)c2)C1=O,-9.0,3.4089840998719803,24_189
O=C(Nc1ccc(SC(F)(F)F)cc1)Nc1ccc(OC(F)(F)F)cc1-c1ccccc1,-7.2,3.4455674864850376,24_190
O=C(Nc1ccc(-n2nc(C(F)(F)F)cc2C(F)(F)F)cc1)c1cccc(F)c1,-7.4,3.5981345188478624,24_191
Cc1cccc2cccc(C=CN=Cc3ccc4c(c3)O4)c12,-6.3,3.3700942851098796,24_192
O=C(Nc1cccc(Cl)c1)NS(=O)(=O)c1ccc2c(c1)CCCC2,-7.0,3.7151574548024007,24_193
O=C(Cc1ccccc1F)NC(Cc1ccccc1)C(=O)Nc1ccc2c(-c3cc(-c4ccccc4)cc(-c4ccccc4)c3)csc2c1,-7.4,3.008456427456665,24_194
C[C@@H](CN1CCC(n2c(=O)[nH]c3ccccc32)CC1)NC(=O)c1ccc2ccccc2c1,-6.9,3.6748443222489726,24_195
O=C(NCCc1ccccc1)c1ccc(-c2cccc(-c3nc4cc(F)ccc4[nH]3)c2)cc1,-7.5,3.4041317937819526,24_196
Cc1cccc(NC(=O)c2ccc3cc(C(=N)N)ccc3c2)c1,-7.4,3.4675267403135495,24_197
CN1CCOC=CC=CC(c2nc(-c3cccc(NC(=O)c4cccc([N+](=O)[O-])c4)c3)no2)C1,-8.1,1.3928975124626328,24_198
COc1cc(/C=C/C(=O)Nc2ccccc2)ccc1OCc1cccc(C(=O)O)c1,-6.7,3.6336847533872705,24_199
O=C(CN1CCN(c2ccccc2F)CC1)Nc1ccc(Cl)cc1C(=O)c1ccccc1,-7.6,3.697363898421777,24_200
O=C(Nc1cccc(-c2cccc(-c3nccc4ccccc34)c2)c1)c1cccc(C(F)(F)F)c1,-8.6,3.286304295854214,24_201
O=C(Nc1ccc(C(F)(F)F)cc1)Nc1cccc(-c2cccc(F)c2F)c1,-8.5,3.446409628216376,24_202
O=C(Nc1cccc(C(F)(F)F)c1)c1cccc(-n2cc(-c3ccccc3)nn2)c1,-7.9,3.697942315193166,24_203
O=C(O)C(=O)c1cccc(-c2ccc(/C=C3/C(=O)Nc4ccc(F)cc43)cc2C(F)(F)F)c1,-8.2,3.383907901677455,24_204
CCc1ccccc1NC(=O)CC(NNc1cccc2ccccc12)C(=O)NCCc1ccccc1,-7.5,3.306324986329914,24_205
O=C1CC(C(=O)Nc2cccc(-c3cc(NC(=O)c4ccccc4)ncn3)c2)CN1,-8.7,3.637151097981746,24_206
CC(C)C(NC(=O)OCc1ccccc1)C(=O)NC(Cc1cccc(-c2ccc3ccccc3c2)c1)C(=O)O,-6.9,3.3792619806263744,24_207
O=NN(CCCl)C(=O)N[C@@H]1C[C@H](c2ccccc2)C1(F)F,-5.8,3.435902638318658,24_208
O=c1[nH]c(CCc2ccccc2)c(O)n1-c1cccc(-c2nccs2)c1,-7.4,3.6941113247625537,24_209
Cc1cccc(-c2cccc(C(C)Nc3cc(-c4ccc5ccn(C)c5c4)nc(C)n3)c2)c1,-8.6,3.4583599155081237,24_210
O=C(Nc1cccc(F)c1)N1CCOc2ccccc2C1,-7.1,2.63941611790787,24_211
O=C(Nc1cccc(-c2nc3ccccc3[nH]2)c1)c1ccc2cc3n(c2c1)CCCNC3=O,-8.1,2.4872863374358776,24_212
O=C(O)c1ccccc1Nc1nc(-c2ccc(F)cc2)ns1,-6.9,3.754020756465845,24_213
Cn1cc(-c2nc3c(Nc4cccc(-c5c[nH]c(=O)[nH]c5=O)c4)cccc3o2)c2ccccc21,-8.7,3.3593871377461504,24_214
O=C(N[C@@H]1c2ccccc2C[C@H]1O)c1cc(-c2ccccc2Br)nc2ccccc12,-9.2,3.589665016209406,24_215
O=C(O)c1cc(N=Cc2cc(O)ccc2O)ccc1O,-6.7,3.4266418993563015,24_216
O=C(Nc1ccccc1Oc1ccccc1)c1ccc(-c2ccc3ccccc3c2)cc1,-8.1,3.3543401233661845,24_217
O=C(Nc1cccc(-c2cccc(-c3cccc(F)c3)c2)c1)c1cccc(C(F)(F)F)c1,-8.8,3.2672233782541786,24_218
C[C@@H]1CN[C@H]2[C@@H](C)[C@@]3(CC[C@H]4[C@@](C)(CCC[C@@]4(C)C(=O)OCc4ccccc4)C3)O[C@@H]2C1,-7.2,3.1868551912466225,24_219
O=C(NCCCCNC(=O)c1cc2ccccc2oc1=O)c1cc2ccc3ccccc3c2[nH]1,-5.4,3.336699050866946,24_220
O=C(Cc1cccc(OC(=O)Nc2ccccc2)c1)Nc1cccc(-c2cnc3ccccc3n2)c1,-8.4,3.3758460074273406,24_221
O=C(NCc1ccc(S(=O)(=O)c2ccccc2)nc1)c1cccc(C(F)(F)F)c1,-7.0,3.7843330747804265,24_222
Nc1nc2ccccc2c2cc(-c3ccccc3)ccc12,-7.8,3.412118599154507,24_223
O=C(Nc1cccc(-c2cccc3cccc(F)c23)c1)c1cccc(-c2ccc3ccccc3c2)c1,-9.4,3.132843806617609,24_224
O=C(c1ccc2cc(Oc3ccc(C(F)(F)F)cn3)ccc2n1)N1CC2(CCCN(C(=O)c3cc4ccccc4[nH]3)C2)C1,-7.0,3.3015419217022735,24_225
O=C(Nc1cccc(-c2cccc(-c3nc4cc(C(F)(F)F)ccc4[nH]3)c2)c1)c1ccccc1-c1ccccc1,-8.3,3.1412476074542717,24_226
O=c1[nH]c2cc(Cl)ccc2c(O)c1-c1cccc(-c2ccc3c(c2)OCO3)c1,-8.0,3.6303784452832746,24_227
CN(C(=N)Nc1ccc2c(c1)OCO2)c1cccc(-c2cccc(CN3CCOCC3)c2)c1,-7.8,3.5335944347463624,24_228
[NH]c1ccc(C(c2ccc(Cl)cc2)c2ccc(Cl)cc2)cc1C(CC=O)=NC1CCN(Cc2ccccc2)C1,-6.7,3.156676797044333,24_229
O=C(CC1c2ccccc2NC(=O)c2ccccc21)Nc1cccc(-c2nnc3n2CCCCC3)c1,-8.4,2.544686071795823,24_230
CCn1c2ccccc2c2cc(NC(=O)c3c(F)cccc3Cl)ccc21,-6.9,3.554219791065517,24_231
O=c1c2ccccc2nc2sc(Nc3cccc4ccccc34)nn12,-7.5,3.6151595681586848,24_232
CC(C)(C)OC(=O)CC1C/C=C\CC(CC(=O)N(CCO)Cc2ccccc2)C(=O)N2CCC[C@H]2COC1=O,-6.5,1.329858454071064,24_233
NCc1cccc(-c2cccc(C(=O)N3c4ccccc4C(=O)Nc4cccnc43)c2)c1,-9.0,2.5745520287602925,24_234
CSc1nc(Oc2cccc(F)c2)c2ccccc2n1,-6.5,3.5660991419123844,24_235
O=C(NCC1CCCO1)c1ccccc1Nc1ccc2c(C=Cc3ccccn3)[nH]nc2c1,-7.5,3.5322228098953925,24_236
Cc1ccc(-c2cc(-c3cccc(-c4ccc5c(c4)C(=O)OC5=O)c3)c3ccccc3n2)cc1,-8.9,3.20046542155246,24_237
COc1ccc(-c2nc(-c3cccc(NC(=O)Nc4ccc(F)cc4)c3)no2)cc1,-8.3,3.6640418849791754,24_238
Cc1cc(C)c(NC(=O)c2cccc(-c3cccc(-c4nc5c(C)cccc5[nH]4)c3)c2)cc1C,-8.4,3.333604411904042,24_239
O=C=C1c2ccccc2C(=O)N1Cc1ccc(-c2ccccc2C(=O)Nc2cccc(Oc3ccccc3)c2)cc1,-9.3,3.2105929492944787,24_240
CC(=O)Nc1ccc(Cn2cc(-c3cc(C(F)(F)F)cc(C(F)(F)F)c3)nn2)cc1,-7.7,3.689865707046235,24_241
O=C(c1cccc(-c2cccc(C(=O)N(Cc3ccccc3)Cc3ccccc3)n2)c1)N1CCOCC1,-7.8,3.540012733309593,24_242
O=C(Nc1ccccc1C(=O)NCc1ccccc1)c1ccco1,-7.0,3.7199975453251297,24_243
Cc1ccccc1C(C(=O)Nc1cccc(C(=O)Nc2ccccc2)c1)C1=CCC(=N)C1,-8.0,3.512326920638322,24_244
NCC(=CC=COCC=O)C(=O)c1cc2cc(-c3nc4ccccc4[nH]3)ccc2[nH]1,-7.0,3.125516399266006,24_245
O=C(Nc1ccccc1)c1ccc(-c2cc3ccccc3[nH]2)cc1,-7.4,3.4493393651895636,24_246
O=C(c1ccc([N+](=O)[O-])o1)N1CCC(C(O)(c2ccccc2)c2ccccc2)CC1,-7.0,3.661226539666096,24_247
CCc1nccnc1Nc1cccc2c1ccn2-c1ccccc1[SH](=O)=O,-6.5,3.6204919481009665,24_248
O=C(NCc1ccc(F)cc1)Nc1ccc2c(c1)S(=O)(=O)NC2=O,-7.4,3.5593698916800154,24_249
O=C(O)c1cccc(-c2cccc(Nc3cccc(-c4cccc(C(=O)NCCCN5CCOCC5)c4)c3)c2)c1,-7.3,3.2911363624496186,24_250
C=C(C=C(C=CC(C)C=CCC=NC=O)c1cccc(-c2cccc(NC(=O)c3ccc4ccccc4c3)c2)c1)C(F)(F)F,-8.1,2.9029546949702683,24_251
Cc1cccc(Cn2c(CN3CCN(C(=O)c4ccccc4)CC3)cc3ccccc32)c1,-7.3,3.5286704175834926,24_252
Cc1cccc(Cc2cnc(NC(=O)c3ccccc3C(=O)N3CCCCC3)s2)c1,-6.9,3.748217423644131,24_253
Cc1cccc(NC(=O)c2ccc(-c3cccc(C(=O)O)c3)cc2)c1-c1cccc(C(=O)N2CCOCC2)c1,-7.1,3.519147171185499,24_254
C=CC=CC=CC(=NC=NNC=O)Nc1cccc(CNC(=O)Nc2ccc(F)c(F)c2)c1,-6.3,3.0325905703495364,24_255
Cc1cc(-c2cccc(-c3cccc(-c4ccccc4OCc4ccccc4)c3)c2)ccc1N1Cc2cccc(C(=O)Nc3nc4ccccc4s3)c2C1,-7.3,2.934519436485038,24_256
O=C(Nc1cccc(-c2cnc3c(NC(=O)c4ccccc4)cccn23)c1)c1cccc(C(F)(F)F)c1,-7.8999999999999995,3.382308560798931,24_257
O=C(Nc1ccc(Nc2ccc3c(c2)CCc2ccccc2C3=O)cc1)c1ccccc1I,-7.9,2.4616154308907037,24_258
O=C1COc2ccc(-c3cccc(-c4cccc(-c5nc6ccccc6n5CO)c4)c3)cc2N1,-8.5,3.5056118487954357,24_259
O=C(Nc1nc2ccccc2n1Cc1ccc(F)cc1)c1ccc(-c2nc3ccccc3n2Cc2ccccc2F)cc1,-8.1,3.3280316272821664,24_260
COc1cc(NC(=O)CCC(=O)c2ccc3c(c2)OCCO3)cc(OC)c1OC,-6.8,3.661321206495574,24_261
O=C(Nc1cccc(-c2cn3ccnc3c(NCc3ccncc3)n2)c1)Nc1cccc(C(F)(F)F)c1,-8.0,3.351509113506621,24_262
O=C(c1cc(Cc2n[nH]c(=O)c3c2NCCC3)ccc1F)N1CCC(c2ccccc2)CC1,-8.7,3.6358241949185937,24_263
O=C1c2cc3c(cc2-c2c1c1ccccc1c(=O)n2CCc1c[nH]c2ccccc12)OCO3,-8.3,3.4810942565363323,24_264
C[CH]CC[CH]Cn1c(N2CCOC[C@H]2c2ccccc2)nc2cc(-c3cccc4ccccc34)ccc21,-8.1,3.2011860485444843,24_265
Cc1cccc(COc2cccc3c2cnc2ncnn23)c1C,-6.9,3.6525079046076367,24_266
O=CC(=Cc1cc2c(cc1NCc1cccc(F)c1F)CCN2CCC1CC1)c1ccc(O)cc1,-7.4,3.3004538014449762,24_267
O=C(Nc1ccc(C2=CCN(C(=O)c3cccnc3)CC2)cc1)N1Cc2ccccc2C1,-7.3,3.6162655100104377,24_268
ON=C(O)/C=C/c1ccc(CN(Cc2nc3ccccc3[nH]2)c2nccc(C(F)(F)F)n2)cc1,-7.7,3.216535543681611,24_269
O=C(Nc1[nH]nc2cc(-c3cccc(N4C(=O)c5ccccc5C4=O)c3)ccc12)C1CC1,-8.4,3.520960531804588,24_270
O=[N+]([O-])c1cc(-c2nnc(SCc3cccc(F)c3)o2)cc([N+](=O)[O-])c1,-6.9,3.3552647275431005,24_271
O=C1C=CC=C(c2n[nH]c(=O)c3ccccc23)COc2ccccc2N1,-8.0,1.5397981010741013,24_273
O=C(Nc1ccc(N2C(=O)c3ccccc3C2=O)c(Cl)c1)c1ccccc1Cl,-7.3,3.698822549827785,24_274
O=C(Nc1cccc(-c2cccc(-c3nc4ccccc4[nH]3)c2)c1)c1cccc(-c2ccccc2F)c1,-8.5,3.297956728102947,24_275
O=C(Nc1ccccc1)c1cccc(-c2cc3ccccc3oc2=O)c1,-7.8,3.605263057247484,24_276
O=[N+]([O-])c1ccc(-c2cccc(-c3cc(-c4ccnn4-c4ccccc4)c4cc(F)ccc4n3)c2)cc1,-8.9,3.316491477649679,24_277
O=C(Nc1cccc(Nc2c3ccccc3nc3ccccc23)c1)c1ccccc1,-8.1,3.414760145452716,24_278
COc1ccc(-c2cc(C(F)(F)F)nc(N3c4ccccc4CC3C)n2)cc1OC,-8.4,3.6972886708049346,24_279
O=C1N=c2cc(Br)ccc2=C1c1[nH]c2ccccc2c1O,-6.9,3.6016706626499113,24_280
Cc1ccccc1C(=O)c1cnc(NC2CCN(C(=O)c3ccc(F)cc3)CC2=O)nc1N,-8.3,3.6061439761254372,24_281
O=C(Oc1cccc(-c2ccccc2)c1)n1c2ccccc2c2ccccc21,-8.5,3.3384473375203156,24_282
O=C(N1CCCCC1)N1CCN(c2nnc3ccc(C(F)(F)F)cn23)CC1,-7.7,3.493192133527428,24_283
CN(C)C(=O)c1ccc(-c2nccc(-c3ccccc3C#N)n2)cc1,-6.5,3.7407162788167585,24_284
O=C1C=CC=CC(c2ccccc2)Cc2c(ccc(Nc3ncnc4c3CCC4)c2F)N1,-8.0,1.449379820270762,24_285
COC1=CC=CC[C@H]2CN(c3ncnc4[nH]cc(-c5cccc(C#N)c5)c34)C[C@@H]2C=C1,-6.7,1.4711240887022905,24_286
COc1ccc(C2=Nn3c(nnc3-c3cc4ccccc4oc3=O)SC2)cc1,-8.1,3.5435285005309085,24_287
O=C(O)c1ccc(/C=C2\CN(C(=O)CC3CC3)C[C@H]2c2cccc(Oc3ccccc3)c2)cc1,-7.5,3.5315665479876968,24_288
O=C(Nc1ccc(Nc2nc(/C=C/c3ccccc3)nc(N3CCOCC3)n2)cc1)Nc1cccc(C(F)(F)F)c1,-7.5,3.3346620988499662,24_289
C/C=C/c1c(-c2cccc(O)c2)c2c(c3cccc(OC)c13)C(C)C(=O)CC2,-6.6,3.600111025937185,24_290
O=C(O)c1cccc(-n2cc(-c3cccc([N+](=O)[O-])c3)nn2)c1,-7.1,3.6130697875135476,24_291
CCCCOc1cccc2c(=O)c3cccc(CC(=O)O)c3oc12,-6.2,3.6892164412900983,24_292
CO[C@@H]1COCC[C@@H]1N[C@@H]1CC[C@@](C(=O)N2CCN(c3cc(C(F)(F)F)ccn3)CC2)(C(C)C)C1,-6.6,3.3832266673078886,24_293
O=C(Nc1cccc(-c2ccccc2F)c1)c1ccc2ccccc2c1O,-7.0,3.5255469382833713,24_294
O=C(C1CCCN(S(=O)(=O)c2cccc3cccnc23)C1)N1CCN(c2cccc(Cl)c2)CC1,-7.7,3.6241963711992646,24_295
N#CNC(=S)Nc1cccc(-c2cccc3ccccc23)c1,-6.5,3.4316080625237184,24_296
O=Cc1ccccc1N=C1C=CC=CC1=Cc1cn(-c2cccc([N+](=O)[O-])c2)nn1,-8.0,3.5021509338341756,24_297
O=c1[nH]c(O)c(C=c2cnn3c(=NC4CC4)nc(NCc4cc(F)ccc4F)nc23)[nH]1,-9.3,3.262794323803467,24_298
O=C(Nc1cc2c(Nc3ccc(F)c(Cl)c3)ncnc2cc1O[C@H]1CCOC1)NC1CCN(Cc2ccn(-c3cccc(C(F)(F)F)c3)c2)CC1,-7.8,2.8397781555974104,24_299
COC(=O)c1cccc(NC(=O)c2ccccc2C)c1,-6.5,3.669404288353623,24_300
NC(=O)c1cccc(-c2cc(-c3cccc(F)c3)cc(-c3cccc4ccsc34)c2)c1,-9.6,3.4041055952365773,24_301
O=C(Nc1cccc(-n2cc(-c3ccncc3)c(-c3ccc(Cl)c(O)c3)n2)c1)c1cccc(C(F)(F)F)c1,-8.05,3.3134930698224885,24_302
O=c1c2ccccc2n(Cc2ccc(Oc3ccccc3)cc2)c2ccc(F)cc12,-7.1,3.285628347601414,24_303
O=C(Nc1ccccc1-c1cn2c(CN3CCNCC3)csc2n1)c1cccc(-c2ccccc2)c1,-8.55,3.4742060940471955,24_304
O=C(c1cc(C2C=CC=CC2)nc2ccccc12)n1cnc2ccccc21,-7.8,3.555841539723838,24_305
Cc1ccc(CN(NCCCN=C(N)N)C(=O)c2cccc3ccccc23)o1,-6.7,3.34677931498755,24_306
C[C@@](O)([C@H]1CC[CH]CNC1)[C@H]1CC[C@H]2[C@@H]3CC=C4C[C@@H](O)CC[C@]4(C)[C@H]3CC[C@]12C,-8.1,1.9167685554374083,24_307
Cc1c(-c2cccc(-c3cccc(C(=O)N4CCOCC4)c3)c2)cccc1-c1cccc2c1C(=O)NC2=O,-9.1,3.4582387473484157,24_308
O=C(O)c1ccc(-c2ccccc2Cl)nc1Nc1cccc(C(F)(F)F)c1,-7.8,3.6745214104051085,24_309
O=C(NC1CNC(c2cccc3ccccc23)=Cc2cc(-c3ccc4ccccc4c3)ccc21)c1cccc(C(F)(F)F)c1Cl,-9.9,2.1075664401117242,24_310
O=C(Nc1nc(-c2ccccc2)cs1)c1ccccc1Nc1cccc(C(F)(F)F)c1,-7.7,3.5914547275425863,24_311
O=C(c1nc(-c2cccc(F)c2F)c2ccccn12)N1CCN(c2cccc(C(F)(F)F)c2)CC1,-8.3,3.5292608865863073,24_312
Nc1nc(-c2ccc(Nc3nc(-c4ccccc4Cl)nc4cc([N+](=O)[O-])ccc34)cc2)no1,-9.2,3.2449914087080725,24_313
O=C(NNc1cccc(-c2cccc(-c3nc4ccccc4[nH]3)c2)c1)c1ccccc1Cl,-8.2,3.3590886821590766,24_314
O=c1oc2ccc(-c3cccc(Nc4nccc(-c5cccnc5)n4)c3)cc2c2c1CCCC2,-8.4,3.4646926940101914,24_315
O=C(Nc1cccc(-c2ccc(-c3nc4cc(F)ccc4[nH]3)s2)c1)c1ccccc1,-7.8,3.4993740050351856,24_316
NCCc1c[nH]c2ccc(OCc3cccc(COc4cccc(C(F)(F)F)c4)c3)cc12,-7.1,3.580652043779358,24_317
CC(=O)C(=NNc1cccc(C)c1)Oc1cc(-c2cccc(F)c2F)ccc1[N+](=O)[O-],-7.7,3.4089815881845147,24_318
C=C1[C@@H](O)CC[C@@]23C[C@@](C)(CC[C@H]2C(C)(C)O)[C](C)CC[C@]2(C)CC[C@](C)(OC)C=C2[CH][C@@H](OC(C)=O)[C@H]13,-6.4,0.5490805760978485,24_319
O=c1cc(NCCCN2CCN(c3ccnc4cc(Cl)ccc34)CC2)c2ccccc2n1-c1c(Cl)cccc1Cl,-6.9,3.3091967668156084,24_320
Cc1ccc(N(CC(=O)Nc2cccc3ccccc23)C(=O)c2ccc(C)s2)cc1,-8.1,3.622030160843691,24_321
O=C1CCC(c2cccc(NC(=O)c3ccc4ccccc4c3)c2)=NN1,-7.9,3.7037834700776933,24_322
Cn1cnnc1N1CCCc2c(n(Cc3cccc(Oc4ccccc4)c3)c3ccccc23)C1,-7.6,2.502766617847719,24_323
C=CC(C=CCC(=O)N(C)Cc1ccccc1)=Nc1nc(-c2ccccc2)nc2ccccc12,-7.2,3.4769149528480012,24_324
C=S1CC(c2ccccc2C(F)(F)F)=Nn2c(C3CC=CC=NC(=O)C=CC(F)=CCC3)nnc21,-7.1,1.2529794381679138,24_325
O=C(c1cc(C(F)(F)F)cc(C(F)(F)F)c1)N1CCC(N2CCOCC2)CC1,-7.5,3.3699159767625977,24_326
O=C1Nc2ccccc2[C@]12C[C@H]2c1cccc(/C=C/c2ccc3ccc(Cl)cc3n2)n1,-8.4,3.520060713753427,24_327
Cc1cc(C)cc(S(=O)(=O)c2c(C(=O)NC(C)c3ccccc3F)[nH]c3ccc(Cl)cc23)c1,-8.0,3.60054950104387,24_329
O=C(Nc1cccc(Oc2ccc3c(C=Cc4ccccc4)[nH]nc3c2)c1)c1ccccc1F,-8.7,3.436962001620758,24_330
CC(C)(C)OC(=O)n1c(-c2cccc(-c3ccccc3OC(F)(F)F)c2)cc2ccccc21,-7.6,3.5069302012397685,24_331
O=C1C(=O)N(CCN2C(=O)c3ccccc3Nc3ccccc32)c2ccccc21,-8.3,2.649549068161156,24_332
O=C(Nc1ccc(C(=O)N2CCCc3cccc(F)c32)cc1)c1ccc2ccccc2c1,-7.9,3.555193761798084,24_333
O=C1c2ccccc2C(=O)c2c1ccc(-c1c(O)[nH]c3ccccc13)c2-c1ccccc1,-8.3,3.430901347024989,24_334
O=C1CCOc2nc(C#Cc3ccccc3)ccc21,-5.7,3.425184556960743,24_335
O=C(Nc1ccccc1)C(Cc1cccnc1)=NC(=O)c1cccc2ccccc12,-7.8,3.615606808978363,24_336
N#Cc1ccccc1OP(=O)(c1ccccc1)c1ccccc1Cn1nnc2ccccc2c1=O,-7.8,3.341242143856924,24_337
CC(C)=CCc1cc(C(=O)Nc2ccc3cc(-c4ccc(O)cc4)ccc3c2)c(C)cc1O,-8.1,3.389900974841213,24_338
Cc1cc(-c2nc(C3(c4ccc(-c5cnc(N)nc5)nc4)CCC3)no2)ccn1,-7.8,3.6271725241581962,24_339
O=C(CSc1nc(-c2ccccc2Cl)nc2ccccc12)NCc1ccccc1,-7.7,3.568252574157398,24_340
O=C(O)c1ccnc(-c2cn(-c3ccccc3)nn2)c1,-6.5,3.7303541113618577,24_341
CCN(Cc1ccccc1)C(=O)C1CCN(c2nc3ccccc3n2Cc2ccc(OC)cc2)CC1,-6.7,3.5269196310264963,24_342
O=c1c2cc(-c3ccc4cc[nH]c4c3)ccc2nc2n1Cc1ccccc1-2,-8.6,3.467405603568954,24_343
CN1C=CC=C(C2c3cccc4cccc(c34)C2N(C)C(=O)Nc2ccccc2)C=CC1,-8.0,1.623236467955795,24_345
O=CC1CC(C(=O)Nc2cc(C(F)(F)F)ccc2N2CCCCCC2)CN1,-6.7,2.5356405766515118,24_346
CC=C(C=CCC1=CC=CC1)c1n[nH]c(NCc2ccc3c(c2)OCO3)n1,-7.3,3.5815130570034857,24_347
Cc1ccccc1-n1cc(-c2ccccc2NS(=O)(=O)c2cccc(C#N)c2)nn1,-8.0,3.693273011810419,24_348
O=C(CS[C@@H]1OC(C(=O)O)[C@@H](O)[C@H](O)[C@H]1O)N[C@H]1CC[C@@](Cc2cccc(Oc3ccccc3[N+](=O)[O-])c2)(c2ccc(Cl)c(Cl)c2)C1,-8.1,2.700863079965649,24_349
Nc1ccc(Nc2nccc(-c3cccc(NC(=O)c4cccc(F)c4F)c3)n2)cc1,-7.9,3.5245493767559917,24_350
COc1ccc(S(=O)(=O)Nc2cccc(-c3ccc4c(NC(=O)C5CC5)[nH]nc4c3)c2)cc1,-8.3,3.535040578615344,24_351
O=C(c1cccc(F)c1)c1cc(-c2cccc(-n3cc(-c4ccccc4OCc4ccccc4)nn3)c2)ccc1Cl,-8.4,3.117836449726213,24_352
O=C(Nc1cccc(CN2CCCN(Cc3ccc(F)cc3)CC2)c1)c1cccc2ccccc12,-8.2,2.556498981032301,24_353
CC(=O)c1cnc2c(Oc3ccccn3)cccc2c1Nc1ccccc1C,-7.3,3.596114485630242,24_354
CCC1C(=NC(=O)C(c2cccc3ccccc23)n2ccnc2)C=CC1=Nc1c2ccccc2nc2ccccc12,-8.7,3.25563366811975,24_355
O=C(Nc1cccc(-c2ccc3c(c2)OCCO3)c1)c1cccc(-c2cccnc2)c1,-8.2,3.6447833360900663,24_356
O=C(Nc1ccccc1-c1cn2c(CN3CCNCC3)csc2n1)c1ccc2ccccc2c1,-8.6,3.5099421244474094,24_357
O=C(c1cccc(Cc2n[nH]c(=O)c3c2CCCC3)c1)N1C[C@@H]2CC[C@@H](C2)C1,-8.7,3.521568731187876,24_358
O=C(c1ccc(-c2cccc3c(=O)cc(N4CCOCC4)oc23)cc1)N1CCN(c2cccc(Cl)c2)CC1,-8.1,3.488817530429998,24_359
O=c1c(C2=NS(=O)(=O)c3ccccc3N2)c(O)c2ccccc2n1Cc1ccccc1,-8.4,3.618653092035423,24_360
Cc1ccc(Oc2ccc(-c3ccccc3[S+]([O-])c3cccc(C(F)(F)F)c3)cc2)cc1,-7.2,3.3734361740824794,24_361
Cc1nc2ccccc2n1C(=O)c1c(N)cccc1S(=O)(=O)c1ccccc1Cl,-7.7,3.6405156692869727,24_362
O=C1C=CC=CC(Nc2ncc3c(-c4ccccc4C(F)(F)F)cccc3n2)Cc2ccccc2N1,-7.9,1.4096781389059272,24_363
O=S(=O)(Nc1nccs1)c1ccc2c(c1)OCCN2c1cccc(-n2cccn2)c1,-8.1,3.6325320385419104,24_364
O=C(NNC(=S)Nc1ccc(F)cc1)c1cccc(-c2cccc(C(F)(F)F)c2)c1,-7.3,3.3835486936207992,24_365
O=C(Nc1nc2ccccc2n1-c1cccc(Cl)c1)c1ccccc1-c1ccc(C(F)(F)F)cc1,-8.0,3.3457598522632885,24_366
COc1ccc(CC(=O)N(Cc2cccc(OC)c2)c2ccc(C)c(F)c2)cc1,-7.4,3.6478238951956956,24_367
COC=CC=CC(F)C=C1C=CC=C1C(=O)Nc1cc2ccc3c(c2oc1=O)NC(=O)C(c1ccccc1)O3,-8.5,3.307977640870159,24_368
O=C(c1cccc(-n2c(O)c3c(c2O)C2C=CC3C2)c1)N1CCN(c2ccccc2)CC1,-8.2,3.465231607014711,24_369
O=C(Nc1cccc(C(F)(F)F)c1)c1ccc(NC(=O)c2ccccc2C(F)(F)F)cc1-c1cccc(Oc2ccccc2)c1,-8.9,3.1319364217105123,24_370
O=C(O)CC1CN(c2cccc(-c3cccc(-c4nc5cc(F)ccc5[nH]4)c3)c2)CCC1C=Nc1ccccc1,-8.1,3.2731991966645793,24_371
O=C(Nc1cccc(-c2cccc(-c3n[nH]c(=O)o3)c2)c1)c1ccc2c(c1)CNc1ccccc1S2,-9.1,2.3188618703688118,24_372
O=C(O)c1ccccc1-c1cc2cc(-c3ccccc3)ccc2o1,-7.6,3.571663776629625,24_373
O=C(Nc1ccc(OC2CN(C(=O)c3cnc(-c4ccccc4)s3)C2)cc1)N1Cc2ccncc2C1,-7.2,3.5626951352121585,24_374
O=C(O)c1cccc(-c2cccc(-c3cccc(NC(=O)c4cccc(Cl)c4)c3)c2)c1,-8.3,3.526940239328089,24_375
O=C(Nc1cccc(-c2cc3ccccc3nc2N2CCOCC2)c1)c1ccccc1Br,-7.8,3.6379804741910413,24_376
O=C(c1cccc(-c2cccc(-c3nc4cc(F)ccc4[nH]3)c2)c1)N1CCCC1,-8.4,3.5852931225660667,24_377
Cc1ccccc1NC(=O)c1ccc2c(=O)n3c(nc2c1)CCC3,-7.1,3.7507818545813008,24_378
O=C1c2ccccc2C(=O)c2c1nnn2-c1ccc(-c2cccc(Cn3ccnc3)c2)cc1,-8.1,3.427465684899369,24_379
CCOc1cc(CN2CCOCC2)ccc1NC(=O)c1ccc2c(-c3ccc4c(c3)CCO4)cn(Cc3ccccc3)c2c1,-7.5,3.220536683108254,24_380
[CH]n1c(=O)n(-c2cccc(-c3ccc4c(cnn4C)c3)c2F)c2cc(F)ccc21,-7.4,3.5463648344041987,24_381
O=C(c1ccccc1F)N1CCOc2ccccc21,-6.4,3.499409625787629,24_382
COc1ccccc1/C=N/NC(=O)C1=CC=CCCN2C=CC3=CC=C(c4ccc5ccn(Cc6ccc7cccc(Cl)c7n6)c5c4C)C32C1,-7.9,0.7001347410149616,24_383
Clc1ccc(C(=NNc2nc(-c3ccccc3Cl)nc3ccccc23)c2ccccc2)cc1Cl,-8.0,3.330111161156699,24_384
O=C(NN1C(=O)c2cccc3cccc(c23)C1=O)c1cccc(-c2ccc3c(c2)OCCO3)c1,-8.3,3.5271002942336818,24_386
O=C(CCN=C1NS(=O)(=O)c2ccccc21)OCC(=O)c1ccccc1F,-6.8,3.6100941504701702,24_387
Oc1ccc(-c2csc(-c3ccccc3-c3ccccc3)n2)cc1,-7.0,3.577863077086111,24_388
O=C(c1cc(-c2cccc3ccccc23)[nH]n1)N1CCc2[nH]cnc2C1,-7.6,3.6396573086361483,24_389
Cn1ccccc1=NNc1nc2ccccc2nc1N=C1C=CC(=CC(=O)N2CCN(c3ccc(F)cc3)CC2)C1,-7.5,3.33181930638643,24_390
CCCc1cc(C(=O)NCCC2=CCCCC2)ccc1S(=O)(=O)c1ccc(C)cc1,-7.0,3.6145698346791715,24_391
Cn1ccc(-c2ccc(-c3cccc(-c4cccc(NS(C)(=O)=O)c4)c3F)cc2)n1,-7.1,3.6910703556680753,24_392
O=C(Oc1cccc(-c2ccc3ccccc3c2)c1)c1ccc(-c2ccccc2C(F)(F)F)cc1,-7.4,3.0566550225975453,24_393
Fc1ccc(-c2noc(-c3cc4ccccc4nc3Nc3ccccc3)n2)cc1,-8.7,3.588233447734562,24_394
COc1ccccc1CNC(=O)C(C)Sc1nc2ccccc2c(=O)n1-c1ccccc1C,-6.9,3.5487043216388745,24_395
NC(=O)n1cc(NC(=O)N2C[C@@H](N)CC2C(=O)NCc2cccc3ccccc23)c2ccccc21,-8.7,3.4181154599429546,24_396
O=c1[nH]c2c3ccccc3[nH]c(=O)c2c2ccccc12,-7.5,3.4160484808063174,24_397
CC(=O)OC=CC=C([O-])C(=O)Nc1ccc2cc(Oc3ccccc3C)ccc2c1[N+]=O,-6.5,3.39565034867138,24_398
O=C(Nc1ccc(N2CCOCC2)cc1)Nc1cccc(-c2cccc(-c3nc4cc(F)ccc4[nH]3)c2)c1,-8.7,3.3616436043327886,24_399
O=C(O)CN(CCN(CC(=O)O)CC(=O)O)CCN(C(=O)c1ccc2ccccc2c1)c1cccc(Oc2cccc(C(F)(F)F)c2)c1,-6.2,3.075494512410577,24_400
O=C(NC1CCC1)C1C[C@@H]1[C@H](NP(=O)(c1ccccc1)c1ccccc1)c1ccccc1,-6.9,3.453373207826707,24_401
Cc1ccccc1[C@H](CC(=O)O)NC(=O)c1nn(-c2ccccc2)c(=O)c2ccccc12,-7.8,3.6569494243207714,24_402
COc1ccc(-c2nc(-c3ccc4c(c3)c3ccccc3n4CCCO)no2)cc1,-7.0,3.588201144820717,24_403
O=C(c1cccc(-n2c(O)c3c(c2O)C2C=CC3C2)c1)N1CCN(c2ccc(F)cc2)CC1,-8.1,3.4653583334540454,24_404
O=C(c1ccc(-c2cccc(N3C(=O)c4ccccc4C3=O)c2O)cc1)N1CCOCC1,-7.7,3.621155024176816,24_405
O=C(Nc1cccc(C(F)(F)F)c1)c1c2ccccc2c(O)n1Cc1ccccc1Cl,-8.3,3.568652163250149,24_406
O=C(Nc1ccncc1)C(=O)c1cn(-c2cccnc2)c2ccccc12,-8.1,3.6430026819730905,24_407
O=C(Nc1cccc(-c2nc3ncccc3o2)c1)c1cccc(-c2cccc(Nc3cccc(C(F)(F)F)c3)c2)c1,-7.5,3.226923272161934,24_408
CCN(c1ccccc1)c1cc2c(cc1C(=O)N/N=C/c1cccc(OC)c1OC)oc1ccccc12,-8.0,3.3364757778111955,24_409
N=C(N)c1ccc(Oc2ccc(-c3ccc4cc(C(=O)Nc5ccc(Cl)cc5)ccc4c3)cc2)cc1,-5.8,3.214391037346952,24_410
O=C(Nc1nc2ccccc2c2cn(-c3cccc(C(F)(F)F)c3)nc12)c1ccccc1,-8.5,3.5771977175372447,24_411
C=Cc1[nH]c(NS(=O)(=O)c2ccc(NC(=O)c3ccccc3Nc3ccccc3F)cc2)nc1C,-7.4,3.385715770915197,24_412
ON=C(O)C1CCCN1c1nc2cc(-c3ccccc3C(F)(F)F)ccc2[nH]1,-6.6,3.372356703830362,24_413
O=C(O)c1cccc(-c2cccc(-c3cccc(N4C(=O)c5ccc(F)cc5C4=O)c3)c2)c1,-8.7,3.580927600347344,24_414
O=C(c1cccc(-c2cccc(-c3cccc(F)c3)c2)c1)N1CCN(c2cccc(C(F)(F)F)c2)CC1,-9.1,3.323511212462599,24_415
O=C(O)c1ccc(-c2cccc(-c3cccc(-c4cccc(C(=O)NC5CC5)c4)c3)n2)cc1,-8.3,3.5512607013384976,24_416
O=C(Nc1ncccc1OCc1ccccc1)c1ccc(-c2cccc([N+](=O)[O-])c2)o1,-7.0,3.524992548663453,24_417
O=C(Cc1ccc2c(c1)OCCO2)Nc1cccc(-c2cccc(-c3ccccc3F)c2)c1,-8.8,3.565301314800042,24_418
O=C(Nc1ccc2c(c1)OCCO2)c1ccc(-c2cccc(-c3cccc(C(=O)N4CCCCC4)c3)c2)cc1,-8.7,3.4483397489305387,24_419
O=C(Cc1cccc(C(F)(F)F)c1)Nc1cccc(-c2cccc(N3C(=O)c4ccccc4C3=O)c2)c1,-8.3,3.504802408896402,24_420
O=C(Nc1cccc(-c2nc(NC(P(=O)(O)O)P(=O)(O)O)c3ccsc3n2)c1)c1ccccc1F,-7.3,3.0779836874191338,24_421
O=S(=O)(Nc1cscn1)c1cc(Cl)c(Oc2ccc(Cl)cc2-c2cccc(-c3nccs3)c2)cc1F,-7.4,3.336073163762953,24_422
Cc1cccc(C2=NC(Nc3cccc(-c4cccc(N5CCCC5)c4)c3C)C=N2)c1,-7.7,3.5721556881314847,24_423
O=P(Nc1ccccn1)(Oc1ccccc1)Oc1ccccc1C(F)(F)F,-6.9,3.6730999587636273,24_424
O=C(Nc1ccc(F)cc1F)c1ccc(-c2ccc3ccccc3c2)o1,-7.7,3.603070212089917,24_425
Oc1ccc(-c2cccc(-c3cccc(-c4cccc5ccccc45)c3)c2)cc1,-9.3,3.063885369872313,24_426
CCN(c1ccc2c(c1)c(C=O)cc1ccccc12)S(=O)(=O)c1cc(Cl)ccc1Cl,-8.0,3.46278567197876,24_427
Oc1cccc(-c2ccccc2-c2ccc(-c3ccccc3)cc2)c1,-6.9,3.28674350509813,24_428
Cc1ccc(S(=O)(=O)N2Cc3ccccc3N3CCN(c4ccccc4)CC32)cc1,-8.7,3.610243302628396,24_429
O=C(Nc1cccc(Nc2nccc(C(F)(F)F)n2)c1)c1ccccc1Nc1ccnc(C(F)(F)F)c1,-8.6,3.3441374109926123,24_430
CC(C)NC(=O)c1cccc(-c2cccc(-c3ccc(C4C=CC=CC4)o3)c2)c1,-8.3,3.5313632918737876,24_431
O=[N+]([O-])c1ccc2c(=C3c4ccccc4NC3c3ccccc3)ccc3cccc1c32,-7.7,3.267931102689717,24_432
O=C(NCc1ccccn1)Nc1cccc(-c2cccc(-c3cccc(NC(=O)c4cccc(F)c4F)c3)c2)c1,-8.7,3.170557166275086,24_433
O=C(c1[nH]nc2c1ccc1ccccc12)N1CCN(c2ccccc2)CC1,-7.1,3.631845095412773,24_434
CNc1cccc(-c2cccc(NC(=O)c3cccc(C#N)c3)c2)n1,-6.8,3.7563921709499954,24_435
O=C(c1ccc(-c2cc3ccccc3[nH]2)cc1)N1CCN(S(=O)(=O)c2ccc3ccccc3c2)CC1,-7.4,3.522210430061591,24_436
COc1ccc(NC(=O)Nc2ccc3c(c2)nc(CN2CCNCC2)n3C)cc1,-6.9,3.66994446896223,24_437
O=C(N[C@H]1COc2nc([N+](=O)[O-])cn2C1)c1ccc(OC(F)(F)F)cc1Cl,-6.7,3.4505849801427173,24_438
Cc1cccc2nc(N3CCCCC3)n(CC=C3C=CC(c4ccccc4-c4nn[nH]n4)=C3)c12,-8.5,3.575481344438861,24_439
COC(=O)c1cccc(NC(=O)c2c(-c3ccccc3)c3ccccc3n(Cc3cccc(OC)c3)c2=O)c1,-7.1,3.382672006403755,24_440
O=c1oc2ccccc2cc1-c1csc(-n2nc(-c3ccccc3)cc2-c2ccccc2)n1,-8.7,3.423815501631985,24_441
COc1ccc(-c2noc(-c3ccc(-c4ccc(Cl)c(Cl)c4)cc3)n2)cc1,-7.1,3.599525320523289,24_442
O=C(N/N=C/c1cccnc1)c1cccc(-c2cccc(-c3nccs3)c2)c1,-7.1,3.6197255647129687,24_443
COc1ccc2c(NC3CC=C(c4ccccc4)N3)nc(-c3ccccn3)cc2c1,-7.8,3.637158153019092,24_444
O=C(NCc1ccccc1)c1ccccc1NC(=O)c1cccnc1Cl,-7.0,3.6755022726028503,24_445
O=C(CCc1ccc(S(=O)(=O)Nc2ccccc2)cc1)Nc1cccc(-c2cn3c(n2)CCC3)c1,-7.5,3.56170433082839,24_446
O=[N+]([O-])c1cccc(-c2ccc(N3CCN(c4cccc(Cl)c4Cl)CC3)cc2)c1,-7.5,3.579455368048545,24_447
COc1ccc2nccc(C(=O)NCCN3CCS(=O)(=O)CC3)c2c1,-6.7,3.7163570592100714,24_449
O=c1cc(-c2ccccc2)oc2c(-c3ccccc3)c(-c3ccc(-c4ccco4)cc3)ccc12,-7.8,3.30317137233407,24_450
Cc1ccc(NC(=O)c2cc(-c3ccco3)nc3ccccc23)cc1,-8.4,3.655767552988253,24_451
O=C(Nc1cccc(-c2cccc(-c3nc4c(Cl)cccc4[nH]3)c2)c1)c1ccccc1,-8.7,3.4275165588605,24_452
O=C(Nc1cccc(-c2cccc(-c3cccc(O)c3)c2)c1)c1cccc(Cl)c1,-8.2,3.5112846522282126,24_453
O=Cc1cc(F)c(N2CCOCC2)cc1N=CNCCCCN1CCN(c2nc3ccccc3s2)CC1,-6.8,3.1891923420842136,24_454
Oc1cccc(-c2cccc(-c3ccccc3C(F)(F)F)c2)c1,-7.5,3.46766415559636,24_455
O=C(Nc1ccc(-c2cc(-c3ccccc3)nc3ccccc23)cc1N1CCOCC1)c1ccccc1,-8.4,3.445539028508566,24_456
O=C(Nc1cc(-c2cccc(-c3cc4ccccc4o3)c2)ccn1)c1cccc(OC(F)(F)F)c1,-7.2,3.3983594454723076,24_457
COc1ccc(-c2cccc(-c3cc(-c4ccccc4)nc(-c4cc5ccccc5o4)c3)c2)cc1,-9.5,3.1643912772285723,24_458
O=C(Nc1cccc(-n2cc(-c3ccncc3)c(-c3ccc(Cl)c(O)c3)n2)c1)c1cccc(C(F)(F)F)c1,-8.05,3.3134930698224885,24_459
COc1ccc(CCC/C=C\c2nc3ccccc3[nH]2)cc1Nc1ncc(Cl)c(Nc2ccccc2S(=O)(=O)NC(C)C)n1,-7.8,2.864837248205459,24_460
O=c1c2cnc3ccccc3c2ncn1CCCN1CCN(c2cccc3c2ccn3Cc2ccc3c(c2)OCO3)CC1,-8.3,3.148004942795059,24_461
O=C(c1cccc(F)c1)N1CCCN(c2ccnc3cc(Cl)ccc23)C1,-7.1,3.6644980239345575,24_462
O=C1Nc2ccccc2C12Nc1ccccc1-n1cccc12,-7.5,3.4557709276379374,24_463
O=C(COc1cccc2ccccc12)N/N=C/c1ccccc1,-6.9,3.6154032048313773,24_464
O=C1c2ccccc2C(=O)[N+]1=Cc1cccc2ccccc12,-7.9,3.4272724231466904,24_465
O=C(c1ccc(-c2cc(F)cc3c2CCCC3)cc1)N1CCN(c2ccncc2)CC1,-7.4,3.5593969110737955,24_466
C#C[C](C=Cc1nc(=N)nc2c(=c3ccc4c(c3)COC=4O)cccc2c1=CC)n1c(=O)c2ccccc2n1C,-9.4,2.3430697805452647,24_467
O=C(NCc1ccccc1)C(=O)N1CCN(c2ccc(N3C[C@H](Cn4ccnn4)OC3=O)cc2F)CC1,-6.9,3.435043343013218,24_468
O=C(Nc1cccc(C(F)(F)F)c1)Nc1nc2ccccc2c(=O)s1,-7.6,3.682030130447213,24_469
O=C(NCCc1cccc(-c2cc3ccccc3[nH]2)c1)c1cccc(-c2ccccc2-c2nn[nH]n2)c1,-7.1,3.3613613580926,24_470
Cn1c(-c2cccc(-c3cccc(-c4ccc(-c5cccc(=O)[nH]5)cc4)c3)c2)nc2ccccc21,-8.7,3.3070050186398303,24_471
O=C1NCCc2cc(-c3cncc(-c4cc(-c5cccc(-c6ccccc6)c5)c(CNC(=O)c5cccc(C(F)(F)F)c5Cl)[nH]4)c3)ccc21,-9.1,3.0458456942709673,24_472
O=C(c1ccc(F)cc1)c1ccc(-n2cc(-c3cccc(Oc4ccccc4)c3)nn2)cc1,-7.6,3.448608888673985,24_473
Cc1ccc(C(=O)Nc2nnc(-c3cccc(F)c3C)o2)cc1,-6.6,3.7746056126403458,24_474
O=C1CCCc2c(CCN3CCCC3)cccc2Nc2c1cnc1ccc(-c3cc(Cl)c(O)c(Cl)c3)cc21,-7.6,1.2008529902370206,24_475
O=C(c1cccc2ccccc12)N1CCC(c2nc(-c3ccncc3)cc(=O)[nH]2)CC1,-8.8,3.698193342130943,24_476
O=C(CN(Cc1ccccc1)C(=O)c1ccccc1NC(=O)c1ccccc1)Nc1nc2ccccc2s1,-7.4,3.4099833545863083,24_477
O=C(Nc1cccc(-c2ccnc(Nc3cccc(CN4CCOCC4)c3)n2)c1)c1ccccc1C(F)(F)F,-6.8,3.503950994710628,24_478
COc1cccc(Nc2ccc(-c3ccc4nc(C)c(C)cc4c3)nn2)c1,-7.1,3.6918663778088203,24_479
O=S(=O)(Cl)Nc1cccc(-c2ccc3ncnc(-c4ccncc4)c3c2)c1,-7.5,3.6694733746444825,24_480
N=NC(CCN(C=O)C=CC=O)(COC=c1ccc2c(c1)-c1ccccc1C=2)C(=O)O,-6.2,3.359259770733405,24_481
Cc1c(C(=O)NCc2cccc(N)c2)cccc1C1(C)C=CC=CC2=CC=C(C2)C1,-7.3,1.256529285318296,24_482
O=CC(c1cccc(-c2ccccc2F)c1)c1ccc2ccccc2c1-c1ccccc1,-7.6,2.9738933613083605,24_483
O=C(/C=C/c1cccc(Oc2ccccc2)c1)Nc1cccc(Cc2n[nH]c(=O)c3c2CCCC3)c1,-7.4,3.4939144671419995,24_484
CN(C)c1ccc(C(=O)c2cccc(-c3cccc(-c4nc5cc(F)ccc5[nH]4)c3)c2)cc1,-8.4,3.409574833270053,24_485
O=C(CCc1ccc(OCc2ccccc2)cc1)Nc1cccc(-c2cccc(-c3cccc(O)c3)c2)c1,-7.1,3.228198973014097,24_486
C=CC(=CC=CC(=O)NC)N1C=CC=CC(C=O)=Cc2c(ccc3ccc(C(=N)N)cc23)C1,-7.5,1.0513855822936176,24_487
O=C(Nc1cccc(Nc2cc3cc(NC(=O)c4ccco4)ccc3[nH]2)c1)c1ccccc1,-8.0,3.35218440019326,24_488
O=C(c1ccc2cc(Oc3ccc(C(F)(F)F)cn3)ccc2n1)N1CCN(c2cccc(C(F)(F)F)n2)CC1,-7.5,3.4821910783405494,24_489
COc1ccc2cc(-c3n[nH]c(-c4cccc5c(=O)c6ccccc6c(=O)[nH]c45)n3)ccc2c1,-8.5,2.4641677563930737,24_490
NC(=O)n1c(-c2cccc(NC(=O)c3ccccc3C(F)(F)F)c2)cc2ccccc21,-7.7,3.6068956538104326,24_491
O=C(NCc1ccccc1)c1cccc(NCc2ccccc2-c2ccccc2F)c1,-7.2,3.4642960566069183,24_492
O=C(Nc1nc(-c2ccccc2)cs1)c1cccc(NC(=O)c2ccccc2Nc2ccccc2)c1,-8.0,3.3511487209939386,24_493
Cc1cccc(NC(=O)CSc2nc3ccccc3c(=O)n2-c2cccc([N+](=O)[O-])c2)c1C,-7.8,3.3483702534479503,24_494
Cc1c[nH]c2nc(-c3ccccc3)nc(NC(=O)NC3=CC=COCC3)c12,-8.3,2.6698563660080916,24_495
O=C1Nc2ccc(F)cc2C1=NN=Cc1c(Cl)cccc1Cl,-7.1,3.622115405232255,24_496
NOc1ccccc1C1CC(c2ccc3ccccc3c2O)=NN1C(=O)c1ccccc1F,-8.3,3.5803801639352333,24_497
O=C(Nc1nc2c(s1)C[C@@H](N1CCOCC1)CC2)c1ccc(N2CCN(c3cccc(Oc4ccc5ccccc5c4)c3)CC2)cc1,5.9,3.055610834638739,24_498
OCC1CCN(c2cccc(-c3cccc(-c4cc5ccc(-n6cccc6)cc5o4)c3)c2)CC1,-7.7,3.4388531718798023,24_499
O=CCC1=NC=CC(c2ccccccc3cc2-c2ccccc2N3)C=CC=CC=C1,-7.6,1.0593732106266929,24_500
N=c1c(N=CN=CC=CCC(=O)C=CC=CN2CCCCC2)cc2ccncc2n1-c1ccc(F)c(Cl)c1,-7.5,3.2970073116298604,24_501
Cc1c(C(=O)Nc2ccccc2Sc2ccccc2)oc2ccccc12,-6.9,3.592160216066482,24_502
Cc1cc(O)cc(C)c1CC(N)C(=O)N1Cc2ccccc2C[C@H]1c1nc2ccccc2[nH]1,-6.9,3.5700800362882874,24_503
Cc1onc(-c2cccc(F)c2F)c1NC(=O)Nc1cccc(-c2cc3ccccc3[nH]2)c1,-8.7,3.4179776366774934,24_504
O=C(Nc1cccc(-c2cccc(-c3ccccc3)c2)c1)c1ccccc1,-8.1,3.3743985427709573,24_505
O=c1[nH]c(-c2cccc(O)c2)cc2ccccc12,-6.8,3.5272397188267988,24_506
COc1ccc(-c2nc3n(n2)C(c2ccc(Cl)cc2)c2c(c4ccccc4oc2=O)O3)cc1,-8.6,3.424853206548338,24_507
Fc1ccc(C=C(c2cccc(OCc3ccccc3)c2)c2cc3ccccc3o2)cc1,-7.7,3.0923666096618985,24_508
COc1ccc([C@@H]2C(NC(=O)c3ccc(Br)s3)C(=O)N2c2ccc3c(c2)OCCO3)cc1,-7.7,3.5997826124134367,24_509
N=C(N)c1cccc(-c2cccc(-c3cccc(NC(=O)C(N)Cc4cc(C(F)(F)F)cc(C(F)(F)F)c4)c3)c2)c1,-8.3,3.10500534432012,24_510
O=C(/C=C/c1ccccc1)c1ccc2ccccc2c1O,-6.8,3.4773716308009575,24_511
O=C(O)c1ccccc1NC(=O)c1ccccc1-c1ccccc1C(=O)Nc1ccccc1C(=O)Nc1cccc(C(F)(F)F)c1,-9.2,2.982654882002832,24_512
O=C(O)c1cccc(-c2ccc3[nH]cc(-c4cccc(F)c4F)c3c2)c1,-8.0,3.4968885065347166,24_513
O=C(c1cccnc1)N1CCN(c2cc(-c3ccccc3)ncc3c(-c4ccccc4Cl)ccc2-3)CC1,-8.4,2.3934958794948873,24_514
Oc1ccccc1Nc1nc(Nc2ccc(Cl)cc2)nc(N2CCOCC2)n1,-9.2,3.549483226708243,24_515
N=CN=C(CC(=N)c1cccc(Nc2ccnc3cc(Cl)ccc23)c1)c1cccc([N+](=O)[O-])c1,-8.0,3.1206280789500926,24_516
O=C(Nc1cccc(-c2cccc3nccn23)c1)c1ccccc1,-7.3,3.65243464188744,24_517
O=C(Nc1cccc(-c2cccc(-c3ccccc3CO)c2)c1)Nc1ccccc1C(F)(F)F,-9.1,3.42113088965774,24_518
COc1cc(Cc2cccc3ccccc23)cc(OC)c1OC,-5.9,3.62574493475039,24_519
O=c1[nH]c(-c2ccccc2-c2cccc(-c3cccc(-c4nccc5c(cnc(N6CCOCC6)n4)C=C5)c3)c2)nc2ccccc12,-10.0,1.0365443320706271,24_520
O=C(c1ccccc1F)c1cccn1-c1ncccc1N1CCC(Oc2ccc(F)cc2F)CC1,-7.5,3.509212693051367,24_521
O=C(NCCN1CCC(n2c(=O)[nH]c3ccccc32)CC1)c1ccc2ccccc2c1,-6.9,3.670109858155814,24_522
O=C(CN1c2ccccc2Sc2ccccc21)N/N=C/c1ccc(/C=C/C(=O)c2ccc(F)cc2F)cc1,-7.1,3.1593311818284127,24_524
CCc1c2c(coc1=O)C(=NC(=O)c1cccnc1Nc1ccnc3cc(Cl)ccc13)C=C2,-8.6,3.6529768894462396,24_525
O=C(Nc1cccc(CO)c1)Nc1cccc(-c2cccc(-c3nc4ccccc4[nH]3)c2)c1,-8.2,3.238003300527587,24_526
Oc1ccc(-c2ccc3c(C=Cc4ccccc4)[nH]nc3c2)cc1O,-7.5,3.521587723727378,24_527
O=C(Nc1cccn2c(-c3cccc(NC(=O)c4ccc(F)cc4F)c3)cnc12)c1ccccc1,-8.2,3.5219832971264773,24_528
O=C(c1cccc(C(F)(F)F)c1Cl)N1CCn2c(-c3cccc(Cl)c3Cl)nnc2C1c1ccc(Br)cc1Br,-8.7,3.2898346710520423,24_529
O=C(Nc1cccc(CO)c1-c1ccccc1)c1ccc(-c2ccccc2)cc1,-7.2,3.394567015952285,24_530
O=C(c1ccc2cc(Oc3ccc(C(F)(F)F)cn3)ccc2n1)N1CCN(c2ccccc2)CC1,-8.1,3.595176768648538,24_531
O=C(CCC1=CCC2=C3C(=COc4ccccc43)C3=C(C=COCC=C3)C2N1)N1CCc2ccccc21,-9.0,1.468837673743609,24_532
O=C(Nc1cccc(-c2cccc(F)c2)c1)c1cc(-c2ccccc2O)[nH]n1,-7.6,3.5920135038388077,24_533
COC(C(=O)Nc1ccc(-c2cc3ccc(C(=O)Nc4cccc(-c5ccccc5)c4)cc3o2)cc1)c1ccccc1,-2.8,3.234129490407054,24_534
Cn1c(-c2cccc(-c3cccc(NC(=O)c4ccccc4F)c3)c2)nc2ccccc21,-9.0,3.3956733809905395,24_535
Cn1c(=O)n(Cc2ccccc2)c(=O)c2c1nc1n2CCCN1c1ccccc1-c1ccccc1,-7.7,3.501099949266307,24_536
CC(=O)N[CH][C@@H]1C=C(C(=O)Nc2cc(C(F)(F)F)ccc2Oc2ccccc2)Oc2ccccc2N1C(=N)N,-7.9,2.344541912708963,24_537
O=C(Nc1ccccc1)N[C@H]1CC[C@H](CCN2CCN(c3cccc4c3OCO4)CC2)CC1,-6.9,3.5050686619344393,24_538
O=C(Nc1ccc(Cc2ccccc2Cl)cc1)c1cccc(O)c1O,-6.6,3.6028581905625345,24_539
O=C(COc1ccccc1)Nn1c(O)c2c(c1O)C1C=CC2C1,-6.8,3.528044528345321,24_540
O=C(c1ccc(-c2cccc(CO)c2)cc1)n1cc(-c2ccc3ccccc3c2)c2cc(F)ccc21,-8.5,3.2774418146790483,24_541
C=Cc1[nH]c2ccccc2c1Nc1cccc(-c2cc(-c3cccc(C#N)c3)c3ccccc3c2ON)n1,-8.6,3.260241144262476,24_542
CC=CC=CC(=O)N1Cc2ccccc2N=C1c1nn(-c2ccccc2)c(-c2ccccc2)c1C#N,-7.1,3.4378160567335536,24_543
O=C1Nc2ccc(Cl)cc2C1=NN=Cc1c2ccccc2cc2ccccc12,-8.6,3.433279227764337,24_544
O=C(Nc1ccccc1C(=O)Nc1cccc(C(F)(F)F)c1)c1cccc(-c2cccc(-c3nn[nH]n3)c2)c1,-7.6,3.2586309014612214,24_545
O=C(c1ccccc1Cl)n1ccc(-c2cccc(-c3cc4ccccc4[nH]3)c2)n1,-8.0,3.522863326371162,24_546
COc1cc(/C=N/NC(=O)c2cccc(N(C)C)c2)ccc1OC(=O)c1ccccc1Cl,-6.2,3.4606498518388564,24_547
NS(=O)(=O)Cc1cccc(Nc2nccc(-c3ccc(NC(=O)c4ccccc4)cc3)n2)c1,-7.6,3.4995258277988928,24_548
O=C(Oc1ccccc1C(=O)Nc1ccc2c(c1)OCO2)c1cccc(Oc2cccc(-c3cc4ccccc4c4ccccc34)c2)c1,-7.8,2.8667739114357103,24_549
O=C(Nc1cccc(CN2CCC(C(=O)NC3CCCCC3)CC2)c1)c1cccc(C(F)(F)F)c1,-7.2,3.4898110588428217,24_550
CNc1nc2cc(-c3ccc(C(=O)N4CC[C@H](N(C)C)C4)cc3F)cc(-c3ccccc3)c2s1,-7.1,3.6284791349159686,24_551
OC[C@H]1C[C@H](n2cc(-c3ccc(C(O)=NO)cc3)nn2)CN1CCCc1ccccc1,-6.9,3.2707468762767125,24_552
CC(=O)Nc1cccc(-c2cccc(-c3cccc(-c4cccc(C(=O)O)c4)c3)c2)c1,-8.8,3.4071517633050394,24_553
O=C(Nc1ccc(-c2ccccc2-c2nn[nH]n2)cc1)c1cccc(-c2cccc(OC(F)(F)F)c2)c1,-7.6,3.351213764320869,24_554
O=S(=O)(c1ccc2c(c1)OCCO2)N1CCN(c2ccccc2-c2ccc(F)cc2)CC1,-8.2,3.647863673560053,24_555
O=C(Nc1ccc(Nc2nccc(-c3ccccc3)n2)cc1)c1ccccc1O,-7.2,3.6077784068937833,24_556
O=C(c1ccc(Nc2nc(-c3ccccc3)nc3cccc(-c4ccccc4)c23)cc1)N1CCOCC1,-8.1,3.4885927254645193,24_557
O=C(Nc1cccc(NC(=O)c2cnc3c(C(F)(F)F)cccc3c2NCc2ccccc2Oc2ccccc2)c1)c1ccccc1,-7.5,3.0594616643841954,24_558
O=C(c1ccco1)N1CCN(c2ccc3nnc(-c4ccccc4)n3n2)CC1,-7.4,3.623941032540537,24_559
O=C(Nc1cccc(F)c1)Nc1cccc(-c2cccc(-c3ccccc3)c2)c1,-9.350000000000001,3.411617307613613,24_560
O=C(CNc1cc(-n2cnnn2)ccc1F)Nc1ccccc1C(=O)NCCF,-6.9,3.4971627768042985,24_561
Cn1c(SCC(=O)Nc2ccccc2F)nc2c([nH]c3ccccc32)c1=O,-7.2,3.5788617148504143,24_562
Cn1c(=O)sc2cc(C(=O)NCc3ccccc3Cl)ccc21,-6.2,3.773440919866982,24_563
O=C(Cc1n[nH]c(-c2ccc(O)cn2)n1)n1nc(-c2ccc(Br)cc2)c2ccccc2c1=O,-8.1,3.414252269969242,24_564
O=C(Nc1ccc(Oc2ccncc2-c2ccccc2)c(F)c1)c1ccccc1-c1ccccc1,-7.4,3.4043917807463115,24_565
O=c1c2ccccc2n2c(=O)[nH]nc2n1-c1ccccc1Oc1ccccc1,-7.7,3.62735569203313,24_566
O=C(Nc1cccc2ccccc12)c1cnc(N2CCOCC2)c2ccccc12,-8.8,3.6836313031832004,24_567
O=C(Nc1ccccc1-c1nc2ccccc2[nH]1)c1ccccc1Br,-8.0,3.5998593447926908,24_568
Cc1cc(N2CCC(C(=O)Nc3ccc(C)c(C(=O)NC4CCCCC4)c3)CC2)ccc1Cl,-7.0,3.4974811220192965,24_569
O=C(c1ccc2cc(Oc3ccc(C(F)(F)F)cn3)ccc2n1)N1CCC(F)CC1,-7.3,3.6477680033249635,24_570
O=C(C=NC(=O)c1cccc(Br)c1)N=CC1=CC(C=Nc2cc(-c3ccccc3)ccn2)CC1,-7.5,3.568032127284896,24_571
Cc1cccc(C(=O)Nc2cccc(-c3ccc4c(cnc5ccccc54)c3)c2)c1,-7.7,3.232204267220958,24_572
O=C(Nc1ccccc1)Nc1cc(-c2ccccc2)nc(-c2cccc(-c3cccc(C(=O)O)c3)c2)c1,-9.3,3.304251441768468,24_573
NC(=O)c1cccc(-c2cccc(Oc3ccccc3CC(=O)O)c2)c1,-7.4,3.7148119096937875,24_574
CCNc1cnc(-n2c(Cc3c(C)cccc3C)nc3ccccc32)nc1N1CCOC[C@@H]1C,-8.0,3.638410949685621,24_575
O=C(Nc1ccc(Oc2ccccc2)cc1)c1ccc2ncccc2c1,-7.1,3.6411287181414824,24_576
Cc1ccc(N2N=C(c3ccccc3)/C(=C/c3cccc([N+](=O)[O-])c3)C2=O)cc1,-8.4,3.5342757434954732,24_577
CC(C)CNC(=O)c1ccccc1[C](c1cc2ccccc2o1)c1ccc2ccccc2c1O[CH]c1ccccc1,-7.3,3.1871224368873166,24_578
Cc1cccc(N(Cc2ccc3c(ccc(=O)n3C)c2)c2ccccc2S)c1,-7.3,3.5639616606182223,24_579
O=C1N(c2cccc(Oc3ccccc3)c2)CCN1c1cccc(-c2cccc3ccccc23)c1,-9.0,3.2401573047135157,24_580
O=C(c1ccccc1)C1[C@@H](c2ccc(Cl)cc2Cl)C[C@H]2CC[C@@H]1N2C(=O)Nc1ccccc1N1C(=O)c2ccccc2C1=O,-7.9,3.1399534130257565,24_581
O=C(Nc1cccc(-c2nnco2)c1)c1ccccc1Nc1ccc2c(C=Cc3ccccn3)[nH]nc2c1,-8.1,3.3068911527093334,24_582
O=C1CCc2cc(S(=O)(=O)Nc3cccc(Br)c3)ccc2N1Cc1ccccc1,-6.9,3.7475903263735306,24_583
Cc1ccccc1[C@H](C1CC[C@H](CCCNc2c3c(nc4ccccc24)CCCC3)CC1=O)N1CCCC1,-6.6,3.1976231988991026,24_584
O=C(Nc1ccc(Oc2ccccc2Cl)cc1)c1cc2ccccc2cc1Nc1c2ccccc2nc2ccccc12,-8.8,3.146687241589257,24_585
O=C(Nc1cccc(-c2c(O)ccc3cc(-c4cccc(O)c4)ccc23)c1)c1ccc(Cl)cc1,-8.3,3.343546045773817,24_586
O=C(Nc1cccc(CN2CCC(C(=O)NC3CCCCC3)CC2)c1)c1ccc2ccccc2c1,-7.3,3.5049442093275385,24_587
C=c1oc2ccc(C(=O)Nc3ccccc3C(=O)O)cc2c2cn(C)c1=CC=C2,-7.2,1.8719481467929797,24_588
COc1cccc(NC(=O)c2oc3ccccc3c2NC(=O)c2cccc(F)c2)c1,-8.5,3.6613983007575692,24_589
O=CC=C(COC(=O)c1ccccc1)c1ccc(-c2ccc(Oc3cc(Nc4cccc(F)c4F)cc(C(F)(F)F)c3)cc2)cc1,-6.9,2.869093006127147,24_590
O=C(c1ccccc1-n1nccn1)N1CCC2(C=Cc3ccccc32)CC1,-7.1,3.5967898181025655,24_591
CS(=O)(=O)c1cccc(-c2cccc(-c3cccc(-c4cccc(C(F)(F)F)c4)c3)c2)c1,-8.8,3.448201430376871,24_592
O=C(c1ccc([N+](=O)[O-])cc1)N1CCN(C(=O)c2ccc(F)c(F)c2Nc2ccc(I)cc2F)CC1,-7.2,3.4555207484629755,24_593
Cc1ccc(NC(=O)Cn2c(=O)n(Cc3nc(-c4ccccc4)no3)c(=O)c3ccccc32)cc1,-8.1,3.481685871956801,24_594
Cc1ccc(-c2ccnc(-c3cccc(C(=O)Nc4cnc5ccccn45)c3)c2)cc1,-8.8,3.4611438132093957,24_595
c1ccc(-c2ccc([C@@H]3[C@H]4CNC[C@@H]3N4Cc3ccc4c(c3)OCO4)cc2)cc1,-7.8,3.4974346902856492,24_596
COC(=O)c1ccccc1N=CCCN(c1ccccc1C(=O)c1ccc(OC)cc1)c1nc(-c2ccc3ccccc3c2)nc2ccccc12,-9.1,2.7478467866843608,24_597
COc1ccc(C2CC(c3ccccc3)n3ncnc3N2)cc1,-7.3,3.7550324934200994,24_598
O=C(c1cccc(F)c1)N1CCN(c2cccc(C(F)(F)F)c2)CC1,-7.1,3.54673507345109,24_599
CC(=O)Nc1cccc(NC(=O)CSc2ncc3c(n2)-c2ccccc2N(C)S3(=O)=O)c1,-7.8,3.499835154344993,24_600
O=C(Nc1cccc(C(F)(F)F)c1)c1ccccc1NC(=O)c1ccccc1Sc1ccc2c(C=Cc3ccccn3)[nH]nc2c1,-7.5,3.029324334675639,24_601
O=C(Nc1cccc(-c2cc3ccccc3[nH]2)c1)c1cccc(-c2cccc(-c3cccc(-c4cc5ccccc5cc4-c4ccccc4)c3)c2)c1,-8.8,2.8277885968931313,24_602
COc1cccc(NC(=O)c2cccc(CN3CCc4ccccc4C3)c2)c1,-7.4,3.6942892408174983,24_603
O=C(c1ccc2cc(Oc3ccc(C(F)(F)F)cn3)ccc2n1)N1CCN(S(=O)(=O)c2ccc(Cl)cc2)CC1,-7.7,3.4981366911265517,24_604
O=C1NC[C@@H](CCCCN2C[C@H](Cc3ccccc3)N(CCC3CCCCC3)C(=O)C2=O)N(CC2CCCCC2)C1=O,-7.5,2.963126873053321,24_605
O=C(CCc1ccccc1)c1ccc(C(=O)c2cc3cc(-c4cc5ccccc5o4)ccc3o2)cc1,-6.9,3.2630318335885735,24_606
COc1cc2cc(c1)[C@H](C(C)C(=O)Nc1cccc(-c3ccccc3Br)cc(=O)occ1F)C=CC=CCC2=O,-7.0,1.3930061185140512,24_607
O=C(Nc1cccc(-c2cccc(-c3ccccc3)c2)c1)c1ccccc1O,-8.5,3.4858917832502736,24_608
O=S(=O)(c1ccccc1)n1ccc2c(N3CCN(CCc4oc5ccccc5c4Cl)CC3)cccc21,-7.4,3.454047602238828,24_609
Cc1ccc(NC(=O)C(=O)NCc2cccc(-c3ccc4ccccc4c3)c2)cc1C,-8.5,3.4865951191204396,24_611
O=C(Cn1cc(C2CC2)nn1)Nc1nc(-c2ccccc2)cc2ccccc12,-8.1,3.7043608096384,24_612
O=C(N[C@H]1CC[C@H](CCN2CCN(c3nsc4ccccc34)CC2)CC1)c1ccccc1,-7.7,3.623890140260321,24_613
O=C(Nc1cccc(-c2cccc(C(=O)N3CCOCC3)c2)c1)c1ccccc1,-8.1,3.740534167520625,24_614
Nc1c(C(=O)c2cccc(C(F)(F)F)c2)ccc2c(Nc3cccc(C(F)(F)F)c3)cccc12,-8.0,3.354410404391804,24_615
O=C(Nc1cccc(-c2ccc3c(c2)OCCO3)c1)c1cccc(-c2cccc(-c3ccco3)c2)c1,-7.7,3.4163751601787062,24_616
O=C(Nc1cccc(-c2cccc(C(=O)N3CCNCC3)n2)c1)c1ccc2c(c1)OCO2,-8.1,3.6453997441833077,24_617
CNC(=O)c1cc(Oc2ccc(NC(=O)c3nn(-c4cccc(F)c4)c4ccccc34)cc2)ccn1,-8.2,3.4122416500970463,24_618
COc1cc(NC(=O)C=C2C=CC(=Nc3nc4ccccc4nc3C)C2)cc(OC)c1,-7.5,3.691527463002202,24_619
CC(=O)c1ccc(NS(=O)(=O)c2cccc(C(=O)Nc3cccc(-c4nc5ccccc5[nH]4)c3)c2)cc1,-7.3,3.2279888997338206,24_620
O=C1NC(=S)S/C1=C/c1cccc2ccccc12,-5.9,3.5091578057943575,24_621
CC1=CC=C(C=Cc2nc3cc4c(cc3c3ccc(C(=O)N(C)C)cc23)OCCO4)C1,-8.5,3.526271325649229,24_622
O=C(Nc1cccc(-c2cccc(-c3cccc(F)c3)c2)c1)c1ccccc1Cl,-8.4,3.406338145004554,24_623
Nc1nc(-c2cccc(NC(=O)c3ccccc3NC(=O)c3cccc([N+](=O)[O-])c3)c2)c(-c2ccc(F)cc2)s1,-8.1,3.1049570756036684,24_624
O=C(O)c1ccccc1Nc1cc(-c2ccccc2)ccc1-c1ccccc1[SH](=O)=O,-7.5,3.522007838568677,24_625
COc1ccc(-c2ccc(-c3cccc(C(=O)N(C)C)c3)s2)cc1OCc1ccccc1,-7.8,3.5324024291192706,24_626
O=C(COc1ccccc1)Nc1nc(-c2ccccc2)c2ccccc2n1,-7.9,3.7005504747366587,24_627
COc1ncccc1S(=O)(=O)NC(=O)c1ccc(-c2cccc(-c3cccc(-c4n[nH]c(C)n4)c3)c2)c(F)c1,-7.7,3.359058609050526,24_628
Cc1ccc(NC(=O)c2ccc(F)cc2)c(Nc2ncnc3[nH]ccc23)c1,-7.8,3.6000808654743257,24_629
O=C(Nc1ccc(C2=CCN(C(=O)c3ccccc3)CC2)nc1)c1ccccc1Nc1cccc(C(F)(F)F)c1,-7.6,3.4769788760367604,24_630
N#Cc1c2ccccc2[n+]([O-])n1-c1cc(Nc2ccc3ccccc3c2)c2ccccc2n1,-8.6,3.4508421787994505,24_631
O=C1NC(c2ccccc2)CN1S(=O)(=O)C1=CC=CCC(Cl)=C1,-7.0,2.6273970630642824,24_632
O=C(c1cccc(-c2cccc3c(=O)cc(N4CCOCC4)oc23)c1)N1CCN(C(=O)c2c(F)cccc2F)CC1,-9.0,3.47337420309275,24_633
Nc1ncnc2c3c(n(-c4ccc(NC(=O)Cc5cccc(F)c5)cc4)c12)CCC3,-7.9,3.687932278088861,24_634
N=C(N)NCCCC(NC(=O)CNC(=O)c1cccc(Nc2ncccn2)c1)C(=O)O,-6.7,2.914060550839482,24_635
O=C(c1cccc(-c2nc(=O)c3ccccc3[nH]2)c1F)c1cccc2ccccc12,-8.6,3.505756847875999,24_637
Cn1nccc1C(=O)Nc1cc(-c2ccccc2)nn1-c1ccccc1,-8.0,3.729955867737776,24_638
O=c1cc(-c2ccco2)oc2c(-c3cc4ccccc4c4ccccc34)c(O)cc(O)c12,-7.8,3.412231760997366,24_639
O=C(Nc1cccc([N+](=O)[O-])c1)C1Cc2ccccc2S(=O)(=O)N1c1cccc(Oc2ccccc2)c1,-6.9,3.4713183162702044,24_640
O=C(Nc1ccc(Br)cc1)Nc1cccc(-c2cccc(-c3cccc(F)c3)c2)c1,-8.1,3.3915300530942902,24_641
COc1cc(NC(=O)c2oc3ccccc3c2NC(=O)c2cc3ccccc3o2)cc(OC)c1,-8.1,3.4761409838000747,24_642
O=CNN=C1CN(c2ccccc2F)CC=C1Cc1ccccc1NC(=O)C(Cc1ccccc1)C(=O)Nc1ccc2cc1CO2,-8.6,2.998680967553335,24_643
O=C(Nc1ccc(N2CCN(C(=O)c3ccco3)CC2)cc1)c1ccccc1Cl,-7.4,3.7850578759443136,24_644
Cc1nn(-c2ccccc2)c2c1C(=O)c1ccccc1C(=O)c1c(I)cccc1O2,-8.1,1.2993030165610726,24_645
O=CN(c1ccccc1)c1ncnc(NC2CCNCC2)c1C#Cc1ccc2ccccc2c1,-8.1,3.5343492848233495,24_646
O=C(NCCCN1CCCC1)c1cccc(-c2cccc(-c3cccc(C(=O)Nc4ccccc4C(=O)O)c3)c2)c1,-7.7,3.2848198059619778,24_647
Cc1cc(-c2ccc3c(c2)OCO3)c(-c2cc3ccccc3s2)nc1/N=C\c1ccncc1,-7.3,3.398950437775163,24_648
O=c1oc2ccc(O)cc2n1-c1ccccc1O,-6.2,3.6095326554216998,24_649
O=C1c2ccccc2CCc2cc(-c3cccs3)ccc21,-7.5,2.4411279579368026,24_650
CCOC=CC1=C(CC(=NC(=O)c2cccnc2)C(=O)NC(Cc2ccccc2)C(=O)C(=O)NCc2ccccc2)CC1,-6.5,3.181709739640368,24_651
C1=C(c2ccc(C3=NCCN3)cc2)CCC(c2ccco2)C1,-6.8,3.599239322057926,24_652
O=C(Nc1ccc(F)cc1F)Nc1cc(-c2ccccc2)ccc1Oc1ccccc1,-8.5,3.5126224824442795,24_653
C=C(C=CC=CC(=C)C1=CC(=O)c2ccccc2C1(C)C)C=CC=CC1=CC=CN(C(=O)Nc2ccccc2-c2ccccc2)C=C1,-7.0,2.005585046871815,24_654
O=C1c2ccccc2N[C@H](c2ccc3c(c2)OCOO3)N1c1ccccc1,-7.7,3.5920009875559726,24_655
O=C(c1ccc(NS(=O)(=O)c2cccc3cccnc23)cc1)N1CCC(c2nc3ccccc3o2)CC1,-7.4,3.5186187989602877,24_656
O=C(CC(=O)Nc1cccc(-c2ccc3c(c2)OCCO3)c1)Nc1ccc(-c2ccccc2)cc1,-8.1,3.527393426519276,24_657
O=C(Nc1ccc(-c2cccc(-c3nn[nH]n3)c2)cc1)c1cccc2c1C(=O)c1ccccc1-2,-8.0,3.5284755893893216,24_658
O=c1n(-c2ccccc2)c(=O)n2n1-c1ccccc1NC(c1ccccc1)C2c1ccccc1,-7.9,2.5622444449501858,24_659
COC=C1C=CC(/C=C\N=C2CCCC(Cc3cc4ccccc4c4ccccc34)O2)=C1,-7.9,3.3020369106202834,24_660
O=C(Nc1cccc(Nc2ccnc(NC(=O)C3CC3)c2)c1)c1cccc(C(F)(F)F)c1,-8.0,3.6233860881210913,24_661
O=C1c2cccc3cc([N+](=O)[O-])cc(c23)C(=O)N1c1nc2ccccc2s1,-7.7,3.435407465433002,24_662
O=C(/C=C/c1ccc2ccccc2c1)Nc1nnc(-c2ccccc2)o1,-7.0,3.681924045857052,24_663
COc1ccc(-c2ccc3c(N4CCOC[C@@H]4C)nc(N4CCOCC4)nc3n2)cc1CO,-6.9,3.545657912348701,24_664
O=C(Nc1cccc(-c2ccc(Oc3cc4ccccc4cc3C(=O)O)cc2)c1)c1ccc(Cl)c(Cl)c1,-7.7,3.343324429124049,24_665
O=C(NC(CNS(=O)(=O)c1cccc(-c2ccccc2C(F)(F)F)c1)C(O)=NO)C1CCCc2ccccc21,-7.0,3.0919993615120154,24_666
Cc1ccc(-n2c(Sc3ccc(F)cc3)nc3c(c2=O)c2ncccc2c(=O)n3C)cc1,-8.8,3.419878261881307,24_667
CNc1ccc(Br)cc1C(=CC(=O)C=C(N=CC(N)=O)c1cccnc1)c1ccccc1Br,-6.9,3.5014783547728485,24_668
NC1CCN(c2ccc(-c3ccccc3)cc2-c2cc(NC(=O)c3cccc4ccccc34)ccc2F)CC1,-7.9,3.3314246803158767,24_669
O=C(NCc1cccc(-c2cccc(CNC3Cc4ccccc4C3)c2)c1)c1ccccc1-c1ccccc1,-8.0,3.189391500075976,24_670
O=Cc1c(N2CCC3(CCOCC3)C2)ccc2c1COc1cc(-c3cc4ccccc4o3)ccc1-2,-7.6,3.2627427839047485,24_671
O=CO[C@H](/C=C/c1ccc2c(c1)OCO2)[C@@H]1C=C2Oc3nc4ccccc4cc3[C@@H]2C1,-8.1,3.449284746419764,24_672
Cc1nncn1-c1ccccc1C(c1ccccc1)N(C)C=NC(=Nc1cc2ccccc2[nH]1)Nc1ccccc1S(=O)(=O)CCCO,-7.3,2.9511463746124313,24_673
O=C(Nc1cccc(Nc2ccc3c(C=Cc4ccccc4)[nH]nc3c2)c1)c1cc(=O)c2ccccc2o1,-8.0,3.349458884495859,24_674
O=C(Nc1cccc(F)c1)Nc1cc(-c2ccccc2)c(-c2ccccc2)nc1-c1cccnc1,-7.9,3.425668757076405,24_675
O=CC(=O)C(Nc1ccccc1)c1cccc2ccccc12,-6.6,3.575582117571025,24_676
O=C1CCC(N2C(=O)c3cccc(OCC(=O)Nc4ccc5c(c4)c4ccccc4n5Cc4ccccc4F)c3C2=O)C(=O)N1,-8.0,3.1717698382013744,24_677
N#CC=C(N=C(N=Cc1ccccc1)Sc1ccc(-c2cccc(C(F)(F)F)c2)cc1)c1cccc(-c2ccccc2)c1,-8.1,2.7732899462539398,24_678
CC(=O)Oc1c(C(=O)Nc2ccc(F)cc2F)ccc2ccccc12,-7.4,3.668189828998128,24_679
Cc1ncnc2c1c1ccsc1n2[C@H]1O[C@H](CO)[C@@H](O)[C@H]1NC(=O)c1cccc(Cl)c1,-7.4,3.4896287508351707,24_680
c1ccc(-n2c3c/c(=N\CCN4CCOCC4)c(Nc4ccccn4)cc-3nc3ccccc32)cc1,-8.7,3.4328969646399727,24_681
O=C(c1ccccc1)c1ccccc1Nc1nc(-c2ccc3c(c2)OCO3)c2ccccc2n1,-8.0,3.370743246584728,24_682
O=C(Nc1cccc(-c2ccccc2O)c1)c1cccc(-c2cc3ccccc3o2)c1,-7.8,3.4424584932906237,24_683
O=C(Oc1cncc(Cl)c1)c1ccc(-c2ccccc2C(F)(F)F)o1,-6.7,3.6393366115157537,24_684
C=COC1=CC(C(=O)Nc2cc3ccc(OCC4CCCN(C)C4)c(C)c3oc2=O)C=CC12C=CC=COC2,-6.5,2.251201555826666,24_685
N#CC(C(=O)Nc1cccc2ccccc12)c1ccccc1,-6.9,3.6311935978302055,24_686
O=C(Nc1cccc(-c2cccc3c(=O)cc(N4CCOCC4)oc23)c1Oc1cccc(C(F)(F)F)c1)c1cccc(C(F)(F)F)c1,-8.0,3.207413118232731,24_687
CNC(=O)c1c(-c2ccc(F)cc2)oc2cc(N(C)S(C)(=O)=O)c(-c3ccc4c(n3)-c3cc5c(F)cccc5n3C(CN(C)C)O4)cc12,-8.4,3.2241551850962207,24_688
O=C(NC[C@H]1CCCN(c2cccc3cccnc23)C1)c1cccc2ccccc12,-8.7,3.6264570425149545,24_689
O=C(O)C=C1C(c2cccc(-c3ccc4c(c3)OCO4)c2)=Cc2cc(-c3cccc(OC(F)(F)F)c3)ccc21,-8.4,3.372996281888308,24_690
O=S(=O)(Nc1cccc(Cl)c1)c1cccc(-c2cccc(C3=NCCN3)c2)c1Cl,-7.3,3.72314776035814,24_691
Cc1ccc2c(C(=O)NCCc3ccccc3)cc(NC(=O)c3ccc4c(c3)OCO4)cc2n1,-7.2,3.63296985340702,24_692
O=C(c1cccc(C(F)(F)F)c1)N1CC(=S)N2CCCC[C@H]2C1c1ccccc1F,-8.2,3.362073309016984,24_693
CC=C1C=CC(C=C(c2cccc(OCc3ccccc3)c2)c2nc(=O)c3cc(F)c(F)cc3[nH]2)=C1,-9.0,3.5341746769795592,24_694
COc1ccccc1C(=O)Nc1cccc(-c2cccc(-c3cccc(-c4cccc(C(F)(F)F)c4)c3)c2)c1,-8.7,3.221303410510664,24_695
Cc1ccc(Nc2nc3ccccc3nc2NS(=O)(=O)c2ccc(OC(F)F)cc2)cc1Cl,-7.9,3.5493131191882847,24_696
O=C1c2[nH]c3ccccc3c2C(=O)c2cnc3ccccc3c21,-8.3,3.548972861961139,24_697
Oc1c2c(c(O)n1CN(Cc1ccccc1)c1ccccc1F)C1C=CC2C1,-7.1,3.5722570984944695,24_698
O=C(c1cccc(-c2cccc(-c3ccccc3CO)c2)n1)N1CCN(c2nc3ccccc3n3cccc23)CC1,-8.8,3.4349886084831187,24_699
ClC=CC=CC(Cl)CNc1ccnc(-c2cc(-c3ccccc3)cc(N3CCOCC3)c2)n1,-7.6,3.549610806969989,24_700
CCn1c2ccccc2c2cc(NC(=O)c3ccccc3C(=O)Nc3ccccc3OC)ccc21,-7.7,3.4604735141962726,24_701
O=C1c2cccc3cccc(c23)N1CCCCCCN1CC=C(c2c[nH]c3ccc(F)cc23)CC1,-7.6,3.321589215475262,24_702
O=C1C(=Cc2c[nH]cn2)COc2ccccc21,-6.3,3.52989247512832,24_703
O=Cc1nccc2c3ccccc3n(Cc3ccccc3)c12,-6.8,3.4862878646526543,24_704
NC(=O)c1ccc(-c2cnc3c(-c4cccc(NC(=O)c5ccccn5)c4)cccc3c2)cc1,-7.9,3.510631377214339,24_705
Nc1nc(-c2cccc(-c3cccc(-c4cccc(C(=O)NC5CC5)c4)c3)c2)cs1,-8.3,3.6136416751618485,24_706
O=C(Nc1ccc(Oc2cccc(-c3cccc(CO)c3)c2)cc1)c1ccc(Cl)cc1F,-7.3,3.468897776347234,24_708
O=c1[nH]c(=O)n([C@H]2CC(O)C(CO)S2)cc1-c1cccc(-c2ccccc2)c1,-7.0,3.666455186865785,24_709
COc1ccccc1C(=O)Nc1cccc(C(=O)Nc2ccc3c(c2)OCCO3)c1,-6.7,3.734389956530025,24_710
O=C(c1ccccc1)c1cccc(-c2cccc(Nc3cccc4ccccc34)c2)c1,-8.8,3.2545472960310176,24_711
O=C(Nc1c(F)c(F)c(F)c(F)c1F)c1cccc(-c2nc3ccccc3n2Cc2ccccc2Cl)c1,-8.3,3.155616304053855,24_712
O=C(c1cccc(Cc2n[nH]c(=O)c3c2CCCC3)c1)N1CCN(c2cccc(Cl)c2)CC1,-9.2,3.6714807672878553,24_713
Cc1ccc2c(Nc3ccc4ccccc4c3C3=CC(=O)CC(C)(C)C3)c3ccccc3nc2c1,-7.6,3.245844879711108,24_714
O=C(c1cccc(C(F)(F)F)c1)N1C[C@@H]2CNC[C@@H](C2)C1,-7.0,3.4280507424585256,24_715
COc1ccccc1OCCNc1ccc2[nH]cc(-c3cccc(C#N)c3)c2c1,-6.9,3.5708224252914817,24_716
N=C1C(C(=NC=C2C=CC(C=NS(=O)(=O)c3ccccc3Cl)=C2)N2CCOCC2)=Cc2c(O)ccn21,-7.3,3.296998350100456,24_717
O=C(O)c1ccc(C2=C=C3C=C(c4ccccc4)C(c4ccccc4)=NN3C=C2)cc1,-8.2,3.522258002237386,24_718
O=CC1=c2c(cccc2=COCc2ccccc2Sc2ccccc2C(=O)O)C=CN1,-7.2,3.643103491558917,24_719
O=C(c1ccccc1)N1c2ccccc2Sc2ccccc21,-6.9,3.4687057402327106,24_720
CC(=O)Nc1ccc(S(=O)(=O)Nc2cccc(-c3cc(C)c(C(=O)NCC(C)C)c4c3CCC4)c2)cc1,-7.8,3.5290232054854385,24_721
O=C(Nc1ccccc1F)c1[nH]nc2ccc(-c3cncc(-c4ccccc4F)c3)cc12,-8.8,3.532004712100022,24_722
Oc1nc(Nc2ccccc2Cl)sc1-c1cc2ccccc2c2ccccc12,-7.8,3.41177288320793,24_723
O=C(/C=C/c1ccc(Br)cc1)Nc1cccc(C(=O)O)c1,-6.4,3.6537152896187006,24_724
O=C(Nc1cccc(-c2nnc(N3CCC(c4ccccc4)C3)o2)c1)c1ccccc1,-8.1,3.685012379374113,24_725
O=Cc1ccccc1C(Nc1cccc(-c2cc(-c3ccccc3)nc3ccc4ccccc4c23)c1)c1cc2ccccc2o1,-8.8,2.9262972750946794,24_726
Cc1ccc(-c2nc3ccccc3n2CC(=O)Nc2ccccc2C(=O)NCc2ccccc2)cc1,-7.6,3.4539461813816095,24_727
O=C(Nc1ccccc1-c1nc2ccccc2s1)c1ccccc1C(=O)N1CCOCC1,-8.7,3.7016053458304485,24_728
CC=CC1=CC(C(=O)N[CH]C=CC(=O)Nc2ccc(F)cc2F)c2ccccc21,-6.5,3.600312728977769,24_729
COC(=O)C1=C(c2cccc(-c3cccc(Cl)c3)c2)C[C@@H]2CC[C@H]1N2C(=O)NCc1ccco1,-7.3,3.5681095257789117,24_730
O=c1/c(=C/c2cccc(Oc3ccccc3)c2)sc2nc3ccccc3n12,-7.2,3.5348915061167165,24_731
O=C(Nc1ccc2oc(-c3ccccc3Br)nc2c1)c1cccc2ccccc12,-7.3,3.502292993017641,24_732
O=C(NC1CCOc2ccccc2C1=O)c1cccc(-c2cccc(-c3cc4ccccc4o3)c2)c1,-9.4,2.480862046975629,24_733
COc1cccc(C(=Cc2ccccc2)CC(=O)Nc2cc(C(F)(F)F)nc3c(C(F)(F)F)cccc23)c1,-8.4,3.391828414812825,24_734
O=C(Nc1cccc(-c2cccc(C3=Cc4ccccc4-c4ccccc4C3)c2)c1)c1ccccc1,-9.1,2.0318857216593624,24_735
O=C1c2ccccc2C(=O)N1C=C1C=CC(n2nc(-c3ccccc3)nc2-c2ccc(C(F)(F)F)cc2)=C1,-8.1,3.306386833981856,24_736
O=C(C=Cc1ccc(O)c(O)c1)Nc1ccc(-c2cccc(C3=NCCN3)c2)cc1,-7.3,3.4640424667770704,24_737
N[C@@H](CC(=O)NCC(=O)Nc1nc2ccccc2[nH]1)c1ccccc1,-6.5,3.552442643781868,24_738
O=C(Nc1ccc2c(c1)CCC2)c1ccccc1NCc1ccccc1,-8.0,3.5734873030933065,24_739
C=c1ccc(=c2[nH]c(=CN=COC3=CC(=COC)C=C3)c(=NC=O)n(-c3ccccc3)c2=O)o1,-7.0,3.3568392163065073,24_740
NS(=O)(=O)c1ccc(Cc2c(-c3cccc(-c4cc5ccccc5[nH]4)c3)nn(-c3nc(C(=O)O)cs3)c2CC2CC2)cc1F,-8.7,3.124568037106058,24_741
Cc1ccccc1Nc1nnc(-c2cccc(-c3cccc(CN4CCN(C)CC4)c3)c2)o1,-7.5,3.636589733799339,24_742
O=C1/C2=C/c3cccn3-c3cncc(-c4cccc(C(F)(F)F)c4)c3CC(=CC=CC2)N1c1c(Cl)cccc1Cl,-7.9,1.074407628047819,24_743
O=C(Oc1ccccc1C(=O)O)c1ccc(-c2ccc(O)cc2)cc1,-6.8,3.666466720255886,24_744
COc1ccc(-c2ccccc2N2CCN(C(CN)c3ccc4c(c3)OCCO4)CC2)cc1,-7.0,3.6446252087230873,24_745
Cc1nc2ccccc2c(=O)n1Nc1nc2ccccc2s1,-7.4,3.6782887048876005,24_746
Cn1nc(-c2cccc(-c3ccccc3F)c2)nc1-c1cccnc1Nc1cccc(C(F)(F)F)c1,-8.2,3.4376138117088764,24_747
Oc1c(-c2ccc3ccccc3c2)c2c(F)cccc2n1-c1ccc2c(c1)OCCO2,-7.8,3.47629218013195,24_748
FC(F)(F)c1cccc(Oc2ncnc3cnc(NCc4ccccc4)cc23)c1,-7.8,3.694272969135641,24_749
O=C1c2ccccc2C(=O)N1c1cc(-c2ccccc2)ccn1,-7.3,3.597026917780624,24_750
CC1(C)[CH]C2C[C@@]1(CS(=O)(=O)N1CCC3(C=Cc4ccccc43)CC1)[C@@](O)(c1ccc3c(c1)OCO3)C2,-9.0,3.378984098962549,24_751
O=CN[C@@H]1[C@H](CCc2c[nH]c3c(c2=S)=C(c2ccccc2CSc2ccccc2)CC=3)C[C@@H]1NC(=O)c1ccccc1,-7.0,3.0620375090886442,24_752
O=C(c1cc2cc(Nc3nc4ccccc4nc3Nc3cccc(F)c3)ccc2[nH]1)N1CCN(c2ccccc2)CC1,-8.1,3.2875594646526145,24_753
N=CC(Cl)=Cc1cc2ccccc2nc1C1=C/C(=C\C(=O)Nc2ccccc2-c2ccccc2)C=CC=C1,-8.6,2.319594834470013,24_754
O=C(c1cccc(CN2c3ccccc3Sc3ccccc32)c1)N1CCc2ccccc21,-8.0,3.355112287510361,24_755
O=C(Nc1cccn2c(-c3cccc(NC(=O)c4ccccc4Cl)c3)cnc12)c1ccccc1,-8.0,3.5177684212074407,24_756
COC=CC1N=CC(c2cccc(-c3cc(C(C)(C)S(C)(=O)=O)cc4cccnc34)c2)=CC=C1C,-7.9,2.5897646357125534,24_757
NS(=O)(=O)c1ccc(C(=O)N2CCN(C(=O)c3cccc(Oc4ccccc4)c3)CC2)cc1,-7.7,3.7288289720203984,24_758
Cc1ccc(Oc2ccc(S(=O)(=O)Nc3ncns3)c(C)c2)c(C(F)C=CC=Cc2cc(Cl)c3c(n2)=CCOC=3)c1,-8.2,3.32477114918668,24_759
O=C(NC(=S)Nc1cccc(Oc2ccccc2)c1)c1cc(O)c(O)c(O)c1,-7.2,3.3874532315197072,24_760
O=C(c1ccccc1Nc1ccccc1)N1C[C@H]2C[C@H](c3ccccc3C(F)(F)F)C[C@H]2C1,-7.5,3.487064870906426,24_761
O=C(NC[C@@H]1CCc2c(cccc2N2CCNCC2)CN1)C1=CC=CN(C(=O)c2cccnc2)C=C1,-7.8,2.423946900451435,24_762
Cc1ccc(S(=O)(=O)N2CCC(C(=O)NC(Cc3ccc(Cl)cc3)C(=O)O)CC2)cc1,-6.4,3.6780308177750762,24_763
O=C(c1nn(-c2cccc(CN3CCOCC3)c2)c2c1CS(=O)(=O)c1ccccc1-2)N1CCOCC1,-7.5,3.3646410522879355,24_764
Cc1cc(Oc2nccnc2Cc2nc[nH]n2)ccc1C1=CC=CC1,-6.5,3.8063708912076937,24_765
COc1ccc(CCNC(=O)c2ccc(-c3cccc(-c4cc(-c5ccccc5F)c(Cl)c(=O)[nH]4)c3)cc2)cc1,-7.9,3.2920503228159887,24_766
O=C(O)CCn1ccc(-c2ccc(-c3cc(C(=O)O)cc4cc(-c5cccc(C(=O)C6CC6)c5)ccc34)cc2)n1,-7.6,3.248115955675842,24_767
O=C(O)c1ccc(-c2ccc3c(c2)C(O)(C(F)(F)F)c2ccccc2-3)cc1,-7.7,3.620813451346856,24_768
O=CN1c2ccccc2N[C@@H]1C=C1N=C(c2ccc3c(-c4cccc(CF)c4)cccc3c2)S1,-8.6,3.4363984442272524,24_769
O=C(Nc1ccc(C2=CCN(C(=O)c3cccnc3)CC2)cc1)N1Cc2ccccc2C1,-7.3,3.6162655100104377,24_770
COc1cc(O)c(C(c2cccc(Br)c2)c2cccc(Nc3ccccc3C(F)(F)F)c2)cc1Cl,-8.3,3.348009960780783,24_771
O=c1c2c([nH]c3ccc(F)cc13)-c1ccccc1Oc1ccccc1-2,-8.3,2.5194026083339827,24_772
O=C1c2ccccc2C(=O)N1Cc1c(-c2ccccc2)ccc(Cc2ccccc2)c1O,-8.1,3.5479064348818463,24_773
O=C1c2cc3c(cc2-c2c1c1ccccc1c(=O)n2-c1ccc(O)cc1)OCO3,-8.2,3.549931105897425,24_774
O=S(=O)(c1ccc(Br)s1)n1c2c(c3ccccc31)CCNCC2,-7.0,2.762008388055788,24_775
O=C(c1cccc(-c2cccc(-c3ccccc3NCc3cccnc3)c2)c1)N1CCCC1,-7.9,3.5395366133948114,24_776
CC1C=CC=CC(Nc2cc(-c3cccc(C(=O)N4CCOCC4)c3)c3cc(Cl)ccc3n2)C1,-8.1,2.62458121745371,24_777
CCC1CC(N=Nc2ccccc2)c2ccccc2N1C(=O)c1cccc2ccccc12,-7.0,3.42709788784314,24_778
Cn1c2nc3ccccc3c-2c(N2CCCCC2)c2ccccc21,-6.7,3.325410953355728,24_779
O=c1cc(C(F)(F)F)c2cc3c(cc2[nH]1)NCCC3,-6.8,3.5071223400597757,24_780
C=C1C=CC=C[C@H](C)NP(=O)(OC2[CH]OC(N3Cc4ccc(C(N)=O)cc4N=C3Cl)O[CH]2)OOc2ccccc21,-8.7,1.0584917792249984,24_781
O=C(Nc1cccc(Nc2nccc(-c3cccc(Nc4ccccc4)c3)n2)c1)c1cccc(C(F)(F)F)c1,-8.1,3.210910827314957,24_782
COc1ccc(S(=O)(=O)Nc2ccccc2-c2cccc3ccccc23)cc1,-8.0,3.652030873266991,24_783
Cc1ccc(-c2ccc(C(=O)Nc3cccc4cccc(S(=O)(=O)O)c34)cc2)cc1,-7.0,3.5742691176604433,24_784
O=C1c2ccccc2-c2ccc(-c3ccc(Cl)cc3Cl)cc21,-8.2,3.3620821059487658,24_785
N#CCC1=CC(=NC(=O)CC2N=C(c3cccc(C(=N)N)c3)c3ccccc32)c2ccccc21,-8.2,3.4605185511538066,24_786
O=C(NCc1cccc(O)c1)c1ccc(-c2cccc3cc(C(=O)Nc4cccc(Cl)c4F)[nH]c23)c(-c2ccc(F)c(F)c2)c1,-8.0,2.9767275348092297,24_787
O=S(=O)(c1ccccc1-c1ccc(-c2cnc3ccccn23)cc1)N1CCOCC1,-7.1,3.6706716911115995,24_788
Oc1cccc(-c2cc(-c3ccccc3)c3cc(Br)ccc3n2)c1,-7.9,3.503660874400979,24_789
O=S1(=O)N=C(Nc2ccccc2)S[C@@H]1c1ccccc1,-6.0,3.7249322054590834,24_790
O=C(O)c1cc(-c2cccc(Oc3cccc(Cl)c3)c2)nc2ccccc12,-7.4,3.6479904866145376,24_791
Cc1cc2ccc(=O)[nH]c3ccccc3cnc2cc1Nc1ccccc1,-7.9,1.4232334293467055,24_792
O=CCNC(=O)c1nnc(-c2cccc(C(F)(F)F)c2)o1,-6.5,3.6209913633272164,24_793
O=C(c1cc2nc(-c3ccccc3)cc(C(F)(F)F)n2n1)n1c2ccccc2c2ccccc21,-8.8,3.3736062482525613,24_794
Cc1cc2ccccc2nc1N(C(=O)c1cccc(-c2cccc(Cl)c2)c1)c1ccccc1,-8.4,3.210472828888225,24_795
Cc1cc(S(=O)(=O)Nc2ccccc2-c2cccc(C(=O)c3ccccc3)c2N)ccc1Cl,-7.9,3.4050492827284025,24_796
Cc1ccc(-c2coc(-c3ccccc3-c3cccc(F)c3)n2)cc1,-7.2,3.4687476666529524,24_797
Cc1cc(-n2cc(-c3cccc(NC(=O)c4cccc(C(F)(F)F)c4)c3)nn2)ccc1C(=O)NCc1ccccc1,-7.2,3.379114634485402,24_798
O=C1C[C@H]2C=C(N1)c1ccccc1Sc1cc(F)ccc1COc1ccccc12,-8.9,1.5123491707280787,24_799
CC(C)NC(=O)N1CCN(C2=NC=NN3CC=NC(C4CCOC4)=C23)CC1,-6.6,3.145198652984834,24_800
O=C(Cc1cccc(NC(=O)C2CCN(C(=O)c3ccccc3)CC2)c1)Nc1cccc(C(=O)N2CCOCC2)c1,-6.3,3.497488727104926,24_801
O=CN1CCN(c2ccccc2C(=O)NCCc2ccccc2)c2ccccc21,-7.1,3.668754193010556,24_802
COc1ccc2ncc(-c3ccc(N(C)C)cc3)n2n1,-6.1,3.692394341507816,24_803
O=C(Nc1ccccc1)C1CCCN1C(=O)c1cccc(C(=O)N2CCC3(C=Cc4ccccc43)CC2)c1,-8.5,3.443647764418964,24_804
[CH]1c2ccccc2-c2ccccc2NCC2=NCCN12,-6.8,1.2546386221001375,24_805
O=C(c1cccc(S(=O)(=O)N2CCOCC2)c1)N1CCN(S(=O)(=O)c2cccc(-c3ccc(F)cc3)c2)CC1,-8.1,3.4936373543945347,24_806
O=Cc1cccnc1N(CCO)C(Cc1cccc(F)c1)=Nc1cccc(C(F)(F)F)c1,-6.9,3.4549209543161092,24_807
Nc1c(C(=O)c2cccc(C(F)(F)F)c2)cccc1N1C(=O)c2ccccc2C1=O,-8.0,3.576201607986401,24_808
Fc1ccc(CNc2nc3ccccc3c3c2c2ccccc2n3-c2ccccc2)cc1,-8.4,3.322474503123243,24_809
Fc1cccc(Nc2nc(Nc3cccc(F)c3)nc(Nc3cccc4ccccc34)n2)c1,-10.4,3.435281639847931,24_810
O=C(Nc1ccc2c(c1)OCO2)C1N=CCc2ncccc2-c2ccccc21,-7.8,1.8101193797121367,24_811
O=C(N=CCc1cc(O)cc2cc(S(=O)(=O)O)ccc12)c1ccccc1C(=O)Nc1ccc(-c2ccccc2)cc1,-7.7,3.058867188511794,24_812
O=C(c1cccc(C(F)(F)F)c1)N1CCN(c2nc3ccccc3nc2NC2CC2)CC1,-7.7,3.6722132387636117,24_813
O=C(NCCN1CCOCC1)N1c2ccccc2C=Cc2ccccc21,-7.1,2.6789129946257626,24_814
O=C(c1cc(F)cc(C(F)(F)F)c1)N1CCC(C2CCN(C=CC=C3C=Cc4ccnc(c4)Cn4c3nc3ccccc34)C2)CC1,-8.7,0.976490781155543,24_815
O=C(c1ccccc1Nc1ccc2ccccc2c1)C(F)(F)F,-7.5,3.581020664578217,24_816
O=C(c1ccc(-c2ccc3c(ccc4ccccc43)c2)cc1)c1cccc(-c2ccc3ccccc3c2)c1,-8.9,2.7550575380639626,24_817
O=C(CCc1nc(=O)c2ccccc2[nH]1)Nc1ccc(-n2ccnc2)cc1,-7.3,3.661940587802947,24_818
COc1ccc(-c2cccc(NC(=O)c3cccc(Cl)c3)c2)nn1,-6.9,3.8042745115338734,24_819
CC(C)NC(=O)c1cccc(-c2ccc(-c3ccc(F)c(C(=O)N=C4C=CCC4)c3)cc2)c1,-7.9,3.5858289668472114,24_820
O=C(O)c1ccc(C(=O)/C(=C\c2ccc(F)c([N+](=O)[O-])c2)SCc2ccc(F)cc2)cc1,-7.0,3.379259055201296,24_821
O=C(c1ccc(Nc2ncnc3ccsc23)cc1)N1CCC(c2cccc(F)c2F)CC1,-7.7,3.6887762930291963,24_822
O=C(c1cc(Cc2n[nH]c(=O)c3c2NCCC3)ccc1F)N1CCN(c2cccc(F)c2)CC1,-9.2,3.6459261947647112,24_823
O=C(Nc1cccc(-c2cnc3c(NC(=O)c4ccccc4)cccn23)c1)c1cnc2cccnc2c1,-7.7,3.4849235060388857,24_824
Cc1ccc(-c2nn(-c3ccccc3)cc2/C=C(\C#N)c2ccc(Cl)cc2Cl)cc1,-7.9,3.464802052343841,24_825
COc1cc(C(=O)Nc2ccccc2-c2cccc(-c3cccc4ccccc34)c2)cc(OC)c1OC,-8.8,3.3923794526438376,24_826
COc1cc(-c2cnc3c(-c4cccc(N5CCNC(C)(C)C5)c4)cccn23)ccc1-n1cnc(C)c1,-8.5,3.4906205786708426,24_827
C=CCNC(=O)C(COc1ccc2[nH]c(=O)c(C#N)c(-c3cccc4ccccc34)c2c1)N=C(C)c1ccccc1,-7.8,3.230048903320016,24_828
O=C(c1cccc(-c2cnc3ccc(-c4ccccc4)nn23)c1)N1CCN(c2cccc(C(F)(F)F)c2)CC1,-8.4,3.4345416806138855,24_829
O=C(Nc1ccc(S(=O)(=O)Nc2ncccn2)cc1)c1cccc(-c2cccc3ccccc23)c1,-8.2,3.5069170010191626,24_830
O=C(Nc1cccc2cc(-c3cccc(NC(=O)c4ccccc4Cl)c3)cnc12)c1ccccc1,-7.5,3.4286672850162456,24_831
O=C1C=CC=C(F)CCC(n2ncc3cc(-c4ccc5c(c4)OCCO5)ccc32)CC=CC=N1,-8.6,1.3662839917292473,24_832
O=C(COC(=O)c1ccc2ccccc2n1)Nc1cccc(S(=O)(=O)N2CCOCC2)c1,-7.3,3.6130660970153583,24_833
Cc1cccc(C2=C(c3cccc(C(=O)O)c3)C(=O)N(Cc3ccccc3O)C2=O)c1,-6.9,3.648977380542603,24_834
O=Cn1cc2cc(NC(=O)c3ccccc3NC(=O)c3ccc(F)cc3)c3cccc2c31,-8.1,3.5189519125793063,24_835
Cc1ccc(Cc2[nH]nc3cc(O)c(C(=O)N(C)c4ccc5c(c4)OCO5)cc23)cc1,-7.5,3.6713496853210392,24_836
COc1ccccc1N1N=C2C=CC(c3ccccc3C(F)(F)F)=CN2C=C1c1ccccc1[N+](=O)[O-],-7.2,3.396797800151102,24_837
CN1CCN(c2ncc3c(n2)CCN(c2ccc4cc[nH]c4c2)C3)CC1,-7.4,3.6548539466930325,24_838
O=C(Nc1ccc(Oc2cccc(Nc3ccccc3)c2)c(Cl)c1)c1cc2ccccc2o1,-7.3,3.439627876191161,24_839
O=C(Nc1ccc(N2CCOCC2)cc1)c1cnc2ccc(-c3cccc(-c4nc5ccccc5[nH]4)c3)cc2c1,-7.6,3.393947301165361,24_840
Oc1ccccc1Cc1[nH]ncncccc1-c1ccccc1Cl,-6.3,1.5171034406114723,24_841
Cc1ccc(S(=O)(=O)Nc2cccc(-c3ccc(C4=NC(C)CN4)cc3C)c2)cc1,-7.7,3.7368695045150666,24_842
O=C(c1cccc(S(=O)(=O)Nc2cccc(Cl)c2O)c1)N1CCN(c2ccccc2F)CC1,-7.7,3.6545189465143246,24_843
Cn1cc(-c2ccc(-c3ccc4c(c3)CCn3c-4cc(OCC4COCCO4)nc3=O)cc2)cn1,-7.0,3.480396816309302,24_844
COc1ccccc1C(=O)NC(=O)COc1ccccc1-c1nc2ccccc2[nH]1,-6.5,3.661426734735035,24_845
O=C(Nc1ccc(C(=O)O)c(OC2=CC=CC/C2=C/c2ccccc2)c1)c1cccc(-c2cccc(C(F)(F)F)c2)c1,-7.6,3.320954110370021,24_846
Cc1cnc(C(=O)N2CC[C@H](c3cccs3)C2)cc1N1CCc2ccccc2C1,-7.3,3.59725917768076,24_847
Nc1ncnc2cc(-c3cccc(NC(=O)c4ccccc4C(F)(F)F)c3)ccc12,-8.0,3.6576490962869497,24_848
O=C(Nc1cccc(CN2CCC(C(=O)NC3CCCCC3)CC2)c1)c1ccccc1-c1ccccc1,-7.0,3.4410926034146025,24_849
C[C@H](Nc1ncc(F)c(N2C(=O)OC[C@@H]2[C@@H](C)O)n1)c1ccc(Cl)c(-c2cccc(Cl)c2)c1,-8.0,3.6639197132930845,24_850
O=C(Nc1nnc(-c2ccc(Oc3ccc4c(c3)OCO4)cc2)s1)c1ccccc1,-7.9,3.656733486095483,24_851
O=C(Nc1cccc(-c2cccc(-c3cc4ccccc4cc3-c3ccccc3)c2)c1)c1ccccc1-c1ccccc1,-8.1,2.894474945828826,24_852
O=C(c1ccc(Nc2nc3ccccc3n3nnnc23)cc1)N1CCN(c2ccccc2F)CC1,-8.9,3.5075688422670264,24_853
O=C(Nc1ccc(Oc2ccnc3[nH]ccc23)c(F)c1)c1ccc(-c2cccc(-c3ccc(F)cc3F)c2)cc1,-7.3,3.3156138662556165,24_854
CC(C#N)(COc1cc(Cl)c(Cl)cc1Cl)NC(=O)c1ccc(C(F)(F)F)c(C(F)(F)F)c1,-7.2,3.496782251916277,24_855
Cn1c(-c2cccc(-c3cccc(-c4ccc(NC(=O)Nc5ccccc5)cc4)c3)c2)nc2ccccc21,-8.4,3.223561488915525,24_856
CN(C)c1cccc(-c2cccc(-c3ccc4c(-c5nc(N[C@H]6CCCNC6)ncc5C(F)(F)F)c[nH]c4n3)c2)c1,-8.2,3.313627069063897,24_857
OC=c1cnc(-c2cc3ccccc3[nH]2)nc1=CNCc1cccc(F)c1,-7.8,3.6094078946290864,24_858
O=C(Nc1ccc(Nc2nc(-c3cccs3)cc(=O)[nH]2)cc1)c1cccc2ccccc12,-8.2,3.469193287998396,24_859
O=C(/C=C/c1ccc2c(ccc[n+]2[O-])c1)c1cccc(-c2cccc(-c3ccc(F)c(F)c3)c2)c1,-8.7,3.0505630526111127,24_860
O=C(Nc1ccc2c(c1)OCCO2)c1ccccc1-c1nc(-c2cccc(C(F)(F)F)c2)cs1,-8.8,3.6234227712873546,24_861
Cc1ccccc1Oc1nc2ccccc2nc1-c1ccc2c(c1)OCO2,-8.0,3.5999546960939206,24_862
O=C(CN1C=Nc2ccccc2S1(=O)=O)NCc1ccc2c(c1)OCO2,-7.3,3.6042469420875185,24_863
O=C(NCc1ccccc1)c1nc2ccccc2nc1Nc1ccccc1I,-8.4,3.598368006258216,24_864
O[C@@H]1Cc2ccccc2C[C@H]1Nc1nc(-c2ccccc2)cc2ccccc12,-8.3,3.533631049870204,24_865
Cn1cc(-c2ccncc2/C=C/C(=O)Nc2ccc(CN3CCOCC3)c(F)c2)cn1,-7.1,3.6986571533565007,24_866
O=C1Nc2ccccc2C(=O)N2CCc3ccccc3C12,-7.1,2.4861941001719114,24_867
O=C(Nc1cccc(-c2ccc(-c3ccccc3)nc2)c1)c1ccccc1Cl,-7.1,3.541176098453274,24_868
Cc1ccc([C@@H](c2cc(-c3ccccc3O)nn2C)n2ccnc2C2CC2)cc1,-7.5,3.6850921270910364,24_869
Cc1cccc(C)c1C1=CCN2C(=O)c3ccccc3S(=O)(=O)N[C@@]12C,-7.8,2.6473647963266487,24_870
O=C(Nc1ccc(F)cc1F)N1CCN(c2ccc([N+](=O)[O-])cc2)CC1,-7.6,3.6427807999512423,24_871
O=S(=O)(C=CC=CC=CCl)Nc1ccc(-c2cccc(-c3ccccc3O)c2)cc1,-6.6,3.5820298865587414,24_872
O=C(c1cc2ccccc2[nH]1)N1CCN1c1nc(-c2ccc(F)cc2)nc2ccccc12,-8.8,3.574108304348242,24_873
Cc1ccc(C)c(NC(=O)CSc2nnc3ccc(-c4ccccn4)nn23)c1,-7.7,3.6440810603128844,24_874
CS(=O)(=O)Nc1ccc(Oc2ccc3ccccc3c2)cc1,-6.3,3.7553071638919002,24_875
COc1ccc(Nc2cc(-c3cccc(-c4cccc(C(=O)N5CCOCC5)c4)c3)ncn2)cc1,-8.6,3.644255933061551,24_876
O=C(Nc1ccc2c(c1)OCO2)c1cccc(-c2cccc(-c3nc4cc(C(F)(F)F)ccc4[nH]3)c2)c1,-8.1,3.456818328905486,24_877
O=C(c1cccc(-c2cccc(Nc3nccc(C(F)(F)F)n3)c2)c1)N1CC2CCC1C2,-8.7,3.6714034360046126,24_878
O=C(Nc1nccs1)c1cc(-c2ccccc2Cl)nc2ccccc12,-8.0,3.717718131485488,24_879
Oc1[nH]c2ccccc2c1-c1cc(-c2ccccc2)nc2ccccc12,-8.1,3.3837757822902166,24_880
NC(=O)C=C1C=CC(c2cc(C(F)(F)F)ccc2-c2cccc3cc(S(=O)(=O)Nc4ccncn4)ccc23)=C1,-8.4,3.3593489917355384,24_881
O=C(Nc1ccc(Cl)cc1)c1ccccc1-c1cccc(-c2ccc(N3C(=O)c4ccccc4C3=O)cc2)c1,-7.7,3.3197107598289453,24_882
O=c1[nH]c(N2CCOCC2)nc(Nc2ccccc2)c1-c1ccc2ccccc2c1,-8.4,3.685632261942944,24_883
Fc1ccccc1-c1ccc(-n2nc(-c3ccccc3)nc2Nc2cccc(C(F)(F)F)c2)cc1,-9.6,3.3322631613398412,24_884
O=C(Nc1cccnc1C(=O)Nc1nccs1)c1ccccc1Cl,-7.6,3.7546586964592477,24_885
CC(C)(C)c1ccc(C(=O)Nc2ccc(-c3cccc(-c4ccccc4Oc4ccccc4)c3)cc2)cc1,-7.3,3.154289919339716,24_886
COc1cc(C2=NN(C(C)C)C(=O)C3CC=CC[C@H]23)ccc1-c1cc2ccccc2c2ccccc12,-8.1,3.232083302885343,24_887
O=C(Cn1nccn1)Nc1cccc(-c2cccc(-c3nc4cc(C(F)(F)F)ccc4n3C3CCCC3)c2)c1,-7.6,3.4395827751720836,24_888
O=C(CC=NC(F)c1cccc(S(=O)(=O)Nc2ccc3c(c2)CCC3)c1)c1cccc(C(F)(F)F)c1,-6.6,3.328937914021645,24_889
Cn1cc(C(N)=O)c2c1-c1nc(Nc3ccn(CC4C=CC=CC4)n3)ncc1CC2,-7.6,3.610019301192324,24_890
O=C(O)c1ccc(-c2cccc(Nc3nccc(C(F)(F)F)n3)c2)cc1,-7.5,3.7382832014973237,24_891
O=C(Nc1cccc(-c2cccc(-c3ccc(F)cc3)n2)c1)c1cccc(Cl)c1,-7.7,3.5667858095087506,24_892
CC(C)=CC(=O)O[CH]c1c([C@H](NC(=O)C(=O)CN)[C@@H](O)[C@H](C)O)cc2c(c1O)C(=O)c1ccccc1C[C@@H]2O,-7.0,1.867905848052681,24_893
O=C(Nc1cccc(-c2cccc(-c3nc4ccccc4[nH]3)c2)c1)c1ccc(-c2ccccc2)cc1,-7.2,3.3039417341933515,24_894
O=c1[nH]c(-c2ccccc2C2=CC(=CC3=CC(=COS(=O)(=O)c4cccc(C(F)(F)F)c4)C=C3)C=C2)nc2ccccc12,-9.5,3.1746059120803625,24_895
O=C(Nc1cc(-c2ccccc2F)cn(-c2ccccc2F)c1=O)c1cc2ccccc2[nH]1,-8.7,3.5302279741791605,24_896
COc1cccc(CN(C)C(=O)c2cccc(-c3cccc(-c4ccccc4OC)c3)c2)c1,-8.0,3.4799420543283106,24_897
CN1C=Cc2cc3c(ccc2N1)ccc1cc(=Nc2ncccn2)ccc13,-7.9,2.6493763946541202,24_898
O=C(Nc1cc2ccccc2oc1=O)c1ccc2c(c1)OCO2,-7.6,3.679008762740767,24_899
Cc1ccc(-n2cc(CNCCN3CCOC3=O)c(-c3cccc(F)c3)n2)cc1C,-7.9,3.7122694780932903,24_900
COc1ccc(-c2ccccc2)cc1-c1cccc(NC(=O)c2ccccc2)c1,-7.5,3.3948027593421033,24_901
COC=C(C=Cc1ccccc1)N1C2=NC(c3cccc([N+](=O)[O-])c3)=CC2=C1c1ccccc1,-8.0,3.1352946287569354,24_902
O=S(=O)(c1cccc(-c2ccccc2)c1)N(Cc1cccc(OCCc2ccccc2)c1)Cc1cccs1,-7.6,3.251084467491493,24_903
Cc1cccc(Nc2nc(-c3ccc4c(c3)ncn4CCN3CCOCC3)cs2)c1C,-6.7,3.6584711897395836,24_904
Cc1cccc(-c2ocnc2C(=O)Nc2cnn(CCNc3nc(C)cc(C)n3)c2)c1,-7.5,3.557727601160792,24_905
COc1cc2oc3cc(O)cc(O)c3c(=O)c2cc1OC(C)=O,-6.7,3.4703863752322404,24_906
O=C1c2ccccc2C(=O)N1c1c2cccccc(NC(Nc3ccccc3)c3cccc4ccccc34)cc1-2,-8.5,0.8097728482283877,24_907
Fc1ccc(C2=Nc3ccccc3N=C(c3ccco3)C2)cc1,-7.9,2.636102153317776,24_908
O=C(Cn1c(=O)[nH]c2cn(-c3ccccc3)c(=O)n21)N1CCN(c2ccc(-c3nccs3)cc2)CC1,-7.6,3.4186016972648243,24_909
O=C(c1cccc(-c2cccc3c(=O)cc(N4CCOCC4)oc23)c1)N1CCOCC1,-7.7,3.616628427446833,24_910
CON=C(C(=O)NC1C(=O)N2C(C(=O)[O-])=C(CSc3nccc(N)n3)CSC12)c1cccc(C)c1,-7.1,2.772142051805726,24_911
O=C(Nc1ccccc1)c1cccc(-c2cccc(-c3cccc4c(=O)cc(-c5ccccc5)oc34)c2)c1,-9.4,3.3182297173209783,24_912
O=C(c1cc2c([nH]1)=CC=NC(c1cncc(-c3cnn(C4CCNCC4)c3)c1)C=2)N1CCN(c2ccccc2F)CC1,-8.8,2.342147898390972,24_913
COc1ccc(N(Cc2ccc(C#N)cc2)C(=O)c2cccc(C(F)(F)F)c2C)cc1-c1ccccc1,-7.9,3.4608657749184317,24_914
Cc1ccc(-c2cc3ncccc3cn2)cc1NC(=O)c1cccc(-c2cccs2)c1,-7.1,3.4311356567058175,24_915
Cc1cccc(-c2cccc(NC(=O)c3cccc(C#N)c3)c2)c1C,-7.2,3.6340585723647054,24_916
O=C(c1ccccc1)c1ccc(-c2cccc(-n3cc(-c4ccccc4Oc4ccccc4)nn3)c2)cc1,-7.8,3.2881097466599467,24_917
O=C(Cn1c(=O)n(CC2CCC3(CCCCC3)C2)c(=O)c2ccccc21)Nc1cccc(F)c1,-7.7,3.6451898491642347,24_918
O=C(c1ccc2cc(Oc3ccc(C(F)(F)F)cn3)ccc2n1)N1CCC(c2cc[nH]n2)C1,-7.9,3.690992952082121,24_919
O=C(O)c1cccc(S(=O)(=O)Nc2cccc(-c3ccc(C(=O)c4cccc(O)c4)cc3)c2)c1,-7.5,3.4634453127828113,24_920
CNC(=O)/C(=N\OC)c1ccccc1Oc1cccc(-c2ccccc2F)c1,-7.0,3.65573288543946,24_921
O=Cc1ccccc1N1CCOc2cc(F)ccc2N1,-6.6,2.696015178905859,24_922
NS(=O)(=O)N1CCN(c2cccc3c2ccn3-c2cccc(C(F)(F)F)c2)CC1,-7.0,3.74316119584666,24_923
O=c1oc2ccccc2n1Cc1ccccc1,-5.6,3.524897384633813,24_924
O=C(O)c1csc(Nc2cccc(-c3cccc(C(=O)N4CCOCC4)c3)c2)n1,-7.7,3.715606537233803,24_925
O=C(c1ccccc1)c1cccc(-c2cccc(-c3ccc(F)c(Cl)c3)c2)c1,-7.6,3.2330752353207526,24_926
O=C1CCN(C(=O)c2cc3ccccc3c3cccc(Cl)c23)CC1,-7.7,3.5178632623515504,24_927
NC(=O)C=Cc1c[nH]c(-c2cccc(-c3cccc(-c4cccc(C(F)(F)F)c4)c3F)c2)nocn1,-9.0,1.5292605695857207,24_928
O=C(Nc1ccc(Nc2nc(N3CCOCC3)nc(N3CCOCC3)n2)cc1)Nc1cccc(C(F)(F)F)c1,-8.9,3.299754105319627,24_929
O=C(NCc1cccnc1)c1cc(S(=O)(=O)N2CCOCC2)ccc1N1CCC1,-7.1,3.62982401760335,24_930
O=S(=O)(Nc1ccc(CCNC[C@H](O)c2cccnc2)cc1)c1ccc(-c2nc(-c3ccccc3OC(F)(F)F)co2)cc1,-6.1,2.9901935483894744,24_931
CC=CC=C1C=c2[nH]c(nc2C=CC)=C(c2cc(NC(=O)c3ccc(Br)o3)cc(N3CCN(C)CC3)c2)C(c2ccccc2)=NS1(=O)=O,-6.8,1.050033952180708,24_932
Cc1ccc(CC=C2C=NN(Cc3nc(C)c4ccccc4n3)N2C)cc1C,-8.1,3.695816804270674,24_933
O=C(NN=C(NC[C@@H]1NN=C1c1ccccc1C(F)(F)F)c1cccc([N+](=O)[O-])c1)c1ccccc1,-8.6,3.2439237620855046,24_934
O=C(Nc1cccc(-c2cccc(-c3nc4ccccc4[nH]3)c2)c1)c1ccccc1F,-8.600000000000001,3.4293586076098226,24_935
NC(=O)c1cccc2c1NCC2=NCc1cccc(NC(=O)c2cc(F)cc(F)c2)c1N,-8.1,3.4735768845685504,24_936
O=C(Nc1cccc(Oc2ccccc2)c1)c1cccc(Nc2ccc3c(c2)CCc2ccccc2C3=O)c1,-8.3,2.3613746177401715,24_937
COC(=O)c1ccc(NC(=O)CSc2nnc(-c3ccccc3COc3ccc(Cl)cc3)o2)cc1,-6.3,3.390327936370044,24_938
O=C(Nc1ccc(-c2cccc(-c3cccc(C(=O)N4CCCC4)c3)c2)cc1)c1cccnc1,-7.8,3.578476882364556,24_939
O=c1c2ccccc2nc2c3ccccc3cnn12,-7.1,3.371845080592773,24_940
Cc1ccc(NC(=O)c2ccc([N+](=O)[O-])cc2N2CCOCC2)cc1-c1ccccc1C(=O)Nc1cccc(C(F)(F)F)c1,-7.3,3.271299817272815,24_941
O=C(Nc1cccc(C(F)(F)F)c1)c1cnc(N2CCN(C(=O)NS(=O)(=O)c3ccccc3Cl)CC2)c(Cl)c1,-8.3,3.5172780303394093,24_942
O=C(c1ccc(-n2cnc3ccccc32)cc1)N1CCCc2ccccc21,-7.2,3.5517150847986403,24_943
O=C(c1ccccc1)c1cccc(C(C(=O)Nc2ccc3ccccc3c2)c2ccccc2)c1,-8.8,3.2144449051211064,24_944
O=C(CSc1nccc(-c2cc3ccccc3nc2N2CCCC2)n1)Nc1cccc2ccccc12,-6.4,3.3926835991782545,24_945
O=C(Nc1cccnc1)c1ccc(-c2cccc(F)c2)c2ccsc12,-7.1,3.6618714034944473,24_946
O=C(Nc1ccc(Cl)cc1)N(Cc1ccccc1-c1ccc(C(F)(F)F)cc1)c1ccccc1-c1nc2ccccc2s1,-7.6,3.154906868744787,24_947
O=C(Nc1cccc(-c2cccc(-c3nc4ccccc4[nH]3)c2)c1)c1ccccc1,-8.55,3.442730724240592,24_948
O=C(Nc1ccccc1C(=O)Nc1ccc(-c2cccc3ccccc23)cc1)Nc1cccc(F)c1F,-8.3,3.283919186354029,24_949
O=C1N=CN=CC(c2ccc3c(c2)C(=O)c2ccccc2C3=O)C2CC1=CC=CO2,-8.5,1.2832468875264507,24_951
Nc1ccc2cc3c(cc2c1)oc1ccccc13,-6.9,3.3278987947152334,24_952
Oc1[nH]c2ccccc2c1-n1c2ccccc2c2nc3ccccc3nc21,-9.2,3.510816059323945,24_953
COc1ccc(-c2ccc3nccc(-c4cccc(C(F)(F)F)c4)c3c2OC)c(OC)c1,-7.1,3.579705911691832,24_954
O=C(Nc1ccc(Oc2ccccc2)cc1)c1cncc(-c2cccc(-c3cccs3)c2)c1,-7.4,3.45736190511817,24_955
O=C(Nc1ccc2c[nH]nc2c1)c1cccc(-c2cc(F)c(F)c(F)c2)c1,-7.8,3.5433877594860492,24_956
C=C1C=CCC1=Cc1c(O)[nH]c2ccc(-c3csc(-c4ccccc4)n3)cc12,-8.1,3.5155328248143043,24_957
O=C(NCCN1CCOCC1)c1cccc(-c2ccccc2-c2ccccc2F)c1,-6.9,3.692325290002171,24_958
O=C(Nc1ccc2c(c1)OCO2)Nc1c(N2CC=C(c3ccccc3)CC2)ccc2c1ccc1cc3nc4ccccc4cc3cc12,-8.9,2.9503330647727464,24_959
O=C(Cn1c(-c2cccc3ccccc23)nc(Cl)c1Cl)NCc1ccccc1F,-7.8,3.6590278103527725,24_960
CC1=C(C)CCC(=Nc2nn(-c3ccc(F)cc3)c(=O)c3[nH]c4ccccc4c23)C=C1,-8.5,2.6596992794679872,24_961
O=C(Nc1cccc(Sc2ccccc2)c1)c1ccc(Nc2ccc3ccccc3n2)nc1,-7.6,3.4872276139128235,24_962
C(=CN1CCOCC1)c1ccc(-c2cccc(-c3cc4ccc(C5=NCCN5)cc4[nH]3)c2)cc1,-7.3,3.5117583653248605,24_963
Cc1cc(O)cc(O)c1C(=O)OC[CH]O[C@@H]1CC=CC=C(C[CH]O)Cc2c(cccc2-c2cccc(OC(=O)CCl)c2)O1,-6.3,0.7729213359583884,24_964
N#CC(C(=O)NCc1ccccc1Cl)c1nc2ccccc2nc1N1CCN(C(=O)c2ccccc2F)CC1,-9.0,3.579646801277911,24_965
NS(=O)(=O)c1cncnc1Nc1cccc(C(F)(F)F)c1,-6.5,3.5788906033119643,24_966
O=CN=C1CN=CC(C=Cc2ccc3cc(-c4cc(F)ccc4F)ccc3c2)NCN1,-8.0,1.8074192832632363,24_967
O=C(c1cccc(F)c1)N1CCN(C(=O)c2cc(Cc3n[nH]c(=O)c4c3CCCC4)ccc2F)CC1,-8.7,3.6649546647008604,24_968
O=C(c1ccccc1-c1nc2ccccc2s1)N1CCN(c2ccccc2)CC1,-7.2,3.6093404964266593,24_969
O=C(c1cccc(Cc2n[nH]c(=O)c3ccccc23)c1)N1CCN(S(=O)(=O)c2ccc3c(c2)OCCO3)CC1,-8.5,3.446835659244947,24_970
CN(C(=O)c1cccc(-c2cccc(-c3ccc(F)c(F)c3)c2)c1)c1cccc(-c2cccc(F)c2)c1,-9.4,3.025087114796049,24_971
O=C(O)c1cc(Br)cc(C(=O)/C=C/c2c(Cl)cccc2Cl)c1O,-6.5,3.6176711175685297,24_972
O=C(CSc1ccccc1)Nn1cnnc1-c1cccc(-c2cccc3ccccc23)c1,-7.2,3.4070259530606926,24_973
O=C(NCc1cccc(-c2ccc(F)cc2)c1)c1cccc(-c2ccccc2)c1-c1ccc2ccccc2c1,-6.5,2.986030324504052,24_974
O=C(c1ccncc1)N1CCN(C(=O)c2cc(Cc3n[nH]c(=O)c4c3NCCC4)ccc2F)CC1,-8.4,3.570856943046934,24_975
Nc1nc(-c2ccc(Cl)o2)nc2c1CCCC2,-7.4,3.6455586794007178,24_976
Cc1ccc(-c2cc(Nc3cccc(C(F)(F)F)c3)cc(C(F)(F)F)c2)c2ccccc12,-8.5,3.2806367724964325,24_977
O=c1c2ccccc2c(=O)n(-c2ccccc2)c2cc(Cl)sc12,-7.2,2.6360612219911417,24_978
O=C(Nc1cccc(-c2cccc(NC(=O)C3CC3)c2)c1)c1ccc2ccccc2c1,-8.2,3.502841862791679,24_979
CC(C)[C@@H](CNc1cc(-c2ccccc2)cc2c1-c1ccccc1C2(O)c1ccccc1)NC(=O)c1ccccc1,-8.0,3.1509159958609225,24_980
O=C(c1cccc(-c2ccccc2)c1)N1CCCC(c2cccc(F)c2)=N1,-7.8,3.5527593210980934,24_981
Cc1ccccc1-c1cccc(-c2nc(-c3cccc(-c4ccccc4OC(F)(F)F)c3)no2)c1,-8.6,3.3805690356014786,24_982
CC(C)=CCC/C(C)=C/CC/C(C)=C/CNc1nc2ccccc2nc1-c1ccccc1,-6.4,3.3872848414644205,24_983
CCOc1ccccc1NC(=O)c1ccc(N2C(=O)c3ccccc3NC2c2ccco2)cc1,-7.5,3.5974908548655846,24_984
O=c1cc(-c2cccc(-c3cc(C(F)(F)F)cc(C(F)(F)F)c3)c2)[nH]c2cc(F)cc(F)c12,-9.2,3.3200317279183107,24_985
C=C[C@]1(C)C[C@@H](OC(=O)Cn2cc(-c3cc(C(F)(F)F)cc(C(F)(F)F)c3)nn2)[C@]2(C)[C@H](C)CC[C@]3(CCC(=O)[C@H]32)[C@@H](C)[C@@H]1O,-8.0,1.2061179157784538,24_986
O=C(Nc1cccc2c1CCCC2)c1ccccc1-c1nc2ccccc2n1-c1ccccc1,-8.6,3.412137287324107,24_987
O=C(C1C=Cc2c(c3ccccc3n2Cc2cccc(-c3ccc4ccccc4c3)c2)C1)N1CCCCC1,-8.0,3.1143983735357614,24_988
O=C(Cc1ccccc1)Nc1ccc(-c2ccc(C(O)(C(F)(F)F)C(F)(F)F)cc2F)cc1,-7.7,3.546825686558792,24_989
O=C(NCCc1cccc(-c2ccccc2F)c1)c1cccc(-c2ccc3c(c2)OCO3)c1,-7.5,3.566998623810906,24_990
O=C(c1cccc(-c2cccc(CN3CCOCC3)c2)c1)N1CCN(c2ccccc2)CC1,-8.3,3.5757692532235756,24_991
O=c1c2sc3ccccc3c2n(Cc2cccc(Cl)c2)c(=O)n1Cc1ccco1,-7.1,3.562847419913517,24_992
O=C(c1cccc(-c2cnc3ccc(NC4CCOCC4)nn23)c1)N1CCN(c2ccccc2F)CC1,-8.7,3.553954949214108,24_993
Cc1ccccc1C(=O)N(C1=CCC=CC=C1)c1nc(-c2ccc3c(c2)OCO3)cs1,-7.9,2.6000048781092957,24_994
N#Cc1ccc2nc(-c3ccccc3)cc(-c3ccc(NC(=O)Nc4cccc(-c5nc6ccccc6[nH]5)c4)cc3)c2c1,-7.6,3.1799556102952,24_995
O=C(c1cccc(-c2cccc(-c3nc4ccccc4[nH]3)c2)c1)N1CCOCC1,-8.9,3.660147745174301,24_996
O=C(NCc1cccc(-c2cccc(-c3nc4ccccc4[nH]3)c2)c1)c1cc2ccccc2o1,-8.6,3.3448594802716762,24_997
O=C(Nc1cc2ccccc2cc1Oc1ccc(C(=O)O)c(C(=O)O)c1)c1cc2ccccc2[nH]1,-8.4,3.3089553335476167,24_998
CC(=CC=CCC1CC=CC=NC(=O)C=CC=CC(c2ccccc2)C1)c1cc2ccc(C(=N)N)cc2[nH]1,-8.6,0.9935160598378907,24_999
O=C(Nc1ccc(C2=CCN(C(=O)c3ccccc3F)CC2)cc1)N1Cc2ccccc2C1,-6.8,3.539004138071885,24_1000
O=C1/C(=C/c2cccc([N+](=O)[O-])c2)Oc2ccccc21,-6.4,3.5191384794912004,24_1001
O=C(Nc1ccc(N2CCN(C(=O)c3ccco3)CC2)cc1)c1ccccc1,-7.3,3.7689980850929734,24_1002
O=Cc1ccccc1-c1ccccc1C(=O)Oc1cccc(Oc2ccc3c(-c4ccccc4)cc(=O)oc3c2)c1,-7.3,2.9738820302801643,24_1003
O=C(c1cccc(-c2cc(Cl)ccc2Oc2ccc(S(=O)(=O)Nc3ccccc3)cc2F)c1)N1CCC1,-8.7,3.559022009126126,24_1004
Cc1nnnn1C1C[C@]2(CN(c3cccc(-c4ccccc4F)c3)C1=O)C(=O)Nc1cccc(Cl)c12,-9.5,3.5224792761838604,24_1005
O=C(NCCc1ccccc1)c1ccccc1NC(=O)c1ccc2ccccc2c1O,-6.5,3.531650628977201,24_1006
O=C(/N=C1/c2ccccc2-c2cnccc21)Nc1cccc(-c2cccc(-c3cccc(C4=Nc5ccccc5C4=O)c3)c2)c1,-9.2,3.1790001312344627,24_1007
CC(=O)Nc1ccc(S(=O)(=O)NC2(C(F)(F)F)C(=O)Nc3c2c(=O)n(C)c2ccccc32)cc1,-7.3,3.491007036604448,24_1008
Cc1ccccc1-n1nc(C)c2c1NC(=O)C(C)S[C@@H]2c1ccc(-c2cccc(C(F)(F)F)c2)o1,-8.2,2.60078194775232,24_1009
Cc1ccccc1-c1coc2cc(OC(=O)c3cccc(F)c3)ccc2c1=O,-6.9,3.525146895369179,24_1010
O=C(COc1ccc(Cl)cc1)Nc1cccc(-c2cccc(-c3ccccc3F)c2)c1,-8.6,3.4352964386446057,24_1011
O=c1sc2ccccc2n1Cc1ccc2c(c1)Oc1ccccc1S2,-7.2,3.566979514674091,24_1012
O=C(NC(C(=O)N1Cc2ccccc2C[C@H]1c1ccccc1F)c1ccccc1)c1cc2ccccc2[nH]1,-8.9,3.3642789341952257,24_1013
Cc1cc(-c2ccc(Cl)c(F)c2F)c(-c2cccc(S(=O)(=O)Nc3nc4ccc(F)cc4s3)c2)s1,-7.9,3.3793024917679144,24_1014
O=C(Nc1cccc2c1CCCC2)c1cccc(-c2cccc(C(=O)N3CCCCC3)c2)c1,-9.1,3.515802133231185,24_1015
N=C(N)Nc1cccc(-c2nc3ccccc3[nH]2)c1,-7.2,3.3311811513856044,24_1016
CC=CC(=Cc1ccc(OCc2cccc(C(=O)Nc3cccc4c3C(=O)NC4=O)c2)cc1)C(F)(F)F,-7.2,3.5136912518295516,24_1017
Cn1c2ccccc2c2nc(-c3ccc4c(c3)OCO4)n(-c3ccccc3)c(=O)c21,-7.7,3.5083251686023242,24_1018
O=C1c2ccccc2C(=O)N1CCOC(=S)N(C(=O)c1ccccc1-c1ccccc1)c1ccccc1,-7.6,3.4354147140187834,24_1019
O=C(c1ccc(Cl)cc1)N(Cc1cccc(-c2cccc(-c3ccccc3OC(F)(F)F)c2)c1)C(=O)c1cccc(=O)n1O,-8.0,3.2324368335732405,24_1020
Oc1cccc(-c2cccc(Nc3cc(-c4ccccc4)ccn3)c2)c1,-8.2,3.550937115628676,24_1021
Cc1cccc2[nH]c(-c3cccc(-c4cccc(C(=O)NCCCN5CCOCC5)c4)c3)nc12,-8.4,3.5539074341093997,24_1022
C=CCC(NC(=O)c1cccc(-c2ncc[nH]2)c1)C(=O)Nc1ccc(-c2cccc3ccccc23)cc1,-7.2,3.2665104169441577,24_1023
O=C(Nc1ccc2ccc(-c3ccccc3F)cc2c1)c1cccc(N2c3ccccc3Nc3ccccc32)c1,-8.2,3.191007251647154,24_1024
O=Cc1cccn1-c1cc2ccccc2cc1Oc1cccc(Nc2cccc(-c3ccc(F)cc3)c2F)c1,-8.6,3.2540235194714056,24_1025
O=C(CN1C(=O)CSc2ccc(S(=O)(=O)N3CCOCC3)cc21)Nc1ccccc1Cl,-6.9,3.603827488836356,24_1026
O=C(Nc1cccc(Nc2ccnc3ccccc23)c1)c1cc(-c2ccncc2)nc2ccccc12,-8.5,3.45571013563535,24_1027
O=C(Nc1ccc2ccccc2c1)c1cc2ccccc2nc1N1CCC(Cc2ccccc2)CC1,-8.4,3.3566714454088715,24_1028
O=C(Nc1cccc(-c2cncc(NC(=O)c3cccc([N+](=O)[O-])c3)c2)c1)c1ccc(Cl)cc1,-7.4,3.4816940411607993,24_1029
O=C(Nc1cccc(-c2ccncc2-c2cc(F)ccc2Nc2ccc(F)cc2F)c1)c1cccnc1,-7.7,3.447672820427079,24_1030
O=C(Nc1cccc(C(=O)N2CCN(C(=O)c3ccccc3Cl)CC2)c1)c1nc2ccccc2s1,-7.7,3.650250999095113,24_1031
COc1cccc(CNc2ccc(C(=O)Nc3ccccc3N)cn2)c1OC,-6.8,3.594735587861797,24_1032
O=C(Nc1cccc(-c2cnco2)c1)N1c2ccccc2CCc2ccccc21,-9.4,2.6213313761561445,24_1033
C=CC=C(N=CC1C=CC(=COC)C=C1)c1ccc2sc3ccccc3c2c1-c1ccccc1,-7.1,3.129254758182542,24_1034
O=C(Nc1cccc(-c2ccccc2F)c1)Nc1ccc2ncnc(Nc3cccc(C(F)(F)F)c3)c2c1,-9.4,3.1843854388044335,24_1035
O=C(COC(=O)c1cc(=O)[nH]c2ccccc12)Nc1nc2ccccc2[nH]1,-7.7,3.501612684928875,24_1036
O=C1C=CC=CC(c2ccccc2C(=O)Nc2cccc3ccccc23)COCc2ccc(-c3cccc(C(F)(F)F)c3)cc2N1,-9.2,1.2121534598399482,24_1037
Nc1ccccc1-c1ccc(C(=O)Nc2ccccc2)nc1,-6.7,3.6453021833426025,24_1038
O=C(/C=C/c1ccc(-c2cccc([N+](=O)[O-])c2)o1)c1cccc(N2C(=O)c3ccccc3NC2c2ccoc2)c1,-8.1,2.9543409053351075,24_1039
COc1ccc(S(=O)(=O)N(Cc2ccc3c(c2)C=CC(C)(C)O3)c2ccccc2)cc1,-7.7,3.6874809267680417,24_1040
O=C(Nc1cccc(C(F)(F)F)c1)N[C@H]1CC[C@H](Oc2ccc(F)cc2)CC1,-6.9,3.5974969878473533,24_1041
O=C(NC(c1ccccc1)c1cccc(-c2cc(C(F)(F)F)cc(-c3ccccc3)n2)c1)c1ccccc1,-8.2,3.2887478939657795,24_1042
O=c1oc2ccccc2c2nn(Cc3ccc(Br)cc3)cc12,-7.3,3.5849581322547204,24_1043
O=C(Nc1ccccc1)Nc1nccc(-c2ccccc2-c2ccccc2C(=O)N2CCOCC2)n1,-6.8,3.5970826558642903,24_1044
O=CC=CC#Cc1cccc(-c2ccc(Cl)c(NC(=O)C3CC[CH]NC(=O)C3)c2)c1,-6.9,2.5678383853485776,24_1045
Oc1c(C(Nc2ccccn2)c2cccc3ccccc23)ccc2ccccc12,-8.2,3.305766376271565,24_1046
CC(NC(=O)OCc1ccccc1)C(=O)NC(C)C(=O)NN(CC(N)=O)C(=O)/C=C/C(=O)NCc1ccccc1,-6.4,2.8826176652538624,24_1047
O=C(Nc1nc2ccc(F)cc2s1)c1cccc(F)c1NS(=O)(=O)c1cccc2cccnc12,-7.8,3.5114196010510614,24_1048
O=C1NCC2=CC(c3ccc4c(ccc5ccccc54)c3)=CC=c3ccccc3=C12,-8.8,1.2668277942980657,24_1049
O=C(Nc1cccc(CO)c1)c1cc(F)cc(C(=O)Nc2ccccc2C(=O)Nc2cccc3ccccc23)c1,-8.5,3.127494724223242,24_1050
CN(C)c1nc(-c2ccccc2)nc(Nc2cccc([N+](=O)[O-])c2)c1N,-7.6,3.587829667120193,24_1051
Cc1ccc(-c2ccc(-c3cccc(-c4cccc(C(=O)N[C@@H]5CCCc6ccccc65)c4)c3)cc2)cc1,-8.1,3.0461976165037385,24_1052
O=C(c1ccc2c(n1)=CCC=2)N1N=C(c2ccccn2)CC1c1ccc(F)cc1,-8.2,3.628204118877275,24_1053
Cc1cccc(NC(=O)c2ccc3nc(N)sc3c2)c1,-6.4,3.70851328552833,24_1054
O=C(c1cccc(Cl)c1)N1CCC(Nc2nc3ccccc3n2-c2cccc(F)c2)CC1,-7.8,3.677412408288263,24_1055
O=C1C=CC=CC(c2ccccc2)C[C]2CO[C@@H](C=C3C=CC(c4ccc5ccccc5c4)=C3)[CH]CC=C2C=CO1,-9.2,1.082228212443868,24_1056
O=C(N[C@H]1CCN(c2ccc(F)cc2F)C1)c1cccc(-c2ccc3c(c2)CCO3)c1,-7.6,3.627589515359788,24_1057
C=C[N+](=CC=CC(=O)NCc1ccccn1)Cc1cccc(-c2cccc(C[n+]3cccc(Br)c3)c2)c1,-7.2,3.2324727302248375,24_1058
O=C(CNC(=O)C1Cc2cc3c(cc2C1=O)CCCC3)Nc1nc2ccccc2[nH]1,-8.2,3.5275109125059276,24_1059
Cc1ccc2nccc(NC(=O)c3ccc4ccccc4c3)c2c1,-8.1,3.541176786894018,24_1060
Cn1ccc(C(=O)N2CCCC2CC(F)c2ccco2)cc1=O,-7.2,3.7335840501450757,24_1061
Cn1c([N+](=O)[O-])cnc1-c1nnc(Nc2ccccc2C(F)(F)F)o1,-7.7,3.446482208111663,24_1062
CC1CC12C1=C[C@H]3[C@H]2CC2=CCC(C[C](NCCNc4c5c(nc6cc(Cl)ccc46)CCCC5)CC[C@@H]23)C[C@@H](C#N)Cn2ccnc2[CH]1,-7.8,1.4303125907942928,24_1063
CNc1ccccc1C(=O)N1CCc2c(n(C(=O)c3cccc(Cl)c3Cl)c3ccccc23)C1,-7.3,3.634733458547129,24_1064
Cc1cccc(-c2noc(-c3ccccc3-c3ccc(F)cc3)n2)c1,-7.0,3.581178325085718,24_1065
O=C(c1ccc(-c2cccc(C(F)(F)F)c2)cc1)N1CCN(c2cccc(Cl)c2)CC1,-7.8,3.5329484145180556,24_1066
O=C(NCC1CCNCC1)c1ccccc1C=C1C=CC(C2=NC=CC3C(c4ccc5c(c4)OCO5)=CC(=O)N23)=C1,-7.5,3.281701028756064,24_1067
O=C(c1cc2cc(Nc3nccc(-c4ccccn4)n3)ccc2[nH]1)N1CCN(Cc2ccc3c(c2)OCO3)CC1,-7.7,3.3003368511569637,24_1068
O=C(Nc1cccc(-n2cc(-c3ccncc3)c(-c3ccc(Cl)c(O)c3)n2)c1)Nc1cccc(C(F)(F)F)c1,-7.8,3.201684386449888,24_1069
NCc1c(NC(=O)c2cccc(C(F)(F)F)c2)ncnc1OCC1CCN(C(=O)c2ccccc2)CC1,-7.4,3.6171380621617732,24_1070
O=C(c1cccc(C2=CC=CCc3ccccc32)c1)N1CC2C[C@H](C1)Cn1c2cccc1=O,-9.3,2.417551426796027,24_1071
O=C1C=CC=C(c2ccc(-c3cc4ccccc4cc3-c3ccccc3)o2)CO1,-7.9,2.3499406230668054,24_1072
C1=C(c2cc3c(-c4cccc(NCc5ccccc5)n4)[nH]nc3cn2)NCN1,-8.2,3.512108676230558,24_1073
Nc1ccccc1C(=O)Oc1cccc(Nc2c3ccccc3nc3ccccc23)c1,-7.8,3.226023197656691,24_1074
O=CN1C[C@H](c2cccc3ccccc23)[C@H]1c1cccc(-c2cccc3ccccc23)c1,-6.5,3.085575971322669,24_1075
O=C(c1cccc(Nc2nc3ccccc3n3nnnc23)c1)N1CCN(c2ccccc2)CC1,-8.5,3.5279546310925127,24_1076
O=C(Nc1cc(F)c(F)c(F)c1)Nc1cc(-c2ccccc2)nc2ccccc12,-8.7,3.539979339993375,24_1077
O=c1cc(-c2ccccc2)oc2ccc3ccccc3c12,-7.9,3.3447390319089934,24_1078
O=C(COC(=O)c1cccc(N2C(=O)c3ccccc3C2=O)c1)c1ccccc1,-7.8,3.539409084414208,24_1079
O=C(CN1C(=O)c2ccccc2C1=O)Nc1cccc(-c2cccc(-c3nc4cc(C(F)(F)F)ccc4[nH]3)c2)c1,-8.1,3.37013294491773,24_1080
Cn1c(=O)c2c(nc(COc3cccc(F)c3)n2C)n(C)c1=O,-6.9,3.6080661542773393,24_1081
O=C(Nc1cccc(Nc2ccnc(Nc3cccc(C(F)(F)F)c3)c2F)c1)c1cccc(-c2ccc(F)cc2)c1,-8.0,3.0880099486955723,24_1082
O=C(Nc1ccccn1)c1ccccc1-n1c(-c2cccs2)nc2ccccc2c1=O,-7.8,3.604565075339882,24_1083
O=C1NC(=O)c2c1cc(-c1ccccc1)c1c2c2ccccc2n1-c1ccccc1,-7.2,3.439459690775045,24_1084
Nc1nnc(-c2ccc3c(c2)OCO3)cc1-c1ccc(Br)cc1,-7.1,3.73747901255747,24_1085
COc1ccccc1NC(=O)C1C(C)=Nc2nc(SCc3ccccc3)nn2C1c1cccc([N+](=O)[O-])c1,-7.5,3.225220883290949,24_1086
C/C=C(\C)C#Cc1ccc(C(=O)Nc2ccc(Cl)cc2)cc1,-6.1,3.441425628112514,24_1087
O=C(Nc1ccccc1Cl)c1nn(-c2cccc(-c3ccc4ccccc4c3)c2)c2c1CCCC2,-8.0,3.3993779034509344,24_1088
Cc1c(NC(=O)c2cccc(F)c2)cccc1C(=O)N1CCc2ccc(OS(N)(=O)=O)cc2C1,-8.0,3.6639239076022445,24_1089
O=C(c1cccc(Oc2cccc3cccnc23)c1)N(c1cccc(Cl)c1)c1cccc(Cl)c1Cl,-7.3,3.3042014586525355,24_1090
O=C(CSC1=Nc2ccccc2C2=NOCC3=CCC=C(C=C3)N12)c1ccc(Br)cc1,-7.3,1.2059335659716588,24_1091
O=C(Nc1cccc(C(F)(F)F)c1)c1ccc(Nc2c3ccccc3nc3ccc(Cl)cc23)cc1,-8.1,3.246252083551499,24_1092
COc1ccc(-c2nc(-c3ccc4c(c3)c3ccccc3c(=O)n4C)c(C)o2)cc1OC,-7.3,3.4729935728889965,24_1093
NC(=O)c1ccc(NC(=O)c2cccc([N+](=O)[O-])c2)cc1-c1cccc(C(F)(F)F)c1,-7.0,3.5799711877018296,24_1094
Cn1cc(-c2cccc3ccccc23)cc1-c1ccc(C(N)=O)cc1,-7.0,3.5878552701241997,24_1095
O=C1c2ccccc2C(=O)c2c1c1ccccc1n2S(=O)(=O)c1ccccc1,-8.2,3.6470502171665284,24_1096
O=C(Nc1ccccc1C(=O)O)c1ccc(Oc2ccccc2)cc1,-6.7,3.73597229037484,24_1097
O=C(c1cccc(-c2cccc(-c3ccc4c(c3)OCO4)c2)c1)N1CCN(c2ccccc2F)CC1,-9.6,3.461047798442075,24_1098
O=C(NCCNCc1nc(-c2cccc(F)c2)cs1)c1cc2ccccc2[nH]1,-6.0,3.5689207743968403,24_1099
O=C(c1cccc(-c2cccc(Nc3nc(=O)c4ccccc4[nH]3)c2)c1)N1CCN2CCCC2C1,-8.9,3.5532287358325307,24_1100
O=C(c1cn(-c2cccc3ccccc23)c2ccccc12)N1CCC1,-7.5,3.4864677411027736,24_1101
COc1ccc(-c2ccc3c(c2)C2(COC(=N)N2)C2(COC2)C2(CCC2)O3)cc1,-8.1,3.4143724247323233,24_1102
O=C(Nc1cccc(-c2cccc(-c3ccc(F)cc3)n2)c1)c1cccc(C(F)(F)F)c1,-7.9,3.503864447574993,24_1103
O=c1cc(-c2ccc(F)cc2)c2cc3c(cc2n1CO)COCO3,-6.9,3.7644763840634194,24_1104
O=CNC(=O)C(=S)Cc1ccc(-c2cccc(-c3ccc4c(c3)OCO4)c2)cc1,-7.4,3.649934304143608,24_1105
O=C(Nc1nc2cc(-c3cccc(C(=O)Nc4cccc5ccccc45)c3)ccc2[nH]1)Oc1ccccc1,-8.0,3.332296436497322,24_1106
C=NC(C=CC=CC(=O)Nc1ccc(C(=O)O)c(O)c1)NC(=O)c1cc(-c2ccccc2)ncc1C(F)(F)F,-6.0,3.156493687867252,24_1107
O=C1C(Cc2c[nH]c3ccccc23)C(=O)N(c2ccc(F)cc2)C(=O)NN1c1cccc2ccccc12,-9.5,2.4473044858350477,24_1108
CCCCCCCC(=NC(=O)C1CC1(C)C)C(=O)O,-4.2,1.0749190256954666,24_1109
COc1ccc(C(=O)Nc2cccc(-c3cccc(-n4cncn4)n3)c2)cc1,-7.2,3.7241461041039985,24_1110
O=C(NCc1ccc(-c2ccccc2)cc1)Nc1cccc(-c2cccc(-c3nc4ccccc4[nH]3)c2)c1,-7.8,3.1349001144120905,24_1111
O=C(CSc1nnc(-c2ccccc2NC(=O)c2ccccc2F)o1)Nc1ccc(F)cc1,-7.7,3.537394070087434,24_1112
O=C(O)c1cc2cc(Cc3ccccc3F)ccc2[nH]1,-6.8,3.532184531758666,24_1113
O=C(NC1CC1)c1cccc(-c2cccc(-c3ccc(C4C=CC=CC4)o3)c2)c1,-7.8,3.464515021583211,24_1114
NC(Cc1ccc(OCc2ccccc2)cc1)C(=O)NC(C(=O)Nc1ccc2ccccc2c1)c1ccccc1,-7.5,3.245383367656985,24_1115
O=C(O)c1cccc(-c2cccc(-c3cccc(NC(=O)c4cccc(-c5ccccc5C(F)(F)F)c4)c3)c2)c1,-8.3,3.1370007555834993,24_1116
Cn1cnnc1-c1ccnc(Nc2cnccn2)n1,-5.9,3.490686448288044,24_1117
O=C(Nc1ccc(N2C(=O)c3cccc4cccc(c34)C2=O)cc1)Nc1cccc(C(=O)N2CCCCC2)c1,-8.8,3.396640259565144,24_1118
Cc1cc(C)c(C#N)c(N2CCN(c3ccccc3-c3ccccc3)CC2)n1,-6.4,3.6493696856127222,24_1119
O=C(c1cccc(Cl)c1Cl)N1CCn2c(nnc2-c2ccccn2)C1,-7.1,3.7073549075313736,24_1120
O=C1Nc2ccc(Cl)cc2[C@@]12C[C@@H]2c1cccc(-c2cccc(Nc3ccccc3)c2)n1,-7.7,3.467059860711786,24_1121
CNN=Cc1cnc(-c2cccc(C(=O)Nc3ccccc3)c2)nc1N1Cc2ccccc2C1,-8.0,3.5241498734090677,24_1122
O=C1CC(c2ccc(O)c(O)c2)c2ccc(O)cc2N1,-6.4,3.4555022294062905,24_1123
O=C(c1ccc2c(c1)C(O)(C(F)(F)F)c1ccccc1-2)c1ccccc1-c1ccccc1,-7.7,3.461540859834236,24_1124
CC(C)n1nc(-c2c[nH]ccc(-c3ccccc3)ccn2)c2c(Nc3ccccc3Cl)nccc21,-7.3,1.2550936920695812,24_1125
N#Cc1ccc(N2CCN(c3ccccc3F)CC2)c(NC(=O)c2cccc(COc3ccccc3)c2)c1,-7.4,3.5690188566179364,24_1126
CN(C)C[CH]C1Cc2ccccc2Oc2ccccc21,-6.0,2.5021043812222072,24_1127
N=C(Nc1ccc2c(c1)CCN2c1cccnc1)c1cccs1,-6.9,3.610215545832922,24_1128
O=C1c2ccccc2C(=O)N1C/C=N/N=C\S1=Cc2ccccc2-c2ccccc21,-7.7,3.2084191660075856,24_1129
COC1=CC=C(C2COc3cc(O)ccc3C(c3cccc(OCc4ccccc4)c3)C2=N)OC=C1,-8.6,2.5439305012388362,24_1130
Cn1c([N+](=O)[O-])cnc1COc1cccc(NC(=O)c2cccc(S(=O)(=O)Nc3cccc4ccccc34)c2)c1,-7.1,3.1282155055212826,24_1131
COc1cccc(-c2[nH]ncc2-c2ccccc2Oc2ccccc2Cl)c1,-6.8,3.613566014218445,24_1132
Cc1ccc(C(=O)Nc2cccc(-c3cccc4ccccc34)c2)cc1C#Cc1ccccc1,-8.0,3.0130454115943754,24_1133
O=C(Nc1ccc(-c2cccc(-c3cccc(OCc4ccccc4)c3)c2)cc1)c1ccccc1,-8.6,3.1988541695891595,24_1134
O=C(Nc1ccc([C@H]2CNCC[C@@H]2O)cc1)c1cc2ccccc2[nH]1,-7.1,3.569376935952312,24_1136
O=[N+]([O-])c1ccc(-c2csc(N3N=C(c4ccc(Br)s4)CC3c3ccc(F)cc3)n2)cc1,-8.0,3.3901773527512717,24_1137
Cc1ccc(-c2cc(F)cc(C#N)c2)cc1-c1cccc(N2CCCN(CC3CCOCC3)C[C@@H]2C)c1,-7.6,2.4905184579297517,24_1138
COc1cccc2c(O)c3c(c(O)c12)C(=O)C1=C(C[C@@](O)(C(C)O)C[C@@H]1O[C@H]1C[C@H](n2ccc4c(N)ncnc42)O[C@@H]1CO)C3=O,-8.5,2.6907496540494353,24_1139
C=CC=c1nc(Cc2c(N=C3NCC(O)CS3)ccc3ccccc23)c2cccc(c2)[nH]c(=O)cc1-c1ccccc1,-7.5,1.1589455009996423,24_1140
Cc1cccc(-n2c(O)c(N=Nc3cccc(C(F)(F)F)c3)c3cc(C)ccc32)c1,-8.2,3.55249936855663,24_1141
O=C(Cn1c(=O)c2cccn2c2ccccc21)Nc1cccc(-c2cccc(-c3nc4cc(F)ccc4[nH]3)c2)c1,-9.3,3.32722220225644,24_1142
COc1cc(Cn2cc(-c3ccccc3-c3cn(-c4ccc(F)cc4F)nn3)nn2)cc(OC)c1OC,-8.2,3.3498986367806296,24_1143
O=C(c1cccc(-c2nc3ccccc3n2C2CCCC2)c1)N1CCN(S(=O)(=O)c2ccccc2OC(F)(F)F)CC1,-8.0,3.3881081457619087,24_1144
CC(=O)N1CCN(c2cccc(-c3cccc(-c4nc5cc(C(F)(F)F)ccc5[nH]4)c3)c2C)C1,-7.7,3.6158951269840784,24_1145
Cn1cnc2ccc(-c3cccc(-c4cccc5c(=O)cc(N6CCOCC6)oc45)c3)cc2c1=O,-9.2,3.484440701396876,24_1146
O=C(CN1c2cccc3cccc(c23)S1(=O)=O)Nc1ccc2c(c1)OCO2,-7.6,3.663925368009078,24_1147
O=C(NN=C1c2ccccc2-c2nc3ccccc3nc21)c1ccco1,-8.3,3.650526825430429,24_1148
O=C(Nc1cc(Cl)cc(Cl)c1)c1ccccc1Nc1ccc2c(C=Cc3ccccn3)[nH]nc2c1,-8.3,3.3674400731238716,24_1149
O=C(Nc1cccc(N2C(=O)c3ccccc3C2=O)c1)c1ccc(Nc2ccccc2)cc1,-7.9,3.5794817694034564,24_1150
Cc1ccc(-c2nc(Nc3cccc(C(F)(F)F)c3)cc(-c3cccs3)n2)cc1,-8.0,3.6206216500579793,24_1151
O=c1c(-c2ccccc2Cl)c2ccccn2c(=O)n1CCc1ccc(Cl)cc1,-6.8,3.6369438161238783,24_1152
O=C(Nc1ccc(F)c(F)c1)c1cccc(NC(=O)c2ccccc2Nc2ccccc2)c1,-7.7,3.5251474253466286,24_1153
O=C(Nc1cccc(F)c1)c1cc2cc(-c3cccc(-c4ccccc4F)c3)ccc2[nH]1,-8.6,3.3041387478313506,24_1154
O=C1C=CC=C(C(F)(F)F)CCc2c(cncc2-c2cccc(-c3cccc(OC(F)(F)F)c3)c2)N1,-7.8,1.3801162328188705,24_1155
O=C(c1ccc(O)cc1O)n1ccnc1,-5.7,3.5078363605751255,24_1156
C=CC=NC(C=NC=CC([NH])C=CCC=NC=O)c1cncc(-c2cccc(-c3nc4ccccc4[nH]3)c2)c1,-6.2,3.2303635741396004,24_1157
O=C1C[C@]2(CCN1)Cc1ccc(NC(=O)Nc3cc4ccccc4cc3-c3cccc(Cl)c3)cc1C2,-9.8,3.309745889351916,24_1158
O=C(NCc1ccc2c(c1)OCO2)C1CC(c2ccc(Cl)c(Cl)c2)=NO1,-7.3,3.714964108428855,24_1159
O=C(Nc1nc(-c2ccc(Cl)cc2)cs1)c1ccc2c(c1)c(Cc1ccccc1F)nn2-c1ccccc1,-8.0,3.323437572182783,24_1160
O=C(c1ccc2ncsc2c1)N1CCN(c2ccc3cccnc3n2)CC1,-7.5,3.6282034208373592,24_1161
O=C(NCc1ccncc1)c1cc(-c2ccccc2)c2c(c1)c1ccccc1n2Cc1ccco1,-7.5,3.4633358052948626,24_1162
O=C(Nc1cccc2ccccc12)c1cc(Nc2ccccc2)ccn1,-7.9,3.614411357894829,24_1163
Cn1c(-c2cccc(-c3cccc(N4C(=O)C=C5C=C(C(N)=O)C(=N)CC54)c3N)c2)nc2ccccc21,-9.7,3.3460031153167558,24_1164
CS(=O)(=O)Nc1ccccc1-c1cnc2ccn(CC(=O)NCc3ccccc3)c2c1,-6.6,3.636918600896644,24_1165
CNC1CC(OC(=O)c2cccc(C(F)(F)F)c2)C1,-5.9,3.548398937501685,24_1166
O=C1Nc2ccccc2C12N(c1ccccc1)N=C(c1ccc(Cl)cc1)N2c1ccccc1,-7.8,3.44040075113105,24_1167
CCCNC(=O)Nc1[nH]c(-c2ccc(/C=C/C(=O)Nc3ccc(NS(C)(=O)=O)cc3)cc2)nc1C=O,-5.4,3.13621659401389,24_1168
O=C(C1CCN(c2ccncc2)CC1)N1CCN(S(=O)(=O)c2cccc(F)c2)CC1,-7.0,3.624421890335463,24_1169
O=c1oc2cc(Oc3cccc4ccccc34)ccc2cc1C=CC=Cc1ccccc1,-8.0,3.248377487703067,24_1170
CN(c1ncnc2[nH]ccc12)[C@H]1CC[C@H](CS(=O)(=O)N2CCC3(C=Cc4ccccc43)CC2)CC1,-7.2,3.4719002702970636,24_1171
C=CC(CC=Cc1ccccc1S(C)(=O)=O)=NCCc1cc(C(F)(F)F)ccc1NC(=O)c1nc(C#N)c[nH]1,-6.7,3.403034249748237,24_1172
O=C(Nc1cccc(-c2cnc3cc(-c4ncc(Cl)cc4Cl)ccn23)c1)c1ccccc1Cl,-7.8,3.5208976810455077,24_1173
O=C(NCCNC(=O)C1CC1)c1cccc(-c2ccccc2-c2cccc(CNC(=O)c3ccc(F)cc3)c2)c1,-8.3,3.286987708271486,24_1174
Cc1cccc(C(=O)Nc2cccc(-c3nc4ccccc4[nH]3)c2)c1,-7.6,3.5853972425436256,24_1175
O=C1N=C(Nc2ccccc2)S/C1=C\c1ccco1,-6.3,3.6560636957948422,24_1176
Cc1cc([N+](=O)[O-])cc(N)c1N1CCC(N2CCc3ccccc3C2=O)CC1,-7.7,3.502192542475402,24_1177
N=C(N)c1ccc2ccc(CN3C(=O)S/C(=C\c4ccc(/C=C/C(=O)c5ccccc5)cc4)C3=O)cc2c1,-6.7,3.098557086908629,24_1178
O=C1c2ccccc2COc2cc(-c3ccco3)cc(O)c21,-7.3,2.714128220684743,24_1179
O=C(NCc1ccc(F)cc1F)c1cccc(-c2cccc(Cc3[nH]c(=O)[nH]c3O)c2)c1,-8.8,3.489301237681077,24_1180
O=C(Nc1ccc(-c2nc3ccccc3n3cccc23)cc1)c1ccccc1O,-7.8,3.553240837582117,24_1181
C=CC=C1C(C(=O)O)=CN(C)c2ccc(-c3cc(-c4ccc(O)cc4)c4c(n3)-c3ccccc3C4)cc21,-8.7,3.419884581996036,24_1182
O=C(c1cc2cc(Nc3nccc(-c4ccccn4)n3)ccc2[nH]1)N1CCN(c2ccccc2)CC1,-8.1,3.500075618856668,24_1183
O=C(Nc1cccc(-c2cccc(-c3cccc(O)c3)c2)c1)c1ccccc1F,-8.8,3.530658454037773,24_1184
C[C@@H](NC(=O)c1cc2cc(Cl)ccc2n1C)c1cccc(NC(=O)c2cccnc2)c1,-7.5,3.6619327134934574,24_1185
CC(C=CCC=NC=O)C=NN(c1cccc(-c2cc3ccccc3o2)c1)C(C)c1ccc2c(c1)OCO2,-7.6,3.103009641171583,24_1186
O=Cc1cccccnc2ccccc2c1Nc1ccc2c(c1)CCC(=O)N2,-7.9,1.497719261637731,24_1187
Oc1ccccc1-c1ccnc2cc(Nc3ccc4c(c3)OCO4)ccc12,-7.7,3.6238478362689364,24_1188
Nc1[nH]nc2cccc(-c3ccc4c(C(=O)N5CCN(c6ncccn6)CC5)cncc4c3)c12,-8.0,3.484048965312682,24_1189
Clc1ccc(-c2cccc(I)c2)c(Cl)c1,-5.0,3.154144875020867,24_1190
O=C(F)c1c(-c2ccccc2Cl)c(=O)c2ccccc2n1CCCF,-6.4,3.659685025706215,24_1191
O=C(NCc1ccccc1F)c1cccc(Cc2n[nH]c(=O)c3c2CCCC3)c1,-7.9,3.725059775573224,24_1192
O=C(Nc1cccc(-c2cccc(-c3nc4cc(C(F)(F)F)ccc4[nH]3)c2)c1)C1CC1,-7.9,3.541319880557821,24_1193
Cc1ccc(-c2nc(N3CCOCC3)c3ccccc3n2)c(C)c1,-7.4,3.6745584581351936,24_1194
O=C(NCc1ccc(F)cc1)c1nccnc1C(=O)Nc1ccc(-c2ccccc2)cc1,-8.3,3.6609396856116048,24_1195
O=C1c2ccccc2C(=O)c2c1ccc1[nH]c(-c3cccc(C(F)(F)F)c3)nc21,-8.4,3.624568610546036,24_1196
CC=C1C=CC(C(=O)Nc2ncc(-c3ccc(NC(=O)c4ccccc4Nc4ccccc4C=O)cc3)s2)=C1,-7.6,3.2098113504992636,24_1197
O=c1cc(-c2ccccc2)nc2ccc(-c3ccccc3)cn12,-7.6,3.5394488181844705,24_1198
ON=C(O)CCCCCNc1cccc(Cl)c1,-4.9,3.0779183435113096,24_1199
CC1=C(CCc2ccoc2)[C@@]2(C)CCCC(C)(C)[C@@H]2C/C1=N/OC(=O)c1cccc(Nc2c3ccccc3nc3ccccc23)c1,-8.7,2.867035798159436,24_1200
Cc1ccnc(NCc2cccc(-c3cccc(-c4nc5cc(C(=O)O)ccc5[nH]4)c3)c2)c1,-7.9,3.4138287875462847,24_1201
O=C(CBr)Nc1ccc2ncnc(Nc3ccc(C(=O)N4CCOCC4)cc3Cl)c2c1,-6.6,3.6279515350355966,24_1202
Cc1nnc(-c2ccc(C)c(-c3cccc(C(=O)NCc4cccnc4)c3)c2)o1,-8.3,3.7136958094489265,24_1203
c1ccc2cc(-c3nc4ccccc4[nH]3)ccc2c1,-6.699999999999999,3.3183128708465213,24_1204
C=C([CH]COC(=O)C=C(c1ccccc1C)c1cc(C)ccc1OC=C1C[CH]CC[C@]1(C)C(O)C(=O)Oc1ccccc1)c1ccccc1,-7.0,2.8732155693911414,24_1205
O=c1c2ccccc2c2nnc(-c3ccc4ccccc4c3)cc2n1Cc1ccc(-c2ccccc2)cc1,-8.8,3.1734087239673743,24_1206
O=C(Nc1ccccc1-c1c(O)[nH]c2ccc(I)cc12)c1ccccc1-c1ccccc1,-7.7,3.254399270694551,24_1207
O=C(c1ccc(N2CCN(C(=O)c3ccccc3F)CC2)nc1)c1cc2ccccc2o1,-7.4,3.618971848533323,24_1208
CC(C)Oc1ccc(-c2cccc3cc(-c4ccccc4Oc4ccccc4)ccc23)cc1,-7.6,3.134870033614005,24_1209
CC(C)CCn1cc(CNc2ccccc2-c2ccccc2-c2ccccc2)c2ccccc21,-6.8,3.1119182224451745,24_1210
COC(=O)C(CC(C)C)NC(=O)c1ccc(O[C@@H]2O[C@@H](CO)[C@H](O)[C@@H](O)[C@@H]2O)c(C)c1C,-5.9,2.9972488463227345,24_1211
O=C(c1cccc(-c2cccc(-c3cccc(-c4ccccc4Cl)c3)c2)c1)N1CCN(C(=O)c2ccc3c(c2)OCO3)CC1,-8.6,3.198486754448524,24_1212
O=C(Nc1ccc(CO)cc1)c1ccc2ccccc2n1,-6.6,3.674683724851822,24_1213
O=C(Nc1cccc(C(F)(F)F)c1)c1cccc(-c2cc3ccncc3cc2OC2CCNCC2)c1,-7.8,3.564666513675301,24_1214
O=Cc1ccccc1C(=O)C1C(=Nc2cccc(-c3ccccc3C(F)(F)F)c2)c2ccccc21,-7.8,3.363607512315897,24_1215
O=C(Nc1ccc(-c2ccco2)cc1)c1cccc(-c2ccccc2C(=O)NCC2CCNCC2)c1,-7.3,3.4804782733606068,24_1216
O=C(COc1cccc(-c2ccccc2Oc2ccccc2)c1)Nc1ccc(-c2cccc(-c3cc4ccc(C5=NCCCN5)cc4[nH]3)c2)cc1,-6.0,2.950023897230444,24_1217
O=S(=O)(NS(=O)(=O)N1CCc2cc(Cl)ccc2C1)N1CCN(c2cccc(C(F)(F)F)c2)CC1,-7.5,3.557468281768378,24_1218
O=C(Nc1ccc(OC(F)(F)F)cc1)c1ccc(-c2ccc3ccccc3c2)cc1,-7.0,3.5580216541998038,24_1219
O=C(NC(=O)N1Cc2ccccc2-c2cc(-c3ccccc3)ccc21)c1c(O)cccc1O,-8.8,3.427373755118733,24_1220
O=C(NCCC(=O)N1CCN(S(=O)(=O)c2ccccc2)CC1)c1cccc(-c2cccc(OC(F)(F)F)c2)c1,-7.3,3.6180289494419604,24_1221
O=C(Nc1ccc(-c2nnc(-c3cccc(C(F)(F)F)c3)o2)cc1)c1ccccc1Br,-8.0,3.620248030026403,24_1222
C=CC1=CC(OC=CC2=C(N=CN=CC3=CC(c4ccccc4Cl)C(=O)N(CCC(N)=O)C3)C=C2)=C1C=CC(=O)NC,-7.0,2.8410873893480493,24_1223
O=[N+]([O-])c1ccc(-c2ccc(Nc3nc4ccccc4n3Cc3ccccc3F)cc2)cc1,-7.4,3.332965129780416,24_1224
O=S(=O)(c1ccc2c(c1)CNC(CF)C2)N1CCOCC1,-5.8,3.5173513744201372,24_1225
Cc1ccc(S(=O)(=O)N2CCCCC2)cc1NC(=O)C(c1cccc([N+](=O)[O-])c1)c1c(C)[nH]c2ccccc12,-8.6,3.3765338755329477,24_1226
O=C1c2ccccc2C(=O)N1CCc1cc2c(Nc3cccc(Br)c3)ncnc2s1,-7.8,3.612912470177469,24_1227
O=C(Nc1cccc(-c2cccc(-c3nc4cc(F)ccc4[nH]3)c2)c1)c1ccccc1,-8.3,3.4293586076098226,24_1228
CN(C(=O)c1ccccc1)c1ccc2c(c1)nc(NC(=O)c1ccc(-c3ccc4c(c3)CNC4)cc1)n2CCC(N)=O,-6.3,3.274956267914223,24_1229
O=C(Nc1ccc(-c2cc(Nc3cccc(C(F)(F)F)c3)ncn2)cc1)Nc1cccc(C(F)(F)F)c1,-6.6,3.382684919693456,24_1230
O=C1c2ccccc2CN1c1cccc(-c2cccc(F)c2)n1,-7.5,3.562134559714246,24_1231
O=C(Nc1ccccc1)c1ccc(N2CCCC2)c(NC(=O)c2ccc(C(F)(F)F)cc2)c1,-7.2,3.675360000964605,24_1232
N#Cc1ccc(NC(=O)c2nc(-c3ccc(F)cc3)n(-c3ccc(F)cc3)n2)cc1,-7.4,3.737354208951407,24_1233
O=c1c2ccccc2nc(-c2cccc(OS(=O)(=O)O)c2)n1-c1ccccc1F,-7.1,3.6523058101932477,24_1234
N=C(N)c1ccc(Cc2cccc(-c3cccc(C(=O)N4CCOCC4)c3)c2)cc1,-8.0,3.6020108555779418,24_1235
O=C1c2ccccc2C(=O)N1C=C1C=CC(=Nc2cc(C(F)(F)F)[nH]c(=NC(=Nc3ccccc3)Nc3ccccc3)n2)C1,-9.4,3.1635423306631836,24_1236
CN1CCN(c2cc(-c3cccc(Nc4cccc(C(N)=O)c4)n3)ccn2)CC1,-8.0,3.749675383928813,24_1237
Nc1ccccc1NC(=O)c1ccc(-c2cccc(-c3cccc(OC(F)(F)F)c3)c2)s1,-7.2,3.5561616396159668,24_1238
Cc1c(C(=O)NC2(O)CCC(=O)N2)cccc1-c1cccc(-c2cccc(Cl)c2)c1,-8.0,3.5857076482285892,24_1239
O=C(Nc1cccc(-c2cccc(-c3ncccc3CO)c2)c1)c1c(F)c(F)c(F)c(F)c1F,-8.6,3.412635201268884,24_1240
C=CC(=O)Nc1ccc(-c2cnc(OC)c(-c3cccc(-c4cccc(C(=O)N5CCCC5)c4)c3)c2)cc1,-8.0,3.4789576003654075,24_1241
O=S(=O)(Nc1ccc2ccccc2c1)c1cncc(-c2ccc(F)cc2)c1,-7.5,3.7023453799560824,24_1242
O=C(c1ccc(-c2ccccc2F)cc1)c1c(-c2ccc(Cl)cc2)nc2ccccn12,-8.0,3.3687587395033693,24_1243
COC=C1C=CC2(C=CC(C(=O)Nc3cc(C)nn3Cc3ccc(F)cc3)=C2C)C=N1,-7.5,3.6353694959967937,24_1244
O=C(O)CCn1cnc2ccccc21,-5.5,3.582099455953039,24_1245
O=C1c2ccccc2C(c2ccccc2)N1c1ccc2ccccc2c1,-7.2,3.282042961420662,24_1246
Nc1ccc(NC(=O)C2CC(=O)N(c3cccc(C(F)(F)F)c3)C2)cc1Cl,-7.4,3.6644957878897544,24_1247
OCC(Oc1ccc(-c2cccc(OCC(O)CN3CCc4ccccc4C3)c2)cc1)C(O)=NO,-6.2,3.1118936902931176,24_1248
Cc1ccccc1NCCN(C)c1nc(-c2ccccc2)c2c(=O)oc3ccccc3c2n1,-7.0,3.4480907027467973,24_1249
ClC1=CC(N2CC(c3ccc4c(c3)OCO4)C2)=NN=CN1,-6.9,2.379754729733649,24_1250
O=S(=O)(c1cccc(C(F)(F)F)n1)n1cc(-c2cccc(-c3ccc4c(c3)OCO4)c2)c2ccccc21,-8.2,3.4295210419802187,24_1251
O=C(N/N=C/c1ccc2c(c1)OCO2)c1cc2ccccc2nc1Nc1cccc(C(F)(F)F)c1,-8.7,3.487318034529964,24_1252
Cc1ccc(-n2ncc3c(Nc4cccc(C(F)(F)F)c4)ncnc3c2=O)cc1C,-8.4,3.689550111879912,24_1253
CC(=O)C=C1C=CC(=NC(=O)c2cccc(-c3ccccc3NC(=O)c3ccc4c(c3)OCCO4)c2)C1,-8.2,3.5293196705667382,24_1254
O=c1[nH]nc2n1-c1ccc(OCc3cccc(C(F)(F)F)c3)cc1CC2,-7.3,3.77586942422317,24_1255
CCc1ccc(/C=C/c2nc3ccccc3c(=O)n2CCO)cc1,-7.2,3.771344991223646,24_1256
C=CCc1cc2cc(-c3ccc(C(F)(F)F)cc3)ccc2cc1-c1cc(C(=O)N(c2cccc(C(=O)O)c2)c2cccc(Cl)c2Cl)c(O)cc1O,-5.8,2.9119457133574627,24_1257
O=C(c1cc2cc(Nc3nccc(-c4ccccn4)n3)ccc2[nH]1)N1CCN(c2cccc(Cl)c2)CC1,-7.9,3.4797668998484026,24_1258
O=C(Nc1ccc(Nc2ncnc3c2Cc2ccccc2N3)cc1)c1ccccc1Cl,-8.3,3.552134630281462,24_1259
Clc1ccc(-c2cccc3cc(-c4c[nH]c5ccccc45)ccc23)cc1,-8.4,3.057322644389642,24_1260
O=C(O)c1cccc(-c2ccc(/C=N/Nc3nc4ccccc4n4c(Cl)ccc34)cc2)c1,-8.1,3.4304278968343502,24_1261
O=CN=CC1=CCC(c2ccc(-c3cc(-c4ccccc4)nc(-c4cccc(Cl)c4F)c3)cc2)C1=S,-8.3,3.2352082718302375,24_1262
CCC(C(=O)NC[C@@H](O)CC(Cc1ccccc1)C(=O)N[C@H]1c2ccccc2C[C@H]1O)c1cccc(-c2ccccc2)c1,-6.7,3.177522594233154,24_1263
O=C(Cn1cnc2c(nnn2Cc2ccc(F)cc2)c1=O)NCc1ccccc1,-6.9,3.6444260381179645,24_1264
COc1ccc(-c2cc(-c3ccc4c(c3)OCCO4)c3ccccc3n2)cc1,-8.5,3.5693428403661844,24_1265
O=C(NCc1nc2ccccc2[nH]c1=O)c1ccc(-c2cccc(C(F)(F)F)c2)o1,-7.8,3.674794931413895,24_1266
O=C(Nc1cccc(-c2cccc(-c3nc4ccccc4[nH]3)c2)c1)c1ccccc1F,-8.600000000000001,3.4293586076098226,24_1267
O=C(Nc1cccc(-c2ccnc3cc(-c4cccs4)nn23)c1)c1ccc(F)c(F)c1,-8.1,3.5783531284035814,24_1268
O=C1CCCN1c1cccc(C(=O)N2c3ccccc3[C@@H]3CCNC[C@H]32)c1,-8.5,3.503651213325483,24_1269
O=C(c1cccc(-c2nc(=O)c3ccccc3[nH]2)c1O)N1c2ccccc2-c2ccccc2C1c1ccccc1,-8.8,3.2704911927383744,24_1270
O=C(Nc1cccc(CN2CCOCC2)c1)c1ccccc1NCc1cccc(-c2ccccc2-c2cc(F)c(F)c(F)c2)c1,-7.4,3.1365614259073995,24_1271
O=C(NC1c2ccccc2-c2ccccc21)c1cc2ccccc2[nH]1,-8.0,3.427073854695216,24_1272
O=C(NCc1nc(-c2cccc(F)c2)cs1)c1cc2ccccc2o1,-7.0,3.7423398280550586,24_1273
O=C(Nc1cn(-c2cccc(C(F)(F)F)c2)nc1-c1ccc2c(c1)OCO2)c1cccc(-c2ccccc2)c1,-9.1,3.4340999895486215,24_1274
O=C1CCCC2C1N=C(c1ccc(Cl)cc1)NC21c2ccccc2CC1c1ccccc1,-8.0,3.4044411042071214,24_1275
O=C(Nc1nccs1)c1cccc(-c2cccc(-c3cccc4c(=O)cc(-c5ccccc5)oc34)c2)c1,-9.0,3.4439128449256993,24_1276
COc1cc(C2=CN(C3=Cc4ccc(-c5ccc6c(c5)CNCC6)cc4OC3)ON=N2)cc(OC)c1OC,-7.6,3.357235308536838,24_1277
CC(=O)n1c2ccccc2c2cc(I)cc(S(=O)(=O)Nc3cccc(C(F)(F)F)c3)c21,-7.3,3.5513665987805862,24_1278
COc1ccc(C(=O)C2C(=O)C(=O)N(Cc3ccco3)C2c2cccc(C(F)(F)F)c2)cc1,-8.2,3.527602524605383,24_1279
COc1ccc2nc(C(F)(F)F)n(C(=O)Nc3cccc(-c4cccc5c(=O)cc(N6CCOCC6)oc45)c3)c2c1,-8.9,3.3700727549801575,24_1280
COC1=CC=C(NC(=S)NN=C2Cc3ccccc3N(c3c(C)cccc3C)C2=O)OC=C1,-7.8,2.578255781882709,24_1281
O=C(c1ccc(OCCN2CCCCC2)cc1)c1c(-c2ccccc2)c2cc(O)ccc2[nH]c1=O,-7.9,3.5275780708936795,24_1282
Nc1cc(-c2cc(F)cc(-c3cccc(-c4ccccc4OC(F)(F)F)c3)c2)ccn1,-8.0,3.555621218596147,24_1283
O=C(/C=C/c1cccc(-c2ccc([N+](=O)[O-])cc2)c1)c1ccc(-c2ccccc2)cc1,-8.0,3.234668619508848,24_1284
O=c1cc(-c2ccc3ccccc3c2)oc2ccccc12,-8.2,3.396037837199989,24_1285
O=C(Cn1c2ccccc2c2cc(F)c(F)cc21)c1ccc(N2CCOCC2)cc1N1CCOCC1,-8.2,3.4482748316856693,24_1286
Cc1cc(C(=O)Nc2ccc3ccccc3c2)no1,-6.8,3.6612485293822807,24_1287
COc1nc2ccccc2nc1-c1cccc(C(=O)Nc2c(C(O)(C(F)(F)F)C(F)(F)F)ccc3ccccc23)c1,-8.4,3.313096166053508,24_1288
Cc1ccccc1OCCn1c2ncccc2c(=O)n1-c1cccc(C(F)(F)F)c1,-6.3,3.653117494661479,24_1289
O=c1c2c(C(O)=NO)cccc2c2ccccc2n1Cc1ccc(Cl)cc1,-8.0,3.247304983211035,24_1290
O=[N+]([O-])c1ccccc1N1CCN(C=CC(=CC=CF)NS(=O)(=O)c2ccc3c(c2)-c2ccccc2-3)CC1,-7.9,3.328250972977123,24_1291
COC=CC(CC=O)c1cc(-c2ccccc2)nc(Nc2cccc(C(F)(F)F)c2)c1C#N,-7.3,3.595269457850029,24_1292
O=c1c2ccccc2nc(-c2ccc3c(c2)OCO3)n1-c1ccc2c(c1)OCO2,-7.6,3.529106475270589,24_1293
COc1ccccc1NC(=O)c1cccc(C(=O)NN=Cc2cccc(-c3cccc(-c4nc5cc(F)ccc5[nH]4)c3)c2N)c1,-8.2,2.8190290741379584,24_1294
O=C(OCC1CCCCC1)c1ccc(F)c(-c2ccccc2F)n1,-6.8,3.640112734511647,24_1295
O=c1n(-c2ccccc2F)nc(-c2cccc3ccccc23)n1Cl,-7.5,3.6630254439915224,24_1296
O=C(O)c1ccc(-n2c(/C=C/c3cccc([N+](=O)[O-])c3)nc3cc(Cl)ccc3c2=O)cc1,-7.6,3.557109860119554,24_1297
C=Cc1ccc(NC(=O)c2ccccc2C(=O)N2CCN(c3ccccc3-c3ccccc3C(F)(F)F)CC2)[nH]1,-7.8,3.480750814068082,24_1298
O=C(Oc1cccc(-c2cccc(-c3nc4ccccc4[nH]3)c2)c1)c1ccc([N+](=O)[O-])cc1,-8.0,3.259507688255055,24_1299
O=C(Nc1ccc(Nc2ncnc3cc(F)c(F)cc23)cc1)c1ccccc1F,-7.9,3.696541007229751,24_1300
O=C(Nc1cccc(C(F)(F)F)c1)c1ccc(/C=C/C(=O)c2cccc3c2C(=O)c2ccccc2C3=O)cc1,-8.4,3.3652326376082566,24_1301
O=C(NCc1ncccc1F)c1coc(CCNCCc2nc3ccccc3n2CCOCCO)c1,-6.4,3.233884045173539,24_1302
CNc1cnc(-c2cccc(NC(=O)Nc3cccc(F)c3)c2)c2ccccc2c1=O,-8.7,2.614514961823496,24_1303
C=c1c(Cc2ccc(SC)cc2)c(O)c2ccccc2c1=CC(=O)NCCN1CCOCC1,-6.5,3.6223067533606104,24_1304
C=CC(=O)N=CC=CCC(F)Nc1ccnc(Nc2ccc(N3C(=O)c4ccccc4C3=O)c(Cl)c2)n1,-6.8,3.214714171045512,24_1305
N#Cc1ccc(-c2cnc3ccc(Cl)cc3c2)cc1,-6.4,3.5243459176844105,24_1306
COC1=CC=C(S(=O)(=O)N(Cc2nc(-c3cccc(Cl)c3)no2)C2CCCCC2C)C1,-7.0,3.5614334550515454,24_1307
O=C1c2cccnc2C(=O)N1c1ccccc1Cl,-6.1,3.5288516549024616,24_1308
O=C(O)Cn1nc(-c2ccccc2)cc1-n1c2ccc(F)cc2c2ccc(F)cc21,-8.3,3.606470602010175,24_1309
CN(C(=O)[CH]N1C(=O)c2ccccc2C1[SH]1CCCS1)c1ccccc1,-7.1,3.560274997229632,24_1310
O=C1CN(C(=O)c2ccc3cc(Oc4ccc(C(F)(F)F)cn4)ccc3n2)C(=O)CN1,-7.6,3.6320690158710995,24_1311
O=C(Pc1ccccn1)N1CCN(c2ncnc3c2cnn3-c2ccc(Br)cc2)CC1,-7.3,3.546774442908374,24_1312
C=C(OC)C(C=COC)Nc1ncnc2ccc(-c3cccc(C(F)(F)F)c3)cc12,-7.4,3.677629003094694,24_1313
CN1C=CC=C(/C=N/Nc2c3ccccc3nc3cccc(C#N)c23)C=CC1,-7.9,1.6898348800521146,24_1314
O=C(Nc1cccc(-c2cccc(F)c2)c1)c1cccc(-c2nc3cc(F)ccc3[nH]2)c1,-8.1,3.443853177840764,24_1315
O=C1c2ccccc2/C(=N/OCCc2ccccc2)c2c(OCCO)cccc21,-6.2,3.6378249754543637,24_1316
O=C(Cn1nc(Cc2ccccc2)c2ccccc2c1=O)Nc1ccc(-c2nncn2-c2ccccc2)cc1,-8.6,3.444505472548502,24_1317
COc1cc(-c2nc(-c3ccc(NC(=O)c4ccccc4NC(=O)c4cc5ccccc5oc4=O)cc3)no2)ccc1OCc1ccccc1,-7.3,2.9196403847649166,24_1318
O=C(O)c1cnn(-c2nccc(-c3ccc4c(c3)OCO4)n2)c1-c1ccccc1F,-8.2,3.656454766641123,24_1319
O=C(Nc1cccc(-c2cccc(-c3cccc(C=CC=C(F)CO)c3)c2)c1)c1ccccc1,-7.6,3.2610245991722975,24_1320
O=C(c1ccccc1)c1cccc(-c2cccc(-c3cccc(-c4ccccc4O)c3)c2)c1,-9.3,3.259402301621057,24_1321
O=CC(Cc1ccccc1)NC(=O)C(Cc1ccccc1)N=C1NC(=O)/C(=C\c2ccccc2)S1,-7.0,3.5327063625744692,24_1322
O=C(Nc1cccc(-c2cccc(-c3ccc4ccccc4c3)c2)c1)c1cccc(C(F)(F)F)c1,-9.2,3.1204900650070133,24_1323
COc1cc2nc(N3CCN(C)CC3)nc(NC3CCCCC3)c2cc1OC,-7.0,3.644861462290553,24_1324
CN(Cc1ccccc1)C(=O)c1cccc(NC(=O)Cc2cccc(NC(=O)C3CCN(C(=O)C4CCC4)CC3)c2)c1,-7.9,3.414654506987046,24_1325
CN=CC1=CC(=C2CNC(=O)C2c2ccc3c(ccc4ccccc43)c2)Oc2ccccc21,-8.8,3.3622448453915244,24_1326
O=C(Nc1ccccc1-c1nc2ccccc2[nH]1)c1cccc2ccccc12,-8.1,3.436578803160823,24_1327
O=C(Nc1cccc2ccccc12)c1cc2ccccc2cc1-c1cccc(C(F)(F)F)c1,-8.5,3.1280662541235604,24_1328
O=C(Nc1ccccc1Cl)c1cccc(-c2nc3ccccc3n2Cc2cccc(Cl)c2Cl)c1,-8.2,3.303493507325679,24_1329
O=c1[nH]c(=O)n(C2C=C(CO)[C@@H](O)C2)c2c1[nH]c1cc(C(F)(F)F)ccc12,-7.1,3.4107753605083486,24_1330
O=C1c2ccc(OCO)cc2-c2c1c1ccccc1c(=O)n2Cc1ccccc1,-7.2,3.6402525949018694,24_1331
O=C1C(=O)N(CN2CCN(C=C3C=Nc4cc(-c5ccccc5)ccc43)CC2)c2ccc3ccccc3c21,-8.3,3.302850135999609,24_1332
O=C(Nc1ccccc1-c1cccc(-c2ncc[nH]2)c1)OCc1ccccc1,-7.2,3.6143359256660066,24_1333
O=C(Nc1cccc(C(F)(F)F)c1)Nc1nc(-c2cccc3ccccc23)cs1,-8.1,3.582570064465684,24_1334
O=C(NCc1ccccc1F)c1cccc(N=C2NC3CS(=O)(=O)CC3S2)c1,-7.6,3.6528696240273772,24_1335
O=C(Nc1cncc(-c2ccc3[nH]nc(-c4cc5c(-c6ccccc6)cccc5o4)c3c2)c1)c1ccccc1Br,-9.7,3.283381125963178,24_1336
O=C(c1ccccc1)c1cc(Cl)ccc1NC(=O)C(c1cccc(C(F)(F)F)c1)n1c(=O)c(-c2ccccc2)nc2ccccc21,-8.1,3.226838739718348,24_1337
COc1ccc2c(c1)c(C(=O)CNc1ccccc1-c1cccc(C(F)(F)F)c1)c(NCc1ccc3c(c1)OCO3)n2C,-7.6,3.17914344837485,24_1338
Cc1ccc(-c2ccc(C(=O)Nc3cccc(-c4ccccc4C(F)(F)F)c3)cc2)cn1,-7.8,3.5242553025207632,24_1339
CN(Cc1cc(-c2ccccc2)no1)C(=O)c1ccc(F)cc1NS(=O)(=O)c1cccc2cccnc12,-9.0,3.484514587581307,24_1340
Cc1cccc(S(=O)(=O)Nc2ccccc2C(=O)N2CCCC2)c1,-7.4,3.7964276505632286,24_1341
COCCNC(=O)C1(C)CCCN(C(=O)c2cccc(Cl)c2)C1,-6.0,3.61837816922652,24_1342
O=C(c1ccccc1-c1cccc(F)c1)N1CCc2sccc2C1c1ccc(C(F)(F)F)cc1,-7.8,3.3439701749727213,24_1343
O=C(O)c1cccc(-c2cccc(Nc3ccc4nnc(CNC(=O)c5ccccc5O)n4n3)c2)c1,-7.6,3.1347164132448633,24_1344
O=C(Nc1cccc(-c2ccc(-c3cccc4[nH]c(=O)[nH]c(O)coc34)cc2)c1F)c1cccc(F)c1F,-8.0,1.4263420127713093,24_1345
O=C(Nc1cncc(-c2ccc3[nH]nc(-c4cc5cnccc5[nH]4)c3c2)c1)C1CCCC1,-9.2,3.467415898887498,24_1346
O=C(Nc1ccccc1)c1ccc2c(c1)nc(Nc1cccc(Cl)c1F)c1ccncc12,-9.0,3.4689538248825427,24_1347
O=Cc1cccnc1C(Nc1ccc(F)cc1)c1cccc(-c2cccc(F)c2)c1,-8.0,3.546035230287616,24_1348
Cc1cccc(-n2c(=O)c3sc4ccccc4c3n(Cc3cccc(C(F)(F)F)c3)c2=O)c1,-8.4,3.5040638228153655,24_1349
O=C(N/N=C/c1cccc(-c2nc(-c3cccc(-c4cccc(Cl)c4Cl)c3)no2)c1)c1ccccc1-c1ccccc1,-7.8,3.192027783910671,24_1350
CC(C(=O)O)N1C(=O)c2ccccc2C1=O,-5.5,3.4395011837341123,24_1351
CC(=O)Nc1ccc(C2=Nc3cc(F)ccc3N(CC(=O)Nc3cccc4ccccc34)c3ccccc32)cc1,-8.5,2.397178801756654,24_1352
Cc1ccc(-c2nn(-c3cccc([N+](=O)[O-])c3)c(=O)c3c(N)ncnc23)cc1,-8.7,3.473475528308108,24_1353
O=C(Nc1ccc(Oc2ccccc2)cc1)c1cccc(-c2cccc(Nc3nccc(-c4cccnc4)n3)c2)c1,-7.0,3.2744016913413168,24_1354
O=C1CCC(c2ccc3[nH]cc(CCc4ccccc4)c3c2)=NN1,-7.6,3.664478291798659,24_1355
O=C(Nc1ncnc2c1cnn2-c1cccc(Cl)c1)c1ccc2c(c1)OCO2,-7.9,3.6552251768537065,24_1356
O=c1c2ccccc2nc(/C=C/c2ccccc2)n1-c1nc2ccccc2s1,-7.8,3.521456201990953,24_1357
O=C(c1cccc(-c2cccc(-c3nc4ccccc4[nH]3)c2)c1)N1CCN(c2ccc(F)cc2)CC1,-8.7,3.4648144352837686,24_1358
O=C(c1cc([N+](=O)[O-])ccc1N1CCOCC1)N1CCN(c2ncc(C(F)(F)F)cc2Cl)CC1,-7.1,3.4058282153284836,24_1359
O=C(Nc1cc2cc(-c3cccc(F)c3F)ccc2cn1)Nc1cccc2ccccc12,-8.3,3.4083794337634394,24_1360
O=C(c1ccc2cc(Oc3ccc(C(F)(F)F)cn3)ccc2n1)N1CC(N2CCOCC2)C1,-7.9,3.6178164031160747,24_1361
COc1ccc(C=NNC(=O)c2cccc(Nc3ccnc4cc(Cl)ccc34)c2)cc1O,-7.2,3.4627400293561856,24_1362
O=C(c1ccc(Nc2c3ccccc3nc3cccc([N+](=O)[O-])c23)cc1)c1ccccc1[N+](=O)[O-],-7.1,3.1536632621117096,24_1363
O=C(Nc1ccc(-c2nc3cc(-c4cccc(CO)c4)ccc3[nH]2)cc1)c1ccccc1Oc1ccccc1,-7.8,3.183054512161506,24_1364
O=C(c1cccnc1)c1cc(-c2ccc3c(c2)OCO3)nc2ccccc12,-7.9,3.5818470920328265,24_1365
O=C(Nc1ccc(Oc2ccnc3[nH]ccc23)c(F)c1)c1nn(-c2ccc(C(F)(F)F)cc2F)c2ccccc12,-7.3,3.2286784511517053,24_1366
N#Cc1cccc(C(c2ccc(C(=O)Nc3ccccc3Sc3ccccc3N)cc2)N2CCN(CCCO)CC2)c1,-6.6,3.2411470208832225,24_1367
O=c1[nH]c(-c2ccc3cccc(F)c3c2)ccc1-n1c(=O)n(Cc2ccccc2)c2ccccc21,-7.8,3.458180724717435,24_1368
CSc1ccccc1NC(=O)c1cccc(NC(=O)c2ccccc2Oc2ccccc2)c1,-7.5,3.418924543449156,24_1369
Cc1ccccc1Cn1nc2ccccc2c1Cl,-6.4,3.4841452421632035,24_1371
O=C(Nc1cccc(F)c1)N1CCC(c2ccccc2)(c2cccc3ccccc23)CC1,-7.7,3.3859192858688134,24_1372
N#Cc1ccc(-c2ccc(-c3ccccc3NS(=O)(=O)c3cccc(N)c3)cc2)cc1,-5.9,3.5900900432577973,24_1373
COc1ccc2nc(NC(=O)c3cccc(Oc4ccccc4)c3)sc2c1,-6.8,3.6860397732902097,24_1374
O=C(Nc1ccccc1N1CCOCC1)c1ccc(-c2cccc(C(=O)N3CCOCC3)c2)cc1,-8.2,3.6531900893798124,24_1375
N=CNc1cncn(-c2cccc(C(=O)Nc3ccccc3C(F)(F)F)c2)c(=N)c2ccc1o2,-8.0,1.1534054969750742,24_1376
Cc1nc2ccc(S(=O)(=O)NC(Cc3ccccc3C(F)(F)F)C(=O)N3CCN(C)CC3)cc2s1,-7.3,3.659585041068529,24_1377
O=C(c1cc(-c2ccccc2)on1)n1c2ccccc2c2ccccc21,-8.2,3.4956365359864128,24_1378
O=C1N=c2ccccc2=C1c1[nH]c2ccccc2c1NOCC1CO1,-6.9,3.5460215112133553,24_1379
Cc1ccc([C@H]2C[C@@H](c3ccccc3O)n3cc(-c4cccc5c4oc4ccccc45)nc32)cc1,-9.8,3.3791159876157173,24_1380
O=C1CC(c2ccc(C[C@H](Nc3nc4cc(F)ccc4s3)c3nc4ccccc4[nH]3)cc2)S(=O)(=O)N1,-9.0,3.3519887588952235,24_1381
O=C(Nc1cc(-c2ccccc2)nn1-c1cccc(F)c1)c1ccccc1Br,-8.7,3.645996183050192,24_1382
C=C(C(=O)O)c1cccc(-c2cccc(-c3nc4cc(-c5nc6cc(-c7ccccc7C(=O)N(C)C)ccc6[nH]5)ccc4[nH]3)c2)c1,-8.3,3.1047763146072165,24_1383
N#Cc1cccnc1-c1cccc(-c2cccc(-n3cc(/C=C/C(=O)NC=O)c(N=N)n3)c2)c1,-9.2,3.3349308678772305,24_1384
O=c1[nH]c(O)cn1-c1cccc(-c2cccc(-c3ncccc3CO)c2)c1,-8.3,3.599681639038831,24_1385
O=C(Nc1cccc(C(F)(F)F)c1)c1nc2ccccc2nc1Nc1cccc(-c2nc3ccccc3c(=O)o2)c1,-10.1,3.249039562873845,24_1386
COC=C(C(N)=O)C1=CC=NC(c2cccc(Nc3cc(-c4cccnc4)ccn3)c2)=CC=C1,-7.8,1.6061273241899414,24_1387
O=C(Nc1cccn2c(-c3cccc(NC(=O)c4ccccc4OC(F)(F)F)c3)cnc12)c1ccccc1,-7.9,3.3384677687662228,24_1388
O=C(Nc1nc2ccccc2n2c(=O)n(-c3ccc4ccccc4c3)nc12)c1ccccc1,-8.2,3.585873417446051,24_1389
Nc1nn(Cc2cccc(C(F)(F)F)c2)cc1CNC(=O)Nc1ccc(Cl)cc1,-6.7,3.6348998488472546,24_1390
O=c1ccn(-c2ccc(-c3cccc(-c4cccc5ccccc45)c3)cc2)c(=O)[nH]1,-8.0,3.539824200061094,24_1391
C1=COCC2(C=C1)Nc1cnccc1-c1cnc(Nc3cccc(N4CCOCC4)c3)nc12,-8.0,2.4879138532135388,24_1392
O=C(Nc1ccc2c(c1)OCCO2)c1cccc(-c2cccc(C(=O)N3CCCCC3)c2)c1,-7.8,3.648887386466261,24_1393
O=C(N=CCc1ccc2ccc(Nc3cccc(Br)c3)nc2c1)c1ccccc1,-7.6,3.568707823230945,24_1394
Cc1ccccc1CNC(=O)C1CCN(Cc2nc3ccccc3n2CC2C=CC=CC2)CC1,-7.2,3.5761491056230694,24_1395
CCn1c2ccccc2c2cc(-c3ccc(-c4ccccc4)cc3)ccc21,-7.8,3.049278537294857,24_1396
O=C(c1cccc(C(F)(F)F)c1)n1ccc2ccc(-c3c(Oc4ccc5ccccc5c4)c4ccccc4oc3=O)cc21,-9.4,3.0998639510560313,24_1397
COC1=CC=C(C2C(C)c3c(c4ccccc4c4ccccc34)C2C(=O)N2CCCCC2)C1OC,-7.7,3.2562496833778343,24_1398
O=C(Nc1cccc(-c2n[nH]c(=O)o2)c1)c1ccc(Nc2ccccc2F)nc1,-7.2,3.5883953327272824,24_1399
O=C(Nc1cccc(CN2CCC(C(=O)NC3CCCCC3)CC2)c1)c1ccc(Cl)cc1Cl,-6.9,3.5265174306193763,24_1400
O=C1c2ccccc2C(=O)c2c1nc1c(Cl)cccc1c2-c1ccccc1,-7.5,3.502704235405052,24_1401
COc1ccccc1C(=O)Nc1cc2c(cc1N1CCOCC1)N(C(=O)C(C)C)C(=O)C(C)(C)C2,-7.0,3.641403367862338,24_1402
O=C(NCc1ccc(F)cc1)c1cn(-c2ccccc2)nc1-c1cc2ccccc2o1,-8.1,3.5725421006541085,24_1403
Oc1cccc(-c2ccc(-c3ccc4ccccc4n3)cc2)c1,-7.2,3.476533192725525,24_1404
CN(C)CCNc1nc2ccc(-c3cc(Nc4ccccc4S(=O)(=O)N4CCOCC4)nc4ccccc34)cc2s1,-7.5,3.2480035008074823,24_1405
NS(=O)(=O)c1ccc(-c2ccc3c(c2)OCO3)cc1-c1nc2ccccc2[nH]1,-8.1,3.647190083816225,24_1406
O=C(c1cccc2ccccc12)c1cn(CCN2CCNCC2)c2ccccc12,-8.3,3.604328656582192,24_1407
CN(c1ccc2c(c1)S(=O)(=O)N=C2)c1ccccc1C(N)=O,-6.7,3.715671493107456,24_1408
O=C(Nc1cccc(C(F)(F)F)c1)Nc1cccc(-c2ccc3c(c2)CCCO3)c1O,-8.2,3.5243626450264003,24_1409
O=C1c2ccccc2C(=O)c2c(Cl)cc(Nc3c4ccccc4nc4ccccc34)cc21,-9.4,3.4386607666883053,24_1410
COc1ccccc1NC(=O)c1cccc(-c2cccc(-c3c[nH]c4ccccc34)c2)c1,-8.5,3.3031779635491407,24_1411
Cc1ccc(C=NNC(=S)Nc2ccccc2)cc1C,-6.1,3.4515046138097554,24_1412
O=C(NNC(=O)c1cccs1)c1ccc(-c2nc3ccccc3s2)cc1,-6.9,3.6483140296319427,24_1413
O=C(Nc1ccccc1N1CCCC1)C1COc2ccccc2O1,-7.3,3.6906366158817128,24_1414
C=C(C=CC=CC#N)c1csc2cnc(Nc3cccc(C(=O)N4CCOCC4)c3)nc12,-7.0,3.61384518704701,24_1415
CCn1c(O)c2c(c1O)[C@](O)(c1cccc(F)c1)N1C3=NC(Cc4cccn4-c4ccccc43)[C@H]21,-7.5,1.4654678425653005,24_1416
CN1CC(C(=O)C=CC=CC#N)=C(c2ccc3ccccc3c2)C1=O,-6.5,3.506552668389716,24_1417
NC(=O)NN=C(N=Cc1ccccc1)c1cccc(-c2ccc(-c3ccccc3CC(=O)Nc3ccccn3)cc2)c1,-7.9,2.9757054683272814,24_1418
COc1cc(OC)cc(C(=O)Nc2ccccc2C)c1,-6.0,3.7090968951015757,24_1419
COc1ccc(C(=O)Nc2cc(-c3cccc(-c4ccccc4F)c3)ccc2F)cc1NC(=O)c1ccccc1-c1ccccc1,-9.1,3.020511753232939,24_1420
O=C(CSc1ncnc2c1nnn2Cc1cccc(F)c1)Nc1cccc(Cl)c1,-6.1,3.5417062906314607,24_1421
O=C(Nc1cccc(-c2cc3ccccc3[nH]2)c1)c1cc(Cl)ccc1O,-7.7,3.515677141467055,24_1422
O=C(Cc1cc(C(F)(F)F)cc(C(F)(F)F)c1)N1CCc2c([nH]c3ccccc23)C1c1ccc(F)cc1,-9.3,3.340161176032467,24_1423
Oc1ccc(-c2cc(-c3cccc(F)c3)c3c(n2)-c2cccc(O)c2C3)cc1,-9.0,3.5382346254688546,24_1424
Cc1ccc(-c2ccc(/C=C3/C(=N)NN(c4cccc(C(F)(F)F)c4)C3=O)cc2)o1,-8.4,3.631706954827771,24_1425
O=C(c1ccc(-n2cnnc2)cc1)N1CCN(c2ccccc2C(F)(F)F)CC1,-7.1,3.7229166148951363,24_1426
Cc1cccc(C(=O)NC2C(=O)Nc3c(c(C)nn3-c3ccccc3)[C@H]2c2ccccc2)c1,-7.7,3.647416138637069,24_1427
COc1ccccc1CNC(=O)c1ccccc1NC(=O)c1ccccc1F,-7.2,3.708076918742771,24_1428
C[n+]1c2ccccc2c(Nc2ccc(Cl)cc2Cl)c2ccccc21,-6.3,3.30194231404381,24_1429
Oc1cccc(-c2cccc(-c3ccc4c(c3)OCCO4)c2Cl)c1,-7.6,3.668230987003199,24_1430
COc1ccccc1-c1ccc2c(c1)[C@@H]1[C@@H](CCN1C(=O)c1ccncc1)[C@H](c1cccs1)CN2,-7.2,2.5361033282912757,24_1431
O=C(NCCN1CCOCC1)c1ccc(NC(=O)N2c3ccccc3C=Cc3ccccc32)cc1,-7.7,2.6417982175970405,24_1432
O=C(CCl)Nc1ccccc1-c1[nH]c2ccccc2c1C=NC(=O)c1cccc(C(F)(F)F)c1,-7.9,3.418463301251033,24_1433
O=C(Nc1ccccc1C(F)(F)F)c1cccc(-c2cccc(NC(=O)c3ccccc3-c3ccccc3)c2)c1,-8.0,3.1556965048098644,24_1434
Cn1c(-c2cccc(-c3cccc(NC(=O)c4ccccc4Cl)c3)c2)nc2ccccc21,-8.3,3.388603848809412,24_1435
N#Cc1cccc(-c2cccc(-c3cccc(C4CCN(CCNC(=O)c5ccccc5)CC4)c3)c2)c1,-8.3,3.4793746532632497,24_1436
O=P(O)(O)C(F)(Cc1cccc(-c2cccc(F)c2F)c1)P(=O)(O)O,-6.4,3.3726655662169365,24_1437
Cc1ccccc1C=Cc1c(O)nc(Nc2ccc3c(c2)OCO3)n1-c1ccccc1,-7.2,3.6132110709623477,24_1438
Cc1cccc(-c2nc(C(F)(F)F)cn2-c2ccc(S(N)(=O)=O)cc2)c1,-8.1,3.746661372335012,24_1439
N#Cc1cccc(-c2cccc(-c3nc4cccc(-c5cccc(-c6nc7ccccc7[nH]6)c5)c4s3)c2)c1,-9.3,3.3476463236353484,24_1440
O=C1Nc2ccccc2C1=NN=c1scc(O)n1-c1ccc(O)cc1,-8.0,3.5437665944711445,24_1441
O=C1OCC(c2cccc(-c3cc4cccc(O)c4o3)c2O)C1=O,-7.6,3.597213782524137,24_1442
O=C(Nc1nc2ccc(-c3ccccc3)cc2s1)c1ccccc1-c1cccc(C(F)(F)F)c1,-8.4,3.350777764118151,24_1443
O=C(N[C@@H](c1cccc(C(F)(F)F)c1)c1ccccn1)c1cccc(-c2cccc(-c3ccc4c(c3)OCO4)c2)c1,-8.8,3.360029569640508,24_1444
CC(C)=CCC/C(C)=C\Cc1c(O)cccc1/C=C/c1ccc(-n2c(C=Cc3ccc(O)cc3)nc3ccccc3c2=O)c(Cl)c1O,-6.5,2.870152607958181,24_1445
O=C(NCCN1CCOCC1)c1ccc2sc3cc(Nc4cccc5cccc(F)c45)ccc3c(=O)c2c1,-7.1,3.4123935080866152,24_1446
O=C(Nc1cccc(-c2cccc(C(=O)N3CCOCC3)c2)c1)c1cccc2cccnc12,-8.1,3.682342993986911,24_1447
COC(=O)c1ccc(-c2cccc(-c3cc(C(=O)Nc4ccc(F)cc4F)c4ccccn34)c2)cc1,-8.4,3.360498007739881,24_1448
O=C(Nc1ccc(-c2cc(N3CCOCC3)nc(N3CCOCC3)n2)cc1)Nc1cccc(-c2cccc(F)c2F)c1,-8.1,3.377562292223198,24_1449
O=C(Nc1cccc(C(F)(F)F)c1)c1cc(-c2ccccc2)nc2ccccc12,-8.7,3.574958914123881,24_1450
NS(=O)(=O)c1ccc(NC(=O)Nc2ccccc2)cc1,-6.0,3.5570107807993843,24_1451
Cc1cc(CNC(=O)c2ccc3c(c2)OCCO3)c(C)o1,-6.2,3.758388003842716,24_1452
O=C(/C=C/c1cccc(OCc2ccccc2)c1)Nc1ccc(-n2cnn(C[C@@](O)(Cn3cncn3)c3ccc(F)cc3F)c2=O)cc1,-6.7,2.989618530537025,24_1453
CCCCC(c1ccc(-c2ccnc(NC(=O)c3ccc(F)cc3)c2)[nH]1)c1ccco1,-6.7,3.553600294256787,24_1454
N#Cc1cccc(NC(=O)Cn2c(=O)n(CCC(=O)NCc3ccc4c(c3)OCO4)c(=O)c3ccccc32)c1,-7.7,3.353513632772775,24_1455
O=C(Nc1ccccc1C(=O)Nc1cccc(-c2ccc(NC(=O)c3ccccc3[N+](=O)[O-])cc2)c1)c1ccccc1Cl,-7.7,3.066163066523946,24_1456
O=C(Nc1cccc(-c2cccc(-c3cccc(F)c3)c2)c1)c1cccs1,-8.1,3.516030935852065,24_1457
O=C(Nc1cccc(-c2cccc(-c3nc4cc(F)ccc4[nH]3)c2)c1)c1ccccc1-c1ccccc1,-9.1,3.297956728102947,24_1458
O=C(Nc1ccc(-c2n[nH]c(Nc3ccc4c(c3)OCCO4)n2)cc1)Nc1cccc(C(F)(F)F)c1,-6.0,3.3907964137790003,24_1459
O=C(Nc1ccc2oc(-c3cccc(Cl)c3Cl)nc2c1)c1cccc(-c2ccccc2Cl)c1,-8.1,3.4322447296460457,24_1460
Cc1cccc(C)c1NC(=[Se])N/N=C/c1cccc2ccccc12,-7.0,3.505837721831223,24_1461
Oc1cc(Cc2c[c]ccc2)cc(CN2C=c3ccccc3=Nc3ccccc32)c1,-8.6,2.5868042261144213,24_1462
O=C(Nc1cccc2c1c1ccccc1n2-c1ccccc1)c1ccccc1Br,-7.4,3.3964150279361887,24_1463
O=C(Nc1cccc(C(F)(F)F)c1)c1cccc2c1-c1ccccc1C2=O,-7.6,3.6377774647444805,24_1464
O=c1[nH]c(=O)n([C@@H]2O[C@H](CO)[C@@H](O)[C@@H]2F)cc1-c1ccccc1,-7.7,3.503706720746286,24_1465
O=c1[nH]c2ccc(Nc3ccccn3)cc2cc1-c1cccc(-c2cccc(F)c2F)c1,-7.8,3.4859805798821997,24_1466
OCc1nc2cc(C=C3C=C(c4cccc(-c5ccc(F)cc5)c4)C=C3c3cccnc3)ccc2o1,-8.6,3.3431853926534543,24_1467
NCc1ccccc1-c1ccc2[nH]c(-c3cccc(NC(=O)Nc4cccc5[nH]ccc45)c3)cc2c1,-8.0,3.0164202376233855,24_1468
O=C(Nc1cccc(-c2cccc(Cl)c2F)c1)c1cccc(-c2cc(C(=O)N[C@@H]3CCCN3F)c3ccccc3n2)c1,-8.3,3.272701293891295,24_1469
C1=COCC2N=CN=C(Nc3ccccc3Oc3ccccc3)c3ccccc3N=CNC2=C1,-9.4,1.1934613273341181,24_1470
O=CC=C1OC=CC(OCCOC2C=CN(CCOc3cccc(CN(Cc4ccccc4)Cc4ccccc4-c4ccccc4)c3)N=C2)c2ccccc2Cc2cccc1c2,-7.1,0.03873152632788468,24_1471
O=C(NNC(=O)c1cc(F)ccc1Cl)c1cccc(-n2ccc(C(F)(F)F)n2)c1,-7.4,3.579372728631073,24_1472
O=C(Nc1nc(-c2cccc(F)c2)cs1)c1ccccc1Nc1cccc(C(F)(F)F)c1,-8.0,3.5246700903430934,24_1473
O=C(/C=C/c1cccc(Sc2ccc(Cl)cc2Cl)c1)Nc1cccc(-c2cnc3ccccc3n2)c1,-7.4,3.362384653445242,24_1474
O=C(NCc1ccc2c(c1)OCO2)c1cccc(C(=O)N2CCN(c3ccccc3)CC2)c1,-7.7,3.6784300619919783,24_1475
O=C(N=NC(=O)c1ccc2c(O)n(CCc3ccccc3)c(O)c2c1)c1ccc([N+](=O)[O-])cc1,-6.9,3.323845084234783,24_1476
Cc1c(C(=O)Nc2ccc(Oc3ncnc4[nH]cc(-c5ccccc5)c34)c(F)c2)c(=O)c2ccccc2n1-c1ccccc1,-8.3,3.2147701587469646,24_1477
O=C(CSc1ccccc1)N1CCN(c2ccc(-c3cccc4ccccc34)cc2)CC1,-7.2,3.4208037173399743,24_1478
CNc1nnc(-c2ccc3[nH]cc(-c4cccc(-c5ccccc5OC)c4)c3c2)o1,-7.7,3.5331254310049562,24_1479
COC=CCC=Nc1nc(Nc2ccccc2C(N)=O)c2cc(C(F)(F)F)ccc2n1,-7.8,3.569164780294598,24_1480
O=C(c1ccccc1F)N1CC=C(c2ccccc2-c2cc3ccc4ccccc4c3[nH]2)CC1,-8.7,3.2460196800526293,24_1481
O=C(Nc1cccc(C(F)(F)F)c1)Nc1ccccc1-c1cc2ccccc2[nH]c1=O,-8.3,3.4807233492241947,24_1482
O=C(c1cccc(-c2ccccc2COc2cccc(C(F)(F)F)c2)c1)N1CCCCC1,-8.6,3.5308642434855138,24_1484
CC1CC(c2cc(Nc3cccc(C(F)(F)F)c3)ncn2)C=CC=CNS(=O)(=O)c2ccccc2C1=O,-8.7,1.6083280591742417,24_1485
O=C(Nc1ccc(Cl)cc1)C1CCC(CNc2c(N3CCCCC3)c(=O)c2=O)CC1,-8.1,3.587154571155449,24_1486
O=C(Nc1cccc(Nc2c3ccccc3nc3cc(-c4ccccc4)ccc23)c1)c1cccc(Cl)c1,-8.8,3.2477365710808357,24_1487
O=C(CCc1ccc(-c2ccccc2CN2CC[C@@H](O)C2)cc1)N=C(Cc1c[nH]c2ccccc12)C(=O)Nc1cccc(F)c1,-8.5,3.1151683991160883,24_1488
COCCn1cc2c(c1)C(=NCc1ccc(OC)cc1)c1cc(OC)c(OC)cc1N=CN2,-6.8,1.8128138611070934,24_1489
COC=C1C=COC(C(=O)Nc2nc3cc(-c4ccccc4C(F)(F)F)ccc3n2CCCN)=C1,-6.8,3.5895045092921762,24_1490
O=C(Cc1cccc(NC(=O)c2ccccc2NC(=O)c2cccc(Cl)c2)c1)Nc1cccc(C(=O)N2CCOCC2)c1,-8.9,3.3484328184700405,24_1491
O=C(NC(Cc1c[nH]c2ccccc12)C(=O)Nc1ccncc1)c1cccc(-c2ccccc2F)c1,-7.9,3.3829269834836095,24_1492
Fc1ccc(NC(=S)Nc2ccc3ncnc(Nc4cccc(Cl)c4)c3c2)cc1,-7.6,3.5306138916507925,24_1493
Oc1ccc(N[C@@H]2CC[C@H](C=C3C=CC(=CC4=CC(=NC[C@H](c5cc6ccccc6[nH]5)[C@H](F)Cl)C=C4)C3)C2)cc1,-7.7,3.008582397751783,24_1494
COc1ccccc1C(=O)Nc1c[nH]nc1C(=O)NC1CCN(c2cccc(C(C)=O)c2)CC1,-7.4,3.5253445470891274,24_1496
O=c1cc(-c2cccc(O)c2)c2ccccc2n1-c1ccccc1-c1ccccc1,-7.2,3.4471333293431314,24_1497
O=C(Cc1cccc(C(F)(F)F)c1)Nc1ccc(-c2cccc3c(=O)cc(N4CCOCC4)oc23)cc1,-7.9,3.6492055743784313,24_1498
O=C(c1ccccc1Nc1cccc(C(F)(F)F)c1)N1CCN(c2nc(=O)c3cc(C(F)(F)F)cc([N+](=O)[O-])c3s2)CC1,-7.6,3.154784343070192,24_1499
O=C(Nc1nnc(-c2ccc3c(c2)CCC3)o1)c1ccccc1,-7.5,3.7656522780463346,24_1500
O=C(N=CC1=CCC(c2cc3ncccc3o2)C=C1)c1cccc(-c2ccc3c(c2)COC3=O)c1,-8.0,3.3796652118564072,24_1501
O=C1C=CC=C(C(F)(F)F)CCC(c2ccnc3cc(-c4cccc(C(=O)NC5CC5)c4)nn23)CC=CC=N1,-8.6,1.3782207748069797,24_1502
Cc1nc2ncnc(NC(c3cccc(F)c3)c3cccc(-c4ccccc4)c3)c2cc1C=CC(N)=O,-8.5,3.3847149008968893,24_1503
NN=C(C=NCC(=O)c1ccccc1-c1ccccc1)c1ccccc1C=O,-6.9,3.3180276982431205,24_1504
O=C(Nc1cccc(Nc2c3ccccc3nc3ccccc23)c1)c1ccccc1O,-8.5,3.39170783385984,24_1505
O=[N+]([O-])c1cccc(-c2ccc(-c3ccnc(-c4ccccc4C(F)(F)F)c3)s2)c1,-7.4,3.488204365846083,24_1506
Cn1c(=O)n(CC2CCCO2)c2ccc(-c3cccc([N+](=O)[O-])c3)nc21,-7.4,3.594054927707874,24_1507
O=C(Nc1cccc(Nc2ccc3c(c2)CCc2ccccc2C3=O)c1)c1ccccc1,-8.2,2.5741289372856313,24_1508
O=C(Nc1ccccc1C(=O)N1CCCCC1)c1ccccc1-c1nc2ccccc2n1Cc1ccccc1,-8.3,3.4136286192549026,24_1509
CC(C[C@]1(CC(=O)O)Cc2cccc(C(=O)Nc3cccc(-c4cccc(-c5nc6ccccc6[nH]5)c4)c3)c2[CH]O1)=Nc1cccc(-c2cccc(C(F)(F)F)c2)c1F,-7.9,2.6237135271274727,24_1510
O=C(c1ccc(N2CCN(C(=O)c3ccccc3F)CC2)cc1)N1CCN(c2ccccc2F)CC1,-6.5,3.581262247339312,24_1511
O=C(c1ccc(-c2cccc(-c3cc4ccccc4s3)c2)cc1)N1CCCC1C(O)=NO,-7.3,3.322219961067285,24_1512
O=C(Cn1c2ncccc2c(=O)n1-c1cccc(Cl)c1Cl)Nc1ccc2c(c1)CS(=O)(=O)C2,-8.0,3.6149873226242764,24_1513
O=C(Nc1ccc(F)cc1)c1cccnc1Oc1cccc(N2C(=O)c3ccccc3C2=O)c1,-8.5,3.6261156255781715,24_1514
CC1(c2ccc(C(F)(F)F)cc2)CN(c2ncnc3c2nc2n3CCCCC2)CCCC1=O,-8.7,2.6025373260121647,24_1515
O=C(Nc1ccccc1)c1ccc(NCc2cccc(Cl)c2)nc1Nc1cccc(C(F)(F)F)c1,-9.2,3.4439886261715795,24_1516
CCn1c(C(=O)Nc2ccc(OC)cc2)cc2cc(-c3cccc(C(N)=O)c3)ccc21,-6.8,3.653347587968552,24_1517
C=CC(C=CCC(=O)N1c2ccccc2C=Cc2ccccc21)=NC=c1ccc2cccc(-c3ccccc3)c2c(=O)c1=C,-7.2,2.0948124828247874,24_1518
CN(C)C(=O)n1cc(C(=O)c2cccc(NC(=O)c3cc4cc(F)ccc4[nH]3)c2)c2ccccc21,-8.2,3.469635509409225,24_1519
O=C(Nc1cccc(Cl)c1)C(=O)N1CCN(C(=O)c2ccccc2)CC1,-6.7,3.6869215393703123,24_1520
O=C(c1ccc(NS(=O)(=O)c2cccc3cccnc23)cc1)N1CCC(O)(c2ccc(F)cc2)CC1,-7.8,3.6018372038613613,24_1521
O=C(Nc1cccc(Oc2cccc(F)c2F)c1)c1cc2ccccc2[nH]1,-7.5,3.603674016351876,24_1522
Cc1cccc(S(=O)(=O)N(Cc2ccc3c(c2)CCO3)C(C)C(=O)O)c1C,-6.5,3.7691042417628413,24_1523
O=C1C=C(N(Cc2cn(-c3ccccc3F)nn2)c2cccc([N+](=O)[O-])c2)C(=O)c2ccccc21,-8.2,3.413555414921226,24_1524
O=C(Nc1cccc(-c2cnc3c(NC(=O)c4ccccc4)cccn23)c1)c1cccc(C(F)(F)F)c1,-7.8999999999999995,3.382308560798931,24_1525
O=C(NC(=S)Nc1cccc2ccccc12)c1cc(-c2ccccc2)nc2ccccc12,-8.1,3.4293388634472155,24_1526
CC(=O)N=C(Cc1ccccc1)C(=O)NCc1ccccc1Cl,-6.3,3.6810500201555705,24_1527
O=C(NCCCCc1ccccc1)NC(=O)Nc1cccc(C(F)(F)F)c1,-6.8,3.550127708927643,24_1528
N=C(Nc1nnc(-c2cccc(-c3cccc4ccccc34)c2)s1)c1ccccc1Cl,-8.2,3.385724525885264,24_1529
O=C(Nc1ccccc1)c1nn(-c2ccc(F)cc2)c2ccccc2c1=O,-8.4,3.7201731746373623,24_1530
O=C(c1cccc(-c2cccc(-c3cc4ccccc4o3)c2)c1)N1CCN(c2ccccc2)CC1,-9.2,3.35373140579293,24_1531
O=C(CC[C@H]1CCCN(c2cccc(F)c2)C1)NCc1cccc(C(F)(F)F)c1,-6.4,3.6168222169844957,24_1532
COc1ccc(-c2cc(-c3cccc(OC)c3OC)[nH]c(=S)n2)cc1,-6.9,3.756659557885367,24_1533
Cc1ccc(NC(=O)c2ccc(N3C(=O)c4ccccc4C3=O)cc2)cc1C(=O)Nc1ccc2c(c1)OCCO2,-5.7,3.3549377694517517,24_1534
O=C(Nc1cccc(-c2cc3cc(-c4ccccc4CO)ccc3o2)c1)c1cccc(C(F)(F)F)c1,-8.0,3.4001198576572493,24_1535
O=C1CCN(c2ccccc2F)CCNC2c3c(c1nn3-c1ccc(Cl)cc1Cl)CN2C(=O)CCc1ccccc1,-9.5,1.1049028957295288,24_1536
O=C(Nc1ccc(C2=CCN(C(=O)c3ccoc3)CC2)cc1)N1Cc2ccncc2C1,-7.2,3.6781817450785144,24_1537
O=C(c1ccc2c(c1)OCO2)C1C(=O)c2ccccc2S(=O)(=O)c2ccccc21,-8.0,2.5305498560314623,24_1538
O=C(N=CC1=CC(=CC2C=CC(c3ccc4ccc5cccc6ccc3c4c56)=C2)C=C1)c1cc2ccccc2oc1=O,-8.6,2.8507440918701517,24_1539
CC(=O)N1CCN(C(=O)c2cc(-c3cccc(-c4cccc(C(=O)NCC(C)C)c4)c3)c(C)cc2C)CC1,-8.3,3.6225733997019427,24_1540
O=C(Nc1cccc(Cl)c1Cl)Nc1cc(-c2ccccc2)nn1-c1ccccc1,-8.2,3.6224925209836893,24_1541
CI,-1.3,1.0992553437585277,24_1542
N[C@H](CNc1nc2ccccc2n1Cc1ccccc1)Cc1ccccc1F,-7.2,3.644038413811682,24_1543
COc1cccc(C(=O)c2cccc(-c3cccc(-c4ccccc4Cl)c3)c2)n1,-8.4,3.4705111040284016,24_1544
Clc1ccc2c(c1)C(c1ccccc1)=NN=C(c1ccccc1)N2,-7.0,2.7062836215426964,24_1545
O=C(Nc1cccc(-c2cc[nH]n2)c1)C1CCCN1C(=O)c1ccccc1Cc1ccccc1,-8.3,3.5910235009090403,24_1546
O=C(Nc1cccc(-c2cc3cc(-c4ccccc4CO)ccc3[nH]2)c1)C1=CCC=CC=C1,-7.6,2.431665366019085,24_1547
C[C@H]1COCCN1c1nc(N2CCOC[C@@H]2C)c2ccc(-c3cccc(C(=O)N(C)C)c3)nc2n1,-6.6,3.5269581549855813,24_1548
O=C1Nc2ccccc2C12CCCN(c1nc3ccccc3nc1Nc1cccc(-c3cccc(F)c3)c1)C2,-9.7,3.3285304273649827,24_1549
O=C(NC1CCN(c2cccc(-c3nc4cc(C(F)(F)F)ccc4[nH]3)c2)CC1)c1cc2ccccc2[nH]1,-7.9,3.3994260676851438,24_1550
O=C(Nc1cccc2ccccc12)c1cccc(-c2cccc(-c3cccc(C(=O)NC4CC4)c3)c2)c1,-8.9,3.272239515981593,24_1551
O=C(Nc1ccc(-c2cccc(-c3ccccc3OC(F)(F)F)c2)cc1)c1ccccc1,-7.8,3.437025411589027,24_1552
O=C(NCc1ccc(OC(F)(F)F)cc1)c1cccc(-c2cccc(-c3nc4ccccc4[nH]3)c2)c1,-8.5,3.430650504909183,24_1553
O=C(NCc1ccc(-n2nc(C(F)(F)F)c3c2CCCC3)cc1)c1ccc2ccccc2c1,-8.2,3.6240624767702734,24_1554
O=C(NCc1ccco1)c1ccc(CSc2nc3ccccc3n2Cc2ccc(F)cc2)cc1,-7.6,3.4456338566068796,24_1555
C=CC[N+]1=c2ccccc2=C(N2CCN(CCO)CC2)C1=C/C=C/c1cc(Br)co1,-6.8,3.5149872194258576,24_1556
CC1CCC=CC1=NC(=O)c1ccccc1N1C(=O)c2cccc3cccc(c23)C1=O,-8.1,3.480568133084656,24_1557
O=c1oc2ccccc2cc1-c1cc(-c2ccc(Cl)cc2)nc2ccccc12,-8.4,3.3552810067604053,24_1558
Cc1ccccc1-c1nc(-c2cccc3ccccc23)c(-c2cccc(Oc3ccccc3)c2)o1,-8.5,3.1422727566679036,24_1559
O=C(C=C1c2ccccc2C(=O)c2ccccc21)C1=Cc2ccccc2O[C@H]1c1ccccc1,-9.2,3.2161038917036904,24_1560
O=C(O)/C(=C\c1cccc(F)c1)c1cccc(OCc2ccccc2)c1,-6.7,3.535859485513424,24_1561
Cc1ccc(-c2cc(-c3ccc4c(c3)OCO4)cc(-c3ccco3)n2)cc1,-8.5,3.5523936698826772,24_1562
O=CC=c1occc(Oc2cccc(-c3cc(-c4ccccc4)c4cc(-c5ccccc5)oc4c3O)c2)cc2cccc1c2,-8.8,0.9626307478312697,24_1563
COc1ccc([C@@H](C)NC(=O)c2cccc(-n3cc(NC(=O)Nc4ccccc4Cl)cn3)c2)cc1F,-7.1,3.472315735192399,24_1564
O=C(Nc1ccccc1-c1nc2ccccc2[nH]c1=O)c1ccccc1Cl,-7.6,3.657644821104138,24_1565
O=C(Nc1cccc(-c2cc3ncccc3c(=O)o2)c1)c1ccc(Br)cc1,-7.2,3.702558037142417,24_1566
O=C(Nc1ccc(Oc2ccnc3[nH]ccc23)cc1)c1cc(-c2cccc(Cc3ccccc3)c2)c2ccccc2c1,-8.2,3.084145629822665,24_1567
N=CCC=C([O-])c1cc(Nc2cc(-c3ccccc3)nc(-c3cccs3)c2)ccc1[N+]=O,-7.4,3.4320943244133257,24_1568
CC(NC(=O)c1cccc(F)c1)C(c1ccccc1)n1cnnn1,-6.5,3.776434596975788,24_1569
O=C(Nc1ccc(-c2nc3ccccc3[nH]2)cc1)c1cc(-c2cccc3ccccc23)nc2ccccc12,-8.6,3.3581573313969884,24_1570
O=C(Nc1ccc2c(c1)OCCO2)c1cccc(N2CCCC2=O)c1,-7.7,3.7259011769205452,24_1571
O=C(Nc1cccc(-c2cccc(-c3nc4cc(C(F)(F)F)ccc4[nH]3)c2)c1)Nc1ccc2ccccc2c1,-9.3,3.117754137077044,24_1572
c1ccc(Cn2cnc3c(Nc4cccc(-c5ccccc5)c4)ncnc32)cc1,-7.2,3.5702601041595905,24_1573
O=C(O)C1C=C(c2ccccc2)C=C(c2ccccc2)N1C1=CCC(c2ccccc2)=CC=C1,-7.9,2.4502325600445642,24_1574
O=C(c1cccc(-c2ccccc2)c1)N1Cc2ccccc2CC1COc1ccc(-c2ccc(Cl)cc2)cc1,-9.5,3.140096656895855,24_1575
Nc1ccccc1NC(=O)c1ccc(-c2cccc(-c3ccccc3C(=O)Nc3cccnc3)c2)cc1,-8.2,3.3012983342414692,24_1576
O=C(NCc1ccc(-c2cccc(-c3cccc(-c4ncccc4CO)c3)c2)o1)c1cc2ccccc2[nH]1,-8.5,3.315587509715246,24_1577
O=C(Nc1cccc(Oc2ccccc2Cl)c1)c1cc(-c2ccc(Cl)cc2)nc2ccccc12,-7.7,3.4022995172370107,24_1578
C=CN1N=C(NCCC2=CC=COC2)C(C(=O)NCC2CCCO2)=Cc2c1nc1ccccn1c2=O,-8.1,2.35481079151206,24_1579
O=C(Nc1cccc(-c2cccc(-c3nc4cc(C(F)(F)F)ccc4[nH]3)c2)c1)c1ccc(F)cc1,-8.2,3.2512717517338245,24_1580
O=C(N/N=C/c1cccc(-c2ccc(F)cc2)c1)c1cccnc1Nc1cccc(C(F)(F)F)c1,-7.9,3.30270914293569,24_1581
O=C(NCc1ccnc(NC(=O)c2ccccc2-c2ccccc2)c1)c1cccc(C(F)(F)F)c1,-8.1,3.569021188085743,24_1582
O=C(Nc1ccc(-c2ccnc(Nc3cccc(N4CCCC4)c3)n2)cc1)c1ccccc1Cl,-8.1,3.5704244739874813,24_1583
O=C(c1cccc(-c2cccc(Nc3nc4cccc(Cl)c4o3)c2Cl)c1)N1CCOCC1,-8.6,3.667473026639862,24_1584
O=C(O)c1cccc(-c2cccc(-c3cccc(-c4cc5cc(-c6ccccc6)ccc5[nH]c4=O)c3)c2)c1,-8.7,3.2723983847213236,24_1585
Cc1nc2sc3ccccc3n2c1-c1n[nH]c2cc(c(N3CCCC3)[nH]1)C=CC=C2,-8.0,1.6894829591119347,24_1586
Cc1ccc(C(=O)c2ccc3c(ccn3Cc3ccccc3C(F)(F)F)c2)cc1C,-7.7,3.404406779246054,24_1587
Cc1ccc(Nc2cc(Cl)nc(N)n2)cc1,-6.1,3.563758969791792,24_1588
NC(=O)c1ccccc1NC(=O)c1cccc(NC(=O)c2ccccc2Cl)c1,-7.1,3.666572345520878,24_1589
CNC(=O)c1cccc(Nc2nccc(-c3cccc4cc[nH]c34)n2)c1,-7.9,3.6261483752309465,24_1590
O=C(NCc1cccc(-c2cccc(-c3ccccc3)c2)c1)c1cc2cnccc2[nH]1,-8.6,3.338929249673022,24_1591
COc1cccc(N2CCN(C(=O)c3cccc(N=C4NC5CS(=O)(=O)CC5S4)c3)CC2)c1,-7.5,3.4818868031108137,24_1592
Cc1ccc(NC(=O)Cc2nc3ccccc3nc2Nc2ccc(C)cc2)cc1,-8.1,3.655332300350093,24_1593
O=C(Nc1cccc2cc(-c3cccc(NC(=O)C(F)(F)F)c3)cnc12)c1cccc(-c2cccc(F)c2)c1,-7.9,3.2491592933745563,24_1594
O=C(c1cccnc1Nc1cccc2[nH]ccc12)N1CCN(c2ccc(F)cc2F)CC1,-8.1,3.680727340019556,24_1595
O=C1N=C(Nc2nsc3ccccc23)S/C1=C\c1ccccc1,-6.6,3.6953067982514005,24_1596
CCc1cccc2cc(C(=O)NCc3cccc(-c4cccs4)c3)c(Nc3cccc(C#N)c3)nc12,-6.7,3.3954390490504918,24_1597
CC(=O)N1CCN(c2ccc(Nc3ncc(Cl)c(NCC4C=CC(=O)N=CC=CC4)n3)cc2F)CC1,-6.6,1.3565729136257776,24_1598
O=C(Cc1ccc(F)cc1)NCC(=O)N1c2ccccc2Sc2ccccc21,-7.2,3.7279281142502967,24_1599
COc1ccc(-c2csc(C(O)c3cccc(OC)c3)n2)cc1,-6.2,3.7818254111711918,24_1600
O=C(Nc1cccc(-c2cccc(-c3nc4cc(C(F)(F)F)ccc4[nH]3)c2)c1)c1ccccc1Cl,-8.7,3.2846494799855677,24_1601
O=C(Nc1cccc(C(=O)Nc2ccc(Cl)c(Cl)c2)c1)c1ccccc1,-6.8,3.671571450010857,24_1603
N#C/C(=C\c1ccc2ccccc2c1)c1cccc(-c2cccc(-c3cccc(C(=O)NC4CC4)c3)c2)c1,-7.6,3.116467619950515,24_1604
O=C(Nc1nn(Cc2ccc(C(F)(F)F)cc2)c2ccccc12)c1cc2ccccc2o1,-8.5,3.5723641843232596,24_1605
O=C(COc1cccc(Cl)c1)Nc1nnc(-c2cncc(NC(=O)c3cccc(-c4ccco4)c3)c2)o1,-8.1,3.222353816545027,24_1606
CCNCCC(=O)c1cc(-c2ccccc2)nc2c(-c3ccccc3)cccc12,-6.4,3.4315779636482464,24_1607
O=C(Nc1ccc(-c2cccc(-c3nc4ccccc4[nH]3)c2)cc1)c1ccc2ccccc2c1,-8.2,3.3407103331057586,24_1608
O=C(c1ccc(-c2cccc(-c3cccc(C(F)(F)F)c3)c2)cc1)c1c(-c2ccc(F)cc2)nc2ccccn12,-8.1,3.0318171070935964,24_1609
O=C(Nc1ccccc1Oc1ccccc1)c1ccccc1C(=O)c1cc(-c2ccccc2)ncc1-c1ccccc1,-8.2,3.1940817582607686,24_1610
O=C(Nc1ccc(-c2nc3cc4ccccc4cc3[nH]2)cc1)c1ccc(C(F)(F)F)cc1,-7.2,3.4284704263878414,24_1611
COc1cccc(C(=O)c2cccc(-c3cc4nc(-c5ccco5)nn4c(N)n3)c2)c1,-8.2,3.4530631938622176,24_1612
O=C(Nc1cccc(-c2cccc(C(=O)N3CCOCC3)c2)c1)c1ccccc1Br,-7.4,3.732755537686792,24_1613
O=C(Nc1ccccc1)Nc1cccc(-c2cccc(-c3ccccc3Oc3ccccc3)c2)c1,-8.5,3.263222740224252,24_1614
Cc1cc(=O)c2c([nH]1)c1ccccc1c1cccc(-c3cccc(NS(C)(=O)=O)c3)c12,-8.2,3.45887770941441,24_1615
NC(=O)c1cnc2cc(-c3ccc(C(F)(F)F)cc3)ccc2c1Nc1cccc(NCCc2ccccc2)c1,-7.1,3.282736806731619,24_1616
O=C(Nc1nc(-c2cccc(NS(=O)(=O)c3ccccc3)c2)cs1)c1ccccc1-c1ccccc1,-7.6,3.4393880618841988,24_1617
O=C(Nc1cccc(CN2CCC(C(=O)NC3CCCCC3)CC2)c1)c1cccc(-c2ccccc2)c1,-7.2,3.4410926034146025,24_1618
Cc1cccc(=Nc2cccc(C(F)(F)F)c2)ccnccc1C=C1CC=CC1,-7.8,1.109093729891173,24_1619
Cc1cc(-c2ccncc2)ccc1OCC(=O)c1cc(Cc2n[nH]c(=O)c3ccccc23)ccc1F,-6.8,3.4670734381470414,24_1620
O=C(O)c1ccc(-c2ccc3c(c2)C(O)(C(F)(F)F)c2ccccc2-3)cc1,-8.0,3.620813451346856,24_1621
O=C1c2ccccc2C(=O)N1CCn1c2ccccc2c2ccccc21,-7.5,3.52356453442645,24_1622
CNc1ncc(-c2cccc([C@H](C)Nc3cc(-c4ccc5occ(C)c5c4)nc(C)n3)c2)cn1,-8.5,3.461268386631403,24_1623
O=C(c1cccc(-c2cccc(NC(=O)c3ccccc3F)c2)c1)c1cccc(-c2ccco2)c1,-8.5,3.383565605784238,24_1624
O=C(CNC1CCC(C=CC=CC=CC=CC=CBr)C1)N1CCC(NC2=CC=c3c2c[nH]c(=CO)[nH]c2ccccc32)C1,-7.3,1.1053204931583291,24_1626
CC=Cc1cc[nH]nc2cccc(Nc3cc(-c4cccc(C(=O)O)c4)ccc3-c3cccc(-c4cc5ccc(C#N)cc5n4C)c3C)c2cc1-c1ccccc1,-9.1,0.7406779790932481,24_1627
O=C(Nc1cccc(Cc2n[nH]c(=O)c3c2CCCC3)c1)c1ccccc1Sc1ccc2c(C=Cc3ccccn3)[nH]nc2c1,-10.3,3.162283184549522,24_1628
O=C(c1ccco1)N1CCN(c2cc(C(F)F)nc3sc(C4CC4)nc23)CC1,-7.6,3.6250768947966687,24_1629
COc1ccc(CNc2ccc(-c3ccc(-c4cccc(CN)c4)cc3)cc2)cc1,-7.0,3.488198038976339,24_1630
COc1cc2cc(C(C=NCC=S)NC=O)ccc2cc1OCc1ccccc1,-6.4,3.5082590090387664,24_1631
C=CC=C1C=CC(N(Cc2cc3ccccc3[nH]c2=O)c2ncccc2C(=O)NCCOC)=C1,-6.9,3.593169633126579,24_1632
COc1cccc2c(O)c3c(c(O)c12)C(=O)C1=C(C[C@@](O)(C(O)C(=O)O)CC1OC(=O)c1ccccc1)C3=O,-7.9,2.9180940244467246,24_1633
N=C(N)c1ccc(NCCC2CCN(C(=O)CCc3ccccc3)CC2)cc1,-6.9,3.4842009364986053,24_1634
Cc1c(-c2cccc(-c3cccc(-c4nccc(C(F)(F)F)n4)c3)c2)cccc1C12C=CN=CC=CNC1C=C2,-9.8,1.1525847055250686,24_1635
Oc1ccc2c(-c3ccnc(Nc4ccccc4)c3)cccc2c1-c1ccccc1,-8.4,3.382900664323273,24_1636
O=C(c1cccc(S(=O)(=O)N2CCOCC2)c1)N(c1ccccc1)c1ccccc1,-7.1,3.736936612528683,24_1637
O=C(Nc1cccc(C(F)(F)F)c1)Nc1ccccc1-c1cc2ccccc2c2ccccc12,-8.8,3.075014096418543,24_1638
O=C(c1ccc(NS(=O)(=O)c2cccc3cccnc23)cc1)N1CCC(O)(c2cccc(F)c2F)CC1,-7.4,3.589329377612674,24_1639
O=C(Nc1ccccc1)c1nnc(-c2ccc3c(c2)OCO3)o1,-7.0,3.7392374982352097,24_1640
Nc1c(O)n(CCO)c2ccccc12,-5.6,3.456697297387805,24_1641
CC1=CSCc2nc(-c3cccc(N4C(=O)c5ccccc5C4=O)c3)cnc2N=N1,-8.3,1.6498032599472308,24_1642
O=C(Cn1c(=O)c2ccccc2n(CC(=O)Nc2ccccc2)c1=O)Nc1ccc(F)c(F)c1,-7.2,3.5990886150029286,24_1643
O=C(Nc1cccc(-c2ccnc3cc(-c4ccc(C(=O)N5CCOCC5)o4)ccc23)c1)c1ccc(Cl)cc1,-8.7,3.4473805010981065,24_1644
COc1ccc(N2C(=O)c3ccccc3C2c2cc3ccccc3nc2N2CCCCC2)cc1,-8.3,3.459411673145084,24_1645
Cn1ccnc1SC(=O)/C=C/c1cccc([N+](=O)[O-])c1,-5.9,3.371279490108571,24_1646
O=Cc1c(-c2ccc3c(c2)OCCO3)[nH]c2c(-c3ccc(Cl)cc3)c(C3CCOCC3)nn12,-8.8,3.547477279331572,24_1647
O=C(NCc1ccc(-c2nnc3n2-c2cccnc2Nc2ccccc2-3)cc1)c1ccc(Oc2ccccc2)cc1,-8.4,2.2765899537754555,24_1648
COc1ccc(-n2c(=O)c3c4c(sc3n(CC(=O)NCc3ccco3)c2=O)CCC4)cc1,-7.6,3.619539906727594,24_1649
O=C(O)c1cccc(N=C(NC(=O)c2ccccc2-c2ccccc2)Nc2ccc(Br)cc2F)c1,-9.4,3.3552130437540946,24_1650
O=C1Nc2ccccc2/C1=C\c1cccn1-c1ccc(Br)c(Br)c1,-7.1,3.5619329129784014,24_1651
O=C(Nc1cccc(C(F)(F)F)c1)c1cccnc1Nc1ccc(Oc2ccnc3[nH]ccc23)c(F)c1,-8.0,3.1915808594776838,24_1652
O=C(Nc1ccncc1)c1cccc(-c2cccc(-c3cccc(C(=O)NC4CC4)c3)c2)c1,-8.4,3.5553386542190157,24_1653
O=C(Nc1ccc(N2C(=O)c3ccccc3C2=O)c(Cl)c1)c1cccnc1Nc1cccc(C(F)(F)F)c1,-8.1,3.3612330316794283,24_1654
COc1cc(C)ccc1Oc1cccc(-c2cccc3[nH]c(-c4ccccc4)cc23)c1,-7.9,3.302114844193085,24_1655
Cc1cc(CCC(=O)O)ccc1-c1n[nH]c(-c2ccc(-c3cccc(C(F)(F)F)c3)cc2)n1,-7.4,3.6084432856569135,24_1656
O=C(Nc1nnc(-c2ccc3c(c2)OCCO3)o1)c1ccccc1F,-7.8,3.7642493044069414,24_1657
COc1c(C=CC2=CC(=CC(C=C[N+](=O)[O-])=CC3=CC(=O)c4ccccc4C3=O)C=C2)ccc2ccccc12,-7.6,3.1344742870381745,24_1658
O=c1oc2ccccc2cc1-c1csc(-c2cccc(C(F)(F)F)c2)n1,-7.8,3.5460133125705706,24_1659
CN(C)c1ccc(Nc2nccc(Nc3ccccc3C(F)(F)F)n2)cc1,-7.2,3.7109337741682515,24_1660
CN(C(=O)c1cccc(-c2cccc(C(F)(F)F)c2)c1)c1ccccc1,-7.7,3.459630222497629,24_1661
O=C(Nc1nc(-c2ccc3c(c2)OCCO3)cs1)c1cccs1,-6.6,3.7573478254821864,24_1662
Cc1nsc(NC(=O)C2=COCCO2)n1,-5.9,3.3960525229981364,24_1663
NS(=O)(=O)NCCCC[C@H](NC(=O)OCc1ccccc1)c1nc2ccccc2[nH]1,-7.0,3.386954264220548,24_1664
O=c1c2cnn(-c3ccc(F)cc3)c2ncn1-c1ccn2cc(-c3ccccc3)nc2c1,-7.5,3.552079062956258,24_1665
O=[N+]([O-])c1ccc2c3ccccc3c(-c3ccc(Cl)cc3)[n+]([O-])c2c1,-7.2,3.2411476228335827,24_1666
CCc1nc(-c2cccc(-c3cccc(NC(=O)c4cccc(F)c4)c3)c2)cs1,-7.8,3.585767634159661,24_1667
O=C(c1cnc2ccccn12)N1CCCC(c2nc(-c3ccc(F)cc3)cs2)C1,-7.3,3.6588580201973864,24_1668
O=C(Cc1ccccc1)Nc1cc([N+](=O)[O-])ccc1N1CCOCC1,-6.7,3.692987788671469,24_1669
O=C(Nc1ccc(Cl)cc1C(=O)Nc1ccc(Cl)cn1)c1ccc(-c2ccc3ccccc3c2)cc1,-8.5,3.399110429842921,24_1670
O=C(Nc1ccc(-n2nc(-c3ccccc3)cc2-c2ccc3c(c2)OCCO3)cc1)c1c(Cl)cccc1Cl,-7.5,3.414610073281758,24_1671
Oc1ccc(-c2cc(-c3ccc(Cl)cc3)cc(-c3ccccc3O)n2)cc1,-8.2,3.5604777553673337,24_1672
O=C(NCCc1ccn(-c2ccccc2)n1)c1cc(-c2ccccc2)c2ccccc2n1,-7.6,3.5581636651606825,24_1673
O=C(NC(=O)c1ccc(Cl)cc1Cl)Nc1cccc(-c2cccc(-c3nc4ccccc4[nH]3)c2)c1,-7.8,3.3620341021565583,24_1674
O=C(CSc1n[nH]c(-c2cccc(Cl)c2Cl)n1)Nc1ccccc1C(=O)N1CCc2ccccc21,-6.6,3.5136739731183315,24_1675
CN(Cc1ccc(Nc2c3ccccc3nc3ccccc23)cc1)c1nc2ccccc2o1,-7.9,3.4192485701512876,24_1676
Oc1ccc(-c2ccc(-c3cccc(-c4ccc5c(c4)OCO5)c3)cc2)cc1,-7.9,3.520221514770487,24_1677
O=C(Nc1ccc(C(F)(F)F)cc1)Nc1cccc(-c2cn3ccnc3c(NCc3ccncc3)n2)c1,-8.0,3.351509113506621,24_1678
Nc1oc2cnccc2c1Nc1cccc(-c2cn(Cc3ccccc3)nn2)c1,-7.8,3.5457828144397006,24_1679
O=C(c1ccc(-c2ccc3c(c2)CCO3)s1)n1c2ccccc2c2nc3ccccc3nc21,-8.6,3.4400261951577615,24_1680
O=C(c1cccc(Nc2nc3ccccc3nc2Nc2ccccc2)c1)N1CCN(c2ccc(F)cc2)CC1,-8.6,3.4252565495979224,24_1681
CS(=O)(=O)Nc1ccccc1-c1cccc(NC(=O)C2=CCN(c3ccccc3)C(c3cccc4ccccc34)=N2)c1,-7.9,3.3237873447301833,24_1682
O=C(c1ccc(F)cc1Cl)N1CCN(c2cc(=O)[nH]c(=O)n2Cc2ccc(OS(=O)(=O)c3cccc4cnccc34)cc2)CC1,-8.5,3.184592071218157,24_1683
O=C(Nc1nnc(-c2ccc(F)cc2)o1)c1cccc(S(=O)(=O)N2CCOCC2)c1,-7.8,3.6594143949928046,24_1684
O=C(Nc1cccc(-c2nnc3ccc(Nc4ccccc4F)cn23)c1)Nc1cc(C(F)(F)F)ccc1F,-8.4,3.205931296785584,24_1685
Oc1ccc(Nc2nccc(-c3ccccn3)n2)cc1,-6.6,3.6818408175260977,24_1686
Cc1ccc(NC(O)c2cc3ccccc3[nH]2)cc1-c1cccc(-c2cccc(NC(C)C)c2)c1,-8.0,3.1262713895950363,24_1687
Fc1cccc2ccc(-c3cccc(-c4csc(-c5cccc(-c6ccc(-c7cc[nH]ccncn7)cc6)c5)c4)c3)cc12,-9.2,0.9494495468112785,24_1688
O=C1c2ccccc2C(=O)c2c1nnn2-c1cccc(-c2ccccc2CN2CCOCC2)c1,-8.4,3.521848888038773,24_1689
c1ccc(Oc2ccc(CN3CCCCC3)cc2)cc1,-6.699999999999999,3.4785246423697256,24_1690
O=C1Nc2cc([N+](=O)[O-])ccc2Nc2cccc(Br)c21,-7.3,2.572201620988201,24_1692
O=C(Nc1ccc(F)cc1)c1cccc2nc(-c3cccc(OCc4ccccc4)c3)oc12,-8.3,3.42455128913814,24_1693
Cc1c(-c2ccc3[nH]c(O)cc3c2)cccc1C1C=CC=CC(=O)N1c1ccc(-c2ccc3ccccc3c2)cc1,-9.1,2.1791456133099616,24_1694
O=Cc1ccc(Br)cc1C(C(=NCC(=O)Nc1ccccc1F)c1ccccc1)c1ccccc1,-7.1,3.4079371283747353,24_1695
COc1cccc(Nc2cc(-c3ccccc3)ncc2C(=O)NCCOc2ccccc2)c1,-6.9,3.512556271679234,24_1696
O=C1c2ccccc2C(=O)c2c1ccc1[nH]c(-c3ccccc3Br)nc21,-8.1,3.6274812829255616,24_1697
COc1ccccc1N1CCN(C(=O)c2cc(S(=O)(=O)N3CCOCC3)c[nH]2)CC1,-7.3,3.6028694638370835,24_1698
O=C1NNc2nc(-c3cc(-c4ccccc4)cc(-c4ccccc4F)c3)nc3cccc1c23,-9.9,3.5131293548362112,24_1699
Cc1ccccc1NC(=O)C(=O)c1cn(-c2ccc(F)cc2F)c2ccccc12,-8.9,3.5680720021785817,24_1700
O=C(Nc1cccc2ccccc12)c1cccc(-c2cc(O)c3ccccc3c2OCO)c1,-8.2,3.270317906173285,24_1701
COc1cccc(NC(=O)c2cccc(-c3cc4ccccc4oc3=O)c2)c1,-7.4,3.644496813368818,24_1702
N=CNC=C(F)c1ccc(-c2ccccc2S(=O)(=O)N2CC(CCl)c3ccccc32)cc1,-7.3,3.4793393103070644,24_1703
O=C(NC(/C=C/S(=O)(=O)c1ccccc1)c1ccccc1)c1cccc(-c2ccccc2)c1,-8.3,3.4810780177723593,24_1704
COc1ccc2c(c1)NC(=O)C21CC(=O)N(c2cccc3ccccc23)C1=O,-7.2,3.5599438309178684,24_1705
Clc1cccc(-c2nc(N3CCOCC3)nc(N3CCOCC3)n2)c1,-7.5,3.5766932823688373,24_1706
CC1=CC=C(C)CC2=NC(c3cccc(Nc4nccc(C(F)(F)F)n4)c3)=CS2=C1,-7.9,1.7035109663565446,24_1707
N#Cc1cccc(Oc2cc(Nc3cccc(-c4ccc5c(c4)OCCO5)c3)ncn2)c1,-7.8,3.6288304805028657,24_1708
Cc1nc(Nc2cccc(-c3cccc(C#N)c3)c2)cc(-c2ccc3ccn(C)c3c2)n1,-7.8,3.5201082994110307,24_1709
Cc1ccc(S(=O)(=O)Nc2ccc(-c3ccc4c(ccc5ccccc54)c3)cc2)cc1,-8.1,3.2735701990334167,24_1710
Cc1cncc(-c2cccc(-c3ccccc3Nc3ncccc3CN)c2)n1,-7.1,3.6449365595679204,24_1711
COc1cccnc(-c2ccccc2)cc(C(=O)N2CCN(c3nnc(-c4ccccc4)o3)CC2)cc1,-8.4,1.4192760827687527,24_1712
COc1cccc(CNCc2cccc(-c3cccc(-c4cccc(CN5CCOCC5)c4)c3)c2)c1,-7.5,3.44215626698638,24_1713
O=C(Nc1ccccc1C(=O)N1CCCCC1)c1ccc(NC(=O)c2cc3cc4ccccc4cc3[nH]2)cc1,-7.5,3.3040505850377957,24_1714
CS(=O)(=O)N=CN=CC=C1C=CC=C1C(=Nc1ccc(-c2cccc(OC(F)F)c2)cc1N)c1ccc(F)cc1,-7.0,3.3201250507676954,24_1715
Cc1ccc(NC(=O)Nc2cccc(-c3ccncc3-c3cc(F)c(O)c(F)c3)c2)cc1,-7.1,3.515804931902972,24_1716
O=C(Nc1ccc(Cl)cc1)Nc1cccc(-c2cc(Nc3ccccc3C(F)(F)F)ncn2)c1,-7.9,3.4823962866045846,24_1717
N#Cc1cccc(-c2cccc(-c3cccc(-c4nc5ccccc5[nH]4)c3)c2)c1,-8.6,3.3897304293289494,24_1718
O=C(CSc1nc2c([nH]c3ccccc32)c(=O)n1-c1ccc(O)cc1)Nc1ccc(F)cc1,-7.8,3.3590054837868895,24_1719
O=C(Nc1ccccc1F)N[C@H]1CC[C@H](CCN2CCN(c3nccc4c3CCO4)CC2)CC1,-6.9,3.502666737209605,24_1720
O=C(Cc1ccc(NC(=O)c2sc3ccccc3c2Cl)cc1)Nc1cccc(Cl)c1,-7.3,3.577444541570425,24_1721
O=C(Nc1ccccc1N1C(=O)c2ccccc2C1=O)c1ccccc1,-7.2,3.7083804165736494,24_1722
O=C(c1cccnc1Nc1nc2ccccc2nc1F)N1CCOCC1,-7.8,3.758741893255782,24_1723
O=C(Nc1cccc(-c2ccnc3cc(-c4ccc5c(c4)OCO5)ncc23)c1)Nc1cccc(C(F)(F)F)c1,-9.4,3.3878332221186307,24_1724
O=C(Cn1c(=O)c(NC(=O)Nc2ccccc2F)nc2ccccc21)Nc1cccc(C(F)(F)F)c1,-9.0,3.4625543524713907,24_1725
O=C(Nc1cccc(-c2cccc(-c3ncccc3CO)c2)c1)c1ccc(OC(F)(F)F)cc1,-7.9,3.6036950103159446,24_1726
O=C(NN(C(=O)c1cc2ccccc2o1)c1nc(-c2ccc(F)cc2)cs1)c1ccc[nH]1,-7.9,3.505884816259733,24_1727
Cc1cc(-c2cccc(C(F)(F)F)c2)ccc1C(=O)N=CCCCNC(=O)c1ccc(F)cc1,-6.6,3.4121511486303184,24_1728
O=C(Nc1cccc(F)c1)Nc1cccc(-c2cccc(-c3ccccc3)c2)c1,-9.350000000000001,3.411617307613613,24_1729
O=C(CC1CCN(Cc2cccc(F)c2)CC1)c1cc2c3c(ccn3C(=O)CC2)c1,-7.4,3.540826503879657,24_1730
O=C(Nc1cccc(-c2cccc(NC(=O)C3CC3)c2)c1)c1cc2ccccc2cc1Oc1ccccc1,-7.7,3.302160996838138,24_1731
O=c1[nH]c2ccccc2c(=O)n1Cc1ccccc1F,-6.9,3.692625259165112,24_1732
Cc1cccnc1-c1cc(N2CCC(c3cccc(C(F)(F)F)c3)CC2)ncc1-c1ccc2ccc3cccc4ccc1c2c34,-8.4,3.0080196029832726,24_1733
O=C(NCc1ccncc1)c1ccccc1Nc1cccc(-c2ccc3c(c2)OCO3)c1,-7.9,3.622746203746228,24_1734
Cn1nc(-c2cccc3ccccc23)cc1C=NNCC(=O)Nc1ccc2c(c1)c1ccccc1n2Cc1ccccc1F,-6.7,3.1773419636980345,24_1735
O=C(N[C@@H]1CN(C(=O)c2ccc(Cl)s2)C[C@H]1c1ccc2c(c1)OCO2)c1ccc(C(F)(F)F)cc1,-8.8,3.623036358723671,24_1736
O=C(Nc1cccs1)N1CCC2(CC1)C(=O)N(c1cccc(F)c1)C2c1ccc(F)cc1,-8.1,3.5672317147267094,24_1737
Cc1ccccc1NS(=O)(=O)c1cc(C(=O)Nc2ccccc2C#N)ccc1N1CCCCC1,-7.8,3.670438154654445,24_1738
O=C(Nc1ccc(-c2nnc3n2-c2cccnc2Nc2ccccc2-3)cc1)N1CCC(N=C2C=CC(C=CF)C=Nc3ccc(Br)cc32)C1,-7.8,1.0740831235349875,24_1739
O=C(Nc1nnc(-c2ccc3c(c2)OCCO3)o1)c1ccc2ccccc2n1,-8.0,3.654673525106065,24_1740
O=C(Nc1cccc(-c2cn3cccnc3n2)c1)c1ccc2ccccc2c1,-7.7,3.5930251695499584,24_1741
O=C(Nc1ccc(NC(=O)c2ccc(O)cc2O)cc1)c1cc(O)c(O)c(O)c1,-7.5,3.354201481355244,24_1742
O=Cc1c(-c2ccccc2)sc2ccccc12,-5.7,3.3687178626995786,24_1743
O=C(NN=Cc1ccc(O)cc1)c1cccc(NC(=O)c2ccccc2Cl)c1,-6.7,3.593364903447663,24_1744
CC=C1C=CC(C2CC(=O)Nc3c2c(C)nn3-c2nncc(-c3ccccc3C)n2)=CO1,-8.3,3.64874695709846,24_1745
CNC(=O)c1sc2nccc(Sc3cccc(-c4nc(=O)c5ccccc5[nH]4)c3)c2c1C,-8.5,3.5470690567957774,24_1746
O=C(N/N=C/c1cccc(Br)c1)c1sc(-c2ccccc2)nc1-c1ccccc1,-7.5,3.5662194823107223,24_1747
CC(=O)N1CCN(c2ccc(Nc3cc(-c4cc5ccccc5[nH]4)ncn3)cc2)CC1,-7.6,3.6795339912986975,24_1748
CC(C)CNC(=O)C(Cc1ccccc1)NC(=O)c1ccc(NC(=O)Cc2ccccc2)c(=O)n1-c1ccccc1,-7.1,3.3706881817344088,24_1749
O=C(CN1Cc2c(NC(=O)c3ccc4ccccc4c3)cccc2C1=O)ONCc1ccccc1,-7.3,3.5578286958899845,24_1750
c1ccc(C2CCN(Cc3ccc4ccccc4c3)CC2)nc1,-7.0,3.477887980401908,24_1751
O=C(c1cccc(Nc2nc3ccccc3nc2-n2nc(Cl)cc2Cl)c1)N1CCCCC1,-10.0,3.6715353069558114,24_1752
Cc1cc(C)cc(NC(=O)c2cc(-c3ccc4c(c3)OCO4)on2)c1,-7.2,3.7953772623791546,24_1753
COc1cc(-c2cccc(OCC(O)CN3CCc4ccccc4C3)c2)ccc1-c1cnc(N2CCOCC2)s1,-7.9,3.3622219970396072,24_1754
O=C(Nc1cccc2ccccc12)c1cc(-c2ccc3c(c2)OCC3)nc2ccccc12,-8.7,3.4387012596736968,24_1755
O=C(Nc1cccc(-c2cccc(F)c2F)c1)C1CCN(C(=O)Oc2ccccc2)CC1,-8.0,3.7249414690350156,24_1756
O=C(Nc1nc2ccccc2c2cn(-c3ccccc3)nc12)c1ccccc1-n1nccn1,-9.3,3.584253207917177,24_1757
CC(C=CC=CC1C=CC(C(=O)O)C(Cl)=C1)c1cccc2c(=O)cc(C(=O)O)[nH]c12,-6.2,3.5132385170254636,24_1758
O=C1C=CC=C(C(F)(F)F)CCC2C[C@H](N3CCC4(CC3)OCCO4)CC[C@]2(c2ccccc2)CN1,-7.6,0.9187352066753931,24_1759
O=C1C=C(c2cccc(F)c2)C[C@@H](c2ccc(F)cc2)C1,-7.8,3.407867293534351,24_1760
O=c1oc2ccccc2c2oc3cc(-c4cc5ccccc5[nH]4)ccc3c12,-8.3,3.419165837116637,24_1761
COc1ccc2[nH]cc(-c3csc(-c4cccc(/C=C/c5ccccc5)c4)n3)c2c1,-7.7,3.3016913696251686,24_1762
O=C(O)C=CCC=NC1=C(c2ccccc2Sc2cccc(-c3ccccc3Cl)c2)c2ccccc21,-7.9,3.200327845504284,24_1763
O=C1N=C(C=CCCc2cccc(-c3nc4cc(F)ccc4[nH]3)c2)C1c1ccco1,-7.3,3.6581594925041108,24_1764
O=C(Nc1ccc2c(c1)CCCN2C(=O)c1cccs1)c1ccccc1NC(=O)c1ccccc1C(=O)Nc1cccc2ccccc12,-7.0,3.091744131567404,24_1765
O=C(Nc1cncc(-c2cccc(-c3cccc(F)c3)c2)c1)c1cccc(C(F)(F)F)c1,-8.2,3.503864447574993,24_1766
O=C(Nc1cccc(-c2cn3ccnc3c(NCc3ccncc3)n2)c1)Nc1cccc2c1C1CCCC(C2)C1,-9.1,3.215207735859872,24_1767
O=C1CC=CC=C(Cl)COc2ccc(-c3cccc(C(=O)NCCN4CCOCC4)c3)cc2C=NN1,-7.4,1.4065994937798836,24_1768
O=C(Nc1ccc2c(c1)C(=O)Nc1ccccc1C(=O)N2Cc1ccccc1)Nc1ccccc1F,-7.9,1.5410176779830986,24_1769
O=c1c2n(Cc3ccccc3F)c3ccccc3oc=2c2ccccc12,-7.7,3.5033811259642773,24_1770
CS(=O)(=O)NC1C[C@H]2C(=NC(C(F)F)=C2c2nc(-c3cccc(C(F)(F)F)c3)c[nH]2)CCO1,-8.3,2.54277157520278,24_1771
Cn1c(SCC(=O)Nc2cccc(S(=O)(=O)N3CCCC3)c2)nnc1C1NC(=O)c2ccccc21,-7.1,3.3645429117249783,24_1772
CCN(CCN(C=CC1=COC(=O)C=CC=N1)N=N)C(=O)c1cccc(F)c1,-5.9,1.626083855464619,24_1773
CC=Cc1ccc(Nc2nc3cc(C(=O)O)ccc3nc2Nc2cccc(-c3nn[nH]n3)c2)cc1,-9.4,3.2155521492840986,24_1774
CC(=O)N1CCN(c2cccc(-c3cc(-c4ccc5c(c4)OCO5)c(C#N)c(N)n3)c2)CC1,-8.9,3.622496463108772,24_1775
Cc1ccc(S(=O)(=O)N2CCN(CC3=C(c4ccccc4)N(c4ccccc4)ON3)CC2)cc1C,-7.9,3.628037165695307,24_1776
CCOC(=O)CC1=CC2=NC(=NN=C(CC)c3cccc(-c4cc(C)cc(Nc5cc(C(F)(F)F)ccn5)c4)c3)C2N1C,-7.8,3.1570877444294454,24_1777
O=C(N[C@H]1CC[C@H](CCN2CCC(c3coc4ccccc34)CC2)CC1)c1ccc(-c2cccc(C(F)(F)F)c2)cc1,-6.6,3.2546643484179905,24_1778
O=c1nc(Nc2cccc(-c3cccc(C(F)(F)F)c3)c2Br)c2sccc2n1Cc1ccccn1,-7.6,3.4359318437016344,24_1779
COc1ccc(CN=c2nc(NC3CC3)n3ncc(=Cc4[nH]c(=O)[nH]c4O)c3n2)cc1OC,-8.7,3.1240317735903536,24_1780
O=COC(=O)c1cc(NC(=O)Nc2cccc3ccccc23)cc2ccccc12,-7.4,3.496064836388973,24_1781
O=C(Nc1cccc(-c2cccc(C(=O)Nc3ccccc3Cl)c2)c1)c1cccc(C(F)(F)F)c1,-8.0,3.392648962715039,24_1782
Cn1cnc(-c2cccc(-c3cccc(-c4ccccc4-c4n[nH]c(=O)[nH]4)c3)c2)c1,-8.3,3.5782041514690377,24_1783
O=C(Cc1cccc(C(F)(F)F)c1)n1ccc(-c2cccc(-c3ccccc3F)c2)n1,-8.2,3.477369280453535,24_1784
Fc1ccccc1-c1cc(-c2ccc3ccc(Br)cc3c2)nc2ccccc12,-9.5,3.129999505116902,24_1786
COc1cccc2c(O)c3c(c(O)c12)C(=O)C1=C(C[C@@](O)(C(=O)CO)C[C@@H]1OC1C[C@H](N(C)c2nc4ccccc4o2)C(C)(C)O1)C3=O,-7.9,2.7669050488801994,24_1787
CC(C)=CCC/C(C)=C/CC/C(C)=C/Cc1c(O)cc(C=Cc2ccc(O)c(O)c2)cc1O,-6.9,3.1767544580147,24_1788
O=C(Nc1nccs1)c1cc(-c2ccccc2)nc2ccccc12,-7.9,3.7151548053044845,24_1789
O=C(Nc1cccc(Cl)c1Cl)c1c(O)c2cccnc2n(-c2ccccc2)c1=O,-8.0,3.6788648750828803,24_1790
COC=CC=C(C)c1nc(CSc2nnc3c(n2)[nH]c2ccccc23)c(C)o1,-6.5,3.5020764518389913,24_1791
O=C(Nc1cccc(-c2cccc3cccc(F)c23)c1)c1cccc(-c2ccco2)c1,-8.0,3.402778341114865,24_1793
O=C(Nc1cccc(-c2ccnc(Nc3ccc(N4CCOCC4)cc3)n2)c1)c1ccc(F)cc1,-7.1,3.6058764425935856,24_1794
O=C1CCC2(CCN(C(=O)c3csnn3)CC2)CN1Cc1ccccc1,-6.3,3.6345246478083926,24_1795
O=CC1C[C@H](NCc2ccncc2)CN1C(=O)Nc1cccc(-c2cccc(F)c2F)c1,-8.0,3.6945851672361174,24_1796
O=C(O)c1cc(-c2ccc(-c3ccc(C(F)(F)F)cc3-c3ccncc3)cc2)ccn1,-7.7,3.6369249563033508,24_1797
Cc1cc(C)c(NC(=O)c2ccc3ccccc3c2OCc2cocn2)c(C)c1,-7.9,3.6655535219641386,24_1798
COc1c(-c2cccc(C(=O)Nc3ccc(Oc4ccccc4)cc3)c2)ccc2c(C(F)(F)F)cccc12,-7.5,3.3397260557652753,24_1799
O=C(NCc1ccc2c(c1)COC2=O)c1csc(-c2cccc(C(F)(F)F)c2)n1,-7.1,3.7213917998295094,24_1800
Fc1ccccc1C1Nc2ccccc2-c2cc(-c3cccc4ccccc34)ncc21,-9.1,3.2029916063548787,24_1801
O=C(c1cc2ccccc2n1-c1ccc(F)cc1F)N1CCN(c2cccc(C(F)(F)F)c2)Cc2ccccc21,-8.8,2.2561824362275154,24_1802
Cn1c(-c2cccc(-c3cccc(NC(=O)c4ccncc4)c3)c2)nc2ccccc21,-8.1,3.4611438132093957,24_1803
O=CN1C=CC=C(n2c(-c3ccccc3)cc3cc(Oc4ccccc4)ccc3c2=O)C1,-7.3,3.455648592835508,24_1804
Nc1ccc(N2C(=O)c3ccccc3C2=O)cc1C(=O)Nc1ccc(C(F)(F)F)cc1,-7.4,3.5866820416537957,24_1805
N#Cc1cc(-c2ccc3c(ccc4ccccc43)c2)ccc1F,-8.2,3.2184234408816788,24_1806
O=CC1Sc2nc(=O)c3ccccc3n2C1c1ccc(Br)cc1,-6.8,3.582142528200895,24_1807
O=C(O)c1ccccc1N1c2ccccc2Sc2ccccc21,-6.1,3.663217234450995,24_1808
[O-][S+]1c2ccc(Cl)cc2C(=NO)N(c2ccccc2)c2ccccc21,-6.8,2.560396321246193,24_1809
O=CCCC=CCC1=CC(C(=O)N2CCN(c3cccc(-c4cc(-c5ccc6c(c5)OCO6)cc(C(F)(F)F)c4)c3)CC2)=CC=NC=C1,-7.5,1.1097876256301697,24_1811
O=C(Cc1cccc(NC(=O)c2ccccc2Nc2ccccc2)c1)Nc1cccc(C(=O)Nc2ccccc2)c1,-7.6,3.0498798790964194,24_1812
O=C(Nc1cccc(-c2cn3ccnc3c(NCc3ccncc3)n2)c1)Nc1cccc(C(F)(F)F)c1,-8.0,3.351509113506621,24_1813
CN(c1ccccc1N=CC(=O)NC(=O)C=CC=CC(=O)O)C1CCN(C2CCCCCCC2)CC1,-6.8,1.4294767581550962,24_1814
COc1cccc(-c2nc3cccc(C)n3n2)c1,-6.2,3.6214308255405956,24_1815
CN(C)c1ccc(CC(=O)Nc2nnc(-c3ccc(Oc4ccc5c(c4)OCO5)cc3)s2)cc1,-6.7,3.582419407989451,24_1816
N#Cc1ccc(C(O)c2nc3cc(Cl)ccc3nc2-c2ccccc2)cc1,-7.5,3.677887620526566,24_1817
Cc1cc2c(cc1F)c(C#N)c(-c1ccc(S(=O)(=O)N[C@@H](C)C(F)(F)F)cn1)n2-c1ccccn1,-6.4,3.549773515293688,24_1818
O=c1c2ccccc2nc(-c2ccc(Oc3ccccc3[N+](=O)[O-])cc2Cl)n1-c1ccccc1F,-7.2,3.354247719294427,24_1819
NC(=O)C1CCCN(c2nc3ccccc3nc2N2CCC(O)CC2)CC1,-8.3,2.5849040031998394,24_1820
O=C(Nc1cccc(-c2cccc(-c3cccc(F)c3)c2)c1)c1cccc(Br)c1,-8.2,3.3971275900542537,24_1821
O=C(Nc1nc(-c2ccncc2)cs1)c1ccc2c(c1)N(Cc1ccccc1)C(=O)c1ccccc1S2,-8.3,2.405490202892836,24_1822
Cc1ccccc1Oc1ncccc1C1CCN(S(=O)(=O)C[C@H]2CC[C@H](N(C)c3ncnc4[nH]ccc34)CC2)CC1,-8.1,3.381712510773496,24_1823
O=C(c1ccccc1F)N1CCN(c2cccc(-c3cccc(-c4nc5ccccc5[nH]4)c3)c2)CC1,-8.7,3.4648144352837686,24_1824
NC(=O)C=C1C=C(c2cccc(-c3cc(-c4ccc5c(c4)OCO5)ccc3-c3ccccc3)c2)C=C1c1ccccc1,-8.8,3.012580118284401,24_1825
Cc1ccc(F)c(NC(=O)Nc2cccc(-c3ccc4c(-c5ccccc5C=O)[nH]nc4c3)c2)c1,-8.4,3.242370368160863,24_1826
Cc1c(CNc2ccccc2)n(C)c2cc(-c3ccccc3)ccc12,-7.2,3.462801344821532,24_1827
Cn1c(-c2cccc(-c3ccc(NC(=O)Nc4cccc(Cl)c4)cc3)c2)nc2ccccc21,-8.3,3.3515080811079603,24_1828
COc1cccc(N=C(N=CN)c2cc(C(F)(F)F)ccc2-c2nn(Cc3ccccc3)c(=O)n2C)c1,-8.1,3.509149855192449,24_1829
O=C(Nc1cncc(-c2cccc(NC(=O)c3ccco3)c2)c1)c1ccc2c(c1)OCO2,-8.1,3.637149536888486,24_1830
NC(=O)C=C1C=CCC(=NC(CCN2CCCC2)c2cccc(NC(=O)c3cccc4ccccc34)c2)N=CN=C1,-8.5,1.2100484584661073,24_1831
O=C(Nc1cccc(-c2ccnc(Nc3ccc(N4CCOCC4)cc3)n2)c1)c1cccc(C(F)(F)F)c1,-8.6,3.531130688928412,24_1832
O=C(Nc1ccccc1C(=O)Nc1cccc2ccccc12)c1ccc(F)cc1,-8.3,3.587095878294339,24_1833
CC=CC=CC(=NC1=NC2C(=N1)C=CC2c1cccc(Nc2cccc(-c3nc4ccccc4n3C)c2)c1C)C(=O)NC,-7.5,3.1952724387429456,24_1834
O=C(Nc1cccc(-c2cccc(-c3cccc(F)c3)c2)c1)c1cccc(Br)c1,-8.2,3.3971275900542537,24_1835
Cc1c(/C=C/c2cncc(C#N)c2N=C2CCc3cc[nH]c3C2)cccc1CN1CCOCC1,-7.3,3.645712997835583,24_1836
O=C(NCc1ccccc1)Nc1ccc(Nc2nc(-c3ccc(F)cc3)c3c(n2)-c2ccccc2OC3)cc1,-8.0,3.3133835004487406,24_1837
O=C(Nc1cccc(-c2cccc(-c3nc4ccccc4[nH]3)c2)c1)c1ccccc1,-8.55,3.442730724240592,24_1838
O=C(Nc1ccc2c(c1)OCCO2)c1ccccc1/N=C/c1cccc(Cl)c1Cl,-8.3,3.6905061186183326,24_1839
O=C(Nc1cccc(-c2nc3cc(-c4ccc(Cl)cc4)ccc3[nH]2)c1)Nc1ccc(Cl)c(C(F)(F)F)c1,-8.2,3.1328240551893596,24_1840
O=C(NC(c1cc(Cl)c2ccc(Cl)cc2n1)c1ccccc1F)c1cccnc1,-7.7,3.673559096940231,24_1841
O=C(c1ccc2c(c1)OCO2)N1CCN(c2ccccc2C(F)(F)F)CC1,-6.7,3.607635029930599,24_1842
N=CC(C=CC(=CCl)c1cccc(-c2cc3ccc(-c4ncccn4)cc3[nH]2)c1)c1ccccc1O,-7.5,3.1238997240647004,24_1843
O=C(Nc1cccc(-c2cncc3ccccc23)c1)c1ccccc1Nc1cccc(C(F)(F)F)c1,-7.3,3.3129886632522725,24_1844
O=C1c2ccccc2NCC2c3c(c4ccccc4n3C(=O)c3ccccc3)CCN12,-8.5,2.5569043296798917,24_1845
O=C(Nc1ccc(-c2cccc(-c3ccccc3F)c2)cc1)c1cc(Br)cc(Br)c1O,-7.8,3.4554144994518197,24_1846
O=C(c1ccc(NS(=O)(=O)c2cccc3cccnc23)cc1)N1CCC(O)(c2ccccc2C(F)(F)F)CC1,-7.7,3.549983154919482,24_1847
O=C(c1ccc(-c2ccc3c(ccc4ccccc43)c2)cc1)N1CCN(c2cccc(Cl)c2)CC1,-7.8,3.1673979146991558,24_1848
Cc1nn(CC(C)C)cc1C(=O)Nc1ccc2nc(N3CCC(N4CCCCC4)CC3)sc2c1,-6.8,3.5751817351588873,24_1849
Cc1cccc(-c2[nH]c(-c3cccc(C(F)(F)F)c3)nc2-c2ccncc2)c1,-8.4,3.567188376498656,24_1850
O=C(Nc1ccccc1)c1cc(S(=O)(=O)N2CCCC2)ccc1N1CCOCC1,-7.0,3.685090909448479,24_1851
O=C(CN1c2ccccc2Sc2ccccc21)N/N=C/c1ccccc1C(=O)O,-7.2,3.6499192819835793,24_1852
COc1ccccc1N(Cc1ccc(F)cc1C)[C@H]1CCN(C(=O)N(C)C2CCNCC2)C1,-7.3,3.6476439476364773,24_1853
O=C1CCc2cc(S(=O)(=O)NC(c3cccc(NC(=O)c4cccc(F)c4)c3F)C3CC3)ccc2N1,-7.1,3.47552544713142,24_1854
Cc1cc(-c2cccc(-c3cccc(C(=O)O)c3)c2)ccc1-n1c(F)c(O)[nH]c1=O,-8.0,3.594594563377981,24_1855
Cc1cc(CNC(=O)c2ccc3[nH]c(C)c(C)c3c2)ccc1-c1cc2cc(-c3cnn(C)c3)ccc2cn1,-8.1,3.4310330320392026,24_1856
CC1=CC(c2cccc3ccccc23)c2ccccc2C(=O)N1Cc1ccc(Oc2ccccc2)cc1,-7.8,2.1879045030608664,24_1857
N=C1C(=O)c2ccccc2C(=O)C1c1cccc2ccccc12,-7.0,3.6303596602039647,24_1858
O=C(Nc1ccccc1)Nc1cccc(-c2cccc(-c3nc4cc(C(F)(F)F)ccc4[nH]3)c2)c1,-9.0,3.2344802145833893,24_1859
Cc1ccc(S(=O)(=O)NC(=O)n2c3ccccc3c3ccccc32)cc1,-7.6,3.69764440659311,24_1860
O=C(O)c1cccc(C(=O)Nc2ccc(NC(=O)c3ccc4ccccc4c3O)cc2)c1,-7.0,3.4911943203860734,24_1861
C=Cc1ccc(-c2ccc(Nc3nc(-c4ccccc4)nc4ccc(F)cc34)cc2)cc1,-8.7,3.4344697509140785,24_1862
O=C1Nc2ccccc2[C@]12N1CSC[C@H]1[C@H](c1cccc(Cl)c1Cl)[C@]21Cc2ccccc2C1=O,-7.8,3.3205631820013757,24_1863
O=C(Nc1cnc2ccc(N3CCC[C@@H]3c3cc(F)ccc3F)nn12)N1C[CH]C[C@@H](c2ccccc2)N1,-7.6,3.5108637690518947,24_1864
COc1cc(C(F)(F)F)ccc1-c1cccc2cc(S(=O)(=O)Nc3nccs3)ccc12,-6.9,3.6533826268141047,24_1865
Cc1cccc(OC(=O)c2ccccc2-c2ccccc2)c1,-6.5,3.3895562376174606,24_1866
CCC(C)Sc1ccc([C@H]2N[C@@](C)(C(=O)OC)c3c2c(O)n(CC)c3O)cc1,-5.9,3.529505637030285,24_1867
Nc1ccc(-c2cc(-c3ccccc3)nc(Nc3ccc4cccc(O)c4n3)n2)cc1,-8.8,3.4030331480417626,24_1868
O=C1c2ccccc2C(=O)c2c1cc(S(=O)(=O)c1cccc3ccccc13)c1ccccc21,-9.2,3.4531133563841574,24_1869
O=C1c2ccccc2-c2c1c1ccccc1c(=O)n2OCCN1CCN(c2cccc([N+](=O)[O-])c2)CC1,-7.5,3.357736046204116,24_1870
Cc1cccc(C)c1OCC(=O)Nc1cccnc1C(=O)Nc1nccs1,-7.3,3.709959166419508,24_1871
Cc1ccc(C(=O)Nc2cccc(C(C)(C)C#N)c2)cc1Nc1ncnc2cnc(NCCCn3cccn3)nc12,-6.5,3.02961575321549,24_1872
O=C(Nc1cc(Br)ccc1N1CCN(c2ccc(F)cc2)CC1)c1ccccc1,-7.3,3.686352867827578,24_1873
Cc1cc(C(=O)O)c2oc(-c3cccc(NC(=O)c4cccc(Cl)c4)c3O)nc2c1,-7.8,3.5187029207235705,24_1874
O=C(Nc1nnc(-c2cccc(OC(F)(F)F)c2)s1)c1cccc(Cl)c1,-7.1,3.715650084091486,24_1875
O=C(c1cccc(-c2cc3cc(-c4ccccc4CO)ccc3[nH]2)c1)N1CCNCC1,-7.5,3.549223780269877,24_1876
CNc1ccccc1C(=O)Nc1cccc(-c2cccc(NC(=O)Nc3cccc(C(F)(F)F)c3)c2)c1,-8.0,3.3549400666686644,24_1877
Cc1cccc(NS(=O)(=O)c2cccc(C(=O)Nc3ccccc3N3CCOCC3)c2)c1C,-7.0,3.716927665933305,24_1878
O=CCC12CC=NC(c3ccccc3N1)c1ccccc12,-6.4,2.545615993179899,24_1879
O=C(c1ccc(-c2cccc(-c3cn4c(n3)SCC4)c2)cc1)N1CCN(C(=O)c2ccco2)CC1,-7.6,3.539443043623405,24_1880
O=C(c1ccc(NS(=O)(=O)c2cccc3scnc23)cc1)N1CCC(O)(c2ccccc2Cl)CC1,-7.0,3.587035622970223,24_1881
O=C(CC(c1ccccc1)c1ccc(O)cc1O)c1ccccc1C(F)(F)F,-7.6,3.6445575515096884,24_1882
O=C(Nc1ccc(CC(NC(=O)c2cc3ccc(-c4ccc(F)cc4)cc3s2)C(=O)O)cc1)c1ccccc1,-7.0,3.295177803607869,24_1883
O=C(c1cccs1)N(Cc1ccccn1)Cc1cc2ccccc2[nH]1,-7.1,3.6930546800985997,24_1884
O=C(Nc1cccc(-c2ccc3c(c2)OCCO3)c1)c1cccc(-c2ccccc2)c1,-7.8,3.561317610764364,24_1885
O=C(Nc1cccc(Nc2ccc3c(C=Cc4ccccc4)[nH]nc3c2)c1)c1ccccc1,-7.8,3.3709175620035206,24_1886
COc1cccc(C(=O)Nc2ccc(-c3cccc4c(=O)cc(N5CCOCC5)oc34)cc2)c1,-8.3,3.655925100465227,24_1887
O=C(Nc1cccc(-c2cccc(-c3cccc(F)c3)n2)c1)c1cccc(C(F)(F)F)c1,-8.3,3.503864447574993,24_1888
O=C(c1ccc(O)cc1O)N(Cc1ccccc1)c1ccc(-c2cccc(-c3nncc4ccccc34)c2)cc1,-8.7,3.260717125380487,24_1889
O=C(Cc1ccccc1)Nc1ccccc1C(=O)Nc1cccc2cccnc12,-7.5,3.6336122233420043,24_1890
COc1ccc(-c2cccc(OC(F)(F)F)c2)cc1-c1cccc(-c2cccc(C(=O)Nc3ccccc3)c2)c1,-8.5,3.2626854127689464,24_1891
O=C1C2CN(Cc3ccc(F)cc3)C[C@H]2CN1c1ccc(-c2cccc(C(F)(F)F)c2)cc1,-7.0,3.4053567147069765,24_1892
O=C(Nc1ccncc1)c1ccc(Nc2nccc(-c3ccc4c(c3)OCCNC4)n2)cc1,-6.9,2.5829094727739355,24_1893
O=C(O)C=C1C=CC(=CC2=CC(=NC(=O)c3ccccc3Nc3ccnc4[nH]ccc34)C=C2F)C1,-7.7,3.348792097005999,24_1894
Cc1cccc(NC(=O)c2cccc(-n3cc(NC(=O)Nc4ccccc4)cn3)c2)n1,-7.5,3.5693228569670494,24_1895
Cc1cc(-c2ccnc3[nH]c(-c4cncnc4)cc23)cc2c1C(=O)N([C@H](C)C1CC1)C2,-7.4,3.6094625617118226,24_1896
Oc1ccc(-c2ncc(F)s2)cc1O,-5.8,3.4409603629582417,24_1897
O=C(CC(c1ccccc1)c1ccccc1)N1CCN(C(c2ccc(F)cc2)c2ccc(F)cc2)CC1,-7.5,3.3548767778639386,24_1898
Oc1ccc(-c2nnc(-c3ccc(O)cc3O)s2)c(O)c1,-6.9,3.4979308293913007,24_1899
O=C(Nc1cccc(-c2cccc(NC(=O)c3cc4ccccc4o3)c2)c1)c1cccc(F)c1,-8.2,3.4637395911957167,24_1900
O=C(Nc1nccs1)c1ccc2ncn(Cc3cccc(-c4cc5ccccc5o4)c3)c2c1,-7.7,3.4506115347383504,24_1901
COC=CC(C(=O)Nc1cccc(-c2cccc(N3CCCC3)n2)c1C)C(=COC)OC,-6.8,3.6395471827841184,24_1902
O=C(COC(=O)CNS(=O)(=O)c1ccc(Cl)cc1)Nc1cccc(-c2cccc3ccccc23)c1,-7.5,3.505663955794166,24_1903
COc1ccc(/C=C2\C(=O)N(c3nc4ccccc4nc3NC3CC3)N=C2C)cc1,-7.7,3.638724680065531,24_1904
Oc1cccc(-c2cc(-c3ccccc3F)nc3c2Cc2ccccc2-3)c1,-8.6,3.4639734760060064,24_1905
COc1ccccc1-c1cc2nccc(OC(=CCC=NC(=O)C3(c4ccccc4)COC=CC=CCNC3=O)c3ccccc3)c2[nH]1,-7.8,0.8564619018528816,24_1906
O=C(Nc1nc2ccc(F)cc2s1)N1CC=C(c2ncc(-c3cccc(Cl)c3)cc2Cl)CC1,-7.8,3.5897360537796286,24_1907
O=C1C[C@H](c2ccc3c(c2)CCC3)c2cccc(O)c2N1,-7.0,3.413002081901257,24_1908
O=C(c1cccc(-c2cccc(-c3ccccc3Cl)c2)c1)N1CCCCC1,-8.2,3.363041111661171,24_1909
O=C(c1cc(-c2ccc(F)cc2)[nH]n1)N1CCC(Nc2cccnn2)CC1,-7.6,3.7333968464694376,24_1910
COC=C1C=CC(=Nc2ncncc2C(CC(=N)c2ccccc2)c2cccc3ccccc23)C1,-6.6,3.4440823432498258,24_1911
COc1cccc(-c2cccc(NC(=O)c3cccc(C#N)c3)c2)c1,-6.7,3.7390030885821393,24_1912
O=C(NCc1cccc2ccccc12)c1cccc(-c2cccc(-c3cc4ccccc4cc3O)c2)c1,-9.8,3.1352011693167805,24_1913
Fc1cccc(-c2c(-c3ccc(-c4ccccc4)cc3)cnc3ccccc23)c1,-8.2,3.137029279245507,24_1914
O=c1[nH]c(=O)n(C2CC(O)C(CO)O2)c2c1C(C(F)(F)F)(C(F)(F)F)Oc1ccccc1-2,-7.6,3.2961824772290536,24_1915
O=C(CC1C(=O)Nc2cc(Cl)ccc2C(=O)N1c1cccc2ccccc12)Nc1cccc(F)c1,-8.3,2.5996815804038538,24_1916
O=C(Nc1ccccc1F)c1ccccc1-c1cc2ccccc2[nH]c1=O,-7.6,3.5914909616142054,24_1917
O=C1NCCN2CCC[C@H]2Cc2c1cccc2-c1cccc(-c2ccccc2OC(F)(F)F)c1,-8.1,1.387430882483181,24_1918
COC(=O)C(c1cccc(Cl)c1)N1C(=O)c2cc(F)ccc2NC(=O)C1c1ccc(F)cc1,-6.2,2.7292798327314625,24_1919
O=C(Nc1cccc(-c2cccc(-c3cccc(C(=O)N4CCOCC4)c3)c2)c1)c1ccccc1,-9.2,3.5759240999335113,24_1920
Cn1c(-c2nnnn2-c2cccc(Cl)c2Cl)nc2ccccc21,-6.6,3.600965646381596,24_1921
Nc1nnc(-c2cc(Cl)cc(Cl)c2)c2c1c1ccccc1n2-c1ccccc1,-7.5,3.548260552740638,24_1922
COc1cc(CNC(=O)c2ccc(-c3ccccc3NC(=O)c3cccc4ccccc34)cc2)ccc1-n1cnc(C)c1,-8.1,3.280286433009085,24_1923
O=C(Nc1ccccc1)c1cccc(-n2c(=O)c3cc4c5ccccc5nc5ccc(O)cn(c2=O)c3cc54)c1,-9.4,1.1176899400577778,24_1924
Cc1ccc(S(=O)(=O)Nc2cccc(-c3nc(-c4ccccc4NC(=O)c4ccc(F)cc4)no3)c2)cc1C,-8.8,3.359390134463463,24_1925
O=C(Nc1cccc(-c2cn3ccnc3c(NCCN3CCOCC3)n2)c1)c1ccccc1Cl,-8.2,3.596929129207111,24_1926
FC=C1C=CC(CNc2ccccc2-c2ccnc(-c3ccc4c(c3)CCNCC4)c2)=C1,-8.2,2.5473352629465165,24_1927
OC(CNCc1ccccc1)c1cccc(-c2ccccc2)c1,-6.6,3.5438169088882736,24_1928
CC(C)Nc1cccc(C(=O)Nc2cccc(-c3cccc(-c4ccccc4)c3)c2)c1,-8.3,3.4050580468688025,24_1929
O=C(Nc1ccccc1-c1cccc(Cl)c1)c1cccc2[nH]c(-c3ccccc3Cl)nc12,-8.4,3.40503624697486,24_1930
O=C(Cn1c2ccccc2c2nc3n(c(=O)c21)CCS3)N1CCN(c2cccc(F)c2)CC1,-8.3,3.471033328510841,24_1931
[NH]c1cc(Br)ccc1CC(=O)Nc1cc(-c2ccccc2F)nc2ccccc12,-8.6,3.5949321319498004,24_1932
Cc1ccc2c(c1)CN(c1nc3ccccc3n1C)C(=O)N2Cc1cccc(-c2ccccc2)c1,-8.9,3.383909684825835,24_1933
Cn1c(-c2cccc(-c3cccc(NC(=O)c4cccc(C(F)(F)F)c4)c3)c2)nc2ccccc21,-7.7,3.449135448355882,24_1934
O=C(Nc1c(Cl)cccc1Cl)c1cccc(-c2nc3ccccc3n2-c2cccc(F)c2)c1,-7.9,3.465306746215242,24_1935
Cn1c(-c2cccc(-c3cccc(NC(=O)Nc4cccc(F)c4)c3)c2)nc2ccccc21,-8.4,3.375390123066129,24_1936
Oc1cc2ccccc2n1C1CCN(c2cccc(-c3nc4ncccc4n3-c3ccc4ccccc4c3)c2)CC1,-9.5,3.346997258475666,24_1937
C[C@@H](c1ccc(F)cc1)N1C(=O)O[C@](Cc2ccccc2)(c2nccc(-n3ccnc3)n2)C1=O,-7.9,3.5984541604000033,24_1938
COc1ccc(-c2noc(-c3ccccc3OC)n2)cc1OC,-6.5,3.727069287377656,24_1939
O=C(N[CH]c1cc(F)ccc1NC(=O)C(c1ccccc1)N1CCOCC1)c1ccc2ccccc2c1,-8.4,3.5757467054575125,24_1940
O=C(NCCSc1c[nH]cn1)Nc1cc2cc(-c3cc4ccccc4o3)ccc2cc1-c1ccc(C(F)(F)F)cc1,-8.3,3.1293207836715826,24_1941
O=C(Nc1ccc(N=C2C(=O)Nc3ccc(F)cc32)cc1)Nc1cccc(C(F)(F)F)c1,-7.9,3.5231435080001705,24_1942
O=C(COc1ccccc1C(=O)c1ccccc1[N+](=O)[O-])Nc1cc(Cl)ccc1C(=O)O,-6.8,3.4187534580690753,24_1943
O=C(Nc1ccc(F)cc1F)c1cncc(-c2cc3ccccc3[nH]2)c1Nc1cccc(C(F)(F)F)c1,-8.1,3.199765021547875,24_1944
O=C(CSC1=NC(c2cccc([N+](=O)[O-])c2)C(C(=O)Nc2ccc(F)cc2)=CCN1)Nc1ccccc1,-7.6,2.4050795070883444,24_1945
O=C(Nc1ccccc1)Nc1ccc2c3c(cccc13)-c1ccccc1-2,-7.8,3.3673887919192125,24_1946
O=C(Nc1cccc(-c2cccc(-c3ccc4cc[nH]c4c3)c2O)c1)c1ccccc1,-8.8,3.331987280344489,24_1947
CN1C=Cc2ccc(N(C(=O)NCc3ccccc3)[C@H]3CC[C@H](Nc4ncc(C#N)c(-c5ccccn5)n4)CC3)nc2C=N1,-8.2,2.2790108233627517,24_1948
N=C(N)NCCC[CH]NC(=O)C1Cc2ccc(O)cc2C(=O)NC(Cc2ccc3ccccc3c2)C(=O)N2CCCC2C(=O)NC(C(N)=O)CCCNc2c(F)cc([N+](=O)[O-])cc2C(=O)N1,-8.2,0.7633871197103854,24_1949
O=C(O)C=C1CCN(CC[C@H]2C[C@@H]3c4c(Cl)cccc4CC3c3ccccc32)C1,-8.4,3.37708315194581,24_1950
O=C(Nc1cccc(NC(C(=O)O)c2ccc3ccccc3c2)c1)c1ccc2ccccc2c1,-7.6,3.2647680932813827,24_1951
O=C(Cc1ccccc1O)Nc1ccc(-c2ccccc2C(=O)Nc2ccccc2)cc1,-7.4,3.433551297883837,24_1952
O=C(Cc1cccc(F)c1)Nc1ccc(C(=O)Nc2nccs2)cc1,-6.7,3.763538778245512,24_1953
CC(C)(C)c1cc(NC(=O)c2cccc(CNC(=O)c3cccc(-c4ccccc4)c3)c2)no1,-7.6,3.5957809683905957,24_1955
O=C(Cc1ccccc1)Nc1nc(-c2ccccc2)cc(-c2ccccc2)n1,-8.7,3.6332469786967403,24_1956
O=C(C1C=C2c3cccc4[nH]cc(c34)C[C@H]2N(C(=O)Nc2ccccc2)C1)N1CCc2ccccc2C1,-10.0,3.2877945684626058,24_1957
O=c1c2cnc(-c3ccccc3)nc2n(-c2ccccc2)c(=O)n1-c1ccc(OCc2ccccc2)cc1,-8.3,3.347850747531198,24_1958
O=S(=O)(c1cccc2ccccc12)N1C=CC=CC(c2cc3ncccc3c(-c3ccc(Cl)cc3Cl)n2)=C1,-9.0,2.3968615024681856,24_1959
Fc1cccc(-c2ccc(Nc3nc4ccccc4nc3-c3ccc[nH]3)cc2)c1Cl,-7.5,3.4855960021580197,24_1960
O=C(O)c1cccc(-n2nccc2-c2cc(Cl)ccc2OCc2ccccc2)c1,-6.9,3.6737426442878425,24_1961
O=C1Nc2cc(C(=O)NCCCN3CCOCC3)ccc2S/C1=C/c1cccc(Br)c1,-6.2,3.518885107466561,24_1962
Cc1ccccc1N=C(Nc1cccc(-c2ccc3c(c2)OCO3)c1)Nc1cccc(C(F)(F)F)c1,-8.0,3.3938462493187274,24_1963
O=c1c(/C=C/c2cccc(F)c2)coc2ccccc12,-7.0,3.540092916185956,24_1964
Cc1nc2c(OCc3ccccc3)cccn2c1C=C1c2cc(-c3cnn(C)c3)ccc2Oc2ncccc21,-9.4,3.3526876911559658,24_1965
O=C(Nc1cccnc1)c1cccc(-c2cccc(-c3nc4cc(F)ccc4[nH]3)c2)c1,-8.6,3.5232238236880367,24_1966
O=C(NC(Cc1ccc(Oc2ccc(Oc3ccccc3)cc2)cc1)C(=O)O)c1ccc2ccccc2c1,-7.4,3.3473571351390774,24_1967
O=C(Nc1ccccc1-c1nc2ccccc2c(=O)n1-c1ccccc1F)C(F)(F)F,-7.4,3.627940185444232,24_1968
O=C(NC(c1ccccc1F)c1nc2ccccc2c(=O)n1CCO)c1ccccc1Cl,-7.1,3.683798525340843,24_1969
O=C(Nc1ccc(-c2ccccc2F)cc1)c1ccccc1Cn1ccc2ccccc21,-8.3,3.301037352973296,24_1970
O=C(Oc1cc(F)ccc1C(F)(F)F)c1cccc(-c2cccc(-c3cccc(C4(O)CCC4)c3)c2)c1,-9.0,3.3077893261614832,24_1971
Nc1cccc(Nc2nc(-c3ccccn3)cs2)c1,-6.6,3.641558626507183,24_1972
O=C(Cc1ccccc1)Nc1ccc2[nH]nc(-c3cccc(NC(=O)c4ccc(F)cc4)c3)c2c1,-9.0,3.317334960872074,24_1973
Cc1ccc(C=CN=CC(=NCc2ccc(C)cc2C)c2[nH][nH]c2-c2ccccc2)cc1,-6.8,3.42126302299874,24_1974
O=C(c1cccc(C(F)(F)F)c1)N1CCn2c1nc1ccccc12,-7.6,3.631245148006734,24_1975
O=C(c1ccc(-c2cc(-c3cccc(Oc4ccccc4)c3)nn2-c2cc3cc(C(F)(F)F)ccc3s2)cc1)c1cccc(F)c1,-9.2,2.91795220372311,24_1976
O=C(Nc1cccc(-c2ccc(N3CCOCC3)nn2)c1)c1ccccc1,-7.2,3.7724923889935034,24_1977
Cc1cccc(C(=O)Nc2cccc(C(=O)OCc3cc(=O)n4nc(C5CC5)sc4n3)c2)c1,-7.3,3.5600808650212885,24_1978
COC=CCCC(C)=NC(=O)C=Nc1ncc(-c2cccc3ccccc23)c2ccccc12,-6.8,3.4255635503689645,24_1979
Cc1cc(-c2cccc(S(=O)(=O)Nc3ccc(Cl)cc3C(=O)c3ccc(F)nc3)c2)[nH]n1,-7.4,3.517004838600496,24_1980
CC1=CC=C(n2ncc(C(=O)NC3CCN(Cc4ccccc4)CC3)c2-c2ccc(F)cc2C)C1,-6.7,3.587959781332255,24_1981
O=c1oc2ccccc2c2nc(-c3cc4ccc(O)cc4[nH]3)cc(-c3ccccc3)c12,-8.5,3.388317481255909,24_1982
O=C(Nc1ccccc1S(=O)(=O)Nc1ccccc1)c1ccccc1-c1ccccc1,-7.0,3.6227423909008207,24_1983
CC=Nc1cc(C=COC)c(OCC)c2cc(NC(=O)c3cc4ccccc4[nH]3)ccc12,-6.4,3.4743531939808863,24_1984
CCCNCc1cn(C)c2nc(-n3ccc(OCc4ccc(F)cc4F)cc3=O)ccc12,-6.9,3.6255064449339542,24_1985
COc1ccccc1OCCN1C(=O)c2ccc(C(=O)O)cc2C1=O,-6.6,3.707012190757241,24_1986
O=C(Nc1ccc(N2CCN(C(=O)c3ccccc3F)CC2)cc1)c1cc2ccccc2[nH]1,-7.5,3.6317100640033027,24_1987
O=C(c1cccc(-c2cccc(-c3nc4cc(C5=NCCN5)ccc4[nH]3)c2)c1)N1CCN2CCCC2C1,-9.2,3.4257855979001572,24_1988
O=c1c2ccccc2nc(-c2cc(C(F)(F)F)cc(C(F)(F)F)c2)n1-c1ccc(-c2nc(-c3cccs3)no2)cc1,-9.7,3.246124043630596,24_1989
O=C(Nc1cc(C(F)(F)F)cc(C(F)(F)F)c1)c1cc(-c2ccccc2)nc2ccccc12,-8.8,3.462169761174984,24_1990
O=c1cc(-c2ccccc2)c2ccc(-c3cc4ccccc4o3)cc2[nH]1,-7.0,3.4133674525326327,24_1991
O=C(Nc1cccc(-c2cccc(-c3ccc(F)cc3)c2)c1)c1cccc(-c2ccccc2C(F)(F)F)c1,-8.4,3.003716495802779,24_1992
COc1cccc(-c2ccc(Nc3nc4ccccc4nc3NC3CCNCC3)cc2)c1,-8.0,3.548670508572635,24_1993
O=C(NC1CCN(c2ccccc2-c2ccco2)CC1)c1cccc(-c2ncccn2)c1,-6.9,3.6784403146952114,24_1994
O=C1C=C(Sc2ccccc2-c2ccccc2)c2ccccc2Sc2ccc(OCCc3cccc(F)c3)cc21,-6.5,1.2684403238297701,24_1995
O=c1[nH]c2ccccc2n1-c1ccccc1Oc1ccccc1,-6.6,3.6544255276602478,24_1996
Cc1ccc(C2=NN(S(=O)(=O)c3ccccc3)C(c3ccccc3O)C2)cc1C,-7.5,3.768536594395873,24_1997
CS(=O)(=O)c1ccc(-c2cc(-c3ccccc3)cc(=O)n2O)cc1,-7.3,3.742289020113536,24_1998
O=C(O)c1ccc(-c2ccccc2-c2ccccc2)cc1CCCc1ccccc1,-7.2,3.3443786792427908,24_1999
