smiles,docking,drug_likeliness,names
O=C(Nc1cccc(-c2cn3ccsc3n2)c1)c1cccc(-c2cc3ccccc3oc2=O)c1,-8.2,3.493489699701204,25_0
COc1ccc(-c2nnc(NC(c3ccccc3OC)c3cccc4ccccc34)s2)cc1,-7.8,3.480479225932887,25_1
O=C(c1nnc([C@@H]2CCN(c3ccccc3)C2)o1)c1c[nH]c2ccc(Cl)cc12,-7.9,3.6753036755495585,25_2
O=C(c1ccccc1Cl)N1CCN(c2nc3ccccc3c3ccccc23)CC1,-7.7,3.515563081645422,25_3
COc1ccccc1N1CCN(c2ccc3c(=O)cc(-c4ccccc4)oc3c2)CC1,-7.5,3.6006372175598136,25_4
O=c1oc2ccccc2c2nc3ccccc3cc12,-7.2,3.2597171505789415,25_5
C=CCCCC(CC=COC)=NC(NC(=O)N1[C]NC1=O)c1cccc(-c2ccccc2)c1,-7.2,3.3128637180170974,25_6
COc1ccccc1OCC(CC=O)C(=O)Nc1ccc(Cl)cc1Cl,-5.8,3.7092963285077865,25_7
O=C(Nc1cccc(-c2cccc(-c3cccc4ccccc34)c2)c1)c1ccccc1,-9.1,3.220326797920765,25_8
O=C(Nc1ccon1)c1cccc(-c2cccc(C(=O)Nc3ccccc3C(=O)O)c2)c1,-8.1,3.5667099127407558,25_9
O=C(Nc1cccc(-c2cccc(-c3cccc(C(F)(F)F)c3)c2)c1)n1ncc2ccccc21,-8.8,3.3556365107630386,25_10
CN(c1ccccc1)S(=O)(=O)c1cccc(NC(=O)c2cc3ccccc3o2)c1,-7.1,3.7261080079303346,25_11
O=C(Cc1cccc(-n2ccnc2)c1)Nc1cccc(-c2cccc(-c3ccccc3F)c2)c1,-8.3,3.3559193588396177,25_12
Cn1c(-c2cccc(-c3cccc(-c4cccc(NC(=O)Nc5ccccc5)c4)c3)c2)nc2ccccc21,-9.1,3.223561488915525,25_13
O=C(c1cccc2c1Nc1ccccc1O2)n1ncc2cc(O)ccc21,-8.6,3.617227584392098,25_14
Nc1nc2ccccc2cc1-c1ccc(-c2ccc3sccc3c2)cc1,-7.6,3.4271122928972244,25_15
O=C(c1cccc(-c2ccc3ccccc3c2)c1)c1cccc(N2C(=O)c3ccccc3C2=O)c1Cl,-8.7,3.2676363714595857,25_16
CNC=C(F)c1ccc(F)c(-c2cccc(-c3ccncc3)c2)c1,-7.1,3.6319396315356154,25_17
O=C1/C(=C/c2cccc(Oc3ccccc3)c2)SC(c2ccccc2)N1c1ccccc1Cl,-6.8,3.251903783186334,25_18
O=C1c2ccccc2CCc2cc(Nc3cccc(NC(=O)c4ccccc4Oc4ccccc4)c3)ccc21,-8.4,2.3613746177401715,25_19
O=C1N=c2ccc(F)cc2=C1c1[nH]c2ccccc2c1NOCCN1CCC(Nc2nc3ccccc3c(=O)o2)CC1,-8.4,3.043511905429752,25_20
Cc1cc(C)c2[nH]c(-c3cccc(-c4cccc(NC(=O)c5ccccc5C)c4)c3)nc2c1,-8.6,3.3736879198654526,25_21
COc1ccc2c(c1)nc(-c1ccc(Cl)cc1)n2-c1cccc(-c2nc3ccccc3[nH]2)c1,-8.9,3.4352263761520585,25_22
O=C(c1cccc(F)c1-n1nccn1)N1CC2CC(Oc3ccc(C(F)(F)F)cn3)C1C2,-7.6,3.547368375044055,25_23
O=C(Nc1ccccc1-c1cccc(F)c1)c1cnn2ccc(Br)cc12,-7.1,3.6649496580939567,25_24
CC(=CC=CF)c1cc(-c2ccc(F)cc2F)nc2c1Cc1ccccc1C2C,-8.6,3.311123403399926,25_25
O=C1c2ccccc2-c2c1c1ccccc1c(=O)n2-c1cccc(-c2ccccc2F)c1,-8.5,3.3991531754186166,25_26
O=C(Nc1ccc(-c2cccc(-c3ccc(N4CCCC4)nc3)c2)cc1)Nc1cccc(C(F)(F)F)c1,-7.6,3.4841022792346488,25_27
Cn1cc(-c2cncc(-c3cc4cc(-c5ccc(C#N)cc5)ccc4o3)c2)nn1,-7.8,3.537142086982801,25_28
N#C/C(=C/c1ccc(-c2cccc(-c3nc4cc(F)ccc4[nH]3)c2)cc1)c1nc2ccccc2[nH]1,-7.9,3.381759876312101,25_29
N=Cc1c(C2C=NC2)ccc2cnc(Nc3ccc4c(n3)CCN(Cc3ccccc3F)C4)cc12,-8.0,3.4667640554438424,25_30
O=C(c1cccc(C(F)(F)F)c1)N1CCC(NC(c2ccc(C(F)(F)F)cc2)c2cccnc2)CC1,-7.8,3.5863779316866657,25_31
O=c1c2ccccc2nc(/C=C/c2cccc([N+](=O)[O-])c2)n1Cc1ccccc1,-7.9,3.5551618647379506,25_32
O=C(Nc1cccc(-c2cccc(-c3nc4cc(F)ccc4[nH]3)c2)c1)c1c(F)cccc1F,-8.45,3.440810601409063,25_33
CCCCOc1ccc(-c2nc3cc(C(N)=O)ccc3[nH]2)cc1-c1ccccc1,-6.8,3.555478512148596,25_34
O=C(Nc1ccc(C2=CCN(C(=O)c3ccccc3)CC2)cc1)N1Cc2ccccc2C1,-6.366666666666667,3.5470462554424094,25_35
CC1(C)CC2[C](COC(=O)CCC(=O)O)CC[C@]3(C)C(=CC[C@@H]4[C@@]5(C)CC[C@H](OC(=O)c6ccccc6)C(C)(C)[C@@H]5CC[C@]43C)[C@@H]2C1,-6.5,1.8055725360995414,25_36
O=C(NC(Cc1ccc(-c2ccccc2)cc1)C(=O)O)OCc1ccccc1Br,-6.9,3.670913639119499,25_37
C[C@](O)(c1ccccc1)c1ncc(-c2cc(Nc3nccc(C(F)(F)F)n3)cc(-c3cc[nH]n3)c2)s1,-8.5,3.3434649384549,25_38
O=C(c1cccc(-c2nc(=O)c3ccccc3[nH]2)c1F)N1CCN(C2c3ccc(Cl)cc3CCc3cc(Br)cnc32)CC1,-10.5,2.3296546053758793,25_39
O=c1ccccn1-c1ccc(Nc2nc3ccccc3[nH]2)cc1,-7.1,3.6772509228489714,25_40
O=C(Nc1ccccc1)Oc1ccc2c(c1)C(=O)N(c1cccc([N+](=O)[O-])c1)C2=O,-7.3,3.5565731549433006,25_41
O=C(c1cc2c([nH]c1=O)CCC2)N(C1CC1)[C@@H]1C[C@H]1c1cccc(Cl)c1,-6.7,3.4991393127831074,25_42
O=C(C=Cc1ccccc1)Nc1ccc(-c2ccc(-c3cc4ccccc4cc3-c3ccccc3)cc2)cc1,-8.7,2.9369132698738327,25_43
O=C1c2ccccc2S(=O)(=O)N1Cc1ccccc1F,-6.1,3.6389679520099723,25_44
O=C(Nc1cncc(-c2cccc(C(F)(F)F)c2)c1)c1ccccc1,-7.4,3.6972669813049137,25_45
O=C(N[C@H]1CC[C@H](CCN2CCN(c3ccccn3)CC2)CC1)c1cccc(C(F)(F)F)c1,-6.7,3.6499644192655483,25_46
O=C(c1ccccc1)N1CC[C@H](c2nc3cc(Cl)ccc3[nH]2)C1,-7.1,3.6857688160295177,25_47
O=C(N/N=C/c1cccc([N+](=O)[O-])c1)c1ccc2ncccc2c1,-6.6,3.591478820679093,25_48
Cc1cc(SC2C(=O)CC(CCc3ccc(O)cc3)(C(C)C)OC2=O)c(C(C)(C)C)cc1NS(=O)(=O)c1ccc2ccccc2c1,-7.3,3.1171456597259004,25_49
O=CNC(=O)C(=Cc1ccc(-c2cccc(-c3ccc4c(c3)OCO4)c2)cc1)C(=O)Nc1ccccc1,-8.4,3.178526563741996,25_50
O=Cc1cn(-c2ccccc2-c2ccccc2-c2c(-c3ccccc3)ccc3ccccc23)c2ccccc12,-7.3,2.9745571352076996,25_51
[CH](c1ccccc1)n1cc(-c2cccc3ccccc23)c2c1CCC2,-7.8,3.200445587296551,25_52
O=C(C=C1C=CC(N=C(Nc2ccccc2)c2cccc(NC(=O)c3cc4ccccc4o3)c2)C1)NCc1ccccn1,-7.2,3.0241278901946433,25_53
O=C1C(N2CCN(C(=O)Nc3cccc4ccccc34)CC2)=Nc2ccc3ccccc3c21,-8.0,3.521870306057208,25_54
O=C(Nc1cccc(-c2cn3ccnc3c(NCc3ccncc3)n2)c1)Nc1cccc(C(F)(F)F)c1,-8.233333333333333,3.351509113506621,25_55
O=C(Nc1ccc(-c2c[nH]c(=O)c3ccccc23)cc1)NC(Cc1ccccc1)C(=O)Nc1cccc(Cl)c1,-7.8,3.2011832905825184,25_56
Clc1cccc(-c2cc(C3=CC=COC3)c3c(ccc4ccccc43)c2)c1,-8.0,3.1009251290795747,25_57
Cc1cc(C)nc(NC(=O)c2ccc(-n3cnnc3)cc2)c1,-6.7,3.765606010087354,25_58
O=C(NC[C@@H]1Cc2ccccc2CN1C(=O)c1ccccc1C=Cc1ccccc1)c1ccccc1,-9.3,3.4191044679574074,25_59
O=C1NC(=O)c2cc(Oc3cccc(NC(=O)c4ccccc4-c4ccccc4C(F)(F)F)c3)ccc21,-8.3,3.4185962605226665,25_60
O=C(Nc1cccc(-c2cccc(-c3ccccc3Cl)c2)c1)c1ccccc1Cl,-8.2,3.391835208516027,25_61
Cc1cc(Nc2cc(N3CCOCC3)nc(Nc3ccc(C(=N)N)cc3)n2)[nH]n1,-8.1,3.205132791061425,25_62
O=C(C1=Cc2ccccc2OC1c1ccc(Cl)cc1)c1cc2ccccc2o1,-8.1,3.4496866221284055,25_63
CC1=C(C2=CC(=O)CC2)C(c2cccc(C(F)(F)F)c2)c2ccc3ccccc3c21,-7.8,3.240586968394093,25_64
O=C(Oc1ccccc1F)c1ccc2c(-c3nc4ccccc4[nH]3)[nH]nc2c1,-7.9,3.4969965414356876,25_65
O=C(Nc1cccc(F)c1)c1ccc(-c2ccccc2N2CCCC2)o1,-7.5,3.717863166441556,25_66
O=C(c1cccc(N2C(=O)c3ccccc3C2=O)c1)N1CCN(c2cccc(Cl)c2)CC1,-7.7,3.5727778518667526,25_67
Cc1cc(COc2ccc(-n3cc(CC#N)c(-c4ccccc4F)c3)nc2)c2ccccc2n1,-6.7,3.4751398368041806,25_68
COc1cccc(Nc2cc(-c3cccs3)nc(-c3cc4cccc(OC)c4oc3=O)n2)c1,-8.2,3.436151843545399,25_69
COC=C1C=CC(NC(=C2SCCCN2C)c2cc3ccccc3oc2=O)=C1,-8.0,3.5922908060640166,25_70
COC=C1C=CC(NC(c2nc(-c3ccccc3)cs2)c2c(O)ccc3ccccc23)=C1,-7.7,3.5052415184943864,25_71
COC1C2=CC=C1OCC(C)(c1cccc(-c3cccc(C(=O)N(C)C)c3)c1C)C=CC=C2,-7.8,1.3697440312792093,25_72
COc1cc(-c2nnc(-c3cccc(C(F)(F)F)c3)o2)ccc1OCc1c(-c2ccco2)nn(-c2ccccc2)c1-c1ccccc1,-7.8,3.063323368081826,25_73
C=CC=CC=CC1CC(c2ccc(-c3cccc(NC(=O)c4ccc5c(c4)CCCC5)c3)cc2)CCN1C(=O)[CH]CC[CH]C(=O)O,-5.2,3.0459503748672385,25_74
O=C(NNc1ccc2c(c1)OCO2)c1ccc(-c2cccc(-c3ccccc3)c2)cc1,-7.8,3.4724741907895775,25_75
Cn1c(-c2cccc(-c3cccc(NS(=O)(=O)c4ccccc4Cl)c3)c2)nc2ccccc21,-7.8,3.4317833310704855,25_76
O=C(Nc1ccc(N2CCN(C(=O)c3ccco3)CC2)cc1)c1ccc(F)cc1,-7.3,3.793095130378971,25_77
O=C(Nc1cc(-c2ccccc2)nc2c1cnc1ccc(F)cc12)c1cccc([N+](=O)[O-])c1,-8.3,3.394731700462012,25_78
O=C(c1ccc(N2CCN(C(=O)c3ccc(F)cc3F)CC2)nc1)c1cc2ccccc2o1,-8.1,3.618537448506687,25_79
O=C(COc1ccccc1[N+](=O)[O-])N/N=C/c1ccc(-c2ccccc2)cc1,-6.9,3.5822531105059277,25_80
O=C(C=Cc1cc(=O)n(Cc2ccc(-c3ccccc3-c3nn[nH]n3)cc2)c(=O)c2ccccc12)NCc1ccc(F)cc1,-8.2,2.2879686482398327,25_81
O=C(Nc1ccc(-c2ccc3ccccc3c2)c(F)c1)c1ccc2c(c1)c1ccccc1n2Cc1ccccc1F,-8.2,3.0890588868567956,25_82
O=C(c1ccc(-c2cccc(NC(=O)c3ccc(F)cc3F)c2)cc1)c1ccccn1,-7.9,3.613387640042121,25_83
NC(=O)c1cccc2[nH]c(-c3cccc(-c4ccccc4)c3)nc12,-8.1,3.601533069704418,25_84
O=c1[nH]nc(-c2cccc(-c3cccc(-c4nc5cc(F)ccc5[nH]4)c3)c2)s1,-8.6,3.5988712942709373,25_85
COc1ccc(NC(=O)c2ccccc2N(C)S(=O)(=O)c2ccccc2)cc1,-6.7,3.789895916918711,25_86
O=c1cc(-c2ccccc2)oc2cc(OCc3cccc(-c4ccccc4)c3)ccc12,-8.0,3.2747292371015515,25_87
O=C(Nc1cccc(-c2nnco2)c1)c1cccc(-c2ccc3ccccc3c2)c1,-8.3,3.577287782023375,25_88
O=C1c2ccccc2C(O)(c2ccc3cc[nH]c3c2)N1Cc1cccc(Oc2ccccc2)c1,-8.5,3.444276423860377,25_89
O=CCC1CC=C2CC(c3ccccc3)=CCC2=Nc2ccccc2C1,-7.6,1.1652488251029949,25_90
O=C(Nc1nc(-c2ccccc2)nc2cn(-c3ccccc3)nc12)c1cnc2ccccc2c1,-8.9,3.568995196720481,25_91
O=C(O)c1cccc(Oc2ccc(-c3cccc(CNCCc4ccccc4)c3)cc2)c1,-6.1,3.4434092521768696,25_92
O=C(Nc1ccc(C=CCNC[C@H](O)c2cccc(O)c2)cc1)c1ccc(C(F)(F)F)cc1,-6.1,3.489462986605788,25_93
CC=CC=C1[C@H](c2cccc(-c3cccc(-c4ccc5c(c4)OCO5)c3)c2)NC(=O)N1N1CCCCC1,-8.9,3.4240139616192042,25_94
NC(=O)c1cccc(C(C2=CC=CC2=CC(F)=CC=Cc2cc[nH]c2)C2CCN([S+]([O-])C3CCC3)CC2)c1,-7.5,3.220576324196414,25_95
O=c1[nH]cnc2c1ncn2CCNC1c2ccccc2NP1(=O)c1ccc(-c2ccc3ccccc3c2)cc1,-8.3,3.295869836779609,25_96
O=c1ccc(-c2ccco2)nn1-c1ccccc1,-6.4,3.6359731087364278,25_97
Cc1cccc(NC(=O)c2cccc(-c3cccc(-c4ccc(Cl)cc4)c3)c2)c1,-8.3,3.26448229538373,25_98
O=C(Nc1cccc(-c2cccc(-c3cccs3)c2)c1)c1ccccc1O,-7.7,3.571503882945273,25_99
O=C(NCc1cn(-c2ccccc2)c2cc(Cl)ccc2c1=O)c1cc2ccccc2n1-c1ccccc1,-8.4,3.3771011557759554,25_100
O=CC=CC=CC=CC=CC=CC=CC(S)c1cccc2c(=O)cc(N3CCOCC3)oc12,-6.5,3.3566927638501047,25_101
O=c1[nH]c(O)cc(-c2cccs2)c1C=Nc1ccccc1,-6.5,3.682575887648376,25_102
O=C(O)c1ccnc(-c2cn(-c3ccccc3-c3nc(=O)c4ccccc4[nH]3)cn2)c1,-8.2,3.543543396779603,25_103
O=c1[nH]nc2c3c(cccc13)N=C(CN1CCN(C(c3ccccc3)c3ccccc3)CC1)N2c1ccccc1,-9.2,3.3642438750899,25_104
O=C(Nc1cccc(-c2cccc(-c3nc4ccccc4[nH]3)c2)c1)c1cccc(C(F)(F)F)c1,-8.466666666666667,3.31558797004833,25_105
O=c1[nH]c(-c2cccc([N+](=O)[O-])c2)nc2ccccc12,-6.9,3.623936934805956,25_106
O=CN(Cc1ccc(-c2cccc(C(F)(F)F)c2)cc1)c1ccccc1C(=CCC(=O)Nc1ccccc1)c1ccccc1,-6.0,3.051240096163255,25_107
O=C(c1nccc2ccccc12)N1CC[C@H](C2=Cc3[nH]c(=S)sc3[SH](=O)=N2)C1,-7.8,3.517557410468476,25_108
O=c1c(-c2cccnc2F)cc(-c2ccc(F)cc2)cn1-c1cccc(OC(F)(F)F)c1,-8.5,3.505681801429885,25_109
Oc1ccc(-c2cccc(-c3ccccc3Oc3ccccc3)c2)cc1,-7.5,3.467063891430592,25_110
O=C(Nc1nonc1N1C(=O)c2ccccc2C1=O)c1ccccc1,-7.9,3.6828229027252117,25_111
O=C(c1cccc(N2C(=O)c3ccccc3C2=O)c1)N1CCN(c2ccccc2F)CC1,-8.0,3.5780777558495807,25_112
CN(Cc1cccc2ccccc12)C(=O)c1ccccc1-c1ccccc1C(=O)Nc1cccc(OC(F)(F)F)c1,-7.7,3.3038127703914166,25_113
COC=C1C=C(CN)C(C2=CC=CC(c3ccccnccc(C=CC=Cc4ccn(C)c4)c3)C2)=C1,-6.4,1.2240992562776505,25_114
CCN1C(=S)Nc2ccccc2-c2nc(Nc3cc4c(cc3OC)CCc3cc(C)ccc3O4)ncc21,-7.8,2.438992436485235,25_115
O=C(NC1CCCCC1)C1CCCN1C(=O)c1cccc(C(=O)N2CCCC2C(=O)c2ccco2)c1,-8.0,3.448128344809946,25_116
O=C(NCc1cccc(-c2cccc(-c3cccc(-c4ccccc4Br)c3)c2)c1)c1ccccc1,-9.2,3.0455608711347115,25_117
O=c1c(-c2ccco2)nnc2n1CCN2c1cccc(C(F)(F)F)c1,-7.3,3.6586705270783133,25_118
Nc1nnc(-c2cccc(NC(=O)c3cccc(C(F)(F)F)c3)c2)s1,-7.3,3.7015920059155567,25_119
O=C(N[C@@H]1CC[C@@H](c2cccc(F)c2)c2cc(-c3ccccc3)ccc21)c1cccc(C(F)(F)F)c1,-8.1,3.284244008482424,25_120
CC(C(=O)Nc1cccc(-c2cccc(-c3nc4ccccc4[nH]3)c2)c1)c1ccccc1,-8.7,3.3868053338002735,25_121
C[CH]C12C[C](C(=O)N[C@@H](c3ccccc3)c3ccncc3)CCN(C)[C@@H]1Cc1ccc(O)cc12,-7.4,2.6221907758704237,25_122
Cn1cc(NC(=O)c2cccc(OC(F)F)c2)c2ccccc2c1=O,-7.0,3.8007139794267775,25_123
O=c1c(N(Cc2ccccc2C(F)(F)F)CC2CC2)coc2ccccc12,-7.0,3.6397523021758493,25_124
Cc1c(Nc2cccc(-c3cccc(C(=O)O)c3)c2)cccc1C1C=NC(=N)C1,-8.1,3.5836079395871128,25_125
O=C(Oc1cccc(-c2cc3ccccc3o2)c1)c1cc(-c2ccc3c(c2)OCO3)nc2ccccc12,-8.3,3.193130890774399,25_126
Cc1cccc(S(=O)(=O)c2cc(-c3cccc(Cl)c3)ncn2)c1,-7.8,3.6741825372311574,25_127
O=C(c1cccc(-c2cccc(-c3cccc4ccccc34)c2)c1)N1CCN(c2ccc(F)c(F)c2)CC1,-9.7,3.2220298745651874,25_128
O=C(Nc1ccccc1C(=O)O)c1ccc(Cc2ccccc2Nc2cccc(Cl)c2Cl)cc1,-7.6,3.3395933597304825,25_129
O=C(Nc1cccc(-c2cn3ccnc3c(NCc3ccncc3)n2)c1)Nc1cccc(C(F)(F)F)c1,-8.233333333333333,3.351509113506621,25_130
O=c1nc(Nc2cccc(-c3cccc(-c4nnco4)c3)c2)c2ccccc2n1-c1ccccc1,-8.9,3.517387068750708,25_131
OCc1cc(-c2ccc3ccccc3c2)ccc1O,-6.8,3.4837671041609886,25_132
C[C@@H](O)C1C(=O)N2C(C(=O)O)=C(c3cc(-c4ccccc4S(C)(=O)=O)ccc3F)C[C@H]12,-7.2,3.551743037829274,25_133
COc1ccc([N+](=O)[O-])cc1/C=N/c1ccc(C(=O)Nc2ccc(-c3cc4ccccc4oc3=O)cc2)cc1,-4.7,2.994034086636817,25_134
Cc1cn(-c2ccc3n(c2=O)CCN(c2cccc(C(F)(F)F)c2)C3)c2ccccc12,-8.1,3.5814801283922417,25_135
Nc1nc2o[n+](c1=O)=NC(c1ccccc1)=NC=2,-6.7,2.429562769014052,25_136
O=C(Nc1ccc(N2C(=O)c3ccccc3C2=O)c(Cl)c1)c1cc2ccccc2o1,-7.7,3.6407596433083995,25_137
CNc1cc(-c2cccc(-c3cc(-c4ccnc5ccccc45)c4ccc(F)cc4n3)c2)c2ccccc2n1,-9.7,3.257543218044379,25_138
O=C(N/N=C\c1ccc(-c2cccc(/C=C3\SC(=S)N(c4ccccc4)C3=O)c2)cc1)Nc1ccccc1,-6.4,3.2097416809214305,25_139
O=C(Nc1cccc(Cl)c1)Nc1ncccc1OCc1cccc(-c2ccccc2)c1,-7.2,3.5620997089043467,25_140
O=C(O)c1ccc(-c2cnc3[nH]cc(-c4cc5ccccc5[nH]4)c3c2)cc1,-9.2,3.4210382251844367,25_141
O=C(O)c1cn(-c2ccccc2)nc1-c1c[nH]c2ccccc12,-7.4,3.6615195642459097,25_142
O=C(Nc1cccc(S(=O)(=O)N2CCOCC2)c1)c1ccccc1Sc1ccc2c(C=Cc3ccccn3)[nH]nc2c1,-8.2,3.277488460582533,25_143
O=c1cc(-c2cccc(Cl)c2)c2ccc(NC3=NCCN3)cc2[nH]1,-8.8,3.6652760511727376,25_144
O=C(CNc1nc2ccccc2n1Cc1ccccc1)Nc1cccc(-c2cccc(C(F)(F)F)c2)c1,-8.7,3.429524600825644,25_145
O=C(Nc1ccc(Cl)cn1)c1ccc(-c2ccccc2C(F)(F)F)o1,-6.8,3.7238791102139936,25_146
Oc1c2c(c(O)n1-c1nnc(-c3cccc(-c4ccccc4F)c3)o1)C1C=CC2C1,-8.7,3.5042961154191055,25_147
O=C(c1ccccc1)c1ccc(-c2cccc(-c3cccc4c(=O)cc(N5CCOCC5)oc34)c2)cc1,-8.8,3.3679488983240327,25_149
O=C(c1ccc(Oc2ncccc2[C@@H]2CCC[C@H](O)C2)cc1)c1ccc2c(-c3cccc(Cl)c3)noc2c1,-7.9,3.3368202297549647,25_151
O=C(Nc1cccc(-c2cccc(-c3ccc(N4C(=O)CCc5ccccc54)cc3)c2)c1)C1CCC1,-7.8,3.327395695460441,25_152
Cc1ccc(-n2nc(-c3ccccc3NC(=O)c3ccccc3F)cc2N)cc1,-8.2,3.674049171213267,25_153
Cc1ccc(-c2cccc(-c3cc(-c4ccccc4)c4c(n3)-c3cc(F)ccc3OCC4)c2)cc1,-9.2,2.188168224123537,25_154
Fc1ccc(Nc2nc(NCCN3CCOCC3)nc(N3Cc4ccccc4C3)n2)cc1,-7.8,3.554042277456827,25_155
O=C(Nc1cccc(-c2cccc(C(F)(F)F)c2)c1)Oc1ccccn1,-8.2,3.716468547838759,25_156
O=C1NC(=O)C(c2c[nH]c3ccccc23)=C1c1nc2ccccc2[nH]1,-7.5,3.524988787413573,25_157
O=C(NC1N=C(c2ccccc2)c2ccccc2N(CC(F)(F)F)C1=O)N1CCC(Nc2cc(C(F)(F)F)no2)CC1,-7.9,2.414603701702216,25_158
O=C(O)c1nc(-c2cccs2)nc2c1CCNC2,-6.6,3.630847235568071,25_159
O=c1nc(N2CCN(CCCCOc3cccc(-c4ccc5c(c4)OCO5)c3)CC2)c2ccccc2o1,-7.2,3.374520269041864,25_160
CC1=CC=C(c2cc(-c3ccccc3)ncc2C(c2ccccc2C)c2ccccc2-c2ccccc2)C1,-7.6,2.8277260184734034,25_161
Cn1c(SCCCN2CCOC(c3ccc(C(F)(F)F)cc3)C2)nnc1-c1ccc(N2CCOCC2)cc1,-5.8,3.26968533046476,25_162
O=c1cc(OCc2ccc(F)cn2)ccn1-c1cccc2c3c(cc-2c1)CCCN3,-8.2,2.6037462952658967,25_163
O=C(N=CC1=C(c2ccccc2)C(c2nnc3oc(-c4ccc5c(c4)OCCO5)nn23)=CC1)Nc1ccccc1,-9.5,3.250082649457039,25_164
O=C(C=NC(=O)C(c1ccccn1)c1nc2ccc(C(=O)O)cc2s1)NC1=CCCCC=C1,-7.6,2.640012336454884,25_165
O=C(c1cccc(-c2nc3ccccc3o2)c1)N1CCN(c2ncccn2)CC1,-8.6,3.659412450465476,25_166
O=C(Nc1cccc(-c2cccc(C(=O)N3CCCC3)c2)c1)c1cccc(C(F)(F)F)c1,-8.2,3.6596735782183822,25_167
O=C1O/C(=C\c2cccc(-c3ccc(F)cc3F)c2)C(Br)=C1Br,-7.6,3.513335140797479,25_168
O=C(O)CC(c1cccc(C(F)(F)F)c1)N1C(=O)c2cccc3cccc(c23)C1=O,-7.9,3.699131285317045,25_169
O=C1c2ccccc2C(=O)N1OCCNc1nnc(C(F)(F)F)s1,-7.0,3.528004275875822,25_170
Cc1cc(C)cc(-c2c(OC3CCC(F)CC3)c3ccc(Cl)cc3[nH]c2=O)c1,-7.3,3.6178233804237356,25_171
Cc1cccc(NC(=O)c2cccc(N=C3NC(=O)C3Nc3ccccc3C)c2)c1,-8.1,3.6085925460039965,25_172
Cc1ccc(NC(=O)CSc2nncc3cc(-c4ccc(F)cc4)nn3cc[nH]c2=O)cc1Cl,-7.5,1.3820981730357307,25_173
Cc1ccc(S(=O)(=O)N2CC(C(=O)Nc3cccc4ccccc34)C[C@H]2c2cccc(Cl)c2)cc1,-8.7,3.591726647485897,25_174
O=C1c2nc3ccccc3nc2-c2cccc3cccc1c23,-7.9,3.4535970946111814,25_175
N#C[C](c1cccc(-c2cccc(C(F)(F)F)c2)c1)c1c[nH]c2cc(-c3cccnc3)ccc12,-7.7,3.317443977604658,25_176
N#CN=C(Nc1cccc(-c2cc(-c3cccc(C(=O)O)c3)c(-c3ccccc3)s2)c1)c1ccccc1,-8.0,3.2164294884977194,25_177
O=C1c2ccccc2C2=Nc3ccccc3SC(c3cccc(OCc4ccccc4)c3)C12,-8.2,2.4410510068587,25_178
O=C(c1cccc(-c2cccc(-c3nc4cc(C(F)(F)F)ccc4[nH]3)c2)c1)N1CCCCC1,-8.5,3.547333516972791,25_179
c1ccc(-c2ccc(-c3ccc(-c4cccc(-c5ccccc5)c4)nc3)cc2)cc1,-8.1,3.009534579385024,25_180
CCN1CCC(Nc2ncnc3ccc(-c4cccc(C(F)(F)F)c4)cc23)C=CC=CC1=O,-7.2,1.5636957738625528,25_181
O=C(O)C1=CC(c2cccc(Cl)c2)N(c2cccc(-c3cccs3)c2)C1=O,-6.9,3.682932336511671,25_182
O=C(Nc1cccc(Oc2cccc(C(F)(F)F)c2)c1)c1cccc(-c2cccc(Nc3nccc(C(F)(F)F)n3)c2)c1,-7.8,3.1779423579979307,25_183
O=CC=Cc1ccc(OCCOCCn2cc(CCCCOc3ccc4c(=O)cc(-c5ccccc5)oc4c3)nn2)cc1-c1ccccc1,-5.6,2.7648952999385124,25_184
O=C(NN=Cc1ccccn1)c1ccc(-c2ccc3ccccc3c2)nc1,-7.6,3.628414782091439,25_185
Cc1ccc(O)c(C(=O)N2CCc3nc(C4CC4)ccc3C2)c1,-7.6,3.6144364887009752,25_186
O=C(Nc1cc2ccc(-c3ccccc3Cl)cc2cn1)C(F)(F)F,-7.2,3.6491437612844586,25_187
CC(C)=CCC/C(C)=C/CC1=C2C=CC(c3cc(=O)c4ccc5ccccc5c4n3C)=COCC(C(=O)CC(=O)C2)C1=O,-7.2,1.0273075568399888,25_188
O=C(Nc1nc2ccccc2n1-c1cccc(Cl)c1)c1cccc2c1C(=O)c1ccccc1-2,-9.5,3.5302198710536317,25_189
O=C(Nc1cccc(-c2c[nH]c3ncc(-c4cccs4)cc23)c1)Nc1cccc(C(F)(F)F)c1,-7.9,3.3616695585556617,25_190
O=c1[nH]c(O)cn1/N=C/c1ccc(-c2cccc(-c3cc4ccccc4nc3-c3ccccc3)c2)cc1,-8.1,3.400643341276588,25_191
O=C(O)c1cccc(-c2cccc(-c3cccc(C(=O)Nc4ccc5c(c4)OCCO5)c3)c2)c1,-8.1,3.5887561162075174,25_192
CN1C(=O)N(c2cc(Cl)cc(Cl)c2)C(=O)[C@]12CN(c1cccc(C(N)=O)n1)C[C@H]2c1ccc(C#N)cc1,-7.5,3.4951861617027307,25_193
Cn1cc(-c2cc(C(F)(F)F)cc(S(=O)(=O)c3cnc(CCl)s3)c2)cn1,-7.2,3.6095398835951054,25_194
CC1=CC=CC(c2ccn3nnnc3c2-c2cccc(Nc3cccc(C(C)(C)C)c3)c2)OC1,-7.7,2.6243489878504844,25_195
O=C(Nc1cccc(-c2cccc(-c3cc(-c4cccc(C(F)(F)F)c4)c[nH]3)c2)c1)Nc1cccc(C(F)(F)F)c1,-8.3,2.997153024458885,25_196
CC=CC=C(F)C(F)C(=O)Nc1cccc(-c2cccc(NC(=O)c3cc4ccccc4[nH]3)c2)c1,-7.5,3.3577731050285164,25_197
O=C1c2ccccc2C(=O)c2c1ccc1[nH]c(-c3ccc4c(c3)OCO4)nc21,-7.9,3.558063416254387,25_198
NC(=O)c1cccc(-c2cccc(-c3cnc4ccccc4c3)c2)c1,-8.0,3.6119161970050744,25_199
Cc1c(NC(=O)c2ccc3ccccc3c2)cncc1C1CC=CC=NC(=O)C=CC=CC(C(F)(F)F)C1,-8.8,1.402009876784474,25_200
O=C(Nc1cccc2ccccc12)c1cc2ccccc2n1Cc1cccc(C(F)(F)F)c1,-8.5,3.3943142602083856,25_201
N#Cc1ccc(-c2ccc(-c3ccccc3C(=O)N3CCNC(=O)C3)cc2)cc1,-7.5,3.7254247298196965,25_202
O=[N+]([O-])c1cc(C(F)(F)F)ccc1N1CCN(C2=Cc3ccccc3-c3ccccc3C2)CC1,-8.0,2.4862507804873357,25_203
Nc1ncc(-c2ccc(-c3ccc4c(c3)c3ccccc3n4Cc3ccco3)cc2)cc1CC=O,-7.1,3.413219003838362,25_204
O=C(Nc1cccc(-c2ccnc(Nc3ccc4c(c3)OCCO4)c2)c1)c1cccc(-c2ccccc2Cl)c1,-7.7,3.3400491914801385,25_205
O=C(N/N=C/c1ccccc1C(F)(F)F)c1cc2cc(Cl)ccc2[nH]c1=O,-7.4,3.6054262875409298,25_206
COC=C1C=C(c2nn(-c3ccc4ccccc4c3)cc2C(=O)CC(C)C)C(=N)C1,-7.3,3.6056656955292277,25_207
Oc1cccc(-c2cc(-c3cccc(Cl)c3)nc3c2Cc2cccc(O)c2-3)c1,-8.5,3.5185062517423136,25_208
NC1=NC(c2ccccc2)(c2ccccc2)C(=O)N1c1ccc(-n2c(-c3ccccc3)nc3ccc(Br)cc3c2=O)cc1F,-7.6,3.2523807620970033,25_209
Cn1c(-c2cccc(-c3cccc(NC(=O)Cc4ccc(Nc5c6ccccc6nc6ccccc56)cc4)c3)c2)nc2ccccc21,-9.3,3.072765898041416,25_210
C#C[C@]1(O)CC[C@H]2[C@@H]3Cc4ccc(-c5ccc(F)cc5)cc4[C@H](c4ccccc4C[CH]O)[C@H]3CC[C@@]21C,-7.9,3.1550570569687153,25_211
O=C(COc1ccc2ccccc2c1Br)Nc1cccc(-c2cccc(C(F)(F)F)c2)c1,-7.7,3.4932101128529633,25_212
Nc1ccc(C2=CC=C3C(=CC=CCc4cc5ccccc5[nH]4)C3C=C2C(=O)O)cc1,-7.0,2.3993654035929515,25_213
Cc1c(-c2ccccc2N2CCN(C(=O)c3cccc4ccccc34)CC2)cc(-c2ccccc2O)nc1N,-8.6,3.411532845080715,25_214
O=c1c2ccccc2oc2c1c(-c1cccc(C(F)(F)F)c1)nn2-c1cccc(Cl)c1,-9.3,3.4460570386234752,25_216
Cn1c(-c2cccc(-c3cccc(NC(=O)c4ccccc4F)c3)c2)nc2ccccc21,-8.7,3.3956733809905395,25_217
O=C(Nc1cccn2c(-c3cccc(NC(=O)c4ccccc4F)c3)cnc12)c1ccccc1,-7.800000000000001,3.531909429011667,25_218
O=c1c2ccccc2nc(/C=C/c2cccc(F)c2)n1-c1nnc(-c2ccc(Cl)cc2)s1,-8.1,3.533546184967855,25_219
O=C(c1cccc(-c2cccc(C(=O)N3CCN(c4ccccc4)CC3)c2)c1)N1CCOCC1,-8.7,3.5953511473089197,25_220
COc1ccccc1C=NN=C(F)SC[C@@H]1C[C@@H]2N(C(=O)C[C@@H](OC(C)=O)C2(C)C)[C@H]1c1ccccc1,-7.5,3.217388526007407,25_221
Cc1c(-c2cccc(NS(C)(=O)=O)c2)cccc1-c1cc(C)n(C)n1,-7.2,3.826825777570603,25_222
Oc1cccc(-c2cc3cc(Br)cc(Br)c3o2)c1,-6.2,3.570706674606373,25_223
O=C(O)c1ccc(-c2ccc(-c3nc4ccccc4c(=O)n3-c3cccc(F)c3)cc2)cc1,-8.3,3.565657353787495,25_224
CC=CC=CC(=O)Nc1nc(-c2ccccc2)cn2cc(-c3ccccc3)nc12,-8.7,3.579944432125251,25_225
Nc1nc2c([nH]1)C=CC=CC(c1cccc(C(=O)N3c4ccccc4C=Cc4ccccc43)c1)=CC=CC=N2,-9.3,1.3802049017402944,25_226
O=C(Nc1cccc(-c2ccc3c(c2)OCCO3)c1)c1cccnc1Nc1cccc(C(F)(F)F)c1,-8.6,3.571877955737242,25_227
Cc1nn(-c2ccccc2)c2nc(-c3ccc4c(c3)OCO4)oc(=O)c12,-8.5,3.6186135264703827,25_228
O=C(Nc1ccccc1)Nc1cccc(-c2cccc(-c3cccc(C(=O)N4CCOCC4)c3)c2)c1,-8.7,3.5384941206804585,25_229
O=C1CSC(Nc2cccc(-c3cccc(-c4nc5c(F)cccc5[nH]4)c3)c2)c2ccccc21,-8.5,3.4392528496076866,25_230
O=C(Nc1ccccc1Cl)c1cccc(-c2cnc3ccc(N4Cc5ccccc5C4=O)cn23)c1,-9.2,3.441309757113785,25_231
O=C(Nc1ccc(F)cc1)Nc1cccc(-c2cn3ccnc3c(NCc3ccncc3)n2)c1,-8.2,3.4381039267486058,25_232
O=C(OCCO)c1cccc(-c2cccc(Oc3cc(-c4cccc(OC(F)(F)F)c4)ccn3)c2)c1,-7.1,3.5173117094631174,25_233
O=C(Nc1cccc(-c2cccc(-c3ccccc3)c2)c1)c1cccc(C(F)(F)F)c1,-8.7,3.3040276133142337,25_234
Cc1ccccc1C(=O)Nc1cccc(Nc2ccc3c(c2)nc(-c2cc4ccccc4[nH]2)n3C)c1,-8.7,3.34905248283924,25_235
O=C(Nc1cccc(-c2nnc(-c3ccccc3)o2)c1)c1ccccc1,-7.7,3.7332228511480476,25_236
Cc1ccc2c(c1)[C@@H](NC(=O)C(=O)Nc1cccc3ccccc13)c1ccccc1CO2,-9.2,2.5567215971473107,25_237
O=C(Nc1cccc(-c2cn3cccnc3n2)c1)c1ccc2ccccc2n1,-7.8,3.6117551595065396,25_238
O=C(Nc1ccc(-c2cccc(-c3ccc4c(c3)CCO4)c2)cc1)Nc1cccc(F)c1,-8.3,3.494464985946529,25_239
O=C1c2ccccc2C(=O)N1c1cccc(-c2cccc(C(F)(F)F)c2)c1,-8.2,3.5391702889451295,25_240
O=c1cc(-c2ccccc2Nc2cccc(C(F)(F)F)c2)[nH]c(-c2ccccc2O)n1,-8.0,3.5581245928366236,25_241
O=C(Nc1cccc(Nc2cccc(-c3ccccc3)c2)c1)c1ccccc1C(F)(F)F,-7.9,3.3928073597853903,25_242
O=C1Nc2ccccc2/C1=C/c1cccc(-c2ccccc2Oc2ccccc2)c1,-8.0,3.4337979091991566,25_243
O=C(Nc1ccccc1-c1ccc2ccccc2c1O)c1ccccc1,-7.4,3.514906052354516,25_244
O=C1C=CC=CCCNc2ncc(-c3cccc(-c4cccc5ccccc45)c3)cc21,-8.5,1.330585691969369,25_245
COc1cccc(N2C=CC(=Nc3cc(NC(=O)c4ccccc4)c(F)cc3F)CC=CN=CN=C2)c1,-7.4,1.295366688776002,25_246
O=C(Nc1cccc(C#Cc2cccnc2)c1)c1ccc2ccccc2n1,-6.9,3.5858487173460003,25_247
Cn1c(=O)c(-c2cccc(NC(=O)c3ccccc3-c3ccccc3)c2)cc2ccccc21,-8.7,3.3927712465202493,25_248
O=C(Nc1nc2ccccc2n1Cc1ccccc1)c1ccccc1-c1ccccc1,-8.4,3.3906726897348034,25_249
CC(=O)NC(CC=C1C=CC(C=C2C=CC(c3cccc(-c4nnc(C)o4)c3)=C2)=C1)C(=O)NC(C(=O)NCc1ccccc1)c1ccccc1,-6.2,3.0144392526779114,25_250
O=C(O)CNC(=O)Cn1cc(C2=C(c3c[nH]c4ccccc34)C(=O)N(O)C2=O)c2ccccc21,-7.6,3.262510766948264,25_251
Nc1cc2[nH]c(=O)cnc2c(Nc2ccccc2C=Cc2ccccc2)n1,-7.5,3.5644563587667077,25_252
CO[C@@H]1[C@H](O)[C@@H](COC=C2C=Cc3cc(Cc4ccccc4)ccc32)O[C@H]1n1c(F)c(O)[nH]c1=O,-7.7,3.4176113774998615,25_253
O=C(O)C[C@@H](NC(=O)c1cccc(-c2cccc(-c3nccs3)c2)n1)c1ccccc1,-8.0,3.619657451986032,25_254
O=C(Nc1cccc(-c2cccc(-c3cc4ccccc4c(=O)[nH]3)c2Cl)c1)Nc1ccccc1F,-8.3,3.324114802334832,25_255
O=C(O)CNC(=O)c1ccc(-c2ccc(F)c(F)c2)cc1,-6.9,3.658026760348898,25_256
O=C(c1ccc2cc(Oc3ccc(C(F)(F)F)cn3)ccc2n1)N1CCN(c2ncccn2)CC1,-7.8,3.5989788738343558,25_257
Oc1ccccc1-c1nnc2c3ccccc3c(-c3ccccc3F)nn12,-7.8,3.591247738016121,25_258
Cc1ccc2cc(-c3nc4ccccc4nc3C)[nH]c2c1,-6.9,3.5005194576252308,25_259
O=C(NCc1ccc2c(c1)OCO2)c1cc(C2CC2)nc2ccccc12,-7.2,3.7054702741459353,25_260
O=C(Nc1cccc(-c2cnc3ccccc3n2)c1)c1ccc(Nc2cccc3c2C(=O)c2ccccc2C3=O)cc1,-8.8,3.328935114489613,25_261
O=C(Nc1ccc([N+](=O)[O-])cc1)c1cc(-c2ccccc2)on1,-6.7,3.676170243753261,25_262
O=C(Nc1cccc(-c2cccc(-c3cccc(-c4ccccc4F)c3)c2)c1)c1ccccc1,-8.8,3.188129789925851,25_263
O=c1cc(-c2cccc3c4c5c(cccc5nc23)CC4)[nH]c(=O)[nH]1,-7.8,3.5344102937842505,25_264
Cc1ccc(-c2nc3cc(-c4nc5cc(Nc6ccccc6)ccc5[nH]4)ccc3[nH]2)cc1,-8.0,3.3041035113200747,25_265
CCOC(=O)C=C1CC(c2ccccc2Nc2ccccc2)c2c(OC)c(-c3ccccc3)n(-c3cccc(C(C)=O)c3)c(=O)c2SC=N1,-7.2,1.0231472691869117,25_266
O=C(Nc1ccccc1)c1ccccc1C(=O)Nc1ccc(Oc2ccc3c(c2)OCO3)cc1,-8.2,3.5065664260581118,25_267
O=C(Nc1cccc(-c2cccc(-c3nccc(Cl)n3)c2)c1)c1cccc(C(F)(F)F)c1,-8.2,3.5752055433639756,25_268
O=C(Nc1cccc(-c2cccc(-c3cccc(F)c3)c2)c1)c1ccncc1,-9.0,3.5671718589490626,25_269
O=C(NC1CCCCC1)c1cccc(NC(=O)c2ccc(-c3cccc(C(F)(F)F)c3)s2)c1,-7.6,3.634927636944666,25_270
Clc1ccccc1N1CCN(c2nc3ccccc3nc2Nc2cccc3ccccc23)CC1,-9.2,3.4864975849600537,25_271
Cc1ccnc(Nc2cccc(-c3cc(-c4cccc(C(=O)O)c4)cc(C(F)(F)F)c3)c2)c1,-9.0,3.5425415131837124,25_272
O=C(O)COc1cccc(-c2cccc3cc(-c4cccc(OC(F)(F)F)c4)oc23)c1,-7.4,3.64333844863311,25_273
Cc1cc(Cl)ccc1NC(=O)CCN1CCN(c2cccc(C(F)(F)F)c2)CC1,-7.2,3.705241595132705,25_274
O=C(Nc1cccc(-c2cccc(-c3ccc4cc[nH]c4c3)c2O)c1)c1ccccc1,-8.5,3.331987280344489,25_275
Oc1ccccc1Cc1ccc(Nc2ccccc2)cc1,-6.1,3.517376052811235,25_276
COC=CC=C(C)Cn1c(=O)[nH]c2cc(C(=O)NCCCN3CCCCC3)ccc2c1=O,-6.6,3.45916279034999,25_277
O=C(COc1ccccc1)Nc1ccccc1Nc1ccccc1-c1cnc2ccccc2n1,-8.0,3.3827341196186578,25_278
O=CCC(C=CC=Cc1cnc2ccccc2n1)=Nc1ccccc1C(=O)c1ccccc1,-7.2,3.1668668910069897,25_279
O=C(c1ccc(-c2cccc(Nc3c4ccccc4nc4ccc(F)cc34)c2)cc1)N1CCN(c2ccccc2)CC1,-8.2,3.275538966913491,25_280
O=C(Nc1ccc2c(c1)C(=O)c1cc(NC(=O)c3cccs3)ccc1-2)Nc1cccc2ccccc12,-7.4,3.3695816972567525,25_281
O=C1S/C(=C\c2cccc(-c3cccc(C(F)(F)F)c3)c2)C(=O)N1c1ccc(-c2ccccc2)cc1,-7.5,3.2788633618331646,25_282
O=C(Nc1ccc(-c2ccccc2)cc1)c1ccc(-c2ccc(Cl)cc2)o1,-7.3,3.5423393228664044,25_283
COc1ccc(CN2CCC(C(=O)NC(C(=O)NCc3ccc4c(c3)OCO4)C(C)C)CC2)cc1,-5.4,3.4932385344918586,25_284
O=C(Nc1nc2ccc(-c3cccc(F)c3F)cc2s1)C1C[C@@H]1c1ccccc1Cl,-8.2,3.6004097746961405,25_285
CCN1c2ccccc2N=C(c2ccccc2)N1C1=CC(=Cn2nnnc2C2=CC(=COC)C=C2)C=CC1,-7.1,3.2849107373000965,25_286
O=C(c1cc(-c2cccc3ccccc23)[nH]n1)N(Cc1cccc(Cl)c1)C1CCS(=O)(=O)C1,-8.5,3.702395278963648,25_287
O=C(Nc1ccc(-n2cnnn2)cc1)N(Cc1ccco1)c1ccccc1,-7.3,3.6945870498027475,25_288
O=C(Nc1cccc(Nc2c3ccccc3nc3ccccc23)c1)c1ccccc1,-8.2,3.414760145452716,25_289
CCn1c(-c2cccc(-c3ccc(NC(=O)Cc4cccc5ccccc45)cc3)c2)nc2ccccc21,-8.1,3.330902134617274,25_290
OC(Nc1ccccc1-c1ccccc1)=c1[nH]nc2c1=CN(Cc1ccc(F)cc1)c1ccccc1-2,-8.7,3.3155262026708314,25_291
COc1cc(Nc2cncc(-c3cccc(C#N)c3)n2)cc(OC)c1OC,-6.4,3.7337535871950793,25_292
Cc1cc(N2C(=O)C(=O)C(C(=O)c3ccc(Cl)cc3)C2c2cccc(F)c2)no1,-7.6,3.5563127724813954,25_293
O=C(Nc1ccc2c(c1)NC(=O)N(CCO)C2)N[C@@H]1CC[C@@H](c2ccccc2)c2ccccc2N1C(=O)c1ccccc1,-7.0,2.252457307532349,25_294
Nc1ncnc2c1nc(N)n2-c1ccccc1,-5.8,3.4863295433714265,25_295
O=C(Nc1ccc(NC(=S)Nc2cc(C(F)(F)F)cc(C(F)(F)F)c2)cc1)c1ccccc1,-6.8,3.3861931743344043,25_296
CNc1nc(-c2ccc(-c3cccc(C#N)c3)cc2)cc(-c2cccc(-c3ccccc3)c2)n1,-7.5,3.3460200209978046,25_297
O=C(Nc1cccc(S(=O)(=O)N=C2CCCN2)c1)c1cc(-c2ccc3c(c2)OCO3)nc2ccccc12,-8.55,3.4792924206391715,25_298
Oc1[nH]c(O)c2c1-c1ccccc1Oc1ccccc1-2,-7.5,2.52295456582442,25_299
O=C1NN=C(c2ccccc2)/C1=C/N1[C@@H](c2ccccc2)CO[C@@H]1c1ccc(Br)cc1,-7.8,3.585662003480264,25_300
O=C(NCc1cccc(-c2cccc(-c3cc4cnccc4[nH]3)c2O)c1)Nc1cccc(-c2ccc3ccccc3c2)c1,-9.0,2.9634739025030967,25_301
Nc1c(Nc2ccccc2C(=O)c2cccc(C(F)(F)F)c2)ccc2c(C=Cc3ccccn3)[nH]nc12,-7.4,3.187779631563873,25_302
O=C(Nc1cccc(-c2cccc(-c3ccc4ccccc4c3)c2)c1)c1ccc(Cl)cc1,-8.0,3.2038049393899577,25_303
O=C(CSc1nc2ccccc2s1)Nc1nnc(-c2ccccc2)o1,-7.1,3.6361918266428734,25_304
Cc1cc(C)cc(N2C=CC(C(=O)NCCc3ccccc3)=c3cc(Br)ccc3=N2)c1,-7.2,2.717692707328508,25_305
O=C(NC(C(=O)O)c1ccccc1-c1cc2ccccc2s1)c1ccc2ccccc2c1,-7.5,3.3726104320978614,25_306
Nc1ncnc2c1ncn2[C@H]1CC[C@H](COS(=O)(=O)NC(=O)c2ccccc2O)C1,-7.3,3.309533845218858,25_307
O=C(NCc1cc2ccccc2[nH]1)c1cccc(-c2ccc3nc(NC(=O)c4ccccc4)sc3c2)c1,-7.6,3.267626937576062,25_308
O=C(O)c1cc(C(=O)O)cc(-c2cccc(-c3cccc(-c4cccc(Cl)c4)c3)c2)c1,-8.8,3.524268477721883,25_309
O=CC=CC=CCCC(=O)N[C@@H](c1ccccc1)c1nc(-c2ccccc2C(F)(F)F)c[nH]1,-7.6,3.4508260083979194,25_310
CC(C)C1=CC=CCC=C1NC(=O)Nc1ccccc1,-6.2,2.4520263434968275,25_311
NC(=O)c1ccccc1NC(=O)Nc1cccc(-c2cn3ccnc3c(NCc3ccncc3)n2)c1,-8.2,3.1674197762229195,25_312
O=C(Nc1ccc([C@H]2CCCNC2)cc1)c1cccc(-c2cccc(C(F)(F)F)c2)c1,-8.1,3.594837223857933,25_313
N=C(N)c1ccc2[nH]c(-c3cc4cccc(-c5cccc(-c6ccccc6F)c5)c4cn3)cc2c1,-9.8,3.193516676225957,25_314
Cc1ccc2ccc(NCc3cccc(-c4cccc(-c5cc(NC(=O)c6cccc(C(C)(C)C#N)c6)ccc5C)c4)c3)nc2c1,-8.5,3.116142800880003,25_315
O=C(c1cccc(-c2cc3ccccc3oc2=O)c1)c1cc2c(ccc3ccccc32)o1,-8.8,3.343229938098924,25_316
N#Cc1cnc(NCc2ccccc2C(F)(F)F)cc1NCc1cccnc1,-7.2,3.7345197771272676,25_317
CNc1ccc(-c2nc(-c3ccccc3NC(=O)Nc3ccc(C(F)(F)F)cc3)no2)cc1F,-8.2,3.440055895747034,25_318
O=C(c1cn2ccccc2n1)N1CCC(c2nc(-c3ccccc3)ccc2-c2ccccc2)CC1,-8.5,3.4396190303701384,25_319
NC(=O)c1nn(-c2ccc(F)cc2)c2c1CCc1ccc(NC(=O)Nc3ncccn3)cc1-2,-8.8,3.5073098910219036,25_320
Fc1cccc(-c2cccc(-c3cccc(-c4nc5ccccc5nc4Cl)c3)c2)c1,-8.8,3.320510899948358,25_321
O=C1c2ccccc2C(=O)N1Nc1nc(-c2ccc3ccccc3c2)cs1,-8.0,3.644898992732817,25_322
O=C1N=c2ccccc2=C1c1[nH]c2ccccc2c1NOCC1CO1,-6.9,3.5460215112133553,25_323
COc1ccccc1-c1cccc(-c2cccc(N3CC(C(=O)Nc4cccc5ccccc45)CC3=O)c2)c1,-8.4,3.3660845061320384,25_324
O=C(Nc1cccc(-c2cccc(OCc3ccccc3)c2)c1)c1cccc(-c2ccccc2)c1,-8.5,3.1988541695891595,25_325
O=C(Nc1cccnc1)c1ccc2c(-c3ccccc3Oc3ccccc3)cccc2c1,-6.7,3.4502859515736413,25_326
O=c1c2ccccc2ncn1Cc1cccc2ccccc12,-7.6,3.5199912931350448,25_327
Cc1ccc(CNc2ccc([N+](=O)[O-])cc2)o1,-5.4,3.6132747319526484,25_328
O=C(Nc1cccc(-c2cnc3ccc(Cl)nn23)c1)c1cc(-c2ccc3ccccc3c2)nc2ccccc12,-9.5,3.423369003906501,25_330
O=C(Nc1cccc(-c2cccc(C3=Cc4ccccc4C=Nc4ccccc43)c2)c1)Nc1cccc(C(F)(F)F)c1,-9.3,1.220486919407132,25_331
O=C(Nc1cccc(-c2cccc(-c3nc4ccccc4[nH]3)c2)c1)c1cccc(C(F)(F)F)c1,-8.466666666666667,3.31558797004833,25_332
O=C(Nc1cccc(C(F)(F)F)c1)Nc1cc(-c2cccc(-n3ccnc3)c2)c2ccccc2c1O,-9.1,3.2512092236322436,25_333
O=S(=O)(Nc1cccc(-c2cccc(-c3ccccc3Cl)c2)c1)c1ccc(Cl)cc1,-8.6,3.5426061623457366,25_334
O=C(Nc1ccc(S(=O)(=O)N2CCCCC2)cc1)c1cccc(-c2cccc(-c3nccs3)c2)c1,-7.4,3.5983320988052627,25_335
O=S(=O)(c1ccc(F)cc1)N1CCN(c2nc3ccccc3c3nc(-c4ccccc4)nn23)CC1,-7.8,3.4993316826836933,25_336
O=C(Nc1ccc(C2=CCN(C(=O)c3ccccc3)CC2)cc1)N1Cc2ccccc2C1,-6.366666666666667,3.5470462554424094,25_337
COC1=CC=C(N2Cc3ccccc3C(C(=O)Nc3cccc(-c4cnc5ccccc5c4)c3)=N2)OC=C1,-8.2,2.5034936355730064,25_338
Cc1ccc(C(=O)Nc2cccc(CNc3nccc(C(F)(F)F)n3)c2)cc1,-7.2,3.7470024138314253,25_339
Cc1ccc(-c2nc3cc(Cl)ccc3[nH]2)cc1NC(=O)c1cccc(-c2ccccc2)c1,-7.7,3.3083855101618074,25_340
O=CNc1cccc(-c2cccc(Nc3nccc(-c4cccnc4)n3)c2)c1,-7.3,3.6242252286288172,25_341
O=C(c1cc(-c2ccccc2)[nH]n1)N1CCC(c2cccc(-c3cccc(CO)c3)c2)CC1,-8.1,3.5810386240523675,25_342
O=c1c2ccccc2nc(-c2cc3ccccc3o2)n1-c1cccc(-c2cccc(OC(F)(F)F)c2)c1,-8.1,3.3374051707439425,25_343
Fc1cccc(-c2nc(-c3cccc(-c4ccccc4Oc4ccccc4)c3)no2)c1,-8.2,3.4487152213995227,25_344
Cc1ccc(-c2cccc([C@@H]3C[C@](C)(c4ccccc4)c4cc(C(=N)N)ccc4N3)c2)cc1,-8.3,3.2724700105557263,25_345
O=C1Nc2ccc(-c3csc(-c4ccccc4)n3)cc2/C1=C/c1ccccn1,-7.7,3.6159284021498994,25_346
Nc1ccccc1NC(=O)c1ccc(-c2cccc(NC(=O)c3ncc(F)cc3F)c2)nc1,-7.6,3.5261660620895796,25_347
CC1=Nc2nc(SCc3ccccc3F)nn2C(c2ccccc2)C1C(=O)Nc1ccccc1C,-8.0,3.5473686632912163,25_348
Cc1cc(NC(=O)Nc2ccccc2F)c2ccccc2n1,-6.8,3.63082148379917,25_349
O=C1c2ccccc2C(=O)c2c1cc(N1CCN(c3cccc([N+](=O)[O-])c3)C1=O)cc2[N+](=O)[O-],-7.6,3.394401376853881,25_350
O=c1[nH]cnc2c1ncn2[C@@H]1O[C@H](COC(c2ccccc2)(c2ccccc2)c2ccccc2F)[C@@H](O)[C@H]1O,-7.6,3.241682373695818,25_351
COc1c(-c2cccc(OC(=O)c3ccc(N=C(N)N)cc3)c2)cc(-c2ccccc2)c2cc(Br)ccc12,-7.8,2.9819716826130516,25_352
CC(=O)Nc1nc(-c2ccc3c(c2)OCO3)cs1,-6.3,3.6904179118619345,25_353
O=C(Nc1ccccc1)c1ccccc1C(=O)Nc1cccc(-c2ccc3c(c2)OCCO3)c1,-8.3,3.59122222105253,25_354
CNc1ccccc1C(=O)Nc1ccc(-c2cccc(Cl)c2)c2cc(C(N)=O)ccc12,-8.7,3.530448779841338,25_355
O=C(Nc1cccc(-c2csc(NC(=O)c3ccc4ccccc4c3)n2)c1)c1ccccc1,-8.3,3.5002077918818113,25_356
Clc1cccc(-c2ccc3ncnc(Nc4ccc(Oc5ccccc5)cc4)c3c2)c1,-7.8,3.481534645370027,25_357
O=C(c1ccc(-n2c(O)ccc2O)cc1)N1c2ccccc2CCc2ccccc21,-7.5,2.625273610261567,25_358
O=C1/C(=C/c2cccs2)SC(=S)N1c1ccc(Br)cc1,-5.2,3.515624002338852,25_359
Nc1cc(-c2ccc3nc(-c4ccc(N5CCN(CC6CC6)CC5)cc4)sc3n2)ccn1,-7.0,3.5822376134033087,25_360
Cn1c(-c2cccc(-c3ccc(NC(=O)CCC(=O)N4c5ccccc5Cc5ccccc54)cc3)c2)nc2ccccc21,-8.5,3.3213288167146953,25_361
COc1ccc2c(Nc3ccc(NS(C)(=O)=O)cc3OC)c3ccccc3nc2c1,-6.8,3.610062922871684,25_362
Cc1ccc(S(=O)(=O)N2CCOCC2)cc1-c1nnc(-c2cccc(C(F)(F)F)c2)o1,-8.3,3.67555583673099,25_363
C[C@@H](Nc1nc(NC2CCC(C(N)=O)CC2)cc(-c2cccc(-c3ncc[nH]3)c2)n1)c1ccccc1,-8.5,3.3717449782540374,25_364
O=C(NCC(F)(F)F)Nc1cc(-c2cccc(-c3cccc(C(=O)N4CCOCC4)c3)c2)ccn1,-8.0,3.6886362245814137,25_365
Cc1cccc(C(=O)Nc2nc3ccccc3c3cn(-c4ccccc4)nc23)c1,-8.9,3.5727185344501,25_366
O=C(c1cccc(Cc2n[nH]c(=O)c3c2CCCC3)c1)N1CCN(c2cccc(Cl)c2)CC1,-8.4,3.6714807672878553,25_367
CN1C(=O)c2cc(-c3ncc4n3C=C(c3ccccc3Oc3ccccc3)C4)ccc21,-8.4,3.4982198600096908,25_368
O=C1c2ccccc2C(=O)N1c1cccc(/C=C/c2c3ccccc3cc3ccccc23)c1,-8.6,3.1122323711614612,25_369
O=c1c(-c2ccccc2)cncn1C(c1ccccc1)c1ccccc1,-6.8,3.535820905483448,25_370
O=c1[nH]c2ccccc2c2nc(C3=CC=CCC3)cc(-c3ccccc3)c12,-8.8,3.4415664645827437,25_371
CN(c1ncccc1C(F)(F)F)C1CCN(c2ncnc3cc(C(F)(F)F)ccc23)CC1,-7.5,3.572355171837117,25_372
Cc1ccccc1/N=C1\SCC(C)(C)N1C(=O)c1ccc(NS(=O)(=O)c2ccccc2)cc1,-7.4,3.7426370265930187,25_373
Clc1ccc2c(Nc3ccc(Oc4ncccc4-c4cc5ncccc5[nH]4)cc3)ccnc2c1,-8.6,3.4666853678087235,25_374
Cc1ccc(-c2nc3ccccc3c(=O)n2-c2nccs2)cc1,-6.6,3.6268842673939368,25_375
O=C(NCc1ccccc1)c1cccc(-c2cccc(-c3cccc4c(=O)cc(-c5ccccc5)oc34)c2)c1,-8.4,3.2258778565729935,25_376
O=C(N/N=C/c1c2ccccc2cc2ccccc12)c1cccc(-c2ccc3ccccc3c2)c1,-8.0,3.160013163770275,25_377
O=C(Nc1cccc(C(=O)Nc2cccc(-c3ccc(F)cc3F)c2)c1)c1ccccc1,-7.9,3.5586532625123657,25_378
O=C(O)CC[C@@H](NC(=O)c1cccc(-c2ccccc2)n1)c1ccc2ccccc2c1,-7.5,3.5757496545021983,25_379
O=C(Nc1ccc(-c2cscn2)cc1)Nc1cncc(-c2cccc(-c3ccc4c(c3)OCO4)c2)c1,-7.5,3.3314445311239034,25_380
Cc1ccc(-c2ccc(-c3cc(-c4ccc(Cl)cc4)n4c3CCC4)cc2)cc1,-7.2,3.177619149390443,25_381
O=C(Nc1cccc(-c2cccc(-c3ccc4ccccc4n3)c2)c1)c1ccccc1,-8.2,3.387305044194701,25_382
CC=CC=CC(=O)Nc1cc(-c2cccc(NC(=O)c3ccc(Cl)s3)c2)[nH]n1,-6.5,3.541696846657019,25_383
C[C@H]1[C@H](C)CC[C@]2(C(=O)O)CC[C@]3(C)C(=CC[C@@H]4[C@@]5(C)C=C(C#N)C(=O)C(C)(C)[C@@H]5CC[C@]43C)[C@H]12,-7.9,2.9058779640347407,25_384
O=C(Nc1cccc(Oc2ccc3c(C=Cc4ccccc4)[nH]nc3c2)c1)c1ccccc1,-7.6,3.4424306757792555,25_385
CNC1=C(c2cc(S(C)(=O)=O)ccc2Oc2ccccc2Cl)c2cc(C(=O)Nc3cccc(C(F)(F)F)c3)sc2C1=O,-7.7,3.3527396370978293,25_386
O=C(Nc1cccc(Cl)c1)c1cc(-c2cc3ccccc3o2)nc2ccccc12,-9.4,3.514672850838977,25_387
COC(=O)c1cccc(C2=CC=CC3(C=C2)Nc2ccc4ccccc4c2-c2[nH]c4ccccc4c23)c1,-9.3,2.178901173048115,25_388
COc1ccc(-c2nnc(NC(=O)c3cccc(Oc4ccc5c(c4)OCO5)c3)s2)cc1,-7.3,3.5849001753365686,25_389
O=C(c1cccs1)n1nc(-c2ccccc2)c2c1CCN(C(=S)Nc1ccc(Br)cc1)C2,-8.3,3.5787010148866223,25_390
O=C(NCc1ccc(Cl)cc1)C(=O)c1cn(CC(=O)N2CCOCC2)c2ccccc12,-7.4,3.6485502119799262,25_391
O=C1NCCCN(CC=CC=CC=Cc2ccc3cc4ccccc4cc3c2)CCCc2ccccc2-c2ccccc21,-8.9,0.8153536825703442,25_392
c1ccc(-c2ccc(-c3cc(-c4ccccc4)[nH]n3)cc2)cc1,-7.2,3.4025488680445184,25_393
O=C1N=c2ccc(-c3nc4ccc(F)cc4s3)cc2=C1Cc1ccc2[nH]ccc2c1,-8.3,3.5691296242913073,25_394
Oc1ccc(-c2nc(-c3ccc(-c4cccc(-c5nc6ccccc6[nH]5)c4)cc3)co2)cc1,-7.7,3.455406649697746,25_395
O=C(Nc1ccc2c(c1)OCCO2)c1ccc(NC(=O)c2cccc3ccccc23)cc1,-8.1,3.6361595995247837,25_396
O=C(Nc1cccc(-c2ccnc3c2CC(C(=O)Nc2ccccc2)O3)c1)c1ccccc1,-8.7,3.625974520216973,25_397
O=S1(=O)CC=CC=CCc2c(ccc(F)c2-c2cc3ncccc3cc2-c2cc(F)cs2)N1,-7.0,1.4532901865103263,25_398
O=CN=Cc1ccccc1C=Cc1cc(-c2ccco2)nn1-c1ccc2ccccc2c1,-7.9,3.390408714949327,25_399
Cc1cc(C)n(-c2nc3ccccc3nc2Nc2cccc(C(=O)Nc3cccc(-c4cccc(F)c4F)c3)c2)n1,-8.7,3.3528710846352334,25_400
O=C(Nc1cccc(-c2nc(=O)o[nH]2)c1)c1cccc(-c2cccc(-c3nc4ccccc4[nH]3)c2)c1,-9.3,3.4097059392098887,25_401
O=C(N[C@@H]1C[C@H]2CC[C@@H](C1)N2Cc1ccc2cc(F)ccc2c1)c1cccc(F)c1Nc1ccc(F)c(F)c1,-8.1,3.307153344600631,25_402
COCC(=O)N(CCN1[C@@H]2CC[C@H]1C[C@@H](C1C=CC=CC(=O)N1)C2)Cc1cccc(Oc2ccccc2)c1,-6.9,2.438459013294245,25_403
N=C(N)N[C@@H]1c2ccccc2N(c2ccccc2F)[C@@H](c2ccccc2)[C@H]1c1ccccc1,-7.2,3.331736617133375,25_404
O=C(O)c1cc(-c2ccc3c(ccc4ccccc43)c2)nc2cccnc12,-8.0,3.461554520972168,25_405
O=C1C=CC=CCCC(c2cc(Nc3cccc(C(F)(F)F)c3)ncn2)CC=CC=N1,-7.9,1.5432433228712865,25_406
N#Cc1cccnc1-c1cccc(-c2cccc(-c3cc(F)ccc3C(=O)N3CCCC3)c2)c1,-8.1,3.5197339220961057,25_407
CCCc1cc(NC(=O)CC(=O)O)cc(C)c1-c1cccc(-c2ccc3ccccc3c2)c1,-7.1,3.417401180924312,25_408
N=C(c1cccc2ccccc12)C(C=NC1=CN(C(=O)c2ccc(F)cc2)C=CC=C1)c1ccncc1,-8.2,2.447734456679753,25_409
Nc1nc(-c2ccccn2)nn1C(=O)c1ccc2ccccc2c1,-7.7,3.702670465126449,25_410
O=C(Nc1ccc(Oc2ccccc2)cc1)Nc1cccc(-c2cccc(N3CCCC3)n2)c1,-8.0,3.563014696596409,25_411
O=C1c2cccc3c2C(=Cc2ccccc2O3)N1c1ccccc1Oc1ccccc1,-7.9,2.4441242004684165,25_412
O=C(Nc1cccc(F)c1)c1cc2c(c3ccccc13)NS(=O)(=O)c1ccccc1-2,-8.4,3.6146333353064364,25_413
O=c1nc(N2C=CC=CC3(CCN(Cc4cccc(Oc5ccccc5)c4F)CC3)CC2)oc2ccccc12,-7.3,1.5502567763761492,25_414
O=C(c1ccc(-c2cccc(-c3cccc(CO)c3)c2)cc1)N1CCN(C(=O)c2ccc3c(c2)OCO3)CC1,-8.1,3.509798528652662,25_415
C=Cc1c(C)cccc1[C@H]1C(C(=O)O)=C[C@@H](c2ccc(Cl)c(Cl)c2)N1S(=O)(=O)C1=CC=CC1,-6.9,3.5710641128618956,25_416
O=C1Nc2cc(Br)ccc2[C@]12C[C@@H]2c1cccc(/C=C/c2ccccc2C(F)(F)F)n1,-7.9,3.5012093926517753,25_417
O=C(Nc1ccccc1)c1cccc(-c2ccccc2-c2cc(Cl)ccc2Oc2ccccc2)c1,-7.5,3.264639242020891,25_418
CCCN(C(=O)CC1=NC(C)=NC1)c1ccccc1-c1cc2ccccc2cc1C(=O)Nc1cccc(C(F)(F)F)c1,-7.9,3.443916704768272,25_419
O=C(Nc1ccc(Oc2ccccc2)cc1)Nc1ccnc(Nc2cccc(C(F)(F)F)c2)n1,-7.5,3.495500293092581,25_420
O=C1c2ccccc2C(=O)c2c1nnn2-c1ccc2ccccc2c1,-7.9,3.6196811203648327,25_421
Cc1nn(-c2cccc(-c3ccccc3OC(F)(F)F)c2)c2c1C(=O)CC(C)(C)C2,-7.8,3.6637242971059747,25_422
O=C(Nc1ccccc1C(=O)Nc1ccc(F)cc1F)c1ccccc1,-8.0,3.698376152693694,25_423
O=C(c1ccc(F)cc1)N1CCN(C(=O)c2cccc(-c3cccc(-c4nc5cc(C(F)(F)F)ccc5[nH]4)c3)c2)CC1,-7.7,3.351682190105776,25_424
CC(C)(C)c1ccc(C(=O)Nc2ccccc2C(=O)Nc2nc3ccc(Cl)cc3s2)cc1,-8.3,3.6102825283905213,25_425
COc1ccccc1CNC(=O)c1ccc2cnccc2c1,-6.4,3.727849860290332,25_426
Cc1ccccc1C(=O)Nc1ccc2c(c1)-c1c(c(C(N)=O)nn1-c1ccc(C(F)(F)F)cc1)CC2,-8.7,3.607701504050442,25_427
CN=CN=CC1CN=COCc2ccc(-c3cccc(C(=O)Nc4cccc(OC)c4)c3)cc2NC1=O,-6.9,1.4043598492617075,25_428
C=C1OC(C=COC)=CC(=O)C=C(c2ccccc2C=O)O1,-6.4,1.6982772661905585,25_429
COc1ncc(-c2cccc(-c3ccc4c(c3)sc3c(N)ncnc34)c2)cn1,-7.0,3.5793995415582662,25_430
Cn1c(-c2cccc(-c3cccc(-c4cccc(NC(=O)Cc5cccc(OCc6ccccc6)c5)c4)c3)c2)nc2ccccc21,-7.9,3.1019959668092265,25_431
CC=C(C=CC=NCC(=O)NCCC)C(=O)c1cccc(C(=O)Nc2cccc(-c3cccc(-c4nc5c(C)cccc5[nH]4)c3)c2)c1,-7.2,2.7472684230344453,25_432
Cc1cc(C)n(-c2nc3ccccc3nc2Nc2cccc(-c3ccccc3)c2)n1,-9.4,3.552180702086274,25_433
COc1ccc(C)cc1NC(=O)CSc1nnc(NC(=O)c2ccc3ccccc3c2)s1,-6.7,3.480862922808014,25_434
CC(=O)Nc1ccc(-c2nc(-c3cccc(C)c3)cs2)cc1,-7.3,3.703204446722822,25_435
O=C1C(c2ccccc2)=C(c2cccc(-c3ccc4c(c3)OCO4)c2)C(=O)N1c1ccccc1,-7.5,3.3431987006590402,25_436
Cc1cc(C)c(C(=O)Nc2ccccc2C(F)(F)F)cc1Nc1ncnc2cnc(N3CCN(C)CC3)nc12,-7.9,3.4913673363537674,25_437
Cc1cc2ccccc2nc1Nc1cccc(-c2cccc(-c3nc4cc(F)ccc4[nH]3)c2)c1,-9.4,3.2954586329191713,25_438
O=C1C=CC=C(c2cccc3ccccc23)CCC(O)=c2ccccc2=CC1,-9.1,1.5343777556867657,25_439
[N]=C1C=CC(c2nc3ccccc3c3nc4ccccc4n23)=CC=C(CC=O)Cn2ccnc21,-8.6,1.3210272567412216,25_440
COc1ccc(NC(=S)Nc2cccc(-c3ccc4c(cnc5ccccc54)c3)c2)cc1,-7.6,3.2541798967479325,25_442
Cc1cc(-c2nc(-c3ccc4c(c3)CCN4C(=O)CCC(=O)O)no2)ccc1OC(F)(F)F,-7.3,3.708598571651731,25_443
Cc1cc(C)cc(C(O)c2cccc(-c3cccc(-c4cccc(-c5ccc(C(=O)NC6=CCC=CC=C6)cc5)c4)c3)c2)c1,-8.7,2.0310928549717193,25_444
O=C(NC(Cc1cc2ccccc2[nH]1)C(=O)Nc1cccc(-c2cnco2)c1)c1ccc(-c2cc(C(F)(F)F)cc(C(F)(F)F)c2)cc1,-8.4,3.0575641185887625,25_445
O=C(N=CNc1ccccc1N=CNc1cccc(-c2cccc3ccccc23)c1)c1cc2ccccc2o1,-7.4,3.184007814519674,25_446
N=C(N)N=C(N)Nc1cccc(C(=O)Nc2cccc(-c3cccc(NC(=O)c4cc5ccccc5[nH]4)c3)c2)c1,-8.1,3.028541356528151,25_447
O=C(c1ccc(NS(=O)(=O)c2cccc3scnc23)cc1)N1CCC(O)(c2ccccc2F)CC1,-7.4,3.600903176260001,25_448
O=C(O)c1cccc(-c2ccc(/C=C3\S/C(=N\c4ccccc4)N(c4ccccc4)C3=O)o2)c1,-8.1,3.5705283021477143,25_449
C=NC1=NC(c2ccccc2Nc2cncc(-c3ccc4c(c3)C(c3ccccc3F)=CC4=O)c2)=C1,-8.1,3.444380313545988,25_450
CC(C)(C)c1ccc(-c2cc(C(F)(F)F)ccc2-c2cccc3c2CCN(C(=O)c2ccccc2)C3)cc1,-7.5,3.175217955665345,25_451
O=C(Nc1cccc(-c2[nH]c(=O)nc3ccc(-c4ccc5c(c4)OCO5)cc23)c1)c1cccc(F)c1F,-9.3,3.4121332411724685,25_452
O=C(O)Cc1ccccc1NC(=O)c1cccc(-c2cccc(-c3cccc(NC(=O)Cc4ccccc4)c3)c2)c1,-8.1,3.1724177660289996,25_453
N#Cc1ccc(NC(=O)c2cc3cc(-c4ccccc4C(F)(F)F)ccc3n2CC2CC2)cc1,-6.7,3.584143737353785,25_454
CNC(=O)C(NC(=O)c1cccc(-c2cccc(CN3CCc4ccccc4C3=O)c2)c1)c1ccccc1,-8.0,3.5250610154405524,25_455
COc1ccc(N(CC(=O)Nc2cccc(-c3cccc4[nH]nc(N)c34)c2)Cc2ccccc2C(F)(F)F)cc1,-8.8,3.3024827326384103,25_456
O=C(NC1CC1)c1ccc(Nc2cc(-c3cccc(NC(=O)c4cccc5ccccc45)c3)ccn2)cc1,-7.8,3.312311352373784,25_457
CC(=O)O[C@H]1C2[CH][C@@H](CC[C@]3(C)[C]4CC[C@@]5(C(=O)O)CCC(C)(C)C[C@H]5C4=CC[C@@H]23)CC(C)(C)[C@H]1Oc1ccc(C#N)cc1,-6.5,1.9806977412675835,25_458
O=C(c1cc(-c2ccc(F)cc2)[nH]n1)N1CC(=O)N(Cc2cccc(C(F)(F)F)c2)[C@@H](CCc2ccccc2)C1,-7.5,3.4896566636970983,25_459
O=c1c2c3nc4ccccc4nc3n(-c3ccccc3Br)c2c2ccccc2n1-c1ccccc1,-8.7,3.399425496883344,25_460
N#CC(=Cc1ccc2ccccc2c1)C(=O)Nc1cc(O)n(-c2ccccc2)c1O,-7.0,3.4951553363570076,25_461
O=C(c1cccc(-c2nc3ccccc3n2-c2ccc(F)cc2)c1)N1CCCCC1,-8.5,3.576010026247504,25_462
Cc1cn(-c2ccc(NC(=O)c3cccc(-c4cccc(C(F)(F)F)c4)n3)cc2C)cn1,-7.5,3.692443698550476,25_463
O=C(Nc1cccc(-c2cccc(-c3nc4c(F)cccc4[nH]3)c2)c1)c1cccc(F)c1,-8.4,3.443853177840764,25_464
O=C(Nc1cccc(-c2cccc(-c3nc4cc(C(F)(F)F)ccc4[nH]3)c2)c1)c1ccccc1,-7.9,3.31558797004833,25_465
O=C(Nc1cccc(-c2cccc3c(=O)cc(N4CCOCC4)oc23)c1)c1cccc(C(F)(F)F)c1,-8.65,3.637324140256531,25_466
O=C(Nc1ccc2c(c1)OCO2)Nc1cc(-c2ccccc2Cl)nc2ccccc12,-9.3,3.6118498643834913,25_467
N#Cc1cccc(-c2nc3nccc(-c4cccc(C(F)(F)F)c4)n3n2)c1,-8.2,3.6293827179259353,25_468
C[CH]C1CC(C(=O)Nc2ccccc2F)(c2ccccn2)CCN1c1cc(=O)n(C)c2ccc(F)cc12,-8.3,3.6360760033807784,25_469
O=C(Cn1cc(-c2cccc3ccccc23)cn1)Nc1ccc2c(c1)c1ccccc1n2Cc1ccccc1,-8.3,3.3756726425328774,25_470
Cl/C(=C\c1cccc(-c2cccc(Cl)c2Cl)c1)c1cccc2ccccc12,-8.0,3.000586309182565,25_471
O=C(O)CCCC(=O)N1CCC(CNc2nc3c(s2)CCCc2ccc(F)cc2-3)CC1,-6.5,2.626062274563315,25_472
Cc1cnc([C@H](C)Nc2nnc(-c3ccc(C(F)(F)F)c(C(C)C)c3)c(-c3ccc4c(c3)CCCO4)n2)s1,-6.6,3.469422365720092,25_473
O=C(Nc1ccc(Nc2ncnc3c2cnn3-c2ccccc2)cc1)Nc1ccc(Oc2ccccc2)cc1,-7.1,3.2753048485605376,25_474
O=C(Nc1ccc2cc(-c3ccc(-c4cccc(CO)c4)cc3)ccc2c1)Nc1cc(-c2ccccc2)ccc1O,-6.3,2.9452645098952748,25_475
O=C(N=CC1=CC(c2cc(-c3ccccc3)ncc2C=Cc2ccccc2)=CC1)c1ccccc1-c1ccccc1,-8.0,2.942348541287059,25_476
O=C(c1cccc(-c2cccc(-c3nc4cc(F)ccc4[nH]3)c2)c1)N1CCNCC1,-8.2,3.6450984636569372,25_477
c1ccc2c(c1)c1ccccc1n2CCCCn1c2ccccc2c2ccccc21,-6.85,3.125714037298261,25_478
CC1=C(/C=C/C(C)=C/C=C/C(C)=C/C(=O)Nc2ccc(Cl)cc2)C(C)(C)CCC1n1ccnc1,-5.4,3.4449833483147927,25_479
O=C(N[C@H]1CC[C@@H](c2cccc(-c3ccc4c(c3)OCCO4)c2)CC1)c1ccccc1,-7.2,3.5542745774487168,25_480
CN1C(=S)N(c2ccc(C#N)c(C(F)(F)F)c2)C(=O)C1(C#N)c1ccccc1,-6.3,3.6640665115735946,25_481
O=C(Nc1cccc(-c2cccc(-c3nc4ccccc4[nH]3)c2)c1)c1ccccc1,-8.55,3.442730724240592,25_482
O=C(Cn1c(=O)ccc2cc(S(=O)(=O)N3CCCC3)ccc21)Nc1ccc2c(c1)c1ccccc1n2Cc1cccnc1,-7.7,3.365897016938578,25_483
Cc1ccc(C(=O)N2CCOCC2)cc1-c1ccc(NC(=O)c2cccc(C#N)c2)cc1,-7.1,3.744607654471089,25_484
O=C(c1ccccc1O)c1nc2ccccc2c(=O)n1-c1ccc(F)cc1,-7.3,3.668299191108601,25_485
O=C(Nc1ccc(-c2csc(-c3cccc4ccccc34)n2)cc1)c1ccccc1,-7.8,3.4740452192486995,25_487
O=C(Nc1cccc(-c2cn3c(n2)CCC3)c1)c1ccccc1Nc1cccc(OCCc2ccccn2)c1,-7.8,3.335511836719353,25_488
O=C(Cc1c[nH]c2ccccc12)N1CCC[C@H]1c1nc(-c2ccccc2)no1,-8.3,3.7268553547128835,25_489
COc1cccc(C(=O)Nc2cccc(-c3ccc(-c4nc5ccccc5[nH]4)s3)c2)c1,-7.4,3.5216129560473615,25_490
O=C(NCC12CC(CN1Cc1ccccc1)C2)c1cc(NCc2ccccc2)ccn1,-6.8,3.477205520769595,25_491
O=c1n(Cc2cccc(F)c2)c2ccccc2c2nc(-c3ccccc3)nn12,-8.2,3.5476107002479513,25_492
O=C(c1cc2ccccc2[nH]1)N1CCN(CNc2ccccn2)CC1,-7.0,3.7675497814237366,25_493
O=C(Oc1cccc(-c2ccccc2Oc2ccccc2)c1)c1ccc2ccccc2c1,-6.7,3.2271164718675656,25_494
O=C1NC(c2ccccc2)(c2ccccc2)C(=O)N1c1cccc(-c2ccccc2)c1,-8.6,3.4129237790004208,25_495
COc1cc(-c2cccnc2Oc2ccc(-n3cnc4ccccc4c3=O)cc2)ccn1,-8.1,3.5178309818662608,25_496
NC(=O)c1ccc2c(-c3ccccc3F)cc(-c3ccccc3)nc2n1,-8.1,3.7006404196361364,25_497
O=C(Nc1ccc(-c2cccc(F)c2F)cc1)Nc1cccc(-c2cccc(-c3cccc(CN4CCOCC4)c3)c2)c1,-8.1,3.2156393815845528,25_498
O=C(Nc1ccccc1Oc1ccccc1)c1ccc[n+](CC(=O)c2ccco2)c1,-7.4,3.5866925234449454,25_499
Oc1cccc(-c2cc(-c3cccc(Cl)c3)ncc2Cc2ccc3ccccc3c2)c1,-8.4,3.235415822340455,25_500
O=C(Nc1ccc(OC(F)(F)F)cc1)Nc1cccc(-c2cccc(C(F)(F)F)c2)c1,-8.3,3.506567084971424,25_501
O=C(CSc1nnc(Nc2ccc(F)cc2)o1)c1cccc(Br)c1,-6.6,3.6421787864554713,25_502
Oc1ccc2cc(-c3cccc(-c4ccccc4)c3)ccc2c1,-7.6,3.2811858600337316,25_503
O=CN1S/C(=C\C=C2C=CC(c3ccccc3Nc3ccc(Cl)cc3O)=C2)C1=O,-7.4,3.3768563862458763,25_504
O=C1C=C[C@]2(C[C@@H](c3ccccc3)O[C@@H](c3ccc(F)cc3)[C@@H]2c2ccc(F)cc2)O1,-8.1,3.436552561306833,25_505
CCCn1c(-c2ccccc2NC(=O)c2ccccc2)nc2ccccc21,-7.1,3.6191423616710114,25_506
Cc1ccc(Cl)cc1-c1c(-c2cc3ccccc3s2)nc2ncnc(N)n12,-7.6,3.549941042400685,25_507
O=C(Nc1cc(F)cc(-c2ccccc2F)c1)c1cccc(-c2cccc(O)c2)c1,-8.1,3.532729977615211,25_508
O=C(c1ccc(NS(=O)(=O)c2cccc3cccnc23)cc1)N1CCN(c2cccc(C(F)(F)F)c2)CC1,-8.0,3.595111708053869,25_509
O=C(Nc1cccc(C(F)(F)F)c1)c1cc(Nc2c3ccccc3nc3ccccc23)c2ccccc2c1O,-9.0,3.1008403697873006,25_510
O=c1oc2ccccc2cc1-c1nnc(-c2ccc(C(c3c[nH]c4ccc(Cl)cc34)c3c[nH]c4ccc(Cl)cc34)cc2)o1,-9.1,3.086072023714493,25_511
Cc1c(CN2CCOCC2)cccc1-c1c(C2C=CC=CO2)nc2ccc(-c3ccccc3)cn12,-7.5,3.445433336455774,25_512
O=C(Nc1cccc(S(=O)(=O)N2CCOCC2)c1)c1ccccc1Oc1ccccc1,-7.7,3.7499587454544083,25_513
CC(C)=CC(=O)N(c1ccccc1)c1cccc(-c2cccc(-c3cc(-c4cccc(C(=O)O)c4)c4ccccc4c3)c2)c1,-9.5,3.040615831685748,25_514
CC=CC=CC=C1C=CC(c2cccc(-c3cccc(-c4cccc(C(=O)N(C)C)c4)c3F)c2)=N1,-8.4,3.3562342854246405,25_515
Cn1c(-c2cccc(-c3cccc(C(=O)Nc4ccc(F)cc4F)n3)c2)nc2ccccc21,-8.9,3.475765109879671,25_516
COc1ccc([C@@H]2Cc3c(cccc3C(F)(F)F)N(Cc3ccccc3)C(=O)C2OC(C)=O)cc1,-6.6,2.646034802616641,25_517
Cn1c(SCC(=O)N2CCOCC2)nnc1-c1cc2ccccc2oc1=O,-7.2,3.5221643739165454,25_518
O=Cc1cc2ccc(-c3cccc(-c4cccc(OC(F)(F)F)c4)c3)c(=O)n2cc1-c1ccccc1,-8.2,3.2719792616761736,25_519
CC(C)c1cc(-c2ccccc2)cc(C(C)C)[n+]1-c1ccc(S(=O)(=O)Nc2nnc(S(N)(=O)=O)s2)cc1,-8.1,3.402478292400911,25_520
O=C(c1ccccc1C(=O)N1CCN(c2ccc(F)cc2F)CC1)N1CCCCC1,-7.5,3.5899161030422597,25_521
O=C(c1ccccc1)N(c1cccc(-c2ccccc2Cl)c1)c1ccccc1S(=O)(=O)c1ccccc1,-6.9,3.35437261558776,25_522
NS(=O)(=O)c1ccc(CC=C2c3ccccc3C=Cc3ccccc32)cc1,-7.6,2.673730208370314,25_523
O=c1[nH]c(CCc2ccccc2OC(F)(F)F)c2ccccc2c1Cl,-7.0,3.698493687822886,25_524
O=c1[nH]c2cc([N+](=O)[O-])ccc2c(O)c1N=Nc1cccc(C(F)(F)F)c1,-7.7,3.41991356212225,25_525
O=C1Nc2ccccc2C1(c1cccc(C(F)(F)F)c1)c1c[nH]c2ccccc12,-7.1,3.437936233777683,25_526
O=C(Nc1cccc(-c2cn3ccnc3c(NCc3ccncc3)n2)c1)Nc1cccc(-c2ccccc2F)c1,-9.033333333333333,3.208356793409017,25_527
O=C(Nc1cccc(-c2cccc(-c3[nH]ccc3C(=O)O)c2)c1)c1cccc(-c2ccccc2F)c1,-8.8,3.2890828953404316,25_528
C=CC1=C(C=C2C=CC(c3cc(-c4ccccc4)ccc3Nc3ccnc4cc(Cl)ccc34)=C2)C=CC1=CC1CC=CC=NC(=O)C1,-8.5,1.0911257106814993,25_529
Cc1cccc(-c2nc(-c3ccc4ccccc4c3)c(-c3cccc(-c4ccccc4O)c3)[nH]2)c1,-8.2,3.1681287831553604,25_530
O=C(Nc1ccc(-c2cccc(-c3nc4cc(C(F)(F)F)ccc4[nH]3)c2)cc1)c1ccccc1-c1ccccc1,-6.7,3.1412476074542717,25_531
O=C(Nc1cccc(C(F)(F)F)c1)c1cccc(Nc2nc3ccccc3nc2NCc2ccccc2)c1,-8.9,3.314037551307554,25_532
O=C(Nc1ccc(N2CCOCC2)cc1)c1cc(-c2ccccc2)nc2ccccc12,-7.8,3.665392462410815,25_533
O=C(Nc1cccc(C(F)(F)F)c1)c1cccc(-c2ccccc2NC(=O)c2cc3ccccc3oc2=O)c1,-8.9,3.275370341658843,25_534
O=C(c1nn(-c2ccc(F)cc2)c2c1CS(=O)(=O)c1ccccc1-2)N1CCOCC1,-9.1,3.5970405225291047,25_535
O=C(c1cccc(S(=O)(=O)Nc2ccccc2F)c1)N1CCN(S(=O)(=O)c2ccc(F)cc2)CC1,-7.8,3.660704135202635,25_536
Oc1[nH]c2ccccc2c1CC1=Nc2ccccc2N=C2C1=CC1=CC=CC=CC12,-8.7,2.4136579853082303,25_537
NC(=O)c1ccccc1C=C1C=CC(=Nc2ncccc2-c2nc3ccccc3c(=O)o2)C1,-8.3,3.562261211298263,25_538
O=C(O)c1cc(-c2ccccc2)[nH]n1,-5.5,3.481133316229931,25_539
Fc1cccc(-c2cccc(-c3nc(-c4ccccc4)c4c(n3)-c3ccccc3CCC4)c2)c1,-9.2,2.2512438174565514,25_540
O=C(C1CCCN(c2ccc3[nH]c(-c4cccc(C5CC5)n4)nc3n2)C1)N1CCNCC1,-7.9,3.5185819914169496,25_541
O=C(Nc1ccc(-c2ccc(F)cc2F)cc1)c1ccc2ccccc2c1O,-7.8,3.551673883492478,25_542
O=C(c1cccc(-c2ccc(C(=O)N3CCN(c4ncccn4)CC3)cc2)c1)N1CCOCC1,-7.7,3.6202519011469536,25_543
O=C(CSc1nc2ccccc2c(=O)n1-c1ccc(F)cc1F)Nc1ccc2c(c1)c1ccccc1n2Cc1ccccc1,-8.3,3.23082099036566,25_544
O=C(Nc1ccc2c(c1)NCCCCCC2=O)NC1Nc2ccccc2C=Nc2ccccc21,-8.8,1.2189690844841223,25_545
CCC1OC(=O)C(c2ccc3c(c2)OCCO3)C(=O)CC1c1cccc2ccccc12,-8.1,2.524327621329313,25_546
Cc1ccccc1OCN1C[C@@H](c2ccccc2C(F)(F)F)c2ccccc2C1=O,-6.4,3.5833440162932297,25_547
O=C(NCc1ccccc1-c1cccc(C(F)(F)F)c1)Nc1cccc(-c2cccc(-c3nc4ccccc4[nH]3)c2)c1,-8.6,3.1404216125811377,25_548
O=C1CS(=O)(=O)C(c2cccc(-c3cccc(Oc4ccccc4)c3)c2)N1,-8.3,3.77017329454506,25_549
O=C(NCc1cccc(C(F)(F)F)c1Cl)c1cc(-c2cc3ccccc3o2)nc2ccccc12,-8.6,3.471001459828955,25_550
O=C1/C(=C/c2ccccn2)c2ccccc2N1c1c(Cl)cccc1Cl,-6.1,3.5135353580808335,25_551
O=C(c1cncc(Oc2ccccc2)c1)N(c1ccccc1)c1ccccc1,-7.2,3.5607680079982242,25_552
O=C(Cc1cccc2ccccc12)Nc1ccc2c(c1)C(=O)NC2=O,-7.550000000000001,3.6592169325563644,25_553
NCc1cccc(-c2cccc(-c3cccc(Nc4cc(C(F)(F)F)ccn4)c3)c2)c1,-8.7,3.5543147941456765,25_554
O=C(C1CNC1)N1CCN(c2cccc3c2ccn3-c2ccnc(NC3CCC(F)(F)CC3)n2)CC1,-7.5,3.4469281937518232,25_555
Nc1cc2cc(-c3cccc(NC(=O)c4ccc5ccccc5c4)c3)[nH]c2cn1,-7.8,3.4442550803635292,25_556
O=C(Nc1cccc(-c2cccc(C(=O)N3CCOCC3)c2)c1)c1nnc(-c2cccc(NC(=O)c3cccc(Cl)c3Cl)c2)o1,-8.1,3.2188756719016505,25_557
C[C]1CCC2CC(CC3NC(=O)C=C[C@]23C)OCC1C(=O)Nc1cccc(Oc2ccccc2)c1,-8.9,1.2845314744271699,25_558
Cn1c(=O)c(-c2ccc(F)cc2)nc2cnc(Oc3cccc(Cl)c3)nc21,-7.4,3.6465402653461414,25_559
O=C(Nc1cccc2ccccc12)c1ccc2c(=O)n3c(nc2c1)CCC3,-8.0,3.676942658251529,25_560
O=C(c1ccc(-c2ccc(F)cc2F)cc1)n1ccc2ncccc2c1=O,-7.7,3.6456234430664143,25_561
O=C(c1cccc(C(F)(F)F)c1)N1CCC(c2nc(=O)c3nnn(-c4ccc5c(c4)CCO5)c3[nH]2)CC1,-8.7,3.5002851824195647,25_562
Cn1nccc1-c1cccc(-c2cccc(C(F)(F)P(=O)(O)O)c2)c1,-7.2,3.6840518285610044,25_563
O=C(NC(=O)N(Cc1ccc(F)cc1)c1ccccc1)c1cnc2ccccc2n1,-7.3,3.721604675558669,25_564
CC1=CC=C(C2CC(c3cccc(NC(=O)c4ccccc4F)c3)=NN2)CC=C1,-7.9,2.622246432161392,25_565
CC(=O)Nc1ccc(-c2nc(-c3ccc4c(c3)CCN4C(=O)c3ccco3)cs2)cc1,-7.0,3.680284724850634,25_566
O=C(c1ccco1)N(c1cc(F)cc(-c2cnccc2F)c1)c1ccc(F)cc1F,-7.4,3.5605921137481897,25_567
O=C(c1cccc(-c2cccc(N3C(=O)c4ccccc4C3=O)c2)c1)N1CCN(c2ccccc2F)CC1,-8.7,3.4192280701180886,25_568
Cc1nn(C)c(C)c1-c1cc(C(=O)N2CCN(Cc3cccc(NC(=O)c4cccs4)c3)CC2)on1,-7.6,3.5742087456802376,25_569
Cc1c(-c2cccc(-c3cccc(C(=O)NC4CCC4)c3)c2)cccc1-c1ccc2c(c1)OCCO2,-8.5,3.385373117161976,25_570
O=C(Nc1ccc(Oc2ccccc2Oc2ccccc2)c2ccccc12)c1cccc(C(F)(F)F)c1,-7.9,3.252476535654701,25_571
Cc1cccc(C(N)=O)c1NC(=O)c1cc(-c2ccccc2)nc2ccccc12,-8.3,3.6320768775713894,25_572
O=C(Nc1cccc2ncccc12)c1ccc2c(c1)OCO2,-7.3,3.7270905943339883,25_573
CSC1=NC(=O)c2cn([C@H]3C[C@H](O)[C@@H](CO)O3)c3cccc1c23,-6.9,3.5944968941333024,25_574
COc1ccc(C(=O)N(Cc2ccc(Cl)cc2)Cc2ccco2)cc1S(=O)(=O)N1CCOCC1,-6.8,3.6278269504887852,25_575
C=c1c(-c2ccccc2)cccc(=O)oc(=C(O)Nc2ccccc2Oc2ccccc2)c2ccccc12,-8.4,1.27604766561827,25_576
CC1(c2ccc(C#N)cc2)NC(=O)N(CC(=O)c2ccc(F)cc2F)C1=O,-7.2,3.6563586209018815,25_577
O=C1c2cccc(O)c2C(=O)c2c1nnn2-c1ccccc1F,-7.8,3.6890624698012395,25_578
N#CC(c1ccc(F)c(F)c1)c1c(Cl)cnn(Cc2cccc3ccccc23)c1=O,-7.5,3.651126570937941,25_579
O=C(c1cccc(-c2nc3ccccc3[nH]2)c1)N1CCN(c2cccc(C(F)(F)F)c2)CC1,-8.0,3.6509842334868092,25_580
COc1ccc(-c2cccc(C=C3C(=O)NN=C3c3c[nH]nn3)c2)cc1,-8.5,3.6776678191104835,25_581
Nc1c(Oc2ccccc2)cccc1-n1c(SCC(=O)Cc2ccc3c(c2)OCO3)nc2ccccc2c1=O,-6.8,3.1474495536607012,25_582
O=C(Nc1cccc(C(F)(F)F)c1)c1ccccc1-c1ccccc1C(=O)Nc1cc2ccccc2cn1,-8.6,3.3019206708864317,25_583
CCn1cc(-c2cc3c(-c4cccc(N5CCNC(C)(C)C5=O)c4)[nH]nc3cc2F)cn1,-8.8,3.6903026131990186,25_584
N=C1C(=Cc2ccccc2C=NNC2=C(C=CS(N)(=O)=O)C=C2)c2ccccc2-c2ccccc21,-7.9,3.398088479974361,25_585
O=C(Cc1ccc(Cl)cc1)NC(c1ccccc1)c1cc2ccccc2nc1N1CCOCC1,-8.0,3.647592232298778,25_586
O=C(Nc1nc2cc([N+](=O)[O-])ccc2[nH]1)c1cccc(-c2cccc(-c3nc4cc(F)ccc4[nH]3)c2)c1,-8.4,3.2624444290035965,25_587
O=C1c2cccc3cc4ccccc4c(c23)C(=O)N1c1cccc2cnccc12,-8.3,3.309172317265171,25_588
COC=C1Cc2c(c(O)n(-c3ccccc3)c2O)[C]1c1cc(C(F)(F)F)nc2ccc(-c3cc4ccccc4s3)cc12,-8.1,3.2287622675314123,25_589
O=C(Nc1ccccc1N1CCOCC1)c1ccccc1Nc1ccc2c(C=Cc3ccccn3)[nH]nc2c1,-8.5,3.325606398247081,25_590
O=C(Nc1cccc(-c2cccc(-c3cccc4ncccc34)c2)c1)c1ccccc1F,-8.9,3.4038102262798526,25_591
NCc1cccc(-c2cccc(-c3cccc(-c4nc5cc(F)ccc5[nH]4)c3)c2)c1,-8.7,3.3443861669585444,25_592
O=C(Nc1ccnc2ccc(F)cc12)c1cccc(Cc2n[nH]c(=O)c3c2CCCC3)c1,-8.1,3.6827580967316043,25_593
Cc1ccccc1N(Cc1cccc(-c2cccc(-c3ccc4c(c3)OCO4)c2)c1)S(=O)(=O)C1=CC=C(N2C(=O)c3ccccc3C2=O)C1,-8.6,2.9102751051856903,25_594
O=C(Nc1cccc(Oc2ccc3c(C=Cc4ccccc4)[nH]nc3c2)c1)c1ccc2ccccc2c1,-8.3,3.33583727827361,25_595
Cc1ccc(C)c2c1CC=C/C2=C/c1cc(=O)cc(-c2cccc3ccccc23)o1,-9.6,3.351281047702019,25_596
Cc1ccccc1CNC(=O)N=C1c2ccccc2C(=O)N1c1ccccc1,-8.0,3.6598530367330877,25_597
O=C(NNc1ncnc2sc3c(c12)CCCC3)c1ccc2c(c1)OCO2,-7.5,3.5641729460223504,25_598
NC(=O)C1CCN(c2ncnc3c2c(-c2ccccc2)cn3-c2cccc(F)c2)CC1,-7.5,3.715886686375728,25_599
O=C(Nc1ccc(F)nc1F)c1cccc(-c2ccc(C(=O)c3ccccc3)s2)c1,-7.3,3.588771250760227,25_600
O=C(c1cccc(Br)c1)N1Cc2cnc(N3CCOCC3)nc2C1,-6.6,3.605677993415333,25_601
O=C(Nc1cccc(-c2cccc(-c3ccccc3)c2)c1)Nc1ccccc1-c1ccccc1,-9.2,3.173610991578638,25_602
O=C(Nc1nccs1)c1cccc(-c2cccc(-c3cc(Cl)ccc3Oc3ccc(C(=O)c4ccccc4)cc3)c2)c1,-7.2,3.169346681384383,25_603
O=C(CN1C(=O)NC(c2ccccc2)(c2ccccc2)C1=O)NCc1ccccc1F,-7.4,3.646948216852282,25_604
COc1ccc(N2C(=O)C(c3ccccc3)[C@H]2c2cccc(-c3ccccc3F)c2)cc1,-7.7,3.3828488721593435,25_605
O=C(c1cc(-c2ccccc2)on1)N1CCN(c2ccc([N+](=O)[O-])cc2)CC1,-7.3,3.6192394618664454,25_606
O=c1c(N2c3ccccc3Nc3ccccc32)c(O)oc2ccccc12,-7.7,3.6064526128130936,25_607
O=S(=O)(Nc1cccc(-c2cc3cc(F)ccc3o2)c1)c1ccccc1,-7.8,3.6973884136747706,25_608
O=C(Nc1cccc(Cl)c1)N1[CH]CC[C@H](CCN2CCN(c3ccccc3-c3cnc4ccccc4n3)CC2)CC1,-7.3,2.4362182946378574,25_609
Cc1nnc(-c2cccc(-c3cccc(NC(=O)c4cccc(F)c4)c3)c2)o1,-8.1,3.7058788100324076,25_610
O=C(Nc1cccc(-c2cnc3ccccc3n2)c1)c1ccc(-c2ccccc2[N+](=O)[O-])o1,-7.9,3.4470887685292824,25_611
O=C(CCn1cccc1)Nc1cccc(-c2cccc3c(=O)cc(N4CCOCC4)oc23)c1,-7.4,3.682895831579592,25_612
O=c1[nH]c(O)c(-c2c[nH]c3ccc(-c4cccc(-c5nc6cc(F)ccc6[nH]5)c4)cc23)s1,-8.4,3.3854635242350573,25_613
O=C(Nc1cccc2c1C[C@@H](O)C2)N[C@H]1CC[C@H](c2nnc3cnc4[nH]ccc4n32)CC1,-7.2,3.3639742878206773,25_614
Cc1ccc2ccccc2c1C(=O)Nc1ccccc1C(=O)Nc1nc2ccccc2s1,-8.5,3.410642122633263,25_615
O=C(Nc1ccccc1N1CCOCC1)c1cccc(-c2cccc(Nc3nccc(C(F)(F)F)n3)c2)c1,-7.7,3.531130688928412,25_616
O=C(Nc1ccc(F)cc1F)Nc1ncccc1OCc1cccc(F)c1,-7.8,3.6988769211210553,25_617
O=c1c2ccccc2nc2ccccn12,-5.9,3.3601723479621035,25_618
CCC=CC=C(F)c1nc2ccccc2n1C=C1C=CCC1=Nc1ccccc1C1=NN=C(NC=O)C1=O,-8.6,3.410267418041244,25_619
O=Cc1ccc(OCc2ccccc2F)cc1CCc1cccc(CN2CCOCC2)c1,-6.2,3.5552225329738265,25_620
O=C(O)c1ccccc1Nc1cccc2c1C(=O)c1ccccc1C2=O,-8.1,3.741332457243259,25_621
Cn1nc(-c2ccc3c(c2)CCN3C(=O)Cc2cccc(F)c2)c2c(N)ncnc21,-7.2,3.6960666263232866,25_622
O=C(O)C(=O)c1ccc(-c2ccccc2C(F)(F)F)o1,-5.9,3.586324703381418,25_623
O=C(N=Cc1cc(-c2ccccc2)[nH]c1-c1ccccc1)c1cccc(-c2cccc(-c3nccs3)c2)c1,-8.6,3.286282583009716,25_624
Nc1ncnc2c1ncn2[C@@H]1O[C@H](c2cc(-c3ccc4c(c3)OCO4)c3ccccc3c2OCO)[C@@H](COS(=O)(=O)O)[C@@H]1O,-8.7,2.697360615203872,25_625
O=C(CC(O)CF)C1=CC(c2cccc(-c3cccc(C(=O)Nc4ccc5ccccc5c4)c3)c2O)=N1,-7.9,3.4529645110940486,25_626
O=C(Cc1ccc2sc(-c3cccc(-c4ccc5c(c4)OCO5)c3)cc2c1)Nc1ccc(-c2nc3ccccc3c(=O)o2)cc1,-8.2,3.229508393420555,25_627
C=CCn1c(SCc2ccc(F)cc2)nc2c1c(=O)[nH]c(=O)n2C,-6.6,3.649644284749651,25_628
Cc1ccccc1NC(=O)N1C=CC2=CCc3c(n(-c4cccc(C#N)c4)c(=O)c4ccccc34)C2C1c1cc(Cl)cc(Cl)c1,-8.6,3.158639234959943,25_629
O=C(Nc1cccc2[nH]ncc12)N[C@H]1CC[Se]c2ccccc21,-7.1,3.5189301609505668,25_630
CN(C)c1cccc(/N=C/c2cccc(-c3cc(=O)c4c(O)c(O)cc(O)c4n3C)c2)c1,-7.7,3.379277922000516,25_631
COC=C1C=C(CN(C(=O)c2ccc(=O)[nH]n2)c2ccc3c(c2)OCCO3)C=C1OC,-7.1,3.557451365444579,25_632
O=C(NCc1ccccc1)c1cc(-c2cccc(OCc3ccccc3)c2)on1,-7.4,3.6580626920449992,25_633
Cc1nc(N(C)C)ncc1-c1ccc(-c2ccccc2)nc1,-6.7,3.683536919027505,25_634
CC=CC=C(C#N)c1cc(N)cc(-c2cccc(-c3cccc(C(=O)N4CCOCC4)c3)c2)n1,-8.5,3.6037200254704596,25_635
O=C(Nc1cccc(-c2cccc(C(=O)N3CCOCC3)c2)c1)c1cccc(C(F)(F)F)c1,-8.1,3.7403303840440163,25_636
COc1ccc(F)cc1-c1ccnc2[nH]c(C3=CCN(C(=O)CO)CC3)cc12,-8.0,3.7705149622315672,25_637
O=C(Nc1cc(-c2ccccc2CO)nc(N2CCc3ccccc3C2)n1)c1ccccc1,-8.5,3.640266174789277,25_638
COc1ccc2nc(/C=C3\SC(=O)N(c4ccc5c(c4)CCC5)C3=O)sc2c1,-7.7,3.5603552646465197,25_639
O=C(Nc1ccccc1Cc1ccccc1)c1ccccc1Nc1ccnc(C(F)(F)F)c1,-7.6,3.5565521023477933,25_640
O=c1[nH]c(O)c(-c2cc(Cl)ccc2N2CCN(Cc3ccccc3)CC2)[nH]1,-7.7,3.6684094451041203,25_641
Cc1c(Cn2c(C=CC=CCC(=O)O)nc3ccccc32)cccc1-c1cccc(C(F)(F)F)c1,-6.4,3.4960330875927763,25_642
O=C1c2ccccc2C(=O)c2c1nc(-c1ccccc1OC(F)(F)F)n2-c1ccccc1,-7.9,3.6289500668638937,25_643
Cc1ccc(-n2c(O)c(-c3ccccc3NC(=O)c3ccccc3Cl)[nH]c2=O)cc1F,-8.2,3.575607371278334,25_644
O=S(=O)(Nc1cccc(-c2nn[nH]n2)c1)c1ccc(-c2coc(-c3cccc(F)c3)n2)cc1,-7.5,3.462911273061035,25_645
O=C(CN=CN=C(Nc1cccc([N+](=O)[O-])c1)N1CCOCC1)Nc1ccc(-c2ccccc2)cc1,-7.3,3.325161900824249,25_646
O=C(Nc1cccc(C(F)(F)F)c1)c1cc(-c2cc3ccccc3o2)nc2ccccc12,-9.0,3.4878425571364247,25_647
Cc1cn(-c2ccc3n(c2=O)CCN(CCOc2ccccc2-c2cccc(F)c2)C3=O)cn1,-7.6,3.624536391421583,25_648
O=C(Nc1nc(-c2ccccc2)nc2c1nnn2-c1cccc(F)c1)c1cccc(F)c1,-9.0,3.608890672586076,25_649
O=C(c1ccc2cc(Oc3ccc(C(F)(F)CO)cc3)ccc2n1)N1CCC(Cc2ccccc2)CC1,-7.8,3.57004148517379,25_650
Cc1cncc(NC(=O)c2cncc(-c3cccc(-c4ccccc4C#N)c3)c2)c1,-7.7,3.6718928208510704,25_651
CN(C=CC(=O)N1C=Cc2cc(-c3cc4ccccc4[nH]3)ccc2C1)C1C=CC=CC1,-7.1,3.4714825260072653,25_652
O=C(Nc1cccc(-c2cccc(-c3nc4cc(F)ccc4[nH]3)c2)c1)c1ccccc1F,-8.7,3.443853177840764,25_653
O=C(Nc1ccccc1)Nc1ccccc1NC(=O)c1cccc(-c2cccc(N3CCCC3)c2)c1,-8.2,3.43467114368409,25_654
Nc1cc(-c2cccc(-c3cccc(C(=O)NCCCO)c3)c2)ccn1,-7.2,3.622698755944641,25_655
O=C(c1cccc(-c2nc3ccccc3n2C2CCCC2)c1)N1CCN(c2ccc(F)cc2)CC1,-7.7,3.4753916789095047,25_656
O=C(c1cccc(C(F)(F)F)c1Cl)N1CCc2c(ncn2-c2ccc(F)cc2)C1c1cccc(Cl)c1,-7.8,3.402411794469698,25_657
O=C(c1cccc(-c2cccc(-c3cccc(-c4cccc(F)c4)c3)c2)c1)N1CCNCC1c1ccccc1,-8.7,3.231913213244673,25_658
O=C(Cn1cc(C(F)(F)F)ccc1=O)NC(=O)Nc1cccc(C(F)(F)F)c1,-7.1,3.6071770966096093,25_659
O=C(O)c1ccc(-c2ccc(-c3cccc(C(=O)N4CCOCC4)c3)s2)cc1,-7.5,3.7711592576654693,25_660
COc1ccc2c(c1)Nc1ccccc1C2c1ccccc1,-7.8,3.491320499590312,25_661
O=C(Nc1nc2ccccc2c(=O)n1-c1ccccc1F)c1cccc2ccccc12,-9.4,3.5863115059264854,25_662
N#Cc1ccc(-c2cc(Nc3ccccn3)c3c(n2)-c2ccccc2C3C2CC2)cc1,-9.0,3.5099153537774854,25_663
CC1=NC(c2nc(N[C@H]3CCCNC3)ncc2C(F)(F)F)C=C1C=CC(=O)c1ccc2ccccc2c1,-7.5,3.4437622503856726,25_664
O=C(NC[C@H]1CN(c2cccc(NC3CCOCC3)c2F)C(=O)O1)c1ccc2ccccc2c1,-8.2,3.627320765085666,25_665
O=c1[nH]nc(-c2ccccc2)n1-c1cccc(Nc2nc3ccccc3[nH]2)c1,-8.2,3.5320252861082633,25_666
CN(CCNC(=O)c1cccc(C(F)(F)F)c1)c1nc2ccccc2nc2ccccc2c[nH]1,-8.2,1.4736706486781488,25_667
COC=CC=C(C)N1C(=O)Nc2ccccc2C1(OCc1ccccc1)c1ccc(C#N)cc1C,-6.7,3.5521606991538937,25_668
O=C(NC(CCCO)Cc1ccccc1)c1ccccc1NC(=O)c1cccc2c1-c1ccccc1C2=O,-7.4,3.407848959664495,25_669
Nc1nc(=O)c2nc(-c3ccc4ccccc4c3)nnc2[nH]1,-8.1,3.5446690055321977,25_670
CNC(=O)C=C1OC=CC(N(C)S(C)(=O)=O)=C(c2ccc3c(n2)-c2cc4c(F)cccc4n2C(c2cc(F)cc(F)c2O)O3)C=C(Cl)c2cc(F)cc1c2,-7.3,0.5437155908908435,25_671
O=Cc1cnc(-c2ccc3c[nH]nc3c2)nc1Nc1cccc(-c2ccccc2CO)c1,-8.3,3.401187159360189,25_672
O=C1C=CC2=C(CCc3c(-c4cccc(F)c4F)cccc3N3/C(=N\1)SC1CS(=O)(=O)CC13)OCO2,-8.0,1.306127844595581,25_673
O=C(CSC1=Nc2ccccc2C2CC=NN12)Nc1nc2cc(-c3cccc(C(=O)Nc4cccc(Cl)c4)c3)ccc2s1,-8.0,3.0758536789886297,25_674
O=C1CSc2ccccc2N1Cc1cn(-c2ccccc2C(F)(F)F)nn1,-7.4,3.706716464796262,25_675
O=C1/C(=C/c2ccc3ccccc3c2)Cc2cc3c(cc21)CCC3,-8.4,3.1352074639469087,25_676
O=C(Nc1ccccc1[N+](=O)[O-])c1ccccc1NC(=O)c1ccccc1SC=CC=C1C(/C=C/c2ccccn2)=NNC1P,-7.2,2.7405469829410465,25_677
CC1=C2CCN(c3ccc(-c4cccc(C#N)c4)cc3)C(C2)C(=Cc2c(C)cccc2Cl)C(=O)N(c2cccc(C(F)(F)F)c2)C(=O)N1,-7.6,0.9562499757697491,25_678
CN1C(=O)C(C(=Nc2ccc(C(=O)O)cc2)Oc2cc3ccccc3o2)Cc2ccccc21,-7.8,3.562256704273368,25_679
O=C(Nc1cccc(-c2cccc(-c3nc4cc(F)ccc4[nH]3)c2)c1)c1ccccc1O,-8.5,3.432611460098566,25_680
Cc1c(C2CC=CC=NC(=O)CN=C(Cl)C(Cl)=CC2)ccc2nccn12,-6.2,1.5056209436451433,25_681
O=C(NCc1cccc(C(F)(F)F)c1)C(CC(=O)N1CCC(c2ccccc2)C1)N1C(=O)C(N2C(=O)OC[C@@H]2c2ccccc2)[C@H]1/C=C/c1ccccc1,-8.6,3.0018629199525746,25_682
Nc1ccc(-c2cccc(-c3cc4ccccc4nc3N3CCCC3)c2)cc1,-7.9,3.488132231659897,25_683
O=C(NC(=S)Nc1ccccc1N1CCCC1)c1cccn(Cc2ccccc2)c1=O,-7.0,3.6904352744772746,25_684
Cc1nnc(-c2ccccc2C(=O)Nc2ccc(Cl)cn2)o1,-6.6,3.759296416328982,25_685
CN1CCc2c(-c3ccc4c(C(N)C=CCC=NC(=O)c5cccc(C(F)(F)F)c5)ccnc4c3)cccc21,-7.4,3.446158581921665,25_686
O=C(Nc1cccc(-c2cccc(-c3nc4ccccc4[nH]3)c2)c1)c1ccccc1Cl,-8.5,3.4275165588605,25_687
N#CC(C(=O)c1ccc2c(c1)-c1ccccc1C2)C1=NCC=CS1,-6.8,3.5534335585123547,25_688
O=C(NCc1cccc(F)c1)Nc1cccc(-c2cccc(-c3cccc(-c4cccc(Cc5ccccc5)c4)c3)c2)c1,-9.2,2.951248401841781,25_689
NS(=O)(=O)c1cccc(NC(=O)c2cc(-c3cccc(CO)c3)ccc2Oc2ccccc2)c1,-7.9,3.4228855006996133,25_690
Cc1cc2c(-c3ccccc3)c3cc(F)ccc3nc2c(C(N)=O)c1-c1ccccc1,-7.9,3.279585497787078,25_691
CC(NC(=O)c1cccc(F)c1Cl)C(=O)NCc1ccc(C(F)(F)F)cc1,-7.3,3.6407621502301692,25_692
O=C(c1ccc2c(c1)N(Cc1cccc(Cl)c1)C(=O)c1ccccc1S2(=O)=O)N1CCOCC1,-8.1,2.6434581583086447,25_693
O=S1(=O)N=Nc2ccccc21,-4.8,3.201940210855502,25_694
O=CC(=O)C(Oc1ccccc1)c1ccc(Oc2cccc(-c3cccc(-c4nc5ccccc5[nH]4)c3)c2)cc1,-7.5,3.1326015285077085,25_695
CN(C)c1nc(-c2ccccc2)nc2c1ccc1ccccc12,-7.7,3.4690263900073073,25_696
O=c1cc(-c2ccccc2)oc2cc(OCc3cccc(OCc4ccccc4)c3)ccc12,-7.2,3.4048926870661345,25_697
O=C1c2ccccc2C(=O)N1c1ccc(Nc2ccccc2N2CCOCC2)cc1,-7.2,3.6394476073160296,25_698
O=C1NCCN1c1ccc(S(=O)(=O)Nc2nnc(-c3ccccc3)s2)cc1,-7.4,3.6671229751988723,25_699
O=C(CC1Sc2ccccc2N(c2ccc(F)c(F)c2)C1=O)Nc1cccc(C(F)(F)F)c1,-8.0,3.6170510192106198,25_700
O=C1c2ccccc2C(=O)c2c1nnn2-c1cccc(-c2ccccc2)c1,-8.4,3.6357887761503567,25_701
CCc1cccc(C)c1NC(=O)c1ccccc1NC(=O)c1ccccc1OC,-7.1,3.689484179678526,25_702
O=C(NN=C1c2ccccc2-c2ccccc21)N1c2ccccc2Sc2ccccc21,-9.1,3.3789546712239136,25_703
O=C(c1cccnc1)N1CCN(c2ccc3ccccc3n2)CC1,-6.9,3.6917051292958085,25_704
Nc1c(Cl)cc(C=Cc2ccccc2)cc1-c1ccccc1,-7.2,3.343530667699128,25_705
O=CCC=N[C@@H]1O[C@H](COP(=O)(O)OP(=O)(O)OP(=O)(O)O)[C@@H](O)[C]1CCCS,-5.2,1.178486669781762,25_706
O=C(NCCc1ccccc1)c1ccc(-c2cccc(-c3nc4ccccc4[nH]3)c2)cc1,-7.3,3.410471121220489,25_707
O[C@H](c1ccccc1F)c1cc(-c2cccc(C(F)(F)F)c2)nc2cccc(F)c12,-7.8,3.4753820391971573,25_708
COc1ccc(Cc2cc([C@@H]3O[C@H](CO)[C@@H](O)[C@H](O)[C@H]3O)ccc2Cl)nn1,-7.1,3.3923234977076286,25_709
O=C(NCCN1CCOCC1)c1ccc(-c2cccc(Cl)c2)c2ccccc12,-7.3,3.7205657336439746,25_710
C/C(=N\Nc1nc2ccccc2n1C)c1cccc(-c2cccc3c(=O)cc(N4CCOCC4)oc23)c1,-8.9,3.3788252070027722,25_711
Cn1cc(-c2cccc(-n3ccc4cc(C5CC5)cc(F)c4c3=O)c2CO)nc(Nc2cccc(C(=O)NCC(F)(F)F)c2)c1=O,-6.5,3.1145075611682893,25_712
Clc1ccc2c(Nc3ccc4c(c3)OCO4)ncnc2c1CN1CCC(N2CCCCC2)CC1,-7.1,3.4677324809455037,25_713
COc1cccc(-c2ccc(NS(=O)(=O)c3cccc(C(F)(F)F)c3)cc2)c1,-7.4,3.742407486946886,25_714
O=C(Nc1cccc(-c2nn3ccccc3c2-c2ccnc(Nc3ccccc3)c2)c1)c1ccccc1C(F)(F)F,-8.1,3.234285896228633,25_715
FC=CC=CCN=C(Nc1ccccc1)NC1CCN(CCc2ccccc2)CC1,-6.9,3.408868097148449,25_716
Nc1cc2cc(-c3cccc(Nc4ccccc4)c3)c(-c3cccc4ccccc34)cc2cc1OCc1ccccc1,-7.2,2.939679060108076,25_717
O=C1CCC(c2ccc(NC(=O)c3cccc(Oc4ccccc4)c3)cc2)c2ccccc2N1,-7.2,2.5543491978624155,25_718
O=c1[nH]c2cc(F)ccc2cc1-c1cccc(-c2cccc(-c3nc4cc(F)ccc4[nH]3)c2)c1,-8.4,3.4060232176649015,25_719
O=c1[nH]cncc1-c1nc2ccccc2n1-c1cccc(-c2ccccc2)c1,-8.7,3.5945505248840792,25_720
O=C(c1cc2cc(Nc3nccc(-c4ccccn4)n3)ccc2[nH]1)N1CCN(c2ccccc2F)CC1,-8.6,3.4994010909844735,25_721
O=C(CCNc1ncccn1)Nc1nc2ccc(-c3cccc(C(F)(F)F)c3)cn2n1,-7.3,3.5796770255876815,25_722
O=c1ncc2[nH]cccc(-c3cnc(Cl)c(NS(=O)(=O)c4ccc(F)cc4)c3)ccc2n1CCc1ccccn1,-7.5,1.1028358973307237,25_723
Cc1ccc(NC(=O)c2ncn(-c3ccc4c(c3)CCC4)c2C(=O)O)cc1-c1ccccc1,-7.4,3.6192289925507843,25_724
O=C(O)c1ccc(-c2nc3c4ccccc4ccn3c2-c2ccc3c(c2)OCO3)cc1,-8.0,3.5545793303786555,25_725
O=C(N[C@@H]1CN(C(=O)c2ccccc2F)C[C@@H]1c1ccccc1F)c1cn(-c2cccc(OC(F)(F)F)c2)nn1,-9.0,3.508759751477829,25_726
COc1cccc(-c2cncnc2N[C@H]2CCCN(C(C)C)C2)c1,-6.3,3.7595876927331497,25_727
O=C(O)c1ccccc1-c1ccccc1C(=O)Nc1ccc2c(c1)c1ccccc1n2Cc1ccccc1,-7.8,3.260539203825447,25_728
O=C1NC(=O)N(c2ccc(Nc3cccc(Cl)c3)nc2)/C1=C/c1cccs1,-6.8,3.631669600870901,25_729
N#Cc1cccc(Nc2nccc(-c3ccc(-n4cncn4)c(C#N)c3)n2)c1,-6.8,3.6285358519770057,25_730
Cc1cc(-c2cccc(-c3cccc(-c4cc(=O)cc(N5CCOCC5)s4)c3)c2)ccc1O,-8.9,3.5959136768796514,25_731
O=c1c(OCc2cn(-c3cccc(-c4cccc(F)c4F)c3)nn2)cc2ccccc2c2ccccc12,-8.3,2.379082615395822,25_732
Cc1ccc(-c2cccc(C(=O)N3C(C(=O)O)CS[C@@H]3c3ccccc3)c2)cc1C,-7.7,3.7076509354206104,25_733
O=C(Cc1cc(=O)[nH][nH]1)Nc1ccc(-c2cccc(-c3cccc(CN4CCOCC4)n3)c2)cc1,-7.6,3.535203282053655,25_734
O=C(Nc1ccc(-c2nc3ncccc3o2)cc1)c1ccc2ncccc2c1,-7.4,3.6062513668988325,25_735
O=c1[nH]nc(-c2ccccc2Nc2ccccc2-c2cccc(Br)c2)o1,-7.3,3.6761583594838445,25_736
CCN1c2ccc(=NC(=O)c3cccc(C(F)(F)F)c3)ccc2C1C(=O)NCCc1ccccc1,-7.7,2.7351948669604447,25_737
O=C(/C=C/c1cccc(-c2nc3ccccc3n2-c2cccs2)c1)Nc1cccc(C(=O)N2CCCCC2)c1,-7.7,3.35576452096321,25_738
O=C(Nc1ccc(C(=O)N2CCC3(CCCCN3)C2)cc1)N1Cc2ccccc2C1,-7.2,3.486681617281259,25_739
O=S(=O)(Nc1cccc2ccccc12)c1ccc(-c2cnc(C3CC3)o2)cc1C(F)(F)F,-7.7,3.6532509961304296,25_740
O=C(c1cc(-c2ccccc2)ncn1)N1CCN(c2ccccc2)CC1,-8.0,3.7081405595030956,25_741
N#CC(c1ccc(Cl)cc1)c1c(-c2ccccc2)[nH]c2cc(-c3ccccc3)ccc12,-8.3,3.1542291863762055,25_742
O=C(Nc1ccc(C2=CCN(C(=O)c3ccccc3)CC2)cc1)N1Cc2ccccc2C1,-6.366666666666667,3.5470462554424094,25_743
O=c1c(-c2ccccc2)nc(-c2ccc(F)cc2)nn1Cc1cccc(-c2nc(C3CC3)no2)c1,-8.3,3.4759377641655003,25_744
O=C(Nc1ccc2c(c1)OCO2)c1cncc(-c2cccc(NC(=O)c3ccc4c(c3)OCCO4)c2)c1,-7.4,3.477785750093431,25_745
O=C1c2ccccc2C(=O)c2c1c1ccccc1n2Cc1cccc(-c2ccccc2)c1,-8.1,3.2818014441114527,25_746
O=C(Nc1cccc(-c2cn3ccnc3c(Nc3ccccc3)n2)c1)c1ccccc1C(F)(F)F,-8.5,3.389494754614187,25_747
O=C1Nc2ccccc2C1=Cc1c[nH]c2ccc(F)cc12,-7.0,3.4308606839255065,25_748
O=C(c1ccc(Oc2ncccc2-c2cc3ccccc3c3ccccc23)cc1)c1cccc2c1-c1ccccc1C2,-9.4,2.908438682814779,25_749
Oc1ccc(-c2cc(-c3ccccc3)cc(-c3ccccc3O)n2)cc1,-8.5,3.5570334543959516,25_750
O=C(NCc1ccnc(-c2cccc(C(F)(F)F)c2)c1)c1ccc2ccccc2c1,-8.5,3.583266234989917,25_751
O=C(c1cccc(-c2cccc(-c3ccc(C4(O)CCOCC4)cc3)c2)c1)N1CCN2CCC[C@@H]2C1,-8.0,3.4509519277308005,25_752
CNc1ccc(C2=NC(c3ccccc3)=Cc3ccccc3N2c2cccc3ccccc23)cc1,-7.6,2.2383353165532354,25_753
C=S1C(c2cn(CC(=O)Nc3cccc(F)c3F)nc2C2C=CC=CC2)=Cc2ccccc21,-8.6,3.520543091271347,25_754
O=C(O)c1[nH]c2cc(Cl)ccc2c1-c1c(-c2ccccc2)c2ccc3ccccc3c2n1-c1ccccc1,-8.3,3.230123652426008,25_755
COc1cc2c(Oc3ccc(NC(=O)c4nc5ccccc5n(-c5ccc(F)cc5)c4=O)cc3F)ccnc2cc1OCCCN1CCN(C)CC1,-7.4,3.0206923061764,25_756
O=C(Nc1ccccc1C(=O)N1CCCCCCC1)c1cccc(-c2ccc3c(c2)CCO3)c1,-8.3,1.7191152522536841,25_757
O=c1ccc(-c2cccc(-c3cccc(C(F)(F)F)c3)c2)nc2c(Br)cccc12,-8.7,2.478346226862814,25_758
O=C(Nc1nc(-c2cccc(-c3cccc(F)c3)c2)cs1)c1cccs1,-7.1,3.672672921464607,25_759
COc1ccc(/C=N/NC(=O)c2nnn(-c3ccccc3)c2-c2ccc(C)c(F)c2)cc1,-7.6,3.5985091867431844,25_760
CC(C)(C)n1c(O)c2n(c1=O)[C@H](c1ccc(F)cc1)c1[nH]c3ccccc3c1C2,-7.9,3.6173694910214755,25_761
O=C(Cn1cc(CSC(=NCNc2ccccc2)N=C2N=C3C=CCCC=CN32)nn1)NC(=O)Nc1ccccn1,-7.7,1.2337722419242034,25_762
CCC1=CC(=NC(=O)c2oc3ccccc3c2NC(=O)C=CCc2cc(=O)c3ccccc3[nH]2)C=C1,-8.1,3.519300388337909,25_763
O=C(Nc1ccc(-c2cccc(-c3nn[nH]n3)c2)cc1)c1cccc(-c2cc3ccccc3oc2=O)c1,-9.0,3.4089571969210493,25_764
Cc1cccc(C(=O)Nc2cccc(CN3CCC(C(=O)NC4CCCCC4)CC3)c2)c1,-7.0,3.5200263093288644,25_765
NC(=O)c1cccc(-c2cc(-c3cccc4ccsc34)c3cc(Nc4ccccc4)ccc3c2)c1,-9.5,3.3220463078763083,25_766
O=C1Nc2ccc(Cl)cc2C(c2ccccc2F)=NC1CCC(=O)N1CCOCC1,-7.8,2.7491166627324413,25_767
O=C(COc1ccc(Br)cc1)Nc1cc(S(=O)(=O)N2CCOCC2)ccc1Oc1ccc(Cl)cc1,-8.0,3.615750537083934,25_768
COc1cccc(Nc2cc(-c3ccccc3)nc(N3CCN(c4ccccc4F)CC3)n2)c1,-8.4,3.620281039572962,25_769
O=C(c1cccc(-c2cccc(-c3cccc(-c4ccccc4F)c3)c2)c1)N1CCN(c2ccccc2F)CC1,-9.5,3.15478313199801,25_770
Cc1ccccc1-c1cncc(-c2cccc(-c3ccccc3F)c2)c1,-7.9,3.274520261373609,25_771
Clc1ccccc1N1CCN(CCCCn2c3ccccc3c3ccccc32)CC1,-6.8,3.3743007885195757,25_772
O=C1c2ccccc2C(Nc2ccc3cccc(Cl)c3c2)N1c1ccc(-c2cc3ccccc3oc2=O)cc1,-8.6,3.213231270718315,25_773
O=C(Nc1ccc(C(F)(F)F)cc1)c1cccc(-c2cccc(-c3cccc(-c4ccccc4F)c3)c2)c1,-8.9,3.003716495802779,25_774
Oc1cccc(-c2cc(-c3ccccc3)nc(-c3cccc(Nc4nc5ccccc5[nH]4)c3)c2)c1,-9.5,3.351037436437935,25_775
C1=CCC(c2nc(-c3ccccc3)ncc2-c2nc3ccccc3[nH]2)C=C1,-8.2,3.6049301768936024,25_776
O=C(Nc1cccc(-c2ccc3ccccc3c2)c1)c1ccc2c(=O)n3c(nc2c1)CCC3,-8.1,3.520183917975819,25_777
O=C(Nc1cccc(-c2cn3ccnc3c(NCc3ccncc3)n2)c1)Nc1cccc(-c2ccccc2F)c1,-9.033333333333333,3.208356793409017,25_778
COC1=CC=COCC1CNC(=O)c1cccc(N=C2NC3CS(=O)(=O)CC3S2)c1C,-7.1,2.4034283006178887,25_779
O=C(c1cc(Cc2n[nH]c(=O)c3c2NCCC3)ccc1F)N1CCN(c2ccccn2)CC1,-8.3,3.620696216176552,25_780
N=C(N)C=C1C=CC(c2cc(-c3cccc(N=C(N)N)c3)nc3c2ccc2ccccc23)=C1,-10.0,3.239240808527005,25_781
O=c1c2ccccc2oc2cc(-c3cccc4ccccc34)ccc12,-8.1,3.2369623700867534,25_782
O=C1N=c2cc(Nc3cccc(C(=O)N4CCCCC4)c3)ccc2=C1Cc1ccc[nH]1,-6.9,3.616855648938232,25_783
COc1ccccc1-c1c(C(=O)N(C=O)c2ccccc2C(=O)O)ccc2ccccc12,-6.4,3.534458603853839,25_784
O=C(CC=CC=CF)n1cc(-c2nc(-c3ccc4ccccc4c3)no2)c2ccccc21,-7.8,3.338569597541283,25_785
O=[N+]([O-])c1ccc2[nH]c(O)c(N=NC3=S4[CH]CCO[C@@H]4C3)c2c1,-6.4,3.2598766137600137,25_786
O=C1c2ccccc2S(=O)(=O)N1c1ccc(-c2nc3cc(F)ccc3[nH]2)cc1,-7.4,3.7022028323163196,25_787
O=C1Nc2ccccc2Oc2cc(-n3c(=O)[nH]c4ccccc4c3=O)ccc21,-8.8,2.6588973545312937,25_788
COc1ccccc1-n1c(-c2ccccc2)cc2ccccc2c1=O,-6.4,3.5546522609871656,25_789
Nc1c(C(=O)NCC(=O)c2cccc(-c3nc4ccccc4[nH]3)c2)cccc1-c1cccc(C(=O)Nc2cccc(F)c2)c1F,-7.5,2.9153241127275957,25_790
Cc1ccc(S(=O)(=O)NCc2ccc(-c3cccc(C(=O)NCc4ccccc4)c3)cc2)cc1,-7.3,3.557951568996561,25_791
O=C(Nc1ccc2c(c1)C(=O)c1ccccc1C2=O)Nc1ccccc1F,-7.5,3.6873325211597052,25_793
Cc1cccc2[nH]c(-c3cccc(-c4cccc([C@H](C)NC(=O)Nc5cccc(C(F)(F)F)c5)c4)c3)nc12,-7.9,3.2382942243688984,25_794
CC(C)C(NC(=O)COc1cccc2ccccc12)C(=O)NC(CC(=O)O)C(=O)CSc1ccc2ccccc2c1,-5.8,3.2288238614997122,25_795
O=C(Nc1ccc2c(c1)CCCN2C(=O)c1ccco1)c1ccccc1Nc1cccc(C(F)(F)F)c1,-7.8,3.5609449858068114,25_796
O=C(CNc1ccccc1N1CCCCC1)Nc1ccc(-c2nc3ccccc3[nH]c2=O)cc1,-7.3,3.5546634414382305,25_797
Oc1c(-c2cccc(-c3c4ccccc4cc4ccccc34)c2)c2ccccc2c2ccccc12,-8.9,2.796725341704515,25_798
Cc1cc(C)c(-c2cc(-c3ccccc3)ncn2)cc1C(=O)N1CCC(c2ccc(C#N)cc2)CC1,-8.2,3.52507087219366,25_799
O=C(O)c1ccc(-c2cncc(-c3cccc(-c4cc5ccccc5o4)c3)c2)cc1,-8.4,3.499839399821468,25_800
O=C(Nc1ccc(Cl)cc1C(=O)c1ccncc1)c1cccc(-c2cccc(-c3ccccc3F)c2)c1,-7.9,3.3508525269893212,25_801
O=C(Nc1cccc(-c2cccc(-c3nc4ccccc4[nH]3)c2)c1)c1cccc(C(F)(F)F)c1,-8.466666666666667,3.31558797004833,25_802
O=C(Nc1cccc(-c2cccc(-c3nc4ccccc4[nH]3)c2)c1)Nc1cccc(C(F)(F)F)c1,-8.8,3.2344802145833893,25_803
O=c1[nH]c(-c2ccccc2-c2cccc(-c3cccc(Cn4c(O)c[nH]c4=O)c3)c2)no1,-8.1,3.46929924385158,25_804
CS(=O)(=O)c1ccc(-c2cnc3ccc(-c4cccc(C(=O)NCc5ccccc5)c4)cn23)cc1,-8.1,3.5488064521984315,25_805
O=C(NCc1cccc(-c2cccc(-c3cccc(F)c3)c2)c1)c1ccc2ccccc2c1,-9.3,3.137906060855105,25_806
COc1ccc(Nc2cc(-c3cccc(-c4cccc(-c5nc6ccccc6n5C)c4)c3)ncn2)cc1,-8.7,3.4309198176346474,25_807
O=c1c2ccccc2c2ccc(-c3ccc(Cl)cc3)cc2c(=O)n1Cc1ccccc1,-8.6,2.3580326319246607,25_808
O=C(O)c1ccc2c(C3CCN(C(=O)c4cccnc4)CC3)cc(-c3ccccc3)cc2c1,-8.0,3.6027438499082884,25_809
Cc1nc(-c2cccc(NC(=O)c3cc4ccccc4o3)c2)cs1,-7.6,3.693592791755902,25_810
O=[N+]([O-])c1cnc2c(c1)c1ccccc1n2Cc1ccccc1F,-7.7,3.5699825045304205,25_811
O=C(Nc1cccc2c1C(=O)NC2=O)c1cccc(-c2ncccc2C(F)(F)F)c1,-8.2,3.667243579917046,25_812
O=c1c(O)c(-c2cccc(NS(=O)(=O)c3cccc(Br)c3)c2)oc2cc(-c3ccccc3)cc(O)c12,-8.3,3.3491853195760783,25_813
O=c1c2cc(-c3cccnc3Cl)ccc2oc2c(C(F)(F)F)cccc12,-7.5,3.4394279324723884,25_814
O=C(c1cccc(-c2ccc3ccccc3c2)c1)N1CCN(c2ccnc3cc(Cl)ccc23)CC1,-8.8,3.3658463812026627,25_815
Cc1cccc(-c2cnc3[nH]ccc3c2)c1,-6.3,3.3497359925875942,25_816
O=c1c2cccnc2sn1-c1cccc(C(F)(F)F)c1,-6.8,3.5732201399739134,25_817
O=C1C=CC=C(S(=O)(=O)Nc2cccc(C(=O)O)c2)C=CO[C@H](c2ccccc2)C1,-7.0,1.5648189585586394,25_818
S=C(Nc1ccccc1)Nc1cccc(-c2nc3ncccc3o2)c1,-7.4,3.652371833726096,25_819
O=C(Nc1cccc(-c2cccc(-c3cc4ccccc4cc3-c3ccccc3)c2)c1)c1ccccc1,-9.0,3.0594189111400105,25_820
NS(=O)(=O)c1ccc(-c2cc(-c3ccc(F)cc3)cc(-c3cccc(-c4ccc(F)c(F)c4)c3)n2)cc1,-9.7,3.4732645615987825,25_821
NC(=O)c1ccccc1O/C(C=O)=C\c1ccc(C(=O)N2CCN(c3cccc(C(F)(F)F)c3)CC2)cc1,-7.4,3.475106907899656,25_822
OC(CSc1nnc(-c2cc3ccccc3[nH]2)o1)c1ccccc1,-6.8,3.658770760399686,25_823
O=C(c1cccc(-c2cccc(Nc3nccc(C(F)(F)F)n3)c2)c1)N1CCCCC1,-8.8,3.7441532557600734,25_824
O=C1Nc2ccccc2/C1=C\c1cccc(Oc2ccccc2)c1,-7.2,3.5731783587544834,25_825
O=C1NC(=O)C(c2ccccc2[N+](=O)[O-])C1=Nc1cc(Cl)cc(C(F)(F)F)c1,-7.5,3.5202169061151114,25_826
NC(Cc1c[nH]c2ccccc12)C(=O)N1c2ccccc2C=Cc2ccccc21,-8.1,2.557787002576821,25_827
N[C@H]1C[C@@H](n2cc(C3CC3)nn2)C[C@@H]1c1cc(F)c(F)cc1F,-6.8,3.630524160189,25_828
Clc1ccccc1Oc1ccccc1Cn1c(N2CCOCC2)nc2ccccc21,-8.0,3.6204576417056282,25_829
O=C(Nc1cccc(C(=O)Nc2cccc3cccnc23)c1)c1ccc(F)cc1,-8.3,3.658579815011479,25_830
Cc1c(C2=CC=C(S(C)(=O)=O)C2)cc(-c2ccccc2)cc1-c1cccc(-c2ccccc2)c1,-10.1,3.3299520854242317,25_831
C=CC(=CC=CC#N)CC=CC(C=C)=C(CC)C(=O)Nc1cc(-c2cccc(-c3nc4ccccc4[nH]3)c2)ccn1,-7.1,3.0892887803563323,25_832
O=C(Nc1cccc(-c2cccc(-c3nc4ccccc4[nH]3)c2)c1)c1ccccc1,-8.55,3.442730724240592,25_833
O=C1NC(=O)C(CCc2ccncc2)(c2cccc(-c3ccccc3)c2)C(=O)N1c1cccc(C(F)(F)F)c1,-8.6,3.527481017820808,25_834
O=C(O)CCc1ccc2[nH]c(-c3ccccc3)cc2c1,-6.3,3.513660292478017,25_835
O=C(c1ccc2cc(Oc3ccc(C(F)(F)F)cn3)ccc2n1)N1CCC2(CC1)CC2,-7.2,3.5909972091090943,25_836
O=C(Nc1ccc(C2=CCN(C(=O)c3ccco3)CC2)cc1)N1Cc2ccccc2C1,-6.9,3.636665562495823,25_837
O=C(Cn1cnc2cc(C(F)(F)F)ccc21)Nc1cccc(-c2cccc(-c3ccc4c(c3)COC4)n2)c1,-8.5,3.477484322097595,25_838
C=CC(=CC=CCl)c1nn(-c2ccccc2)cc1-c1nc2nc3ccccc3nc2n1CCCCO,-7.3,3.3215287430279283,25_839
O=C(Nc1cccc(-c2cnco2)c1)c1ccc(C(=O)c2ccccc2Nc2ccccc2)cc1,-7.5,3.394247777332523,25_840
O=C(Nc1ccccn1)c1ccc(-n2c(-c3ccc4ccccc4c3)nc3ccccc32)cc1,-8.6,3.5063893428569894,25_841
O=C(/C=C/c1cccc2ccccc12)c1c(O)cc(O)cc1O,-6.9,3.5465964438402047,25_842
O=CN(c1cccc(-c2cccc(-c3cc4ccccc4c4ccccc34)c2)c1)n1ccccc1=O,-9.0,3.2368259990893113,25_843
O=C(c1ccc2c(c1)N(Cc1ccccc1)C(=O)c1ccccc1S2)N1CCC2(CC1)OCCO2,-8.4,2.4826106278627647,25_844
CC(=O)c1cccc(NC(=O)c2ccsc2)c1,-5.5,3.609970736852663,25_845
O=c1c2ccccc2nc(-c2cccc([N+](=O)[O-])c2)n1-c1ccc2c[nH]nc2c1,-7.9,3.4986031972845995,25_846
O=C(Nc1cccc(-c2cccc(-c3cccc(C(F)(F)F)c3)c2)c1)c1cccc(F)c1,-8.1,3.2672233782541786,25_847
COc1ccc(C2Cc3cc4c(cc3C2=O)OCO4)cc1NC#N,-6.7,3.595376729143738,25_848
O=c1ccn(Cc2cccc(-c3cccc(-c4nc5ccccc5[nH]4)c3)c2)c2cc(-c3cc4ccccc4o3)ccc12,-9.7,3.1794180648704455,25_849
O=C(C[C@H]1C[C@H]2c3cc(NC(=O)c4ccccc4F)ccc3O[C@H]2[C@@H](CO)O1)NCc1ccc(Cl)cc1,-7.5,3.4859933145184474,25_850
O=c1c2cccnc2ncn1Cc1ccccc1C(F)(F)F,-6.4,3.680904687065392,25_851
Cc1ccc(NC(=O)C(c2ccccc2)N2CCN(c3ccccc3F)CC2)cc1C,-7.6,3.6661517400444037,25_852
O=C(O)c1ccc(Oc2ccc(-c3cc[nH]n3)cc2)cc1,-7.0,3.720942468292985,25_853
COc1cc(-c2nc(-c3ccc(F)cc3)c(-c3ccncc3)[nH]2)ccc1O,-7.8,3.6772764400890443,25_854
COC(=O)/C(=C/c1ccc(F)cc1)CN1C(=O)C(=O)c2ccccc21,-6.4,3.577698538662886,25_855
Clc1cccc(-c2ccccc2N=C2CCNCCN2)c1,-6.9,2.6425570374059197,25_856
O=C(Nc1ccc(Nc2c3ccccc3nc3ccccc23)cc1)Nc1cccc(Cl)c1Cl,-8.8,3.2857100614658354,25_857
COc1ccc2[nH]c3c(c2c1)=CCc1ccccc1C=3CC=[N+]Cc1ccccc1,-8.2,2.527347965138059,25_858
O=C(c1ccc(-c2nc(=O)c3ccccc3[nH]2)cc1O)N1c2ccccc2CCc2ccccc21,-9.6,2.4915705509969506,25_859
COc1cc2c(cc1OC)C1=NN(C(=O)c3cccc(F)c3)C(c3ccccc3)C1C2,-8.6,3.6191905899242602,25_860
COc1cc(-c2nn(-c3cccc(C(F)(F)F)c3)c3c2CCC3)ccc1C(=O)NCC(=O)N1CCN(c2ccccc2F)CC1,-7.4,3.3619830660157586,25_861
N=C(CC=NC=NC1C=C(NC(=O)Oc2ccccc2F)C=CC1)c1cccc(-c2nccs2)c1,-7.3,3.480457989077932,25_862
O=C(CN=C1C=C(c2cccc3ccccc23)NC=c2ccccc2=C1)Nc1ccccc1C(=O)NCCc1ccccc1,-9.0,1.4148549877805676,25_863
Cn1c(-c2cccc(-c3cccc(-c4cccc(C(=O)Nc5ccccc5)c4)c3)c2)nc2ccccc21,-9.5,3.2597702572502234,25_864
Cc1cc(Nc2cc(C3CC3)[nH]n2)nc(Nc2cccc(-c3cncc4ccccc34)c2)n1,-9.4,3.4086719064896256,25_865
NC(=O)C1CCCN1C(=O)C(Cc1ccccc1)NC(=O)C1Cc2ccccc2CN1C(=O)C(N)Cc1ccc(O)cc1,-8.1,3.15668327501324,25_866
O=C(Nc1cc(Br)ccc1C(=O)N1CCN(Cc2ccc(F)cc2)CC1)c1cccc(O)c1,-8.4,3.716304733218143,25_867
O=C(Nc1cccc(-c2cc3cc(F)ccc3[nH]2)c1)c1cccc2ccccc12,-8.1,3.3031765249326943,25_868
O=Cc1ccc(-c2csc(-c3ccc(C(=O)N/N=C/c4cccc5ccccc45)cc3)n2)cc1,-6.6,3.350098701824572,25_869
O=C(Nc1c(C(O)(C(F)(F)F)C(F)(F)F)ccc2ccccc12)c1ccc2ccccc2c1,-7.7,3.4684823147800348,25_870
O=[N+]([O-])c1c2ccccc2nc2ccccc12,-6.0,3.392415951658039,25_871
CCOc1ccccc1N(CC(=O)Nc1ccccc1OC)S(=O)(=O)c1ccccc1C,-7.0,3.7199286639723557,25_872
O=C(Nc1ccccc1N1CCN(C(=O)c2ccc3c(c2)OCO3)CC1)c1cccc(Cl)c1Cl,-8.2,3.656885453500994,25_873
Cc1cc(Nc2nc(Nc3cccc(NC(=O)C4CCCCC4)c3)nc3ccccc3c2=O)ccc1OC(C)C(=O)O,-8.3,2.1756740523748537,25_874
O=C(c1ccc(-c2ccc3c(c2)OCO3)o1)N1CCN(Cc2ccc3c(c2)OCO3)CC1,-7.5,3.5050708691837213,25_875
Cc1ccc(-n2cc(-c3ccccc3N3C(=O)c4ccccc4C3=O)nn2)cc1,-7.6,3.601651354605857,25_876
O=C(Nc1cccc(-c2cccc(-c3nc4cc(C(F)(F)F)ccc4[nH]3)c2)c1)c1cccc(C(F)(F)F)c1,-7.8,3.248946671823277,25_877
O=C(Nc1cccc(-c2cccc(-c3cc4ccccc4c(=O)[nH]3)c2F)c1)c1ccccc1,-9.7,3.4087497031609577,25_878
O=C(Nc1cccc(-c2ccnc3cc(-c4cc5ccccc5o4)nn23)c1)c1ccccc1Cl,-8.9,3.533613906662847,25_879
O=C(c1cccc(C(F)(F)F)c1)N(Cc1cccc(F)c1)c1ccc2cc3c(nc2c1)CCC3,-8.7,3.4083809395173565,25_880
Cn1cc(-c2cc(-c3ccncc3)nc3ccccc23)c2ccccc21,-8.6,3.386005030124536,25_881
CN(Cc1ccccc1Cl)C(=O)c1ccc(N2C(=O)c3ccccc3C2=O)cc1,-7.2,3.633566908983755,25_882
O=C(NCc1ccccc1)c1cc(-c2cccc(-c3cccc(C(F)(F)F)c3)c2)ccc1N1CCOCC1,-8.0,3.499301486694329,25_883
O=C(Nc1cccc(-c2nc3cc(-c4cccc5ccccc45)ccc3[nH]2)c1)c1cccc(C(F)(F)F)c1,-8.3,3.206260457122101,25_884
CN1CCN(c2ccc(Nc3nccc(-c4cccc(C(CCCO)c5ccccc5)c4)n3)cc2)CC1,-7.5,3.482282805017891,25_885
CC1(C=CC=CCc2ccccc2CC=O)C=C(c2ccccc2)C=Nc2c(C(F)(F)F)cccc21,-8.2,2.3198449543945037,25_886
O=C(O)c1ccccc1Nc1cccc(-c2ccc3ccccc3c2)c1,-7.7,3.506203806205915,25_887
CN(C(=O)c1ccc(-c2ccc3c(c2)OCO3)cc1)c1ccccc1C(=O)Nc1ccccc1C(=O)O,-7.7,3.559459760182228,25_888
Cc1cc(C)c(CNc2nc(-c3cccc(-c4ccccc4)c3)nc3c2ncn3C2CCCC2)c(C)c1,-9.3,3.3979785524365247,25_889
O=C(NCc1ccncc1)c1cccc(-c2cccc(-c3cccc4c(=O)cc(C(=O)O)oc34)c2)c1,-8.3,3.390239659695583,25_890
OC(c1ccc(-c2nc3cc(-c4cccc(-c5cc6ccccc6o5)c4)ccc3[nH]2)cc1)C1CCC1,-8.0,3.2932618090472174,25_891
O=C(Oc1ccccc1)C(F)(F)C(/C=C/c1ccc2c(c1)OCO2)(Cc1cccc(F)c1)c1ccccc1,-7.9,3.332790428440269,25_892
N#Cc1ccccc1COc1cccc(-c2cc(-c3ccc4c(c3)OCO4)cc(-c3ccco3)n2)c1,-9.0,3.3997521315197794,25_893
O=C(c1cccc(Cc2n[nH]c(=O)c3c2CCCC3)c1)N1CCN(c2nc3ccccc3s2)CC1,-8.4,3.5891688286385905,25_894
O=C(O)C1C2C=CC(C2)C1C(=O)Nc1cccc(-c2cccc(-c3ccc4c(c3)OCO4)c2)c1,-8.2,3.4195065722724163,25_895
O=C(/C=C/c1cccc(-c2cccc(-c3cc(F)cc(F)c3)c2)c1)OCCO,-7.2,3.594759370468456,25_896
O=c1[nH]c(O)c(Cc2cccc(-c3cccc(Nc4nccc(C(F)(F)F)n4)c3)c2)s1,-8.2,3.5467614496199222,25_897
COC=CC=C(C)c1cnc2ccc(-c3cccc(C(=O)N(C)C)c3)cn12,-7.0,3.5908356317901835,25_898
Cc1ccccc1-n1nc(C(C)(C)C)cc1NC(=O)Nc1ccc(-c2cccc(CN3CCN(C)CC3)c2)c2ccccc12,-7.6,3.290790596178388,25_899
O=C(Cn1nnc(-c2ccccc2NC(=O)c2ccccc2)n1)Nc1ccccc1OC(F)F,-7.6,3.5477732993358706,25_900
O=C(Nc1ccccc1)Nc1nnc(-c2ccc(Oc3ccccc3C(=O)N3CCOCC3)cc2)s1,-7.2,3.5351462539903076,25_901
O=C1c2ccccc2C(=O)c2c1c1ccccc1c(=O)n2Cc1cccc(-c2ccc3c(c2)c2ccccc2n3CCO)c1,-8.7,3.3429140019718204,25_902
Cc1ccc2c(c1)CN(c1ccccc1[N+](=O)[O-])C(=O)N2Cc1ccccc1,-7.2,3.591504618787358,25_903
O=C1C=CC=CC(C(F)(F)F)Cc2c(cccc2-c2cccc(-c3nc4cc(C(F)(F)F)ccc4[nH]3)c2)N1,-9.2,1.2021688455399717,25_904
O=C(Nc1ccccc1-c1ccccc1)c1ccc(-n2c(-c3ccccc3)cc3cccnc32)cc1,-7.8,3.365052106471073,25_905
O=C(N[C@@H]1CCN(Cc2cccc(Oc3ccc(Cl)cc3Cl)c2)C1)c1ccc(Nc2nc(-c3ccccc3)cs2)cc1,-6.6,3.1832378127683962,25_906
CC(C)C(NC(=O)C(=O)Nc1cccc2ccccc12)C(=O)NC(C(=O)O)c1ccccc1,-6.8,3.489021980370957,25_907
O=C(NCc1ccccc1)N1CCN(c2ccccc2)CC1,-7.1,3.642446040874386,25_908
O=C(Nc1cccc2cccnc12)c1cccc(-c2cccc(-c3ccccc3Cl)c2)c1,-9.0,3.3972721236749592,25_909
Cc1cccc(NC(=O)c2ccc(C)nc2)c1,-6.2,3.5669389473007804,25_910
O=C(Nc1cccc(-c2cccc(-c3ncccn3)c2)c1)c1ccccc1,-7.9,3.6571316609475115,25_912
CN(C)CCNC(=O)c1cccc(-c2cncc(-c3ccnc4c3ccn4C)c2)c1,-7.3,3.721386491560245,25_913
C=C(C=CC=COc1ccccc1OC)COc1ccccc1-c1cccc(N2CC[C@@]3(C(=O)O)C[C@H]3C2)n1,-7.4,3.322886672162346,25_914
O=C(Nc1ccc(Oc2ccnc3[nH]ccc23)c(F)c1)c1cc(-c2cccc(C(F)(F)F)c2)ccc1-c1ccccc1Cl,-8.4,3.0669184118208905,25_915
NC(=O)n1c(-c2cccc(NC(=O)c3ccccc3)c2)cc2ccccc21,-7.7,3.6478957500970424,25_916
O=c1[nH]c(=O)n([C@H]2C[C@H](O)[C@@H](COP(=O)(Nc3ccccc3)Oc3ccccc3)O2)cc1Br,-7.5,3.3643809113285075,25_917
Cc1ccc(C(=O)Nc2cccc(-c3cccc(-c4cccc(F)c4)n3)c2)cc1C,-8.4,3.5266109426231944,25_918
CNC(=O)C(NC(=O)c1cccc2cc(-c3cccc(CO)c3)ccc12)c1ccc(C#N)cc1,-7.5,3.5475531517627985,25_919
O=C(c1cccnc1)N1CCC2(CC1)CC(CCCOc1cccc(-c3cccc(F)c3)c1)CO2,-6.7,3.465634117020249,25_920
O=C(c1ccc(N=c2nc(NC3CC3)n3ncc(=Cc4[nH]c(=O)[nH]c4O)c3n2)cc1)N1CCOCC1,-7.9,3.006715137632799,25_921
COc1cc(OC)cc(Oc2ccc(NC(=O)c3ccnc(C(F)(F)F)c3)cc2F)c1,-6.7,3.685075598871954,25_922
O=C1Nc2ccc(F)cc2/C1=C/c1cc2ccccc2c(C=Cc2ccccc2)n1,-8.3,3.486081205110877,25_923
O=C(CCc1ccccc1)c1ccc(OC[C@@H](O)CN2CCN(c3ccc(F)cc3)CC2)cc1,-6.0,3.5841266618276837,25_924
O=C(c1cc(Cc2n[nH]c(=O)c3c2NCCC3)ccc1F)N1CCN(C(=O)c2cccc3c2OCCO3)C2(CCC2)C1,-8.8,3.247888410326119,25_925
O=C(c1cccc(-c2c3ccccc3cc3ccccc23)c1)N1CCN(c2ccccn2)CC1,-8.2,3.3223021150977017,25_926
O=C(Nc1cccc(-c2cccc(-c3nc4cc(C(F)(F)F)ccc4[nH]3)c2)c1)c1ccccc1,-7.9,3.31558797004833,25_927
O=C1c2ccc(C3CC3)cc2OCCN1c1cccc(-c2ccnc3[nH]c(-c4ccc(N5CCCNCC5)cn4)cc23)c1CO,-7.5,2.0909924586803017,25_928
NC(=O)Cn1c(-c2cccc(NC(=O)c3cc4ccccc4o3)c2)cc2ccccc21,-7.3,3.5450268569657206,25_929
Cc1ccc(-c2cc(C(=O)Nc3ccccc3C(=O)N3CCOCC3)c3ccccc3n2)cc1,-8.2,3.6662098507611685,25_930
O=C(c1ccc(NS(=O)(=O)c2cccc3cccnc23)cc1)N1CCC(O)(c2ccccc2F)CC1,-8.149999999999999,3.6018372038613613,25_931
O=C(Cn1c(=O)oc2ccc(F)cc21)Nc1cccc(-c2ccc3c(c2)OCO3)c1,-8.4,3.6990145758785538,25_932
COC=CCC(C)=NC(=O)CC(C=O)CC(=O)c1ccc2c(c1)OCO2,-5.2,3.301538715540124,25_933
O=C(Nc1cccc(C(F)(F)F)c1)Nc1ccc2nc(-c3cccc(-n4ccnn4)c3)ncc2c1,-7.5,3.47872604154295,25_934
N=C(N)c1ccc(C2=NOC(CC(=O)NCC(NC(=O)OCc3ccccc3)C(=O)O)C2)cc1,-7.0,3.1062862628767323,25_935
O=C1c2ccccc2-c2c1c(-c1cccc(F)c1)nc1ccccc21,-8.3,3.443123601991478,25_936
Cc1cc(Nc2cc(Nc3cccc(C#N)c3)ncc2-c2ccccc2Cl)ccc1-c1ccccc1,-7.9,3.225726029629004,25_937
O=C(Nc1ccccc1Nc1cccc(C(F)(F)F)c1)c1cccc2c1C(=O)c1ccccc1-2,-8.4,3.44776798194951,25_938
Cn1cc(-c2ccncc2)c2ccc(-c3cccc(-c4ncc[nH]4)c3)cc21,-7.1,3.5035986720282914,25_939
CN(C(=O)c1cccc(-c2cccc(-c3cccc(C(F)(F)F)c3)c2)c1)c1cccc(F)c1,-8.3,3.2729035113066285,25_940
CC1=CC=C(S(=O)(=O)Nc2cccc(-c3cccc(-c4nc5cc(C(F)(F)F)ccc5[nH]4)c3)c2C)C1,-7.4,3.5204239245800646,25_941
O=C(Nc1cccc(C(F)(F)F)c1)N(Cc1ccccc1)Cc1ccccc1-c1ccccc1C1c2ccccc2Oc2ccccc21,-8.6,3.0107727075744233,25_942
O=C(O)c1cccc(-c2ccc(/C=C3\S/C(=N\c4cccc(F)c4)N(c4ccc(F)cc4)C3=O)o2)c1,-8.3,3.551113334840568,25_943
Cc1cccc(-c2nc3ccccc3c(=O)n2-c2ccccc2C(=O)Nc2ccc(C)c(F)c2)c1,-8.3,3.5173371279842867,25_944
C=C(N=C(c1cccc(NC(=O)c2ccccc2NC(=O)c2cccc(N(C)C)c2)c1)c1cccc(OC)c1)c1ccccc1,-8.2,3.140210779043196,25_945
Cc1ccccc1-c1nc2ccc(NC(=O)c3cccc(C(F)(F)F)c3)cc2n1C,-8.4,3.6318623247258928,25_946
O=C(Nc1cccc(-c2cnc3c(NC(=O)c4ccccc4)cccn23)c1)c1cccc(C(F)(F)F)c1,-8.05,3.382308560798931,25_947
Cc1ccccc1-c1nc(Cc2ccccc2F)nc2ccccc12,-7.8,3.484555557802782,25_948
N#Cc1cccnc1-c1cccc(-c2cccc(C(=O)N3CCN(S(=O)(=O)c4ccccc4)CC3)c2)c1,-7.7,3.5865741666343895,25_949
O=C(Nc1cccc(-c2cccc3c(=O)cc(N4CCOCC4)oc23)c1)c1cccc(C(F)(F)F)c1,-8.65,3.637324140256531,25_950
Cc1c(-c2ccccc2CP(=O)(O)O)cccc1C(C)C=CC=CC=CC=CCC(=O)Nc1ccc(C2=NCCN2)cc1,-6.3,3.0917525603257987,25_951
O=Cc1ncc2c(n1)CC(C=C1C(c3ccccc3)=CC=C1c1cc3ccccc3oc1=O)C2,-8.7,3.3935320814965566,25_952
CN1C=CC=C(N=Cc2ccccc2Nc2ccccc2C(=O)Nc2ccc(-c3ccccc3S(N)(=O)=O)cc2)C=CC1,-8.7,1.3922650126612353,25_953
O=C(NCCC1CCN(Cc2ccccc2)CC1)c1ccccc1Nc1cccc(-c2cccc([N+](=O)[O-])c2)c1,-8.2,3.273328491009223,25_954
O=C(O)c1ccc(C(=O)/C=C/c2ccc(N(c3ccccc3)c3ccccc3)cc2)cc1,-6.9,3.454334624254824,25_955
O=C(Nc1cccc(-c2cccc(-c3nc4cc(F)ccc4[nH]3)c2)c1)c1cccc2ccccc12,-8.5,3.359791101115841,25_956
O=c1[nH]c(N2CCOC3(CCCCC3)C2)nc(N2CCCc3ccccc32)c1-c1cccc(-c2ccc3ccccc3c2)c1,-9.0,3.1286519367897485,25_957
O=C(N/N=C/c1cccc2ccccc12)c1cccc(C(=O)Nc2ccc3ccccc3c2)c1,-8.1,3.363201029668534,25_958
O=C(CSc1nnc(Br)n1-c1ccc2c(c1)oc1ccccc12)N=CC=CCC#Cc1ccccc1,-6.6,3.215425454576069,25_959
O=C(/C=C/c1ccc2ccccc2c1)c1cccc(C(F)(F)F)c1,-7.2,3.3342493676889067,25_960
O=c1cc(-c2ccccc2)c2ccc(OCc3cn(-c4ccc(F)cc4F)nn3)cc2o1,-8.7,3.5023048756759705,25_961
O=C(Nc1cccc(-c2ccccc2F)c1)c1cccc(-c2cccc(-c3nc4cc(F)ccc4[nH]3)c2)c1,-9.4,3.2933415530638275,25_962
Cc1ccc(O)cc1Nc1cc(-c2cccc(C(=O)O)c2)nc2ccc(F)cc12,-9.2,3.585703623535737,25_963
Oc1[nH]c2cc(Cl)ccc2c1CCCCN1CCN(c2cncc(Cl)n2)CC1,-7.1,3.6897204421444085,25_964
CCOC(=O)c1c(NC(=O)c2cccc(C(F)(F)F)c2)sc2c1CCC(C(C)(C)C)C2,-6.7,3.6290213546443204,25_965
O=C(CN1CCN(c2cccc(C(F)(F)F)c2)CC1)Nc1nc2cc(-c3ccccc3)ccc2s1,-6.8,3.623210232402218,25_966
O=C(c1cc2ccccc2[nH]1)c1cc2cc(-c3ccc4ccccc4c3)ccc2[nH]1,-8.8,3.2104304726772894,25_967
O=C(Nc1nc2ccccc2n1CCN1CCCC1)c1cccc(-c2ccc3ccccc3c2)c1,-8.3,3.480183639027117,25_968
O=c1c2ccccc2nc(-c2ccccc2Nc2ccccc2)n1-c1ccccn1,-8.0,3.5941666801186987,25_969
COCC=NC=C(C#N)c1cc(Nc2ccc3c(c2)OCO3)nc(-c2ccccc2F)c1,-7.1,3.6017394692020535,25_970
C1=COC(Nc2cc(-c3ccccc3)nc(Sc3cccc4ccccc34)n2)C=C1,-8.6,3.5412494034526754,25_971
O=C(N=CC1=CC(=Nc2nc3ccccc3nc2Nc2cccc3ccccc23)CC1)Nc1ccccc1F,-9.4,3.3130230483773175,25_972
O=[N+]([O-])c1cc(C(F)(F)F)ccc1N1CCN(c2cccc(C(F)(F)F)c2)CC1,-7.4,3.465533935513977,25_973
O=C(O)c1cccc(-c2ccc(/C=C3\S/C(=N\c4ccccc4)N(c4ccc(F)cc4)C3=O)o2)c1,-8.2,3.556284439536709,25_974
O=C(CCCCCCCn1cc(N=CN=Cc2cccnc2Cc2cccc(Cl)c2)cn1)NCc1ccccc1Cl,-5.5,3.1100569850711985,25_975
O=C1NC(c2ccc(Cl)cc2)(c2ccc(Cl)cc2)C(=O)N1c1ccccc1,-7.2,3.6169997596276984,25_976
O=C(c1ccc(-c2ccccc2OC(F)(F)F)o1)N1CCN(c2cccc(C(F)(F)F)c2)CC1,-7.5,3.5952432326621953,25_977
COc1ccc(C(=O)Nc2cc(-c3nc4ccccc4[nH]3)ccc2OC)cc1,-6.8,3.669368390840623,25_978
O=Cc1cc2cc(Nc3nccc(-c4ccnc(NC(=O)c5cccc(F)c5F)c4)n3)ccc2[nH]1,-7.9,3.3707527379651205,25_979
O=C(Nc1cccc(S(=O)(=O)N=C2CCCN2)c1)c1cc(-c2ccc3c(c2)OCO3)nc2ccccc12,-8.55,3.4792924206391715,25_980
O=C(O)c1ccccc1-c1ccc(CN2C(=O)c3ccccc3NC2c2ccc(F)cc2)cc1,-8.6,3.556269416845611,25_981
O=C(Nc1cccc(-c2cccc(-c3nc4cc(F)ccc4[nH]3)c2)c1)Nc1cccc(C(F)(F)F)c1,-9.7,3.169812286139635,25_982
CC([CH]c1ccc(C(F)(F)F)cc1)C(=O)O[C@@H]1[CH]C2C[CH]C[C@H](O)C[C@@]2(C)[C@]2(C)CC[C@H]3C(C)(C)[C@@H](O[C@@H]4O[C@H](CO)[C@@H](O)[C@H](O)[C@H]4O)CC[C@]3(C)[C@H]12,-8.3,1.5001278823765052,25_983
COc1cccc(C=C(C(=O)NCCCN)c2ccccc2Nc2ccccc2)c1,-6.4,3.4087842368837027,25_984
O=C(c1ccc2cc(Oc3ccc(C(F)(F)F)cn3)ccc2n1)N1Cc2ccccc2C1,-8.1,3.627478081660004,25_985
O=C1N=C(CCC2=CC(=NC(=O)c3ccccc3-c3ccc(C(F)(F)F)cc3)C=C2)C(=O)N1,-7.0,3.6410794636922685,25_986
O=C(NCCNc1c2c(nc3cc(Cl)ccc13)CCCC2)c1ccc(-c2ccc3cccc(O)c3c2)cc1,-7.1,3.253273976196981,25_987
NCCc1nc2ccccc2[nH]1,-4.8,3.4209555870946664,25_988
COc1ccc(N2CCN(C(=O)c3cccc4c3-c3ccccc3C4=O)CC2)cc1,-8.1,3.611105450431053,25_989
O=C(Nc1ccc(Oc2ccnc3[nH]ccc23)c(F)c1)c1cc2cccnc2n(-c2cccc(Cl)c2F)c1=O,-7.9,3.407273888684947,25_990
O=C(c1cccc(-c2cccc(-c3nc4cc(C(F)(F)F)ccc4[nH]3)c2)c1)N1CCN(c2ccccc2O)CC1,-7.8,3.41006202167153,25_991
O=C(Nc1ccccc1C(=O)N1CCCC1)c1cccc(-c2cccc(-c3cccc(-c4ncccc4CO)c3)c2)c1,-8.5,3.2983767095395438,25_992
O=C(O)[CH]C1Nc2ccccc2-c2c1c1ccccc1c1ccccc21,-7.9,3.4216091487532885,25_993
COc1ccc(C(=O)N[C@@H](CC(=O)O)c2ccccc2C)nc1-c1cccc(C(F)(F)F)c1,-6.4,3.6996173161042245,25_994
CCCCCCNC(c1cccc(Oc2ccccc2)c1)C1C(=O)C(=O)c2ccccc2C1=O,-7.3,3.4017893039193208,25_995
O=C(c1ccc2cc(Oc3ccc(C(F)(F)F)nc3)ccc2n1)N1CCN(c2ccccn2)CC1,-7.4,3.626746772684566,25_996
COC1=Cc2ccncc2C(=Cc2ccccc2)C1=O,-7.2,3.5325639043697104,25_997
N[C@@H](CC(=O)N1CCn2c(nnc2C(F)(F)F)C1)Cc1cccc(F)c1F,-7.2,3.64821959869417,25_998
O=C(Nc1ccc(F)cc1)c1ccc(NC(=O)N2Cc3ccccc3C2)cc1,-7.6,3.637595718369095,25_999
CN(C(=O)c1ccc2c(c1)OCO2)c1cccc(-c2cccc(-c3nc4cc(F)ccc4[nH]3)c2)c1,-8.3,3.5298039561516834,25_1000
NC[C@H]1CN(c2nc3c(cc2F)c(=O)c(C(=O)O)cn3C2CC2)C[C@@H]1C1=CC(C=CF)=C1,-6.9,3.4941120870528275,25_1001
NC(=O)c1c(NC(=O)c2ccccc2F)sc2c1CCN(c1ccc3ccccc3n1)C2,-7.5,3.677334145839245,25_1002
O=Cc1[nH]c(-c2cccc(-c3cccc(F)c3F)c2)nc1N1CCOCC1,-7.5,3.7307128248095873,25_1003
O=C(CCc1cccc2c1C=C1C(=c3ccccc3=C1c1ccccc1)C2)ONCCNc1cccc2ccccc12,-6.9,3.0603351613535623,25_1004
Cc1ccc(Cn2nc(-c3ccccc3)nc2-c2ccccc2O)cc1,-7.8,3.6630901386677337,25_1005
O=CC(Cc1ccc(NC(=O)c2cc3ccccc3[nH]2)cc1)NC(=O)Oc1c(Cl)cccc1Cl,-6.6,3.4443902858477573,25_1006
O=C(CNc1ncnc2ccc(C(F)(F)F)cc12)NC1CN(C2CCC(c3cc4ccccc4[nH]3)CC2)C1,-8.0,3.4055962183492308,25_1007
O=C(Nc1ccccc1C(F)(F)F)c1cc(-c2ccccc2N2C(=O)c3ccccc3C2=O)on1,-8.3,3.584790022485329,25_1008
O=C(Cc1cccc2ccccc12)Nc1ccc2c(c1)C(=O)NC2=O,-7.550000000000001,3.6592169325563644,25_1009
O=C(Nc1cccc(-c2cccc(-c3ccccc3O)c2)c1)c1cccc(C(F)(F)F)c1,-8.5,3.4122260811255574,25_1010
O=C(c1ccccc1)c1ccccc1-n1cnc2ccccc2c1=O,-7.2,3.605070372605123,25_1011
O=C(/C=C/c1ccc2c(c1)C(=O)c1ccccc1S2(=O)=O)NCCC(c1ccccc1)c1ccccc1,-6.7,3.511399238679758,25_1012
O=c1n(-c2cccc(-c3ccccc3F)c2)c2ccccc2n1-c1ccnc(Nc2ccccc2Oc2ccccc2)c1,-8.9,3.2872336978603256,25_1013
O=C(Nc1cc(Cl)cc(Cl)c1)c1ccc(F)c(S(=O)(=O)Nc2ccccc2Cl)c1,-7.0,3.643795505707098,25_1014
Cc1ccc(C(=O)Nc2ccccc2NC(=O)c2cc3ccccc3o2)cc1,-8.7,3.617938446346611,25_1015
O=C1Cc2c(-c3ccccc3)cc(-c3cccc(-c4cccc(C(=O)O)c4)c3)nc2-c2ccccc2N1,-9.1,2.3137986080441006,25_1016
COc1ccc(C(=O)Nc2ccc(-c3cccc(-c4cccc(F)c4)c3)nc2)cc1OC,-7.5,3.645024793620405,25_1017
CC1=COC=C2c3oc(=O)ccc3C=C1C2c1cccc(-c2ccc3c(c2)COC3=O)c1,-8.2,2.4110475130635116,25_1018
Fc1ccccc1-c1nc(Nc2ccccc2)c2ccccc2n1,-7.8,3.639037434781865,25_1019
Cn1c(-c2cccc(-c3cccc(NC(=O)c4ccc(F)cc4)c3)c2)nc2ccccc21,-8.5,3.3956733809905395,25_1020
C#CCNC(=O)c1cn(-c2ccc3c(c2)CCC3)c2nc(Nc3cccc(C(F)(F)F)c3)cnc2c1=O,-7.5,3.544217962457642,25_1021
O=C(Nc1cccc(-c2cnc3ccc(F)cn23)c1)c1cccnc1C(F)(F)F,-7.3,3.6517398975729582,25_1022
COC=CC1=CC(=CC=c2cnc3cc(=C(O)N4CCCC4)ccc3nc2=O)C1,-7.9,2.654253872897354,25_1023
N#Cc1c(-c2cccc(NC(=O)c3ccccc3)c2)oc2ccccc2c1=O,-7.4,3.6919734178176333,25_1024
O=C(O)c1ccccc1NC(=O)c1ccccc1NC(=O)c1cccc2ccccc12,-8.2,3.5549760551958824,25_1025
CNS(=O)(=O)c1cccc(-c2ccc(Nc3cccc(C(F)(F)F)c3)cc2I)n1,-7.2,3.6038822055215958,25_1026
N#Cc1cccnc1-c1cccc(-c2cccc(C3=S(N)C(=CCC(=O)c4nc5ccccc5o4)C=C3)c2)c1,-7.9,3.208697377763924,25_1027
CNC(=O)n1ccc2cc(Oc3ccnc(NC(=O)c4ccc(N5C[C@@H](C)N[C@@H](C)C5)cc4)c3)c(OCCCF)cc21,-7.0,3.251444723472506,25_1028
O=C(c1cc(Cc2n[nH]c(=O)c3c2NCCC3)ccc1F)N1CCN(c2ccccc2)CC1,-8.2,3.662473500287621,25_1029
Cc1ccc(S(=O)(=O)c2cc(NC(=O)c3cccc(F)c3)ccc2N2CCN(C)CC2)cc1,-7.4,3.772873879427026,25_1030
O=C1CCc2cc(S(=O)(=O)NC(Cc3ccccc3C(F)(F)F)C(=O)Nc3ccccc3F)ccc2N1,-8.9,3.4919275156169975,25_1031
NC1C(c2nnc(-c3ccccc3Cl)o2)=CC=CC1SC=Nc1ccccc1C=O,-7.4,3.508842774144494,25_1032
O=C(Nc1ccon1)c1cc(-c2ccccc2)nc2ccccc12,-8.0,3.7236456597800025,25_1033
O=C(Nc1ccccc1)Nc1ccccc1C(=O)Nc1cccc(-c2cc3ccccc3o2)c1,-8.0,3.369040558169581,25_1034
O=C(OC=Cc1ccc2c(-c3ccc(-c4cccc(CO)c4)cc3)cccc2c1)c1ccccc1,-7.7,3.167828792039685,25_1035
O=CC=C(Oc1cccc(OCCOc2ccc3ccc(=O)oc3c2)c1)c1ccccc1,-6.4,3.1397723570941674,25_1036
Cn1c(-c2cccc(-c3cccc(N=Nc4c(O)[nH]c(=S)[nH]c4=O)c3)c2)nc2ccccc21,-8.3,3.2914456725827055,25_1037
O=C(NCc1cccnc1)c1cc(C2CCCN(C(=O)c3ccccc3CO)C2)on1,-6.8,3.6839929387804,25_1038
Fc1ccc2c(c1)CCC(c1cccc(-c3cncnc3)n1)N2,-7.4,3.7343829372968194,25_1039
O=C(Nc1ccc(C2=CCN(C(=O)C3CCOC3)CC2)cc1)N1Cc2ccccc2C1,-8.0,3.530898404789508,25_1040
O=C(NNc1cc(C(F)(F)F)nc2c(C(F)(F)F)cccc12)c1ccccc1,-7.4,3.5602595458556276,25_1041
COc1cccc(NC(=O)C2c3ccccc3C(=O)N(C3CCCC3)C2c2cccs2)c1,-7.1,3.6371941515121042,25_1042
Cc1c(-c2cccc(-c3nc4ccccc4n3C)c2)cccc1C1C=CC=Cc2ncccc2N1,-9.9,1.5233868075442327,25_1043
O=C(CSc1nc2ccccc2c(=O)n1-c1ccccc1)Nc1ccc2c(c1)OCCO2,-7.7,3.580788588694949,25_1044
COc1ccc(-c2cc(=O)c3cc(C(=O)Nc4cc(C)c5ccccc5n4)ccc3[nH]2)cc1,-7.9,3.528553384913697,25_1045
O=C(Nc1ccccc1C(F)(F)F)c1ccc(-c2cc3ccccc3oc2=O)cc1,-7.7,3.591586938602614,25_1046
O=C(Nc1cccc(-c2ccccc2F)c1)c1cccc(-c2cccc(C(=O)N3CCOCC3)c2)c1,-9.5,3.5714240444231855,25_1047
O=C(Nc1cccc(NC(=O)c2ccc3ccccc3c2)c1)c1cccc(Cl)c1,-7.3,3.567791833909123,25_1048
Cc1c(C(=O)N2C=CC(C(N)=O)=CC=CCNC(=O)C2)cccc1-c1cccc(Nc2nccc(-c3ccccc3)n2)c1,-7.7,0.9991527651363556,25_1049
O=C(NCc1cccc(F)c1)c1cc(-c2ccccc2Cl)nc2ccccc12,-8.0,3.5824146591980046,25_1051
CN1C2CC[C@@H]1CN(c1ccc3c(c1)OCO3)C2=O,-5.7,3.2978451704764757,25_1052
O=C1C=C(COc2cc(-c3ccccc3Cl)ccc2CO)C(=O)N1,-7.1,3.7057291518614615,25_1053
O=c1[nH]c2ccc(-c3cccc(NS(=O)(=O)c4cccc(F)c4)c3)cc2c2ccccc12,-9.5,3.4852595133874833,25_1054
O=S(=O)(Nc1nnc(-c2ccccc2-c2ccc(-c3ccc4cc[nH]c4c3)cc2)o1)c1cccc2ccccc12,-9.8,3.3610064389538774,25_1055
O=C(Nc1cccc2ccccc12)c1ccccc1SSc1cc(Cl)ccc1N1C(=O)c2ccccc2C1=O,-7.6,3.2608077651383134,25_1056
O=C(Nc1cccc(-n2cc(-c3ccncc3)c(-c3ccc(Cl)c(Cl)c3)n2)c1)c1ccc(F)cc1,-8.0,3.483630686727927,25_1057
Cc1ccc(S(=O)(=O)N2CCN(C(=O)CNC(=O)OCc3ccccc3)CC2)cc1,-7.0,3.7289171707888857,25_1058
O=C(Nc1nc(-c2ccc3c(c2)OCCO3)cs1)c1cccn(Cc2cccc(F)c2)c1=O,-7.4,3.6572464054738054,25_1059
O=C1c2ccccc2C(=O)N1CCNc1cccc2ccccc12,-7.1,3.671652096450698,25_1060
O=C(O)c1ccc2c(c1)cc(-c1ccccc1F)n2-c1cccc(C(=O)N2CCN(c3cccc(Cl)c3)CC2)c1,-7.6,3.422285547214555,25_1061
O=C1C(=Cc2ccc([N+](=O)[O-])cc2)c2c(Nc3cccc(-c4cccc(F)c4F)c3)ncnc2N1c1ccccc1,-9.2,3.2136365970721754,25_1062
O=C(Nc1cc(S(=O)(=O)N2CCOCC2)ccc1N1CCOCC1)c1cccc(-c2cccc(-c3ccccc3-c3ccc(F)cc3)c2)c1,-8.6,3.165558509115437,25_1063
COC(=O)c1ccc2c(c1)N=C(c1cccnc1)N=C(c1ccc3ccccc3c1)N2,-8.7,2.6315737998692086,25_1064
O=C(Cc1nc2ccccc2[nH]c1=O)c1cccc(-c2cccc([N+](=O)[O-])c2)c1,-8.0,3.5336305737152705,25_1065
O=C1Nc2ccccc2C12CCN(c1nnc(-c3ccccc3)s1)CC2,-8.0,3.665444204849578,25_1066
Cc1csc(-c2cccc(-c3cc(F)c([C@]4(C)CS(=O)(=O)N(C)C(N)=N4)s3)c2)n1,-7.5,3.6978569155911165,25_1067
CC=CC1=NCCO[C@H](c2cccc(-c3cccc4ccccc34)c2)C(C)C=N1,-7.5,1.3273132211755159,25_1068
O=c1cc(-c2ccc3c(c2)OCO3)[nH]c2c(-c3ccccc3)cnn12,-8.5,3.712143685839445,25_1069
O=c1oc2ccccc2c2nc(-c3cccc(O)c3)nc(-c3ccccc3)c12,-8.6,3.4706683896092967,25_1070
CNC(=O)c1cccc(-c2ccc(/C=C3/C(=O)N(c4cccc(C(=O)O)c4)N=C3C)cc2)c1,-7.6,3.636209096970843,25_1071
Cc1ccc2c(-c3cccc([N+](=O)[O-])c3)noc2c1,-6.1,3.541351823828272,25_1072
O=C(NC1CC=CC(c2ccc3ccccc3c2)=CN=CC1)c1ccccn1,-7.1,1.506367658200594,25_1073
O=c1c2ccccc2nc(-c2cccc(-c3cccc(F)c3)c2)n1-c1cccc(Oc2ccccc2)c1,-8.3,3.359735596720996,25_1074
O=C(Nc1cc(-c2cccc(Nc3cccc4ccccc34)c2)ccn1)c1ccccc1,-8.4,3.4436499228726243,25_1075
O=C(Nc1ccccc1)c1cccc(-c2cccc(-c3ccccc3)c2)c1,-8.3,3.3743985427709573,25_1076
O=S(=O)(c1ccc2c(c1)OCCO2)N1CCN(c2nc(-c3ccccc3)nc3ccccc23)CC1,-8.4,3.5116061859187235,25_1077
O=C(c1cccc(C#Cc2ccccc2)c1)N1CCN(c2cccc(Cl)c2)CC1,-7.6,3.4701487247202367,25_1078
c1ccc2[nH]c(-c3cncnc3-c3cccc4ccccc34)cc2c1,-6.85,3.4509217055909067,25_1079
O=C(Nc1ccc(-n2ccc3c(NC(=O)c4ccccc4)nccc32)cc1)c1cccc(C(F)(F)F)c1,-8.2,3.382308560798931,25_1080
O=C(Nc1cc(CO)cc(Nc2c3ccccc3nc3ccccc23)c1)Oc1cccc2ccccc12,-8.7,3.1947205408082135,25_1081
Cc1c(NC(=O)c2cc(-c3ccccc3)nc3c2cnn3C(C)C)c(=O)n(-c2ccccc2)n1C,-7.7,3.5401510420273663,25_1082
NCCc1c(-c2ccccc2)ncn1Cc1ccccc1Cl,-6.6,3.7299521107801485,25_1083
O=C(O)c1cccc(-c2cccc(-c3cccc4c(=O)cc(N5CCOCC5)oc34)c2)c1,-8.2,3.6852003858765032,25_1084
O=C(O)c1ccc2c(c1)nc(-c1ccc(OC(c3ccccc3)C3(O)CCC3)cc1)n2-c1ccccc1,-7.3,3.4073095163768716,25_1085
O=C(Nc1ccccc1-c1ccccc1)c1nc2ccccc2nc1-c1ccccc1Cl,-8.7,3.5082183602422963,25_1086
O=C(c1ccccc1)c1ccccc1Nc1ccc2c(c1)c1ccccc1n2Cc1cccc(F)c1,-8.7,3.1511954637878357,25_1087
O=C(Cc1cccc(C(=O)NC2CC2)c1)N=CCC=C(F)c1nc(N2CC3CCC(C2)O3)ncc1-c1cc2ccccc2n1CC(F)F,-6.0,3.067829377385851,25_1088
O=C1C=C(N2CCN(c3ccccc3)CC2)C(=O)c2ccccc21,-7.0,3.5816998344119666,25_1089
O=C1Nc2ccccc2/C1=C\c1ccc(-c2cccc(-c3ncccc3CO)c2)o1,-8.4,3.586007824356646,25_1090
Fc1ccc(-c2nn(-c3ccccc3)cc2-c2nc3ccccc3[nH]2)cc1,-8.4,3.5444057602306724,25_1091
O=C1CCc2cc(Cn3c(=O)n(CCc4ccccc4)c(=O)c4[nH]c5ccccc5c43)c(O)cc2N1,-9.6,3.4252215918315154,25_1092
O=C(NCCCn1ccnc1)c1ccc(-c2cccc(-c3ccc4c(c3)CCO4)c2)cc1,-6.9,3.5835046542288724,25_1093
CCN(CC)c1ccc(-c2cc(-c3cccc(-n4ccnc4)c3)nc3ccccc23)cc1F,-8.1,3.402413377773313,25_1094
NC1=NC(c2cccc(F)c2)N(c2ccc3ccccc3c2)c2nc(-c3ccco3)nn21,-9.6,3.5591730709923715,25_1095
COC(=O)[C@]12CCC(C)(C)C=C1[C@H]1CC[C@@H]3[C@@]4(C)CC[C@H](OC(C)=O)C(C)(C)[C@@H]4CC[C@@]3(C)[C@]1(C)CC2,-6.4,2.788176631117212,25_1096
O=C(c1cc(-c2ccccc2)[nH]n1)N1CC[C](c2ccccc2CCc2ccc(Cl)c(Cl)c2)CC1N1CCC(c2ccccc2)CC1,-8.9,3.0373544800839536,25_1097
O=C(NCCc1ccccc1)Nc1nc2ccccc2n(C2CCN(C3CCCCCCC3)CC2)c1=O,-8.1,1.6867518084196726,25_1098
O=C(Nc1ccc2oc(-c3ccccc3)nc2c1)c1ccccc1Nc1cccc(Oc2ccc3cc[nH]c3c2)c1,-9.4,3.1933157858978687,25_1099
c1ccc(-n2ncc3c(N4CCN(c5nc6ccccc6c6ccccc56)CC4)ncnc32)cc1,-8.3,3.4239290557908584,25_1100
O=C(Cc1ccc(NC(=O)C2CCN(C(=O)c3ccccc3)CC2)cc1)Nc1cccc(C(=O)N2CCCCC2)c1,-7.5,3.480488760239239,25_1101
O=C(c1cccc(F)c1F)N1CCN(c2cccc(C(F)(F)F)c2)CC1,-7.2,3.5314323677222945,25_1102
Cn1c(NC(=O)c2cccc(C(=O)NC3COc4ccccc4C3=O)c2)nc2ccccc21,-8.7,3.648547889273398,25_1103
C[C@H]1CC[C@H](n2c3cnccc3c3cnc(Nc4ccc(N5CCCOCC5)cn4)nc32)CC1,-7.2,2.540596195086468,25_1104
O=C(Nc1cccc2[nH]ncc12)N[C@H]1CC[C@H](c2ccc(-c3ccc4c(c3)OCO4)cc2)CC1,-8.0,3.4544700864837727,25_1105
O=C(c1ccccc1)c1cccc(-c2cccc(-c3cccc(C(=O)N4CCOCC4)c3)c2)c1,-9.4,3.442056250381676,25_1106
Nc1nc(-c2cccc(NC(=O)c3cc4cc(F)ccc4[nH]3)c2)c[nH]1,-7.9,3.514179941906167,25_1107
O=C(c1cc2ccccc2[nH]1)N1CCN(c2ccccn2)CC1,-7.3,3.7104853430504505,25_1108
O=C(Nc1cccc(-c2cccc(C(=O)Nc3cccc4ccccc34)c2)c1)c1ccc(C(F)(F)F)cc1,-7.6,3.2059426076276774,25_1109
COc1ccccc1N=C(c1ccccc1)c1c(O)[nH]c(=O)[nH]c1=O,-6.7,3.597397368103361,25_1110
COc1ccc2c(c1)Cc1cc(-c3ccccc3)ccc1O2,-7.0,3.4452019481802996,25_1111
Oc1ccc(O)n1-c1ccc(-c2nc3ccccc3o2)cc1,-6.8,3.6589479748492875,25_1112
O=C(c1ccc(-c2cncc3ccccc23)cc1)N1CCN(C(=O)c2ccccc2C=Cc2ccccc2)CC1,-8.2,3.2696311196002705,25_1113
O=C(CC(=O)c1cccc(-c2cc3cc(-c4ccccc4CO)ccc3o2)c1)Nc1cccc(C(=O)N2CCOCC2)c1,-7.3,3.197279084015643,25_1114
O=C(c1ccc2cc(Oc3ccc(C(F)(F)F)cn3)ccc2n1)N1CCN[C@H](c2cccnc2)C1,-8.2,3.6687873712140604,25_1115
O=C(Nc1ccc2c(c1)OCO2)c1cnc(-c2cccnc2)nc1-c1cccc(Br)c1,-8.0,3.651346323829026,25_1116
NC(=O)Nc1cc(-c2ccc(C(=O)Nc3ccccc3)cc2)cc(-c2cccc(Oc3ccccc3)c2)c1,-7.7,3.2798478156407724,25_1117
O=c1c2cnc3ccccc3c2ncn1Cc1cccc(-c2ccc3c(ccn3Cc3ccccc3)c2)c1,-8.1,3.3250556935297553,25_1118
O=[N+]([O-])c1ccc(CNc2ncnc3ccc(-c4ccc5c(c4)OCO5)cc23)o1,-8.6,3.517779448138014,25_1119
O=C(Nc1cccc(Oc2ccc3c(C=Cc4ccccc4)[nH]nc3c2)c1)c1ccccc1,-7.6,3.4424306757792555,25_1120
Cc1cccc(C2=NN(c3nc(-c4ccc5c(c4)OCO5)cs3)C(c3ccc(F)cc3)C2)c1,-9.0,3.462559800363521,25_1121
O=C(Nc1ccc(-c2cccc(-c3cccc(CO)c3)c2)cc1)Nc1ccc(C(F)(F)F)cc1,-7.5,3.42113088965774,25_1122
Cc1cccc2cccc(Nc3ncc4c(n3)NCc3ccccc3SC3=C(C=CCC=C3)CC=N4)c12,-8.6,1.3458206361795355,25_1123
N#Cc1cccnc1-c1cccc(-c2cccc(-c3cccc(C(=O)N4CCCC4)c3)c2)c1,-9.1,3.5385526410564427,25_1124
O=C(c1ccccc1)N1CCN(C(=O)c2ccc(NS(=O)(=O)c3ccccc3C(F)(F)F)cc2)CC1,-7.2,3.7192572148748457,25_1125
O=C(c1cccc(-c2ccccc2C(F)(F)F)c1)N1CCN(c2ccccc2CNCCc2cccs2)CC1,-7.6,3.4089217243162713,25_1126
O=C(c1cccc(-c2cccc(Nc3nc(=O)c4ccccc4[nH]3)c2)c1)N1CCCC1,-9.3,3.658435290663883,25_1127
O=c1ccn(-c2cccc(-c3cccc(-c4cccc(-c5ncccc5CO)c4)c3)c2)c(C(F)(F)F)c1,-9.2,3.478227893584586,25_1128
Cc1ccc(-c2csc(N(C(=O)c3ccco3)c3ccc(C)c(C)c3)n2)cc1,-7.1,3.581277084855442,25_1129
Cc1ccc(CNC(=O)Nc2ccc3c(c2)N(Cc2ccccc2)C(=O)c2ccccc2S3)cc1,-8.3,2.5529253943612424,25_1130
Cc1ccc(NC(=O)COC(=O)CCCNC(=O)c2ccc(F)cc2)cc1Cl,-6.1,3.611638840742284,25_1131
CSc1nc2ccc(-n3c(=O)c4ccccc4c4ccccc4c3=O)cc2s1,-7.8,2.489976949654304,25_1132
O=C(Nc1ccc2c(c1)OCO2)c1ccn(-c2ccc3c(c2)OCO3)n1,-7.0,3.64566856934253,25_1133
O[C@@H]1[C@@H](Oc2cc(-c3cccc(-c4cc5ccccc5o4)c3)ncn2)[CH]OC2[CH]OO[C@@H]21,-8.1,3.5079383322439566,25_1134
Cc1c(NC(=O)c2cc3ccccc3[nH]2)cccc1-c1nc2ccccc2[nH]1,-8.0,3.388826264272938,25_1135
Cc1cccc(NC(=O)Cn2nc3ccc(-c4cccc(C(=O)N(C)C)c4)cn3c2=O)c1,-7.9,3.7172666832015953,25_1136
Cn1c2ccccc2c2nnc(SCC(=O)Nc3cccc(C(F)(F)F)c3)nc21,-7.4,3.6228691730905314,25_1137
Cc1ccc(C(=O)Nc2cc(-c3cccc(NC(=O)c4ccccc4C=O)c3)ccn2)cc1,-7.7,3.4819584952997777,25_1138
COc1cc(CC2CCCC(=NC(=O)c3ccccc3O)C2=O)cc(OC)c1OC,-7.0,3.7469630388112853,25_1139
O=C(c1cccc(-c2ccccc2CCc2cccc(F)c2)c1)N1CCC(O)(c2cccc(Oc3ccccc3)c2)CC1,-7.6,3.1834966095471913,25_1140
Nc1ccc(S(=O)(=O)Nc2nc3ccccc3nc2NC2CC2)cc1,-7.7,3.5859806905958242,25_1141
CC1=CC=C(S(=O)(=O)c2ccccc2-c2ccc(-c3cnc(N)cn3)c(F)c2C)C1,-7.0,3.764788796315581,25_1142
N#Cc1ccc(-c2ccccc2)cc1-c1ccc(NC(=O)c2ccccc2C(=O)Nc2ccccc2)cc1,-7.6,3.354805808226976,25_1143
CC(c1cccc(-c2cccc3ccccc23)n1)c1ncnn1CN,-6.9,3.741131919275439,25_1144
O=C(C=Nc1[nH][nH]c1-c1ccccc1N=CCc1c2ccccc2nc2ccccc12)Nc1ccccc1-c1ccccc1,-8.5,2.943379811543121,25_1145
O=c1c2ccccc2nc2c3ccc(Cl)cc3c3c(Cl)cccc3n12,-8.3,3.2757185735729575,25_1146
Cc1ccccc1-c1cccc(Nc2cccc(NC(=O)c3ccc(N(C)C)cc3)c2)c1,-7.2,3.511061216717131,25_1147
O=C(Nc1ccc(NCc2cccc3ccccc23)cc1)c1ccc(Br)cc1,-7.3,3.485053006780479,25_1148
O=C(C1Cc2ccccc2CN1S(=O)(=O)c1ccc(F)cc1)N1CCCCCC1,-8.1,2.664587157764212,25_1149
O=S(=O)(Nc1ccc(Nc2c3ccccc3nc3ccc(-c4ccccc4Br)cc23)cc1)c1ccc(F)cc1,-8.9,3.272125190866671,25_1150
O=C(c1ccccc1NCc1cc2ccccc2[nH]1)c1c[nH]c2ccccc12,-8.2,3.3198681541449444,25_1151
O=c1cc(N2CCOCC2)oc2c(-c3cccc(-c4ccccc4)c3)cccc12,-7.6,3.584005635659782,25_1152
Nc1nc(-c2cccc(-c3cccc(C(=O)O)c3)c2)cc(-c2ccco2)n1,-8.6,3.6683026194592614,25_1153
O=c1[nH]/c(=C\c2ccccc2[N+](=O)[O-])c(=O)[nH]/c1=C\c1ccccc1OCc1ccc(F)cc1,-8.2,3.503793726934496,25_1154
O=C(Nc1ccc(Nc2nccc(-c3ccccc3)n2)cc1)c1ccccc1Cl,-6.9,3.6586126076170626,25_1155
Cc1nc(-c2ccccc2)cc(-c2cccc(NC(=O)c3cccc(Cl)c3)c2)n1,-9.0,3.632819704152845,25_1156
O=C(Nc1cccc(-c2cccc(-c3cc4ccccc4n3-c3ccccc3)c2)c1)c1cc2ccccc2o1,-8.3,3.241761865206766,25_1157
Oc1c(-c2ccccc2)cccc1-c1cccc(-c2cccc(-c3ccccc3OC(F)(F)F)c2)c1,-9.5,3.150822763366782,25_1158
O=C(c1ccc2c(c1)OCCO2)N1CCN(c2nccc(-c3cccc4ccccc34)n2)CC1,-8.2,3.544107157287365,25_1159
O=C(c1cccc(Cc2n[nH]c(=O)c3c2CCCC3)c1)N1CCC(Cc2ccccc2)CC1,-7.5,3.598630380455755,25_1160
O=C(c1nc2ccccc2o1)N1CCN(c2cccc([N+](=O)[O-])c2)CC1,-7.3,3.605735277316187,25_1161
Cc1ccc(-c2cccc(-c3cccc(-c4ccc5c(c4)OCCO5)c3C)c2)o1,-7.7,3.438989635176214,25_1162
Nc1nccc2ccc(-c3cc(NC(=O)c4cccc(C(F)(F)F)c4)ccc3F)cc12,-7.9,3.5363698891406354,25_1163
O=C(O)c1ccc(-c2cccc(-c3ccc4c(c3)OCCO4)c2Cl)cc1O,-6.9,3.7083408198650964,25_1164
O=C1c2ccccc2C(=O)c2c1ccc1c2C2(Oc3ccccc3-1)C(=O)Nc1ccccc12,-8.9,3.2391768875913227,25_1165
O=C(Nc1cccc(-c2cccc(-c3nc4cc(F)ccc4[nH]3)c2)c1)c1ccccc1,-8.5,3.4293586076098226,25_1166
Fc1ccc(-c2csc(-c3ccc4c(c3)OCO4)n2)cc1Cl,-6.8,3.6433174620557205,25_1167
O=C(Nc1cccc(-c2cccc(-c3nc4cc(C(F)(F)F)ccc4[nH]3)c2)c1)c1ccccc1-c1ccccc1,-8.9,3.1412476074542717,25_1168
O=C(Cc1ccc2c(c1)OCCO2)Nc1cc(S(=O)(=O)N2CCOCC2)ccc1N1CCCC(CO)C1,-7.5,3.3162979170186504,25_1169
O=C(O)c1ccccc1-c1cccc(-c2ccccc2C(=O)NCCCN2CCOCC2)c1,-7.3,3.619819199199328,25_1170
COC=CC=C(C)COc1nc(Nc2ccc3c(c2)OCO3)nc2ccccc12,-7.8,3.617949697680337,25_1171
O=C(NCc1cccc(F)c1)c1cncc(-c2cccc(-c3ccccc3C(F)(F)F)c2)c1,-8.5,3.4917579722294168,25_1172
O=C(c1ccco1)N1CCCCN2[C@@H](CO)[C@H](c3ccc(-c4ccccc4F)cc3)[C@@H]2C1,-7.2,1.8241757517776538,25_1173
CC=CC=CC(=O)N=C1CC(c2ccc3nc(NC4CC4)sc3c2C)C=N1,-6.4,3.592878250767863,25_1174
Cc1ccc(C(=O)Nc2cccc(-c3cccc(-c4cccc(-c5ccccc5)c4)c3)c2)cc1,-8.9,3.0327136042604796,25_1175
Fc1ccccc1C1C=Nc2c(-c3ccccc3)ncn2-c2ccccc21,-7.2,2.53565943655706,25_1176
O=C(c1ccc2c(c1)OCO2)N1CCN2C(=O)c3ccccc3C12c1ccccc1,-8.5,3.500691468471436,25_1177
Nc1c(-c2nc3ccccc3nc2Cl)c(-c2ccccc2)nn1-c1ccccc1,-8.7,3.596158455600592,25_1178
O=C(NCC1CCN(Cc2ccccc2F)CC1)c1cccc(-c2cccc(C(=O)N3CCCCC3)c2)c1,-7.9,3.498882280642979,25_1179
Oc1csc(N2N=C(c3ccc(Br)cc3)CC2c2cn(-c3ccccc3)nc2-c2ccc(F)cc2)n1,-7.2,3.4151391925529895,25_1180
O=C(Nc1cccc(-c2cccc(-c3ccccc3)c2)c1)c1ccco1,-8.2,3.5451624086642703,25_1181
O=CC1C(=O)COc2ccccc2C1=O,-5.5,2.3411900448160035,25_1182
O=C(Nc1nccc(-c2cccc(-c3ccc4c(c3)OCO4)c2)c1C(O)=NO)c1ccccc1Cl,-8.2,3.1005339851099736,25_1183
O=c1c2ccccc2nc2n(Cc3ccccc3F)c3ccccc3n12,-8.1,3.5307584315520533,25_1184
O=C(NN=C1CC(c2ccccc2)N(c2cccc(C(F)(F)F)c2)C1=O)c1cc(Cl)ccc1Cl,-8.3,3.5809963000686187,25_1185
O=C(Nc1nc2ccccc2[nH]1)c1ccccc1Nc1ncccc1C(=O)Nc1cccc(-c2cccc(-c3cccc(-c4ccccc4)c3)c2)c1,-9.2,2.8758286975465923,25_1186
C=CC(=CN=C(C)C=CC=CC#N)C1(c2cc3ccccc3[nH]2)CCCC1,-6.3,3.394781458230582,25_1187
O=S(=O)(Nc1cccc(-c2ccc3c(c2)OCO3)c1)c1cccc(F)c1,-7.8,3.780538764057839,25_1188
O=C(c1ccc2sc(-c3ccc4cccc(F)c4c3)cc2c1)N1CCN(c2cccc3[nH]ccc23)CC1,-8.2,3.3770092898308275,25_1189
O=C(Nc1ccnn1-c1cccc(-c2cccc(F)c2F)c1)c1cc2ccccc2[nH]c1=O,-8.1,3.5802048672846656,25_1190
CCOC(=O)C=C(C)N=C1N=CC(CNC=O)=CC1=Cc1cccc(N2CCN(c3cccc(C)c3C)CC2)c1,-7.2,3.328651658529542,25_1191
C=CC=CC=CN=C(N=CC1=CC=COC1)c1ccccc1NC(=O)c1cc2ccccc2oc1=O,-7.2,3.2700365459434684,25_1192
O=C1NCc2ccc(Nc3nccc(-c4cccc(-c5ccccc5C(F)(F)F)c4F)n3)cc21,-8.2,3.5551364089626585,25_1193
O=C(c1cc(Cl)cc(-c2ccc3nccnc3c2)cc(C(F)(F)F)[nH]n1)N1CCOCC1,-8.4,1.511515606934629,25_1194
O=C(N=CC=CCCc1cc(Nc2cccc(C(F)(F)F)c2)ncn1)Nc1ccccc1,-7.1,3.6133157163727687,25_1195
O=C(CN1C(=O)COc2ccc(S(=O)(=O)N3CCOCC3)cc21)Nc1ccccc1Cl,-7.2,3.586307886196854,25_1196
O=C(Nc1ccc(-c2ccccc2C(F)(F)F)cc1)c1cccc(-c2cccc(-c3cccc(Cl)c3)c2)c1,-8.0,3.0200774120481526,25_1197
O=C(Nc1cc(-c2cccc(-c3cc4ccccc4[nH]3)c2)ccn1)c1ccccc1O,-8.3,3.4274838220835644,25_1198
O=C(NCc1cc(C(F)(F)F)cc(C(F)(F)F)c1)c1ccccc1NS(=O)(=O)c1ccccc1,-8.1,3.554441133432322,25_1199
O=C(O)c1cc(-c2nc(-c3ccc4ccccc4c3)cs2)ccc1-c1ccccc1,-7.5,3.4628880968117732,25_1200
Cc1ccccc1[C@H](CC(=O)O)NC(=O)c1cccc(-c2cccc(-c3nc4ccccc4n3C)c2)c1,-7.9,3.435494298569113,25_1201
O=C(Nc1ccc2c(c1)OCO2)c1ccc(-c2ccccc2)cc1N1Cc2cccc(-c3ccccc3)c2C1=O,-10.0,3.3017126266309536,25_1202
Nc1ccc(CNc2nccc(Nc3cc(C4CC4)[nH]n3)n2)cc1,-7.0,3.502003907869999,25_1203
O=C(c1ccc(NS(=O)(=O)c2cccc3cccnc23)cc1)N1CCC(O)(c2ccccc2F)CC1,-8.149999999999999,3.6018372038613613,25_1204
CSc1cccc(NC(=O)c2cccc(-n3cc(-c4cccnc4)cn3)c2)c1,-7.4,3.6454134608336277,25_1205
O=C(COc1cccc2[nH]cc(Sc3ccc4ccccc4c3)c12)NS(=O)(=O)c1cc(Cl)c(Cl)s1,-7.1,3.397411586263462,25_1206
O=C(NCc1cccc(-c2cccc(-c3cccc(C(=O)N4CCCCC4)c3)c2)c1)NC1CCNC1=O,-8.4,3.478870057446298,25_1207
O=C(COC(=O)c1cc2ccccc2oc1=O)NC1CCCC1,-6.5,3.6542646205227376,25_1208
Cc1n[nH]c(-c2ccccc2NC(=O)c2ccc(Br)o2)n1,-7.0,3.7257486059126173,25_1209
CSc1ccccc1C(=O)N1CCC(CC(=O)Nc2ccc(C(=O)N3CCN(c4ccc(F)cc4)CC3)cc2)C1,-6.6,3.4895978601058593,25_1210
O=C(Nc1cccc(-c2cccc(-c3nc4ccccc4[nH]3)c2)c1)c1ccc(N2CCOCC2)cc1,-7.5,3.462374248875468,25_1211
O=C(c1ccc(Cl)c(F)c1)N1CCn2c(nc(-c3ccccc3F)c2Cl)C1c1ccc2ccccc2c1,-9.4,3.341810350791281,25_1212
COc1ccc(Oc2cc(NC(=O)c3ccccc3C(=O)N(C)C)ccn2)cc1,-7.0,3.7978706404499847,25_1213
C[n+]1c(-c2ccc(-c3ccccc3)s2)cn2ccccc21,-6.9,3.3360207659562695,25_1214
O=C1C=CC=CCCC(c2cc(-c3ccccc3)c3c(=O)oc4ccccc4c3n2)C=CC=CO1,-9.6,1.1298168612050583,25_1215
O=C(c1ccccc1)c1cc(Cl)ccc1NC(=O)C(N=C(Nc1ccccc1)c1ccc(-c2ccccc2)cc1)c1ccccc1,-9.1,2.795148969665316,25_1216
O=C(Nc1nnc(C2=COCCO2)o1)c1cccc(F)c1,-7.4,3.6648274187401992,25_1217
O=C(O)c1cccc(-c2cccc(-c3ccc(Oc4nc5ccccc5s4)cc3)c2)c1,-8.3,3.506769726937378,25_1218
Cc1nn(C)c(Oc2cccc(F)c2)c1NC(=O)c1cc(-c2cccc3ccccc23)nc2ccccc12,-8.5,3.4340397192282963,25_1219
Cn1c(C(=O)Nc2cccc3c2N(Cc2ccc(OC4CCNCC4)cc2)CCC3)cc2ccccc21,-8.0,3.4843612276708438,25_1220
CC=C(C=CC(=O)Nc1ccccc1C(=O)N1C=NC(c2ccccc2)=CC(c2ccccc2Cl)=N1)C(F)(F)F,-9.0,2.4916232009979433,25_1221
COc1ccc(C(=O)NCC(c2ccccc2)N2CCCCCC2)cc1-c1ccccc1,-6.6,2.6510878882978934,25_1222
O=C1c2ccccc2NC(c2ccccc2O)N1c1ccc(-c2cccc(NS(=O)(=O)c3cc(F)cc(C(F)(F)F)c3)c2)cc1,-8.3,3.1448217555420714,25_1223
N#Cc1ccc(-c2ccc(Nc3cc(S(=O)(=O)N4CCOCC4)ccc3N3CCOCC3)cc2)cc1,-7.0,3.5915160678831786,25_1224
COc1ccc(CN2C(=O)N(C(C)=O)c3ccccc3C2c2ccc3c(c2)OCCO3)cc1,-7.5,3.6253879085683023,25_1225
NC(=O)C(Cc1ccc2c(c1)-c1ccccc1CC2)NC(=O)C(Cc1ccccc1)NC(=O)c1ccccc1,-6.8,3.3768439317560093,25_1226
O=C(Nc1cccc(-c2cccc(-c3nc4cc(F)ccc4[nH]3)c2)c1)c1c(F)cccc1F,-8.45,3.440810601409063,25_1227
CN(C(=O)c1cc2ccccc2oc1=O)c1ccccc1,-6.7,3.5865875577396458,25_1228
O=C(c1cccc(Cl)c1)N1CCN(c2cccc(C(F)(F)F)n2)CC1,-7.1,3.6722698986410474,25_1229
Nc1cc(-c2ccccc2)ccc1CNc1ccc(-c2cccc(OC(F)(F)F)c2)cc1,-7.5,3.4686488794068353,25_1230
O=C(c1nc2ccccc2n1Cc1ccccc1)N1CCN(S(=O)(=O)c2ccc(Br)cc2)CC1,-7.8,3.6259193733073998,25_1231
O=C(c1cccc(-c2cccc3ccccc23)c1)N1CCN(c2nc(=O)c3cc(C(F)(F)F)cc([N+](=O)[O-])c3s2)CC1,-9.2,3.218588242470095,25_1232
O=C(O)C1CCCN1C(=O)Cn1c(=O)c(-c2cc(Br)ccc2Nc2ccccc2)nc2ccccc21,-8.3,3.562265541921347,25_1233
NC(C=CCC=NC(=O)c1cccc(C(F)(F)F)c1)c1nc(-c2cccc(NC3CCOCC3)c2)c2ccccc2n1,-7.9,3.3083443825477197,25_1234
C=Cc1c(-c2cccc(OC)c2)cccc1C(NCC=CC=COC)C(=O)Nc1cccc(-c2nncn2C(C)C)c1,-7.1,3.19175802405394,25_1235
Cn1c(C2=CCN(C(=O)c3cc4cc(F)ccc4[nH]3)CC2)nc2ccccc21,-7.6,3.645240135409472,25_1236
O=C(Nc1cc(-c2nc3ccccc3o2)ccc1Oc1ccc2c(c1)OCO2)c1ccccc1,-8.5,3.417859315851061,25_1237
O=C(NCc1ccccc1-c1ccccc1C(F)(F)F)Nc1cccc(-c2cnc3ccccc3n2)c1,-8.2,3.409276341865734,25_1238
COc1ccc(C(C#N)CC(=O)c2ccc3c(c2)c2ccccc2n3CCF)cc1,-6.4,3.5500673710311954,25_1239
C[CH]C1CC2[CH]C[C@@H](NC(=O)c3cc(F)ccc3O)CN(CC(c3ccccc3)c3ccccc3)C(=O)N2C1,-7.9,1.6437950083612627,25_1240
O=C(c1cccc(-c2cccc(-c3cc4ccccc4o3)c2)c1)N1CCN(c2cccc(C(F)(F)F)c2)CC1,-8.6,3.32045533349626,25_1241
O=C(Nc1cccc(-c2cccc(-c3ccccc3Cl)c2)c1)c1ccccc1C(=O)Nc1cccc(C(F)(F)F)c1,-9.5,3.1137684806091093,25_1242
O=C(Nc1cccc(-c2cnc3c(NC(=O)c4cccc(OC(F)(F)F)c4)cccn23)c1)c1ccc(F)c(F)c1,-7.8,3.247982151043119,25_1243
O=C(Nc1ccccc1)[C@]12Cc3cnn(-c4ccc(F)cc4)c3C=C1CCN(S(=O)(=O)c1cccc(F)c1)C2,-9.5,3.521891586761879,25_1244
Cc1cccc(COc2ccc(-c3c(-c4ccccc4)oc4cc(O)c(C(=O)O)cc34)cc2)c1,-7.8,3.421114866076231,25_1245
O=C(NCc1ccccc1)C(=O)Nc1cccc(Oc2ccc3c(C=Cc4ccccc4)[nH]nc3c2)c1,-7.9,3.226435182550471,25_1246
COc1ccc(-c2ccc3c(N4CCOC[C@@H]4C)nc(-c4ccc5c(ccn5C)c4)nc3n2)cc1Cl,-7.7,3.432418879756158,25_1247
N=C(c1cccc2ccccc12)C(C=NC1=CN(C(=O)Nc2cccc(C(F)(F)F)c2)C=CC=C1)c1ccncc1,-7.8,2.384302962555094,25_1248
O=C(Nc1ccc2ncccc2c1)c1cccc(Cc2n[nH]c(=O)c3c2CCCC3)c1,-8.1,3.673977208319619,25_1249
O=C(Nc1nc(-c2ccccc2)nc2ccccc12)c1ccccc1Br,-8.9,3.666370042456867,25_1250
O=C(Nc1ccc2c(c1)CCN2C(=O)C1CC1)N1CCC(c2nc(=O)c3nnn(Cc4ccccc4)c3[nH]2)CC1,-8.6,3.2851669244895474,25_1251
O=C(Nc1cccc(S(=O)(=O)N2CCOCC2)c1)c1cccc(-c2ccc3ccccc3c2)c1,-8.5,3.6726350983068543,25_1252
COCCNCCC(=O)Nc1sc2c(c1-c1nc3ccc(-c4ccccc4S(N)(=O)=O)cc3s1)CCNC2,-6.0,3.132934929303735,25_1253
CC(C)(C)c1ccc(S(=O)(=O)Nc2ccc(Cl)cc2C(=O)Nc2nc(-c3ccccc3)cs2)cc1,-8.0,3.5475687826116715,25_1254
FC(F)(F)c1ccccc1Nc1nc2ccccc2nc1-c1ccc(C=Cn2c3ccccc3c3ccccc32)cc1,-8.2,3.170167442298275,25_1255
O=C(O)c1cccc(-c2cccc(-c3cccc(-c4nc5ccccc5[nH]4)c3)c2)c1,-8.7,3.421359302703002,25_1256
O=C(O)C=CC=CN(Cc1ccc(C2CCCCC2)cc1)C(=O)c1cc(-c2cccc(C(F)(F)F)c2)c2ccccc2n1,-8.8,3.2386215807880894,25_1257
COc1cccc(SSc2c[nH]c(=O)n(CCN3C[C@@H]4CCc5c(OC)cccc5[C@@H]4C3)c2=O)c1,-6.6,3.4680195931545663,25_1258
O=C(NCC(=O)n1c2ccccc2c2ccccc21)c1ccccc1F,-7.8,3.679942750181355,25_1259
NS(=O)(=O)c1ccc(CNC(=O)c2cc(-c3ccccc3F)nc3ccccc23)cc1,-8.1,3.6485667546300964,25_1260
O=C(N/N=C\CC(c1ccc(-c2ccccc2)cc1)c1c[nH]c2ccccc12)c1ccccc1,-8.5,3.2240925249820087,25_1261
O=C(CNc1cc(S(=O)(=O)N2CCOCC2)ccc1Nc1cccc(F)c1)Nc1ccccc1-c1ccccc1,-7.3,3.390096916458453,25_1262
Oc1ccc2c(c1)O[C@H](c1cccc(OCCN3CCCCC3)c1)c1c-2ccc2ccccc12,-8.1,3.4557302716970923,25_1263
Cc1cccc(C)c1OC(C)C1=NCCCN1,-5.2,3.529607965356843,25_1264
O=C1c2ccccc2S(=O)(=O)N1CCCCN1CCN(c2ccccc2-c2cccc(F)c2)CC1,-6.3,3.519807453851983,25_1265
Cc1c(-c2cc(C(F)(F)F)nc(Nc3ccccc3S(=O)(=O)C(F)F)n2)sc2ccccc12,-8.0,3.5280703328603953,25_1266
NS(=O)(=O)c1cc2cnc(Nc3cccc(-c4cccc(Cl)c4)c3)cc2[nH]1,-8.3,3.599726518042173,25_1267
O=C(Nc1cccc2ccc(O)cc12)c1cccc(-c2cc(-c3ccc4c(c3)OCO4)no2)c1,-8.9,3.4021747169172,25_1268
Nc1[nH]nc2ccc(-c3cncc(-c4cccc(CN5CCOCC5)c4)c3)cc12,-7.8,3.687605184857229,25_1269
O=C(c1cc2cc(C3CC3)ccc2[nH]1)N1CC(=O)N(Cc2ccc3c(c2)OCCO3)c2ccccc2C1,-8.1,2.4696244006818966,25_1270
COc1ccc(C(=O)N2CC(=O)N(c3ccccc3)C(=O)c3ccccc32)cc1,-7.3,2.6890779625800363,25_1271
O=C(N[C@H]1C=CC(/C=C\c2ccccc2)=CC1)Oc1cccc(-c2ccc3ccccc3c2)c1,-7.1,3.4189301715332236,25_1272
O=C(CCc1ccccc1)NS(=O)(=O)c1cccc2ccccc12,-6.6,3.761142954850627,25_1273
O=C(Nc1cccc(-c2ccnc(-c3cccc(-c4cccs4)c3)c2)c1)c1ccccc1,-9.1,3.4357970050357913,25_1274
O=C(Nc1cccc(-c2ccc(-c3nc4cc(F)ccc4[nH]3)s2)c1)c1ccccc1,-7.5,3.4993740050351856,25_1275
O=CN=CCc1ccc(-c2ccc(-c3cccc(-c4cccc(-c5cccc(-c6cccc(C(F)(F)F)c6)c5)c4)c3)cc2)cc1,-7.5,2.7628892342432763,25_1276
O=C(Nc1cccc(C(=O)N2CCOCC2)c1)c1ccc(-c2cccc3c(=O)cc(N4CCOCC4)oc23)cc1,-8.4,3.4725470024980973,25_1277
O=C(Nc1cccc(-c2cccc(-c3cccc(OC(F)(F)F)c3)c2F)c1)c1cccnc1,-8.4,3.5558179553243465,25_1278
O=C(/C=C/c1c(-c2ccccc2)nc2ccc(F)cc2c1C(=O)O)Nc1ccccc1C(F)(F)F,-7.8,3.361706439136994,25_1279
CN(C(=O)Nc1cccc(Oc2ccccc2)c1)C1CCCCC1,-6.7,3.653082934107193,25_1280
O=C(c1cccc2ccccc12)N1CCN(c2nc(-c3ccccc3)nc3c2CCCCC3)CC1,-9.1,2.4512553817156255,25_1281
O=C(O)C=Cc1cccc2cccc(-c3cccc4ccccc34)c12,-6.7,3.3720632825839605,25_1282
Cc1ccc(C(C)C)cc1N1CCCN(c2ncc(C)c(-c3ccccc3)n2)CC1,-7.5,2.6334341344718695,25_1283
O=C1c2ccccc2C(=O)N1CCOc1ccc(-c2cc(-c3ccccc3)nc(Nc3ccc4c(c3)OCCO4)n2)cc1,-8.6,3.1553123703550217,25_1284
Cc1ccc(-c2cccc(-c3cccc4c(=O)cc(N5CCOCC5)oc34)c2)s1,-7.6,3.6041961322113356,25_1285
O=C(c1ccccc1)c1cccc(-c2ccccc2F)c1,-6.9,3.3405897906362334,25_1286
O=C(c1cccc(F)c1)N1CCC2(CC1)CN(c1ccccc1)C2,-6.6,3.471558977502659,25_1287
CCn1c(-c2cccc(-c3cccc(C(=O)NCC4=CC(=COC)C=C4)c3)c2)nc2ccccc21,-8.0,3.5154419832212955,25_1288
O=CC(Cc1ccccc1)NC(=O)C(Cc1ccccc1)NC(=O)c1ccccc1-c1ccccc1C(=O)O,-7.3,3.3285113431319022,25_1289
O=C(O)C(c1ccccc1)n1cc(S(=O)(=O)c2cccc(Cl)c2)c2ccccc21,-8.0,3.724743851992965,25_1290
Cn1c(-c2cccc(-c3cccc(-c4cccc(NC(=O)Nc5ccccc5)c4)c3)c2)nc2ccccc21,-9.1,3.223561488915525,25_1291
O=C(NCCN1CCNC1=O)c1cnn2ccc(N3CCCC3c3cc(F)ccc3F)nc12,-7.8,3.5805093745222942,25_1292
O=C1CCOCCNC2[C@@H](Nc3nc(-c4c[nH]c5ncc(F)cc45)ncc3F)CCC[C@H]2N1,-9.1,1.228403380998012,25_1293
Cc1ccc(C(C(F)F)C(F)(F)F)cc1O,-5.1,3.286119180974776,25_1294
Cc1cccc(Nc2nc(-c3ccccc3NC(=O)c3ccc(F)cc3)cs2)c1,-7.5,3.6135715016537597,25_1295
CN(C)c1ccc(C=C2c3ccccc3C(=O)c3ccccc32)cc1,-7.2,3.4532526154317296,25_1296
O=C(Nc1nc2ccccc2nc1Nc1ccc(O)cc1)c1cc2cc(Cl)cnc2[nH]1,-9.5,3.312735294098851,25_1297
CCC(C)C(NC(=O)c1cc2ccccc2o1)C(=O)N1CCCC1C(=O)NC(O)(c1nc2ccccc2o1)C(C)C,-7.4,3.2856289281445665,25_1298
O=C(NCCCNc1cc2cccc(Cl)c2[nH]1)c1cccc(-c2cccc(-c3nn[nH]n3)c2)c1,-7.5,3.2798511286731244,25_1299
O=C(CN1CCOCC1)Nc1ccc2c(c1)C(=O)c1cccc3ccnc-2c13,-7.6,3.6843785623386283,25_1300
O=C(Nc1cccc(C2=NCC3CC(=CCCC3=O)C=C2)c1)c1cccc(C(F)(F)F)c1,-8.0,1.7611656179476842,25_1301
O=C(Nc1cccc(-c2cnc3c(Nc4cccc(-c5ccc6c(c5)OCCO6)c4)cccc3c2)c1)N1CCCc2ccccc21,-9.5,3.1068774677374336,25_1302
Cn1ccc(-c2cccc(-c3cc(-c4ccnn4C4CCOCC4)c4c(N)ncnn34)c2)c1,-8.7,3.5414456813655573,25_1303
O=C(Nc1ccccc1Oc1ccccc1)c1ccccc1Nc1cccc(C(F)(F)F)c1,-7.1,3.4353427089940407,25_1304
COC=CC=C(C)Cn1c(-c2ccccc2O)nc2cc(C)ccc21,-6.7,3.6376428436716908,25_1305
O=C(Nc1ccccc1C(=O)N1CCCC1)c1ccccc1NC(=O)c1ccccc1C(F)(F)F,-9.0,3.6397465353882,25_1306
O=S1(=O)CC=Cc2ccccc2Cc2c(cccc2-c2cccc(N3CCCC3)n2)N1,-8.8,1.4928781942129037,25_1307
O=CC=CCC=C1C=CC(c2cccc(-c3cccc(-c4nc5ccccc5[nH]4)c3)c2)=S1S,-8.1,2.969290393219779,25_1308
O=C(c1ccc(Nc2ccnc3cc(-c4nccs4)ccc23)cc1)N1CCN(c2ccccc2)CC1,-7.9,3.494023226151198,25_1309
Cc1cccc(-c2nc3c4ccccc4nc(Nc4ccc5c(c4)OCO5)n3n2)c1,-8.5,3.5517540803155017,25_1310
O=C(Nc1nc2ccccn2c1C(=O)NC1CCCC1)c1ccccc1F,-7.5,3.737040284525049,25_1311
Cc1ccc2c(c1)c1ccccc1c[n+]2Cc1cccc(-c2ccccc2)c1,-8.1,2.749276006483966,25_1312
COc1ccc(C(=O)Nc2ccccc2C(=O)Nc2ccccc2-c2cccc(OC)c2)cc1,-7.3,3.5726990282042097,25_1313
O=C(NC1CCN(c2cc(-c3ccccc3)nc3cc(-c4cccc(C(F)(F)F)c4)ccc23)CC1)C1CCC1,-8.2,3.4026120581681116,25_1314
O=C(Nc1ccccc1C(=O)Nc1ccccc1)c1cccc(Nc2nc3ccccc3o2)c1,-9.0,3.42343129814361,25_1315
Cc1ccc(Nc2ncc3c(=O)n(Cc4ccccc4F)c4ccccc4c3n2)cc1C,-7.4,3.524594630262305,25_1316
Nc1nc(-c2ccccc2)cc2c(-c3ccoc3)cccc12,-7.4,3.5964906264217316,25_1317
O=C(CN1C(=O)NC2(CCc3ccccc32)C1=O)Nc1ccccc1C(F)(F)F,-7.3,3.578192589368558,25_1318
C=C(C=CC=CC1=c2ccccc2=NC(=CC=CC)C=N1)C(=O)Nc1ccc(Nc2cc[n+](C)cc2)cc1,-7.1,2.4385354809053608,25_1319
FC(F)(F)C=CC=CN=CC=C1C=CC(c2ccnnc2)=CCc2ccccc2NC1,-8.0,1.4787181897435735,25_1320
O=C(Nc1ccc(C2=CCN(C(=O)c3ccco3)CC2)cc1)Nc1cccc(-c2cccc(F)c2F)c1,-8.1,3.5298676582014017,25_1321
c1ccc(-c2noc(-c3ccc4ccccc4c3)n2)cc1,-7.3,3.5333398900542727,25_1322
CC(Oc1cc(-c2cc(-c3cccc(CN(C)C)c3)cnc2N)ccc1C(N)=O)c1ccccc1Cl,-7.0,3.5226415237597255,25_1323
O=C1NC(c2cccc(-c3cccc(F)c3)c2)(c2cccc(-c3cccc(F)c3F)c2)c2ccccc21,-8.6,3.1325186940250775,25_1324
O=C(NN[O-])c1ccccc1F,-4.9,3.2668457651629064,25_1325
NCc1ccc(-c2cccc(Nc3cccc(-c4cccc5c4C(=O)NC5)c3O)c2)cc1,-7.8,3.419949261122797,25_1326
Cc1c(N=Cn2c(=O)[nH]c3ccc(Br)cc3c2=O)nnn1-c1nonc1N,-8.5,3.0938591248834157,25_1327
O=CNc1c(-c2ccccc2)ncn1-c1ccc(-c2cnc3ccccc3c2)cc1C1CC1,-7.5,3.4514829686498167,25_1328
COc1ccc2c(c1)c(C1=C(c3cn(C)c4ccccc34)C(=O)NC1=O)cn2C,-7.7,3.6477636869557966,25_1329
O=C(Oc1ccccc1C(=O)Nc1ccc(Cl)cc1)c1cccc(-c2c3ccccc3cc3ccccc23)c1,-8.4,3.134771040619653,25_1330
O=[N+]([O-])c1cn2c(n1)OC[C@@H](OCCOc1cccc(-c3cccc(C(F)(F)F)c3)c1)C2,-7.6,3.4353867911794045,25_1331
O=c1ccn(C/C=C/c2cccc(-c3cccc4c(=O)cc(N5CCOCC5)oc34)c2)c(=O)[nH]1,-8.4,3.632444032178836,25_1332
O=C1Nc2ccccc2C1=NN=Cc1ccc2c(c1)OCO2,-7.5,3.539387916468811,25_1333
CS(=O)(=O)N(Cc1ccccc1-c1cccc(-c2ccccc2Cl)c1)c1cccc2ccccc12,-6.7,3.2826884641011587,25_1334
N#Cc1ccccc1-c1cccc(CN(C(=O)CO)c2cccc(C=O)c2)c1,-6.8,3.695743110283491,25_1335
O=C(Nc1ccc(OCc2ccccc2)cc1)c1cccnc1Nc1cccc(C(F)(F)F)c1,-7.6,3.5601012005639117,25_1336
O=C(Nc1cncc(-c2cccc(NC(=O)c3ccc4c(c3)OCO4)c2)c1)c1ccc2c(c1)CCO2,-8.5,3.4987527271730006,25_1337
Cn1c(-c2cccc(-c3cccc(NC(=O)COC(=O)Cc4ccc(F)cc4)c3)c2)nc2ccccc21,-7.6,3.4398114645255626,25_1338
O=C(Nc1cccc(C(F)(F)F)c1)c1cccc(-c2cccc(-c3cccc(O)c3)c2)c1,-8.2,3.4122260811255574,25_1340
CN1C=C2C=CC=C3C(=O)N(c4ccccc4[N+](=O)[O-])C(=O)C(=C1)C23,-6.6,3.255696910755594,25_1341
Cc1c(C(=O)Nc2cccc(-c3ccc4c(=O)[nH]cnc4c3)c2)cccc1[N+](=O)[O-],-7.8,3.553491511233007,25_1342
O=C(COC(=O)c1cc(-c2ccccc2)nc2ccccc12)Nc1nc2ccccc2s1,-8.3,3.5151058869451903,25_1343
O=C(Nc1cccc(C(F)(F)F)c1)c1ccc(-c2ncccc2C(F)(F)F)c2c1-c1ccccc1C2=O,-8.2,3.4682940850214106,25_1344
Cc1ccccc1-c1ccc(-c2nc3ccccc3c(=O)n2-c2ccccc2Cl)cc1,-8.0,3.285230545185586,25_1345
O=C(c1ccccc1)c1cccc(-c2cccc(-c3cccc(C(=O)N4CCNCC4)c3)c2)c1,-9.0,3.5074676153953703,25_1346
N[C](c1nc2cc(C(F)(F)F)ccc2[nH]1)[C@H]1CC[C@H](c2ccc(N3CCN(c4ncccc4F)CC3)cc2)CC1,-6.9,3.3773342985606103,25_1347
O=C(NN=Cc1ccccc1Nc1ccc2cc3ccccc3cc2c1)c1cc(-c2ccccc2)nc2ccccc12,-8.1,3.0588746510237774,25_1348
CN(C)C(=O)c1cnc2n1CCN(C(=O)c1cccc(-c3ccccc3)c1)C2,-7.9,3.727547657184705,25_1349
NC(=O)c1ccc2[nH]c(-c3ccc(-c4cccc(C(=O)NC5CC5)c4)cc3)nc2c1,-8.0,3.56640888479285,25_1350
O=C(Cc1cccc(C(=O)Nc2cccc(C(F)(F)F)c2)c1)Nc1ccc2ccccc2c1,-8.1,3.5252636263824693,25_1351
O=C(c1ccc2cc(Oc3ccc(C(F)(F)F)cn3)ccc2n1)N1CCN(c2ccccc2)CC1,-7.7,3.595176768648538,25_1352
O=C(Nc1cccnc1)N1CCN(c2nccc(-c3ccc4c(c3)OCO4)n2)CC1,-7.5,3.631533985566427,25_1353
CC[C@H](CN1CC[C@H](CNC(=O)c2ccc3cc(Cl)ccc3c2)NC(CCN2CCOCC2)C1=O)c1ccccc1,-7.1,2.456587985806608,25_1354
O=C(Nc1cccc(C=C2C=CC(c3nc4cc(F)ccc4[nH]3)=C2)c1)c1ccccc1,-8.7,3.5382103930078825,25_1355
Cc1ccc(-c2nc(-c3ccc4c(c3)CCN4S(C)(=O)=O)cs2)c(C)c1,-7.0,3.7094853464618804,25_1356
COc1cc(-n2cnc3cc(-c4cccc5ccccc45)ccc32)cc(OC)c1O,-7.4,3.552180702086274,25_1357
CN1CCC(c2c[nH]c3cc(-c4ccncc4)ccc23)CC1,-6.8,3.592792971501047,25_1358
O=C(c1cc(F)ccc1-n1nccn1)N1CCCC(c2ccccc2-c2ccc(F)cc2)C1,-7.7,3.6061398717303064,25_1359
O=c1c2ccccc2c2ncccc2n1-c1cccc(-c2cccc(-c3cccc(C(F)(F)F)c3)c2)c1,-9.1,3.174367586154582,25_1360
Nc1ccc(-c2ccc(-c3cccc(NC(=O)c4ccc5c(c4)OCO5)c3)cc2)cc1,-7.3,3.464295932429211,25_1361
CNc1ccccc1-c1ccccc1NCN=C(N=NC=CCc1[nH]c(=O)[nH]c1O)NC1CC1,-6.7,3.159889353440633,25_1362
O=C(N/N=C/c1cccc([N+](=O)[O-])c1)c1cccc(-c2nc(-c3ccc(F)c(F)c3)cs2)c1,-7.6,3.463356308605685,25_1363
Cc1noc(C)c1NC(=O)Nc1cccc2c1O[C@H](CN(C)C(=O)Nc1ccccc1)[C@@H](C)CN([C@H](C)CO)C2=O,-7.6,1.465846224360238,25_1364
Cc1cc(C)c(NC(=O)Cn2cnc3cc4c(cc32)OCCCO4)c(C)c1,-7.4,2.798710579685097,25_1365
COc1ccc2nc(Nc3ncccc3C(=O)NCCN3CCOCC3)sc2c1,-7.3,3.6377111865032186,25_1366
O=C(O)CC1=CC(=NC(=O)c2cccc(Nc3nccc(-c4cccc(C(F)(F)F)c4)n3)c2)C=C1,-7.5,3.6335731659551227,25_1367
O=C(Nc1cccc(-c2cn3c(-c4cccc(NC(F)F)c4)cnc3cn2)c1)Nc1cccc(C(F)(F)F)c1,-7.9,3.2067200690122166,25_1368
O=C(Nc1ccc(C(=O)N2CCN(c3ccc4c(c3)OCO4)CC2)cc1)c1ccccc1-c1cccc(C(F)(F)F)c1,-8.1,3.4306105643070177,25_1369
O=C(CI)NCCCCNc1nc2ccccc2c2[nH]c3ccccc3c12,-7.0,3.3746359142355433,25_1370
CCN1C(=O)CC[C@]12CC[C@@H](NC(=O)Nc1ccc3c(c1)oc(=O)n3C)CC2,-6.7,3.5972576618491523,25_1371
O=C(Nc1cccc(-c2cccc(C(F)(F)F)c2)c1)c1ccc2ccccc2n1,-7.9,3.574958914123881,25_1372
Cc1c(C(=O)NC2C=CC=CS(=O)(=O)N2)cccc1-c1cccc(C(F)(F)F)c1,-7.6,2.741954847360134,25_1373
O=C(C[C@H]1C[C@H]2c3cc(NC(=O)Nc4ccccc4)ccc3O[C@H]2[C@@H](CO)O1)Nc1ccccc1,-7.9,3.427117860532639,25_1374
O=C(Nc1cccc(-c2cccc(-c3nc4ccccc4[nH]3)c2)c1)c1ccccc1-c1ccccc1,-8.4,3.3039417341933515,25_1375
O=C1NC(=O)C(=Cc2cc(-c3ccccc3Cl)c3ccccc3c2-c2ccc(F)cc2)C(=O)N1,-8.5,3.4772721360371155,25_1376
CC(NC(=O)Cc1cccc2ccccc12)c1ccccc1N1CCC(c2ccccc2)C1,-7.2,3.442509089520149,25_1377
O=C(Nc1cccc(-c2ccc(-c3nc4ccccc4[nH]3)s2)c1)Nc1ccccc1Oc1ccccc1,-8.5,3.2955488473654464,25_1378
Fc1ccc2c(c1)[C@H]1OCC[C@H]1[C@H](c1c[nH]c3ccc(Br)cc13)N2,-7.4,3.487349888549029,25_1379
O=C(c1ccc(O)cc1O)N1c2ccccc2CCC1c1cccc(-c2cccc3ccccc23)c1,-7.5,3.3119408042250633,25_1380
O=C(Nc1cccc(-c2nc3ccccc3[nH]2)c1)c1cccc(C(=O)OCC(=O)N2CCN(C(=O)c3ccco3)CC2)c1,-8.0,3.2505940751619957,25_1381
CSCc1cccc(-c2cccc(-c3noc(-c4cccc5ccccc45)n3)c2)c1,-7.8,3.4139825517661846,25_1382
O=C(c1cccc(-c2cccc(Nc3cc(=O)c4ccccc4[nH]3)c2)c1)N1CCN(c2ccccc2F)CC1,-8.5,3.4325104355941134,25_1383
Cc1c(CNC(=O)N(C(=O)C=CC=CC=CC#N)c2cccc(C(N)=O)c2)cccc1-c1cccc(CNC(=O)c2cccc(F)c2)c1,-7.3,2.9681235872840994,25_1384
O=c1c2ccccc2n2nc(-c3ccccc3)cc2n1-c1ccccc1N=Cc1c(O)ccc2ccccc12,-9.3,3.3649366221050565,25_1385
O=C(Nc1ccc(S(=O)(=O)N2CCOCC2)cc1)c1ccccc1N1C(=O)c2ccccc2C1=O,-8.4,3.5548014099474687,25_1386
Fc1cccc2c1c(C1C=CC=Cc3ccccc3C1)nn2[C@H]1OCC2CCCc3cccc1c32,-9.1,1.3270510671203928,25_1387
O=C(Nc1ccccc1Oc1ccccc1)c1ccccn1,-7.4,3.7307190125338643,25_1388
C[C@H](Nc1nc(N)ccc1C#N)c1nc2cccc(Cl)c2c(=O)n1-c1cccc(CC(F)(F)F)c1,-7.3,3.5633881168667436,25_1389
O=C(NC(Cc1ccccc1)C(=O)Nc1ccc2c(C(F)(F)F)cc(=O)oc2c1)c1cc2ccccc2o1,-8.1,3.402410270301905,25_1390
O=C(c1ccccc1)c1cc2ccccc2[nH]c1=O,-6.4,3.54757208135413,25_1391
O=C(Nc1ccc(CO)cc1)Nc1cccc(-c2cc(-c3cccc(CO)c3)nc3ccccc23)c1,-7.9,3.2935683988836537,25_1392
O=C(Nc1cccc(-c2cccc(-c3ccc4ccccc4c3)c2)c1)c1ccccc1Cl,-8.3,3.2038049393899577,25_1393
O=c1[nH]c(=O)n([C@H]2C[C@H](O)[C@@H](CO)O2)cc1-c1ccc(COc2ccccc2)cc1,-6.6,3.5704883022132266,25_1394
O=CNc1ccccc1C(=O)c1ccccccn(Cc2cnc3ccc4ccccc4c3c2)c1,-7.2,1.0350523829192726,25_1395
O=C(c1cccc2ccccc12)N1CCN(c2ccccn2)CC1,-6.8,3.6443315851780174,25_1396
Cc1ccc(N2CCN(C(=O)c3ccc(-c4nc(-c5cccc(F)c5)co4)cc3)CC2)cc1,-7.2,3.5969365486279847,25_1397
Cc1cc(Cl)cc(N2C=Nc3cc(C)c(-c4ccc5c(cnn5C)c4)cc3C2C(=O)NCC(C)(C)C)c1,-7.6,3.5780685326811055,25_1398
O=C(Cc1cccc(O)c1)N1c2ccccc2C=Cc2ccccc21,-7.4,2.6413350659995,25_1399
Cc1cc(-c2nc(-c3ccc4c(ccc5ccccc54)c3)no2)cc(CC(C)C)n1,-8.2,3.4008729016073858,25_1400
O=c1c2ccccc2nc2n1NC(c1cccc(Cl)c1)CC2c1ccccc1,-8.8,3.6336676424705274,25_1401
O=C(Nc1ccc(F)cc1)c1cccc(S(=O)(=O)N2CCN(c3ccccc3F)CC2)c1,-7.3,3.768529621464965,25_1402
N=Nc1cnn(C[C@H](O)CC=CC=O)c1,-4.7,2.090870802070266,25_1403
Fc1cccc(Nc2nccc(-n3ncc4cc(F)ccc43)n2)c1,-7.9,3.7168205522996054,25_1404
O=C1c2cccc(Cl)c2C(OCC2(CO)CC2)(c2ccc(Cl)cc2)N1Cc1ccc([N+](=O)[O-])cc1,-6.6,3.4466651461664175,25_1405
O=C(Nc1cccc(-c2cc(Nc3cccc(C(F)(F)F)c3)ncn2)c1)Nc1cccc(C(F)(F)F)c1,-7.2,3.382684919693456,25_1406
O=CF,-2.0,1.2766043351670637,25_1407
O=C(Nc1cccc(-c2cc(Nc3cccc(C(F)(F)F)c3)ncn2)c1)Nc1cc(C(F)(F)F)ccc1F,-8.0,3.321619340257747,25_1408
O=C(N[C@H]1CC[C@H](CCN2CCN(c3cccc4c3OCO4)CC2)CC1)c1ccc(-c2cccs2)cc1,-7.0,3.4126558158161577,25_1409
COc1ccc(-n2nc(C(=O)NCC(=O)N3CC(C)CC(C)C3)c3ccccc3c2=O)cc1Cl,-8.2,3.733224565482372,25_1410
C=C(Cl)C(=O)Nc1cc(Nc2nc3c(c(-c4cn(C)c5ccccc45)n2)CS(=O)(=O)CC3)c(OC)cc1N(C)CCN(C)C,-7.5,3.1762596683531106,25_1411
O=C(Nc1cccc(-c2cccc(-c3ccccc3)c2)c1)c1cccnc1,-8.3,3.5404290649881456,25_1412
COc1cccc(F)c1-c1cncc2cc(-c3cccc(C(F)(F)F)c3)oc12,-7.6,3.492498385888955,25_1413
O=C(c1ccc(-c2ccccc2C(=O)N2CCCCC2)cc1)N1CCN(c2cccc(C(F)(F)F)c2)CC1,-7.3,3.4856530809957356,25_1414
O=C(c1cccc(F)c1NS(=O)(=O)c1cccc2nsnc12)c1ccc2c3c(cccc13)CC2,-8.0,3.491230676429711,25_1415
Cc1cccc(Nc2nccc(-c3cccc(NC(=O)c4ccc(F)c(F)c4)c3)n2)c1,-7.9,3.6344879939824204,25_1416
O=c1c2ccccc2nc(-c2cc(-c3ccccc3)nc(-c3ccccc3)c2)n1-c1ccccc1,-8.6,3.39983559964432,25_1417
O=C(c1ccccc1)c1cccc(-c2cccc(Nc3ccccc3)c2)c1,-7.7,3.4086190408812094,25_1418
O=C(c1cc2cc(-c3ccccc3)ccc2[nH]1)c1cnc(Nc2cccc(F)c2)s1,-7.5,3.4679562370724852,25_1420
Cc1cc(O)ccc1-c1cccc(C(CC(=O)O)c2nccs2)c1,-6.9,3.7497289165376,25_1421
COc1cccc(-c2noc(-c3cc4cccc(C)c4[nH]c3=O)n2)c1,-7.6,3.742629044199804,25_1422
O=C1Nc2ccccc2[C@@]12c1ccccc1-c1cc3ccccc3cc1N2c1ccccc1,-8.7,3.1016423476080224,25_1423
O=C(c1cccc(S(=O)(=O)Nc2cccc(C(F)(F)F)c2)c1)N1CCN(c2ccccc2)CC1,-7.1,3.738735302013856,25_1424
Cc1cccc2[nH]c(-c3cccc(-c4cccc(CN5CCN[C@H](C)C5)c4)c3)nc12,-8.6,3.5900214229247522,25_1425
CS(=O)(=O)Nc1cccc(Nc2nccc(-c3ccc(N4CCS(=O)(=O)CC4)cc3)n2)c1,-6.9,3.5638568564491084,25_1427
O=C(Cn1ncc2c([nH]c3ccccc32)c1=O)n1c2ccccc2c2ccccc21,-8.4,3.5816302596097556,25_1428
O=C(Nc1ccc(Cl)cc1)c1cc(Cl)ccc1NC(=O)c1sc2ccccc2c1Cl,-7.9,3.5685038869277004,25_1429
Cc1cccc(NC(=O)c2nc3ccccc3nc2Nc2cccc(C(F)(F)F)c2)c1,-8.6,3.6182578974417594,25_1430
CC(=O)c1cccc(-c2cccc(-c3cccc4c(=O)cc(N5CCOCC5)oc34)c2)c1,-8.4,3.562147308820767,25_1431
Cc1ccccc1C(=O)N1CCC(C(=O)Nc2cccc(-c3cccc(C(F)(F)F)c3)c2)CC1,-7.7,3.6245157627594615,25_1432
Clc1ccc(N2CCN(c3ccc(-n4nnc5ccc(-c6ccccc6Cl)nc54)cc3)CC2)cc1,-8.1,3.450370366308333,25_1433
Cc1ccc(C(=O)Nc2nc3n(n2)C(c2ccccc2)c2ccccc2-3)cc1,-8.5,3.6676323240331756,25_1434
O=C(Nc1cccc(Nc2ccnc(NC(=O)C3CC3)c2)c1)c1cc(-c2cccnc2)ccn1,-7.5,3.504292018274046,25_1435
CNC(=O)N=CC1=CC=C(Oc2ccnc(NC(=O)c3cccc(-c4cccc(-c5ccco5)c4)c3)c2)C1,-7.5,3.4281044436306365,25_1436
O=C(N[C@@H]1CC[C@@]2(O)[C@H]3Cc4ccc(O)c5c4[C@@]2(CCN3CC2CC2)[C@H]1O5)c1ccc2ccccc2c1,-7.6,3.2755708236441805,25_1437
O=C(Nc1nccs1)c1c(C(F)(F)F)nc2cc(C(F)(F)F)ccc2c1Nc1cccc(-c2cccc(-c3cccc(F)c3)c2)c1,-9.9,3.1229199457784675,25_1438
O=S1(=O)Oc2ccccc2Nc2ccccc21,-6.2,2.562312402463751,25_1439
O=C(c1cccc(Nc2nc3ccccc3nc2Nc2cccnc2)c1)N1CCOCC1,-8.5,3.641513542123958,25_1440
C[C@]1(c2cc(NC(=O)c3ccc(OC(F)F)cn3)ccc2F)N=C(N)OCC1(F)F,-6.9,3.606414348355281,25_1441
O=C(Nc1cccc(-c2cc3ccccc3[nH]2)c1)c1cccc(-c2cccc(C(=O)NC3CC3)c2)c1,-7.8,3.2606994772153852,25_1442
O=C(CN1C(=O)c2ccccc2NC1c1ccccc1F)Nc1ccccc1F,-8.0,3.7261430885544646,25_1443
O=C(Nc1c(Cl)cccc1Cl)c1cc2ccccc2cc1Oc1ccc(-c2cc3ccccc3[nH]2)cc1,-9.0,3.2236425223086984,25_1444
O=c1c2c(ncn1-c1cccc(Oc3ccccc3)c1)c1ccccc1n2Cc1ccccc1,-7.7,3.364372937123634,25_1445
N=C(N)c1ccc(Oc2ccc(C(=O)O)c(NC(=O)c3ccc4c(c3)OCO4)c2)cc1,-7.6,3.3666391814252714,25_1446
O=C(C1C[C@@H](N2CCN(c3nc4ccccc4[nH]3)CC2)CN1)N1CCSC1,-6.6,3.433522791264468,25_1447
O=C(c1cc(-c2ccc(F)cc2)[nH]n1)N1CCc2ccccc2C1,-7.0,3.668912329040869,25_1448
O=C(c1cccc(-c2cccc(-c3nc4ccccc4[nH]3)c2)c1)N1CCN(c2ccc(F)cc2)CC1,-8.7,3.4648144352837686,25_1450
O=C(Nc1nc2cccc(-c3cccc4[nH]ccc34)c2s1)c1cccc(-c2cccc(Cl)c2)c1,-8.9,3.386080546289782,25_1451
O=C(Nc1ccc(Nc2ncnc3c2Cc2ccccc2N3)cc1)c1ccccc1,-7.7,3.582395007652938,25_1452
O=C(Nc1ccccc1C(=O)Nc1cccc(S(=O)(=O)N2CCOCC2)c1)c1cccc(S(=O)(=O)N2CCOCC2)c1,-8.3,3.2881111897999507,25_1453
Cc1cn(-c2cccc(-c3cccc(-c4nc5cc(C(F)(F)F)ccc5[nH]4)c3)c2)cn1,-8.3,3.483110313316378,25_1454
C[C@H](NC(=O)c1cc(-c2ccccc2)nn1C)c1ccc(NC(=O)c2ccccc2C(=O)O)cc1,-7.2,3.51678216517244,25_1455
O=C(c1cccc(-c2cccc(-c3cccc(F)c3)c2)c1)N1CCCC1,-8.2,3.407223878927553,25_1456
O=C1c2ccccc2-c2cccc(-c3cccc(Nc4c5ccccc5nc5ccccc45)c3)c21,-8.6,3.2677305691296565,25_1457
[N+]c1cc(O)cccc2c3c(=O)c(c1)C(=Nc1ccccc1-2)C3,-6.9,1.1672538538710215,25_1458
Cc1c(C2=CC=C(C3=CC=CC3)C2C)cccc1-c1nc(=O)c2ccccc2[nH]1,-8.2,3.471523503024554,25_1459
Cn1c(-c2cccc(-c3cccc(-c4cccc(NC(=O)C(N)Cc5ccc(O)cc5)c4)c3)c2)nc2ccccc21,-7.6,3.246838257169985,25_1460
CC(C)=CCc1cc(C(=O)Nc2cccc(-c3cccc(-c4cccc(C(F)(F)F)c4)c3C)c2)ccc1O,-8.5,3.291373223365791,25_1461
O=C(NCCc1c[nH]c2ccc(F)cc12)c1cccc(-c2cccc(Oc3ccccc3)c2)c1,-8.3,3.35963673993289,25_1462
O=CCC(C=C1C=CC(C=C(C2=C(N=Cc3cccc4c3OCCO4)c3ncccc32)c2ccc(F)cc2)=C1)c1cccc(-c2ccccc2)c1,-7.8,2.677015935734044,25_1463
COc1ccccc1C1(c2cccc(Oc3ccc4c(c3)OCO4)c2F)NC(=O)N(C(C)(C)C)C1=O,-7.7,3.5708236716106114,25_1464
O=C(Nc1cccc(-c2cccc3ccccc23)c1)c1cc(-c2cccc3ccccc23)no1,-8.9,3.4191904302242246,25_1465
CC(C)=CC1CCc2ccc(-c3cccc4ccccc34)c(O)c2C1,-7.6,3.2664245610434275,25_1466
O=c1nc(N2CCOCC2)oc2c(-c3cccc(Cl)c3)cccc12,-6.9,3.7316661752077938,25_1467
O=C(O)c1ccc(-n2c(-c3ccc4ccc(OCc5ccccc5)cc4c3)nc3ccccc3c2=O)cc1,-7.8,3.3675848455958315,25_1468
O=C(N/N=C/c1ccc(Cl)c([N+](=O)[O-])c1)c1cc(-c2ccccc2)nc2ccccc12,-7.6,3.4889889560754153,25_1469
Cc1ccccc1CCC(=O)N=C(Cc1ccccc1)C(=O)C(=O)NCCc1ccc2c(c1)OCO2,-7.5,3.522385841254968,25_1470
COc1cccc(CN2CCN(c3cccc(C(F)(F)F)c3)C2=O)c1OC,-6.5,3.69874543078726,25_1471
O=C(Nc1cccc(CN2CCOCC2)c1)Nc1nc(-c2cccc(C(F)(F)F)c2)cc(-c2ccccc2C(F)(F)F)n1,-9.6,3.372682733900943,25_1472
O=C(Nc1cccc(-c2cncc(NC(=O)c3ccc4c(c3)OCO4)c2)c1)c1cccc(F)c1,-8.3,3.5427171785100895,25_1473
Oc1cc(-c2nc3cc(F)c(F)cc3[nH]2)cc(C(F)(F)F)c1,-7.8,3.506107852459521,25_1474
CC1CN(c2ccccc2C(N)=O)c2ccccc2N1C(=O)c1ccc2ccccc2c1,-7.5,3.6337955565024567,25_1475
O=C(Nc1ccccc1C(=O)Nc1cc(Cl)cc(Cl)c1)c1cc2ccccc2cc1O,-8.7,3.521729033929981,25_1476
O=c1[nH]c2cc(Cl)ccc2n1C1CCN(C2CCN(S(=O)(=O)c3ccccc3)CC2)CC1,-7.9,3.6657263284405586,25_1477
Cc1ccc(-c2nc3cc(-c4cccc(C(=O)Nc5ccccc5Cl)c4)ccc3o2)cc1,-8.8,3.379000250553667,25_1478
O=C(c1cccc(-c2cccc(-c3nc4cc(C(F)(F)F)ccc4[nH]3)c2)c1)N1CCCCC1,-8.5,3.547333516972791,25_1479
Cc1ccc2c(c1)C(=O)c1ccc(-c3cccc(F)c3)cc1C2=O,-7.6,3.5003309640319804,25_1480
Cc1ccccc1-c1n[nH]c(SCC(=O)Nc2nonc2C)n1,-6.9,3.585253587648661,25_1481
CC1=NN(C(=O)c2cccc(Cl)c2Cl)C(O)(c2ccc(Cl)cc2)C1,-7.3,3.7054894925487254,25_1482
O=C(c1c[nH]c2ccc([N+](=O)[O-])cc12)N1CCC2(CC1)C(=O)NCN2c1ccccc1,-7.6,3.496491402088729,25_1483
COC=CCC(C)=NC(=O)C(=Nc1ccc(-c2ccc(CC#N)cc2)cc1)c1cccc(C#N)c1,-7.3,3.4782809021134984,25_1484
O=C(Nc1ccccc1C(=O)Nc1ccc(Cl)cn1)c1ccc(CNc2ncccn2)cc1,-7.9,3.5210471462899724,25_1485
C=COc1ccc(C(=O)Nc2cc3ccc4c(c3oc2=O)NC(=O)C(c2cccc3ccccc23)O4)cc1C1C=CC=COC1,-8.6,2.0696439684197916,25_1486
O=C(Nc1cccnc1Nc1cccc(Cl)c1Cl)c1ccccc1-n1ccc(-c2ccccc2)n1,-6.7,3.4487552446138547,25_1487
O=C(O)c1cccc(-c2cccc(-c3cccc(C(=O)Nc4cccc(C(F)(F)F)c4)c3)c2)c1,-8.3,3.415011650515919,25_1488
O=C(c1cccc(-c2cccc(-c3cccc(F)c3)c2)c1)c1ccc2c(c1)OCO2,-8.9,3.375680957461158,25_1489
O=C1c2ccccc2NC(c2ccc3c(c2)OCO3)N1CCCCCCn1c(=O)c(-c2ccccc2Cl)c2ccccn2c1=S,-7.0,3.019409376332863,25_1490
O=C(N1CCN(c2nc3ccccc3nc2NC2CC2)CC1)n1c2ccccc2c2ccccc21,-8.9,3.457858211052552,25_1491
O=C(c1cc(Cc2n[nH]c(=O)c3c2NCCC3)ccc1F)N1CCN(S(=O)(=O)c2cccc(C(F)(F)F)c2)CC1,-8.0,3.3917910258752193,25_1492
C#Cc1cnc2[nH]ccc2c1,-4.6,3.132018557705151,25_1493
O=C(Nc1cc(F)ccc1F)c1cccc(-c2cccc(-c3ccccc3F)c2)c1,-8.0,3.4437221338903985,25_1494
Nc1sc(-c2ccccc2)c(-c2ccc(Cl)cc2)c1C(=O)NC1CC1,-6.0,3.694679857344776,25_1495
O=C(CCc1nnc2ccc(N3CCOCC3)nn12)Nc1ccccc1C(F)(F)F,-7.4,3.6991188929853576,25_1496
CC(=O)/C(=C/c1ccccc1)n1nnc2ccccc21,-6.1,3.6180463744563403,25_1497
O=C1C=C(C=CCCc2ccccc2)OC2C1=CC=CCc1cccc(-c3cccc(-c4cccc(-c5nc6cc(F)ccc6[nH]5)c4)c3)c12,-8.4,1.0888699863783238,25_1498
O=C(c1ccc(O)cc1O)N(Cc1ccccc1)c1ccc(-c2cccc(Cl)c2Cl)cc1C(F)(F)F,-7.6,3.4563486857703625,25_1499
O=C(NC(=O)c1cccc2c1C(=O)c1ccccc1C2=O)c1ccccc1Oc1ccccc1,-8.0,3.6205411698085355,25_1500
O=C1/C(=C/c2cccc(OCCCc3ccccc3)c2)N=C2SCCCN12,-5.7,3.5071877015177844,25_1501
O=C(O)C=C1C=CC(OC=C2C=CC(NC(=O)c3nc4ccccc4n(-c4cc5ccccc5nc4-c4cccs4)c3=O)=C2)=C1,-6.9,3.0511031905466535,25_1502
Cc1nc(-c2cccc(C(F)(F)F)c2)sc1-c1cc2ccccc2s1,-7.2,3.485503445325131,25_1503
CC(C)C(NC(C(N)=O)c1cncc(-c2cccc(C(=O)O)c2)c1)C(=O)Nc1ccccc1,-6.8,3.475231159552059,25_1505
O=C(N1CC2=CN(c3cccc(C(F)(F)F)c3)C[C@@H]2C1)n1cccn1,-7.2,3.5827762170436905,25_1506
O=C(NN=C(c1ccccc1)c1ccccc1)N1c2ccccc2Sc2ccccc21,-8.7,3.4666808827380535,25_1507
C=CC(C=CC1=CC(=N)c2ccccc2Nc2ccccc21)=CC=CC#N,-7.0,1.6594903326779091,25_1508
Nc1cc(Nc2cc(-c3ccccc3)cs2)nc2nc(-c3ccco3)nn12,-8.3,3.504307209168444,25_1509
O=C(N[C@]12CCC(=O)C3Oc4c(O)ccc5c4[C@@]31CCN(CC1CC1)[C@@H]2C5)c1cccc2ccccc12,-8.3,3.3572217839797567,25_1510
O=C(Nc1cccc2cccnc12)c1ccc(Nc2nc(-c3ccccc3)nc3ccccc23)cc1,-9.2,3.45571013563535,25_1511
O=C(Nc1ccccc1)Nc1ccc2ncnc(Nc3cccc4cccnc34)c2c1,-9.3,3.4631064608830586,25_1512
O=C(c1cc(Cc2n[nH]c(=O)c3ccccc23)cc(F)c1F)N1CCN(c2ccc(F)cc2)CC1,-8.5,3.6757638926067946,25_1513
O=C1Nc2ccccc2[C@@]12C(c1cccc(Cl)c1)C([N+](=O)[O-])C1CSCN12,-6.5,3.454255397421371,25_1514
C=CC(=O)N=CC1=CC(=NC(=O)C=C(C)c2cnc(Nc3cccc(-c4nc5ccccc5[nH]4)c3)nc2)CC1,-7.5,3.3761849142728457,25_1515
Cc1cccc(-c2nc(-c3cccc4ccccc34)c3ccccc3n2)c1,-8.7,3.272154632436415,25_1516
CCN(CC)c1ccc(-c2nccc3nc(C)nn23)cc1,-6.2,3.7192578065313056,25_1517
Nc1ncnc2c1ncn2Cc1ccccc1,-5.7,3.61299173688385,25_1518
CSc1ccccc1-c1cc2ccccc2[nH]1,-6.3,3.3068998016634295,25_1519
CCC1=CC(=NC(=O)Nc2cccc(-c3cccc(-c4ccc5c(c4)OCCO5)c3C)c2)C=C1C,-8.0,3.5039990261387057,25_1520
CCC(NC(=O)OCC1=CC=COCC=C1)C(=O)N[C@@H](Cc1ccccc1)[C@@H](O)C[C@H](Cc1ccccc1)NC(=O)OCc1cncs1,-6.5,1.152613766463591,25_1521
CC(=CC=CC(=O)N/N=C\N1C(=O)NC(=O)/C1=C/c1ccc(N2CCOCC2)cc1)C(F)(F)F,-7.3,3.067909287770323,25_1522
O=C(Nc1ccccc1C(=O)NC1CCCNC1=O)c1cc(-c2ccccc2)ccc1Cl,-8.5,3.628158363812754,25_1523
O=C(/C=C/c1ccc(Br)cc1)N1CCN(C2c3ccccc3Sc3ccccc32)CC1,-7.5,3.391806537094154,25_1524
O=C(Oc1coc(-c2ccccc2CO)cc1=O)c1ccc2ccccc2c1,-7.9,3.6527377772219927,25_1525
O=C(Nc1cccc(-n2cc(-c3ccncc3)c(-c3ccc(Cl)c(O)c3)n2)c1)c1ccccc1-c1ccccc1,-8.0,3.3493662530738444,25_1526
O=c1[nH]c(-c2ccccc2)nc2c1[nH]c1ccc(S(=O)(=O)Nc3ccccc3)cc12,-9.0,3.5118702271115776,25_1527
O=Cc1ccccc1-c1cccc(-c2cccc(-c3ccc4c(c3)OCO4)c2)c1,-8.9,3.312303489573488,25_1528
CC(=O)O[C@@H]1C([C@@H](C)CCC=C(C)C)=C(C)C[C@H]2OC(=O)C=C[C@@H]12,-5.8,3.335208407605445,25_1529
O=C(CCc1ccccc1Nc1c(Cl)cccc1Cl)N/N=C/c1cccc([N+](=O)[O-])c1,-7.0,3.431723373775196,25_1530
O=C(Nc1cccc(-c2cccc(-c3nc4cc(F)ccc4[nH]3)c2F)c1)c1ccccc1[N+](=O)[O-],-8.2,3.3675501061099338,25_1531
Cc1ccc(C(=O)Nc2ccccc2Cl)cc1Nc1nc2ccccc2n1-c1cc(NCCCN2CCOCC2)ncn1,-7.8,3.0270443950383616,25_1532
O=C(Nc1cc(-c2nc3ccccc3o2)ccc1F)c1ccc2ccccc2c1,-7.6,3.530877349777502,25_1533
CCCCc1nn(-c2ccccc2C(F)(F)F)c(=O)n1Cc1ccc(-c2ccccc2S(=O)(=O)NC(=O)c2ccc(Cl)cc2Cl)cc1,-7.0,3.1590203305261024,25_1534
Oc1ccccc1C=NNc1cc(N2CCc3ccccc3C2)nc2ccccc12,-9.6,3.536216941405881,25_1535
O=c1c2ccccc2nc(-c2cccc([N+](=O)[O-])c2)n1-c1cccc(/C=C/c2ccc3ccc(Cl)cc3n2)c1,-7.8,3.2763970462594934,25_1536
N#Cc1ccc(-c2ccccc2)cc1-c1ccc(NC(=O)c2ccccc2)cc1,-6.8,3.5234998567760276,25_1537
Nc1ncc(-c2cccc(-c3ccc4c(c3)CCO4)c2)cc1-c1ccc2c(c1)CCNC2=O,-9.2,3.5129101979469923,25_1538
O=C(c1cc(-c2cccc(C(F)(F)F)c2)cc(F)c1F)N1CCN(c2ccnc3cc(F)ccc23)CC1,-8.9,3.4346488600266696,25_1539
O=C(O)c1cccc(-c2cccc(-c3cccc4c(=O)cc(N5CCOCC5)[nH]c34)c2)c1,-8.5,3.6550865440257434,25_1541
O=C1/C(=C\c2cccnc2)N=C(c2ccccc2)N1c1cccc(-c2cccc3ccccc23)c1,-8.0,3.315502416390279,25_1543
O=C(Nc1cccc(-c2cccc(C(F)(F)F)c2)c1)c1cc2ccccc2s1,-7.9,3.5287868366082753,25_1544
O=C(Nc1ccc(C(F)(F)F)cc1)Nc1cccc(Oc2cc(-c3cccc(-c4cccc(-c5nc6ccccc6[nH]5)c4)c3)ccn2)c1,-8.2,2.9426291926851538,25_1545
Nc1nc(-c2cccc(-c3cccc(OC(F)(F)F)c3)c2)c2cccnc2n1,-9.0,3.7016834348921814,25_1546
O=C1C(=Nc2ccc3c(c2)OCCO3)C(Cl)C(=O)c2ccccc21,-7.6,3.557907528222045,25_1547
CC=CC(c1ccc(NC(=O)C(=O)C(Cc2ccccc2OCCO)C(=O)C(C)C)cc1)P(=O)(Oc1ccccc1)Oc1ccccc1,-6.8,2.7581778708391687,25_1548
O=C(Nc1ccc(N2CCN(C(=O)c3ccccc3F)CC2)nc1)c1ccccc1Nc1cccc(C(F)(F)F)c1,-7.8,3.460730436333777,25_1549
FC(F)(F)C=CC=CCNc1nc(CN2CCOCC2)nc2scc(-c3ccccc3)c12,-6.9,3.6473643856613425,25_1550
O=C(Nc1nccs1)c1cccc(-c2cccc3cc(C(=O)N[C@H]4CN5CCC4CC5)sc23)c1,-8.9,3.420866883683253,25_1551
O=C(c1cccc(S(=O)(=O)NCc2ccco2)c1)N1CCN(c2ccccc2)CC1,-6.9,3.774597049407938,25_1552
CC1(C)C2CC[C@@H]1CCC1[CH]C(=O)[C@]12C[CH]C1[CH]CC=C2CC(=O)CC[C@]21C,-6.9,1.9145873578514916,25_1553
O=C(Nc1cccc(-c2cccc(F)c2)c1)c1cc(-c2ccccc2)nc2ccccc12,-8.3,3.4038102262798526,25_1554
ON=C(O)/C=C/c1cccc(-c2nc3ccccc3nc2-c2ccccc2)c1,-7.5,3.364440974972732,25_1555
O=P(Nc1cccc(Cl)c1)(Oc1ccccc1)N1CCc2ccccc2C1,-7.3,3.59369380392397,25_1556
O=C(Nc1ccc(Br)cc1)Nc1ncccc1OCc1ccccc1,-7.1,3.726531434842557,25_1557
CC(=C(N=CC(CC=N)c1cccc(F)c1F)c1ccccc1)c1ccnc(Nc2cccc(C(=O)NCCCN3CCCC3=O)c2)n1,-7.0,2.96337377952492,25_1558
O=C(/C=C/c1cccc(Cl)c1)Nc1nc(-c2cccc(OCc3ccccc3)c2)cs1,-7.1,3.5430701593732286,25_1559
O=C(Nc1cccc2ccccc12)c1ccc(-c2cccc(-c3cccc4c3C(=O)c3ccccc3C4=O)c2)cc1,-9.4,3.2757632570351154,25_1560
O=C(NCCc1ccc(Cl)cc1)Nc1cccc(-c2cccc(-c3nc4cc(F)ccc4[nH]3)c2)c1,-8.2,3.3027400863079825,25_1561
Cc1cc(C(=O)Nc2cccc(-c3cn(C(C)C)cn3)c2)c2ccccc2n1,-7.1,3.6830046989643606,25_1562
O=C(c1ccc(-n2ccccc2=O)cc1)N1CCN(c2cccc(Nc3ccccc3)c2)CC1,-7.6,3.6633611102729677,25_1563
C[N+](C)(C)Cc1c(F)ccc2c1C(=O)c1ccccc1C2=O,-6.7,3.5261165572052082,25_1564
Clc1cccc([N+]=C2CCCCC=[N+]2c2c[nH]c3ccccc23)c1,-6.7,2.503393319416937,25_1565
O=C(O)C1c2ccccc2C(=O)N(c2cccc(F)c2)[C@@H]1c1cccc(F)c1,-7.6,3.6765206594453996,25_1566
O=Cc1cc2ccc(Oc3nc(-c4cccc(C(F)(F)F)c4)nc4cc5ccccc5cc34)cc2s1,-8.8,3.172663151045797,25_1567
CC1[C@@H]2[CH]C[C@@H](C2)C[C@@H]1Nc1c2ccccc2nc2ccccc12,-7.1,3.3798130122601275,25_1568
Oc1cccc(-c2cc(-c3cccc(F)c3)nc3c2COc2ccccc2C3)c1,-9.0,2.580031648049971,25_1569
O=C(Nc1cccn2c(-c3cccc(NC(=O)c4ccccc4F)c3)cnc12)c1ccccc1,-7.800000000000001,3.531909429011667,25_1570
O=C(c1ccc(F)cc1Cl)N1CCN(c2cc(-n3cccn3)ncn2)CC1,-7.2,3.702161063835524,25_1571
O=C(Nc1cccc(-c2nc3ccccc3[nH]2)c1)c1cccc(-c2cccc(OC(F)(F)F)c2)c1,-7.8,3.352383566446562,25_1572
O=C(Nc1cccc(C(F)(F)F)c1)c1ccc(-c2ccccc2C(F)(F)F)nc1N1CCC2(CCCC2)CC1,-8.9,3.3689426169691092,25_1574
NC(=O)c1cc(-c2ccccc2Br)cc2cc[nH]c12,-6.6,3.5449662748660593,25_1575
O=C(Nc1cccc(-c2cnc3c(NC(=O)c4ccccc4)cccn23)c1)c1cccc(F)c1,-8.4,3.531909429011667,25_1576
O=C1CC(c2ccccc2F)c2c(Cl)nn(-c3ccccc3)c2N1,-6.8,3.7301966784168323,25_1577
Oc1cccc(-c2nc(-c3ccc4[nH]cnc4c3)no2)c1,-7.6,3.64584408811783,25_1578
O=C(O)c1cccc(-c2cccc(-c3cccc(C(=O)NCCN4CCOCC4)c3)c2)c1,-8.2,3.7041186301749445,25_1579
N=C(N)NCCCC[CH]S[C@H](NC(=O)c1ncn(-c2ccc3ccccc3c2)n1)c1ccc2ccccc2c1,-7.5,2.865980604814077,25_1580
COc1cccc(-c2cccc(-c3cccc(-c4nc5cc(F)ccc5[nH]4)c3)c2)c1,-8.0,3.340210839687136,25_1581
O=C1N(Cc2ccccc2F)c2ccccc2S(=O)(=O)N1C1=CC=CCC1,-7.4,3.603781989281032,25_1582
O=C(c1cccc(S(=O)(=O)N2CCc3ccccc32)c1)N1CCC(Cc2ccccc2)CC1,-8.0,3.576405803665179,25_1583
O=C(NCc1cccc(-c2ncc[nH]2)c1)Nc1ccc(-c2cccc(-c3cccc(C(F)(F)F)c3)n2)cc1,-8.5,3.3161909159272414,25_1584
O=C(Nc1ccc(-c2nc3cc4ccccc4cc3[nH]2)cc1)c1cc2ccccc2oc1=O,-8.3,3.466243503048142,25_1585
O=C(NCc1ccccc1F)c1cc(-c2cccc(-c3cccc(C(F)(F)F)c3)c2)ccc1F,-8.9,3.3396048465552397,25_1586
O=C1C=CC=CCCOc2c(ccc3c(Nc4cccc(C(F)(F)F)c4)cccc23)N1,-7.7,1.2459843085359976,25_1587
COc1cc(-c2nc(-c3ccc4c(c3)OCO4)cc3cccc(C)c23)cc(OC)c1OC,-7.3,3.5875524038745557,25_1588
O=[N+]([O-])c1ccccc1-c1[nH]c(-c2ccc(-c3ccc(F)cc3)cc2)nc1-c1ccccc1,-7.9,3.3927284027245745,25_1589
COC(=O)c1cccc(C(=O)Nc2ccccc2)c1,-6.0,3.628476912626569,25_1590
O=C(Nc1cccc(Nc2c3ccccc3nc3cc(-c4ccccc4)ccc23)c1)c1ccccc1O,-9.0,3.270732771999157,25_1591
O=C(c1cccc(-c2cc3ccccc3oc2=O)c1)N1CCc2ccccc2C1,-8.4,3.502792567193901,25_1592
O=C(O)/C=C/C(=O)Nc1cccc(-c2noc(-c3c4ccccc4cc4ccccc34)n2)c1,-7.8,3.4255141056850853,25_1593
O[CH]c1cc(-c2ccccc2)no1,-5.3,3.5356584541707017,25_1594
O=C(Cn1c2ncccc2c(=O)n1-c1ccccc1)Nc1cc(C(F)(F)F)ccc1N1CCOCC1,-7.7,3.6277721906094467,25_1595
O=C(c1cccc(COc2ccccc2)c1)N(C(=O)c1cccc(C(F)(F)F)c1)c1ccccc1,-7.8,3.4591573439529664,25_1596
CC(C)=CC(=O)OCc1cn(-c2cccc(-c3cccc(-c4ccc[n+](C)c4)c3)c2)nn1,-7.9,3.4586803772351047,25_1597
Cc1c(-c2cccc(C(N)=O)c2)cccc1-n1c(C(C)(O)C2CN=CN2)nc2ccccc21,-7.5,3.546051077951005,25_1598
O=[N+]([O-])c1ccc(CNc2ccccc2-c2ccc(-c3cncc(F)c3)cc2)cc1,-7.4,3.56097735751458,25_1599
O=C(Nc1cccc(Cl)c1)c1cccc(-c2cccc(-c3nc4cc(F)ccc4[nH]3)c2)c1,-8.5,3.4176756792897534,25_1600
Cc1cccc(NCc2ccc(-n3cc4ccccc4nc4ccccc4cn3)cc2)n1,-8.6,1.3528901461324576,25_1601
O=c1[nH]c(=S)n(-c2cccc(C(F)(F)F)c2)cc1-c1cc(-c2cccc(-c3cccc4ccccc34)c2)nc2c1CCCC2,-9.5,3.17685520814112,25_1602
O=C1C=C(CNC(c2nc3cc(C(F)(F)F)ccc3s2)c2cccc(Cl)c2O)C2=CC=C3CC=C3N12,-8.9,3.402759866044998,25_1603
CC=C1C=CCC(CNC(=O)C=NC=Cc2cc(S(=O)(=O)N3CCOCC3)ccc2N)=C1,-6.9,3.40097016043668,25_1604
Clc1ccccc1Oc1nn2c(-c3ccccc3)nnc2c2ccccc12,-7.8,3.5361396107783927,25_1605
O=C(Nc1cccc(-c2cccc(-c3nc4cc(F)ccc4[nH]3)c2)c1)c1ccccc1,-8.5,3.4293586076098226,25_1606
O=C(Nc1cccc(F)c1)c1ccccc1C(=O)N1CCN(c2cnccn2)CC1,-7.5,3.774883233797993,25_1607
O=C(Nc1ccc(C(=O)Nc2cccc(C(F)(F)F)c2)c(NC(=O)C(F)(F)F)c1)c1ccc(Br)o1,-7.7,3.406175310247568,25_1608
O=C(c1cccc(Cc2cc3cc(F)cc(F)c3o2)c1)N1CCN(c2cccc(C(F)(F)F)c2)CC1,-8.1,3.473273421071755,25_1609
O=C(Nc1cccc(Oc2ccccc2)c1)Nc1nc2ccc(F)cc2s1,-7.6,3.650649179600476,25_1610
Cc1ccccc1-c1cccn2c(=O)cc(-c3cccc(CN4CCOCC4)c3)nc12,-7.5,3.6261012728961406,25_1611
O=C(Nc1cccc(Oc2ccccc2)c1)Nc1ccccc1-c1nc(-c2ccncc2)no1,-7.8,3.4674661386650207,25_1612
O=C(NCc1ccccc1-c1cccc(C(F)(F)F)c1)c1cccc(Cc2n[nH]c(=O)c3c2CCCC3)c1,-8.4,3.5373785042546317,25_1613
O=C(O)CC(=NC(=O)c1cccc(Oc2ccccc2)c1)c1ccccc1N(Cc1cccc(OC(F)(F)C(F)F)c1)c1ccccc1,-6.7,2.9811066059139106,25_1614
CCOc1ccccc1-c1ccc2cc3c(cc2c1N1CCc2ccccc2C1=O)OCO3,-7.5,3.4804299393378493,25_1615
O=C(c1ccccc1-c1ccccc1)N1CCN(c2ccccc2-c2nnc3n2CCCC3)CC1,-7.7,3.5232523333661634,25_1616
C[C@H]1[C@H](NCc2ccccc2C(=O)c2cccc(-c3cccc(-n4ccc5cc(C6CC6)cc(F)c5c4=O)c3)c2)[C@H]2C=C[C@@H]1C2,-8.2,2.8975258526482683,25_1618
C#CCN(Cc1ccc2[nH]c(CC)nc(=O)c2c1)c1ccc(C(=O)NC(CCC(=O)O)C(=O)O)c(F)c1,-6.3,3.2732652119202212,25_1619
O=C(Nc1sc(-c2ccccc2)nc1-c1ccccc1)c1cccc(-c2ccccc2)c1,-8.9,3.4357970050357913,25_1620
O=C(Nc1cccc(-c2cn3ccnc3c(NCc3ccncc3)n2)c1)Nc1cccc(-c2ccccc2F)c1,-9.033333333333333,3.208356793409017,25_1621
O=Cc1ccc(-c2cccc(-c3cc4ccccc4o3)c2)cc1,-7.3,3.385579098736791,25_1622
CCC(C)NC(=O)CC(=O)NN=Cc1cccc(-c2cccc(-c3nn[nH]n3)c2)n1,-7.1,3.315358191492608,25_1623
C[C@H](NC(=O)C1C[C@@H](S(=O)(=O)c2ccccc2Cl)CN1C(=O)c1nccs1)c1ccccc1,-7.2,3.7055324688478635,25_1624
O=C(NC(Cc1c[nH]c2ccc(O)cc12)C(=O)O)c1ccc2c(c1)C(=O)N(c1ccccc1-c1ccccc1)C2=O,-8.3,3.1518725220125825,25_1625
O=C(CN1CCOCC1)N1C=CC2=CNN=CC=C(c3ccc(F)cc3)C=CC2=C1,-8.2,1.3596263065796688,25_1626
c1ccc(C(c2ccccc2)c2cccc(-c3cnc4ccccc4c3)c2)cc1,-7.7,2.879112476465518,25_1627
O=C1Nc2ccccc2[C]1C1(c2cccc(F)c2)c2ccc3ccccc3c2Oc2c1c(=O)oc1ccccc21,-8.7,3.1369324852955094,25_1628
Cc1cccc(-c2nn(-c3ccccc3)cc2C=C2C(=O)NC(=S)NC2=O)c1,-8.6,3.559190003854379,25_1629
O=C(N[C@H]1CC[C@H](CCn2cc(-c3ccccn3)nn2)O[C@@H]1CO)c1ccccc1Cl,-7.2,3.636829804198359,25_1630
O=C(CSc1nnc2ccc(-c3ccccn3)nn12)Nc1cccc(C(F)(F)F)c1,-7.0,3.5964273626273693,25_1631
O=C1c2ccccc2C(=O)c2c1ccc1[nH]c(-c3cccc(C(F)(F)F)c3)nc21,-8.1,3.624568610546036,25_1632
O=CN=C1C=CNC(c2ccccc2Cl)=CN=C1CC=Cc1ccccc1,-7.0,1.806903522597258,25_1633
O=C1c2ccccc2C2N1c1ccccc1C(=O)N2c1cccc2ccccc12,-7.9,3.371480447249008,25_1634
CC(=O)NC(Cc1ccc(OP(=O)(O)O)cc1)C(=O)NC(CC(C)C)C(=O)N1CCCC1C(=O)NC(Cc1ccccc1)C(N)=O,-6.7,2.8179155548306016,25_1635
O=C(Nc1ccc2c(c1)CCCN2C(=O)c1cccs1)c1ccccc1Nc1cccc(C(F)(F)F)c1,-7.6,3.528988241700406,25_1636
Cc1ccccc1-c1nc2ccc(-c3cccc(C(=O)NCCCN4CCOCC4)c3)cc2s1,-6.9,3.561808357945211,25_1637
Cc1c(-c2cn(C)[nH]2)cnc2ccc3ccc(-c4csc(CN5CCOCC5)c4)cc3c12,-7.6,3.4903926675188126,25_1638
CC1CC(C)CC(CC(=O)Nc2nc3cc(C4(O)c5ccccc5C(=O)N4Cc4ccccc4)ccc3[nH]2)C1,-7.2,3.3557745481409356,25_1639
Nn1cnc2cc(-c3cccc(-c4ccccc4)c3)nc(N3CCC(O)CC3)c2c1=O,-8.9,3.5575140136437806,25_1640
O=C1NC(=O)N(c2ccccc2)C(=O)/C1=C\c1ccc(-c2ccc(C(F)(F)F)cc2)o1,-8.1,3.6300376676891215,25_1641
CCC(CC(=O)N=C(C)CC=CS(N)(=O)=O)N1CCN(c2ccc(-c3nc4ccccc4[nH]3)cc2)CC1,-5.5,3.5139419161259102,25_1642
O=C(c1cnc(Nc2nc(-c3ccccc3)nc3ccccc23)s1)N1CCN(c2ccccc2)CC1,-8.5,3.500615307332081,25_1643
Cc1c(C(=O)N2CCNCC2)cc(-c2cccc(NS(C)(=O)=O)c2)n1-c1ccc2c(c1)OCO2,-8.0,3.560303611677643,25_1644
CC=C1Cc2c(cnc3cc(F)c(-c4ccc(Oc5ncccn5)cc4Cl)cc23)CC=C1C,-8.5,2.538172546753258,25_1645
O=C(CSc1ccccc1)Nc1cccc(-c2cccc(N3CCOCC3)c2)c1,-7.0,3.665569113616649,25_1646
CCOc1nc(Nc2ccc3c(c2)c2ccccc2n3C)nc(N2CCOCC2)n1,-7.2,3.6634293286346313,25_1647
O=C1c2ccccc2C(=O)c2c1nnn2-c1cccc(-c2cccc(-c3ccccc3OC(F)(F)F)c2)c1,-9.1,3.33026401360165,25_1648
O=C(c1cccc(S(=O)(=O)N2CCCCCC2)c1)N1CCN(S(=O)(=O)c2cccc(F)c2)CC1,-7.6,2.6078401658721955,25_1649
O=C1c2ccc(Sc3ccc4c(c3)OCO4)cc2C(=O)N1c1ccccc1,-7.3,3.5689248819598243,25_1650
O=C(c1ccccc1NS(=O)(=O)c1cccc2[nH]c(-c3ccco3)nc12)N1c2ccccc2CC1c1ccccc1,-8.8,3.3439656499603942,25_1651
Cc1ccc(NC(=O)Cn2cc(-c3ccc4c(c3)c3ccccc3n4C)cn2)cc1C,-8.4,3.554820019991505,25_1652
O=C(Cn1nc2c(Sc3cccc(F)c3)nccn2c1=O)Nc1ccc(C(=O)O)cc1,-7.1,3.5077543711147574,25_1653
O=C(O)c1ccc(CNc2cccc(-c3cccc(-c4ccc(F)cc4)c3)c2)cc1,-7.7,3.4033095773423083,25_1654
O=C(COc1ccc(F)cc1)Nc1cccc(-c2cccc(-c3cccc(-c4nc(=O)c5ccccc5[nH]4)c3)c2)c1,-8.9,3.2531593282595708,25_1655
O=C(Nc1cccc(-c2cccc(F)c2F)c1)Nc1cc(-c2ccncc2)ccc1-c1cccc(Cl)c1,-9.1,3.2876572852814685,25_1656
O=Cc1cc(-c2cccc(-c3ccc(-c4cccc(Cl)c4)nc3)c2)nc2ccccc12,-7.7,3.348815640577005,25_1657
O=C(c1cc2cc(Nc3nccc(-c4ccccn4)n3)ccc2[nH]1)N1CCN(c2ccccc2)CC1,-8.0,3.500075618856668,25_1658
O=C(Cc1ccc(Nc2nnc(-c3ccc(F)cc3)s2)cc1)Nc1cccc(-c2ccccc2CO)c1,-7.3,3.3252162791253888,25_1659
O=C(Cc1ccccc1[N+](=O)[O-])Nc1ccc(-c2cccc(C(=O)c3ccc4c(c3)OCO4)c2O)cc1,-7.3,3.312520708283607,25_1660
O=C1CCCCC1=CC=CC#Cc1cccc(CNC(=O)c2cc3ccccc3[nH]2)c1,-8.0,3.488767522867625,25_1661
O=C(/C=C\N1CCN(Cc2ccc(F)cc2)CC1)c1ccccc1,-6.8,3.5250234461034,25_1662
CC(C)Cn1cc(-c2cc3ccccc3cc2-c2ccccc2)c2ccccc21,-7.2,2.9606845474496852,25_1663
O=C(Nc1cccc(-c2cccc(-c3ccccc3F)c2)c1)c1cccs1,-7.9,3.516030935852065,25_1664
CCOC(=O)/C=C/c1ccc(CN(Cc2ccccc2C(=O)O)c2cccc(C(F)(F)F)c2)o1,-7.2,3.562550355844496,25_1666
O=C(NCc1ccccc1)C(Cc1ccccc1Oc1cccc(F)c1)=NC(=O)c1ccccc1,-7.8,3.515540547432888,25_1667
O=C(c1cccc(-c2cccc(-c3nc4ccccc4[nH]3)c2)c1)N1CCN(c2ccccc2F)CC1,-9.1,3.4648144352837686,25_1668
O=C(c1cc(Cc2n[nH]c(=O)c3c2NCCC3)ccc1F)N1CCN(c2ccccc2F)CC1,-8.1,3.6459261947647112,25_1669
O=C(Nc1cccc(-c2cccc(-c3cccc(F)c3)c2)c1)c1ccc2ccccc2c1,-8.5,3.243702252048939,25_1670
O=C(Nc1cccc(Oc2ccccc2)c1)c1cccc(-c2cccc(-c3nc4cc(F)ccc4[nH]3)c2)c1,-8.1,3.3409451618171255,25_1671
O=C(O)c1cccnc1Nc1cccc(-c2cccc(-c3nc4ccccc4[nH]3)c2)c1,-8.6,3.4564132620683887,25_1672
O=C(Nc1ccc(Nc2c3ccccc3nc3cc([N+](=O)[O-])ccc23)cc1)Nc1ccccc1F,-8.6,3.204568367413634,25_1673
COc1cccc(-c2nc3ccccc3c(=O)n2-c2c(C)n(C)n(-c3ccccc3)c2=O)c1,-7.5,3.5270587436607133,25_1674
Nc1ncnc2c1c(-c1cccc(Oc3ccccc3)c1)cn2C1CCCN(C(=O)c2ccccc2-c2ncc[nH]2)C1,-8.2,3.3005676510791666,25_1675
O=C(CCc1nc(=O)c2ccccc2[nH]1)Nc1nc2ccccc2[nH]1,-7.9,3.602689760208336,25_1676
N=C(N)Nc1ccc(-c2cc(-c3cccc(C(=O)Nc4ccccc4N)c3)cc(C(F)(F)F)c2)cc1,-9.2,3.0307621312782365,25_1677
Oc1ccc(-c2nc(-c3ccc(Oc4ccc(C(F)(F)F)cc4)cc3)no2)c(O)c1,-7.2,3.6265142911860657,25_1678
O=C(Nc1ccc(-n2ccc3nc(-c4cccc5ccccc45)ncc32)cc1)Nc1cccc(C(F)(F)F)c1,-8.3,3.3155456037588698,25_1679
COC=C1C=NC=CC(Oc2cccc(NC(=O)c3cccc(Nc4cccc(C(F)(F)F)c4)c3)c2)=CC=C1OC,-7.7,1.228725495527951,25_1680
O=C(Nc1ccc(Cl)cc1)Nc1cccc(-c2ccccc2O)c1,-7.8,3.581488789924358,25_1681
COc1cccc(C(=O)N(N=Cc2c[nH]nc2-c2cccc(C)c2)C(=O)c2ccccc2F)c1,-7.7,3.491827557080973,25_1682
Cc1ccc(-c2cccc(C(=O)Nc3cccc(-c4cccc(-c5ccccc5)c4)c3)c2)cc1,-9.2,3.0327136042604796,25_1683
CC(C)c1n[nH]c(Nc2nc(-c3ccccc3F)nc3ccccc23)n1,-8.5,3.7000400709777232,25_1684
O=C(N[CH][C@H](O)[C@H]([CH]n1cnc2c(=O)[nH]cnc21)CO)c1ccccc1-c1ccccc1C(=O)Nc1cccc(C(F)(F)F)c1,-7.4,2.9155050518818744,25_1685
CC1C(=NNC(=O)c2ccco2)CC(c2ccccc2)NC1c1ccccc1,-7.5,3.679636137677794,25_1686
O=C1/C(=C/c2cccc(C(F)(F)F)c2)Cc2ccccc21,-7.3,3.34711047073864,25_1687
Cc1ncccc1C(C#N)N1CCN(C(=O)CN2CC[C@H](c3cccc(C(F)(F)F)c3)C2)CC1,-7.3,3.569983833156593,25_1688
Cc1cccc(N(Cc2cccc(F)c2F)S(=O)(=O)c2cccc3cccnc23)c1,-7.7,3.603520659688872,25_1689
O=C(Nc1ccc(C(F)(F)F)cc1)c1cccc(-c2cccc(-c3cccc(-c4ccccc4OC(F)(F)F)c3F)c2)n1,-7.4,3.149719756737764,25_1690
O=C(Nc1ccc(NS(=O)(=O)c2cccc3cccnc23)cc1)c1cccc(C(F)(F)F)c1,-7.7,3.6254710881587,25_1691
O=c1[nH]/c(=C/c2cccc(F)c2)c(=O)[nH]/c1=C\c1cccc(Oc2ccccc2Cl)c1,-7.6,3.6677935067349843,25_1692
O=C(Nc1cc(F)cc(F)c1)c1cc(-c2ccc3ccccc3c2)nc2ccccc12,-8.7,3.4307859810403243,25_1693
COc1ccc(-c2csc(-c3cccc(-c4cccc(C(=O)N5CCOCC5)c4)c3)n2)cc1,-8.7,3.5738869116971506,25_1694
N=C(N)CC1=CC=NC(c2cc(-c3cc(-c4cccs4)ccc3O)cc(C(CC(=O)O)C(=O)O)c2)OCC=C1,-8.6,0.8827914873278511,25_1695
NC(=O)c1cccc2c(-c3cccc(-c4cccc(-c5cccc(Cl)c5)c4)c3)ccnc12,-9.5,3.4236970243406524,25_1696
Cc1c(CCNC(=O)c2ccccc2)c(-c2ccccc2)nn1-c1ccccc1,-7.8,3.6239191014465097,25_1698
Cc1ccccc1-c1cc(NC(=O)c2cc3ccccc3oc2=O)ccc1N1CCN(C(=O)c2ccco2)C1,-7.5,3.4220915737956097,25_1699
O=C(CN1C(=O)NC2(CCCC2)C1=O)Nc1ccc2c(c1)C(=O)c1cc(NC(=O)c3cccc(F)c3)ccc1-2,-8.0,3.290760487602578,25_1700
O=C(Nc1cccc(-c2ccc3c(c2)OCCO3)c1Cl)c1cnccn1,-6.9,3.774896152558134,25_1701
O=C(c1ccc2c(c1)sc1nc(C3=CC=CCC3)cn12)N1CCN(c2ccccc2)CC1,-7.8,3.5077573247322844,25_1702
O=C(Nc1ccccc1)Nc1cccc(-c2cccc(N3CCCC3)c2)c1,-8.5,3.5780360310719184,25_1703
COc1ccc(-n2nc(C(=O)Nc3cc(F)c(F)c(Cl)c3)c3ccccc3c2=O)cc1,-8.9,3.6384184348050415,25_1704
O=C(Nc1cccc([N+](=O)[O-])c1)c1ccc2ccccc2c1,-6.9,3.6473144114676743,25_1705
O=C(Nc1ncnc2[nH]cnc12)c1cccc(-c2cccc(-c3ccc4c(c3)OCO4)c2)c1,-9.4,3.535972260402305,25_1706
N#CC=CC=CCc1ccc(-c2cccc(NC(=O)c3ccc(Cl)cc3Cl)c2)o1,-6.7,3.572146590794855,25_1707
O=C(Nc1cccc(-c2cnc3c(NC(=O)c4ccccc4)cccc3c2)c1)c1cccc(F)c1,-8.1,3.45581138304393,25_1708
Cn1c(-c2ccc(C(=O)c3cccc(-c4ccccc4C(F)(F)F)c3)s2)nc2cc(F)ccc21,-8.1,3.3065744203587126,25_1709
O=C(NCCN1CCCCC1)c1c(O)c2cccc3c2n(c1=O)CCC3,-7.3,3.6500930895713455,25_1710
O=C(Nc1cccc(-c2cccc(-c3nc4cc(C(F)(F)F)ccc4[nH]3)c2)c1)c1ccccc1C(=O)N1CCOCC1,-8.1,3.381371471196818,25_1711
O=c1c2ccccc2nc(/C=C/c2ccc3c(c2)OCO3)n1-c1ccccc1,-7.6,3.614854650559334,25_1712
CO[C@@H]1[C@H](O)[C@@H](O)[C@H]1OC1[CH]O[C@@H](Oc2ccccc2C(=O)c2c(O)cc(-c3cccc(O)c3)cc2OC=O)[C@H](CO)[C@@H](O)[C@@H]1O[CH]O,-6.6,1.6267305877495266,25_1713
O=C(Nc1cccc(-c2cccc(-c3cccc(F)c3)c2)c1)c1ccccc1,-8.4,3.3812540668581823,25_1714
O=C(Nc1cccc2ccccc12)c1cccc(-c2cccc(C(=O)NC3CC3)c2)c1,-8.2,3.5122087950076186,25_1715
CCN(c1cccc(C(=O)N2CCN(c3cccc(OC)c3)CC2)c1)S(C)(=O)=O,-6.5,3.7148441794861515,25_1716
O=C(NCc1cccc(COc2ccccc2)c1)c1cccc(-c2cccc(F)c2)c1,-7.2,3.500648751683948,25_1717
O=C(c1ccc2cc(Oc3ccc(C(F)(F)F)cn3)ccc2n1)N1C[C@@H]2C[C@H]1CO2,-7.4,3.6276992816625455,25_1718
O=C(Nc1cccc(-c2cn3ccnc3c(NCc3ccncc3)n2)c1)Nc1cccc(C(F)(F)F)c1,-8.233333333333333,3.351509113506621,25_1719
CC(C=CCC(F)(F)F)=NC=NN=Cc1cccc(-c2cc3ccccc3oc2=O)c1O,-7.3,3.448939782894325,25_1720
O=C1NC(=O)c2c1c1ccccc1c1[nH]c3c(-c4cc5ccccc5o4)cccc3c21,-8.7,3.3815704142469043,25_1722
O=C(N/N=C/c1ccc2c(c1)OCO2)c1cc2ccc(Br)cc2cc1O,-7.3,3.6283210391791183,25_1723
O=C1Nc2cccc(F)c2C12CCN(C(c1ccccc1)c1cccc(C(F)(F)F)c1)CC2,-8.3,3.455521500270823,25_1724
O=C(Nc1ccc(F)c(-c2cccc3nccn23)c1)c1ccccc1-c1ccccc1,-7.8,3.5092681554258602,25_1725
Oc1cccc(-c2cccc(-c3cc(O)ccc3F)n2)c1,-7.7,3.660750026541552,25_1726
Cc1ccc2nc(C)cc(N3CCN(c4ccccc4)CC3)c2c1,-6.6,3.5667300974383784,25_1727
O=C1Nc2ccccc2SC(c2ccccc2)N1c1cccc(C(F)(F)F)c1,-7.3,2.611813656956575,25_1728
O=C(Nc1cccc(-c2cccc(-c3ccccc3)c2)c1)c1ccccc1[N+](=O)[O-],-8.3,3.535794953031075,25_1729
CN1CCN(c2nccc3ccccc23)CC1,-6.2,3.4537758598567008,25_1730
CCc1cccc(-c2cccc(-c3cc(-c4ccnn4C4CCOCC4)c4c(N)ncnn34)c2)c1,-9.1,3.5147342181060144,25_1731
O=S(=O)(Nc1ccccc1I)C1=C(c2nccc3ccn(S(=O)(=O)c4ccccc4)c23)C=CC1,-6.9,3.5073621188370856,25_1732
COc1ccc(-n2nnc3cc(-c4noc(C5C=COCC5=O)n4)ccc32)cc1,-7.3,3.5438313919331863,25_1733
CC(=O)Nc1ccc(NC(=O)c2ccccc2NC(=O)c2cc3ccccc3o2)cc1,-7.8,3.564958830144553,25_1734
O=c1[nH]nc(-c2ccc3nc(-c4ccc(F)cc4)oc3c2)c2ccccc12,-8.0,3.5952864059091807,25_1735
O=Cc1c(N2CCOCC2)oc2cc(-c3cccc(-c4ccccc4C(F)(F)F)c3)ccc12,-7.6,3.507382145081373,25_1736
CC(C)[CH]CC1Oc2c(cccc2-c2cccc(C(F)(F)F)c2)C(=O)N[C@@H]2C1=COc1cc(F)c(F)cc12,-8.0,1.5820929415271303,25_1737
Oc1c(Cc2nc3c(F)cccc3[nH]2)nc(-c2ccccc2)n1-c1ccc(OCc2ccc3c(c2)OCCO3)cc1,-8.6,3.3401610938827635,25_1738
Cc1cccc(Cl)c1NC(=O)c1ccc2[nH]c(-c3cccc(-c4cscn4)c3)cc2c1,-7.8,3.4533324732954362,25_1739
Cc1cc2c(Nc3cccc(C(F)(F)F)c3)nc(-c3cc(C(F)(F)F)cc(C(F)(F)F)c3)nc2cc1O,-9.6,3.384962750452519,25_1740
COC=CC=CC(=O)N1Cc2ccccc2N=C1c1cccc(C(F)(F)F)c1,-6.7,3.523659473490916,25_1741
O=C(c1ccc2c(c1)OCO2)N1CCN(c2nc3ccccc3nc2Nc2ccccc2)CC1,-8.7,3.5664257058378492,25_1742
O=C(Nc1cccc(C(F)(F)F)c1)c1ccccc1NC(=O)c1ccccc1-c1ccccc1C(=O)Nc1ccc2ccccc2c1,-8.9,2.9608476482067174,25_1743
Nc1ccccc1NC(=O)c1cccc(-c2cccc(-c3cccc(-c4cccc(C(F)(F)F)c4)c3)c2)c1,-9.5,3.1404135193046034,25_1744
Cc1c(C(=O)OC2CCN(C)CC2)cccc1-c1cccc(-c2cccc(-c3nc(=O)o[nH]3)c2)c1,-8.6,3.591399540322156,25_1745
O=C(NCc1cccc(Cl)c1)c1c2n(c3ccccc13)CCN(Cc1ccccc1F)C2=O,-8.0,3.6481536048033005,25_1746
O=C(Nc1cccc(-c2cccc(C(F)(F)F)c2)c1)Nc1cccc(-c2cc3ccccc3[nH]2)c1,-9.0,3.094672844462141,25_1748
Cc1cc(N(Cc2cccc(NS(C)(=O)=O)c2)c2cccc(-c3ccccc3F)c2)nc(N)n1,-7.9,3.595069633215388,25_1749
Nc1c(-c2ccccc2F)cccc1-c1cn(-c2cccc(C(F)(F)F)c2)nc1C(=O)c1cc2cc(-c3nn[nH]n3)ccc2n1-c1ccccc1,-9.1,2.809482250750351,25_1750
O=C(/C=C/c1ccc2c(ccc3ccc4ccccc4c32)c1)c1ccccc1,-7.7,2.835613662831711,25_1751
O=C(Nc1cccc(CN2CCCN(c3ccccc3)CC2)c1)c1ccccc1,-5.9,2.6899757691787407,25_1752
O=C(Nc1cccc(Nc2ncnc3[nH]ncc23)c1)c1cccc(C(F)(F)F)c1,-8.2,3.5643661181928104,25_1753
Cc1nnc(-c2cccc(NC(=O)c3cc4ccccc4cn3)c2)o1,-7.3,3.736257184697598,25_1754
O=C(Nc1ccc2c(c1)OCCO2)c1cccnc1NCc1ccncc1,-7.6,3.718850747890338,25_1755
O=C1CCc2cc(Nc3cc(-c4cccc(CNc5ccccc5)c4)nc4ccccc34)ccc2N1,-8.5,3.309874232502043,25_1756
O=C(Nc1ccc(NC(=O)c2ccccc2-c2ccccc2)cc1Cl)c1ccc2cc[nH]c2c1,-7.6,3.323545271814171,25_1757
O=C(CSc1nc2ccccc2c(=O)n1-c1ccc2c(c1)OCO2)Nc1ccc(S(=O)(=O)N2CCCCC2)cc1,-7.7,3.237377976737757,25_1758
O=C(Nc1ccc2c(c1)c1ccccc1n2C1CCCC1)c1cccc(C(=O)c2ccccc2)c1,-8.2,3.3282326172609062,25_1759
COc1cc(F)cc2c1nc(C)c1c(C)nc(-c3ccccc3C)n12,-6.5,3.638207657787538,25_1760
O=c1n(Cc2ccccc2)c2cccnc2n1-c1ccc2c(c1)OCCO2,-8.1,3.646504223060807,25_1761
O=C(Nc1ccc(C(=O)N2CCN(c3cccc(Cl)c3)CC2)cc1)c1ccccc1-c1ccccc1,-8.1,3.536093665435672,25_1762
O=C(Nc1ccc(Nc2c3ccccc3nc3cc([N+](=O)[O-])ccc23)cc1)Nc1ccccc1C(=O)Nc1cccc(C(F)(F)F)c1,-9.2,2.6860599460585872,25_1763
O=C(/C=C/c1cccc(-c2nc3ccccc3n2-c2ccc(C(F)(F)F)cc2Cl)c1)c1ccccc1O,-7.7,3.227483176425812,25_1764
Cc1nn(C)c2cn(-c3cccc(C(=O)Nc4ccccc4)c3)nc12,-7.1,3.738954797674485,25_1765
O=C(NCc1cccc(F)c1)c1ccc2cccnc2c1O,-6.9,3.6965121397798857,25_1766
Cc1cnc(C(=O)Nc2cccc(-c3ccc(-c4nc5c(C)cccc5[nH]4)cc3)c2)c(C)c1,-7.5,3.448392080490696,25_1767
Nc1ccc(-c2nc3ccccc3n2-c2cccc(-c3ccccc3F)c2)cc1,-8.1,3.4382788163803326,25_1768
Cc1cccc(N(CC=C2c3ccccc3-c3ccccc32)[C@@H]2CCCCN2C)c1,-7.8,3.2762748857975037,25_1769
O=C(C=CC=CS(=O)(=O)Nc1ccccc1)Nc1ccc(Cl)cc1F,-6.4,3.6364993228017477,25_1770
O=C(c1cccc(-c2cccc(-c3cccc(CO)c3)c2)c1)N1CCN2CCC[C@H]2C1,-8.3,3.588924886778453,25_1771
O=c1ccc2cc(S(=O)(=O)Nc3ccon3)ccc2n1-c1ccc(-c2ccccc2)nc1-c1ccccc1,-8.5,3.4659565867668367,25_1772
O=C(O)c1cccc(-c2cnc(-c3cc4ccccc4n3-c3ccc(F)cc3)o2)c1,-8.7,3.597436716971594,25_1773
N#Cc1ccccc1-c1cccc(-c2cccc(-c3ccc4c(c3)oc3c(N)ncnc34)c2)c1,-8.7,3.486167218139756,25_1774
O=C1CC(c2ccccc2)CC(=O)C1Sc1cccc(F)c1,-6.9,3.598834338795913,25_1775
O=C(O)c1cccc(-c2ccc(C(=O)Nc3ccccc3)o2)c1,-7.4,3.7296423302785824,25_1776
Cn1c(-c2cccc(-c3cccc(-c4cccc(-c5cccc(C(=N)Nc6ccccc6F)c5)c4)c3)c2)nc2ccccc21,-10.3,2.943792217982521,25_1777
CNC(=O)CCc1cccc(-c2cncc(-c3ccc4c(c3)CCNC4=O)c2)c1,-7.5,3.709362416830417,25_1778
O=C(CCn1c2ccccc2c2cc(-c3ccccc3F)ncc21)Nc1ccc(F)c(Cl)c1,-7.7,3.478827190386979,25_1779
O=C(c1ccc(NS(=O)(=O)c2cccc3scnc23)cc1)N1CCC(N2CCCCC2)CC1,-6.6,3.6513148832034243,25_1780
O=C(O)c1ccc(-n2c(-c3ccccc3)cc3c2CCc2ccccc2C3)cc1,-7.7,2.5369828085848156,25_1781
O=C(NCCN1CCCCC1)c1cccc(-c2ccc(NC(=O)c3cccc4ccccc34)cc2)c1,-7.5,3.497254870827698,25_1782
C=C1C=COC(c2cc(-c3ccccc3)cc(C3=Cc4ccccc4NC3)n2)=C1,-9.0,3.390080019897035,25_1783
Oc1cccc(-c2cc(-c3ccccc3F)nc3c2Cc2cc(O)ccc2-3)c1,-9.1,3.5382346254688546,25_1784
COc1cccc(-c2nc(-c3ccc4c(c3)CCC(=O)N4)cs2)c1,-7.3,3.7529053661642484,25_1785
O=C(NCc1ncccn1)C1CCCN1c1nc2ccccc2n1-c1cccc(C(F)(F)F)c1,-8.0,3.6726873725211417,25_1786
Nc1nc(-c2cc(Oc3ccc(C(F)(F)F)cc3)c3ccccn23)c[nH]1,-7.4,3.6673545695176015,25_1787
O=C(Cc1cccc(C(F)(F)F)c1)Nc1ccc(-c2cccc(C(=O)c3cc4cc(Cl)ccc4[nH]3)c2)cc1CCCn1ccnc1,-7.6,3.112971555117876,25_1788
O=C(NC(Cc1ccccc1)C(=O)Nc1ccc2ccccc2c1)NC(CCCCNC(=O)OCc1ccccc1)C(O)=NO,-7.3,2.6173999093897993,25_1789
CNc1ccccc1Oc1ccc(OC)c(NC=NC(=Nc2cccc3ccccc23)Nc2ccccc2)c1,-8.6,3.1300041578299704,25_1790
O=C(NCc1ccccn1)c1cccc(Nc2cc3cc(-c4cccc(C(F)(F)F)c4)ccc3cn2)c1,-8.4,3.4329556333961637,25_1791
CCCn1cnc2cc(-c3cccc(-c4cccc(-c5nc6c(C)cccc6[nH]5)c4)c3)ccc21,-7.8,3.3791136899049743,25_1792
O=C(Nc1cccc(-n2cc(-c3cccc(OCc4ccccc4)c3)c(=O)cn2)c1)c1ccc(Cl)s1,-8.3,3.3690684244441957,25_1793
N#Cc1cccc(-c2cccc(-c3nc4ccccc4[nH]c3=O)c2)c1,-7.9,3.666825369531012,25_1794
Cn1c2c(c3cc(O)ccc31)CSc1ccccc1-2,-6.5,3.5186849662045647,25_1795
C=CCC(C=NC(C(=O)N1c2ccccc2CC1C(N)=O)=C1C=CC=CC1)=CC=COC,-7.6,3.143477260887882,25_1796
O=C(Nc1ccccc1C(=O)NCc1cccnc1)c1ccccc1,-7.3,3.731620346467175,25_1797
O=C(Cc1ccc(Nc2nc(-c3cccc(Cl)c3)cs2)cc1)Nc1ccccc1,-7.2,3.5992642986867636,25_1798
COc1ccccc1NN=Cc1ccccc1N(C=O)c1cccc(C(F)(F)F)c1,-6.8,3.5338835760264087,25_1799
O=C(Nc1ccccc1)c1ccc(Nc2c3ccccc3nc3ccccc23)cc1,-7.7,3.414760145452716,25_1800
O=C1Nc2ccccc2C12Cc1ccccc1C(c1ccc(-c3cccc(-c4ccc5ccccc5c4)c3)cc1)C2,-9.0,2.8975049185811894,25_1801
O=C1C=CC=CCCc2cc(F)ccc2Oc2cc3ccccc3cc2C(c2ccccc2F)N1,-8.3,1.9449840244800694,25_1802
O=C(c1ccc2ccccc2c1)N(c1ccccc1)c1ccccn1,-7.6,3.5079561665931998,25_1803
Cc1cccc(-c2cccc(-c3cccc(-c4cccc(C(=O)N(C)C)c4)c3)c2)c1,-8.7,3.277291928685881,25_1804
O=C(N=CC=CC1CC1=Nc1c2ccccc2nc2ccccc12)c1cccc([N+](=O)[O-])c1,-7.8,3.298091491889811,25_1805
O=C(/C=C/c1ccc(/C=C2\SC(=S)N(C(Cc3ccccc3)C(=O)O)C2=O)cc1)c1cccc(C(F)(F)F)c1,-7.1,3.3742483581048486,25_1806
Cc1ccc(NC(=O)c2cccc(N3C(=O)c4cccc5cccc(c45)C3=O)c2)cc1Cl,-8.1,3.477234697187991,25_1807
O=CC(=CN(c1ccccc1)c1cc(-c2ccccc2)cc(-c2ccccc2)c1C1=CC(=O)c2ccccc2C1=O)CCl,-7.3,2.855914310407408,25_1808
Cc1ccccc1Nc1nc(N)nc(CSc2n[nH]c(-c3ccccc3)n2)n1,-7.7,3.4537899315977,25_1809
Cc1cccc(C)c1Nc1ccccc1C(=O)Nc1[nH]nc2ccccc12,-7.7,3.5536438986661305,25_1810
O=C(NCc1cccc(-c2cccc(-c3nc4ccccc4[nH]3)c2)c1)c1cccc(C(F)(F)F)c1,-8.8,3.40353052176744,25_1811
O=C(Nc1cccc(-c2cccc(-c3nc4ccccc4[nH]3)c2)c1)c1cccc(-c2cccc(-c3nc(=O)c4ccccc4[nH]3)c2)c1,-8.2,3.117678689241269,25_1812
O=C(Nc1ccccc1)c1cccc(Nc2nc3ccccc3nc2Nc2ccccc2)c1,-8.9,3.4187060794376984,25_1813
Cc1ccc(-c2cc(F)cc(CNc3cccc(-c4ccco4)c3)c2)cc1C,-7.7,3.437390179816795,25_1814
O=C(c1nn2c(C(F)(F)F)cc(C3CC3)cc2c1Cl)N1CCN(c2cccc(C(F)(F)F)c2)CC1,-8.7,3.428547846477296,25_1815
CCCc1cc2ncnc(N)c2n1-c1ccc(CC(=O)Nc2cc(C(F)(F)F)ccc2F)cc1,-7.0,3.5690859441836817,25_1816
O=C(Nc1ncnc2c1ccn2-c1ccc(NC(=O)c2ccccc2Cl)cc1)c1ccccc1,-6.2,3.5285662046098905,25_1817
O=C(Nc1ccc(C(=O)N2CCN(c3ccccc3CN3CCOCC3)CC2)cc1)Nc1cccc(C(F)(F)F)c1,-7.2,3.5187894374707565,25_1818
O=C(N/N=C/c1ccccc1OCc1ccc(F)cc1)c1ccc(-c2ccccc2)cc1,-7.2,3.4013299992039747,25_1819
O=C(Nc1cccc(-c2csc(-c3nc4ccccc4[nH]3)c2)c1)c1ccccc1,-8.2,3.510315806136669,25_1820
O=c1cc(C(F)(F)F)[nH]c2c(-c3ccc(F)cc3)cnn12,-7.2,3.564703672284458,25_1821
CC=C(F)C=CC(=O)NCc1cn(Cc2cccc(-c3ccccc3)c2)nn1,-6.4,3.6593257356989577,25_1822
COc1ccc(Nc2ncc(-c3cccc(NS(C)(=O)=O)c3)cc2-c2ccccc2C(F)(F)F)cn1,-8.3,3.528607961745127,25_1823
O=c1c2ccccc2nc(-c2ccccc2)n1-c1cccc(Nc2cccc(C(F)(F)F)c2)c1,-7.8,3.4192898667048333,25_1824
CCOC(=O)c1cnc2ccc(OC)cc2c1Nc1ccc(NC(=O)c2ccccc2F)cc1,-7.0,3.5342969697933313,25_1826
O=C(N=CC1=CC[C@H](n2cccn2)N=C1)c1cccc(-c2cccc(-c3ccccc3Cl)c2)c1,-7.7,3.493297063486877,25_1827
O=C(O)CC[C@@H]1Cn2cc(-c3cccc(C(F)(F)F)c3)c3cccc(c32)O1,-7.6,3.722084149749313,25_1828
Cc1cccc(Nc2ccc(-c3ccccc3)cc2NC(=O)c2ccc(C)s2)c1,-8.4,3.5032076665762837,25_1829
O=C(Cc1ccccc1F)Nc1ccc(-c2nc(N3CC4CCC(C3)O4)c3cnn(C4CCC5(CC4)OCCO5)c3n2)cc1,-7.9,3.1276241135450498,25_1830
O=C(NC1(C(F)(F)F)NC(=O)N(CCc2ccccc2)C1=O)c1ccc2ccccc2c1,-7.6,3.6580906857958078,25_1831
CC1=CC=C(S(=O)(=O)Nc2cc(O)cc(-c3ccc4cc5ccccc5cc4c3O)c2C)C1,-8.1,3.4526590192706488,25_1832
O=C(CSc1nnc(-c2ccc(/N=C\c3ccc(Cl)cc3)cc2)o1)Nc1cccc(F)c1,-6.8,3.5145362984625432,25_1833
O=C(c1cccc(-c2cccc(C(=O)N3CCN(S(=O)(=O)c4cccc([N+](=O)[O-])c4)CC3)c2)c1)N1CCOCC1,-8.4,3.318049288272061,25_1834
O=C(c1cccc(-c2cccc3c(=O)cc(N4CCOCC4)oc23)c1)N1CCNCC1,-7.8,3.655235770678483,25_1835
C1=COCC(=CC(=Nc2ccc(-c3ccccc3)cn2)c2ccc3ccccc3c2)C1,-8.6,3.386089496528456,25_1836
O=C(O)c1cc(-c2cccc(-c3cccc4c(=O)cc(-c5ccccc5)[nH]c34)c2)ccc1Cl,-8.3,3.4076751883134078,25_1837
Nc1ncnc2c1ncn2[C@@H]1OC(C(=O)N2CCN(Cc3ccccc3)CC2)[C@@H](O)[C@H]1O,-7.2,3.1819527631051745,25_1838
O=c1[nH]c2c(Cl)cccc2c(O)c1-c1ccc(-c2cccc(-c3cccc(-c4nc5ccccc5[nH]4)c3)c2)cc1,-8.0,3.214736759055085,25_1839
COc1c(NCCO)ccc2c(=O)c3cccc(F)c3[nH]c12,-6.3,3.608874147173861,25_1840
O=C(Nc1nnc(-c2ccc3c(c2)OCO3)o1)c1cccc(Oc2ccccc2)c1,-8.1,3.664477921572946,25_1841
Fc1ccc(-c2ccc3nnc(SC4C=CC=Nc5cc6ccccc6cc54)n3n2)cc1,-9.0,2.509470419771656,25_1842
O=C(Nc1nc2ccccc2n2c(=O)c(-c3ccccc3)nn12)c1ccccc1,-7.8,3.6278991433855143,25_1843
O=C(Nc1cccc(Cl)c1Cl)Nc1cnc2ccc(-c3cccc(C(F)F)c3)cc2c1Nc1ccc(-c2ccccc2)cc1,-8.5,2.9703633591217913,25_1844
Oc1ccc(-c2nnc(-c3cccc(Nc4ccc5c(c4)OCO5)c3)o2)cc1,-8.2,3.646295931177387,25_1845
Cn1nnc2c(Nc3ccc(F)c(F)c3)nc(C#Cc3cccc(O)c3)nc21,-8.2,3.5662873141760225,25_1846
N#Cc1ccc(-c2ccc(C(=O)Nc3ccccc3C(=O)Nc3cccc(C#N)c3)cc2)cc1,-7.8,3.593779592698752,25_1847
O=Cc1cc(-c2cccc(-c3cccc(C4=NCCN4)c3)c2)ccc1-c1ccc2ccccc2c1,-8.7,3.3069231841735576,25_1848
O=C(Nc1nc2ccccc2[nH]1)c1cccc(-c2cccc(-c3cccc(-c4ccccc4F)c3)c2)c1,-9.4,3.297956728102947,25_1849
O=C(Nc1cccc(-c2ccc(C(=O)c3cccc(O)c3)c3ccccc23)c1)c1cccc(C(F)(F)F)c1,-8.5,3.229419968896929,25_1850
CC=C(C=CC(=O)N[C@@H](c1cccc(-c2cccc(F)c2)c1)c1cnc2ccccc2c1Cl)c1cccc(-c2cccc(-c3ccccc3)c2)c1,-7.4,2.7880032517197066,25_1851
O=C1CC=CC=C(Oc2ccccc2)CC(C=CC=Cc2c3ccccc3nc3ccccc23)CC=CC=N1,-7.3,1.0396606453106285,25_1852
COC=CCC(C)=NC(=O)Nc1ccc2c(c1)CC(=O)N([C@H](C)CO)C[C@H](C)[C@H](CN(C)S(=O)(=O)c1ccccc1)O2,-6.7,1.1258904715330083,25_1853
O=C(Nc1ccc(C(=O)O)cc1)Nc1ccc(-c2cccc(-c3nc4cc(C(F)(F)F)ccc4[nH]3)c2)cc1,-6.8,3.1275106336544476,25_1854
O=C(Nc1cccc(C(=O)Nc2ccc3c4c(cccc24)CC3)c1)c1ccc2c(c1)OCO2,-8.6,3.547672702018544,25_1855
O=[N+]([O-])c1ccc(-c2cn(Cc3ccccc3)nn2)cc1,-6.3,3.614451108371674,25_1856
O=C(c1ccccc1)c1ccc(C(=O)N2c3ccccc3Sc3ccccc32)cc1,-8.0,3.4566533004420643,25_1857
O=C(Nc1ccc(Cl)cc1)Nc1cccc(-c2cccc(-c3nc4ccccc4[nH]3)c2)c1,-8.5,3.349585336848322,25_1858
CNC(=O)c1ccc(-n2cnc3c(NCCC(F)(F)F)cc(Oc4cccc(F)c4OC)cc32)cc1C,-7.6,3.472217113201274,25_1859
O=Cc1c2cccc1-c1cc(-c3nc4ccccc4s3)c(Oc3ccc(O)cc3)cc1O2,-8.8,3.4492773485334056,25_1860
O=C(Cn1nc2c(Oc3ccccc3)nccn2c1=O)Nc1cccc(Br)c1,-7.5,3.6658713231096938,25_1861
O=C(Nc1ccccc1C(=O)Nc1ccccc1C(F)(F)F)c1ccc2ccccc2c1,-8.4,3.5444396339091737,25_1862
N=CNC(=C(N=CN)c1ccc2ccccc2c1)c1cccc(C(=O)N2CCc3ccccc3C2)c1,-8.0,3.293707961042136,25_1863
O=C(NCC1CC1)c1cn(-c2ccccc2)nc1-c1ccccc1,-6.9,3.7219861433957764,25_1864
CCC=NC(CC(=Nc1ccccc1)c1ccccc1Oc1ccccc1)c1cccc(NC(=O)NC(=O)c2ccccc2C)c1,-7.4,3.003228502633612,25_1865
C[C]1C=CC(O)[C@]2(C)C1=CCC1[CH]C(C)(C)C[C@H](O)[C@H]12,-6.1,3.012266814534073,25_1866
Cc1cc(-c2ccccc2)nc(N(C)c2cccc(C#N)c2)n1,-7.1,3.690475435797995,25_1867
O=C(NCc1ccco1)C1CC(c2cccc3ccccc23)=NN1c1cccc2ccccc12,-9.7,3.5035551357152803,25_1868
Cc1ccnc(Nc2ccc(-c3cccc(-c4cc5ccccc5c5ccccc45)c3)cc2)c1,-8.7,3.0487359519850914,25_1869
O=CC1=CC(c2cc(-c3ccccc3Cl)nc3c2ccc2ccccc23)=CC1,-8.1,3.285087375957615,25_1870
O=C(Nc1cccc(-c2cc(Nc3cccc(C(F)(F)F)c3)ncn2)c1)Nc1cccc2c1C1CCCCN1C2=O,-9.0,3.3093928518002027,25_1871
O=C(c1nn(-c2cccc(CN3CCOCC3)c2)c2c1CS(=O)(=O)c1ccccc1-2)N1CCOCC1,-7.2,3.3646410522879355,25_1872
COC(=O)C=C(C)N=C(C)C([CH]c1cccc([N+](=O)[O-])c1)C(=O)NCCCN1CCC(c2ccccc2)(c2ccccc2)CC1,-6.8,2.9297475162826947,25_1873
CCOC(=O)c1c(NC(=S)Nc2cccc(Cl)c2)sc2c1CCN(C(=O)OCC)C2,-6.8,3.5874163195315947,25_1874
O=C(Nc1cccc(-c2ccc(-c3nc4c(F)cccc4[nH]3)s2)c1)c1ccccc1-c1ccccc1,-8.3,3.3560357889585255,25_1875
O=C(NC1CCN(CC(=O)n2c3ccccc3c3ccccc32)CC1)c1ccccc1F,-7.9,3.699439342510319,25_1876
Cc1ccc(-c2nc(-c3ccc4c(c3)-c3ccccc3C(=O)C4=O)cs2)cc1,-8.5,3.48353105550856,25_1877
O=COC(O[C@@H]1O[C@H](COC(=O)c2cccc([N+](=O)[O-])c2)[C@@H](O)[C@H](O)[C@H]1O)c1cccc(Cl)c1,-6.7,2.789717638422332,25_1878
C[C]1C(=C2CC(=O)OC2O)C(=O)[CH]OC1C/C(C)=C/C[C@@H]1CC=C([CH]OC(C)=O)O1,-6.4,3.125548572941244,25_1879
O=Cc1ccccc1-c1ccc(-c2cccc(Nc3ccccc3C(F)(F)F)c2)cc1,-8.2,3.3262495378283004,25_1880
N#Cc1ccccc1Oc1ccc2c(c1)[C@@H](c1ccccc1F)N(C(=O)c1ccc3c(c1)OCO3)C2,-8.7,3.486800459419871,25_1882
O=C(O)c1cn(-c2ccc3c(c2)CCC3)c2cc(Nc3cccc(F)c3)c([N+](=O)[O-])cc2c1=O,-8.0,3.489222793239284,25_1883
C[C@@]1(c2cc(NC(=O)c3ccc(C#N)cn3)ccc2C2CC2)COCCN1C(=O)c1ccccc1-n1cnnn1,-7.1,3.345939179242132,25_1884
N#Cc1ccccc1N1CCN(C(=O)C2CCCN(C(=O)c3cc4ccccc4[nH]3)C2)CC1,-7.7,3.6586229077596943,25_1885
O=C(Nc1cccc2cc(-c3cccc(NC(=O)c4ccccc4Cl)c3)cnc12)c1cccc(F)c1,-8.4,3.4286974187483485,25_1886
O=C(Nc1cccc(-c2cccc(-c3nc4c(F)cccc4[nH]3)c2)c1)Nc1ccccc1C1CCCc2ccccc21,-9.8,3.0946320276292143,25_1887
COc1cc(-c2cc(C3C=CC=COCC(=O)OC3)oc2C)cc(OC)c1OC,-6.8,1.5381704942743424,25_1888
O=C(NC1CC1)c1cccc(-c2cccc(-c3cccc(C(=O)NS(=O)(=O)c4cccc(Cl)c4Cl)n3)c2)c1,-8.2,3.485725640456761,25_1889
O=c1[nH]c(=O)n([CH]C2O[C@H](c3ccc(OCc4ccccc4)cc3)[C@H]2Oc2ccc(Cl)cc2F)cc1F,-8.3,3.5960300372273286,25_1890
O=C1C=CCCC(=O)Nc2ccc(-c3ccnc(Nc4cccc(C(F)(F)F)c4)c3F)cc2C1,-8.6,1.4702299740124611,25_1891
O=c1[nH]c(O)c(-c2ccc(-c3cccc(-c4cncc5ccccc45)c3)cc2)s1,-8.0,3.5273975755258276,25_1892
O=C(NN=C1CC2CCCC(C1)N2Cc1ccccc1)NC1Cc2ccccc2N(Cc2ccncc2)C1=O,-7.4,3.384144711632982,25_1893
O=C(CN1CCOCC1)Nc1cccc(-c2cccc(-c3nc4cc(F)ccc4[nH]3)c2)c1,-8.3,3.6775074137418233,25_1894
CN(C(=O)c1cccc(-c2ccc3cccc(O)c3n2)c1)c1ccccc1,-8.1,3.619874259230231,25_1895
Cn1nnc(-c2cccc(-c3cc(C(F)(F)F)cc(C(F)(F)F)c3)c2)n1,-7.9,3.579790328585016,25_1896
O=C(Nc1cccc(-c2cccc(-c3nc4ccccc4[nH]3)c2)c1)Nc1cc(Cl)ccc1Oc1ccccc1,-8.2,3.208722106765115,25_1898
O=c1nc(OC[C@@H]2COCCO2)cc2n1CCc1cc(-c3cccc(C(F)(F)F)c3)ccc1-2,-7.3,3.6260910063223717,25_1899
CC=CC1=[N+](C=CC#CNc2c3ccccc3[n+](C)c3c2[nH]c2ccccc23)C1,-7.5,3.2456281255606836,25_1900
O=C(Nc1cccc(-c2cccc(-n3cccc3)c2)c1)c1cccc(-c2ccc3ccccc3c2)c1,-7.9,3.247623853846202,25_1901
O=C(Nc1ccccc1F)c1cccc(-c2cccc(-c3ccccc3C(=O)NCc3cccnc3)c2)c1,-7.2,3.285445121820522,25_1902
O=C(Nc1cccc(Oc2ccccc2)c1)N[C@H]1CN(c2nccc(-c3cccc(-c4cccc(F)c4)c3)n2)C[C@H]1c1cc(F)ccc1F,-8.0,3.157014940967983,25_1903
O=C(NCCc1ccccc1)Nc1ccc(N2CCN(C(=O)c3ccc4c(c3)OCO4)CC2)cc1,-7.2,3.611717593267138,25_1904
O=C(Oc1cccc(Cl)c1)c1cc(-c2ccccc2)on1,-6.6,3.60591519287186,25_1905
O=C1NC(=S)S/C1=C\c1cccc(-c2cccc(-c3cc4ccc(C5=NCCN5)cc4[nH]3)c2)c1,-8.9,3.355136720729276,25_1906
NC(=O)c1cccc(-c2cccc(Nc3nccc(C(F)(F)F)n3)c2)c1,-8.0,3.747760640316802,25_1907
O=C1Nc2ccccc2C12CCCN(c1cccc(C(F)(F)F)n1)C2,-8.4,3.6168461289846583,25_1908
O=C(Nc1nc2ccccc2n1C1CCCCC1)c1ccccc1-c1cccc(Oc2ccccc2)c1,-9.0,3.3629504939839414,25_1909
Cn1c(-c2cccc(-c3cccc(NC(=O)c4[nH]nc5ccccc45)c3)c2)nc2ccccc21,-9.2,3.4117778294063177,25_1910
CC(CC=CS(C)(=O)=O)=Nc1[nH]nc2cc(-c3cccc(C(F)(F)F)c3)ccc12,-7.3,3.713528507337667,25_1911
O=Cc1cccc2c1cnc1cc(-c3nc4cc(NCc5ccc6c(c5)OCO6)ccc4[nH]3)ccc12,-7.8,3.354867433275854,25_1912
Cc1ccc(-c2ccc(C(N)=O)cc2)cc1Nc1c(-c2cccc(-c3ccc4c(c3)OCCO4)c2)nc2ccccn12,-7.7,3.289472566154445,25_1913
Cc1cccc(S(=O)(=O)c2cnc3ccc(F)cc3c2N2CCC(C)CC2)c1,-7.4,3.7134469793893468,25_1914
O=C(Nc1cccc(C(F)(F)F)c1)c1cccc(-c2cccc(-c3nc4ccccc4[nH]3)c2)c1,-8.6,3.31558797004833,25_1915
COC=C1C=CC(=CN=C(C)C(=S)CO/N=C/c2ccccc2-c2cccc(-n3cccn3)c2)C1,-6.8,3.25032640572058,25_1916
O=C(Nc1cccc(-c2ccccc2)c1)c1ccc(Nc2nc3ccccc3nc2Nc2cccc(Cl)c2F)cc1,-8.0,3.210773951071533,25_1917
O=C(NCc1cccc2ccccc12)c1cccc(-c2ccccc2C(=O)n2c3ccccc3c3ccccc32)c1,-9.6,3.1753305450197535,25_1918
N=CN=C1CN=C(NCc2ccccc2Nc2nc(=O)c3ccccc3[nH]2)N=CN=Cc2c(cccc2-c2cccc(-c3cccc(O)c3)c2)N1,-9.6,0.36373522982972695,25_1919
O=C(Nc1ccc2c(c1)OCO2)c1ccccc1Nc1cccc(OCCc2ccccc2)c1,-7.4,3.5454717920129677,25_1920
O=C(Nc1ccc(C2=CCN(C(=O)c3ccco3)CC2)cc1)c1ccc2ccccc2c1,-7.8,3.6185540926827824,25_1921
COc1cccc(NC(=O)Cn2ccnc2-c2ccnc(-c3cccc(C)c3)c2)c1,-7.4,3.707073537801553,25_1922
O=C(/C=C/[C@H]1O[C@@H](n2ccc(=O)[nH]c2=O)[C@H](O)[C@@H]1O)N1CCc2ccccc2C1,-7.8,3.318694184937102,25_1923
Cc1cc(C)cc(-n2c(=O)c3sccc3n(CC(=O)Nc3ccccc3C(=O)N3CCOCC3)c2=O)c1,-7.8,3.56815875464494,25_1924
O=C(Nc1cccc(OC(F)(F)F)c1)Nc1cccc(-c2cccc(-c3nc4cc(C(F)(F)F)ccc4[nH]3)c2)c1,-8.0,3.1760010771149068,25_1925
Nc1cc(Cl)ccc1C(=O)c1cnc2ccccc2c1,-6.6,3.611802378647102,25_1926
O=C(c1cccc(-c2ccc3c(ccc4ccccc43)c2)c1)N1CCN(C(c2ccccc2)c2ccccc2)CC1,-7.6,3.039934125791053,25_1927
O=C(Nc1cccc(-c2ccnc3c2CCN(C(=O)c2ccccc2)C3)c1)c1ccccc1,-8.8,3.6194113971706514,25_1928
N#CNc1nnc(-c2cccc(NC(=O)c3cccc(Cl)c3)c2)o1,-7.0,3.6274720502250624,25_1929
Fc1ccc2c(c1)ncn2-c1cccc(-c2ccc(CNCc3ccccc3)cc2)c1,-7.1,3.4336844700046,25_1930
O=C1NC(c2cccc([N+](=O)[O-])c2)=[N+]N1c1ccccc1,-6.7,3.630515045131598,25_1931
O=C1c2ccccc2C(=O)c2c1cc(NS(=O)(=O)c1cccc(C(F)(F)F)c1)cc2-c1ccccc1,-8.6,3.5317798338323474,25_1932
O=C(O)c1cccc(S(=O)(=O)Nc2ccccc2-c2cccc(C(F)(F)F)c2)c1,-8.1,3.6991250288230866,25_1933
COc1ccc(C(=O)Nc2cccc(-c3cc(-c4ccc5c(c4)CCN(C)C5)ccn3)c2)cc1,-7.5,3.6162060837817647,25_1934
O=C(Nc1ccc2c(c1)CCC2)c1cc(Nc2cccc(C(F)(F)F)c2)c2ccccc2n1,-8.3,3.5663991740473673,25_1935
COc1cc(/C=C/C(=O)Oc2ccccc2C(F)(F)F)cc(C(F)(F)F)c1,-7.6,3.367391670830492,25_1936
O=C(Nc1cccc(OCC(F)F)n1)c1ccccc1-c1nc2cc(C(F)(F)F)ccc2[nH]1,-7.8,3.5734385486780633,25_1937
O=C(Nc1cccc(-c2nc3ccccc3[nH]2)c1)c1ccccc1,-7.0,3.5913242696097187,25_1938
O=C(Nc1cccc(-c2cccc(-c3nc4cc(F)ccc4[nH]3)c2)c1)c1ccccc1Br,-8.2,3.4021122714716334,25_1939
O=C(Nc1ccc2c(ccn2Cc2ccccc2)c1)c1nc(-c2ccccc2)cc2ccc(F)cc12,-8.0,3.3040175730313495,25_1940
COc1ccc(-n2c(-c3ccc4ccccc4c3)cc(-c3cc(C)cc(C)c3)c2C)cc1OC,-7.9,3.274934912689331,25_1941
O=C(Nc1cccc(Nc2cccc(-c3cccc(CF)c3)c2)c1)c1ccccc1,-7.9,3.3921894305383162,25_1942
C/C(=N\NC(=O)c1ccc(CNc2nc(-c3cccnc3)nc3ccccc23)cc1)c1ccccc1,-7.8,3.3529764182798374,25_1943
Cn1c(-c2cccc(-c3cccc(NC(=O)C(F)(F)F)c3)c2)nc2ccccc21,-8.3,3.654744181837178,25_1944
O=C(NCCNCCO)c1cccc(-c2cccc(-c3cccc(-c4ccccc4Oc4ccccc4)c3)c2)c1,-8.1,3.153185733194214,25_1945
COc1ccc(/C=N/NC(=O)c2cc3cc(Nc4cc(C)nc5ccc(OC)cc45)ccc3[nH]2)cc1,-7.0,3.2751201045351905,25_1946
COC=CC=C(C)C(=O)c1cn(-c2cccc(-c3ccccc3OC)c2)c2ccccc12,-7.7,3.2216034819085984,25_1947
N#Cc1c(-c2ccccc2)cc(-c2ccccc2)nc1Nc1ccccc1F,-7.8,3.607883172707515,25_1948
O=C(Cc1cccc(-c2ccccc2)c1)Nc1ccccc1C(=O)Nc1ccccc1C(=O)Nc1ccccc1Cc1ccccc1,-7.6,3.0042400618825473,25_1949
O=C(Nc1cccc(C(=O)c2c[nH]c3ncccc23)c1F)c1[nH]nc2c1CCC2,-8.3,3.5518403413690596,25_1950
O=S(=O)(c1cccc(-c2ccc3nncc(Nc4ccccc4)c3c2)c1)N1CCOCC1,-8.0,3.7083829341091645,25_1951
O=C(Nc1cccc(Nc2cc(-c3ccccc3)nc3ccnn23)c1)c1ccccc1,-8.5,3.5534953978925237,25_1952
O=C(Cc1ccccc1Cl)N=C1CCCc2c1[nH]c1ccccc21,-7.5,3.5556801538213922,25_1953
CN(c1cccc(-c2cccc(-c3ccco3)c2)c1)c1ccc2c(ccc3ccccc32)c1,-9.0,3.0081394079082777,25_1954
O=C(c1cccc(-c2cccc(-c3nc4cc(C(F)(F)F)ccc4[nH]3)c2)c1)N1CCOCC1,-8.2,3.6615929334929396,25_1955
Cn1c(-c2ccc(-c3cccc(N=CCC=C(OC=NC=O)c4ccccc4C(F)(F)F)c3)cc2)nc2ccccc21,-6.8,2.9439643738600743,25_1956
O=C1c2ccccc2-c2nc(-c3ccccc3CO)cc3cccc1c23,-7.7,3.569408970390024,25_1957
O=C(c1ccccc1-c1nc(-c2ccc(Cl)s2)cs1)N1CCn2cccc2C1c1cccc(F)c1,-7.6,3.4007228328845898,25_1958
O=C(Nc1ccc(-c2ccc3ccccc3c2)cc1CO)c1ccc2ccccc2c1-c1ccccc1F,-7.9,3.1307963629143343,25_1959
CS(=O)(=O)NC=C1C=C=C(C=CC=CC(F)c2cc(Cl)ccc2Oc2ccc(S(=O)(=O)Nc3ncns3)c(F)c2)C=C1,-6.2,3.1414809738307428,25_1960
CN(CCC=C1c2ccccc2CCc2ccccc21)C(=O)c1ccc2c(c1)c1ccccc1n2Cc1ccccc1OC(F)(F)F,-9.0,2.070701453477664,25_1961
Oc1cccc2ccc3cccc([nH]c(O)c(-c4cccc(OC=C5C=CC6Oc7ccccc7C6=C5)c4)[nH]1)c3c2,-7.4,0.9209814715472735,25_1962
O=C(/C=C/c1cccc(/C=C2/C(=O)Nc3ccccc32)c1)Nc1cccc(-c2ccc(F)cc2)c1,-8.0,3.4219157081004745,25_1963
O=C(c1ccc2cc(Oc3ccc(C(F)(F)F)cn3)ccc2n1)N1CCN(c2cccc(C(F)(F)F)c2)CC1c1cccc2ccccc12,-7.0,3.1004559715542297,25_1964
O=C(Nc1cccc2ccccc12)c1cc2ccccc2cc1-c1cccc(Cc2ccccc2)c1,-7.3,3.008261428438682,25_1965
Cn1c(-c2cccc(-c3cccc(NC(=O)c4ccccc4)c3)c2)nc2ccccc21,-8.3,3.3942752104154073,25_1966
O=C1N=C2CC=CC=C(CC3C(N4CCC(C(c5ccccc5)c5ccc(Cl)cc5)CC4)CCN23)O1,-7.7,1.0767749673137743,25_1967
O=C(c1ccc(-c2cccc(-c3nc4cc(C(F)(F)F)ccc4[nH]3)c2)cc1)N1CCCC1,-8.0,3.5806064817266066,25_1968
COc1ccc(-c2cc(-c3cccc(Nc4ccnc5cc(Cl)ccc45)c3)no2)cc1,-7.6,3.508752937118703,25_1969
Cc1cc(-c2cccc(-c3cc(NC(=O)C4CNC(=O)C4)nn3-c3ccc(F)cc3)c2)ccc1Cl,-9.0,3.612053753049346,25_1970
Cc1cccc(-c2noc(-c3cccc(NC(=O)c4ccc(F)c(F)c4)c3)n2)c1,-7.9,3.718307540692709,25_1971
O=C(Nc1ccc(Oc2cc(C(F)(F)F)cc(C(F)(F)F)c2)cc1)c1cc(-c2ccccc2)nc2ccccc12,-7.8,3.250334095751158,25_1972
O=C(Nc1cccc(-c2cccc(-c3cc(-c4ccc(F)cc4Cl)[nH]n3)c2)c1)c1ccccc1-c1ccccc1,-7.9,3.1932557258080014,25_1973
O=C(c1ccc(F)cc1)C1CCN(CCCn2c3ccccc3c(=O)c3ccccc32)CC1,-8.3,3.4575203494464635,25_1974
O=C(c1cccc(-c2cccc(-c3cccc(-c4ncccc4CO)c3)c2)c1)N1CCCC1,-8.3,3.5821333691887567,25_1975
O=c1c2ccccc2nc2n1-c1ccc(Cl)cc1CN2c1ccc2c(c1)OCO2,-8.5,3.512039843514485,25_1976
CC=C1C(=Nc2ncc(C(=O)NC3CC3)cc2-c2ccc(C(F)(F)F)cc2)C=CC1c1ccccc1CN1C(=O)c2ccccc2C1=O,-6.8,3.0946897346602134,25_1977
O=C1N(c2ccccc2)c2ncccc2C1(O)c1ccc(Cl)cc1-n1cccc1,-6.6,3.693595839704833,25_1978
O=C(Nc1cccc(OC(F)(F)F)c1)C1CN(CC2CC2)C(=O)C[C]1c1ccccc1,-7.3,3.641416983847829,25_1979
O=C(Nc1cccc(-c2cnc3c(NC(=O)c4ccccc4)cccn23)c1)c1cccc(C(F)(F)F)c1,-8.05,3.382308560798931,25_1980
O=C(Nc1ccccc1-c1nc2ccccc2s1)c1ccccc1-c1ccccc1,-7.4,3.4740452192486995,25_1981
O=C(Nc1cccc(-c2cccc(-c3ccccc3)c2)c1)c1ccccc1,-8.2,3.3743985427709573,25_1982
Cc1ccc(-n2ncc(C(=O)Nc3cccc(C(F)(F)F)c3)c2C)cc1,-7.7,3.7345892298432863,25_1983
O=C(c1cccnc1)N1CCN(c2cccc3[nH]c(=O)[nH]c23)CC1,-7.1,3.676392730498586,25_1984
CCC1=CC(=NC(=O)c2cccc(-c3cc(C)c4c(c3)CN(C(C)C(O)=NO)C4=O)c2)C=C1,-7.1,3.326696725617735,25_1985
O=C1C=CC=CC(C=c2c(=c3ccc4c(c3)CCCC=4)[nH]c3cnc4ccccc4c23)N1,-9.2,2.442062114758664,25_1986
O=C(Nc1ccc2c(c1)[C@@H]1C[C@@H](CC(=O)N3CCc4c(N5CCCC5)cccc43)C[C@@H](O)[C@@H]1O2)C1CCC1,-6.9,3.3013056880594256,25_1987
O=C(c1cccc(-c2cccc3c(=O)cc(-c4ccccc4)oc23)c1)N1CCNCC1,-8.2,3.6686171583427636,25_1988
O=C1N=c2cc(N=C3CC=C(C=NC(=O)c4ccccc4-c4ccccc4)C3)ccc2=C1Cc1cccc(CO)c1O,-6.0,3.329801566031909,25_1989
O=C(Nc1ccc(C=CCNC[C@H](O)c2cccc(F)c2)nc1)c1ccccc1,-6.7,3.5908858613204933,25_1990
O=C(N=CC1=CC(=CC2C=CC(C=Cc3ccccc3Nc3ccccc3)=C2)C=C1)Nc1ccc(Cl)c(Cl)c1,-7.0,3.0527844644480697,25_1991
O=C(Nc1cccc(-c2cn3ccccc3n2)c1)c1ccc(-c2cccc(Nc3nccc(C(F)(F)F)n3)c2)cc1,-7.2,3.275006941874856,25_1992
CCOc1cccc(S(=O)(=O)c2cccc(C)c2)c1N1C(=O)c2ccccc2C1=O,-6.9,3.67571246259846,25_1993
COc1ccc2cc(C(=O)C(=O)N3CCN(C(=O)c4ccccc4)C[C@H]3C)ccc2c1,-7.5,3.619811665338971,25_1994
O=C(c1ccc(-c2ccc3c(ccc4ccccc43)c2)s1)N1c2ccccc2C=Cc2ccccc21,-9.6,2.0666283402270818,25_1996
Cc1ccc(Nc2ncc(-c3cccc(-c4cc5cc(F)ccc5nc4C)c3)nn2)cc1,-8.1,3.526386148045064,25_1997
O=C(Nc1cccc(Nc2ccnc(NC(=O)C3CC3)c2)c1)c1cncc(F)c1,-7.6,3.6544106025909535,25_1998
CN=C(NCc1cccc(C#N)c1)NCc1ccco1,-5.9,3.6066214758205533,25_1999
