smiles,docking,drug_likeliness,names
O=C(Nc1cccc(-c2cccc(-c3ccccc3)c2)c1)c1ccccc1,-8.125,3.3743985427709573,29_0
O=C(Nc1cccc(-c2cccc(-c3nc4cc(C(F)(F)F)ccc4[nH]3)c2)c1)Nc1ccccc1Cc1ccccc1,-8.2,3.1222903504998882,29_1
O=C(Nc1cccc(-c2cccc(-c3nc4ccccc4[nH]3)c2)c1)c1ccccc1,-8.375,3.442730724240592,29_2
O=C(c1cccc(-c2n[nH]c(=O)c3ccccc23)c1F)N1CCN(c2cccc(Cl)c2)CC1,-9.0,3.700125506675878,29_3
O=C(O)CC1COc2cc(OCC3Cc4ccccc4CN3C(=O)c3cccc4ccccc34)ccc21,-7.9,3.5241067013162892,29_4
O=C(Nc1cccc(-c2cccc(-c3cccc(-c4nc(=O)o[nH]4)c3)c2)c1)c1ccccc1,-9.2,3.52713626249494,29_5
O=c1cc(-c2cccc3ccccc23)[nH]c2ccccc12,-7.7,3.357132165861544,29_6
O=C(Nc1cccc(C(=O)Nc2cccc(C(=O)NC3CC3)c2)c1)c1cccc(Cl)c1,-7.0,3.615763199127949,29_7
CC(C)(C)c1cc(-c2cccc(-c3cc(-c4ccc5c(c4)OCO5)cc4cccnc34)c2)cc(C(F)(F)F)c1,-9.3,3.1521886150254694,29_8
O=C(Nc1cccc(-c2cccc(-c3cccc(-c4cccc(O)c4)c3)c2)c1)c1ccccc1,-9.0,3.303194323964135,29_9
O=c1[nH]c2ccc3ccccc3c2cc1-c1cccc(Nc2cccc(C(F)(F)F)c2)c1,-8.3,3.2413663463496505,29_10
O=C(c1cccc(-c2cccc(-c3nc4ccccc4[nH]3)c2)c1)N1CCN(c2ccccc2F)CC1,-9.5,3.4648144352837686,29_11
O=C(c1cccc(S(=O)(=O)Nc2cccc3ccccc23)c1)N1CCN(c2ccccc2)CC1,-8.4,3.6753068599130603,29_12
O=C(c1cccc(-c2cccc(C(=O)N3CCN(S(=O)(=O)c4cccc(C(F)(F)F)c4)CC3)c2)c1)N1CCOCC1,-8.1,3.51768544498041,29_13
O=C(Nc1cccc(-c2cccc(-c3ccc4c(c3)OCO4)c2)c1)c1cccc(C(F)(F)F)c1,-8.2,3.550378322436928,29_14
O=C(Nc1cccc(-c2cccc(-c3nc4cc(C(F)(F)F)ccc4[nH]3)c2)c1)c1ccccc1-c1ccccc1,-8.266666666666667,3.1412476074542717,29_15
O=C(c1ccc(-c2cccc(-c3cccc(Cl)c3)c2)cc1)N1CCN(c2cccc(Cl)c2)CC1,-8.3,3.365470285288257,29_16
Cn1c(-c2cccc(-c3cccc(NC(=O)c4ccccc4F)c3)c2)nc2ccccc21,-8.68,3.3956733809905395,29_17
O=C(c1cccc(-c2cccc(Nc3nccc(C(F)(F)F)n3)c2)c1)N1CCN(c2ccccn2)CC1,-7.8,3.612217047110012,29_18
O=C(Nc1cccc(-c2cnc3ccccc3n2)c1)c1cccc(-c2cccc(-c3cccc(-c4ccccc4O)c3)c2)c1,-8.8,3.1955903911837757,29_19
O=C(Nc1ccc(NCCNCCO)c2c1C(=O)c1ccccc1C2=O)c1ccccc1F,-6.9,3.4707945026669726,29_20
O=C(Nc1cccc(-c2cccc3[nH]ccc23)c1)c1ccccc1Nc1cccc(-c2ccc3ccccc3c2)c1,-10.1,3.066447652499018,29_21
O=C(c1cccc(-c2cccc(-c3cccc(-c4ccccc4F)c3)c2)c1)c1cccc(-c2ccc3c(c2)CCO3)c1,-9.2,2.969088101063119,29_22
CCC(NC(=O)C1=NC(=O)C(C=CN=CCc2cnc(C(O)c3cccc(-c4cccc(F)c4)c3)s2)N=C(N)S1)C(=O)O,-7.3,2.0341196093391467,29_23
C1=COCC(c2cc(-c3ccccc3)cc(-c3cccc(-c4ccccc4)c3)n2)=C1,-9.2,3.2452957746071407,29_24
O=C(Nc1cccc(C(=O)N2CCOCC2)c1)c1ccccc1Nc1nc(-c2ccccc2)c2ccccc2n1,-7.9,3.40329151791839,29_25
Nc1ccc(-c2ccc(-c3ccccc3F)cn2)cc1NC(=O)c1cccc(-c2ccccc2F)c1,-8.1,3.3631721819522005,29_26
Cc1cc(C(=O)n2nc(C)cc2-c2ccccc2F)cc(-c2cccc3ccccc23)n1,-8.7,3.462268458542469,29_27
O=C(N[C@H]1CC[C@H](O)CC1)C1NC(c2ccccc2)(c2cccc(-c3ccccc3)c2)c2ccccc21,-8.3,3.327142719396412,29_28
Cc1cc(NC(=O)CSc2nc3ccccc3n2C(C)C)no1,-6.4,3.7419541587272516,29_29
Cc1c(N(C(=O)c2ccc3c(c2)OCO3)C(=O)c2sc3ccccc3c2C(F)F)c(=O)n(-c2ccccc2)n1C,-7.8,3.2999888207532684,29_30
O=C(c1ccc2c(=O)n3c(nc2c1)CCCCCC3)N1CCN(c2ccccc2Cn2cc(F)cn2)CC1,-8.9,1.635887984289102,29_31
O=C(c1cc(Cc2n[nH]c(=O)c3c2NCCC3)ccc1F)N1CCN(c2ccc(F)cc2)CC1,-8.3,3.6459261947647112,29_32
O=C(Nc1cccc(-c2cccc(-c3cccc(Cl)c3)c2)c1)c1cccc(F)c1,-8.2,3.406338145004554,29_33
O=C1c2ccccc2C(=O)c2c1nnn2-c1cccc(-c2cccc(C3=NCCN3)c2)c1,-8.8,3.5615207954143386,29_34
O=C(c1cc(-c2cccc(-c3ccccc3)c2)ccc1F)N1CCN(C(=O)c2cccc(-c3ccccc3)c2Cl)CC1,-8.8,3.1730728713539538,29_35
O=C(Nc1cccc(-c2ccc3c(c2)CCNC3)c1)c1cccc(S(=O)(=O)N2CCOCC2)c1,-8.1,3.6302578473793883,29_36
O=C(Nc1cccc(-c2ncc[nH]2)c1)c1cccc(-c2cccc(C(=O)N3CCOCC3)c2)c1,-9.0,3.642780728504972,29_37
O=C(Nc1cccc(-c2cccc(-c3cccc(-c4ccccc4)c3)c2)c1)c1ccccc1,-9.3,3.1672347217296952,29_38
O=C(O)c1cccc(-c2cccc(-c3cccc(C(=O)N=C4C=C[S+]N4)c3)c2)c1,-8.1,3.6181855392388194,29_39
Cc1cccc(-c2ccc(-c3cccc(-c4cc(-c5ccc6c(c5)OCO6)cc5cccnc45)c3)cc2)c1,-8.7,3.1771958790820305,29_40
O=C(Nc1cccc(-c2cccc(-c3cccc(-c4cccc(O)c4)c3)c2)c1)c1cccc(C(F)(F)F)c1,-8.149999999999999,3.1589851040288006,29_41
Cn1cc(-c2cccc(-c3cc(F)ccc3Oc3cccc(-c4cccc(C(=O)O)c4)c3)c2)cn1,-8.3,3.3813611690682395,29_42
O=C1c2cccc3cccc(c23)C(=O)N1c1ccccc1Oc1ccccc1,-8.2,3.5028562173663476,29_43
Cn1c(-c2cccc([C@H]3CC[C@H](NC(=O)c4ccccc4-c4ccccc4)CC3)c2)nc2ccccc21,-8.1,3.3555588098552698,29_44
O=C(NC(Cc1ccccc1)C(=O)Oc1cccc(-c2cccc(-c3ccccc3)c2)c1)c1ccccc1-c1ccc(F)cc1,-8.6,3.0388045219675854,29_45
O=C1Nc2ccccc2/C1=C\c1ccc(-c2cccc(C(=O)N3CCOCC3)c2)o1,-8.2,3.6343874017060767,29_46
O=C1N[CH]CC/C=C/CCC(C(=O)NCc2ccccc2)NC(=O)C(Cc2ccc(O)cc2)N1,-7.4,1.9440313170808534,29_47
O=C(Nc1cccc(-c2cc(Nc3cccc(C(F)(F)F)c3)ncn2)c1)Nc1cccc(C(F)(F)F)c1,-8.45,3.382684919693456,29_48
O=S(=O)(c1ccccc1Br)n1cc(C2=CCCNC2)c2ccccc21,-7.1,3.7784030844292587,29_49
O=C(Nc1ccccc1)c1ccc([N+](=O)[O-])cc1Oc1ccc2c(c1)CCc1ccccc1-2,-8.0,3.505846470612611,29_50
Cc1cccc(C)c1NC(=O)c1c(-c2ccccc2)noc1C,-6.6,3.718821703227242,29_51
O=C(Nc1cccc(-c2cncc3ccccc23)c1)c1cc(-c2cccc3ccccc23)nc2ccccc12,-9.3,3.3029838933700324,29_52
Cn1c(-c2cccc(-c3cccc(NC(=O)c4cccc(Cl)c4)c3)c2)nc2ccccc21,-7.9,3.388603848809412,29_53
Cc1noc(C(C)Nc2nccc(N3C(=O)OCC3[C@@H](C)O)n2)n1,-6.4,3.4570744871047268,29_54
Cn1c(=O)ccc2cc(-c3cccc(C(=O)c4cccc(-c5ccc6c(c5)OCO6)c4)c3)ccc21,-9.1,3.3962368743860414,29_55
COc1cc2ccccc2cc1C(=O)Nc1cccc(-c2cccc(-c3nc4cc(C)c(C)cc4[nH]3)c2)c1,-8.8,3.305785760821955,29_56
O=C1CC(c2ccccc2)N=C(N2CCN(C(=O)C=Cc3ccco3)CC2)O1,-7.8,3.540587860116201,29_57
C=CN1c2ccc(C=CC=CC#N)cc2[C@@H]2[C@@H](CCN2C(=O)C2CCC2)[C@@H]1CO,-6.1,3.4045752041450728,29_58
O=C(NNC(=O)c1ccccc1Nc1cccc(-c2cc3ccccc3[nH]2)c1)c1ccccn1,-8.0,3.337369039525267,29_59
COc1ccccc1C=C(c1ccccc1C(=O)NCc1ccccc1)c1nnnn1C,-7.0,3.631960138521821,29_60
O=C(/C=C/c1cccc(-c2ccc3c(c2)COC3=O)c1)Nc1cccc(-c2cc3ccccc3[nH]2)c1,-8.1,3.20390839097717,29_61
Nc1ncnc2c1c(Sc1cccc(F)c1)nn2Cc1cccc(-c2cccc(C(=O)NCc3ccccc3)c2)c1,-8.3,3.302943847536841,29_62
CC(=O)Nc1ccc(S(=O)(=O)NC(C(=O)Nc2cccc(Cl)c2)c2ccccc2Cl)cc1,-7.6,3.5823647344743517,29_63
O=c1[nH]nc(-c2cccc(-c3ccccc3OC(F)(F)F)c2)o1,-6.4,3.738624405200595,29_64
Cc1ccc(-c2ccc(-c3cccc(-c4cccc(-c5noc(C)n5)c4)c3)o2)cc1,-8.6,3.4321734961416652,29_65
COc1cc([C@@H]2c3cc4c(cc3[C@@H](Nc3cccc(-c5ccccc5O)c3)[C@H]3COC(=O)C23)OCO4)cc(OC)c1O,-7.7,3.0271756539551,29_66
O=C(Nc1cccc(-c2cnc3ccccc3n2)c1)c1ccc2ccccc2n1,-7.8,3.589593532659147,29_67
O=c1[nH]c(=O)n([C@H]2C[C@H](O)[C@@H](CO)O2)cc1-c1ccc(Br)s1,-6.6,3.4689212413748027,29_68
C=CC=CC=C(C=COC(=CC=O)c1ccccc1)Oc1cccc(-c2cccc(C(F)(F)F)c2)c1,-6.4,2.997858068198638,29_69
CN(C)CCNC(=O)c1ccccc1-c1cccc2c3ccccc3n(Cc3cccc(Cl)c3)c12,-6.8,3.413285537572576,29_70
Cc1nc(-c2cccc(-c3ccc(-c4nc(-c5ccc6[nH]ccc6c5)no4)c(F)c3)c2)cs1,-7.5,3.4218291767376376,29_71
O=C(Nc1cccc(-c2cccc(-c3ccccc3)c2)c1)c1cc2cc(-c3ccccc3)ccc2o1,-8.4,3.244671497033197,29_72
O=C(c1cccc(-c2cccc(-c3cccc(F)c3)c2)c1)N1CCN(c2ccccc2)CC1,-8.733333333333334,3.426094808724147,29_73
O=C(Nc1ccccc1)Nc1cccc(-c2cccc(-c3cccc(-c4cccc(-c5ccccc5)c4)c3)c2)c1,-8.8,3.0065268493811526,29_74
Cn1c(-c2cccc(-c3cccc(NC(=O)Nc4ccc(OC(F)(F)F)cc4)c3)c2)nc2ccccc21,-8.5,3.4384650666887446,29_75
O=c1nc(-c2ccc3ncccc3c2)ccn1[CH]C1[C@H]2CO[C@H](C2)[C@@H]1n1cnc2ccccc21,-8.8,3.435426208794683,29_76
O=C(c1cccc(-c2cccc(-c3cccc4ccccc34)c2)c1)N1CCN(c2ccccc2F)CC1,-9.1,3.2138302346186602,29_77
O=C(O)ONC(=O)C1(c2cccc(Cl)c2)CC(=O)N(c2ccc3c(c2)OCO3)C1=O,-7.5,3.3138579424347814,29_78
O=CC1=C(Cl)SSS1,-3.5,1.869392332327581,29_79
COc1ccc(-c2ccc(-c3cc(-c4cccc(-c5ccccc5OC)c4)ncn3)cc2)cc1,-8.2,3.3610617377923786,29_80
O=C1c2ccccc2C(=O)c2c1ccc1nc(-c3ccc4c(c3)OCCO4)oc21,-8.3,3.494915858705186,29_81
O=C(CN(c1ccc2c(c1)OCCO2)S(=O)(=O)c1ccc2c(c1)OCO2)c1ccccc1Cl,-8.4,3.506225214849107,29_82
O=C(c1ccccc1)N1CCN(C(=O)c2cccc(-c3cccc(-c4nc5ccccc5[nH]4)c3)c2)CC1,-9.2,3.492751661014107,29_83
O=C(O)CC(CC(=O)c1ccc(-c2ccccc2)cc1)c1ccccc1,-6.8,3.5610451543652974,29_84
O=CC1Cc2ccccc2C(c2cccc(Br)c2)N1Cc1cccc2ccccc12,-8.5,3.3224019338170363,29_85
O=C1c2ccccc2C(=O)c2c1cc(NS(=O)(=O)c1ccc3ccccc3c1)cc2-c1ccccc1,-9.3,3.4994349295112324,29_86
O=C(c1cccc(Cc2n[nH]c(=O)c3ccccc23)c1)N1CCN(c2cccc(Cl)c2)CC1,-8.6,3.69042036821353,29_87
O=C(C=Cc1ccccc1O)c1ccc(-c2cccc(-c3cc(-c4ccc5c(c4)OCO5)cc(-c4ccccc4)n3)c2)cc1,-8.2,3.0069764184342977,29_88
O=C(Nc1cccc(-c2cn3cccnc3n2)c1)c1ccc2c(c1)-c1ccccc1C2=O,-7.7,3.570961070967844,29_89
Cn1c(-c2cccc(-c3cccc(NC(=O)Nc4ccc(-c5cccc(-c6cnco6)c5)cc4)c3)c2)nc2ccccc21,-9.6,3.162557822184761,29_90
CCc1c(-c2ccc3c(ccc4ccccc43)c2)[nH]c(=O)c(C(=O)O)c1O,-7.8,3.4861775213737527,29_91
O=S(=O)(NCc1ccnc(-c2ccccc2F)c1)c1ccc2c(c1)Cc1ccccc1-2,-7.5,3.646830955344198,29_92
O=C(c1ccccc1Nc1ccc2ccccc2c1)N1CCCC1,-7.1,3.5974989922397356,29_93
O=C(Nc1ccccc1N1CCOCC1)c1cccc(-c2cccc(-c3ccc4c(c3)OCO4)c2)c1,-8.7,3.5162200561200776,29_94
O=C(c1ccc2c(c1)oc(=O)c1ccccc12)N1CCN(c2ccc(-c3cccc4ccccc34)cc2F)CC1,-9.0,3.239724760458408,29_95
Cc1ccc(S(=O)(=O)N2CCOCC2)cc1C(=O)NCc1ccc2c(c1)OCO2,-6.8,3.637850394623599,29_96
Nc1ncnc2c1ncn2COCCOP(=O)(Oc1ccccc1)Oc1ccccc1,-6.9,3.2950861945277934,29_97
O=c1[nH]c(Nc2ccccc2Cl)ncc1-c1nc2ccccc2n1-c1ccccc1F,-8.1,3.555283231823716,29_98
Cc1cc2c(o1)c1ccccc1c(=O)n2-c1ccccc1,-6.8,3.47708113635208,29_99
O=C(NCCc1ccco1)Nc1cccc(-c2cccc(-c3nc4cc(F)ccc4[nH]3)c2)c1,-6.9,3.4067488556213052,29_100
Cc1ccc(-n2c(C)cc(C(=O)Nc3ccc4c(c3)OCO4)c2C)cc1,-6.6,3.747118662455896,29_101
O=C(Nc1cccc(-c2cccc(-c3nc(=O)o[nH]3)c2)c1)c1ccccc1-c1ccccc1,-8.2,3.52713626249494,29_102
COc1ccc(-c2nc(-c3ccc4onc(-c5cccc(-c6ccccc6)c5)c4c3)co2)cc1,-8.8,3.3234675896246495,29_103
O=C(c1cccc(S(=O)(=O)N2CCOCC2)c1)N1CCN(S(=O)(=O)c2ccc(F)cc2)CC1,-7.5,3.484630582996747,29_104
O=C(c1cccc(-c2cccc(-c3cccc(-c4nccs4)c3)c2)c1)N1CCN2CCC[C@H]2C1,-8.7,3.4534477784584547,29_105
CN(C(=O)c1cccc(-c2cccc(-n3cnc4ccccc4c3=O)c2)c1)c1ccc(F)cc1,-8.1,3.423159684330245,29_106
Cc1cccc(CNC(=O)Nc2ccc3c(c2)N(C)C(=O)c2ccccc2C(=O)N3C)c1,-8.1,1.8465080729886285,29_107
Cc1nc2cc3c(cc2c(=O)n1CCCC(=O)NCCc1ccc2c(c1)OCO2)OCO3,-6.7,3.559008050794375,29_108
O=C(c1cccc(F)c1F)N1CCN(C(=O)c2cc(-c3cccc(-c4ccccc4F)c3)nc3ccc(F)cc23)CC1,-9.5,3.2849794774920897,29_109
O=C(Nc1cccc(-c2cccc(-c3nc4cc(F)ccc4[nH]3)c2F)c1)c1ccccc1,-8.5,3.443853177840764,29_110
O=c1c2ccccc2nc(/C=C/c2ccc3c(c2)OCO3)n1-c1ccc2ccccc2c1,-7.9,3.394281508142223,29_111
O=C1C=CC=CCCc2c(-c3ccccc3)cc(-c3ccccc3)nc2SC1,-8.0,1.1461497143483452,29_112
O=C(Nc1cccc(-c2cccc(-c3nc4cc(F)ccc4[nH]3)c2)c1)c1ccccc1,-8.345454545454546,3.4293586076098226,29_113
O=C(c1cc(-c2cccc3ccccc23)[nH]n1)N1CCN(S(=O)(=O)c2cccc(F)c2)CC1,-7.9,3.7075926206800913,29_114
O=C(Nc1cccc(-c2ccc3c(c2)OCCO3)c1)c1cc(-c2ccc3c(c2)OCO3)nc2ccccc12,-9.0,3.3528888974538638,29_115
O=C(c1cc(-c2ccccc2)nc2c1c(F)cn2-c1ccccc1)N1CCC(c2ccccc2)CC1,-8.3,3.37127932761937,29_116
O=C(c1cc2cc(C3CC3)ccc2[nH]1)n1cc(O)n(Cc2ccc3c(c2)OCCO3)c2ccccc2n(-c2ccccc2)c1=O,-8.2,1.3240682732324531,29_117
O=C(Nc1cccc(-c2cccc(-c3ccccc3OC(F)(F)F)c2)c1)c1ccccc1,-7.800000000000001,3.437025411589027,29_118
O=C1NC(=O)C(c2cc3ccccc3o2)=C1c1ccccc1,-6.8,3.648640980673921,29_119
O=C(Nc1cccc(C(=O)N2CCOCC2)c1)c1ccccc1Nc1cccc(-c2ccc3ccccc3c2)c1,-8.7,3.3483099390072093,29_120
CC=NC(=C(N=CN1CCOCC1)c1cccc(-c2cccc(C(=O)N3CCOCC3)c2)c1)c1ccccc1,-7.8,3.3238347719654353,29_121
O=C1C(=Nc2ccccc2F)C(Cl)C(=O)c2ccncc21,-6.6,3.6020528712098585,29_122
O=C(Nc1cc(-c2ccccn2)nn1-c1ccccc1)c1ccccc1,-8.3,3.733897681147139,29_123
O=C(Nc1cccc(-c2ccccc2)c1)c1ccccc1Nc1cccc(-c2ccc3c(c2)OCO3)c1,-9.1,3.2713061774534538,29_124
Cc1ccccc1NC(=O)c1ccc(NC(=O)c2cccc3ccccc23)cc1-c1cccc(C(F)(F)F)c1,-8.7,3.271965218861707,29_125
O=C(NCc1cccnc1)c1ccccc1-c1ccccc1C(=O)Nc1cccc(C(F)(F)F)c1,-7.3,3.569021188085743,29_126
O=C1N=C(C=CCCc2cccc(-c3cccc(-c4nc5cc(F)ccc5[nH]4)c3)c2)C1c1ccccc1,-7.9,3.317217672639357,29_127
O=C(c1cc(-c2cccc(-c3cccc(-c4cccc(F)c4)c3)c2)ccn1)N1CCN(c2ccccc2F)CC1,-9.3,3.2928824758704067,29_128
O=C(c1cccc(-c2ccc3c(c2)OCO3)c1)N1CCn2c(-c3cccc(F)c3)cnc2C1,-8.0,3.5410198217867412,29_129
CC=CC=COC=CC(=O)N1CCC(c2ccccc2)c2ccc(N)nc21,-6.3,3.579834634122075,29_130
O=C(c1cc(Cc2n[nH]c(=O)c3c2NCCC3)ccc1F)N1CCN(c2cccc(-c3cc4ccccc4o3)c2)CC1,-8.8,3.3153335246493016,29_131
O=C(Nc1nnc(-c2ccc3c(c2)CCCC3)o1)c1ccccc1Sc1ccc2c(C=Cc3ccccn3)[nH]nc2c1,-8.6,3.259777261561566,29_132
O=C(Nc1cccc(-c2ccc3c(c2)OCCO3)c1)c1ccc2c(c1)OCO2,-7.9,3.681086458710265,29_133
Nc1ncc2c(n1)-c1ccccc1C(c1cc3ccccc3[nH]1)C2,-7.5,3.5742054171793534,29_134
Cn1c(-c2cccc(-c3cccc(-c4cccc([C]5CN(C=O)NC5=O)c4)c3)c2)nc2ccccc21,-9.3,3.471626726370746,29_135
O=C(CN1CCN(Cc2cccc(F)c2)CC1)Nc1cccc(-c2cccc(-c3nc4cc(F)ccc4[nH]3)c2)c1,-7.8,3.3875453697963223,29_136
Cc1ccc(Nc2nccc(-c3cccc(NC(=O)c4cccc(C#N)c4)c3)n2)cc1,-7.8,3.624468115659461,29_137
O=C(CCc1ccccc1)Nc1cccc(-c2cccc(-c3cccc(-c4ccccc4F)c3)c2)c1,-7.9,3.108475853465813,29_138
O=C(c1cccc(-c2ccc3c(c2)OCO3)c1)c1cccc(-c2nc(=O)c3ccccc3[nH]2)c1O,-8.5,3.356940835713457,29_139
O=C(Nc1cccc(F)c1)Nc1cccc(-c2cc3ccccc3[nH]2)c1,-8.1,3.4234523039960445,29_140
Cn1ccc2cc(C(=O)Nc3ccc(-c4cccc(-c5ccco5)c4)c(C(=O)O)c3)ccc21,-7.3,3.4155245436868604,29_142
O=c1[nH]c(=O)n(CCc2ccccc2F)c2[nH]c(-c3cccc(-c4ccc5ccccc5c4)c3)nc12,-9.1,3.502283506053123,29_143
O=C(N[C@H]1CCN(c2cc3ccccc3c3ccccc23)C1)c1cccs1,-7.2,3.533779362960587,29_144
Cn1c(-c2cccc(-c3cccc(-c4ccc(F)c(C(=O)Nc5cccnc5)c4)c3)c2)nc2ccccc21,-9.1,3.3479082762724737,29_145
O=C(c1ccc(-c2cccc(-c3cccc(-c4ccccc4F)c3)c2)cc1)N1CCNCC1,-8.1,3.508189933556279,29_146
Cc1ccc(-c2nnc(-c3ccccc3NC(=O)c3cccc4ccccc34)o2)cc1,-8.3,3.4551996523277593,29_147
Oc1ccc(-c2cc(-c3cccc(O)c3)cc(-c3cccc(O)c3)c2)cc1,-8.7,3.477481481280223,29_148
O=C(Nc1ccc(-c2ccc3ccccc3c2)c(Cl)c1)c1cccc(-c2cccc(-c3nc4cc(F)ccc4[nH]3)c2)c1,-9.5,3.1592558179158066,29_149
O=C(NCc1cccc(-c2cccc(-c3cccc(F)c3)c2)c1)c1cccc(-c2ccc3c(c2)OCO3)c1,-8.0,3.3404528944417806,29_150
O=C(Nc1cccc(-c2cccc(-c3nc4cc(F)ccc4[nH]3)c2O)c1)c1ccccc1Cl,-8.7,3.405995632540262,29_151
O=C(Nc1cccc(-c2cccc(C(=O)N3CCOCC3)c2)c1)c1cccc(-c2cccc([N+](=O)[O-])c2)c1,-8.55,3.469115570857088,29_152
C=C(C=CC=CC(=C)c1cc(-c2ccc3c(c2)OCO3)cc2cccnc12)C=CC=CC(C)=O,-7.9,3.385600352212487,29_153
Cc1cc(C)cc(-c2cncc(-c3cccc(-c4cccc(C(F)(F)F)c4)c3)c2)c1,-8.7,3.2864969169468865,29_154
O=C(N=CNNC(=S)[CH]CC[CH]CCCc1ccccc1)Nc1ccccc1-c1ccccc1,-5.5,2.9496195077260583,29_155
O=C(Nc1nccs1)c1ccccc1Nc1ccc2c(C=Cc3ccccn3)[nH]nc2c1,-8.3,3.4561173913890784,29_156
Cn1ccc2cc(-n3ccc4c(N5CC([CH]NC(=O)c6ccccc6F)C5)cccc43)ccc21,-7.8,3.5305082882839356,29_157
O=C(Nc1ccccc1F)c1ccc2c(c1)CC(c1cccc(C(F)(F)F)c1)c1ccccc1CCNC2=O,-8.8,1.2451303748918368,29_158
N#Cc1ccc(-c2ccccc2)cc1-c1cccc(-c2cccc(NC(=O)c3ccccc3Cl)c2)c1,-8.6,3.28638573266373,29_159
O=C(Nc1cccc(-c2cccc(-c3nc4cc(F)ccc4[nH]3)c2)c1)c1ccccc1,-8.345454545454546,3.4293586076098226,29_160
Brc1cccc(Nc2ncnc3cc4c(cc23)OCO4)c1,-7.3,3.739478707605135,29_161
O=C(Nc1cccc(-c2cccc(-c3nc4cc(F)ccc4[nH]3)c2)c1)Nc1cccc(-c2cnco2)c1,-10.2,3.360785487957605,29_162
O=C(NC(Cc1cccc(-c2cccc(Cl)c2F)c1)C(=O)O)c1cccc(-c2cccc(-c3cccc(F)c3)c2)c1,-6.4,3.198887952661619,29_163
N#Cc1cccnc1-c1cccc(-c2cccc(-c3cccc(NC(=O)Nc4cccc(C(F)(F)F)c4)c3)c2)c1,-9.7,3.20014865001177,29_164
O=C(c1ccc2c(c1)c1ccccc1n2Cc1cccc(F)c1F)N1CCN2CCC[C@@H]2C1,-8.4,3.459394107819219,29_165
O=C(Nc1cccc(-c2cccc(-c3nc4ccccc4[nH]3)c2)c1)c1ccccc1,-8.375,3.442730724240592,29_166
O=C(Nc1cccc(-c2cccc(-c3ncccc3CO)c2)c1)c1cccc(Oc2ccccc2)c1,-8.2,3.2965063516506934,29_167
CCC(C=CCC1=NCN=C1)c1cncc(C#N)c1Nc1cc(C(F)(F)F)ccc1F,-6.9,3.6029086308020926,29_168
O=C(Nc1cccc(C(F)(F)F)c1)c1cccc(-c2cccc(-c3cccc(-c4ccccc4OC(F)(F)F)c3)c2)c1,-8.45,3.143315987580157,29_169
O=C(Nc1cccc(-c2cccc(-c3nc4cc(F)ccc4[nH]3)c2)c1)Nc1ccccc1-c1ccccc1,-9.1,3.2316895980188507,29_170
C[C@@H]1CC=CC=CCc2c(-c3ccccc3F)cccc2-c2cnc(Nc3nc4ccccc4o3)nc2N1,-8.0,1.3888659235012462,29_171
O=C(Nc1nc(-c2ccccn2)cs1)c1cccc(-c2cccc(-c3ccc4c(c3)OCO4)c2)c1,-8.3,3.403301167315785,29_172
O=C(Nc1cccc(-c2cccc(-c3nc4cc(F)ccc4[nH]3)c2)c1)c1ccccc1F,-8.609999999999998,3.443853177840764,29_173
Oc1ccc2ccccc2c1C=Nc1ccc2c(c1)OCO2,-7.6,3.64770919210513,29_174
Cc1ccc(-c2ccc3nccc(Nc4cccc5[nH]ncc45)c3c2)cc1C,-8.9,3.4391875162702674,29_175
O=C(Nc1ccc(Oc2ccnc3[nH]c(=O)[nH]c23)cc1)Nc1cc(C(F)(F)F)ccc1F,-8.1,3.3817891783076144,29_176
Cc1c(C(=O)NCc2ccco2)nnn1-c1ccccc1Cl,-5.9,3.7773005554966153,29_177
C=C(C=CC=CC1=CC=C2C=C(c3ccccc3)N(c3cc(N4CCOCC4)ccc3NC(=O)CNCCO)C=C2C=C1)c1ccccc1F,-6.3,1.9172403963151714,29_178
O=Cc1c(O)cccc1C(C(=O)c1cccc2ccccc12)c1cccc(O)c1,-7.5,3.5204127435108896,29_179
O=C(Nc1cccc(-c2cccc(-c3ccccc3Oc3ccccc3)c2)c1)c1cccc(C(F)(F)F)c1,-8.2,3.161586069886549,29_180
O=C(N=CC1=CC(C=C2C=c3c(=O)nc[nH]c3=C[Se]2)C=C1)c1ccccc1-c1ccccc1,-8.2,3.4279724650825845,29_181
O=C(Nc1cccc(-c2cccc(-c3cc4ccccc4c(=O)[nH]3)c2Cl)c1)c1ccccc1,-9.1,3.40168017097983,29_182
C=Nc1ccccc1N(C(=O)NCCc1c[nH]c2ccc(OC)cc12)C(C)C(=O)NCc1cccc(F)c1F,-7.7,3.3485438747093106,29_183
O=C(Nc1ccccc1)c1cc(-c2cccc3ccccc23)nc2ccccc12,-8.5,3.383949932654459,29_184
O=C1Nc2ccc(Cl)cc2/C1=C\c1ccc(-c2cccc(C(=O)NCCN3CCOCC3)c2)cc1,-7.6,3.5500064547698846,29_185
O=C(c1cccc(-c2ccc3c(c2)OCCO3)c1)N1CCN(C(=O)c2ccco2)CC1,-7.7,3.6233581474960737,29_186
O=C(Nc1cccc(C=CC=CC2=Cc3c2cccc3C(F)(F)F)c1)Nc1ccc(C(F)(F)F)c(F)c1,-9.2,3.2331698879736974,29_187
O=C1CC=CN=CCC(c2c[nH]c(-c3cccc(Nc4ccccc4)c3)n2)CC=CC=N1,-8.3,1.4982455959629437,29_188
O=C(Nc1cccc(S(=O)(=O)N=C2CCCN2)c1)c1cccc(S(=O)(=O)N2CCOCC2)c1,-7.6,3.4734165050292964,29_189
Cc1cn([C@H]2C=C[C@@H](COC(=O)N3c4ccccc4CC3C(=O)O)O2)c(=O)[nH]c1=O,-7.9,3.4607193888956544,29_190
O=C(Nc1cccc(-c2cn3ccnc3c(NCc3ccncc3)n2)c1)Nc1cccc(C(F)(F)F)c1,-8.24,3.351509113506621,29_191
O=C(CNC(=O)c1cccc(Oc2ccccc2)c1)Nc1cc(C(F)(F)F)ccc1N1CCOCC1,-7.7,3.660572257490333,29_192
O=C(O)c1c(O)c(C(c2ccc(Cl)c(Cl)c2)c2cccc3ccccc23)c2ccccc2c1O,-8.5,3.188978569410542,29_193
Nc1cccc(-c2cccc(-c3cccc(-c4cccc(-c5cccs5)c4)c3)c2)c1,-9.3,3.2246643103666353,29_194
O=C1CC(=Nc2ccccc2SCc2ccc(Br)cc2)c2ccccc21,-6.9,3.493852263991066,29_195
O=C1c2ccccc2-c2c1c1ccccc1c(=O)n2Cc1cccnc1,-7.9,3.5926300104117788,29_196
O=C1Cc2cccc(C(=O)NCc3ccc(Cl)cc3)c2Nc2ccccc2C=Cc2ccccc21,-7.8,1.1142957777937346,29_197
O=C(Nc1cccc(-c2cn3ccnc3c(NCc3ccncc3)n2)c1)Nc1cccc(C(F)(F)F)c1,-8.24,3.351509113506621,29_198
Cc1cnc(-c2cccc(Cc3c(O)ccn3C)c2)cc1-c1ccc2c(c1)CCN(C1CCOC1)C2,-8.2,3.5059641134367476,29_199
O=S(=O)(Nc1ccc(CCNC[C@H](O)COc2ccc(O)cc2)cc1)c1ccccc1-c1ccccc1,-6.0,3.2603959762729406,29_200
Nc1ncnc2c1nc(Sc1cc3c(cc1Br)OCO3)n2CCOCc1ccccc1Cl,-7.6,3.4051774136096222,29_201
O=C(c1cccc(-c2ccc(C(=O)N3CCOCC3)cc2)c1)c1cc2ccccc2o1,-7.9,3.576084892383645,29_202
O=C(c1ccc2c(ccc3ccccc32)c1)n1cc(O)n(Cc2cc3ccccc3o2)c2ccccc2n(-c2ccccc2)c1=O,-9.2,1.2579219895584366,29_203
Cc1ccccc1Cc1nc(-c2cccc(C#N)c2)c(-c2cccc3[nH]ccc23)nc1C(=N)N,-7.9,3.2999382903847847,29_204
O=C(NN=C1CC(c2ccccc2)NC(c2ccccc2)C1)c1ccc2c(c1)c1ccccc1n2Cc1cccc(F)c1,-7.3,3.197544120398695,29_205
O=C(NCc1ccccc1)c1cccc(-c2cccc(-c3nc4cc(C(F)(F)F)ccc4[nH]3)c2)c1,-7.9,3.40353052176744,29_206
O=C(Nc1ccc(-c2cccc(-c3nc4cc(F)ccc4[nH]3)c2)cc1)Nc1cccc(F)c1,-8.0,3.3727202589676315,29_207
O=C(CC1c2ccccc2C=C(c2ccccc2)N1CC(=O)Nc1ccccc1[N+](=O)[O-])Nc1ccccc1[N+](=O)[O-],-8.4,3.202763261924763,29_208
COc1ccc(C(c2ccc(F)cc2)c2cccc(-c3cc(-c4ccc5c(c4)OCO5)cc(C(F)(F)F)c3)c2)cc1,-8.6,3.0696300449353204,29_209
Cn1c(-c2cccc(-c3cccc(NS(=O)(=O)c4cccc(C(F)(F)F)c4)c3)c2)nc2ccccc21,-9.0,3.4978665306807217,29_210
Cn1c(-c2cccc(-c3cccc(NC(=O)Cc4nc(=O)cc(N5CCOCC5)[nH]4)c3)c2)nc2ccccc21,-9.3,3.444035751318017,29_211
O=C(c1ccc(S(=O)(=O)N2CCc3ccccc3CC2)cc1)N1CCN(c2cccc3ccccc23)CC1,-7.1,2.5168724100194364,29_212
Nc1nc(-c2cccc(C(=O)O)c2)cn2c(=O)n(-c3ccccc3)nc12,-8.0,3.6002499222140063,29_213
O=C(O)c1cccc(-c2cccc(-c3cccc(-c4cccc(Cl)c4)c3)c2)c1,-8.3,3.3862657127917277,29_214
O=C(O)c1cccc(CN2C(=O)/C(=C/c3cccc(Oc4ccc5c(c4)OCO5)c3S)c3ccccc32)c1,-7.5,3.3142051159385852,29_215
O=C(c1cccc(-c2ccc3ccccc3c2)c1)N1CCn2c1nc1ccccc12,-8.6,3.4219719136921567,29_216
O=C(O)c1cn(-c2cccc(-c3cccc(-c4nc5cc(F)ccc5[nH]4)c3)c2)nn1,-8.4,3.58501706555637,29_217
Cn1c(-c2cccc(-c3cccc(NC(=O)c4ccccc4Oc4ccccc4)c3)c2)nc2ccccc21,-8.8,3.275728118796379,29_218
CN(C)C(=O)c1cccc(-c2cccc(-c3cn(C=CN=CN)c(C4CCC4)n3)c2)c1,-7.7,3.6414601885628306,29_219
O=C(Nc1cccc(-c2ccccc2F)c1)Nc1cccc(-c2cccc(-c3cc4ccccc4[nH]3)c2F)c1,-10.8,3.0669222970336696,29_220
O=c1c(O)c(-c2cccc(Oc3ccc4c(c3)CCO4)c2)c2ccccc2n1-c1ccccc1,-7.8,3.4962070135180943,29_221
Clc1cccc(Nc2cc(-c3ccccc3)nc(/N=C/c3cccc4ccccc34)n2)c1,-8.8,3.439218569176976,29_222
O=C(Nc1ccccc1-c1nc(-c2ccccc2)no1)c1ccccc1-c1ccccc1,-8.9,3.5333642176542184,29_223
COc1ccc(/C=C/c2cc(Nc3nc4ccccc4[nH]3)c3ccccc3[n+]2C)cc1,-8.4,3.4319566931659367,29_224
O=C(Nc1cc([N+](=O)[O-])ccc1-n1cncn1)c1cccc(-c2cccc(C(F)(F)F)c2)c1,-8.2,3.537113436799631,29_225
COc1cc(-c2noc(C)c2C(=O)Nc2ccc3c(c2)CCC3)cc2ccccc12,-8.6,3.6622641196735675,29_226
COc1cccc(-c2ccc(CCC(C)(C(O)=NO)S(C)(=O)=O)cn2)c1,-6.3,3.4130229028175156,29_227
Oc1cccc(N=C(Nc2ccc(N3CCOCC3)cc2)c2cccc(-c3cccc(-c4cccc(-c5nccs5)c4)c3)c2)c1,-8.7,3.0774268013361747,29_228
O=C(Nc1ccc(F)c(F)c1)c1cccc(-c2cccc(-c3cccc4c(=O)cc(-c5ccccc5)oc34)c2)c1,-8.7,3.3310821952520526,29_229
O=C(c1ccc2c(-c3cccc(CN4CCOCC4)c3)cccc2c1)N1CCN(c2ccccc2F)CC1,-7.9,3.4412137406613557,29_230
O=Cc1cc2ccccc2cc1-c1ccc(-c2cccc3ccccc23)nc1,-8.6,3.2343940984091333,29_231
O=C(Nc1cccc(C=C2C=Cc3ccccc32)c1)Nc1cccc(-c2cccc(-c3nc4cc(F)ccc4[nH]3)c2)c1,-9.4,3.1031120696744896,29_232
Cc1ccc2ccccc2c1C(=O)Nc1cccc(-c2cccc(-c3cccc(C(F)(F)F)c3)n2)c1,-8.7,3.326509375147789,29_233
O=C(Nc1cc(-c2ccc3c(c2)OCCO3)nc2ccccc12)c1cccc(S(=O)(=O)Nc2ccccc2S(=O)(=O)c2ccccc2)c1,-8.1,3.1115702786914206,29_234
O=S(=O)(Nc1cccc(-c2cccc(-c3cccc(F)c3)c2)c1)c1ccccc1,-8.1,3.5831722834648048,29_235
O=C(Nc1ccccc1)c1cccc(-c2cccc(-c3cccc(-c4cccc(C(F)(F)F)c4)c3)c2)c1,-9.0,3.0537079726898275,29_236
CN1CCOC(C(=O)Nc2ccc3c(c2)OCCO3)C1,-6.3,3.5060652492773228,29_237
O=C1c2ccccc2C(=O)c2cc(-c3cnnc(-c4ccc(Cl)cc4)n3)ccc21,-8.1,3.6364466201900494,29_238
Cn1c(-c2cccc(-c3cccc(C(=O)NN=C4c5ccccc5C(=O)c5ccccc54)c3)c2)nc2ccccc21,-9.1,3.254462121666269,29_239
Cc1c(NC(=O)Nc2ccccc2C(F)(F)F)c2ccccc2n1-c1ccccc1,-8.3,3.5096096814739304,29_240
O=C(c1cccc(S(=O)(=O)N2CCCC2)c1)N1CCN(S(=O)(=O)c2ccc3c(c2)CCC3)CC1,-7.4,3.4438808043997455,29_241
CSc1cn(-c2ccc3ccccc3c2)nc1-c1cccc(-c2cccc(C(=O)Nc3ccccc3)c2)c1,-9.2,3.194051858895823,29_242
O=C(c1cccc(NS(=O)(=O)c2cccc3cccnc23)c1)N1CCN(c2ccc(F)cc2)CC1,-8.2,3.6672551670909352,29_243
N#Cc1ccccc1-n1ccc2c(N3CCN(C(=O)C(Cc4ccc(Cl)cc4)NC(=O)C4Cc5ccccc5CN4)CC3)cccc21,-8.4,3.2256456102576685,29_244
O=C(Nc1nc(-c2ccc(O)cc2)cc(-c2ccc(F)cc2)n1)c1ccc2c(ccc3ccccc32)c1,-8.7,3.3795935324403947,29_245
c1ccc(CCC2COCCN2)nc1,-5.2,3.3949575407660566,29_246
O=C(O)CC1CCCc2c1n(-c1cccc(-c3ccc4c(c3)OCCO4)c1)c1ccc(-c3ccccc3C(F)(F)F)cc21,-7.9,3.211207808049476,29_247
O=C(c1cccc(-c2cccc(-c3cccc(F)c3)c2)c1)N1CCN(c2cccc(C(F)(F)F)c2)CC1,-8.625,3.323511212462599,29_248
O=C1Cc2c(-c3ccccc3)cc(-c3cccc(-c4cc(=O)c5ccccc5o4)c3)cc2-c2ccccc2N1,-10.3,2.2147493049778353,29_249
O=C(CCSc1ccc2c(C=Cc3ccccn3)[nH]nc2c1)Nc1cccc(-c2cccc(-c3ccccc3F)c2)c1,-7.0,3.154751354498231,29_250
O=C(Nc1cccc(CN2CCC(C(=O)NC3CCCCC3)CC2)c1)c1cccc(F)c1,-7.2,3.5779735229003506,29_251
O=C(c1cccc(-c2ccc3c(c2)OCO3)c1)N1CCCC(c2ccccc2)C1,-8.9,3.5321944544514734,29_252
O=c1c(-c2cccs2)nnc2n1CCN2c1cccc(Cl)c1Cl,-5.8,3.6445370276186795,29_253
O=c1c(C2=NS(=O)(=O)c3ccccc3N2)c(O)c2ccccc2n1-c1cccc(C(F)(F)F)c1,-8.4,3.571638366406151,29_254
CC(Nc1cccc(-c2n[nH]c(=O)[nH]2)c1)C1=NN=CCO1,-7.2,3.5216319114923125,29_255
O=C(Nc1cccc(C(F)(F)F)c1)c1cc(Cl)ccc1Oc1ccc(Cl)cc1C(=O)Nc1ccc2c(c1)S(=O)(=O)C=C2,-8.1,3.2645856999401373,29_256
O=C1NCc2cc(-c3cccc(-c4cccc(-c5cccc(C(F)(F)F)c5)c4)c3)ccc21,-8.9,3.376322003886464,29_257
O=Cc1c(N2CCOCC2)oc2c(-c3cccc(Oc4ccccc4)c3)cccc12,-7.5,3.545348335259577,29_258
O=C(Nc1cccc(-c2cccc(Cl)c2)c1)c1ccc2snnc2c1,-7.0,3.717718131485488,29_259
O=c1cc(N2CCOCC2)oc2c(-c3cccc(-n4c(-c5cccc(OS(=O)(=O)O)c5)nc5ccccc5c4=O)c3)cccc12,-8.9,3.1570892440258835,29_260
FC1(F)CCN(c2nc(-c3cccc(OC(F)(F)F)c3)cc(N3CCOCC3)n2)CC1,-7.5,3.521129282721744,29_261
O=C(Nc1cccc(-c2cccc(-c3ccccc3)c2)c1)c1ccccc1,-8.125,3.3743985427709573,29_262
O=C(NN=C(c1ccccc1)c1cc2ccccc2oc1=O)c1cc2ccccc2cc1Oc1ccccc1,-8.7,3.2308185405296657,29_263
O=C(c1cccc(-c2cccc(-c3ccc4c(c3)OCO4)c2)c1)N1CCN(c2ccccc2F)CC1,-8.5,3.461047798442075,29_264
O=C(Nc1cccc(Oc2ccccc2)c1)Nc1cccc(-c2cccc(-c3cc4ccccc4c(=O)[nH]3)c2Cl)c1,-9.4,3.170908066095399,29_265
Cc1c(-c2nc3cc(F)ccc3[nH]2)cccc1-c1nc2cc(F)ccc2n1C/C=C/C=CC=CCC(=O)Nc1ccc(F)cc1F,-7.9,3.0737272688355954,29_266
O=C(NCc1cccc(-c2ccccc2C(F)(F)F)c1)c1cccc(-c2cc3cc(F)ccc3[nH]2)c1,-8.3,3.1907757738053095,29_267
O=C(Nc1cccc(-c2cccc(-c3nc4cc(F)ccc4[nH]3)c2)c1)c1ccccc1F,-8.609999999999998,3.443853177840764,29_268
N#Cc1cccnc1-c1cccc(-c2cccc(-c3cccc(NC(=O)c4ccccc4)c3)c2)c1,-8.6,3.4145575848364174,29_269
O=C(Nc1cccc2cc3ccccc3cc12)c1cccc([N+](=O)[O-])c1,-7.3,3.5049005998425105,29_270
COc1cc(O)c(C(=O)/C=C/c2cccc(F)c2)c2c1C=CC(C)(C)O2,-7.0,3.6685966794967237,29_271
O=C1c2ccccc2C(=O)c2c1ccc1[nH]c(-c3ccccc3Oc3ccccc3F)nc(=O)c21,-9.3,3.5459442709871047,29_272
O=C1C=CC(=O)c2c1cccc2C(=O)NCCc1ccccc1,-6.2,3.7239671677426447,29_273
CC(=O)Nc1cc(C(=O)Nc2ccc(F)cc2)c(F)c(-c2cccc(-c3ccn(C)c3)c2)c1,-8.1,3.5929848901788866,29_274
O=C(Nc1nc2ccc(Br)cc2s1)c1ccc2ccccc2c1,-7.7,3.6357214264766875,29_275
O=C(c1cccc(F)c1F)N1CCC(N(c2ccc(C(F)(F)F)cc2)c2ccccn2)CC1,-8.0,3.5855208861129695,29_276
N#Cc1cccc(C(=O)Nc2ccc3ccccc3c2)c1,-6.7,3.6165694321991175,29_277
O=C(Nc1cccc(-c2cccc(-c3nc4cc(F)ccc4[nH]3)c2)c1)c1ccccc1,-8.345454545454546,3.4293586076098226,29_278
O=C(Nc1cccc(-c2cccc(-c3nc4cc(F)ccc4[nH]3)c2F)c1)c1ccccc1,-8.5,3.443853177840764,29_279
O=C1Nc2c(Cl)cccc2N2c3ccccc3-c3ccccc3N12,-8.3,3.4465662020318604,29_280
O=C(CNc1nc2ccccc2c(=O)n1-c1ccccc1)Nc1cccc(-c2cccc(-n3cncn3)c2)c1,-8.4,3.296766127067684,29_281
Cn1c(-c2cccc(-c3cccc(NC(=O)c4cccc(-c5ccc6ccccc6c5)c4)c3)c2)nc2ccccc21,-8.1,3.125035066357041,29_282
CCC=Cc1c(C(=O)N2CCCC2C(=O)Nc2nc(-c3ccccc3)cs2)[nH]c(O)c1-c1ccccc1,-7.2,3.460253910545097,29_283
O=C(Nc1cccc(Nc2ccc3c(c2)CCCCC3=O)c1)c1ccccc1,-7.5,2.615833539842537,29_284
N#Cc1cc(-c2ccccc2)ccc1-c1cccc(-c2cccc(-c3ccccc3OC(F)(F)F)c2F)c1,-8.3,3.0505773205551154,29_285
COc1ccc(NC(=O)c2cccc(-c3cccc(C(F)(F)F)c3)c2)cc1OC,-7.0,3.724647401481639,29_286
O=C(NCc1cccnc1-n1cnc2ccccc21)c1ccccc1-c1ccccc1,-7.7,3.479984213851295,29_287
O=C1CCCCCNc2c(N=C3NC4CS(=O)(=O)CC4S3)cccc21,-7.5,1.2046076394707894,29_288
O=C1C=CC=CC(c2cc(-c3cccc(-c4ncccc4F)c3)ccn2)NCCN(c2ccccc2)CC1,-8.9,1.5985706387754424,29_289
O=S(=O)(N=CC1=C(Sc2cccc3cccnc23)C=CC1c1ccc(Cl)cc1)c1ccccc1,-8.0,3.3784023436362824,29_290
CC1=NN(c2cccc(C(=O)O)c2)C(=O)C1=Cc1cccc(-c2ccc3ccccc3c2)c1,-7.6,3.452433240438017,29_291
COc1ccc(-c2nc(-c3ccc4c(c3)c3ccccc3n4CCCO)no2)cc1,-7.3,3.588201144820717,29_292
O=C(Nc1ccccc1)Nc1cccc(-c2ccccc2F)c1,-8.9,3.52704428934348,29_293
Oc1cccc(-c2cccc(-c3ccc4c(c3)OCCO4)c2Cl)c1,-7.5,3.668230987003199,29_294
O=C(Nc1ccc2c(c1)OCO2)N1CCc2nc(-c3ncccn3)nc(NCc3cccc(F)c3)c2C1,-8.6,3.416942617590125,29_295
N=Cc1[nH]nc(-c2cccc(NC(=O)c3ccc4ccccc4c3)c2)c1C=CC1C=NC1,-7.4,3.488241558884658,29_296
O=C(Nc1cccc(S(=O)(=O)N=C2CCCN2)c1)c1cc(-c2ccc3c(c2)OCO3)nc2ccccc12,-8.7,3.4792924206391715,29_297
O=C(O)c1cccc(-c2cccc(-c3cccc(-c4nc5ccccc5[nH]4)c3)c2)c1,-8.4,3.421359302703002,29_298
O=S(=O)(NCc1cccc(F)c1)c1ccc2c(c1)C1C=CCC1C(c1cccc3ccccc13)N2,-7.9,3.3899061822110292,29_299
CC(=O)NC1CCN(c2ccccc2-c2cccc(-c3cc(C(F)(F)F)cc(C(F)(F)F)c3)c2)C1,-8.2,3.5118179634769677,29_300
O=C(NS(=O)(=O)c1cccc(-c2cccc(-c3ccc4c(c3)OCCO4)c2Cl)c1)c1ccccc1-c1ccccc1,-9.2,3.3729933628312194,29_301
COc1ccccc1N1CCN(C[C@H]2N=C(c3cccc(Oc4ccccc4)c3)N=C2C)CC1,-7.5,3.5351204660008957,29_302
O=C1C=CC(F)=CCCc2cc(Nc3cc(-c4ccccc4)nc(-c4ccccc4)c3)ccc2N1,-9.2,1.3352632752082578,29_303
Cn1c(-c2cccc(-c3cccc(NC(=O)Cn4cnc5sc(-c6ccccc6)cc5c4=O)c3)c2)nc2ccccc21,-9.8,3.3421435521149934,29_304
O=C(O)c1ccc(-c2cccc3c2C(=O)N(CCc2ccccc2)C3=O)cc1-c1ccccc1,-7.5,3.5245873759825965,29_305
Cc1ccc(C(=O)c2cccc(-c3cccc(-c4cc(F)cc(F)c4)c3)c2)c(C)c1,-9.2,3.2185100794906734,29_306
NCCc1c[nH]c2ccc(C(=O)c3cccc(-c4cccc(-c5nn[nH]n5)c4)c3)cc12,-7.6,3.4064122664891294,29_307
O=C(Nc1cccc(-c2cn3ccnc3c(NCc3ccccc3F)n2)c1)c1cccc(C(F)(F)F)c1,-8.7,3.398720814453214,29_308
O=C(c1cccc(-c2ccc3ccccc3c2)c1)N1CCN(S(=O)(=O)c2cccc(C(F)(F)F)c2)CC1,-8.5,3.5620143110144378,29_309
CCC(=NC(N)=O)c1cccc(-c2cccc(-c3cc(C)ccc3Oc3cc(F)c(S(=O)(=O)Nc4ncns4)cc3F)c2)c1,-8.2,3.085777404180596,29_310
O=C(Nc1cccc(-c2cccc(-c3nc4cc(C(F)(F)F)ccc4[nH]3)c2)c1)c1cccc2c1-c1ccccc1C2,-8.3,3.2170143164199434,29_311
Cc1cccc(-c2nnc(SCC(=O)NCc3ccco3)n2-c2ccccc2F)c1,-6.8,3.637349010118018,29_312
O=C1Nc2cc(-c3ccccc3)ccc2/C1=C/c1cccc(-c2cccc(C(F)(F)F)c2)c1,-8.1,3.2080446254730024,29_313
O=C(Nc1cccc(-c2cccc(C(F)(F)F)c2)c1)c1cccc2ccccc12,-8.1,3.422727412928715,29_314
O=c1[nH]c2ccccc2nc1-c1cccc(-c2cccc3ccccc23)c1,-8.5,3.422355716723917,29_315
COc1ccc(N(C(=O)c2snc(C(N)=O)c2N)C(C(=O)NC2CCCC2)c2cccs2)cc1,-7.1,3.4584915123494673,29_316
O=C(Nc1nncs1)c1ccc(-c2ccc3ccccc3c2)cc1,-7.4,3.7151548053044845,29_317
Nc1ccccc1N(C/C(C=O)=C\c1ccc(Cl)cc1)C(=O)c1cccc(-c2cccc(-c3nc4cc(F)ccc4[nH]3)c2)c1,-7.4,2.9629383991932037,29_318
c1cnc(-c2nc(-c3ccc4c(c3)OCCO4)no2)cn1,-8.6,3.620788033546229,29_319
O=C(Nc1cccc(-c2cccc(-c3nc4cc(F)ccc4[nH]3)c2F)c1)c1ccccc1Cl,-8.8,3.416928559450893,29_320
O=C(O)c1cccc(-c2cccc(-c3cccc(C(=O)N4CCOCC4)c3)c2)c1,-8.3,3.737170910094532,29_321
O=C(c1cccc(-c2ccc3c(c2)OCO3)c1)N1CCN(c2nc3ccccc3c3nc(-c4ccccc4)nn23)CC1,-9.3,3.262233431010018,29_322
Cc1ccccc1-c1cc(C(=O)Nc2cccc(-c3cccc4ccccc34)c2[N+](=O)[O-])cc2c1[nH]c1ccccc12,-8.9,3.0305144933239894,29_323
O=C(c1cccc(-c2cccc(C(=O)N3CCN(C4CCCCC4)CC3)c2)c1)N1CCOCC1,-8.0,3.477678020303208,29_324
C=CC=CC=C[C@@H](OC=O)c1cccc(-c2cccc(C(=O)N3CCCCC3)c2)c1,-6.8,3.4906221242178037,29_325
O=C(NCCN1CCCCC1)c1ccc(-c2cccc(-c3cccc(C(=O)N4CCOCC4)c3)c2)nc1,-7.1,3.602462617130487,29_326
O=C(Nc1cccc(-c2cccc(-c3ccc4c(c3)OCO4)c2)c1)c1ccccc1,-8.7,3.4955491490960098,29_327
O=C(c1cccc(-c2cccc(-c3ccccc3OC(F)(F)F)c2)c1)N1CCNCC12CCOCC2,-8.7,3.6113738653970184,29_328
O=C1Nc2ccccc2O/C1=C/c1ccc(-c2cccc(-c3nc4cc(C(F)(F)F)ccc4[nH]3)c2)cc1,-8.2,3.2552053922136572,29_329
O=C(Nc1cccc(Nc2ccc3c(C=Cc4ccccc4)[nH]nc3c2)c1)c1ccccc1,-8.1,3.3709175620035206,29_330
O=C(Nc1ccccc1)c1cccc(-c2cc(-c3cc4ccccc4c4ccccc34)[nH]n2)c1,-8.5,3.289411527814763,29_331
Cc1cccc(-n2nc3ccc(-c4ccc(-c5ccccc5C#N)cc4)cc3n2)c1,-7.1,3.3844401192396996,29_332
O=C(Nc1cnccc1C(=O)Nc1nccs1)c1cccc(-c2cccc(-c3ccc4c(c3)OCO4)c2)c1,-9.1,3.299809793468606,29_333
Nc1ccc(-c2cccc(-c3cccc(C(=O)O)c3)c2)cc1,-7.6,3.558244749583384,29_334
O=C(COc1ccccc1)Nc1cccc(-c2nc3ccccc3o2)c1,-7.6,3.714270687592517,29_335
COC=CC=C(C)/C=C/CC1(c2ccc3ccccc3c2)OC(=O)c2cc(C(F)(F)F)ccc21,-7.6,3.33610978428445,29_336
Cc1c(CC=CC=Cn2c(O)c[nH]c2=O)cccc1-c1cccc(-c2nc3cc(F)ccc3[nH]2)c1,-7.5,3.3731470838411095,29_337
O=C1c2ccccc2C(=O)N1Cc1cccc(-c2cccc3c(=O)cc(N4CCOCC4)oc23)c1,-8.0,3.4900504999106463,29_338
Oc1ccccc1C=NCCNC(c1ccccc1)c1ccccc1,-6.9,3.5420393086570163,29_339
O=C(O)CCc1cccc(-c2cccc(-c3ccc(NC(=O)Nc4cccc(-c5ccccc5)c4)cc3)c2)c1,-8.2,3.1369327013935884,29_340
Cc1cc(-c2nc3ccccc3n2-c2cc(-c3cccc4ccccc34)ncn2)[nH]n1,-9.2,3.5707677300947216,29_341
O=C(Nc1cccc(-c2cccc(-c3nc4ccccc4[nH]3)c2)c1)c1ccc2ccccc2c1,-9.4,3.3407103331057586,29_342
C=C(C=CC=CC(=C)C=C1C(=N)Nc2ccccc21)C=CC=CC(=O)NCCO,-6.2,3.307934589571082,29_343
CC(C)c1cnc2c(C3C=CC=Cc4ccccc4OC3)nc3ccccc3n12,-7.9,1.3645014874076549,29_344
O=C(Nc1cccc(-c2cccc(C(F)(F)F)c2)c1)c1cc2ccccc2cc1Nc1cccc(-c2ccc3c(c2)OCO3)c1,-9.3,3.1853342071281268,29_345
O=C(N[CH]CC1[CH]CN(C(=O)CF)C1)c1cnc(-c2cccc(-c3cccc(Cc4ccccc4Cl)c3)c2)o1,-7.5,3.500308456041398,29_346
O=C1C=CC=C(c2cccc(-c3cccc(-c4ccccc4)c3)c2)CCc2c1ccc(-n1cncn1)c2[N+](=O)[O-],-8.0,1.0399670968868389,29_347
O=C(Nc1cccc(-c2cccc(-c3ncccc3CO)c2)c1)c1cccc(C(F)(F)F)c1,-8.033333333333333,3.5836179579629466,29_348
O=c1oc2ccccc2c(Nc2ccccc2)c1-c1nc(=O)c2ccccc2[nH]1,-8.1,3.5228929327422245,29_349
O=C(Nc1cccc(-c2cccc(-c3nc4cc(F)ccc4[nH]3)c2)c1)Nc1ccc(C(F)(F)F)cc1Cl,-8.1,3.115070736937624,29_350
O=C(c1cccc(-c2cccc(-c3nc4ccccc4[nH]3)c2)c1)N1C=CN(C(=O)c2cccc(-c3cc4ccccc4o3)c2)CC1,-9.0,3.2635161462308098,29_351
O=C(Nc1cccc(-c2cccc(-c3cccc(C(=O)N4CCOCC4)c3)c2)c1)c1cccc(C(F)(F)F)c1,-8.92,3.537920848713541,29_352
C[C@@H](NC(=O)c1cccc(-c2cccc(-c3cccc(-c4ccccc4C#N)c3)c2)c1)c1ccccc1,-8.7,3.2487765715960384,29_353
O=C(Nc1cccc(-c2cccc(-c3nc4cc(F)ccc4[nH]3)c2F)c1)c1ccccc1,-8.5,3.443853177840764,29_354
O=C(c1ccc(-c2cccs2)cc1)c1ccc2c(c1)OCCO2,-6.6,3.60065594992012,29_355
O=C(Nc1cccc(-c2ccccc2CO)c1)c1cccc(-c2ccc3c(c2)OCO3)c1,-7.7,3.614372096051053,29_356
COc1ccc(Cc2cc([C@H]3CC[C@](N)(CO)C3)c3ccccc3c2O)cc1,-6.8,3.635337792928201,29_357
O=C(Nc1cccc(-c2cccc(-c3nc4ccccc4[nH]3)c2)c1)c1ccccc1,-8.375,3.442730724240592,29_358
c1cc(-c2ccc3c(c2)OCCO3)cc(-c2cccc3c(Oc4ccc5c(c4)OCO5)cccc23)c1,-9.4,3.2664470832070522,29_359
O=C(Nc1cccc(-c2cccc(C(=O)N3CCOCC3)c2)c1)c1cccc(-c2ccccc2F)c1,-8.2,3.5714240444231855,29_360
O=C(Nc1cccc(-c2cccc(-c3cccc(-c4cccc(O)c4)c3)c2)c1)c1cccc(C(F)(F)F)c1,-8.149999999999999,3.1589851040288006,29_361
O=C(Nc1cccc(-c2cccc(-c3nc4cc(F)ccc4[nH]3)c2)c1)c1ccccc1F,-8.609999999999998,3.443853177840764,29_362
O=C(c1cccc(-c2cccc(-c3cccc(-c4nc5ccccc5[nH]4)c3)c2)c1)N1CCNCC1,-9.55,3.440998249723921,29_363
O=C(c1ccc(F)c(Cl)c1)N1CCN(c2ccccc2-c2cc3ccccc3c3ccccc23)CC1,-9.4,3.1815836966761983,29_364
COc1ccc(Cc2nc3ccccc3nc2SCC(=O)Nc2cccc(C)c2)cc1,-7.5,3.605385561057783,29_365
O=C(NCc1cccc(Br)c1)c1cccc(-c2cccc(-c3cccc(-c4ccccc4F)c3)c2)c1,-9.3,3.035370125902028,29_366
NC(=O)c1ccc(C(F)(F)F)s1,-4.7,2.145981609605478,29_367
O=C(Nc1cccc(-c2cccc(-c3ccc4c(c3)OCO4)n2)c1)Nc1cccc(C(F)OCF)c1,-8.3,3.5440025243777145,29_368
O=C(NCCN1CCOCC1)c1cccc(-c2cccc(-c3cccc(-c4nc(=O)c5ccccc5[nH]4)c3)c2)c1,-8.6,3.4134754580148736,29_369
O=C(Nc1cccc(-c2cccc(C(=O)N3CCOCC3)c2)c1)c1cccc(-c2cccc3ccccc23)c1,-8.733333333333334,3.392862095706997,29_370
COCCNS(=O)(=O)c1cccc(C(=O)N(C(=O)c2cccc(C(F)(F)F)c2)c2ccccc2-c2ccccc2)c1,-7.3,3.383321831947616,29_371
O=C(c1cccc(-c2nc(=O)c3ccccc3[nH]2)c1)N1CCN(c2cccc3c2ccn3-c2cccc(F)c2)CC1,-8.3,3.464893158092846,29_372
O=C(Nc1cccc(-c2cccc(-c3nc4ccccc4[nH]3)c2)c1)c1ccccc1F,-8.575,3.4293586076098226,29_373
COc1cccc(C(=O)Oc2cccc(-c3cc(=O)c4c(OC)c(OC)c(OC)cc4o3)c2)c1,-6.9,3.439179454039219,29_374
O=C(Nc1cccc(-c2cccc(-c3nc4cc(F)ccc4[nH]3)c2)c1)Nc1cccc(C(F)(F)F)c1,-8.899999999999999,3.169812286139635,29_375
O=C(Nc1cccc(-c2cccc(-c3nc4cc(C(F)(F)F)ccc4[nH]3)c2)c1)c1ccccc1F,-8.299999999999999,3.2512717517338245,29_376
O=C(N[C@@H](c1cccc(-c2ccccc2F)c1)c1nccs1)c1cccc(-c2cccc(-c3ccc4c(c3)OCO4)c2)c1,-9.9,3.268381264012885,29_377
O=C(OCc1ccccc1)c1ccccc1NC(=O)c1c(-c2ccccc2)n(-c2ccccc2)c2ccccc12,-8.0,3.204684153836557,29_378
O=C(Nc1ccc(Nc2nc(-c3ccccc3)cc(=O)[nH]2)cc1)c1cc2ccccc2oc1=O,-7.6,3.3924747843860086,29_379
O=C(Nc1cccc(-c2cccc(-c3cccc(C(=O)N4CCOCC4)c3)c2)c1)c1cnccn1,-8.4,3.6665711349211954,29_380
Cc1ccc(NC(=O)c2cccc(-c3cccc(-c4cccc5c(=O)cc(-c6ccccc6)oc45)c3)c2)cc1,-9.0,3.201036815407381,29_381
O=C(Nc1nc2ccccc2nc1Nc1cccc(-c2cccc(-c3nn[nH]n3)c2)c1)c1ccccc1,-8.9,3.367815447321326,29_382
O=C(O)c1cccc(-n2cc(CN3C(=O)CCc4ccccc43)nn2)c1,-8.0,3.782220725811368,29_383
Fc1ccc(-c2nnc(-c3ccccc3Nc3cccc(-c4ccccc4)c3)o2)cc1,-8.9,3.4948337728095353,29_384
O=C(N=CC1=CC([C@@H](O)c2c(N3CCOCC3)nc3ccccc3c2-c2ccccc2)C=C1)c1ccccc1,-7.6,3.402808195075113,29_385
O=C(N1CCCC1)N1CC[C@@H]2C[C@H]1c1cc(-c3cccc(C(F)(F)F)c3)ccc1N2C(=O)c1cccc(C(F)(F)F)c1,-9.2,3.1156561317875435,29_386
O=C(Nc1cccc(-c2cccc(-c3cccc(-c4nn[nH]n4)c3)c2)c1)c1cccc(C(F)(F)F)c1,-9.2,3.3926958912592893,29_387
O=C(Cn1c(-c2ccc(F)cc2)nc2ccccc2c1=O)Nc1cccc(-c2cccc3ccccc23)c1,-9.1,3.372309353369689,29_388
O=C(Nc1ccccc1C(=O)N1CCOCC1)c1cccc(-c2cccc(-c3ccc4c(c3)OCO4)c2)c1,-8.5,3.5165313751660845,29_389
O=C(NC[C@@H]1Cc2ccccc2CN1C(=S)NC[C@H]1CCCN1Cc1ccc(O)cc1)Nc1ccccc1,-6.6,3.3535357212525665,29_390
N#Cc1ccccc1-c1cccc(C2CCCN(C(=O)c3ncccc3F)C2)c1,-7.8,3.6760537123130614,29_391
Cc1cc(Oc2cccc(-c3ccnc4cc(-c5ccncc5)nn34)c2)ccc1-c1ccccc1C(=O)N1CCc2ccccc2C1,-8.4,3.179647623002515,29_392
O=c1ccc2ccc(-c3ccc(-c4cccc(Cl)c4)cc3)cc2o1,-7.4,3.4193232668623246,29_393
O=C(Nc1cccc(-c2ccnc3cc(-c4cccc(C(=O)NC5CC5)c4)ccc23)c1)c1cccc(C(F)(F)F)c1,-8.6,3.3186254693963617,29_394
O=C(NCc1ccccc1F)c1cc(Oc2cccc(-c3ccc4c(c3)OCCO4)c2Cl)ccn1,-8.7,3.617480010867223,29_395
O=C(c1cccnc1)N1CCN(C(=O)c2ccc3c(c2)OCO3)CC1,-7.3,3.607622934797532,29_396
O=C(Nc1cccc(Cl)c1)c1ccc(-c2ccccc2C(F)(F)F)o1,-7.4,3.654201520797853,29_397
O=C(NC(Cc1c[nH]c2ccccc12)C(=O)O)c1cccc(-c2cccc(C(=O)N3CCOCC3)c2)c1,-8.7,3.5121854509416437,29_398
C[C]1CC[C@H]2C(=CC[C@]2(C)CCc2ccccc2)[CH]O[CH]C[C@H]1OC(=O)C=Cc1cccc(-c2cc3ccccc3o2)c1O,-7.0,0.9314816925787355,29_399
NC(=O)c1cc(-c2cccc(C(=O)O)c2)cc(-c2cccc(-c3cccc(C4=CCC=C4)c3)c2)c1,-9.2,3.336366872325227,29_400
Cc1c(CC=CCC=NC(=O)Nc2cccc(Cl)c2)cccc1-c1cccc(-c2nc3cc(F)ccc3[nH]2)c1,-8.0,3.1117452099690235,29_401
Cn1c(-c2cccc(-c3cccc(NC(=O)c4ccccc4)c3)c2)nc2ccccc21,-8.416666666666666,3.3942752104154073,29_402
O=C(c1cccc(-c2cccc(-c3ccccc3OC(F)(F)F)c2)c1)N1CCNCC1,-7.7,3.7179715826961255,29_403
O=C(Nc1cccc(-c2cccc(-c3ccccc3)c2)c1)c1cccc(Br)c1,-8.3,3.3584314958353128,29_404
Cc1cn([C@H]2C=C[C@@H](c3ccc4c(c3)OCCO4)O2)c(=O)[nH]c1=O,-7.1,3.56684432475077,29_405
O=C(c1cccc(-c2cccc([N+](=O)[O-])c2)c1)c1cccc(N2C(=O)c3ccccc3C2=O)c1,-9.0,3.318444206259186,29_406
Cc1cccc(-n2cc(-c3cccc(-c4cccc(C(F)(F)F)c4)c3)nn2)c1,-7.7,3.541936211294578,29_407
Cc1cc(C)n(-c2nc3ccccc3nc2Nc2ccc(C(=O)Nc3nccs3)cc2)n1,-8.5,3.4608840073924427,29_408
CC=CC=C1C=CC(c2cccc(-c3cccc(-c4cccc(-c5nc6ccccc6[nH]5)c4)c3)c2)=CC=C1F,-8.7,1.9789515962864161,29_409
O=Cc1ccc(-c2ccccc2N[C@H]2c3ccccc3C[C@@H]2O)cc1N=CC1=CC(c2ccccc2F)=CCC=N1,-9.1,2.246954056310413,29_410
O=C(c1cc2ccccc2[nH]1)N1CCN(c2nc(-c3ccc(F)cc3)nc3ccccc23)CC1,-8.3,3.5616455763110046,29_411
O=C(NCc1cccc(-c2cccc(-c3nc4ccccc4[nH]3)c2)c1)c1ccc(Cl)cc1,-8.4,3.3270602587221223,29_412
O=C(O)c1cccc(-n2cc(-c3cccc(-c4ccc5c(c4)OCCO5)c3)nn2)c1,-8.0,3.6973478177118544,29_413
O=C(Nc1cccc(-c2cn3ccnc3c(NCc3ccccc3F)n2)c1)c1ccccc1,-8.8,3.441953579127456,29_414
O=C(Nc1ccccc1)C(c1cccc(C(F)(F)F)c1)n1c(=O)c(-c2cc3ccccc3[nH]2)nc2ccccc21,-9.1,3.4046863986484643,29_415
O=C(Nc1cccc(-c2cccc(-c3nc4cc(F)ccc4[nH]3)c2)c1)Nc1ccccc1Cc1ccccc1,-8.8,3.093702494604619,29_416
Cc1ccc(NC(=O)c2cccc(-c3cccc(C(=O)NCc4cccc(F)c4)c3F)c2)cc1,-8.2,3.5126004402189412,29_417
O=C(Nc1ccc(Nc2nc(-c3cccc(-c4ccccc4F)c3)c3ccc(-c4ccco4)nc3n2)cc1)Nc1ccccc1F,-8.3,3.0903764790072596,29_418
Cc1cccc(C=NC(=CC=CF)C=C2C=CC(c3ccc4c(c3)OCCO4)=CS2)c1,-7.8,3.3980380663894443,29_419
O=C(Cn1ncc2c3ccccc3n(Cc3ccc(F)cc3)c2c1=O)Nc1cccc(C(F)(F)F)c1,-8.3,3.5052041974442316,29_420
O=C(Nc1cccc(-c2cccc(-c3nc4cc(C(F)(F)F)ccc4[nH]3)c2)c1)c1ccccc1F,-8.299999999999999,3.2512717517338245,29_421
O=C(Nc1cccc(-c2cccc(-c3nc4cc(F)ccc4[nH]3)c2)c1)c1cccnc1,-8.0,3.5232238236880367,29_422
O=C(N/N=C/c1cccc(-c2cccc(C(=O)N3CCOCC3)c2)c1)c1ccccc1O,-7.4,3.6193304293599455,29_423
Cc1cccc(-c2[nH]c(CNc3cccc(F)c3)nc2-c2cc3ccccc3[nH]2)c1,-8.4,3.349076556641191,29_424
O=C1c2ccccc2C(=O)c2c1ccc1[nH]c(CN3CCN(c4ccccc4)CC3)nc21,-7.8,3.5954822194770437,29_425
O=CN1N/C(=C\CC2=NN=C(NC3CC3)C=C(c3cccc(C(=O)NCc4ccccc4)c3)NC2)C1=O,-8.0,1.2172516127664217,29_426
Nc1nnc(-c2ccc3cc(C(=O)NCc4ccccc4Cl)sc3c2)s1,-7.3,3.6683029833588723,29_427
Cc1c(-c2cccc(-c3ccc4c(c3)OCCO4)c2Cl)cccc1C1C=CC=Cc2ccccc2C1,-8.2,1.2783933145406507,29_428
CC(=O)NC1=CC(c2cc(-c3ccccc3)cc(-c3cccc(-c4cccc(C)c4)c3)c2C)C=C1C,-8.7,3.185200327530832,29_429
O=C(O)CC(NC(=O)c1cccc(-c2cccc(-c3ccccc3CO)c2)n1)C(=O)CSCc1cccc2ccccc12,-7.1,3.129927243723685,29_430
O=C(Nc1ccccc1C(=O)N1CCOCC1)c1cccc(-c2cccc(C(F)(F)F)c2)c1,-8.1,3.7403303840440163,29_431
NS(=O)(=O)Oc1ccc(-c2cccc(-c3cccc(-c4ccc5cccc(F)c5c4)c3F)c2)cc1,-7.8,3.4942280738080567,29_432
O=C(Nc1cccc(-c2ccc3c(c2)CCCO3)c1)c1ccc(-c2ccccc2)s1,-7.6,3.5556177870631687,29_433
O=C(Nc1nccs1)c1cc(-c2ccc3ccccc3c2)nc2ccccc12,-9.4,3.5646428088120836,29_434
O=C(Nc1ccc2c3c(cccc13)CCO2)c1cccc(-c2cccc(-c3ccc4ccccc4c3)c2)c1,-9.5,3.2245665648467767,29_435
COc1ccc(N=CC(c2ccc(-c3cccc([N+](=O)[O-])c3)cc2)[C@H](NC(=O)c2ccccc2)c2cccc3ccccc23)cc1OCc1ccccc1,-7.7,2.7102627591326316,29_436
O=c1n(-c2ccccc2)c(=O)n2n1-c1ccccc1NC21c2ccccc2Sc2cc3ccccc3nc21,-8.9,3.213605602456308,29_437
Cn1c(-c2cccc(-c3cccc(NC(=O)c4ccccc4Cl)c3)c2)nc2ccccc21,-8.7,3.388603848809412,29_438
c1ccc(-c2cccc(-c3cccc(-c4ccc5c(cnc6ccccc65)c4)c3)c2)cc1,-8.8,2.902968375552426,29_439
O=C(Nc1cccc(-c2ncc3ccccc3n2)c1)Oc1ccccc1,-6.9,3.7059215723042254,29_440
O=C(Nc1cccc(Br)c1)c1cc(-c2ccccc2)[nH]n1,-6.6,3.6832532442400234,29_441
Cc1ccc(-c2cccc(-c3cc(=O)c4cc(C(=O)O)ccc4o3)c2)cc1,-7.8,3.6270492011900295,29_442
O=C(c1cccc(-c2cccc(-c3cccc(C(F)(F)F)c3)c2)c1)N1CCCC1,-8.4,3.4222501460581998,29_443
O=C(Nc1cccc(C(=O)N2CCOCC2)c1)Nc1cccc(-c2cccc(-c3ccc4c(c3)OCO4)c2)c1,-9.4,3.466883329432017,29_444
O=S(=O)(c1ccc(Cl)cc1)N1c2ccccc2C=Cc2ccccc21,-7.2,2.6281995604706205,29_445
Cc1cc(C(=O)N[C@H](c2ccncc2)C2CC2)c2ccc(Cl)cc2n1,-6.9,3.759905308595669,29_447
O=C(Nc1ccc2c(c1)NC(=O)N(CCO)C2)N[C@H]1CC[C@@H](c2cccc(F)c2F)CC1,-8.1,3.4571687413579393,29_448
OCCCn1cc(-c2ccc3c(c2)OCO3)nc1-c1cccc(C2C=CC=CC2)c1,-7.3,3.6410098859830757,29_449
O=C(c1ccccc1-c1ccccc1)N1CC2CN(c3nccc(-c4ccccc4)n3)CC2C1,-7.2,3.505595029672482,29_450
O=C(NCC(c1ccccc1)c1ccccc1)c1cc2ccccc2o1,-6.8,3.5454331177720015,29_451
O=C(c1cccc(-c2cccc(-c3cccc(F)c3)c2)c1)N1CCN(c2ccc3cccc(F)c3n2)CC1,-8.4,3.3622872242351187,29_452
O=C(Nc1cccc(-c2cccc(-c3ccccc3OC(F)(F)F)c2)c1)c1cccc(C(F)(F)F)c1,-7.7,3.396375007336285,29_453
O[C@@H](c1cccc(-c2cccc(OCc3ccccc3)c2)c1)c1ccc2ccccc2c1,-7.8,3.286908772314039,29_454
CN(c1ccnc(-c2c[nH]c3cc(F)ccc23)n1)c1ccccc1F,-7.2,3.687316705193255,29_455
Cc1ccc(Nc2nccc(-c3cccc(C(=O)N4CCOCC4)c3)n2)cc1,-7.8,3.789189457848471,29_456
O=C(c1cccc(-c2ccc3c(c2)OCCO3)c1)N1CCN(c2cccc3ccccc23)CC1,-7.9,3.475726397448026,29_458
O=C(Cn1ccc2cc(-c3ccc4ccccc4c3)ccc21)Nc1cccc(-c2cccc(-c3cccc(-c4ccccc4F)c3)c2)c1,-9.4,2.864985792102437,29_459
O=C(Nc1cccc(-c2cccc(C(=O)N3CCOCC3)c2)c1)c1cccc(-c2cccc(-c3ccc4ccccc4c3)c2)c1,-10.1,3.2140072561974793,29_460
CN(Cc1cc(C(F)(F)F)cc(C(F)(F)F)c1)C(=O)c1cccc(-c2cccc(-c3ccccc3OC(F)(F)F)c2)c1,-7.5,3.189248585448116,29_461
O=C(Nc1cc(-c2ccc3c(c2)OCO3)cc(-c2cccc(F)c2F)c1)c1ccccc1-c1ccccc1,-9.7,3.246556548105355,29_462
O=S(=O)(c1ccccc1F)n1ccc2cc(-c3cccc(N4CCCC4)c3)ccc21,-7.9,3.6230002863665174,29_463
O=C(Nc1cccc(-c2cccc(-c3nc4cc(F)ccc4[nH]3)c2)c1)c1cccc(C(F)(F)F)c1,-8.75,3.2512717517338245,29_464
O=C(Nc1cccc(-c2cccc(C(=O)N3CCOCC3)c2)c1)c1cccc(-c2cccc([N+](=O)[O-])c2)c1,-8.55,3.469115570857088,29_465
O=C(Nc1cccc(Cl)c1)c1cccc(-c2cccc(-c3nc4cc(C(F)(F)F)ccc4[nH]3)c2)c1,-8.4,3.2846494799855677,29_466
O=C(O)CNC(=O)c1ccccc1Nc1ccc2c(C=Cc3ccccn3)[nH]nc2c1,-7.5,3.4488472015860436,29_467
O=c1[nH]c(O)c(Cc2cccc(-c3cccc(-c4cccc(F)c4)c3)c2)s1,-8.6,3.6094755856416403,29_468
O=C(Nc1cccc(-c2cccc(-c3cccc(-c4cccc(F)c4)c3)c2)c1)c1ccccc1,-9.25,3.188129789925851,29_469
O=C(O)c1cc(-c2cccc(-c3ccccc3OC(F)(F)F)c2)ccc1-c1cccc(-c2cccc(-c3ccccc3F)c2)c1,-9.3,2.930816849775559,29_470
O=C(NCc1cccc(Br)c1)c1cccc(-c2cccc(C(=O)N3CCOCC3)c2)c1,-8.2,3.726362930249755,29_471
Nc1nc(-c2ccco2)c2cnn(-c3cccc(C(=O)O)c3)c2n1,-7.5,3.5884465455068204,29_472
O=C(c1ccccc1Nc1ccc2ccccc2c1)N1CCN(c2ccccc2)CC1,-8.5,3.5563594558144995,29_473
O=C(COc1cccc(-c2cccc(C(=O)N3CCOCC3)c2)c1)N1Cc2ccccc2C1,-8.0,3.616136634481707,29_474
O=S(=O)(c1ccccc1)N(c1cccc(-c2cccc(F)c2F)c1)c1nc2ccccc2nc1-c1cccc(C(F)(F)F)c1,-9.6,3.1144441294877176,29_475
O=C(c1cccc(-c2cccc(-c3nccs3)c2)c1)N1CCN(c2ccccc2F)CC1,-8.7,3.5888657866600617,29_476
O=C(c1ccc(-c2ccccc2)cc1)n1ccc2c(N3CCNCC3)cccc21,-7.1,3.641141755978685,29_477
O=Cc1cc2ccc1N=CC(c1ccccc1)C(c1ccccc1)=NC(c1ccccc1C(F)(F)F)=C2,-7.2,0.9148714166281593,29_478
C[C@H]1CCCCN1C(=O)c1cccc(-c2cccc(-c3cccc(C(=O)NC4CC4)c3)c2)c1,-8.4,3.5121996125505808,29_479
O=C(Nc1cccc(-n2cnnn2)c1)c1cccc(-c2cccc(-c3ccc4c(c3)OCO4)c2)c1,-8.8,3.4279322020404264,29_480
O=C(Nc1cccc(-c2cccc(-c3ncccc3CO)c2)c1)c1cccc(C(F)(F)F)c1,-8.033333333333333,3.5836179579629466,29_481
O=C(Nc1ccccc1C(=O)O)c1cccc(-c2cccc(-c3cccc4ccccc34)c2)c1,-8.6,3.3483959404860646,29_482
CC(C)(C)c1cc(NCc2nc(-c3ccc4c(c3)OCO4)c(C3C=CC=CC3)[nH]2)[nH]n1,-7.5,3.557049528677334,29_483
CCC1=CC(=NC(=O)Nc2cccc(-c3cccc(-c4cccc(-c5ncc[nH]5)c4)c3)c2)C=C1,-8.4,3.4494387352446276,29_484
O=C(Nc1cccc(C(F)(F)F)c1)c1cccc(-c2cccc(-c3cccc(-c4ccccc4OC(F)(F)F)c3)c2)c1,-8.45,3.143315987580157,29_485
CC(=O)Oc1cccc(-c2cc(-c3cccc(C)c3)c3c(n2)-c2cc(F)ccc2OC3)c1,-9.0,3.44454857638961,29_486
C=C1C(=CC=CC2=CC3COCCN3CCNC(=O)C=CC=C2)C=C2C=CC=C1n1c2nc2ccccc21,-9.1,1.3694116830561107,29_487
COc1cccc(-c2cc3c(cn2)ncc2ncn(-c4ccc5c[nH]nc5c4)c23)c1,-7.9,3.590365846327791,29_488
O=C(Nc1cccc(-c2cccc(-c3ccccc3)c2)c1)c1cccc(-c2ccccc2)c1,-8.85,3.1672347217296952,29_490
CCn1ccc2cc(-c3cccc(NS(=O)(=O)C4C=C(/C=C/C(=O)O)C=COC4)c3C)ccc21,-6.4,2.630534414840279,29_491
O=C(Nc1cccc(SC(F)(F)F)c1)Nc1ccc2c(c1)c1ccccc1n2Cc1ccccc1F,-7.8,3.2530634225815978,29_492
O=C(O)COc1ccc(-c2cccc(-c3ccc4cc3C(=O)NCCCC4)c2)cc1,-7.1,1.5105106708976823,29_493
O=C(Nc1ccccc1C(=O)N1CCOCC1)c1cccc2cc3ccccc3cc12,-8.2,3.585523410948352,29_494
O=C(Nc1cccc(-c2ccnc3ccc(-c4ccc5c(c4)OCCO5)cc23)c1)c1ccccc1,-9.0,3.461887826355361,29_496
CNC(=O)c1cccc(Nc2cc(-c3cccc(-c4cccc(OCCF)c4)c3)ccn2)c1,-7.4,3.575125194136798,29_497
Cc1cc2c(cc1-c1ccc3c(c1)C(C)(C)CCC3(C)CO)-c1ccccc1C2=O,-7.7,3.424118573973802,29_498
O=C(Nc1cccc(-c2cccc(-c3cccc(C(=O)N4CCOCC4)c3)c2)c1)c1cccc(F)c1,-8.7,3.5714240444231855,29_499
O=C(Nc1ccc(NC(=O)c2cc3ccccc3o2)cc1)c1cccc(C(F)(F)F)c1,-7.8,3.6008651692680376,29_500
O=C(/C=C/c1ccc2c(c1)-c1ccccc1C2)c1ccccc1C(=O)Nc1cccc2c1C(=O)c1ccccc1C2=O,-9.8,3.0586584925000744,29_501
O=C(c1cccc(F)c1)N1CCN(C(=O)c2cccc(-c3cccc(-c4nc5ccccc5[nH]4)c3)c2)CC1,-8.6,3.4726691133897107,29_502
O=C(Nc1cc(Nc2cccc(-c3cncc(NC(=O)c4cccc(Cl)c4F)c3)c2)ccn1)c1ccccc1,-6.8,3.3013113299370875,29_503
Cc1ccnc2ccc(-c3ccccc3F)cc12,-6.2,3.2927884600828348,29_504
O=C(c1cccc(-c2cccc(-c3cccc(C(=O)N4CCN(c5cccc6ccccc56)CC4)c3)c2)c1)N1CCOCC1,-9.8,3.2231222833022657,29_505
O=C(c1ccc(-c2cccc(-c3cccc(-c4cccc(F)c4)c3)c2)o1)c1ccccc1F,-9.2,3.253916060198673,29_506
O=C(c1cccc(-c2cccc(-c3cccc(F)c3)c2)c1)N1CCN(c2ccccn2)CC1,-8.9,3.5453827887396976,29_507
O=C(Nc1ccccc1N1CCOCC1)c1ccc2c(c1)C(=O)N(Cc1ccco1)C2=O,-7.0,3.6310609060610224,29_508
Fc1ccccc1-c1ccccc1-c1n[nH]c(-c2cccnc2)n1,-6.6,3.689953301676404,29_509
O=C(NCc1cccc(-c2cccc(C(=O)Nc3cccc4ccccc34)c2)c1)c1ccccc1,-9.1,3.246969444011698,29_510
O=C(Nc1nc(-c2ccccc2)cc(-c2ccccc2)n1)Nc1ccccc1-c1ccccc1,-9.3,3.4240960711838406,29_511
NC(=O)C=C1C=C(c2cccc(NS(=O)(=O)c3ccc(Cl)s3)c2)C=C1c1ccccc1-c1ccccc1,-7.4,3.461956220561616,29_512
O=C(Nc1cccc(Nc2ccc3c(C=Cc4ccccc4)[nH]nc3c2)c1)c1ccccc1Cl,-8.2,3.3528094555301307,29_513
O=C(Nc1cccc(-c2cccc(F)c2)c1)c1ccccc1Sc1ccc2c(C=Cc3ccccn3)[nH]nc2c1,-8.1,3.3074444794674465,29_514
O=C(/C=C/c1cccs1)Nc1cccc(-c2cnc3ccccc3n2)c1,-6.5,3.663534958468275,29_515
Cn1c(-c2cccc(-c3cccc(NC(=O)Nc4ccccc4-c4ccccc4)c3)c2)nc2ccccc21,-9.8,3.223561488915525,29_516
Nc1cc(-c2cccc(-c3nnco3)c2)ncn1,-6.4,3.636783109915651,29_517
CC1Cc2ccccc2N1S(=O)(=O)c1cccc(C(=O)N2CCN(c3cccc4ccccc34)CC2)c1,-7.9,3.497070723881283,29_518
O=C(c1cccc(-c2cccc(-c3ncccc3CO)c2)c1)c1cccc(-c2ccc3ccccc3c2)c1,-8.5,3.1400170223775157,29_519
O=C(c1cccc(-c2cccc(-c3cccc(-c4ccccc4F)c3)c2)c1)N1CCN2CCC[C@H]2C1,-9.45,3.2707771746209913,29_520
CN(c1cccc(-c2cccc(-c3cccc(-c4nc5ccccc5[nH]4)c3)c2)c1)c1ccccn1,-8.8,3.27677754280182,29_521
O=C(Nc1cccc(-c2cccc(F)c2)c1)c1cc(Br)ccc1NS(=O)(=O)c1cccc2nsnc12,-7.6,3.3934071563529153,29_522
O=C(O)c1ccc2c(c1)nc(Nc1ccccc1F)c1ccncc12,-8.0,3.6588193256111086,29_523
O=c1[nH]c(-c2ccc3c(c2)OCO3)c(O)n1-c1cccc(-c2ccc3ccccc3c2)c1,-8.0,3.437591072730479,29_524
O=C(Nc1cn(CC(=O)N2CCC[C@H]2c2cccs2)nc1-c1cc(Cl)ccc1OC(F)F)c1cnn2cccnc12,-8.0,3.255351040332166,29_525
CN(C)c1nccc(-c2cccc(-c3cccc(-c4nc5ccccc5[nH]4)c3)c2)n1,-8.8,3.5668537427482176,29_526
O=C(Nc1cccc(-c2cccc(-c3cccc(-c4cccc(F)c4)c3)c2)c1)c1ccccc1-c1ccccc1,-9.6,3.034399838423724,29_527
O=C(Nc1cccc(-c2cccc(-c3cc4ccccc4c(=O)[nH]3)c2F)c1)Nc1ccccc1Cl,-10.6,3.324114802334832,29_528
O=c1[nH]c2cc(Cl)ccc2cc1-c1cccc(-c2cccc(-c3ccccc3F)c2)c1,-9.0,3.271471104657869,29_529
O=S(=O)(Nc1cccc(-c2ccc3ccccc3c2)c1)c1ccc2ccccc2c1,-9.1,3.4362769391766412,29_530
O=C(Nc1ccc2c(c1)oc1ccccc12)c1cccc(-c2cccc(C(=O)N3CCOCC3)c2)c1,-8.5,3.502329464633102,29_531
O=C(c1cccc(-c2cccc(-c3nc4ccccc4[nH]3)c2)c1)N1CCN2CCC[C@H]2C1,-8.8,3.5440127350219277,29_532
O=C(Cn1c(-c2ccc3c(c2)OCO3)cc2cc(Cl)ccc21)Nc1cccc(-c2ccc3ccccc3c2)c1,-8.7,3.3365184715729836,29_533
O=C(NC1CN=C(c2cccc(-c3ccc4ccccc4c3)c2)CC1=O)c1cccc(C(F)(F)F)c1Cl,-8.3,3.559062761209317,29_534
O=C(Nc1ccccc1-c1cccc(C(F)(F)F)c1)c1cccc(-c2cccc(C(=O)N3CCOCC3)c2)c1,-8.7,3.537920848713541,29_535
O=C(Nc1cccc(-c2cccc(-c3nc4ccccc4[nH]3)c2)c1)c1ccccc1Cl,-8.100000000000001,3.4275165588605,29_536
O=C(c1ccc(Nc2nc(-c3ccccc3)nc3c2CS(=O)(=O)C3)cc1)N1CCN(c2ccccc2F)CC1,-8.9,3.486496582929652,29_537
O=C(Nc1ccc2c(c1)OCCO2)c1cccc(-c2cccc(-c3cccc(-c4csc(-c5ccccc5)n4)c3)c2)c1,-7.8,3.2606034290798442,29_538
Cc1cc(C)c(-c2ccccc2)cc1C(=O)Nc1cc(C(F)(F)F)ccc1-n1cccn1,-8.0,3.6118963118599225,29_539
O=C(Nc1ccc(F)cc1)c1cccc(C(=O)Nc2ccccc2C(=O)Nc2ccc3c(c2)oc2ccccc23)c1,-9.4,3.288457254902929,29_540
CCN(CC)c1ccc(-c2cccc(Nc3nccc(-c4ccccc4)n3)c2)cc1,-6.2,3.5734451925467856,29_541
O=Cn1c2ccccc2c2cc(Nc3nccc(-c4cccc(NC(=O)c5ccccc5)c4)n3)ccc21,-8.6,3.3920655362667116,29_542
O=S(=O)(Nc1ccc(-c2cccc(C=Nc3ccccc3)c2)cc1)c1cccnc1,-6.6,3.640363406615956,29_543
O=c1cccc2c(O)c3ccccc3c(O)c2cc2c(Cl)c(-c3cc(F)c(F)c(F)c3)ccc2[nH]1,-8.4,1.0656404611083303,29_544
O=C(NC1CC1)c1cccc(NC(=O)c2nnc3ccccc3c2-c2ccc(Cl)cc2)c1,-7.5,3.649297177218238,29_545
Cn1c(-c2cccc(-c3cccc(Nc4ccccc4C(N)=O)c3)c2)nc2ccccc21,-8.2,3.4241613114431897,29_546
Cc1ccc(-c2cncc(-c3ccc4c(ccc(=O)n4C)c3)c2)cc1,-7.5,3.529566379670646,29_547
O=C(Nc1cccc(-c2cccc(-c3nc4ccccc4[nH]3)c2)c1)c1cccnc1,-7.9,3.5174515289374453,29_548
O=C(c1cccc(-c2cccc(-c3cccc(-c4nc5ccccc5[nH]4)c3)c2)c1)N1CCOCC1,-9.5,3.4705562585842857,29_549
O=C(Nc1cccc(-c2cccc(-c3ccccc3F)c2)c1)c1ccccc1C(=O)Nc1cccc(C(F)(F)F)c1,-8.6,3.085459489672084,29_550
O=C(c1cccc(-c2cccc3ccccc23)c1)N1CCN(C(=O)c2cccc3ccccc23)CC1,-8.7,3.2866400093865624,29_551
O=CNc1c2cc(cc1-c1cccc(NCc3ccccc3)c1O)CO2,-7.2,3.5543070842943068,29_552
O=C(c1cccc(-c2cccc(-c3cccc(-c4ccccc4F)c3)c2)c1)N1CCNCC1,-9.32,3.508189933556279,29_553
O=C(Nc1cccc(-c2cccc(-c3nc4cc(C(F)(F)F)ccc4[nH]3)c2)c1)c1ccccc1,-8.200000000000001,3.31558797004833,29_554
O=C(Nc1cccc(-c2ccc3c(c2)OCCO3)c1)Nc1cccc2[nH]c(C(F)F)cc12,-8.6,3.546827818556916,29_555
O=C(NC1CC1)c1cccc(Nc2nccc(-c3cccc(-c4cccc(C(F)(F)F)c4)c3)n2)c1,-8.1,3.5722804983702203,29_556
O=C1NCCN1c1ccc(S(=O)(=O)c2cccc(-c3ccc4ccccc4c3)c2)cc1,-8.3,3.653856247359105,29_557
O=C(NNC(=O)c1cc2cc(Br)ccc2oc1=O)c1ccccc1Cl,-7.2,3.6297823072673987,29_558
O=C(c1ccc(-c2cc(F)cc3ccccc23)cc1)N1CCC(Cc2ccccc2)CC1,-7.6,3.2941035437152144,29_559
COc1ccc(-c2cc3ccccc3cc2C=O)cc1C1[CH]C2c3cc(O)c(Cl)cc3CC[C@H]2[C@H]1C,-7.7,3.275051927446875,29_560
O=C(N/N=C/c1ccccc1C(F)(F)F)c1cccc(-c2ccc(-n3ccnc3)cc2)c1,-7.3,3.5969554039814633,29_561
O=c1[nH]c2c(cc1-c1cc(-c3ccccc3)nc3ccc4ccccc4c13)CCCC2,-8.4,3.2920315753383127,29_562
Cc1nc(Nc2nccc(-c3cccc(-c4cccs4)c3)n2)cc(-c2cccc(C(=O)N(C)C)c2)c1-c1ccccc1,-6.7,3.285556462109131,29_563
O=C(Nc1c(C(=O)c2ccccc2)oc2ccccc12)c1ccccc1Sc1ccc2c(C=Cc3ccccn3)[nH]nc2c1,-8.9,3.177395896939591,29_564
c1ccc2c(c1)[nH]c1cc3ccc4cocc4c3cc12,-7.8,3.1518753898247844,29_565
COc1cccc(-c2nc3ccccc3c(=O)n2/N=C/c2ccc(-c3ccccc3C(=O)O)cc2)c1,-7.1,3.3720047381183837,29_566
O=C(Nc1cccc(C#Cc2ccccn2)c1)c1cccs1,-5.9,3.646645908866166,29_567
O=C(c1cccc(-c2cccc(-c3cccc(F)c3)c2)c1)N1CCNCC1,-8.3,3.613391725708435,29_568
NS(=O)(=O)c1ccc(-c2cccc(-c3ccccc3Cl)c2)cc1,-7.5,3.7157849952887645,29_569
O=C(NCc1ccco1)c1cccc(-c2cccc(-c3cccc(-c4cccc(C(F)(F)F)c4)c3)c2)c1,-9.1,3.3084340837653485,29_570
O=C(Nc1cccc(-c2ccccc2F)c1)c1cccc(-c2cccc(-c3nc4cc(F)ccc4[nH]3)c2)c1,-8.0,3.2933415530638275,29_571
O=C(Nc1cccc(-c2cccc(-c3nc4cc(F)ccc4[nH]3)c2)c1)c1ccccc1,-8.345454545454546,3.4293586076098226,29_572
O=C1c2ccccc2C(=O)c2c1nnn2-c1cc(-c2ccccc2)ccc1-c1cccc(C(F)(F)F)c1,-8.8,3.3422282559216416,29_573
O=C(Nc1cccc(-c2ccc3c(c2)OCCO3)c1)c1cc(=O)c2ccccc2o1,-7.7,3.684587091115664,29_574
O=C(Nc1ccc(F)cc1)Nc1cccc(-c2cccc(-c3cccc(-c4cccc(C(F)(F)F)c4)c3)c2)c1,-9.1,2.955830168893644,29_575
O=C(NCCCc1ccccc1)c1cccc(Nc2nc3ccccc3nc2NC(=O)c2ccccc2)c1,-9.6,3.235171079822296,29_576
Cc1ccc(Cl)cc1NC(=O)c1cccc(-c2cccc(-c3nccs3)c2)c1,-7.5,3.586569070852229,29_577
O=C1C(=NS(=O)(=O)c2ccc(F)cc2)C(Nc2cccc(-c3cccc(F)c3)c2)C(=O)N1c1cccc(C(F)(F)F)c1,-9.3,3.401971083400298,29_578
O=C(Nc1ccc(Oc2nc3ccccc3n2C(F)F)cc1)c1cccc(F)c1,-7.2,3.689973262094627,29_579
O=C(c1cccc(-c2cccc(-c3cccc(-c4ccccc4F)c3)c2)c1)N1CCNCC1,-9.32,3.508189933556279,29_580
Cc1ccccc1NC(=O)c1cccc(-c2cccc(-c3nccc(-c4ccncc4)n3)c2)c1,-9.1,3.407865036228641,29_581
O=C(Nc1cccc(-n2cnnn2)c1)c1cccc(-c2cccc(-c3ccc4c(c3)OCO4)c2)c1,-8.8,3.4279322020404264,29_582
O=C(Nc1cccc(-c2ccccc2F)c1)Nc1cc(-c2cccc(-c3ccc4c(c3)OCCO4)c2)ccc1F,-9.6,3.279570080353363,29_583
O=C(c1cccc(-c2cccc(-c3ccccc3)c2)c1)N1CCN(c2cccc(C(F)(F)F)c2)CC1,-8.5,3.3756579276423677,29_584
O=C(Nc1ccccc1F)c1cc(-c2ccc3c(c2)OCO3)nc2ccccc12,-9.1,3.676221529098535,29_585
O=S(=O)(Nc1nccs1)c1ccc2c(-c3cccc(-c4ccccc4F)n3)cccc2c1,-9.0,3.5834841808949,29_586
O=C(c1cccc(-c2cccc(C(=O)N3CCOCC3)c2)c1)c1ccc2c(c1)OCO2,-8.9,3.586070291513771,29_587
O=C(Nc1ccccc1F)c1nc2ccccc2nc1-c1cccc(C(F)(F)F)c1,-8.7,3.597431688287797,29_588
O=C(c1cccc(-c2nc(=O)c3ccccc3[nH]2)c1F)N1CCN(c2nc3ccccc3[nH]2)CC1,-9.1,3.5126462476558986,29_589
O=C(O)CC(NC(=O)c1ccccc1NC(=O)c1ccccc1)c1cccc2ccccc12,-6.8,3.502227969570522,29_590
O=C1NCC2N=C(c3cccc(-c4ccccc4F)c3)C=CC2C(=O)c2c1cccc2C(F)(F)F,-8.6,1.6764334525000848,29_591
Cc1ccccc1CC[C@@H]1[CH]CN(CCn2c(=O)[nH]c3cccc(N)c3c2=O)C1,-7.6,3.666380226943561,29_592
O=C(Nc1ccccc1C(=O)NC(c1cccc(O)c1)c1cc(Cl)c2cccnc2c1O)c1ccccc1,-8.3,3.1823830078387894,29_593
COc1ccc(-c2cccc(-c3cccc(-c4cccc(-c5ccc(O)cc5)c4)c3)c2)cc1,-9.4,3.1580119885294993,29_594
O=C(Nc1ccc(-c2ccccc2)cc1)Nc1cccc(-c2cccc(-c3nc4cc(F)ccc4[nH]3)c2)c1,-8.0,3.2316895980188507,29_595
Cc1cc(C)cc(C(=O)NC2CCN(Cc3ccccc3)C2=O)c1,-6.6,3.697905094595882,29_596
O=C(Nc1cccc(-c2cccc(C(=O)N3CCOCC3)c2)c1)c1cccc(C(F)(F)F)c1,-8.339999999999998,3.7403303840440163,29_597
O=C(c1cccc(-c2cccc(-n3cccn3)c2)n1)N1CCC(c2ccccc2)CC1,-8.2,3.601429707613466,29_598
CCCn1c(C#N)ccc1-c1ccc(-n2c(=O)ccc3cc(S(=O)(=O)Nc4ccon4)ccc32)c(OC)c1,-7.3,3.3191099675894513,29_599
O=C(Nc1cccc(-c2cccc(-c3nc4cc(F)ccc4[nH]3)c2)c1)c1ccccc1F,-8.609999999999998,3.443853177840764,29_600
O=CNc1cccc(-c2cccc(-c3cccc(-c4nc5ccccc5[nH]4)c3)c2)c1-c1ccccc1Cl,-8.5,3.2200580663949925,29_601
O=C(Nc1cccc(-c2cnc3ccccc3n2)c1)c1ccc2c(c1)OCO2,-7.6,3.6883555424915393,29_602
O=C(c1ccc2c(ccc3ccccc32)c1)N1CCN(c2ccccc2C(F)(F)F)CC1,-7.9,3.3791916316722475,29_603
O=C(NCc1ccccc1F)c1cncc(-c2cccc(-c3cccc(C(=O)N4CCOCC4)c3)c2)c1,-8.9,3.627729714543646,29_604
Cn1c(-c2cccc(-c3cccc(NC(=O)c4ccccc4F)c3)c2)nc2ccccc21,-8.68,3.3956733809905395,29_605
O=C(Nc1ccccc1F)Nc1cc(-c2ccccc2F)nn1-c1cccc(-c2ccc3ccccc3c2)c1,-9.2,3.328809807934058,29_606
O=C(Nc1ccc(Sc2ccc3c(c2)CCC3c2c[nH]c3ccccc23)cc1)Nc1cccc(-c2cccc(F)c2F)c1,-8.3,3.0356299707708656,29_607
FC(F)(F)c1cccc(-c2cc(C3=CC=COC=C3)c3c(ccc4ccccc43)n2)c1,-8.7,2.260810237791722,29_608
Nc1nc(Nc2ccc3c(c2)CCC3)nc(Nc2nccc(-c3ccco3)n2)n1,-7.6,3.439479491900088,29_609
O=C(O)c1ccccc1-n1nnnc1CN(c1ccc([N+](=O)[O-])cc1)c1ccccc1Cl,-7.5,3.4094076947339564,29_610
O=C(CCc1ccccc1)Nc1ccc(-c2cccc(-c3cccc(C(=O)N4CCOCC4)c3)c2)cc1,-7.4,3.5136064200663633,29_611
O=C(Nc1cccc(-c2ccc3c(=O)[nH]cnc3c2)c1)N1c2ccccc2C=Cc2ccccc21,-9.6,2.443166197066344,29_612
Cn1c(-c2cccc(-c3cccc(-c4cccc(-c5cccc(Cn6c(=O)oc7ccccc76)c5)c4)c3)c2)nc2ccccc21,-10.0,3.142951163380119,29_613
O=C(Nc1ccccc1)C1CCN(c2cccc3c2C(=O)N(CCc2ccccc2)C3=O)CC1,-7.3,3.5839344099023718,29_614
O=C(Cc1cc(-c2ccccc2)no1)Nc1cccc(-c2nc3ccccc3[nH]2)c1,-8.0,3.5623942427812008,29_615
O=C(O)C=C1C=CC(C=C2C=CC(C=C3C=c4cc(F)ccc4=C3c3ccnc(C(=O)O)c3)=C2)=C1,-8.0,3.4228269875249833,29_616
O=C(c1ccccc1)n1c2ccccc2c2cc[nH]c3ncc1c32,-7.2,3.456869239050089,29_617
Cc1c(-c2c(C(=O)CF)cnc3ccc(-c4cc(F)c(O)c(Cl)c4)cc23)cccc1C(F)(F)F,-7.3,3.4655582154134876,29_618
O=C(Nc1cccc(C(F)(F)F)c1)C(Cc1cccc([N+](=O)[O-])c1)=NC(=O)c1ccccc1Sc1ccc2c(C=Cc3ccccn3)[nH]nc2c1,-7.8,2.8234860322006665,29_619
CC1C=NN(Cc2ccc(C(=O)Nc3ccc4c(c3)CCC4)cc2)C(c2ccccc2)=C1c1cccc(-c2cccc(-c3cccc(-c4nn[nH]n4)c3)c2)c1,-7.8,2.9095089508093213,29_620
O=Cc1ccccc1Oc1ccc(-c2cccc(Cl)c2)cc1,-6.3,3.4989156179986476,29_621
O=C1NC(c2ccccc2F)Cc2ccccc21,-6.7,3.4284863666433876,29_622
O=C(Nc1cccc(-c2cccc(-c3nc4cc(F)ccc4[nH]3)c2)c1)c1ccccc1F,-8.609999999999998,3.443853177840764,29_623
O=C(c1cncc(-c2cccc(-c3cccc4ccccc34)c2)c1)c1ccc2c(c1)OCO2,-9.7,3.290487452335679,29_624
O=C1c2ccccc2N(C(=O)c2cc3ccccc3s2)CCN1c1cccc(-c2cccc(-c3ccccc3F)c2)c1,-8.5,2.218000009993898,29_625
N#Cc1cccc(Cn2cc(-c3cccc4ccccc34)cc2-c2cc3ccccc3o2)c1,-8.4,3.239759250568796,29_626
O=C(O)c1cc(-c2cccc(-c3cccc4c(=O)cc(-c5ccccc5)oc34)c2)ccc1Cl,-8.4,3.462273243473704,29_627
O=C(O)c1cccc(-c2cccc(-c3ccc4c(c3)OCO4)c2)c1,-7.7,3.7072052386488163,29_628
O=S(=O)(c1ccccc1)N1C=CC=c2c(ccn3cc(C4=NCCN4)cc23)=C1,-8.2,2.666814860051117,29_629
O=C(Nc1cccc(C(F)(F)F)c1)c1nn(-c2ccccc2)c2cccc(-c3ccccc3)c12,-7.6,3.3766983423260513,29_630
O=CN=C1C=C(c2cccc(-c3cccc(-c4ccccc4F)c3)c2)C(c2ccccc2)C2COCCN2S(=O)(=O)c2cccc1c2,-9.0,0.9858128566322355,29_631
O=C(c1cccc(-c2cc(-c3cccc(-c4ccccc4F)c3)ccn2)c1)N1CCN(c2ncccc2C(F)(F)F)CC1,-9.1,3.2478890293428524,29_632
O=C(c1cccc(-c2cccc(-c3cccc(F)c3)c2)c1)N1CCN(c2cccc(C(F)(F)F)c2)CC1,-8.625,3.323511212462599,29_633
O=C(NCc1cc(C(F)(F)F)cc(C(F)(F)F)c1)C(CCN1CC=C(C=Cc2ccccc2)CC1)c1cccc2ccccc12,-9.2,3.1356471453089796,29_634
O=C(Nc1ccccc1Cl)Nc1nc2ccccc2nc1Nc1cccc(-c2ccccc2)c1,-8.5,3.3959073146515526,29_635
O=C(c1ccc2c(=O)n3c(nc2c1)CCCCC3)N1CCN(c2cccc(Cl)c2)CC1,-8.2,2.6356895030932015,29_636
O=C(c1ccccc1)N(c1cccc(-c2cccc(C(F)(F)F)c2)c1)c1ncccc1F,-7.9,3.4364848803294796,29_637
O=C(c1cccc(-c2cccc(-c3cccc(-c4ccccc4F)c3)c2)c1)N1CCNCC1,-9.32,3.508189933556279,29_638
N#Cc1c(C=O)cc(-c2ccccc2C=O)c2ccc(-c3cccc(Cl)c3)nc12,-7.0,3.585127835885723,29_639
O=C(Nc1cccc(-c2cccc(-c3cc4ccccc4c(=O)[nH]3)c2Cl)c1)c1ccccc1,-9.1,3.40168017097983,29_640
O=C(Nc1cccc(-c2cccc(-c3cccc(F)c3)c2)c1)c1ccc(F)cc1,-8.5,3.4260207376456817,29_641
O=C(c1cccc(C(F)(F)F)c1)c1ccc2c(c1)ncn2-c1cccc(-c2ccc3ccccc3c2)c1,-8.2,3.15833806780648,29_642
O=C(N/N=C/c1cccc(Br)c1)c1cccc(NC(=O)c2ccc(Cl)cc2)c1,-6.8,3.6235948970804914,29_643
O=C(Nc1nc(-c2cccc(Oc3ccccc3C(F)(F)F)c2)cs1)c1ccccc1,-7.9,3.617198722613486,29_644
O=C(c1cccc(C(F)(F)F)c1)N1CCC(c2nc3ccccc3[nH]2)CC1,-7.8,3.668473619094326,29_645
O=C(NC1CC1)c1cccc(-c2cccc(-c3cccc(C(=O)N[C@@H](c4ccccc4)c4ccc5ccccc5c4)c3)c2)c1,-8.6,3.1094336744599067,29_646
O=C1C(=O)N(Cc2cn(C3C(=O)N(c4ccc(F)cc4)[C@@H]3/C=C/c3ccccc3)nn2)c2ccccc21,-8.6,3.422495216515828,29_647
N#Cc1cnc(Nc2cccc(Br)c2)cc1-c1cccc(-c2cccc(C(=O)NC3CC3)c2)c1,-8.6,3.5331678658070484,29_648
O=S(=O)(Nc1ccccc1)c1ccc(-c2cccc(Nc3nccc(C(F)(F)F)n3)c2)cc1,-7.5,3.6041883378623805,29_649
Cn1ccnc1C(=O)Nc1cccc(-c2cccc(-c3nc4cc(C(F)(F)F)ccc4[nH]3)c2)c1,-7.5,3.5137108427877046,29_650
Oc1cccc(-c2cc(-c3ccccc3)cc(-c3ccccc3Cl)n2)c1,-8.3,3.4754658269348844,29_651
O=C(c1cccc(-c2cccc(C(=O)N3CCN(S(=O)(=O)c4ccccc4)CC3)c2)c1)N1CCOCC1,-8.8,3.5935020625660083,29_652
O=c1oc2ccccc2cc1-c1ccc2c(c1)CCc1ccccc1-2,-8.7,3.325819258958219,29_653
O=C(N=CC1=CC(=Nc2nc(-c3ccccc3)nc3c2ncn3Cc2ccccc2)CC1)c1ccccc1,-8.9,3.3385099877080027,29_654
O=C(Nc1cc(-c2ccccc2)ccc1O)c1cccc(-c2cccc(C(F)(F)F)c2)c1,-8.4,3.360927275834561,29_655
O=C(Nc1cccc(-c2cccc(-c3nc4cc(F)ccc4[nH]3)c2)c1)c1ccccc1,-8.345454545454546,3.4293586076098226,29_656
O=C(c1cccc(Cc2n[nH]c(=O)c3c2CCCC3)c1)N1CCN(c2ccccn2)CC1,-8.3,3.683926765509403,29_657
O=Cc1cc(Oc2ccc(F)cc2F)ccc1Oc1ccccc1Nc1cccc(F)c1,-7.7,3.5341419019172333,29_658
O=c1cc(-c2cccc(-c3cccc(-c4ccccc4OC(F)(F)F)c3)c2)oc2ccccc12,-8.5,3.293503410706939,29_659
O=C(Nc1cccc(-c2cccc(-c3nc4cc(F)ccc4[nH]3)c2)c1)Nc1cccc(-c2cccc(Cl)c2Cl)c1,-8.8,3.138230778941353,29_660
O=C(Nc1cc(F)cc(-c2ccc3nc(NC(=O)c4ccccc4I)cn3n2)c1)c1ccco1,-8.1,3.4068621634718754,29_661
O=C(c1cccc(-c2cccc(F)c2F)c1)N1CCn2c(nnc2-c2ccc3c(c2)OCCO3)C1,-8.8,3.511080259798213,29_662
O=C(Nc1cccc(-c2cccc(F)c2F)c1)c1cc(-c2ccc3c(c2)OCO3)nc2ccccc12,-8.8,3.403276267758061,29_663
O=C(c1cccc(-c2cccc(-c3nc4cc(F)ccc4[nH]3)c2)c1)N1CCNCC1,-8.7,3.6450984636569372,29_664
C1=CC(=Nc2ncnc3oc(-c4ccccc4)c(-c4ccccc4)c23)CCC1,-7.1,3.536595787775818,29_665
Cc1ccccc1NC(=O)Nc1ccc(NC(=O)c2cccc3ccccc23)c(C)c1,-7.4,3.4461545079513662,29_666
N#Cc1cccnc1-c1cccc(-c2cccc(NC(=O)c3ccccc3F)c2)c1,-7.5,3.647412636494788,29_667
O=C(Nc1cccc(-c2cccc(-c3cccc(-c4cccc(F)c4)c3)c2)c1)c1ccc(-c2ccccc2)cc1,-8.4,3.034399838423724,29_668
O=C(N[C@H]1CCC[C@H]1Nc1cccc(-c2ccccc2F)c1)c1cccc(-c2cccc(O)c2)c1,-7.5,3.4287874764442017,29_669
COc1ccc(-c2cnc3[nH]cc(-c4cccc(-c5cnco5)c4)c3c2)cc1,-8.1,3.5596444635160056,29_670
O=C(Nc1cccc(-c2cccc(-c3nc4cc(F)ccc4[nH]3)c2)c1)Nc1cccc(C(F)(F)F)c1,-8.899999999999999,3.169812286139635,29_671
O=C(Nc1ccc(Oc2ccnc3[nH]ccc23)c(F)c1)c1cc(-c2cccc3ccccc23)nc2ccccc12,-9.7,3.34137810146588,29_672
N#Cc1cccnc1-c1cccc(-c2cccc(-c3ccc(NC(=O)CN4CCN(C(=O)C5CCC5)CC4)cc3)c2)c1,-7.6,3.4161434874097436,29_673
O=C(Nc1cccc(Oc2cccc3[nH]c(=O)[nH]c23)c1)c1cccc(-c2ccccc2)c1,-9.1,3.437315958063201,29_674
O=C(O)c1ccccc1-c1ccc(-c2cccc(-c3cccc(-c4cccc(-c5nc(=O)o[nH]5)c4)c3)c2)s1,-9.1,3.3826154513099245,29_675
Cn1c(-c2cccc(-c3cccc(-c4cccc(C(=O)N/N=C/c5ccc(-c6ccccc6)o5)c4)c3)c2)nc2ccccc21,-8.2,3.0842835384570595,29_676
O=Cc1ccccc1-c1cccc(-c2cccc(C(=O)NNC(=O)c3ccccc3Nc3cccc(Cl)c3Cl)c2)c1,-8.1,3.123785175474746,29_677
O=C(COc1ccc(Cl)cc1)Nc1cccc(-c2cc3cc(-c4ccccc4CO)ccc3o2)c1,-6.8,3.4141337187800502,29_678
O=C1N=c2ccc(O)cc2=C1c1[nH]c2ccccc2c1O,-7.5,3.5167301999732237,29_679
O=C(c1ccccc1F)N1CCN(c2cccc(-c3cc(Oc4ccccc4)ccc3F)n2)CC1,-7.7,3.5715196688971225,29_680
O=C(N=CC1=CC(=CC2=C(F)C(c3nc4cc(F)ccc4[nH]3)C=C2)C=C1)c1ccccc1F,-7.8,3.4142974951027734,29_681
O=S(=O)(Nc1cccc(-c2cccc(-c3cccc(-c4cccc(-c5ccccc5Cl)c4)c3)c2)c1)c1cccc(C(F)(F)F)c1,-8.5,2.9880881909969106,29_682
Oc1cccc(-c2cc(-c3ccccc3F)c3c(n2)-c2ccccc2OC3)c1,-8.7,3.555294506942203,29_683
COC=C1C=CC(Nc2ccc3[nH]cc(-c4nc5ccccc5c(=O)n4-c4ccccc4C)c3c2)C=C1,-8.2,3.369704914049972,29_684
CC=C1C=CC(CNc2nc(SCc3nc4ccccc4[nH]3)nc3sc4c(c23)CCC4)=C1,-7.8,3.4089797018420436,29_685
O=C(c1ccc(-c2cccc(-c3ccc4ccccc4c3)c2)cc1)N1CCN(C(=O)c2ccccc2Nc2cccc(F)c2F)CC1,-8.8,3.181739518081607,29_686
OCc1cccc(-c2cccc3ncnc(Nc4ccc(OCC5=CC(=CF)C=C5)cc4)c23)c1,-7.2,3.540286685797425,29_687
O=C(Nc1cccc(-c2cncc3ccccc23)c1)c1cccc(-c2cccc(-c3cccc(-c4ccccc4F)c3)c2)c1,-9.7,3.1024376339215047,29_688
N#Cc1cccnc1-c1cccc(-c2cccc(NC(=O)c3cccc(C(F)(F)F)c3)c2)c1,-8.7,3.5211466279311323,29_689
O=C1c2ccccc2S(=O)(=O)N1CCCCNC1c2ccccc2CCc2ccccc21,-6.7,2.64742310501993,29_690
O=C(c1cccc(-c2cccc(-c3cccc4ccccc34)c2)c1)N1CCNCC1,-8.8,3.487914983949728,29_691
O=C(c1cccc(F)c1)N1CCN(C(=O)c2cccc(-c3cccc(-c4cccc5ccccc45)c3)c2)CC1,-9.6,3.2705511526271827,29_692
Oc1ccc([C@H]2Sc3cc(O)ccc3O[C@H]2c2ccc(OCCN3CCCCC3C(F)F)cc2)cc1,-6.9,3.481853794340794,29_693
O=C(c1ccc(-c2cccc(C(=O)N3CCN(c4cccc(C(F)(F)F)c4)CC3)c2)cc1)N1CCOCC1,-7.3,3.5675074243249583,29_694
O=c1[nH]c2cccc(-c3cccc(Cl)c3)c2cc1-c1ccccc1,-7.6,3.4401505882505488,29_695
O=C(c1cccc(-c2cccc(-c3nc4ccccc4[nH]3)c2)c1)N1CCN(c2ccccc2)CC1,-8.95,3.469314490794095,29_696
O=C(Nc1nc2c(s1)CCC2)c1cccc(-c2cccc(-c3cccc(-c4ccccc4F)c3)c2)c1,-8.7,3.324931364327227,29_697
O=C1CSC(Nc2ccccc2)c2ccccc21,-6.3,3.598636533013438,29_698
CN1CCCC(=O)c2cccc(-c3cccc(-c4cc(-c5ccccc5)cc(-c5cccc(C(=O)O)c5)c4)c3)c21,-10.1,2.295718183784643,29_699
O=C1c2ccccc2-c2c1c1ccccc1c(=O)n2Cc1ccc2c(c1)OCO2,-8.6,3.522771430629172,29_700
O=C(Nc1cccc(-c2ccc3ccccc3n2)c1)c1cc2ccccc2o1,-7.5,3.5056919680633496,29_701
O=C1CC(=Nc2ccccc2Nc2cccc(-c3cccc(-c4nn[nH]n4)c3)c2)c2ccccc21,-9.2,3.378107752997834,29_702
O=c1c2cc(F)ccc2nc(-c2ccccc2Oc2ccccc2)n1-c1cccc(-c2cccc(-c3ccc4cccc(F)c4c3)c2F)c1,-9.6,3.0616081658025487,29_703
O=C(Nc1cccc(-c2cccc(-c3ncccc3CO)c2)c1)c1cccc(C(F)(F)F)c1,-8.033333333333333,3.5836179579629466,29_704
O=C1C=CC=C(N(Cc2ccc(C3CCCCC3)cc2)C(=O)C2CCN2S(=O)(=O)c2c(F)c(F)c(F)c(F)c2F)CO1,-8.6,2.082784931729163,29_705
O=C(c1cccc(-c2ccccc2)c1)c1cncc(-c2nc3ccccc3n2Cc2cccc(-c3ccccc3F)c2)c1,-8.5,3.0223674905826465,29_706
Cc1ccc(C(=O)Nc2cc(-c3ccccc3C(F)(F)F)c3ccccc3n2)cc1,-8.1,3.541903652399255,29_707
O=C(c1cccc(-c2cccc(-c3nc4ccccc4[nH]3)c2)c1)N1CCN(C(=O)C(F)(F)F)CC1,-9.2,3.6282002296676987,29_708
O=C(O)c1cc(-c2cccc(-c3cccc(-c4cccc(Cl)c4)c3)c2)ccc1O,-8.2,3.521893352234343,29_709
O=C(Nc1nc2ccccc2s1)c1cccc(-c2[nH]nc3ccc(-c4nc[nH]n4)cc23)c1,-8.4,3.4574604264247952,29_710
OCc1cccc(-c2cccc(-c3cccc(-c4cccc(C(F)(F)F)c4)c3)c2)c1,-8.2,3.360703612496822,29_711
O=C(O)c1ccc(-c2cccc(-c3cc(-c4cccc(C(=O)O)c4)cc(C(F)(F)F)c3)c2)cc1,-9.0,3.412339888909713,29_712
Cc1cc(C)c2cc(CN[C@H]3C[C@@H]4C[C@H]([C@H]3C)C4(C)C)ccc2c1,-6.9,3.1196262253138762,29_713
O=C(c1cc2ccccc2[nH]1)N1CCN(c2ccnc3cc(Cl)ccc23)CC1,-7.5,3.6410487832488667,29_714
O=C(Nc1ccccc1-c1cc(F)c(F)c(F)c1)c1cccc(-c2cccc(-c3nc4ccccc4[nH]3)c2)c1,-8.7,3.2386682717878066,29_715
CC(=O)N1CCCc2cc(S(=O)(=O)N3CCC(C(=O)Nc4cccc(C)c4)CC3)ccc21,-8.0,3.7017059708701368,29_716
O=C(c1ccc2c(c1)N(Cc1cccc(F)c1)C(=O)c1ccccc1[S+]2[O-])N1CCN(c2cccc(Cl)c2)CC1,-8.2,2.412009558579556,29_717
O=C(Nc1cccc(-c2cccc(-c3nc4ccccc4[nH]3)c2)c1)c1cccc(C(F)(F)F)c1,-8.533333333333333,3.31558797004833,29_718
NC[C@H](NC(=O)c1ccc(-c2cccc(C(F)(F)F)c2)o1)c1ccccc1,-7.8,3.718020907060932,29_719
O=Cc1cc(-c2ccccc2)[nH]c1-c1ccccc1NCc1ccccc1,-7.8,3.429243012958038,29_720
O=C(NC(Cc1ccccc1)C(=O)Oc1cccc(-c2ccc3c(c2)OCO3)c1)c1ccc2c(ccc3ccccc32)c1,-9.1,3.1161018256851403,29_721
O=C(c1cccc(-c2cccc(-c3ccccc3OC(F)(F)F)c2)c1)N1CCC(O)CC1,-8.1,3.706720290874544,29_722
O=C(Nc1nc2ccc(F)cc2s1)c1cccc(-c2cccc(-c3cccc(-c4ccc(Cl)s4)c3)c2)c1,-8.5,3.3065652788642828,29_723
Cc1ccc2sn(N=C3C=CC=C3)c(=O)c2c1[N+](=O)[O-],-5.8,3.5153271521934526,29_724
CC=CC(C=NC=Cc1cccc(NC(=O)c2ccccc2)c1)=NC(=O)c1ccccc1,-6.7,3.526438070297475,29_725
O=C(NCc1cc(-c2cccc(-c3ccccc3F)c2)ccn1)c1cccc(-c2ccccc2F)c1,-8.5,3.253030728686496,29_726
O=C(Nc1cccc(-c2cn3ccnc3c(NCc3ccncc3)n2)c1)Nc1cccc(-c2cccc(F)c2F)c1,-9.1,3.1900727637891984,29_727
O=CNC(Cc1c[nH]c2ccccc12)C(=O)NC(Cc1ccccc1)C(=O)NC1c2ccccc2C[C@H]1CNC(=O)C(Cc1ccccc1)NC(=O)C1[CH]c2ccccc2CN1,-8.8,2.5483840167685896,29_728
O=C(Nc1cccc(F)c1)N1c2ccccc2CCC1c1ccc2c(c1)CCS2(=O)=O,-8.3,3.618214696512783,29_729
O=C(c1cccc(-c2cccc(-c3cccc(-c4cccc(F)c4)c3)c2)c1)N1CCNCC1,-8.4,3.508189933556279,29_730
O=C(Nc1nc(-c2ccc(Br)cc2)cs1)c1cccc(-c2cccc(-c3ccc4c(c3)OCO4)c2)c1,-8.3,3.3201629067990757,29_731
CNC1CCN(c2ccc(Nc3ncc4c5ccnc(F)c5n(C5CCCC5)c4n3)nc2)CC1,-8.5,3.4397376458266233,29_732
O=C(Nc1cccc(-c2cccc(-c3cccc(C(F)(F)F)c3)c2)c1)c1ccccc1,-8.35,3.3040276133142337,29_733
COC1=Cc2cc(-c3ccccc3Cl)ccc2C(=CC=CC2=C3C(=C2)C=CC(=O)N=CC=C2CCC(=O)N(C4CC4)C2(Cl)C3O)C1,-9.3,0.7044745596858917,29_734
Cc1noc(C)c1C(=O)N1CCC(CC(C)(C)C)CC1,-5.4,3.504412930305513,29_735
O=C(Nc1cccc(-c2cccc(-c3nc4ccccc4[nH]3)c2)c1)c1ccoc1,-8.1,3.520510833087121,29_736
O=C(O)C=C1C=CC(c2cncc(-c3cc(CC(=O)O)ccn3)c2Nc2cccc(C(F)F)c2)=C1,-7.1,3.4704928685544623,29_737
[NH]C(=NC(=NC=O)[C@H]1CC(=O)N(c2ccc3c(c2)OCCO3)C1)c1ccc2ccccc2c1,-7.8,3.453637633979474,29_738
O=C(Nc1cccc(C(=O)N2CCn3c(nnc3C(F)(F)F)C2)c1)c1cccc(-c2cccs2)c1,-7.9,3.6466855537294016,29_739
O=C(Nc1cccc(-c2cccc(C(=O)N3CCOCC3)c2)c1)c1cccc(C(F)(F)F)c1,-8.339999999999998,3.7403303840440163,29_740
O=C(c1cccc(-c2cccc(-c3cccc(F)c3)c2)c1)N1CCN(c2cccc(C(F)(F)F)c2)CC1,-8.625,3.323511212462599,29_741
O=C(Cc1ccc(-c2cccc(-c3cccc(F)c3)c2)cc1)Nc1ccccc1C(=O)c1ccccc1,-8.1,3.1491201828567306,29_742
O=C(Nc1cccc(-c2cccc(NC(=O)c3cccc(Cl)c3Cl)c2)c1)c1ccccc1C(F)(F)F,-7.7,3.34459312595566,29_743
O=C(c1ccc(-c2cccc(-c3nc4cc(F)ccc4[nH]3)c2)cc1)N1CCNCC1,-7.8,3.6450984636569372,29_744
O=C(Nc1cccc(-c2cccc(-c3cccc(C(F)(F)F)c3)n2)c1)c1ccccc1,-7.7,3.550282593764096,29_745
NOc1ccc(-c2ccccc2)cc1C(=C(C=O)c1cccc2ccccc12)C(CO)Nc1ccccc1F,-7.1,2.966606739337481,29_746
O=C(Nc1ccc(-c2csc(NC(=O)c3ccccc3)n2)cc1)c1ccc2ccccc2c1,-7.1,3.5002077918818113,29_747
N#Cc1cccnc1-c1cccc(-c2cccc(N=C(N)c3ccccc3)c2)c1,-7.9,3.5404254955809327,29_748
O=C1CCN(c2ccccc2)CCNc2c1ccc1c(-c3cccc(-c4ccccc4OO)c3)cccc21,-9.0,1.0745573502599957,29_749
O=C(Nc1nc2ccccc2n1Cc1ccccc1)c1ccccc1-c1nc2ccccc2s1,-9.1,3.4148931881841325,29_750
N#Cc1ccccc1-c1cccc(-c2cccc(-c3cccc(CNC(=O)c4cccnc4)c3)c2)c1,-8.7,3.3128073015180948,29_751
O=C(Nc1cccc(-c2cccc(-c3nc4cc(F)ccc4[nH]3)c2)c1)c1ccccc1Cl,-9.1,3.4176756792897534,29_752
Cc1ccc(OCC(O)CNCC(C)C)cc1S(=O)(=O)Nc1cccc(F)c1,-5.5,3.6004590132123266,29_753
O=c1c(-c2ccc(F)cc2F)c2ccccn2c(=O)n1CCCCN1Cc2ccccc2C1,-7.3,3.5713655916293443,29_754
NN=Cc1c(CCCCC(=O)C2Sc3ccccc3N2CC(=O)c2ccccc2[N+](=O)[O-])cc(-c2cc(F)cc(F)c2)nc1-c1ccccc1,-7.2,2.5281894679069246,29_755
O=C(Nc1nc2cc(-c3cccc(-c4ccccc4OC(F)(F)F)c3)ccc2[nH]1)Oc1ccc2ccccc2c1,-8.8,3.2509826586082804,29_756
C=C(C=CC=CC1=CN(C(=O)c2cc(C(F)(F)F)cc(C(F)(F)F)c2)C=CC=C1)c1cccc(-c2ncccc2CO)c1,-7.8,2.346707271690539,29_757
O=C(NCc1ccccc1)c1cnc2sc3ccccc3n2c1=O,-7.2,3.7288872857518855,29_758
C[C@@H](c1cccc2ccccc12)n1cnc2ccccc2c1=O,-7.4,3.5309687761391957,29_759
O=C(Nc1cc([N+](=O)[O-])ccc1F)c1cccc(-c2cccc(C(=O)NC3CC3)c2)c1,-7.7,3.586437916271052,29_760
CCC1=CC(=NC(=O)Cn2cc(S(=O)(=O)N3CCN(c4ccccc4F)CC3)c3ccccc32)C=C1,-7.8,3.590864645396524,29_761
O=Cc1c(-c2cccc(-c3cccc4c(=O)cc(-c5ccccc5)oc34)c2)oc2ccccc12,-8.8,3.3426843855328414,29_763
O=C1NC(=O)C(c2cccc(-c3cccc([N+](=O)[O-])c3)c2)=C1c1ccccc1,-7.7,3.6024083432530203,29_764
O=C1c2cc(-c3ccccc3CO)ccc2-c2cccc(-c3ccccc3F)c21,-7.9,3.4038240929864108,29_765
O=C(c1cc(Cc2n[nH]c(=O)c3c2NCCC3)ccc1F)N1CCN(C(=O)c2ccccc2-c2ccccc2)CC1,-8.1,3.4585221749242625,29_766
O=C(Cc1cccc(F)c1)Nc1cccc(-c2cccc(-c3nc4cc(C(F)(F)F)ccc4[nH]3)c2)c1,-8.9,3.322363183077641,29_767
N=C1CCC=C(Cl)N=NCSC1C(=O)N1CCN(c2cccc3ccccc23)CC1,-8.0,1.4466420619924545,29_768
O=C(Nc1nccs1)c1cccc(-c2cccc(-c3cccc(-c4cccc(C(F)(F)F)c4)c3)c2)c1,-9.6,3.2826255879938246,29_769
NC(=O)c1cccc(Nc2cc(Nc3cccc(F)c3)nc(NC3CC=CC(=O)N3)n2)c1,-8.6,3.3533682441266865,29_770
O=C(Nc1cccc(SC(F)(F)F)c1)Nc1cccc(-c2cccc(-c3cccc(-c4ccccc4OC4CCNCC4)c3)c2)c1,-8.1,3.0211778228791335,29_771
O=C(Nc1nc2ccc(F)cc2s1)Oc1cccc(-c2cccc(-c3ccc4c(c3)OCO4)c2)c1,-9.0,3.387413884843008,29_772
O=C1c2ccccc2C(=O)c2c1nnn2-c1cccc2ccccc12,-8.3,3.6196811203648327,29_773
COc1cccc(NC(=O)CNC(=O)c2ccc3c(c2)OCCO3)c1,-6.9,3.745221481504347,29_774
O=C(c1ccncc1F)N1C[C@H]2CC[C@@H]1CN(Cc1ccccc1)C2,-7.0,2.525076882652866,29_775
Oc1ccccc1-c1cc(-c2cccc(Cl)c2)c2c(n1)-c1ccccc1OC2,-8.4,3.529298746446414,29_776
O=c1[nH]c(O)c(-c2cccc(-c3cccc(-c4nc5cc(F)ccc5[nH]4)c3)c2)s1,-8.3,3.516927233737309,29_777
COc1ccc(-n2c(=O)n(Cc3ccccc3)c(=O)c3c2c2ccccc2n3C)cc1,-7.2,3.5563137136179277,29_778
CCCN1C(=O)c2ccccc2NC(=O)C1c1cccc(-c2cccc([N+](=O)[O-])c2)c1,-7.9,2.673321887744764,29_779
O=C(O)c1ccc(-c2ccc3c(ccc4ccccc43)c2)cc1,-7.9,3.3573735791881782,29_780
Oc1cc2ccc3cccc(-c4ccco4)c3c2c(-c2cccc(C(F)(F)F)c2)c1O,-6.9,3.3045956332605018,29_781
O=C(NC(Cc1ccccc1)C(=O)Nc1cccc(-c2ccccc2F)c1)c1cccc(-c2ccc3ccccc3c2)c1,-8.0,3.1222660769721586,29_782
O=C1CCN(c2ccccn2)CCNc2c1cccc2-c1cccc(-c2cccc(-c3ccccc3Cl)c2)c1,-8.6,1.1501258369134413,29_783
O=C(c1cccc(Nc2nccc(-c3cccc(-c4ccccc4CO)c3)n2)c1)N1CCNCC1,-7.9,3.542876817410412,29_784
O=C(Nc1cccc(-c2cccc(-c3cccc(C(=O)N4CCOCC4)c3)c2)c1)c1cccc(C(F)(F)F)c1,-8.92,3.537920848713541,29_785
NC(=O)c1cccc2cc(C(=O)N3CCN(C(=O)c4ccccc4Nc4cccc(-c5ccco5)c4)CC3)oc12,-8.1,3.3905621631530263,29_786
O=C(NCCc1cccc(F)c1)c1cccc(-c2cccc(-c3cccc(-c4ccccc4OC(F)(F)F)c3)c2)c1,-8.3,3.1353240578649575,29_787
O=C1c2ccccc2-c2c1c1ccccc1c(=O)n2-c1nc(C2CC2)cs1,-7.8,3.5158591209657297,29_788
O=C(Nc1cccc(S(=O)(=O)N2CCCC2)c1)c1ccc(-c2cccc([N+](=O)[O-])c2)o1,-6.8,3.5862910527532703,29_789
O=C(O)c1cccc(-c2ccc(-c3cc(-c4ccccc4)c4c(n3)-c3ccccc3OC4CO)o2)c1,-7.6,3.4186440704428684,29_790
O=C(Nc1cccc(-c2cn3ccnc3c(NCc3ccncc3)n2)c1)Nc1cccc(-c2cccc(F)c2F)c1,-9.1,3.1900727637891984,29_791
O=C(Nc1cccc(C(=O)N2CCOCC2)c1)c1cc(-c2cccc(-c3cccc(C(F)(F)F)c3)c2)[nH]n1,-8.7,3.5725742515206695,29_792
Cc1cccc(-c2cc(-c3ccc(Cl)cc3)c3ccccc3[n+]2C)c1,-9.0,3.050453012729137,29_793
O=C(Nc1cccc(-c2cccc(-c3nc4cc(F)ccc4[nH]3)c2)c1)c1ccccc1F,-8.609999999999998,3.443853177840764,29_794
O=C(/C=C/c1cccc(C(F)(F)F)c1)c1ccc2[nH]c(-c3ccc(-c4cccc(C5=Cc6ccccc6Cc6ccccc65)c4)cc3)nc2c1,-7.0,1.9365014063279755,29_795
O=C(Nc1cncc(-c2cccc(-c3cc4ccccc4[nH]3)c2)c1)Nc1cccc(C(F)(F)F)c1,-9.6,3.2344802145833893,29_796
O=C(Nc1cccc(-c2cccc(-c3cccc(F)c3)c2)c1)c1ccccc1F,-8.1,3.4260207376456817,29_797
O=C(Nc1ccccc1-c1ccccc1)c1cccc(-c2cccc(-c3ccc4c(c3)OCO4)n2)c1,-8.6,3.34061314665418,29_798
O=C(c1ccc(-c2noc(C(F)(F)F)n2)cc1)N1CCN(c2ncccn2)CC1,-7.4,3.6290785503170895,29_799
O=C(c1cccc2cc3ccccc3nc12)N1CCN(c2nc3ccccc3c3ccccc23)CC1,-8.5,3.288212730165192,29_800
O=C1COc2ccc(-c3cncc(-c4cccc(-c5cccc(Cl)c5)c4)c3)cc2N1,-9.0,3.587172148844776,29_801
Cc1ccccc1-c1cccc(-c2ccc(Oc3ccc(C)c(-c4cccc(-c5cccc(-c6nc(=O)o[nH]6)c5)c4)c3)c(F)c2)c1,-8.9,3.173440757437713,29_802
O=C1c2ccccc2C(=O)c2c1ccc1nc(-c3ccccc3-c3cc4ccccc4o3)oc21,-9.0,3.4139689001392686,29_803
CC=C(C(F)=CCC(=O)C(C=NCC)C(=O)O)N1C=CN(c2nc(-c3ccccc3)ncc2C(=O)c2ccccc2)CC1,-7.1,3.0894650437320053,29_804
Cn1c(-c2cccc(-c3cccc(-c4cccc(N)c4)c3)c2)nc2ccccc21,-8.5,3.296422966759509,29_805
Cc1ccc2[nH]c3c(c2c1)CN(C(=O)c1ccc(F)c(F)c1)c1ccccc1C3,-8.6,2.4666570658850953,29_806
O=C(O)C1=CN=C(N(C(=O)c2cccc(-c3cccc(CO)c3)c2)c2cccc(-c3ccccc3F)c2)C1=O,-8.0,3.393304503766651,29_807
O=C(Cn1cc2nc(-c3ccccc3)sc2nc1=O)NCc1ccccc1,-6.9,3.707098193493072,29_808
O=C1c2ccccc2C(=O)c2c1nnn2-c1ccccc1Cl,-7.7,3.669323139526581,29_809
O=C(Nc1cccc(-c2ccc3c(c2)OCCO3)c1)c1cccc(-c2cccc(-c3cccc(-c4ccccc4CO)c3)c2)c1,-8.1,3.16057491090824,29_810
Cc1ccc(-c2cc(-c3cc4ccccc4c(=O)[nH]3)nc(N3CCCC3)n2)cc1,-8.9,3.6826796569831775,29_811
O=C1C[C@]2(CCN1)CN(c1cccc(Cl)c1)CCN2C(=O)NCc1ccc(F)cc1F,-8.0,3.605055325099076,29_812
O=C(c1ccc2cc(Oc3ccc(C(F)(F)F)nc3)ccc2n1)N1CCn2ccnc2C1,-7.7,3.6220158628551324,29_813
O=C(Nc1cccc(-c2cnc3ccccc3n2)c1)Nc1cccc(-c2cccc(F)c2F)c1,-9.8,3.478590667076,29_814
Nc1cccc(NC(=O)c2cccc(-c3cccc(C(F)(F)F)c3)c2)c1,-7.1,3.5914535957502443,29_815
Cc1cccc(NC(=O)c2cc(-c3oc4ccccc4c3C)nc3ccccc23)c1C,-8.6,3.4597069174852466,29_816
O=C(Nc1cccc(-c2cccc(-c3nc4cc(F)ccc4[nH]3)c2)c1)c1ccccc1,-8.345454545454546,3.4293586076098226,29_817
O=C(NCCCO)c1cccc(-c2cccc(-c3cccc(NC(=O)c4cccc(C(F)(F)F)c4)c3)c2)c1,-7.6,3.355978249584078,29_818
O=C(c1ccc2c(c1)C(O)(C(F)(F)F)c1ccccc1-2)N1CCC(Cc2ccccc2)CC1,-7.8,3.5264648225308117,29_819
O=C(Nc1cccc(-c2cccc(C(=O)N3CCOCC3)c2)c1)c1cc(Cl)ccc1O,-8.1,3.7255957655853615,29_820
O=C(Nc1cccc(-c2cccc(-c3nc4cc(C(F)(F)F)ccc4[nH]3)c2)c1)c1ccccc1F,-8.299999999999999,3.2512717517338245,29_821
O=C(NCc1cnc2c(c1)CC(c1ccccc1F)C2)c1cccc(-c2ccc3c(c2)OCO3)c1,-7.8,3.5499562233418365,29_822
O=C(c1cccc(-c2cccc(-c3ccc4cccc(F)c4c3)c2F)c1)N1CCCC1,-8.7,3.3078501516133216,29_823
Nc1ncnc2c1ncn2CC1=CC(CP(=O)(O)O)COC1,-6.3,3.3136106303260475,29_824
O=C(CSc1nc2ccccc2c(=O)n1-c1ccccc1)Nc1nc(-c2ccc(Cl)cc2)cs1,-7.8,3.3850869072370697,29_825
O=C(Nc1cccc(-c2cccc(-c3nc4cc(F)ccc4[nH]3)c2)c1)Nc1cccc(C(F)(F)F)c1,-8.899999999999999,3.169812286139635,29_826
O=C(Nc1cccc(C(=O)N2CCCCC2)c1)C1CCN(c2nc3ccccc3n3cccc23)CC1,-8.6,3.5656858899232162,29_827
O=c1c(O)c(-c2ccc3c(C(F)(F)F)cc(C(F)(F)F)nc3c2)n(-c2ccccc2)c2ccccc12,-8.3,3.3864871704797084,29_828
N=C(CC(=NC=O)c1cccc(-c2cccc(C(F)(F)F)c2)c1)c1cccc(-c2ccccc2OC(F)(F)F)c1,-7.7,3.2365219663759643,29_829
O=C(c1ccc2c(c1)OCO2)c1ccc2c(c1)-c1ccccc1C2=O,-7.8,3.5364290725427834,29_830
CN(C(=O)c1ccccc1-c1cccc(-c2ccccc2Cl)c1)c1ccccc1,-7.3,3.195611654848034,29_831
O=C(Nc1ccc(S(=O)(=O)Nc2cccc(F)c2F)cc1)c1ccccc1,-7.2,3.7291307104167517,29_832
O=C(c1cccc(-c2cccs2)c1)n1cc(-c2ccccc2)c2ccccc21,-7.5,3.3298337921829084,29_833
O=C(C[C@@H]1COC[C@@H]2CN(c3ncccn3)C[C@@H]21)Nc1ccccc1F,-7.2,3.692473377889844,29_834
O=C(CC=NNC(=O)c1ccncc1)c1cccc(-c2cccc(-c3nc4ccccc4[nH]3)c2)c1,-7.9,3.2109100804101907,29_835
O=C(c1cccc(-c2cccc(-c3ccc4ccc(F)cc4c3)c2)c1)N1CCNCC1,-9.2,3.513567367705725,29_836
Cc1cccc(-c2cccc(-c3cc4c(c(-c5cccc(C(=O)O)c5)c3)OCCO4)c2)c1,-9.4,3.5696742634374763,29_837
O=C(Nc1ccc2c(c1)OCO2)c1ccc2c(c1)N(Cc1c(F)cccc1Cl)C(=O)c1ccccc1S2,-8.6,2.524142978413929,29_838
O=C(CSc1nnc2ccc(C(=O)Nc3cccc(F)c3)cn12)NC1C=CC=CC1,-7.4,3.6640633132289553,29_839
O=C(NCc1ccccc1)c1ccccc1C(=O)Nc1cccc(-c2cccc(-c3ccccc3Cl)c2)c1,-8.3,3.175976918979238,29_840
O=C(c1cccc(-c2cccc(-c3cccc4ccccc34)c2)c1)N1CCN(c2cccc(C(F)(F)F)c2)CC1,-9.350000000000001,3.155724006991007,29_841
Cc1cc(C)cc(NC(=O)c2cccc(-c3cccc(-c4ccccc4C)c3)c2)c1,-8.4,3.3270546028516943,29_842
Cc1ccc(-c2cc(F)c(Nc3ncccc3C(=O)O)cc2C(=O)O)cc1-c1ccccc1,-8.0,3.4298274546888443,29_843
O=C(Nc1cccc(-c2cccc(C(=O)N3CCOCC3)c2)c1)c1cccc(C(F)(F)F)c1,-8.339999999999998,3.7403303840440163,29_844
O=C(CNc1cccc(C(F)(F)F)c1)Nc1ccc(-c2cccc(-c3cc4ccccc4c(=O)[nH]3)c2F)cc1,-7.6,3.258797521765279,29_845
O=C(Nc1cccc(C2=CC=C(c3ccc4cccc(F)c4c3)NC2)c1)c1ccccc1F,-8.0,3.3805702284887493,29_846
NC1CN(c2cccc(C=NN=CC3=CC(c4cccc(F)c4)=CC3)n2)C1,-6.5,3.585012866015693,29_847
NC(=O)c1cc(NS(=O)(=O)c2ccc3c(c2)OCCO3)ccc1Nc1cccc(-c2ccc3ccccc3c2)c1,-8.6,3.260818558002409,29_848
O=C(NC(Cc1ccccc1)C(=O)O)c1cccc(-c2cccc(-c3nc4cc(F)ccc4[nH]3)c2)c1,-7.7,3.3728863647626195,29_849
O=C(c1cccc(-c2cccc(-c3ccc4ccccc4c3)c2)c1)N1CCn2c(nnc2-c2ccccn2)C1,-9.7,3.3680991313093123,29_850
COc1cc(-c2cccc(-c3cc(NC(=O)C4CNC(=O)C4)nn3-c3cccc(F)c3)c2)cc(OC)c1OC,-8.2,3.499637312452964,29_851
CC=C1C(C)=CC(CNc2nc(-c3cccc(C(F)(F)F)c3)nc3cc4ccccc4nc23)=C1C,-9.2,3.520186210063832,29_852
O=C(Nc1cccc(-c2cccc(C(=O)N3CCOCC3)c2)c1)c1cccc(C(F)(F)F)c1,-8.339999999999998,3.7403303840440163,29_853
O=C(Nc1cccc(-c2cccc(-c3ccccc3)c2)c1)c1ccccc1,-8.125,3.3743985427709573,29_854
C=CC=C1C2=CC(=CC=C(OC)C=C2)N(c2cccc(-c3cnc4ccccn34)c2)S1(=O)=O,-7.8,1.6588813957672475,29_855
O=C(Nc1ccccc1C(=O)O)c1ccc(-c2cccc(-c3cccc(-c4nc5ccccc5[nH]4)c3)c2)cc1,-7.8,3.263505206722768,29_856
O=C(Nc1cccc(C(F)(F)F)c1)c1ccccc1-c1ccccc1C(=O)Nc1nc(-c2ccco2)c(-c2ccco2)s1,-8.1,3.1209380945276433,29_857
Cn1c(-c2cccc(-c3cccc(-c4cccc(C(=O)c5ccccc5F)c4)c3)c2)nc2ccccc21,-9.2,3.1106760724308637,29_858
O=C(c1cccc([N+](=O)[O-])c1)n1c2ccccc2c2nc3ccccc3nc21,-8.5,3.4420296220983317,29_859
Cc1noc(C)c1C(c1cccc(F)c1)n1cc(C#N)c2nc3ccccc3nc21,-7.8,3.5505936005908065,29_860
O=C(c1cccnc1)N1CCC(c2nc(-c3cccc(-c4cccc(CO)c4)c3)cs2)CC1,-7.9,3.6611491484592005,29_861
O=C(Nc1ccc2c[nH]nc2c1)c1cccc(-c2cccc(-c3cccc(-c4nc5ccccc5[nH]4)c3)c2)c1,-8.6,3.2692168750526482,29_862
O=C(NCc1cccc(-c2cccc(C(=O)N3CCOCC3)c2)c1)c1cccc(C(F)(F)F)c1,-8.4,3.7221875791051082,29_863
O=c1cc(N2CCOCC2)[nH]c(-c2cccc(-c3cccs3)c2)n1,-7.3,3.796518340019734,29_864
Nc1cncc(-c2cccc(-c3cccc(C(=O)N4CCOCC4)c3)c2F)c1,-8.1,3.7635538096624046,29_865
O=c1cc(O)ccc2[nH]c(-c3cccc4ccccc34)nc12,-8.0,2.606593270405382,29_866
N=C(C=C(CC=NC1=CC=CC1)c1cccc(OCc2ccc3ccccc3n2)c1)c1ccccc1,-7.8,3.3688868962845255,29_867
O=C(Nc1cccc(-c2cccc(F)c2)c1)c1cc(-c2ccccc2)nc2ccccc12,-8.3,3.4038102262798526,29_868
O=C(Nc1cccc(-c2cccc(-c3cccc(-c4cccc(F)c4)c3)c2)c1)c1ccccc1,-9.25,3.188129789925851,29_869
O=C(Nc1cccc(-c2cnc3c(NC(=O)c4ccccc4)cccn23)c1)c1cccc(C(F)(F)F)c1,-7.75,3.382308560798931,29_870
O=C(Nc1cccc(-c2cn3ccnc3c(NCc3ccncc3)n2)c1)Nc1cccc(C(F)(F)CF)c1,-7.8,3.316605328361894,29_871
O=C(NCc1ccccc1F)C1Oc2ccccc2C(=O)C1c1ccc2c(c1)c1ccccc1n2Cc1ccccc1,-9.2,3.3470685333290593,29_872
NC(=NO)N/N=C/c1ccc2c(ccc3ccccc32)c1,-7.5,3.1935910943867816,29_873
O=C(Nc1cccc(-c2cccc(-c3nc4cc(F)ccc4[nH]3)c2F)c1)c1ccccc1,-8.5,3.443853177840764,29_874
O=C(c1cc(Cc2n[nH]c(=O)c3c2NCCC3)ccc1F)N1CCN(c2cc(F)ccc2Cl)CC1,-8.0,3.6236800509881055,29_875
CN(C)CCNc1ccnc2ccc3ccccc3c12,-6.0,3.605770013782591,29_876
O=C(Nc1cccc(-c2cccc(-c3cccc(F)c3)c2)c1)c1cccc(Cl)c1,-8.6,3.406338145004554,29_877
O=C(Nc1cccc(-c2cccc(-c3nc4cc(F)ccc4[nH]3)c2)c1)c1ccccc1Br,-7.7,3.4021122714716334,29_878
O=C(c1cccc(-c2cccc(C(=O)N3CCN(c4ccccc4C(F)(F)F)CC3)c2)c1)N1CCOCC1,-9.4,3.5675074243249583,29_879
O=C(c1cccc(-c2cccc(-c3nc4ccccc4[nH]3)c2)c1)N1CCN(c2ccccc2)CC1,-8.95,3.469314490794095,29_880
O=C(Nc1cccc(F)c1Cl)n1ccc2cc(-c3cc4ccccc4[nH]3)ccc21,-7.7,3.419442330149969,29_881
O=S(=O)(c1cccc(F)c1F)N1CCc2c(nc(-c3ccncc3)nc2-c2ccccc2F)C1,-8.4,3.628900176153169,29_882
O=C1NC(=S)N(c2ccccc2)C(=O)/C1=C\c1cccc(Oc2ccc(F)cc2)c1,-7.4,3.5976607415585837,29_883
O=C(c1cc(Cc2n[nH]c(=O)c3c2NCCC3)ccc1F)N1CCN(c2cc(Cl)ccc2Cl)CC1,-8.0,3.6108971524501885,29_884
Cc1c(Nc2ncncc2CCNC(=O)c2cccc(C(F)(F)F)c2Cl)cccc1-c1cccc(F)c1,-8.6,3.4690234953954526,29_885
O=C(NCc1ccccn1)c1cccc(-c2nc3ccccc3[nH]2)c1,-8.2,3.6765761304705173,29_886
O=C1CC(c2ccccc2F)c2c(c3ccccc3oc2=O)O1,-7.2,3.566062718299863,29_887
Cc1nc2ccccc2c(=O)n1-c1cccc(-c2cccc(-c3ccc(F)c(F)c3)c2)c1,-8.5,3.3139075198102774,29_888
N#Cc1ccccc1-c1cccc(-c2cccc(-c3ccc(CCC(O)(CC=O)C(F)(F)F)o3)c2)c1,-7.2,3.4909900028080396,29_889
O=C(c1ccccc1F)N1C=CCC(=Nc2ncnc3c2Cc2ccccc2N3)C=C1,-7.6,2.651240768477461,29_890
O=C(CNC(=O)c1ccccc1Cl)Nc1cccc(-c2cccc(-c3ccccc3)c2)c1,-7.9,3.4377932408692518,29_891
O=C(C=C1c2ccccc2S(=O)(=O)N1Cc1ccccc1Cl)Nc1cccc(-c2ccccc2F)c1,-8.0,3.42158533651476,29_892
O=C(Nc1nc2ccccc2nc1Nc1cccc(C(=O)N2CCOCC2)c1)c1ccccc1F,-10.0,3.60286404811246,29_893
O=C(Nc1cccc(-c2cccc(-c3nc4cc(C(F)(F)F)ccc4[nH]3)c2)c1)c1cccc(C(F)(F)F)c1,-8.0,3.248946671823277,29_894
O=C(Nc1cccc(-c2cccc(C(=O)N3CCOCC3)c2)c1)c1cccc(-c2ccc3ccccc3c2)c1,-8.2,3.392862095706997,29_895
Cc1c(C(C)C=CC=CC=CC=CCC(=O)NCCN2CCOCC2)ccc2c(-c3cccc(-c4ccc5c(c4)OCO5)c3)ccnc12,-7.4,3.0964650393840443,29_896
C=C1COCCN1CCCOC1=CC=c2cc(c3c(c2)C=CC2NC=CC=32)C=CN=CC1(C=COC)C(=COC)OC,-6.3,0.6805733209187244,29_897
N#Cc1cccnc1-c1cccc(-c2cccc(N(Cc3ccc4c(c3)OCO4)C3CCCCNC3=O)c2)c1,-8.2,2.5040406840628755,29_898
O=C1NC(=O)c2c(NC(=O)c3cccc4c3cnn4-c3ccc(C(F)(F)F)cc3)cccc21,-8.4,3.5746050630796105,29_899
COc1ccc(-c2cc3cc(N)ccc3c(=O)n2-c2cccc(F)c2)cc1,-6.7,3.6353734319084996,29_900
O=C(Oc1cccc(-c2cccc(Nc3ccc4ccccc4c3)c2)c1)ON1c2ccccc2C=Cc2ccccc21,-8.9,2.1342262166539694,29_901
c1ccc(-c2nc3ccccc3c3ccc4ccccc4c23)cc1,-7.8,3.0363599557405925,29_902
O=c1c2ccccc2nc(-c2cccc3cccc(F)c23)n1Cc1ccc2c(c1)OCO2,-9.0,3.5000928769144015,29_903
O=C(c1cccc(-c2cccc(-c3cccc(-c4ccccc4F)c3)c2)c1)c1nc2ccccc2[nH]1,-9.9,3.2375330771673667,29_904
O=C(O)c1ccc(-c2cccc(Cl)c2)c(-c2cccc(-c3cccc(C(=O)N4CCCC4)c3)c2)c1,-8.1,3.4706211353835292,29_905
O=C(C1CCN(S(=O)(=O)c2ccc(F)cc2)CC1)N1CCC(c2nc(-c3cccc(C(F)(F)F)c3)c[nH]2)CC1,-7.3,3.518383003412465,29_906
O=C(Nc1ccc(F)cc1)Nc1cccc(-c2cccc(-c3nc4cc(C(F)(F)F)ccc4[nH]3)c2)c1,-8.0,3.169812286139635,29_907
O=C(c1cccc(C2=CC=CN=CN(C(=O)c3ccccc3-c3ccccc3)SC=C2)c1)N1CCCC1,-9.2,1.283565384961241,29_908
O=C(NNc1cc(-c2ccccc2)nc2cc(-c3ccccc3CO)cnc12)c1cccc(F)c1,-9.0,3.2999102504661684,29_909
Cc1nonc1C(=O)Nc1nc2ccccc2n1Cc1ccccc1-c1ccccc1,-7.7,3.577626138982631,29_910
Oc1ccc(Cl)cc1-c1nc(-c2ccccc2)cs1,-6.9,3.6474679064278765,29_911
O=C(c1cccc(-c2cccc(-c3nc4cc(C(F)(F)F)ccc4[nH]3)c2)c1)N1CCN2CCC[C@H]2C1,-8.5,3.49562153389898,29_912
O=C(Nc1cccc(-c2ccncc2)c1)Nc1cccc(-c2cccc(F)c2F)c1,-8.5,3.5634876125695603,29_913
CSc1nc2ccccc2nc1-c1cccc(C(=O)Nc2ccc3c(c2)CCCN3C(=O)c2cccs2)c1,-7.5,3.37131726619394,29_914
O=c1c2ccccc2n(Cc2cn(-c3ccc(F)cc3F)nn2)c2ccccc12,-7.8,3.5208221054291586,29_915
O=C(Nc1cccc(-c2cccc(C(=O)N3CCOCC3)c2)c1)c1ccc(N2CCOCC2)cc1,-7.5,3.6531900893798124,29_916
COc1ccc2c(c1)N(C(=O)c1ccco1)CCS2,-6.1,3.645504897055446,29_917
O=C(Nc1cccc(-c2cccc(-c3ncccc3CO)c2)c1)c1cccc(Cl)c1,-7.6,3.5873676141004895,29_918
COc1cccc(-c2cc(-c3cccc(OC(F)(F)F)c3)nc(-c3ccccc3)n2)c1,-9.0,3.5709999580066696,29_919
Cc1ccccc1NC(=O)Cn1cc(COc2ccc3c(c2)CCC3)nc1-c1ccccc1,-8.3,3.601620379820747,29_920
Cc1cc(-c2[nH]nc3cc(NC(=O)N[C@H]4CN(C)C[C@@H]4c4ccccc4C)ncc23)ccn1,-7.2,3.5933318842561794,29_921
CC(NC(=O)C(N)Cc1ccc(O)cc1)C(=O)NCC(=O)NC(Cc1ccccc1)C(=O)NC(C(=O)Nc1cccc(C(F)(F)F)c1)C(C)C,-6.8,2.9113203896277726,29_922
Nc1cc(-c2ccco2)nc(Nc2ccc(NC(=O)c3cccc4c3-c3ccccc3C4=O)cc2)n1,-8.7,3.3584989917706123,29_923
Cc1cccc2c1Nc1ccc(-c3cc4cc(-c5ccccc5C#N)ccc4[nH]3)cc1C=C2,-8.1,2.203178795015628,29_924
O=C(c1cccc(-c2cccc(-c3cccc(-c4ccccc4F)c3)c2)c1)N1CCNC[C@H]1c1ccccc1F,-9.5,3.2567373177987107,29_925
O=C(Nc1ccccc1-c1ccccc1NC(=O)c1ccc2c(ccc3ccccc32)c1)c1ccccc1,-8.1,3.188450814911516,29_926
O=C(c1cccc(-c2cccc(-c3cccc4ccccc34)c2)c1)N1CCN(c2ccccc2)CC1,-9.0,3.206064535475286,29_927
N#Cc1cccnc1-c1cccc(-c2cccc(-c3cccc(NC(=O)c4cccc(F)c4)c3)c2)c1,-8.7,3.4171596091548677,29_928
O=C(Nc1nc(-c2ccc3c(c2)OCO3)cs1)c1cc(-c2ccc3c(c2)OCO3)c2ccccc2c1-c1ccccc1,-9.2,3.205524986029731,29_929
O=C(Nc1cccc(F)c1F)c1cc(-c2ccccc2)nc2ccccc12,-8.5,3.5938354395241494,29_930
CC=C1C=CC(CC(=O)Nc2cccc(-c3nc4cc(-c5ccc6c(c5)OCO6)ccc4[nH]3)c2)=C1,-7.8,3.4725483014322,29_931
O=C1CCCc2cc(-c3cc4ccccc4s3)ccc2O1,-6.1,2.4630719036671955,29_932
NS(=O)(=O)c1ccc(-c2cc(-c3ccc(F)cc3F)cc(-c3ccc(C(O)c4ccccc4)cc3)n2)cc1,-9.0,3.3498377567413424,29_933
O=C(c1cccc(-c2cccc(-c3ccc4c(c3)OCCO4)c2F)c1)N1CCNCC1,-9.0,3.6553838184373157,29_934
Cc1cc(C)cc(CCc2cc(-c3cccc(-c4ccccc4C#N)c3)[nH]n2)c1,-7.3,3.513305896832548,29_935
O=C(Nc1cccc(-c2cccc(-c3nc4cc(F)ccc4[nH]3)c2F)c1)c1ccccc1,-8.5,3.443853177840764,29_936
O=C(Oc1ccc2c(c1)CCCN2C(=O)c1ccco1)c1ccccc1F,-7.7,3.61073133903145,29_937
O=C(O)c1ccc(NC(=O)c2cccc(-c3cccc(-c4nc5cc(F)ccc5[nH]4)c3)c2)cc1,-9.2,3.41503910144509,29_938
O=C(Nc1cccc(-c2cccc(-c3cccc(F)c3)c2)c1)c1cccc(-c2ccc3c(c2)OCO3)c1,-8.8,3.274475212885916,29_939
C=CC1=Nc2c(C=NNc3cc(F)cc(F)c3)nc3ccccc3c2N=CC(=CC(=O)O)C1,-8.6,1.636211903989011,29_940
C=CCNC12CCc3cccc(OC)c3C1(c1cccc(C)c1)C2,-5.8,3.418296407918879,29_941
O=C(Nc1cccc(-c2cn3ccnc3c(NCc3ccncc3)n2)c1)Nc1cccc(C(F)(F)F)c1,-8.24,3.351509113506621,29_942
O=C(Cc1ccccc1)Nc1ccc(-c2ccc(-c3cccc(-c4cccc(-c5cccc(C(=O)N6CCOC6)c5)c4)c3)o2)cc1,-8.0,3.2273124899979053,29_943
O=c1oc2ccccc2cc1-c1ccccc1S(=O)(=O)c1ccccc1,-7.1,3.6138550742298152,29_944
O=C(c1cccc(-c2cccc(-c3ccc4c(c3)OCO4)c2)c1)N1CCn2c(nc3ccccc32)C1,-9.3,3.3611699015465506,29_945
O=C1c2ccccc2C(=O)c2c1ccc1[nH]c(-c3cccc(-c4cc5ccccc5[nH]4)c3)nc21,-8.8,3.4229547374912666,29_946
O=C(c1ccc2cc(-c3cccc(-c4ccccc4F)c3)ccc2c1)N1CCNCC1c1ccccc1,-7.8,3.294423783961459,29_947
O=C(NCc1cccc(-c2cccc(-c3cccc(-c4ncccc4F)c3)c2)c1)c1cccc2ccccc12,-9.6,3.132680246221782,29_948
O=C(Nc1ccccc1C(=O)N1CCOCC1)c1ccc(-c2cccc(-c3ccccc3F)c2)o1,-8.3,3.6509625052512504,29_949
O=C1c2ccccc2-c2cccc(-c3ccccc3F)c21,-7.7,3.3232570069790475,29_950
O=C(NCc1ccccc1)c1cccc(-c2cccc(-c3cccc(-c4cccc(O)c4)c3)c2)c1,-9.2,3.1980812060503747,29_951
O=C(Nc1nccs1)c1cccc(-n2cc(-c3cccc(C(=O)N4CCOCC4)c3)nn2)c1,-8.2,3.6057921990103186,29_952
O=c1c2ccccc2[se]n1-c1nnc(-c2ccccc2O)s1,-7.0,3.6283088838157846,29_953
N#Cc1cccnc1-c1cccc(-c2cc(C(=O)Nc3ccccc3C(F)(F)F)c3ccccc3n2)c1,-8.9,3.3928751492272227,29_954
CO/N=C(\CCCNC(=O)c1ccccc1Nc1cccc(C(F)(F)F)c1)c1ccc(Cl)cc1,-6.9,3.4102747502532784,29_956
O=C(NCc1ccc(F)cc1)c1nc(Nc2ccccc2F)nc2c1ncn2-c1cccc(-c2ccccc2F)c1,-9.5,3.286349950962242,29_957
O=C(NC1CCN(C=C2C(c3cccc4ccccc34)=Nc3cccc(-c4ccc(F)cc4)c32)C1)c1ccccc1,-8.3,3.221063820298415,29_958
O=C(Nc1ccccc1)c1ccccc1NC(=O)c1ccccc1-c1ccccc1[N+](=O)[O-],-7.6,3.507080571668025,29_959
O=C(CCn1c(=O)n(Cc2ccccc2F)c2ccccc21)Nc1ccccc1-c1ccccc1,-7.7,3.508610993290357,29_960
O=c1cc(-c2cccc(-c3ccccc3OC(F)(F)F)c2)oc2ccccc12,-8.1,3.5692880569652568,29_961
O=C(c1ccc2c(-c3cccc(-c4ccccc4Cl)c3)cccc2c1)N1CCCCC12Cc1ccccc1C2,-9.1,2.8847632745087632,29_962
C=C1C=c2ccccc2=CC(=O)Nc2cscc2-c2nc3cc(-c4ccc5c(c4)OCO5)ccc3c(=O)n21,-8.4,0.9026897955889348,29_963
O=C(N[C@H]1C[C@@H](Nc2nc3cc(Nc4ccccc4)ncc3[nH]2)C1)c1cccc(F)c1F,-8.0,3.499374953094022,29_964
O=C(Nc1ccccc1N1CCN(C(=O)Nc2ccc(F)cc2F)CC1)c1cccc(Cl)c1,-8.0,3.6721320826807577,29_965
O=C(Nc1cccc(-c2nnc(-c3ccccc3)o2)c1)c1ccccc1,-8.2,3.7332228511480476,29_966
O=[N+]([O-])c1ccc2[nH]c(-c3cccc(-c4cccc(-c5ccccc5F)c4)c3)nc2c1,-8.9,3.426269621845235,29_967
O=C(OCc1cccc(F)c1)c1cccc(-c2cccc(-c3cccc(C(=O)N4CCOCC4)c3)c2)c1,-8.0,3.4841341211239936,29_968
O=C(c1cccc(-c2cccc(Nc3nccc(C(F)(F)F)n3)c2)c1)N1CCN(c2ccccc2)CC1,-8.2,3.6249605671431406,29_969
O=c1c2cc(F)ccc2[nH]c2cc(F)cc(F)c12,-7.3,3.3663221057974404,29_970
Oc1cc2ccccc2n1CCCCN1CCc2ccccc2C1,-6.6,3.6122415006939708,29_971
Cc1ccc(-c2nc(-c3cccc4c(CCC(=O)O)c[nH]c34)no2)cc1,-7.4,3.6816335202131225,29_972
O=C(Nc1ccc(-c2cccs2)cc1)c1cccnc1Nc1cccc(-c2ccc3ccccc3c2)c1,-7.8,3.32457236975829,29_973
O=C(c1cccc(-c2cccc(C(=O)N3CCN(c4cccc(Cl)c4)CC3)c2)c1)N1CCCCC1,-8.6,3.5169462875213413,29_974
O=C(Nc1cccc(-c2cccc(-c3ccccc3)c2)c1)c1cccc(-c2ccccc2F)c1,-8.1,3.188129789925851,29_975
O=C(Nc1cccc(-c2cccc(-c3cccc(F)c3)c2)c1)c1cccc(C(F)(F)F)c1,-8.2,3.2672233782541786,29_976
Cc1ccccc1C=CC(=O)Nc1cccc2[nH]c(-c3ccccc3)nc12,-8.3,3.513900531663306,29_977
O=C(c1cccc(-c2cccc(-c3cccc(C(=O)N4CCOCC4)c3)c2)c1)c1ccccc1[N+](=O)[O-],-8.6,3.3687219880937525,29_978
Nc1c(NC(=O)c2cccc(C(F)(F)F)c2)cccc1-c1ccc2c(=O)[nH]ccc2c1,-8.2,3.4915287624521247,29_979
O=C1c2ccncc2C(=O)c2c(O)cc(NCc3cccc(C(F)(F)F)c3)cc21,-7.7,3.7206427577126373,29_980
C[C@]12CC[C@H]3[C@@H](CP[C@H](O)[C@H](Nc4cccc(F)c4)c4cccc(-c5ccccc5)c4)C[C@]3(O)[C@H]1CC[C@@H]2O,-7.9,3.0921807273089583,29_981
Clc1cccc(-c2ccc(-c3cccc(NCCNc4cc5ccccc5[nH]4)c3)cc2)c1,-6.6,3.180589061699222,29_982
O=C(Nc1cccc(-c2ccnc(Nc3cccc(-c4ccccc4)c3)c2)c1)c1cccc(-c2ccccc2F)c1,-9.5,3.209698773663657,29_983
O=C(Nc1ccc2ccccc2c1)c1cccc(-c2cccc(-c3nc4ccccc4[nH]3)c2)c1,-9.4,3.3407103331057586,29_984
O=C1Nc2cc(-c3cccc(-c4ccc(Cl)c(Cl)c4)c3)ccc2-c2ccccc2N1c1ccccc1,-7.9,2.142046443124507,29_985
O=C(c1cccc(-c2cccc(-c3cccc(-c4ccccc4F)c3)c2)c1)N1CCN2CCC[C@H]2C1,-9.45,3.2707771746209913,29_986
O=C(Nc1cccc(-c2cccc(-c3nc4cc(F)ccc4[nH]3)c2)c1)c1ccco1,-8.2,3.5282335316697253,29_987
O=C(Nc1nc(-c2ccccc2)nc2c1nnn2Cc1ccccc1)c1cccc(-c2ccccc2F)c1,-9.0,3.384956103849033,29_988
O=C(c1cccc(-c2cc(-c3ccc4c(c3)OCCO4)ccn2)c1)N1CCNCC1,-8.0,3.6752981533494005,29_989
O=C1CCC=CC(c2ccccc2C(=O)O)Cc2c(cccc2-c2ccc3c(=O)[nH]ccc3c2)NC(=O)C(Cc2ccccc2)=N1,-7.4,0.9591997128360861,29_990
O=c1[nH]c(-c2cccc(-c3cccc(-c4cccc(-c5nc6c(ccc7c(=O)[nH]ncc76)o5)c4)c3)c2F)nc2ccccc12,-10.3,3.316404184011485,29_991
Oc1nc(NN=Cc2cn(-c3ccccc3)nc2-c2ccccc2F)sc1-c1ccccc1Nc1ccccc1Cl,-8.0,3.0560687185439184,29_992
O=C(Nc1ccc2c(c1)OCO2)c1cccc(-c2cccc(-c3ccc4c(c3)OCO4)c2)c1,-8.7,3.5558758405007613,29_993
C#Cc1cccc(Nc2ncnc3ccc(NC(=S)Nc4ccccc4[N+](=O)[O-])cc23)c1,-7.9,3.2753183216784416,29_994
COc1ccc(N2CC(C(=O)Nc3ccccc3C(=O)N3CCOCC3)CC2=O)cc1,-7.7,3.6647485925839516,29_995
Oc1cccc(-c2cc(-c3cccc(F)c3)nc3c2Cc2ccccc2C3O)c1,-8.9,3.5333991740824002,29_996
O=C(Nc1cccc2ccccc12)c1cccc(-c2cccc(-c3cccc(-c4cccc(F)c4)c3)c2)c1,-9.5,3.089476916355295,29_997
O=C1C=C(c2ccccc2)[CH]Oc2ccccc2-c2cc(-c3ccccc3)ccc2NC1=O,-8.4,1.1555265807636217,29_998
ON=C(O)Cc1ccccc1,-4.8,3.041366861084194,29_999
O=C(Nc1cccc(-c2cccc(-c3cc4ccccc4[nH]3)c2Br)c1)Nc1ccccc1-c1ccccc1F,-8.2,3.0226727532122815,29_1000
O=C(Nc1ccccc1)c1cccc(-c2cccc(-c3ccc4c(c3)OCO4)c2)c1,-8.3,3.4955491490960098,29_1001
Cc1c(-c2cccc3ccccc23)nc2ccc(F)cc2c1-c1cccc(-c2cccc(C(F)(F)F)c2)c1,-10.9,2.9610519782622635,29_1002
Oc1cccc(-c2cc(-c3cccc(F)c3)nc3c2Cc2cccc(O)c2-3)c1,-8.5,3.5382346254688546,29_1003
O=C(Nc1[nH]nc2cc(-c3cc4ccccc4o3)ccc12)c1cccc(-c2ccc3c(c2)OCO3)c1,-8.4,3.3656394716705136,29_1004
N#C/C(=C\c1ccc(-c2cccc(C(=O)O)c2)o1)C(=O)Nc1ccccc1C(=O)Nc1cccc2ccccc12,-7.9,3.159139176182942,29_1005
O=C1C=Cc2ccccc2CC23C(=N1)C=CC2CN=CN3O,-6.5,1.1849729635843582,29_1006
O=C(Nc1nc2ccc(NC(=O)c3ccccc3F)cc2s1)c1ccccn1,-7.4,3.6972655281851745,29_1007
O=C(Nc1cccc(-c2cccc(-c3cccc(O)c3)c2)c1)c1cccc(F)c1,-8.8,3.530658454037773,29_1008
COc1c(C=CC=CCC(=O)Nc2ccc3oc(-c4ccccc4)nc3c2)ccc2[nH]c(=O)c3ccccc3c12,-7.3,3.231957144036551,29_1009
O=C(c1cccc(-c2cccc(F)c2)c1)N1CCN(c2ccc3cccnc3n2)CC1,-8.4,3.6296170423679737,29_1010
O=C(Nc1cccc(-c2cccc(-c3nc4cc(F)ccc4[nH]3)c2F)c1)c1ccco1,-8.5,3.5190888214990395,29_1011
Cn1c(-c2cccc(-c3cccc(NC(=O)c4ccco4)c3)c2)nc2ccccc21,-8.0,3.5578405378150535,29_1012
COC(=O)c1ccccc1NC(=O)COc1ccccc1Nc1nc(Nc2cccc(C(F)(F)F)c2)nc2ccccc12,-9.0,3.0460146433262034,29_1013
O=C(Nc1cccc(-c2cccc(-c3nc4ccccc4[nH]3)c2)c1)c1ccccc1-c1ccccc1,-8.633333333333333,3.3039417341933515,29_1014
CCNc1cc(Cl)ccc1C=NC(=NC(C)=NC(=O)c1cccc(S(=O)(=O)Nc2ccccc2)c1)c1ccccc1,-7.5,3.3216827489440037,29_1015
O=C(Nc1cccc(-c2cccc(-c3nc4cc(C(F)(F)F)ccc4[nH]3)c2)c1)c1ccccc1,-8.200000000000001,3.31558797004833,29_1016
O=C(c1cccc(-c2cccc(-c3nc4ccccc4[nH]3)c2)c1)N1CCN(c2ccccc2F)CC1,-9.5,3.4648144352837686,29_1017
COC=CC=C(C)/C=C/C(=O)N1CCC(c2nc(-c3ccc4ccccc4n3)no2)CC1C,-6.8,3.501072316098561,29_1018
CC(=O)Nc1ccc(-c2c3ccccc3nc3ccccc23)cc1,-7.3,3.489877981603022,29_1019
O=C(c1cccc(-c2ccccc2CO)c1)N1CCN(c2ccccc2)CC1,-7.5,3.707267284029577,29_1020
O=c1c2ccccc2nc(-c2cc(-c3ccccc3)nc(-c3ccccc3)c2)n1-c1cccc(-c2ccccc2)c1,-8.9,3.2409944128798935,29_1021
O=C(Nc1cccc(-c2cccc(F)c2)c1)C1CCN(c2cnc3ccccc3n2)CC1,-7.8,3.6627403967071146,29_1022
O=C(Nc1cccc(-c2cccc(-c3nc4cc(F)ccc4[nH]3)c2)c1)Nc1ccccc1O,-8.5,3.275155491453156,29_1023
O=C(Nc1cnccc1C(=O)Nc1nc(-c2ccccc2)c[nH]1)Nc1ccccc1-c1ccccc1,-9.1,3.31625024961953,29_1024
Cn1c(-c2cccc(-c3cccc(NC(=O)c4ccccc4)c3)c2)nc2ccccc21,-8.416666666666666,3.3942752104154073,29_1025
COc1cccc(-n2ncc3cc(Nc4nc(-c5ccccc5)ncc4C(=O)c4ccccc4)ccc32)c1,-9.4,3.2764311505643526,29_1026
O=C(Nc1cccc(-c2cccc(-c3nc4ccccc4[nH]3)c2)c1)c1ccccc1,-8.375,3.442730724240592,29_1027
O=C(Nc1ccc2c[nH]nc2c1)c1cccc(-c2cccc(-c3ccccc3)c2)c1,-8.4,3.442730724240592,29_1028
Cc1cc2cccc(-c3cccc(-c4cccc(C(=O)N5CCCC5)c4)c3)c2o1,-9.1,3.392796032624608,29_1029
O=C1c2ccccc2C(=O)N1c1cccc2cc3c(cc12)c1ccccc1n3Cc1ccccc1Cl,-7.8,3.181532938777326,29_1030
O=C(Nc1cccc(C(=O)N2CCOCC2)c1)c1cccc(-c2cccc(-c3ccc4c(c3)OCO4)c2)c1,-8.0,3.5165313751660845,29_1031
O=C(NCc1ccc(F)cc1)c1cccc(-c2cccc(-c3cccc(-c4ccccc4Oc4ccccc4)c3)c2)c1,-8.1,2.9870625323369695,29_1032
O=C(NN=Cc1ccc2ccccc2c1)c1cccc(-c2cccc(-c3nc4ccccc4[nH]3)c2)c1,-9.1,3.3166705970001296,29_1033
O=C(Nc1cccc(-c2nc3ccccc3[nH]2)c1)c1ccccc1C(=O)c1ccccc1,-8.6,3.4477235054253423,29_1034
Cn1c(-c2cccc(-c3cccc(C4CCC(n5c(O)c[nH]c5=O)CC4)c3)c2)nc2ccccc21,-8.6,3.480639070788205,29_1035
O=C(Nc1ccc2c(c1)OCCO2)Nc1ccccc1C(=O)Nc1cccc(-c2ccc3c(c2)OCO3)c1,-9.1,3.3751902071154807,29_1036
OCCC#Cc1ccc2c(-c3cccc(F)c3)cc(-c3ccc(O)cc3)nc2c1,-7.7,3.5205573727803277,29_1037
O=C(NCc1nc2ccccc2c(=O)n1-c1ccc(F)cc1)c1cccc(-c2cccc(C(=O)Nc3ccccc3F)c2)c1,-8.5,3.2453568369978116,29_1038
O=C(c1cccc(-c2cccc(-c3cccc(-c4ccccc4F)c3)c2)c1)N1CCNCC1,-9.32,3.508189933556279,29_1039
O=C(Nc1cccc(-c2cccc(-c3nc4ccccc4[nH]3)c2)c1)c1ccccc1-c1ccccc1,-8.633333333333333,3.3039417341933515,29_1040
O=C(c1cccc(Cc2n[nH]c(=O)c3c2CCCC3)c1)N1CCN(c2cccc(Cl)c2)CC1,-8.8,3.6714807672878553,29_1041
O=C(Nc1cccc(-c2cccc(-c3ccc4c(c3)OCCO4)c2Cl)c1)c1ccccc1-c1ccccc1,-8.4,3.3019531143974374,29_1042
O=C1Nc2ccccc2C12CCN(c1nccc(-c3cccc(-c4cccc5ccccc45)c3)n1)CC2,-9.3,3.3599039167768145,29_1043
O=C1C=C(c2cccc(-c3c(Cc4ccccc4)cnc4c(C(F)(F)F)cccc34)c2)c2ccccc21,-9.0,3.2179247701673566,29_1044
COc1cc(Nc2cccc(F)c2)c2cc(-c3ccc4c(ccn4C)c3)[nH]c2c1,-8.0,3.469618528887869,29_1045
O=C(Nc1cccc(-c2cccc(-c3cccc(C(=O)N4CCOCC4)c3)c2)c1)c1ccccc1,-8.8,3.5759240999335113,29_1046
O=C(NCc1cccc(NC(=O)c2cccc(-c3ccccc3)c2)c1)c1ccc2ccccc2c1,-7.8,3.246969444011698,29_1047
Cn1c(-c2cccc(-c3cccc(NC(=O)c4ccccc4F)c3)c2)nc2ccccc21,-8.68,3.3956733809905395,29_1048
Cc1cccc(-c2nc(-c3cccc(-c4ccc5c(c4)C(=O)NC5=O)c3)cnc2N)c1,-8.7,3.570862570606758,29_1049
O=P(O)(Nc1cccc(-c2cccc(-c3cccc4ccccc34)c2)c1)Oc1ccccc1,-7.7,3.3027095711097534,29_1050
O=C(Nc1ccccc1-c1cccc2c1[nH]c1ccccc12)c1cccc2c1-c1ccccc1C2=O,-9.8,3.294223287680315,29_1051
O=C(O)C=CC=CCc1ccc(-c2cccc(-c3cccc(C(=O)N4CCOCC4)c3)c2)o1,-7.1,3.6025595122853833,29_1052
C=S1C(=Nc2cccc(C(F)(F)F)c2)NN=C1c1c(O)c2cc(F)c(N3CCN(C)CC3)c3c2n1C([CH]C)O3,-7.2,3.2908211194047743,29_1053
O=C(CN1Cn2nc(-c3cccc4ccccc34)cc2C=N1)ONc1cccc(-c2ccc3ccccc3c2)c1,-8.7,3.329458764349326,29_1054
CC1=CC=C(CNC(=O)C(c2ccc3c(c2)OCO3)N2CCN(c3ccc(F)cc3F)CC2C)C1,-7.8,3.5315014568114864,29_1055
O=C(Nc1cccc(-c2cccc(-c3nc4cc(F)ccc4[nH]3)c2)c1)c1ccccc1,-8.345454545454546,3.4293586076098226,29_1056
C=C1C=CC=C(c2ccc(C=C3C(C)=C(C#N)c4nc(N)c(C#N)c(C)c43)cc2)C2=CCC=CC2=C1,-8.0,1.4798427245608208,29_1057
O=C(Nc1cccc(Br)c1)Nc1nc2ccccc2n1-c1cc(-c2ccccc2F)nc2ccccc12,-9.0,3.406605845740203,29_1058
Cn1c(-c2cccc(-c3cccc(NC(=O)c4ccccc4)c3)c2)nc2ccccc21,-8.416666666666666,3.3942752104154073,29_1059
N#Cc1ccc(-c2cccc(-c3cccc(-c4ccccc4F)c3)c2)cc1C(F)(F)F,-8.4,3.1586631190549497,29_1060
O=c1c2ccccc2nc2n1-c1ccccc1CN2c1cccc(C(F)(F)F)n1,-9.2,3.5890952716031386,29_1061
O=C(Nc1cccc(-c2cccc(-c3nc4cc(C(F)(F)F)ccc4[nH]3)c2)c1)c1cccc(C(F)(F)F)c1,-8.0,3.248946671823277,29_1062
Nc1c(CC2=C(c3ccccc3F)N=C3[C@@H](Cc4ccccc4)OC[C@H]3O2)ccc2ccc3ccccc3c12,-9.6,3.2115073580049787,29_1063
O=C(Nc1cccc(-c2cccc(-c3nc4cc(F)ccc4[nH]3)c2)c1)c1ccccc1,-8.345454545454546,3.4293586076098226,29_1064
O=C(Nc1cc(-c2cccc(-c3ccc4c(c3)OCCO4)c2Cl)[nH]n1)c1ccccc1,-7.6,3.633636146158275,29_1065
O=C(Nc1cccc(-c2cccc(N3CCCC3)n2)c1)Nc1ccc(Cl)c(C(F)(F)F)c1,-8.5,3.640419895469822,29_1066
O=C(N[C@H]1CCN(Cc2ccccc2)C[C@@H]1c1ccccc1)c1cccc(-c2cccc(-c3nc4cc(F)ccc4[nH]3)c2)c1,-8.4,3.2333064631683417,29_1067
Cc1cccc(-n2c(=O)c3sc4ccccc4c3n(CC(=O)Nc3cccc(F)c3)c2=O)c1,-7.5,3.592918877372158,29_1068
O=C(Nc1cccc(C(=O)N2CCOCC2)c1)c1cc(-c2cccc3ccccc23)nc2ccccc12,-8.9,3.503703430253939,29_1069
O=C(NN=C1c2ccccc2-c2nc3ccccc3nc21)c1ccccc1Oc1ccccc1,-9.0,3.4928511368433175,29_1070
CN(C)c1cccc(-c2cccc(-c3cc(-c4cccc(C(=O)O)c4)c4ccccc4c3)c2)c1,-9.2,3.3168789880772938,29_1072
O=C(c1ccc(Nc2nccc(-c3cccc(-c4ccccc4)c3)n2)cc1)N1CCN2CCC[C@H]2C1,-9.7,3.5343047834962196,29_1073
O=C(Nc1cccc(-c2cccc(-c3nc4ccccc4[nH]3)c2)c1)c1ccccc1[N+](=O)[O-],-8.0,3.4096800621533636,29_1074
O=C(Nc1cccc(-c2cccc(-c3nc4cc(F)ccc4[nH]3)c2F)c1)c1ccccc1,-8.5,3.443853177840764,29_1075
Cn1ccc(C=C2C=CC(Cn3cc(-c4cccc(-c5cccc(-c6cccc(F)c6)c5)c4)nn3)=C2)c1,-8.6,3.3173457051932016,29_1076
O=C(Cc1ccc(F)cc1N=Cc1ccccc1)N[C@H]1C=C[C@@]2(O)[C@H]3Cc4ccc(O)c5c4[C@@]2(CCN3CC2CC2)[C@H]1O5,-7.7,3.052631778127246,29_1077
Fc1cccc(Cn2c3ccccc3c3nc4ccccc4nc32)c1,-8.6,3.451229960508421,29_1078
O=C(c1cccc(Cc2n[nH]c(=O)c3c2CCCC3)c1)N1CCN(c2cccc(I)c2)CC1,-7.9,3.57831711619,29_1079
O=C(Nc1cccc(Oc2cccc(-c3ccc4c(c3)OCO4)c2)c1)c1ccccc1,-8.1,3.5382269701725964,29_1080
O=C(Nc1cccc(-c2cccc(-c3ccccc3)c2)c1)c1cccc(C(F)(F)F)c1,-8.4,3.3040276133142337,29_1081
O=C(c1cccc(-c2cccc(C(=O)N3CCN(c4ccc5ccccc5n4)CC3)c2)c1)N1CCOCC1,-9.0,3.4909163322482772,29_1082
C1=CNCC(c2cn(-c3cccc(-c4ccc5c(c4)OCCO5)c3)nn2)=C1,-8.3,3.664095074295835,29_1083
O=C(CC1C=CC(c2cccc(-c3cc(-c4ccc5c(c4)OCO5)cc4cccnc34)c2)=C1)N=C(CO)C(=O)O,-7.5,3.3289319051654003,29_1084
O=C(C1CC[C@H]2CN(Cc3ccccc3)C[C@@H]2C1)N1CCc2[nH]cnc2C1,-7.0,3.4870173726316698,29_1085
c1ccc[nH]ncccc(-c2cccc(-c3cccc(-c4ccc5c(cnc6ccccc65)c4)c3)c2)ccc1,-8.6,0.9113885942153139,29_1086
Oc1cccc2cc3c(ccc4ccccc43)nc12,-7.0,3.2504031360944983,29_1087
N#Cc1ccccc1C(=O)Nc1cccc(-c2ccc3c(c2)OCCO3)c1,-7.9,3.734857277493997,29_1088
O=C(Nc1cccc(-c2cccc(-c3ccccc3)c2)c1)c1ccccc1C(=O)N1CCOCC1,-9.2,3.5759240999335113,29_1089
Cc1ccc(-c2cccc(-c3cccc(-c4cccc(C(=O)N(C)C)c4)c3)c2)cc1,-8.9,3.277291928685881,29_1090
CC(C)[CH]N=C(c1ccccc1)c1ccccc1N(C=O)Cc1cccc(-c2cccc(CN3CCOCC3)c2)c1,-5.7,3.2015944773165113,29_1091
Cn1c(-c2cccc(-c3cccc(NC(=O)c4ccccc4)c3)c2)nc2ccccc21,-8.416666666666666,3.3942752104154073,29_1092
C#CC=CC=CCC(C[C@H](O)[C@@H](NC(=O)C(Cc1ccccc1)NC(=O)OC(C)(C)C)C(C)C)C(=O)N[C@@H]1c2ccccc2C[C@H]1O,-6.5,2.9471334007563397,29_1093
O=C(Nc1cccc(-c2ccnc3cc(-c4ccc5c(c4)OCO5)ccc23)c1)c1cccc(C(F)(F)F)c1,-9.4,3.4334409776163746,29_1094
Cc1ccc(Oc2cccc(-c3cccc(-c4cc(-c5cccc(C#N)c5)cs4)c3)c2)cc1,-8.5,3.156366299811242,29_1095
O=[N+]([O-])c1cccc(-c2cccc(-c3cccc(-c4cccc(-c5ccncc5Cl)c4)c3)c2)c1,-9.5,3.251787286940247,29_1096
O=C(c1cccc(-c2cccc(-c3cccc4ccccc34)c2)c1)N1CCN(Cc2ccc3c(c2)OCO3)CC1,-9.4,3.2556855982733137,29_1097
COC1=CC=C(CNC(=O)c2ccc3c(c2)N(Cc2cccc(F)c2)C(=O)c2ccccc2[Se]3=O)OC=C1,-8.4,2.5575706580405013,29_1098
O=C(Nc1cccc(-c2cccc(-c3ccccc3)c2)c1)c1cccnc1Nc1cccc(C(F)(F)F)c1,-8.5,3.237115715277857,29_1099
O=C(Nc1cccc(-c2cccc(-c3nc4ccccc4[nH]3)c2)c1)c1ccccc1F,-8.575,3.4293586076098226,29_1100
O=C(Nc1ncc(S(=O)(=O)c2ccc3c(c2)OCO3)s1)c1cccc(Cl)c1,-7.3,3.6875902596069308,29_1101
Fc1cccc(Cc2cccc(-c3cccc(-c4ccc5c(c4)OCCO5)c3F)c2)c1,-8.2,3.408279847749181,29_1102
O=C(Nc1cccc(-c2cccc3ccccc23)c1)c1cccc(-c2cccc(-c3cccc(-c4ccccc4F)c3)c2)c1,-9.4,2.9319615900351637,29_1103
O=C(Nc1cccc(-c2cccc(-c3cccc(C(F)(F)F)c3)c2)c1)c1ccccc1,-8.35,3.3040276133142337,29_1104
Cn1c(-c2cccc(-c3cccc(-c4ccc(NC(=O)Nc5ccccc5C(F)(F)F)cc4)c3)c2)nc2ccccc21,-9.0,3.240177718187831,29_1105
O=C(Nc1cccc(-c2cn3ccnc3c(NCc3ccncc3)n2)c1)Nc1cccc(-c2cccc(F)c2F)c1,-9.1,3.1900727637891984,29_1106
CN(Cc1cccc(-c2cccc(C(F)(F)F)c2)c1)C(=O)c1cccc(-c2cccc(-c3cccc(C(=O)NCCc4ccccc4)c3)c2)c1,-7.4,2.995062292037028,29_1107
O=Cc1c(-c2ccc(Br)cc2)oc2cc(OCc3ccc(Cl)cc3)cc(OCc3ccccc3)c12,-8.1,3.242853158615192,29_1108
O=C1C=CC(=O)c2c1cccc2C(=O)Nc1cccc(-c2cccc(-c3cccc(-c4cccc(F)c4)c3)c2)c1,-8.4,3.315367082476227,29_1109
Nc1nc(-c2cccc(Cl)c2)nc2cn(-c3ccccc3)nc12,-7.3,3.701545432561881,29_1110
O=C(c1cccc(C(F)(F)F)c1Cl)n1c2ncccc2c2nc3ccccc3nc21,-8.4,3.476320109724127,29_1111
O=C1c2ccccc2C(=O)c2c1cc(Nc1cccc(-c3nn[nH]n3)c1)c1ccccc21,-8.8,3.528572325835488,29_1112
O=C(Nc1cc(F)c(F)c(F)c1)c1cccc(-c2cccc(-c3cccc(-c4cccc(O)c4)c3)c2)c1,-9.0,3.249930418467928,29_1113
Cn1c(-c2cccc(-c3cccc(NC(=O)c4ccccc4)c3)c2)nc2ccccc21,-8.416666666666666,3.3942752104154073,29_1114
O=c1[nH]c(O)c(-c2cc(F)ccc2-c2cccc(-c3cccs3)c2)[nH]1,-6.8,3.614668984566036,29_1115
O=c1c2c3c(sc2ncn1Cc1cccc2ccccc12)CC(NCc1ccco1)CC3,-7.3,3.5646183967263516,29_1116
O=C(Nc1cccc(-c2cccc(-c3cccc(-c4nc(=O)o[nH]4)c3)c2)c1)c1ccccc1,-9.2,3.52713626249494,29_1117
O=C(CN=c1c2ccccc2nc2n1CCCC2)N1CCN(c2ccc(F)cc2)CC1,-8.3,3.611109262418026,29_1118
O=C(NC1CC1)c1cccc(-c2ccc3[nH]c(C4C=NC=CC4)cc3c2)c1,-7.8,3.5528857485933925,29_1119
CCc1c(C(=O)Nc2ccc3ccccc3n2)cc(-c2ccccc2)n1-c1ccccc1,-7.0,3.451085008949031,29_1120
O=C(Nc1cccc(-c2cccc(C(=O)N3CCOCC3)c2)c1)c1cccc(C(F)(F)F)c1,-8.339999999999998,3.7403303840440163,29_1121
Cn1c(-c2cccc(-c3cccc(-c4cccc(C(=O)N5CCOCC5)c4)c3)c2)nc2ccccc21,-9.5,3.417921183135963,29_1122
O=C(Nc1cccc(Oc2ccc3c(C=Cc4ccccc4)[nH]nc3c2)c1)c1ccccc1Cl,-7.5,3.424322569305865,29_1123
O=C(Nc1cccc(F)c1)Nc1cc(Cl)ccc1C(=O)O,-7.1,3.60205191888762,29_1124
O=C(Nc1cccc(-c2cc(-c3cccc(-c4ccccc4F)c3)ccn2)c1)c1ccccc1Cl,-9.4,3.327890336005721,29_1125
Cc1ccc(NC(=O)Cn2c(=O)n(-c3cccc(C(F)(F)F)c3)c(=O)c3ccccc32)cc1,-7.9,3.7137621537205403,29_1126
O=C1CC(=Nc2cccc(-c3ccc4c(c3)OCO4)c2)c2ccccc2C1=O,-8.1,3.5212628908793038,29_1127
O=C(Cc1nc2ccccc2n1Cc1ccccc1C(F)(F)F)Nc1cccc2c1-c1ccccc1C2=O,-8.2,3.4662182278889357,29_1128
O=C(Nc1cncc(-c2cccc(-c3cccc(-c4ccccc4OC(F)(F)F)c3)c2)c1)c1ccccc1,-8.3,3.266144381534937,29_1129
CC(C)(C)OC(=O)N[C@H](CNc1cccc(-c2cccc(C(=O)N3CCOCC3)c2)c1)c1ccccc1,-7.3,3.615349649957202,29_1130
O=C1CC[C@](c2cccc(-c3ccccn3)c2)(c2cccc(-n3ccnc3)c2)C(=O)N1,-8.0,3.6527309594047845,29_1131
O=C(CSc1nnc(-c2cc3ccccc3[nH]2)o1)Nc1ccccc1F,-6.6,3.630314143702804,29_1132
O=C(Nc1cccc(-c2ccccc2F)c1)c1cccc(-c2cccc(-c3ccc4c(c3)OCO4)c2)c1,-9.3,3.274475212885916,29_1133
O=C(Nc1cccc(-c2cccc(-c3cc4ccccc4c(=O)[nH]3)c2Cl)c1)c1ccccc1F,-8.3,3.390470821756372,29_1134
C=COC(C=Nn1c(C)cnc1-c1ccc2c(c1)OCO2)=CC=CN(CC)CCNC(=O)c1cc2ccccc2[nH]1,-6.8,3.14395516724332,29_1135
O=C1c2ccccc2C(=O)c2c1ccc(-c1cccc3cccc(Br)c13)c2Cl,-7.5,3.389839862628583,29_1136
O=C(O)C1C[C@@H](c2ccccc2)CN1S(=O)(=O)c1ccc(-c2cccc(Cl)c2)cc1,-7.4,3.740716310246971,29_1137
O=C(Nc1cccc(-c2ccccc2F)c1)Nc1cc(-c2ccccc2)nc2ccccc12,-9.2,3.3811793231927068,29_1138
O=C(Nc1ccccc1N1CCN(C(=O)c2cc3ccccc3[nH]2)CC1)c1cccc(Cl)c1Cl,-8.4,3.588636123992725,29_1139
O=C(Nc1ccc2[nH]nc(-c3cccc(-c4ccc5c(c4)OCCO5)c3)c2c1)c1ccccc1,-9.1,3.485854379703305,29_1140
O=C(Cc1ccccc1F)Nc1cccc(-c2cccc(-c3ccc4c(c3)OCO4)c2)c1,-8.0,3.5845500159591284,29_1141
O=C(Nc1ccccc1Br)c1ccccc1Nc1ccc2c(C=Cc3ccccn3)[nH]nc2c1,-8.2,3.3946986237304975,29_1142
O=C(NCCc1ccccc1)c1cccc(-c2cccc(-c3cccc(-c4nc(=O)c5ccccc5[nH]4)c3)c2)c1,-9.2,3.323334188868974,29_1143
CO[C@@H]1[C@H](O)[C@@H](COP(=O)(O)OC[C@@H]2CC[C@H](c3ccccc3)OO2)O[C@H]1N(C=O)C=CC=O,-5.7,2.7972847888638417,29_1144
Oc1cccc(-c2cc(-c3cccc(F)c3)nc3c2Cc2cccc(O)c2-3)c1,-8.5,3.5382346254688546,29_1146
O=C(Nc1cccc(-c2cscn2)c1)c1cccnc1NCc1ccncc1,-7.8,3.6741084296472266,29_1147
NS(=O)(=O)Cc1cccc(-c2cc(Nc3cccc(NC(=O)Nc4cccc(C(F)(F)F)c4)c3)ncc2Cl)c1,-7.9,3.262471420903759,29_1148
CC1=CC=C(N2C(=O)/C(=C/c3cccc(OCc4ccccc4)c3)c3ccccc3S2=O)OC=C1,-7.4,2.5084043430897776,29_1149
O=C(Nc1cccc(-c2cccc(-c3ccccc3)c2)c1)c1ccccc1-c1ccccc1,-8.3,3.1672347217296952,29_1150
O=C(N1CCOCC1)N1CCN(c2ncnc3c2nc(-c2ccccc2Cl)n3-c2ccc(Cl)cc2)CC1,-8.1,3.4592940898518334,29_1151
O=C(Nc1ccccc1C(=O)O)c1cccc(-c2cccc(-c3ccccc3F)c2)c1,-8.4,3.547581463615728,29_1152
O=C(O)c1ccccc1-c1nc2c3c(ccc2[nH]1)C(=O)c1ccccc1C3=O,-8.7,3.6389997683554904,29_1153
Cc1noc(-c2cc3cc(-c4cc(C(=O)Nc5ccccc5)nn4C)ccc3[nH]2)n1,-7.2,3.561466157526846,29_1154
O=c1c2ccccc2c(O)cn1-c1ccc(Nc2c3ccccc3nc3ccc(Cl)cc23)cc1,-8.3,3.419415062276655,29_1155
O=C(Nc1cccc(-c2cc3cc(F)ccc3[nH]2)c1)c1cc2ccccc2cc1O,-7.8,3.3752525887343516,29_1156
O=C(Nc1cccc(-c2ccc3c(c2)OCCO3)c1)c1cccc(-c2cccc(-c3cccc(-c4nc5ccccc5[nH]4)c3)c2)c1,-8.6,3.1737735185725127,29_1157
O=C(c1ccc(-n2nc(C(F)(F)F)cc2-c2cccc(-c3ccccc3F)c2)cc1)n1c(=O)c2ccccc2c2ccccc21,-9.6,3.080297521351671,29_1158
O=C(c1ccc(-c2cccc(-c3ccccc3OC(F)(F)F)c2)s1)c1ccccc1F,-7.9,3.3912845012464503,29_1160
O=C1c2ccccc2C(=O)c2c1nnn2-c1ccccc1F,-7.9,3.656111157573811,29_1161
Cc1cc(C)nc(Nc2cccc(-c3cccc(-c4ccc5c(c4)OCO5)c3)c2)c1,-8.3,3.590098046803366,29_1162
O=C(Nc1ccc(F)cc1)c1cccc(-c2ccc3c(c2)OCO3)c1,-8.3,3.7216072498983364,29_1163
O=C(Nc1ccc2c(c1)OCO2)N1c2ccccc2C=Cc2ccccc21,-8.5,2.573815511517423,29_1164
O=C(Nc1cccc(-c2cccc(-c3cccc(C(=O)N4CCOCC4)c3)c2)c1)c1cccc(C(F)(F)F)c1,-8.92,3.537920848713541,29_1165
O=S(=O)(Nc1cc(Cl)ccc1Cl)c1cccc(-c2cccc(-c3cccc(F)c3)c2)c1,-8.6,3.527366846423599,29_1166
O=C(c1cccc(-c2cccc(-c3nc4ccccc4[nH]3)c2)c1)N1CCN(c2ccc(F)cc2)CC1,-9.0,3.4648144352837686,29_1167
CN(CCN[C@H]1CCCN(c2ncccn2)C1)c1cccc2c1-c1ccccc1C2=O,-7.6,3.658998662703829,29_1168
C=C(C=CC=CC(=O)Nc1cccc(-c2cccc(-c3nc4cc(F)ccc4[nH]3)c2)c1)C(F)(F)F,-7.3,3.2179065294994498,29_1169
N#Cc1ccc(Oc2cccc(-c3cc4ccccc4nc3N3CCCC3)c2)cc1,-7.5,3.5714282985486827,29_1170
O=C(Nc1nccs1)c1cccc(-c2cccc(-c3cccc(-c4nc5cc(F)ccc5[nH]4)c3)c2)c1,-9.5,3.4443156200306415,29_1171
O=C(Nc1ccc2c(c1)OCO2)c1cccc(-c2cccc(C3=Cc4ccccc4-c4ccccc4C3)c2)c1,-9.4,2.209820939551908,29_1172
O=C(Nc1ccc(F)cc1)c1cccc(-c2cccc(-c3cccc(C(=O)N4CCCC4)c3)c2)c1,-8.7,3.491852587260654,29_1173
O=C(Nc1cccc(-c2ccnc3cc(-c4cccc(C(F)F)c4)cnc23)c1)c1cccc(C(F)(F)F)c1,-8.3,3.3303326354504557,29_1174
O=C(O)c1cccc(-c2cccc(-c3cc(C(=O)O)cc(-c4cccc(-c5cc[nH]n5)c4)c3)c2)c1,-9.4,3.3522462491180747,29_1175
O=C(Nc1cccc(-c2cccc(-c3cccc(F)c3)c2)c1)c1cccc(-c2ccc3c(c2)OCCO3)c1,-8.8,3.336123944050671,29_1176
Cc1nn(-c2ccccc2)c(C)c1N=CC1C(=O)c2ccccc2C1=O,-7.1,3.6189453590069247,29_1177
O=C(c1cccc(-c2cccc(-c3cccc(-c4ccccc4F)c3)c2)c1)N1CCN2CCC[C@H]2C1,-9.45,3.2707771746209913,29_1178
N#Cc1ccccc1-c1cccc(-c2cccc(C3CCN(C(=O)c4cccc(S(=O)(=O)N5CCCC5)c4)CC3)c2)c1,-7.7,3.3526624525743993,29_1179
NC(=O)c1cnc(Nc2ccccc2C(F)(F)F)nc1NC1C=CC=CN1,-7.6,3.5203729326858313,29_1180
O=C(c1ccc(-c2ccc3c(c2)OCO3)cc1)c1ccc2c(c1)OCO2,-7.0,3.5629825227276752,29_1181
O=C(Nc1cccc(Nc2cccc(-c3cccc(-c4cccc(F)c4)c3)c2)c1)c1ccccc1F,-7.9,3.270513352924639,29_1182
CC(=O)Nc1ccc(S(=O)(=O)N(c2cccc(C#N)c2)c2sc3ccccc3c2C)cc1,-7.5,3.6577330010425992,29_1183
O=C(c1cccc(-c2cccc(Nc3nccc(C(F)(F)F)n3)c2)c1)N1CCNCC1,-8.2,3.7358789742976697,29_1184
O=C1NC(=S)N(c2ccccc2)C(=O)/C1=C\c1cccc(-c2cccc(Oc3ccccc3)c2)c1,-9.2,3.4353491512266627,29_1185
O=C(Nc1cccc(-c2cccc(-c3cccc4c(=O)cc(N5CCOCC5)oc34)c2)c1)c1ccccc1F,-9.3,3.4479227032399518,29_1186
O=C(NCc1nccn1CCCc1ccccc1)N[C@H]1CCc2ccccc21,-6.1,3.688898317367217,29_1187
O=C(CNc1cc(S(=O)(=O)N2CCOCC2)ccc1Nc1ccccc1)Nc1ccc(C(=O)OCc2ccccc2F)cc1,-7.6,3.1427555370967744,29_1188
O=[N+]([O-])c1cccc(-c2cccc(-c3cccc(-c4cccc(-c5cccc(O)c5)c4)c3)c2)c1,-9.7,3.2698196104691117,29_1189
O=C(Nc1cccc(-c2cccc(-c3cccc(C(=O)N4CCOCC4)c3)c2)c1)c1ccc(-c2ccccc2)cc1,-8.4,3.328409941359162,29_1190
O=C(Nc1cccc(-c2cccc(-c3nc4cc(F)ccc4[nH]3)c2)c1)Nc1cccc(C(F)(F)F)c1,-8.899999999999999,3.169812286139635,29_1191
C=Cc1ccccc1N(c1ccc2ccccc2c1)c1nc2ccccc2s1,-8.1,3.30815448019454,29_1192
Cn1c(-c2cccc(-c3cccc(C(=O)NC4C=Cn5cc(-c6cccc7ccccc67)nc54)c3)c2)nc2ccccc21,-9.2,3.3158899858638486,29_1193
O=c1cc(-c2ccc3c(c2)OCO3)nc2ccccn12,-7.2,3.6152603528251084,29_1194
O=C(c1cccc(-c2cccc(-c3cccc(-c4ccccc4F)c3)c2)c1)N1CCN2CCC[C@H]2C1,-9.45,3.2707771746209913,29_1195
O=C(Nc1cccc(-c2cccc(F)c2)c1)O[CH]c1cc2ccccc2n1-c1ccccc1Oc1ccccc1,-7.9,3.2804073333987245,29_1196
CCn1c2ccccc2c2cc(C3=CN=CC=CC(C4=CC=CC4)=N3)ccc21,-7.6,1.5815575807132833,29_1197
O=S(=O)(Nc1cccc(-c2cnc3ccccc3c2)c1)c1cccc(-c2cccc(-c3ccccc3)c2)c1,-6.2,3.340866059486892,29_1198
O=C(Nc1cccc(Cl)c1)c1cccc(S(=O)(=O)N2CCCCC2)c1,-7.2,3.7836381487041857,29_1199
O=C(Nc1nc2ccc(F)cc2s1)c1cccc(-c2cccc(-c3nc4cc(F)ccc4[nH]3)c2)c1,-8.5,3.477814202418113,29_1200
COc1cccc(C(=O)Nc2ccccc2N2CCCC2)c1,-6.6,3.7249979084322735,29_1201
O=C(Nc1cccc(-c2cccc(C(=O)N3CCOCC3)c2)c1)c1ccccc1Cc1ccccc1,-8.2,3.555624119521971,29_1202
Cc1ccc(F)cc1N=C(NCC(=O)ONc1ccc2c(c1)OCO2)c1cccc2ccccc12,-8.9,3.413216037077564,29_1203
Cn1c(-c2cccc(-c3cccc(NC(=O)Nc4ccco4)c3)c2)nc2ccccc21,-8.4,3.5212164610000465,29_1204
O=C(Nc1cccc(-c2cc(-c3ccccc3)nc(-c3ccccc3)c2)c1)c1ccccc1,-9.7,3.350491010135002,29_1205
O=C(NCc1ccccc1Cn1cccc1C(=O)O)c1cccc(-c2cccc(-c3ccccc3)c2)c1,-8.1,3.3558573278186166,29_1206
O=C(Nc1ccc2c(c1)nc1n2CCOC1)c1cccc(-c2cccc(-c3ccc4c(c3)OCO4)c2)c1,-8.2,3.404027770475924,29_1207
C=c1ccccc1=C(C=CC(=O)n1ccc(=O)cc1)c1cccc(-c2cc3ccccc3o2)c1,-8.1,3.423509373244107,29_1208
Cc1ccc(-c2cccc(-c3ccc4c(c3)OCO4)c2)cc1-c1nc(-c2ccccc2)c[nH]1,-8.8,3.419010327203388,29_1209
O=C(Nc1cc(-c2ccccc2)nc(-c2ccccc2)c1)c1cccc(-c2cccc(-c3ccc4c(c3)OCO4)c2)c1,-8.4,3.162197621711224,29_1210
O=C(NCCN1CCC(c2cc3c4c(cccc4c2)CC3)CC1)c1cccc2c1-c1ccccc1C2,-8.1,3.227132578476409,29_1211
NC(=O)c1c(NC(=O)CNCc2ccco2)sc2c1CCC2,-6.0,2.4732347357006743,29_1212
O=C(Nc1cccc(-c2cccc(C(=O)N3CCOCC3)c2)c1)c1cccc(C(F)(F)F)c1,-8.339999999999998,3.7403303840440163,29_1213
O=C(Nc1cccc(-c2cccc(-c3ccccc3)c2)c1)c1ccccc1Nc1cccc(-c2cccc(F)c2)c1,-9.0,3.09234394184797,29_1214
Cc1ccc(NC(=O)c2cccc(-c3cccc(F)c3F)c2)cc1-c1cccc(-c2ncco2)c1,-7.2,3.360254123537084,29_1215
O=C(Nc1cccc(-c2cccc(-c3cccc(C(=O)N4CCOCC4)c3)c2)c1)c1ccccc1,-8.8,3.5759240999335113,29_1216
NCc1c(NC(=O)c2ccccc2-c2ccccc2C(=O)Nc2cccc(C(F)(F)F)c2)cccc1-c1ccc2c(c1)OCO2,-8.2,3.179652941713546,29_1217
Cc1ccc(Oc2cccc(-c3cccc(C(=O)NC(C)C)c3)c2)cc1,-7.1,3.5969478968019795,29_1218
O=c1nc2occc2cn1Cc1cccc(Nc2ccc3ccccc3c2)c1,-8.6,3.579946132945632,29_1219
O=C(Nc1cccc(-c2cc3ccccc3[nH]2)c1)c1cccc(-c2cccc(-c3nc4cc(F)ccc4[nH]3)c2)c1,-8.8,3.181839994085949,29_1220
CC(=O)OC[C@H]1OC(N2C=C(COc3ccc4c(c3)C(=O)N(c3ccc5c(c3)OCO5)C4)ON=N2)C(=O)N=C1Nc1ccccc1,-8.8,2.9681245850142934,29_1221
O=C(Nc1cccc(-c2cn3ccnc3c(NCc3ccncc3)n2)c1)c1ccccc1,-7.8,3.5432436089207457,29_1222
O=C(Nc1nc2ccccc2[nH]1)c1cccc(-c2cccc(C(=O)N3CCOCC3)c2)c1,-9.4,3.6770398955989587,29_1223
CCN(CCC(=O)c1cc(-c2cccc(-c3cccc(C(F)(F)F)c3)c2)[nH]n1)c1ccccc1,-7.9,3.493409976076498,29_1224
O=c1ccccc(S(=O)(=O)N2CCCC[C@H]2c2ccc3ccccc3c2)cc2c(ccc3ccccc32)[nH]1,-6.9,1.274055281960563,29_1225
O=C(Nc1cccc(-c2cccc(C(=O)N3CCOCC3)c2)c1)c1ccccc1-c1ccccc1C(=O)Nc1cccc(C(F)(F)F)c1,-7.8,3.2014576166613615,29_1226
O=C1NCc2ccc(Nc3nc(-c4ccccc4)nc4ccccc34)cc21,-9.5,3.6510480228832582,29_1227
O=c1[nH]c2cccc(Oc3cccc(-c4cccc(-c5ccccc5F)c4)c3)c2[nH]1,-9.2,3.4625344233457667,29_1228
O=C(CCCn1c(=S)[nH]c2cc3c(cc2c1=O)OCO3)NCc1ccccc1Cl,-7.0,3.6672458781229875,29_1229
O=C(Nc1ccc2c(c1)OCO2)N1CCN2CC1C1C=CC=CN1c1cc(Cl)ccc12,-8.1,2.4419127639867257,29_1230
O=C(Nc1cccnc1)c1ccccc1Nc1ccc2c(C=Cc3ccccn3)[nH]nc2c1,-7.3,3.4575067667716524,29_1231
NC(C=CCC=NC(=O)c1cccc(C(F)(F)F)c1)c1cc(Nc2cccc(C(F)(F)F)c2)ncn1,-6.5,3.4159143965724974,29_1232
O=C(Nc1cccc(-c2cn3ccnc3c(NCc3ccncc3)n2)c1)Nc1cccc(C(F)(F)F)c1,-8.24,3.351509113506621,29_1233
O=C(NCCCF)NC1(CO)c2ccccc2[C@H]1c1cccc(-c2cccc(F)c2F)c1,-7.4,3.504583190028694,29_1234
O=C(Cc1cccc(OC(F)(F)F)c1)Nc1cccc(-c2cccc(-c3cccc(-c4nc5ccccc5[nH]4)c3)c2)c1,-9.0,3.2384318143892044,29_1235
O=C(Nc1cccc(-c2cccc(-c3nc4cc(F)ccc4[nH]3)c2)c1)c1ccccc1,-8.345454545454546,3.4293586076098226,29_1236
O=C(Nc1cccc(Oc2ccc3c(c2)C(=O)NC3=O)c1)c1ccccc1,-8.3,3.697428398783477,29_1237
O=C(Nc1cccc(-c2cccc(-c3ccccc3)c2)c1)c1cccc(-c2ccccc2)c1,-8.85,3.1672347217296952,29_1238
O=C(Nc1cccc(-c2cccc(-c3nccs3)c2)c1)c1ccccc1Oc1ccccc1,-7.5,3.45736190511817,29_1239
O=CCN=C[C@@H](NC=O)c1cccc(-c2cccc(-c3ccccc3F)c2)c1,-7.0,3.585519243913365,29_1240
Cc1ccc(-c2cc(-n3c(O)c4ccccc4cc3=O)[nH]n2)cc1,-7.8,3.6544881789473633,29_1241
NS(=O)(=O)C=C1C=CC(N=Cc2cncc3c2C=CC3c2cccc(-c3ccccc3OC(F)(F)F)c2)=C1,-7.7,3.478656634138436,29_1242
N=C(N)N/N=C/c1cccc(-c2cccc(-c3cccc(-c4cccc(Cl)c4)c3)c2)c1,-9.3,3.293863172175313,29_1243
O=C1c2ccccc2C(=O)c2c1c1ccccc1c(=O)n2Cc1cccc(-c2ccccc2)c1,-8.0,3.3463041072413597,29_1244
N#Cc1ccccc1-c1cccc(N2C(=O)C3(CCN(CCc4ccccc4F)CC3)c3ccccc32)c1,-8.1,3.358569205473271,29_1245
COC1=CC=Cc2cccc(-c3cccc(-c4cccc(-c5cccc(C(F)(F)F)c5)c4)c3)c2CC1=O,-9.1,1.4608880657912087,29_1246
O=C(Cc1ccccc1)NC(c1cccc2ccccc12)c1cccc2ccccc12,-7.9,3.2321497161767714,29_1247
O=c1[nH]c(O)c(C=Nc2cccc(-c3cccc(-c4nccs4)c3)c2)c(=O)[nH]1,-7.8,3.5415715168374273,29_1248
O=C(CC1C(=O)Nc2ccccc2N1C(=O)c1ccc(F)cc1)Nc1cccc(C(=O)Nc2ccccc2)c1,-7.8,3.474808157903756,29_1249
O=C(Nc1cc(F)cc(-c2nc3cc(-c4ccccc4)ccc3o2)c1)c1cccc(-c2ccccc2F)c1,-8.6,3.368536978996113,29_1250
O=C1c2ccccc2C(=O)c2c1cc(Nc1c3ccccc3nc3ccccc13)cc2[N+](=O)[O-],-8.8,3.333610912486848,29_1251
O=C1C=CC=CC(c2ccccc2)CC(c2cc(Nc3cccc(C(F)(F)F)c3)ncn2)CC=CC=N1,-8.3,1.4486371159252132,29_1252
O=c1nc(-c2ccccc2)c2cc(-c3ccccc3Oc3ccccc3)ccc2n1-c1ccccc1,-8.6,3.354415686666145,29_1253
O=C1CC=NC=C(F)C1,-4.2,2.0742777757157596,29_1254
C=CC(=O)Nc1cc(-n2cnc3ccccc32)ccc1Nc1nc(-c2cccc(NC(C)=O)c2)cs1,-8.4,3.211690752542424,29_1255
O=C(Nc1ccccc1C(=O)N1CCCC1)c1cccc(-c2cccc(-c3ccc4c(c3)OCO4)c2)c1,-8.8,3.4881972509971733,29_1257
COc1cc(NC(=O)Nc2ccc3c(c2)OCO3)ccc1NC(=O)c1cc2ccccc2o1,-7.3,3.525369722629277,29_1258
O=C(Nc1ccccc1C(=O)N1CCCC1)c1cccc(-c2cccc(C(F)(F)F)c2)c1,-7.9,3.6596735782183822,29_1259
O=C(O)c1cccc(-c2cccc(C=Cc3cc(-c4cccc(-c5ccccc5)c4)ccc3O)c2)c1,-8.1,3.1839717900747417,29_1260
O=c1[nH]c(O)c(Cc2cccc(-c3cccc4ccccc34)c2)s1,-7.7,3.611108690389461,29_1261
O=C(CSc1nnc(-c2cccc(-c3cccc4ccccc34)c2)o1)Nc1ccccc1C(F)(F)F,-5.5,3.415778544528862,29_1262
O=C(c1cccc(-c2cccc(-c3cccc(C(F)(F)F)c3)c2)c1)N1CCN2CCC[C@H]2C1,-8.75,3.4231086818631784,29_1263
Oc1ccc(-c2nc(-c3cccc(-c4ccc5ccccc5c4)c3)no2)cc1,-8.1,3.529175526072249,29_1264
O=C(Nc1cccc(-c2ccnc3cc(Oc4ccc(F)cc4Cl)ccc23)c1)c1cccc(C(F)(F)F)c1,-8.2,3.1992664069677517,29_1265
O=C(Cc1cccc(N2C(=O)c3cccc4cccc(c34)C2=O)c1)Nc1cccc(C(=O)N2CCOCC2)c1,-8.0,3.47126642361437,29_1266
O=C(Nc1cc(F)cc(-c2ccc3cnc4ccccc4c3c2)c1)c1cccc(-c2cccc(-c3ccc4c(c3)OCO4)c2)c1,-10.0,3.0580756435123213,29_1267
O=C(c1cccc(-c2cccc(-c3cccc4ccccc34)c2)c1)N1CCN(C(=O)c2cccc3ccccc23)CC1,-9.8,3.1497144483216615,29_1268
O=C(Nc1cc(-c2cccc(-c3nc4cc(F)ccc4[nH]3)c2)ccn1)c1ccccc1,-8.6,3.5232238236880367,29_1269
Cc1ccccc1C(=O)Nc1ccccc1NC(=O)c1cccc(-c2ccc3ccccc3c2)c1,-8.5,3.2276657441202845,29_1270
Fc1ccc(-c2cc(-c3nc(-c4ccccc4)c(-c4ccccc4)[nH]3)c3ccccc3n2)cc1,-8.5,3.3465049106475164,29_1271
O=C(Nc1cccc(-c2cn3ccnc3c(NCc3ccncc3)n2)c1)Nc1cccc(C(F)(F)F)c1,-8.24,3.351509113506621,29_1272
CC(=O)Oc1ccccc1C(=O)Nc1cccc(-c2ccc3c(ccn3C)c2)c1,-7.0,3.574883876971403,29_1273
O=C(NCCc1ccccc1)c1cccc(-c2cccc(-c3ccc(C(=O)Nc4cccc5ccccc45)cc3)c2)c1,-8.0,3.137354215917317,29_1274
O=[N+]([O-])c1cc(-n2cc(-c3c4ccccc4cc4ccccc34)nn2)ccc1/N=N/c1ccccc1,-8.1,3.1015784829358752,29_1275
O=C1N=C(CC=C(Cl)CCl)C1Nc1cccc(-c2cccc(N3CCCC3)c2)c1,-6.3,3.558164429926582,29_1276
O=C(Nc1cccc(-c2cccc(C(=O)N3CCOCC3)c2)c1)c1cccc(C(F)(F)F)c1,-8.339999999999998,3.7403303840440163,29_1277
CCCn1c(-c2ccccc2)cc(C(=O)Nc2cccc3ccccc23)c1C,-7.1,3.4658314663313066,29_1278
O=C(c1cccc(S(=O)(=O)N2CCc3ccccc32)c1)N1CCN(c2ccccc2F)CC1,-8.3,3.6422563121007605,29_1279
COC=C1C=CC(NC(=O)c2ccccc2-n2c(-c3cccc(-c4cccc(OC)c4)c3)nn(-c3ccc(C)cc3)c2=O)=C1,-7.6,3.2502513767230914,29_1280
O=c1[nH]c2cc(Cl)ccc2c(=O)n1-c1cccc(-c2cnc3ccccc3c2)c1,-8.3,3.5973255752393998,29_1281
O=C(Nc1nc(-c2ccccn2)cs1)c1ccccc1-c1ccccc1C(=O)Nc1ccccc1-c1ccccc1,-8.5,3.291667625806151,29_1282
O=C(Nc1cccc(-c2ccc3c(c2)OCCO3)c1)c1cccc(-c2cc3ccccc3o2)c1,-8.2,3.476379787001619,29_1283
O=C(Nc1cccc(-c2cccc(C(=O)N3CCOCC3)c2)c1)c1cccc(-c2cccc3ccccc23)c1,-8.733333333333334,3.392862095706997,29_1284
N#Cc1ccccc1-c1ccc(-c2cccc(-c3cccc(-c4cccc(C(=O)NC5CC5)c4)c3)c2)cc1,-7.8,3.2184391062450564,29_1285
O=S(=O)(Nc1cccc(F)c1)c1ccc(-c2cnc(C3CC3)o2)cc1,-6.4,3.7880654585749425,29_1286
O=C(Nc1ccc(C2=CCN(C(=O)c3cccs3)CC2)cc1)N1Cc2ccccc2C1,-6.65,3.6119354433834054,29_1287
N#Cc1cccnc1-c1cccc(-c2cccc(-c3cccc(C(=O)N4CCN5CCC[C@H]5C4)c3)c2)c1,-9.5,3.4537668127159136,29_1288
C[C]1C2C[C@H]3[C@@H](CC(=O)C4C/C(=N/OC[C@@H]5CCCN5)CC[C@@]43C)[C@@H]1CC=C1C(=O)N(c3cccc4ccccc34)C(=O)C12,-8.1,2.1365726207220836,29_1289
O=C(Nc1cccc(-c2cccc(-c3cc4ccccc4c(=O)[nH]3)c2F)c1)c1ccccc1,-8.5,3.4087497031609577,29_1290
Oc1ccc(Cc2nc(-c3ccccc3)cc(-c3cccc(Cl)c3)n2)cc1,-8.0,3.5991806057873514,29_1291
O=C(Nc1cccc(-c2cccc(-c3nc4cc(C(F)(F)F)ccc4[nH]3)c2)c1)Nc1cccc(C(F)(F)F)c1,-8.4,3.166478582640681,29_1292
Cc1c(C#N)c(-c2ccc(C#N)cc2)c(C)n1-c1c(F)cccc1F,-7.0,3.6736800752918164,29_1293
O=C(Nc1ccc2c(c1)N(S(=O)(=O)c1cccc(F)c1)CCC2)c1cccc(Cl)c1,-8.0,3.742419090352029,29_1294
O=C(Nc1cccc(-c2cccc(-c3cccc(-c4cccc(O)c4)c3)c2)c1)c1ccccc1,-9.0,3.303194323964135,29_1295
C=CC(=O)Nc1cc(Nc2cc(-c3cc(-c4cccc(C(=O)NC(C)C)c4)nn3CCC)ccn2)ccn1,-7.8,3.3245328539945715,29_1296
O=C(Nc1cccc(Oc2ccccc2)c1)c1cccc(-c2cccc(-c3cccc(-c4ccccc4Cl)c3)c2)c1,-8.0,3.0739484548757416,29_1297
O=C(Nc1cccc(-c2ccc3ccccc3c2)c1)c1ccccc1Nc1cccc(-c2cc3ccccc3[nH]2)c1,-9.2,3.066447652499018,29_1298
Cc1ccc(-n2ncc3c(=O)n(CC(=O)Nc4ccc(C)c(C)c4)cnc32)cc1,-7.8,3.7275840324880676,29_1299
O=c1c(-c2cc(F)c(O)c(F)c2)nc2cncnc2n1-c1ccccc1F,-7.9,3.6825353561566523,29_1300
O=C(Nc1cccc(-c2cccc(-c3ccccc3)c2)c1)c1ccc(Cl)cc1,-7.9,3.36114714487573,29_1301
O=C(Nc1ccccc1)c1cc(-c2cccc(-c3cc4ccccc4[nH]3)c2)ccc1O,-8.1,3.331987280344489,29_1302
O=C(Nc1cccc(-c2nc3ccccc3[nH]2)c1)Nc1cccc(-c2cccc3ccccc23)c1,-9.3,3.279702185078224,29_1303
O=C(Nc1ccc(Cl)cc1)OC(c1ccccc1)c1nc2ccccc2nc1N1CCOCC1,-7.8,3.6404817516498986,29_1304
Cn1c(-c2cccc(-c3cccc(C(=O)Nc4cccc(-c5nc(=O)o[nH]5)c4)c3)c2)nc2ccccc21,-9.1,3.382655523196429,29_1305
O=C(Nc1ccc(-c2cccc(-c3cnccn3)c2)cc1)c1cccc2ccccc12,-8.1,3.5099894925382,29_1306
O=C(NC(=S)Nn1cnnc1)c1cccc(-c2cccc3c(=O)cc(N4CCOCC4)oc23)c1,-8.1,3.4446330621924193,29_1307
Cc1c(C(=O)NCCCO)cccc1C1C=c2nccc(-c3cccc(NC(=O)c4ccc(C(F)(F)F)cc4)c3)c2=C1,-7.8,3.358359694604708,29_1308
O=C(N[C@H]1C=C[C@@]2(O)[C@H]3Cc4ccc(O)c5c4[C@@]2(CCN3CC2CC2)[C@H]1O5)c1cc2ccccc2[nH]1,-7.5,3.170140985685305,29_1309
O=C(NCc1cccnc1)c1cc(-c2ccc3c(ccc4ccccc43)c2)n(-c2ccccc2)n1,-8.8,3.357450674495399,29_1310
COc1ccnc(-c2cccc(-c3cccc(C(=O)Nc4cccc(C#N)c4)c3)c2)c1-c1ccccc1,-8.0,3.343747135978586,29_1311
Nc1nc2ccccc2cc1-c1cccc(-c2cccc(-c3ccccc3F)c2)c1,-9.0,3.362739663424119,29_1312
O=C(c1cccc(-c2cccc(-c3cccc(Cl)c3)c2)c1)N1CCNCC1,-7.7,3.611464471633507,29_1313
COc1ccnc2c1=CC=CC1(C=COC(c3cccc(-c4cccc(C(=O)N5CCCC5)c4)c3)=C1)C=2,-9.9,2.4354130332805797,29_1314
COc1ccc2c(c1)[n+]([O-])c(-c1ccc3c(c1)OCO3)c(-c1ccccc1)[n+]2[O-],-7.0,3.5637072155105725,29_1315
Oc1c2ccccc2c(O)c2c3c(ccc12)=NC(=C1C=c2ccccc2=N1)N=3,-7.7,3.3402223998817275,29_1316
O=C(NC(=O)c1ccccc1)Nc1cccc(-c2cccc(-c3nc4cc(C(F)(F)F)ccc4[nH]3)c2)c1,-8.7,3.2852790019788527,29_1317
O=C(Nc1ccccc1C(=O)O)c1ccc(-c2cccc(-c3cccc(-c4cccc(-c5cccc(F)c5)c4)c3)c2)cc1,-9.1,3.085549259769058,29_1318
O=C(c1cccc(-c2ccc3cccc(F)c3c2)c1)N1CCN(c2ccccc2F)CC1,-8.5,3.455142312195833,29_1319
Cn1c2ccccc2c2cc(NC(=O)c3cccc(-c4cccc(C(=O)N5CCCCC5)c4)c3)ccc21,-8.0,3.418936969737905,29_1320
O=C(Nc1cccc(-c2cccc(C(=O)NC3CCCC3)c2)c1)c1cccc(C(F)(F)F)c1,-8.1,3.586813319218928,29_1321
CC(=CC=CCl)n1ncc2c(Nc3ccc4c(c3)OCCO4)ncnc21,-6.6,3.696011232818973,29_1322
O=C(Nc1cccc(-c2cccc(-c3nc4ccccc4n3O)c2)c1)c1ccccc1F,-8.3,3.480387279472722,29_1323
O=C(Nc1ccccc1O)c1cccc(-c2ccc3ccccc3c2)c1,-8.1,3.46360724706352,29_1324
O=C(c1cccc(-c2cccc(C(=O)N3CCN(c4ccccc4F)CC3)c2)c1)N1CCOCC1,-8.5,3.5987838392028464,29_1325
O=C(c1cccc(-c2cccc(-c3cccc(F)c3)c2)c1)N1CCN(c2ccccc2)CC1,-8.733333333333334,3.426094808724147,29_1326
CCn1cc(-c2cc3c(-c4cccc(N5CCCC6(CCCC6)C5)c4C)ncnc3[nH]2)cn1,-7.9,3.5437123397621457,29_1327
O=C(Nc1ccc(-c2nc3cc(NC(=O)c4cccc(F)c4)ccc3[nH]2)cc1)c1ccccc1,-7.6,3.43444665238202,29_1328
O=C(Nc1cccc(-c2cccc(-c3nc4cc(F)ccc4[nH]3)c2)c1)Nc1cccc(C(F)(F)F)c1,-8.899999999999999,3.169812286139635,29_1329
O=c1[nH]ccc2cc(F)c(NS(=O)(=O)c3cccc(-c4ccc5ccccc5c4)c3)cc12,-8.1,3.5365583186784795,29_1330
O=C(Nc1cccc(-c2cccc(-c3nc4cc(C(F)(F)F)ccc4[nH]3)c2)c1)c1cccc(F)c1,-8.2,3.2512717517338245,29_1331
O=C(CN1CC[C@@H](CNC(=O)c2cccc3[nH]c(-c4cccs4)cc23)C1)Nc1ccc(F)c(F)c1,-7.7,3.5279883692848806,29_1332
O=C(Nc1ccc2c(c1)N(C(=O)c1ccccc1)CC2)c1ccccc1-c1ccccc1,-7.9,3.5375398700368126,29_1333
O=C(CNc1cccc(C(F)(F)F)c1)N/N=C/c1ccc2c(c1)OCO2,-6.8,3.6131177485069217,29_1334
O=C(Nc1cccc(-c2cccc(-c3nc4cc(F)ccc4[nH]3)c2)c1)c1ccccc1-c1ccccc1,-8.55,3.297956728102947,29_1335
NC(=O)c1cccc(Oc2nc3ccccc3nc2Nc2cccc(-c3ccccc3F)c2)c1,-9.2,3.500224898131772,29_1336
CC1=CC=C(c2cc(-c3cc(-c4ccccc4)c4cc(F)ccc4n3)ccc2C)NC=C1,-8.9,2.424535616617436,29_1337
CC(C)(C)OC(=O)N[CH]C1CCCC/C=C\[C@@H]2C[C@@]2(C(=O)NS(=O)(=O)c2ccccc2)NC(=O)C2C[C@@H](OC(=O)N3Cc4ccccc4C3)CN2C1=O,-8.1,1.360756549263051,29_1338
CN(c1ccccc1)[C@@H](CO)c1cccc(-c2cccc(-c3cccc(-c4ccccc4C#N)c3)c2)c1,-7.8,3.291647798143087,29_1339
Nc1ccc2nc(-c3ccc4c(ccc5ccccc54)c3)oc2c1,-8.3,3.36079206999555,29_1340
O=C(c1cccn2c(=O)c3ccccc3nc12)N1CCC(Nc2nc3ccccc3n2Cc2ccc(F)cc2)CC1,-8.7,3.393309369606036,29_1341
O=C(Nc1cccc(-c2cccc(-c3nc4cc(F)ccc4[nH]3)c2F)c1)c1ccccc1,-8.5,3.443853177840764,29_1342
O=C(Nc1ccccc1Oc1ccccc1)c1cccc(-c2cccc(-c3ccc4c(c3)OCO4)c2)c1,-8.2,3.307658872530484,29_1343
O=S(=O)(Nc1cccc(-c2cccc(-c3ccccc3Cl)c2)c1)c1cccc(-c2ccc3c(c2)OCO3)c1,-9.4,3.3042524350199187,29_1344
O=C(Nc1cccc(-c2cccc(-c3cccc(F)c3)c2)c1)c1cccs1,-7.8,3.516030935852065,29_1345
O=C(CNC(=O)c1cccc(F)c1)N/N=C/c1ccc2ccccc2c1,-6.6,3.632040540676756,29_1346
O=C(O)c1ccc(-c2cccc(-c3cc(-c4ccc5c(c4)OCO5)cc4cccnc34)c2)cc1,-8.5,3.398747434084064,29_1347
O=C(c1ccc2c(-c3cccc(-c4ccccc4F)c3)cccc2c1)N1CCC(Cc2cccc(F)c2)CC1,-9.7,3.0395729529300497,29_1348
O=C(Nc1cccc(-c2cccc(-c3nc4cc(C(F)(F)F)ccc4[nH]3)c2)c1)c1ccccc1-c1ccccc1,-8.266666666666667,3.1412476074542717,29_1349
Cn1c(-c2cccc(-c3ccc4ncc(C#N)c(Nc5cccc(C(F)(F)F)c5)c4c3)c2)nc2ccccc21,-9.0,3.398120216085249,29_1350
C=C1Cc2c(O)cccc2-c2nc(C3C=CC=CO3)cc(-c3cccc(Cl)c3)c21,-7.7,3.499644097321913,29_1351
O=C(Nc1ccc(Oc2ccnc3[nH]ccc23)c(F)c1)c1cc2cccnc2n(-c2cccc(-c3ccc4ccccc4c3)c2)c1=O,-9.8,3.217011992884125,29_1352
O=C1NC(=O)C(c2c[nH]c3ccccc23)C1=Nc1cccc(-c2cccc(-c3ccccc3F)c2)c1,-9.4,3.2972840085696395,29_1353
Cc1cc(Nc2ccc([N+](=O)[O-])cc2)nc(-c2ccccc2)n1,-6.9,3.6662115090104903,29_1354
O=c1cc(Nc2cccc(-c3cccc(-c4cccc(-c5nn[nH]n5)c4)c3)c2)cn[nH]1,-9.3,3.4670280876505277,29_1355
O=C(Nc1cccc(/C=C/c2ccc3cccc(Cl)c3n2)c1)c1cccc(F)c1,-7.7,3.5667858095087506,29_1356
O=C(O)c1nccc(-c2cccc(-c3cccc(-c4cccc5ccccc45)c3)c2)n1,-9.1,3.4886180710006105,29_1357
O=C(Nc1ccc(-c2cccc(-c3nccs3)c2)o1)c1cccc2c1-c1ccccc1C2=O,-8.1,3.5257991741862176,29_1358
O=C1c2ccccc2C(=O)c2c1c1ccccc1c(=O)n2Cc1ccccc1[N+](=O)[O-],-8.1,3.513047786650307,29_1359
N#Cc1ccccc1-c1cccc(-c2nnc(-c3ccc(F)cc3)o2)c1,-6.9,3.6598030208942127,29_1360
Cn1c(-c2cccc(-c3cccc(-c4cc(C(=O)O)nc5ccccc45)c3)c2)nc2ccccc21,-9.7,3.3938062933919513,29_1361
O=C(Nc1cccc(-c2cccc(-c3nc4ccccc4[nH]3)c2)c1)c1ccccc1Cl,-8.100000000000001,3.4275165588605,29_1362
O=C(Cn1c(-c2cccs2)cc2ccccc21)N1CCN(c2cccc(C(F)(F)F)c2)CC1,-7.7,3.5786911317746872,29_1363
O=C(Nc1cccc(-c2cccc(-c3ccccc3OC(F)(F)F)c2)c1)c1ccccc1F,-8.2,3.3779879760107585,29_1364
O=C(Nc1nnc(-c2cccs2)o1)c1cccc(-c2cccc3c(=O)cc(N4CCOCC4)oc23)c1,-8.6,3.407822172779026,29_1365
O=c1[nH]c2c3cc(cc2cc1-c1cccc(-c2ccccc2F)c1O)CO3,-7.9,3.59162026534541,29_1366
Cn1c(-c2cccc(-c3cccc(NC(=O)c4cccc(C(F)(F)F)c4)c3)c2)nc2ccccc21,-8.149999999999999,3.449135448355882,29_1367
O=c1c2cnc3ccccc3c2ncn1CCN1CCN(c2cccc(C(F)(F)F)c2)CC1,-7.8,3.597871057648613,29_1368
Cc1ccc(NC(=O)Cn2ccn3nc(-c4cc5cccc(Cl)c5o4)cc3c2=O)cc1C,-7.4,3.6098026632138382,29_1369
O=C1c2ccsc2C(=O)c2c1cccc2-c1nc2cc(Br)ccc2[nH]1,-7.3,3.6703192362885986,29_1370
Cc1ccc(-n2cnc(-c3cc4ccccc4s3)cc2=O)c2ccccc12,-7.9,3.4201294740622905,29_1371
O=C(c1cccc(-c2nc(=O)c3ccccc3[nH]2)c1F)N1CCN(c2ncccn2)CC1,-8.9,3.673125461468392,29_1372
O=C(Nc1cccc(Cl)c1F)c1ccc(-c2cccc(-c3cccc(-c4ccccc4F)c3)c2)cc1,-7.6,3.17225425520516,29_1373
O=C(CNc1ccccc1C(=O)Nc1ccc2c(c1)oc1ccccc12)Nc1ccccc1C(F)(F)F,-8.6,3.3630697335540223,29_1374
O=C(Nc1nc(-c2ccccn2)cs1)c1ccccc1Oc1cccc(C(F)(F)F)c1,-7.8,3.6240726479374654,29_1375
O=C(Nc1ccccc1)c1ccccc1N=C1CC(=O)c2ccccc21,-7.8,3.693962734459112,29_1376
O=C1c2ccccc2C2(C(=O)Nc3ccccc32)c2ccccc21,-6.7,3.4366185846936403,29_1377
O=C(Nc1ccccc1)c1cnn(-c2nc3ccccc3n2Cc2ccccc2F)c1-c1ccccc1,-7.7,3.3853867051072624,29_1378
COc1ccccc1CCC=Nc1cccc(S(=O)(=O)N2CCCC2)c1,-6.0,3.6661876079179274,29_1379
O=C(Nc1nccs1)c1cccc(-c2cccc(-c3cccc(-c4cccc(C(=O)N5CCOCC5)c4)c3)c2)c1,-9.8,3.4121120565682057,29_1380
O=C(Nc1cccc(-c2cccc(-c3nc4cc(F)ccc4[nH]3)c2)c1)c1ccccc1,-8.345454545454546,3.4293586076098226,29_1381
O=C(Nc1nc(-c2ccccc2)nc2c1nnn2Cc1ccccc1)c1cc(-c2ccc3c(c2)OCCO3)nc2ccccc12,-9.3,3.2467622760228676,29_1382
O=C(Nc1cccc(-c2cccc(C(=O)N3CCOCC3)c2)c1)c1cccc(C(F)(F)F)c1,-8.339999999999998,3.7403303840440163,29_1383
O=C(Nc1cccc(-c2cccc(-c3nc4cc(F)ccc4[nH]3)c2)c1)c1cccnc1Cl,-7.8,3.448639569744679,29_1384
O=C(Nc1cccc(-c2cccc(-c3nc4cc(F)ccc4[nH]3)c2)c1)c1ccccc1,-8.345454545454546,3.4293586076098226,29_1385
O=C(Nc1cccc(-c2cccc(-c3ccccc3F)c2)c1)c1ccco1,-8.1,3.5589681511462534,29_1386
O=C(NCc1ccc(F)cc1F)c1c(-c2cccc(Oc3ccccc3)c2)[nH]c2ccccc12,-7.5,3.3074011617445676,29_1387
O=C(Nc1cccc(-c2cccc(-c3nc4cc(F)ccc4[nH]3)c2)c1)c1ccccc1F,-8.609999999999998,3.443853177840764,29_1388
O=C(Oc1cccc(-c2cc(-c3ccccc3)nc3ccc4ccccc4c23)c1)c1ccccc1F,-8.1,3.1063927644918605,29_1389
O=C(N=Nc1c(O)[nH]c2ccc(F)cc12)c1ccc2[nH]cnc2c1,-7.0,3.5211557574059027,29_1390
O=C(Nc1cccc(-c2cccc3c(=O)cc(N4CCOCC4)oc23)c1)Nc1ccccc1-c1ccccc1,-9.2,3.4043227524113675,29_1391
O=C(Nc1cccc(S(=O)(=O)N2CCOCC2)c1)c1cc2ccccc2oc1=O,-7.3,3.6824764128821506,29_1392
O=C(c1cccc(Cc2n[nH]c(=O)c3c2CCCC3)c1)N1CCN(S(=O)(=O)c2ccc3c(c2)CCC3)CC1,-8.1,3.4739557343082232,29_1393
O=C(Nc1cccc(-c2cccc(-c3nccs3)c2)c1)c1cc(-c2ccccc2)nc2ccccc12,-8.4,3.4019908463823474,29_1394
O=C(Nc1ccc2ccccc2c1)n1nnc2ccccc21,-8.3,3.655621612197887,29_1395
O=C(Nc1ccc2c(c1)CCCN2C(=O)c1ccccc1)c1cccc(-c2ccc3c(c2)CCO3)c1,-8.3,3.4718818853628184,29_1396
O=C(Nc1nc(-c2ccc(F)cc2)cs1)c1cccc(-c2cccc(C(=O)N3CCOCC3)c2)c1,-8.5,3.648936957839706,29_1397
O=C(Nc1cccc(-c2cccc(C(F)(F)F)c2)c1)c1cccc(-c2cccc(-c3ccc4c(c3)OCO4)c2)c1,-8.9,3.27643453002898,29_1398
O=C(Nc1cccc(-c2cccc(-c3cccc(C(=O)N4CCOCC4)c3)c2)c1)c1cccc(C(F)(F)F)c1,-8.92,3.537920848713541,29_1399
COC=C1C(C(=O)N2CO[C@](CCNC3CCC(c4ccccc4)(c4ccccc4F)C3)(c3ccc(Cl)c(F)c3)C2)=CC(OC)=C1OC,-7.8,3.092982284052396,29_1401
Cc1ccc(NC(=O)c2cccc(-c3cccc(-c4ccccc4OC(F)(F)F)c3)c2)cc1,-7.6,3.5037108284505663,29_1402
O=C(c1ccccc1Nc1cccc(-c2nnco2)c1)N1CCN(c2cccc(C(F)(F)F)c2)CC1,-8.4,3.617831937756525,29_1403
O=C(Nc1ccccc1-c1cccc2[nH]c3ccccc3c12)c1cccc(C(F)(F)F)c1,-7.9,3.195677970832188,29_1404
CC=C1C(=O)Oc2cc(NC(=O)c3cccc(C(C)(C)C#N)c3)ccc21,-6.8,3.5867394693222465,29_1405
O=C(Nc1cccc(-c2cccc(-c3nc4ccccc4[nH]3)c2)c1)c1ccccc1-c1ccccc1,-8.633333333333333,3.3039417341933515,29_1406
Cc1ccc(-c2ccc3ccc(-c4cccc(C(=O)Nc5cccnc5)c4)nn23)cc1C,-8.0,3.5376259555079193,29_1407
Cc1cccc(-c2nn(-c3ccccc3)cc2-c2ccnc(-c3ccc4ccccc4c3)c2)c1,-8.1,3.2116019733026873,29_1408
O=C(Nc1ccc(F)cc1Cl)NC1CCC(c2cccc(NC(=O)c3cccc(F)c3F)c2)(c2ccccc2F)C1,-7.9,3.2647543793475995,29_1409
C[C@@H](O)[CH]N1O[C@H](c2cccc(-c3ccccc3OC(F)(F)F)c2)[C@@H](c2ccccc2)C1=CC(=O)O,-6.3,3.5790961478627246,29_1410
NC(=O)c1ccccc1-c1ccc(C2=CC=CC(c3cccc(-c4nn[nH]n4)c3)S2)cc1,-7.7,3.6244286011482165,29_1411
O=C(c1cccc(-c2cccc(-c3cccc4ccccc34)c2)c1)N1CCN(c2cccc(C(F)(F)F)c2)CC1,-9.350000000000001,3.155724006991007,29_1412
C=CC(=CC=COC)C=C(C)C(=N)Nc1cccc(C)c1NC(=O)c1cccc(C)c1,-6.5,3.2483460202767853,29_1413
C=CC1=C(C(=O)c2cc(O)c3c(O)c4c(O)cccc4c(O)c3c2O)C(=O)C(Sc2cccc(OC)c2)[C@]2(C)CC[C@@H](O)[C@](C)(Cn3cnc4ccccc4c3=O)[C@H]2C1,-8.6,1.239423226807081,29_1414
O=C(N[C@@H](Cc1ccccc1)c1nc(-c2ccc3c(c2)CCNC3=O)cs1)c1ccccc1F,-8.4,3.6231747549571156,29_1415
COc1cc(Nc2cccc(-c3cc(NC(=O)C4CNC(=O)C4)nn3CCc3ccccc3)c2)cc(OC)c1,-7.4,3.3848480053852104,29_1416
O=C(Nc1cc(-c2ccccc2)ncc1C=Cc1ccccc1)Nc1cccc2ccccc12,-8.0,3.3251092388289694,29_1417
O=Cc1cccc(C2Nc3ccccc3N=CC2C(=O)c2ccccc2I)c1,-7.4,2.553739683905375,29_1418
O=C(Cc1ccc2c(c1)CCO2)N1CCN(c2cccc(Cl)c2Cl)CC1c1ccccc1F,-7.5,3.514603231015755,29_1419
O=C(Nc1ccc2c(c1)oc1ccccc12)Nc1nc2ccccc2n1-c1cc(F)ccc1F,-8.6,3.492244196566686,29_1420
Cn1c(-c2cccc(-c3cccc(-c4cccc(C(=O)N5CCNCC5)c4)c3)c2)nc2ccccc21,-9.4,3.480167691596529,29_1421
O=C(Nc1c2ccccc2nc2ccccc12)c1cccc(-c2cccc(-c3cccc(C(=O)NC4CC4)c3)c2)c1,-8.8,3.221119624064607,29_1422
O=c1c2ccccc2ncn1-c1cccc(Br)c1-c1ccnc(-c2ccc3ccccc3c2)c1,-8.0,3.3821408561281525,29_1423
O=C(COc1cccc(-c2cc(-c3ccccc3)cc(-c3ccccc3)n2)c1)N1CCCC1,-8.9,3.5122172375231147,29_1424
O=C(Nc1cccc(-c2cc(-c3cccc(-c4ccccc4F)c3)[nH]n2)c1)c1ccccc1,-8.1,3.4045501256085924,29_1425
O=C(O)C1Cc2cc(I)c(Oc3ccc(O)c(CC4CC4)c3)cc2C1c1cccc(-c2cccc(O)c2)c1,-7.9,3.2027272380581606,29_1426
O=C(NCc1cccc(-c2cccc(CN3CCOCC3)c2)c1)c1cccc(-c2cccc(-c3c[nH]cn3)c2)c1,-8.1,3.362359517093868,29_1427
O=CN1[CH][C@H](CCCCc2cn(-c3ccccc3-c3cccc(C(F)(F)F)c3)nn2)c2ccccc2NC(=O)c2ccccc2N1c1ccccc1,-7.4,0.8530059619365753,29_1428
O=C1Nc2ccccc2C1=NN=C1c2ccccc2C(=O)c2ccccc21,-8.8,3.579314941258458,29_1429
O=C(c1ccccc1)N1CCC(c2nc(-c3ccccn3)no2)CC1,-7.3,3.7568751280141166,29_1430
O=C(Nc1cccc(C(F)(F)F)c1)c1cccc2c1-c1ccccc1C2(O)C(F)(F)F,-8.0,3.521691491990638,29_1431
O=C(Nc1cccc(-c2cc(Nc3cccc(C(F)(F)F)c3)ncn2)c1)Nc1cccc(C(F)(F)F)c1,-8.45,3.382684919693456,29_1432
O=C(NCc1ccc2c(c1)OCO2)c1cccc(-c2cccc(-c3cccc(-c4nc(=O)c5ccccc5[nH]4)c3)c2)c1,-9.3,3.3333305991661106,29_1433
O=C(Nc1nc2ccccc2[nH]1)c1cc(-c2ccccc2)nc2ccccc12,-9.4,3.5285019011244936,29_1434
NCc1cccnc1-c1cccc(-c2cccc(-c3cccc(C=NNC(=O)c4ccccc4)c3)c2)c1,-8.2,3.2106637185645175,29_1435
O=C(Nc1ccc(-c2nc3cc(C(F)(F)F)ccc3[nH]2)cc1)c1ccccc1,-7.2,3.598044931604586,29_1436
Cc1c(-c2cc3ccccc3c(=O)[nH]2)cccc1C1CC=CC=CCC(=O)N=CC=CC1,-8.3,1.393072211920924,29_1437
O=C(Nc1cccc(-c2ccnc(Nc3cccc(-c4ccncc4)c3)c2)c1)c1ccccc1,-8.1,3.4590179723575467,29_1438
O=CNC(F)c1cccc(-c2cccc(C(=O)N3CCOCC3)c2)c1,-7.3,3.688316406574627,29_1439
Nc1ccccc1NC(=O)CC1=CC(=NC2CCN(C(=O)c3cc4ccccc4nc3Nc3ccc(Cl)cc3)C2)C=C1,-7.1,3.205954741883477,29_1440
C=CSC(CC(=O)N=C1C=CC(OC)=CCC1)=NC(=O)c1ccccc1-c1ccc(C(F)(F)F)cc1,-6.9,2.513655216051335,29_1441
O=C(Nc1cccc(-c2cncc3ccccc23)c1)c1cccc(-c2cccc(-c3ccccc3F)c2)c1,-10.0,3.232139579593607,29_1442
O=C1CN=C(c2ccccc2Cl)c2cc(C(F)(F)F)ccc2N1Cc1cccc([N+](=O)[O-])c1,-6.9,2.5940425792503516,29_1443
O=c1ccn([C@@H]2O[C@H](CO)[C@@H](F)[C@H]2O)c(=O)[nH]1,-5.8,3.1616064975055203,29_1444
Cn1ncc2cc(-c3cnc4[nH]cc(C(=O)c5cccc(-c6cccc(-c7cnco7)c6)c5F)c4c3)ccc21,-8.6,3.313517828491028,29_1445
Cn1cc2c3c(cc(C(=O)N[C@@H](Cc4ccccc4)[C@H](O)CNC4CCOCC4)cc31)CCS(=O)(=O)CC2,-7.8,1.4818525432511742,29_1446
Cc1ccccc1NC(=O)c1ccccc1OCC(=O)Nc1cccc(C)c1C,-7.2,3.689484179678526,29_1447
O=C(c1cccc(-c2cccc(-c3ccc4c(c3)OCCO4)c2F)c1)N1CCN2CCC[C@@H]2C1,-8.9,3.45314607710506,29_1448
O=S(=O)(Nc1cccc(-c2ccccc2)c1)c1cc2cc(-c3ccc4c(c3)OCCO4)ccc2[nH]1,-8.4,3.480903958726765,29_1449
O=C(Nc1cccc(-c2cccc(-c3nc4cc(C(F)(F)F)ccc4[nH]3)c2)c1)c1ccccc1,-8.200000000000001,3.31558797004833,29_1450
CN(C)c1nc(SCC#N)nc(-c2ccccc2)c1C#N,-5.9,3.624081767605485,29_1451
O=C/C=C/c1cccc(-c2cccc(-c3cccc(-c4ccccc4F)c3)c2)c1,-8.6,3.152120533647264,29_1452
O=C(c1cccc(-c2noc(-c3ccccc3)n2)c1F)N1CCn2c(nnc2-c2ccccn2)C1,-8.3,3.453407068005111,29_1453
O=C1c2ccccc2C(=O)N1c1ccc(-c2cccc(-c3cccc(-c4cccc(O)c4)n3)c2)cc1,-8.4,3.4163644030292963,29_1454
O=C(c1cccc(Cn2cccn2)c1)n1ccc2ncccc21,-6.6,3.6445670608378524,29_1455
O=C(c1cc2cc(-c3cccc(-c4ccccc4F)c3)ccc2[nH]1)N1CCN(C(=O)c2ccccc2F)CC1,-8.5,3.384632744428793,29_1456
O=C(Nc1ccccc1C(=O)O)c1cccc(-c2cccc(-c3ccccc3)c2)c1,-8.6,3.5421544047081817,29_1457
Nc1cc(-c2cccc(-c3cccc(-c4cccc(-c5cccc(O)c5)c4)c3)c2)ccn1,-9.4,3.3901422516768873,29_1458
O=C(Nc1cccc(-c2cccc(-c3nc4ccccc4[nH]3)c2)c1)c1ccccc1-c1ccccc1C(=O)Nc1cccc(C(F)(F)F)c1,-8.3,2.937250741996376,29_1459
N#Cc1ccccc1-c1cccc(-c2cccc(N(C(=O)c3cccc(C(F)(F)F)c3)C(=O)c3cccc(C(F)(F)F)c3)c2)c1,-9.4,3.056735716976301,29_1460
Nc1[nH]nc2cc(-c3[nH]c(N4CCC4)nc3C=C3C=CC(C=C4C=CC5=C4CSC=CCC(=O)CN=C5)=C3)ccc12,-9.1,0.7838742952937956,29_1461
O=C(Nc1cccc(-c2cc(F)c3cccnc3c2)c1)Oc1ccc2ccccc2c1,-8.8,3.4808642270147168,29_1462
O=S(=O)(Nc1cccc(-c2cccc(-c3cccc(-c4ccccc4F)c3)c2)c1)c1ccccc1,-8.5,3.3506365250834955,29_1463
O=C(Nc1cccc(-c2cccc(-c3nc4cc(F)ccc4[nH]3)c2)c1)c1ccccc1F,-8.609999999999998,3.443853177840764,29_1464
O=C(CN1CCOCC1)c1ccc2c(c1)N=C(c1cccnn1)n1c(nc3ccccc31)N2c1cccc(C(F)(F)F)c1,-8.8,2.160532005029456,29_1465
O=C(Nc1cccc(-c2cccc(-c3nc4ccccc4[nH]3)c2)c1)c1ccccc1F,-8.575,3.4293586076098226,29_1466
O=C(Nc1cccc(S(=O)(=O)N2CCOCC2)c1)c1cccc(-c2cccc(-c3ccc4c(c3)OCO4)c2)c1,-8.4,3.491786065271293,29_1467
Cn1c(-c2cccc(-c3cccc(NC(=O)c4ccccc4F)c3)c2)nc2ccccc21,-8.68,3.3956733809905395,29_1468
O=C(NN=C1c2ccccc2-c2ccccc2C1c1ccccc1F)c1ccccc1Cl,-8.0,3.3740132602730113,29_1469
O=C(NC1CC1)c1ccc(-c2cnc3c(-c4ccccc4)cccc3c2-c2ccc3c(c2)OCO3)cc1,-7.8,3.3573193366803995,29_1470
[CH]O[C@@H]1[C@H](O)[C@H](COCP(=O)(O)O)O[C@H]1N1C=NCC(=O)N=CC(=NO)CCNC(=O)c2cc1cc1ccccc21,-7.9,1.2386764347961026,29_1471
O=C(Nc1cc(C(F)(F)F)cc(C(F)(F)F)c1)C1c2ccccc2-c2ccccc2N1c1cccc(C(F)(F)F)c1,-9.1,3.229064699585401,29_1472
O=C(Nc1cccc(-c2cccc(-c3cccc(Cl)c3)c2)c1)c1cccc(Cl)c1,-8.4,3.391835208516027,29_1473
O=C(Nc1cccc(-c2ccc3c(c2)OCO3)c1)Nc1cc(C(F)(F)F)ccc1-n1cncn1,-7.8,3.591690360770313,29_1474
Nc1nc(Nc2cccc(-c3cccc(-n4c(O)ccc4O)c3)c2)ccc1-c1cccc(-c2cccc3ccccc23)c1,-8.4,3.0670863996087423,29_1475
COc1cccc(-c2cccc(-c3cccc(-c4ccccc4F)c3)c2)c1,-8.2,3.227796133119589,29_1476
Cn1c(-c2cccc(-c3ccc(NC(=O)Nc4cccc5ccccc45)cc3)c2)nc2ccccc21,-9.1,3.2766385498794826,29_1477
O=C(NCc1ccccc1)Nc1cscc1-c1nc(-c2ccccc2)c(-c2ccccc2)n1-c1ccccc1,-7.0,3.213397988990917,29_1478
Cc1ccc(C=NNC(=O)c2ccc(-c3nc4cc(C)c(C)cc4[nH]3)cc2)cc1,-7.6,3.5334797767272565,29_1479
Cn1c(-c2cccc(-c3cccc(-c4cccc(-c5ccccc5)c4)c3)c2)nc2ccccc21,-9.6,3.048664844758954,29_1480
Cn1c(N)c(C(=O)COC(=O)c2ccccc2-c2ccccc2F)c(=O)n(C)c1=O,-6.8,3.552243273178631,29_1481
O=C(O)c1ccc2nc(-c3cccc(-c4cccc(-c5nc6cc(F)ccc6[nH]5)c4)c3)oc2c1,-9.4,3.4948391183720124,29_1482
O=C(Nc1nc2ccccc2[nH]1)c1cccc(-c2cccc(-c3ccccc3F)c2)n1,-8.7,3.5232238236880367,29_1483
Cc1c(-c2ccc3c(c2)OCCO3)cccc1-n1cc(C23C=CN=CNC(=O)C4=CC=COC2C=C[SH]43)nn1,-8.8,1.0152084703701165,29_1484
O=C(c1cccc(-c2cccc(-c3cccc(C(=O)N4CCOCC4)c3)c2)c1)N1CCNCC1,-8.9,3.649506152725788,29_1485
Cn1c(-c2cccc(-c3cccc(Nc4ccccc4C(=O)Nc4ccccn4)c3)c2)nc2ccccc21,-9.3,3.305167477431795,29_1486
O=C(Nc1cc(F)c(F)c(F)c1)c1cccc(-c2cccc(-c3cccc(-c4nn[nH]n4)c3)c2)c1,-9.1,3.462769913371852,29_1487
O=C1CC(c2ccccc2)=Nc2ccccc2CCn2c3ccccc3c3cc(ccc32)N1,-7.5,1.8398391432862633,29_1488
O=c1cc(-c2ccccc2)sc(-c2cccc(-c3cccc(OCc4ccccc4)c3)c2)c1,-9.0,3.1994683094570266,29_1489
O=C(Nc1cccc(-c2cccc(-c3cccc(-c4ccccc4Oc4ccccc4)c3)c2)c1)c1cccc(Cl)c1,-8.7,3.0739484548757416,29_1490
O=C(c1cccc(C#Cc2ccccc2)c1)n1ccnc1-c1cccc(F)c1,-7.8,3.488982070132582,29_1491
O=C(CN1Cc2c(cccc2-c2ccc3ccccc3c2)C1=O)Nc1cccc(-c2ccc3ccccc3c2)c1,-8.3,3.211721975599566,29_1492
O=C(c1ccc(-c2cccc(-c3cccc(-c4ccccc4Cl)c3)c2)cc1)N1CCN(c2cccc(Cl)c2)CC1,-8.0,3.090156713785329,29_1493
O=C1NC(=O)C(c2cccc(F)c2)C1=Nc1cccc(-c2cccc(-c3cccc(O)c3)c2)c1,-9.0,3.471024163685761,29_1494
O=C(c1cccc(-c2cccc(-c3cccc(C(=O)N4CCOCC4)c3)c2)c1)N1CCNCC1,-8.9,3.649506152725788,29_1495
O=C(Nc1cccc(-c2cccc(-c3cccc(F)c3)n2)c1)c1ccccn1,-7.8,3.6643205969640817,29_1496
O=C(Cc1n[nH]c(-c2ccccc2)n1)Nc1cc(-c2cccc(-c3ccc4c(c3)OCO4)c2)ccc1C(=O)Nc1ccccc1,-8.4,3.163988243823124,29_1497
O=C(Nc1cccc(-c2cccc(-c3cccc(F)c3)c2)c1)c1ccccc1,-8.149999999999999,3.3812540668581823,29_1498
Cc1cccc(-c2ccc(C(=O)N3CCC(c4ccccc4)CC3)cc2)c1,-7.7,3.3646569009181704,29_1499
Oc1ccc(-c2cc(-c3ccccc3)cc(-c3ccco3)n2)cc1,-8.0,3.6070301538364467,29_1500
O=C(c1cccc(-c2cccc(-c3nc4cc(F)ccc4[nH]3)c2)c1)N1CCOCC1,-8.533333333333333,3.6772373759728456,29_1501
Nc1nc(Cl)nc2c1ncn2CC(O)Cn1cc(-c2cccc(C(F)(F)F)c2)nn1,-7.1,3.384748509646564,29_1502
O=C(Nc1cccc(-c2cccc(-c3nc4ccccc4[nH]3)c2)c1)c1cccc(C(F)(F)F)c1,-8.533333333333333,3.31558797004833,29_1503
Cc1ccc(S(=O)(=O)N2CCN(C(=O)c3cccc(S(=O)(=O)N4CCOCC4)c3)CC2)cc1,-7.1,3.5464762354895347,29_1504
N#Cc1c(Nc2cccc(CN3C(=O)c4ccccc4C3=O)c2)cccc1-c1ccc2c(c1)OCCO2,-8.2,3.45674775089366,29_1505
O=C(Nc1cccc(-c2cccc(N3CCCC3)n2)c1)c1ccccc1,-7.2,3.6894147686854355,29_1506
O=C(Nc1cccc(-c2cccc(-c3ccccc3)c2)c1)c1ccccc1[N+](=O)[O-],-8.6,3.535794953031075,29_1507
Nc1cccc(-c2cccc(-c3cccc(-c4ccccc4F)c3)c2)c1,-8.5,3.313446787221338,29_1508
O=C(c1cncc(-c2ccc3c(c2)OCO3)c1)c1cc(NCCO)cc(-c2ccccc2)c1,-7.9,3.548887348088309,29_1509
O=C(Nc1ccccc1)Nc1cccc(-c2cccc(-c3cccc(-c4cccc(C(=O)N5CCOCC5)c4)c3)c2)c1,-9.3,3.2733633672539155,29_1510
N#Cc1cccnc1-c1cccc(-c2cccc(-c3cccc(-c4ncc(-c5cc6ccccc6oc5=O)o4)c3)c2)c1,-9.4,3.2105234652335524,29_1511
O=C1C=C(C=CCc2cccc(-c3cccc(-c4cccc(-c5ccccc5)c4)c3)c2)C1N1CCCC1,-7.9,3.128736312506825,29_1512
O=c1c2ccccc2nc(COc2ccccc2)n1-c1cccc(-c2cccc(-c3ccc4c(c3)OCO4)c2)c1,-7.5,3.314641748538306,29_1513
O=c1ccsn1-c1cccc(-c2cccc(-c3cccc(C(F)(F)F)c3)c2)c1,-8.7,3.505212900985051,29_1514
O=C(O)c1cccc(-c2cccc(-c3cccc(-c4cccc(C(=O)N5CCC5)c4)c3)c2)c1,-9.6,3.518767973362541,29_1515
O=c1oc(Oc2ccc(F)cc2F)nc2ccccc12,-6.7,3.6751060575735535,29_1516
O=C(c1cccc(-c2csc(-c3cccc(C(=O)N4CCN5CCC[C@@H]5C4)c3)c2)c1)N1CCOCC1,-9.3,3.4505506558919,29_1517
C=C([CH]C[C@@H](NC1=C(c2ccc3c(c2)OCO3)N=C1c1ccccc1F)c1ccccc1)C=CC=CC(N)=O,-8.0,3.2927855521309475,29_1518
O=C(c1cccc(-c2cccc(C(=O)N3CCN(c4ccccc4)CC3)c2)c1)N1CCOCC1,-8.4,3.5953511473089197,29_1519
O=C(Nc1cccc(-c2cccc(-c3ccccc3OC(F)(F)F)c2)c1)c1cccnc1,-7.8,3.6055392074698696,29_1520
O=C(c1ccc(-c2ccc3c(c2)OCO3)cc1)N1CCN(c2ccc(F)cc2)CC1,-7.0,3.611069752022342,29_1521
O=C(c1cccc(-c2cccc(-c3cccc(C(F)(F)F)c3)c2)c1)N1CCNCC1,-8.4,3.642566566269835,29_1522
O=C(c1cccc(-c2cccc(-c3cccc(-c4ccccc4F)c3)c2)c1)N1CCNCC1,-9.32,3.508189933556279,29_1523
O=C(Nc1cccc(Nc2ccc3c(c2)NC(=O)c2ccccc2NC3)c1)c1ccccc1,-8.7,1.5270798602596143,29_1524
Cc1cccc(NC(=O)N(c2cccc(Oc3ccccc3)c2)[C@H]2CC[C@H](c3ccc4c(c3)OCO4)CC2)c1,-9.1,3.35558006917418,29_1525
CCOc1ccc(-c2cccc3ccccc23)cc1CNC(=O)c1cccc(-c2ccc(F)c(F)c2)c1,-7.8,3.29621037505823,29_1526
O=C(Nc1cccc(-c2cccc(-c3cccc(C(F)(F)F)c3)c2)c1)Nc1cccc(C(F)(F)F)c1,-8.1,3.249099817111158,29_1527
COc1ccc2c(c1)[C](c1cccc(=O)[nH]1)C(=O)N2c1ccccc1Cl,-7.0,3.739413656200088,29_1528
O=C(Nc1cccc(Cl)c1Cl)c1cccc(-c2cccc(-c3nc4cc(F)ccc4[nH]3)c2)c1,-8.7,3.392197800341335,29_1529
O=C(Nc1cc(-c2ccccc2)nc(-c2ccccc2)c1)c1ccccc1Nc1ccc2c(C=Cc3ccccn3)[nH]nc2c1,-9.0,3.114505656988695,29_1530
O=C(Nc1nc2ccccc2c2cc(-c3ccccc3)nn12)c1cccc(C(F)(F)F)c1,-8.5,3.5771977175372447,29_1531
CC1(NC(=O)c2cccc(S(=O)(=O)N3CCCCCC3)c2N)CC2=CC=C(C=CS1)C2,-7.3,1.5294300442965199,29_1532
O=C(O)c1cccc(-c2cccc(-c3cccc4c(=O)cc(-c5ccccc5)oc34)c2)c1,-8.6,3.4901972128355974,29_1533
O=C(O)c1ccc(-c2cccc(-c3cccc(C(=O)NCCc4ccccc4)c3)c2)cc1,-7.1,3.499194262481291,29_1534
O=C(Nc1cccc(-c2cccc(-c3cccc(C(F)(F)F)c3)c2)c1)c1ccccc1F,-8.3,3.2672233782541786,29_1535
Cn1c(-c2cccc(-c3cccc(NC(=O)Nc4cccc(F)c4)c3)c2)nc2ccccc21,-10.0,3.375390123066129,29_1536
COc1cc(S(=O)(=O)c2ccc3c(c2)OCO3)ccc1Nc1nc(-c2ccccc2)c2ccccc2n1,-8.4,3.425432278495488,29_1537
O=C(Nc1ccc(F)c(F)c1)c1cccc(-c2cccc(-c3ccc4c(c3)OCO4)c2)c1,-8.4,3.496671602696182,29_1538
O=C1C=C(c2c(-c3cccc(-c4ccc5c(c4)OCCO5)c3)ccc3ccccc23)C(=O)O1,-8.0,3.3776714673777466,29_1539
O=C(NCCn1c(=O)[nH]c2ccccc21)c1cccc(-c2ccc3ccccc3c2)c1,-8.1,3.5153078890246396,29_1540
O=C(Nc1cc(-c2ccc3c(c2)OCO3)ccc1C(=O)NCCO)c1cccc(-c2cccc(-c3ccccc3F)c2)c1,-8.3,3.217124275432604,29_1541
Cc1cccc(N2CCN(C(=O)c3ccc(-c4nc5cc(F)c(F)cc5[nH]4)cc3Cl)CC2)c1C,-8.0,3.6110282981973127,29_1542
O=C(Nc1cccc(-c2cccc(CN3CCCC3)c2)c1)c1cc(-c2ccc3ccccc3c2)nc2ccccc12,-8.3,3.2278760754414764,29_1543
O=C(Nc1cccc(-c2cccc(F)c2)c1)C1CCN(C(=O)c2cccc(F)c2)CC1,-7.8,3.6785630945607037,29_1544
O=C(NC(c1ccccc1)c1ccccc1)c1cccc2c1-c1ccccc1C2=O,-8.9,3.4318091757008053,29_1545
O=C(NCc1cccc(Oc2ccccc2)c1)c1cccc(-c2cccc(-c3cccc(F)c3)c2)c1,-7.9,3.1952235620483016,29_1546
N#Cc1ccccc1-c1cccc(-c2cccc(N3CCN(C(=O)c4cccc5ccccc45)CC3)c2)c1,-8.3,3.2894030232587044,29_1547
O=C(N/N=C/c1cn(-c2cccc(-c3ccc4c(c3)OCCO4)c2Cl)nn1)c1ccccc1F,-8.2,3.5093306739365513,29_1548
Cn1c(-c2cccc(-c3cccc(-c4cnn(CC(F)F)c4)c3)c2)nc2ccccc21,-7.6,3.4736228201568027,29_1549
O=C(Nc1cccc(-c2cccc(C3=NCCN3)c2)c1)c1cccc(C(F)(F)F)c1,-8.4,3.6887631494377615,29_1550
C=C(C=CC=CCl)c1cc(-c2ccccc2)c2c(n1)-c1ccccc1CCC2,-7.9,2.2792563533854793,29_1551
FC(F)c1cccc(-c2cccc(-c3cccc(-c4cccc(C(F)(F)F)c4)c3)c2)c1,-9.3,3.0214956471611645,29_1552
O=C(Nc1cccc(-c2cccc(-c3cccc(-c4nc(=O)c5ccccc5[nH]4)c3)c2)c1)c1cc2ccccc2o1,-9.1,3.3051783456065045,29_1553
O=C(NC(Cc1ccc(F)cc1)C(=O)O)c1ccc(Nc2nccc3ccccc23)cc1N(Cc1ccccc1)Cc1ccccc1,-8.2,3.0595069095698397,29_1554
COC(=O)CSc1cc(-c2ccccc2)cc(-c2ccc(F)cc2)c1-c1cccc(-c2ccccc2F)c1,-7.5,3.091687051857842,29_1555
Cc1cccc(C(=O)NC2CCCN(c3nccc4ccccc34)C2=O)c1,-7.7,3.732103762820769,29_1556
Cc1c(-c2cccc(-c3cc4ccccc4[nH]3)c2)cc(F)cc1C(C)C=CC=CC1CC=CC=NC(=O)C=CC=CC(c2ccccc2)C1,-7.7,0.6050813733209512,29_1557
C=Cc1[nH]c(-c2ccc3c(ccc4ccccc43)c2)cc1C(=O)N1CCN(c2cccc(Cl)c2)CC1,-8.0,3.288769379964298,29_1558
O=C(Nc1ccc(Cl)cc1)Nc1cccc(-c2cccc(-c3cccc(C(F)(F)F)c3)n2)c1,-8.8,3.503875987490936,29_1559
Cc1ccccc1Nc1nc2c(C)cccn2c(=O)c1-c1ccccc1,-6.9,3.643132638996713,29_1560
Cc1cccc(-c2c(-c3cccc(-c4cccc5ccccc45)c3)nc3ccccn23)c1,-8.1,3.104720036525406,29_1561
O=C(Cn1cnc2cc([N+](=O)[O-])ccc2c1=O)Nc1ccc2c(c1)C(=O)c1cccc3ccnc-2c13,-8.3,3.245549136607198,29_1562
O=C1N=C(C=CCCc2cccc(-c3cccc(C(=O)N4CCOCC4)c3)c2)C1c1ccccc1-c1ccccc1,-7.0,3.287166343702599,29_1563
O=C(Nc1ccccc1)Nc1ccc(-c2cccc(-c3nc4cc(C(F)(F)F)ccc4[nH]3)c2)cc1,-7.4,3.2344802145833893,29_1564
O=C(Nc1ccccc1C(=O)Nc1cccc(-c2ccc3c(c2)OCCO3)c1)c1ccccc1NCc1ccccc1,-6.3,3.2080864984504682,29_1565
Oc1cccc(Nc2nc(-c3ccccc3F)nc3c2ncn3-c2ccccc2)c1,-8.4,3.573958257562386,29_1566
COc1cccc(NC(=O)Nc2cccc(-c3cnc4c(NC(=O)c5ccccc5)cccn34)c2)c1,-8.3,3.304284337466121,29_1567
Cc1c(-c2cccc(-c3cccc(C(=O)NCC(C)C)c3)c2)c2ccccc2n1C,-8.1,3.492505958935999,29_1568
Cn1c(-c2cccc(-c3cccc(-c4ccc(C(=O)N5CCCC5)cc4)c3)c2)nc2ccccc21,-8.1,3.356037870986026,29_1569
C=CCN1C(c2ccc(Cl)cc2)=CS/C1=C(/C#N)c1nnc2n1-c1ccccc1SC2c1ccccc1,-6.9,3.2618833201297326,29_1570
C[CH]C12CC=C3C[C@@H](c4cccc5ccccc45)CC[C@]3(C)[C@H]1Cc1ccc(O)cc12,-7.0,2.925616983190992,29_1571
O=C(Nc1c[nH]c(=O)cc1-c1cccc(-c2ccccc2F)c1)c1cccc(-c2cccc3ccccc23)c1,-8.6,3.261642724711494,29_1572
O=C(c1cccc(-c2cccc(-c3cccc(C(=O)N4CCN5CCC[C@H]5C4)c3)c2)c1)N1CCOCC1,-9.2,3.436045667378623,29_1573
Cc1ccc(-c2nn(-c3ccccc3)cc2-c2nc3ccccc3n2C(=O)c2ccccc2)cc1,-8.1,3.3346843216196644,29_1574
O=C(Nc1cccc(-c2cccc(-c3ccccc3)c2)c1)c1ccccc1,-8.125,3.3743985427709573,29_1575
O=C(Nc1cccc(-c2cccc(-c3ccccc3)c2)c1)c1ccccc1-c1ccccc1C(=O)Nc1cccc(C(F)(F)F)c1,-7.3,2.977397232968608,29_1576
Cc1ccccc1NC(=O)c1cccc(Nc2cccc(-c3cc4ccccc4[nH]3)c2)c1,-8.1,3.2125568834035234,29_1577
Cc1cccc(-c2cc(C(=O)Nc3cccc(C(F)(F)CO)c3)ccc2N2CCCCC2)c1,-7.3,3.6183952179918535,29_1578
OC1(c2cccc(-c3nc4ccccc4[nH]3)c2)CCNCC1,-7.8,3.5912189665308025,29_1579
O=C1Nc2ccc(-c3ccccc3)cc2[C@@]1(O)c1cccc(F)c1,-7.5,3.607307093476011,29_1580
CCNC(=O)c1ccc(-c2cccc(-c3cc(-c4cccc(C(=O)N(C)C)c4)ncn3)c2)cn1,-8.2,3.683647444026482,29_1581
N#Cc1cccc(-c2cccc(C(=O)Nc3cccc(C(F)(F)F)c3)c2)c1,-7.3,3.6631732284611473,29_1582
O=C(c1cccc(-c2cccc(-c3cccc(F)c3)c2)c1)N1CCN(c2ccccc2)CC1,-8.733333333333334,3.426094808724147,29_1584
O=C(Nc1cccc(F)c1)Nc1cccc(-c2cccc(-c3nc4cc(C(F)(F)F)ccc4[nH]3)c2)c1,-7.7,3.169812286139635,29_1585
O=C(c1cc2cc(F)ccc2[nH]1)N1CCN(c2cccc3[nH]ccc23)CC1,-7.8,3.5784089514297013,29_1586
O=C(Nc1cccc(-c2cccc(-c3nc4cc(C(F)(F)F)ccc4[nH]3)c2)c1)c1ccccc1Cl,-8.3,3.2846494799855677,29_1587
O=C(CBr)Nc1ccc(Sc2cc(Cl)ccc2Cl)cc1,-5.5,3.5892650671150927,29_1588
O=C(NC(=S)Nc1cccc(Cl)c1)c1cccc(-c2ccc3ccccc3c2)c1,-7.8,3.4593002545423976,29_1589
Cn1c(-c2cccc(-c3cccc(NC(=O)c4c[nH]c5c(C(F)(F)F)cccc5c4=O)c3)c2)nc2ccccc21,-8.1,3.389180952959185,29_1590
O=C(c1cccc(-c2cccc(-c3cccc(-c4nc5ccccc5[nH]4)c3)c2)c1)N1CCNCC1,-9.55,3.440998249723921,29_1591
O=C(Nc1cccc(-c2cccc(-c3cc4ccccc4[nH]3)c2F)c1)Nc1ccccc1C(=O)N1CCOCC1,-8.9,3.3014583291412403,29_1592
NC(=O)c1ccc(Nc2nc(OCC3CCCCC3)c3[nH]cnc3n2)cc1,-8.1,3.6028833502477347,29_1593
CN1CCCC(=O)c2cccc(-c3cccc(-c4cc(-c5ccc6c(c5)OCO6)cc(-c5ccccc5)n4)c3)c21,-10.2,2.2527166044429476,29_1594
O=C(Nc1cc(C(F)(F)F)ccc1Nc1cc2ccccc2cc1O)c1cccc2ccccc12,-8.1,3.2012770124796672,29_1595
O=C(Nc1ccc(C2=CCN(C(=O)c3cccs3)CC2)cc1)N1Cc2ccccc2C1,-6.65,3.6119354433834054,29_1596
CS(=O)(=O)N1CCN(C(=O)c2cccc(-c3cccc(-c4cccc(F)c4)c3)c2)CC1,-8.9,3.705505762682737,29_1597
O=C(Nc1cccc(-c2cccc(C(=O)N3CCOCC3)c2)c1)c1cccc(-c2cccc3ccccc23)c1,-8.733333333333334,3.392862095706997,29_1598
O=C(N=C1C=CCC(c2cncc(-c3cccc(-c4cccc(C(F)(F)F)c4)c3)c2)N=C1)Nc1ccccc1,-7.6,2.491577242644186,29_1599
O=C(Nc1cccc(-c2cccc(C(=O)N3CCOCC3)c2)c1)c1cccc(C(F)(F)F)c1,-8.339999999999998,3.7403303840440163,29_1600
O=C(Nc1cccc(-c2cccc(-c3nc4cc(C(F)(F)F)ccc4[nH]3)c2)c1)c1ccccc1-c1ccccc1,-8.266666666666667,3.1412476074542717,29_1601
O=C(Nc1cccc(S(=O)(=O)N2CCCCC2)c1)c1cccc(S(=O)(=O)N2CCOCC2)c1,-7.2,3.594390689867197,29_1602
O=C1c2ccccc2C(=O)c2c(O)cccc21,-6.2,3.5222140729591915,29_1603
CN(C)S(=O)(=O)NC(=O)c1cc(Cl)c(OCC23CC4CC(CC(C4)C2)C3)cc1F,-6.3,3.360035723003652,29_1604
O=C(NNC(=O)c1ccccc1Nc1cccc(-c2ccccc2Cl)c1)c1cc2ccccc2o1,-8.2,3.360391568235744,29_1605
O=C(c1c2ccccc2cc2ccccc12)N(c1ccc(Cl)cc1)c1ccc2c(ccc3ccccc32)c1,-8.7,2.8826789149050813,29_1606
O=C(Nc1cccc(-c2cccc(-c3ccccc3F)c2)c1)c1ccccc1-c1ccccc1F,-8.3,3.1883384937617323,29_1607
O=C1Nc2ccccc2C1(c1ccccc1)c1ccc2ccccc2c1,-7.4,3.3733565232788605,29_1608
COc1ccc(S(=O)(=O)NC(=O)c2ccccc2Nc2ccc3c(ccn3C)c2)cc1,-6.8,3.639716025438058,29_1609
Cc1noc(C)c1Cc1cccc(-c2cccc(-c3cccc(-c4cccc(-c5cccc(F)c5)c4)c3)c2)c1,-9.5,3.0730649737852294,29_1610
O=C(Nc1ccc2ccc(-c3cccc(C(=O)N4CCOCC4)c3)nc2c1)c1cccc(-c2cccc(-c3cccc(C(F)(F)F)c3)c2)c1,-8.3,3.204333829207626,29_1611
O=S(=O)(c1cc(F)ccc1F)n1c2c(c3ccccc31)CCNCC2,-7.6,2.783596694001684,29_1612
CC(C)Oc1cc(C(=O)c2ccccc2)ccc1-c1nc([C@H]2C[C@@](C)(O)C2)n2ccnc(N)c12,-7.2,3.5238665424912705,29_1613
O=C(Cn1cc(-c2cccc(NC(=O)c3ccc(Br)o3)c2)nn1)Nc1cccc(F)c1,-7.6,3.604135838442036,29_1614
O=C(c1cc2cc(-c3cccc(-c4ccc5c(c4)OCCO5)c3Cl)ccc2[nH]1)N1CCC2(CCNCC2)C1,-8.0,3.3407904179239605,29_1615
CCCC(=O)c1c(-c2cccc(F)c2F)sc2cc(-c3ccc4ccccc4c3)ccc2c1=O,-7.5,3.2525772085233435,29_1616
O=c1c2ccccc2nc(-c2ccc3ccccc3c2)n1-c1cccc(-c2cccc(-c3cccc(-c4ccccc4F)c3)c2)c1,-9.6,3.0389522981772767,29_1617
O=C(Nc1ccc(-c2ccccc2F)cc1)Nc1cccc(-c2cn3ccnc3c(NCc3ccncc3)n2)c1,-8.2,3.208356793409017,29_1618
O=C(Nc1cccc(-c2cccc(-c3nc4cc(F)ccc4[nH]3)c2F)c1)c1cc2ccccc2[nH]1,-8.3,3.3368469878482045,29_1619
O=C(Nc1cccc(Cl)c1)c1cccc(-c2cccc(-c3ccc4c(c3)OCO4)c2)c1,-8.3,3.4803349837159177,29_1620
O=C(Nc1cccc(-c2ccccc2)c1)Nc1ccccc1-c1cccc2c1[nH]c1ccccc12,-9.0,3.1244686462584754,29_1621
O=C(Nc1ccccc1)Nc1nc(-c2ccccc2)cc(-c2cccc(C(F)(F)F)c2)n1,-9.5,3.6054180326816594,29_1622
O=C(Nc1cccc(-c2cccc(C(=O)N3CCOCC3)c2)c1)c1cccc(C(F)(F)F)c1,-8.339999999999998,3.7403303840440163,29_1623
O=C(CCCn1ncc2cc(-c3cccc(-c4ccc5c(c4)OCO5)c3)ccc21)N1CCCC1,-7.3,3.5018383087931717,29_1624
O[C@H](OC(F)(F)F)C1=CC(c2cccc(-c3ccccc3)c2)=Nc2ccccc2C1,-7.9,2.66695765853816,29_1625
CCOC(=O)C(C)NC(=O)C(O)C(NC(=O)c1cccc(-c2ccc3ccccc3c2)c1)c1cccc(OC)c1,-7.4,3.332516973387207,29_1626
O=C(Cn1c(-c2ccc3c(c2)OCO3)nc2ccccc21)c1ccccc1,-7.1,3.574059753646564,29_1627
O=C(Nc1cccc(-c2cccc(N3CCCC3)c2)c1)c1[nH]c(O)c(-c2ccccc2-c2ccccc2)c1C=CCCc1ccccc1,-7.4,2.9003934765017108,29_1628
O=C(Nc1cccc(-c2ccnc3cc(-c4ccc5ccccc5c4)cn23)c1)c1ccccc1F,-9.1,3.4287668301201686,29_1629
O=C(Nc1cccc(-c2cccc(-c3cccc(-c4ccccc4Cl)c3)c2)c1)c1ccccc1,-9.3,3.180071043151384,29_1630
Cn1c(-c2cccc(-c3cccc(NC(=O)c4ccccc4F)c3)c2)nc2ccccc21,-8.68,3.3956733809905395,29_1631
O=C(Nc1ccccc1-c1cc2ccc3ccccc3c2[nH]1)c1ccccc1F,-8.7,3.3031765249326943,29_1632
O=C(NCC1CC1)c1cccc(-c2cccc(-c3cccc(-c4cccc(C5=CC(=CCC=Cc6c[nH]c(O)c6-c6ccccc6)C=C5)c4)c3)c2)c1,-8.3,2.6591761444261683,29_1633
O=S(=O)(c1ccccc1-c1cc2ccccc2o1)n1c2ccccc2c2ccccc21,-8.0,3.4627257906063518,29_1634
CC(C)(CO)c1cc([C@@H]2O[C@H](CO)[C@@H](O)[C@H](O)[C@H]2O)cc(CC2=CC=COC2)c1Cl,-5.8,3.203677126891882,29_1635
O=C(Nc1cccc(-c2cccc(-c3cccc(C(=O)N4CCOCC4)c3)c2)c1)c1cccc(C(F)(F)F)c1,-8.92,3.537920848713541,29_1636
Cn1c(-c2cccc(-c3cccc(NC(=O)c4ccccc4)c3)c2)nc2ccccc21,-8.416666666666666,3.3942752104154073,29_1637
O=C(Nc1cccc(-c2cccc(NC(=O)c3cccc(CF)c3)c2)c1)c1ccccc1,-7.7,3.4228942946410283,29_1638
O=C(Nc1ccc(Br)cc1)Nc1cccc(-c2cccc(-c3cccc(-c4ccccc4F)c3)c2)c1,-8.9,3.120078675619106,29_1639
O=C(Nc1cccc(Nc2cccc(-c3cccc(-c4cccc(Cl)c4)c3)c2)c1)c1cccc(C(F)(F)F)c1,-8.6,3.093793070464363,29_1640
O=Cc1cc(I)ccc1N=C(Nc1cccc(C(F)(F)F)c1)c1ccccc1Nc1cccc(C(F)(F)F)c1,-8.6,2.8957435435657075,29_1641
O=C(Nc1cc2ccccc2c2ccccc12)c1ccc(-c2cccc(F)c2)cc1,-8.7,3.1972004661352735,29_1642
O=c1cc(-c2cccc(-c3c(Oc4ccccc4)cnc4cc(-c5ccccc5)ccc34)c2)c2ccccc2o1,-9.1,3.1593841719496845,29_1643
CC(C)=CCc1cc(C(=O)Nc2cc3ccc(OCc4ccccc4)c(C)c3oc2=O)ccc1O,-7.5,3.4554807197568334,29_1644
O=C(NCCN1CCC2(CC1)C(=O)NCN2c1cccc(F)c1)c1cc2cc(F)ccc2[nH]1,-7.5,3.5710261244531414,29_1645
O=C(Nc1ccc(Oc2ccccc2)cc1)c1cc(-c2ccc3c(c2)OCCO3)nc2ccccc12,-8.2,3.4670059478210717,29_1646
O=C(Nc1cccc(Oc2cccc(-c3ccc4c(c3)OCO4)c2)c1)c1cccc(C(F)(F)F)c1,-8.2,3.5824770283090652,29_1647
O=C(Nc1ccccc1)Nc1nc(-c2ccccc2)cs1,-7.1,3.7047776774966144,29_1648
O=C(Nc1nnc(-c2ccc3c(c2)CCO3)s1)c1ccccc1Nc1cccc(-c2ccc3ccccc3c2)c1,-8.9,3.2864845640985894,29_1649
O=C(OC(C(F)(F)F)C(F)(F)Cl)N1CCN(Cc2cccc(-c3cccc(F)c3F)c2)CC1,-7.1,3.45212273190974,29_1650
O=C(Nc1cccc(Oc2ccccc2)c1)c1cc(-c2ccccc2)nc2ccccc12,-8.4,3.4502859515736413,29_1651
O=c1c2ccccc2nc(-c2cccc(OCc3ccccn3)c2)n1-c1cccc2ccccc12,-8.0,3.360489676483507,29_1652
O=C(Nc1cc(-c2ccccc2F)nn1-c1cccc2ccccc12)c1cccc(-c2cccc3ccccc23)c1,-10.2,3.2701129431953713,29_1653
O=C(Nc1nccs1)c1cccc(-c2cccc(-c3ccc4c(c3)OCO4)c2)c1,-8.1,3.679960296088421,29_1654
O=C(Nc1cccc(-c2cccc(-c3nc4cc(F)ccc4[nH]3)c2)c1)c1ccccc1-c1ccccc1,-8.55,3.297956728102947,29_1655
Cc1c(-c2cccc(-c3cccc(-c4nc(=O)o[nH]4)c3)c2)cccc1C1C=CC=CCCC=CC(=NC(=O)Nc2cccc(C(F)(F)F)c2)C1,-8.3,0.7362388809653817,29_1656
O=C(Nc1ccccc1C(=O)Nc1ccccc1C(=O)O)c1cccc(-c2ccccc2F)c1,-8.4,3.5115657646815572,29_1657
O=C1c2ccccc2C(=O)c2c1nc(Sc1nc3ccccc3c3c1CCC3)n2-c1ccc2c(c1)OCO2,-9.3,3.1685397449138915,29_1658
O=C(Nc1cccc2[nH]ncc12)NC1CCOc2c(NCc3cccc(-c4ccccc4)c3)cccc21,-8.3,3.2757823144711864,29_1659
O=C(c1ccc(-c2cccc(-c3cccc(F)c3)c2)cc1)N1CCN(c2ccccc2)CC1,-7.9,3.426094808724147,29_1660
O=C1CN=C(n2cnc(C3CC3)c2)c2cccc(-c3ccc(-c4cc5ccccc5[nH]4)cc3)c2N1,-8.2,2.422463738554544,29_1661
Cc1c(-c2ccccc2)cccc1-c1cnc(-c2cccc(F)c2F)cc1-c1cc(F)ccc1O,-7.9,3.2167541123555417,29_1662
O=C(Nc1cccc(-c2ccc3c(=O)[nH]cnc3c2)c1)c1cccc(-c2ccccc2)c1,-8.5,3.5151566201660094,29_1663
Cc1ccc(S(=O)(=O)Nc2cccc(-c3cccc(-c4ccc5c(c4)OCCO5)c3C)c2)cc1,-8.8,3.6133695715792364,29_1664
O=C(Nc1ccc(-c2cc[nH]n2)cc1)c1cc2cc(-c3ccc4c(c3)OCCO4)ccc2[nH]1,-8.0,3.4427519262550557,29_1665
O=C(NNC(=O)c1cc(-c2ccc3cccc(F)c3c2)nc2ccccc12)c1ccc2c(ccc3ccccc32)c1,-8.2,3.216491780379174,29_1666
O=C(Nc1cccc(Cl)c1)c1ccccc1NC(=O)c1ccccc1C(=O)Nc1cccc(-c2cccc(-c3nc4cc(F)ccc4[nH]3)c2F)c1,-9.8,2.927907090920005,29_1667
O=C(NCc1ccccc1F)c1cccc(-c2cccc(-c3nc4cc(F)ccc4[nH]3)c2)c1,-8.6,3.351628678753441,29_1668
O=C(Nc1cccc(-c2cccc(-c3ccccc3OC(F)(F)F)c2)c1)c1ccccc1,-7.800000000000001,3.437025411589027,29_1669
O=C(CCS)Nc1cccc(-c2cccc(-c3cccc(C(=O)N4CCOCC4)c3)c2)c1,-7.7,3.652921786362648,29_1670
O=C(c1cccc(-c2cccc(-c3cccc(C(=O)N4CCN(c5ccccc5)CC4)c3)c2)c1)N1CCOCC1,-9.4,3.4183469089318375,29_1671
N#Cc1ccccc1-c1cccc(C(=O)NN=CC(=O)c2ccccc2)c1,-7.1,3.603648718066929,29_1672
Cc1ccc2c(NC(=O)c3cccc(-c4ccc5c(c4)OCCO5)c3)cccc2n1,-8.5,3.653574767280487,29_1673
O=C(Nc1cccc(-c2cccc(-c3cccc(C(=O)O)c3)c2)c1)Nc1cccc(C(F)(F)F)c1,-8.4,3.3264031708361568,29_1674
O=C(Nc1cnn(S(=O)(=O)c2cccc(F)c2F)c1)c1cc2ccncc2s1,-7.5,3.6378394352399797,29_1675
CN(C(=O)c1ccccc1)c1cccc(-c2cccc(-c3cc(-c4ccc5c(c4)OCO5)cc(-c4ccccc4)n3)c2)c1,-9.9,3.1713991451705184,29_1676
FC(F)(F)Oc1cccc(Nc2cncc(-c3cccc(-c4cc5ccccc5[nH]4)c3)n2)c1,-8.4,3.488346756958582,29_1677
O=c1oc(-c2cccc(-c3ccccc3)c2)nc2ccccc12,-8.2,3.5510160230245233,29_1678
O=C1c2ccccc2C(=O)N1CCc1nccc(-c2cccc(-c3cc(C(F)(F)F)ccc3-c3cc(-c4ccccc4)no3)c2)c1F,-8.4,3.0742948198805937,29_1679
O=C(c1cnccc1Oc1ccc2cc[nH]c2c1)N(Cc1cccs1)c1ccc2c(c1)OCO2,-7.6,3.5104197332590923,29_1680
O=C(NCCN1CCOCC1)Nc1cccc(-c2cc(-c3cccc(-c4ccccc4F)c3)nc3cccc(F)c23)c1,-9.2,3.3306518862915095,29_1681
O=C(c1nc(-c2ccccc2)no1)N1CCN(S(=O)(=O)c2cccc3ccccc23)CC1,-7.7,3.6359443892408905,29_1682
O=C(c1cccc(-c2cccc(-c3nc4cc(F)ccc4[nH]3)c2)c1)N1CCOCC1,-8.533333333333333,3.6772373759728456,29_1683
O=C(c1cccc(-c2cccc(-c3nc4ccccc4[nH]3)c2)c1)N1CCN(c2ccccc2F)CC1,-9.5,3.4648144352837686,29_1684
CSc1cccc(NC(=O)c2cccc(-c3cccc(-c4cccc(OC(C)=O)c4)c3)c2)c1,-7.8,3.3750874588654076,29_1686
O=C(O)c1cccc(-c2ccccc2C(=O)Nc2cccc(-c3ccccc3)c2)c1,-7.9,3.5421544047081817,29_1687
O=c1cc(-c2cccc3c2Sc2ccccc2N3)c2ccccc2n1Cc1ccccc1,-8.4,3.3283955725438,29_1688
O=C1CCN(c2ccccn2)CCNc2cc(C(=O)N3Cc4ccccc4C3)ccc21,-8.0,1.4610890862601043,29_1689
O=c1c2ccccc2nc(N2CCN(c3cccc(Cl)c3)CC2)n1-c1cccc(F)c1,-9.0,3.6260841306907956,29_1690
O=C(Nc1cccc(-c2cccc(C(F)(F)F)c2)c1)c1cccc(C(F)(F)F)c1,-8.0,3.4470097051876896,29_1691
O=c1cc(-c2ccc3c(c2)OCO3)[nH]c2c(-c3ccccc3)c(-c3ccccc3)nn12,-8.1,3.5752720112121352,29_1692
O=c1[nH]c2ccc(-c3cccc(-c4cccc5c(=O)cc(N6CCOCC6)oc45)c3)cc2s1,-8.7,3.5502556565977303,29_1693
CC(=O)NCCC(C)n1c(=O)n(-c2ccccc2C)c2cnc(-c3cccc(F)c3F)nc21,-7.1,3.695476202240237,29_1694
O=C(Nc1cccc(-c2cccc(-c3ccccc3OC(F)(F)F)c2)c1)C1C=C[C@@H]2CCCC=C2C1,-8.0,3.3459652981428647,29_1695
O=C1NC(=O)C(=Cc2cccc(-c3cccc(-c4cccc5ccccc45)c3)c2)C(=O)N1,-9.0,3.4999524014482417,29_1696
O=C1NCCc2cc(-c3cccc([C@H]4CN(C[C@H](O)CC5CC5)c5ccccc54)c3)ccc21,-7.0,3.420695585131308,29_1697
Cc1ccccc1NC(=O)Nc1cccc(-c2cccc(-c3cccc(-c4ccccc4OC(F)(F)F)c3)c2)c1,-8.6,3.155187668649871,29_1698
COc1cccc(CC2=NC(C)C=CCC(=NC(=O)c3ccccc3-c3ccc(C(F)(F)F)cc3)C=CN2)c1O,-7.0,1.3606024636828424,29_1699
O=[N+]([O-])c1cccc(-c2cncc(-c3cccc(-c4ccc5c(c4)OCCO5)c3)n2)c1,-8.4,3.5150814451445873,29_1700
O=C(Nc1cccc(-c2cccc(-c3nc4cc(F)ccc4[nH]3)c2)c1)Nc1cccc(-c2cccc(F)c2F)c1,-9.3,3.1875244530828533,29_1701
Cc1cccc(-c2nc(-c3ccc4c(c3)c3ccccc3c(=O)n4C)no2)c1,-7.9,3.4523562067655362,29_1702
O=C(Nc1ccccc1C(=O)Nc1ccc(Cl)cc1Cl)c1cc(-c2cccc(C(F)(F)F)c2)n(-c2ccc(Cl)cc2Cl)n1,-8.5,3.1052894870309933,29_1703
O=C(Nc1ccc(S(=O)(=O)c2cccc3c2NCC3)cc1)c1ccccc1O,-7.8,3.6673462744663414,29_1704
O=C1C=C(C=C2CN=C([C@@H]3CCCN3C=Nc3ccccc3)NC2)C(=O)c2ccccc21,-8.5,3.4666608633305316,29_1705
O=C(c1cccc(-c2nc(=O)c3ccccc3[nH]2)c1)N1CCN(c2cccc(OC(F)(F)F)c2)CC1,-8.0,3.6529406678034837,29_1706
O=Cc1ccccc1C(c1nc2ccccc2[nH]1)n1cnc(-c2cccc([N+](=O)[O-])c2)c1,-8.4,3.3949193287205093,29_1707
O=C(Nc1cccc(-c2cccc(-c3nc4ccccc4[nH]3)c2)c1)c1ccccc1F,-8.575,3.4293586076098226,29_1708
O=C(c1ccccc1-n1nccn1)N1CCCC(Nc2cccc(C(F)(F)F)c2)C1c1ccccc1,-8.2,3.642307027484886,29_1709
C[CH]C1C(=O)NC[C@H]1c1cccc(-c2cc(-c3ccnc(C(=O)O)c3)ccc2-c2ccccc2C)c1,-7.7,3.509249310682786,29_1710
O=C(c1ccc2c(-c3cccc(-c4ccccc4F)c3)cccc2c1)N1CCN(c2ccccc2F)CC1,-9.0,3.2220298745651874,29_1711
N=CCCC=NC=C(F)CCCCc1cccc(-c2cccc(-c3cccc4ccccc34)c2)c1,-6.9,3.1297792396812643,29_1712
O=C(Nc1cccc(-c2cccc(-c3nc4cc(F)ccc4[nH]3)c2F)c1)c1cccc(C(F)(F)F)c1,-8.850000000000001,3.249901202177252,29_1713
O=C(Nc1ccc(Cl)cc1Cl)c1cccc(-c2cc3cc(Cl)ccc3[nH]2)c1,-7.1,3.4191382709249685,29_1714
O=C(N=CC=C1N=CC1c1nc(-c2ccc3ccccc3c2)ccc1Cn1c2ccccc2c(=O)n1-c1ccccc1)c1ccccc1,-8.0,3.0972044031347483,29_1715
O=C(Cn1c(-c2ccccc2)cc2ccccc21)Nc1cccc(-c2cccc(-n3cccc3)c2)c1,-8.7,3.2698466804817925,29_1716
O=C(Nc1ccc2c(c1)OCO2)c1ccc(-c2cccc3c(=O)cc(N4CCOCC4)oc23)cc1Oc1ccccc1,-9.6,3.2598600126159263,29_1717
CN(c1ccc([C@H]2CNCC[C@H]2c2ccc(F)cc2)cc1)S(=O)(=O)c1cccc(C(=O)O)c1,-7.1,3.7142020890394156,29_1718
O=C(c1cccc(-c2cccc(C(=O)N3CCC(Cc4ccccc4)CC3)c2)c1)N1CCOCC1,-7.9,3.518888300826464,29_1719
O=CCC(=O)c1cccc(-c2cc(Nc3ccc4ccccc4c3)c3ccc(F)cc3n2)c1,-8.9,3.2196389300686468,29_1720
O=C(Nc1cccc(-c2cccc(-c3nc4cc(F)ccc4[nH]3)c2)c1)Nc1cccc(C(F)(F)F)c1,-8.899999999999999,3.169812286139635,29_1721
N#Cc1cccnc1-c1cccc(-c2cccc(NC(=O)c3ccccc3Cl)c2)c1,-8.5,3.631408124516928,29_1722
O=C(Nc1cccc(-c2ccc3c(c2)OCCO3)c1)c1ccc2c(=O)n3c(nc2c1)CCC3,-7.7,3.579337438283125,29_1723
O=C1C=CC=C(C(F)(F)F)CCC(c2cn3c(n2)sc2cc(-c4ccccc4Cl)ccc23)CC=CC=N1,-7.4,1.239097122215012,29_1724
O=C(c1cccc(-c2cccc(-c3ncco3)c2)c1)N1CCN(c2cccc(F)c2)CC1,-8.4,3.6231597812256133,29_1725
NC(=O)C(Cc1c[nH]c2ccccc12)NC(=O)c1ccc(-c2cccc(-c3cccc4c(=O)cc(-c5ccccc5)oc34)c2)cc1,-8.7,3.1403263578588847,29_1726
O=C(Nc1cccc(-c2cccc(-c3nc4cc(C(F)(F)F)ccc4[nH]3)c2)c1)c1cccc(-c2cccc(Cl)c2F)n1,-8.4,3.111149065479285,29_1727
O=C1NCCc2cc(-c3cccc(N4C[C@@H](CNC(=O)c5nc6ccccc6c6ccccc56)OC4=O)c3)ccc21,-8.4,3.293161884698237,29_1728
O=C1COc2ccc(C(=O)COC(=O)c3cc(Cl)c(O)c(Cl)c3)cc2N1,-6.9,3.586551855544494,29_1729
O=C1C=C(C=C(c2ccccc2)c2nc3ccccc3nc2Nc2ccccc2)C(=O)c2ccccc21,-9.5,3.4598489725947763,29_1730
O=c1cc(NCCCNc2c3ccccc3nc3cccc([N+](=O)[O-])c23)c2ccccc2n1-c1cccc2ccccc12,-8.6,2.9305980930840834,29_1731
O=C(Nc1nc(-c2ccccc2)cs1)c1cccc(-c2cccc(-c3ccc4c(c3)OCO4)c2)c1,-8.3,3.372471891639528,29_1732
Cc1cccc(Nc2nc(-c3cccc(C(=O)N4CCOCC4)c3)cs2)c1,-7.9,3.77939186879933,29_1733
O=C1Nc2ccccc2/C1=C\c1cccc(-c2cccc(-c3cccc(C(F)(F)F)c3)c2)c1,-9.2,3.2080446254730024,29_1734
O=C(Nc1ccc2c(c1)OCO2)Nc1cc(F)ccc1F,-6.7,3.6642993478162227,29_1735
CC1(C(OCCn2cc(C3=CC(=O)NC3=O)c3ccccc32)c2cccc(-c3cc4ccccc4o3)c2)Cc2ccccc2C1=O,-7.6,3.115527180490793,29_1736
O=C(Nc1cccc(-c2cccc(-c3ccccc3)c2)c1)Nc1ccccc1-c1ccccc1,-8.0,3.173610991578638,29_1737
O=C(c1ccc(-c2cccc(-c3cccc(-c4cccc(Cl)c4)c3)c2)cc1)N1CCNCC1,-8.6,3.475249750213737,29_1738
O=C(Nc1ccc(-c2cccc(-c3cccc(C(=O)N4CCOCC4)c3)c2)cc1)Nc1cccc(F)c1,-8.0,3.522647590392938,29_1739
O=C(Nc1cc(F)ccc1-n1cccc1C(=O)c1ccccc1)Nc1cccc(Cl)c1Cl,-7.2,3.5412634796950457,29_1740
O=C(Nc1ccccc1C=Nc1ccccc1)Nc1cncc2ncccc12,-8.1,3.62543123640014,29_1741
O=C(Nc1cccc(-c2cccc(C(=O)N3CCOCC3)c2)c1)c1cccc(C(F)(F)F)c1,-8.339999999999998,3.7403303840440163,29_1742
O=C(c1ccc2c(-c3cccc(-c4ccccc4F)c3)cccc2c1)N1CCC(c2c[nH]c3ccccc23)CC1,-9.1,3.0991949421915406,29_1743
O=C(Nc1cccc(-c2cccc(-c3nc4cc(F)ccc4[nH]3)c2)c1)c1cccc(-c2cccc(-c3cccc(C(F)(F)F)c3)c2)c1,-9.3,2.9229378659315857,29_1744
O=CCC(c1ccc2c(c1)OCCO2)c1cc2cccc(-c3ccc4c(c3)OCO4)c2c(=O)[nH]1,-8.4,3.5220165371080325,29_1745
O=C(Nc1cccc(-c2cc(-c3cccc(-c4ccccc4F)c3)ncn2)c1)c1ccccc1,-8.6,3.4761339612964504,29_1746
O=C(Nc1cccc(-c2cccc(F)c2F)c1)c1ccc(-n2nc(C(F)(F)F)cc2-c2cccc(-c3ccccc3F)c2)cc1,-8.7,3.046167516936009,29_1747
O=C(Nc1cccc(-c2cccc(C(=O)N3CCOCC3)c2)c1)c1cccc(-c2ccc3c(c2)OCO3)c1,-8.6,3.5165313751660845,29_1748
Cc1nc(C2CC2)nc(N2CCN(C(=O)c3cccnc3Nc3cccc(F)c3)CC2)c1C,-7.6,3.675069456168284,29_1749
CCCCCCN(Cc1ccccc1)c1nc(N2CCOCC2)c2ccc(-c3cccc(-c4cccs4)c3)nc2n1,-7.0,3.137552055979883,29_1750
O=C(Nc1cccc(-c2cccc(-c3ccccc3)c2)c1)c1cc(-c2ccccc2)nc2ccccc12,-8.6,3.2586629065567214,29_1751
O=C(Nc1ccccc1)c1ccccc1NC(=O)c1ccccc1-c1ccccc1C(=O)Nc1ccc2c(c1)OCO2,-8.4,3.1630365410470302,29_1752
COc1cccc(-c2cn3ccc(-c4cccc(C(=O)Nc5ccc(C)cc5C)c4)cc3n2)c1,-7.2,3.4943067801311107,29_1753
N#Cc1ccccc1-c1[nH]nc(C2C=CCc3ccccc32)nncc2ccccc12,-7.2,1.387253091213716,29_1754
N#Cc1c(-c2ccccc2)cc(-c2ccc(-c3cccc(-c4ccccc4)c3)nc2)nc1NCc1ccccc1,-8.0,3.162984915525116,29_1755
O=C1c2cccc3cccc(c23)C(=O)N1c1cccc(-c2cccc([N+](=O)[O-])c2)c1,-8.4,3.455767466293282,29_1756
Cc1ccccc1C(=O)Nc1ccccc1C(=O)Nn1c(C2=CC=CCC2)nc2ccccc2c1=O,-7.6,3.595242609267376,29_1757
O=C(Nc1cc(-c2cccc(C(=O)N3CCOCC3)c2)ccn1)c1cccc(-c2ccc3c(c2)OCCO3)c1,-8.3,3.50585757911609,29_1758
O=C(Nc1cccc(-c2cccc(-c3ccccc3)c2)c1)c1cccc(-c2cccs2)c1,-7.8,3.2893242427912055,29_1759
O=C(Nc1cccc2ccccc12)c1cccc(-c2cccc(-c3cccc(Cl)c3)c2)c1,-9.1,3.2038049393899577,29_1760
O=C(c1cc2cc(Nc3nccc(-c4ccccn4)n3)ccc2[nH]1)N1CCN(CCc2ccccc2)CC1,-7.7,3.4525645987061173,29_1761
Cc1ccc2c(C3=CC=COC3)cc(-c3cccc(-c4ccc5ccccc5c4)c3)nc2c1,-9.1,3.1536239441349885,29_1762
O=C1c2ccccc2C(=O)N1CCCCn1c2ccccc2c2nc3ccccc3nc21,-7.9,3.4379823505579745,29_1763
O=C(Nc1cccc(-c2cccc(-c3nc4cc(C(F)(F)F)ccc4[nH]3)c2)c1)c1ccccc1,-8.200000000000001,3.31558797004833,29_1764
O=C(Nc1ccccc1)C1CCN(c2c3ccccc3nc3ccccc23)CC1,-8.0,3.5511488923491097,29_1765
N#Cc1cc(-c2cc(-c3ccc(Cl)cc3)cc(-c3cccc(Cl)c3)n2)cnc1N,-8.3,3.6478958994159085,29_1766
O=C(Cn1c(-c2cccc(-c3ccc4ccccc4c3)c2)cc2c(F)cccc21)Nc1ccc2c(c1)c1ccccc1n2Cc1ccccc1,-9.4,3.0037293650628047,29_1767
NS(=O)(=O)c1ccc(-n2nc(C(F)(F)F)cc2-c2cccc(-c3ccccc3)c2)cc1,-8.7,3.6837487053150753,29_1768
O=C(c1ccc2c(c1)c1ccccc1n2Cc1ccc2ccccc2c1)N1CCN(c2ccncc2)CC1,-8.2,3.3758916581462044,29_1769
O=C(Nc1cccc(C(=O)N2CCOCC2)c1)Nc1cccc(-c2cccc(-c3nc4ccccc4[nH]3)c2)c1,-8.7,3.3565609812217083,29_1770
Nc1ncc(-c2cc(-c3cccc(F)c3)cc(-c3ccc4c(c3)OCCO4)c2)cc1-c1ccccc1,-9.7,3.4225499268585846,29_1771
Cn1c(-c2cccc(-c3cccc(NC(=O)Nc4ccc(OC(F)(F)F)cc4)c3)c2)nc2ccccc21,-8.5,3.4384650666887446,29_1772
O=S(=O)(c1cccc(-c2ccc3nncc(-c4ccccc4F)c3n2)c1)c1ccccc1F,-8.7,3.5550187421913977,29_1773
O=C1NCc2c(-c3ccccc3Cl)cccc2-c2ccccc21,-7.3,2.473039525848306,29_1774
O=C(O)Cc1ccccc1Nc1cccc(-c2cccc3ccccc23)c1,-7.9,3.494972466288724,29_1775
O=C(Nc1cccc(-c2cccc(-c3nc4ccccc4[nH]3)c2)c1)Nc1cccc(C(F)(F)F)c1,-9.9,3.2344802145833893,29_1776
O=C(Nc1nc2ccccc2[nH]1)c1cccc(-c2cccc(-c3cccc4ccccc34)c2)c1,-9.6,3.3407103331057586,29_1777
O=C(Nc1ccc(C(F)(F)F)cc1)c1cccc(-c2cccc(-c3ccc4c(c3)OCO4)c2)c1,-8.1,3.550378322436928,29_1778
O=C(CCc1ccccc1)NCc1ccc2c(c1)OCO2,-6.3,3.70930799471984,29_1779
Cn1c(-c2cccc(-c3cccc(NC(=O)Nc4cccc(C(F)(F)F)c4)c3)c2)nc2ccccc21,-10.3,3.4115265543640696,29_1780
O=C(c1cc(Cc2n[nH]c(=O)c3ccccc23)cc(F)c1F)N1CCN(c2cccc(F)c2)CC1,-9.0,3.6757638926067946,29_1781
O=C(Nc1cc(-c2ccccc2)nn1-c1ccccc1F)c1cccc(-c2ccccc2)c1,-8.9,3.4656604978863137,29_1782
Cc1ccc(-c2nc(-c3cc4ccccc4nc3N3CCOCC3)no2)cc1F,-8.5,3.6668357752195595,29_1783
COC=CC(C=COC(=O)c1cc2ccccc2cc1OC)c1n[nH]c(S(=O)(=O)c2cccc(C)c2C)n1,-6.6,3.3373163136098665,29_1784
N#Cc1cccnc1-c1cccc(-c2cccc(-c3cccc(C(=O)N4CCCC4)c3)c2)c1,-8.8,3.5385526410564427,29_1785
O=C(/C=C/c1ccccc1)Nc1ccc(NC(=O)c2cc3ccccc3o2)cc1-c1ccccc1,-7.2,3.350635682041511,29_1786
O=C(CC(Nc1ccc2c(c1)OCO2)C(=O)O)Nc1cccc(-c2cccc(-c3ccc4c(c3)OCO4)c2)c1,-7.3,3.300274078983289,29_1787
O=C(Nc1cccc(-c2cc3ccccc3o2)c1)c1cccc(-c2cccc(-c3ccc4ccccc4c3)c2)c1,-9.4,3.1591598380075365,29_1788
O=C1c2ccccc2C(=O)N1C=C1C=CC(C=Nc2ccccc2-c2cnc3ccccc3c2)=C1,-8.1,3.3456402625377555,29_1789
COc1ccc2c(c1)Oc1cc(OC(=O)c3cccc(F)c3)ccc1C2c1cccc(F)c1C(=O)N1Cc2ccccc2C[C@H]1CNC(=O)Nc1cccc(C(N)=O)c1,-8.9,2.617244103714374,29_1790
O=C(N[C@@H]1CNCC[C@H]1NC(=O)c1ccccc1Nc1ccc(F)c(F)c1)c1cccc(-c2ccccc2F)c1,-8.9,3.377326705971206,29_1791
O=C(N/N=C/c1cccc(-c2cccc(-c3ccccc3CO)c2)c1)c1ccccc1F,-7.6,3.4011758609119718,29_1792
O=C(C1=Cc2cc(-c3ccc(F)c(Cl)c3)ccc2OCCN1Cc1ccccc1)c1ccccc1,-8.8,1.5217493547004635,29_1793
O=C(Nc1ccc(C=CC=Cc2ccncc2)cc1)Nc1cccc(C(=O)O)c1,-7.1,3.5697211856363813,29_1794
Cc1csc(-c2cc(-c3cccc(NC(=O)Nc4cccc(F)c4)c3)nc(C)n2)n1,-8.3,3.640170568072799,29_1795
Oc1cccc(Cn2c(O)c(-c3cccc(-c4cccc(-c5cccc(C6=NCCN6)c5)c4)c3)c3ccccc32)c1,-9.6,3.234246195292077,29_1796
O=C(c1cccc(-c2cccc(-c3cccc4ccccc34)c2)c1)N1CCNCC1,-8.8,3.487914983949728,29_1797
O=C(Nc1cccc(-c2cc(Nc3cccc(C(F)(F)F)c3)ncn2)c1)c1ccccc1,-7.9,3.64409824554827,29_1798
O=C(Nc1cc(C(F)(F)F)cc(C(F)(F)F)c1)Nc1cc(-c2ccccc2)ccc1-n1cncn1,-8.1,3.4835087835144734,29_1799
O=C(Nc1cccc(-c2cccc(-c3ccccc3Cl)c2)c1)c1cccc(C(F)(F)F)c1,-9.3,3.2733973874543887,29_1800
O=C(c1cccc(Cc2n[nH]c(=O)c3c2CCCC3)c1)N1CCN(C(=O)c2ccco2)CC1,-8.4,3.6677134216823957,29_1801
O=C(c1cccc(-c2cccc(-c3cccc(-c4ccc(F)cc4)c3)c2)c1)N1CCN2CCC[C@@H]2C1,-9.8,3.2707771746209913,29_1802
Cn1nnc2cc(-c3cccc(-c4cccc(-c5cccc(-c6ncc[nH]6)c5)c4)c3)ccc21,-9.3,3.4149410470055495,29_1803
O=C(Nc1ccccc1)Oc1cccc(-c2cccc(-c3cccc(-c4cccc(O)c4)c3)c2)c1,-8.5,3.3269131366630744,29_1804
Cc1cc(=O)c(C=NNc2cccc(I)c2)c(O)o1,-6.3,3.5227863491194005,29_1805
O=C(c1cccc(-c2cccc(-c3ccc4ccccc4c3)c2)c1)N1CCN(c2ccccc2)CC1,-8.9,3.206064535475286,29_1806
O=C(c1cccs1)N1CCN(c2cccc(Cl)c2Cl)CC1,-6.1,3.6247173240407555,29_1807
O=c1c2ccccc2n(-c2cccc(C(F)(F)F)c2)c(=O)n1-c1ccc(-c2cccc(-c3nccs3)c2)cc1,-8.2,3.2978588079629096,29_1808
O=C(NCC1=NCc2ccccc2N1)c1cccc(-c2cccc(C(F)(F)F)c2)c1,-8.0,3.6887631494377615,29_1809
O=C(c1cc2cccc(-c3ccco3)c2o1)N1CC(c2ccc3c(c2)OCO3)C1,-8.0,3.559076837506716,29_1810
Clc1ccccc1-c1cc(-c2ccccc2)cc(-c2cccc(-c3nn[nH]n3)c2)n1,-9.9,3.5814322049937344,29_1811
O=C(Nc1cccc(-c2cccc(-c3nc4ccccc4[nH]3)c2)c1)Nc1cccc(-c2cccc(F)c2F)c1,-9.9,3.218592063451191,29_1812
O=C(Nc1cccc(-c2cccc(-c3cccc(-c4nc5ccccc5[nH]4)c3)c2)c1)c1cc(C(F)(F)F)cc(C(F)(F)F)c1,-9.4,3.116176361631202,29_1813
O=C(Nc1cccc(-c2cccc(F)c2F)c1)c1c(-c2cccs2)[nH]n(-c2ccccc2)c1=O,-8.3,3.5216115619512793,29_1814
N#Cc1cccnc1C1=NC(CNC(=O)c2cccc(C(F)(F)F)c2F)C(c2ccccc2)c2ccccc2N1,-8.2,2.504778981162165,29_1815
CCc1ccc(CNC(=O)c2cccc(-c3cccc(-c4nc5ccccc5[nH]4)c3)c2)cc1,-8.9,3.384693045220691,29_1816
N#Cc1ccccc1-c1cccc(-c2cc(NC(N)=O)cc(-c3ccc4c(c3)CCO4)n2)c1,-9.2,3.6032848898400234,29_1817
O=C(c1cccc(-c2cccc(C3=Cc4ccccc4Cc4ccccc43)c2)c1)N1CCCC1,-9.0,2.129069807620527,29_1818
COc1cc2c(cc1OCCCCCCOc1ccc3c(c1)N(C)C(=O)c1cc(Cl)ccc1C(=O)N3)N=CC1CCCN1C2=O,-7.5,1.2969945128357456,29_1819
O=C(N[CH][C@H](Sc1ccccc1)[C@@H](N=C(Oc1ccccc1)c1ccccc1)c1ccccc1Br)Nc1ccccc1,-7.6,2.9512677535851575,29_1820
O=C(Nc1cccc(Nc2ccc3c(C=Cc4ccccc4)[nH]nc3c2)c1)c1cccc(C(F)(F)F)c1,-8.1,3.2344676610376055,29_1821
O=C(c1cccc(-c2cccc(C(=O)N3CCN(c4ccccc4F)CC3)c2)c1)N1CCOCC1,-8.5,3.5987838392028464,29_1822
O=c1c2ccccc2nc(-c2ccccc2)n1-c1nc2ccccc2c(=O)n1-c1ccccc1[N+](=O)[O-],-8.6,3.341022443182878,29_1823
C[n+]1ccccc1-c1cccc(-c2cccc(-c3cccc4c(=O)cc(-c5ccccc5)oc34)c2)c1,-8.9,3.0966890273244436,29_1824
O=C(C=CC=CCc1ccccc1C(=O)Nc1cccc(C(F)(F)F)c1)Nc1c(-c2ccccc2)ncc2cc(F)ccc12,-7.2,3.03137715306592,29_1825
CN(c1cccc(Sc2ccc3c(c2)OC[C@@H](CO)O3)c1)S(=O)(=O)c1ccccc1,-6.4,3.7526956808941683,29_1826
O=C(Nc1cccc(-c2cccc(C(=O)NC3CC3)c2)c1)c1cccc(C(F)(F)F)c1,-8.1,3.638819175150062,29_1827
CC1N=C2C=CC=CN2C(c2cccc(Cc3ccccc3)c2)=C1CC1=CC=C(F)C1,-7.0,3.2228239712697215,29_1828
O=C(C(=O)N1CCN(C(=O)c2ccccc2Cl)CC1)c1c[nH]c2ccccc12,-8.2,3.6576365808003177,29_1829
O=C(O)C=C1C=C(c2cccc(-c3cccc(-c4cccc(C(=O)NC5CC5)c4)c3)c2)C=C1F,-8.1,3.4204057261606655,29_1830
O=C(c1cccc(-c2cccc(Nc3nccc(C(F)(F)F)n3)c2)c1)N1CCCC1,-8.5,3.772912256015175,29_1831
COc1ccc(Nc2nc(-c3cccc(NC(=O)Nc4cccc(F)c4F)c3)cs2)cc1,-7.5,3.5176731857294183,29_1832
Fc1cccc(C2=NOCc3ccccc32)c1N1CCN(C(=S)c2ccc3c(c2)OCO3)CC1,-7.7,3.4107042680476236,29_1833
CC(=O)N=CC(c1ccccc1-c1ccccc1Oc1ccccc1)c1cncnc1N1CCN(c2cccc(F)c2)CC1,-7.2,3.226113330721959,29_1834
O=C(Nc1ccc(S(=O)(=O)Nc2nccs2)cc1)Nc1cccc2cnccc12,-7.7,3.5474814461569397,29_1835
Nc1ncc(-c2cccc(NC(=O)c3ccccc3F)c2)nc1-c1ccc2c(c1)OCO2,-9.0,3.648773084462894,29_1836
O=C(Nc1cccc(-c2cccc(-c3cc4ccccc4[nH]3)c2F)c1)Nc1ccccc1-c1cccc(F)c1,-9.4,3.0669222970336696,29_1837
O=C(Nc1cccc(-c2cccc(-c3cccc(C(F)(F)F)c3)c2)c1)c1ccccc1,-8.35,3.3040276133142337,29_1838
O=C(NCc1ccccc1F)Nc1cccc(-c2cccc(-c3nc4ccccc4[nH]3)c2)c1,-8.7,3.2647391607736935,29_1839
O=C(c1cccc(-c2cccc(-c3ccc4c(c3)OCO4)c2)c1)N1CCN(C(=O)c2ccc(F)cc2F)CC1,-8.9,3.4645763407894306,29_1840
O=C(Nc1cccc(-c2cccc(-c3nc4cc(F)ccc4[nH]3)c2F)c1)c1cccc(C(F)(F)F)c1,-8.850000000000001,3.249901202177252,29_1842
O=C(Cc1cccs1)N[C@H]1C[C@@H]2CN(c3cnccn3)C[C@@H]2c2ccccc21,-6.6,3.7078653126866543,29_1843
O=C(Nc1cccc(-c2cnc3c(NC(=O)c4ccccc4)cccn23)c1)c1cccc(C(F)(F)F)c1,-7.75,3.382308560798931,29_1844
O=C(Nc1cccc(-c2ccco2)c1)c1ccccc1Nc1nc(Nc2ccccc2)nc(N2CCOCC2)n1,-8.9,3.1917960662769085,29_1845
O=c1oc2ccc3ccccc3c2cc1-c1ccc(-c2cccc(-c3ccccc3F)c2)o1,-9.4,3.2621278913246963,29_1846
O=C(Nc1cccc(-c2cccc(-c3nc4cc(F)ccc4[nH]3)c2)c1)c1cccc(C(F)(F)F)c1,-8.75,3.2512717517338245,29_1847
O=Cc1cc2cc(N3CCOCC3)cc(C(=O)Nc3ccccc3)c2nc1-c1ccccc1,-7.9,3.6253004161224345,29_1848
O=C1c2ccccc2C(=O)c2c1cc(Nc1ccccc1C(F)(F)F)c1ccccc21,-8.1,3.5550267715030155,29_1849
O=C(c1cccc(Cc2n[nH]c(=O)c3c2CCCC3)c1)N1CCN(c2ccccc2F)CC1,-8.5,3.675897335476619,29_1850
O=c1c2ccccc2nc(-c2ccccc2)n1-c1cccc(-c2cccc(-c3nc4cc(C(F)(F)F)ccc4[nH]3)c2)c1,-9.5,3.256401698189704,29_1851
COC=CC(=CCC=O)c1cccc(-c2cccc(-c3ccc4ccc(C)cc4c3)c2)c1,-7.9,3.1302758811914737,29_1852
O=C(Nc1cc(C(F)(F)F)cc(C(F)(F)F)c1)c1ccc(N2CCOCC2)cc1N1CCOCC1,-8.3,3.5422385466536355,29_1853
O=c1c2cc(-c3ccccc3)sc2ncn1-c1ccc2c(c1)Oc1ccccc1N2Cc1ccccc1,-7.3,3.274309880893892,29_1854
O=C(Nc1cccc(CO)c1)c1cccc(-c2cccc3[nH]c(=O)c4cc(F)cc(C(F)(F)F)c4c(=O)c23)c1,-8.4,2.3378466297029155,29_1855
O=C(Nc1cccc(-c2cccc(-c3cccc(C(F)(F)F)c3)c2)c1)c1ccccc1,-8.35,3.3040276133142337,29_1856
CCNC(=O)c1cccc(-c2cccc(-c3cccc(-c4cccc(F)c4)c3)c2)c1,-9.0,3.3620874347349297,29_1857
O=C(Nc1cccc(-c2cccc(C(=O)N3CCOCC3)c2)c1)c1cccc(C(F)(F)F)c1,-8.339999999999998,3.7403303840440163,29_1858
CN(Cc1ccccc1)C(=O)c1ccc(NC(=O)c2cc(-c3ccccc3C(F)(F)F)ccc2Oc2ccc(F)cc2)cc1,-7.8,3.1797267469160304,29_1859
O=C(C1=C[C@@H](c2ccc(Cl)cc2)N(c2ccccc2F)N1)c1ccccc1Nc1ccc2c(C=Cc3ccccn3)[nH]nc2c1,-9.3,2.992542067537775,29_1860
O=C(Nc1cccc(-c2cn3ccccc3n2)c1)c1ccc2c(c1)c1ccccc1n2CSC(=S)N1CCN(c2ccccc2)CC1,-6.9,3.169762548651006,29_1861
O=C(Nc1ccc2ccccc2c1)c1ccc(-c2ccccc2[N+](=O)[O-])o1,-7.1,3.601951090067785,29_1862
Cc1c(-c2cccc(-c3cccc(F)c3)c2)nc2ccc(F)cc2c1C(=O)NCc1ccccc1,-9.2,3.3671299012688722,29_1863
O=C(c1ccc(NS(=O)(=O)c2cccc3cccnc23)cc1)N1CCN(c2ccccc2F)CC1,-8.0,3.6672551670909352,29_1864
O=C(Nc1ccccc1C(=O)Nc1cccc2ccccc12)c1cccc(-c2cccc(-c3ccccc3)c2)c1,-7.0,3.1759082124056315,29_1865
Cn1ccc2cc(-c3cc4nccc(-c5cccc(NC(=O)c6ccccc6C(F)(F)F)c5)n4n3)ccc21,-8.1,3.4738620766985324,29_1866
O=C(Nc1cccc(-c2cccc(-c3nc4cc(F)ccc4[nH]3)c2)c1)c1ccccc1F,-8.609999999999998,3.443853177840764,29_1867
CCC1=CC(=NC(=O)Nc2cccc(-c3cccc(-c4cccc(C(F)(F)F)c4)c3)c2)C=C1,-8.8,3.463283195234148,29_1868
NC(=O)C(CSCc1ccccc1C(=O)Nc1cccc(Oc2ccccc2)c1)NC(=O)c1ccccc1,-6.4,3.3760395007764936,29_1869
O=C1NC(=O)C(c2cnc3ccccn23)=C1c1cn2c3c(cccc13)CN(C(=O)N1CCOCC1)CC2,-9.1,2.3457155031188903,29_1870
O=C(Nc1ccc2cc[nH]c2c1)c1cccc(-c2cccc(-c3cccc4c(=O)cc(-c5ccccc5)oc34)c2)c1,-9.0,3.2739995032478517,29_1871
O=C(Nc1ccccc1C(=O)O)c1cccc(-c2cccc(-c3ccco3)c2)c1,-8.1,3.612433789339889,29_1872
O=C(Nc1cccc(-c2cccc(-c3nc4cc(F)ccc4[nH]3)c2F)c1)c1ccccc1,-8.5,3.443853177840764,29_1873
O=C(Nc1cccc(-c2cccc(-c3nc4cc(C(F)(F)F)ccc4[nH]3)c2)c1)c1cccc(C(F)(F)F)c1,-8.0,3.248946671823277,29_1874
O=C(O)c1ccc(Cn2cc(-c3cccc(-c4cccc(C(=O)N5CCOCC5)c4)c3)nn2)cc1,-8.5,3.6390057072256576,29_1875
O=C(Nc1cccc(F)c1)c1cccc(-c2cccc(-c3nc4cc(C(F)(F)F)ccc4[nH]3)c2)c1,-8.6,3.2512717517338245,29_1876
CCN(c1ccccc1)c1cccc(-c2cc(-c3cccc(C(=O)O)c3)nn2C2CCCC2)c1,-7.7,3.5405684925507157,29_1877
O=C(Nc1cc(-c2ccccc2)nn1-c1ccccc1F)c1ccc2ccccc2n1,-8.7,3.5921690942087308,29_1878
O=C(N[C@H]1CC[C@@H](c2cccc(-c3cc4ccccc4[nH]3)c2)CC1)c1ccccc1,-7.7,3.364734799899103,29_1879
O=C(c1ccccc1)N1CCN(c2nc(-c3ccccc3)nc3c2Cc2ccccc2-3)CC1,-9.5,3.501686401807876,29_1880
COc1ccc(-c2cccc(C(=O)N3CCOCC3)c2)cc1-c1cccc(C2=CNCC(N3CCOCC3)=N2)c1,-9.0,3.442003955129009,29_1881
O=C(Oc1cccc(-c2cccc(-c3ccc4ccccc4c3)c2)c1)c1ccc2ccccc2c1,-8.9,3.066084361979714,29_1882
Cc1ccc(C(c2ccccc2)N2CCC(C(=O)N3CCOCC3)CC2)cc1,-7.4,3.544354898339016,29_1883
O=C(Nc1ccccc1)c1cccc(NC(=O)c2ccccc2CO)c1,-6.7,3.653428007366566,29_1884
O=C1NN=C(c2ccccc2)OCN2c3ccccc3Oc3cc(Cl)c1cc32,-8.3,1.4877014942884204,29_1885
O=C(CC(c1ccc(Cl)cc1)c1cccc2ccccc12)Nc1cccc(-c2cccc(-c3ccccc3F)c2)c1,-8.9,2.974700158264876,29_1886
O=C(Nc1cccc(-c2cccc(-c3ccccc3Oc3ccccc3)c2)c1)c1cncc(F)c1,-8.4,3.4043917807463115,29_1887
O=C(Nc1cccc(-c2cccc(C(=O)N3CCOCC3)c2)c1)c1cccc(C(F)(F)F)c1,-8.339999999999998,3.7403303840440163,29_1888
Cc1ccc(C(=O)Nc2ccccc2C(=O)N2CCN(S(=O)(=O)c3ccc(C)cc3)CC2)cc1,-7.1,3.7562393467636195,29_1889
O=C1N[C@H](c2ccccc2)CN1C(=O)c1cccc(Cc2n[nH]c(=O)c3ccccc23)c1,-8.7,3.6643353042853493,29_1890
Nc1cc(-c2ccccc2)nc2c1C(c1ccccc1)c1cccccccc-2c1C(=O)O,-7.5,1.2838445698846206,29_1891
O=C(OCC1CCCO1)C1=CCOc2c(c(=O)oc3ccccc23)C1c1cccc(C(F)(F)F)c1,-9.2,2.5112119271714395,29_1892
O=C(Nc1cccc(-c2cccc(C(=O)N3CCOCC3)c2)c1)c1cccc(C(F)(F)F)c1,-8.339999999999998,3.7403303840440163,29_1893
O=C(Nc1cc(S(=O)(=O)N2CCOCC2)ccc1O)c1ccccc1F,-7.3,3.6415480081179745,29_1894
O=C(Cc1cccc(-c2cc3ccccc3o2)c1)Nc1cccc(-c2cccc(-c3ccccc3F)c2)c1,-9.3,3.127315218204825,29_1895
N#Cc1cccnc1-c1cccc(-c2cccc(C(=O)Nc3cccc(C(F)(F)F)c3)n2)c1,-7.9,3.670898911762399,29_1896
O=C1COc2cc3ncnc(NCC=CC=C[N+](=O)[O-])c3cc2N1Cc1ccccc1Cl,-6.8,3.493179497645382,29_1897
O=C(c1cccc(-c2cn3cc(-c4ccc(-c5ccccc5)cc4)ccc3n2)c1)N1CCOCC1,-8.1,3.4399184725583676,29_1898
O=C1C=C(c2cc(NC(=O)c3cc(-n4cnc(C5CC5)c4)c(N4CCCCCC4)cn3)ccc2F)C(=O)N1,-7.0,2.372682908340892,29_1899
Fc1ccc(-c2cccc(-c3cccc(-c4ccn(C5C=CC=CC5)n4)c3)c2)cc1,-8.5,3.3493798889093753,29_1900
O=C(Nc1cc(Cl)ccc1Br)c1cccc(-c2ccc3ccccc3c2)c1,-8.0,3.3848194893423784,29_1901
O=C(Nc1cccc(-c2cccc(C(=O)N3CCOCC3)c2)c1)c1cccc(C(F)(F)F)c1,-8.339999999999998,3.7403303840440163,29_1902
O=C(Nc1cc(-c2cccc(-c3ccccc3F)c2)c2ccccc2n1)c1cccc(C(F)(F)F)c1,-8.5,3.205809631110813,29_1903
COc1cc(NC(=O)c2cccc(Nc3cccc(-c4cccc(CCCO)c4)c3)c2)ccc1Oc1ccc(C(F)(F)F)cc1-n1cccn1,-7.9,2.922476100419409,29_1904
O=C(c1ccc2c(-c3cccc(-c4ccccc4F)c3)cccc2c1)N1CCN(C(=O)c2cccc(F)c2F)CC1,-8.9,3.2584892183255008,29_1905
O=C(c1cc(Cc2n[nH]c(=O)c3ccccc23)ccc1F)N1CCN(c2ccnc3cc(Cl)ccc23)CC1,-8.7,3.5363740055588284,29_1906
O=C(O)c1ccc(-c2cccc(-c3cc4ccccc4[nH]3)c2)cc1,-7.2,3.446189257470743,29_1907
COc1cccc(-c2cccc(-c3cc(-c4ccnc(C(=O)O)c4)c4ccn(C)c4c3)c2)c1,-8.5,3.4923936505768043,29_1908
C[C@@H](O[CH]n1cnc2c(N)nc(-c3cccc(C(=O)O)c3)nc21)S[C@H](N)CO,-6.5,3.162088792675547,29_1909
O=S(=O)(Nc1cccc(-c2c(O)ccc3cc(-c4cccc(O)c4)ccc23)c1)c1ccccc1,-7.4,3.4089673962604117,29_1910
N#Cc1cccnc1-c1cccc(-c2cccc(NC(=O)c3cccc(-c4ccccc4F)c3)c2)c1,-8.3,3.4171596091548677,29_1911
O=C(c1cc2cc(-c3cccc(CN4CCCCC4)c3)ccc2[nH]1)N1CCN(c2cccc(C(F)(F)F)c2)CC1,-8.0,3.407208396966505,29_1912
O=C(Nc1cccc(-c2cccc(-c3nc4cc(F)ccc4[nH]3)c2)c1)c1ccccc1F,-8.609999999999998,3.443853177840764,29_1913
O=C(O)[CH]c1ccccc1C(=O)N([CH]c1ccccc1)c1cccc(-c2cccc(-c3ccc(Cl)cc3)c2)c1,-8.4,3.2605304245709474,29_1914
Nc1cc(F)ccc1Nc1ccc2c(=O)c3ccccc3n(Cc3ccccc3)c2c1,-7.9,3.3202473858385506,29_1915
O=C(Nc1ccc2c(c1)OCCO2)c1cccc(-c2cccc(-c3nc4cc(F)ccc4[nH]3)c2)c1,-8.9,3.490779499468448,29_1916
O=C(c1ccc2c(c1)OCO2)c1nc2cc(F)ccc2n1Cc1cccc(C(F)(F)F)c1,-8.4,3.519628848859573,29_1917
O=C(COc1cccc(Nc2ccccc2)c1)Nc1cc(-c2ccc3c(c2)CCO3)nc2ccccc12,-8.7,3.3918627176495466,29_1918
O=C(Nc1ccc(Nc2ncccc2-c2ncnc3[nH]cnc23)cc1)c1ccccc1-c1ccccc1,-8.2,3.3776288364583618,29_1919
O=C(c1cc2ccccc2[nH]1)N1CCN(c2ccc(F)cc2)CC1,-7.5,3.6684716694948136,29_1920
O=C(Nc1cccc(-c2cccc(-c3cccc(F)c3)c2)c1)c1ccccc1,-8.149999999999999,3.3812540668581823,29_1921
O=c1[nH]c2cc3c(cc2cc1-c1nc2ccccc2c(=O)n1O)CCC3,-8.5,3.569883843661801,29_1922
O=C(Nc1ccccc1Cl)c1cccc(-c2cccc(-c3cccc(C(=O)N4CCOCC4)c3)c2)c1,-8.8,3.5467023654418024,29_1923
O=C(O)c1cccc(-c2ccccc2NS(=O)(=O)c2cccc(F)c2)c1,-7.3,3.742020101573255,29_1924
Cc1ccc(NC(=O)C2CCN(c3nc4ccccc4n3CCc3ccc(F)cc3)CC2)cc1,-7.8,3.6126050691497547,29_1925
Cc1ccc(C(=O)Nc2cccc(-c3cc(=O)c4cccc(-c5ccccc5O)c4o3)c2)cc1,-8.5,3.3710369089516963,29_1926
O=C(Nc1cccc(-c2nn[nH]n2)c1)c1cccc(-c2cccc(-c3ccc4c(c3)OCO4)c2)c1,-8.1,3.406751902687839,29_1927
O=C1NCC2NN=C(C(c3ccccc3)c3ccccc3)C=C2Cc2c1cccc2-c1cccc(O)c1,-8.3,1.551320340119008,29_1928
CCOC1=CC=C(c2cncc(-c3cccc(-c4cccc5ccccc45)c3)c2)CC=C1,-8.7,2.3317061720002332,29_1929
Cc1ccccc1,-3.7,2.676213468669633,29_1930
O=C(c1nc2ccccc2n1-c1ccccc1)N1CCN(S(=O)(=O)c2cccc(-c3cccc(-c4ccccc4)c3)c2)CC1,-9.0,3.3267870254736116,29_1931
O=C(c1ccc(-c2cccc(F)c2)cc1)n1ccc2cc(-c3cccc(-c4ccccc4Cl)c3)ccc21,-8.2,3.136004896583095,29_1932
O=C(O)CC1=CC(=NC(=Nc2ccccc2Cc2ccccc2)c2cccc(-c3ccccc3)c2)C=C1,-8.9,3.2928474642486005,29_1933
C[C@H](NC(=O)c1cc2cc(Cl)ccc2n1C)c1ccccc1,-6.9,3.6475942162159347,29_1934
O=C(NCCCO)c1cccc(-c2cccc(-c3cccc4c(=O)cc(-c5ccccc5)oc34)c2)c1,-8.0,3.36100753883054,29_1935
C[S+]([O-])c1cccc(-c2cccc(-c3cccc4c(=O)cc(N5CCOCC5)oc34)c2)c1,-8.4,3.574730232031137,29_1936
O=C(Nc1cccc(-c2cccc(N3CCCC3)n2)c1)Nc1cccc(-c2cc3ccccc3o2)c1,-9.6,3.413432447369627,29_1937
O=C(Nc1nc2c(s1)CCC2)c1cccc(-c2cccc(-c3nc4cc(F)ccc4[nH]3)c2)c1,-8.5,3.4902086980770295,29_1938
O=C(Nc1ccccc1)c1cc2ccccc2cc1NC(=O)c1cc2ccccc2c2ccccc12,-9.1,3.256245449582959,29_1939
CC(C)NC(=O)[C](c1cccc(-c2cc(-c3cccc(C(=O)O)c3)cc(C(F)(F)F)c2)c1)c1ccccn1,-8.6,3.490698004499899,29_1940
CNC(=O)c1cccc(-c2cccc(-c3nc4ccccc4n3C)c2)c1,-8.2,3.623746682321208,29_1941
Oc1cccc(-c2cc(-c3cccc(C(F)(F)F)c3)nc3c2Cc2cccc(F)c2-3)c1,-9.0,3.4312168506522394,29_1942
O=C1CCN2CCC[C@H]2CNc2nc(Nc3ncc4c5ccncc5n(C5CCCC5)c4n3)ccc21,-8.1,1.1149459001767523,29_1943
O=C(Nc1cccc(-c2cccc(-c3nc4ccccc4[nH]3)c2)c1)c1cccc(Oc2ccccc2)c1,-7.7,3.33583727827361,29_1944
COc1ccc(-c2cc(-c3ccccc3)c(C#N)c(N)n2)cc1,-7.0,3.7456532737189723,29_1945
O=C(Nc1cccc(-c2cccc(-c3nc4ccccc4[nH]3)c2)c1)c1cccc(C(F)(F)F)c1,-8.533333333333333,3.31558797004833,29_1946
CC(=O)Nc1cccc(CNc2cccc(-c3cc(-c4ccc(F)cc4F)no3)c2)c1,-7.4,3.620727540942167,29_1947
O=C(c1cccc(-c2cccc(-c3ccccc3OC(F)(F)F)c2)c1)N1CCCC1,-7.8,3.57397708407729,29_1948
O=C(Nc1cccc(C=C2C=Nc3ccc(-c4ccc(Cl)c(Cl)c4)nc32)c1)c1ccccc1,-7.9,3.5635257578134096,29_1949
O=C(Nc1ccc(-c2ccnc(-c3ccco3)c2)cc1)Nc1cccc(-c2cccc(F)c2F)c1,-8.3,3.4296928142681846,29_1950
CNCC(C)(COc1cccc(C(N)=O)c1)Oc1cccc(-c2ccc3cccc(F)c3c2)c1,-7.8,3.56499863205875,29_1951
O=C(Nc1cccc(-c2ccnc(NCCCO)c2)c1)c1cc(-c2ccccc2)nc2ccccc12,-7.9,3.302082834640923,29_1952
O=c1[nH]c2c(nc1-c1cccc(-c3cccc(C(F)(F)F)c3)c1)=CCCC=2,-7.9,3.6632741617244546,29_1953
O=C(Nc1ccc2c(c1)C(=O)NC2=O)c1cccc(-c2cccc(-c3ccc4c(c3)OCO4)c2)c1,-8.7,3.3869711859908795,29_1954
OC1CCN(c2ccc(-c3cc(-c4ccccc4)cc4sncc34)cc2)CCc2ccncc21,-8.3,1.6127889712456738,29_1955
O=C(Nc1cccc(Nc2cccc(-c3cccc(-c4cccc(F)c4)c3)c2)c1)c1ccccc1-c1ccccc1,-7.5,3.09234394184797,29_1956
N#Cc1cccnc1-c1cccc(-c2cccc(-c3cccc(Oc4ccc(C(=O)O)cc4)c3)c2)c1,-7.8,3.4348906084117505,29_1957
O=C(c1cccc(-c2cccc(-c3cccc(F)c3)c2)c1)N1CCN(c2cccc(C(F)(F)F)c2)CC1,-8.625,3.323511212462599,29_1958
O=C(c1cccc(-c2cccc(-c3ncccc3CO)c2)c1)N1CCN(S(=O)(=O)c2cccc(F)c2)CC1,-8.1,3.6177023605287424,29_1959
O=C(O)C=CC=CCC=CC=C/C=C1\S/C(=N\c2ccc(F)cc2)N(c2ccc(F)cc2)C1=O,-7.1,3.4546704204145913,29_1960
O=C(c1cccc(F)c1)N1C[C@H]2CN(Cc3cccc(C(F)(F)F)c3)CC[C@H]2C1,-7.8,3.468729635595917,29_1961
O=C(Nc1cccc(-c2cccc(-c3cccc(-c4ccccc4F)c3)c2)c1)c1ccccc1,-9.1,3.188129789925851,29_1962
O=C(Nc1nc2cc(-c3cccc(-c4cccc(C(F)(F)F)c4)c3)ccc2[nH]1)c1ccccc1Br,-9.0,3.2326132964572873,29_1963
Cc1cc(OC(=O)Nc2ccccc2)ccc1-c1cc2ccccc2nc1C1C=CC=COC1,-7.2,2.5926849879254883,29_1964
O=C(NCCCO)c1cccc(-c2cccc(-c3cccc(-c4cccc(C(=O)Nc5cccc6ccccc56)c4)c3)c2)c1,-8.7,3.0210146271316547,29_1965
CC=CC=CC(=O)NC(=O)N1Cc2ccccc2C(=Nc2cccc(C(F)(F)F)c2)N1,-8.1,3.585793442710153,29_1966
Cn1c(-c2cccc(-c3cccc(NC(=O)c4cccc(C(F)(F)F)c4)c3)c2)nc2ccccc21,-8.149999999999999,3.449135448355882,29_1968
O=C(Nc1c2c(nn1-c1cccc(Cl)c1)CS(=O)(=O)C2)c1ccc2c(c1)OCO2,-8.0,3.5924813418148203,29_1969
O=C(Nc1cccn2c(-c3cccc(NC(=O)c4ccccc4Cl)c3)cnc12)c1ccccc1,-7.4,3.5177684212074407,29_1970
O=C1NC(=S)NC(=O)C1=Cc1cccc(-c2cccc(Nc3ccccc3)c2)c1,-9.2,3.502130781227252,29_1971
CC1=CC(c2nnc3ccc(-c4ccc(F)c(F)c4)cn23)C=CC=CCC=C1,-7.5,1.437585044766943,29_1972
O=C(c1cccc(-c2cccc(-c3cccc(C(F)(F)F)c3)c2)c1)N1CCN2CCC[C@H]2C1,-8.75,3.4231086818631784,29_1973
C=c1c(=C(N=CC2=CC=C2)c2ccccc2-c2ccc3c(c2)OCCO3)ncn1CCCO,-7.1,3.569965618158286,29_1974
O=C(Nc1cccc(-c2cccc(-c3nc4cc(C(F)(F)F)ccc4[nH]3)c2)c1)Nc1ccc(F)cn1,-8.0,3.2127698367210797,29_1975
O=C(Nc1cccc(-c2cccc(-c3nnco3)c2)c1)c1cccc(-c2ccc3ccccc3c2)c1,-8.3,3.4515050132841107,29_1976
O=[N+]([O-])c1cccc(-c2cccc(NC(O)=NO)c2)c1,-6.4,3.171030511893483,29_1977
O=C1Nc2cc(-c3cccc(-c4ccccc4C(=O)Nc4cccc(F)c4)c3)ccc2C1=O,-8.4,3.5445749052703137,29_1978
O=C(Nc1cc(C(F)(F)F)cc(C(F)(F)F)c1)c1cc(-c2ccccc2)nc2ccccc12,-8.2,3.462169761174984,29_1979
O=C(Nc1ccc(C2=CCN(C(=O)c3ccncn3)CC2)cc1)N1Cc2ccncc2C1,-7.2,3.683559637276214,29_1980
O=c1[nH]c2ccc(Cl)cc2c(-c2ccccc2)c1-c1nc2c(Cl)ccc(Cl)c2c(=O)n1-c1cccc(C(F)(F)F)c1,-9.1,3.242027198717653,29_1981
O=C(c1cccc(-c2ccc(C(=O)N3CCN(c4ccccc4)CC3)cc2)c1)N1CCOCC1,-8.4,3.5953511473089197,29_1982
O=C(c1cccc(-c2cccc(-c3nc4cc(F)ccc4[nH]3)c2)c1)N1CCOCC1,-8.533333333333333,3.6772373759728456,29_1983
O=C(Nc1cccc(-c2cncc(NC(=O)c3ccc4c(c3)OCO4)c2)c1)c1cccc(C(F)(F)F)c1,-9.0,3.5614031618961275,29_1984
CCn1c(SCc2cccc(OC)c2)nc2ccccc21,-5.8,3.6186243677539878,29_1985
O=C1C=CC=Cc2cccc3cccc1c23,-5.8,1.3086304121487067,29_1986
O=c1cc(-c2ccccc2)oc2cc(-c3ccccc3)ccc12,-7.7,3.440325773868948,29_1987
N#Cc1cccnc1-c1cccc(-c2cccc(-c3cccc(C(=O)N4CCNCC4)c3)c2)c1,-8.6,3.6433678319260787,29_1988
N#Cc1ccccc1-c1cccc(-c2cccc(-c3ccc(-c4cc5ccccc5nc4-c4ccccc4N)cc3)c2)c1,-8.4,3.0909379269916633,29_1989
CN(C(=O)c1cccc(-c2ccccc2F)c1)c1cccc(-c2cccc(-c3nc4ccccc4n3C)c2)c1,-8.4,3.264564745605391,29_1990
Cn1c(-c2cccc(-c3cccc(NC(=O)c4cccnc4)c3)c2)nc2ccccc21,-8.3,3.4611438132093957,29_1991
Oc1cccc(-c2cccc([C@@H]3c4ccccc4Cc4cc(O)ccc4[C@H]3Cc3ccccc3)c2)c1,-8.5,2.227281769400877,29_1992
O=C(Nc1cc(-c2ccccc2)no1)c1ccc(NC(=O)c2ccccc2OC(F)(F)F)cc1,-7.3,3.5883081987726166,29_1993
O=C(Nc1nc2ccccc2s1)c1cccc2c1CN(c1ccc(-c3cccc(-c4ccccc4F)c3)c(C(=O)O)n1)CC2,-7.3,3.269251387034557,29_1994
O=C(NN=c1c2ccccc2ccc2cc3ccccc3cc12)c1cc2ccccc2cc1-c1ccccc1,-9.5,2.2003679217832977,29_1995
O=C(Nc1cccc(-c2ccc3c(c2)OCCO3)c1)c1cccc(-c2cccc(-c3ccc4c(c3)OCO4)c2)c1,-9.4,3.285615188176293,29_1996
O=C(c1cccc(-c2cccc(-c3cccc(-c4cccc(F)c4)c3)c2)c1)N1CCN2CCCC2C1,-9.8,3.2707771746209913,29_1997
NCc1ccccc1-c1cc(-c2ccc(F)cc2)no1,-6.7,3.6997864529589837,29_1998
Fc1ccc(Nc2nc(-c3cccc(F)c3F)cs2)cc1-c1ccc(C(F)(F)F)cc1,-8.2,3.471786991791529,29_1999
