smiles,docking,drug_likeliness,names
COc1ccccc1N1CCN(C(=O)Cn2nc(C)n3cccc3c2=O)CC1,-7.4,3.665543971275121,3_1
NC[C@H]1C[C@@H]1c1ccccc1OCCc1ccccc1,-6.4,3.5543116761893967,3_2
CN(CC(=O)N(Cc1ccc2c(c1)OCCO2)Cc1ccccn1)CC(F)(F)F,-6.7,3.712339750367548,3_3
Cc1nn(C)cc1-c1nccc(NC2CCCCC2C)n1,-6.7,3.7227035172083465,3_4
COc1ccc(-n2c(-c3ccccc3O)nc3ccc(-c4nncc5ccccc45)cc32)cc1,-7.9,3.4351953925104732,3_5
O=C(Cc1ccc(OC(F)(F)F)c(F)c1)NC1CC1,-5.5,3.50901483825133,3_6
CC=CCc1cc(C)cc(O)c1NC(=O)CC(C)CC/C=C(\C)CCC=C(C)C,-5.5,3.221111920923427,3_7
Cc1ccc(S(=O)(=O)N2CCCc3ccccc32)cc1C,-6.7,3.5948242984248697,3_8
C=C1CCC[C@@H]2Nc3ccc(Br)cc3[C@]12CCN1C(=O)c2ccccc2C1=O,-7.2,3.4027611411806933,3_9
Cc1cc(S(=O)(=O)Nc2ccc(NC(=O)c3cccc4cc5ccccc5nc34)cc2)[nH]n1,-7.8,3.3979807451420694,3_10
CO[CH]C[C@]1(C)[C@@H](C2C[C]2C)[CH]C2C[CH][C@@H](OC(=O)c3ccccc3)CC[C@@]21O,-6.4,2.404475271218669,3_11
Cn1cc(C(=O)NCCc2ccncc2)[nH]cc(NC(=O)C2C=NC=CC2)ccc1=O,-6.5,1.384796737784729,3_12
CS(=O)(=O)N1CCCCC1C(=O)NCCOc1cccc(Cl)c1,-5.6,3.58085288123359,3_13
CCN(CC)/N=C\c1cn(CCC(C)C)c2ccccc12,-5.6,3.454888690735237,3_14
CSC1CCCC(NC(=O)N2CCOC(C)C2)C1,-5.3,3.3161682340533187,3_15
COc1cc(C=CCOC(=O)/C=C/c2ccc(OC)c(OC)c2OC)ccc1O,-6.1,3.6166389377052024,3_16
OCCCI,-2.7,1.5084846024087923,3_17
CCCCCCN=C(N=c1cc(C)[nH]c(C(=O)N2CCN(c3cccc(C)c3C)CC2)c1)NCc1cccc(OC)c1OC,-7.2,3.243429216243946,3_18
Cc1cc(C)c(C(=O)OCc2cc(=O)n3nc(-c4cccs4)sc3n2)o1,-6.8,3.4925419645141456,3_19
O=C(CN1CCN(c2nn3cnnc3c3ccccc23)CC1)N(Cc1ccsc1)C1CCCCC1,-7.2,3.4544827967637515,3_20
CCCCCCSc1nc2c(c(=O)[nH]c(=O)n2C)n1Cc1ccccc1Cl,-6.3,3.6177307559594585,3_21
COc1ccc(-n2nc(C(=O)O)cc2-c2ccc(F)cc2)nn1,-7.0,3.7115563339907243,3_22
CN(CCCc1csc2ccccc12)C(=N)N=C(N=CN1C(C(F)F)=NC2C1N(C)C(=O)N2C)N1CCOCC1,-7.7,3.2845291096658604,3_23
CC(C)[C@H](CO)Nc1nc(Nc2ccc(-c3cccnc3)cc2)c2ncn(C(C)C)c2n1,-6.3,3.497359114743422,3_24
O=C(N[C@H]1CCc2ccccc21)C1(O)CCOC1,-6.1,3.420243748594756,3_25
C/C=C/c1ccc(OCCCn2ccnc2)cc1,-5.1,3.5322821317282784,3_26
CSc1nc(-c2ccccc2)no1,-5.4,3.469469868077158,3_27
CN(/N=C/c1sccc1CCCc1ccccc1)S(N)(=O)=O,-6.2,3.661717865209318,3_28
COC(=O)C1CCCN1N=C1C=Cc2ccc(OC)cc21,-6.7,3.47570165045192,3_29
COc1cccc(-c2cc(NC=O)c3ncc(-c4cnn(C)c4)n3c2)c1,-7.8,3.677355596952281,3_30
CSc1nc2cnc(Cl)cc2s1,-4.5,3.3260825062076904,3_31
C=C1CCOC(CC[C@@]2(C)C(C)CC[C@@H]3[C@@H]2CC[C@]2(C)C(=O)CC[C@@H]32)Oc2cc(Cl)ccc21,-7.6,1.216977948259192,3_32
Cc1cc(NC(=O)CCc2ccccc2)n(-c2cccc(Cl)c2)n1,-5.8,3.741805557430683,3_33
C[C@@H]1CC(=O)C(=Cc2ccccc2O)N1C,-5.3,3.438017993653615,3_34
COc1ccc(CCN2CCCN=C2C)cc1OC,-5.3,3.5561367950701985,3_35
CCCCCCc1ccc(Cc2[nH]c(=S)[nH]c(=O)c2C)cc1,-5.7,3.5217985591692766,3_36
CN(C)C[n+]1ncc(C2c3ccccc3Oc3ccccc32)s1,-6.4,3.639530551611709,3_37
CNc1nc(-c2ccc(F)cc2)c(-c2ccnc3ccccc23)s1,-7.3,3.6651221152633795,3_38
Cc1[nH]c2c(c1CCC(=O)O)=CCC=CC=CC[C@@H](C)NC(=O)Nc1ccc3c(c(O)[nH]c3c1)C=2,-9.0,1.854827281873273,3_39
CC(C)c1cnc2c(c1SCC(=O)Nc1ccc(C(N)=O)cc1)c(=O)n(C)c(=O)n2C,-6.9,3.516247821218804,3_40
COC=c1cc2oc3c(Br)c(=O)c(O)c(O)c3c(O)c2c1OC,-6.5,3.48083761175594,3_41
COc1cc(NC(=O)c2ccccc2)c(OC)cc1NC(=O)CN1C(=O)NC2(CCCC2)C1=O,-7.3,3.408772748998504,3_42
COC1=CC=C(CN2C=C(C(=O)O)C(=O)c3ccc(N4CCNCC4)cc3C2)OC(OC)=C1,-7.5,2.3342228028412015,3_43
Cc1cccc(Cn2cc(CSc3nnc(-c4ccccc4)c(-c4ccccc4)n3)nn2)c1,-6.2,3.4199529311538694,3_44
CCN(CC)C(=O)CN1C(=O)C(=O)N(Cc2ccc([N+](=O)[O-])cc2)C1=O,-5.5,3.1939881129049144,3_45
CCN(Cc1cc(Cl)ccc1Cl)S(=O)(=O)c1cccc(C(=O)Nc2ccc(S(=O)(=O)Nc3ncccn3)cc2)c1,-6.5,3.2835038537072743,3_46
CNCC=C1Sc2c1ncnc2N(C)C,-5.0,3.537922987687495,3_47
O=C1OCC(OCCN2CCOCC2)=C1c1coc2cccc(O)c2c1=O,-7.0,3.497780130157947,3_48
O=C(NCCN1CCCCC1)c1ccoc1,-4.8,3.515210709255215,3_49
COc1ccc(C(=O)CC(=O)c2ccccc2F)cc1OC,-6.0,3.6138290057011426,3_50
O=C(Nc1ccccc1)c1cc(CCCO)nc2ccccc12,-6.5,3.6959192376676127,3_51
CCOC(=O)N1CCC(N2CCC[C@H](N(C)CCc3ccccn3)C2)CC1,-5.9,3.488026797183387,3_52
Cc1csc([C@H](C)N(C)C(=O)c2[nH]nc3c2COCC3)n1,-6.6,3.7316533924438704,3_53
COc1cccc(N2CC(C(=O)NCc3ccccn3)CC2=O)c1,-7.4,3.7857666429246386,3_54
CN(C)CCCNc1nc2ccccc2c2c1c1ccccc1n2C,-6.8,3.617501689486217,3_55
COc1ccc(F)c(CN(C)C)c1Cl,-4.5,3.403856283273178,3_56
CC(C)(COc1ccc(-c2ccc(-c3nc(C(F)(F)F)c[nH]3)cn2)cc1)C(=O)O,-6.5,3.7274200764527636,3_57
CC(=O)Nc1ccc(SC[C@@H](Cc2ccccc2)N2CCN(C/C=C/c3ccccc3)CC2=O)cc1,-7.0,3.5332579201567422,3_58
Cc1cccc(C)c1NC(=O)CCCCCNC(=O)CCCc1ccc(N(CCCl)CCCl)cc1,-6.1,3.309271551619056,3_59
N#Cc1ccc(C(=O)NC[C@@H]2CN(CCC3=CC=COCC3)c3ccccc3O2)cc1,-7.4,2.7020509117697644,3_60
Oc1ccc(O)n1Cc1nc(-c2ccccc2)no1,-6.6,3.6383994013219287,3_61
OCc1cc2cc(CNC3CCCCC3)oc2cc1O,-6.4,3.6347020221435797,3_62
COc1ccc(Oc2ccnc3sc(C(N)=O)c(N)c23)cc1,-6.4,3.704755504731958,3_63
COC=CC=C(Cl)CN(C)C(=O)c1ccc(OC)c(NC(=O)c2cc(-c3ccc(F)cc3F)ccn2)c1,-6.6,3.5192705519499805,3_64
CC(c1ccccn1)c1nc2ccccc2n1C1CC(=O)N1,-6.5,3.7073550032245226,3_65
CCOC1Cc2ccccc2[C@]2(CC[C@@H](NCC3CCCCC3)CC2)O1,-7.4,3.2912594939472735,3_66
C#CCN(CC(=O)Nc1ccccc1C)NC(=O)C1CCCC1,-5.6,3.5194488836624136,3_67
CC=CC=C1COC[C@H]2C(NC(=O)OCCCCC3CCCCC3)C(=O)NC2C([CH]C(=O)NC(C=O)CCCC)=C1CCCC,-5.8,0.8417751596364438,3_68
COCCNc1nc(-c2c(C)cc(C)cc2C)ccc1C(N)=O,-6.3,3.703338473455295,3_69
CCCCCP(=O)(O)C1=CCC(NC(=O)CCCCCNC(=O)c2ccc(I)cc2)C(=O)N1Cc1ccccc1,-4.9,3.056713127153439,3_70
CC(C)(C)[C@@H]1C=C(C(=O)O)[C@H](c2ccc(Cl)cc2Cl)N1S(=O)(=O)c1ccccc1,-7.3,3.7414651552915608,3_71
CNC[C@@H](O)[C@H](c1ccccc1)N(C)c1ccc(C)cc1,-5.4,3.6211358335595225,3_72
CC(C)c1cc(O)n(C(=O)/C=C/[C@@H](NC(=O)C(Cc2ccccc2)NC(=O)C(C)(C)NC(=O)OCc2ccccc2)C(C)C)c1C(=O)O,-6.9,2.899443140094616,3_73
C=Cc1ccc(N2CCC(c3nc4ccccc4n3CCCCOc3cc(C)ccc3F)CC2)[nH]1,-6.4,3.4546888106709353,3_74
C[C]1O[C@@H](c2ccc(C(C)C)c(C=O)c2C#N)CC[C@H]1C,-6.0,3.4947426060227933,3_75
C[C@@H](C1CCCCC1)N(C)C(=O)c1cc2ccc(F)cc2n1C,-6.2,3.577454010509082,3_76
O=C1C[C@H](c2ccc(-c3c(O)ccc4[nH]c(=O)c5sccc5c34)cc2)NN1,-8.4,3.4822836065029312,3_78
CCc1nccn1CCC(=O)N1CCC[C@H]1c1nc(C)no1,-6.0,2.5170267177113965,3_79
CCCCOCCC1N=C(C=NC(=CNC)c2ccc(CNC(=S)Nc3ccc(N4CCN(C)CC4)cc3F)cc2)CC(=O)N1C,-5.3,2.9503061438516602,3_80
CCOc1ccc(S(=O)(=O)Nc2ccc3ccccc3c2)cc1,-6.5,3.7674112190246447,3_81
Cc1c(F)cccc1-c1cccc(COc2ccc(C(CC(=O)O)c3nccn3C)cc2)c1,-7.3,3.6061309886150212,3_82
COc1ccccc1NC(=O)N(Cc1ccc(C)o1)c1nc2ccccc2o1,-7.5,3.723578027613966,3_83
CC[C@@H]1O[C@H](C2=CC=CC(C)C2)c2cc(C)ccc2[C@@H]1CN,-6.5,3.4051795243256016,3_84
CCc1cccc(NS(=O)(=O)c2ccc(NC(C)=O)c(C(=O)O)c2)c1,-6.8,3.6489812250543556,3_85
O=C(Nc1ccc(Cl)cc1)Nc1cccc(NC(=S)c2ccc(O)cc2O)c1,-7.8,3.441446574564041,3_86
COC=CC=C1C=C2C(=CC=C[N+](=O)[O-])N(CCCCCCCCn3cc(COc4cc(=O)oc5ccccc45)nn3)C2=[N+]CC1=O,-5.9,1.6385379425882025,3_87
CC(C)CC(=NC(=O)C(Cc1ccccc1)NC(=O)c1ccco1)C(=O)O,-6.3,3.635520525821387,3_88
CCCCC(=O)O[C@@H](C[C@@H](C)C(C=CC(C)=COC)=CC[CH]OC(=O)CCC)c1ccc(C(=O)CCN(C)C)c(OCC)c1,-5.6,2.666770724641871,3_89
Cc1ccc(C)c(S(=O)(=O)c2cnc(N3CCOCC3)nc2)c1,-7.0,3.6918396399555675,3_90
O=Cc1ccccc1CCCO[C]1CNC([CH]O)[C@@H](O)[C@H]1O,-5.9,3.2839495153743026,3_91
CCN(C)C(CNC(=O)c1cccc(S(=O)(=O)N2CCCCCC2)c1)c1c[nH]c(C)n1,-6.1,2.658531908761213,3_92
CC(C)CC(NCc1nc(-c2ccccc2)c[nH]1)C(=O)NC1(C#N)CC1,-6.4,3.6236297887561344,3_93
COc1ccccc1CC[S+]([O-])c1nccn1-c1ccccc1,-6.1,3.6785221757584603,3_94
C[CH]C1CC2C3Cc4ccc(O)c5c4C2(CCN3CC2CCC2)C(O5)C1=O,-7.2,3.289105079060809,3_95
COC1=CC=C(C2CN(C(=O)C3CCCCC3)CC3=C2NC(=S)NC3c2ccc(OC)cc2O)CC=C1,-8.1,2.2076812503581955,3_96
CN1C(=O)C(CC(=O)Nc2cc(F)cc(F)c2)N=C(c2ccccc2)c2ccccc21,-7.6,2.7731729694503353,3_97
CC(C)NCC(=O)N1CCN(c2ncnc3c2nc(-c2ccccc2Cl)n3-c2ccc(Cl)cc2)CC1C(C)C,-7.3,3.5190106923707978,3_98
Cc1cccc(S(=O)(=O)NCc2nnc(SCC(=O)Nc3ccc(F)cc3)n2C)c1,-5.8,3.5576042835024797,3_99
O=C(NCc1ccc(N2CCC(c3nc4cc([N+](=O)[O-])ccc4[nH]3)CC2)cc1)Nc1cccnc1,-7.1,3.3791437718799715,3_100
CC[C@H]1CC=CC=CCC2C=C(C(NC3CCC(c4c[nH]c5ccccc45)CC3)C(N)=O)CCN2C(=O)O1,-7.9,0.8721509505314149,3_101
NC(=O)c1cnc(NCc2ccccc2-c2ccccc2)c2c1CCC2,-7.5,3.6811356791966405,3_102
Cc1cccc(C(=O)Nc2cc(-n3c(C)nc4ccc(F)nc43)ccc2Cl)c1,-7.8,3.655124760759004,3_103
CCOC(=O)c1ccc(-c2nn(Cc3ccccc3Cl)c3ccccc23)o1,-7.4,3.607966582753779,3_104
COc1ccccc1C(=O)NC(=O)COC(=O)c1c(-c2ccccc2)noc1C,-6.6,3.6768675127973744,3_105
COC=C1C=CC(CCC(=O)N2CN(C(=O)c3ccco3)CC2Cc2c[nH]c3ccccc23)=C1,-8.3,3.580248773800715,3_106
C=C(Br)C(=O)Nc1cccc(/C=C/C(=O)Nc2ccccc2C(N)=O)c1,-6.4,3.5966694073203707,3_107
Cc1ccccc1-c1noc(CN(C)C2CCCN(C)C2)n1,-6.5,3.69195499799336,3_108
C#CCCN(CCC)C(=O)C(Cc1cccc(C(=N)N)c1)NS(=O)(=O)c1cccc(-c2ccccc2)c1,-6.3,3.26828089631337,3_109
CN1CC[C@]23Cc4nc5c(Cl)cccc5cc4C[C@@]2(O)[C@H]1Cc1ccc(O)cc13,-8.3,3.401161547617205,3_110
Nc1cc(-c2cc(Cl)ccc2Oc2cc(F)c(S(=O)(=O)Nc3ccncn3)cc2Cl)ccn1,-7.3,3.509011711108152,3_111
O=C(Nc1ccccc1Oc1cccnc1)C1CCCC1,-6.5,3.7176017323252806,3_112
Cc1nc(-c2ccccc2)sc1CCNC(=O)Cc1ccccc1F,-7.1,3.7540229476397853,3_113
NC(Cc1cc(Br)c(Oc2cccc(/C=C/C(=O)c3ccc(OCc4cn(-c5ccccc5F)nn4)cc3O)c2)c(I)c1)C(=O)O,-6.4,2.6710957770019377,3_114
N=C(N)c1ccc(-c2csc(Nc3cc(C4CC4)[nH]n3)n2)nc1,-7.4,3.4169668833369258,3_115
O=S(=O)(Nc1c(-c2ccc3c(c2)CCC3O)ncn1CCCCl)c1ccccc1,-6.6,3.669713190139543,3_116
COc1ccccc1[Se]Cc1scnc1C,-5.0,3.5487753965752438,3_117
Cn1cc(Br)cc1C(=O)Nc1cccc(Oc2ccc3c(C=Cc4ccccc4)[nH]nc3c2)c1,-7.0,3.371945133104703,3_118
COc1ccc(O)c(C(=O)c2cnn(-c3ccccc3Cl)c2N)c1,-6.6,3.6725112818772674,3_119
Cn1cc(Br)c(CNC[C@H]2COCc3nc4cccnc4n32)n1,-6.6,3.6897837112225527,3_120
CC(=O)Nc1cc(C)c(Cl)c(Cl)c1Cl,-5.3,3.2734140130756346,3_121
NC(=O)C1CCN(CCOc2ccc3c(c2)-c2nc(N)nc(-c4ccc(F)cc4)c2C3)CC1,-8.0,3.620103032257416,3_122
CCOCN1CN=C(N2CCN(c3ccccc3)CC2)S1,-5.0,3.4406458123973085,3_123
COc1ccc(Cn2cncc2-c2cc(OC)c(OC)c(OC)c2)cc1,-6.0,3.7158756369462056,3_124
Cc1cc(CC(C)C)cc(NC(=O)Cn2nc(C)c(C)cc2=O)c1,-6.7,3.78484580357505,3_125
CCOC(=O)Nc1cc2c(c(N)n1)N=C(c1ccccc1)CN2C,-6.6,3.7131153466327596,3_126
COC(=O)Nc1nc(C)c(C)n(CC(OC)C(=O)Nc2ccc(Oc3ncnc4cc(OC)c(OC)cc34)c(C)c2)c1=O,-7.4,3.2141002974896766,3_127
COc1ccc(/C=C2\C=C(c3ccc(C)cc3)OC2=O)c(OC)c1,-6.6,3.5958142551473147,3_128
O=C1C(=O)N(Cc2ccc3c(c2)OCO3)c2ccc(S(=O)(=O)N3CCC(C(=O)NCCC4=CCCCC4)CC3)cc21,-6.6,3.1435460349158393,3_129
Cn1cc(-c2ccoc2)c2ccc(Cl)nc21,-5.8,3.478607118672289,3_130
CC(C)CC(C=O)NC(=O)C(CCCCn1nc(N)n[n+]1CC=O)ONC(=O)CCC(=O)N1CCOCC1,-6.2,2.467553753887475,3_131
Cc1cc(C)c(S(=O)(=O)NCC2CCC(C(=O)Nc3cccnc3)CC2)c(C)c1,-6.7,3.7457399967869938,3_132
CCNc1ccnc(Nc2[nH]nc3cccnc23)n1,-6.3,3.545698751727797,3_133
O=C(NN=Cc1ccncc1)c1cccc(C(=O)Nc2ccc(NC(=O)c3ccc(Cl)cc3Cl)cc2)c1,-7.2,3.3577096120603453,3_134
C=C1CC(NC(=O)NCc2ccccc2)CCN1C(=O)C(CC1C=CC=CC(=N)N1)NS(=O)(=O)c1cccc(NC(=O)CCN)c1,-7.6,1.9699412195526174,3_135
N[C@@H]1CCCc2cc(S(=O)(=O)N3CC(c4cccc(F)c4)NC3=O)ccc21,-8.0,3.6403948325752693,3_136
NC(=O)c1cc([N+](=O)[O-])ccc1Oc1cc(Cl)ccc1Oc1cccc(F)c1N,-7.3,3.446252352496559,3_137
CC(C)(C)ONC(=S)N/N=C/c1cccs1,-4.7,2.192224853964649,3_138
CCCC(=O)N([CH]CCC(C)C(=O)NC(C)(C)COc1sccc1C(N)=O)c1ccc(C#Cc2cncc(Cl)c2)cn1,-5.9,3.277618871251386,3_139
COc1ccc(C2c3ccc(OC)cc3OC(=N)C2C#N)cc1,-6.0,3.7771621608766743,3_140
O=C(Cc1ccc(NS(=O)(=O)c2ccc3c(c2)OCCO3)cc1)Nc1ccc(CN2CCCCC2)cc1,-7.0,3.537772000628201,3_141
O=C(CCCN1CCCCC1)Nc1ccc2c(O)cc(S(=O)(=O)O)cc2c1,-6.8,3.580111760238709,3_142
CCNC(=O)CCCC(=O)NNc1ccccc1C,-5.5,3.434707799236018,3_143
NC(=O)c1nn(-c2ccc3c(c2)OCO3)c2c1CCc1ccc(NC(=O)c3cc(F)ccc3Cl)cc1-2,-8.6,3.4872537552718432,3_144
Cc1nnc2sc(C(=O)C(C)(C)C)c(C3CCCCC3)n2c1=O,-5.5,3.5914466714396447,3_145
CC(C)N1CCN(c2ccc(-c3ccnc(N=CC=C4C=CCN=CC4)c3)cc2)CC1,-6.6,2.55200102630915,3_146
CC(C(=O)O)c1cc(C(=O)Oc2ccc[nH]c(O)ccc2)ccc1Sc1ccccc1,-6.7,1.36698380275564,3_147
COc1ccccc1-n1c(CCC(=O)O)ccc1-c1ccco1,-5.8,3.77991762158601,3_148
COC(=O)NC(C(=O)NN(CC1CCCCC1)C[C@@H](O)[C@@H](Cc1ccccc1)NC(=O)C=Cc1ccc(O)c(O)c1)C(C)(C)C,-6.4,2.8709013770211738,3_149
Nc1nnc(CCCCCCCCC[n+]2ccccc2)s1,-5.1,3.5640876615612194,3_150
CCC1CC(=O)NN=C1c1ccc2nc(-c3ccc(OCc4ccccc4)cc3)oc2c1,-6.7,3.6500780106566557,3_151
CCN(CC)C1CCC(N=c2nc(NC3CC3)n3ncc(=Cc4[nH]c(=O)[nH]c4O)c3n2)CC1,-7.1,3.1623248282068293,3_152
COC1=CC=COCC1C1(O)CC/C(=C\c2ccc3c(c2)OCCO3)C1=O,-6.6,2.4542998211504163,3_153
O=Cc1cn(CCN2CCCCC2)c2ccccc2c1=O,-6.2,3.6306583883930585,3_154
Cc1cc(NCc2ccccc2Cl)nc(NCc2ccccc2)n1,-6.5,3.723930220658696,3_155
O=S(=O)(Nc1ncns1)c1ccc(Oc2cc(C(F)(F)F)nc3ccccc23)cc1,-6.9,3.5870517862641806,3_156
N=CNC1Oc2ccc(/C=C3\COc4ccccc4C3=O)cc2C(=O)N1c1ccccc1,-7.6,3.4440102270242328,3_157
CCc1nccn1C1CCCN(C(=O)Cc2cccc(N3C=CNN3)c2)C1,-6.7,3.630192954682743,3_158
CC(CC=COCCCCCCCCC(=O)O)=NC(=O)c1c(O)n(-c2ccccc2)c(=S)n(-c2ccccc2)c1=O,-5.9,2.9867909636150562,3_159
Cn1c(N2CCCC(C(=O)NCCc3ccc(Cl)cc3)C2)nc(-c2ccncc2F)cc1=O,-7.0,3.7432775879423663,3_160
CCCC(=O)c1cnc2c(C(N)=O)cccc2c1Nc1ccc(O)cc1,-6.7,3.5577237554547123,3_162
COc1ccc(-n2nc(N)c(C(=O)NNC3=NCCN3)c2C)c(OC)c1,-7.0,3.2458316491045442,3_163
N=C(N)c1ccc2cc(C#Cc3ccccc3)ccc2c1,-6.8,3.2377202825554385,3_164
C[C](C[C@@H](C)COc1ccc(N2CCN(c3ccc(N4C[C@H](CNC(N)=S)OC4=O)cc3F)CC2)cc1)c1ccc(F)cc1F,-4.8,3.283838934161767,3_165
O=C(Oc1ccccc1)c1cccc2cc[nH]c12,-6.4,3.4865771167640722,3_166
CNc1ccc(OCc2ccccc2-c2ccccc2)cc1,-6.9,3.529460325181602,3_167
N#Cc1cccc(NC(=O)c2cc(Cl)ccc2O)c1,-6.5,3.6578280776821517,3_168
CC(C)(C)OC(=O)/N=C(/C=C\c1ccccc1)N1CCCCC1,-5.4,3.4146301504864374,3_169
N#CN=C(N)NCCNc1c2ccccc2nc2cccc([N+](=O)[O-])c12,-6.9,3.1256892480790683,3_170
Cc1ccc(N2Cc3ccccc3N=C2N2CCNCC2)cc1,-7.1,3.579240938657792,3_171
CCNc1cnc(N2C[C@H]3CC[C@@H](C2)N(CC2CC2)C3=O)nc1,-5.9,2.340970286104225,3_172
CCO/C=C1\C(=O)N(CCN(C)C)c2cc(F)ccc21,-6.2,3.4817898205314304,3_173
CN(CC1CCC1)C[C@@H]1CN(C(=O)COc2ccccc2Cl)CCO1,-5.8,3.5197064205659467,3_174
CC1(C)C=CC(=CC(CCNS(C)(=O)=O)c2sccc2-n2cccc2-c2cc(Cl)cc(Cl)c2)C(C(=O)O)=C1,-6.7,3.4700127061310866,3_175
Cc1ccc(-c2cc(C(=O)N3CCc4ccccc4C3)cc(-c3nccs3)n2)cc1,-9.3,3.5883276224601794,3_176
O=C1C2CCN(CC2)C1C(c1ccccc1)c1c(O)c2ccccc2oc1=O,-7.7,3.510317457533083,3_177
CN(C)c1ccccc1C1Nc2ccccc2N=CC1c1ccccc1,-6.8,2.636916338080759,3_178
Cc1cc(=O)oc2cc(OCc3ccccc3[N+](=O)[O-])ccc12,-7.7,3.5546036611131577,3_179
Nc1sc(=S)nc2c1c(=O)n(Cc1ccccc1)c(=O)n2CCO,-6.1,3.4729694340029305,3_180
COc1ccc2oc(-c3ccc(F)cc3)c(NCCN3CCOCC3)c2c1,-7.5,3.754865164627394,3_181
CCc1c(OC(=O)NCCc2ccc(OC(F)F)cc2)cccc1-n1cc(C(N)=O)c(Nc2ccc(Cl)cc2)n1,-6.7,3.2738303447896495,3_182
COC(=O)C(C)(C)C1CCN(c2nc(NC3CC3)nc(N3CCCC3)n2)CC1,-6.3,3.3098674362752267,3_183
CC=CC1=C(c2nn(-c3ccccc3)c3c2C(c2cn(-c4cc(C)ccc4Cl)nn2)NC(=O)Nc2ccccc2-3)C=C1,-9.5,1.3961615083288725,3_184
O=C(COC(=O)c1c2c(nc3ccccc13)CCCCC2)NCc1ccc(F)cc1,-6.8,2.700806963945018,3_185
CC(C)CCc1nc(-c2ccccc2)c(-c2ccccc2)o1,-6.1,3.4854372505897295,3_186
O=c1[nH]c(=O)n([C@H]2CC[C@@H](OCc3cccnc3-c3ccc(CO)cc3)CC2)cc1F,-7.0,3.687622479216369,3_187
CCC(NC(C)C(=O)Nc1ccc2cc(C(=O)Nc3cc(C(F)(F)F)cc(C(F)(F)F)c3)ccc2c1)C1CC=NN1,-6.9,3.321686795112236,3_188
CC(C)n1c(=O)c2ccccc2c(=O)n1C1CCN(C)CC1,-6.5,3.6462954487778063,3_189
COC(=O)c1ccc(NC(=O)C(C)Sc2n[nH]c(=O)[nH]c2=O)cc1,-6.4,3.3449215087138535,3_190
CC(C)c1ccccc1NC(=O)NNc1nc2cc(N(C)C)ccc2n1C1C=CC=COC1,-8.7,2.607331167979738,3_191
COc1ccc2c3c(ccc2c1)OC(=O)CC3c1ccc(C)cc1,-7.4,3.472541305095276,3_192
CN(CC(=O)N1CCc2ccccc2C1)S(=O)(=O)c1cc(C(F)(F)F)ccc1Cl,-6.9,3.6894540653366663,3_193
CC(C)CC(NC(=O)C1NC(=O)N(C)CCN=CC(C)COC=CC1C)C(=O)NC(CCCN=C(N)N)C(=O)c1nc2ccccc2s1,-6.6,1.1210036794522864,3_194
CC(CC(=O)O)Cc1cccc(OCCc2ccccc2)c1,-5.9,3.6247168831193664,3_195
O=C(c1ccc(N2CCC(NC(=O)C3CCCC3)CC2)cc1)c1cccc(Cl)c1,-6.7,3.5816106566327566,3_196
NCc1nc(CN2c3ccccc3CCC2N2CCCCC2)no1,-6.5,3.6695770258070453,3_197
Cc1cccc(OCc2ccc(C(=O)Nc3cccc(Cl)c3)o2)c1,-6.8,3.7354439566514186,3_198
C=C1C=CN=CC(C)(c2ccc3c(c2)[C@@]2(CCC(=O)N3C)N=C(N)N(C)C2=O)COC=CN=C1,-8.1,1.391985494751241,3_199
COc1ccccc1CC(=O)Nc1c2c(nn1-c1ccccc1F)CS(=O)(=O)C2,-7.6,3.752844632163184,3_200
COc1ccc(C/N=c2/scc(C)n2-c2ccc(C(=O)O)cc2)cc1,-6.5,3.8135718206102216,3_201
O=C(Nc1ccccc1-c1nc2ccccc2[nH]1)c1ccc(Cl)cc1,-7.7,3.611861982868504,3_202
COC(=O)Cc1cn(Cc2nc3ccccc3[nH]2)c2ccc(OC)cc12,-6.3,3.6936633490262634,3_203
CCNc1nc2cnc3[nH]ccc3c2n1[C@H]1CC[C@H](CC#N)CC1,-5.8,3.755985338243172,3_204
COc1cc(C(=O)c2c(N)sc3c2CCN(C(=O)OC(C)(C)C)C3)cc(OC)c1OC,-6.3,3.6165673011607975,3_205
CN(Cc1cnc(N)nc1-c1ccccc1)C(=O)C[C@H]1CCCN(C(=O)CC2CCOCC2)C1,-7.1,3.608591543410169,3_206
O=C1CC(c2ccccc2)CC(=O)C1=CN1CCN(C(=O)c2ccccc2Cl)CC1,-7.8,3.5329205073424608,3_207
CCOCCNc1csnc1C(=O)N1[C@H](C)c2ccccc2[C@@H]1CN1CCCC1,-6.0,3.574336006929217,3_208
CCCCCCNC(=O)Oc1cccc(-c2ccc3ncn(C)c3c2)c1,-6.2,3.7041459143546613,3_209
COC(=O)CC1CCN(CC2CC(c3ccccc3)(c3ccccc3)C(=O)O2)C1,-6.9,3.5769371905960092,3_210
CCOc1ccc(C2C(C(=O)c3ccco3)C(=O)C(=O)N2CCCn2ccnc2)cc1OCC,-7.0,3.3430646121639835,3_211
Cc1cc(C)c(C)c(OCC(=O)N=C2NCCS2)c1,-6.1,3.6101156874363913,3_212
Cc1cccc(NC(=O)Cn2c(CCc3ccccc3)n[nH]c2=O)c1C,-7.0,3.747584782870407,3_213
CCc1cc2c(=O)n(CCO)c(-c3ccccc3)nc2s1,-5.5,3.7711941490843466,3_214
CS(=O)(=O)c1ccc(C23CC4CC(CC(C4)C2)C3)cc1,-5.8,3.12654195130603,3_215
CO[C@@H]1CCN(C(=O)C(C)C)C[C@@H]1NC(=O)C1CC1c1ccccc1,-6.1,3.573911779200083,3_216
Cc1sc(-c2nc3c(C)cc(C(=O)N4CCOCC4)cn3c2C)c2c1CC(C)(C)CC2=O,-7.0,3.5257379891125202,3_217
Cc1ccc2[nH]c(NC(O)Cn3nnc(-c4ccccc4)n3)c(C)c2n1,-7.2,3.513637382910642,3_218
O=C(NN(C(=O)c1cnc2ccc(F)cc2c1)c1ccc(Cl)cc1)OCCF,-6.3,3.7314735934518217,3_219
CC(C)CC(C=NC(C(=O)N1CCC(F)(F)CC1)C(=S)C(C)C)NC(=O)CC1=CC=COC1,-6.6,3.2847500980104503,3_220
CCCCc1nc(Cl)c(CO)n1CC,-4.9,2.35231947259072,3_221
O=C(O)CCCCCc1ccc(CCCc2ccc(Cl)cc2)s1,-5.4,3.5093165050863475,3_222
CCC(C)(C)C(c1cnc(C)c2c1COC(C)(C)O2)c1c[nH]c2ccccc12,-6.9,3.6426268557067294,3_223
CCN(CC)S(=O)(=O)c1cc2c(N3CCC(c4ccccc4)C3)ncnc2s1,-6.9,3.720531931573448,3_224
O=C1Nc2ccccc2S/C1=C1\C(=O)Oc2ccc(-c3ccc(C(=O)O)cc3)cc21,-8.2,3.4295721086041313,3_225
COc1ccc(S(=O)(=O)Nc2ccccc2Oc2ccc(Cl)cc2Cl)cc1,-7.6,3.71777519396515,3_226
Cc1ccc(-c2nnn(CC(=O)N(Cc3cccs3)C(C(=O)NC(C)(C)C)c3ccco3)n2)o1,-6.7,2.365239460237741,3_227
COC=C1CC2=C([C]3CCN([C@H](C)c4nc(C)ns4)CC3)C=CC2=CCC=N1,-6.6,1.5317521060523904,3_228
C[C@H]1[CH][C@H](CCCN2CCCN3CCC[C@@H]3C2)[C@H]2CCCC[C@@H]2C[CH]C(=O)O1,-6.4,0.8875307080340678,3_229
O=C(NCCCNc1c2c(nc3ccccc13)CCC2)c1ccc2ncccc2c1,-6.3,3.5963733239288334,3_230
CC(C)=CCOc1ccc(C(=O)/C=C/c2ccc(C)cc2)c(O)c1,-6.0,3.4883238530920875,3_232
Cc1ccc2c(c1)c(-c1ccc[nH]c1=O)c(C(=O)O)n2Cc1cc(F)ccc1F,-7.3,3.671827216726064,3_233
O=C1CC=CNCN=CC=CC=C(C2CCCCC2)N=CCN=COCCN1,-7.6,1.9756391211914224,3_234
COc1c(C)cccc1C(=NOCCN(C)CCCN1CCCCC1)c1ccccc1,-6.8,3.382722123933563,3_235
Cn1nnnc1Sc1ncnc2scc(-c3cccc(Cl)c3)c12,-5.9,3.4960130144160795,3_236
NCCNC(=O)c1ncccc1[N+](=O)[O-],-5.1,3.2118616152901227,3_237
CC(C)NC(=O)NC(=O)COC(=O)CCSc1ccc(F)cc1,-5.5,3.5170494335480367,3_238
Cc1c(C(=O)Nc2cccc(N3CCCC3=O)c2)cccc1[N+](=O)[O-],-6.5,3.692010294633662,3_239
COc1ccc2c(c1)CCC1C2=NN(C(C)=O)C1c1ccc(C#N)cc1,-7.0,3.6225078360905556,3_240
CN(C(=O)NC1(c2ccccc2)CCC1)c1ccccc1,-6.0,3.5197490442144694,3_241
COCCCn1c(C)cc(C(=O)N2CCC(F)(CNCc3ccc(C)cn3)CC2C)c1C,-6.1,3.6232330256851593,3_242
CC=C(C(C)=O)C(=O)C(C(=O)CC(=O)C(=O)CC(=O)OCC)[C@H]1O[C@H](CO)[C@@H](O)[C@H](O)[C@H]1O,-5.5,2.3158215765554697,3_243
COc1cc(NC(=O)C(F)(F)c2ccncc2)ncn1,-6.9,3.6793754803727174,3_244
NC(=O)C1CCCN1C(=O)C(Cc1c[nH]c(C2CCCCC2)n1)NC(=O)C1CCC(=O)N1,-7.1,3.0716812086552143,3_245
COc1cccc(-c2cc(=O)c3cc(F)ccc3o2)c1,-6.7,3.626722006134673,3_246
CC[C@H](CC[CH]c1nc(C(F)(F)F)ccc1CNC(=O)C(C)Oc1ccccc1)S(C)(=O)=O,-6.6,3.638998037391847,3_247
O=C(CSc1n[nH]c(-c2cccs2)n1)Nc1c(F)c(F)c(F)c(F)c1F,-6.5,3.3472681710652683,3_248
Cc1coc(-c2cc(C(C)C)c(OCC(=O)O)cc2-c2ccc(OCCO)nc2)c1,-6.6,3.6567661506472717,3_249
O=C(O)CCC(=O)N1N=C(c2c(-c3ccccc3)c3cc(Cl)ccc3[nH]c2=O)CC1c1ccc(Cl)c(Cl)c1,-8.2,3.474050398515849,3_250
CC1CO[CH]COC[C@H]([C@H](O)CO)O[CH]O1,-5.2,0.8789398421409027,3_251
O=c1cc(OCc2ccc3ccccc3n2)cc2n1CCc1cc(OC(F)F)ccc1-2,-7.6,3.6395313274461603,3_252
Cc1ccccc1CN1CCC(N2CCO[C@H](CCC(=O)NCc3ccccc3)C2)CC1,-6.5,3.6052768820484236,3_253
CC(C)c1ccc2c(c1)CC[C@H]1[C@](C)(CNC(=O)C(F)(F)C(F)(F)C(F)(F)F)CCC[C@]21C,-7.3,3.2173296941170966,3_254
O=C(Nc1nc(-c2ccccc2)nc2c(-c3ccccc3)csc12)NC1C=CC=CC1,-8.1,3.6091772567525315,3_255
Cc1ccc(C(=O)O)cc1NC(=O)CSc1nc2c(cc1C#N)CCC2,-6.4,3.686263318891595,3_256
OCCO/N=C\[C@@H]1CC2Nc3ccccc3N(c3ccccc3F)[C@@H]1c1ccccc12,-7.5,1.5887088453566753,3_257
CCCC(NC(=O)c1cc2cccc(Cl)c2s1)C(=O)Nc1ccc(C)cc1,-7.1,3.7004516997138657,3_258
COc1ccc(C2OC(=O)c3c(ncn3C)S2)cc1,-5.9,3.5882408041535356,3_259
CCCNC(=O)c1cnc2[nH]ccc2c1NCC1CCN(Cc2ccco2)CC1,-6.5,3.644273828324846,3_260
CCn1c(C)c(C(C)=O)c(N2CCN(c3ccccc3)CC2)nc1=S,-6.2,3.6217573549962045,3_261
COC(=O)c1c(-c2c(Cl)cccc2Cl)noc1CC=Nc1ccccc1,-6.0,3.6170884331006135,3_262
O=c1onc(COc2ccc(-c3ccc([N+](=O)[O-])cc3)cc2)n1Cc1c(F)cccc1F,-7.1,3.4680095821148114,3_263
COc1cccc(/C=C2\SC(=O)N(C(C(=O)NC3CC3)c3ccccc3)C2=O)c1,-6.3,3.65774351451474,3_265
CC(=O)Oc1ccccc1Sc1ccc([N+](=O)[O-])cc1[N+](=O)[O-],-6.1,3.3406881598021507,3_266
CC1(c2cccc3ccccc23)C(=O)N(CCCn2ccnc2)C(=O)N1Cc1cccc(F)c1,-7.9,3.555268758637826,3_267
Cc1ccsc1C(=O)Nc1cccc(Oc2ccc3nc(NC(=O)C4CC4)cn3n2)c1,-7.3,3.5872072986976233,3_268
O=C(N/N=C/c1ccc(OC(=O)c2ccccc2)cc1)c1ccc(N(CCCl)CCCl)cc1,-5.9,3.254363867154866,3_269
COc1ccc(CCNC(=O)CCS(=O)(=O)c2ccc3c(c2)NC(=O)C(C)S3)cc1OC,-6.7,3.5908929551375124,3_270
Cc1cc(-c2[nH]nc3cc(NC(=O)NC(C)c4cccnc4)ncc23)ccn1,-7.7,3.596235268418015,3_271
CNC(=S)OCCCc1ccccc1,-4.4,3.334920698151307,3_272
O=C(Nc1ccccc1)C(C=CN(c1ccc(F)c(N2CCNCC2)c1)C1CC1)n1cnnn1,-7.7,3.505507078898618,3_273
O=C(Nc1ccc([N+](=O)[O-])cc1Br)c1ccccc1-n1cccc1,-6.8,3.6852587477849936,3_274
ClNC1=CCOC=CC=C1,-4.5,1.26000100790613,3_275
CC(=O)OC[C@@]1(C)OC(=O)C=C2[C@@H]3[C@H](OC(C)=O)C[C@H]4C(C)(C)C(=O)C=C[C@]4(C)[C@H]3CC[C@]21C,-7.6,3.0227211484248935,3_276
C=CCC(Cc1ccccc1)n1c(C)ccc1C,-5.0,3.20291918038503,3_277
COCCC(c1ccccc1)c1cccc(Oc2ccc([N+](=O)[O-])cc2)c1,-6.4,3.532605725367612,3_278
CN(C)c1ccc(N2CC(NC(=O)C3CCCN3)CC2=O)cc1,-6.3,3.5160100430911534,3_279
CC(C)(C)C(=NC(c1ccc(F)cc1)C(C)(C)C)C(C#N)C#N,-5.1,3.5426063226000553,3_280
NCCCc1cccc(CC(=O)Nc2nnc(CCCCc3nnc(NC(=O)Cc4ccccc4)s3)s2)c1,-6.7,3.12634276139904,3_281
C=c1cc2/c(=C/c3cccs3)oc(O)c2c(=S)[nH]1,-6.5,3.5821022554288424,3_282
COc1ccccc1/C=C/C=N/NCCN,-5.5,3.376632930932894,3_283
O=C(CNC(=O)C1CCCC1)NC(C1CCCC1)N1CCCCCC1,-5.9,2.300531002810875,3_284
COc1ccc(-c2ccc(NC(=O)C3CCCO3)c(C)c2)cc1OCCN(C)C,-6.4,3.7331683906654867,3_285
O=S(=O)(c1cccc(-c2n[nH]c(=S)n2Cc2ccccc2)c1)N1CCOCC1,-6.8,3.7126764966828256,3_286
CC(NC(=O)CSc1nncn1C)c1ccccc1,-5.2,3.680590150776696,3_287
CNC(=O)Oc1cccc2c1OC(C)(C)C2,-5.7,3.513084326908748,3_288
CCS(=O)(=O)c1ccc(CC(=O)Nc2nc(-c3cccc(Cl)c3)c(C(=O)c3ccccc3Cl)s2)cc1,-6.5,3.4573739687450864,3_289
O=C(NCCc1nsnc1-c1ccccc1F)Nc1ccccc1,-6.2,3.754338623438133,3_290
COc1ncc2nc(-c3ccccc3)c(=O)n(CCC#N)c2n1,-6.8,3.6506645719656854,3_291
CC(C)c1ccsc1C(=O)N1CCC(c2nc3ccccc3[nH]2)CC1,-6.5,3.7373153737898814,3_292
CC(C(=O)O)N1CCN(C(=S)NCc2ccccc2)CC1,-6.1,3.5473753709263613,3_293
Nc1nccn2c(C3CCC3)nc(-c3ccc4c(c3)CCC(F)(F)CC4)c12,-9.1,2.6222318963061593,3_294
CC(=O)OCC1=C(C(=O)OC(C)(C)C)N2C(=O)C(OC(=O)CCC(=O)O)[C@H]2SC1,-5.4,3.0206489388869997,3_295
CN(C)S(=O)(=O)N1CCC(COc2cccc(C(F)(F)F)c2)C1,-5.7,3.552305139119241,3_296
COc1ccc2[nH]c(=O)c(O)c(/N=C\c3ccc(OCCCN4CCOCC4)cc3)c2c1,-6.3,3.5577950244785628,3_297
CC(C)[CH]C1NC(=O)C(=NO)N1,-4.8,1.8278000986132223,3_298
Cc1ccc(C)c(-n2c(=O)n(Cc3c(F)cccc3F)c(=O)n(CC(N)c3ccccc3F)c2=O)c1,-8.2,3.6120890724601935,3_299
O=c1[nH]c2oc3ccc(Cl)cc3c2c(=O)n1CCc1ccccc1,-7.4,3.7422571778872222,3_300
CCCN(CCC)c1cc(C(=O)Nc2ccccc2C(N)=O)ncn1,-6.4,3.707857672484484,3_301
Cc1cc(C#N)cc2nc(-c3ccc(NC(=O)CN4CCN(c5cccc(C(F)(F)F)c5)CC4)cc3)oc12,-8.4,3.5940975376031292,3_302
Cc1ccccc1C1(CC(=O)NCC(C)C)c2ccccc2C(=O)N1Cc1ccccc1,-6.1,3.6036450678835505,3_303
O=C(Nc1ccc(Cl)cc1NS(=O)(=O)c1cccc2cccnc12)c1cccc(F)c1,-7.4,3.650005535998886,3_304
CCN(Cc1cnn(C)c1)S(=O)(=O)c1cc2c(cc1Br)OCCO2,-6.0,3.662556822596838,3_305
CN(C)CCOc1ccc(/C(=C(/CCCO)c2ccccc2)c2ccccc2O)cc1,-6.2,3.52619742624528,3_306
O=C(CI)NC(Br)CBr,-3.1,1.4376961867396876,3_307
C[S+]([O-])c1ccc(Nc2ncc(C(F)(F)F)c(NCC3CCOCC3)n2)cn1,-7.9,3.5746512993421637,3_308
C=CC1=CC=Nc2c(C3CO3)n[nH]c2N=C1,-5.5,1.5685654542788354,3_309
Cc1nc(-c2ccc(OCc3ccccc3)c(C(F)(F)F)c2)cs1,-6.3,3.6390042450852134,3_310
CC(=O)NC(Cc1ccc(OP(=O)(O)O)cc1)C(=O)NC(C(=O)N1CCCC1C(=O)NC(CCCN=C(N)N)C(=O)O)C(C)C,-6.3,2.293124279603731,3_311
Cc1noc(C[C@H](C)CC[C@H]2CCCCN2O)n1,-5.6,3.5602724212968706,3_312
CN(CC(=O)NCc1ccc(Cl)cc1)CC(=O)Nc1ccccc1[N+](=O)[O-],-6.2,3.583471221610578,3_313
[CH]N1C(=O)c2ccccc2NC(=O)C1=CC=C(c1cccc(OC)c1)C(c1ccc(Cl)cc1)c1c[nH]c2cc(C(=O)O)ccc12,-8.0,2.152071679107986,3_314
CC[C@@H]1CC=CC=NCC2COCc3c(cc(C(=O)N[C@H](C)c4ccc(F)cc4)n32)C(=O)N1,-8.1,1.4771982811370092,3_315
Clc1ccc(OCc2ccccc2-c2cn[nH]c2)c(Cl)c1,-6.5,3.6737433542875,3_316
N=C(N)c1cccc(NC(=O)Cc2c(-c3cccc(NC(=O)CCl)c3)nc3ccccn23)c1,-8.4,3.263947124578948,3_317
Clc1ccc(CNc2cccc3nc(CN4CCN(c5ccc(Cl)cc5)CC4)oc23)cc1,-7.3,3.6229527129474572,3_318
O=C(CSc1[nH]c(-c2ccc(F)cc2)nc1-c1ccc(F)cc1)N1CCOCC1,-7.8,3.738532023400417,3_319
CSc1ccccc1C(=O)N(Cc1cccnc1)C1CCS(=O)(=O)C1,-6.4,3.697576010159783,3_320
CC(C)N1OC[C@H](C)NC[C@@H](C)[C@H](CN(C)C(=O)c2ccc(-c3ccc4cccc(Cl)c4c3)cc2)NC(=O)CCN2CCCC2COc2cccc1c2,-7.5,1.734658690541417,3_321
COc1cc(C=NNC(=O)c2nnn(-c3nonc3N)c2CN(C)c2ccccc2)cc(Br)c1O,-7.0,3.070993348712275,3_322
Nc1ccc(-c2nc(N3CCOCC3)sc2-c2nc[nH]n2)cc1,-6.7,3.5907004545624845,3_323
CCC(=O)NC1CCN(c2ccc(F)c(-c3ccccn3)n2)CC1,-6.6,3.79520560707725,3_324
O=C(/C=C/c1ccc2c(c1)OCO2)NCCc1ccc(F)cc1,-6.8,3.6911532575458805,3_325
Cc1ccc(-n2cc(-c3ccccc3NCc3ccncc3)nn2)cc1C,-8.0,3.70323017318269,3_326
S=C(N=Nc1c(Cl)[nH]c2ccccc12)NCC1CCCO1,-6.0,3.593330372839923,3_327
O=C(c1ccc([N+](=O)[O-])cc1)N1CCN(c2ncccn2)CC1,-6.6,3.534886791926798,3_328
CN(C)C(=O)N[C@@H]1CNC(C(=O)NCCCc2c[nH]cn2)C1,-5.5,2.1094941785943693,3_329
COc1ccc(-c2cc(CN(CCCN3CCOCC3)C(=O)c3cccnc3)no2)cc1OC,-6.7,3.553698530865132,3_330
ON=C(c1ccc(Oc2cccc3ccccc23)nc1)N1CCN(C/C=C/c2ccccc2)CC1,-7.1,3.339437490695773,3_331
CCC1CN(C(=O)c2cc(C)cc(F)c2)CCN1C(=O)NC,-6.5,3.5831145696869777,3_332
C=CC(=CC=CC(=C1CC1)c1ccc(NC(=O)Nc2ccc(F)cc2)cc1)OCCCCN(C)C,-6.4,3.2616968863405775,3_333
Cc1cccc(C)c1C(=O)N1CCC(C)(N2CCC(N(Cc3ccccc3)c3ccccc3)CC2)CC1,-7.9,3.3663314235515425,3_334
O=C(O)c1c[nH]c(C=CS/C=N\c2ccc(F)cc2)n1,-6.0,3.5936887546194862,3_335
CS(=O)(=O)C1(C(=O)N2CCCC2c2ccncc2)CCCCC1,-6.3,3.5223584283835345,3_336
COc1ccccc1C/C(C)=N\Nc1nc(-c2cccc(C#N)c2)cs1,-6.7,3.660038247025362,3_337
CC1=C=NC(Cc2ccc3[nH]c(C4=CCC(N5CC6CCC(C5)O6)CC4)nc3c2)=C1,-7.7,3.397983353133922,3_338
COc1cccc(Oc2ccc(NC(=O)Nc3ccc(Cl)cc3Cl)cc2)c1,-7.0,3.64751560763056,3_339
CN1CCC[C@@H](c2cccc(C(=O)c3ccccc3F)c2)N(Cc2ccc3c(c2)OCO3)C1=O,-7.6,2.5754505456380867,3_340
COc1cc(CNC(=O)c2ccc(=O)n(C)c2)ccc1OC(F)F,-6.4,3.7673135637895587,3_341
CNC[C@]12CC[C@@H]3c4ccc(O)cc4CC[C@H]3[C@@H]1CC[C@@]2(O)CN1C[CH]C1,-7.1,3.2181157000887355,3_342
COc1ccc(NC(=O)CN2CCN(C)CC2)cc1S(=O)(=O)N1CCCCC1,-6.3,3.5095327336315867,3_343
CCN(CC)CCN(C(=O)c1ccc2c(c1)OCO2)c1nc2cc3c(cc2s1)OCO3,-7.1,3.5363907492418107,3_344
O=C(/C=C/c1cccc([N+](=O)[O-])c1)c1cc(-n2cccc2)ccn1,-6.5,3.4770103032213413,3_345
Cc1ncsc1C(=O)N1CCC(CO)(Cc2ccccc2)CC1,-6.4,3.7753954311021753,3_346
O=C(O)c1cc(C(=O)O)c2ccc(F)c(NCc3ccccc3)c2n1,-7.4,3.669809511012881,3_347
Cc1nc2c(Br)cc(Br)cc2c(=O)n1-c1c(F)c(F)c(F)c(F)c1F,-7.1,3.3339276037015635,3_348
CC(=O)Nc1ccc(C=C2SC(=S)N(CCC(=O)NCCCN3CCCCC3)C2=O)cc1,-5.9,3.302982020191382,3_349
O=C(COC(=O)c1ccccc1)NCc1ccccc1Cl,-6.2,3.6982802586515495,3_350
CC1CN(CC2=CC=CC(=O)OC=C2)CCCC1NCCc1ccccc1-c1cc2ccccc2[nH]1,-7.7,1.6071051644091519,3_351
O=S(=O)(c1ccccc1)N1CCN(c2ccccc2)CC1,-6.7,3.659984428598249,3_352
CN(Cc1cccc(C(F)(F)F)c1)C(=O)CNC(=O)c1ccc(-c2ccc3ncn(CCN4CCOCC4)c(=O)c3c2)cc1,-7.1,3.4703335681167897,3_353
CN(Cc1cccc(C#N)c1)C(=O)Nc1ccc(C(=O)N2CCOCC2)c2ccccc12,-6.9,3.7719022324038143,3_355
CC(C)c1ccc(CN2CCc3c(sc(NC(=O)Nc4ccc(F)cc4)c3C(N)=O)C2)cc1,-7.3,3.626247391036964,3_356
O=C(Nc1cccc(Cl)c1)Nc1ccnc2cc(S(=O)(=O)N3CCOCC3)ccc12,-7.7,3.722137015686223,3_357
COC=C1C=CC(C=Nc2ccccc2/C(=C\c2ccccc2OC(C)=O)c2cccnc2)=C1,-6.7,3.14812060954453,3_358
COC=C1C=CC(CSc2nnc(N3C(=O)C(Cl)C3c3ccc(Cl)cc3)c3cccn3c2=O)=C1,-7.2,2.2829949085620584,3_359
CC(C)(OCC(O)CN1CCCC1c1ccncc1)C(N)=O,-5.6,3.550181387131521,3_360
CC(Sc1nnnn1C)C(=O)NC1CCCCC1,-5.7,3.451731415421814,3_361
Cc1cn([C@H]2CCCN(S(=O)(=O)c3ccc([N+](=O)[O-])cc3C(=O)c3ccccc3)C2)c(=O)[nH]c1=O,-7.1,3.3424431661929996,3_362
C#C[C@H](O)/C=C/CCCCCCCCC/C=C\CCCCCCC,-3.6,1.3551516172475484,3_363
CC(C)(C)NCC(O)COc1ccc(OCCn2cccn2)cc1,-4.9,3.683378878321986,3_364
Cn1cc(NC(=O)c2cnc3ccc(N4CCCC4=O)cn23)c(C(F)F)n1,-7.5,3.720140507356036,3_365
C1=CCC(c2cc(N(CCCCN3CCCCCC3)Cc3cccc4ccccc34)sn2)=C1,-7.2,2.3297816749607128,3_366
COCCN(C[C@H]1CCN(S(=O)(=O)c2cccnc2)C1)C(=O)Cc1ccc(F)cc1,-6.1,3.641699638505002,3_367
O=C(N[C@H]1CN2CCC1CC2)c1cccc2cc(-c3ccc(CN4CCCCC4)cc3)ccc12,-7.6,3.285778302220136,3_368
COc1ccc(NC(=O)CCc2nnc3ccc(NCCCN4CCOCC4)nn23)cc1OC,-6.4,3.341428668329523,3_369
COc1ccc(CC(C(=O)NC2CC2)N2CCCC2)c(OC)c1,-5.6,3.546944975604938,3_370
CCOc1ccc(C(=CC2CC2)c2ccccc2OC=O)cc1,-5.5,3.54158237604345,3_371
Cc1c(Cc2c(Cl)cccc2Cl)c(=O)ccn1Cc1ccc(O)cc1,-6.7,3.743404914020947,3_372
CCc1ccnc(NC(=O)c2ccc(C(=O)c3ccccc3)cc2)c1,-7.2,3.687369207535032,3_373
CC(=CC(=O)NN=C(C)c1ccncc1)CCCCCBr,-5.6,3.2424058196713044,3_374
O=C1OCCN1C1(C(F)(F)F)Cc2ccccc2C1O,-5.7,3.4404515367407695,3_375
COc1ccc2c(c1)CCc1c-2nc2sc(C(N)=O)c(N)c2c1-c1ccccc1,-7.3,3.649692484570049,3_376
CCCCC/C=C\C/C=C\C/C=C\C/C=C\CCCC(=O)NCCO,-5.0,1.7402175007472103,3_377
C=CC1C[C@@H](c2nnn3cnc4[nH]ccc4c23)CC[C@@H]1CNS(=O)(=O)C=CC=CN(C=O)N=CC=O,-6.8,2.9223935014312366,3_378
CCCCNc1nc2c[nH]nc2c2ccc(-c3cccnc3)cc12,-7.4,3.6397208299314086,3_379
C=C(C=CC=COC)Cn1cnc2sc3c(c2c1=O)CCN(C(=O)COCCOC)C3,-5.2,3.372755703140419,3_380
COc1cc(Cn2cnc3ccccc3c2=O)cc(OC)c1OC,-6.6,3.745072762715124,3_381
CNC(=O)S/C(Br)=C/c1cc(F)c(O)c(OCc2cnc(-c3ccccc3)nc2N)c1,-6.5,3.532416769996134,3_382
O=C1CCCCN(c2ncnc3scc(-c4ccccc4)c23)CC2CCCCCN2CCO1,-7.4,1.5080457453586407,3_383
O=C(CN1CCCC(c2ccc(F)cc2)C1)N1CCOCC1,-6.0,3.4337100496691413,3_384
CCc1cc(/C=C(\C)[N+](=O)[O-])ccc1OC(=O)CCc1ccccc1,-6.3,3.43975470986169,3_385
C=CCOc1cc(C=C(C=O)CCOCC)c(O)c2c1C(=O)C=C(C#CC1=CCOC=C1)C2=O,-5.9,3.0741975253599847,3_386
Oc1cc(=C2CCNCC2)n2c(-c3ccc4cc[nH]c4c3)nnc12,-7.7,3.551963948585149,3_387
Cc1ccc(-n2ncc3c(N4CCN(Cc5ccccc5)CC4)ncnc32)cc1,-7.5,3.65508656087333,3_388
CN(C)c1ccc(C(=O)NCC(O)c2ccc(Br)o2)cc1,-6.0,3.7553972187836138,3_389
Cc1cc2[nH]c(C(O)C3COCCO3)nc2cc1Cl,-5.8,3.6507022515072123,3_390
CC[C@@H](N[C@H](C)CC(N)=O)c1ccc(Cl)c(C(=O)C2=CCC(=N)N(C)C2)c1F,-5.9,3.4944036494313697,3_391
NC(Cc1ccccc1)(C(=O)O)C(=O)O,-5.3,3.3019024627837377,3_392
COC(=O)C1=C(C)N(Cc2ccco2)C(=S)NC1c1ccc(O)c(OC)c1,-5.6,3.630457632967402,3_393
N=C(Nc1ccc(N2CCN(c3cccc(CCCC4CCCC4)c3)CC2)cc1)c1ccc(C(F)(F)F)cc1,-5.6,3.226377416692255,3_394
COc1ccc(Br)cc1S(=O)(=O)N(Cc1ccccc1)c1ccccc1,-6.1,3.682116355134468,3_395
NC(=O)c1cc(OCCO)c2c(n1)c(Cc1ccccc1)nn2-c1ccccc1,-6.5,3.6484184136252606,3_396
CC(C)CC[CH]C(=O)N[C@H](c1ccc[nH]1)C1[CH]C[C](CO)NC1=O,-5.2,3.447310995704095,3_397
Cc1cc(C)c(C#N)c(Oc2ccccc2)n1,-6.0,3.5634256899342063,3_398
Cc1ccc(-n2nc(C(C)(C)C)cc2NC(=O)Nc2ccc(OCc3ccccc3)cc2)cc1,-6.7,3.575301625349169,3_399
c1ccc(CNc2ncccn2)cc1,-5.5,3.548552720683284,3_400
C[CH]C1=C(F)[C@@H](n2cnc3c(N)ncnc32)C(O)[C@H]1O,-6.5,3.419341055371506,3_401
C=CC1[C@H](O)[C@H]2C(C)C(=O)O[C@@H]2[CH][C@H](C)[C@@H](O)[C@@]1(O)[CH]O,-5.5,1.181075234925264,3_402
O=C(CSc1nc[nH]n1)Nc1ncc(Cl)cc1Cl,-5.6,3.5568592142541964,3_403
Cc1nc(C#Cc2ccc(N3CCNC(=O)C3)nc2)cs1,-6.2,3.625350357406674,3_404
CCN(C(=O)OCc1ccccc1)C1CCN(C2(C)CCN(C(=O)c3c(C)ncnc3C)CC2)CC1,-7.1,3.5421886458112395,3_405
COc1cccc2c(=O)cc(NC=O)oc12,-5.6,3.580587280927178,3_406
CN(C)C(=O)CCOCc1cn(C(=O)OC(C)(C)C)nn1,-5.1,2.2710671953923076,3_407
COc1ccc(S(=O)(=O)Nc2ccc3c(c2)C(=O)N([C@@H](C)CO)C[C@H](C)[C@H](CN(C)Cc2ccc(C(F)(F)F)cc2)O3)cc1,-7.2,1.543059785835922,3_408
Cc1c(N2CCN(C)C2)ccc2[nH]cc(C(=O)c3ccc(F)cc3)c12,-6.9,3.684062822786559,3_409
C[C@@H]([CH]CC1[C](C(=O)O)C2=C(CC[C@@H]3C(C)(C)C(=O)C(Cl)=C[C@]23C)C1(C)C)CC[C@@H](O)[C@@H](C)CCO,-6.0,3.0168916909628773,3_410
Cc1ccc(NC(=O)NC2C=c3ncnc(NCCCN(C)C)c3=CC2C=O)cc1F,-6.5,3.4341153701051255,3_411
O=C(NCCc1ccccc1)c1ccc(OC(F)(F)F)cc1,-6.2,3.702435613543039,3_412
O=C(NCc1ccc(S(=O)(=O)c2ccc(N3CCOCC3)nc2)cn1)c1cc2ccncc2o1,-7.3,3.5046812558931304,3_413
CC(C)c1nn(-c2ccccc2)c(CCO)c1Cc1ccc2ccoc2c1,-6.6,3.652548403769248,3_414
CON1C(=O)c2ccccc2C1(C)O,-4.8,3.423356420265907,3_415
Cn1ccc2cc(/C=C/C(=O)Nc3ccc4c(c3)C(=O)NC4=O)ccc21,-7.0,3.6273796518265655,3_416
Clc1ccc(CCN2CCN(Cc3cccc4nonc34)CC2)cc1Cl,-7.0,3.7287230963640265,3_417
Cn1c(C(=O)NCc2ccc3c(c2)OCO3)cc2sc(Cl)cc21,-6.8,3.7547839047856995,3_418
O=C(c1cscn1)N1CCC(C2CCN(Cc3ccc(F)cc3F)CC2)CC1,-7.0,3.631748188842547,3_419
CCC(C)NC(=O)CCc1nc2cccnc2n1Cc1ccccc1,-6.3,3.77066310138898,3_420
N=C(N)NCCCCNC(=O)C(CCCCN)NC(=O)C(CCCCN)NC(=O)c1ccc([N+](=O)[O-])c(I)c1,-5.7,2.2423651478109194,3_421
CNC(=O)C1CCCN(c2cncc(-c3cc4c[nH]nc4cn3)c2)C1,-8.1,3.730411715399123,3_422
ON=C(O)CCCCCCn1cc(-c2cccnc2)nn1,-5.9,3.233125144570083,3_423
COCc1cc(C)nc(OCC(=O)NNC(=O)c2cnc(C)s2)c1C#N,-5.7,3.4759491189451213,3_425
N=CN=CC(C=N)c1nc(N2CCOCC2)nc2c1CCN2[C@H]1CC[C@H](O)C1,-7.0,3.085199556130285,3_426
Cc1noc(C)c1-c1ccnc(CCc2nsc(N3CCOCC3)n2)c1,-6.3,3.658520740526719,3_427
COc1ccc(Cl)cc1-c1cccc(CNc2cccc(CCC(=O)O)c2)n1,-6.6,3.6901703979204417,3_428
CC1=C(c2c(C)nn(C)c2C)C=NC2=NC(CCOC(=O)C2)NN1,-7.6,1.1590398701385034,3_429
COC(=O)C=C1C=CC(C2[CH]O[C@H](c3ccc(O)c(OC)c3)[C@H]2OC)C=C(OC(C)C)O1,-6.8,2.4621826272049177,3_430
NS(=O)Oc1ccc(OCCCN2C(=O)c3cccc([N+](=O)[O-])c3C2=O)cc1,-6.2,3.2628800703384835,3_431
CN(c1ncnc2[nH]ccc12)[C@H]1CC[C@H](CS(=O)(=O)N2CCC[C@H]2C(F)(Cl)Cl)CC1,-8.0,3.5325712491412817,3_432
CCOC(=O)C1=C(C(F)(F)F)C(c2cc(NS(=O)(=O)c3cccc(C(F)(F)F)c3)ccc2C=N)S1,-7.0,3.350269621522166,3_433
N#CCC(=O)NCCC1Cc2ccccc2O1,-5.3,3.572232671880644,3_434
CCOc1ccc(S(=O)(=O)NCc2ccccn2)cc1-c1[nH]c(CN2CCN(C)CC2)nc1C#N,-6.2,3.48815635249954,3_435
COc1cccc(C(=S)N(C)C(C)CO)c1OC,-4.4,3.5663871285940534,3_436
O=[N+]([O-])c1ccc(-c2noc3ccc(Cl)cc23)s1,-5.8,3.527580691350451,3_437
N#Cc1c(Sc2ccc(Cl)cc2)c2c([nH]c1=O)=CCC=CC=2,-6.8,2.7481275867212234,3_438
COc1cc2nccc(Oc3ccc(NC(=O)c4cn(-c5ccccc5)c5ccccc45)cc3)c2cc1OC,-7.5,3.384614217779535,3_439
CS(=O)(=O)N1CCC2(CC1)CN(C(=O)Nc1ccc(F)c(F)c1)C2,-7.1,3.498579603929507,3_440
CC(=O)N=C1C=CC(CN(c2ccc(F)cc2)S(=O)(=O)c2ccc(-n3cnnn3)cc2C)C1,-7.5,3.6322479674306942,3_441
Oc1ccc(CN2CCCCC2c2cccnc2)c2ccncc12,-7.2,3.746223230286768,3_442
Cc1c(N2CCN(C)C2)ccc(-c2cc3cc(I)ccc3[nH]2)c1C1=CCCCC1,-7.1,3.367548443670451,3_443
O=C(OCC(=O)N1N=Nc2ccccc2C1c1c(F)cccc1F)c1ccc([N+](=O)[O-])o1,-7.2,3.344259366069472,3_444
COc1ccc(CN2CCN([C@H]3CCN(CC4CC4)[C@@H]3CCc3ccccc3)CC2)c(OC)c1,-5.9,3.2847463719710968,3_445
COC1C=CC2=CC(C(C)=O)=CN(CC(=O)N3C[C@H](F)[C@@H](F)C3C(=O)NCc3cccc(Cl)c3)C2=C1,-6.8,3.423799078039365,3_446
O=c1ccc2ccc(OS(=O)(=O)c3ccccc3)cc2o1,-7.0,3.617018497898825,3_447
COC=C1C=C(C=CC(=NCCC#N)Nc2ccc(Oc3ccnc4ccccc34)c(OC)c2)C=C1OC,-7.4,3.20787667303411,3_448
CC=CN=C[C@H](C)CC(=O)N=C(N)NCc1ccncn1,-5.5,3.4755455609147323,3_449
OCCn1cc(C(CC(F)(F)CO)c2cccc(F)c2F)c2ccccc21,-6.2,3.6419120144040225,3_450
COC1=CC=C(COC=CC=CCCC(=O)Nc2cc(OC)c(OC)c(OC)c2)C=CC=C1,-6.1,1.5867147047346517,3_451
CCCNC(=O)c1ccc(-n2nc(C3CC3)cc2O[C@H](C)c2ccc(F)c(F)c2)cc1,-6.6,3.7074581760027545,3_452
CC1C=CC=C(S(=O)(=O)Cc2noc([C@@H]3C[C@H](O)[C@@H](CO)O3)n2)C1,-6.7,3.332505484242116,3_453
C[C@H](Nc1ncnc(N)c1C#Cc1cc2c(cc1Br)OCO2)c1nc2cccc(Cl)c2c(=O)n1-c1ccccc1,-8.4,3.2145107736553484,3_454
COC(C)CN(Cc1nc2c(s1)CCc1c-2cnn1C)CC(C)C,-5.6,3.653102040311323,3_455
CCC/C=C(\CCC)[C@@H](NS(=O)(=O)c1ccccc1Cl)c1ccccc1,-6.0,3.5509447517387303,3_456
Cc1ccccc1Cn1c(=O)oc2ccccc21,-5.8,3.555712624650816,3_457
Cc1c(N(Cc2ccccc2)S(=O)(=O)c2ccc(-c3nnc(C4CCC4)o3)cc2)ccc2[nH]ccc12,-7.7,3.4855902975310697,3_458
CC(C)NC[C@H](O)COc1ccccc1CCCC(=O)NCCCCNC(=O)CCCCCCC(=O)Nc1ccccc1,-4.6,3.027226243286485,3_459
CCc1nn(C)c(Cl)c1CN1CCC(c2nn[nH]n2)CC1,-6.3,3.632595843175347,3_460
Cc1noc2c1C(=O)OC(C)CC2,-5.3,2.2904129187855693,3_461
CN(C(=O)c1ccccc1)C(C(=O)NC1CCCC1)c1ccccc1,-7.1,3.701318717684215,3_462
CC(=O)c1ccccc1-c1ccc(-c2nc3cc(C(=O)O)ccc3n2C2CCCCC2)o1,-7.7,3.5777823279317644,3_463
CNc1nc2ccccc2n2nnnc12,-5.8,3.461726271184297,3_464
CCC(=O)N[C@H]1C[CH]C(NC(=O)c2oc(CC)cc2C)[C@@H]1C,-6.0,2.445201011855497,3_465
COc1ccc(CCO)c(Nc2nc3ccccc3nc2NS(=O)(=O)c2ccc(C)cn2)c1,-9.3,3.4277709689988187,3_466
CCNC(C1CCc2ccccc2C1)C(c1cccc(C2=CC=C(OC)C2)c1)n1ccccc1=O,-7.0,3.508129726676881,3_467
NCCCCn1c(NC(=O)c2ccc(Cl)cc2Cl)cc2cc(C(=O)N3CCCCO3)ccc21,-8.3,3.625171327263362,3_468
CCC(=O)N(CCN(Cc1cncn1C)c1ccc(C#N)cc1)C1CC1,-5.7,3.692419262144642,3_469
Cc1cccc(NC(=O)Nc2ccc3c(c2)N(C)C(=O)c2ccccc2S3)c1,-7.8,2.6748744187959286,3_470
C=CC1C[C@@H]2[C@H](C#N)[C@H](n3cc(C(N)=O)c(Nc4ccc(F)cc4)n3)CCN12,-7.8,3.576237921920581,3_471
CCOc1ccc(-[n+]2c(C)cc(CNc3ccc(Cl)cc3)cc2N(CC)CC)cc1C(=O)Nc1ccc(C(=O)O)cc1,-6.2,3.2158008888180465,3_472
CCOC(=O)N1CCN(CC(C)NC(=O)c2cc3ccccc3o2)CC1,-6.2,3.7670288835402443,3_473
Cc1ccc(S(=O)(=O)N(CC(=O)N2CCc3ccccc32)c2ccc(C(F)(F)F)cc2)cc1,-7.9,3.6850750720263648,3_474
COc1cc2ccccc2cc1C(=O)Nc1ccc(S(=O)(=O)Nc2nccs2)cc1,-7.3,3.6319983765083252,3_475
CCOC(=O)C1=CCN(S(=O)(=O)c2ccccc2C)C1c1ccc(OC)cc1,-6.0,3.6964306673514384,3_476
CC(C)N(CC(=O)Nc1ccc(-c2nc3ccccc3o2)cc1)Cc1ccccc1,-6.6,3.6600165165012712,3_477
C[C@H]1CN(CC(Cc2ccccc2)C(=O)NC(Cc2ccc(-c3ccccc3)cc2)C(=O)O)CC[C@@]1(C)c1cccc(O)c1,-6.3,3.26191096387178,3_478
CC(C)O[CH]C(Cn1cc(Cn2cnc3c(=O)[nH]cnc32)nn1)O[C@@H]1[CH]OC(C)(C)O1,-6.4,3.3847452620117213,3_479
Cc1nc2ccc(NC(=O)c3ccc(F)cc3)cc2n2c(-c3ccccc3)cnc12,-7.8,3.579897032695208,3_480
Oc1nc(N2N=C(c3ccccc3)CC2c2ccc(Br)cc2)sc1Cc1ccccc1,-7.5,3.599929030757326,3_481
Cc1ccc2ccccc2cc2ccc1C1C=CC=CN21,-6.4,0.9030719064097852,3_482
COc1ccc(CNc2ncncc2-c2ncccc2C)cc1,-6.5,3.779233028929103,3_483
CC(C)(O)c1ccc(C(=O)c2cccs2)cc1C(F)(F)F,-5.9,3.682378657748216,3_484
COc1cc(Cl)c(CNC[C@H]2C[C@@H](c3ccccc3C(F)(F)F)N[C@H]2CO)cc1OC,-6.9,3.5991866506828276,3_485
CC(=O)NC(CC(N)=O)C(=O)NC(Cc1ccccc1)C(=O)NC(C)C(=O)NC(CCC(=O)O)C(N)=O,-6.3,2.7245747245743486,3_486
Fc1ccccc1-n1cn[nH]c1=S,-4.4,3.390699095870284,3_487
CC(C)(C)OC(=O)NCCC1CCN(S(C)(=O)=O)C1,-4.6,2.294436839900669,3_488
COc1ccc(-c2ccc(C(=O)NC3CCc4nc(N)sc4C3)cc2)cn1,-7.1,3.714480703340978,3_489
CO/N=C(\C#N)C(=O)NCC1=NOC(C)C1,-5.4,2.032642479665945,3_490
OC(COC(c1ccc(F)cc1)c1ccc(F)cc1)CN1CCC(O)(c2ccc(Cl)c(C(F)(F)F)c2)CC1,-7.7,3.4886944383043184,3_491
Clc1cccc(-c2nc3ccccc3o2)c1,-6.3,3.473958055424787,3_492
CCCCc1nnc(N(C)C)c(=O)n1Cc1ccccc1,-6.1,3.681479388287678,3_493
C=CC(C)(C)c1[nH]c2ccccc2c1Cc1[nH]c(=O)c(C)nc1O,-6.7,3.610832979018511,3_494
O=C(N/N=C(\c1ccc(Cl)cc1)c1ccc(/C=C/C(=O)c2ccccc2F)cc1)c1ccc(Cl)cc1,-6.7,3.2401923078486012,3_495
Cc1ccc(-n2nnnc2SCC(=O)c2c(N)n(C3CC3)c(=O)[nH]c2=O)c(C)c1,-7.5,3.3021430204036335,3_496
COC[C@@]1(OC)C(=O)N(C)C(Cc2ccc(OC(C)(C)C(=O)NS(=O)(=O)Cc3ccccc3)cc2)N1C,-5.7,3.445594854867007,3_497
CC(=CCc1ccc(O)c2oc(-c3ccc(O)c(O)c3)cc(=O)c12)[C@H](C)O,-7.6,3.4524331653141935,3_498
O=C(NC1CN2CCC1CC2)c1cccc2c(N=C3CC=CS(=O)(=O)C3)c3ccccc3nc12,-7.3,3.3702969227257107,3_499
CC(O)c1cccc(-c2cn3c(-c4ccc(Cl)cc4)cnc3cn2)c1,-8.0,3.7028466826183024,3_500
CN(C)C(=O)C1CC[C@H](NC(=O)c2cc3cc(Cl)ccc3[nH]2)[C@H](NC(=O)C2=NCC3=C2CCNC3)C1,-7.8,3.2639357075285225,3_501
OC1CNCCC1Oc1cccc(F)c1,-5.4,3.425075727328304,3_502
COc1ccc(N2C(=O)CC[C@@H]2COc2ccc(C=O)cc2OC)c(OC)c1,-5.7,3.659183176172902,3_503
Cc1cc(C[C@H](O)C(C)C)n2c1CCCN(C(C)C)CC(c1cccc(O)c1)C2,-5.9,1.4747631108788797,3_504
O=C(Cc1ccccc1)NC1CCOC1=O,-5.4,3.4891322889198246,3_505
Cc1cccc(NC(=O)COc2ccc(C(=O)c3ccc(F)cc3)cc2)n1,-7.4,3.7176545796702696,3_506
CC(C)[C@H]1CC[C@H]2[C@@H]3CC[C@@H](O[C@@H]4CC(=O)N[C@H]4C)[C@@H](C)[C@H]3CC[C@]12C,-6.3,3.0482550626278586,3_507
C1=CCC(CCNCc2cnc3ccc(-c4ccccc4)nn23)=C1,-6.4,3.686501272908604,3_508
C=CC=CC=CC=CC=CC1CC(NC=O)C(=O)NC(C(O)C(=O)Nc2cccc(OC(F)F)c2)Cc2ccccc21,-5.7,1.0192523841813026,3_509
CCOC(=O)COc1ccc(-c2ccc(OCCN(C)C)c(-c3ccccc3)c2)cc1CO,-5.8,3.58750271159246,3_510
CNC(=O)Oc1ccc([N+](=O)[O-])cc1C,-5.1,3.3792208014685774,3_511
NC(=O)c1ccccc1NC(=O)C[S+]([O-])CC(=O)Nc1ccc2c(c1)OCCO2,-6.3,3.423587506171175,3_512
CC1(C)CN(c2cc(C(=O)O)ccn2)C2CN(c3cc(C4CC4)ncc3Cl)CCC21,-6.7,3.5658696079560857,3_513
COc1cc(Nc2nc3ccccc3nc2S(=O)(=O)c2ccc(F)cc2)cc(OC)c1OC,-8.0,3.530353959582624,3_514
COC(=O)C1C(C(=O)O)O/C(=C\C2=CC=C(OC)C2c2ccc(C(F)(F)F)cc2)C1C,-7.3,3.5566222185480543,3_515
O=C(c1ccc2cc(Oc3ccc(C(F)(F)F)cn3)ccc2n1)N1CCO[C@H](c2cccs2)C1,-7.8,3.582234893898738,3_516
Cn1nc(CC(=O)N2CCN(c3ccccc3)NC2)c2ccccc2c1=O,-7.8,3.714577503058826,3_517
COc1ccc2c(c1O)[C@]13CCN(C)[C@H](C2)[C@@H]1Cc1c([nH]c2ccccc12)C3,-8.0,3.4090070068701284,3_518
O=C1NCCc2ccccc21,-5.0,3.0823745696046627,3_519
O[C@@H]1CNc2ccccc2[C@](O)CC=C2O[C@H]1[CH][C@]2/C=C/c1ccccc1,-7.6,1.1615104506619014,3_520
CC[C@@H]1O[C@H]2[C@@H](O)[C@H](n3ccc(=O)[nH]c3=O)O[C@@H]2COP(=O)(O)O1,-6.7,1.1180884546139023,3_521
Cc1ccc2c(c1)C(NCc1ccc(C)o1)N=CN2,-6.3,3.667056525873979,3_522
Cc1ccc(-c2nn3c(C)nnc3c3ccccc23)cc1S(=O)(=O)N1CCOCC1,-7.9,3.615389725996903,3_523
CCc1nn(-c2ccccc2)c2cc(N3CCC(NC(N)=O)C3)ccc12,-7.7,3.7682326289752353,3_524
C[C@H](NC(=O)NCc1cccnc1)c1noc2c1CCCC2,-6.3,3.7317672732867737,3_525
COc1ncc(C2CC2)cc1C1N[C@@H]2C[C@H](C(F)F)C[C@@H]2S1,-6.0,3.4357305343083464,3_526
CCOC(=O)C1C(CN2CCC[C@@]3(CCCO3)CC2)=NC(c2nccs2)=NC1c1ccc(F)cc1Br,-6.5,2.3068744233946217,3_527
CCCCCCCNC(=O)NC(C)(C)Cc1ccc2c(c1)OCO2,-5.9,3.5016290905419436,3_528
CCOC(=O)Cn1c(=N)n(CC(=O)c2cccs2)c2ccccc21,-5.4,3.6381496036817222,3_529
CC1=CCCC(c2ccccc2C(=O)NC(CCC(=O)O)C(=O)ON)C1=O,-6.3,3.410439782596072,3_530
COc1ccc(-c2cc(N)n(S(=O)(=O)c3ccccc3NC(=O)C(C)(C)C)n2)cc1,-7.7,3.677738771381444,3_531
Nc1nnnn1/N=C/c1ccco1,-4.7,2.0892770957856364,3_532
Cc1ccc2occ(CCNC(=O)CCOCCOC3CCOCCOCCOC3)c2c1,-6.4,1.2130223767900592,3_533
CN(CCc1cccc(F)c1)CC1(O)CCN(c2cnccn2)C1=O,-6.7,3.745893934528061,3_534
C[C]1[CH]CC2CCC(C)(C)C(O)CC[C@]23C=CC[CH][C@](C)(CC[CH]C(C)(C)[C@@H](O[C@@H]2O[C@H](CO)[C@H](O)[C@H](O)[C@H]2O)CC1)C3,-7.5,1.1768961179520896,3_535
O=c1cc(N2CCN(c3ccc4c(c3)OCO4)CC2)cnn1CCCN1CCNC2=CC=COC21,-7.2,3.255295046493325,3_536
Cc1ccc2c(c1)cc(C(=O)N(C)c1cnn(C)c1)n2C,-6.2,3.671687201207452,3_537
COc1ccc(C(N)CCCN2CCC(C(O)(c3ccccc3)c3ccccc3)CC2)cc1,-6.1,3.5968848975910204,3_538
Cn1c(Nc2c(Cl)ccc(CNC(=O)C(C)(C)C)c2Cl)nc2cc(C(=O)N[C@H]3CC[C@H](C(F)(F)F)CC3)c(N3CCC(F)(F)C3)cc21,-7.7,3.120205804408281,3_539
COc1cccc(C(=O)NCCS(=O)(=O)N2CCN(c3ccc([N+](=O)[O-])cc3)CC2)c1,-6.6,3.4735228293216713,3_540
CC(Cc1cccc(N2CCCCNC(=O)C2)c1)NS(=O)(=O)c1ccccc1,-7.0,1.8904734878924119,3_541
CC(C)n1nc(-c2ccc(O)c(O)c2)c2c(N)ncnc21,-7.3,3.496286241591637,3_542
[CH]O[C](Cn1cc(-c2cccs2)cc1C(C#N)=CC=COC)c1ccc(-c2ccc(/C=C/C(O)=NO)cc2)cc1,-5.8,2.8906895734980136,3_543
Cc1occc1C(=O)N1CCN(c2ncc(F)cn2)CC1,-5.7,3.645672572244461,3_544
CSCC[C@H]1NC(=O)C2CC3CN2C(=O)CC(=CC(=NC(=O)CCl)C=CC(=CCC(C(=O)O)N(C)C=O)CCN3)O1,-6.1,1.2635307818758634,3_545
Cc1cccc(S(=O)(=O)Nc2nc(N3CCNCC3)cs2)c1,-7.1,3.6708354589969576,3_546
NS(=O)(=O)OC[CH]C[C@H](F)Nc1ncncc1C(=O)Cc1cccc(Br)c1,-6.6,3.3217402219774605,3_547
O=C(CCCc1c[nH]c2ccccc12)NCCc1c[nH]c2ccc(Cl)cc12,-7.0,3.4119640838813243,3_548
C[C@@H]1CN([C@@H](C)CO)C(=O)c2cc(N(C)C)ccc2O[C@H]1CN(C)Cc1ccc(Cl)c(Cl)c1,-5.7,1.830157568914165,3_549
C[C@]1(Sc2nc3ccccc3[nH]2)C(=O)Nc2ccccc21,-7.0,3.677311588292543,3_550
CC(C)(C)C1=CC(=O)C(c2ccccc2)=[N+]([O-])C1=O,-6.1,3.40336031544944,3_551
COc1ccc(NC(=O)C2=Cc3cccc(OC)c3C3=NCCN23)cc1,-7.2,3.7073074476847117,3_552
O=[N+]([O-])c1ccc(CNCCCCCCCNCc2ccc(Cl)c(Cl)c2)cc1,-5.5,3.398876618295399,3_553
O=C(NC(C(=O)O)c1ccccc1)c1cc(Cl)cc(OCC2CC2)n1,-6.4,3.7355130850556657,3_554
O=C(NCCN1CCCCC1)c1cc2c(Cl)cccc2n1CCOc1ccccc1,-6.1,3.7069904195451837,3_555
O=C(O)C1CCCN(c2ccc(Nc3ncc4c5ccncc5n(C5CCCC5)c4n3)nn2)C1,-7.4,3.413218849217465,3_556
O=C(Cc1cccc(C(F)(F)F)c1)Nc1cncc(C(=O)c2cn(C3COC3)c3ncncc23)c1,-7.9,3.575391074567408,3_557
CCCC(O)C/C=C/CCCCCCCCCC(=O)O,-4.5,1.72741964513855,3_558
N#Cc1ccccc1NC(=O)/C=C/c1cccc(F)c1,-6.2,3.6230621804114334,3_559
COc1ccc(NC(=S)NC2CC3CCC2C3)c(OC)c1,-5.7,3.4631595836308686,3_560
CCc1cc2c(s1)Nc1ccc(F)cc1N=C2N1CCN(C)CC1,-6.9,2.6394886146919267,3_561
O=C(NCC1CCCCC1)c1cc(=O)c2cccc(O)c2[nH]1,-6.9,3.628256815675239,3_562
C=Nc1ncc(-c2ccc(S(=O)(=O)N3CCCC3)cc2)nc1C1C=C(OC=N)C(C2CC=NO2)=C1,-6.3,3.227502482132193,3_563
COc1cc2oc(=O)c(C(C)=O)cc2c(OC)c1OC,-5.2,3.591587740458076,3_564
C[N+](C)(C)CCOCCCc1cc(Cl)cc(Cl)c1,-4.7,3.203492263753073,3_565
CC1=CC=C(CNC(=O)CN2Cc3ccc(F)cc3C=C2C)OC=C1,-7.2,2.6287435340475476,3_566
CC(C)(C)c1ccc(S(=O)(=O)NCc2cccnc2)cc1,-5.9,3.771114103693532,3_567
O=C(Nc1ccc(Nc2cc(N3CCNC3)ccccncn2)cc1)c1ccc(C(F)(F)F)cc1,-8.1,1.4619043218458803,3_568
CCCOc1ccc(-c2csc(N/N=C/c3c(-c4ccc(C)cc4)nc4sc(C)nn34)n2)cc1,-6.9,3.288033842694957,3_569
COCCN(Cc1cccc(OC)c1)C(=O)c1cncn1C,-5.1,3.6878582413944505,3_570
C#Cc1ccc(S(=O)(=O)N2CCN(c3nc(CN4CCOCC4)nc4sc5c(c34)CCCC5)CC2)cc1,-7.5,3.284643914074514,3_571
Cc1nn(C(=O)c2ccco2)c(C)c1/C=N/NC(=O)[C@]1(C)CNC(=S)N1,-6.8,2.1912056388753824,3_572
C[CH]CC[C@]1(c2nc3cc(F)ccc3n2C)CC[C@]2(C)C(=CC[C@@H]3[C@@]4(C)CC[C@H](O[C@@H]5O[C@H](CO)[C@@H](O)[C@H](O)[C@H]5O)C(C)(C)[C@@H]4CC[C@]32C)[C@@H]1[CH]C,-6.0,2.628607455726422,3_573
COC1=CC=C(C(=O)NCC(C)[SH](=O)=O)CC=C1,-5.3,2.4592543310098955,3_574
Cc1cccc(S(=O)(=O)NC2CCCC(c3cn(C)c4ccccc4c3=O)N2)c1,-8.0,3.7685672337684064,3_575
COC(=O)C(=NC(=O)c1ccccc1)C(C)C,-5.0,3.4613691059941507,3_576
C=C1C(=O)OCC1C(O)c1cn(S(=O)(=O)c2cccs2)c2ccc(OC)cc12,-7.2,3.5940717999509975,3_577
CC1=C(C(=O)N2CCn3nc(-c4ccn(C)n4)cc3C2)[C@@H](Nc2nc3ccccc3[nH]2)c2ccccc21,-8.0,3.414202973281009,3_578
CC(=O)Oc1cc(C)c2c(c1C=O)O[C@H](C)C(C)C2=O,-6.0,3.4461813370747096,3_579
CCOC(=O)C1CCCN(Cc2cc3cnn(-c4ccccc4)c3nc2C)CC1,-7.1,2.6877652178140448,3_580
CC(CN(C)Cc1c(O)ccc2ccccc12)c1cccc2ccccc12,-5.1,3.4568836777088627,3_581
Cc1nc2nc(C3C=CC=COC3)nn2c(Nc2ccc(F)cc2)c1CO,-8.4,2.7329691582937494,3_582
COc1cc2c(cc1OC)CN(c1nc3ccccc3s1)CC2,-6.4,3.692820239976676,3_583
Cc1cc(C)n(CC2CCN(C(=O)c3scnc3C)CC2)n1,-6.5,3.6820324124000225,3_584
C[C]1CC2[C@@H](C)[C@](C)(C=CC=O)CC[C@@H]2[C@]1(O)COC(=O)c1cccnc1,-6.3,3.3971437738001886,3_585
COc1ccc(-c2csc(NC(=O)/C=C/c3ccco3)n2)cc1,-5.9,3.724208179729068,3_586
O=Cc1c(NC2CN3CCC2CC3)c2ccccc2[nH]c1=O,-6.5,3.4548212920886647,3_587
O=C(/C=C/c1ccc(-c2ccc([N+](=O)[O-])cc2)o1)Nc1ccc(NC(=O)c2ccc3ccccc3c2)c(C(=O)c2ccc(Cl)cc2Cl)c1,-3.2,2.7339273458608138,3_588
Cc1nc2ccc(Oc3ccc(Cl)cc3F)cc2o1,-6.1,3.586161988722031,3_589
Cc1ncc([C@H](CCN(C)C(C)C)N(C)c2cc(Cl)cc(Cl)c2)s1,-5.7,3.629642398170131,3_590
C/C(=N\NC(=O)c1ccc(C)c(Cl)c1)c1ccc(Cl)cc1,-6.2,3.5821359768192114,3_591
CCC(CC)(NC(=O)c1ccc(C2CC2)c(COc2ccccc2F)n1)C(=O)N(C)C,-6.4,3.70677181284319,3_592
N=C1N[C@@]2(CO1)c1cc(-c3cccnc3F)ccc1Oc1cnc(-c3cccnc3)cc12,-8.0,3.4788249634025066,3_593
CCCNc1n[nH]c2cc(-c3ccccc3)sc2c1=O,-6.0,3.7529179726667152,3_594
C[C@H](CCCOS(=O)(=O)O)[C@H]1CC[C@H]2[C@@H]3[C@H](C#N)C[C@@H]4C[C@H](O)CC[C@]4(C)[C@H]3CC[C@]12C,-6.5,2.997617620689579,3_596
O=C(c1ccccc1)c1ccc2[nH]c(=O)c3nn(-c4ccccc4)cc3c2c1[NH+]([O-])O,-8.8,3.3537362371941932,3_597
Cc1c(C(=O)c2cccc3ccccc23)nc2ccc(Cl)cc2c1C(=O)O,-7.5,3.5953644719317017,3_598
CCc1c(C)nc2nncn2c1NCc1ccc(Br)cc1,-6.3,3.7962512915937032,3_599
CC(=O)c1c2c(n3cccc(F)c13)C(=O)c1ncccc1C2=O,-6.8,3.5969488777945724,3_600
CN(Cc1noc(N)n1)C1CCCN(c2cccnn2)C1,-6.7,3.5518793455710873,3_601
CC=C([C](c1ccc(F)c(OC(F)(F)F)c1)C(C#N)C(N)=O)C(=O)N1CCCCC1,-6.5,3.5842748442943053,3_602
O=S(=O)(c1ccccc1Cl)N1CCc2c(sc3ncnc(Nc4ccc(Cl)cc4)c23)C1,-7.4,3.648662759840639,3_603
CCCCNCC(O)Cn1c(C)c(C(=O)C(C)C)c2ccccc21,-6.5,3.5403418030013274,3_604
CC(C)=CCc1c(O)cc(O)c(C2C(=O)C=C3CC(=O)C=C(C=CCC(=S)Cl)OC2O3)c1O,-6.7,1.3492365498117298,3_605
Cc1ccc(NC(=O)c2ccc(-n3c(O)ccc3O)cc2)cc1S(=O)(=O)N1CCCCCC1,-7.7,2.638358177492388,3_606
CCS(=O)(=O)c1cccc(C2(O)CCN(C(=O)c3ccc[nH]3)CC2)c1,-6.9,3.7185974363468324,3_607
CCC(C)C(NC(=O)OCc1ccccc1)C(=O)N[C@@H](Cc1ccccc1)[C@@H](O)C(NCc1ccccc1)C(=O)NC(C(=O)NCc1ccncc1)C(C)C,-6.2,2.799020401350266,3_608
O=c1[nH]c(=S)[nH]c(O)c1C=Nc1ccc(I)cc1,-6.4,3.399281333792376,3_609
CC(=O)O[C@H]1CC[C@@]2(C)[C@H](CC[C@@H]3[C@@H]2CC[C@]2(C)C(c4ccc(=O)oc4)C(=O)C4O[C@@]432)C1,-7.4,3.1203238100531183,3_610
O=C(CCS(=O)(=O)c1cc(Br)cc2c1N(C(=O)C1CC1)CC2)N1CCN(Cc2ccccc2)CC1,-6.7,3.416460701782732,3_611
CC(=O)Nc1ccc(-n2c(=O)n(Cc3ccccc3F)c(=O)c3c2ncn3Cc2ccc(C(C)(C)C)cc2)cc1,-8.2,3.4623162870095765,3_612
Cc1cccc(Nc2nc(N[C@@H](C)c3ncc(F)cn3)nc(N3CCOCC3)c2F)n1,-8.0,3.5569128253236553,3_613
Cc1c(O)cccc1/C(=C\c1ccccc1)c1ccc(S(C)(=O)=O)cc1,-6.9,3.652463864742855,3_614
O=C(NC[C@@H]1CCCO1)c1[nH]nc2c1CN(S(=O)(=O)c1cccnc1)CC2,-6.7,3.5010483306147844,3_615
CC(C)Nc1ncc(-c2cc(-c3ccc(F)cc3)nc3ccccc23)cn1,-7.9,3.6734877971421307,3_616
Cc1ccccc1N1CCN(c2ccc(C(=O)Nc3nc4ccccc4[nH]3)cc2)CC1,-7.3,3.6663340286768644,3_617
CCC(C)C(=O)C=CC(C)(OCCC12CC3CC(CC(C3)C1)C2)c1ccccc1,-6.7,2.915621061480796,3_618
CCCCCCCOP(=O)(O)O,-3.8,1.7131007296766612,3_619
Cc1cc(C#N)cc(Cl)c1Nc1nc2ccc(F)c(-c3cnn(CCN4CCOCC4)c3)c2o1,-7.4,3.580491003941356,3_620
CCCCNC(=O)CC1C[C@@]2(C(=O)OC)CCCCC=C2N(Cc2cccc3ccccc23)C1=O,-6.9,2.456168807179779,3_621
CNc1ccc(C(=O)NNC(=O)Cc2ccccc2)cc1[N+](=O)[O-],-6.5,3.520960080208816,3_622
CN(C)CCCCC(=O)N1c2ccccc2Sc2ccccc21,-6.2,3.580001500351568,3_623
C=CC(C)(CC(C)C)NC(=O)[C@]1(C)CC2C[C@H]3CCC4=C(COC4=O)[C@H]3CC[C@@]21C,-5.8,2.099023899599291,3_624
Cc1ccc(N(Cc2ccccc2)C(=O)Nc2ccccc2Cl)cc1,-6.9,3.5213708424784382,3_625
CCCCC(CC)C(=O)Nc1cn(C)nc1OS(C)(=O)=O,-5.1,2.336798952139455,3_626
N=C(N)NCCCC(NC(=O)C(CCCCN)NC(=O)C(Cc1ccccc1)NC(=O)CCNS(=O)(=O)c1ccc(-c2ccccc2)cc1)C(=O)O,-6.0,2.6599539855786434,3_627
CC1=CC=CC2C(c3c(C)noc3C)=CC=CN12,-5.7,3.368336319256966,3_628
Cc1ccc(-c2nc3scc(CCNS(=O)(=O)c4ccc(F)c(C(F)(F)F)c4)n3n2)cc1,-7.8,3.574659983615814,3_629
NC1CNC(CCOc2c(F)cc(F)cc2-c2ccc3c(c2)OCO3)C1=O,-7.2,3.6320914875522914,3_630
CCOC(=O)C1Sc2[nH]c(=O)sc2C(Cc2ccc(OC)cc2)C1CC,-6.0,3.7168542893298318,3_631
Cn1cnc2c(Nc3cccc(Cl)c3)nc(NCCN)nc21,-6.8,3.578450835291795,3_632
C=CCc1ccc2c(c1O)C(=O)CC(c1ccccc1O)O2,-6.4,3.664145792416228,3_633
CN(Cc1ccc(Cl)cc1)C(=O)C1(C)CCN1C(=O)c1csc2ccc(F)cc12,-7.0,3.6962998066690367,3_634
CC1(C)N=C(N)N=C(N)N1C=C1C=CC(OCCCCCCOc2ccc(NC(=O)C3OC(C(=O)O)[C@@H](O)[C@@H](O)[C@H]3O)cc2)=C1,-6.5,2.4767910599627014,3_635
COc1cc(-c2nnc(SCC(=O)Nc3ccc(C)cc3C)o2)cc(OC)c1OC,-5.9,3.613204407513844,3_636
Cc1ccc(C(=O)Nc2ccc(Cl)cc2C(=O)Nc2ccc(Cl)cn2)cn1,-7.4,3.730474740863408,3_637
CCCc1ccc(NC(=O)N2CCN(c3ccnc(Nc4ccc(N5CCOCC5)cc4)n3)CC2)cc1,-7.4,3.5304839493850824,3_638
O=c1[nH]c2c(S(=O)(=O)N3Cc4ccccc4C3)cccc2o1,-7.6,3.72282524694548,3_639
Cc1ccccc1NC(=O)CSc1oc(-c2cccs2)nc1S(=O)(=O)c1ccccc1,-7.2,3.5401270310504644,3_640
CC1=NN(c2cccc(F)c2)C(=O)/C1=C\c1cn(CC(O)CNCCCN2CCOCC2)c2ccccc12,-6.4,3.3616906892082543,3_641
CCCc1nc(SCC(=O)c2ccccc2)c2c(=O)n(C)c(=O)n(C)c2n1,-6.8,3.4671120897448224,3_642
COC(=O)c1c(O)cc(O)c(Cl)c1CCC(=O)Nc1ncc(Cl)s1,-6.5,3.511761939221384,3_643
O=C(NCN(c1ccccc1)c1ccc(Cl)cc1)c1cc([N+](=O)[O-])ccc1N1CCOCC1,-7.5,3.540733175747886,3_644
CC/N=C\c1csc2ccccc12,-4.7,3.3125848045186554,3_645
O=C(O)C[C@H]1c2ccc(C(F)(F)F)nc2NCCN1C(=O)Cc1cccc(OC(F)(F)F)c1,-7.7,2.632080211184218,3_646
CN(CCNS(=O)(=O)c1ccccc1F)c1nc(-c2cccs2)nc2ccc(Br)cc12,-7.2,3.637948817262095,3_647
CC(C)OCCCNC(=O)C(=O)Nc1ccc2c(c1)N(C(=O)C1CC1)CCC2,-5.6,3.4456982079706764,3_648
O=C(CS1=CNc2cc(S(=O)(=O)N3CCOCC3)ccc21)NCc1ccco1,-6.9,3.5016154079227872,3_649
COc1cc(N2CCN(C(=O)Nc3ccc(Oc4ccccc4)cc3)CC2)ccc1-c1cnc(C)o1,-7.5,3.610497625781695,3_650
COC(=O)c1ccc(NC(=O)Cc2ccc(Nc3ncnc4ccc(N5CCN(C)CC5)nc34)cc2)cc1,-7.2,3.3898797128805684,3_651
O=C1CCNc2c(C(=O)N3CCN(Oc4c(F)cccc4Cl)CC3)csc21,-7.2,3.666229408628656,3_652
CSc1nc2c(c(Nc3cccc(C(=O)N4CCOCC4)c3)n1)CCNCC2,-7.7,2.5358759970710585,3_653
CCCCCCCCCCCCN=C(N)Nc1cc(N2CCN(CCOCCC)CC2)c(N)cc1C=O,-5.4,2.7639894621642127,3_654
COc1cc(CC(CO)=C(C)C)ccc1O,-4.9,3.4704496336773714,3_655
CS(=O)(=O)c1ccc2c(ccc(=O)n2-c2ccc(Cl)cc2Cl)c1,-6.5,3.7042242999800292,3_656
CSCCC(NC(=O)c1ccc(OCc2ccccc2)cc1)C(=O)N1CCCC1C(=O)OCc1ccccc1,-6.2,3.4844255932180284,3_657
CC(=O)Oc1cc2c(c(C)c1CCO)C(=O)C(=O)C2OC(C)=O,-5.8,3.426246050197313,3_658
O=C(Nc1cnn2ccc(N3CCC[C@@H]3c3cc(F)ccc3Cl)nc12)C1CCOCC1,-7.3,3.6629697111366943,3_659
Cc1ncsc1C(=O)NCc1cc2cc(N3C[C@@H]4C[C@H]3CN4)cnc2[nH]1,-7.2,3.5477539319886704,3_660
O=C(CCS(=O)(=O)c1ccc2cc(Cl)ccc2c1)N1CCC(N2CCCC2)CC1,-7.1,3.66275925454696,3_661
Cc1nn(C)c(C)c1CC(=O)NCC(C)n1ccnn1,-5.9,2.4984272736813953,3_662
Cc1cc(-c2ccc(Nc3ccccc3C(N)=O)c(F)c2Cl)[nH]n1,-7.2,3.652494659951379,3_663
CCCCCCCCCCCCCCCCCc1ccc(C(=O)N2C[C@H](CO)[C@@H](O)C2)cc1,-5.1,3.188850766328704,3_664
Cc1ccc(Cn2cc(NC(=O)c3noc4c3CC(C)(C)C(C)N4)cn2)cc1,-7.8,3.7406948273618066,3_665
CCOC(=O)CC1=NN(c2ccc(C(=O)N(C3CC3)C3CCN(C(=O)OC(C)(C)C)CC3)cc2)C1,-5.6,3.26744181281422,3_666
O=C(O)C1CCCCC1C(=O)Nc1ccc(F)c(F)c1,-6.4,3.5705129334909476,3_667
COc1nc(C2Nc3ccc(F)cc3C(=O)N2Cc2ccccc2)ncc1Cl,-8.1,3.7887438644356193,3_668
Cc1ccc(C=NNC(=O)CC(=O)Nc2ccc(Br)cc2F)o1,-6.1,3.539337711904327,3_669
Clc1ccccc1/C=C/c1nc2ccccc2n2c1nc1ccccc12,-8.0,3.4214715620623064,3_670
COC(=O)C1=C(C)C(=O)C(Cl)=C(Cl)C1Cl,-5.1,3.234865323538438,3_671
CC(=O)OCC1=C(C(=O)NC2C=C(C(=O)NCCCCCCC(O)=NO)NC2)CCC1,-4.9,1.3778667920422194,3_672
CC(C)(C)OC(=O)C1=CCC[C@](C(=O)C2[C](O)CCC(=O)[C@@]3(C)[C]2CC[C@@H]3O)[C@@]1C,-6.6,2.2782464621784646,3_673
O=c1[nH]c2ccc(-c3cnn(C4CCNCC4)c3)cc2o1,-7.2,3.681026514642803,3_674
O=C(Cn1c(O)csc1=S)c1ccccc1O,-5.7,3.512246632526093,3_675
C[CH][C@H]1O[C@H]1C,-3.3,0.5795896165077679,3_676
COc1ccc(C2SCC(=O)N2NC(=O)CN2Cc3ccccc3SCC2=O)cc1,-6.9,2.6945252645050335,3_677
O=C(CN1CC(C(=O)ONc2ccccc2)NN=C(C2CCCCC2)c2ccccc21)C1CCCC1,-7.7,1.4526753920945294,3_678
CN1CCN(S(=O)(=O)c2ccc([N+](=O)[O-])cc2)CC1,-5.6,3.3724825229966706,3_679
C[C@@](C(=O)O[C@H]1C[N+]2(CC(=O)Nc3ccc(Cl)cc3)CCC1CC2)(c1ccccc1)N1CCCCC1,-7.1,3.2817153962853434,3_680
NC(=O)c1ccc2[nH]c(-c3ccc(OCc4cn(Cc5ccccc5)nn4)cc3)nc2c1,-7.1,3.521777175248548,3_681
N#Cc1ccc(COc2c(C3CCC3)ccc(-c3cnc(N)cn3)c2F)cn1,-7.3,3.773594566454185,3_682
COc1ccc(C2COC3=NC(C)(C)c4cc(O)c(C)c(C)c4C3C2=O)c(O)c1,-7.4,3.6090170120804883,3_683
CC(C)n1nc(-c2ccc3c(N)noc3c2)c2c(N)ncnc21,-6.8,3.5069067296773855,3_684
COc1ccc2[nH]c3c(c2c1)C[C@]1(C)[C@@H](CC[C@@]2(C)[C]4C[C@@H](O)[C@@]5(CO)CCC(C)(C)C[C@H]5C4=CC[C@H]12)CC3(C)C,-7.0,1.9498557810894175,3_685
Cc1cc(C)cc(Oc2c(COCc3ccco3)c(C)[nH]c(=O)c2I)c1,-6.3,3.7002193555465963,3_686
O=C(Nc1cc(F)c(F)c(F)c1)Nc1ccc2c(c1)=NC(=O)C=2Cc1ccc(Cl)s1,-7.5,3.6541842289923334,3_687
Cc1cc(N(C)C[C@@H](O)C=C(Cl)Cl)on1,-4.8,2.397389560401874,3_688
CCON=C(CSC(=N)N)C(=O)NC1C(=O)N2C(C(=O)[O-])=C(/C=C/c3ccc(C[C@@H](N)CC(=O)O)s3)SC[C@H]12,-5.2,2.311020234418382,3_689
CCn1c(-c2cnn(C)c2)nnc1N1CCC(C)CC1,-6.7,3.601376188702183,3_690
COc1cc(OC)cc(C2CC(=O)Nc3cc4c(cc32)OCCO4)c1,-7.9,3.7299676101181825,3_691
CCCCNC(=O)c1ccccc1Nc1ccc2c(C=Cc3ccccn3)[nH]nc2c1,-7.0,3.485173675709114,3_692
CCN(CC)S(=O)(=O)c1ccc2c(c1)N(CC(=O)Nc1cccc(C)c1C)C(=O)C1CCCN21,-6.9,3.6247448662842947,3_693
NS(=O)(=O)OC[C@@H]1C[C@@H](Nc2ncncc2C(=O)c2cn(Cc3cccc4cccnc34)c3ccccc23)[C@@H](O)[C@H]1O,-7.7,2.885607715890018,3_694
O=C(Nc1nc(-c2ccc(Cl)cc2)cs1)c1cccnc1,-6.3,3.778094105836085,3_695
Cn1c(=O)oc2cc(S(=O)(=O)NCC3CCN(C(=O)OC(C)(C)C)CC3)ccc21,-6.6,3.6367127782320106,3_696
COc1ccc(-c2oc3c(c2C(=O)Nc2ccccc2C)CCN(C)C3)cc1,-7.4,3.763616679672774,3_697
COc1cccc2cc(C(=O)CC(O)C(C)O)c(=O)c(=O)c(C(C)C)cc12,-6.2,1.7400086559286838,3_698
O=Cc1coc(O)c1Cc1ccccc1,-4.6,3.537327518284944,3_699
Cn1cc(CC(=O)Nc2ccc(F)c(F)c2)c2ccccc2c1=O,-7.1,3.7648846292079967,3_700
Cc1ccc2ncc3c(=O)n(CCCCN4CCN(c5ccccn5)CC4)cnc3c2c1,-6.5,3.5229256690740662,3_701
O=C1N=c2ccc(F)cc2=C1CC(=O)c1cccc(Cl)c1,-6.5,3.5524405175224048,3_702
COc1ccc2cc(CNc3ccc(C#N)c(C(F)(F)F)c3)nc(N)c2c1,-6.7,3.7366972013160034,3_703
COc1ccc2[nH]c(C(=O)N3CC(=O)N(Cc4ccccc4)[C@@H](C4CCCCC4)C3)cc2c1,-7.5,3.6292289184871622,3_704
CN1CCC(C(=O)N2CC[C@@H]3CC[C@H](NC(=O)c4ccc5ccccc5c4)[C@@H]3C2)CC1,-8.1,3.4902316016663164,3_705
CC1(C(=O)Nc2ccc3c(c2)OCO3)CCN1C(=O)C1(c2ccc(Cl)cc2)CC1,-6.5,3.6049000220897365,3_706
COC1C2CC(CC1c1cccc3ccccc13)O2,-6.4,3.2288875510713697,3_707
COc1ccc2c(Cc3ccccc3C)c3[n+](cc2c1)CCCC3,-7.6,3.3499570953870905,3_708
CC(C)CC(NC(=O)Cc1ccsc1)C(=O)NC1C(=O)N(C)N=Cc2ccccc21,-6.3,2.7407014321502574,3_709
C=C1CCC(C2CN3CCC2CC3)O1,-5.1,2.7877722722502454,3_710
CC1CCc2ccccc2N1Cl,-4.6,3.030602397342954,3_711
Oc1ccccc1-c1cc(-c2ccco2)nc(-c2ccccc2O)n1,-8.8,3.685910532311227,3_712
CN1CCN(C2=Nc3ccccc3CC=C2c2ccc(Br)cc2)CC1,-7.4,2.508972632369547,3_713
O=CC(/C=C/c1ccc(OCCCN2CCOCC2)c(O)c1-c1ccc([N+](=O)[O-])cc1)=C/c1ccc(C(F)(F)F)nc1,-7.2,2.9834870212385476,3_714
Fc1ccc(Cn2nnc(-c3ccc4ccccc4n3)n2)cc1,-7.8,3.6494736515521224,3_715
C#CCOc1ccc(CCNC(=O)C(OCC#C)c2cc(Cl)ccc2OC(C)=O)cc1OCC,-5.9,3.4550003296873966,3_716
N#Cc1nccc(NC2C(=O)C2S(=O)(=O)c2cccc(-c3ccccc3)c2)n1,-7.6,3.7047366127244725,3_717
Cc1ccc(C=NNC(=O)C(=O)NN2CCOCC2)s1,-5.7,3.3016222075883057,3_718
CC=NC=CC(N=COC)NC(=O)C(C)(C)NC(=O)c1ccc2c(c1)c(C)c(-c1ccc(F)cn1)n2C(C)C,-6.6,3.38181044264212,3_719
O=C1CCNCCNS2=C(c3cccc(Nc4nccc(C(F)(F)F)n4)c3)C=CC12,-9.4,1.3350567939321416,3_720
Cc1noc(C2CCN(C(=O)C3(C)CCNC(=O)C3)CC2)n1,-6.5,3.4617864500319397,3_721
NC(=O)c1cccc(-c2ccc(S(=O)(=O)N3CCC4(CC3)OCCO4)cc2)c1,-7.0,3.6674124767511955,3_722
O=C1C=CC=C=C(F)c2cc(S(=O)(=O)NC(=S)Nc3ccccc3)ccc2CCN1,-6.8,1.1877301283414456,3_723
COc1c(-c2ccc(F)cc2F)cccc1-n1c(=O)ccc2cc(S(=O)(=O)Nc3cccnn3)ccc21,-7.8,3.3857072939803015,3_724
C[C@@H](NC(=O)Nc1cc2[nH]nc(OC3CCOC3)c2cn1)c1ccccc1,-6.8,3.6531161468630655,3_725
Nc1cc2ccccc2[nH][nH]cn1,-5.7,1.4460698111692425,3_726
Nc1cc(F)ccc1NC(=O)N1CCN(c2nc(-c3ccccc3)cs2)CC1,-7.6,3.692734312011882,3_727
Cl/C(=C\c1cnn(-c2ccccc2)n1)c1cccnc1,-6.4,3.7116671715325564,3_728
C[C@@H](c1ccccc1)n1cnc2c(C3=NCCN3)cccc21,-6.5,3.725802153212868,3_729
COc1cccc2c1C[C@H]1CC(C(=O)N3CCN(c4ccc([N+](=O)[O-])cn4)CC3)CN(C)[C@@H]1C2,-7.6,3.346946361175001,3_730
O=C(CCc1ccccc1)N/N=C/c1ccccc1,-6.1,3.514173570679283,3_731
O=C(c1ccccc1)N1CCC2(CC1)OOC1(O2)C2CC3CC(C2)CC1C3,-7.7,3.1693755731926174,3_732
CC(C(=O)O)N(Cc1ccc([N+](=O)[O-])cc1)C(=O)Nc1ccc(Oc2ccccc2)cc1,-6.7,3.5357764694644205,3_734
N#Cc1cc(S(=O)(=O)Nc2nccs2)ccc1Oc1ccc(-c2cc(C(F)(F)F)ccn2)cc1,-7.1,3.5272721038086385,3_735
Cc1ccc(C)c(-c2ccc(CNC(=O)c3cccc(-n4cccn4)n3)s2)c1,-7.0,3.713763035071281,3_736
CSCCC(NC(=O)c1ccc(CNCc2c[nH]cn2)cc1-c1ccccc1C)C(=O)O,-6.0,3.479414482925654,3_737
CN1C/C(=C\c2ccccc2)C(=O)[C@]2(C1)[C@@H](c1ccccc1)[C@@H]1CSCN1[C@@]21C(=O)Nc2ccc([N+](=O)[O-])cc21,-7.2,3.1239858950253403,3_738
O=C(NNc1ccc([N+](=O)[O-])cc1)c1cc2c([nH]c3ccccc32)c(-c2ccc[nH]2)n1,-8.4,3.2580847424659396,3_739
Cc1cc(Nc2cc(C3CC3)[nH]n2)nc(Nc2ccc(Nc3ccnc4cc(Cl)ccc34)cc2)n1,-7.9,3.2377779323321993,3_740
COC(=O)N1CCN(C(=O)CSCC(=O)Nc2nc(-c3ccccc3)cs2)CC1,-6.2,3.681188184368844,3_741
COc1c(C)cccc1C(=O)Nc1cccc(-c2cn3ccsc3n2)c1,-6.7,3.718360464419357,3_742
CC(C)NC(=O)CNc1nc(N2CCC2)nc2c1ncn2[C@@H]1O[C@H](CO)[C@@H](O)[C@H]1OC(C)C,-7.0,2.996094196507177,3_743
O=c1cc(N2CCc3ccccc3C2)nc2sccn12,-6.5,3.637886086315204,3_744
COc1ccc(Br)c(C(=O)N2Cc3ccccc3CC2C(=O)N2CCCC2)c1,-8.1,3.6018526615921145,3_745
CCC(C(=O)N[C@@H](CC(=O)O)c1ccc(C)cc1)n1cncn1,-5.7,3.6958203935580145,3_746
CC(O)CN1CCC(c2cc3c(-c4cncc(OCc5cccc(F)c5)n4)ccnc3[nH]2)CC1,-7.2,3.611652290014807,3_747
COC=C1C(C)=CC(CN2CCC3(CC2)C[C@H](CO)N(Cc2ccccc2)C3)=C1C(C)C,-6.4,3.299713948843715,3_748
O=C(CN1C=Nc2ccc(C(F)F)cc2C1)NCCc1ccc(C(=O)O)cc1,-6.6,3.724951389631975,3_749
N#Cc1c(N=Cc2c[nH]c3ccccc23)sc2c1CCC2,-6.6,3.6246676116044245,3_750
COc1ccc(Oc2c(Cl)cnn(CCOC(=O)c3c(C)[nH]c4ccccc34)c2=O)cc1,-6.6,3.5824021520889184,3_751
O=C(NCc1ccccc1)c1[nH]c(-c2ccncc2)nc(=O)c1O,-7.7,3.61752934978023,3_753
NC(=O)c1ccsc1NC(=O)Cc1ccccc1,-6.3,3.6614545997461594,3_754
OC(CCN1CCCCC1)(c1ccccc1)c1ccccc1,-6.3,3.5571120740804165,3_755
CC(C)NC(=O)CNC(=O)c1cnc2sccn2c1=O,-6.0,3.5624613260400038,3_756
COCCNC(=O)C(C)NC[C@@H]1NC2(CCN(S(=O)(=O)C3=CC=C(C)C3C(F)(F)F)CC2)[C@H]1CC=N,-6.7,2.748504527687282,3_757
O=C1NC(=O)/C(=C/c2ccc(OCCC3CCCCC3)c(Cl)c2)S1,-5.8,3.5708481748254925,3_758
O=C1C(=O)N(CCSC(=S)N2CCN(c3ccc(Cl)c(Cl)c3)CC2)c2ccccc21,-7.0,3.5088688128653382,3_759
Cc1nnc2sc(C(=O)N3CCN(c4ccc5c[nH]nc5c4)C3)c(N)c2c1C,-7.6,3.60058651071024,3_760
O=C1N=C(NCCc2ccc(Cl)cc2)S/C1=C\c1ccc2ncccc2c1,-7.3,3.7084348513592307,3_761
CCc1ccc(CCCc2ccc(-c3nc(C)c(C)cc3CO)cc2O)cc1,-7.7,3.5858426800409346,3_762
O=C(Cc1nc([C@H]2CCCCN2C(=O)COc2ccccc2)no1)N1CCOCC1,-6.8,3.5431465617572737,3_763
C/C=C/c1cn([C@H]2C[C@H](O)[C@@H](CO)O2)c(=O)[nH]c1=O,-7.0,3.350405123024861,3_764
CN1CCN(CCCNc2cncc(-c3cnc4c(c3)CCCN4C(N)=O)c2)CC1,-6.9,3.5577987103057085,3_765
Cc1nc2ccc(F)c(-c3cc4c([nH]3)C(C(N)=O)CC4)c2nc1NC(C)(C)C,-7.3,3.6549989404618595,3_766
COc1ccccc1OCC(O)CN1CCC(CNC(=O)c2c3ccccc3cc3ccccc23)CC1,-7.0,3.4763524095971174,3_767
COC(c1ccccc1)[C@@H](C)NC(=O)Nc1ccnn1C[C@H]1CCCOC1,-6.1,3.710804434110522,3_768
COC=CC=C(CN(C)C)C1CC1NC(=O)c1noc(C2CC2)n1,-5.3,2.2553283153432595,3_769
C/C=C/c1ccc([C@@H]2[C@@H](CNC(C)=O)N(C(=O)Cc3ccccc3)[C@H]2C#N)cc1,-6.5,3.732313286315235,3_770
CC(C)(C)c1[nH]cnc1C=c1[nH]c(=O)c(=Cc2ccc(Br)o2)[nH]c1=O,-6.8,3.5861179974999993,3_771
Cc1cnc(C(=O)N2CCCC(N3CCN(c4ccccc4F)CC3)C2)cn1,-7.3,3.624160922038994,3_772
CC(C)(C)OC(=O)N1CCC(N(C(=O)c2ccc(-c3cnco3)cc2)C2CC2)CC1,-6.4,3.63185289771861,3_773
Cc1nnc(NC(=O)C2CCCN2S(=O)(=O)c2cc(Cl)ccc2Cl)s1,-6.9,3.6764717742014303,3_774
Cc1cc2c(cn1)C=C(c1nn(C3CCOCC3)c3c1CN(S(C)(=O)=O)C3)C2=O,-8.1,3.4488439399551245,3_775
CC(C)CC(NC(=O)OCc1ccccc1)C(=O)NC(Cc1ccccc1)C(=O)N[C@H](/C=C/C(=O)OC(C)(C)C)CCC(N)=O,-6.4,3.0089906864134717,3_776
O=C1N(Cc2nccn2CC(F)(F)F)CCC12CCN(c1cnc3ccccc3n1)CC2,-7.2,3.6213772980033143,3_777
COC(=O)c1ccc(NC(=O)C[n+]2cccc(C(=O)N3CCOCC3)c2)cc1,-6.8,3.6370136738299643,3_778
Cc1nn(-c2ccccc2)c2nc(Oc3ccc(=O)[nH]n3)ccc12,-7.6,3.6848923753834035,3_779
O=CN1OC(N2CCCC2)=C(c2ccccc2)C1c1cccc(-c2cnc3ccccc3n2)c1,-7.9,3.4640673717700485,3_780
C=C(Cn1cc[n+](CC(=O)C2=CC=C(OC)C=CC2)c1)c1ccc(CC(=O)OC(C)(C)C)cc1,-6.0,2.5492242125936695,3_781
CC1[CH]CCc2cc([C@H](O)CCc3ccccc3)ccc2CC1,-6.7,1.540504851310562,3_783
O=C(O)CSc1ncnc2cc(-c3ccc(Cl)cc3)sc12,-6.2,3.661866086648951,3_784
O=C1c2ccccc2N(c2ccccc2)CN1c1ccncc1,-8.0,3.6269226522639193,3_785
O=C(Cc1ccccc1)N[C@H]1COC[C@H](c2ccccc2)O1,-6.6,3.7140367986294223,3_786
CCN(CCNC(=O)c1ccc(C(=N)N)cc1)c1ccc(Cl)c(Cl)c1,-6.5,3.5524541872488955,3_787
CCCCn1c(=O)n(CCOC)c(=O)c2[nH]cnc21,-5.3,3.5618658750381016,3_788
O=C(Nc1[nH]nc2cc(-c3cccc(C(=O)N4CCOCC4)c3)ccc12)c1cccc(C(F)(F)F)n1,-8.5,3.6132379600073885,3_789
CNC(=O)c1cc(Oc2ccc(NC(=O)c3nccc(-c4ccc(F)cc4F)n3)cc2)ccn1,-7.8,3.602960716249518,3_790
COc1cc(C2CCCCC2)c(OC)cc1C(C)N,-5.1,3.5666768873905275,3_791
CCCCCOC(=O)NCCN(C)C(=O)C(CCC(=O)O)=NC(=O)CCC(=CC(=N)c1ccccc1)N(c1ccccc1)S(C)(=O)=O,-6.6,2.9105255661750635,3_792
COc1cc(S(=O)(=O)Nc2ccc(CN3CCCCC3)cc2)c(OC)cc1Cl,-6.3,3.7654835583295574,3_793
Cc1ccc(C=Cc2ccccc2N2C=N[C@@H](C)C2)cc1F,-7.0,3.4736991254046004,3_794
CCn1cn[nH]c(CCC(=O)NCCn2c(O)c3c(c2O)C2C=CC3C2)nc2ccsc2c1=O,-6.9,1.0136132482086384,3_795
O=S(=O)(c1cccc(Br)c1)N1CCC(c2cccc3ccccc23)CC1,-7.5,3.62240951313531,3_796
C=C(C)[C@H]1[CH]C(=O)O[C@H]1[C@@H](O)[C@@]1(CF)O[C@H]1[C@@H]1[CH][C@]2(OC=C1)[C@H](O)CCC2(C)C,-5.9,3.0475893406571046,3_797
Nc1ccn([C@H]2C[C@H](O)[C@@H](CO)O2)c(=O)n1,-5.5,3.1443150099808896,3_799
O=C1c2ccccc2C(=NC2CCCNC2)C1c1ccc(O)cc1,-6.7,3.6173608414294023,3_800
COC1=CC=C(CNC2=C(C)c3ccc(CCNC[C@H](O)c4cccnc4)cc3C2)OC(OC)=C1OC,-5.6,2.2945468830550277,3_801
CC(=O)c1ccc(-c2cccc(-c3cc(=O)cc(N4CCOCC4)s3)c2)cc1,-7.4,3.6495312098766783,3_802
COC=CC(=CC(=COC)OC)C(=O)NN=C1CCCCC1C(Sc1ccccn1)c1ccc(F)cc1,-6.8,3.131841070795173,3_803
CC(=O)OCC(=O)c1ccc(OCc2cn([C@@H]3O[C@H](CO)[C@@H](O)[C@H](O)[C@H]3O)nn2)cc1,-6.2,2.976457130085817,3_804
COC=CCCC(=O)C(C)=NC(=O)c1ccc2cc3n(c2c1)CC1(CCC1)CNC3,-6.4,2.600783698501311,3_805
CC1(C(=O)NCc2ccccn2)Cc2c(-c3ccc4c(c3)OCO4)ccnc2O1,-7.1,3.7099647872968786,3_806
CC(C)(C)OC(=O)NC(C(=O)O)c1ccccc1,-5.6,3.5746520692328647,3_807
CCOC(=O)c1c(-c2cc(O)c3c(c2)C(=O)c2cccc(O)c2C3=O)nn(-c2cccc(Cl)c2)c1C(=O)OCC,-7.8,3.2710844858917714,3_808
Clc1ccc(-c2ccccc2)nc1,-5.0,3.2561595872861426,3_809
C[C@@H](CO)Oc1cc(NCc2c(F)cccc2F)ccc(O[C@H]2CCOC2)ncn1C[C@@H]1CCCO1,-7.1,1.2571488027073752,3_810
CC(=O)N1N=C(c2ccccc2)CC1c1ccc([N+](=O)[O-])cc1,-7.3,3.619958327166062,3_811
Cn1c(O)c(-c2[nH]c3ccccc3c2N=O)c2ccccc21,-7.1,3.5821840939420255,3_812
Cc1cc(Nc2ccccc2C(N)=O)c2ccccc2n1,-7.4,3.67996681508906,3_813
CC(C)c1nc2cc(-c3ccccc3)c(-c3ccccc3)nn2c1N(C)C(=O)c1ccc(F)cc1,-7.3,3.445222389306661,3_814
O=C(NCCO)C(Cc1ccccc1)N1C(=O)c2ccccc2C1=O,-7.0,3.6659154665542015,3_815
Cc1ccc2oc(-c3cc(N4C(=O)CSC4c4ccccc4)ccc3Cl)nc2c1,-7.6,3.568327126402904,3_816
OC1CCN(Cc2ccccc2)C1,-4.8,3.2891449124880174,3_817
CC(N)CCN1CCC(=Cc2cccc(-c3cc(=O)cc(N4CCOCC4)s3)c2)CC1,-7.0,3.603919769256356,3_818
CCCN(CCC)C1COc2ccc([C@H]3C[C@]4(C)[C@@H](O)CC[C@H]4[C@@H]4CCc5cc(O)ccc5[C@H]43)cc21,-6.8,3.1956228269025346,3_819
Cc1cc(O)ccc1CCNC(=O)C(Cc1ccc(Cl)cc1)NS(=O)(=O)C1=CC=CCC1,-7.6,3.594871102202769,3_820
O=c1ccc2cc(CSc3ccc(-c4ccco4)nn3)ccc2o1,-6.9,3.588840440440501,3_821
CN(CCC(=O)N[C@H]1CC2[CH]C(C)(C)[C@@]1(CS(=O)(=O)N1CCC3(CCc4ccccc43)CC1)C2)CC(=O)O,-6.3,3.1643148518908033,3_822
CC1CC1n1c(=O)n(C2CCCC2)c(=O)c2c1ncn2CC1=CCC(=N)C1,-6.5,3.45027802553772,3_823
CCc1cn(CC(=O)O)c2ccccc12,-5.6,3.552587220379496,3_824
COc1ccccc1-c1c(Oc2c(OC)cccc2C(=O)C=O)ccc2c1OCO2,-6.7,3.479567190035703,3_825
C/C(C=O)=C\c1cc(F)c(Oc2ccc(S(=O)(=O)NCCN3CCCC3)cc2)cc1C,-6.2,3.594380696177243,3_826
COCC=CN(CC=N)C(=O)NCc1nc(C(C)(C)C)cc(C)c1C,-5.6,3.631302853486626,3_827
Cc1c(Cn2cc(C)c(=O)[nH]c2=O)cc(F)cc1OCC1CC1,-6.3,3.760059811977405,3_828
[CH]C(=O)O[C@H](CC)[C@@](C)(O)[C@H](O)C(C)C(=O)C(C)C[C@@](C)(OC)[C@H](O[C@@H]1O[C@H](C)C[C@H](N(C)C)[C@H]1O)[C@@H](C)[CH]O[C@H]1CO[C](C)C1,-6.5,2.6670074427114394,3_829
CN(CCc1ccccc1)CC(O)COc1ccc2[nH]c(=O)ccc2c1,-6.7,3.7035482112542546,3_830
CCCCN(c1ccccc1)S(=O)(=O)c1cccc(NC(=O)COC(=O)c2cc(C)c(C)cc2C)c1,-6.6,3.5486240972103498,3_831
COc1c(Nc2ncc(Cl)c(N[C@H]3C(C(N)=O)[C@@H]4C=C[C@H]3C4)n2)ccc2c1CCC[C@H](N(C)C)C2,-6.7,2.2688064046220036,3_832
COc1cc(-c2cnc(OC)c(Cl)c2)c(F)cc1-n1c(=O)ccc2cc(S(=O)(=O)Nc3ccon3)ccc21,-7.0,3.2947654403152953,3_833
CCCN1c2ncc(CCc3cccc4ccccc34)cc2C(=O)N(C)c2ccc(Cl)nc21,-7.6,2.5595154438198495,3_834
O=C(c1cc2ccccc2s1)N1CC[C@@H](Oc2cnccn2)C1,-6.7,3.7273760346693923,3_835
NC1O[C@H](C=CC=O)[C@H]1CC(=O)N1CCc2ccccc2C1,-6.5,3.469797500565887,3_836
Cc1ccccc1-c1nocc1CCc1nc2c(C#N)cccn2c1C,-6.3,3.6752337065344713,3_837
CCCC[C@@H]1N[C@@H](CO)[C@H](O)[C@H](O)[C@H]1O,-4.7,3.0221867145245063,3_838
COc1ccc(-c2onc(C)c2C)cc1S(=O)(=O)NCc1cccnc1,-6.8,3.765536003672068,3_839
CCCc1nc(C(=O)N2CCC3(CCC(=O)N(C)CC3)CC2)cs1,-6.3,2.550435855411461,3_840
COc1ccc2c(c1)c1c(c(=O)n(Cc3ccncc3)c(=O)n1C=CP(=O)(O)CO)n2C,-6.9,3.3728438681001154,3_841
CCNC(=O)c1ccc(OCCCc2ccccc2)cc1[N+](=O)[O-],-4.4,3.600858516578565,3_842
C[O-],-1.4,1.288708850967434,3_843
c1nc(NC2CCC2)c2c3c(sc2n1)CCCCCC3,-6.15,1.7231217912057515,3_844
CN1C2CCC1CC(=NOC(c1ccccc1)c1ccc(Cl)cc1Cl)C2,-6.8,3.4868072354918285,3_845
O=[N+]([O-])C[C@H](Cc1ccccc1)NCc1cccc(O)c1,-6.1,3.6004493500072767,3_847
O=c1cc(O)ccc(C=CCCO)coc(-c2ccc(O)c(O)c2)c1,-6.7,1.4030494172845511,3_848
O=C(O)c1cn(C2CC2)c2cc(N3CCN(Cn4nc(-c5ccc(O)cc5)n(-c5ccc(Cl)cc5)c4=S)CC3)c(F)cc2c1=O,-8.1,3.012003225583714,3_849
CNCC(O)COc1ccc(CC2C(=Nc3ccc(Cl)cc3Cl)c3cc4c(cc32)OCO4)cc1,-7.8,3.5589945833989236,3_850
NS(=O)(=O)CC[C@H]1C[CH]OCCCN1C(=O)NC1CCCCC1,-5.8,1.4884384133326582,3_851
CC(=O)N=CC1=C(C(=O)O)CC(=Nc2c3ccccc3nc3ccccc23)C1,-7.8,3.642768808946421,3_852
Cn1cc(CNC(=O)c2csc(NC(=O)c3nc(C4CC4)cnc3Nc3cncnc3)n2)cn1,-7.6,3.2519548118067743,3_853
CC=CN(C)C(=COC(=O)Cc1c(C)n(C(=O)c2ccc(Cl)cc2)c2ccc(OC)cc12)c1ccc2ccccc2c1,-7.0,3.1326305569840995,3_854
O=C(Cn1c(=O)n(CC(=O)N2CCc3ccccc32)c(=O)c2ccccc21)NCCCCCC(=O)Nc1cccc(Cl)c1,-7.5,3.2881077477214005,3_855
CCC(CC#N)NCc1cc(OC)c2c(c1)OCCO2,-5.6,3.6722116109808693,3_856
CC(NC(=O)c1ccccc1)C(=O)NCc1cccs1,-5.9,3.7191800769745047,3_857
CCCCCCC[C@@H](C/C=C/CCC(=O)N(CC)CCCCCn1cc(CCCC(C)C)nn1)OC,-4.4,1.9969024132081588,3_858
CC1=C2C3C=C(C(C)CC3)C2N(C(=O)C2=CCC=CC=C2)C=C1,-7.2,1.8747190492185872,3_859
COc1ccc(C(=O)C(CC(=S)Nc2cccnc2)c2c(C)n(C)c(=O)n2C)cc1,-6.2,3.635502749740274,3_860
CC(=CCc1cc(C(C)C)c2ccccc2n1)C(=O)O,-6.1,3.5941743527342744,3_861
CC(CN(C)C)OC(=O)CNC(=O)c1cccc(F)c1,-5.4,3.5791355754010485,3_862
COc1ccccc1-n1c(=O)[nH]c2c(c1=O)C1(CCCCC1)Cc1ccccc1-2,-7.5,3.651253605643034,3_863
CO[C@H]1CCN(c2nc(-c3cnc(N)c(-c4nn[nH]n4)c3)nc(N3C[C@H](N)C[C@H](N)C3)n2)C1,-8.1,2.9777396831621914,3_864
COc1ccc(-n2cc(CN3C(=O)CCC3C(=O)O)c(-c3ccccc3)n2)cc1,-7.6,3.7940740557493893,3_865
CCCNCC(O)c1cc(C(C)=O)cc(C(=O)NC(CCC(=O)O)C(=O)N(CC)CCNC(=O)OCC)n1,-5.9,2.6952927568676386,3_866
CCOC(=O)c1c(C)n[n+]([O-])c2ccc(O)cc12,-5.4,3.453784051943138,3_867
CCN(CC)c1cc(NCc2ccc(Cl)cc2)c(C#N)c(=O)n1CC(=O)NCc1ccc(F)cc1,-6.4,3.595539974376969,3_868
C=c1cc(O)/c(=C/c2cccc(O)c2)n1-c1c(C)cccc1C,-5.4,3.619022085983735,3_869
CCOc1ccc(CN2CCC(=O)CC2)cc1,-5.1,3.4928283367027406,3_870
Cn1cc(-c2cc(C3(C#N)CCCC3)ccc2Oc2c(F)cc(F)cc2F)c2cc[nH]c2c1=O,-8.4,3.6572396989538785,3_871
CN(C)CCO/N=C1\c2ccccc2-c2nc3c(C(=O)NCCN4CCOCC4)cccc3nc21,-7.5,3.4024504275411083,3_872
N#CCC(=NC(=O)c1cc(S(=O)(=O)N2CCOCC2)c(Cl)cc1Cl)C1=CCCN(Cc2c(F)cccc2Cl)C1,-6.5,3.381711380648629,3_873
COc1cc2c(N3CCN(C(=O)Nc4cccnc4)CC3)ncnc2cc1OCCOCCN1CCCC1,-7.1,3.2918329197103278,3_874
COc1ccc2c(c1)CCC[C@H]2CN1CCN(c2ccccc2)CC1,-7.0,3.5151013324303375,3_875
CCNC(=O)C(C=N[C@H](C)c1ccccc1C=O)c1ccc(C(=O)NCCCCCCC(O)=NO)cc1,-5.6,2.840514047277842,3_876
COc1ccc(-c2cc(=O)oc3c(C)c(OC(=O)c4cccs4)ccc23)cc1,-7.2,3.456473285900369,3_877
COc1ccc(-c2nc3cc(NC(=O)c4ccc5c(c4)OCCO5)ccc3o2)cc1,-8.1,3.6999612366969696,3_878
CC(C)N(C(C)C)[P@@](C)(=N)O,-4.3,1.6531660234416967,3_879
COc1cc(NC(=O)Nc2ccccc2)ccc1-c1cnco1,-6.5,3.74240577129131,3_880
Cc1cc(C)c(C(N)=O)cc1C#Cc1cnc2ccccc2c1,-7.4,3.5510989502556245,3_881
C=CCNS(=O)(=O)c1ccc(-n2nc(C(N)=O)c3c2-c2cc(NC(=O)c4ccccc4Cl)ccc2CC3)cc1,-7.7,3.336442271170138,3_882
COc1cc(NS(C)(=O)=O)ccc1N=CCc1nc2ccccc2n(-c2ccccc2Cl)c1=N,-7.9,3.4989999733979698,3_883
Nc1nc(-c2nn(Cc3ccccc3F)c3ncccc23)nc(N)c1NC(=O)OCc1ccccc1,-7.8,3.2523000162503246,3_884
C=CC1=C[C@@H](O)[C@@H](C)O[C@H]2CC[C@](Cc3ccccc3)(c3ncccn3)OC2[CH]C[C@@H](C)[C@H]2CC[C@H]3/C(=C/C=C(\C=C)COC=C1)CCC[C@]23C,-6.8,1.4516552383773411,3_885
COc1ccc(Br)cc1C1N=CC(C=NC2CCCCC2)c2nc3c(cc21)CCCC3,-7.2,3.3469733065962703,3_886
CC(C)CC(NC(=O)C(CCCCN)NC(=O)C(O)C1CCNCC1)C(=O)NC(C(=O)NCC(N)=O)C(C)C,-6.0,2.53947008173126,3_887
COc1cc2c(cc1CNC1CC(=O)N(C3CC3)C1C)OCCC2,-6.7,3.453016877659371,3_888
C[C@@H]1CC[C@@H](O)C(C(=O)NCc2ccccc2O)C1,-6.5,3.4972712877304803,3_889
Oc1ccc(CCBr)cc1I,-4.4,3.2687576711718926,3_890
Cc1[nH]ncc1CNC(CCCCF)c1ccc(O)cc1,-5.9,3.542097836385622,3_891
FCCC(F)(F)C(F)(F)C(F)F,-4.2,1.3115057785316964,3_892
CCOc1ccc(C(O)C2Nc3cc(C)ccc3C(=O)N2c2ccc(Cl)c(Cl)c2)cc1,-6.8,3.686369996666322,3_893
Cc1cc(Nc2ccc(F)c(Cl)c2)c2c(c1N)[C@@H](C)CN(CC1CC1)[C@@H]2c1ccccc1,-7.1,3.4404586480059907,3_894
COc1ccc(NC(=O)Cn2c(C)c3cnn(-c4ccccc4)c(=O)c3c2C)cc1Cl,-7.5,3.6956416286820737,3_895
CC(C)(O)C1C[C@H](NC(=O)c2ccc(-n3ccccc3=O)cc2)[C@H](NC(=O)c2ccc(Cl)cc2)C1,-8.0,3.6043585109202967,3_896
COc1ccc(C(=O)N(Cc2cnn(C)c2)C2CC2C)cc1OC,-6.4,3.738872108699583,3_897
O=C(Nc1cccc(C(F)(F)F)c1)c1ccc(S(=O)(=O)C2CCN(C(=O)C3CC3)CC2)cc1,-7.6,3.659470868764034,3_898
C=C(C)[C@H]1CC=C(c2cc(C(=O)O)cc(C(=O)CO)c2)OO1,-7.2,3.4672013909453048,3_899
Cc1ccc2nc(-c3ccc(COCC(F)(F)F)cc3)c(CC(F)(F)F)n2c1,-6.4,3.610072059409488,3_900
Cc1ccc(C(=O)Nc2ccc(-c3ccc(NS(C)(=O)=O)cc3)cc2)cc1,-6.9,3.70809963729954,3_901
COc1cc(C(=O)N(Cc2ccccc2)c2cccc3ccccc23)cc(OC)c1OC,-6.7,3.5724196101165746,3_902
O=C1NCC2(CCN(CC3CCCC3)CC2)N1Cc1ccccc1C(F)(F)F,-7.0,3.3726978904866245,3_903
NCc1ccn(S(=O)(=O)c2ccc(N)cc2)n1,-5.5,3.439721744721104,3_904
CCOC(=O)C(CC)(CC)c1cccc(-c2cc(NC(=O)C3CNC(=O)C3)nn2-c2ccccc2)c1,-7.2,3.5334627853146277,3_905
O=C(c1ccc(SC(F)(F)F)cc1)C1CCCN(C(=O)c2cncs2)C1,-6.0,3.5878239564333896,3_906
COc1ccccc1NC(=O)Cn1ccnc1C,-5.5,3.721818216676781,3_907
CCOC(=O)c1c(NC(=O)CSc2nccn2C)sc(C(=O)N(C)C)c1C,-5.4,2.3938551603302187,3_908
CCC(C)(C)NC(=O)C(c1ccco1)N(C(=O)c1ccco1)c1ccc(OC)cc1,-6.0,3.744043564734863,3_909
COC[C@H]1O[C@@H](O/N=C2/[CH]C3N[C@@H](COc4ccc(Cl)cc4)CO[C@H]3[C@H]2O[CH]O)[C@@H](O)[C@@H]1O,-6.4,2.7996726601870177,3_910
CCNC(=O)c1noc(-c2cc(C(C)C)c(O)cc2O)c1-c1cc(C(=O)Nc2ccccc2)no1,-7.4,3.3218113844502852,3_911
O=C(NC(=S)Nc1ccc2oc(=O)ccc2c1)c1ccco1,-6.4,3.611424664163999,3_912
C=C1CCC[C@@H]2Nc3ccc(Br)cc3[C@]12CCNS(=O)(=O)c1ccc(Br)cc1,-6.4,3.547557747795487,3_913
Clc1ccc(-c2nnc3c4ccccc4nc(Cl)n23)cc1,-6.7,3.5446928842173344,3_914
O=C(Nc1ccc2c(c1)C(=O)N1CCCC1C2O)c1cccnc1,-6.7,3.636462933573181,3_915
CN=C(Cc1cc(Cl)ccc1Nc1cccc(OC)c1)C(=O)NS(=O)(=O)c1ccc2c(c1)OCCO2,-6.8,3.4854014314625235,3_916
CCNC(=O)Nc1sc2ccccc2c1C(=O)NC1CCN(CC2CCN(C(=O)/C=C/c3cc(F)cc(F)c3)C2)C1,-7.4,3.3506037804312174,3_917
CN(CC(=O)Nc1cc(S(=O)(=O)N2CCCCC2)ccc1Cl)Cc1ccccc1,-6.2,3.760951851802843,3_918
O=C(NCCCN1CCOCC1)c1cc(Sc2ncccn2)nc2ccccc12,-6.5,3.6215249670470753,3_919
C[N+](C)(C)c1cccc(CC(=O)Nc2nc(-c3ccccc3)cs2)c1,-7.1,3.703607736793469,3_920
CN(Cc1ccccc1)C(=O)C1CCCN1C(=O)c1cccnc1,-6.7,3.702957206250251,3_921
COc1ccc(-c2cc(C(=O)NCCCN3CCOCC3)c3cccc(C)c3n2)cc1OC,-6.8,3.6472224973522547,3_922
C=C1C(=O)O[C@@H]2[C@H]3O[C@]3(C)CC/C=C(/COC(=O)Cc3cccccnncc3)CC[C@@H]12,-6.1,0.9762987253839075,3_923
CN1CCN(c2nc(N)nc3c2sc2ccc(Br)cc23)CC1,-6.5,3.7059675150584015,3_924
CC1CC(=O)N(CC(=O)Nc2cncc(OCCN3CCCC3)c2)C(=O)N1,-6.2,3.441569071885306,3_925
O=C(NCc1ccccn1)c1cc(C(=O)Nc2ccc(F)cc2)[nH]n1,-7.1,3.648807003931931,3_926
COc1cc2nc(SCc3ccncc3)sc2cc1OC,-5.9,3.660884591601285,3_927
C/C(=C\C(=O)O)C[C@H](O)c1ccccc1,-5.1,3.428804091227157,3_928
COc1ccc(/C=C/C(=O)c2cccc(-n3c4c(c5ncnc(N)c53)COC4)c2)cc1,-7.4,3.5546111019315614,3_929
O=c1[nH]nc(-c2ccc(O)cc2)c2ccccc12,-6.5,3.5916787659249794,3_930
COc1ccc(C(=O)c2coc3c(Cl)c(Cl)c(O)cc23)cc1,-6.5,3.7146134260586505,3_931
CCCCCCCC1NC(=O)N(O)c2ccccc21,-5.8,3.430613695850144,3_932
Cc1cc(NC(=O)c2noc3c2CCc2ccccc2-3)ccc1S(C)(=O)=O,-7.0,3.765371973440592,3_933
Cc1cc(N)nc(C[C@@H]2CNC[C@@H]2OCCNCC(F)(F)c2cccc(F)c2)c1,-6.8,3.546803867590401,3_934
O=C(Nc1ccc(Cl)nc1)c1ccccc1-c1cccc(Cl)c1,-6.6,3.6263803714972873,3_935
Cc1cc2c(cc1COC=CC1=CC=C(Cc3ccc(Cl)cc3)C(C(N)=O)C1)CN=C(NC(=O)C1C[C@@H]1F)N2C,-7.0,3.308021889456043,3_936
CC1=CC=C([C@@H](C)CCCC(C)CO)[C@H](O)[C@H]1O,-4.8,3.31377355994619,3_937
COc1ccccc1OCC(=O)Nc1cccc([N+](=O)[O-])c1,-6.4,3.648264103680498,3_938
CCCCCCC(C)=CC(C)=CCC(=O)N[CH]C1[C@](C)CC[C@H]2[CH][C@@H](O[C@]2(C)COC(=O)C(N)C(C)CC)[C@]1OC(C)=O,-5.2,0.9262276385688244,3_939
NC1CC1C(COc1cccc(-c2ccccc2)c1)C(=O)C1CC1,-6.7,3.5846198153682796,3_940
CCC1CN(Cc2nccc3c2CN(C(=O)C2CC2c2ccc(Cl)cc2)C(C)O3)CCN1,-7.1,3.5520320804060983,3_941
O=C(O)CNC1C2CN(S(=O)(=O)c3ccc(F)cc3)CNC21,-6.0,3.2970674782007774,3_942
CCCOc1cc(NC(C)=O)nc(-n2nc(C)cc2C)n1,-6.7,3.727041478881595,3_943
Cc1n[nH]c(C)c1CC(=O)N1C[C@@H]2CC[C@H]1CN(c1ncccn1)C2,-7.1,2.5499299983609856,3_944
CC(NC(=O)Cc1ccc2c(c1)OCO2)c1cccc(C(=O)c2ccccc2)c1,-7.5,3.6988745303535744,3_945
COc1ccc(NC(=O)C(c2ccccc2F)n2c(=O)c(-c3ccccc3)nc3ccncc32)cc1,-7.4,3.5402243816357184,3_946
O=CC1=CC=C(C2=NNC(=O)CC2)C=CCCN1Cc1cccc(C(F)(F)F)c1,-7.3,1.4097645424881033,3_947
CCOC(=O)c1[nH]ncc1-c1ccccc1,-4.7,3.6106935919338943,3_948
Cc1c(C(=O)NN2CCCCC2)nn(-c2ccc(F)cc2)c1-c1ccc(Br)cc1,-6.9,3.765178455122526,3_949
C[C@@H](C1CC1)N(Cc1ccccc1)C(=O)CCc1nnc(C2CCCCC2)o1,-5.8,3.5442188977395626,3_950
CC(=O)O[CH]C1C[C@H]2[C@@H]3CC[C@@H]4CC(OCc5cc(CN(C)C)cc(C(F)(F)F)c5)CC[C@]4(C)[C@H]3CC[C@]12C,-6.2,2.98112519852145,3_951
O=C(O)c1ccccc1C(=O)c1ccc(Sc2ccccc2[N+](=O)[O-])c2ccccc12,-7.5,3.4744896533931318,3_952
CC1C=CC=C(OC(C)(CO)c2cccc(C(F)(F)F)c2)C=CC1,-6.8,1.7469469127950696,3_953
CC1CCCCN1CCCNC(=O)c1ccc2c(=O)n(Cc3cccc(Cl)c3Cl)c(=O)[nH]c2c1,-7.2,3.6298117960166545,3_954
CC(C)(C)COc1cc(C(=O)NC(Cc2ccc3ccccc3c2)C(=O)O)ccc1NC(=O)C(N)C(S)Cc1ccccc1,-7.0,3.004745253979194,3_955
CCNc1ncc(C(=O)N(C)Cc2ccc(-n3cncn3)cc2)cn1,-6.0,3.7300396274913785,3_956
CC(=O)c1ccc(S(=O)(=O)NC2Cc3cccc(-c4cc(C(=O)O)no4)c3C2)cc1,-8.0,3.592756248499404,3_957
CCOC(=O)C1CCCN(CC(=O)Nc2cc([N+](=O)[O-])ccc2O)C1,-6.4,3.2466871747576422,3_958
NC(=O)c1ccc2c(c1)nc(-c1ccc(OCc3ccccc3)cc1)n2CCCN1CCOCC1,-7.2,3.600200797794229,3_959
Cn1ncc([N+](=O)[O-])c1C(=O)Nc1cccc(-c2nccs2)c1,-6.3,3.5732964338018234,3_960
CCCCS(=O)(=O)N[C@@H](CC)c1cccc(Cl)c1,-4.9,3.568513428614181,3_961
O=C1c2cc(Br)ccc2Oc2cc([N+](=O)[O-])ccc2N1c1cc(Cl)ccc1O,-8.5,2.617794103544393,3_962
COc1cccc(CNC(=O)C2CCCN(S(=O)(=O)c3c(C)noc3/C=C/N(C)C)C2)c1,-6.2,3.6509791015939923,3_963
CC1CCCN(C(=O)c2ccc(Oc3ccccc3)cc2)N1C(=O)c1ccc([N+](=O)[O-])cc1,-6.3,3.602998493525263,3_964
CN(C)C(=O)c1cc2cnc(Nc3ccc(N4CCNCC4)cc3)nc2n1C1CCCC1,-7.3,3.62029375772536,3_965
ON=C(O)c1cc2ccccc2[nH]1,-5.5,3.0783406627616223,3_966
O=C(COc1cccc(C(F)(F)F)c1)CN1C(=O)NC2(CCCC2)C1=O,-6.7,3.529612810579808,3_967
Cc1cc(O)c2c(c1-c1ccc3c(c1)COC3=O)OC=CC2=CC=CC=CC(C)CCC[C@H](C)c1ccccc1,-5.8,3.1487661399293096,3_968
CNC[C@@H](CCC(=O)O)c1cc(-c2ccc(CSc3nnc(-c4ccc5c(c4)OCO5)o3)cc2)c[nH]1,-6.5,3.267744800156164,3_969
C=C(C)c1cc2c(O)[nH]c(O)c2nc1CNCCc1c[nH]cn1,-6.5,3.4038338210519665,3_970
COC=CC=CSCc1nc(-c2ccc(-c3noc(C)n3)cc2)no1,-6.2,3.551394070082025,3_971
O=C(CSc1n[nH]c(-c2ccco2)n1)NC1CCS(=O)(=O)C1,-5.5,2.336268422787854,3_972
O=C(CCN1CCC12CCCCC2)NCc1cccs1,-5.6,3.4922962789331002,3_973
CC(C)c1cccc(C(C)C)c1NC(=O)NCC1(c2ccccc2)CCCC1,-6.7,3.3520195583146615,3_974
O=C1/C2=C/c3ccccc3CN=CN(/C=C/c3ccccc3OC/C=C\COc3ccc(nn3)-c3ccccc31)N2,-8.8,1.6477169120432187,3_975
O=P1(O)O[CH][C@@H](CO)O[C@H](Oc2ccc(-c3ccc(C4CC4)cc3)cc2OCC(F)(F)F)CO[C@H](O)O1,-7.9,1.047205365832002,3_976
N=CC(F)(F)C(F)(F)CCCCC1(CC=COCCCCCOc2ccc(-c3nn[nH]n3)cc2)C=CC=CC(=NN=C(N)N)C1,-6.6,1.5537945048450332,3_977
COc1ccc(CCC(=O)Nc2ccccc2C(F)(F)F)cc1,-6.6,3.7013960425092463,3_978
CCc1cccc(NC(=O)CN(C)S(=O)(=O)c2ccc3nc(C)sc3c2)c1,-6.0,3.778062947816176,3_979
O=C(NCCc1ccc(O)cc1)C1CCC2=Nc3ccc(Br)cc3CN21,-7.0,3.6753200269368205,3_980
O=c1[nH]nc(Cc2ccc(Br)cc2)nc1Cl,-5.8,3.615788976414901,3_981
COc1cc(/C=C2\SC(=O)N(CCN)C2=O)ccc1OCc1ccc(F)cc1,-6.2,3.7065653751029277,3_982
Cc1cnccc1NC(=O)c1ccc2nc(C(C)C)n(Cc3ccccc3)c2c1,-7.1,3.6962868904185617,3_983
CCN1CCn2cc([nH]2)N=CNC=C(F)C(C)(N2C[C@@H]3CC[C@H](C2)N(S(C)(=O)=O)C3=N)CC1,-8.0,1.5683108214709591,3_984
O=C(Nc1ccc(-c2ccncc2)c(-c2ccco2)n1)C1CCN(C(=O)NCc2ccccc2)CC1,-7.0,3.5969232170461156,3_985
Cc1csc(CN(C)C(=O)c2csnn2)n1,-5.1,2.3822254862602517,3_986
O=C(Nc1ccc(Cl)cc1)N1CCN2C(=O)SCC2C1=O,-6.7,3.5177233084608917,3_987
COC1(C(c2nnnn2-c2ccc3c(c2)OCCO3)N2CCC3(CC2)C(=O)NCN3c2ccccc2C)C=CC=COC1,-8.2,2.1798579439686776,3_988
COc1ccc2c(c1)C(C(=O)O)=C(c1ccc(O)cc1)CO2,-5.7,3.7175605283490833,3_989
CCNC(=O)C1CCCN(C(=O)c2ccc(C(N)=O)cc2)C1,-6.5,3.5739363242099773,3_990
C#CC[C@@]1(O)CC[C@H]2[C@@H]3CCc4cc(O)ccc4[C@H]3CC[C@@]21C,-6.8,3.1632788699421295,3_991
CN(C)c1ccc(O)c2c1CC1CC3C(N(C)C)C(=O)C(C(N)=O)C(=O)[C@@]3(O)C(=O)C1C2=O,-6.7,2.9700269487573365,3_992
CCOc1ncccc1Oc1ccc(-n2c(C)nc3cc(C(=O)NCC(C)(C)C)ccc32)cc1,-6.8,3.619566592369803,3_993
C=C(C)[CH]C[C@@H](OC(C)=O)[C@@]12O[C@@H]1[C](C)C([C@@H](C[C@@H](C)[C](O)c1ccccc1)OC(=O)C(C)(O)C(C)C(C)=O)=CC2=O,-5.5,2.94371366727995,3_994
CC(=O)N=CCC=C(C=C=O)N1C(=O)c2ccc(C(=O)O)cc2C1=O,-7.0,3.3549600336243492,3_995
COc1cccc2c1CCN(C(=S)Nc1ccc3c(c1)CNC3=O)C2=O,-7.3,3.5884049564732887,3_996
COC=C1C(C)=C2C=C(c3ccc4c(c3)OCO4)C=C3C(=O)c4nn(C)cc4C=C(OC)C1C(=O)C3=CCO2,-7.8,0.9937357322604292,3_997
O=C(CSc1ccccc1)N=C1CC(=O)c2ccccc2C1=O,-7.1,3.669329275697441,3_998
CCNC(=O)CCc1c(C)n(C(=O)c2ccc(Cl)cc2)c2ccc(C#N)cc12,-7.4,3.7890162205753413,3_999
CCc1cc(-c2onc3c2CCc2c-3[nH]c3ccccc23)c(O)cc1O,-8.0,3.5657098004987886,3_1000
CC(CO)N=C(N)c1c(Nc2ccc(Oc3ccc(F)cc3)cc2)s[nH]c1=O,-6.2,3.439073349226895,3_1001
Cc1nc(C=NC#Cc2ccccc2N)cs1,-5.4,3.443408971225868,3_1002
CCOC(=O)CN1CCC(C(=O)c2cc(F)ccc2F)CC1,-6.2,3.5367755695725647,3_1003
CC(C)C(NC(=O)C(CCCN=C(N)N)NCC(=O)Oc1ccccc1)C(=O)NC(CCCN=C(N)N)C(=O)O,-6.2,2.2460129201300987,3_1004
Cc1ccc(N=Nc2ccc(O)cc2C=CC(=O)N2CCCCC2)cc1,-6.6,3.6658579639845623,3_1005
CCC(Nc1ncnc2[nH]cnc12)C1=Nc2cccc(Cl)c2S(=O)(=O)N1c1ccccc1,-7.5,3.552401070887816,3_1006
O=C(NC1CC1)/C(=C/c1ccc(/C=C/C(=O)N2CCOCC2)cc1)c1cc2cccnc2[nH]1,-7.5,3.580029399347362,3_1007
C[C@H](NC(=O)CCNC(=O)c1ccc(C(O)=NO)cc1)c1cccc(N)c1,-6.4,2.9867001726903553,3_1008
CSc1ccc2nc(-c3cc4ccccc4nc3Oc3cccc(Cl)c3)ccc2c1,-8.6,3.3475572343805573,3_1009
C=CC=CC=CC(=O)N(CC)CCC(NCc1ccccc1)OC[CH]C(=O)N(C)C,-5.9,3.3743768814710293,3_1010
[CH]C[C@H]1[C@H](OC)[C@@H](C)C[C@H]1O[C@@H]1CC(=O)[C@](O)([CH]CC)[C@@H]1C(=CC=COC)OCl,-5.9,2.1662670586703245,3_1011
O=C(Nc1ccc2c(c1)OCO2)c1cc2c(NC3C=CC=CC3)ncnc2s1,-7.9,3.626435669501201,3_1012
COCc1cc2cc(CN3CCCCC3)ccc2nc1N,-6.1,3.729791069370127,3_1013
CC(=O)O[C@@H]1C[C@H](n2cc(F)c(=O)[nH]c2=O)O[C@@H]1C,-6.1,3.356864841494902,3_1014
CCNC(=O)Cc1c(O)n(-c2ccc(Br)cc2)c(=S)n1NC(=O)c1ccc([N+](=O)[O-])cc1,-6.9,3.2501334838266582,3_1015
COc1ccc(-c2nc(-c3ccc(C)cc3)c(SCC(=O)NC3CCCC3)[nH]2)cc1,-6.7,3.6408137160979237,3_1016
O=C(N1CCOCC1)N1CCC2(CC1)CN(c1ccccc1)C(=O)CO2,-7.2,3.3484140365017887,3_1017
Cc1nc(-c2ccc(S(=O)(=O)NC(C)C(N)=O)c(OCc3ccccc3)c2)cs1,-6.6,3.676498453826129,3_1018
Cc1c(NC(=O)Cc2cnc(-c3ccccc3)nc2)c(=O)n(-c2ccccc2)n1C,-7.2,3.717147585761118,3_1019
CC(CN1COC(c2ccc(Br)cc2)=CC1=O)c1ccccc1,-6.9,3.6109261649183786,3_1020
CC1(C)C=C(c2ccc3c(ccc4ccccc43)c2Cl)CC(=O)C1,-8.3,3.2363806372870068,3_1021
COc1ccc(NC(=O)Nc2ccnc3ccccc23)cc1,-6.6,3.69615772008307,3_1022
Cc1ccc(NC(=O)c2cc(=O)c3ccccc3o2)cc1S(=O)(=O)N1CCOCC1,-7.1,3.7406936020212314,3_1023
O=C(CN=C(COc1ccc(Br)cc1)Nc1ccccc1)c1nc2ccccc2[nH]1,-7.6,3.443799812751359,3_1024
O=C(N[C@@H]1CCOC1)c1cc(NC(=O)c2cc(-c3ncccc3F)ccc2Cl)n(-c2ccccc2)n1,-8.2,3.5756533750552286,3_1025
CC(C)Cc1nc2cc(NC(=O)Cc3ccccc3F)c(=O)[nH]c2c(N)c1O,-7.3,3.553741691332763,3_1026
C(=NN=Cc1ccccc1-c1cnc2ccccc2n1)NN=Cc1ccncc1,-7.7,3.549263502471503,3_1027
CC(C)NCC(O)c1ccc(-c2ccccc2)cc1,-5.8,3.5006484431082123,3_1028
O=C(Nc1ccc(CP(=O)(O)O)cc1)c1cc2cc(Cl)ccc2[nH]1,-6.8,3.4569712561758745,3_1029
O=c1c(OCCO)c(Sc2ccccc2)c2cc(Cl)ccc2n1Cc1ccccc1,-6.6,3.6501802782744424,3_1030
COC(=O)c1ccccc1-c1cc(F)c2ccc(=O)n(C3CNC3)c2c1,-6.9,3.724717683559975,3_1031
CC1CCC2C(=O)[C@@]3(C)Oc4ccc(Br)cc4C=C3[C@@H]2C2=C(CCCC2=O)O1,-7.7,1.3410421388777967,3_1032
N=CN=CCc1ccc(CNCCNC(=O)c2ccnn2C2CC2)cn1,-5.8,3.3305032179456773,3_1033
O=c1c2cc(Br)ccc2cc(O)n1O,-5.5,3.4107124291354642,3_1034
CC[C@@]1(O)C(=O)OCc2c1cc1n(c2=O)Cc2cc3cc(OC)c(C)cc3nc2-1,-6.8,3.5850433373754798,3_1035
C[C@H]1CS(=O)(=O)CCN1C(=O)Cc1ccc2c(c1)OCO2,-6.6,3.475469774135136,3_1036
Fc1ccc(-c2nc3ccccn3c2Nc2nc3ccc(Br)cc3s2)cc1,-8.6,3.522481253188099,3_1037
Cc1cc(C(=O)N2CCN(S(=O)(=O)c3ccc(C4CC4)cc3)CC2)n(C)n1,-7.1,3.6061068186852694,3_1038
CC1CCN(C(=O)C2CCN(C(=O)c3cc(C(F)(F)F)cc(C(F)(F)F)c3)CC2)CC1,-7.5,3.362527663857791,3_1039
Cc1[nH]n(CC(=O)Nc2ccc(N3CCOCC3)cc2)c(=O)c1N=Nc1ccc(C(=O)O)cc1,-6.3,3.42853678519001,3_1040
Cc1nn(C=C2C=CC(=Nc3nc4ccccc4o3)C2)c(C)c1CC(=O)O,-6.9,3.7559211096170664,3_1041
CC(C(=O)NC1=CC=COC1)C1c2ccccc2-c2ccccc21,-7.4,3.5477381221663613,3_1042
O=C(O)CC1(c2ccc(Oc3ccc(Cl)cc3)cc2)CCCCN1C(=O)Cc1ccccc1,-6.6,3.6475648872647417,3_1043
CC(C)(C)OC(=O)N1CCC(NC(=O)c2cc(NC(=O)c3cc(-c4ncccc4F)ccc3Cl)n(-c3ccccc3)n2)CC1,-7.3,3.3905480017400578,3_1044
O=C(O)CCc1cc2c(Cl)cccc2n1CC(=O)N1CCNCC1,-6.1,3.722343187322058,3_1045
CCCCCNC(=O)NS(=O)(=O)c1cc([N+](=O)[O-])ccc1Sc1ccccc1Cl,-6.5,3.3904099768384715,3_1047
CCCO/N=C1\C[C@H]2[C@](C)(C(=O)O)CCC[C@]2(C)c2cc(Br)c(C(C)C)cc21,-6.7,3.3595498341229875,3_1048
COC(=O)C1=C(C)N=C(C)C(C(=O)OC)C1c1ccc(C#N)cc1,-5.5,3.6120299186138602,3_1049
C=CC(=CC=Cc1cc(F)cc(OC)c1)C(=O)N(CCN1CCCCC1)c1ccc(-c2ccccc2C(F)(F)F)o1,-6.8,3.216063857401661,3_1050
COc1cc(C=Cc2cc(/C=C/C(=O)c3ccc(OC)c(OC)c3)c3ccccc3n2)ccc1O,-7.8,3.469614743628862,3_1051
CN1CCC(OC(=O)COc2ccc(F)cc2F)CC1,-5.6,3.5557218260929564,3_1052
CCCN(C(=O)c1ccccc1NS(C)(=O)=O)C1C(=O)Nc2ccccc2N=C1C1=CC=C(OC)N=C(OC)C1,-7.6,2.3829210369649427,3_1053
CC=Nc1ccccc1C(=O)N1CCCCC1,-5.4,3.379257371547889,3_1054
CCc1ccccc1CN[C@]1(CC)CCCc2ccccc21,-6.1,3.361276899603075,3_1055
CC1(C)c2c(CCc3cc(O)ccc3[CH]c3ccc(O)cc3)cc(O)cc2OC(=O)COC(=O)C2C[C@@H]21,-6.4,1.1975128009315,3_1056
C=C1/C(=C\C=C2/CCC[C@]3(C)C(c4cc(CN5CCN(C)CC5)cs4)=CC[C@H]23)C[C@@H](O)C[C@@H]1O,-6.6,3.2325007712211784,3_1057
COC(=O)c1cccc(CN2Cc3c(ccc(OC)c3F)[C@H](c3ccc(OCCN4CCC(C)CC4)c(Cl)c3)C2)c1,-7.3,3.2977769958449703,3_1058
O=C(Cc1ncc[nH]1)NCCc1nc2ccccc2o1,-6.1,3.688977551787442,3_1059
COC(=O)C=C(C(=O)OC)[C@@H]1N(C)c2ccc(OC)cc2[C@@]12CC(C(=O)OC)N(C(=O)C1CCC1)C2=N,-6.5,3.0053802786162893,3_1060
COc1ccc(-c2cnc3cnc(-c4ccsc4)cn23)cc1,-7.2,3.6313429531767762,3_1061
O=C(/C=C/c1ccc(Cl)c(Cl)c1)NCCCCCN1CCC(NC(=O)Nc2ccc(Br)cc2)CC1,-5.3,3.29602361188753,3_1062
C/C(=N\OCCO)c1ccc2ncc(-c3ccc4ccccc4c3)n2n1,-7.5,3.5431256580639667,3_1063
C=C(Br)C(=O)Nc1ccc(C(=O)/C=C/c2ccc([N+](=O)[O-])cc2)cc1,-6.1,3.507645628034704,3_1064
N[C@H](COc1cncc(-c2cccc(S(=O)(=O)CO)c2)c1)Cc1c[nH]c2ccccc12,-6.9,3.5108808453593383,3_1065
Fc1ccc(C2=NO[C@@H](Cc3ccccc3)C2)cc1,-7.2,3.5022570278143608,3_1066
CC(=O)Oc1ccc(N2C(=O)/C(=C\c3ccccc3)C2(C(=O)NC(C)(C)C)c2ccc(C)cc2)cc1,-7.3,3.409376484871313,3_1067
C=CC(=CC=CC=CC=COS(N)(=O)=O)C1N=C(c2ccc(Nc3cc[n+](C)c4ccc(Cl)cc34)cc2)Nc2ccccc21,-7.0,3.0413808668469176,3_1068
COc1ccccc1C(=O)Nc1nonc1-c1ccc(C)cc1,-7.4,3.78123189190541,3_1069
COC=CC=CCCNC[C@@H](O)[C@H](Cc1ccccc1)NC(=O)c1cc(C(=O)N2CCC(CC(=O)O)CC2)cc(N(C)S(C)(=O)=O)c1C,-5.8,2.8246385246654726,3_1071
Cc1nsc(C(=O)N2CCCCC2)c1Cl,-4.9,3.412582638547611,3_1072
Cc1cc2c(cc1C)C(Cl)=C(C=NNC(=O)c1ccc([N+](=O)[O-])cc1)CCC2,-7.3,2.6415084360135044,3_1073
COc1cc(OC)c(Cc2cnc3nc(N)nc(N)c3c2C)cc1Cl,-7.1,3.696266052026465,3_1074
CN(CCS(=O)(=O)c1ccc(Cl)cc1)c1ncc(-c2ccccc2)cn1,-6.6,3.7409884463664884,3_1075
CCCCCCCCOc1ccc(CNCCCP(=O)(O)O)cc1,-4.6,3.2930582538043978,3_1076
C[C@]12CC[C@H]3[C@@H](CC=C4CC(=O)CC[C@@]43C)C1=CC=C2c1ccc(N2CCCC2)nn1,-8.4,3.12548151157338,3_1077
CC(C)CC(C(=O)NCc1ccc(Br)o1)N1C(=O)c2ccccc2C1=O,-6.2,3.740753850732049,3_1078
O=C(NCCNc1nccc(C(F)(F)F)n1)c1cnn(-c2ccc(Cl)cc2)c1,-6.5,3.627609925823731,3_1079
CC(=O)OCC1OC(n2c(=S)n(-c3ccccc3)c(=O)c3cc(Cl)ccc32)C(OC(C)=O)C(OC(C)=O)C1OC(C)=O,-6.0,3.145202765932048,3_1080
CC(=NC=NC(=NC[Se]C(C(N)=O)c1ccc(C(F)(F)F)cc1N)N1CCC(OCC(F)(F)F)CC1)C1CC1,-6.1,2.8457563007943962,3_1081
O=C(Nc1ccccc1NC(=O)c1ccc([N+](=O)[O-])o1)c1ccco1,-6.9,3.558715120562084,3_1082
CC(=O)N1CCCc2cc(NS(=O)(=O)c3ccccc3)ccc21,-6.2,3.754395261255288,3_1083
O=C(N[C@H]1[C@@H](O)[C@H](n2cnc3c(NC4CCCC4)ncnc32)O[C@@H]1CO)c1ccccc1F,-7.1,3.2543387416622513,3_1084
N#Cc1ccc2[nH]cc(CCCN3CCN(c4ccc(F)cc4OCCO)CC3)c2c1,-6.5,3.6946361994296213,3_1085
CN(C)CCOC(=O)C=C1CN=C(c2ccc(N(C)C)cc2)NCS1,-5.5,2.5710450514303504,3_1086
Cc1sc(-c2ccno2)cc1S(=O)(=O)N1CCN(c2ccccc2F)CC1,-6.5,3.7216254578255623,3_1087
CN1CCN(C(=O)CSc2cccc3cccnc23)CC1,-6.1,3.6282057299034616,3_1088
CCN(CC)c1ccc(C(NC(=O)c2ccccc2F)C(=O)Nc2ccc(F)cc2)cc1,-7.3,3.6634988838513824,3_1089
COC=CC=C(COC)c1c(C(N)=O)sc2cc(N(C)C)ccc12,-5.4,3.691739888014156,3_1090
O=C(CCc1ccc(-c2ccccc2Cl)cc1)N=C1CCCCC1C(=O)O,-6.7,3.6979930953868885,3_1091
O=C1O[C@H]([C@@H](O)CCc2ccccc2)[C@@H](O)[C@H](O)[C@@H](O)C1C=Nc1ccc(N2CCOCC2)c(F)c1,-6.8,2.1122391758439245,3_1092
C=CC=CCN(C(=O)CN1C(=O)C[C@@H](c2ccc(Cl)cc2)CC(NC(=O)Nc2cccc(Cl)c2)C1=O)C(C)C,-6.8,2.4645523181468683,3_1093
COc1cc(N2CCC(N3CCN(C)CC3)CC2)ccc1Nc1nccc(-c2c(-c3cccc(C(=O)Nc4c(F)cccc4F)c3)nc3ccccn23)n1,-6.3,2.9256248777285747,3_1094
C=CC(=O)Nc1ccccc1[C@@H]1CCNc2c(C(N)=O)c(-c3ccc(Oc4ccccc4)cc3)nn21,-6.9,3.426152601663209,3_1095
COC(=O)C1=CC(C(=O)OC)C(NC2C=c3cccc(N)c3=CN2C)CCC1,-6.6,2.3897823070927893,3_1096
COc1c(C(CCn2ccnc2)Oc2cc(Cl)c3oc(=O)c(OC)cc3c2)ccc2c1C=CC(C)(C)O2,-7.6,3.410038467861856,3_1097
CC=CN(F)c1ccc(-c2csc(Nc3c4c(nn3C(C)(C)C)CCCC4)n2)cc1,-7.6,3.6139395760893223,3_1098
COCC(=O)N1CCc2nc(C(=O)Nc3ccccc3)sc2CC1,-5.7,2.797438317481734,3_1099
CN(C)C(=O)C1CCN(C(=O)CCc2nnc(-c3ccc(C4=NCCN4)cc3)o2)CC1,-7.4,3.5732366528839994,3_1100
COc1nc2ccccc2cc1-c1cnc([C@@H](C)NC(=O)CN2CCOCC2)s1,-7.0,3.7304845258117276,3_1101
CN1C(=O)C(c2ccccc2)N(C)C(=O)CC1c1ccccc1,-7.3,2.633293610554535,3_1102
Fc1cc(F)c2c(c1)N[C@H](c1ccccc1)[C@@H]1CCCO[C@H]21,-7.2,3.4720308389159813,3_1103
C[C@@H](NC(=O)Nc1cc2[nH]nc(-c3cnn(C)c3)c2cn1)c1ccccc1,-7.6,3.5926573243890365,3_1104
CN1CCC(CNC(=O)Nc2ccc(Cl)cc2)C1,-5.9,3.516230329611937,3_1105
Cc1ccc(C)n1-c1cc2c(cc1-c1ccccc1)OCO2,-6.3,3.542909834902976,3_1106
Cc1occc1C(=O)Nc1cc(C(N)=O)sc1C,-6.5,2.5353818428576087,3_1107
COc1ncc(N2CCOCC2)cc1S(=O)(=O)Nc1ccnc(-c2ccc(CNCCCCCN(C)c3ccccc3O)cc2)c1,-5.7,2.9468606768546897,3_1108
CCCOC=CC=C(C)C1=NC(CC(C)C)=Nc2ccc(F)cc2N1,-6.2,2.4955352395882455,3_1109
O=C(NNc1cc(Cl)cc2nsnc12)c1ccc(F)cc1,-7.2,3.63618223506166,3_1110
O=CCCc1nc(N2CCN(c3cccc(Cl)c3)CC2)oc1C=CCC=S,-5.7,3.560277652439056,3_1111
Cc1cc(O)ccc1-c1cc(C(=O)NCc2cn(-c3ccc(-c4ccc(Cl)cc4)cc3)nn2)[nH]n1,-6.5,3.395237346995793,3_1112
COC(=O)/C(C)=C\C[C]1OC2(C)CC(=O)O[CH]C3=CC4C(=O)c5c(O)cc(O[C@]6(C)CCC(=O)C(C)(C)[C@H]6C)c(CC=C(C)C)c5O[C@]14[C@H]2C3,-7.8,0.7946074368759062,3_1113
NC(=O)C(Cc1ccccc1)NC(=O)C(Cc1cc(I)c(O)c(I)c1)NC(=O)CC1c2ccccc21,-7.3,3.2843852009831314,3_1114
COC(=O)C1CCN(C(=O)C(=O)Nc2c3c(nn2-c2ccc(Cl)cc2)CSC3)CC1,-7.2,3.5232599206360473,3_1115
COC(=O)C(C)=NNC(=O)C12CC3CC(CC(C3)C1)C2,-6.0,3.050935748843985,3_1116
[CH]C(=O)O[C@H](CC)[C@@H](O)[C](C)O[C@@H](C)[CH]OC(=O)/C=C/[C@H](C)[C@H](C)[C@@H](O)C[CH]COC(=O)OC,-4.1,1.4376653071802492,3_1117
CCc1nn(-c2ccc(C(=O)NCc3ccc(C(F)(F)F)cc3)cc2)c(CC)c1CC(N)=O,-6.3,3.686690604823581,3_1118
Cc1cccc2ccc(N3CCN(c4ccc(C(F)(F)F)cc4)CC3)nc12,-7.6,3.5922944406274935,3_1119
CCCCSSc1cccc(O)c1,-4.2,3.404037619412109,3_1120
Cc1cccc(NC(=O)CN(C)C(=O)c2ccc(S(=O)(=O)NCc3ccco3)cc2)c1C,-7.0,3.673287678229214,3_1121
CCOC(=O)N1CCC(N=C(NOCc2ccccc2)SCc2ccco2)CC1,-6.3,3.5569739092673274,3_1122
Cc1[nH]n2c(=O)cc(-c3cccc(Br)c3)nc2c1-c1ccccc1,-7.5,3.649000053320348,3_1123
COc1cc2c(cc1C(=O)c1ccccc1N(C)C)CC[CH][C@]2(O)C1OC1[CH]O,-6.4,3.5302520174847016,3_1124
COC(=O)c1ccc2c(c1)=C(Cc1ccc(O)cc1)C(=O)N=2,-6.4,3.646065387820374,3_1125
Cc1nc(CNC(=O)c2cc3cc(Cl)ccc3[nH]2)oc1C,-6.1,3.715213833912841,3_1126
CCCC(CCC)NCc1coc(-c2ccccc2C)n1,-5.4,3.6316746454279505,3_1127
CC(=O)Oc1ccc(Oc2cccc(NC(=O)c3ccc(C(C)(C)C)cc3)c2)cc1C(=O)O,-6.7,3.551516295880589,3_1128
Cc1cc(C)cc(NC(=O)C2CCN(S(=O)(=O)c3cn(C(C)C)cn3)CC2)c1,-7.5,3.774255535585918,3_1129
O=C(NCc1ccccc1)c1c(-c2ccccc2[N+](=O)[O-])oc2ccccc2c1=O,-7.8,3.5921787813518087,3_1130
COC=C1C=c2oc3cc(-c4ccccc4CNC(C)=O)cc(N4CCOCC4)c3c(=O)c2=C1c1ccccc1,-7.6,3.4403363099433317,3_1131
COC(=O)C1=C(C)N=C2CC(C)(C)CC(=O)C2C1c1ccc([N+](=O)[O-])cc1,-6.1,3.3508237738426017,3_1132
COc1cc(/C=C/c2ccc(C)cc2)cc(OC)c1,-6.1,3.411232309072296,3_1133
Cc1ccc2oc(-c3ccc(C)c(NC(=O)c4ccccc4F)c3)nc2c1,-7.3,3.6349793287947505,3_1134
CCOCc1cnc2n1CCN(C(=O)C1CCCCC1)C2C,-6.1,3.486175795494086,3_1135
O=S(=O)(c1ccc(F)c(Cl)c1)N1CCC(c2ccccc2)=N1,-6.7,3.689499962996886,3_1136
CN1C2CCC1CC(c1ccc(Br)cc1)C2,-5.4,3.112264361301161,3_1137
Cc1ccc(-n2ncc3c(=O)n(CC(=O)N4CCC(Cc5ccccc5)CC4)cnc32)cc1,-7.6,3.6492407913767204,3_1138
[CH]OC1=C(OC)C(C2O[C@@H](C)[C@H](C)O2)C=COC1,-5.7,2.386089165727032,3_1139
C[C@@H]1CCCN1CCc1cccc(C(=O)N(C)C)c1,-5.4,3.4302035884757633,3_1140
CCCn1cc(C(=O)N2CCCC(NCc3ccc(C(F)(F)F)cc3)C2)c(C)n1,-6.9,3.7572867482652748,3_1141
N#CCCCCN(Cc1ccccc1)C(=O)Nc1cccnc1N1CCCC1,-6.2,3.6888023983637024,3_1142
CCC(=O)N1CCCc2cc(S(=O)(=O)NC(CC(C)C)C(=O)N3CCN(C)CC3)ccc21,-6.2,3.508367978406012,3_1143
CN(CC#Cc1ccc(N2CCCCS2(=O)=O)cc1)c1nc2ccccc2o1,-6.6,3.693436168180691,3_1144
C[C@@H]1CN[C@@H](C)COC(=O)Cc2cc(NC(=O)c3ccncc3)ccc2O[C@H]1CN(C)S(=O)(=O)c1ccc(Oc2ccccc2)cc1,-6.4,1.2225848097797796,3_1145
O=C(O)c1ccc(-c2nc(-c3nnc(Cc4ccc(F)cc4)o3)c(O)c3ncccc23)cc1,-9.2,3.4839106123119556,3_1146
O=c1[nH]c(-c2cccs2)nc2ccccc12,-6.5,3.6138085742447776,3_1147
Cc1nc(-c2ccc(OCC(N)=O)c(CCC(C)C)c2)sc1C,-6.2,3.765725827471578,3_1149
Oc1ccc([C@@H]2CCCN2CCCN2CCOCC2)cc1,-5.9,3.494754924267606,3_1150
CC(C)c1nc2cc(C(=O)N(C)Cc3ccco3)ccc2n1CC1CC1,-6.2,3.7040367763883744,3_1151
CC(=O)c1cccc(-c2ccc(OC[C@@H](O)CNCc3cccc(C(C)C)c3)cc2)c1,-6.4,3.5277051012451603,3_1152
Cc1nn(C(C)C)cc1-c1ccc(F)c(C(=O)Nc2cnc(N(C)C)nc2)c1,-6.9,3.7925278373588207,3_1153
CCN1C(=O)C(=O)N(CC(=O)c2ccc(OC)c(OC)c2OC)C1=O,-5.5,3.3263624164359715,3_1154
CC1(C)C(=O)N(c2ccc(C#N)c(C(F)(F)F)c2)C(=S)N1c1cccc(S(C)(=O)=O)c1,-6.8,3.612657994377418,3_1155
CCOC(=O)NC(c1ccc2c(c1)C(C)(C)C(=O)O2)c1coc2ccccc2c1=O,-7.8,3.6607153411518647,3_1156
COc1cccc(C(=O)Nc2ccc(-c3n[nH]c(=S)o3)cc2)c1,-6.5,3.697969608105554,3_1157
CCCn1c(NC(=O)Cc2ccc(OC)cc2)nc2ccccc21,-6.9,3.7846213709039667,3_1158
Cc1cc(Cl)ccc1Cc1c(C)nn(CCC(=O)O)c1-c1cc[nH]n1,-6.6,3.759057457739309,3_1159
CC1=CC(c2cc3nccc(-c4ccc(Oc5cccc(C)n5)cc4)n3n2)CC=C1,-8.1,3.590882729015237,3_1160
O=C(O)C1CN(Cc2ccc(-c3cc4cc(Cc5ccccc5)ccc4o3)c(F)c2)C1,-7.2,3.602881424575464,3_1161
C#CCN(Cc1ccc2[nH]cnc(=O)c2c1)c1ccc(C(=O)O)s1,-6.8,3.6826364057260945,3_1162
O[C@H](CN[C@H]1Cc2ccc(Cl)cc2CO1)COc1cccc2[nH]ccc12,-6.7,3.682721023701519,3_1163
O=C1C=C(NC2CCCC2)C(=O)C=C1NCCCO,-5.4,3.1623302615027784,3_1164
C/C(=C\c1ccc(C(=O)O)cc1)c1cc(F)cc(F)c1,-6.4,3.5048438040048375,3_1165
COc1ccc(C2(O)OC(=O)C(c3ccc4c(c3)OCO4)=C2Cc2cc(OC)c(OC)c(OC)c2)cc1,-7.0,3.4283086114225965,3_1166
CN(C)C(CNC(=O)c1cn2c(n1)sc1ccccc12)c1ccccc1,-6.0,3.7258313356684507,3_1167
COC=C1CS2=C(OC(c3ccc([N+](=O)[O-])cc3)=C2C)C(OC)=C1OC,-6.2,3.294640470426291,3_1168
O=C1NC(c2ccccc2)(c2ccccc2)CN1C1CCN(Cc2cccc(F)c2)CC1,-6.9,3.543481453664543,3_1169
COC=C1C=CC2OC(c3ccc(CNC(=O)C=Cc4cc(OC)c(O)c(OC)c4)cc3)=NC12,-6.8,3.4481096757660112,3_1170
C[C@@H]1CCCCO[C@@H](CN(C)C(=O)Nc2ccc(-c3ccccc3)cc2)[C@@H](C)CN([C@H](C)CO)C(=O)c2cc(NC(=O)NC3CCCCC3)ccc2O1,-6.2,1.54660342196421,3_1171
O=C(Nc1cccc(CN2CCC(C(=O)NC3CCCCC3)CC2)c1)c1cncc(Br)c1,-7.0,3.560860137585924,3_1172
COc1cc(C2(C3=CC(c4ccc(SC)cc4)OCO3)CCOCC2)cc(OC)c1OC,-6.4,3.497587830596413,3_1173
CC(Nc1cncc(-c2cc(-c3cnn(CC(=O)O)c3)ccc2Cl)n1)Nc1c(Cl)ccc(F)c1Cl,-6.9,3.26924497927887,3_1174
CSc1cccc(Nc2nc(-c3ccc(C)cc3)nc3ccccc23)c1,-7.9,3.5570643198508654,3_1175
CC(C)(O)CI,-3.1,1.5590533280781687,3_1176
CC(C)CCN(CC(=O)Nc1c(Cl)cccc1Cl)C1CCS(=O)(=O)C1,-6.2,3.65200321110957,3_1177
CCOC(=O)c1cn(-c2ccccc2OC)c2nc(N3CCN(CC)CC3)c(C#N)cc2c1=O,-5.9,3.527497361025091,3_1178
Cc1cc(=O)[nH]ccc(C=CC(=O)NCCN(C)C)cc2ccccc12,-5.7,1.5417152650752781,3_1179
CN1CCN(C(=O)c2ccc3c(c2)N(CC2=CC=CC2)C(=O)c2ccccc2S3)CC1,-7.9,2.5218552692815797,3_1180
CCCc1nn(C)c2c(=O)[nH]c(-c3cccc(Br)c3)nc12,-6.8,3.7833357497472386,3_1181
Cc1nc(-c2ccc(F)cc2F)n(O)c1C(=O)NC(Cc1ccc(NC(=O)c2ccccc2)cc1)C(=O)N(C)C,-6.8,3.380633890576319,3_1182
CN(C)CCNC(=O)c1nc(CCC(N)=O)nnc1Nc1ccccc1OCCOc1ccccc1,-5.9,3.1978268053368875,3_1183
Nc1cnn([C@H]2C[C@H](O)[C@@H](CO)O2)c(=O)c1,-5.4,3.1443150099808896,3_1184
CN1C(=O)N(c2cccc(C(F)(F)F)c2)C2=C(C(=O)CC2)C1c1ccc(C#N)cc1C1=CCN(C(=O)CO)CC1,-7.1,3.458239888817472,3_1185
Cc1ccc(Sc2ncnc3ccccc23)cc1,-6.6,3.4980171259384134,3_1186
CC(C(O)=NO)N(Cc1ccccc1[N+](=O)[O-])S(=O)(=O)c1ccc2c(c1)OCCOCCOCCO2,-7.5,0.9475515127746066,3_1187
CC(=O)OC(C)(C)C,-3.7,1.5507606794039583,3_1188
C=COC(=O)C[C@H](C=CC=COC)NC(=O)C(Cc1ccccc1)NC(=O)CN1C(=O)CN(CC(N)=O)C1C,-5.9,2.87537602495432,3_1189
N=C(N)NCc1ccccc1N,-5.0,2.9829908365305844,3_1190
COc1ccc(OCC(=O)Nc2ccc(CCC(=O)N3CCN(c4ccccn4)CC3)cc2)cc1,-6.8,3.666285417068626,3_1191
C=C(CCC)CCC(C(=O)O)[C@H]1[C@H](O)C[C@@]2(C)C3=CC[C@H]4C(C)(C)[C@H](O)CC[C@]4(C)C3=CC[C@]12CC,-6.0,2.8041286359740725,3_1192
CCCCN(CCCC)C(=O)CN1SCC(=O)S1,-4.7,2.1940581557396386,3_1193
OC1(CCc2ccccc2)c2ccccc2C2=NCCN21,-6.8,3.560783524337057,3_1194
COc1cc2[nH]c(-c3ccccc3)nc2cc1NCCN1CCOCC1,-6.9,3.7380680829788804,3_1196
C[C@@H]1C=C(CCCCC/C=C\CCCCCCC[C@@H](O)[C@@H]2CC[CH][C@H]3CC[CH][C@H](O)CCCCCCCCC23)C(=O)O1,-5.0,1.072794881203731,3_1197
O=C(Cc1c[nH]c2ccccc12)NC1C(=O)N2C(C(=O)O)=C(Cc3cccnc3)CS[C@H]12,-7.4,3.4620136942599435,3_1198
Cn1ccnc1Sc1ccc(-n2cc(C(=O)O)c(=O)c3cc(F)c(N4CCCCC4=O)cc32)cc1C(F)(F)F,-7.9,3.4827386210511193,3_1199
CS(=O)(=O)Nc1ccc(CCN2CCC(Nc3nc4ccccc4n3Cc3ccc(F)cc3)CC2)cc1,-7.1,3.550315035108164,3_1200
CN=C1NC(=O)/C(=C/c2ccn(Cc3ccccc3)n2)S1,-6.4,3.6866758863568445,3_1201
COc1ccc(-n2c(CNC(=O)c3ccccc3Cl)n[nH]c2=S)cc1,-7.2,3.708033397533833,3_1202
O=C(c1ccc[nH]1)N1CC[C@@H](n2cccn2)C1,-6.1,2.4609300117677098,3_1203
COc1cc(OC)cc(C(c2c[nH]c3cc(F)ccc23)n2ccnc2-c2cc3n(n2)CCN(C)C3)c1,-7.9,3.5303901363169796,3_1204
NC(=S)N1N=C(c2ccc(Cl)c(Cl)c2)CC1c1cccc([N+](=O)[O-])c1,-7.5,3.5579467399337164,3_1205
C/C=C(\C)C(=O)OCC1CC[C@@H]2O[C]1[C](C)CC[C@@H]2OC(=O)C(C)(C)C,-6.2,2.3493085221076715,3_1206
CCC(CC)CNC(=O)c1cc2c(C)nn(-c3ccccc3)c2s1,-6.5,3.7577135797378896,3_1207
O=Cc1ccc2c(c1)C1C=CCC1C(CC(=O)O)N2,-5.9,3.391764412261074,3_1208
O=C(CSc1nc[nH]n1)NCc1ccco1,-4.9,2.330051535179831,3_1209
N#CCc1cc(C2=C(C(F)(F)F)c3cc(N4CCN(C(=O)C5CCCC5)CC4)c(F)cc32)ccn1,-8.3,3.4109454785996767,3_1210
Nc1ccc2[nH]c(C3CCCCC3)nc2c1,-6.1,3.4390359404617463,3_1211
CCNC(=O)COc1ccc(CC(=O)N2CCC[C@@H]2CO)cc1,-5.5,3.5766720954783215,3_1212
CS(=O)(=O)c1ccc(-c2c(C3CCCCC3)c3ccc(C(=O)O)cc3n2CC(=O)C(N)=O)cc1,-7.7,3.5712232667462263,3_1213
Cc1ncc(CNC(=O)c2cccc(-c3cnn(C4CC4)c3)c2)c(N)n1,-7.9,3.7295964764451264,3_1214
Cc1ccc(CN2CCc3ncnc(NCc4ccc(F)cc4Cl)c3C2)o1,-6.8,3.7752386342284545,3_1215
CC(C)=NNc1nc(-c2ccc(Cl)cc2)cc(-c2ccc(Cl)cc2)n1,-7.2,3.6483595757404617,3_1216
CC(Oc1ccc(Cl)cc1Cl)C(=O)N/N=C/c1cccnc1,-6.1,3.684311814238061,3_1217
CC=C1N=CN1c1ccc2n(c1=O)CCN(CC13CC4CC(CC(C4)C1)C3)C2=O,-7.2,3.3150701703198933,3_1218
COc1cc2c(Oc3ccc(NC(=O)NN4C(=O)CSC4c4c(F)cccc4F)cc3F)ccnc2cc1OCCCN1CCOCC1,-7.0,3.040583753431968,3_1219
Cc1ccc(OCc2n[nH]c(=S)n2Cc2ccccc2)cc1,-6.2,3.715172441954579,3_1220
CCOC(=O)N1CCC(N2CCN(Cc3ccc(F)cc3)C(=O)C2=O)CC1,-6.4,3.490606583533397,3_1221
COc1cccc(-c2ccc(C(N)=O)c(N)c2)c1,-6.3,3.5754618916082785,3_1223
Cc1cc(-n2c(CCC(=O)O)cc3c2-c2ccc(F)cc2OCC3)cc2c1CCC2,-7.8,2.650212735160233,3_1224
COc1ccc(/C=C2\Oc3cc(O)cc(O)c3C2=O)c(OC)c1,-6.8,3.657105248875763,3_1225
O=C(NCC1CCN(Cc2ccc(Br)cc2)CC1)Nc1ccccc1,-6.7,3.6612741067996346,3_1226
CCC(c1ccc(-c2c(O)ccc3[nH]c(=O)c4sccc4c23)cc1)N1CCOCC1,-6.9,3.654249332727019,3_1227
Cc1cccc(-c2nn(-c3ccccc3)cc2C(=O)N2CCC(c3ccc(Cl)cc3)CC2)c1,-8.3,3.5074210010149898,3_1228
O=C(Nc1cccc2ccccc12)N1CCN(Cc2ccc3c(c2)OCO3)CC1,-7.8,3.6892611263458845,3_1229
O=c1[nH]cc(Nc2ccccc2)cc1-c1cccc2[nH]ccc12,-7.0,3.5124437668471216,3_1230
O=c1oc2cc(O)ccc2cc1Oc1ccc(Br)c(O)c1,-7.2,3.676839707348691,3_1231
COC[C@@H]1CN(c2ccc(C#Cc3ccccc3)nn2)C(=O)O1,-6.6,3.6530416234863448,3_1232
CN(C=O)c1cc2cccc(OCC(=O)NCCC(F)C(F)(F)F)ccc1[nH]c(O)c[nH]2,-6.8,1.236401250467826,3_1233
CN1CC=C2C(C#N)C(=N)C(C#N)(C#N)[C@H](c3ccsc3)[C@H]2C1,-5.2,3.4814665225470423,3_1234
O=[N+]([O-])c1ccc2ncnc(Nc3ccc(Cl)cc3Cl)c2c1,-6.9,3.6330704183675557,3_1235
C[C@@H]1CN(c2cc(-c3[nH]nc4ccc(-c5cnn(C)c5)cc34)ncn2)C[C@H](C)O1,-8.6,3.6872979037103155,3_1236
CC(NC(=O)OC(C)(C)C)C(=O)NC(Cc1ccc(OCc2ccccc2)cc1)C(=O)C(F)(F)C(=O)NCc1ccccc1,-7.0,3.284154368882615,3_1237
Cn1cnc([N+](=O)[O-])c1Sc1nccn1-c1ccccc1,-6.2,3.5237370244044244,3_1238
COC(=O)c1ccc([C@@H](O)[C@H](CO)Oc2ccc(OC)cc2Cl)cc1,-6.1,3.6759082478773166,3_1239
c1cnc2c(c1)N(CCCN1CCN(c3cnccn3)CC1)CCO2,-6.15,3.58812363787169,3_1240
CC(=NNC(=O)COc1ccc2ccccc2c1)c1ccccn1,-6.6,3.6775514067087496,3_1241
CCOC(=O)c1nn(-c2ccc(Cl)cc2)c(=O)c2c(N)scc12,-6.3,3.658231216969834,3_1242
C=C1C=CC=CC=C(OCCCCCCCCCCN2CCN(c3ccccc3OC)CC2)C=C1,-5.5,0.8873781924126067,3_1243
COc1ccccc1C(=O)NCc1ccc(OC)c2ccsc12,-6.3,3.7772056382294537,3_1244
C[C@H](CCCC(C)(C)O)[C@H]1CC[C@H]2/C(=C\C=C3C[C@@H](O)C(O)(CF)[C@H](O)C3)CCC[C@]12C,-6.5,3.0818548684628597,3_1245
C=C(C)C1Nc2ccc(NC(=O)c3ccc(F)cc3F)cc2-c2c3c(c4c(c21)CCc1nn(C)cc1-4)C(=O)NC3,-8.9,3.189609322104875,3_1246
C/C(=N\NC(=O)c1ccc(O)c(Cl)c1)c1ccc(N2CCOCC2)cc1,-6.8,3.663786068262299,3_1247
Cc1ccc(/C=C2\SC(=S)N(CCC(=O)N(C)C3CCS(=O)(=O)C3)C2=O)cc1,-6.7,3.4465460154968213,3_1248
CCOC(=O)c1c(-c2ccccc2)c[nH]c1NC(=O)n1nc(C)cc1C,-7.0,3.7237811586855827,3_1249
CCCC1N[C@H](c2ccccc2)c2cc(Cl)c(CC(=O)NCCc3ccccn3)cc2S(=O)(=O)C[C]1CC,-5.3,1.6997508946351303,3_1250
CCCCCNC(P(=O)(O)O)P(=O)(O)O,-4.3,1.4258994145668797,3_1251
CC1=CCCC(C)(C)C1/C=C/c1cc(C(=O)N2CC[C@H](O)C[C@H]2C)no1,-7.1,3.5384882542519396,3_1252
Cc1cc(C(=O)Nc2sc3c(c2C(=O)NCc2ccco2)CCCC3)on1,-7.4,3.7170509827931895,3_1253
CCc1nc2c(C)cc(-c3ccc(CN4CCC[C@@H]4CO)cc3)cn2c1NC(=O)NCc1ccc(F)cc1,-7.6,3.4687854896955486,3_1254
COc1cccc(NC(=O)Cc2cs/c(=N\c3ccc(C(=O)O)cc3)n2C)c1,-6.5,3.7243399727753244,3_1255
CCC(=O)Nc1cc(C(=O)O)ccc1OC,-5.4,3.5425892113415713,3_1256
Cn1cnc(S(=O)(=O)N2CCOc3c(N4CCNCC4)cccc32)c1,-6.5,3.5337209170200734,3_1257
O=C(N=Cc1ccc(O)cc1)NC(Cc1ccc(O)cc1)C(=O)O,-6.6,3.4955258182027853,3_1258
Cc1nc(-c2cccc(NC(=O)Nc3ccc([N+](=O)[O-])cc3)c2)cs1,-7.6,3.6279349583524274,3_1259
CC(=O)N1CCCC1C1CCCN1Cc1ccc(Oc2ccccc2)cc1,-6.8,3.529173862249298,3_1260
COc1cc(C(=O)N2CCN(NC(=O)C(C)C)CC2)cc(OC)c1OC,-5.9,3.6261364213039307,3_1261
CCOC(=O)C1CCN(C(=O)c2ccc(Cl)c(S(=O)(=O)NCC3CCCOCC3)c2)CC1,-6.5,2.480791685548812,3_1262
Cc1sc(CC(=O)O)cc1Cc1ccc(S(C)(=O)=O)cc1,-5.6,3.7967715660184678,3_1263
Clc1nc(Nc2cccc3ccccc23)nc(NC2CCCCC2)n1,-8.9,3.7633740520822023,3_1264
CN(C)CCCNCc1ccc(CSc2nc(N)cc(N)n2)o1,-5.1,3.2778621581244183,3_1265
CC(O)C=C1C=CC(CC(=O)N2CCC(CCN3CC[C@@H](NC(=O)CNC(=O)c4cccc(C(F)(F)F)c4)C3)CC2)=C1,-6.5,3.159856230785972,3_1266
Cc1nc(NC(C(=O)O)C(C)C)nc(-c2ccc(Oc3ccc(-n4cccn4)cc3)cc2)n1,-6.7,3.5332905151201066,3_1267
CCONNN=CC=CC=S(=O)=O,-4.1,1.3544629389093341,3_1268
CC(C)(C)c1ccc(NC(=O)CCc2cc(Br)c(N)c(Br)c2)cc1,-6.1,3.599484067416768,3_1269
C=c1cccnc1=C(C=COC)NC(C)CCCNC(=O)Nc1ccccn1,-6.0,3.5039526522203284,3_1270
CC1CCN(C(=O)c2ccc3c(C(C)(C)NC(=O)Nc4ccc(CC#N)cc4)cccc3c2)CC1,-7.4,3.6169063076790815,3_1271
CCNc1ncc2c(n1)CN(C(=O)N[C@H](C)c1ccc(Cl)c(F)c1)C2,-6.1,3.756296581494553,3_1272
O=C(COc1ccc2ccccc2c1)Nc1ccc2c(c1)CC=CC(N1CCCC1)=N2,-8.2,2.666457749680866,3_1273
COC(=O)c1[nH]c2ccc(NC(=O)CSc3nnc(-c4cccnc4)n3C)cc2c1C,-6.5,3.44813402091386,3_1274
O=S(=O)(Nc1cccc2cccnc12)c1ccc(I)cc1,-6.8,3.7027712440529577,3_1275
CCOc1ccc(N2CC(c3nc4ccccc4n3CCCOc3ccc(OC)cc3)C2)cc1,-6.2,3.444691791027483,3_1276
CN(Cc1ccc(C(=O)Nc2ccc(OCc3cccc(F)c3)cc2)cc1)c1ccc(O)cc1,-6.5,3.551168846526412,3_1277
CC1(C)CCC[C]2C[C@@H]3C[C@H]4CC=C4[CH][C@@H](OCN)CC[C@@](CO)(O[C@@H]2c2ccoc2)[C@H]31,-6.7,1.0680232649037418,3_1278
O=C(Nc1nccs1)C1CCN(S(=O)(=O)c2ccc(Cl)cc2)CC1,-6.6,3.7384480178917285,3_1279
CCN=C(CN(COCc1ccco1)P(C)C)N(N)c1ccc(Br)cc1F,-5.8,3.2794302477633046,3_1280
C=CS(=O)(=O)N(CCOC1C=CC=CC(Cc2ccccc2)CCN(C)C1)c1ccccc1,-6.1,1.4794549919749254,3_1281
O=C(CCP(=O)(O)O)Nc1ccccc1,-5.6,3.314719146141636,3_1282
Cc1ccccc1Cn1c(C(=O)Nc2ccc3[nH]ncc3c2)cc2ccccc21,-7.9,3.517415680366125,3_1283
CC(C)(C)C=C1C=CC(NCCc2nn(-c3ccccc3)cc2C2OC=C3C=CC=CC32)=C1,-7.4,3.4445968584738944,3_1284
N[C@@H]1CCCN(c2ccncc2Nc2ncc3ccc(-c4c(F)cccc4F)nn23)C1,-9.0,3.6365666761923894,3_1285
O=C1OCC2=C1C(c1cccc(F)c1)c1cc3c(cc1N2O)CCO3,-7.7,3.501761485973577,3_1286
CSc1ccc(Oc2nc(C)ccc2C(=NO)N2CCCCC2)cc1C,-6.7,3.3637810757321986,3_1287
COC=c1ccc2c(c1)NC=2c1c(C)c(-c2ccc3c(c2)OCO3)nn1CCCN,-7.0,3.596703769706866,3_1288
C[n+]1cc2c(c3ccccc31)Nc1ccccc1S2,-6.9,3.386992940188966,3_1289
CC1C(=O)SC(C)(CCSc2ccccc2F)C1=O,-6.0,3.4876131489111453,3_1290
COCc1nc(-c2cnn3c(C)nc(C)nc23)no1,-6.5,3.4749301340426824,3_1291
COCCn1c(SCC(=O)Nc2ncc(C(F)(F)F)cc2Cl)nc2ccccc2c1=O,-6.8,3.556715254486165,3_1292
F[C@H](CNc1ccc(-c2ccc3[nH]ncc3c2)nc1)Nc1ccccc1,-7.6,3.558446842997548,3_1293
CC(=O)c1ccc(OCc2ccc(CN3CCCCC3)cc2)c(C)c1,-6.0,3.568086598402574,3_1294
CC(=O)c1c(O)c(C(C)=Nc2cc(N)cc(NC(=O)CN)c2)c(O)oc1=O,-6.6,3.0002391087094735,3_1295
O=C(CN1C(=O)S/C(=C\c2cccs2)C1=O)Nc1nccs1,-5.8,2.47850772546188,3_1296
N#Cc1cc(F)cc(C#Cc2csc(F)n2)c1,-5.8,3.4541289765656753,3_1297
COc1cccc2oc([C@H](CC(=O)NC3CCCCC3)C3=CC=COCC3)cc(=O)c12,-8.0,2.6854597483880664,3_1298
Fc1ccccc1-c1ccc2nnc(CCl)n2n1,-6.6,3.571409617638949,3_1299
O=C1C=N[SH]2[CH][C@@H](O)[C@H](O)CN2O1,-4.8,2.801824959872889,3_1300
CC(=O)OCC1OC2(N=C(c3ccccc3)NC2NC(=O)C(C)C)C(OC(C)=O)C(OC(C)=O)C1OC(C)=O,-5.9,3.027920238979755,3_1301
CP(C)(=O)c1ccccc1Nc1nc(Nc2ccc(C(=O)N3CCOCC3)cc2)nc2[nH]ccc12,-8.2,3.442806220621832,3_1302
CC(=O)Nc1nc2ccc(NC(=O)c3c(Cl)cccc3Cl)cc2s1,-6.2,3.72285128185726,3_1303
C/C(=N\NC(=O)CNC(=O)c1ccccc1Cl)c1ccsc1,-6.3,3.649744343722324,3_1304
O[C@H](CNCc1ccc(-c2ccccc2CN2CCNCC2)cc1)C1CC1,-6.4,3.4723849925118877,3_1305
Cc1ccc(OCCOc2ccc(Cl)cc2Cl)c([N+](=O)[O-])n1,-6.3,3.5279108755167323,3_1306
O=C(NCc1ccc(Cl)cc1)C1CCCN1C(=O)C=CC1=CC(OCCCO)c2cc(C(F)(F)F)ccc2O1,-7.2,3.365169876713644,3_1307
O=C(O)CCCc1c(C(=O)N2CCSCC2)[nH]c2ccc3c(c12)CCN(Cc1ccccc1)C3,-6.9,3.5970470878723715,3_1308
N#Cc1ccc(N2[C@@H]3CCN(C(=O)c4ccc(F)cc4-c4ncccn4)C[C@@H]32)nc1,-7.5,3.5830644479168203,3_1309
N=C(N)NC(=O)C[C@H]1CCc2cc(Cl)ccc21,-6.4,3.3081901214892784,3_1310
COc1cc(C(=O)OCC(=O)Nc2cccc(S(=O)(=O)N3CCOCC3)c2)c([N+](=O)[O-])cc1OC,-6.9,3.1353896644271297,3_1311
C=Cc1[nH]ccc1NC(=O)c1cc(-c2ccnc(Nc3ccc4ncsc4c3)n2)c2ccccc2n1,-8.9,3.346029538528482,3_1312
NCCN1C(=O)/C(=C\c2ccc(Cl)cc2)SC1=S,-5.8,3.5417123952668987,3_1313
N#Cc1ccc(C(=O)NCCc2cn(CCCCn3c4ccccc4c4ccccc43)nn2)cc1,-6.8,3.4585750383729206,3_1314
Oc1ccc(C=Nc2ccc(C3=NCCN3)cc2)cc1,-6.3,3.6420626114627233,3_1315
CC1CCc2nn(CC(=O)N3CCCCCC3)cc2C1,-5.9,2.4273407525443513,3_1316
Cc1cc(C)c2[nH]c(=O)c(-c3nnn(-c4ccccc4)n3)cc2c1,-7.1,3.707450408006185,3_1317
Clc1ccc(N2CCN(c3nc(NCCN4CCOCC4)nc(N4CCN(c5ccccc5)CC4)n3)CC2)cc1,-6.4,3.2252461162720367,3_1318
CC(C)(C)OC(=O)N1CCN(c2ccccc2NC(=O)c2cc3ccccc3oc2=O)CC1,-7.4,3.6977295289976366,3_1319
Cc1cn([C@H]2C[C@H](NS(=O)(=O)NCCCc3ccccc3)[C@@H](CO)O2)c(=O)[nH]c1=O,-6.6,3.208207655264226,3_1320
CCCC(C)NC(=O)NC(C)Cc1ccc(CCC(=O)NCCCC(=O)O)cc1,-5.6,3.2655443074450274,3_1321
COc1cc2oc(-c3ccc(O)c(O)c3)cc(=O)c2c(OC(=O)c2ccccc2C(C)C)c1OC,-6.9,3.321467967725087,3_1322
C[C@@H]1CN(C=C(C(=O)C(C)(C)C=O)c2ccncc2)CCN1c1ccc(Cl)c(Cl)c1,-6.4,3.517068431177952,3_1323
CCC(CC)CC(NC(=O)N1CCC(C(=O)Nc2ccc(NC(C)=O)cc2)CC1)C(=O)N1CCCC1C(=O)Nc1nc2ccccc2[nH]1,-6.0,2.917490363326616,3_1324
Oc1cc2cc(-c3nnc(-c4cc5[nH]ncc5cn4)s3)ccc2[nH]1,-7.6,3.46397436579045,3_1325
Cc1nc([C@H]2CCCN(C(=O)c3cnn(C(C)(C)C)c3)C2)cs1,-6.4,3.6473525636208644,3_1326
C=Cc1[nH]c2c(C)nn(CN3CCN(c4ncccc4C(F)(F)F)CC3)c(=O)c2c1C,-7.6,3.75162337147808,3_1327
CC1CCN(CCCCCOc2ccc3oc4ccccc4c(=O)c3c2)CC1,-6.1,3.5130166391012994,3_1328
Cc1cccc(NC(=O)CC(=O)N2CCCc3ccccc32)c1,-6.9,3.629696452365912,3_1329
O=C(Cc1cc2ccccc2[nH]1)N1CCC(CC2CCCCO2)CC1,-7.0,3.5774130970403064,3_1330
CC(=O)NN=Cc1cnc2ccc(C)cc2c1,-6.1,3.5293255029326978,3_1331
CN1CC=CC=CCc2c(ccc(OC3CCN(C4CCC4)CC3)c2Cl)C1=O,-6.8,1.2189725975722387,3_1332
NCC1CCC(N)CC1,-3.9,3.057912279133376,3_1333
Cn1nccc1-c1cc(Cl)ccc1Oc1ccc(S(=O)(=O)Nc2ncns2)cc1C#N,-7.2,3.483851539654656,3_1334
O=C(C1CC1)N1CCCN(C2=NCC=CS2)CC1,-5.2,2.181480981481684,3_1335
Cc1cc(C)n2nc(SCc3nnc(SCc4ccccc4F)s3)nc2n1,-6.4,3.476278430459457,3_1336
Cc1ccc(NC(=O)c2ccc(Oc3cnccn3)c(OC(C)C)c2C#N)nc1,-6.3,3.717285825381608,3_1337
Cc1ccc(OCc2ncn(C)n2)c(C)n1,-4.8,3.5857647526829215,3_1338
c1cc2c(cc1NCCN1CCCCC1)OCCO2,-6.0,3.5009484539615188,3_1339
Cc1ccccc1C(=O)Nc1cccc(NC(=O)c2cccs2)c1,-7.0,3.7154667189297386,3_1340
Cc1nc2ccc(C(=O)NC(N)CO)cc2nc1C,-5.9,3.488052032168134,3_1341
COc1cc(CNC(=O)Nc2cc(C)cc(C)c2)ccc1OCc1c(C)noc1C,-6.6,3.722768008377959,3_1342
CC(Nc1ncc(C(=O)N(C)C)c(C2CC2)n1)c1cn(-c2ccc(Cl)cc2)cn1,-6.6,3.7694765662941183,3_1343
CCCN(Cc1ccsc1)c1ccc(C(O)(C(F)(F)F)C(F)(F)F)cc1,-5.5,3.589753662094297,3_1344
C=C(CC(=O)N=CC=CC(=CC)S(=O)(=O)Nc1nonc1C)C(=O)OC,-5.6,2.00587790182954,3_1345
Cc1cc(/C=C/C(=O)Nc2ccccc2)on1,-5.7,3.6177041247360195,3_1346
COc1ncc(-c2ccc3ncnc(NCc4ccc(C(=O)N5CCOCC5)cc4)c3c2)cn1,-8.0,3.6004136526379042,3_1347
O=C(N[C@H](CO)C1CCCCC1)c1ccc(Br)o1,-5.8,3.594204735243133,3_1348
C=CCOc1ccc2ccccc2c1C=C(OCC(=O)N[C@H](CCC(=O)NC(Cc1ccc(O)cc1)C(=O)O)Cc1ccccc1)C(=O)C=O,-6.0,2.477629746159412,3_1349
Nc1c(-c2nc(-c3cccs3)no2)nnn1-c1cccc(C(F)(F)F)c1,-6.9,3.5555730999544326,3_1350
C[C@](N)(CNc1cc(-c2ccc(OC3CC3)cc2)ns1)C(=O)Nc1ccc(C#N)c(C(F)(F)F)c1,-6.7,3.4935437978949326,3_1351
CC=C1C=C(Cl)C(OCCOc2ccc(N3C(=O)CNCC3C(=O)N(Cc3cccc(Cl)c3Cl)C3CC3)cc2)=C1Cl,-6.7,3.238060313603593,3_1352
O=C(c1ccccc1-n1nccn1)N(CCCN1CCN(c2ncccn2)CC1)c1ccccc1,-6.9,3.528424909679324,3_1353
CC(C)(C)c1ccc(-c2nc3ccccn3c2NC2CCCCC2)cc1,-7.8,3.577529872357833,3_1354
CCc1ccc(-c2nc3ccccc3n2-c2cc(C)nn2C)cc1,-7.3,3.608267558676509,3_1355
O=C(NCCN1CCOCC1)C1(c2ccc(Cl)c(Cl)c2)CCC1,-6.0,3.5352504592201432,3_1356
ON=C(O)CCCCOc1ccc2ncnc(Nc3ccc(F)c(Cl)c3)c2c1,-6.8,3.1804507213858364,3_1357
COc1cc(Cc2c(-c3ccsc3)[nH]c3ccccc23)cc(OC)c1,-6.8,3.623463967603654,3_1358
CCOC=C1C=CC(CNC(=O)Nc2cc(Oc3ccnc4cc(OC)c(OC)cc34)ccc2C)=C1C,-7.4,3.468886041728871,3_1359
O=C(NCCC(O)C(CN1CCN(c2ccnc3cc(Cl)ccc23)CC1)c1ccccc1)c1ccccc1-c1ccccc1,-7.9,3.2506668683592252,3_1360
Cc1ccccc1C=NCC(=O)N(CC(=O)NCc1ccc(Cl)cc1)c1ccccc1[NH],-7.3,3.655899111394363,3_1361
O=C1CCCCCN1CCC(=O)N1C[C@H]2CC[C@@H]1CN(C(=O)c1ccccc1)C2,-6.9,2.3469959405733793,3_1362
Cc1cn([C@H]2C[C@H](Cl)[C@@H](CO)O2)c(=O)nc1N,-5.8,3.3077497314812807,3_1363
Nc1ccc2c3c(cccc13)C(=O)N(c1ccccc1)C2=O,-6.9,3.562254985489024,3_1364
O=C(c1nc(-c2ccncc2)no1)N(Cc1cccnc1)Cc1ccco1,-6.8,3.606785574682772,3_1365
C=C(CCCCc1ccccc1)c1ccccc1OC[C@H](O)CNCc1ccccc1,-5.4,3.3704286210730268,3_1366
Cn1nc(C2CCN(C(=O)C#Cc3ccccc3)C2)c2cccnc21,-7.4,3.6058035518501286,3_1367
Cc1ccc(C(=O)N2CCC3(CC2)NC(=O)CC3c2ccccc2)cn1,-7.5,3.6320994751716005,3_1368
COc1ccc(S(=O)(=O)NCCCCCNc2cccc(C)c2)cc1,-5.4,3.6502615210185887,3_1369
Cc1ccccc1CC=CC=CCN=C(NC=CN=CN)[C@@H]1CCCN1C(=O)Cc1ccccc1,-6.7,3.3997925722445483,3_1370
CC(Oc1ccc(Oc2ccc(-c3ccccc3)cc2)cc1)C(=O)O,-6.6,3.7120049728533235,3_1371
COc1ccc(/C=C2\CCc3c2nc2c(C)cccc2c3C)cc1,-7.2,3.4520152210446255,3_1372
COc1ccc2[nH]cc(CCNc3ncnc4c3cnn4-c3ccccc3OC)c2c1,-7.1,3.5135223206973745,3_1373
NC(=O)C=C[C@H]1CCCc2c1[nH]c1ccc(Br)cc21,-6.3,3.4867719554601666,3_1374
O=C(O)CC(NC(=O)C(CC1CCCCC1)NC(=O)c1ccc(Oc2ccccc2)cc1)C(=O)CF,-6.6,3.467500563676277,3_1375
Cn1ccc(-c2cncc(N3CCN(c4nc(-c5cccnc5)nc5ccccc45)CC3)n2)n1,-8.3,3.4586577956582207,3_1376
C#C[C@H](C)NCC1CCN(c2nc(-c3ccncn3)cc(=O)n2CC)CC1,-6.6,3.645291350375124,3_1377
CC(C)CN(C[C@@H](O)[C@H](Cc1ccccc1)NC(=O)O[C@@H](O)C(C)C)S(=O)(=O)c1ccc(C#N)cc1,-6.6,3.316468078350278,3_1378
CC(NS(=O)(=O)c1ccccc1)C(=O)NCCC(=O)NCCc1ccc(S(N)(=O)=O)cc1,-6.6,3.2189321035363094,3_1379
COc1cc2ncnc(Oc3ccc(NC(=O)C4=CN(c5ccc(F)c(F)c5)c5ccccc5C4)cc3F)c2cc1OC,-7.5,3.300030747859571,3_1380
CC=Nc1ccccc1N(C=O)CC(=O)Nc1ccc(F)c(Cl)c1,-5.6,3.6553135634992957,3_1381
COc1ccccc1Oc1cc(NC(=O)N2CC[C@H](Oc3ccncc3)C2)ncn1,-7.1,3.7180350689059027,3_1382
CC(=O)NCCCCCCNC(=O)c1[nH]cnc1C(=O)Nc1cccc2ccccc12,-6.8,3.424907828427042,3_1383
C[C@H]1[CH]C(O)C(O)C(=O)O[C](O)[C@H]2O[C]2[C@@H](CC(=O)O)CC(=O)O[CH][C@@H](OCC(N)=O)CC1,-7.3,1.1593171158350644,3_1384
Cc1noc(C)c1CN(C)CC(=O)N1CCCCC1CCO,-6.5,3.6138164334342417,3_1385
OCc1ccccc1-c1ccc(OCCN2CCCCC2)cc1,-6.6,3.6681285915568385,3_1386
CC1CCc2[nH]c3ccc(C(=O)N4CCCNC(=O)C4C)cc3c2C1,-7.4,2.560040320267273,3_1387
C=CC(=CC=COC)CN1C(=N)[C@H](CC(C)C)NC(=O)C1C,-5.3,3.406110408536484,3_1388
O=C(Nc1ccc(C(=O)O)c(O)c1)c1cccc(S(=O)(=O)N2CCOCC2)c1,-7.3,3.5227387930311087,3_1389
C=CCn1cc(-c2ccc(-c3ccsc3)cc2)c2ccc(OC)cc21,-6.0,3.4145990245074858,3_1390
CO[C@@H]1C[C@H]2C3=CCC(=O)C[C@@H]3CC[C@@H]2[C@]2(C)C=CC(=O)C=C12,-6.4,3.0551159489689343,3_1391
Cn1cccc1C(=O)N1CCCN(C(=O)c2noc3c2CCCCC3)CC1,-6.8,2.5492796612125845,3_1392
O=C(Nc1sc2c(c1C(=O)NNc1ccc(Br)cc1)CCCC2)c1cccc(F)c1,-8.0,3.570939951722643,3_1393
CCSc1oc(-c2cccs2)nc1S(=O)(=O)c1ccc(C)cc1,-6.8,3.654614061974335,3_1394
COc1cc([C@@H]2c3cc4c(cc3[C@@H](Nc3ccc5c(c3)c(N)nn5C)[C@H]3COC(=O)C23)OCO4)cc(OC)c1O,-9.2,3.051552975008949,3_1395
Cc1cc(N2CCCC2)ccc1/C=C/C(=O)N(C)C,-6.1,3.379405753609121,3_1397
O=C(Nc1cc(C(F)(F)F)ccc1-n1cncn1)c1ccccn1,-7.0,3.72120928872204,3_1398
Cc1cc(=O)oc2cc(OCc3cc(-c4ccc(Cl)cc4)no3)ccc12,-7.0,3.610261075045236,3_1399
CCN(CF)CCCCCC(=O)Nc1ccc(Nc2nc(NCCc3ccccc3)nc(N3CC(C)CC(C)C3)n2)cc1[C@H](C)O,-6.6,2.8774841162979254,3_1400
O=C(O)CCCc1ccc(NC(=O)C2CCCCC2)cc1,-5.5,3.5652122299132687,3_1401
COc1ccc2nc3ccccc3c(NCCCN3CCCCC3)c2c1,-6.8,3.610910928399681,3_1402
Cc1cccc(C(=O)NCC(c2ccco2)N2CCc3ccccc32)c1C,-6.8,3.693033930933419,3_1403
Cc1cnc(NC(=O)CSc2nnc(-c3cc4ccccc4cc3O)n2C)n1C,-7.1,3.5569015961806434,3_1404
CCOC(=O)CCc1c(C)[nH]c2cc(-c3ccc(Cl)cc3)nn2c1=O,-6.2,3.750000655135935,3_1405
Cc1nc2ccc(NC(=O)N(C)C(C)C)cc2nc1C,-5.7,3.72809322712851,3_1406
COc1ccc2oc(C(=O)OC3CN4CCC3CC4)cc2c1,-6.6,3.432194378269928,3_1407
O=c1cc2c(c3sc(N(CCO)Cc4ccccc4CCl)nc(=O)n13)C1(CC1)c1ccccc1C=CC=CC2,-7.3,1.2690295424190867,3_1408
Cc1ccccc1CNC(=O)c1c[nH]c2ccccc2c1=O,-6.8,3.639999949570032,3_1409
COc1ccc(CCNC(=O)/C(=C\c2ccc(Cl)cc2)n2cncn2)cc1,-6.8,3.707545687109682,3_1410
CC(Cc1ccc(Cl)cc1)(C(O)=NO)S(=O)(=O)c1ccc(N2CCCC2C(=O)O)cc1,-6.3,3.2772951260082843,3_1411
CC1[C@@H](NC(=O)c2ccccc2-c2cccs2)CCN1Cc1ccc(C(F)(F)F)c(F)c1,-6.7,3.6121726415051247,3_1412
CCC(NC(=O)c1nc(C(C)(C)C)no1)C(=O)Nc1ncc(F)cc1F,-6.9,3.6475229664307607,3_1413
O=C1C=CC=CCCc2cc(C(F)(F)F)ccc2C(=O)NC(CCN2CCCC2=O)CN1,-7.9,2.084814300335949,3_1414
O=C(NC(Cc1ccccc1)C(=O)NCCCO)c1ccc(OC(F)(F)F)cc1,-6.4,3.5653897116085904,3_1415
CC1=CC(NC(=O)c2cnn3c(C(F)(F)F)cc(-c4ccccc4)nc23)CC=C1,-8.0,3.7655080002945986,3_1416
CC1C=c2c(c(=O)n(C)c(=O)n2C)=C(c2ccccc2)NC1c1ccccc1,-7.4,2.711228822086866,3_1417
COc1ccc(-c2[nH]c(=O)[nH]c2Cc2cccc(OCc3cccc(C(=O)O)c3)c2F)cc1,-7.1,3.551112609448901,3_1418
CC1C=CC=C(S(=O)(=O)Nc2cccc3c2O[C@@H](CN(C)Cc2ccc(-c4ccccc4)cc2)[C@@H](C)CN([C@H](C)CO)C3=O)C1,-8.0,1.4668424235083797,3_1419
COc1ccc(/C=C/C(=O)c2ccc(OCc3cc(=O)n4c5c(sc4n3)CCCC5)cc2)cc1,-6.8,3.4658405807116655,3_1420
CC(=O)Oc1c(C)cccc1C(=O)Nc1nc2c(s1)CCCC2,-6.3,3.6714565568324744,3_1421
COC(=O)C(Cc1ccc(N(CCCl)CCCl)cc1)NC(=O)CCCC(=O)OCc1ccc(N(CCBr)CCBr)cc1,-5.0,3.1852835890237317,3_1422
CC(C)(C)c1nc(-c2ccnc(N)n2)no1,-5.8,3.517677385342565,3_1423
C=C1C(CN2CCNCC2)=CN1CCCCOc1c(OC)ccc2cc3[n+](cc12)CCc1cc2c(cc1-3)OCO2,-7.7,3.1765855916626604,3_1424
CNC(=O)C(Cc1ccc(OC)cc1)NC(=O)C(CC(C)C)C(CSCC(=O)c1ccccc1)C(O)=NO,-5.7,2.7972357509843477,3_1425
c1ccc(NC2Cc3ccc(NCc4cscn4)cc3O2)cc1,-6.3,3.7233453243528265,3_1426
COc1cc(-c2nc(C(=O)Nc3ccccc3C)nn2C2C=CC=COC2)c(Br)c(OC)c1OC,-7.5,2.613945776968549,3_1427
N=C(N)c1ccc2c(c1)CSC(CO)C2c1cccs1,-6.0,3.5653611963566556,3_1428
COc1ccc(C2CC(c3ccccc3)=NN2C(=O)c2cccnc2Cl)cc1,-7.6,3.672942549739129,3_1429
C=C(C=CC(=O)NCCc1cc(OC)cc(OC)c1)S(=O)(=O)N1CCN(c2ccccc2F)CC1,-6.2,3.532405495110555,3_1430
COc1cccc(Sc2c[nH]c3ccc(F)cc23)c1,-6.2,3.6022018416628097,3_1431
CCOC(=O)C=C(C=O)CN(C)c1cc(C(F)(F)F)cc(C(F)(F)F)c1C,-5.7,3.3381185969025005,3_1432
COCCN1C(=O)c2ccccc2C(C(=O)Nc2ccc3c(c2)OCO3)C1c1ccccn1,-7.0,3.668041632050604,3_1433
N#C[C@@]1(c2ccc3c(N)ncnn23)O[C@H](CO)[C@@H](O)[C@H]1O,-5.8,3.113802889821203,3_1434
O=C(c1ccc(F)cc1)c1cnc2ccccc2c1Nc1ccccc1F,-7.3,3.597860511110995,3_1435
O=[N+]([O-])c1cc2cc(-c3cccnc3)ccc2s1,-6.4,3.5550765632994104,3_1436
CC(C)(C)OC(=O)N1CC[C@H]2CC[C@@H](C1)N2C(=O)c1cnn(Cc2cccc(I)c2)c1,-6.9,2.5511939794767367,3_1437
Cc1cccc(N(CCCOc2ccc(Cl)cc2)C(=O)c2ccccc2Cl)n1,-5.9,3.5708263197482193,3_1438
O=C1C=CC(Cl)=C(C(F)(F)F)CCC(c2cnc3c(NC(=O)c4cc(Cl)cc(Cl)c4)nccn23)C=CCC=N1,-7.7,1.2964711886216627,3_1439
Cc1ccccc1C(C1=CC=CC1)N1CCN(Cc2coc3ccc(Br)cc23)CC1,-7.7,3.442989702991187,3_1440
CN(C)CCNC(=O)c1ccc2c3c1CCOC(=CC(=O)O)C3c1cc(N)c(O)cc1O2,-7.0,2.238206399693001,3_1441
C[Se]C(C)(O)NC(=O)c1ccc(S(N)(=O)=O)c([N+](=O)[O-])c1C,-5.6,3.0250215645525005,3_1442
CCCc1noc(CN2C[CH]C3CNC(=O)N[C@H](C3)C2)n1,-5.8,2.472136103011408,3_1443
O=C(N1CCCC1)N(Cc1ccc(Br)cc1)Cc1ccc(C(F)(F)F)cc1,-7.0,3.4627487179345207,3_1444
CC[C@@H]1[CH]NC(=O)C(Cc2ccccc2)NC(=O)C(C)NC(=O)c2csc(n2)[C@@H](C(C)C)NC(=O)C2N=C(C1)O[C@@H]2C,-7.3,1.7585320559416724,3_1445
Cc1nnnn1/N=C/c1ccc(Oc2ccccc2)cc1Cl,-6.3,3.6623645899313226,3_1446
Cc1ccc(-n2c(O)cnc2-c2ccccc2)cc1,-6.2,3.6242972325672342,3_1447
Cc1ccc(C(=O)Nc2ccccc2N(C)S(=O)(=O)c2ccc(C)s2)cc1,-7.0,3.780451836746652,3_1448
COCCOC(=O)c1c(C)n(CCCCCC(=O)OC)c(C)cc1=O,-4.5,3.4210584093946905,3_1449
N#Cc1ccc(Cn2cncc2CNc2ccc(C(=O)NCc3ccccc3)c(-c3ccccc3)c2)cc1,-6.2,3.3731414641298816,3_1450
C[C@H]1CN([C@@H](C)CO)C(=O)c2cc(NC(=O)Nc3ccc(C(F)(F)F)cc3)ccc2O[C@@H]1CN(C)C(=O)Nc1cccc2ccccc12,-7.9,1.3320393832674515,3_1451
CCC=O,-2.3,1.4826837269104312,3_1452
O=Cc1ccc(ON=Nc2ccc(N=Nc3c(O)cc([N+](=O)[O-])c4ccccc34)c([N+](=O)[O-])c2)cc1,-7.1,2.9673177296200484,3_1453
O=C(Nc1nnc(SCc2ccc(Cl)cc2)s1)c1ccccc1,-6.5,3.662535814073242,3_1454
O=S(=O)(N[C@@H](c1cc2ccccc2s1)c1ccccc1Cl)c1ccc2c(c1)CCN(C1CCN(CCc3ccc(Cl)cc3)CC1)C2,-7.2,3.108107298081581,3_1455
Clc1ccc(-c2nc3c(-c4nc[nH]n4)cccc3cc2-c2ccccc2)cc1,-7.0,3.531792318587245,3_1456
CCCn1c(N)c(N=NC=CC=C(F)C=O)c(=O)[nH]c1=O,-5.1,3.1837505100030414,3_1457
CS(=O)(=O)Nc1ccc(OCC(O)CN2CCCCC2c2ccccc2)cc1,-6.3,3.712625049537106,3_1458
Cn1cc(CCC(=O)N2CC[C@H]3O[C@@H](CC(=O)N4CCCC4)CC[C@@H]32)cn1,-6.1,3.3661396036582074,3_1459
Cc1onc(-c2ccccn2)c1COc1ccc(C(=O)N[C@@H]2CCCC[C@H]2O)cn1,-7.5,3.6740253007383457,3_1460
CC(C)(CO)NC(=O)CF,-3.5,1.6436303566832926,3_1461
CC=c1oc2c(cc1=O)OC(=O)CC=2C,-5.4,3.2840626513557876,3_1462
CCn1ccnc1/C=C/C(=O)/C=C/c1nccn1C(C)(C)CC,-5.3,2.5064727496987285,3_1463
COc1ccc(C2Sc3cc(Cl)ccc3N(CCN(C)C)C(=O)C2OC(=O)c2ccc(F)cc2)cc1,-7.4,2.597045960007834,3_1464
O=C(COC(=O)CCc1ccc(S(=O)(=O)N2CCOCC2)cc1)Nc1cccc(F)c1,-6.3,3.6310966101551023,3_1465
C[C@@H]1CN(C(=O)CCc2cccnc2)CCN1S(=O)(=O)c1ccc([C@@](C)(O)C(F)(F)F)cc1,-7.2,3.7115783933842517,3_1466
Oc1ccccc1-c1cc(-c2ccco2)cc(-c2ccccc2Cl)n1,-8.2,3.6210135666595633,3_1467
C=Cc1ccc2c(c1)c(-c1ccc([N+](=O)[O-])cc1)nn1c(CC(C)C)nnc21,-7.5,3.564508479551346,3_1468
O=C(NC1CC1)C1O[C@@H](n2cnc3c(NC4CCCCCC4)nc(Cl)nc32)CO[C@@H]1O,-7.1,2.122616790245374,3_1469
CN1C(=O)CCc2cc(NC(=O)Cc3cc4ccccc4s3)ccc21,-6.9,3.7504986406678698,3_1470
CNC(=O)C(CS)NC(=O)[C@@](O)(CCCN(Cc1ccc(-c2ccccc2C#N)cc1)NC(=O)C(c1ccccc1)c1ccccc1)C1CCCCC1,-6.7,2.719708849038884,3_1471
O=C(O)CCCCC1c2cccn2-c2ccccc2SC1c1ccc(-c2ccccc2)cc1,-6.7,2.4570827832594904,3_1472
CC(C)=CCc1c(O)cc2occ(-c3ccc(O)cc3)c(=O)c2c1O,-7.2,3.612596589199848,3_1473
O=C(OCc1nnc(-c2ccccc2)o1)c1cccnc1Cl,-6.4,3.6143209004771757,3_1474
O=C(Nc1cccnc1)Nc1nc2nn(CCc3ccccc3)cc2c2nc(-c3ccco3)nn12,-8.0,3.3671087967030964,3_1475
C=CCNc1n[n+]([O-])c2ccccc2[n+]1[O-],-5.3,3.343394625783725,3_1476
Cc1ccc(C2CC(C)N(C(=O)Cn3cccc3C(=O)O)C2)cc1,-6.4,3.764755438943075,3_1477
CCn1c(C)nnc1CN(C)C1CCS(=O)(=O)C1,-5.2,2.2716530363503145,3_1478
CC(O)(CCCC1NCC(c2ccccc2)=C1c1ccccc1)CC(=O)NC(Cc1ccccc1)C(=O)NC(c1ccccc1)c1ccccc1N,-6.6,2.7012852723246654,3_1479
CN(CC1CCCCO1)C(=O)CC1C(=O)NCCN1Cc1ccccc1C(F)(F)F,-7.0,3.574870970844202,3_1480
C[C@]12CC[C@@H]3c4ccc(O)c(-c5ccccc5)c4CC[C@H]3[C@@H]1CCC2=O,-7.6,3.31056104131442,3_1481
COc1ccc(NC(=O)CCNS(=O)(=O)c2cc(Br)cnc2N)cc1Cl,-6.4,3.513064150560681,3_1482
CCCCCCCC(=O)O[C@@H]1[C@@H](OC(=O)c2ccccc2)C[C@](C)(O)C23OC(C)(C)C(C[C@H](OC(=O)c4ccco4)[C@]12C)[C@H]3OC(=O)c1ccco1,-6.5,2.671744760433542,3_1483
C=CC=C(C=CC=CC=O)OCC1CCN(Cc2ccc(C(F)(F)F)cc2)c2ccc(F)cc2C1,-6.9,2.098451403709754,3_1484
CS(=O)(=O)N(CC(=O)NC1CCCCCC1)c1cccc(F)c1,-5.9,2.6396405309637814,3_1485
O=C(/C=C/c1ccc(Cl)cc1Cl)C(F)(F)F,-5.3,3.2432181810203238,3_1486
CCCc1cnn(C2=CC=CC2)c1NC(=O)/C=C/c1ccc(Cl)c(Cl)c1,-6.1,3.6552836159387327,3_1487
COc1ccc(OC)c(N2C(=O)N=C(Cc3cc(Cl)cc(Cl)c3)C2=O)c1,-6.3,3.746079120780196,3_1488
O=C(c1ccco1)N1CCN(Cc2cc(=O)n(Cc3ccc(Cl)cc3)nc2Cc2ccccc2)CC1,-8.0,3.5769275145962522,3_1489
Nc1ccccc1C(=O)C(=O)N1CCc2ccccc21,-6.8,3.490334563263241,3_1490
FC(F)(F)c1ccc(OCCOc2ccc(CN(CCCBr)C3CCCCC3)cc2)cc1,-5.2,3.302362079496808,3_1491
Nc1cc(Cn2cnc(-c3ccccc3)c2-c2cccc(C(=O)O)c2)nc(N)n1,-7.9,3.515803256641896,3_1492
Nc1ccc(Cn2c(NC(=O)c3ccc(S(=O)(=O)N4CCCC4)cc3)nc3ccncc32)cc1,-7.1,3.509325561100505,3_1493
CCS(=O)(=O)Nc1cc(-c2cnc(N)c(-c3nc4cc(F)ccc4[nH]3)c2)ccn1,-7.6,3.504911694005558,3_1494
OC(CN1CCN(c2ccccc2F)CC1)c1ccccc1,-6.1,3.693494773237463,3_1495
N#Cc1cccc(-c2nccnc2C2CN(c3ncc4ccccc4n3)C2)c1,-7.9,3.644568928833377,3_1496
COC(=O)CC1C(=O)NCCN1C(=S)NC(=O)c1ccc(C)c([N+](=O)[O-])c1,-6.1,3.160391492574374,3_1497
N#CCC(=O)Nc1c[nH]nc1-c1ccc(C(F)(F)F)cc1,-6.6,3.652895171119685,3_1498
C#CCN1CCc2ccc([C@H](CCCCCCC[C@@H](O)[C@H]3CC[CH][C@@H](CCCCCCCCCC)OO3)OC(C)=O)cc2C1,-5.6,1.794363918283545,3_1499
Cc1cccc(-c2nnc3ccc(N4CCN(C(=O)CCc5oc(C)nc5-c5ccccc5)CC4)nn23)c1,-8.2,3.411237008125954,3_1500
CCC(Sc1nc2ccccc2c(=O)n1C)C(=O)Nc1ccc(Cl)cn1,-6.8,3.6856236136520573,3_1501
CSc1nccc(-c2c(-c3ccc(F)cc3)ncn2CCc2ccc(Cl)c(Cl)c2)n1,-6.9,3.4773705152423497,3_1502
O=C(NCc1cc(C(F)(F)F)cc(C(F)(F)F)c1)c1cnc(N2CCC3(CC2)COC3)cn1,-7.5,3.5759984388200383,3_1503
CC[C@@H](Nc1cc(C)nc2c(-c3ncc(C#N)cc3C)cnn12)c1cccc(F)c1,-7.1,3.7058244156224145,3_1504
CCN(CC)CC(=O)Nc1ccc(C)c2cc3c(-n4cc(CO)nn4)cccc3c(O)c12,-7.1,3.4943069171503236,3_1505
C=C(C=C(C=COC)OCc1cccc(-c2ccncc2)n1)C(CC(=O)O)c1ncc(C)s1,-6.9,3.507048490903639,3_1506
Cc1cc(-c2nc[nH]c(NC(=O)N[C@@H]3CCCN(CC(F)F)C3)ccnn2)ccn1,-7.4,1.3986511972101434,3_1507
CCOC=CC[C@@H](F)CNC(=O)CCCC(=O)N1C[C@@H]2CCCN3CCC[C@@H]([C@H]23)[C@H]1CC,-5.5,3.1768631938126832,3_1508
O=C([N+]=Cc1ccc(Cl)cc1)c1cc2cc(Br)ccc2oc1=O,-6.7,3.5912193967632,3_1509
OCC1O[C@H](Oc2cccc(O)c2O)[C@H](O)[C@@H](O)C1O,-5.9,2.995179649162955,3_1510
CCCC(Sc1cc(Cl)ccc1Cl)C(=O)Nc1ccc(-c2cnco2)cc1,-6.0,3.6418137645698754,3_1511
C[C@@H](CON=C(CCOC1CC1)C1CCC1)NCc1ccc(C#N)cc1,-5.0,3.4017605012979093,3_1512
CC(=O)Nc1ccccc1C(=O)NCCc1ccc(S(N)(=O)=O)cc1,-7.2,3.6074798018158716,3_1513
NC1CCC(CCCC(c2ccccc2)c2ccccc2)(c2ccccc2)CC1,-7.3,3.242838311154989,3_1514
CCOc1ccccc1/C=C1\Sc2ncccc2C1=O,-6.0,3.6273607624621538,3_1515
O=C(Cc1ccccc1Cl)Nc1nnc(CCSCCc2nnc(NC(=O)c3ccco3)s2)s1,-6.7,3.2279613213445355,3_1516
Cc1ccc(CCNc2ncnc3c2CCNCC3)cc1,-7.1,2.7207725985047175,3_1517
Cc1nc(-c2cccc(S(C)(=O)=O)c2)c(-c2ccncc2)[nH]1,-6.8,3.7796970097449742,3_1518
C=CC=C1C(F)=CS(=O)(=O)NC2=S1C(C(Oc1ccc3cc(Br)ccc3c1)c1ccc(Cl)cc1)=CN2,-8.3,2.3505952434125597,3_1519
O=C(NCCc1c[nH]cn1)c1cc(NC(=O)N2CCC(O)C2)nn1-c1ccc(C(F)(F)F)cc1,-7.8,3.4233531224931886,3_1520
O=C(Nc1nc2c(ccc3ccccc32)s1)C1CCCN(C2CCN(S(=O)(=O)c3ccccc3)CC2)C1,-8.3,3.5370685347669095,3_1521
Nc1ccc(Nc2nccc(-c3sc(C4CCNCC4)nc3-c3ccc(F)cc3)n2)cc1,-8.6,3.511566796833142,3_1522
C=CCN(c1ccc(OC)cc1)S(=O)(=O)c1cccc(C(=O)Oc2ccccc2)c1,-6.0,3.499507368734819,3_1524
COc1ccccc1Sc1cnc2c(Cl)cc(Cl)cc2c1Br,-6.9,3.5634053850908263,3_1525
CCc1nnc(NC(=O)CSc2ccc(OC)cc2C(=O)C(C)C)s1,-5.9,3.626929275426545,3_1526
C[C@H](Cn1cnc2c(N)ncnc21)OCP(=O)(O)O,-5.7,3.249722285412759,3_1527
O=C1Nc2cc(F)ccc2C12OCCO2,-5.6,3.289817174103001,3_1528
CCOC(=O)CCNC(=O)c1cnc(Oc2ccc3c(c2)CCC(c2ccccc2)O3)s1,-5.5,3.637992788979518,3_1529
O=C(COC(=O)c1cccs1)c1ccc(Cl)cc1,-5.3,3.5804144726557383,3_1530
O=C(Nc1nnc(C2=COCCO2)o1)c1nccs1,-6.0,3.5088638405152084,3_1531
C[S+]([O-])c1nc2ccccc2cc1C(=O)NCc1ccccc1,-7.1,3.7174971081117945,3_1532
OC1COC2CCC1OC2(Br)CCCc1cccnc1,-5.1,2.431763606172062,3_1533
CCCCCCCCCN(CCCC[CH]C(=O)N=C1C=C(Cc2c[nH]c(C=NC(=S)NC3=CCC(C)(C)C=C3)c2)S1)C(=O)OCc1ccccc1,-5.8,2.7458007343835455,3_1534
Cc1ccoc1C(=O)N1CC[C@@]2(CCCN(CCC3CCCCC3)C2)C1,-6.4,3.3107191069962165,3_1535
COC(=O)N1CCCC(C)(Cc2ccccc2O)C1,-5.8,3.585578596659275,3_1536
NC(=O)c1ccccc1-c1cccc(C(=O)NCCCCN2CCOCC2)c1,-6.5,3.6440261490319195,3_1537
O=C(COC(=O)Cc1ccccc1[N+](=O)[O-])NC(=O)NC1CCCC1,-6.4,3.351579355289484,3_1538
COC=C1C=CC(c2ccc3ncc4c(c3n2)n(C2CCN(Cc3cccnc3)CC2)c(=O)n4C)=C1,-7.1,3.4185792469075778,3_1539
O=C(O)CCC(NC(=O)CCc1ccc(C(F)(F)F)cc1)C(=O)N1CCC(C(=O)Nc2ccncc2)CC1,-6.9,3.432333276045555,3_1540
COc1ccc(C(Nc2ccnc3cc(Cl)ccc23)c2ccc3cccnc3c2O)cc1,-8.1,3.488525720310915,3_1541
COc1cccc(C(=O)Nc2ccccc2NC(=O)c2ccccc2OC)c1,-7.4,3.7221026863850684,3_1542
CCCCCc1cc(O)c(C(=O)c2cc(OC)c(CCN(C)C)o2)c(O)c1,-5.7,3.545310017035316,3_1543
O=C(NCCCN1CCN(c2cccc(Cl)c2Cl)CC1)c1sc2ccccc2c1Cl,-6.6,3.641015341579565,3_1544
O=C(Nc1ccc2c(c1)OCCO2)Nc1ncc([N+](=O)[O-])s1,-6.8,3.460203081491192,3_1545
COc1cc(OC)c(OC)cc1/C=C1\CCCN=C1c1cccnc1,-6.6,3.7444707217289093,3_1546
O=C(Nc1cc(C(F)(F)F)cc(C(F)(F)F)c1)c1ccccc1Sc1ccc([N+](=O)[O-])cc1,-8.1,3.4339468703994296,3_1547
Cc1ccccc1[C@H](CC(=O)O)NC(=O)CCCOc1ccc(F)cc1,-6.0,3.6339682346659563,3_1548
CC(=O)Nc1[nH]c(=O)[nH]c(=O)c1N(CCF)C(C)(C)C,-4.7,3.4093670310968323,3_1549
Cc1nc(C)c(-c2ccnc(Nc3ccc(C#N)nc3)n2)o1,-6.6,3.7041186554083816,3_1550
O=C(Nc1ccc(N2CCOCC2)cc1)C1CCCN1c1ncccn1,-6.8,3.681251958349325,3_1551
CC(=O)N[C@H](c1cc(C(O)=NO)cc(C(F)(F)F)c1)c1ccccc1C(F)(F)F,-6.9,3.1875285935421083,3_1552
COc1cccc(C(=O)N2CCN3C(c4cccc(F)c4F)CS(=O)(=O)C3C2)c1,-7.4,3.6279005142975627,3_1553
CC(C)N(C(=O)[CH]C1C[C@@H]2CC[C@H]1O2)C1CCOCC1,-5.6,3.2106010174440107,3_1554
COc1ccccc1/C=N/Nc1ccnc2cc(Cl)ccc12,-6.9,3.652663482005118,3_1555
COc1ccc(C(C)=O)cc1COC(=O)c1cc([N+](=O)[O-])ccc1N1CCOCC1,-6.6,3.3290451620490784,3_1556
CN(CC(CCN1CCC2NS(=O)(=O)c3ccccc3C2C1)c1ccccc1)S(=O)(=O)c1ccccc1,-8.5,3.5892224355317888,3_1557
C=CC(=CC=COC)[C@]1(O)CC[C@](O)(c2ccc(Cl)cc2)C(C(=O)Nc2ccc(F)cc2)C1,-7.0,3.50438576604164,3_1558
CC(C)=CCC/C(C)=C/CC/C(C)=C/CC/C=C(\C)[C@@H](O)[C@@H](O)C[C@H](C)Cc1ccc(O)cc1C,-5.2,3.0052730731290414,3_1559
C[C@@H](CNc1cccc(-c2ncc(F)c(C#N)n2)c1)Cn1ccc2ccccc21,-7.0,3.7083130029840707,3_1560
C=CC=C1N=CC(C(C)=CC=O)=c2ccc([nH]2)=C(c2ccccc2)c2ccc([nH]2)C(c2ccccc2)=c2ccc([nH]2)=C1c1ccccc1,-9.2,1.4594628851160611,3_1561
CCOC(=O)c1nn(-c2ccc(Cl)cc2)cc1C(=O)NN,-6.5,3.3448642195705967,3_1562
CN(C)C=NC=C(C=N)S(=O)(=O)NC1CCN(C(Cc2cc3ccnc(N)c3cc2C(F)(F)F)C(=O)O)C1=O,-6.9,2.993857988079197,3_1563
COCCOc1cc(C(N)=O)cc2c(N3CCCNCC3)c(F)cn2c1=O,-6.1,2.569910883459738,3_1564
CCN(CC)C1CCC(C(=O)Nc2ccc(-c3ccc(NC(=O)Nc4ccc(F)cc4)cc3)cc2)CC1,-5.0,3.4458481168553887,3_1565
CC(C)CC(N)C(=O)Nc1ccc2cc(NC(=O)C(F)(F)F)ccc2n1,-6.3,3.6320856610063488,3_1566
CC(C)C(=O)Nc1ncc([N+](=O)[O-])s1,-4.9,2.20368737304453,3_1567
O=C(Cc1cccs1)N1CCC(S(=O)(=O)c2ccccc2)C1,-6.3,3.7479357055444122,3_1568
OC(O)=c1cc(O)[nH]c1=C(O)O,-5.0,1.752494409911849,3_1569
CC1COCOc2sc(NC(=O)c3ccccc3Cl)c(CN)c2C1,-6.0,1.8796936685047334,3_1570
NC(=O)c1[nH]c(-c2ccccc2)nc1NC(=O)c1ccc2ncsc2c1,-7.4,3.5989922689083382,3_1571
CCCN(C)C(=O)Nc1ccc2c(c1)C(=O)N([C@@H](C)CO)C[C@H](C)[C@@H](CN(C)C(=O)NC(C)C)O2,-6.0,1.587875673025021,3_1572
Cn1nccc1C1CC2CCC(C1)N2S(=O)(=O)c1ccc(Cl)cc1,-7.1,3.622433770106613,3_1573
COc1cc(C#N)ccc1OCC(=O)O,-4.8,3.5437657003367677,3_1574
CCOc1ccccc1N1CCN(Cc2cn(Cc3ccccc3)nn2)CC1,-6.9,3.6794102191124027,3_1575
NS(=O)(=O)c1cccnc1N1CCN(S(=O)(=O)c2ccccc2)C1,-7.4,3.6053472059131257,3_1576
CNCc1cccc(CC(C(=O)N(C)C)N(C)C(=O)/C=C/c2ccc(OC(F)(F)F)c(OC)c2)c1,-5.9,3.6188675127015175,3_1577
COc1ccc2c(=O)c(Cc3c(NC(C)=O)cnc4c(C)cccc34)c(O)oc2c1,-7.3,3.663330858594934,3_1578
C[C@@H](Oc1ccc(-c2nc3ccccc3[nH]2)cc1F)c1ccccc1,-7.2,3.5922751194555236,3_1579
C/C(=N/NC(N)=S)c1ccc2c(c1)OCO2,-5.2,3.281477631944484,3_1580
CC1C=C2C=CC(n3ccc(OC[C@H]4C[C@@H]4c4ccc5ccccc5n4)n3)C=C2C1,-7.3,3.440393799434154,3_1581
CNC(=O)c1ccc(NC(=S)NCCc2ccccc2)cc1,-5.0,3.5476313275405125,3_1582
C=CCNCCOc1ccc(Oc2ccccc2)cc1,-5.6,3.5169214615360445,3_1583
CCCNC(=O)COC(=O)c1ccc(I)cn1,-4.6,3.5228916187967605,3_1584
Cc1ccc2cc(C(=O)NCCCN3CCCCC3C)ccc2n1,-6.2,3.66952791901768,3_1585
NS(=O)(=O)c1ccc(CCNC(=O)c2[nH]c(=O)[nH]c2O)cc1,-6.6,3.2035442585807132,3_1586
Cn1c(Nc2c(Cl)ccc(CNC(=O)C(C)(C)F)c2Cl)nc2cc(C(=O)N[C@H]3CC[C@H](C(F)(F)F)CC3)c(N3CCS(=O)(=O)CC3)cc21,-6.9,3.0388357317835943,3_1587
COC1=NC(NC(=O)NS(=O)(=O)c2cc(NC(=O)C3CC3)ccc2Br)COC=C1,-6.2,2.3281124627180816,3_1588
CCc1ccccc1,-3.9,2.742312868363179,3_1589
COc1ccc(-c2c3c(nc4sc(C(N)=O)c(N)c24)CCC(C)CC3)cc1C(F)(F)F,-6.9,2.6587575572142543,3_1590
CCCCC[C@@H]1/C=C\C2C(C/C=C\CCCC(=O)O1)C(=O)C[C@H]2O,-6.0,1.1130949562387,3_1591
CC(=O)c1c(Nc2ccc(O)cc2Cl)[nH]c2c(Cl)ccc(F)c2c1=O,-7.3,3.557061458015112,3_1592
OC(CN(Cc1cccc(-c2cccs2)c1)c1cccc(Oc2ccccc2)c1)C(F)(F)F,-7.1,3.5252372199530084,3_1593
CCNc1nc(-c2ccccc2Cl)c2c(n1)N(c1c(Cl)cccc1Cl)C(=O)NC2,-6.6,3.6918889452022965,3_1594
CC(C)c1nc2c(OCc3ccc(F)cc3F)cccn2c1N(C)C(=O)c1cccnc1,-7.2,3.6633793390101523,3_1595
CN(CCCO)CC(O)CN1C(=O)/C(=C/C(=O)Nc2ccc3ncccc3c2)c2ccccc21,-6.0,3.4941670598211205,3_1596
NC(=O)NC#Cc1cccc(NC(=O)Nc2ccccc2F)c1,-7.4,3.38785001938658,3_1597
Cn1cc(Cc2ccc(S(C)(=O)=O)cc2)cc1C(=O)NCCc1ccccc1,-6.4,3.77552849342458,3_1598
C[N+]12CC3CC1CC3C[C@@H]2c1ccc(Cl)cc1Cl,-5.2,2.757857008975183,3_1599
CC(=O)Oc1c(C2=CC[C@@H](c3ccc(C)cc3)CC2)c(O)c2ccccc2c1O,-7.4,3.472364714992739,3_1600
COC(=O)N=C1C(=O)c2c(OC)ccc(OC)c2C(=O)C1CO,-5.9,3.5551201510391968,3_1601
O=C(NC1(c2c(F)cc3c(=O)c(Cc4ccco4)cn(C4CC4)c3c2F)C=CC1)c1ccnc(N2CCOCC2)c1,-8.3,3.295817481936087,3_1602
O=c1oc2ccc(Cl)cc2c2nc(-c3ccccc3F)nn12,-8.1,3.6141498761802238,3_1603
O=C(OCCCc1ccc(O)c(O)c1)c1cc(O)c(O)c(O)c1,-6.6,3.210975163418164,3_1604
CC(O)C(C)OC(C)(C)C=Nc1cccc(-c2cc(Cl)cc(C#N)c2)c1,-6.8,3.7140893828100827,3_1605
COC(=O)c1c(O)cc(O)c(Cl)c1CCc1nccn1Cc1ccccn1,-6.1,3.6372256789020465,3_1606
CCN(CC)CCCNC(=O)COc1ccc2c3c(c(=O)oc2c1C)CCCC3,-5.7,3.58874504260144,3_1607
Cc1cc(-c2cc(F)cc(F)c2)ccc1OC(c1ccc2c(c1)CCCC2)C(O)CC=C1C=CC(C(=O)O)C1,-7.9,3.388543148439352,3_1608
CN(C)[C@H]1CCc2nc(NC(=O)c3cccc([C@H]4CCCN4C(=O)c4cccc5cccnc45)c3)sc2C1,-7.2,3.516926883291184,3_1609
CCN(CC)c1ccc(/C=C/C(=O)c2ccc(NC(=O)COc3ccc(F)cc3C=O)cc2)cc1,-5.6,3.4352715652631205,3_1610
Cc1ccc(Cc2sc(N/N=C/c3ccccc3)nc2O)cc1,-6.8,3.637827768056125,3_1611
CN(CCS(=O)(=O)c1ccc(Cl)cc1)C(=O)c1cccs1,-6.1,3.7463216743591587,3_1612
O=C(CSc1nc2cc(Cl)ccc2s1)N1CCOCC1,-5.9,3.601401722108081,3_1613
CCn1cc(S(=O)(=O)NC2CCN(c3ncccn3)CC2)cn1,-6.0,3.6234304270349726,3_1614
COc1ccc(CC(=O)Nc2ccccc2C(=O)NCc2ccco2)cc1OC,-6.4,3.7212723755583985,3_1615
CCN(Cc1cc2ccccc2[nH]c1=O)C(=O)N(CC(C)C)CC(C)C,-6.3,3.6882054067148253,3_1616
CN1CCC(n2cc(-c3ccc4c(c3)S(=O)(=O)CCN4C3CC3)cn2)CC12CCC2,-7.2,3.3874553722067757,3_1617
CCOc1c2ccc(C(=O)Nc3ccc4c(c3)OCO4)cc2nn1CC,-6.9,3.7879461740728706,3_1618
CCCCCCCCCCCCNc1nc(=O)n(C2OC(CO)C(O)C2O)c[n+]1[O-],-5.3,2.854845545020078,3_1619
CN(C(=O)NC(=O)c1c(F)cccc1F)c1ccc(Oc2cc(CCCO)cc(C(=O)O)c2)cc1,-7.2,3.553275163055252,3_1620
C=c1ccc2c(O)/c(=C\c3ccccc3C(F)(F)F)c(C(=O)N(C)Cc3ccccc3)[n+]([O-])c2c1,-7.6,3.57311463071836,3_1621
Clc1ccc(Sc2cc3ccccc3[n+](CCCCCC3CCCCC3)c2)cc1Cl,-7.0,3.089960756730557,3_1622
COC=C1C=CC2C(=C1)CNC(=O)C2=CCC=NC(=O)Nc1ccc(C(F)(F)F)cc1C,-7.7,3.376714706450466,3_1623
CN(C)C(=O)COC[C@]12COC[C@H]1CN(CC1C=CC=CC1)C2=N,-5.8,3.349786569933833,3_1624
C=C[C@@H]1C[C@]1(NC(=O)C1C[C@@H]2CN1C(=O)C(C(C)(C)C)NC(=O)OCCCCCc1cc(CCc3ccccc3)ccc12)C(=O)NS(=O)(=O)C1CC1,-7.2,1.3965511891796383,3_1625
O=C(c1cccc(F)c1)N1CC(c2nc(-c3cccc(Cl)c3)no2)C1,-7.4,3.733001617953767,3_1626
CC(=CC=CC#N)C(C=CN1C=CC(CCCO)=CC1)c1ccnc2ccccc12,-6.2,3.5750217124781862,3_1627
CNC(=O)Nc1sc2c(c1C(N)=O)CCc1nn(CCN3CCN(CCn4cccc4)CC3C)cc1-2,-7.4,3.3122770484025477,3_1628
COC1C=CC=C(C(C)=O)CSC(C(=O)Nc2cc3cc(-c4cnn(C)c4)ccc3cn2)=C(C)C1,-7.0,1.5368510105688782,3_1629
Cc1ccccc1-n1ncc(C[S+](C)[O-])c1NC(=O)CC(C=O)Cc1ccccc1,-5.7,3.62370722557141,3_1630
COc1cccc(OCCCN2CCOCC2)c1,-4.9,3.4502342962692474,3_1631
Cn1c(C[S+]([O-])C(c2ccccc2)c2ccccc2F)c(-c2ccccn2)c2ccccc21,-7.1,3.3453986548092693,3_1632
OCCn1c(-c2ccccn2)nc2ccccc21,-6.3,3.6810272494671015,3_1633
c1ccc(Oc2ccc(OCCn3cnc4ccccc43)cc2)cc1,-6.4,3.610406516763602,3_1634
CCN1CCCC1CNC(=O)CNC(=O)c1cccs1,-5.0,2.4221775355208006,3_1635
CN(C)c1nc2cc(CS(C)(=O)=O)ncc2cc1NC(=O)c1ccco1,-6.9,3.687031778583202,3_1636
C[CH]C(=O)N1Cc2ccc(cc2)C(=O)NC(Cc2c[nH]c3ccccc23)C(=O)N[C@H](NC(Cc2c[nH]c3ccccc23)C(=O)NC(Cc2ccccc2)C(N)=O)CCCNC1=O,-7.6,1.1454789257502052,3_1637
Cn1c(=O)n(C)c2cc(COc3ccc4c(c3)OCO4)ccc21,-6.4,3.6996609337115456,3_1638
CCN1Cc2ccccc2CC1CNC1CCc2cc(OC)c(OC)cc2C1,-6.7,3.6044054513503854,3_1639
Cc1ccc(-c2cc(C(F)(F)F)n3nc(C)c(-c4ccccc4)c3n2)cc1,-7.7,3.54490024793605,3_1640
Cc1ccc(-c2cc(C(=O)Nc3cccc(NC(=O)c4ccccc4C)c3)c3ccccc3n2)cc1,-7.8,3.3799501011071067,3_1641
O=C(NS(=O)(=O)c1ccc(Br)c2ccccc12)c1cc(-c2cccnc2)nc2ccccc12,-8.6,3.5764986326613837,3_1642
O=C1/C(=C/c2ccccc2)Cc2cc([N+](=O)[O-])ccc2N1CN1CCOCC1,-7.4,3.490610751015583,3_1643
Cc1[nH]n2c(=O)cc(-c3ccc4[nH]ncc4c3)nc2c1-c1ccccn1,-7.9,3.5574242433997387,3_1644
CC(=O)Nc1cc(C(=O)NN=Cc2cc(Br)ccc2O)n(-c2ccccc2)n1,-7.3,3.5233980529389877,3_1645
CN(C)C(=O)CCNC(=O)N[C@@H](CC(C)(C)N1CCOCC1)c1nc(-c2ccc(Cl)cc2)c[nH]1,-7.5,3.511946484001139,3_1646
Cn1ncc(-c2ccc(CN(C(=O)OCc3ccc(C#N)c(CF)c3)c3ccc4c(c3)OCO4)cc2)n1,-8.4,3.4836424438077165,3_1647
Cc1ccc(NC(=O)c2ccc(CN(C)Cc3ccc(Cl)cc3)cc2)cc1Nc1nccc(-c2cccnc2)n1,-6.2,3.301996652497534,3_1648
CC(C)(C)NC(=S)NCc1ccc(S(N)(=O)=O)cc1,-5.5,3.41234903508434,3_1649
NCc1cc(S(=O)(=O)Nc2ccc(Cl)cc2C23C=CCC2C3)ccc1OCC(=O)O,-7.0,3.4497262906091954,3_1650
O=C(Nc1ccc(-c2cncc(NS(=O)(=O)c3c(F)cccc3F)c2)cc1)Nc1ccc(Cl)c(C(F)(F)F)c1,-7.6,3.291567209481175,3_1651
CC(C)CC1=NNC2SC(=N1)N2Cc1ccc(NC(=O)CCCCCCCCC(=O)Nc2ccc(-c3ccccc3S(C)(=O)=O)cc2F)cc1,-5.5,1.7290702739855925,3_1652
Cc1cccc(-c2cnc(C(=O)CCc3ccc(-c4ccccc4)cc3)o2)n1,-7.0,3.5480787299191476,3_1653
CCN(CC)CC(CN(CC)CC)OC1CC2CCCC(C2)C1,-4.7,3.2079412797068505,3_1654
COC[C@@H](NC(=O)Nc1cc2[nH]nc(OCc3ccccc3)c2cn1)c1ccccc1,-6.8,3.546384580659263,3_1655
N#Cc1c(N2CCC3(C=Cc4ccccc43)CC2)ccn(CCOCCO)c1=O,-6.1,3.6038992689680978,3_1656
CC(C)(C)c1cc(C(=O)N2CCN(c3ccccc3F)CC2)[nH]n1,-6.9,3.7321202715553734,3_1657
C/C(Cc1ccccc1)=N\NC(=O)CNC(=O)c1ccc(Br)o1,-6.6,3.633118417531306,3_1658
O=c1ccn([C@H]2C[C@H](O)[C@@H](CNC(=S)Nc3ccccc3)O2)c(=O)[nH]1,-7.2,3.4114951017656177,3_1659
CCOC(=O)c1c(C)oc2c1c(C=NCC1CCCO1)c(O)c1ccccc12,-6.6,3.656431316279371,3_1660
C[C@H](N)c1nc2cc(Cl)c(Cl)cc2n1C1CCCCC1,-6.2,3.686604534610985,3_1661
Cc1ccc(S(=O)(=O)N2CC(=O)N(C)C(=O)c3ccccc32)cc1,-6.9,2.6700224852314127,3_1663
C/C(=N\NC(=O)C1C[C@H]1c1ccccc1)c1cccc(Cl)c1,-7.3,3.586610297832852,3_1664
Cc1ccccc1-n1nc(C(=O)NC2CCCCC2)c2ccccc2c1=O,-7.6,3.7624958983035164,3_1665
COC(=O)C1C2CC[C@H](C[C@@H]1c1ccc(I)cc1)N2,-5.3,3.4105942048749203,3_1666
Cc1ccc(-c2cc3nc(NCc4cccnc4)cc(C)n3n2)cc1,-7.3,3.736309473268399,3_1668
C=C(C=CC=CC(F)(F)F)n1cc(-c2noc(C3CC3)n2)nn1,-6.1,2.480381970315281,3_1669
Cc1cccc(OCC(=O)Nc2ccc(NC(=O)CCc3ccc(Br)cc3)c(C(=O)c3ccccc3)c2)c1,-7.8,3.36607014854498,3_1670
c1cc2c(cc1CCCN1CCCCC1)OCO2,-5.6,3.3791566389178227,3_1671
NC(=O)C1CCN(c2ncoc2NCC2C=NN(C(F)F)C2)CC1,-6.7,3.316410348152715,3_1672
O=C(Cc1ccc2c(c1)OCO2)N=Nc1c(O)[nH]c2ccc([N+](=O)[O-])cc12,-7.0,3.4079011681828133,3_1673
COC[C@H](C)n1cnnc1-c1cccc(NC(=O)c2cc3ccccc3n2C)n1,-7.3,3.6985616444662894,3_1674
[CH]C(C)(O)c1ccc(C(=O)Nc2cc3c(cc2OC(C)C)CCC3)cc1,-6.9,3.6919086647307937,3_1675
COc1ccc(NC(=O)C(C=NCCCN2CCOCC2)C(=O)/C(C)=C/c2ccc(OCC(=O)O)cc2)cc1,-6.0,3.0717608870245794,3_1676
O=C(CSC1=CN(CCNC(=O)c2ccccc2)c2ccccc2C1)ONc1ccc(Cl)cc1,-5.8,3.553857945871301,3_1677
C[C@H](N=c1cc(NC2CC2)n2ncc(=Cc3[nH]c(=O)[nH]c3O)c2n1)c1ccccc1,-7.3,3.423355491330476,3_1678
CCCCCCCCCCC(N)(CO)CO,-4.2,1.7925287442497986,3_1679
NC(=O)Cc1csc(CCNC(=O)c2occc2Cl)n1,-5.7,2.4745230069805135,3_1680
O=C(NCc1ccc(Cl)nc1)C1(c2ccc3c(c2)OC(F)(F)O3)CC12CCN(Cc1cccs1)C2,-7.9,3.433247598896536,3_1681
COc1ccc(-c2cn([C@H]3O[C@H](CO)[C@@H](O)[C@H](O)[C@@H]3O)nn2)cc1,-7.1,3.2420778277936506,3_1682
COc1cc(C=CC(=O)OCC(=O)NC(=O)NC2CCCC2)ccc1O,-6.0,3.418566091986211,3_1683
Cc1nc2sccn2c1CNC1CCCCC1=O,-6.0,3.6830286230091853,3_1684
CC(=O)N1CCN(C(=O)c2cc3c(Cl)cccc3[nH]2)C(C)C1,-6.3,3.654913043002784,3_1685
O=C(O)C1CNC[C@H](CCN/N=C/c2ccc(-c3ccccc3OC(F)(F)F)o2)C1,-6.9,3.420575095315253,3_1686
Oc1cc(CCc2ccncc2)cc(O)c1CN1CCCC1,-6.1,3.7106527945305077,3_1687
CC(C)[C@]1(C(=O)NCc2cc(C(F)(F)F)cc(C(F)(F)F)c2)CC[C@@H](N2CCC(c3ccc(O)cc3)CC2)C1,-7.8,3.3356167660933944,3_1688
CCCOc1ccc(NC(=O)C2CCCN(C(=O)N(C)C)C2)cc1,-6.4,3.6745646331809176,3_1689
COc1ccc(-c2cccc(NC(=O)CN3CCSCC3)c2)cc1,-7.0,3.778188610012865,3_1690
CCc1cccc(CC)c1NC(=O)c1cccn1C[C]1C(=O)Nc2cc(F)c(F)cc21,-7.1,3.694443828347067,3_1691
Cc1cc(NS(=O)(=O)c2ccc(NC(=O)c3ccc(-n4c(O)ccc4O)cc3)cc2)nc(C)n1,-8.0,3.3357781488172096,3_1692
CN1CCc2nc(NC(=O)c3cccc(CNC(=O)c4ccc(-c5cccnc5)s4)c3)sc2C1,-7.2,3.6064034755963923,3_1693
Cc1ccccc1S(=O)(=O)N1Cc2ccccc2CC1C(=O)Nc1ccc(C(=O)O)cc1,-8.3,3.725767251861181,3_1694
CC(C)c1cc(Oc2ccc(NC(=O)Nc3ccc(F)cc3)cc2Cl)c(C(=O)Nc2nnns2)s1,-8.0,3.3123600077874125,3_1695
Cc1ccc(-c2cc3ccc(O)cc3oc2=O)cc1,-7.1,3.546762948051197,3_1696
CC(CCCC(=O)NC(C)(C)c1cc(C(=O)O)sc1S(=O)(=O)c1ccccc1)c1cccc(S(=O)(=O)O)cc(O)c(O)cc1,-7.3,0.749593112639781,3_1697
O=C(O)c1ccc(Br)c(S(=O)(=O)N(Cc2ccc(OCc3cccc(C(F)(F)F)c3)cc2)C2CC2)c1,-6.5,3.5659466105248416,3_1698
CCOC(=O)c1cnc2c(OC)cccc2c1N1CCN(c2ccc(F)cc2)CC1,-6.3,3.6772573091447227,3_1699
CCN1CCC2(CC1)CC(CC(=O)N1CCOCC1)(C(N)=O)C(c1ccc(C(C)(C)C)cc1)O2,-7.0,3.4053293701672587,3_1700
O=C(Nc1ccccc1)N1Cc2c(-c3ccc(Cl)cc3)ncn2-c2ccccc21,-7.8,3.6058582208787255,3_1701
O=C(Nc1ccc(F)c(F)c1)Nc1cnc(-c2ccccc2)s1,-7.0,3.7178186962547235,3_1702
O=C1SC(=Cc2ccc(O)c(O)c2)C(=O)N1c1cccc(C(F)(F)F)c1,-7.5,3.568234109198702,3_1703
CC(C)(CNC(=O)c1ccccc1)NC(=O)c1cc(Br)c(F)[nH]1,-6.6,3.6190965739615555,3_1704
CCOC(=O)c1ncn2c1CN=C(c1ccc(Br)cc1)c1cc(Cl)ccc1-2,-6.6,2.6745901189190437,3_1705
CCCOc1ccccc1CNCCNC(=O)c1ccccc1F,-5.9,3.6209327917391905,3_1706
O=C(O)CC1CCC(c2ccc(-c3ccc4nc(C(=O)NCc5cccc(OC6CCCC6)c5)cn4c3)cc2)CC1,-6.8,3.2792839455314393,3_1707
CCC(NC(=O)C(=O)Nc1c(F)cccc1F)C(=O)N1CCSCC1,-6.1,3.559413648803356,3_1708
O=C1CC(=O)C(C(=O)O)C1,-4.4,1.915561799316797,3_1709
Cc1ccc(CNC(=O)C2CC(c3ccc(NC(=O)c4cccc5ccccc45)cn3)N(C)C2)cc1,-8.0,3.5913055512166894,3_1710
C[C@H](Nc1ncc(F)c(N2C(=O)OC[C@@H]2[C@@H](C)O)n1)c1ccc(Cl)c(F)c1,-7.1,3.695276253846099,3_1711
O=C(CSc1nnc(-c2c[nH]c3ccccc23)o1)Nc1ccc(C(=O)N2CCC2)cc1,-7.4,3.56454707877663,3_1712
Cc1ccc(Cc2cc(=O)n(N)c(-c3cc4ccc(OCC(C)C)cc4[nH]3)n2)cc1,-7.8,3.625579989247499,3_1713
CN(C)CCN(C(=O)c1ccc(C(=O)c2ccccc2)cc1)c1ncc(C(F)(F)F)cc1Cl,-7.3,3.6247922208042658,3_1714
COc1ccc(-c2[nH]nc(N3CCOCC3)c2-c2ccc(Cl)s2)cc1,-6.6,3.7790213502204155,3_1715
N#CC1=CC=C(n2cc(C(=O)NCCCN3CCN(c4cccc(Cl)c4Cl)CC3)cc2-c2ccccc2)OC=C1,-7.5,2.457131544936234,3_1716
CSc1ncc(-c2ccc(CO[C@@H]3COc4nc([N+](=O)[O-])cn4C3)cc2)cn1,-7.0,3.280553846103799,3_1717
CC(=O)Oc1ccc2cc(C(=O)[CH]c3cc(-c4ccc(Cl)cc4)on3)c(=O)oc2c1C,-6.9,3.296783217098569,3_1718
CCN(CCC(F)F)Cc1cncc(-c2cnc3c(Nc4ccc(-c5cccc(F)c5)cc4)cccn23)c1,-6.7,3.3541876857538337,3_1719
O=S(=O)(c1cccc(O[C@H]2c3ccccc3C[C@@H]2N2CCOCC2)c1)c1nc2ccccc2[nH]1,-7.8,3.5971699256991587,3_1720
C=C1C(=NCCCCCCCNc2ccc([N+](=O)[O-])c3nonc23)c2ccc(Cl)cc2N=CC1C=COC,-6.3,2.0643548820120774,3_1721
COc1cc([C@@H](O)[C@H](C)N)cc(OC)c1OC,-5.3,3.5437651584302925,3_1722
C[N+](C)(CC(=O)NC(=O)N(N)CCCl)OCc1ccccc1,-5.3,3.1503422326925934,3_1723
CC=C1C(=O)C(=O)C(=CC(CC=C(C)C)C(C)C)C1C,-5.2,1.9948696893452844,3_1724
CCc1ccc(-c2[nH]nc3ncc(-c4cccc(O)c4)cc23)cc1,-8.3,3.6183017822732113,3_1725
C[C@@]1(F)CC(F)(F)[C@@](C)(c2cc(NC(=O)c3ccc(Cl)cn3)ccc2F)N=C1N,-7.8,3.65326754388189,3_1726
CC(=O)NC(CO)C(=O)Nc1cccc(C(=O)NCc2ccccc2)c1,-7.0,3.5308572992262137,3_1727
CCC(C)[C@@H](c1nc2ccc(F)cc2cc1-c1ccccc1)N1CCOc2cc(S(=O)(=O)Nc3ncco3)ccc21,-7.4,3.3526167625420853,3_1728
Oc1ccccc1Cc1cccc2ccccc12,-6.6,3.318911761981411,3_1729
COc1cc(/N=C/c2ccc3c(c2)OCO3)cc(OC)c1OC,-6.3,3.6720917592315123,3_1731
CNC(=O)C(F)(CF)NC(=O)C12CC3CC(CC(C3)C1C)C2,-5.5,3.077011731226064,3_1732
CN(C)S(=O)(=O)c1cccc(NC(=O)CCNC(=O)c2ccccc2Cl)c1,-6.4,3.705227430529038,3_1733
Cc1nc2cnccc2n1CC1CCN(CC(C)NC(=O)N=C2C=CCCC2)C(C)C1,-6.9,3.6384948377471784,3_1734
C=Cc1[nH]cnc1NCC1CCc2cn(Cc3ccccc3)nc2C1,-6.8,3.755574976929596,3_1735
CNCC/N=c1\cc2n(-c3ccc(Cl)cc3)c3ccccc3nc-2cc1Nc1ccc(Cl)cc1,-6.8,3.431975583053799,3_1736
COc1ccc(Nc2ncc(C#N)c(N)n2)cc1,-5.4,3.5983438532238408,3_1737
O=C(c1ccc(-c2ccc([N+](=O)[O-])cc2)o1)N1CCN(S(=O)CCOc2ccccc2F)CC1,-6.4,3.527144752991477,3_1738
O=C1CC(C(=O)Nc2ccc(Cl)cc2Cl)NN1,-5.4,3.4055754909516347,3_1739
CC(=O)OC[C]1[C@H](OC(C)=O)[C@H](OC(C)=O)[C@@H]2[C@@H](O)[C@@]13O[C@@]2(C)COC(=O)c1cnccc1C(C)C(C)C(=O)O[C@@H]([C@H](O)[CH]OC(C)C)[C@]3(C)O,-6.7,1.1740941301572105,3_1740
Cc1c(C(=O)N2CCCCC2)sc2[nH]c(N3CCN(CCO)CC3)nc(=O)c12,-7.1,3.5156731711127307,3_1741
CCCCCCCCn1cc(CN(CC)CC)c2cc(-c3ccc(N4CCOCC4)cc3)ccc21,-6.0,3.2241427328352836,3_1742
O=C(Nc1ccc(-n2cnn(C[C@@](O)(Cn3cncn3)c3ccc(F)cc3F)c2=O)cc1)c1ccccc1Cl,-7.2,3.2944367961645113,3_1743
O=C(O)C(=O)Nc1cccc(Cc2ccc[nH]c2=O)c1,-6.4,3.4858643507942357,3_1744
Cc1nccc(NC(=O)c2cccc(CNC(=O)c3csc(-c4cccnc4)n3)c2)c1N=CC1CCCN1C,-7.0,3.376176022046381,3_1745
CNCCN1CCC(Oc2cccc(F)c2)CC1,-5.7,3.539159103110639,3_1746
CCOC(=O)c1nnc2ccccc2c1N1CCN(c2nsc3ccccc23)CC1,-6.7,3.568809116377933,3_1747
COc1ccc(-c2nc(SCC(=O)NCc3ccccc3)c(-c3cccs3)s2)cc1,-6.6,3.5523758655344264,3_1748
Cc1cc(Nc2sc(N)c(-c3nc4ccccc4o3)c2O)nc(C)n1,-7.0,3.520639486595459,3_1749
CN1CCC[C@@H]1Cc1c[nH]c2ccc(C3=CCN(C(=O)C(C)(C)CBr)CC3)cc12,-6.8,3.4865642437648647,3_1750
Cc1ccc(NC(=S)N=C(Cc2ccc(-c3ccc(Cl)cc3Cl)o2)C(=O)N2CCOCC2)cc1,-7.5,3.5976615209055938,3_1751
Cc1cccc2[nH]c(-c3ccc(-c4cccc(C(=O)N5CCN(C)CC5)c4)cc3)nc12,-8.2,3.633558438094548,3_1752
C=CC(=O)Nc1cc(Oc2nc(Nc3ccc(N4CCN(C)CC4)cc3OC)ccc2N2CCCC2)ccc1C(F)(F)F,-7.2,3.266254278166932,3_1753
CC(=O)O[C@H]1CC[C@]2(C)[C@H]3CC=C4[CH]CCC(C)CC[C](C(=O)NC(C=O)Cc5cccc(Br)c5)OCC[C@@]4(C)[C@]3(C)CC[C@H]2C1(C)C,-6.8,0.815437996775918,3_1754
COC(=O)c1c(F)cccc1C=CCC(CN1C(=O)c2cccnc2C1=O)=Nc1ccc(F)cc1F,-8.1,3.4488584126827355,3_1755
Cc1nnc2ccn(C3CCN(Cc4coc(-c5ccc(C#N)cc5)n4)CC3)cc1-2,-7.2,3.5157583529316274,3_1756
O=C(O)C(F)C(F)(F)C(F)(F)C(F)(F)C(F)(F)C(F)(F)C(=O)Nc1ccc2ccc3cccc4ccc1c2c34,-7.9,3.240191083253296,3_1757
Cc1cccnc1N(C(=O)c1cccc(C#N)c1)C1CCN(Cc2ccccc2)CC1,-6.9,3.6888748470924426,3_1758
CC(C)CCCCCOP(=O)(COCCn1cnc2c(N)ncnc21)OCCCCC(C)C,-5.4,3.175475156023056,3_1759
CCC12C(=CC=C1c1cncc(NS(=O)(=O)c3ccc(F)cc3)c1C)N=CC=C2N1CCN2CCCCN21,-7.4,3.343322224860824,3_1760
Fc1ccc(Cc2[nH]nc3cc(OCc4ccc(OC(F)(F)F)cc4)ccc23)cc1Cl,-7.1,3.5353107401569277,3_1761
C[C@@H](OCc1cc(Cl)cc(-c2cc(NC(=O)C3CNC(=O)C3)nn2-c2ccc(F)cc2)c1)C(F)(F)F,-8.4,3.57503157900992,3_1762
CC(C)(C)OC(=O)/C=C/c1ccc2c(c1)[C@H](CO)[C@H](c1ccc(C(=O)O)cc1)O2,-6.8,3.641257628969213,3_1763
COc1ccccc1N1CCN(CCCCCNC(=O)/C=C/c2ccc(C(F)(F)F)cc2)CC1,-5.8,3.5327049723975,3_1764
O=C(Nc1nccs1)c1ncsc1C1COC2(CCN(Cc3cccs3)CC2)C1,-6.7,3.608066813910158,3_1765
Cc1nn(C(=O)Nc2ccc(OCC3CCCCC3)cc2)c(C)c1[N+](=O)[O-],-7.0,3.62355127382473,3_1766
CCc1nc(SCC(=O)c2ccccc2)c2oc3ccccc3c2n1,-7.4,3.48770767940572,3_1767
COc1ccccc1Oc1nccc(OC)c1C#N,-5.2,3.673279269963829,3_1768
CNc1ncc(C=C2C(c3cnn(C)c3)=C3C=C(c4cn[nH]c4)C=CN23)s1,-8.0,3.6122748578084742,3_1769
CC[C@H](C)Cn1c(-c2ccc(F)cc2F)nc2ccc(N3CCN(C)CC3)nc21,-7.2,3.726154038206997,3_1770
CCn1c2ccncc2c2cc(C(=O)N(C)C)ccc21,-6.2,3.6337002051593514,3_1771
Cc1ccc(S(=O)(=O)NCCN2C(=O)S/C(=C\c3ccccc3Cl)C2=O)cc1,-7.1,3.715674685691981,3_1772
Cn1cncc1C(=O)NC[C@@H]1COCCN1C1CCCCC1,-6.2,3.5224914536152196,3_1773
O=C(OCc1ccccc1)c1cc(-c2ccccn2)nc2cc(-c3ccccc3)nn12,-8.1,3.4862055485410766,3_1774
O=C(OCC(=O)c1c[nH]c2ccccc12)c1ccc([N+](=O)[O-])cc1,-7.0,3.4708215613190947,3_1775
COc1ccc(-n2nc(C)c3c(C)c(CC(=O)NCCN4CCOCC4)cn32)cc1,-6.8,3.6869563042331808,3_1776
CC=CC=CCC(C=C1C=NC(Oc2ccc(S(=O)(=O)NC(=O)CNCCc3ccc(Cl)cc3Cl)cc2)=C1)=NCc1cc(C(=O)N(C)Cc2ccncc2)ccc1OC,-5.4,2.4530615505569786,3_1777
NC(=O)c1cccc(COc2ccc(Cl)cc2Cl)c1,-5.9,3.6735501559708332,3_1778
CN(CCN1CCOCC1)c1c(CC2=CC=CCC=C2)c(=O)n(C)c(=O)n1C,-6.9,2.52076595771244,3_1779
CS(=O)(=O)/C=C/CN1CC2C(C(=O)Nc3ccc(C(F)(F)F)cc3)C3C=CC2(C1)O3,-6.4,3.432082980960265,3_1780
COc1cc(NS(=O)(=O)c2ccc(Cl)cc2Cl)ccc1-n1cnc(Cl)c1,-6.5,3.7181702801718846,3_1781
CCOP(=O)(CCCn1cc(CNc2nc(N)nc(N)c2C)nn1)OCC,-5.8,3.1573573243065924,3_1782
COc1ccccc1C(=O)Nc1ccc(S(=O)(=O)Nc2nccs2)cc1,-6.5,3.677375976155466,3_1783
O=C(NS(=O)(=O)c1cccs1)c1ccc(Cl)c(NS(=O)(=O)c2ccc3c(c2)OCCN[N+]3)c1,-8.3,2.4034546700819805,3_1784
O=C1C(CCC(O)=NO)=CCN1CCCCc1ccccc1,-5.7,3.194343322660079,3_1785
COc1cc(N2CCNCC2)ccc1-c1nc(=O)c2c(C3CCCCC3)nsc2[nH]1,-7.4,3.624114206314631,3_1786
C[C@H](CO)N1C[C@H](C)[C@H](CN(C)C(=O)Nc2ccc(C(F)(F)F)cc2)OCCCC[C@H](C)Oc2ccc(NS(=O)(=O)c3ccc(Cl)cc3)cc2C1=O,-7.8,1.7280890411629333,3_1787
CC1OC(c2ccc(NC(=O)c3ccccc3)cc2)CC1c1ccccc1,-7.8,3.5853443795269118,3_1788
O=C(/N=C/C=C/c1ccccc1)Nc1ncccn1,-5.8,3.6461466917268694,3_1789
CCCn1c(=O)n(CC)c(=O)c2c1nc(-c1cc(OC)c(O)c(OC)c1)n2CC,-6.5,3.625814396698704,3_1790
CC(C)Cn1c(CO)cnc1S(=O)(=O)c1cccc(Cl)c1Cl,-5.3,3.746903921917439,3_1791
C[C@@H](NS(C)(=O)=O)c1nc(-c2ccc(F)c(O)c2)no1,-6.0,3.595380826872394,3_1792
COc1ccc(Cl)cc1Cn1ncc2c1-c1cc(C)ccc1OC2,-6.9,3.707319520383934,3_1793
COCCC(C)(F)CCC[C@](C)(O)[C@H]1CC[C@H]2[C@@H]3C[C@H](O)[C@H]4C[C@@H](O)CC[C@]4(C)[C@H]3CC[C@@]21C,-6.4,3.015416151464879,3_1794
CC(C)(COC(F)(F)F)c1cc(-c2cccc(C(F)(F)F)c2)nc(N2C[C@H]3CCCN[C@H]3C2)n1,-8.9,3.5478254880548876,3_1795
CC=CC(F)c1ccc2c(c1)c(CC(N)=O)cn2Cc1ccccc1OC(F)F,-6.5,3.6826435702197555,3_1796
COc1cc(/C=C/C(=O)OC[C@H](C)CN(C)CCCCCOC(=O)c2cc(OC)c(OC)c(OC)c2)cc(OC)c1OC,-5.3,2.98690881817445,3_1797
Cc1ccc(NS(=O)(=O)c2ccc3oc(=O)ccc3c2)cc1,-6.8,3.7207869386247796,3_1798
COC=CC=C(C)C=C1C(=O)N(Cc2cc(F)cc(F)c2)c2ccc(C(=O)O)cc21,-7.4,3.558866218289424,3_1799
O=C1Nc2ccccc2/C1=C/c1cccc(OCc2cccc([N+](=O)[O-])c2)c1,-7.7,3.576300551760312,3_1800
O=C1c2ccccc2NC(c2cc(O)c(O)c(O)c2)N1c1ccc(O)cc1,-7.2,3.366813583351108,3_1801
CC=CN(C=O)CC(=O)Nc1cc(C#N)ccc1N1CCC(Oc2ccc(F)cc2F)CC1C,-7.1,3.665322672776276,3_1802
CCS(=O)(=O)N1CCN(c2ccc(NC(=O)N3Cc4ccccc4C3)cc2)CC1,-7.1,3.6922408732962713,3_1803
N#CCNC(=O)C(O)c1ccccc1Cl,-4.8,3.441141442680031,3_1804
CC(C)Cc1nc([C@H]2CCOC2)n(-c2ccc(F)cc2F)n1,-6.2,3.711223304843645,3_1805
CCCCCCCCCCCCCCS(=O)(=O)Nc1c[nH]cc(C(=O)O)c1=O,-5.7,3.282252849731301,3_1807
CNC(=O)C(C=NCCn1ccnc1C)C(=O)O,-4.9,2.1914650986827753,3_1808
CO[CH]C1[C@H](O)CC(C)(C)[C@]12CC[C@H](OC(C)=O)[C@@]1(C)[C@H]3CC[C@](C)(O)[C@]3(C)CC[C@@H]12,-6.1,3.1039728581679515,3_1809
CCOc1ccccc1-[n+]1c(C)n(C)c2cc(Br)ccc21,-5.8,3.5412703332070112,3_1810
CC=CN(C=O)CCCCCn1cc(COc2ccccc2)nn1,-5.5,3.5515081123559282,3_1811
O=c1[nH]c(Nc2ccccc2Cl)nc2c1ncn2C1CCC(CO)C1,-7.6,3.6536398478438477,3_1812
O=S(=O)(Nc1ncn(-c2ccccc2)n1)C1CCC1,-6.6,3.6867786312171105,3_1813
COc1cc(OC)cc(C(=O)NNC(=O)c2ccccc2F)c1,-6.1,3.6876197022332433,3_1814
CCCCNCC(O)c1cc(-c2ccc(Cl)cc2)nc(-c2cccc(C(F)(F)F)c2)c1,-7.1,3.5377694957716708,3_1815
COC(=O)CCc1nc2cccnc2n1CCCCOc1ccccc1,-5.8,3.5746794079633806,3_1816
CC1Nc2ccc(NS(C)(=O)=O)cc2C(C)(C)c2ccccc21,-6.5,2.7349662283730614,3_1817
CCCCCOc1ccc2cc3cc(CCCN)ccc3nc2c1,-5.5,3.5467442215438965,3_1818
O=S(=O)(Cc1ccccc1Cl)c1ccccc1,-5.7,3.564765049814948,3_1819
COc1ccc(C=NNC(=O)COc2c(Br)cc(Br)c3cccnc23)cc1O,-6.8,3.583989043511745,3_1820
COc1ccc(-c2csc(Nc3cc(Oc4ccccc4)ncn3)n2)cc1,-6.6,3.6534040031030095,3_1821
Cc1[nH]c(=O)[nH]c(=O)c1S(=O)(=O)N1CCCN(c2nc3cccnc3s2)CC1,-7.4,2.4697460347419353,3_1822
COc1cc(-c2nnc(-c3cc(C4C=CC=COC4)n4ncnc(N)c34)o2)cc(OC)c1OC,-7.5,2.5091205909979974,3_1823
CC(=O)N(C)c1ccc(CC(=O)N(C)[C@H]2CN(C)C(=O)C2CC(=O)Cc2ccccc2)cc1,-7.0,3.6555226928568336,3_1824
CCNC(=O)n1cc(-c2cccc(Cl)c2)c2ncc(-c3ccccc3)cc2c1=O,-7.2,3.6822761958172943,3_1825
NC1CCCc2[nH]c3cc(Cl)c(-c4ccco4)cc3c2C1=NCCCNC(=O)[CH]CCC=O,-6.6,2.4142989094095184,3_1826
C[C](CC[C@@H]1[C]C(=O)C=C[C@H](OC(=O)/C=C/c2ccccc2)[C]2O[C@@H]2C[CH]1)C(=C[CH]OC(C)=O)[C@H](C)[C@H]1CC(C)=C(C)C(=O)O1,-7.0,0.5782226053431252,3_1827
Cc1ccc(C(OC2CCCCN3C4=CC=CCC4N=C23)c2ccc(C)cc2N)cc1,-7.9,2.4654763190715743,3_1828
N#C[C@@H]1CCCN1C(=O)C(N)CCC(=O)N1CCCc2ccccc21,-6.3,3.6107012609799143,3_1829
O=S(=O)(Nc1nc2ccc(-c3cccc(CO)c3)cc2s1)c1ncc2sccc2n1,-8.2,3.417651433969426,3_1830
O=C1N=C(Nc2ccc(Cl)cc2)S/C1=C\c1ccc2c(c1)OCO2,-6.5,3.6005547595201906,3_1831
COc1cccc(CNC(=O)N2CCN(c3cccc(C)c3C)CC2)n1,-6.6,3.795368754621556,3_1832
CC=C1C=CC(CNCCc2oc3ccccc3c2C(=O)c2ccccc2)=C1,-6.9,3.4966892751165637,3_1833
CC(=O)Nc1ccc(C(=O)Nc2ncc([N+](=O)[O-])s2)cc1,-7.0,3.4890791076694194,3_1834
CCc1ccc(NC(=O)Cn2cnc3c(c2=O)CCCC3)cc1,-6.5,3.763312215420282,3_1835
O=[N+]([O-])c1ccc(-c2nc3ccccc3s2)c(Cl)c1,-7.1,3.5660349867931265,3_1836
c1cc(N2CCNCC2)ccc1CCCc1ccc(NCC2CC2)nc1,-5.8,3.566025614497859,3_1837
CSc1cccc(S(=O)(=O)N2CC(N3CCCCC3)C2)c1,-5.9,3.4757076365251316,3_1838
COc1cc(C(=N)N)ccc1OCC(=O)Nc1ccc(C)cc1Cl,-7.1,3.559102689665106,3_1839
CC(=O)Nc1ccc(N(CC(=O)NC2CCCCC2)S(=O)(=O)c2ccc(C)cc2)cc1,-6.6,3.683900568344092,3_1840
CCNC(=O)COC(=O)c1cc(=O)[nH]c2ccccc12,-6.1,3.6250145345036335,3_1841
CCOC(=O)NC(=O)CSc1nc(=O)c2c(C)c(C)sc2[nH]1,-6.3,3.5103061021462727,3_1842
CC(=O)OCC(=O)[C@@]12OC3(CCCC3)O[C@H]1C[C@H]1[C@@H]3CC=C4CC(=O)CC[C@]4(C)[C@H]3CC[C@@]12C,-7.9,3.0026666080926043,3_1843
Cc1nonc1NC(=O)CSc1nnc(-c2ccccc2F)n1C,-6.8,3.579731860179927,3_1844
CC(C)(C)C(=O)N1CC(=O)N(Cc2ncccn2)CC12CCN(c1cnccn1)CC2,-7.1,3.511692703906353,3_1845
CC(N)C(=O)NC[C@H]1O[C@@H](n2cc(Cc3ccc(C4CC4)cc3)c3c(Cl)cccc32)[C@H](O)[C@@H](O)[C@@H]1O,-7.3,3.2348060483922048,3_1846
[CH]OC(=O)C(C)[C@@H](O)[C@@H](C)C[C@@H](O)/C=C\C=C\[C@H](C)[C@H](O)[C@@H](C)[C@@H](C)/C=C/C=C/C=C\[C@H]1OC1C(=O)O[CH]O[CH]COC(C)=O,-5.2,0.29855469952383373,3_1847
CC(=O)NC(Cc1ccc(OP(=O)(O)O)cc1)C(=O)NC1CCCCN(Cc2ccc(-c3ccccc3C#N)cc2)C1=O,-7.2,2.202585383780402,3_1848
CC1(C#N)CN(c2ccc3c(c2)C2(COC(=N)N2)C2(COC2)C2(CCC2)O3)C1,-7.3,3.252164872131443,3_1849
O=C(N[C@@H]1CC[C@@]2(O)[C@H]3Cc4ccc(O)c5c4[C@@]2(CCN3CC2CC2)[C@H]1O5)c1ccncc1,-7.2,3.2981038877337925,3_1850
C=C(C)C=Cc1c(O)ccc2c(O)c3c(O)cc(CO)cc3c(O)c12,-7.2,3.3102589301798737,3_1851
COc1ccc(C2CC(c3ccc(OCc4ccc(F)cc4)cc3)=NN2C(=O)Cc2cccc(Br)c2)cc1,-7.4,3.417878888105217,3_1852
O=C1Nc2ccc(Br)cc2C1=O,-5.2,3.285891565109168,3_1853
CCOC(=O)CC(=NC1(C(=O)c2ccc(OC)c([N+](=O)[O-])c2)CCCCC1)C(=O)N(C)C=O,-6.0,2.9390644068005005,3_1854
O=C(CN1C(=O)c2cc(Cl)c(Cl)cc2C1=O)NCCCCN1CCN(c2ccccc2)CC1,-6.6,3.531344619574308,3_1855
O=C(NCc1cccnc1)C(=O)NCC1OCCN1S(=O)(=O)c1ccc2c(c1)OCCO2,-6.2,3.2843942955589744,3_1856
Nc1noc2ccc(-n3nc(C(F)(F)F)cc3C(=O)Cc3ccc(-c4ccccc4-c4cccnc4)cc3F)cc12,-8.7,3.252406267390281,3_1857
NC[C@@]1(Cc2ccccc2)CC1C(=O)O,-4.6,3.448330787423632,3_1858
CCCCCCCCCCOc1ccc(OCC(=O)COc2ccccc2)cc1,-4.6,3.3260837159428247,3_1859
COc1ccc(/C=N/n2c(-c3cc(OC)c(OC)c(OC)c3)n[nH]c2=S)cc1O,-6.9,3.4655565539203783,3_1860
C[C][C@H]1CC[C@@H](C)[CH]CC[C](C)O[CH]O[C@@H](N(C=CC)O/C=C/c2ccccc2)C1C=O,-6.6,1.1577266946995786,3_1861
CC(C)(CO)C(O)C(=O)NCCC(=O)NCCc1ccccc1,-5.2,3.3634000439681433,3_1862
CN1CCC(c2ccccc2-c2cccc(C(O)c3ccc4c(c3)OCO4)c2)CC1,-7.4,3.6286586497477287,3_1863
CC(C(=O)NC1CCCC1)N1CCC(c2nc3ccccc3o2)CC1,-6.5,3.6780894331799834,3_1864
CCC(NC(=O)c1cc2ccccc2c(=O)[nH]1)C(=O)N1CCCCC1C(=O)OC(CCc1ccc(OC)cc1)CC(C)Cc1ccc(OC)cc1,-6.0,3.0483317142231443,3_1865
NCCOC(N)=O,-3.5,1.523583846971758,3_1866
COC=C1C=CC(C(=O)N=NC(=O)COc2ccc3c(-c4cccnc4)cc(=O)oc3c2)C1,-6.7,3.451509790829496,3_1867
Cc1ccccc1CC(=O)NNC(=O)CC(C)(C)CC(=O)O,-5.4,3.481305151603947,3_1868
NS(=O)(=O)c1ccccc1-c1ccc(NC(=O)C(C(=O)Nc2ccc(C(=O)O)cc2)n2cccc2)cc1,-7.8,3.1729578059756105,3_1869
CCOc1c(NC(=O)CCc2nc3ccccc3n2CC(=O)NCc2ccccc2)cc2cc1-c1ccccc1O2,-8.4,3.301650592474229,3_1870
CC(=O)OC(=O)/C(=C\C(=O)O)COC(=O)c1ccc(Cl)cc1,-5.6,3.4447988965945493,3_1871
CCN(C)C(=O)COc1cccc(CN2CCN(C/C=C/c3ccccc3)CC2)c1,-6.0,3.629482226658939,3_1872
O=C(Nc1cc(-c2ccccc2)no1)C1CCCN(C(=O)N2CCCC2)C1,-7.4,3.672059792298997,3_1873
O=C(/C=C/c1ccccc1Cl)c1ccc(N2CCOCC2)cc1,-6.2,3.561580926372084,3_1874
O=C(O)C1=NC(=O)C(Cc2ccc3c(c2)c2ccccc2n3Cc2ccccc2Br)C1=S,-7.8,3.6131425534840353,3_1875
COc1ccc(S(=O)(=O)N2CCN=C2c2ccccc2)cc1OC,-5.9,3.7337052208268906,3_1876
COc1ccc(NC(=O)Cc2nc(COC(=O)/C=C/c3ccc(C)s3)cs2)cc1,-5.5,3.6024334567934355,3_1877
COc1ccc(-c2ccc(NC(=O)Nc3cccc(Br)c3)cc2)cc1CN1CCN(C)CC1,-6.9,3.6648572372618697,3_1878
C[C@@H]1[C@H](c2ccccc2)OCCS(=O)(=O)N1Cc1ccccc1,-7.1,2.7271801183774924,3_1879
CC(C)n1c(=O)ccc2cnc(Nc3ccc(NC(=O)CCCCN(C)C)cc3)nc21,-6.2,3.5649383945306963,3_1880
Cc1nonc1C1CCCN1CCCOc1ccc(F)cc1,-5.9,3.6551738748033884,3_1881
COc1ccc([C@@H]2C(Oc3ccccc3)C(=O)N2c2cc(OC)c(OC)cc2Cl)cc1OC,-7.5,3.6024253211573183,3_1882
O=C(c1cc(Cl)ccc1O)N1CCN(Cc2ccccc2)CC1,-6.7,3.744143669727552,3_1883
CCN(Cc1ccc(Cl)s1)C(=O)NCCCn1ccc2ccccc21,-5.8,3.6890605177495943,3_1884
O=C(Cc1cccc2ccccc12)NC1CCCCCCC1,-6.4,1.6101976403172271,3_1885
C[C@H](Cl)Nc1ccc(S(=O)(=O)Nc2nccs2)c(F)c1,-6.2,3.5593967294781415,3_1886
N#CC(=Cc1c[nH]c2ccccc12)c1nc2ccccc2[nH]1,-6.7,3.5223761363975665,3_1887
COc1ccc(CC2C=C(C(=O)O)ON=C2c2ccc([N+](=O)[O-])cc2)cc1OC,-7.3,3.5835284776689718,3_1888
CC(C)Cn1c(=O)c2sccc2n2c(=O)n(Cc3ccccc3)nc12,-6.8,3.6618208771553635,3_1889
CC=CC1c2cc(O)ccc2CC2C(O)C1CCN2C1CCC1,-6.2,2.3062425427688025,3_1890
CNN=C(C(=CC=O)c1cccnc1F)c1ccc(-c2cc3ncn(C)c(=O)c3c(N[C@@H]3CCOC3)n2)cc1,-7.4,2.961759483382379,3_1891
NC[C@@H]1CCN(c2cc(N)nc(NC3CCCC3)c2)C1,-6.8,3.4348111510897392,3_1892
Cc1ccc2nc(-c3cccs3)n(-c3ccc(-c4nnc(CO)o4)cc3)c2c1,-7.2,3.591565968004299,3_1893
Cc1ccc(C2=NN(c3nc(-c4cccc(Cl)c4Cl)ns3)C(=O)CC2)cc1,-7.3,3.6786778080158866,3_1894
C[S+]([O-])c1c(-c2ccc(-c3ccc(Cl)cc3)cc2)nn2c1NC(N)=C=C2N,-8.2,3.511529392659446,3_1895
OC1CCN(c2nc3ccsc3n3cccc23)CC1,-7.1,3.6387578250792414,3_1896
O=C1S/C(=C\c2coc3ccc(Br)cc3c2=O)C(=O)N1Cc1ccc(F)cc1,-7.2,3.638291197980121,3_1897
NC(=O)N1CCC[C@H](NS(=O)(=O)c2ccccc2)C1,-6.2,3.5031466754567635,3_1898
CC(C)[C@H]1COC(=O)N1c1ccnc(N[C@@H](C)c2ccc(CN3CCC(O)CC3)cc2)n1,-6.3,3.5600089012508924,3_1899
COC=CC(=O)C(=O)CO/N=C1/Cc2ccccc2S(=O)(=O)C(c2ccco2)C1,-6.0,2.3420930585259105,3_1900
O=C(O)C1C2C=CC(CO2)[C@@H]1Nc1ncnc2sc3c(c12)CCCC3,-6.7,3.375797287345983,3_1901
CO[C@]1(C)C[C@@H](C)/C(=N\OC/C=C/c2cncc(O)c2)[C@H](C)[C@@H]2OC(=O)O[C@]2(C)CC[CH]OC(=O)C(C)C(=O)C(C)[C@H]1O[C@@H]1O[C@H](C)C[C@H](N(C)C)[C@H]1O,-7.3,1.0841256092030203,3_1902
Cn1c(=O)c2ccc(C(=O)NCc3cccs3)cc2n(Cc2ccc(Cl)cc2)c1=O,-7.4,3.7144760446739737,3_1903
O=C(NC1CC1)C1CCCN(C2CCN(c3ccc(C(F)(F)F)cn3)CC2)C1,-7.2,3.4627922200013384,3_1904
O=C(NCc1nnc(NC(=O)c2ccc(Br)o2)o1)c1ccc(C(F)(F)F)cc1,-7.3,3.6240072134333747,3_1905
O=S(=O)(Nc1ncns1)c1cc(F)c(Oc2ccc(Cl)cc2C2=CN3CC3=CC2)cc1F,-7.2,3.4914170490634726,3_1906
CC1CCCC(C)N1C(=O)Cn1cc(NC(=O)C(C)(C)C)cn1,-5.6,3.6283843834115688,3_1907
O=C(c1cnccn1)N1C[C@@H](Oc2cccnc2)[C@H]2OCCC[C@H]21,-7.4,3.5969285552103663,3_1908
O=S(=O)(Oc1ccc(Cl)c2cccnc12)c1ccccc1,-7.2,3.682076423807813,3_1909
COc1ccc(S(=O)(=O)N(C)c2ccc3[nH]c(-c4[nH]nc5ccccc45)cc3n2)cc1,-7.8,3.5371409887543797,3_1910
CC=CC=C(N=CC=NCC(=O)C(C)=CC=C(F)C=NS(=O)(=O)CCC)c1cccc(C(=O)N2CCN(C)CC2)c1,-5.8,3.1487976505405264,3_1911
COC(=O)C1CN(Cc2ccc(C#N)cc2)C[C@@H]1c1ccncc1,-6.4,3.687032178415712,3_1912
Cc1cc(C)c2cccc(OCC=C(Cl)C=CC(=CCl)S(=O)(=O)NC(C)(C)C(=O)N3CCN(C(=O)CCC(=S)NCC(=O)O)CC3)c2n1,-6.5,3.0105998682642525,3_1913
CN1C(=O)CNC(=O)c2c1nc(CN1CCN(Cc3ccncc3)CC1)n2Cc1ccccc1,-7.5,2.624655597612924,3_1914
CN(C)C=CCBr,-3.0,1.5565041152984573,3_1915
NC(=S)N/N=C\C1CNc2ccccc21,-5.3,3.208197336852246,3_1916
Cc1cc(C)cc(-n2c(N)nc3cc(C#CC(C)(C)O)ccc32)c1,-7.3,3.6117786928827824,3_1917
N=C(N)NCCC1[CH]NC(=O)CNC(=O)C(CC(=O)O)CCCCCCCCCCCNC1=O,-8.0,1.5121573570025624,3_1918
COc1cc(-c2cn(CC(=O)Nc3cc(C(=O)O)cc(C(=O)O)c3)nn2)cc(OC)c1OC,-7.0,3.311951759425038,3_1919
O=[N+]([O-])c1c(I)cc(Br)cc1N[C@H](c1ccccc1)[C@@H]1CCNC1,-6.5,3.5213936480522112,3_1920
COc1ccc(CN2CCCN(Cc3ccc(OCc4ccc(C(=O)O)cc4)cc3C(=O)O)CC2)cc1,-6.4,2.599354174563773,3_1921
O=C(CC(O)C(=O)N(CCc1ccccc1)c1ccc(Cl)cc1)c1ccc(Cl)cc1,-7.0,3.6357811120960446,3_1922
C/C1=C/CC[C@@]2(C)O[C@H]2[C@H]2OC(=O)C(CN3CCC(F)(F)CC3)[C@@H]2CC1,-7.1,0.8398281644504628,3_1923
C=C1C(C(=O)O)[C@H](COC2CCCCC2)CNC1C1(C)C=NNCC1,-6.9,3.1922294317161137,3_1924
CCN(CCCC(=O)c1cc(S(=O)(=O)N2CCCC2)ccc1Cl)C1CCC1,-5.8,3.4085333642681492,3_1925
CC(C(=O)NC1CCCCC1)N(c1ccccc1Cl)S(C)(=O)=O,-5.6,3.6656158883051932,3_1926
COc1cc([C@@H]2c3cc4c(cc3[C@H](OC(=O)CC(C)C3(C)C=COC3)[C@H]3COC(=O)C23)OCO4)cc(OC)c1OC,-7.2,3.0121727678347687,3_1927
O=C(Nc1ccc(Cl)cc1)C1CCCN1C(=O)c1cc(Cl)c(O)cc1O,-7.3,3.6765526560102337,3_1928
O=C1OC(CO)(COC(=O)C2CCCC3OCCC32)C/C1=C/c1ccc([N+](=O)[O-])cc1,-7.0,3.0420835145673273,3_1929
COc1ccc(CNC(=O)C2CCN(S(=O)(=O)c3ccc4c(c3)N(C(C)=O)CCO4)CC2)cc1,-7.9,3.605577771635935,3_1930
c1ccc(CN2CCCN(Cc3c[nH]c4ccccc34)CC2)cc1,-6.9,2.6386219567530693,3_1931
CC(C)(C)NC(=O)C(c1cccnc1)N(C(=O)c1ccco1)c1ccc(-c2c(F)cccc2C(F)(F)F)o1,-7.3,3.520032548585612,3_1932
Cc1ccc(Nc2ccc(CN3CCOCC3)cc2C(N)=O)cc1-n1c(Cc2ccccc2NS(C)(=O)=O)nnc1-c1ccc(C#N)cc1,-7.1,2.9198665738564995,3_1933
COc1ccc(C(=O)N[C@@H](CC(=O)O)c2ccccc2C)nc1-c1csc(-c2cccnc2)n1,-7.0,3.543541139136554,3_1934
COc1ccc(C(=O)N(C)CC(=O)NC2CCCCC2=O)cc1OC,-5.8,3.6789772759044173,3_1935
O=C(Nc1ccc(N2CCOCC2)cc1)c1[nH]ncc1-c1ccccn1,-7.2,3.760622082748589,3_1936
CC/C=C/C=C/C#CC#CCCCO,-4.2,1.5642628293926943,3_1937
C=CC(=O)N(C=Nc1c(S(=O)(=O)c2ccc(C)cc2)nnn1-c1ccc(Br)cc1)c1ccccc1,-7.4,3.3228207353163883,3_1938
COc1ccc(CN2CCc3cc4c(cc3C2)OCO4)cc1,-6.7,3.580795131120171,3_1939
CCCCCC(C)(C)c1ccc2c(c1)OC(C)(C)C1CC=C(C)CC21,-5.3,2.9145086066753394,3_1940
C[C@@H]1OC[C@H]2[C@@H]3Cc4c(n(C)c5ccccc45)[C@H](C[C@@H]2C1C=O)N3,-7.6,3.395074195694675,3_1941
O=C(Nc1cc(C(F)(F)F)ccc1Cl)c1cc(-c2ccncc2)nc2ccccc12,-8.1,3.6218916399462495,3_1942
COc1cccc(CNCc2coc(-c3cccs3)n2)c1OCc1ccccc1,-6.4,3.6163411666810044,3_1943
CCCNC1=NS(=O)(=O)c2cc(C)cnc2N1,-5.8,3.4589122761931526,3_1944
CC(C)NC(=O)c1cn(-c2cccc(Br)c2)c2ncccc2c1=O,-7.0,3.795660483217653,3_1945
CN(C)CCOc1cc(NC(=O)c2cc(C3=CC=CC3)nc3ccccc23)cc(C(F)(F)F)c1,-7.6,3.6966853206902526,3_1946
CCOC(=O)C1CCCN(C(=O)Cn2nc(C)n3c(cc4c(OC)cccc43)c2=O)C1,-7.0,3.5466732753527612,3_1947
CCCC1CCN(C(=O)c2ccc3c(c2)N2C4=CC(=NC=CC(=N3)C4)Sc3ccccc32)C1,-7.7,1.465889007390535,3_1948
CCOC(=O)CC1c2cc(-c3ccc(Br)cc3)ccc2OC(=N)C1C(=O)OCC,-6.3,3.715652015277016,3_1949
CN(Cc1nccn1C)C(=O)C1CCC(=O)N(Cc2ccc(Cl)cc2)C1,-6.6,3.72928857944516,3_1950
COc1ccc(NC(=O)Cn2c(-c3ccccc3)c(-c3ccc(OC)c(OC)c3)c3ccccc32)cc1,-8.0,3.43180297374143,3_1951
Oc1ccc(Cl)cc1C=Nc1ccc(Cl)cc1,-5.7,3.548878410122665,3_1952
CCN(CCNS(=O)(=O)C(C)=CC=COC)C(=O)c1cc2cc(OCCOCCOCCF)ccc2[nH]1,-4.9,3.154780850514167,3_1953
C(=C1\CN2CCC1CC2)\c1ccc2ncccc2c1,-6.4,3.182413821427134,3_1955
O=C(CS#CCc1ccc(Cl)cc1Cl)c1ccc([N+](=O)[O-])cc1,-6.3,3.5204594563244767,3_1956
CCNC1[C@H](CN(C)S(=O)(=O)N(C)C)C[CH]C=C2c3cccc4[nH]cc(c34)C[C@H]21,-6.6,2.6670730645282354,3_1957
O=c1cc[nH]cc1Sc1ccc(Cl)cc1,-4.8,3.5737814699040937,3_1958
CN(C)CCN1C(=O)C(C)(C)c2cnc(Nc3ccc(CN4CCN(C)CC4)cc3)nc21,-5.5,3.5993891525989374,3_1959
CC(CN(C)C)C(N)C(=O)OC[C@H]1OC(n2cnc3c(OCCC4CC4)ncnc32)[C@H](O)[C@@H]1O,-5.9,2.9484131476556983,3_1960
Nc1nc(C#CC(O)c2ccccc2)cc(-c2ccco2)n1,-7.3,3.6313436688793908,3_1961
CCCc1nc(=O)c2ccccc2n1-c1cccc(O)c1,-6.0,3.7457449948031494,3_1962
CCCCC1C=CC(C[C@@](C)(O)CCc2ccc(OC(C)=O)c(CCC(=O)O)c2N)O1,-5.7,3.0866033542949625,3_1964
CCC1Oc2ccccc2N(CCn2nnc3c(C(N)=O)ncn3c2=O)C1=O,-6.9,3.44823129634859,3_1965
COc1ccc(NC(=O)C2C(C)=NC(SC)=NC2C2CCCCC2)cc1,-6.2,3.593783955611459,3_1966
CC1N[P@@](=O)(OC[C@H]2O[C@@H](n3cnc4c(N)nc(N)nc43)[C@H](O)[C@@H]2O)CCOC1=O,-7.8,1.7656789113141809,3_1967
Cc1oc(=O)c(Nc2ccc([N+](=O)[O-])cc2)cc1Br,-5.8,3.606568087579115,3_1968
Cc1noc(C(C)N2CCN(CC(O)c3ccccc3)CC2)n1,-6.3,3.7200724301972956,3_1969
CCCSc1nc(=O)c(CC)c(C(C)c2c(F)cccc2Cl)[nH]1,-5.4,3.6356290906857147,3_1970
CC(C)(C)OC(=O)N1CCC(NC(=O)C2C(C(=O)Nc3ccc(Br)cc3)[C@@H]3C=C[C@H]2C32CC2)CC1,-7.1,3.214647897353709,3_1971
O=C1NCCCc2[nH]c(C3CCCC3)nc21,-6.3,2.326711083209022,3_1972
CNC1C2([CH]ON(C(=O)CN3CC[C@H](NS(=O)(=O)c4ccc(-n5cncn5)nc4)C3)CC2)CCC[C@@]12C=Cc1ccccc12,-7.5,3.015586569553368,3_1973
O=CCCNc1ccc(F)cc1Cc1cn(CCc2ccccc2)nn1,-6.2,3.628998351579157,3_1974
CCN1CCN(CCCNC(=O)c2ccc3c(c2)nc(C)n3-c2cccc(F)c2)CC1,-5.8,3.6853997421432334,3_1975
Cc1cc(OCc2cc(C)c3c(c2C)CCN(C2CCOC2)C3)c2c(C)cc(=O)oc2c1,-8.0,3.536713072833172,3_1976
CN(CCNS(C)(=O)=O)C(=O)N1CCOCC1,-5.3,3.2374174785040464,3_1977
O=C(N/N=C/c1ccccc1)c1cc(-c2ccc(Br)cc2)nc2ccccc12,-7.1,3.56180380888759,3_1978
Nc1cccc(Nc2cc(C(F)(F)F)cc(C(F)(F)F)c2)c1,-7.0,3.47957375819579,3_1979
CCCOC(=O)c1c(NC(=O)c2ccc(S(=O)(=O)N3CCOCC3)cc2)sc2c1CCN(CC(=O)OCC)C2,-5.7,3.231859229590392,3_1980
O=C(NCC[N+]1([O-])CCCC(O)CC1)c1ccc2ccccc2c1,-7.4,2.6388799392173583,3_1981
COc1ccc(-c2cnnn2-c2cc(OC)c(O)c(OC)c2)cc1F,-6.7,3.7588365507583426,3_1982
O=C(Nc1nc(-c2ccc(S(=O)(=O)NC3CC3)cc2)cs1)c1ccccc1,-6.5,3.725594703938402,3_1983
O=c1cc2c(nn1Cc1ccc(C3=NCCN3)cc1)CCCC2,-6.7,3.646436282995522,3_1984
CNC(=O)C(Cc1ccc(OC)cc1)NC(=O)C(CC(=O)N1CCOCC1)C1CCCCC1,-7.3,3.436453210175667,3_1985
Cc1ccc(C(=O)N2N=C(c3cccs3)CC2c2ccccc2[N+](=O)[O-])cc1,-7.9,3.6339444772594955,3_1986
CC(N)C(=O)N(CCOCc1ccccc1)CC(=O)O,-5.1,3.4938652709389766,3_1987
O=C(NC1CSSCC(C(=O)O)NC(=O)C2CCCN2C(=O)C(CO)NC1=O)c1ccc(O)cc1O,-7.2,1.2902810151581807,3_1988
O=C(Nc1ccc(-c2nc3cc(C4=NCCN4)ccc3[nH]2)cc1)Nc1ccccc1F,-6.9,3.4883212839998916,3_1989
O=C(O)c1cc(=O)n2ccccc2c1[Se],-5.2,3.4812514263334227,3_1990
CC1(C)CC1C(=O)c1cn(CC2CCOCC2)c2ccc(-c3c[nH]c4ncccc34)cc12,-8.2,3.511160275275566,3_1991
C=C(C)[CH]C1C[C](C)[C@H]2OOO[C@]3(C[C@H](O)C(C)=CC3[C@H]2O)C(O)CC(=O)C1,-7.2,0.7153311993280047,3_1992
C#CCSc1nc(N2CCC[C@@H](CC(=O)O)C2)ccc1C(=O)NC1CCCCC1,-6.4,3.4335340823983422,3_1993
C/C(=N\NC(=O)C=NC(=O)C(Cc1ccccc1)Nc1ccccc1)c1ccccc1,-6.6,3.5930161113587933,3_1994
CC(C)CC(NC(=O)C(CCCN=C(N)N)NC(=O)c1ccc(O)cc1)C(=O)NC(CCCN=C(N)N)C(=O)Nc1ccc2c(N)ccnc2c1,-6.7,2.574849821726776,3_1995
CC1CCC(C)(C)C1/C=C1/c2ccccc2NC12Cc1c[nH]nc1-c1ccc(F)cc12,-7.5,3.2682275390549904,3_1996
Cc1ccc(-c2nc(CC(=O)N3CCN(c4ccccc4)CC3)cs2)o1,-6.3,3.7391545366104344,3_1997
C1=CC23CNCC(N2)C3C(c2ccco2)=C1,-5.9,3.2129159204371858,3_1998
CCC1(c2ccc(CSc3ccccc3O)cc2)Oc2ccccc2-n2cccc2C1=O,-7.6,2.5763534770326233,3_1999
