smiles,docking,drug_likeliness,names
NC(=O)c1cccc2c(NCc3cccc(NC(=O)c4ccc5c(c4)OCCO5)c3)ncnc12,-7.6,3.48422178050956,30_0
CC=CCC(F)=NC(=O)Nc1cccc(N=C2Cc3ccc(-c4n[nH]c(C)n4)cc3C2)c1,-7.0,3.614071065860673,30_1
O=C1C=CC=C(c2cc3ccccc3o2)CCc2c(ccc(F)c2[C@]2(F)C[C@@H](O)CC(=O)N2)N1,-8.2,1.3274881370086167,30_2
O=C(Nc1ccccc1-c1ccccc1)N1CCN(C(c2ccccc2)c2ccccc2)CC1,-8.1,3.449035727546246,30_3
O=C(Nc1ccc(-c2cccc(-c3cccc(-c4cccc(F)c4)c3)c2)cc1)c1ccccc1,-8.7,3.188129789925851,30_4
O=C(c1cccc(-c2cccc(-c3ccc4c(c3)OCO4)c2)c1)N1CCn2c(nc3ccccc32)C1,-10.4,3.3611699015465506,30_5
O=C(c1cccc(-c2cccc(-c3nc4cc(F)ccc4[nH]3)c2)c1)N1CCNCC1,-8.483333333333333,3.6450984636569372,30_6
O=C(Nc1cccc(-c2cccc(-c3nc4cc(F)ccc4[nH]3)c2)c1)c1ccccc1,-8.389999999999999,3.4293586076098226,30_7
Cn1cc(-c2ccc3[nH]nc(-c4cccc(C=Nc5ccccc5)c4)c3c2)cn1,-8.1,3.5247050714420745,30_8
O=C(Nc1cccc(-c2cccc(-c3cccc(-c4ccccc4)c3)c2)c1)c1cccc(-c2ccccc2F)c1,-9.8,3.034399838423724,30_9
O=C(c1cccc(-c2cccc(-c3cccc(-c4nc5ccccc5[nH]4)c3)c2)c1)N1CCNCC1,-9.3,3.440998249723921,30_10
O=C1c2cc3c(cc2-c2c1c1ccccc1c(=O)n2CCc1ccccc1)OCO3,-8.3,3.5443582847086477,30_11
Cc1cc(Cl)ccc1NC(=O)c1cccc(-c2cccc(-c3cccc(-c4ccccc4)c3)c2)c1,-8.6,3.0484177010873665,30_12
NC(C=CCC=NC(=O)c1cccc(C(F)(F)F)c1)c1cn2ccnc2c(NCc2ccncc2)n1,-7.3,3.4217159919509923,30_13
CCN(CC)CCNc1nc2ccccc2nc1-c1nc2cc(-c3cccc4ccncc34)ccc2n1C,-7.6,3.424904926851923,30_14
O=c1c2ccccc2n2c(-c3cccc(C(F)(F)F)c3)nnc2n1-c1cccc2ccccc12,-8.0,3.382973180468501,30_15
O=C(c1cccc(-c2cccc(-c3ccccc3F)c2)c1)N1CCN(c2cccc(C(F)(F)F)c2)CC1,-8.1,3.323511212462599,30_16
O=C1c2ccccc2S(=O)(=O)c2cc(-c3cccc4ccccc34)ccc21,-9.1,3.5193763927931014,30_17
N#Cc1cccnc1-c1cccc(-c2cccc(-c3cccc(C(=O)N4CCNCC4)c3)c2)c1,-8.9,3.6433678319260787,30_18
O=C(Nc1cc(Cl)ccc1C(=O)O)c1cccc(-c2cccc(-c3ccc4c(c3)OCO4)c2)c1,-8.9,3.483344364615043,30_19
O=C(Nc1cccc(-c2cccc(-c3cccc(-c4cccc(F)c4)c3)c2)c1)c1ccccc1,-9.2,3.188129789925851,30_20
O=C(Nc1cccc(C(F)(F)F)c1)c1cccc(-c2cccc(-c3cccc(-c4cccc(-c5cccc(O)c5)c4)c3)c2)c1,-9.4,2.9820881300267144,30_21
NC(=O)c1cncc(-c2cc(-c3ccnn3C3CCOCC3)c3c(N)ncnc3n2)c1,-8.1,3.4672429630221036,30_22
O=C(Nc1cccc(-c2nc3ccccc3[nH]2)c1)c1cccc(-c2cccc(-c3ccc4c(c3)OCO4)c2)c1,-8.1,3.270782848042287,30_23
O=C(Nc1cccc(-c2cccc(C(=O)N3CCOCC3)c2)c1)c1cc2cc(C(F)(F)F)ccc2o1,-8.0,3.639465392149407,30_24
CN=C1NC(c2ccc3ccccc3c2)C1=Nc1cc(Cl)ccc1Oc1cccc(-c2cccc(-c3nn[nH]n3)c2)c1,-8.2,3.3043083322965225,30_25
O=C(NC1CCCC1)c1cccc(-c2cccc(-c3cccc(-c4cccc(F)c4)c3)c2)c1,-9.0,3.3215037719882767,30_26
O=C(Nc1cccc(-c2cc(-c3cccc(-c4ccccc4F)c3)ncn2)c1)c1cccc(C(F)(F)F)c1,-8.8,3.271553215741977,30_27
O=C(c1cccc(-c2cccc(-c3cccc(-c4ccc5c(c4)OCO5)c3)c2)c1)c1cccc(-c2cccc(-c3cccc(C(F)(F)F)c3)c2)c1,-7.4,2.9208971228717355,30_28
N#Cc1c(Nc2ccccc2)scc(-c2cccc3ccccc23)ccn2c(=O)c3ccccc3nc12,-8.4,1.253325273396154,30_29
Cc1cccc(-c2nnc(Nc3cccc(Cl)c3)c3ccccc23)c1,-7.9,3.6063715206864773,30_30
O=C(c1cccc(-c2cccc(-c3cccc(F)c3)c2)c1)N1CCN(c2nc3ccccc3s2)CC1,-9.5,3.4063376160972805,30_31
O=C(Cc1ccccc1)N=Cc1cc(CCCCc2nnc(NC(=O)c3cccc(-c4ccc5ccccc5c4)c3)s2)[nH]n1,-7.8,3.098135712132092,30_32
O=C(C=C1N=c2ccccc2=C1c1cccc(-c2ccc3ccccc3c2)c1)Nc1ccc(Oc2ccnc3[nH]ccc23)c(F)c1,-8.0,3.2141579139031404,30_33
O=C(Nc1ccc(C2=CCN(C(=O)c3ccccc3)CC2)cc1)N1Cc2ccccc2C1,-6.8,3.5470462554424094,30_34
CN(C)c1cc(Nc2ccc(F)cc2)nc2cc(-c3ccc4c(ccn4C)c3)ccc12,-7.0,3.4830216609173252,30_35
O=C1Nc2ccccc2C1=NN=C1c2ccccc2-c2nc3ccccc3nc21,-8.5,3.521472216286859,30_36
O=C(Nc1cccc(-c2cc(-c3cccc(-c4ccccc4F)c3)no2)c1)Nc1ccccc1F,-8.2,3.4296928142681846,30_37
C[C@@H](c1ccccc1CN)N1C(=O)c2ccccc2C1(O)c1ccc2c(c1)NC(=O)CO2,-7.9,3.564970093186612,30_38
O=C(Nc1nc2ccccc2n1-c1ccccc1)c1cc(-c2ccccc2F)nc2ccccc12,-8.6,3.5126580826051246,30_39
O=C(c1cccc(-c2cccc(Cl)c2F)c1)N1CCN(c2cccc([N+](=O)[O-])c2)CC1,-8.3,3.6000268785392637,30_40
O=C(Nc1ccccc1)Nc1cccc(-c2cccc(-c3cccc(-c4ccc(F)cc4)c3)c2)c1,-9.5,3.1738196954145192,30_41
O=C(c1ccc2c(c1)OCCO2)N1CCC(c2nc3cccc(F)c3s2)CC1,-7.5,3.6257690745942903,30_42
CCOC(=O)c1cccc(-c2cccc(-c3cccc(C(=O)N(C)C)c3)c2)c1,-7.6,3.589686934029099,30_43
NCCc1c[nH]c(-c2cccc(-c3ccc4c(c3)NCCO4)c2)c1,-7.4,3.6325203340650862,30_44
N#Cc1ccccc1C(=O)N1CCN(C(=O)c2ccc3c(c2)OCO3)CC1,-6.8,3.591952127034375,30_45
O=C(Nc1ccc(C2=CCN(C(=O)c3ccco3)CC2)cc1)N1Cc2ccccc2C1,-8.0,3.636665562495823,30_46
O=c1[nH]cnc2c1ncn2C[C@@H]1C[C@H](O)c2ccccc21,-6.8,3.6623601001326707,30_47
O=C(NCCc1ccccc1)c1ccccc1N1CCN(C(=O)c2cccc(-c3cccc(Cl)c3)c2)CC1,-7.8,3.5026448831816355,30_48
O=C1CCC(N2C(=O)c3cccc(OCC(=O)Nc4cccc5c4C(=O)c4ccccc4-5)c3C2=O)C(=O)N1,-8.8,3.2843644504735403,30_49
O=C(c1cccc(-c2cccc(-c3cccc(-c4cccc(C(F)(F)F)c4)c3)c2)c1)N1CCNCC1,-8.6,3.4674940866284434,30_50
O=C(O[C@H]1CN2CCC1CC2)N1CCc2ccccc2[C@H]1c1cccc(F)c1,-6.9,3.3253478616021424,30_51
Cn1c(-c2cccc(-c3cccc(NC(=O)c4cccc(C(F)(F)F)c4)c3)c2)nc2ccccc21,-8.225,3.449135448355882,30_52
O=C(O)C=C1C(Cl)=CC=C1C=C1C=CC(C=C2C(c3cccc(C(=O)O)c3)=Cc3cccnc32)=C1,-8.3,3.365757213759409,30_53
O=C(Nc1ccc(Oc2ccnc3[nH]ccc23)cc1)c1cc(-c2cccc(C(F)(F)F)c2)c2ccccc2n1,-8.4,3.3078651301977473,30_54
COc1ccc(-c2nnc(-c3ccc(O)cc3O)s2)cc1OC,-6.5,3.718892396005511,30_55
Cc1oc(C2=CC=CCC2)nc1C[S+]([O-])CC(=O)NCc1ccc(F)cc1,-6.7,3.71489108985683,30_56
O=C(Nc1ccccc1C(=O)N1CCOCC1)c1ccccc1Nc1ccc2c(C=Cc3ccccn3)[nH]nc2c1,-8.2,3.2946400164560385,30_57
O=C(c1cccc(-c2cccc(-c3cccc4ccccc34)c2)c1)N1CCN(c2ccccc2F)CC1,-9.733333333333334,3.2138302346186602,30_58
O=c1cc(-c2ccccc2)sc(-c2ccc(-c3cccc(-c4ccccc4CCl)c3)cc2)c1,-7.7,3.045772432516727,30_59
O=C(NCc1cccc(-c2cccc(-c3nccs3)c2)c1)c1cccc(-c2ccc3ccccc3c2)c1,-8.5,3.2157623183192303,30_60
[CH]1CC[C@@H](CN=C(Nc2cc(-c3ccc4c(c3)OCO4)nc(-c3ccc4ccccc4c3)c2)N2CCO[C@H]3CCC[C@@H]32)C1,-9.9,3.0627423636099005,30_61
O=C1c2ccccc2C(c2cccc(-c3cccc(-c4ccccc4F)c3)c2)N1c1nc2ccccc2s1,-9.0,3.1550190437655976,30_62
O=C(Nc1cccc(-c2cccc(-c3ccc4c(c3)OCO4)c2)c1)Nc1nc2ccc(F)cc2s1,-9.5,3.3651058116828376,30_63
O=C(Nc1cccc(-c2cccc(-c3cccc(O)c3)c2)c1)c1ccc2ccccc2c1,-7.9,3.337406149629321,30_64
O=C1Nc2ccc(Cl)cc2[C@@](C#CC2CC2)(C(F)(F)F)C1Oc1cccc(F)c1,-7.0,3.468891046040138,30_65
O=C(Nc1cccc(-c2ccc3c(=O)[nH]cnc3c2)c1)Nc1cccc(-c2cccc3ccccc23)c1,-10.2,3.3393520645448116,30_66
O=C(N[C@H]1CC[C@H](CCN2CCN(c3nccc4c3CCO4)CC2)CC1)c1ccc2ccccc2c1,-7.2,3.4673231351812364,30_67
Cc1cccc(C2=NN(C(=O)Cn3cnc4cc5ccccc5cc43)C(c3ccc(F)cc3)C2)c1,-9.0,3.461242568442471,30_68
O=C(Nc1ccccc1)c1cccc(NC(=O)c2ccccc2-c2ccccc2)c1,-8.0,3.548098565589818,30_69
O=C(c1cccc(-c2cccc(-c3nc4cc(F)ccc4[nH]3)c2)c1)N1CCNCC1,-8.483333333333333,3.6450984636569372,30_70
O=C(Nc1cccc(-c2cccc(-c3ccccc3OC(F)(F)F)c2)c1)c1ccccc1,-7.833333333333333,3.437025411589027,30_71
O=C1c2ccccc2C(=O)c2c1ccc1[nH]c(-c3cccc(-c4cccc(-c5nccs5)c4)c3)nc21,-8.5,3.469457419089978,30_72
O=C(Nc1cccc(-c2cccc(-c3cccc(C(=O)N4CCOCC4)c3)c2)c1)Nc1cc(Cl)ccc1F,-9.1,3.489417108270569,30_73
O=C(c1ccc2c(c1)c1cc(-c3ccccc3C(F)(F)F)ccc1n2C1CCCC1)N1CCN2CCCC2C1,-8.7,3.1972045390272865,30_74
O=C(Nc1cccc(-c2cn3ccnc3c(NCc3ccncc3)n2)c1)Nc1cc(C(F)(F)F)ccc1-c1ccccc1,-9.0,3.2023761679795775,30_75
COc1cccc(-c2cc3ccccc3c(-c3cccc(N)c3)n2)c1,-8.6,3.5705740802008012,30_76
O=[N+]([O-])C=CC1=CC(N=C2C=C3C=C(c4cccc(-c5cccc6ccccc56)c4)C=C3CC=Cc3ccccc32)=C1,-8.9,0.6866889878641249,30_77
O=C(Nc1cccc(-c2cccc(-c3nc4cc(C(F)(F)F)ccc4[nH]3)c2)c1)c1ccccc1F,-8.350000000000001,3.2512717517338245,30_78
O=C(Nc1cccc(C(F)(F)F)c1)c1cc(-c2cccc3ccccc23)nc2ccccc12,-9.4,3.310886074229741,30_79
O=C(O)c1ccc2c(c1)/C(=C/c1cccc(Oc3ccccc3F)c1)C(=O)N2O,-7.3,3.6571717377673125,30_80
O=c1ccc2cc(-c3cccc(-c4cccc(-c5ccoc5)c4)c3)ccc2[nH]1,-9.0,3.4026835488423934,30_81
O=C1c2ccccc2C(=O)N1CCOCc1c(C(O)=NO)nnc2ccccc12,-7.4,3.2195740853185058,30_82
CSC(=NCC=CC1=CC(=O)c2ccccc2C1=O)c1cccc(-c2ccc3c(c2)OCCO3)c1Cl,-8.5,3.3901106917776676,30_83
O=C(O)c1cccc(C(=O)Nc2cccc(-c3ccc4ccccc4c3)c2)c1,-7.7,3.5653332679144905,30_84
O=C(Nc1cccc(-c2ccc3ccccc3c2)c1)c1ccc2ccccc2c1O,-8.3,3.3534457786499283,30_85
O=C(Nc1cccc(-c2cccc(-c3cccc(C(=O)N4CCOCC4)c3)c2)c1)c1cccc(-c2ccccc2Cl)c1,-8.7,3.272208745539413,30_86
O=C1CSC(c2ccc(Cl)cc2Cl)N1c1cccc(-c2cccc(-c3cccc(-c4ccccc4)c3)c2)c1,-9.2,3.0866660758979263,30_87
O=c1[nH]c2ccc(NCc3cccc(C(F)(F)F)c3)cc2[nH]1,-6.9,3.5866270727987777,30_88
O=C(c1ccc2cc(Oc3ccc(C(F)(F)F)cn3)ccc2n1)N1CCN(c2ccccc2F)CC1,-7.8,3.5215281833189542,30_89
O=C(Nc1cccc(-c2ccc3c(c2)OCCO3)n1)c1cccc2c1-c1ccccc1C2=O,-8.1,3.566350754690744,30_90
Nc1ccccc1C1=NN(c2ccccc2Cl)c2ccc(O)cc2C(c2ccccc2I)=NC1,-8.1,1.4771486369553979,30_91
CC(=O)NC(CSC(=S)NC(=O)c1cccc(-c2ccccc2C#N)c1)C(=O)NC(Cc1ccccc1)C(=O)Nc1ccccc1Cl,-7.1,3.0296936331712137,30_92
O=c1[nH]c(O)c(Cc2ccc(-c3cccc(-c4nc5ccccc5[nH]4)c3)cc2)s1,-7.5,3.4960113262752825,30_93
O=C(Nc1cccc(-c2cccc(-c3cccc(C(F)(F)F)c3)c2)c1)c1cccc(C(F)(F)F)c1,-8.4,3.2876235695289995,30_94
O=C(O)c1ccc(-n2cc(-c3cccc(-c4cccc(C(F)(F)F)c4)c3)nn2)cc1,-8.2,3.701365086527469,30_95
O=c1c(-c2ccc(F)cc2)c(-c2ccc(F)cc2)c2ccccc2n1Cc1ccccc1,-7.3,3.2319116810377073,30_96
O=C(Nc1cccc(-c2ccccc2)c1)Nc1cccc(-c2cccc(-c3cccc(-c4ccccc4Cl)c3)c2)c1,-8.4,2.9641042497259633,30_97
O=C(c1cccc(-c2cccc(-c3cccc(CN4CCC(=O)N(C5CCCCC5)C4=O)c3)c2)c1)N1CCOCC1,-8.6,3.327908695391204,30_98
O=C(c1cccc(-c2cccc(-c3cccc4ccccc34)c2)c1)N1CCN(C(=O)c2ccccc2C(F)(F)F)CC1,-9.75,3.2275936871066397,30_99
O=C(NCc1ccc(F)cc1)c1cccc(-c2cccc(-c3nc4cc(F)ccc4[nH]3)c2)c1,-7.9,3.351628678753441,30_100
O=C(c1ccc(-c2ccccc2C(F)(F)F)cc1)N1CCN(C(=O)c2ccc3c(c2)OCO3)CC1,-7.3,3.591479363095447,30_101
Cn1c(-c2cccc(-c3cccc(C(=O)Nc4cc(-c5ccccc5)nn4-c4ccccc4F)c3)c2)nc2ccccc21,-8.7,3.223456558126281,30_102
Oc1cn2c(O)c[nH]c(-c3ccccc3)c(-c3ccccc3)c3ccc4ccccc4c3c(n1)C=CCC2,-8.6,1.2499471104497495,30_103
O=C(Nc1cccc(-c2cccc(-c3cccc(C(F)(F)F)c3)n2)c1)c1ccccc1,-8.6,3.550282593764096,30_104
O=C(/C=C/c1cccc(-c2cc(C(F)(F)F)ccc2C(F)(F)F)c1)Nc1cccc(-c2cccc(-c3ccc4c(c3)OCO4)c2)c1,-8.3,3.0612856959328543,30_105
O=C(Nc1nnc(N2CCOCC2)s1)c1ccc(-c2cccc(OC(F)(F)F)c2)cc1,-7.8,3.680151425932928,30_106
O=C(Nc1cccc(-c2cccc(C(=O)N3CCOCC3)c2)c1)c1cccc(C(F)(F)F)c1,-8.32,3.7403303840440163,30_107
O=C(N[C@H]1CCN(c2cccc(-c3cc4ccccc4[nH]3)c2)C1)c1cccc(F)c1,-8.2,3.568988730729203,30_108
O=C(Nc1nccc2ccccc12)N1CCN(c2ncnc3c2nc(-c2ccccc2Cl)n3-c2ccc(Cl)cc2)CC1,-9.0,3.3603084925366016,30_109
Cc1ccccc1Cn1cc(NC(=O)c2cccc(C(F)(F)F)c2)c2ccccc2c1=O,-7.9,3.6429232151387003,30_110
O=C(Nc1cccc(C(F)(F)F)c1)c1cccc(-c2nc(=O)c3ccccc3[nH]2)c1O,-7.9,3.5621897140438317,30_111
O=C(Nc1cccc(-c2ccc3ccccc3c2)c1)c1cccc(-c2cccc(-c3cccc(-c4ccccc4)c3)c2)c1,-8.9,2.894474945828826,30_112
O=C(O)c1ccc2c(c1)nc(-c1cccc(NC(=O)c3ccccc3-c3ccccc3)c1)n2C1CCCCC1,-8.6,3.333166161033979,30_113
O=C(Nc1ccc(O)c(-c2nc3ccccc3s2)c1)c1cccc(-c2ccccc2)c1,-8.0,3.439256467620565,30_114
CC=CC(C=C1C=CC(c2cccc(-c3cccc(-c4ccc5c(ccc(=O)n5C)c4)c3)c2)=C1)OC(=O)CCC,-7.3,3.199122022691055,30_115
O=C(N[C@@H](/C=C\Cc1cccc(C(F)(F)F)c1F)C[C@H]1CCS1)c1ccc2c(c1)OCO2,-7.6,3.507532401302964,30_116
O=C1N=C(Cc2cccc(-c3cccc(-c4ccc5c(c4)CCNC5=O)c3)c2)C(=O)N1,-8.6,3.6186251315783435,30_117
CC(Cc1ccccc1)NC(=O)c1cccc(-c2cccc(-c3cccc(-c4cccc(C(=O)N(C)C)c4)c3)c2)c1,-8.2,3.203863729830259,30_118
O=C(Nc1cccc(-c2cccc(-c3cccc(F)c3)c2)c1)c1cccc(C(F)(F)F)c1,-8.65,3.2672233782541786,30_119
O=C(Nc1cccc(-c2cccc(-n3cnnn3)c2)c1)c1cccc(-c2cccc(F)c2)c1,-8.2,3.5855489223954957,30_120
CCN1CCOC(=O)c2ccc(-c3cccc(-c4cc(-c5ccnc(C(=O)O)c5)c5ccc(F)cc5c4)c3)cc21,-9.8,2.3748695477261066,30_121
O=C(c1cccc2ccccc12)N1CCN(c2cccc(-c3cccc(-c4cccc(-c5ccccc5F)c4)c3)c2)CC1,-9.1,3.033171015240138,30_122
O=C(Nc1cccc(-c2cccc(-c3nc4ccccc4[nH]3)c2)c1)c1ccccc1,-8.62,3.442730724240592,30_123
O=C(Nc1cccc(F)c1)Nc1nc(-c2ccccc2)cc(-c2ccccc2)n1,-8.3,3.636136893688976,30_124
O=C(Nc1cccc(Nc2cccc(-c3ccccc3F)c2)c1)c1cccc(-c2nccs2)c1,-8.4,3.4323847823842755,30_125
O=C(Nc1cccc(C(F)(F)F)c1)Nc1cc(-c2cccc(-c3cccc(-c4ccccc4F)c3)c2)ccn1,-9.3,3.1309431535468755,30_126
O=c1cc(-c2cccc(-c3cccc(-c4ccccc4)c3)c2)sc(N2CCOCC2)c1,-9.0,3.521827232238663,30_127
O=C(c1cccc(-c2cccc(C(=O)N3CCN(c4cccc([N+](=O)[O-])c4)CC3)c2)c1)N1CCOCC1,-8.55,3.4681210115165166,30_128
O=C(CNc1nc(=O)c2ccccc2[nH]1)Nc1cccc(-c2cccc(-c3ccccc3OC(F)(F)F)c2)c1,-9.1,3.3325891669746817,30_129
O=C(Nc1cccc(-c2cccc(-c3cccc(F)c3)c2)c1)c1cccc(C(F)(F)F)c1,-8.65,3.2672233782541786,30_130
CNC(=S)[n+]1cccc(-c2cccc(-c3cccc(-c4cccc(C=O)c4)c3)c2)c1,-8.2,3.284833335671211,30_131
O=C(Nc1cccc(-c2cccc(-c3nc4cc(F)ccc4[nH]3)c2)c1)c1ccccc1,-8.389999999999999,3.4293586076098226,30_132
O=C(Nc1cccc(-c2cccc(-c3nc4cc(F)ccc4[nH]3)c2F)c1)c1cccc(C(F)(F)F)c1,-8.15,3.249901202177252,30_133
O=C(c1cccc(-c2cccc(-c3cccc4ccccc34)c2)c1)N1CCN(c2ncccn2)CC1,-8.9,3.422375742777481,30_134
O=C1CCC(c2ccccc2F)CCNC2OCC[C@@H]2Oc2cc3ncnc(Nc4ccc(F)c(Cl)c4)c3cc2N1,-8.4,1.0977957353302026,30_135
O=C(Nc1ccc(-c2cccc(-c3ccccc3OC(F)(F)F)c2)cc1)Nc1cccc(-c2cccc(F)c2F)c1,-8.5,3.0286737338485685,30_136
O=CN=C(c1cc2ccccc2n1C(=O)c1ccccc1)C1Cc2ccccc2NC1=O,-8.8,3.588128033800589,30_137
O=C(Nc1cccc(-c2cccc(-c3nc4cc(F)ccc4[nH]3)c2)c1)Nc1cccc2c1C1CCCCN1C2=O,-9.9,3.194340910592905,30_138
O=C(Nc1cccc(-c2ccc3c(c2)OCO3)c1)Nc1cccc(-c2cn3ccnc3c(NCc3ccncc3)n2)c1,-9.0,3.178633320472631,30_139
O=C(c1cccc(-c2cc(C(F)(F)F)cc(C(F)(F)F)c2)c1)c1ccccc1-c1nc2ccccc2c(=O)n1-c1ccccc1Cl,-8.4,3.0764985156401434,30_140
O=c1cc(-c2cccc(-c3cccc(F)c3)c2)[nH]c2ccccc12,-8.6,3.4442461738514085,30_141
O=c1oc2ccccc2cc1-c1cccc(-c2cccc(-c3ccc4c(c3)OCCO4)c2)c1,-8.9,3.3577490448793696,30_142
O=C(c1cccc(-c2cccc(C(F)(F)F)c2)c1)N1CCN(c2cccc(-c3ccc4c(c3)OCCO4)c2Cl)C(=O)C1,-8.6,3.357892477796714,30_143
C=Cc1cc(Nc2cccc(-c3cccc(C4=NCCN4)c3)c2)ccc1C(=O)c1c(C2=CC=COC2)oc2ccccc12,-7.8,3.061426516360311,30_144
CC(C)CC1CC=C(c2cc3cc(-c4cccc(-c5cccc(F)c5)c4)ccc3o2)O1,-7.6,3.305849200407069,30_145
O=C(Nc1cccc(-c2cccc(-c3nc4cc(F)ccc4[nH]3)c2)c1)c1ccc(=O)[nH]n1,-8.6,3.509671294114624,30_146
CC=C1c2c(ccc3c2CCC3)CC2Cc3c(cc4c(c3C=O)CC[N+](C)(CCO)CC4)C12,-6.8,2.208159868805515,30_147
O=C(Nc1cccc(-c2cccc(-c3nc4cc(F)ccc4[nH]3)c2F)c1)c1ccccc1,-8.436363636363636,3.443853177840764,30_148
O=C(Nc1cccc(-c2cccc(-c3nc4cc(C(F)(F)F)ccc4[nH]3)c2)c1)c1ccccc1,-7.94,3.31558797004833,30_149
O=C(Nc1cccc(-c2cccc(-c3nc4cc(F)ccc4[nH]3)c2)c1)c1ccccc1,-8.389999999999999,3.4293586076098226,30_150
O=C(c1cccc(-c2cccc(-c3cccc4ccccc34)c2)c1)N1CCN(C(=O)c2ccccc2C(F)(F)F)CC1,-9.75,3.2275936871066397,30_151
O=C(Nc1cccc(-c2cc3ccccc3[nH]2)c1)c1cc(-c2ccccc2)nn1-c1ccccc1,-8.9,3.4036090932040057,30_152
O=C(c1ccnc(-c2ccco2)c1)c1cccc2c(-c3cccc(-c4ccccc4F)c3)ccnc12,-8.2,3.3337994828658473,30_153
OCC#Cc1ncc(N=CN[C@]23C[C@@H](O)C2[CH]O3)c(N[C@H](CO)c2ccccc2)n1,-7.3,3.021050713446063,30_154
NCc1ccc(-c2ccccc2)cc1-c1ccc(NC(=O)c2ccccc2C(=O)c2ccccc2)cc1,-8.0,3.1868034845596522,30_155
O=C1c2ccccc2C(=O)N1c1ccc(S(=O)(=O)N=C2Cc3cccn3-c3ccccc3N2)cc1,-8.2,2.4480759212292442,30_156
O=C(NCc1ccc(F)cc1)c1cn2cc(-c3ccccc3Cl)ccc2n1,-7.9,3.6715234282405937,30_157
O=c1c2ccccc2cnn1-c1cccc(-c2cccc(-n3cnnc3)c2)c1,-8.6,3.5597051757222897,30_158
O=C(Nc1cccc(C(F)(F)F)c1)c1ccccc1-c1ccccc1Cn1c2c(c3ccccc3c1=O)C(=O)c1ccccc1-2,-9.0,3.2929526124541733,30_159
Cc1cc(C)c2c(Nc3ccc4c(cnn4Cc4ccccc4)c3)ccnc2c1,-7.6,3.519151733314918,30_160
Cn1c(-c2cccc(-c3cccc(NC(=O)c4ccccc4)c3)c2)nc2ccccc21,-8.381818181818183,3.3942752104154073,30_161
O=C(Nc1cccc(-c2cncc(-c3cccc(-c4nn[nH]n4)c3)c2)c1)c1ccccc1-c1ccccc1,-8.7,3.4241413011426296,30_162
O=C(Nc1cccc(-c2cccc(-c3nc4cc(C(F)(F)F)ccc4[nH]3)c2)c1)c1cccc(F)c1,-8.6,3.2512717517338245,30_163
O=C(c1ccc2occc2c1)N1CCN(C2=Nc3ccccc3Nc3ccccc32)CC1,-8.4,2.5544780140114494,30_164
O=C(Nc1cccc(-c2cccc(-c3nc4cc(F)ccc4[nH]3)c2)c1)c1ccc2ccccc2c1,-8.600000000000001,3.359791101115841,30_165
O=C(Nc1ccc2c(c1)CCC(c1ccccc1F)=N2)c1ccccc1-c1nc2ccccc2[nH]1,-8.8,3.4319765938684377,30_166
O=C1C=CC=CCCS2=C(N1)Nc1ccc(-c3cccc(-c4nc(=O)c5ccccc5[nH]4)c3)cc12,-9.6,1.2322183071977815,30_167
O=C(Nc1cccc(-c2cccc(-c3nc4cc(F)ccc4[nH]3)c2F)c1)c1ccccc1,-8.436363636363636,3.443853177840764,30_168
O=C(CNc1cccc(-c2cccc(-c3ccccc3F)c2)c1)Nc1ccc2c(ccc3ccccc32)c1,-8.5,3.0605924192991254,30_169
O=C(Nc1cccc(-c2cccc(-c3cccc(Cl)c3)c2)c1)c1cccc(F)c1,-8.2,3.406338145004554,30_170
C=C[C@]1(C)C=C2[C@@H](O)C[C@H]3C(C)(C)CCC[C@]3(C)[C@H]2C[C@H]1O,-6.0,3.0250483188022472,30_171
Cn1c(-c2cccc(-c3cccc(C(=O)Nc4cccc(-c5cccc(-c6ncccc6C#N)c5)c4)c3)c2)nc2ccccc21,-8.1,3.162440443956897,30_172
O=C(Nc1cccc(F)c1)c1cc(-c2ccccc2O)nc2ccccc12,-8.6,3.625508576981803,30_173
O=C(c1ccc(F)c(-c2cccc(-c3ccccc3OC(F)(F)F)c2)c1)N1CCN2CCC[C@H]2C1,-7.9,3.4441020503097537,30_174
O=C(/C=C/c1cccc(C(=O)NC2CC2)c1)Nc1cccc(-c2cccc(-c3nc4cc(F)ccc4[nH]3)c2)c1,-7.7,3.2233715409355286,30_175
Cc1ccc(C(=O)c2cccc(-c3cccc(-c4nc5cc(F)ccc5[nH]4)c3)c2)cc1,-8.4,3.272242944911704,30_176
O=C(Nc1cccc(-c2cccc(-c3cccc(-c4ccccc4Cl)c3)c2)c1)c1ccccc1,-9.4,3.180071043151384,30_177
O=C(c1cccc(-c2cccc(-c3cccc(C(=O)N4CCN5CCC[C@H]5C4)c3)c2)c1)N1CCOCC1,-9.7,3.436045667378623,30_178
O=C(Nc1cccc(-c2ccc3ccccc3c2)c1)c1cccc(-c2cccc(C(=O)N3CCCCC3)c2)c1,-8.6,3.2337876826110215,30_179
Cc1cccc(NC(=O)c2cccc(-c3cccc(-c4ccc5c(c4)OCCO5)c3Cl)c2)c1,-8.7,3.523053315113125,30_180
O=C(c1ccc(F)cc1)c1cccc(-c2cccc(-c3cccc(C(=O)N4CCOCC4)c3)c2)n1,-9.1,3.5384520932758985,30_181
O=C(Nc1cccc(Oc2cccc3[nH]c(=O)[nH]c23)c1)c1cccc(-c2cccc(-c3nccs3)c2)c1,-7.8,3.3629443911610797,30_182
O=C(Nc1nc2ccc(Cl)cc2s1)c1cccc(-c2cccc(-c3ccc4c(c3)OCO4)c2)c1,-8.2,3.38463261837296,30_183
O=C(Nc1cccc(-c2cccc(-c3nc4cc(F)ccc4[nH]3)c2)c1)c1ccccc1,-8.389999999999999,3.4293586076098226,30_184
O=C(Nc1ccccc1Nc1cccc(-c2cccc(-c3ccccc3F)c2)c1)c1ccccc1,-9.3,3.2585565674774757,30_185
CCC1=CC(=NC(=O)Nc2cccc(-c3cccc(-c4cccc(C(F)(F)F)c4)c3)c2)C=C1,-8.4,3.463283195234148,30_186
Cc1noc(-c2cccc(-c3cccc(-c4cccc(-c5cccc(C(=O)N(Cc6ccccc6)[C@@H](C)CN6CCNCC6)c5)c4)c3)c2)n1,-8.8,3.133307575479712,30_187
N#Cc1ccc(Nc2cccc(-c3cccc(-c4nc5cc(F)ccc5[nH]4)c3)c2)cc1,-8.0,3.465744460780949,30_188
O=C(Nc1cccc(-c2cccc(-c3nc4ccccc4[nH]3)c2)c1)Nc1ccccc1-c1ccccc1,-9.6,3.2298663856615155,30_189
O=C(Nc1ccccc1C(=O)c1ccccc1)c1cccc(-c2cccc(-c3cccc(-c4ccccc4F)c3)c2)c1,-9.2,3.0600402400524813,30_190
N=C1C(C=C(C=CC(=O)O)C(=O)O)=CC=C1c1cccc(N2C(=O)c3ccccc3C2=O)c1,-7.7,3.3340709527541383,30_191
COC1=CC=CC(c2c(-c3ccc(F)cc3)nc(-c3ccccc3)n2NC(=O)c2ccccc2)C=C1,-8.3,2.5904001303537165,30_192
Cc1ccccc1Cc1ccccc1NS(=O)(=O)c1cc2ccccc2nc1Nc1cccc(C(F)(F)F)c1,-8.9,3.3670806946222673,30_193
O=C(/C=C/c1cccc(-c2cccc(C(=O)N3CCOCC3)c2)c1)c1cccc(C(F)(F)F)c1,-8.8,3.5104233041832993,30_194
O=C(N=CC1=CC(=Nc2c3ccccc3nc3ccccc23)CC1)c1ccccc1,-7.8,3.4352597316469273,30_195
O=C(c1ccccc1)N1CCN(C(=O)c2cccc(-c3cccc(-c4cccc(F)c4)c3)c2)CC1,-8.8,3.47272112322358,30_196
O=C(NCc1ccccc1)c1c(-c2cccc(Cl)c2)nc2ccc(-c3ccccc3)cn12,-8.8,3.3881706309998436,30_197
Cn1c(-c2cccc(-c3cccc(-c4cccc(C(=O)N5CCNCC5)c4)c3)c2)nc2ccccc21,-9.6,3.480167691596529,30_198
O=C(N/N=C\c1cccc(-c2cccc(-c3ccccc3)c2)c1)c1cccc(-c2ccccc2CO)c1,-8.6,3.132807547828736,30_199
Nc1nc(-c2ccc(F)cc2)cc(-c2cccc(-c3cccc(-c4ccccc4)c3)c2)n1,-9.7,3.4729964386241283,30_200
O=C(CC(=O)c1ccc(OC(=O)c2ccccc2Cl)cc1)Oc1cccc2cccc(O)c12,-7.1,3.2583167897528007,30_201
Nc1c(Cl)cc(-c2cccc(-c3cccc(-c4ccccc4)c3)c2)cc1Cl,-8.8,3.3012931536187358,30_202
Cc1ccc(Nc2cc(O)c3ccccc3c2CO)cc1NC(=O)c1ccccc1,-7.6,3.4779494795187818,30_203
O=C(CSc1nc(-c2ccccc2)cc2cc(Br)ccc12)Nc1cccc(-c2ccc3c(c2)CCO3)c1,-8.4,3.2777968332036655,30_204
O=C(Nc1cccc(-c2nc3ccccc3[nH]2)c1)c1ccc(-c2cccc3ccccc23)cc1,-8.1,3.3407103331057586,30_205
O=C(Nc1cccc(-c2cccc(-c3nc4cc(F)ccc4[nH]3)c2)c1)c1ccccc1F,-8.620000000000001,3.443853177840764,30_206
O=S(=O)(c1cccc(F)c1)c1cccc(-c2cccc(-c3cccc(C(F)(F)F)c3)c2)c1,-7.7,3.41260283837131,30_207
O=C(Nc1cccc(-c2cccc(-c3nc4cc(F)ccc4[nH]3)c2)c1)c1ccccc1/N=C/c1ccc(Cl)cc1,-8.8,3.2261739096159863,30_208
N[C@H]1CN(C(=O)c2cc3ccccc3[nH]2)C[C@H]1c1ccncc1,-7.0,3.672024334809843,30_209
O=C(c1cccc(-c2cccc(-c3cccc(F)c3)c2)c1)N1CCN(c2ccccc2)CC1,-8.66,3.426094808724147,30_210
N#Cc1cccnc1-c1cccc(-c2cccc(-c3ccnc(NC(=O)Cc4cccc5ccccc45)c3)c2)c1,-9.0,3.273530337589716,30_211
N[C@@H](C=CC1=CCC(=Nc2c(C(=O)C3CC3)cnc3ccc(-c4cc(F)c(O)c(Cl)c4)cc23)C1)c1ccccc1,-8.2,3.233064450499315,30_212
O=C(c1cccc(-c2cccc(-c3cccc(C(F)(F)F)c3)c2)c1)N1CCn2c(nnc2C(F)(F)F)C1,-8.9,3.4498793801504446,30_213
O=C(c1ccccc1C(F)(F)F)N1CCN(c2cccc3[nH]c(-c4cccc(C(F)(F)F)c4)nc23)CC1,-8.3,3.487094798794094,30_214
O=C(NCC1(c2ccccc2)CCN(c2cc(-c3cccc4ccccc34)ccn2)CC1)c1cc2ccccc2[nH]1,-9.7,3.2931655863195126,30_215
O=C(Nc1cccc(-c2cccc(-c3nc4ccccc4[nH]3)c2)c1)c1ccccc1,-8.62,3.442730724240592,30_216
O=C(Nc1nc(-c2ccc3c(c2)OCCO3)cs1)c1cccc(-c2cccc(-c3ccc4c(c3)OCO4)c2)c1,-8.1,3.312016342883396,30_217
O=C(Nc1cc(-c2ccccc2)no1)c1cc(-c2ccccn2)nc2ccccc12,-8.2,3.6037493009672676,30_218
O=C(Nc1cccc(C(F)(F)F)c1)c1cccc(-c2cccc(-c3cccc(-c4ccccc4F)c3)c2)c1,-9.0,3.003716495802779,30_219
CCCCOc1cccc(-c2cc(-c3ccc4c(c3)OCO4)c3ccccc3n2)c1,-7.9,3.4748718265195286,30_220
O=C(Nc1cccc(-c2cc(-c3ccc4ccccc4c3)nc(-c3cccc(Cl)c3F)n2)c1)c1ccccc1,-9.9,3.3225084288084266,30_221
O=C(Nc1cccc(-c2ccnc(Nc3cccc(C(F)(F)F)c3)c2F)c1)Nc1cccc(C(F)(F)F)c1,-9.0,3.3080961824430295,30_222
Cc1cccc(C)c1Oc1cccc(-c2cccc(-c3nc4ccccc4[nH]3)c2)c1,-7.5,3.353353594503004,30_223
O=[N+]([O-])c1cn2c(n1)OC[C@@H](OC1=NS(=O)(=O)c3ccc(F)cc3N1)C2,-7.4,3.245058392276231,30_224
NC(C(=O)N1CCN(c2ccc3scnc3c2)CC1)c1cccc(-c2ccccc2)c1,-8.0,3.7018727259827306,30_225
Cc1cccc(N(C(=O)c2cccc(F)c2)c2ccccc2C(=O)Nc2cccc(F)c2)c1,-7.6,3.458176928099915,30_226
CN(C)c1nc(Nc2cccc(-c3cccc(-c4cccc(C(=O)NC5CC5)c4)c3)c2)c2ccccc2n1,-8.4,3.398712784584207,30_227
O=C(Nc1cccc(-c2cccc(-c3ccccc3)c2)c1)c1cccc(Br)c1,-8.1,3.3584314958353128,30_228
O=C(CNc1cccc(-c2cccc(-c3ccccc3CO)c2)c1)c1cccc(Br)c1,-8.0,3.4288931393175313,30_229
O=C(c1cc(Cc2n[nH]c(=O)c3ccccc23)cc(F)c1F)N1CCN(c2cccc(C(F)(F)F)c2)CC1,-8.5,3.587751806611838,30_230
Cc1ccccc1-c1cccc(-c2cccc(-c3ccccc3F)c2)c1,-8.0,3.024689798660981,30_231
O=C(Cn1c(O)c[nH]c1=O)Nc1cccc(-c2cccc(-c3nc4cc(F)ccc4[nH]3)c2)c1,-8.9,3.384455472818006,30_232
O=C(Nc1cccc(-c2ccco2)c1)c1nc(-c2cccs2)ccc1-c1nc2ccccc2[nH]1,-8.0,3.492252499630901,30_233
O=C(CCCn1c(Sc2cccc(C(F)(F)F)c2)nc2ccccc2c1=O)N1CCc2ccccc2C1,-8.5,3.5095244587161503,30_234
CC=C1C=C(c2cccc(-c3cccc(-c4nc5ccccc5[nH]4)c3)c2)N(c2cccc(C(F)(F)F)c2)N(Cc2ccccc2C(F)(F)F)C1=O,-8.9,2.9998531056737177,30_235
O=C(Nc1cccc(-c2cccc(-c3cccc(C(=O)N4CCOCC4)c3)c2)c1)c1cccc2c1-c1ccccc1C2,-9.9,3.211509883779665,30_236
O=C1N=C(N2CCN(C(=S)Nc3ccccc3C(F)(F)F)CC2)N(Cc2ccccc2Cl)C1=O,-7.9,3.510976503494174,30_237
Cn1ncc2c(-c3ccnc(C(=O)O)c3)cc(-c3cccc(-c4cccc(N)c4)c3)cc21,-8.4,3.3866217061105965,30_238
O=C(Nc1cc(-c2ccccc2)nn1-c1ccccc1)c1ccc(-c2ccccc2)cc1,-8.2,3.4658021959799457,30_239
COc1cccc(C(O)c2nc(-c3cccc(C(N)=O)c3)cs2)c1,-7.0,3.7693351644677606,30_240
O=C(Nc1ccccc1C(=O)Nc1nc2ccccc2[nH]1)c1cccc(-c2cccc(-c3ccccc3F)c2)c1,-8.4,3.2788764596861637,30_241
N#Cc1cccnc1-c1cccc(-c2cccc(-c3ccc(NC(=O)c4ccccc4)cc3)c2)c1,-8.0,3.4145575848364174,30_242
O=C1CCC=C2C1C(c1cccc(-c3cccc(F)c3)c1)CCN2c1ccc(CN2C(=O)c3ccccc3C2=O)cc1,-8.8,3.152401272318136,30_243
O=C(NCc1ccccc1F)c1cc(-c2cccc(-c3cccc(-c4ccccc4F)c3)c2)ccc1O,-9.3,3.204637337351134,30_244
O=C(Nc1cc(Br)cc2cccnc12)c1cccc(-c2cccc(-c3ccccc3)c2)c1,-8.3,3.3717324163936286,30_245
O=C(Nc1cccc(-c2cccc(-c3cccc(C(=O)N4CCOCC4)c3)c2)c1)c1ccccc1,-8.799999999999999,3.5759240999335113,30_246
O=C(NN1C(=O)c2cccc3cccc1c23)c1cccc(-c2cccc(Oc3ccccc3)c2)c1[S+]([O-])c1cccc(-c2ccccc2)c1,-9.1,3.061328504794447,30_247
CC(=O)Nc1ccc(-c2cn(-c3cccc(-c4ccc5c(ccc(=O)n5C)c4)c3)nn2)cc1,-7.6,3.5843527052515425,30_248
COC=C1C=CC(Cc2cc(-c3cccc(Nc4c5ccccc5nc5ccccc45)c3)ccc2OC)=C1,-7.9,3.1666935791301642,30_249
CN(C)C(=O)c1cccc(Nc2nccc(-c3cccc(NC(=O)c4cccc(C#N)c4)c3)n2)c1,-8.2,3.5917613966784057,30_250
Cc1c(NC2CC=CC=NC(=O)C=CC=C(c3cccc(-c4cccc(-c5ccccc5F)c4)c3)CC2)cccc1-c1cccc(C(F)(F)F)c1,-9.0,0.7520795157976847,30_251
O=C(Nc1cccc(-c2cccc(-c3ccccc3F)c2)c1)c1cccc(C(F)(F)F)c1,-8.3,3.2672233782541786,30_252
NC(=O)c1ccc(-c2c[nH]c3ncc(-c4cccc(-c5ccccc5)c4)cc23)cc1,-8.5,3.455520427790835,30_253
O=C(Nc1ccc(-c2cccc(-c3cccc(C(=O)N4CCOCC4)c3)c2)cc1)Nc1cccc(Cl)c1,-8.3,3.509755228939267,30_254
O=C1c2ccccc2C(=O)c2c1ccc1[nH]c(-c3cccc(O)c3)nc21,-7.9,3.6309040205993943,30_255
O=C(Nc1cccc(-c2csc(=O)[nH]2)c1)c1cccc(-c2cccc(-c3ccccc3)c2)c1,-8.8,3.4402050523406618,30_256
Cc1onc(-c2ccccc2F)c1C(=O)Nc1ccccc1NC(=O)COc1ccc2c3c(c(=O)oc2c1)CCCC3,-8.4,3.2398959196800003,30_257
O=C(Nc1cccc(-c2cccc(-c3nc4cc(F)ccc4[nH]3)c2F)c1)c1ccccc1,-8.436363636363636,3.443853177840764,30_258
CC=C(Cc1ccccc1S(=O)(=O)c1ccccc1)c1cc(F)ccc1NCC(=O)N1CCOCC1,-7.8,3.6656113344156616,30_259
O=C(c1nn(-c2cccc(-c3ccccc3F)c2)cc1-c1ccccc1)N1CCCCC1,-8.5,3.5417344105182105,30_260
O=C(c1cccc(-c2cccc(-c3cccc(-c4nc5ccccc5[nH]4)c3)c2)c1)N1CCNCC1,-9.3,3.440998249723921,30_261
O=C(Nc1cccc(-c2cccc(-c3ccccc3)c2)c1)c1ccccc1Nc1cccc(-c2ccccc2Cl)c1,-8.6,3.0375957597987115,30_262
O=Cc1ccccc1Cc1ccc(-c2cccc(Cl)c2)cc1,-6.4,3.329706281169421,30_263
O=C(Nc1cccc(-c2csc(=O)[nH]2)c1)c1cccc(-c2cccc(-c3ccc4c(c3)OCO4)c2)c1,-9.1,3.360343663988578,30_264
O=C1Nc2ccccc2C12CCN(c1cccc(C(F)(F)F)c1)C2=O,-7.5,3.5289242813620216,30_265
O=C(Nc1cccc(-c2ccc3c(c2)OCCO3)c1)c1ccc(Cl)c(-c2cccc(-c3nc4cc(F)ccc4[nH]3)c2)c1,-9.4,3.290252696339879,30_266
O=C(Nc1cccc(Nc2ccc3c(C=Cc4ccccc4)[nH]nc3c2)c1)c1cccc(-c2ccccc2)c1,-7.9,3.2116674219104127,30_267
O=C(Nc1cccc(F)c1)Nc1cccc(-c2cccc(N3CCCC3)c2)c1,-9.0,3.6041629762810254,30_268
O=C(Nc1cccc(-c2cccc(-c3cccc(F)c3)c2)c1)c1cccc(-c2ccccc2F)c1,-9.0,3.1883384937617323,30_269
O=C(c1cccc(-c2cccc(-c3cccc(F)c3)c2)c1)N1CCN(c2ncccn2)CC1,-9.05,3.6140831845626264,30_270
O=C(OCc1ccc(F)cc1)c1cccc(-c2cccc(C3=NCCO3)c2)c1,-7.6,3.6333529968300233,30_271
O=C(c1ccccc1)c1cccc(-c2cccc(-c3cc(-c4cccc(F)c4F)c4c(n3)-c3ccccc3C4=O)c2)c1,-9.5,3.1228484107409784,30_272
O=C(c1ccccc1)c1cccc(-c2cccc(-c3nc4cc(F)ccc4[nH]3)c2)c1,-8.8,3.3916157136475658,30_273
O=C(Nc1nc(-c2ccccc2)nc2c1CN(Cc1ccccc1)CC2)c1cccc(C(F)(F)F)c1,-8.6,3.6166724291572754,30_274
O=C(c1cccc(-c2cccc(-c3cccc4ccccc34)c2)c1)c1cccc(-c2cccc3ccccc23)c1,-9.4,2.756380408942953,30_275
COc1ccc(Cn2cnc(C#N)n2)cc1Nc1ncc(Cl)c(Nc2ccccc2S(=O)(=O)CC(C)C)n1,-7.0,3.237848375915313,30_276
Cc1cc2ccc(-c3cccc(-c4cccc(-c5cccc(-c6nc7c(C)cccc7[nH]6)c5F)c4)c3)cc2s1,-10.4,3.128538480911228,30_277
O=C(c1cccc(F)c1)N1CCN(C(=O)c2cccc(-c3cccc(-c4cccc(C(F)(F)F)c4)c3)c2)CC1,-9.0,3.371992100234022,30_278
O=C(Nc1cccc(-c2cccc(-c3cccc(Cl)c3)c2)c1)c1cccc(C(F)(F)F)c1,-8.25,3.2733973874543887,30_279
O=C(N/N=C/c1cccc([N+](=O)[O-])c1)c1ccc2c(-c3nc4ccccc4[nH]3)[nH]nc2c1,-8.0,3.2461194006434955,30_280
O=C(Nc1cccc(-c2cccc(-c3nc4cc(F)ccc4[nH]3)c2)c1)c1ccccc1-c1ccccc1,-8.4375,3.297956728102947,30_281
O=C(Nc1cccc(-c2cccc(-c3nc4ccccc4[nH]3)c2)c1)c1cscn1,-8.1,3.5626116984837766,30_282
O=C(Nc1cccc(S(F)(F)(F)(F)F)c1)c1cccc(-c2cccc(-c3nc4ccccc4[nH]3)c2)c1,-8.9,3.253336592766253,30_283
O=C(Nc1cccc(-c2ccccc2F)c1)c1cc(-c2ccccc2)nc2ccccc12,-7.9,3.4038102262798526,30_284
O=C(c1ccc2c(-c3cccc(-c4ccccc4F)c3)cccc2c1)N1CCCCC1,-8.7,3.2505051445440696,30_285
Cn1ncc2cc(-c3cccc(-c4cccc(/C=C/C(=O)Nc5cccc(C(=O)N6CCOCC6)c5)c4)c3)cc(-c3ccccc3)c21,-8.2,3.2035157204066733,30_286
Cc1ccc(S(=O)(=O)N(Cc2cccc([N+](=O)[O-])c2)c2ccccc2)cc1,-7.2,3.616130943574314,30_287
O=C(Nc1cccc(S(=O)(=O)N2CCOCC2)c1)c1ccccc1Nc1cccc(-c2cccc3ccccc23)c1,-9.0,3.3613407946157725,30_288
O=C(c1cccc(-c2cccc(-c3ccccc3OC(F)(F)F)c2)c1)N1CCNCC1,-7.833333333333333,3.7179715826961255,30_289
COC=CC(O)(/C=C/C(=O)Oc1ccc(-c2cccc(-c3cccc(-c4ccccc4OC(=O)c4ccc5ccccc5c4)c3)c2)cc1C)Nc1ccccc1F,-7.0,2.439013555235171,30_290
O=C(Nc1cccc(-c2cc(-c3cccc4ccccc34)nc3ccccc23)c1)c1ccccc1Br,-8.7,3.2485356649855284,30_291
O=C(Nc1cccc(-c2cccc(-c3nc4ccccc4[nH]3)c2)c1)c1ccoc1,-8.3,3.520510833087121,30_292
O=C(Nc1cccc(-c2cccc(-c3nc4cc(F)ccc4[nH]3)c2)c1)c1ccccc1,-8.389999999999999,3.4293586076098226,30_293
O=c1n(Cc2nc3cc(-c4cccc5ccccc45)ncc3[nH]2)c2ccc3ccccc3c2n1-c1cccc(C(F)(F)F)c1,-8.7,3.3373156128009187,30_294
O=C1NCc2cccc(-c3cccc(-c4ccc5c(c4)OCCO5)c3F)c21,-8.0,3.6051618902684166,30_295
O=C(Nc1cccc(-c2cccc(-c3nc4ccccc4[nH]3)c2)c1)c1ccccc1,-8.62,3.442730724240592,30_296
O=C(Nc1cccc(-c2cccc(-c3cccc(Cl)c3)c2)c1)c1cccc(C(F)(F)F)c1,-8.25,3.2733973874543887,30_297
O=C(Nc1ccccc1C(F)(F)F)c1cnn(-c2nc(N[C@H]3CCCO3)c3ncn([C@@H]4O[C@H](CO)[C@@H](O)[C@H]4O)c3n2)c1,-7.7,2.8283346458643908,30_298
O=C(c1ccccc1)N1CCN(C(=O)c2cccc(Cc3n[nH]c(=O)c4c3CCCC4)c2)CC1,-9.0,3.6714772705543357,30_299
C=C(C=CCn1ccc2c(N)ncnc21)c1cccc(-c2cccc(-c3cccc(-c4cccc(F)c4)c3)c2)c1,-8.4,3.1747457354651427,30_300
C=CC(=O)Nc1cccc(-c2ccc(Nc3nccc(-c4ccc5c(c4)OCCO5)n3)cc2)c1,-7.5,3.545406975295604,30_301
N=C(CC(N=CN)=Nc1cccc(-c2cccc(C(F)(F)F)c2)c1)c1ccccc1Oc1ccccc1,-6.4,3.3578087631115636,30_302
N#Cc1cccnc1-c1cccc(C(=O)N2CCN(c3nccs3)CC2)c1,-6.9,3.7116375738919336,30_303
Cc1ccc(CCCNC(=O)c2cccc(Cc3ccccc3)c2)cc1,-6.4,3.4126458622890192,30_304
O=C(Nc1nnc(-c2cccc(-c3ccc4c(c3)OCCO4)c2)s1)c1cccc(C(F)(F)F)c1,-8.4,3.620207605937507,30_305
O=C(c1ccccc1-c1cccc(-c2ccc3c(c2)OCCO3)n1)N1CCN(c2ccccc2)CC1,-8.6,3.5044373938450915,30_306
O=c1oc2ccccc2c2nc(-c3cccc(O)c3)cc(-c3ccccc3F)c12,-9.0,3.452720844996251,30_307
O=C(O)CCc1ccc(OCc2c(-c3cccc(-c4nn[nH]n4)c3)c3ccccc3n2-c2ccccc2)c(F)c1,-8.2,3.32522844563697,30_308
O=Cc1nn(-c2cccc(CN3CCOCC3)c2)cc1CS(=O)(=O)c1ccccc1,-7.5,3.626296266607377,30_309
O=C(Nc1cccc(-c2cc(Nc3cccc(C(F)(F)F)c3)ncn2)c1)Nc1cccc(C(F)(F)F)c1,-8.05,3.382684919693456,30_310
Cc1cc(C)c(-c2cccc(C3=CC(c4cccc(C(=O)O)c4)=CN=C=CC=C3)c2)c(C)c1,-8.3,1.3292916605565739,30_311
C=C(C=CC=CC(=O)N1CCCC1)c1cccc(-c2cccc(-c3nc4ccccc4[nH]3)c2)c1,-7.7,3.363130709750955,30_312
O=c1cc(-c2ccc3c(c2)OCO3)[nH]c2c(-c3ccccc3)c(-c3ccccc3)nn12,-8.3,3.5752720112121352,30_313
NS(=O)(=O)c1ccc(-n2nc(C(F)(F)F)cc2-c2ccc3c(c2)OCO3)cc1,-7.9,3.685496511413153,30_314
O=c1cc(-c2ccc(-c3ccccc3)cc2)n(-c2cccc(-c3cccc(F)c3)c2)c2nc3ccccc3nc12,-9.4,3.239789145577397,30_315
O=C(c1cccc(-c2cccc(-c3cccc(F)c3)c2)c1)N1CCN(c2ccccc2)CC1,-8.66,3.426094808724147,30_316
C=C1C=NC(c2cccc(NC(=O)c3cccc(F)c3F)c2)=CN1C=CNC=O,-7.0,3.7062864165088376,30_317
O=C1ON1C=NC(=Cc1nc2ccccc2c(=O)n1-c1cccc2ccccc12)c1ccccc1,-8.8,3.3188250370434096,30_318
CCc1ccc2c(c1)Cc1c-2c2ccccc2n1Cc1ccccc1[N+](=O)[O-],-8.0,3.4548097912561357,30_319
O=C(Nc1ccc(OC(F)(F)F)cc1)Nc1cccc(-c2cccc(-c3ccc4c(c3)OCO4)c2)c1,-7.9,3.5403111982831597,30_320
O=C(Nc1ccc2c(c1)Cc1ccccc1-2)c1cccc(-c2cccc(C(=O)N3CCOCC3)c2)c1,-8.5,3.481248817578758,30_321
O=C(Nc1ccc2c(c1)c(=O)[nH]c1ccccc12)c1cccc(-c2cccc(-c3nc4cc(F)ccc4[nH]3)c2)c1,-9.5,3.2288091795598577,30_322
O=C(Nc1ccccc1C(=O)Nc1nccs1)c1cccc(-c2cccc(-c3nc4cc(F)ccc4[nH]3)c2)c1,-9.3,3.316941643946191,30_323
CN=C(C=Cc1ccccc1-c1cccs1)NCC=CC1=CC(=O)c2ccccc2C1=O,-7.6,3.5816328109645243,30_324
O=C(Cc1cccc(Oc2ccccc2)c1)Nc1cccc(-c2cccc(-c3ccc4c(c3)OCO4)c2)c1,-7.5,3.3634003482687707,30_325
O=C(Nc1ccccc1)Nc1cccc(-c2cccc(-c3cccc(-c4cccc(O)c4)c3)c2)c1,-9.6,3.21070037484663,30_326
O=C(NCc1ccccc1)c1cccc(-c2cccc(-c3nc4cc(F)ccc4[nH]3)c2)c1,-8.5,3.34975966357053,30_327
O=C(N[CH]C1C[C@@]2(O)[C@H]3Cc4ccc(O)c5c4[C@@]2(CCN3CC2CC2)C(O5)C1=O)c1ccccc1,-7.8,3.2699824472093617,30_328
Cn1c(=O)c2c(ncn2Cc2cccc(-c3cccc(-c4ccccc4)c3)c2)n(C)c1=O,-9.2,3.5467129820578167,30_329
COc1cccc(C(=C2C=CC=CC2=N)c2cccc(-c3cccc(-c4cccc(C(F)(F)F)c4)c3)c2)c1,-8.5,3.298388689876676,30_330
O=C(Nc1ccc2c(c1)OCO2)c1coc(-c2cccc(C(=O)N3CCCCC3)c2)n1,-8.0,3.6613922593197525,30_331
O=C(Nc1nccs1)c1cccc(-c2cccc(-c3cccc(-c4cccc(C(=O)N5CCC5)c4)c3)c2)c1,-10.6,3.397194029103469,30_332
O=C(c1cccc(-c2cccc(-c3cccc4ccccc34)c2)c1)N1CCN(c2cccc(C(F)(F)F)c2)CC1,-9.85,3.155724006991007,30_333
O=C(NS(=O)(=O)c1cccc(-c2cccc(C(F)(F)F)c2)c1)c1cccc(-c2ccccc2C(F)(F)F)c1,-8.2,3.4466628115374354,30_334
O=C(c1cccc(-c2cccc(-c3cc4ccccc4[nH]3)c2)c1)c1ccc2c(c1)OCO2,-8.7,3.3169715589679747,30_335
Nc1cccc(NC(=O)c2ccccc2NC(=O)Nc2cccc(-c3nc4ccccc4[nH]3)c2)c1,-8.3,3.1916670522959087,30_336
O=CC1NC2=CC(C=C3C=C(c4cccc(-c5ccccc5F)c4)N=C3c3ccccc3)=CC2=CO1,-9.2,3.280613377969625,30_337
O=C(Nc1cccc(-c2cccc(C(F)(F)F)c2)c1)c1cncc(Br)c1,-7.5,3.6533132113133484,30_338
Cn1c(C2CCN(C(=O)c3cccc(C(F)(F)F)c3)CC2)nc2ccccc21,-7.9,3.675431092441018,30_339
O=C(Nc1ccc(-c2ccccc2)cc1)c1cccc(-c2cccc(-c3ccccc3)c2)c1,-7.9,3.1672347217296952,30_340
O=C(CCc1nc(-c2ccccc2F)no1)N1CCN(C(=O)c2ccccc2-c2ccccc2)CC1,-7.9,3.6098232637814167,30_341
O=C(Nc1ccccc1-c1ccccc1)Nc1cc(-c2ccccc2)ccc1N1CCc2ccccc2C1,-9.7,3.1932860186977,30_342
O=C(Nc1cccc(-c2cccc(-c3ccccc3OC(F)(F)F)c2)c1)c1ccccc1F,-8.35,3.3779879760107585,30_343
O=C(Nc1cccc(-c2cccc(-c3nc4cc(F)ccc4[nH]3)c2F)c1)c1ccccc1,-8.436363636363636,3.443853177840764,30_344
O=C(c1ccc(Nc2nc(-c3ccccc3)nc3ccc(F)cc23)cc1)N1CCN(c2ccccc2F)CC1,-8.7,3.4579503166943395,30_345
O=C(c1cc(Cc2n[nH]c(=O)c3ccccc23)ccc1F)N1CCN(c2cccc(-c3cc(-c4ccccc4)cc(-c4ccc5c(c4)OCO5)c3)c2)CC1,-7.7,3.0692593285242267,30_346
O=C(c1cccc(-c2cccc(-c3ccc4c(c3)OCCO4)c2F)c1)N1CCNCC1,-8.8,3.6553838184373157,30_347
Cc1ccc(-c2cc(F)cc(-c3cccc(-c4cccc(C(F)(F)F)c4)c3)c2)cc1,-9.0,3.020310471280427,30_348
O=C(Nc1cccc(Nc2cccc(-c3ccccc3F)c2)c1)c1cccc(-c2cccc3ccccc23)c1,-9.5,3.121144602021804,30_349
OCCNC(=S)Nc1ccc(F)c(C(F)(F)F)c1,-5.2,3.2933131332686383,30_350
O=C(c1cccc(-c2cc(O)c3ncccc3c2)c1)N1CCN(S(=O)(=O)c2cccc(F)c2)CC1,-7.8,3.6597571554798485,30_351
O=C(Nc1cccc(-c2cccc(-c3cccc(-c4nc5cc(F)ccc5[nH]4)c3)c2)c1)c1ccccc1N(c1ccccc1)c1ccccc1,-8.6,2.9933237577721017,30_352
Nc1c(CN(Cc2cccc(-c3ccccc3)c2)c2ccccc2C=O)cccc1-c1cccc(C(F)(F)F)c1,-8.4,3.1202753644332786,30_353
COC(=O)c1cc(=O)c2ccc3c(c4ccccc4n3C)c2[nH]1,-7.2,3.6031125051189905,30_354
O=C(Nc1ccccc1)c1cccc(-c2cccc(-c3nc4cc(C(F)(F)F)ccc4[nH]3)c2)c1,-8.0,3.31558797004833,30_355
O=C(Nc1cccc(-c2cccc(-c3ncccc3CO)c2)c1)c1cccc(C(F)(F)F)c1,-8.1,3.5836179579629466,30_356
O=C(Nc1cccc(-c2cccc(-c3nc4cc(F)ccc4[nH]3)c2)c1)c1cccc(C(F)(F)F)c1,-8.16,3.2512717517338245,30_357
O=C(Nc1ccccc1C(=O)Nc1cccnc1)c1cccc(-c2cccc(C(F)(F)F)c2)c1,-8.4,3.4854545297226727,30_358
O=C(c1cccc(-c2cccc(-c3cccc(-c4cccc(F)c4)c3)c2)c1)N1CCN2CCC[C@H]2C1,-9.65,3.2707771746209913,30_359
N#Cc1cccnc1-c1cccc(C(=O)N2CCN(C(=O)CNc3nccc4ccc(C(F)(F)F)cc34)CC2)c1,-8.2,3.5820272059070497,30_360
O=C(NCCN1CCOCC1)c1cccc(-c2cccc(-c3cccc(-c4nc5cc(F)ccc5[nH]4)c3)c2)c1,-8.7,3.411856409153508,30_361
O=C(O)CC(Nc1ncnc2c1ncn2C1OC(C(=O)NCCCBr)[C@@H](O)[C@H]1O)c1ccc(-c2cc3cc(F)ccc3o2)cc1F,-7.1,2.6377725160479795,30_362
Cc1ccc(-c2nc3cc(-c4nc5cc(-c6ccccc6)ccc5[nH]4)ccc3[nH]2)cc1,-7.7,3.2979998848919285,30_363
O=C(Nc1cccc(-c2cccc(C(=O)N3CCOCC3)c2)c1)c1cccc(C(F)(F)F)c1,-8.32,3.7403303840440163,30_364
CC(C(=O)O)c1cccc(-c2cccc(-c3cccc(-c4nc5ccccc5n4C)c3)c2)c1,-8.4,3.467673462673197,30_365
O=C(Oc1cccc(-c2cccc(-c3cccc(-c4ccccc4F)c3)n2)c1)c1ccccc1,-8.9,3.2489383278999804,30_366
O=CN1[C@@H](c2ccc3ccccc3c2)C2=NC(c3ccccc3F)=CC(c3cccc(Br)c3)N21,-8.8,3.3274356297426326,30_367
O=C(N=CC1=CC(=Nc2nc3ccccc3n3cnnc23)CC1)c1cccc(-c2ccccc2F)c1,-8.1,3.4139756408699027,30_368
O=C(Nc1cccc(-c2cn3ccnc3c(NCc3ccncc3)n2)c1)Nc1cccc(-c2cccc(F)c2F)c1,-9.1,3.1900727637891984,30_369
O=C(Nc1cc(-c2ccccc2)nc(-c2cccc(C(F)(F)F)c2)c1)c1ccc2ccccc2c1,-9.1,3.286304295854214,30_370
O=C(c1cc2cc(C3CC3)ccc2[nH]1)N1CC(=O)N(Cc2cccc(OC(F)F)c2)[C@@H](Cc2ccccc2)C1,-8.2,3.4415753221018486,30_371
O=C(Nc1cccc(-c2cccc(C(=O)N3CCOCC3)c2)c1)c1cccc(C(F)(F)F)c1,-8.32,3.7403303840440163,30_372
O=C(C[C@H]1COCCN1C(=O)c1cc(F)ccc1F)Nc1cccc(-c2cccc3ccccc23)c1,-8.2,3.5973238733373734,30_373
O=c1c2ccccc2nc(-c2cccc(Oc3ccccc3)c2)n1-c1cccc(-c2cccc3ccccc23)c1,-8.1,3.222053214487315,30_374
Oc1[nH]c2ccccc2c1-n1/c(=N/N=C(c2ccccc2)c2ccccc2)c2cccn2c2ccccc21,-9.3,3.342955318272506,30_375
Nc1ccc(NC(=O)c2ccccc2F)cc1Nc1nccc(-c2ccccc2)n1,-7.9,3.545434404142936,30_376
O=C(Nc1cccc(-c2cncc(-c3cccc(-c4ccc[nH]4)c3)c2)c1)c1ccccc1-c1ccccc1,-8.4,3.228795325811256,30_377
O=C(Nc1cccc(-c2cccc(-c3cccc(F)c3)c2)c1)c1ccccc1C(=O)Nc1cccc(C(F)(F)F)c1,-8.2,3.085459489672084,30_378
N#Cc1cccnc1-c1cccc(-c2cccc(NC(=O)c3cccc(C(F)(F)F)c3)c2)c1,-8.0,3.5211466279311323,30_379
O=C(Nc1ccc(F)cc1)c1cccc(-c2cccc(-c3nc4cc(C(F)(F)F)ccc4[nH]3)c2)c1,-8.7,3.2512717517338245,30_380
O=C(Nc1ccc(F)cc1)c1cncc(-c2cccc(-c3cccc(-c4ccc(F)cc4)c3)c2)c1,-8.7,3.361983157976995,30_381
N=C(N)CC=Cc1ccc(-c2cccc(C(=N)N3CCOCC3)c2)nccc(-c2ccccc2)nn1,-8.6,1.3085699521058851,30_382
O=C(c1ccc(F)cc1F)C1Oc2ccccc2NC1c1cccc(-c2cccc(F)c2)c1,-9.5,3.5155644490239535,30_384
O=C(c1ccc2c(c1)OCO2)c1cc2cc(-c3cccc(O)c3F)ccc2oc1=O,-8.1,3.574847077893768,30_385
O=C(Nc1ccccc1CO)c1cccc(-c2cccc(-c3ccc4c(c3)OCO4)c2)c1,-7.7,3.614372096051053,30_386
Nc1nccc(-c2ccc3[nH]nc(-c4cccc(-c5ccc6ccccc6n5)n4)c3c2)n1,-9.6,3.5260899335553857,30_387
O=C(c1cnc2ccc(-c3cc(F)c(O)c(Cl)c3)cc2c1Nc1cccc(-c2ccccc2)c1)C1CCCCC1,-8.4,3.147702636936231,30_388
O=C1C=CCC(=Nc2c(-c3cccc(C(=O)Nc4ccccc4)c3)nc3ccccn23)CO1,-8.2,2.643621358100326,30_389
O=C(c1cccc(-c2nc3ccccc3nc2NC2CC2)c1)c1cccc(C(O)C(=O)O)c1,-7.8,3.4640470279687987,30_390
NS(=O)(=O)c1ccc(NC(=O)Nc2ccccc2-c2cc3ccccc3[nH]2)cc1,-8.1,3.494565719374085,30_391
O=C(Nc1cccc(-c2cccc(-c3ccccc3)c2)c1)c1ccccc1Nc1cccc(-c2ccccc2O)c1,-9.1,3.062306666171945,30_392
O=C(N=CC1=CC(=CC2C=CC(c3cccc(-c4cccc(-c5cccc(-c6cccc(O)c6)c5)c4)c3)=C2)C=C1)Nc1cccc(F)c1,-9.9,2.729675348885899,30_393
O=C(Nc1cccc(-c2cccc(C(=O)N3CCOCC3)c2)c1)c1cccc(-c2ccc3ccccc3c2)c1,-8.05,3.392862095706997,30_394
Nc1ncccc1-c1cc(-c2ccc3c(ccc4ccccc43)c2)no1,-8.0,3.48858160355885,30_395
COc1ccc(-c2cccc(Nc3nccc(-c4ccccc4)n3)c2)cc1,-7.5,3.6237478252378152,30_396
O=C(O)C=CC=CCc1ccc(-c2cc(-c3ccccc3)nc(-c3ccccc3)c2)o1,-8.0,3.354365419581207,30_397
O=C(Nc1cccc(-c2cccc(-c3cccc(F)c3)c2)c1)c1cccc(-c2cccc(F)c2)c1,-8.8,3.1883384937617323,30_398
NC(=O)C(COc1cccc(-c2cccc(C(F)(F)F)c2)c1)NC(=O)Oc1cccc(-c2ccccc2F)c1,-6.3,3.439561683165535,30_399
Cc1c(CC=CCC=NC(=NC#N)NCCCCCCn2ccc3ccccc32)cc(-c2ccc3ccccc3c2)cc1-c1cccc(C#N)c1,-6.6,2.535835983392688,30_400
O=C(CCNC(=O)c1cccc(Br)c1)Nc1cccc(-c2cccc(-c3ccc4c(c3)OCO4)c2)c1,-8.4,3.507248924648478,30_401
O=C(Nc1cccc(-c2cccc(-c3cccc(-c4ccccc4)c3)c2)c1)c1cccc(C(F)(F)F)c1,-9.0,3.0537079726898275,30_402
O=C(Nc1cccc(-c2cccc(N3CCCC3)c2)c1)c1cc(-c2ccccc2)nc2ccccc12,-8.4,3.3555271101246302,30_403
O=C(Nc1cccc2ccccc12)c1ccc2c(c1)c1cc(-c3ccccc3C(F)(F)F)ccc1n2-c1ccc(-c2ccccc2)cc1,-8.5,2.9082399080648074,30_404
O=C(c1cccc(-c2ccc(F)c(NC(=O)N3c4ccccc4-c4cccc(F)c4C3c3ccccc3)c2)c1)N1CCCC1,-9.3,3.125410346497948,30_405
O=C(Nc1cccc(-c2cccc(-c3ccc4c(c3)OCO4)c2)c1)c1ccccc1F,-9.5,3.5009762080035562,30_406
O=C(c1cccc(-c2cccc(-c3cccc(-c4ccccc4F)c3)c2)c1)N1CCNCC1,-9.450000000000001,3.508189933556279,30_407
c1ccc(-c2noc(-c3c4ccccc4cc4ccccc34)n2)cc1,-8.2,3.3830999621622664,30_408
O=Cc1c(Nc2ccccc2)ccc2ccccc12,-6.4,3.467964000953979,30_409
O=C(Nc1cccc(-c2cccc(-c3nc4cc(F)ccc4[nH]3)c2)c1)c1ccccc1,-8.389999999999999,3.4293586076098226,30_410
O=C(Nc1ccccc1Cl)c1c2ccccc2c(O)n1Cc1ccccc1-c1ccccc1,-8.3,3.320550699099719,30_411
COC=C1C(C)=CC1n1cc(-c2ccccc2)nc1NC(=O)c1nc2ccc(C)cn2c1NCc1ccccc1C,-7.7,3.259569336619963,30_412
Nc1c(C(=O)c2cccc(-c3cccc4ccccc34)c2)cccc1-c1nnc(-c2ccccc2)o1,-8.3,3.3511796789427812,30_413
O=C1C(c2cccc(-c3cccc(NC(=O)c4ccccc4-c4ccccc4)c3)c2)=Nc2ccccc21,-8.7,3.3659337194188703,30_414
Cn1c(-c2cccc(-c3cccc(NC(=O)c4ccccc4)c3)c2)nc2ccccc21,-8.381818181818183,3.3942752104154073,30_415
O=C(NCc1ccc(F)cc1F)c1nnc(-c2cccc(-c3ccccc3)c2)o1,-8.5,3.732725939239379,30_416
O=C(c1cccc(-c2cccc(-c3cccc4ccccc34)c2)c1)N1CCN(c2cccc3ccccc23)CC1,-10.2,3.104780948379596,30_417
O=C(c1cccc(-c2cccc(-c3nc4ccccc4[nH]3)c2)c1)N1CCN(c2ccccc2F)CC1,-9.5,3.4648144352837686,30_418
O=C(Nc1ccccc1C(=O)NCc1ccco1)c1cccc(NC(=O)c2ccccc2F)c1,-7.9,3.4523848811076183,30_419
Cn1c(-c2cccc(-c3cccc(NC(=O)c4ccccc4)c3)c2)nc2ccccc21,-8.381818181818183,3.3942752104154073,30_420
O=C(Nc1cccc(-c2ccc3c(c2)OCO3)c1)Nc1cccc(-c2cn3ccnc3c(NCc3ccncc3)n2)c1,-9.0,3.178633320472631,30_421
O=C(Nc1cccc(-c2ccccc2CO)c1)c1ccc(-c2cc3ccccc3oc2=O)cc1,-7.6,3.344301690734352,30_422
O=C(N[C@H]1CCCC[C@H]1NC(=O)c1ccc2c(Cl)c[nH]c2c1)c1cccc(-c2ccccc2F)c1,-9.6,3.454502934700771,30_423
O=C(Nc1cccc(-c2cccc(-c3ccccc3F)c2)c1)C1Cc2ccccc2N1C(=O)c1ccccc1F,-9.3,3.299852284342471,30_425
O=C(Cc1cccc(-c2ccc3c(c2)OCO3)c1)Nc1cccc(-c2cccc(-c3ccccc3)c2)c1,-8.9,3.326177184342135,30_426
CNC(C)(C)CCC(=NC(=O)c1ccccc1Cl)C(=O)NC(C#N)c1cccc(Cl)c1,-6.7,3.6306401289632593,30_427
ON=C(O)/C=C/c1cccc(-c2cc(-c3ccccc3)cc(-c3ccccc3)c2)c1,-9.3,3.157179892872734,30_428
O=C(c1ccc(-c2ccc(Cl)cc2F)cc1)N1CCn2c(cnc2-c2cccc(-c3csc(F)n3)c2)C1,-7.7,3.4075935578000203,30_429
O=CC1CC(F)(F)[CH]CC1[CH]N1CC(NC(=O)CNC(=O)c2cccc(C(F)(F)F)c2)C1,-7.1,3.3934218982575404,30_430
COc1cc(-c2cc(-c3cccc4ccccc34)nc(N)n2)cc(OC)c1OC,-7.7,3.698804328035534,30_431
O=C(Nc1cccc(-c2cccc(-c3nc4cc(F)ccc4[nH]3)c2)c1)c1ccccc1-c1ccccc1,-8.4375,3.297956728102947,30_432
O=C(c1cccc(-c2cccc(-c3cccc(F)c3)c2)c1)N1CCN(c2ccccc2)CC1,-8.66,3.426094808724147,30_433
O=C(c1cccc(-c2cccc(-c3ccccc3OC(F)(F)F)c2)c1)N1CCNCC1,-7.833333333333333,3.7179715826961255,30_434
O=C(c1cccc(-c2cccc(-c3nc4ccccc4[nH]3)c2)c1)N1CCN(c2ccccc2)CC1,-8.866666666666667,3.469314490794095,30_435
COC=C1C([CH]c2cccc(-c3ccccc3)c2-c2ccc3ccccc3c2)=CC(OC)=C1c1ccccc1,-7.0,2.951808816345073,30_436
O=C(Nc1ccc(-c2cccc(-c3cccc(-c4ncccc4CO)c3)c2)cc1)c1ccccc1-c1ccccc1,-7.7,3.1090027290706277,30_437
O=C(Nc1cccc(-c2cccc(-c3nc4ccccc4[nH]3)c2)c1)c1ccc(F)cc1,-8.7,3.4293586076098226,30_438
O=C(NCc1ccccc1)N[C@@H](Cn1c(=O)n(-c2ccc3c(c2)OCCO3)c(=O)c2ccccc21)c1ccccc1,-8.4,3.3822749343548395,30_439
O=C1c2ccccc2CCc2cc(Nc3cccc(NC(=O)c4cc5ccccc5oc4=O)c3)ccc21,-8.6,2.4213672059909017,30_440
O=C(O)CCc1cccc(-c2cccc(-c3cccc(C(=O)Nc4cccc(C(F)(F)F)c4)c3)c2)c1,-8.4,3.4465281105347416,30_441
O=C(Nc1cccc(-c2cccc(-c3nc4cc(F)ccc4[nH]3)c2)c1)c1cccc(C(F)(F)F)c1,-8.16,3.2512717517338245,30_442
O=C(Nc1ccc2c(c1)c1ccccc1n2-c1ccccc1)c1ccccc1-c1cccc(C(F)(F)F)c1,-8.4,3.1697284600179767,30_443
Clc1ccc(-c2ccc(-c3ccc(-c4cccc(-c5cccc(-c6ccccc6)c5)c4)cc3)cc2)cc1,-7.3,2.6443297092098295,30_444
O=C(Nc1cccc(-c2cccc(C(=O)N3CCOCC3)c2)c1)c1ccc2c(c1)Nc1ccccc1S2,-8.8,3.452221912778037,30_445
O=C(Nc1cccc(-c2nc(=O)o[nH]2)c1)c1cc(-n2cnc(C3CC3)c2)ccc1N1CCC(N2CCOCC2)CC1,-8.1,3.196697030365681,30_446
Fc1ccccc1-c1cccc(-c2cccc(-c3ccncc3F)c2)c1,-8.5,3.312569875889189,30_447
O=C1c2ccccc2S(=O)(=O)N1Cc1cccc(-c2cccc(-c3cccc(-c4ccccc4F)c3)c2)c1,-9.6,3.2652374797608426,30_448
O=C(O)c1ccc(-c2cccc(-c3cccc(-c4ccc5cccc(F)c5c4)c3F)c2)s1,-8.6,3.4046592882590065,30_449
O=c1[nH]c2cc(-c3cccc(-c4cccc(-c5ccccc5F)c4)c3)ccc2c(=O)n1-c1ccccc1,-8.7,3.4423147323361327,30_450
CCn1nc(-c2cccc(NC(=O)c3cccc(OC)c3)c2)c(CO)c1-c1cccc(C(=O)OC)c1,-6.5,3.4818432479404744,30_451
Cc1cc(-c2ncc3cc(-c4cccc(C(=O)N(C)C)c4)ccc3n2)ccc1C(=O)Nc1cc(F)cc(C(F)(F)F)c1,-1.8,3.350954480746681,30_452
Cc1cc(Nc2nccc(-c3cn(C)cn3)n2)cc2cc(C(=O)NCc3cccc(F)c3)[nH]c12,-7.4,3.4566576204288664,30_453
c1ccc(-c2cc(-c3ccco3)c3c(n2)c2ccccc2n2cnnc32)cc1,-8.4,3.4564505902474583,30_454
Nc1ccc(C(=O)/C=C/c2ccccc2)cc1,-6.0,3.35803437756848,30_455
O=C(Nc1ccccc1-c1ccccc1)c1cccc(-c2cccc(-c3ccccc3)c2)c1,-8.5,3.1672347217296952,30_456
O=C(Nc1cccc(-c2cccc(-c3nc4cc(F)ccc4[nH]3)c2)c1)c1ccccc1,-8.389999999999999,3.4293586076098226,30_457
Cc1cccc(NC(=O)CSc2nnc(-c3cccc4ccccc34)o2)c1,-8.1,3.6445562880510485,30_458
O=C(Nc1cccc(Oc2ccccc2)c1)c1cccc(-c2cccc(-c3cccc(-c4ccccc4F)c3)c2)c1,-8.3,3.1286966369250004,30_459
O=C(Nc1cccc(-c2cccc(C(F)(F)F)c2)c1)c1cc(-c2cccc(F)c2F)nc2ccccc12,-9.0,3.199248039403084,30_460
O=C(Nc1cc(F)cc(Oc2cccc3[nH]c(=O)[nH]c23)c1)c1cc(-c2ccccc2)ccc1F,-9.4,3.4357107847181325,30_461
O=C(Nc1ccc(-c2ccc3ccccc3c2)c(F)c1)c1ccc2ccccc2c1O,-8.0,3.3790981624059255,30_462
O=C(Nc1cccc(-c2cccc(-c3cccc(C(F)(F)F)c3)c2)c1)c1ccccc1,-8.55,3.3040276133142337,30_463
O=C(c1cccc(-c2cccc(-c3ncccc3CO)c2)c1)N1CCN(Cc2ccc3c(c2)OCO3)CC1,-7.8,3.521641729715359,30_464
O=C(c1cccc(-c2cccc3ccccc23)c1)N1CCc2[nH]c3ccccc3c2C1,-9.5,3.269929310205031,30_465
O=C(c1cc2ccccc2o1)N1CC[C@H](c2ccccc2F)C1c1cccc(-c2ccncc2)c1,-9.0,3.3659915375542946,30_466
O=C(Nc1cccc(-c2cccc(-c3cccc(C(F)(F)F)c3)c2)c1)c1ccccc1,-8.55,3.3040276133142337,30_467
O=C(Nc1cn(-c2cccc(C(F)(F)F)c2)c2cccc(-c3ccccc3)c12)c1ccccc1F,-8.3,3.2297671055156822,30_468
Cn1ncc2cc(-c3cc(C4(C)CC=CC=C5C=NC4C5C(=O)N4CCNCC4)c4cccnc4c3)ccc21,-8.9,1.5500158574433862,30_469
O=C(Nc1cccc(Nc2cc3c(=O)[nH][nH]c(=O)c3cc2Cl)c1)c1ccccc1F,-9.1,3.5285234160122263,30_470
Cn1c(-c2cccc(-c3cccc(NC(=O)NNc4nc(-c5cccc([N+](=O)[O-])c5)cs4)c3)c2)nc2ccccc21,-7.8,2.9680387476565797,30_471
O=C(Nc1cccc(-c2cccc(-c3nccc(Cl)n3)c2)c1)c1c(F)cccc1F,-8.5,3.610195962219537,30_472
O=C(c1cccc(-c2cccc(-c3nc4ccccc4[nH]3)c2)c1)N1CCN(c2ccccc2)CC1,-8.866666666666667,3.469314490794095,30_473
O=C(Nc1cccc(-c2cccc(N3CCCC3)c2)c1)c1cccc(-c2ccc3ccccc3c2)c1,-8.1,3.226100283903574,30_474
Fc1c(C2=CC(c3ccccc3)=NC=NN2)cccc1-c1ccc2cccc(F)c2c1,-9.7,2.6145070638450782,30_475
O=C(c1cccc(-c2cccc(-c3cccc(-c4nc5ccccc5[nH]4)c3)c2)c1)N1CCNCC1,-9.3,3.440998249723921,30_476
O=C(c1ccccc1-c1ccccc1)N1CCN(c2nnc(-c3ccccc3)c3ccccc23)CC1,-7.9,3.422375742777481,30_477
COc1ccc(NC(=S)Nc2cccc(-c3cccc(-c4ccco4)c3)c2)cc1,-7.3,3.5053967827251546,30_478
O=C(Nc1cccc(-c2cccc(C(F)(F)F)c2)c1)c1cccc(-c2cccc(-c3cccc4ccccc34)c2)c1,-9.8,2.9628017869313688,30_479
Cn1c(-c2cccc(-c3cccc(-c4ccc(NC(=O)Cc5ccccc5)cc4)c3)c2)nc2ccccc21,-7.7,3.3089641355849215,30_480
O=C(CC1CC(c2ccccc2)c2ccccc21)C(=O)c1ccccc1,-8.4,3.4168649221651988,30_481
O=C(NNc1ccc[nH]1)c1cccc(-c2cccc(-c3ccccc3)c2)c1,-7.5,3.4522371240817114,30_482
O=C(c1cccc(-c2cccc(-c3cccc(C(=O)N4CCOCC4)c3)c2)c1)N1CCNCC1,-9.175,3.649506152725788,30_483
O=C1CCN(c2ncc(C(F)(F)F)cc2Cl)CCNOc2c1ccc1c(S(=O)(=O)Nc3cccc(Cl)c3)cccc21,-6.9,1.2262348059478905,30_484
O=C(O)c1cccc(-c2ccc(-c3nc4cc(C(=O)Nc5cccc(-c6nc7ccccc7[nH]6)c5)ccc4[nH]3)cc2)c1,-6.5,3.160292165049164,30_485
O=C(Nc1cccc(-c2cccc(-c3nc4cc(C(F)(F)F)ccc4[nH]3)c2)c1)c1ccccc1,-7.94,3.31558797004833,30_486
O=C(Nc1cccc2ccccc12)c1cccc(-c2cccc(-c3cccc(-c4cccc(C(F)(F)F)c4)c3)c2)c1,-9.1,2.9628017869313688,30_487
O=C(Nc1ccccc1[N+](=O)[O-])c1cccc(-c2cccc(-c3cccc4c(=O)cc(-c5ccccc5)oc34)c2)c1,-9.0,3.231039702439208,30_488
C1=COCC2(C=C1)C=CC(Nc1cc(-c3ccccc3)nc3ncccc13)C=N2,-9.0,2.628116244887689,30_489
O=C(O)c1cccc(-c2cccc(-c3cccc(-c4cccc(C(=O)NC5CC5)c4)c3)c2)c1,-8.5,3.478168426414739,30_490
O=C(c1cccc(-c2cccc(-c3nc4cc(F)ccc4[nH]3)c2)c1)N1CCNCC1,-8.483333333333333,3.6450984636569372,30_491
CC=C1C=C(c2ccccc2F)CC(=O)N[C@H](c2cccc(-c3nc4cc(F)ccc4o3)c2F)C2CC12,-8.4,1.253765895170572,30_492
O=C(Nc1cccc(-c2ccccc2Cl)c1)c1cc(C2=CC=CCC2)nc2ccccc12,-8.4,3.4687073171936964,30_493
O=C(Nc1ccccc1C1(O)CNC1)c1cccc(-c2cccc(F)c2F)n1,-7.9,3.6930631178688147,30_494
O=C(c1cccc(-c2cccc(C(F)(F)F)c2)c1)N1C[C@@H]2CN(c3ccccn3)C[C@@H]2C1,-8.1,3.564528214966897,30_495
O=C(Nc1cccc(-c2cccc(-c3ccccc3OC(F)(F)F)c2)c1)Nc1ncccc1OCc1cccc(Cl)c1,-7.6,3.2285099614898005,30_496
O=c1c2ccccc2nc(-c2cccc(OCc3ccccc3)c2)n1-c1cccc(-c2cccc(-c3ccccc3OC(F)(F)F)c2)c1,-8.7,3.0981316529490295,30_497
O=C(Nc1cccc(-c2cccc(-c3nc4cc(C(F)(F)F)ccc4[nH]3)c2)c1)c1ccccc1-c1ccccc1,-8.025,3.1412476074542717,30_498
O=C(c1ccccc1)N1CCN(C(=O)c2cccc(-c3cccc(-c4cccc5ccccc45)c3)c2)CC1,-9.65,3.2651937684888095,30_499
O=C(Nc1cccc(-c2cccc(-c3nc4ccccc4[nH]3)c2)c1)c1ccccc1,-8.62,3.442730724240592,30_500
O=c1c2ccccc2nc(-c2ccccc2Cl)n1-c1cccc(-c2cccc(-c3ccccc3OC(F)(F)F)c2)c1,-8.3,3.178044744772043,30_501
O=c1[nH]c(=O)n(Cc2ccc(F)cc2)c(O)c1C=Nc1cccc(S(=O)(=O)N=C2CCCN2)c1,-7.4,3.3768407861006704,30_502
O=C(Nc1cccc(-c2cccc(-c3nc4cc(F)ccc4[nH]3)c2F)c1)c1ccccc1,-8.436363636363636,3.443853177840764,30_503
O=C(O)C1CN(Cc2cccc(-c3cccc(-c4cccc(C(=O)N5CCOCC5)c4)c3)c2)C1,-7.7,3.642829351500949,30_504
O=c1c2ccccc2oc2c1c(O)cc1cccc(-c3ccccc3-c3ccccc3)c12,-7.8,3.281723234135498,30_505
O=C(c1cccc(-c2cccc(-c3cccc(-c4nc5cc(F)ccc5[nH]4)c3)c2)c1)c1cc2ccccc2o1,-10.0,3.2659930707913896,30_506
Cc1ccccc1NC(=O)Nc1ccc(-c2cccc(-c3cccc(-c4ccccc4C(=O)N(C)C)c3)c2)cc1,-8.3,3.2159404542107293,30_507
Cn1c(-c2cccc(-c3cccc(NC(=O)c4ccccc4)c3)c2)nc2ccccc21,-8.381818181818183,3.3942752104154073,30_508
O=C(Nc1cccc(-c2cccc(-c3nc4cc(F)ccc4[nH]3)c2)c1)c1ccc2ccccc2c1,-8.600000000000001,3.359791101115841,30_509
O=C(NC1CC2CCC1O2)c1cccc(-c2cccc(-c3cccc(F)c3)c2)c1,-8.6,3.5394709461030214,30_510
O=C(c1cccc(-c2cccc(-c3cccc(-c4ccccc4F)c3)c2)c1)N1CCNCC1,-9.450000000000001,3.508189933556279,30_511
O=C(Nc1cccc(-c2cccc(-c3nc4cc(F)ccc4[nH]3)c2)c1)c1ccccc1,-8.389999999999999,3.4293586076098226,30_512
O=C1NC(=S)NC(=O)C1=Cc1ccc(-c2ccccc2)cc1,-7.1,3.5027943548353027,30_513
O=C(Nc1cncc(-c2cccc(C(=O)N3CCOCC3)c2)c1)c1cccc(-c2ccccc2F)c1,-9.1,3.6403780296996144,30_514
O=C(Nc1nc2ccc(Cl)cc2s1)c1cccc(-c2cccc(-c3cccc(-c4cccc(C(F)(F)F)c4)c3)c2)c1,-8.5,3.141437666131937,30_515
N=CC1=CC=C(CNC(c2ccc3ccccc3c2)c2nc(-c3ccccc3)c(-c3ccccc3)[nH]2)C1,-8.6,3.1582753002277935,30_516
Cn1cc(-c2cccc(-c3cccc(-c4cccc(-c5cccc(F)c5)c4)c3)c2)cc1C(=O)NCCN1CCOCC1,-8.6,3.3153246675294348,30_517
COc1cc(-c2ccc(NC(=O)c3cccc(-c4cccc(-c5ccccc5C)c4)c3)cc2)ccc1C(=O)O,-7.8,3.270341218391378,30_518
O=C(c1cccc(-c2cccc(-c3cccc(-c4ccccc4F)c3)c2)c1)N1CCNCC1,-9.450000000000001,3.508189933556279,30_519
O=C(c1cccc(N2C(=O)c3ccccc3C2=O)c1F)c1c[nH]c2ncccc12,-8.3,3.630672580995852,30_520
Cc1cccc(-c2ccc(C(=O)Nc3ccccc3-c3cccc(C4=NCCN4)c3)cc2)c1,-8.5,3.532733155859132,30_521
CN(C(=O)c1ccc2c(-c3cccc(-c4ccccc4F)c3)cccc2c1)c1cccc(-c2cccc(-c3cccc(-c4ccccc4O)c3)c2)c1,-8.5,2.8984825604485676,30_522
O=C(Nc1cccc(C(=O)N2CCOCC2)c1)c1cccc(-c2ccc3ccccc3c2)c1,-7.7,3.6100608840887976,30_523
Cn1c(-c2cccc(-c3cccc(NC(=O)c4cccc(C(F)(F)F)c4)c3)c2)nc2ccccc21,-8.225,3.449135448355882,30_524
O=C(N[C@@H]1CC[C@@]2(O)[C@H]3Cc4ccc(O)c5c4[C@@]2(CCN3CC2CC2)[C@H]1O5)c1cc2ccccc2c2ccccc12,-7.7,3.084457086303906,30_525
O=C(Nc1cccc(-c2ccccc2CO)c1)c1cccc(-c2ccccc2CO)c1,-7.3,3.49442169514012,30_526
O=C(N/N=C/c1cc2ccccc2nc1N1CCCC1)c1ccc2ccccc2c1O,-8.5,3.559826345084173,30_527
O=C(c1cccc(-c2cccc(O)c2)c1)c1cccc(-c2cccc(-c3cccc(-c4ccccc4O)c3)c2)c1,-9.5,3.138314537915609,30_528
O=c1c2ccccc2nc(/C=C/c2cccc(F)c2)n1-c1cccc(-c2cccc(-c3ccc4c(c3)OCO4)c2)c1,-8.8,3.2057082484397457,30_529
O=C(Nc1cccc(-c2cccc(C(=O)N3CCOCC3)c2)c1)c1cccc(-c2ccc3ccccc3c2)c1,-8.05,3.392862095706997,30_530
O=C(c1cccc(-c2cccc(-c3ccc4c(c3)OCO4)c2)c1)N1CCNCC1,-8.1,3.6616829806634774,30_531
C[C](F)c1cccc(NC(=O)c2cccc(-c3ccc(F)c(F)c3)c2)c1,-8.2,3.547788167704909,30_532
O=C(Nc1ccccc1-c1ccccc1)c1cccc(-c2cccc(-c3cccc(-c4nc(=O)c5ccccc5[nH]4)c3)c2)c1,-9.6,3.190238095256126,30_533
O=C(Nc1cccc(-c2cn3ccnc3c(NCc3ccncc3)n2)c1)Nc1cccc(-c2cccc(F)c2F)c1,-9.1,3.1900727637891984,30_534
O=C(Nc1cccc(-c2ccnc3cc(-c4ccc5c(c4)OCO5)ccc23)c1)Nc1cccc(C(F)(F)F)c1,-9.5,3.357724399265143,30_535
O=C(NC1CCCC1)c1cccc(-c2cccc(C(=O)N3CCN(C(=O)c4ccccc4)CC3)c2)c1,-7.8,3.6025337280921574,30_536
O=C(Nc1cccc(-c2cnc3ccccc3n2)c1)c1cc(-c2cc3ccccc3c3ccccc23)ccc1N1CCOCC1,-9.2,3.225321430594791,30_537
O=C(c1cccc(-c2cccc3ccccc23)c1)N1CCN(c2cccc(Cl)c2)CC1,-8.6,3.4202677082262376,30_538
O=C(Nc1cc(-c2ccc3c(-c4nc(N[C@H]5CCCNC5)ncc4C(F)(F)F)c[nH]c3c2)ccc1F)c1cccc(C(F)(F)F)c1,-7.5,3.0799223903598136,30_539
COc1ccc(-c2cccc([C@@]3(c4ccccc4)N=C(N)N(C)C3=O)c2)cc1,-7.8,3.7635211458224846,30_540
N#Cc1ccc(-c2cccc(-c3cccc(C(=O)NCCCO)c3)c2)cc1Br,-7.0,3.6369215774316013,30_541
O=S(=O)(C=C1C=CC(C=C2c3ccccc3-c3ccccc32)=C1)c1cccc(F)c1,-8.5,3.438119336315068,30_542
O=C(Nc1cccc(-c2cccc(-c3ccc4c(c3)OCO4)c2)c1)Nc1cccc2ccccc12,-10.3,3.2940231259210835,30_543
CC(C)Oc1ccc(S(=O)(=O)N2CCOCC2)cc1NC(=O)c1cccc(S(=O)(=O)Nc2cccc(Br)c2)c1,-7.1,3.4381063946854837,30_544
O=C(Nc1cccc(-c2cccc(-c3cccc(C(F)(F)F)c3)n2)c1)Nc1ccc2cc(-c3ccccc3)ccc2c1,-8.0,3.0855735120116545,30_545
O=C(Nc1ccc2c(c1)CCC(c1ccccc1F)O2)c1cccc2c1-c1ccccc1C2=O,-8.9,3.4656344319972607,30_546
O=C(Nc1cncc(-c2cccc(-c3cccc(-c4ccccc4F)c3)c2)c1)c1cccc(C(F)(F)F)c1,-8.7,3.1691522822884446,30_547
O=C(Nc1cccc(-c2cccc(C(F)(F)F)c2)c1)c1ccc2ccccc2c1O,-7.6,3.519592631090359,30_548
CC(O)OCC1OCN(c2ccccc2C=O)CC=CC=CCc2cc(-c3ccc4ccccc4c3)ccc21,-7.9,1.4400819669371674,30_549
Cc1cn(-c2ccc(-c3cc(-c4ccccc4)cc(-c4ccccc4)c3)cc2)c2ncccc2c1=O,-8.9,3.17811666106069,30_550
O=C(c1cccc(-c2cccc(-c3cccc(-c4cccc(F)c4)c3)c2)c1)N1CCNCC1,-9.2,3.508189933556279,30_551
O=C(Nc1cccc(-c2cccc(-c3cccc(-c4cccc(O)c4)c3)c2)c1)c1ccccc1,-9.25,3.303194323964135,30_552
O=C(Nc1cccc(F)c1)Nc1cc(-c2cccc(-c3cccc(-c4ccccc4F)c3)c2)ccn1,-9.7,3.3198308903601568,30_553
O=C(Nc1cccc(-c2cnc3ccc(F)cn23)c1F)c1ccc2c(c1)Cc1ccccc1-2,-8.4,3.393594276921214,30_554
O=C(Nc1cccc(-c2cccc(-c3nc4cc(C(F)(F)F)ccc4[nH]3)c2)c1)c1ccccc1Cl,-8.3,3.2846494799855677,30_555
O=C(NCc1cccc(-c2cccc(F)c2)c1)c1cc(-c2cccnc2)nc2ccccc12,-8.6,3.406654143854362,30_556
O=C(Nc1cccc(-c2cc(-c3cccc(-c4ccccc4F)c3)no2)c1)c1ccccc1-c1ccccc1,-8.4,3.30962225287731,30_557
O=C(c1cccc(-c2cccc(-c3cccc(C(F)(F)F)c3)c2)c1)N1CCNCC1,-8.6,3.642566566269835,30_558
O=C(Nc1cccc(C=CC=C2C=C2C(F)(F)F)c1)c1cc2ccccc2cc1Nc1cccc(-c2cccc(F)c2)c1,-8.6,2.9494961878338373,30_559
O=C(Nc1ccc(-c2cccc(-c3cccc(-c4nn[nH]n4)c3)c2)cc1)c1ccccc1-c1ccccc1,-8.1,3.409440690452807,30_560
O=C(Nc1cccc(-c2cc(-c3ccc(F)cc3F)no2)c1)c1cccc(C(F)(F)F)c1,-7.8,3.5681930929210335,30_561
O=C(Nc1cccc(-c2cccc(-c3cccc(C(F)(F)F)c3)c2)c1)c1ccccc1,-8.55,3.3040276133142337,30_563
N#Cc1cccnc1-c1cccc(-c2cccc(-c3cccc(NC(=O)c4ccccc4)c3)c2)c1,-8.5,3.4145575848364174,30_564
N=C1CN(CCO)CCC1C1CC(=C2C=NC=NC2CNC(=O)c2ccccc2)N=C1c1ccc2c(c1)OCO2,-7.8,3.0953775481821753,30_565
O=C(CSc1nc2ccccc2nc(-c2ccc(F)cc2)c1=O)Nc1cccc2ccccc12,-8.3,2.4439477881349188,30_566
COc1ccc(-c2noc(-c3ccc(NC(=O)c4cccc(C(F)(F)F)c4)cc3)n2)cc1,-7.1,3.6600579712946235,30_567
O=C(NCc1ccccc1)c1cccc(-c2cccc(-c3cccc(-c4cccc(-c5ccccc5F)c4)c3)c2)c1,-8.8,2.8891818166043515,30_568
Cc1cccc(C(=O)Nc2ccccc2C(=O)Nc2cccc(C(F)(F)F)c2)c1,-8.4,3.6672342031453846,30_569
O=C(c1cccc(-c2cccc(-c3cccc(F)c3)c2)c1)N1CCN(c2ccccc2)CC1,-8.66,3.426094808724147,30_570
O=C(COc1cccc(Cl)c1)Nc1cccc(-c2cccc(-c3nc4cc(F)ccc4[nH]3)c2)c1,-7.8,3.3641071371215063,30_571
O=C(O)c1ccc(-n2cc(-c3ccc4ccccc4c3)nc2NC(=O)c2ccccc2C(F)(F)F)cc1,-8.4,3.376673153082882,30_572
O=C(Nc1ccc(-c2n[nH]c(=S)o2)cc1)c1cccc(-c2cccc(-c3cccc(-c4cccc(-c5nccs5)c4)c3)c2)c1,-8.8,3.1439140446937484,30_573
CC=CC(C)=C(C)/C=C/c1onc(C)c1-n1cc(-c2cccc(NC(=O)c3cccc(C#N)c3)c2F)nn1,-6.9,3.4442749553407683,30_574
O=C1NCC2N=C(c3ccccc3)N=CC2C(=O)c2c1cccc2-c1cccc(-c2ccc3c(c2)OCO3)c1,-9.5,1.5239917306719262,30_575
Cc1ccccc1C(=O)N(c1ccccc1)c1ccccc1-c1ccccc1,-6.5,3.185105034989806,30_576
Cn1c(-c2cccc(-c3cccc(NC(=O)c4ccccc4Oc4ccccc4)c3)c2)nc2ccccc21,-8.35,3.275728118796379,30_577
O=C(Nc1ccccc1-c1nc2cc(Cl)ccc2n2cccc12)c1cc2cc(-c3ccc4c(c3)COC4=O)ccc2[nH]1,-10.0,3.1855673889549827,30_578
O=C(Nc1cccc(-c2ccccc2F)c1)c1cccc(-c2cccc(-n3cnnn3)c2)c1,-8.7,3.5855489223954957,30_579
O=C(Nc1cccc(Cl)c1F)c1c(Nc2cccc(C(F)(F)F)c2)sc2c1CCCC2,-8.2,3.527969342120204,30_580
O=C(Nc1cccc(-c2cccc(-c3ncccc3CO)c2)c1)c1cccc(F)c1,-7.6,3.6065369826314777,30_581
O=C(c1cccc(-c2cccc(-c3ccccc3OC(F)(F)F)c2)c1)N1CCNCC1,-7.833333333333333,3.7179715826961255,30_582
O=C(Nc1cccc(-c2ccc3c(c2)OCO3)c1)c1cccc(-c2cccc(-c3cccc(-c4ccccc4F)c3)c2)c1,-9.5,3.0509717974853863,30_583
O=C(c1cccc(-c2ccc3c(c2)OCCO3)c1)N1CCc2c([nH]c3ccccc23)C1c1cccc(C(F)(F)F)c1,-8.5,3.2692611685132893,30_584
O=C(Nc1ncccc1-c1nc2ccccc2[nH]1)c1cccc(-c2cccc(-c3cccc(-c4ccccc4F)c3)c2)c1,-9.3,3.206762978615581,30_585
O=C(Nc1cccc(C(F)(F)F)c1)c1cccc(-c2cccc(-c3nc4cc(F)ccc4[nH]3)c2)c1,-8.4,3.2512717517338245,30_586
N#Cc1cccnc1-c1cccc(-c2cccc(NC(=O)c3cccc(C(F)(F)F)c3)c2)c1,-8.0,3.5211466279311323,30_587
O=C(Nc1cccc(-c2cccc(-c3cccc(C(=O)N4CCOCC4)c3)c2)c1)c1ccc(Cl)cc1,-8.9,3.5467023654418024,30_588
O=C(Nc1cccc(-c2cccc(-c3nc4cc(C(F)(F)F)ccc4[nH]3)c2)c1)c1ccccc1F,-8.350000000000001,3.2512717517338245,30_589
O=C(Nc1cccc(-c2cccc(-c3nc4cc(F)ccc4[nH]3)c2)c1)c1cccc(C(F)(F)F)c1,-8.16,3.2512717517338245,30_590
O=C(Nc1cccc(-c2cccc(-c3nc4cc(F)ccc4[nH]3)c2F)c1)c1cccc(C(F)(F)F)c1,-8.15,3.249901202177252,30_591
O=c1c2ccccc2nc(-c2cccc(C(F)(F)F)c2)n1-c1ccc2c(c1)Cc1ccccc1-2,-9.0,3.3530993155433517,30_592
O=C(Nc1cccc(-c2cccc(-c3cccc(F)c3)c2)c1)c1cccc(-c2ccc3ccccc3c2)c1,-8.4,3.089476916355295,30_593
O=C(Nc1cccc(-c2cccc(-c3nc4cc(F)ccc4[nH]3)c2)c1)c1ccccc1F,-8.620000000000001,3.443853177840764,30_594
O=C(c1cc(Cc2n[nH]c(=O)c3c2NCCC3)ccc1F)N1CCN(C(=O)C2(O)CC2)CC1,-8.1,3.3282346926731927,30_595
O=C(Nc1cccc(-c2cccc(-c3cccc(Cl)c3)c2)c1)c1cccc(C(F)(F)F)c1,-8.25,3.2733973874543887,30_596
O=C(c1cccc(-c2cccc(-c3ncccc3CO)c2)c1)N1CCN(c2ccccc2F)CC1,-8.5,3.6480870477234384,30_597
Fc1ccccc1-c1cccc(C(NC2C=CC=COC2)c2cc3ccccc3o2)c1,-8.2,2.5522748170914635,30_598
O=C(c1cccc(-c2cccc(-c3cccc4ccccc34)c2)c1)N1CCN(c2ccccc2F)CC1,-9.733333333333334,3.2138302346186602,30_599
O=C(Nc1ccc2c(c1)NC(=O)N(CCO)C2)N[C@H]1CC[C@H](c2ccccc2)CC1,-7.6,3.465592954121671,30_600
O=C1C=CC=C(C(F)(F)F)CCNc2ncc(-c3cccc(-c4ccc5c(c4)OCCO5)c3)cc21,-7.7,1.4051078605503031,30_601
Cc1c(-c2cccc(C(=O)Nc3ccccc3C#N)c2)ccnc1C1C=CC=CC1,-7.5,3.6699819941397145,30_602
O=C(Nc1cccc(-c2cccc(C(F)(F)F)c2)c1)c1cccc2ccccc12,-7.6,3.422727412928715,30_603
C=CC(=Nc1ccnc2cc(Cl)ccc12)c1ccccc1C=C1C=CCC(=N)NCCOC=CO1,-7.7,1.597596556833249,30_604
O=C(NC12CC3CC(CC(C3)C1)C2)c1cc2c(-n3ccc4ccccc43)ncnc2s1,-8.0,3.373032924992326,30_605
O=C(Nc1cccc(C(F)(F)F)c1)C1CN(C(=O)c2cccc(-c3ccccc3)c2)CCN1C(=O)c1cccc(-c2ccc3c(c2)OCCO3)c1,-9.3,3.197824077863821,30_606
O=C(Nc1ccccc1NC(=O)c1cccc2ccccc12)c1cc(-c2ccc3ccccc3c2)[nH]n1,-8.3,3.3548575102340905,30_607
O=[N+]([O-])c1ccc(S(=O)(=O)Nc2cccc(-c3cccc(-c4ccccc4)c3)c2)cc1,-7.9,3.5708411941050713,30_608
O=C(Nc1ccc2c(c1)c1ccccc1n2-c1cccc(-c2ccccc2OC(F)(F)F)c1)c1ccccn1,-8.5,3.3096088057120854,30_609
CC=C1C=CC(S(=O)(=O)NCc2cccc(Nc3nc4ccccc4nc3Nc3cccc(F)c3)c2)=C1,-9.4,3.434175184986778,30_610
Cc1nc(NCC2=CC=CCC2)cc(-c2cccc(C(F)(F)F)c2)n1,-7.3,3.760904753014863,30_611
O=C1CCNCCNc2c1cccc2-c1cc(-c2cc3ccccc3o2)cc(F)n1,-8.2,1.4005539560839848,30_612
O=C1NNc2nc(CNCCc3cccc(-c4ccccc4)c3)nc3cccc1c23,-7.0,3.5465634555896557,30_613
O=C(Nc1cccc(S(=O)(=O)c2ccccc2)c1)c1ccc(Cl)cc1F,-7.3,3.7739396466422965,30_614
O=C(c1ccccc1NS(=O)(=O)c1cccc(F)c1)N1CCc2ccccc21,-8.0,3.770805444447552,30_615
Cn1c(-c2cccc(-c3cccc(-c4ccc5c(c4)Oc4cccc(F)c4C5=CC=O)c3)c2)nc2ccccc21,-8.7,3.077936416151478,30_616
O=C(Nc1ccccc1)c1cnc2ccccc2c1Nc1cccc(-c2cccc(C(F)(F)F)c2)c1,-8.1,3.3129886632522725,30_617
O=C(c1cccc(-c2cccc(C(F)(F)F)c2)c1)N1CCn2c(nnc2-c2ccccc2)C1,-8.6,3.6226310389530503,30_618
O=C(Nc1nc2ccccc2cc1-c1ccccc1NC(=O)c1ccccc1C(=O)O)c1ccccc1Cl,-8.5,3.3372845205681037,30_619
O=C(c1cccc(-c2cccc(-c3cccc(C(F)(F)F)c3)c2)c1)N1CCNCC1,-8.6,3.642566566269835,30_620
O=C(Nc1cccc(-c2cccc(-c3nc4cc(F)ccc4[nH]3)c2)c1)Nc1ccc2ccccc2c1,-9.2,3.284569061783838,30_621
O=C(NC(C(=O)Nc1cccc(-c2cccc(-c3ccccc3Cl)c2)c1)c1ccccc1)c1ccccc1,-8.6,3.175976918979238,30_622
O=C1c2ccccc2C(c2cc3ccccc3o2)N1c1cccc(-c2cccc(-c3ccc4c(c3)OCO4)c2)c1,-8.6,3.1891984830452254,30_623
c1ccc(-c2cccc(CNc3ccccc3-c3ccc4ccccc4c3)c2)cc1,-8.0,2.9537060528323846,30_624
NNC=Cc1cc(-c2cccc(C(=O)O)c2)cc(-c2cccc(-c3cccc(C(=O)NCc4ccccc4)c3)c2)c1,-7.8,2.942557379969359,30_625
O=C(Nc1cccc(-c2cc3ccccc3[nH]2)c1)c1cccc(-c2cccc(-c3cccc4ccccc34)c2)c1,-8.7,3.0170464569671154,30_626
O=C(Nc1ccccc1C(=O)Nc1cccc(Cl)c1)c1cccc(-c2cccc(-c3cccc(F)c3)c2)c1,-8.7,3.280727093390026,30_627
O=C(Nc1cccc(-c2cccc(-c3cccc(-c4nc5cc(F)ccc5[nH]4)c3)c2)c1)c1ccccc1,-8.9,3.297956728102947,30_628
O=Cc1c(Nc2ccccc2Oc2ccccc2)nc2ccccc2c1-c1ccccc1-c1ccccc1,-7.5,3.2311026410717227,30_629
O=C(c1cccc(-c2ccc3c(c2)CCO3)c1)N1CCN(c2nc3ccccc3c3nc(-c4ccco4)nn23)CC1,-8.3,3.2837413353606744,30_630
O=C(Nc1cccc(CN2CCCC2=O)c1)c1cccc(-c2cccc(-c3ccc4c(c3)OCO4)c2)c1,-8.5,3.499326803330413,30_631
Cc1cccc(CCNC(=O)c2cnc3c(n2)C(=O)c2ccccc2C3=O)c1,-7.7,3.768054865494071,30_632
O=C1C=CC(=O)N1c1cccc(-c2cc3cc(F)ccc3[nH]2)c1,-7.5,3.6205154458918485,30_633
O=C(Nc1cccc(-c2cccc(-c3nc4cc(C(F)(F)F)ccc4[nH]3)c2)c1)c1ccccc1,-7.94,3.31558797004833,30_634
Cc1nsc(-c2cccc(-c3cccc(-c4cccc(-c5ccccc5)c4)c3)c2)n1,-9.2,3.2339789272053765,30_635
O=C(Nc1ccc2c(c1)OCCO2)c1ccc(-c2ccc3c(c2)OCO3)cc1,-7.6,3.681086458710265,30_636
O=C(c1cccc(-c2cc(F)c(F)c(F)c2)c1)N1CCN(c2ccccc2)CC1,-8.4,3.5290964102549722,30_637
O=CN=CC=CCCC=CC=CCC=CC=CC1=Cc2c(Cl)cccc21,-5.8,2.9564990365430677,30_638
Cn1c(-c2cccc(-c3cccc(-c4ccc(C(=O)N5CCOCC5)cc4)c3)c2)nc2ccccc21,-7.8,3.417921183135963,30_639
O=C(Nc1cccc(Cl)c1)Nc1cccc(-c2cccc(-c3cccc(C(=O)N4CCOCC4)c3)c2)c1,-8.6,3.509755228939267,30_640
COc1ccccc1-c1nc(-c2cccc(C(=O)N3CCOCC3)c2)c2ccccc2n1,-8.7,3.63402686796562,30_641
COc1ccccc1/C=C/Cn1c2c(c3ccccc31)C[C@@]1(O)C3Cc4ccc(O)c5c4C1(CCN3CC1CC1)[C@H]2O5,-8.3,3.1365069228173112,30_642
O=C(Nc1cccc(-c2ccccc2F)c1)c1cccc(-c2cccc(-c3cccc(-c4ccccc4OC(F)(F)F)c3)c2)c1,-8.1,2.9296270306772167,30_643
Cc1cc(-c2cccc(-c3cccc(-c4nc5cc(F)ccc5[nH]4)c3)c2)ccc1NS(C)(=O)=O,-8.2,3.4559016718425446,30_644
Cn1c(-c2cccc(-c3cccc(NC(=O)c4ccccc4)c3)c2)nc2ccccc21,-8.381818181818183,3.3942752104154073,30_645
O=C(Nc1cc(-c2ccccn2)cs1)c1ccccc1Nc1cccc(-c2cccc(F)c2F)c1,-8.2,3.437217148950939,30_646
O=C(Nc1cccc(-c2cccc(C(=O)N3CCOCC3)c2)c1)c1cccc(C(F)(F)F)c1,-8.32,3.7403303840440163,30_647
FC(F)c1ccccc1Nc1nc(NCc2ccccc2Cl)c2ccc3ccccc3c2n1,-8.4,3.3747787529647155,30_648
O=C1CCCN1C(c1ccccc1)c1ccc2ccccc2c1O,-7.0,3.622857609408631,30_649
O=C1CCC2(CCC(NC(=O)N3CC[C@H](c4ccccc4)C3)CC2)CN1Cc1ccco1,-7.0,3.5136757959739926,30_651
COc1cccc(-c2cccc(-c3cccc(-c4cccc(-c5cccc(-c6nc(=O)o[nH]6)c5)c4)c3)c2)c1,-10.0,3.3083768833151903,30_652
C[C@@H](c1cccc(Oc2ccccc2)c1)n1ccnc1-c1cccc(-c2ccc3ccccc3c2)c1,-7.5,3.1919851504142893,30_653
CC(C)c1onc(-c2c(Cl)cccc2Cl)c1COc1cccc(-c2cccc(C(=O)NC3CC3)c2)c1,-6.6,3.49627330120785,30_654
O=C(Nc1cccc(-c2cccc(-c3nc4cc(C(F)(F)F)ccc4[nH]3)c2)c1)c1cccc(C(F)(F)F)c1,-8.3,3.248946671823277,30_655
O=C(Nc1ccccc1)Nc1cc(-c2ccccc2)ccc1-c1cccc(-c2cccc(-c3ccccc3F)c2)c1,-8.9,3.0022135698936827,30_656
O=C(Nc1cccc(-c2ccccc2Cl)c1)c1cccc(-c2cccc(-c3ccc4ccccc4c3)c2)c1,-9.0,3.063114995891121,30_657
COC(=O)C1Cc2cc(Cl)cc(-c3cccc(-c4nc5ccccc5n4C)c3)c2C1=O,-7.4,3.522660624301892,30_658
O=C(O)CC/C=C\CC1=CCC[C@@H]1NS(=O)(=O)c1cccc([N+](=O)[O-])c1,-6.3,3.3336951823361725,30_659
O=C(Nc1cccc(-c2cccc(-c3cccc(C(F)(F)F)c3)c2)c1)c1ccccc1F,-8.65,3.2672233782541786,30_660
N#Cc1cc(-c2ccnc(Nc3ccc4c(ccn4C4CC4)c3)c2)ccc1OC1CCOCC1,-7.3,3.5207893444545624,30_661
O=C(Nc1cccc([CH]C2CN(c3nc4ccccc4[nH]3)C(=O)N2c2ccco2)c1)c1ccccc1-c1ccccc1,-8.7,3.311679182525898,30_662
Cc1ccc(Nc2nnc(-c3cccc(NC(=O)c4cccc(C)c4)c3O)s2)cc1,-7.3,3.5085893737586504,30_663
Cc1cccc(-c2cn3c(-c4cccc(F)c4F)cnc3cn2)c1,-7.9,3.5674693108023234,30_664
O=C(c1cc(Cc2n[nH]c(=O)c3c2NCCC3)ccc1F)N1CCN(c2cccc(C(F)(F)F)c2)CC1,-8.5,3.5343766627608666,30_665
Cn1c(-c2cccc(-c3cccc(NC(=O)c4ccccc4-c4ccccc4)c3)c2)nc2ccccc21,-8.3,3.2597702572502234,30_666
O=C(Nc1ccc2c(c1)OCO2)c1cc(-c2cccc(-c3ccccc3)c2)nc2ccccc12,-9.5,3.395921719621522,30_667
O=C(c1cccc(-c2cccc(-c3ccc4c(c3)OCO4)c2)c1)c1cccc2c1C(=O)N(Cc1cccnc1)C2,-8.7,3.2106708342377344,30_668
O=C(Nc1nc(-c2ccccc2)ccc1-c1cccs1)c1cccc2c1-c1ccccc1C2=O,-10.0,3.4697871780736387,30_669
O=C(Nc1cccc(-c2cccc(-c3cccc4c(=O)cc(-c5ccccc5)oc34)c2)c1)c1cccc(C(F)(F)F)c1,-9.0,3.1806924710116595,30_670
O=Cc1cccc(-c2cccc(-c3cccc(C(F)(F)F)c3)c2)c1Nc1cccc(-c2ccnc(F)c2)c1,-8.1,3.0519296756749448,30_671
O=C(NCc1cccc(F)c1)c1cccc(-c2cccc(-c3cc(-c4ccccc4)cc(-c4ccc5c(c4)OCO5)c3)c2)c1,-10.6,3.151705432845071,30_672
COc1cc(C(=O)c2cccc(-c3cccc(O)c3)n2)cc(OC)c1OC,-6.8,3.714999303538235,30_673
O=C(Nc1cccc(-c2cccc3c(=O)cc(N4CCOCC4)[nH]c23)c1)c1cccc(C(F)(F)F)c1,-8.8,3.6129727242352385,30_674
O=C(O)c1ccnc(-c2cccc(-c3cccc(-c4cccc(F)c4)c3)c2)c1,-8.7,3.5657557706660796,30_675
O=C(c1cccc(-c2cccc(-c3cccc(-c4nc5ccccc5[nH]4)c3)c2)c1)N1CCN2CCC[C@H]2C1,-9.5,3.328340234038283,30_676
O=C(Nc1cccc(SC(F)(F)F)c1)c1cccc(-c2cccc(-c3nc4cc(F)ccc4[nH]3)c2)c1,-7.9,3.216031770355718,30_677
C=Cn1c(-c2cccc(-c3cccc(-c4cccc(NC(C)=O)c4)c3)c2)nc2ccccc21,-8.3,3.341331256225797,30_678
O=C(c1cc2ccccc2[nH]1)N1CCN(c2ccc(-c3cccc(-c4ccc(O)cc4)c3)cc2)CC1,-8.5,3.4192667411076947,30_679
O=C(Nc1cccc(C(=O)N2Cc3cc(/C=C/C(=O)N4CCC=CC4=O)sc3-c3ccccc32)c1)c1cc2ccccc2[nH]1,-7.9,3.180536624119582,30_680
Cc1cn([C@@H]2C[C@H](C#N)[C@@H](n3cc(Cn4c5ccccc5c5ccccc54)nn3)C2)ccc1=O,-8.7,3.501336617626702,30_681
Cc1cccc(C(=O)Nc2ccc3c(c2)-c2c(c(C(N)=O)nn2-c2ccccc2)CC3)c1,-8.1,3.642097408951654,30_682
Cc1ccc(-c2nn(-c3ccccc3)cc2-c2ccnc(N3CCN(c4ccccc4)CC3)n2)cc1,-8.2,3.4373151866382132,30_683
O=C(Nc1nccs1)c1cc(-c2ccc3ccccc3c2)nc2ccccc12,-8.7,3.5646428088120836,30_684
O=CC1Nc2c(ccc3ccccc23)OC1c1ccc2c(c1)OCO2,-7.6,3.619424469298875,30_685
O=C(Nc1ccc(-c2cccc(-c3ccccc3OC(F)(F)F)c2)cc1)c1cccc(C(F)(F)F)c1,-8.6,3.396375007336285,30_686
O=C(Nc1ccccc1C(=O)Nc1ccccc1)c1cccc(-c2ccc3ccccc3c2)c1,-8.7,3.3449731691517615,30_687
O=c1c2ccccc2c2ccccc2c(=O)n1-c1cccc(-c2ccc3ccccc3c2)c1,-9.1,2.3776260735910286,30_688
O=C(Nc1cccc(C(F)(F)F)c1)Nc1cc(-c2cccc(-c3cccc(C(=O)NOCCO)c3)c2)ccn1,-7.5,3.2369756912617182,30_689
O=C(NN=Cc1cccc(O)c1O)c1ccc(-c2nc3cc(Cl)cc(Cl)c3o2)cc1,-8.1,3.3882181497451853,30_690
Cn1c(-c2cccc(-c3cccc(NC(=O)Nc4ccc(Oc5ccnc(NC(=O)C6CC6)c5)cc4)c3)c2)nc2ccccc21,-7.8,3.1302260898158822,30_691
O=C(Nc1cccc(-c2cccc(-c3ccccc3)c2)c1)c1ccc2c(ccc3ccccc32)c1,-9.3,3.073753770311419,30_692
O=C(c1cccc(-c2cccc3ccccc23)c1)N1CCN(c2ccc(C(F)(F)F)cc2C(F)(F)F)C(=O)C1,-8.3,3.339217479762815,30_693
O=C(Nc1cccc2cccnc12)c1cccc(-c2cccc(-c3ccc4ccccc4c3)c2)c1,-9.1,3.2996492671697686,30_694
O=Cc1nccc(-c2cccc(-c3cccc(-c4ccc5c(c4)OCO5)c3)c2)c1CC=NC(=O)c1cccc(-c2cc3ccccc3[nH]2)c1,-7.0,3.0269091609942764,30_695
O=C(Nc1ccc2c(c1)CCC2)c1ccc(-c2ccccc2)cc1NCc1cccc(-c2ccccc2)c1,-7.5,3.1662835967044325,30_696
O=Cc1cc(-c2ccccc2)cc(-c2ccccc2)c1-c1cccc(-c2ccccc2C(F)(F)F)c1,-7.9,2.903450750697048,30_697
O=C(c1cc(Cc2n[nH]c(=O)c3c2NCCC3)ccc1F)N1CCN(C(=O)c2cccc3ccccc23)CC1,-10.0,3.509508979960374,30_698
O=C(Nc1cccc(-c2cccc(-c3nc4cc(F)ccc4[nH]3)c2)c1)c1ccccc1Br,-8.2,3.4021122714716334,30_699
O=C(Nc1cccc(-c2cc3cc(Cl)ccc3o2)c1)c1cccc(-c2ccc3c(c2)OCCO3)c1,-7.9,3.453977677737534,30_700
O=C(Nc1ccc(Cl)cc1)c1cc(-c2cccc(F)c2)nc2ccccc12,-8.4,3.574107065797609,30_701
Clc1ccc(-c2ccc(-c3cccc(CNCCN4CCNCC4)c3)cc2)nc1,-6.6,3.625777150690988,30_702
O=C(Nc1ccc(NC(=O)c2cccc3cc4ccccc4nc23)cc1)c1ccccc1F,-8.0,3.451727354110928,30_703
O=C(c1cccc(-c2cccc(-c3cccc(Cl)c3)c2)c1)N1CCCC1,-7.9,3.3784686285619108,30_704
O=C(c1cccc(-c2cccc(-c3ccc4c(c3)OCO4)c2)c1)N1CCN(C(=O)c2ccco2)CC1,-8.7,3.5196191373887626,30_705
O=C(Nc1nccs1)c1ccccc1-c1nc(-c2cccc(C(F)(F)F)c2)c[nH]1,-7.7,3.658646754968439,30_706
O=C(c1ccccc1)c1cccc(-c2cccc(-c3cccc(C(=O)N4CCOCC4)c3)c2)c1,-9.2,3.442056250381676,30_707
O=C(c1cc2cccc(-n3cncn3)c2[nH]1)N1CCN(c2nc3ccccc3nc2Nc2cccc(C(F)(F)F)c2)CC1,-8.5,3.317208686793668,30_708
O=C(Nc1cccc(-c2ccc3ccccc3c2)c1)c1cccc(-c2cccc(-c3cccc(-c4ccccc4F)c3)c2)c1,-9.2,2.9319615900351637,30_709
Cc1ccccc1NC(=O)c1ccc(Cl)c(Nc2ncnc3cc(OCc4ccccc4)c(OC4CCOCC4)cc23)c1,-8.6,3.2146444363473656,30_710
O=S(=O)(Nc1cccc(-c2cnc3ccccn23)c1)c1cccc(-c2cccc(-c3nc4cc(F)ccc4[nH]3)c2)c1,-8.6,3.366541891845772,30_711
O=C(c1ccc(-c2cccc(-c3cccc(C(F)(F)F)c3)c2)cc1)N1CCNCC1,-7.8,3.642566566269835,30_712
Nc1cc(-c2cc(-c3ccccc3)cc(-c3cccc(-c4ccc(F)c(F)c4)c3)n2)ccn1,-9.4,3.456916077031649,30_713
Cc1ccccc1C(=O)Nc1cccc(-c2ccc(-c3nc4cc(C(F)(F)F)ccc4[nH]3)cc2)c1,-8.7,3.3801597193515542,30_715
COc1cccc(-c2c(-c3ccc(F)cc3)nc3ccc(-c4ncon4)cn23)c1,-7.0,3.560971866115999,30_716
[CH]c1ccccc1-c1nc(-c2cccc3ccccc23)cn1[C@@H]1O[CH][C@H](O)CO1,-9.0,3.679183586097228,30_717
O=C(O)c1cccc(Nc2nc(Cl)nc(Nc3ccccc3)n2)c1,-8.1,3.6592246927994276,30_718
O=C(N/N=C/c1cccc(-c2cccc(-c3ccccc3Cl)c2)c1)c1cc2ccccc2cc1O,-7.8,3.288905421396092,30_719
COc1ccc2c(-c3cccc(F)c3)cc(-c3ccc4c(c3)CCN4)nc2c1,-8.3,3.558185029162729,30_720
O=C(c1cccc(-c2cccc(-c3cccc(F)c3)c2)c1)N1CCN(c2cccc(Cl)c2)CC1,-8.7,3.3983661118278135,30_721
O=C(Nc1ccc(F)cc1)Nc1cccc(-c2cccc(-c3cccc(-c4nn[nH]n4)c3)c2)c1,-8.6,3.4445608673783887,30_722
O=C(c1cccc(-c2cccc(-c3nc4ccccc4[nH]3)c2)c1)N1CCN(c2ccccc2)CC1,-8.866666666666667,3.469314490794095,30_723
O=C(Nc1cccc(-c2cccc(-c3cccc(-c4ccccc4F)c3)c2)c1)c1ccccc1,-9.3,3.188129789925851,30_724
O=C1C(N2CCC(c3ccc(O)cc3)C(F)(F)C2)CCN1c1ccc(C(F)(F)F)cn1,-7.6,3.6131947928546118,30_725
O=C(Nc1cccc(-c2cccc(-c3cccc(C(=O)N4CCOCC4)c3)c2)c1)c1ccccc1F,-9.2,3.5714240444231855,30_726
c1ccc(CC2CCN(c3cccc(-c4cccc(-c5ccccc5)c4)c3)CC2)cc1,-8.2,3.0599713341867836,30_727
CC=C1C=CC(Sc2nc3ccccc3cc2-c2cc(-c3ccco3)nc(-c3cc4ccccc4o3)c2)=C1,-9.1,3.128443182564479,30_728
O=C(c1cccc(-c2cccc(-c3ccccc3F)c2)c1)N1CCN(c2ccccn2)CC1,-8.8,3.5453827887396976,30_729
O=C(O)C=C1c2ccccc2N1C=NO,-5.7,3.045349728364311,30_730
Fc1cccc(-c2cccc(-c3nc4ccccc4nc3Nc3ccccc3F)c2)c1,-8.9,3.4670018915482834,30_731
O=C(O)c1cccc(NC(=O)c2ccccc2NC(=O)c2cccc([N+](=O)[O-])c2)c1,-8.2,3.492966936270193,30_732
O=C(c1cccc(-c2ccc3c(c2)OCCO3)c1)N1CCC(c2nc3ccccc3[nH]2)CC1,-8.6,3.5752869928803332,30_733
Cn1c(-c2cccc(-c3cccc(C(N)CCC=O)c3)c2)nc2ccccc21,-7.5,3.6038426330764177,30_734
Cc1ccc(NC(=S)N(c2cccc(C(F)(F)F)c2)c2ccccn2)cc1C,-7.0,3.568582195973394,30_735
Oc1ccc2c(c1)-c1nc(-c3cccc(F)c3)cc(C3=CC=COC3)c1C2,-8.9,3.5463764766649453,30_736
Cc1cccc(-c2cccc(-c3cccc(-c4cccc(-c5nc6ccccc6n5C)c4)c3)c2)c1,-9.7,3.122684108389371,30_737
O=C(Nc1cccc(-c2cccc(-c3nc4ccccc4[nH]3)c2)c1)c1cccc(F)c1,-8.45,3.4293586076098226,30_738
O=C(c1cccc(-c2cccc(-c3nc4ccccc4[nH]3)c2)c1)N1CCN(C(=O)c2ccc(F)cc2F)CC1,-8.8,3.4743716563467535,30_739
O=C(Nc1cccc(C(F)(F)F)c1)c1cccc(-c2cccc(-c3cccc(-c4ccccc4)c3)c2)c1,-9.05,3.0537079726898275,30_740
O=C(c1cccc(-c2cccc(-c3cccc4ccccc34)c2)c1)N1CCN2CCC[C@@H]2C1,-9.4,3.301008295662653,30_741
O=C(NC1=C(C(O)c2cccc(C(F)(F)F)c2)c2ccccc2C1=O)c1ccccc1,-8.3,3.691249187732377,30_742
N#Cc1ccccc1-c1cccc(-c2cccc(Nc3nc4ccccc4cc3C(=O)Nc3cc(C(F)(F)F)cc(C(F)(F)F)c3)c2)c1,-9.2,3.0722414525770945,30_743
O=C(Cc1csc2nc(-c3ccc(F)cc3)cn12)c1cccc(-c2cccc(-c3cccc(-c4ncccc4CO)c3)c2)c1,-7.4,3.209809724680615,30_744
Cc1cc(-c2nc3ccccc3n2C(=O)c2ccccc2C#N)c2ccccc2[n+]1Cc1ccccc1,-7.2,3.3789824824662533,30_745
CNC(=O)C(Cc1c[nH]c2ccccc12)NC(=O)c1cccc(-c2cccc(-c3cccc(C4=NC(=O)OC4)c3)c2)c1,-8.1,3.275620079353547,30_746
O=C(Nc1cccc(-c2cccc(-c3nccs3)c2)c1)c1ccccc1-c1ccccc1,-8.4,3.4357970050357913,30_747
O=C(c1cccc(F)c1)N1CCN(C(c2ccc(F)cc2)c2cccnc2)CC1,-7.6,3.7001915806919277,30_748
Cn1ccc2c(-c3ccnc(C(=O)O)c3)cc(-c3cccc(-c4cccc(N5C(=O)c6ccccc6NC5c5ccc6cccc(O)c6n5)c4)c3)cc21,-9.4,2.9304783570977717,30_749
Cn1c(-c2cccc(-c3cccc(-c4cccc(-c5cccc(NC(=O)Cc6ccc7c(c6)OCO7)c5)c4)c3)c2)nc2ccccc21,-9.1,3.164242839119907,30_750
O=C(Nc1cccc(-c2cccc(-c3nc4cc(C(F)(F)F)ccc4[nH]3)c2)c1)Nc1ccccc1F,-8.3,3.169812286139635,30_751
O=C(CN1C[CH]CC2C[C@@H](Oc3cccc(F)c3)CC[C]21)Nc1cccc2[nH]ccc12,-7.5,3.6037035014270193,30_752
O=C(Nc1cccc(-c2cccc(-c3cccc(-c4cccc(F)c4)c3)c2)c1)c1ccccc1,-9.2,3.188129789925851,30_753
O=C(Nc1nc2ccccc2n1Cc1ccccc1)c1cccc(-c2cccc(-c3ccc4c(c3)OCO4)c2)c1,-8.8,3.36368882330171,30_754
O=C(Cc1ccccc1O)Nc1cccc(-c2cccc(-c3cccc(C=Nc4cccc(F)c4)c3)c2)c1,-8.2,3.165893435012949,30_755
O=C1C=C(C=C2CN=C(c3cccc(-c4ccc5c(c4)OCO5)c3)NC2)C(=O)c2ccccc21,-8.2,3.504588900336433,30_756
O=C(Nc1cccc(-c2cccc(-c3nc4cc(C(F)(F)F)ccc4[nH]3)c2)c1)c1ccccc1-n1cccc1,-8.2,3.2472003066268815,30_757
O=C(Nc1ccc(Cl)cc1)c1ccc(-c2nc3ccccc3n2-c2ccccc2)cc1,-7.4,3.488626931138221,30_758
Cn1c(-c2cccc(N3CCN(C(=O)c4cccc(-c5cccc(-c6cccc(F)c6)c5)c4)CC3)c2)nc2ccccc21,-9.0,3.2574131418072065,30_759
NC(C=CCC=NC(=O)c1cccc(C(F)(F)F)c1)c1cc(Nc2cccc(C(F)(F)F)c2)ncn1,-7.449999999999999,3.4159143965724974,30_760
O=C(Nc1cccc(-c2cccc(-c3nc4cc(F)ccc4[nH]3)c2)c1)c1ccccc1,-8.389999999999999,3.4293586076098226,30_761
O=C(Nc1cccc(-c2cccc(-c3ncccc3CO)c2)c1)c1ccccc1Cl,-7.9,3.5873676141004895,30_762
N#Cc1cccnc1-c1cccc(-c2cccc(-c3cccc(NC(=O)c4ccccc4)c3)c2)c1,-8.5,3.4145575848364174,30_763
C[C@H]1[C@H](c2ccccc2)OC(=O)N1Cc1cc(-c2ccccc2)c2ccccc2n1,-7.9,3.541183715705169,30_764
O=C(Nc1cccc(-c2cnco2)c1)c1ccc(Nc2nc(-c3ccc(Cl)cc3)c(Cl)s2)cc1,-7.8,3.4261876664502644,30_765
Cc1cccc(-c2cc(-c3ccc4c(c3)OCO4)ccc2O)c1,-7.7,3.6383178120862945,30_766
O=C1c2cccc3cccc(c23)C(=O)N1c1cccc(-c2ccccc2F)n1,-8.3,3.5325731132123224,30_767
COc1cccc(-c2cccc(-c3cccc(-c4nc5ccccc5n4C)c3)c2)c1,-8.5,3.351217200314919,30_768
O=C(Nc1cccc(-c2cccc(-c3nc4cc(C(F)(F)F)ccc4[nH]3)c2)c1)c1ccccc1,-7.94,3.31558797004833,30_769
O=C1Nc2cc(Cl)ccc2[C@@]12C[C@@H]2c1cccc(-c2cccc(-c3cccc(F)c3)c2)c1,-9.1,3.269725506242794,30_770
CC=C1C=CC(S(=O)(=O)N=Cc2[nH]c3cc(-c4cccs4)ccc3c2-c2ccccc2Cl)=C1,-7.7,3.410988448219742,30_771
O=C(Nc1cccc2[nH]ccc12)c1cccc(-c2cccc(-c3ccc4c(c3)OCO4)c2)c1,-8.7,3.3429817279662,30_772
O=C1c2ccccc2C(=O)c2c1ccc1[nH]c(-c3cccc(OCc4ccccc4)c3)nc21,-7.5,3.4343073445337566,30_773
Cc1ncc(-c2cccc(-c3cccc4cccnc34)c2)n1C=CCC=O,-6.9,3.542682560024132,30_774
O=C(c1cccc(-c2cccc(Cl)c2)c1)N1N=C(c2ccncc2)CC1(O)c1ccccc1,-8.3,3.6454272340697336,30_775
O=C(Nc1c(F)cccc1F)c1cccc(-c2cccc(-c3cccc(-c4ncccc4F)c3)c2)c1,-8.7,3.3668500346826082,30_776
O=C1c2ccccc2C(=O)N1c1cccc(-c2cccc(-c3ccccc3F)c2)c1,-9.0,3.439962653700865,30_777
O=C(Nc1cccc(-c2cccc(-c3ccccc3)c2)c1)c1cccc(C(F)(F)F)c1,-8.5,3.3040276133142337,30_778
O=C(c1ccc(-c2cccc3ccccc23)c(F)c1)N1CC(c2cccc3c2OCO3)C1,-8.3,3.459492925450058,30_779
O=C(c1cccc(-c2cccc(-c3cccc4ccccc34)c2)c1)N1CCN(c2ccccc2)CC1,-8.8,3.206064535475286,30_780
O=C(Nc1cccc(-c2cccc(-c3cccc(-c4cccc(-c5ccccc5OC(F)(F)F)c4)c3)c2)c1)c1cccc(C(F)(F)F)c1,-9.4,2.9643564666390527,30_781
O=C(Nc1ccc(Br)cn1)c1cccc(-c2cccc(-c3nc4cc(F)ccc4[nH]3)c2)c1,-8.0,3.484374967217555,30_782
O=C(O)c1ccccc1Nc1cccc(-c2cccc(-c3ccc4c(c3)OCO4)c2)c1,-8.0,3.5052970464298694,30_783
O=C(NCc1nc2ccccc2[nH]1)c1cccc(-c2cccc(-c3cccc(C(=O)N4CCOCC4)c3)c2)c1,-8.7,3.4421161488616665,30_784
O=C(c1cccc(-c2cccc(-c3nc4cc(F)ccc4[nH]3)c2)c1)N1CCNCC1,-8.483333333333333,3.6450984636569372,30_785
O=C(Nc1ccccc1C(=O)NCC1CCCO1)c1cccc(-c2ccc3c(c2)OCO3)c1,-8.1,3.622841355897781,30_786
O=C(N/N=C\c1cn(-c2cccc([N+](=O)[O-])c2)c2ccccc2c1=O)c1ccccc1,-8.1,3.5032486203070965,30_787
O=C(Nc1cccc(-c2ccccc2F)c1)c1cccc(-c2cccc(-c3cccc(-c4ccccc4F)c3)c2)c1,-8.850000000000001,3.0300865589362544,30_788
Cn1c(-c2cccc(-c3cccc(-c4cn(C5O[C@H](CO)[C@@H](O)[C@@H]5[O-])c(=O)[nH]c4=O)c3)c2)nc2ccccc21,-8.9,3.202640044793671,30_789
N=c1ccc(-c2cccc(-c3cccc(-c4cccc(C(F)(F)F)c4)c3)c2)nn1C=O,-8.6,3.6322534218838225,30_790
Cn1c(-c2cccc(-c3cccc(NC(=O)c4ccccc4)c3)c2)nc2ccccc21,-8.381818181818183,3.3942752104154073,30_791
O=C(O)C=CC=CCC=CC=C/C=C1\S/C(=N\c2ccccc2)N(c2cccc(F)c2)C1=O,-6.8,3.475294248935789,30_792
CN(C)Cc1cccc(-c2ccc3cccc(N)c3n2)c1,-6.9,3.623888850687358,30_793
O=C(c1ccc2c(-c3nc(N[C@H]4CCCNC4)ncc3C(F)(F)F)c[nH]c2c1)N1CC[C@@H](F)C1,-7.6,3.495335582417103,30_794
O=C(Nc1cccc(-c2cc(-c3cccc(-c4ccccc4F)c3)ccn2)c1)c1cccc(C(F)(F)F)c1,-9.4,3.1691522822884446,30_795
O=C(/C=C/c1ccc(F)cc1)Nc1ccc(-c2nc3cc(-c4cccc(-c5cccc(Cl)c5)c4)ccc3o2)cc1,-0.4,3.2204370176354713,30_796
CC1=CC=C(S(=O)(=O)Nc2ccccc2C(=O)Nc2ccc3c(c2)nc2n3CCOC2C)C1,-7.6,3.600134234921557,30_797
C[CH]C1C(=N)N[C@H]2CCCC[C@H]12,-5.0,2.9439632726939764,30_798
N#Cc1cccc(-c2cccc(-c3cccc(-c4ccccc4)c3)c2)c1,-8.3,3.2411086809483236,30_799
O=C(c1cc(-c2ccccc2)nc2ccccc12)N1CCN(C(c2ccccc2)c2ccccc2)CC1,-7.8,3.336805384370606,30_800
O=C(Nc1cccc(C(=O)N2CCN(c3ccccc3)CC2)c1)c1ccccc1C(F)(F)F,-8.2,3.7297216840378855,30_801
O=C(Nc1cccc(-c2cccc(-c3nc4cc(F)ccc4[nH]3)c2)c1)c1ccccc1-c1ccccc1,-8.4375,3.297956728102947,30_802
O=C(Nc1cccc(-c2cccc(-c3nc4cc(F)ccc4[nH]3)c2)c1)c1ccccc1,-8.389999999999999,3.4293586076098226,30_803
O=C(Nc1cccc(-c2nc3ccccc3[nH]2)c1)c1cc(-c2cccc3ccccc23)nc2ccccc12,-9.25,3.3581573313969884,30_804
O=C(Nc1cccc(-c2cccc(-c3cccc(C(F)(F)F)c3)c2)c1)c1cccc(C(F)(F)F)c1,-8.4,3.2876235695289995,30_805
O=C(c1cccc(-c2cccc(-c3cccc(F)c3)c2)c1)N1CCN(c2ncccn2)CC1,-9.05,3.6140831845626264,30_806
O=c1cc(-c2ccccc2)[nH]c2cc(-c3ccccc3F)ccc12,-8.2,3.4442461738514085,30_807
O=C(Nc1cccc(-c2ccnc3cc(-c4cccc5ccccc45)ccc23)c1)c1cccc(C(F)(F)F)c1,-9.0,3.148948184145211,30_808
O=C(Nc1cccc(-c2cccc(-c3nc4cc(F)ccc4[nH]3)c2F)c1)C(=O)c1c[nH]c2ccc(Cl)cc12,-8.9,3.2238455422944554,30_809
Cn1c(-c2cccc(-c3cccc(-c4cccc(-n5[nH]c6ccccc6c5=O)c4)c3)c2)nc2ccccc21,-10.3,3.3360901861893586,30_810
O=C1C=CC=CCCC(c2cc(Nc3cccc(C(F)(F)F)c3)ncn2)CC=CC=N1,-7.9,1.5432433228712865,30_811
N#Cc1cccnc1-c1cccc(-c2cccc(NC(=O)c3ccccc3-c3cccc(-c4cccc(-c5cccc6c(=O)cc(-c7ccccc7)oc56)c4)c3)c2)c1,-8.4,2.989443874676229,30_812
Clc1cccc(-c2c3ccccc3cc3ccccc23)c1,-6.8,2.9301718624909463,30_813
O=C1c2ccccc2C(=O)c2c1ccc1nc(-c3cccc(Cl)c3Cl)oc21,-7.4,3.575008621801513,30_814
O=C1c2nccnc2C(=O)N1c1ccccc1-c1cccc(-c2ccccc2F)c1,-8.4,3.6014331859566875,30_815
O=C(Nc1ccc2ncc3c(c2n1)NCCN(C(=O)c1cccc(Cl)c1Cl)CCC3=O)c1cccc(Cl)c1Cl,-7.7,1.2605209550050365,30_816
OC(c1cccc(-c2cccc(-c3ccc4c(c3)OCO4)c2)c1)c1cccc2ccccc12,-9.1,3.3798182825985874,30_817
COc1ccc2c(c1)-c1nc(-c3cccc(Nc4nc(-c5ccccc5)c5cc(C)ccc5n4)c3)ccc1C2=O,-8.5,3.351889248557973,30_818
O=C(Nc1cccc(-c2cccc(-c3ccccc3OC(F)(F)F)c2)c1)c1cccc(C(F)(F)F)c1,-8.9,3.396375007336285,30_819
O=C(Nc1ccc2oc(-c3ccco3)nc2c1)c1cccc(-c2cccc(-c3ccc4c(c3)OCO4)c2)c1,-8.0,3.3249297824918007,30_820
Cn1c(-c2cccc(-c3cccc(NC(=O)c4ccccc4F)c3)c2)nc2ccccc21,-8.55,3.3956733809905395,30_821
N#Cc1ccc(-c2cccc(-c3cccc(-c4cccc(C(=O)N5CCOCC5)c4)c3)c2)cc1,-8.2,3.4943516689719503,30_822
O=CNC(Cc1ccccc1)C(=O)Nc1cccc(-c2cccc(-c3cccc(C(F)(F)F)c3)c2)c1,-8.6,3.4068720211568406,30_823
O=C(O)c1ccc(-c2cccc(-c3cccc(-c4nc5ccccc5[nH]4)c3)c2)cc1,-8.6,3.421359302703002,30_824
O=C(c1cccc(-c2cccc(-c3cccc(F)c3)c2)c1)N1CCN(c2ccccc2)CC1,-8.66,3.426094808724147,30_825
O=C(Nc1ccc2c(c1)OCO2)c1sc(-c2ccncc2)nc1-c1ccccc1Cl,-8.1,3.6775346271159552,30_826
O=C(Nc1cccc(-c2cccc(-c3ccc4c(c3)OCO4)c2)c1)Nc1ccccc1C(F)(F)F,-9.5,3.5183779391771335,30_827
Cc1ncc(-c2cccc(-c3cc(C(=O)O)cc(-c4ccc5c(ccc[n+]5C)c4)c3)c2)o1,-8.7,3.47696054987998,30_828
O=C1CCC(c2cccc(-c3cccc(-c4cccc(-c5cccc(Cl)c5)c4)c3)c2)=N1,-9.4,3.2699978748789706,30_829
O=C(Oc1cccc(-c2cc(-c3ccccc3)ncc2-c2ccccc2C(F)(F)F)c1)c1ccccc1,-7.3,3.1220392107716517,30_831
O=c1[nH]c2ccccc2cc1-c1cccc(-c2cccc(-c3ccccc3F)c2)c1,-8.5,3.271464789876649,30_832
Cn1c(-c2cccc(-c3cccc(NC(=O)c4ccccc4Cl)c3)c2)nc2ccccc21,-8.4,3.388603848809412,30_833
O=C(Nc1cccc(-c2cccc(-c3ccccc3F)c2)c1)c1cccc(F)c1,-8.3,3.4260207376456817,30_834
Cc1nc2cnccc2n1-c1ccc(-c2nc3c(-c4ccccc4)nn(-c4ccccc4)c3n2C)cc1,-8.6,3.4297141765717454,30_835
O=Cc1c(-c2ccccc2)nc2c(-c3ccccc3)cccc2c1Nc1ccccc1Br,-7.6,3.358958492463465,30_836
O=C(Nc1ccc(F)cc1)c1ccc(-c2cccc(-c3ccc4c(c3)OCO4)c2)cc1,-8.5,3.5009762080035562,30_837
O=C(Nc1cccc(-c2nc3ccccc3[nH]2)c1)c1cccc(-c2cccc(-c3nc4cc(F)ccc4[nH]3)c2)c1,-8.9,3.2745475092950542,30_838
O=C1NC(=O)/C(=C/c2cccc(-c3cccc(-c4nc5cc(F)ccc5[nH]4)c3)c2)S1,-8.3,3.5959020069522465,30_839
O=C(c1cccc2ccccc12)N1CCC(c2nc3ccccc3[nH]2)CC1,-7.7,3.5716817444259155,30_840
O=C(Nc1ccc2ccccc2c1)c1ccnc(-c2cccc(NC(=O)c3ccccc3F)c2)c1,-7.7,3.45581138304393,30_841
CC=C1C=CC(OC2=C(C)CCN(Cc3ccccc3F)c3ccccc3C2=O)=C1,-7.6,1.6376086347316283,30_842
COc1ccc(Nc2nc(-c3ccccc3)cs2)cc1Oc1ccccc1,-6.6,3.6084395215910767,30_843
Cc1c(-c2cccc(-c3cccc(-c4nc5ccccc5[nH]4)c3)c2)ccnc1C1=CC=CN(C(=O)C(N)Cc2ccccc2)C1,-8.2,3.2584802270031084,30_844
O=C(Nc1cccc(-c2cccc(C(=O)N3CCOCC3)c2)c1)c1cccc(-c2cccc3ccccc23)c1,-8.8,3.392862095706997,30_845
O=C(c1cccc(-c2cccc(-c3cccc(-c4cccc(F)c4)c3)c2)c1)N1CCN2CCC[C@H]2C1,-9.65,3.2707771746209913,30_846
O=C(NN=Cc1ccccc1Nc1cccc([N+](=O)[O-])c1)c1ccc2c(c1)-c1ccccc1C2=O,-7.7,3.398046174347714,30_847
CN(C)C(=O)c1cccc(-c2cccc(-c3cccc(-c4cccc(C#N)c4)c3)c2)c1,-8.6,3.430431857537041,30_848
O=C(N/N=C/c1cccc(/C=C/c2ccc3ccc(Cl)cc3n2)c1)c1ccccc1Oc1ccccc1,-6.9,3.305460843986298,30_849
Nc1ccccc1NC(=O)c1ccc(-c2cccc(-c3cccc(C(=O)N4CCOCC4)c3)c2)cc1,-7.9,3.5274397279321503,30_850
N#Cc1cccnc1-c1cccc(-c2cccc(NC(=O)c3ccccc3-c3ccccc3)c2)c1,-8.3,3.4145575848364174,30_851
N#Cc1ccc(Nc2cccc(-c3cccc(Cl)c3F)c2)nc1N1CCC[C@H](N)C1,-7.9,3.7308170857354668,30_852
O=C1/C(=C/c2cccc(F)c2)CSC/C1=C\c1cccc(Cl)c1,-7.0,3.469950154847865,30_853
O=C(c1cccc(-c2cccc3ccccc23)c1)N1CCN(Cc2ccc3c(c2)OCO3)CC1,-9.5,3.4988340048378674,30_854
O=C(Nc1cccc2cccnc12)c1cccc(-c2cccc(-c3ccccc3OC(F)(F)F)c2)c1,-8.6,3.332810154880105,30_855
O=C(Nc1cc(C(F)(F)F)cc(C(F)(F)F)c1)c1cccc(-c2cccc(-c3ccc4c(c3)OCO4)c2)c1,-8.5,3.406346798946382,30_856
O=C(Nc1cccc(-c2cccc(-c3nc4cc(F)ccc4[nH]3)c2)c1)Nc1cccc(-c2ccc3c(c2)OCO3)c1,-10.6,3.1623280390245347,30_857
O=C(Nc1cccc2ccccc12)N1CCN(c2ncccc2C(F)(F)F)CC1,-8.4,3.722903514707369,30_858
Nc1ccccc1N(C(=O)CCN(C=O)c1ccccc1)c1ccccc1[N+](=O)[O-],-6.7,3.421511886435678,30_859
O=C(NCC1c2ccccc2-c2ccccc21)c1cccc(-c2cccc(-c3cccc(-c4cccc(C(=O)NSCCO)c4)c3)c2)c1,-8.4,2.8871588451256907,30_860
O=c1c2ccccc2nc(-c2ccccc2F)n1-c1cccc(-c2cccc(-c3ccc4c(c3)OCO4)c2)c1,-8.8,3.2511185507628046,30_861
COC1=CC=C(N2C(=O)CC(c3ccccc3)N2C(C(=O)NC2CCCCC2)c2ccccc2C)C1,-6.8,3.4531342121485147,30_862
O=CC1CC=C2C(S(=O)(=O)Nc3ccc4c(c3)OCO4)=Cc3ccccc3N21,-6.9,3.5238613594071007,30_863
O=C(Nc1cccc(-c2cccc(-c3nccs3)c2)c1)c1ccccc1Nc1cccc(C(F)(F)F)c1,-8.5,3.283807838534612,30_864
O=C(Nc1cccc(-c2cccc(-c3nc4ccccc4[nH]3)c2)c1)c1ccc2ccccc2c1,-8.850000000000001,3.3407103331057586,30_865
O=C(Nc1cccc(-c2cccc(N3CCCC3)n2)c1)c1ccc(-c2ccc3ccccc3c2)cc1,-7.6,3.3555271101246302,30_866
Fc1cccc(CNc2nc(Nc3ccccc3)nc(Nc3ccccc3)n2)c1,-7.7,3.575248836319725,30_867
O=C(Nc1cccc(-c2cccc(-c3nc4cc(C(F)(F)F)ccc4[nH]3)c2)c1)c1ccccc1-c1ccccc1,-8.025,3.1412476074542717,30_868
O=C(Nc1ccc(-c2cc3ccccc3[nH]2)cc1)c1cccc(-c2cc3ccccc3[nH]2)c1,-7.7,3.2189607780538667,30_869
N=C1N=CNC2C(c3cccc(O)c3)=CC(c3ccc4c(c3)OCO4)=C12,-7.6,3.4475293391954245,30_870
O=C(c1cccc(-c2cccc(C(=O)N3CCN(C(=O)c4ccco4)CC3)c2)c1)N1CCOCC1,-8.1,3.6129887333911004,30_871
O=C1NCC2c3c(cccc31)CCN2C(=O)c1cccc(-c2cccc(-c3cccc(F)c3)c2)c1,-9.6,3.4279465979012507,30_872
O=Cc1cccnc1-c1cccc2c1CN(c1cc(-c3ccccc3)nc3cc(-c4ccccc4)ccc13)CCNC2=O,-8.1,1.4331579434629882,30_873
O=c1c2ccccc2nc2n1-c1ccccc1/C2=N/N=C/c1ccccc1,-8.5,3.53638953585509,30_874
O=C(Nc1cccc2ccccc12)c1cccc(-c2cccc(-c3cccc4ccccc34)c2)c1,-9.3,3.125052575602415,30_875
O=C1Nc2ccccc2C1=NN=Cc1cccc2ccccc12,-7.8,3.5924727881870915,30_876
O=C(O)Cc1ccc2c(c1)oc1cc(NC(=O)Nc3ccccc3)ccc12,-7.4,3.5671012831322013,30_877
O=C(Nc1cccc(-c2cccc(-c3cccc(C(F)(F)F)c3)c2)c1)c1ccccc1,-8.55,3.3040276133142337,30_878
O=C(Nc1cccc(-c2cccc(-c3nc4ccccc4[nH]3)c2)c1)c1cccc(-c2ccccc2F)c1,-8.2,3.297956728102947,30_879
O=C(NCCC1=CCCCC1)c1cccc(-c2cccc(-c3ccc4c(c3)OCO4)c2)c1,-8.5,3.4662763713556437,30_880
FC(F)(F)c1cccc(OC2=NC=NNc3c2ncn3-c2cccc(-c3cccc4ccccc34)c2)c1,-9.0,2.400276475901706,30_881
O=C(O)CC(NC(=O)c1cccc(-c2cccc(NC(=O)Nc3ccccc3)c2)c1)c1ccccc1,-7.5,3.349925841134797,30_882
Cn1c(-c2cccc(-c3cccc(NC(=O)c4ccccc4F)c3)c2)nc2ccccc21,-8.55,3.3956733809905395,30_883
O=C(Nc1cccc(-c2cccc(-c3nc4cc(F)ccc4[nH]3)c2)c1)c1ccccc1-c1ccccc1,-8.4375,3.297956728102947,30_884
O=C(Nc1c(C(O)(C(F)(F)F)C(F)(F)F)ccc2ccccc12)c1cccc(C(F)(F)F)c1,-7.5,3.474507303021051,30_885
O=C(c1cc(Cc2n[nH]c(=O)c3c2NCCC3)ccc1F)N1CCN(c2cccc(O)c2)CC1,-8.3,3.5423164625362373,30_886
O=C(c1cccc(C(F)(F)F)c1Cl)N1CCn2c(-c3cccc(Cl)c3F)nnc2C1c1cccc(-c2ccccc2)c1,-9.6,3.2218156631275283,30_887
O=C(Nc1cccc(-c2cccc(-c3nc4cc(F)ccc4[nH]3)c2)c1)c1ccccc1-c1ccccc1,-8.4375,3.297956728102947,30_888
O=c1ccc(-c2cccc(-c3cccc(-c4ccccc4F)c3)c2)nn1-c1ccccc1,-9.3,3.400835330316694,30_889
O=C(Cc1cc2ccccc2n1-c1ccc2c(c1)OCO2)c1cc(-c2ccccc2)ccc1N1CCN(c2cccc(F)c2)CC1,-8.3,3.0668731832018823,30_890
CC(=O)N1C=CCC(C=Nc2ccccc2)=CC1=NC(=O)c1ccccc1-c1ccccc1,-8.7,2.573923553189304,30_891
O=c1oc2ccccc2cc1-c1nc2ccccc2n1Cc1cccc(O)c1,-8.6,3.5295556568256456,30_892
C[C@H](c1cccc(-c2cccc(C(F)(F)F)c2)c1)N(C)C(=O)C(Cc1ccccc1)=NC(=O)C1CCCCCCC1,-6.7,1.4411048146321184,30_893
O=C1N=c2ccc(F)cc2=C1c1[nH]c2ccccc2c1NOCCN1CCNCC1,-7.5,3.427607542300018,30_894
COc1ccc(N=C2C(=O)N(c3cccc(-c4ccccc4F)c3)C2c2ccc3c(c2)OCO3)cc1,-8.7,3.425904116114694,30_895
O=C(Nc1cccc(-c2cccc(-c3ccccc3OC(F)(F)F)c2)c1)c1cccnc1,-8.1,3.6055392074698696,30_897
O=C(c1cc(Cc2n[nH]c(=O)c3c2NCCC3)ccc1F)N1CCN(c2ccccc2)CC1,-8.7,3.662473500287621,30_898
N=CN=C(Cc1c[nH]c(-c2cccc(-c3cccc(C(F)(F)F)c3)c2)n1)c1cccc(C(F)(F)F)c1,-8.4,3.2712840049688694,30_899
O=C(CSc1nc2ccccc2n1CC(=O)Nc1cccc(S(=O)(=O)N2CCOCC2)c1)Nc1ccc(F)cc1,-8.4,3.3266019881608666,30_900
O=C(Nc1cccc(-c2cccc(C(=O)N3CCOCC3)c2)c1)c1cccc(-c2ccc3c(c2)COC3=O)c1,-8.3,3.4466543939448977,30_901
O=c1[nH]c(O)c(Cc2ccc(-c3cccc(-c4nc5ccccc5[nH]4)c3)cc2)[nH]1,-8.2,3.389375279205966,30_902
O=C(NC1CSc2cc(-c3cccc(C(=O)N4CCOCC4)c3)ccc2C1=O)c1ccccc1F,-8.1,3.6608736610171273,30_903
O=C(c1cccc(Cc2n[nH]c(=O)c3c2CCCC3)c1)N1CCNCC1,-8.2,3.6182332722052766,30_904
O=C(c1cccc(-c2cc(-c3ccc4c(c3)OCO4)cc3ncccc23)c1)N1CCCC1,-9.8,3.496223612779775,30_905
O=C(c1cc2ccccc2c2ccccc12)N1CCC(c2cccc(-c3cccc(F)c3)c2)CC1,-8.8,3.060352612888021,30_906
N#Cc1ccccc1-c1cccc(-c2cccc(-c3cccc(C(=O)N4CCNCC4)c3)c2)c1,-8.6,3.560445852604033,30_907
O=C(Nc1ccc2c(c1)CCC2)c1ccccc1Nc1cccc(-c2ccc3c(c2)OCO3)c1,-8.2,3.460564067057455,30_908
N=CN=CC1=CC(c2cccc(-c3cccc(-c4cccc(-c5cccc(-c6nc7ccccc7[nH]6)c5)c4)c3)c2)C=C1,-9.4,2.8799169655771837,30_909
O=C(N[C@@H]1CS(=O)(=O)C[C@@H]1Nc1cccc([N+](=O)[O-])c1)c1cccc(-c2cccc(C(F)(F)F)c2)c1,-8.2,3.510392685888089,30_910
COc1cccc2c1nc(C(F)F)n2-c1nc(N2CCOCC2)nc(N2CCN(S(=O)(=O)c3ccccc3Cl)CC2)n1,-9.1,3.163861531404711,30_911
Cc1ccc(/C=C2\COc3ccccc3C2=O)o1,-6.1,3.486724876885325,30_912
O=C(Nc1ccccc1C(=O)O)c1cccc(-c2cccc(-c3nn[nH]n3)c2)c1,-8.3,3.585889142627998,30_913
O=C(Nc1cccc(-c2cccc(-c3cccc(C(F)(F)F)c3)c2)c1)c1ccccc1,-8.55,3.3040276133142337,30_914
O=C(Nc1cccc(-c2cccc(-c3cccc(C(F)(F)F)c3)c2)c1)c1ccccc1,-8.55,3.3040276133142337,30_915
CNCCN1C=CC=C2CCC3=CC1c1cc(cc(C(=O)NCCc4cccc(C(F)(F)F)c4)c1)CC=C3C=CN2,-7.7,1.1455043274723455,30_916
O=C(Nc1cccc(-c2cncc(-c3cccc(-c4ccco4)c3)c2)c1)c1ccccc1,-8.4,3.460894651579772,30_917
FC(F)(F)c1cccc(-c2cccc(-c3nc4c(ccc5ccccc54)[nH]3)c2)c1,-8.4,3.2850209652636,30_918
Cn1c(-c2cccc(-c3cccc(-c4cccc(NC(=O)CNC(=O)Cc5ccccc5)c4)c3)c2)nc2ccccc21,-8.6,3.3009274129095525,30_919
O=C(Nc1nnc(-c2ccc(F)cc2)s1)c1cccc(-c2cccc(C(=O)N3CCOCC3)c2)c1,-8.3,3.6445177433464457,30_920
O=C(c1ccccc1)N1CCN(C(=O)c2cccc(-c3cccc(-c4cccc5ccccc45)c3)c2)CC1,-9.65,3.2651937684888095,30_921
O=C(C=C1C=CC(C=C2C=CC(C3=Cc4ccccc4-c4ccccc4C3)=N2)=C1)Nc1cccc(-c2ccc3ccccc3c2)c1,-9.0,1.7334875632540037,30_922
O=C(Nc1ccc2c(c1)OCO2)c1cccc(-c2cccc(C(=O)N3CCOCC3)c2)c1,-7.8,3.6955917923541364,30_923
O=C(Nc1cccc(-c2cccc(-c3nc4cc(F)ccc4[nH]3)c2)c1)c1cccc(F)c1,-8.2,3.443853177840764,30_924
O=C(Nc1ccc([C@H]2CNCCO2)cc1)c1ccc(-c2ccccc2)cc1F,-6.9,3.6877017124868114,30_925
O=CC=C1C=CC(NC(=O)N[N+](=Cc2cccc(-c3cccc(-c4ncco4)c3)c2)c2cc(F)cc(F)c2F)C1,-8.1,3.1008692260515023,30_926
O=C(c1ccc(Nc2nc(-c3ccccc3)nc3nc(-c4ccccc4)nn23)cc1)N1CCN(c2ccccc2)CC1,-7.2,3.3596403949343454,30_927
O=C(c1cc(Cc2n[nH]c(=O)c3c2NCCC3)ccc1F)N1CCN(c2cccc(C(F)(F)F)c2)CC1,-8.5,3.5343766627608666,30_928
O=C(Nc1cccc(-n2cc(-c3ccncc3)c(-c3ccc(Cl)c(O)c3)n2)c1)c1cccc(C(F)(F)F)c1,-8.1,3.3134930698224885,30_929
CC(C)C(NC(=O)C(N)Cc1ccc(O)cc1)C(=O)NC(Cc1ccccc1)C(=O)NC(Cc1ccccc1)C(=O)NC(Cc1ccccc1)C(=O)Nc1ccccc1,-6.8,2.573395726275681,30_930
O=C(c1cccc(-c2cccc(-c3cccc(-c4ccccc4F)c3)c2)c1)N1CCNCC1,-9.450000000000001,3.508189933556279,30_931
O=C1c2ccccc2N=C(c2ccc3c(c2)OCO3)NN1c1nc(-c2cccc(-c3ccccc3F)c2)no1,-9.2,2.268206135051546,30_932
FCn1c(-c2cccc(-c3cccc(-c4cn(Cc5ccccc5F)nn4)c3)c2)nc2ccccc21,-9.1,3.4288860567679142,30_933
O=C(Nc1ccccc1)c1cccc(-c2cccc(-c3cccc(-c4cccc(C(=O)N5CCOCC5)c4)c3)c2)c1,-9.8,3.328409941359162,30_934
O=C(Nc1cccc(-c2cccc(F)c2)c1)c1cccc(-c2ccc3ccccc3c2)c1,-8.1,3.243702252048939,30_935
O=C(c1cccc(-c2cccc(-c3cccc(C(F)(F)F)c3)c2)c1)N1CCNCC1,-8.6,3.642566566269835,30_936
O=C(Nc1cccc(-c2cccc(-c3nc4cc(F)ccc4[nH]3)c2)c1)c1ccccc1F,-8.620000000000001,3.443853177840764,30_937
O=C(NC(Cc1c[nH]c2ccccc12)C(=O)N1CCC(c2cccc(-c3ccccc3F)c2)CC1)C1Cc2ccccc2CN1C(=O)c1cccc(-c2cccc3cc(Cc4cccc(C(F)(F)F)c4)sc23)c1,-8.6,2.7374635924358306,30_938
O=C(c1cccc(-c2ccccc2C(F)(F)F)c1F)N1CCN(c2ccccc2F)CC1,-7.4,3.5086664711030764,30_939
O=C(Nc1cccc(-c2cccc(-c3ccccc3)c2)c1)c1ccc(F)cc1C(=O)Nc1ccccc1Br,-7.7,3.2547765767327217,30_940
O=C(c1cccc(-c2cccc(-c3ncccc3CO)c2)c1)N1CCN(c2cccc(-c3ccccc3F)c2)CC1,-8.5,3.3876321432555363,30_941
Nc1c(-c2ccccc2OC(F)(F)F)cccc1-n1ccc(O)c1-c1ccccc1,-6.4,3.5799750981556757,30_942
O=C(c1ccc2c(-c3nc(N[C@H]4CCCNC4)ncc3C(F)(F)F)c[nH]c2c1)N1CC[C@H](Oc2ccccc2F)C1,-7.5,3.2800421647781333,30_943
Cc1cccc(-c2cnc(-c3cccc(-c4nc5cc(F)ccc5[nH]4)c3)o2)c1,-8.4,3.516169744454034,30_944
O=c1c2cccc(-c3ccccc3)c2ccn1-c1cccc(-c2ccnc(-c3ccc4c(c3)OCO4)c2)c1,-8.8,3.2676708629261944,30_945
O=C(Nc1cccc(-c2cccc(-c3cccc(C(=O)N4CCOCC4)c3)c2)c1)c1cccc(C(F)(F)F)c1,-8.95,3.537920848713541,30_946
Cn1c(-c2cccc(-c3cccc(-c4cccc(C(=O)N5CCCCC5)c4)c3)c2)nc2ccccc21,-9.5,3.3129655955811206,30_947
O=C(c1cccc(-c2cccc(-c3ccccc3OC(F)(F)F)c2)c1)N1CCNCC1,-7.833333333333333,3.7179715826961255,30_948
Cc1cc(-c2cccc(C(=O)N3CCN(C)CC3)c2)ccc1-c1cccc2c1CCN2c1ccccc1-c1nn[nH]n1,-8.8,3.3484988557754036,30_949
O=C(Nc1ccc(F)cc1)c1cc(-c2cc3ccccc3o2)nc2ccccc12,-8.2,3.530877349777502,30_950
Nc1ccccc1NC(=O)c1ccc(-c2cccc(-c3cccc(C(=O)N4CCOCC4)c3)c2)cc1,-7.9,3.5274397279321503,30_951
Cc1cc(C)cc(C(=O)Nc2nnc(-c3cccc(-c4ccc5c(c4)OCO5)c3)o2)c1,-8.4,3.675608618357346,30_952
O=C(c1cccc(-c2cccc(-c3cccc(-c4ccccc4F)c3)c2)c1)N1CCN(C(=O)c2cc3ccccc3[nH]2)CC1,-10.2,3.2581586037335395,30_953
O=C(c1cccc(-c2ccc3c(c2)OCCO3)c1)N1CCC(c2ccccc2)CC1,-7.8,3.5406257455776506,30_954
N#Cc1cnc(Nc2cccc(F)c2F)nc1-c1cccc(-c2cccc(C(F)(F)F)c2)c1,-7.8,3.5821632902065987,30_955
O=C(Nc1ccccc1-c1cccc2c1[nH]c1ccccc12)N1c2ccccc2C=Cc2ccccc21,-9.8,2.134077500138143,30_956
O=C(c1ccc2c(c1)c1ccccc1n2Cc1cccc(F)c1)N1CCN(c2ccccc2O)CC1,-8.1,3.4999713907017043,30_957
O=C(N[C@H]1CCC[C@H]1NC(=O)c1cc2cc(Cl)ccc2[nH]1)c1cccc(-c2cccc(-c3nc4cc(F)ccc4[nH]3)c2)c1,-8.9,3.1315508620049535,30_958
O=C(Nc1cccc(-c2cccc(C(=O)N3CCOCC3)c2)c1)c1ccccc1Nc1ccc2c(C=Cc3ccccn3)[nH]nc2c1,-8.8,3.1291340872888402,30_959
N#Cc1cccc(-c2cccc(-c3cccc4c(=O)cc(N5CCOCC5)oc34)c2)c1,-8.4,3.6154687422796616,30_960
O=C(Nc1ccccc1N1CCCC1=O)c1cccc(-c2cccc(-c3ccc4c(c3)OCO4)c2)c1,-8.4,3.5126829279374956,30_961
O=C(c1ccc(-c2cccc(C(F)(F)F)c2)cc1)N1CCc2cc(-c3ccccc3)ccc21,-7.7,3.2803373054650753,30_962
O=P(O)(O)C(Nc1ncnc2sc(-c3ccc4ccccc4c3)cc12)P(=O)(O)O,-8.7,3.223248014403212,30_963
O=C(Nc1cccc(-c2cccc(-c3nc4cc(F)ccc4[nH]3)c2)c1)Nc1nnc2ccccn12,-9.1,3.4325026839574893,30_964
O=C1C(=O)N(CCCn2cc(COc3cc(=O)oc4ccccc34)nn2)c2ccc(Br)cc21,-7.9,3.413177906182778,30_965
O=C(c1ccc2c(c1)[nH]c(=O)n2-c1ccccc1)N1CCC(c2nc(C3=NOC(c4ccccc4)C3)cs2)CC1,-7.3,3.3345699385292815,30_966
O=C(Nc1cccc(C(F)(F)F)c1)c1c(-c2ccccc2F)c2cc(-c3ccncc3)ccc2n1-c1ccccc1,-8.5,3.1542394851548807,30_967
O=CNc1cccc2[nH]ccc12,-5.2,3.2878593778569485,30_968
C=C(C(=CC=CC(=O)O)c1ccc2c(c1)CCC2)c1cccc(-c2cc(F)cc(-c3cccc(-c4ccccc4F)c3)c2)c1,-8.7,2.8497255967322714,30_969
CCCC(Cc1cnccc1C1=CC(C=NC(C)=O)=CC1)C(=O)Nc1ccc2c(c1)OCO2,-6.9,3.5819835168490046,30_970
O=C(c1cccc(-c2cccc(C(=O)N3CCN(Cc4ccc5c(c4)OCO5)CC3)c2)c1)N1CCOCC1,-8.3,3.4511537358871016,30_971
O=C(c1cc(Cc2n[nH]c(=O)c3c2NCCC3)ccc1F)N1C[C@@H](O)[C@@H](O)C1,-7.9,3.3496773017975965,30_972
Cc1ccc(-c2cccc(C(=O)Nc3cccc(-c4cccc5ccccc45)c3)c2)cc1,-8.6,3.105567791543942,30_973
O[C@H](c1cc(C(F)(F)F)nc2c(C(F)(F)F)cccc12)[C@@H]1CCCCN1c1ccccc1,-7.3,3.588445307736988,30_974
CC(C)(C(=O)O)c1cccc(-c2cccc(-c3cccc(-c4cccc(C(F)(F)F)c4)c3)c2)c1,-8.7,3.3458507343807797,30_975
Cc1cccc(-c2cccc(-c3ccc(F)cc3OCCCn3cc(C4=CC(=O)NC4=O)c4ccccc43)c2)c1,-7.8,3.2459886777268903,30_976
O=C(Oc1cccc(-c2cccc(-c3cccc(-c4ccccc4F)c3)c2)c1)c1cccc(C(F)(F)F)c1,-8.3,2.917157903585428,30_977
O=C(NN1Cc2[nH]nc(-c3ccc(F)cc3)c2N=C1c1cccc([N+](=O)[O-])c1)Oc1ccccc1,-7.4,3.4404038052903947,30_978
OCCCCCCc1cccc(-c2cc(-c3cc4ccccc4o3)c3ccccc3n2)c1,-7.6,3.3102274625263988,30_979
NS(=O)(=O)c1cccc(Nc2nccc(-c3cccc4ccccc34)n2)c1,-7.9,3.6768799864194097,30_980
O=C(Nc1cccc(-c2cccc(-c3ncc[nH]3)c2)c1)c1ccccc1-c1cccc(C(F)(F)F)c1,-8.4,3.270861261210837,30_981
O=C(O)c1cc(-c2cccs2)nc2c1cnn2-c1cccc(C(F)(F)F)c1,-7.9,3.6883672011175794,30_982
O=C(O)Cc1ccc(-c2cccc3ccccc23)cc1-c1ccc2c(c1)Nc1ccccc1NC2=O,-8.8,2.2443559574204013,30_983
O=C(c1cccc(-c2cccc(-c3cccc(C(=O)N4CCN(c5ccccc5F)CC4)c3)c2)c1)N1CCOCC1,-9.15,3.40208138725209,30_984
N=C1C=CC(=Nc2cc(-c3ccco3)ccccnc(-c3cc4ccccc4[nH]3)n2)CCC1,-8.7,1.4136069441366015,30_985
N=C(N)Nc1ccc(-c2cccc(-c3ccc4ccccc4c3)c2)cc1,-8.6,3.2603360822092444,30_986
O=C(Nc1cc(-c2cccc(F)c2F)ccc1-c1cc(F)ccc1F)c1ccc2[nH]c(=O)c(=O)[nH]c2c1,-8.8,3.3067014558256203,30_987
O=C(c1ccccc1C(F)(F)F)N1CCN(c2nc(=O)c3ccccc3s2)CC1,-8.0,3.6884324657180034,30_988
O=C(Nc1cccc(-c2cccc(-c3nc4cc(C(F)(F)F)ccc4[nH]3)c2)c1)c1cccc(C(F)(F)F)c1,-8.3,3.248946671823277,30_989
O=C(Nc1ccc2c(c1)OCO2)c1cccc(-c2cccc(-c3nc4cc(C(F)(F)F)ccc4[nH]3)c2)c1,-8.2,3.456818328905486,30_990
O=C(c1cc(Cc2n[nH]c(=O)c3c2NCCC3)ccc1F)N1CCN(c2cccc([N+](=O)[O-])c2)CC1,-8.6,3.419825947854955,30_991
O=C(Nc1cccc(-c2cccc(-c3cccc(F)c3)c2)c1)c1cccc(C(F)(F)F)c1,-8.65,3.2672233782541786,30_992
Oc1ccc(-c2cc(-c3cccc(F)c3)nc3c2Cc2cccc(O)c2-3)cc1,-8.5,3.5382346254688546,30_993
O=C(c1cccc(-c2nnc(-c3ccccc3)o2)c1)N1CCN(c2cccc(Cl)c2)CC1,-8.6,3.6413819904130205,30_994
O=C(c1nn(-c2cccc(CN3CCOCC3)c2)c2c1CS(=O)(=O)c1ccccc1-2)N1CCOCC1,-7.6,3.3646410522879355,30_995
O=C(F)N[CH]c1cccc(-c2cccc(-c3nc4cc(F)ccc4[nH]3)c2)c1,-8.3,3.501702530057335,30_996
O=c1cc(-c2cccc(-c3ccc4c(c3)OCCO4)c2F)[nH]nc1N1CCC(O)CC1,-8.2,3.628799701860595,30_997
O=C(Nc1cccc(-c2cccc(-c3cccc(C(=O)N4CCOCC4)c3)c2)c1)c1cccc(F)c1,-9.0,3.5714240444231855,30_998
O=C1C(Cc2ccco2)=NC(=S)N1c1ccccc1C(F)(F)F,-7.1,3.6045489169694944,30_999
O=C(CN1CCN(c2cccc(Cl)c2Cl)CC1)Nc1cccc(-c2cccc(-c3nc4cc(F)ccc4[nH]3)c2)c1,-6.7,3.361835105509883,30_1000
C=C(CC(=C(Br)C[SH](=O)=O)c1cccc(Oc2ccccc2)c1)c1ccc(F)cc1,-6.1,3.5474064822125557,30_1001
O=C(Nc1cccc(-c2cncc3ccccc23)c1)c1cccc(-c2cccc(-c3ccco3)c2)c1,-9.1,3.3531958381273093,30_1002
O=C(c1cccc2ccccc12)N1CCC(c2ccc3ccccc3c2)CC1,-7.3,3.2498487817652295,30_1003
N#Cc1ccccc1-n1c(-c2cccc(C(=O)Nc3ccccc3-c3ccccc3)c2)nc2ccccc2c1=O,-8.1,3.4221919673145234,30_1004
O=C1Nc2ccccc2C1=Cc1cccc(-c2ncccc2C(F)(F)F)c1,-8.1,3.575377707801707,30_1005
C/C=C1\OC(NC(=O)c2cccnc2)(C(F)(F)F)C(Oc2ccccc2)=C1c1cccc(C(F)(F)F)c1,-7.6,3.581267761853843,30_1006
O=C(Nc1ccc2ccccc2c1)c1cc(-c2cccc(-c3ccccc3F)c2)nc2ccccc12,-9.2,3.2912445840406246,30_1007
O=C(Nc1cccc(-c2cccc(-c3nc4ccccc4[nH]3)c2)c1)c1cccc(C(F)(F)F)c1,-8.8,3.31558797004833,30_1008
O=C/C(=C/c1cccc(-c2cccc(-c3nc4cc(F)ccc4[nH]3)c2)c1)Oc1ccccc1Nc1ccccc1,-7.5,3.102398083403732,30_1009
O=C1c2ccccc2-c2c1c1ccccc1c(=O)n2Cc1ccccc1Oc1cc(F)cc(F)c1,-8.2,3.351204756823824,30_1010
O=S(=O)(Nc1cccc(-c2ccc3c(cnc4ccccc43)c2)c1)c1cccc(C(F)(F)F)c1,-9.0,3.363048607383316,30_1011
O=C(Nc1nc2ccccc2n1Cc1ccccc1Cl)c1cccnc1Nc1cccc(C(F)(F)F)c1,-8.4,3.4260821852207473,30_1012
O=C(C[n+]1cn(C(c2ccccc2)c2cc3ccccc3oc2=O)c2ccccc21)c1cccc(-c2ccccc2)c1,-8.1,3.0910965977267932,30_1013
O=C(Nc1cccc(-c2ccc3c(c2)OCCO3)c1)c1ccc2c(c1)OCCO2,-7.7,3.685072631693409,30_1014
O=C(Nc1ccccc1C(=O)N1CCOCC1)c1cccc(-c2cccc(-c3cccc(C(F)(F)F)c3)c2)c1,-8.8,3.537920848713541,30_1015
Nc1ncc(-c2cccc(-c3ccco3)c2)cc1-c1cccc(-c2cccc3ccncc23)c1,-9.7,3.44010174223385,30_1016
O=C(NCc1ccc(F)cc1)c1cccc(-c2cccc(-c3ccc4c(c3)OCO4)c2)c1,-8.4,3.593916948175068,30_1017
O=C(Nc1cccc(OC(F)(F)F)c1)c1cccc(-c2cccc(O)c2)c1,-7.9,3.689221348234696,30_1018
O=C(Nc1cccc(-c2cccc(-c3cccc(F)c3)c2)c1)c1cccc(C(F)(F)F)c1,-8.65,3.2672233782541786,30_1019
O=C(Nc1cccc(S(=O)(=O)N=C2CCCN2)c1)c1cc(-c2cccc3ccccc23)nc2ccccc12,-8.9,3.441907521232558,30_1020
O=C(c1ccccc1)c1cnc(-c2cccc(-c3ccccc3)c2)cc1C=CC=CF,-7.5,3.276682178370556,30_1021
O=Cc1c(-c2cccc3c2ccc2ccccc23)c2ccccc2n1Cc1ccccc1,-8.2,3.0358460623917427,30_1022
O=C(Nc1cccc(-c2cccc(-c3cccc(-c4ccccc4OC(F)(F)F)c3)c2)c1)Nc1cccc2[nH]ccc12,-8.7,3.020759158211045,30_1023
Cn1cc(NC(=O)c2cccc(-c3ccc4ccccc4c3)c2)cc1C(=O)NCc1ccccc1,-7.7,3.4222987277472487,30_1024
O=C(Nc1cccc(-c2cccc(-c3cccc(-c4cccc(F)c4)c3)c2)c1)c1cccc(C(F)(F)F)c1,-8.1,3.003716495802779,30_1025
O=C(Nc1ccc2cc(-c3cccc(C(=O)NCc4cc5ccccc5s4)c3)ccc2n1)Oc1ccccc1,-7.8,3.275993416387431,30_1026
O=C(Nc1cccc(-c2cncc(-c3cccc(-c4ccccc4)c3)c2)c1)c1ccccc1-c1ccccc1,-9.0,3.1804840117027,30_1027
N#CC=CC(F)=CCNc1nc(NC2CCC(F)(F)C2)nc(-c2ccc3ccccc3n2)n1,-7.4,3.532095040930299,30_1028
O=C(NCc1ccc(F)cc1F)c1cccc(-c2cccc(-c3cccs3)c2)c1,-8.2,3.517974914275485,30_1029
O=C(Nc1cccc(-c2nc3ccccc3[nH]2)c1)c1cc(-c2ccccc2F)nc2ccccc12,-8.8,3.4562446008534984,30_1030
O=C(O)c1cc(-c2cc3ccccc3s2)cc(-c2cccc3ccccc23)c1O,-8.2,3.4512208496254826,30_1031
O=C(c1cccc(-c2cccc(-c3ccc4c(c3)OCCO4)c2F)c1)N1CCNCC1,-8.8,3.6553838184373157,30_1032
O=C(COc1cccc(-c2ccccc2F)c1)Nc1ccc2c(c1)OC(=O)C=CC(c1ccccc1)=N2,-8.4,1.547060666613302,30_1033
O=C(Nc1cccc(-c2cccc(C(=O)N3CCOCC3)c2)c1)c1cccc(-c2ccc3c(c2)OCCO3)c1,-8.1,3.4931838006997005,30_1034
O=C(O)c1ccc2c(c1)nc(-c1cccc(-c3cccc(-c4cccc(F)c4)c3)c1)n2C1CCCCC1,-8.0,3.343851887993938,30_1035
Cc1ccc(-c2[nH]c3ccccc3c2-c2ccnc(-c3ccc(-c4cccc(C)c4)cc3)n2)cc1,-8.4,3.2849320801388533,30_1036
O=CNc1ccc(Nc2cccc(C(=O)O)c2)c2ccccc12,-7.9,3.6032278905312483,30_1037
O=C(c1cccc(-c2cccc(-c3cccc(C(F)(F)F)c3)c2)c1)N1CCNCC1,-8.6,3.642566566269835,30_1038
O=C(Nc1cccc(-c2ccccc2)c1)c1cccc(-c2cccc(-c3ccccc3F)c2)c1,-9.6,3.188129789925851,30_1039
O=c1c2cc(F)ccc2nc(-c2cccc(-c3ccccc3OC(F)(F)F)c2)n1-c1ccccc1,-8.3,3.316720453706922,30_1040
O=CN1C(Nc2nc3ccccc3nc2-c2ccccc2)=Nc2ccccc2C1c1cccc(-c2cc3ccccc3[nH]2)c1,-10.5,3.1329749070899506,30_1041
O=C(Nc1cccc(-c2cccc(-c3nc4ccccc4[nH]3)c2)c1)c1ccccc1,-8.62,3.442730724240592,30_1042
O=C(Nc1nn[nH]n1)c1cn2c(n1)C(=O)N(c1ccc(-c3cccc(F)c3Cl)cc1)C2,-8.1,3.5259342395683766,30_1043
O=C(Nc1cccc(-c2cccc(-c3cccc(-c4ccccc4O)c3)c2)c1)c1ccccc1,-9.2,3.303194323964135,30_1044
O=C(c1cccc(-c2cccc(-c3nc4ccccc4[nH]3)c2)c1)N1CCN(C(=O)c2ccco2)CC1,-8.9,3.5502103002392453,30_1045
C=C1CN(C(=O)c2cc(C(F)(F)F)cc(C(F)(F)F)c2)CCC[C@@H]1c1cc(-c2ccccc2)no1,-8.3,2.4764934415445508,30_1046
O=C(CC[C@H]1O[C@@H](n2cnc3c(NC(=O)c4ccccc4)ncnc32)[C@@H](O)[C@@H]1O)Nc1cccc(-c2ccccc2)c1,-7.4,3.0593379520539523,30_1047
O=C(NC(Cc1ccccc1)C(=O)O)c1ccccc1Nc1ccc2c(C=Cc3ccccn3)[nH]nc2c1,-7.5,3.217036377279669,30_1048
Clc1ccc2c(-c3ccc4c(c3)OCCO4)cccc2c1-c1cccc(C2=COc3ccccc3C2)c1,-8.1,3.113196373062766,30_1049
O=C(N/N=C/c1cccc(-c2cccc(-c3nc4cc(F)ccc4[nH]3)c2)c1)c1ccccc1Cl,-7.6,3.3713191341851245,30_1050
O=C(c1cccc(-c2cccc(-c3ccccc3OC(F)(F)F)c2)c1)N1CCNCC1,-7.833333333333333,3.7179715826961255,30_1051
O=C(c1cccc(-c2cccc(CN3CCN(C(=O)c4cccnc4)CC3)c2)c1)N1CCOCC1,-8.3,3.6068556043708435,30_1052
O=c1c2ccccc2nc(-c2cccc(-c3cccc(Cl)c3F)c2)n1-c1cccc(C(F)(F)F)c1,-8.5,3.2246937593882166,30_1053
O=C(Nc1ccc(-c2nc3cc(C(F)(F)F)ccc3[nH]2)cc1)c1cccc(F)c1,-7.8,3.5271168475204635,30_1054
C=C1C=CC(C(Nc2n[nH]c(-c3cccc(-c4cccc(F)c4)c3)n2)c2ccccc2)=C1,-7.8,3.444862176722188,30_1055
O=C(CN1c2nc(N3C[C@@H]4C[C@H]3CO4)cc(=O)n2CCC1C(F)(F)F)c1cccc(F)c1,-7.4,3.3279219847907147,30_1056
O=C(Nc1nc2ccccc2s1)c1cccc(-c2cccc(-c3cccc(-c4ccccc4F)c3)c2)c1,-9.1,3.316828527509775,30_1057
O=C(Nc1cccc(F)c1)Nc1cccc(-c2cccc(-c3nc4ccccc4[nH]3)c2)c1,-8.5,3.372593532528297,30_1058
COC=C1C=c2ccn(-c3cccc(-c4cccc(-c5ccc6c(c5)OCO6)c4)c3)c2=C1,-8.7,3.42142687578513,30_1059
COc1ccc(NC(=O)c2cccc(-c3cccc(F)c3)c2)cc1NC(=O)Nc1cccc(-c2ncccc2C)c1,-7.8,3.251391666479152,30_1060
O=C(Cc1ccc2c(c1)OCO2)Nc1ccc(-c2cccc(-c3ccccc3OC(F)(F)F)c2)cc1,-7.8,3.583353741506193,30_1061
CC=C1C=CC(C(=O)Nc2cccc(-c3cccc(-c4nc5c(C)cccc5[nH]4)c3)c2)=C1C,-9.0,3.4637405297251966,30_1062
O=C(Nc1cccc(-c2cccc(-c3nc4ccccc4[nH]3)c2)c1)c1cccc(C(F)(F)F)c1,-8.8,3.31558797004833,30_1063
Cn1c(-c2cccc(-c3cccc(NC(=O)c4ccccc4)c3)c2)nc2ccccc21,-8.381818181818183,3.3942752104154073,30_1064
O=C(c1cc2cccc(-c3cccc(-c4nc5ccccc5[nH]4)c3)c2[nH]1)N1CCOCC1,-8.8,3.516111671307466,30_1065
O=C(Nc1ccc2c(c1)OCO2)c1cc(-c2cccc(-c3ccc4c(c3)OCCO4)c2)ccc1OCCCN1CCOCC1,-8.4,3.141448093142813,30_1066
C=C(C=CC=CS(=O)(=O)n1c2ccc(C3=CC=CC3)cc2c2cc(-c3cccc(C(N)=NO)c3)ccc21)C(F)(F)F,-8.8,3.0073972631566264,30_1067
COC=C1C=CC(c2cc(C)ccc2C#Cc2cccc(-c3cccc(-c4nn[nH]n4)c3)c2)=C1,-7.9,3.5053471411462587,30_1068
N#CCCNC(=O)c1cccc(-c2cccc(-c3cccc(-c4cccc(C(N)=O)c4)c3)c2)c1,-8.2,3.482180252053673,30_1069
O=C(Nc1cccnc1)Nc1cccc(-c2cccc(-c3cccc(C(F)(F)F)c3)n2)c1,-8.4,3.6054180326816594,30_1070
O=C(O)c1ccc(-c2cccc(-c3cccc(-c4cccc(OC(F)(F)F)c4)c3)c2)cc1,-8.5,3.4303498739607625,30_1071
C[C@H]1CN(Cc2cccc3ccccc23)C[C@@H]1n1cnc2c(NC(=O)c3ccc(Oc4ccccc4)cc3)ncnc21,-7.2,3.3485217940897716,30_1072
O=C(Cn1c(=O)n(Cc2ccco2)c(=O)c2ccccc21)N=C1C=CCCC1,-6.8,3.7418323404863862,30_1073
O=C(Nc1cccc(C(F)(F)F)c1)c1cccc(-c2cccc(-c3cccc(-c4ccccc4)c3)c2)c1,-9.05,3.0537079726898275,30_1074
Cc1noc(-c2cccc(-c3cccc(-c4cccc(C#N)c4)c3)c2)n1,-8.1,3.5989081118603217,30_1075
O=C(Nc1cccc(-c2cccc(N3CCCC3)c2)c1)c1cccc(-c2cccc(-c3cccc(-c4ccccc4F)c3)c2)c1,-9.3,2.992087922182278,30_1076
O=S(=O)(Nc1cccc(-c2cccc(C=Nc3ccccc3)c2)c1)c1ccccc1,-8.3,3.5714094213395264,30_1077
O=c1[nH]c(-c2ccccc2Cl)cc2ccccc12,-6.8,3.450330854541807,30_1078
Cn1c(-c2cccc(-c3cccc(NC(=O)c4ccccc4)c3)c2)nc2ccccc21,-8.381818181818183,3.3942752104154073,30_1079
N#Cc1cccnc1-c1cccc(-c2cccc(-c3cccc(NC(=O)c4ccccc4)c3)c2)c1,-8.5,3.4145575848364174,30_1080
O=C(Nc1cccc(-c2cccc(-c3cccc(C(F)(F)F)c3)n2)c1)c1ccccc1Cl,-8.3,3.5234158541812133,30_1081
O=C(Nc1cccc(Nc2nccc(-c3cccc(C(F)(F)F)c3)n2)c1)c1cccc(C(F)(F)F)c1,-7.7,3.4752091305259545,30_1082
O=c1nc(Nc2cccc(F)c2)sc2c(-c3ccccc3)cnn12,-7.0,3.7118422191721825,30_1083
Cc1nc2cc(NC(=O)Nc3cccc(Cl)c3Cl)ccc2s1,-6.6,3.6489716266385224,30_1084
O=C1c2cc(-c3cccc4ccccc34)ncc2N(C(=O)c2cc(Cc3n[nH]c(=O)c4c3NCCC4)ccc2F)CCN1c1cccc(F)c1,-10.5,2.1897090045239347,30_1085
Cc1ccc(CNC(=O)c2cccc(-c3cccc(-c4ccccc4C)c3)c2)nc1,-8.5,3.504533450127771,30_1086
C[C@@]1(c2cccc(-c3cccc(-c4cccc(CO)c4)c3)c2)CCN(S(=O)(=O)c2ccccc2Cl)C1,-7.3,3.535674184697288,30_1087
O=C(c1cccc(F)c1)N1CCN(C(=O)c2cccc(-c3cccc(-c4cccc(C(F)(F)F)c4)c3)c2)CC1,-9.0,3.371992100234022,30_1088
O=C(Nc1cc2ncccc2n2cccc12)c1cccc(Oc2ccccc2Cl)c1,-7.7,3.578009433659431,30_1089
O=C(Nc1cccc(-n2cccn2)c1)c1cccc(-c2cccc(-c3nc4cc(F)ccc4[nH]3)c2)c1,-8.6,3.477708987835028,30_1090
O=[N+]([O-])C1[C@@H](c2ccccc2)N(Cc2ccccn2)CC[C@H]1c1ccccc1Br,-6.7,3.5935233087663754,30_1091
O=C(c1ccccc1)N1CCN(C(=O)c2cccc(-c3cccc(-c4nc5ccccc5[nH]4)c3)c2)CC1,-9.2,3.492751661014107,30_1092
O=C(Nc1ccc(-c2cc3ccccc3[nH]2)cc1)c1cccc(-c2cccc(-c3ccc4c(c3)OCO4)c2)c1,-8.4,3.1958747495167366,30_1093
O=C(c1ccc(NS(=O)(=O)c2cccc3cccnc23)cc1)N1CCC(O)(c2cccc(-c3cccc(-c4ncc[nH]4)c3)c2)CC1,-7.6,3.1855180279352355,30_1094
O=C1c2ccccc2C(=O)c2c1nnn2-c1cc(C(F)(F)F)ccc1N1CCN(c2cccc(Cl)c2Cl)CC1,-8.7,3.3865028390627776,30_1095
O=C(Nc1ccc2c(c1)OCCO2)c1cc(-c2cccc(O)c2)on1,-7.0,3.719233951668275,30_1096
O=C(Nc1ccc(C(=O)NCCc2ccccc2)cc1)Nc1ccc(-c2nc(N3CCOCC3)nc(N3CCOCC3)n2)cc1,-7.3,3.1447502924422466,30_1097
O=CN1S/C(=C\c2cccc(-c3cccc(-c4cccc(-c5ccccc5Cl)c4)c3)c2)C1=O,-9.0,3.291896439062648,30_1098
CCN1c2c(C(=O)Nc3cccc(C(=O)N(C)C)c3)nn(C3=CC=C(C)C3)c2-c2ccccc2S1(=O)=O,-7.6,3.600301665212462,30_1099
Oc1ccc(-c2cccc(-c3cccc(-c4cccc(O)c4)c3)c2)cc1,-8.5,3.4614324649714687,30_1100
O=C(Nc1cccc(-c2cccc(-c3ccccc3F)c2)c1)c1cccc(C(F)(F)F)c1,-8.3,3.2672233782541786,30_1101
Cn1c(-c2cccc(-c3cccc(-c4ccc(C(O)=NO)cc4)c3)c2)nc2ccccc21,-8.6,3.11591418259874,30_1102
CCC1c2ccccc2C=C(c2ccc(C)s2)c2ccccc21,-6.8,2.22883924442114,30_1103
O=C(c1cccc(-c2cccc(-c3nc4ccccc4[nH]3)c2)c1)N1CCN(c2ccccc2F)CC1,-9.5,3.4648144352837686,30_1104
O=C(Nc1cccc(-c2cncc3ccccc23)c1)c1cccc(-c2cccc(-c3cccc4ccccc34)c2)c1,-9.5,3.153132531458559,30_1105
Cc1cc(C)nc(-n2nc(C)cc2NC(=O)c2ccc(Cl)s2)n1,-6.6,3.745442355904784,30_1106
O=C(c1cccc(F)c1)N1CCN(C(=O)c2cccc(-c3cc(-c4cccc(C(F)(F)F)c4)cs3)c2)CC1,-7.8,3.425998325062591,30_1107
CC(=O)N(c1cccc(-c2ccccc2C#N)c1)c1ccnc(Nc2ccc(F)c(C)c2)n1,-7.6,3.6432300236090587,30_1108
O=C(c1cccc(-c2cccc(-c3nc4ccccc4[nH]3)c2)c1)N1CCN(c2cccc(Cl)c2)CC1,-9.5,3.440092756302386,30_1109
O=C(Nc1cccc(-c2cccc(-c3nc4cc(F)ccc4[nH]3)c2)c1)c1ccccc1,-8.389999999999999,3.4293586076098226,30_1110
O=C1C=C(C=Cc2cn(-c3cccc(C(F)(F)F)c3)c(-c3ccccc3C(F)(F)F)n2)C(=O)c2ccccc21,-7.6,3.396194097237426,30_1111
O=C(c1ccc2c(c1)OCO2)N1CCN(C(=O)c2ccccc2Nc2ccncc2)CC1,-7.6,3.6967147778499516,30_1112
O=C(O)C[C]1C[C@@H](c2ccc3ccccc3c2)Oc2ccccc2O1,-8.2,2.7511638185635574,30_1113
O=C(Nc1cccc2cccnc12)c1coc(-c2cccc(-c3cccc(-c4cccc(F)c4)c3)c2)n1,-8.3,3.446450343411231,30_1114
O=C(NCc1ccccc1)Nc1cccc(-c2cccc(-c3cccc(C(F)(F)F)c3)c2)c1,-8.7,3.378236309291684,30_1115
O=C(O)c1ccc(-c2ccc3ccc(-c4ccc5c(c4)OCO5)cc3c2)cc1,-7.8,3.5916592832642893,30_1116
O=C(Nc1cccc(-c2cccc(-c3nc4cc(F)ccc4[nH]3)c2)c1)c1ccccc1,-8.389999999999999,3.4293586076098226,30_1117
O=C(c1cc(F)ccc1-n1nccn1)N1CCCC(Nc2cccc(C(F)(F)F)c2)C1c1ccccc1F,-8.1,3.5360933764924996,30_1118
N#Cc1ccccc1-n1ccc2c(N3CCN(C(=O)COc4ccc(F)cc4)CC3)cccc21,-6.8,3.622780966015548,30_1119
O=C1C(=O)N(Cc2ccccc2Cl)C(c2ccc(Cl)cc2)C1C(=O)c1cc2ccccc2oc1=O,-7.4,3.2997135752364364,30_1120
O=C(Nc1cccc(-c2cncc3ccccc23)c1)c1cccc(-c2cccc(-c3cccc(-c4ccccc4F)c3)c2)c1,-8.9,3.1024376339215047,30_1121
O=C(Nc1ccccc1N(Cc1cccc(Oc2ccccc2)c1)C(=O)CCl)c1cc2ccccc2n1-c1cccc(Br)c1,-7.6,3.1227194307095747,30_1122
CCC=CC1C(=Nc2c3ccccc3nc3ccccc23)C(=O)N[C@H]1CNC(=O)c1cccc(-c2ccc3cccc(F)c3c2)c1F,-8.2,3.108534965402147,30_1123
O=C(Cc1ccccc1)Nc1ccc(-n2cnn(C[C@@](O)(Cn3cncn3)c3ccc(F)cc3F)c2=O)cc1,-7.2,3.2935608198041377,30_1124
O=C1C=CC(=O)OC=CN(c2cccc(-c3ccc4c(c3)OCO4)c2)c2ccccc2N1,-8.5,1.2218931026042918,30_1125
O=C(Nc1cccc(-c2cccc(-c3cccc(C(F)(F)F)c3)c2)c1)c1ccccc1Cl,-8.6,3.2733973874543887,30_1126
Cc1ccc(NC(=O)CSc2nc3ccccc3c(=O)n2-c2cccc(C)c2C)cc1C,-8.0,3.558103482483873,30_1127
O=C(Nc1cccc(-c2cccc(-c3nc4cc(F)ccc4[nH]3)c2F)c1)c1ccccc1Br,-8.1,3.396416168638425,30_1128
O=C(c1cc(Cc2n[nH]c(=O)c3c2NCCC3)ccc1F)N1CCN(c2cccc(C(F)(F)F)c2)CC1,-8.5,3.5343766627608666,30_1129
Cc1ccc(-c2cccc(-c3cccc(-c4cccc(C(=O)NC5CC5)c4)c3)c2)cc1,-8.4,3.326644288994679,30_1130
O=C(Nc1ccc(-c2cccc(-c3nc4cc(C(F)(F)F)ccc4[nH]3)c2)cc1)c1ccccc1-c1ccccc1,-7.2,3.1412476074542717,30_1131
Cn1cc(-c2cccc(-c3cccc(-c4ccc(C(=O)O)cn4)c3)c2)cn1,-8.0,3.71014801275084,30_1132
NC(=O)CC(NC(=O)c1ccccc1C(F)(F)F)c1ccc(N2CCC(c3ccccc3F)CC2)c([N+](=O)[O-])c1,-7.6,3.336685088565458,30_1133
O=C1CCOCCNc2c1cccc2-c1cccc(-c2cccc(-c3nc4ccccc4[nH]3)c2)c1,-9.4,1.2433503821221148,30_1134
O=C(c1ccncc1)N1CCC(c2nc(-c3ccccc3)no2)CC1,-7.3,3.7568751280141166,30_1135
O=C(C=C1C=CC(N=Cc2c(O)c(-c3ccccc3Oc3ccccc3)cn2CCO)=C1)N1CCOCC1,-7.0,3.384316684049657,30_1136
O=C(c1cccs1)N1CCN(C(c2ccccc2Cl)c2ncccc2F)CC1,-6.9,3.7316613918863712,30_1137
C=Cn1c(-c2cccc(-c3cccc(-n4cnc5c([nH]c6cc(-c7ccccc7)ccc65)c4=O)c3)c2)nc2ccccc21,-8.5,3.312377385655627,30_1138
Cc1cccc(NCc2cccc(-c3cccc(C(=O)NCc4cccc(F)c4)c3F)c2)c1,-8.1,3.4530831057848843,30_1139
N#Cc1cccnc1-c1cccc(-c2cccc(NC(=O)c3cnccn3)c2)c1,-8.2,3.7133037190395566,30_1140
CN(C)c1ccc(-c2cccc(-c3ccccc3OC(F)(F)F)c2)cc1C(=O)Nc1cccc(-c2cccc(-c3nc4ccccc4[nH]3)c2)c1,-7.9,3.063302726795302,30_1141
O=C(Nc1cccc(-c2cccc(-c3ccccc3)c2)c1)c1cc2ccccc2[nH]1,-8.8,3.2707594045698682,30_1142
O=C(c1cccc(-c2ccc3c(c2)OCCO3)c1)N1CCN(Cc2ccccc2F)CC1,-8.4,3.6106246146670187,30_1143
O=C(Nc1cccc(-c2cncc(Nc3cccc(-c4ccco4)c3)n2)c1)c1cccc(C(F)(F)F)c1,-8.2,3.340948868459141,30_1144
Cc1cc(-c2ccn3c(-c4cccc(NC(=O)NCC(F)(F)F)c4)cnc3c2)nc(C(F)(F)F)n1,-7.7,3.5251190976798137,30_1145
O=c1[nH]c2cc(Cl)ccc2n1-c1cccc(-c2cccc(-c3ccc4cccc(F)c4c3)c2F)c1,-9.0,3.371452378299855,30_1146
O=C(c1cccc(-c2cccc(C(=O)N3CCN(c4cccc(C(F)(F)F)c4)CC3)c2)c1)N1CCOCC1,-8.6,3.5675074243249583,30_1147
O=C(O)c1ccccc1-c1ccc(-c2cccc(C3=CC(=Nc4cccc5ccccc45)C4C(=O)NC=CC34)c2)cc1,-8.4,3.1658221257931976,30_1148
COc1cc(Oc2ncnc3ccc(-c4cccc(C(=O)N5CCCC5)c4)cc23)ccc1NC(=O)c1cc2ccccc2[nH]1,-8.0,3.2770717844717208,30_1149
O=C(Nc1cccc(-c2cccc(-c3nc4ccccc4[nH]3)c2)c1)c1cccc(C(F)(F)F)c1,-8.8,3.31558797004833,30_1150
O=C(Nc1ccc(F)cc1)c1ccccc1N(C(=O)c1ccc2c(cnc3ccccc32)c1)c1ccccc1,-8.5,3.324926727732058,30_1151
O=C(Nc1cccc(-c2cccc(-c3ncccc3CO)c2)c1)c1cccc(-c2cccc(-c3nn[nH]n3)c2)c1,-8.2,3.202602042063063,30_1152
COC1=CC=C(S(=O)(=O)Nc2cccc(-c3cccc(-n4cccn4)n3)c2C)C1,-8.2,3.761565731207954,30_1153
O=C(Nc1cccc(-c2cccc(-c3cccc(-c4nc5ccccc5n4CO)c3)c2)c1)Nc1ccccc1C(=O)Nc1ccccc1Cl,-7.8,2.832216586551027,30_1155
O=C(Nc1cccc(-c2cccc(-c3cccc(F)c3)c2)c1)c1cccc(C(F)(F)F)c1,-8.65,3.2672233782541786,30_1156
Oc1cccc(-c2cccc(-c3cccc(-c4ccc(O)c(-c5ccccc5O)c4)c3)c2)c1,-9.8,3.3043424219440896,30_1157
O=C1NC(=O)N(c2ccc(F)cc2)C(=O)/C1=C/c1cccc(-c2cccc(-c3ccc4c(c3)OCO4)c2)c1,-8.8,3.3188227377669612,30_1158
NC(=NO)c1cccc(-c2cccc(-c3cccc(C(F)(F)F)c3)c2)c1,-8.0,3.3663082302176717,30_1159
Fc1cccc(Cc2nc3ccccc3c3ccccc23)c1,-6.9,3.241053571454321,30_1160
N#Cc1cccnc1-c1cccc(-c2cccc(-c3cn4c(N)c(-c5ccccc5)c(N)nc4n3)c2)c1,-8.3,3.4206138810385838,30_1161
O=C(NCCN1CCOCC1)c1cccc(-c2cccc(-c3cccc(-c4cccc(F)c4)c3)c2)c1,-8.2,3.503039842722379,30_1162
O=C(Nc1cccc(-c2nc3cc(NC(=O)c4ccccc4CO)ccc3o2)c1)c1cccc(C(F)(F)F)c1,-7.1,3.325496879885061,30_1163
O=C(Nc1cccc(-c2ccccc2Cl)c1)c1ccc(-n2cncn2)nc1,-7.2,3.722834187841737,30_1164
N=C1c2ccccc2CN1c1cccc(-c2cccc(-c3cccc(-c4cccc(F)c4)c3)c2)c1,-10.1,3.072739422347439,30_1165
O=C1c2ccccc2C(=O)c2c1ccc1ccc(-c3cccc(-c4cccc(-c5nn[nH]n5)c4)c3)cc21,-9.2,3.4868893295022816,30_1166
O=C(c1cc(Cc2n[nH]c(=O)c3ccccc23)cc(F)c1F)N1CCN(c2ccccc2CN2CCC(F)C2)CC1,-8.2,3.520581351892327,30_1167
O=C(Nc1ccccc1)c1cccc(-c2cccc(-c3ccc4c(c3)OCO4)c2)c1,-8.3,3.4955491490960098,30_1168
O=C(O)COc1ccc(-c2cccc(-c3cc(-c4cccc([N+](=O)[O-])c4)cc(C(F)(F)F)c3)c2)cc1,-8.3,3.463670780081002,30_1169
N#C/C(=C\c1ccccc1OS(=O)(=O)c1cccc(F)c1F)C(=O)Nc1ccc2c(c1)OCO2,-7.2,3.4683721140193375,30_1170
O=C(Nc1cccc(-c2cccc(-c3nc4cc(F)ccc4[nH]3)c2)c1)c1cccc(C(F)(F)F)c1,-8.16,3.2512717517338245,30_1171
O=C(c1nn(-c2cccc(-c3ccccc3F)c2)c2c1CS(=O)(=O)c1ccccc1-2)N1CCOCC1,-8.0,3.5092031147281997,30_1172
O=C(c1cccc(-c2cccc(C3=NCCN3)c2)c1)N1CCCN(C(=O)c2cccc(Cl)c2Cl)CC1,-8.4,2.640564121905023,30_1173
O=C(Nc1cccc(-c2cccc(-c3cccc(C(=O)N4CCOCC4)c3)c2)c1)c1ccccc1,-8.799999999999999,3.5759240999335113,30_1174
O=C(/C=C/C1=Cc2ccccc2OC1)c1ccc(Nc2ccccc2-c2cccc(F)c2)cc1,-7.7,3.279095308682613,30_1175
O=C(c1ccccc1)c1c(-c2cccc(CO)c2)nc2ccc(-c3ccccc3)cn12,-8.5,3.3954883085165384,30_1176
O=C1C=CC=CC(c2cc(-c3cccc(-c4ccccc4F)c3)ccc2F)NC[C@@H]2CCCN2CC1,-9.4,1.480829436411386,30_1177
O=C(Nc1cccc(-c2ccc3c(c2)OCO3)c1)c1cc(-c2ccccc2)nc2ccccc12,-8.7,3.395921719621522,30_1178
O=C(Cc1ccc(-c2cccc(-c3cccc(F)c3)c2)cc1)Nc1cccc(-c2cccc(-c3ccc4c(c3)OCO4)c2)c1,-8.6,3.118427709081993,30_1179
NC(=O)C1Cc2ccccc2CN1C(=O)CC1C=CC=CC1C(=O)N(Cc1cccc([N+](=O)[O-])c1)c1ccc(F)cc1F,-9.1,3.3341083314061004,30_1180
O=C(c1cccc(-c2nc(=O)c3ccccc3[nH]2)c1F)N1CCN(c2cccc(C(F)(F)F)c2)CC1,-8.5,3.590566991116081,30_1181
O=C(Nc1cccc(-c2cccc(-c3cccc(C(F)(F)F)c3)c2)c1)c1ccc2c(c1)OCO2,-8.6,3.550378322436928,30_1182
Nc1ccc(-c2ccnc(Nc3cccc(-c4cccc(-c5cccc(O)c5)c4)c3)c2)cc1,-8.9,3.324787253548031,30_1183
O=C(c1cccc(-c2cccc(-c3cccc(F)c3)n2)c1)N1CCN(c2ccccn2)CC1,-8.5,3.6140831845626264,30_1184
C[C@@H](NC[C@H](O)c1cccc(N2CCCC2C(=O)O)c1)c1cccc(-c2cc(-c3ccc4c(c3)OCO4)cc(-c3ccccc3)n2)c1,-8.1,2.9842151237957486,30_1185
Cn1c(C2CCN(C(=O)c3cccc(-c4nc(=O)c#ccccc[nH]4)c3F)CC2)nc2ccccc21,-8.5,1.5179493369059216,30_1186
O=C(Nc1cccc(-c2cccc(-c3cccc(F)c3)c2)c1)c1ccccc1O,-8.1,3.530658454037773,30_1187
O=C(O)c1cc2c(ccc3ccccc32)o1,-6.4,3.539419897095561,30_1188
O=C1c2ccccc2C(=O)c2nc(-c3ccc4c(c3)OCCO4)ccc21,-8.0,3.570536082058924,30_1189
COc1cccc(-c2cccc(-c3cccc(-c4cccc(C(=O)N(C)C)c4)c3)c2)c1,-8.9,3.400120515065817,30_1190
O=C(Nc1cccc(-c2cccc(-c3ccc4c(c3)CCO4)c2)c1)Nc1cccc(C(F)(F)F)c1,-10.0,3.4538422005946225,30_1191
O=C(Nc1cccc(-c2cccc(-c3nc4cc(F)ccc4[nH]3)c2)c1)c1ccccc1,-8.389999999999999,3.4293586076098226,30_1192
O=C(Nc1cccc(-c2cccc(-c3nc4cc(F)ccc4[nH]3)c2)c1)c1ccccc1-c1ccccc1,-8.4375,3.297956728102947,30_1193
O=C(Nc1cccc(C(F)(F)F)c1)c1cccc(-c2cccc(-c3ccccc3F)c2)c1,-8.3,3.2672233782541786,30_1194
O=C(Nc1cccc2[nH]ccc12)c1cccc(-c2cccc(-c3cccc(-c4cccc(F)c4)c3)c2)c1,-9.6,3.158002228961265,30_1195
O=C1C=CC(Oc2nc(Nc3cccc(-c4cccc(-c5ccccc5)c4)c3)ncc2F)CC=CC=N1,-9.1,1.379795383462925,30_1196
O=C(c1ccccc1)c1ccc2c(-c3cccc(-c4ccc5c(c4)OCCO5)c3Cl)c[nH]c2c1,-7.7,3.369678927736698,30_1197
O=C(O)c1cccc(-c2cccc(-c3cccc(-c4nc5cc(F)ccc5[nH]4)c3)c2)c1,-8.7,3.4267863616105485,30_1198
O=Cc1cccnc1-c1cccc(-c2cccc(C(=O)N3CCN(c4ccccc4F)CC3)c2)c1,-9.0,3.527843393269768,30_1199
O=C1c2ccccc2C(=O)N1Cc1nc2ccccc2c(=O)n1Cc1ccc2c(c1)OCO2,-8.7,3.4873753131924237,30_1200
Cn1c(-c2cccc(-c3cccc(-c4cccc(NC(=O)c5ccc6ccccc6c5)c4)c3)c2)nc2ccccc21,-8.5,3.125035066357041,30_1201
O=C(CN(Cc1ccc(F)cc1)C(=O)c1cc2ccccc2o1)Nc1nc2ccccc2[nH]1,-8.3,3.546398921071212,30_1202
Cc1cc(-c2cccc(C(F)(F)F)c2)c(Nc2cccc(C(F)(F)F)c2)nn1,-8.0,3.6185210107934545,30_1203
O=C(NC1=C=Nc2cc(-c3cccc(-c4ccccc4F)c3)ccc21)c1cccc(C(F)(F)F)c1,-8.5,3.353079304807113,30_1204
O=C(c1cccc(-c2ccc3c(c2)OCCO3)c1)N1CCN(S(=O)(=O)c2cc(C(F)(F)F)cc(C(F)(F)F)c2)CC1,-8.25,3.3961573646710894,30_1205
N=C(c1ccccc1)C(N=CN(N=CC(=O)c1ccccc1Nc1cccc(-c2cccc(F)c2)c1)c1ccccc1)c1ccccc1F,-8.3,2.6468566856558295,30_1206
O=C(O)CC(=O)C(=Nc1ccc(-c2cccc(F)c2)cc1)c1cccc(-c2ccccc2F)c1,-8.4,3.374474962578618,30_1207
O=C(Cn1cnc2cc3ccccc3cc21)c1cccc(-c2cccc(-c3nc4ccccc4[nH]3)c2)c1,-8.9,3.2889293414386884,30_1208
O=CC=C(Oc1cccc(Oc2cccc(-c3cccc(-c4cccc(O)c4)c3)c2)c1)c1ccccc1,-8.0,3.1445818546398465,30_1209
O=CC=C1C=CC(OCc2cccc(-c3cc(-c4ccccc4)nc(-c4ccc5c(c4)OCCO5)c3)c2)=C1,-9.1,3.2421631033001237,30_1210
Cc1c(O)cccc1C(=O)Nc1cccc(-c2cccc(-c3nc4cc(F)ccc4[nH]3)c2)c1,-8.3,3.306391130615215,30_1211
O=C(Nc1ccccc1)C1CN2CC[C@H]1C[C@@H]2Cn1cc(-c2ccccc2)nc1-c1ccc2c(c1)OCO2,-7.9,3.291505495033192,30_1212
COc1ccc(CC2Nc3ccccc3C(=O)N2c2cccc(C)c2)cc1,-7.7,3.685879017088384,30_1213
NC(c1csc(Nc2cccc(C(F)(F)F)c2)n1)c1cccc2ccccc12,-7.4,3.640848792264803,30_1214
O=C(O)c1nccc(-c2cccc(C(=O)N3CCOCC3)c2)c1-c1ccccc1O,-7.2,3.7246203300707847,30_1215
O=C(Nc1cc(-c2ccccc2)nn1-c1ccccc1Br)c1cc(-c2ccccc2)nc2ccccc12,-9.0,3.4202173817331554,30_1216
O=C(c1cccc(-c2cccc(C(=O)N3CCN(c4ccccc4C(F)(F)F)CC3)c2)c1)N1CCOCC1,-8.6,3.5675074243249583,30_1217
O=C(c1c2ccccc2cc2ccccc12)N1c2ccccc2C=Cc2ccccc21,-9.0,2.0555584572306635,30_1218
O=C(N[C@H](CO)Cc1ccccc1)/C(NC(=O)c1ccccc1)=C(/Br)c1cccc(-c2cccc(C(F)(F)F)c2F)c1,-7.8,3.201484359056284,30_1219
O=C(Nc1cccc(-c2cccc(-c3nc4cc(F)ccc4[nH]3)c2)c1)c1ccccc1-c1ccccc1,-8.4375,3.297956728102947,30_1220
O=C(c1cccc(-c2cccc(C(=O)N3CCN(C(c4ccccc4)c4ccccc4)CC3)c2)c1)N1CCOCC1,-9.1,3.3886257814513088,30_1221
O=C(Nc1cccc(-c2cccc(-c3nc4cc(F)ccc4[nH]3)c2)c1)c1ccccc1,-8.389999999999999,3.4293586076098226,30_1222
O=C(Nc1cccc(-c2cc(Nc3cccc(C(F)(F)F)c3)ncn2)c1)Nc1cccc(C(F)(F)F)c1,-8.05,3.382684919693456,30_1223
O=C(Nc1cccc(C(=O)N2CCOCC2)c1)C1CC(=O)N(c2cccc(-c3cccc(-c4ccccc4F)c3)c2)C1,-8.8,3.4535330568826628,30_1224
O=C(Nc1cccc(-c2ccc3c(c2)OCCO3)c1)c1ccc(-c2ccccc2)cc1Cl,-8.6,3.5622838289202887,30_1225
O=C(c1cccc(-c2cccc(-c3cccc4ccccc34)c2)c1)N1CCN(C(=O)c2ccc3c(c2)OCO3)CC1,-9.8,3.2703075927733467,30_1226
O=C(CNC(=O)c1cccc(C(F)(F)F)c1)NC1CN([C@H]2CC[C@H](c3ccccc3)CC2)C1=O,-7.2,3.558542256103948,30_1227
N=C1NC(c2cccc(-c3cccc(F)c3)c2)c2ccccc21,-7.8,3.448580291554401,30_1228
O=C(c1cccc(-c2cccc(C(=O)N3CCN(C(=O)c4ccccc4C(F)(F)F)CC3)c2)c1)N1CCOCC1,-9.0,3.5597811111337165,30_1229
O=C(C1C=C2c3cccc4[nH]cc(c34)C[C@H]2N(C(=O)Nc2ccccc2)C1)N1CCC2(CC1)C(=O)NCN2c1ccccc1,-9.3,3.131845414561755,30_1230
O=C(Nc1ccc(Cl)cc1)Nc1cccc(-c2cc(-c3ccc4ccccc4n3)cc(-c3cc4ccccc4o3)n2)c1,-8.9,3.2440152955251014,30_1231
O=C(NC1CC=C(c2ccc(NC(=O)N3Cc4ccncc4C3)cc2)CC1)c1ccccc1,-7.5,3.593826587402896,30_1232
O=C(c1cccc(-c2cccc(C(=O)N3CCN(Cc4cccc(C(F)(F)F)c4)CC3)c2)c1)N1CCOCC1,-8.3,3.5409854099539997,30_1233
O=C(c1nc2ccccc2[nH]1)c1cccc(-c2cccc(-c3nn[nH]n3)c2)c1F,-8.7,3.5408369636879278,30_1234
O=C(Nc1cccc(-c2cccc(-c3nc4ccccc4[nH]3)c2)c1)c1ccccc1F,-8.25,3.4293586076098226,30_1235
O=C(Nc1cccc(F)c1)Nc1cccc(-c2cccc(-c3cccc(C(F)(F)F)c3)n2)c1,-9.0,3.4772151881110185,30_1236
O=C1c2ccccc2C(=O)c2c1ccc1nc(-c3cccc(-c4ccc5c(c4)OCCO5)c3)cn21,-9.0,3.358787390819198,30_1237
CCN(CCC(=O)c1cc(-c2cccc(-c3ccccc3F)c2)nc2cccc(F)c12)C(=O)c1ccc(F)cc1F,-7.6,3.1717000226533196,30_1238
O=C(c1cccc(-c2cccc(C(=O)N3CCN(c4cccc(C(F)(F)F)c4)CC3)c2)c1)N1CCOCC1,-8.6,3.5675074243249583,30_1239
O=C(Nc1ccccc1C(=O)NCc1ccccc1)c1cccc(-c2cccc(-c3ccc4c(c3)OCO4)c2)c1,-8.3,3.3250356785624304,30_1240
CC(=O)Nc1cc2cc(-c3ccc4c(ccc5ccccc54)c3)ccc2[nH]1,-7.5,3.210231444414288,30_1241
O=[N+]([O-])c1cccc(-c2ccc(Nc3cccc(-c4cccc(-c5ccccc5F)c4)c3)cc2)c1,-8.5,3.280518330087212,30_1242
O=C(Nc1cc(S(=O)(=O)N2CCOCC2)ccc1N1CCOCC1)c1cccc(-c2ccc3ccccc3c2)c1,-8.5,3.4840261637239354,30_1243
O=C(Nc1cccc(-c2cccc(-c3nc4cc(F)ccc4[nH]3)c2F)c1)c1ccccc1,-8.436363636363636,3.443853177840764,30_1244
O=C(Nc1cccc(-c2cccc(-c3cccc(-c4cccc(F)c4)c3)c2)c1)c1ccccc1,-9.2,3.188129789925851,30_1245
O=C(Nc1cccc(Oc2ccccc2)c1)c1cccc(-c2cccc(-c3cccc(-c4cccc(Cl)c4)c3)c2)c1,-9.3,3.0739484548757416,30_1246
Cc1cccc(Nc2nccc(-c3cccc(-c4ccccc4)c3)n2)c1,-8.1,3.5726477647326202,30_1247
O=C(Nc1cccc(-c2cccc(-c3nc4cc(C(F)(F)F)ccc4[nH]3)c2)c1)c1ccccc1,-7.94,3.31558797004833,30_1248
N#Cc1ccccc1-c1cccc(-c2cccc(NC(=S)Nc3ccc(F)c(Cl)c3)c2)c1,-8.7,3.4359711466570095,30_1249
O=c1[nH]c2ccccc2c(=O)n1-c1cccc(-c2ccc3c(c2)OCO3)c1,-8.0,3.678311825185705,30_1250
Cn1c(-c2cccc(-c3cccc(NC(=O)c4cccc(C(F)(F)F)c4)c3)c2)nc2ccccc21,-8.225,3.449135448355882,30_1251
O=C(NC(C(=O)Nc1cccc(-c2ccc3c(c2)OCO3)c1)C1CC1)c1cc2ccccc2[nH]1,-8.4,3.456576822259678,30_1252
O=c1ccc2cc(-c3cccc(-c4ccc5c(c4)OCO5)c3)ccc2n1-c1ccccc1-c1ccccc1,-7.8,3.2019683166096966,30_1253
O=C(COc1ccc(F)cc1)NNc1nc2ccccc2n2cccc12,-7.3,3.6494963587319855,30_1254
O=C(Nc1cccc(-c2cccc(-c3cccc(-c4cccc(F)c4)c3)c2)c1)c1ccccc1,-9.2,3.188129789925851,30_1255
O=c1cc(-c2cccc(-c3ccc4c(c3)OCCO4)c2Cl)[nH]c2ccccc12,-8.3,3.597191517834393,30_1256
O=C(Oc1cccc(-c2nc3cccc(F)c3o2)c1)c1cccc2c1-c1ccccc1C2=O,-8.8,3.3898838280998715,30_1257
O=C(Nc1cccc(-c2ccccc2F)c1)c1cccc(-c2cccc(-c3ccc4c(c3)OCO4)c2)c1,-8.4,3.274475212885916,30_1258
O=C(c1cc(Cc2n[nH]c(=O)c3c2NCCC3)ccc1F)N1CCN(c2cccc(F)c2)CC1,-9.0,3.6459261947647112,30_1259
Oc1ccc(-c2nc(-c3cccc(-c4cccc(-c5ccccc5Cl)c4)c3)no2)cc1,-9.3,3.5103722476179824,30_1260
O=C(Nc1cccc(-c2nnco2)c1)c1cccc(-c2cccc(-c3ccc4c(c3)OCO4)c2)c1,-8.7,3.4245010667958535,30_1261
O=C(c1ccc2c(-c3cccc(-c4ccccc4F)c3)cccc2c1)N1CCNCC1,-8.933333333333334,3.513567367705725,30_1262
[NH]c1ccc(S(=O)(=O)Nc2cccc(-c3cccc(-c4nc5ccccc5[nH]4)c3)c2)cc1C(=O)NC=O,-7.8,3.3010383706695405,30_1263
O=C(Nc1cccc(-c2cccc(-c3nc4cc(F)ccc4[nH]3)c2F)c1)c1ccccc1F,-8.7,3.440810601409063,30_1264
O=C(c1cccc(-c2cccc(N3C(=O)c4ccccc4C3=O)c2)c1)N1CCCC1,-8.3,3.5344275572442463,30_1265
Cc1ccc(C(=NO)Nc2ccccc2F)c(Oc2ccc(C)c(C#N)c2)n1,-7.5,3.4489341055251597,30_1266
O=C(/C=C/c1cccc(-c2nc3ccccc3[nH]2)c1)c1cc2cc(Cl)ccc2oc1=O,-8.2,3.391487966893346,30_1267
O=Cc1c(-c2cccc(-c3cccc(C(=O)N4CCOCC4)c3)c2)oc2ccccc12,-8.5,3.567975105709807,30_1268
O=c1cc(-c2cccc(-c3cccc(F)c3)c2)sc(N2CCOCC2)c1,-7.8,3.6610741698162945,30_1269
O=C(Nc1cccc(-c2cnc3ccccc3n2)c1)c1ccccc1-c1ccccc1C(=O)Nc1cccc(C(F)(F)F)c1,-8.9,3.1995770712570826,30_1270
O=C(c1cccc(-c2nc3ccccc3nc2NC2CC2)c1)N1CCN(c2ccccc2)CC1,-8.6,3.575039124677361,30_1271
CC(=O)c1cccc(NC(=O)c2cccc(-c3cccc(C(=O)N4CCOCC4)c3)c2)c1,-8.4,3.691112519773802,30_1272
O=C(c1cccc(-c2cccc(-c3cccc4ccccc34)c2)c1)N1CCN(c2cccc(C(F)(F)F)c2)CC1,-9.85,3.155724006991007,30_1273
O=C(Nc1cccc(-c2nc3ccccc3o2)c1)c1cccc(-c2cccc(-c3cccc(-c4ccccc4F)c3)c2)c1,-9.2,3.1928757614438634,30_1274
O=C(Nc1cccc(-c2cccc(C(=O)N3CCOCC3)c2)c1)c1cccc(C(F)(F)F)c1,-8.32,3.7403303840440163,30_1275
O=C(Nc1cccc(F)c1)Nc1cccc(-c2ccnc3cc(-c4cccc(C(=O)O)c4)ccc23)c1,-8.3,3.3479283232434724,30_1276
O=C(Nc1cccc(-c2cccc(N3CCCC3)c2)c1-c1cccc(-c2ccc3ccccc3c2)c1)c1cccc(F)c1F,-9.3,3.0678087038467377,30_1277
O=C(Nc1cccc(C(F)F)c1)c1cc(-c2ccc3c(c2)OCO3)nc2ccccc12,-8.9,3.652806542617154,30_1278
CCCc1nnc2c(Oc3ccc(NS(=O)(=O)c4ccccc4[N+](=O)[O-])cc3)nc3ccccc3n12,-7.4,3.2206382781315117,30_1279
O=C(Nc1nc(-c2ccc(Cl)cc2)cs1)c1cccc(-c2cccc(-c3ccc4ccccc4c3)c2)c1,-7.8,3.297037100145981,30_1280
Nc1ccnc(Nc2cccc(-c3cccc(-c4nn[nH]n4)c3)n2)c1,-7.6,3.559123116437046,30_1281
COC(=O)C(c1cccc(-c2cccc(-c3ccccc3F)c2)c1)c1c[nH]c2ccccc12,-8.6,3.331532419144498,30_1282
O=C(c1cccc(-c2ccc3c(c2)OCCO3)c1)N1CCN(c2ccccc2C(F)(F)F)CC1,-7.9,3.578748749691545,30_1283
COc1ccccc1NC(=O)c1cc2cc(NC(=O)c3cccc(C(F)(F)F)c3)ccc2[nH]1,-7.2,3.5256718531984994,30_1284
O=C(Nc1cccc(-c2cccc(-c3nc4cc(F)ccc4[nH]3)c2)c1)c1ccccc1,-8.389999999999999,3.4293586076098226,30_1285
O=C(Nc1ccccc1F)c1cccc(-c2ccnc(NC(=O)c3ccccc3F)n2)c1,-8.6,3.6852823730809385,30_1286
CC(C)=CCOc1cccc(NC(=O)c2cccc(-c3ccc4ccccc4c3)c2)c1,-7.3,3.3901119366548365,30_1287
O=S(=O)(Nc1cc(-c2cccc(-c3ccc4c(c3)OCCO4)c2Cl)ncn1)c1ccccc1,-8.2,3.6410108283771896,30_1288
O=C(c1cc(Cc2n[nH]c(=O)c3c2NCCC3)ccc1F)N1CCN(c2ccc3cc[nH]c3c2)CC1,-9.0,3.472374062041797,30_1289
O=C(Nc1cccc(S(=O)(=O)N2CCOCC2)c1)c1cccc(-c2cccc(-c3ccc4c(c3)OCO4)c2)c1,-7.8,3.491786065271293,30_1290
COc1ccc2nccc(-n3cc4c(n3)CCC(NC(=O)c3ccc5c(c3)NC(=O)CS5)C4)c2c1,-7.9,3.5060509373182884,30_1291
O=C(Nc1cccc(-c2cccc(-c3ccccc3F)c2)c1)c1ccccc1Br,-8.1,3.3971275900542537,30_1292
Nc1ccc(S(=O)(=O)Nc2cccc(-c3cccc(-c4cccc(F)c4)c3)c2)cc1,-8.6,3.5729932263598285,30_1293
O=C(Nc1cccc(-c2cccc(-c3cccc(-c4cccc(C(F)(F)F)c4)c3)c2)c1)c1ccccc1O,-9.3,3.1589851040288006,30_1294
O=C(Nc1cccc(-c2cccc(-c3cccc(C(F)(F)F)c3)c2)c1)c1ccccc1,-8.55,3.3040276133142337,30_1295
N#Cc1cccnc1-c1cccc(-c2cccc(C(=O)Nc3cccc(Oc4ccccc4)c3)c2)c1,-7.9,3.441163628472829,30_1296
Cc1ccccc1NC(=O)c1cccc(-c2cccc(-c3nc(N[C@H]4CC[C@H](N)CC4)ncc3C)c2)c1,-8.4,3.4390952506814445,30_1297
O=C1O[C@@H](COc2ccccc2)CN1c1cccc(-c2cccc(-c3ccccc3OC(F)(F)F)c2)c1,-7.5,3.473603452093345,30_1298
O=c1c2ccccc2oc2cccc(-c3cccc4cc[nH]c34)c12,-8.3,3.37248745667648,30_1299
Oc1cccc(-c2cc(-c3cccc(Cl)c3)c3c(n2)-c2ccccc2OC3)c1,-8.4,3.529298746446414,30_1300
O=C(O)c1cccc(-c2cccc(C(=O)Nc3cccc(-c4cccc(-c5cccc(F)c5)c4)c3)c2)c1,-8.3,3.317013365973615,30_1301
O=C(Nc1cccc(C(F)(F)F)c1)c1cccc(-c2cccc(C(=O)N3CCOCC3)c2)c1,-8.4,3.7403303840440163,30_1302
O=C(Nc1cccc(-c2cccc(-c3cccc(F)c3)c2)c1)c1cccc(-c2cccc(F)c2)c1,-8.8,3.1883384937617323,30_1303
O=C(Nc1cccc(-c2cccc(C(=O)N3CCOCC3)c2)c1)c1cccc(-c2ccc3ccccc3c2)c1,-8.05,3.392862095706997,30_1304
N#Cc1cccnc1-c1cccc(-c2cccc(-c3cccc(C(=O)Nc4ccc(Cl)cc4CO)c3)c2)c1,-8.9,3.2907876390082724,30_1305
O=S(=O)(N=C1C=CCC=C(NC2CCN(c3ccccc3CN3CCc4ccccc4C3)C2)C=C1)c1ccccc1,-8.1,1.5216271953002245,30_1306
Cn1c(-c2cccc(-c3cccc(NC(=O)c4cccc(C(F)(F)F)c4)c3)c2)nc2ccccc21,-8.225,3.449135448355882,30_1307
Cc1cc2c(cc1C(c1cccc(-c3ccccc3)c1)=[N+]([O-])c1ncccc1N)nc(C)c(=O)n2C,-8.2,3.2427155454958365,30_1308
O=C(c1ccc(-c2ccc3c(c2)OCO3)cc1)N1CCN(C(=O)c2cccc(-c3ccccc3)c2)CC1,-7.1,3.4829563454567842,30_1309
COC=C1C=CC(=CC=NC(=Nc2ccc3c(c2)OCCO3)Nc2nccs2)C1,-7.5,3.497116586941454,30_1310
O=C([C](O)[CH]O)c1ccccc1C[C@H](NC(=O)c1ccccc1-c1ccccc1)c1ccc2c(c1)OCO2,-7.3,3.3324051050266403,30_1311
NC1CCc2c(cccc2Nc2nccc(-c3cccc(-c4cc5ccccc5[nH]4)c3)n2)C1,-8.5,3.4167884624258513,30_1312
O=C(NC(Cc1ccccc1)C(=O)N1CCc2ccccc2C1C(=O)O)c1cccc2c1-c1ccccc1C2=O,-8.9,3.445401368796464,30_1313
O=[N+]([O-])c1ccc(-c2cccc(-c3cccc(-c4ccccc4Cl)c3)c2)cc1,-8.0,3.3641332538795377,30_1314
C=C1C=CC(=O)NC(C)C(=O)NC(Cc2c[nH]cn2)C(=O)NC(Cc2ccccc2)C(=O)NC([C@@H](C)CC)C(=O)N(C)C(C)C(=O)N1C,-7.0,1.57789467178395,30_1315
O=C(c1cccc(-c2cccc(-c3ccc4c(c3)OCO4)c2)c1)N1CCN(c2ccccn2)CC1,-8.733333333333334,3.517782319272261,30_1316
O=C(Nc1cccc(-c2cccc(-c3nc4cc(F)ccc4[nH]3)c2F)c1)c1ccccc1F,-8.7,3.440810601409063,30_1317
Cn1cc(-c2ccc(-c3cccc(-c4cccc(C(F)(F)F)c4)c3)cc2)cn1,-7.4,3.4304748979923954,30_1318
O=c1oc2ccccc2c(-c2cccc(-c3cccc4ccccc34)c2)c1-c1ccccc1,-8.4,3.153202787035233,30_1319
O=C(Nc1ccccc1F)c1cccc(Nc2cccc(-c3cccc(-c4nc5cc(F)ccc5[nH]4)c3)c2)c1,-8.9,3.256334513473731,30_1320
COc1cc2c(cc1OC)Oc1ncnc(Nc3cccc(S(=O)(=O)c4ccccc4)c3)c1NC2,-7.5,2.512254447061622,30_1321
OC(c1cccnc1)(c1cccc(-n2ccnc2)c1)c1cccc2ccccc12,-7.8,3.5594860926887852,30_1322
O=C(NCCCCCCCCCCNc1c2c(nc3ccccc13)CCCC2)c1cccc(-c2cccc(-c3ccco3)n2)c1,-6.9,2.9122277086063275,30_1323
O=C(CN1Cc2cc(OCCCN3CCOCC3)ccc2N=C1c1ccccc1)ONc1cccc(C(F)(F)F)c1,-6.8,3.2991567937928767,30_1324
O=C(c1cc2ccccc2o1)N1CCN(c2cccc(Cl)c2)CC1,-7.4,3.671626939654089,30_1325
COC1=C(C=NC(=O)c2ccccc2C)C(Br)C(=Nc2nc3ccccc3nc2-c2cccs2)C1,-7.9,3.4207038887108174,30_1326
COc1cc2c(cc1OCCCCCOc1cccc(Nc3nc4ccccc4c(=O)o3)c1)N=CC1C[C@@]1(CO)C2C(=O)Nc1cccc(-c2cccc3c(=O)cc(-c4ccccc4)oc23)c1,-6.8,1.2696935133205471,30_1327
C#Cc1cccc(-c2cc(Nc3ccccc3F)nc(Nc3ccccc3)n2)c1,-8.5,3.5746650235978765,30_1328
O=C(Nc1cccc(-c2cccc(-c3ncccc3CO)c2)c1)c1ccccc1F,-8.5,3.6065369826314777,30_1329
O=C(c1cccc(-c2cccc(-c3cccc(C(F)(F)F)c3)c2)c1)N1CCN2CCC[C@@H]2C1,-8.7,3.4231086818631784,30_1330
Nc1ncc(-c2cccc(-c3cccc(O)c3)c2)nc1-c1ccc2c(c1)CCNC2=O,-8.8,3.5513434610472374,30_1331
O=c1cc(-c2cccc(-c3cccc(O)c3)c2)cccc[nH]c2ccccc12,-7.9,1.3210765383706167,30_1332
C[P+](C)(Cc1ccc(-c2ccc(Nc3nc(=O)c4ccccc4[nH]3)cc2)cc1)c1ccccc1F,-7.7,3.3769040095104783,30_1333
CN(C)C(=O)c1cccc(-c2cccc(-c3cccc(NC(=O)c4cccc(-c5cccc(F)c5)c4)c3)c2)c1,-8.8,3.2980631088863563,30_1334
O=C1C(N2CC[C@@H](c3ccc(O)cc3)[C@H](F)C2)CCN1Cc1ccc2ccccc2c1,-8.6,3.6105714632615236,30_1335
O=C(Nc1ncccc1O)c1cccc(-c2cccc(-c3ccc4c(c3)OCCO4)c2Cl)c1,-8.4,3.60552188588614,30_1336
O=C(Nc1cccc(-c2cccc(-c3cccc(-c4cccc(O)c4)c3)c2)c1)c1cccc(C(F)(F)F)c1,-8.1,3.1589851040288006,30_1337
COc1cccc(C2(c3cccc(-c4ccc5c(cnn5C)c4)c3)N=c3ccccc3=N2)c1,-8.2,3.499202656063149,30_1338
O=C(c1cccc(-c2cccc(C(=O)N3CCN(Cc4ccc5c(c4)OCO5)CC3)c2)c1)N1CCOCC1,-8.3,3.4511537358871016,30_1339
N#Cc1cccc(C(=O)Nc2cccc(-c3cccc(-c4cccc(C#N)c4)c3)c2)c1,-7.6,3.610343932080187,30_1340
O=C1Nc2ccc(F)cc2/C1=C/c1ccc(-c2cccc(C(=O)N3CCOCC3)c2)s1,-8.7,3.6163611455624043,30_1341
O=C(CNc1cccc(Cl)c1)Nc1nc(-c2cccc(C(F)(F)F)c2)cc(-c2ccc3c(c2)OCO3)n1,-9.9,3.5141737462402967,30_1342
O=C(OC1CCCN1C(=O)OCc1ccccc1)c1cccc(-c2cccc(-c3ccc4c(c3)OCO4)c2)c1,-8.6,3.333435741319259,30_1343
O=C(Nc1cccc(-c2cc3cccnc3[nH]2)c1)c1cccc(-c2cccc(-c3ccc4c(c3)OCC4)c2)c1,-9.7,3.3159880904421257,30_1344
O=C(Nc1cccc(S(=O)(=O)N=C2CCCN2)c1)c1cccc(-c2cccc(C(F)(F)F)c2)c1,-7.9,3.655835593336829,30_1345
CN(C)c1ccc(NC(=O)c2ccccc2C(=O)Nc2cccc(F)c2)cc1,-7.5,3.7029654958538734,30_1346
O=C(c1cccs1)N1CCN(c2cc(-c3ccccc3)nc3ccccc23)CC1,-7.5,3.6093404964266593,30_1347
O=C(c1cccc(-c2cccc(-c3cccc(-n4c(-c5ccccc5)nc5ccccc5c4=O)c3)c2)c1)N1CCOCC1,-9.6,3.3137155159759804,30_1348
O=C(Nc1cccc(F)c1)c1cccc(-c2cccc(-c3cccc(C(=O)N4CCCC4)c3)c2)c1,-8.7,3.491852587260654,30_1349
NC(C=CCC=NC(=O)c1cccc(C(F)(F)F)c1)c1cc(Nc2cccc(C(F)(F)F)c2)ncn1,-7.449999999999999,3.4159143965724974,30_1350
O=C(Nc1cccc(-c2cccc(-c3nc4cc(F)ccc4[nH]3)c2F)c1)c1ccccc1,-8.436363636363636,3.443853177840764,30_1351
O=C1NCCN1c1ccc(-c2cccc(-c3cccc(-c4ccccc4F)c3)c2)cc1,-8.3,3.388818374168917,30_1352
O=C(Nc1cccc(-c2cccc(-c3nc4cc(F)ccc4[nH]3)c2)c1)c1ccccc1,-8.389999999999999,3.4293586076098226,30_1353
O=CC(c1ccccc1)c1cc(-c2ccccc2)nc2ccccc12,-7.1,3.396408477117957,30_1354
O=C(c1cc2ccccc2[nH]1)N1CCC(c2cccc(-c3cc(-c4ccccc4)cc(-c4ccccc4)c3)c2)CC1,-9.1,3.0525658616237923,30_1355
O=C(O)c1cn(CCO)c2ccc(-c3cccc(-c4ccccc4F)c3)cc2c1=O,-7.7,3.674900259527542,30_1356
O=C(N=CC1=CC(c2cccc(-c3cccc(-c4cccc(-c5cccc(-c6nc7ccccc7[nH]6)c5)c4)c3)c2)C=C1)Nc1cccc(C(F)(F)F)c1,-8.5,2.935663488372085,30_1357
O=C(c1cccc(-c2cccc(-c3ccccc3OC(F)(F)F)c2)c1)N1CCNCC1,-7.833333333333333,3.7179715826961255,30_1358
Nc1nc2cccc(-c3cccc(-c4cc(C(=O)O)cc(-c5cccc(-c6ccco6)c5)c4)c3)c2s1,-9.8,3.4048889931421416,30_1359
CN(C=C1C=CC(=Nc2nc3ccccc3nc2NS(=O)(=O)c2cccc(-c3ccc4ccccc4c3)c2)C1)CCN1CCCC1,-7.3,3.1548364763462073,30_1360
COc1ccc(C(C(=O)NCC2CCCO2)N(C(=O)Cn2nnc3ccccc32)c2ccccc2C)cc1OC,-7.2,3.4614434659826605,30_1361
O=C(c1cccc(-c2cccc(-c3nc4cc(F)ccc4[nH]3)c2)c1)N1CCN2CCC[C@H]2C1,-8.75,3.537771963531,30_1362
CC(=O)Nc1ccc(NC(=O)C2Cc3ccccc3CN2S(C)(=O)=O)cc1,-7.2,3.717941733828212,30_1363
O=C(c1cccc(-c2cccc(-c3cccc(C(=O)N4CCNCC4Cc4ccccc4)c3)c2)c1)N1CCOCC1,-9.3,3.4526919194216132,30_1364
O=C(CSc1nnc(CNC(=O)c2ccc(F)cc2)n1-c1ccccc1Cl)Nc1ccc2c(c1)OCO2,-7.3,3.4099201031491324,30_1365
N=C(N)NCCCC(NC(=O)C1Cc2ccccc2CN1C(=O)c1cccc2ccccc12)C(=O)Nc1ccc(F)cc1F,-8.1,2.9947476691897554,30_1366
O=c1ccc2ncc(F)c3c2n1C[C@@]3(O)CC12CCC(NCc3ccc4c(n3)NCCO4)(CC1)CO2,-8.1,3.1555339728397955,30_1367
N#Cc1cccnc1-c1cccc(-c2cccc(NC(=O)c3ccccc3F)c2)c1,-7.9,3.647412636494788,30_1368
O=C(Nc1cccc(-c2cccc(-c3nc4ccccc4[nH]3)c2)c1)c1ccc2ccccc2c1,-8.850000000000001,3.3407103331057586,30_1369
Oc1cccc(-c2cc(-c3ccccc3F)nc3c2COc2ccccc2O3)c1,-9.2,2.6309301317781513,30_1370
O=C(c1ccc2ccccc2c1)N1CC(=O)N(C(=O)c2oc3ccccc3c2-c2ccccc2)c2ccccc21,-8.6,3.1954564311957316,30_1371
NCc1cn(-c2cccc(-c3cc(-c4ccnn4C4CCCCC4)c4c(N)ncnn34)c2)c(=O)c2ccccc12,-8.3,3.321501382283614,30_1372
O=c1c2ccccc2nc(-c2ccccc2)n1-c1nc2ccc(Oc3ccccc3)cc2s1,-8.1,3.477686552922255,30_1373
NCCCOc1cccc(-c2cc(-c3ccc4c(c3)OCO4)cc(-c3ccccc3)n2)c1,-8.3,3.5821105444980703,30_1374
O=C(c1cccc(-c2cccc(-c3cccc(-c4ccccc4F)c3)c2)c1)N1CCN2CCC[C@H]2C1,-9.6,3.2707771746209913,30_1375
O=C1C=CC=CCCC2C(=CO1)C(=O)c1c2oc(-c2cccc(OCc3ccccc3)c2)cc1=O,-8.0,1.1504605720622356,30_1376
O=C(Nc1cccc(C(=O)N2CCOCC2)c1)c1cccc(-c2cccc(-c3ccccc3OC(F)(F)F)c2)c1,-7.9,3.5374177642829756,30_1377
Clc1nnc(Nc2ccccc2)c2ccccc12,-7.1,3.6606511025614963,30_1378
O=C(Cn1nnc(-c2ccccc2)n1)Nc1cccc(-c2cccc(-c3ccc4c(c3)OCO4)c2)c1,-8.0,3.488146848789466,30_1379
O=C(Nc1ccccc1C(=O)Nc1cccc(-c2ccccc2)c1)c1cccc(-c2cccc(Cl)c2F)c1,-8.8,3.280727093390026,30_1380
OC[C@H](O)C=C1C=CC(c2cccc(-c3cccc(-c4cccc(-c5ccccc5F)c4)c3)c2)=C1,-8.6,3.3716756989549017,30_1381
O=C1C=CC=C(n2cc(CNc3cccc4ccccc34)c(-c3cccc(C(F)(F)F)c3)n2)CO1,-7.2,2.587123977845974,30_1382
O=C(c1cc(-c2ccccc2)nc2c(-c3ccccc3)cccc12)N1CCNCC1,-8.4,3.6140254324910566,30_1383
CNc1ccc(-c2cc(-c3cccc(CO)c3)c3cccc(C)c3n2)cc1,-7.7,3.5528194586182447,30_1384
O=C(c1cccc(-c2cccc(-c3nc4cc(F)ccc4[nH]3)c2)c1)N1CCN(c2ccccc2)CC1,-9.0,3.4648144352837686,30_1385
O=C(O)C=NN=C(N=CCc1nc2ccccc2nc1C1c2ccccc2-c2ccccc21)c1ccc2c(c1)OCO2,-9.1,3.0856267204543264,30_1386
Cc1ccc(-c2cc(=Nc3ccccc3)c3ccccc3o2)cc1CNC(=O)Nc1cccc2[nH]c(=O)ccc12,-8.2,3.306964672032296,30_1387
O=C(NNC(=O)c1cccc(-c2ccc3ccccc3c2)c1)c1cccc(NC(=O)c2cccc(F)c2)c1,-7.9,3.3120539210540496,30_1388
O=C(c1cc2c(cc1F)OC(c1ccccc1)(c1ccc(F)cc1)O2)N1CCN(Cc2ccc3c(c2)OCO3)CC1,-7.4,3.3150334644951616,30_1389
Cc1ccc(-c2cc(NC(=O)c3cccc([N+](=O)[O-])c3)nc(-c3ccccc3)c2)cc1,-8.8,3.5491324740708086,30_1390
C=Cc1cccc(C(=O)Nc2cccc(-c3cccc(-c4nc5ccccc5n4C)c3)c2)c1,-8.4,3.3604392225956796,30_1391
Cc1ccc(C2=NN(c3cccc(C(=O)NC(C)C)c3)C(=O)CC2)cc1,-7.4,3.76473898371057,30_1392
Cn1c(-c2cccc(-c3cccc(NC(=O)NN=Cc4ccc5c(c4)OCO5)c3)c2)nc2ccccc21,-8.5,3.3614733289236334,30_1393
N#Cc1cccc(-c2cc(-c3cc4ccccc4nc3-n3cccc3)no2)c1,-7.8,3.5301672183540993,30_1394
COc1ccc(-n2c(=O)c3ccccc3n3c(-c4cccc(C)c4)nnc23)cc1,-7.2,3.5400178227883554,30_1395
O=C(Nc1cccc(-c2cccc(-c3cccc(F)c3)c2)c1)c1cccc(-c2cccc3ccccc23)c1,-9.0,3.089476916355295,30_1396
O=C(Cc1cccs1)n1c2cccc(O)c2c(=O)c2c(O)cccc21,-6.8,3.621189792616722,30_1397
Oc1ccccc1CC1Nc2cccc3cccc(c23)N1c1ccccc1,-7.7,3.4826524046165765,30_1398
O=C(C1=CN2C(=O)C3OCC=C3CC2C=C1)N1CCN(c2cccc(F)c2)CC1,-7.6,3.289715309209596,30_1399
CC1CN=CC(=O)N(c2cccc(-c3ccccc3F)c2)C=CN=C1CCC=NC(=O)Nc1ccccc1F,-7.1,1.4251723590055252,30_1400
O=C(Cn1c2ccccc2n2c(=O)cc(-c3cccc(F)c3)n12)Nc1ccc2c(c1)c1ccccc1n2Cc1ccccc1,-9.3,3.3557844390051916,30_1401
O=C(Nc1cccc(-c2cccc(-c3ccccc3F)c2)c1-c1cccc(-c2cccc(F)c2F)c1)c1cccc2ccccc12,-9.6,2.945549298090503,30_1402
NC(=O)c1cc(-c2ccccc2)sc1Nc1cccc(-c2c[nH]c(Cl)n2)c1,-8.1,3.592577074966055,30_1403
O=C(c1cccc(-c2cccc(-c3cccc(F)c3)c2)c1)N1CCNCC1,-8.25,3.613391725708435,30_1404
O=C(Nc1cccc(-c2cc3ncccc3c(-c3c[nH]c4ccccc34)n2)c1)c1ccccc1F,-9.0,3.4562446008534984,30_1405
Cn1c(-c2cccc(-c3cccc(C(=O)Nc4ccccc4-c4cccc(-c5ccccc5F)c4)c3)c2)nc2ccccc21,-8.6,3.0753553745194777,30_1406
O=C(Nc1cccc(-c2nc3ccccc3[nH]2)c1)c1ccc(-c2cccc(-c3nc4cc(F)ccc4[nH]3)c2)cc1,-8.4,3.2745475092950542,30_1407
Oc1[nH]c2ccccc2c1-c1cc(-c2ccccc2)nc2ccccc12,-8.2,3.3837757822902166,30_1408
O=C(Cc1ccc(F)cc1Cl)Nc1cccc(-c2cccc(-c3cccc(C(=O)N4CCOCC4)c3)c2)c1,-8.8,3.5300578201399135,30_1409
O=C(NC(Cc1ccccc1)C(=O)Nc1cccc([N+](=O)[O-])c1)c1ccccc1Nc1cccc(-c2ccccc2Cl)c1,-8.0,3.0335558636873037,30_1410
CCN(CCC(=O)c1ccc(-c2cccc(-c3cccc(C(F)(F)F)c3)c2)o1)c1cccc(C(F)(F)F)c1,-7.2,3.2451799375499855,30_1411
Cc1ccc(NC(=O)c2cccc(-c3cccc(-c4nc(=O)c5ccccc5[nH]4)c3)c2)cc1,-8.9,3.384021911401973,30_1412
Cc1ccc(-n2cc(C(=O)Nc3cccc4ccccc34)nn2)cc1,-7.6,3.7183934627130006,30_1413
O=C(c1cccc(-c2nc3ccccc3n2-c2cccs2)c1)N1CCNCC1,-7.4,3.6895718442793646,30_1414
O=C(Nc1cccc(-c2cc(Nc3cccc(C(F)(F)F)c3)ncn2)c1)c1ccccc1,-7.9,3.64409824554827,30_1415
O=C(c1ccccc1)c1cccc(-c2cccc(-c3cccc4c(=O)cc(-c5ccccc5)oc34)c2)c1,-9.5,3.2078474421816714,30_1416
O=C(Nc1cccc(-c2cccc(-c3cccc(-c4ncccc4CO)c3)c2)c1)c1ccccc1,-7.8,3.28652460005386,30_1417
O=C(Nc1cccc(-c2cccc(-c3cccc(-c4ccccc4F)c3)c2)c1)c1ccccc1F,-9.4,3.1883384937617323,30_1418
Cc1cccc(C(=O)Nc2cccc(-c3cccc(-c4cccc(C(F)(F)F)c4)c3)c2)c1,-8.8,3.379205368354224,30_1419
O=C(Nc1cccc(-c2cccc(-c3nc4ccccc4[nH]3)c2)c1)c1ccccc1Nc1cccc(C(F)(F)F)c1,-9.0,3.110795354563084,30_1420
O=C(F)c1cccc(Cc2n[nH]c(=O)c3c2NCCC3)c1,-7.6,3.6550235349865208,30_1421
O=C(NCC(c1cccc(-c2ccccc2F)c1)c1ccccc1-c1nnco1)Nc1ccccc1-c1ccccc1,-9.6,3.2572178606984092,30_1422
O=C(c1cccc([N+](=O)[O-])c1)N1CCN(C(=O)c2cc(-c3ccccc3)nc(-c3ccccc3)c2)CC1,-7.7,3.4768378647028237,30_1423
O=C(Nc1ccccc1N1CCN(C(=O)c2ccccc2Cl)CC1)c1cccc(Cl)c1Cl,-8.4,3.695947596705799,30_1424
O=C(N[C@H]1Cc2ccccc2[C@@H](c2ccccc2)C1c1ccc2c(c1)OCO2)c1ccc2c(c1)OCO2,-7.6,3.4052280727723065,30_1425
O=C(Nc1cccc(-c2cccc(-c3nc4cc(F)ccc4[nH]3)c2)c1)c1ccccc1,-8.389999999999999,3.4293586076098226,30_1426
O=C(Cn1c2ccccc2c(=O)c2cc(Br)ccc21)Nc1ccc2c(c1)c1ccccc1n2Cc1ccc(F)cc1,-8.7,3.29903846823732,30_1427
O=C1C=C(C=C2CN=C(c3cccc4c3oc3ccccc34)NC2)C(=O)c2ccccc21,-9.0,3.5429309662008928,30_1428
NS(=O)(=O)c1ccc2oc3ccccc3c(=O)c2c1,-6.8,3.5926541578555593,30_1429
O=C(Nc1ccc(Cl)cc1)NS(=O)(=O)c1ccc2ccccc2c1,-7.0,3.718813187659128,30_1430
CN(C)CCOc1ccc(-c2nc(-c3cccc(-c4cnco4)c3)c(-c3ccccc3)o2)cc1,-7.2,3.4167279312390355,30_1431
O=C(Nc1cccc2ccccc12)c1ccccc1NC(=O)c1cc2ccccc2cc1Oc1ccccc1,-8.0,3.2988108496952515,30_1432
O=C(Nc1ccccc1)Nc1cccc(-c2cccc(-c3nc4cc(C(F)(F)F)ccc4[nH]3)c2)c1,-8.4,3.2344802145833893,30_1433
Nc1cccc(-c2cccc(-c3cc(NC(=O)C4CNC(=O)C4)nn3-c3ccccc3)c2)c1,-9.1,3.5112505607383375,30_1434
O=C(CO)Oc1ccccc1NC(=O)C1Cc2ccccc2CN1C(=O)c1cc(Cl)cc(Cl)c1,-8.0,3.5987029277404856,30_1435
O=C(Nc1cccc(-c2nc3ccccc3[nH]2)c1)c1ccc(-c2ccccc2)cc1,-7.5,3.442730724240592,30_1436
CCC1=CC=CC[n+]2ccc3ccc(OC)c(c3c2)OCCN(CCn2c3ccccc3c3ccccc32)CC1,-9.1,1.7785468166430771,30_1437
COC=CC=C(C)c1ccc2nn(Cc3nc(-c4ccc(C)cc4)no3)c(=O)n2n1,-7.1,3.433582967403805,30_1438
O=C(Cc1cccc(-c2cc3ccccc3o2)c1)Nc1cccc(-c2nc3ccccc3o2)c1,-8.1,3.3855877669877223,30_1439
O=C(Nc1cccc(-c2cccc(-c3cccc(-c4ccccc4)c3)c2)c1)c1ccccc1,-9.3,3.1672347217296952,30_1440
O=C(c1cccc(-c2cccc(-c3cccc4ccccc34)c2)c1)N1CCN(C(=O)c2ccccc2Oc2ccccc2)CC1,-8.0,3.1572800047813367,30_1441
Cn1c(-c2cccc(-c3cccc(NC(=O)c4ccccc4)c3)c2)nc2ccccc21,-8.381818181818183,3.3942752104154073,30_1442
O=S(=O)(Nc1cccc(-c2cccc(-c3ccccc3)c2)c1)c1ccc(-c2ccc3ccccc3c2)cc1,-8.9,3.2159367169042374,30_1443
O=C(Nc1cccc(-c2cccc(-c3nc4cc(C(F)(F)F)ccc4[nH]3)c2)c1)c1ccc(F)cc1,-8.3,3.2512717517338245,30_1444
O=C(c1cccc(-c2ccc3c(c2)OCO3)c1)N1CCN(c2ccccc2C(F)(F)F)CC1,-7.6,3.5938692669825176,30_1445
O=C(Nc1cccc(-c2cccc(-c3nc4cc(F)ccc4[nH]3)c2)c1)c1ccccc1-c1ccccc1,-8.4375,3.297956728102947,30_1446
O=C(Nc1cccc(-c2cccc(-c3nc4ccccc4[nH]3)c2)c1)c1cccc(C(F)(F)F)c1,-8.8,3.31558797004833,30_1447
CC(C)=CCc1cc(-c2cc(=O)c3cccc(OC(=O)c4ccccc4)c3o2)ccc1O,-7.9,3.4589403514035917,30_1448
O=C(Nc1cccc(-c2cccc(-c3ccccc3)c2)c1)c1ccco1,-8.7,3.5451624086642703,30_1449
O=C(Nc1ccccc1C(=O)Nc1cccc(-c2cccc(C(F)(F)F)c2)c1)c1ccccc1,-8.6,3.4306968455514983,30_1450
O=C(Nc1cccc(-c2cccc(-c3cccc(C(F)(F)F)c3)c2)c1)Nc1ccc2c(c1)OCO2,-9.9,3.5183779391771335,30_1451
O=C(N=CC1=CC(=CC2c3ccc(-c4ccc5c(c4)OCCO5)cc32)C=C1)c1ccccc1,-7.3,3.3271656061013166,30_1452
O=Cc1cccnc1-c1cccc(-c2cccc(NC(=O)c3cccc(-c4ccccc4F)c3)c2)c1,-8.3,3.36076342665807,30_1453
Cc1cccc(-n2c(-c3ccc4ccccc4c3)cc3ccccc3c2=O)c1,-7.7,3.1644003813493713,30_1454
O=C(Nc1cccc(Cl)c1)Nc1cccc(-c2ccccc2F)c1,-7.8,3.5363343580851136,30_1455
C=CC=C1NN(c2cccc(-c3cccc(-c4cccc(C(=O)N5CCOCC5)c4)c3)c2)C=C2COC(C=COC(=CC=O)c3ccccc3)C=C21,-8.2,2.8392633140196506,30_1456
O=C(Nc1ccc2c(c1)OCO2)c1cccc(-c2cccc(-c3nc4ccccc4[nH]3)c2)c1,-8.3,3.4253095107843636,30_1457
O=C1NC[C@H]2CN(c3ccc4[nH]c5cccc(Cl)c5c4c3)C(=O)C2Cc2c1cccc2-c1cccc(F)c1,-9.5,1.3943056256224722,30_1458
Cn1c(-c2cccc(-c3cccc(NC(=O)CN4CCOCC4)c3)c2)nc2ccccc21,-7.8,3.700481598697235,30_1459
O=C(Nc1cccc(-c2cccc(-c3cccc(O)c3)c2)c1)c1cc(I)cc(F)c1O,-8.1,3.4423296198092617,30_1460
O=C(c1ccccc1)c1cccc(-c2cccc(-c3ncccc3CO)c2)c1,-8.0,3.5278281810608387,30_1461
Cc1cccc(-c2nc3cc(-c4cccc(-c5cccc(-c6nc7ccccc7n6C)c5)c4)ccc3[nH]2)c1,-9.5,3.287725615099913,30_1462
N#Cc1ccc(Nc2c[nH]c(-c3cccc(-c4cc5ccccc5[nH]4)c3)c2)nc1,-7.6,3.4449197664308677,30_1463
O=C(Nc1cccc2ccc(O)cc12)c1cccc(-c2cccc(-c3ccccc3F)c2)c1,-8.8,3.3636939051779904,30_1464
O=CNC(=O)N(Cc1ccccc1)Cc1cccc(-c2cccc(-c3ccccc3F)c2)c1,-8.9,3.4586498700565507,30_1466
N=CC(NN=CC1=CC(=CF)C=CC1)c1cccc(-c2ccc3ccccc3c2)c1,-7.8,3.4779459621357116,30_1467
Cn1c(-c2cccc(-c3cccc(-c4ccc(S(N)(=O)=O)cc4)c3)c2)nc2ccccc21,-8.4,3.4850209526274094,30_1468
NC(c1ccccc1)c1cccc(-c2cccc(-c3cccc(C(=O)O)c3)c2)c1,-8.7,3.402603469959142,30_1469
O=C(c1cccc(-c2cccc(-c3cccc(C(=O)N4CCOCC4)c3)c2)c1)N1CCNCC1,-9.175,3.649506152725788,30_1470
O=C(Nc1cccc(Oc2cccc(-c3ccccc3)c2)c1)c1ccccc1,-8.0,3.491891938175428,30_1471
N#CC1=CC=COCC=C1,-4.4,1.2084321880392688,30_1472
CC=C1C=CC(CNCc2ccc(-c3cccc(-c4cccc(-c5cccc(C)c5)c4)c3)o2)=C1,-8.7,3.2798267370682277,30_1473
O=C(Nc1cccc(-c2ccc3ccccc3c2)c1)c1cccc(Cl)c1,-7.3,3.382486450772536,30_1474
COc1ccc(-c2cccs2)cc1/C=C/C(=O)c1cccc(Nc2cccc(C(F)(F)F)c2)c1,-7.2,3.39939218481824,30_1475
O=C(N=CC1=CC(C=C2C(c3ccc4c(c3)OCO4)=C3C=CC=NN23)C=C1)Nc1cccc(C(F)(F)F)c1,-8.3,3.2875254661468083,30_1476
O=C(c1cccc(-c2ccc3c(c2)OCO3)c1)N1C[C@H]2CC[C@@H](C1)N(Cc1ccccc1)C2,-7.8,2.39110058642344,30_1477
O=C(NCc1ccccc1)[C@]1(CCO)C2CCN(c3ncnc4[nH]ccc34)CC21,-7.0,3.569996065321686,30_1478
O=C(O)c1ccc(C(=O)Nc2cccc(-c3cccc(-c4cccc(C(=O)NC5CC5)c4)c3)c2)cc1,-8.2,3.4364953958907165,30_1479
N#Cc1c(-c2cccc(-c3cccc(-c4nc5ccccc5[nH]4)c3)c2)sc2c1CCCC2,-8.6,3.418011635595924,30_1481
O=C(Nc1cccc(-c2cccc(-c3cccc(-c4ccccc4)c3)c2)c1)c1cccc(-c2ccccc2)c1,-8.7,2.9882120751648285,30_1482
O=C(c1ccccc1)N1c2ccccc2C(c2cccc3cccc(F)c23)C1Cc1ccccc1,-8.0,3.123894849164563,30_1483
O=C(NCC1(c2ccccc2)CCOCC1)c1cccc(-c2cccc(-c3ccc4c(c3)OCO4)c2)c1,-8.2,3.4630193584852647,30_1484
CC=CC=CCc1cc(=O)c(=O)cc(-c2cccc(-c3ccccc3Cl)c2)[nH]c2ccccc2[nH]1,-8.8,1.197538968086389,30_1485
O=C(O)c1ccc(-c2cccc(-c3cc(-c4ccccc4)cc(-c4ccc5c(c4)OCO5)c3)c2)cc1,-9.4,3.269659625288858,30_1486
O=C(c1cccc(-c2cccc(C(=O)N3CCN(c4ccccn4)CC3)c2)c1)N1CCOCC1,-8.5,3.6155117981386047,30_1487
O=C(Nc1cccc(-c2cccc(-c3cccc(F)c3)c2)c1)c1cccc(C(F)(F)F)c1,-8.65,3.2672233782541786,30_1488
O=C(/C=C/c1cccc(-c2cccc(-c3ccc4ccccc4c3)c2)c1)Nc1cccc(-c2ccc3c(c2)OCO3)c1,-7.5,3.0431803026299056,30_1489
O=C(Nc1cccc(-c2cccc(-c3cccc(-c4cccc(O)c4)c3)c2)c1)c1ccccc1,-9.25,3.303194323964135,30_1490
O=C(Nc1cccc(-c2cccc(-c3ccccc3F)c2)c1)c1ccccc1Cl,-8.649999999999999,3.406338145004554,30_1491
Cc1ccc(N2C=NC=CC(c3cccc(-c4cccc(-c5nc6ccccc6[nH]5)c4)c3)=C2)cc1Cn1ccnc1,-9.1,2.366658553553065,30_1492
O=C1C=C2C=C3COCCOC3C=C2c2c(cccc2-c2cccc(-c3cccc4ccccc34)c2)C(=O)N2CCN1CC2,-8.9,0.7485226678087349,30_1493
O=C1c2ccccc2C(=O)c2c1ccc1[nH]c(-c3ccccc3N3C(=O)C=CC3=O)nc21,-8.7,3.529907150899443,30_1494
Cc1ccc(CC(=O)Nc2cccc(-c3cccc(-c4nc5ccccc5[nH]4)c3)c2)cc1,-8.7,3.389974636671309,30_1495
O=C(c1cccc(-c2cccc(-c3ccc4ccccc4c3)c2)c1)N1CCNCC1,-8.9,3.487914983949728,30_1496
O=C(Nc1nc(-c2ccc3c(c2)OCCO3)cs1)c1ccccc1-c1cccc(-c2ccccc2)c1,-8.7,3.4359804606745445,30_1497
Cc1ccc(-c2ccc(NC(=O)c3cccc(-c4cc5ccccc5oc4=O)c3)cc2)cc1,-8.3,3.330112662826032,30_1498
COc1ccccc1[C@@H]1CN2CCC[C@@H]2c2cccc(Cl)c21,-6.3,3.4230916005556047,30_1499
O=C(c1cccc(-c2cccc(-c3cccc(-c4ccccc4F)c3)c2)c1)N1CCNCC1,-9.450000000000001,3.508189933556279,30_1500
O=C(c1cccc(-c2cccc(-c3cccc(-c4ccccc4F)c3)c2)c1)N1CC[C@@H](O)C1,-8.9,3.520084017175841,30_1501
O=c1[nH]c(-c2ccccc2)c2n1-c1ccccc1C2,-7.0,3.5342228946413705,30_1502
O=[N+]([O-])c1ccc(Nc2nc(-c3cccs3)nc3sc4c(c23)CCC4)cc1,-7.6,3.5338978510876036,30_1503
O=C(Nc1cccc(-c2cccc(-c3nc4cc(F)ccc4[nH]3)c2)c1)c1ccccc1F,-8.620000000000001,3.443853177840764,30_1504
O=C(Nc1cccc(C(=O)N2CCOCC2)c1)c1cccc(-c2cccc(-n3cccc3)c2)c1,-8.4,3.6548203294927317,30_1505
O=C(Nc1cccc(-c2cc3ccccc3[nH]2)c1)c1cc(Cl)ccc1Nc1cccc(C(F)(F)F)c1,-8.9,3.1564238510656533,30_1506
O=C(Nc1cccc(-c2cccc(-c3nc4cc(F)ccc4[nH]3)c2)c1)Nc1cccc(C(F)(F)F)c1,-8.7,3.169812286139635,30_1507
O=C(c1cc(-c2cccc3ccccc23)[nH]n1)N1CCN(c2cccc(C(F)(F)F)c2)CC1,-8.2,3.6509842334868092,30_1508
Cn1c(-c2cccc(-c3cccc(NC(=O)c4ccccc4-c4ccccc4)c3)c2)nc2ccccc21,-8.3,3.2597702572502234,30_1509
O=C(c1cccc(-c2cccc(-c3ccc4c(c3)OCO4)c2)c1)N1CCN(c2ccccn2)CC1,-8.733333333333334,3.517782319272261,30_1510
O=C(Nc1cccc(-c2cccc(-c3ncccc3CO)c2)c1)c1cccc(-c2ccc3ccccc3c2)c1,-8.25,3.157726922312181,30_1511
O=C(c1cccc(N2CCN(C(=O)c3ccccc3-c3nc4ccccc4[nH]3)CC2)c1)N1CCOCC1,-7.5,3.5874335664905708,30_1512
O=C(O)c1cc(-c2cccc(-c3cccc4c(=O)cc(N5CCOCC5)oc34)c2)c2ccccc2n1,-8.4,3.516263503421245,30_1513
O=C(c1cccc(-c2cccc(-c3ccc4c(c3)OCO4)c2)c1)N1CCN(c2ccccc2)CC1,-8.5,3.456180921736461,30_1514
O=Cc1ccccc1C(=O)c1cccc(N2C(=O)c3cccc4cccc(c34)C2=O)c1,-7.5,3.4565372380916326,30_1515
O=C(c1ccccc1)N1CCN(c2cccc(-c3cccc(-c4nc5ccccc5[nH]4)c3)c2)CC1,-8.4,3.469314490794095,30_1516
O=C(c1cccc(S(=O)(=O)Nc2ccccc2F)c1F)N1CCN(c2ccccc2)CC1,-7.5,3.768529621464965,30_1517
O=C(Nc1cccc(-c2cccc(C(=O)N3CCOCC3)c2)c1)c1cccc(-c2ccc3ccccc3c2)c1,-8.05,3.392862095706997,30_1518
O=C(Nc1cccc(-c2cccc(-c3ccccc3)c2)c1)Nc1cccc(C(F)(F)F)c1,-8.2,3.2952894827879566,30_1519
O=C(Nc1cccc(-c2cccc(C(F)(F)F)c2)c1)c1cccc(-c2cccc(-c3cccc4c(=O)cc(-c5ccccc5)oc34)c2)c1,-9.5,3.0178392869460695,30_1520
O=C(CSc1ccc2nnc(-c3ccccc3)n2n1)Nc1cccc(-c2ccc3ccccc3c2)c1,-6.8,3.337891061717996,30_1521
O=C(Nc1cccc(-c2cccc(-c3cccc(F)c3)c2)c1)c1cccc(C(F)(F)F)c1,-8.65,3.2672233782541786,30_1522
O=C(Nc1cccc(-c2cc3ccccc3[nH]2)c1)c1cc(-c2ccccc2)nc2ccccc12,-8.6,3.3407103331057586,30_1523
O=C(c1cccc(-c2cccc(-c3cccc(C(=O)N4CCOCC4)c3)c2)c1)N1CCNCC1,-9.175,3.649506152725788,30_1524
O=C1COc2ccc(C(=O)Nc3cccc(-c4cccc(F)c4F)c3)cc2N1,-7.3,3.7165667243363694,30_1525
O=C(Nc1cccc(-c2cccc(-c3nc4ccccc4[nH]3)c2)c1)c1ccccc1F,-8.25,3.4293586076098226,30_1526
O=C(Nc1ccc2c(c1)OCO2)c1cccc(C(=O)N2CCN(S(=O)(=O)c3cccc(F)c3)CC2)c1,-8.1,3.603444691558613,30_1527
O=C(c1ccc(Cl)cc1)n1nc(-c2ccccc2)nc1NCc1ccccc1,-7.8,3.699306942724415,30_1528
CNc1nc(Nc2cccc(-c3cccc(C(=O)Nc4nccs4)c3)c2)ccc1C(F)(F)F,-8.4,3.487624406417215,30_1529
O=C(N=Cc1[nH]ccc1-c1cccc(NC(=O)c2ccccc2NO)c1)c1ccccc1,-7.5,3.392011298380572,30_1530
Cc1cc(C)cc(S(=O)(=O)c2cc3cc(C(=N)N)ccc3[nH]2)c1,-7.6,3.525596080076159,30_1531
Cn1c(-c2cccc(-c3cccc(-n4nc(-c5c[nH]c6ccccc56)c5c(N)ncnc54)c3)c2)cc2cc(C(=N)N)ccc21,-9.1,2.9208557381221505,30_1532
Cn1c(-c2cccc(-c3cccc(-c4cc(C(=O)NCCN5CCOCC5)ccc4F)c3)c2)nc2ccccc21,-9.0,3.4324190481758317,30_1533
O=C(c1cccc(-c2cccc(-c3cccc(-c4ncccc4CO)c3)c2)c1)N1CCNCC1,-8.7,3.607833850701802,30_1534
O=C(Nc1cccc(-c2cccc(C(=O)N3CCOCC3)c2)c1)c1cccc(-c2cccc3ccccc23)c1,-8.8,3.392862095706997,30_1535
O=C(c1cccc(-c2cccc(-c3cccc(C(=O)N4CCN(c5ccccc5F)CC4)c3)c2)c1)N1CCOCC1,-9.15,3.40208138725209,30_1536
O=C(Nc1ccccc1-c1nc2c3c(ccc2[nH]1)C(=O)c1ccccc1C3=O)c1ccco1,-9.5,3.5263617370969524,30_1537
O=C(Nc1cccc(-c2cccc3ccccc23)c1)c1ccccc1-c1ccccc1,-8.1,3.220326797920765,30_1538
O=C(Nc1cccc(-c2cccc(-c3ccccc3OC(F)(F)F)c2)c1)Nc1cccc(C(F)(F)F)c1,-8.7,3.3521806587573435,30_1539
O=C(Nc1cccc(Oc2ccccc2)c1)c1ccccc1CC=CC=CCn1c(C(=O)O)cc2ccccc21,-7.0,3.2014187162859793,30_1540
O=C(c1cccc(-c2cccc(-c3cccc(-c4ccccc4F)c3)c2)c1)N1CCNCC1,-9.450000000000001,3.508189933556279,30_1541
O=C(Nc1ccc(-c2cccc(-c3cccc(-c4ccncc4F)c3)c2)cc1)c1ccncc1,-8.6,3.4761339612964504,30_1542
COc1cccc(NC(=O)C=C(c2ccccc2)c2ccccc2N(C=O)Cc2ccc(C)cc2C)c1,-6.0,3.3690465511397596,30_1543
O=C(c1cccc(S(=O)(=O)Nc2cccc(C(F)(F)F)c2)c1)N1CCN(c2ccccc2)CC1,-8.0,3.738735302013856,30_1544
O=C(c1ccccc1)N1CCN(C(=O)c2cc(Cc3n[nH]c(=O)c4c3NCCC4)ccc2F)CC1,-8.0,3.6005480135885484,30_1545
O=C(O)c1cccc(-c2cccc(-c3cccc(-c4nc5ccccc5[nH]4)c3)c2)c1,-8.35,3.421359302703002,30_1546
O=C(CN1CCN(c2ccccn2)CC1)Nc1cccc(-c2cccc(-c3ccc4c(c3)OCO4)c2)c1,-8.6,3.5348653378745247,30_1547
Cc1cc(N[C@H]2CCC[C@@H]2O)ncc2cc(NC(=O)c3cccc(-c4ccccc4F)c3)cc1-2,-8.4,2.4225411021840717,30_1548
O=C(Nc1cccc(-c2cccc(-c3cccc(O)c3)c2)c1)c1cccc(C(F)(F)F)c1,-8.3,3.4122260811255574,30_1549
O=C(c1ccc2c(-c3ccc4c(cnn4Cc4ccccc4)c3)cccc2c1)N1CCN(c2ccccc2)CC1,-7.7,3.3383512417496086,30_1550
O=C(c1cccc(-c2cccc(-c3cccc4ccccc34)c2)c1)N1CCN(c2ccccc2)CC1,-8.8,3.206064535475286,30_1551
O=C(c1ccc2c(-c3cccc(-c4ccccc4F)c3)cccc2c1)N1CCNCC1,-8.933333333333334,3.513567367705725,30_1552
O=C1c2ccccc2-c2nc3ccccc3c3cccc1c23,-7.2,3.2814943762790105,30_1553
O=C(Nc1nc2ccc([N+](=O)[O-])cc2s1)c1cccc(-c2cccc(-c3nn[nH]n3)c2)c1,-8.9,3.2937888530809714,30_1554
COC=CCc1nccc(-c2cccc(-c3cccc(-c4cccc(O)c4)c3)c2)n1,-7.7,3.5670096729742564,30_1555
Cc1ccc(CC=C(F)C=NC(=O)c2cccc(C(F)(F)F)c2-n2cccc2)cc1-c1ccc(-c2cc(-c3ccccn3)nc(C(F)F)c2)o1,-7.3,2.9511276154230934,30_1556
O=C(c1cccc(-c2cccc(-c3ccccc3F)c2)c1)N1CCN(c2cccc(Cl)c2)CC1,-9.0,3.3983661118278135,30_1557
O=C(c1cccc(-c2cccc(-c3cccc(-c4cccc(F)c4)c3)c2)c1)N1CCNCC1,-9.2,3.508189933556279,30_1558
O=C(Cc1ccccc1)N=CC=CCCc1ccnc(-c2cccc(-c3ccc4c(c3)OCCO4)c2F)n1,-7.4,3.4444856673746553,30_1559
O=C(Nc1cccc(-c2cccc(-c3cccc(F)c3)c2)c1)c1ccccc1,-8.3,3.3812540668581823,30_1560
O=C(Nc1cccc(S(=O)(=O)N=C2CCCN2)c1)c1cccc(-c2ccc3c(c2)COC3=O)c1,-8.1,3.5536341397607423,30_1561
O=C(Nc1cccc(Nc2ncnc3ccccc23)c1)c1cc(-c2cccc3ccccc23)nc2ccccc12,-9.5,3.3187012959310107,30_1562
CC1=CC(=O)c2c(ccc3ccccc23)C1=O,-6.6,3.3357158372328404,30_1563
O=C(Nc1ccc(S(=O)(=O)Nc2ccccc2F)cc1)c1cccc(-c2cccc(C3=NCCN3)c2)c1,-7.2,3.4918560573253457,30_1564
O=C(c1cccc(-c2cccc(-c3nc4ccccc4[nH]3)c2)c1)c1cc2ccccc2o1,-9.0,3.4323063333392625,30_1565
O=C(Nc1cccc(-c2cccc(-c3ccccc3)c2)c1)c1ccccc1,-8.3,3.3743985427709573,30_1566
O=C(Nc1cccc(-c2cccc(F)c2F)c1)c1ccccc1Cn1ccc2ncnc-2c1,-9.1,3.5369716719794404,30_1567
O=C(Nc1cccc(-c2cccc(-c3nc4cc(Cl)ccc4[nH]3)c2F)c1)c1ccccc1-c1ccccc1,-9.1,3.266278196034434,30_1568
O=C(c1cccc(-c2cccc(-c3ncc[nH]3)c2)c1)c1nnc(-c2cccc(Cl)c2)o1,-8.0,3.527438816606926,30_1569
CN(C=O)c1cccc(-c2cccc(C(F)(F)F)c2)c1S,-5.8,3.533931438374555,30_1570
O=C(Nc1ccc2ccccc2c1)c1cccc(-c2cccc(-c3ccccc3OC(F)(F)F)c2)c1,-8.3,3.235994813029872,30_1571
O=C(Nc1cccc(-c2cccc(-c3nc4ccccc4[nH]3)c2)c1)c1ccc(Cl)cc1,-7.6,3.4275165588605,30_1572
O=C(c1cccc(-c2ccc3cccc(F)c3c2)c1)N1CCN(C(=O)c2ccccc2C(F)(F)F)CC1,-9.1,3.3948979170380564,30_1573
O=C(Nc1cccc(C(F)(F)F)c1)c1cccc(-c2cccc(-c3cccc(-c4ccccc4F)c3)c2)c1,-9.0,3.003716495802779,30_1574
Cc1ccccc1CNC(=O)c1cccc(-c2cccc(-c3cccc4ccccc34)c2)c1,-9.2,3.193742101479474,30_1575
Cn1c(-c2cccc(-c3cccc(-c4ccc(NS(C)(=O)=O)cc4)c3)c2)nc2ccccc21,-7.8,3.5298733825443787,30_1576
N=C(c1cccc(-c2cccc(NC(=O)Nc3cc(Cl)cc(Cl)c3)c2)c1)N1CCCCC1,-8.3,3.4086503018280494,30_1577
O=C(Nc1cccc(-c2cccc(-c3cccc(C(=O)N4CCOCC4)c3)c2)c1)c1ccccc1,-8.799999999999999,3.5759240999335113,30_1578
O=C(c1cccc(-c2cccc(-c3ccc4c(c3)OCCO4)c2F)c1)N1CCNC(C(=O)N2CCOCC2)C1,-7.9,3.49357710080406,30_1579
O=C(Nc1cccc(-c2cccc(-c3nc4cc(F)ccc4[nH]3)c2)c1)c1ccccc1Cl,-8.35,3.4176756792897534,30_1580
Nc1ccc(-c2cccc(-c3cc(-c4ccnc(C(=O)O)c4)c4cccc(F)c4c3)c2)cc1,-8.5,3.3997322527677336,30_1581
O=C(c1cccc(-c2cccc(F)c2)c1)N1CCN(C(=O)c2cc(Cc3n[nH]c(=O)c4c3NCCC4)ccc2F)CC1,-9.1,3.4437485245431088,30_1582
N#Cc1cccnc1-c1cccc(-c2cccc(NC(=O)c3ccccc3Nc3cccc(C(F)(F)F)c3)c2)c1,-7.7,3.238081105376262,30_1583
Fc1ccc(C2CC(c3cccc(-c4ccc5ccccc5c4)c3)=NO2)cc1,-8.2,3.359214898903865,30_1584
O=C(Nc1ccccc1)Nc1cccc(-c2cccc(-c3ccccc3F)c2)c1,-9.3,3.411617307613613,30_1585
O=C(Nc1cccc(C(F)(F)F)c1)c1cccc(-c2cccc(-c3ccc4c(c3)CCO4)c2)c1,-8.2,3.4972756154948246,30_1586
O=C(C[CH]c1ccccc1-c1cc2ccccc2c(=O)n1P)Nc1cccc(F)c1,-7.4,3.60697690615039,30_1587
Nc1cc(F)ccc1Nc1ccc2c(c1)C(=O)c1cccc(-c3cccc(F)c3F)c1C2=O,-7.7,3.564065311545128,30_1588
O=c1c(C(F)(F)F)c(C=CCCc2cccc(F)c2F)[nH]c2c1cnc1ccc(-c3cc(F)c(O)c(Cl)c3)cc12,-8.4,3.2074810224043486,30_1589
O=C(c1cccc(-c2cccc(-c3ccccc3OC(F)(F)F)c2)c1)N1CCCC1,-8.1,3.57397708407729,30_1590
O=S(=O)(c1ccccc1)n1ccc2c(N3CCN(c4cccc(-c5cccc(-c6ccccc6F)c5)c4)CC3)cccc21,-9.5,3.2605783969706628,30_1591
O=C(Nc1cccc(-c2cccc3[nH]ccc23)c1)c1cccc(-c2cccc(-c3ccccc3)c2)c1,-9.1,3.1413154984349827,30_1592
Cn1c(-c2cccc(-c3cccc(Nc4ccccc4C(N)=O)c3)c2)nc2ccccc21,-8.7,3.4241613114431897,30_1593
O=C(Nc1cccc(-c2cccc(-c3nc4cc(F)ccc4[nH]3)c2F)c1)c1ccccc1,-8.436363636363636,3.443853177840764,30_1594
Cn1c(-c2cccc(-c3cccc(NC(=O)Nc4cccc(-c5cccc(C(F)(F)F)c5)c4)c3)c2)nc2ccccc21,-9.8,3.240177718187831,30_1595
C=C(c1cccc(-c2cccc(-c3nc4cc(F)ccc4[nH]3)c2)c1)c1cccc(-c2ccccc2F)c1,-8.6,3.14000551302022,30_1596
O=C1c2ccccc2[C@@H]2[C@@H](c3ccccc3Cl)CCN2C1c1cccc2ccccc12,-7.6,3.2363117254373996,30_1597
O=C(CCc1nnc2ccc(NCc3ccco3)nn12)Nc1ccc2c(c1)c1ccccc1n2Cc1ccccc1,-7.9,3.27740858850175,30_1598
O=C(Nc1cccc(-c2nc3ccccc3[nH]2)c1)c1cc(-c2cccc3ccccc23)nc2ccccc12,-9.25,3.3581573313969884,30_1599
Cc1c(O)c(C)c2c(c1O)C(=O)c1cccc(C(=O)c3ccccc3)c1C2=O,-7.8,3.6178487758941467,30_1600
O=C(Nc1cccc(-c2ccnc3cc(-c4ccc5ccccc5c4)cn23)c1)c1ccccc1F,-9.6,3.4287668301201686,30_1601
O=C(Nc1ccc(-c2cccc(-c3nccs3)c2)cc1)c1cccc(-c2ccccc2CO)c1,-7.6,3.3499043221536353,30_1602
O=C(NCCCN1CCN(c2cccc(NC(=O)C(F)F)c2)CC1)c1ccccc1[N+](=O)[O-],-6.2,3.4376108286228337,30_1603
O=C(Nc1ccc2c(c1)C(=O)NC2=O)c1cccc(-c2cccc(-c3cc(F)cc(-c4cccc(-c5ccccc5Cl)c4)c3)c2)c1,-9.7,3.073400890784151,30_1604
O=C(c1cccc(-c2cccc(-c3cccc(C(F)(F)F)c3)c2)c1)N1CCNCC1,-8.6,3.642566566269835,30_1605
O=C(c1cccc(Cc2n[nH]c(=O)c3c2CCCC3)c1)N1CCN(c2cccc(C(F)(F)F)c2)CC1,-8.5,3.659326001442002,30_1606
Cc1cccc(-c2cccc(-c3cccc(C(F)(F)F)c3)c2)c1CN1C(=O)c2ccccc2C1=O,-7.7,3.3886679945725144,30_1607
N#Cc1ccccc1-c1cccc(NC(=O)c2nn(CN3C(=O)c4ccccc4C3=O)c(=O)c3ccccc23)c1,-8.4,3.291305087052351,30_1608
O=C(Nc1cccc(-c2cccc(-c3ncc[nH]3)c2)c1)Nc1cccc(-c2cccc(-c3ccco3)c2)c1,-9.4,3.262069423974692,30_1609
O=C(Nc1cccc(-c2cc3ccccc3[nH]2)c1)c1cccc(-c2cccc(-c3ccccc3)c2)c1,-8.0,3.1413154984349827,30_1610
O=C(Nc1nc(-c2cccc(-c3cccc4ccccc34)c2)cs1)c1ccc(F)cc1,-9.6,3.468329145669996,30_1611
O=C(Nc1cccc(-c2cnc3ccccc3n2)c1)c1cc(-c2ccccn2)nc2ccccc12,-8.1,3.5318301275753843,30_1612
CC(=O)Nc1ccc(Nc2c3ccccc3nc3ccccc23)cc1NC(=O)c1ccc(F)cc1Cl,-8.4,3.232178477554893,30_1613
O=C(Nc1ccccc1C(=O)O)c1cccc(-c2ccccc2)c1,-7.7,3.6683474345299496,30_1614
Cn1c(-c2cccc(-c3cccc(NC(=O)c4ccccc4Oc4ccccc4)c3)c2)nc2ccccc21,-8.35,3.275728118796379,30_1615
N#Cc1cccnc1-c1cccc(-c2cccc(-c3cccc(NC(=O)c4cccc(-c5ccccc5F)c4)c3)c2)c1,-8.1,3.228478178857269,30_1616
Cc1ccc(NC(=O)c2cccc(-c3cccc(-c4ccc5ccccc5c4)c3)c2)cc1C,-9.1,3.1561200553793842,30_1617
O=S(=O)(Nc1ccccc1O)c1cccc(-c2cccc(-c3ccccc3)c2)c1,-7.6,3.5803394022982697,30_1618
O=C(Nc1cccc(-c2cccc(-c3nc4ccccc4[nH]3)c2)c1)c1ccccc1-c1ccccc1,-8.6,3.3039417341933515,30_1619
O=C(c1cccc(-c2cccc(-c3nc4cc(F)ccc4[nH]3)c2)c1)N1CCNCC1,-8.483333333333333,3.6450984636569372,30_1620
Cn1c(-c2cccc(-c3cccc(NC(=O)c4ccccc4F)c3)c2)nc2ccccc21,-8.55,3.3956733809905395,30_1621
O=C(Nc1cncc(-c2cccc(-c3cccc(-c4ccccc4F)c3)c2)c1)c1ccccc1,-9.4,3.354900963563098,30_1622
O=C(c1cccc(-c2cccc(C(=O)N3CCN(c4ccc(F)cc4)CC3)c2)c1)N1CCOCC1,-8.3,3.5987838392028464,30_1623
O=C(c1ccc2c(-c3cccc(-c4ccccc4F)c3)cccc2c1)N1CCN(c2ccccc2F)CC1,-8.5,3.2220298745651874,30_1624
O=C(Nc1cccc(-c2ccccc2F)c1)c1cccc(-c2cccc(-c3cccc(-c4ccccc4F)c3)c2)c1,-8.850000000000001,3.0300865589362544,30_1625
Oc1ccc(-c2cc(-c3ccccc3)nc3c2Cc2ccccc2C3)cc1,-8.1,3.4342586237057455,30_1626
Cc1cc(NC(=O)c2cc3nc(-c4ccc5c(c4)OCO5)cc(C(F)(F)F)n3n2)no1,-7.8,3.5581689026732564,30_1627
O=C(c1ccc2c(c1)CCO2)N1CCN(c2cc(-c3ccccc3)nc3cc(-c4cccc(Cl)c4)nn23)CC1,-8.6,3.329011079889338,30_1628
O=C(Nc1cc(C(F)(F)F)cc(C(F)(F)F)c1)Nc1cc(-c2ncc(-c3cccs3)cc2F)n(-c2ccccc2)c1CO,-8.0,3.1393956030310832,30_1629
Oc1ccc(-c2cc(-c3ccccc3)cc(-c3ccc(Cl)cc3)n2)cc1,-8.4,3.4754658269348844,30_1630
Cn1c(-c2cccc(-c3cccc(NC(=O)c4ccccc4F)c3)c2)nc2ccccc21,-8.55,3.3956733809905395,30_1631
O=C(Nc1cccc(-c2cccc(-c3nc4cc(F)ccc4[nH]3)c2F)c1)c1ccccc1,-8.436363636363636,3.443853177840764,30_1632
O=C(Nc1nc2ccccc2nc1Nc1cccc(-c2cc3ccccc3[nH]2)c1)c1ccccc1F,-9.2,3.382512413544062,30_1633
NC(=S)N1N=C(c2ccc(F)cc2)CC1c1cccc(-c2cc(C(F)(F)F)ccc2-c2cc3ccccc3[nH]2)c1,-8.6,3.14912207711408,30_1634
O=C1COc2ccccc2N1Cc1cn(-c2cccc(-c3cccc(-c4cccc(-c5ccc(F)cc5)c4)c3)c2)nn1,-8.2,3.3057748875752697,30_1635
O=C(c1cccc(C(F)(F)F)c1)c1ccc2c(-c3cccc(-c4cccs4)c3)cccc2c1,-9.0,3.0942538967123747,30_1636
O=C(F)Nc1cccc(-c2cccc(C(F)(F)F)c2F)n1,-6.6,3.414094183875627,30_1637
Cn1c(-c2cccc(-c3cccc(NC(=O)c4ccccc4)c3)c2)nc2ccccc21,-8.381818181818183,3.3942752104154073,30_1638
O=C(COC(=O)c1ccccc1F)Nc1nc(-c2ccc3ccccc3c2)cs1,-7.3,3.664538515619748,30_1639
Fc1ccc(-c2ccc(-c3cccc(-c4cccc(Cl)c4)c3)cc2)cc1,-7.7,3.079159775632551,30_1640
O=C(c1cccc(-c2cccc(-c3cccc(-c4ccccc4F)c3)c2)c1)N1CCNCC1,-9.450000000000001,3.508189933556279,30_1641
O=C(Nc1cccc(-c2cccc(-c3cccc(C(=O)N4CCOCC4)c3)c2)c1)c1cccc(C(F)(F)F)c1,-8.95,3.537920848713541,30_1642
O=C(COC(=O)c1cccc(-c2ccc3ccccc3c2)c1)c1cccc(-c2cccc(C(F)(F)F)c2)c1,-7.0,3.183975077401004,30_1643
Cc1ccc(S(=O)(=O)Nc2ccccc2C(=O)Nc2ccc3c(c2)CCC3)cc1,-7.5,3.702426059023134,30_1644
O=C(Nc1cccc(-c2nc3ccccc3[nH]2)c1)c1nc2ccccc2nc1N1CCN(c2ccccc2F)CC1,-9.4,3.397502336500213,30_1645
Cc1cc(-c2ccccc2)ccc1-c1ccc(-c2ccccc2)n1CC(=O)NCC1=CC(C(=N)N)C=C1,-7.7,3.294757826095081,30_1646
Cc1cc(C)c(-c2noc(-c3cc(-c4ccccc4)cc(C(F)(F)F)c3)n2)cc1C,-8.2,3.5303788344910614,30_1647
O=C(Nc1cccc(-c2cccc(-c3nc4cc(C(F)(F)F)ccc4[nH]3)c2)c1)c1ccccc1-c1ccccc1,-8.025,3.1412476074542717,30_1648
O=C(Nc1cccc(-c2cccc(-c3nc4cc(F)ccc4[nH]3)c2F)c1)c1cc2ccccc2[nH]1,-8.3,3.3368469878482045,30_1649
O=C(NCc1ccccc1)c1ccccc1NC(=O)c1ccccc1Nc1cccc(OCCc2ccccc2)c1,-7.4,3.162508033932066,30_1650
Cn1c(-c2cccc(-c3cccc(NC(=O)c4ccccc4)c3)c2)nc2ccccc21,-8.381818181818183,3.3942752104154073,30_1651
Cc1cccc(C)c1OCC(=O)Nc1cccc(-c2cccc(-c3nc4cc(F)ccc4[nH]3)c2)c1,-8.4,3.4364924149225433,30_1652
Cc1ccc(-c2cc(-c3cccc(-c4cccc5c(=O)cc(-c6ccccc6)oc45)c3)c3ccccc3n2)cc1,-9.3,3.043787790155977,30_1653
Cn1c(-c2cccc(-c3cccc(NC(=O)c4ccc(N5CCOCC5)cc4)c3)c2)nc2ccccc21,-7.3,3.487476419323312,30_1654
Oc1ccc(-c2cc(-c3ccc(O)cc3)nc(-c3cccc(O)c3)c2)cc1,-8.5,3.560303944995337,30_1655
O=C(Nc1cccc(-c2cccc(-c3nc4cc(F)ccc4[nH]3)c2)c1)c1cccc(C(F)(F)F)c1,-8.16,3.2512717517338245,30_1656
CN(c1ccccc1)c1cccc(-c2cccc(-c3cccc(-c4ncccc4C#N)c3)c2)c1,-8.2,3.2292604684575843,30_1657
O=C(Nc1cccc(-c2cccc(-c3ncccc3CO)c2)c1)c1cccc(Cl)c1,-8.3,3.5873676141004895,30_1658
C=C(C=CC=CN(Cc1cccc(C(F)(F)F)c1)C(=O)CNC=O)c1nn[nH]n1,-7.0,3.493386258679011,30_1659
O=S(=O)(Nc1cc(-c2ccccc2)nc(-c2ccco2)c1)c1ccccc1,-7.7,3.7229774270124754,30_1660
O=C(c1cc(Cc2n[nH]c(=O)c3c2NCCC3)ccc1F)N1CCN(C(=O)N2CCOCC2)CC1,-8.1,3.3903500304662018,30_1661
CC1=CC=CC(=Nc2nc3cc(Nc4cccc(C(N)=O)c4)ccc3[nH]2)CC1,-7.7,2.6702654661730043,30_1662
O=C(CSc1ccccc1-c1cccc(C(F)(F)F)c1)Nc1cccc(-c2cccc(-c3ccccc3F)c2)c1,-7.2,3.031204153668311,30_1663
O=C(Nc1cccc(-c2cccc(-c3nc4cc(F)ccc4[nH]3)c2F)c1)c1ccccc1,-8.436363636363636,3.443853177840764,30_1664
O=C(c1cccc(-c2cccc(-c3cccc(-c4ccccc4F)c3)c2)c1)N1CCNCC1,-9.450000000000001,3.508189933556279,30_1665
O=C(c1cccc(-c2nc3ccccc3[nH]2)c1)N1CCC2(CC1)C(=O)NCN2c1ccccc1,-8.3,3.5689039429737264,30_1666
O=c1c(-c2cc(Br)c(O)c(Br)c2)coc2cc(O)cc(O)c12,-7.1,3.6033676580136285,30_1667
O=C(NN=Cc1cc(Br)c(O)c(Br)c1)c1ccc2ncccc2c1,-6.9,3.6290936995210483,30_1668
O=C1NC(=O)C(=Nc2cccc(C(F)(F)F)c2)C1=CC1=CCC(S(=O)(=O)NCc2ccccc2F)=C1,-7.4,3.37912077735512,30_1669
N=C(N)c1ccc2[nH]c(-c3cccc(-c4cccc(NC(=O)c5ccccc5)c4)c3)cc2c1,-7.8,3.1648941081460205,30_1670
O=C1c2ccccc2C(=O)c2c1nnn2-c1cccc(-c2ccccc2F)c1,-8.5,3.640156939507954,30_1671
O=C(Nc1ccc2c(c1)OCCO2)c1cccc(-c2cccc(-c3ccc4c(c3)OCO4)c2)c1,-8.5,3.552297645680242,30_1672
O=C(NCc1cccc(F)c1)Nc1cccc(-c2cccc(-c3nc4ccccc4nc3Cl)c2)c1,-9.2,3.3463453585221634,30_1673
Nc1cccc(-c2cnc3ccc(-c4cccc(F)c4F)nn23)c1,-8.2,3.6705891870970504,30_1674
NS(=O)(=O)c1ccc(-c2cccc(-c3cccc(-c4cccc(-c5cccc(F)c5)c4)c3)c2)cc1,-9.2,3.3929675574528337,30_1675
Cc1ccc(S(=O)(=O)N2CCN(c3nc(-c4cccnc4)nc4ccccc34)CC2)cc1,-8.1,3.674044692755839,30_1676
O=C(Nc1cccc(Nc2ccc3c(C=Cc4ccccc4)[nH]nc3c2)c1)c1ccccc1,-7.7,3.3709175620035206,30_1677
Cn1c(-c2cccc(-c3cccc(-c4nn(-c5ccc6c(c5)OCO6)cc4C(=O)Nc4ccccc4)c3)c2)nc2ccccc21,-9.9,3.2811709550295634,30_1678
O=C(c1cccnc1)c1cccc(-c2cccc(-c3cc(Nc4ccc5ccccc5c4)nc(-c4ccco4)c3)c2)c1,-8.9,3.18888638300677,30_1679
O=C(c1cccc(-c2cccc(-c3cccc(C(=O)N4CCOCC4)c3)c2)c1)N1CCNCC1,-9.175,3.649506152725788,30_1680
O=C(Nc1cccc(-c2cccc(-c3csc(-c4ccccc4)n3)c2)c1)c1ccccc1C(F)(F)F,-8.4,3.2826255879938246,30_1681
O=C(c1cc(Cc2n[nH]c(=O)c3c2NCCC3)ccc1F)N1CCN(c2cccc(C(F)(F)F)c2)CC1,-8.5,3.5343766627608666,30_1682
Fc1ccccc1-c1cccc(-c2cc(C3=CC=CCC3)c3cccnc3c2)c1,-9.2,3.2123647020743356,30_1683
Cc1cc(-c2nc3ccccc3c(-c3cccc(-c4ccccc4C#N)c3)c2C)ccc1C(=O)Nc1cccc(C(F)(F)F)c1,-8.6,3.174412165676502,30_1684
NC(c1cccc2ccccc12)P(=O)(O)O,-5.5,3.4150839375209765,30_1685
C1=CCC(CN2CCC3(CC=C(c4cnccn4)CC3)CC2)CC1,-6.5,3.25505565629945,30_1686
COc1cccc(-c2nc(-c3ccc4c(c3)CCN4C(=O)c3cccs3)cs2)c1,-7.1,3.6062212029789773,30_1687
NC(=O)c1cccc(-c2cc(-c3cccc(-c4ccccc4F)c3)cc(-c3ccccc3)n2)c1,-10.5,3.3813258642287916,30_1688
O=C(c1cccc(-c2cccc(-c3ccc4c(c3)OCO4)c2)c1)N1CCN(c2ccccn2)CC1,-8.733333333333334,3.517782319272261,30_1689
O=C(O)C1CN(c2cccc(-c3cccc(-c4cccc(-c5ccccc5F)c4)c3)c2)C1c1ccccc1,-9.0,3.2207792714713124,30_1690
COc1ccc([C@H]2c3cc(OC)ccc3CC(=O)N2Cc2ccc3c(c2)OCO3)cc1,-6.7,3.6273266692963597,30_1691
O=C(c1cccc(-c2ccc3c(c2)OCCO3)c1)N1CCN(S(=O)(=O)c2cc(C(F)(F)F)cc(C(F)(F)F)c2)CC1,-8.25,3.3961573646710894,30_1692
Cc1ccccc1CC[C@H](/C=C/S(=O)(=O)c1ccccc1)NC(=O)C1=CC(c2ccc3c(c2)CCC3=O)C=C1,-8.5,3.461213173241803,30_1693
O=C(Nc1cccc(-c2cccc(N3CCCC3)n2)c1)c1cccc2c1-c1ccccc1C2=O,-8.4,3.5292824474411058,30_1694
O=C(c1cccc(-c2cccc(-c3nc4ccccc4[nH]3)c2)c1)N1CCN(c2cccc(C(F)(F)F)c2)CC1,-8.5,3.431311239574125,30_1695
O=C(Nc1cccc(-c2cccc(-c3nc4ccccc4[nH]3)c2)c1)Nc1cccc(C(F)(F)F)c1,-9.0,3.2344802145833893,30_1696
O=C(Nc1cccc(-c2ccc3c(c2)OCCO3)c1)c1cccc(-c2ccc3ccccc3c2)c1,-8.6,3.3743205441022033,30_1697
O=C(c1cccc(F)c1)N1CCN(C(=O)c2cccc(-c3cccc(-c4cccc(O)c4)c3)c2)CC1,-8.9,3.5943530400895223,30_1698
O=C(Nc1cccc(-c2cccc(-c3ccccc3OC(F)(F)F)c2)c1)c1ccccc1,-7.833333333333333,3.437025411589027,30_1699
O=C(Nc1cccc(Oc2ccccc2)c1)Nc1cccc(-c2cccc(-c3ccc4c(c3)OCO4)c2)c1,-7.7,3.2468102840071964,30_1700
O=C1C=CC=CCCC(C=C2ON=C2c2cccc(-c3ccccc3F)c2)CC=CC=N1,-8.4,1.3396281282602365,30_1701
O=C(O)c1cccc(-c2cccc(-c3cccc(-c4nc5ccccc5[nH]4)c3)c2)c1,-8.35,3.421359302703002,30_1702
O=C(Nc1cccc(-c2cccc(-c3ccccc3F)c2)c1)c1cccc(-c2cccc3ccccc23)c1,-8.4,3.089476916355295,30_1703
O=C(Nc1cccc(-c2ccnc(Nc3cccc(-c4ccccc4)c3)n2)c1)c1ccc2ccccc2c1,-7.7,3.3411427523357,30_1704
CC=C1C=CC(=Nc2ncnc3[nH]cnc(=O)c23)C1C,-6.9,3.674039773790884,30_1705
O=C(Nc1cccc(C(=O)N2CCCCC2)c1)c1cccc(-c2ccc3ccccc3c2)c1,-8.3,3.5154423800736696,30_1706
O=C(Nc1cccc(-c2ccccc2F)c1)Nc1cc2nc(-c3cc4ccccc4[nH]3)ccc2cc1-c1ccccc1,-8.8,3.079385165865557,30_1707
O=C(Cc1[nH]oc1-c1cccc(-c2cc(F)cc(F)c2)c1)Nc1ccc2c(c1)OCCO2,-7.6,3.666131593889297,30_1708
O=C(Nc1cccc(-c2cccc(-c3nc4cc(F)ccc4[nH]3)c2)c1)c1cccc(-c2nc(=O)c3ccccc3[nH]2)c1O,-8.4,3.1852678266623045,30_1709
O=C(Nc1cccc(-c2cccc(-c3nc4cc(F)ccc4[nH]3)c2)c1)c1ccccc1,-8.389999999999999,3.4293586076098226,30_1710
O=C(c1cccc(-c2cc(-c3ccc4ccccc4c3)nc3cc(Cl)ccc23)c1)N1CCN(c2ccc(F)cc2)CC1,-9.2,3.2155181228898133,30_1711
O=C(Nc1cccc(-c2ccco2)c1)c1cccc(-c2ccccc2)c1,-7.9,3.5451624086642703,30_1712
N#Cc1cccnc1N1CCN(c2cccc(-c3[nH]nc4cnc(-c5cccnc5)cc34)n2)CC1,-8.4,3.4870529807429946,30_1713
O=C1NC(=S)NC(=O)C1=Cc1cccc(-c2cccc(-c3cccc(-c4ccccc4F)c3)c2)c1,-10.4,3.3884823510372772,30_1714
O=C(Nc1nccs1)C(=O)C(c1cccc(-c2ccccc2)c1)C1c2ccccc2C(=O)N1c1ccccc1,-7.5,3.361634742025059,30_1715
CNc1c(-c2ccccc2[C@H]2[CH]c3ccccc3[C@H]2c2ccccc2C)ccc2ccccc12,-6.8,2.986180091272189,30_1716
O=C(Nc1cccc(-c2cccc(-c3nc4cc(F)ccc4[nH]3)c2)c1)c1ccccc1F,-8.620000000000001,3.443853177840764,30_1717
O=C(c1cccc(F)c1)c1cccc2c1C=CN=C(N=C1C=CCCC1)C2,-8.1,2.495827423887345,30_1718
O=C(Nc1cccc(-c2cccc(-c3nc4cc(F)ccc4[nH]3)c2)c1)c1ccccc1,-8.389999999999999,3.4293586076098226,30_1719
O=C(NCCc1ccccc1)c1cccc(-c2cccc(-c3cc(C(=O)O)c(O)cc3O)c2)c1,-8.1,3.4255340184483973,30_1720
NCC(=O)Nc1cc(Oc2cccc(-c3cccc(-c4ccccc4OC(F)(F)F)c3)c2)ccn1,-8.0,3.5630869265521268,30_1721
O=C(c1cccc(-c2cccc(-c3cccc4ccccc34)c2)c1)N1CCN(c2ccccc2F)CC1,-9.733333333333334,3.2138302346186602,30_1722
O=C(Nc1cccc(-c2ccccc2Cl)c1)c1cccc(-c2cccc(-c3cccc(-c4ccccc4F)c3)c2)c1,-8.6,2.9753383768869957,30_1723
Nc1cccc(-c2cccc(-c3cc(-c4ccc5c(c4)OCO5)cc4cccnc34)c2)c1,-9.9,3.337867342146598,30_1724
O=C(Nc1cccc(-c2cccc(-c3nc4cc(F)ccc4[nH]3)c2F)c1)c1ccccc1,-8.436363636363636,3.443853177840764,30_1725
O=C(Cc1cccc(NC(=O)c2cccc3cc4ccccc4nc23)c1)Nc1cccc(C(=O)N2CCCCC2)c1,-8.6,3.3137217688168885,30_1726
O=C(c1cccc(-c2cccc(-c3nc4cc(F)ccc4[nH]3)c2)c1)N1CCN2CCC[C@H]2C1,-8.75,3.537771963531,30_1727
O=C(c1nn(-c2cccc(-c3ccccc3F)c2)c2c1CS(=O)(=O)c1ccccc1-2)N1CCOCC1,-8.0,3.5092031147281997,30_1728
O=C(Nc1cccc(-c2cccc(-c3ccccc3OC(F)(F)F)c2)c1)c1ccccc1F,-8.35,3.3779879760107585,30_1729
O=C(Nc1cccc(-c2cccc(-c3ccccc3OC(F)(F)F)c2)c1)c1ccccc1,-7.833333333333333,3.437025411589027,30_1730
O=CC(=O)C1=CC=CCC=C1,-4.8,2.0905255625965777,30_1731
O=C(Nc1cccc(-c2cccc(C(F)(F)F)c2)c1)c1cccc(-c2cccc(-c3ccc4c(c3)OCO4)c2)c1,-8.825,3.27643453002898,30_1732
O=C(c1cccc(-c2cccc(C(=O)N3CCN(c4ccccn4)CC3)c2)c1)N1CCOCC1,-8.5,3.6155117981386047,30_1733
O=C1OC(c2ccccc2)C[N+]=C2C=CC=c3ccsc3=C12,-8.0,2.484105175459012,30_1734
O=C(N[CH][C@H]1[CH]CN(C(=O)c2ccccc2)C1)Oc1ccccc1-c1cccc(F)c1,-7.5,3.7264545421540505,30_1735
COc1cc(-c2cc(-c3cccc4ccccc34)c3ccccc3n2)cc(OC)c1OC,-8.0,3.431655292685892,30_1736
O=C(Nc1ccccc1-c1nc2ccccc2s1)c1cccc(-c2cccc(-c3cccc(-c4ccccc4Cl)c3)c2)c1,-8.1,3.117731213990239,30_1737
COc1cccc(-c2cn(-c3cccc4ccccc34)cc2-c2nc(=O)c3ccccc3[nH]2)c1,-9.4,3.4268439611132573,30_1738
O=C(Nc1ccc2ccc(-c3cccc(C(=O)N4CCOCC4)c3)nc2c1)c1ccccc1,-7.8,3.682342993986911,30_1739
O=C(c1cccc(-c2nc(=O)c3ccccc3[nH]2)c1O)N1Cc2ccccc2C1,-8.7,3.63427601295545,30_1740
O=C(Nc1ccc2cccc(Cl)c2c1)c1cccc(-c2cccc(-c3nc4cc(C(F)(F)F)ccc4[nH]3)c2)c1,-9.0,3.156286250958634,30_1741
O=C(Nc1cccc(C(=O)N2CCOCC2)c1)c1cc(-c2ccc3ccccc3c2)nc2ccccc12,-9.8,3.503703430253939,30_1742
O=C(Nc1cccc(-c2cccc(C(=O)N3CCOCC3)c2)c1)c1ccccc1-c1ccccc1,-8.2,3.5759240999335113,30_1743
O=C(Nc1ccc(F)cc1)c1cccc(-c2cccc(-c3cccc(-c4ccccc4F)c3)c2)c1,-8.5,3.1883384937617323,30_1744
O=C(Nc1cccc(-c2cccc(-c3cccc(Cl)c3)n2)c1)c1ccccc1Br,-7.9,3.5305239097292453,30_1745
Oc1cccc(-c2cc(-c3cccc(Cl)c3)c3c(n2)-c2ccccc2C3)c1,-8.6,3.428950838871116,30_1746
O=C(c1cccc(-c2cccc(-c3ccc4c(c3)OCO4)c2)c1)N1CCN(S(=O)(=O)c2cccc(C(F)(F)F)c2)CC1,-9.0,3.3874677725412488,30_1747
O=C(Nc1ccc(-c2cc(-c3ccccc3)nc3ccc4ccccc4c23)cc1)c1ccccc1,-7.7,3.2483504618787724,30_1748
O=C(Nc1ccc2ccccc2c1)c1ccc(-c2cccc([N+](=O)[O-])c2)o1,-7.4,3.601951090067785,30_1749
O=C(Nc1nc2ccccc2c2cnc3ccccc3c12)c1ccc2c(c1)c1ccccc1n2Cc1ccccc1F,-9.7,3.186590825852901,30_1750
O=C(c1cccc(C(F)(F)F)c1Cl)n1ccc2cc(-c3cccc(-c4ccccc4)c3)ccc21,-8.9,3.1529313836299613,30_1751
O=C(Cn1c2ccccc2c2cc(-c3cccc(F)c3)ccc21)Nc1ccc2c(c1)c1ccccc1n2Cc1ccccc1,-8.2,3.1424190239469003,30_1752
O=C(O)c1ccc2c(c1)cc(Nc1cccc(F)c1F)c1ccccc12,-7.7,3.522179736556505,30_1753
Cn1c(=O)c2c(nc(N3CCC[C@@H](N)C3)n2Cc2cccc(F)c2)c2cc(C#N)ccc21,-8.1,3.667542533267491,30_1754
N#Cc1cccnc1-c1cccc(-c2cccc(C(=O)N3CCN4CCC[C@H]4C3)c2)c1,-8.2,3.597731048441142,30_1755
O=C(Nc1cccc(S(=O)(=O)N=C2CCCN2)c1)c1ccc2ccccc2c1,-7.4,3.742266500366349,30_1756
COc1cc(C(=O)c2c(-c3cccc(C#N)c3)[nH]c3cc(C(F)(F)F)ccc3c2=O)ccc1-c1cccc(C(F)(F)F)c1,-8.6,3.2201914482669087,30_1757
O=C(Nc1cccnc1)c1cccc(-c2cccc(-c3cccc(-c4ccccc4F)c3)c2)c1,-8.6,3.354900963563098,30_1758
O=C(Nc1cccc(F)c1)c1ccc(Cl)c(NC(=O)c2ccccc2Nc2cccc(-c3cccc(F)c3F)c2)c1,-8.0,3.19388297559025,30_1759
O=C(CCNS(=O)(=O)c1ccc2c(c1)OCCCO2)Nc1ccccc1-c1ccccc1,-7.2,2.741803874637803,30_1760
Cn1c(=O)oc2cc(NC(=O)c3cccc(-c4cccc(C(F)(F)F)c4)c3)ccc21,-7.7,3.6859938970757433,30_1761
Oc1ccccc1-c1cc(-c2ccccc2)c2c(n1)-c1ccccc1C2,-8.6,3.443892978118706,30_1762
O=C(Nc1cccc(-c2cccc(-c3nc4cc(F)ccc4[nH]3)c2)c1)c1ccc2c(c1)OCO2,-7.9,3.4182496402401377,30_1763
Nc1ncnc2c1nc(NCc1ccccc1)n2[C@@H]1O[C@@H]2COP(=O)(O)O[C@H]2[C@H]1O,-8.3,3.057328156786207,30_1764
Cc1ccc(-c2nn(-c3ccccc3C(F)(F)F)c(=O)c3ccccc23)cc1S(=O)(=O)N1CCC(C)CC1,-9.1,3.5416928440982574,30_1765
N#Cc1cccnc1-c1cccc(-c2cccc(-c3cccc(C(=O)N4CCNCC4)c3)c2)c1,-8.9,3.6433678319260787,30_1766
O=C(CN1CCN(c2ccccc2O)CC1)Nc1ccc(NC(=O)c2ccccc2Nc2cccc(C(F)(F)F)c2)c2c1C(=O)c1ccccc1C2=O,-8.3,2.8519712917314224,30_1767
O=C=C(C=CCC=NC(=O)c1ccccc1F)Oc1cccc(-c2cccc(F)c2)c1,-6.8,3.3433325564376313,30_1768
O=C(c1ccc(-c2cccc(-c3cccc(-c4ccccc4)c3)c2)cc1)N1CCN(C(=O)c2ccco2)CC1,-7.0,3.336134844290854,30_1769
O=C(Nc1cccc(-c2ccccc2F)c1)c1cc(F)ccc1Nc1ccnc(C(F)(F)F)c1,-8.9,3.494325935162175,30_1770
O=C(c1cccc(-c2cccc(-c3cccc(S(=O)(=O)Cc4ccccc4)c3)c2)c1)N1CCOCC1,-8.6,3.5568298645527583,30_1771
O=C(O)c1ccc(-c2cc(-c3ccccc3C(=O)Nc3ccccc3)no2)cc1,-7.6,3.663282367167566,30_1772
O=C(F)CN(C(=O)CCC(=O)Nc1nccs1)c1ccccc1OCF,-5.7,3.611047867040665,30_1773
C=C(C=CC=CC(=O)c1ccccc1)C=CN=CC(=C)c1cccc(-c2cccc(-c3cccc(-c4cccc(C(F)(F)F)c4)c3)c2)c1,-6.0,2.4301154989768867,30_1774
O=C(c1cccc(-c2cccc(-c3cccc(-c4nc5ccccc5[nH]4)c3)c2)c1)N1CCCC1,-9.8,3.3767709101172856,30_1775
N#Cc1cccnc1-c1cccc(-c2cccc(NC(=O)c3cccc(C(=O)O)c3)c2)c1,-8.0,3.6238760638152536,30_1776
O=C(Nc1ccccc1Cl)c1cccc(Nc2nc3ccccc3nc2C(=O)NCc2ccc(F)cc2)c1,-8.8,3.242511623237284,30_1777
O=C(Nc1cccc(-c2cccc(-c3nc4cc(C(F)(F)F)ccc4[nH]3)c2)c1)c1cccc(C(F)(F)F)c1,-8.3,3.248946671823277,30_1778
O=C(c1cccc(-c2cccc(C(=O)N3CCN(C4CC4)c4ccccc43)c2)c1)N1CCOCC1,-8.3,3.4765296550239686,30_1779
O=C(Nc1cccc(-c2cccc(F)c2)c1)c1cccc(-c2ccc3c(c2)OCCO3)c1,-8.1,3.588152536639732,30_1780
CN(c1cccc(-c2cccc(-c3ccc4c(c3)OCO4)c2)c1)S(C)(=O)=O,-7.6,3.73485567618126,30_1781
O=C(O)c1ccnc(-c2cn(-c3cccc(-c4ccccc4Br)c3)nn2)c1,-7.8,3.7187123475270076,30_1782
O=C(Cn1c(-c2cccs2)cc2ccccc21)Nc1cccc(-c2cccc(-c3nc4cc(F)c(F)cc4[nH]3)c2)c1,-9.4,3.221915529574809,30_1783
O=C(Nc1cccc(-c2cccc(-c3ncccc3CO)c2)c1)c1cccc(-c2ccc3ccccc3c2)c1,-8.25,3.157726922312181,30_1784
N#Cc1ccccc1-c1cccc(-c2cccc(-c3cccc(-c4cccc(O)c4)c3)c2)c1,-8.5,3.2862674535064906,30_1785
O=C(c1cccc(-c2cccc(-c3cccc4ccccc34)c2)c1)N1CCCC1,-9.1,3.2585355395381854,30_1786
O=C(O)C1=NCC=Nc2ccccc2NN1,-6.0,1.1457549700785483,30_1787
O=C(c1cccc(-c2cccc(-c3cccc(C(F)(F)F)c3)c2)c1)N1CCNCC1,-8.6,3.642566566269835,30_1788
O=C(N/N=C\c1ccccc1-c1cccc(-c2ccccc2F)c1)c1cc2ccccc2o1,-8.7,3.381058736432517,30_1789
O=C(CN1CCN(C(=O)c2ccccc2F)CC1)Nc1cccc(-c2cccc(C(=O)NCCc3ccccc3)c2)c1,-7.4,3.4647208141849455,30_1790
N=CC1C(Cl)=CC=C1N=CC1=CC(=Cc2[nH]c(/N=C/c3ccc4c(c3)OCO4)nc2-c2ccccc2)C=C1,-7.6,3.2803406231900665,30_1791
O=C(C=CC=CCCOC(F)F)Nc1cccc(-c2cccc(-c3nc4cc(F)ccc4[nH]3)c2)c1,-7.1,3.3167378219824832,30_1792
O=C1c2ccccc2C(=O)c2c1ccc1c2ccc2ccccc21,-8.5,3.292842809133539,30_1793
O=C(Nc1cccc(-c2cccc(-c3cccc(-c4cc(-c5cccs5)ccn4)c3)c2)c1)c1ccccc1,-8.8,3.238743037766082,30_1794
O=C(C1=CC=CC2=CC=CC(c3ccccc3)=C(C2)C1)N1CCNCC1,-6.8,1.472619287542524,30_1795
O=C1NCN(c2ccccc2)C12CCN(C(c1cccc(F)c1)c1cccc(C(F)(F)F)c1)CC2,-8.3,3.5180418261478406,30_1796
O=C(CN1CCC(NC(=O)c2cccc(F)c2)CC1)Nc1cccc(-c2ccc3ccccc3c2)c1,-8.9,3.554752867452554,30_1797
O=C(Nc1ccc(C2=CCN(C(=O)N3CCOCC3)CC2)cc1)Nc1cccc(-c2cccc(-c3nc4ccccc4[nH]3)c2)c1,-7.8,3.139794799353399,30_1798
N#Cc1cccnc1-c1cccc(-c2cccc(C(=O)c3ccc4c(C=Cc5ccccc5)[nH]nc4c3)c2)c1,-8.3,3.3477795825765404,30_1799
O=c1[nH]c(=O)n(Cc2cccc(Br)c2)cc1-c1cccc(-c2cccc3ccccc23)c1,-8.5,3.4276680799003953,30_1800
O=C(Nc1cccc(-c2cc(-c3ccc4c(c3)OCO4)c3ccccc3n2)c1)c1ccccc1Cl,-8.8,3.378215664213008,30_1801
O=C(Nc1cccc(Oc2ccccc2)c1)Nc1cccc(-c2cccc(-c3cccc(C(F)(F)F)c3)n2)c1,-9.7,3.214127491674957,30_1802
O=C(Nc1cccc(-c2cccc(-c3nc4ccccc4[nH]3)c2)c1)c1cccc(F)c1,-8.45,3.4293586076098226,30_1803
O=C(Nc1cccc(-c2cccc(-c3nc4cc(C(F)(F)F)ccc4[nH]3)c2)c1)Nc1cccc(F)c1F,-7.7,3.1492415665908573,30_1804
O=C(Nc1cccc(-c2nc3cc(-c4ccccc4Cc4ccccc4)ccc3o2)c1)c1cccc(-c2ccc3c(c2)OCO3)c1,-8.0,3.159076923984485,30_1805
O=S(=O)(Nc1c2ccccc2nc2ccccc12)c1ccc2ccccc2c1,-7.7,3.502392234281256,30_1806
O=C(NCc1cccc(-c2cccc(-c3ccccc3)c2)c1)c1cccc(-c2ccc3ccccc3c2)c1,-7.2,2.9568401771724773,30_1807
O=C(Nc1nc(-c2ccccc2)cc2ccccc12)c1cccc(-c2cccc(-c3cccc(-c4ccccc4OC(F)(F)F)c3)c2)c1,-9.0,2.9916002729308353,30_1808
O=C(Nc1cccc(-c2cccc(-c3cc4ccccc4c(=O)[nH]3)c2Cl)c1)c1ccccc1Cl,-9.7,3.3766829615866985,30_1809
O=C(CNC1CCOCC1)Nc1nc(-c2ccc(F)cc2)cc(-c2cccc(-c3ccc4c(c3)OCO4)c2)c1Br,-8.5,3.3622782837687755,30_1810
O=c1cc(Nc2cccc(-c3cccc(C4=NCCN4)c3)c2)c2ccccc2n1-c1ccccc1,-8.1,3.453699015329416,30_1811
Cc1cccc(Cc2cc([C@@H]3O[C@H](CO)[C@@H](O)[C@H](O)[C@H]3O)c3c(c2Cl)CC(C)O3)c1,-7.1,3.454940266564888,30_1812
O=C(c1cccc(-c2cccc(C(=O)N3CCOCC3)c2)c1)c1cc2cc(-c3cccc(F)c3)ccc2o1,-9.4,3.3494290002115052,30_1813
C#CCN(C)c1nc2ccccc2nc1C(=O)Nc1ccccc1C(=O)Nc1cccc(C(F)(F)F)c1,-8.2,3.5401214193248487,30_1814
Cc1ccc(Nc2cc(-c3cccc(-c4cccc(C(F)(F)F)c4)c3)ccn2)cc1,-8.3,3.4796899984039196,30_1815
O=C(c1cccc(-c2cccc(-c3cccc(F)c3)c2)c1)N1CCNCC1,-8.25,3.613391725708435,30_1816
O=C(Nc1cccc(-c2cccc(-c3nc4ccccc4[nH]3)c2)c1)c1cccc(Oc2ccccc2)c1,-7.9,3.33583727827361,30_1817
O=C1CC=CC=C(Cl)CC(c2cc[nH]ccc(-c3cccc(C(F)F)c3)cn2)CC=CC=N1,-8.5,1.3978617380003415,30_1818
O=C(Nc1cccc(-c2cccc(-c3nccs3)c2)c1)c1cc2ccccc2cc1O,-8.7,3.490555272911561,30_1819
Cn1c2ccccc2c2cc(NC(=O)n3c4ccccc4c4ccccc43)ccc21,-8.5,3.3208868771961217,30_1820
CNC(=O)c1ccccc1NS(=O)(=O)c1ccc(F)c(C(=O)Nc2cccc(C)c2)c1,-7.5,3.617606297592501,30_1821
N#Cc1cccnc1-c1cccc(-c2cccc(-c3cccc(-c4cccc(C(=O)Nc5cccc6ccccc56)c4)c3)c2)c1,-8.8,3.1512754180324762,30_1822
Cc1cccc(NC(=O)CN2C(=O)c3ccccc3S2(=O)=O)c1C,-6.4,3.7554561096452286,30_1823
O=C(c1ccc2c(-c3cccc(-c4ccccc4F)c3)cccc2c1)N1CCNCC1,-8.933333333333334,3.513567367705725,30_1824
Cc1ccccc1-c1cc(-c2cccc(-c3cccc4c(=O)cc(-c5ccccc5)oc34)c2)cc(C)c1O,-8.4,3.262077110214646,30_1825
O=C1c2ccccc2C(=O)c2c1ccc1[nH]c(-c3ccccc3CO)nc21,-7.2,3.6344035398822703,30_1826
O=c1[nH]c2cc(-c3csc(-c4ccc5c(c4)OCCO5)n3)ccc2c(=O)n1-c1cccc(-c2cccc3ccccc23)c1,-9.2,3.3242908917521286,30_1827
CC(=O)c1cccc(NC(=O)c2cccc(-c3cccc(-c4cccc(F)c4)c3)c2)c1,-7.7,3.36824385404499,30_1828
CC(C)(C)c1ccc2c(c1)-c1ccccc1C2c1ccccc1C(=O)N1Cc2ccccc2CC1C(=O)NC(Cc1ccccc1)C(=O)O,-6.8,3.0964687949052214,30_1829
C#CCNC(=O)C(C)N(C(=O)c1ccc2c(c1)OCCO2)c1ccccc1C=O,-6.5,3.6774547565146456,30_1830
O=C(c1cc(-c2cccc(F)c2)on1)N1CC[C](c2ccccc2Cc2ccccc2)C[C@H]1Cc1ccccc1,-8.7,3.267576225782638,30_1831
O=C(Nc1cccc(-c2cccc(F)c2F)c1)c1cccc(-c2cccc3c(=O)cc(N4CCOCC4)oc23)c1,-8.7,3.4389736134322826,30_1832
CCN(c1cccc(C)c1)c1nc(-c2cc3ccccc3o2)cc(-c2ccccc2)c1C#N,-8.4,3.4074564461694647,30_1833
O=C(Nc1cccc(-c2cccc(-c3nc4cc(C(F)(F)F)ccc4[nH]3)c2)c1)c1ccccc1-c1ccccc1,-8.025,3.1412476074542717,30_1834
O=C(Nc1cc(-c2ccccc2)nc(-c2ccc3c(ccc4ccccc43)c2)c1)c1ccccc1,-9.1,3.2483504618787724,30_1835
NC(=O)c1nc2ccccc2nc1N=C1C=C(CC(=O)c2cc3ccc(-c4cccc(C(F)(F)F)c4)cc3cc2S(=O)(=O)c2ccccc2)C(=NCc2ccccc2)C1,-8.8,2.7510275762738376,30_1836
CN1CC=CC1(N)C=CCC=NC(=O)c1cccc(-c2cccc(-c3ccc4c(c3)OCO4)c2)c1,-7.3,3.5118121689796715,30_1837
O=C(c1cccc(-c2cccc(-c3ccc4c(c3)OCCO4)c2Cl)n1)N1CCN(C(=O)c2ccccc2F)CC1,-8.9,3.4274255851207123,30_1838
O=C(O)Cc1ccc(S(=O)(=O)N2CCCCC2)cc1N1C(=O)c2ccccc2C1=O,-6.8,3.5998312425480146,30_1839
O=c1[nH]c(=S)[nH]c(O)c1-c1cc2c(ccc3cccc(-c4ccccc4)c32)cn1,-7.5,3.375300540537737,30_1840
CC(=O)Nc1cccc(-c2cccc(-c3nc4cc(F)ccc4[nH]3)c2)c1,-8.1,3.5930779363013903,30_1841
O=C(c1ccc2cccc(F)c2n1)N1CCN(c2cccc3[nH]ccc23)CC1,-7.8,3.6466398100822084,30_1842
O=C(O)c1cccc(-c2cccc(-c3cccc(-c4ccncc4)c3)c2)c1,-8.5,3.548379908921102,30_1843
Fc1cccc(Nc2cc3[nH]c(-c4cccc5ccccc45)nc3cn2)c1,-8.5,3.5022823012191893,30_1844
O=C(c1cccc2ccccc12)N1c2ccccc2-c2ccccc2C1c1ccccc1,-8.4,3.0069533783325375,30_1845
O=C(Nc1cccc(-c2cccc(C(F)(F)F)c2)c1)c1cccc(-c2ccc3ccccc3c2)c1,-8.5,3.1204900650070133,30_1846
O=C1c2ccccc2C(=O)c2c1cc(NCc1ccccc1)c1nsnc21,-7.6,3.6888303384964383,30_1847
O=C(Nc1cccc(-c2cccc(N3CCCC3)n2)c1)Nc1ccccc1-c1cccc(C(F)(F)F)c1,-9.0,3.4841022792346488,30_1848
O=C(Nc1cccc(-c2nc3ccccc3[nH]2)c1)c1cccc(-c2cccc(-c3ccccc3)c2)c1,-9.6,3.3039417341933515,30_1849
O=CCCC[C@@]1(c2ccccc2)Cc2ccccc2NC(=O)O1,-6.4,2.6712839274594806,30_1850
O=C(O)c1cc(-c2cccc(-c3cccc4c(=O)cc(-c5ccccc5)oc34)c2)ccc1F,-8.8,3.486155285431874,30_1851
N#Cc1cccc(NC(=O)c2cccc(-c3cccc(Nc4nc(-c5ccccc5F)ccc4C(N)=O)c3)c2)c1,-9.3,3.2864553639789396,30_1852
O=C(Nc1nc(-c2ccccc2)nc2c1CN(Cc1cc(F)ccc1F)CC2)c1ccccc1Cl,-9.2,3.625756717413272,30_1853
Brc1ccc2nc(Nc3ccccc3)nc(-c3ccccc3)c2c1,-7.2,3.6186972434655225,30_1854
O=c1cc(Nc2cccc(-c3cccc(-c4ccccc4)c3)c2)c2ccccc2[nH]1,-8.8,3.3598812286517203,30_1855
N#CCC(Cc1ccccc1)n1cc(C(N)=O)c(Nc2cccc(-c3ccccc3)c2)n1,-7.1,3.5900395061783534,30_1856
O=c1[nH]c2cccc(Nc3cccc(-c4cccc(-c5nc6cc(F)ccc6[nH]5)c4F)c3)c2s1,-8.0,3.429060728840591,30_1857
O=C(c1cccc(F)c1)N1CCN2C(=O)c3ccccc3C12c1cccc(Oc2ccccc2)c1,-7.7,3.4722395945600173,30_1858
O=C(Nc1cccc(-c2cccc(-c3nc4cc(F)ccc4[nH]3)c2)c1)c1ccccc1,-8.389999999999999,3.4293586076098226,30_1859
O=C(Nc1cccc(-c2cccc(-c3cccc(-c4ccccc4F)c3)c2)c1)Nc1cccc(Cl)c1Cl,-8.4,3.132600016169298,30_1860
O=c1c2cn3cc(-c4ccccc4)ccc3nc(-c3ccccc3)c-2c(=O)c2ccccc12,-8.1,2.479633972824449,30_1861
C=C(F)C=CC=Cc1nnc(SCC(=O)Nc2ccc3c(c2)oc2ccccc23)n1C1=CC=CC1,-6.8,3.4431298067622564,30_1862
O=S(=O)(NCCc1cccc(Nc2ccc3ccccc3c2)c1)c1cccc2ccccc12,-7.4,3.4031554013775906,30_1863
O=C(Nc1cccc(-c2cccc(-c3cccc(Cl)c3)c2)c1)c1cccc(C(F)(F)F)c1,-8.25,3.2733973874543887,30_1864
Cc1cccc(C(=O)Oc2cccc(-c3cccc(-c4cccc5ccccc45)c3)c2)c1,-9.2,3.0465995779212403,30_1865
O=C(c1cccc(S(=O)(=O)N2CCN(c3ccccc3F)CC2)c1)N1CCN2CCC[C@H]2C1,-8.2,3.4971361724418903,30_1866
O=C(c1cccc(-c2cccc(C(=O)N3CCN(c4ccc5ccc(=O)[nH]c5c4)CC3)c2)c1)N1CCOCC1,-9.2,3.547780280930824,30_1867
O=c1cc(-c2cccc(-c3cccc(-c4ccccc4)c3)c2)oc2ccccc12,-9.2,3.2876365313583134,30_1868
Fc1ccc(-c2cccc(-c3cc(-c4ccccc4)cc(C4C=CC=CO4)n3)c2)cc1,-9.5,3.2514129854622937,30_1869
O=CN1c2ccc(-c3cccc(-c4cccc(-c5cccc(C(F)(F)F)c5)c4)c3)cc2-c2ccccc2N1Cc1ccccc1,-8.2,2.951659519326078,30_1870
Cc1ccc(S(=O)(=O)Nc2cccc(-c3cccc(-c4ccc5c(c4)OCCO5)c3C)c2)cc1,-8.6,3.6133695715792364,30_1871
Nc1nccc(-c2cc3cc(Cl)ccc3n2C2c3ccccc3-c3ccccc32)n1,-8.3,3.502665925564574,30_1872
O=C(c1ccncc1)N1C[C@@H]2CC[C@H](C1)N(C(=O)c1ccccc1)C2,-6.8,2.4967848763489946,30_1873
O=C(Nc1cccc(Nc2ccc3c(c2)CCc2ccccc2C3=O)c1)c1ccccc1,-8.6,2.5741289372856313,30_1874
O=C(Nc1ccc(Oc2ccnc3[nH]ccc23)c(F)c1)c1cccc(-c2cccc(-c3ccc4c(c3)OCO4)c2)c1,-8.6,3.253256270886826,30_1875
O=C(O)c1cccc(-c2ccccc2-c2cccc(-c3ccccc3F)c2)c1,-7.5,3.4063726347741796,30_1876
O=c1cc(-c2cccs2)oc2c(-c3cccc(-c4cccc(-n5nc(-c6ccccc6)ccc5=O)c4)c3)cccc12,-9.8,3.2719552085122974,30_1877
O=C(Nc1ccc2c(c1)OCO2)C(c1ccccc1)n1c(=O)c(-c2cccc3ccccc23)nc2ccccc21,-8.3,3.4306940258715093,30_1878
Cc1ccc(NC(=O)c2ccccc2NC(=O)c2cccc3ccccc23)c(Br)c1,-8.0,3.5159018202080103,30_1879
O=C(Nc1cn(-c2cccc([N+](=O)[O-])c2)nc1-c1cccc(Cl)c1Cl)c1ccccc1Cl,-8.3,3.5158726734654824,30_1880
O=C(c1ccc2c(-c3cccc(-c4ccccc4F)c3)cccc2c1)N1CCN2CCC[C@H]2C1,-9.5,3.2866190735524334,30_1881
Oc1ccccc1-c1nc(N2CCOCC2)c2ccccc2n1,-7.3,3.7473580690412276,30_1882
O=C(c1cccc(-c2cccc(C(=O)N3CCN(c4cccc([N+](=O)[O-])c4)CC3)c2)c1)N1CCOCC1,-8.55,3.4681210115165166,30_1883
O=C(Nc1ccccc1-c1cccc(C2CC2)c1)c1ccccc1O,-7.0,3.613788667678141,30_1884
O=C1NCCc2[nH]c(-c3ccnc(-c4ccccc4F)c3)cc21,-8.1,3.6375902140666696,30_1886
O=C(Nc1ccc(-c2ccc3ccccc3c2)cc1)Nc1ccccc1F,-7.8,3.400308162514307,30_1887
O=C(Nc1cccc(-c2cccc(C(F)(F)F)c2)c1)c1cccc(-c2cccc(-c3ccc4c(c3)OCO4)c2)c1,-8.825,3.27643453002898,30_1888
O=C(c1cccc(-c2cc3ccccc3o2)c1)N1CC2CNCC2C1,-7.7,3.6108129403923686,30_1889
Cc1cccc(-c2nc3ccccc3c(=O)n2Nc2nc3ccccc3nc2-c2ccccc2F)c1,-8.3,3.4251836898760546,30_1890
O=C1NCCc2cc(-c3cc(-c4ccc5c(c4)OCCO5)c[nH]c3=O)ccc21,-8.2,3.6125136895500773,30_1891
O=C(c1cccc(-c2cccc(-c3cccc(Cl)c3)c2)c1)N1CCN(c2cccc(C(F)(F)F)c2)CC1,-8.1,3.353285922148258,30_1892
O=C(O)CCCCCC[C@@H]1[C@@H](CC(Cc2cccc(C(F)(F)F)c2)c2ccccc2)[C@H](O)C[C@@H]1O,-6.6,3.364357156784408,30_1893
O=C(Nc1cccc(-c2cccc(C(=O)N3CCOCC3)c2)c1)Nc1cccc(F)c1F,-9.5,3.7197424887836634,30_1894
O=C(O)CCN1C(=O)/C(=C/c2cccc(Oc3cccc(F)c3)c2)SC1=S,-5.9,3.658781402782804,30_1895
O=C(c1cnc2c(ccc3ccccc32)c1)N1CCN(c2ccc(F)cc2)CC1,-7.6,3.525175793052864,30_1896
O=C(NCCc1c[nH]nc1-c1cc2ccccc2cn1)c1cccc2ccccc12,-7.6,3.5248586595432614,30_1897
N#Cc1cccnc1-c1cccc(-c2cccc(-c3cccc(C(=O)Nc4ccc5c(c4)OCO5)c3)c2)c1,-8.6,3.342366466035143,30_1898
O=Cc1ccccc1-c1cc(-c2ccc3c(c2)OCCO3)cc(-c2ccc3c(c2)OCO3)c1,-9.3,3.4139423639013824,30_1899
O=C(Nc1cccc(-c2cccc(C(=O)N3CCNCC3)c2)c1)c1cc(F)cc(C(F)(F)F)c1,-8.1,3.6415763656291658,30_1900
O=C(Nc1nc2ccc(F)cc2s1)c1cccc(-c2cccc(-c3nc4cc(C(F)(F)F)ccc4[nH]3)c2)c1,-7.7,3.252152059662699,30_1901
O=C(c1cccc(-c2cccc(-c3nc4ccccc4[nH]3)c2)c1)N1CCN(c2ccc(F)cc2)CC1,-9.3,3.4648144352837686,30_1902
O=C1Cc2c(-c3ccccc3)cc(-c3cccc(-c4ccc(Cl)c(C(=O)O)c4)c3)nc2-c2ccccc2N1,-9.6,2.2876593373996443,30_1903
O=C(c1cccc(-c2cccc(C3=NCCN3)c2)c1)N1CCN(C(=O)c2cccc(-c3cc4ccccc4o3)c2)CC1,-8.6,3.342794185402429,30_1904
O=C(Nc1cccc(-c2cccc(-c3nc4ccccc4[nH]3)c2)c1)Nc1cccc(-c2cccc(F)c2F)c1,-10.0,3.218592063451191,30_1905
O=C1NC(=O)C(O)(c2cccc(-c3cccc(-c4ccc5c(c4)OCCO5)c3F)c2)C(=O)N1,-8.8,3.4660966882071342,30_1906
O=C(N[C@@H]1CN(Cc2cccc(F)c2F)C[C@H]1CO)c1ccccc1,-6.7,3.7423768636441173,30_1907
O=C(c1cccc(-c2cccc(-c3cccc4ccccc34)c2)c1)N1CCN(C(=O)C2CCC2)CC1,-9.0,3.3142046563793666,30_1908
Oc1[nH]c2ccccc2c1C1c2ccccc2-c2ccccc21,-6.8,3.3267986340409514,30_1909
CC(=O)NC(Cc1ccc(-c2ccccc2)cc1)C(=O)NC(Cc1ccccc1)C(=O)N[C@@H](CCCN=C(N)N)NC(=O)CNC(=O)C(N)Cc1ccccc1,-7.3,2.4108007005633985,30_1910
N#Cc1ccccc1-c1cccc(-c2cccc(-c3cccc(C(=O)O)c3)c2)c1,-8.0,3.512737135244568,30_1911
Cc1ccc(C(=O)Nc2cc(-c3cccc(-c4nc5ccccc5[nH]4)c3)ccc2F)cc1,-8.3,3.3313937058417826,30_1912
Cn1c(-c2cccc(-c3cccc(-c4cccc(C(=O)Nc5ccccc5C(=O)O)c4)c3)c2)nc2ccccc21,-9.0,3.254993020546757,30_1913
O=C(Nc1cccc(-c2cccc(-c3cccc(F)c3)c2)c1)c1cccc(C(F)(F)F)c1,-8.65,3.2672233782541786,30_1914
N#Cc1cccnc1-c1cccc(-c2cccc(-c3cccc(C(=O)N4CCNCC4)c3)c2)c1,-8.9,3.6433678319260787,30_1915
CN1CCN(C(=O)c2cccc(N=C3NC4CS(=O)(=O)CC4S3)c2)CC1,-7.3,3.370374485330827,30_1916
O=C(CN1CCN(c2cccc3c2cnn3-c2ccccc2F)C1=O)Nc1cccc(-c2cccc3ccccc23)c1,-8.5,3.3918578133189463,30_1917
O=C(c1ccc2c(-c3cccc(-c4ccc5c(c4)OCCO5)c3Cl)cccc2c1)N1CCOCC1,-8.1,3.4592374116869706,30_1918
O=C(Nc1cccc(-c2cccc(-c3cccc(C(F)(F)F)c3)c2)c1)c1ccccc1F,-8.65,3.2672233782541786,30_1919
O=C(Nc1cccc(-c2cccc(C(=O)N3CCOCC3)c2)c1)c1cccc(-c2ccccc2F)c1,-8.9,3.5714240444231855,30_1920
COc1cccc(C(c2nc3ccccc3c(=O)n2-c2ccccc2OC)N2CCCCC2)c1,-7.2,3.586603007095501,30_1921
O=C(NCc1cccc(-c2cccc(-c3ccc4c(c3)OCO4)c2)c1)c1cccc(-c2ccccc2F)c1,-9.1,3.3404528944417806,30_1922
Nc1ccccc1NC(=O)c1cccc(-c2ccnc(Nc3cccc(-c4ccccc4)c3)n2)c1,-8.0,3.3314936617159376,30_1923
O=C(Nc1cc(=O)c2cccc(Cl)c2o1)c1cccc(-c2cccc(-c3ccc4c(c3)OCO4)c2)c1,-9.2,3.398535768149489,30_1924
O=C(c1ccn(-c2cccc(F)c2)n1)N(Cc1cccc(-c2ccccc2OC(F)(F)F)c1)Cc1ccccc1F,-7.6,3.259316830342819,30_1925
O=c1c2ccccc2n2c(=O)c3ccccc3nc2n1CCCCN1CCN(c2cc(C(F)(F)F)ccc2-c2nn[nH]n2)CC1,-8.3,3.054573922634022,30_1926
O=C(Nc1cccc(-c2cccc(-c3n[nH]c(=S)[nH]3)c2)c1)c1ccccc1,-7.8,3.5358219888665805,30_1927
Oc1cccc(-c2cc(-c3cccc(Cl)c3)c3c(n2)-c2ccccc2OC3)c1,-8.4,3.529298746446414,30_1928
O=C(c1cccc(-c2cccc(-c3cccc(-c4cccc(O)c4)c3)c2)c1)N1CCNCC1,-9.4,3.559608518368302,30_1929
O=C(NC1CC1)c1cccc(-c2cccc(-c3cccc(-c4cccc(O)c4)c3)c2)c1,-9.1,3.433404963293608,30_1930
N#Cc1cccc(Cn2cc(-c3cccc(-c4ccc5c(c4)OCO5)c3)nn2)c1,-8.0,3.6398041344514813,30_1931
O=C(Nc1cccc(C(F)(F)F)c1)c1cccc(-c2cccc(-c3cccc(C(=O)N4CCOCC4)c3)c2)c1,-7.9,3.537920848713541,30_1932
CN(Cc1ccccc1)C(=NO)c1cccc(-c2cccc(C(F)(F)F)c2)c1,-7.9,3.3549765185962235,30_1933
Cn1c(-c2cccc(-c3cccc(NC(=O)c4cccc(Cl)c4)c3)c2)nc2ccccc21,-8.5,3.388603848809412,30_1934
O=C(Nc1cccc(-c2cccc(C(F)(F)F)c2)c1)c1cccc(-c2cccc(-c3ccc4c(c3)OCO4)c2)c1,-8.825,3.27643453002898,30_1935
O=C(Nc1cccc(-c2cccc(-c3cccc(F)c3)c2)c1)c1cccc(Br)c1,-8.0,3.3971275900542537,30_1936
O=C(N[C@@H]1CN(C(=O)c2ccccc2F)C[C@@H]1O)c1ccc2ccccc2c1,-7.6,3.697750581731931,30_1937
N#Cc1cccnc1-c1cccc(-c2cccc(-c3cccc(-c4cccc(C(=O)Nc5cc(-c6ccccc6)ccc5C(=O)c5ccccc5)c4)c3)c2)c1,-7.8,2.914723600919063,30_1938
Cn1c(-c2cccc(-c3cccc(-c4cccc(C(=O)N5CCCC5)c4)c3)c2)nc2ccccc21,-9.1,3.356037870986026,30_1939
Cc1cc(=O)c2ccccc2n1Cc1ccc(-c2ccccc2-c2nn[nH]n2)cc1,-8.5,3.6077309560923263,30_1940
O=C(Nc1cccc(C(F)(F)F)c1)c1ccccc1Oc1cc2ccccc2cc1C(=O)Nc1cccc(-c2nc3ccccc3[nH]2)c1,-9.3,2.9824318906159935,30_1941
Cc1cc(-c2cncc(-c3cccc(-c4ccccc4OC(F)(F)F)c3)c2)ccn1,-7.7,3.526678659160548,30_1942
O=C(c1cccc(C(F)(F)F)c1Cl)N1CCn2c(nc(-c3ccccc3)cc2=O)C1c1cccc(Cl)c1,-8.8,3.5221391388857213,30_1943
O=C(Nc1cccc(-c2cccc(-c3cccc(C(F)(F)F)c3)c2)c1)c1ccccc1,-8.55,3.3040276133142337,30_1944
O=C(Nc1ccc(-c2cc[nH]n2)cc1)Nc1cccc(-c2cccc(-c3ccc4c(c3)OCO4)c2)c1,-8.8,3.292665089107051,30_1945
O=C(Nc1cccc(-c2ccccc2F)c1)Nc1cccc(-c2cccc(-c3cc4ccccc4[nH]3)c2O)c1,-9.8,3.098542210961126,30_1946
O=C(Nc1cccc(-c2cccc(C(F)(F)F)c2)c1)c1cccc(-c2cccc(-c3ccc4c(c3)OCO4)c2)c1,-8.825,3.27643453002898,30_1947
O=C(c1ccccc1)N1CCN(c2cccc(C=C3N=c4ccc(F)cc4=C3c3ccccc3F)c2)CC1,-9.6,3.4168703110062473,30_1948
O=C(CN1CCC(CN2C(=O)c3cccc4cccc(c34)C2=O)CC1)Nc1cccc(F)c1F,-6.4,3.627815191695807,30_1949
O=C(C=Cc1ccccc1-c1ccccc1C(=O)O)N=C1c2ccccc2-c2ccccc21,-8.7,3.501773677670043,30_1950
O=c1c(-c2cccc(Oc3ccccc3)c2)c(-c2cccc(F)c2)oc2cc(O)ccc12,-8.2,3.5317019182511955,30_1951
O=C(Nc1cccc(-c2ccc3ccccc3c2)c1)c1cccc(-c2ccc3c(c2)OCO3)c1,-8.5,3.301790684873893,30_1952
O=C(Oc1cc(O)c2c(c1)O[C@@H](c1cccc(C(F)(F)F)c1)C2)c1ccccc1Oc1ccccc1,-7.9,3.4652304141546946,30_1953
O=C(Nc1cccc(C(F)(F)F)c1)c1cccc(-c2cccc(C(=O)NC3CC3)c2)c1,-7.6,3.638819175150062,30_1954
O=C(Nc1cccc(-c2cccc(-c3nccs3)c2)c1)c1cc2ccccc2o1,-8.1,3.5513528836842827,30_1955
O=C(Nc1cccc(Nc2nccc(-c3ccccc3)n2)c1)c1ccccc1Cl,-7.1,3.6586126076170626,30_1956
O=C(Cn1cc(-c2cccc(NC(=O)c3cccc(F)c3)c2)nn1)Nc1cccc(-c2ccc3ccccc3c2)c1,-7.9,3.2861486735245427,30_1957
Cn1c(-c2cccc(-c3cccc(-c4ccc(NC(=O)Nc5cccnc5)cc4)c3)c2)nc2ccccc21,-8.8,3.3029797789335613,30_1958
O=C(CN1C(=O)NC2(CCCC2)C1=O)Nc1ccc(N2CCOCC2)cc1,-7.1,3.360452967255452,30_1959
O=C(Nc1cccc(-c2ccccc2F)c1)c1cccc(-c2cccc(-c3nc4cc(F)ccc4[nH]3)c2)c1,-9.4,3.2933415530638275,30_1960
O=C(Nc1cncc(-c2cccc(-c3cccc4ccccc34)c2)c1)c1cccc(C(F)(F)F)c1,-9.4,3.286304295854214,30_1961
Oc1ccc(-c2cccc(-c3cccc(-c4ccc5c(c4)OCO5)c3)c2)cc1,-8.6,3.520221514770487,30_1962
O=C(c1ccccc1F)N1CCN(c2nc(=O)c3ccccc3s2)CC1,-7.6,3.701854652257308,30_1963
O=C(c1cccc(-c2cccc(-c3ccc4c(c3)OCO4)c2)c1)N1CCN(c2ncccn2)CC1,-8.5,3.5386412293217644,30_1964
O=C(Cc1ccccc1)Nc1cccc(-c2cccc(-c3cccc(-c4ccccc4OC(F)(F)F)c3)c2)c1,-7.7,3.2238043585828096,30_1965
O=C(Nc1cccc(-c2cccc(-c3cccc(-c4ccccc4F)c3)c2)c1)c1cccc(-c2cccs2)c1,-9.0,3.147357425781831,30_1966
O=C(Nc1cccc(C(F)(F)F)c1)c1cccc(-c2cccc(-c3cccc(C4=NCCN4)c3)c2)c1,-8.7,3.5153464815922666,30_1967
O=C(Nc1cccc(-c2cccc(-c3ccccc3)c2)c1)c1cccc(-c2cccc(-c3nn[nH]n3)c2)c1,-9.1,3.409440690452807,30_1968
O=C1/C(=C/c2cccc(C(F)(F)F)c2)c2ccccc2N1c1ccccc1-c1nc2ccccc2[nH]1,-8.5,3.2381602504769784,30_1969
O=C(Nc1ccc2c(c1)c1ccccc1n2Cc1cccc(F)c1)c1ccc2c(c1)N(Cc1cccc(Cl)c1)C(=O)c1ccccc1S2(=O)=O,-7.2,2.2254362831260064,30_1970
O=C(Nc1cccc(-c2cccc(-c3cccc(O)c3)c2)c1)c1cccc(C(F)(F)F)c1,-8.3,3.4122260811255574,30_1971
O=C1C=C(N2CCOCC2)/C(=C/c2cccc([N+](=O)[O-])c2)C(=O)N1Cc1ccccc1F,-8.2,3.335483655275211,30_1972
O=C(O)c1cc(-c2cccc(-c3cccc(-c4nc5cc(F)ccc5[nH]4)c3)c2)ccc1F,-8.8,3.44128093184149,30_1973
O=C(c1cccc(-c2ccc(F)c(F)c2)c1)n1cc(O)c(Nc2ccccc2S)n1,-7.6,3.54404482140729,30_1974
O=C(Cn1ncn2c(cc3ccccc32)c1=O)N1CCN(c2ccccc2)CC1,-7.5,3.6529918043105516,30_1975
O=C(NCc1cccc(F)c1)Nc1cccc(-c2cccc(-c3nc4cc(C(F)(F)F)ccc4[nH]3)c2)c1,-7.9,3.2500421875716787,30_1976
O=C(c1cccc(-c2ccc(F)cc2)c1)c1cccc(-c2cccc(-c3ccc4c(c3)OCCO4)c2Cl)n1,-8.7,3.2905769724009564,30_1977
O=C(CNc1cccc(-c2cccc(-c3ccc4c(c3)OCCO4)c2O)c1)Nc1cccc(-c2cc3ccccc3[nH]2)c1,-8.3,3.1080109069918076,30_1978
COc1ccc(/C=C(/C(=O)c2ccccc2OCc2ccccc2F)c2cccc(F)c2)cc1OC,-7.2,3.2483754211849885,30_1979
O=C(c1cc(F)c(F)cc1F)N1CCN(Cc2ccccc2F)CC1,-7.1,3.513300261856627,30_1980
O=C(O)c1ccc(-c2cccc(-c3cccc(C(=O)NCc4cccc(F)c4)c3)c2)nc1,-8.0,3.525921156058905,30_1981
O=C(c1cccc(-c2cccc(-c3nc4cc(F)ccc4[nH]3)c2)c1)N1CCNCC1,-8.483333333333333,3.6450984636569372,30_1982
O=CC=CN1c2cc(-c3cccc(-c4cccc(C(=O)N5CCOCC5)c4)c3)ccc2C1c1ccc(Cl)cc1,-8.6,3.2596114658149817,30_1983
N[CH]C1C2N(C(=O)N2c2cccc(Cl)c2F)c2ccc(-c3ccccc3F)cc2[C@@H]1N1Cc2c[nH]nc2C1,-8.1,3.362956594273558,30_1984
O=C(Nc1cccc(-c2cccc(-c3ccccc3F)c2)c1)c1ccccc1Cl,-8.649999999999999,3.406338145004554,30_1985
O=C(Nc1cccc(-c2ccnc(-c3cccc(C4=NCCN4)c3)c2)c1)Nc1cccc(-c2ccccc2Cl)c1,-9.5,3.255726384205925,30_1986
Cn1c(-c2cccc(-c3cccc(-c4cccc(NC(=O)Nc5ccccn5)c4)c3)c2)nc2ccccc21,-9.0,3.3029797789335613,30_1987
COc1ccc(-n2nc(-c3ccccc3)c3cc(-c4ccccc4)nn3c2=O)c(F)c1,-9.1,3.544441388539436,30_1988
Cc1ccc(-c2nn(-c3ccccc3C(F)(F)F)c(=O)n2-c2cccc(Cl)c2)cc1C,-8.6,3.5818501571970938,30_1989
O=C(c1cccc(-c2cccc(-c3cccc(-c4cccc(F)c4)c3)c2)c1)N1CCNCC1,-9.2,3.508189933556279,30_1990
Cc1cccc(C(=O)Nc2cc(-c3ccccc3)ns2)c1,-6.3,3.6938770707330932,30_1991
O=C(Oc1cccc(-c2cccc(-c3nc4cc(F)ccc4[nH]3)c2)c1)c1cccc(Cl)c1,-8.7,3.394184290113678,30_1992
O=C(Nc1cccc(-c2cccc(-c3nc4cc(F)ccc4[nH]3)c2)c1)c1ccccc1Cl,-8.35,3.4176756792897534,30_1993
O=C(c1ccccc1)c1ccc(-c2cccc(-c3cccc(C(=O)C4CC4)c3)c2)nc1,-7.6,3.406674635433295,30_1994
O=C(N[C@@H]1COc2ccccc2C1)c1cccc(-c2cccc(-c3ccc4c(c3)OCO4)c2)c1,-8.1,3.5443864822094477,30_1995
O=C(Nc1nc2ccccc2n1-c1ccccc1)c1cccc(-c2cccc(-c3cccc4c(=O)cc(-c5ccccc5)oc34)c2)c1,-9.1,3.1868281776870835,30_1996
O=C(c1cccc(-c2cccc(-c3ccc4c(c3)OCCO4)c2Cl)c1)N1CCNCC1,-8.6,3.649925043798632,30_1997
O=C(c1cccc(-c2nc(-c3ccccc3)c[nH]2)c1)N1CCN(S(=O)(=O)c2ccccc2[N+](=O)[O-])CC1,-8.4,3.4615839097462473,30_1998
O=C1c2cccc3cccc(c23)C(=O)N1c1ccc2ccccc2c1,-7.7,3.429148736891178,30_1999
