smiles,docking,drug_likeliness,names
O=C(c1cccc(-c2cccc(-c3nc4cc(F)ccc4[nH]3)c2)c1)N1CCNCC1,-8.5375,3.6450984636569372,34_0
O=C(Nc1ccccc1C(=O)N1CCOCC1)c1cccc(-c2cccc(-c3ccc4c(c3)OCO4)c2)c1,-8.533333333333333,3.5165313751660845,34_1
O=C(Cc1cccc(NC(=O)c2cccc(-c3cccc(F)c3F)c2)c1)Nc1cccc(C(=O)N2CCOCC2)c1,-7.4,3.5095297848116447,34_2
O=C(c1cccc(-c2cccc(-c3nc4cc(F)ccc4[nH]3)c2)c1)N1CCNCC1,-8.5375,3.6450984636569372,34_3
O=C(Nc1cccc(-c2cccc(-c3ccccc3)c2)c1)c1cc(-c2ccc3c(c2)OCO3)nc2ccccc12,-7.9,3.2405060832030785,34_4
N=C(Nc1cccc(-c2cccc(-c3nc4ccccc4[nH]3)c2)c1)c1ccccc1,-8.4,3.2478747026327266,34_5
O=C(c1cccc(-c2cccc(C(=O)N3CCN(c4cccc(C(F)(F)F)c4)CC3)c2)c1)N1CCOCC1,-8.577777777777776,3.5675074243249583,34_6
O=C(c1cccc(-c2cccc(C(F)(F)F)c2)c1)N1CCCN(C(=O)c2ccccc2-c2ccccc2)CC1,-8.0,2.4201323807045223,34_7
O=C(Nc1cccc(-c2cccc(-c3cccc(-c4ccccc4F)c3)c2)c1)c1ccccc1,-9.233333333333333,3.188129789925851,34_8
O=C(c1cccc(-c2cccc(-c3cccc(-c4nccs4)c3)c2)c1)N1CCNCC1,-8.65,3.649349991691783,34_9
O=C(Nc1ccccc1-c1cc2ccccc2[nH]1)c1cccc(-c2cccc(-c3ccccc3)c2)c1,-7.9,3.1413154984349827,34_10
O=C(Nc1cccc(-c2cc3ccccc3[nH]2)c1)c1cccc(-c2cccc3c(=O)cc(N4CCOCC4)oc23)c1,-8.8,3.373739675233384,34_11
Cc1ccc(C)c(NC(=O)c2cccc(-c3cccc(-c4nc5ccccc5[nH]4)c3)c2)c1,-8.3,3.3904078544808773,34_12
O=C(Nc1cccc(-c2cccc(-c3ccccc3)c2)c1)c1cccc(-c2ccc3c(c2)OCO3)c1,-8.2,3.252289900448113,34_13
O=C1CCN(c2nc3ccccc3o2)CCNc2c(cccc2C(F)(F)F)N2c3cc4ccccc4cc3-c3ccccc3C12,-8.8,0.7738688792073809,34_14
Oc1ccc(-c2cccc(-c3ccc4c(ccc5ccccc54)c3)c2)cc1,-7.7,3.091509151953407,34_15
O=C(Nc1cccc(-c2cccc(-c3cccc(C(F)(F)F)c3)c2)c1)c1ccccn1,-7.9,3.550282593764096,34_16
O=C(Nc1cccc(-c2cccc(-c3cccc(F)c3)c2)c1)c1cccc(C(F)(F)F)c1,-8.34,3.2672233782541786,34_17
O=C(c1ccccc1-c1cc2ccccc2[nH]1)N1CCC(c2nc(-c3ccc4c(c3)OCO4)no2)CC1,-8.3,3.4233478985808667,34_18
Cc1cccc(Nc2nc3ccccc3nc2Cc2ccccc2)c1,-7.9,3.6111165540066343,34_19
O=C(Nc1cccc(-c2cccc(-c3nc4ccccc4[nH]3)c2)c1)c1cccc(C(F)(F)F)c1,-8.440000000000001,3.31558797004833,34_20
N#Cc1cccnc1-c1cccc(-c2cccc(NC(=O)c3cccc(-c4cccc5ccccc45)c3)c2)c1,-8.4,3.296809126690155,34_21
O=C(c1cccc(-c2cccc(-c3cccc4ccccc34)c2)c1)N1CCN(Cc2cccc(C(F)(F)F)c2)CC1,-8.8,3.1410711494905774,34_22
O=C(Nc1cccc(-c2cccc(C(=O)N3CCOCC3)c2)c1)c1cccc(-c2ccc3ccccc3c2)c1,-8.559999999999999,3.392862095706997,34_23
O=C(Nc1cccc(-c2cccc(-c3ccccc3F)c2)c1)c1cccc(F)c1,-8.4,3.4260207376456817,34_24
O=C(Nc1cccc(-c2cccc(Cl)c2)c1)Nc1cccc(-c2cccc(-c3nc4cc(F)ccc4[nH]3)c2)c1,-8.9,3.1669153143306814,34_25
O=C(Nc1cn(-c2cccc(C(F)(F)F)c2)nc1-c1cc(Cl)ccc1OC(F)F)c1cnn2cccnc12,-9.3,3.3344222392959644,34_26
O=C(Nc1cccc(-c2cccc(-c3cccc(C(F)(F)F)c3)c2)c1)c1ccccc1,-8.261538461538462,3.3040276133142337,34_27
O=C(c1cccc(-c2cccc(-c3cccc(-c4nccs4)c3)c2)c1)N1CCNCC1,-8.65,3.649349991691783,34_28
O=C(Nc1cccc(-c2cccc(-c3cccc(-c4ccccc4F)c3)c2)c1)c1ccccc1,-9.233333333333333,3.188129789925851,34_29
O=C(c1cccc(-c2cccc(-c3cccc(-c4nc5ccccc5[nH]4)c3)c2)c1)N1CCNCC1,-9.325,3.440998249723921,34_30
O=C(Nc1cccc(N2CCCCC2)c1)c1cccc(-c2cccc(-c3cccc(-c4ccccc4F)c3)c2)c1,-8.6,3.137652344470962,34_31
O=C(Nc1cccc(-c2cccc3ccccc23)c1)c1cccc(-c2cccc(-c3ccc4ccccc4c3)c2)c1,-9.7,2.9774994568022266,34_32
O=C(Nc1cccc(-c2cccc(-c3ncccc3CO)c2)c1)c1ccccc1,-7.55,3.59557741606916,34_33
ON=Cc1nc(-c2ccccc2)cc(-c2ccccc2F)c1-c1nc2ccccc2[nH]1,-8.4,3.3538080176946035,34_34
O=C(Nc1cccc(-c2cccc(-c3cccc(-c4ccccc4F)c3)c2)c1)c1ccccc1,-9.233333333333333,3.188129789925851,34_35
O=S(=O)(Cl)Nc1ccnc(-c2cccc(-c3ccc4c(c3)OCO4)c2)c1,-7.4,3.7272936733883837,34_36
O=C(c1cccc(-c2cccc(-c3nc4ccccc4[nH]3)c2)c1)N1CCN(c2ccccc2F)CC1,-8.983333333333334,3.4648144352837686,34_37
O=C(c1ccc2c(-c3cccc(-c4ccccc4F)c3)cccc2c1)N1CCNCC1,-9.0,3.513567367705725,34_38
Cc1cc2ccccc2cc1C=NC(=NC=NC1=CC(C=NC(=O)Cc2ccccc2)=CC1)c1cc2ccccc2[nH]1,-7.1,3.156509463942877,34_39
Cc1cc(C(=O)Nc2cccc(-c3cccc(N4CCCC4)n3)c2)ccc1F,-7.9,3.71080419585464,34_40
O=C(Nc1cccc(-c2ccc3c(c2)OCCO3)c1)c1ccccc1-c1cccc(-c2cccc(-c3cccc(-c4ccccc4F)c3)c2)c1,-7.9,2.995368364207001,34_41
Cc1ccc(CC2=Cc3nnc(-c4cccc(-c5ccccc5)c4)n3-c3ccccc3N2C)cc1,-8.8,2.353981438582463,34_42
CCCc1[nH]nc(-c2cccc(F)c2)c1-c1ccc2ncn(-c3ccccc3OC)c2c1,-7.1,3.5467524253578895,34_43
O=C(c1cc(F)cc(-c2ccccc2C(F)(F)F)c1)c1ccc2c(c1)OCO2,-8.2,3.5359713768038996,34_44
O=C(Nc1cccc(-c2cccc(-c3cccc(-c4nc5ccccc5[nH]4)c3)c2)c1)c1ccccc1,-9.190000000000001,3.3039417341933515,34_45
O=C(Nc1cccc(-c2cccc(-c3nc(=O)o[nH]3)c2)c1)c1ccccc1F,-8.4,3.71749404757022,34_46
COC=C1C=CC(=Cc2cccc[nH]ccc2-c2cccc(-c3cccc(-c4nn[nH]n4)c3)c2)C1,-7.9,1.3166590482275584,34_47
O=C(Nc1cccc(-n2c(=O)ccc3nc4ccccc4nc32)c1)c1ccccc1Cl,-8.6,3.550863675292478,34_48
O=C(Oc1cccc(-c2cccc(-c3ccc4c(c3)OCO4)c2)c1)c1cccc(-c2ccccc2F)c1,-9.4,3.149868733190261,34_49
N#Cc1cccnc1-c1cccc(-c2cccc(NC(=O)c3cccc(C(F)(F)F)c3)c2)c1,-7.8,3.5211466279311323,34_50
O=C(Nc1cccc(-c2cccc(-c3nc(=O)o[nH]3)c2)c1)c1ccccc1-c1ccccc1,-8.3,3.52713626249494,34_51
N#Cc1cccnc1-c1cccc(-c2cccc(NC(=O)c3ccccc3)c2)c1,-7.9,3.6390737261481023,34_52
O=C(c1cccc(-c2cccc(C(=O)N3CCN(c4cccc(Cl)c4)CC3)c2)c1)N1CCOCC1,-8.5,3.5860753069993834,34_53
Oc1cccc(-c2cccc(-c3cccc(-c4cccc(C(F)(F)F)c4)c3)c2)c1,-9.1,3.349071997441113,34_54
O=C(Nc1ccc(F)cc1F)C(c1cccc(-c2cccc(-c3cccc(-c4ccccc4F)c3)c2)c1)N1CCNCC1,-8.6,3.241389021120627,34_55
O=C(c1cccc(F)c1)N1CCN(C(=O)c2cccc(-c3cccc(-c4ccccc4F)c3)c2)CC1,-8.3,3.468221067713254,34_56
O=c1ccc2cc(-c3cnc4ccccc4c3)ccc2n1-c1cccc(-c2cccc(-c3ccc4c(c3)OCO4)c2)c1,-9.3,3.1392920288478274,34_57
O=C(c1ccc(-c2cccc(-c3cccc(Cl)c3)c2)cc1)N1CCN2CCC[C@@H]2C1,-7.8,3.4215471854101103,34_58
NC(c1ccccc1CCc1cccc(O)c1)c1cccc(F)c1F,-6.9,3.6489837795534674,34_59
Oc1ccc2c(c1)-c1ccccc1C2(Nc1cccc(Cl)c1F)c1cccc(F)c1,-7.2,3.4575117135485005,34_60
O=C(Nc1cc(-c2cccc(F)c2)no1)c1cccc(-c2cccc(-c3cccc4ccccc34)c2)c1,-8.7,3.3705143217783453,34_61
O=C(c1cccc(-c2cccc(-c3cccc(-c4cccc(-n5c(O)csc5=S)c4)c3)c2)c1)N1CCOCC1,-9.3,3.3311726561825457,34_62
Cn1c(-c2cccc(-c3cccc(NC(=O)c4ccccc4)c3)c2)nc2ccccc21,-8.314285714285715,3.3942752104154073,34_63
O=C(Nc1ccc2c(c1)OCO2)c1cccc(C(=O)N2CCN(c3ccccc3C(F)(F)F)CC2)c1,-8.0,3.6422579175137724,34_64
O=C(c1ccc2c(c1)OCO2)N1CCN(c2ccccc2N2C(=O)c3ccccc3C2=O)CC1,-7.9,3.4241337362472555,34_65
O=C(c1cccc(-c2cccc(C(=O)N3CCN(c4cccc(C(F)(F)F)c4)CC3)c2)c1)N1CCOCC1,-8.577777777777776,3.5675074243249583,34_66
O=C(c1cccc(-c2cccc(-c3cccc4ccccc34)c2)c1)c1cccc(C(F)(F)F)c1,-9.4,2.968563311853667,34_67
O=C(c1cc(-n2cccn2)ccn1)N1CC=C(c2ncc([C@@H](O)CO)cc2Cl)CC1,-7.1,3.676362078766319,34_68
COc1ccccc1NC(=O)c1cccc(-c2cccc(-c3cc4ccccc4oc3=O)c2)c1,-8.9,3.356566230937645,34_69
O=C(Nc1cccc(-c2cccc(-c3ccc4c(c3)OCO4)c2)c1)Nc1cccc(-c2cc3ccccc3[nH]2)c1,-10.1,3.1160720188911917,34_70
O=C(c1cccc(-c2cccc(-c3ccc4c(c3)OCO4)c2)c1)N1CCN(c2ccccn2)CC1,-8.5,3.517782319272261,34_71
O=C(Nc1cccc(-c2cccc(-c3nc4cc(F)ccc4[nH]3)c2F)c1)c1ccccc1,-8.641176470588235,3.443853177840764,34_72
O=C(c1cccc(C(F)(F)F)c1)N1CCC=C(N(C(=O)NC2(c3cccc(-c4ccccc4OC(F)(F)F)c3)C(=O)Nc3ccccc32)c2cccc(C(F)(F)F)c2)C1,-9.5,2.7918489621222236,34_73
O=C(Nc1cccc(F)c1)c1cccc(-c2cccc(C(=O)N3CCOCC3)c2)c1,-8.0,3.7442001897968527,34_74
O=Cc1cccnc1-c1cccc(-c2cccc(NC(=O)c3cccc(-c4ccc5c(c4)OCO5)c3)c2)c1,-8.2,3.304972108753967,34_75
O=C(c1cccc(-c2cccc(-c3cccc(-c4ccccc4F)c3)c2)c1)N1CCNCC1,-9.325,3.508189933556279,34_76
O=C(Nc1cccc(-c2cncc3ccccc23)c1)c1cccc(-c2cccc(-c3cccc(-c4cccc(C(=O)N5CCOCC5)c4)c3)c2)c1,-9.5,3.0955894007368956,34_77
O=C(Nc1cccc(-c2cccc(-c3cnccn3)c2)c1)c1cccc2ccccc12,-8.1,3.5099894925382,34_78
Cn1c(-c2cccc(-c3cccc(NC(=O)c4cccc(C(F)(F)F)c4)c3)c2)nc2ccccc21,-8.4125,3.449135448355882,34_79
O=C(c1cccc(-c2cccc(C(=O)N3CCN(c4ccccc4F)CC3)c2)c1)N1CCOCC1,-8.75,3.5987838392028464,34_80
O=Cc1cccnc1-c1cccc(-c2cccc(-c3cccc(NC(=O)Cc4cccc(-c5ccc6c(c5)OCCO6)c4)c3)c2)c1,-8.9,3.164963526222187,34_81
O=C1c2ccccc2C(=O)c2[nH]c(-c3ccccc3)nc21,-7.6,3.655857057855415,34_82
O=C(C=NOC=C1C=CC(c2ccc3scnc3c2)=C1)c1cccc(-c2cccc(-c3ncc[nH]3)c2)c1,-7.7,3.1313176815985635,34_83
O=C(Nc1cccc(-c2cccc(-c3ccccc3)c2)c1)c1cc2ccccc2[nH]1,-8.6,3.2707594045698682,34_84
O=C(C1C=C2c3cccc4[nH]cc(c34)C[C@H]2N(C(=O)Nc2ccccc2)C1)N1CCCC1,-8.5,3.43251394382127,34_85
COc1ccccc1-c1cccc(C(=O)N2CCN(C(=O)c3cccc(-c4cc5ccccc5o4)c3)CC2)c1,-8.5,3.3779293146860856,34_86
Cc1cccc(-c2nn(-c3cccc(-c4ccc5ccccc5c4)c3)cc2C(=O)Nc2ccccc2)c1,-9.0,3.230544264065715,34_87
O=C(c1nc2ccccc2c(=O)n1-c1cccc(Br)c1)N1CCN(c2cccc3ccccc23)CC1,-8.0,3.450765377305891,34_88
NC(=O)c1ccccc1Nc1cccc(-c2cccc(-c3ccccc3)c2)c1,-7.8,3.5022648947917396,34_89
O=c1[nH]c(-c2cccc(F)c2)cc2ccccc12,-7.1,3.4445468029571797,34_90
COc1ccc2nc(NC(=O)Nc3cccc4ccccc34)sc2c1,-6.9,3.68210862546851,34_91
O=C(c1cccc(-c2cccc(-c3nc4ccccc4[nH]3)c2)c1)N1CCN(c2cccc(Cl)c2)CC1,-8.8625,3.440092756302386,34_92
O=C(Nc1ccccc1)Nc1cccc(-c2cccc(-c3cccc(C(=O)N4CCOCC4)c3)c2)c1,-8.766666666666667,3.5384941206804585,34_93
O=C(Nc1cccc(-c2cccc(-c3nc4ccccc4[nH]3)c2)c1)c1ccccc1Cl,-8.65,3.4275165588605,34_94
O=C(Nc1nc(-c2ccc3c(c2)OCCO3)cs1)c1cc(-c2ccc3c(c2)OCO3)nc2ccccc12,-8.4,3.3625746077503424,34_95
O=C(Nc1ccc(-c2cccc3ccccc23)c(F)c1)c1cncc(-c2cccc(-c3cccc(-c4nc5ccccc5[nH]4)c3)c2)c1,-9.0,3.1318049381002364,34_96
O=C(c1cccc(-c2cccc(-c3cccc(-c4cccc(F)c4)c3)c2)c1)N1CCNCC1,-9.411111111111113,3.508189933556279,34_97
O=C(Nc1ccccc1-c1cccc(-c2ccccc2F)c1)c1cccc(-c2cccc(-c3nc4ccccc4[nH]3)c2)c1,-9.4,3.1143956643253974,34_98
O=Cc1cccnc1-c1cccc(-c2cccc(-c3cccc(NC(=O)c4ccccc4)c3)c2)c1,-8.5,3.3533873267513328,34_99
O=C(c1cccc(-c2cccc(C(=O)N3CCN(c4cccc(Cl)c4)CC3)c2)c1)N1CCOCC1,-8.5,3.5860753069993834,34_100
C=C1C=C(C=CC2=CN(C(=O)Nc3cccc(-c4cccc5ccccc45)c3)C=CC=C2)C2N=Cc3ccccc3C2=C1,-10.5,1.9695157678127684,34_101
O=C(c1cccc(-c2ccnc(-c3ccccc3OC(F)(F)F)c2)c1)N1CCNCC1,-7.3,3.766519963359485,34_102
O=C(c1cccc(-c2cccc(C(=O)N3CCN(c4ccccc4F)CC3)c2)c1)N1CCOCC1,-8.75,3.5987838392028464,34_103
O=C(c1ccccc1)c1cccc(-c2cccc(-c3cccc(-c4nc5ccccc5[nH]4)c3)c2)c1,-9.5,3.275163753481019,34_104
O=C(c1cccc(-c2cccc(C(=O)N3CCN(C(=O)c4ccccc4)CC3)c2)c1)N1CCOCC1,-8.7,3.6089419930993745,34_105
CC=C1C=CC(c2cc(-c3cccc(-c4ccccc4F)c3)nc3ccc4ccccc4c23)=C1,-8.2,2.860093728848706,34_106
O=C(Nc1cccc(-c2cccc(-c3cccc(-c4ccccc4O)c3)c2)c1)c1c(F)cccc1F,-9.7,3.2894184912488518,34_107
O=C(Nc1cccc(-c2cc(-c3cccc(-c4ccccc4F)c3)ncn2)c1)c1ccccc1,-9.0,3.4761339612964504,34_108
O=C(c1cccc(-c2cccc(-c3nc4ccccc4[nH]3)c2)c1)N1CCN(c2ccccc2)CC1,-9.1,3.469314490794095,34_109
O=C(c1ccco1)c1cc(-c2cccc(-c3cc4cc(F)ccc4[nH]3)c2)ccc1O,-8.8,3.4567857914305096,34_110
O=C(c1cccc(-c2cccc(-c3nc4cc(F)ccc4[nH]3)c2)c1)N1CCNCC1,-8.5375,3.6450984636569372,34_111
Cn1c(-c2cccc(-c3cccc(-c4cccc(NS(=O)(=O)c5cccc(C(F)(F)F)c5)c4)c3)c2)nc2ccccc21,-9.1,3.326458428286208,34_113
O=C(c1cccc(-c2cccc(-c3cccc4ccccc34)c2)c1)N1CCN(c2ccccc2F)CC1,-9.0,3.2138302346186602,34_114
O=C(Nc1ccccc1C(=O)Nc1cccc2ccccc12)c1cccc(-c2cccc(-c3cccc(-c4ccccc4F)c3)c2)c1,-9.3,2.9895096188913213,34_115
O=C(Nc1ccc(-c2cccc(-c3nn[nH]n3)c2)cc1)c1cccc(-c2cccc(C(F)(F)F)c2)c1,-8.4,3.3926958912592893,34_116
O=C(Nc1cccc(-c2cccc(-c3cccc(-c4cccc(F)c4)c3)c2)c1)c1ccccc1,-9.142857142857142,3.188129789925851,34_117
N#Cc1cccnc1-c1cccc(-c2cccc(NC(=O)c3cccc(-c4cccc(-c5cccc(-c6ccccc6F)c5)c4)c3)c2)c1,-9.0,3.052997074360447,34_118
O=C(NCC1N=C(c2ccc3c(c2)OCCO3)C2=C1C=CC(c1cccc(-c3ccccc3F)c1)C=C2)c1cccc(C(F)(F)F)c1Cl,-8.9,2.0989376044578574,34_119
O=C(c1cccc(-c2cccc(C(=O)N3CCN(c4ccc(F)cc4)CC3)c2)c1)N1CCOCC1,-9.0,3.5987838392028464,34_120
O=C(O)c1cccc(-c2cccc3ccccc23)c1Nc1cccc(-c2cc3ccccc3[nH]2)c1,-8.1,3.21070037484663,34_121
Cn1c(-c2cccc(-c3cccc(-c4ccnc(-c5ccc(O)c([N+](=O)[O-])c5)c4)c3)c2)nc2ccccc21,-9.5,3.2321915560130505,34_122
O=C(Nc1cccc(-c2cccc(-c3nc4cc(F)ccc4[nH]3)c2F)c1)Nc1cccc(C(F)(F)F)c1,-9.4,3.1492415665908573,34_123
O=C(Nc1cccc(-c2cccc(-c3nc4cc(F)ccc4[nH]3)c2)c1)c1cccc(C(F)(F)F)c1,-8.216666666666667,3.2512717517338245,34_124
O=C(Nc1cccc(-c2cccc(-c3nc4ccccc4[nH]3)c2)c1)c1ccccc1F,-8.525,3.4293586076098226,34_125
O=C(Nc1cccc(-c2cccc(-c3nc4ccccc4[nH]3)c2)c1)c1ccccc1F,-8.525,3.4293586076098226,34_126
O=C(Nc1cccc(-c2cccc(-c3cccc(-c4ccccc4F)c3)c2)c1)c1ccccc1C(F)(F)F,-9.1,3.003716495802779,34_127
O=C1NC2CC[C@@H](Cc3c1cccc3-c1ncccc1CO)c1ncccc12,-7.3,1.3174959639688248,34_128
O=C(Nc1cccc(-c2ccccc2Cl)c1)c1cc2ccccc2cc1O,-7.3,3.518350353325898,34_129
O=C(Nc1cccc(-c2cccc(-c3nc4cc(F)ccc4[nH]3)c2)c1)c1ccccc1F,-8.622222222222224,3.443853177840764,34_130
O=C(Nc1cccc(-c2cccc(-c3nc4ccccc4[nH]3)c2)c1)c1ccccc1,-8.337500000000002,3.442730724240592,34_131
O=C(NCCc1ccncc1)c1cccc(-c2cccc(-c3cc(-c4ccnc(C5CC5)c4)cc(-c4nnco4)n3)c2)c1,-8.6,3.270694875953562,34_132
O=C(Nc1cccc(-c2cccc(-c3cccc(C(F)(F)F)c3)c2)c1)c1ccccc1,-8.261538461538462,3.3040276133142337,34_133
O=C(CN1CCC(C(=O)c2cccc(-c3ccccc3)c2)CC1)Nc1ccccc1-c1ccccc1,-7.3,3.4107144267931186,34_134
Nc1cccc(-c2cccc(-c3cccc(-c4ccccc4F)c3)c2)c1,-8.5,3.313446787221338,34_135
Cc1cc(NC(=O)c2ccccc2NC(=O)c2ccc3ccccc3c2)ccc1Oc1cccc(N)c1,-8.5,3.1859569939309305,34_136
O=C(Nc1cccc(-c2cccc(-c3nc4cc(F)ccc4[nH]3)c2)c1)c1ccccc1F,-8.622222222222224,3.443853177840764,34_137
N=CC=CC=C1C2=CC=CC=C(C=CCc3cccc(-c4cccc(-c5cccc(-c6cccc(-c7cccc(C(=O)N8CCOCC8)c7)c6)c5)c4)c3)C1CC2,-7.0,0.7167624082199655,34_138
O=C(c1cccc(-c2cccc(-c3cccc(-c4ccccc4F)c3)c2)c1)N1CCNCC1,-9.325,3.508189933556279,34_139
O=C(Nc1cccc(-c2cccc(-c3cccc(C(F)(F)F)c3)c2)c1)c1ccccc1F,-8.7,3.2672233782541786,34_140
O=C(c1cccc(-c2cccc(-c3cccc(F)c3)c2)c1)N1CCN(c2ccccc2)CC1,-8.566666666666668,3.426094808724147,34_141
O=C(Nc1ccccc1-c1nc2ccccc2[nH]1)c1ccc(-c2ccc(F)cc2)o1,-8.5,3.5282335316697253,34_142
O=C(Nc1cccc(-c2cc(-c3cccc(-c4ccccc4F)c3)no2)c1)c1ccccc1F,-8.4,3.472787472980274,34_143
O=C(c1cccc(CNCCc2ccccc2C(F)(F)F)c1)N1CCN(c2ccccc2F)CC1,-6.7,3.530102762188773,34_144
O=C(Cc1cccc(-c2cccc3ccccc23)c1)Nc1nc2ccccc2[nH]1,-8.6,3.437578429571209,34_145
O=C(Nc1ccccc1C(=O)O)c1cccc(-c2cccc(-c3cccc(-c4cccc(C(F)(F)F)c4)c3)c2)c1,-9.3,3.1370007555834993,34_146
O=C(Cc1[nH]oc1-c1ccc2c(ccc3ccccc32)c1)Nc1cccc(Cl)c1,-8.1,3.3846381963911774,34_147
O=C(Nc1cccc(-c2cccc(-c3cccc(-c4cccc(F)c4)c3)c2)c1)c1ccccc1,-9.142857142857142,3.188129789925851,34_148
Cn1c(-c2cccc(-c3cccc(NC(=O)c4ccccc4F)c3)c2)nc2ccccc21,-8.6,3.3956733809905395,34_149
O=C(Nc1cccc(-c2cccc(-c3cccc(C(F)(F)F)c3)c2)c1)c1cccc(C(F)(F)F)c1,-8.4,3.2876235695289995,34_150
O=C(Nc1cccc(-c2cccc(-c3nc4cc(F)ccc4[nH]3)c2Cl)c1)c1ccccc1,-8.35,3.4176756792897534,34_151
O=C(Nc1ccc2c(c1)OCCO2)c1cccc(-c2cccc(-c3ccc4c(c3)OCO4)c2)c1,-9.1,3.552297645680242,34_152
O=C(Nc1cccc(-c2cccc(-c3cccc(-c4ccccc4F)c3)c2)c1)c1ccccc1,-9.233333333333333,3.188129789925851,34_153
N#Cc1cccnc1-c1cccc(-c2cccc(-c3cccc(C(=O)N4CCNCC4)c3)c2)c1,-8.89090909090909,3.6433678319260787,34_154
Cn1c(-c2cccc(-c3cccc(NC(=O)Nc4cccc(-c5cccc(C(F)(F)F)c5)c4)c3)c2)nc2ccccc21,-10.2,3.240177718187831,34_155
O=C(c1cccc(-c2cccc(-c3ccc4c(c3)OCO4)c2)c1)N1CCN(c2ccccc2)CC1,-8.85,3.456180921736461,34_156
O=C(O)c1cccc(-c2cc(-c3cccc(-c4cccc(C(=O)Nc5ccc6c(c5)OCO6)c4)c3)cc(C(F)(F)F)c2)c1,-8.9,3.2708062206684128,34_157
O=C(Nc1cccc(-c2cccc(-c3cccc(-c4nn[nH]n4)c3)c2)c1)c1ccccc1,-8.814285714285715,3.5445770780658905,34_158
O=C(Nc1cccc(-c2cccc(-c3nc4cc(F)ccc4[nH]3)c2)c1)c1ccccc1,-8.444827586206896,3.4293586076098226,34_159
O=C(F)CN1C(c2ccc3ccccc3c2)=Cc2ccccc2C1F,-7.3,3.4438821812216935,34_160
O=C(c1cccc(-c2cccc(C(=O)N3CCN(c4ccccc4OC(F)(F)F)CC3)c2)c1)N1CCOCC1,-8.1,3.5460241372276915,34_161
O=C(c1cccc(-c2cccc(-c3cccc4ccccc34)c2)c1)N1CCN(c2ccccc2)CC1,-8.8,3.206064535475286,34_162
O=C1CCc2ccc(OCCCCN3CCN(c4nc5ccccc5o4)CC3)cc2N1,-7.2,3.6047470696470363,34_163
O=C(c1cccc(-c2cccc(-c3cccc(C(=O)N4CCOCC4)c3)c2)c1)N1CCNCC1,-9.043750000000001,3.649506152725788,34_164
O=C(Nc1cccc(-c2cccc(-c3nc4cc(F)ccc4[nH]3)c2)c1)Nc1cccc2ccccc12,-9.4,3.284569061783838,34_165
O=C(c1cccc(-c2cccc3ccccc23)c1)N1CCN(Cc2cccc(C(F)(F)F)c2)CC1,-8.4,3.4237721992320482,34_166
O=C(Cc1cccc(Nc2nccc(-c3ccc4c(c3)OCCO4)n2)c1)Nc1cccc(-c2cccc(F)c2F)c1,-8.0,3.3401724061834757,34_167
Cn1c(-c2cccc(-c3cccc(NC(=O)c4ccccc4)c3)c2)nc2ccccc21,-8.314285714285715,3.3942752104154073,34_168
CC1=CC=CCc2cc(-c3cccc(-c4cccc(-c5cccc(C(F)(F)F)c5)c4)c3)c3ncccc3c2C1,-10.6,1.1129777111610002,34_169
Cn1c(-c2cccc(-c3cccc(NC(=O)c4cccc(C(F)(F)F)c4)c3)c2)nc2ccccc21,-8.4125,3.449135448355882,34_170
O=C(Nc1cccc(-c2nc3cc(-c4cccc5ccccc45)ccc3[nH]2)c1)Nc1cccc(C(F)(F)F)c1,-8.1,3.117754137077044,34_171
O=c1c2ccccc2nc(-c2ccccc2O)n1-c1cccc(-c2cccc(-c3ccc4c(c3)OCO4)c2)c1,-8.5,3.3247762549235356,34_172
O=C(O)c1cccc(-c2cccc(-c3cccc(-c4ccc5c(c4)OCO5)c3)c2)c1,-8.6,3.5129188739367545,34_173
O=C(Nc1cccc(-c2cccc(-c3nc4cc(F)ccc4[nH]3)c2)c1)c1ccccc1,-8.444827586206896,3.4293586076098226,34_174
ON=Cc1ccccc1Nc1cccc(/C=C/c2ccccn2)n1,-6.6,3.567502886774837,34_175
Nc1nccc(Oc2ccc(-c3cccc(-c4cccc(C(=O)NC5CCC5)c4)c3)cc2)n1,-8.3,3.599377498731842,34_176
O=C(Nc1cccc(-c2cccc(-c3nc4cc(F)ccc4[nH]3)c2)c1)c1ccccc1,-8.444827586206896,3.4293586076098226,34_177
O=Cc1cccnc1-c1cccc(-c2cccc(C(=O)N3CCN(c4cccc(C(F)(F)F)c4)CC3)c2)c1,-8.1,3.482847608569932,34_178
O=C(Nc1cccc(-c2cccc(-c3nc4ccccc4[nH]3)c2)c1)c1ccccc1,-8.337500000000002,3.442730724240592,34_179
Cn1c(-c2cccc(-c3cccc(-c4cccc(C(=O)N5CCOCC5)c4)c3)c2)nc2ccccc21,-9.4,3.417921183135963,34_180
O=C1Nc2ccccc2/C1=C\c1ccc(-c2cccc(C(=O)N3CCOCC3)c2)cc1,-7.7,3.5643774852023755,34_181
O=C(Nc1cccc(-c2cccc(F)c2)c1)c1cccc(-c2cccc(-c3ccc4c(c3)OCO4)c2)c1,-9.1,3.274475212885916,34_182
O=C(N/N=C/c1cccc(-c2cccc(-c3nn[nH]n3)c2)c1)c1cc(-c2cccc(F)c2)nc2ccccc12,-8.0,3.3270841850459236,34_183
O=C1c2ccccc2C(=O)c2c1ccc1[nH]c(-c3ccccc3OCc3ccccc3)nc21,-8.3,3.4343073445337566,34_184
O=C(Nc1cccc(-c2cccc(-c3cccc(-c4ccccc4F)c3)c2)c1)c1ccccc1,-9.233333333333333,3.188129789925851,34_185
O=C(Cc1cccc(F)c1)N1CCN(C(=O)c2cccc(-c3cccc(-c4cccc5ccccc45)c3)c2)CC1,-9.5,3.2727402816992734,34_186
O=C(Nc1cccc(-c2cccc(C3=NCCN3)c2)c1)Nc1cccc(-c2cccc(F)c2F)c1,-9.5,3.464794476764647,34_187
Cn1c(-c2cccc(-c3cccc(NC(=O)Nc4cccc(C(F)(F)F)c4)c3)c2)nc2ccccc21,-9.7,3.4115265543640696,34_188
O=C(Nc1cccc(C(=O)Nc2c(C(=O)Nc3cccc(-c4cccc(-c5ccc6c(c5)OCO6)c4)c3)oc3ccccc23)c1)c1ccccc1,-7.7,2.908706693685877,34_190
O=C(Nc1cccc(-c2cccc(-c3nc4cc(F)ccc4[nH]3)c2F)c1)c1ccccc1,-8.641176470588235,3.443853177840764,34_191
N=C(N)Nc1ccc(C(=O)Nc2cccc(-c3cccc(-c4cccc(C(=O)N5CCOCC5)c4)c3)c2)cc1,-8.2,3.2729717334744652,34_192
O=C(Nc1cccc(-c2cccc(-c3nc4ccccc4[nH]3)c2)c1)c1ccccc1F,-8.525,3.4293586076098226,34_193
COC=CC1=C[N+]2=CC=CC=CC(C=C3C=CC(Cc4ccc5c(=O)cc(-c6ccccc6)oc5c4)=C3)=C1C2,-7.6,0.9251971933199457,34_194
O=C(c1cccc(-c2cccc(-c3cccc(NS(=O)(=O)c4ccccc4)c3)c2)c1)N1CCOCC1,-8.2,3.6241141414452653,34_195
O=C(Nc1cccc(-c2cccc(-c3cccc(-c4nn[nH]n4)c3)c2)c1)c1ccccc1,-8.814285714285715,3.5445770780658905,34_196
O=C(Nc1cc(-c2cccc(-c3ccccc3F)c2)ccn1)c1ccccc1F,-8.5,3.5829903084472754,34_197
O=c1nc(Nc2ccc(Cl)cc2)c2ccccc2n1-c1ccc2c(c1)OCCO2,-7.4,3.6819226062258807,34_198
O=C1CNCCN1C(=O)c1cccc(-c2cccc(-c3cccc(-c4nc5ccccc5[nH]4)c3)c2)c1,-10.5,3.441035744079441,34_199
O=C(Nc1cccc(-c2cccc(-c3nc4ccccc4[nH]3)c2)c1)c1c(F)cccc1F,-8.6,3.443853177840764,34_200
Cc1cccc(N2C(=O)N(Cc3ccccc3F)c3ccccc3N(c3ccccc3F)C2=O)c1,-8.2,2.4805146972584,34_201
N#Cc1cccnc1-c1cccc(-c2cccc(-c3cccc(NC(=O)Nc4cccc(-c5ccccc5F)c4)c3)c2)c1,-8.4,3.1708134932462966,34_202
COc1ccc(C2CCN(C(=O)C(C)C)CC2)cc1Nc1nccc(-c2cccc(-c3nc4ccccc4n3C)c2)n1,-7.9,3.347437624615261,34_203
O=C(Nc1nc(-c2ccccc2)cs1)c1cccc(-c2cccc(-c3ccc4c(c3)OCO4)c2)c1,-8.55,3.372471891639528,34_204
O=C(c1cccc(-c2cccc(-c3cccc(-c4ccccc4F)c3)c2)c1)c1cccc(-c2cc(C(F)(F)F)cc(C(F)(F)F)c2)c1,-9.5,2.7535713158468096,34_205
O=C(Nc1cccc(-c2cn3ccnc3c(NCc3ccncc3)n2)c1)c1cccc(C(F)(F)F)c1,-8.7,3.467868871613762,34_206
O=C(Nc1cccc(-c2cccc(-c3ncccc3CF)c2)c1)c1ccccc1,-7.7,3.542005557626499,34_207
O=C(c1cccc(-c2cccc(-c3cccc(-c4cccc(F)c4)c3)c2)c1)N1CCNCC1,-9.411111111111113,3.508189933556279,34_208
O=C(c1cccc(C(F)(F)F)c1)n1cc(-c2cccc(-c3cccc(-c4nc5ccccc5[nH]4)c3)c2)nc1N1Cc2ccccc2C1,-9.8,3.2277693730038868,34_209
O=C(Nc1cccc(-c2ccc3c(c2)OCO3)c1)c1cccc(-c2cccc(-c3ccc4c(c3)OCO4)c2)c1,-8.766666666666666,3.3056459772548874,34_210
O=C(Nc1cccc(-c2cccc(-c3cccc(O)c3)c2)c1)c1cccc(-c2ccc3c(c2)OCO3)c1,-8.8,3.294397145589018,34_211
O=C(c1cc(Cl)c[nH]1)N1CC2CC[C@@H](C1)N(Cc1ccccc1)C2=O,-7.3,2.560412343237658,34_212
O=C(c1ccc2c(c1)CCO2)N1CCN(c2nc3ccc(Cl)cc3c3nc(-c4ccccc4)nn23)CC1,-9.8,3.392518764547019,34_213
O=C(c1cccc(-c2cccc(-c3cccc4ccccc34)c2)c1)N1CCN(C(=O)c2ccco2)CC1,-8.8,3.3721000426351635,34_214
O=C(c1cccc(Cc2n[nH]c(=O)c3c2CCCC3)c1)N1CCN(S(=O)(=O)c2cccc(F)c2)CC1,-8.1,3.6025897721386317,34_215
C=C(C=CC=CC(=C)C=CC=CC(=O)N1CCNCC1)C=CC=CC(=C)c1ncccc1F,-6.65,3.4105775123839512,34_216
CN1N=C(c2cccc(-c3cccc4ccccc34)c2)C2C=C(c3cncc(C(N)=O)c3)C=C21,-9.7,3.5401979877145524,34_217
O=C(Nc1cccc(-c2cccc(-c3ccc4c(c3)OCO4)c2)c1)Nc1cccc(-c2cccc(F)c2F)c1,-9.5,3.2209144306978645,34_218
O=C(c1cccc(-c2cccc(-c3ccc4ccc(F)cc4c3)c2)c1)N1CCNCC1,-8.9,3.513567367705725,34_219
O=c1cc(-c2ccc3c(c2)OCO3)[nH]c2c(-c3ccccc3)cnn12,-8.3,3.712143685839445,34_220
Nc1ccc(-c2cncc(-c3cccc(-c4nn[nH]n4)c3)n2)cc1,-8.1,3.5914485713962954,34_221
N#Cc1ccc(Nc2nccc(-c3cccc(-c4ccccc4C#N)c3)n2)cc1,-7.2,3.685203186411913,34_222
CC(=O)Nc1cccc(-c2cccc(-c3nnc(C)o3)c2)c1,-7.4,3.7683608500047825,34_223
O=C(c1cccc(-c2cccc(-c3cccc4ccccc34)c2)c1)N1CCN(c2cccc(C(F)(F)F)c2)CC1,-9.5,3.155724006991007,34_224
O=C(Nc1cccc(-c2cccc(-c3ccccc3F)c2)c1)c1cccc(-c2cccc(-c3nn[nH]n3)c2)c1,-8.2,3.3901379644410854,34_225
O=C(c1cccc(-c2cccc(-c3ccc4c(c3)OCO4)c2)c1)N1CCN(c2ccccc2F)CC1,-8.766666666666667,3.461047798442075,34_226
Cn1c(-c2cccc(-c3cccc(-c4cc(NC(=O)Nc5ccccc5)ncn4)c3)c2)nc2ccccc21,-9.0,3.3265102027581563,34_227
O=C(c1ccccc1)c1cccc(-c2cccc(-c3cccc(-c4nc5ccccc5[nH]4)c3)c2)c1,-9.5,3.275163753481019,34_228
N#Cc1cccnc1-c1cccc(-c2cccc(-c3cccc(C(=O)N4CCNCC4)c3)c2)c1,-8.89090909090909,3.6433678319260787,34_229
O=C(Nc1cccc(-c2cccc(-c3ccc4c(c3)OCO4)c2)c1)Nc1ccccc1-c1ccccc1,-9.75,3.226266249465122,34_230
O=C(O)c1cc(-c2cccc3ccccc23)nc2ccc3ccccc3c12,-8.8,3.3559192152825283,34_231
O=C(Nc1ccc2c(c1)OCCO2)c1[nH]c(-c2ccccc2)nc1-c1cccc(-c2cccc(-c3nc4cc(F)ccc4[nH]3)c2)c1,-9.0,3.165377873831705,34_232
O=C(Nc1cccc(-c2cccc(C=Nc3cccc(F)c3)c2)c1)Nc1cccc(-c2ccccc2F)c1,-10.3,3.1983612328147766,34_233
N#Cc1cccnc1-c1cccc(-c2cccc(-c3cccc(NC(=O)c4ccccc4)c3)c2)c1,-8.654545454545454,3.4145575848364174,34_234
O=C(Nc1cccc(-c2cccc(-c3cccc(F)c3)c2)c1)c1cccc(-c2ccc3c(c2)CCO3)c1,-8.1,3.255381089779857,34_235
O=C(Nc1cccc(-c2cccc(C(=O)N3CCOCC3)c2)c1)c1cccc(-c2cccc(-c3cccc4ccccc34)c2)c1,-9.5,3.2140072561974793,34_236
O=C(Nc1cccc(-c2cccc(-c3nc4cc(F)ccc4[nH]3)c2)c1)Nc1cccc(C(F)(F)F)c1,-9.02,3.169812286139635,34_237
O=C(Nc1cccc(-c2cccc(-c3cccc(-c4nc5ccccc5[nH]4)c3)c2)c1)c1ccccc1,-9.190000000000001,3.3039417341933515,34_238
O=C(c1cccc(-c2ccccc2)c1)N1CCCc2cc(-c3cncc4ccccc34)ccc21,-9.9,3.2453927073656175,34_239
O=C(COc1cccc(-c2cccc(-c3cccc(F)c3)c2)c1)Nc1cccc(-c2ccc3ccccc3c2)c1,-9.0,3.061595230171174,34_240
O=C(Nc1cccc(-c2cccc(-c3nc4cc(F)ccc4[nH]3)c2F)c1)c1ccccc1,-8.641176470588235,3.443853177840764,34_241
O=C(Nc1cccc(-c2cccc(-c3nc4cc(F)ccc4[nH]3)c2)c1)Nc1cccc(-c2cccc(F)c2F)c1,-9.683333333333334,3.1875244530828533,34_242
O=C(NCC1N=C(c2cccc(-c3ccco3)c2)Nc2ccccc21)c1cccc(F)c1,-9.2,3.6253177078969507,34_243
O=C(c1cccc(-c2ccc3c(c2)OCCO3)c1)N1CCN(c2ncccc2C(F)(F)F)c2ccccc21,-9.4,3.432951329093025,34_244
C[C@@H](NC(=O)c1cccc(-c2cccc3[nH]ccc23)c1)c1cccc2ccccc12,-8.1,3.259211520409989,34_245
O=C(CN1CCOCC1)NN=C(c1ccc(F)cc1)c1cccc(-c2cccc(-c3cccc(-c4cccc(-c5cccc(F)c5)c4)c3)c2)c1,-8.8,3.004458876653703,34_246
N#Cc1cccnc1-c1cccc(-c2cccc(NC(=O)Nc3cccc(-c4ccc5c(=O)[nH]cnc5c4)c3)c2)c1,-8.9,3.291981709675401,34_247
Cc1ccc(-c2cc(-c3cccc(-c4cccc(-c5ccccc5C)c4)c3)[nH]n2)cc1,-8.9,3.193611037293665,34_248
O=C(Nc1cccc(-c2cc(-c3cccc(-c4ccccc4F)c3)[nH]n2)c1)c1cccc(C(F)(F)F)c1,-8.5,3.207078360769045,34_249
O=S(=O)(Nc1cccc(-c2cc3cc(F)ccc3[nH]2)c1)c1cccc2ccccc12,-8.0,3.4734735325327915,34_250
O=C(Nc1cccc(-c2cccc(-c3cccc(C(F)(F)F)c3)c2)c1)c1ccccc1,-8.261538461538462,3.3040276133142337,34_251
O=C(Nc1cccc(-c2cccc(-c3nc4cc(F)ccc4[nH]3)c2)c1)c1ccccc1,-8.444827586206896,3.4293586076098226,34_252
O=C(Nc1cccc(-c2cccc(-c3cccc(-c4cccc(F)c4)c3)c2)c1)c1ccccc1,-9.142857142857142,3.188129789925851,34_253
O=C1Nc2ccccc2/C1=C/c1cccc(-c2cccc(C(=O)N3CCOCC3)c2)c1,-9.1,3.5643774852023755,34_254
N#Cc1cccnc1-c1cccc(-c2cccc(-c3cccc(NC(=O)COc4cccc(F)c4)c3)c2)c1,-8.3,3.3332247055129978,34_255
O=C(Nc1cccc(-c2cccc(-c3ccccc3)c2)c1)c1cc(=O)c2ccccc2o1,-9.1,3.4867744415012942,34_256
O=C(Nc1cccc(-c2ccc3c(c2)OCO3)c1)c1cccc(-c2ccc3ccccc3c2)c1,-8.5,3.301790684873893,34_257
O=C(c1cccc(-c2cccc(-c3cccc(-c4cccc(F)c4)c3)c2)c1)N1CCNCC1,-9.411111111111113,3.508189933556279,34_258
O=C(c1ccccc1)c1cccc(-c2ccccc2CO)c1,-7.0,3.543655929551051,34_259
O=C(c1cccc(-c2cccc(C3CCN(C(=O)c4cc5ccccc5s4)CC3)c2)c1)N1CCOCC1,-8.7,3.4396416964085006,34_260
O=C(Nc1cccc(-c2cccc(-c3cccc(-c4cccc(F)c4)c3)c2)c1)c1ccccc1,-9.142857142857142,3.188129789925851,34_261
Cn1c(-c2cccc(-c3cccc(NC(=O)Nc4cccc(-c5ccc6c(c5)OCO6)c4)c3)c2)nc2ccccc21,-9.2,3.3030357053717445,34_262
O=C(O)c1cc(-c2ccc(Oc3ccccc3)c(-c3cccc(-c4ccc(N5C(=O)c6ccccc6C5=O)cc4)c3)c2)ccn1,-8.6,3.1934370136646857,34_263
Clc1cccc(N2CCN(c3cc(-c4ccccn4)nc4ccccc34)CC2)c1,-8.1,3.578168348037723,34_264
O=C(NC1CCN(C(=O)c2ccccc2)CC1)c1cccc(-c2cccc(C(=O)N3CCOCC3)c2)c1,-7.9,3.6357756085651243,34_265
N#Cc1cccnc1-c1cccc(-c2cccc(-c3cccc(C(=O)NCc4ccccc4CN4CCCC4=O)c3)c2)c1,-8.6,3.3067215487005974,34_266
O=C(c1cccc(-c2cccc(-c3cccc(F)c3)c2)c1)N1CCN(C(=O)c2cccc(C(F)(F)F)c2)CC1,-9.0,3.371992100234022,34_267
O=C(NCc1cccc(-c2ccc3c(c2)OCO3)c1)c1cccc(-c2cccc(-c3nc4ccccc4[nH]3)c2)c1,-9.0,3.340665992571534,34_268
Cn1c(-c2cccc(-c3cccc(-c4cccc(-c5cn(-c6cccc(C(=O)O)c6)ccc5=O)c4)c3)c2)nc2ccccc21,-10.2,3.205170009946885,34_269
O=C(O)c1ccc(-c2cncc(-c3cccc(-c4cccc(-c5cccc(C(F)(F)F)c5)c4)c3)c2)cc1,-9.4,3.235952690367726,34_270
C1=CCCC(c2nnc(-c3cccc(-c4cccc(-c5nc6ccccc6[nH]5)c4)c3)o2)=C1,-8.7,3.509529428478726,34_271
Cn1c(-c2cccc(-c3cccc(-c4cncc(NC(=O)c5cccc(C(F)(F)F)c5)c4)c3)c2)nc2ccccc21,-8.7,3.3554221352935025,34_272
O=C(c1ccc2c(-c3cccc(-c4ccccc4F)c3)cccc2c1)N1CCN(C(=O)c2ccco2)CC1,-8.5,3.373407371039111,34_273
O=C(c1ccccc1)N1CCN(C(=O)c2cccc(Cc3n[nH]c(=O)c4c3CCCC4)c2)[C@@H](c2ccccc2)C1,-8.7,3.500405647108568,34_274
O=C(c1cccc(-c2cccc(N3CCN(C(=O)c4cccc(-c5ccc6c(c5)OCO6)c4)CC3)c2)c1)N1CCOCC1,-8.9,3.2882271799552054,34_275
O=C(Nc1cccc(-c2cnc3c(Nc4cccc(Cl)c4F)cccn23)c1)c1cccc(C(F)(F)F)c1,-7.7,3.277680183119475,34_276
O=C(c1cccc(-c2cc3ccccc3o2)c1)N1CCN(S(=O)(=O)c2cccc(F)c2)CC1,-8.2,3.667203430102272,34_277
c1ccc(-c2cccc(-c3cccc(-c4ccc5c(cnc6ccccc65)c4)c3)c2)cc1,-8.9,2.902968375552426,34_278
Cc1c(-c2cccc(C(F)(F)F)c2)c(=O)c(C(=O)NCc2ccc(S(C)(=O)=NC#N)cc2)cn1-c1cccnc1,-8.0,3.4516285813892265,34_279
O=C(Nc1cccc(-c2ccc3c(c2)OCCO3)c1)c1cccc(-c2cccc(-c3ccc4c(c3)OCO4)c2)c1,-8.299999999999999,3.285615188176293,34_280
Cc1ccc(-c2ccc3nccc(Nc4cccc(C(=O)N5CCOCC5)c4)c3c2)cc1,-8.4,3.6517947848612167,34_281
N#Cc1ccccc1-c1cccc(-c2cc(-c3ccccc3Cl)nc(N)n2)c1,-8.8,3.664997248354071,34_282
O=C(Nc1cccc(-c2cccc(C(=O)N3CCOCC3)c2)c1)c1cccc(-c2ccc3c(c2)OCO3)c1,-8.525,3.5165313751660845,34_283
Cn1c(-c2cccc(-c3cccc(Nc4nc5ccccc5cc4C(=O)Nc4ccccc4)c3)c2)nc2ccccc21,-9.5,3.191546311622614,34_284
O=C(c1cccc(-c2cccc(-c3nc4ccccc4[nH]3)c2)c1)N1CCN(Cc2ccc3c(c2)OCO3)CC1,-8.866666666666665,3.383720343722949,34_285
O=C(Nc1cccc(-c2cccc(C(=O)N3CCOCC3)c2)c1)c1cccc(-c2ccc3ccccc3c2)c1,-8.559999999999999,3.392862095706997,34_286
O=C(Nc1ccc(-c2cccc(C(=O)N3CCOCC3)c2)cc1)c1ccc2ccccc2c1,-7.9,3.6100608840887976,34_287
CC=C1C=CC(C2=CC=C(/C=C/[C@@H]3C[CH]C(=C[C@@H]4C[C@@H]5C=CC[C@H](C)C4C5)C3)OC=C2)O1,-7.4,1.8921608145882693,34_288
O=C(c1ccc2ncsc2c1)N1CCN(c2nc3ccccc3nc2Oc2ccccc2)CC1,-8.3,3.498671209936935,34_289
N#Cc1cccnc1-c1cccc(-c2cccc(-c3cccc(C(=O)Nc4cccc(-c5ncco5)c4)c3)c2)c1,-9.3,3.3655098286957825,34_290
O=C(Nc1cccc(-c2cccc(-c3cccc(C(F)(F)F)c3)c2)c1)c1ccccc1,-8.261538461538462,3.3040276133142337,34_291
O=C(Nc1ccccc1-c1ncccc1F)c1cccc(-c2cccc(-c3ccc4c(c3)OCO4)c2)c1,-8.8,3.3524238791642524,34_292
O=C(Nc1cccc(-c2cc(-c3cccc(-c4ccccc4F)c3)[nH]n2)c1)c1cccc(C(F)(F)F)c1,-8.5,3.207078360769045,34_293
O=C(c1ccc2c(-c3cccc(-c4ccccc4F)c3)cccc2c1)N1CCNCC1,-9.0,3.513567367705725,34_294
O=C(Nc1cccc(-c2cccc(-c3cccc(C(F)(F)F)c3)c2)c1)c1ccccc1-c1ccccc1,-7.6,3.0537079726898275,34_295
O=C(Nc1cccc(-c2cccc(-c3nc4cc(F)ccc4[nH]3)c2)c1)c1ccccc1,-8.444827586206896,3.4293586076098226,34_296
O=C(Nc1cccc(S(=O)(=O)N2CCOCC2)c1)c1cccc(-c2cccc(-c3cccc(-c4cccc(-c5ccccc5F)c4)c3)c2)c1,-8.6,3.1582448087130235,34_297
Cc1cccc(NC(=O)c2cccc(-c3cccc(C(=O)N4CCOCC4)c3)c2)c1C,-8.0,3.717767531686606,34_298
Nc1ccccc1NC(=O)c1cccc(-c2cccc(-c3cccc(-c4cccc(-c5ccccc5F)c4)c3)c2)c1,-10.0,3.058596132623626,34_299
COc1cccc(-c2cccc(-c3cccc(-c4nc5cc(F)ccc5[nH]4)c3)c2)c1,-8.4,3.340210839687136,34_300
COc1cc(Nc2cc(-c3cc4ccccc4[nH]3)ccn2)cc(-c2ccc3c(c2)OCCO3)c1,-8.5,3.470220338183355,34_301
O=C1NCCc2cc(-c3cccc(-c4cccc(-c5[nH]c(=O)[nH]c5O)c4)c3)ccc21,-8.9,3.4693932878378373,34_302
O=C(Nc1ccccc1Br)c1cc(-c2ccccc2)nc2ccccc12,-8.1,3.553863770823299,34_303
O=c1c2ccccc2nc(-c2cccc(F)c2F)n1-c1cccc(-c2cccc(-c3cccc(-c4nn[nH]n4)c3)c2)c1,-9.0,3.419751637866317,34_304
Nc1c2c(nc3ccccc13)-c1ccccc1C2=O,-7.5,3.5556311229016013,34_305
O=C(Nc1ccc(Cl)cc1)Nc1cccc(-c2cccc(-c3cccc(-c4cccc(-c5ccccc5F)c4)c3)c2)c1,-9.5,2.96864336351362,34_306
CC=CC=CCC=CC=CC=NNC=O,-4.6,1.712843098137233,34_307
O=C(Nc1cccc(-c2cccc(C(=O)N3CCOCC3)c2)c1)c1ccccc1Sc1ccc2c(C=Cc3ccccn3)[nH]nc2c1,-8.3,3.198862810423244,34_308
O=C(c1cccc(-c2cccc(-c3cccc(C(F)(F)F)c3)c2)c1)N1CCNCC1,-8.5,3.642566566269835,34_309
O=C(N[C@@H]1Cc2ccccc2[C@@H]1NC(=O)c1cccc(-c2cccc(-c3ccc4c(c3)OCCO4)c2Cl)c1)c1cccc(C2CC2)c1,-8.2,2.995731920822482,34_310
O=C(Nc1ccccc1C(=O)Nc1cccc(C(F)(F)F)c1)c1cccc(-c2cccc(-c3ccccc3F)c2)c1,-8.8,3.085459489672084,34_311
O=CC1C[C@H](c2ccccc2)CN1C(=O)c1cccc(-c2cccc(-c3ccccc3OC(F)(F)F)c2)c1,-7.4,3.3946536346397864,34_312
O=C(c1cccc(-c2cccc(C(=O)N3CCN(C(=O)c4ccccc4C(F)(F)F)CC3)c2)c1)N1CCOCC1,-8.8,3.5597811111337165,34_313
O=C(Nc1cccc(-c2cccc(-c3cccc(-c4nc5ccccc5[nH]4)c3)c2)c1)Nc1cccc(C(F)(F)F)c1,-9.2,3.058206313645475,34_314
O=C(Nc1cccc(-c2cccc(-c3ccccc3)c2)c1)c1cccc(-c2cccc(-c3ccc4ccccc4c3)c2)c1,-8.9,2.894474945828826,34_315
O=c1c2cnc3ccccc3c2ncn1Cc1cccc(-c2cccc(-c3ccccc3OC(F)(F)F)c2)c1,-7.7,3.342767490876634,34_316
Cn1c(-c2cccc(-c3cccc(NC(=O)c4ccccc4F)c3)c2)nc2ccccc21,-8.6,3.3956733809905395,34_317
O=C(c1ccccc1)c1cccc(-c2cccc(-c3cccc(-c4cccc(-c5nc(=O)c6ccccc6[nH]5)c4)c3)c2)c1,-10.2,3.1624686192576776,34_318
O=C(Nc1cccc(-c2cccc(-c3ncc[nH]3)c2)c1)c1cccc(-c2cccc(C(=O)N3CCOCC3)c2)c1,-8.1,3.4061581918207766,34_319
O=C(c1cccc(-c2ccc3c(c2)OCO3)c1)N1CCN(c2cccc(-c3ccccc3F)c2)CC1,-8.7,3.461047798442075,34_320
O=C(Nc1ccccc1F)c1cccc(-c2cccc(-c3cccc(-c4nc5ccccc5c(=O)o4)c3)c2)c1,-9.6,3.403032346759325,34_321
O=C(Nc1cccc(-c2cccc(-c3nc4cc(F)ccc4[nH]3)c2F)c1)c1ccccc1-c1ccccc1,-8.2,3.2933415530638275,34_322
O=C(Nc1cccc(-c2cccc(C(=O)N3CCCCC3)c2)c1)Nc1cccnc1-n1cccn1,-8.5,3.600959606439094,34_323
N#Cc1cccnc1-c1cccc(-c2cccc(-c3cccc(-c4cccc(NS(=O)(=O)c5ccccc5)c4)c3)c2)c1,-8.8,3.299011551078955,34_324
O=C1c2cccc(Cl)c2C(=O)c2c1c1ccccc1n2Cc1ccccc1,-8.4,3.5304024630711393,34_325
O=C(Nc1cccc(-c2cccc(-c3cccc(-c4ccccc4F)c3)c2)c1)c1cccc(C(F)(F)F)c1,-8.979999999999999,3.003716495802779,34_326
O=C(NCc1ccccc1)c1cccc(-c2cccc(-c3cccc4c(=O)cc(N5CCOCC5)oc34)c2)c1,-9.6,3.439031183870039,34_327
O=C(c1cccc(-c2noc(-c3ccccc3)n2)c1)N1CCN(c2cccc3ccccc23)CC1,-7.6,3.489036491541458,34_328
O=C(c1cccc(-c2cccc(-c3cccc(-c4ccccc4F)c3)c2)c1)N1CCNCC1,-9.325,3.508189933556279,34_329
O=C(Nc1cccc(-c2cccc(-c3cccc(-c4nc5ccccc5[nH]4)c3)c2)c1)Nc1cccc(Cl)c1F,-10.2,3.1669153143306814,34_330
O=C(Nc1cccc(-c2cccc(-c3cccc(-c4nccs4)c3)c2)c1)c1ccccc1,-8.45,3.4357970050357913,34_331
O=C(Nc1ccc2c(c1)Cc1ccccc1-2)c1cccc(-c2cccc(-c3cccc(-c4cccc(Cl)c4)c3)c2)c1,-9.0,2.8932659359583943,34_332
O=C(Nc1ccc(-c2cccc(-c3cccc(-c4ccccc4F)c3)c2)cc1)c1ccccc1,-8.7,3.188129789925851,34_333
O=C(Nc1cccc(-c2cccc(-c3ccc4c(c3)OCO4)c2)c1)c1ccccc1-c1ccccc1,-8.6,3.252289900448113,34_334
Cc1cccc(Cn2c(-c3cccc(-c4ccc5c(c4)OCCO5)c3)cc3cc(F)ccc32)c1,-9.5,3.289984936677582,34_335
CC1=NNC2=S(CC(Oc3ccccc3)=CC=CC1)CC(c1cc3ccccc3oc1=O)=N2,-8.1,1.1779936584157404,34_336
Nc1nc(CC(=O)N2CCCC(c3ccccc3)C2)cs1,-6.8,3.7576506534413623,34_337
O=C(Nc1cccc(-c2ccc3c(c2)OCCO3)c1)c1cccc(-c2cccc(-c3ccc4c(c3)OCO4)c2)c1,-8.299999999999999,3.285615188176293,34_338
O=C(c1nn(-c2cccc(F)c2)c2c1CS(=O)(=O)c1ccccc1-2)N1CCNCC1,-6.9,3.634815091527261,34_339
N#Cc1ccccc1-c1cccc(C2c3ccccc3C(=O)N2c2cccc(-c3cccc(-c4cccc(-c5ccccc5F)c4)c3)c2)c1,-8.0,2.843969151517639,34_340
Nc1ccc(-c2cccc(-c3cc4ccccc4o3)c2)cc1,-7.8,3.435608162037461,34_341
O=COC1(c2ccccc2)CCC(C(=O)Nc2cc(-c3cccc(C(F)(F)F)c3)ccn2)CC1,-6.8,3.6501229152267856,34_342
O=S(=O)(Nc1cccc(F)c1F)c1cccc(-c2cccc(-c3nc4cc(F)ccc4[nH]3)c2)c1,-8.5,3.501300992021357,34_343
O=C(c1cccc(-c2cccc(-c3cccc(-c4nc5ccccc5[nH]4)c3)c2)c1)N1CCNCC1,-9.325,3.440998249723921,34_344
O=C(Nc1cccc(-c2cccc(-c3ncccc3CF)c2)c1)c1cccc(-c2cccc(-c3cccc(-c4ccccc4F)c3)c2)c1,-8.5,2.8795391462741056,34_345
O=C(N[C@@H]1C[C@@H]2CO[C@H](c3ccc(Cl)cc3)O[C@H]2C1)c1cccc(-c2ccc3c(c2)OCO3)c1,-8.1,3.5181106392734325,34_346
O=C(Nc1cccc(-c2cccc(-c3cccc(-c4nc5cc(F)ccc5[nH]4)c3)c2)c1)c1ccccc1,-9.1,3.297956728102947,34_347
O=C1Nc2ccc(Cl)cc2C1=NN=Cc1ccccc1OCc1ccccc1,-8.2,3.6558673477926904,34_348
O=C(c1cccc(-c2cccc(-c3ccc4c(c3)OCCO4)c2Cl)n1)N1CCNCC1,-8.233333333333333,3.66783820469995,34_349
O=C(/C=C/c1ccc(-c2ccccc2F)cc1Oc1ccccc1C(=O)O)c1ccccc1,-8.7,3.450889753722861,34_350
Cn1c(-c2cccc(-c3cccc(NC(=O)c4ccccc4F)c3)c2)nc2ccccc21,-8.6,3.3956733809905395,34_351
O=CC1=C(c2cc(O)c(O)c(F)c2)c2cccc(-c3cccc(-c4cccc(C(=O)N5CCOCC5)c4)c3)c21,-9.2,3.3591145359254817,34_352
N#Cc1cccnc1-c1cccc(-c2cccc(-c3cccc(-c4cccc(NC(=O)/C=C/c5cccc(F)c5)c4)c3)c2)c1,-8.7,3.1049294294613574,34_353
O=C(Nc1ccc(Nc2ncnc3cc(OCCCN4CCOCC4)ccc23)cc1)c1ccccc1F,-7.7,3.4601836886765653,34_354
O=C(COC(=O)c1ccccc1NC(=O)c1cccs1)Nc1ccccc1N1CCOCC1,-6.8,3.606528237895878,34_355
O=C(Nc1cccc(-c2ccc3c(c2)OCCO3)c1)c1cccc(-c2cccc(-c3cccc(-c4ccccc4OC(F)(F)F)c3)c2)c1,-8.3,3.1446226529863197,34_356
O=C(COc1ccccc1N1C(=O)c2ccccc2C1=O)NCc1ccc2c(c1)OCO2,-7.8,3.6160785436265437,34_357
Cc1cccc(NC(=O)c2cccc(-c3cccc(-c4nc5ccccc5[nH]4)c3)c2)c1,-8.1,3.3143656625993705,34_358
CC(C)=CCOC=C1C=C(c2cccc(-c3ccc4c(c3)OCO4)c2)CC1=Nc1nc2ccccc2n1C,-8.9,3.179524019590506,34_359
COC=C1C=CC(C(NC2CCN(c3ncnc4c3cnn4-c3ccccc3)C2)c2cccc(OC)c2)=C1,-8.0,3.3917591243221192,34_360
O=C(Nc1cc(-c2cccc(-c3cccc(-c4ccccc4F)c3)c2)ccn1)c1ccccc1Cl,-8.6,3.327890336005721,34_361
O=C1c2ccccc2-[n+]2cccc(-c3ccc4c(c3)OCO4)c21,-7.9,3.4565020050823723,34_362
O=C(c1cccc(-c2ccc3c(c2)OCCO3)c1)N1CCN(c2cccc(-n3ccccc3=O)n2)CC1,-9.0,3.5077992058163363,34_363
C=Cc1c(C(=O)Nc2cccc(-c3ccc4c(=O)[nH]cnc4c3)c2)ccc2c1=CCC=2,-7.7,3.5331900104019165,34_364
O=C(Nc1cccc(-c2cccc(-c3nc4cc(F)ccc4[nH]3)c2F)c1)c1cccc(-c2ccccc2Cl)c1,-9.2,3.253136918853362,34_365
O=C(Nc1cccc(C(=O)O)c1)Nc1cccc(-c2cccc(-c3cccc(-c4nc5ccccc5[nH]4)c3)c2)c1,-9.9,3.17124917363241,34_366
O=C(c1cccc(-c2cccc(-c3cccc4ccccc34)c2)c1)N1CCN(S(=O)(=O)c2ccc(Cl)cc2)CC1,-9.2,3.3152665343643477,34_367
O=C1c2ccccc2C(=O)c2c1ccc1c2nc(-c2ccccc2CO)n1-c1cccc(C(F)(F)F)c1,-7.6,3.4940966088484737,34_368
O=C(Nc1cccc(-c2cccc(-c3ncccc3CO)c2)c1)c1cccc(-c2cccc(F)c2)c1,-8.5,3.282658090317321,34_369
Cc1cn(-c2cccc(-c3cccc(-c4cccc(F)c4)c3)c2)c(-c2ccc(Cl)cc2)c1C(=O)Nc1cccc(O)c1,-8.3,3.07873017758858,34_370
O=C(Nc1cccc(-c2cccc(-c3cccc(F)c3)c2)c1)c1cccc(C(F)(F)F)c1,-8.34,3.2672233782541786,34_371
O=C(Nc1cccc(-c2cccc(-c3cccc(F)c3)c2)c1)c1cccc(-c2cccc(-c3cccc4ccccc34)c2)c1,-8.3,2.9319615900351637,34_372
O=C(Nc1cccc(-c2cccc(-c3nc4cc(F)ccc4[nH]3)c2)c1)c1ccccc1Cl,-8.1,3.4176756792897534,34_373
O=CC(c1ccccc1NCc1ccccc1)n1cc(-c2cccc(C(F)(F)F)c2)nn1,-7.3,3.6246329722408883,34_374
O=C(c1cccc(-c2cccc(-c3cccc(C(F)(F)F)c3)c2)c1)N1CCNCC1,-8.5,3.642566566269835,34_375
O=C(c1cccc(-c2cccc(-c3cccc(Cl)c3)c2)c1)N1CCN(Cc2ccc3c(c2)OCO3)CC1,-8.8,3.402535658194016,34_376
O=C(NCCC(=O)N1CCC(Cc2ccccc2)CC1)c1cccc(-c2cccc(-c3cccc(-c4cccc(C(F)(F)F)c4)c3)c2)c1,-8.7,3.017899002613191,34_377
O=C(Nc1ccc2c(c1)OCCO2)c1cccc(-c2cccc(-c3cccc(-c4ccccc4F)c3)c2)c1,-8.8,3.336123944050671,34_378
O=C(Nc1ccccc1Nc1cccc(C(=O)N2CCCCC2)c1)c1cccc(-c2cccc(-c3cccc(-c4ccccc4F)c3)c2)c1,-8.2,3.010467359854301,34_379
CC(C)c1cc(-c2cccc(-c3cccc(-c4nc5ccccc5[nH]4)c3)c2)ccc1C(=O)NS(C)(=O)=O,-8.5,3.4235073715821733,34_380
O=C(c1cccc(-c2cccc(-c3cccc(-c4ccccc4F)c3)c2)c1)N1CCNCC1,-9.325,3.508189933556279,34_381
O=S(=O)(Nc1cccc(-c2ccccc2F)c1)c1cccc(-c2cccc(-c3ccc4c(c3)OCO4)c2)c1,-8.6,3.327677975094696,34_382
O=C(c1cccc(-c2cccc(C(=O)N3CCN4CCC[C@@H]4C3)c2)c1)N1CCOCC1,-8.0,3.4875140345915683,34_383
O=C(Nc1cccc(-c2ccc3c(c2)OCO3)c1)c1cc(-c2ccc3c(c2)OCO3)nc2ccccc12,-8.9,3.3762111378340975,34_384
O=C(c1cccc(-c2cccc(-c3nc4cc(F)ccc4[nH]3)c2)c1)N1CCNCC1,-8.5375,3.6450984636569372,34_385
O=C1c2ccccc2C(=O)c2c1ncn2-c1ccc2c(cnn2Cc2ccccc2)c1,-8.2,3.529243209815915,34_386
O=C(Nc1cccc(-c2cccc(-c3nc4ccccc4[nH]3)c2)c1)c1cccc(-c2cccc(-c3cccc4ccccc34)c2)c1,-8.8,3.0387416890383356,34_387
C=C(C=CC=CC1=CC=CC(C(=O)O)C1)c1cc(-c2cccc(C(=O)O)c2)cc(-c2cccc(-c3ccc4c(c3)OCO4)c2)c1,-7.5,3.0981708349726795,34_388
O=CNC(=O)N(C=CF)CCN=C1NN=C1CNc1ccccc1-c1cccc(-c2ccco2)c1,-7.8,3.456867592788699,34_389
O=C1CC(c2cccc(-c3cccc(-c4cccc(-c5nc6ccccc6[nH]5)c4)c3)c2)CCN1,-9.4,3.354196217917422,34_390
O=C(c1cccc(-c2ccc3c(c2)OCO3)c1)N1CCCC(c2ccccc2)C1c1cccc(F)c1,-8.6,3.357099858599023,34_391
O=c1[nH]c2ccccc2nc1/C=C/c1ccc(-c2ccc3c(c2)OCO3)cc1,-8.0,3.6711509078690794,34_392
O=C(Nc1cccc(-c2cccc(-c3nc4cc(F)ccc4[nH]3)c2)c1)c1ccccc1,-8.444827586206896,3.4293586076098226,34_393
O=C(Nc1cccc(-c2cccc(-c3cccc(-c4cccc(-c5cccc(F)c5)c4)c3)c2)c1)c1ccccc1,-10.0,3.034399838423724,34_394
O=C(c1cccc(-c2cccc(-c3cccc(F)c3)c2)c1)N1CCN(c2cccc(C(F)(F)F)c2)CC1,-8.833333333333332,3.323511212462599,34_395
O=C(c1cccc(-c2cccc(C(=O)N3CCN(c4ccccc4)CC3)c2)c1)N1CCOCC1,-8.4,3.5953511473089197,34_396
C[C@H](c1cccc(-c2cccc(C(=O)N3CCNCC3)c2)c1)N1CCN(C(=O)OC(C)(C)C)CC1,-7.7,3.6506249972943197,34_397
O=C(NC1CNC(c2cc(F)cc3cccnc23)Oc2ccccc21)c1cccc(-c2cccc(-c3nccs3)c2)c1,-9.1,2.345308564992923,34_398
O=C(OCN1C(=O)c2ccccc2C1=O)c1cccc(-c2cccc(-c3cccc4ccccc34)c2)c1,-7.5,3.209560612167474,34_399
O=C(Nc1nc2ccccc2c2cc(-c3ccccc3)nn12)c1cccc(-c2cccc(-c3ccccc3)c2)c1,-9.1,3.350973706438546,34_400
O=c1cc(-c2ccc(Cl)cc2)c2ccccc2n1-c1cccc(-c2cccc(-c3cccc(C(F)(F)F)c3)c2)c1,-9.1,3.003683395310353,34_401
N#Cc1cccnc1-c1cccc(-c2cccc(-c3cccc(NC(=O)c4ccccc4)c3)c2)c1,-8.654545454545454,3.4145575848364174,34_402
O=C(Nc1cccc(-c2cccc(-c3nc4cc(F)ccc4[nH]3)c2)c1)c1ccccc1,-8.444827586206896,3.4293586076098226,34_403
O=C(CNC(=O)Nc1cc(-c2cccc(C(F)(F)F)c2)ccc1-c1ccccc1)Nc1cccc(C(=O)O)c1,-8.3,3.3003165411314903,34_404
O=C(Nc1cc(-c2cccc(C(=O)N3CCOCC3)c2)ccn1)c1cccc(-c2ccccc2F)c1,-8.4,3.6403780296996144,34_405
O=C(Nc1cccc(-c2cccc(-c3cccc(C(F)(F)F)c3)c2)c1)c1ccccc1F,-8.7,3.2672233782541786,34_406
O=C(c1cccc(-c2cccc(-c3cccc(-c4cccc(F)c4)c3)c2)c1)N1CCNCC1,-9.411111111111113,3.508189933556279,34_407
O=C(c1cccc(-c2cccc(-c3cccc4ccccc34)c2)c1)N1CCN(C(=O)c2cccc(F)c2F)CC1,-10.1,3.2507959847575894,34_408
O=C(Nc1cccc(-c2cccc(-c3cccc(C(=O)N4CCOCC4)c3)c2)c1)c1ccccc1,-8.816666666666668,3.5759240999335113,34_409
O=C(Nc1ccccc1)c1cc(-c2cccc3ccccc23)nc2ccccc12,-8.8,3.383949932654459,34_410
O=C(Nc1cccc(-c2cccc(-c3cccc(-c4nc5ccccc5[nH]4)c3)c2)c1)c1ccccc1,-9.190000000000001,3.3039417341933515,34_411
O=C1CCNCCNc2c1cccc2-c1cccc(-c2cccc(-c3ccccc3F)c2)c1,-9.75,1.3112685162829383,34_412
Cc1cccc(C(=O)Nc2ccc(N3CCN(c4ccccc4)CC3)nc2)n1,-6.8,3.781437258442634,34_413
O=C(Nc1cccc(-c2cccc(-c3nc4ccccc4[nH]3)c2)c1)c1ccccc1F,-8.525,3.4293586076098226,34_414
O=C(Nc1cccc(-c2cccc(-c3ncccc3CO)c2)c1)c1cccc(-c2ccc3c(c2)OCO3)c1,-8.8,3.3955856422331534,34_415
CCn1ccc(-c2cccc(-c3cccc(-c4nc5ccccc5[nH]4)c3)c2)n1,-8.2,3.4913425935650295,34_416
O=C(Nc1cccc(-c2cccc(-c3cccc(-c4ccccc4F)c3)c2)c1)c1ccccc1,-9.233333333333333,3.188129789925851,34_417
O=C(Nc1cc(C(F)(F)F)cc(C(F)(F)F)c1)c1cccc(-c2cccc(-c3ccc4c(c3)OCO4)c2)c1,-8.5,3.406346798946382,34_418
O=C(c1cccc(-c2cccc(-c3cccc(-c4ccccc4F)c3)c2)c1)N1CCNCC1Cc1ccccc1,-9.1,3.222411365079754,34_419
O=C(NCCCO)c1cccc(NC(=O)c2cccc(-c3cccc(-c4cccc(-c5ccccc5OC(F)(F)F)c4)c3)c2)c1,-7.5,3.0752969748740977,34_420
O=C(Nc1cccc(-c2cc(-c3cccc(-c4ccccc4F)c3)no2)c1)c1ccccc1,-8.5,3.4639222563571757,34_421
O=C(N[C@@H]1c2ccccc2CC1Nc1cccc(-c2cccc(C(F)(F)F)c2)c1)C1CCCN1,-8.2,3.492236217970828,34_422
O=C(Nc1cccc(-c2cccc(-c3cccc(C(=O)N4CCOCC4)c3)c2)c1)c1ccccc1,-8.816666666666668,3.5759240999335113,34_423
O=C(c1cccc(-c2cccc(-c3nc4cc(F)ccc4[nH]3)c2)c1)N1CCNCC1,-8.5375,3.6450984636569372,34_424
O=C(Nc1cccc(-c2cccc(-c3nc4cc(F)ccc4[nH]3)c2)c1)c1ccccc1,-8.444827586206896,3.4293586076098226,34_425
O=C(Nc1cccc(Nc2cccc(-c3cccc(-c4cccc(F)c4)c3)c2)c1)c1ccccc1,-8.3,3.2585565674774757,34_426
O=C(Nc1cccc(-c2ccc3c(c2)OCCO3)c1)c1ccccc1Nc1ccc2c(C=Cc3ccccn3)[nH]nc2c1,-7.9,3.1973557379403843,34_427
CS1=C(C2C=CC3=NC(=O)OC32)CC=C1c1cccc(-c2cccc(C(=O)N3CCOCC3)c2)c1,-9.1,3.340302332562139,34_428
O=C1N[C@H]2[CH][C@@]34CCN(C5CC5)C(=C2)[C@@]3(O)[CH]Cc2ccc(cc24)C(=O)OO1,-7.0,0.8707691108017181,34_429
O=C(O)c1ccc(-c2cc(-c3ccc4ccccc4c3)c[nH]2)cc1,-7.3,3.446189257470743,34_430
N#Cc1cccnc1-c1cccc(-c2cccc(-c3cccc(C(=O)N4CCNCC4)c3)c2)c1,-8.89090909090909,3.6433678319260787,34_431
O=C(c1cccc(-c2cccc(-c3nc4ccccc4[nH]3)c2)c1)N1CCN(c2cccc(C(F)(F)F)c2)CC1,-8.8,3.431311239574125,34_432
O=C(c1cccc(-c2cccc(-c3cccc(C(F)(F)F)c3)c2)c1)N1CCNCC1,-8.5,3.642566566269835,34_433
O=C(C1CCC1)N1CC(c2nc(-c3cccc(F)c3)no2)C1,-7.1,3.6238126778347075,34_434
Cc1cccc(-c2cccc(-c3cc(-c4ccc5c(c4)OCO5)c4ccccc4n3)c2)c1,-9.3,3.2952259970212436,34_435
O=C(Nc1cccc(-c2cccc(C(F)(F)F)c2)c1)c1cccc(-c2cccc(-c3cccc4ccccc34)c2)c1,-9.3,2.9628017869313688,34_436
O=C(c1cccc(-c2ccc3cccc(F)c3n2)c1)N1CCN(S(=O)(=O)c2cccc(C(F)(F)F)c2)CC1,-8.2,3.4976049442534234,34_437
CC(C)NCC(O)COc1cccc(-c2cccc(-c3cccc(-c4nc5ccccc5n4C)c3)c2)c1,-7.8,3.3644288849851454,34_438
N#Cc1ccc(-c2nc(-c3ccccc3-c3cccc4ccccc34)no2)cc1,-7.5,3.481740107111686,34_439
O=C(Nc1cccc(-c2ccc3ccccc3c2)c1)c1cccc(-c2cccc(-c3nc4cc(F)ccc4[nH]3)c2)c1,-9.3,3.190871308836401,34_440
O=C(Nc1cccc(C(=O)N2CCOCC2)c1)c1cccc(-c2cccc(-c3cccc(-c4ccccc4F)c3)c2)c1,-8.4,3.318291864592828,34_441
O=C(Nc1cccc(Cl)c1)Nc1cccc(-c2cccc(-c3cccc(-c4nc5ccccc5[nH]4)c3)c2)c1,-10.0,3.1998480188755467,34_442
O=C(O)c1cn(C2CC2)c2c(c1=O)c1cc(-c3ccc4ccccc4c3)ccc1n2C(=O)NCc1ccccc1,-8.7,3.3796774660026347,34_443
O=C(Nc1cccc(-c2cccc(-c3cccc(-c4ccncc4F)c3)c2)c1)c1ccccc1,-9.0,3.354900963563098,34_444
O=[N+]([O-])c1cccc(-c2cccc(-c3cccc(-c4nc5cc(F)ccc5[nH]4)c3)c2)c1,-8.6,3.426269621845235,34_445
O=C1CCNCCNc2c1cccc2-c1cccc(-c2cccc(-c3ccccc3F)c2)c1,-9.75,1.3112685162829383,34_446
Cn1c(-c2cccc(-c3cccc(NC(=O)Nc4ccccc4-c4ccccc4)c3)c2)nc2ccccc21,-9.1,3.223561488915525,34_447
N#Cc1cccnc1-c1cccc(-c2cccc(NC(=O)c3ccccc3C(=O)Nc3ccc4ccccc4c3)c2)c1,-9.4,3.2801383068115095,34_448
COc1ccc2cc([C@H]3C=NN=C(SCc4ccccc4-c4cccc(C(F)(F)F)c4)OC3)ccc2c1,-7.5,2.476995438204114,34_449
O=C(Nc1ccc2c(c1)-c1ccccc1C2)c1cccc(-c2cccc(-c3nc4ccccc4[nH]3)c2)c1,-9.8,3.192711585698961,34_450
FC(F)(F)c1cccc(Nc2ccccc2-c2cn(C3=CC=CC3)nn2)c1,-8.0,3.7249388940967374,34_451
ON=C(c1cccc(-c2cccc(-c3nc4ccccc4[nH]3)c2)c1)c1cc2ccccc2o1,-9.1,3.2936539458874416,34_452
O=C(c1cccc(-c2cccc(-c3nc4cc(F)ccc4[nH]3)c2)c1)c1cccc(-c2ccc3c(c2)OCO3)c1,-9.3,3.2405149085047644,34_453
O=C(Nc1ccc(Br)cc1)Nc1ccc(-c2cccc(-c3cccc(-c4cccc(C(=O)N5CCOCC5)c4)c3)c2)cc1,-8.0,3.214669396333715,34_454
Cn1c(-c2cccc(-c3cccc(-c4cccc(C(=O)Nc5ccccc5N5CCOCC5)c4)c3)c2)nc2ccccc21,-9.4,3.3122803620583534,34_455
O=C(Nc1cccc(-c2cccc(-c3cccc(-c4ccccc4F)c3)c2)c1)c1ccccc1,-9.233333333333333,3.188129789925851,34_456
O=C(O)c1ccc(-c2cccc(-c3cccc4ccccc34)c2)cc1,-8.6,3.423362087874956,34_457
O=C(O)c1ccc(-c2cccc(-c3cccc(C(=O)N4CCOCC4)c3)c2)cc1,-8.1,3.737170910094532,34_458
O=C(Nc1cccc(-c2nc3ccccc3[nH]2)c1)c1cccc(-c2cccc3c(=O)cc(N4CCOCC4)oc23)c1,-9.0,3.3869899202608433,34_459
O=C(Nc1cccc(-c2cccc(-c3nc(=O)o[nH]3)c2)c1)c1cccc(-c2ccccc2F)c1,-8.4,3.529443324166654,34_460
O=Cc1c(NC(=O)c2ccc3ccccc3c2)cccc1-c1cccc(-c2cccc(C(F)(F)F)c2)c1,-8.4,3.181177531428296,34_461
O=C(Nc1ccccc1)Nc1nccc(-c2cccc(-c3cccc(C(=O)N4CCOCC4)c3)c2)n1,-9.1,3.5970826558642903,34_462
O=c1c2ccccc2nc(-c2cccc(-c3ccc4cc5ccccc5nc4c3O)c2)n1-c1cccc(-c2cccc(-c3nn[nH]n3)c2)c1,-8.4,3.07476175805918,34_463
O=C(Nc1ccc(Nc2cccc(-c3cccc4ccccc34)c2)cc1)Nc1cccc(-c2cccc(F)c2F)c1,-9.0,3.0913177279765067,34_464
O=C(Nc1cccc(-c2cccc(-c3nc4cc(F)ccc4[nH]3)c2)c1)c1ccccc1Br,-8.3,3.4021122714716334,34_465
COc1cc2c(cc1OCc1cn(-c3cccc(-c4cccc(-c5cccc(C(F)(F)F)c5)c4)c3)nn1)C=C2,-9.2,3.3259170389913755,34_466
O=C(c1cccc(-c2cccc(-c3cccc(-c4ccccc4F)c3)c2)c1)N1CCNCC1,-9.325,3.508189933556279,34_467
O=C(C=Cc1c(-c2ccc(F)cc2)nc2ccc(-c3cccc(F)c3)cn12)NNC(=O)c1ccccc1,-7.9,3.413674361495649,34_468
Cc1ccc(-c2cccc(-c3cc(-c4ccc5c(c4)OCO5)no3)c2)cc1,-8.0,3.5523936698826772,34_469
Cc1cc(=O)[nH]c2ccc(NC(=O)COc3cccc(C(F)(F)F)c3)cc12,-7.6,3.7262188768408953,34_470
Cn1c(-c2cccc(-c3cccc(N4CCN(C(=O)c5cccc(-c6ccc7c(c6)OCO7)c5)CC4)c3)c2)nc2ccccc21,-8.9,3.180429877605289,34_471
O=C(c1cccc(-c2cccc(C(F)(F)F)c2)c1)N1CCN(c2cccc(-c3cc(-c4ccccc4)cc(-c4ccccc4)c3)c2)CC1,-9.5,2.936600109787894,34_472
O=C(Nc1cccc(-c2cn3cccnc3n2)c1)c1cccc(-c2cccc(-c3ccc4c(c3)OCO4)c2)c1,-8.4,3.341709287884925,34_473
O=C1NCc2ccc(Nc3nccc(-c4cccc(-c5ccccc5CO)c4)n3)cc21,-7.9,3.569472491376061,34_474
O=C(O)c1cc(-c2cc3cc(Cl)ccc3o2)cc(-c2ccc3c(c2)OCCO3)c1O,-8.3,3.6118458641480764,34_475
O=C(c1cccc(-c2cccc(-c3ccc4c(c3)OCO4)c2)c1)N1CCN(c2ccccc2F)CC1,-8.766666666666667,3.461047798442075,34_476
O=C(Nc1cccc(-c2cccc(-c3cccc(C(F)(F)F)c3)c2)c1)c1ccccc1,-8.261538461538462,3.3040276133142337,34_477
Nc1nc(O)c(CC(=O)Nc2cc(Cl)ccc2N2CCOCC2)n1-c1ccccc1,-7.2,3.615954638915857,34_478
O=C(c1cccc(-c2cccc(-c3cccc(-c4cccc(F)c4)c3)c2)c1)N1CCNCC1,-9.411111111111113,3.508189933556279,34_479
O=C(c1cccc(-c2cccc(-c3ccc4c(c3)OCO4)c2)c1)N1CCN(c2ccccc2)CC1,-8.85,3.456180921736461,34_480
O=C(Nc1cccc(C(=O)N2CCOCC2)c1)c1cccc(-c2cccc(-c3ccc4c(c3)OCO4)c2)c1,-8.266666666666666,3.5165313751660845,34_481
Cn1c(-c2cccc(-c3cccc(-c4nnc(NC(=O)c5cccc(C(F)(F)F)c5)s4)c3)c2)nc2ccccc21,-9.2,3.3963014838250123,34_482
O=C(Nc1ccccc1-c1ccco1)c1ccc2c(c1)OCO2,-7.4,3.751361997246157,34_483
O=C(NCc1cccc(Cl)c1)c1cncc(-c2cccc(-c3cccc(-c4cccc(C(F)(F)F)c4)c3)c2)c1,-8.3,3.248543259755314,34_484
O=C(Nc1cccc(-c2cccc(-c3nc4cc(F)ccc4[nH]3)c2)c1)c1ccccc1F,-8.622222222222224,3.443853177840764,34_485
N#Cc1cccnc1-c1cccc(-c2cccc(-c3cccc(NC(=O)c4ccccc4)c3)c2)c1,-8.654545454545454,3.4145575848364174,34_486
O=C(c1cccc(-c2cccc(-c3cccc(F)c3)c2)c1)N1CCN(c2cccc(C(F)(F)F)c2)CC1,-8.833333333333332,3.323511212462599,34_487
O=C(Nc1cccc(-c2cccc(C(=O)N3CCOCC3)c2)c1)c1cccc(-c2cccc(-c3cccc(-c4ccccc4F)c3)c2)c1,-9.25,3.1263049815711668,34_488
N#Cc1cccnc1-c1cccc(-c2cccc(-c3cccc(-c4cccc(-c5cccc(N=C(N)N)c5)c4)c3)c2)c1,-9.9,3.119224497262737,34_489
O=c1[nH]cnc2c1ncn2[C@@H]1C[C@H](CO)[C@@H](COP2(=O)OCc3ccccc3O2)O1,-7.3,3.2873861275807883,34_490
Cn1c(-c2cccc(-c3cccc(-c4cccc(NC(=O)c5cccc(C(F)(F)F)c5)c4)c3)c2)nc2ccccc21,-8.8,3.2840729879712063,34_491
O=C(Oc1cccc(-c2cccc(-c3cccc(C(=O)N4CCOCC4)c3)c2)c1)c1cccc(C(F)(F)F)c1,-9.1,3.4133143690178867,34_492
O=C(Nc1cccc(-c2cccc(-c3cccc(-c4cccc(F)c4)c3)c2)c1)c1ccccc1,-9.142857142857142,3.188129789925851,34_493
CC=CC=C1C(c2cccc(-c3cccc(-c4cccc(F)c4)c3)c2)NC(=O)C1c1ccccc1,-8.4,3.2767678252373593,34_494
O=C(Nc1cccc(-c2cccc(-c3cccc(-c4ccccc4F)c3)c2)c1)c1ccccc1,-9.233333333333333,3.188129789925851,34_495
O=C(Nc1cccc(-c2cccc(-c3nc4cc(F)ccc4[nH]3)c2)c1)c1ccccc1F,-8.622222222222224,3.443853177840764,34_496
O=c1c2ccccc2nc(-c2ccccc2)n1-c1cccc(-c2cccc(-c3ccc4c(c3)OCO4)c2)c1,-8.6,3.2676708629261944,34_497
O=C(O)c1ccc(-c2cccc(-c3cccc(-c4cccc(-c5nn[nH]n5)c4)c3)c2)cc1,-9.0,3.5209447570051324,34_498
Cc1ccc(-c2cc(-c3cccc(-c4cccc(C(=O)N(C)C)c4)c3)c3ccccc3n2)cc1C,-9.4,3.2616142699149457,34_499
C=C1c2c(O)cccc2-c2nc(C3C=CC=CO3)cc(-c3cccc(F)c3)c21,-8.4,3.530050979862832,34_500
O=C(c1cccc(-c2cccc(-c3cccc4ccccc34)c2)c1)N1CCN(C(c2ccccc2)c2cccc3ccccc23)CC1,-8.9,2.9428731521596436,34_501
O=C1c2ccccc2C(=O)c2c1cc(NS(=O)(=O)c1ccc(C(F)(F)F)cc1)cc2-c1ccccc1,-8.5,3.5317798338323474,34_502
O=C(Nc1cc(C(F)(F)F)cc(C(F)(F)F)c1)c1cccc(-c2cccc(-c3cccc(-c4nc5cc(F)ccc5[nH]4)c3)c2)c1,-9.2,3.093047323667414,34_503
O=C(O)CNc1cccc(-c2cccc(-c3cccc(-c4nc5cc(F)ccc5[nH]4)c3)c2)c1,-7.8,3.313918162267851,34_504
O=C(c1cccc(-c2cccc(-c3ccc4c(c3)OCCO4)c2F)c1)N1CCNCC1,-8.366666666666667,3.6553838184373157,34_505
O=C(c1cccc(-c2cccc(-c3cccc(-c4nn[nH]n4)c3)c2)c1)N1CCNCC1,-9.0,3.6709921779215158,34_506
O=C(Nc1cccc(-c2cccc(-c3nc4cc(F)ccc4[nH]3)c2)c1)c1ccccc1,-8.444827586206896,3.4293586076098226,34_507
Cc1ccccc1-c1nnc(-c2cccc(-c3cccc(-c4nc5ccccc5n4C)c3)c2)o1,-9.1,3.421135083282267,34_508
O=C1c2cccc3cccc(c23)C(=O)N1c1cccc(-c2cccc(-c3cccc(-c4cccc(-c5ccccc5F)c4)c3)c2)c1,-10.6,2.9572362867262005,34_509
O=C(Nc1cccc(-c2cc(-c3cccc(-c4ccccc4F)c3)[nH]n2)c1)c1ccccc1,-8.5,3.4045501256085924,34_510
O=C(c1ccc(NS(=O)(=O)c2cccc3cccnc23)cc1)N1CCN(c2cccc([N+](=O)[O-])c2)CC1,-8.1,3.451371351582659,34_511
O=C1c2ccccc2C(=O)c2c1ccc1[nH]c(-c3cccc4ccccc34)nc21,-8.7,3.475209941530016,34_512
O=C(c1cccc(-c2cccc(-c3nc4ccccc4[nH]3)c2)c1)N1CCN(c2cccc(Cl)c2)CC1,-8.8625,3.440092756302386,34_513
Cc1cc(Nc2cccc(-c3cccc(C(=O)N4CCOCC4)c3)c2)n2nc(C(F)(F)Cl)nc2n1,-8.6,3.5725635163419653,34_514
O=C(Nc1cccc(-c2cccc(-c3cccc(C(=O)N4CCOCC4)c3)c2)c1)c1ccccc1,-8.816666666666668,3.5759240999335113,34_515
O=C1NC(c2ccccc2)(c2ccccc2)C(=O)N1c1cccc(-c2ccc3c(c2)OCO3)c1,-8.5,3.519345868618985,34_516
N#Cc1cccnc1-c1cccc(-c2cccc(-c3nnc(NC(=O)c4ccccc4)o3)c2)c1,-8.5,3.5336163567769834,34_517
CN1CCC(NC(=O)c2cccc(-c3cccc(-c4ccc5c(c4)OCO5)c3)c2)C=C1C(F)(F)F,-8.6,3.6161413685287114,34_518
Cn1c(-c2cccc(-c3cccc(-c4cccc(C#N)c4)c3)c2)nc2ccccc21,-8.9,3.280086549414622,34_519
O=C(Nc1cccc(-c2cccc(-c3nc4cc(F)ccc4[nH]3)c2)c1)Nc1cccc(-c2cccc(F)c2F)c1,-9.683333333333334,3.1875244530828533,34_520
O=C1C=C(c2ccc3c(-c4cccc(-c5ccccc5F)c4)cc(=O)oc3c2)C(=O)c2ccccc21,-9.6,3.3510543594493,34_521
O=C(c1cccc(-c2cccc(C(=O)N3CCN(c4cccc(C(F)(F)F)c4)CC3)c2)c1)N1CCOCC1,-8.577777777777776,3.5675074243249583,34_522
O=C(Nc1cccc(-c2cccc(-c3cccc(C(=O)N4CCOCC4)c3)c2)c1)c1cccc(C(F)(F)F)c1,-8.7,3.537920848713541,34_523
O=C(c1cccc(Cc2n[nH]c(=O)c3c2CCCC3)c1)N1CCN(S(=O)(=O)c2ccc(F)cc2)CC1,-8.7,3.6025897721386317,34_524
O=C(NNC(=O)c1cc(-c2ccccc2)nc2ccccc12)c1cccnc1,-7.7,3.6308706709318397,34_525
O=C(Nc1ccc2c(c1)OCO2)c1cccc(-c2cccc(-c3cccc(-c4nc5ccccc5[nH]4)c3)c2)c1,-9.7,3.270782848042287,34_526
O=C(c1cccc(-c2cccc(-c3cccc(F)c3)c2)n1)N1CCN2CCCC2C1,-8.6,3.566082649121645,34_527
Cn1c(-c2cccc(-c3cccc(-c4ccc5[nH]c(O)cc5c4)c3)c2)nc2ccccc21,-9.0,3.3251027114286438,34_528
CC=C1C=CC(C(=O)Nc2cccc(-c3cccc(-c4nc5cc(F)ccc5[nH]4)c3)c2)=C1,-8.9,3.4246156185725622,34_529
O=C(/C=C/c1cccc(F)c1)Nc1cccc(-c2cccc(-c3cccc(-c4nc5ccccc5[nH]4)c3)c2)c1,-8.8,3.201961871028516,34_530
O=C(Nc1ccccc1C(=O)N1CCOCC1)c1cncc(-c2cccc(-c3cccc(-c4ccccc4OC(F)(F)F)c3)c2)c1,-8.8,3.3060805560156528,34_531
O=C(Nc1cccc(-c2ccc3c(c2)OCCO3)c1)c1cccc(-c2cccc(-c3cccc(-c4ccccc4F)c3)c2)c1,-9.033333333333333,3.134058023091097,34_532
O=C(Nc1cccc(-c2cccc(-c3ccc4c(c3)OCO4)c2)c1)Nc1cc(F)ccc1F,-8.8,3.4746460560281944,34_533
O=C(Nc1cccc(-c2cccc(-c3cccc(C(=O)N4CCOCC4)c3)c2)c1)c1ccccc1F,-8.2,3.5714240444231855,34_534
O=C(Nc1cccc(-c2cccc(-c3nc4cc(F)ccc4[nH]3)c2)c1)c1ccccc1,-8.444827586206896,3.4293586076098226,34_535
O=C(Nc1ccccc1)Nc1cccc(-c2cccc(-c3cccc(C(=O)N4CCOCC4)c3)c2)c1,-8.766666666666667,3.5384941206804585,34_536
O=S(=O)(C=C1C=CC(c2cc3ccccc3c3ccccc23)=C1)N1CCN(c2ccccc2-c2ccccc2)CC1,-8.5,3.112791646593073,34_537
O=C(N/N=C/c1cccc(-c2cccc(-c3ccccc3)c2)c1)c1cccc(-c2ccc3c(c2)OCO3)c1,-8.2,3.2132957360549925,34_538
O=C(Nc1ccc2c(c1)OCO2)c1cncc(-c2cccc(-c3cccc(-c4cccc(F)c4)c3)c2)c1,-8.9,3.3524238791642524,34_539
CC1=C(c2cc(-c3ccc4ccccc4c3)on2)CC[C@H]2C3Cc4c(ccc5c4CCc4ccccc4-5)C[C]3CC[C@H]12,-7.6,2.6857344649804964,34_540
O=C(O)C=C1C=C(c2cccc(-c3ccccc3F)c2)C=C1c1cccc2ccccc12,-8.9,3.3154399812602913,34_541
O=C(Nc1cccc(-c2cccc(-c3nc4cc(F)ccc4[nH]3)c2F)c1)c1ccccc1,-8.641176470588235,3.443853177840764,34_542
O=C(Nc1cccc(-c2cccc(F)c2)c1)c1cccc(-c2cccc(-c3nc4cc(F)ccc4[nH]3)c2)c1,-8.4,3.2933415530638275,34_543
O=C(Nc1cccc(-c2cccc(C(=O)N3CCOCC3)c2)c1)c1cccc(-c2cccc(-c3cccc(-c4ccccc4F)c3)c2)c1,-9.25,3.1263049815711668,34_544
O=C(c1cc2ccc(-c3cccc(-c4ccccc4F)c3)cc2s1)N1CCN2CCC[C@@H]2C1,-8.8,3.3530939451536685,34_545
O=C(c1cccc(-c2cccc(C(=O)N3CCN(C(=O)c4cccc(F)c4F)CC3)c2)c1)N1CCOCC1,-8.3,3.588587880517159,34_546
N#Cc1cccnc1-c1cccc(-c2cccc(-c3cccc(-c4cccc(NC(=O)c5ccccc5)c4)c3)c2)c1,-9.8,3.248638741356733,34_547
O=C(Nc1cccc(-c2cccc(-c3nc4ccccc4[nH]3)c2)c1)c1cccc(C(F)(F)F)c1,-8.440000000000001,3.31558797004833,34_548
O=C(Nc1cccc2ccccc12)c1cccc(-c2cccc(-c3cccc(-c4cccc(C(F)(F)F)c4)c3)c2)c1,-9.649999999999999,2.9628017869313688,34_549
O=C1Nc2ccccc2C1=Nc1cccc(-c2cccc(-c3cccc(-c4cccc(C(F)(F)F)c4)c3)c2)c1,-10.1,3.1575286262723146,34_550
O=C(Nc1cccc(-c2cccc(-c3cccc(C(F)(F)F)c3)c2)c1)c1ccccc1Cl,-8.0,3.2733973874543887,34_551
O=C(c1cccc(-c2cccc(-c3ccc4ccccc4c3)c2)c1)N1CCN(c2ccccn2)CC1,-9.1,3.3419638862644048,34_552
O=C(Nc1cccc(-c2cccc(-c3cccc(-c4cccc(F)c4)c3)c2)c1)c1ccccc1,-9.142857142857142,3.188129789925851,34_553
O=C(O)c1ccc(C(=O)O)c(C(=O)C(Cc2ccccc2)NC(=O)c2cc3ccccc3s2)c1,-7.0,3.4336509870317693,34_554
CN(C)C(=O)c1cccc(-c2cccc(-c3cccc(-c4cccc(-c5c[nH]cn5)c4)c3)c2)c1,-9.8,3.375107943561629,34_555
O=C(NCc1ccccn1)c1ccc2nc(-c3cccc(-c4cccc(-c5cccc(F)c5)c4)c3)oc2c1,-7.8,3.3436614244017013,34_556
O=C(Nc1cccc(-c2cccc(-c3nc4ccccc4[nH]3)c2)c1)c1cccc(C(F)(F)F)c1,-8.440000000000001,3.31558797004833,34_557
N#Cc1cccnc1-c1cccc(-c2cc(C=C3C(=O)Nc4ccccc43)nc3ccccc23)c1,-8.4,3.4219701761712553,34_558
O=C(Nc1cccc(-c2cccc(-c3nc4cc(F)ccc4[nH]3)c2)c1)c1ccccc1,-8.444827586206896,3.4293586076098226,34_559
Cn1c(-c2cccc(-c3cccc(NC(=O)COC(=O)c4cccc(-c5cccc(C(F)(F)F)c5)c4)c3)c2)nc2ccccc21,-9.1,3.229738806170668,34_560
O=C(Nc1cccc(-c2cccc(C(=O)N3CCOCC3)c2)c1-c1cccc(-c2ccc3c(c2)OCCO3)c1)c1cccc(C(F)(F)F)c1,-9.7,3.161459291116854,34_561
O=C(CN(c1ccccc1)S(=O)(=O)c1cccc(-c2ccc3c(c2)OCO3)c1)Nc1cccc(F)c1,-7.7,3.617113434263563,34_562
O=C1Nc2cc(-c3ccccc3)ccc2/C1=C\c1cccc(-c2cccc(-c3ccccc3OC(F)(F)F)c2)c1,-8.5,3.059524317623831,34_563
N#Cc1cccnc1-c1cccc(-c2cccc(NC(=O)c3ccccc3)c2)c1,-7.9,3.6390737261481023,34_564
O=C(Nc1cccc(-c2cccc(-c3ccccc3)c2)c1)Nc1ccccc1-c1ccccc1,-9.0,3.173610991578638,34_565
O=C(O)c1ccc(-c2cccc(-c3cc(-c4ccc5c(c4)OCO5)c4cccnc4c3)c2)cc1,-8.6,3.398747434084064,34_566
O=C(Nc1cccc(-c2cccc(-c3ccccc3F)c2)c1)c1cccc(-c2cccc(-c3ccc4c(c3)OCO4)c2)c1,-9.1,3.0509717974853863,34_567
Cc1ccccc1Nc1nccc(-c2cccc(-c3cccc(-c4nnco4)c3)c2)n1,-8.4,3.541031503423598,34_568
O=C(Nc1cccc(S(=O)(=O)N=C2CCCN2)c1)c1cccc(-c2cccc(-c3cccc(-c4cccc(-c5cccc(F)c5)c4)c3)c2)c1,-9.0,3.082637058379838,34_569
O=C(Nc1ccccc1F)c1cccc(-c2cccc(-c3cccc(C(=O)N4CCOCC4)c3)c2)c1,-8.5,3.5714240444231855,34_570
O=C(c1cc2ccccc2n1-c1cccc(Cl)c1F)N1CCN(c2ccccc2CN2CCOCC2)CC1,-7.4,3.4579227954387353,34_571
N#Cc1cccnc1-c1cccc(-c2cccc(-c3cccc(NC(=O)c4cccc(F)c4)c3)c2)c1,-8.6,3.4171596091548677,34_572
O=C(Nc1cccnc1C(=O)NCc1ccccc1)c1cc2ccccc2[nH]1,-7.3,3.5840118002208197,34_573
O=C(Nc1cccc2ccccc12)c1cccc(-c2cccc(-c3cccc(C(F)(F)F)c3)c2)c1,-8.7,3.1204900650070133,34_574
Cn1c(-c2cccc(-c3cccc(-c4cccc(NC(=O)c5ccccc5)c4)c3)c2)nc2ccccc21,-9.2,3.2597702572502234,34_575
[CH]OC(=O)C(Cc1ccc(OCc2ccccc2)cc1)NP(=O)(O)OC[C@H](CO[CH]O)O[CH]n1cnc2c(N)ncnc21,-6.0,2.7372494699286722,34_576
O=C(Nc1cccc(-c2cccc(-c3nc4ccccc4[nH]3)c2)c1)c1ccccc1F,-8.525,3.4293586076098226,34_577
O=C(NC(=S)Nc1cccc(C(F)(F)F)c1)c1cccc(-c2cccc(-c3cccc(-c4ccccc4F)c3)c2)c1,-8.3,3.0009070735805574,34_578
O=C(Nc1ccc(-c2ccccc2)cc1)Nc1cccc(-c2cccc(-c3cccc(-c4nc5ccccc5[nH]4)c3)c2)c1,-8.9,3.046305321883966,34_579
O=C(Oc1cccc(-c2cccc(-c3cccc(F)c3)c2)c1)c1cccc(-c2ccccc2F)c1,-8.3,3.1293702801390304,34_580
N#Cc1cccnc1-c1cccc(-c2cccc(N3CCN(C(=O)c4nc(-c5ccccc5)cc(-c5ccccc5F)n4)CC3)c2)c1,-8.5,3.2422263097663695,34_581
O=C(O)c1ccc(-c2cccc(-c3cccc4c(=O)cc(N5CCOCC5)oc34)c2)cc1,-8.2,3.6852003858765032,34_582
O=c1c2ccccc2nc(-c2cccc3ccccc23)n1-c1cccc(-c2cccc(-c3cccc(-c4cccc(-c5cccc(F)c5)c4)c3)c2)c1,-9.2,2.987205266535641,34_583
O=C(CNc1nc2ccccc2n1-c1ccc(F)cc1)N1CCN(c2nc(=O)n3ccccc3n2)CC1,-8.2,3.412142270304148,34_584
O=C(c1cc(Cc2n[nH]c(=O)c3c2NCCC3)ccc1F)N1CCN(c2ccccc2F)CC1,-8.05,3.6459261947647112,34_585
O=c1oc2ccccc2cc1-c1cn(-c2cccc(C(F)(F)F)c2)nn1,-8.2,3.5900422172796187,34_586
O=C(Nc1ccc(-c2cccc(-c3cccc(-c4ccccc4F)c3)c2)cc1)c1ccccc1,-8.7,3.188129789925851,34_587
N#Cc1cccnc1-c1cccc(-c2cccc(-c3cccc(NC(=O)c4ccccn4)c3)c2)c1,-8.3,3.484470377112877,34_588
Cc1cncc(-c2cccc(-c3cccc(-c4cccc(-c5nnc(N)s5)c4)c3)c2)c1,-9.2,3.4295914616847027,34_589
O=C(c1ccc2c(c1)c1ccccc1n2CC1CC1)N1CCN(c2nccc(-c3cccc4ccccc34)n2)CC1,-8.9,3.2687394391901607,34_590
O=C(Nc1cc2c3c(cccc3c1)C(=O)OC2=O)c1cccc(-c2cccc(-c3cccc(-c4ccccc4F)c3)c2)c1,-9.1,3.2003245696936107,34_591
O=C(Nc1cccc(-c2cccc(-c3cccc(-c4ccccc4F)c3)c2)c1)c1ccccc1,-9.233333333333333,3.188129789925851,34_592
O=C(Nc1cccc(-c2cccc(-c3nc4cc(F)ccc4[nH]3)c2)c1)Nc1cccc(-c2cccc3ccccc23)c1,-9.899999999999999,3.079385165865557,34_593
O=C(c1cccc(-c2cccc(-c3cccc4ccccc34)c2)c1)N1CCNCC1,-8.649999999999999,3.487914983949728,34_594
Cc1c(-c2ccccc2CC(=O)NCc2ccccc2C(c2ccccc2)c2ccccc2)cccc1-c1cc(C(N)=O)nc2cc(-c3cccc(C(=O)N(C)C)c3)ccc12,-7.8,2.7306037904374008,34_595
Cn1c(-c2cccc(-c3cccc(NC(=O)Nc4ccccc4-c4cccc(-c5ccc(F)cc5)c4)c3)c2)nc2ccccc21,-10.4,3.0539916384657317,34_596
Cn1c(-c2cccc(-c3cccc(NC(=O)Nc4cccc5c4C4CCCCN4C5=O)c3)c2)nc2ccccc21,-9.5,3.2850453372266646,34_597
O=C(Nc1cccc(-c2cccc(-c3cccc(C(=O)N4CCOCC4)c3)c2)c1)c1ccccc1,-8.816666666666668,3.5759240999335113,34_598
Cn1c(-c2cccc(-c3cccc(N4CCN(C(=O)c5cccc(-c6cccc(F)c6)c5)CC4)c3)c2)nc2ccccc21,-9.3,3.2574131418072065,34_599
N#Cc1cccnc1-c1cccc(-c2cccc(CC(=O)NCc3cccc(-c4cccc(-c5cccc(-c6ncccc6C#N)c5)c4)c3)c2)c1,-8.9,3.0354658122028138,34_600
O=C(c1ccc2c(c1)N(Cc1cccc(F)c1)C(=O)CS2)N1CCN(c2ccccc2)CC1,-7.7,3.6060601900312386,34_601
O=C(Nc1cccc(C(F)(F)F)c1)c1cccc(-c2cccc(-c3ccc4c(c3)OCO4)c2)c1,-8.2,3.550378322436928,34_602
O=C(Nc1cccc(-c2nnco2)c1)c1cccc(-c2cccc(-c3ccc4c(c3)OCO4)c2)c1,-8.05,3.4245010667958535,34_603
O=C(c1cccc(-c2cccc(-c3cccc(-c4ccccc4F)c3)c2)c1)N1CCNCC1,-9.325,3.508189933556279,34_604
O=C(Nc1cccc(-c2cccc(-c3nc4ccccc4[nH]3)c2)c1)c1cccc(C(F)(F)F)c1,-8.440000000000001,3.31558797004833,34_605
Cc1ccc(-n2c(=O)c3c4c(sc3n(CC(=O)NCc3ccco3)c2=O)CCC4)cc1Nc1nccc(-c2cccnc2)n1,-8.1,3.174868865415074,34_606
CC=CC=CC(=O)c1ccc(-c2cccc(-c3cccc(-c4cccc(F)c4)c3)c2)o1,-8.2,3.083442058960567,34_607
O=C(c1cccc(-c2nc3ccccc3[nH]2)c1)N1CCC(C(=O)N2CCN(c3ccc(F)cc3)CC2)CC1,-7.9,3.5602037240778226,34_608
O=C(Nc1cccc(-c2cc3ccccc3[nH]2)c1)c1cccc(-c2cccc(-c3cccc(-c4nc(=O)c5ccccc5[nH]4)c3)c2)c1,-9.0,3.0451133391522927,34_609
O=C(Nc1cccc(-c2cccc(F)c2F)c1)c1cccc(-c2cccc(-c3nccs3)c2)c1,-8.8,3.4294971699316292,34_610
O=C(c1cccc(-c2cccc(-c3cccc(C(F)(F)F)c3)c2)c1)N1CCNCC1,-8.5,3.642566566269835,34_611
N#Cc1cccnc1-c1cccc(-c2cccc(NC(=O)C3CCN(c4cccc5ccccc45)CC3)c2)c1,-8.4,3.394683704736109,34_612
O=C(Nc1cccc(-c2cccc(-c3nc4cc(F)ccc4[nH]3)c2)c1)Nc1cccc(-c2cccc3ccccc23)c1,-9.899999999999999,3.079385165865557,34_613
O=C(c1cccc(-c2cccc(-c3cccc4ccccc34)c2)c1)N1CCN(C(=O)c2cccc(C(F)(F)F)c2)CC1,-9.7,3.2275936871066397,34_614
O=C(Nc1cccc(-c2cccc(-c3cccc(-c4ccccc4F)c3)c2)c1)c1cccc2ccccc12,-9.9,3.089476916355295,34_615
C[N+]1(C)CCN(c2cccc(-c3cc(F)cc(-c4cccc(-c5nc6cc(F)ccc6[nH]5)c4)c3)c2)CC1,-9.1,3.3054939017360603,34_616
O=C(Nc1ccc(F)cc1F)c1cccc(-c2cccc(-c3cccc(C(=O)N4CCOCC4)c3)c2)c1,-8.9,3.5743766896739806,34_617
O=C(Nc1ccccc1NC(=O)c1ccccc1F)c1cccc(-c2cccc(-c3nn[nH]n3)c2)c1,-8.3,3.4377312586255844,34_618
O=C(Nc1cccc(Br)c1)c1cc2c(ccc3c(NCc4ccccc4)cc(=O)[nH]c32)nc1-c1ccccc1,-7.3,3.1403108925817578,34_619
O=C(Nc1cccc(-c2cnco2)c1)Nc1nc2ccccc2nc1Nc1cccc(C(F)(F)F)c1,-9.3,3.352995718097102,34_620
O=C(Nc1cccc(Br)c1)C(Cc1cccc([N+](=O)[O-])c1)=NC(=O)c1ccccc1,-7.4,3.5598510882770955,34_621
Cn1c(-c2cccc(-c3cccc(NC(=O)Nc4ccccc4-c4ccccc4F)c3)c2)nc2ccccc21,-9.8,3.211589862292562,34_622
O=C(c1cccc2ccccc12)N1CCN(C(=O)c2cc(-c3cccc(C(F)(F)F)c3)c3ccccn23)CC1,-8.3,3.368404491364127,34_623
O=C(Nc1cccc(-c2cccc(-c3ccc4c(c3)OCO4)c2)c1)Nc1cccc(C(F)(F)F)c1,-8.3,3.5183779391771335,34_624
Nc1cc(-c2ccc3c(c2)OCO3)ccc1-c1cccc(-c2cccc(-c3cccc(-c4nn[nH]n4)c3)c2)c1,-9.3,3.236270577738469,34_625
O=C(Nc1cccc(-c2cccc(-c3cccc(C(=O)N4CCOCC4)c3)c2)c1)c1ccccc1,-8.816666666666668,3.5759240999335113,34_626
O=C(Cn1c2ccccc2c2nc3ccccc3nc21)N1c2ccccc2Sc2ccccc21,-9.1,3.3200261111766993,34_627
O=S(=O)(Nc1cccc(-c2cccc(-c3cccc(-c4ccccc4F)c3)c2)c1)c1ccccc1,-9.0,3.3506365250834955,34_628
O=C(Nc1ccc2c(c1)c1ccccc1n2Cc1cccc(F)c1)c1nc2ccccc2c(=O)n1-c1cccc(-c2cc3ccccc3o2)c1,-9.2,3.05467945079918,34_629
O=C(c1cccc(-c2cccc(-c3cccc(-c4ccccc4F)c3)c2)c1)N1CCNCC1,-9.325,3.508189933556279,34_630
O=C(c1ccc2c(-c3cccc(-c4ccccc4F)c3)cccc2c1)N1CCN(c2ccccn2)CC1,-8.399999999999999,3.3609798958311714,34_631
O=C1NC(=O)N(c2ccccc2)C(=O)/C1=C\c1cc2ccccc2n1-c1cccc(C(F)(F)F)c1,-8.9,3.4471737675168166,34_632
O=C1NCCN(C(=O)c2cc(-c3cccc(C(F)(F)F)c3)ccc2F)Cc2c1cccc2-c1ccccc1F,-8.6,1.568067170147037,34_633
Cn1c(-c2cccc(-c3cccc(-c4cccc(C(=O)O)c4)c3)c2)nc2ccccc21,-8.5,3.386208179955916,34_634
Nc1nc(NC[C@H]2CC[C@H](c3ccc4ccccc4c3)C2)nc2nc(-c3ccco3)nn12,-8.7,3.491322531777084,34_635
N#Cc1ccccc1-c1cccc(CN2C(=O)c3cccc(C(=O)Nc4cccc(-c5ccc6c(c5)OCO6)c4)c3C2=O)c1,-8.0,3.2017956651922086,34_636
N#Cc1cccnc1-c1cccc(-c2cccc(-c3cccc(-c4cccc(-c5ccccc5NC(=O)c5ccccc5F)c4)c3)c2)c1,-8.8,3.052997074360447,34_637
O=C(Nc1cccc(-c2cccc(-c3cccc(F)c3)c2)c1)c1cccc(-c2ccccc2F)c1,-9.0,3.1883384937617323,34_638
O=C(Nc1cccc(-c2cccc(F)c2F)c1)Nc1cccc(-c2ccnc(Nc3cccc(C(F)(F)F)c3)c2F)c1,-8.8,3.032101208407707,34_639
O=C(c1cccc(-c2cccc(-c3cccc4ccccc34)c2)c1)N1CCN(S(=O)(=O)c2ccc(F)cc2)CC1,-8.6,3.3424023558779874,34_640
O=C(c1cccc(Cc2n[nH]c(=O)c3c2CCCC3)c1)N1CCN(c2cccc(F)c2)CC1,-9.4,3.675897335476619,34_641
O=C(Nc1cccc(-c2cccc(-c3cccc(-c4cccc(F)c4)c3)c2)c1)c1ccccc1F,-8.9,3.1883384937617323,34_642
O=C(O)/C=C(/c1cccc(F)c1)c1cccc(-c2cccc(-c3cccc(-c4cccc(F)c4)c3)c2)c1,-7.7,3.128274173000814,34_643
O=C(Nc1ccc(F)cc1F)Nc1ncccc1OCc1cccc(-c2ccccc2)c1,-7.8,3.5727226460656554,34_644
O=C(c1cccc(-c2cccc(-c3cccc(F)c3)c2)c1)N1CCN(c2nccc(-c3cccc4ccccc34)n2)CC1,-9.0,3.263989864896604,34_645
O=C(Nc1nc2ccccc2n1Cc1ccccc1F)C1CCCN1c1nc(-c2ccc3c(c2)OCO3)cc(C(F)(F)F)n1,-8.7,3.190154316000812,34_646
Clc1ccccc1Nc1nc2ccccc2n2cncc12,-7.8,3.667845235510936,34_647
O=C(Nc1cccc(-c2cccc(-c3nc4cc(F)ccc4[nH]3)c2)c1)Nc1cccc(C(F)(F)F)c1,-9.02,3.169812286139635,34_648
O=C(c1cccc(-c2cccc(-c3cccc(-c4ccccc4F)c3)c2)c1)N1CCNCC1,-9.325,3.508189933556279,34_649
O=C(c1cccc(-c2ccc3c(c2)OCCO3)c1)N1CCN(c2ccccc2F)CC1,-7.4,3.5957182134322925,34_650
N#Cc1cccnc1-c1cccc(-c2cccc(-c3cccc(-n4c(-c5ccc6ccccc6c5)nc5ccc(F)cc5c4=O)c3)c2)c1,-8.2,3.125989129829568,34_651
Cc1ccccc1-c1nc2ccccc2nc1NCCCn1c(CC=CC=CF)nc2ccccc21,-7.4,3.2986112890943478,34_652
O=C(Nc1cccc(-c2cccc(-c3cccc(-c4nc5ccccc5[nH]4)c3)c2)c1)c1ccccc1,-9.190000000000001,3.3039417341933515,34_653
O=C(c1cccc(-c2cccc(C(=O)N3CCN(c4ncccc4C(F)(F)F)CC3)c2)c1)N1CCOCC1,-9.2,3.565339928233987,34_654
Cc1[nH]ncc1C(c1cccc(-c2ccc3c(c2)OCCO3)c1C)c1c(N)coc1O,-7.2,3.5646327320103355,34_655
O=C(c1cccc(-c2cccc(-c3nc4cc(F)ccc4[nH]3)c2)c1)N1CCNCC1,-8.5375,3.6450984636569372,34_656
Cc1ccc2cc(-c3nc(-c4ccccc4)cc4ccccc34)ccc2c1,-9.4,2.9904423848240573,34_657
Cc1ccccc1-c1nn(-c2cccc(C)c2C)cc1CN1CCN(c2ncccn2)CC1,-9.6,3.606363132362731,34_658
O=C(Nc1cccc(-c2cccc(C(=O)N3CCOCC3)c2)c1)c1cccc(-c2cccc(-c3cccc(-c4ccccc4F)c3)c2)c1,-9.25,3.1263049815711668,34_659
O=[N+]([O-])c1ccc(I)cc1N1CCN(c2cccc(C(F)(F)F)c2)CC1,-6.8,3.4765698799527214,34_660
N#Cc1cccnc1-c1cccc(-c2cccc(NC(=O)c3ccccc3)c2)c1,-7.9,3.6390737261481023,34_661
C=Cc1[nH]nc(-c2cc3ccccc3s2)c1CNC(=O)C1C=CCC(F)=C1,-7.3,3.6472432317661143,34_662
O=C(Nc1cccc(-c2cccc(-c3cccc(-c4nc5ccccc5[nH]4)c3)c2)c1)c1cccc(C(F)(F)F)c1,-9.033333333333333,3.1412476074542717,34_663
CN(C)C(=O)c1cccc(-c2cccc(-c3cccc(-c4ccnc(N)n4)c3)c2)c1,-9.1,3.6852291015174785,34_664
Cn1c(-c2cccc(-c3cccc(-c4ccc(N)c(C(=O)Nc5ccc(F)cc5)c4)c3)c2)nc2ccccc21,-9.3,3.229034862705437,34_665
O=C(Nc1cccc(-c2cccc(-c3cccc(C(F)(F)F)c3)c2)c1)c1cccc(C(F)(F)F)c1,-8.4,3.2876235695289995,34_666
O=C(Nc1cccc(-c2cccc(-c3ccccc3F)c2)c1)c1ccccc1-c1ccccc1,-8.4,3.188129789925851,34_667
O=c1c2ccccc2nc(/C=C/c2cccc(Cl)c2)n1-c1cccc(-c2cccc(-c3cccc(-c4nn[nH]n4)c3)c2)c1,-8.8,3.3471774389683744,34_668
NC(=O)c1ccc2[nH]c(-c3cccc(-c4cccc(C(=O)N5CCOCC5)c4)c3)nc2c1,-8.0,3.661361283266018,34_669
O=C(Nc1cccc(-c2cc3ccccc3[nH]2)c1)c1cc2cnccc2[nH]1,-7.5,3.4224444164587493,34_670
O=C(Nc1cccc(Cl)c1Cl)c1cccc(-c2cccc(-c3nc4cc(F)ccc4[nH]3)c2)c1,-8.4,3.392197800341335,34_671
O=C(Nc1cccc(-c2cccc(-c3cccc(-c4cccc(F)c4)c3)c2)c1)c1ccccc1,-9.142857142857142,3.188129789925851,34_672
O=C(Nc1cccc(C(=O)N2CCOCC2)c1)c1cccc(-c2cccc(-c3ccc4c(c3)OCO4)c2)c1,-8.266666666666666,3.5165313751660845,34_673
O=C(c1cccc(-c2cccc(-c3ccc4c(c3)OCO4)c2)c1)N1CCN2CCC[C@H]2C1,-8.9,3.4597298861824513,34_674
N#Cc1cccnc1-c1cccc(-c2cccc(-c3cccc(NC(=O)c4ccccc4)c3)c2)c1,-8.654545454545454,3.4145575848364174,34_675
O=C(Nc1cccc(-c2cc3ccccc3[nH]2)c1)c1cccc(-c2cccc(-c3cccc(-c4ccccc4F)c3)c2)c1,-9.0,2.979959038662558,34_676
O=C(Nc1ccc(Oc2cccc(-c3ccccc3)c2)nc1)c1cccc(-c2cccc3ccccc23)c1,-8.9,3.274548202362923,34_677
O=C(c1cccc(-c2cccc(-c3cccc(C=CC=CC=CF)c3)c2)c1)c1cc2ccccc2[nH]1,-9.2,3.0029605857220147,34_678
O=C(Nc1cccc(-c2cccc(-c3nc4cc(F)ccc4[nH]3)c2)c1)c1ccccc1F,-8.622222222222224,3.443853177840764,34_679
O=C(Nc1cccc(-c2cccc(-c3nc4cc(F)ccc4[nH]3)c2)c1)c1ccccc1,-8.444827586206896,3.4293586076098226,34_680
O=C(c1cccc(-c2cccc(-c3cccc(C(=O)N4CCOCC4)c3)c2)c1)N1CCNCC1,-9.043750000000001,3.649506152725788,34_681
O=C(c1cccc(F)c1)N(Cc1cccc(F)c1)c1cccc(-c2cccc(-c3ccccc3OC(F)(F)F)c2)c1,-8.2,3.0818813156447966,34_682
N#CC=CC=CC(=O)N1C(=O)c2ccccc2N(Cc2ccccc2)S1=O,-6.6,3.544873277074172,34_683
O=C(c1cccc(C(F)(F)F)c1)n1ccc(-c2cccc(-c3cccc(-c4cccc(-c5nc6ccccc6[nH]5)c4)c3)c2)c1,-9.8,3.1331247335986983,34_684
O=C(Nc1ccccc1C1=NCC(=CC2=CC(=O)c3ccccc3C2=O)CN1)c1ccco1,-8.4,3.6007135485738084,34_685
O=C(c1cccc(-c2cccc(-c3cccc(-c4cccc(F)c4)c3)c2)c1)N1CCNCC1,-9.411111111111113,3.508189933556279,34_686
O=C(c1cccc(-c2cccc(-c3cccc(-c4ccccc4F)c3)c2)c1)c1c(O)ccc(-c2cccc(C(=O)N3CCOCC3)c2)c1OC(F)F,-8.2,3.039958131501915,34_687
O=C(c1cccc(S(=O)(=O)N2CCOCC2)c1)N1CCN(c2cccc(C(F)(F)F)c2)CC1,-7.7,3.6223233752061437,34_688
O=C(c1cccc(-c2cccc(-c3cccc(-c4cccc(F)c4)c3)c2)c1)N1CCNCC1,-9.411111111111113,3.508189933556279,34_689
O=C(c1cccc(-c2cn[nH]c2)c1)N1CCN(S(=O)(=O)c2cccc3cnccc23)CC1,-8.3,3.6879351008622776,34_690
O=C(c1cccc(-c2cccc(C(=O)N3CCN(c4cccc(-c5ccccc5F)c4)CC3)c2)c1)N1CCOCC1,-8.4,3.40208138725209,34_691
O=C(Nc1cccc(-c2cccc(-c3cccc(-c4nn[nH]n4)c3)c2)c1)c1ccccc1,-8.814285714285715,3.5445770780658905,34_692
O=C(c1cccc(-c2cccc(-c3ccc4c(c3)OCO4)n2)c1)N1CCNC[C@@H]1c1cccc(F)c1,-8.0,3.5624144330714036,34_693
O=C(c1cccc(-c2cccc(C(=O)N3CCN(c4cccc(Cl)c4)CC3)c2)c1)N1CCOCC1,-8.5,3.5860753069993834,34_694
O=C(c1cccc(-c2cccc(-c3cccc(C(=O)N4CCOCC4)c3)c2)c1)N1CCNCC1,-9.043750000000001,3.649506152725788,34_695
O=C(c1cccc(-c2cccc(-c3cccc(-c4ccccc4Cl)c3)c2)c1)N1CCNCC1,-9.3,3.475249750213737,34_696
O=C(O)c1ccccc1NC(=O)c1ccccc1NC(=O)c1cc2ccccc2cc1Nc1cccc(-c2ccc(Cl)cc2)c1,-8.8,3.012770256150388,34_697
O=C(Nc1ccccc1-c1nc2ccccc2[nH]1)c1cccc(-c2cccc(-c3cccc(-c4ccccc4F)c3)c2)c1,-9.4,3.1143956643253974,34_698
O=C(O)c1cccc(Nc2cccc(-c3cccc(-c4nc5cc(F)ccc5[nH]4)c3)c2)c1,-9.0,3.4102097638796462,34_699
[O-][S+](=Cc1cccc(-c2ccc3ccccc3c2)c1)c1nc(-c2ccccc2)nn1-c1ccccc1,-8.9,3.3055674951057794,34_700
O=C(Nc1cccc(-c2cccc(-c3cccc(C(=O)N4CCOCC4)c3)c2)c1)Nc1cccc(-c2cccc(F)c2F)c1,-9.1,3.254566509495188,34_701
O=C(Nc1cccc(-c2cccc(-c3cccc(F)c3)c2)c1)c1cccc(-c2ccccc2F)c1,-9.0,3.1883384937617323,34_702
O=C(Nc1cccc(-c2cccc(-c3cccc(Cl)c3)c2)c1)c1cccc(-c2cc3cc(F)ccc3[nH]2)c1,-8.6,3.1183694175402623,34_703
O=C(Nc1cc(-c2cccc(-c3nc4cc(F)ccc4[nH]3)c2)ccn1)c1ccccc1,-8.4,3.5232238236880367,34_704
O=[N+]([O-])c1ccc(N=Nc2ccccc2F)cc1-c1cccc(-c2cccc(-c3cccc(-c4nn[nH]n4)c3)c2)c1,-9.3,3.1096943179168477,34_705
O=C(Nc1cccc(-c2cccc(-c3cccc(-c4nn[nH]n4)c3)c2)c1)c1ccccc1F,-8.9,3.537399499167962,34_706
O=C(c1cccc(-c2cccc(-c3cccc(-c4ccccc4F)c3)c2)c1)N1CCNCC1,-9.325,3.508189933556279,34_707
O=C(c1cccc(-c2cccc(-c3cccc(-c4ncccc4CF)c3)c2)c1)N1CCNCC1,-9.0,3.575352800932121,34_708
N#Cc1cccnc1-c1cccc(-c2cccc(N3CCN(C(=O)c4cccc(-c5cccc(C(=O)N6CCOCC6)c5)c4)CC3)c2)c1,-8.3,3.1776520451610635,34_709
Cn1c(-c2cccc(-c3cccc(-c4cccc(N(C=O)C(=O)Nc5ccc6c(c5)OCO6)c4)c3)c2)nc2ccccc21,-10.0,3.2848741604446743,34_710
N=C(Nc1cccc(-c2cccc(-c3cccc(-c4ccccc4F)c3)c2)c1)c1ccccc1,-8.7,3.0503784894485957,34_711
O=C(Nc1cccc(-c2cccc(-c3nc4ccccc4[nH]3)c2)c1)c1ccccc1F,-8.525,3.4293586076098226,34_712
O=C(c1ccc2c(-c3cccc(-c4ccccc4F)c3)cccc2c1)N1CCN(c2ccccn2)CC1,-8.399999999999999,3.3609798958311714,34_713
CN(CCNC(=O)c1cccc(Cl)c1F)c1cc(-c2ccccc2)nc2cc(-c3cccc(Cl)c3)nn12,-8.3,3.4666741945171697,34_714
COC=C1C=CC(CN=Cc2ccc(-c3cccc(-c4cccc(C(=O)N5CCCCC5)c4)c3)[nH]2)=C1,-7.7,3.3901656229917743,34_715
O=C(c1cccc(-c2cccc(-c3cccc(-c4nc5ccccc5[nH]4)c3)c2)c1)N1CCCC1,-9.275,3.3767709101172856,34_717
O=C(Nc1cccc(-c2cccc(-c3nc4ccccc4[nH]3)c2)c1)c1cc2ccccc2o1,-7.9,3.4537028196649358,34_718
[N+]=Nn1c(N2CCOCC2)nc2ccccc2c1=NCC1=CC(=CC(=O)Nc2ccc3c(c2)OCO3)C=C[N-]1,-8.6,3.20614401393059,34_719
O=C(Nc1cccc(-c2cccc(C(=O)N3CCOCC3)c2)c1)c1cccc(-c2ccc3c(c2)OCO3)c1,-8.525,3.5165313751660845,34_720
O=C(c1cccc(-c2cc(-c3cccnc3)cs2)c1)N1CCN(S(=O)(=O)c2cccc(F)c2)CC1,-7.2,3.604607879885015,34_721
O=C(c1ccccc1)N1CCN(C(=O)c2ccc(-c3cccc(-c4nc5ccccc5[nH]4)c3)cc2)CC1,-7.9,3.492751661014107,34_722
O=C(c1cccc(Cc2n[nH]c(=O)c3c2CCCC3)c1)N1CCN(c2cccc([N+](=O)[O-])c2)CC1,-8.0,3.5060748859875073,34_723
O=Cc1cccc(-c2cccc(-c3cccc4c(=O)cc(N5CCOCC5)oc34)c2)c1,-8.2,3.5739436404907687,34_724
O=C(Nc1cccc(Nc2cccc(-c3cccc(-c4cccc(F)c4)c3)c2)c1)c1cccc(C(F)(F)F)c1,-8.1,3.0705600935334982,34_725
O=C(Nc1cccc(-c2ccnc(-c3cccnc3)c2)c1)c1cccc(-c2ccc3c(c2)OCCO3)c1,-8.2,3.459510522490799,34_726
O=C(CCc1ccccc1)c1ccc(-n2cc(-c3cccc(-c4cccc(-c5cccc(F)c5)c4)c3)nn2)cc1,-8.0,3.1843573220877426,34_727
O=C(Nc1cccc(Oc2ccccc2)c1)Nc1cccc(-c2cccc(-c3ccc4c(c3)OCO4)c2)c1,-8.75,3.2468102840071964,34_728
O=C(Nc1cccc(-c2nc3ccccc3[nH]2)c1)c1cc(-c2ccccc2OC(F)(F)F)c2ccccc2c1,-7.9,3.253195323960459,34_729
O=C(c1cccc(Cc2n[nH]c(=O)c3c2CCCC3)c1)N1CCN(c2ccccc2)CC1,-8.1,3.675770609037284,34_730
O=C(Nc1cccc2ccccc12)c1cccc2c1C(=O)c1ccccc1-2,-8.1,3.512408326583661,34_731
O=C(Nc1cccc(-c2cccc(-c3ccc4c(c3)OCO4)c2)c1)Nc1cnccc1-c1ccccc1,-9.8,3.3115290830879873,34_732
O=C(Nc1cccc(-c2cccc(-c3nc4cc(F)ccc4[nH]3)c2)c1)c1ccccc1,-8.444827586206896,3.4293586076098226,34_733
O=C(c1cccc(-c2cccc(-c3nc4ccccc4[nH]3)c2)c1)N1CCN(c2ccc(F)cc2)CC1,-9.3,3.4648144352837686,34_734
O=C(Nc1cccc(-c2ccc3c(c2)OCO3)c1)c1cccc(-c2cccc(-c3cccc(-c4ccccc4F)c3)c2)c1,-9.2,3.0509717974853863,34_735
O=C(Nc1nc2ccccc2[nH]1)c1cccc(-c2cccc(-c3cccc(-c4cccc(C(F)(F)F)c4)c3)c2)c1,-9.6,3.1412476074542717,34_736
O=C(Nc1nc2ccccc2nc1Nc1cccc(-c2ccc(F)cc2)c1)c1cccc(-c2cccc3ccccc23)c1,-10.9,3.23024653662448,34_737
C=S1C=C(c2ccc3c(c2)CCC(=O)N3)N=C1C1C=CC=CC1,-7.1,3.3349101201990683,34_738
O=C(c1cccc(-c2cccc(C(=O)N3CCN(c4cccc(C(F)(F)F)c4)CC3)c2)c1)N1CCOCC1,-8.577777777777776,3.5675074243249583,34_739
O=S1(=O)Nc2cccc(-c3cccc(-c4ncccc4CF)c3)c2CCc2ccccc21,-8.3,1.7664456530566057,34_740
O=C(c1cccc(-c2cccc(-c3ccc4c(c3)OCCO4)c2F)c1)N1CCNCC1,-8.366666666666667,3.6553838184373157,34_741
O=C(Nc1cccc(-c2cccc(-c3cccc(-c4nc5ccccc5[nH]4)c3)c2)c1)c1ccccc1,-9.190000000000001,3.3039417341933515,34_742
O=C(c1cccc(-c2cccc(-c3nc4ccccc4[nH]3)c2)c1)N1CCN(Cc2ccc3c(c2)OCO3)CC1,-8.866666666666665,3.383720343722949,34_743
O=C(c1cccc(-c2cccc(-c3cccc(-c4nc5ccccc5[nH]4)c3)c2)c1)N1CCNCC1,-9.325,3.440998249723921,34_744
CNc1cccc(-c2cccc(-c3cccc(-c4cccc(-c5cccc(F)c5)c4)c3)c2)c1,-9.7,3.034950940407498,34_745
O=C(c1cccc(Cl)c1)N1CCN(c2cccc(-c3cccc(-c4nc5ccccc5[nH]4)c3)c2)CC1,-8.3,3.440092756302386,34_746
O=C(c1cccc2ccccc12)N1CC(c2nc(-c3cccnc3)no2)C1,-7.2,3.6590943678448236,34_747
O=C(Nc1cccc(-c2cccc(-c3ccccc3Cl)c2)c1)c1ccccc1,-7.8,3.36114714487573,34_748
O=C(Cc1nnc(-c2ccccc2)o1)Nc1cccc(-c2cccc(-c3ccc4c(c3)OCO4)c2)c1,-8.5,3.4855219914423494,34_749
Cc1ccc(C(=O)Nc2cccc(-c3cccc(-c4ncccc4C#N)c3)c2)cc1,-8.1,3.529264380107566,34_750
O=S(=O)(Nc1cccc(-c2cccc(-c3cccc(-c4ccccc4F)c3)c2)c1)c1ccc(F)cc1,-8.8,3.3544477271328077,34_751
O=C(Nc1cccc(-c2cccc(-c3cccc(-c4nc5ccccc5[nH]4)c3)c2)c1)c1ccccc1,-9.190000000000001,3.3039417341933515,34_752
O=C(Nc1cccc(-c2cccc(-c3ncccc3CO)c2)c1)c1cccc(C(F)(F)F)c1,-7.9,3.5836179579629466,34_753
O=C(Nc1cccc(-c2cccc(-c3cccc(C(=O)N4CCOCC4)c3)c2)c1)Nc1ccc(F)cc1F,-8.8,3.5133545427940325,34_754
O=C(Nc1cccc(-c2cccc(-c3nc4ccccc4[nH]3)c2)c1)c1ccccc1,-8.337500000000002,3.442730724240592,34_755
O=C1CCc2cc(C=Cc3ccc4ccccc4c3O)ccc2N1Cc1ccccc1,-7.2,3.4329097053656046,34_756
O=C(c1cccc(-c2ccc3c(c2)OCCO3)c1)N1CCN(C(=O)c2cccc(-c3ccc4c(c3)OCCO4)c2F)CC1,-8.1,3.2892540781087103,34_757
O=C(c1cccc(-c2cccc(-c3nc4ccccc4[nH]3)c2)c1)N1CCN(c2cccc(Cl)c2)CC1,-8.8625,3.440092756302386,34_758
O=C(c1cccc(-c2cccc(-c3cccc(-c4ccccc4F)c3)c2)c1)N1CCNCC1,-9.325,3.508189933556279,34_759
Cc1cccc(-c2cc(-c3cccc(-c4cccc(-c5nc6ccccc6[nH]5)c4)c3)cnc2N)c1,-9.5,3.276818438176628,34_760
O=C(Nc1cccc(-c2cccc(-c3nc4cc(F)ccc4[nH]3)c2)c1)Nc1cccc(-c2cccc3ccccc23)c1,-9.899999999999999,3.079385165865557,34_761
O=C(Nc1cccc(-c2cccc(-c3cccc(-c4nc5ccccc5[nH]4)c3)c2)c1)c1cccc(C(F)(F)F)c1,-9.033333333333333,3.1412476074542717,34_762
O=C(c1cccc(-c2cccc(Cl)c2Cl)c1)N1CCN(c2nc3ccccc3o2)CC1,-7.5,3.592851612288514,34_763
O=C(c1cccc(-c2cccc(-c3ccc4c(c3)OCO4)c2)c1)N1CCN(c2cccc(Cl)c2)CC1,-9.0,3.4269591872447522,34_764
CNc1nc2c(c(C(=O)N3CCCC3)n1)CN(c1cccc(C(=O)O)c1)CC2,-8.0,3.6238133498245886,34_765
Cn1c(-c2cccc(-c3cccc(NC(=O)c4cccc(C(F)(F)F)c4)c3)c2)nc2ccccc21,-8.4125,3.449135448355882,34_766
O=C(Nc1ccccc1[N+](=O)[O-])c1cc2ccccc2nc1Nc1cccc(-c2ccc3ccccc3c2)c1,-10.1,3.2284196409688564,34_767
O=C(Nc1cc(F)ccc1F)c1cccc(-c2cccc(-c3ccc4c(c3)OCO4)c2)c1,-8.6,3.496671602696182,34_768
O=C(Nc1cccc(O)c1)c1cccc(-c2cccc(-c3cccc(-c4cccc(-c5ccccc5F)c4)c3)c2)c1,-9.5,3.0992862379084913,34_769
O=C(Nc1cccc(-c2cccc(C(=O)N3CCOCC3)c2)c1)c1cccc(-c2cccc(-c3cccc(-c4ccccc4F)c3)c2)c1,-9.25,3.1263049815711668,34_770
O=C(Nc1cccc(-c2cccc(-c3nc4cc(F)ccc4[nH]3)c2)c1)c1ccccc1F,-8.622222222222224,3.443853177840764,34_771
CC(C)C[CH]C1OCCN1C=C1C=CC(c2cc(C(F)(F)F)cc(C(F)(F)F)c2)=C1,-7.3,3.3319292601963726,34_772
O=c1cc(-c2ccccc2O)oc2cccc(-c3cccc4ccccc34)c12,-8.1,3.4325769242371016,34_773
O=C(c1cccc(-c2cccc(-c3nc4ccccc4[nH]3)c2)c1)N1CCN(c2cccc([N+](=O)[O-])c2)CC1,-9.0,3.3824622504607014,34_774
O=C(Nc1cccc(-c2cccc(-c3cccc(-c4cccc(F)c4)c3)c2)c1)c1ccccc1,-9.142857142857142,3.188129789925851,34_775
O=C(c1cccc(-c2cccc(-c3ccc4c(c3)OCO4)c2)c1)N1CCN(c2nccs2)CC1,-8.7,3.5154401899925363,34_776
O=C(c1cccc(-c2cccc(-c3ccccc3F)c2)c1)N1CCN(CCO)CC1,-7.9,3.707970761065985,34_777
O=C1c2ccccc2C(=O)N1Cc1ccccc1-c1cccc(-c2cccc3c(=O)cc(N4CCOCC4)oc23)c1,-8.9,3.2505176146789054,34_778
O=C(Nc1cccc(-c2cccc(-c3ccccc3F)c2)c1)c1cccc(C(F)(F)F)c1,-8.8,3.2672233782541786,34_779
O=C(CN1C(=O)COc2ccc(S(=O)(=O)N3CCCC3)cc21)Nc1ccc2c(c1)c1ccccc1n2Cc1ccccc1F,-8.3,3.32027653635055,34_780
O=C(Nc1cccc(-c2ccc3c(c2)OCCO3)c1)c1cc(-c2ccccc2)nc2ccccc12,-8.7,3.461887826355361,34_781
O=C(c1ccccc1Oc1ccccc1)N1CCN(S(=O)(=O)c2cccc(F)c2)CC1,-7.7,3.7187889355935666,34_782
O=C(Nc1ccc2c(c1)OCCO2)C(c1ccccc1CO)n1c(=O)c(-c2ccc3c(c2)OCCO3)nc2ccccc21,-8.2,3.1816835642157626,34_783
O=C(c1cccc(-c2cccc(-c3cccc(-c4cccc(-c5nn[nH]n5)c4)c3)c2)c1)c1cc(=O)cc(-c2ccccc2)[nH]1,-10.6,3.239550383398832,34_784
O=C(Nc1cccc(/C=C\c2cccc(-c3ccccc3F)c2)c1)c1ccccc1-c1ccccc1,-8.5,3.0875245492148355,34_785
O=C(c1ccccc1NS(=O)(=O)c1cccc(Cl)c1)N1CCN(C(c2ccccc2)c2ccccc2)CC1,-7.5,3.567276299851997,34_786
O=C(c1ccccc1-c1ccc2ccccc2c1)N1CCN(c2ccc(Cl)cc2Nc2ccncc2F)CC1,-8.4,3.3944628913462775,34_787
O=C(c1cccc(-c2cccc(-c3cccc(-c4ccccc4F)c3)c2)c1)N1CCNCC1,-9.325,3.508189933556279,34_788
Cc1ccccc1-n1c(O)c2ccccc2cc1=O,-6.7,3.5920126556039174,34_789
O=C(N[C@H]1CC[C@H](CCNC2CCCc3ccccc32)CC1)c1cccc(-c2cccc(-c3cccc(-c4nc5ccccc5[nH]4)c3)c2)c1,-7.9,2.84852266813332,34_790
O=C(Nc1cccc(-c2cccc(-c3nc4cc(F)ccc4[nH]3)c2F)c1)c1ccccc1,-8.641176470588235,3.443853177840764,34_791
C=C(C=CC=CC(=C)C=CC=CC(=O)N1CCNCC1)C=CC=CC(=C)c1ncccc1F,-6.65,3.4105775123839512,34_792
O=C(Nc1cccc(-c2cccc(C(=O)N3CCOCC3)c2)c1)c1cccc(-c2ccccc2)c1,-8.4,3.5759240999335113,34_793
O=C(c1ccc2c(c1)OCO2)N1CCN(C2=Cc3ccccc3CC(OCCF)=CC=CC2)CC1,-7.4,1.3339434498176423,34_794
O=c1c2ccccc2ncn1-c1ccccc1-c1ccccc1,-7.1,3.5394488181844705,34_795
O=C(c1cccc(-c2nc(=O)c3ccccc3[nH]2)c1)N1CCN(c2cccc(C(F)(F)F)c2)CC1,-8.5,3.651683787676598,34_796
C=CC(=O)NN=CC=C(C=CC(=C)C=CC=Cc1ccccn(C)c(=O)c2ccccc2c1)c1cccc(C(=O)O)c1,-6.7,0.9113101304285198,34_797
O=C(Nc1cccc2[nH]ccc12)c1cccc(-c2cccc(-c3cccc(-c4nc5cc(F)ccc5[nH]4)c3)c2)c1,-9.3,3.181839994085949,34_798
O=C(Nc1ccccc1C(=O)O)c1cccc(-c2cccc(-c3cccc(-c4ccccc4F)c3)c2)c1,-9.3,3.317013365973615,34_799
O=C(Nc1cccc(-c2cncc3ccccc23)c1)c1cccc(-c2cccc(-c3ccccc3F)c2)c1,-9.2,3.232139579593607,34_800
O=C(Oc1cccc(-c2cccc(-c3cccc(-c4cccc(O)c4)c3)c2)c1)c1cccc(C(F)(F)F)c1,-8.4,3.1287326900181105,34_801
O=C(Nc1ccccc1C(=O)N1CCOCC1)c1cccc(-c2cccc(-c3ccccc3F)c2)c1,-8.9,3.5714240444231855,34_802
O=c1[nH]c2c(Cl)cccc2c(O)c1N=Nc1cccc(C(F)(F)F)c1,-6.9,3.6059410429893433,34_803
O=C(Nc1ccc(-c2ccccc2)cc1)Nc1cccc(-c2cccc(-c3cccc(-c4cccc(-c5ccccc5F)c4)c3)c2)c1,-9.7,2.8680522126645402,34_804
O=C(c1cccc(-c2cccc(-c3cccc(F)c3)c2)c1)N1CCN(c2cccc(C(F)(F)F)c2)CC1,-8.833333333333332,3.323511212462599,34_805
O=C1c2ccccc2C(=O)c2c1ccc1[nH]c(-c3cccc(C(F)(F)F)c3)nc21,-9.0,3.624568610546036,34_806
Cn1c(-c2cccc(-c3cccc(Nc4nc5cc([N+](=O)[O-])ccc5oc4=O)c3)c2)nc2ccccc21,-9.2,3.2349186917473682,34_807
O=C(c1cccc(-c2cccc(-c3cccc(C(=O)N4CCOCC4)c3)c2)c1)N1CCNCC1,-9.043750000000001,3.649506152725788,34_808
O=C(Nc1cccc(-c2cccc(-c3nc4cc(F)ccc4[nH]3)c2)c1)c1cccc(C(F)(F)F)c1,-8.216666666666667,3.2512717517338245,34_809
O=CN1c2ccc(C(=O)N3CCC[C@H]3c3nc(-c4ccccc4)no3)cc2-c2ccccc2N1CCc1ccccc1,-7.5,3.194062515498885,34_810
COc1ccc(N=C(C(N)=O)C(C(=O)c2cccc(OC)c2)c2ccccc2)cc1,-7.0,3.630503662448885,34_811
O=C(Nc1cccc(-c2cccc(-c3cccc(-c4ccccc4F)c3)c2)c1)Nc1cccc(-c2cnc3ccccc3n2)c1,-9.6,3.1557589670820825,34_812
O=C(Nc1cccc(-c2cccc(-c3cccc(F)c3)c2)c1)c1cccc(-c2ccc3c(c2)OCCO3)c1,-8.3,3.336123944050671,34_813
O=C(Nc1cccc(-c2cccc(-c3nc4cc(C(F)(F)F)ccc4[nH]3)c2)c1)Nc1ccccn1,-8.5,3.273886633281596,34_814
N#Cc1cccnc1-c1cccc(-c2cccc(NC(=O)c3cccc(-c4cccc(-c5cccc(F)c5)c4)c3)c2)c1,-8.2,3.228478178857269,34_815
O=C(Nc1cccc(-c2cccc(-c3cccc(-c4ccccc4F)c3)c2)c1)c1ccccc1,-9.233333333333333,3.188129789925851,34_816
Cn1c(-c2cccc(-c3cccc(-c4ccc(F)c(Cn5cnc6c(N)nccc65)c4)c3)c2)nc2ccccc21,-9.4,3.4005745923207336,34_817
O=C(Nc1ccccc1C(=O)O)c1cccc(-c2cccc(-c3cccc(C(F)(F)F)c3)c2)c1,-8.8,3.415011650515919,34_818
O=C(Nc1cccc(C=C2C=CC(c3cccc(F)c3)=C2)c1)c1cccc(-c2ccc3c(c2)OCCO3)c1,-8.1,3.3620785016318537,34_819
O=C(c1ccc2c(c1)OCO2)N1CCN(C(=O)c2ccccc2-c2cc3ccccc3o2)CC1,-8.2,3.530862821758225,34_820
O=C(Oc1cccc(-c2cccc3c(=O)cc(N4CCOCC4)oc23)c1)c1cccc(C(F)(F)F)c1,-8.7,3.4909720112410465,34_821
Nc1nonc1-c1nc2ccccc2n1Cc1cc(-c2cccc(-c3cccc4ccccc34)c2)ccc1O,-9.3,3.24971250355604,34_822
N#Cc1cccnc1-c1cccc(-c2cccc(NC(=O)c3cccc(-c4ccc5ccccc5c4)c3)c2)c1,-8.4,3.296809126690155,34_823
O=C(Nc1cccc(-c2cccc(-c3ccc4c(c3)OCO4)c2)c1)Nc1cccc(-c2ccccc2F)c1,-10.2,3.2275735778690695,34_824
O=c1cc(-c2cccc(-c3cccc(-c4nc5ccccc5[nH]4)c3)c2)cn[nH]1,-8.5,3.5339399261921263,34_825
O=C(c1cccc(-c2cccc(-c3cccc(-c4nnco4)c3)c2)c1)N1CCNCC1,-8.850000000000001,3.7076083168223457,34_826
O=C(c1cccc(-c2cccc(C(=O)N3CCN(C(=O)c4cccc(-c5cccc(F)c5)c4)CC3)c2)c1)N1CCOCC1,-9.1,3.4147992519038706,34_827
O=C(Nc1cccc(-c2cccc(-c3cccc(C(F)(F)F)c3)c2)c1)Nc1cccc(-c2cccc(F)c2F)c1,-9.2,2.963519940967514,34_828
FC(F)(F)c1cccc(-c2cccc(-c3cccc(-c4cccc(-c5nc6ccccc6[nH]5)c4)c3)c2)c1,-9.7,3.057310493370432,34_829
O=C(Nc1cccc(-c2cccc(-c3cccc(-c4ccccc4F)c3)c2)c1)c1ccccc1,-9.233333333333333,3.188129789925851,34_830
O=C(c1cccc(-c2nc3ccccc3n2-c2cncs2)c1)N1CCN(c2ccccc2-c2cccc(F)c2)CC1,-8.5,3.3435188212929683,34_831
O=Cc1cc(-c2cccc(-c3cccc(-c4ccccc4F)c3)c2)nn1-c1cccc(F)c1,-9.0,3.3227841105714866,34_832
O=C(c1cccc(-c2cccc(C(=O)N3CCN(c4cccc(Cl)c4)CC3)c2)c1)N1CCOCC1,-8.5,3.5860753069993834,34_833
O=C1c2ccccc2-c2c1c1ccccc1c(=O)n2Cc1cccc(-c2cccc(-c3ccccc3OC(F)(F)F)c2)c1,-8.9,3.2463107148016213,34_834
O=C(c1cccc(-c2cccc(-c3cccc(F)c3)c2)c1)N1CCN(c2cccc(Cl)c2)CC1,-8.7,3.3983661118278135,34_835
Cc1c(NC(=O)NC2C=CC=CC2)cccc1-c1cccc(-c2cccs2)c1,-7.7,3.548570580969903,34_836
O=C(NCC1(N2CCOCC2)CCCCC1)c1cccc(-c2cccc(-c3cccc(-c4nc5ccccc5[nH]4)c3)c2)c1,-8.5,3.193434799685278,34_837
O=C(Nc1cccc(-c2cccc(-c3cccc(C(=O)N4CCOCC4)c3)c2)c1)c1ccccc1Cl,-9.350000000000001,3.5467023654418024,34_838
O=C(Nc1cccc(C(F)(F)F)c1)c1cccc(-c2cccc(-c3cccc(-c4cccc(C(=O)N5CCOCC5)c4)c3)c2)c1,-7.9,3.261438294392742,34_839
CC(=O)N[C@@H](C)c1ccc(O[C@@H]2CCN(c3ncnc(N4CC[C@H](F)C4)c3F)C2)cc1,-7.5,3.658062915762841,34_840
Cc1c(-c2cccc(-c3ccc4c(c3)OCO4)c2)cccc1C1C=NC=CNC(=O)C=CC=C(C(=O)O)CC1,-9.1,1.305792560187979,34_841
O=C(Nc1cccc(-c2cccc(-c3cccc(-c4cccc(C(=O)N5CCOCC5)c4)c3)c2)c1)Nc1cccc(C(F)(F)F)c1,-9.5,3.2082327067539222,34_842
O=C(Nc1cccc(-c2cccc(-c3nc4cc(F)ccc4[nH]3)c2)c1)Nc1cccc(C(F)(F)F)c1,-9.02,3.169812286139635,34_843
O=C(Nc1cccc(-c2cn3ccccc3n2)c1)c1ccc2c(c1)OCO2,-7.9,3.6936292012428593,34_844
Fc1cccc(-c2cccc(-c3cc(-c4ccccc4)cc(C4C=CC=CO4)c3Cl)c2)c1,-9.3,3.0362286910051246,34_845
O=C(Nc1cccc(-c2cncc3ccccc23)c1)c1cc(-c2cccc3ccccc23)nc2ccccc12,-9.3,3.3029838933700324,34_846
O=C(c1ccccc1Cl)n1ccc(-c2cccc(-c3cccc(F)c3F)c2)c1,-7.1,3.4605150950303933,34_847
O=C(c1ccccc1)c1cccc(Nc2cc(-c3cccc(-c4ccc5c(c4)OCCO5)c3)ccn2)c1,-7.8,3.355137869921262,34_848
O=C(Nc1cccc(-c2cccc(-c3ncccc3CO)c2)c1)c1ccccc1,-7.55,3.59557741606916,34_849
O=C(Nc1cccc(-c2nc3ccccc3[nH]2)c1)c1ccc2c(c1)c1ccccc1n2Cc1ccccc1F,-7.9,3.2415282806639762,34_850
O=C(c1cccc(-c2cccc(-c3nc4cc(F)ccc4[nH]3)c2)c1)N1CCNCC1,-8.5375,3.6450984636569372,34_851
NC(=O)c1cccc2[nH]c(-c3cccc(-c4ccccc4F)c3)nc12,-8.1,3.6333048057946824,34_852
O=C(Nc1cccc(-c2cccc(-c3nc4cc(F)ccc4[nH]3)c2)c1)c1ccccc1,-8.444827586206896,3.4293586076098226,34_853
Cc1ccc(NC(=O)C(C)Nc2nc3ccccc3c(=O)n2-c2cccc(Cl)c2)cc1,-8.7,3.6679012482744198,34_854
O=C(Nc1cccc(-c2cccc(N3CCCC3)n2)c1)Nc1ccccc1C(F)(F)F,-9.0,3.6626664687278794,34_855
O=C(Nc1cccc(-c2ccccc2F)c1)c1cccc(-c2cccc(-c3ccc4c(c3)OCO4)c2)c1,-9.3,3.274475212885916,34_856
O=C(NCC(O)CO)c1cccc(-c2cccc(-c3cccc(C(=O)Nc4nc5ccccc5s4)c3)c2)c1,-8.2,3.262556043804776,34_857
O=C1c2ccccc2C(=O)c2c1cc1ccccc1c2-c1cccc(-c2cccc(-c3cccc(-c4ccccc4F)c3)c2)c1,-10.1,2.964623555750207,34_858
O=C(Nc1cncc(-c2cccc(-c3cccc4ccccc34)c2)c1)Nc1cccc(C(F)(F)F)c1,-8.9,3.245237788706932,34_859
O=C(Nc1cccc(-c2cccc(-c3cccc(F)c3)c2)c1)c1cccc(C(F)(F)F)c1,-8.34,3.2672233782541786,34_860
O=C(Nc1cccc(-c2ccc3c(c2)OCCO3)c1)c1cccc(-c2cccc(-c3cccc(-c4ccccc4F)c3)c2)c1,-9.033333333333333,3.134058023091097,34_861
N#Cc1cccnc1-c1cccc(-c2cccc(-c3cccc(C(=O)Nc4cccc(C(=O)N5CCOCC5)c4)c3)c2)c1,-8.1,3.357926123174739,34_862
N#Cc1cccnc1-c1cccc(-c2cccc(-c3cccc(C(=O)N4CCNCC4)c3)c2)c1,-8.89090909090909,3.6433678319260787,34_863
N#Cc1cccnc1-c1cccc(-c2cncc(C(=O)N3CCNCC3)c2)c1,-7.7,3.7491972827859996,34_864
Cc1cc(-c2cccc(-c3cccc(-c4ccc5c(c4)OCCO5)c3F)c2)cc(=O)[nH]1,-9.0,3.593772205454477,34_865
O=C(Nc1cc(Cl)cc(Cl)c1)c1cccc(-c2cccc(-c3ccc4c(c3)OCO4)n2)c1,-7.9,3.6224366153137044,34_866
O=C(c1cc(-c2cccc(-c3cccc(-c4nn[nH]n4)c3)c2)c2ccccc2n1)N1CCNCC1,-9.8,3.5264240583883897,34_867
O=C(c1cccc(-c2cccc(-c3cccc(C(=O)N4CCOCC4)c3)c2)c1)N1CCNCC1,-9.043750000000001,3.649506152725788,34_868
O=C(Nc1cncc(-c2cccc(-c3ccccc3OC(F)(F)F)c2)c1)Nc1cc(C(F)(F)F)cc(C(F)(F)F)c1,-8.6,3.262304890798436,34_869
C1=CC(c2cccc(-c3cccc(-c4cccc(-c5nc6ccccc6[nH]5)c4)c3)c2)=CCCN=CN=C1,-9.2,1.1729937091000724,34_870
O=C(Nc1cccc(-c2cccc(-c3ccc4c(c3)OCO4)c2)c1)c1cccc(-c2cccc3ccccc23)c1,-9.7,3.136792830652235,34_871
NC(=O)c1cccc(Nc2nccc(-c3cccc(-c4ccccc4F)c3)n2)c1,-8.7,3.682492686133094,34_872
O=C(Nc1cccc(-c2cccc(-c3cccc(-c4nc5ccccc5[nH]4)c3)c2)c1)c1ccc(F)cc1,-9.4,3.297956728102947,34_873
O=C(c1cccc(-c2cccc(-c3nn[nH]n3)c2)c1)N1CCN(c2cccc(-c3ccccc3F)c2)C1,-8.7,3.530420237700611,34_874
O=C(c1cccc(-c2cccc(C(=O)N3CCN(C(=O)c4ccccc4F)CC3)c2)c1)N1CCOCC1,-8.8,3.598215080020839,34_875
O=C(Nc1cccc(-c2cccc(-c3cccc(-c4ccccc4F)c3)c2)c1)c1ccccc1,-9.233333333333333,3.188129789925851,34_876
COC=CC=C(C)n1c(-c2ccccc2F)nc2cc(C(F)(F)F)ccc21,-7.0,3.4398787764933028,34_877
O=Cc1cccc(-c2cccc(-c3cccc(-c4nc5cc(F)ccc5[nH]4)c3)c2)c1,-8.3,3.3916157136475658,34_878
N#Cc1cccnc1-c1cccc(-c2cccc(-c3cccc(NC(=O)c4ccccc4)c3)c2)c1,-8.654545454545454,3.4145575848364174,34_879
C=CC=C(C=CC=CC1=CC(C=CC2=CC(=CC=NC(=O)c3cccc(C(F)(F)F)c3)C2)=C1)C(=O)N1CCOCC1,-6.4,2.9964388314986627,34_880
O=C(c1cccc(-c2cccc(-c3cccc4ccccc34)c2)c1)N1CCN(C(=O)c2ccc(F)cc2F)CC1,-9.4,3.2507959847575894,34_881
O=C(Nc1cccc(-c2cccc(-c3cccc(C(=O)N4CCOCC4)c3)c2)c1)c1ccccc1,-8.816666666666668,3.5759240999335113,34_882
O=C(Nc1cccc(-c2cccc(-c3cccc(F)c3)c2)c1)c1cccc(-c2ccc3c(c2)OCO3)c1,-8.966666666666667,3.274475212885916,34_883
O=C1c2ccccc2C(=O)c2c1ccc1[nH]c(-c3cccc(-c4cccc(-c5ccc(F)cc5)c4)c3)nc21,-8.8,3.377766287946075,34_884
O=C(Nc1cccc(-c2cccc(C(F)(F)F)c2)c1)c1cccc(-c2cccc(-c3cccc(-c4ccccc4F)c3)c2)c1,-9.5,2.8449507838819423,34_885
O=C(Nc1cccc(-c2cccc(-c3nc4cc(F)ccc4[nH]3)c2)c1)Nc1cccc(-c2ccc3c(c2)OCO3)c1,-9.4,3.1623280390245347,34_886
O=C(Nc1nc2ccccc2nc1N1CCN(c2cccc(F)c2F)CC1)c1cccc(-c2cccc(-c3ccc4c(c3)OCO4)c2)c1,-9.1,3.18243584529945,34_887
O=C(NCCc1ccccc1)c1cccc(-c2cccc(-c3cccc(-c4cccc(-c5cccc(F)c5)c4)c3)c2)c1,-9.5,2.9395881390256515,34_888
O=C(c1cccc(-c2cccc(-c3ccc4c(c3)OCCO4)c2Cl)c1)N1CCNCC1,-8.7,3.649925043798632,34_889
O=C(c1cccc(-c2cccc(-c3cccc(-c4cccc(F)c4)c3)c2)c1)N1CCNCC1,-9.411111111111113,3.508189933556279,34_890
O=C(c1cccc(-c2cccc(-c3cccc(-c4ccccc4F)c3)c2)c1)N1CCNCC1,-9.325,3.508189933556279,34_891
O=C(c1ccccc1)N1C[C@@H]2CCN(C(=O)c3cccc4ccccc34)C2[C@H](c2cccc3ccccc23)O1,-9.0,3.2445740303428137,34_892
O=C(c1cccc(-c2cccc(-c3ccccc3OC(F)(F)F)c2)c1)N1CCNCC1,-8.100000000000001,3.7179715826961255,34_893
CC=C1C(F)=CCC1=Nc1nc(-c2cccc(Nc3c4ccccc4nc4ccccc34)c2)no1,-8.3,3.4139564557757662,34_894
O=C(Nc1ccccc1F)c1cccc(-c2cccc(-c3cccc(-c4cccc(C(F)(F)F)c4)c3)c2)c1,-9.3,3.003716495802779,34_895
COc1ccc(-c2noc(CNC(=O)c3cccc(-c4cccc(F)c4)c3)n2)cc1OC,-6.9,3.689441552205731,34_896
O=C(Nc1cccc(-c2cccc(-c3nc4ccccc4[nH]3)c2)c1)c1ccccc1,-8.337500000000002,3.442730724240592,34_897
O=C(Nc1cccc(-c2cccc(C(=O)N3CCOCC3)c2)c1)c1cccc(-c2cccc(-c3ccc4c(c3)OCO4)c2)c1,-8.1,3.2634607357581036,34_898
O=C(c1cccc(-c2cccc(-c3cccc(-c4ccccc4F)c3)c2)c1)N1CCNCC1,-9.325,3.508189933556279,34_899
Cc1c(C(=O)Nc2cccc(-c3cccc(-c4cccc(-c5cccc(-c6cccc(F)c6)c5)c4)c3)c2)cccc1-c1cccc(C(=O)O)c1,-7.4,2.8188177918285704,34_900
O=C(Nc1cccc(-c2ccc3c(c2)CCO3)c1)c1cccc(-c2cccc(-c3cccc(C4=NCCN4)c3)c2)c1,-9.1,3.235186469189471,34_901
O=c1c2ccccc2nc(-c2cc(C(F)(F)F)cc(C(F)(F)F)c2)n1-c1cccc(-c2cccc(-c3cccc(-c4cccc(C(F)(F)F)c4)c3)c2)c1,-8.5,2.9765161096135224,34_902
COc1ccc(Nc2nc3ccccc3nc2Nc2cccc3ccccc23)cc1,-8.7,3.4901502084095624,34_903
Cc1cccc(-c2cccc(-c3cccc(-c4nc5ccccc5[nH]4)c3)c2)c1,-8.6,3.141175770875206,34_904
O=C(Nc1cccc(-c2ccc3c(c2)OCCO3)c1)c1cc(-c2cccc(-c3ccccc3F)c2)nc2ccccc12,-9.9,3.297391377011186,34_905
O=Cc1cccnc1-c1cccc(C(=O)N2CCN(c3ccccc3)CC2)c1,-8.0,3.6561359650463987,34_906
O=C1c2ccccc2C(=O)c2c1c1ccccc1c(=O)n2Cc1ccc2c(c1)OCO2,-9.0,3.516841225550923,34_907
O=C(Nc1cccc(-c2cccc(-c3cccc(C(F)(F)F)c3)c2)c1)Nc1cccc(-c2ccccc2F)c1,-8.7,2.955830168893644,34_908
Fc1cccc(-c2cccc(-c3cccc(-c4ccc(C5C=CC=CC5)o4)c3)c2)c1,-8.6,3.185403610140627,34_909
Oc1cc(-c2nc(-c3cccc4ccccc34)cs2)ccc1-c1ccc2ccccc2c1,-7.7,3.3257152427573358,34_910
O=C(c1ccc2c(-c3cccc(-c4ccccc4F)c3)cccc2c1)N1CCN(c2ccc(F)cc2)CC1,-8.5,3.2220298745651874,34_911
O=C(Nc1cccc(-c2cccc(-c3cccc(-c4ccccc4F)c3)c2)c1)c1cccc(C(F)(F)F)c1,-8.979999999999999,3.003716495802779,34_912
O=C(O)c1cccc(-c2cc(-c3cccc(-c4cccc(C(=O)N5CCOCC5)c4)c3)nc(C(F)(F)F)c2)c1,-9.8,3.5585297694930684,34_913
O=C(Nc1cccc(-c2cccc(-c3nc4cc(F)ccc4[nH]3)c2)c1)Nc1cccc(-c2cccc(F)c2F)c1,-9.683333333333334,3.1875244530828533,34_914
O=C(c1cccc(-c2cccc(-c3ccc4ccccc4c3)c2)c1)c1cccc(-c2cccc(-c3ccc4c(c3)OCCO4)c2F)n1,-7.8,3.00451880675349,34_915
O=C(Nc1cccc(-c2cccc(-c3nc4cc(F)ccc4[nH]3)c2)c1)c1ccccc1,-8.444827586206896,3.4293586076098226,34_916
CCc1cccc(-c2cccc(-c3cccc(-c4nc5cc(F)ccc5[nH]4)c3)c2)c1,-8.7,3.2391132025051546,34_917
O=C(c1cccc(-c2ccc3c(c2)OCCO3)c1F)N1CCN(S(=O)(=O)c2cccc(-c3cccc(F)c3)c2)CC1,-7.9,3.4410754425589056,34_918
O=C(NCc1cn(Cc2cccc(C(F)(F)F)c2)nn1)c1cccc(-c2cccc(-c3cccc(-c4cccc(-c5cccc(F)c5)c4)c3)c2)c1,-9.2,3.045911416684163,34_919
O=C(c1cccc(-c2cccc(-c3nc4ccccc4[nH]3)c2)c1)N1CCN(c2ccccc2F)CC1,-8.983333333333334,3.4648144352837686,34_920
O=C(CSc1nc2ccccc2c(=O)n1-c1cccc(-c2ccccc2F)c1)Nc1ncccn1,-8.5,3.334617101913701,34_921
O=C(NCc1cccc(F)c1)c1cccc(-c2cccc(-c3cccc(-c4nc5cc(F)ccc5[nH]4)c3)c2)c1,-9.1,3.194303501416739,34_922
Nc1ccc(-c2cccc(-c3cccc(-c4cccc(-c5cccc(F)c5)c4)c3)c2)nc1,-9.5,3.3579426440467883,34_923
Cc1cccc(-c2nc(-c3ccccc3)no2)c1O,-7.4,3.68473208739118,34_924
O=C(Nc1cccc(F)c1)c1cccc(-c2cccc(-c3cccc(C(F)(F)F)c3)c2)c1,-8.4,3.2672233782541786,34_925
O=C(C1C[C@H](n2cc(-c3cccc(-c4ccc5c(c4)OCCO5)c3)cn2)CN1)N1Cc2ccccc2C1,-9.0,3.4419958258282386,34_926
O=C(Nc1cccc(-c2cccc(-c3nc4cc(F)ccc4[nH]3)c2)c1)c1ccccc1F,-8.622222222222224,3.443853177840764,34_927
Cn1c(-c2cccc(-c3cccc(-c4ccc(C(=O)Nc5ccc6ccccc6n5)cc4)c3)c2)nc2ccccc21,-7.9,3.246167155802228,34_928
O=C(Nc1cccc(-c2cccc(-c3cccc(C(F)(F)F)c3)c2)c1)c1cccc(C(F)(F)F)c1,-8.4,3.2876235695289995,34_929
O=C(c1ccc(F)cc1)c1cccc(-c2cccc(-c3cccc4c(=O)cc(N5CCOCC5)oc34)c2)c1,-9.2,3.3504570511896645,34_930
O=C(NN=Cc1ccc2c(c1)OCO2)Nc1cccc(-c2cccc(-c3cccc(-c4nn[nH]n4)c3)c2)c1,-9.2,3.1126695869477663,34_931
ON=C(O)c1csc(-c2ccc3ccccc3c2)n1,-7.1,3.389648328832709,34_932
Nc1ccccc1C(=O)N(Cc1cccc(C(=O)O)c1)c1cccc(C(=O)Nc2cccc(-c3cccc4ccccc34)c2)c1,-9.6,3.0042165299696837,34_933
O=C(c1cccc(-c2cccc(-c3ccc4c(c3)OCO4)c2)c1)N1CCN(c2ccccc2)CC1,-8.85,3.456180921736461,34_934
O=C(Nc1ncccc1O)c1cccc(-c2cccc(-c3ccc4c(c3)OCCO4)c2Cl)c1,-8.2,3.60552188588614,34_935
O=C(Nc1cccc(-c2cccc(CO)c2)c1)c1cccc(-c2cccc(-c3ccc4c(c3)OCO4)c2)c1,-8.1,3.3659646688579397,34_936
O=C(Nc1cccc(-c2cccc(-c3cccc(C(=O)N4CCOCC4)c3)c2)c1)c1ccccc1Cl,-9.350000000000001,3.5467023654418024,34_937
O=C(c1cccc(-c2cccc(-c3cccc(-c4ccccc4F)c3)c2)c1)N1CCNCC1,-9.325,3.508189933556279,34_938
O=C(c1cccc(-c2cccc(-c3cccc(F)c3)c2)c1)N1CCN(c2cccc(C(F)(F)F)c2)CC1,-8.833333333333332,3.323511212462599,34_939
O=C(Nc1ccccc1)c1cccc(-c2cccc(-c3cccc(-c4cccc(C5=NCCN5)c4)c3)c2)c1,-9.5,3.281820218984546,34_940
O=C(Nc1ccc(-c2cccc3ccccc23)c(F)c1)c1cccc(-c2cccc(-c3ccc4c(c3)OCO4)c2)c1,-8.4,3.1440863038779288,34_941
O=C1CCC=C(c2cccc(-c3cccc(-c4cccc(-c5nn[nH]n5)c4)c3)c2)CCCCC[C@@H](c2cccc(F)c2)NC(=O)C(Cc2c[nH]c3ccccc23)=NC(=O)C(Cc2ccccc2)N1,-9.0,1.1700012757257152,34_942
O=C(Nc1cccc(-c2cccc(C(=O)N3CCOCC3)c2)c1)c1cccc(-c2cccc3ccccc23)c1,-8.7,3.392862095706997,34_943
O=C(Nc1ccc2c(c1)OCO2)c1cccc(-c2cccc(-c3cccc(-c4cccc(F)c4)c3)c2)c1,-8.4,3.274475212885916,34_944
O=C(c1cccc(-c2cccc(-c3cccc(C(=O)N4CCOCC4)c3)c2)c1)N1CCNCC1,-9.043750000000001,3.649506152725788,34_945
O=C(c1cccc(C(F)(F)F)c1)N1c2ccccc2C=Cc2ccccc21,-8.4,2.4043749578533706,34_946
CCC1=C(C)C(=NC(=O)c2cccc(-c3cccc(-c4cccc(-c5ccccc5F)c4)c3)c2)C=C1,-9.0,3.148765458890049,34_947
N#Cc1cccc(COc2cccc(-c3cccc(-c4nc5ccccc5[nH]4)c3)c2)c1,-7.4,3.386670993037958,34_948
O=C(c1cccc(-c2cccc(C(=O)N3CCN(C(=O)c4cccc(-c5nc6ccccc6o5)c4)CC3)c2)c1)N1CCOCC1,-8.9,3.2700859413904633,34_949
O=C(Nc1cccc(-c2ccc3ccccc3c2)c1)Nc1cccc(-c2cccc3c(=O)cc(N4CCOCC4)oc23)c1,-10.0,3.3013716869018,34_950
O=C(Nc1cccc(-c2cccc(-c3cccc(C(F)(F)F)c3)c2)c1)c1ccccc1,-8.261538461538462,3.3040276133142337,34_951
O=C(c1cccc(-c2cccc(-c3cccc(F)c3)c2)c1)N1CCN(c2cccc(C(F)(F)F)c2)CC1,-8.833333333333332,3.323511212462599,34_952
O=C(NCc1ccc(F)cc1F)c1cccc(-c2cccc(-c3cccc(-c4cccc(C(F)(F)F)c4)c3)c2)c1,-8.7,3.069459308349426,34_953
O=C(Nc1cccc(-c2cccc(-c3cccc(-c4nn[nH]n4)c3)c2)c1)c1ccccc1,-8.814285714285715,3.5445770780658905,34_954
O=C(c1cccc(-c2cccc(-c3nc4cc(F)ccc4[nH]3)c2)c1)N1CCNCC1,-8.5375,3.6450984636569372,34_955
O=C(Nc1cccc(-c2cccc(-c3nc4ccccc4[nH]3)c2)c1)c1ccccc1Cl,-8.65,3.4275165588605,34_956
CP(=O)(NO)c1cccc(-c2cccc(-c3cccc([N+](=O)[O-])c3)c2)c1,-7.6,3.5533042014751364,34_957
O=C(Nc1cccc(-c2cccc(-c3nc4cc(F)ccc4[nH]3)c2)c1)c1cccs1,-8.0,3.4993740050351856,34_958
O=C(Nc1ccc2c(c1)OCCO2)c1ccc(-c2cccc(-c3nc4ccccc4[nH]3)c2)cc1,-8.1,3.485854379703305,34_959
Cn1c(-c2cccc(-c3cccc(NC(=O)c4ccccc4F)c3)c2)nc2ccccc21,-8.6,3.3956733809905395,34_960
O=C(Nc1cccc(C(F)(F)F)c1)c1ccc(Nc2cc(-c3ccccc3)nc3ccnn23)cc1,-8.1,3.389494754614187,34_961
CC(C)c1ccccc1NC(=O)c1cc(-c2cccc(-c3ccc4c(c3)OCCO4)c2)nc(-c2cccc(-c3ccc4c(c3)OCCO4)c2F)c1,-10.4,3.0509129799068693,34_962
O=C(Nc1cccc(-c2cccc(-c3cccc(-c4nc5ccccc5[nH]4)c3)c2)c1)c1ccccc1,-9.190000000000001,3.3039417341933515,34_963
OC[C@H]1O[C@@H](c2cccc(C3=CC=CC4C=C(c5ccc(F)cc5)OC4=C3)c2)[C@H](O)[C@@H](O)[C@@H]1N=C1C=CC=CC1=C(c1ccccc1)c1ccc2c(c1)OCO2,-7.5,1.7968862943142598,34_964
COc1cccc(Nc2cccc(-c3cccc(-c4cccc(-c5nc6ccccc6[nH]5)c4)c3)c2)c1,-8.9,3.196935591370845,34_965
O=C(c1cccc(-c2cccc(-c3cccc(-c4cccc(F)c4)c3)c2)c1)N1CCNCC1,-9.411111111111113,3.508189933556279,34_966
O=C(Nc1ccccc1)Nc1cccc(-c2cncc(NC(=O)Nc3cccc(Cl)c3)c2)c1,-8.4,3.435171982841805,34_967
COc1ccc(-c2ccc3nn(CC(=O)Nc4cccc(-c5nc6ccccc6[nH]5)c4)c(=O)n3n2)cc1,-7.7,3.419920977175637,34_969
N#Cc1ccc(-c2cccc(-c3nn[nH]n3)c2)cc1C1=CC=CCC1,-7.8,3.77356356479163,34_970
O=C(c1cccc(-c2cccc3ccccc23)c1)N1CCN(c2ccccn2)CC1,-7.9,3.5586072753088636,34_971
O=C(c1cccc(-c2cccc(C(=O)N3CCN(c4cccc(C(F)(F)F)c4)CC3)c2)c1)N1CCOCC1,-8.577777777777776,3.5675074243249583,34_972
Cn1c(-c2cccc(-c3cccc(-c4cccc(C5=CC(=O)NC5=O)c4)c3)c2)nc2ccccc21,-9.7,3.358297061438523,34_973
O=C(c1cccc(-c2cccc(-c3ccc4c(c3)OCCO4)c2Cl)n1)N1CCNCC1,-8.233333333333333,3.66783820469995,34_974
Cc1ccc(-c2nc3ccccc3c(=O)n2Nc2cccc(-c3ccccc3C)c2)o1,-8.7,3.540057685568378,34_975
O=C(c1cccc(-c2cccc(C(=O)N3CCN(c4cccc(C(F)(F)F)c4)CC3)c2)c1)N1CCOCC1,-8.577777777777776,3.5675074243249583,34_976
O=C(c1cccc(-c2cccc(-c3ccc4c(c3)OCO4)c2)c1)N1CCN(c2cccc(C(F)(F)F)c2)CC1,-8.649999999999999,3.4068437186879326,34_977
N#Cc1cccnc1-c1cccc(-c2cccc(-c3cccc(C(=O)Nc4cccc(-c5cccc(C(=O)N6CCOCC6)c5)c4)c3)c2)c1,-7.633333333333334,3.1781167388156844,34_978
O=C(NCC12CC3CC(CC(C3)C1)C2)c1cccc(-c2cccc(-c3ccc4c(c3)OCO4)c2)c1,-8.6,3.2387548757360487,34_979
O=C(O)Cc1ccc(-c2cccc(-c3cc(-c4ccc5c(c4)OCO5)cc(-c4ccccc4)n3)c2)cc1,-9.1,3.414572944438712,34_980
O=C(Nc1cccc(-c2cccc(C(=O)N3CCOCC3)c2)c1)c1cccc(-c2ccc3c(c2)OCO3)c1,-8.525,3.5165313751660845,34_981
O=C(c1cccc(-c2cccc(-c3nc4cc(F)ccc4[nH]3)c2)c1)N1CCN2C(=O)c3ccccc3C12c1ccccc1,-9.5,3.2663239856230657,34_982
O=C(NN=C1CCNC1)c1cccc(-c2cccc(-c3cccc(-c4ccccc4F)c3)c2)c1,-9.3,3.481414807146115,34_983
ON=C(O)c1cccc(-c2cccc(-c3cccc(-c4nc5ccccc5[nH]4)c3)c2)c1,-9.0,3.112962410952305,34_984
O=c1[nH]c2ccccc2c(O)c1C=NC(=S)Nc1ccccc1-c1nc2ccccc2[nH]1,-8.3,3.3101213203764486,34_985
Cn1c(-c2cccc(-c3cccc(NC(=O)c4ccccc4)c3)c2)nc2ccccc21,-8.314285714285715,3.3942752104154073,34_986
O=c1cc(-c2ccc3ccccc3n2)[nH]c2ccccc12,-7.3,3.5183750222019805,34_987
O=C(Nc1cccc(-c2cccc(-c3cccc(-c4cccc(F)c4)c3)c2)c1)c1cccc(-c2cccc(-c3nn[nH]n3)c2)c1,-9.8,3.2143376936691226,34_988
O=C(Nc1ccccc1-c1nc(=O)c2c3c(ccc2[nH]1)C(=O)c1ccccc1C3=O)c1ccco1,-9.6,3.4826560797455093,34_989
O=C(Nc1cccc(-c2cccc(-c3cccc(-c4ccccc4F)c3)c2)c1)c1ccccc1,-9.233333333333333,3.188129789925851,34_990
O=C(c1cccc(-c2cccc(-c3cccc(-c4nc5ccccc5[nH]4)c3)c2)c1)N1CCNCC1,-9.325,3.440998249723921,34_991
Cc1cccc(C(=O)Nc2cccc(-c3cccc(-c4nc5cc(F)ccc5[nH]4)c3)c2)c1,-8.6,3.3313937058417826,34_992
O=C(Nc1cccc(-c2cccc(-c3cccc(C(=O)N4CCOCC4)c3)c2)c1)c1ccccc1,-8.816666666666668,3.5759240999335113,34_993
CN1[CH]C[C@H](c2nc(-c3cccc(-c4cccc(-c5nc6ccccc6[nH]5)c4)c3)c3ccccc3n2)CC1,-10.1,3.410427127527779,34_994
Cn1c(-c2cccc(-c3cccc(NC(=O)c4cccc(C(F)(F)F)c4)c3)c2)nc2ccccc21,-8.4125,3.449135448355882,34_995
O=C(Nc1cccc(-c2ccc3c(c2)OCCO3)c1)c1cccc(-c2cccc(-c3cccc4ccccc34)c2)c1,-9.1,3.207080872412856,34_996
O=C(Nc1ccc(Oc2cc(-c3ccccc3F)cc(C(F)(F)F)c2)cc1)Nc1cccc(-c2cccc(F)c2F)c1,-8.8,3.03732497410935,34_997
O=C(Nc1cccc(-c2cccc(-c3cccc(C(F)(F)F)c3)c2)c1)c1ccccc1,-8.261538461538462,3.3040276133142337,34_998
N=C(N)N=Nc1c(-c2c(=O)[nH]c(O)c3ccc(/C=C/c4ccccc4)cc23)[nH]c2ccccc12,-7.6,2.9518640698249796,34_999
O=C(Nc1ccc(C(=O)N2C=CN(c3cccc([N+](=O)[O-])c3)CC2)cc1)c1ccccc1Cc1ccccc1,-7.2,3.4388278274069277,34_1000
N#Cc1cccnc1-c1cccc(-c2cccc(NC(=O)c3cccc(-c4ccc5ccccc5c4)c3)c2)c1,-8.4,3.296809126690155,34_1001
O=C(O)c1cccc(-c2cccc(-c3ccc4ccccc4c3)n2)c1,-8.3,3.5832865777716703,34_1002
O=C(Nc1cccc(-c2cccc(-c3nc4cc(F)ccc4[nH]3)c2F)c1)c1cccc(C(F)(F)F)c1,-8.649999999999999,3.249901202177252,34_1003
Nc1ccc(-c2cccc(-c3cccc(-c4cccc(-c5nc6ccccc6[nH]5)c4)c3)c2)cc1,-9.9,3.2661067393598735,34_1004
O=C(Nc1cccc(-c2cccc(-c3cccc(C(F)(F)F)c3)c2)c1)c1ccccc1,-8.261538461538462,3.3040276133142337,34_1005
O=C(Nc1ccc(Nc2nc(/C=C/c3cccc([N+](=O)[O-])c3)nc(N3CCOCC3)n2)cc1)Nc1cccc(Cl)c1F,-7.6,3.0851660539271917,34_1006
Cn1c(-c2cccc(-c3cccc(-c4cccc(C(=O)N5CCCC5)c4)c3)c2)nc2ccccc21,-9.3,3.356037870986026,34_1007
O=C(Nc1cccc(-c2cccc(-c3nc4cc(F)ccc4[nH]3)c2F)c1)c1ccccc1F,-9.1,3.440810601409063,34_1008
Cn1c(-c2cccc(-c3cccc(-c4cccc(C(=O)N5CCOCC5)c4)c3)c2)nc2ccccc21,-9.4,3.417921183135963,34_1009
O=C(Nc1cccc(-c2cccc(-c3cccc(F)c3)c2)c1)c1cccc(-c2ccc3ccccc3c2)c1,-8.5,3.089476916355295,34_1010
C1=COCC(c2nc(-c3cccc(-c4ccc5c(c4)OCO5)c3)no2)=C1,-7.7,3.634620141868152,34_1011
COc1cc(CC(C)=O)ccc1-c1cccc(-c2cccc(-c3cccc(-c4cccc(C(F)(F)F)c4)c3)c2)c1,-8.1,3.0755469597938916,34_1012
O=c1[nH]c2ccc(OC(F)(F)F)cc2nc1-c1cccc(-c2cccc(-c3cccc(-c4ccc5c(c4)OCO5)c3)c2)c1,-8.7,3.325081330187385,34_1013
O=C(Nc1cccc(-c2cccc(-c3nc4cc(F)ccc4[nH]3)c2F)c1)c1ccccc1,-8.641176470588235,3.443853177840764,34_1014
O=C(Nc1cccc(-c2cccc(-c3cccc(C(F)(F)F)c3)c2)c1)Nc1ccc2c(c1)OCO2,-8.9,3.5183779391771335,34_1015
Cn1c(-c2cccc(-c3cccc(NC(=O)c4ccccc4)c3)c2)nc2ccccc21,-8.314285714285715,3.3942752104154073,34_1016
O=C(Nc1cccc(-c2ccc3c(c2)OCO3)c1)c1cccc(-c2cccc(C(=O)N3CCOCC3)c2)c1,-9.2,3.5165313751660845,34_1017
O=C(Nc1ccccc1-c1nc2ccccc2[nH]1)c1cccc(-c2cccc(-c3cccc4ccccc34)c2)c1,-9.6,3.167106738812002,34_1018
O=c1cc(Nc2cccc(-c3cccc(F)c3F)c2)nc2n1CCC2,-7.4,3.7793977797031886,34_1019
O=C(Cc1cccc(-c2cccc3ccccc23)c1)Nc1nc2ccccc2[nH]1,-8.6,3.437578429571209,34_1020
Clc1cccc(-c2ccc(-c3nc(-c4ccccc4)c4cc(Cl)ccc4n3)cc2)c1,-8.4,3.280613587289377,34_1021
O=C(c1cccc(-c2cccc(F)c2)c1)N1CCN(C(=O)c2cccc(-c3cccc(-c4cccc5ccccc45)c3)c2)CC1,-10.1,3.11487138201202,34_1022
O=C(Nc1cccc(-c2cccc(-c3nc4ccccc4[nH]3)c2)c1)c1ccccc1,-8.337500000000002,3.442730724240592,34_1023
O=C(c1ccc(-c2cccc(-c3cccc(C(=O)N4CCOCC4)c3)c2)cc1)c1ccccc1Cl,-7.9,3.428104081850737,34_1024
O=C(c1cccc(-c2cccc(-c3cccc(-c4ccccc4F)c3)c2)c1)N1CCNCC1,-9.325,3.508189933556279,34_1025
O=C(Nc1ccccc1F)c1ccccc1N1CCN(C(=O)c2cccc(-c3cccc(C(=O)N4CCOCC4)c3)c2)CC1,-7.5,3.4625526113637477,34_1026
O=C(Nc1cccc(-c2cccc(-c3nc4ccccc4[nH]3)c2)c1)c1cccc(C(F)(F)F)c1,-8.440000000000001,3.31558797004833,34_1027
Cc1ccc(C2=NN(c3nc(-c4ccc5c(c4)OCO5)cs3)C(c3cccc(F)c3)C2)cc1,-8.3,3.462559800363521,34_1028
OC1(c2ccc3ccccc3c2)c2ccccc2-c2nc3ccccc3nc2N1c1ccc2c(c1)OCCO2,-8.2,3.2884105449552274,34_1029
O=C(Nc1cccc(-c2cccc(C(=O)N3CCOCC3)c2)c1)c1cccc(-c2cccc(-c3cccc(-c4cccc(C(=O)N5CCOCC5)c4)c3)c2)c1,-9.4,3.0414610183412716,34_1030
O=C(Nc1cccc(C(=O)N2CCOCC2)c1)c1cccc(-c2cccc(-c3cccc(-c4cccc(C(F)(F)F)c4)c3)c2)c1,-8.7,3.261438294392742,34_1031
O=C1Nc2ccccc2/C1=C/c1cccc(-c2cccc(-c3cccc(Cl)c3)c2)c1,-8.7,3.2806154962330973,34_1032
Cc1cccc(-c2cccc(C(=O)Nc3ncc[nH]3)c2)c1,-8.0,3.636173823785581,34_1033
Cn1c(-c2cccc(-c3cccc(-c4cccc(C(=O)N5CCOCC5)c4)c3)c2)nc2ccccc21,-9.4,3.417921183135963,34_1034
O=C(NC(Cc1ccccc1)C(=O)Nc1cccc(-c2cccc3ccccc23)c1)c1cccc(-c2cccc(-c3cccc(-c4cccc(C(=O)N5CCOCC5)c4)c3)c2)c1,-10.0,2.832228759599514,34_1035
O=C(Nc1cccc(-c2cccc(-c3ccccc3)c2)c1)c1cccc(-c2cccc(-c3cccc4ccccc34)c2)c1,-8.7,2.894474945828826,34_1036
Cn1c(-c2cccc(-c3cccc(NC(=O)c4ccccc4F)c3)c2)nc2ccccc21,-8.6,3.3956733809905395,34_1037
O=C(Nc1cccc(-c2ccccc2F)c1)c1nccc(-c2ccccc2F)n1,-7.8,3.6815986062007706,34_1038
Oc1c2ccccc2c(O)c2c3c(ccc12)=NC(=C1C=c2ccccc2=N1)N=3,-8.15,3.3402223998817275,34_1039
Cc1ccccc1NC(=O)Nc1cccc(-c2cccc(-c3cccc(-c4cccc(C(=O)N(C)C)c4)c3)c2)c1,-9.2,3.2159404542107293,34_1040
O=C(Nc1cccc(-c2cc(Nc3cccc(C(F)(F)F)c3)ncn2)c1)c1ccccc1,-8.1,3.64409824554827,34_1041
O=C(Nc1cccc(-c2cccc(C(=O)N3CCOCC3)c2)c1)c1cccc(-c2ccc3ccccc3c2)c1,-8.559999999999999,3.392862095706997,34_1042
O=C(Nc1ccc2c(c1)OCO2)c1cccc(-c2cccc(-c3cccc(-c4cccc(-c5ncc[nH]5)c4)c3)c2)c1,-8.6,3.1920794500102483,34_1043
O=C(Cc1ccccc1)N1C=CC=C(S(=O)(=O)Nc2ccc3c(=O)[nH]c4ccc(Br)cc4c3c2)C1,-7.8,3.5138793340000745,34_1044
O=C(Nc1cccc(-c2cccc(-c3nc4cc(F)ccc4[nH]3)c2F)c1)c1ccccc1,-8.641176470588235,3.443853177840764,34_1045
O=C(c1cccc(-c2cccc(-c3cccc4ccccc34)c2)c1)N1CCN(C(=O)c2csc(-c3cccc(F)c3F)n2)CC1,-9.2,3.225133288924477,34_1046
N#Cc1cccnc1-c1cccc(-c2cccc(CC(N)C(=O)O)c2)c1,-7.3,3.724195648739645,34_1047
O=C(Nc1cccc(-c2cccc(-c3cccc(-c4cccc(F)c4)c3)c2)c1)c1ccccc1,-9.142857142857142,3.188129789925851,34_1048
O=C(Nc1cccc(-c2cccc(-c3nc4cc(F)ccc4[nH]3)c2)c1)Nc1cccc(-c2cc3ccccc3[nH]2)c1,-10.0,3.0868024517118373,34_1049
Cn1c(-c2cccc(-c3cccc(NC(=O)c4ccccc4F)c3)c2)nc2ccccc21,-8.6,3.3956733809905395,34_1050
O=C(c1cccc(-c2cccc(-c3nc4ccccc4[nH]3)c2)c1)N1CCN(c2ccccc2F)CC1,-8.983333333333334,3.4648144352837686,34_1051
Nc1nccc(-c2cccc(-c3cccc(-c4cccc(C(F)(F)F)c4)c3)c2)n1,-8.9,3.6250371600982736,34_1052
Oc1c2ccccc2c(O)c2c3c(ccc12)=NC(=C1C=c2ccccc2=NC1=NC1CC1)N=3,-8.6,3.278698680588086,34_1053
O=C(c1cccc(-c2cccc(-c3cccc4ccccc34)c2)c1)N1CCN(c2cccc(Cl)c2)CC1,-8.766666666666666,3.192108602439839,34_1054
O=C(c1cccc(-c2nc3ccccc3n2-c2cccs2)c1)N1CCN(c2cccc(C(F)(F)F)c2)CC1,-7.8,3.3990360066557197,34_1055
CC=C1C=CC=C(C(=O)O)c2ccc3c(c2)OC(c2cccc(C#Cc4ccccc4)c2)C2=C3CC3CCC2C13,-7.8,0.7954874311383486,34_1056
O=C(c1cccc(-c2cccc(-c3cccc(-c4ccccc4F)c3)c2)c1)N1CCNCC1,-9.325,3.508189933556279,34_1057
O=C(Nc1cccc(-c2cccc(-c3cccc(-c4cccc(C(F)(F)F)c4)c3)c2)c1)Nc1cccc(-c2ncc[nH]2)c1,-9.4,3.004029802313175,34_1058
N#Cc1cccnc1-c1cccc(-c2cccc(-c3cccc(CNC(=O)c4ccccc4-c4ccccc4[N+](=O)[O-])c3)c2)c1,-8.8,3.026757741555339,34_1059
O=C(c1cccc(-c2cccc(-c3cccc4ccccc34)c2)c1)N1CCN(c2ccccn2)CC1,-9.2,3.3419638862644048,34_1060
O=C(Nc1cccc(-c2cccc(N3CCCC3)n2)c1)Nc1cccc(C(F)(F)F)c1,-8.2,3.6626664687278794,34_1061
O=C(c1cccc(-c2cccc(C(F)(F)F)c2)c1)N1CCNCC1,-7.5,3.6771800988230603,34_1062
O=C(Nc1ccccc1Cl)c1cccc(-c2cccc(C(=O)N3CCOCC3)c2)c1,-8.5,3.7414298425851706,34_1063
O=C(N[C@H]1CC[C@H](CCN2CCN(c3nccc4c3CCO4)CC2)CC1)c1ccccc1-c1ccccc1,-7.7,3.4278338585367134,34_1064
O=C(Nc1ccccc1C(=O)n1c(C2=CC(=Cc3ccccc3C(=O)O)C=C2)nc2ccccc21)c1cccs1,-8.3,3.367635062016223,34_1065
Cc1cc(COc2cccc(C3=C4C(c5ccc6c(ccn6C)c5)=CN=C4C=N3)c2)nc(C)n1,-7.5,3.5002080677275162,34_1066
O=C1C[C@H](c2ccccc2F)c2ccccc2C1c1ccccc1,-7.8,3.3570426619877525,34_1067
O=C(c1ccc2c(-c3cccc(-c4ccccc4F)c3)cccc2c1)N1CCNCC1c1ccccc1,-8.9,3.294423783961459,34_1068
C=CC=CC=CC(C=CC=CF)OCCN1CCN(c2cccc3ccccc23)CC1,-6.2,3.4009722357500536,34_1069
COC=C1C=CC(=Nc2nccc(-c3cccc(-c4cccc(C(=O)N5CCOCC5)c4)c3)n2)C1,-8.4,3.5430926602927313,34_1070
COc1ccccc1C(=O)NC(=S)Nc1cccc(-c2cccc(-c3cccc(-c4nc5ccccc5[nH]4)c3)c2)c1,-7.8,3.117508708543861,34_1071
O=C1CCN(c2cccc(-c3cccc(-c4nn[nH]n4)c3)c2)CCN1,-8.1,2.7604848248407867,34_1072
Cn1cnc(-c2cccc(-c3cccc(-c4cccc(-c5nc6ccccc6[nH]5)c4)c3)c2)c1,-9.3,3.3449337769064007,34_1073
O=C(c1cccc(F)c1)N1CCN(C(=O)c2cccc(-c3cccc(-c4nc5ccccc5[nH]4)c3)c2)CC1,-9.8,3.4726691133897107,34_1074
N#Cc1cccnc1-c1cccc(-c2cccc(-c3cc(=O)c4ccccc4o3)c2)c1,-8.8,3.477580795634984,34_1075
O=C(Nc1cccc(-c2cccc(-c3cccc(-c4cccc(F)c4)c3)c2)c1)c1ccccc1,-9.142857142857142,3.188129789925851,34_1076
O=C(c1cccc(-c2cccc(C(=O)N3CCN(c4cccc(C(F)(F)F)c4)CC3)c2)c1)N1CCOCC1,-8.577777777777776,3.5675074243249583,34_1077
O=C1c2ccccc2C(=O)c2c1ccc1[nH]c(-c3cccc(Oc4ccccc4)c3)nc21,-9.0,3.5397137896923194,34_1078
O=C(Nc1ccccc1-c1nncscc(O)nc1-c1ccccc1Nc1cccc(C(F)(F)F)c1)c1ccccc1,-8.3,0.9034097900997757,34_1079
O=C(Nc1ccccc1-c1cccc(F)c1)c1cccc(-c2cccc(-c3cccc(-c4nn[nH]n4)c3)c2)c1,-9.4,3.3901379644410854,34_1080
O=C(NCc1ccccn1)c1ccc(F)c(-c2cccc(-c3cccc4c(=O)cc(N5CCOCC5)oc34)c2)c1,-8.9,3.4565846221581533,34_1081
Nc1nc(-c2ccc(F)cc2)cc(-c2cccc(-c3cccc(C(F)(F)F)c3)c2)n1,-9.1,3.571611306380544,34_1082
O=C(Nc1cccc(-c2cccc(-c3nc4cc(F)ccc4[nH]3)c2)c1)c1ccccc1,-8.444827586206896,3.4293586076098226,34_1083
O=C(Nc1cccc(-c2cccc(-c3cccc(C(=O)N4CCOCC4)c3)c2)c1)Nc1ccccc1F,-9.7,3.522647590392938,34_1084
O=C(Nc1cccc(-c2cccc(-c3nn[nH]n3)c2)c1)c1ccccc1-c1cccc(Cl)c1,-8.1,3.5241323376419302,34_1085
O=Cc1cn(C[C@H]2CCN(c3ccc(-c4ccccc4OC(F)(F)F)cc3)C2)c(=O)[nH]1,-6.6,3.7095777956848526,34_1086
O=C(Nc1cccc(-c2cccc(-c3nc4cc(F)ccc4[nH]3)c2Cl)c1)c1ccccc1-c1ccccc1,-8.5,3.266278196034434,34_1087
O=P(O)(O)C(Cc1ccccc1)Oc1cccc(-c2cccc(-c3cccc(-c4cccc(-c5ccccc5)c4)c3)c2)c1,-7.2,2.96923535974179,34_1088
O=C(Nc1cccc(-c2cccc(-c3nc4cc(F)ccc4[nH]3)c2)c1)c1ccccc1,-8.444827586206896,3.4293586076098226,34_1089
O=C(c1cccc(-c2cccc(-c3cccc(-c4ccccc4F)c3)c2)c1)N1CCNCC1,-9.325,3.508189933556279,34_1090
N=C(N)c1ccc(-c2cc(-c3cccc(-c4cccc(-c5ccccc5F)c4)c3)co2)cc1,-9.2,3.266156352209702,34_1091
O=C(Nc1cccc(-c2cccc(C(=O)N3CCOCC3)c2)c1)c1cccc(-c2cccc(-c3nc4ccccc4[nH]3)c2)c1,-8.5,3.3098344230862136,34_1092
O=C(c1cccc(S(=O)(=O)Nc2cccc(F)c2)c1)N1CCN(Cc2ccc3c(c2)OCO3)CC1,-7.7,3.6282029277751677,34_1093
O=Cc1ccn2c(-c3ccc(F)cc3)c(-c3cccc(-c4ccccc4C=O)c3)cc2c1,-7.7,3.364025717309559,34_1094
N#Cc1cccnc1-c1cccc(-c2cccc(-c3cccc(C(=O)N4CCNCC4)c3)c2)c1,-8.89090909090909,3.6433678319260787,34_1095
O=C(Nc1ccccc1-c1nc2c3c(ccc2[nH]1)C(=O)c1ccccc1C3=O)c1ccccc1,-9.1,3.496767089316818,34_1096
O=C(Nc1ccccc1C(=O)N1CCOCC1)c1cccc(-c2cccc(-c3ccc4c(c3)OCO4)c2)c1,-8.533333333333333,3.5165313751660845,34_1097
O=C(Nc1nc(-c2ccccn2)cs1)c1cccc(-c2cccc(C(=O)N3CCOCC3)c2)c1,-8.3,3.663272069413366,34_1098
N#Cc1cccnc1-c1cccc(-c2cccc(-c3cccc(NC(=O)Nc4cccc(-c5ccccc5)c4)c3)c2)c1,-9.7,3.1954487395076105,34_1099
O=C(c1cccc(-c2cccc(-c3cccc(-c4cccc(F)c4)c3)c2)c1)N1CCNCC1,-9.411111111111113,3.508189933556279,34_1100
Oc1ccc(-c2cc(-c3cccc(-c4cccc(-c5cnco5)c4)c3)cs2)cc1,-8.7,3.487775886337191,34_1101
O=C(Nc1ccc2ccccc2c1)c1cccc(-c2cccc(C(=O)N3CCOCC3)c2)c1,-8.5,3.6100608840887976,34_1102
O=C(Nc1cccc(-c2cccc(F)c2)c1)c1ccc(-c2cccc(-c3cccc(-c4ccccc4F)c3)c2)cc1,-8.8,3.0300865589362544,34_1103
COc1cccc(-c2cc(-c3cccc(-c4ccc5c(c4)OCCO5)c3)nc3ccccc23)c1,-9.5,3.3678303876112103,34_1104
O=C(Nc1cc(C(F)(F)F)cc(-c2ccccc2F)n1)c1cccc(-c2ccc3c(c2)OCCO3)c1,-8.3,3.5561830594983492,34_1105
O=C(O)c1cc(-c2cccc(-c3nccs3)c2)cc(-c2ccc3ccccc3c2)c1,-8.6,3.4628880968117732,34_1106
O=c1c(Nc2ccccc2)c(-c2cccc(-c3cccc(-c4ncccc4CO)c3)c2)[nH]c2ccccc12,-8.6,3.216297051904699,34_1107
Cc1cc(Nc2cccc(F)c2)c2cccc(-c3cccc(F)c3)c2n1,-6.9,3.4985853060166194,34_1108
O=C1C(=O)N(Cc2cccc(-c3cccc(-c4ncccc4CO)c3)c2)c2ccccc21,-8.4,3.6174469050643605,34_1109
O=C(Nc1cccc(-c2cccc(-c3nc4ccccc4[nH]3)c2)c1)c1ccccc1F,-8.525,3.4293586076098226,34_1110
O=C(O)c1cccc(-c2ccccc2N=CN2CCN(C(=O)c3cccc4ccccc34)CC2)c1,-8.0,3.511165415401564,34_1111
O=C(Nc1cccc(-c2cccc(-c3nc4ccccc4[nH]3)c2)c1)c1cccc(-c2ccc3c(c2)OCO3)c1,-8.8,3.270782848042287,34_1112
O=C(Nc1cccc(-c2cccc(-c3ccccc3OC(F)(F)F)c2)c1)c1ccccc1,-8.0,3.437025411589027,34_1113
O=C1c2ccccc2C(=O)N1c1cccc(-c2cccc(-c3cccc(C(F)(F)F)c3)c2)c1,-9.0,3.330494650484966,34_1114
O=C(c1nn(-c2ccccc2)c2c1CS(=O)(=O)c1ccccc1-2)N1CCN(c2ccccc2F)CC1,-8.1,3.510609306002512,34_1115
N=C(N=c1[nH]c(-c2cccc(-c3ccccc3OC(F)(F)F)c2)cs1)NCc1ccccc1,-7.2,3.410872797175565,34_1116
O=C(Nc1cccc(-c2cccc(-c3ncccc3CF)c2)c1)c1cccc(-c2ccc3c(c2)OCO3)c1,-8.2,3.4020198987824757,34_1117
O=C(Nc1cccc(-c2cccc(-c3cccc(F)c3)c2)c1)c1cccc(-c2cccc3ccccc23)c1,-8.7,3.089476916355295,34_1118
O=C(c1cccc(-c2cccc(-c3nc4ccccc4[nH]3)c2)c1)N1CCN(c2ccccc2F)CC1,-8.983333333333334,3.4648144352837686,34_1119
Cn1c(-c2cccc(-c3cccc(NC(=O)c4ccccc4)c3)c2)nc2ccccc21,-8.314285714285715,3.3942752104154073,34_1120
O=Cc1cccnc1-c1cccc(-c2cccc(NC(=O)c3cccc(-c4ccc5ccccc5c4)c3)c2)c1,-8.25,3.240412944193357,34_1121
O=C(c1ccc(-c2cccc(-c3cccc(C(=O)N4CCOCC4)c3)c2)cc1)N1CCNCC1,-8.7,3.649506152725788,34_1122
Cn1c(-c2cccc(-c3cccc(NC(=O)Nc4cccc(-c5ccccc5F)c4)c3)c2)nc2ccccc21,-10.1,3.211589862292562,34_1123
O=C(c1ccccc1)c1cccc(-c2cccc(-c3cccc(-c4cccc(-c5nnco5)c4)c3)c2)c1,-9.6,3.264655124291323,34_1124
O=C(Nc1cccc(-c2cccc(C(=O)N3CCOCC3)c2)c1)c1cccc(-c2ccc3c(c2)OCO3)c1,-8.525,3.5165313751660845,34_1125
O=C(Nc1cccc(-c2cccc(-c3nc4cc(F)ccc4[nH]3)c2F)c1)c1cccs1,-7.8,3.498194128748133,34_1126
N#Cc1cccnc1-c1cccc(-c2cccc(NC(=O)c3cccc(-c4cccc5ccccc45)c3)c2)c1,-8.4,3.296809126690155,34_1127
O=C1c2ccccc2C(=O)c2c1ccc1[nH]c(-c3cccc(-c4cccc(F)c4)c3)nc21,-8.5,3.4939119244747068,34_1128
O=C(O)c1cccc(-c2cccc(-c3cc(-c4ccc5c(c4)OCO5)cc4cccnc34)c2)c1,-9.9,3.398747434084064,34_1129
Cc1ccc(S(=O)(=O)Nc2cccc(-c3ccccc3)c2)cc1NC(=O)c1cccc(-c2cccc(-c3nc4ccccc4[nH]3)c2)c1,-8.8,2.994599215160347,34_1130
O=C(Nc1cccc(-c2cnc3c(NC(=O)c4cccc(-c5ccccc5F)c4)cccc3c2)c1)Nc1cccc(C(F)(F)F)c1,-9.0,2.970116824744642,34_1131
O=C(c1cccc(-c2cccc(-c3ccc4c(c3)OCO4)c2)c1)N1CCN(c2cccc(Cl)c2)CC1,-9.0,3.4269591872447522,34_1132
Cc1cc(Cl)ccc1OCc1cc(-c2ccc3c(c2)OCO3)nc2ccccc12,-8.4,3.5884206525315268,34_1133
Cn1c(-c2cccc(-c3cccc(NC(=O)c4ccccc4F)c3)c2)nc2ccccc21,-8.6,3.3956733809905395,34_1134
O=C(c1ccc2c(-c3cccc(-c4ccccc4F)c3)cccc2c1)N1CCNCC1,-9.0,3.513567367705725,34_1135
O=C(Nc1nc(-c2ccccc2)cs1)c1cccc(-c2cccc(-c3ccc4c(c3)OCO4)c2)c1,-8.55,3.372471891639528,34_1136
O=C(COC(=O)c1ccccc1Nc1ccccc1)Nc1cccc(-c2cccc(-c3nccs3)c2)c1,-8.1,3.2261506085595126,34_1137
O=C(c1cccc(-c2cccc(S(=O)(=O)N3CCN(C(=O)c4ccc(-c5nc(=O)c6ccccc6[nH]5)cc4Cl)CC3)c2)c1)N1CCOCC1,-8.7,3.196880323173896,34_1138
O=C(Nc1cccc(-c2cccc(-c3ccccc3)c2)c1)c1cccc(-c2cccc([N+](=O)[O-])c2)c1,-8.3,3.2988431817864368,34_1139
OCc1ccccc1-c1cc(CC=CC=CF)nc(-c2ccccc2)c1,-7.2,3.5145066405381726,34_1140
O=C(Nc1cccc(-c2nnco2)c1)c1cccc(-c2cccc(-c3ccc4c(c3)OCO4)c2)c1,-8.05,3.4245010667958535,34_1141
O=C1c2ccccc2-c2cccc(-c3ccco3)c21,-6.5,3.4228128231546293,34_1142
Cn1c(-c2cccc(-c3cccc(-c4ccc(Cl)c(C(=O)Nc5ccccn5)c4)c3)c2)nc2ccccc21,-8.6,3.326186644093653,34_1143
O=C(O)c1ccc(-c2cccc(-c3cccc(-c4nn[nH]n4)c3)c2)cc1,-8.0,3.6986135089169982,34_1144
O=C(c1cccc(-c2cccc(-c3nc4ccccc4[nH]3)c2)c1)N1CCN(c2ccccc2F)CC1,-8.983333333333334,3.4648144352837686,34_1145
O=c1c2ccccc2nc(-c2ccc3ccccc3c2)n1-c1cccc(-c2cccc(-c3ccc4c(c3)OCO4)c2)c1,-9.2,3.1392920288478274,34_1146
Cn1c(-c2cccc(-c3cccc(NC(=O)c4cccc(F)c4)c3)c2)nc2ccccc21,-8.3,3.3956733809905395,34_1147
O=c1cc(N2CCOCC2)oc2cc(-c3cccc4ccccc34)ccc12,-8.5,3.5759359990517376,34_1148
O=C(c1cccc(-c2cccc(C(=O)N3CCOCC3)c2)c1)N1CCNCC1,-7.9,3.6666721056260423,34_1149
O=C(c1cccc(-c2cccc(C(=O)N3CCN(C(=O)c4ccco4)CC3)c2)c1)N1CCOCC1,-8.9,3.6129887333911004,34_1150
O=C(Nc1cccc(-c2cccc(-c3nn[nH]n3)c2)c1)c1cccc(C(F)(F)F)c1,-7.8,3.671062044725982,34_1151
O=C(Nc1cccc(-c2cccc(-c3cccc(C=Nc4cccc(F)c4)c3)c2)c1)c1ccccc1,-8.9,3.2286736348639486,34_1152
O=C(Nc1cccc(-c2cccc(-c3nc4cc(F)ccc4[nH]3)c2)c1)c1ccccc1,-8.444827586206896,3.4293586076098226,34_1153
O=C(Nc1cccc2[nH]ccc12)c1cccc(-c2cccc(-c3cc(C(F)(F)F)cc(C(F)(F)F)c3)c2)c1,-8.7,3.1235603183431486,34_1154
O=C1c2ccccc2-c2ccccc2NCn2cc(-c3cccc(-c4cc5ccccc5o4)c3)cc21,-8.6,1.0694567241240485,34_1155
O=C(Cc1cccc(-c2ccc3c(c2)OCO3)c1)Nc1nc(-c2ccccc2)cc2ncccc12,-9.2,3.5147327233999723,34_1156
O=C(Nc1cccc(-c2cccc(C(F)(F)F)c2)c1)c1cccc(-c2cccc(-c3ccc4c(c3)OCO4)c2)c1,-8.924999999999999,3.27643453002898,34_1157
O=C(Cn1c2ncccc2c(=O)n1-c1cccs1)Nc1cccc(-c2cccc3ccccc23)c1,-8.2,3.443689856630392,34_1158
O=C(CNc1cccc(-c2cc3cc(F)ccc3[nH]2)c1)Nc1cccc(-c2cccc3ccccc23)c1,-8.9,3.1437329235815294,34_1159
O=S1(=O)C=CC(=Nc2cccc(-c3cccc(-c4cccc(-c5cccc(-c6nc7ccccc7[nH]6)c5)c4)c3)c2)N1,-9.3,3.3357240745728687,34_1160
O=C(c1cccc(-c2cccc(-c3cccc4ccccc34)c2)c1)N1CCN(c2cccc(C(F)(F)F)c2)CC1,-9.5,3.155724006991007,34_1161
O=C(O)c1ccc(/C=C(\c2ccccc2)c2cc3ccccc3c3ccccc23)cc1,-7.9,3.1434738795422215,34_1162
O=C(c1cccc(-c2cccc(-c3cccc(F)c3)c2)c1)N1CCN(c2ccccn2)CC1,-8.55,3.5453827887396976,34_1163
O=C(c1ccccn1)c1cccc(-c2cccc(-c3cccc(-c4nc5cc(F)ccc5[nH]4)c3)c2)n1,-9.2,3.4421164014080126,34_1164
O=C(Nc1cccc(-c2cccc(-c3cccc(F)c3)c2)c1)c1cccc(-c2ccc3c(c2)OCO3)c1,-8.966666666666667,3.274475212885916,34_1165
O=C(Nc1cccc(-c2cccc(-c3nc4cc(F)ccc4[nH]3)c2F)c1)c1ccccc1,-8.641176470588235,3.443853177840764,34_1166
O=C(c1cccc(-c2cccc(-c3ccc4c(c3)OCO4)c2)c1)N1CCN(c2cccc(C(F)(F)F)c2)CC1,-8.649999999999999,3.4068437186879326,34_1167
COc1cccc(NC(=O)Nc2cccc(-c3cccc(-c4ccccc4)c3)c2)c1,-8.7,3.4078098976763487,34_1168
C=C(C=CC(=O)O)c1cccc(-c2cccc(-c3cccc(-c4cccc(-c5ncccc5C#N)c4)c3)c2)c1,-9.1,3.1748609589088055,34_1169
O=C(Nc1ccccc1C(=O)Nc1nccs1)c1cccc(-c2cccc(-c3cccc(F)c3)c2)c1,-9.2,3.444511353552172,34_1170
O=C(Nc1cccc(-c2cccc(F)c2)c1)c1nc2c3ccccc3c3ccccc3c2[nH]1,-8.6,3.324549399791911,34_1171
Cc1ccccc1NC(=O)Nc1ccc(-c2cccc(-c3cc(C(F)(F)F)cc(C(F)(F)F)c3)c2)cc1,-8.7,3.2351352368635133,34_1172
O=C(Nc1cccc(-c2ccccc2F)c1)c1cccc(-c2cccc(-c3ccc4c(c3)OCO4)c2)c1,-9.3,3.274475212885916,34_1173
O=C(O)c1cccc(-c2cccc(-c3cccc(-c4nc5ccccc5[nH]4)c3)c2)c1,-8.9,3.421359302703002,34_1174
O=C(Nc1ccccc1)Nc1cccc(-c2cccc(-c3cccc(-c4cccc(-c5nnco5)c4)c3)c2)c1,-9.3,3.325093172832218,34_1175
O=C(Nc1cccc(S(=O)(=O)N2CCOCC2)c1)c1cccc(-c2cccc(-c3ccc4c(c3)OCO4)c2)c1,-8.4,3.491786065271293,34_1176
O=C(Nc1cccc(-c2cccc(C(=O)N3CCOCC3)c2)c1)c1ccccc1-c1ccccc1,-8.25,3.5759240999335113,34_1177
O=C(c1cccc(-c2cccc(-c3cccc(F)c3)c2)c1)N1CCNCC1,-8.333333333333334,3.613391725708435,34_1178
O=C(Nc1cccc(O)c1)c1cccc(-c2cccc(C(=O)N3CCOCC3)c2)c1,-7.6,3.74549915437756,34_1179
Cn1c(-c2cccc(-c3cccc(-c4cccc(C(=O)N5CCCC5)c4)c3)c2)nc2ccccc21,-9.3,3.356037870986026,34_1180
O=CC(C(=Nc1cccc(-c2cccc(-c3ccc4c(c3)OCO4)c2)c1)N1C=CC=CC1)c1ccc(F)cc1,-7.7,3.152224307864393,34_1181
O=C(c1cc(-c2cccc(C(F)(F)F)c2)nc2ccccc12)N1CCN(C2CCC2)CC1,-8.6,3.5571275922947407,34_1182
CN(C)Cc1ccc(-c2cccc(-c3cc(-c4cccc(C(=O)NC5CC5)c4)ccc3F)n2)cc1,-8.6,3.5339121719883893,34_1183
O=C(Nc1cccc(-c2cccc(-c3cccc(F)c3)c2)c1)c1ccccc1,-8.1,3.3812540668581823,34_1184
O=C1c2ccccc2C(=O)N1c1cccc(-c2cccc3c(=O)cc(N4CCOCC4)oc23)c1,-8.3,3.4813854772545203,34_1185
O=C(COC(=O)c1cccc(-c2cccc3cccc(F)c23)c1)N=CC1=CC(c2cccc(-c3nn[nH]n3)c2)C=C1,-7.7,3.2929230731850634,34_1186
O=C(c1cccc(-c2cccc(-c3cccc(-c4ccccc4F)c3)c2)c1)N1CCNCC1,-9.325,3.508189933556279,34_1187
Cc1cccc(NCc2cccc(-c3cccc(-c4cccc(-c5nn[nH]n5)c4)c3)c2)c1,-9.1,3.493423887879513,34_1188
C=C1C=CC=C(c2cccc(-c3nnc(-c4ccc(OC)cc4)o3)c2)c2cccnc21,-8.1,2.5299369662611992,34_1189
N#Cc1cccnc1-c1cccc(-c2cccc(-c3cccc(C(=O)N4CCNCC4)c3)c2)c1,-8.89090909090909,3.6433678319260787,34_1190
O=C(c1cccc(-c2cccc(-c3cccc(-c4cccc(-c5ccccc5[N+](=O)[O-])c4)c3)c2)c1)N1CCOCC1,-10.0,3.199432615804006,34_1191
O=C(Nc1cccc(C(F)(F)F)c1)N1CCN(c2cccc3c2ccn3-c2ccccc2F)CC1,-8.2,3.5149994688910313,34_1192
O=C(COc1cccc(C(F)(F)F)c1)N1CCN(C(=O)c2cccc(-c3cccc(-c4ccc5c(c4)OCO5)c3)c2)CC1,-8.6,3.3918531822746534,34_1193
N#Cc1cccnc1-c1cccc(-c2cccc(NC(=O)c3cccc(-c4ccc5ccccc5c4)c3)c2)c1,-8.4,3.296809126690155,34_1194
O=C(CN1C(=O)C(c2ccccc2)=NC1c1ccccc1)Nc1cccc(-c2cccc(-c3ccc4c(c3)OCO4)c2)c1,-8.1,3.256685880963787,34_1195
Cn1c(-c2cccc(-c3cccc(NC(=O)c4ccccc4F)c3)c2)nc2ccccc21,-8.6,3.3956733809905395,34_1196
O=C(Nc1cccc(-c2cncc(-c3cccc(C(F)(F)F)c3)n2)c1)c1ccccc1Cl,-8.3,3.6265043486549717,34_1197
O=C(Nc1cccc(C(=O)N2CCOCC2)c1)c1cccc(-c2cccc(-c3ccc4c(c3)OCO4)c2)c1,-8.266666666666666,3.5165313751660845,34_1198
O=C(c1cccc(-c2cccc(C(=O)N3CCN(c4ccccc4C(F)(F)F)CC3)c2)c1)N1CCOCC1,-9.05,3.5675074243249583,34_1199
O=C(Nc1cccc(-c2ccc3c(c2)OCCO3)c1)c1cc(-c2cccc3ccccc23)nc2ccccc12,-9.3,3.373431846875082,34_1200
O=C(c1cc(Cc2n[nH]c(=O)c3c2NCCC3)ccc1F)N1CCN(c2cccc(C(F)(F)F)c2)CC1,-8.4,3.5343766627608666,34_1201
O=C(Nc1cccc(-c2cccc(-c3cccc(-c4ccccc4F)c3)c2)c1)c1ccccc1,-9.233333333333333,3.188129789925851,34_1202
O=C(Nc1cccc(-c2cccc(-c3cccc(-c4ccccc4F)c3)c2)c1)c1ccccc1,-9.233333333333333,3.188129789925851,34_1203
O=C(Nc1ccccc1-c1cn2c(-c3ccccc3F)cnc2s1)c1cccc(-c2ccc3c(c2)OCCO3)c1,-9.3,3.384430824221983,34_1204
O=C(Nc1cccc(-c2cccc(-c3cccc(-c4cccc(F)c4)c3)c2)c1)c1ccccc1,-9.142857142857142,3.188129789925851,34_1205
Oc1cccc(-c2cc(-c3ccccc3)nc3c2COc2ccccc2-3)c1,-8.8,3.528551712981286,34_1206
O=C(Nc1cccc(-c2cnc3c(NC(=O)c4ccccc4)cccn23)c1)c1ccc(F)cc1,-7.9,3.531909429011667,34_1207
O=C(Nc1ccccc1-c1nc2ccccc2s1)c1cccc(-c2cccc3c(=O)cc(N4CCOCC4)oc23)c1,-8.6,3.3826539364586696,34_1208
CCN(CCC(=O)C=CC=CC(F)c1cccc2[nH]cc(Cl)c12)c1nc2ccccc2nc1NC(C)(C)C,-7.6,3.313488096283689,34_1209
O=C(Nc1cccc(-c2cccc(-c3cccc(C(=O)N4CCOCC4)c3)c2)c1)c1cccc(C(F)(F)F)c1,-8.7,3.537920848713541,34_1210
O=C(NC1=CCOc2ccc(cc2)-c2cc(no2)C=CC=C1)c1cccc2ccccc12,-8.1,1.9769166783969636,34_1211
O=C(c1cccc(-c2cccc(-c3cccc(C(F)(F)F)c3)c2)c1)N1CCNCC1,-8.5,3.642566566269835,34_1212
CNCCN1C=CC2=CCc3cccc(-c4cc(-c5ccc6c(c5)OCO6)cc(-c5ccc(F)cc5)n4)c3CC=NC2=C1,-8.3,1.058721146201374,34_1213
O=C(Nc1cccc(-c2cc[nH]n2)c1)c1cccc(-c2cccc(-c3ccc4c(c3)OCO4)c2)c1,-8.4,3.36872780221043,34_1214
O=C(c1cccc(-c2cccc(C(=O)N3CCN(c4ccccc4)CC3)c2)c1)N1CCOCC1,-8.4,3.5953511473089197,34_1215
N#Cc1cccnc1-c1cccc(-c2cccc(NC(=O)c3cccc(-c4cccc5ccccc45)c3)c2)c1,-8.4,3.296809126690155,34_1216
O=C(c1ccco1)N1CCN(c2nc(=O)c3cc(C(F)(F)F)cc([N+](=O)[O-])c3s2)CC1,-7.4,3.442923441482918,34_1217
O=C(Nc1c[nH]c2ncc(-c3cccc(F)c3F)cc12)c1cccc(-c2ccco2)c1,-9.0,3.5190888214990395,34_1218
O=CNc1ccccc1C(=O)Nc1cccc(-c2cccc(-c3cccc(C(=O)N4CCOCC4)c3)c2)c1,-8.4,3.488596065267539,34_1219
O=C(Nc1ccc2c(c1)OCO2)c1cccc(-c2cccc(-c3cccc(-c4cccc(C(=O)N5CCOCC5)c4)c3)c2)c1,-8.9,3.2634607357581036,34_1220
O=C(Nc1cccc(-c2cccc(-c3nc4ccccc4[nH]3)c2)c1)c1ccccc1,-8.337500000000002,3.442730724240592,34_1221
O=C1NCc2c1c1c3ccccc3n3c(O)c(-c4cccc5ccccc45)n4c5ccccc5c2c4c13,-8.6,3.2628520540713892,34_1222
O=C(Nc1cccc(-c2cccc(C(=O)N3CCOCC3)c2)c1)c1cccc(-c2cccc3ccccc23)c1,-8.7,3.392862095706997,34_1223
O=C1c2ccccc2C(=O)c2c1ccc1[nH]c(-c3ccc4c(ccc5ccccc54)c3)nc21,-9.3,3.35488278962221,34_1224
O=c1[nH]c(-c2cc(O)ccc2F)nc2cc3ccccc3cc12,-7.7,3.5528015490542564,34_1225
O=C(O)c1cccc(-c2cccc(-c3cccc(-c4cccc(C(F)(F)F)c4)c3)c2)c1,-8.8,3.3291461812302314,34_1226
O=C(Nc1cccc(-c2cccc(-c3ncccc3CF)c2)c1)c1cccc(-c2cccc(-c3nn[nH]n3)c2)c1,-7.8,3.2663238908679246,34_1227
O=C(c1cccc(-c2cccc(-c3cccc(F)c3)c2)c1)N1CCNCC1,-8.333333333333334,3.613391725708435,34_1228
O=C(Nc1cccc(-c2ccc3c(c2)OCO3)c1)c1ccccc1-c1ccccc1,-7.9,3.4955491490960098,34_1229
Oc1ccc(C(=S)Nc2ccccc2-c2ccccc2F)cc1,-7.2,3.5506343201949546,34_1230
O=C(Nc1cccc2ccccc12)c1cccc(-c2cccc(-c3ccc4c(c3)OCO4)c2)c1,-9.3,3.301790684873893,34_1231
O=C(Nc1cccc(-c2cccc(-c3cccc(-c4nc5ccccc5[nH]4)c3)c2)c1)c1cccc(C(F)(F)F)c1,-9.033333333333333,3.1412476074542717,34_1232
N#Cc1cccnc1-c1cccc(-c2cccc(-c3cccc(-c4cccc(C(=O)NCCN5CCOCC5)c4)c3)c2)c1,-8.5,3.3221960896686795,34_1233
O=C(Nc1cc[nH]c(=O)c1)c1ccccc1Oc1ccc(-c2ccccc2)cc1F,-7.7,3.6461331617880184,34_1234
Cn1c(-c2cccc(-c3cccc(NC(=O)c4cccc(C(F)(F)F)c4)c3)c2)nc2ccccc21,-8.4125,3.449135448355882,34_1235
COc1cccc2c(O)c3c(O)c4c(c(O)c3c(O)c12)C(C)=C[C@](O)(C(=O)COC(=O)c1cccc(-n2cnnn2)c1)C4,-7.1,2.713891706440616,34_1236
O=C(c1cccc(-c2cccc(-c3cccc(-c4n[nH]c(=S)o4)c3)c2)c1)N1CCNCC1,-8.7,3.6112820838562167,34_1237
O=CC(=O)N(Cn1cc(-c2cccc(-c3ccc4c(c3)OCO4)c2)nn1)c1cc(-c2ccccc2)ccc1Nc1ccccc1,-8.0,3.1103102858642444,34_1238
O=C(Nc1ccccc1Cc1ccccc1)c1cccc(-c2cccc(-c3cccc(-c4nn[nH]n4)c3)c2)c1,-8.9,3.2634928962345473,34_1239
O=C(c1cccc(-c2cccc(-c3ccc4c(c3)OCO4)c2)c1)N1CCN(c2cccc3cccnc23)CC1,-9.2,3.2979755489267397,34_1240
O=C(Nc1cccc(C(F)(F)F)c1)c1ccc(Nc2cccc(-c3cccc(-c4cccc(F)c4)c3)c2)cc1,-8.2,3.0705600935334982,34_1241
Cc1cccc(NC(=O)Nc2cccc(-c3cccc(-c4ccc5c(c4)OCO5)c3)c2)c1,-9.4,3.5472010879940954,34_1242
O=C(Nc1cccc(-c2cccc(-c3nc4cc(F)ccc4o3)c2F)c1)c1ccccc1,-9.0,3.519163972088194,34_1243
O=C(Nc1cccc(-c2cccc(-c3ccco3)c2)c1)c1cccc(-c2ccc3oc(-c4ccccc4F)nc3c2)c1,-8.2,3.2451923115635815,34_1244
O=C(Nc1cccc(-c2cccc(-c3cccc(C(F)(F)F)c3)c2)c1)c1ccccc1,-8.261538461538462,3.3040276133142337,34_1245
O=C(c1cc(Cc2n[nH]c(=O)c3c2NCCC3)ccc1F)N1CCN(c2ccccc2F)CC1,-8.05,3.6459261947647112,34_1246
Cn1c(-c2cccc(-c3cccc(NC(=O)c4ccccc4)c3)c2)nc2ccccc21,-8.314285714285715,3.3942752104154073,34_1247
O=S(=O)(Nc1cccc(-c2cccc(-c3nccs3)c2)c1)c1ccccc1,-8.1,3.706800174656895,34_1248
O=C(Nc1cccc(-c2cccc(-c3nc4ccccc4[nH]3)c2)c1)Nc1cccc(-c2cccc(C(F)(F)F)c2)c1,-10.1,3.058206313645475,34_1249
O=C(Nc1cccc(-c2cccc(-c3nc4cc(F)ccc4[nH]3)c2)c1)c1ccccc1,-8.444827586206896,3.4293586076098226,34_1250
N#Cc1cccnc1-c1cccc(-c2cccc(NC(=O)c3cccc(-c4cccc(-c5cccc6ccccc56)c4)c3)c2)c1,-9.1,3.1512754180324762,34_1251
O=C(Nc1cccc(-c2cccc(-c3cccc(F)c3)c2)c1)c1cccc(-c2cccc(-c3ccc4c(c3)OCO4)c2)c1,-9.0,3.0509717974853863,34_1252
N#Cc1cccnc1-c1cccc(-c2cccc(-c3cccc(NC(=O)Nc4ccccc4)c3)c2)c1,-8.5,3.3769984249957896,34_1253
O=C(c1cccc(-c2nc(=O)c3ccccc3[nH]2)c1)N1CCN(c2cccc(C(F)(F)F)c2)CC1,-8.5,3.651683787676598,34_1254
Cn1c(-c2cccc(-c3cccc(-c4cccc(C(=O)N5CCOCC5)c4)c3)c2)nc2ccccc21,-9.4,3.417921183135963,34_1255
O=C(Nc1cccc(S(=O)(=O)N2CCOCC2)c1)c1ccc2c(c1)c1ccccc1n2Cc1cccc(F)c1,-7.2,3.489813361104549,34_1256
O=C1C=CC=C/C1=C1\Sc2ccccc2N(c2cccc(-c3cccc(-c4cccc(-c5nc6ccccc6[nH]5)c4)c3)c2)C1=O,-10.7,3.0723189280330283,34_1257
O=C(Nc1ccc2c(c1)OCCO2)c1cccc(-c2cccc(-c3cccc(-c4nc5ccccc5[nH]4)c3)c2)c1,-9.9,3.3284716854538177,34_1258
O=C(Nc1ccccc1C(=O)NCc1ccccc1)c1cccc(-c2cccc(-c3nc4cc(F)ccc4[nH]3)c2)c1,-8.7,3.1581626564749365,34_1259
O=C(c1cccc(-c2ccc3c(c2)OCCO3)c1)N(Cc1cccc(C(F)(F)F)c1)C(=O)c1c[nH]c(=O)cc1-c1cccc(C(F)(F)F)c1,-10.7,3.145504169235556,34_1260
O=C(c1cccc(Cc2n[nH]c(=O)c3c2CCCC3)c1)N1CCN(c2ccccn2)CC1,-8.4,3.683926765509403,34_1261
O=C(Nc1ccc2c(c1)CC(NCc1ccccn1)C2)c1cccc(-c2cccc(-c3cccc(-c4nc5ccccc5[nH]4)c3)c2)c1,-8.4,3.0934236064645804,34_1262
O=C(c1cccc(-c2cccc(-c3cccc(-c4nnco4)c3)c2)c1)N1CCNCC1,-8.850000000000001,3.7076083168223457,34_1263
O=C(c1cccc2ccccc12)N1CCC(c2cccc(-c3ccc4c(c3)OCO4)c2)CC1,-8.3,3.4103746672394832,34_1264
O=C(Nc1cccc(-c2nc3ccccc3[nH]2)c1)c1cccc(-c2cccc(-c3ccc4c(c3)OCO4)c2)c1,-8.833333333333334,3.270782848042287,34_1265
O=C(Nc1ccc2c(c1)oc1ccccc12)c1cccc(-c2cccc(-c3cccc(C(F)(F)F)c3)c2)c1,-9.0,3.174048032870571,34_1266
O=C(Nc1cccc2ccccc12)c1cccc(-c2cccc(-c3cccc(-c4cccc(C(=O)N5CCOCC5)c4)c3)c2)c1,-9.8,3.2140072561974793,34_1267
N#Cc1cccnc1-c1cccc(-c2cccc(-c3cccc(NC(=O)c4ccccc4)c3)c2)c1,-8.654545454545454,3.4145575848364174,34_1268
O=C(Nc1cccc(-c2cccc(C(F)(F)F)c2)c1)c1cccc(-c2cccc(-c3ccccc3OC(F)(F)F)c2)c1,-8.1,3.143315987580157,34_1269
O=C(c1cccc(Cc2n[nH]c(=O)c3c2CCCC3)c1)N1CCN(C(=O)c2cc(-c3ccccc3)nc(Cl)c2F)CC1,-8.6,3.418871653444384,34_1270
O=C(Nc1ccc(Br)cc1)c1ccc(-c2cccc(-c3cccc4c(=O)cc(N5CCOCC5)oc34)c2)cc1,-8.5,3.3930516502431796,34_1271
O=C(Nc1cccc(-c2cccc(-c3nc4cc(F)ccc4[nH]3)c2F)c1)c1ccccc1,-8.641176470588235,3.443853177840764,34_1272
N#Cc1cccc(-c2cccc(-c3cccc(-c4nc5cc(F)ccc5[nH]4)c3)c2)c1,-8.1,3.4333097660657343,34_1273
N#Cc1cccnc1-c1cccc(-c2cccc(NC(=O)c3ccccc3)c2)c1,-7.9,3.6390737261481023,34_1274
O=C(Nc1cccc(-c2cccc(-c3cccc(F)c3)c2)c1)c1cccc(F)c1,-8.05,3.4260207376456817,34_1275
CNc1ccc(-c2cccc(-c3ccc4c(c3)OCO4)c2)cc1C1=CC=C(C)C1,-8.1,3.476230437214298,34_1276
Cn1c(-c2cccc(-c3cccc(-c4cccc(C5=Cc6ccccc6CN5)c4)c3)c2)nc2ccccc21,-10.0,3.244860070158395,34_1277
O=C1c2ccccc2C(=O)c2c1ccc1[nH]c(-c3ccc(C(F)(F)F)cc3)nc21,-8.1,3.624568610546036,34_1278
O=C(Nc1cccc(-c2cccc(-c3nc4cc(F)ccc4[nH]3)c2F)c1)c1ccccc1,-8.641176470588235,3.443853177840764,34_1279
COc1cc2c(cc1O)C(c1cccc(-c3cccc(C#N)c3)c1)=NCC2,-7.4,3.720801063721623,34_1280
O=C(Nc1cccc(-c2cccc(-c3cccc(-c4ccccc4F)c3)c2)c1)c1cccc(-c2cccc(F)c2F)c1,-10.3,3.0131803652091014,34_1281
O=C(NC1CN=C(c2cccc(Cl)c2)CC1=O)c1cccc(-c2cccc(-c3cccc4ccccc34)c2)c1,-8.7,3.353165592663316,34_1282
O=C(Nc1cccc(-c2cccc(C(=O)N3CCOCC3)c2)c1)c1cccc(-c2ccc3ccccc3c2)c1,-8.559999999999999,3.392862095706997,34_1283
O=C(Nc1cccc(-c2cccc(-c3nc4cc(F)ccc4[nH]3)c2)c1)c1cccc(C(F)(F)F)c1,-8.216666666666667,3.2512717517338245,34_1284
O=C(Nc1cccc(F)c1)Nc1cccc(-c2cccc(-c3cccc(-c4nc5ccccc5[nH]4)c3)c2)c1,-9.8,3.2316895980188507,34_1285
O=C(c1cccc(-c2ccc3cccc(F)c3c2)c1F)N1CCn2c(nnc2-c2ccccn2)C1,-9.3,3.5064378671272927,34_1286
O=C(Nc1cccc(-c2cccc(-c3ccc4c(c3)OCO4)c2)c1)Nc1ccc(F)cc1F,-9.5,3.4746460560281944,34_1287
O=C(Nc1cccc(-c2cccc(-c3nc4cc(F)ccc4[nH]3)c2)c1)c1ccccc1,-8.444827586206896,3.4293586076098226,34_1288
O=C(c1cccc(Cc2n[nH]c(=O)c3c2CCCC3)c1)N1CCN(C(=O)c2cc3ccccc3[nH]2)CC1,-8.6,3.53639481708439,34_1289
O=C(c1cccc(-c2cccc(-c3cccc(-c4ccccc4F)c3)c2)c1)N1CCNCC1,-9.325,3.508189933556279,34_1290
O=C(c1cccc(-c2cccc(-c3cccc(-c4nn[nH]n4)c3)c2)c1)N1CCNCC1,-9.0,3.6709921779215158,34_1291
O=C(c1cccc(-c2cccc(C(=O)N3CCN(c4ccccc4C(F)(F)F)CC3)c2)c1)N1CCOCC1,-9.05,3.5675074243249583,34_1292
O=C(Nc1cccc(-c2cccc(-c3ccc4c(c3)OCO4)c2)c1)Nc1cccc2[nH]ncc12,-9.8,3.325471246081074,34_1293
O=c1cc(N2CCOCC2)oc2c(-c3cccc(-n4c(/C=C/c5cccc(Cl)c5)nc5ccccc5c4=O)c3)cccc12,-9.1,3.3011160757058766,34_1294
O=C(c1cccc(-c2cccc(C(=O)N3CCN(S(=O)(=O)c4cccc(-c5cccc(F)c5)c4)CC3)c2)c1)N1CCOCC1,-7.9,3.408023012528467,34_1295
O=C(Nc1cccc(-c2cccc(-c3nc4cc(F)ccc4[nH]3)c2)c1)c1ccccc1Oc1ccccc1,-8.6,3.3409451618171255,34_1296
Cc1cc(-c2nnc(-c3cc(-c4cccc([N+](=O)[O-])c4)no3)o2)ccc1-c1cccc(C(=O)Nc2cccc(F)c2)c1,-4.8,3.045138741038752,34_1297
CC=CC=CC(F)N(C(=O)c1cccc(-c2cc3ccccc3[nH]2)c1)c1ccc2ccccc2c1,-8.2,3.089098765147198,34_1298
Cc1cccc(NC(=O)Nc2cc(C(F)(F)F)cc(C(F)(F)F)c2)c1-c1cc(-c2ccc3c(c2)OCO3)nc(-c2ccccc2)n1,-8.9,3.1664594966700625,34_1299
O=C(Nc1cccc(-c2ccc3c(c2)OCCO3)c1)c1cccc(-c2cccc(-c3ccc4c(c3)OCO4)c2)c1,-8.299999999999999,3.285615188176293,34_1300
O=C(Oc1ccccc1F)c1cccc(-c2cccc(-c3cccc(C(F)(F)F)c3)c2)c1,-8.7,3.176764556726735,34_1301
O=C(Nc1cccc(-c2ccc3c(c2)OCCO3)c1)c1cccc(-c2cccc(-c3cccc(-c4ccccc4F)c3)c2)c1,-9.033333333333333,3.134058023091097,34_1302
O=C(Nc1cccc(-c2cccc(-c3nc4ccccc4[nH]3)c2)c1)c1cccc(C(F)(F)F)c1,-8.440000000000001,3.31558797004833,34_1303
O=C(Nc1cccc(-c2ccc3c(c2)OCCO3)c1)c1cccc(-c2cccc(-c3nc4cc(F)ccc4[nH]3)c2)c1,-8.3,3.334402950449129,34_1304
O=C(Nc1ccc2c(c1)OCO2)c1cccc(-c2cccc(-c3cccc(-c4cccc(C(F)(F)F)c4)c3)c2)c1,-8.6,3.27643453002898,34_1305
O=C(c1cccc(-c2cccc(-c3ccc4c(c3)OCO4)c2)c1)N1CCNCC1,-8.35,3.6616829806634774,34_1306
O=C1NC(c2ccccc2)(c2ccc(F)cc2)C(=O)N1c1ccc2c(c1)c1ccccc1n2Cc1cccc(C(F)(F)F)c1,-8.8,3.191334878586124,34_1307
O=C(N[C@@H]1c2ccccc2C[C@H]1NC(=O)c1cccc(C(F)(F)F)c1F)c1cccc(-c2cccc(-c3ccc4c(c3)OCO4)c2)c1,-8.9,3.1339237977297705,34_1308
O=C(Nc1cccc(S(=O)(=O)N=C2CCCN2)c1)c1cccc(-c2cccc(-c3nc4ccccc4[nH]3)c2)c1,-8.3,3.3290041111064577,34_1309
O=C(Nc1cccc(-c2cccc(-c3nc4cc(F)ccc4[nH]3)c2F)c1)c1ccccc1,-8.641176470588235,3.443853177840764,34_1310
O=C(c1cccc(-c2cccc(-c3nc4ccccc4[nH]3)c2)c1)N1CCN(c2cccc(Cl)c2)CC1,-8.8625,3.440092756302386,34_1311
O=C(Nc1cccc(-c2cccc(-c3cccc(-c4nccs4)c3)c2)c1)c1ccccc1,-8.45,3.4357970050357913,34_1312
O=Cc1c(-c2ccccc2Cl)oc2c(-c3cccc(-c4ccccc4F)c3)c(O)cc(O)c12,-8.8,3.417594805715608,34_1313
O=C1CCC(n2c(=O)[nH]c3ccccc32)CCNc2c(cccc2C(F)(F)F)-n2cncc2C(=O)N2C[CH]C=CC12,-8.2,1.8895809022213004,34_1314
O=C(Nc1cccc(-c2cccc(-c3cccc(-c4nccs4)c3)c2)c1)c1ccccc1F,-8.4,3.43359712638139,34_1315
O=C(Nc1cccc(-c2cccc(-c3cccc(C(F)(F)F)c3)c2)c1)c1ccccc1,-8.261538461538462,3.3040276133142337,34_1316
N#Cc1cccnc1-c1cccc(-c2cccc(-c3cccc(NC(=O)c4cccc(-c5ccccc5)c4)c3)c2)c1,-9.5,3.248638741356733,34_1317
Oc1cccc(C2=Nc3ccccc3SC(c3cccc(F)c3F)C2)c1,-8.9,2.648410900699269,34_1318
ON=C(O)c1ccc(-c2cccc(-c3cccc(-c4cc5ccccc5[nH]4)c3)c2)cc1,-8.3,3.048457691430027,34_1319
O=C(c1cccc(-c2cccc(-c3cccc4ccccc34)c2)c1)N1CCN(c2cccc(C(F)(F)F)c2)CC1,-9.5,3.155724006991007,34_1320
O=C(NCc1cccc(-c2cccc(-c3cccc(-c4nn[nH]n4)c3)c2)c1)c1cccc(C(F)(F)F)c1,-9.1,3.4853823506916264,34_1321
O=C(Nc1cccc(-c2cccc(-c3cccc(F)c3)c2)c1)c1cccc(-c2ccc3c(c2)OCO3)c1,-8.966666666666667,3.274475212885916,34_1322
O=c1c2ccccc2nc(-c2cccc3ccccc23)n1-c1cccc(-c2cccc(-c3cccc(-c4ccccc4F)c3)c2)c1,-9.4,3.0389522981772767,34_1323
O=C(Nc1cccc(F)c1)c1cccc(-c2cccc(-c3cccc4c(=O)cc(N5CCOCC5)oc34)c2)c1,-8.9,3.4479227032399518,34_1324
O=C(Nc1cccc(-c2cccc(-c3ccccc3F)c2)c1)c1cccc(C(F)(F)F)c1,-8.8,3.2672233782541786,34_1325
O=C(c1cccc(-c2cccc(-c3cccc(C(=O)N4CCOCC4)c3)c2)c1)N1CCNCC1,-9.043750000000001,3.649506152725788,34_1326
N#Cc1cccnc1-c1cccc(-c2cccc(CNC(=O)Cc3ccc(NS(=O)(=O)c4cccc(F)c4)cc3)c2)c1,-7.1,3.305767756279373,34_1327
O=C(c1cccc(-c2cccc(-c3cccc(-c4cccc(C(=O)N5CCOCC5)c4)c3)c2)c1)N1CCC1,-9.9,3.387298708717237,34_1328
O=C(c1cccc(-c2cccc(-c3ncccc3CF)c2)c1)N1CCN(c2ccccc2F)CC1,-9.0,3.5232487120402314,34_1329
Cc1cc(C)cc(-c2cc3ccc(-c4cccc(-c5cccc(-c6cccc(-c7nn[nH]n7)c6)c5)c4)cc3[nH]2)c1,-9.5,3.255704806065327,34_1330
O=C(c1cccc(-c2cccc(-c3cccc(-c4ccccc4F)c3)c2)c1)N1CCNCC1,-9.325,3.508189933556279,34_1331
O=C(c1cccc(-c2cccc(-c3ccccc3)c2)c1)N1CCN(C(=O)c2cccc(-c3cccc4ccccc34)c2)CC1,-9.5,3.1194853501221433,34_1332
O=C(NCc1ccccc1)c1cccc(-c2cccc(-c3cccc(-c4nc5ccccc5[nH]4)c3)c2)c1,-9.2,3.2029888353636125,34_1333
O=C(Nc1cccc(-c2cccc(-c3cccc(-c4ccccc4F)c3)c2)c1)c1ccccc1,-9.233333333333333,3.188129789925851,34_1334
O=C(c1cccc(-c2cccc(-c3ccc4c(c3)OCO4)c2)c1)N1CCN(C(=O)c2ccco2)CC1,-8.8,3.5196191373887626,34_1335
O=Cc1cccc(-c2cccc(-c3cccc(-c4cccc(-c5ccccc5F)c4)c3)c2)c1,-9.4,3.0358781409885376,34_1336
O=C(c1cccc(-c2cccc(-c3nn[nH]n3)c2)c1)N1CCN(c2nc3ccccc3c3ccccc23)CC1,-8.9,3.442545878524621,34_1337
N#Cc1cccnc1-c1cccc(-c2cccc(-c3cccc(C(=O)N4CCNCC4)c3)c2)c1,-8.89090909090909,3.6433678319260787,34_1338
O=CC1NC(=O)[C@]2(N[C@H]1c1cccc(F)c1)C(=O)Nc1cc(-c3ccccc3)ccc12,-7.1,3.4546925698629587,34_1339
O=C(Nc1cccc(-c2cccc(-c3ncccc3CO)c2)c1)c1ccccc1-c1ccccc1,-8.4,3.28652460005386,34_1340
O=C1C=CC=CCCCn2c3ccccc3c3c2c(=O)n(-c2ccccc2)c(=O)n3C1,-8.1,1.4048803351189996,34_1341
Cn1c(-c2cccc(-c3cccc(NC(=O)Nc4cccc(-c5cccc(C(F)(F)F)c5)c4)c3)c2)nc2ccccc21,-10.2,3.240177718187831,34_1342
O=C(N=C(Cc1cccc([N+](=O)[O-])c1)c1nc2ccccc2[nH]1)c1cccc(-c2cccc3ccccc23)c1,-8.1,3.13876977027837,34_1343
COc1ccccc1C(=O)Nc1cccc(-c2cccc(-c3cccc(C(F)(F)F)c3)c2)c1,-8.0,3.5037108284505663,34_1344
O=C(c1cccc(-c2cccc(-c3ccc4c(c3)OCCO4)c2F)n1)N1CCNCC1,-8.600000000000001,3.6661534431787146,34_1345
O=Cc1ccccc1C(Nc1cccc(-c2cccc(-c3cccc(-c4ccccc4F)c3)c2)c1)c1cccc(C(F)(F)F)c1,-8.9,2.9202565238214158,34_1346
O=C(Cn1c(-c2cccc([N+](=O)[O-])c2)nc2cc(C(F)(F)F)ccc21)C(c1ccccc1)c1ccccc1,-7.9,3.287915824168012,34_1347
N#Cc1cccnc1-c1cccc(-c2cccc(-c3cccc(NC(=O)c4ccccc4)c3)c2)c1,-8.654545454545454,3.4145575848364174,34_1348
O=C(c1cccc(-n2cccc2)c1)N(Cc1cccc(F)c1)C1CCS(=O)(=O)C1,-7.3,3.752131967695984,34_1349
O=C(Nc1cccc(C(F)(F)F)c1)c1cccc(-c2cccc(-c3cccc(-c4nc5cc(F)ccc5[nH]4)c3)c2)c1,-8.6,3.0749978507959104,34_1350
O=C(Nc1cccc(-c2cccc(-c3cccc(-c4ccccc4F)c3)c2)c1)c1cccc(-c2ccc3c(c2)OCO3)c1,-9.0,3.0509717974853863,34_1351
CS(=O)(=O)c1cccc(-c2cccc(-c3cccc(-c4cccc(-c5nn[nH]n5)c4)c3)c2)c1,-8.7,3.4760639553700567,34_1352
O=C(c1cccc(-c2cccc(-c3cccc(C(=O)N4CCOCC4)c3)c2)c1)N1CCNCC1,-9.043750000000001,3.649506152725788,34_1353
O=C(NCc1cc(C(F)(F)F)cc(C(F)(F)F)c1)c1cccc(-c2cccc(-c3nc4cc(F)ccc4[nH]3)c2)c1,-8.9,3.223457099638453,34_1354
O=C(Nc1cccc(-c2cccc(-c3nc4cc(F)ccc4[nH]3)c2)c1)c1ccccc1,-8.444827586206896,3.4293586076098226,34_1355
O=C(Oc1cccc(-c2cccc(C(=O)N3CCOCC3)c2)c1)c1cccc(C(F)(F)F)c1,-7.9,3.6157239043483616,34_1356
O=C(c1cccc(-c2cccc(-c3cccc(-c4cccc(F)c4)c3)c2)c1)N1CCNCC1,-9.411111111111113,3.508189933556279,34_1357
Cc1ccccc1C(NC(=O)Nc1ccccc1F)c1cccc(-c2ccc3c(c2)OCO3)c1,-8.5,3.5402846149586322,34_1358
O=C(c1cccc(-c2cccc(-c3cccc(-c4nc5ccccc5[nH]4)c3)c2)c1)N1CCCC1,-9.275,3.3767709101172856,34_1359
Cn1c(-c2cccc(-c3cccc(NC(=O)c4ccccc4-c4ccccc4)c3)c2)nc2ccccc21,-9.2,3.2597702572502234,34_1360
O=C1Nc2ccccc2/C1=C\c1cccc(-c2ccccc2)c1,-7.2,3.40112902929483,34_1361
N#Cc1cccnc1-c1cccc(-c2cccc(-c3cccc(NC(=O)c4ccccc4F)c3)c2)c1,-8.6,3.4171596091548677,34_1362
O=C(Nc1cccc(-c2cccc(C(=O)N3CCOCC3)c2)c1)c1cccc(-c2ccc3ccccc3c2)c1,-8.559999999999999,3.392862095706997,34_1363
O=C(c1cccc(-c2cccc(-c3cccc(-c4ccccc4F)c3)c2)c1)N1CCNCC1,-9.325,3.508189933556279,34_1364
O=C(O)c1cccc(NC(=O)c2nnc(-c3cccc(-c4cccc(-c5ccccc5)c4)c3)o2)c1,-7.8,3.479923475336113,34_1365
CC(C)NC(=O)N(c1cccc(-c2cccc(-c3nc4ccccc4[nH]3)c2)c1)c1cccc(C(F)(F)F)c1,-8.4,3.303812320811056,34_1366
O=C1c2ccccc2C(=O)c2c1ccc1[nH]c(-c3cccc4c3ccc3ccccc34)nc21,-9.1,3.35488278962221,34_1367
O=C(Nc1cccc(-c2cccc(-c3nc(=O)o[nH]3)c2)c1)c1cccc(-c2cccc(-c3cccc(F)c3)c2)c1,-8.4,3.3738731314707975,34_1368
N#Cc1cccnc1-c1cccc(-c2cccc(-c3cccc(C(=O)NC(Cc4cc5ccccc5s4)C(=O)N4CCN(c5cccc(Cl)c5)CC4)c3)c2)c1,-8.3,3.031905952203682,34_1369
Oc1cccc(-c2cc(-c3cccc(F)c3)nc3c2Cc2ccccc2OC3)c1,-8.8,2.580031648049971,34_1370
O=C(Nc1cccc(-c2cccc(-c3nc4ccccc4[nH]3)c2)c1)c1cccc(C(F)(F)F)c1,-8.440000000000001,3.31558797004833,34_1371
O=C(Nc1cccc(-c2cccc(-c3cccc(F)c3)c2)c1)c1cccc(-c2ccc3c(c2)OCCO3)c1,-8.3,3.336123944050671,34_1372
Nc1[nH]nc2cccc(-c3cccc4c3CC=C(c3cccc(-c5nc6ccccc6[nH]5)c3)C=CCC(=O)N4)c12,-8.5,1.0573093501229849,34_1373
O=C(Nc1cccc(-c2ccco2)c1)c1cccc(-c2cccc(-c3nn[nH]n3)c2)c1,-8.7,3.548179489088265,34_1374
O=C(Nc1cccc(-c2nc3ccccc3[nH]2)c1)c1cccc(-c2cccc(-c3ccc4c(c3)OCO4)c2)c1,-8.833333333333334,3.270782848042287,34_1375
Cn1c(-c2cccc(-c3cccc(NC(=O)Nc4cccc(C(F)(F)F)c4)c3)c2)nc2ccccc21,-9.7,3.4115265543640696,34_1376
Cn1c(-c2cccc(-c3cccc(NC(=O)Nc4cccc(-c5cccc6ccccc56)c4)c3)c2)nc2ccccc21,-10.2,3.070745071939463,34_1377
O=CN1C(=O)C(c2cccc(-c3ccncc3)c2)(c2cccc(-c3ccccc3Oc3ccccc3)c2)N1Nc1cccc(Cl)c1Cl,-8.8,3.0044254134685913,34_1378
O=C(Nc1cccc(-c2cccc(C(=O)N3CCOCC3)c2)c1)c1cccc(-c2cc3ccccc3o2)c1,-7.9,3.4534384311178528,34_1379
O=C(O)c1ccc(-c2cncc(-c3cccc(-c4cccc(-c5ccccc5F)c4)c3)c2)cc1,-9.1,3.350853233899869,34_1380
O=C(Nc1nc2ccccc2cc1-c1cccc(-c2cccc(-c3nn[nH]n3)c2)c1)c1ccccc1,-9.2,3.476579701702037,34_1381
O=C(c1cccc(C(F)(F)F)c1)N1CCN(C(=O)c2ccc3c(-c4cccc(-c5ccccc5F)c4)cccc3c2)CC1,-8.7,3.139500429753335,34_1382
O=C(c1cccc(-c2cccc(-c3nc4cc(F)ccc4[nH]3)c2)c1)c1nc2ccccc2[nH]1,-8.9,3.449055592504722,34_1383
Cn1c(-c2cccc(-c3cccc(-c4cccc(C(=O)N5CCOCC5)c4)c3)c2)nc2ccccc21,-9.4,3.417921183135963,34_1384
N=C(N)c1ccc2[nH]c(-c3cccc(-c4cccc(NC(=O)c5ccccc5)c4)c3)cc2c1,-8.4,3.1648941081460205,34_1385
O=C(Nc1cccc(-c2cccc(-c3cccc(-c4nn[nH]n4)c3)c2)c1)c1ccccc1Cl,-9.0,3.5241323376419302,34_1386
O=C(c1cccc(F)c1)N1CCN(C(=O)c2cc3ccc(-c4cccc(-c5ccccc5F)c4)cc3[nH]2)CC1,-8.9,3.384632744428793,34_1387
O=C(Nc1cccc(-c2cccc(C(=O)N3CCOCC3)c2)c1)c1cccc(-c2cccc3ccccc23)c1,-8.7,3.392862095706997,34_1388
O=C(c1cccc(-c2cccc(-c3nc4ccccc4[nH]3)c2)c1)N1CCN(c2ccccc2)CC1,-9.1,3.469314490794095,34_1389
Cn1c(-c2cccc(-c3cccc(NC(=O)c4cccc([N+](=O)[O-])c4)c3)c2)nc2ccccc21,-8.0,3.343931172837289,34_1390
O=C(Nc1cccc(-c2cccc(-c3cccc(-c4ccccc4F)c3)c2)c1)c1cccc(-c2ccccc2F)c1,-9.5,3.0300865589362544,34_1391
O=C(c1cccc(-c2cccc(-c3cccc(-c4ccccc4F)c3)c2)c1)N1CCNCC1,-9.325,3.508189933556279,34_1392
O=C(Nc1cccc(Cl)c1)Nc1cccc(-c2cccc(-c3cccc(-c4nn[nH]n4)c3)c2)c1,-8.4,3.4209876162517863,34_1393
O=C(c1cccc(-c2cccc(-c3nc4cc(F)ccc4[nH]3)c2)c1)N1CCNCC1,-8.5375,3.6450984636569372,34_1394
O=C1Nc2ccccc2C12c1ccccc1-c1nc3ccccc3cc12,-7.6,3.3464341142145657,34_1395
O=C(Nc1cccc(-c2cccc(-c3cccc(C(=O)N4CCOCC4)c3)c2)c1)c1ccccc1,-8.816666666666668,3.5759240999335113,34_1396
O=C(Nc1cccc(-c2cccc(-c3cccc(-c4ccccc4F)c3)c2)c1)c1ccccc1,-9.233333333333333,3.188129789925851,34_1397
O=C(Nc1cccc(-c2cccc(-c3cccc(C(F)(F)F)c3)c2)c1)c1cc(-c2ccccc2)nc(-c2ccccc2)c1,-8.2,3.042525123059938,34_1398
O=C(Nc1cccc(-c2cccc(-c3nc4cc(F)ccc4[nH]3)c2)c1)Nc1cccc(C(F)(F)F)c1,-9.02,3.169812286139635,34_1399
O=C(c1cccc(-c2cccc(-c3ccc4c(c3)OCO4)c2)c1)N1CCN(Cc2ccc3c(c2)OCO3)CC1,-9.1,3.33159294434997,34_1400
O=C(c1cc(Cc2n[nH]c(=O)c3c2NCCC3)ccc1F)N1CCN(c2cccc(F)c2)CC1,-7.95,3.6459261947647112,34_1401
O=C(Nc1cccnc1)c1cccc(-c2cccc(-c3cccc(C(=O)N4CCOCC4)c3)c2)c1,-8.0,3.6492033538646456,34_1402
O=C(Nc1cccc(-c2cccc(-c3cccc(-c4nn[nH]n4)c3)c2)c1)c1cccc(C(F)(F)F)c1,-8.850000000000001,3.3926958912592893,34_1403
O=C(c1cccc(-c2cccc(-c3cccc(F)c3)c2)c1)N1CCN(C(c2ccccc2)c2ccccc2)CC1,-8.6,3.137684598867376,34_1404
Oc1cccc(-c2cc(-c3cccc(Cl)c3)nc3c2Cc2cccc(O)c2-3)c1,-8.8,3.5185062517423136,34_1405
[NH]c1ccc(-c2cccc(-c3ccccc3F)c2)cc1C(=CC=O)[Se]c1cccc(F)c1,-8.8,3.2316334280150114,34_1406
O=C(c1cccc(-c2cccc(-c3nc4cc(F)ccc4[nH]3)c2)c1)N1CCNCC1,-8.5375,3.6450984636569372,34_1407
O=C(Nc1cccc(-c2cccc(-c3cccc(C(F)(F)F)c3)c2)c1)c1ccc(F)cc1,-7.9,3.2672233782541786,34_1408
O=C(Nc1cccc(-c2cccc(-c3cccc(C(=O)N4CCOCC4)c3)c2)c1)c1ccccc1,-8.816666666666668,3.5759240999335113,34_1409
O=C(c1ccc2[nH]c3c(c2c1)CCCC3)N1CCN(C(c2ccccc2)c2ccccc2)CC1c1ccccc1,-8.7,3.1661067464628387,34_1410
O=C(c1cccc(-c2cccc(F)c2F)c1)N1CCN(c2cccc(-c3cccc(-c4nc5ccccc5[nH]4)c3)c2)CC1,-8.5,3.306428557402892,34_1411
O=C(Nc1ccc(F)cc1F)c1cccc(-c2cccc(-c3ccc4c(c3)OCO4)c2)c1,-8.3,3.496671602696182,34_1412
OCc1cc(-c2cccc(-c3cccc(-c4ccccc4CF)c3)c2)ccn1,-7.9,3.469887041168321,34_1413
O=C(Nc1cccc(-c2cnc3c(-c4cccc(-c5cc6ccccc6[nH]5)c4)nccc3c2)c1)c1cccc(C(F)(F)F)c1,-9.2,3.1051102598264606,34_1414
O=C(Nc1cccc(-c2cccc(-c3nn[nH]n3)c2)c1)c1cccc(-c2cccc(-c3ccccc3F)c2)c1,-8.5,3.3901379644410854,34_1415
O=C(Nc1cccc(-c2cccc(C(=O)N3CCOCC3)c2)c1)c1cccc(-c2cccc3ccccc23)c1,-8.7,3.392862095706997,34_1416
O=C(c1cccc(-c2cccc(-c3cccc(C(=O)N4CCOCC4)c3)c2)c1)N1CCNCC1,-9.043750000000001,3.649506152725788,34_1417
O=C1c2ccccc2C(=O)N1Cc1ccc(-c2cccc(-c3cccc(-c4ccccc4F)c3)c2)cc1,-8.8,3.1094848594552915,34_1418
O=C(Nc1cccc(-c2cccc(C(=O)N3CCOCC3)c2)c1)c1cccc(-c2cccc(-c3cccc4ccccc34)c2)c1,-9.5,3.2140072561974793,34_1419
O=C(Nc1ccccc1C(=O)Nc1ccccc1)c1cccc(-c2cccc(-c3cccc(-c4nn[nH]n4)c3)c2)c1,-8.6,3.2855232970396653,34_1420
C[C@@H](NC(=O)Cn1ncc(=O)c2ccccc21)c1cccc(-c2cccc(C(F)(F)F)c2)c1,-7.0,3.7058419510333023,34_1421
O=C(c1cccc(-c2cccc(-c3cccc(-c4ccccc4F)c3)c2)c1)N1CCNCC1,-9.325,3.508189933556279,34_1422
O=C(Nc1cccc(-c2cccc(-c3cccc(-c4nc5ccccc5[nH]4)c3)c2)c1)c1ccccc1,-9.190000000000001,3.3039417341933515,34_1423
O=C(N[C@@H]1CN(Cc2ccco2)[C@@H]2CCCO[C@@H]21)c1cc2ccccc2cn1,-6.6,3.6983701588433524,34_1424
O=C(Nc1cccc(-c2cccc(F)c2)c1)c1cccc(-c2cccc(-c3cccc(-c4ccccc4F)c3)c2)c1,-9.6,3.0300865589362544,34_1425
Cn1c(-c2cccc(-c3cccc(C(=O)Nc4cccc(-c5cccc(-c6ncccc6C=O)c5)c4)c3)c2)nc2ccccc21,-8.4,3.0969175159311098,34_1426
O=C(c1cccc(-c2cccc(-c3nc4cc(F)ccc4[nH]3)c2)c1)N1CCNCC1,-8.5375,3.6450984636569372,34_1427
O=Cc1cccnc1-c1cccc(-c2cccc(-c3cccc(NC(=O)Nc4cccc(C(F)(F)F)n4)c3)c2)c1,-8.7,3.1938927100240764,34_1428
O=C(Nc1cccc(-c2cccc(-c3ccc4c(c3)OCO4)c2)c1)Nc1cccc(-c2ccccc2F)c1,-10.2,3.2275735778690695,34_1429
COc1cc2ccc(-c3cc(-c4cccc(-c5ccc6c(c5)OCCO6)c4)cc(=O)[nH]3)cc2cc1OC,-8.8,3.4697935499262034,34_1430
O=C(c1ccc(-c2cccc(-c3cccc4ccccc34)c2)cc1)N1CCn2cccc2C1c1cccc(C(F)(F)F)c1,-8.0,3.0961515666653128,34_1431
Nc1cccc(-c2cccc(-c3cccc(C(F)(F)F)c3)c2)c1,-7.7,3.4391174394310475,34_1432
N#Cc1cccnc1-c1cccc(-c2cccc(-c3cn(-c4ccc(F)cc4)nn3)c2)c1,-8.9,3.5278186546320867,34_1433
O=c1c2ccccc2nc(-c2cccc(C(F)(F)F)c2)n1-c1cccc(-c2cccc(-c3cccc(-c4cccc(F)c4)c3)c2)c1,-8.9,2.941939350825657,34_1434
O=C(c1cccc(-c2cccc(-c3cccc(-c4ccccc4F)c3)c2)c1)N1CCNCC1,-9.325,3.508189933556279,34_1435
O=C(Nc1cccc(-c2cccc(-c3cccc(-c4nn[nH]n4)c3)n2)c1)Nc1cccc(-c2ccco2)c1,-9.9,3.3280985986774,34_1436
NCc1cccnc1-c1cccc(-c2cccc(-c3cccc(NC(=O)c4ccccc4F)c3)c2)c1,-9.0,3.288653107650898,34_1437
O=C(c1ccc2c(-c3cccc(-c4ccccc4F)c3)cccc2c1)N1CCN(c2cccc(C(F)(F)F)c2)CC1,-9.3,3.1088337640817425,34_1438
O=C(O)c1c(-c2cccs2)[nH]c2ccccc2c1=O,-6.2,3.6574698365584704,34_1439
O=c1c2ccccc2nc(-c2cc3ccccc3o2)n1-c1cccc(-c2cccc(-c3cccc(-c4nn[nH]n4)c3)c2)c1,-9.5,3.3280833500512514,34_1440
O=C(NCCNc1nc2cc3c(cc2cc1CF)OCCO3)c1ccccc1-c1ccccc1,-7.4,3.5490639475634937,34_1441
O=C(Nc1cccc(-c2cccc(-c3cccc(-c4nc5ccccc5[nH]4)c3)c2)c1)c1ccccc1Cl,-9.1,3.279026494891064,34_1442
COc1cc2c(cc1Nc1nc(Nc3cccc(F)c3C(N)=O)c3ccccc3n1)oc1ccccc12,-8.6,3.2352589334238093,34_1443
O=C(Nc1cccc(C(F)(F)F)c1)c1cccc(-c2cccc(-c3nc4cc(F)ccc4[nH]3)c2)c1,-8.9,3.2512717517338245,34_1444
O=C(c1cccc(-c2cccc(-c3ccc4c(c3)OCO4)c2)c1)N1CCN(c2cccc([N+](=O)[O-])c2)CC1,-9.4,3.351852886869774,34_1445
O=[N+]([O-])c1cc2c(cc1Nc1cccc(-c3ccc4ccccc4c3)c1)ncn2-c1ccccc1,-8.4,3.3787205103687112,34_1446
O=C(Nc1cccc(-c2cccc(-c3cccc(-c4ccccc4F)c3)c2)c1)c1ccccc1,-9.233333333333333,3.188129789925851,34_1447
O=C(c1cccc(-c2cccc(-c3cccc(-c4nc5ccccc5[nH]4)c3)c2)c1)N1CCNCC1,-9.325,3.440998249723921,34_1448
O=C(c1cccc(-c2cccc(-c3cccc(-c4ccccc4F)c3)c2)c1)N1CCNCC1,-9.325,3.508189933556279,34_1449
O=C(Nc1cccc(Cl)c1)c1cc(-c2cccc(-c3cccc(C(F)(F)F)c3)c2)ccc1O,-8.5,3.387714801653813,34_1450
O=C(Nc1ccc(Cl)cc1C(=O)c1ccccc1NC(=O)c1ccccc1NC(=O)c1cccc(-c2ccccc2)c1)Nc1cccc2ccccc12,-8.5,2.7785132385068403,34_1451
O=C(c1cccc(Cc2n[nH]c(=O)c3ccccc23)c1)N1CCN(c2ccc(F)cc2)CC1,-8.5,3.696594118474553,34_1452
O=C(Nc1cccc(Cl)c1Cl)c1cccc(-c2cccc(-c3ccc4c(c3)OCO4)c2)c1,-8.1,3.457854671830278,34_1453
O=C(c1cc(-c2ccccc2)nc2ccccc12)N1CCN(c2nccc(-c3ccc4c(c3)OCO4)n2)CC1,-8.2,3.35110937656422,34_1454
Cc1ccc(-n2nc3ccc(NC(=O)c4ccc5c(c4)OCCO5)cc3n2)cc1C,-7.5,3.69995485714745,34_1455
CC(C)c1ccc(-c2cccc3c2C(=O)c2ccccc2-3)cc1,-7.0,3.2709120224890933,34_1456
COc1ccc(-c2cc(-c3cccc(-c4cccc(-c5ccc6c(c5)OCO6)c4)c3)ccn2)cc1OC,-9.1,3.3395904433897767,34_1457
N=C(Nc1cccc(C(=O)O)c1)c1cccc(-c2cccc(-c3cccc(-c4nc5ccccc5[nH]4)c3)c2)c1,-8.8,3.0678704786558724,34_1458
O=C(Nc1cccc(-c2cccc(-c3cccc(C(F)(F)F)c3)n2)c1)Nc1cccc(-c2nnco2)c1,-9.6,3.336606118285026,34_1459
O=C(Nc1cccc(-c2cccc(F)c2)c1)Nc1cccc(-c2cccc(-c3nc4cc(F)ccc4[nH]3)c2)c1,-10.25,3.218592063451191,34_1460
O=C(NCc1ccc(F)cc1)c1cccc(Nc2cccc(-c3cccc(-c4ccc5c(c4)OCO5)c3)c2)c1,-8.5,3.328699106068598,34_1461
O=C(c1cccc(-c2cccc(-c3cccc(-c4ncccc4CO)c3)c2)c1)N1CCNCC1,-8.3,3.607833850701802,34_1462
O=C(c1cccc(-c2cccc(-c3cccc4ccccc34)c2)c1)N1CCN(c2cccc(Cl)c2)CC1,-8.766666666666666,3.192108602439839,34_1463
O=C(Nc1cccc(C(F)(F)F)c1)c1cnn2c(C(F)(F)F)cc(-c3ccco3)nc12,-8.5,3.5699120471442862,34_1464
O=C(N/N=C/c1cccc(Cl)c1)c1cccc(-c2cccc(C(=O)N3CCOCC3)c2)c1,-7.3,3.662674110831096,34_1465
O=CN(c1cccc(-c2cccc(-c3ccccc3)c2)c1)c1ccccc1Nc1cccc(-c2cccc(-c3cccc(C(F)(F)F)c3)c2)c1,-7.4,2.825103788326351,34_1466
O=C(Nc1cccc(-c2cccc(-c3nc4cc(F)ccc4[nH]3)c2)c1)c1cccc(C(F)(F)F)c1,-8.216666666666667,3.2512717517338245,34_1467
O=C(c1cccc(-c2cccc(Nc3nccc(C(F)(F)F)n3)c2)c1)N1CCNCC1,-7.9,3.7358789742976697,34_1468
COC=Cc1ccc(-c2cccc(-c3ccc(F)cc3)c2)nc1C,-6.9,3.472482255829985,34_1469
O=C(c1cccc(-c2cccc(C(=O)N3CCN(c4ccccc4)CC3)c2)c1)N1CCOCC1,-8.4,3.5953511473089197,34_1470
O=C(Nc1cccc(-c2cccc(-c3nc4ccccc4[nH]3)c2)c1)c1cccc(-c2ccccc2Cl)c1,-8.3,3.279026494891064,34_1471
O=C(Nc1cccc(-c2cccc(-c3nc4cc(F)ccc4[nH]3)c2)c1)c1ccccc1,-8.444827586206896,3.4293586076098226,34_1472
O=C(c1cccc(-c2cccc(-c3cccc(-c4ccccc4F)c3)c2)c1)N1CCNCC1,-9.325,3.508189933556279,34_1473
COC=Cc1cnc2c(c1)C(C(=O)Nc1cccc(-c3cccc(-c4nn[nH]n4)c3)c1C)S2,-8.1,3.5375232365027824,34_1474
O=C1c2ccccc2C(c2cccc(-c3cccc(Cl)c3)c2)N1c1cccc(-c2ccc3ccccc3c2)c1,-8.3,2.865811856773018,34_1475
O=C(c1cccc(-c2cccc(-c3cccc(C(=O)N4CCOCC4)c3)c2)c1)N1CCNCC1,-9.043750000000001,3.649506152725788,34_1476
O=C(c1cccc(-c2cccc(-c3ccc4c(c3)OCCO4)c2F)n1)N1CCNCC1,-8.600000000000001,3.6661534431787146,34_1477
O=C(c1cccc(-c2cccc(-c3ccc4c(c3)OCO4)c2)c1)N1CCNCC1,-8.35,3.6616829806634774,34_1478
O=C(Nc1cccc(-c2cccc(-c3nc4ccccc4[nH]3)c2)c1)c1cccc(C(F)(F)F)c1,-8.440000000000001,3.31558797004833,34_1479
O=S(=O)(c1cccc(-c2ccc3c(ccc4ccccc43)c2)c1)n1nnc2ccccc21,-8.6,3.4586556112928193,34_1480
Cn1c(-c2cccc(-c3cccc(-c4cccc(C(=O)N5CCOCC5)c4)c3)c2)nc2ccccc21,-9.4,3.417921183135963,34_1481
O=C(c1cccc(-c2cccc(-c3cccc(-c4cccc(F)c4)c3)c2)c1)N1CCNCC1,-9.411111111111113,3.508189933556279,34_1482
O=C(c1cccc(-c2cccc(-c3cccc(-c4nccs4)c3)c2)c1)N1CCNCC1,-8.65,3.649349991691783,34_1483
O=C(Nc1cccc(-c2cccc(C(=O)N3CCOCC3)c2)c1)c1cc(-c2ccccc2)[nH]n1,-8.5,3.642780728504972,34_1484
O=C(Nc1cccc(-c2cccc(Cl)c2)c1)c1cccc(-c2cccc(-c3ccc4c(c3)OCO4)c2)c1,-8.0,3.2322414899325915,34_1485
N#Cc1cccnc1-c1cccc(-c2cccc(-c3cccc(NC(=O)c4ccccc4)c3)c2)c1,-8.654545454545454,3.4145575848364174,34_1486
O=C(Nc1cccc(-c2cccc(-c3nc4cc(F)ccc4[nH]3)c2)c1)c1ccccc1,-8.444827586206896,3.4293586076098226,34_1487
O=C(Nc1cccc(-c2cccc(-c3nc4ccccc4[nH]3)c2)c1)Nc1ccccc1-c1ccccc1,-8.7,3.2298663856615155,34_1488
O=C(c1cccc(-c2cccc(-c3cccc(C(=O)N4CCOCC4)c3)c2)c1)N1CCNCC1,-9.043750000000001,3.649506152725788,34_1489
O=C(Nc1ccccc1-c1cccc2c1[nH]c1ccccc12)c1cccc(C(F)(F)F)c1,-8.1,3.195677970832188,34_1490
O=Cc1c(-c2cccc3ccccc23)oc2cc(-c3cc4ccccc4o3)ccc12,-7.5,3.300774171136282,34_1491
O=C(Nc1ccccc1-c1nc2ccccc2s1)c1cccc(-c2cccc(-c3cccc(-c4cccc(-c5nn[nH]n5)c4)c3)c2)c1,-10.0,3.1210348647843817,34_1492
O=C(Nc1cccc(-c2cccc(-c3nc4cc(F)ccc4[nH]3)c2)c1)c1ccccc1-c1ccccc1,-8.4,3.297956728102947,34_1493
O=C(c1cccc(-c2cccc(-c3nc4cc(F)ccc4[nH]3)c2)c1)N1CCNCC1,-8.5375,3.6450984636569372,34_1494
O=C(Nc1ncccc1-c1cc2ccccc2[nH]1)c1cccc(-c2cccc3c(=O)cc(N4CCOCC4)oc23)c1,-9.6,3.3869899202608433,34_1495
O=C1c2ccccc2C(=O)c2c1nnn2-c1cccc(C(F)(F)F)c1,-7.9,3.67167110479802,34_1496
O=C(NCCc1ccncc1)c1cc(-c2ccc3c(c2)OCO3)nc2ccccc12,-8.4,3.7134042095400677,34_1497
O=C(Nc1cccc(-c2cccc(-c3cccc(-c4cccc(-c5ccccc5F)c4)c3)c2)c1)c1cccc(C(F)(F)F)c1,-9.9,2.8449507838819423,34_1498
O=C(Nc1cccc(-c2cccc(-c3ccc4c(c3)OCO4)c2)c1)c1cccc(-c2ccc3c(c2)OCO3)c1,-9.4,3.3056459772548874,34_1499
N=C(C=CC=CC=O)c1cccc(-c2nn[nH]n2)c1,-6.2,3.3696714932921736,34_1500
O=C(c1ccc2c(c1)OCO2)N1CCN(c2cccc(-c3cccc(-c4cccc(F)c4)c3)c2)CC1,-8.7,3.461047798442075,34_1501
O=C(Nc1cccc(-c2ccc(-c3ccccc3)cc2)c1)c1cccc(-c2ccc3c(c2)OCO3)c1,-7.7,3.252289900448113,34_1502
O=C(c1cccc(-c2cccc(-c3nc4ccccc4[nH]3)c2)c1)N1CCN(c2cccc(Cl)c2)CC1,-8.8625,3.440092756302386,34_1503
CNc1ccccc1C(=O)N(C(=O)NCC(=O)Nc1ccc(C)c(C)c1)c1ccc2c(c1)OCO2,-7.7,3.571500040202588,34_1504
O=C(Nc1cccc(C(=O)NC2CC2)c1)c1cccc(-c2cccc(-c3ccc4c(c3)OCO4)c2)c1,-7.9,3.465988848049183,34_1505
O=C(N1CCOCC1)N1CCN(C(c2ccccc2)c2cccc(-c3ccccc3F)c2)CC1,-7.9,3.5577700317346803,34_1506
N#Cc1ccccc1-c1cccc(Nc2cccc(C(O)c3ccccc3C=CC=O)n2)c1,-8.1,3.3736275982975483,34_1507
Cn1c(=O)n(Cc2ccccc2C#N)c2c(N3CCC[C@@H](N)C3)cc(Cl)cc21,-6.5,3.7828302101516664,34_1508
O=C(c1cccc(-c2cccc(-c3cccc(-c4cccc(F)c4)c3)c2)c1)N1CCNCC1,-9.411111111111113,3.508189933556279,34_1509
O=C(Nc1cccc(-c2ccccc2Cl)c1)c1cccc(-c2cccc(-c3nc4ccccc4[nH]3)c2)c1,-8.3,3.279026494891064,34_1510
O=C(Nc1cccc(-c2cccc(C(F)(F)F)c2)c1)Oc1cccc(-c2cccc(-c3ccc4ccccc4c3)c2)c1,-7.4,3.038479779901156,34_1511
O=C(Nc1cccc(-c2cccc(-c3cccc(-c4nc5ccccc5[nH]4)c3)c2)c1)c1cccc(F)c1,-9.0,3.297956728102947,34_1512
O=C(Nc1cccc(-c2cccc(-c3ncccc3CF)c2)c1)c1ccccc1,-7.7,3.542005557626499,34_1513
O=C(Nc1cccc(-c2ccc3ccccc3c2)c1)c1cccc(-c2cccc(-c3cccc(-c4ccccc4F)c3)c2)c1,-9.0,2.9319615900351637,34_1514
O=Cc1cccnc1-c1cccc(-c2cccc(-c3cccc(C(=O)N/N=C/c4cccc(-c5ccc6c(c5)OCO6)c4)c3)c2)c1,-7.4,2.948675695351618,34_1515
O=C(Nc1cccc(-c2cccc(-c3ncc[nH]3)c2)c1)Nc1cccc(-c2ccc3c(c2)OCO3)c1,-9.2,3.292665089107051,34_1516
O=C(Nc1cccc(-c2cccc(-c3cccc(-c4ccccc4F)c3)c2)c1)C1CCNCC1,-9.1,3.4307747454336814,34_1517
O=C(c1cccc(-c2cccc(-c3cccc(-c4ccccc4F)c3)c2)c1)N1CCNCC1,-9.325,3.508189933556279,34_1518
O=C(c1cccc(-c2cccc(-c3ccc4c(c3)OCCO4)c2Cl)c1)N1CCNCC1,-8.7,3.649925043798632,34_1519
Cc1cccc(C(=O)Nc2cccc(-c3cccc(-c4nc5ccccc5n4C)c3)c2)c1,-8.8,3.4546875296296347,34_1520
O=C(Nc1cccc(-c2cccc(-c3cccc(C(F)(F)F)c3)c2)c1)c1cccc(F)c1,-8.0,3.2672233782541786,34_1521
O=C(c1cccc(-c2cccc(-c3ccc4c(c3)OCO4)c2)c1)N1CCN(C(=O)c2ccccc2Oc2ccccc2)CC1,-7.9,3.220013945954297,34_1522
O=C(c1cccc(-c2cccc(-c3cccc(-c4ccccc4F)c3)c2)c1)N1CCNCC1,-9.325,3.508189933556279,34_1523
O=C(Nc1cccc(-c2cccc(-c3cccc(-c4nn[nH]n4)c3)c2)c1)Nc1ccc2ccccc2c1,-10.4,3.360138094998015,34_1524
O=C(Nc1cccc(-c2nc3cc(Cl)ccc3o2)c1)c1cccc(-c2cccc(-c3cccc(-c4ccccc4F)c3)c2)c1,-8.8,3.1695214844333583,34_1525
Oc1ccc(-c2cc(-c3ccc(F)cc3)nc(-c3ccc4c(c3)OCO4)c2)cc1,-8.5,3.629719522981211,34_1526
O=C(Nc1cc(-c2cccc3ccccc23)nc2ccccc12)c1cccc(C(F)(F)F)c1,-9.3,3.310886074229741,34_1527
O=C(c1cccc(-c2cccc(-c3cccc4c(=O)cc(N5CCOCC5)oc34)c2)c1)N1CCOCC1,-9.0,3.5093063697124762,34_1528
Nc1ccc(Nc2cc(-c3ccccc3)nc(Nc3ccccc3[N+](=O)[O-])n2)cc1,-8.4,3.3511056922157847,34_1529
O=Cc1cccccnc2ccccc2c1Nc1ccc(C(=O)N2CCN(c3cccc(Cl)c3)CC2)cc1,-7.5,1.3609015821997978,34_1530
CC1=NC(NC(=S)NC(=O)c2cccc(-c3cccc(-c4ccccc4F)c3)c2C)CC=C1,-8.3,3.582253599434445,34_1531
O=C(N[C]1CCCc2c1ncn2-c1cccc(C(F)(F)F)c1)c1cccc(-c2cccc(C(=O)N3CCOCC3)c2)c1,-8.3,3.463238120068833,34_1532
O=C(c1cccc(-c2cccc(-c3cccc(F)c3)c2)c1)N1CCN(c2ccccc2)CC1,-8.566666666666668,3.426094808724147,34_1533
O=C(c1cccc(-c2cccc(C(=O)N3CCN(c4ccccc4)CC3)c2)c1)N1CCOCC1,-8.4,3.5953511473089197,34_1534
O=C(c1cccc(-c2cccc(-c3cccc4ccccc34)c2)c1)N1CCN(c2cccc(Cl)c2)CC1,-8.766666666666666,3.192108602439839,34_1535
C=C1OCOC1=CC=CC=C1C2=NCC(=CC3=CC(=O)c4ccccc4C3=O)C1O2,-8.5,3.3519481038728696,34_1536
O=C1c2ccccc2C(=O)N1CCCNc1ncc(-c2ccc3ccccc3n2)c2ccccc12,-9.0,3.411328758885995,34_1537
O=P(O)(O)C(F)(F)C=C1C=CCC=C2C=CC(=C1)c1cc(-c3ccc4c(c3)OCO4)c3c[nH]nc3c1C=C2,-8.6,1.0817833640080652,34_1538
O=C(c1cccc(-c2ccc3c(c2)CCO3)c1)N1CCN(C(=O)c2cc(Cc3n[nH]c(=O)c4c3NCCC4)ccc2F)CC1,-9.4,3.3042585971597993,34_1539
O=C(Nc1cccc(-c2cccc(-c3cccc(-c4nn[nH]n4)c3)c2)c1)c1cccc(C(F)(F)F)c1,-8.850000000000001,3.3926958912592893,34_1540
O=C(c1cc(Cc2n[nH]c(=O)c3c2NCCC3)ccc1F)N1CCN(c2cccc(F)c2)CC1,-7.95,3.6459261947647112,34_1541
O=C(c1cccc(-c2cccc(-c3cccc(C(=O)N4CCOCC4)c3)c2)c1)N1CCNCC1,-9.043750000000001,3.649506152725788,34_1542
C=C(c1ccccc1)c1cccc(-c2cccc(-c3cccc(-c4nc5ccccc5[nH]4)c3)c2)c1,-9.9,3.0993315343611427,34_1543
O=C(c1cc(-c2cccc(-c3cccc(C(F)(F)F)c3)c2)c2ccccc2c1)N1CCNCC1,-8.9,3.488775980100491,34_1544
O=C(Nc1ccc2c(c1)OCO2)c1cccc(-c2cccc(-c3ccc4c(c3)OCO4)c2)c1,-8.1,3.5558758405007613,34_1545
O=C(Nc1ccccn1)c1cccc(-c2cccc(-c3cccc(-c4cccc(C(F)(F)F)c4)c3)c2)c1,-9.5,3.2280018464347693,34_1546
O=C(c1cccc(-c2cccc(-c3ccc4c(c3)OCCO4)c2Cl)n1)N(CO)c1cccc(-c2cccc(F)c2)c1,-8.4,3.319724551113678,34_1547
O=C(c1nc2ccccc2c(=O)n1-c1ccccc1)N1CCN(c2cccc([N+](=O)[O-])c2)CC1,-7.8,3.5021168243791916,34_1548
O=Cc1ccccc1Oc1cc(-c2cccc(O)c2)cc(-c2cccc(O)c2)c1,-8.2,3.555399559456942,34_1549
N#Cc1cccnc1-c1cccc(-c2cccc(-c3cccc(NC(=O)c4cc(C(F)(F)F)cc(C(F)(F)F)c4)c3)c2)c1,-8.5,3.2132633098487204,34_1550
COc1ccc(-c2cccc(-c3cccc(C(=O)N4CCOCC4)c3)c2)cc1,-7.5,3.6517732100880895,34_1551
O=C(Nc1cccc(-c2cccc(C(F)(F)F)c2)c1)c1cccc(-c2cccc(-c3nc4cc(F)ccc4[nH]3)c2)c1,-8.6,3.0749978507959104,34_1552
O=C(Nc1nc2ccccc2nc1Nc1cccc(C(=O)N2CCOCC2)c1)c1ccccc1F,-9.3,3.60286404811246,34_1553
O=c1[nH]c(=O)n([C@@H]2C[C@H](O)[C@@H](CO)O2)cc1-c1cn(-c2ccc(Oc3cccc(C(F)(F)F)c3)cc2)nn1,-7.7,3.2491009945287526,34_1554
Oc1ccc(-c2cccc(-c3cccc(-c4cccc(C5=NCCN5)c4)c3)c2)cc1,-8.5,3.508679464147276,34_1555
O=C(Nc1cccc(-c2cccc(-c3ccccc3F)c2)c1)c1cccc(-c2cccc(-c3nc4ccccc4[nH]3)c2)c1,-8.2,3.1143956643253974,34_1556
O=C(c1cccc(-c2cccc(-c3cccc4ccccc34)c2)c1)N1CCN(c2cccc(C(F)(F)F)c2)CC1,-9.5,3.155724006991007,34_1557
O=C(Nc1cccc(-c2ccccc2F)c1)c1cccc(-c2cccc(-c3cccc4c(=O)cc(-c5ccccc5)oc34)c2)c1,-8.6,3.1751494736734434,34_1558
O=C(Nc1cccc(-c2cccc(-c3nc4ccccc4[nH]3)c2)c1)Nc1cccc(C(F)(F)F)c1,-9.6,3.2344802145833893,34_1559
O=C(Nc1cccc(-c2cccc(-c3nc4cc(F)ccc4[nH]3)c2F)c1)c1ccccc1,-8.641176470588235,3.443853177840764,34_1560
O=c1c2cc(Cl)ccc2[nH]c2[nH]c(CO)c(-c3ccc4c(c3)OCO4)c12,-7.3,3.587306520522369,34_1561
O=C(NCc1ccccn1)c1cccc(-c2cccc(-c3cccc(-c4nc5ccccc5[nH]4)c3)c2)c1,-9.2,3.305690610868746,34_1562
O=C(c1cccc(-c2cccc(-c3cccc(-c4ccccc4F)c3)c2)c1)N1CCNCC1,-9.325,3.508189933556279,34_1563
O=C(Nc1cccc(-c2cccc(-c3cccc(F)c3)c2)c1)c1cccc(F)c1,-8.05,3.4260207376456817,34_1564
O=C(Nc1cccc(-c2cccc(-c3ccc4c(c3)OCO4)c2)c1)Nc1ccccc1Oc1ccccc1,-8.4,3.2468102840071964,34_1565
O=C(c1cccc(-c2cccc(-c3cccc(-c4cccc(F)c4)c3)c2)c1)N1CCNCC1,-9.411111111111113,3.508189933556279,34_1566
O=C(c1cccc(-c2ccccc2)c1)N1CCN(c2cccc(-c3cccc(-c4cccc(F)c4)c3)c2)CC1,-8.3,3.15918502062848,34_1567
COc1ccc(-c2ccc(-c3cccc(-c4cccc(C(F)(F)F)c4)c3)s2)cc1,-7.4,3.3433645256516114,34_1568
O=C(c1cccc(-c2cccc(-c3cccc(F)c3)c2)c1)N1CCN(c2ccccn2)CC1,-8.55,3.5453827887396976,34_1569
NC(=O)c1cccc(-c2cccc(-c3cccc(-c4cccc(-c5ccccc5F)c4)c3)c2)c1,-9.8,3.2436641701246987,34_1570
O=C(Nc1cccc(-c2cccc(-c3nc4cc(F)ccc4[nH]3)c2)c1)c1ccccc1,-8.444827586206896,3.4293586076098226,34_1571
O=C(Nc1ccc2c(c1)OCO2)c1cccc(-c2cccc(-c3cccc(-c4ccccc4OC(F)(F)F)c3)c2)c1,-7.6,3.3349170209481005,34_1572
O=C(NCCc1ccccc1F)c1ccccc1N1CCN(C(=O)c2cccc(-c3ccc4c(c3)OCCO4)c2)CC1,-7.0,3.4572585503854123,34_1573
O=C(O)c1ccc(-c2cccc(-c3cccc(-c4cccc(C(F)(F)F)c4)c3)c2)cc1,-9.0,3.3291461812302314,34_1574
O=C(Nc1cccc(-c2cccc(-c3ccc4c(c3)OCO4)c2)c1)Nc1cc(F)c(F)c(F)c1,-9.9,3.421615350952796,34_1575
O=C(c1cccc(-c2cccc(-c3cccc(-c4nc5ccccc5[nH]4)c3)c2)c1)N1CCCC1,-9.275,3.3767709101172856,34_1576
O=C(c1cccc(-c2cccc(-c3cccc(F)c3)c2)c1)N1CCN(c2cccc(C(F)(F)F)c2)CC1,-8.833333333333332,3.323511212462599,34_1577
CC#C[C@@H](CC(=O)O)c1ccc(OCc2cccc(-c3cccc(-c4cccc(C(=O)N(C)C)c4)c3)c2)cc1,-8.1,3.392799746568012,34_1578
O=C1C=CC=C(c2cccc(-c3ccccc3)c2)CCc2c(cccc2-c2cccc(C(F)(F)F)c2)N1,-9.3,1.1112272608299647,34_1579
O=C(Nc1nccs1)c1cccc(-c2cccc(-c3cccc(-c4cccc(C(F)(F)F)c4)c3)c2)c1,-10.1,3.2826255879938246,34_1580
O=C(Nc1cccc(-c2cccc(-c3cccc(C(=O)N4CCOCC4)c3)c2)c1)c1ccccc1,-8.816666666666668,3.5759240999335113,34_1581
O=C(Nc1cccc(-c2cccc(C(=O)N3CCOCC3)c2)c1)c1ccccc1-c1ccccc1,-8.25,3.5759240999335113,34_1582
N#Cc1cccnc1-c1cccc(-c2cccc(NC(=O)c3cccc(-c4ccc5ccccc5c4)c3)c2)c1,-8.4,3.296809126690155,34_1583
O=C(Nc1cccc(-c2cccc(-c3nc4cc(F)ccc4[nH]3)c2)c1)c1ccccc1,-8.444827586206896,3.4293586076098226,34_1584
O=C(c1cccc(-c2cccc(C(=O)N3CCN(C(=O)c4cccc(F)c4F)CC3)c2)c1)N1CCOCC1,-8.3,3.588587880517159,34_1585
FC(F)(F)c1cccc(Nc2nc(CN3CCOCC3)nc3scc(-c4ccccc4)c23)c1,-8.0,3.623197312350128,34_1586
O=C(Nc1ccccc1)Nc1cccc(-c2cccc(-c3cccc(C(=O)N4CCOCC4)c3)c2)c1,-8.766666666666667,3.5384941206804585,34_1587
O=C(c1cccc(-c2cccc(-c3ccccc3OC(F)(F)F)c2)c1)c1cccc2ccccc12,-8.8,3.1037251829204866,34_1588
O=C(Nc1ccccc1Nc1ccccc1)c1cccc(-c2cccc(-c3cccc(-c4ccccc4F)c3)c2)c1,-8.8,3.09234394184797,34_1589
O=C(Nc1ccc2c(c1)OCCO2)c1cccc(-c2cccc(-c3cccc(-c4nc(=O)c5ccccc5[nH]4)c3)c2)c1,-9.1,3.3218922560013033,34_1590
O=C1c2ccccc2C(=O)N1Cc1nc2ccccc2c(=O)n1-c1ccc2c(c1)C(=O)N(c1ccccc1)C2=O,-9.0,3.1867691638328894,34_1591
O=C(c1cccc(-c2cccc(-c3cccc(-c4nc5ccccc5[nH]4)c3)c2)c1)N1CCNCC1,-9.325,3.440998249723921,34_1592
Nc1cc2ncn(-c3cccc(-c4ccccc4F)c3)c2c(N)n1,-7.8,3.6823813564724013,34_1593
Cn1c(-c2cccc(-c3cccc(NC(=O)c4ccccc4F)c3)c2)nc2ccccc21,-8.6,3.3956733809905395,34_1594
O=C(CSc1ccccc1-c1cccc(C(F)(F)F)c1)Nc1cccc(-c2cccc3c(=O)cc(N4CCOCC4)oc23)c1,-8.4,3.261187493103221,34_1595
O=C(Nc1cccc(-c2cccc(-c3cccc(-c4cccc(-c5ccccc5F)c4)c3)c2)c1)c1ccccc1,-9.1,3.034399838423724,34_1596
O=C(Nc1cccc(-c2cccc(-c3nc4cc(F)ccc4[nH]3)c2Cl)c1)c1ccccc1,-8.35,3.4176756792897534,34_1597
O=C(Nc1cccc(-c2cccc(-c3cccc(-c4ccccc4)c3)c2)c1)c1ccccc1,-8.9,3.1672347217296952,34_1598
O=C(Nc1cccc(-c2cccc(-c3cccc(-c4cccc(F)c4)c3)c2)c1)c1ccccc1,-9.142857142857142,3.188129789925851,34_1599
Oc1cc(-c2cccc(-c3cc4ccccc4o3)c2)cc(-c2ccc3c(c2)OCCO3)c1,-9.3,3.44123480256339,34_1600
O=C(Nc1cccc(-c2cccc(C(=O)N3CCOCC3)c2)c1)Nc1ccccc1-c1ccccc1,-8.3,3.5384941206804585,34_1601
O=C(Nc1cc(F)cc(F)c1)c1cccc(-c2cccc(-c3cccc(-c4cccc(F)c4)c3)c2)c1,-9.5,3.2002952792088957,34_1602
O=C(Nc1cccc(-c2cccc(-c3cccc(C(F)(F)F)c3)c2)c1)c1ccccc1,-8.261538461538462,3.3040276133142337,34_1603
O=C(c1cccc(-c2cccc(-c3ccc4c(c3)OCO4)c2)c1)N1CCn2c(nc3cc(F)ccc32)C1,-8.8,3.354755614581406,34_1604
O=C(Nc1cccc(C(F)(F)F)c1)c1cccc(-c2cccc(-c3nc4cc(C(F)(F)F)ccc4[nH]3)c2)c1,-8.6,3.248946671823277,34_1605
Cc1ccccc1NC(=O)c1cccc(-c2cccc(-c3cccc(-c4cccc(-c5ncccc5C#N)c4)c3)c2)c1,-9.3,3.118827406716518,34_1606
O=C(Nc1cccc(-c2cccc(-c3cccc(C(F)(F)F)c3)c2)c1)Nc1ccc2c(c1)OCCO2,-9.4,3.507816309209454,34_1607
O=C(c1cccc(-c2cccc(-c3cccc(C(F)(F)F)c3)c2)c1)N1CCNCC1,-8.5,3.642566566269835,34_1608
O=C(c1cccc(-c2cccc(-c3nc4ccccc4[nH]3)c2)c1)N1CCN(c2cccc(Cl)c2)CC1,-8.8625,3.440092756302386,34_1609
O=C(Nc1cccc(-c2cccc3ccccc23)c1)c1cccc(-c2cccc(-c3nn[nH]n3)c2)c1,-8.8,3.457851387528226,34_1610
O=C1c2ccccc2C(=O)c2c1ccc1[nH]c(-c3cccc(F)c3)nc21,-7.8,3.6404564185417296,34_1611
O=C(Nc1cccc(-c2cccc(-c3nc4ccccc4[nH]3)c2)c1)c1ccccc1Oc1ccccc1,-8.8,3.33583727827361,34_1612
O=C(c1cccc(-c2cccc(C(=O)N3CCN(c4cccc(Cl)c4)CC3)c2)c1)N1CCOCC1,-8.5,3.5860753069993834,34_1613
O=C(Nc1ccc(-c2cccc(-c3cccc(-c4nn[nH]n4)c3)c2)cc1)c1cccc(C(F)(F)F)c1,-8.0,3.3926958912592893,34_1614
O=C(Nc1cccc(-c2cccc(C(=O)N3CCOCC3)c2)c1)c1cccc(-c2ccc3c(c2)CCO3)c1,-8.45,3.48883950141474,34_1615
O=C(Cc1cccc(-c2cccc3ccccc23)c1)Nc1cccc(-c2cccc(-c3ccc4c(c3)OCO4)c2)c1,-8.2,3.19941124920778,34_1616
O=C(Nc1c(C(O)(C(F)(F)F)C(F)(F)F)ccc2ccccc12)c1cccc(-c2cccc(-c3nn[nH]n3)c2)c1,-8.4,3.252590789071384,34_1617
O=C(Nc1nc(-c2ccccc2)cs1)c1cccc(-c2cccc(-c3cccc(-c4ccccc4OC(F)(F)F)c3)c2)c1,-8.5,3.124562656886649,34_1618
Oc1[nH]c2ccccc2c1CCCCN1CCN(c2ccccc2CCc2cccs2)CC1,-6.6,3.4433222689190206,34_1619
O=C(Nc1cccc(S(=O)(=O)N=C2CCCN2)c1)c1cccc(-c2cccc3c(=O)cc(N4CCOCC4)oc23)c1,-8.5,3.380381391437954,34_1620
O=C(c1ccc(NS(=O)(=O)c2cccc3scnc23)cc1)N1CCC(O)(c2ccccc2Cl)CC1,-7.4,3.587035622970223,34_1621
N#Cc1cccnc1-c1cccc(-c2cccc(-c3cccc(C(=O)Nc4cccc(-c5cccc(C(=O)N6CCOCC6)c5)c4)c3)c2)c1,-7.633333333333334,3.1781167388156844,34_1622
O=C(c1cccc(-c2cccc(-c3nc4ccccc4[nH]3)c2)c1)N1CCN(c2ccccc2C(F)(F)F)CC1,-9.433333333333335,3.431311239574125,34_1623
O=C1Nc2ccccc2C12N(c1ccccc1)N=C(c1ccccc1)N2c1cccc(-c2cccc(-c3cccc(C(F)(F)F)c3)c2)c1,-10.0,3.066170379687033,34_1624
O=C(c1cccc(-c2cccc(-c3cccc4ccccc34)c2)c1)N1CCNCC1,-8.649999999999999,3.487914983949728,34_1625
O=Cc1c(-c2ccccc2)oc2cc(Oc3cccc(-c4cccc(-c5ccccc5O)c4)c3)ccc12,-8.5,3.2853704839544866,34_1626
O=C(Nc1cccc(-c2cccc(-c3ccccc3F)c2)c1)c1cccc(-c2ccc3c(c2)OCO3)c1,-8.3,3.274475212885916,34_1627
O=c1c2ccccc2nc(-c2cccc(-c3cccc(F)c3F)c2)n1Nc1ccccc1Cl,-9.3,3.5237997589784325,34_1628
O=C(O)C=CC=CC(F)NC1=C(c2ccc3ccccc3c2)c2ccccc2C1F,-7.9,3.4000733133890533,34_1629
O=C(c1ccc2c(-c3cccc(-c4ccc5c(c4)OCCO5)c3Cl)cccc2c1)N1CCNCC1,-8.3,3.514722895312923,34_1630
O=C(Nc1ccccc1Cl)c1cccc(-c2cccc(-c3cccc(C(F)(F)F)c3)c2)c1,-8.3,3.2733973874543887,34_1631
N#Cc1cccnc1-c1cccc(-c2cccc(-c3cccc(C(=O)N4CCNCC4)c3)c2)c1,-8.89090909090909,3.6433678319260787,34_1632
O=C(c1cccc(-c2cccc(-c3cccc(-c4nccs4)c3)c2)c1)N1CCNCC1,-8.65,3.649349991691783,34_1633
O=C(c1cccc(-c2cccc(-c3cccc(F)c3)c2)c1)N1CCN(c2cccc([N+](=O)[O-])c2)CC1,-8.5,3.4703892710100535,34_1634
Cn1ccc2cc(-c3ncc4ccc(C(Cl)C=CCC=NC(=O)c5ccccc5)cn34)ccc21,-6.5,3.2616414105123757,34_1635
O=C(Nc1ccccc1)Nc1cccc(-c2cccc(-c3cccc(-c4cccc(F)c4)c3)c2)c1,-9.8,3.1738196954145192,34_1636
O=C(c1cccc(-c2cccc(-c3cccc(-c4cccc(F)c4)c3)c2)c1)N1CCNCC1,-9.411111111111113,3.508189933556279,34_1637
O=[N+]([O-])c1cccc(Nc2nc(-c3cc4ccccc4o3)nc3cccc(F)c23)c1,-8.7,3.4792345711415518,34_1638
O=C(Nc1cccc(-c2cccc(-c3nc4cc(F)ccc4[nH]3)c2)c1)c1cccc(C(F)(F)F)c1,-8.216666666666667,3.2512717517338245,34_1639
N#Cc1cccnc1-c1cccc(-c2cccc(-c3cccc(C(=O)Nc4nc(-c5ccccc5)nc5c4nnn5Cc4ccccc4)c3)c2)c1,-9.1,3.002807494751516,34_1640
O=C(Nc1cccc(-c2cccc(-c3cccc(C(F)(F)F)c3)c2)c1)c1ccccc1,-8.261538461538462,3.3040276133142337,34_1641
O=c1ccccccn(-c2cccc(-c3cccc(-c4ccccc4F)c3)c2)nc1,-9.1,1.3890549465900324,34_1642
O=C(c1cccc(-c2cccc(-c3ccc4c(c3)OCO4)c2)c1)N1CCN(C2c3ccccc3-c3ccccc32)CC1,-9.4,3.0613132945110517,34_1643
O=C(c1ccccc1N1CC(=O)N(c2c(Cl)cccc2Cl)c2ccccc21)N1CCNCC1,-6.4,3.668212979274689,34_1644
Fc1ccc(-c2ccc(-c3cccc(-c4cccc(C=Nc5cccc(F)c5)c4)c3)cn2)cc1,-8.0,3.191140472165398,34_1645
O=C(N[CH]C/C=C/CCC(=O)N1C[C@@H]2CCCN2CC1C(=O)O)c1cccc2ccccc12,-7.2,3.4870034503246155,34_1646
O=C(Nc1cccc(-c2cnc3ccccc3n2)c1)c1cccc(-c2cccc(-c3cccc(-c4cccc(-c5ccccc5F)c4)c3)c2)c1,-9.8,3.007296813614907,34_1647
O=C(c1cccc(-c2cccc(-c3ccc4c(c3)OCO4)c2)c1)N1CCN(c2ccccc2)CC1,-8.85,3.456180921736461,34_1648
O=C(c1cc(Cc2n[nH]c(=O)c3c2NCCC3)ccc1F)N1CCN(c2cccc(Cl)c2)CC1,-8.3,3.640347438881606,34_1649
O=C(Nc1cccc(-c2cccc(-c3nc4cc(F)ccc4[nH]3)c2)c1)c1ccccc1,-8.444827586206896,3.4293586076098226,34_1650
Cn1cc(-c2cccc(-c3cccc(-c4cccc(-c5nc6ccccc6n5C)c4)c3)c2)cn1,-9.1,3.349883046744215,34_1651
O=C(Nc1cncc(-c2cccc(-c3nc4ccccc4[nH]3)c2)c1)c1cccc(C(F)(F)F)c1,-8.8,3.386284317718351,34_1652
CN(c1ccccc1)c1cccc2c(-c3nc4ccccc4n3-c3cccc(-c4ccccc4F)c3)ncnc12,-7.9,3.1938763390214513,34_1654
O=C(Nc1nc(-c2ccncc2)cs1)C1CC1C1CCC1,-6.3,3.6818251646429534,34_1655
Cc1cccc(NC(=O)Cn2cnc3cc(NS(=O)(=O)c4ccccc4C#N)ccc32)c1,-7.0,3.6077992761885946,34_1656
Oc1cc(-c2cccc(-c3cccc(-c4cccc(-c5cccc(C6=NCCN6)c5)c4)c3)c2)c(O)[nH]1,-9.8,3.264184859782784,34_1657
O=C(Cc1ccccc1)Nc1nnc(-c2cccc(-c3cccc(-c4cccc(-c5ncco5)c4)c3)c2)o1,-8.7,3.318728461820019,34_1658
O=C(NCc1cccc(-c2ccccc2F)c1)Nc1cccc(-c2cccc(-c3ccc4c(c3)OCO4)c2)c1,-8.8,3.3088472884726166,34_1659
O=C(Nc1cccc(S(=O)(=O)N2CCOCC2)c1)c1cccc(-c2cccc(-c3cccc(-c4ncccc4CO)c3)c2)c1,-8.6,3.304386657800138,34_1660
O=C(Nc1cccc(-c2cccc(C(F)(F)F)c2)c1)c1cccc(-c2cccc(-c3ccc4c(c3)OCO4)c2)c1,-8.924999999999999,3.27643453002898,34_1661
N=C(N)Nc1ccc(-c2cc(-c3cccc(CC(=O)O)c3)cc(-c3cc4ccccc4o3)c2)cc1,-8.9,3.0673337340803797,34_1662
O=C(Nc1cccc(-c2cccc(-c3nc4ccccc4[nH]3)c2)c1)Nc1ccccc1-c1cccc(-c2ccccc2F)c1,-9.1,3.058038634233739,34_1663
O=C(Nc1cccc(-c2cnc3c(-c4cccc(-c5ccc6c(c5)OCCO6)c4)cccc3c2)c1)c1ccccc1,-8.8,3.3107941249637003,34_1664
O=C(CNC(=O)c1cccc(-c2ccc3ccccc3c2)c1)Nc1nc2ccccc2s1,-8.5,3.4477374984759814,34_1665
O=C(Nc1cccc(-c2cccc(-c3cccc(-c4ccccc4F)c3)c2)c1)c1ccccc1,-9.233333333333333,3.188129789925851,34_1666
O=C(Nc1cccc(C(F)(F)F)c1)N[C@H]1CC[C@H](CCN2CCC(c3cccc4c3CCO4)CC2)CC1,-7.2,3.3329908467941314,34_1667
Cn1c(-c2cccc(-c3cccc(NC(=O)c4ccccc4)c3)c2)nc2ccccc21,-8.314285714285715,3.3942752104154073,34_1668
O=C(Nc1cccc(-c2cccc(-c3cccc(-c4ccccc4F)c3)c2)c1)c1ccccc1,-9.233333333333333,3.188129789925851,34_1669
O=C(Nc1ccccc1)c1cccc(-c2cccc(-c3cccc4c(=O)cc(N5CCOCC5)oc34)c2)c1,-8.8,3.4700963547632924,34_1670
O=C(c1cccc2ccccc12)N1CCN(c2nc3ccccc3nc2NCc2ccccc2F)CC1,-9.7,3.517748506154943,34_1671
O=C(c1cccc(-c2cccc(C(=O)N3CCN(c4cccc(Cl)c4)CC3)c2)c1)N1CCOCC1,-8.5,3.5860753069993834,34_1672
CCOc1ccccc1NC(=O)c1cccc(-c2cccc(-c3cccc4c(=O)cc(-c5ccccc5)oc34)c2)c1,-8.8,3.2997553538510633,34_1673
O=C(Nc1cccc(-c2cccc(-c3nc4ccccc4[nH]3)c2)c1)c1cccc(C(F)(F)F)c1,-8.440000000000001,3.31558797004833,34_1674
O=C(c1cccc(-c2cc3ccccc3c(=O)[nH]2)c1)N1CCN(c2ccccc2OC(F)(F)F)CC1,-8.0,3.6559132961383325,34_1675
O=C(Nc1cccc(-c2cccc(-c3cccc(C(F)(F)F)c3)c2)c1)Nc1cccc(F)c1F,-8.3,3.208292682180618,34_1676
O=C(Nc1cccc(-c2ccccc2F)c1)c1nc2cc(C(F)(F)F)ccc2nc1Nc1cccc(C(F)(F)F)c1,-9.9,3.2603894238749236,34_1677
O=C(Nc1ccccc1O)c1cccc(-c2cccc(-c3cccc(-c4ccccc4OC(F)(F)F)c3)c2)c1,-8.5,3.1714968221559383,34_1678
O=C(Nc1cccc(-c2cccc(-c3nc4cc(F)ccc4[nH]3)c2)c1)c1ccccc1,-8.444827586206896,3.4293586076098226,34_1679
O=C(Nc1ccc2c(c1)CCC2)c1cccc(C(=O)N2CCN(c3cccc(C(F)(F)F)c3)CC2)c1,-8.2,3.581753716253975,34_1680
O=c1c2ccccc2nc(-c2cccc(-c3cc4ccccc4s3)c2)n1-c1cccc(-c2cccc(-c3cccc(-c4nn[nH]n4)c3)c2)c1,-10.1,3.13431792883314,34_1681
Oc1c2ccccc2c(O)c2c3c(ccc12)=NC(=C1C=c2ccccc2=N1)N=3,-8.15,3.3402223998817275,34_1682
O=C(c1cccc(-c2cccc(F)c2F)c1)N1CCN(C(=O)c2cc(Cc3n[nH]c(=O)c4c3NCCC4)ccc2F)CC1,-8.5,3.418726066630093,34_1683
O=c1cc(N2CCOCC2)oc2c(-c3cccc(-n4c(-c5cccc(C(F)(F)F)c5)nc5ccccc5c4=O)c3)cccc12,-9.0,3.3240948997692716,34_1684
O=C(Nc1cccc(-c2cccc(-c3nc4cc(F)ccc4[nH]3)c2)c1)Nc1cccc(-c2cccc(F)c2F)c1,-9.683333333333334,3.1875244530828533,34_1685
O=c1[nH]c(O)c(Cc2ccc(Nc3nc(-c4ccccc4)ncc3-c3ccccc3F)cc2)[nH]1,-8.5,3.277853119211967,34_1686
N#Cc1cccnc1-c1cccc(-c2cccc(NC(=O)c3ccco3)c2)c1,-7.3,3.697060105980201,34_1687
O=C(NNC(=S)Nc1cccc2ccc(O)cc12)c1cccc(-c2ccc3c(c2)OCO3)c1,-8.0,3.3838339203002272,34_1688
O=C(Nc1cccc(-c2cccc(-c3nccs3)c2)c1)c1cccc(-c2cccc(-c3ccc4c(c3)OCO4)c2)c1,-8.6,3.1878994478141904,34_1689
O=C(c1cccc(-c2cccc(-c3cccc(-c4nc5ccccc5[nH]4)c3)c2)c1)N1CCNCC1,-9.325,3.440998249723921,34_1690
N#Cc1cccnc1-c1cccc(-c2cccc(-c3cccc(C(=O)Nc4cccc(-c5cccc(C(=O)N6CCOCC6)c5)c4)c3)c2)c1,-7.633333333333334,3.1781167388156844,34_1691
O=C(Nc1cccc(-c2cccc(-c3cccc(-c4cccc(F)c4)c3)c2)c1)c1ccccc1,-9.142857142857142,3.188129789925851,34_1692
O=C(NCCc1ccccc1)c1cc(-c2cccc(-c3cc4ccccc4o3)c2)nc2ccccc12,-8.5,3.367166765885246,34_1693
Cc1ccccc1NC(=O)Nc1ccc(-c2cccc(-c3cccc(-c4nc5ccccc5n4C)c3)c2)cc1,-8.7,3.28960547469128,34_1694
O=C(c1cccc(-c2cccc(-c3nc4ccccc4[nH]3)c2)c1)N1CCN(c2ccccn2)CC1,-9.1,3.5372962948443467,34_1695
Cc1cccc(C(=O)Nc2cccc(-c3cccc(-c4ccccc4C)c3)c2)c1,-8.1,3.3388584242253585,34_1696
O=C(c1cccc(-c2cccc(-c3ccc4c(c3)OCO4)c2)c1)N1CCN(c2ccccc2F)CC1,-8.766666666666667,3.461047798442075,34_1697
O=C(c1cccc(-c2cccc(-c3cccc(-c4ccccc4F)c3)c2)c1)N1CCNCC1,-9.325,3.508189933556279,34_1698
ON1N=C(c2ccccc2)CC1c1cccc(-c2cccc(-c3ccc4c(c3)OCO4)c2)c1,-8.5,3.5070694743802973,34_1699
O=C(Nc1cccc(-c2cccc(-c3cccc(F)c3)c2)c1)c1cccc(C(F)(F)F)c1,-8.34,3.2672233782541786,34_1700
N#Cc1cccnc1-c1cccc(-c2cccc(-c3cccc(C(=O)N4CCNCC4)c3)c2)c1,-8.89090909090909,3.6433678319260787,34_1701
O=C(Nc1cccc(-c2cccc(-c3nc4ccccc4[nH]3)c2)c1)c1ccccc1F,-8.525,3.4293586076098226,34_1702
O=C(Nc1cccc(-c2cccc(C(F)(F)F)c2)c1)c1cccc(-c2cccc(-c3ccc4c(c3)OCO4)c2)c1,-8.924999999999999,3.27643453002898,34_1703
Cc1c(C2C=CC=CO2)cc(-c2cccc(F)c2)nc1-c1ccc2c(c1)OCCO2,-8.1,3.5560000672753187,34_1704
O=C(Nc1cccc(-c2cc[nH]ccc(-c3ccc4ccccc4c3)cn2)c1)c1cccc(C(F)(F)F)c1,-8.4,1.0236658996395152,34_1705
O=C(Nc1cccc(-c2cccc(N3CCCC3)n2)c1)Nc1ccc(C(F)(F)F)cc1O,-8.9,3.5779520303536656,34_1706
O=C(NNc1ncnc2sc3c(c12)CCCCC3)c1ccccc1Cl,-7.6,2.671104757847094,34_1707
N#Cc1cccnc1-c1cccc(-c2cccc(-c3cccc(C(=O)N4CCNCC4)c3)c2)c1,-8.89090909090909,3.6433678319260787,34_1708
O=C(c1cccc(-c2cccc(-c3cccc(-c4nn[nH]n4)c3)c2)c1)N1CCNCC1,-9.0,3.6709921779215158,34_1709
O=C(Nc1cccc(-c2cccc(-c3cccc(C(=O)N4CCOCC4)c3)c2)c1)c1ccccc1,-8.816666666666668,3.5759240999335113,34_1710
COc1ccc(C(=O)/C=C/c2cccc(-c3ccc4c(C)[nH]nc4c3)c2)cc1OC,-7.6,3.5630784318908177,34_1711
O=C(c1cccc(-c2cccc(-c3ccccc3F)c2)c1)N1CCN(Cc2cccc(C(F)(F)F)c2)CC1,-8.4,3.3004477277453965,34_1712
Cc1cc(NC(=O)CN=C(Nc2ccccc2)c2cccc(-c3ccccc3F)c2)ccc1-c1cccc(-c2cccc(-c3nc4ccccc4[nH]3)c2)c1,-7.7,2.7804135091562996,34_1713
O=C(Nc1cccc(C(=O)N2CCCCC2)c1)c1cccc(-c2cccc(-c3ccc4c(c3)OCO4)c2)c1,-8.5,3.457504090789449,34_1714
O=C(NCCc1ccccc1)c1cccc(-c2cccc(-c3ccccc3F)c2)c1,-8.6,3.376386289939205,34_1715
O=C(NC[CH]CN(C(=O)O)c1ccc2c(c1)CCCc1c(-c3ccco3)n[nH]c1-2)c1ccccc1,-5.9,2.4741896970417514,34_1716
O=C(NCc1ccccc1)c1ccccc1-c1cccc(-c2cccc(-c3cccc(-c4cccc(-c5ccccc5F)c4)c3)c2)c1,-7.4,2.766517636458363,34_1717
O=C(N/N=C\c1cccc(-c2ccccc2)c1)c1cccc(-c2cccc(-c3ccccc3)c2)c1,-9.3,3.222856128181955,34_1718
O=c1cc(-c2cccc(-c3cc4ccccc4o3)c2)sc(N2CCOCC2)c1,-7.7,3.609304032441868,34_1719
O=C(Nc1cccc(-c2cccc(C(F)(F)F)c2)c1)c1cccc(-c2cccc(-c3ccc4c(c3)OCO4)c2)c1,-8.924999999999999,3.27643453002898,34_1720
O=C(O)c1cccc(-n2cccc2CC2=NC(=O)N(c3ccccc3)C2=O)c1,-7.5,3.7772469677667653,34_1721
O=C(c1cccc(-c2cccc(-c3nc4ccccc4[nH]3)c2)c1)N1CCN(c2cccc(Cl)c2)CC1,-8.8625,3.440092756302386,34_1722
O=C(c1cccc(-c2cccc(-c3nc4ccccc4[nH]3)c2)c1)N1CCN(c2ccccc2C(F)(F)F)CC1,-9.433333333333335,3.431311239574125,34_1723
O=C(Nc1cccc(-c2ccc3c(c2)OCO3)c1)c1cccc(-c2cccc(-c3ccc4c(c3)OCO4)c2)c1,-8.766666666666666,3.3056459772548874,34_1724
CC=C1C=CC(S(=O)(=O)N(c2ccc3c4c(cccc24)CC3)S(=O)(=O)c2ccccc2)=C1,-7.8,3.613591671098116,34_1725
O=C(Nc1cccc(-c2cccc(-c3cccc(-c4cccc(F)c4)c3)c2)c1)c1ccccc1,-9.142857142857142,3.188129789925851,34_1726
O=C1C=c2c(c3c(O)cccc3c3ccccc23)=C(c2ccccc2)OC1,-7.6,2.515475189789383,34_1727
O=C(NCc1ccc(F)cc1F)c1c(Nc2cccc(-c3cccc(-c4ccccc4F)c3)c2)nc2ccccn12,-8.1,3.241368125935668,34_1728
O=C(Oc1cccc(-c2cccc(-c3cccc(-c4ccccc4F)c3)c2)c1)c1ccccc1,-8.3,3.1291615763031495,34_1729
O=C(c1cccc(-c2cccc(-c3ccc4c(c3)OCCO4)c2F)c1)N1CCNCC1,-8.366666666666667,3.6553838184373157,34_1730
Cn1c(-c2cccc(-c3cccc(C(=O)Nc4cccc(-c5nc6ccccc6[nH]5)c4)c3)c2)nc2ccccc21,-8.7,3.25313017500066,34_1731
O=C(c1cccc(-c2cccc(-c3nc4ccccc4[nH]3)c2)c1)N1CCN(c2ccccc2F)CC1,-8.983333333333334,3.4648144352837686,34_1732
O=C(c1ccc2c(-c3cccc(-c4ccccc4F)c3)cccc2c1)N1CCN(C(=O)c2ccccc2C(F)(F)F)CC1,-9.4,3.139500429753335,34_1733
O=C(Nc1cccc(-c2cccc(-c3nc4cc(F)ccc4[nH]3)c2F)c1)c1cccc(C(F)(F)F)c1,-8.649999999999999,3.249901202177252,34_1734
Nc1ncc(-c2ccc(-c3ccccc3C(=O)Nc3ccc(F)cc3)cc2)nc1C(=O)Nc1ccc2c(c1)CCC2,-8.6,3.2752290372557376,34_1735
O=C1c2cccc(-c3cccc(-c4ccccc4F)c3)c2CC2CNCCN1C2,-8.9,2.5377095170046626,34_1736
O=Cc1cccnc1-c1cccc(-c2cccc(NC(=O)c3cccc(-c4ccc5ccccc5c4)c3)c2)c1,-8.25,3.240412944193357,34_1737
O=C(c1cccc(-c2cccc(-c3nc4cc(F)ccc4[nH]3)c2)c1)N1CCNCC1,-8.5375,3.6450984636569372,34_1738
O=C(c1cccc(-c2cccc(-c3nccs3)c2)c1)N1CCN(C(=O)c2cc3ccccc3[nH]2)CC1,-8.5,3.5259228283541937,34_1739
O=C(Nc1ccccc1-c1cccc(Cl)c1)c1cccc(-c2cccc(-c3cccc(-c4ccccc4F)c3)c2)c1,-9.5,2.9753383768869957,34_1740
O=C(Nc1cccc(-c2cccc(-c3nc4cc(F)ccc4[nH]3)c2F)c1)c1cccc(C(F)(F)F)c1,-8.649999999999999,3.249901202177252,34_1741
O=C(Nc1cccc(-c2cccc(-c3ccccc3F)c2)c1)c1cccc(-c2cccc(-c3cccc4ccccc34)c2)c1,-8.933333333333332,2.9319615900351637,34_1742
C=C(C=CC=CC1=CN(C(=O)c2ccccc2)C=CC=C1)C=c1ccc(=C)c2nc3ccccc3n12,-8.1,2.4689092291127217,34_1743
O=C(c1cccc(-c2cccc(-c3cccc(C(=O)N4CCOCC4)c3)c2)c1)N1CCNCC1,-9.043750000000001,3.649506152725788,34_1744
O=C(Nc1cccc(-c2cccc(-c3nc4cc(F)ccc4[nH]3)c2F)c1)c1ccccc1,-8.641176470588235,3.443853177840764,34_1745
Cn1c(-c2cccc(-c3cccc(-c4cccc(-c5ccc(C(=O)O)cc5)c4)c3)c2)nc2ccccc21,-9.2,3.24791398890646,34_1746
O=C(Nc1cccc(-c2cccc(-c3cccc(C(=O)N4CCOCC4)c3)c2)c1)c1ccccc1,-8.816666666666668,3.5759240999335113,34_1747
O=CC1=CC(=CCC(c2ccccc2)c2ccccc2F)C=C1,-6.5,3.3290340171104598,34_1748
O=C(Nc1cccc(-c2cccc(-c3n[nH]c(=O)[nH]3)c2)c1)c1cccc(-c2ccc3c(c2)OCO3)c1,-8.9,3.3220772791977207,34_1749
O=C(Nc1cccc(-c2nc3ccccc3[nH]2)c1)c1cccc(-c2cccc(-c3ccc4c(c3)OCO4)c2)c1,-8.833333333333334,3.270782848042287,34_1750
O=C(Nc1cccc(-c2cccc(-c3ccccc3F)c2)c1)Nc1ccc2c(c1)OCCO2,-9.6,3.549070103177006,34_1751
O=C(Nc1nc2ccccc2cc1-c1cccc(-c2ccc3c(c2)OCCO3)c1)c1ccccc1,-9.2,3.461887826355361,34_1752
O=CCC(=O)c1cccc(-c2cccc(-c3cccc(C(=O)N4CCOCC4)c3)c2)c1,-8.1,3.48994465431121,34_1753
O=C(Nc1cccc(-c2cccc(-c3nc4cc(F)ccc4[nH]3)c2F)c1)c1ccccc1,-8.641176470588235,3.443853177840764,34_1754
Cn1c(-c2cccc(-c3cccc(-c4cccc(-c5cccc(N6CCOC6=O)c5)c4)c3)c2)nc2ccccc21,-10.2,3.2583915535237216,34_1755
C=C(C=CC=CC(=C)c1ncccc1Cl)C=CC=CC1=C/C(=C\C(=O)N2CCNCC2)C=CC=C1,-6.7,2.3394227151977605,34_1756
O=C(Nc1ccc2c(c1)OCO2)c1ccc2[nH]c(-c3cccc(-c4cccc(-c5cccc(F)c5)c4)c3)nc2c1,-7.8,3.2641149086885073,34_1757
O=C(c1cccc(-c2cccc(-c3cccc4ccccc34)c2)c1)N1CCN(c2cccc3ccccc23)CC1,-9.5,3.104780948379596,34_1758
N#Cc1cccnc1-c1cccc(-c2cccc(-c3cccc(NC(=O)c4ccccc4)c3)c2)c1,-8.654545454545454,3.4145575848364174,34_1759
O[C@H]1C2[N+]CC[C@H]1[C@H](c1cc3ccccc3s1)c1ccccc12,-7.0,3.4891493853299553,34_1760
O=C(Nc1cccc(-c2cccc(C(=O)N3CCOCC3)c2)c1)c1ccc(F)c(-c2ccc3ccccc3c2)c1,-9.7,3.3654259279461125,34_1761
CC(=O)n1nc(-c2cccc(-c3cc(-c4ccccc4)nc(-c4cc5ccccc5[nH]4)c3)c2)c2ccccc21,-10.2,3.2688643432374156,34_1762
CN1CCN(c2ccc3[nH]c(-c4cccc(-c5cccc(C6=NCCN6)c5)c4)nc3c2)CC1,-8.1,3.565560166180159,34_1763
O=C(c1cccc(S(=O)(=O)N2CCOCC2)c1)N1CCN(C(=O)c2ccco2)CC1,-6.8,3.5652107934550887,34_1764
N#Cc1ccc(-c2cccc(-c3cccc(-c4nc5cc(F)ccc5[nH]4)c3)c2)cc1,-8.8,3.4333097660657343,34_1765
O=C(c1cccc(-c2cccc(-c3cccc(C(=O)N4CCOCC4)c3)c2)c1)N1CCNCC1,-9.043750000000001,3.649506152725788,34_1766
Cn1c(-c2cccc(-c3cccc(NC(=O)Cn4c(-c5ccc(Cl)cc5)nc5ccccc54)c3)c2)nc2ccccc21,-8.4,3.315361139886013,34_1767
CC1(Cc2nc3cccnc3nc2-c2ccc3ccccc3c2)C=CC=CN2C[CH]OC(C2)C1,-9.0,1.2776073459837693,34_1768
O=C(Nc1cccc(-c2cccc(-c3ccc4c(c3)OCO4)c2)c1)Nc1ccccc1-c1ccccc1,-9.75,3.226266249465122,34_1769
O=C(c1cccc(-c2cccc(-c3nc4cc(F)ccc4[nH]3)c2)c1)N1CCNCC1,-8.5375,3.6450984636569372,34_1770
Cc1ccc(S(=O)(=O)N(Cc2cc3ccccc3nc2Nc2ccccc2)c2ccccc2)cc1,-8.8,3.463599362893386,34_1771
COc1ccc(Nc2nc3ccccc3nc2NC(=O)c2cccc(C(F)(F)F)c2)cc1,-9.6,3.623705276217593,34_1772
O=C(Nc1nccs1)c1cccc(-c2cccc(-c3cccc(-c4nc5cc(F)ccc5[nH]4)c3)c2)c1,-9.8,3.4443156200306415,34_1773
O=C(c1cccc(-c2cccc(-c3cccc(C(=O)N4CCOCC4)c3)c2)c1)N1CCNCC1,-9.043750000000001,3.649506152725788,34_1774
O=C(Nc1cccc(-c2cccc(-c3nc4cc(F)ccc4[nH]3)c2F)c1)c1ccccc1,-8.641176470588235,3.443853177840764,34_1775
O=C(Nc1cccc(-c2cccc(-c3ccccc3F)c2)c1)c1ccc2c(ccc3ccccc32)c1,-9.3,3.081545001326613,34_1776
O=C(Nc1cccc(-c2cccc(-c3cc4ccccc4[nH]3)c2O)c1)Nc1cccc(-c2cccc(F)c2F)c1,-10.2,3.1038728452035325,34_1777
O=C(c1cccc(-c2cccc(-c3cccc(F)c3)c2)c1)N1CCNCC1,-8.333333333333334,3.613391725708435,34_1778
O=C(Nc1cccc(-c2ccccc2F)c1)c1cccc(-c2cccc(-c3cccc(C(=O)N4CCOCC4)c3)c2)c1,-8.7,3.318291864592828,34_1779
N#Cc1cccc(-c2cccc(-c3cc(-c4cccc(C(=O)O)c4)cc4ncccc34)c2)c1,-9.9,3.4805070351271734,34_1780
CC1(C)CC(=O)C(C=Nc2ncccc2C#N)C(=O)C1,-5.9,3.5133359916528817,34_1781
O=C(c1cccc(-c2ccc3c(c2)CCNC3)c1)N1CCn2c(nnc2-c2cccnc2)C1,-8.3,3.59496654740045,34_1782
O=C(Nc1ccccc1)c1cccc(-c2cccc(-c3cccc(-c4cccc(C5=NCCN5)c4)c3)c2)c1,-9.5,3.281820218984546,34_1783
O=C(Nc1cccc(-c2cccc(-c3ccccc3)c2)c1)c1ccccc1Cl,-8.6,3.36114714487573,34_1784
O=c1c2ccccc2nc2c(-c3ccc4ccccc4c3)nc3c(Br)cccc3n12,-8.8,3.320433017985761,34_1785
O=C(c1cccc(-c2cccc(-c3cccc(-c4cccc(F)c4)c3)c2)c1)N1CCNCC1,-9.411111111111113,3.508189933556279,34_1786
O=C(c1cccc(-c2cccc(-c3cccc(-c4ccc(F)cc4)n3)c2)c1)N1CCNCC1,-9.0,3.5926911592480524,34_1787
O=C(c1cccc(-c2cccc(-c3ccc4c(c3)OCO4)c2)c1)N1CCN(C(=O)c2ccccc2F)CC1,-9.1,3.475405586601455,34_1788
Cn1c(-c2cccc(-c3cccc(C(=O)Nc4cccc(-c5cccc(-n6cncn6)c5)c4N)c3)c2)nc2ccccc21,-8.4,3.1422830259227084,34_1789
O=CNc1ccc(S(=O)(=O)N2CCOCC2)cc1C(=O)NCC(=O)N1C=CC=CC2=CC=CC=C(CC=C1)C2,-7.1,0.8853664472287015,34_1790
O=C(Nc1cccc(-c2cccc(-c3cccc(-c4nn[nH]n4)c3)c2)c1)c1ccccc1,-8.814285714285715,3.5445770780658905,34_1791
O=C(Nc1cccc(-c2cccc(C(=O)N3CCOCC3)c2)c1)c1cccc(-c2ccc3c(c2)CCO3)c1,-8.45,3.48883950141474,34_1792
O=C(Nc1cccc(F)c1)Nc1cccc(-c2ccnc3cc(-c4ccc5c(c4)OCO5)ccc23)c1,-9.2,3.3511388620385194,34_1793
O=C(c1cccc(-c2cccc(-c3cccc(-c4nc5ccccc5[nH]4)c3)c2)n1)N1CCNCC1,-8.8,3.5141779880481234,34_1794
O=C(Nc1ccccc1C(=O)O)c1cccc(-c2cccc(-c3cccc(-c4cccc(F)c4)c3)c2)c1,-9.0,3.317013365973615,34_1795
O=C(c1cccc(-c2cccc(-c3cccc(-c4cccc(F)c4)c3)c2)c1)N1CCNCC1,-9.411111111111113,3.508189933556279,34_1796
O=C(c1cccc(-c2cccc(C(=O)N3CCN(c4cccc(C(F)(F)F)c4)CC3)c2)c1)N1CCOCC1,-8.577777777777776,3.5675074243249583,34_1797
Cc1ccc(Nc2ncc3c(n2)-c2ccccc2NC[C@H]3CO)cc1,-8.0,2.7080055112627672,34_1798
Cn1c(-c2cccc(-c3cccc(-c4cccc(C(=O)N5CCOCC5)c4)c3)c2)nc2ccccc21,-9.4,3.417921183135963,34_1799
O=C(Nc1cccc(-c2cccc(-c3ccc4c(c3)OCO4)c2)c1)Nc1ccccc1F,-9.8,3.477688632459896,34_1800
O=c1oc2ccccc2cc1-c1cccc(-c2cccc(-c3cccc(-c4cccc(Cl)c4)c3)c2)c1,-9.8,3.0994852317678667,34_1801
O=[N+]([O-])c1ccccc1Nc1cccc(-c2cccc(-c3cccc(-c4ccccc4F)c3)c2)c1,-8.8,3.280518330087212,34_1802
Cn1ncc(NC(=O)c2cccc(-c3cccc(-c4nc5cc(F)ccc5[nH]4)c3)c2)c1-c1cccc(-c2cccc(-c3nc4cc(F)ccc4[nH]3)c2)c1,-9.0,2.906549841974239,34_1803
O=C(Nc1cccc2ccccc12)c1cccc(-c2cccc(-c3cccc(-c4cccc(C(F)(F)F)c4)c3)c2)c1,-9.649999999999999,2.9628017869313688,34_1804
O=C(c1cccc(-c2cccc(-c3cccc(-c4cccc(F)c4)c3)c2)c1)N1CCNCC1,-9.411111111111113,3.508189933556279,34_1805
Cc1ccc(C2=CN=C(c3cccc(-c4ccc5cccc(F)c5c4)c3N)C2)cc1,-7.9,3.4058842473318354,34_1806
O=C(c1cccc(-c2cccc(C(=O)N3CCN(c4cccc(C(F)(F)F)c4)CC3)c2)c1)N1CCOCC1,-8.577777777777776,3.5675074243249583,34_1807
Cc1cccc(NC(=O)C(=O)c2cn(Cc3cccc(C#N)c3)c3ccccc23)c1,-7.4,3.5796550945423338,34_1808
O=C(Nc1cccc(-c2cccc(-c3ncco3)c2)c1)c1cccc(-c2cccc(-c3cccc(-c4ccccc4F)c3)c2)c1,-9.1,3.1144359755210727,34_1809
O=C(c1cccc(-c2cccc(C(=O)N3CCN(c4cccc([N+](=O)[O-])c4)CC3)c2)c1)N1CCOCC1,-8.1,3.4681210115165166,34_1810
O=C(c1cccc(-c2cccc(-c3cccc(-c4cccc(F)c4)c3)c2)c1)c1cccc2ccccc12,-9.7,2.931347001585033,34_1811
Cn1c(-c2cccc(-c3cccc(NC(=O)c4cccc(C(F)(F)F)c4)c3)c2)nc2ccccc21,-8.4125,3.449135448355882,34_1812
O=C(Nc1cccc(-c2cccc(-c3cccc(C(F)(F)F)c3)c2)c1)c1ccccc1O,-9.0,3.4122260811255574,34_1813
O=C(c1cccc(-c2cccc(-c3cccc(CO)c3)c2)c1)N1CCN(c2ncccc2C(F)(F)F)CC1,-8.6,3.5949317011271713,34_1814
O=C(Nc1cccc(-c2cccc(-c3cccc(-c4ccccc4F)c3)c2)c1)c1cccc(C(F)(F)F)c1,-8.979999999999999,3.003716495802779,34_1815
O=C(c1cncc(-c2cccc(-c3nc4cc(F)ccc4[nH]3)c2)c1)N1CCNCC1,-8.1,3.677585977918084,34_1816
O=C(c1cccc(-c2cccc(-c3cccc(-c4nc5ccccc5[nH]4)c3)c2)c1)N1CCCC1,-9.275,3.3767709101172856,34_1817
O=C(C=C1C=CC=CC=CN=C1c1cccc(C(F)(F)F)c1)NCCNC(=O)c1cccc(-c2ccc3c(c2)CCO3)c1,-9.1,1.1463415062719844,34_1818
Cn1c(-c2cccc(-c3cccc(NC(=O)Nc4cccc5ccccc45)c3)c2)nc2ccccc21,-10.2,3.2766385498794826,34_1819
O=C(c1cccc(-c2cccc(-c3ccc4c(c3)OCO4)c2)c1)N1CCN(c2cccc3c2cnn3-c2ccccc2F)CC1,-7.9,3.200264941088418,34_1820
O=C(Nc1cccc(Oc2ccccc2)c1)Nc1cccc(-c2cccc(-c3ccc4c(c3)OCO4)c2)c1,-8.75,3.2468102840071964,34_1821
O=C(Nc1cccc(-c2cccc(F)c2)c1)Nc1cccc(-c2cccc(-c3nc4cc(F)ccc4[nH]3)c2)c1,-10.25,3.218592063451191,34_1822
O=C(Nc1cccc(-c2cccc(-c3nc4cc(F)ccc4[nH]3)c2)c1)c1ccccc1F,-8.622222222222224,3.443853177840764,34_1823
O=C(Nc1cccc(-c2cccc(-c3cccc(-c4ccc(F)cc4)c3)c2)c1)c1ccccc1,-9.8,3.188129789925851,34_1824
O=C(c1cccc(-c2cccc(-c3ccc4c(c3)OCO4)c2)c1)N1CCN(c2nccc(-c3ccc(F)c(F)c3)n2)CC1,-10.4,3.2634211948347747,34_1825
Cn1c(-c2cccc(-c3cccc(NC(=O)c4cccc(C(F)(F)F)c4)c3)c2)nc2ccccc21,-8.4125,3.449135448355882,34_1826
O=C(Nc1cccc(-c2ccco2)c1)c1cccc(-c2cccc(-c3ccc4c(c3)OCO4)c2)c1,-8.2,3.347684612327135,34_1827
CC[C@H](C)C(NC(=O)C(Cc1ccccc1[N+](=O)[O-])NC(=O)c1ccccc1)C(=O)NC(C(=O)Nc1cccc(-c2ccc(F)cc2)c1)c1ccccc1,-7.1,2.6846989690599785,34_1828
O=C(Nc1cccc(-c2cccc(-c3cccc(-c4ccccc4Cl)c3)c2)c1)Nc1cccc(Cl)c1F,-9.7,3.132600016169298,34_1829
O=C(c1cccc(-c2cccc(C(=O)N3CCN(C(=O)c4ccccc4F)CC3)c2)c1)N1CCOCC1,-8.8,3.598215080020839,34_1830
O=C(NCc1ccco1)c1ccccc1N1CCN(C(=O)c2ccccc2)CC1,-7.0,3.781820959970525,34_1831
O=c1cc(N2CCNCC2)nc2n(Cc3cccc(F)c3)c3ccccc3n12,-7.9,3.709881639370737,34_1832
O=C(NCc1ccccc1F)c1cccc(-c2cccc(-c3cccc(-c4nc5ccccc5[nH]4)c3)c2)c1,-9.5,3.202990456853522,34_1833
Cn1c(-c2cccc(-c3cccc(-c4cccc(C(=O)N5CCOCC5)c4)c3)c2)nc2ccccc21,-9.4,3.417921183135963,34_1834
O=c1c2ccccc2nc(Nc2cccc(C(F)(F)F)c2)n1-c1cccc(-c2cccc(-c3nc4cc(F)ccc4[nH]3)c2)c1,-9.3,3.1604447585795414,34_1835
O=C(Nc1cccc(-c2ccc3c(c2)OCO3)c1)c1cccc(-c2cccc(-c3ccc4c(c3)OCO4)c2)c1,-8.766666666666666,3.3056459772548874,34_1836
O=C(c1cccc(-c2cccc(-c3cccc(C(F)(F)F)c3)c2)c1)N1CCNCC1,-8.5,3.642566566269835,34_1837
O=C(Nc1cccc(-c2cccc(-c3nc4cc(F)ccc4[nH]3)c2)c1)Nc1cccc(-c2cccc(F)c2F)c1,-9.683333333333334,3.1875244530828533,34_1838
O=C(Cc1cccc(-c2cccc(F)c2F)c1)Nc1cccc(-c2cccc(-c3cccc(F)c3)c2)c1,-9.1,3.0862881321266693,34_1839
CCC1=CC(=NC(=O)c2cccc(-c3cccc(-c4cccc(C(F)(F)F)c4)c3)c2)C=C1,-8.0,3.402175634321413,34_1840
N#Cc1cccnc1-c1cccc(-c2cccc(NC(=O)c3ccccc3)c2)c1,-7.9,3.6390737261481023,34_1841
Nc1cc(-c2cccc(F)c2)cc(-c2cccc(-c3cccc(C(F)(F)F)c3)c2)c1,-9.1,3.2814910430262976,34_1842
O=C(Nc1cccc(-c2cccc(-c3nc4ccccc4[nH]3)c2)c1)c1ccccc1-c1ccccc1,-8.6,3.3039417341933515,34_1843
O=Cc1cc2ccc(-c3cccc(-c4cccc(-c5cccc(-c6nn[nH]n6)c5)c4)c3)cc2[nH]1,-9.1,3.452754955871753,34_1844
O=C(Nc1cccc(-c2cccc(-c3cccc(-c4nn[nH]n4)c3)c2)c1)c1ccccc1,-8.814285714285715,3.5445770780658905,34_1845
O=C(Nc1cccc(-c2ccc3c(c2)OCO3)c1)c1cccc(-c2ccc3c(c2)OCCO3)c1,-8.8,3.552297645680242,34_1846
O=C(Nc1cccc(-c2cccc(C(F)(F)F)c2)c1)c1cccc(-c2cccc(C(=O)N3CCOCC3)c2)c1,-8.8,3.537920848713541,34_1847
O=C(Cn1c(-c2cccc(-c3ccccc3F)c2)nc2ccccc2c1=O)c1cccc(C(F)(F)F)c1,-9.0,3.32424135042053,34_1848
O=C(Nc1ccccc1)c1cccc(-c2cccc(-c3cccc(-c4cccc(-c5ccccc5F)c4)c3)c2)c1,-9.5,3.034399838423724,34_1849
C[C@@H]1c2ccccc2N=C(c2cccc(OCCF)c2)NC1CNC(=O)c1ccc2c(c1)OCCO2,-8.9,2.590691620832992,34_1850
O=C(Nc1ccccc1)Nc1ccc(-c2cccc(-c3cccc(-c4cccc(C(=O)N5CCOCC5)c4)c3)c2)cc1,-8.1,3.2733633672539155,34_1851
N#Cc1cccnc1-c1cccc(-c2cccc(-c3cccc(NC(=O)c4ccccc4)c3)c2)c1,-8.654545454545454,3.4145575848364174,34_1852
O=C(Nc1cccc(-c2cccc(-c3cccc(C(F)(F)F)c3)c2)c1)c1ccccc1,-8.261538461538462,3.3040276133142337,34_1853
O=C(Nc1cccc(-c2cccc(-c3cccc(-c4ccccc4F)c3)c2)c1)c1ccccc1,-9.233333333333333,3.188129789925851,34_1854
O=C(NNC(=S)Nc1cccc(-c2cccc(F)c2)c1)c1cccc(-c2cccc(-c3nccs3)c2)c1,-6.5,3.2704746196966985,34_1855
O=C(Nc1cccc(-c2ccccc2F)c1)c1cccc(-c2cccc(-c3cccc(-c4cccc(C(=O)N5CCOCC5)c4)c3)c2)c1,-8.8,3.1263049815711668,34_1856
O=c1[nH]cc2ccccc2c1-c1cccc(-c2cccc(-c3cccc(-c4cccc(-c5nn[nH]n5)c4)c3)c2)c1,-9.2,3.3610072010338805,34_1857
O=C(Nc1cccc(-c2cccc(-c3ccccc3F)c2)c1)c1cccc(-c2cccc(-c3cccc4ccccc34)c2)c1,-8.933333333333332,2.9319615900351637,34_1858
O=C(c1cccc(Cc2n[nH]c(=O)c3c2CCCC3)c1)N1CCN(c2ccccc2)CC1,-8.1,3.675770609037284,34_1859
Cn1c(-c2cccc(-c3cccc(N4CCCC(C(=O)N5CCCC5)C4)c3)c2)nc2ccccc21,-8.6,3.4600435242977525,34_1860
O=C(c1cccc(-c2cccc(-c3nc4ccccc4[nH]3)c2)c1)N1CCN(c2ccccc2)CC1,-9.1,3.469314490794095,34_1861
Cn1c(-c2cccc(-c3cccc(NC(=O)c4ccccc4-c4ccccc4)c3)c2)nc2ccccc21,-9.2,3.2597702572502234,34_1862
O=C(c1cccc(-c2cccc(-c3nc4cc(F)ccc4[nH]3)c2)c1)N1CCNCC1,-8.5375,3.6450984636569372,34_1863
O=C(Nc1cccc(-c2cccc(-c3nccs3)c2)c1)c1cccc(-c2cccc(-c3nccs3)c2)c1,-7.4,3.390982974025652,34_1864
O=C(NCc1ccccc1)Nc1cc(-c2cccc(-c3cccc(-c4ccc5c(c4)OCO5)c3)c2)cc2ncccc12,-10.2,3.2566923144564512,34_1865
O=C(Nc1cccc(-c2cccc(-c3cccc(C(F)(F)F)c3)c2)c1)c1cccc2ccccc12,-8.5,3.1204900650070133,34_1866
O=C(Nc1cccc(-c2cccc(-c3ncc[nH]3)c2)c1)c1ccc(F)cc1Cl,-8.2,3.5940963657227707,34_1867
O=C(c1cccc(-c2cccc(-c3cccc(-c4nc5ccccc5[nH]4)c3)c2)c1)N1CCNCC1,-9.325,3.440998249723921,34_1868
O=CCC(=O)c1cccc(-c2cccc(-c3cccc(-c4cccc(F)c4)c3)c2)c1,-8.2,3.1367905958508695,34_1869
O=C(Nc1cccc(-c2cccc(-c3cccc4c(=O)cc(N5CCOCC5)oc34)c2)c1)c1ccccc1,-9.0,3.4700963547632924,34_1870
O=C(F)Nc1nccc(-c2cccc(-c3cccc(-c4nn[nH]n4)c3)c2)c1C(F)F,-8.9,3.5335188216649462,34_1871
Oc1ccc2c(c1)[C@]13CCN(CC4CCC4)[C@H](C2)[C@]1(O)Cc1cc2ccccc2nc1C3,-8.4,3.351770325738375,34_1872
O=C(Nc1cccc(-c2cccc(-c3ccccc3F)c2)c1)c1cccc(-c2cccc(-c3cccc4ccccc34)c2)c1,-8.933333333333332,2.9319615900351637,34_1873
Oc1cccc(-c2cccc(-c3cc(-c4ccc5c(c4)OCO5)cc(-c4ccccc4)n3)c2)c1,-9.8,3.3320352677174068,34_1874
O=C(Nc1ccc2c(c1)OCCO2)c1ccccc1-c1cccc(-c2cccc(-c3cccc(-c4ccccc4F)c3)c2)c1,-9.6,3.134058023091097,34_1875
Oc1ccc2ccncc2c1-c1cccc(-c2cccc(-c3cccc(-c4ccccc4F)c3)c2)c1,-10.0,3.2258231827799575,34_1876
O=C(Nc1cccc(-c2cc3ccccc3[nH]2)c1)c1cccc(-c2cccc(-c3cccc(-c4nn[nH]n4)c3)c2)c1,-9.0,3.260436050518778,34_1877
O=C(Nc1cccc(-c2cccc(-c3ccccc3F)c2)c1)c1cccc(-c2ccc3ccccc3c2)c1,-8.3,3.089476916355295,34_1878
O=C(Nc1cccc(-c2cccc(-c3nc4ccccc4[nH]3)c2)c1)c1ccccc1,-8.337500000000002,3.442730724240592,34_1879
N#Cc1ccccc1-c1c(F)cc(-n2nnc3c2C(=O)c2ccccc2C3=O)cc1F,-7.3,3.617695769307071,34_1880
O=C(Nc1ccccc1F)c1cccc(-c2cccc(-c3nc4cc(C(F)(F)F)ccc4[nH]3)c2)c1,-8.2,3.2512717517338245,34_1881
O=C(Nc1cccc(-c2cccc(-c3nc4cc(F)ccc4[nH]3)c2)c1)c1cccc(C(F)(F)F)c1,-8.216666666666667,3.2512717517338245,34_1882
O=C(c1cccc(-c2cccc(-c3cccc(F)c3)c2)c1)N1CCN(C(c2ccccc2)c2cccc(C(F)(F)F)c2)CC1,-9.6,3.048853255958611,34_1883
O=C(Nc1cccc(-c2cccc(-c3ccc4c(c3)-c3noc-4c3F)c2)c1)c1ccccc1,-9.0,3.4579739570836336,34_1884
Cc1cccc(-c2cccc(-c3cccc(C(=O)N4CCOCC4)c3)c2)c1,-8.0,3.5314634933608366,34_1885
O=C(Nc1cccc(-c2cccc(-c3nc4ccccc4[nH]3)c2)c1)c1ccccc1,-8.337500000000002,3.442730724240592,34_1886
O=C(N/N=C/c1cccc(-c2cccc(-c3cccc(-c4ccccc4F)c3)c2)c1)c1ccccc1,-8.4,3.2072269470449117,34_1887
O=C(c1cccc(-c2cccc(-c3cccc(C(=O)N4CCOCC4)c3)c2)c1)N1CCNCC1,-9.043750000000001,3.649506152725788,34_1888
Nc1cccc(-c2cccc(-c3cccc(-c4cccc(F)c4)c3)c2)c1,-8.4,3.313446787221338,34_1889
O=C(Nc1cccc(-c2cccc(-c3nc4ccccc4[nH]3)c2)c1)c1cccc(C(F)(F)F)c1,-8.440000000000001,3.31558797004833,34_1890
COc1cc(-c2noc(-c3ccc(N4CCOCC4)c([N+](=O)[O-])c3)n2)cc(OC)c1OC,-6.5,3.372677341445965,34_1891
O=C(Nc1cccc(-c2cccc(-c3nc4cc(F)ccc4[nH]3)c2F)c1)c1ccccc1,-8.641176470588235,3.443853177840764,34_1892
O=C(c1cccc(-c2cccc(-c3ccccc3OC(F)(F)F)c2)c1)N1CCNCC1,-8.100000000000001,3.7179715826961255,34_1893
O=C(c1cccc(-c2cccc(-c3cccc(-c4nn[nH]n4)c3)c2)c1)N1CCNCC1,-9.0,3.6709921779215158,34_1894
O=C(NCc1nc2ccccc2[nH]1)C(Cc1cccc([N+](=O)[O-])c1)=NC(=O)c1ccccc1Br,-8.1,3.3483829881278,34_1895
O=C(c1cccc(-c2cccc(-c3nc4ccccc4[nH]3)c2)c1)N1CCN(c2ccccc2C(F)(F)F)CC1,-9.433333333333335,3.431311239574125,34_1896
O=C(Nc1nccs1)c1cccc(-c2cccc(-c3cccc4c(=O)cc(-c5ccccc5)oc34)c2)c1,-9.1,3.4439128449256993,34_1897
O=C(Nc1cccc(-c2cccc(-c3cccc(-c4nc5ccccc5[nH]4)c3)c2)c1)Nc1ccc2c(c1)OCO2,-9.9,3.1609096968832517,34_1898
O=C(Nc1cccc(-c2cccc(-c3nc4cc(F)ccc4[nH]3)c2)c1)Nc1cccc(-c2cccc3ccccc23)c1,-9.899999999999999,3.079385165865557,34_1899
O=C(c1ccccc1)N1CCN(c2cccc(-c3cccc(-c4nc5ccccc5[nH]4)c3)c2)CC1,-8.3,3.469314490794095,34_1900
N#Cc1cccnc1-c1cccc(-c2cccc(-c3ccc(NC(=O)c4ccccc4)cc3)c2)c1,-8.0,3.4145575848364174,34_1901
O=C(c1ccc2c(-c3cccc(-c4ccccc4F)c3)cccc2c1)N1CCN2CCCC2C1,-9.4,3.2866190735524334,34_1902
O=C(c1cccc(-c2cccc(-c3cccc(F)c3)c2)c1)N1CCN(c2ccccc2)CC1,-8.566666666666668,3.426094808724147,34_1903
CS(=O)(=O)c1ccc(-n2nc(C(F)(F)F)cc2-c2ccc3c(ccc4ccccc43)c2)cc1,-8.6,3.4210640509893993,34_1904
O=C(c1cccc(-c2cccc(-c3cccc(-c4ccccc4F)c3)c2)c1)N1CCNCC1,-9.325,3.508189933556279,34_1905
O=C(c1cccc(-c2cccc(-c3nc4cc(F)ccc4[nH]3)c2)c1)N1CCNCC1,-8.5375,3.6450984636569372,34_1906
N#Cc1cccnc1-c1cccc(-c2cccc(-c3cccc(NC(=O)c4cccc(Cl)c4)c3)c2)c1,-7.8,3.399238532115615,34_1907
O=C(Nc1cccc(-c2cccc(-c3nc4cc(F)ccc4[nH]3)c2)c1)Nc1cccc(C(F)(F)F)c1,-9.02,3.169812286139635,34_1908
O=C(NC(=O)NC1CC1)Nc1cccc(-c2cccc(-c3cccc(C(F)(F)F)c3)c2)c1,-8.3,3.566182332754212,34_1909
O=C(Oc1ccccc1F)c1cccc(-c2cccc(-c3cccc(-c4nc(=O)c5ccccc5[nH]4)c3)c2)c1,-9.5,3.3130594340609694,34_1910
O=C(Nc1cccc(-c2cccc(-c3cccc(-c4ccccc4F)c3)c2)c1)c1cccc(C(F)(F)F)c1,-8.979999999999999,3.003716495802779,34_1911
Cn1c(-c2cccc(-c3cccc(-c4cccc(C(=O)N5CCCCC5)c4)c3)c2)nc2ccccc21,-9.3,3.3129655955811206,34_1912
O=C(c1cccc(-c2cccc(-c3ccc4c(c3)OCCO4)c2Cl)n1)N1CCNCC1,-8.233333333333333,3.66783820469995,34_1913
O=C1Nc2cc(-c3cccc(-c4cccc(C(F)(F)F)c4)c3)ccc2N=C(N2CCOCC2)c2ccccc21,-9.0,1.5689216955555398,34_1914
CCOCCC(c1cc2ccccc2o1)n1ccnc1,-5.4,3.640448206315602,34_1915
O=C(Nc1cccc2[nH]ncc12)N1CCc2c(-c3ccccc3)cccc21,-9.1,3.5502585628494314,34_1916
O=C(Nc1ccc(Nc2ncnc3[nH]ccc23)cc1)c1cc(-c2cccc(-c3ccc4c(c3)OCO4)c2)ccc1Cl,-7.6,3.1511951042186266,34_1917
O=C(Nc1cccc(-c2cccc(-c3cccc(-c4nn[nH]n4)c3)c2)c1)c1ccccc1,-8.814285714285715,3.5445770780658905,34_1918
O=C(Nc1ccc2oc(-c3ccccc3F)nc2c1)c1cccc(-c2cccc(-c3ccc4c(c3)OCO4)c2)c1,-8.6,3.269100358688153,34_1919
O=C(Nc1cccc(Cc2ccccc2)c1)c1cccc(-c2cccc(-c3nc4ccccc4[nH]3)c2)c1,-8.3,3.1909902617674266,34_1920
O=C(Nc1cccc(-c2cccc(-c3nc4cc(F)ccc4[nH]3)c2)c1)c1ccccc1F,-8.622222222222224,3.443853177840764,34_1921
O=C(Nc1cccc(-c2cccc(-c3cccc(C(=O)N4CCOCC4)c3)c2)c1)c1cccc(-c2ccc3c(c2)OCCO3)c1,-8.6,3.230237687398298,34_1922
COC=CC=CCNc1cc(-c2cccc(-c3cccc(-c4cccc(C(=O)N5CCOCC5)c4)c3)c2)ccn1,-8.4,3.34125549828431,34_1923
CC1(C)C(=O)Nc2ccc(-c3cccc(C(=O)c4cccc(OCc5ccccc5)c4)c3)cc21,-8.3,3.469708795673102,34_1924
O=C(c1cccc(-c2cccc(-c3csc(-c4ccccc4)n3)c2)c1)N1CCNCC1,-9.1,3.649349991691783,34_1925
O=C(c1cccc(-c2cccc(-c3cccc(-c4cccc(-n5cnc6ccc(-c7cccc(F)c7)cc6c5=O)c4)c3)c2)c1)N1CCOCC1,-9.6,3.1182936823732397,34_1926
O=C(Nc1ccccc1N1CCOCC1)c1cccc(-c2cccc(-c3cccc(-c4ccccc4F)c3)c2)c1,-9.2,3.3124561124705716,34_1927
O=CCN=CNc1cc(-c2ccco2)ccccnc(Nc2ccc3ccccc3c2)n1,-8.3,1.2763038658192327,34_1928
O=C(Nc1cccc(-c2ccc3c(c2)OCCO3)c1)c1cccc(-c2cccc(-c3cccc(-c4cccc(F)c4)c3)c2)c1,-9.5,3.134058023091097,34_1929
O=c1c2ccccc2nc(-c2cccc(-c3cccc(Cl)c3)c2)n1-c1cccc(-c2cccc(-c3nn[nH]n3)c2)c1,-9.7,3.4045790187419276,34_1930
O=C(Nc1cccc(-c2cccc(-c3nc4cc(F)ccc4[nH]3)c2F)c1)c1cccc(C(F)(F)F)c1,-8.649999999999999,3.249901202177252,34_1931
O=C(c1cccc(-c2cccc(-c3ccc4ccc(=O)oc4c3)c2)c1)N1CCOCC1,-9.3,3.5628884175472386,34_1932
O=C(Nc1ccc2c(c1)OCCO2)c1cccc(-c2cccc(-c3cccc(-c4cccc(C(F)(F)F)c4)c3)c2)c1,-9.5,3.2587663402758915,34_1933
O=c1c2ccccc2nc(-c2ccccc2)n1-c1nnc(-c2cccc(Cl)c2)o1,-8.0,3.5752553371553377,34_1934
Cc1ccc(Cl)cc1N=C(NCC(=O)ONc1cccc(-c2cccc(-c3nc4ccccc4n3C)c2)c1)c1ccc2ccccc2c1,-8.8,2.9319007547075033,34_1935
OC[C@H]1O[C@@H](c2cccc(-c3cccc(-c4cccc(F)c4)c3)c2)[C@H](O)[C@@H](O)[C@@H]1O,-8.2,3.5698612428253567,34_1936
O=C(Nc1ccccc1C(=O)N1CCOCC1)c1cccc(-c2cccc(-c3ccc4c(c3)OCO4)c2)c1,-8.533333333333333,3.5165313751660845,34_1937
O=C(Nc1cccc(-c2cccc(-c3cccc(-c4nc5ccccc5[nH]4)c3)c2)c1)c1ccccc1,-9.190000000000001,3.3039417341933515,34_1938
O=C(c1cccc(-c2cccc(-c3cccc(-c4ccccc4F)c3)c2)c1)N1CCNCC1,-9.325,3.508189933556279,34_1939
COc1cc(COc2cccc(-c3ccccc3Cl)c2)cc(OC)c1OC,-6.4,3.6358373997009332,34_1940
N#Cc1cccnc1-c1cccc(-c2cccc(-c3cccc(N4CN(/C=C\C(=O)Oc5ccccc5)c5ccccc54)c3)c2)c1,-8.4,2.8723609772762675,34_1941
O=C(c1cccc(-c2cccc(-c3nc4ccccc4[nH]3)c2)c1)N1CCN(c2cccc(Cl)c2)CC1,-8.8625,3.440092756302386,34_1942
O=C(c1cccc(N2C(=O)c3ccccc3C2=O)c1F)N1CCN(c2cccc(Cl)c2)CC1,-7.6,3.571469605561921,34_1943
O=C(N[C@H]1CCN(c2cccc(-c3ccc4c(c3)OCCO4)c2F)C1)c1cccc(C(F)(F)F)c1,-7.9,3.564860536861227,34_1944
Nc1nc(N)c2cc(-c3cccc(-c4cccc(-c5ccccc5F)c4)c3)ccc2n1,-8.9,3.501323278090165,34_1945
O=C(c1cccc(-c2cccc(-c3cccc(-c4nn[nH]n4)c3)c2)c1)N1CCNCC1,-9.0,3.6709921779215158,34_1946
O=C(Nc1cccc(-c2cccc(-c3nccs3)c2)c1)C1CC[C@@H]2CN1C(=O)N2OS(=O)(=O)O,-7.9,3.419493558488668,34_1947
O=C(Nc1cccc(-c2cccc(CO)c2)c1)Nc1cccc(-c2cnc3cccc(-c4cccc(F)c4F)c3c2)c1,-8.5,3.084039310763166,34_1948
O=C(c1cccc(-c2cccc(C(=O)N3CCN(C(=O)c4ccccc4)CC3)c2)c1)N1CCOCC1,-8.7,3.6089419930993745,34_1949
O=c1c2cc(Br)ccc2nc2c3ccccc3ccn12,-7.0,3.392924555057373,34_1950
N#Cc1cccnc1-c1cccc(-c2cccc(-c3cccc(C(=O)N4CCNCC4)c3)c2)c1,-8.89090909090909,3.6433678319260787,34_1951
O=C(Nc1cccc(-c2cccc(-c3cccc(F)c3)c2)c1)c1cccc(C(F)(F)F)c1,-8.34,3.2672233782541786,34_1952
Fc1cc(F)cc(-c2cccc(-c3cccc(-c4ccc5c(cnc6ccccc65)c4)c3)c2)c1,-9.1,3.025060734468223,34_1953
Cc1nc2cc(-n3ncc(C(=O)c4cc5ccc(-c6ccccc6)cc5[nH]4)c3N)ccc2[nH]1,-8.7,3.3198427688648877,34_1954
O=C(Nc1cccc(-c2cccc(-c3nc4cc(F)ccc4[nH]3)c2)c1)Nc1cccc(-c2cccc(F)c2F)c1,-9.683333333333334,3.1875244530828533,34_1955
COc1ccc2c(c1)c(C(=O)O)c(C)n2-c1cccc(-c2cccc(-c3cccc(-c4nc(C)cs4)c3)c2)c1,-8.5,3.3361843295708464,34_1956
CS1=C(c2cccc(-c3cccc(-c4ccccc4F)c3)c2)C=CC1=CC(C=O)C(=O)NC=O,-9.0,3.469813430695895,34_1957
O=C(Nc1cccc(-c2cccc(-c3cccc(-c4nc5ccccc5[nH]4)c3)c2)c1)c1ccccc1,-9.190000000000001,3.3039417341933515,34_1958
O=C(Nc1ccccc1-c1nc2ccccc2[nH]1)c1cccc(-c2cccc(-c3ccc4c(c3)OCO4)c2)c1,-8.5,3.270782848042287,34_1959
O=C(c1cccc(-c2cccc(-c3nc4ccccc4[nH]3)c2)c1)N1CCN(Cc2ccc3c(c2)OCO3)CC1,-8.866666666666665,3.383720343722949,34_1960
O=C(Nc1cccc(-c2cccc(-c3nc4cc(F)ccc4[nH]3)c2)c1)c1ccccc1,-8.444827586206896,3.4293586076098226,34_1961
O=C(Nc1ccccc1)c1cccc(-c2cccc(-c3cccc(-c4nc5ccccc5[nH]4)c3)c2)c1,-8.9,3.3039417341933515,34_1962
Oc1cccc(-c2cc(-c3ccc4[nH]ccc4c3)nc(-c3cccc4ccccc34)c2)c1,-10.1,3.3163443180663084,34_1963
N=C1C=CC(c2cccc(-c3cccc(-c4nc5ccccc5[nH]4)c3)c2)C1=O,-8.2,3.581172280844066,34_1964
[NH]c1ccccc1N=Cc1cccc(-c2cccc(C(=O)N3CCN(c4cccc(Cl)c4)CC3)c2)c1,-8.2,3.446115705869758,34_1965
Cn1c(-c2cccc(-c3cccc(NC(=O)c4cccc(-c5ccc6ccccc6c5)c4)c3)c2)nc2ccccc21,-8.6,3.125035066357041,34_1966
O=C(Nc1cccc(-c2cccc(-c3cccc(C(F)(F)F)c3)c2)c1)c1cccnc1,-8.7,3.550282593764096,34_1967
CNc1cc(-c2cccc(-c3cccc(-c4cccc(-c5ccccc5F)c4)c3)c2)ccn1,-9.3,3.185803318156263,34_1968
N#CC=CC=CCc1ccc(-c2cccc(-c3cccc(C(=O)N4CCOCC4)c3)c2)o1,-8.1,3.556259293354808,34_1969
O=C(Nc1cccc(-c2cccc(-c3ccc4c(c3)OCO4)c2)c1)Nc1cccc(-c2ncc[nH]2)c1,-10.0,3.292665089107051,34_1970
O=C(c1cccc(-c2cccc(-c3nc4cc(F)ccc4[nH]3)c2)c1)N1CCN(c2ccccc2F)CC1,-9.5,3.467767080534564,34_1971
O=C(Nc1cccc(-c2cccc(-c3cccc(-c4ccccc4F)c3)c2)c1)c1cccc(C(F)(F)F)c1,-8.979999999999999,3.003716495802779,34_1972
O=CN(C=C(NC(=O)c1ccccc1)c1cccc(Cl)c1)c1cccc(-c2cccc(-c3cccc(-c4ccccc4F)c3)c2)c1,-7.2,3.0198880754132547,34_1973
Cn1c(-c2cccc(-c3cccc(NC(=O)Nc4cccc(-c5ccccc5F)c4)c3)c2)nc2ccccc21,-10.1,3.211589862292562,34_1974
O=C(c1cccc(-c2cccc(-c3nc4ccccc4[nH]3)c2)c1)N1CCN(c2cccc(C(F)(F)F)c2)CC1,-8.8,3.431311239574125,34_1975
Cc1cccc(NC(=O)Cn2c(-c3ccccc3)cc(-c3ccc4c(c3)OCO4)c2C(O)=NO)c1,-8.3,3.225814978593921,34_1976
O=C(c1cccc(-c2cccc(-c3nc4ccccc4[nH]3)c2)c1)N1CCN(C(=O)c2ccco2)CC1,-8.5,3.5502103002392453,34_1977
O=C(Nc1ccc2c(c1)Cc1ccccc1-2)c1cccc(-c2cccc(-c3nc4ccccc4[nH]3)c2)c1,-8.7,3.192711585698961,34_1978
N#Cc1cccnc1-c1cccc(-c2cccc(-c3cccc(C(=O)N4CCCC4)c3)c2)c1,-8.7,3.5385526410564427,34_1979
O=C(Nc1cccc(-c2cccc(C(=O)N3CCOCC3)c2)c1)c1cccc(-c2cccc(-c3nn[nH]n3)c2)c1,-8.2,3.418830654210062,34_1980
COC(=O)c1cccc(NC(=O)c2cccc(-c3cccc(-c4cccc(F)c4)c3)c2)c1,-7.5,3.47654438521189,34_1981
O=C1c2ccccc2C(=O)N1CCOC(=S)N(C(=O)c1ccccc1)c1ccc(-c2ccccc2)cc1,-6.0,3.4354147140187834,34_1982
Cn1c(-c2cccc(-c3cccc(NC(=O)Nc4cccc(-c5cccc6[nH]ccc56)c4)c3)c2)nc2ccccc21,-9.5,3.088900029637987,34_1983
Cc1ccc(-c2cccc(-c3cccc(-c4cccc(F)c4)c3)c2)cc1C(=O)NCCN1CCOCC1,-8.0,3.5097925638953833,34_1984
O=C(c1cccc(-c2ccc(C(=O)N3CCN(c4ccccc4)CC3)cc2)c1)N1CCOCC1,-7.5,3.5953511473089197,34_1985
O=C(Nc1cccc(-c2cccc(-c3nc4cc(F)ccc4[nH]3)c2F)c1)c1ccccc1,-8.641176470588235,3.443853177840764,34_1986
CC(=O)Nc1cccc(-c2cccc(-c3cccc4c(=O)cc(N5CCOCC5)oc34)c2)c1,-8.3,3.6648564520389897,34_1987
N#Cc1cccnc1-c1cccc(N(N=CC(=O)Nc2cccc(C(F)(F)F)c2)c2ccccc2)c1,-8.1,3.4168696547577158,34_1988
O=c1[nH]c(O)c(-c2cccc(-c3ccc4c(c3)OCCO4)c2F)n1-c1cccc(-c2cccc(-c3cccc(-c4nn[nH]n4)c3)c2)c1,-9.9,3.1075995902516054,34_1989
O=C(Nc1cccc(-c2cccc(-c3nc4ccccc4[nH]3)c2)c1)c1cccc(-c2cccc(-c3cccc(-c4ccccc4F)c3)c2)c1,-9.1,2.973660805077668,34_1990
Cn1c(-c2cccc(-c3cccc(NC(=O)c4cccc(C(F)(F)F)c4)c3)c2)nc2ccccc21,-8.4125,3.449135448355882,34_1991
O=CC(Cc1ccccc1)NC(=O)c1ccccc1-c1ccccc1C(=O)NC(Cc1ccccc1)C(=O)N1CCc2ccccc21,-7.6,3.14915530186072,34_1992
Oc1ccccc1-c1nnc(-c2cccc(-c3cccc(-c4ncccc4CF)c3)c2)o1,-8.5,3.4424795128406984,34_1993
O=S(=O)(Nc1cccc(-c2cc3cc(F)ccc3[nH]2)c1)c1ccccc1,-7.8,3.624445857230869,34_1994
O=C(Nc1cccc(-c2cccc(-c3nc4cc(F)ccc4[nH]3)c2)c1)c1ccccc1,-8.444827586206896,3.4293586076098226,34_1995
O=C(Nc1cccc(-c2cccc(-c3cccc(C(F)(F)F)c3)c2)c1)c1cccc(C(F)(F)F)c1,-8.4,3.2876235695289995,34_1996
N#Cc1cccnc1-c1cccc(-c2cccc(-c3cccc(NC(=O)c4ccccc4)c3)c2)c1,-8.654545454545454,3.4145575848364174,34_1997
O=c1c(C=CCCc2cccc(-c3cccc(-c4cccc(F)c4)c3)c2)c1N1CCNCC1,-7.9,3.543971332797741,34_1998
CN(C)C(=O)c1cccc(-c2cccc(-c3cccc(-c4cccc(N)c4)c3)c2)c1,-9.0,3.451789839630081,34_1999
