smiles,docking,drug_likeliness,names
O=C(c1cccc(-c2cccc(-c3cccc(-c4nn[nH]n4)c3)c2)c1)N1CCNCC1,-8.931818181818182,3.6709921779215158,41_0
C=C(C=CC=CC(=C)c1cccc(-c2nc3ccccc3[nH]2)c1)C=CC=CC(=O)N1CCNCC1,-7.168749999999999,3.469586304146949,41_1
C=C(C=CC=CC(=C)c1cccc(-c2nc3ccccc3[nH]2)c1)C=CC=CC(=O)N1CCNCC1,-7.168749999999999,3.469586304146949,41_2
O=C(Nc1cccc(-c2cccc(-c3cccc(-c4ccccc4F)c3)c2)c1)Nc1cccc(-c2cccc(F)c2F)c1,-9.537499999999998,2.9869508389213753,41_3
O=C(Nc1cccc(-c2cccc(-c3nc4cc(F)ccc4[nH]3)c2)c1)Nc1cccc(-c2cccc(F)c2F)c1,-9.655223880597013,3.1875244530828533,41_4
O=C(Nc1cccc(-c2cccc(-c3cccc(F)c3)c2)c1)c1cccc(-c2cccc(-c3cccc4ccccc34)c2)c1,-9.4,2.9319615900351637,41_5
O=C(Nc1cccc(-c2cccc(-c3nc4cc(F)ccc4[nH]3)c2)c1)Nc1cccc(-c2cccc(F)c2F)c1,-9.655223880597013,3.1875244530828533,41_6
O=C(Nc1cccc(-c2cccc(F)c2F)c1)Nc1cccc(-c2cccc(-c3nc4cc(F)ccc4[nH]3)c2F)c1,-10.003921568627451,3.128615257744718,41_7
O=C(Nc1cccc(-c2cccc(-c3cccc(F)c3)c2)c1)Nc1cccc(-c2cccc(F)c2F)c1,-9.72,3.1787533639972665,41_8
O=C(c1cccc(-c2cccc(-c3cccc(-c4ccccc4F)c3)c2)c1)N1CCNCC1,-9.361111111111112,3.508189933556279,41_9
O=C(c1cccc(-c2cccc(-c3cccc(-c4nc5cc(F)ccc5[nH]4)c3)c2)c1)N1CCNCC1,-9.2,3.445865126429535,41_10
O=C(Nc1cccc(-c2cccc(-c3nc4cc(F)ccc4[nH]3)c2)c1)Nc1cccc(-c2cccc(F)c2F)c1,-9.655223880597013,3.1875244530828533,41_11
Cn1c(-c2cccc(-c3cccc(NC(=O)Nc4cccc(-c5cccc(F)c5F)c4)c3)c2)nc2ccccc21,-9.914457831325302,3.216920496534968,41_12
O=C(Nc1cccc(-c2cccc(-c3nc4ccccc4[nH]3)c2)c1)Nc1cccc(-c2cccc(F)c2F)c1,-9.932142857142859,3.218592063451191,41_13
O=C(Nc1cccc(-c2cccc(-c3nc4cc(F)ccc4[nH]3)c2)c1)Nc1cccc(-c2cccc(F)c2F)c1,-9.655223880597013,3.1875244530828533,41_14
O=C(c1cccc(-c2cccc(-c3cccc(-c4nn[nH]n4)c3)c2)c1)N1CCNCC1,-8.931818181818182,3.6709921779215158,41_15
O=C(Nc1cccc(-c2cccc(F)c2F)c1)Nc1cccc(-c2cccc(-c3nc4cc(F)ccc4[nH]3)c2F)c1,-10.003921568627451,3.128615257744718,41_16
O=C(Nc1cccc(-c2cccc(-c3nc4ccccc4[nH]3)c2)c1)Nc1cccc(-c2cccc(F)c2F)c1,-9.932142857142859,3.218592063451191,41_17
O=C(Nc1cccc(-c2cccc(-c3cccc(-c4ccccc4F)c3)c2)c1)c1ccccc1,-9.212307692307691,3.188129789925851,41_18
O=C(Nc1cccc(-c2cccc(-c3nc4cc(F)ccc4[nH]3)c2)c1)Nc1cccc(-c2cccc(F)c2F)c1,-9.655223880597013,3.1875244530828533,41_19
O=C(Nc1cccc(-c2cccc(-c3cccc(-c4ccccc4F)c3)c2)c1)Nc1cccc(-c2cccc(F)c2F)c1,-9.537499999999998,2.9869508389213753,41_20
Cn1c(-c2cccc(-c3cccc(-c4cccc(C(=O)N5CCNCC5)c4)c3)c2)nc2ccccc21,-9.312000000000001,3.480167691596529,41_21
O=C(Nc1cccc(-c2cccc(-c3cccc(-c4ccccc4F)c3)c2)c1)c1ccccc1,-9.212307692307691,3.188129789925851,41_22
Cn1c(-c2cccc(-c3cccc(NC(=O)Nc4cccc(-c5cccc(C(=O)N6CCOCC6)c5)c4)c3)c2)nc2ccccc21,-9.495348837209304,3.2756851861708367,41_23
O=C1c2ccccc2C(=O)N1Cc1cccc(-c2cccc(-c3cccc(-c4cccc(-c5ccccc5F)c4)c3)c2)c1,-9.1,2.8989310047858967,41_24
O=C(Nc1cccc(-c2cccc(-c3nc4ccccc4[nH]3)c2)c1)Nc1cccc(-c2cccc(F)c2F)c1,-9.932142857142859,3.218592063451191,41_25
O=C(c1cccc(-c2cccc(-c3ccccc3)c2)c1)N1CCN(c2cccc(C(F)(F)F)c2)CC1,-8.9,3.3756579276423677,41_26
O=C(Nc1cccc(-c2cccc(F)c2)c1)c1cccc(-c2cccc(-c3cccc(-c4ccccc4F)c3)c2)c1,-8.5,3.0300865589362544,41_27
O=C(Nc1cccc(-c2cccc(-c3cccc(-c4ccccc4F)c3)c2)c1)c1ccccc1,-9.212307692307691,3.188129789925851,41_28
O=C(Nc1cccc(-c2cccc(-c3cccc(C(F)(F)F)c3)c2)c1)Nc1cccc(-c2cccc(F)c2F)c1,-9.398837209302327,2.963519940967514,41_29
Cn1c(-c2cccc(-c3cccc(NC(=O)Nc4cccc(-c5cccc(F)c5F)c4)c3)c2)nc2ccccc21,-9.914457831325302,3.216920496534968,41_30
O=C(c1cccc(-c2cccc(-c3ccc4c(c3)OCO4)c2)c1)N1CC2=NC(C1)C1CC=CN=C21,-8.8,3.359985749339234,41_31
Cn1c(-c2cccc(-c3cccc(NC(=O)Nc4cccc(-c5cccc(F)c5F)c4)c3)c2)nc2ccccc21,-9.914457831325302,3.216920496534968,41_32
O=C(Nc1cccc(-c2cccc(-c3cccc(C(F)(F)F)c3)c2)c1)Nc1cccc(-c2cccc(F)c2F)c1,-9.398837209302327,2.963519940967514,41_33
O=C(Nc1ccc2c(c1)OCO2)c1cc(-c2ccc3c(c2)OCO3)nc2ccccc12,-8.4,3.573497262428381,41_34
C=C(C=CC=CC(=C)c1cccc(-c2nc3ccccc3[nH]2)c1)C=CC=CC(=O)N1CCNCC1,-7.168749999999999,3.469586304146949,41_35
O=C(NCc1ccco1)c1cccc(-c2cccc(-c3cccc(-c4cccc(-c5nn[nH]n5)c4)c3)c2)c1,-9.7,3.310166429851478,41_36
O=C(c1cccc(-c2cccc(-c3cccc(C(=O)N4CCOCC4)c3)c2)c1)N1CCNCC1,-8.824324324324325,3.649506152725788,41_37
O=C(c1cccc(-c2cccc(-c3cccc(-c4ccccc4F)c3)c2)c1)N1CCNCC1,-9.361111111111112,3.508189933556279,41_38
O=C(Nc1cccc(-c2cccc(-c3cccc(C(=O)N4CCOCC4)c3)c2)c1)c1ccccc1,-8.963636363636365,3.5759240999335113,41_39
O=C(Nc1cccc(-c2cccc(-c3cccc(F)c3)c2)c1)Nc1cccc(-c2cccc(F)c2F)c1,-9.72,3.1787533639972665,41_40
O=c1[nH]nc2c3c(cccc13)-c1ccccc1-2,-6.9,3.465158970307434,41_41
O=C(Nc1cccc(-c2cccc(-c3nc4cc(F)ccc4[nH]3)c2)c1)Nc1cccc(-c2cccc(F)c2F)c1,-9.655223880597013,3.1875244530828533,41_42
O=C(Nc1cccc(-c2cccc(-c3cccc(-c4nn[nH]n4)c3)c2)c1)Nc1cccc(-c2cccc(F)c2F)c1,-9.7375,3.286971097546113,41_43
O=C(Nc1cccc(-c2cccc(-c3cccc(-c4cccc(F)c4)c3)c2)c1)Nc1cccc(-c2cccc(F)c2F)c1,-9.478125,2.9869508389213753,41_44
O=C(Nc1cccc(-c2cccc(-c3nc4cc(F)ccc4[nH]3)c2)c1)Nc1cccc(-c2cccc(F)c2F)c1,-9.655223880597013,3.1875244530828533,41_45
O=C(c1cccc(-c2cccc(-c3cccc(-c4nn[nH]n4)c3)c2)c1)N1CCNCC1,-8.931818181818182,3.6709921779215158,41_46
Cn1c(-c2cccc(-c3cccc(NC(=O)Nc4cccc(-c5cccc(-c6ncccc6C#N)c5)c4)c3)c2)nc2ccccc21,-9.0,3.0906607506690618,41_47
O=C(c1cccc(-c2cccc(-c3nc4cc(F)ccc4[nH]3)c2)c1)N1CCNCC1,-8.565000000000001,3.6450984636569372,41_48
O=C(Nc1cccc(-c2cccc(-c3nc4cc(F)ccc4[nH]3)c2)c1)Nc1cccc(-c2cccc(F)c2F)c1,-9.655223880597013,3.1875244530828533,41_49
O=C(Nc1nc2ccccc2nc1Nc1cccc(-c2cccc(-c3nn[nH]n3)c2)c1)c1ccccc1,-9.4,3.367815447321326,41_50
O=C(c1cccc(-c2cccc(-c3cccc(-c4ccccc4F)c3)c2)c1)N1CCNCC1,-9.361111111111112,3.508189933556279,41_51
O=C(c1cccc(-c2cccc(-c3nc4ccccc4[nH]3)c2)c1)N1CCN(c2ccccc2F)CC1,-8.925,3.4648144352837686,41_52
O=C(Nc1cccc(-c2cccc(-c3nc4cc(F)ccc4[nH]3)c2)c1)Nc1cccc(-c2cccc(F)c2F)c1,-9.655223880597013,3.1875244530828533,41_53
O=C(c1cccc(-c2cccc(-c3ccc4c(c3)OCO4)c2)c1)N1CCN(c2cccc(C(F)(F)F)c2)CC1,-8.885714285714286,3.4068437186879326,41_54
O=c1c2sc3ccccc3c2n(-c2ccc(F)cc2F)c(=O)n1-c1cccc(-c2ccc3c(c2)OCCO3)c1,-8.7,3.3728667747061714,41_55
O=C(Nc1cccc(-c2cccc(-c3cccc(-c4ccccc4F)c3)c2)c1)c1ccccc1,-9.212307692307691,3.188129789925851,41_56
Cn1c(-c2cccc(-c3cccc(NC(=O)Nc4cccc(-c5cccc(F)c5F)c4)c3)c2)nc2ccccc21,-9.914457831325302,3.216920496534968,41_57
O=C(c1cccc(-c2cccc(-c3cccc(-c4ccccc4F)c3)c2)c1)N1CCNCC1,-9.361111111111112,3.508189933556279,41_58
O=C(Nc1cccc(-c2cccc(-c3cccc(-c4cccc(F)c4)c3)c2)c1)Nc1cccc(-c2cccc(F)c2F)c1,-9.478125,2.9869508389213753,41_59
Cn1c(-c2cccc(-c3cccc(NC(=O)Nc4cccc(-c5cccc(F)c5F)c4)c3)c2)nc2ccccc21,-9.914457831325302,3.216920496534968,41_60
O=C(Nc1cccc(-c2cccc(-c3cccc(-c4ccccc4F)c3)c2)c1)c1ccccc1,-9.212307692307691,3.188129789925851,41_61
Nc1cc(-c2nc3cc(-c4cccc(-c5cc6ccccc6[nH]5)c4)ccc3[nH]2)cc2c1C(=O)c1ccccc1C2=O,-9.7,3.196628655195285,41_62
Cn1c(-c2cccc(-c3cccc(NC(=O)Nc4cccc(-c5cccc(F)c5F)c4)c3)c2)nc2ccccc21,-9.914457831325302,3.216920496534968,41_63
O=C(Nc1cccc(-c2cccc(C(F)(F)F)c2)c1)c1cc(-c2cccc(-c3cccc4ccccc34)c2)c2ccccc2c1,-8.6,2.864464017474832,41_64
O=C(Nc1cccc(-c2cc3ccccc3o2)c1)c1cccc(-c2cccc(-c3ccc4c(c3)OCO4)c2)c1,-8.6,3.252426331416486,41_65
Cn1c(-c2cccc(-c3cccc(NC(=O)Nc4cccc(-c5cccc(F)c5F)c4)c3)c2)nc2ccccc21,-9.914457831325302,3.216920496534968,41_66
O=C(Nc1cccc(-c2cccc(-c3cccc(-c4cccc(F)c4)c3)c2)c1)Nc1cccc(-c2cccc(F)c2F)c1,-9.478125,2.9869508389213753,41_67
O=C(c1cccc(-c2cccc(-c3cccc(-c4cccc(F)c4)c3)c2)c1)N1CCNCC1,-9.331372549019608,3.508189933556279,41_68
O=C(Nc1cccc(-c2cccc(-c3cccc(C(F)(F)F)c3)c2)c1)Nc1cccc(-c2cccc(F)c2F)c1,-9.398837209302327,2.963519940967514,41_69
O=C(Nc1cccc(-c2cccc(-c3nc4ccccc4[nH]3)c2)c1)Nc1cccc(-c2cccc(F)c2F)c1,-9.932142857142859,3.218592063451191,41_70
O=C(Nc1cccc(-c2cccc(-c3cccc(-c4cccc(F)c4)c3)c2)c1)c1ccccc1,-9.193103448275863,3.188129789925851,41_71
Cn1c(-c2cccc(-c3cccc(NC(=O)Nc4cccc(-c5cccc(C(=O)N6CCOCC6)c5)c4)c3)c2)nc2ccccc21,-9.495348837209304,3.2756851861708367,41_72
O=C(Nc1cccc(-c2cccc(-c3nc4ccccc4[nH]3)c2)c1)Nc1cccc(-c2cccc(F)c2F)c1,-9.932142857142859,3.218592063451191,41_73
COc1cccc(-c2nc3ccccc3c(=O)n2-c2cn(-c3ccccc3)nc2N2CCOCC2)c1,-8.2,3.4584124289623994,41_74
Cn1c(-c2cccc(-c3cccc(NC(=O)Nc4cccc(-c5cccc(C(=O)N6CCOCC6)c5)c4)c3)c2)nc2ccccc21,-9.495348837209304,3.2756851861708367,41_75
C=C(C=CC=CC(=C)c1cccc(-c2nc3ccccc3[nH]2)c1)C=CC=CC(=O)N1CCNCC1,-7.168749999999999,3.469586304146949,41_76
O=C(C=Cc1ccccc1)c1cccc(-c2cccc(-c3cccc(-c4cccc(-c5nn[nH]n5)c4)c3)c2)c1,-8.6,3.2735559668482246,41_77
O=C(Nc1cccc(-c2cccc(-c3nc4ccccc4[nH]3)c2)c1)Nc1cccc(-c2cccc(F)c2F)c1,-9.932142857142859,3.218592063451191,41_78
N#Cc1cccnc1-c1cccc(C2=CC(=CC3=CC(=CC4=CC(C=NC(=O)Nc5ccccc5F)=CC4)C=C3)C=C2)c1,-8.6,3.0562338462002154,41_79
O=c1[nH]c(=O)n(Cc2cccc(-c3cc4ccccc4[nH]3)c2)cc1-c1cccc(-c2cccc(-c3cccc(-c4nn[nH]n4)c3)c2)c1,-10.6,3.054921362874503,41_80
O=C(c1cccc(-c2cccc(-c3ccc4c(c3)OCO4)c2)c1)N1CCN(c2cccc(C(F)(F)F)c2)CC1,-8.885714285714286,3.4068437186879326,41_81
O=C(Nc1cccc(-c2cccc(-c3nc4ccccc4[nH]3)c2)c1)Nc1cccc(-c2cccc(F)c2F)c1,-9.932142857142859,3.218592063451191,41_82
Cn1c(-c2cccc(-c3cccc(NC(=O)Nc4cccc(-c5cccc(F)c5F)c4)c3)c2)nc2ccccc21,-9.914457831325302,3.216920496534968,41_83
O=C(Nc1cccc(-c2cccc(-c3cccc(C(F)(F)F)c3)c2)c1)Nc1cccc(-c2cccc(F)c2F)c1,-9.398837209302327,2.963519940967514,41_84
O=C(c1cccc(-c2cccc(-c3ccc4c(c3)OCCO4)c2F)c1)N1CCNCC1,-8.669565217391305,3.6553838184373157,41_85
O=C(Nc1cccc(-c2cccc(F)c2F)c1)Nc1cccc(-c2cccc(-c3nc4cc(F)ccc4[nH]3)c2F)c1,-10.003921568627451,3.128615257744718,41_86
O=C(Nc1cccc(-c2cccc(-c3cccc(-c4nc5cc(F)ccc5[nH]4)c3)c2)c1)c1ccccc1,-9.4,3.297956728102947,41_87
O=C(c1cccc(-c2cccc(-c3ccc4c(c3)OCO4)c2)c1)N1CCN(c2cccc(C(F)(F)F)c2)CC1,-8.885714285714286,3.4068437186879326,41_88
O=C(Nc1cccc(-c2cccc(-c3nc4cc(F)ccc4[nH]3)c2)c1)Nc1cccc(-c2cccc(F)c2F)c1,-9.655223880597013,3.1875244530828533,41_89
C=C(C=CC=CC(=C)c1cccc(-c2nc3ccccc3[nH]2)c1)C=CC=CC(=O)N1CCNCC1,-7.168749999999999,3.469586304146949,41_90
O=C(Nc1cccc(-c2cccc(-c3nn[nH]n3)c2)c1)Nc1cccc(-c2cccc(-c3nc4cc(F)ccc4[nH]3)c2)c1,-9.5,3.1566630882851383,41_91
O=C(c1cccc(-c2cccc(-c3cccc4ccccc34)c2)c1)N1CCN(c2ccccc2)CC1,-9.7,3.206064535475286,41_92
O=C(Nc1cccc(-c2cccc(-c3cccc(-c4ccccc4F)c3)c2)c1)Nc1cccc(-c2cccc(F)c2F)c1,-9.537499999999998,2.9869508389213753,41_93
O=C(Nc1cccc(-c2cccc(-c3nc4cc(F)ccc4[nH]3)c2)c1)Nc1cccc(-c2cccc(F)c2F)c1,-9.655223880597013,3.1875244530828533,41_94
O=C(c1cccc(-c2cccc(-c3cccc4ccccc34)c2)c1)N1CCN(C(=O)c2cccc(Cl)c2Cl)CC1,-9.5,3.187182511071577,41_95
O=C(Nc1cccc(-c2cccc(-c3cccc(-c4cccc(F)c4)c3)c2)c1)Nc1cccc(-c2cccc(F)c2F)c1,-9.478125,2.9869508389213753,41_96
O=C(c1cccc(-c2cccc(-c3cccc(-c4ccccc4F)c3)c2)c1)N1CCNCC1,-9.361111111111112,3.508189933556279,41_97
O=C(Nc1cccc(-c2cccc(-c3nc4ccccc4[nH]3)c2)c1)Nc1cccc(-c2cccc(F)c2F)c1,-9.932142857142859,3.218592063451191,41_98
Cn1c(-c2cccc(-c3cccc(-c4cccc(C(=O)N5CCNCC5)c4)c3)c2)nc2ccccc21,-9.312000000000001,3.480167691596529,41_99
Nc1cc(-c2cccc(-c3cccc(F)c3)c2)cc(-c2cccc(-c3cc4ccccc4[nH]3)c2)c1,-9.6,3.114817195945424,41_100
Cn1c(-c2cccc(-c3cccc(NC(=O)Nc4cccc(-c5cccc(F)c5F)c4)c3)c2)nc2ccccc21,-9.914457831325302,3.216920496534968,41_101
Cn1c(-c2cccc(-c3cccc(NC(=O)Nc4cccc(-c5cccc(C(=O)N6CCOCC6)c5)c4)c3)c2)nc2ccccc21,-9.495348837209304,3.2756851861708367,41_102
O=C(Nc1cccc(-c2cccc(C(F)(F)F)c2)c1)Nc1cccc(-c2cccc(F)c2F)c1,-9.9,3.208292682180618,41_103
O=C(c1cccc(-c2cccc(-c3cccc(F)c3)c2)c1)N1CCN(c2ccccn2)CC1,-8.6,3.5453827887396976,41_104
O=C(Nc1cccc(-c2cccc(F)c2F)c1)Nc1cccc(-c2cccc(-c3nc4cc(F)ccc4[nH]3)c2F)c1,-10.003921568627451,3.128615257744718,41_105
O=C(Nc1cccc(-c2cccc(-c3cccc(-c4cccc(F)c4)c3)c2)c1)c1ccccc1,-9.193103448275863,3.188129789925851,41_106
O=C(c1cccc(-c2cccc(-c3cccc(C(=O)N4CCOCC4)c3)c2)c1)N1CCNCC1,-8.824324324324325,3.649506152725788,41_107
CC(=O)Nc1cccc(-c2cccc(-c3cccc(-c4cccc(C(=O)N5CCOCC5)c4)c3)c2)c1,-9.1,3.553926810511107,41_108
O=C(O)c1ccc2c(c1)nc(-c1cccc3ccccc13)n2-c1cccc(-c2cccc(-c3ccccc3F)c2)c1,-9.1,3.269351405954867,41_109
O=C(c1cccc(-c2cccc(-c3cccc(-c4ccccc4F)c3)c2)c1)N1CCNCC1,-9.361111111111112,3.508189933556279,41_110
O=C(Nc1cccc(-c2cccc(-c3nc4cc(F)ccc4[nH]3)c2)c1)Nc1cccc(-c2cccc(F)c2F)c1,-9.655223880597013,3.1875244530828533,41_111
O=C(Nc1cccc(-c2cccc(-c3nc4cc(F)ccc4[nH]3)c2)c1)Nc1cccc(-c2cccc(F)c2F)c1,-9.655223880597013,3.1875244530828533,41_112
O=C(Nc1cccc(-c2ccc3c(c2)OCCO3)c1)c1cccc(-c2cccc(-c3cccc(-c4ccccc4F)c3)c2)c1,-9.299999999999999,3.134058023091097,41_113
O=Cc1cccnc1-c1cccc(-c2cccc(NC(=O)Nc3cccc(-c4cccc(F)c4F)c3)c2)c1,-9.8,3.3200949029739006,41_114
O=C(Nc1cccc(-c2cccc(-c3nc4cc(F)ccc4[nH]3)c2)c1)Nc1cccc(-c2cccc(F)c2F)c1,-9.655223880597013,3.1875244530828533,41_115
O=C(c1cccc(-c2cccc(C(=O)N3CCN(c4cccc(Cl)c4)CC3)c2)c1)N1CCOCC1,-8.428571428571427,3.5860753069993834,41_116
O=C(Nc1cccc(-c2cccc(-c3nc4cc(F)ccc4[nH]3)c2)c1)Nc1cccc(-c2cccc(F)c2F)c1,-9.655223880597013,3.1875244530828533,41_117
O=C(CNC(=O)c1ccc(-c2cccc3ccccc23)cc1)Nc1ccc2c(c1)c1ccccc1n2Cc1cccc(C(F)(F)F)c1,-7.2,3.143510929531579,41_118
O=C(c1cccc(-c2cccc(F)c2)c1)N1CCN(C(=O)c2cccc(-c3cccc(-c4cccc5ccccc45)c3)c2)CC1,-9.4,3.11487138201202,41_119
N#Cc1cccnc1-c1cccc(C2=CC(=CC3=CC(=CC4=CC(=CC(=O)c5ccccc5)C=C4)C=C3)C=C2)c1,-8.0,3.061170145563511,41_120
Cn1c(-c2cccc(-c3cccc(-c4cccc(C(=O)N5CCNCC5)c4)c3)c2)nc2ccccc21,-9.312000000000001,3.480167691596529,41_121
O=C(c1cccc(-c2cccc(-c3cccc(-c4ccccc4F)c3)c2)c1)N1CCNCC1,-9.361111111111112,3.508189933556279,41_122
O=C(Nc1cccc(-c2cccc(F)c2F)c1)Nc1cccc(-c2cccc(-c3nc4cc(F)ccc4[nH]3)c2F)c1,-10.003921568627451,3.128615257744718,41_123
O=C(Nc1cccc(-c2cccc(-c3cccc(-c4ccccc4F)c3)c2)c1)c1ccccc1Cl,-9.6,3.1580684732281177,41_124
Cn1c(-c2cccc(-c3cccc(NC(=O)Nc4cccc(-c5cccc(F)c5F)c4)c3)c2)nc2ccccc21,-9.914457831325302,3.216920496534968,41_125
N#Cc1cccnc1-c1cccc(-c2cccc(NC(=O)Nc3cccc(-c4cccc(F)c4F)c3)c2)c1,-8.955555555555556,3.3763915698637668,41_126
Cn1c(-c2cccc(-c3cccc(NC(=O)Nc4cccc(-c5cccc(F)c5F)c4)c3)c2)nc2ccccc21,-9.914457831325302,3.216920496534968,41_127
C=C(C=CC=CC(=C)c1cccc(-c2nc3ccccc3[nH]2)c1)C=CC=CC(=O)N1CCNCC1,-7.168749999999999,3.469586304146949,41_128
O=C(Nc1cccc(-c2cccc(-c3nc4cc(F)ccc4[nH]3)c2)c1)Nc1cccc(-c2cccc(F)c2F)c1,-9.655223880597013,3.1875244530828533,41_129
Cn1c(-c2cccc(-c3cccc(NC(=O)Nc4cccc(-c5cccc(C(=O)N6CCOCC6)c5)c4)c3)c2)nc2ccccc21,-9.495348837209304,3.2756851861708367,41_130
O=C(c1cccc(-c2ccc3c(c2)OCO3)c1)c1cccc(-c2cccc(-c3nn[nH]n3)c2)c1F,-8.9,3.401139190414264,41_131
O=C(Nc1nc(-c2ccccc2)cs1)c1cccc(-c2cccc(-c3cccc(-c4cccc(C(F)(F)F)c4)c3)c2)c1,-8.4,3.116327027831698,41_132
O=C(Nc1cccc(-c2cccc(-c3cccc(-c4ccccc4F)c3)c2)c1)Nc1cccc(-c2cccc(F)c2F)c1,-9.537499999999998,2.9869508389213753,41_133
O=C(Nc1cccc(-c2cccc(-c3nc4cc(F)ccc4[nH]3)c2)c1)Nc1cccc(-c2cccc(F)c2F)c1,-9.655223880597013,3.1875244530828533,41_134
O=C(Nc1cccc(-c2cccc(F)c2F)c1)c1ccc(Nc2ccc3[nH]c(-c4cccc(C(F)(F)F)c4)nc3c2)nc1,-7.3,3.0732425254543063,41_135
O=C(c1cccc(-c2cccc(-c3cccc(-c4nn[nH]n4)c3)c2)c1)N1CCNCC1,-8.931818181818182,3.6709921779215158,41_136
O=C(Nc1cccc(-c2cccc(-c3nc4cc(F)ccc4[nH]3)c2)c1)Nc1cccc(-c2cccc(F)c2F)c1,-9.655223880597013,3.1875244530828533,41_137
O=C(Nc1cccc(-c2cccc(-c3nc4cc(F)ccc4[nH]3)c2)c1)Nc1cccc(-c2cccc(F)c2F)c1,-9.655223880597013,3.1875244530828533,41_138
O=C(c1cccc(-c2cccc(-c3cccc(C(F)(F)F)c3)c2)c1)N1CCNCC1,-8.489999999999998,3.642566566269835,41_139
O=C(CN1CCCCC1)Nc1cc(-c2cccc(-c3cccc(C=Nc4cccc(F)c4)c3)c2)ccn1,-7.9,3.4836263934800895,41_140
O=C(c1cccc(-c2cccc(-c3ccc4c(c3)OCO4)c2)c1)N1CCN(C(=O)c2ccco2)CC1,-9.1,3.5196191373887626,41_141
O=C(c1cccc(-c2cccc(-c3cccc(-c4ccccc4F)c3)c2)c1)N1CCNCC1,-9.361111111111112,3.508189933556279,41_142
O=C(Nc1cccc(-c2cccc(-c3nc4cc(F)ccc4[nH]3)c2)c1)Nc1cccc(-c2cccc(F)c2F)c1,-9.655223880597013,3.1875244530828533,41_143
O=C(Nc1cccc(-c2cccc(-c3cccc(C(F)(F)F)c3)c2)c1)Nc1cccc(-c2cccc(F)c2F)c1,-9.398837209302327,2.963519940967514,41_144
O=C(Nc1cccc(-c2cccc(-c3nc4ccccc4[nH]3)c2)c1)Nc1cccc(-c2cccc(F)c2F)c1,-9.932142857142859,3.218592063451191,41_145
O=C(Nc1cccc(-c2cccc(-c3nc4cc(F)ccc4[nH]3)c2)c1)Nc1cccc(-c2cccc(F)c2F)c1,-9.655223880597013,3.1875244530828533,41_146
N#Cc1cccnc1-c1cccc(C2=CC(=CC3=CC(C=NC(=O)c4ccccc4)=CC3)C=C2)c1,-7.375,3.3087077373371945,41_147
O=C(Nc1cccc(-c2cccc(-c3cccc(C(=O)N4CCOCC4)c3)c2)c1)Nc1cccc(-c2cccc(F)c2F)c1,-9.424324324324322,3.254566509495188,41_148
O=C(c1cccc(-c2cccc(-c3cccc(-c4ccccc4F)c3)c2)c1)N1CCNCC1,-9.361111111111112,3.508189933556279,41_149
O=C(c1cccc(-c2cccc(-c3ccc4c(c3)OCCO4)c2F)c1)N1CCNCC1,-8.669565217391305,3.6553838184373157,41_150
O=C(Nc1cccc(-c2cccc(-c3cccc(C(F)(F)F)c3)c2)c1)Nc1cccc(-c2cccc(F)c2F)c1,-9.398837209302327,2.963519940967514,41_151
O=C(c1cccc(-c2cccc(-c3nc4cc(F)ccc4[nH]3)c2)c1)N1CCNCC1,-8.565000000000001,3.6450984636569372,41_152
O=C(Nc1cccc(-c2cccc(-c3nc4cc(F)ccc4[nH]3)c2)c1)Nc1cccc(-c2cccc(F)c2F)c1,-9.655223880597013,3.1875244530828533,41_153
O=C(Nc1cccc(-c2cccc(-c3nc4cc(F)ccc4[nH]3)c2)c1)Nc1cccc(-c2cccc(F)c2F)c1,-9.655223880597013,3.1875244530828533,41_154
Cn1c(-c2cccc(-c3cccc(NC(=O)Nc4cccc(-c5cccc(F)c5F)c4)c3)c2)nc2ccccc21,-9.914457831325302,3.216920496534968,41_155
O=C(Nc1cccc(-c2cccc(-c3cccc(C(=O)N4CCOCC4)c3)c2)c1)Nc1cccc(-c2cccc(F)c2F)c1,-9.424324324324322,3.254566509495188,41_156
NC(=O)c1cccc(-c2cccc(-c3cccc(-c4cccc(-c5cccc(Cl)c5)c4)c3)c2)c1,-9.5,3.209664101351904,41_157
Fc1cccc(CNc2nc(Nc3ccccc3)nc(-c3cccc(-c4cccc(F)c4F)c3)n2)c1,-9.7,3.3335546465045764,41_158
O=C(Nc1cccc(-c2cccc(-c3nc4cc(F)ccc4[nH]3)c2)c1)Nc1cccc(-c2cccc(F)c2F)c1,-9.655223880597013,3.1875244530828533,41_159
O=C(Nc1cccc(-c2cccc(-c3nc4ccccc4[nH]3)c2)c1)Nc1cccc(-c2cccc(F)c2F)c1,-9.932142857142859,3.218592063451191,41_160
O=CCC(CC(N=Cc1ccc2ccccc2c1)C(=O)c1ccccc1)c1ccc2c(ccc3ccccc32)c1,-7.8,2.8522008367531555,41_161
O=C(Nc1cccc(-c2cccc(-c3cccc(-c4nc5cc(F)ccc5[nH]4)c3F)c2)c1)Nc1cccc(C(F)(F)F)c1,-10.1,2.952360022273887,41_162
Cn1c(-c2cccc(-c3cccc(NC(=O)Nc4cccc(-c5cccc(F)c5F)c4)c3)c2)nc2ccccc21,-9.914457831325302,3.216920496534968,41_163
O=[N+]([O-])c1ccc(NC(=S)Nc2cccc(-c3cccc(-c4cccc(F)c4)c3)c2)cc1,-8.3,3.411909311117738,41_164
O=C(Nc1cccc(-c2cccc(-c3cccc(-c4cccc(F)c4)c3)c2)c1)c1ccccc1,-9.193103448275863,3.188129789925851,41_165
O=C(Nc1cccc(-c2cccc(C(=O)N3CCOCC3)c2)c1)Nc1cccc(-c2cccc(F)c2F)c1,-9.7125,3.5133545427940325,41_166
O=C(Nc1cccc(-c2cccc(-c3ccccc3)c2)c1)c1cccc2c1C(=O)c1ccccc1-2,-8.5,3.3325128330946585,41_167
O=C(Nc1cccc(-c2cccc(-c3nc4cc(F)ccc4[nH]3)c2)c1)Nc1cccc(-c2cccc(F)c2F)c1,-9.655223880597013,3.1875244530828533,41_168
O=C(Nc1cccc(-c2cccc(-c3nc4cc(F)ccc4[nH]3)c2)c1)Nc1cccc(-c2cccc(F)c2F)c1,-9.655223880597013,3.1875244530828533,41_169
O=C(c1cccc(-c2cccc(-c3cccc(F)c3)c2)c1)N1CCN(c2ncccc2C(F)(F)F)CC1,-9.100000000000001,3.4502217939158983,41_170
O=C(c1cccc(-c2cccc(-c3cccc(-c4ccccc4F)c3)c2)c1)N1CCNCC1,-9.361111111111112,3.508189933556279,41_171
O=C(Nc1cccc(-c2cccc(-c3cccc(-c4ccccc4F)c3)c2)c1)Nc1cccc(-c2cccc(F)c2F)c1,-9.537499999999998,2.9869508389213753,41_172
O=C(c1cccc(-c2cccc(-c3nc4ccccc4[nH]3)c2)c1)N1CCN(c2ccccc2C(F)(F)F)CC1,-10.0,3.431311239574125,41_173
O=C(c1cccc(-c2cccc(-c3nc4cc(F)ccc4[nH]3)c2)c1)N1CCNCC1,-8.565000000000001,3.6450984636569372,41_174
O=C(c1cccc(-c2cccc(-c3cccc(-c4cccc(F)c4)c3)c2)c1)N1CCNCC1,-9.331372549019608,3.508189933556279,41_175
O=C(Nc1cccc(-c2cccc(-c3cccc(C(F)(F)F)c3)c2)c1)Nc1cccc(-c2cccc(F)c2F)c1,-9.398837209302327,2.963519940967514,41_176
C=C(C=CC=CC1=CN(C(=O)Nc2cccc(-c3cccc4ccccc34)c2)C=CC=C1)c1cccc(-c2nc3ccccc3[nH]2)c1,-8.6,1.9683018257498466,41_177
O=C(c1cccc(-c2cccc(-c3cccc(-c4ccccc4F)c3)c2)c1)N1CCNCC1,-9.361111111111112,3.508189933556279,41_178
O=C(Nc1cccc(-c2cccc(-c3cccc(-c4cccc(F)c4)c3)c2)c1)Nc1cccc(-c2cccc(F)c2F)c1,-9.478125,2.9869508389213753,41_179
Cn1c(-c2cccc(-c3cccc(NC(=O)Nc4cccc(-c5cccc(F)c5F)c4)c3)c2)nc2ccccc21,-9.914457831325302,3.216920496534968,41_180
O=C(Nc1cccc(-c2cccc(-c3nc4cc(F)ccc4[nH]3)c2)c1)Nc1cccc(-c2cccc(F)c2F)c1,-9.655223880597013,3.1875244530828533,41_181
C=C(C=CC=CC1=CN(C(=O)Nc2cccc(-c3cccc(F)c3F)c2)C=CC=C1)c1cccc(-c2nc3ccccc3[nH]2)c1,-8.196,2.0807625124520213,41_182
O=C(c1cccc(-c2cccc(-c3cccc(-c4cccc(F)c4)c3)c2)c1)N1CCNCC1,-9.331372549019608,3.508189933556279,41_183
Cn1c(-c2cccc(-c3cccc(NC(=O)Nc4cccc(-c5cccc(-c6cccc(F)c6)c5)c4)c3)c2)nc2ccccc21,-9.663636363636364,3.0539916384657317,41_184
O=C(c1cccc(-c2cccc(-c3cccc(-c4nn[nH]n4)c3)c2)c1)N1CCNCC1,-8.931818181818182,3.6709921779215158,41_185
O[C@@H](c1cccc(-c2cccc(-c3cccc4ccccc34)c2)c1)N1CCOCC1,-8.0,3.536003357446364,41_186
O=C(Nc1cccc(-c2cccc(-c3nc4cc(F)ccc4[nH]3)c2)c1)Nc1cccc(-c2cccc(F)c2F)c1,-9.655223880597013,3.1875244530828533,41_187
O=C(Nc1cccc(-c2cccc(-c3cccc(C(F)(F)F)c3)c2)c1)Nc1cccc(-c2cccc(F)c2F)c1,-9.398837209302327,2.963519940967514,41_188
O=C(Nc1cccc(-c2cccc(-c3cccc(-c4ccccc4F)c3)c2)c1)Nc1cccc(-c2cccc(F)c2F)c1,-9.537499999999998,2.9869508389213753,41_189
O=C(Nc1cccc(-c2cccc(C(=O)N3CCOCC3)c2)c1)Nc1cccc(-c2cccc(-c3ccc4c(c3)OCO4)c2)c1,-10.075,3.203574602452801,41_190
O=C(Nc1cccc(-c2cccc(-c3cccc(C(F)(F)F)c3)c2)c1)Nc1cccc(-c2cccc(F)c2F)c1,-9.398837209302327,2.963519940967514,41_191
O=C(NCc1ccccc1)c1cccc(Nc2cccc(-c3cccc(-c4nc5cc(F)ccc5[nH]4)c3)c2)c1,-7.3,3.15271024700764,41_192
N#Cc1cccnc1-c1cccc(C2=CC(=CC3=CC(=CC(=O)Nc4cccc(-c5cccc(C(=O)N6CCOCC6)c5)c4)C=C3)C=C2)c1,-6.9,3.057183724979918,41_193
O=C(Nc1cccc(-c2cccc(-c3nc4ccccc4[nH]3)c2)c1)Nc1cccc(-c2cccc(F)c2F)c1,-9.932142857142859,3.218592063451191,41_194
O=C(c1cccc(-c2cccc(-c3cccc4ccccc34)c2)c1)N1CCN(C(=O)c2cccc3ccccc23)CC1,-9.542857142857143,3.1497144483216615,41_195
Cn1c(-c2cccc(-c3cccc(-c4cccc(C(=O)Nc5ccccc5C(=O)O)c4)c3)c2)nc2ccccc21,-8.6,3.254993020546757,41_196
O=C(c1cccc(-c2cccc(-c3ccc4c(c3)OCCO4)c2F)c1)N1CCNCC1,-8.669565217391305,3.6553838184373157,41_197
O=C(c1c2ccccc2cc2ccccc12)N1CCN(c2cccc3ccccc23)C(=O)C1,-8.2,3.3027647450256676,41_198
O=C(C=Cc1cccc(-c2nc(=O)c3ccccc3[nH]2)c1O)c1cccc(-c2cccc3ccccc23)c1,-9.1,3.291852859873017,41_199
O=C(Nc1cccc(-c2cccc(-c3cccc(-c4cccc(F)c4)c3)c2)c1)Nc1cccc(-c2cccc(F)c2F)c1,-9.478125,2.9869508389213753,41_200
O=C(Nc1cccc(-n2cnnn2)c1)c1cccc(-c2cccc(-c3cccc(-c4cccc(-c5nn[nH]n5)c4)c3)c2)c1,-9.4,3.259293449232312,41_201
O=C(c1cccc(-c2cccc(-c3cccc4ccccc34)c2)c1)N1CCN(C(=O)c2ccc(F)cc2F)CC1,-9.4,3.2507959847575894,41_202
O=C(c1cccc(-c2cccc(-c3cccc(-c4ccccc4F)c3)c2)c1)N1CCNCC1,-9.361111111111112,3.508189933556279,41_203
O=C(c1cccc(-c2cccc(C(=O)N3CCN(c4ccccc4C(F)(F)F)CC3)c2)c1)N1CCOCC1,-8.52222222222222,3.5675074243249583,41_204
O=C(c1cccc(-c2cccc(-c3cccc(-c4cccc(F)c4)c3)c2)c1)N1CCNCC1,-9.331372549019608,3.508189933556279,41_205
Cn1c(-c2cccc(-c3cccc(NC(=O)Nc4cccc(-c5cccc(F)c5F)c4)c3)c2)nc2ccccc21,-9.914457831325302,3.216920496534968,41_206
O=C(Nc1cccc(-c2cccc(-c3nc4cc(F)ccc4[nH]3)c2)c1)Nc1cccc(-c2cccc(F)c2F)c1,-9.655223880597013,3.1875244530828533,41_207
O=C(c1cccc(-c2cccc(-c3cccc(-c4cccc(-c5nn[nH]n5)c4)c3)c2)c1)N1CCCC1,-10.2,3.496055182346292,41_208
O=C(Cc1cccc(-c2cccc(-c3cccc(C(F)(F)F)c3)c2)c1)Nc1cccc(-c2cccc(F)c2F)c1,-9.1,3.0513280462681776,41_209
Cn1c(-c2cccc(-c3cccc(NC(=O)Nc4cccc(-c5cccc(C(=O)N6CCOCC6)c5)c4)c3)c2)nc2ccccc21,-9.495348837209304,3.2756851861708367,41_210
O=C(Nc1ccccc1F)c1cc(-c2ccccc2F)cc(-c2ccc3c(c2)OCO3)n1,-9.5,3.6624463308373745,41_211
Cn1c(-c2cccc(-c3cccc(NC(=O)Nc4cccc(-c5cccc(-c6cccc(F)c6)c5)c4)c3)c2)nc2ccccc21,-9.663636363636364,3.0539916384657317,41_212
O=C(c1cccc(-c2cccc(-c3ccc4c(c3)OCCO4)c2F)c1)N1CCNCC1,-8.669565217391305,3.6553838184373157,41_213
O=C(c1ccc2[nH]c(-c3ccccc3Cl)nc2c1)N1C=CN(c2cccc([N+](=O)[O-])c2)CC1,-8.0,3.548391439076582,41_214
O=C(Nc1cccc(-c2cccc(-c3cccc(-c4cccc(-c5nn[nH]n5)c4)c3)c2)c1)Nc1cccc(-c2cccc(F)c2F)c1,-10.1,3.0745566768795927,41_215
O=C(c1cccc(-c2cccc(-c3cccc(-c4cccc(F)c4)c3)c2)c1)N1CCNCC1,-9.331372549019608,3.508189933556279,41_216
O=C(Nc1cccc(-c2cccc(-c3cccc(C(F)(F)F)c3)c2)c1)Nc1cccc(-c2cccc(F)c2F)c1,-9.398837209302327,2.963519940967514,41_217
O=C(Nc1cccc(-c2cccc(-c3nc4cc(F)ccc4[nH]3)c2)c1)Nc1cccc(-c2cccc(F)c2F)c1,-9.655223880597013,3.1875244530828533,41_218
O=C(c1cccc(-c2cc3ccccc3o2)n1)N1CCN(CC2(O)CCCCC2)CC1,-6.8,3.6756455075315815,41_219
O=C(c1cccc(-c2cccc(-c3cccc(Cl)c3)c2)c1)N1CCN(c2cccc(C(F)(F)F)c2)CC1,-9.0,3.353285922148258,41_220
C=C(C=CC=CC(=C)c1cccc(-c2nc3ccccc3[nH]2)c1)C=CC=CC(=O)N1CCNCC1,-7.168749999999999,3.469586304146949,41_221
O=C(c1ccccc1)N1CCN(C(=O)c2cccc(-c3cccc(-c4ccc5c(c4)OCO5)c3)c2)CC1,-9.3,3.4829563454567842,41_222
O=c1c2ccccc2nc(-c2ccccc2F)n1-c1cccc(-c2cccc(-c3cccc(-c4cccc(-c5ccccc5F)c4)c3)c2)c1,-9.6,2.9818321050206373,41_223
O=C(c1cccc(-c2cccc(-c3cccc4ccccc34)c2)c1)N1CCNCC1,-9.1,3.487914983949728,41_224
O=C(Nc1ccc2ncnc(Nc3ccc4c(ccn4Cc4ccccc4)c3)c2c1)Nc1ccccc1F,-7.2,3.2478676438677323,41_225
O=C(c1cccc(-c2cccc(C(=O)N3CCN(c4cccc(C(F)(F)F)c4)CC3)c2)c1)N1CCOCC1,-8.75,3.5675074243249583,41_226
O=C(Nc1ccccc1-c1cccc(-c2ccccc2F)c1)c1cccc(-c2cccc(-c3cccc(-c4cccc(-c5nn[nH]n5)c4)c3)c2)c1,-9.8,3.054270585612925,41_227
O=C(Nc1cccc(-c2cccc(-c3nc4cc(F)ccc4[nH]3)c2)c1)Nc1cccc(-c2cccc(F)c2F)c1,-9.655223880597013,3.1875244530828533,41_228
O=C(c1cccc(-c2cccc(-c3cccc(-c4nn[nH]n4)c3)c2)c1)N1CCNCC1,-8.931818181818182,3.6709921779215158,41_229
O=C(c1cccc(-c2cccc(-c3cccc(C(=O)N4CCOCC4)c3)c2)c1)N1CCNCC1,-8.824324324324325,3.649506152725788,41_230
CC(=CC=NC=NC(=O)N1CCNCC1)C=C1C=CC(c2cccc(-c3ncccc3C#N)c2)=C1,-7.65,3.5369906677996514,41_231
O=C(Nc1cccc(-c2cccc(F)c2F)c1)Nc1cccc(-c2cccc(-c3nc4cc(F)ccc4[nH]3)c2F)c1,-10.003921568627451,3.128615257744718,41_232
O=C(O)c1ccc2c(c1C=Cc1ccccc1)C(=O)N(c1cccc(-c3ccccc3F)c1)C2=O,-8.6,3.496372615618273,41_233
O=C(c1cccc(-c2cccc(-c3nn[nH]n3)c2)c1)N1CCN(c2cccc(C(F)(F)F)c2)CC1,-8.1,3.6836788526274535,41_234
O=C(c1cccc(-c2cccc(-c3cccc(C(=O)N4CCOCC4)c3)c2)c1)N1CCNCC1,-8.824324324324325,3.649506152725788,41_235
O=C(c1cccc(-c2cccc(-c3cccc(-c4ccccc4F)c3)c2)c1)N1CCNCC1,-9.361111111111112,3.508189933556279,41_236
O=C(NCc1cccc(-c2cccc(-c3nc4cc(F)ccc4[nH]3)c2)c1)Nc1cccc(-c2cccc(F)c2F)c1,-9.3,3.090786473082317,41_237
O=C(Nc1cccc(-c2cccc(-c3nc4ccccc4[nH]3)c2)c1)Nc1cccc(-c2cccc(F)c2F)c1,-9.932142857142859,3.218592063451191,41_238
O=C(c1cccc(-c2cccc(-c3cccc(C(=O)N4CCOCC4)c3)c2)c1)N1CCNCC1,-8.824324324324325,3.649506152725788,41_239
O=C(Nc1cccc(-c2cccc(-c3cccc(-c4cccc(F)c4)c3)c2)c1)Nc1cccc(-c2cccc(F)c2F)c1,-9.478125,2.9869508389213753,41_240
Cn1c(-c2cccc(-c3cccc(NC(=O)Nc4cccc(-c5cccc(F)c5F)c4)c3)c2)nc2ccccc21,-9.914457831325302,3.216920496534968,41_241
O=C(N[C@H]1CC[C@H]2CN(Cc3cccc(C(F)(F)F)c3)C[C@H]21)c1ccccc1-c1cccc(-c2ccccc2F)c1,-6.9,3.2240184585160994,41_242
O=C(c1cccc(-c2cccc(-c3ccc4c(c3)OCCO4)c2F)c1)N1CCNCC1,-8.669565217391305,3.6553838184373157,41_243
O=C(c1ccccc1)c1cccc(-c2cccc(-c3cccc(-c4nc5cc(F)ccc5[nH]4)c3F)c2)c1,-9.5,3.259718389605169,41_244
Cn1c(-c2cccc(-c3cccc(NC(=O)Nc4cccc(-c5cccc(C(=O)N6CCOCC6)c5)c4)c3)c2)nc2ccccc21,-9.495348837209304,3.2756851861708367,41_245
Cn1c(-c2cccc(-c3cccc(NC(=O)Nc4ccccc4-c4ccccc4)c3)c2)nc2ccccc21,-8.899999999999999,3.223561488915525,41_246
O=C(Nc1ccccc1)c1cccc(-c2cccc(-c3cccc(-c4nc5cc(F)ccc5[nH]4)c3)c2)c1,-8.6,3.297956728102947,41_247
O=C(c1cccc(-c2cccc(-c3ccc4c(c3)OCO4)c2)c1)N1CCN(c2nc3ccccc3[nH]2)CC1,-8.5,3.4106704388699374,41_248
O=S(=O)(Nc1cccc(-c2cccc(-c3cccc(-c4nn[nH]n4)c3)c2)c1)Nc1cccc(-c2cccc(F)c2F)c1,-8.0,3.225765848161983,41_249
O=C(c1cccc(-c2cccc(-c3cccc(-c4ccccc4F)c3)c2)c1)N1CCNCC1,-9.361111111111112,3.508189933556279,41_250
Cn1c(-c2cccc(-c3cccc(NC(=O)Nc4cccc(-c5cccc(F)c5F)c4)c3)c2)nc2ccccc21,-9.914457831325302,3.216920496534968,41_251
O=C(c1cccc(-c2cccc(-c3ccc4c(c3)OCCO4)c2F)c1)N1CCNCC1,-8.669565217391305,3.6553838184373157,41_252
Nc1cc(N2CCC(c3nc(-c4cccc(-c5ccccc5F)c4)cc(C(F)(F)F)n3)CC2)ncn1,-9.5,3.5707780983452895,41_253
O=C(c1cccc(-c2cccc(-c3nc4ccccc4[nH]3)c2)c1)N1CCN(c2nsc3cccc(Cl)c23)CC1,-9.7,3.4181836037494415,41_254
O=C(Nc1cccc(-c2cccc(-c3cccc(-c4cccc(C(=O)N5CCOCC5)c4)c3)c2)c1)c1ccccc1,-9.649999999999999,3.328409941359162,41_255
Cn1c(-c2cccc(-c3cccc(NC(=O)Nc4cccc(-c5cccc(F)c5F)c4)c3)c2)nc2ccccc21,-9.914457831325302,3.216920496534968,41_256
O=C(Nc1cccc(-c2cccc(-c3nc4cc(F)ccc4[nH]3)c2)c1)Nc1cccc(-c2cccc(F)c2F)c1,-9.655223880597013,3.1875244530828533,41_257
O=C(Nc1cccc2ccccc12)c1cccc(-c2cccc(-c3cccc(-c4cccc(C(F)(F)F)c4)c3)c2)c1,-9.0,2.9628017869313688,41_258
O=C(Nc1cccc(F)c1)Nc1cccc(-c2cccc(-c3cccc(-c4nc5cc(F)ccc5[nH]4)c3F)c2)c1,-9.35,3.1875244530828533,41_259
O=C(Nc1cccc(-c2cccc(-c3cccc(-c4cccc(F)c4)c3)c2)c1)Nc1cccc(-c2cccc(F)c2F)c1,-9.478125,2.9869508389213753,41_260
N#Cc1cccnc1-c1cccc(C2=CC(=CC3=CC(C=NC(=O)c4ccccc4)=CC3)C=C2)c1,-7.375,3.3087077373371945,41_261
C=C(C=CC=CC1=CN(C(=O)NCc2ccccc2F)C=CC=C1)c1cccc(-c2nc3ccccc3[nH]2)c1,-8.5,2.244427338471332,41_262
O=C(Nc1cccc(-c2cccc(-c3cccc(-c4nn[nH]n4)c3)c2)c1)Nc1cccc(-c2cccc(F)c2F)c1,-9.7375,3.286971097546113,41_263
O=C(Nc1cccc(-c2cccc(-c3nc4ccccc4[nH]3)c2)c1)Nc1cccc(-c2cccc(F)c2F)c1,-9.932142857142859,3.218592063451191,41_264
O=C(Nc1ccccc1Cl)c1cccc(-c2cccc(-c3cccc(-c4cccc(-c5nn[nH]n5)c4)c3)c2)c1,-9.649999999999999,3.376479225562355,41_265
O=C(c1cccc(-c2cccc(-c3cccc(C(=O)N4CCOCC4)c3)c2)c1)N1CCNCC1,-8.824324324324325,3.649506152725788,41_266
O=C(Nc1cccc(-c2cccc(-c3nc4cc(F)ccc4[nH]3)c2)c1)Nc1cccc(-c2cccc(F)c2F)c1,-9.655223880597013,3.1875244530828533,41_267
O=C(Nc1cccc(-c2cccc(-c3cccc(C(F)(F)F)c3)c2)c1)Nc1cccc(-c2cccc(F)c2F)c1,-9.398837209302327,2.963519940967514,41_268
O=C(Nc1cccc(-c2cccc(-c3nc4cc(F)ccc4[nH]3)c2)c1)Nc1cccc(-c2cccc(F)c2F)c1,-9.655223880597013,3.1875244530828533,41_269
O=C(c1cccc(-c2cccc(C(=O)N3CCN(c4ccccc4)CC3)c2)c1)N1CCOCC1,-8.399999999999999,3.5953511473089197,41_270
O=C(Nc1ccccc1[N+](=O)[O-])c1cccc(-c2cccc(-c3cccc(-c4cccc(C(F)(F)F)c4)c3)c2)n1,-9.5,3.175228139340681,41_271
O=C(Nc1cccc(-c2cccc(-c3cccc(C(F)(F)F)c3)c2)c1)Nc1cccc(-c2cc3ccccc3[nH]2)c1,-8.8,2.9426652234658066,41_272
O=C(c1cccc(-c2cccc(C(=O)N3CCN(c4cccc(Cl)c4)CC3)c2)c1)N1CCOCC1,-8.428571428571427,3.5860753069993834,41_273
O=C(Nc1cccc(-c2cccc(-c3nc4cc(F)ccc4[nH]3)c2)c1)Nc1cccc(-c2cccc(F)c2F)c1,-9.655223880597013,3.1875244530828533,41_274
O=C(Nc1cccc(-c2cccc(-c3cccc(C(F)(F)F)c3)c2)c1)Nc1cccc(-c2cccc(F)c2F)c1,-9.398837209302327,2.963519940967514,41_275
O=C(c1ccc(F)cc1)N1CCN(C(=O)c2cccc(-c3cccc(-c4ccc5c(c4)OCO5)c3)c2)CC1,-8.7,3.475405586601455,41_276
O=C(Nc1cccc(-c2cccc(-c3nc4ccccc4[nH]3)c2)c1)Nc1cccc(-c2cccc(F)c2F)c1,-9.932142857142859,3.218592063451191,41_277
O=C(c1cccc(-c2cccc(-c3ccc4c(c3)OCCO4)c2F)c1)N1CCNCC1,-8.669565217391305,3.6553838184373157,41_278
O=C(Nc1cccc(-c2cccc(-c3nc4cc(F)ccc4[nH]3)c2)c1)Nc1cccc(-c2cccc(F)c2F)c1,-9.655223880597013,3.1875244530828533,41_279
O=C(Nc1cccc(-c2cccc(-c3cccc(-c4nn[nH]n4)c3)c2)c1)Nc1cccc(-c2cccc(F)c2F)c1,-9.7375,3.286971097546113,41_280
Cn1c(-c2cccc(-c3cccc(NC(=O)Nc4cccc(-c5cccc(-c6ccccc6F)c5)c4)c3)c2)nc2ccccc21,-9.950000000000001,3.0539916384657317,41_281
O=c1[nH]c2ccccc2n1-c1cccc(-c2cccc(-c3cccc(-c4cccc(-c5nn[nH]n5)c4)c3)c2)c1,-10.2,3.41470842942912,41_282
O=C(c1cccc(-c2cccc(-c3cccc(C(=O)N4CCOCC4)c3)c2)c1)N1CCNCC1,-8.824324324324325,3.649506152725788,41_283
O=C(Nc1cc(-c2cccc(-c3cccc(-c4nn[nH]n4)c3)c2)ccn1)c1ccccc1,-8.4,3.558510980025434,41_284
N#Cc1cccnc1-c1cccc(-c2cccc(NC(=O)c3cccc(-c4cccc(-c5cccc(-c6ccccc6F)c5)c4)c3)c2)c1,-8.55,3.052997074360447,41_285
O=C(c1ccccc1)N1CCN(C(=O)c2ccc3c(-c4cccc(-c5ccccc5F)c4)cccc3c2)CC1,-8.3,3.2705511526271827,41_286
O=C(Nc1cccc(-c2cccc(-c3nc4cc(F)ccc4[nH]3)c2)c1)Nc1cccc(-c2cccc(F)c2F)c1,-9.655223880597013,3.1875244530828533,41_287
O=C(Nc1cccc(-c2cccc(-c3cccc(C(=O)N4CCOCC4)c3)c2)c1)Nc1cccc(-c2cccc(F)c2F)c1,-9.424324324324322,3.254566509495188,41_288
O=C(Nc1nc(-c2ccccc2)cs1)c1cccc(-c2cccc(-c3ccc4c(c3)OCCO4)c2F)c1,-8.3,3.427267194059165,41_289
Cn1c(-c2cccc(-c3cccc(NC(=O)Nc4cccc(-c5cccc(F)c5F)c4)c3)c2)nc2ccccc21,-9.914457831325302,3.216920496534968,41_290
CCn1c(-c2[nH]c(O)c([CH]NC(C)=O)ssc3ccccc3[nH]c(O)c(Cc3c[nH]c4ccccc34)[nH]c(O)c[nH]c2O)nc2ccccc21,-7.0,1.2687062049049946,41_291
O=C(Nc1cccc(-c2cccc(-c3cccc(F)c3)c2)c1)c1cccc(-c2cccc(-c3ccc4c(c3)OCO4)c2)c1,-8.7,3.0509717974853863,41_292
OC[C@H]1OC(c2cccc(-c3cccc(-c4ccc5c(c4)OCCO5)c3F)c2)[C@H](O)[C@@H](O)[C@@H]1O,-8.0,3.418176637837875,41_293
O=C(Nc1cccc(-c2cccc(-c3cccc(-c4nn[nH]n4)c3)c2)c1)Nc1cccc(-c2cccc(F)c2F)c1,-9.7375,3.286971097546113,41_294
O=C(Nc1cccc(-c2cccc(-c3nc4cc(F)ccc4[nH]3)c2)c1)Nc1cccc(-c2cccc(F)c2F)c1,-9.655223880597013,3.1875244530828533,41_295
O=C(c1cccc(-c2cccc(-c3cccc(-c4ccccc4F)c3)c2)c1)N1CCNCC1,-9.361111111111112,3.508189933556279,41_296
Cn1c(-c2cccc(-c3cccc(NC(=O)Nc4cccc(-c5cccc(C(=O)N6CCOCC6)c5)c4)c3)c2)nc2ccccc21,-9.495348837209304,3.2756851861708367,41_297
Cn1c(-c2cccc(-c3cccc(NC(=O)Nc4cccc(-c5cccc(F)c5F)c4)c3)c2)nc2ccccc21,-9.914457831325302,3.216920496534968,41_298
O=C(Nc1cccc(-c2cccc(-c3cccc(C(F)(F)F)c3)c2)c1)Nc1cccc(-c2cccc(F)c2F)c1,-9.398837209302327,2.963519940967514,41_299
O=C(Nc1ccccc1)Nc1cccc(-c2cccc(-c3cccc(-c4nc5cc(F)ccc5[nH]4)c3F)c2)c1,-9.6,3.218592063451191,41_300
Cn1c(-c2cccc(-c3cccc(NC(=O)Nc4cccc(-c5cccc(F)c5F)c4)c3)c2)nc2ccccc21,-9.914457831325302,3.216920496534968,41_301
O=C(Nc1cccc(-c2cccc(-c3cccc(C(=O)N4CCOCC4)c3)c2)c1)Nc1cccc(-c2cccc(F)c2F)c1,-9.424324324324322,3.254566509495188,41_302
O=CNc1ccc(Nc2cccc(-c3cccc(F)c3F)c2)cc1C(Nc1cccc(-c2cccc3ccccc23)c1)c1ccc2c(c1)OCO2,-7.2,2.884674303187752,41_303
Cn1c(-c2cccc(-c3cccc(NC(=O)Nc4cccc(-c5cccc(-c6ccccc6)c5)c4)c3)c2)nc2ccccc21,-10.299999999999999,3.0563724042831923,41_304
O=C(c1cccc(-c2cccc(-c3cccc(-c4cccc(F)c4)c3)c2)c1)N1CCNCC1,-9.331372549019608,3.508189933556279,41_305
O=C(Nc1cccc(-c2cccc(-c3cccc(F)c3)c2)c1)Nc1cccc(-c2cccc(F)c2F)c1,-9.72,3.1787533639972665,41_306
O=C(Nc1cccc(-c2cccc(-c3cccc(F)c3)c2)c1)c1cccc(-c2cccc(-c3nc4cc(F)ccc4[nH]3)c2)c1,-8.5,3.1427678385567095,41_307
C=C(C=CC=CC(=C)c1cccc(-c2nc3ccccc3[nH]2)c1)C=CC=CC(=O)N1CCNCC1,-7.168749999999999,3.469586304146949,41_308
O=C(Nc1cccc(-c2cccc(-c3nc4cc(F)ccc4[nH]3)c2)c1)Nc1cccc(-c2cccc(F)c2F)c1,-9.655223880597013,3.1875244530828533,41_309
O=C(c1cccc(-c2cccc(-c3ccc4c(c3)OCCO4)c2F)c1)N1CCNCC1,-8.669565217391305,3.6553838184373157,41_310
O=C(N[C@H]1CCN(c2cccc(-c3cc4ccccc4[nH]3)c2)C1)c1cccc2ccccc12,-8.5,3.395978965527969,41_311
O=C(c1cccc(-c2cccc(-c3cccc(-c4cccc(F)c4)c3)c2)c1)N1CCNCC1,-9.331372549019608,3.508189933556279,41_312
Fc1cccc(CSc2nnc(-c3cccc(-c4nnco4)c3)o2)c1,-6.9,3.5915499671274125,41_313
O=C(Nc1ccccc1C(=O)Nc1nccs1)c1cccc(-c2cccc(-c3cccc(C(=O)N4CCOCC4)c3)c2)c1,-8.7,3.3065437185168856,41_314
O=C(Nc1cccc([N+](=O)[O-])n1)c1cccc(-c2cccc(-c3cccc(-c4cccc(C(=O)N5CCOCC5)c4)c3)c2)c1,-10.0,3.2183167721711037,41_315
O=C(Nc1ccccc1Cl)c1cccc(-c2cccc(-c3cccc(-c4cccc(-c5nn[nH]n5)c4)c3)c2)c1,-9.649999999999999,3.376479225562355,41_316
C=C(C=CC=CC1=CN(C(=O)Nc2cccc3c2CCCCC3)C=CC=C1)c1cccc(-c2nc3ccccc3[nH]2)c1,-7.1,2.0652334328616284,41_317
O=C(Nc1cccc(-c2cccc(-c3cccc(C(=O)N4CCOCC4)c3)c2)c1)Nc1cccc(-c2cccc(F)c2F)c1,-9.424324324324322,3.254566509495188,41_318
O=C(Nc1cccc(-c2cccc(-c3cccc(-c4ccccc4F)c3)c2)c1)Nc1cccc(-c2cccc(F)c2F)c1,-9.537499999999998,2.9869508389213753,41_319
O=C(O)C1C2C=CC(CC2)[C@@H]1Nc1nc(-c2c[nH]c3ncc(F)cc23)nc2c1C[C@@H]1COCCN21,-9.4,3.194500153917784,41_320
Cn1c(-c2cccc(-c3cccc(NC(=O)Nc4cccc(-c5cccc(-c6ccccc6F)c5)c4)c3)c2)nc2ccccc21,-9.950000000000001,3.0539916384657317,41_321
O=C(c1cccc(-c2cccc(-c3ccc4c(c3)OCO4)c2)c1)N1CCN(c2ccccc2)CC1,-8.85,3.456180921736461,41_322
O=C(Nc1cccc(-c2cccc(-c3cccc(C(=O)N4CCOCC4)c3)c2)c1)Nc1cccc(-c2cccc(F)c2F)c1,-9.424324324324322,3.254566509495188,41_323
Cn1c(-c2cccc(-c3cccc(NC(=O)Nc4cccc(-c5cncc6ccccc56)c4)c3)c2)nc2ccccc21,-9.9,3.1792386661598977,41_324
O=C(c1cccc(-c2cccc(-c3cccc(-c4ccccc4F)c3)c2)c1)N1CCNCC1,-9.361111111111112,3.508189933556279,41_325
C=C(C=CC=CC(=C)c1cccc(-c2nc3ccccc3[nH]2)c1)C=CC=CC(=O)N1CCNCC1,-7.168749999999999,3.469586304146949,41_326
O=C(Nc1cccc(-c2cccc(-c3cccc(-c4cccc(-c5ccccc5F)c4)c3)c2)c1)c1ccccc1,-9.6,3.034399838423724,41_327
Cn1c(-c2cccc(-c3cccc(-c4cccc(C(=O)N5CCNCC5)c4)c3)c2)nc2ccccc21,-9.312000000000001,3.480167691596529,41_328
O=C(Nc1cccc(-c2cccc(-c3nc4cc(F)ccc4[nH]3)c2)c1)Nc1cccc(-c2cccc(F)c2F)c1,-9.655223880597013,3.1875244530828533,41_329
O=C(Nc1cccc(-c2cccc(-c3nc4ccccc4[nH]3)c2)c1)Nc1cccc(-c2cccc(F)c2F)c1,-9.932142857142859,3.218592063451191,41_330
O=C(c1cccc(-c2cccc(C(=O)N3CCN(S(=O)(=O)c4cccc(F)c4)CC3)c2)c1)N1CCOCC1,-8.6,3.552171449280218,41_331
O=C(Nc1cccc(-c2cccc(-c3nc4cc(F)ccc4[nH]3)c2)c1)Nc1cccc(-c2cccc(F)c2F)c1,-9.655223880597013,3.1875244530828533,41_332
O=C(c1cccc(-c2cccc(-c3cccc(-c4ccccc4F)c3)c2)c1)N1CCNCC1,-9.361111111111112,3.508189933556279,41_333
O=C(Nc1cccc(-c2cccc(-c3nc4cc(F)ccc4[nH]3)c2)c1)Nc1cccc(-c2cccc(F)c2F)c1,-9.655223880597013,3.1875244530828533,41_334
O=C(c1cccc(-c2cccc(-c3cccc(-c4cccc(F)c4)c3)c2)c1)N1CCNCC1,-9.331372549019608,3.508189933556279,41_335
O=C(Nc1cccc(-c2cccc(-c3cccc(C(F)(F)F)c3)c2)c1)Nc1cccc(-c2cccc(F)c2F)c1,-9.398837209302327,2.963519940967514,41_336
O=C(Nc1ccccc1)Nc1cccc(-c2cccc(-c3cccc(-c4nc5cc(F)ccc5[nH]4)c3F)c2)c1,-9.6,3.218592063451191,41_337
O=C(Nc1cccc(-c2cccc(-c3cccc(C(F)(F)F)c3)c2)c1)Nc1cccc(-c2cccc(F)c2F)c1,-9.398837209302327,2.963519940967514,41_338
C=C(C=CC=CC(=C)c1cccc(-c2nc3ccccc3[nH]2)c1)C=CC=Cc1ccccp(O)oc1,-7.3,1.4696546073709653,41_339
O=C(c1cccc(-c2cccc(-c3cccc4ccccc34)c2)c1)N1CCN(C(=O)c2ccc(F)cc2F)CC1,-9.4,3.2507959847575894,41_340
O=C(Nc1cccc(-c2cccc(-c3nc4cc(F)ccc4[nH]3)c2)c1)Nc1cccc(-c2cccc(F)c2F)c1,-9.655223880597013,3.1875244530828533,41_341
Cn1c(-c2cccc(-c3cccc(NC(=O)Nc4cccc(-c5cccc(F)c5F)c4)c3)c2)nc2ccccc21,-9.914457831325302,3.216920496534968,41_342
O=C(c1cccc(-c2cccc(-c3ccc4c(c3)OCO4)c2)c1)N1CCN(c2cccc(C(F)(F)F)c2)CC1,-8.885714285714286,3.4068437186879326,41_343
O=C(c1cccc(-c2cccc(-c3cccc(-c4cccc(F)c4)c3)c2)c1)N1CCNCC1,-9.331372549019608,3.508189933556279,41_344
O=C(c1cccc(-c2cccc(-c3cccc(-c4cccc(F)c4)c3)c2)c1)N1CCNCC1,-9.331372549019608,3.508189933556279,41_345
O=C(Nc1cccc(-c2cccc(-c3ccc4c(c3)OCO4)c2)c1)Nc1cccc(-c2cccc(C(F)(F)F)c2)c1,-10.05,3.2425006084253294,41_346
CCC1(C)Oc2c(CC(C)c3cccc(O)c3)cccc2C(=O)C1=C1C=CC1C=COC,-6.5,3.4859447772476138,41_347
O=C(Nc1cccc(-c2cccc(-c3cccc(C(F)(F)F)c3)c2)c1)Nc1cccc(-c2cccc(F)c2F)c1,-9.398837209302327,2.963519940967514,41_348
O=c1cc(-c2cccc(-c3cccc(-c4cccc(-c5cccc(F)c5)c4)c3)c2)cc[nH]1,-9.9,3.2554251608560416,41_349
O=C(c1cccc(-c2cccc(-c3ccc4c(c3)OCCO4)c2F)c1)N1CCNCC1,-8.669565217391305,3.6553838184373157,41_350
O=C(Nc1cccc(-c2cccc(-c3ccc4c(c3)OCO4)c2)c1)Nc1cccc(-c2ccco2)c1,-9.6,3.307523476086904,41_351
O=C(Nc1cccc(-c2cccc(-c3cccc(C(F)(F)F)c3)c2)c1)Nc1cccc(-c2cccc(F)c2F)c1,-9.398837209302327,2.963519940967514,41_352
O=C(Nc1cccc(-c2cccc(-c3cccc(-c4ccccc4F)c3)c2)c1)Nc1cccc(-c2cccc(F)c2F)c1,-9.537499999999998,2.9869508389213753,41_353
O=C(Nc1cccc(-c2cccc(-c3cccc(-c4ccccc4F)c3)c2)c1)c1ccccc1,-9.212307692307691,3.188129789925851,41_354
O=C(Nc1cccc(-c2cccc(-c3nc4cc(F)ccc4[nH]3)c2)c1)Nc1cccc(-c2cccc(F)c2F)c1,-9.655223880597013,3.1875244530828533,41_355
O=C(Nc1cccc(-c2cccc(-c3cccc(-c4ccccc4F)c3)c2)c1)c1ccccn1,-9.5,3.354900963563098,41_356
Cn1c(-c2cccc(-c3cccc(NC(=O)Nc4cccc(-c5ccccc5Cl)c4)c3)c2)nc2ccccc21,-8.6,3.187811176449349,41_357
Cn1c(-c2cccc(-c3cccc(NC(=O)Nc4cccc(-c5cccc(F)c5F)c4)c3)c2)nc2ccccc21,-9.914457831325302,3.216920496534968,41_358
O=C(c1cccc(-c2cccc(-c3cccc4ccccc34)c2)c1)N1CCN(C(=O)c2cccc(F)c2F)CC1,-9.671428571428569,3.2507959847575894,41_359
O=C(c1cccc(-c2cccc(-c3cccc(C(=O)N4CCOCC4)c3)c2)c1)N1CCNCC1,-8.824324324324325,3.649506152725788,41_360
O=C(c1cccc(-c2cccc(-c3nc4cc(F)ccc4[nH]3)c2)c1)N1CCNCC1,-8.565000000000001,3.6450984636569372,41_361
O=C(c1cccc(-c2cccc(-c3cccc(-c4ccccc4F)c3)c2)c1)N1CCNCC1,-9.361111111111112,3.508189933556279,41_362
O=C(Nc1cccc(-c2cccc(-c3nc4cc(F)ccc4[nH]3)c2)c1)Nc1cccc(-c2cccc(F)c2F)c1,-9.655223880597013,3.1875244530828533,41_363
Cn1c(-c2cccc(-c3cccc(NC(=O)Nc4cccc(-c5cccc(-c6cccc(F)c6)c5)c4)c3)c2)nc2ccccc21,-9.663636363636364,3.0539916384657317,41_364
O=C(c1cccc(-c2cccc(-c3cccc(-c4cccc(F)c4)c3)c2)c1)N1CCNCC1,-9.331372549019608,3.508189933556279,41_365
C=C(C=CC=CC(=C)c1cccc(-c2nc3ccccc3[nH]2)c1)C=CC=CC(=O)N1CCNCC1,-7.168749999999999,3.469586304146949,41_366
O=C(c1cccc(-c2cccc(-c3ccc4c(c3)OCO4)c2)c1)N1CCN(c2ccccc2)CC1,-8.85,3.456180921736461,41_367
O=C(c1cccc(-c2cccc(C(=O)N3CCN(c4ccccc4C(F)(F)F)CC3)c2)c1)N1CCOCC1,-8.52222222222222,3.5675074243249583,41_368
Nc1ccccc1C(=NC=NC1=CC(=CC(=O)Nc2ccc3c(c2)OCO3)C=C1)c1ccccc1Cl,-6.8,3.170227448187165,41_369
O=Cc1cccnc1-c1cccc(-c2cccc(NC(=O)Nc3cccc(-c4cccc(N5CCCC5)c4)c3)c2)c1,-9.1,3.2150148459469214,41_370
O=C(Nc1cccc(-c2cccc(-c3nc4cc(F)ccc4[nH]3)c2)c1)Nc1cccc(-c2cccc(F)c2F)c1,-9.655223880597013,3.1875244530828533,41_371
O=C(c1cc(Cc2n[nH]c(=O)c3c2NCCC3)ccc1F)N1CCN(c2cccc(C(F)(F)F)c2)CC1,-9.3,3.5343766627608666,41_372
C=C(C=CC=Cc1cccc(C(=O)N2CCNCC2)c1)c1cccc(-c2nc3ccccc3[nH]2)c1,-7.3999999999999995,3.4780307303611355,41_373
O=C(Nc1cccc(-c2cccc(-c3nc4ccccc4[nH]3)c2)c1)Nc1cccc(-c2cccc(F)c2F)c1,-9.932142857142859,3.218592063451191,41_374
O=C(Nc1cccc(-c2cccc(-c3cccc(-c4nn[nH]n4)c3)c2)c1)Nc1cccc(-c2cccc(F)c2F)c1,-9.7375,3.286971097546113,41_375
O=C(Nc1cccc(-c2ccc3c(c2)OCCO3)c1)c1cccc(-c2cccc(-c3ccc4c(c3)OCO4)c2)c1,-9.2,3.285615188176293,41_376
O=C(Nc1cccc(-c2cccc(F)c2F)c1)Nc1cccc(-c2cccc(-c3nc4cc(F)ccc4[nH]3)c2F)c1,-10.003921568627451,3.128615257744718,41_377
O=C(Nc1cccc(-c2cccc(-c3cccc(-c4cccc(F)c4)c3)c2)c1)Nc1cccc(-c2cccc(F)c2F)c1,-9.478125,2.9869508389213753,41_378
O=C(Nc1cccc(-c2ccc3c(c2)OCO3)n1)c1cccc(-c2cccc(-c3cccc(-c4cccc(C(F)(F)F)c4)c3)c2)c1,-8.6,3.204934882082493,41_379
O=C(c1cccc(-c2cccc(-c3cccc(-c4cccc(F)c4)c3)c2)c1)N1CCNCC1,-9.331372549019608,3.508189933556279,41_380
O=C(Nc1cccc(-c2cccc(-c3nc4cc(F)ccc4[nH]3)c2)c1)Nc1cccc(-c2cccc(F)c2F)c1,-9.655223880597013,3.1875244530828533,41_381
C=C(C=CC=CC1=CN(C(=O)Nc2cccc(-c3cccc(F)c3F)c2)C=CC=C1)c1cccc(-c2nc3ccccc3[nH]2)c1,-8.196,2.0807625124520213,41_382
Cn1cnc2cc(C3=c4ccc(F)cc4=NC4=CN(c5cccc(C(F)(F)F)c5)OC=NC=CC4=C3)ccc21,-9.0,1.1877001982070805,41_383
O=C(Nc1cccc(-c2cccc(-c3nc4cc(F)ccc4[nH]3)c2)c1)Nc1cccc(-c2cccc(F)c2F)c1,-9.655223880597013,3.1875244530828533,41_384
O=C(Nc1ccccc1)c1cccc(-c2cccc(-c3cccc(-c4cccc(-c5cccc(F)c5)c4)c3)c2)c1,-9.5,3.034399838423724,41_385
C=C(C=CC=CC(=C)c1cccc(-c2nc3ccccc3[nH]2)c1)C=CC=CC1=CC=CC(=O)OC=C1,-7.5,1.5511319491768045,41_386
C=C(C=CC=CC1=CC=CCC(=O)N=C2NN=C(c3ccc4c(c3)OCO4)S2=C1)c1cccc(-c2nc3ccccc3[nH]2)c1,-8.4,0.9629266173621343,41_387
O=C(Nc1cccc(-c2cccc(-c3nc4ccccc4[nH]3)c2)c1)Nc1cccc(-c2cccc(F)c2F)c1,-9.932142857142859,3.218592063451191,41_388
Cn1c(-c2cccc(-c3cccc(NC(=O)Nc4cccc(-c5cccc(C(=O)N6CCOCC6)c5)c4)c3)c2)nc2ccccc21,-9.495348837209304,3.2756851861708367,41_389
O=C(Nc1cccc(-c2cccc(-c3nc4ccccc4[nH]3)c2)c1)Nc1cccc(-c2cccc(F)c2F)c1,-9.932142857142859,3.218592063451191,41_390
O=C(Nc1cccc(-c2cccc(C(F)(F)F)c2)c1)Nc1cccc(-c2cccc(-c3ccc4c(c3)OCCO4)c2F)c1,-10.0,3.1590679632134133,41_391
O=C(c1cccc(-c2cccc(-c3ccc4c(c3)OCCO4)c2F)c1)N1CCNCC1,-8.669565217391305,3.6553838184373157,41_392
Cc1cccc(NC(=O)Nc2cccc(-c3cccc(-c4cccc(F)c4)c3)c2)c1,-8.9,3.2952317839722607,41_393
ON=C(O)c1ccc(-c2ccc3c(c2)CCCN3)cc1,-7.1,3.2879309154413834,41_394
O=C(Nc1cccc(C(F)(F)F)c1)c1cccc(-c2cccc(-c3cccc(-c4cccc(-c5nn[nH]n5)c4)c3)c2)c1,-9.7,3.223181917968555,41_395
O=C(c1cccc(-c2cccc(-c3cccc(-c4ccccc4F)c3)c2)c1)N1CCNCC1,-9.361111111111112,3.508189933556279,41_396
O=C(Nc1cccc(-c2cccc(F)c2F)c1)Nc1cccc(-c2cccc(-c3nc4cc(F)ccc4[nH]3)c2F)c1,-10.003921568627451,3.128615257744718,41_397
O=C(Nc1cccc(-c2ccc3c(c2)OCO3)c1)Nc1cccc(-c2cccc(-c3ccc4c(c3)OCCO4)c2Cl)c1,-10.3,3.19496697750862,41_398
O=C(c1cccc(-c2cccc(-c3cccc(-c4ccccc4F)c3)c2)c1)N1CCNCC1,-9.361111111111112,3.508189933556279,41_399
O=C(Nc1cccc(-c2cccc(-c3cccc(-c4cccc(F)c4)c3)c2)c1)Nc1cccc(-c2cccc(F)c2F)c1,-9.478125,2.9869508389213753,41_400
Cn1c(-c2cccc(-c3cccc(NC(=O)Nc4cccc(-c5cccc(-c6cccc(F)c6)c5)c4)c3)c2)nc2ccccc21,-9.663636363636364,3.0539916384657317,41_401
O=C(Nc1cccc(-c2cccc(-c3cccc(-c4ccccc4F)c3)c2)c1)c1ccccc1,-9.212307692307691,3.188129789925851,41_402
O=C(c1cccc(-c2cccc(-c3cccc(-c4nn[nH]n4)c3)c2)c1)N1CCNCC1,-8.931818181818182,3.6709921779215158,41_403
C=C(C=CC=Cc1cccc(NC(=O)Nc2cccc(-c3cccc(F)c3F)c2)c1)c1ncccc1C#N,-8.8,3.4013962571724807,41_404
O=C(Nc1cccc(-c2cccc(-c3cccc(-c4nc5cc(F)ccc5[nH]4)c3F)c2)c1)Nc1cccc(-c2cccc(F)c2F)c1,-9.766666666666666,2.958089856354927,41_405
O=C(c1cccc(-c2cccc(-c3ccc4c(c3)OCO4)c2)c1)N1CCN(c2ncccc2C(F)(F)F)CC1,-8.9,3.464824565737659,41_406
O=C(Nc1cccc(-c2cccc(-c3cccc(C(F)(F)F)c3)c2)c1)Nc1cccc(-c2cccc(F)c2F)c1,-9.398837209302327,2.963519940967514,41_407
O=C(Nc1cccc(-c2cccc(-c3cccc(-c4cccc(-c5ccccc5F)c4)c3)c2)c1)Nc1cccc(C(F)(F)F)c1,-9.7,2.8197828255274384,41_408
O=C(c1cccc(-c2cccc(-c3cccc4ccccc34)c2)c1)N1CCN(C(=O)c2cccc3ccccc23)CC1,-9.542857142857143,3.1497144483216615,41_409
O=C(Nc1cccc(-c2cccc(-c3cccc(-c4ccccc4F)c3)c2)c1)c1ccccc1,-9.212307692307691,3.188129789925851,41_410
O=C(Nc1cccc(-c2cccc(-c3cccc(C(F)(F)F)c3)c2)c1)Nc1cccc(-c2cccc(F)c2F)c1,-9.398837209302327,2.963519940967514,41_411
O=C(Nc1cccc(-c2cccc(-c3cccc(-c4ccccc4F)c3)c2)c1)c1ccccc1,-9.212307692307691,3.188129789925851,41_412
C=C(F)C=c1ccc(=CC(=O)N2CCNC(=O)c3cccc(-c4cccc(-c5cccc(F)c5)c4)c3CC2)nc1,-8.4,1.379041469290616,41_413
Cn1c(-c2cccc(-c3cccc(NC(=O)Nc4cccc(-c5nc6ccccc6[nH]5)c4)c3)c2)nc2ccccc21,-9.3,3.155856228190715,41_414
Cn1c(-c2cccc(-c3cccc(NC(=O)Nc4ccccc4-c4ccccc4)c3)c2)nc2ccccc21,-8.899999999999999,3.223561488915525,41_415
Cn1c(-c2cccc(-c3cccc(NC(=O)Nc4cccc(-c5cccc(C(=O)N6CCOCC6)c5)c4)c3)c2)nc2ccccc21,-9.495348837209304,3.2756851861708367,41_416
O=C(Nc1cccc(-c2cccc(-c3nc4cc(F)ccc4[nH]3)c2)c1)Nc1cccc(-c2cccc(F)c2F)c1,-9.655223880597013,3.1875244530828533,41_417
O=C(Nc1cccc(-c2cccc(F)c2F)c1)N1C=CC=CC(c2cccc(-c3nc4ccccc4[nH]3)c2)=C1,-9.675,2.311019124300209,41_418
Cn1c(-c2cccc(-c3cccc(NC(=O)Nc4cccc(-c5cccc(F)c5F)c4)c3)c2)nc2ccccc21,-9.914457831325302,3.216920496534968,41_419
O=C(Nc1cccc(-c2cccc(-c3ccccc3)c2)c1)c1cccc(-c2cccc3ccccc23)c1,-9.05,3.0594189111400105,41_420
O=C(c1cccc(-c2cccc(C(=O)N3CCN(C(=O)c4cccc(-c5ccccc5F)c4F)CC3)c2)c1)N1CCOCC1,-8.8,3.4204117553787707,41_421
O=C(Nc1cccc(C(F)(F)F)c1)N1C=CC=CC(c2cccc(-c3nc4ccccc4[nH]3)c2)=C1,-8.9,2.414292395269713,41_422
CC=C1C=CC(NN=C(c2ccccc2)c2cc(-c3ccc4c(cnn4C)c3)c3ccccc3n2)=C1,-8.9,3.3498441227448543,41_423
O=C(c1cccc(-c2cccc(-c3cccc(C(=O)N4CCOCC4)c3)c2)c1)N1CCNCC1,-8.824324324324325,3.649506152725788,41_424
O=C(Nc1cc(C(F)(F)F)cc(C(F)(F)F)c1)c1cccc(-c2cccc(-c3cccc(-c4nc5cc(F)ccc5[nH]4)c3F)c2)c1,-8.7,3.068457168361217,41_425
O=C(c1cccc(-c2cccc(-c3cccc(C(=O)N4CCOCC4)c3)c2)c1)N1CCNCC1,-8.824324324324325,3.649506152725788,41_426
O=C(c1cccc(-c2cccc(-c3nc4ccccc4[nH]3)c2)c1)N1CCN(c2cccc(Cl)c2)CC1,-9.14,3.440092756302386,41_427
O=C(c1cccc(-c2cccc(-c3cccc(-c4cccc(F)c4)c3)c2)c1)N1CCNCC1,-9.331372549019608,3.508189933556279,41_428
C=C(C=CC=CC(=C)c1cccc(-c2nc3ccccc3[nH]2)c1)C=CC=CC(=O)N1CCNCC1,-7.168749999999999,3.469586304146949,41_429
O=C(c1cccc(-c2cccc(-c3nc4ccccc4[nH]3)c2)c1)N1CCN(c2cccc(Cl)c2)CC1,-9.14,3.440092756302386,41_430
O=C(c1cccc(-c2cccc(-c3cccc(-c4ccccc4F)c3)c2)c1)N1CCNCC1,-9.361111111111112,3.508189933556279,41_431
O=C(Nc1cccc(-c2cccc(-c3cccc(C(F)(F)F)c3)c2)c1)Nc1cccc(-c2cccc(F)c2F)c1,-9.398837209302327,2.963519940967514,41_432
O=C(c1cccc(-c2cccc(-c3cccc(-c4cccc(F)c4)c3)c2)c1)N1CCNCC1,-9.331372549019608,3.508189933556279,41_433
O=C(Nc1cccc(-c2cccc(-c3nc4cc(F)ccc4[nH]3)c2)c1)Nc1cccc(-c2cccc(F)c2F)c1,-9.655223880597013,3.1875244530828533,41_434
NS(=O)(=O)Nc1cccc(-c2cccc(-c3cccc(-c4cccc(-c5cccc(F)c5)c4)c3)c2)c1,-9.2,3.356079696947411,41_435
O=C(Nc1ccccc1C(=O)O)c1cccc(-c2cccc(-c3cccc(-c4cccc(-c5nn[nH]n5)c4)c3)c2)c1,-9.0,3.2686817724612216,41_436
O=C(Nc1cccc(-c2cccc(-c3cccc(-c4ccccc4F)c3)c2)c1)c1ccccc1,-9.212307692307691,3.188129789925851,41_437
O=C(Nc1cccc(-c2cccc(-c3cccc(-c4ccccc4F)c3)c2)c1)c1ccccc1,-9.212307692307691,3.188129789925851,41_438
O=C(Nc1cccc(-c2cncc(-c3cccc(C(F)(F)F)c3)c2)c1)Nc1cccc(-c2cccc(F)c2F)c1,-8.9,3.093072100896934,41_439
O=C(Nc1cccc(-c2cccc(-c3cccc(-c4cccc(F)c4)c3)c2)c1)Nc1cccc(-c2cccc(F)c2F)c1,-9.478125,2.9869508389213753,41_440
O=C(CN1CCN(c2cccc(-c3cccc(-c4ccccc4F)c3)c2)CC1)Nc1cccc(-c2cccc(F)c2F)c1,-8.1,3.2552908812638135,41_441
O=C(Nc1cccc(-c2cccc(-c3cccc(-c4cccc(F)c4)c3)c2)c1)Nc1cccc(-c2cccc(F)c2F)c1,-9.478125,2.9869508389213753,41_442
O=C(Nc1cccc(-c2cccc(-c3cccc(F)c3)c2)c1)c1cccc(-c2cccc3ccccc23)c1,-8.7,3.089476916355295,41_443
O=C(Nc1cccc(-c2cccc(-c3nc4cc(F)ccc4[nH]3)c2)c1)Nc1cccc(-c2cccc(F)c2F)c1,-9.655223880597013,3.1875244530828533,41_444
O=C(Nc1cccc(-c2cccc(F)c2F)c1)Nc1cccc(-c2cccc(-c3nc4cc(F)ccc4[nH]3)c2F)c1,-10.003921568627451,3.128615257744718,41_445
O=C(Nc1cccc(-c2cccc(-c3cccc(-c4cccc(F)c4)c3)c2)c1)c1ccccc1,-9.193103448275863,3.188129789925851,41_446
O=C(Nc1cccc(-c2cccc(-c3cccc(-c4nn[nH]n4)c3)c2)c1)Nc1cccc(-c2cccc(F)c2F)c1,-9.7375,3.286971097546113,41_447
O=C(Nc1nc2ccccc2[nH]1)c1cccc(-c2cccc(-c3cccc(-c4cccc(C(=O)N5CCOCC5)c4)c3)c2)c1,-9.3,3.3098344230862136,41_448
C=C(C=CC=Cc1cccc(C(=O)N2CCNCC2)c1)c1cccc(-c2nc3ccccc3[nH]2)c1,-7.3999999999999995,3.4780307303611355,41_449
O=C(Nc1cccc(-c2cccc(-c3cccc(-c4ccccc4F)c3)c2)c1)c1ccccc1,-9.212307692307691,3.188129789925851,41_450
O=C(Nc1cccc(-c2cccc(-c3cccc(-c4nn[nH]n4)c3)c2)c1)Nc1cccc(-c2cccc(F)c2F)c1,-9.7375,3.286971097546113,41_451
O=C(c1cccc(-c2cccc(-c3nc4ccccc4[nH]3)c2)c1)N1CCN(c2ccc(F)cc2)CC1,-9.066666666666666,3.4648144352837686,41_452
O=C(c1cc2ccccc2[nH]1)N1CC(=O)N(c2cccc3ccccc23)c2cc(-c3cccc4ccccc34)ccc21,-9.3,3.119353097270105,41_453
O=C(Nc1cccc(-c2cccc(-c3cccc(C(F)(F)F)c3)c2)c1)Nc1cccc(-c2cccc(F)c2F)c1,-9.398837209302327,2.963519940967514,41_454
O=C(c1cccc(-c2cccc(-c3cccc(-c4ccccc4F)c3)c2)c1)N1CCNCC1,-9.361111111111112,3.508189933556279,41_455
O=C(Nc1cccc(-c2cccc(-c3nc4cc(F)ccc4[nH]3)c2)c1)Nc1cccc(-c2cccc(F)c2F)c1,-9.655223880597013,3.1875244530828533,41_456
O=C(Nc1cccc(-c2cccc(-c3cccc(-c4ccccc4F)c3)c2)c1)c1ccccc1,-9.212307692307691,3.188129789925851,41_457
O=S(=O)(Nc1cccc(-c2cccc(F)c2F)c1)c1cccc(-c2cccc(-c3cccc(-c4ccccc4F)c3)c2)c1,-9.3,3.1395896174378493,41_458
O=C(c1ccccc1-c1cc2ccccc2[nH]1)N1CCC(c2nc(-c3ccc4ccccc4n3)no2)CC1,-8.9,3.472736969075991,41_459
Cn1c(-c2cccc(-c3cccc(-c4cccc(NC(=O)Nc5ccccc5)c4)c3)c2)nc2ccccc21,-9.1,3.223561488915525,41_460
C=C(C=CC=CC1=CN(C(=O)Nc2cccc(-c3cc4cc(F)ccc4[nH]3)c2)C=CC=C1)c1cccc(-c2nc3ccccc3[nH]2)c1,-8.7,1.9628205463167046,41_461
O=C(Nc1cccc(-c2cccc(-c3cccc(-c4ccccc4F)c3)c2)c1)c1ccccc1,-9.212307692307691,3.188129789925851,41_462
O=C(Nc1cccc(-c2cccc(-c3cccc(-c4ccccc4F)c3)c2)c1)Nc1cccc(-c2cccc(F)c2F)c1,-9.537499999999998,2.9869508389213753,41_463
O=C(Nc1cccc(-c2cccc(-c3nc4cc(F)ccc4[nH]3)c2)c1)Nc1cccc(-c2cccc(F)c2F)c1,-9.655223880597013,3.1875244530828533,41_464
C=C(C=CC=CC(=C)c1cccc(-c2nc3ccccc3[nH]2)c1)C=CC=CC(=O)N1CCNCC1,-7.168749999999999,3.469586304146949,41_465
O=C(c1cccc(-c2cccc(-c3cccc(-c4ccccc4F)c3)c2)c1)N1CCNCC1,-9.361111111111112,3.508189933556279,41_466
Cn1c(-c2cccc(-c3cccc(NC(=O)Nc4cccc(-c5cccc(C(=O)N6CCOCC6)c5)c4)c3)c2)nc2ccccc21,-9.495348837209304,3.2756851861708367,41_467
O=C(Nc1cccc(-c2cccc(-c3nc4cc(F)ccc4[nH]3)c2)c1)Nc1cccc(-c2cccc(F)c2F)c1,-9.655223880597013,3.1875244530828533,41_468
O=C(Nc1cccc(-c2cccc(-c3cccc(-c4cccc(F)c4)c3)c2)c1)Nc1cccc(-c2cccc3ccccc23)c1,-9.9,2.932598609532068,41_469
O=C(Nc1cccc(-c2cccc(-c3cccc(-c4nn[nH]n4)c3)c2)c1)Nc1cccc(-c2cccc(F)c2F)c1,-9.7375,3.286971097546113,41_470
Cn1c(-c2cccc(N3CC[C@H](NC(=O)c4cccc(-c5cccc6ccccc56)c4)C3)c2)nc2ccccc21,-8.7,3.3733126707226946,41_471
O=C(Nc1cccc(-c2cccc(-c3nc4cc(F)ccc4[nH]3)c2)c1)Nc1cccc(-c2cccc(F)c2F)c1,-9.655223880597013,3.1875244530828533,41_472
Cc1cc2cccc(-c3cccc(-c4cccc(-c5nc6cc(F)ccc6[nH]5)c4)c3)c2[nH]1,-9.9,3.1601191373742523,41_473
Cn1c(-c2cccc(-c3cccc(NC(=O)Nc4cccc(-c5cccc(C(=O)N6CCOCC6)c5)c4)c3)c2)nc2ccccc21,-9.495348837209304,3.2756851861708367,41_474
O=C(Nc1cccc(-c2cccc(-c3nc4cc(F)ccc4[nH]3)c2)c1)Nc1cccc(-c2cccc(F)c2F)c1,-9.655223880597013,3.1875244530828533,41_475
N#Cc1cccnc1-c1cccc(-c2cccc(NC(=O)Nc3cccc(-c4cccc(F)c4F)c3)c2)c1,-8.955555555555556,3.3763915698637668,41_476
Nc1ccccc1-c1nc2cc(C(=O)O)ccc2n1-c1cccc(-c2cccc3ccccc23)c1,-8.9,3.400421397425455,41_477
O=C(c1cccc(-c2cccc(-c3cccc(-c4ccccc4F)c3)c2)c1)N1CCNCC1,-9.361111111111112,3.508189933556279,41_478
CC(=CC=CC=NC(=O)Nc1cccc(-c2cccc(-c3cccc(C(=O)N4CCOCC4)c3)c2)c1)c1cccc(F)c1F,-7.7,3.2742949549260216,41_479
O=C(c1ccc2c(c1)OCO2)N1CCN(c2cccc(C(F)(F)F)c2)CC1,-7.3,3.607635029930599,41_480
O=C(c1cccc(-c2cccc(-c3cccc(-c4cccc(F)c4)c3)c2)c1)N1CCNCC1,-9.331372549019608,3.508189933556279,41_481
O=C(c1cccc(-c2cccc(-c3nc4ccccc4[nH]3)c2)c1)N1CCN(c2ccccc2)CC1,-8.72857142857143,3.469314490794095,41_482
O=C(Nc1cccc(-c2cccc(-c3nc4ccccc4[nH]3)c2)c1)Nc1cccc(-c2cccc(F)c2F)c1,-9.932142857142859,3.218592063451191,41_483
O=C(c1cccc(-c2cccc(-c3cccc(-c4ccccc4F)c3)c2)c1)N1CCNCC1,-9.361111111111112,3.508189933556279,41_484
O=C(c1cccc(-c2cccc(-c3cccc4ccccc34)c2)c1)N1CCN(C(=O)c2cccc3ccccc23)CC1,-9.542857142857143,3.1497144483216615,41_485
O=C(Nc1cccc(-c2cccc(-c3nc4cc(F)ccc4[nH]3)c2)c1)Nc1cccc(-c2cccc(F)c2F)c1,-9.655223880597013,3.1875244530828533,41_486
C=C(C=CC=CC(=C)c1cccc(-c2nc3ccccc3[nH]2)c1)C=CC=CC(=O)N1CCNCC1,-7.168749999999999,3.469586304146949,41_487
O=C(Nc1cccc(-c2cccc(F)c2F)c1)Nc1cc(-c2cccc(C(=O)Nc3ccccc3F)c2)ncn1,-8.9,3.320160089221315,41_488
O=C(c1cccc(-c2cccc(-c3cccc4ccccc34)c2)c1)N1CCN(C(=O)c2ccc3c(c2)OCO3)CC1,-9.399999999999999,3.2703075927733467,41_489
O=C(c1cccc(-c2cccc(-c3cccc(-c4ccccc4F)c3)c2)c1)N1CCNCC1,-9.361111111111112,3.508189933556279,41_490
O=C1N=C(Nc2ncccn2)N=C1Cc1cccc(-c2cccc(-c3cccc(-c4nn[nH]n4)c3)c2)c1,-8.7,3.296681773759348,41_491
O=C(Nc1cccc(-c2cccc(-c3cccc(-c4nn[nH]n4)c3)c2)c1)Nc1cccc(-c2cccc(F)c2F)c1,-9.7375,3.286971097546113,41_492
O=C(c1cccc(-c2cccc(-c3cccc(-c4ccccc4F)c3)c2)c1)N1CCNCC1,-9.361111111111112,3.508189933556279,41_493
O=C(c1cccc(-c2cccc(-c3ccc4c(c3)OCCO4)c2Cl)c1)N1CCNCC1,-8.183333333333332,3.649925043798632,41_494
O=C(Nc1cccc(-c2cccc(-c3cccc(-c4cccc(F)c4)c3)c2)c1)Nc1cccc(-c2cccc(F)c2F)c1,-9.478125,2.9869508389213753,41_495
O=C(Nc1cccc(-c2cccc(-c3cccc(-c4nn[nH]n4)c3)c2)c1)Nc1cccc(-c2cccc(F)c2F)c1,-9.7375,3.286971097546113,41_496
O=C(O)Cc1ccc2c(c1)C(=O)c1ccccc1CO2,-6.9,2.7080518947788064,41_497
O=C(Nc1nc2ccccc2cc1-c1cccc(-c2ccc3c(c2)OCCO3)c1F)c1cccc(-c2ccccc2F)c1,-10.2,3.30046572021849,41_498
O=C(c1cccc(-c2cccc(-c3ccccc3F)c2)c1)N1CCN(c2cccc(C(F)(F)F)c2)CC1,-8.5,3.323511212462599,41_499
O=S(=O)(F)c1cccc(-c2cccc(-c3cccc(-c4cccc(-c5cccc(F)c5)c4)c3)c2)c1,-9.8,3.209211963469211,41_500
O=C(Nc1ccc(-c2cc(-c3ccccc3)nc(-c3ccccc3F)c2)cc1)Nc1cccc(-c2cccc(F)c2)c1,-7.8,3.1564447469834516,41_501
O=C(Nc1cccc(-c2cccc(-c3cccc(-c4nc5ccccc5[nH]4)c3)c2)c1)Nc1cccc(-c2cccc(F)c2F)c1,-9.799999999999999,3.045512900888348,41_502
O=C(c1cccc(-c2cccc(-c3cccc(-c4ccccc4F)c3)c2)c1)N1CCNCC1,-9.361111111111112,3.508189933556279,41_503
O=C(Nc1cccc(-c2cccc(-c3cccc(-c4ccccc4F)c3)c2)c1)c1ccccc1,-9.212307692307691,3.188129789925851,41_504
O=C(Nc1cccc(-c2cccc(-c3cccc(F)c3)c2)c1)c1cccc(-c2ccc3ccccc3c2)c1,-9.0,3.089476916355295,41_505
N#Cc1cccnc1-c1cccc(C2=CC(=CC3=CC(C=NC(=O)Nc4cccc(-c5cccc(C(F)(F)F)c5)c4)=CC3)C=C2)c1,-7.5,3.1586670528293728,41_506
O=C(NCc1ccccc1F)c1cccc(-c2cccc(-c3cccc(-c4cccc(C(F)(F)F)c4)c3)c2)c1,-9.3,3.073895475303068,41_507
C=C(C=CC=Cc1cccc(NC(=O)Nc2cccc(-c3cccc(F)c3F)c2)c1)c1cccc(-c2cccc(F)c2)c1,-9.1,2.904944580901149,41_508
O=C(c1cccc(-c2cccc(-c3cccc(-c4ccccc4F)c3)c2)c1)N1CCNCC1,-9.361111111111112,3.508189933556279,41_509
O=C(Nc1cccc(-c2cccc(-c3nc4ccccc4[nH]3)c2)c1)Nc1cccc(-c2cccc(F)c2F)c1,-9.932142857142859,3.218592063451191,41_510
C=C(C=CC=CC(=C)c1cccc(-c2nc3ccccc3[nH]2)c1)C=CC=CC(=O)N1CCN(c2ccccc2F)CC1,-7.7,3.2496237456066845,41_511
N#Cc1cccnc1-c1cccc(-c2cccc(NC(=O)Nc3cccc(-c4cccc(F)c4F)c3)c2)c1,-8.955555555555556,3.3763915698637668,41_512
O=C(Nc1cccc(-c2cccc(-c3cccc(-c4ccccc4F)c3)c2)c1)Nc1cccc(-c2cccc(F)c2F)c1,-9.537499999999998,2.9869508389213753,41_513
O=C(Nc1cccc(-c2cccc(-c3cccc(C(=O)N4CCOCC4)c3)c2)c1)Nc1cccc(-c2cccc(F)c2F)c1,-9.424324324324322,3.254566509495188,41_514
O=C(Nc1cccc(-c2cccc(-c3nc4cc(F)ccc4[nH]3)c2)c1)Nc1cccc(-c2cccc(F)c2F)c1,-9.655223880597013,3.1875244530828533,41_515
O=C(c1cccc(-c2cccc(-c3cccc(-c4cccc(F)c4)c3)c2)c1)N1CCNCC1,-9.331372549019608,3.508189933556279,41_516
O=C(Nc1cccc(-c2cccc(-c3cccc(-c4ccccc4F)c3)c2)c1)c1ccccc1,-9.212307692307691,3.188129789925851,41_517
O=C(Nc1cccc(-c2cccc(-c3nc4cc(F)ccc4[nH]3)c2)c1)Nc1cccc(-c2cccc(F)c2F)c1,-9.655223880597013,3.1875244530828533,41_518
O=C(Nc1cccc(-c2cccc(-c3cccc(C(=O)N4CCOCC4)c3)c2)c1)Nc1cccc(-c2cccc(F)c2F)c1,-9.424324324324322,3.254566509495188,41_519
O=C(c1cccc(-c2cccc(-c3cccc(-c4ccccc4F)c3)c2)c1)N1CCNCC1,-9.361111111111112,3.508189933556279,41_520
C=C(C=CC=Cc1cccc(-c2cccc(-n3c(=O)[nH]c4ccccc43)c2)c1)c1cccc(-c2nc3ccccc3[nH]2)c1,-8.9,3.127786842363825,41_521
O=C(Nc1cccc(-c2ccccc2)c1)Nc1cccc(-c2cccc(-c3cccc(-c4ccccc4F)c3)c2)c1,-9.5,3.0022135698936827,41_522
O=C(Nc1cccc(-c2cccc(-c3cccc(C(F)(F)F)c3)c2)c1)Nc1cccc(-c2cccc(F)c2F)c1,-9.398837209302327,2.963519940967514,41_523
Cn1c(-c2cccc(-c3cccc(NC(=O)Nc4cccc(-c5cccc(F)c5F)c4)c3)c2)nc2ccccc21,-9.914457831325302,3.216920496534968,41_524
O=C(Nc1cccc(-c2cccc(-c3cccc(-c4cccc(C(F)(F)F)c4)c3)c2)c1)Nc1cccc(-c2cccc(F)c2F)c1,-8.833333333333332,2.8261386050460415,41_525
O=C(Nc1cccc(-c2cccc(-c3nc4cc(F)ccc4[nH]3)c2)c1)Nc1cccc(-c2cccc(F)c2F)c1,-9.655223880597013,3.1875244530828533,41_526
O=C(Nc1cccc(-c2cccc(-c3nc4cc(F)ccc4[nH]3)c2)c1)Nc1cccc(-c2cccc(F)c2F)c1,-9.655223880597013,3.1875244530828533,41_527
O=C(c1cccc(-c2cccc(-c3cccc(C(=O)N4CCOCC4)c3)c2)c1)N1CCNCC1,-8.824324324324325,3.649506152725788,41_528
O=C(Nc1cccc(-c2cccc(-c3cccc(-c4ccccc4F)c3)c2)c1)c1ccccc1,-9.212307692307691,3.188129789925851,41_529
O=C(Nc1cccc(-c2cccc(C(=O)N3CCOCC3)c2)c1)Nc1cccc(-c2cccc(F)c2F)c1,-9.7125,3.5133545427940325,41_530
O=C(Nc1cccc(-c2cccc(-c3cccc(-c4ccccc4F)c3)c2)c1)c1ccccc1,-9.212307692307691,3.188129789925851,41_531
O=C(Nc1cccc(-c2cccc(-c3cccc(C(F)(F)F)c3)c2)c1)Nc1cccc(-c2cccc(F)c2F)c1,-9.398837209302327,2.963519940967514,41_532
O=C(c1cccc(-c2cccc(-c3cccc(-c4cccc(F)c4)c3)c2)c1)N1CCNCC1,-9.331372549019608,3.508189933556279,41_533
O=C(c1cccc(-c2cccc(-c3cccc(-c4cccc(F)c4)c3)c2)c1)N1CCNCC1,-9.331372549019608,3.508189933556279,41_534
O=C(Nc1cccc(F)c1)Nc1cccc(-c2cccc(-c3cccc(C(=O)N4CCOCC4)c3)c2)c1,-10.0,3.522647590392938,41_535
Cn1c(-c2cccc(-c3cccc(-c4cccc(NS(=O)(=O)Nc5cccc(-c6cccc(F)c6F)c5)c4)c3)c2)nc2ccccc21,-8.8,3.0432332861162372,41_536
O=C(c1cccc(-c2cccc(-c3cccc(-c4ccccc4F)c3)c2)c1)N1CCNCC1,-9.361111111111112,3.508189933556279,41_537
O=C(Nc1cccc(-c2cccc(-c3cccc(C(F)(F)F)c3)c2)c1)Nc1cccc(-c2cccc(F)c2F)c1,-9.398837209302327,2.963519940967514,41_538
O=C(Nc1cccc(-c2cccc(-c3ccc4c(c3)OCO4)c2)c1)Nc1cccc(-c2ccccc2F)c1,-9.233333333333333,3.2275735778690695,41_539
Cn1c(-c2cccc(-c3cccc(-c4cccc(-c5cccc(NC(=O)Nc6cccc(-c7cccc8ccccc78)c6)c5)c4)c3)c2)nc2ccccc21,-10.8,2.9001641056110152,41_540
O=C(Nc1cccc(-c2cccc(-c3cccc(F)c3)c2)c1)c1cccc(-c2cccc(-c3cccc4ccccc34)c2)c1,-9.4,2.9319615900351637,41_541
O=C(Nc1cccc(-c2cccc(-c3cccc(-c4ccccc4F)c3)c2)c1)Nc1cccc(-c2cccc(F)c2F)c1,-9.537499999999998,2.9869508389213753,41_542
C=C(C=CC=CC1=CN(C(=O)Nc2cccc(-c3cccc(F)c3F)c2)C=CC=C1)c1cccc(-c2nc3ccccc3[nH]2)c1,-8.196,2.0807625124520213,41_543
Cn1c(-c2cccc(-c3cccc(NC(=O)Nc4cccc(-c5cccc(F)c5F)c4)c3)c2)nc2ccccc21,-9.914457831325302,3.216920496534968,41_544
O=C(c1cccc(-c2cccc(-c3cccc(-c4cccc(F)c4)c3)c2)c1)N1CCNCC1,-9.331372549019608,3.508189933556279,41_545
O=C(Nc1cccc(-c2cccc(-c3nc4cc(F)ccc4[nH]3)c2)c1)Nc1cccc(-c2cccc(F)c2F)c1,-9.655223880597013,3.1875244530828533,41_546
Cn1c(-c2cccc(-c3cccc(NC(=O)Nc4cccc(-c5cccc(-c6ccccc6F)c5)c4)c3)c2)nc2ccccc21,-9.950000000000001,3.0539916384657317,41_547
Cn1c(-c2cccc(-c3cccc(NC(=O)Nc4cccc(-c5cccc(F)c5F)c4)c3)c2)nc2ccccc21,-9.914457831325302,3.216920496534968,41_548
O=C(Nc1cccc(-c2cccc(-c3nc4cc(F)ccc4[nH]3)c2)c1)Nc1cccc(-c2cccc(F)c2F)c1,-9.655223880597013,3.1875244530828533,41_549
O=C(c1cccc(-c2cccc(-c3nc4ccccc4[nH]3)c2)c1)N1CCN(c2cccc(F)c2F)CC1,-9.3,3.467767080534564,41_550
C=C(C=CC=Cc1cccc([C@@H]2CCCCCO2)c1)c1cccc(-c2nc3ccccc3[nH]2)c1,-7.8,2.3492000131375135,41_551
O=C(Nc1cccc(-c2cccc(-c3nc4cc(F)ccc4[nH]3)c2)c1)Nc1cccc(-c2cccc(F)c2F)c1,-9.655223880597013,3.1875244530828533,41_552
O=C(NCCc1ccccc1)c1cccc(-c2cccc(-c3cccc(-c4cccc(-c5ccccc5F)c4)c3)c2)c1,-8.6,2.9395881390256515,41_553
O=C(Nc1cccc(-c2cccc(-c3nc4cc(F)ccc4[nH]3)c2)c1)Nc1cccc(-c2cccc(F)c2F)c1,-9.655223880597013,3.1875244530828533,41_554
O=C(c1cccc(-c2cccc(-c3ccc4c(c3)OCCO4)c2F)c1)N1CCNCC1,-8.669565217391305,3.6553838184373157,41_555
O=C(Nc1cccc(-c2cccc(-c3cccc(C(=O)N4CCOCC4)c3)c2)c1)c1ccccc1,-8.963636363636365,3.5759240999335113,41_556
O=Cc1ccccc1N=C(Nc1ccccc1)c1cccc(-c2cccc(-c3ccc4c(c3)OCCO4)c2F)c1,-8.1,3.1463170842329795,41_557
N#Cc1cccnc1-c1cccc(-c2cccc(NC(=O)c3cccc(-c4cccc(-c5cccc(-c6nn[nH]n6)c5)c4)c3)c2)c1,-9.2,3.2004447604300843,41_558
O=C(c1cccc(-c2cccc(-c3cccc(-c4ccccc4F)c3)c2)c1)N1CCNCC1,-9.361111111111112,3.508189933556279,41_559
O=C(Nc1cccc(-c2cccc(C(=O)N3CCOCC3)c2)c1)Nc1cccc(-c2cccc(-c3ccc4c(c3)OCO4)c2)c1,-10.075,3.203574602452801,41_560
CC1=CC=C(n2nnc(-c3cccc(-c4cccc(-c5cccc(F)c5)c4)c3)c2C)C1C,-8.4,3.4633464857943563,41_561
O=C(Nc1cccc(-c2cccc(-c3nc4cc(F)ccc4[nH]3)c2)c1)Nc1cccc(-c2cccc(F)c2F)c1,-9.655223880597013,3.1875244530828533,41_562
O=C(Nc1cccc(-c2cccc(-c3cccc(C(F)(F)F)c3)c2)c1)Nc1cccc(-c2cccc(F)c2F)c1,-9.398837209302327,2.963519940967514,41_563
O=C(O)c1cccc(-c2cccc(-c3cccc(-c4cccc(-c5ccccc5F)c4)c3)c2)c1,-9.5,3.2132483578418483,41_564
O=C(Nc1cccc(-c2cccc(-c3cccc(-c4ccccc4F)c3)c2)c1)Nc1cccc(-c2cccc(F)c2F)c1,-9.537499999999998,2.9869508389213753,41_565
Cn1c(-c2cccc(-c3cccc(NC(=O)Nc4cccc(-c5cccc(F)c5F)c4)c3)c2)nc2ccccc21,-9.914457831325302,3.216920496534968,41_566
O=C(c1cccc(-c2cccc(-c3cccc4ccccc34)c2)c1)N1CCN(C(=O)c2ccc3c(c2)OCO3)CC1,-9.399999999999999,3.2703075927733467,41_567
O=C(Nc1cccc(-c2cccc(F)c2F)c1)Nc1cccc(-c2cccc(-c3nc4cc(F)ccc4[nH]3)c2F)c1,-10.003921568627451,3.128615257744718,41_568
Cn1c(-c2cccc(-c3cccc(NC(=O)Nc4cccc(-c5cccc(F)c5F)c4)c3)c2)nc2ccccc21,-9.914457831325302,3.216920496534968,41_569
O=C(Nc1cccc2ccccc12)c1cccc(-c2cccc(-c3cccc(-c4cccc(-c5ccccc5F)c4)c3)c2)c1,-9.55,2.9319615900351637,41_570
O=C(c1cccc(-c2cccc(-c3cccc(F)c3)c2)c1)N1CCN(c2cccc(C(F)(F)F)c2)CC1,-8.672727272727272,3.323511212462599,41_571
O=C(Nc1cccc(-c2cccc(-c3cccc(C(F)(F)F)c3)c2)c1)Nc1cccc(-c2cccc(F)c2F)c1,-9.398837209302327,2.963519940967514,41_572
Cn1c(-c2cccc(-c3cccc(NC(=O)Nc4cccc(-c5cccc(F)c5F)c4)c3)c2)nc2ccccc21,-9.914457831325302,3.216920496534968,41_573
O=C(Nc1cccc(-c2cccc(-c3nc4cc(F)ccc4[nH]3)c2)c1)Nc1cccc(-c2cccc(F)c2F)c1,-9.655223880597013,3.1875244530828533,41_574
O=C(Nc1cccc(-c2cccc(-c3nc4ccccc4[nH]3)c2)c1)Nc1cccc(-c2cccc(F)c2F)c1,-9.932142857142859,3.218592063451191,41_575
O=C(c1cccc(-c2cccc(-c3cccc(C(=O)N4CCOCC4)c3)c2)c1)N1CCNCC1,-8.824324324324325,3.649506152725788,41_576
O=C(Nc1cccc(-c2cccc(F)c2F)c1)Nc1cccc(-c2cccc(-c3cccc(F)c3)c2)n1,-9.2,3.3227835356109523,41_577
O=C(c1cccc(-c2cccc(-c3nc4ccccc4[nH]3)c2)c1)N1CCN(c2cccc(Cl)c2)CC1,-9.14,3.440092756302386,41_578
N#Cc1cccnc1-c1cccc(-c2cccc(NC(=O)Nc3cccc(-c4cccc(F)c4F)c3)c2)c1,-8.955555555555556,3.3763915698637668,41_579
O=C(Nc1cccc(-c2cccc(-c3ccccc3F)c2)c1)c1cccc(-c2cccc(-c3cccc(-c4ccccc4F)c3)c2)c1,-8.2,2.866644854216854,41_580
O=C(c1cccc(-c2cccc(-c3cccc(-c4cccc(F)c4)c3)c2)c1)N1CCNCC1,-9.331372549019608,3.508189933556279,41_581
O=C(Nc1cccc(-c2cccc(-c3cccc(C(=O)N4CCOCC4)c3)c2)c1)Nc1cccc(-c2cccc(F)c2F)c1,-9.424324324324322,3.254566509495188,41_582
NC(=O)c1cccc(-c2cccc(-c3cccc(-c4cccc(C(=O)N5CCOCC5)c4)c3)c2)c1,-9.6,3.5892068984306764,41_583
Cn1c(-c2cccc(-c3cccc(NC(=O)Nc4cccc(-c5cccc(F)c5F)c4)c3)c2)nc2ccccc21,-9.914457831325302,3.216920496534968,41_584
O=C(Nc1cccc(-c2cccc(-c3cccc(C(F)(F)F)c3)c2)c1)Nc1cccc(-c2cccc(F)c2F)c1,-9.398837209302327,2.963519940967514,41_585
O=C(c1cccc(-c2cccc(-c3ccc4c(c3)OCCO4)c2F)c1)N1CCNCC1,-8.669565217391305,3.6553838184373157,41_586
O=C(Nc1cccc(-c2cccc(-c3nc4cc(F)ccc4[nH]3)c2F)c1)Nc1cc(C(F)(F)F)ccc1F,-8.0,3.0950383794696763,41_587
Cn1c(-c2cccc(-c3cccc(NC(=O)Nc4cccc(-c5cccc(F)c5F)c4)c3)c2)nc2ccccc21,-9.914457831325302,3.216920496534968,41_588
O=C(c1cccc(-c2cccc(-c3ccc4c(c3)OCCO4)c2F)c1)N1CCNCC1,-8.669565217391305,3.6553838184373157,41_589
O=C(Nc1cccc(-c2cccc(-c3nc4ccccc4[nH]3)c2)c1)Nc1cccc(-c2cccc(F)c2F)c1,-9.932142857142859,3.218592063451191,41_590
Cn1c(-c2cccc(-c3cccc(-c4cccc(C(=O)N5CCNCC5)c4)c3)c2)nc2ccccc21,-9.312000000000001,3.480167691596529,41_591
C=C(C=CC=CC1=CN(C(=O)Nc2cccc(-c3cccc(F)c3F)c2)C=CC=C1)c1cccc(-c2nc3ccccc3[nH]2)c1,-8.196,2.0807625124520213,41_592
O=C(Nc1cccc(-c2cccc(F)c2F)c1)Nc1cccc(-c2cccc(-c3nc4cc(F)ccc4[nH]3)c2F)c1,-10.003921568627451,3.128615257744718,41_593
Cn1c(-c2cccc(-c3cccc(NC(=O)Nc4cccc(-c5cccc(F)c5F)c4)c3)c2)nc2ccccc21,-9.914457831325302,3.216920496534968,41_594
Fc1cccc(-c2cccc(-c3cccc(-c4cccc(-c5ccccc5F)c4)c3)c2)c1,-9.3,2.899723137187257,41_595
O=C(Nc1cccc(-c2cccc(-c3cccc(-c4ccccc4F)c3)c2)c1)Nc1cccc(-c2cccc(F)c2F)c1,-9.537499999999998,2.9869508389213753,41_596
O=C(Nc1cccc(-c2cccc(-c3nc4cc(F)ccc4[nH]3)c2)c1)Nc1cccc(-c2cccc(F)c2F)c1,-9.655223880597013,3.1875244530828533,41_597
O=C(Nc1cccc(-c2cccc(-c3cccc(-c4ccccc4F)c3)c2)c1)Nc1cccc(-c2cc3ccccc3o2)c1,-10.4,3.067506375380537,41_598
Cn1c(-c2cccc(-c3cccc(NC(=O)Nc4cccc(-c5cccc(F)c5F)c4)c3)c2)nc2ccccc21,-9.914457831325302,3.216920496534968,41_599
O=C(Nc1cccc(-c2cccc(-c3nc4cc(F)ccc4[nH]3)c2)c1)Nc1cccc(-c2cccc(F)c2F)c1,-9.655223880597013,3.1875244530828533,41_600
O=C(Nc1cccc(-c2cccc(-c3cccc(-c4cccc(F)c4)c3)c2)c1)Nc1cccc(-c2cccc(F)c2F)c1,-9.478125,2.9869508389213753,41_601
O=C(Nc1cccc(-c2cccc(-c3cccc(-c4cccc(F)c4)c3)c2)c1)c1ccccc1,-9.193103448275863,3.188129789925851,41_602
O=C(c1cccc(-c2cccc(-c3cccc(-c4cccc(F)c4)c3)c2)c1)N1CCNCC1,-9.331372549019608,3.508189933556279,41_603
Cn1c(-c2cccc(-c3cccc(NC(=O)Nc4cccc(-c5cccc(F)c5F)c4)c3)c2)nc2ccccc21,-9.914457831325302,3.216920496534968,41_604
O=C(Nc1cccc(-c2cccc(-c3cccc(C(F)(F)F)c3)c2)c1)Nc1cccc(-c2cccc(F)c2F)c1,-9.398837209302327,2.963519940967514,41_605
Cn1c(-c2cccc(-c3cccc(-c4cccc(C(=O)N5CCNCC5)c4)c3)c2)nc2ccccc21,-9.312000000000001,3.480167691596529,41_606
O=C(Nc1cccc(-c2cccc(-c3cccc(C(F)(F)F)c3)c2)c1)Nc1cccc(-c2cccc(F)c2F)c1,-9.398837209302327,2.963519940967514,41_607
O=C(Nc1cccc(-c2cccc(-c3cccc(C(=O)N4CCOCC4)c3)c2)c1)Nc1cccc(-c2cccc(F)c2F)c1,-9.424324324324322,3.254566509495188,41_608
O=C(Nc1cccc(-c2cccc(-c3cccc(C(=O)N4CCOCC4)c3)c2)c1)c1ccccc1,-8.963636363636365,3.5759240999335113,41_609
N#Cc1cccnc1-c1cccc(-c2cccc(NC(=O)Nc3cccc(-c4cccc(F)c4F)c3)c2)c1,-8.955555555555556,3.3763915698637668,41_610
O=C(c1cccc(-c2cccc(-c3cccc4ccccc34)c2)c1)N1CCN(c2cccc(C(F)(F)F)c2)CC1,-9.459999999999999,3.155724006991007,41_611
O=C(c1cccc(-c2cccc(-c3cccc4ccccc34)c2)c1)N1CCN(C(=O)c2cccc(F)c2F)CC1,-9.671428571428569,3.2507959847575894,41_612
O=C(Nc1cccc(-c2cccc(-c3nc4cc(F)ccc4[nH]3)c2)c1)Nc1cccc(-c2cccc(F)c2F)c1,-9.655223880597013,3.1875244530828533,41_613
O=C(Nc1cccc(-c2cccc(-c3cccc(-c4cccc(F)c4)c3)c2)c1)c1ccccc1,-9.193103448275863,3.188129789925851,41_614
O=C(c1cccc(-c2cccc(C(=O)N3CCN(c4cccc5ccccc45)CC3)c2)c1)N1CCOCC1,-9.5,3.4618681302811662,41_615
O=C(Nc1nc2ccccc2nc1Nc1cccc(-c2ccccc2F)c1)c1cccc(-c2cccc(-c3cccc(-c4ccccc4F)c3)c2)c1,-9.2,3.0231627472445934,41_616
O=C(Nc1cccc(-c2cccc(-c3nc4cc(F)ccc4[nH]3)c2)c1)Nc1cccc(-c2cccc(F)c2F)c1,-9.655223880597013,3.1875244530828533,41_617
O=C(c1cccc(-c2cccc(-c3cccc(-c4cccc(F)c4)c3)c2)c1)N1CCNCC1,-9.331372549019608,3.508189933556279,41_618
O=C(Nc1cccc(-c2cccc(-c3nc4ccccc4[nH]3)c2)c1)Nc1cccc(-c2cccc(F)c2F)c1,-9.932142857142859,3.218592063451191,41_619
O=C(Nc1cccc(-c2cccc(C(=O)N3CCOCC3)c2)c1)Nc1cccc(-c2cccc(-c3nc4ccccc4[nH]3)c2)c1,-10.8,3.1992077519723034,41_620
C1=CCC(c2nnc(-c3cccc(-c4cccc(-c5nc6ccccc6[nH]5)c4)c3)o2)C=C1,-8.7,3.5126987313497615,41_621
O=C(Nc1cccc(-c2cccc(-c3cccc(C(F)(F)F)c3)c2)c1)Nc1cccc(-c2cccc(F)c2F)c1,-9.398837209302327,2.963519940967514,41_622
Cn1c(-c2cccc(-c3cccc(NC(=O)Nc4cccc(-c5cccc(F)c5F)c4)c3)c2)nc2ccccc21,-9.914457831325302,3.216920496534968,41_623
O=C(c1cccc(-c2cccc(-c3cccc(-c4cccc(F)c4)c3)c2)c1)N1CCNCC1,-9.331372549019608,3.508189933556279,41_624
C=C(C=CC=CC(=C)c1cccc(-c2nc3ccccc3[nH]2)c1)C=CC=CC(=O)N1CCNCC1,-7.168749999999999,3.469586304146949,41_625
Cn1c(-c2cccc(-c3cccc(NC(=O)Nc4cccc(-c5cccc(-c6ccccc6)c5)c4)c3)c2)nc2ccccc21,-10.299999999999999,3.0563724042831923,41_626
C=C(C=CC=CC(=C)c1cccc(-c2nc3ccccc3[nH]2)c1)C=CC=CC(=O)N1CCNCC1,-7.168749999999999,3.469586304146949,41_627
O=C(Nc1cccc(-c2cccc(-c3cccc(C(=O)N4CCOCC4)c3)c2)c1)Nc1cccc(-c2cccc(F)c2F)c1,-9.424324324324322,3.254566509495188,41_628
O=C(Nc1cccc(-c2ccccc2F)c1)C1CNCCN1C(=O)c1cccc(-c2cccc(-c3ccc4c(c3)OCCO4)c2Cl)c1,-7.8,3.175315267786676,41_629
O=c1c2ccccc2nc(/C=C/c2cccc(F)c2)n1-c1cccc(-c2cccc(-c3cccc4ccccc34)c2)c1,-8.1,3.141474722018315,41_630
Cn1c(-c2cccc(-c3cccc(NC(=O)Nc4cccc5ccccc45)c3)c2)nc2ccccc21,-9.1,3.2766385498794826,41_631
O=C(c1cccc(-c2cccc(-c3ccc4c(c3)OCCO4)c2F)c1)N1CCN2CCC[C@@H]2C1,-8.8,3.45314607710506,41_632
O=C(c1cccc(-c2cccc(-c3cccc4ccccc34)c2)c1)N1CCN(c2cccc(C(F)(F)F)c2)CC1,-9.459999999999999,3.155724006991007,41_633
O=C(Nc1cccc(-c2cccc(-c3nc4cc(F)ccc4[nH]3)c2)c1)Nc1cccc(-c2cccc(F)c2F)c1,-9.655223880597013,3.1875244530828533,41_634
CS(=O)(=O)Nc1cccc(-c2cccc(-c3cccc(-c4cccc(-c5nn[nH]n5)c4)c3)c2)c1,-9.3,3.4197627079584167,41_635
O=C(c1cccc(-c2cccc(-c3ccc4c(c3)OCO4)c2)c1)N1CCN(C(=O)c2cccc(F)c2F)CC1,-9.419999999999998,3.4645763407894306,41_636
O=C(c1cccc(-c2cccc(-c3nc4ccccc4[nH]3)c2)c1)N1CCN(c2cccc3ccccc23)CC1,-9.25,3.3667479500115878,41_637
O=C1CCN(C(=O)c2cc(F)cc(F)c2)CCNc2c1ccc1c(-c3cccc(-c4ccccc4F)c3)cccc21,-9.1,1.1390310530681216,41_638
CN(CCO)c1cncc(-c2cccc(-c3cccc(-c4cccc(-c5cccc(F)c5)c4)c3)c2)c1,-8.9,3.3281510382580493,41_639
C=C(C=CC=CC1=CN(C(=O)Nc2cccc(-c3cccc(F)c3F)c2)C=CC=C1)c1cccc(-c2nc3ccccc3[nH]2)c1,-8.196,2.0807625124520213,41_640
O=C(Nc1cccc(-c2cccc(-c3cccc(C(F)(F)F)c3)c2)c1)Nc1cccc(-c2cccc(F)c2F)c1,-9.398837209302327,2.963519940967514,41_641
O=C(c1cccc(-c2cccc(-c3cccc(-c4ccccc4F)c3)c2)c1)N1CCNCC1,-9.361111111111112,3.508189933556279,41_642
Oc1cccc(-c2cc(-c3cccc(F)c3)c3oc4ccc(F)cc4c3n2)c1,-9.25,3.4766283667268425,41_643
O=C(Nc1cccc(-c2cccc(-c3cccc(-c4cccc(-c5nc6cc(F)ccc6[nH]5)c4F)c3)c2)c1)c1ccccc1,-9.1,3.1427678385567095,41_644
Fc1cccc(-c2cccc(-c3cccc(-c4cccc(-c5cccc(-c6nc7cc(F)ccc7[nH]6)c5F)c4)c3)c2)c1,-10.6,2.992405666152449,41_645
Cn1c(-c2cccc(-c3cccc(NC(=O)Nc4cccc(-c5cccc(C(=O)N6CCOCC6)c5)c4)c3)c2)nc2ccccc21,-9.495348837209304,3.2756851861708367,41_646
Cn1c(-c2cccc(-c3cccc(NC(=O)Nc4cccc(-c5cccc(F)c5F)c4)c3)c2)nc2ccccc21,-9.914457831325302,3.216920496534968,41_647
O=C(Nc1cccc(-c2cccc(-c3cccc(C(F)(F)F)c3)c2)c1)Nc1cccc(-c2cccc(F)c2F)c1,-9.398837209302327,2.963519940967514,41_648
O=C(O)C=C1C=C(c2cccc(-c3cccc(-c4ccccc4F)c3)c2)N=C1c1ccccc1,-8.5,3.409470968791409,41_649
O=C(Nc1ccc(-c2cccc(-c3nc4ccccc4[nH]3)c2)cc1)Nc1cccc(-c2cccc(F)c2F)c1,-8.9,3.218592063451191,41_650
C=C(C=CC=CC(=C)c1cccc(-c2nc3ccccc3[nH]2)c1)C=CC=CC(=O)N1CCNCC1,-7.168749999999999,3.469586304146949,41_651
O=C(Nc1cccc(-c2cccc(-c3cccc(F)c3)c2)c1)c1cccc(-c2cccc(-c3cccc(-c4ccccc4F)c3)c2)c1,-8.45,2.866644854216854,41_652
O=C(Nc1ccccc1)Nc1cccc(-c2cccc(-c3cccc(-c4cccc(C(F)(F)F)c4)c3)c2)c1,-8.966666666666667,3.0105034501696646,41_653
O=C(Nc1cccc(-c2cccc(C(=O)N3CCOC3=O)c2)c1)Nc1cccc(-c2cccc(F)c2F)c1,-8.9,3.5301271764469133,41_654
C=C(C=CC=CC1=CN(C(=O)Nc2cccc(-c3cccc(F)c3F)c2)C=CC=C1)c1cccc(-c2nc3ccccc3[nH]2)c1,-8.196,2.0807625124520213,41_655
O=C(Nc1cccc(-c2cccc(-c3nc4cc(F)ccc4[nH]3)c2)c1)Nc1cccc(-c2cccc(F)c2F)c1,-9.655223880597013,3.1875244530828533,41_656
O=C(Nc1cccc(-c2cccc(F)c2F)c1)Nc1cccc(-c2cccc(-c3nc4cc(F)ccc4[nH]3)c2F)c1,-10.003921568627451,3.128615257744718,41_657
O=C(Nc1cccc(-c2cccc(-c3nc4cc(F)ccc4[nH]3)c2)c1)Nc1cccc(-c2cccc(F)c2F)c1,-9.655223880597013,3.1875244530828533,41_658
Cn1c(-c2cccc(-c3cccc(NC(=O)Nc4cccc(-c5cccc(F)c5F)c4)c3)c2)nc2ccccc21,-9.914457831325302,3.216920496534968,41_659
O=C(c1cccc(-c2cccc(-c3cccc(-c4cccc(F)c4)c3)c2)c1)N1CCNCC1,-9.331372549019608,3.508189933556279,41_660
O=C(Nc1cccc(-c2cccc(-c3nc4cc(F)ccc4[nH]3)c2)c1)Nc1cccc(-c2cccc(F)c2F)c1,-9.655223880597013,3.1875244530828533,41_661
O=C(Nc1cccc(-c2cccc(-c3cccc(-c4ccccc4F)c3)c2)c1)Nc1cccc(-c2cccc(F)c2F)c1,-9.537499999999998,2.9869508389213753,41_662
O=C(Nc1cccc(-c2cccc(-c3nc4cc(F)ccc4[nH]3)c2)c1)Nc1cccc(-c2cccc(F)c2F)c1,-9.655223880597013,3.1875244530828533,41_663
O=C(Nc1cccc(-c2cccc(-c3ncccc3CF)c2)c1)Nc1cccc(-c2cccc(F)c2F)c1,-8.7,3.194988313236421,41_664
O=C1N=C(c2cccc(-c3cccc(-c4cccc(F)c4)c3)c2)C(=O)N1,-8.5,3.7059433450557733,41_665
Cn1c(-c2cccc(-c3cccc(NC(=O)Nc4cccc(-c5cccc(F)c5F)c4)c3)c2)nc2ccccc21,-9.914457831325302,3.216920496534968,41_666
O=C(Nc1cccc(-c2cccc(-c3cccc(-c4ccccc4F)c3)c2)c1)c1ccccc1,-9.212307692307691,3.188129789925851,41_667
Cn1c(-c2cccc(-c3cccc(NC(=O)Nc4cccc(-c5cccc(-c6cccc(F)c6)c5)c4)c3)c2)nc2ccccc21,-9.663636363636364,3.0539916384657317,41_668
Cn1c(-c2cccc(-c3cccc(-c4cccc(C5=CN(C(=O)Nc6cccc(C(F)(F)F)c6)C=CC=C5)c4)c3)c2)nc2ccccc21,-9.5,2.1362235625741346,41_669
O=C(Nc1cccc(-c2cccc(-c3nc4cc(F)ccc4[nH]3)c2)c1)Nc1cccc(-c2cccc(F)c2F)c1,-9.655223880597013,3.1875244530828533,41_670
O=S(=O)(Nc1cccc(-c2ccc3c(c2)OCO3)c1)c1cccc(-c2cccc(-c3ccc4c(c3)OCO4)c2)c1,-8.95,3.291231178461689,41_671
O=C(c1cccc(-c2cccc(-c3cccc(-c4cccc(F)c4)c3)c2)c1)N1CCNCC1,-9.331372549019608,3.508189933556279,41_672
O=C(Nc1cccc(-c2cccc(-c3nc4cc(F)ccc4[nH]3)c2)c1)Nc1cccc(-c2cccc(F)c2F)c1,-9.655223880597013,3.1875244530828533,41_673
O=C(Nc1cccc(-c2cccc(F)c2F)c1)Nc1cccc(-c2cccc(-c3nc4cc(F)ccc4[nH]3)c2F)c1,-10.003921568627451,3.128615257744718,41_674
O=C(Nc1cccc(-c2cccc(-c3cccc(C(F)(F)F)c3)c2)c1)Nc1cccc(-c2cccc(F)c2F)c1,-9.398837209302327,2.963519940967514,41_675
Cn1c(-c2cccc(-c3cccc(NC(=O)Nc4cccc(-c5cccc(F)c5F)c4)c3)c2)nc2ccccc21,-9.914457831325302,3.216920496534968,41_676
O=C(Nc1cccc(-c2cccc(-c3nc4cc(F)ccc4[nH]3)c2)c1)Nc1cccc(-c2cccc(F)c2F)c1,-9.655223880597013,3.1875244530828533,41_677
O=C(Nc1cccc(-c2cccc(-c3nc4cc(F)ccc4[nH]3)c2)c1)Nc1cccc(-c2cccc(F)c2F)c1,-9.655223880597013,3.1875244530828533,41_678
O=C(Nc1cccc(-c2cccc(-c3nc4ccccc4[nH]3)c2)c1)Nc1cccc(-c2cccc(F)c2F)c1,-9.932142857142859,3.218592063451191,41_679
O=c1nc(CCCCc2cccc(-c3cccc(-c4cccc(C(F)(F)F)c4)c3)c2)c1=Nc1cccc(-c2cccc(F)c2F)c1,-8.0,2.9621307087738424,41_680
Cn1c(-c2cccc(-c3cccc(-c4cccc(C(=O)N5CCNCC5)c4)c3)c2)nc2ccccc21,-9.312000000000001,3.480167691596529,41_681
Cn1c(-c2cccc(-c3cccc(NC(=O)Nc4cccc(-c5cccc(-c6ccccc6F)c5)c4)c3)c2)nc2ccccc21,-9.950000000000001,3.0539916384657317,41_682
Oc1cccc(-c2cccc(-c3cccc(-c4cccc(-c5ccccc5F)c4)c3)c2)c1,-9.45,3.1519342665157977,41_683
O=C(c1cccc(-c2cccc3ccccc23)c1)N1CCN(c2cccc(-c3cc(C(F)(F)F)cc(C(F)(F)F)c3)c2)CC1,-8.8,3.054091707764631,41_684
O=C(Nc1cccc2cccnc12)c1cccc(-c2cccc(-c3cccc(-c4cccc(-c5ccccc5F)c4)c3)c2)c1,-9.8,3.1024376339215047,41_685
Cn1c(-c2cccc(-c3cccc(NC(=O)Nc4cccc(-c5cccc(F)c5F)c4)c3)c2)nc2ccccc21,-9.914457831325302,3.216920496534968,41_686
O=Cc1cc(-c2cccc3ccccc23)cc(-c2ccc3c(c2)OCO3)c1-c1cccc(-c2cccc3ccccc23)c1,-8.1,2.8996756845701435,41_687
O=C(Nc1cccc(-c2cccc(-c3nc4cc(F)ccc4[nH]3)c2)c1)Nc1cccc(-c2cccc(F)c2F)c1,-9.655223880597013,3.1875244530828533,41_688
O=C(Nc1cccc(-c2cccc(-c3cccc(-c4ccccc4F)c3)c2)c1)Nc1cccc(-c2cccc(F)c2F)c1,-9.537499999999998,2.9869508389213753,41_689
O=C(Nc1cccc(-c2cccc(-c3cccc(C(F)(F)F)c3)c2)c1)Nc1cccc(-c2cccc(F)c2F)c1,-9.398837209302327,2.963519940967514,41_690
O=C(Nc1cccc(-c2cccc(-c3nc4cc(F)ccc4[nH]3)c2)c1)Nc1cccc(-c2cccc(F)c2F)c1,-9.655223880597013,3.1875244530828533,41_691
Cn1c(-c2cccc(-c3cccc(NC(=O)Nc4cccc(-c5cncc6ccccc56)c4)c3)c2)nc2ccccc21,-9.9,3.1792386661598977,41_692
O=C1c2ccccc2-c2c1cccc2C(=O)N1CCN(C(=O)c2cccc(-c3cccc(C(=O)N4CCOCC4)c3)c2)CC1,-8.4,3.3094518969397764,41_693
O=C(c1cccc(-c2cccc(-c3cccc(-c4ccccc4F)c3)c2)c1)N1CCNCC1,-9.361111111111112,3.508189933556279,41_694
O=C(Nc1cccc(-c2cccc(-c3nc4cc(F)ccc4[nH]3)c2)c1)Nc1cccc(-c2cccc(F)c2F)c1,-9.655223880597013,3.1875244530828533,41_695
O=C(Nc1cccc(-c2cccc(-c3nc4cc(F)ccc4[nH]3)c2)c1)Nc1cccc(-c2cccc(F)c2F)c1,-9.655223880597013,3.1875244530828533,41_696
O=C(Nc1cccc(-c2cccc(-c3nc4cc(F)ccc4[nH]3)c2)c1)Nc1cccc(-c2cccc(F)c2F)c1,-9.655223880597013,3.1875244530828533,41_697
Cn1c(-c2cccc(-c3cccc(NC(=O)Nc4cccc(-c5cccc(C(=O)N6CCOCC6)c5)c4)c3)c2)nc2ccccc21,-9.495348837209304,3.2756851861708367,41_698
C=C(C=CC=CC1=CN(C(=O)Nc2cccc(-c3cccc(F)c3F)c2)C=CC=C1)c1cccc(-c2nc3ccccc3[nH]2)c1,-8.196,2.0807625124520213,41_699
O=C(Nc1cccc(-c2ccccc2)c1)N1C=CC=CC(c2cccc(-c3nc4ccccc4[nH]3)c2)=C1,-9.1,2.3482347685088616,41_700
O=C(Nc1cccc(-c2cccc(C(F)(F)F)c2)c1)c1cccc(-c2cccc(-c3ccccc3F)c2)c1,-8.3,3.003716495802779,41_701
O=C(Nc1cccc(-c2cccc(F)c2F)c1)Nc1cccc(-c2cccc(-c3nc4cc(F)ccc4[nH]3)c2F)c1,-10.003921568627451,3.128615257744718,41_702
N#Cc1cccnc1-c1cccc(-c2cccc(C(=O)N3CCN(c4ccccc4C(=O)NCc4ccccc4)CC3)c2)c1,-7.3,3.3787314746106634,41_703
O=C(c1cccc(-c2cccc(C(=O)N3CCN(S(=O)(=O)c4cccc(F)c4)CC3)c2)c1)N1CCOCC1,-8.6,3.552171449280218,41_704
O=C(Nc1cccc(-c2cccc(F)c2F)c1)Nc1cccc(-c2cccc(-c3nc4cc(F)ccc4[nH]3)c2F)c1,-10.003921568627451,3.128615257744718,41_705
O=C(Nc1cccc(-c2cccc(-c3cccc(-c4ccccc4F)c3)c2)c1)c1ccccc1,-9.212307692307691,3.188129789925851,41_706
O=C(Nc1cccc(-c2cccc(-c3cccc(C(=O)N4CCOCC4)c3)c2)c1)c1ccccc1,-8.963636363636365,3.5759240999335113,41_707
O=C(Nc1cccc(-c2cccc(-c3cccc(-c4nn[nH]n4)c3)c2)c1)Nc1cccc(-c2cccc(F)c2F)c1,-9.7375,3.286971097546113,41_708
O=C(c1cnc2ccc(-c3cc(F)c(O)c(Cl)c3)cc2c1Nc1cccc(Cc2ccccc2)c1)C1CC1,-7.3,3.260179946985126,41_709
O=C(c1cccc(-c2cccc(C(=O)N3CCN(C(=O)c4ccccc4C(F)(F)F)CC3)c2)c1)N1CCOCC1,-9.3,3.5597811111337165,41_710
Cc1ccc(-n2cc(-c3cccc(-c4cccc(-c5ccccc5F)c4)c3)nn2)cc1,-8.9,3.2970997659002803,41_711
O=C(Nc1cccc(-c2cccc(-c3cccc(-c4ccccc4F)c3)c2)c1)c1ccccc1,-9.212307692307691,3.188129789925851,41_712
O=C(Nc1cccc(-c2cccc(-c3cccc(-c4ccccc4F)c3)c2)c1)c1ccccc1,-9.212307692307691,3.188129789925851,41_713
O=C(Nc1cccc(-c2cccc(-c3nc4ccccc4[nH]3)c2)c1)Nc1cccc(-c2cccc(F)c2F)c1,-9.932142857142859,3.218592063451191,41_714
O=c1nc(CCCCc2cccc(-c3cccc(-c4cccc(-c5ccccc5F)c4)c3)c2)c1=Nc1cccc(-c2cccc(F)c2F)c1,-6.8,2.9160156303177094,41_715
O=C(c1cccc(-c2cccc(-c3cccc(-c4cccc(F)c4)c3)c2)c1)N1CCNCC1,-9.331372549019608,3.508189933556279,41_716
O=C(Nc1cccc(-c2cccc(F)c2F)c1)Nc1cccc(-c2cccc(-c3nc4cc(F)ccc4[nH]3)c2F)c1,-10.003921568627451,3.128615257744718,41_717
O=C(Nc1cccc(-c2cccc(-c3cccc(-c4nn[nH]n4)c3)c2)c1)Nc1cccc(-c2cccc(F)c2F)c1,-9.7375,3.286971097546113,41_718
N#Cc1cccnc1-c1cccc(C2=CC(=CC3=CC(C=NC(=O)c4ccccc4)=CC3)C=C2)c1,-7.375,3.3087077373371945,41_719
O=C(Nc1cccc(-c2cccc(-c3cccc(-c4cccc(-c5nn[nH]n5)c4)c3)n2)c1)Nc1cccc(Cl)c1F,-9.1,3.2731768718737917,41_720
N[CH]C1OCCN1c1cc(-c2cccc(-c3cccc(C(F)(F)F)c3)c2)ccn1,-7.8,3.772775371605587,41_721
O=C(c1cccc(-c2cccc(-c3cccc(C(=O)N4CCOCC4)c3)c2)c1)N1CCNCC1,-8.824324324324325,3.649506152725788,41_722
O=C(c1cccc(-c2cccc(-c3cccc4ccccc34)c2)c1)N1CCN(C(=O)c2cccc3ccccc23)CC1,-9.542857142857143,3.1497144483216615,41_723
O=C(c1cccc(-c2cccc(-c3nc4ccccc4[nH]3)c2)c1)N1CCN(c2cccc(Cl)c2)CC1,-9.14,3.440092756302386,41_724
O=C(Nc1cccc(-c2cccc(-c3cccc(C(F)(F)F)c3)c2)c1)Nc1cccc(-c2cccc(F)c2F)c1,-9.398837209302327,2.963519940967514,41_725
O=C(Nc1cccc(-c2cccc(-c3cccc(-c4ccccc4F)c3)c2)c1)Nc1cccc(-c2cccc(F)c2F)c1,-9.537499999999998,2.9869508389213753,41_726
Cn1c(-c2cccc(-c3cccc(-c4cccc(C(=O)N5CCNCC5)c4)c3)c2)nc2ccccc21,-9.312000000000001,3.480167691596529,41_727
O=C(c1cccc(F)c1)N1CCN(C(=O)c2cccc(-c3cccc(-c4ccc5c(c4)OCO5)c3)c2)CC1,-8.9,3.475405586601455,41_728
Cn1c(-c2cccc(-c3cccc(-c4cccc(C(=O)N5CCNCC5)c4)c3)c2)nc2ccccc21,-9.312000000000001,3.480167691596529,41_729
O=C(Nc1cccc(-c2cccc(-c3cccc(-c4cccc(F)c4)c3)c2)c1)Nc1cccc(-c2cccc(F)c2F)c1,-9.478125,2.9869508389213753,41_730
O=C1C(=O)N(Cc2cccc(-c3cccc(-c4ccccc4F)c3)c2)c2ccccc21,-8.2,3.3369556626724446,41_731
O=C(Nc1cccc(-c2cccc(-c3cccc(-c4nn[nH]n4)c3)c2)c1)Nc1ccc2c(c1)OCO2,-9.5,3.293913118521376,41_732
O=C(Nc1cccc(-c2cccc(-c3cccc(C(F)(F)F)c3)c2)c1)Nc1cccc(-c2cccc(F)c2F)c1,-9.398837209302327,2.963519940967514,41_733
O=C(Nc1cccc(-c2ccccc2F)c1)c1cccc(-c2cccc(-c3cccc(-c4cccc(-c5nn[nH]n5)c4)c3)c2)c1,-9.7,3.2143376936691226,41_734
O=C(Nc1cccc(-c2cccc(-c3cccc(-c4cccc(F)c4)c3)c2)c1)c1ccccc1,-9.193103448275863,3.188129789925851,41_735
O=C(c1cccc(-c2cccc(-c3cccc(F)c3)c2)c1)N1CCN(c2cccc(C(F)(F)F)c2)CC1,-8.672727272727272,3.323511212462599,41_736
O=C(Nc1cccc(-c2cccc(-c3cccc(-c4ccccc4F)c3)c2)c1)c1ccccc1,-9.212307692307691,3.188129789925851,41_737
O=C(Nc1cccc(-c2cccc(-c3cccc(-c4ccccc4F)c3)c2)c1)c1ccccc1,-9.212307692307691,3.188129789925851,41_738
O=C(c1cccc(-c2cccc(-c3cccc(C(=O)N4CCOCC4)c3)c2)c1)N1CCNCC1,-8.824324324324325,3.649506152725788,41_739
O=C(N[C@H]1CCOC1)c1cccc(-c2cccc(C(=O)N3CCN(C(=O)c4cccc(F)c4F)CC3)c2)c1,-7.5,3.6270259583660494,41_740
Cn1c(-c2cccc(-c3cccc(NC(=O)Nc4cccc(-c5cccc(C(=O)N6CCOCC6)c5)c4)c3)c2)nc2ccccc21,-9.495348837209304,3.2756851861708367,41_741
Cn1c(-c2cccc(-c3cccc(NC(=O)Nc4cccc(-c5cccc(F)c5F)c4)c3)c2)nc2ccccc21,-9.914457831325302,3.216920496534968,41_742
O=C(NCc1cccc(F)c1F)c1cccc(-c2cccc(-c3cccc(-c4cccc(-c5ccccc5F)c4)c3)c2)c1,-9.4,2.899114999901619,41_743
O=C(Nc1cccc(F)c1)Nc1cc(-c2cccc(-c3cccc(-c4cccc(-c5nn[nH]n5)c4)c3)c2)ccn1,-9.1,3.3018818633525107,41_744
O=C(Nc1cccc(-c2cccc(-c3nc4cc(F)ccc4[nH]3)c2)c1)Nc1cccc(-c2cccc(F)c2F)c1,-9.655223880597013,3.1875244530828533,41_745
O=C(c1cccc(-c2cccc(-c3cccc(-c4nn[nH]n4)c3)c2)c1)N1CCNCC1,-8.931818181818182,3.6709921779215158,41_746
Cc1cccc(NC(=O)c2cccc(-c3cccc(-c4ncccc4C#N)c3)c2)c1,-8.1,3.529264380107566,41_747
C=C(C=CC=CC(=C)c1cccc(-c2nc3ccccc3[nH]2)c1)C=CC=CC(=O)N1CCNCC1,-7.168749999999999,3.469586304146949,41_748
O=C(c1cccc(-c2cccc(-c3cccc(C(=O)N4CCOCC4)c3)c2)c1)N1CCNCC1,-8.824324324324325,3.649506152725788,41_749
C=C(C=CC=CC(=C)c1cccc(-c2nc3ccccc3[nH]2)c1)C=CC=CC(=O)N1CCNCC1,-7.168749999999999,3.469586304146949,41_750
O=CN1NC(c2cccc(-c3cccc(-c4cccc(-c5ccccc5F)c4)c3)c2)c2ccccc21,-9.6,3.148411431778024,41_751
O=C(Nc1cccc(-c2cccc(-c3cccc(C(F)(F)F)c3)c2)c1)Nc1cccc(-c2cccc(F)c2F)c1,-9.398837209302327,2.963519940967514,41_752
O=C(Nc1cccc(C(F)(F)F)c1)c1cccc(-c2cccc(-c3cccc(-c4cccc(C(=O)N5CCNCC5)c4)c3)c2)c1,-8.6,3.225798024502618,41_753
O=C(Nc1cccc(-c2cccc(-c3cccc(C(=O)N4CCOCC4)c3)c2)c1)Nc1cccc(-c2cccc(F)c2F)c1,-9.424324324324322,3.254566509495188,41_754
O=C(Nc1cccc(-c2cccc(-c3cccc(-c4ccccc4F)c3)c2)c1)c1ccccc1,-9.212307692307691,3.188129789925851,41_755
Cn1c(-c2cccc(-c3cccc(NC(=O)Nc4cccc(-c5cccc(C(=O)N6CCOCC6)c5)c4)c3)c2)nc2ccccc21,-9.495348837209304,3.2756851861708367,41_756
N#Cc1cccc(NC(=O)Nc2cccc(-c3cc4cc(F)ccc4[nH]3)c2)c1,-7.4,3.516498360475225,41_757
O=C(Nc1cccc(-c2cccc(F)c2F)c1)Nc1cccc(-c2cccc(-c3nc4cc(F)ccc4[nH]3)c2F)c1,-10.003921568627451,3.128615257744718,41_758
O=C(Nc1cccc(-c2cccc(-c3cccc(-c4nn[nH]n4)c3)c2)c1)Nc1cccc(-c2cccc(F)c2F)c1,-9.7375,3.286971097546113,41_759
O=C(Nc1cccc(-c2cccc(-c3nc4ccccc4[nH]3)c2)c1)Nc1cccc(-c2cccc(F)c2F)c1,-9.932142857142859,3.218592063451191,41_760
Cc1cccc(-c2cccc(-c3cccc(-c4cccc(-c5cccc(F)c5)c4)c3)c2)c1,-10.0,2.674213655393718,41_761
O=C(c1cccc(-c2cccc(-c3cccc(C(F)(F)F)c3)c2)c1)N1CCNCC1,-8.489999999999998,3.642566566269835,41_762
O=C(Nc1cccc(-c2cccc(-c3cccc(-c4cccc(-c5cccc(F)c5)c4)c3)c2)c1)Nc1cccc(C(F)(F)F)c1,-8.9,2.8197828255274384,41_763
Cn1c(-c2cccc(C(=O)N3CCN(c4nccc(-c5ccc6c(c5)OCO6)n4)CC3)c2)nc2ccccc21,-8.1,3.3396497317971963,41_764
Cn1c(-c2cccc(-c3cccc(NC(=O)Nc4cccc(-c5cccc(F)c5F)c4)c3)c2)nc2ccccc21,-9.914457831325302,3.216920496534968,41_765
O=C(c1cccc(-c2cccc(-c3cccc(F)c3)c2)c1)N1CCN(C(=O)c2cccc3ccccc23)CC1,-9.1,3.2705511526271827,41_766
O=CNN(C(=O)C(c1cccc(-c2ccccc2)c1)C1c2ccccc2Nc2cccc(Cl)c21)c1cccc2ccccc12,-8.7,3.069845004330575,41_767
O=C(Nc1cccc(-c2cccc(-c3nc4cc(F)ccc4[nH]3)c2)c1)Nc1cccc(-c2cccc(F)c2F)c1,-9.655223880597013,3.1875244530828533,41_768
O=C(c1cccc(-c2cccc(-c3cccc(-c4cccc(F)c4)c3)c2)c1)N1CCNCC1,-9.331372549019608,3.508189933556279,41_769
O=C(c1cccc(-c2cccc(C(=O)N3CCN(c4ccccc4C(F)(F)F)CC3)c2)c1)N1CCOCC1,-8.52222222222222,3.5675074243249583,41_770
O=C1C=C(C=C2CN=C(c3cccc(-c4cc5ccccc5[nH]4)c3)NC2)C(=O)c2ccccc21,-8.6,3.4978881887483455,41_771
O=C(Nc1cccc(-c2cccc(-c3cccc(-c4cccc(F)c4)c3)c2)c1)c1ccccc1,-9.193103448275863,3.188129789925851,41_772
O=C(c1cccc(-c2cccc(-c3cccc(-c4ccccc4F)c3)c2)c1)N1CCNCC1,-9.361111111111112,3.508189933556279,41_773
O=C(Nc1cccc(-c2cccc(-c3cccc(-c4ccccc4F)c3)c2)c1)Nc1cccc(-c2cccc(F)c2F)c1,-9.537499999999998,2.9869508389213753,41_774
O=C(Nc1cccc(-c2cncc3ccccc23)c1)c1cccc(-c2cccc(-c3cccc(-c4cccc(C(=O)N5CCOCC5)c4)c3)c2)c1,-9.7,3.0955894007368956,41_775
N#Cc1cccnc1-c1cccc(C2=CC(=CC3=CC(C=NC(=O)c4ccccc4)=CC3)C=C2)c1,-7.375,3.3087077373371945,41_776
O=C(Nc1cccc(-c2cccc(C(=O)N3CCOCC3)c2)c1)Nc1cccc(-c2cccc(F)c2F)c1,-9.7125,3.5133545427940325,41_777
O=C(c1cccc(-c2cccc(-c3cccc(C(=O)N4CCOCC4)c3)c2)c1)N1CCNCC1,-8.824324324324325,3.649506152725788,41_778
O=C(Nc1cccc(-c2cccc(-c3nc4ccccc4[nH]3)c2)c1)Nc1cccc(-c2cccc(F)c2F)c1,-9.932142857142859,3.218592063451191,41_779
O=C(Nc1cccc(-c2cccc(-c3cccc(-c4ccccc4F)c3)c2)c1)Nc1cccc(-c2cccc(F)c2F)c1,-9.537499999999998,2.9869508389213753,41_780
NC[C@H]1COCC(c2ccccc2)(c2ccccc2)O1,-5.8,3.6473409862130826,41_781
O=C(Nc1cccc(-c2cccc(-c3cccc(C(=O)N4CCOCC4)c3)c2)c1)Nc1cccc(-c2cccc(F)c2F)c1,-9.424324324324322,3.254566509495188,41_782
N#Cc1cccnc1-c1cccc(-c2cccc(NC(=O)Nc3cccc(-c4cccc(F)c4F)c3)c2)c1,-8.955555555555556,3.3763915698637668,41_783
Cn1c(-c2cccc(-c3cccc(C(=O)Nc4cccc(-c5cccc(-c6ccccc6)c5)c4)c3)c2)nc2ccccc21,-8.1,3.0492164025808286,41_784
O=C(c1cccc(-c2cccc(-c3ccc4c(c3)OCO4)c2)c1)N1CCN(c2cccc(C(F)(F)F)c2)CC1,-8.885714285714286,3.4068437186879326,41_785
O=C(Nc1cccc(-c2cccc(-c3cccc(-c4ccccc4F)c3)c2)c1)c1ccccc1,-9.212307692307691,3.188129789925851,41_786
O=C(Nc1nc2nn(-c3ccccc3)nc2cc1-c1ccccc1)c1cccc(-c2ccc3c(c2)OCO3)c1,-8.3,3.34281736601896,41_787
O=C(Nc1cccc(-c2cccc(-c3cccc(-c4nc5cc(F)ccc5[nH]4)c3F)c2)c1)Nc1cccc(-c2cccc(F)c2F)c1,-9.766666666666666,2.958089856354927,41_788
O=C(Nc1cccc(-c2cccc(F)c2F)c1)Nc1cccc(-c2cccc(-c3nc4cc(F)ccc4[nH]3)c2F)c1,-10.003921568627451,3.128615257744718,41_789
O=C(Nc1cccc(-c2cccc(-c3cccc(-c4cccc(F)c4)c3)c2)c1)Nc1cccc(-c2cccc(F)c2F)c1,-9.478125,2.9869508389213753,41_790
O=C(Nc1cccc(-c2cccc(-c3nc4ccccc4[nH]3)c2)c1)Nc1cccc(-c2cccc(F)c2F)c1,-9.932142857142859,3.218592063451191,41_791
O=C(c1cccc(-c2cccc3ccccc23)c1)N1CCN(C(=O)c2cccc(F)c2F)CC1,-8.8,3.5028243577950464,41_792
O=C(Nc1cccc(-c2cccc(F)c2F)c1)N1C=CC=CC(c2cccc(-c3nc4ccccc4[nH]3)c2)=C1,-9.675,2.311019124300209,41_793
O=C(c1cccc(-c2cccc(-c3cccc(C(=O)N4CCOCC4)c3)c2)c1)N1CCNCC1,-8.824324324324325,3.649506152725788,41_794
O=C(c1cccc(-c2cccc(-c3cccc(F)c3)c2)c1)N1CCN(C(c2ccccc2)c2ccccc2)CC1,-8.600000000000001,3.137684598867376,41_795
O=C(Nc1cccc(-c2cccc(-c3nc4ccccc4[nH]3)c2)c1)Nc1cccc(-c2cccc(F)c2F)c1,-9.932142857142859,3.218592063451191,41_796
O=C(Nc1cccc(-c2cccc(-c3cccc(-c4cccc(C(F)(F)F)c4)c3)c2)c1)Nc1cccc(-c2cccc(F)c2F)c1,-8.833333333333332,2.8261386050460415,41_797
O=Cc1cc(-c2cccc(-c3cccc(-c4cccc(-c5cccc(F)c5)c4)c3)c2)co1,-9.2,3.2236631772334894,41_798
O=C(c1cccc(-c2cccc(-c3nc4cc(F)ccc4[nH]3)c2)c1)N1CCNCC1,-8.565000000000001,3.6450984636569372,41_799
O=C(Nc1cccc(-c2cccc(-c3cccc(-c4ccccc4F)c3)c2)c1)c1ccccc1,-9.212307692307691,3.188129789925851,41_800
O=C(Nc1cccc(-c2cccc(-c3nc4cc(F)ccc4[nH]3)c2)c1)Nc1cccc(-c2cccc(F)c2F)c1,-9.655223880597013,3.1875244530828533,41_801
Cn1c(-c2cccc(-c3cccc(NC(=O)Nc4cccc(-c5cccc(F)c5F)c4)c3)c2)nc2ccccc21,-9.914457831325302,3.216920496534968,41_802
O=C(Nc1cccc(-c2cccc(-c3cccc(-c4cccc(F)c4)c3)c2)c1)c1ccccc1,-9.193103448275863,3.188129789925851,41_803
O=C(c1cccc(-c2cccc(-c3nc(CO)c[nH]3)c2)c1)N1CCOCC1,-8.1,3.7445736253990836,41_804
O=C(Nc1cccc(-c2cccc(-c3cccc(-c4ccccc4F)c3)c2)c1)c1ccccc1,-9.212307692307691,3.188129789925851,41_805
O=C(Nc1cccc(-c2cccc(-c3cccc(-c4cccc(F)c4)c3)c2)c1)Nc1cccc(-c2cccc(F)c2F)c1,-9.478125,2.9869508389213753,41_806
O=C(c1cccc(-c2cccc(-c3cccc4ccccc34)c2)c1)N1CCN(c2ccnc3cc(Cl)ccc23)CC1,-10.0,3.220829754022877,41_807
O=c1c2ccccc2nc(-c2cccc(-c3cccc(-c4ccccc4)c3)c2)n1-c1ccc2c(c1)OCO2,-8.9,3.2676708629261944,41_808
O=C(Nc1cccc(-c2cccc(-c3nc4ccccc4[nH]3)c2)c1)Nc1cccc(-c2cccc(F)c2F)c1,-9.932142857142859,3.218592063451191,41_809
O=C(Nc1cccc(-c2cccc(-c3nc4cc(F)ccc4[nH]3)c2)c1)Nc1cccc(-c2cccc(F)c2F)c1,-9.655223880597013,3.1875244530828533,41_810
O=C(c1cccc(-c2cccc(-c3cccc(-c4nn[nH]n4)c3)c2)c1)N1CCNCC1,-8.931818181818182,3.6709921779215158,41_811
O=C(c1cccc(-c2cccc(-c3cccc(Cl)c3)c2)c1)N1CCN(c2cccc(C(F)(F)F)c2)CC1,-9.0,3.353285922148258,41_812
O=C(Nc1cccc(-c2cccc(-c3cccc(-c4ccccc4F)c3)c2)c1)Nc1cccc(-c2cccc(F)c2F)c1,-9.537499999999998,2.9869508389213753,41_813
O=C(Nc1cccc(-c2cccc(-c3nc4cc(F)ccc4[nH]3)c2)c1)Nc1cccc(-c2cccc(F)c2F)c1,-9.655223880597013,3.1875244530828533,41_814
C=C(C=CC=CC1=CN(C(=O)Nc2cccc(-c3cccc(F)c3F)c2)C=CC=C1)c1cccc(-c2nc3ccccc3[nH]2)c1,-8.196,2.0807625124520213,41_815
O=C(Nc1cccc(C(F)(F)F)c1)Oc1cccc(-c2cccc(-c3cccc(-c4cccc(F)c4)c3)c2)c1,-8.6,3.0813046880525263,41_816
O=C(Nc1cccc(-c2cccc(F)c2F)c1)Nc1cccc(-c2cccc(-c3nc4cc(F)ccc4[nH]3)c2F)c1,-10.003921568627451,3.128615257744718,41_817
O=C(c1cccc(-c2cccc(-c3cccc(-c4ccccc4F)c3)c2)c1)N1CCNCC1,-9.361111111111112,3.508189933556279,41_818
O=C(Nc1ccccc1)c1[nH]nc2cccc(-c3cccc(-c4cccc(-c5nn[nH]n5)c4)c3)c12,-8.7,3.4358046241774964,41_819
O=C(c1cccc(-c2cccc(-c3ccc4c(c3)OCO4)c2)c1)N1CCN(C(=O)c2cccc(F)c2F)CC1,-9.419999999999998,3.4645763407894306,41_820
O=C(Nc1cccc(-c2cccc(-c3cccc(-c4nn[nH]n4)c3)c2)c1)Nc1cccc(-c2cccc(F)c2F)c1,-9.7375,3.286971097546113,41_821
O=C(Nc1cccc(-c2cccc(-c3nc4ccccc4[nH]3)c2)c1)Nc1cccc(-c2cccc(F)c2F)c1,-9.932142857142859,3.218592063451191,41_822
C=C(C=CC=Cc1cccc(NC(=O)Nc2cccc(-c3cccc(F)c3F)c2)c1)c1cccc(-c2nc3ccccc3[nH]2)c1,-8.5,2.9635066428681216,41_823
Cn1c(-c2cccc(-c3cccc(NC(=O)Nc4cccc(-c5cccc(F)c5F)c4)c3)c2)nc2ccccc21,-9.914457831325302,3.216920496534968,41_824
O=C(Nc1cccc(-c2cccc(-c3nc4ccccc4[nH]3)c2)c1)Nc1cccc(-c2cccc(F)c2F)c1,-9.932142857142859,3.218592063451191,41_825
O=C(Nc1cccc(-c2cccc(-c3cccc(-c4ccccc4F)c3)c2)c1)c1ccccc1,-9.212307692307691,3.188129789925851,41_826
O=c1c2ccccc2nc(-c2cccc(-c3nc4cccc(F)c4o3)c2)n1-c1cccc(-c2cc3ccccc3o2)c1,-9.7,3.2880702159703383,41_827
Cn1c(-c2cccc(-c3cccc(NC(=O)Nc4cccc(-c5cccc(C(F)(F)F)c5)c4)c3)c2)nc2ccccc21,-9.4,3.240177718187831,41_828
O=C(Nc1cccc(-c2cccc(-c3nc4cc(F)ccc4[nH]3)c2)c1)Nc1cccc(-c2cccc(F)c2F)c1,-9.655223880597013,3.1875244530828533,41_829
O=C(Nc1cccc(-c2cccc(-c3cccc(-c4cccc(F)c4)c3)c2)c1)Nc1cccc(-c2cccc(F)c2F)c1,-9.478125,2.9869508389213753,41_830
C=C(C=CC=CC(C=CC=Cn1c(-c2cccc(C(F)(F)F)c2)nc2ccccc2c1=O)=CCl)c1cccc(-c2nc3ccccc3[nH]2)c1,-7.8,2.9404804610463864,41_831
O=C(Nc1cccc(-c2cccc(-c3cccc(C(F)(F)F)c3)c2)c1)Nc1cccc(-c2cccc(F)c2F)c1,-9.398837209302327,2.963519940967514,41_832
C=C(C=CC=CC1=CC=COC=C1)c1cccc(-c2nc3ccccc3[nH]2)c1,-7.7,2.52101882417403,41_833
O=C(NC1(C(=O)NC(Cc2ccccc2)C(=O)Nc2cccc(F)c2)CCCC1)c1cccc(-c2cc3ccccc3[nH]2)c1,-8.7,3.092615746460717,41_834
O=C(c1cccc(-c2cccc(-c3cccc(-c4cccc(C(F)(F)F)c4)c3)c2)c1)c1ccccc1F,-9.2,2.874963382131305,41_835
O=C(Nc1cccc(-c2cccc(-c3nc4ccccc4[nH]3)c2)c1)Nc1cccc(-c2cccc(F)c2F)c1,-9.932142857142859,3.218592063451191,41_836
O=C(Nc1cccc(-c2cccc(-c3nc4cc(F)ccc4[nH]3)c2)c1)Nc1cccc(-c2cccc(F)c2F)c1,-9.655223880597013,3.1875244530828533,41_837
CC(=CC=NC=NC(=O)N1CCNCC1)C=C1C=CC(c2cccc(-c3ncccc3C#N)c2)=C1,-7.65,3.5369906677996514,41_838
O=C(c1ccccc1)N1CCN(C(=O)c2cccc(-c3cccc(-c4nc5ccccc5[nH]4)c3)c2)CC1,-8.8,3.492751661014107,41_839
O=C(c1cccc(-c2cccc(-c3ccc4c(c3)OCO4)c2)c1)N1CCN(c2ccccc2)CC1,-8.85,3.456180921736461,41_840
O=C(c1cccc(-c2cccc(-c3cccc(-c4ccccc4F)c3)c2)c1)N1CCNCC1,-9.361111111111112,3.508189933556279,41_841
O=C(Nc1cccc(-c2cccc(-c3nc4ccccc4[nH]3)c2)c1)Nc1cccc(-c2cccc(F)c2F)c1,-9.932142857142859,3.218592063451191,41_842
O=C(c1cccc(-c2cccc(-c3cccc(-c4nn[nH]n4)c3)c2)c1)N1CCNCC1,-8.931818181818182,3.6709921779215158,41_843
O=C(c1cccc(-c2cccc(-c3cccc(-c4ccccc4F)c3)c2)c1)N1CCNCC1,-9.361111111111112,3.508189933556279,41_844
Cn1c(-c2cccc(-c3cccc(-c4cccc(C(=O)N5CCNCC5)c4)c3)c2)nc2ccccc21,-9.312000000000001,3.480167691596529,41_845
O=C1C=CC=c2c3ccccc3c3c(-c4cccc(-c5cccc6ccccc56)c4)cc4cn[nH]c(c4c23)=N1,-10.0,1.1177252072201158,41_846
Cn1c(-c2cccc(-c3cccc(NC(=O)Nc4cccc(-c5cccc(-c6ncccc6C#N)c5)c4)c3)c2)nc2ccccc21,-9.0,3.0906607506690618,41_847
O=C(c1cccc(-c2cccc(C(=O)N3CCN(c4ccccc4C(F)(F)F)CC3)c2)c1)N1CCOCC1,-8.52222222222222,3.5675074243249583,41_848
O=C(Nc1cccc(-c2cccc(-c3cccc(-c4ccccc4F)c3)c2)c1)Nc1cccc(-c2cccc(F)c2F)c1,-9.537499999999998,2.9869508389213753,41_849
O=C(Nc1cccc(-c2cccc(-c3cccc(C(F)(F)F)c3)c2)c1)Nc1cccc(-c2cccc(F)c2F)c1,-9.398837209302327,2.963519940967514,41_850
O=C(Nc1cccc(-c2cccc3ccccc23)c1)c1cccc(-c2cccc(-c3cccc(-c4ccccc4F)c3)c2)c1,-9.4,2.9319615900351637,41_851
O=C(Nc1cccc(-c2cccc(-c3nc4cc(F)ccc4[nH]3)c2)c1)Nc1cccc(-c2cccc(F)c2F)c1,-9.655223880597013,3.1875244530828533,41_852
O=C(Nc1cccc(-c2cccc(-c3cccc(-c4nn[nH]n4)c3)c2)c1)Nc1cccc(-c2cccc(F)c2F)c1,-9.7375,3.286971097546113,41_853
O=C(Nc1cccc(-c2cccc(F)c2F)c1)Nc1cccc(-c2cccc(-c3nc4cc(F)ccc4[nH]3)c2F)c1,-10.003921568627451,3.128615257744718,41_854
O=C(c1cccc(-c2cccc(C(=O)N3CCN(c4ccccc4C(F)(F)F)CC3)c2)c1)N1CCOCC1,-8.52222222222222,3.5675074243249583,41_855
O=C(Nc1cccc(-c2cccc(-c3cccc(-c4cccc(F)c4)c3)c2)c1)Nc1cccc(-c2cccc(F)c2F)c1,-9.478125,2.9869508389213753,41_856
N#Cc1cccnc1-c1cccc(-c2cccc(NC(=O)c3cccc(-c4cccc(-c5cccc(-c6ccccc6F)c5)c4)c3)c2)c1,-8.55,3.052997074360447,41_857
O=C(Nc1cccc(-c2cccc(-c3nc4cc(F)ccc4[nH]3)c2)c1)Nc1cccc(-c2cccc(F)c2F)c1,-9.655223880597013,3.1875244530828533,41_858
O=C(Nc1cccc(-c2ccc3c(c2)OCO3)c1)c1cccc(-c2cccc(-c3ccc4c(c3)OCO4)c2)c1,-9.4,3.3056459772548874,41_859
O=C(Nc1cccc(-c2cccc(-c3cccc(-c4cccc(F)c4)c3)c2)c1)c1ccccc1,-9.193103448275863,3.188129789925851,41_860
O=C(c1cccc(-c2cccc(-c3cccc(-c4cccc(F)c4)c3)c2)c1)N1CCNCC1,-9.331372549019608,3.508189933556279,41_861
O=C(Nc1cccc(-c2cccc(-c3nc4cc(F)ccc4[nH]3)c2)c1)Nc1cccc(-c2cccc(F)c2F)c1,-9.655223880597013,3.1875244530828533,41_862
O=C(Nc1cccc(-c2cccc(-c3nc4cc(F)ccc4[nH]3)c2)c1)Nc1cccc(-c2cccc(F)c2F)c1,-9.655223880597013,3.1875244530828533,41_863
O=C(Nc1cccc(-c2cccc(-c3cccc(F)c3)c2)c1)Nc1cccc(-c2cccc(F)c2F)c1,-9.72,3.1787533639972665,41_864
O=C(Nc1cccc(-c2cccc(-c3cccc(-c4nn[nH]n4)c3)c2)c1)Nc1cccc(-c2cccc(F)c2F)c1,-9.7375,3.286971097546113,41_865
O=C(c1ccc2ccccc2c1)N(c1cccc(-c2cccc(-c3ccccc3F)c2)c1)c1ccccn1,-8.9,3.164760012348093,41_866
Cc1cccc(-c2nc(-c3cccc(-c4cccc(-c5ncccc5C#N)c4)c3)cs2)c1,-8.4,3.3263708189661907,41_867
O=C(Nc1cccc(-c2cccc(F)c2F)c1)Nc1cccc(-c2cccc(-c3nc4cc(F)ccc4[nH]3)c2F)c1,-10.003921568627451,3.128615257744718,41_868
O=C(Nc1cccc(-c2cccc(-c3nc4cc(F)ccc4[nH]3)c2)c1)Nc1cccc(-c2cccc(F)c2F)c1,-9.655223880597013,3.1875244530828533,41_869
O=C(Nc1cccc(-c2cccc(-c3cccc(-c4ccccc4F)c3)c2)c1)c1ccccc1,-9.212307692307691,3.188129789925851,41_870
O=C(Nc1cccc(-c2cccc(-c3nn[nH]n3)c2)c1)Nc1cccc(-c2cccc(NC3CCC3)n2)c1,-9.0,3.228503478504373,41_871
O=C(Nc1cccc(-c2cccc(-c3nc4cc(F)ccc4[nH]3)c2)c1)Nc1cccc(-c2cccc(F)c2F)c1,-9.655223880597013,3.1875244530828533,41_872
O=C(Nc1cccc(-c2cccc(-c3nc4cc(F)ccc4[nH]3)c2)c1)Nc1cccc(-c2cccc(F)c2F)c1,-9.655223880597013,3.1875244530828533,41_873
O=C(Nc1cccc(-c2cccc(-c3nc4ccccc4[nH]3)c2)c1)Nc1cccc(-c2cccc(F)c2F)c1,-9.932142857142859,3.218592063451191,41_874
O=C(c1cccc(F)c1)N1CCN(C(=O)c2cccc(-c3cccc(-c4cccc(F)c4)c3)c2)CC1,-9.7,3.468221067713254,41_875
O=C(Nc1cccc(-c2cccc(F)c2F)c1)Nc1cccc(-c2cccc(-c3nc4cc(F)ccc4[nH]3)c2F)c1,-10.003921568627451,3.128615257744718,41_876
O=C(Nc1cccc(-c2cccc(-c3cccc(C(F)(F)F)c3)c2)c1)Nc1cccc(-c2cccc(F)c2F)c1,-9.398837209302327,2.963519940967514,41_877
O=C(O)c1cccc(-c2cccc(-c3cccc(-c4cccc(-c5cccc(F)c5)c4)c3)c2)c1,-9.4,3.2132483578418483,41_878
Cn1c(-c2cccc(-c3cccc(NC(=O)Nc4cccc(-c5cccc(F)c5F)c4)c3)c2)nc2ccccc21,-9.914457831325302,3.216920496534968,41_879
OC(c1cccc(-c2cccc(-c3ccc4c(c3)OCO4)c2)c1)c1cccc2ccccc12,-8.8,3.3798182825985874,41_880
O=C(Nc1cccc(-c2cccc(-c3nc4cc(F)ccc4[nH]3)c2)c1)Nc1cccc(-c2cccc(F)c2F)c1,-9.655223880597013,3.1875244530828533,41_881
O=C(Nc1cccc(F)c1)Nc1cccc(-c2cccc(-c3cccc(-c4cccc(C(=O)N5CCOCC5)c4)c3)c2)c1,-9.3,3.247211717276712,41_882
C=C(C=CC=CC1=CN(C(=O)Nc2cccc(-c3cccc(F)c3F)c2)C=CC=C1)c1cccc(-c2nc3ccccc3[nH]2)c1,-8.196,2.0807625124520213,41_883
O=[N+]([O-])C1=CC=C(CCc2nc3ccccc3nc2-c2cccc(-c3ccccc3F)c2)CC=C1,-8.7,2.4487558662880025,41_884
O=C(Nc1cccc(-c2cccc(-c3cccc(C(F)(F)F)c3)c2)c1)Nc1cccc(-c2cccc(F)c2F)c1,-9.398837209302327,2.963519940967514,41_885
O=C(Nc1cccc(-c2cccc(-c3nc4cc(F)ccc4[nH]3)c2)c1)Nc1cccc(-c2cccc(F)c2F)c1,-9.655223880597013,3.1875244530828533,41_886
O=C(Nc1cccc(-c2cccc(-c3cccc(-c4cccc(F)c4)c3)c2)c1)c1ccccc1,-9.193103448275863,3.188129789925851,41_887
O=C(Nc1cccc(-c2cccc(-c3cccc(C(F)(F)F)c3)c2)c1)Nc1cccc(-c2cccc(F)c2F)c1,-9.398837209302327,2.963519940967514,41_888
O=C(Nc1cccc(-c2cccc(-c3cccc(-c4cccc(-c5ccccc5F)c4)c3)c2)c1)Nc1ccccc1F,-9.6,3.001946238048069,41_889
N#Cc1cccnc1-c1cccc(-c2cccc(NC(=O)c3cccc(-c4cccc(-c5cccc(-c6cccc(C(=O)N7CCOCC7)c6)c5)c4)c3)c2)c1,-9.8,3.0366146523794706,41_890
O=C(c1cccc(-c2cccc(-c3ccc4c(c3)OCCO4)c2Cl)n1)N(CCO)CCO,-6.3,3.692067741836981,41_891
O=c1nc(CCCCc2cccc(-c3cccc(-c4cccc(-c5ccccc5F)c4)c3)c2)c1=Nc1cccc(-c2cccc(F)c2F)c1,-6.8,2.9160156303177094,41_892
O=C(Nc1cccc(-c2cccc(-c3cccc(F)c3)c2)c1)c1cccc(-c2cccc(-c3cccc(-c4nn[nH]n4)c3)c2)c1,-9.0,3.2143376936691226,41_893
O=C(Nc1cccc(-c2cccc(-c3nc4cc(F)ccc4[nH]3)c2)c1)Nc1ccc(F)cc1F,-8.6,3.3518803928133454,41_894
O=C(c1cccc(-c2cccc(-c3nc4cc(F)ccc4[nH]3)c2)c1)N1CCNCC1,-8.565000000000001,3.6450984636569372,41_895
O=C(c1cccc(-c2cccc(-c3cccc(-c4ccccc4F)c3)c2)c1)N1CCNCC1,-9.361111111111112,3.508189933556279,41_896
O=C(c1cccc(-c2cccc(-c3cccc(-c4nc5cc(F)ccc5[nH]4)c3)c2)c1)N1CCOCC1,-9.1,3.4754231352898994,41_897
O=c1[nH]c2ccccc2cc1-c1cccc(-c2ccc3c(c2)NCCO3)c1,-8.8,3.5676033495625044,41_898
C=C(C=CC=CC1=CN(C(=O)Nc2ccccc2Cl)C=CC=C1)c1cccc(-c2nc3ccccc3[nH]2)c1,-10.2,2.346481244453723,41_899
Cn1c(-c2cccc(-c3cccc(NC(=O)Nc4cccc(-c5cccc(F)c5F)c4)c3)c2)nc2ccccc21,-9.914457831325302,3.216920496534968,41_900
O=C(Nc1cccc(-c2cccc(-c3ccc4c(c3)OCO4)c2)c1)Nc1cccc2ccccc12,-9.2,3.2940231259210835,41_901
O=C(Nc1cccc(-c2cccc(-c3ccc4c(c3)OCO4)c2)c1)Nc1cccc(-c2cccc(N3CCCC3)n2)c1,-9.333333333333334,3.198852774637906,41_902
Cn1c(-c2cccc(-c3cccc(NC(=O)Nc4cccc(-c5cccc(F)c5F)c4)c3)c2)nc2ccccc21,-9.914457831325302,3.216920496534968,41_903
O=C(c1cccc(-c2ccc3c(c2)OCO3)c1)N1CCN(C(=O)c2cc(Cc3n[nH]c(=O)c4c3NCCC4)ccc2F)CC1,-9.4,3.2832968244597263,41_904
O=C(Nc1cccc(-c2cccc(-c3nc4cc(F)ccc4[nH]3)c2)c1)Nc1cccc(-c2cccc(F)c2F)c1,-9.655223880597013,3.1875244530828533,41_905
O=C(c1cccc(-c2cccc(-c3cccc(C(F)(F)F)c3)c2)c1)N1CCNCC1,-8.489999999999998,3.642566566269835,41_906
Cn1c(-c2cccc(-c3cccc(NC(=O)Nc4cccc(-c5cccc(C(=O)N6CCOCC6)c5)c4)c3)c2)nc2ccccc21,-9.495348837209304,3.2756851861708367,41_907
Cn1c(-c2cccc(-c3cccc(NC(=O)Nc4cccc(-c5cccc(F)c5F)c4)c3)c2)nc2ccccc21,-9.914457831325302,3.216920496534968,41_908
O=c1c2ccccc2nc(-c2cccc(-c3cccc(F)c3)c2)n1-c1cccc(-c2cccc(-c3cccc(-c4ccccc4F)c3)c2)c1,-9.7,2.9818321050206373,41_909
O=C(Nc1cccc(-c2cccc(-c3cccc(-c4nc5ccccc5[nH]4)c3)c2)c1)Nc1cccc(-c2cccc(F)c2F)c1,-9.799999999999999,3.045512900888348,41_910
O=C(Nc1cccc(-c2cccc(-c3nc4cc(F)ccc4[nH]3)c2)c1)Nc1cccc(-c2cccc(F)c2F)c1,-9.655223880597013,3.1875244530828533,41_911
O=C(Nc1ccccc1N1CCOCC1)c1cccc(-c2cccc(-c3cccc(-c4cccc(-c5ccccc5F)c4)c3)c2)c1,-9.9,3.085637223718346,41_912
O=C(Nc1cccc(-c2cccc(-c3cccc(-c4ccccc4F)c3)c2)c1)c1ccccc1,-9.212307692307691,3.188129789925851,41_913
O=C(Nc1cccc(-c2cccc(-c3nc4cc(F)ccc4[nH]3)c2)c1)Nc1cccc(-c2cccc(F)c2F)c1,-9.655223880597013,3.1875244530828533,41_914
O=C(Nc1cccc(-c2cccc(-c3nc4ccccc4[nH]3)c2)c1)Nc1cccc(-c2cccc(F)c2F)c1,-9.932142857142859,3.218592063451191,41_915
O=C(c1cccc(-c2cccc(-c3cccc(-c4ccccc4F)c3)c2)c1)N1CCNCC1,-9.361111111111112,3.508189933556279,41_916
Cn1c(-c2cccc(-c3cccc(-c4nc(-c5cc6ccccc6[nH]5)n[nH]c4=O)c3)c2)nc2ccccc21,-9.8,3.3611485494970044,41_917
O=C(Nc1cccc(-c2cccc(-c3cccc(C(F)(F)F)c3)c2)c1)Nc1cccc(-c2cccc(F)c2F)c1,-9.398837209302327,2.963519940967514,41_918
O=C(NCc1ccccc1Cl)c1cccc(-c2cccc(-c3cccc(-c4cccc(-c5nn[nH]n5)c4)c3)c2)c1,-9.7,3.2495312072717546,41_919
O=c1c2ccccc2nc(/C=C/c2ccccc2)n1-c1cccc(-c2cccc(-c3cccc(-c4cccc(C(F)(F)F)c4)c3)c2)c1,-9.1,2.9393653855058677,41_920
O=C(c1cccc(-c2cccc(-c3cccc(-c4ccccc4F)c3)c2)c1)N1CCNCC1,-9.361111111111112,3.508189933556279,41_921
O=C(c1cccc(-c2cccc(-c3cccc(-c4cccc(F)c4)c3)c2)c1)N1CCNCC1,-9.331372549019608,3.508189933556279,41_922
O=C(Nc1cccc(-c2cccc(-c3nc4ccccc4[nH]3)c2)c1)Nc1cccc(-c2ccccc2F)c1,-10.3,3.2316895980188507,41_923
Cn1c(-c2cccc(-c3cccc(NC(=O)Nc4cccc(-c5cccc(C(F)(F)F)n5)c4)c3)c2)nc2ccccc21,-9.5,3.293153672558433,41_924
O=C(Nc1cccc(-c2cccc(-c3cccc(-c4ccccc4F)c3)c2)c1)Nc1cccc(-c2cccc(F)c2F)c1,-9.537499999999998,2.9869508389213753,41_925
C=Cc1c(-c2ccc3c(c2)OCCO3)cncc1C(N)C=CCC=NC(=O)c1cccc(-c2cccc(F)c2F)c1,-7.0,3.3579710252511066,41_926
O=C(Nc1cccc(-c2cccc(-c3cccc(-c4ccccc4F)c3)c2)c1)c1ccccc1,-9.212307692307691,3.188129789925851,41_927
Cn1c(-c2cccc(-c3cccc(NC(=O)Nc4cccc(-c5cccc(F)c5F)c4)c3)c2)nc2ccccc21,-9.914457831325302,3.216920496534968,41_928
O=C(Nc1cccc(-c2cccc(-c3nc4ccccc4[nH]3)c2)c1)Nc1cccc(-c2cccc(F)c2F)c1,-9.932142857142859,3.218592063451191,41_929
C=C(C=CC=CC1=CN(C(=O)Nc2cccc(-c3cccc(F)c3F)c2)C=CC=C1)c1cccc(-c2nc3ccccc3[nH]2)c1,-8.196,2.0807625124520213,41_930
O=C(Nc1ccccc1Cl)N1C=CC(c2cccc(-c3ccc4c(c3)OCO4)c2)=CC(c2cccc(-c3ccc4c(c3)OCO4)c2)=C1,-10.8,2.0148400593732916,41_931
O=C(Nc1cc(Cl)cc(Cl)c1)c1cccc(-c2cccc(-c3cccc(-c4cccc(F)c4)c3)c2)c1,-9.0,3.1111222107781975,41_932
O=C(c1cccc(-c2cccc(-c3cccc4ccccc34)c2)c1)N1CCN(C(=O)c2cccc(F)c2F)CC1,-9.671428571428569,3.2507959847575894,41_933
Cn1c(-c2cccc(-c3cccc(NC(=O)Nc4cccc(-c5cccc(-c6cccc(F)c6)c5)c4)c3)c2)nc2ccccc21,-9.663636363636364,3.0539916384657317,41_934
Cn1c(-c2cccc(-c3cccc(NC(=O)Nc4cccc(-c5cccc(F)c5F)c4)c3)c2)nc2ccccc21,-9.914457831325302,3.216920496534968,41_935
O=C(Nc1cccc(-c2ccc3c(c2)OCCO3)c1)c1cccc(-c2cccc(-c3cccc(-c4ccccc4F)c3)c2)c1,-9.299999999999999,3.134058023091097,41_936
Cn1c(-c2cccc(-c3cccc(NC(=O)Nc4cccc(-c5cccc(C(=O)N6CCOCC6)c5)c4)c3)c2)nc2ccccc21,-9.495348837209304,3.2756851861708367,41_937
O=C(Nc1cccc(-c2cccc(-c3ccc4c(c3)OCO4)c2)c1)Nc1ccccc1-c1ccccc1,-8.7,3.226266249465122,41_938
O=C(Nc1cccc(-c2cccc(-c3cccc(-c4ccccc4F)c3)c2)c1)Nc1cccc(-c2cccc(F)c2F)c1,-9.537499999999998,2.9869508389213753,41_939
O=C(c1cccc(-c2cccc(-c3cccc(-c4cccc(F)c4)c3)c2)c1)N1CCNCC1,-9.331372549019608,3.508189933556279,41_940
C=C(C=CC=Cc1ccccc(=O)[nH]c2cccc(C(F)(F)F)c2c1)c1cccc(C=Nc2cccc(F)c2)c1,-8.5,0.9293130633413362,41_941
O=C(Nc1cccc(-c2cccc(-c3nc4ccccc4[nH]3)c2)c1)Nc1cccc(-c2cccc(F)c2F)c1,-9.932142857142859,3.218592063451191,41_942
O=C(Nc1cccc(-c2ccc3c(c2)CCO3)c1)c1cccc(-c2cccc(-c3cccc(-c4cccc(C(F)(F)F)c4)c3)c2)c1,-7.9,3.0622176937510464,41_943
O=C(c1cccc(-c2cccc(-c3cccc(C(F)(F)F)c3)c2)c1)N1CCNCC1,-8.489999999999998,3.642566566269835,41_944
O=C(NC(Cc1ccccc1)C(=O)Nc1cccc(-c2cccc3ccccc23)c1)c1cccc2c1-c1ccccc1C2=O,-9.4,3.206233919349489,41_945
O=C(c1cccc(-c2cccc(-c3cccc(-c4ccccc4F)c3)c2)c1)N1CCNCC1,-9.361111111111112,3.508189933556279,41_946
O=C(c1cccc(-c2cccc(-c3cccc(C(=O)N4CCOCC4)c3)c2)c1)N1CCNCC1,-8.824324324324325,3.649506152725788,41_947
O=Cc1cccnc1-c1cccc(-c2cccc(NC(=O)c3cccc(-c4cccc(-c5cccc(-c6ccccc6F)c5)c4)c3)c2)c1,-9.0,2.9891933763485983,41_948
O=c1c2ccccc2nc(-c2cccc(-c3ccc4c(c3)OCCO4)c2)n1-c1cccc(-c2cccc(-c3cccc(-c4nn[nH]n4)c3)c2)c1,-9.8,3.14039463614955,41_949
O=C(Nc1cccc(-c2cccc(-c3cccc(F)c3)c2)c1)c1cccc(-c2cccc(-c3ccc4c(c3)OCO4)c2)c1,-8.7,3.0509717974853863,41_950
Cn1c(-c2cccc(-c3cccc(-c4cccc(-c5cccc(C(=O)NCc6ccccc6)c5)c4)c3)c2)nc2ccccc21,-8.6,3.1499500379405134,41_951
O=C(Nc1cccc(-c2cccc(-c3cccc(F)c3)c2)c1)c1cccc(-c2cccc(-c3cccc(-c4ccccc4F)c3)c2)c1,-8.45,2.866644854216854,41_952
O=C(Nc1cccc(-c2cccc(-c3cccc(-c4ccccc4F)c3)c2)c1)c1cccc(-c2cccc(-c3cccc(-c4ccccc4F)c3)c2)c1,-10.0,2.8390708065051737,41_953
O=C(Nc1cccc(-c2cccc(-c3cccc(-c4nc5cc(F)ccc5[nH]4)c3F)c2)c1)Nc1cccc(-c2cccc(F)c2F)c1,-9.766666666666666,2.958089856354927,41_954
O=COC=C1C=CC=C(c2cccc(-c3cccc(-c4cccc(F)c4)c3)c2)C=Cc2c(F)cccc21,-9.2,1.010613872335345,41_955
O=C(Nc1cccc(-c2cccc(F)c2F)c1)Nc1cccc(-c2cccc(-c3nc4cc(F)ccc4[nH]3)c2F)c1,-10.003921568627451,3.128615257744718,41_956
O=C(c1cccc(-c2cccc(-c3nc4ccccc4[nH]3)c2)c1)N1CCN(c2cccc(Cl)c2)CC1,-9.14,3.440092756302386,41_957
O=C(Nc1cccc(-c2cccc(-c3nc4cc(F)ccc4[nH]3)c2)c1)Nc1cccc(-c2cccc(F)c2F)c1,-9.655223880597013,3.1875244530828533,41_958
O=C(Nc1cccc(-c2cccc(-c3cccc(-c4ccccc4F)c3)c2)c1)c1ccccc1,-9.212307692307691,3.188129789925851,41_959
O=C(Nc1cccc(-c2cccc(-c3cccc(C(F)(F)F)c3)n2)c1)Nc1cccc(-c2cccc(F)c2F)c1,-10.2,3.093072100896934,41_960
O=C(Nc1cccc(-c2cccc(-c3cccc(C(=O)N4CCOCC4)c3)c2)c1)Nc1cccc(-c2cccc(F)c2F)c1,-9.424324324324322,3.254566509495188,41_961
Cn1c(-c2cccc(-c3cccc(NC(=O)Nc4cccc(-c5cccc(-c6cccc(F)c6)c5)c4)c3)c2)nc2ccccc21,-9.663636363636364,3.0539916384657317,41_962
O=C(c1cccc(-c2cccc(-c3ccc4c(c3)OCO4)c2)c1)N1CCN(C(=O)c2cccc(F)c2F)CC1,-9.419999999999998,3.4645763407894306,41_963
O=C(Nc1cccc(-c2cccc(-c3cccc(-c4ccccc4F)c3)c2)c1)Nc1cccc(-c2cccc(F)c2F)c1,-9.537499999999998,2.9869508389213753,41_964
Cn1c(-c2cccc(-c3cccc(-c4cccc(C(=O)N5CCNCC5)c4)c3)c2)nc2ccccc21,-9.312000000000001,3.480167691596529,41_965
Cn1c(-c2cccc(-c3cccc(NC(=O)Nc4cccc(-c5cccc(F)c5F)c4)c3)c2)nc2ccccc21,-9.914457831325302,3.216920496534968,41_966
O=C(Nc1cccc(-c2cccc(-c3nc4cc(F)ccc4[nH]3)c2)c1)Nc1cccc(-c2cccc(F)c2F)c1,-9.655223880597013,3.1875244530828533,41_967
O=C(Nc1cccc(-c2cccc(-c3nc4ccccc4[nH]3)c2)c1)Nc1cccc(-c2cccc(F)c2F)c1,-9.932142857142859,3.218592063451191,41_968
Cn1c(-c2cccc(-c3cccc(NC(=O)Nc4cccc(-c5cccc(F)c5F)c4)c3)c2)nc2ccccc21,-9.914457831325302,3.216920496534968,41_969
O=C(Nc1cccc(-c2cccc(-c3cccc(-c4ccccc4F)c3)c2)c1)Nc1cccc(-c2cccc(F)c2F)c1,-9.537499999999998,2.9869508389213753,41_970
O=C(c1cccc(-c2cccc(-c3cccc(-c4ccccc4F)c3)c2)c1)N1CCNCC1,-9.361111111111112,3.508189933556279,41_971
O=C(c1cccc(-c2cccc(-c3cccc4ccccc34)c2)c1)N1CCN(C(=O)c2cccc(F)c2F)CC1,-9.671428571428569,3.2507959847575894,41_972
N#Cc1cccc(-c2cccc(-c3cccc(-c4cccc(-c5ccccc5F)c4)c3)c2)c1,-9.3,3.098681930688423,41_973
Cn1c(-c2cccc(-c3cccc(NC(=O)Nc4cccc(-c5cccc(C(=O)N6CCOCC6)c5)c4)c3)c2)nc2ccccc21,-9.495348837209304,3.2756851861708367,41_974
O=C(c1cccc(-c2cccc(-c3cccc(C(=O)N4CCOCC4)c3)c2)c1)N1CCNCC1,-8.824324324324325,3.649506152725788,41_976
O=C(Nc1cccc(-c2cccc(-c3ccc4c(c3)OCO4)c2)c1)Nc1cccc(-c2cccc(-c3nn[nH]n3)c2)c1,-9.2,3.1315351008140135,41_977
O=C(c1cccc(-c2cccc(C(=O)N3CCN(C(=O)c4cccc(-c5cccc6ccccc56)c4)CC3)c2)c1)N1CCOCC1,-9.5,3.2248509378055923,41_978
O=C(c1cccc(-c2cccc(-c3cccc(C(=O)N4CCOCC4)c3)c2)c1)N1CCNCC1,-8.824324324324325,3.649506152725788,41_979
O=C(Nc1cccc(-c2cccc(-c3cccc(-c4cccc(F)c4)c3)c2)c1)c1ccccc1,-9.193103448275863,3.188129789925851,41_980
O=C(c1cccc(-c2cccc(-c3cccc4ccccc34)c2)c1)N1CCN(C(=O)c2ccc(F)cc2F)CC1,-9.4,3.2507959847575894,41_981
N#Cc1ccccc1-c1cccc(C(=O)N2CCN(C(=O)c3cccc(-c4cccc(-c5ccc6c(c5)OCO6)c4)c3)CC2)n1,-9.3,3.218837861438061,41_982
O=C(Nc1cccc(-c2cccc(-c3cccc(-c4ccccc4F)c3)c2)c1)Nc1cccc(-c2cccc(F)c2F)c1,-9.537499999999998,2.9869508389213753,41_983
O=C(Nc1cccc(-c2cccc(-c3cccc(-c4cccc(F)c4)c3)c2)c1)c1ccccc1,-9.193103448275863,3.188129789925851,41_984
O=C(Nc1cccc(-c2cccc(-c3cccc(C(F)(F)F)c3)c2)c1)Nc1cccc(-c2cccc(F)c2F)c1,-9.398837209302327,2.963519940967514,41_985
O=C(Nc1cccc(-c2cccc(-c3cccc(-c4cccc(F)c4)c3)c2)c1)c1ccccc1,-9.193103448275863,3.188129789925851,41_986
C[C@H](Nc1cc(-n2ccc3cc(C#N)cnc32)ccc1C(N)=O)c1ccccc1C(F)(F)F,-7.1,3.6418003870051345,41_987
N#Cc1cccc(-c2cccc(-c3cccc(-c4cccc(C(=O)N5CCOCC5)c4)c3)c2)c1,-9.3,3.4943516689719503,41_988
Cn1c(-c2cccc(-c3cccc(-c4cccc(C(=O)N5CCNCC5)c4)c3)c2)nc2ccccc21,-9.312000000000001,3.480167691596529,41_989
O=C(c1cccc(-c2cccc(-c3cccc4ccccc34)c2)c1)N1CCN(c2ncccc2C(F)(F)F)CC1,-9.6,3.307482186496811,41_990
O=C(Nc1cccc(-c2cccc(-c3nc4cc(F)ccc4[nH]3)c2)c1)Nc1cccc(-c2cccc(F)c2F)c1,-9.655223880597013,3.1875244530828533,41_991
O=C(Nc1cccc(-c2cccc(-c3cccc(-c4cccc(F)c4)c3)c2)c1)Nc1cccc(-c2cccc(F)c2F)c1,-9.478125,2.9869508389213753,41_992
O=C(c1cccc(-c2ncccc2CF)c1)N1CCN(c2nc(-c3ccccc3)ns2)CC1,-7.2,3.6462913599144673,41_993
O=C(Nc1cccc(-c2cccc(-c3cccc(C(F)(F)F)c3)c2)c1)Nc1cccc(-c2cccc(F)c2F)c1,-9.398837209302327,2.963519940967514,41_994
O=C1NCCC=C1C=Cc1ccc(-c2cccc(-c3cccc(-c4ccccc4F)c3)c2)nc1,-8.3,3.4572097094884167,41_995
O=C(Nc1cccc(-c2cccc(C(=O)N3CCOCC3)c2)c1)Nc1cccc(-c2cccc(N3CCCC3)c2)c1,-9.0,3.393866917394924,41_996
O=C(Nc1cccc(-c2cccc(-c3nc4ccccc4[nH]3)c2)c1)Nc1cccc(-c2cccc(F)c2F)c1,-9.932142857142859,3.218592063451191,41_997
Cn1c(-c2cccc(-c3cccc(NC(=O)Nc4cccc(-c5cccc(-c6ccccc6)c5)c4)c3)c2)nc2ccccc21,-10.299999999999999,3.0563724042831923,41_998
O=C(Nc1cccc(-c2cccc(-c3cccc(C(F)(F)F)c3)c2)c1)Nc1cccc(-c2cccc(F)c2F)c1,-9.398837209302327,2.963519940967514,41_999
O=c1nc(-c2cccc(-c3nn[nH]n3)c2)c2ccc(-c3cccc(Cl)c3F)cc2[nH]1,-8.9,3.557289697886831,41_1000
O=C(Nc1cccc(-c2cccc(-c3cccc(C(F)(F)F)c3)c2)c1)Nc1cccc(-c2cccc(F)c2F)c1,-9.398837209302327,2.963519940967514,41_1001
Cc1cccc(-c2nc3ccccc3n2Cc2cccc(C(=O)Nc3cc(Cl)ccc3C)c2)c1,-9.0,3.4185367957256547,41_1002
O=C(c1ccccc1)N1CCN(C(=O)c2cccc(-c3cccc(-c4ccc5c(c4)OCO5)c3)c2)CC1,-9.3,3.4829563454567842,41_1003
O=C(c1cccc(-c2cccc(-c3cccc(-c4nn[nH]n4)c3)c2)c1)N1CCNCC1,-8.931818181818182,3.6709921779215158,41_1004
O=C(c1cccc(-c2cccc(-c3cccc(-c4ccccc4F)c3)c2)c1)N1CCNCC1,-9.361111111111112,3.508189933556279,41_1005
Cn1c(-c2cccc(-c3cccc(NC(=O)Nc4cccc(-c5cccc(C(=O)N6CCOCC6)c5)c4)c3)c2)nc2ccccc21,-9.495348837209304,3.2756851861708367,41_1006
O=C(c1cccc(-c2cccc(-c3ccc4c(c3)OCCO4)c2F)c1)N1CCNCC1,-8.669565217391305,3.6553838184373157,41_1007
O=C(c1cccc(-c2cccc(-c3cccc(-c4ccccc4F)c3)c2)c1)N1CCNCC1,-9.361111111111112,3.508189933556279,41_1008
O=C(c1cccc(-c2cccc(-c3cccc4ccccc34)c2)c1)N1CCN(C(=O)c2ccccc2F)CC1,-9.1,3.2705511526271827,41_1009
O=C(c1cccc(-c2cccc(-c3cccc(-c4nn[nH]n4)c3)c2)c1)N1CCNCC1,-8.931818181818182,3.6709921779215158,41_1010
O=C(Nc1cccc(-c2cccc(-c3nc4cc(F)ccc4[nH]3)c2)c1)Nc1cccc(-c2cccc(F)c2F)c1,-9.655223880597013,3.1875244530828533,41_1011
O=C(c1cccc(-c2cccc(C(=O)N3CCN(c4ccccc4C(F)(F)F)CC3)c2)c1)N1CCOCC1,-8.52222222222222,3.5675074243249583,41_1012
O=C(NCCc1ccccc1)c1cccc(-c2cccc(-c3cccc(-c4cccc(-c5ccccc5F)c4)c3)c2)c1,-8.6,2.9395881390256515,41_1013
C=C(C=CC=CC1=CN(C(=O)Nc2cccc(-c3cccc(F)c3F)c2)C=CC=C1)c1cccc(-c2nc3ccccc3[nH]2)c1,-8.196,2.0807625124520213,41_1014
O=C(Nc1cccc(-c2cccc(-c3cccc(-c4cccc(F)c4)c3)c2)c1)Nc1cccc(-c2cccc(F)c2F)c1,-9.478125,2.9869508389213753,41_1015
O=C(Nc1cccc(-c2cccc(-c3nc4ccccc4[nH]3)c2)c1)Nc1cccc(-c2cccc(F)c2F)c1,-9.932142857142859,3.218592063451191,41_1016
O=C(Nc1cccc(-c2cccc(-c3cccc(C(F)(F)F)c3)c2)c1)Nc1cccc(-c2cccc(F)c2F)c1,-9.398837209302327,2.963519940967514,41_1017
O=C(c1cccc(-c2cccc(C(=O)N3CCN(c4cccc(C5(F)CO5)c4)CC3)c2)c1)N1CCOCC1,-7.4,3.40325411866979,41_1018
Cn1c(-c2cccc(-c3cccc(NC(=O)Nc4cccc(-c5cccc(C(=O)N6CCOCC6)c5)c4)c3)c2)nc2ccccc21,-9.495348837209304,3.2756851861708367,41_1019
O=C(Nc1cccc(-c2cccc(-c3cccc(-c4cccc(F)c4)c3)c2)c1)Nc1cccc(-c2cccc(F)c2F)c1,-9.478125,2.9869508389213753,41_1020
C=C(C=CC=CC1=CN(C(=O)Nc2cccc(-c3cccc(F)c3F)c2)C=CC=C1)c1cccc(-c2nc3ccccc3[nH]2)c1,-8.196,2.0807625124520213,41_1021
O=C(Nc1cccc(F)c1)Nc1cccc(-c2cccc(-c3cccc(-c4nc5cc(F)ccc5[nH]4)c3F)c2)c1,-9.35,3.1875244530828533,41_1022
Cn1c(-c2cccc(-c3cccc(-c4cccc(C(=O)N5CCNCC5)c4)c3)c2)nc2ccccc21,-9.312000000000001,3.480167691596529,41_1023
O=C(Nc1cccc(-c2cccc(-c3cccc(-c4ccccc4F)c3)c2)c1)Nc1cccc(-c2cccc(F)c2F)c1,-9.537499999999998,2.9869508389213753,41_1024
O=C(Nc1cccc(-c2cccc(-c3nc4ccccc4[nH]3)c2)c1)Nc1cccc(-c2cccc(F)c2F)c1,-9.932142857142859,3.218592063451191,41_1025
O=C(Nc1cccc(-c2cccc(C(=O)N3CCOCC3)c2)c1)Nc1cccc(-c2cccc(F)c2F)c1,-9.7125,3.5133545427940325,41_1026
C=C(C=CC=CC(=C)c1cccc(-c2nc3ccccc3[nH]2)c1)C=CC=CC(=O)N1CCNCC1,-7.168749999999999,3.469586304146949,41_1027
O=C(Nc1cccc(-c2cccc(-c3nc4cc(F)ccc4[nH]3)c2)c1)Nc1cccc(-c2cccc(F)c2F)c1,-9.655223880597013,3.1875244530828533,41_1028
O=C(Nc1ncccc1C(=O)c1cccc(-c2cccc(-c3cccc(-c4nc5cc(F)ccc5[nH]4)c3)c2)c1)c1ccccc1,-9.4,3.1840974953680945,41_1029
O=C(Nc1cccc(-c2cccc(-c3cccc(-c4ccccc4F)c3)c2)c1)Nc1cccc(-c2cccc(F)c2F)c1,-9.537499999999998,2.9869508389213753,41_1030
O=C(Nc1cccnc1)Nc1cccc(-c2cccc(-c3cccc(-c4nc5cc(F)ccc5[nH]4)c3F)c2)c1,-9.4,3.3051748077707623,41_1031
O=C(c1cccc(-c2cccc(-c3nc4ccccc4[nH]3)c2)c1)N1CCN(c2ccccc2)CC1,-8.72857142857143,3.469314490794095,41_1032
O=C(Nc1cccc(-c2cccc(-c3ccc4c(c3)OCO4)c2)c1)Nc1cccc(-c2cccc(F)c2F)c1,-10.05,3.2209144306978645,41_1033
N#Cc1cccnc1-c1cccc(C2=CC(=CC3=CC(=CC4=CC(=CC(=O)Nc5ccccc5C(=O)N5CCOCC5)C=C4)C=C3)C=C2)c1,-7.8,3.0375371052465674,41_1034
O=C(Nc1cccc(-c2cccc(F)c2F)c1)Nc1cccc(-c2cccc(-c3nc4cc(F)ccc4[nH]3)c2F)c1,-10.003921568627451,3.128615257744718,41_1035
NC(=O)c1cccc(-c2cccc(-c3cccc(-c4cccc(F)c4)c3)c2)c1,-8.7,3.426361629410837,41_1036
O=C(Nc1cccc(-c2cccc(-c3cccc(C(F)(F)F)c3)c2)c1)Nc1cccc(-c2cccc(F)c2F)c1,-9.398837209302327,2.963519940967514,41_1037
O=C(Nc1cc2cc(-c3cccc(F)c3F)ccc2o1)c1nn(-c2cccc(F)c2F)cc1-c1cccc(-c2ccccc2F)c1,-9.0,3.1812548225537554,41_1038
O=C1Nc2ccccc2/C1=C\c1cccc(-c2cccc(-c3cccc(-c4cccc(-c5nc6cc(F)ccc6[nH]5)c4)c3)c2)c1,-10.6,3.0434893745149116,41_1039
O=C(Nc1cccc(-c2cccc(-c3cccc(-c4nn[nH]n4)c3)c2)c1)Nc1cccc(-c2cccc(F)c2F)c1,-9.7375,3.286971097546113,41_1040
Cn1c(-c2cccc(-c3cccc(NC(=O)Nc4cccc(-c5cccc(F)c5F)c4)c3)c2)nc2ccccc21,-9.914457831325302,3.216920496534968,41_1041
O=C(c1cccc(-c2cccc(-c3cccc(F)c3)c2)c1)N1CCN(C(=O)c2cccc(-c3ccccc3F)c2F)CC1,-8.3,3.2102317600184875,41_1042
O=C(Nc1cccc(-c2cccc(F)c2)c1)c1cccc(-c2cccc(-c3cccc(C(=O)N4CCOCC4)c3)c2)c1,-9.6,3.318291864592828,41_1043
O=C(c1cccc(-c2cccc(-c3cccc(-c4cccc(F)c4)c3)c2)c1)N1CCNCC1,-9.331372549019608,3.508189933556279,41_1044
O=c1[nH]c(=O)n([C@@H]2C=C(F)[C@@H](Oc3no[n+]([O-])c3[Se](=O)(=O)c3ccccc3)C2)cc1-c1ccccc1,-7.9,3.22789477793395,41_1045
O=C(Nc1cccc(-c2cccc(-c3cccc(-c4ccccc4F)c3)c2)c1)Nc1cccc(-c2cccc(F)c2F)c1,-9.537499999999998,2.9869508389213753,41_1046
O=C(N[C@H]1CC[C@@]2(O)[C@H]3Cc4ccc(O)c5c4[C@@]2(CCN3CC2CC2)[C@H]1O5)c1cccc(-c2ccccc2)c1,-7.9,3.2215800038426323,41_1047
O=[N+]([O-])c1cccc(-c2csc(N=Nc3c(O)[nH]c4ccccc34)n2)c1,-7.6,3.3806560849807408,41_1048
O=C(Nc1cccc(-c2cccc(-c3cccc(C(=O)N4CCOCC4)c3)c2)c1)c1ccccc1,-8.963636363636365,3.5759240999335113,41_1049
O=C(c1cccc(-c2cccc(-c3cccc(F)c3)c2)c1)N1CCN(c2cccc(C(F)(F)F)c2)CC1,-8.672727272727272,3.323511212462599,41_1050
Cn1c(-c2cccc(-c3cccc(NC(=O)Nc4cccc(-c5cccc(F)c5F)c4)c3)c2)nc2ccccc21,-9.914457831325302,3.216920496534968,41_1051
O=C(c1cccc(-c2cccc(-c3cccc(F)c3)c2)c1)N1CCN(c2cccc(C(F)(F)F)c2)CC1,-8.672727272727272,3.323511212462599,41_1052
O=C(c1cccc(-c2cccc(-c3cccc(-c4nn[nH]n4)c3)c2)c1)N1CCNCC1,-8.931818181818182,3.6709921779215158,41_1053
O=C(Nc1cccc(-c2cccc(-c3nc4cc(F)ccc4[nH]3)c2)c1)Nc1cccc(-c2cccc(F)c2F)c1,-9.655223880597013,3.1875244530828533,41_1054
O=C(c1cccc(-c2cccc(-c3cccc4ccccc34)c2)c1)N1CCN(C(=O)c2cccc(F)c2F)CC1,-9.671428571428569,3.2507959847575894,41_1055
O=C(N=CC1=CC(c2cccc(-c3cccc(C(=O)N4CCOCC4)c3)c2)C=C1)Nc1cccc(-c2cccc(F)c2F)c1,-7.3,3.284176497294286,41_1056
O=C(Nc1cccc(-c2cccc(-c3cccc(F)c3)c2)c1)Nc1cccc(-c2cccc(F)c2F)c1,-9.72,3.1787533639972665,41_1057
O=C(Nc1cccc(-c2cccc(-c3nc4cc(F)ccc4[nH]3)c2)c1)Nc1cccc(-c2cccc(F)c2F)c1,-9.655223880597013,3.1875244530828533,41_1058
O=C(Nc1cccc(-c2cccc(-c3cccc(-c4ccccc4F)c3)c2)c1)c1ccccc1,-9.212307692307691,3.188129789925851,41_1059
C=C(C=CC=CC(=C)c1cccc(-c2nc3ccccc3[nH]2)c1)C=CC=CC1=CCC=CC=C1,-7.8,2.119782172952485,41_1060
O=C(Nc1ccccc1)c1cccc(-c2cccc(-c3cccc(-c4cccc(C(=O)N5CCOCC5)c4)c3)c2)c1,-9.4,3.328409941359162,41_1061
O=C(Nc1cccc(-c2cccc(-c3cccc(C(F)(F)F)c3)c2)c1)Nc1cccc(-c2cccc(F)c2F)c1,-9.398837209302327,2.963519940967514,41_1062
O=C(Nc1cccc(-c2cccc(-c3nc4cc(F)ccc4[nH]3)c2)c1)Nc1cccc(-c2cccc(F)c2F)c1,-9.655223880597013,3.1875244530828533,41_1063
O=C(c1cccc(-c2cccc(C(=O)N3CCN4CCC[C@H]4C3)c2)c1)N1CCOCC1,-8.4,3.4875140345915683,41_1064
O=C(Nc1cccc(-c2cccc(-c3cccc(-c4ccccc4F)c3)c2)c1)c1ccccc1,-9.212307692307691,3.188129789925851,41_1065
O=C(Nc1cccc(-c2cccc(-c3cccc(-c4cccc(-c5ccccc5F)c4)c3)c2)c1)Nc1cccc(C(F)(F)F)c1,-9.7,2.8197828255274384,41_1066
O=C(c1cccc(-c2cccc(C(=O)N3CCN(c4ccccc4C(F)(F)F)CC3)c2)c1)N1CCOCC1,-8.52222222222222,3.5675074243249583,41_1067
O=C1CC=Cc2ccccc2Cc2c(-c3cccc4ccccc34)cccc2C2CC(c3ccccc3)=NN12,-8.9,0.6792810067290969,41_1068
O=C1C(=Nc2ccc(O)cc2)c2ccccc2N1c1cccc(-c2cccc(-c3cccc(-c4cccc(-c5nn[nH]n5)c4)c3)c2)c1,-9.0,3.2093599252926452,41_1069
O=C(c1cccc(-c2cccc3ccccc23)c1)N1CCn2c(nc3cc(F)ccc32)C1,-9.1,3.424653287201319,41_1070
O=C(Nc1cccc(-c2cccc(-c3cccc(C(=O)N4CCOCC4)c3)c2)c1)Nc1cccc(-c2cccc(F)c2F)c1,-9.424324324324322,3.254566509495188,41_1071
O=C(Nc1nc2ccccc2s1)c1cccc(-c2cccc(-c3cccc(-c4cccc(C(=O)N5CCOCC5)c4)c3)c2)c1,-9.6,3.301315898842343,41_1072
C=C(C=CC=CC1=CN(C(=O)Nc2cccc(-c3cccc(F)c3F)c2)C=CC=C1)c1cccc(-c2nc3ccccc3[nH]2)c1,-8.196,2.0807625124520213,41_1073
Cn1c(-c2cccc(-c3cccc(-c4cccc(C(=O)N5CCNCC5)c4)c3)c2)nc2ccccc21,-9.312000000000001,3.480167691596529,41_1074
O=C(c1cccc(-c2cccc(C(=O)N3CCN(c4cccc(Cl)c4)CC3)c2)c1)N1CCOCC1,-8.428571428571427,3.5860753069993834,41_1075
O=C(Nc1cccc(-c2cccc(-c3cccc(C(F)(F)F)c3)c2)c1)Nc1cccc(-c2cccc(F)c2F)c1,-9.398837209302327,2.963519940967514,41_1076
Cn1c(-c2cccc(-c3cccc(NC(=O)Nc4cccc(-c5cccc(C(=O)N6CCOCC6)c5)c4)c3)c2)nc2ccccc21,-9.495348837209304,3.2756851861708367,41_1077
O=C(Nc1cccc(-c2cccc(-c3cccc(C(F)(F)F)c3)c2)c1)Nc1cccc(-c2cccc(F)c2F)c1,-9.398837209302327,2.963519940967514,41_1078
O=C(Nc1cccc(-c2cccc(-c3cccc(-c4ccccc4F)c3)c2)c1)c1ccccc1,-9.212307692307691,3.188129789925851,41_1079
O=c1cc(-c2ccccc2NCc2c3ccccc3nc3ccccc23)oc2ccccc12,-8.8,3.353596220834932,41_1080
Cn1c(-c2cccc(-c3cccc(-c4cccc(-c5cccc(NC(=O)Nc6cccc(-c7cccc(F)c7F)c6)c5)c4)c3)c2)nc2ccccc21,-9.1,2.9129889993394698,41_1081
O=C(Nc1cccc(-c2cccc(-c3cccc(C(=O)N4CCOCC4)c3)c2)c1)Nc1cccc(-c2cccc(F)c2F)c1,-9.424324324324322,3.254566509495188,41_1082
O=C(Nc1cccc(-c2cccc(-c3cccc(-c4ccccc4F)c3)c2)c1)Nc1cccc(-c2cccc(F)c2F)c1,-9.537499999999998,2.9869508389213753,41_1083
O=C(Nc1cccc(-c2cccc(-c3cccc(C(=O)N4CCOCC4)c3)c2)c1)Nc1cccc(-c2cccc(F)c2F)c1,-9.424324324324322,3.254566509495188,41_1084
O=C(Nc1cccc(-c2cccc(-c3nc4cc(F)ccc4[nH]3)c2)c1)Nc1cccc(-c2cccc(F)c2F)c1,-9.655223880597013,3.1875244530828533,41_1085
O=C(c1cccc(-c2cccc(-c3cccc(-c4cccc(F)c4)c3)c2)c1)N1CCNCC1,-9.331372549019608,3.508189933556279,41_1086
O=C(Nc1ccccc1)Nc1cccc(-c2cccc(-c3cccc(-c4cccc(-c5nn[nH]n5)c4)c3)c2)c1,-9.0,3.3075243183736602,41_1087
O=C(Nc1cccc(-c2cccc(-c3cccc(-c4ccccc4F)c3)c2)c1)c1ccccc1,-9.212307692307691,3.188129789925851,41_1088
O=C(N[C@@H](c1cccc2ccccc12)c1c[nH]c2ccccc12)c1ccc(-c2cccc(F)c2)cc1,-8.6,3.094238799201941,41_1089
Cn1c(-c2cccc(-c3cccc(NC(=O)Nc4cccc(-c5cccc(C(=O)N6CCOCC6)c5)c4)c3)c2)nc2ccccc21,-9.495348837209304,3.2756851861708367,41_1090
Oc1ccc(-c2cc(-c3cccc(-c4cccc(-c5nn[nH]n5)c4)c3)cs2)cc1,-8.7,3.5577986849846943,41_1091
O=C(Nc1cccc(-c2cccc(-c3nc4cc(F)ccc4[nH]3)c2)c1)Nc1cccc(-c2cccc(F)c2F)c1,-9.655223880597013,3.1875244530828533,41_1092
O=C(Nc1cccc(-c2cccc(-c3cccc(C(=O)N4CCOCC4)c3)c2)c1)c1ccccc1,-8.963636363636365,3.5759240999335113,41_1093
O=C(c1cccc(-c2cccc(-c3nc4cc(F)ccc4[nH]3)c2)c1)N1CCNCC1,-8.565000000000001,3.6450984636569372,41_1094
Cn1c(-c2cccc(-c3cccc(NC(=O)Nc4cccc(-c5cccc(C(=O)N6CCOCC6)c5)c4)c3)c2)nc2ccccc21,-9.495348837209304,3.2756851861708367,41_1095
O=C(c1cccc(-c2cccc(C(=O)N3CCN(c4ccccc4)CC3)c2)c1)N1CCOCC1,-8.399999999999999,3.5953511473089197,41_1096
O=C(Nc1cccc(-c2cccc(-c3cccc(F)c3)c2)c1)Nc1cccc(-c2cccc(F)c2F)c1,-9.72,3.1787533639972665,41_1097
O=C(c1cccc(-c2cccc(-c3cccc(C(=O)N4CCOCC4)c3)c2)c1)N1CCNCC1,-8.824324324324325,3.649506152725788,41_1098
O=C(c1cccc(-c2cccc(C(=O)N3CCN(c4ncccc4C(F)(F)F)CC3)c2)c1)N1CCOCC1,-8.399999999999999,3.565339928233987,41_1099
O=C(Nc1cccc(-c2cccc(-c3cccc(-c4cccc(F)c4)c3)c2)c1)Nc1cccc(-c2cccc(F)c2F)c1,-9.478125,2.9869508389213753,41_1100
O=C(Nc1cccc(-c2cccc(-c3cccc(-c4ccccc4F)c3)c2)c1)c1ccccc1,-9.212307692307691,3.188129789925851,41_1101
O=C(Nc1cccc(-c2cccc(-c3nc4cc(F)ccc4[nH]3)c2)c1)Nc1cccc(-c2cccc(F)c2F)c1,-9.655223880597013,3.1875244530828533,41_1102
O=C(Oc1cccc(-c2cccc(C(=O)N3CCOCC3)c2)c1)c1cccc(-c2cccc(-c3cccc(-c4ccccc4F)c3)c2)c1,-8.7,3.001698501875512,41_1103
O=C(c1cccc(-c2cccc(-c3ccc4c(c3)OCO4)c2)c1)N1CCN(c2cccc(C(F)(F)F)c2)CC1,-8.885714285714286,3.4068437186879326,41_1104
O=C(Nc1cccc(-c2cccc(-c3nc4ccccc4[nH]3)c2)c1)Nc1cccc(-c2cccc(F)c2F)c1,-9.932142857142859,3.218592063451191,41_1105
C=C(C=CC=Cc1cccc(C(=O)N2CCNCC2)c1)c1cccc(-c2nc3ccccc3[nH]2)c1,-7.3999999999999995,3.4780307303611355,41_1106
O=Cc1cccc(-c2cccc(-c3cccc(-c4cccc(C(=O)N5CCOCC5)c4)c3)c2)c1,-9.3,3.4326893181657363,41_1107
O=C(c1cccc(-c2cccc(-c3cccc(F)c3)c2)c1)N1CCN(c2cccc(C(F)(F)F)c2)CC1,-8.672727272727272,3.323511212462599,41_1108
O=C(c1cccc(-c2cccc(-c3nc4ccccc4[nH]3)c2)c1)N1CCN(c2ncccc2C(F)(F)F)CC1,-9.75,3.4720387623853153,41_1109
O=C(Nc1cccc(-c2cccc(F)c2F)c1)Nc1cccc(-c2cccc(-c3nc4cc(F)ccc4[nH]3)c2F)c1,-10.003921568627451,3.128615257744718,41_1110
O=C(c1cccc(-c2cccc(-c3cccc(C(=O)N4CCOCC4)c3)c2)c1)N1CCNCC1,-8.824324324324325,3.649506152725788,41_1111
O=C(c1cccc(-c2cccc(-c3cccc(F)c3)c2)c1)N1CCN(C(c2ccccc2)c2ccccc2)CC1,-8.600000000000001,3.137684598867376,41_1112
Cn1c(-c2cccc(-c3cccc(NC(=O)Nc4cccc(-c5cccc(C(=O)N6CCOCC6)c5)c4)c3)c2)nc2ccccc21,-9.495348837209304,3.2756851861708367,41_1113
O=C(Nc1cccc(-c2cccc(F)c2F)c1)c1cccc(-c2cccc(C(=O)N3CCOCC3)c2)c1,-8.7,3.5743766896739806,41_1114
O=C(Nc1cccc(-c2cccc(-c3nc4ccccc4[nH]3)c2)c1)Nc1cccc(-c2cccc(F)c2F)c1,-9.932142857142859,3.218592063451191,41_1115
O=C(Nc1cccc(-c2cccc(F)c2F)c1)Nc1cccc(-c2cccc(-c3nc4cc(F)ccc4[nH]3)c2F)c1,-10.003921568627451,3.128615257744718,41_1116
C=C(C=CC=CC1=COC(=O)c2ccccc2NC(=O)C=CC=C1)c1cccc(-c2nc3ccccc3[nH]2)c1,-8.4,1.4003352236383968,41_1117
O=C(Nc1cccc(-c2cccc(-c3cccc(-c4nn[nH]n4)c3)c2)c1)Nc1cccc(-c2cccc(F)c2F)c1,-9.7375,3.286971097546113,41_1118
O=C(Nc1cccc(-c2cccc(-c3cccc(-c4ccccc4F)c3)c2)c1)c1ccccc1,-9.212307692307691,3.188129789925851,41_1119
O=C(Nc1cccc(-c2cccc(-c3nc4ccccc4[nH]3)c2)c1)Nc1cccc(-c2cccc(F)c2F)c1,-9.932142857142859,3.218592063451191,41_1120
O=C(c1cccc(-c2cccc(-c3ccc4c(c3)OCO4)c2)c1)N1CCN(CCO)CC1,-7.6,3.6722253937058946,41_1121
O=C(Nc1ccc2c(c1)OCO2)c1cccc(-c2cccc(-c3cccc(-c4cccc(C(=O)N5CCOCC5)c4)c3)c2)c1,-8.5,3.2634607357581036,41_1122
Cn1c(-c2cccc(-c3cccc(NC(=O)Nc4cccc(-c5cccc(F)c5F)c4)c3)c2)nc2ccccc21,-9.914457831325302,3.216920496534968,41_1123
O=C(NCc1ccc(F)cc1F)c1cncc(-c2cccc(-c3cccc(-c4cccc(-c5nn[nH]n5)c4)c3)c2)c1,-8.0,3.2792288014891033,41_1124
O=C(Nc1cccc(-c2cccc(-c3ccc4c(c3)OCO4)c2)c1)Nc1cccc(-c2cccc(C(F)(F)F)c2)c1,-10.05,3.2425006084253294,41_1125
O=C(c1cccc(-c2cccc(-c3cccc(-c4cccc(F)c4)c3)c2)c1)N1CCNCC1,-9.331372549019608,3.508189933556279,41_1126
O=C(Nc1cccc(-c2cccc(-c3cccc(F)c3)c2)c1)Nc1cccc(-c2cccc(-c3ccc4c(c3)OCO4)c2)c1,-9.55,3.0769998633619515,41_1127
O=C(Nc1cccc(-c2cccc(-c3cccc(-c4nn[nH]n4)c3)c2)c1)Nc1cccc(-c2cccc(F)c2F)c1,-9.7375,3.286971097546113,41_1128
C=C(C=CC=CC1=CN(C(=O)Nc2cccc(-c3cccc(F)c3F)c2)C=CC=C1)c1cccc(-c2nc3ccccc3[nH]2)c1,-8.196,2.0807625124520213,41_1129
O=C(Nc1cccc(-c2cccc(-c3nc4cc(F)ccc4[nH]3)c2)c1)Nc1cccc(-c2cccc(F)c2F)c1,-9.655223880597013,3.1875244530828533,41_1130
O=C(c1cccc(-c2cccc(C(=O)N3CCN(S(=O)(=O)c4cccc(C(F)(F)F)c4)CC3)c2)c1)N1CCOCC1,-9.4,3.51768544498041,41_1131
O=C(c1cccc(-c2cccc(C(=O)N3CCN(c4cccc(Cl)c4)CC3)c2)c1)N1CCOCC1,-8.428571428571427,3.5860753069993834,41_1132
O=C(Nc1cccc(-c2cccc(C(=O)N3CCOCC3)c2)c1)Nc1cccc(-c2cccc(F)c2F)c1,-9.7125,3.5133545427940325,41_1133
O=C(Nc1cccc(-c2cccc(F)c2F)c1)Nc1cccc(-c2cccc(-c3nc4cc(F)ccc4[nH]3)c2F)c1,-10.003921568627451,3.128615257744718,41_1134
O=C(Nc1cccc(-c2cccc(-c3cccc(C(=O)N4CCOCC4)c3)c2)c1)c1ccccc1,-8.963636363636365,3.5759240999335113,41_1135
O=C(Nc1cccc(-c2cccc(-c3nc4cc(F)ccc4[nH]3)c2)c1)Nc1cccc(-c2cccc(F)c2F)c1,-9.655223880597013,3.1875244530828533,41_1136
O=C(Nc1cccc(-c2cccc(-c3nc4cc(F)ccc4[nH]3)c2)c1)Nc1cccc(-c2cccc(F)c2F)c1,-9.655223880597013,3.1875244530828533,41_1137
O=C(Nc1cccc(-c2cccc(-c3cccc(-c4ccccc4F)c3)c2)c1)Nc1cccc(-c2cccc(F)c2F)c1,-9.537499999999998,2.9869508389213753,41_1138
Cn1c(-c2cccc(-c3cccc(NC(=O)Nc4cccc(-c5cccc(F)c5F)c4)c3)c2)nc2ccccc21,-9.914457831325302,3.216920496534968,41_1139
Cn1c(-c2cccc(-c3cccc(NC(=O)Nc4cccc(-c5cccc(F)c5F)c4)c3)c2)nc2ccccc21,-9.914457831325302,3.216920496534968,41_1140
O=C(Nc1cccc(-c2cccc(-c3nc4cc(F)ccc4[nH]3)c2)c1)Nc1cccc(-c2cccc(F)c2F)c1,-9.655223880597013,3.1875244530828533,41_1141
O=C(Nc1cccc(-c2cccc(-c3nc4ccccc4[nH]3)c2)c1)Nc1cccc(-c2cccc(F)c2F)c1,-9.932142857142859,3.218592063451191,41_1142
O=C(Nc1cccc(-c2cccc(-c3nc4cc(F)ccc4[nH]3)c2)c1)Nc1cccc(-c2cccc(F)c2F)c1,-9.655223880597013,3.1875244530828533,41_1143
O=C(c1cccc(-c2cccc(C(=O)N3CCN(c4cccc(Cl)c4)CC3)c2)c1)N1CCOCC1,-8.428571428571427,3.5860753069993834,41_1144
O=C(Nc1cccc(-c2cccc(-c3nc4ccccc4[nH]3)c2)c1)Nc1cccc(-c2cccc(F)c2F)c1,-9.932142857142859,3.218592063451191,41_1145
O=C(Nc1cccc(-c2cccc(-c3cccc(-c4cccc(F)c4)c3)c2)c1)c1ccccc1,-9.193103448275863,3.188129789925851,41_1146
O=C(Nc1cccc(-c2cccc(-c3cccc(-c4ccccc4F)c3)c2)c1)c1ccccc1,-9.212307692307691,3.188129789925851,41_1147
Cn1c(-c2cccc(-c3cccc(NC(=O)Nc4cccc(-c5cccc(F)c5F)c4)c3)c2)nc2ccccc21,-9.914457831325302,3.216920496534968,41_1148
O=C(Nc1cccc(-c2cccc(-c3ccc4c(c3)OCO4)c2)c1)Nc1cccc(-c2cccc(F)c2F)c1,-10.05,3.2209144306978645,41_1149
Cn1c(-c2cccc(-c3cccc(C(=O)Nc4cccc(-c5cccc(C(=O)N6CCOCC6)c5)c4)c3)c2)nc2ccccc21,-8.7,3.315556659508373,41_1150
Cn1ncc2cc(-c3cccc(-c4ccc(-c5cccc6ccccc56)cc4NC(=O)c4cccc(-c5ccc6c(c5)OCCO6)c4)c3)ccc21,-9.0,3.062826131055285,41_1151
O=C(Nc1cccc(-c2cccc(-c3cccc(-c4nn[nH]n4)c3)c2)c1)Nc1cccc(-c2cccc(F)c2F)c1,-9.7375,3.286971097546113,41_1152
O=C(c1cccc(-c2cccc(-c3cccc4ccccc34)c2)c1)N1CCN(c2ccccc2F)CC1,-9.466666666666667,3.2138302346186602,41_1153
O=C(c1cccc(-c2cccc(-c3cccc(-c4cccc(F)c4)c3)c2)c1)N1CCNCC1,-9.331372549019608,3.508189933556279,41_1154
O=C(Nc1cccc(-c2ccc3c(c2)OCCO3)c1)c1cccc(-c2cccc(-c3cccc(-c4cccc(-c5ccccc5F)c4)c3)c2)c1,-10.4,2.995368364207001,41_1155
O=C1CCNCCNc2c1cccc2-c1cccc(-c2nc3cc(F)ccc3[nH]2)c1,-8.5,1.390590686165961,41_1157
N#Cc1ccccc1-c1cccc(C(=O)N2CCN(C(=O)c3cccc(-c4cccc(-c5cccc6ccccc56)c4)c3)CC2)c1,-7.7,3.1523334138673214,41_1158
O=C(Nc1cccc(-c2cccc(-c3nc4ccccc4[nH]3)c2)c1)Nc1cccc(-c2cccc(F)c2F)c1,-9.932142857142859,3.218592063451191,41_1159
O=C(c1cccc(-c2cccc(-c3cccc(-c4nn[nH]n4)c3)c2)c1)N1CCNCC1,-8.931818181818182,3.6709921779215158,41_1160
O=C(c1cccc(-c2cccc(-c3cccc(-c4ccccc4F)c3)c2)c1)N1CCNCC1,-9.361111111111112,3.508189933556279,41_1161
O=C(Nc1cccc(-c2cccc(-c3cccc(F)c3)c2)c1)Nc1cccc(-c2cccc(F)c2F)c1,-9.72,3.1787533639972665,41_1162
Cn1c(-c2cccc(-c3cccc(NC(=O)Nc4cccc(-c5cccc(F)c5F)c4)c3)c2)nc2ccccc21,-9.914457831325302,3.216920496534968,41_1163
O=C(Nc1cccc(-c2cccc(-c3cccc(-c4ccccc4F)c3)n2)c1)Nc1cccc(-c2cccc(F)c2F)c1,-10.4,3.159519090190756,41_1164
Cn1c(-c2cccc(-c3cccc(-c4cccc(C(=O)NCc5ccccc5F)c4)c3)c2)nc2ccccc21,-8.3,3.333429486093178,41_1165
O=C(c1cccc(-c2cccc(-c3nc4cc(F)ccc4[nH]3)c2)c1)N1CCNCC1,-8.565000000000001,3.6450984636569372,41_1166
Cn1c(-c2cccc(-c3cccc(NC(=O)Nc4cccc(-c5cccc(F)c5F)c4)c3)c2)nc2ccccc21,-9.914457831325302,3.216920496534968,41_1167
O=C(Nc1cccc(-c2ccc3c(c2)OCO3)c1)c1cc(-c2cccc(-c3ccccc3F)c2)nc2ccccc12,-9.1,3.229493841378802,41_1168
O=C(c1cccc(-c2cccc(-c3cccc(Cl)c3)c2)c1)N1CCN(c2cccc(C(F)(F)F)c2)CC1,-9.0,3.353285922148258,41_1169
O=C(Nc1cccc(-c2cccc(-c3nc4cc(F)ccc4[nH]3)c2)c1)Nc1cccc(-c2cccc(F)c2F)c1,-9.655223880597013,3.1875244530828533,41_1170
O=C(c1cccc(-c2cccc(C(=O)N3CCN(S(=O)(=O)c4ccc(F)cc4)CC3)c2)c1)N1CCOCC1,-9.1,3.552171449280218,41_1171
O=C(Nc1cccc(-c2cccc(-c3cccc(C(=O)N4CCOCC4)c3)c2)c1)Nc1cccc(-c2cccc(F)c2F)c1,-9.424324324324322,3.254566509495188,41_1172
Cc1c(NC=O)cccc1Nc1cccc(-c2cccc(-c3cccc(C(=O)N4CCOCC4)c3)c2)c1,-8.8,3.481692434782176,41_1173
O=C(Nc1cccc(-c2cccc(-c3nc4cc(F)ccc4[nH]3)c2)c1)Nc1cccc(-c2cccc(F)c2F)c1,-9.655223880597013,3.1875244530828533,41_1174
O=C(c1cccc(-c2cccc(-c3cccc(-c4cccc(F)c4)c3)c2)c1)N1CCNCC1,-9.331372549019608,3.508189933556279,41_1175
O=C(c1cccc(-c2cccc(-c3ccc4c(c3)OCO4)c2)c1)N1CCN(c2ccccc2)CC1,-8.85,3.456180921736461,41_1176
O=C(Nc1cccc(-c2cccc(-c3cccc(-c4ccccc4F)c3)c2)c1)c1ccccc1,-9.212307692307691,3.188129789925851,41_1177
O=C(c1cccc(-c2cccc(-c3cccc4ccccc34)c2)c1)N1CCN(c2cccc(C(F)(F)F)c2)CC1,-9.459999999999999,3.155724006991007,41_1178
O=C(c1cccc(-c2cccc(-c3cccc(C(=O)N4CCOCC4)c3)c2)c1)N1CCNCC1,-8.824324324324325,3.649506152725788,41_1179
O=C1/C(=C/c2cccc([N+](=O)[O-])c2)SC(=S)N1c1cccc(-c2cccc(-c3cccc(-c4cccc(F)c4)c3)c2)c1,-9.3,2.9475565829388457,41_1180
O=C(Nc1cccc(-c2cccc(-c3cccc(-c4ccccc4F)c3)c2)c1)Nc1cccc(-c2cccc(F)c2F)c1,-9.537499999999998,2.9869508389213753,41_1181
O=C(Nc1cccc(-c2cccc(-c3cccc(C(=O)N4CCOCC4)c3)c2)c1)Nc1cccc(-c2cccc3ccccc23)c1,-9.9,3.157933906999289,41_1182
O=C(c1cccc(-c2cccc(-c3cccc(-c4cccc(F)c4)c3)c2)c1)N1CCNCC1,-9.331372549019608,3.508189933556279,41_1183
O=C(Nc1cccc(F)c1)c1cc(Nc2nccc(-c3ccc(-c4cccc5ccccc45)cc3)n2)ccc1F,-8.0,3.3377864311413226,41_1184
Cn1c(-c2cccc(-c3cccc(NC(=O)Nc4cccc(-c5cccc(C(=O)N6CCOCC6)c5)c4)c3)c2)nc2ccccc21,-9.495348837209304,3.2756851861708367,41_1185
O=C(Nc1cccc(-c2cccc(-c3nc4cc(F)ccc4[nH]3)c2)c1)Nc1cccc(-c2cccc(F)c2F)c1,-9.655223880597013,3.1875244530828533,41_1186
Cn1c(-c2cccc(-c3cccc(NC(=O)Nc4cccc(-c5cccc(-c6cccc(F)c6)c5)c4)c3)c2)nc2ccccc21,-9.663636363636364,3.0539916384657317,41_1187
Cn1c(-c2cccc(-c3cccc(NC(=O)Nc4cccc(-c5cccc(F)c5F)c4)c3)c2)nc2ccccc21,-9.914457831325302,3.216920496534968,41_1188
O=C(c1ccccc1)N1CCN(C(=O)c2cccc(-c3cccc(-c4cccc(F)c4)c3)c2)CC1,-8.7,3.47272112322358,41_1189
O=C(c1cccc(-c2cccc(-c3nc4cc(F)ccc4[nH]3)c2)c1)N1CCNCC1,-8.565000000000001,3.6450984636569372,41_1191
O=C(Nc1cccc(-c2cccc(-c3cccc(-c4ccccc4F)c3)c2)c1)c1ccccc1,-9.212307692307691,3.188129789925851,41_1192
O=C(Nc1cccc(-c2cccc(-c3cccc(-c4ccccc4F)c3)c2)c1)Nc1cccc(-c2cccc(F)c2F)c1,-9.537499999999998,2.9869508389213753,41_1193
N#Cc1cccnc1-c1cccc(-c2cccc(NC(=O)Nc3cccc(-c4cccc(F)c4F)c3)c2)c1,-8.955555555555556,3.3763915698637668,41_1194
O=C(Nc1cccc(-c2cccc(-c3nc4cc(F)ccc4[nH]3)c2)c1)Nc1cccc(-c2cccc(F)c2F)c1,-9.655223880597013,3.1875244530828533,41_1195
O=C(Nc1cccc(-c2ccccc2F)c1)N1C=CC=CC(c2cccc(-c3nc4ccccc4[nH]3)c2)=C1,-9.5,2.324116658867869,41_1196
O=C(Nc1cccc(-c2cccc(-c3nc4cc(F)ccc4[nH]3)c2)c1)Nc1cccc(-c2cccc(F)c2F)c1,-9.655223880597013,3.1875244530828533,41_1197
O=C(Nc1cccc(-c2cccc(-c3cccc(-c4ccccc4F)c3)c2)c1)Nc1cccc(-c2cccc(F)c2F)c1,-9.537499999999998,2.9869508389213753,41_1198
Cn1c(-c2cccc(-c3cccc(NC(=O)Nc4cccc(-c5cccc(-c6ccccc6F)c5)c4)c3)c2)nc2ccccc21,-9.950000000000001,3.0539916384657317,41_1199
N#Cc1cccnc1-c1cccc(C2=CC(=CC3=CC(=CC(=O)Nc4ccc5c(c4)OCO5)C=C3)C=C2)c1,-6.1,3.2716039758191284,41_1200
O=Cc1ccccc1Oc1cc(C=CC=CC=CCl)cc(-c2cc3ccccc3s2)c1,-7.8,3.2882607204746535,41_1201
O=C(c1cccc(F)c1)N1CCN(C(=O)c2cccc(-c3cccc(-c4cccc5ccccc45)c3)c2)CC1,-9.649999999999999,3.2705511526271827,41_1202
O=C(Nc1cccc(-c2cccc(-c3cccc(C(F)(F)F)c3)c2)c1)Nc1cccc(-c2cccc(F)c2F)c1,-9.398837209302327,2.963519940967514,41_1203
O=C(Nc1cccc(-c2cccc(-c3cccc(-c4ccccc4F)c3)c2)c1)c1cccc(-c2ccccc2F)c1,-9.95,3.0300865589362544,41_1204
O=C(Nc1cccc(-c2cccc(-c3nc4cc(F)ccc4[nH]3)c2)c1)Nc1cccc(-c2cccc(F)c2F)c1,-9.655223880597013,3.1875244530828533,41_1205
O=C(Nc1cccc(-c2cccc(-c3cccc(C(=O)N4CCOCC4)c3)c2)c1)Nc1cccc(-c2cccc(F)c2F)c1,-9.424324324324322,3.254566509495188,41_1206
O=C(c1cccc(-c2cccc(C(=O)N3CCN(c4cccc(Cl)c4)CC3)c2)c1)N1CCOCC1,-8.428571428571427,3.5860753069993834,41_1207
O=C(Nc1cccc(-c2cccc(-c3cccc(F)c3)c2)c1)Nc1cccc(-c2cccc(-c3ccc4c(c3)OCO4)c2)c1,-9.55,3.0769998633619515,41_1208
O=C(Nc1cccc(-c2cccc(-c3cccc(C(=O)N4CCOCC4)c3)c2)c1)Nc1cccc(-c2cccc(F)c2F)c1,-9.424324324324322,3.254566509495188,41_1209
O=C(Nc1cccc(-c2cccc(-c3cccc(-c4cccc(F)c4)c3)c2)c1)Nc1cccc(-c2cccc(F)c2F)c1,-9.478125,2.9869508389213753,41_1210
O=C(c1cccc(-c2cccc(-c3cccc4ccccc34)c2)c1)N1CCN(C(=O)c2cccc(C(F)(F)F)c2)CC1,-9.3,3.2275936871066397,41_1211
O=C(c1cccc(-c2cccc(-c3ccc4c(c3)OCO4)c2)c1)N1CCN(c2ccccc2F)CC1,-8.4,3.461047798442075,41_1212
O=C(Nc1cccc(-c2cccc(-c3nc4ccccc4[nH]3)c2)c1)Nc1cccc(-c2cccc(F)c2F)c1,-9.932142857142859,3.218592063451191,41_1213
O=C(c1cccc(-c2cccc(-c3nc4ccccc4[nH]3)c2)c1)N1CCN(c2cccc(Cl)c2)CC1,-9.14,3.440092756302386,41_1214
O=C(Nc1cccc(-c2cccc(-c3ccc4c(c3)OCO4)c2)c1)Nc1cccc(-c2cccc(N3CCCC3)n2)c1,-9.333333333333334,3.198852774637906,41_1215
Cn1c(-c2cccc(-c3cccc(NC(=O)Nc4cccc(-c5cccc(C(=O)N6CCOCC6)c5)c4)c3)c2)nc2ccccc21,-9.495348837209304,3.2756851861708367,41_1216
O=C(Nc1cccc(-c2cccc(C(=O)N3CCOCC3)c2)c1)Nc1cccc(-c2cccc(-c3ccc4c(c3)OCO4)c2)c1,-10.075,3.203574602452801,41_1217
O=C(Nc1cccc(-c2cccc(-c3cccc(C(=O)N4CCOCC4)c3)c2)c1)c1ccccc1,-8.963636363636365,3.5759240999335113,41_1218
O=C(N/N=C/c1ccc2c(c1)OCO2)c1cccc(-c2cccc(-c3cccc(C(F)(F)F)c3)c2)c1,-7.6,3.4859840363021233,41_1219
Cn1c(-c2cccc(-c3cccc(NC(=O)Nc4cccc(-c5cccc(C(=O)N6CCOCC6)c5)c4)c3)c2)nc2ccccc21,-9.495348837209304,3.2756851861708367,41_1220
O=C(Nc1cccc(-c2cccc(-c3cccc(C(F)(F)F)c3)c2)c1)Nc1cccc(-c2cccc(F)c2F)c1,-9.398837209302327,2.963519940967514,41_1221
O=C(Nc1cccc(-c2cccc(CO)c2)c1)Nc1cccc(-c2cccc(-c3cccc(-c4nn[nH]n4)c3)c2)c1,-9.3,3.081331006753403,41_1222
O=C(Nc1cccc(-c2cccc(-c3ccc4c(c3)OCO4)c2)c1)Nc1nc2ccccc2nc1-c1cccc(F)c1,-8.8,3.2088962326535873,41_1223
Cn1c(-c2cccc(-c3cccc(NC(=O)Nc4cccc(-c5cccc(-c6ncccc6C#N)c5)c4)c3)c2)nc2ccccc21,-9.0,3.0906607506690618,41_1224
Cn1c(-c2cccc(-c3cccc(-c4cccc(C(=O)N5CCNCC5)c4)c3)c2)nc2ccccc21,-9.312000000000001,3.480167691596529,41_1225
C=C(C=CC=CC(=C)c1cccc(-c2nc3ccccc3[nH]2)c1)C=CC=CC(=O)N1CCNCC1,-7.168749999999999,3.469586304146949,41_1226
O=C(Nc1cccc(-c2cccc(-c3nc4cc(F)ccc4[nH]3)c2)c1)Nc1cccc(-c2cccc(F)c2F)c1,-9.655223880597013,3.1875244530828533,41_1227
C=C(C=CC=CC1=CC(C=N)C(N2CCCCC2)=C1)c1cccc(-c2nc3ccccc3[nH]2)c1,-8.0,3.327556975588875,41_1228
O=C(c1cccc(-c2cccc(-c3ccc4c(c3)OCCO4)c2Cl)c1)N1CCNCC1,-8.183333333333332,3.649925043798632,41_1229
O=C(Nc1cccc(-c2cccc(-c3cccc(-c4cccc(-c5nn[nH]n5)c4)c3)c2)c1)Nc1cccc(C(F)(F)F)c1,-9.7,3.1265924527414786,41_1230
O=C(c1cccc(-c2cccc(-c3cccc(-c4cccc(F)c4)c3)c2)c1)N1CCNCC1,-9.331372549019608,3.508189933556279,41_1231
O=C(Nc1cccc(-c2cccc(-c3nc4cc(F)ccc4[nH]3)c2)c1)Nc1cccc(-c2cccc(F)c2F)c1,-9.655223880597013,3.1875244530828533,41_1232
Cn1c(-c2cccc(-c3cccc(-c4cccc(C(=O)N5CCNCC5)c4)c3)c2)nc2ccccc21,-9.312000000000001,3.480167691596529,41_1233
O=C(Nc1cccc(-c2cccc(C(=O)N3CCOCC3)c2)c1)c1cccc(-c2cccc(-c3cccc(-c4ccccc4F)c3)c2)c1,-8.166666666666666,3.1263049815711668,41_1234
O=C(Nc1cccc(-c2cccc(-c3cccc(C(F)(F)F)c3)c2)c1)Nc1cccc(-c2cccc(F)c2F)c1,-9.398837209302327,2.963519940967514,41_1235
O=C(c1cccc(-c2cccc(-c3cccc(-c4ccccc4F)c3)c2)c1)N1CCNCC1,-9.361111111111112,3.508189933556279,41_1236
O=C(Nc1cccc(F)c1)N1CCN(C(=O)c2cccc(-c3cccc(-c4ccc5c(c4)CNC5)c3)c2)CC1,-8.9,3.4232362756908126,41_1237
O=C(Nc1cccc(-c2cccc(-c3ccc4c(c3)OCO4)c2)c1)Nc1cccc(-c2ccccc2F)c1,-9.233333333333333,3.2275735778690695,41_1238
O=C(Nc1nnc(-c2ccc(F)cc2)o1)c1cccc(-c2cccc(-c3cccc(-c4cccc(C(=O)N5CCOCC5)c4)c3)c2)c1,-9.1,3.2522141763233194,41_1239
O=C(NCc1cccc(-c2cccc(-c3ccccc3F)c2)c1)c1cccc(-c2ccc3c(c2)OCO3)c1,-9.2,3.3404528944417806,41_1240
O=C(O)c1cccc(NC(=O)c2cccc(-c3cccc(-c4ccc5c(c4)OCCO5)c3F)c2)c1,-8.5,3.579447474969955,41_1241
O=C(Nc1cccc(-c2cccc(-c3nc4cc(F)ccc4[nH]3)c2)c1)Nc1cccc(-c2cccc(F)c2F)c1,-9.655223880597013,3.1875244530828533,41_1242
O=C(Nc1cccc(-c2cccc(-c3cccc(-c4cccc(F)c4)c3)c2)c1)c1ccccc1,-9.193103448275863,3.188129789925851,41_1243
O=C(Nc1cccc(-c2cccc(-c3cccc(-c4ccccc4F)c3)c2)c1)c1ccccc1,-9.212307692307691,3.188129789925851,41_1244
O=C(Nc1cccc(-c2cccc(-c3nc4cc(F)ccc4[nH]3)c2)c1)Nc1cccc(-c2cccc(F)c2F)c1,-9.655223880597013,3.1875244530828533,41_1245
Cn1c(-c2cccc(-c3cccc(NC(=O)Nc4cccc(-c5cccc(-c6ccccc6F)c5)c4)c3)c2)nc2ccccc21,-9.950000000000001,3.0539916384657317,41_1246
O=C(Nc1cccc(-c2cccc(-c3cccc(-c4nn[nH]n4)c3)c2)c1)Nc1cccc(-c2cccc(F)c2F)c1,-9.7375,3.286971097546113,41_1247
O=C(c1cccc(-c2cccc(-c3cccc(C(F)(F)F)c3)c2)c1)N1CCNCC1,-8.489999999999998,3.642566566269835,41_1248
O=C(c1cccc(-c2cccc(-c3cccc(-c4cccc(F)c4)c3)c2)c1)N1CCNCC1,-9.331372549019608,3.508189933556279,41_1249
O=C(Nc1cccc(-c2cccc(F)c2F)c1)Nc1cccc(-c2cccc(-c3nc4cc(F)ccc4[nH]3)c2F)c1,-10.003921568627451,3.128615257744718,41_1250
O=C(Nc1cccc(-c2cccc(-c3cccc(C(=O)N4CCOCC4)c3)c2)c1)Nc1cccc(-c2cccc(F)c2F)c1,-9.424324324324322,3.254566509495188,41_1251
O=C(Nc1cccc(-c2cccc(-c3nc4ccccc4[nH]3)c2)c1)Nc1cccc(-c2cccc(F)c2F)c1,-9.932142857142859,3.218592063451191,41_1252
O=C(c1cccc(-c2cccc(-c3cccc(-c4ccccc4F)c3)c2)c1)N1CCNCC1,-9.361111111111112,3.508189933556279,41_1253
O=C(c1cccc(-c2cccc(-c3nc4cc(F)ccc4[nH]3)c2)c1)c1ccccc1NCc1cc2ccccc2[nH]1,-9.5,3.0364198076934796,41_1254
O=C(Nc1cccc(-c2cccc(-c3cccc(C(=O)N4CCOCC4)c3)c2)c1)Nc1cccc(-c2cccc(F)c2F)c1,-9.424324324324322,3.254566509495188,41_1255
Cn1c(-c2cccc(-c3cccc(NC(=O)Nc4cccc(-c5cccc(F)c5F)c4)c3)c2)nc2ccccc21,-9.914457831325302,3.216920496534968,41_1256
O=C(Nc1cccc(-c2cccc(-c3nc4cc(F)ccc4[nH]3)c2)c1)Nc1cccc(-c2cccc(F)c2F)c1,-9.655223880597013,3.1875244530828533,41_1257
O=C(Nc1cccc(-c2cccc(-c3cccc(-c4ccccc4F)c3)c2)c1)c1ccccc1,-9.212307692307691,3.188129789925851,41_1258
O=C(Nc1cccc(-c2cccc(C(=O)N3CCOCC3)c2)c1)Nc1cccc(-c2cccc(-c3ccc4c(c3)OCO4)c2)c1,-10.075,3.203574602452801,41_1259
O=C(Nc1cccc(-c2cccc(-c3cccc(C(F)(F)F)c3)c2)c1)Nc1cccc(-c2cccc(F)c2F)c1,-9.398837209302327,2.963519940967514,41_1260
O=C(c1cccc(-c2cccc(-c3cccc(-c4ccccc4F)c3)c2)c1)N1CCNCC1,-9.361111111111112,3.508189933556279,41_1261
O=C(Nc1cccc(-c2cccc(-c3nc4cc(F)ccc4[nH]3)c2)c1)Nc1cccc(-c2cccc(F)c2F)c1,-9.655223880597013,3.1875244530828533,41_1262
C=C(C=CC=CC1=CN(C(=O)Nc2cccc(-c3cccc(F)c3F)c2)C=CC=C1)c1cccc(-c2nc3ccccc3[nH]2)c1,-8.196,2.0807625124520213,41_1263
O=C(c1cccc(-c2cccc(-c3cccc(C(=O)N4CCOCC4)c3)c2)c1)N1CCNCC1,-8.824324324324325,3.649506152725788,41_1264
O=C(Nc1cccc(-c2cccc(-c3nc4cc(F)ccc4[nH]3)c2)c1)Nc1cccc(-c2cccc(F)c2F)c1,-9.655223880597013,3.1875244530828533,41_1265
C=C(C=CC=CC1=CN(C(=O)Nc2cccc(-c3cccc(F)c3F)c2)C=CC=C1)c1cccc(-c2nc3ccccc3[nH]2)c1,-8.196,2.0807625124520213,41_1266
Oc1cccc(-c2cc(-c3ccccc3)nc3c2Cc2cccc(O)c2-3)c1,-8.2,3.511491831507937,41_1267
O=C(c1cccc(-c2cccc(-c3ncccc3CF)c2)c1)N1CCN(C(c2ccccc2)c2ccccc2)CC1,-7.3,3.251782118037614,41_1268
O=C(Nc1cccc(-c2cccc(-c3cccc(-c4ccccc4F)c3)c2)c1)c1ccccc1,-9.212307692307691,3.188129789925851,41_1269
C=C(C=CC=CC1=CN(C(=O)Nc2cccc(-c3cccc(F)c3F)c2)C=CC=C1)c1cccc(-c2nc3ccccc3[nH]2)c1,-8.196,2.0807625124520213,41_1270
O=C(Nc1cccc(-c2cccc(-c3nc4ccccc4[nH]3)c2)c1)Nc1cccc(-c2cccc(F)c2F)c1,-9.932142857142859,3.218592063451191,41_1271
O=C(c1cccc(-c2cccc(-c3cccc(C(=O)N4CCOCC4)c3)c2)c1)N1CCNCC1,-8.824324324324325,3.649506152725788,41_1272
O=C(c1cccc(-c2cccc(-c3cccc(C(=O)N4CCOCC4)c3)c2)c1)N1CCNCC1,-8.824324324324325,3.649506152725788,41_1273
O=C1C=C(c2cccc(-c3cccc(-c4cccc(-c5ccc6c(c5)OCCO6)c4F)c3)c2)C=CCC1,-9.8,2.3140972807493103,41_1274
O=C(Nc1cccc(-c2cccc(-c3cccc(C(F)(F)F)c3)c2)c1)Nc1cccc(-c2cccc(F)c2F)c1,-9.398837209302327,2.963519940967514,41_1275
O=C(Nc1cccc(-c2cccc(-c3nc4cc(F)ccc4[nH]3)c2)c1)Nc1cccc(-c2cccc(F)c2F)c1,-9.655223880597013,3.1875244530828533,41_1276
C=C(C=CC=CC(=C)c1cccc(-c2nc3ccccc3[nH]2)c1)C=CC=CC1=CN(C(=O)Nc2cccnc2)C=CC=C1,-7.3,2.234857513654233,41_1277
Cn1c(-c2cccc(-c3cccc(NC(=O)Nc4cccc(-c5cccc(C(=O)N6CCOCC6)c5)c4)c3)c2)nc2ccccc21,-9.495348837209304,3.2756851861708367,41_1278
O=C(Nc1cccc(-c2cccc(-c3cccc(-c4ccccc4F)c3)c2)c1)Nc1cccc(-c2cccc(F)c2F)c1,-9.537499999999998,2.9869508389213753,41_1279
O=C(c1cccc(-c2cccc(-c3ccccc3F)c2)n1)N1CCN(c2ccccc2)CC1,-8.1,3.5453827887396976,41_1280
O=C(Nc1cccc(-c2cccc(-c3cccc(-c4ccccc4F)c3)c2)c1)Nc1cccc(-c2cccc(F)c2F)c1,-9.537499999999998,2.9869508389213753,41_1281
O=C(c1cccc(-c2cccc(-c3cccc(C(=O)N4CCOCC4)c3)c2)c1)N1CCNCC1,-8.824324324324325,3.649506152725788,41_1282
O=C(Nc1cccc(-c2cccc(F)c2F)c1)Nc1cccc(-c2cccc(-c3nc4cc(F)ccc4[nH]3)c2F)c1,-10.003921568627451,3.128615257744718,41_1283
O=C1CNCCN1C(=O)c1cccc(-c2cccc(-c3cccc(-c4cccc(F)c4)c3)c2)c1,-9.7,3.5432687438887562,41_1284
O=C(c1cccc(-c2cccc(-c3cccc(-c4ccccc4F)c3)c2)c1)N1CCNCC1,-9.361111111111112,3.508189933556279,41_1285
O=C(c1cccc(-c2cccc(-c3cccc(-c4ccccc4F)c3)c2)c1)N1CCNCC1,-9.361111111111112,3.508189933556279,41_1286
O=C(c1cccc(-c2cccc(-c3cccc(-c4ccccc4F)c3)c2)c1)N1CCNCC1,-9.361111111111112,3.508189933556279,41_1287
O=C(Nc1nccs1)c1cc(-c2cccc(-c3ccc4c(c3)OCCO4)c2)ccc1N1CCNCC1,-7.8,3.4956399131803844,41_1288
Cc1nc(N)nc(C)c1-c1cccc(-c2cccc(-c3cccc(-c4nc5ccccc5n4C)c3)c2)c1,-10.3,3.4343512901497215,41_1289
O=C(Nc1cccc(-c2cccc(-c3cccc(F)c3)c2)c1)Nc1cccc(-c2cccc(-c3ccc4c(c3)OCO4)c2)c1,-9.55,3.0769998633619515,41_1290
O=C(c1cccc(-c2cccc(C(=O)N3CCN(c4ccccc4)CC3)c2)c1)N1CCOCC1,-8.399999999999999,3.5953511473089197,41_1291
O=C(Nc1cccc(-c2cccc(-c3cccc(-c4cccc(C(F)(F)F)c4)c3)c2)c1)Nc1cccc(-c2cccc(F)c2F)c1,-8.833333333333332,2.8261386050460415,41_1292
O=C(c1cccc(-c2cccc(-c3cccc(-c4cccc(F)c4)c3)c2)c1)N1CCNCC1,-9.331372549019608,3.508189933556279,41_1293
O=C(Nc1cccc(-c2cccc(-c3cccc(C(=O)N4CCOCC4)c3)c2)c1)Nc1cccc(-c2cccc(F)c2F)c1,-9.424324324324322,3.254566509495188,41_1294
O=C1Nc2ccccc2C1=Cc1cccc(-c2cccc(-c3cccc(-c4cccc(-c5cccc(F)c5)c4)c3)c2)c1,-10.6,2.93056781658956,41_1295
O=c1oc(-c2cccc3ccccc23)nc2ccccc12,-7.7,3.5129841981606673,41_1296
O=C(Nc1ccccc1-c1cccc(-c2ccccc2F)c1)c1cccc(-c2cccc(-c3cccc(-c4ccccc4F)c3)c2)c1,-9.4,2.866644854216854,41_1297
Cc1c(-c2cccc(-c3ncccc3C#N)c2)cccc1C1C=CC=CC(=O)CCNCCN1,-8.1,1.6856108565019428,41_1298
O=C(c1cccc(-c2cccc(-c3cccc(F)c3)c2)c1)N1CCN(Cc2ccc3c(c2)OCO3)CC1,-8.2,3.440424824530907,41_1299
O=C(Nc1cccc(-c2cccc(-c3nc4ccccc4[nH]3)c2)c1)Nc1cccc(-c2cccc(F)c2F)c1,-9.932142857142859,3.218592063451191,41_1300
O=C(c1cccc(-c2cccc(-c3cccc4ccccc34)c2)c1)N1CCN(c2cccc(C(F)(F)F)c2)CC1,-9.459999999999999,3.155724006991007,41_1301
O=C(Nc1cccc(-c2cccc(-c3nc4ccccc4[nH]3)c2)c1)Nc1cccc(-c2cccc(F)c2F)c1,-9.932142857142859,3.218592063451191,41_1302
O=C(c1cccc(-c2cccc(-c3ccc4c(c3)OCCO4)c2Cl)c1)N1CCNCC1,-8.183333333333332,3.649925043798632,41_1303
Cn1c(-c2cccc(-c3cccc(NC(=O)Nc4cccc(-c5cccc(C(=O)N6CCOCC6)c5)c4)c3)c2)nc2ccccc21,-9.495348837209304,3.2756851861708367,41_1304
O=C(c1ccccc1)N1CCN(C(=O)c2cccc(-c3cccc(-c4ccc5c(c4)OCO5)c3)c2)CC1,-9.3,3.4829563454567842,41_1305
O=C(Nc1cccc(-c2cccc(-c3nc4cc(F)ccc4[nH]3)c2)c1)Nc1cccc(-c2cccc(F)c2F)c1,-9.655223880597013,3.1875244530828533,41_1306
O=C(Nc1cccc(-c2cccc(-c3cccc(-c4cccc(F)c4)c3)c2)c1)c1ccccc1,-9.193103448275863,3.188129789925851,41_1307
O=C(Nc1cccc(-c2cccc(-c3nc4cc(F)ccc4[nH]3)c2)c1)Nc1cccc(-c2cccc(F)c2F)c1,-9.655223880597013,3.1875244530828533,41_1308
O=c1c2ccccc2nc(/C=C/c2ccc3c(c2)OCO3)n1-c1cccc(-c2cccc(-c3cccc(-c4ccccc4F)c3)c2)c1,-9.8,3.0088130536979314,41_1309
N#Cc1cccnc1-c1cccc(C2=CC(=CC3=CC(=CC(=O)Nc4cccc(-c5nc6ccccc6[nH]5)c4)C=C3)C=C2)c1,-7.4,3.110299329404742,41_1310
O=C(Nc1cccc(-c2cccc(-c3cccc(-c4nn[nH]n4)c3)c2)c1)Nc1cccc(-c2cccc(F)c2F)c1,-9.7375,3.286971097546113,41_1311
Nc1c(C(=O)NCC(=O)c2cccc(-c3cccc(F)c3F)c2)cccc1S(=O)(=O)c1cccc(F)c1,-7.9,3.3810701325263297,41_1312
O=C(c1cccc(-c2cccc(-c3cccc(F)c3)c2)c1)N1CCN(c2cccc(C(F)(F)F)c2)CC1,-8.672727272727272,3.323511212462599,41_1313
O=C(Nc1cccc(-c2cccc(-c3cccc(-c4ccccc4F)c3)c2)c1)c1ccccc1,-9.212307692307691,3.188129789925851,41_1314
Cn1c(-c2cccc(-c3cccc(NC(=O)Nc4cccc(-c5cccc(-n6cncn6)c5)c4)c3)c2)nc2ccccc21,-8.9,3.2173387388820176,41_1315
NC(=O)c1cccc(-c2cccc(-c3cccc(-c4cccc(C(F)(F)F)c4)c3)c2)c1,-9.2,3.3573093234250626,41_1316
O=C(Nc1cccc(-c2cccc(-c3cccc(-c4ccccc4F)c3)c2)c1)c1ccccc1,-9.212307692307691,3.188129789925851,41_1317
O=C(Nc1cccc(-c2cccc(-c3cccc(-c4ccccc4F)c3)c2)c1)c1ccccc1,-9.212307692307691,3.188129789925851,41_1318
O=C(c1cccc(-c2cccc(-c3cccc(-c4ccccc4F)c3)c2)c1)N1CCNCC1,-9.361111111111112,3.508189933556279,41_1319
O=C(Nc1cccc(-c2cccc(-c3cccc(C(F)(F)F)c3)c2)c1)Nc1cccc(-c2cccc(F)c2F)c1,-9.398837209302327,2.963519940967514,41_1320
O=C(c1cccc(-c2cccc(-c3cccc(-c4cccc(F)c4)c3)c2)c1)N1CCNCC1,-9.331372549019608,3.508189933556279,41_1321
O=C(Nc1cccc(-c2cccc(-c3cccc(F)c3)c2)c1)Nc1cccc(-c2cccc(F)c2F)c1,-9.72,3.1787533639972665,41_1322
O=C(Nc1cccc(-c2cccc(-c3nc4ccccc4[nH]3)c2)c1)Nc1cccc(-c2cccc(F)c2F)c1,-9.932142857142859,3.218592063451191,41_1323
O=C(c1cccc(-c2cccc(-c3nc4ccccc4[nH]3)c2)c1)N1CCN(c2cccc(Cl)c2)CC1,-9.14,3.440092756302386,41_1324
O=C(Nc1cccc(-c2cccc(-c3nc4cc(F)ccc4[nH]3)c2)c1)Nc1cccc(-c2cccc(F)c2F)c1,-9.655223880597013,3.1875244530828533,41_1325
O=C(c1cccc(-c2cccc(-c3nc4cc(F)ccc4[nH]3)c2)c1)N1CCNCC1,-8.565000000000001,3.6450984636569372,41_1326
O=C(c1cccc(-c2cccc(-c3cccc(F)c3)c2)c1)N1CCN(c2cccc(C(F)(F)F)c2)CC1,-8.672727272727272,3.323511212462599,41_1327
Cn1c(-c2cccc(-c3cccc(NC(=O)Nc4cccc(-c5cccc(-c6ncccc6C#N)c5)c4)c3)c2)nc2ccccc21,-9.0,3.0906607506690618,41_1328
O=C(Nc1cccc(-c2cccc(-c3nc4cc(F)ccc4[nH]3)c2)c1)Nc1cccc(-c2cccc(F)c2F)c1,-9.655223880597013,3.1875244530828533,41_1329
O=C(c1cccc(-c2cccc(-c3cccc4ccccc34)c2)c1)N1CCN(C(=O)c2cccc(F)c2F)CC1,-9.671428571428569,3.2507959847575894,41_1330
O=C(c1cccc(-c2cccc(-c3nc4cc(F)ccc4[nH]3)c2)c1)N1CCNCC1,-8.565000000000001,3.6450984636569372,41_1331
O=C(Nc1cccc(-c2cccc(-c3cccc(C(=O)N4CCOCC4)c3)c2)c1)Nc1cccc(-c2cccc(F)c2F)c1,-9.424324324324322,3.254566509495188,41_1332
O=C(Nc1cccc(-c2cccc(-c3cccc(C(F)(F)F)c3)c2)c1)Nc1cccc(-c2cccc(F)c2F)c1,-9.398837209302327,2.963519940967514,41_1333
O=C(Nc1cccc(-c2cccc(-c3nc4cc(F)ccc4[nH]3)c2)c1)Nc1cccc(-c2cccc(F)c2F)c1,-9.655223880597013,3.1875244530828533,41_1334
O=C(Nc1cccc(-c2cccc(F)c2F)c1)Nc1cccc(-c2cccc(-c3nc4cc(F)ccc4[nH]3)c2F)c1,-10.003921568627451,3.128615257744718,41_1335
C=C(C=CC=CC(=C)c1cccc(-c2nc3ccccc3[nH]2)c1)C=CC=CC(=O)Nc1cccc2[nH]ccc12,-7.6,3.0281203946641524,41_1336
O=C(Nc1cccc(-c2cccc(C(=O)N3CCOCC3)c2)c1)Nc1cccc(-c2cccc(F)c2F)c1,-9.7125,3.5133545427940325,41_1337
O=C(c1cccc(-c2cccc(-c3cccc(-c4ccccc4F)c3)c2)c1)N1CCNCC1,-9.361111111111112,3.508189933556279,41_1338
O=C(Nc1cccc2[nH]ccc12)c1cccc(-c2cccc(-c3cccc(C(=O)N4CCOCC4)c3)c2)c1,-8.4,3.390930416425717,41_1339
O=C(Nc1cccc(-c2cccc(-c3cccc(-c4ccccc4F)c3)c2)c1)c1ccccc1,-9.212307692307691,3.188129789925851,41_1340
O=CC1=CC(c2cc(-c3cccc(OCc4ccccc4)c3)nc3ccc4ccccc4c23)=CC1,-8.2,3.1945969718283176,41_1341
O=C(Nc1cccc(-c2cccc(-c3nc4cc(F)ccc4[nH]3)c2)c1)Nc1cccc(-c2cccc(F)c2F)c1,-9.655223880597013,3.1875244530828533,41_1342
Cn1c(-c2cccc(-c3cccc(NC(=O)Nc4cccc(-c5cccc(C(=O)N6CCOCC6)c5)c4)c3)c2)nc2ccccc21,-9.495348837209304,3.2756851861708367,41_1343
O=C(Nc1cccc(-c2cccc(-c3cccc(-c4cccc(F)c4)c3)c2)c1)Nc1cccc(-c2cccc(F)c2F)c1,-9.478125,2.9869508389213753,41_1344
O=C(Nc1cccc(-c2cccc(-c3cccc(-c4nc5cc(F)ccc5[nH]4)c3)c2)c1)Nc1cccc(-c2cccc(F)c2F)c1,-10.0,3.0564588010690397,41_1345
O=C(Nc1cccc(-c2cccc(-c3cccc(-c4cccc(-c5cccc(F)c5)c4)c3)c2)c1)c1ccccc1,-8.7,3.034399838423724,41_1346
O=C(c1cccc(-c2cccc(-c3nc4ccccc4[nH]3)c2)c1)N1CCN(c2cccc(Cl)c2)CC1,-9.14,3.440092756302386,41_1347
O=C(Nc1cccc(-c2cccc(-c3cccc(C(F)(F)F)c3)c2)c1)Nc1cccc(-c2cccc(F)c2F)c1,-9.398837209302327,2.963519940967514,41_1348
O=C(Nc1cccc(-c2cccc(-c3nc4ccccc4[nH]3)c2)c1)Nc1cccc(-c2cccc(F)c2F)c1,-9.932142857142859,3.218592063451191,41_1349
O=CCC(=O)c1cccc(-c2cccc(-c3cccc(C(=O)N4CCOCC4)c3)c2)c1,-8.1,3.48994465431121,41_1350
O=C(Nc1cccc(-c2cccc(-c3cccc(-c4ccccc4F)c3)c2)c1)Nc1cccc(-c2cccc(F)c2F)c1,-9.537499999999998,2.9869508389213753,41_1351
Cn1c(-c2cccc(-c3cccc(NC(=O)Nc4cccc(-c5cccc(C(=O)N6CCOCC6)c5)c4)c3)c2)nc2ccccc21,-9.495348837209304,3.2756851861708367,41_1352
O=C(c1cccc(-c2cccc(-c3cccc(-c4ccccc4F)c3)c2)c1)N1CCNCC1,-9.361111111111112,3.508189933556279,41_1353
O=C(Nc1cccc(-c2cccc(-c3cccc(-c4cccc(F)c4)c3)c2)c1)Nc1cccc(-c2cccc(F)c2F)c1,-9.478125,2.9869508389213753,41_1354
O=C(Nc1cccc(-c2cccc(-c3nc4ccccc4[nH]3)c2)c1)Nc1cccc(-c2cccc(F)c2F)c1,-9.932142857142859,3.218592063451191,41_1355
O=C(c1cccc(-c2cccc(-c3cccc4ccccc34)c2)c1)N1CCN(c2nccc(-c3cccc(F)c3F)n2)CC1,-10.2,3.2802027443743573,41_1356
O=C(CN1c2cccc3cccc(c23)S1(=O)=O)Nc1ccc2c(c1)c1ccccc1n2Cc1cccc(C(=O)O)c1,-8.5,3.3753010605856852,41_1357
O=C(Nc1cccc(-c2cccc(-c3cccc(C(=O)N4CCOCC4)c3)c2)c1)c1ccccc1,-8.963636363636365,3.5759240999335113,41_1358
O=C(Nc1cccc(-c2cccc(-c3cccc(F)c3)c2)c1)C1CCOC1,-8.2,3.6356418283731093,41_1359
O=C(Nc1cccc(-c2cccc(-c3nc4cc(F)ccc4[nH]3)c2)c1)Nc1cccc(-c2cccc(F)c2F)c1,-9.655223880597013,3.1875244530828533,41_1360
O=C(Nc1ccc(Cl)cc1O)c1cccc(-c2cccc(-c3cccc(-c4cccc(C(=O)N5CCOCC5)c4)c3)c2)c1,-8.6,3.237901243200055,41_1361
O=C(Nc1cccc(-c2cccc(-c3cccc(-c4ccccc4F)c3)c2)c1)Nc1cccc(-c2cccc(F)c2F)c1,-9.537499999999998,2.9869508389213753,41_1362
O=C(c1cccc(-c2cccc(-c3nc4ccccc4[nH]3)c2)c1)N1CCN(c2ccccc2F)CC1,-8.925,3.4648144352837686,41_1363
O=C(c1cccc(-c2cccc(-c3cccc(-c4ccccc4F)c3)c2)c1)N1CCNCC1,-9.361111111111112,3.508189933556279,41_1364
C=C(C=CC=CC(=C)c1cccc(-c2nc3ccccc3[nH]2)c1)C=CC=CC(=O)N1CCNCC1,-7.168749999999999,3.469586304146949,41_1365
O=C(c1nn(-c2cccc(-c3ccccc3F)c2)c2c1CS(=O)(=O)c1ccccc1-2)N1CCOCC1,-8.4,3.5092031147281997,41_1366
O=C(c1cccc(-c2cccc(-c3cccc(-c4ccccc4F)c3)c2)c1)N1CCNCC1,-9.361111111111112,3.508189933556279,41_1367
O=C(Nc1cccc(-c2cccc(-c3nc4cc(F)ccc4[nH]3)c2)c1)Nc1cccc(-c2cccc(F)c2F)c1,-9.655223880597013,3.1875244530828533,41_1368
O=C(c1cccc(-c2cccc(-c3cccc(C(=O)N4CCOCC4)c3)c2)c1)N1CCNCC1,-8.824324324324325,3.649506152725788,41_1369
O=C(Nc1cccc(-c2cccc(-c3nc4cc(F)ccc4[nH]3)c2)c1)Nc1cccc(-c2cccc(F)c2F)c1,-9.655223880597013,3.1875244530828533,41_1370
Cn1c(-c2cccc(-c3cccc(NC(=O)Nc4cccc(Cl)c4Cl)c3)c2)nc2ccccc21,-8.0,3.327062109537141,41_1371
O=C(Nc1cccc(-c2cccc(-c3cccc(-c4cccc(F)c4)c3)c2)c1)c1ccccc1,-9.193103448275863,3.188129789925851,41_1372
O=C(Nc1cccc(-c2cccc(-c3nc4cc(F)ccc4[nH]3)c2)c1)Nc1cccc(-c2cccc(F)c2F)c1,-9.655223880597013,3.1875244530828533,41_1373
O=C(c1cccc(-c2cccc(-c3nc4cc(F)ccc4[nH]3)c2)c1)N1CCNCC1,-8.565000000000001,3.6450984636569372,41_1374
O=C(Nc1cccc(-c2cccc(-c3cccc(-c4ccccc4F)c3)c2)c1)c1ccccc1,-9.212307692307691,3.188129789925851,41_1375
O=C(c1cccc(-c2cccc(C(=O)N3CCN(C(c4ccccc4)c4ccccc4)CC3)c2)c1)N1CCOCC1,-8.0,3.3886257814513088,41_1376
O=C(c1cccc(-c2cccc(-c3cccc4ccccc34)c2)c1)N1CCN(c2ccccc2)CC1,-9.7,3.206064535475286,41_1377
O=C(c1cccc(-c2cccc(-c3nc4ccccc4[nH]3)c2)c1)N1CCN(c2ccccc2)CC1,-8.72857142857143,3.469314490794095,41_1378
Cc1ccc(CNC(=O)C2CCCN(c3cccc(-c4ccccc4F)n3)C2)cc1,-7.8,3.7045348182813003,41_1379
O=C(Nc1nccs1)c1cccc(-c2cccc(-c3cccc(-c4cccc(C(=O)N5CCOCC5)c4)c3)c2)c1,-9.7,3.4121120565682057,41_1380
C=C(C=CC=CC(=C)c1cccc(-c2nc3ccccc3[nH]2)c1)C=CC=CC(=O)N1CCNCC1,-7.168749999999999,3.469586304146949,41_1381
O=C(c1cccc(-c2cccc(-c3nc4cc(F)ccc4[nH]3)c2)c1)N1CCNCC1,-8.565000000000001,3.6450984636569372,41_1382
Cn1c(-c2cccc(-c3cccc(NC(=O)Nc4cccc(-c5cccc(F)c5F)c4)c3)c2)nc2ccccc21,-9.914457831325302,3.216920496534968,41_1383
O=C(c1cccc(-c2cccc(-c3cccc(-c4ccccc4F)c3)c2)c1)N1CCNCC1,-9.361111111111112,3.508189933556279,41_1384
O=C(c1cccc(-c2cccc(-c3cccc(-c4ccccc4F)c3)c2)c1)N1CCNCC1,-9.361111111111112,3.508189933556279,41_1385
O=C(NNS(=O)(=O)c1ccc(Cl)cc1)c1cccc(-c2cccc(-c3cc(F)cc(-c4cccc(C(=O)N5CCOCC5)c4)c3)c2)c1,-9.4,3.191519941985313,41_1386
Fc1ccc2[nH]c(-c3cccc(-c4cccc(C5CCCCO5)c4)c3)nc2c1,-8.3,3.5193475487867474,41_1387
O=C(NCCc1cccnc1)c1cccc(-c2cccc(-c3cccc(-c4cccc(C(=O)N5CCOCC5)c4)c3)c2)c1,-8.6,3.3315845973131095,41_1388
O=C(Nc1cccc(-c2cccc(-c3nc4ccccc4[nH]3)c2)c1)Nc1cccc(-c2cccc(F)c2F)c1,-9.932142857142859,3.218592063451191,41_1389
O=C(c1cccc(-c2cccc(-c3ccc4c(c3)OCO4)c2)c1)N1CCN(c2ccccc2C(F)(F)F)CC1,-9.2,3.4068437186879326,41_1390
O=C(c1cccc(-c2cccc(C(=O)N3CCN(C(=O)c4cccc(F)c4)CC3)c2)c1)N1CCOCC1,-8.2,3.598215080020839,41_1391
C=C(C=CC=CC1=CN(C(=O)Nc2cccc(-c3cccc(F)c3F)c2)C=CC=C1)c1cccc(-c2nc3ccccc3[nH]2)c1,-8.196,2.0807625124520213,41_1392
C=C(C=CC=Cc1cccc(-c2cccc(C(=O)Nc3ccccc3-c3nc4ccccc4[nH]3)c2)c1)c1cccc(-c2nc3ccccc3[nH]2)c1,-8.6,2.859211327049872,41_1393
O=C(c1cccc(-c2cccc(-c3cccc(-c4nn[nH]n4)c3)c2)c1)N1CCNCC1,-8.931818181818182,3.6709921779215158,41_1394
O=C(c1cccc(-c2cccc(-c3cccc(-c4ccccc4F)c3)c2)c1)N1CCNCC1,-9.361111111111112,3.508189933556279,41_1395
O=C(c1cccc(-c2cccc(C(=O)N3CCN(c4cccc(C(F)(F)F)c4)CC3)c2)c1)N1CCOCC1,-8.75,3.5675074243249583,41_1396
O=C(Nc1cccc(-c2cccc(-c3nc4ccccc4[nH]3)c2)c1)Nc1cccc(-c2cccc(F)c2F)c1,-9.932142857142859,3.218592063451191,41_1397
O=C(Nc1cccc(-c2cccc(-c3nc4cc(F)ccc4[nH]3)c2)c1)Nc1cccc(-c2cccc(F)c2F)c1,-9.655223880597013,3.1875244530828533,41_1398
O=C(O)C=CC=CCC=CC=CCC1=CC=C=C=C1,-5.3,3.0991822731584264,41_1399
CC(C)CN(c1cccc(C(=O)O)c1)S(=O)(=O)c1cccc(-c2cccc(-c3cc4ccccc4[nH]3)c2)c1,-8.0,3.3366056142019884,41_1400
O=C(c1cccc(-c2cccc(-c3cccc(-c4ccccc4F)c3)c2)c1)N1CCNCC1,-9.361111111111112,3.508189933556279,41_1401
O=C(Nc1cccc(-c2cccc(-c3nc4ccccc4[nH]3)c2)c1)Nc1cccc(-c2cccc(F)c2F)c1,-9.932142857142859,3.218592063451191,41_1402
O=C(CSc1nc2ccccc2[nH]c1=O)Nc1cccc(-c2cccc(-c3nc4cc(F)ccc4[nH]3)c2)c1,-7.5,3.221718881933298,41_1403
O=C(Nc1cccc(-c2cccc(-c3nc4ccccc4[nH]3)c2)c1)Nc1cccc(-c2cccc(F)c2F)c1,-9.932142857142859,3.218592063451191,41_1404
O=C(c1cccc(-c2cccc(-c3cccc4ccccc34)c2)c1)N1CCN(C(=O)c2ccc3ccccc3c2)CC1,-9.7,3.1497144483216615,41_1405
O=C(c1cccc(-c2cccc(-c3cccc(-c4ccccc4F)c3)c2)c1)N1CCNCC1,-9.361111111111112,3.508189933556279,41_1406
O=C(O)c1cccc(-c2cccc(-c3cccc(-c4cccc(-c5cccc(F)c5)c4)c3)c2)c1,-9.4,3.2132483578418483,41_1407
Cn1c(-c2cccc(-c3cccc(NC(=O)Nc4cccc(-c5cccc(-c6ncccc6C#N)c5)c4)c3)c2)nc2ccccc21,-9.0,3.0906607506690618,41_1408
O=C(Nc1cccc(-c2cccc(-c3nc4cc(F)ccc4[nH]3)c2)c1)Nc1cccc(-c2cccc(F)c2F)c1,-9.655223880597013,3.1875244530828533,41_1409
O=C(c1cccc(-c2cccc(-c3nc4ccccc4[nH]3)c2)c1)N1CCN(c2ccccc2)CC1,-8.72857142857143,3.469314490794095,41_1410
O=C(Nc1cccc(-c2cccc(-c3cccc(-c4ccccc4F)c3)c2)c1)Nc1cccc(-c2cccc(F)c2F)c1,-9.537499999999998,2.9869508389213753,41_1411
C=C(C=CC=CC(=C)c1cccc(-c2nc3ccccc3[nH]2)c1)C=CC=CC(=O)N1CCOCC1,-7.1,3.4866125242382457,41_1412
O=C(Nc1cccc(-c2cccc(-c3nc4ccccc4[nH]3)c2)c1)Nc1cccc(-c2cccc(F)c2F)c1,-9.932142857142859,3.218592063451191,41_1413
O=C(Nc1cccc(-c2cccc(-c3cccc(-c4ccccc4F)c3)c2)c1)Nc1cccc(-c2cccc(F)c2F)c1,-9.537499999999998,2.9869508389213753,41_1414
O=C(c1cccc(-c2cccc(-c3cccc(-c4ccccc4F)c3)c2)c1)N1CCNCC1,-9.361111111111112,3.508189933556279,41_1415
O=C(c1cccc(-c2cccc(-c3cccc4ccccc34)c2)c1)N1CCN(C(=O)c2cccc(-c3ccccc3)c2F)CC1,-9.5,3.11487138201202,41_1416
O=C(Nc1cccc(-c2cccc(F)c2F)c1)Nc1cccc(-c2cccc(-c3nc4cc(F)ccc4[nH]3)c2F)c1,-10.003921568627451,3.128615257744718,41_1417
O=C(Nc1cccc(-c2cccc(-c3cccc(C(=O)N4CCOCC4)c3)c2)c1)Nc1cccc(-c2cccc(F)c2F)c1,-9.424324324324322,3.254566509495188,41_1418
O=C(Nc1cccc(-c2cccc(-c3cccc(-c4ccccc4F)c3)c2)c1)Nc1cccc(-c2cccc(F)c2F)c1,-9.537499999999998,2.9869508389213753,41_1419
C=C(C=CC=CC(=C)c1cccc(-c2nc3ccccc3[nH]2)c1)C=CC=CC(=O)N1CCNCC1,-7.168749999999999,3.469586304146949,41_1420
O=C(Nc1ccccc1)Nc1cccc(-c2cccc(-c3cccc(-c4cccc(C(F)(F)F)c4)c3)c2)c1,-8.966666666666667,3.0105034501696646,41_1421
Cn1c(-c2cccc(-c3cccc(-c4cccc(C(=O)N5CCNCC5)c4)c3)c2)nc2ccccc21,-9.312000000000001,3.480167691596529,41_1422
Cn1c(-c2cccc(-c3cccc(-c4cccc(C(=O)N5CCNCC5)c4)c3)c2)nc2ccccc21,-9.312000000000001,3.480167691596529,41_1423
O=C(Nc1cccc(-c2cccc(-c3cccc(-c4nn[nH]n4)c3)c2)c1)Nc1cccc(-c2cccc(F)c2F)c1,-9.7375,3.286971097546113,41_1424
O=C(Nc1cccc(-c2cccc(-c3nc4cc(F)ccc4[nH]3)c2)c1)Nc1cccc(-c2cccc(F)c2F)c1,-9.655223880597013,3.1875244530828533,41_1425
O=C(c1cccc(-c2cccc(-c3cccc(-c4ccccc4F)c3)c2)c1)N1CCNCC1,-9.361111111111112,3.508189933556279,41_1426
Cn1c(-c2cccc(-c3cccc(NC(=O)Nc4cccc(-c5cccc(F)c5F)c4)c3)c2)nc2ccccc21,-9.914457831325302,3.216920496534968,41_1427
Cn1c(-c2cccc(-c3cccc(NC(=O)Nc4cccc(-c5cccc(F)c5F)c4)c3)c2)nc2ccccc21,-9.914457831325302,3.216920496534968,41_1428
Cn1c(-c2cccc(-c3cccc(NC(=O)Nc4cccc(-c5cccc(F)c5F)c4)c3)c2)nc2ccccc21,-9.914457831325302,3.216920496534968,41_1429
O=C(Nc1cccc(-c2cccc(F)c2F)c1)Nc1cccc(-c2cccc(-c3nc4cc(F)ccc4[nH]3)c2F)c1,-10.003921568627451,3.128615257744718,41_1430
O=C(Nc1cccc(-c2cccc(-c3nc4cc(F)ccc4[nH]3)c2)c1)Nc1cccc(-c2cccc(F)c2F)c1,-9.655223880597013,3.1875244530828533,41_1431
O=C1c2ccccc2C(=O)N1c1cccc(-c2cccc(-c3cccc(-c4nc5cc(F)ccc5[nH]4)c3)c2)c1,-9.5,3.3369720193882797,41_1432
O=C(Nc1cccc(-c2cccc(-c3cccc(C(F)(F)F)c3)c2)c1)Nc1cccc(-c2cccc(F)c2F)c1,-9.398837209302327,2.963519940967514,41_1433
O=C(N[C@H]1CCOC1)c1cccc(-c2cccc(NC(=O)N3Cc4ccccc4C3)c2)c1,-7.7,3.617782333679322,41_1434
C=C(C=CC=CC(=C)c1cccc(-c2nc3ccccc3[nH]2)c1)C=CC=CC(=O)N1CCNCC1,-7.168749999999999,3.469586304146949,41_1435
O=C(c1cccc(-c2cccc(-c3ccc4c(c3)OCCO4)c2F)c1)N1CCNCC1,-8.669565217391305,3.6553838184373157,41_1436
O=C(/C=C/c1cccc(-c2cccc(-c3cccc(-c4cccc(F)c4)c3)c2)c1)Oc1ccccc1,-8.4,3.000965956997484,41_1437
O=C1Nc2ccc(F)c(F)c2C(C#Cc2ccco2)(C(F)(F)F)O1,-6.5,3.478615290570555,41_1438
O=C(c1cccc(-c2cccc(-c3cccc(-c4nn[nH]n4)c3)c2)c1)N1CCNCC1,-8.931818181818182,3.6709921779215158,41_1439
O=C(Nc1cccc(-c2cccc(-c3nc4cc(F)ccc4[nH]3)c2)c1)Nc1cccc(-c2cccc(F)c2F)c1,-9.655223880597013,3.1875244530828533,41_1440
Cn1c(-c2cccc(-c3cccc(NC(=O)Nc4cccc(-c5cccc(C(=O)N6CCOCC6)c5)c4)c3)c2)nc2ccccc21,-9.495348837209304,3.2756851861708367,41_1441
O=C(NCc1cccc(F)c1)C1C[C@@H]1c1cccc(-c2cccc(-c3cccc(-c4cccc(C(=O)N5CCOCC5)c4)c3)c2)c1,-9.0,3.156668166365799,41_1442
O=c1cc(-c2ccccc2)[nH]c(Nc2cccc3ccccc23)n1,-8.1,3.6334516716511547,41_1443
O=C(c1cccc(-c2cccc(-c3nc4ccccc4[nH]3)c2)c1)N1CCN(c2ccccc2)CC1,-8.72857142857143,3.469314490794095,41_1444
O=C(Nc1cccc(-c2cccc(F)c2F)c1)Nc1cccc(-c2cccc(-c3nc4cc(F)ccc4[nH]3)c2F)c1,-10.003921568627451,3.128615257744718,41_1445
Cn1c(-c2cccc(-c3cccc(NC(=O)Nc4cc(-c5cccc(F)c5)no4)c3)c2)nc2ccccc21,-9.6,3.318125110551236,41_1446
Cn1c(-c2cccc(-c3cccc(NC(=O)Nc4cccc(-c5cccc(F)c5F)c4)c3)c2)nc2ccccc21,-9.914457831325302,3.216920496534968,41_1447
O=C(Nc1cccc(-c2cccc(-c3cccc(-c4cccc(F)c4)c3)c2)c1)c1ccccc1,-9.193103448275863,3.188129789925851,41_1448
O=C1Nc2ccccc2/C1=C\c1cccc(-c2cccc(-c3nc4ccccc4[nH]3)c2)c1,-8.9,3.33424824430128,41_1449
O=C(Nc1cccc(-c2cccc(-c3nc4cc(F)ccc4[nH]3)c2)c1)Nc1cccc(-c2cccc(F)c2F)c1,-9.655223880597013,3.1875244530828533,41_1450
O=C(c1cccc(-c2cccc(-c3cccc(C(=O)N4CCOCC4)c3)c2)c1)N1CCNCC1,-8.824324324324325,3.649506152725788,41_1451
O=C(c1cccc(-c2cccc(-c3cccc(-c4ccccc4F)c3)c2)c1)N1CCNCC1,-9.361111111111112,3.508189933556279,41_1452
N#Cc1cccnc1-c1cccc(C2=CC(=CC3=CC(C=NC(=O)c4ccccc4)=CC3)C=C2)c1,-7.375,3.3087077373371945,41_1453
O=C(O)c1cccc(-c2cccc(-c3cccc(-c4cccc(-c5nn[nH]n5)c4)c3)c2)c1,-9.3,3.5209447570051324,41_1454
O=C(Nc1cccc(-c2cccc(-c3cccc(-c4cccc(F)c4)c3)c2)c1)c1ccccc1,-9.193103448275863,3.188129789925851,41_1455
O=C(c1cccc(-c2cccc(-c3nc4ccccc4[nH]3)c2)c1)N1CCN(c2cccc(Cl)c2)CC1,-9.14,3.440092756302386,41_1456
O=C(c1cccc(-c2cccc(-c3cccc(C(=O)N4CCOCC4)c3)c2)c1)N1CCNCC1,-8.824324324324325,3.649506152725788,41_1457
O=C(Nc1nnc(-c2cccc(F)c2F)o1)c1cccc(-c2cccc(-c3cccc(-c4ccccc4F)c3)c2)c1,-8.3,3.372272797173456,41_1458
O=C(Nc1cccc(-c2cccc(-c3cccc(-c4ccccc4F)c3)c2)c1)c1ccccc1,-9.212307692307691,3.188129789925851,41_1459
O=C(Nc1cccc(Nc2cccc(-c3cccc(-c4ccccc4F)c3)c2)c1)c1ccccc1,-8.4,3.2585565674774757,41_1460
Cn1c(-c2cccc(-c3cccc(NC(=O)Nc4cccc(-c5ccccc5F)c4)c3)c2)nc2ccccc21,-10.15,3.211589862292562,41_1461
Cn1c(-c2cccc(-c3cccc(NC(=O)Nc4cccc(-c5cccc(-c6ccccc6F)c5)c4)c3)c2)nc2ccccc21,-9.950000000000001,3.0539916384657317,41_1462
C=C(C=CC=CC(=C)c1cccc(-c2nc3ccccc3[nH]2)c1)C=CC=CC(=O)N1CCNCC1,-7.168749999999999,3.469586304146949,41_1463
Cn1c(-c2cccc(-c3cccc(NC(=O)Nc4cccc(-c5cccc(C(=O)N6CCOCC6)c5)c4)c3)c2)nc2ccccc21,-9.495348837209304,3.2756851861708367,41_1464
O=C(c1cccc(-c2cccc(-c3cccc(C(F)(F)F)c3)c2)c1)N1CCNCC1,-8.489999999999998,3.642566566269835,41_1465
O=C(Nc1cccc(-c2cccc(-c3cccc(C(F)(F)F)c3)c2)c1)Nc1cccc(-c2cccc(F)c2F)c1,-9.398837209302327,2.963519940967514,41_1466
O=C(c1cccc(-c2cccc(-c3cccc(-c4ccccc4F)c3)c2)c1)N1CCNCC1,-9.361111111111112,3.508189933556279,41_1467
O=C(Nc1cccc(-c2cccc(C(=O)N3CCOCC3)c2)c1)c1cccc(-c2cccc(-c3ccc4c(c3)OCO4)c2)c1,-9.2,3.2634607357581036,41_1468
O=C(Nc1cccc(-c2cccc(F)c2F)c1)Nc1cccc(-c2cccc(-c3nc4cc(F)ccc4[nH]3)c2F)c1,-10.003921568627451,3.128615257744718,41_1469
C=Cc1ccccc1C(c1ccccc1)N1CCN(CCCCC(C)C(=O)Nc2ccc(F)c(F)c2)CC1,-7.0,3.3884095435634447,41_1470
O=C(Nc1cccc(-c2cccc(F)c2F)c1)Nc1cccc(-c2cccc(-c3nc4cc(F)ccc4[nH]3)c2F)c1,-10.003921568627451,3.128615257744718,41_1471
O=C(Nc1cccc(-c2cccc(F)c2F)c1)Nc1cccc(-c2cccc(-c3nc4cc(F)ccc4[nH]3)c2F)c1,-10.003921568627451,3.128615257744718,41_1472
O=C(c1cccc(-c2cccc(-c3cccc(F)c3)c2)c1)N1CCN(c2cccc(C(F)(F)F)c2)CC1,-8.672727272727272,3.323511212462599,41_1473
O=C(Nc1cccc(-c2cccc(-c3cccc(C(F)(F)F)c3)c2)c1)Nc1cccc(-c2cccc(F)c2F)c1,-9.398837209302327,2.963519940967514,41_1474
O=C(Nc1cccc(-c2cccc(-c3nc4ccccc4[nH]3)c2)c1)Nc1cccc(-c2cccc(F)c2F)c1,-9.932142857142859,3.218592063451191,41_1475
O=C(c1cccc(-c2cccc(-c3nc4ccccc4[nH]3)c2)c1)N1CCN(c2ncccc2C(F)(F)F)CC1,-9.75,3.4720387623853153,41_1476
O=C(Nc1cccc(-c2cccc(-c3cccc(-c4cccc(F)c4)c3)c2)c1)Nc1cccc(-c2cccc(F)c2F)c1,-9.478125,2.9869508389213753,41_1477
O=C(c1cccc(-c2cccc(-c3cccc(-c4nn[nH]n4)c3)c2)c1)N1CCNCC1,-8.931818181818182,3.6709921779215158,41_1478
O=C(CN=C(Nc1ccccc1F)c1cccc2ccccc12)Nc1cccc(-c2cccc(-c3cccc(-c4ccccc4F)c3)c2)c1,-8.0,2.787687946728447,41_1479
Cn1c(-c2cccc(-c3cccc(NC(=O)Nc4cccc(-c5cccc(-c6ncccn6)c5)c4)c3)c2)nc2ccccc21,-8.8,3.1607517173831683,41_1480
O=C(Nc1ccccc1C(=O)N1CCOCC1)c1cccc(-c2cccc(-c3cccc(-c4ccccc4F)c3)c2)c1,-8.9,3.318291864592828,41_1481
O=C(Nc1ccccc1)N1C=CC=C([C@@H]2CCN3C(c4cccc(-c5cccc(F)c5F)c4)=CC=CC23)C1,-8.4,3.2846829191712152,41_1482
O=C(Nc1cccc(-c2cccc(-c3cccc(-c4ccc(F)cc4)c3)c2)c1)c1ccccc1,-8.8,3.188129789925851,41_1483
O=C(Nc1cccc(-c2cccc(-c3cccc(C(=O)N4CCOCC4)c3)c2)c1)Nc1cccc(-c2cccc(F)c2F)c1,-9.424324324324322,3.254566509495188,41_1484
O=C(Nc1cccc(-c2cccc(-c3cccc(-c4ccccc4F)c3)c2)c1)Nc1cccc(-c2cccc(F)c2F)c1,-9.537499999999998,2.9869508389213753,41_1485
O=C(c1cccc(-c2cccc(C(=O)N3CCN(c4cccc(Cl)c4)CC3)c2)c1)N1CCOCC1,-8.428571428571427,3.5860753069993834,41_1486
O=C(Nc1cccc(-c2cccc(-c3cccc(-c4ccccc4F)c3)c2)c1)Nc1cccc(-c2cccc(F)c2F)c1,-9.537499999999998,2.9869508389213753,41_1487
O=C(c1cccc(-c2cccc(-c3cccc4ccccc34)c2)c1)N1CCN(c2ccccc2F)CC1,-9.466666666666667,3.2138302346186602,41_1488
O=C(Nc1cccc(-c2cccc(-c3cccc(-c4ccccc4F)c3)c2)c1)c1ccccc1,-9.212307692307691,3.188129789925851,41_1489
O=C(Nc1cccc(-c2cccc(-c3nc4cc(F)ccc4[nH]3)c2)c1)Nc1cccc(-c2cccc(F)c2F)c1,-9.655223880597013,3.1875244530828533,41_1490
O=C(c1cccc(-c2cccc(-c3cccc(C=Nc4cccc(F)c4)c3)c2)c1)N1CCNCC1,-8.6,3.497888637585831,41_1491
O=C(NCc1ccccc1)Nc1cccc(-c2cccc(-c3ccc4c(c3)OCO4)c2)c1,-8.1,3.565567045722843,41_1492
O=C(Nc1cccc(-c2cccc(-c3cccc(C(=O)N4CCOCC4)c3)c2)c1)Nc1cccc(-c2cccc(F)c2F)c1,-9.424324324324322,3.254566509495188,41_1493
O=C(Nc1cccc(-c2cccc(-c3cccc(-c4ccccc4F)c3)c2)c1)c1ccccc1,-9.212307692307691,3.188129789925851,41_1494
O=C(c1cccc(-c2cccc(-c3cccc(F)c3)c2)c1)N1CCN(C(=O)c2cccc(F)c2F)CC1,-9.666666666666666,3.461450654381414,41_1495
O=C1NCCN1C(=O)c1cccc(-c2cccc(-c3ccc4c(c3)OCCO4)c2F)c1,-9.0,3.6765414968263874,41_1496
O=C(c1cccc(-c2cccc(-c3cccc(-c4ccccc4F)c3)c2)c1)N1CCNCC1,-9.361111111111112,3.508189933556279,41_1497
C=C(C=CC=CC(=C)c1cccc(-c2nc3ccccc3[nH]2)c1)C=CC=CC(=O)N1CCNCC1,-7.168749999999999,3.469586304146949,41_1498
O=C(Nc1cccc(-c2cccc(F)c2F)c1)Nc1cccc(-c2cccc(-c3nc4cc(F)ccc4[nH]3)c2F)c1,-10.003921568627451,3.128615257744718,41_1499
O=S(=O)(Nc1cccc(-c2cccc(-c3cccc(C(F)(F)F)c3)c2)c1)N1CCNCC1,-8.3,3.6961332474115762,41_1500
O=C(c1cccc(-c2cccc(-c3cccc(-c4cccc(F)c4)c3)c2)c1)N1CCNCC1,-9.331372549019608,3.508189933556279,41_1501
Cn1c(-c2cccc(-c3cccc(NC(=O)Nc4cccc(-c5cccc(-c6nc7ccccc7[nH]6)c5)c4)c3)c2)nc2ccccc21,-9.1,3.0038085384902597,41_1502
O=C(Nc1cccc(-c2cccc(-c3nc4ccccc4[nH]3)c2)c1)Nc1cccc(-c2cccc(F)c2F)c1,-9.932142857142859,3.218592063451191,41_1503
O=C(c1cccc(-c2cccc(-c3cccc(-c4ccccc4F)c3)c2)c1)N1CCNCC1,-9.361111111111112,3.508189933556279,41_1504
O=C(Nc1cccc(-c2cccc(-c3cccc(-c4nn[nH]n4)c3)c2)c1)Nc1cccc(-c2cccc(F)c2F)c1,-9.7375,3.286971097546113,41_1505
O=C(O)c1cccc(-c2cccc(-c3cccc(-c4cccc(-c5cccc(O)c5)c4)c3)c2)c1,-9.2,3.313803023970266,41_1506
O=C(c1cccc(-c2cccc(-c3cccc(C(=O)N4CCOCC4)c3)c2)c1)N1CCNCC1,-8.824324324324325,3.649506152725788,41_1507
C=C(C=CC=CC1=CN(C(=O)Nc2cccc(-c3cccc(F)c3F)c2)C=CC=C1)c1cccc(-c2nc3ccccc3[nH]2)c1,-8.196,2.0807625124520213,41_1508
Cn1c(-c2cccc(-c3cccc(NC(=O)Nc4cccc(-c5cccc(F)c5F)c4)c3)c2)nc2ccccc21,-9.914457831325302,3.216920496534968,41_1509
O=C(Nc1cccc(-c2cccc(-c3nc4cc(F)ccc4[nH]3)c2)c1)Nc1cccc(-c2cccc(F)c2F)c1,-9.655223880597013,3.1875244530828533,41_1510
O=C(Nc1cccc(-c2cccc(-c3cccc(-c4ccccc4F)c3)c2)c1)Nc1cccc(-c2cccc(F)c2F)c1,-9.537499999999998,2.9869508389213753,41_1511
Cc1ccc(-c2ccccc2)cc1NC(=S)NC(=O)c1cccc(-c2cccc(-c3cccc(-c4ccccc4F)c3)c2)c1,-8.4,2.9377433859131243,41_1512
O=C(c1cccc(-c2cccc(-c3cccc(-c4cccc(F)c4)c3)c2)c1)N1CCNCC1,-9.331372549019608,3.508189933556279,41_1513
Cn1c(-c2cccc(-c3cccc(-c4cccc(-c5cccc(C(=O)O)c5)c4)c3)c2)nc2ccccc21,-9.600000000000001,3.24791398890646,41_1514
O=C(c1cccc(-c2cccc(-c3cccc(F)c3)c2)c1)N1CCN(c2cccc(C(F)(F)F)c2)CC1,-8.672727272727272,3.323511212462599,41_1515
O=C(Nc1ccc(F)cc1F)c1cccc(-c2cccc(-c3cccc(-c4cccc(-c5ccccc5F)c4)c3)c2)c1,-9.7,3.0131803652091014,41_1516
O=c1c2ccccc2nc(/C=C/c2ccncc2)n1-c1cccc(-c2cccc(-c3cccc(-c4cccc(-c5ccccc5F)c4)c3)c2)c1,-9.2,2.9957364176347774,41_1517
O=C(c1cccc(-c2cccc(-c3cccc(-c4nn[nH]n4)c3)c2)c1)N1CCNCC1,-8.931818181818182,3.6709921779215158,41_1518
CNC(=O)c1c(-c2ccc(F)cc2)oc2cc(N(C)S(C)(=O)=O)c(-c3ccc4c(n3)-c3cc5cc(F)ccc5n3CO4)cc12,-8.9,3.352312468657643,41_1519
O=C(Nc1cccc(-c2cccc(-c3cccc(C(=O)N4CCOCC4)c3)c2)c1)Nc1cccc(-c2cccc(F)c2F)c1,-9.424324324324322,3.254566509495188,41_1520
C=C(C=CC=CC1=CN(C(=O)Nc2cccc(-c3cccc(F)c3F)c2)C=CC=C1)c1cccc(-c2nc3ccccc3[nH]2)c1,-8.196,2.0807625124520213,41_1521
Oc1cccc(Oc2cccc(-c3cccc(-c4cccc(-c5cccc(-c6cccc(F)c6)c5)c4)c3)c2)c1,-8.95,3.1220877200236243,41_1522
O=C(c1cccc(-c2cccc(N3CCN(C(=O)c4cccc(Cl)c4)CC3)c2)c1)N1CCOCC1,-8.7,3.5860753069993834,41_1523
O=C(Nc1cccc(-c2cccc(-c3nc4cc(F)ccc4[nH]3)c2)c1)Nc1cccc(-c2cccc(F)c2F)c1,-9.655223880597013,3.1875244530828533,41_1524
Cn1c(-c2cccc(-c3cccc(NC(=O)Nc4cccc(-c5cccc(-c6cccc(F)c6)c5)c4)c3)c2)nc2ccccc21,-9.663636363636364,3.0539916384657317,41_1525
O=C(Nc1cccc(-c2cccc(-c3nc4cc(F)ccc4[nH]3)c2)c1)Nc1cccc(-c2cccc(F)c2F)c1,-9.655223880597013,3.1875244530828533,41_1526
O=C(Nc1cccc(-c2cccc(-c3cccc(-c4ccccc4F)c3)c2)c1)Nc1cccc(-c2cccc(F)c2F)c1,-9.537499999999998,2.9869508389213753,41_1527
O=C(c1cccc(-c2cccc(-c3cccc(-c4ccccc4F)c3)c2)c1)N1CCNCC1,-9.361111111111112,3.508189933556279,41_1528
N#Cc1cccnc1-c1cccc(-c2cccc(NC(=O)c3cccc(-c4cccc(-c5cccc(-c6ccccc6F)c5)c4)c3)c2)c1,-8.55,3.052997074360447,41_1529
Cn1c(-c2cccc(-c3cccc(NC(=O)Nc4cccc(-c5cccc(C(=O)N6CCOCC6)c5)c4)c3)c2)nc2ccccc21,-9.495348837209304,3.2756851861708367,41_1530
C=C(C=CC=CC(=C)c1cccc(-c2nc3ccccc3[nH]2)c1)C=CC=CC(=O)N1CCNCC1,-7.168749999999999,3.469586304146949,41_1531
O=C(c1cccc(-c2cccc(C(=O)N3CCN(C(=O)c4ccccc4Nc4cccc(F)c4)CC3)c2)c1)N1CCOCC1,-8.7,3.4526414788103126,41_1532
O=C(Nc1cccc(-c2cccc(-c3cccc(C(F)(F)F)c3)c2)c1)Nc1cccc(-c2cccc(F)c2F)c1,-9.398837209302327,2.963519940967514,41_1533
O=C(c1cccc(-c2cccc(-c3ccc4c(c3)OCO4)c2)c1)N1CCN(C(=O)c2cccc(C(F)(F)F)c2)CC1,-8.7,3.3948006357569396,41_1534
O=C(Nc1cccc(-c2cccc(-c3ccc4c(c3)OCO4)c2)c1)Nc1cccc(-c2ccccc2F)c1,-9.233333333333333,3.2275735778690695,41_1535
O=C(c1cccc(-c2cccc(-c3cccc(F)c3)c2)c1)N1CCN(c2ncccc2C(F)(F)F)CC1,-9.100000000000001,3.4502217939158983,41_1536
O=C(Nc1cccc(-c2cccc(-c3cccc(-c4ccccc4F)c3)c2)c1)Nc1cccc(-c2cccc(F)c2F)c1,-9.537499999999998,2.9869508389213753,41_1537
Oc1cccc(-c2cccc(-c3cccc(-c4cccc(-c5ccccc5F)c4)c3)c2)c1,-9.45,3.1519342665157977,41_1538
O=C(c1cccc(-c2cccc(-c3cccc(-c4ccccc4F)c3)c2)c1)N1CCNCC1,-9.361111111111112,3.508189933556279,41_1539
O=C(Nc1cccc(F)c1)Nc1cccc(-c2cccc(-c3nc4ccccc4[nH]3)c2)c1,-9.5,3.372593532528297,41_1540
O=C(c1cccc(-c2cccc(-c3nc4ccccc4[nH]3)c2)c1)N1CCN(c2cccc(Cl)c2)CC1,-9.14,3.440092756302386,41_1541
O=C(c1c(F)ccc(NS(=O)(=O)c2cc(F)ccc2F)c1F)c1c[nH]c2ncccc12,-8.3,3.5292586234608434,41_1542
Cn1c(-c2cccc(-c3cccc(-c4cccc(C(=O)N5CCNCC5)c4)c3)c2)nc2ccccc21,-9.312000000000001,3.480167691596529,41_1543
O=C(Nc1cc2c3c(cccc3c1)C(=O)OC2=O)c1cccc(-c2cccc(-c3cccc(-c4ccccc4F)c3)c2)c1,-9.4,3.2003245696936107,41_1544
O=C(Nc1cccc(-c2cccc3ccccc23)c1)c1cccc(-c2cccc(-c3cccc(-c4cccc(-c5nn[nH]n5)c4)c3)c2)c1,-9.1,3.1271572098422675,41_1545
O=C(Nc1cccc(-c2cccc(F)c2F)c1)Nc1cccc(-c2cccc(-c3nc4cc(F)ccc4[nH]3)c2F)c1,-10.003921568627451,3.128615257744718,41_1546
O=C(c1cccc(-c2cccc(-c3cccc(-c4cccc(F)c4)c3)c2)c1)N1CCNCC1,-9.331372549019608,3.508189933556279,41_1547
O=C(c1cccc(-c2cccc(-c3cccc(C(F)(F)F)c3)c2)c1)N1CCNCC1,-8.489999999999998,3.642566566269835,41_1548
CN(C)OC(=O)C=CC=C1N=Cc2ccccc2N=CCC=CC1c1c[nH]c2ccccc12,-7.2,1.188963870140289,41_1549
O=C(Nc1cccc(-c2cccc(-c3cccc(C(=O)N4CCOCC4)c3)c2)c1)c1ccccc1,-8.963636363636365,3.5759240999335113,41_1550
O=C(Nc1cccc(-c2cccc(-c3cccc(-c4ccccc4F)c3)c2)c1)c1ccccc1,-9.212307692307691,3.188129789925851,41_1551
N#Cc1cccnc1-c1cccc(C2=CC(=CC3=CC(C=NC(=O)c4ccccc4)=CC3)C=C2)c1,-7.375,3.3087077373371945,41_1552
O=C(Nc1cccc(-c2cccc(-c3nc4ccccc4[nH]3)c2)c1)Nc1cccc(-c2cccc(F)c2F)c1,-9.932142857142859,3.218592063451191,41_1553
Oc1ccccc1CNc1cccc(-c2cccc(-c3ccc4c(c3)OCO4)c2)c1,-8.95,3.569465886433022,41_1554
O=C(c1cccc(-c2cccc(-c3cccc(C(F)(F)F)c3)c2)c1)N1CCNCC1,-8.489999999999998,3.642566566269835,41_1555
O=C(Nc1cccc(-c2cccc(-c3cccc(-c4ccccc4F)c3)c2)c1)Nc1cccc(-c2cccc(F)c2F)c1,-9.537499999999998,2.9869508389213753,41_1556
O=C(Nc1cccc(-c2cccc(-c3cccc(F)c3)c2)c1)c1cccc(-c2cccc(-c3ccc4c(c3)OCO4)c2)c1,-8.7,3.0509717974853863,41_1557
O=c1c(-c2c[nH]c3ccccc23)coc2ccccc12,-7.1,3.5158292426945525,41_1558
O=C(c1cccc(-c2cccc(-c3cccc4ccccc34)c2)c1)N1CCN(c2ccccc2F)CC1,-9.466666666666667,3.2138302346186602,41_1559
O=C(c1cccc(-c2cccc(-c3cccc4ccccc34)c2)c1)N1CCN(C(=O)c2ccco2)CC1,-9.4,3.3721000426351635,41_1560
Cn1c(-c2cccc(-c3cccc(NC(=O)Nc4cccc(-c5cccc(F)c5F)c4)c3)c2)nc2ccccc21,-9.914457831325302,3.216920496534968,41_1561
O=C(Nc1cc(-c2ccc3c(c2)OCO3)cc(-c2cccc(F)c2F)n1)c1cccc(-c2cccc(-c3cccc(-c4ccccc4F)c3)c2)c1,-9.6,3.008950207838882,41_1562
O=C(c1cccc(-c2cccc(-c3cccc(-c4cccc(F)c4)c3)c2)c1)N1CCNCC1,-9.331372549019608,3.508189933556279,41_1563
O=C(Nc1cccc(-c2cccc(-c3nc4cc(F)ccc4[nH]3)c2)c1)Nc1cccc(-c2cccc(F)c2F)c1,-9.655223880597013,3.1875244530828533,41_1564
O=C(c1cccc(-c2cccc(-c3ccc4c(c3)OCCO4)c2F)c1)N1CCNCC1,-8.669565217391305,3.6553838184373157,41_1565
O=c1oc2ccccc2n1CNc1cccc(-c2cccc(-c3cccc(-c4ccccc4F)c3)c2)c1,-8.4,3.2998399676438845,41_1566
O=C(Cc1ccccc1)NC(CNC(=O)c1cccc(-c2cccc(-c3ccccc3)c2)c1)C(=O)OO,-7.8,3.3537550299837813,41_1567
O=C(Nc1cccc(-c2cccc(-c3cccc(-c4cccc(-c5nn[nH]n5)c4)c3)c2)c1)Nc1cccc2[nH]ncc12,-9.4,3.1673542362586096,41_1568
O=C(c1cccc(-c2cccc(-c3cccc(-c4cccc(OC(Cc5ccccc5)P(=O)(O)O)c4)c3)c2)c1)N1CCOCC1,-7.9,3.1587170070351727,41_1569
C=C(C=CC=CC(=C)c1cccc(-c2nc3ccccc3[nH]2)c1)C=CC=CC1=Cc2c(-c3cccc(F)c3)cccc2[C@H](Cc2ccccc2)NC(=O)C=CC=C1,-8.3,0.3536492431738365,41_1570
O=C(Nc1cccc(-c2cccc(-c3cccc(C(=O)N4CCOCC4)c3)c2)c1)Nc1cccc(-c2cccc(F)c2F)c1,-9.424324324324322,3.254566509495188,41_1571
O=C(NNC(=O)c1cccc(-n2cnnn2)c1)c1cccc(-c2cccc(-c3nc4cc(F)ccc4[nH]3)c2)c1,-8.2,3.2965744108012727,41_1572
O=C(Nc1cccc(-c2ccc3c(c2)OCO3)c1)c1cccc(-c2cccc(-c3cccc(-c4cccc(C(F)(F)F)c4)c3)c2)c1,-8.5,3.1010351074468625,41_1573
O=C(Nc1cccc(-c2cccc(-c3cccc(-c4ccccc4F)c3)c2)c1)Nc1cccc(-c2cccc(F)c2F)c1,-9.537499999999998,2.9869508389213753,41_1574
O=C(Nc1cccc(-c2cccc(-c3nc4cc(F)ccc4[nH]3)c2)c1)Nc1cccc(-c2cccc(F)c2F)c1,-9.655223880597013,3.1875244530828533,41_1575
O=C(Nc1cccc(-c2cccc(-c3cccc(F)c3)c2)c1)Nc1cccc(-c2cc3ccccc3[nH]2)c1,-9.0,3.0756092524704526,41_1576
O=C(Nc1cccc(-c2cccc(-c3cccc(-c4ccccc4F)c3)c2)c1)c1ccccc1,-9.212307692307691,3.188129789925851,41_1577
O=C(c1cccc(-c2cccc(-c3ccc(-c4nc5c(O)cccc5[nH]4)cc3)c2)c1)N1CCOCC1,-8.9,3.471265748891493,41_1578
O=C(Nc1cccc(-c2cccc(-c3cccc(-c4nn[nH]n4)c3)c2)c1)Nc1cccc(-c2cccc(F)c2F)c1,-9.7375,3.286971097546113,41_1579
O=c1c2cc(-c3ccc4c[nH]nc4c3)ccc2ncn1-c1cccc(-c2cccc(-c3ccc4c(c3)OCO4)c2)c1,-9.3,3.2949884428750646,41_1580
O=C(Nc1cccc(-c2cccc(-c3nc4cc(F)ccc4[nH]3)c2)c1)Nc1cccc(-c2cccc(F)c2F)c1,-9.655223880597013,3.1875244530828533,41_1581
O=C(Nc1cccc(-c2cccc(-c3cccc(-c4ccccc4F)c3)c2)c1)c1ccccc1,-9.212307692307691,3.188129789925851,41_1582
O=C(Nc1cccc(-c2cccc(-c3nc4ccccc4[nH]3)c2)c1)Nc1cccc(-c2cccc(F)c2F)c1,-9.932142857142859,3.218592063451191,41_1583
O=C(Nc1cccc(-c2cccc(F)c2F)c1)Nc1cccc(-c2cccc(-c3nc4cc(F)ccc4[nH]3)c2F)c1,-10.003921568627451,3.128615257744718,41_1584
O=C(c1cccc(-c2cccc(-c3cccc(-c4ccccc4F)c3)c2)c1)N1CCNCC1,-9.361111111111112,3.508189933556279,41_1585
CN(C)C(=O)c1cccc(-c2cccc(-c3cccc(NC(=O)Nc4cccc(-c5cccc(F)c5F)c4)c3)c2)c1,-9.6,3.2348392670498036,41_1586
O=C(Nc1cccc(-c2cccc(-c3nc4cc(F)ccc4[nH]3)c2)c1)Nc1cccc(-c2cccc(F)c2F)c1,-9.655223880597013,3.1875244530828533,41_1587
O=C(Nc1nc2ccccc2nc1Nc1cccc(-c2cc3ccccc3[nH]2)c1)c1ccccc1Nc1cccc(-c2cccc(F)c2F)c1,-9.7,2.920261201907968,41_1588
Cn1c(-c2cccc(-c3cccc(NC(=O)Nc4cccc(-c5cccc(F)c5F)c4)c3)c2)nc2ccccc21,-9.914457831325302,3.216920496534968,41_1589
O=C(Nc1cccc(-c2cccc(-c3nc4cc(F)ccc4[nH]3)c2)c1)Nc1cccc(-c2cccc(F)c2F)c1,-9.655223880597013,3.1875244530828533,41_1590
O=C(Nc1cccc(-c2cccc(-c3cccc(-c4cccc(F)c4)c3)c2)c1)c1ccccc1,-9.193103448275863,3.188129789925851,41_1591
O=C(Nc1cccc(-c2cccc(-c3cccc(-c4nc5ccccc5[nH]4)c3)c2)c1)Nc1cccc(-c2cccc(F)c2F)c1,-9.799999999999999,3.045512900888348,41_1592
O=Cc1ccccc1N1C=NC(c2ccccc2)=NC(c2cccc(-c3cccc(-c4nn[nH]n4)c3)c2)=Cc2ccc(C(F)(F)F)c1c2,-8.1,0.9287031504325745,41_1593
O=C(Nc1cccc(-c2cccc(-c3cccc(-c4cccc(F)c4)c3)c2)c1)Nc1cccc(-c2cccc(F)c2F)c1,-9.478125,2.9869508389213753,41_1594
O=C(O)c1cccc(Nc2cc(-c3cccc(-c4cccc(C(=O)N5CCOCC5)c4)c3)ccn2)c1,-8.4,3.5790359743524234,41_1595
Cn1c(-c2cccc(-c3cccc(NC(=O)Nc4cccc(-c5cccc(-c6ncccc6C#N)c5)c4)c3)c2)nc2ccccc21,-9.0,3.0906607506690618,41_1596
O=C(Nc1cccc(-c2cccc(-c3cccc(C(=O)N4CCOCC4)c3)c2)c1)Nc1cccc(-c2cccc(F)c2F)c1,-9.424324324324322,3.254566509495188,41_1597
O=C(Nc1cccc(-c2ccc3c(c2)OCCO3)c1)c1cccc(-c2cccc(-c3cccc(-c4ccccc4F)c3)c2)c1,-9.299999999999999,3.134058023091097,41_1598
O=C(c1cccc(-c2cccc(-c3cccc(-c4ccccc4F)c3)c2)c1)N1CCNCC1,-9.361111111111112,3.508189933556279,41_1599
O=C(c1cccc(-c2cccc(-c3ccc4c(c3)OCO4)c2)c1)N1CCN(C(=O)c2cccc(F)c2F)CC1,-9.419999999999998,3.4645763407894306,41_1600
O=C(c1cccc(-c2cccc(-c3cccc(-c4cccc(F)c4)c3)c2)c1)N1CCNCC1,-9.331372549019608,3.508189933556279,41_1601
O=C(Nc1cccc(-c2cccc(-c3nc4cc(F)ccc4[nH]3)c2)c1)Nc1cccc(-c2cccc(F)c2F)c1,-9.655223880597013,3.1875244530828533,41_1602
O=C(Nc1cccc(-c2cccc(-c3cccc(-c4ccccc4F)c3)c2)c1)c1ccccc1,-9.212307692307691,3.188129789925851,41_1603
O=C(Nc1cccc(-c2cccc(-c3cccc(C(=O)N4CCOCC4)c3)c2)c1)Nc1cccc(-c2cccc(F)c2F)c1,-9.424324324324322,3.254566509495188,41_1604
O=C(Nc1nc2ccccc2s1)c1cccc(-c2cccc(-c3cccc(-c4cccc(-c5nn[nH]n5)c4)c3)c2)c1,-9.4,3.325371665203612,41_1605
O=C(Nc1cccc(-c2cccc(-c3cccc(C(F)(F)F)c3)c2)c1)Nc1cccc(-c2cccc(F)c2F)c1,-9.398837209302327,2.963519940967514,41_1606
O=C(Nc1cccc(-c2cccc(-c3nc4cc(F)ccc4[nH]3)c2)c1)Nc1cccc(-c2cccc(F)c2F)c1,-9.655223880597013,3.1875244530828533,41_1607
O=C(Nc1cccc(F)c1)N1CCN(C(=O)c2cccc(-c3cccc(-c4nc5ccccc5[nH]4)c3)c2)CC1,-9.4,3.424574076173265,41_1608
Fc1ccccc1-c1cccc(-c2cccc(-c3cccc(-c4ccnc(C(F)(F)F)c4)c3)c2)c1,-9.8,2.965432806104601,41_1609
O=C(Nc1cccc(-c2cccc(C(=O)N3CCOCC3)c2)c1)c1cccc(-c2cccc(-c3cccc(-c4ccccc4F)c3)c2)c1,-8.166666666666666,3.1263049815711668,41_1610
Cn1c(-c2cccc(-c3cccc(-c4cccc(C(=O)N5CCNCC5)c4)c3)c2)nc2ccccc21,-9.312000000000001,3.480167691596529,41_1611
C=C(C=CC=CC1=CN(C(=O)Nc2cccc(-c3cccc(F)c3F)c2)C=CC=C1)c1cccc(-c2nc3ccccc3[nH]2)c1,-8.196,2.0807625124520213,41_1612
O=C(NS(=O)(=O)c1cccc(-c2cc3cc(F)ccc3[nH]2)c1)c1ccc(-c2cccc(-c3ccc4c(c3)OCCO4)c2Cl)cc1,-7.8,3.262247607182333,41_1613
O=C(Nc1cccc(-c2cccc(-c3cccc(-c4ccc[n+]([O-])c4)c3)c2)c1)Nc1cccc(-c2cccc(F)c2F)c1,-8.5,3.095740499193307,41_1614
O=C(Nc1cccc(-c2cccc(-c3nc4ccccc4[nH]3)c2)c1)Nc1cccc(-c2cccc(F)c2F)c1,-9.932142857142859,3.218592063451191,41_1615
Cn1c(-c2cccc(-c3cccc(NC(=O)Nc4cccc(-c5cccc(F)c5F)c4)c3)c2)nc2ccccc21,-9.914457831325302,3.216920496534968,41_1616
Cn1c(-c2cccc(-c3cccc(NC(=O)Nc4cccc(-c5cccc(C(=O)N6CCOCC6)c5)c4)c3)c2)nc2ccccc21,-9.495348837209304,3.2756851861708367,41_1617
N#Cc1ccccc1-c1cccc(Cn2c3c(c4ccccc42)CN(C(=O)c2ccccc2Nc2ccncc2)CC3)c1,-7.9,3.328514376811799,41_1618
O=C(c1cccc(-c2cccc(-c3cccc(-c4ccccc4F)c3)c2)c1)N1CCNCC1,-9.361111111111112,3.508189933556279,41_1619
O=C(Nc1cccc(-c2cccc(-c3nc4cc(F)ccc4[nH]3)c2)c1)Nc1cccc(-c2cccc(F)c2F)c1,-9.655223880597013,3.1875244530828533,41_1620
O=C(Nc1cccc(-c2cccc(-c3nc4cc(F)ccc4[nH]3)c2)c1)Nc1cccc(-c2cccc(F)c2F)c1,-9.655223880597013,3.1875244530828533,41_1621
C=C(C=CC=CN(C)CC[CH]C(=O)N1CCNCC1)c1cccc(-c2nc3ccccc3[nH]2)c1,-6.7,3.5715427808212956,41_1622
Cn1c(-c2cccc(-c3cccc(NC(=O)Nc4cccc(-c5cccc(C(=O)N6CCOCC6)c5)c4)c3)c2)nc2ccccc21,-9.495348837209304,3.2756851861708367,41_1623
O=S(=O)(Nc1cccc(F)n1)c1cccc(-c2cccc(-c3cccc(-c4cccc(-c5ccccc5F)c4)c3)c2)c1,-9.8,3.21771099559706,41_1624
O=C(Nc1cccc(-c2cccc(-c3nc4cc(F)ccc4[nH]3)c2)c1)Nc1cccc(-c2cccc(F)c2F)c1,-9.655223880597013,3.1875244530828533,41_1625
Cn1c(-c2cccc(-c3cccc(NC(=O)Nc4cccc(-c5cccc(N6CCCC6)n5)c4)c3)c2)nc2ccccc21,-9.5,3.2672563826300873,41_1626
C=C(C=CC=CC1=CN(C(=O)Nc2cccc(-c3cccc(F)c3F)c2)C=CC=C1)c1cccc(-c2nc3ccccc3[nH]2)c1,-8.196,2.0807625124520213,41_1627
Cc1cccc(CNc2cccc(-c3cccc(-c4nc5cc(F)ccc5[nH]4)c3)c2)c1,-8.3,3.3469161192279735,41_1628
O=C(c1cccc(-c2cccc(-c3cccc(-c4ccccc4F)c3)c2)c1)N1CCNCC1,-9.361111111111112,3.508189933556279,41_1629
C=C(C=CC=CC(=C)c1cccc(-c2nc3ccccc3[nH]2)c1)C=CC=CC(=O)N1CCNCC1,-7.168749999999999,3.469586304146949,41_1630
O=C(Nc1cccc(-c2cccc(F)c2F)c1)Nc1cccc(-c2cccc(-c3nc4cc(F)ccc4[nH]3)c2F)c1,-10.003921568627451,3.128615257744718,41_1631
O=C(c1cccc(-c2cccc(C(=O)N3CCN(c4cccc([N+](=O)[O-])c4)CC3)c2)c1)N1CCOCC1,-9.0,3.4681210115165166,41_1632
O=C(/C=C/c1cccc(-c2cccc(-c3cccc(C(=O)N4CCOCC4)c3)c2)c1)N1CCNCC1,-8.7,3.574372773655514,41_1633
Cn1c(-c2cccc(-c3cccc(NC(=O)Nc4cccc(-c5cccc(F)c5F)c4)c3)c2)nc2ccccc21,-9.914457831325302,3.216920496534968,41_1634
O=C(c1cccc(-c2cccc(-c3cccc(-c4ccccc4F)c3)c2)c1)N1CCNCC1,-9.361111111111112,3.508189933556279,41_1635
O=C(Nc1cccc(-c2cccc(-c3cccc(-c4ccccc4F)c3)c2)c1)c1ccccc1,-9.212307692307691,3.188129789925851,41_1636
O=C(Nc1cccc(-c2cccc(-c3cccc(-c4ccccc4F)c3)c2)c1)Nc1cccc(-c2cccc(F)c2F)c1,-9.537499999999998,2.9869508389213753,41_1637
Cn1c(-c2cccc(-c3cccc(NC(=O)Nc4cccc(-c5cccc(C(=O)N6CCOCC6)c5)c4)c3)c2)nc2ccccc21,-9.495348837209304,3.2756851861708367,41_1638
O=C(c1cccc(-c2cccc(-c3ccc4c(c3)OCCO4)c2F)c1)N1CCNCC1,-8.669565217391305,3.6553838184373157,41_1639
O=C(c1cccc(-c2cccc(-c3cccc(C(F)(F)F)c3)c2)c1)N1CCNCC1,-8.489999999999998,3.642566566269835,41_1640
O=C(c1cccc(-c2cccc(-c3cccc(-c4cccc(F)c4)c3)c2)c1)N1CCNCC1,-9.331372549019608,3.508189933556279,41_1641
O=C(c1cccc(-c2cccc(-c3cccc(-c4cccc(-c5ccccc5F)c4)c3)c2)c1)N1CCNCC1,-10.2,3.2439117868408585,41_1642
O=C(Nc1cccc(-c2cccc(-c3cccc(F)c3)c2)c1)Nc1cccc(-c2cccc(-c3ccc4c(c3)OCO4)c2)c1,-9.55,3.0769998633619515,41_1643
C=C(C=CC=CC(=C)C=CC=Cc1nccn1C(=O)c1ccc2c(c1)OCO2)C=CC=CC(=C)c1cccc(-c2nc3ccccc3[nH]2)c1,-7.0,2.8711482422976164,41_1644
O=C(Nc1cccc(-c2cccc(-c3ccc4c(c3)OCCO4)c2Cl)c1)Nc1cccc(-c2cncc3ccccc23)c1,-10.1,3.1872655073652862,41_1645
O=C(Nc1cccc(-c2cccc(-c3cccc(-c4nn[nH]n4)c3)c2)c1)Nc1cccc(-c2cccc(F)c2F)c1,-9.7375,3.286971097546113,41_1646
O=C(Nc1cccc(-c2cccc(-c3nc4cc(F)ccc4[nH]3)c2)c1)Nc1cccc(-c2cccc(F)c2F)c1,-9.655223880597013,3.1875244530828533,41_1647
O=C(Nc1cccc(-c2cccc(-c3nc4cc(F)ccc4[nH]3)c2)c1)Nc1cccc(-c2cccc(F)c2F)c1,-9.655223880597013,3.1875244530828533,41_1648
O=C(Nc1ccccc1)Nc1cccc(-c2cccc(-c3cccc(-c4cccc(C(F)(F)F)c4)c3)c2)c1,-8.966666666666667,3.0105034501696646,41_1649
Cn1c(-c2cccc(-c3cccc(NC(=O)Nc4cccc(-c5cccc(C(=O)N6CCOCC6)c5)c4)c3)c2)nc2ccccc21,-9.495348837209304,3.2756851861708367,41_1650
O=C(Nc1cccc(-c2cccc(-c3nc4cc(F)ccc4[nH]3)c2)c1)Nc1cccc(-c2cccc(F)c2F)c1,-9.655223880597013,3.1875244530828533,41_1651
Cn1c(-c2cccc(-c3cccc(NC(=O)Nc4cccc(-c5cccc(-c6ncccc6C#N)c5)c4)c3)c2)nc2ccccc21,-9.0,3.0906607506690618,41_1652
O=C(Nc1cccc(-c2cccc(-c3cccc(C(F)(F)F)c3)c2)c1)Nc1cccc(-c2cccc(F)c2F)c1,-9.398837209302327,2.963519940967514,41_1653
O=C(c1cccc(-c2cccc(-c3cccc(-c4cccc(F)c4)c3)c2)c1)N1CCNCC1,-9.331372549019608,3.508189933556279,41_1654
O=C(Nc1cccc(-c2cccc(-c3nc4cc(F)ccc4[nH]3)c2)c1)Nc1cccc(-c2cccc(F)c2F)c1,-9.655223880597013,3.1875244530828533,41_1655
O=C(Nc1cccc(-c2cccc(-c3cccc(-c4cccc(F)c4)c3)c2)c1)c1ccccc1,-9.193103448275863,3.188129789925851,41_1656
CC(=CC=CC=NC=O)n1cnc(-c2cccc(-c3cccc(-c4ccccc4F)c3)c2)c1,-7.8,3.2166402116137762,41_1657
O=C(c1cccc(-c2cccc(-c3ccc4c(c3)OCCO4)c2Cl)c1)N1CCNCC1,-8.183333333333332,3.649925043798632,41_1658
O=C(Nc1cccc(-c2cccc(-c3cccc(-c4cccc(C(=O)N5CCOCC5)c4)c3)c2)c1)c1ccccc1,-9.649999999999999,3.328409941359162,41_1659
O=C(c1ccc(F)cc1)N1CCN(C(=O)c2cccc(-c3cccc(-c4cccc5ccccc45)c3)c2)CC1,-9.6,3.2705511526271827,41_1660
O=C(c1cccc(F)c1)N1CCN(C(=O)c2cccc(-c3cccc(-c4cccc5ccccc45)c3)c2)CC1,-9.649999999999999,3.2705511526271827,41_1661
O=C(Nc1cccc(-c2cccc(-c3cccc(-c4ccccc4F)c3)c2)c1)Nc1cccc(-c2cccc(F)c2F)c1,-9.537499999999998,2.9869508389213753,41_1662
O=C(c1cccc(-c2cccc(-c3cccc(F)c3)c2)c1)N1CCN(c2cccc(C(F)(F)F)c2)CC1,-8.672727272727272,3.323511212462599,41_1663
O=C(Nc1cccc(-c2cccc(-c3cccc(F)c3)c2)c1)Nc1cccc(-c2cccc(F)c2F)c1,-9.72,3.1787533639972665,41_1664
O=C(Nc1cccc(-c2cccc(F)c2F)c1)N1C=CC=CC(c2cccc(-c3nc4ccccc4[nH]3)c2)=C1,-9.675,2.311019124300209,41_1665
O=C(c1cccc(-c2cccc(-c3nc4ccccc4[nH]3)c2)c1)N1CCN(c2ccc(F)cc2)CC1,-9.066666666666666,3.4648144352837686,41_1666
O=C(Nc1cccc(-c2cccc(F)c2F)c1)Nc1cccc(-c2cccc(-c3nc4cc(F)ccc4[nH]3)c2F)c1,-10.003921568627451,3.128615257744718,41_1667
O=C(Nc1cccc(-c2cccc(-c3cccc(C(F)(F)F)c3)c2)c1)Nc1cccc(-c2cccc(F)c2F)c1,-9.398837209302327,2.963519940967514,41_1668
O=C(Nc1cccc(-c2cccc(-c3nc4cc(F)ccc4[nH]3)c2)c1)Nc1cccc(-c2cccc(F)c2F)c1,-9.655223880597013,3.1875244530828533,41_1669
O=C(NCc1ccc(Cl)cc1Cl)Nc1cccc(-c2cccc(-c3cccc(-c4cccc(C(F)(F)F)c4)c3)c2)c1,-9.2,3.021349169715948,41_1670
O=C(Nc1cccc(-c2cccc(-c3cccc(-c4cccc(F)c4)c3)c2)c1)c1ccccc1,-9.193103448275863,3.188129789925851,41_1671
N#Cc1ccc(-c2cccc(-c3cccc(-c4cccc(-c5cccc(F)c5)c4)c3)c2)cc1,-9.2,3.098681930688423,41_1672
O=C(c1cccc(-c2cccc(-c3cccc(-c4ccccc4F)c3)c2)c1)N1CCNCC1,-9.361111111111112,3.508189933556279,41_1673
O=C(Nc1cccc(-c2cccc(-c3cccc(C(=O)N4CCOCC4)c3)c2)c1)Nc1cccc(-c2cccc(F)c2F)c1,-9.424324324324322,3.254566509495188,41_1674
O=C(Nc1cccc(-c2cccc(-c3cccc(C(F)(F)F)c3)c2)c1)Nc1cccc(-c2cccc(F)c2F)c1,-9.398837209302327,2.963519940967514,41_1675
O=C(Nc1cccc(-c2cccc(-c3nc4cc(F)ccc4[nH]3)c2)c1)Nc1cccc(-c2cccc(F)c2F)c1,-9.655223880597013,3.1875244530828533,41_1676
Nc1c(NC(=O)c2cccc(-c3cccc(F)c3F)c2)cccc1-c1cccc(-c2nc3cc(F)ccc3[nH]2)c1,-8.8,3.228904281884132,41_1677
Cn1c(-c2cccc(-c3cccc(NC(=O)Nc4cccc(-c5cccc(F)c5F)c4)c3)c2)nc2ccccc21,-9.914457831325302,3.216920496534968,41_1678
O=C(Nc1cccc(-c2cccc(-c3cccc(-c4ccccc4F)c3)c2)c1)Nc1cccc(-c2cccc(F)c2F)c1,-9.537499999999998,2.9869508389213753,41_1679
O=C(c1cccc(-c2cccc(-c3ccc4c(c3)OCO4)c2)c1)N1CCNCC1,-8.3,3.6616829806634774,41_1680
O=C(c1cc(Cc2n[nH]c(=O)c3c2NCCC3)ccc1F)N1CCN(C(=O)c2nccc3ccccc23)CC1,-8.3,3.479025742657365,41_1681
O=C(c1cccc(-c2cccc(-c3ccc4c(c3)OCO4)c2)c1)N1CCN(C(=O)c2cccc(F)c2F)CC1,-9.419999999999998,3.4645763407894306,41_1682
Cn1c(-c2cccc(-c3cccc(NC(=O)Nc4cccc(-c5cccc(-c6cccc(F)c6)c5)c4)c3)c2)nc2ccccc21,-9.663636363636364,3.0539916384657317,41_1683
N#Cc1cccc(-c2cccc(-c3cccc(-c4cccc(-c5nn[nH]n5)c4)c3)c2)c1,-9.1,3.565470768707149,41_1684
O=C(Nc1cccc(-c2cccc(-c3nc4cc(F)ccc4[nH]3)c2)c1)Nc1cccc(-c2cccc(F)c2F)c1,-9.655223880597013,3.1875244530828533,41_1685
O=C(Nc1cccc(-c2cccc(F)c2F)c1)Nc1cccc(-c2cccc(-c3nc4cc(F)ccc4[nH]3)c2F)c1,-10.003921568627451,3.128615257744718,41_1686
O=C(c1cccc(-c2cccc(-c3cccc(-c4ccccc4F)c3)c2)c1)N1CCNCC1,-9.361111111111112,3.508189933556279,41_1687
O[CH]CNc1cccc(-c2cccc(-c3cccc(-c4cccc(F)c4)c3)c2)c1C1CC1,-7.4,3.3457018444230284,41_1688
O=C(Nc1cccc(-c2cccc(-c3cccc(C(=O)N4CCOCC4)c3)c2)c1)Nc1cccc(-c2cccc(F)c2F)c1,-9.424324324324322,3.254566509495188,41_1689
O=C(Nc1cccc(-c2cccc(-c3nc4ccccc4[nH]3)c2)c1)Nc1cccc(-c2cccc(F)c2F)c1,-9.932142857142859,3.218592063451191,41_1690
O=S(=O)(c1cccc(-c2cncc(-c3cccc(C(F)(F)F)c3)c2)c1)c1cccc2ccccc12,-8.7,3.305601666525063,41_1691
O=C(Nc1cc2ccccc2s1)c1cccc(-c2cccc(-c3cccc(-c4cccc(C(=O)N5CCOCC5)c4)c3)c2)c1,-9.3,3.2548274885488926,41_1692
O=C(c1cccc(-c2cccc(-c3cccc4ccccc34)c2)c1)N1CCN(C(=O)c2ccccc2C(F)(F)F)CC1,-9.3,3.2275936871066397,41_1693
O=C(Nc1cccc(-c2cccc(-c3cccc(-c4ccccc4F)c3)c2)c1)c1cccc(-c2ccccc2F)c1,-9.95,3.0300865589362544,41_1694
N#Cc1cccc(-c2cccc(-c3cccc(C(=O)N4CCOCC4)c3)c2)c1,-7.7,3.6386390307935277,41_1695
O=C(c1cccc(-c2cccc(-c3ccc4c(c3)OCCO4)c2Cl)c1)N1CCNCC1,-8.183333333333332,3.649925043798632,41_1696
O=C(NCCN1CCOCC1)c1cccc(-c2cccc(-c3cccc(-c4cccc(-c5nn[nH]n5)c4)c3)c2)c1,-8.8,3.388305965069297,41_1697
O=C(c1cccc(-c2cccc(-c3cccc(C(=O)N4CCOCC4)c3)c2)c1)N1CCNCC1,-8.824324324324325,3.649506152725788,41_1698
O=C(c1cccc(-c2cccc(-c3cccc(-c4cccc(F)c4)n3)c2)c1)N1CCNCC1,-9.1,3.5926911592480524,41_1699
O=C(Nc1cccc(-c2cccc(C(=O)N3CCOCC3)c2)c1)c1cccc(-c2cccc(-c3cccc(-c4ccccc4F)c3)c2)c1,-8.166666666666666,3.1263049815711668,41_1700
Cn1c(-c2cccc(-c3cccc(NC(=O)Nc4cccc(-c5cccc(-c6cccc(F)c6)c5)c4)c3)c2)nc2ccccc21,-9.663636363636364,3.0539916384657317,41_1701
Cn1c(-c2cccc(-c3cccc(-c4cccc(C(=O)N5CCNCC5)c4)c3)c2)nc2ccccc21,-9.312000000000001,3.480167691596529,41_1702
O=C(c1cccc(-c2cccc(-c3nc4ccccc4[nH]3)c2)c1)N1CCN(c2ccccc2)CC1,-8.72857142857143,3.469314490794095,41_1703
O=C(Nc1cccc(-c2cccc(-c3nc4cc(F)ccc4[nH]3)c2)c1)Nc1cccc(-c2cccc(F)c2F)c1,-9.655223880597013,3.1875244530828533,41_1704
O=C(Nc1cccc(-c2cccc(C(=O)N3CCOCC3)c2)c1)Nc1cccc(-c2cccc(F)c2F)c1,-9.7125,3.5133545427940325,41_1705
Cn1c(-c2cccc(-c3cccc(-c4cccc(C(=O)N5CCNCC5)c4)c3)c2)nc2ccccc21,-9.312000000000001,3.480167691596529,41_1706
Cn1c(-c2cccc(-c3cccc(NC(=O)Nc4cccc(-c5ccccc5F)c4)c3)c2)nc2ccccc21,-10.15,3.211589862292562,41_1707
O=C(Nc1cccc(-c2cccc(F)c2F)c1)Nc1cccc(-c2cccc(-c3nc4cc(F)ccc4[nH]3)c2F)c1,-10.003921568627451,3.128615257744718,41_1708
O=C(Nc1cccc(-c2cccc(-c3cccc(-c4ccccc4F)c3)c2)c1)c1ccccc1,-9.212307692307691,3.188129789925851,41_1709
O=C(Nc1cccc(-c2cccc(-c3nc4ccccc4[nH]3)c2)c1)Nc1cccc(-c2cccc(F)c2F)c1,-9.932142857142859,3.218592063451191,41_1710
O=C(Nc1cccc(-c2cccc(-c3nc4cc(F)ccc4[nH]3)c2)c1)Nc1cccc(-c2cccc(F)c2F)c1,-9.655223880597013,3.1875244530828533,41_1711
O=C(c1cccc(-c2cccc(-c3cccc(C(=O)N4CCOCC4)c3)c2)c1)N1CCNCC1,-8.824324324324325,3.649506152725788,41_1712
O=C(O)c1ccc(-c2cccc(-c3cccc(-c4cccc(F)c4)c3)c2)cc1,-8.5,3.4063726347741796,41_1713
O=C(Nc1cccc(-c2cccc(-c3nc4cc(F)ccc4[nH]3)c2)c1)Nc1cccc(-c2cccc(F)c2F)c1,-9.655223880597013,3.1875244530828533,41_1714
O=C(Nc1cccc(-c2cccc(-c3nc4cc(F)ccc4[nH]3)c2)c1)Nc1cccc(-c2cccc(F)c2F)c1,-9.655223880597013,3.1875244530828533,41_1715
O=C(c1cccc(-c2cccc(C(=O)N3CCN(C(=O)c4ccco4)CC3)c2)c1)N1CCOCC1,-8.4,3.6129887333911004,41_1716
O=C(Nc1nc(-c2ccccc2)nc2cn(-c3ccccc3)nc2c1=O)c1cccc(-c2cccc(F)c2)c1,-10.1,2.5147022619676447,41_1717
O=C(Nc1cccc(-c2cccc(-c3nc4cc(F)ccc4[nH]3)c2)c1)Nc1cccc(-c2cccc(F)c2F)c1,-9.655223880597013,3.1875244530828533,41_1718
O=C(c1cccc(-c2cccc(-c3nc4cc(F)ccc4[nH]3)c2)c1)N1CCNCC1,-8.565000000000001,3.6450984636569372,41_1719
O=C(Nc1cccc(-c2cccc(-c3cccc(C(F)(F)F)c3)c2)c1)Nc1cccc(-c2cccc(F)c2F)c1,-9.398837209302327,2.963519940967514,41_1720
O=C(Nc1cccc(-c2cccc(F)c2F)c1)Nc1cccc(-c2cccc(-c3nc4cc(F)ccc4[nH]3)c2F)c1,-10.003921568627451,3.128615257744718,41_1721
O=C(Nc1cccc(-c2cccc(-c3cccc(-c4cccc(F)c4)c3)c2)c1)c1ccccc1,-9.193103448275863,3.188129789925851,41_1722
O=C(c1cccc(-c2cccc(-c3nc4cc(F)ccc4[nH]3)c2)c1)N1CCNCC1,-8.565000000000001,3.6450984636569372,41_1723
O[C@@H](CNc1cccc(-c2cccc(-c3cccc(-c4ccccc4F)c3)c2)c1)c1ccccc1,-7.3,3.1956418357432526,41_1724
O=C(Nc1cccc(-c2cccc(-c3nc4ccccc4[nH]3)c2)c1)Nc1cccc(-c2cccc(F)c2F)c1,-9.932142857142859,3.218592063451191,41_1725
O=C(Nc1cccc(-c2cccc(-c3cccc(-c4ccccc4F)c3)c2)c1)Nc1cccc(-c2cccc(F)c2F)c1,-9.537499999999998,2.9869508389213753,41_1726
O=C(c1cccc(-c2cccc(-c3cccc4ccccc34)c2)c1)N1CCN(C(=O)c2cccc3ccccc23)CC1,-9.542857142857143,3.1497144483216615,41_1727
O=C(c1cccc(-c2cccc(-c3cccc(F)c3)c2)c1)N1CCN(C(=O)c2cccc(F)c2F)CC1,-9.666666666666666,3.461450654381414,41_1728
O=C(c1cccc(-c2cccc(-c3cccc(-c4ccc(F)cc4)c3)c2)c1)N1CCNCC1,-8.7,3.508189933556279,41_1729
C=COc1c(C2C=CC=COC(=O)C=CC=CCC2)cc(-c2cccc3ccccc23)c2ccccc12,-7.6,0.9949157474022075,41_1730
O=C(Nc1cccc(-c2cccc(-c3ccccc3)c2)c1)c1cccc(-c2cccc3ccccc23)c1,-9.05,3.0594189111400105,41_1731
O=C(Nc1cccc(-c2cccc(-c3nc4cc(F)ccc4[nH]3)c2)c1)Nc1cccc(-c2cccc(F)c2F)c1,-9.655223880597013,3.1875244530828533,41_1732
O=C(Nc1cccc(-c2cccc(-c3nc4cc(F)ccc4[nH]3)c2)c1)Nc1cccc(-c2cccc(F)c2F)c1,-9.655223880597013,3.1875244530828533,41_1733
O=C(Nc1cccc(-c2cccc(-c3nc4cc(F)ccc4[nH]3)c2)c1)Nc1cccc(-c2cccc(F)c2F)c1,-9.655223880597013,3.1875244530828533,41_1734
O=C(c1cccc(-c2cccc(-c3cccc(-c4nn[nH]n4)c3)c2)c1)N1CCNCC1,-8.931818181818182,3.6709921779215158,41_1735
C=C(C=CC=CC(=C)c1cccc(-c2nc3ccccc3[nH]2)c1)C=CC=CC(=O)N1CCNCC1,-7.168749999999999,3.469586304146949,41_1736
Cn1c(-c2cccc(-c3cccc(NC(=O)Nc4cccc(-c5cccc(C(=O)N6CCOCC6)c5)c4)c3)c2)nc2ccccc21,-9.495348837209304,3.2756851861708367,41_1737
O=C(c1cccc(-c2cccc(-c3cccc4ccccc34)c2)c1)N1CCN(C(=O)c2ccc(F)cc2F)CC1,-9.4,3.2507959847575894,41_1738
Cn1c(-c2cccc(-c3cccc(NC(=O)Nc4cccc(-c5cccc(F)c5F)c4)c3)c2)nc2ccccc21,-9.914457831325302,3.216920496534968,41_1739
O=C(Nc1cccc(-c2cccc(-c3cccc(-c4ccccc4F)c3)c2)c1)Nc1cccc(-c2cccc(F)c2F)c1,-9.537499999999998,2.9869508389213753,41_1740
Cn1c(-c2cccc(-c3cccc(NC(=O)Nc4cccc(-c5cccc(F)c5F)c4)c3)c2)nc2ccccc21,-9.914457831325302,3.216920496534968,41_1741
O=C(Nc1cccc(-c2cccc(-c3cccc(-c4cccc(F)c4)c3)c2)c1)Nc1cccc(-c2cccc(F)c2F)c1,-9.478125,2.9869508389213753,41_1742
O=C(c1cccc(-c2cccc(C(=O)N3CCN(c4cccc(C(F)(F)F)c4)CC3)c2)c1)N1CCOCC1,-8.75,3.5675074243249583,41_1743
O=C(Nc1cccc(-c2cccc(-c3cccc(-c4ccccc4F)c3)c2)c1)Nc1cccc(-c2cccc(F)c2F)c1,-9.537499999999998,2.9869508389213753,41_1744
Cc1c(-c2ccc3c(c2)OCCO3)cccc1C1c2ccccc2N1CC1=CC=CCC1,-8.2,3.2763959077043343,41_1745
O=C(c1cccc(-c2cccc(C(=O)N3CCN(c4ccccc4C(F)(F)F)CC3)c2)c1)N1CCOCC1,-8.52222222222222,3.5675074243249583,41_1746
O=C(O)C(c1cccc(-c2cccc(-c3nc4ccccc4[nH]3)c2)c1)n1c2ccccc2c2ccccc21,-8.8,3.256210253434337,41_1747
O=C(c1cccc(-c2cccc(-c3ccc4c(c3)OCCO4)c2F)c1)N1CCNCC1,-8.669565217391305,3.6553838184373157,41_1748
O=C(Nc1cccc(-c2cc3ccccc3[nH]2)c1)c1cccc(-c2cccc(-c3cccc(-c4cccc(C(F)(F)F)c4)c3)c2)c1,-8.6,2.863856443393519,41_1749
O=C(c1cccc(-c2cccc(-c3cccc(-c4cccc(F)c4)c3)c2)c1)N1CCNCC1,-9.331372549019608,3.508189933556279,41_1750
O=C(Nc1cccc(-c2cccc(-c3cccc(C(=O)N4CCOCC4)c3)c2)c1)Nc1cccc(-c2cccc(F)c2F)c1,-9.424324324324322,3.254566509495188,41_1751
O=C(Nc1cccc(-c2cccc(F)c2F)c1)Nc1cccc(-c2cccc(-c3nc4cc(F)ccc4[nH]3)c2F)c1,-10.003921568627451,3.128615257744718,41_1752
O=C(Nc1cccc(-c2cccc(-c3nc4ccccc4[nH]3)c2)c1)Nc1cccc(-c2cccc(F)c2F)c1,-9.932142857142859,3.218592063451191,41_1753
O=C(Nc1cccc(-c2cccc(-c3nc4cc(F)ccc4[nH]3)c2)c1)Nc1cccc(-c2cccc(F)c2F)c1,-9.655223880597013,3.1875244530828533,41_1754
COc1ccc(-c2cc(-c3cc4ccccc4o3)nc3ccccc23)cc1,-7.8,3.3607586605047723,41_1755
O=C(Nc1cccc(-c2cccc(-c3cccc(-c4ccccc4F)c3)c2)c1)c1ccccc1,-9.212307692307691,3.188129789925851,41_1756
O=C(Nc1cccc2[nH]ccc12)c1cccc(-c2cccc(-c3cccc(-c4cccc(C(F)(F)F)c4)c3)c2)c1,-8.6,2.9628115190453546,41_1757
O=C(Nc1cccc(-c2cccc(-c3cccc(C(=O)N4CCOCC4)c3)c2)c1)c1ccccc1,-8.963636363636365,3.5759240999335113,41_1758
O=C(Nc1nc(-c2cccc(Cl)c2)cs1)c1cccc(-c2cccc(-c3cccc(-c4cccc(C(F)(F)F)c4)c3)c2)c1,-8.9,3.072262881745539,41_1759
O=C(Nc1cccc(-c2cccc(-c3cccc(C(F)(F)F)c3)c2)c1)Nc1cccc(-c2cccc(F)c2F)c1,-9.398837209302327,2.963519940967514,41_1760
O=C(c1cccc(-c2cccc(-c3cccc(-c4ccccc4F)c3)c2)c1)N1CCNCC1,-9.361111111111112,3.508189933556279,41_1761
C=C(C=CC=CC(=C)c1cccc(-c2nc3ccccc3[nH]2)c1)C=CC=CC(=O)Nc1ccc2c(c1)OCO2,-6.9,3.2050538058571982,41_1762
O=C(Nc1cccc(-c2cccc(-c3nc4cc(F)ccc4[nH]3)c2)c1)Nc1cccc(-c2cccc(F)c2F)c1,-9.655223880597013,3.1875244530828533,41_1763
O=C(Nc1cccc(-c2cccc(-c3nc4cc(F)ccc4[nH]3)c2)c1)Nc1cccc(-c2cccc(F)c2F)c1,-9.655223880597013,3.1875244530828533,41_1764
O=C(Nc1ncnc2[nH]cnc12)c1cccc(-c2cccc(-c3cccc(-c4cccc(C(F)(F)F)c4)c3)c2)c1,-9.9,3.2820871317046563,41_1765
O=C(c1cccc(-c2cccc(-c3ccc4c(c3)OCCO4)c2)c1)N1CCN(c2cccc(Cl)c2)CC1,-8.8,3.4061381788746194,41_1766
O=C(c1cccc(-c2cccc(-c3nc4cc(F)ccc4[nH]3)c2)c1)N1CCNCC1,-8.565000000000001,3.6450984636569372,41_1767
O=C(Nc1cccc(-c2cccc(-c3ccc4c(c3)OCO4)c2)c1)Nc1cccc(-c2cccc(N3CCCC3)n2)c1,-9.333333333333334,3.198852774637906,41_1768
O=C(Nc1cccc(-c2cccc(-c3nc4ccccc4[nH]3)c2)c1)Nc1cccc(-c2cccc(F)c2F)c1,-9.932142857142859,3.218592063451191,41_1769
Nc1ncnc2c1ncn2[C@@H]1O[C@H](c2cccc(-c3cccc(-c4cccc(F)c4)c3)c2)[C@@H](O)[C@H]1O,-9.6,3.373625424835949,41_1770
O=C(Nc1cccc(-c2cccc(-c3nc4cc(F)ccc4[nH]3)c2)c1)Nc1cccc(-c2cccc(F)c2F)c1,-9.655223880597013,3.1875244530828533,41_1771
O=C(Nc1cccc(-c2cccc(-c3cccc(-c4cccc(-c5ccccc5F)c4)c3)c2)c1)c1cccc(C(F)(F)F)c1,-9.8,2.8449507838819423,41_1772
O=C(c1cccc(-c2cccc(-c3nc4ccccc4[nH]3)c2)c1)N1CCN(c2ccccc2F)CC1,-8.925,3.4648144352837686,41_1773
O=C(Nc1cccc(-c2cccc(F)c2F)c1)N1C=CC=CC(c2cccc(-c3nc4ccccc4[nH]3)c2)=C1,-9.675,2.311019124300209,41_1774
Cn1c(-c2cccc(-c3cccc(NC(=O)Nc4cccc(-c5cccc(F)c5F)c4)c3)c2)nc2ccccc21,-9.914457831325302,3.216920496534968,41_1775
O=C(Nc1cccc(-c2cccc(-c3nc4ccccc4[nH]3)c2)c1)Nc1cccc(-c2cccc(F)c2F)c1,-9.932142857142859,3.218592063451191,41_1776
Oc1cccc(-c2cc(-c3cccc(-c4cccc(-c5ccccc5F)c4)c3)ccn2)c1,-9.8,3.3246830546151016,41_1777
O=C(c1cccc(-c2cccc(F)c2F)c1)N1CCN(c2cccc(-c3cccc(-c4cccc(F)c4)c3)c2)CC1,-8.8,3.1373905634539225,41_1778
O=C(Nc1cccc(-c2cccc(-c3cccc(-c4cccc(F)c4)c3)c2)c1)c1ccccc1,-9.193103448275863,3.188129789925851,41_1779
O=C(c1cccc(-c2cccc(-c3nc4ccccc4[nH]3)c2)c1)N1CCN(c2ccc(F)cc2)CC1,-9.066666666666666,3.4648144352837686,41_1780
O=C(c1cncc(-c2cccc(-c3nn[nH]n3)c2)c1)N1CCN(c2cccc3[nH]ccc23)CC1,-8.6,3.5394776947179816,41_1781
O=C(Nc1cccc(-c2cccc(-c3cccc(-c4ccccc4F)c3)c2)c1)Nc1cccc(-c2cccc(F)c2F)c1,-9.537499999999998,2.9869508389213753,41_1782
O=C(c1cccc(-c2cccc(-c3cccc4ccccc34)c2)c1)N1CCN(C(=O)c2cccc3ccccc23)CC1,-9.542857142857143,3.1497144483216615,41_1783
O=C(Nc1cccc(-c2cccc(F)c2F)c1)Nc1cccc(-c2cccc(-c3nc4cc(F)ccc4[nH]3)c2F)c1,-10.003921568627451,3.128615257744718,41_1784
O=C(c1cccc(-c2cccc(-c3ccc4c(c3)OCCO4)c2F)c1)N1CCNCC1,-8.669565217391305,3.6553838184373157,41_1785
O=C(c1cccc(-c2cccc(-c3cccc4ccccc34)c2)c1)N1CCN(c2ncccc2C(F)(F)F)CC1,-9.6,3.307482186496811,41_1786
O=C(Nc1cccc(-c2cccc(-c3cccc(-c4cccc(F)c4)c3)c2)c1)c1ccccc1,-9.193103448275863,3.188129789925851,41_1787
O=C(Nc1cccc(-c2cccc(-c3nc4cc(F)ccc4[nH]3)c2)c1)Nc1cccc(-c2cccc(F)c2F)c1,-9.655223880597013,3.1875244530828533,41_1788
O=C(c1cccc(-c2cccc(-c3ccc4c(c3)OCCO4)c2F)c1)N1CCNCC1,-8.669565217391305,3.6553838184373157,41_1789
O=C(Nc1cccc(-c2cccc(-c3cccc(-c4ccccc4F)c3)c2)c1)Nc1cccc(-c2cccc(F)c2F)c1,-9.537499999999998,2.9869508389213753,41_1790
O=C(Nc1cccc2ccccc12)c1cccc(-c2cccc(-c3cccc(-c4cccc(-c5nn[nH]n5)c4)c3)c2)c1,-10.2,3.28795416791702,41_1791
O=C(c1cccc(-c2cccc(-c3cccc4ccccc34)c2)c1)N1CCN(C(=O)c2ccc(F)cc2F)CC1,-9.4,3.2507959847575894,41_1792
C=C(C=CC=CC1=CN(C(=O)Nc2cccc(-c3cccc(F)c3F)c2)C=CC=C1)c1cccc(-c2nc3ccccc3[nH]2)c1,-8.196,2.0807625124520213,41_1793
O=C(Nc1cccc(-c2cccc(-c3nc4cc(F)ccc4[nH]3)c2)c1)Nc1cccc(-c2cccc(F)c2F)c1,-9.655223880597013,3.1875244530828533,41_1794
O=C(NNC(=O)c1cc2cc3ccccc3nc2[nH]1)c1cccc(-c2cccc(-c3nc4cc(F)ccc4[nH]3)c2)c1,-8.5,3.203728843338291,41_1795
O=C(Nc1cccc(-c2cccc(-c3cccc(-c4cccc(F)c4)c3)c2)c1)Nc1cccc(-c2cccc(F)c2F)c1,-9.478125,2.9869508389213753,41_1796
O=C(Nc1cccc(-c2cccc(-c3nc4cc(F)ccc4[nH]3)c2)c1)Nc1cccc(-c2cccc(F)c2F)c1,-9.655223880597013,3.1875244530828533,41_1797
Cn1c(-c2cccc(-c3cccc(NC(=O)Nc4cccc(-c5cccc(F)c5F)c4)c3)c2)nc2ccccc21,-9.914457831325302,3.216920496534968,41_1798
C=C(C=CC=CC1=CN(C(=O)Nc2cccc(-c3cccc(F)c3F)c2)C=CC=C1)c1cccc(-c2nc3ccccc3[nH]2)c1,-8.196,2.0807625124520213,41_1799
O=C(Nc1cccc(-c2cccc(-c3nc4cc(F)ccc4[nH]3)c2)c1)Nc1cccc(-c2cccc(F)c2F)c1,-9.655223880597013,3.1875244530828533,41_1800
O=C(c1cccc(-c2cccc(-c3cccc(-c4ccccc4F)c3)c2)c1)N1CCNCC1,-9.361111111111112,3.508189933556279,41_1801
O=C(Nc1cccc(-c2cccc(-c3nc4cc(F)ccc4[nH]3)c2F)c1)Nc1cccc2ccccc12,-10.7,3.258295713850125,41_1802
C=C(C=CC=CC(=C)c1cccc(-c2nc3ccccc3[nH]2)c1)C=CC=CC(=O)N1CCNCC1,-7.168749999999999,3.469586304146949,41_1803
O=C(c1cccc(-c2cccc(-c3nc4cc(F)ccc4[nH]3)c2)c1)N1CCNCC1,-8.565000000000001,3.6450984636569372,41_1804
O=C(c1cccc(-c2cccc(C(=O)N3CCN(c4ccccc4)CC3)c2)c1)N1CCOCC1,-8.399999999999999,3.5953511473089197,41_1805
O=C(Nc1cccc(-c2cccc(-c3cccc(C(F)(F)F)c3)c2)c1)N[C@@H]1CCNC1,-8.8,3.5660180831814463,41_1806
O=C(Nc1cccc(-c2cccc(-c3cccc(-c4ccccc4F)c3)c2)c1)Nc1cccc(-c2ccccc2F)c1,-9.5,3.001946238048069,41_1807
N#Cc1cccnc1-c1cccc(-c2cccc(NC(=O)c3cccc(-c4cccc(-c5cccc(-c6ccccc6F)c5)c4)c3)c2)c1,-8.55,3.052997074360447,41_1808
Cn1c(-c2cccc(-c3cccc(-c4cccc(-c5cccc(C(=O)O)c5)c4)c3)c2)nc2ccccc21,-9.600000000000001,3.24791398890646,41_1809
O=C(Nc1cccc(-c2cccc(-c3cccc(C(F)(F)F)c3)c2)c1)Nc1cccc(-c2cccc(F)c2F)c1,-9.398837209302327,2.963519940967514,41_1810
Cn1c(-c2cccc(-c3cccc(-c4cccc(C(=O)N5CCNCC5c5ccccc5)c4)c3)c2)nc2ccccc21,-9.6,3.310032187611326,41_1811
O=C(c1ccccc1)c1cccc(-c2cccc(-c3cccc(-c4cccc(-c5cccc(F)c5)c4)c3)c2)c1,-9.3,2.87677902749139,41_1812
Cn1c(-c2cccc(-c3cccc(-c4cccc(C(=O)N5CCNCC5)c4)c3)c2)nc2ccccc21,-9.312000000000001,3.480167691596529,41_1813
O=C(Nc1cccc(-c2cccc(-c3nc4cc(F)ccc4[nH]3)c2)c1)Nc1cccc(-c2cccc(F)c2F)c1,-9.655223880597013,3.1875244530828533,41_1814
O=C(c1cccc(-c2cccc(C(=O)N3CCN(C(=O)c4cccc(-c5cccc(F)c5)c4)CC3)c2)c1)N1CCOCC1,-9.5,3.4147992519038706,41_1815
C=C(C=CC=CC1=CN(C(=O)Nc2cccc(-c3cccc(F)c3F)c2)C=CC=C1)c1cccc(-c2nc3ccccc3[nH]2)c1,-8.196,2.0807625124520213,41_1816
O=C(Nc1cccc(-c2cccc(-c3cccc(C(=O)N4CCOCC4)c3)c2)c1)Nc1cccc(-c2cccc(F)c2F)c1,-9.424324324324322,3.254566509495188,41_1817
O=C(Nc1cccc(-c2cccc(C(=O)N3CCOCC3)c2)c1)Nc1cccc(-c2cccc(F)c2F)c1,-9.7125,3.5133545427940325,41_1818
O=C(Nc1cccc(-c2cccc(-c3nc4cc(F)ccc4[nH]3)c2)c1)Nc1cccc(-c2cccc(F)c2F)c1,-9.655223880597013,3.1875244530828533,41_1819
O=C(Nc1cccc(-c2cccc(F)c2F)c1)Oc1cccc(-c2cccc(-c3nc4ccccc4[nH]3)c2)c1,-8.6,3.3322325792683616,41_1820
Cn1c(-c2cccc(-c3cccc(NC(=O)Nc4cccc(-c5cccc(F)c5)c4)c3)c2)nc2ccccc21,-9.7,3.211589862292562,41_1821
O=C(Nc1cccc(-c2cccc(-c3cccc(C(F)(F)F)c3)c2)c1)Nc1cccc(-c2cccc(F)c2F)c1,-9.398837209302327,2.963519940967514,41_1822
O=C(c1cccc(-c2cccc(-c3cccc(-c4ccccc4F)c3)c2)c1)N1CCNCC1,-9.361111111111112,3.508189933556279,41_1823
Cn1c(-c2cccc(-c3cccc(NC(=O)Nc4cccc(-c5cccc(F)c5F)c4)c3)c2)nc2ccccc21,-9.914457831325302,3.216920496534968,41_1824
O=C(Nc1cccc(-c2cccc(-c3cccc(C(=O)N4CCOCC4)c3)c2)c1)Nc1cccc(-c2cccc(F)c2F)c1,-9.424324324324322,3.254566509495188,41_1825
O=C(Nc1cccc(-c2cccc(-c3nc4ccccc4[nH]3)c2)c1)Nc1cccc(-c2cccc(F)c2F)c1,-9.932142857142859,3.218592063451191,41_1826
O=C(c1cccc(-c2cccc(-c3cccc(-c4nn[nH]n4)c3)c2)c1)N1CCNCC1,-8.931818181818182,3.6709921779215158,41_1827
O=C(Nc1cccc(-c2cccc(-c3cccc(C(F)(F)F)c3)c2)c1)Nc1cccc(-c2cccc(F)c2F)c1,-9.398837209302327,2.963519940967514,41_1828
O=C(Nc1cccc(-c2cccc(-c3cccc(C(F)(F)F)c3)c2)c1)Nc1cccc(-c2cccc(F)c2F)c1,-9.398837209302327,2.963519940967514,41_1829
O=C(Nc1cccc(-c2cccc(-c3nc4ccccc4[nH]3)c2)c1)Nc1cccc(-c2cccc(F)c2F)c1,-9.932142857142859,3.218592063451191,41_1830
O=C(c1cccc(-c2cccc(-c3cccc(-c4cccc(F)c4)c3)c2)c1)N1CCNCC1,-9.331372549019608,3.508189933556279,41_1831
O=C(c1cccc(-c2cccc(-c3ccc4c(c3)OCCO4)c2F)c1)N1CCNCC1,-8.669565217391305,3.6553838184373157,41_1832
O=C(Nc1cccc(-c2cccc(-c3nc4cc(F)ccc4[nH]3)c2)c1)Nc1cccc(-c2cccc(F)c2F)c1,-9.655223880597013,3.1875244530828533,41_1833
O=C(c1cccc(-c2cccc(-c3cccc(-c4ccccc4F)c3)c2)c1)N1CCNCC1,-9.361111111111112,3.508189933556279,41_1834
O=C(c1cccc(-c2cccc(-c3cccc(-c4ccccc4F)c3)c2)c1)N1CCNCC1,-9.361111111111112,3.508189933556279,41_1835
O=C(Nc1cccc(-c2cccc(-c3cccc(-c4nn[nH]n4)c3)c2)c1)Nc1cccc(-c2cccc(F)c2F)c1,-9.7375,3.286971097546113,41_1836
O=C(Nc1cccc(-c2cccc(-c3cccc(-c4nn[nH]n4)c3)c2)c1)Nc1cccc(-c2cccc(F)c2F)c1,-9.7375,3.286971097546113,41_1837
O=C(c1cccc(-c2cccc(-c3cccc(C(=O)N4CCOCC4)c3)c2)c1)N1CCNCC1,-8.824324324324325,3.649506152725788,41_1838
O=C(Nc1cccc(-c2cccc(F)c2F)c1)Nc1cccc(-c2cccc(-c3nc4cc(F)ccc4[nH]3)c2F)c1,-10.003921568627451,3.128615257744718,41_1839
O=C(Nc1cccc(-c2cccc(-c3cccc(-c4ccccc4F)c3)c2)c1)c1ccccc1,-9.212307692307691,3.188129789925851,41_1840
O=C(Nc1cccc(-c2cccc(-c3cccc(-c4ccccc4F)c3)c2)c1)c1ccccc1,-9.212307692307691,3.188129789925851,41_1841
N#Cc1cccnc1-c1cccc(-c2cccc(NC(=O)Nc3cccc(-c4cccc(F)c4F)c3)c2)c1,-8.955555555555556,3.3763915698637668,41_1842
C=C(C#CCO)C=CC=CC=O,-4.9,1.5809585775910744,41_1843
O=C(Nc1cccc(-c2cccc(F)c2F)c1)Nc1cccc(-c2cccc(-c3nc4cc(F)ccc4[nH]3)c2F)c1,-10.003921568627451,3.128615257744718,41_1844
Oc1cccc(-c2cc(-c3cccc(F)c3)c3c(n2)-c2cccc(O)c2C3)c1,-8.9,3.5382346254688546,41_1845
O=C(c1cccc(-c2cccc(-c3cccc(C(=O)N4CCOCC4)c3)c2)c1)N1CCNCC1,-8.824324324324325,3.649506152725788,41_1846
O=C(Nc1cccc(-c2cccc(-c3cccc(C(F)(F)F)c3)c2)c1)Nc1ccccc1-c1cccc(F)c1,-8.8,2.955830168893644,41_1847
O=C(c1cccc(-c2cccc(-c3nc4cc(F)ccc4[nH]3)c2)c1)N1CCNCC1,-8.565000000000001,3.6450984636569372,41_1848
Cn1c(-c2cccc(-c3cccc(NC(=O)Nc4cccc(-c5cccc(F)c5F)c4)c3)c2)nc2ccccc21,-9.914457831325302,3.216920496534968,41_1849
O=C(Nc1cccc(-c2cccc3ccccc23)c1)c1ccc(-c2cccc(-c3cccc(-c4ccccc4F)c3)c2)cc1,-8.9,2.9319615900351637,41_1850
O=C(Nc1cccc(-c2cccc(-c3nc4ccccc4[nH]3)c2)c1)Nc1cccc(-c2cccc(F)c2F)c1,-9.932142857142859,3.218592063451191,41_1851
O=C(Nc1cccc(-c2cccc(-c3nc4ccccc4[nH]3)c2)c1)Nc1cccc(-c2cccc(F)c2F)c1,-9.932142857142859,3.218592063451191,41_1852
O=C(Nc1cccc(-c2cccc(-c3ccccc3)c2)c1)c1cccc(-c2cccc(-c3ccccc3F)c2)c1,-8.7,3.034399838423724,41_1853
O=C(Nc1cccc(-c2cccc(-c3nc4ccccc4[nH]3)c2)c1)Nc1cccc(-c2cccc(F)c2F)c1,-9.932142857142859,3.218592063451191,41_1854
O=C(Nc1cccc(-c2cccc(-c3cccc(C(F)(F)F)c3)c2)c1)Nc1cccc(-c2cccc(F)c2F)c1,-9.398837209302327,2.963519940967514,41_1855
O=C(Nc1cccc(-c2cccc(-c3cccc(-c4cccc(F)c4)c3)c2)c1)c1ccccc1,-9.193103448275863,3.188129789925851,41_1856
O=C(c1cccc(-c2cccc(-c3cccc(-c4ccccc4F)c3)c2)c1)N1CCNCC1,-9.361111111111112,3.508189933556279,41_1857
O=C(Nc1cccc(-c2cccc(-c3cccc(C(F)(F)F)c3)c2)c1)Nc1cccc(-c2cccc(F)c2F)c1,-9.398837209302327,2.963519940967514,41_1858
C=C(C=CC=CC(=C)C=CC=CC(=O)Nc1ccccc1F)C=CC=CC(=C)c1cccc(-c2nc3ccccc3[nH]2)c1,-7.6,2.9712525432197405,41_1859
Cn1c(-c2cccc(-c3cccc(NC(=O)Nc4cccc(-c5cccc(F)c5F)c4)c3)c2)nc2ccccc21,-9.914457831325302,3.216920496534968,41_1860
O=C(c1cccc(-c2cccc(-c3cccc4ccccc34)c2)c1)N1CCN(c2cccc(C(F)(F)F)c2)CC1,-9.459999999999999,3.155724006991007,41_1861
O=c1c2ccccc2nc(-c2cccc(-c3cccc(-c4ccccc4F)c3)c2)n1-c1cccc(C(F)(F)F)c1,-8.3,3.1082108293384136,41_1862
O=C(Nc1cccc(-c2cccc(-c3cccc(C(F)(F)F)c3)c2)c1)Nc1cccc(-c2cccc(F)c2F)c1,-9.398837209302327,2.963519940967514,41_1863
O=C(Nc1cccc(-c2cccc(-c3nc4cc(F)ccc4[nH]3)c2)c1)Nc1cccc(-c2cccc(F)c2F)c1,-9.655223880597013,3.1875244530828533,41_1864
Cn1c(-c2cccc(-c3cccc(NC(=O)Nc4cccc(-c5cc6ccccc6[nH]5)c4)c3)c2)nc2ccccc21,-10.6,3.088900029637987,41_1865
O=C(c1cccc(-c2cccc(-c3cccc(-c4ccccc4F)c3)c2)c1)N1CCNCC1,-9.361111111111112,3.508189933556279,41_1866
O=C(Nc1cccc(-c2cccc(-c3cccc(F)c3)c2)c1)c1cccc(-c2cccc(-c3cccc(C(F)(F)F)c3)c2)c1,-7.8,2.8449507838819423,41_1867
O=C(c1ccccc1)N1CCN(C(=O)c2cccc(-c3cccc(-c4ccc5c(c4)OCO5)c3)c2)CC1,-9.3,3.4829563454567842,41_1868
O=[N+]([O-])c1cccc(-c2nnc3ccc(-c4cccc5ccccc45)cn23)c1,-9.1,3.451457733794753,41_1869
O=C(Nc1cccc(-c2cccc(-c3cccc(-c4ccccc4F)c3)c2)c1)c1ccccc1,-9.212307692307691,3.188129789925851,41_1870
O=C(c1cccc(-c2cccc(-c3nc4cc(F)ccc4[nH]3)c2)c1)N1CCNCC1,-8.565000000000001,3.6450984636569372,41_1871
O=c1c(C=CCCc2cccc(-c3cccc(-c4cccc(-c5ccccc5F)c4)c3)c2)c1N1CCNCC1,-7.6,3.2592080557112495,41_1872
O=C(O)c1cccc(-c2cccc(-c3cccc(-c4cccc(C(F)(F)F)c4)c3)c2)c1,-8.5,3.3291461812302314,41_1873
O=C(c1ccccc1)c1ccccc1/C=C/[C@@H]1C2[CH]CNC[C@H](C2)N1CCc1cccc(-c2cccc(-c3cccc(-c4nn[nH]n4)c3)c2)c1,-8.4,2.006863854124698,41_1874
O=C(c1cccc(-c2cccc(-c3nc4ccccc4[nH]3)c2)c1)N1CCN(c2ccccc2)CC1,-8.72857142857143,3.469314490794095,41_1875
O=C(c1cccc(-c2cccc(-c3cccc(C(F)(F)F)c3)c2)c1)N1CCNCC1,-8.489999999999998,3.642566566269835,41_1876
O=C(Nc1cncc(-c2cccc(-c3cccc(-c4ccccc4F)c3)c2)c1)Nc1cccc(-c2cccc(F)c2F)c1,-10.6,3.159519090190756,41_1877
O=C(Nc1cccc(-c2cccc(-c3nc4ccccc4[nH]3)c2)c1)Nc1cccc(-c2cccc(F)c2F)c1,-9.932142857142859,3.218592063451191,41_1878
O=C(Nc1cccc(-c2cccc(-c3cccc(C(F)(F)F)c3)c2)c1)Nc1cccc(-c2cccc(F)c2F)c1,-9.398837209302327,2.963519940967514,41_1879
O=C(O)C1C=CN=C(n2cnc(-c3cccc(-c4cccc(-c5ccc6c(c5)OCO6)c4)c3)c2)C=C1,-8.5,2.5496896440231884,41_1880
O=C(Nc1cccc(-c2cccc(-c3nc4ccccc4[nH]3)c2)c1)Nc1cccc(-c2cccc(F)c2F)c1,-9.932142857142859,3.218592063451191,41_1881
O=C(Nc1cccc(-c2cccc(-c3ccc4c(c3)OCO4)c2)c1)Nc1cccc(-c2cccc3ccccc23)c1,-9.4,3.1251033336416434,41_1882
O=C(c1cccc(-c2cccc(-c3cccc(C(=O)N4CCOCC4)c3)c2)c1)N1CCNCC1,-8.824324324324325,3.649506152725788,41_1883
O=C(Nc1cccc(-c2cccc(-c3nc4cc(F)ccc4[nH]3)c2)c1)Nc1cccc(-c2cccc(F)c2F)c1,-9.655223880597013,3.1875244530828533,41_1884
O=C(c1cccc(-c2cccc(C(=O)N3CCN(c4cccc(C(F)(F)F)c4)CC3)c2)c1)N1CCOCC1,-8.75,3.5675074243249583,41_1885
O=c1c2ccccc2nc(/C=C/c2cccc(Cl)c2Cl)n1-c1cccc(-c2cccc(-c3cccc(-c4nn[nH]n4)c3)c2)c1,-8.8,3.2995864275172373,41_1886
O=C(Nc1cccc(-c2cccc(-c3cccc(-c4cccc(-c5nn[nH]n5)c4)c3)c2)c1)Nc1cccc(-c2cccc(F)c2F)c1,-10.1,3.0745566768795927,41_1887
O=C(Nc1cccc2ccccc12)c1cccc(-c2cccc(-c3cccc(-c4cccc(-c5ccccc5F)c4)c3)c2)c1,-9.55,2.9319615900351637,41_1888
O=C(Nc1cccc(-c2cccc(-c3cccc(C(F)(F)F)c3)c2)c1)Nc1cccc(-c2cccc(F)c2F)c1,-9.398837209302327,2.963519940967514,41_1889
O=C(Nc1cccc(-c2cccc(-c3cccc(-c4cccc(F)c4)c3)c2)c1)Nc1cccc(-c2cccc(F)c2F)c1,-9.478125,2.9869508389213753,41_1890
O=C(c1cccc(-c2cccc(-c3ccc4c(c3)OCCO4)c2F)c1)N1CCNCC1,-8.669565217391305,3.6553838184373157,41_1891
C=C(C=CC=CC(=C)c1cccc(-c2nc3ccccc3[nH]2)c1)C=CC=CC(=O)N1CCNCC1,-7.168749999999999,3.469586304146949,41_1892
O=C(Nc1cccc(-c2cccc(-c3cccc(-c4ccccc4F)c3)c2)c1)c1ccccc1,-9.212307692307691,3.188129789925851,41_1893
O=C(c1cccc(-c2cccc(-c3ccc4c(c3)OCO4)c2)c1)N1CCN(c2cccc(C(F)(F)F)c2)CC1,-8.885714285714286,3.4068437186879326,41_1894
O=C(c1cccc(-c2cccc(-c3cccc(-c4ccccc4F)c3)c2)c1)N1CCNCC1,-9.361111111111112,3.508189933556279,41_1895
N#Cc1cccnc1-c1cccc(C2=CC(=CC(=O)NCC3CCC(C(=O)NCCc4ccccc4)CC3)C=C2)c1,-7.8,3.3381265861426126,41_1897
Cn1c(-c2cccc(-c3cccc(NC(=O)Nc4cccc(-c5cccc(F)c5F)c4)c3)c2)nc2ccccc21,-9.914457831325302,3.216920496534968,41_1898
Cn1c(-c2cccc(-c3cccc(-c4cccc(C(=O)N5CCNCC5)c4)c3)c2)nc2ccccc21,-9.312000000000001,3.480167691596529,41_1899
O=C(c1cccc(-c2cccc(-c3cccc(-c4ccccc4F)c3)c2)c1)N1CCNCC1,-9.361111111111112,3.508189933556279,41_1900
Oc1cc2cc(-c3cccc(-c4cccc(-c5ccccc5F)c4)c3)ccc2[nH]1,-9.5,3.236198144254658,41_1901
O=C(Nc1cccc(F)c1)c1cccc(-c2cccc(-c3cccc(-c4cccc(-c5ccccc5F)c4)c3)c2)c1,-8.3,3.0300865589362544,41_1902
O=C(Nc1ccc2c(c1)CCC(c1ccccc1)O2)c1cccc(-c2cccc(-c3cccc(-c4cccc(-c5nn[nH]n5)c4)c3)c2)c1,-9.2,3.113162998562766,41_1903
Cn1c(-c2cccc(-c3cccc(NC(=O)Nc4cccc(-c5ccccc5C#N)c4)c3)c2)nc2ccccc21,-7.9,3.2224979905418394,41_1904
O=C(Nc1cccc(-c2cc3ccccc3[nH]2)c1)c1cccc(-c2cccc(-c3cccc(-c4ccccc4F)c3)c2)c1,-8.7,2.979959038662558,41_1905
Cn1c(-c2cccc(-c3cccc(-c4cccc(C(=O)N5CCNCC5)c4)c3)c2)nc2ccccc21,-9.312000000000001,3.480167691596529,41_1906
O=C(Nc1cccc(-c2cccc(-c3cccc(C(F)(F)F)c3)c2)c1)Nc1cccc(-c2cccc(F)c2F)c1,-9.398837209302327,2.963519940967514,41_1907
O=C(Oc1cccc(-c2cccc(-c3cccc(C(=O)N4CCOCC4)c3)c2)c1)c1ccccc1,-8.7,3.451317620237857,41_1908
O=C(Nc1cccc(-c2cccc(C(F)(F)F)c2)c1)Nc1cccc(-c2cccc(-c3nc4cc(F)ccc4[nH]3)c2F)c1,-10.1,2.952360022273887,41_1909
C=C1C=CC=CC(=O)Nc2cccc(-c3cccc(-c4cccc(-c5cccc(-c6nc7ccccc7n6C)c5)c4)c3)c21,-9.9,0.8683431690297763,41_1910
O=C(Nc1nc(-c2ccccc2)nc2c1nnn2Cc1ccccc1)c1cccc(-c2cccc(-c3cccc(-c4ccccc4F)c3)c2)c1,-8.3,3.022912084499249,41_1911
N#Cc1cccnc1-c1cccc(-c2cccc(NC(=O)Nc3cccc(-c4cccc(F)c4F)c3)c2)c1,-8.955555555555556,3.3763915698637668,41_1912
O=C(Nc1cccc(-c2cccc(-c3nc4cc(F)ccc4[nH]3)c2)c1)Nc1cccc(-c2cccc(F)c2F)c1,-9.655223880597013,3.1875244530828533,41_1913
O=C(c1cccc(-c2cccc(-c3cccc(-c4cccc(F)c4)c3)c2)c1)N1CCNCC1,-9.331372549019608,3.508189933556279,41_1914
O=C(Nc1cccc(-c2cccc(-c3nc4ccccc4[nH]3)c2)c1)Nc1cccc(-c2cccc(F)c2F)c1,-9.932142857142859,3.218592063451191,41_1915
Cn1c(-c2cccc(-c3cccc(NC(=O)Nc4cccc(-c5cccc(-c6nn[nH]n6)c5)c4)c3)c2)nc2ccccc21,-9.9,3.139570701813599,41_1916
Cn1c(-c2cccc(-c3cccc(NC(=O)Nc4cccc(-c5cccc(C(=O)N6CCOCC6)c5)c4)c3)c2)nc2ccccc21,-9.495348837209304,3.2756851861708367,41_1917
O=C(Nc1cccc(-c2cccc(-c3cccc(-c4ccccc4F)c3)c2)c1)Nc1cccc(-c2cccc(F)c2F)c1,-9.537499999999998,2.9869508389213753,41_1918
CN(C)c1cccc(NC(=O)Nc2cccc(-c3cccc(-c4nc5ccccc5[nH]4)c3)c2)c1,-9.7,3.374837528782861,41_1919
O=C(c1cccc(-c2cccc(-c3cccc4ccccc34)c2)c1)N1CCN(C(=O)c2cccc(-c3ccccc3F)c2)CC1,-8.9,3.11487138201202,41_1920
O=C(c1cccc(-c2cccc(-c3nc4ccccc4[nH]3)c2)c1)N1CCN(c2cccc3ccccc23)CC1,-9.25,3.3667479500115878,41_1921
O=C(Nc1cccc(-c2cccc(F)c2F)c1)Nc1cccc(-c2cccc(-c3nc4cc(F)ccc4[nH]3)c2F)c1,-10.003921568627451,3.128615257744718,41_1922
O=C(Nc1cccc(-c2cccc(-c3nc4cc(F)ccc4[nH]3)c2)c1)Nc1cccc(-c2cccc(F)c2F)c1,-9.655223880597013,3.1875244530828533,41_1923
O=C(Cc1ccccc1)Nc1ccccc1-c1cccc(-c2cccc(-c3cccc(-c4nc5cc(F)ccc5[nH]4)c3F)c2)c1,-9.1,3.0128727842967313,41_1924
O=C(c1cccc(-c2cccc(-c3ccc4c(c3)OCCO4)c2F)c1)N1CCNCC1,-8.669565217391305,3.6553838184373157,41_1925
O=C(c1cccc(-c2cccc(-c3cccc(-c4nn[nH]n4)c3)c2)c1)N1CCNCC1,-8.931818181818182,3.6709921779215158,41_1926
O=C(c1cccc(-c2cccc(-c3ccc4c(c3)OCCO4)c2Cl)c1)N1CCNCC1,-8.183333333333332,3.649925043798632,41_1927
O=C(c1cccc(-c2cccc(-c3cccc4ccccc34)c2)c1)N1CCN(S(=O)(=O)c2ccc(F)cc2)CC1,-9.1,3.3424023558779874,41_1928
O=C(c1cccc(-c2cccc(C(=O)N3CCN(c4ncccc4C(F)(F)F)CC3)c2)c1)N1CCOCC1,-8.399999999999999,3.565339928233987,41_1929
O=C(Nc1cccc(-c2cccc(-c3cccc(C(=O)N4CCOCC4)c3)c2)c1)Nc1cccc(-c2cccc(F)c2F)c1,-9.424324324324322,3.254566509495188,41_1930
O=C(Nc1cccc(-c2cccc(-c3cccc(-c4cccc(-c5ccccc5F)c4)c3)c2)c1)Nc1cccc(-c2cccc(F)c2F)c1,-9.1,2.9247831587724757,41_1931
O=C(O)C1CCCCC1C(=O)Nc1cccc(-c2cccc(-c3nc4cc(F)ccc4[nH]3)c2)c1,-8.4,3.510438050530942,41_1932
C=C(C=CC=CC(=C)c1cccc(-c2nc3ccccc3[nH]2)c1)C=CC=CS(=O)(=O)N1CCNCC1,-6.8,3.5397690060530866,41_1933
O=C(CN1C(=O)c2cccc3cccc(c23)C1=O)Nc1cccc(-c2cccc(-c3cccc(-c4nc5cc(F)ccc5[nH]4)c3F)c2)c1,-9.7,3.0649761719754327,41_1934
O=C(Nc1cccc(-c2cccc(F)c2F)c1)Nc1cccc(-c2cccc(-c3nc4cc(F)ccc4[nH]3)c2F)c1,-10.003921568627451,3.128615257744718,41_1935
Oc1cccc(-c2cc(-c3cccc(F)c3)c3oc4ccc(F)cc4c3n2)c1,-9.25,3.4766283667268425,41_1936
O=C(c1cccc(-c2cccc(-c3ccc4c(c3)OCO4)c2)c1)N1CCN(C(=O)c2ccc(F)cc2F)CC1,-9.0,3.4645763407894306,41_1937
O=C(c1cccc(-c2cccc(C(=O)N3CCN(c4ccccc4C(F)(F)F)CC3)c2)c1)N1CCOCC1,-8.52222222222222,3.5675074243249583,41_1938
O=C(c1cccc(-c2cccc(-c3nc4cc(F)ccc4[nH]3)c2)c1)N1CCNCC1,-8.565000000000001,3.6450984636569372,41_1939
O=C(Nc1cccc(-c2cccc(-c3cccc(-c4cccc(F)c4)c3)c2)c1)c1ccccc1,-9.193103448275863,3.188129789925851,41_1940
O=C(Nc1cccc(-c2cccc(-c3nc4cc(F)ccc4[nH]3)c2)c1)Nc1cccc(-c2cccc(F)c2F)c1,-9.655223880597013,3.1875244530828533,41_1941
O=C(Nc1cccc(-c2cccc(-c3cccc(F)c3)c2)c1)Nc1cccc(-c2cccc(F)c2F)c1,-9.72,3.1787533639972665,41_1942
COc1ccc(-n2c(-c3cccc([N+](=O)[O-])c3)nc3ccccc3c2=NC(C)=O)cc1,-7.1,3.5226024676410845,41_1943
O=C(Nc1cccc(-c2cccc(-c3cccc(-c4nn[nH]n4)c3)c2)c1)Nc1cccc(-c2cccc(F)c2F)c1,-9.7375,3.286971097546113,41_1944
O=C(Nc1cccc(-c2cccc(F)c2F)c1)Nc1cccc(-c2cccc(-c3nc4cc(F)ccc4[nH]3)c2F)c1,-10.003921568627451,3.128615257744718,41_1945
O=C(Nc1ccccc1C(=O)O)c1cccc(-c2cccc(-c3cccc(C(=O)N4CCOCC4)c3)c2)c1,-8.5,3.5454845658466487,41_1946
N#Cc1cccnc1-c1cccc(-c2cccc(NC(=O)c3cccc(-c4cccc(-c5cccc(-c6ccccc6F)c5)c4)c3)c2)c1,-8.55,3.052997074360447,41_1947
O=C(Nc1cccc(-c2cccc(-c3nc4cc(F)ccc4[nH]3)c2)c1)Nc1cccc(-c2cccc(F)c2F)c1,-9.655223880597013,3.1875244530828533,41_1948
O=C1c2ccccc2C(=O)c2c1nc(-c1cccc(-c3cccc(-c4cccc(F)c4)c3)c1)n2-c1cccc(-c2cccc(F)c2F)c1,-9.9,3.126142138215071,41_1949
O=C(Nc1cccc(-c2cccc(-c3nc4cc(F)ccc4[nH]3)c2)c1)Nc1cccc(-c2cccc(F)c2F)c1,-9.655223880597013,3.1875244530828533,41_1950
O=C(Nc1cccc(-c2cccc(-c3nc4ccccc4[nH]3)c2)c1)Nc1cccc(-c2cccc(F)c2F)c1,-9.932142857142859,3.218592063451191,41_1951
O=C(c1cccc(-c2cccc(-c3cccc(F)c3)c2)c1)N1CCN(c2cccc(C(F)(F)F)c2)CC1,-8.672727272727272,3.323511212462599,41_1952
O=C(c1cccc(-c2cccc(-c3cccc4ccccc34)c2)c1)N1CCN(C(=O)c2cccc3ccccc23)CC1,-9.542857142857143,3.1497144483216615,41_1953
O=C(Nc1cccc(-c2cccc(-c3cccc(-c4cccc(F)c4)c3)c2)c1)Nc1cccc(-c2cccc(F)c2F)c1,-9.478125,2.9869508389213753,41_1954
N#Cc1cccnc1-c1cccc(-c2cccc(NC(=O)c3cccc(-c4cccc(-c5cccc(-c6ccccc6F)c5)c4)c3)c2)c1,-8.55,3.052997074360447,41_1955
Cn1c(-c2cccc(-c3cccc(NC(=O)Nc4cccc(-c5cccc(F)c5F)c4)c3)c2)nc2ccccc21,-9.914457831325302,3.216920496534968,41_1956
O=C(Nc1cccc(-c2cccc(-c3cccc(C(F)(F)F)c3)c2)c1)Nc1cccc(-c2cccc(F)c2F)c1,-9.398837209302327,2.963519940967514,41_1957
O=C(Nc1cccc(-c2ccnc(N3CCCC3)c2)c1)c1cccc(-c2cccc(-c3cccc(-c4ccccc4F)c3)c2)c1,-9.3,3.1241185728241745,41_1958
O=C(c1cccc(-c2cccc(-c3cccc(-c4ccccc4F)c3)c2)c1)N1CCNCC1,-9.361111111111112,3.508189933556279,41_1959
O=c1nc(-c2cccc(-c3cccc(-c4ccccc4)c3)c2)ccn1-c1cccc(-c2cccc(-c3cccc(-c4ccccc4F)c3)c2)c1,-7.2,2.9110666932710942,41_1960
O=C(Nc1cccc(-c2cccc(-c3cccc(-c4nn[nH]n4)c3)c2)c1)Nc1cccc(-c2cccc(F)c2F)c1,-9.7375,3.286971097546113,41_1961
O=C(Nc1cccc(-c2cccc(-c3cccc(-c4nn[nH]n4)c3)c2)c1)Nc1cccc(-c2cccc(F)c2F)c1,-9.7375,3.286971097546113,41_1962
O=C(Nc1cccc(-c2cccc(-c3nc4cc(F)ccc4[nH]3)c2)c1)Nc1cccc(-c2cccc(F)c2F)c1,-9.655223880597013,3.1875244530828533,41_1963
O=C(Nc1cccc(-c2cccc(-c3cccc(-c4ccccc4F)c3)c2)c1)c1ccccc1,-9.212307692307691,3.188129789925851,41_1964
O=C(Nc1cccc(-c2cccc(-c3cccc(C(F)(F)F)c3)c2)c1)Nc1cccc(-c2cccc(F)c2F)c1,-9.398837209302327,2.963519940967514,41_1965
O=C(NCc1ccccc1)c1cccc(-c2cccc(-c3cccc(-c4ccccc4F)c3)c2)c1,-8.8,3.1002440916004135,41_1966
O=C(c1cccc(-c2cccc(-c3cccc4ccccc34)c2)c1)N1CCN(C(=O)c2cccc(F)c2F)CC1,-9.671428571428569,3.2507959847575894,41_1967
O=C(c1cccc(-c2cccc(-c3cccc(F)c3)c2)c1)N1CCN(C(=O)c2cccc(F)c2F)CC1,-9.666666666666666,3.461450654381414,41_1968
O=C(c1cccc(-c2cccc(-c3cccc(-c4ccccc4F)c3)c2)c1)N1CCNCC1,-9.361111111111112,3.508189933556279,41_1969
O=C(Nc1cccc(-c2cccc(-c3nc4cc(F)ccc4[nH]3)c2)c1)Nc1cccc(-c2cccc(F)c2F)c1,-9.655223880597013,3.1875244530828533,41_1970
O=C(Nc1cccc(-c2cccc(-c3cccc(C(F)(F)F)c3)c2)c1)Nc1cccc(-c2cccc(F)c2F)c1,-9.398837209302327,2.963519940967514,41_1971
O=C(Oc1cccc(-c2cccc(C(=O)N3CCOCC3)c2)c1)c1cccc(-c2cccc(-c3cccc(-c4ccccc4F)c3)c2)c1,-8.7,3.001698501875512,41_1972
O=C(c1cccc(-c2cccc(-c3cccc(-c4ccccc4F)c3)c2)c1)N1CCNCC1,-9.361111111111112,3.508189933556279,41_1973
O=C(Nc1cccc(-c2cccc(-c3cccc(-c4nn[nH]n4)c3)c2)c1)Nc1cccc(-c2cccc(F)c2F)c1,-9.7375,3.286971097546113,41_1974
O=C(Nc1cccc(-c2cccc(-c3nc4ccccc4[nH]3)c2)c1)Nc1cccc(-c2cccc(F)c2F)c1,-9.932142857142859,3.218592063451191,41_1975
O=C(c1cccc(-c2cccc(-c3cccc(-c4ccccc4F)c3)c2)c1)N1CCNCC1,-9.361111111111112,3.508189933556279,41_1976
OC1CCN(c2cc(-c3cccc(-c4cccc(-c5cccc(F)c5)c4)c3)ccn2)CC1,-9.1,3.5735944810733598,41_1977
O=C(Nc1cccc(-c2cccc3ccccc23)c1)c1cccc(-c2cccc(-c3cccc(-c4cccc(C(=O)N5CCOCC5)c4)c3)c2)c1,-9.3,3.0387111962062834,41_1978
N#Cc1cccnc1-c1cccc(C2=CC(=CC3=CC(C=NC(=O)c4ccccc4)=CC3)C=C2)c1,-7.375,3.3087077373371945,41_1979
O=S(=O)(Nc1cccc(-c2ccc3c(c2)OCO3)c1)c1cccc(-c2cccc(-c3ccc4c(c3)OCO4)c2)c1,-8.95,3.291231178461689,41_1980
Cn1c(-c2cccc(-c3cccc(NC(=O)Nc4cccc(-c5cccc(C(=O)N6CCOCC6)c5)c4)c3)c2)nc2ccccc21,-9.495348837209304,3.2756851861708367,41_1981
O=C(c1cccc(-c2cccc(-c3cccc(-c4nn[nH]n4)c3)c2)c1)N1CCNCC1,-8.931818181818182,3.6709921779215158,41_1982
O=C(Nc1cccc(-c2cccc(-c3cccc(C(F)(F)F)c3)c2)c1)Nc1cccc(-c2cccc(F)c2F)c1,-9.398837209302327,2.963519940967514,41_1983
O=C(Nc1cccc(-c2cccc(-c3cccc(C(F)(F)F)c3)c2)c1)Nc1cccc(-c2cccc(F)c2F)c1,-9.398837209302327,2.963519940967514,41_1984
N=CN=C(CC(=N)c1cccc(-c2cccc3ccccc23)c1)c1ccccc1F,-7.6,3.3093745450546237,41_1985
O=C(c1cccc(-c2cccc(-c3cccc(-c4cccc(F)c4)c3)c2)c1)N1CCNCC1,-9.331372549019608,3.508189933556279,41_1986
Cn1c(-c2cccc(-c3cccc(NC(=O)Nc4cccc(-c5cccc(C(=O)N6CCOCC6)c5)c4)c3)c2)nc2ccccc21,-9.495348837209304,3.2756851861708367,41_1987
O=C(Nc1cccc(-c2cccc(-c3nc4ccccc4[nH]3)c2)c1)Nc1cccc(-c2cccc(F)c2F)c1,-9.932142857142859,3.218592063451191,41_1988
O=C(NCc1ccccc1)c1cncc(-c2cccc(-c3cccc(-c4cccc(-c5nn[nH]n5)c4)c3)c2)c1,-9.7,3.306582624258781,41_1989
O=C(Nc1cccc(-c2cccc(-c3nc4cc(F)ccc4[nH]3)c2)c1)Nc1cccc(-c2cccc(F)c2F)c1,-9.655223880597013,3.1875244530828533,41_1990
N#Cc1cccnc1-c1cccc(C2=CC(=CC3=CC(C=NC(=O)c4ccccc4)=CC3)C=C2)c1,-7.375,3.3087077373371945,41_1991
O=C(Nc1cccc(-c2cccc(-c3cccc(C(F)(F)F)c3)c2)c1)Nc1cccc(-c2cccc(F)c2F)c1,-9.398837209302327,2.963519940967514,41_1992
Cn1c(-c2cccc(-c3cccc(NC(=O)Nc4cccc(-c5cccc(-c6ccccc6F)c5)c4)c3)c2)nc2ccccc21,-9.950000000000001,3.0539916384657317,41_1993
O=C(c1cccc(-c2cccc(-c3nc4ccccc4[nH]3)c2)c1)N1CCN(c2ccccc2F)CC1,-8.925,3.4648144352837686,41_1994
O=C(Nc1cccc(-c2cccc(-c3nc4ccccc4[nH]3)c2)c1)Nc1cccc(-c2cccc(F)c2F)c1,-9.932142857142859,3.218592063451191,41_1995
O=C(Nc1cccc(-c2cccc(-c3cccc(-c4cccc(F)c4)c3)c2)c1)c1ccccc1,-9.193103448275863,3.188129789925851,41_1996
O=C(Nc1cccc(-c2cccc(-c3nc4cc(F)ccc4[nH]3)c2)c1)Nc1cccc(-c2cccc(F)c2F)c1,-9.655223880597013,3.1875244530828533,41_1997
O=C(c1cccc(-c2cccc(-c3cccc(C(=O)N4CCOCC4)c3)c2)c1)N1CCNCC1,-8.824324324324325,3.649506152725788,41_1998
C=C(C=CC=CC(=C)c1cccc(-c2nc3ccccc3[nH]2)c1)C=CC=CC(=O)N1CCNCC1,-7.168749999999999,3.469586304146949,41_1999
