smiles,docking,drug_likeliness,names
O=C(Nc1cccc(-c2cccc(-c3nc4cc(F)ccc4[nH]3)c2)c1)Nc1cccc(-c2cccc(F)c2F)c1,-9.678827361563519,3.1875244530828533,45_0
O=C(c1cccc(-c2cccc(-c3cccc(-c4ccccc4F)c3)c2)c1)N1CCNCC1,-9.351724137931035,3.508189933556279,45_1
O=C(Nc1cccc(-c2cccc(-c3cccc(C(F)(F)F)c3)c2)c1)Nc1cccc(-c2cccc(F)c2F)c1,-9.565853658536586,2.963519940967514,45_2
O=C(Nc1cccc(-c2cccc(-c3cccc(-c4ccccc4F)c3)c2)c1)N1CCNCC1,-9.369655172413793,3.470002651546907,45_3
Cn1c(-c2cccc(-c3cccc(NC(=O)Nc4cccc(-c5cccc(F)c5F)c4)c3)c2)nc2ccccc21,-9.926285714285713,3.216920496534968,45_4
O=C(Nc1cccc(-c2cccc(-c3cccc(C(F)(F)F)c3)c2)c1)Nc1cccc(-c2cccc(F)c2F)c1,-9.565853658536586,2.963519940967514,45_5
O=C(Nc1cccc(-c2cccc(-c3cccc(-c4nn[nH]n4)c3)c2)c1)Nc1cccc(-c2cccc(F)c2F)c1,-9.63,3.286971097546113,45_6
O=C(c1cccc(-c2cccc(-c3nc4cc(F)ccc4[nH]3)c2)c1)N1CCNCC1,-8.6125,3.6450984636569372,45_7
Cn1c(-c2cccc(-c3cccc(NC(=O)Nc4cccc(-c5cccc(F)c5F)c4)c3)c2)nc2ccccc21,-9.926285714285713,3.216920496534968,45_8
O=C(Nc1cccc(-c2cccc(-c3nc4ccccc4[nH]3)c2)c1)Nc1cccc(-c2cccc(F)c2F)c1,-9.896536796536797,3.218592063451191,45_9
O=C(Nc1cccc(-c2cccc(-c3nc4ccccc4[nH]3)c2)c1)Nc1cccc(-c2cccc(F)c2F)c1,-9.896536796536797,3.218592063451191,45_10
O=C(Nc1cccc(-c2cccc(F)c2F)c1)Nc1cccc(-c2cccc(-c3nc4cc(F)ccc4[nH]3)c2F)c1,-10.01505376344086,3.128615257744718,45_11
O=C(Nc1cccc(-c2cccc(-c3nc4cc(F)ccc4[nH]3)c2)c1)Nc1cccc(-c2cccc(F)c2F)c1,-9.678827361563519,3.1875244530828533,45_12
O=C(Nc1cccc(-c2cccc(-c3nc4cc(F)ccc4[nH]3)c2)c1)Nc1cccc(-c2cccc(F)c2F)c1,-9.678827361563519,3.1875244530828533,45_13
O=C(Nc1cccc(-c2cccc(-c3cccc(-c4nc5ccccc5[nH]4)c3)c2)c1)N1CCNCC1,-9.297435897435896,3.368308336165232,45_14
O=C(Nc1cccc(-c2cccc(-c3nc4cc(F)ccc4[nH]3)c2)c1)Nc1cccc(-c2cccc(F)c2F)c1,-9.678827361563519,3.1875244530828533,45_15
O=C(Nc1cccc(-c2cccc(-c3cccc(C(=O)N4CCOCC4)c3)c2)c1)N1CCNCC1,-8.972727272727273,3.6199094052700564,45_16
O=C(Nc1cccc(-c2cccc(-c3cccc(C(F)(F)F)c3)c2)c1)Nc1cccc(-c2cccc(F)c2F)c1,-9.565853658536586,2.963519940967514,45_17
O=C(Nc1cccc(-c2cccc(C(=O)N3CCOCC3)c2)c1)Nc1cccc(-c2cccc(-c3ccc4c(c3)OCO4)c2)c1,-10.040000000000001,3.203574602452801,45_18
O=C(Nc1cccc(-c2cccc(-c3nc4ccccc4[nH]3)c2)c1)Nc1cccc(-c2cccc(F)c2F)c1,-9.896536796536797,3.218592063451191,45_19
O=C1N=C(C=CCCc2cccc(-c3cccc(-c4cccc(C(=O)N5CCOCC5)c4)c3)c2)C1N1CCCC1,-8.5,3.3203818654274198,45_20
O=C(Nc1cccc(-c2cccc(F)c2F)c1)Nc1cccc(-c2cccc(-c3nc4cc(F)ccc4[nH]3)c2F)c1,-10.01505376344086,3.128615257744718,45_21
O=C(Nc1cccc(-c2cccc(-c3cccc(-c4ccccc4F)c3)c2)c1)N1CCNCC1,-9.369655172413793,3.470002651546907,45_22
O=C(Nc1cccc(-c2cccc(-c3nc4cc(F)ccc4[nH]3)c2)c1)Nc1cccc(-c2cccc(F)c2F)c1,-9.678827361563519,3.1875244530828533,45_23
Cn1c(-c2cccc(-c3cccc(NC(=O)Nc4cccc(-c5cccc(C(F)(F)F)c5)c4)c3)c2)nc2ccccc21,-9.0,3.240177718187831,45_24
Cn1c(-c2cccc(-c3cccc(NC(=O)Nc4cccc(-c5cccc(C(=O)N6CCOCC6)c5)c4)c3)c2)nc2ccccc21,-9.516129032258064,3.2756851861708367,45_25
O=C(Nc1cccc(-c2cccc(-c3cccc(-c4ccccc4F)c3)c2)c1)N1CCNCC1,-9.369655172413793,3.470002651546907,45_26
O=C(Nc1cccc(-c2cccc(-c3cccc(-c4nc5ccccc5[nH]4)c3)c2)c1)N1CCNCC1,-9.297435897435896,3.368308336165232,45_27
Cn1c(-c2cccc(-c3cccc(NC(=O)Nc4cccc(-c5cccc(F)c5F)c4)c3)c2)nc2ccccc21,-9.926285714285713,3.216920496534968,45_28
O=C(Nc1cccc(-c2cccc(-c3nc4ccccc4[nH]3)c2)c1)Nc1cccc(-c2cccc(F)c2F)c1,-9.896536796536797,3.218592063451191,45_29
O=C(Nc1cccc(-c2cccc(-c3nc4ccccc4[nH]3)c2)c1)Nc1cccc(-c2cccc(F)c2F)c1,-9.896536796536797,3.218592063451191,45_30
O=C(Nc1cccc(-c2cccc(-c3cccc(-c4nn[nH]n4)c3)c2)c1)Nc1cccc(-c2cccc(F)c2F)c1,-9.63,3.286971097546113,45_31
O=C(Nc1cccc(-c2cccc(-c3nc4cc(F)ccc4[nH]3)c2)c1)Nc1cccc(-c2cccc(F)c2F)c1,-9.678827361563519,3.1875244530828533,45_32
O=C(Nc1cccc(-c2cccc(-c3cccc(-c4ccccc4F)c3)c2)c1)N1CCNCC1,-9.369655172413793,3.470002651546907,45_33
Cn1c(-c2cccc(-c3cccc(NC(=O)Nc4cccc(-c5cccc(F)c5F)c4)c3)c2)nc2ccccc21,-9.926285714285713,3.216920496534968,45_34
O=C(Nc1cccc(-c2cccc(-c3nc4ccccc4[nH]3)c2)c1)Nc1cccc(-c2cccc(F)c2F)c1,-9.896536796536797,3.218592063451191,45_35
O=C(c1cccc(-c2cccc(-c3cccc4ccccc34)c2)c1)N1CCN(C(=O)c2cccc3ccccc23)CC1,-9.74,3.1497144483216615,45_36
O=C(Nc1cccc(-c2cccc(-c3nc(=O)o[nH]3)c2)c1)Nc1cccc(-c2cccc(-c3ccc4c(c3)OCCO4)c2F)c1,-10.6,3.1720123313098747,45_37
O=C(c1cccc(-c2cccc(C(=O)N3CCN(c4ccccc4C(F)(F)F)CC3)c2)c1)N1CCOCC1,-7.8,3.5675074243249583,45_38
Cn1c(-c2cccc(-c3cccc(NC(=O)Nc4cccc(-c5cccc(-c6ncccc6C#N)c5)c4)c3)c2)nc2ccccc21,-9.166666666666666,3.0906607506690618,45_39
O=C(Nc1cccc(-c2cccc(F)c2F)c1)Nc1cccc(-c2cccc(-c3nc4cc(F)ccc4[nH]3)c2F)c1,-10.01505376344086,3.128615257744718,45_40
O=C(Nc1cccc(-c2cccc(-c3nc4ccccc4[nH]3)c2)c1)Nc1cccc(-c2cccc(F)c2F)c1,-9.896536796536797,3.218592063451191,45_41
O=C(c1cccc(-c2cccc(-c3cccc4ccccc34)c2)c1)N1CCN(C(=O)c2ccccc2Oc2ccccc2)CC1,-7.949999999999999,3.1572800047813367,45_42
O=C(Nc1cccc(-c2cccc(-c3nc4cc(F)ccc4[nH]3)c2)c1)Nc1cccc(-c2cccc(F)c2F)c1,-9.678827361563519,3.1875244530828533,45_43
Cn1c(-c2cccc(-c3cccc(NC(=O)Nc4cccc(-c5cccc(F)c5F)c4)c3)c2)nc2ccccc21,-9.926285714285713,3.216920496534968,45_44
Cn1c(-c2cccc(-c3cccc(NC(=O)Nc4cccc(-c5cccc(F)c5F)c4)c3)c2)nc2ccccc21,-9.926285714285713,3.216920496534968,45_45
Cn1c(-c2cccc(-c3cccc(NC(=O)Nc4cccc(-c5cccc(C(=O)N6CCOCC6)c5)c4)c3)c2)nc2ccccc21,-9.516129032258064,3.2756851861708367,45_46
O=C(c1cccc(-c2cccc(-c3cccc(C(F)(F)F)c3)c2)c1)N1CCNCC1,-8.691666666666665,3.642566566269835,45_47
Cn1c(-c2cccc(-c3cccc(NC(=O)Nc4cccc(-c5cccc(F)c5F)c4)c3)c2)nc2ccccc21,-9.926285714285713,3.216920496534968,45_48
O=C(Nc1cccc(-c2cccc(-c3nc4ccccc4[nH]3)c2)c1)Nc1cccc(-c2cccc(F)c2F)c1,-9.896536796536797,3.218592063451191,45_49
O=C(Nc1cccc(-c2cccc(-c3nc4cc(F)ccc4[nH]3)c2)c1)Nc1cccc(-c2cccc(F)c2F)c1,-9.678827361563519,3.1875244530828533,45_50
Cn1c(-c2cccc(-c3cccc(NC(=O)Nc4cccc(-c5cccc(C(=O)N6CCOCC6)c5)c4)c3)c2)nc2ccccc21,-9.516129032258064,3.2756851861708367,45_51
O=C(Nc1cccc(-c2cccc(-c3nc4cc(F)ccc4[nH]3)c2)c1)Nc1cccc(-c2cccc(F)c2F)c1,-9.678827361563519,3.1875244530828533,45_52
O=C(c1cccc(-c2cccc(-c3nn[nH]n3)c2)c1)N1CCN(S(=O)(=O)c2cccc(C(F)(F)F)c2)CC1,-7.1,3.5633863908273784,45_53
N#Cc1cccnc1-c1cccc(-c2cccc(NC(=O)Nc3cccc(-c4cccc(C5=Nc6ccccc6NC5)c4)c3)c2)c1,-9.5,3.000392905166345,45_54
O=C(Nc1cccc(-c2cccc(-c3cccc(-c4cccc(F)c4)c3)c2)c1)N1CCNCC1,-9.371232876712327,3.470002651546907,45_55
O=C(Nc1cccc(-c2cccc(-c3nc4ccccc4[nH]3)c2)c1)Nc1cccc(-c2cccc(F)c2F)c1,-9.896536796536797,3.218592063451191,45_56
Cn1c(-c2cccc(-c3cccc(NC(=O)Nc4cccc(-c5cccc(C(=O)N6CCOCC6)c5)c4)c3)c2)nc2ccccc21,-9.516129032258064,3.2756851861708367,45_57
O=C(Nc1cccc(-c2cccc(-c3cccc(-c4ccccc4F)c3)c2)c1)N1CCNCC1,-9.369655172413793,3.470002651546907,45_58
O=C(Nc1cccc(-c2cccc(-c3nc4cc(F)ccc4[nH]3)c2)c1)Nc1cccc(-c2cccc(F)c2F)c1,-9.678827361563519,3.1875244530828533,45_59
O=C(Nc1cccc(-c2cccc(-c3nc4ccccc4[nH]3)c2)c1)Nc1cccc(-c2cccc(F)c2F)c1,-9.896536796536797,3.218592063451191,45_60
O=C(Nc1cccc(-c2cccc(-c3nc4cc(F)ccc4[nH]3)c2)c1)Nc1cccc(-c2cccc(F)c2F)c1,-9.678827361563519,3.1875244530828533,45_61
O=C(Nc1cccc(-c2cccc(-c3nc4cc(F)ccc4[nH]3)c2)c1)Nc1cccc(-c2cccc(F)c2F)c1,-9.678827361563519,3.1875244530828533,45_62
Cn1c(-c2cccc(-c3cccc(NC(=O)Nc4cccc(-c5cccc(F)c5F)c4)c3)c2)nc2ccccc21,-9.926285714285713,3.216920496534968,45_63
O=C(Nc1cccc(-c2cccc(F)c2F)c1)Nc1cccc(-c2cccc(-c3nc4cc(F)ccc4[nH]3)c2F)c1,-10.01505376344086,3.128615257744718,45_64
O=C(Nc1cccc(-c2cccc(-c3nc4ccccc4[nH]3)c2)c1)Nc1cccc(-c2cccc(F)c2F)c1,-9.896536796536797,3.218592063451191,45_65
O=C(c1cccc(-c2nc(=O)c3ccccc3[nH]2)c1)N1CCN(c2cccc(C(F)(F)F)c2)CC1,-9.0,3.651683787676598,45_66
Cn1c(-c2cccc(-c3cccc(NC(=O)Nc4cccc(-c5cccc(C(=O)N6CCOCC6)c5)c4)c3)c2)nc2ccccc21,-9.516129032258064,3.2756851861708367,45_67
O=C(Nc1cccc(-c2cccc(-c3nc4cc(F)ccc4[nH]3)c2)c1)Nc1cccc(-c2cccc(F)c2F)c1,-9.678827361563519,3.1875244530828533,45_68
Cn1c(-c2cccc(-c3cccc(NC(=O)Nc4cccc(-c5cccc(F)c5F)c4)c3)c2)nc2ccccc21,-9.926285714285713,3.216920496534968,45_69
O=C1CCNCCNc2c(cccc2-c2cccc(-c3cccc(-c4cccc(F)c4)c3)c2)N1,-10.0,1.310990014571284,45_70
O=C(Nc1cccc(-c2cccc(-c3cccc(-c4ccccc4F)c3)c2)c1)N1CCNCC1,-9.369655172413793,3.470002651546907,45_71
O=C(Nc1cccc(-c2cccc(-c3nc4ccccc4[nH]3)c2)c1)Nc1cccc(-c2cccc(F)c2F)c1,-9.896536796536797,3.218592063451191,45_72
NCCNC(C=O)c1cccc(-c2cccc(-c3cccc(-c4nn[nH]n4)c3)c2)c1,-8.0,3.49108916212116,45_73
Fc1ccccc1-c1cccc(-c2cccc(-c3nc4cc(-c5ccccc5)ccc4[nH]3)c2)c1,-9.1,3.1884476394202745,45_74
O=C(Nc1cccc(-c2cccc(-c3nc4cc(F)ccc4[nH]3)c2)c1)Nc1cccc(-c2cccc(F)c2F)c1,-9.678827361563519,3.1875244530828533,45_75
O=C(Nc1cccc(-c2cccc(-c3nc4cc(F)ccc4[nH]3)c2)c1)Nc1cccc(-c2cccc(F)c2F)c1,-9.678827361563519,3.1875244530828533,45_76
O=C(Nc1cccc(-c2cccc(-c3cccc(-c4cccc(F)c4)c3)c2)c1)N1CCNCC1,-9.371232876712327,3.470002651546907,45_77
O=C(Nc1cccc(-c2cccc(F)c2F)c1)Nc1cccc(-c2cccc(-c3nc4cc(F)ccc4[nH]3)c2F)c1,-10.01505376344086,3.128615257744718,45_78
Cn1c(-c2cccc(-c3cccc(NC(=O)Nc4cccc(-c5cccc(-c6ccccc6F)c5)c4)c3)c2)nc2ccccc21,-10.0,3.0539916384657317,45_79
O=C(Nc1cccc(-c2cccc(F)c2F)c1)Nc1cccc(-c2cccc(-c3nc4cc(F)ccc4[nH]3)c2F)c1,-10.01505376344086,3.128615257744718,45_80
O=C(Nc1cccc(-c2cccc(-c3nc4ccccc4[nH]3)c2)c1)Nc1cccc(-c2cccc(F)c2F)c1,-9.896536796536797,3.218592063451191,45_81
O=C(Nc1cccc(-c2cccc(-c3ccc4c(c3)OCO4)c2)c1)Nc1cccc(-c2ccc3c(c2)OCCO3)c1,-9.7,3.23911723161787,45_82
O=C(Nc1cccc(-c2cccc(-c3nc4ccccc4[nH]3)c2)c1)Nc1cccc(-c2cccc(F)c2F)c1,-9.896536796536797,3.218592063451191,45_83
O=C(Nc1cccc(-c2cccc(-c3ccc4c(c3)OCO4)c2)c1)Nc1cccc(-c2cccc(-c3ccccc3F)c2)c1,-10.3,3.0769998633619515,45_84
O=C(Nc1cccc(-c2cccc(-c3cccc(-c4cccc(-c5nn[nH]n5)c4)c3)c2)c1)Nc1cccc(-c2ccccc2F)c1,-9.9,3.0912609619380627,45_85
O=C(c1cccc(-c2cccc(-c3cccc(F)c3)c2)c1)N1CCN(C(=S)Nc2cccc(F)c2)CC1,-7.6,3.4162102091266138,45_86
Cn1c(-c2cccc(-c3cccc(NC(=O)Nc4cccc(-c5cccc(F)c5F)c4)c3)c2)nc2ccccc21,-9.926285714285713,3.216920496534968,45_87
O=C(Nc1cccc(-c2cccc(-c3cccc(-c4ccccc4F)c3)c2)c1)N1CCNCC1,-9.369655172413793,3.470002651546907,45_88
Cn1c(-c2cccc(-c3cccc(NC(=O)Nc4cccc(-c5cccc(F)c5F)c4)c3)c2)nc2ccccc21,-9.926285714285713,3.216920496534968,45_89
O=C(Nc1cccc(-c2cccc(-c3nc4cc(F)ccc4[nH]3)c2)c1)Nc1cccc(-c2cccc(F)c2F)c1,-9.678827361563519,3.1875244530828533,45_90
Cn1c(-c2cccc(-c3cccc(NC(=O)Nc4cccc(-c5cccc(C(=O)N6CCOCC6)c5)c4)c3)c2)nc2ccccc21,-9.516129032258064,3.2756851861708367,45_91
O=C(Nc1cccc(-c2cccc(-c3cccc(-c4nc5ccccc5[nH]4)c3)c2)c1)N1CCNCC1,-9.297435897435896,3.368308336165232,45_92
O=C(Nc1cccc(-c2cccc(-c3nc4cc(F)ccc4[nH]3)c2)c1)Nc1cccc(-c2cccc(F)c2F)c1,-9.678827361563519,3.1875244530828533,45_93
O=C(Nc1cccc(-c2cccc(-c3nc4ccccc4[nH]3)c2)c1)Nc1cccc(-c2cccc(F)c2F)c1,-9.896536796536797,3.218592063451191,45_94
O=C(Nc1cccc(-c2cccc(-c3ccc4c(c3)OCCO4)c2Cl)c1)Nc1cccc2ccccc12,-8.5,3.323576780919398,45_95
O=C(Nc1cccc(-c2cccc(-c3cccc(C(F)(F)F)c3)c2)c1)Nc1cccc(-c2cccc(F)c2F)c1,-9.565853658536586,2.963519940967514,45_96
O=C(Nc1cccc(-c2cccc(-c3nc4ccccc4[nH]3)c2)c1)Nc1cccc(-c2cccc(F)c2F)c1,-9.896536796536797,3.218592063451191,45_97
O=C(c1cccc(O)c1)c1cccc(-c2cccc(-c3cccc(-c4cccc(-c5cccc(F)c5)c4)c3)c2)c1,-9.0,3.0807025632490386,45_98
O=C(Nc1cccc(-c2cccc(-c3cccc(C(F)(F)F)c3)c2)c1)Nc1cccc(-c2cccc(F)c2F)c1,-9.565853658536586,2.963519940967514,45_99
O=C(c1cccc(-c2cccc(-c3cccc(-c4cccc(F)c4)c3)c2)c1)N1CCNCC1,-9.309999999999999,3.508189933556279,45_100
O=C(c1cccc(-c2cccc(-c3cccc(C(=O)N4CCNCC4c4cccc(F)c4)c3)c2)c1)N1CCOCC1,-8.6,3.4687681814380253,45_101
O=C(Nc1cccc(-c2cccc(-c3cccc(-c4ccccc4F)c3)c2)c1)N1CCNCC1,-9.369655172413793,3.470002651546907,45_102
O=C(Nc1cccc(-c2cccc(-c3cccc(-c4nn[nH]n4)c3)c2)c1)Nc1cccc(-c2cccc(F)c2F)c1,-9.63,3.286971097546113,45_103
O=C(Nc1cccc(-c2cccc(-c3nc4ccccc4[nH]3)c2)c1)Nc1cccc(-c2cccc(F)c2F)c1,-9.896536796536797,3.218592063451191,45_104
O=C(Nc1cccc(-c2cccc(-c3cccc(-c4ccccc4F)c3)c2)c1)N1CCNCC1,-9.369655172413793,3.470002651546907,45_105
Cn1c(-c2cccc(-c3cccc(NC(=O)Nc4cccc(-c5cccc(-c6ccccc6)c5)c4)c3)c2)nc2ccccc21,-10.3,3.0563724042831923,45_106
O=C(Nc1cccc(-c2ccc3c(c2)OCCO3)c1)c1cccc(-c2cccc(-c3cccc(-c4ccccc4F)c3)c2)c1,-8.9,3.134058023091097,45_107
N#Cc1cccnc1-c1cccc(-c2cccc(-c3cccc(-c4cccc(N5C(=O)/C(=C/c6cccc(O)c6)SC5=S)c4)c3)c2)c1,-8.7,3.073464553536886,45_108
O=C(Nc1cccc(-c2cccc(-c3cccc(-c4nc5ccccc5[nH]4)c3)c2)c1)N1CCNCC1,-9.297435897435896,3.368308336165232,45_109
O=C(Nc1cccc(-c2cccc(-c3cccc(C(F)(F)F)c3)c2)c1)Nc1cccc(-c2cccc(F)c2F)c1,-9.565853658536586,2.963519940967514,45_110
O=C(Nc1cccc(-c2cccc(-c3nc4ccccc4[nH]3)c2)c1)Nc1cccc(-c2cccc(F)c2F)c1,-9.896536796536797,3.218592063451191,45_111
Cn1c(-c2cccc(-c3cccc(NC(=O)Nc4cccc(-c5cccc(F)c5F)c4)c3)c2)nc2ccccc21,-9.926285714285713,3.216920496534968,45_112
O=C(Nc1cccc(-c2cccc(-c3nc4cc(F)ccc4[nH]3)c2)c1)Nc1cccc(-c2cccc(F)c2F)c1,-9.678827361563519,3.1875244530828533,45_113
O=C(Nc1cccc(-c2cccc(-c3cccc(F)c3)c2)c1)Nc1cccc(-c2cccc(F)c2F)c1,-9.925,3.1787533639972665,45_114
O=C(Nc1cccc(-c2cccc(-c3cccc(C(F)(F)F)c3)c2)c1)Nc1cccc(-c2cccc(F)c2F)c1,-9.565853658536586,2.963519940967514,45_115
O=C(Nc1cccc(-c2cccc(-c3nc4cc(F)ccc4[nH]3)c2)c1)Nc1cccc(-c2cccc(F)c2F)c1,-9.678827361563519,3.1875244530828533,45_116
O=C(Nc1cccc(-c2cccc(F)c2F)c1)Nc1cccc(-c2cccc(-c3nc4cc(F)ccc4[nH]3)c2F)c1,-10.01505376344086,3.128615257744718,45_117
O=C(c1cccnc1)N1CCN(C(=O)c2cccc(-c3cccc(-c4cccc5ccccc45)c3)c2)CC1,-9.2,3.378643637669737,45_118
Cn1c(-c2cccc(-c3cccc(NC(=O)Nc4cccc(-c5cccc(F)c5F)c4)c3)c2)nc2ccccc21,-9.926285714285713,3.216920496534968,45_119
O=C(c1cccc(-c2cccc(-c3cccc(C(F)(F)F)c3)c2)c1)N1CCNCC1,-8.691666666666665,3.642566566269835,45_120
O=C(Nc1cccc(-c2cccc(-c3cccc(-c4nn[nH]n4)c3)c2)c1)Nc1cccc(-c2cccc(F)c2F)c1,-9.63,3.286971097546113,45_121
O=C(Nc1cccc(-c2cccc(F)c2F)c1)Nc1cccc(-c2cccc(-c3nc4cc(F)ccc4[nH]3)c2F)c1,-10.01505376344086,3.128615257744718,45_122
O=C(Nc1cccc(-c2cccc(-c3cccc(-c4nn[nH]n4)c3)c2)c1)Nc1cccc(-c2cccc(F)c2F)c1,-9.63,3.286971097546113,45_123
O=C(Nc1cccc(-c2cccc(F)c2F)c1)Nc1cccc(-c2cccc(-c3nc4cc(F)ccc4[nH]3)c2F)c1,-10.01505376344086,3.128615257744718,45_124
O=C(Nc1ccc(-c2cccc(-c3nc4ccccc4[nH]3)c2)cc1)Nc1cccc(-c2cccc(F)c2F)c1,-9.1,3.218592063451191,45_125
O=C(Nc1cccc(-c2cccc(-c3nc4ccccc4[nH]3)c2)c1)Nc1cccc(-c2cccc(F)c2F)c1,-9.896536796536797,3.218592063451191,45_126
O=C(Nc1cccc(-c2cccc(C(=O)N3CCOCC3)c2)c1)Nc1cccc(-c2cccc(F)c2F)c1,-9.433333333333334,3.5133545427940325,45_127
O=C(Nc1cccc(-c2cccc(-c3nc4ccccc4[nH]3)c2)c1)Nc1cccc(-c2cccc(F)c2F)c1,-9.896536796536797,3.218592063451191,45_128
O=C(Nc1cccc(-c2cccc(C(=O)N3CCOCC3)c2)c1)Nc1cccc(-c2cccc(F)c2F)c1,-9.433333333333334,3.5133545427940325,45_129
O=C(Nc1cccc2[nH]ccc12)c1cccc(-c2cccc(-c3cccc(-c4cccc(C(F)(F)F)c4)c3)c2)c1,-9.5,2.9628115190453546,45_130
O=C(c1cccc(-c2cccc(-c3cccc(C(=O)N4CCOCC4)c3)c2)c1)N1CCNCC1,-8.88,3.649506152725788,45_131
Cn1c(-c2cccc(-c3cccc(NC(=O)Nc4cccc(-c5cccc(F)c5F)c4)c3)c2)nc2ccccc21,-9.926285714285713,3.216920496534968,45_132
O=C(Nc1cccc(-c2cccc(-c3cccc(C(F)(F)F)c3)c2)c1)Nc1cccc(-c2cccc(F)c2F)c1,-9.565853658536586,2.963519940967514,45_133
O=C(Nc1cccc(-c2cccc(-c3nc4cc(F)ccc4[nH]3)c2)c1)Nc1cccc(-c2cccc(F)c2F)c1,-9.678827361563519,3.1875244530828533,45_134
O=C(Nc1cccc(-c2cccc(C(=O)N3CCOCC3)c2)c1)Nc1cccc(-c2cccc(-c3nc4ccccc4[nH]3)c2)c1,-9.05,3.1992077519723034,45_135
O=C(Nc1cccc(-c2cccc(-c3cccc(C(F)(F)F)c3)c2)c1)Nc1cccc(-c2cccc(F)c2F)c1,-9.565853658536586,2.963519940967514,45_136
O=C(Nc1cccc(-c2cccc(-c3cccc(-c4cccc(F)c4)c3)c2)c1)N1CCNCC1,-9.371232876712327,3.470002651546907,45_137
Cn1c(-c2cccc(-c3cccc(NC(=O)Nc4cccc(-c5cccc(C(=O)N6CCOCC6)c5)c4)c3)c2)nc2ccccc21,-9.516129032258064,3.2756851861708367,45_138
O=C(c1cccc(-c2cccc(-c3cccc(-c4cccc(-c5nn[nH]n5)c4)c3)c2)c1)N1CCNCC1,-10.2,3.4898576293206105,45_139
Cn1c(-c2cccc(-c3cccc(NC(=O)Nc4cccc(-c5cccc(-c6cccc(F)c6)c5)c4)c3)c2)nc2ccccc21,-9.742222222222223,3.0539916384657317,45_140
Cn1c(-c2cccc(-c3cccc(NC(=O)Nc4cccc(-c5cccc(F)c5F)c4)c3)c2)nc2ccccc21,-9.926285714285713,3.216920496534968,45_141
O=C(Nc1cccc(-c2cccc(-c3nc4ccccc4[nH]3)c2)c1)Nc1cccc(-c2cccc(F)c2F)c1,-9.896536796536797,3.218592063451191,45_142
O=c1c2ccccc2nc(-c2cccc(-c3cccc(F)c3)c2)n1-c1cccc(-c2cccc(-c3cccc(-c4nn[nH]n4)c3)c2)c1,-9.5,3.2618664852089285,45_143
O=C(Nc1cccc(-c2cccc(-c3nc4cc(F)ccc4[nH]3)c2)c1)Nc1cccc(-c2cccc(F)c2F)c1,-9.678827361563519,3.1875244530828533,45_144
O=C(Nc1cccc(-c2cccc(-c3nc4ccccc4[nH]3)c2)c1)Nc1cccc(-c2cccc(F)c2F)c1,-9.896536796536797,3.218592063451191,45_145
Cn1c(-c2cccc(-c3cccc(NC(=O)Nc4cccc(-c5ccc6c(c5)OCO6)c4)c3)c2)nc2ccccc21,-9.524999999999999,3.3030357053717445,45_147
O=C(Nc1cccc(-c2cccc(-c3nc4ccccc4[nH]3)c2)c1)Nc1cccc(-c2cccc(F)c2F)c1,-9.896536796536797,3.218592063451191,45_148
O=C(Nc1cccc(-c2cccc(-c3cccc(-c4ccccc4F)c3)c2)c1)N1CCNCC1,-9.369655172413793,3.470002651546907,45_149
Cn1c(-c2cccc(-c3cccc(NC(=O)Nc4cccc(-c5cccc(F)c5F)c4)c3)c2)nc2ccccc21,-9.926285714285713,3.216920496534968,45_150
O=CC1=CC(c2cc(-c3cccc(C(F)(F)F)c3)nccccc(-c3ccco3)n2)=CC1,-8.1,1.45175755051788,45_151
O=C(c1cccc(-c2cccc(-c3ccc4c(c3)OCO4)c2)c1)N1CCN(C(=O)c2cccc3ccccc23)CC1,-9.540000000000001,3.2703075927733467,45_152
O=C(Nc1cccc(-c2cccc(-c3cccc(-c4ccccc4F)c3)c2)c1)N1CCNCC1,-9.369655172413793,3.470002651546907,45_153
O=C(Nc1cccc(-c2cccc(-c3nc4ccccc4[nH]3)c2)c1)Nc1cccc(-c2cccc(F)c2F)c1,-9.896536796536797,3.218592063451191,45_154
O=C(c1cccc(-c2cccc(-c3cccc4ccccc34)c2)c1)N1CCN(C(=O)c2ccc3ccccc3c2)CC1,-10.55,3.1497144483216615,45_155
O=C(Nc1cccc(-c2cccc(-c3cccc(C(F)(F)F)c3)c2)c1)Nc1cccc(-c2cccc(F)c2F)c1,-9.565853658536586,2.963519940967514,45_156
O=C(Nc1cccc(-c2cccc(-c3cccc(C(F)(F)F)c3)c2)c1)Nc1cccc(-c2cccc(F)c2F)c1,-9.565853658536586,2.963519940967514,45_157
O=C(Nc1cccc(-c2cccc(-c3nc4ccccc4[nH]3)c2)c1)Nc1cccc(-c2cccc(F)c2F)c1,-9.896536796536797,3.218592063451191,45_158
O=C(Nc1cccc(-c2cccc(-c3nc4cc(F)ccc4[nH]3)c2)c1)Nc1cccc(-c2cccc(F)c2F)c1,-9.678827361563519,3.1875244530828533,45_159
O=C(Nc1cccc(-c2cccc(-c3nc4cc(F)ccc4[nH]3)c2)c1)Nc1cccc(-c2cccc(F)c2F)c1,-9.678827361563519,3.1875244530828533,45_160
O=C(Nc1cccc(-c2cccc(-c3cccc(-c4ccc(F)cc4)c3)c2)c1)N1CCNCC1,-9.2,3.470002651546907,45_161
O=C(Nc1cccc(-c2cccc(-c3nc4cc(F)ccc4[nH]3)c2)c1)Nc1cccc(-c2cccc(F)c2F)c1,-9.678827361563519,3.1875244530828533,45_162
O=C(Nc1cccc(-c2cccc(-c3nc4ccccc4[nH]3)c2)c1)Nc1cccc(-c2cccc(F)c2F)c1,-9.896536796536797,3.218592063451191,45_163
O=C(Nc1cccc(-c2cccc(-c3nc4cc(F)ccc4[nH]3)c2)c1)Nc1cccc(-c2cccc(F)c2F)c1,-9.678827361563519,3.1875244530828533,45_164
O=C(Nc1cccc(-c2cccc(-c3nc4cc(F)ccc4[nH]3)c2)c1)Nc1cccc(-c2cccc(F)c2F)c1,-9.678827361563519,3.1875244530828533,45_165
O=C(Nc1cccc(-c2cccc(F)c2F)c1)Nc1cccc(-c2cccc(-c3nc4cc(F)ccc4[nH]3)c2F)c1,-10.01505376344086,3.128615257744718,45_166
O=C(Nc1cccc(-c2cccc(-c3cccc(-c4ccccc4F)c3)c2)c1)N1CCNCC1,-9.369655172413793,3.470002651546907,45_167
O=C(Nc1cccc(-c2ccc3c(c2)OCO3)c1)c1cccc(-c2cccc(-c3ccc4c(c3)OCO4)c2)c1,-8.7,3.3056459772548874,45_168
Cn1c(-c2cccc(-c3cccc(NC(=O)Nc4cccc(-c5cccc(F)c5F)c4)c3)c2)nc2ccccc21,-9.926285714285713,3.216920496534968,45_169
O=C(Nc1cccc(-c2cccc(-c3cccc(C(F)(F)F)c3)c2)c1)Nc1cccc(-c2cccc(F)c2F)c1,-9.565853658536586,2.963519940967514,45_170
Cn1c(-c2cccc(-c3cccc(NC(=O)Nc4ccccc4-c4ccccc4F)c3)c2)nc2ccccc21,-8.8,3.211589862292562,45_171
O=C(O)c1ccc(-c2cccc(-c3cccc(-c4ccc5c(c4)OCO5)c3)c2)nc1,-8.7,3.6664199537774427,45_172
O=C(Nc1cccc(-c2cccc(-c3nc4ccccc4[nH]3)c2)c1)Nc1cccc(-c2cccc(F)c2F)c1,-9.896536796536797,3.218592063451191,45_173
O=C(Nc1cccc(-c2cccc(-c3cccc(C(F)(F)F)c3)c2)c1)Nc1cccc(-c2cccc(F)c2F)c1,-9.565853658536586,2.963519940967514,45_174
Cn1c(-c2cccc(-c3cccc(NC(=O)Nc4cccc(-c5cccc(F)c5F)c4)c3)c2)nc2ccccc21,-9.926285714285713,3.216920496534968,45_175
O=C(Nc1cccc(-c2cccc(-c3cccc(-c4cccc(-c5nn[nH]n5)c4)c3)c2)c1)Nc1cccc2ccccc12,-10.2,3.18148989886296,45_176
O=C(c1cccc(-c2cccc(-c3nc4ccccc4s3)c2)c1)N1CCN(C(=O)c2cccc(F)c2F)CC1,-9.4,3.398112117372359,45_177
O=C(c1cccc(-c2cccc(-c3cccc(-c4cccc(-c5nn[nH]n5)c4)c3)c2)c1)N1CC[C@H](NS(=O)(=O)c2cccc(-c3cccc(F)c3)c2)C1,-7.2,3.079699514817895,45_178
Cn1c(-c2cccc(-c3cccc(NC(=O)Nc4cccc(-c5cccc(F)c5F)c4)c3)c2)nc2ccccc21,-9.926285714285713,3.216920496534968,45_179
O=C(Nc1cccc(-c2cccc(-c3cccc(C(F)(F)F)c3)c2)c1)Nc1cccc(-c2cccc(F)c2F)c1,-9.565853658536586,2.963519940967514,45_180
O=[N+]([O-])c1cccc(-c2cccc(-c3cccc(-c4ccc5c(c4)OCCO5)c3F)c2)c1,-9.0,3.470489972093131,45_181
O=C(c1cccc(-c2cccc(-c3cccc4ccccc34)c2)c1)N1CCN(c2cccc(C(F)(F)F)c2)CC1,-9.55,3.155724006991007,45_182
O=C(c1cccc(-c2cccc(-c3ccc4c(c3)OCCO4)c2F)c1)N1CCNCC1,-8.7,3.6553838184373157,45_183
O=C(c1cccc(-c2cccc(-c3cccc4ccccc34)c2)c1)N1CCN(C(=O)c2cc3ccccc3[nH]2)CC1,-9.55,3.297554683203406,45_184
O=C(Nc1ccc2c(c1)OCO2)c1cccc(-c2cccc(-c3cccc(-c4cccc(-c5nn[nH]n5)c4)c3)c2)c1,-9.333333333333334,3.262189757005676,45_185
O=C(Nc1cccc(-c2cccc(-c3nc4cc(F)ccc4[nH]3)c2)c1)Nc1cccc(-c2cccc(F)c2F)c1,-9.678827361563519,3.1875244530828533,45_186
O=C(Nc1cccc(-c2cccc(-c3cccc(-c4ccccc4F)c3)c2)c1)N1CCNCC1,-9.369655172413793,3.470002651546907,45_187
O=C(Nc1cccc(-c2cccc(-c3nc4ccccc4[nH]3)c2)c1)Nc1cccc(-c2cccc(F)c2F)c1,-9.896536796536797,3.218592063451191,45_188
O=C(Nc1cccc(-c2cccc(F)c2F)c1)Nc1cccc(-c2cccc(-c3nc4cc(F)ccc4[nH]3)c2F)c1,-10.01505376344086,3.128615257744718,45_189
O=C(Nc1cccc(-c2cccc(-c3cccc(-c4ccccc4F)c3)c2)c1)N1CCNCC1,-9.369655172413793,3.470002651546907,45_190
O=C(Nc1cccc(-c2cccc(C(=O)N3CCOCC3)c2)c1)Nc1cccc(-c2cccc(-c3ccc4c(c3)CCO4)c2)c1,-9.7,3.18280748756367,45_191
O=C(Nc1cccc(-c2cccc(-c3nc4cc(F)ccc4[nH]3)c2)c1)Nc1cccc(-c2cccc(F)c2F)c1,-9.678827361563519,3.1875244530828533,45_192
O=C(Nc1cccc(-c2cccc(-c3nc4ccccc4[nH]3)c2)c1)Nc1cccc(-c2cccc(F)c2F)c1,-9.896536796536797,3.218592063451191,45_193
O=C(Nc1cccc(-c2cccc(-c3cccc(-c4nc5ccccc5[nH]4)c3)c2)c1)N1CCNCC1,-9.297435897435896,3.368308336165232,45_194
O=C(Nc1cccc(-c2cccc(-c3nc4ccccc4[nH]3)c2)c1)Nc1cccc(-c2cccc(F)c2F)c1,-9.896536796536797,3.218592063451191,45_195
O=C(Nc1cccc(-c2cccc(-c3nc4ccccc4[nH]3)c2)c1)Nc1cccc(-c2cccc(F)c2F)c1,-9.896536796536797,3.218592063451191,45_196
O=C(Nc1cccc(-c2cccc(F)c2F)c1)Nc1cccc(-c2cccc(-c3nc4cc(F)ccc4[nH]3)c2F)c1,-10.01505376344086,3.128615257744718,45_197
O=C(c1cccc(-c2cccc(-c3cccc(F)c3)c2)c1)N1CCN(c2cccc(C(F)(F)F)c2)CC1,-8.850000000000001,3.323511212462599,45_198
O=C(NCc1ccccc1F)c1cccc(-c2cccc(-c3cccc(-c4nc5cc(F)ccc5[nH]4)c3F)c2)c1,-9.3,3.188207169180553,45_199
O=C(Nc1cccc(-c2cccc(-c3nn[nH]n3)c2)c1)Nc1cccc(-c2cccc(-c3nc4cc(F)ccc4[nH]3)c2)c1,-10.3,3.1566630882851383,45_200
O=C(Nc1cccc(-c2cccc(-c3cccc(-c4nc5ccccc5[nH]4)c3)c2)c1)N1CCNCC1,-9.297435897435896,3.368308336165232,45_201
O=C(Nc1cccc(-c2cccc(-c3cccc(-c4ccccc4F)c3)c2)c1)N1CCNCC1,-9.369655172413793,3.470002651546907,45_202
O=C(Nc1cccc(-c2cccc(-c3cccc(-c4nc5ccccc5[nH]4)c3)c2)c1)N1CCNCC1,-9.297435897435896,3.368308336165232,45_203
O=C(c1cccc(-c2cccc(-c3cccc(C(F)(F)F)c3)c2)c1)N1CCNCC1,-8.691666666666665,3.642566566269835,45_204
Cn1c(-c2cccc(-c3cccc(NC(=O)Nc4cccc(-c5cccc(C(=O)N6CCOCC6)c5)c4)c3)c2)nc2ccccc21,-9.516129032258064,3.2756851861708367,45_205
O=C(Nc1cccc(-c2cccc(-c3nc4cc(F)ccc4[nH]3)c2)c1)Nc1cccc(-c2cccc(F)c2F)c1,-9.678827361563519,3.1875244530828533,45_206
O=C(Nc1nc2ccccc2s1)c1cccc(-c2cccc(-c3cccc(-c4cccc(C(F)(F)F)c4)c3)c2)c1,-8.6,3.1400941768833324,45_207
O=C(Nc1cccc(-c2cccc(-c3cccc(-c4ccccc4F)c3)c2)c1)N1CCNCC1,-9.369655172413793,3.470002651546907,45_208
O=C(Nc1cccc(-c2cccc(-c3nc4cc(F)ccc4[nH]3)c2)c1)Nc1cccc(-c2cccc(F)c2F)c1,-9.678827361563519,3.1875244530828533,45_209
Cn1c(-c2cccc(-c3cccc(NC(=O)Nc4cccc(-c5cccc(C(=O)N6CCOCC6)c5)c4)c3)c2)nc2ccccc21,-9.516129032258064,3.2756851861708367,45_210
O=C(c1cccc(-c2cccc(-c3cccc4ccccc34)c2)c1)N1CCN(C(=O)c2cccc(F)c2F)CC1,-9.6125,3.2507959847575894,45_211
O=C(Nc1cccc(-c2cccc(-c3cccc(-c4nn[nH]n4)c3)c2)c1)Nc1cccc(-c2cccc(F)c2F)c1,-9.63,3.286971097546113,45_212
O=C(Nc1cccc(-c2cccc(-c3nc4cc(F)ccc4[nH]3)c2)c1)Nc1cccc(-c2cccc(F)c2F)c1,-9.678827361563519,3.1875244530828533,45_213
O=C(c1cccc(-c2cccc(-c3cccc(F)c3)c2)c1)N1CCN(C(c2ccc(F)cc2)c2ccc(F)cc2)CC1,-9.4,3.1237652642234766,45_214
O=C(Nc1cccc(-c2cccc(-c3nc4ccccc4[nH]3)c2)c1)Nc1cccc(-c2cccc(F)c2F)c1,-9.896536796536797,3.218592063451191,45_215
O=C(c1cccc(-c2cccc(-c3cccc(-c4nn[nH]n4)c3)c2)c1)N1CCNCC1,-8.92222222222222,3.6709921779215158,45_216
Cc1ccc(NC(=O)c2cccc(-c3cccc(-c4nn[nH]n4)c3)c2)nc1,-7.8,3.659500230213939,45_217
O=C(c1cccc(-c2cccc(-c3cccc(-c4nn[nH]n4)c3)c2)c1)N1CCNCC1,-8.92222222222222,3.6709921779215158,45_218
O=C(Nc1cccc(-c2cccc(-c3nc4ccccc4[nH]3)c2)c1)Nc1cccc(-c2cccc(F)c2F)c1,-9.896536796536797,3.218592063451191,45_219
Cn1c(-c2cccc(-c3cccc(NC(=O)Nc4cccc(-c5cccc(C(=O)N6CCOCC6)c5)c4)c3)c2)nc2ccccc21,-9.516129032258064,3.2756851861708367,45_220
O=C(Nc1cccc(-c2cccc(-c3nc4ccccc4[nH]3)c2)c1)Nc1cccc(-c2cccc(F)c2F)c1,-9.896536796536797,3.218592063451191,45_221
O=C(Nc1cccc(-c2cccc(-c3cccc(-c4nc5cc(F)ccc5[nH]4)c3F)c2)c1)N1CCNCC1,-9.6,3.3431687582788054,45_222
O=C(c1cccc(-c2cccc(-c3ccc4c(c3)OCO4)c2)c1)N1CCN(C(=O)c2cccc(C(F)(F)F)c2)CC1,-9.0,3.3948006357569396,45_223
O=C(Nc1cccc(-c2cccc(F)c2)c1)Nc1cccc(-c2cccc(-c3ccc4c(c3)OCO4)c2)c1,-10.5,3.2275735778690695,45_224
O=C(Nc1cccc(-c2cccc(F)c2F)c1)Nc1cccc(-c2cccc(-c3nc4cc(F)ccc4[nH]3)c2F)c1,-10.01505376344086,3.128615257744718,45_225
O=C1NCCN(c2cc(-c3ccccc3)nc3cc(-c4cccc(F)c4F)nn23)CS2=CC=CC12,-9.6,1.6634822752769387,45_226
O=C(Nc1cccc(-c2cccc(-c3n[nH]c(=S)o3)c2)c1)Nc1cccc(-c2cccc(F)c2F)c1,-9.2,3.3163642713282604,45_227
O=C(Nc1cccc(-c2cccc(-c3cccc(-c4cccc(F)c4)c3)c2)c1)N1CCNCC1,-9.371232876712327,3.470002651546907,45_228
Cn1c(-c2cccc(-c3cccc(NC(=O)Nc4cccc(-c5nc6ccccc6[nH]5)c4)c3)c2)nc2ccccc21,-10.8,3.155856228190715,45_229
O=C(Nc1cccc(-c2cccc(-c3cccc(C(=O)N4CCOCC4)c3)c2)c1)N1CCNCC1,-8.972727272727273,3.6199094052700564,45_230
O=C(Nc1cccc(-c2cccc(-c3cccc(-c4ccccc4F)c3)c2)c1)N1CCNCC1,-9.369655172413793,3.470002651546907,45_231
Cc1c(CC=CCC=NC(=O)Nc2cccc(F)c2)cccc1-c1cccc(-c2cccc(-c3nn[nH]n3)c2)c1,-7.2,3.22763314780408,45_232
O=C(Nc1cccc(-c2cccc(F)c2F)c1)Nc1cccc(-c2cccc(-c3nc4cc(F)ccc4[nH]3)c2F)c1,-10.01505376344086,3.128615257744718,45_233
O=C(Nc1cccc(-c2cccc(-c3cccc(-c4nc5ccccc5[nH]4)c3)c2)c1)N1CCNCC1,-9.297435897435896,3.368308336165232,45_234
O=C(Nc1cccc(-c2cccc(-c3nc4cc(F)ccc4[nH]3)c2)c1)Nc1cccc(-c2cccc(F)c2F)c1,-9.678827361563519,3.1875244530828533,45_235
O=C(c1cccc(-c2cccc(C(=O)N3CCN(C(=O)c4ccccc4)CC3)c2)c1)N1CCOCC1,-8.25,3.6089419930993745,45_236
O=C(Nc1cccc(-c2cccc(-c3cccc(-c4ccccc4F)c3)c2)c1)N1CCNCC1,-9.369655172413793,3.470002651546907,45_237
O=C(Nc1cccc(-c2cccc(-c3cccc(-c4nc5ccccc5[nH]4)c3)c2)c1)N1CCNCC1,-9.297435897435896,3.368308336165232,45_238
O=C(c1cccc(-c2cccc(-c3ccc4c(c3)OCO4)c2)c1)N1CCN(C(=O)c2cccc3ccccc23)CC1,-9.540000000000001,3.2703075927733467,45_239
O=C(Nc1cccc(-c2cccc(-c3nc4cc(F)ccc4[nH]3)c2)c1)Nc1cccc(-c2cccc(F)c2F)c1,-9.678827361563519,3.1875244530828533,45_240
O=C(c1cccc(-c2cccc(-c3cccc(-c4cccc(F)c4)c3)c2)c1)N1CCNCC1,-9.309999999999999,3.508189933556279,45_241
O=C(Nc1cccc(-c2cccc(F)c2F)c1)Nc1cccc(-c2cccc(-c3nc4cc(F)ccc4[nH]3)c2F)c1,-10.01505376344086,3.128615257744718,45_242
O=C(Nc1cccc(-c2cccc(-c3cccc(C(F)(F)F)c3)c2)c1)Nc1cccc(-c2cccc(F)c2F)c1,-9.565853658536586,2.963519940967514,45_243
O=C(Nc1cccc(-c2cccc(-c3cccc(-c4nn[nH]n4)c3)c2)c1)Nc1cccc(-c2cccc(F)c2F)c1,-9.63,3.286971097546113,45_244
O=C(Nc1cccc(-c2cccc(-c3nc4ccccc4[nH]3)c2)c1)Nc1cccc(-c2cccc(F)c2F)c1,-9.896536796536797,3.218592063451191,45_245
O=C(Nc1cccc(-c2cccc(-c3cccc(C(F)(F)F)c3)c2)c1)Nc1cccc(-c2cccc(F)c2F)c1,-9.565853658536586,2.963519940967514,45_246
O=C(Nc1cccc(-c2cccc(-c3cccc(-c4cccc(F)c4)c3)c2)c1)N1CCNCC1,-9.371232876712327,3.470002651546907,45_247
O=C(Nc1cccc(-c2cccc(-c3nc4ccccc4[nH]3)c2)c1)Nc1cccc(-c2cccc(F)c2F)c1,-9.896536796536797,3.218592063451191,45_248
O=C(/C=C/CN1CCCC1)N1CCOc2cc3ncnc(NC4C#CC=CC=C4)c3cc21,-7.7,2.4973982978762597,45_249
O=C(Nc1cccc(-c2cccc(-c3cccc(-c4nn[nH]n4)c3)c2)c1)Nc1cccc(-c2cccc(F)c2F)c1,-9.63,3.286971097546113,45_250
O=C(c1cccc(-c2cccc(-c3cccc(-c4nc5ccccc5[nH]4)c3)c2)c1)N1CCNCC1,-9.383333333333333,3.440998249723921,45_251
O=C(Nc1cccc(-c2cccc(-c3cccc(-c4cccc(F)c4)c3)c2)c1)N1CCNCC1,-9.371232876712327,3.470002651546907,45_252
CC[C@H](C[CH]n1c(F)c(O)[nH]c1=O)Oc1cccc(-c2cccc(C(F)(F)F)c2)c1,-7.5,3.664765830091315,45_253
Cn1c(-c2cccc(-c3cccc(NC(=O)Nc4cccc(-c5cccc(F)c5F)c4)c3)c2)nc2ccccc21,-9.926285714285713,3.216920496534968,45_254
Cn1c(-c2cccc(-c3cccc(NC(=O)Nc4cccc(-c5cccc(F)c5F)c4)c3)c2)nc2ccccc21,-9.926285714285713,3.216920496534968,45_255
O=C(NCc1ccccc1)c1cccc(-c2cccc(-c3cccc(-c4nc5cc(F)ccc5[nH]4)c3F)c2)c1,-9.0,3.194303501416739,45_256
O=C(O)c1cccc(N2CCN(C(=O)c3cccc(-c4cccc(-c5ccc6c(c5)OCO6)c4)c3)CC2)c1,-8.9,3.5151251838917723,45_257
Cn1c(-c2cccc(-c3cccc(NC(=O)Nc4cccc(-c5cccc(F)c5F)c4)c3)c2)nc2ccccc21,-9.926285714285713,3.216920496534968,45_258
Cn1c(-c2cccc(-c3cccc(NC(=O)Nc4cccc(-c5cccc(-c6cccc(F)c6)c5)c4)c3)c2)nc2ccccc21,-9.742222222222223,3.0539916384657317,45_259
O=C(Nc1cccc(-c2cccc(-c3nc4cc(F)ccc4[nH]3)c2)c1)Nc1cccc(-c2cccc(F)c2F)c1,-9.678827361563519,3.1875244530828533,45_260
Cn1c(-c2cccc(-c3cccc(NC(=O)Nc4cccc(-c5ccc6c(c5)OCCO6)c4)c3)c2)nc2ccccc21,-8.9,3.2792182262248284,45_261
O=C(Nc1cccc(-c2cccc(-c3cccc(-c4nn[nH]n4)c3)c2)c1)Nc1cccc(-c2cccc(F)c2F)c1,-9.63,3.286971097546113,45_262
O=C(Nc1cccc(-c2cccc(F)c2F)c1)Nc1cccc(-c2cccc(-c3nc4cc(F)ccc4[nH]3)c2F)c1,-10.01505376344086,3.128615257744718,45_263
O=C(c1cccc(-c2cccc(C(=O)N3CCN(c4cccc(Cl)c4)CC3)c2)c1)N1CCOCC1,-8.149999999999999,3.5860753069993834,45_264
Cn1c(-c2cccc(-c3cccc(NC(=O)Nc4cccc(-c5cc6ccccc6[nH]5)c4)c3)c2)nc2ccccc21,-9.766666666666667,3.088900029637987,45_265
O=C(Nc1cccc(-c2cccc(-c3nc4ccccc4[nH]3)c2)c1)Nc1cccc(-c2cccc(F)c2F)c1,-9.896536796536797,3.218592063451191,45_266
O=C(Nc1cccc(-c2cccc(-c3cccc(-c4nn[nH]n4)c3)c2)c1)Nc1cccc(-c2cccc(F)c2F)c1,-9.63,3.286971097546113,45_267
O=C(Nc1cccc(-c2cccc(F)c2F)c1)Nc1cccc(-c2cccc(-c3nc4cc(F)ccc4[nH]3)c2F)c1,-10.01505376344086,3.128615257744718,45_268
O=C(Nc1cccc(-c2cccc(-c3cccc(C(F)(F)F)c3)c2)c1)Nc1cccc(-c2cccc(F)c2F)c1,-9.565853658536586,2.963519940967514,45_269
Cn1c(-c2cccc(-c3cccc(NC(=O)Nc4cccc(-c5cccc(-c6cccc(F)c6)c5)c4)c3)c2)nc2ccccc21,-9.742222222222223,3.0539916384657317,45_270
O=C(Nc1ccccc1C(=O)O)c1cccc(-c2cccc(-c3cccc(-c4cccc(-c5nn[nH]n5)c4)c3)c2)c1,-9.6,3.2686817724612216,45_271
O=C(Nc1cccc(-c2cccc(-c3cccc(C(F)(F)F)c3)c2)c1)Nc1cccc(-c2cccc(F)c2F)c1,-9.565853658536586,2.963519940967514,45_272
N=C(C=CC=O)c1cccc(-c2cccc(-c3nc4cc(F)ccc4[nH]3)c2)c1,-7.8,3.456838614913999,45_273
O=C(Nc1cccc(-c2cccc(-c3cccc(C(F)(F)F)c3)c2)c1)Nc1cccc(-c2cccc(F)c2F)c1,-9.565853658536586,2.963519940967514,45_274
O=C(Nc1cccc(-c2cccc(-c3nc4cc(F)ccc4[nH]3)c2)c1)Nc1cccc(-c2cccc(F)c2F)c1,-9.678827361563519,3.1875244530828533,45_275
O=C(Nc1cccc(-c2cccc(-c3cccc(-c4nc5ccccc5[nH]4)c3)c2)c1)N1CCNCC1,-9.297435897435896,3.368308336165232,45_276
O=C(Nc1cccc(-c2cccc(-c3cccc(-c4ccccc4F)c3)c2)c1)N1CCNCC1,-9.369655172413793,3.470002651546907,45_277
Cn1c(-c2cccc(-c3cccc(NC(=O)Nc4cccc(-c5cccc(F)c5F)c4)c3)c2)nc2ccccc21,-9.926285714285713,3.216920496534968,45_278
O=C(Nc1cccc(-c2cccc(-c3cccc(C(F)(F)F)c3)c2)c1)Nc1cccc(-c2cccc(F)c2F)c1,-9.565853658536586,2.963519940967514,45_279
O=C(Nc1cccc(-c2cccc(C(=O)N3CCOCC3)c2)c1)Nc1cccc(-c2cccc(-c3ccc4c(c3)OCO4)c2)c1,-10.040000000000001,3.203574602452801,45_280
O=C(Nc1cccc(-c2cccc(-c3nc4cc(F)ccc4[nH]3)c2)c1)Nc1cccc(-c2cccc(F)c2F)c1,-9.678827361563519,3.1875244530828533,45_281
O=C(c1cccc(-c2cccc(-c3cccc4ccccc34)c2)c1)N1CCN(C(=O)c2ccco2)CC1,-9.1,3.3721000426351635,45_282
O=C(Nc1cccc(-c2cccc(-c3cccc(C(F)(F)F)c3)c2)c1)Nc1cccc(-c2cccc(F)c2F)c1,-9.565853658536586,2.963519940967514,45_283
O=C(Nc1cccc(-c2cccc(-c3nc4ccccc4[nH]3)c2)c1)Nc1cccc(-c2cccc(F)c2F)c1,-9.896536796536797,3.218592063451191,45_284
O=C(Nc1ccccc1C(=O)N1CCOCC1)c1cccc(-c2cccc(-c3cccc(-c4ccccc4F)c3)c2)c1,-9.3,3.318291864592828,45_285
O=C(Nc1cccc(-c2cccc(-c3cccc(-c4ccccc4F)c3)c2)c1)N1CCNCC1,-9.369655172413793,3.470002651546907,45_286
O=C(Nc1cccc(-c2cccc(C(=O)N3CCOCC3)c2)c1)Nc1cccc(-c2cccc(F)c2F)c1,-9.433333333333334,3.5133545427940325,45_287
O=C(Nc1cccc(-c2cccc(-c3nc4cc(F)ccc4[nH]3)c2)c1)Nc1cccc(-c2cccc(F)c2F)c1,-9.678827361563519,3.1875244530828533,45_288
O=C(Nc1ccccc1)Nc1cccc(-c2cccc(-c3cccc(-c4ccccc4F)c3)c2)c1,-10.0,3.1738196954145192,45_289
O=C(Nc1cccc(-c2cccc(-c3nc4cc(F)ccc4[nH]3)c2)c1)Nc1cccc(-c2cccc(F)c2F)c1,-9.678827361563519,3.1875244530828533,45_290
O=C(Nc1cccc(-c2cccc(-c3cccc(-c4nn[nH]n4)c3)c2)c1)Nc1cccc(-c2cccc(F)c2F)c1,-9.63,3.286971097546113,45_291
O=C(Nc1cccc(-c2cccc(-c3nc4cc(F)ccc4[nH]3)c2)c1)Nc1cccc(-c2cccc(F)c2F)c1,-9.678827361563519,3.1875244530828533,45_292
Cn1c(-c2cccc(-c3cccc(NC(=O)Nc4cccc(-c5cccc(F)c5F)c4)c3)c2)nc2ccccc21,-9.926285714285713,3.216920496534968,45_293
O=C(Nc1cccc(-c2cccc(-c3cccc(C(F)(F)F)c3)c2)c1)Nc1cccc(-c2cccc(F)c2F)c1,-9.565853658536586,2.963519940967514,45_294
O=C(Nc1cccc(-c2cccc(-c3nc4cc(F)ccc4[nH]3)c2)c1)Nc1cccc(-c2cccc(F)c2F)c1,-9.678827361563519,3.1875244530828533,45_295
O=C(Nc1cccc(-c2cccc(-c3cccc(-c4ccccc4F)c3)c2)c1)N1CCNCC1,-9.369655172413793,3.470002651546907,45_296
O=C(Nc1cccc(-c2cccc(-c3nc4ccccc4[nH]3)c2)c1)Nc1cccc(-c2cccc(F)c2F)c1,-9.896536796536797,3.218592063451191,45_297
Cc1cccc(NC(=O)c2cccc(-c3cccc(-c4cccc(C(F)(F)F)c4)c3)c2)c1,-8.5,3.379205368354224,45_298
O=C(Nc1cccc(-c2cccc(-c3nc4cc(F)ccc4[nH]3)c2)c1)Nc1cccc(-c2cccc(F)c2F)c1,-9.678827361563519,3.1875244530828533,45_300
O=C(Nc1cccc(-c2cccc(-c3cccc(C(F)(F)F)c3)c2)c1)Nc1cccc(-c2cccc(F)c2F)c1,-9.565853658536586,2.963519940967514,45_301
Cn1c(-c2cccc(-c3cccc(NC(=O)Nc4cccc(-c5cccc(C(=O)N6CCOCC6)c5)c4)c3)c2)nc2ccccc21,-9.516129032258064,3.2756851861708367,45_302
O=C(Nc1cccc(-c2cccc(-c3nc4cc(F)ccc4[nH]3)c2)c1)Nc1cccc(-c2cccc(F)c2F)c1,-9.678827361563519,3.1875244530828533,45_303
Cn1c(-c2cccc(-c3cccc(NC(=O)Nc4cccc(-c5cccc(-c6ncccc6C#N)c5)c4)c3)c2)nc2ccccc21,-9.166666666666666,3.0906607506690618,45_304
O=C(Nc1cccc(-c2cccc(-c3nc4ccccc4[nH]3)c2)c1)Nc1cccc(-c2cccc(F)c2F)c1,-9.896536796536797,3.218592063451191,45_305
O=C(Nc1cccc(-c2cccc(-c3nc4ccccc4[nH]3)c2)c1)Nc1cccc(-c2cccc(F)c2F)c1,-9.896536796536797,3.218592063451191,45_306
Cn1c(-c2cccc(-c3cccc(NC(=O)Nc4cccc(-c5cccc(C(=O)N6CCOCC6)c5)c4)c3)c2)nc2ccccc21,-9.516129032258064,3.2756851861708367,45_307
O=C(Nc1cccc(-c2cccc(-c3nc4cc(F)ccc4[nH]3)c2)c1)Nc1cccc(-c2cccc(F)c2F)c1,-9.678827361563519,3.1875244530828533,45_308
O=C(Nc1cccc(-c2cccc(-c3nc4cc(F)ccc4[nH]3)c2)c1)Nc1cccc(-c2cccc(F)c2F)c1,-9.678827361563519,3.1875244530828533,45_309
O=C(Nc1cccc(-c2cccc(-c3nc4cc(F)ccc4[nH]3)c2)c1)Nc1cccc(-c2cccc(F)c2F)c1,-9.678827361563519,3.1875244530828533,45_310
O=C(c1cccc(-c2cccc(-c3nc4cc(F)ccc4[nH]3)c2)c1)N1CCNCC1,-8.6125,3.6450984636569372,45_311
O=C(Nc1cccc(-c2cccc(-c3cccc(-c4nc5ccccc5[nH]4)c3)c2)c1)N1CCNCC1,-9.297435897435896,3.368308336165232,45_312
O=C(Nc1cccc(-c2cccc(-c3cccc(C(F)(F)F)c3)c2)c1)Nc1cccc(-c2cccc(F)c2F)c1,-9.565853658536586,2.963519940967514,45_313
O=C(Nc1cccc(-c2cccc(F)c2F)c1)Nc1cccc(-c2cccc(-c3nc4cc(F)ccc4[nH]3)c2F)c1,-10.01505376344086,3.128615257744718,45_314
O=C(Nc1cccc(-c2cccc(-c3cccc(-c4ccccc4F)c3)c2)c1)N1CCNCC1,-9.369655172413793,3.470002651546907,45_315
O=C(Nc1cccc(-c2cccc(-c3cccc(C(=O)N4CCOCC4)c3)c2)c1)N1CCNCC1,-8.972727272727273,3.6199094052700564,45_316
Cn1c(-c2cccc(-c3cccc(NC(=O)Nc4cccc(-c5cccc(C(=O)N6CCOCC6)c5)c4)c3)c2)nc2ccccc21,-9.516129032258064,3.2756851861708367,45_317
O=C(c1cccc(-c2cccc(C(=O)N3CCN(C(=O)c4cccc(F)c4)CC3)c2)c1)N1CCOCC1,-8.5,3.598215080020839,45_318
O=C(c1cccc(-c2cccc(-c3cccc(F)c3)c2)c1)N1CCN(C(=O)c2cccc3ccccc23)CC1,-9.4,3.2705511526271827,45_319
O=C(c1cccc(-c2cccc(-c3cccc(-c4cccc(F)c4)c3)c2)c1)N1CCNCC1,-9.309999999999999,3.508189933556279,45_320
Cn1c(-c2cccc(-c3cccc(NC(=O)Nc4cccc(-c5cccc(F)c5F)c4)c3)c2)nc2ccccc21,-9.926285714285713,3.216920496534968,45_321
Cn1c(-c2cccc(-c3cccc(NC(=O)Nc4cccc(-c5cccc(F)c5F)c4)c3)c2)nc2ccccc21,-9.926285714285713,3.216920496534968,45_322
O=C(c1cccc(-c2cccc(-c3cccc(-c4cccc(-c5nn[nH]n5)c4)c3)c2)c1)N1CCCC1,-9.6,3.496055182346292,45_323
O=C(Nc1cccc(-c2cccc(-c3cccc(-c4cccc(F)c4)c3)c2)c1)N1CCNCC1,-9.371232876712327,3.470002651546907,45_324
O=C(Nc1cccc(-c2cccc(-c3nc4cc(F)ccc4[nH]3)c2)c1)Nc1cccc(-c2cccc(F)c2F)c1,-9.678827361563519,3.1875244530828533,45_325
Cn1c(-c2cccc(-c3cccc(NC(=O)Nc4cccc(-c5cccc(F)c5F)c4)c3)c2)nc2ccccc21,-9.926285714285713,3.216920496534968,45_326
O=C(Nc1cccc(-c2cccc(-c3cccc(C(=O)N4CCOCC4)c3)c2)c1)N1CCNCC1,-8.972727272727273,3.6199094052700564,45_327
Cn1c(-c2cccc(-c3cccc(NC(=O)Nc4cccc(-c5ccccc5F)c4)c3)c2)nc2ccccc21,-10.066666666666666,3.211589862292562,45_328
Cn1c(-c2cccc(-c3cccc(NC(=O)Nc4cccc(-c5cccc(F)c5F)c4)c3)c2)nc2ccccc21,-9.926285714285713,3.216920496534968,45_329
O=C(Nc1cccc(-c2cccc(-c3nc4cc(F)ccc4[nH]3)c2)c1)Nc1cccc(-c2cccc(F)c2F)c1,-9.678827361563519,3.1875244530828533,45_330
O=C(Nc1cccc(-c2cccc(-c3cccc(-c4ccccc4F)c3)c2)c1)N1CCNCC1,-9.369655172413793,3.470002651546907,45_331
O=C(N[C@H]1CCN(S(=O)(=O)c2cccc(-c3cccc(F)c3)c2)C1)c1cccc(-c2ccc3c(c2)OCO3)c1,-8.4,3.5126205640722814,45_332
O=C(Nc1cccc(-c2cccc(-c3nc4cc(F)ccc4[nH]3)c2)c1)Nc1cccc(-c2cccc(F)c2F)c1,-9.678827361563519,3.1875244530828533,45_333
O=C(c1cccc(-c2cccc(-c3cccc(F)c3)c2)c1)N1CCN(c2ccccc2)CC1,-9.0,3.426094808724147,45_334
O=C(Nc1cccc(-c2cccc(-c3nc4ccccc4[nH]3)c2)c1)Nc1cccc(-c2cccc(F)c2F)c1,-9.896536796536797,3.218592063451191,45_335
O=C(Nc1cccc(-c2cccc(-c3nc4ccccc4[nH]3)c2)c1)Nc1cccc(-c2cccc(F)c2F)c1,-9.896536796536797,3.218592063451191,45_336
Cn1c(-c2cccc(-c3cccc(NC(=O)Nc4cccc(-c5cccc(-c6n[nH]c(=S)o6)c5)c4)c3)c2)nc2ccccc21,-9.65,3.025330481152692,45_337
O=C(Nc1cccc(-c2cccc(-c3nc4cc(F)ccc4[nH]3)c2)c1)Nc1cccc(-c2cccc(F)c2F)c1,-9.678827361563519,3.1875244530828533,45_338
O=C(Nc1cccc(-c2cccc(-c3cccc(-c4cccc(F)c4)c3)c2)c1)N1CCNCC1,-9.371232876712327,3.470002651546907,45_339
O=C(Nc1cccc(-c2cccc(-c3nc4cc(F)ccc4[nH]3)c2)c1)Nc1cccc(-c2cccc(F)c2F)c1,-9.678827361563519,3.1875244530828533,45_340
O=C(Nc1cccc(-c2cccc(-c3nc4cc(F)ccc4[nH]3)c2)c1)Nc1cccc(-c2cccc(F)c2F)c1,-9.678827361563519,3.1875244530828533,45_341
O=C(Nc1cccc(-c2cccc(-c3nc4ccccc4[nH]3)c2)c1)Nc1cccc(-c2cccc(F)c2F)c1,-9.896536796536797,3.218592063451191,45_342
O=C(Nc1cccc(-c2cccc(-c3nc4ccccc4[nH]3)c2)c1)Nc1cccc(-c2cccc(F)c2F)c1,-9.896536796536797,3.218592063451191,45_343
O=C(Nc1cccc(-c2cccc(F)c2F)c1)Nc1cccc(-c2cccc(-c3cccc(-c4nn[nH]n4)c3)c2F)c1,-9.675,3.244951037107577,45_344
O=C(Nc1cccc(-c2cccc(F)c2F)c1)Nc1cccc(-c2cccc(-c3nc4cc(F)ccc4[nH]3)c2F)c1,-10.01505376344086,3.128615257744718,45_345
O=C(Nc1cccc(-c2cccc(-c3nc4cc(F)ccc4[nH]3)c2)c1)Nc1cccc(-c2cccc(F)c2F)c1,-9.678827361563519,3.1875244530828533,45_346
Cn1c(-c2cccc(-c3cccc(NC(=O)Nc4cccc(-c5cccc(F)c5F)c4)c3)c2)nc2ccccc21,-9.926285714285713,3.216920496534968,45_347
O=C(Nc1cccc(-c2cccc(-c3nc4ccccc4[nH]3)c2)c1)Nc1cccc(-c2cccc(F)c2F)c1,-9.896536796536797,3.218592063451191,45_348
O=C(Nc1cccc(-c2cccc(-c3cccc(-c4nn[nH]n4)c3)c2)c1)Nc1cccc(-c2cccc(F)c2F)c1,-9.63,3.286971097546113,45_349
O=C(c1cccc(-c2cccc(C(=O)N3CCN(C(=O)c4ccc5c(c4)OCO5)CC3)c2)c1)N1CCOCC1,-8.9,3.452762475268716,45_350
O=C(Nc1cccc(-c2cccc(-c3cccc(-c4cccc(F)c4)c3)c2)c1)N1CCNCC1,-9.371232876712327,3.470002651546907,45_351
O=C(Nc1cccc(-c2cccc(-c3nc4ccccc4[nH]3)c2)c1)Nc1cccc(-c2cccc(F)c2F)c1,-9.896536796536797,3.218592063451191,45_352
O=C(Nc1cccc(-c2cccc(-c3cccc(-c4ccccc4F)c3)c2)c1)N1CCNCC1,-9.369655172413793,3.470002651546907,45_353
O=C(Nc1cccc(-c2cccc(-c3cccc(-c4ccccc4F)c3)c2)c1)N1CCNCC1,-9.369655172413793,3.470002651546907,45_354
O=C(Nc1cccc(-c2cccc(-c3nc4cc(F)ccc4[nH]3)c2)c1)Nc1cccc(-c2cccc(F)c2F)c1,-9.678827361563519,3.1875244530828533,45_355
Cn1c(-c2cccc(-c3cccc(NC(=O)Nc4cccc(Nc5cc6c(=O)[nH][nH]c(=O)c6cc5Cl)c4)c3)c2)nc2ccccc21,-8.9,2.89910632244982,45_356
Cn1c(-c2cccc(-c3cccc(NC(=O)Nc4cccc(-c5cccc(-c6cccc(F)c6)c5)c4)c3)c2)nc2ccccc21,-9.742222222222223,3.0539916384657317,45_357
O=C(Nc1cccc(-c2cccc(-c3cccc(-c4cccc(F)c4)c3)c2)c1)N1CCNCC1,-9.371232876712327,3.470002651546907,45_358
O=C(Nc1cccc(-c2cccc(-c3cccc(C(F)(F)F)c3)c2)c1)Nc1cccc(-c2cccc(F)c2F)c1,-9.565853658536586,2.963519940967514,45_359
O=C(Nc1cccc(-c2cccc(-c3cccc(F)c3)c2)c1)Nc1cccc(-c2cccc(F)c2F)c1,-9.925,3.1787533639972665,45_360
O=C(Nc1cccc(-c2cccc(-c3cccc(-c4ccccc4F)c3)c2)c1)N1CCNCC1,-9.369655172413793,3.470002651546907,45_361
O=C1NCCN(C(=O)c2cccc(C(F)(F)F)c2)CCc2c1cccc2-c1ccc2c(c1)OCO2,-9.1,1.4394310768758354,45_362
O=C(Nc1cccc(-c2cccc(F)c2F)c1)Nc1cccc(-c2cccc(-c3nc4cc(F)ncc4[nH]3)c2F)c1,-10.7,3.1568234430456856,45_363
O=C(Nc1cccc(-c2cccc(F)c2F)c1)Nc1cccc(-c2cccc(-c3nc4cc(F)ccc4[nH]3)c2F)c1,-10.01505376344086,3.128615257744718,45_364
O=C(Nc1cccc(-c2cccc(-c3cccc(-c4cccc(F)c4)c3)c2)c1)N1CCNCC1,-9.371232876712327,3.470002651546907,45_365
O=C(Nc1cccc(-c2cccc(-c3cccc(-c4ccccc4F)c3)c2)c1)N1CCNCC1,-9.369655172413793,3.470002651546907,45_366
Cn1c(-c2cccc(-c3cccc(NC(=O)Nc4cccc(-c5ccc6c(c5)OCO6)c4)c3)c2)nc2ccccc21,-9.524999999999999,3.3030357053717445,45_367
O=C(Nc1cccc(-c2cccc(-c3cccc(-c4nc5ccccc5[nH]4)c3)c2)c1)N1CCNCC1,-9.297435897435896,3.368308336165232,45_368
O=C(Nc1cccc(-c2cccc(-c3cccc(-c4cccc(-c5ccccc5F)c4)c3)c2)c1)N1CCNCC1,-9.2,3.2136094644710154,45_369
O=C(Nc1cccc(-c2cccc(-c3cccc(-c4ccccc4F)c3)c2)c1)N1CCNCC1,-9.369655172413793,3.470002651546907,45_370
O=C(Nc1cccc(-c2cccc(-c3nc4cc(F)ccc4[nH]3)c2)c1)Nc1cccc(-c2cccc(F)c2F)c1,-9.678827361563519,3.1875244530828533,45_371
O=C(Nc1cccc(-c2cccc(-c3nc4cc(F)ccc4[nH]3)c2)c1)Nc1cccc(-c2cccc(F)c2F)c1,-9.678827361563519,3.1875244530828533,45_372
O=C(Nc1cccc(-c2cccc(-c3cccc(-c4nc5ccccc5[nH]4)c3)c2)c1)N1CCNCC1,-9.297435897435896,3.368308336165232,45_373
O=C(Nc1cccc(-c2cccc(-c3cccc(C(F)(F)F)c3)c2)c1)Nc1cccc(-c2cccc(F)c2F)c1,-9.565853658536586,2.963519940967514,45_374
O=C(Nc1cccc(-c2cccc(-c3cccc(-c4nn[nH]n4)c3)c2)c1)Nc1cccc(-c2cccc(F)c2F)c1,-9.63,3.286971097546113,45_375
O=C(Nc1cccc(-c2cccc(-c3nc4cc(F)ccc4[nH]3)c2)c1)Nc1cccc(-c2cccc(F)c2F)c1,-9.678827361563519,3.1875244530828533,45_376
O=C(Nc1cccc(-c2cccc(-c3cccc(-c4ccccc4F)c3)c2)c1)N1CCNCC1,-9.369655172413793,3.470002651546907,45_377
O=C(N[C@H]1CC[C@@]2(O)[C@H]3Cc4ccc(O)c5c4[C@@]2(CCN3CC2CC2)[C@H]1O5)c1cccc(-c2cccc(-c3ccc4c(c3)OCO4)c2)c1,-8.1,2.9742540353399316,45_378
C=C1CCCCC1C(=O)Nc1cccc(-c2cccc(-c3cccc(-c4cccc(-c5ncccc5C#N)c4)c3)c2)c1,-9.3,3.1159386937886295,45_379
O=C(Nc1cccc(-c2cccc(-c3cccc(-c4nn[nH]n4)c3)c2)c1)Nc1cccc(-c2cccc(F)c2F)c1,-9.63,3.286971097546113,45_380
O=C(Nc1cccc(-c2cccc(-c3nc4cc(F)ccc4[nH]3)c2)c1)Nc1cccc(-c2cccc(F)c2F)c1,-9.678827361563519,3.1875244530828533,45_381
O=C(Nc1cccc(-c2cccc(-c3nc4ccccc4[nH]3)c2)c1)Nc1cccc(-c2cccc(F)c2F)c1,-9.896536796536797,3.218592063451191,45_382
O=C(Nc1cccc(-c2cccc(-c3cccc(C(=O)N4CCOCC4)c3)c2)c1)N1CCNCC1,-8.972727272727273,3.6199094052700564,45_383
O=C(Nc1cccc(-c2cccc(-c3nc4cc(F)ccc4[nH]3)c2)c1)Nc1cccc(-c2cccc(F)c2F)c1,-9.678827361563519,3.1875244530828533,45_384
Cn1c(-c2cccc(-c3cccc(NC(=O)Nc4cccc(-c5cccc(F)c5F)c4)c3)c2)nc2ccccc21,-9.926285714285713,3.216920496534968,45_385
Cn1c(-c2cccc(-c3cccc(NC(=O)Nc4cccc(-c5cccc(F)c5F)c4)c3)c2)nc2ccccc21,-9.926285714285713,3.216920496534968,45_386
O=C(Nc1cccc(-c2cccc(-c3cccc(-c4cccc(F)c4)c3)c2)c1)N1CCNCC1,-9.371232876712327,3.470002651546907,45_387
Cn1c(-c2cccc(-c3cccc(NC(=O)Nc4cccc(-c5cccc(F)c5F)c4)c3)c2)nc2ccccc21,-9.926285714285713,3.216920496534968,45_388
Cn1c(-c2cccc(-c3cccc(NC(=O)Nc4cccc(-c5cccc(F)c5F)c4)c3)c2)nc2ccccc21,-9.926285714285713,3.216920496534968,45_389
Cn1c(-c2cccc(-c3cccc(NC(=O)Nc4cccc(-c5cccc(F)c5F)c4)c3)c2)nc2ccccc21,-9.926285714285713,3.216920496534968,45_390
Cn1c(-c2cccc(-c3cccc(NC(=O)Nc4cccc(-c5cccc(C(=O)N6CCOCC6)c5)c4)c3)c2)nc2ccccc21,-9.516129032258064,3.2756851861708367,45_391
Cn1c(-c2cccc(-c3cccc(NC(=O)Nc4cccc(-c5cccc(F)c5F)c4)c3)c2)nc2ccccc21,-9.926285714285713,3.216920496534968,45_392
O=C(c1cccc(-c2cccc(-c3cccc(-c4nn[nH]n4)c3)c2)c1)N1CCNCC1,-8.92222222222222,3.6709921779215158,45_393
O=C(c1cccc(-c2cccc(-c3cccc(-c4ccccc4F)c3)c2)c1)N1CCNCC1,-9.351724137931035,3.508189933556279,45_394
O=C(Nc1cccc(-c2cccc(-c3nc4ccccc4[nH]3)c2)c1)Nc1cccc(-c2cccc(F)c2F)c1,-9.896536796536797,3.218592063451191,45_395
O=C(Nc1cccc(-c2cccc(-c3cccc(-c4nn[nH]n4)c3)c2)c1)Nc1cccc(-c2cccc(F)c2F)c1,-9.63,3.286971097546113,45_396
O=C(Nc1cccc(-c2cccc(-c3cccc(C(F)(F)F)c3)c2)c1)Nc1cccc(-c2cccc(F)c2F)c1,-9.565853658536586,2.963519940967514,45_397
O=C(Nc1cccc(-c2cccc(-c3nc4cc(F)ccc4[nH]3)c2)c1)Nc1cccc(-c2cccc(F)c2F)c1,-9.678827361563519,3.1875244530828533,45_398
Cn1c(-c2cccc(-c3cccc(NC(=O)Nc4cccc(-c5cccc(-c6cccc(F)c6)c5)c4)c3)c2)nc2ccccc21,-9.742222222222223,3.0539916384657317,45_399
O=C(Nc1cccc(-c2cccc(-c3cccc(-c4nn[nH]n4)c3)c2)c1)Nc1cccc(-c2cccc(F)c2F)c1,-9.63,3.286971097546113,45_400
O=C(Nc1cccc(-c2cccc(-c3cccc(-c4ccccc4F)c3)c2)c1)N1CCNCC1,-9.369655172413793,3.470002651546907,45_401
O=C(Nc1cccc(-c2cccc(-c3nc4ccccc4[nH]3)c2)c1)Nc1cccc(-c2cccc(F)c2F)c1,-9.896536796536797,3.218592063451191,45_402
O=C(Nc1cccc(-c2cccc(-c3nc4ccccc4[nH]3)c2)c1)Nc1cccc(-c2cccc(F)c2F)c1,-9.896536796536797,3.218592063451191,45_403
O=C(c1cccc(-c2cccc(-c3ccc4c(c3)OCCO4)c2F)c1)N1CCNCC1,-8.7,3.6553838184373157,45_404
O=C(CN(c1ccc2c(c1)OCO2)S(=O)(=O)c1ccccc1F)Nc1ccccc1N1CCCC1,-7.6,3.6129301211655873,45_405
O=C(Nc1cccc(-c2cccc(-c3cccc(-c4cccc(F)c4)c3)c2)c1)N1CCNCC1,-9.371232876712327,3.470002651546907,45_406
O=C(Nc1cccc(-c2cccc(-c3cccc(-c4cccc(F)c4)c3)c2)c1)N1CCNCC1,-9.371232876712327,3.470002651546907,45_407
O=C(Nc1cccc(-c2cccc(-c3cccc(-c4nn[nH]n4)c3)c2)c1)Nc1cccc(-c2cccc(F)c2F)c1,-9.63,3.286971097546113,45_408
O=C(Nc1cccc(-c2cccc(F)c2F)c1)Nc1cccc(-c2cccc(-c3nc4cc(F)ccc4[nH]3)c2F)c1,-10.01505376344086,3.128615257744718,45_409
O=C(Nc1cccc(-c2cccc(-c3cccc(-c4cccc(F)c4)c3)c2)c1)N1CCNCC1,-9.371232876712327,3.470002651546907,45_410
Cn1c(-c2cccc(-c3cccc(NC(=O)NCc4cccc(-c5cccc(C(=O)N6CCOCC6)c5)c4)c3)c2)nc2ccccc21,-10.0,3.2490443349526457,45_411
O=C(Nc1ccc2ccccc2c1)c1cc(-c2cccc(-c3ccccc3)c2)nc2ccccc12,-9.2,3.2996492671697686,45_412
Cn1c(-c2cccc(-c3cccc(NC(=O)Nc4cccc(-c5cccc(C(=O)N6CCOCC6)c5)c4)c3)c2)nc2ccccc21,-9.516129032258064,3.2756851861708367,45_413
O=C(Nc1cccc(-c2cccc(-c3cccc(-c4nn[nH]n4)c3)c2)c1)Nc1cccc(-c2cccc(F)c2F)c1,-9.63,3.286971097546113,45_414
O=C(Nc1cccc(-c2cccc(-c3nc4cc(F)ccc4[nH]3)c2)c1)Nc1cccc(-c2cccc(F)c2F)c1,-9.678827361563519,3.1875244530828533,45_415
O=C(c1cccc(-c2cccc(C(=O)N3CCN(c4cccc(C(F)(F)F)n4)CC3)c2)c1)N1CCOCC1,-8.6,3.565339928233987,45_416
O=C(c1cccc(-c2cccc(-c3ccc4c(c3)OCO4)c2)c1)N1CCN(C(=O)c2cccc(F)c2F)CC1,-9.34,3.4645763407894306,45_417
Cn1c(-c2cccc(-c3cccc(NC(=O)Nc4cccc(-c5cccc(F)c5F)c4)c3)c2)nc2ccccc21,-9.926285714285713,3.216920496534968,45_418
O=[N+]([O-])c1cccc(-c2cccc(-c3cccc(-c4ccc5c(c4)OCO5)c3)c2)c1,-8.5,3.4716370022159886,45_419
O=C(Nc1cccc(-c2cccc(-c3nc4cc(F)ccc4[nH]3)c2)c1)Nc1cccc(-c2cccc(F)c2F)c1,-9.678827361563519,3.1875244530828533,45_420
O=C(c1cccc(F)c1)N1CCN(C(=O)c2cccc(-c3cccc(-c4nc5ccccc5[nH]4)c3)c2)CC1,-9.024999999999999,3.4726691133897107,45_421
N#Cc1ccccc1-c1cccc(C(=O)N2CCN(C(=O)c3cccc(-c4cccc(-c5cccc(F)c5)c4)c3)CC2)c1,-9.0,3.260541334490747,45_422
O=C(Nc1cccc(-c2cccc(-c3cccc(-c4ccccc4F)c3)c2)c1)N1CCNCC1,-9.369655172413793,3.470002651546907,45_423
O=C(Nc1cccc(-c2cccc(C(=O)N3CCOCC3)c2)c1)Nc1cccc(-c2cccc(F)c2F)c1,-9.433333333333334,3.5133545427940325,45_424
O=C(Nc1cccc(-c2cccc(-c3cccc(-c4nn[nH]n4)c3)c2)c1)Nc1cccc(-c2cccc(F)c2F)c1,-9.63,3.286971097546113,45_425
O=C(c1cccc(-c2cccc(-c3cccc4ccccc34)c2)c1)N1CCN(c2ccccc2F)CC1,-9.266666666666667,3.2138302346186602,45_426
O=C(Nc1cccc(-c2cccc(-c3nc4ccccc4[nH]3)c2)c1)Nc1cccc(-c2cccc(F)c2F)c1,-9.896536796536797,3.218592063451191,45_427
O=C(Nc1cccc(-c2cccc(-c3nc4ccccc4[nH]3)c2)c1)Nc1cccc(-c2cccc(F)c2F)c1,-9.896536796536797,3.218592063451191,45_428
O=C(Nc1cccc(-c2cccc(-c3nc4ccccc4[nH]3)c2)c1)Nc1cccc(-c2cccc(F)c2F)c1,-9.896536796536797,3.218592063451191,45_429
O=C(Nc1cccc(-c2cccc(-c3nc4ccccc4[nH]3)c2)c1)Nc1cccc(-c2cccc(F)c2F)c1,-9.896536796536797,3.218592063451191,45_430
O=C(Nc1cccc(-c2cccc(-c3nc4cc(F)ccc4[nH]3)c2)c1)Nc1cccc(-c2cccc(F)c2F)c1,-9.678827361563519,3.1875244530828533,45_431
O=C(Nc1cccc(-c2cccc(-c3nc4cc(F)ccc4[nH]3)c2)c1)Nc1cccc(-c2cccc(F)c2F)c1,-9.678827361563519,3.1875244530828533,45_432
O=C(Nc1cccc(-c2cccc(-c3cccc(-c4ccccc4F)c3)c2)c1)N1CCNCC1,-9.369655172413793,3.470002651546907,45_433
O=C(Nc1cccc(-c2cccc(-c3nc4ccccc4[nH]3)c2)c1)Nc1cccc(-c2cccc(F)c2F)c1,-9.896536796536797,3.218592063451191,45_434
O=C(c1cccc(-c2cccc(-c3cccc(-c4cccc(F)c4)c3)c2)c1)N1CCNCC1,-9.309999999999999,3.508189933556279,45_435
O=C(Nc1cccc(-c2cccc(-c3nc4cc(F)ccc4[nH]3)c2)c1)Nc1cccc(-c2cccc(F)c2F)c1,-9.678827361563519,3.1875244530828533,45_436
Cn1c(-c2cccc(-c3cccc(NC(=O)Nc4cccc(-c5cccc(F)c5F)c4)c3)c2)nc2ccccc21,-9.926285714285713,3.216920496534968,45_437
O=C(Nc1cccc(-c2cncc(-c3cccc(-c4ccccc4F)c3)c2)c1)N1CCNCC1,-9.6,3.5739418461758903,45_438
Cn1c(-c2cccc(-c3cccc(NC(=O)Nc4cccc(-c5cccc(F)c5F)c4)c3)c2)nc2ccccc21,-9.926285714285713,3.216920496534968,45_439
O=C(Nc1cccc(-c2cccc(-c3nc4ccccc4[nH]3)c2)c1)Nc1cccc(-c2cccc(F)c2F)c1,-9.896536796536797,3.218592063451191,45_440
Cn1c(-c2cccc(-c3cccc(NC(=O)Nc4cccc(-c5cccc(-c6cccc(F)c6)c5)c4)c3)c2)nc2ccccc21,-9.742222222222223,3.0539916384657317,45_441
O=C(Nc1cccc(-c2cccc(-c3cccc(C(=O)N4CCOCC4)c3)c2)c1)N1CCNCC1,-8.972727272727273,3.6199094052700564,45_442
O=C(Nc1cccc(-c2cccc(-c3nc4cc(F)ccc4[nH]3)c2)c1)Nc1cccc(-c2cccc(F)c2F)c1,-9.678827361563519,3.1875244530828533,45_443
O=C(Nc1ccc2c(c1)OCO2)c1cccc(-c2cccc(-c3cccc(-c4cccc(-c5nn[nH]n5)c4)c3)c2)c1,-9.333333333333334,3.262189757005676,45_444
O=C(Nc1cccc(-c2cccc(F)c2F)c1)Nc1cccc(-c2cccc(-c3nc4cc(F)ccc4[nH]3)c2F)c1,-10.01505376344086,3.128615257744718,45_445
O=C(Nc1cccc(-c2cccc(-c3nc4cc(F)ccc4[nH]3)c2)c1)Nc1cccc(-c2cccc(F)c2F)c1,-9.678827361563519,3.1875244530828533,45_446
O=C(Nc1cccc(-c2cccc(-c3nc4ccccc4[nH]3)c2)c1)Nc1cccc(-c2cccc(F)c2F)c1,-9.896536796536797,3.218592063451191,45_447
O=C(Nc1cccc(-c2cccc(-c3cccc(-c4ccccc4F)c3)c2)c1)N1CCNCC1,-9.369655172413793,3.470002651546907,45_448
O=C(c1cccc(-c2cccc(-c3cccc(F)c3)c2)c1)N1CCN(c2cccc(C(F)(F)F)c2)CC1,-8.850000000000001,3.323511212462599,45_449
O=C(Nc1cccc(-c2cccc(-c3nc4cc(F)ccc4[nH]3)c2)c1)Nc1cccc(-c2cccc(F)c2F)c1,-9.678827361563519,3.1875244530828533,45_450
O=C(Nc1cccc(-c2cccc(-c3cccc(C(=O)N4CCOCC4)c3)c2)c1)N1CCNCC1,-8.972727272727273,3.6199094052700564,45_451
O=C(Nc1cccc(-c2cccc(-c3nc4cc(F)ccc4[nH]3)c2)c1)Nc1cccc(-c2cccc(F)c2F)c1,-9.678827361563519,3.1875244530828533,45_452
Cn1c(-c2ccc(F)c(NC(=O)c3cccc(-c4cccc(-c5cccc(-c6ccccc6F)c5)c4)c3)c2)nc2ccccc21,-9.1,3.089613470583556,45_453
C=C(C=CC=CC(=C)C=CC=Cn1c(-c2cccc(-c3ccc4c(c3)OCCO4)c2)nc2ccccc2c1=O)C=CC=CC(=C)c1cccc(-c2nc3ccccc3[nH]2)c1,-8.0,2.721102562192609,45_454
O=C(Nc1cccc(-c2cccc(-c3cccc(C(F)(F)F)c3)c2)c1)Nc1cccc(-c2cccc(F)c2F)c1,-9.565853658536586,2.963519940967514,45_455
O=C(Nc1cccc(-c2cccc(-c3cccc(-c4cccc(F)c4)c3)c2)c1)N1CCNCC1,-9.371232876712327,3.470002651546907,45_456
O=C(Nc1cccc(-c2cccc(-c3cccc(C(=O)N4CCOCC4)c3)c2)c1)N1CCNCC1,-8.972727272727273,3.6199094052700564,45_457
O=C(Nc1cccc(-c2cccc(F)c2F)c1)Nc1cccc(-c2cccc(-c3nc4cc(F)ccc4[nH]3)c2F)c1,-10.01505376344086,3.128615257744718,45_458
O=C(Nc1cccc(-c2cccc(-c3nc4cc(F)ccc4[nH]3)c2)c1)Nc1cccc(-c2cccc(F)c2F)c1,-9.678827361563519,3.1875244530828533,45_459
Cn1c(-c2cccc(-c3cccc(-c4cccc(-c5cccc(C(=O)O)c5)c4)c3)c2)nc2ccccc21,-9.8,3.24791398890646,45_460
O=C(Nc1cccc(-c2cccc(-c3nc4ccccc4[nH]3)c2)c1)Nc1cccc(-c2cccc(F)c2F)c1,-9.896536796536797,3.218592063451191,45_461
O=C(c1cccc(-c2cccc(-c3cccc(F)c3)c2)c1)N1CCN(C(=O)c2cccc(F)c2F)CC1,-9.1,3.461450654381414,45_462
O=C(Nc1cccc(-c2cccc(-c3cccc(-c4cccc(F)c4)c3)c2)c1)N1CCNCC1,-9.371232876712327,3.470002651546907,45_463
O=C(c1cccc(-c2cccc(-c3ccc4c(c3)OCCO4)c2F)c1)N1CCNCC1,-8.7,3.6553838184373157,45_464
O=C(Nc1cccc(-c2cccc(C(=O)N3CCOCC3)c2)c1)Nc1cccc(-c2cccc(-c3nc4ccccc4[nH]3)c2)c1,-9.05,3.1992077519723034,45_465
Cn1c(-c2cccc(-c3cccc(NC(=O)Nc4cccc(-c5cccc(-c6ccccc6F)c5)c4)c3)c2)nc2ccccc21,-10.0,3.0539916384657317,45_466
O=C(Nc1cccc(-c2cccc(F)c2F)c1)Nc1cccc(-c2cccc(-c3nc4cc(F)ccc4[nH]3)c2F)c1,-10.01505376344086,3.128615257744718,45_467
O=C(Nc1ccc2c(c1)CCCN2C(=O)c1cccs1)c1cccc(-c2cccc(-c3ccc4c(c3)OCO4)c2)c1,-8.2,3.280945896334074,45_468
O=C(Nc1cccc(-c2cccc(-c3nc4cc(F)ccc4[nH]3)c2)c1)Nc1cccc(-c2cccc(F)c2F)c1,-9.678827361563519,3.1875244530828533,45_469
O=C(Nc1cccc(-c2cccc(-c3cccc(C(F)(F)F)c3)c2)c1)Nc1cccc(-c2cccc(F)c2F)c1,-9.565853658536586,2.963519940967514,45_470
O=C(c1cccc(-c2cccc(-c3cccc(-c4nc5ccccc5[nH]4)c3)c2)c1)N1CCNCC1,-9.383333333333333,3.440998249723921,45_471
Cn1c(-c2cccc(-c3cccc(NC(=O)Nc4cccc(-c5cccc(N6CCCC6)n5)c4)c3)c2)nc2ccccc21,-9.95,3.2672563826300873,45_472
O=C(c1cccc(-c2cccc(C(=O)N3CCN(C(=O)c4c(F)cccc4F)CC3)c2)c1)N1CCOCC1,-8.7,3.588587880517159,45_473
Cn1c(-c2cccc(-c3cccc(NC(=O)Nc4cccc(-c5cccc(F)c5F)c4)c3)c2)nc2ccccc21,-9.926285714285713,3.216920496534968,45_474
O=C(Nc1cccc(-c2cccc(-c3nc4cc(F)ccc4[nH]3)c2)c1)Nc1cccc(-c2cccc(F)c2F)c1,-9.678827361563519,3.1875244530828533,45_475
Cn1c(-c2cccc(-c3cccc(NC(=O)Nc4cccc(-c5cccc(-c6cccc(F)c6)c5)c4)c3)c2)nc2ccccc21,-9.742222222222223,3.0539916384657317,45_476
O=C(c1cccc(-c2cccc(-c3cccc(-c4ccccc4F)c3)c2)c1)N1CCNCC1,-9.351724137931035,3.508189933556279,45_477
O=C(Nc1cccc(-c2cccc(-c3ccc4c(c3)OCO4)c2)c1)Nc1cccc(-c2cccc3[nH]ccc23)c1,-9.8,3.1160720188911917,45_478
O=C(Nc1cccc(-c2cccc(C(=O)N3CCOCC3)c2)c1)Nc1cccc(-c2cccc(F)c2F)c1,-9.433333333333334,3.5133545427940325,45_479
O=C(Nc1cccc(-c2cccc(-c3nc4cc(F)ccc4[nH]3)c2)c1)Nc1cccc(-c2cccc(F)c2F)c1,-9.678827361563519,3.1875244530828533,45_480
O=C(c1cccc(-c2cccc(-c3cccc(-c4nn[nH]n4)c3)c2)c1)N1CCNCC1,-8.92222222222222,3.6709921779215158,45_481
O=C(Nc1cccc(-c2cccc(-c3cccc(-c4cccc(F)c4)c3)c2)c1)N1CCNCC1,-9.371232876712327,3.470002651546907,45_482
Cn1c(-c2cccc(-c3cccc(NC(=O)Nc4cccc(-c5cccc(F)c5F)c4)c3)c2)nc2ccccc21,-9.926285714285713,3.216920496534968,45_483
N=C(N)c1cccc(-c2cccc(-c3cccc(-c4cccc(-c5ccccc5F)c4)c3)c2)c1,-10.0,3.1121010135877416,45_484
O=C(Nc1cccc(-c2cccc(F)c2F)c1)Nc1cccc(-c2cccc(-c3nc4cc(F)ccc4[nH]3)c2F)c1,-10.01505376344086,3.128615257744718,45_485
O=C(Nc1cccc(-c2cccc(-c3nc4cc(F)ccc4[nH]3)c2)c1)Nc1cccc(-c2cccc(F)c2F)c1,-9.678827361563519,3.1875244530828533,45_486
Cn1c(-c2cccc(-c3cccc(-c4ncc(CC(=O)O)cn4)c3)c2)nc2ccccc21,-8.5,3.5753097208942775,45_487
O=C(Nc1cccc(-c2cccc(-c3nc4ccccc4[nH]3)c2)c1)Nc1cccc(-c2cccc(F)c2F)c1,-9.896536796536797,3.218592063451191,45_488
O=C(Nc1nc(-c2cccc(F)c2)c2c(n1)-c1ccccc1OCC2)c1ccccc1F,-8.6,2.68526340742908,45_489
O=C(Nc1cccc(-c2cccc(-c3cccc(F)c3)c2)c1)Nc1cccc(-c2cccc(-c3ccc4c(c3)OCO4)c2)c1,-9.75,3.0769998633619515,45_490
O=C(Nc1cccc(-c2cccc(-c3cccc(-c4ccccc4F)c3)c2)c1)N1CCNCC1,-9.369655172413793,3.470002651546907,45_491
O=C(Nc1cccc(-c2cccc(-c3nc4cc(F)ccc4[nH]3)c2)c1)Nc1cccc(-c2cccc(F)c2F)c1,-9.678827361563519,3.1875244530828533,45_492
Cn1c(-c2cccc(-c3cccc(NC(=O)Nc4cccc(-c5cccc(C(=O)N6CCOCC6)c5)c4)c3)c2)nc2ccccc21,-9.516129032258064,3.2756851861708367,45_493
O=C(Nc1cccc(-c2cccc(-c3cccc(-c4nn[nH]n4)c3)c2)c1)Nc1cccc(-c2cccc(F)c2F)c1,-9.63,3.286971097546113,45_494
O=C(c1cccc(-c2cccc(-c3cccc(-c4ccccc4F)c3)c2)c1)N1CCNCC1,-9.351724137931035,3.508189933556279,45_495
O=C(Nc1cccc(-c2cccc(-c3nc4cc(F)ccc4[nH]3)c2)c1)Nc1cccc(-c2cccc(F)c2F)c1,-9.678827361563519,3.1875244530828533,45_496
O=C(O)c1cccc(-c2cccc(-c3cccc(-c4cccc(-c5nn[nH]n5)c4)c3)c2)c1,-9.55,3.5209447570051324,45_497
O=C(Nc1cccc(-c2cccc(-c3cccc(-c4ccccc4F)c3)c2)c1)N1CCNCC1,-9.369655172413793,3.470002651546907,45_498
O=C(Nc1cccc(-c2cccc(-c3nc4ccccc4[nH]3)c2)c1)Nc1cccc(-c2cccc(F)c2F)c1,-9.896536796536797,3.218592063451191,45_499
O=C(Nc1cccc(-c2cccc(-c3cccc(C(F)(F)F)c3)c2)c1)Nc1cccc(-c2cccc(F)c2F)c1,-9.565853658536586,2.963519940967514,45_500
NC(=O)c1cc(Cl)cc(-c2cccc(-c3cccc(-c4ccc5c(c4)OCO5)c3)c2)c1,-8.6,3.5171009409667393,45_501
O=C(c1cccc(-c2cccc(-c3ccc4c(c3)OCO4)c2)c1)N1CCN(C(=O)c2cccc3ccccc23)CC1,-9.540000000000001,3.2703075927733467,45_502
Cn1c(-c2cccc(-c3cccc(NC(=O)Nc4cccc(-c5cc[nH]n5)c4)c3)c2)nc2ccccc21,-9.0,3.26591165299389,45_503
O=C(Nc1cccc(-c2cccc(-c3nc4cc(F)ccc4[nH]3)c2)c1)Nc1cccc(-c2cccc(F)c2F)c1,-9.678827361563519,3.1875244530828533,45_504
O=C(Nc1cccc(-c2cccc(-c3nc4ccccc4[nH]3)c2)c1)Nc1cccc(-c2cccc(F)c2F)c1,-9.896536796536797,3.218592063451191,45_505
O=C(c1cccc(-c2cccc(-c3ccc4c(c3)OCO4)c2)c1)N1CCN(C(=O)c2ccco2)CC1,-8.9,3.5196191373887626,45_506
Cn1c(-c2cccc(-c3cccc(NC(=O)Nc4cccc(-c5cccc(F)c5F)c4)c3)c2)nc2ccccc21,-9.926285714285713,3.216920496534968,45_507
Cn1c(-c2cccc(-c3cccc(NC(=O)Nc4cccc(-c5cccc(C(=O)N6CCOCC6)c5)c4)c3)c2)nc2ccccc21,-9.516129032258064,3.2756851861708367,45_508
O=C(Nc1cccc(-c2cccc(-c3cccc(-c4cccc(-c5nn[nH]n5)c4)c3)c2)c1)Nc1cccc(-c2cccc(F)c2F)c1,-10.2,3.0745566768795927,45_509
O=C(Nc1cccc(-c2cccc(-c3cccc(-c4ccccc4F)c3)c2)c1)N1CCNCC1,-9.369655172413793,3.470002651546907,45_510
O=C(Nc1cccc(-c2cccc(-c3nc4cc(F)ccc4[nH]3)c2)c1)Nc1cccc(-c2cccc(F)c2F)c1,-9.678827361563519,3.1875244530828533,45_511
O=C(O)c1cccc(-c2cccc(-c3cccc(-c4cccc(-c5nn[nH]n5)c4)c3)c2)c1,-9.55,3.5209447570051324,45_512
Cn1c(-c2cccc(-c3cccc(NC(=O)Nc4cccc(-c5cccc(F)c5F)c4)c3)c2)nc2ccccc21,-9.926285714285713,3.216920496534968,45_513
O=C(Nc1cccc(-c2cccc(-c3nc4cc(F)ccc4[nH]3)c2)c1)Nc1cccc(-c2cccc(F)c2F)c1,-9.678827361563519,3.1875244530828533,45_514
O=C(Nc1cccc(-c2cccc(-c3nc4cc(F)ccc4[nH]3)c2)c1)Nc1cccc(-c2cccc(F)c2F)c1,-9.678827361563519,3.1875244530828533,45_515
O=C(Nc1cccc(-c2cccc(-c3cccc(-c4ccccc4F)c3)c2)c1)N1CCNCC1,-9.369655172413793,3.470002651546907,45_516
O=C(Nc1cccc(-c2cccc(-c3nc4ccccc4[nH]3)c2)c1)Nc1cccc(-c2cccc(F)c2F)c1,-9.896536796536797,3.218592063451191,45_517
O=C(O)c1ccc(-c2cccc(-c3cccc(-c4cccc(C(=O)N5CCOCC5)c4)c3)c2)nc1N(Cc1ccccc1)C(=O)c1cccc(-c2cccc(F)c2F)c1,-8.4,2.9329058767930998,45_518
Cn1c(-c2cccc(-c3cccc(NC(=O)Nc4cccc(-c5cccc(C(=O)N6CCOCC6)c5)c4)c3)c2)nc2ccccc21,-9.516129032258064,3.2756851861708367,45_519
Cn1c(-c2cccc(-c3cccc(NC(=O)Nc4cccc(-c5cccc(C(=O)N6CCOCC6)c5)c4)c3)c2)nc2ccccc21,-9.516129032258064,3.2756851861708367,45_520
O=C(Nc1cccc(-c2cccc(N3CCCC3)n2)c1)Nc1cccc(-c2cccc(F)c2F)c1,-10.1,3.524728315066776,45_521
O=C(Nc1cccc(-c2cccc(-c3nc4cc(F)ccc4[nH]3)c2)c1)Nc1cccc(-c2cccc(F)c2F)c1,-9.678827361563519,3.1875244530828533,45_522
O=C(Nc1ccccc1C(=O)N1CCOCC1)c1cccc(-c2cccc(-c3cccc(-c4cccc(-c5ccccc5F)c4)c3)c2)c1,-9.4,3.1263049815711668,45_523
O=C(Nc1cccc(-c2cccc(-c3cccc(-c4nn[nH]n4)c3)c2)c1)Nc1cccc(-c2cccc(F)c2F)c1,-9.63,3.286971097546113,45_524
Cn1c(-c2cccc(-c3cccc(NC(=O)Nc4ccc5c(c4)CCC(c4ccccc4)=N5)c3)c2)nc2ccccc21,-10.2,3.2484893467778786,45_525
O=C(Nc1cccc(-c2cccc(F)c2F)c1)Nc1cccc(-c2cccc(-c3nc4cc(F)ccc4[nH]3)c2F)c1,-10.01505376344086,3.128615257744718,45_526
O=C(Nc1cccc(-c2cccc(-c3nc4cc(F)ccc4[nH]3)c2)c1)Nc1cccc(-c2cccc(F)c2F)c1,-9.678827361563519,3.1875244530828533,45_527
O=C(Nc1cccc(-c2cccc(-c3cccc(C(F)(F)F)c3)c2)c1)Nc1cccc(-c2cccc(F)c2F)c1,-9.565853658536586,2.963519940967514,45_528
O=C(Nc1cccc(-c2cccc(-c3cccc(-c4nc5ccccc5[nH]4)c3)c2)c1)N1CCNCC1,-9.297435897435896,3.368308336165232,45_529
O=C(Nc1ccccc1)c1cccc(-c2cccc(-c3cccc(-c4cccc(-c5nn[nH]n5)c4)c3)c2)c1,-9.2,3.409440690452807,45_530
O=C(Nc1cccc(-c2cccc(-c3cccc(C(=O)N4CCOCC4)c3)c2)c1)N1CCNCC1,-8.972727272727273,3.6199094052700564,45_531
O=C(c1cccc(-c2cccc(-c3cccc(-c4ccccc4F)c3)c2)c1)N1CCNCC1,-9.351724137931035,3.508189933556279,45_532
O=C(Nc1cccc(-c2cccc(-c3nc4cc(F)ccc4[nH]3)c2)c1)Nc1cccc(-c2cccc(F)c2F)c1,-9.678827361563519,3.1875244530828533,45_533
O=C(Nc1cccc(-c2cccc(-c3nc4ccccc4[nH]3)c2)c1)Nc1cccc(-c2cccc(F)c2F)c1,-9.896536796536797,3.218592063451191,45_534
Cn1c(-c2cccc(-c3cccc(NC(=O)Nc4cccc(-c5cccc(F)c5F)c4)c3)c2)nc2ccccc21,-9.926285714285713,3.216920496534968,45_535
O=C(Nc1cccc(-c2cccc(-c3cccc(-c4ccccc4F)c3)c2)c1)N1CCNC2CCC1C2,-9.7,2.3622534456561386,45_536
O=C(Nc1cccc(-c2cccc(-c3nc4cc(F)ccc4[nH]3)c2)c1)Nc1cccc(-c2cccc(F)c2F)c1,-9.678827361563519,3.1875244530828533,45_537
O=C(Nc1cccc(-c2cccc(-c3nc4cc(F)ccc4[nH]3)c2)c1)Nc1cccc(-c2cccc(F)c2F)c1,-9.678827361563519,3.1875244530828533,45_538
O=C1CSC(c2cccc(-c3cccc(-c4nc5cc(F)ccc5[nH]4)c3)c2)N1,-8.6,3.616376337586236,45_539
O=C(Nc1cccc(-c2cccc(-c3nc4cc(F)ccc4[nH]3)c2)c1)Nc1cccc(-c2cccc(F)c2F)c1,-9.678827361563519,3.1875244530828533,45_540
O=C(O)Cc1nn(-c2c[nH]c3cc(-c4cc5ccccc5s4)ccc23)c(=O)c2ccccc12,-7.5,3.4480878565619166,45_541
Cn1c(-c2cccc(-c3cccc(NC(=O)Nc4cccc(-c5cccc(F)c5F)c4)c3)c2)nc2ccccc21,-9.926285714285713,3.216920496534968,45_542
O=C(Nc1cccc(-c2cccc(-c3nc4ccccc4[nH]3)c2)c1)Nc1cccc(-c2cccc(F)c2F)c1,-9.896536796536797,3.218592063451191,45_543
N#Cc1cccnc1-c1cccc(-c2cccc(NC(=O)Nc3cccc(-c4cccc(F)c4F)c3)c2)c1,-9.25,3.3763915698637668,45_544
O=C(Nc1cccc(-c2cccc(-c3cccc(-c4ccccc4F)c3)c2)c1)N1CCNCC1,-9.369655172413793,3.470002651546907,45_545
O=C(Nc1cccc(-c2cccc(-c3cccc(-c4nc5ccccc5[nH]4)c3)c2)c1)N1CCNCC1,-9.297435897435896,3.368308336165232,45_546
O=C(c1cccc(-c2cccc(C(=O)N3CCN(C(=O)c4cccc(F)c4)CC3)c2)c1)N1CCOCC1,-8.5,3.598215080020839,45_547
O=C(Nc1cccc(-c2cccc(C(=O)N3CCOCC3)c2)c1)Nc1cccc(-c2cccc(F)c2F)c1,-9.433333333333334,3.5133545427940325,45_548
O=C(Nc1cccc(-c2cccc(-c3cccc(F)c3)c2)c1)Nc1cccc(-c2cccc(F)c2F)c1,-9.925,3.1787533639972665,45_549
Cn1c(-c2cccc(-c3cccc(-c4cccc(Cl)c4)c3)c2)nc2ccccc21,-8.6,3.1640311105513046,45_550
O=S(=O)(Nc1cccc(F)n1)c1cccc(-c2cccc(-c3cccc(-c4ccccc4F)c3)c2)c1,-9.0,3.4026589139950034,45_551
Cn1c(-c2cccc(-c3cccc(NC(=O)Nc4cccc(-c5cccc(F)c5F)c4)c3)c2)nc2ccccc21,-9.926285714285713,3.216920496534968,45_552
O=C(Nc1cccc(-c2cccc(-c3nc4cc(F)ccc4[nH]3)c2)c1)Nc1cccc(-c2cccc(F)c2F)c1,-9.678827361563519,3.1875244530828533,45_553
O=C(Nc1cccc(-c2cccc(-c3nc4cc(F)ccc4[nH]3)c2)c1)Nc1cccc(-c2cccc(F)c2F)c1,-9.678827361563519,3.1875244530828533,45_554
O=C(Nc1cccc(-c2cccc(-c3cccc(-c4ccccc4F)c3)c2)c1)N1CCNCC1,-9.369655172413793,3.470002651546907,45_555
O=C(Nc1cccc(-c2cccc(F)c2F)c1)Nc1cccc(-c2cccc(-c3nc4cc(F)ccc4[nH]3)c2F)c1,-10.01505376344086,3.128615257744718,45_556
Cn1c(-c2cccc(-c3cccc(NC(=O)Nc4cccc(-c5cccc(F)c5F)c4)c3)c2)nc2ccccc21,-9.926285714285713,3.216920496534968,45_557
O=C(Nc1ccc(-c2ccc3c(c2)OCO3)nc1)Nc1cccc(-c2cccc(-c3ccc4c(c3)OCO4)c2)c1,-9.7,3.2725395386826275,45_558
O=C(Nc1cccc(-c2cccc(-c3cccc(-c4nc5ccccc5[nH]4)c3)c2)c1)N1CCNCC1,-9.297435897435896,3.368308336165232,45_559
O=C(c1cccc(-c2cccc(-c3cccc(-c4cccc(F)c4)c3)c2)c1)N1CCNCC1,-9.309999999999999,3.508189933556279,45_560
O=C(c1cccc(-c2cccc(-c3cccc(-c4cccc(F)c4)c3)c2)c1)N1CCNCC1,-9.309999999999999,3.508189933556279,45_561
O=C(Nc1cccc(-c2cccc(-c3cccc(-c4ccccc4F)c3)c2)c1)N1CCNCC1,-9.369655172413793,3.470002651546907,45_562
O=C(c1cccc(-c2cccc(-c3ccc4c(c3)OCCO4)c2F)c1)N1CCNCC1,-8.7,3.6553838184373157,45_563
Cn1c(-c2cccc(-c3cccc(NC(=O)Nc4cccc(-c5cccc(C(=O)N6CCOCC6)c5)c4)c3)c2)nc2ccccc21,-9.516129032258064,3.2756851861708367,45_564
Cn1c(-c2cccc(-c3cccc(C(=O)Nc4cc(-c5cccc(-c6ccccc6F)c5)ccc4F)c3)c2)nc2ccccc21,-9.0,3.089613470583556,45_565
C1=COC=CC(c2cccc(-c3cccc(-c4cccc(-c5nc6ccccc6[nH]5)c4)c3)c2)=C1,-9.5,2.3259944751443813,45_566
O=C(c1cccc(-c2cccc(-c3nc4cc(F)ccc4[nH]3)c2)c1)N1CCNCC1,-8.6125,3.6450984636569372,45_567
O=C(Nc1cccc(-c2cccc(-c3ccccc3F)n2)c1)Nc1cccc(-c2cccc(F)c2F)c1,-10.4,3.3227835356109523,45_568
O=C(Nc1cccc(-c2cccc(-c3cccc(-c4ccccc4F)c3)c2)c1)N1CCNCC1,-9.369655172413793,3.470002651546907,45_569
O=C(Nc1cccc(-c2cccc(-c3cccc(-c4ccccc4F)c3)c2)c1)N1CCNCC1,-9.369655172413793,3.470002651546907,45_570
O=C(Nc1cccc(-c2cccc(-c3cccc(-c4nn[nH]n4)c3)c2)c1)Nc1cccc(-c2cccc(F)c2F)c1,-9.63,3.286971097546113,45_571
O=C(Nc1cccc(-c2cccc(F)c2)c1)Nc1cccc(-c2cccc(-c3cccc(-c4cccc(C(F)(F)F)c4)c3)c2)c1,-8.7,2.8197828255274384,45_572
Cn1c(-c2cccc(-c3cccc(NC(=O)Nc4cccc(-c5cccc(F)c5F)c4)c3)c2)nc2ccccc21,-9.926285714285713,3.216920496534968,45_573
O=C(Nc1cccc(-c2cccc(-c3cccc(-c4cccc(C(F)(F)F)c4)c3)c2)c1)N1CCNCC1,-9.5,3.4336363502266005,45_574
Cn1c(-c2cccc(-c3cccc(NC(=O)Nc4cccc(-c5cccc(F)c5F)c4)c3)c2)nc2ccccc21,-9.926285714285713,3.216920496534968,45_575
O=c1c(C=CCCc2cccc(-c3cccc(-c4cccc(-c5ccccc5F)c4)c3)c2)c1N1CCNCC1,-8.8,3.2592080557112495,45_576
O=C1O/C(=C\c2ccccc2[N+](=O)[O-])C=C1C=Nc1ccccc1-c1ccc2ccccc2c1,-8.1,3.2749353945809796,45_577
O=C(Nc1cccc(-c2cccc(-c3cccc(-c4ccccc4F)c3)c2)c1)N1CCNCC1,-9.369655172413793,3.470002651546907,45_578
O=C(Nc1cccc(-c2cccc(-c3nc4cc(F)ccc4[nH]3)c2)c1)Nc1cccc(-c2cccc(F)c2F)c1,-9.678827361563519,3.1875244530828533,45_579
O=C(NNC(=O)c1cccc(-c2cccc(-c3cccc(F)c3)c2)c1)Nc1cccc(-c2cccc(F)c2F)c1,-8.1,3.2028534063193996,45_580
O=C(Nc1cccc(-c2cccc(-c3cccc(-c4ccccc4F)c3)c2)c1)N1CCNCC1,-9.369655172413793,3.470002651546907,45_581
O=C(c1cccc(-c2cccc(-c3cccc(-c4ccccc4F)c3)c2)c1)N1CCNCC1,-9.351724137931035,3.508189933556279,45_582
O=C(Nc1cccc(-c2cccc(-c3nc4cc(F)ccc4[nH]3)c2)c1)Nc1cccc(-c2cccc(F)c2F)c1,-9.678827361563519,3.1875244530828533,45_583
O=C(Nc1cccc(-c2cccc(F)c2F)c1)Nc1cccc(-c2cccc(-c3nc4cc(F)ccc4[nH]3)c2F)c1,-10.01505376344086,3.128615257744718,45_584
O=C(Nc1cccc(-c2cccc(-c3nc4cc(F)ccc4[nH]3)c2)c1)Nc1cccc(-c2cccc(F)c2F)c1,-9.678827361563519,3.1875244530828533,45_585
O=C(Nc1cccc(-c2cccc(-c3nc4ccccc4[nH]3)c2)c1)Nc1cccc(-c2cccc(F)c2F)c1,-9.896536796536797,3.218592063451191,45_586
Cn1c(-c2cccc(-c3cccc(NC(=O)Nc4cccc(-c5cccc(C(=O)N6CCOCC6)c5)c4)c3)c2)nc2ccccc21,-9.516129032258064,3.2756851861708367,45_587
Cn1c(-c2cccc(-c3cccc(NC(=O)Nc4cccc(-c5cccc(F)c5F)c4)c3)c2)nc2ccccc21,-9.926285714285713,3.216920496534968,45_588
Cn1c(-c2cccc(-c3cccc(NC(=O)Nc4cccc(-c5cccc(F)c5F)c4)c3)c2)nc2ccccc21,-9.926285714285713,3.216920496534968,45_589
Cn1c(-c2cccc(-c3cccc(NC(=O)Nc4cccc(-c5cccc(F)c5F)c4)c3)c2)nc2ccccc21,-9.926285714285713,3.216920496534968,45_590
O=C(Nc1cccc(-c2cccc(-c3nc4cc(F)ccc4[nH]3)c2)c1)Nc1cccc(-c2cccc(F)c2F)c1,-9.678827361563519,3.1875244530828533,45_591
O=C(Nc1ccc(F)cc1)Nc1cccc(-c2cccc(-c3cccc(-c4cccc(-c5nn[nH]n5)c4)c3)c2)c1,-9.4,3.296343456165853,45_592
Cn1c(-c2cccc(-c3cccc(NC(=O)Nc4cccc(-c5cccc(-c6cccc(F)c6)c5)c4)c3)c2)nc2ccccc21,-9.742222222222223,3.0539916384657317,45_593
O=C(Nc1cccc(-c2cccc(-c3nc4cc(F)ccc4[nH]3)c2)c1)Nc1cccc(-c2cccc(F)c2F)c1,-9.678827361563519,3.1875244530828533,45_594
O=C(Nc1cccc(-c2cccc(-c3nc4cc(F)ccc4[nH]3)c2)c1)Nc1cccc(-c2cccc(F)c2F)c1,-9.678827361563519,3.1875244530828533,45_595
Cn1c(-c2cccc(-c3cccc(NC(=O)Nc4cccc(-c5cccc(-c6ccccc6F)c5)c4)c3)c2)nc2ccccc21,-10.0,3.0539916384657317,45_596
O=C(NCc1ccccc1-n1cncn1)Nc1cccc(-c2ccc3c(c2)OCO3)c1,-7.6,3.6264669558462854,45_597
O=C(Nc1cccc(-c2cccc(-c3cccc(C(F)(F)F)c3)c2)c1)Nc1cccc(-c2cccc(F)c2F)c1,-9.565853658536586,2.963519940967514,45_598
O=C(Nc1cccc(-c2cccc(F)c2F)c1)Nc1cccc(-c2cccc(-c3nc4cc(F)ccc4[nH]3)c2F)c1,-10.01505376344086,3.128615257744718,45_599
O=C(Nc1ccccc1)c1cccc(Nc2cccc(-c3cccc(-c4cccc(C(F)(F)F)c4)c3)c2)c1,-8.5,3.1252333748095187,45_600
O=C(Nc1cccc(-c2ccco2)c1)c1cccc(-c2cccc(-c3cccc(-c4cccc(-c5nn[nH]n5)c4)c3)c2)c1,-9.4,3.2520694810849564,45_601
Cn1c(-c2cccc(-c3cccc(-c4cccc(NC(=O)N5CCNCC5)c4)c3)c2)nc2ccccc21,-9.5,3.454295250820488,45_602
O=C(Nc1cccc(-c2cccc(-c3nc4ccccc4[nH]3)c2)c1)Nc1cccc(-c2cccc(F)c2F)c1,-9.896536796536797,3.218592063451191,45_603
O=C(c1cccc(-c2cccc(-c3nc4ccccc4[nH]3)c2)c1)N1CCN(C(=O)c2cccc(F)c2F)CC1,-9.059999999999999,3.4743716563467535,45_604
O=C(c1cccc(-c2cccc(C(=O)N3CCN(c4cccc(C(F)(F)F)c4)CC3)c2)c1)N1CCOCC1,-8.84,3.5675074243249583,45_605
O=C(Nc1cccc(-c2cccc(-c3cccc(-c4nn[nH]n4)c3)c2)c1)Nc1cccc(-c2cccc(F)c2F)c1,-9.63,3.286971097546113,45_606
O=C(Nc1cccc(-c2cccc(-c3nc4cc(F)ccc4[nH]3)c2)c1)Nc1cccc(-c2cccc(F)c2F)c1,-9.678827361563519,3.1875244530828533,45_607
O=C(Nc1cccc(-c2cccc(-c3cccc(C(F)(F)F)c3)c2)c1)Nc1cccc(-c2cccc(F)c2F)c1,-9.565853658536586,2.963519940967514,45_608
Cn1c(-c2cccc(-c3cccc(NC(=O)Nc4cccc(-c5cccc(F)c5F)c4)c3)c2)nc2ccccc21,-9.926285714285713,3.216920496534968,45_609
O=C(c1cccc(-c2cccc(-c3cccc(-c4cccc(F)c4)c3)c2)c1)N1CCNCC1,-9.309999999999999,3.508189933556279,45_610
Oc1nc(Nc2ccccc2F)sc1Cc1cccc(-c2cccc(-c3cccc(-c4ccccc4F)c3)c2)c1,-8.95,3.094244365963362,45_611
O=C(Nc1cccc(-c2cccc(-c3nc4cc(F)ccc4[nH]3)c2)c1)Nc1cccc(-c2cccc(F)c2F)c1,-9.678827361563519,3.1875244530828533,45_612
O=C(Nc1cccc(-c2cccc(-c3nc4cc(F)ccc4[nH]3)c2)c1)Nc1cccc(-c2cccc(F)c2F)c1,-9.678827361563519,3.1875244530828533,45_613
O=C(Nc1cccc(-c2cccc(-c3cccc(-c4nn[nH]n4)c3)c2)c1)Nc1cccc(-c2cccc(F)c2F)c1,-9.63,3.286971097546113,45_614
O=C(Nc1cccc(-c2cccc(-c3nc4ccccc4[nH]3)c2)c1)Nc1cccc(-c2cccc(F)c2F)c1,-9.896536796536797,3.218592063451191,45_615
O=C(Nc1cccc(-c2cccc(-c3cccc(C(F)(F)F)c3)c2)c1)Nc1cccc(-c2cccc(F)c2F)c1,-9.565853658536586,2.963519940967514,45_616
O=C(c1cccc(-c2cccc(-c3cccc(-c4ccccc4F)c3)c2)c1)N1CCNCC1,-9.351724137931035,3.508189933556279,45_617
O=C(Nc1cccc(-c2cccc(-c3nc4cc(F)ccc4[nH]3)c2)c1)Nc1cccc(-c2cccc(F)c2F)c1,-9.678827361563519,3.1875244530828533,45_618
Cn1c(-c2cccc(-c3cccc(NC(=O)Nc4cccc(-c5cccc(C(=O)N6CCOCC6)c5)c4)c3)c2)nc2ccccc21,-9.516129032258064,3.2756851861708367,45_619
O=C(O)c1ccnc(-c2cccc(-c3cccc(-c4cccc(NC(=O)N5CCNCC5)c4)c3)c2)c1,-9.1,3.517333735674641,45_620
Cn1c(-c2cccc(-c3cccc(NC(=O)Nc4cccc(-c5cccc(C(=O)N6CCOCC6)c5)c4)c3)c2)nc2ccccc21,-9.516129032258064,3.2756851861708367,45_621
O=C(Nc1cccc(-c2cccc(-c3cccc(-c4nn[nH]n4)c3)c2)c1)Nc1cccc(-c2cccc(F)c2F)c1,-9.63,3.286971097546113,45_622
O=C(Nc1cccc(-c2cccc(-c3cccc(-c4ccccc4F)c3)c2)c1)N1CCNCC1,-9.369655172413793,3.470002651546907,45_623
O=C(Nc1cccc(-c2cccc(-c3nc4cc(F)ccc4[nH]3)c2)c1)Nc1cccc(-c2cccc(F)c2F)c1,-9.678827361563519,3.1875244530828533,45_624
O=C(Nc1cccc(-c2cccc(-c3nc4ccccc4[nH]3)c2)c1)Nc1cccc(-c2cccc(F)c2F)c1,-9.896536796536797,3.218592063451191,45_625
O=C(Nc1cccc(-c2cccc(-c3cccc(-c4nc5ccccc5[nH]4)c3)c2)c1)N1CCNCC1,-9.297435897435896,3.368308336165232,45_626
O=C(Nc1cccc(-c2cccc(-c3cccc(C(F)(F)F)c3)c2)c1)Nc1cccc(-c2cccc(F)c2F)c1,-9.565853658536586,2.963519940967514,45_627
O=C(Nc1cccc(-c2cccc(F)c2F)c1)Nc1cccc(-c2cccc(-c3cccc(-n4cnnn4)c3)c2F)c1,-9.1,3.3535895108959335,45_628
O=C(Nc1cccc(-c2cccc(-c3nc4cc(F)ccc4[nH]3)c2)c1)Nc1cccc(-c2cccc(F)c2F)c1,-9.678827361563519,3.1875244530828533,45_629
O=C(Nc1cccc(-c2cccc(-c3cccc(-c4ccccc4F)c3)c2)c1)N1CCNCC1,-9.369655172413793,3.470002651546907,45_630
O=C(Nc1cccc(-c2cccc(-c3nc4ccccc4[nH]3)c2)c1)Nc1cccc(-c2cccc(F)c2F)c1,-9.896536796536797,3.218592063451191,45_631
O=C(c1cccc(-c2cccc(-c3cccc4ccccc34)c2)c1)N1CCN(C(=O)c2ccccc2Oc2ccccc2)CC1,-7.949999999999999,3.1572800047813367,45_632
O=C(Nc1cccc(-c2cccc(-c3cccc(-c4cccc(F)c4)c3)c2)c1)N1CCNCC1,-9.371232876712327,3.470002651546907,45_633
O=C(Nc1cccc(-c2cccc(-c3cccc(-c4cccc(F)c4)c3)c2)c1)N1CCNCC1,-9.371232876712327,3.470002651546907,45_634
O=C(Nc1cccc(-c2cccc(-c3nc4cc(F)ccc4[nH]3)c2)c1)Nc1cccc(-c2cccc(F)c2F)c1,-9.678827361563519,3.1875244530828533,45_635
O=C(Nc1cccc(-c2cccc(-c3cccc(-c4cccc(O)c4)c3)c2)c1)N1CCNCC1,-9.3,3.4835805264083346,45_636
O=C(Nc1cccc(-c2cccc(-c3nc4ccccc4[nH]3)c2)c1)Nc1cccc(-c2cccc(F)c2F)c1,-9.896536796536797,3.218592063451191,45_637
O=C(Nc1cccc(-c2cccc(F)c2F)c1)Nc1cccc(-c2cccc(-c3nc4cc(F)ccc4[nH]3)c2F)c1,-10.01505376344086,3.128615257744718,45_638
C=C(C=CC=CC1=CN(C(=O)N2CCNCC2)C=CC=C1)c1cccc(-c2nc3ccccc3[nH]2)c1,-8.5,2.494896295686676,45_639
O=C(c1cccc(F)c1)N1CCN(C(=O)c2cccc(-c3cccc(-c4ccc5c(c4)OCO5)c3)c2)CC1,-8.8,3.475405586601455,45_640
N#Cc1ccccc1-c1cccc(-c2ccnc(NC3CCC(C(N)C(=O)N4CC[C@H](F)C4)CC3)n2)c1,-8.1,3.5527873436791966,45_641
O=C(c1cccc(-c2cccc(-c3cccc(-c4ccccc4F)c3)c2)c1)N1CCNCC1,-9.351724137931035,3.508189933556279,45_642
O=C(Nc1cccc(-c2cccc(-c3nc4cc(F)ccc4[nH]3)c2)c1)Nc1cccc(-c2cccc(F)c2F)c1,-9.678827361563519,3.1875244530828533,45_643
O=C(Nc1cccc(-c2cccc(-c3cccc(-c4nc5ccccc5[nH]4)c3)c2)c1)N1CCNCC1,-9.297435897435896,3.368308336165232,45_644
O=C(Nc1cccc(-c2cccc(-c3nc4cc(F)ccc4[nH]3)c2)c1)Nc1cccc(-c2cccc(F)c2F)c1,-9.678827361563519,3.1875244530828533,45_645
Cn1c(-c2cccc(-c3cccc(NC(=O)Nc4cccc(-c5cccc(C(=O)N6CCOCC6)c5)c4)c3)c2)nc2ccccc21,-9.516129032258064,3.2756851861708367,45_646
O=C(Nc1cccc(-c2cccc(-c3nc4ccccc4[nH]3)c2)c1)Nc1cccc(-c2cccc(F)c2F)c1,-9.896536796536797,3.218592063451191,45_647
O=C(Nc1cccc(-c2cccc(F)c2F)c1)Nc1cccc(-c2cccc(-c3cccc(-c4nn[nH]n4)c3)c2F)c1,-9.675,3.244951037107577,45_648
O=C1N=C(C=CCCc2cccc(-c3cccc(-c4ccccc4F)c3)c2)C1N1CCNCC1,-7.6,3.542583905351091,45_649
O=C(Nc1cccc(-c2cccc(-c3nc4cc(F)ccc4[nH]3)c2)c1)Nc1cccc(-c2cccc(F)c2F)c1,-9.678827361563519,3.1875244530828533,45_650
Cn1c(-c2cccc(-c3cccc(NC(=O)Nc4cccc(-c5cccc(-c6cccc(F)c6)c5)c4)c3)c2)nc2ccccc21,-9.742222222222223,3.0539916384657317,45_651
O=C(Nc1cccc(-c2cccc(-c3cccc(C(=O)N4CCOCC4)c3)c2)c1)N1CCNCC1,-8.972727272727273,3.6199094052700564,45_652
O=C(Nc1cccc(-c2cccc(-c3nc4ccccc4[nH]3)c2)c1)Nc1cccc(-c2cccc(F)c2F)c1,-9.896536796536797,3.218592063451191,45_653
O=C(Nc1cccc(-c2cccc(-c3cccc(-c4ccccc4F)c3)c2)c1)N1CCNCC1,-9.369655172413793,3.470002651546907,45_654
O=C(Nc1cc(-c2cccc(C(=O)N3CCOCC3)c2)ccn1)N1CCN(c2cccc(F)c2)CC1,-8.3,3.6587819902204606,45_655
Cn1c(-c2cccc(-c3cccc(-c4cccc(C(=O)N5CCNCC5)c4)c3)c2)nc2ccccc21,-9.316666666666665,3.480167691596529,45_656
O=C(Nc1cccc(-c2cccc(-c3cccc(-c4nc5ccccc5[nH]4)c3)c2)c1)N1CCNCC1,-9.297435897435896,3.368308336165232,45_657
O=C(Nc1cccc(-c2cccc(-c3nc4ccccc4[nH]3)c2)c1)Nc1cccc(-c2cccc(F)c2F)c1,-9.896536796536797,3.218592063451191,45_658
O=C(Nc1cccc(-c2cccc(-c3cccc(-c4nn[nH]n4)c3)c2)c1)Nc1cccc(-c2cccc(F)c2F)c1,-9.63,3.286971097546113,45_659
O=C(Nc1cccc(-c2cccc(-c3cccc(-c4cccc(F)c4)c3)c2)c1)N1CCNCC1,-9.371232876712327,3.470002651546907,45_660
O=C(Nc1cccc(-c2cccc(-c3csc(-c4ccccc4)n3)c2)c1)Nc1cccc(-c2cccc(F)c2F)c1,-9.9,3.2264374995358094,45_661
Cn1c(-c2cccc(-c3cccc(NC(=O)Nc4cccc(-c5cccc(-c6cccc(F)c6)c5)c4)c3)c2)nc2ccccc21,-9.742222222222223,3.0539916384657317,45_662
O=C(c1cccc(-c2cccc(-c3ccc4c(c3)OCCO4)c2F)c1)N1CCNCC1,-8.7,3.6553838184373157,45_663
O=C(Nc1cccc(-c2cccc(F)c2F)c1)Nc1cccc(-c2cccc(-c3nc4cc(F)ccc4[nH]3)c2F)c1,-10.01505376344086,3.128615257744718,45_664
Cn1c(-c2cccc(-c3cccc(NC(=O)Nc4cccc(-c5cccc(-c6cccc(F)c6)c5)c4)c3)c2)nc2ccccc21,-9.742222222222223,3.0539916384657317,45_665
O=C(Nc1cccc(-c2cccc(-c3nc4cc(F)ccc4[nH]3)c2)c1)Nc1cccc(-c2cccc(F)c2F)c1,-9.678827361563519,3.1875244530828533,45_666
O=C(c1cccc(F)c1)N1CCN(C(=O)c2cccc(-c3cccc(-c4nc5ccccc5[nH]4)c3)c2)CC1,-9.024999999999999,3.4726691133897107,45_667
O=C(Nc1cccc(-c2cccc(-c3cccc(-c4cccc(F)c4)c3)c2)c1)N1CCNCC1,-9.371232876712327,3.470002651546907,45_668
Cn1c(-c2cccc(-c3cccc(NC(=O)Nc4cccc(-c5cccc(F)c5F)c4)c3)c2)nc2ccccc21,-9.926285714285713,3.216920496534968,45_669
O=c1nc2n(-c3ccccc3F)c3ccccc3nc-2cc1Nc1cccc(-c2cccc(F)c2F)c1,-9.0,3.461947961272348,45_670
O=C(Nc1cccc(-c2cccc(-c3nc4cc(F)ccc4[nH]3)c2)c1)Nc1cccc(-c2cccc(F)c2F)c1,-9.678827361563519,3.1875244530828533,45_671
O=C(Nc1cccc(-c2cccc(-c3cccc(C(F)(F)F)c3)c2)c1)Nc1cccc(-c2cccc(F)c2F)c1,-9.565853658536586,2.963519940967514,45_672
O=C(c1cccc(-c2cccc(-c3ccc4c(c3)OCCO4)c2F)c1)N1CCNCC1,-8.7,3.6553838184373157,45_673
O=C(Nc1cccc(-c2cccc(-c3cccc(-c4cccc(F)c4)c3)c2)c1)N1CCNCC1,-9.371232876712327,3.470002651546907,45_674
Cn1c(-c2cccc(-c3cccc(NC(=O)Nc4cccc(-c5cccc(-c6ncccc6C#N)c5)c4)c3)c2)nc2ccccc21,-9.166666666666666,3.0906607506690618,45_675
O=C(Nc1cccc(-c2cccc(F)c2F)c1)Nc1cccc(-c2cccc(-c3nc4cc(F)ccc4[nH]3)c2F)c1,-10.01505376344086,3.128615257744718,45_676
O=C(c1cccc(-c2cccc(-c3cccc(-c4nn[nH]n4)c3)c2)c1)N1CCNCC1,-8.92222222222222,3.6709921779215158,45_677
O=C(Nc1cccc(-c2cccc(-c3cccc(C(F)(F)F)c3)c2)c1)Nc1cccc(-c2cccc(F)c2F)c1,-9.565853658536586,2.963519940967514,45_678
O=C(c1cccc(-c2cccc(-c3cccc(-c4nc5ccccc5[nH]4)c3)c2)c1)N1CCNCC1,-9.383333333333333,3.440998249723921,45_679
O=C(Nc1cccc(-c2cccc(-c3nc4ccccc4[nH]3)c2)c1)Nc1cccc(-c2cccc(F)c2F)c1,-9.896536796536797,3.218592063451191,45_680
Cn1c(-c2cccc(-c3cccc(NC(=O)Nc4cccc(-c5cccc(C(=O)N6CCOCC6)c5)c4)c3)c2)nc2ccccc21,-9.516129032258064,3.2756851861708367,45_681
O=C(Nc1cccc(-c2cccc(-c3cccc(-c4ccccc4F)c3)c2)c1)N1CCNCC1,-9.369655172413793,3.470002651546907,45_682
O=C(Nc1cccc(-c2cccc(-c3nc4ccccc4[nH]3)c2)c1)Nc1cccc(-c2cccc(F)c2F)c1,-9.896536796536797,3.218592063451191,45_683
O=C(Nc1ccc(-c2cccc(-c3cccc(-c4cccc(F)c4)c3)c2)cc1)N1CCNCC1,-8.8,3.470002651546907,45_684
O=C(Nc1cccc(-c2cccc(-c3nc4cc(F)ccc4[nH]3)c2)c1)Nc1cccc(-c2cccc(F)c2F)c1,-9.678827361563519,3.1875244530828533,45_685
Cn1c(-c2cccc(-c3cccc(NC(=O)Nc4cccc(-c5cccc(C(=O)N6CCOCC6)c5)c4)c3)c2)nc2ccccc21,-9.516129032258064,3.2756851861708367,45_686
O=C(Nc1cccc(-c2cccc(C(=O)N3CCOCC3)c2)c1)Nc1cccc(-c2cccc(F)c2F)c1,-9.433333333333334,3.5133545427940325,45_687
O=C(c1cccc(-c2cccc(-c3cccc(-c4nn[nH]n4)c3)c2)c1)N1CCNCC1,-8.92222222222222,3.6709921779215158,45_688
O=C(Nc1cccc(-c2cccc(-c3nc4cc(F)ccc4[nH]3)c2)c1)Nc1cccc(-c2cccc(F)c2F)c1,-9.678827361563519,3.1875244530828533,45_689
Cn1c(-c2cccc(-c3cccc(NC(=O)Nc4cccc(-c5cccc(F)c5F)c4)c3)c2)nc2ccccc21,-9.926285714285713,3.216920496534968,45_690
O=C(Nc1cccc(-c2cccc(-c3nc4ccccc4[nH]3)c2)c1)Nc1cccc(-c2cccc(F)c2F)c1,-9.896536796536797,3.218592063451191,45_691
O=C(Nc1cccc(-c2cccc(F)c2F)c1)Nc1cccc(-c2cccc(-c3nc4cc(F)ccc4[nH]3)c2F)c1,-10.01505376344086,3.128615257744718,45_692
O=Cc1ccccc1N=C(Nc1cccc(C(F)(F)F)c1)c1cccc(-c2cccc(-c3ccc4c(c3)OCO4)c2)c1,-8.5,3.11520556774288,45_693
O=C(Nc1cccc(-c2cccc(-c3cccc(C(F)(F)F)c3)c2)c1)Nc1cccc2ccccc12,-9.4,3.0920042939909256,45_694
O=C(Nc1cccc(-c2cccc(-c3nc4cc(F)ccc4[nH]3)c2)c1)Nc1cccc(-c2cccc(F)c2F)c1,-9.678827361563519,3.1875244530828533,45_695
O=C(Nc1cccc(-c2cccc(-c3nc4cc(F)ccc4[nH]3)c2)c1)Nc1cccc(-c2cccc(F)c2F)c1,-9.678827361563519,3.1875244530828533,45_696
O=C(Nc1cccc(-c2cccc(-c3cccc(C(F)(F)F)c3)c2)c1)Nc1cccc(-c2cccc(F)c2F)c1,-9.565853658536586,2.963519940967514,45_697
O=C(c1cccc(-c2cccc(-c3cccc(-c4ccccc4F)c3)c2)c1)N1CCNCC1,-9.351724137931035,3.508189933556279,45_698
Cn1c(-c2cccc(-c3cccc(NC(=O)Nc4cccc(-c5cccc(-c6ncccc6C#N)c5)c4)c3)c2)nc2ccccc21,-9.166666666666666,3.0906607506690618,45_699
O=C(c1cccc(-c2cccc(-c3cccc(-c4ccccc4F)c3)c2)c1)N1CCNCC1,-9.351724137931035,3.508189933556279,45_700
O=Cn1[nH]c(C(O)c2cc(-c3cccc(-c4ccc5c(c4)OCCO5)c3)cs2)c1O,-7.8,3.5092545046827106,45_701
O=[N+]([O-])c1ccc(Nc2cccc(-c3cn4c(n3)SCC4)c2)c([N+](=O)[O-])c1,-7.1,3.5210432341496927,45_702
O=C(Nc1cccc(-c2cccc(-c3nc4ccccc4[nH]3)c2)c1)Nc1cccc(-c2cccc(F)c2F)c1,-9.896536796536797,3.218592063451191,45_703
O=C(c1cccc(-c2cccc(C(=O)N3CCN(C(=O)c4c5ccccc5cc5ccccc45)CC3)c2)c1)N1CCOCC1,-9.3,3.240596579762773,45_704
O=C(Nc1cccc(-c2cccc(-c3nc4cc(F)ccc4[nH]3)c2)c1)Nc1cccc(-c2cccc(F)c2F)c1,-9.678827361563519,3.1875244530828533,45_705
Cn1c(-c2cccc(-c3cccc(NC(=O)Nc4cccc(-c5cccc(F)c5F)c4)c3)c2)nc2ccccc21,-9.926285714285713,3.216920496534968,45_706
O=C(Nc1cccc(-c2cccc(-c3nc4ccccc4[nH]3)c2)c1)Nc1cccc(-c2cccc(F)c2F)c1,-9.896536796536797,3.218592063451191,45_707
Cn1c(-c2cccc(-c3cccc(NC(=O)Nc4cccc(-c5cccc(F)c5F)c4)c3)c2)nc2ccccc21,-9.926285714285713,3.216920496534968,45_708
Cn1c(-c2cccc(-c3cccc(NC(=O)Nc4cccc(-c5cccc(F)c5F)c4)c3)c2)nc2ccccc21,-9.926285714285713,3.216920496534968,45_709
O=C(Nc1cccc(-c2cccc(-c3nc4cc(F)ccc4[nH]3)c2)c1)Nc1cccc(-c2cccc(F)c2F)c1,-9.678827361563519,3.1875244530828533,45_710
O=C(Nc1cccc(-c2cccc(F)c2F)c1)Nc1cccc(-c2cccc(-c3nc4cc(F)ccc4[nH]3)c2F)c1,-10.01505376344086,3.128615257744718,45_711
O=C(c1cccc(-c2cccc(-c3cccc(-c4cccc(F)c4)c3)c2)c1)N1CCNCC1,-9.309999999999999,3.508189933556279,45_712
O=C(Nc1nc2ccccc2[nH]1)c1cccc(-c2cccc(-c3cccc(-c4cccc(-c5nn[nH]n5)c4)c3)c2)c1,-10.0,3.2820456446788864,45_713
O=C(Nc1cccc(-c2cccc(-c3nc4ccccc4[nH]3)c2)c1)Nc1cccc(-c2cccc(F)c2F)c1,-9.896536796536797,3.218592063451191,45_714
O=C(Nc1cccc(-c2cccc(F)c2F)c1)Nc1cccc(-c2cccc(-c3nc4cc(F)ccc4[nH]3)c2F)c1,-10.01505376344086,3.128615257744718,45_715
O=C(c1cccc(-c2cccc(-c3cccc(-c4nn[nH]n4)c3)c2)c1)N1CCNCC1,-8.92222222222222,3.6709921779215158,45_716
O=c1[nH]c2ccccc2cc1-c1csc(-c2cccc(-c3ccc4c(c3)OCO4)c2)n1,-8.7,3.540051540003929,45_717
O=C(Nc1cccc(-c2cccc(-c3cccc(-c4nc5ccccc5[nH]4)c3)c2)c1)N1CCNCC1,-9.297435897435896,3.368308336165232,45_718
O=C(Nc1cccc(-c2cccc(-c3cccc(C(F)(F)F)c3)c2)c1)Nc1cccc(-c2cccc(F)c2F)c1,-9.565853658536586,2.963519940967514,45_719
O=C(Nc1cccc(-c2cccc(-c3cccc(-c4cccc(F)c4)c3)c2)c1)N1CCNCC1,-9.371232876712327,3.470002651546907,45_720
O=C(Nc1cccc(-c2cccc(-c3nc4cc(F)ccc4[nH]3)c2)c1)Nc1cccc(-c2cccc(F)c2F)c1,-9.678827361563519,3.1875244530828533,45_721
O=C(Nc1cccc(-c2cccc(-c3cccc(-c4ccccc4F)c3)c2)c1)N1CCNCC1,-9.369655172413793,3.470002651546907,45_722
Cn1c(-c2cccc(-c3cccc(NC(=O)Nc4cccc(-c5cccc(F)c5F)c4)c3)c2)nc2ccccc21,-9.926285714285713,3.216920496534968,45_723
O=C(Nc1cccc(-c2cccc(-c3nc4ccccc4[nH]3)c2)c1)Nc1cccc(-c2cccc(F)c2F)c1,-9.896536796536797,3.218592063451191,45_724
O=C(Nc1cccc(-c2cccc(-c3cccc(-c4ccccc4F)c3)c2)c1)N1CCNCC1,-9.369655172413793,3.470002651546907,45_725
Cn1c(-c2cccc(-c3cccc(NC(=O)Nc4cccc(-c5cccc(-c6cccc(F)c6)c5)c4)c3)c2)nc2ccccc21,-9.742222222222223,3.0539916384657317,45_726
Cn1c(-c2cccc(-c3cccc(NC(=O)Nc4cccc(-c5cccc(F)c5F)c4)c3)c2)nc2ccccc21,-9.926285714285713,3.216920496534968,45_727
O=C(c1cccc(-c2cccc(-c3nc4cc(F)ccc4[nH]3)c2)c1)N1CCNCC1,-8.6125,3.6450984636569372,45_728
Cn1c(-c2cccc(-c3cccc(-c4cccc(NC(=O)Nc5cccc(F)c5)c4)c3)c2)nc2ccccc21,-8.9,3.211589862292562,45_729
O=C(Nc1cccc(-c2cccc(-c3nc4cc(F)ccc4[nH]3)c2)c1)Nc1cccc(-c2cccc(F)c2F)c1,-9.678827361563519,3.1875244530828533,45_730
O=C(c1cccc(-c2cccc(-c3ccc4c(c3)OCO4)c2)c1)N1CCN(C(=O)c2cccc(F)c2F)CC1,-9.34,3.4645763407894306,45_731
O=C(Nc1cccc(-c2cccc(-c3nc4cc(F)ccc4[nH]3)c2)c1)Nc1cccc(-c2cccc(F)c2F)c1,-9.678827361563519,3.1875244530828533,45_732
Cn1c(-c2cccc(-c3cccc(NC(=O)Nc4cccc(-c5cccc(F)c5F)c4)c3)c2)nc2ccccc21,-9.926285714285713,3.216920496534968,45_733
Cn1c(-c2cccc(-c3cccc(NC(=O)Nc4cccc(-c5cccc(F)c5F)c4)c3)c2)nc2ccccc21,-9.926285714285713,3.216920496534968,45_734
O=C(Nc1cccc(-c2cccc(-c3nc4cc(F)ccc4[nH]3)c2)c1)Nc1cccc(-c2cccc(F)c2F)c1,-9.678827361563519,3.1875244530828533,45_735
Cc1c(-c2cccc(-c3cccc(C(F)(F)F)c3)c2)cccc1C1C=CC=CN1,-8.4,3.406234294907838,45_736
O=C(c1cccc(-c2cccc(-c3cccc(-n4cncn4)c3)c2)c1)N1CCNCC1,-8.7,3.7030129741615054,45_737
Cn1c(-c2cccc(-c3cccc(NC(=O)Nc4cccc(-c5cccc(F)c5F)c4)c3)c2)nc2ccccc21,-9.926285714285713,3.216920496534968,45_738
O=C(c1cccc(-c2cccc(-c3cccc(C(=O)N4CCOCC4)c3)c2)c1)N1CCNCC1,-8.88,3.649506152725788,45_739
O=C(Nc1cccc(-c2cccc(-c3nc4ccccc4[nH]3)c2)c1)Nc1cccc(-c2cccc(F)c2F)c1,-9.896536796536797,3.218592063451191,45_740
O=C(Nc1cccc(-c2cccc(-c3nc4cc(F)ccc4[nH]3)c2)c1)Nc1cccc(-c2cccc(F)c2F)c1,-9.678827361563519,3.1875244530828533,45_741
O=C(Nc1cccc(-c2cccc(-c3cccc(C(F)(F)F)c3)c2)c1)Nc1cccc(-c2cccc(F)c2F)c1,-9.565853658536586,2.963519940967514,45_742
Cn1c(-c2cccc(-c3cccc(NC(=O)Nc4cccc(-c5cccc(-c6cccc(F)c6)c5)c4)c3)c2)nc2ccccc21,-9.742222222222223,3.0539916384657317,45_743
O=C(Nc1cccc(-c2cccc(-c3nc4ccccc4[nH]3)c2)c1)Nc1cccc(-c2cccc(F)c2F)c1,-9.896536796536797,3.218592063451191,45_744
O=C(Nc1cccc(-c2cccc(-c3nc4cc(F)ccc4[nH]3)c2)c1)Nc1cccc(-c2cccc(F)c2F)c1,-9.678827361563519,3.1875244530828533,45_745
O=C(Nc1cccc(-c2cccc(-c3cccc(-c4nn[nH]n4)c3)c2)c1)Nc1cccc(-c2cccc(F)c2F)c1,-9.63,3.286971097546113,45_746
O=C(Nc1cccc(-c2ccc3c(c2)OCCO3)c1F)c1cccc(C=C2C=CC(c3cccc(-c4cccc(-c5cccc(-c6cccc(F)c6)c5)c4)c3)=C2)c1,-8.2,2.7945312800947764,45_747
O=C(Nc1cccc(-c2cccc(-c3nc4cc(F)ccc4[nH]3)c2)c1)Nc1cccc(-c2cccc(F)c2F)c1,-9.678827361563519,3.1875244530828533,45_748
O=C(Nc1cccc(-c2cccc(-c3cccc(-c4nn[nH]n4)c3)c2)c1)Nc1cccc(-c2cccc(F)c2F)c1,-9.63,3.286971097546113,45_749
O=C(Nc1cccc(-c2cccc(-c3cccc(C(=O)N4CCOCC4)c3)c2)c1)N1CCNCC1,-8.972727272727273,3.6199094052700564,45_750
O=C(Nc1cccc2ccccc12)Nc1nc2ccccc2n1-c1cc(-c2ccccc2F)nc(-n2cnc3ccccc32)n1,-10.1,3.27644104673688,45_751
O=C(c1cccc(-c2cccc(-c3cccc(C(=O)N4CCOCC4)c3)c2)c1)N1CCNCC1,-8.88,3.649506152725788,45_752
O=C(Nc1cccc(-c2cccc(-c3nc4ccccc4[nH]3)c2)c1)Nc1cccc(-c2cccc(F)c2F)c1,-9.896536796536797,3.218592063451191,45_753
O=C(Nc1cccc(-c2cccc(-c3cccc(C(=O)N4CCOCC4)c3)c2)c1)N1CCNCC1,-8.972727272727273,3.6199094052700564,45_754
Cn1c(-c2cccc(-c3cccc(NC(=O)Nc4cccc(-c5cccc(F)c5F)c4)c3)c2)nc2ccccc21,-9.926285714285713,3.216920496534968,45_755
O=C(Nc1cccc(-c2cccc(-c3nc4cc(F)ccc4[nH]3)c2)c1)Nc1cccc(-c2cccc(F)c2F)c1,-9.678827361563519,3.1875244530828533,45_756
O=C(c1cccc(-c2cccc(-c3cccc(-c4ccccc4F)c3)c2)c1)N1CCNCC1,-9.351724137931035,3.508189933556279,45_757
O=C(Nc1cccc(-c2cccc(-c3nc4ccccc4[nH]3)c2)c1)Nc1cccc(-c2cccc(F)c2F)c1,-9.896536796536797,3.218592063451191,45_758
O=C(Nc1cccc(-c2cccc(-c3cccc(-c4nc5ccccc5[nH]4)c3)c2)c1)N1CCNCC1,-9.297435897435896,3.368308336165232,45_759
O=C(Nc1cccc(-c2cccc(-c3nc4ccccc4[nH]3)c2)c1)Nc1cccc(-c2cccc(F)c2F)c1,-9.896536796536797,3.218592063451191,45_760
O=C(Nc1cccc(-c2cccc(-c3cccc(-c4cccc(F)c4)c3)c2)c1)N1CCNCC1,-9.371232876712327,3.470002651546907,45_761
O=C(Nc1cccc(-c2cccc(-c3nc4ccccc4[nH]3)c2)c1)Nc1cccc(-c2cccc(F)c2F)c1,-9.896536796536797,3.218592063451191,45_762
O=C(Nc1cccc(-c2cccc(-c3nc4ccccc4[nH]3)c2)c1)Nc1cccc(-c2cccc(F)c2F)c1,-9.896536796536797,3.218592063451191,45_763
O=C(Nc1cccc(-c2cccc(-c3nc4ccccc4[nH]3)c2)c1)Nc1cccc(-c2cccc(F)c2F)c1,-9.896536796536797,3.218592063451191,45_764
Cn1c(-c2cccc(-c3cccc(NC(=O)Nc4cccc(-c5cccc(-c6cccc(F)c6)c5)c4)c3)c2)nc2ccccc21,-9.742222222222223,3.0539916384657317,45_765
O=C(c1cccc(-c2cccc(-c3cccc(-c4ccccc4F)c3)c2)c1)N1CCNCC1,-9.351724137931035,3.508189933556279,45_766
O=C(Nc1cccc(-c2cccc(-c3nc4cc(F)ccc4[nH]3)c2)c1)Nc1cccc(-c2cccc(F)c2F)c1,-9.678827361563519,3.1875244530828533,45_767
O=C(Nc1cccc(-c2cccc(-c3nc4cc(F)ccc4[nH]3)c2)c1)Nc1cccc(-c2cccc(F)c2F)c1,-9.678827361563519,3.1875244530828533,45_768
Cc1c(C=CC=CCC(=O)NCCc2ccccc2)cccc1-c1cccc(-c2cccc(C(F)(F)F)c2)c1,-8.1,3.1190565723770494,45_769
Cn1c(-c2cccc(-c3cccc(NC(=O)Nc4cccc(-c5cccc(F)c5F)c4)c3)c2)nc2ccccc21,-9.926285714285713,3.216920496534968,45_770
O=C(Nc1cccc(-c2cccc(-c3cccc(-c4ccccc4F)c3)c2)c1)N1CCNCC1,-9.369655172413793,3.470002651546907,45_771
O=C(Nc1cccc(-c2cccc(-c3nc4cc(F)ccc4[nH]3)c2)c1)Nc1cccc(-c2cccc(F)c2F)c1,-9.678827361563519,3.1875244530828533,45_772
O=C(c1cccc(-c2cccc(-c3cccc(-c4ccccc4F)c3)c2)c1)N1CCNCC1,-9.351724137931035,3.508189933556279,45_773
O=C(Nc1cccc(-c2cccc(-c3nc4cc(F)ccc4[nH]3)c2)c1)Nc1cccc(-c2cccc(F)c2F)c1,-9.678827361563519,3.1875244530828533,45_774
O=C(Nc1cccc(-c2cccc(-c3cccc(-c4ccccc4F)c3)c2)c1)N1CCNCC1,-9.369655172413793,3.470002651546907,45_775
Cn1c(-c2cccc(-c3cccc(NC(=O)Nc4cccc(-c5cccc(F)c5F)c4)c3)c2)nc2ccccc21,-9.926285714285713,3.216920496534968,45_776
O=C(Nc1cccc(-c2cccc(-c3cccc(C(F)(F)F)c3)c2)c1)Nc1cccc(-c2cccc(F)c2F)c1,-9.565853658536586,2.963519940967514,45_777
O=C(Nc1cccc(-c2cccc(-c3cccc(-c4cccc(F)c4)c3)c2)c1)N1CCNCC1,-9.371232876712327,3.470002651546907,45_778
Cn1c(-c2cccc(-c3cccc(NC(=O)Nc4cccc(-c5cccc(C(=O)N6CCOCC6)c5)c4)c3)c2)nc2ccccc21,-9.516129032258064,3.2756851861708367,45_779
Cn1c(-c2cccc(-c3cccc(NC(=O)Nc4cccc(-c5cccc(C(=O)N6CCOCC6)c5)c4)c3)c2)nc2ccccc21,-9.516129032258064,3.2756851861708367,45_780
O=C(Nc1cccc(-c2cccc(F)c2F)c1)Nc1cccc(-c2cccc(-c3nc4cc(F)ccc4[nH]3)c2F)c1,-10.01505376344086,3.128615257744718,45_781
NS(=O)(=O)c1ccc(NC(=O)c2cccc(Cl)c2)cc1,-6.4,3.6641254934470773,45_782
O=C(Nc1cccc(-c2cccc(-c3cccc(-c4nn[nH]n4)c3)c2)c1)Nc1cccc(-c2cccc(F)c2F)c1,-9.63,3.286971097546113,45_783
O=C(c1cccc(-c2cccc(-c3cccc(-c4ccccc4F)c3)c2)c1)N1CCNCC1,-9.351724137931035,3.508189933556279,45_784
O=C(Nc1cccc(-c2cccc(C(=O)N3CCOCC3)c2)c1)c1cccc(C(F)(F)F)c1,-8.4,3.7403303840440163,45_785
Cn1c(-c2cccc(-c3cccc(NC(=O)Nc4cccc(-c5cccc(F)c5F)c4)c3)c2)nc2ccccc21,-9.926285714285713,3.216920496534968,45_786
O=C(Nc1cccc(-c2cccc(-c3cccc(C(F)(F)F)c3)c2)c1)Nc1cccc(-c2cccc(F)c2F)c1,-9.565853658536586,2.963519940967514,45_787
Cn1c(-c2cccc(N3CC[C@H](NC(=O)Nc4cccc(-c5cccc(F)c5F)c4)C3)c2)nc2ccccc21,-9.1,3.422876035832246,45_788
Cn1c(-c2cccc(-c3cccc(NC(=O)Nc4cccc(-c5cccc(C(=O)N6CCOCC6)c5)c4)c3)c2)nc2ccccc21,-9.516129032258064,3.2756851861708367,45_789
O=C(Nc1cccc(-c2cccc(F)c2F)c1)Nc1cccc(-c2cccc(-c3nc4cc(F)ccc4[nH]3)c2F)c1,-10.01505376344086,3.128615257744718,45_790
O=C(Nc1cccc(-c2cccc(-c3nc4cc(F)ccc4[nH]3)c2)c1)Nc1cccc(-c2cccc(F)c2F)c1,-9.678827361563519,3.1875244530828533,45_791
Cn1c(-c2cccc(-c3cccc(NC(=O)Nc4cccc(-c5cccc(-c6cccc(F)c6)c5)c4)c3)c2)nc2ccccc21,-9.742222222222223,3.0539916384657317,45_792
O=C(Nc1cccc(-c2cccc(-c3cccc(-c4cccc(F)c4)c3)c2)c1)N1CCNCC1,-9.371232876712327,3.470002651546907,45_793
O=C(c1cccc(-c2cccc(-c3cccc4ccccc34)c2)c1)N1CCN(C(=O)c2cc3ccccc3[nH]2)CC1,-9.55,3.297554683203406,45_794
O=C(Nc1cccc(-c2cccc(-c3cccc(C(F)(F)F)c3)c2)c1)Nc1cccc(-c2cccc(F)c2F)c1,-9.565853658536586,2.963519940967514,45_795
O=C(Nc1nc2ccccc2[nH]1)c1cccc(-c2cccc(-c3cccc(-c4cccc(-c5nn[nH]n5)c4)c3)c2)c1,-10.0,3.2820456446788864,45_796
O=C(Nc1cccc(-c2cccc(-c3nc4ccccc4[nH]3)c2)c1)Nc1cccc(-c2cccc(F)c2F)c1,-9.896536796536797,3.218592063451191,45_797
O=C(Nc1cccc(-c2cccc(-c3cccc(-c4nn[nH]n4)c3)c2)c1)Nc1cccc(-c2cccc(F)c2F)c1,-9.63,3.286971097546113,45_798
O=C(Nc1cccc(-c2cccc(C(=O)N3CCOCC3)c2)c1)Nc1cccc(-c2cccc(-c3ccccc3F)c2)c1,-9.4,3.247211717276712,45_799
O=C(Nc1cccc(-c2cccc(F)c2F)c1)Nc1cccc(-c2cccc(-c3nc4cc(F)ccc4[nH]3)c2F)c1,-10.01505376344086,3.128615257744718,45_800
O=C(c1cccc(-c2cccc(-c3cccc4ccccc34)c2)c1)N1CCN(C(=O)c2cccc(F)c2F)CC1,-9.6125,3.2507959847575894,45_801
Cn1c(-c2cccc(-c3cccc(NC(=O)Nc4cccc(-c5cccc(F)c5F)c4)c3)c2)nc2ccccc21,-9.926285714285713,3.216920496534968,45_802
O=C(Nc1cccc(-c2cccc(-c3cccc(C(F)(F)F)c3)c2)c1)Nc1cccc(-c2cccc(F)c2F)c1,-9.565853658536586,2.963519940967514,45_803
O=C(Nc1cccc(-c2cccc(-c3cccc(-c4ccccc4F)c3)c2)c1)N1CCNCC1,-9.369655172413793,3.470002651546907,45_804
Cn1c(-c2cccc(-c3cccc(NC(=O)Nc4cccc(-c5cccc(-c6ccnc(F)c6)c5)c4)c3)c2)nc2ccccc21,-9.3,3.032993612141374,45_805
O=C(Nc1cccc(-c2cccc(-c3nc4cc(F)ccc4[nH]3)c2)c1)Nc1cccc(-c2cccc(F)c2F)c1,-9.678827361563519,3.1875244530828533,45_806
O=C(Nc1cccc(-c2cccc(-c3cccc(C(F)(F)F)c3)c2)c1)Nc1cccc(-c2cccc(F)c2F)c1,-9.565853658536586,2.963519940967514,45_807
Cn1c(-c2cccc(-c3cccc(NC(=O)Nc4cccc(-c5cccc(F)c5F)c4)c3)c2)nc2ccccc21,-9.926285714285713,3.216920496534968,45_808
O=C(Nc1cccc(-c2cccc(-c3cccc(-c4ccccc4F)c3)c2)c1)N1CCNCC1,-9.369655172413793,3.470002651546907,45_809
O=C(Nc1cccc(-c2cccc(-c3cccc(-c4cccc(F)c4)c3)c2)c1)N1CCNCC1,-9.371232876712327,3.470002651546907,45_810
O=C(Nc1cccc(-c2cccc(-c3cccc(-c4cccc(F)c4)c3)c2)c1)N1CCNCC1,-9.371232876712327,3.470002651546907,45_811
O=C(Nc1cccc(-c2cccc(-c3nc4cc(F)ccc4[nH]3)c2)c1)Nc1cccc(-c2cccc(F)c2F)c1,-9.678827361563519,3.1875244530828533,45_812
O=C(c1cccc(-c2cccc(-c3cccc(C(F)(F)F)c3)c2)c1)N1CCNCC1,-8.691666666666665,3.642566566269835,45_813
O=C(Nc1cccc(-c2cccc(-c3cccc(-c4ccccc4F)c3)c2)c1)N1CCNCC1,-9.369655172413793,3.470002651546907,45_814
O=C(Nc1cccc(-c2cccc(-c3cccc(-c4ccccc4F)c3)c2)c1)N1CCNCC1,-9.369655172413793,3.470002651546907,45_815
O=C(Nc1cccc(-c2cccc(-c3nc4ccccc4[nH]3)c2)c1)Nc1cccc(-c2cccc(F)c2F)c1,-9.896536796536797,3.218592063451191,45_816
O=C(Nc1cccc(-c2cccc(-c3nc4ccccc4[nH]3)c2)c1)Nc1cccc(-c2cccc(F)c2F)c1,-9.896536796536797,3.218592063451191,45_817
O=C(Nc1cccc(-c2cccc(-c3cccc(C(=O)N4CCNCC4)c3)c2)c1)N1CCNCC1,-9.3,3.549795966167058,45_818
O=C(Nc1cccc(-c2cccc(-c3nc4ccccc4[nH]3)c2)c1)Nc1cccc(-c2cccc(F)c2F)c1,-9.896536796536797,3.218592063451191,45_819
O=C1NCCN(c2ccccc2-c2cccc3[nH]c4ccccc4c23)Cc2ccc1o2,-8.2,1.2767947143755531,45_820
O=C(Nc1cccc(-c2cccc(-c3cccc(C(F)(F)F)c3)c2)c1)Nc1cccc(-c2cccc(F)c2F)c1,-9.565853658536586,2.963519940967514,45_821
O=c1cc(-c2cccc(-c3ccccc3)c2)c2nc3ccccc3cc2n1-c1cccc(-c2cccc(-c3cccc(-c4cccc(-c5nn[nH]n5)c4)c3)c2)c1,-10.3,2.9721559591990503,45_822
O=C(Nc1cccc(-c2cccc(-c3cccc(C(F)(F)F)c3)c2)c1)Nc1cccc(-c2cccc(F)c2F)c1,-9.565853658536586,2.963519940967514,45_823
O=C(Nc1cccc(-c2cccc(-c3nc4cc(F)ccc4[nH]3)c2)c1)Nc1cccc(-c2cccc(F)c2F)c1,-9.678827361563519,3.1875244530828533,45_824
O=C(Nc1cccc(-c2cccc(-c3cccc(-c4cccc(F)c4)c3)c2)c1)N1CCNCC1,-9.371232876712327,3.470002651546907,45_825
O=C(c1cccc(-c2cccc(-c3cccc(-c4cccc(F)c4)n3)c2)n1)N1CCNCC1,-9.0,3.678920222652607,45_826
O=C(Nc1cccc(-c2cccc(-c3cccc(-c4ccccc4F)c3)c2)c1)N1CCNCC1,-9.369655172413793,3.470002651546907,45_827
O=C(Nc1cccc(-c2cccc(-c3nc4ccccc4[nH]3)c2)c1)Nc1cccc(-c2cccc(F)c2F)c1,-9.896536796536797,3.218592063451191,45_828
O=C(Nc1cccc(-c2cccc(-c3cccc(-c4ccccc4F)c3)c2)c1)N1CCNCC1,-9.369655172413793,3.470002651546907,45_829
O=C(Nc1cccc(-c2cccc(-c3nc4cc(F)ccc4[nH]3)c2)c1)Nc1cccc(-c2cccc(F)c2F)c1,-9.678827361563519,3.1875244530828533,45_830
Cn1c(-c2cccc(-c3cccc(NC(=O)Nc4cccc(-c5cccc(F)c5F)c4)c3)c2)nc2ccccc21,-9.926285714285713,3.216920496534968,45_831
O=C(Nc1cccc(-c2cccc(-c3ccc4c(c3)OCO4)c2)c1)Nc1ccc2c(c1)OCCCO2,-9.2,2.5046359006718006,45_832
Cn1c(-c2cccc(-c3cccc(NC(=O)Nc4cccc(-c5cccc(-c6cccc(F)c6)c5)c4)c3)c2)nc2ccccc21,-9.742222222222223,3.0539916384657317,45_833
Cn1c(-c2cccc(-c3cccc(NC(=O)Cc4cccc(-c5cc6ccccc6[nH]5)c4)c3)c2)nc2ccccc21,-9.4,3.252839068626841,45_834
O=C(Nc1cccc(-c2cccc(-c3nc4ccccc4[nH]3)c2)c1)Nc1cccc(-c2cccc(F)c2F)c1,-9.896536796536797,3.218592063451191,45_835
O=C(Nc1cccc(-c2cccc(-c3nc4cc(F)ccc4[nH]3)c2)c1)Nc1cccc(-c2cccc(F)c2F)c1,-9.678827361563519,3.1875244530828533,45_836
O=C(Nc1cccc(-c2cccc(-c3nc4ccccc4[nH]3)c2)c1)Nc1cccc(-c2cccc(F)c2F)c1,-9.896536796536797,3.218592063451191,45_837
O=C(Nc1cccc(-c2cccc(-c3nc4ccccc4[nH]3)c2)c1)Nc1cccc(-c2cccc(F)c2F)c1,-9.896536796536797,3.218592063451191,45_838
O=C(Nc1cccc(-c2cccc(F)c2F)c1)Nc1cccc(-c2cccc(-c3nc4cc(F)ccc4[nH]3)c2F)c1,-10.01505376344086,3.128615257744718,45_839
Cn1c(-c2cccc(-c3cccc(NC(=O)Nc4cccc(-c5cccc6nccn56)c4)c3)c2)nc2ccccc21,-10.25,3.2569201881030945,45_840
Oc1[nH]c2ccccc2c1-c1cccc(-c2cccc(-c3cccc(-c4cccc(-c5cccc(F)c5)c4)c3)c2)c1,-10.3,2.9825748281564097,45_841
O=C(Nc1cccc(-c2cccc(-c3nc4cc(F)ccc4[nH]3)c2)c1)Nc1cccc(-c2cccc(F)c2F)c1,-9.678827361563519,3.1875244530828533,45_842
Cn1c(-c2cccc(-c3cccc(NC(=O)Nc4cccc(-c5cc6ccccc6[nH]5)c4)c3)c2)nc2ccccc21,-9.766666666666667,3.088900029637987,45_843
O=C(Nc1cccc(-c2cccc(-c3cccc(C(F)(F)F)c3)c2)c1)Nc1cccc(-c2cccc(F)c2F)c1,-9.565853658536586,2.963519940967514,45_844
O=C(c1cccc(Cc2n[nH]c(=O)c3c2CCCC3)c1)N1CCN(c2cccc(C(F)(F)F)c2)CC1,-8.3,3.659326001442002,45_845
Cn1c(-c2cccc(-c3cccc(NC(=O)Nc4cccc(-c5cccc(F)c5F)c4)c3)c2)nc2ccccc21,-9.926285714285713,3.216920496534968,45_846
O=C(Nc1cccc(-c2cccc(-c3nc4cc(F)ccc4[nH]3)c2)c1)Nc1cccc(-c2cccc(F)c2F)c1,-9.678827361563519,3.1875244530828533,45_847
Cn1cc(-c2cccc(Cl)c2)cc1C(=O)Nc1cccc(-c2cccc(-c3nc4ccccc4n3C)c2)c1,-7.7,3.3975451490561106,45_848
O=C(/C=C/c1cccc(-c2cccc(C(=O)N3CCOCC3)c2)c1)N1CCN(c2ccccc2)CC1,-7.9,3.513431739478249,45_849
O=C(Nc1cccc(-c2cccc(-c3nc4cc(F)ccc4[nH]3)c2)c1)Nc1cccc(-c2cccc(F)c2F)c1,-9.678827361563519,3.1875244530828533,45_850
O=C(Nc1cccc(-c2cccc(-c3cccc(-c4ccccc4F)c3)c2)c1)N1CCNCC1,-9.369655172413793,3.470002651546907,45_851
O=C(Nc1cccc(-c2cccc(-c3nc(=O)o[nH]3)c2)c1)Nc1cc(C(F)(F)F)ccc1-c1cccc(-c2ccc3c(c2)OCCO3)c1,-10.2,3.099765628989379,45_852
O=C(Nc1cccc(-c2cccc(-c3cccc(-c4cccc(F)c4)c3)c2)c1)N1CCNCC1,-9.371232876712327,3.470002651546907,45_853
Cn1c(-c2cccc(-c3cccc(NC(=O)Nc4cccc(-c5cccc(F)c5F)c4)c3)c2)nc2ccccc21,-9.926285714285713,3.216920496534968,45_854
O=C(Nc1cccc(-c2cccc(-c3cccc(C(F)(F)F)c3)c2)c1)Nc1cccc(-c2ccnc3[nH]ccc23)c1,-9.7,3.058206313645475,45_855
O=C(Nc1cccc(-c2cccc(-c3nc4ccccc4[nH]3)c2)c1)Nc1cccc(-c2cccc(F)c2F)c1,-9.896536796536797,3.218592063451191,45_856
O=C(Nc1cccc(-c2cccc(-c3nc4cc(F)ccc4[nH]3)c2)c1)Nc1cccc(-c2cccc(F)c2F)c1,-9.678827361563519,3.1875244530828533,45_857
O=C(Nc1cccc(-c2cccc(-c3cccc(-c4ccccc4F)c3)c2)c1)N1CCNCC1,-9.369655172413793,3.470002651546907,45_858
O=C(Nc1cccc(-c2cccc(-c3nc4cc(F)ccc4[nH]3)c2)c1)Nc1cccc(-c2cccc(F)c2F)c1,-9.678827361563519,3.1875244530828533,45_859
O=C(c1cccc(-c2cccc(-c3cccc(C(F)(F)F)c3)c2)c1)N1CCNCC1,-8.691666666666665,3.642566566269835,45_860
O=C(Nc1cccc(-c2cccc(-c3nc4ccccc4[nH]3)c2)c1)Nc1cccc(-c2cccc(F)c2F)c1,-9.896536796536797,3.218592063451191,45_861
O=C(Nc1cccc(-c2cccc(-c3nc4ccccc4[nH]3)c2)c1)Nc1cccc(-c2cccc(F)c2F)c1,-9.896536796536797,3.218592063451191,45_862
O=C(Nc1cccc(-c2cccc(-c3nc4ccccc4[nH]3)c2)c1)Nc1cccc(-c2cccc(F)c2F)c1,-9.896536796536797,3.218592063451191,45_863
O=C(Nc1cccc(-c2cccc(-c3nc4ccccc4[nH]3)c2)c1)Nc1cccc(-c2cccc(F)c2F)c1,-9.896536796536797,3.218592063451191,45_864
Cn1c(-c2cccc(-c3cccc(NC(=O)Nc4cccc(-c5cccc(F)c5F)c4)c3)c2)nc2ccccc21,-9.926285714285713,3.216920496534968,45_865
O=C(Nc1cccc(-c2cccc(F)c2F)c1)Nc1cccc(-c2cccc(-c3nc4cc(F)ccc4[nH]3)c2F)c1,-10.01505376344086,3.128615257744718,45_866
O=C(Nc1cccc(-c2cccc(-c3cccc(-c4cccc(F)c4)c3)c2)c1)N1CCNCC1,-9.371232876712327,3.470002651546907,45_867
O=C(c1cccc(-c2cccc(-c3cccc(-c4nn[nH]n4)c3)c2)c1)N1CCNCC1,-8.92222222222222,3.6709921779215158,45_868
O=C(c1cccc(-c2cccc(-c3nc4ccccc4[nH]3)c2)c1)N1CCN(C(=O)c2cccc(F)c2F)CC1,-9.059999999999999,3.4743716563467535,45_869
O=C(c1cccc(-c2cccc(-c3ccc4c(c3)OCO4)c2)c1)N1CCN(c2cccc(C(F)(F)F)c2)CC1,-8.966666666666667,3.4068437186879326,45_870
O=C(Nc1cccc(-c2cccc(-c3cccc(-c4cccc(F)c4)c3)c2)c1)N1CCNCC1,-9.371232876712327,3.470002651546907,45_871
O=C(Nc1cccc(-c2cccc(-c3nc4ccccc4[nH]3)c2)c1)Nc1cccc(-c2cccc(F)c2F)c1,-9.896536796536797,3.218592063451191,45_872
O=C(Nc1cccc(-c2cccc(-c3nc4ccccc4[nH]3)c2)c1)Nc1cccc(-c2cccc(F)c2F)c1,-9.896536796536797,3.218592063451191,45_873
O=C(Nc1cccc(-c2cccc(-c3nc4ccccc4[nH]3)c2)c1)Nc1cccc(-c2cccc(F)c2F)c1,-9.896536796536797,3.218592063451191,45_874
Cn1c(-c2cccc(-c3cccc(NC(=O)Nc4cccc(-c5cccc(C(=O)N6CCOCC6)c5)c4)c3)c2)nc2ccccc21,-9.516129032258064,3.2756851861708367,45_875
Cn1c(-c2cccc(-c3cccc(NC(=O)Nc4cccc(-c5cccc(C(=O)N6CCOCC6)c5)c4)c3)c2)nc2ccccc21,-9.516129032258064,3.2756851861708367,45_876
O=C(Nc1cccc(-c2cccc(-c3cccc(-c4ccccc4F)c3)c2)c1)N1CCNCC1,-9.369655172413793,3.470002651546907,45_877
O=C(Nc1cccc(-c2cccc(-c3nc4cc(F)ccc4[nH]3)c2)c1)Nc1cccc(-c2cccc(F)c2F)c1,-9.678827361563519,3.1875244530828533,45_878
O=C(Nc1cccc(-c2cccc(-c3nc4cc(F)ccc4[nH]3)c2)c1)Nc1cccc(-c2cccc(F)c2F)c1,-9.678827361563519,3.1875244530828533,45_879
O=C(Nc1cccc(-c2cccc(-c3cccc(-c4ccccc4F)c3)c2)c1)N1CCNCC1,-9.369655172413793,3.470002651546907,45_880
Cn1c(-c2cccc(-c3cccc(NC(=O)Nc4cccc(-c5cccc(F)c5F)c4)c3)c2)nc2ccccc21,-9.926285714285713,3.216920496534968,45_881
O=C(Nc1cccc2ccccc12)c1cccc(-c2cccc(-c3cccc(-c4cccc(-c5nn[nH]n5)c4)c3)c2)c1,-9.9,3.28795416791702,45_882
O=C(Nc1ccc(F)cc1F)c1cccc(-c2cccc(-c3cccc(-c4nc5ccccc5[nH]4)c3)c2)c1,-9.3,3.2933415530638275,45_883
O=C(Nc1cccc(-c2cccc(-c3cccc(-c4ccccc4F)c3)c2)c1)N1CCNCC1,-9.369655172413793,3.470002651546907,45_884
O=C(NCCNc1cccc2ccccc12)Nc1cccc(-c2cccc(-c3ccc4c(c3)OCO4)c2)c1,-8.6,3.2362594750107885,45_885
O=C(Nc1cccc(-c2cccc(-c3nc4ccccc4[nH]3)c2)c1)Nc1cccc(-c2cccc(F)c2F)c1,-9.896536796536797,3.218592063451191,45_886
O=[N+]([O-])c1cccc(-c2cccc(-c3cccc(-c4ccc5c(c4)OCO5)c3)c2)c1,-8.5,3.4716370022159886,45_887
O=C(Nc1cccc(-c2cccc(-c3nc4cc(F)ccc4[nH]3)c2)c1)Nc1cccc(-c2cccc(F)c2F)c1,-9.678827361563519,3.1875244530828533,45_888
O=C(Nc1cccc(-c2cccc(-c3nc4cc(F)ccc4[nH]3)c2)c1)Nc1cccc(-c2cccc(F)c2F)c1,-9.678827361563519,3.1875244530828533,45_889
Cn1c(-c2cccc(-c3cccc(NC(=O)Nc4cccc(-c5cccc(F)c5F)c4)c3)c2)nc2ccccc21,-9.926285714285713,3.216920496534968,45_890
O=C(Nc1cccc(-c2cccc(-c3cccc(C(F)(F)F)c3)c2)c1)Nc1cccc(-c2cccc(F)c2F)c1,-9.565853658536586,2.963519940967514,45_891
O=[N+]([O-])c1cccc(CNS(=O)(=O)c2cccc(C(F)(F)F)c2)c1,-6.7,3.6221600453831284,45_892
O=C(Nc1cccc(-c2cccc(-c3nc4ccccc4[nH]3)c2)c1)Nc1cccc(-c2cccc(F)c2F)c1,-9.896536796536797,3.218592063451191,45_893
Oc1ccc(-c2cccc3ccccc23)c2cccnc12,-6.7,3.4421563886100017,45_894
O=C(Nc1cccc(-c2cccc(-c3cccc(-c4nn[nH]n4)c3)c2)c1)Nc1cccc(-c2cccc(F)c2F)c1,-9.63,3.286971097546113,45_895
Cn1c(-c2cccc(-c3cccc(-c4cccc(NC(=O)Nc5cccc(F)c5F)c4)c3)c2)nc2ccccc21,-9.3,3.216920496534968,45_896
O=C(c1cccc(-c2cccc(-c3cccc(C(F)(F)F)c3)c2)c1)N1CCNCC1,-8.691666666666665,3.642566566269835,45_897
O=C(Nc1cccc(-c2cccc(-c3nc4ccccc4[nH]3)c2)c1)Nc1cccc(-c2cccc(F)c2F)c1,-9.896536796536797,3.218592063451191,45_898
O=C(c1cccc(-c2cccc(-c3cccc(C(=O)N4CCOCC4)c3)c2)c1)N1CCNCC1,-8.88,3.649506152725788,45_899
O=C(Nc1cccc(-c2cccc(-c3cccc(-c4ccccc4F)c3)c2)c1)N1CCNCC1,-9.369655172413793,3.470002651546907,45_900
O=C(Nc1cccc(-c2cccc(-c3nc4cc(F)ccc4[nH]3)c2)c1)Nc1cccc(-c2cccc(F)c2F)c1,-9.678827361563519,3.1875244530828533,45_901
Cn1c(-c2cccc(-c3cccc(NC(=O)Nc4cccc(-c5cccc(C(=O)N6CCOCC6)c5)c4)c3)c2)nc2ccccc21,-9.516129032258064,3.2756851861708367,45_902
O=C(c1cccc(-c2cccc(-c3ccc4c(c3)OCO4)c2)c1)N1CCN(c2cccc3ccccc23)CC1,-8.8,3.2727010550992497,45_903
Cn1c(-c2cccc(-c3cccc(NC(=O)Nc4cccc(F)c4)c3)c2)nc2ccccc21,-9.2,3.375390123066129,45_904
Cn1c(-c2cccc(-c3cccc(NC(=O)Nc4cccc(-c5cccc(F)c5F)c4)c3)c2)nc2ccccc21,-9.926285714285713,3.216920496534968,45_905
Cn1c(-c2cccc(-c3cccc(NC(=O)Nc4cccc(-c5cc6ccccc6[nH]5)c4)c3)c2)nc2ccccc21,-9.766666666666667,3.088900029637987,45_906
O=C(Nc1cnc2ccc(-c3cccc(-c4ccccc4F)c3)cn12)N1CCNCC1,-10.0,3.6526512827347544,45_907
Cn1c(-c2cccc(-c3cccc(NC(=O)Nc4cccc(-c5cccc(F)c5F)c4)c3)c2)nc2ccccc21,-9.926285714285713,3.216920496534968,45_908
O=C(Nc1cccc(-c2cccc(F)c2F)c1)Nc1cccc(-c2cccc(-c3nc4cc(F)ccc4[nH]3)c2F)c1,-10.01505376344086,3.128615257744718,45_909
O=C(Nc1cccc(-c2cccc(-c3nc4cc(F)ccc4[nH]3)c2)c1)Nc1cccc(-c2cccc(F)c2F)c1,-9.678827361563519,3.1875244530828533,45_910
O=C(Nc1cccc(-c2cccc(-c3nc4ccccc4[nH]3)c2)c1)Nc1cccc(-c2cccc(F)c2F)c1,-9.896536796536797,3.218592063451191,45_911
O=C(Nc1cccc(-c2cccc(-c3cccc(-c4cccc(-c5nn[nH]n5)c4)c3)c2)c1)Nc1cccc2ccccc12,-10.2,3.18148989886296,45_912
O=C(c1cccc(-c2cccc(-c3ccc4c(c3)OCCO4)c2F)c1)N1CCNCC1,-8.7,3.6553838184373157,45_913
O=C(Nc1cccc(-c2cccc(F)c2F)c1)Nc1cccc(-c2cccc(-c3nc4cc(F)ccc4[nH]3)c2F)c1,-10.01505376344086,3.128615257744718,45_914
O=C(Nc1cccc(-c2cccc(-c3cccc(-c4ccccc4F)c3)c2)c1)N1CCNCC1,-9.369655172413793,3.470002651546907,45_915
O=C(c1cccc(-c2cccc(-c3cccc(-c4cccc(F)c4)c3)c2)c1)N1CCNCC1,-9.309999999999999,3.508189933556279,45_916
Cn1c(-c2cccc(-c3cccc(NC(=O)Nc4cccc(-c5cccc(F)c5F)c4)c3)c2)nc2ccccc21,-9.926285714285713,3.216920496534968,45_917
O=C(Nc1cccc(-c2cccc(-c3cccc(-c4ccccc4F)c3)c2)c1)N1CCNCC1,-9.369655172413793,3.470002651546907,45_918
O=C(Nc1cccc(-c2cccc(-c3nc4cc(F)ccc4[nH]3)c2)c1)Nc1cccc(-c2cccc(F)c2F)c1,-9.678827361563519,3.1875244530828533,45_919
O=C(Nc1cccc(-c2cccc(-c3cccc(C(F)(F)F)c3)c2)c1)Nc1cccc(-c2cccc(F)c2F)c1,-9.565853658536586,2.963519940967514,45_920
Cn1c(-c2cccc(-c3cccc(NC(=O)Nc4cccc(-c5cccc(F)c5F)c4)c3)c2)nc2ccccc21,-9.926285714285713,3.216920496534968,45_921
O=C(Nc1cccc(-c2cccc(F)c2F)c1)Nc1cccc(-c2cccc(-c3nc4cc(F)ccc4[nH]3)c2F)c1,-10.01505376344086,3.128615257744718,45_922
O=C(Nc1cccc(-c2cccc(-c3nc4cc(F)ccc4[nH]3)c2)c1)Nc1cccc(-c2cccc(F)c2F)c1,-9.678827361563519,3.1875244530828533,45_923
Cn1c(-c2cccc(-c3cccc(NC(=O)Nc4cccc(-c5cccc6nccn56)c4)c3)c2)nc2ccccc21,-10.25,3.2569201881030945,45_924
O=C(c1cccc(-c2cccc(-c3cccc(-c4nc5cc(F)ccc5[nH]4)c3F)c2)c1)N1CCNCC1,-9.7,3.4394508394643903,45_925
O=C(Nc1cccc(-c2cccc(-c3nc4cc(F)ccc4[nH]3)c2)c1)Nc1cccc(-c2cccc(F)c2F)c1,-9.678827361563519,3.1875244530828533,45_926
O=C(c1cccc(-c2cccc(-c3cccc(-c4nn[nH]n4)c3)c2)c1)N1CCNCC1,-8.92222222222222,3.6709921779215158,45_927
Cn1c(-c2cccc(-c3cccc(NC(=O)Nc4cccc(-c5cccc(C(=O)N6CCOCC6)c5)c4)c3)c2)nc2ccccc21,-9.516129032258064,3.2756851861708367,45_928
O=C(Nc1cccc(-c2cncc(-c3cccc(-c4nn[nH]n4)c3)c2)c1)Nc1cccc(-c2cccc(F)c2F)c1,-9.1,3.302705800102575,45_929
O=C(Nc1cccc(-c2cccc(-c3nc4ccccc4[nH]3)c2)c1)Nc1cccc(-c2cccc(F)c2F)c1,-9.896536796536797,3.218592063451191,45_930
O=C(Nc1cccc(-c2cccc(-c3nc4cc(F)ccc4[nH]3)c2)c1)Nc1cccc(-c2cccc(F)c2F)c1,-9.678827361563519,3.1875244530828533,45_931
O=C(Nc1cccc(-c2cccc(-c3cccc(-c4nc5ccccc5[nH]4)c3)c2)c1)N1CCNCC1,-9.297435897435896,3.368308336165232,45_932
O=C(Nc1cccc(-c2cccc(-c3cccc(-c4cccc(F)c4)c3)c2)c1)N1CCNCC1,-9.371232876712327,3.470002651546907,45_933
O=C(c1cccc(-c2cccc(-c3cccc4ccccc34)c2)c1)N1CCN(C(=O)c2cccc3ccccc23)CC1,-9.74,3.1497144483216615,45_934
O=C(Nc1cccc(-c2cccc(-c3cccc(-c4cccc(F)c4)c3)c2)c1)N1CCNCC1,-9.371232876712327,3.470002651546907,45_935
O=C(Nc1cccc(-c2cccc(-c3cccc(C(F)(F)F)c3)c2)c1)Nc1cccc(-c2cccc(F)c2F)c1,-9.565853658536586,2.963519940967514,45_936
O=C(Nc1cccc(-c2cccc(C(=O)N3CCOCC3)c2)c1)Nc1cccc(-c2cccc(-c3nn[nH]n3)c2)c1,-9.6,3.3213888200525123,45_937
O=C(Nc1nc(-c2ccc3c(c2)OCCO3)cs1)c1cccc(-c2cccc(-c3cccc(-c4nc5cc(F)ccc5[nH]4)c3F)c2)c1,-9.0,3.176362059346138,45_938
O=C(Nc1cccc(-c2cn3ccccc3n2)c1)c1cccc(-c2cccc(-c3cccc4ccccc34)c2)c1,-9.0,3.2463483731709735,45_939
Cn1c(-c2cccc(-c3cccc(NC(=O)Nc4cccc(-c5cccc(F)c5F)c4)c3)c2)nc2ccccc21,-9.926285714285713,3.216920496534968,45_940
O=C(Nc1cccc(-c2cccc(F)c2F)c1)Nc1cccc(-c2cccc(-c3nc4cc(F)ccc4[nH]3)c2F)c1,-10.01505376344086,3.128615257744718,45_941
O=C(Nc1cccc(-c2cccc(-c3cccc(-c4ccccc4F)c3)c2)c1)N1CCNCC1,-9.369655172413793,3.470002651546907,45_942
Cn1c(-c2cccc(-c3cccc(NC(=O)Nc4cccc(-c5cccc(C(=O)N6CCOCC6)c5)c4)c3)c2)nc2ccccc21,-9.516129032258064,3.2756851861708367,45_943
Cn1c(-c2cccc(-c3cccc(NC(=O)Nc4cccc(-c5cccc(-c6ncccc6C#N)c5)c4)c3)c2)nc2ccccc21,-9.166666666666666,3.0906607506690618,45_944
O=C(Nc1cccc(-c2cccc(-c3nc4cc(F)ccc4[nH]3)c2)c1)Nc1cccc(-c2cccc(F)c2F)c1,-9.678827361563519,3.1875244530828533,45_945
O=C(Nc1cccc(-c2cccc(-c3nc4cc(F)ccc4[nH]3)c2)c1)Nc1cccc(-c2cccc(F)c2F)c1,-9.678827361563519,3.1875244530828533,45_946
Cn1c(-c2cccc(-c3cccc(NC(=O)Nc4cccc(-c5cccc(F)c5F)c4)c3)c2)nc2ccccc21,-9.926285714285713,3.216920496534968,45_947
O=C(Nc1cccc(-c2cccc(-c3cccc(-c4nc5cc(F)ccc5[nH]4)c3)c2)c1)N1CCNCC1,-9.2,3.371260981416027,45_948
O=C(c1cccc(-c2cccc(-c3cccc4ccccc34)c2)c1)N1CCN(C(=O)c2ccc(F)cc2F)CC1,-9.45,3.2507959847575894,45_949
O=C(Nc1ccc2c(c1)OCO2)c1cccc(-c2cccc(-c3cccc(-c4cccc(-c5nn[nH]n5)c4)c3)c2)c1,-9.333333333333334,3.262189757005676,45_950
O=C(Nc1cccc(-c2cccc(-c3cccc(-c4ccccc4F)c3)c2)c1)N1CCNCC1,-9.369655172413793,3.470002651546907,45_951
O=C(Nc1cccc(-c2cccc(-c3nc4cc(F)ccc4[nH]3)c2)c1)Nc1cccc(-c2cccc(F)c2F)c1,-9.678827361563519,3.1875244530828533,45_952
O=C(Nc1cccc(-c2cccc(-c3cccc(-c4ccccc4F)c3)c2)c1)N1CCNCC1,-9.369655172413793,3.470002651546907,45_953
O=C(c1cccc(-c2cccc(C(=O)N3CCN(C(c4ccc(F)cc4)c4ccc(F)cc4)CC3)c2)c1)N1CCOCC1,-9.2,3.366475885861974,45_954
O=C(Nc1cccc(-c2cccc(C(=O)N3CCOCC3)c2)c1)Nc1cccc(-c2cccc(F)c2F)c1,-9.433333333333334,3.5133545427940325,45_955
Cn1c(-c2cccc(-c3cccc(NC(=O)Nc4cccc(-c5cccc(F)c5F)c4)c3)c2)nc2ccccc21,-9.926285714285713,3.216920496534968,45_956
O=C(Nc1cccc(-c2cccc(-c3cccc(C(F)(F)F)c3)c2)c1)Nc1cccc(-c2cccc(F)c2F)c1,-9.565853658536586,2.963519940967514,45_957
O=C(Nc1cccc(-c2cccc(-c3nc4ccccc4[nH]3)c2)c1)Nc1cccc(-c2cccc(F)c2F)c1,-9.896536796536797,3.218592063451191,45_958
O=C(c1cccc(-c2cccc(-c3ccc4c(c3)OCO4)c2)c1)N1CCN(C(=O)c2ccc3c(c2)OCO3)CC1,-9.8,3.324735075735604,45_959
O=C(c1cccc(-c2cccc(-c3cccc4ccccc34)c2)c1)N1CCN(C(=O)c2ccccc2F)CC1,-9.325000000000001,3.2705511526271827,45_960
Cn1c(-c2cccc(-c3cccc(NC(=O)Nc4cccc(-c5cccc(-c6ncccc6C#N)c5)c4)c3)c2)nc2ccccc21,-9.166666666666666,3.0906607506690618,45_961
O=C(Nc1cccc(-c2cccc(-c3cccc(-c4cccc(F)c4)c3)c2)c1)N1CCNCC1,-9.371232876712327,3.470002651546907,45_962
Cn1c(-c2cccc(-c3cccc(NC(=O)Nc4cccc(-c5cccc(-c6nc(=O)o[nH]6)c5)c4)c3)c2)nc2ccccc21,-9.25,3.127409012341417,45_963
O=C(Nc1cccc(-c2cccc(-c3cccc(-c4ccccc4F)c3)c2)c1)N1CCNCC1,-9.369655172413793,3.470002651546907,45_964
Cn1c(-c2cccc(-c3cccc(NC(=O)Nc4ccc(-c5cc(-c6ccccc6)nc(-c6ccccc6)c5)cc4)c3)c2)nc2ccccc21,-8.1,2.9679792368143856,45_965
O=C(Nc1cccc(-c2cccc(F)c2F)c1)Nc1cccc(-c2cccc(-c3nc4cc(F)ccc4[nH]3)c2F)c1,-10.01505376344086,3.128615257744718,45_966
O=C(c1cccc(-c2cccc(-c3cccc(C(=O)N4CCOCC4)c3)c2)c1)N1CCNCC1,-8.88,3.649506152725788,45_967
Cn1c(-c2cccc(-c3cccc(NC(=O)Nc4cccc(-c5cccc(F)c5F)c4)c3)c2)nc2ccccc21,-9.926285714285713,3.216920496534968,45_968
O=C(c1cccc(-c2cccc(-c3cccc(-c4ccccc4F)c3)c2)c1)N1CCNCC1,-9.351724137931035,3.508189933556279,45_969
O=C(c1cccc(-c2cccc(C(=O)N3CCN(C(c4ccc(F)cc4)c4ccc(F)cc4)CC3)c2)c1)N1CCOCC1,-9.2,3.366475885861974,45_970
O=C(c1cccc(-c2cccc(-c3cccc(C(=O)N4CCOCC4)c3)c2)c1)N1CCNCC1,-8.88,3.649506152725788,45_971
O=C(c1cccc(-c2cccc(-c3cccc(-c4nn[nH]n4)c3)c2)c1)N1CCNCC1COc1ccccc1,-8.5,3.4340651312157657,45_972
O=C(c1cccc(-c2cccc(C(=O)N3CCN(C(c4ccccc4)c4ccccc4)CC3)c2)c1)N1CCOCC1,-9.1,3.3886257814513088,45_973
O=C(Nc1cccc(-c2cccc(-c3nc4cc(F)ccc4[nH]3)c2)c1)Nc1cccc(-c2cccc(F)c2F)c1,-9.678827361563519,3.1875244530828533,45_974
O=C(Nc1cccc(-c2cccc(-c3cccc(C(F)(F)F)c3)c2)c1)Nc1cccc(-c2cccc(F)c2F)c1,-9.565853658536586,2.963519940967514,45_975
O=C(c1cccc(-c2cccc(-c3nc4ccccc4[nH]3)c2)c1)N1CCN(c2ccc(F)cc2)CC1,-9.4,3.4648144352837686,45_976
O=C(Nc1cccc(-c2cccc(-c3ccc4c(c3)OCO4)c2)c1)Nc1cccc2ccccc12,-8.9,3.2940231259210835,45_977
O=C(Nc1cccc(-c2cccc(-c3cccc(C(F)(F)F)c3)c2)c1)Nc1cccc(-c2cccc(F)c2F)c1,-9.565853658536586,2.963519940967514,45_978
O=S(=O)(Nc1nc2ccccc2s1)c1cccc(-c2cccc(-c3cccc(-c4cccc(F)c4)c3)c2)c1,-9.4,3.385494065070878,45_979
Cn1c(-c2cccc(-c3cccc(NC(=O)Nc4cccc(-c5cccc(F)c5F)c4)c3)c2)nc2ccccc21,-9.926285714285713,3.216920496534968,45_980
O=C(Nc1cccc(-c2cccc(-c3cccc(C(F)(F)F)c3)c2)c1)Nc1cccc(-c2cccc(F)c2F)c1,-9.565853658536586,2.963519940967514,45_981
O=C(Nc1cccc(-c2cccc(F)c2F)c1)Nc1cccc(-c2cccc(-c3nc4cc(F)ccc4[nH]3)c2F)c1,-10.01505376344086,3.128615257744718,45_982
O=C(Nc1cccc(-c2cccc(-c3cccc(-c4cccc(F)c4)c3)c2)c1)N1CCNCC1,-9.371232876712327,3.470002651546907,45_983
O=C(Nc1cccc(-c2cccc(-c3cccc(-c4cccc(F)c4)c3)c2)c1)N1CCNCC1,-9.371232876712327,3.470002651546907,45_984
O=C(Nc1cccc2ccccc12)c1cccc(-c2cccc(-c3cccc(-c4cccc(-c5ccccc5F)c4)c3)c2)c1,-8.8,2.9319615900351637,45_985
O=C(Nc1cccc(-c2cccc(-c3nc4ccccc4[nH]3)c2)c1)Nc1cccc(-c2cccc(F)c2F)c1,-9.896536796536797,3.218592063451191,45_986
O=C(Nc1cccc(-c2cccc(-c3cccc(-c4nn[nH]n4)c3)c2)c1)Nc1cccc(-c2cccc(F)c2F)c1,-9.63,3.286971097546113,45_987
O=C(NCCCN1CCN(c2ccccc2F)CC1)c1cccc(-c2cccc(-c3cccc(-c4cccc(-c5nn[nH]n5)c4)c3)c2)c1,-8.4,3.1184468954316857,45_988
O=C(Nc1cccc(-c2cccc(F)c2F)c1)Nc1cccc(-c2cccc(-c3nc4cc(F)ccc4[nH]3)c2F)c1,-10.01505376344086,3.128615257744718,45_989
O=C(Nc1cccc(-c2cccc(-c3cccc(-c4ccccc4F)c3)c2)c1)N1CCNCC1,-9.369655172413793,3.470002651546907,45_990
O=C(Nc1cccc(-c2cccc(-c3nc4cc(F)ccc4[nH]3)c2)c1)Nc1cccc(-c2cccc(F)c2F)c1,-9.678827361563519,3.1875244530828533,45_991
O=C(Nc1cccc(-c2cccc(-c3nc4cc(F)ccc4[nH]3)c2)c1)Nc1cccc(-c2cccc(F)c2F)c1,-9.678827361563519,3.1875244530828533,45_992
O=C(Nc1cccc(-c2cccc(C(=O)N3CCOCC3)c2)c1)Nc1cccc(-c2cccc(-c3ccc4c(c3)OCO4)c2)c1,-10.040000000000001,3.203574602452801,45_993
O=C(Nc1cccc(-c2cccc(-c3cccc(-c4ccccc4F)c3)c2)c1)N1CCNCC1,-9.369655172413793,3.470002651546907,45_994
O=C(Nc1cccc(-c2ccccc2F)c1)Nc1cccc(-c2cccc(-c3ccc4c(c3)OCCO4)c2Cl)c1,-9.9,3.247786561886703,45_995
O=C(Nc1cccc(-c2cccc(-c3nc4cc(F)ccc4[nH]3)c2)c1)Nc1cccc(-c2cccc(F)c2F)c1,-9.678827361563519,3.1875244530828533,45_996
Cn1c(-c2cccc(-c3cncc(NC(=O)Nc4cccc(-c5cccc(F)c5F)c4)c3)c2)nc2ccccc21,-10.5,3.2923601210368245,45_997
O=C(Nc1cccc(-c2cccc(-c3nc4cc(F)ccc4[nH]3)c2)c1)Nc1cccc(-c2cccc(F)c2F)c1,-9.678827361563519,3.1875244530828533,45_998
O=C(c1cccc(-c2cccc(C(=O)N3CCN(C(=O)c4cccc5ccccc45)CC3)c2)c1)N1CCOCC1,-8.5,3.4556631917147795,45_999
Cn1c(-c2cccc(-c3cccc(NC(=O)Nc4cccc(-c5cccc(-c6ncccc6C#N)c5)c4)c3)c2)nc2ccccc21,-9.166666666666666,3.0906607506690618,45_1000
Cn1c(-c2cccc(-c3cccc(NC(=O)Nc4cccc(-c5cccc(C(=O)N6CCOCC6)c5)c4)c3)c2)nc2ccccc21,-9.516129032258064,3.2756851861708367,45_1001
O=C(Nc1cccc(-c2cccc(-c3cccc(C(F)(F)F)c3)c2)c1)Nc1cccc(-c2cccc(F)c2F)c1,-9.565853658536586,2.963519940967514,45_1002
O=C(Nc1cccc(-c2cccc(-c3cccc(C(F)(F)F)c3)c2)c1)Nc1cccc(-c2cccc(F)c2F)c1,-9.565853658536586,2.963519940967514,45_1003
O=C(Nc1cccc(-c2cccc(F)c2F)c1)Nc1cccc(-c2cccc(-c3nc4cc(F)ccc4[nH]3)c2F)c1,-10.01505376344086,3.128615257744718,45_1004
O=C(c1cccc(-c2cccc(-c3nc4cc(F)ccc4[nH]3)c2)c1)N1CCNCC1,-8.6125,3.6450984636569372,45_1005
FC(F)(F)c1cccc(NC2=NC3(C=CC=CO3)C=CC3=CCC=CC(=N2)C3)c1,-9.2,1.223542212523974,45_1006
O=C(Nc1cccc(-c2cccc(-c3nc4cc(F)ccc4[nH]3)c2)c1)Nc1cccc(-c2cccc(F)c2F)c1,-9.678827361563519,3.1875244530828533,45_1007
Cn1c(-c2cccc(-c3cccc(NC(=O)Nc4cccc(-c5cccc(-c6cccc(F)c6)c5)c4)c3)c2)nc2ccccc21,-9.742222222222223,3.0539916384657317,45_1008
O=C(Nc1cccc(-c2cccc(-c3nc4cc(F)ccc4[nH]3)c2)c1)Nc1cccc(-c2cccc(F)c2F)c1,-9.678827361563519,3.1875244530828533,45_1009
O=C(Nc1cccc(-c2cccc(-c3nc4cc(F)ccc4[nH]3)c2)c1)Nc1cccc(-c2cccc(F)c2F)c1,-9.678827361563519,3.1875244530828533,45_1010
O=C(Nc1cccc(-c2cccc(-c3nc4cc(F)ccc4[nH]3)c2)c1)Nc1cccc(-c2cccc(F)c2F)c1,-9.678827361563519,3.1875244530828533,45_1011
O=C(Nc1cccc(-c2cccc(-c3nc4cc(F)ccc4[nH]3)c2)c1)Nc1cccc(-c2cccc(F)c2F)c1,-9.678827361563519,3.1875244530828533,45_1012
O=C(Nc1cccc(-c2cccc(-c3nc4cc(F)ccc4[nH]3)c2)c1)Nc1cccc(-c2cccc(F)c2F)c1,-9.678827361563519,3.1875244530828533,45_1013
O=C(Nc1cccc(-c2cccc(-c3cccc(-c4nc5ccccc5[nH]4)c3)c2)c1)N1CCNCC1,-9.297435897435896,3.368308336165232,45_1014
Cn1c(-c2cccc(-c3cccc(NC(=O)Nc4cccc(-c5cccc(C(=O)N6CCOCC6)c5)c4)c3)c2)nc2ccccc21,-9.516129032258064,3.2756851861708367,45_1015
O=C(Nc1cccc(-c2cccc(C(=O)N3CCOCC3)c2)c1)Nc1cccc(-c2cccc(F)c2F)c1,-9.433333333333334,3.5133545427940325,45_1016
O=C(Nc1cccc(-c2cccc(-c3nc4cc(F)ccc4[nH]3)c2)c1)Nc1cccc(-c2cccc(F)c2F)c1,-9.678827361563519,3.1875244530828533,45_1017
Cn1c(-c2cccc(-c3cccc(NC(=O)Nc4cccc(-c5cccc(C(=O)N6CCOCC6)c5)c4)c3)c2)nc2ccccc21,-9.516129032258064,3.2756851861708367,45_1018
Cn1c(-c2cccc(-c3cccc(NC(=O)Nc4cccc(-c5cccc(F)c5F)c4)c3)c2)nc2ccccc21,-9.926285714285713,3.216920496534968,45_1019
O=C(Nc1cccc(-c2cccc(F)c2F)c1)Nc1cccc(-c2cccc(-c3nc4cc(F)ccc4[nH]3)c2F)c1,-10.01505376344086,3.128615257744718,45_1020
O=C(Nc1cccc(-c2cccc(-c3nc4cc(F)ccc4[nH]3)c2)c1)Nc1cccc(-c2cccc(F)c2F)c1,-9.678827361563519,3.1875244530828533,45_1021
O=C(c1cccc(-c2cccc(-c3ccc4c(c3)OCO4)c2)c1)N1CCN(c2cccc(C(F)(F)F)c2)CC1,-8.966666666666667,3.4068437186879326,45_1022
O=C(c1cccc(-c2cccc(-c3nc4cc(F)ccc4[nH]3)c2)c1)N1CCNCC1,-8.6125,3.6450984636569372,45_1023
Fc1ccc(-c2cc(C3C=CC=CO3)c3c(n2)-c2ccccc2OC3)cc1,-8.1,3.4553641689985866,45_1024
Cn1c(-c2cccc(-c3cccc(NC(=O)Nc4cccc(-c5cccc(-c6cccc(F)c6)c5)c4)c3)c2)nc2ccccc21,-9.742222222222223,3.0539916384657317,45_1025
Cn1c(-c2cccc(-c3cccc(NC(=O)Nc4cccc(-c5cccc(F)c5F)c4)c3)c2)nc2ccccc21,-9.926285714285713,3.216920496534968,45_1026
O=C(Nc1cccc(-c2cccc(-c3nc4cc(F)ccc4[nH]3)c2)c1)Nc1cccc(-c2cccc(F)c2F)c1,-9.678827361563519,3.1875244530828533,45_1027
O=C(Nc1cccc(-c2cccc(-c3nc4ccccc4[nH]3)c2)c1)Nc1cccc(-c2cccc(F)c2F)c1,-9.896536796536797,3.218592063451191,45_1028
O=C(O)c1cccc(-c2cccc(-c3cccc(-c4cccc(-c5cccc(F)c5)c4)c3)c2)c1,-9.5,3.2132483578418483,45_1029
O=C(Nc1cccc(-c2cccc(-c3cccc(-c4ccccc4F)c3)c2)c1)N1CCNCC1,-9.369655172413793,3.470002651546907,45_1030
Cn1c(-c2cccc(-c3cccc(NC(=O)Nc4cccc(-c5cccc(F)c5F)c4)c3)c2)nc2ccccc21,-9.926285714285713,3.216920496534968,45_1031
O=C(Nc1cccc(-c2cccc(-c3cccc(C(=O)N4CCOCC4)c3)c2)c1)N1CCNCC1,-8.972727272727273,3.6199094052700564,45_1032
O=C(c1cccc(-c2cccc(-c3ccc4c(c3)OCCO4)c2F)c1)N1CCNCC1,-8.7,3.6553838184373157,45_1033
O=C(Nc1cccc(-c2cccc(F)c2F)c1)Nc1cccc(-c2cccc(-c3nc4cc(F)ccc4[nH]3)c2F)c1,-10.01505376344086,3.128615257744718,45_1034
N#Cc1ccccc1N1CCN(C(=O)c2cc(Cc3n[nH]c(=O)c4c3NCCC4)ccc2F)CC1,-7.4,3.5920146620047904,45_1035
O=C(Nc1cccc(-c2cccc(-c3nc4ccccc4[nH]3)c2)c1)Nc1cccc(-c2cccc(F)c2F)c1,-9.896536796536797,3.218592063451191,45_1036
Cn1c(-c2cccc(-c3cccc(NC(=O)Nc4cccc(-c5cccc(-c6cccc(F)c6)c5)c4)c3)c2)nc2ccccc21,-9.742222222222223,3.0539916384657317,45_1037
O=C(Nc1cccc(C=C2C=CC(c3cccc(F)c3)=C2)c1)Nc1cccc(-c2cccc(-c3ccc4c(c3)OCO4)c2)c1,-8.1,2.9747135556515203,45_1038
O=C(Nc1cccc(-c2cccc(-c3cccc(C(F)(F)F)c3)c2)c1)Nc1cccc(-c2cccc(F)c2F)c1,-9.565853658536586,2.963519940967514,45_1039
O=C(Nc1cccc(-c2cccc(-c3cccc(-c4cccc(F)c4)c3)c2)c1)N1CCNCC1,-9.371232876712327,3.470002651546907,45_1040
O=C(Nc1cccc(-c2cccc(-c3nc4cc(F)ccc4[nH]3)c2)c1)Nc1cccc(-c2cccc(F)c2F)c1,-9.678827361563519,3.1875244530828533,45_1041
O=C(Nc1cccc(-c2cccc(-c3nc4cc(F)ccc4[nH]3)c2)c1)Nc1cccc(-c2cccc(F)c2F)c1,-9.678827361563519,3.1875244530828533,45_1042
O=C(Nc1cccc(-c2cccc(-c3nc4ccccc4[nH]3)c2)c1)Nc1cccc(-c2cccc(F)c2F)c1,-9.896536796536797,3.218592063451191,45_1043
O=C(Nc1cccc(-c2cccc(-c3cccc(C(F)(F)F)c3)c2)c1)Nc1cccc(-c2cccc(F)c2F)c1,-9.565853658536586,2.963519940967514,45_1044
O=C(Nc1cccc(-c2cccc(-c3cccc(-c4cccc(F)c4)c3)c2)c1)N1CCNCC1,-9.371232876712327,3.470002651546907,45_1045
O=C(c1cccc(-c2cccc(-c3cccc(-c4cccc(F)c4)c3)c2)c1)N1CCNCC1,-9.309999999999999,3.508189933556279,45_1046
Cn1c(-c2cccc(-c3cccc(-c4cccc(C(=O)N5CCNCC5)n4)c3)c2)nc2ccccc21,-8.5,3.5283095141381873,45_1047
O=C(Nc1cccc(-c2cccc(F)c2F)c1)Nc1cccc(-c2cccc(-c3nc4cc(F)ccc4[nH]3)c2F)c1,-10.01505376344086,3.128615257744718,45_1048
O=C(Nc1cccc(-c2cccc(-c3nc4ccccc4[nH]3)c2)c1)Nc1cccc(-c2cccc(F)c2F)c1,-9.896536796536797,3.218592063451191,45_1049
O=C(Nc1cccc(-c2cccc(-c3cccc(C(F)(F)F)c3)c2)c1)Nc1cccc(-c2cccc(F)c2F)c1,-9.565853658536586,2.963519940967514,45_1050
O=C(Nc1cccc(-c2cccc(-c3cccc(-c4nc5ccccc5[nH]4)c3)c2)c1)N1CCNCC1,-9.297435897435896,3.368308336165232,45_1051
O=C(Nc1cccc(-c2cccc(-c3cccc(-c4ccccc4F)c3)c2)c1)N1CCNCC1,-9.369655172413793,3.470002651546907,45_1052
O=C(Nc1cccc(-c2cccc(-c3nc4ccccc4[nH]3)c2)c1)Nc1cccc(-c2cccc(F)c2F)c1,-9.896536796536797,3.218592063451191,45_1053
O=C(Nc1cccc(-c2cccc(-c3cccc(-c4ccccc4F)c3)c2)c1)N1CCNCC1,-9.369655172413793,3.470002651546907,45_1054
O=C(Nc1cccc(-c2cccc(F)c2F)c1)Nc1cccc(-c2cccc(-c3nc4cc(F)ccc4[nH]3)c2F)c1,-10.01505376344086,3.128615257744718,45_1055
O=C(Nc1cccc(-c2cccc(-c3cccc(C(F)(F)F)c3)c2)c1)Nc1cccc(-c2cccc(F)c2F)c1,-9.565853658536586,2.963519940967514,45_1056
O=C(Nc1cccc(-c2cccc(F)c2F)c1)Nc1cccc(-c2cccc(-c3nc4cc(F)ccc4[nH]3)c2F)c1,-10.01505376344086,3.128615257744718,45_1057
Cn1c(-c2cccc(-c3cccc(NC(=O)Nc4cccc(-c5cccc(C(=O)N6CCOCC6)c5)c4)c3)c2)nc2ccccc21,-9.516129032258064,3.2756851861708367,45_1058
O=C(c1cccc(-c2cccc(-c3ccc4ccccc4c3)c2)c1)N1CCN(C(=O)c2cccc(C(F)(F)F)c2)CC1,-8.2,3.2275936871066397,45_1059
Cn1c(-c2cccc(-c3cccc(NC(=O)Nc4cccc(-c5cccc(-c6cccc(F)c6)c5)c4)c3)c2)nc2ccccc21,-9.742222222222223,3.0539916384657317,45_1060
O=C(Nc1cccc(-c2cccc(-c3nc4ccccc4[nH]3)c2)c1)Nc1cccc(-c2cccc(F)c2F)c1,-9.896536796536797,3.218592063451191,45_1061
OC(c1cccc(-c2ccc3c(ccc4ccccc43)c2)c1)c1nc2ccccc2[nH]1,-8.5,3.196063355641177,45_1062
O=C(Nc1cccc(-c2cccc(-c3cccc(-c4ccccc4F)c3)c2)c1)N1CCNCC1,-9.369655172413793,3.470002651546907,45_1063
O=C(Nc1cccc(-c2cccc(-c3nc4ccccc4[nH]3)c2)c1)Nc1cccc(-c2cccc(F)c2F)c1,-9.896536796536797,3.218592063451191,45_1064
O=C(C[SH]1C=CC=CC(c2cccc(-c3ccc4c(c3)OCCO4)c2F)=C1)N1CCNCC1,-7.7,2.495205035575057,45_1065
O=C(Nc1cccc(-c2cccc(-c3cccc(C(F)(F)F)c3)c2)c1)Nc1cccc(-c2cccc(F)c2F)c1,-9.565853658536586,2.963519940967514,45_1066
O=C(Nc1cccc(-c2cccc(-c3nc4ccccc4[nH]3)c2)c1)Nc1cccc(-c2cccc(F)c2F)c1,-9.896536796536797,3.218592063451191,45_1067
O=C(Nc1cccc(-c2cccc(-c3nc4cc(F)ccc4[nH]3)c2)c1)Nc1cccc(-c2cccc(F)c2F)c1,-9.678827361563519,3.1875244530828533,45_1068
Cn1c(-c2cccc(-c3cccc(NC(=O)Nc4cccc(-c5cccc(F)c5F)c4)c3)c2)nc2ccccc21,-9.926285714285713,3.216920496534968,45_1069
O=C(Nc1cccc(-c2cccc(-c3cccc(-c4ccccc4F)c3)c2)c1)N1CCNCC1,-9.369655172413793,3.470002651546907,45_1070
O=C(Nc1cccc(-c2cccc(F)c2F)c1)Nc1cc(-c2cccc(C(=O)N3CCOCC3)c2)ccn1,-9.3,3.566964463601068,45_1071
Cn1c(-c2cccc(-c3cccc(NC(=O)Nc4cccc5ccccc45)c3)c2)nc2ccccc21,-10.2,3.2766385498794826,45_1072
O=C(c1cccc(-c2cccc(-c3nc4ccccc4[nH]3)c2)c1)N1CCN(c2cccc3ccccc23)CC1,-9.95,3.3667479500115878,45_1073
Cn1c(-c2cccc(-c3cccc(NC(=O)Nc4cccc(-c5cccc(F)c5F)c4)c3)c2)nc2ccccc21,-9.926285714285713,3.216920496534968,45_1074
O=C(Nc1cccc(-c2cccc(-c3cccc(C(F)(F)F)c3)c2)c1)Nc1cccc(-c2cccc(F)c2F)c1,-9.565853658536586,2.963519940967514,45_1075
O=C(Nc1cccc(-c2cccc(-c3nc4ccccc4[nH]3)c2)c1)Nc1cccc(-c2cccc(F)c2F)c1,-9.896536796536797,3.218592063451191,45_1076
O=C(Nc1cccc(-c2cccc(-c3cccc(-c4ccccc4F)c3)c2)c1)N1CCNCC1,-9.369655172413793,3.470002651546907,45_1077
O=C(Nc1cccc(-c2cccc(-c3nc4ccccc4[nH]3)c2)c1)Nc1cccc(-c2cccc(F)c2F)c1,-9.896536796536797,3.218592063451191,45_1078
O=C(Nc1cccc(-c2cccc(-c3nc4cc(F)ccc4[nH]3)c2)c1)Nc1cccc(-c2cccc(F)c2F)c1,-9.678827361563519,3.1875244530828533,45_1079
Cn1c(-c2cccc(-c3cccc(NC(=O)Nc4cccc(-c5cccc(-c6cccc(F)c6)c5)c4)c3)c2)nc2ccccc21,-9.742222222222223,3.0539916384657317,45_1080
O=C(Nc1cccc(-c2cccc(-c3nc4cc(F)ccc4[nH]3)c2)c1)Nc1cccc(-c2cccc(F)c2F)c1,-9.678827361563519,3.1875244530828533,45_1081
O=C(c1cccc(-c2cccc(-c3cccc(-c4cccc(F)c4)c3)c2)c1)N1CCNCC1,-9.309999999999999,3.508189933556279,45_1082
O=C(Nc1cccc(-c2cccc(-c3nc4cc(F)ccc4[nH]3)c2)c1)Nc1cccc(-c2cccc(F)c2F)c1,-9.678827361563519,3.1875244530828533,45_1083
Cn1c(-c2cccc(-c3cccc(NC(=O)Nc4cccc(-c5cccc(C(F)(F)F)c5)c4)c3)c2)nc2ccccc21,-9.0,3.240177718187831,45_1084
O=C(Nc1cccc(-c2cccc(-c3nc4cc(F)ccc4[nH]3)c2)c1)Nc1cccc(-c2cccc(F)c2F)c1,-9.678827361563519,3.1875244530828533,45_1085
COc1cc(CNC(=O)c2cccc(-c3cccc(-c4ccccc4)c3)c2)ccc1O,-8.2,3.549980248812484,45_1086
O=C(Nc1cccc(-c2cccc(-c3nc4cc(F)ccc4[nH]3)c2)c1)Nc1cccc(-c2cccc(F)c2F)c1,-9.678827361563519,3.1875244530828533,45_1087
O=C(Nc1ccc2c(c1)OCO2)c1ccc(-c2cccc(-c3cccc(-c4cccc(-c5nn[nH]n5)c4)c3)c2)nc1,-9.1,3.227646808238421,45_1088
O=C(c1cccc(-c2cccc(-c3cccc(-c4ccccc4F)c3)c2)c1)N1CCNCC1,-9.351724137931035,3.508189933556279,45_1089
O=C(Nc1cccc(-c2cccc(-c3cccc(-c4nc5ccccc5[nH]4)c3)c2)c1)N1CCNCC1,-9.297435897435896,3.368308336165232,45_1090
O=C(Nc1cccc(-c2cccc(-c3cccc(-c4nn[nH]n4)c3)c2)c1)Nc1cccc(-c2cccc(F)c2F)c1,-9.63,3.286971097546113,45_1091
O=C(Nc1cccc(-c2cccc(-c3cccc(C(F)(F)F)c3)c2)c1)Nc1cccc(-c2cccc(F)c2F)c1,-9.565853658536586,2.963519940967514,45_1092
O=C(Nc1cccc(-c2cccc(-c3nc4ccccc4[nH]3)c2)c1)Nc1cccc(-c2cccc(F)c2F)c1,-9.896536796536797,3.218592063451191,45_1093
O=C(Nc1cccc(-c2cccc(-c3nc4ccccc4[nH]3)c2)c1)Nc1cccc(-c2cccc(F)c2F)c1,-9.896536796536797,3.218592063451191,45_1094
O=C(Nc1cccc(-c2cccc(-c3nc4ccccc4[nH]3)c2)c1)Nc1cccc(-c2cccc(F)c2F)c1,-9.896536796536797,3.218592063451191,45_1095
O=C(Nc1cccc(-c2cccc(-c3nc4ccccc4[nH]3)c2)c1)Nc1cccc(-c2cccc(F)c2F)c1,-9.896536796536797,3.218592063451191,45_1096
O=C(Nc1cccc(-c2cccc(F)c2F)c1)Nc1cccc(-c2cccc(-c3nc4cc(F)ccc4[nH]3)c2F)c1,-10.01505376344086,3.128615257744718,45_1097
O=C(c1cccc(-c2cccc(-c3cccc4ccccc34)c2)c1)N1CCN(C(=O)c2cccc3ccccc23)CC1,-9.74,3.1497144483216615,45_1098
O=C(Nc1cccc(-c2cccc(-c3nc4ccccc4[nH]3)c2)c1)Nc1cccc(-c2cccc(F)c2F)c1,-9.896536796536797,3.218592063451191,45_1099
O=C(Nc1cccc(-c2cccc(-c3cccc(C(F)(F)F)c3)c2)c1)Nc1cccc(-c2cccc(F)c2F)c1,-9.565853658536586,2.963519940967514,45_1100
O=C(Nc1cccc(-c2cccc(-c3cccc(-c4ccccc4F)c3)c2)c1)N1CCNCC1,-9.369655172413793,3.470002651546907,45_1101
Cn1c(-c2cccc(-c3cccc(NC(=O)Nc4cccc(-c5cccc(F)c5F)c4)c3)c2)nc2ccccc21,-9.926285714285713,3.216920496534968,45_1102
O=C(Nc1cccc(-c2cccc(F)c2F)c1)Nc1cccc(-c2cccc(-c3nc4cc(F)ccc4[nH]3)c2F)c1,-10.01505376344086,3.128615257744718,45_1103
O=C(Nc1cccc(-c2cccc(-c3nc4cc(F)ccc4[nH]3)c2)c1)Nc1cccc(-c2cccc(F)c2F)c1,-9.678827361563519,3.1875244530828533,45_1104
O=C(Nc1cccc(-c2cccc(-c3cccc(C(F)(F)F)c3)c2)c1)Nc1cccc(-c2cccc(F)c2F)c1,-9.565853658536586,2.963519940967514,45_1105
O=C(c1cccc(-c2cccc(-c3cccc(C(F)(F)F)c3)c2)c1)N1CCNCC1,-8.691666666666665,3.642566566269835,45_1106
Cn1c(-c2cccc(-c3cccc(NC(=O)Nc4cccc(-c5cccc(-c6cccc(F)c6)c5)c4)c3)c2)nc2ccccc21,-9.742222222222223,3.0539916384657317,45_1107
O=C(Nc1cccc(-c2cccc(-c3nc4cc(F)ccc4[nH]3)c2)c1)Nc1cccc(-c2cccc(F)c2F)c1,-9.678827361563519,3.1875244530828533,45_1108
O=C(Nc1cccc(-c2cccc(-c3cccc(-c4ccccc4F)c3)c2)c1)N1CCNCC1,-9.369655172413793,3.470002651546907,45_1109
Cn1c(-c2cccc(-c3cccc(-c4cccc(C(=O)N5CCNCC5)c4)c3)c2)nc2ccccc21,-9.316666666666665,3.480167691596529,45_1110
Cn1c(-c2cccc(-c3cccc(NC(=O)Nc4cccc(-c5cccc(F)c5F)c4)c3)c2)nc2ccccc21,-9.926285714285713,3.216920496534968,45_1111
Cn1c(-c2cccc(-c3cccc(-c4cccc(C(=O)N5CCNCC5)c4)c3)c2)nc2ccccc21,-9.316666666666665,3.480167691596529,45_1112
O=C(Nc1cccc(-c2cccc(F)c2F)c1)Nc1cccc(-c2cccc(-c3nc4cc(F)ccc4[nH]3)c2F)c1,-10.01505376344086,3.128615257744718,45_1113
O=C(c1cccc(-c2cccc(-c3cccc(C(F)(F)F)c3)c2)c1)N1CCNCC1,-8.691666666666665,3.642566566269835,45_1114
O=C(Nc1cccc(-c2cccc(-c3cccc(C(F)(F)F)c3)c2)c1)Nc1cccc(-c2cccc(F)c2F)c1,-9.565853658536586,2.963519940967514,45_1115
Cn1c(-c2cccc(-c3cccc(NC(=O)Nc4cccc(-c5cccc(F)c5F)c4)c3)c2)nc2ccccc21,-9.926285714285713,3.216920496534968,45_1116
O=C(Nc1cccc(-c2cccc(F)c2F)c1)Nc1cccc(-c2cccc(-c3nc4cc(F)ccc4[nH]3)c2F)c1,-10.01505376344086,3.128615257744718,45_1117
O=C(Nc1cccc(-c2cccc(-c3nc4cc(F)ccc4[nH]3)c2)c1)Nc1cccc(-c2cccc(F)c2F)c1,-9.678827361563519,3.1875244530828533,45_1118
O=C(Nc1cccc(-c2cccc(-c3cccc(C(F)(F)F)c3)c2)c1)Nc1cccc(-c2cccc(F)c2F)c1,-9.565853658536586,2.963519940967514,45_1119
O=C(Nc1cccc(-c2cccc(-c3nc4ccccc4[nH]3)c2)c1)Nc1cccc(-c2cccc(F)c2F)c1,-9.896536796536797,3.218592063451191,45_1120
O=C(Nc1cccc(-c2cccc(-c3nc4ccccc4[nH]3)c2)c1)Nc1cccc(-c2cccc(F)c2F)c1,-9.896536796536797,3.218592063451191,45_1121
O=C(Nc1cccc(-c2cccc(-c3nc4cc(F)ccc4[nH]3)c2)c1)Nc1cccc(-c2cccc(F)c2F)c1,-9.678827361563519,3.1875244530828533,45_1122
O=C(Nc1cccc(-c2cccc(-c3cccc(-c4nn[nH]n4)c3)c2)c1)Nc1cccc(-c2cccc(F)c2F)c1,-9.63,3.286971097546113,45_1123
O=C(Nc1cccc(-c2cccc(-c3nc4cc(F)ccc4[nH]3)c2)c1)Nc1cccc(-c2cccc(F)c2F)c1,-9.678827361563519,3.1875244530828533,45_1124
O=C(Nc1cccc(-c2cccc(-c3nc4cc(F)ccc4[nH]3)c2)c1)Nc1cccc(-c2cccc(F)c2F)c1,-9.678827361563519,3.1875244530828533,45_1125
O=C(Nc1cccc(-c2cccc(-c3cccc(C(=O)N4CCOCC4)c3)c2)c1)N1CCNCC1,-8.972727272727273,3.6199094052700564,45_1126
O=C(c1cccc(-c2cccc(C(=O)N3CCN(C(=O)c4cccc(F)c4F)CC3)c2)c1)N1CCOCC1,-8.7,3.588587880517159,45_1127
O=C(Nc1cccc(-c2cccc(-c3cccc(C(F)(F)F)c3)c2)c1)Nc1cccc(-c2cccc(F)c2F)c1,-9.565853658536586,2.963519940967514,45_1128
O=C(Nc1cccc(-c2cccc(F)c2F)c1)Nc1cccc(-c2cccc(-c3nc4cc(F)ccc4[nH]3)c2F)c1,-10.01505376344086,3.128615257744718,45_1129
O=C(Nc1cccc(-c2cccc(-c3nc4ccccc4[nH]3)c2)c1)Nc1cccc(-c2cccc(F)c2F)c1,-9.896536796536797,3.218592063451191,45_1130
O=C(Nc1cccc(-c2cccc(-c3nc4cc(F)ccc4[nH]3)c2)c1)Nc1cccc(-c2cccc(F)c2F)c1,-9.678827361563519,3.1875244530828533,45_1131
O=C(Nc1cccc(-c2cccc(-c3cccc(C(F)(F)F)c3)c2)c1)Nc1cccc(-c2cccc(C(F)(F)F)c2)c1,-9.1,2.9804279074830835,45_1132
COc1ccccc1NC(=O)Cn1cc(-c2cccc(C(F)(F)F)c2)nc1-c1cccc(-c2cccc(-c3nc4ccccc4n3C)c2)c1,-10.0,3.1753995051122237,45_1133
O=C(Nc1cccc(Cl)c1)Nc1cccc(-c2cccc(-c3cccc(C(=O)N4CCOCC4)c3)c2)c1,-9.8,3.509755228939267,45_1134
O=C(Nc1cccc(-c2cccc(-c3cccc(-c4ccccc4F)c3)c2)c1)N1CCNCC1,-9.369655172413793,3.470002651546907,45_1135
O=C(Nc1cccc(-c2cccc(-c3cccc(C(F)(F)F)c3)c2)c1)Nc1cccc(-c2cccc(F)c2F)c1,-9.565853658536586,2.963519940967514,45_1136
O=C(Nc1cccc(-c2cccc(F)c2F)c1)Nc1cccc(-c2cccc(-c3nc4cc(F)ccc4[nH]3)c2F)c1,-10.01505376344086,3.128615257744718,45_1137
Cn1c(-c2cccc(-c3cccc(NC(=O)Nc4cccc(-c5cccc(C(=O)N6CCOCC6)c5)c4)c3)c2)nc2ccccc21,-9.516129032258064,3.2756851861708367,45_1138
O=C(Nc1cccc(-c2cccc(-c3nc4cc(F)ccc4[nH]3)c2)c1)Nc1cccc(-c2cccc(F)c2F)c1,-9.678827361563519,3.1875244530828533,45_1139
O=C(Nc1cccc(-c2cccc(-c3nc4cc(F)ccc4[nH]3)c2)c1)Nc1cccc(-c2cccc(F)c2F)c1,-9.678827361563519,3.1875244530828533,45_1140
O=C1NCCN(c2ccccc2F)C(=O)c2cc(-c3ccc4c(c3)OCCO4)ccc2-c2c1cccc2-c1ccc2c(c1)OCCO2,-9.1,0.9764412781800731,45_1141
O=C(Nc1cccc(-c2cccc(-c3cccc(-c4ccccc4F)c3)c2)c1)N1CCNCC1,-9.369655172413793,3.470002651546907,45_1142
O=C(c1cccc(-c2cccc(-c3cccc4ccccc34)c2)c1)N1CCN(C(=O)c2cccc3ccccc23)CC1,-9.74,3.1497144483216615,45_1143
O=C(Nc1cccc(-c2cccc(-c3nc4cc(F)ccc4[nH]3)c2)c1)Nc1cccc(-c2cccc(F)c2F)c1,-9.678827361563519,3.1875244530828533,45_1144
O=C(Nc1cccc(-c2cccc(-c3nc4cc(F)ccc4[nH]3)c2)c1)Nc1cccc(-c2cccc(F)c2F)c1,-9.678827361563519,3.1875244530828533,45_1145
O=C(Nc1cccc(-c2cccc(F)c2F)c1)Nc1cccc(-c2cccc(-c3nc4cc(F)ccc4[nH]3)c2F)c1,-10.01505376344086,3.128615257744718,45_1146
O=C(Nc1cccc(-c2cccc(-c3cccc(C(F)(F)F)c3)c2)c1)Nc1cccc(-c2cccc(F)c2F)c1,-9.565853658536586,2.963519940967514,45_1147
O=C(Nc1cccc(-c2cccc(-c3cccc(-c4cccc(F)c4)c3)c2)c1)N1CCNCC1,-9.371232876712327,3.470002651546907,45_1148
O=C(c1cccc(-c2cccc(-c3cccc(-c4ccccc4F)c3)c2)c1)N1CCNCC1,-9.351724137931035,3.508189933556279,45_1149
O=C(Nc1cccc(-c2cccc(-c3nc4cc(F)ccc4[nH]3)c2)c1)Nc1cccc(-c2cccc(F)c2F)c1,-9.678827361563519,3.1875244530828533,45_1150
Cn1c(-c2cccc(-c3cccc(NC(=O)Nc4cccc(-c5cccc(F)c5F)c4)c3)c2)nc2ccccc21,-9.926285714285713,3.216920496534968,45_1151
O=C(Nc1cccc(-c2cccc(C(=O)N3CCOCC3)c2)c1)Nc1cccc(-c2cccc(F)c2F)c1,-9.433333333333334,3.5133545427940325,45_1152
O=C(Nc1cccc(-c2cccc(-c3ccc4c(c3)OCO4)c2)c1)c1cccc2ccccc12,-8.8,3.301790684873893,45_1153
O=C(c1cccc(-c2cccc(-c3ccc4c(c3)OCO4)c2)c1)N1CCN(C(=O)c2cccc3ccccc23)CC1,-9.540000000000001,3.2703075927733467,45_1154
O=C(c1cccc(-c2cccc(-c3cccc4ccccc34)c2)c1)N1CCN(c2ccccc2F)CC1,-9.266666666666667,3.2138302346186602,45_1155
O=C(Nc1cccc(-c2cccc(-c3nc4ccccc4[nH]3)c2)c1)Nc1cccc(-c2cccc(F)c2F)c1,-9.896536796536797,3.218592063451191,45_1156
Cn1c(-c2cccc(-c3cccc(NC(=O)Nc4cccc(-c5cccc(F)c5F)c4)c3)c2)nc2ccccc21,-9.926285714285713,3.216920496534968,45_1157
O=C(Nc1cccc(-c2cccc(-c3cccc(-c4cccc(F)c4)c3)c2)c1)N1CCNCC1,-9.371232876712327,3.470002651546907,45_1158
O=C(Nc1cccc(-c2cccc(-c3cccc(-c4ccccc4F)c3)c2)c1)N1CCNCC1,-9.369655172413793,3.470002651546907,45_1159
O=C(Nc1cccc(-c2cccc(-c3cccc(C(=O)N4CCOCC4)c3)c2)c1)N1CCNCC1,-8.972727272727273,3.6199094052700564,45_1160
O=C(Nc1cccc(-c2cccc(-c3nc4ccccc4[nH]3)c2)c1)Nc1cccc(-c2cccc(F)c2F)c1,-9.896536796536797,3.218592063451191,45_1161
O=C(Nc1cccc(-c2cccc(-c3cccc(-c4nn[nH]n4)c3)c2)c1)Nc1cccc(-c2cccc(F)c2F)c1,-9.63,3.286971097546113,45_1162
O=C(Nc1cccc(-c2cccc(-c3cccc(-c4ccccc4F)c3)c2)c1)N1CCNCC1,-9.369655172413793,3.470002651546907,45_1163
O=C(Nc1cccc(-c2cccc(-c3nc4cc(F)ccc4[nH]3)c2)c1)Nc1cccc(-c2cccc(F)c2F)c1,-9.678827361563519,3.1875244530828533,45_1164
O=C(c1nn(-c2cccc(-c3ccccc3F)c2)c2c1CS(=O)(=O)c1ccccc1-2)N1CCNCC1,-8.8,3.5556614272402483,45_1165
O=C(Nc1cccc(-c2cccc(-c3cccc(-c4ccccc4F)c3)c2)c1)N1CCNCC1,-9.369655172413793,3.470002651546907,45_1166
O=C(Nc1cccc(-c2cccc(-c3cccc(-c4nn[nH]n4)c3)c2)c1)Nc1cccc(-c2cccc(F)c2F)c1,-9.63,3.286971097546113,45_1167
O=C(Nc1cccc(-c2cccc(-c3nc4cc(F)ccc4[nH]3)c2)c1)Nc1cccc(-c2cccc(F)c2F)c1,-9.678827361563519,3.1875244530828533,45_1168
O=C(Nc1cccc(-c2cccc(F)c2F)c1)Nc1cccc(-c2cccc(-c3nc4cc(F)ccc4[nH]3)c2F)c1,-10.01505376344086,3.128615257744718,45_1169
O=C(O)C=Cc1cccc(-c2cccc(-c3cccc(-c4cccc(-c5cccc(F)c5)c4)c3)c2)c1,-9.6,3.1126431171308333,45_1170
O=C(Nc1cccc(-c2cccc(-c3nc4cc(F)ccc4[nH]3)c2)c1)Nc1cccc(-c2cccc(F)c2F)c1,-9.678827361563519,3.1875244530828533,45_1171
O=C(Nc1cccc(-c2cccc(-c3cccc(-c4ccccc4F)c3)c2)c1)N1CCNCC1,-9.369655172413793,3.470002651546907,45_1172
O=c1[nH]c2cc(-c3ccccc3)ccc2c2[nH]c(-c3cccc(F)c3F)nc12,-8.8,3.4795774083145705,45_1173
O=C(Nc1cccc(-c2cccc(-c3cccc(-c4nc5ccccc5[nH]4)c3)c2)c1)N1CCNCC1,-9.297435897435896,3.368308336165232,45_1174
O=C(Nc1cccc(-c2cccc(-c3nc4ccccc4[nH]3)c2)c1)Nc1cccc(-c2cccc(F)c2F)c1,-9.896536796536797,3.218592063451191,45_1175
Cn1c(-c2cccc(-c3cccc(NC(=O)Nc4cccc(-c5cccc(C(=O)N6CCOCC6)c5)c4)c3)c2)nc2ccccc21,-9.516129032258064,3.2756851861708367,45_1176
Cn1c(-c2cccc(-c3cccc(NC(=O)Nc4cccc(-c5cccc(F)c5F)c4)c3)c2)nc2ccccc21,-9.926285714285713,3.216920496534968,45_1177
O=C(c1cccc(-c2cccc(-c3cccc4ccccc34)c2)c1)N1CCN(C(=O)c2ccccc2F)CC1,-9.325000000000001,3.2705511526271827,45_1178
O=C(Nc1cccc(-c2cccc(-c3nc4ccccc4[nH]3)c2)c1)Nc1cccc(-c2cccc(F)c2F)c1,-9.896536796536797,3.218592063451191,45_1179
O=C(Nc1cccc(-c2cccc(-c3cccc(C(=O)N4CCOCC4)c3)c2)c1)N1CCNCC1,-8.972727272727273,3.6199094052700564,45_1180
O=C(c1cccc(F)c1)N1CCN(C(=O)c2cccc(-c3cccc(-c4nc5ccccc5[nH]4)c3)c2)CC1,-9.024999999999999,3.4726691133897107,45_1181
O=C(Nc1cccc(-c2cccc(-c3cccc(-c4cccc(F)c4)c3)c2)c1)N1CCNCC1,-9.371232876712327,3.470002651546907,45_1182
O=C(Nc1cccc(-c2cccc(-c3cccc(-c4nc5ccccc5[nH]4)c3)c2)c1)N1CCNCC1,-9.297435897435896,3.368308336165232,45_1183
O=C(c1cccc(-c2cccc(C(=O)N3CCN(c4cccc(C(F)(F)F)c4)CC3)c2)c1)N1CCOCC1,-8.84,3.5675074243249583,45_1184
Cn1c(-c2cccc(-c3cccc(NC(=O)Nc4cccc(-c5cccc(F)c5F)c4)c3)c2)nc2ccccc21,-9.926285714285713,3.216920496534968,45_1185
O=C(Nc1cccc(-c2cccc(-c3nc4cc(F)ccc4[nH]3)c2)c1)Nc1cccc2ccccc12,-9.2,3.284569061783838,45_1186
O=C(Nc1cccc(-c2cccc(-c3cccc(C(F)(F)F)c3)c2)c1)Nc1cccc(-c2cccc(F)c2F)c1,-9.565853658536586,2.963519940967514,45_1187
Cn1c(-c2cccc(-c3cccc(NC(=O)Nc4cccc(-c5cccc(-c6nnco6)c5)c4)c3)c2)nc2ccccc21,-9.7,3.1695069695779114,45_1188
O=C(Nc1cccc(-c2cccc(-c3cccc(C(F)(F)F)c3)c2)c1)Nc1cccc(-c2cccc(F)c2F)c1,-9.565853658536586,2.963519940967514,45_1189
CCC1=NC2=CC=CCC(=NC(=O)C=C(c3cccc(F)c3F)C1)Nc1cccc(-c3cccc(-c4nn[nH]n4)c3)c1C2,-8.1,1.047971805890164,45_1190
O=C(Nc1cccc(-c2cccc(-c3nc4ccccc4[nH]3)c2)c1)Nc1cccc(-c2cccc(F)c2F)c1,-9.896536796536797,3.218592063451191,45_1191
Cn1c(-c2cccc(-c3cccc(NC(=O)Nc4cccc(-c5cccc(N6CCCC6)n5)c4)c3)c2)nc2ccccc21,-9.95,3.2672563826300873,45_1192
Cn1c(-c2cccc(-c3cccc(NC(=O)Nc4cccc(-c5ccccc5F)c4)c3)c2)nc2ccccc21,-10.066666666666666,3.211589862292562,45_1193
O=C(c1cccc(-c2cccc(-c3cccc(-c4ccccc4F)c3)c2)c1)N1CCNCC1,-9.351724137931035,3.508189933556279,45_1194
O=C(Nc1cccc(-c2cccc(-c3cccc(-c4ccccc4F)c3)c2)c1)N1CCNCC1,-9.369655172413793,3.470002651546907,45_1195
Cn1c(-c2cccc(-c3cccc(NC(=O)Nc4cccc(-c5cccc(C(=O)N6CCOCC6)c5)c4)c3)c2)nc2ccccc21,-9.516129032258064,3.2756851861708367,45_1196
O=C(Nc1cccc(-c2cccc(-c3nc4cc(F)ccc4[nH]3)c2)c1)Nc1cccc(-c2cccc(F)c2F)c1,-9.678827361563519,3.1875244530828533,45_1197
O=C(Nc1cccc(-c2cccc(C(=O)N3CCOCC3)c2)c1)Nc1cccc(-c2cccc(F)c2F)c1,-9.433333333333334,3.5133545427940325,45_1198
O=C(Nc1cccc(-c2cccc(-c3nc4cc(F)ccc4[nH]3)c2)c1)Nc1cccc(-c2cccc(F)c2F)c1,-9.678827361563519,3.1875244530828533,45_1199
O=C(Nc1nc(-c2cccc(F)c2)cs1)c1cccc(-c2cccc(-c3cccc(-c4cccc(-c5nn[nH]n5)c4)c3)c2)c1,-9.0,3.2529751640530344,45_1200
O=C(Nc1cccc(-c2cccc(-c3nc4cc(F)ccc4[nH]3)c2)c1)Nc1cccc(-c2cccc(F)c2F)c1,-9.678827361563519,3.1875244530828533,45_1201
O=C(Nc1cccc(-c2cccc(-c3nc4cc(F)ccc4[nH]3)c2)c1)Nc1cccc(-c2cccc(F)c2F)c1,-9.678827361563519,3.1875244530828533,45_1202
O=C(c1cccc(-c2cccc(C(=O)N3CCN(c4cccc(C(F)(F)F)c4)CC3)c2)c1)N1CCOCC1,-8.84,3.5675074243249583,45_1203
O=C(Nc1cccc(-c2cccc(-c3cccc(-c4cccc(F)c4)c3)c2)c1)N1CCNCC1,-9.371232876712327,3.470002651546907,45_1204
Cn1c(-c2cccc(-c3cccc(NC(=O)Nc4cccc(-c5cccc(C(=O)N6CCOCC6)c5)c4)c3)c2)nc2ccccc21,-9.516129032258064,3.2756851861708367,45_1205
O=C(Nc1ccccc1F)c1cccc(-c2cccc(-c3cccc(-c4cccc(-c5nn[nH]n5)c4)c3)c2)c1,-10.5,3.3901379644410854,45_1206
Cn1c(-c2cccc(-c3cccc(NC(=O)Nc4cccc(-c5cccc(F)c5F)c4)c3)c2)nc2ccccc21,-9.926285714285713,3.216920496534968,45_1207
O=C(Nc1cccc(-c2cccc(-c3cccc(-c4cccc(F)c4)c3)c2)c1)N1CCNCC1,-9.371232876712327,3.470002651546907,45_1208
O=C(c1cccc(-c2cccc(-c3cccc(-c4ccccc4F)c3)c2)c1)N1CCNCC1,-9.351724137931035,3.508189933556279,45_1209
O=c1cc(-c2cccc(-c3cccc(F)c3)c2)[nH]c2ccccc12,-8.6,3.4442461738514085,45_1210
O=C(c1cccc(-c2cccc(-c3ccc4c(c3)OCO4)c2)c1)N1CCN(C(=O)c2ccccc2F)CC1,-8.8,3.475405586601455,45_1211
O=C(Nc1cccc(-c2cccc(-c3cccc(-c4ccccc4F)c3)c2)c1)N1CCNCC1,-9.369655172413793,3.470002651546907,45_1212
O=C(Nc1cccc(-c2cccc(-c3cccc(-c4ccccc4F)c3)c2)c1)N1CCNCC1,-9.369655172413793,3.470002651546907,45_1213
O=C(Nc1cccc(-c2cccc(-c3nc4ccccc4[nH]3)c2)c1)Nc1cccc(-c2cccc(F)c2F)c1,-9.896536796536797,3.218592063451191,45_1214
Cn1c(-c2cccc(-c3cccc(NC(=O)Nc4cccc(-c5cccc(F)c5F)c4)c3)c2)nc2ccccc21,-9.926285714285713,3.216920496534968,45_1215
O=C(Nc1cccc(-c2cccc(-c3nc4ccccc4[nH]3)c2)c1)Nc1cccc(-c2cccc(F)c2F)c1,-9.896536796536797,3.218592063451191,45_1216
O=C(Nc1cccc(-c2cccc(-c3nc4cc(F)ccc4[nH]3)c2)c1)Nc1cccc(-c2cccc(F)c2F)c1,-9.678827361563519,3.1875244530828533,45_1217
O=C(Nc1cccc(-c2cccc(-c3cccc(-c4nc5ccccc5[nH]4)c3)c2)c1)N1CCNCC1,-9.297435897435896,3.368308336165232,45_1218
Cn1c(-c2cccc(-c3cccc(NC(=O)Nc4cccc(-c5cccc(F)c5F)c4)c3)c2)nc2ccccc21,-9.926285714285713,3.216920496534968,45_1219
O=C(Nc1cccc(-c2cccc(-c3nc4ccccc4[nH]3)c2)c1)Nc1cccc(-c2cccc(F)c2F)c1,-9.896536796536797,3.218592063451191,45_1220
O=C(Nc1cccc(-c2cccc(-c3cccc(-c4cccc(F)c4)c3)c2)c1)N1CCNCC1,-9.371232876712327,3.470002651546907,45_1221
O=C(Nc1cccc(-c2cccc(-c3nc4cc(F)ccc4[nH]3)c2)c1)Nc1cccc(-c2cccc(F)c2F)c1,-9.678827361563519,3.1875244530828533,45_1222
Cn1c(-c2cccc(-c3cccc(NC(=O)Nc4cccc(-c5cccc(-c6cccc(F)c6)c5)c4)c3)c2)nc2ccccc21,-9.742222222222223,3.0539916384657317,45_1223
O=C(Nc1cccc(-c2cccc(-c3nc4ccccc4[nH]3)c2)c1)Nc1cccc(-c2cccc(F)c2F)c1,-9.896536796536797,3.218592063451191,45_1224
O=C(Nc1cccc(-c2cccc(-c3nc4ccccc4[nH]3)c2)c1)Nc1cccc(-c2cccc(F)c2F)c1,-9.896536796536797,3.218592063451191,45_1225
Cc1cccc(NC(=O)c2cccc(-c3cccc(-c4ncccc4C#N)c3)c2)c1,-8.2,3.529264380107566,45_1226
O=C(Nc1cccc(-c2cccc(-c3cccc(-c4nn[nH]n4)c3)c2)c1)Nc1cccc(-c2cccc(F)c2F)c1,-9.63,3.286971097546113,45_1227
Cn1c(-c2cccc(-c3cccc(NC(=O)Nc4cccc(-c5cccc(-c6ncccc6C#N)c5)c4)c3)c2)nc2ccccc21,-9.166666666666666,3.0906607506690618,45_1228
O=C(Nc1cccc(-c2cccc(-c3cccc(-c4nc5ccccc5[nH]4)c3)c2)c1)N1CCNCC1,-9.297435897435896,3.368308336165232,45_1229
Cn1c(-c2cccc(-c3cccc(NC(=O)Nc4cccc(-c5cccc(F)c5F)c4)c3)c2)nc2ccccc21,-9.926285714285713,3.216920496534968,45_1230
O=C(Nc1cccc(-c2cccc(-c3cccc(-c4ccccc4F)c3)c2)c1)N1CCNCC1,-9.369655172413793,3.470002651546907,45_1231
O=C(Nc1cccc(-c2cccc(-c3nc4cc(F)ccc4[nH]3)c2)c1)Nc1cccc(-c2cccc(F)c2F)c1,-9.678827361563519,3.1875244530828533,45_1232
Cn1c(-c2cccc(-c3cccc(NC(=O)Nc4cccc(-c5cccc(F)c5F)c4)c3)c2)nc2ccccc21,-9.926285714285713,3.216920496534968,45_1233
O=C(Nc1cccc(-c2cccc(-c3cccc(-c4nn[nH]n4)c3)c2)c1)Nc1cccc(-c2cccc(F)c2F)c1,-9.63,3.286971097546113,45_1234
O=C(Nc1cccc(-c2cccc(-c3cccc(C(F)(F)F)c3)c2)c1)Nc1cccc(-c2cccc(F)c2F)c1,-9.565853658536586,2.963519940967514,45_1235
O=C(Nc1cccc(-c2cccc(-c3nc4cc(F)ccc4[nH]3)c2)c1)Nc1cccc(-c2cccc(F)c2F)c1,-9.678827361563519,3.1875244530828533,45_1236
O=C(Nc1cccc(-c2cccc(-c3cccc(-c4ccccc4F)c3)c2)c1)N1CCNCC1,-9.369655172413793,3.470002651546907,45_1237
O=C(Nc1cccc(-c2cccc(-c3cccc(-c4ccccc4F)c3)c2)c1)N1CCNCC1,-9.369655172413793,3.470002651546907,45_1238
O=C(Nc1cccc(-c2cccc(-c3nc4cc(F)ccc4[nH]3)c2)c1)Nc1cccc(-c2cccc(F)c2F)c1,-9.678827361563519,3.1875244530828533,45_1239
O=C(Nc1cccc(-c2cccc(-c3nc4cc(F)ccc4[nH]3)c2)c1)Nc1cccc(-c2cccc(F)c2F)c1,-9.678827361563519,3.1875244530828533,45_1240
O=C(Nc1cccc(-c2cccc(-c3cccc(C(F)(F)F)c3)c2)c1)Nc1cccc(-c2cccc(F)c2F)c1,-9.565853658536586,2.963519940967514,45_1241
Cn1c(-c2cccc(-c3cccc(NC(=O)Nc4cccc(-c5cccc(C(=O)N6CCOCC6)c5)c4)c3)c2)nc2ccccc21,-9.516129032258064,3.2756851861708367,45_1242
Cn1c(-c2cccc(-c3cccc(NC(=O)Nc4cccc(-c5cccc(-c6cccc(F)c6)c5)c4)c3)c2)nc2ccccc21,-9.742222222222223,3.0539916384657317,45_1243
O=C(Nc1cccc(-c2cccc(-c3nc4cc(F)ccc4[nH]3)c2)c1)Nc1cccc(-c2cccc(F)c2F)c1,-9.678827361563519,3.1875244530828533,45_1244
O=C(Nc1cccc(-c2cccc(-c3cccc(C(F)(F)F)c3)c2)c1)Nc1cccc(-c2cccc(F)c2F)c1,-9.565853658536586,2.963519940967514,45_1245
Cn1c(-c2cccc(-c3cccc(NC(=O)Nc4cccc(-c5cccc(F)c5F)c4)c3)c2)nc2ccccc21,-9.926285714285713,3.216920496534968,45_1246
O=C(c1cccc(-c2cccc(-c3cccc(C(F)(F)F)c3)c2)c1)N1CCNCC1,-8.691666666666665,3.642566566269835,45_1247
O=C(Nc1cccc(-c2cccc(-c3nc4cc(F)ccc4[nH]3)c2)c1)Nc1cccc(-c2cccc(F)c2F)c1,-9.678827361563519,3.1875244530828533,45_1248
CC(C)(C)OC(=O)N1CCC(c2nc(-c3cccc(-c4ccc5c(c4)OCCO5)c3F)no2)CC1,-7.7,3.5209638184303325,45_1249
O=C(Nc1cccc(-c2cccc(-c3nc4ccccc4[nH]3)c2)c1)Nc1cccc(-c2cccc(F)c2F)c1,-9.896536796536797,3.218592063451191,45_1250
O=C(Nc1cccc(-c2cccc(-c3cccc(-c4ccccc4F)c3)c2)c1)N1CCNCC1,-9.369655172413793,3.470002651546907,45_1251
Cn1c(-c2cccc(-c3cccc(NC(=O)Nc4cccc(-c5cccc(F)c5F)c4)c3)c2)nc2ccccc21,-9.926285714285713,3.216920496534968,45_1252
Cn1c(-c2cccc(-c3cccc(NC(=O)Nc4cccc(-c5cccc(-c6cccc(F)c6)c5)c4)c3)c2)nc2ccccc21,-9.742222222222223,3.0539916384657317,45_1253
Cn1c(-c2cccc(-c3cccc(NC(=O)Nc4cccc(-c5cccc(F)c5F)c4)c3)c2)nc2ccccc21,-9.926285714285713,3.216920496534968,45_1254
O=C(Nc1cccc(-c2cccc(-c3cccc(C(F)(F)F)c3)c2)c1)Nc1cccc(-c2cccc(F)c2F)c1,-9.565853658536586,2.963519940967514,45_1255
Cn1c(-c2cccc(-c3cccc(NC(=O)Nc4cccc(-c5cccc(F)c5F)c4)c3)c2)nc2ccccc21,-9.926285714285713,3.216920496534968,45_1256
O=C(Nc1cccc(-c2cccc(-c3cccc(-c4ccccc4F)c3)c2)c1)N1CCNCC1,-9.369655172413793,3.470002651546907,45_1257
Cn1c(-c2cccc(-c3cccc(NC(=O)Nc4cccc(-c5cccc(-c6n[nH]c(=O)[nH]6)c5)c4)c3)c2)nc2ccccc21,-9.4,3.0553327705498194,45_1258
Cn1c(-c2cccc(-c3cccc(NC(=O)Nc4cccc(-c5cccc(-c6cccc(F)c6)c5)c4)c3)c2)nc2ccccc21,-9.742222222222223,3.0539916384657317,45_1259
O=C(Nc1cccc(-c2cccc(-c3nc4cc(F)ccc4[nH]3)c2)c1)Nc1cccc(-c2cccc(F)c2F)c1,-9.678827361563519,3.1875244530828533,45_1260
O=C(Nc1cccc(-c2cccc(-c3nc4ccccc4[nH]3)c2)c1)Nc1cccc(-c2cccc(F)c2F)c1,-9.896536796536797,3.218592063451191,45_1261
O=C(Nc1cccc(-c2cccc(-c3nc4cc(F)ccc4[nH]3)c2)c1)Nc1cccc(-c2cccc(F)c2F)c1,-9.678827361563519,3.1875244530828533,45_1262
O=C(Nc1cccc(-c2cccc(-c3cccc(C(F)(F)F)c3)c2)c1)Nc1cccc(-c2cccc(F)c2F)c1,-9.565853658536586,2.963519940967514,45_1263
O=C(Nc1cccc(-c2cccc(-c3nc4ccccc4[nH]3)c2)c1)Nc1cccc(-c2cccc(F)c2F)c1,-9.896536796536797,3.218592063451191,45_1264
O=C(c1cccc(-c2cccc(-c3cccc(-c4cccc(F)c4)c3)c2)c1)N1CCNCC1,-9.309999999999999,3.508189933556279,45_1265
O=C(Nc1cccc(-c2cccc(-c3cccc(-c4cccc(F)c4)c3)c2)c1)N1CCNCC1,-9.371232876712327,3.470002651546907,45_1266
O=C(Nc1cccc(-c2cccc(F)c2F)c1)Nc1cccc(-c2cccc(-c3nc4cc(F)ccc4[nH]3)c2F)c1,-10.01505376344086,3.128615257744718,45_1267
Cn1c(-c2cccc(-c3cccc(NC(=O)Nc4cccc(-c5cccc(F)c5F)c4)c3)c2)nc2ccccc21,-9.926285714285713,3.216920496534968,45_1268
O=C(Nc1cccc(-c2cccc(-c3nc4ccccc4[nH]3)c2)c1)Nc1cccc(-c2cccc(F)c2F)c1,-9.896536796536797,3.218592063451191,45_1269
Cn1c(-c2cccc(-c3cccc(NC(=O)Nc4cccc(-c5cccc(F)c5F)c4)c3)c2)nc2ccccc21,-9.926285714285713,3.216920496534968,45_1270
O=C(c1cccc(-c2cccc(-c3nc4ccccc4[nH]3)c2)c1)N1CCN(C(=O)c2cccc(F)c2F)CC1,-9.059999999999999,3.4743716563467535,45_1271
O=C(Nc1cccc(-c2cccc(-c3cccc(C(F)(F)F)c3)c2)c1)Nc1cccc(-c2cccc(F)c2F)c1,-9.565853658536586,2.963519940967514,45_1272
O=C(Nc1cccc(-c2cccc(C(=O)N3CCOCC3)c2)c1)Nc1cccc(-c2cccc(F)c2F)c1,-9.433333333333334,3.5133545427940325,45_1273
O=C(c1cccc(-c2cccc(-c3cccc(-c4nn[nH]n4)c3)c2)c1)N1CCNCC1,-8.92222222222222,3.6709921779215158,45_1274
O=C(Nc1cccc(-c2cccc(-c3cccc(C(F)(F)F)c3)c2)c1)Nc1cccc(-c2cccc(F)c2F)c1,-9.565853658536586,2.963519940967514,45_1275
Cn1c(-c2cccc(-c3cccc(NC(=O)Nc4cccc(-c5cccc(-c6cccc(F)c6)c5)c4)c3)c2)nc2ccccc21,-9.742222222222223,3.0539916384657317,45_1276
Cn1c(-c2cccc(-c3cccc(NC(=O)Nc4cccc(-c5ccccc5C#N)c4)c3)c2)nc2ccccc21,-8.7,3.2224979905418394,45_1277
O=C(Nc1cccc(-c2cccc(-c3nc4cc(F)ccc4[nH]3)c2)c1)Nc1cccc(-c2cccc(F)c2F)c1,-9.678827361563519,3.1875244530828533,45_1278
O=C(Nc1cccc(-c2cccc(-c3nc4cc(F)ccc4[nH]3)c2)c1)Nc1cccc(-c2cccc(F)c2F)c1,-9.678827361563519,3.1875244530828533,45_1279
O=C(Nc1cccc(-c2cccc(-c3cccc(-c4nn[nH]n4)c3)c2)c1)Nc1cccc(-c2cccc(F)c2F)c1,-9.63,3.286971097546113,45_1280
O=C(Nc1cccc(-c2cccc(-c3nc4ccccc4[nH]3)c2)c1)Nc1cccc(-c2cccc(F)c2F)c1,-9.896536796536797,3.218592063451191,45_1281
Cn1c(-c2cccc(-c3cccc(NC(=O)Nc4cc(F)ccc4Oc4ccccc4)c3)c2)nc2ccccc21,-9.3,3.2361572026730947,45_1282
O=C(Nc1cccc(-c2cccc(-c3nc4ccccc4[nH]3)c2)c1)Nc1cccc(-c2cccc(F)c2F)c1,-9.896536796536797,3.218592063451191,45_1283
O=C(Nc1cccc(-c2cccc(-c3nc4cc(F)ccc4[nH]3)c2)c1)Nc1cccc(-c2cccc(F)c2F)c1,-9.678827361563519,3.1875244530828533,45_1284
O=C(Nc1cccc(-c2cccc(-c3nc4ccccc4[nH]3)c2)c1)Nc1cccc(-c2cccc(F)c2F)c1,-9.896536796536797,3.218592063451191,45_1285
O=C(Nc1cccc(-c2cccc(-c3cccc(-c4nc5ccccc5[nH]4)c3)c2)c1)N1CCNCC1,-9.297435897435896,3.368308336165232,45_1286
O=C(Nc1cccc(-c2cccc(F)c2F)c1)Nc1cccc(-c2cccc(-c3nc4cc(F)ccc4[nH]3)c2F)c1,-10.01505376344086,3.128615257744718,45_1287
Cn1c(-c2cccc(-c3cccc(NC(=O)Nc4cccc(-c5cccc(C(=O)N6CCOCC6)c5)c4)c3)c2)nc2ccccc21,-9.516129032258064,3.2756851861708367,45_1288
O=C(Nc1cccc(-c2cccc(-c3nc4ccccc4[nH]3)c2)c1)Nc1cccc(-c2cccc(F)c2F)c1,-9.896536796536797,3.218592063451191,45_1289
O=C(c1cccc(F)c1)N1CCN(C(=O)c2cccc(-c3cccc(-c4nc5ccccc5[nH]4)c3)c2)CC1,-9.024999999999999,3.4726691133897107,45_1290
O=C(Cn1ccc(C2CC2)n1)Nc1cccc(-c2cccc(-c3ccc4c(c3)OCO4)c2)c1,-7.9,3.552030712437405,45_1291
O=C(Nc1cccc(-c2cccc(-c3nc4ccccc4[nH]3)c2)c1)Nc1cccc(-c2cccc(F)c2Cl)c1,-8.9,3.1669153143306814,45_1292
O=C(Nc1cccc(-c2cccc(-c3cccc(C(F)(F)F)c3)c2)c1)Nc1cccc(-c2cccc(F)c2F)c1,-9.565853658536586,2.963519940967514,45_1293
O=C(c1cccc(-c2cccc(-c3cccc4ccccc34)c2)c1)N1CCN(C(=O)c2cccc(F)c2F)CC1,-9.6125,3.2507959847575894,45_1294
O=C(Nc1cccc(-c2cccc(-c3cccc(-c4cccc(F)c4)c3)c2)c1)N1CCNCC1,-9.371232876712327,3.470002651546907,45_1295
O=C(Nc1cccc(-c2cccc(-c3cccc(-c4cccc(C(F)(F)F)c4)c3)c2)c1)Nc1cccc2ccccc12,-9.4,2.9130052607422736,45_1296
O=C(c1cccc(-c2cccc(-c3cccc(-c4cccc(F)c4)c3)c2)c1)N1CCNCC1,-9.309999999999999,3.508189933556279,45_1297
O=C(Nc1cccc(-c2cccc(-c3ccc4c(c3)OCO4)c2)c1)Nc1cccc(-c2ccc3c(c2)OCO3)c1,-9.5,3.258547389943559,45_1298
O=C(Nc1cccc(-c2cccc(-c3nc4ccccc4[nH]3)c2)c1)Nc1cccc(-c2cccc(F)c2F)c1,-9.896536796536797,3.218592063451191,45_1299
Cn1c(-c2cccc(-c3cccc(NC(=O)Nc4cccc(-c5cccc(F)c5F)c4)c3)c2)nc2ccccc21,-9.926285714285713,3.216920496534968,45_1300
O=C(c1cccc(-c2cccc(-c3cccc4ccccc34)c2)c1)N1CCN(C(=O)c2cccc(C(F)(F)F)c2)CC1,-9.9,3.2275936871066397,45_1301
O=C(Nc1cncc(-c2cccc(-c3cccc(-c4ccccc4F)c3)c2)c1)N1CCNCC1,-9.4,3.5739418461758903,45_1302
Cn1c(-c2cccc(-c3cccc(NC(=O)Nc4cccc(-c5cccc(F)c5F)c4)c3)c2)nc2ccccc21,-9.926285714285713,3.216920496534968,45_1303
O=C(Nc1cccc(-c2cccc(F)c2F)c1)Nc1cccc(-c2cccc(-c3nc4cc(F)ccc4[nH]3)c2F)c1,-10.01505376344086,3.128615257744718,45_1304
O=C(Nc1cccc(-c2cccc(F)c2F)c1)Nc1cccc(-c2cccc(-c3nc4cc(F)ccc4[nH]3)c2F)c1,-10.01505376344086,3.128615257744718,45_1305
O=C(Nc1cccc(-c2cccc(-c3nc4cc(F)ccc4[nH]3)c2)c1)Nc1cccc(-c2cccc(F)c2F)c1,-9.678827361563519,3.1875244530828533,45_1306
O=C(c1cccc(-c2cccc(-c3cccc(-c4cccc(F)c4)c3)c2)c1)N1CCNCC1,-9.309999999999999,3.508189933556279,45_1307
O=C(Nc1cccc(-c2cccc(-c3nc4cc(F)ccc4[nH]3)c2)c1)Nc1cccc(-c2cccc(F)c2F)c1,-9.678827361563519,3.1875244530828533,45_1308
O=C(Nc1cccc(-c2cccc(-c3cccc(-c4ccccc4F)c3)c2)c1)N1CCNCC1,-9.369655172413793,3.470002651546907,45_1309
Cn1c(-c2cccc(-c3cccc(NC(=O)Nc4cccc(-c5cccc(F)c5F)c4)c3)c2)nc2ccccc21,-9.926285714285713,3.216920496534968,45_1310
O=C(Nc1cccc(-c2cccc(F)c2F)c1)Nc1cccc(-c2cccc(-c3nc4cc(F)ccc4[nH]3)c2F)c1,-10.01505376344086,3.128615257744718,45_1311
O=C(Nc1cccc(-c2cccc(-c3cccc(-c4nn[nH]n4)c3)c2)c1)Nc1cccc(-c2cccc(F)c2F)c1,-9.63,3.286971097546113,45_1312
O=C(Nc1cccc(-c2cccc(F)c2F)c1)Nc1cccc(-c2cccc(-c3ccccc3F)c2Cl)c1,-9.3,3.1181334540150654,45_1313
O=C(c1cc(F)cc(F)c1)N1CCN(C(=O)c2cccc(-c3cccc(-c4ccc5c(c4)OCO5)c3)c2)CC1,-9.3,3.4645763407894306,45_1314
O=C(c1cccc(-c2cccc(-c3ccc4c(c3)OCO4)c2)c1)N1CCN(C(=O)c2c(F)cccc2F)CC1,-8.9,3.4645763407894306,45_1315
O=C(Nc1cccc(-c2cccc(-c3cccc(-c4ccccc4F)c3)c2)c1)N1CCNCC1,-9.369655172413793,3.470002651546907,45_1316
O=C(Nc1cccc(-c2cccc(-c3cccc(-c4nc5ccccc5[nH]4)c3)c2)c1)N1CCNCC1,-9.297435897435896,3.368308336165232,45_1317
O=C(Nc1cccc(-c2cccc(-c3cccc(-c4nn[nH]n4)c3)c2)c1)Nc1cccc(-c2cccc(F)c2F)c1,-9.63,3.286971097546113,45_1318
O=C(Nc1cccc(-c2cccc(-c3cccc(-c4nn[nH]n4)c3)c2)c1)Nc1cccc(-c2cccc(F)c2F)c1,-9.63,3.286971097546113,45_1319
O=C(Nc1cccc(-c2cccc(-c3cccc(-c4nn[nH]n4)c3)c2)c1)Nc1cccc(-c2cccc(F)c2F)c1,-9.63,3.286971097546113,45_1320
O=C(Nc1cccc(-c2cccc(-c3nc4ccccc4[nH]3)c2)c1)Nc1cccc(-c2cccc(F)c2F)c1,-9.896536796536797,3.218592063451191,45_1321
O=C(Nc1cccc(-c2cccc(-c3nc4ccccc4[nH]3)c2)c1)Nc1cccc(-c2cccc(F)c2F)c1,-9.896536796536797,3.218592063451191,45_1322
O=C(Nc1cccc(-c2cccc(-c3cccc(-c4cccc(F)c4)c3)c2)c1)N1CCNCC1,-9.371232876712327,3.470002651546907,45_1323
Cn1c(-c2cccc(-c3cccc(NC(=O)Nc4cccc(-c5cccc(F)c5F)c4)c3)c2)nc2ccccc21,-9.926285714285713,3.216920496534968,45_1324
Cn1c(-c2cccc(-c3cccc(NC(=O)Nc4cccc(-c5ccc6c(c5)OCCO6)c4F)c3)c2)nc2ccccc21,-8.8,3.273434482172856,45_1325
Cn1c(-c2cccc(-c3cccc(NC(=O)Nc4cccc(-c5cccc(-c6n[nH]c(=S)o6)c5)c4)c3)c2)nc2ccccc21,-9.65,3.025330481152692,45_1326
O=C(Nc1cccc(-c2cccc(-c3cccc(-c4nn[nH]n4)c3)c2)c1)Nc1cccc(-c2cccc(F)c2F)c1,-9.63,3.286971097546113,45_1327
Cn1c(-c2cccc(-c3cccc(NC(=O)Nc4cccc(-c5cccc(C(=O)N6CCOCC6)c5)c4)c3)c2)nc2ccccc21,-9.516129032258064,3.2756851861708367,45_1328
O=Cc1ccccc1N=C(Nc1cccc(F)c1)c1cccc(-c2cccc(-c3ccc4c(c3)OCO4)c2)c1,-8.7,3.1058556664097714,45_1329
O=C(Nc1cccc(-c2cccc(-c3nc4cc(F)ccc4[nH]3)c2)c1)Nc1cccc(-c2cccc(F)c2F)c1,-9.678827361563519,3.1875244530828533,45_1330
O=C(Nc1cccc(-c2cccc(-c3nc4cc(F)ccc4[nH]3)c2)c1)Nc1cccc(-c2cccc(F)c2F)c1,-9.678827361563519,3.1875244530828533,45_1331
O=C(Nc1cccc(-c2cccc(-c3nc4cc(F)ccc4[nH]3)c2)c1)Nc1cccc(-c2cccc(F)c2F)c1,-9.678827361563519,3.1875244530828533,45_1332
O=C(c1cccc(-c2cccc(-c3cccc4ccccc34)c2)c1)N1CCN(C(=O)c2cccc(F)c2F)CC1,-9.6125,3.2507959847575894,45_1333
O=C(Nc1cccc(-c2cccc(-c3nc4cc(F)ccc4[nH]3)c2)c1)Nc1cccc(-c2cccc(F)c2F)c1,-9.678827361563519,3.1875244530828533,45_1334
C=C(C=CC=CC1=CN(C(=O)Nc2cccc(-c3cnco3)c2)C=CC=C1)c1cccc(-c2nc3ccccc3[nH]2)c1,-8.6,2.25012560878548,45_1335
O=C(Nc1cccc(-c2cccc(-c3nc4cc(F)ccc4[nH]3)c2)c1)Nc1cccc(-c2cccc(F)c2F)c1,-9.678827361563519,3.1875244530828533,45_1336
O=C(Nc1cccc(-c2cccc(-c3nc4ccccc4[nH]3)c2)c1)Nc1cccc(-c2cccc(F)c2F)c1,-9.896536796536797,3.218592063451191,45_1337
COc1ccc(NC(=O)Nc2cccc(-c3cccc(-c4cccc(C(F)(F)F)c4)c3)c2)nc1,-7.9,3.5408096133993094,45_1338
O=C(Nc1cccc(Cl)c1)c1cccc(-c2cccc(-c3cccc(-c4cccc(C(=O)N5CCOCC5)c4)c3)c2)c1,-9.2,3.272208745539413,45_1339
O=C(Nc1cccc(-c2cccc(-c3cccc(C(F)(F)F)c3)c2)c1)Nc1cccc(-c2cccc(F)c2F)c1,-9.565853658536586,2.963519940967514,45_1340
Cn1c(-c2cccc(-c3cccc(NC(=O)Nc4cccc(-c5cccc(-c6ncccc6C#N)c5)c4)c3)c2)nc2ccccc21,-9.166666666666666,3.0906607506690618,45_1341
Cn1c(-c2cccc(-c3cccc(NC(=O)Nc4cccc(-c5cccc(-c6cccc(F)c6)c5)c4)c3)c2)nc2ccccc21,-9.742222222222223,3.0539916384657317,45_1342
O=C(Nc1cccc(-c2cccc(-c3cccc(C(F)(F)F)c3)c2)c1)Nc1cccc(-c2cccc(F)c2F)c1,-9.565853658536586,2.963519940967514,45_1343
O=C(c1cccc(-c2cccc(-c3cccc(-c4cccc(F)c4)c3)c2)c1)N1CCNCC1,-9.309999999999999,3.508189933556279,45_1344
Cn1c(-c2cccc(-c3cccc(NC(=O)Nc4cccc(-c5cccc(-c6cccc(F)c6)c5)c4)c3)c2)nc2ccccc21,-9.742222222222223,3.0539916384657317,45_1345
O=C(Nc1cccc(-c2cccc(-c3nc4ccccc4[nH]3)c2)c1)Nc1cccc(-c2cccc(F)c2F)c1,-9.896536796536797,3.218592063451191,45_1346
C=C(C=CC=CC(=C)c1cccc(-c2nc3ccccc3[nH]2)c1)C=CC=CC(=O)N1CCNCC1,-8.0,3.469586304146949,45_1347
O=C(c1cccc(-c2cccc(-c3cccc(-c4ccccc4F)c3)c2)c1)N1CCNCC1,-9.351724137931035,3.508189933556279,45_1348
O=C(c1cccc(-c2cccc(-c3cccc4ccccc34)c2)c1)N1CCN(C(=O)c2cccc(F)c2F)CC1,-9.6125,3.2507959847575894,45_1349
O=C(c1cccc(-c2cccc(-c3cccc(-c4ccccc4F)c3)c2)c1)N1CCNCC1,-9.351724137931035,3.508189933556279,45_1350
Cn1c(-c2cccc(-c3cccc(NC(=O)Nc4cccc(-c5cccc(F)c5F)c4)c3)c2)nc2ccccc21,-9.926285714285713,3.216920496534968,45_1351
O=C(Nc1cccc(S(=O)(=O)N=C2CCCN2)c1)c1cccc(-c2cccc(-c3ccc4c(c3)OCO4)c2)c1,-8.7,3.4448057407548935,45_1352
O=C(Nc1cccc(-c2cccc(C(=O)N3CCOCC3)c2)c1)Nc1cccc(-c2cccc(F)c2F)c1,-9.433333333333334,3.5133545427940325,45_1353
O=C(c1cccc(-c2cccc(-c3cccc(C(F)(F)F)c3)c2)c1)N1CCNCC1,-8.691666666666665,3.642566566269835,45_1354
O=C(c1cccc(-c2cccc(-c3cccc(C(=O)N4CCOCC4)c3)c2)c1)N1CCNCC1,-8.88,3.649506152725788,45_1355
N#Cc1cccnc1-c1cccc(-c2cccc(-c3ccc4[nH]c(=O)[nH]c4c3)c2)c1,-8.2,3.5215601089723236,45_1356
O=C(Nc1cccc(-c2cccc(-c3nc4ccccc4[nH]3)c2)c1)Nc1cccc(-c2cccc(F)c2F)c1,-9.896536796536797,3.218592063451191,45_1357
O=C(NCc1cccc(F)c1F)Nc1cccc(-c2cccc(-c3cccc(-c4cccc(-c5cccc(F)c5)c4)c3)c2)c1,-8.4,2.89782947026453,45_1358
O=C(Nc1cccc(-c2cccc(-c3nc4cc(F)ccc4[nH]3)c2)c1)Nc1cccc(-c2cccc(F)c2F)c1,-9.678827361563519,3.1875244530828533,45_1359
Cn1c(-c2cccc(-c3cccc(NC(=O)Nc4cccc(-c5cccc(F)c5F)c4)c3)c2)nc2ccccc21,-9.926285714285713,3.216920496534968,45_1360
O=C(Nc1cccc(-c2cccc(-c3nc4cc(F)ccc4[nH]3)c2)c1)Nc1cccc(-c2cccc(F)c2F)c1,-9.678827361563519,3.1875244530828533,45_1361
O=C(c1cc(Cc2n[nH]c(=O)c3ccccc23)cc(F)c1F)N1CCN(c2ccccc2C(F)(F)F)CC1,-8.8,3.587751806611838,45_1362
Cn1c(-c2cccc(-c3cccc(-c4cccc(C(=O)N5CCNCC5)c4)c3)c2)nc2ccccc21,-9.316666666666665,3.480167691596529,45_1363
O=C(Nc1cccc(-c2cccc(-c3cccc(C(F)(F)F)c3)c2)c1)Nc1cccc(-c2cccc(F)c2F)c1,-9.565853658536586,2.963519940967514,45_1364
O=C(Nc1cccc(-c2cccc(-c3nc4ccccc4[nH]3)c2)c1)Nc1cccc(-c2cccc(F)c2F)c1,-9.896536796536797,3.218592063451191,45_1365
O=C(Nc1cccc(-c2cccc(-c3cccc(-c4ccccc4F)c3)c2)c1)N1CCNCC1,-9.369655172413793,3.470002651546907,45_1366
O=C(Nc1cccc(-c2cccc(-c3nc4ccccc4[nH]3)c2)c1)Nc1cccc(-c2cccc(F)c2F)c1,-9.896536796536797,3.218592063451191,45_1367
O=C(Nc1cccc(-c2cccc(-c3nc4cc(F)ccc4[nH]3)c2)c1)Nc1cccc(-c2cccc(F)c2F)c1,-9.678827361563519,3.1875244530828533,45_1368
O=C(Nc1cccc(-c2cccc(-c3cccc(-c4nn[nH]n4)c3)c2)c1)Nc1cccc(-c2cccc(F)c2F)c1,-9.63,3.286971097546113,45_1369
Cn1c(-c2cccc(-c3cccc(NC(=O)Nc4cccc(-c5cccc(C(=O)N6CCOCC6)c5)c4)c3)c2)nc2ccccc21,-9.516129032258064,3.2756851861708367,45_1370
O=C(Nc1cccc(-c2cccc(-c3cccc(-c4ccccc4F)c3)c2)c1)N1CCNCC1,-9.369655172413793,3.470002651546907,45_1371
Cn1c(-c2cccc(-c3cccc(NC(=O)Nc4cccc(-c5cccc(C(=O)N6CCOCC6)c5)c4)c3)c2)nc2ccccc21,-9.516129032258064,3.2756851861708367,45_1372
O=C(c1ccccc1)N1CCN(C(=O)c2cccc(-c3cccc(-c4nc5ccccc5[nH]4)c3)c2)CC1,-9.0,3.492751661014107,45_1373
O=C(Nc1cccc(-c2cccc(-c3cccc(-c4nn[nH]n4)c3)c2)c1)Nc1cccc(-c2cccc(F)c2F)c1,-9.63,3.286971097546113,45_1374
O=C(Nc1cccc(-c2cccc(-c3nc4cc(F)ccc4[nH]3)c2)c1)Nc1cccc(-c2cccc(F)c2F)c1,-9.678827361563519,3.1875244530828533,45_1375
O=C(Nc1cccc(-c2cccc(-c3nc4cc(F)ccc4[nH]3)c2)c1)Nc1cccc(-c2cccc(F)c2F)c1,-9.678827361563519,3.1875244530828533,45_1376
O=C(Nc1cccc(-c2cccc(-c3cccc(-c4ccccc4F)c3)c2)c1)N1CCNCC1,-9.369655172413793,3.470002651546907,45_1377
O=C(c1cccc(-c2cccc(-c3cccc(-c4nn[nH]n4)c3)c2)c1)N1CCNCC1,-8.92222222222222,3.6709921779215158,45_1378
Cn1c(-c2cccc(-c3cccc(NC(=O)Nc4cccc(-c5cccc(C(=O)N6CCOCC6)c5)c4)c3)c2)nc2ccccc21,-9.516129032258064,3.2756851861708367,45_1379
O=C(Nc1ccccc1)Nc1cccc(-c2cccc(-c3cccc(-c4cccc(-c5nn[nH]n5)c4)c3)c2)c1,-9.4,3.3075243183736602,45_1380
O=C(Nc1cccc(-c2cccc(-c3nc4cc(F)ccc4[nH]3)c2)c1)Nc1cccc(-c2cccc(F)c2F)c1,-9.678827361563519,3.1875244530828533,45_1381
O=C(Nc1cccc(-c2cccc(-c3nc4ccccc4[nH]3)c2)c1)Nc1cccc(-c2cccc(F)c2F)c1,-9.896536796536797,3.218592063451191,45_1382
O=C(Nc1cccc(-c2cccc(F)c2F)c1)Nc1cccc(-c2cccc(-c3nc4cc(F)ccc4[nH]3)c2F)c1,-10.01505376344086,3.128615257744718,45_1383
O=C(Nc1cccc(-c2cccc(-c3nc4cc(F)ccc4[nH]3)c2)c1)Nc1cccc(-c2cccc(F)c2F)c1,-9.678827361563519,3.1875244530828533,45_1384
C=C(C=CC=CC1=CC(=CC2=CC(=CC3=CC(C=NC(=O)C4CC4)=CC3)C=C2)C=C1)c1ncccc1C#N,-6.2,2.9694984716440698,45_1385
O=C(c1cccc(-c2cccc(-c3cccc(C(F)(F)F)c3)c2)c1)N1CCNCC1,-8.691666666666665,3.642566566269835,45_1386
O=C(c1cccc(-c2cccc(-c3cccc(C(F)(F)F)c3)c2)c1)N1CCNCC1,-8.691666666666665,3.642566566269835,45_1387
O=C(Nc1cccc(-c2cccc(F)c2F)c1)Nc1cccc(-c2cccc(-c3nc4cc(F)ccc4[nH]3)c2F)c1,-10.01505376344086,3.128615257744718,45_1388
Cn1c(-c2cccc(-c3cccc(NC(=O)Nc4cccc(-c5cccc(-c6ccccc6F)c5)c4)c3)c2)nc2ccccc21,-10.0,3.0539916384657317,45_1389
Cn1c(-c2cccc(-c3cccc(NC(=O)Nc4cccc(-c5cccc(F)c5F)c4)c3)c2)nc2ccccc21,-9.926285714285713,3.216920496534968,45_1390
O=C(Nc1cccc(-c2cccc(-c3nc4ccccc4[nH]3)c2)c1)Nc1cccc(-c2cccc(F)c2F)c1,-9.896536796536797,3.218592063451191,45_1391
Cn1c(-c2cccc(-c3cccc(NC(=O)Nc4cccc(-c5cccc(-c6cccc(F)c6)c5)c4)c3)c2)nc2ccccc21,-9.742222222222223,3.0539916384657317,45_1392
O=C(c1cccc(-c2cccc(-c3cccc(-c4ccccc4F)c3)c2)c1)N1CCNCC1,-9.351724137931035,3.508189933556279,45_1393
O=C(Nc1cccc(-c2cccc(-c3nc4ccccc4[nH]3)c2)c1)Nc1cccc(-c2cccc(F)c2F)c1,-9.896536796536797,3.218592063451191,45_1394
O=C(Nc1cccc(-c2cccc(-c3nc4cc(F)ccc4[nH]3)c2)c1)Nc1cccc(-c2cccc(F)c2F)c1,-9.678827361563519,3.1875244530828533,45_1395
CNC(=S)N(c1cccc(-c2cccc(-c3cccc(-c4ccc5c(c4)OCO5)c3)c2)c1)c1ccc2c(c1)OCO2,-8.7,3.204552605037998,45_1396
O=C(Nc1cccc(-c2cccc(-c3nc4cc(F)ccc4[nH]3)c2)c1)Nc1cccc(-c2cccc(F)c2F)c1,-9.678827361563519,3.1875244530828533,45_1397
O=C(Nc1cccc(-c2cccc(-c3cccc(-c4ccccc4F)c3)c2)c1)N1CCNCC1,-9.369655172413793,3.470002651546907,45_1398
Cn1c(-c2cccc(-c3cccc(NC(=O)Nc4cccc(-c5cccc(F)c5F)c4)c3)c2)nc2ccccc21,-9.926285714285713,3.216920496534968,45_1399
O=C(Nc1cccc(-c2cccc(-c3nc4cc(F)ccc4[nH]3)c2)c1)Nc1cccc(-c2cccc(F)c2F)c1,-9.678827361563519,3.1875244530828533,45_1400
O=C(Nc1cccc(-c2cccc(F)c2F)c1)Nc1cccc(-c2cccc(-c3nc4cc(F)ccc4[nH]3)c2F)c1,-10.01505376344086,3.128615257744718,45_1401
O=C(Nc1cccc(-c2cccc(-c3ccc4c(c3)OCO4)c2)c1)Nc1cc(F)cc(-c2ccccc2F)c1,-9.6,3.2209144306978645,45_1402
O=C(c1cccc(-c2cccc(-c3cccc4ccccc34)c2)c1)N1CCNCC1,-8.8,3.487914983949728,45_1403
Cn1c(-c2cccc(-c3cccc(NC(=O)Nc4cccc(-c5cccc(-c6cccc(F)c6)c5)c4)c3)c2)nc2ccccc21,-9.742222222222223,3.0539916384657317,45_1404
O=C(Nc1cccc(-c2cccc(-c3nc4cc(F)ccc4[nH]3)c2)c1)Nc1cccc(-c2cccc(F)c2F)c1,-9.678827361563519,3.1875244530828533,45_1405
Cn1c(-c2cccc(-c3cccc(NC(=O)Nc4cccc(-c5cccc(F)c5F)c4)c3)c2)nc2ccccc21,-9.926285714285713,3.216920496534968,45_1406
Cn1c(-c2cccc(-c3cccc(NC(=O)Nc4cccc(-c5ccccc5F)c4)c3)c2)nc2ccccc21,-10.066666666666666,3.211589862292562,45_1407
O=C(Nc1cccc(-c2cccc(-c3cccc(-c4nc5ccccc5[nH]4)c3)c2)c1)N1CCNCC1,-9.297435897435896,3.368308336165232,45_1408
O=C(Nc1cccc(-c2cccc(-c3nc4cc(F)ccc4[nH]3)c2)c1)Nc1cccc(-c2cccc(F)c2F)c1,-9.678827361563519,3.1875244530828533,45_1409
O=C(Nc1cccc(-c2cccc(F)c2F)c1)Nc1cccc(-c2cccc(-c3nc4cc(F)ccc4[nH]3)c2F)c1,-10.01505376344086,3.128615257744718,45_1410
O=C(c1cccc(-c2cccc(-c3cccc(C(=O)N4CCOCC4)c3)c2)c1)N1CCNCC1,-8.88,3.649506152725788,45_1411
NC(=O)c1cccc(-c2cccc(-c3cccc(-c4cccc(C(F)(F)F)c4)c3)c2)c1,-9.3,3.3573093234250626,45_1412
O=C(Nc1cccc(-c2cccc(-c3cccc(-c4nc5ccccc5[nH]4)c3)c2)c1)N1CCNCC1,-9.297435897435896,3.368308336165232,45_1413
O=C(Nc1cccc(-c2cccc(-c3nc4ccccc4[nH]3)c2)c1)Nc1cccc(-c2cccc(F)c2F)c1,-9.896536796536797,3.218592063451191,45_1414
O=C(Nc1cccc(-c2cccc(-c3cccc(-c4cccc(F)c4)c3)c2)c1)N1CCNCC1,-9.371232876712327,3.470002651546907,45_1415
O=C(c1cccc(-c2cccc(-c3cccc(-c4ccccc4F)c3)c2)c1)N1CCNCC1,-9.351724137931035,3.508189933556279,45_1416
O=C(c1cccc(-c2cccc(C(=O)N3CCN(c4cccc(Cl)c4)CC3)c2)c1)N1CCOCC1,-8.149999999999999,3.5860753069993834,45_1417
O=C(c1ccc2c(-c3cccc(-c4ccccc4F)c3)cccc2c1)N1CCNCC1,-9.4,3.513567367705725,45_1418
O=C(Nc1cccc(-c2cccc(-c3cccc(C(F)(F)F)c3)c2)c1)Nc1cccc(-c2cccc(F)c2F)c1,-9.565853658536586,2.963519940967514,45_1419
O=C(c1cccc(-c2cccc(-c3cccc(-c4ccccc4F)c3)c2)c1)N1CCNCC1,-9.351724137931035,3.508189933556279,45_1420
O=C(Nc1cccc(-c2cccc(-c3nc4cc(F)ccc4[nH]3)c2)c1)Nc1cccc(-c2cccc(F)c2F)c1,-9.678827361563519,3.1875244530828533,45_1421
C=C(C=CC=CC1=CN(C(=O)Nc2cccc(-c3cccc(-c4cccc(F)c4)c3)c2)C=CC=C1)c1nc2ccccc2n1C,-9.0,2.049467148658147,45_1422
O=C(Nc1cccc(-c2cccc(-c3nc4ccccc4[nH]3)c2)c1)Nc1cccc(-c2cccc(F)c2F)c1,-9.896536796536797,3.218592063451191,45_1423
O=C(Nc1cccc(-c2cccc(-c3cccc(-c4nn[nH]n4)c3)c2)c1)Nc1cccc(-c2cccc(F)c2F)c1,-9.63,3.286971097546113,45_1424
Nc1c(C(=O)c2cccc(-c3cccc(F)c3F)c2)cccc1-c1nc(=O)c2ccccc2[nH]1,-8.7,3.438832071733498,45_1425
O=C(Nc1cccc(-c2cccc(-c3ccc4c(c3)OCO4)c2)c1)Nc1cccc(-c2ccc3c(c2)OCO3)c1,-9.5,3.258547389943559,45_1426
O=C(Nc1cccc(-c2cccc(-c3cccc(C(F)(F)F)c3)c2)c1)Nc1cccc(-c2cccc(F)c2F)c1,-9.565853658536586,2.963519940967514,45_1427
Cn1c(-c2cccc(-c3cccc(-c4cccc(-c5cccc(C(=O)N6CCNCC6)c5)c4)c3)c2)nc2ccccc21,-9.9,3.310032187611326,45_1428
O=C(Nc1cccc(-c2cccc(-c3nc4ccccc4[nH]3)c2)c1)Nc1cccc(-c2cccc(F)c2F)c1,-9.896536796536797,3.218592063451191,45_1429
N#Cc1cccnc1-c1cccc(-c2cccc(NC(=O)Nc3cccc(-c4cccc(F)c4F)c3)c2)c1,-9.25,3.3763915698637668,45_1430
O=S(=O)(Nc1cccc(-c2cccc(-c3cccc(-c4cccc(-c5nn[nH]n5)c4)c3)c2)c1)c1cccc(F)c1,-9.1,3.377581378068206,45_1431
O=C(Nc1cccc(-c2cccc(-c3cccc(-c4ccccc4F)c3)c2)c1)N1CCNCC1,-9.369655172413793,3.470002651546907,45_1432
O=C(Nc1cccc(-c2cccc(F)c2F)c1)Nc1cccc(-c2cccc(-c3nc4cc(F)ccc4[nH]3)c2F)c1,-10.01505376344086,3.128615257744718,45_1433
O=C(Nc1cccc(-c2cccc(-c3cccc(-c4ccccc4F)c3)c2)c1)N1CCNCC1,-9.369655172413793,3.470002651546907,45_1434
O=C(Nc1cccc2ccccc12)Nc1nc2ccccc2n1-c1cccc(-c2cccc(C(=O)N3CCOCC3)c2)c1,-9.3,3.33112131549979,45_1435
Cn1c(-c2cccc(-c3cccc(-c4cccc(C(=O)N5CCNCC5)c4)c3)c2)nc2ccccc21,-9.316666666666665,3.480167691596529,45_1436
O=C(Nc1cccc(-c2cccc(C(=O)N3CCOCC3)c2)c1)Nc1cccc(-c2cccc(F)c2F)c1,-9.433333333333334,3.5133545427940325,45_1437
O=C(Nc1cccc(-c2cccc(-c3cccc(-c4nn[nH]n4)c3)c2)c1)Nc1cccc(-c2cccc(F)c2F)c1,-9.63,3.286971097546113,45_1438
O=C(Nc1cccc(-c2cccc(-c3nc4ccccc4[nH]3)c2)c1)Nc1cccc(-c2cccc(F)c2F)c1,-9.896536796536797,3.218592063451191,45_1439
Cn1c(-c2cccc(-c3cccc(NC(=O)Nc4cccc(-c5cccc(F)c5F)c4)c3)c2)nc2ccccc21,-9.926285714285713,3.216920496534968,45_1440
O=C(Nc1cccc(-c2cccc(F)c2F)c1)Nc1cccc(-c2cccc(-c3nc4cc(F)ccc4[nH]3)c2F)c1,-10.01505376344086,3.128615257744718,45_1441
O=C(c1cccc(-c2cccc(-c3cccc(-c4cccc(C(F)(F)F)c4)c3)c2)c1)c1cccc2ccccc12,-9.5,2.8093051420694484,45_1442
O=C(Nc1cccc(-c2cccc(-c3cccc(C(F)(F)F)c3)c2)c1)Nc1cccc(-c2cccc(F)c2F)c1,-9.565853658536586,2.963519940967514,45_1443
Cn1c(-c2cccc(-c3cccc(NC(=O)Nc4cccc(-c5cccc(C(=O)N6CCOCC6)c5)c4)c3)c2)nc2ccccc21,-9.516129032258064,3.2756851861708367,45_1444
O=C(Nc1cccc(-c2cccc(C(=O)N3CCOCC3)c2)c1)Nc1cccc(-c2ccc3c(c2)OCCO3)c1,-8.8,3.4235171899849814,45_1445
O=C(c1cccc(-c2cccc(-c3cccc4ccccc34)c2)c1)N1CCN(C(=O)c2ccccc2F)CC1,-9.325000000000001,3.2705511526271827,45_1446
O=C(Nc1cccc(-c2cccc(-c3nc4cc(F)ccc4[nH]3)c2)c1)Nc1cccc(-c2cccc(F)c2F)c1,-9.678827361563519,3.1875244530828533,45_1447
Cn1c(-c2cccc(-c3cccc(NC(=O)Nc4cccc(-c5cccc(-c6cccc(F)c6)c5)c4)c3)c2)nc2ccccc21,-9.742222222222223,3.0539916384657317,45_1448
O=C(Nc1cccc(-c2cccc(-c3nc4ccccc4[nH]3)c2)c1)Nc1cccc(-c2cccc(F)c2F)c1,-9.896536796536797,3.218592063451191,45_1449
Cn1c(-c2cccc(-c3cccc(NC(=O)Nc4cccc(-c5cccc(F)c5F)c4)c3)c2)nc2ccccc21,-9.926285714285713,3.216920496534968,45_1450
O=C(c1cccc(-c2cccc(-c3ccc4c(c3)OCO4)c2)c1)N1CCN(C(=O)c2ccccc2F)CC1,-8.8,3.475405586601455,45_1451
O=C(Nc1cccc(-c2cccc(-c3nc4cc(F)ccc4[nH]3)c2)c1)Nc1cccc(-c2cccc(F)c2F)c1,-9.678827361563519,3.1875244530828533,45_1452
O=C(Nc1cccc(-c2cccc(-c3cccc(C(F)(F)F)c3)c2)c1)Nc1cccc(-c2cccc(F)c2F)c1,-9.565853658536586,2.963519940967514,45_1453
O=C(Nc1cccc(-c2cccc(-c3nc4ccccc4[nH]3)c2)c1)Nc1cccc(-c2cccc(F)c2F)c1,-9.896536796536797,3.218592063451191,45_1454
NC(=O)C1CNCCN1C(=O)c1cccc(-c2cccc(-c3cccc(-c4cccc(F)c4)c3)c2)c1,-9.9,3.5757419992865334,45_1455
O=C(Nc1cccc(-c2cccc(-c3nc4cc(F)ccc4[nH]3)c2)c1)Nc1cccc(-c2cccc(F)c2F)c1,-9.678827361563519,3.1875244530828533,45_1456
Cn1c(-c2cccc(-c3cccc(NC(=O)Nc4cccc(-c5cccc(-c6ccccc6)c5)c4)c3)c2)nc2ccccc21,-10.3,3.0563724042831923,45_1457
O=C(Nc1cccc(-c2cccc(-c3nc4ccccc4[nH]3)c2)c1)Nc1cccc(-c2cccc(F)c2F)c1,-9.896536796536797,3.218592063451191,45_1458
O=C(Nc1cccc(-c2cccc(-c3nc4cc(F)ccc4[nH]3)c2)c1)Nc1cccc(-c2cccc(F)c2F)c1,-9.678827361563519,3.1875244530828533,45_1459
O=C(Nc1cccc(-c2cccc(-c3cccc(C(F)(F)F)c3)c2)c1)Nc1cccc(-c2cccc(F)c2F)c1,-9.565853658536586,2.963519940967514,45_1460
O=C(Nc1cccc(-c2cccc(-c3cccc(-c4ccccc4F)c3)c2)c1)N1CCNCC1,-9.369655172413793,3.470002651546907,45_1461
Cn1c(-c2cccc(-c3cccc(NC(=O)Nc4cccc(-c5cccc(-c6nc(=O)o[nH]6)c5)c4)c3)c2)nc2ccccc21,-9.25,3.127409012341417,45_1462
Cn1c(-c2cccc(-c3cccc(NC(=O)Nc4cccc(-c5cccc(F)c5F)c4)c3)c2)nc2ccccc21,-9.926285714285713,3.216920496534968,45_1463
O=C(Nc1cccc(-c2cccc(-c3nc4cc(F)ccc4[nH]3)c2)c1)Nc1cccc(-c2cccc(F)c2F)c1,-9.678827361563519,3.1875244530828533,45_1464
O=C(Nc1cccc(-c2cccc(-c3nc4ccccc4[nH]3)c2)c1)Nc1cccc(-c2cccc(F)c2F)c1,-9.896536796536797,3.218592063451191,45_1465
O=C(Nc1cccc(-c2cccc(-c3nc4cc(F)ccc4[nH]3)c2)c1)Nc1cccc(-c2cccc(F)c2F)c1,-9.678827361563519,3.1875244530828533,45_1466
Cn1c(-c2cccc(-c3cccc(NC(=O)Nc4cccc(-c5cccc(F)c5F)c4)c3)c2)nc2ccccc21,-9.926285714285713,3.216920496534968,45_1467
O=C(Nc1cccc2ccccc12)c1cccc(-c2cccc(-c3cccc(-c4cccc(C(F)(F)F)c4)c3)c2)c1,-10.0,2.9628017869313688,45_1468
O=C(Nc1cccc(-c2cccc(-c3cccc(-c4ccccc4F)c3)c2)c1)N1CCNCC1,-9.369655172413793,3.470002651546907,45_1469
O=C(c1cccc(-c2cccc(-c3cccc4ccccc34)c2)c1)N1CCN(C(=O)c2cccc3ccccc23)CC1,-9.74,3.1497144483216615,45_1470
N#Cc1cccnc1-c1cccc(-c2cccc(NC(=O)Nc3cccc(-c4cccc(F)c4F)c3)c2)c1,-9.25,3.3763915698637668,45_1471
O=C(Nc1cccc(-c2cccc(-c3nc4ccccc4[nH]3)c2)c1)Nc1cccc(-c2cccc(F)c2F)c1,-9.896536796536797,3.218592063451191,45_1472
O=C(c1cccc(-c2cccc(-c3ccc4c(c3)OCCO4)c2F)c1)N1CCNCC1,-8.7,3.6553838184373157,45_1473
O=C(Nc1cccc(-c2cccc(F)c2F)c1)Nc1nnc(-c2cccc(-c3cccc(-c4cccc(F)c4)c3)c2)s1,-8.8,3.277211422030302,45_1474
O=C(Nc1cccc(-c2cccc(-c3cccc(-c4cccc(-c5nn[nH]n5)c4)c3)c2)c1)Nc1ccccc1-c1cccc(C(F)(F)F)c1,-7.9,2.959897004386607,45_1475
O=C(Nc1cccc(C(F)(F)F)c1)c1cccc(-c2cccc(-c3cccc(-c4cccc(-c5nn[nH]n5)c4)c3)c2)c1,-8.95,3.223181917968555,45_1476
O=C(Nc1cccc(-c2cccc(-c3cccc(-c4ccccc4F)c3)c2)c1)N1CCNCC1,-9.369655172413793,3.470002651546907,45_1477
O=C(Nc1cccc(-c2cccc(-c3cccc(-c4nn[nH]n4)c3)c2)c1)Nc1cccc(-c2cccc(F)c2F)c1,-9.63,3.286971097546113,45_1478
O=C(Nc1cccc(-c2cccc(-c3cccc(-c4ccccc4F)c3)c2)c1)N1CCNCC1,-9.369655172413793,3.470002651546907,45_1479
Cn1c(-c2cccc(-c3cccc(NC(=O)Nc4cccc(-c5cccc(F)c5F)c4)c3)c2)nc2ccccc21,-9.926285714285713,3.216920496534968,45_1480
Cn1c(-c2cccc(-c3cccc(NC(=O)Nc4cccc(-c5cccc(F)c5F)c4)c3)c2)nc2ccccc21,-9.926285714285713,3.216920496534968,45_1481
O=C(Nc1cccc(-c2cccc(-c3nc4cc(F)ccc4[nH]3)c2)c1)Nc1cccc(-c2cccc(F)c2F)c1,-9.678827361563519,3.1875244530828533,45_1482
O=C(Nc1cccc(-c2cccc(-c3nc4cc(F)ccc4[nH]3)c2)c1)Nc1cccc(-c2cccc(F)c2F)c1,-9.678827361563519,3.1875244530828533,45_1483
O=C(c1cccc(-c2cccc(C(=O)N3CCN(c4cccc([N+](=O)[O-])c4)CC3)c2)c1)N1CCOCC1,-9.0,3.4681210115165166,45_1484
O=C(Nc1cccc(-c2cccc(-c3nc4ccccc4[nH]3)c2)c1)Nc1cccc(-c2cccc(F)c2F)c1,-9.896536796536797,3.218592063451191,45_1485
O=C(Nc1cccc(-c2cccc(-c3cccc(-c4nc5ccccc5[nH]4)c3)c2)c1)N1CCNCC1,-9.297435897435896,3.368308336165232,45_1486
O=C(Nc1cccc(-c2cccc(-c3nc4cc(F)ccc4[nH]3)c2)c1)Nc1cccc(-c2cccc(F)c2F)c1,-9.678827361563519,3.1875244530828533,45_1487
O=C(Nc1cccc(-c2cccc(-c3cccc(C(=O)N4CCOCC4)c3)c2)c1)N1CCNCC1,-8.972727272727273,3.6199094052700564,45_1488
O=C(Nc1cccc(-c2cccc(-c3nc4cc(F)ccc4[nH]3)c2)c1)Nc1cccc(-c2cccc(F)c2F)c1,-9.678827361563519,3.1875244530828533,45_1489
O=C(Nc1cccc(-c2cccc(-c3cccc(-c4nc5ccccc5[nH]4)c3)c2)c1)N1CCNCC1,-9.297435897435896,3.368308336165232,45_1490
O=C(Nc1cccc(-c2cccc(-c3cccc(-c4cccc(F)c4)c3)c2)c1)Nc1ccccc1F,-8.6,3.1669426314871947,45_1491
CC(C)COc1cccc(-c2cccc(-c3cccc(-c4cccc(-c5ncccc5C#N)c4)c3)c2)c1,-8.1,3.201963076466364,45_1492
O=C1C=CC=C(c2cccc3ccccc23)CCc2c(F)cccc2N2N=C(c3cccc(F)c3F)C[C@@H]2N1,-9.6,1.416162199338817,45_1493
O=C(Nc1ccc2c(c1)OCO2)c1cccc(-c2cccc(-c3cccc(-c4cccc(-c5ccccc5F)c4)c3)c2)c1,-8.7,3.0509717974853863,45_1494
O=C(c1cccc(-c2cccc(-c3ccc4c(c3)OCO4)c2)c1)N1CCN(C(=O)c2cccc3ccccc23)CC1,-9.540000000000001,3.2703075927733467,45_1495
O=C(Nc1cccc(-c2cccc(F)c2F)c1)Nc1cccc(-c2cccc(-c3nc4cc(F)ccc4[nH]3)c2F)c1,-10.01505376344086,3.128615257744718,45_1496
O=C(c1cccc(-c2cccc(-c3cccc4ccccc34)c2)c1)N1CCN(c2cccc(C(F)(F)F)c2)CC1,-9.55,3.155724006991007,45_1497
O=C(Nc1cccc(-c2cccc(-c3nc4ccccc4[nH]3)c2)c1)Nc1cccc(-c2cccc(F)c2F)c1,-9.896536796536797,3.218592063451191,45_1498
O=C(Nc1cccc(-c2cccc(-c3nc4ccccc4[nH]3)c2)c1)Nc1cccc(-c2cccc(F)c2F)c1,-9.896536796536797,3.218592063451191,45_1499
O=C(O)c1cccc(-c2cccc(-c3cccc(-c4cccc(-c5ccccc5F)c4)c3)c2)c1,-9.5,3.2132483578418483,45_1500
O=C(N=CC1=CC(/C=C\Oc2cccc(O)c2C(=O)O)C=C1)c1cccc(-c2cccc(-c3cccc(-c4cccc(C(=O)N5CCOCC5)c4)c3)c2)c1,-9.4,2.824663826396966,45_1501
O=C(Nc1cccc(-c2cccc(-c3cccc(-c4cccc(F)c4)c3)c2)c1)N1CCNCC1,-9.371232876712327,3.470002651546907,45_1502
O=C(Nc1cccc(-c2cccc(-c3cccc(-c4nn[nH]n4)c3)c2)c1)Nc1cccc(-c2cccc(F)c2F)c1,-9.63,3.286971097546113,45_1503
O=C(Nc1cccc(-c2cccc(-c3nc4cc(F)ccc4[nH]3)c2)c1)Nc1cccc(-c2cccc(F)c2F)c1,-9.678827361563519,3.1875244530828533,45_1504
O=C(Nc1cccc(-c2cccc(-c3nc4ccccc4[nH]3)c2)c1)Nc1cccc(-c2cccc(F)c2F)c1,-9.896536796536797,3.218592063451191,45_1505
O=C(c1cccc(-c2cccc(-c3cccc(-c4nn[nH]n4)c3)c2)c1)N1CCNCC1,-8.92222222222222,3.6709921779215158,45_1506
O=C(Nc1cccc(-c2cccc(F)c2F)c1)Nc1cccc(-c2cccc(-c3nc4cc(F)ccc4[nH]3)c2F)c1,-10.01505376344086,3.128615257744718,45_1507
O=C(Nc1cccc(-c2cccc(-c3cccc(-c4nn[nH]n4)c3)c2)c1)Nc1cccc(-c2cccc(F)c2F)c1,-9.63,3.286971097546113,45_1508
O=C(c1cccc(-c2cccc(-c3ccc4c(c3)OCO4)c2)c1)N1CCN(C(=O)c2cccc(F)c2F)CC1,-9.34,3.4645763407894306,45_1509
Cn1c(-c2cccc(-c3cccc(NC(=O)Nc4cccc(-c5cccc(F)c5F)c4)c3)c2)nc2ccccc21,-9.926285714285713,3.216920496534968,45_1510
Cn1c(-c2cccc(-c3cccc(NC(=O)Nc4cccc(-c5cccc(C(=O)N6CCOCC6)c5)c4)c3)c2)nc2ccccc21,-9.516129032258064,3.2756851861708367,45_1511
O=C(Nc1cccc(-c2cccc(-c3cccc(-c4nc5ccccc5[nH]4)c3)c2)c1)N1CCNCC1,-9.297435897435896,3.368308336165232,45_1512
O=C(NCc1ccccc1)C1CNCCN1C(=O)c1cccc(-c2cccc(-c3cccc(-c4cccc(F)c4)c3)c2)c1,-8.6,3.2785240004206333,45_1513
O=C(Nc1cccc(-c2cccc(-c3cccc(-c4ccccc4F)c3)c2)c1)N1CCNCC1,-9.369655172413793,3.470002651546907,45_1514
O=C(c1cccc(-c2cccc(-c3ccc4c(c3)OCO4)c2)c1)N1CCN(C(=O)c2cccc(F)c2F)CC1,-9.34,3.4645763407894306,45_1515
O=C(Nc1cccc(-c2cccc(-c3cccc(C(=O)N4CCOCC4)c3)c2)c1)N1CCNCC1,-8.972727272727273,3.6199094052700564,45_1516
O=C(Nc1cccc(-c2cccc(-c3cccc(-c4ccccc4F)c3)c2)c1)N1CCNCC1,-9.369655172413793,3.470002651546907,45_1517
Cn1c(-c2cccc(-c3cccc(-c4cccc(C(=O)N5CCNCC5)n4)c3)c2)nc2ccccc21,-8.5,3.5283095141381873,45_1518
O=C(Nc1cccc(-c2cccc(-c3cccc(-c4ccccc4F)c3)c2)c1)N1CCNCC1,-9.369655172413793,3.470002651546907,45_1519
O=C(Nc1cccc(-c2cccc(-c3cccc(C(F)(F)F)c3)c2)c1)Nc1cccc(-c2cccc(F)c2F)c1,-9.565853658536586,2.963519940967514,45_1520
O=C(Nc1cccc(-c2cccc(-c3cccc(C(F)(F)F)c3)c2)c1)Nc1cccc(-c2cccc(F)c2F)c1,-9.565853658536586,2.963519940967514,45_1521
O=C(Nc1cccc(-c2cccc(-c3cccc(-c4ccccc4F)c3)c2)c1)N1CCNCC1,-9.369655172413793,3.470002651546907,45_1522
Cn1c(-c2cccc(-c3cccc(NC(=O)Nc4cccc(-c5cccc(-c6cccc(F)c6)c5)c4)c3)c2)nc2ccccc21,-9.742222222222223,3.0539916384657317,45_1523
O=C1N=C(C=CCCc2cccc(-c3cccc(-c4cccc(C(F)(F)F)c4)c3)c2)C1N1CCNCC1,-7.6,3.5158838534599886,45_1524
Cn1c(-c2cccc(-c3cccc(NC(=O)Nc4cccc(-c5cccc(-c6cccc(F)c6)c5)c4)c3)c2)nc2ccccc21,-9.742222222222223,3.0539916384657317,45_1525
O=C(Nc1cccc(-c2cccc(-c3cccc(-c4nn[nH]n4)c3)c2)c1)Nc1cccc(-c2cccc(F)c2F)c1,-9.63,3.286971097546113,45_1526
O=C(Nc1cccc(-c2cccc(-c3cccc(-c4ccccc4F)c3)c2)c1)N1CCNCC1,-9.369655172413793,3.470002651546907,45_1527
O=C(Nc1cccc(-c2cccc(-c3nc4cc(F)ccc4[nH]3)c2)c1)Nc1cccc(-c2cccc(F)c2F)c1,-9.678827361563519,3.1875244530828533,45_1528
O=c1[nH]c2cccc(-c3cccc(-c4cccc(-c5nc6cc(F)ccc6[nH]5)c4F)c3)c2[nH]1,-9.9,3.3788205009343706,45_1529
O=C(Nc1cccc(-c2cccc(-c3cccc(-c4ccccc4F)c3)c2)c1)N1CCNCC1,-9.369655172413793,3.470002651546907,45_1530
O=C(Nc1cccc(-c2cccc(-c3cccc(C(F)(F)F)c3)c2)c1)Nc1cccc(-c2cccc(F)c2F)c1,-9.565853658536586,2.963519940967514,45_1531
O=C(c1cccc(-c2cccc(-c3cccc(-c4cccc(F)c4)c3)c2)c1)N1CCNCC1,-9.309999999999999,3.508189933556279,45_1532
Cn1c(-c2cccc(-c3cccc(NC(=O)Nc4cccc(-c5cccc(F)c5F)c4)c3)c2)nc2ccccc21,-9.926285714285713,3.216920496534968,45_1533
Cn1c(-c2cccc(-c3cccc(NC(=O)Nc4cccc(-c5cccc(-c6cccc(F)c6)c5)c4)c3)c2)nc2ccccc21,-9.742222222222223,3.0539916384657317,45_1534
O=C(Nc1cccc(-c2cccc(F)c2F)c1)Nc1cccc(-c2cccc(-c3nc4cc(F)ccc4[nH]3)c2F)c1,-10.01505376344086,3.128615257744718,45_1535
Cn1c(-c2cccc(-c3cccc(NC(=O)Nc4cccc(-c5cccc(F)c5F)c4)c3)c2)nc2ccccc21,-9.926285714285713,3.216920496534968,45_1536
O=C(c1cccc(-c2cccc(C(=O)N3CCN(c4cccc([N+](=O)[O-])c4)CC3)c2)c1)N1CCOCC1,-9.0,3.4681210115165166,45_1537
C=C(C=CC=CC(=O)Nc1ccc2c(c1)OCO2)c1cccc(-c2cccc(-c3cccc(-c4cccc(-c5nc6ccccc6n5C)c4)c3)c2)c1,-9.0,2.8996867734304312,45_1538
O=C(Nc1cccc(-c2cccc(-c3cccc(-c4ccccc4F)c3)c2)c1)N1CCNCC1,-9.369655172413793,3.470002651546907,45_1539
Cn1c(-c2cccc(-c3cccc(NC(=O)Nc4cccc(-c5cccc(F)c5F)c4)c3)c2)nc2ccccc21,-9.926285714285713,3.216920496534968,45_1540
Cn1c(-c2cccc(-c3cccc(NC(=O)Nc4cccc(-c5cccc(C(=O)N6CCOCC6)c5)c4)c3)c2)nc2ccccc21,-9.516129032258064,3.2756851861708367,45_1541
Cn1c(-c2cccc(-c3cccc(NC(=O)Nc4cccc(-c5cccc(F)c5F)c4)c3)c2)nc2ccccc21,-9.926285714285713,3.216920496534968,45_1542
O=C(Nc1cccc(-c2cccc(-c3nc4ccccc4[nH]3)c2)c1)Nc1cccc(-c2cccc(F)c2F)c1,-9.896536796536797,3.218592063451191,45_1543
O=C(Nc1cccc(-c2cccc(-c3nc4ccccc4[nH]3)c2)c1)Nc1cccc(-c2cccc(F)c2F)c1,-9.896536796536797,3.218592063451191,45_1544
Cn1c(-c2cccc(-c3cccc(NC(=O)Nc4cccc(-c5cccc(F)c5F)c4)c3)c2)nc2ccccc21,-9.926285714285713,3.216920496534968,45_1545
O=C(Nc1cccc(-c2cccc(-c3cccc(C(=O)N4CCOCC4)c3)c2)c1)N1CCNCC1,-8.972727272727273,3.6199094052700564,45_1546
Fc1cccc(-c2cccc(-c3cccc(-c4cccc(-c5nn[nH]n5)c4)c3)c2)c1,-9.3,3.5410145204642327,45_1547
O=C(Nc1cccc(-c2cccc(-c3cccc(-c4ccccc4F)c3)c2)c1)N1CCNCC1,-9.369655172413793,3.470002651546907,45_1548
Cn1c(-c2cccc(-c3cccc(NC(=O)Nc4cccc(-c5cccc(-c6ncccc6C=O)c5)c4)c3)c2)nc2ccccc21,-9.700000000000001,3.033772250089952,45_1549
O=C(Nc1cccc(-c2cccc(-c3nc4cc(F)ccc4[nH]3)c2)c1)Nc1cccc(-c2cccc(F)c2F)c1,-9.678827361563519,3.1875244530828533,45_1550
O=C(Nc1cccc(-c2cccc(-c3cccc(C(F)(F)F)c3)c2)c1)Nc1cccc(-c2cccc(F)c2F)c1,-9.565853658536586,2.963519940967514,45_1551
O=C(Nc1cccc(-c2cccc(-c3nc4cc(F)ccc4[nH]3)c2)c1)Nc1cccc(-c2cccc(F)c2F)c1,-9.678827361563519,3.1875244530828533,45_1552
O=C(Nc1cccc(-c2cccc(-c3nc4ccccc4[nH]3)c2)c1)Nc1cccc(-c2cccc(F)c2F)c1,-9.896536796536797,3.218592063451191,45_1553
O=C(c1cccc(-c2cccc(-c3cccc(-c4nn[nH]n4)c3)c2)c1)N1CCNCC1,-8.92222222222222,3.6709921779215158,45_1554
Cn1c(-c2cccc(-c3cccc(NC(=O)Nc4cccc(-c5cccc(-c6ncccc6C=O)c5)c4)c3)c2)nc2ccccc21,-9.700000000000001,3.033772250089952,45_1555
O=C(Nc1cccc(-c2cccc(-c3cccc(-c4cccc(F)c4)c3)c2)c1)N1CCNCC1,-9.371232876712327,3.470002651546907,45_1556
O=C(c1cccc(-c2cccc(-c3nc4ccccc4[nH]3)c2)c1)N1CCN(c2cccc(Cl)c2)CC1,-8.7,3.440092756302386,45_1557
O=C(Nc1cccc(-c2cccc(-c3nc4cc(F)ccc4[nH]3)c2)c1)Nc1cccc(-c2cccc(F)c2F)c1,-9.678827361563519,3.1875244530828533,45_1558
O=C(Nc1cccc(-c2cccc(-c3cccc(C(F)(F)F)c3)c2)c1)Nc1cccc(-c2cccc(F)c2F)c1,-9.565853658536586,2.963519940967514,45_1559
O=C(Nc1cccc(-c2cccc(-c3cccc(-c4cccc(F)c4)c3)c2)c1)N1CCNCC1,-9.371232876712327,3.470002651546907,45_1560
O=C(Nc1cccc(-c2cccc(F)c2F)c1)Nc1cccc(-c2cccc(-c3nc4cc(F)ccc4[nH]3)c2F)c1,-10.01505376344086,3.128615257744718,45_1561
O=C(Nc1cccc(-c2cccc(-c3cccc(-c4ccccc4F)c3)c2)c1)N1CCNCC1,-9.369655172413793,3.470002651546907,45_1562
O=C(Nc1cccc(-c2cccc(-c3cccc(-c4cccc(F)c4)c3)c2)c1)N1CCNCC1,-9.371232876712327,3.470002651546907,45_1563
Cn1c(-c2cccc(-c3cccc(NC(=O)Nc4cccc(-c5cccc(C(=O)N6CCOCC6)c5)c4)c3)c2)nc2ccccc21,-9.516129032258064,3.2756851861708367,45_1564
Cn1c(-c2cccc(-c3cccc(NC(=O)Nc4cccc(-c5cccc(F)c5F)c4)c3)c2)nc2ccccc21,-9.926285714285713,3.216920496534968,45_1565
Cn1c(-c2cccc(-c3cccc(NC(=O)Nc4cccc(-c5cccc(F)c5F)c4)c3)c2)nc2ccccc21,-9.926285714285713,3.216920496534968,45_1566
Cc1ccc(N(C(=O)c2ccccc2)c2cccc(C(=O)Nc3cccc(C)c3C)c2)cc1,-7.7,3.514540790439521,45_1567
O=C(Nc1cccc(-c2cccc(-c3nc4ccccc4[nH]3)c2)c1)Nc1cccc(-c2cccc(F)c2F)c1,-9.896536796536797,3.218592063451191,45_1568
O=C(Nc1cccc(-c2cccc(-c3nc4ccccc4[nH]3)c2)c1)Nc1cccc(-c2cccc(F)c2F)c1,-9.896536796536797,3.218592063451191,45_1569
O=C(Nc1cccc(-c2cccc(-c3cccc(-c4cccc(F)c4)c3)c2)c1)N1CCNCC1,-9.371232876712327,3.470002651546907,45_1570
O=C(Nc1cccc(-c2cccc(-c3cccc(-c4ccccc4F)c3)c2)c1)N1CCNCC1,-9.369655172413793,3.470002651546907,45_1571
O=C(Nc1cccc(-c2cccc(-c3cccc(-c4ccccc4F)c3)c2)c1)N1CCNCC1,-9.369655172413793,3.470002651546907,45_1572
O=C(Nc1cnn(Cc2cccc(Cl)c2)c1)c1ccc(-c2cccc(-c3ccc4c(c3)OCO4)c2)cc1,-8.0,3.4465708939505784,45_1573
O=C(Nc1cccc(-c2cccc(F)c2F)c1)Nc1cccc(-c2cccc(-c3nc4cc(F)ccc4[nH]3)c2Cl)c1,-10.2,3.156924248681744,45_1574
O=C(Nc1cccc(-c2cccc(-c3nc4cc(F)ccc4[nH]3)c2)c1)Nc1cccc(-c2cccc(F)c2F)c1,-9.678827361563519,3.1875244530828533,45_1575
O=C(Nc1cccc(-c2cccc(-c3cccc(C(F)(F)F)c3)c2)c1)Nc1cccc(-c2cccc(F)c2F)c1,-9.565853658536586,2.963519940967514,45_1576
O=C(Nc1cccc(-c2cccc(-c3nc4ccccc4[nH]3)c2)c1)Nc1cccc(-c2cccc(F)c2F)c1,-9.896536796536797,3.218592063451191,45_1577
Cn1c(-c2cccc(-c3cccc(NC(=O)Nc4cccc(-c5cccc(F)c5F)c4)c3)c2)nc2ccccc21,-9.926285714285713,3.216920496534968,45_1578
O=C(Nc1cccc(-c2cccc(-c3cccc(-c4cccc(-c5nn[nH]n5)c4)c3)c2)c1)Nc1cccc(-c2cnco2)c1,-9.1,3.1624127489258127,45_1579
Cn1c(-c2cccc(-c3cccc(NC(=O)Nc4cccc(-c5cccc(-c6cccc(C(F)(F)F)c6)c5)c4)c3)c2)nc2ccccc21,-10.4,3.0827881717580823,45_1580
O=C(Nc1csc(-c2nncn2C2CC2)n1)c1cccc(-c2cccc(-c3ccc4c(c3)OCO4)c2)c1,-8.0,3.343824134431122,45_1581
Cn1c(-c2cccc(-c3cccc(NC(=O)Nc4cccc(-c5cccc(F)c5F)c4)c3)c2)nc2ccccc21,-9.926285714285713,3.216920496534968,45_1582
Cn1c(-c2cccc(-c3cccc(NC(=O)Nc4cccc(-c5cccc(F)c5F)c4)c3)c2)nc2ccccc21,-9.926285714285713,3.216920496534968,45_1583
O=C(Nc1cccc(-c2cccc(F)c2F)c1)Nc1cccc(-c2cccc(-c3nc4cc(F)ccc4[nH]3)c2F)c1,-10.01505376344086,3.128615257744718,45_1584
Cn1c(-c2cccc(-c3cccc(-c4cccc(C(=O)N5CCNCC5)c4)c3)c2)nc2ccccc21,-9.316666666666665,3.480167691596529,45_1585
O=C(c1cccc(-c2cccc(F)c2)c1)N1CCN(C(=O)c2cccc(-c3cccc(-c4cccc5ccccc45)c3)c2)CC1,-9.0,3.11487138201202,45_1586
O=C(c1cccc(-c2cccc(-c3nc4cc(F)ccc4[nH]3)c2)c1)N1CCNCC1,-8.6125,3.6450984636569372,45_1587
O=C(Nc1cccc(-c2cccc(-c3nc4ccccc4[nH]3)c2)c1)Nc1cccc(-c2cccc(F)c2F)c1,-9.896536796536797,3.218592063451191,45_1588
Cn1c(-c2cccc(-c3cccc(NC(=O)Nc4cccc(-c5cccc(-c6cccc(F)c6)c5)c4)c3)c2)nc2ccccc21,-9.742222222222223,3.0539916384657317,45_1589
O=C(c1cccc(-c2cccc(-c3ccc4c(c3)OCO4)c2)c1)N1CCN(c2cccc(C(F)(F)F)c2)CC1,-8.966666666666667,3.4068437186879326,45_1590
O=C(Nc1cccc2[nH]ccc12)c1cccc(-c2cccc(-c3cccc(-c4nc5cc(F)ccc5[nH]4)c3)c2)c1,-9.9,3.181839994085949,45_1591
O=C(Nc1cccc(-c2cccc(F)c2F)c1)Nc1cccc(-c2cccc(-c3nc4cc(F)ccc4[nH]3)c2F)c1,-10.01505376344086,3.128615257744718,45_1592
O=C(Nc1cccc(-c2cccc(-c3cccc(C(F)(F)F)c3)c2)c1)Nc1cccc(-c2cccc(F)c2F)c1,-9.565853658536586,2.963519940967514,45_1593
O=C(Nc1cccc(-c2cccc(F)c2F)c1)Nc1cccc(-c2cccc(-c3nc4cc(F)ccc4[nH]3)c2F)c1,-10.01505376344086,3.128615257744718,45_1594
Cn1c(-c2cccc(-c3cccc(-c4cccc(S(=O)(=O)Nc5cccc(F)n5)c4)c3)c2)nc2ccccc21,-8.8,3.286913092079943,45_1595
Cn1c(-c2cccc(-c3cccc(NC(=O)Nc4cccc(-c5cccc(F)c5F)c4)c3)c2)nc2ccccc21,-9.926285714285713,3.216920496534968,45_1596
O=C(Nc1cccc(-c2cccc(-c3nc4ccccc4[nH]3)c2)c1)Nc1cccc(-c2cccc(F)c2F)c1,-9.896536796536797,3.218592063451191,45_1597
N#Cc1cccnc1-c1cccc(-c2cccc(-c3cccc(-c4cccc(NC(=O)N5CCOCC5)c4)c3)c2)c1,-9.8,3.365784659035508,45_1598
O=C(Nc1cccc(-c2cccc(-c3nc4cc(F)ccc4[nH]3)c2)c1)Nc1cccc(-c2cccc(F)c2F)c1,-9.678827361563519,3.1875244530828533,45_1599
O=C(c1cccc(-c2cccc(-c3cccc4ccccc34)c2)c1)N1CCN(C(=O)c2ccccc2F)CC1,-9.325000000000001,3.2705511526271827,45_1600
Cn1c(-c2cccc(-c3cccc(NC(=O)Nc4cccc(-c5cccc(-c6ccccc6F)c5)c4)c3)c2)nc2ccccc21,-10.0,3.0539916384657317,45_1601
Cn1c(-c2cccc(-c3cccc(NC(=O)Nc4cccc(-c5cccc(F)c5F)c4)c3)c2)nc2ccccc21,-9.926285714285713,3.216920496534968,45_1602
O=C(Nc1cccc(-c2cccc(-c3nc4ccccc4[nH]3)c2)c1)Nc1cccc(-c2cccc(F)c2F)c1,-9.896536796536797,3.218592063451191,45_1603
O=C(Nc1cccc(-c2cccc(-c3nc4ccccc4[nH]3)c2)c1)Nc1cccc(-c2cccc(F)c2F)c1,-9.896536796536797,3.218592063451191,45_1604
O=C(Nc1cccc(-c2cccc(-c3nc4ccccc4[nH]3)c2)c1)Nc1cccc(-c2cccc(F)c2F)c1,-9.896536796536797,3.218592063451191,45_1605
O=C(Nc1ncc[nH]1)c1cc(-c2ccccc2)nc2ccccc12,-8.3,3.6638094066940736,45_1606
O=C(Nc1cccc(-c2cccc(-c3cccc(-c4cccc(F)c4)c3)c2)c1)N1CCNCC1,-9.371232876712327,3.470002651546907,45_1607
Cn1c(-c2cccc(-c3cccc(NC(=O)Nc4cccc(-c5cccc(F)c5F)c4)c3)c2)nc2ccccc21,-9.926285714285713,3.216920496534968,45_1608
N#Cc1cccnc1-c1cccc(-c2cccc(-c3cccc(-c4cccc(Cc5cc6ccccc6nc5N)c4)c3)c2)c1,-10.0,3.089014590356977,45_1609
O=C(Nc1cccc(-c2cccc(-c3nc4cc(F)ccc4[nH]3)c2)c1)Nc1cccc(-c2cccc(F)c2F)c1,-9.678827361563519,3.1875244530828533,45_1610
O=C(Nc1cccc(-c2cccc(-c3nc4ccccc4[nH]3)c2)c1)Nc1cccc(-c2cccc(F)c2F)c1,-9.896536796536797,3.218592063451191,45_1611
Cn1c(-c2cccc(-c3cccc(NC(=O)Nc4cccc(-c5cccc(F)c5F)c4)c3)c2)nc2ccccc21,-9.926285714285713,3.216920496534968,45_1612
O=C(Nc1cccc(-c2cccc(-c3nc4ccccc4[nH]3)c2)c1)Nc1cccc(-c2cccc(F)c2F)c1,-9.896536796536797,3.218592063451191,45_1613
Cn1c(-c2cccc(-c3cccc(NC(=O)Nc4cccc(-c5cccc(-c6cccc(F)c6)c5)c4)c3)c2)nc2ccccc21,-9.742222222222223,3.0539916384657317,45_1614
O=C(Nc1cccc(-c2cccc(-c3nc4ccccc4[nH]3)c2)c1)Nc1cccc(-c2cccc(F)c2F)c1,-9.896536796536797,3.218592063451191,45_1615
O=C(Nc1cccc(-c2cccc(-c3nc4cc(F)ccc4[nH]3)c2)c1)Nc1cccc(-c2cccc(F)c2F)c1,-9.678827361563519,3.1875244530828533,45_1616
O=C(c1cccc(-c2cccc(-c3cccc4ccccc34)c2)c1)N1CCN(C(=O)c2cccc(-c3ccccc3F)c2)CC1,-9.4,3.11487138201202,45_1617
O=C(c1cccc(-c2cccc(-c3cccc(-c4nn[nH]n4)c3)c2)c1)N1CCNCC1,-8.92222222222222,3.6709921779215158,45_1618
Cn1c(-c2cccc(-c3cccc(NC(=O)Nc4cccc(-c5cccc(F)c5F)c4)c3)c2)nc2ccccc21,-9.926285714285713,3.216920496534968,45_1619
O=c1c(-c2cccc(F)c2)c2ccccn2c(=O)n1CCN1CCN(c2cccc(-c3ccc4c(c3)OCO4)c2)CC1,-7.4,3.2808693062504055,45_1620
O=C(Nc1cccc(-c2cccc(-c3nc4cc(F)ccc4[nH]3)c2)c1)Nc1cccc(-c2cccc(F)c2F)c1,-9.678827361563519,3.1875244530828533,45_1621
O=C(Nc1cccc(-c2cccc(-c3nc4ccccc4[nH]3)c2)c1)Nc1cccc(-c2cccc(F)c2F)c1,-9.896536796536797,3.218592063451191,45_1622
O=C(O)c1ccc(-c2cccc(-c3cccc(-c4cccc(-c5ccccc5F)c4)c3)c2)cc1,-8.9,3.2132483578418483,45_1623
Cn1c(-c2cccc(-c3cccc(NC(=O)Nc4cccc(-c5cccc(C(=O)N6CCOCC6)c5)c4)c3)c2)nc2ccccc21,-9.516129032258064,3.2756851861708367,45_1624
O=C(Nc1cccc(-c2cccc(C(=O)N3CCOCC3)c2)c1)Nc1cccc(-c2cccc(F)c2F)c1,-9.433333333333334,3.5133545427940325,45_1625
O=C(Nc1cccc(-c2cccc(-c3cccc(C(F)(F)F)c3)c2)c1)Nc1cccc(-c2cccc(F)c2F)c1,-9.565853658536586,2.963519940967514,45_1626
O=C(Nc1cccc(-c2cccc(-c3cccc(-c4cccc(F)c4)c3)c2)c1)N1CCNCC1,-9.371232876712327,3.470002651546907,45_1627
Cn1c(-c2cccc(-c3cccc(NC(=O)Nc4cccc(-c5cccc(C(=O)N6CCOCC6)c5)c4)c3)c2)nc2ccccc21,-9.516129032258064,3.2756851861708367,45_1628
O=C(Nc1cccc(-c2cccc(-c3cccc(-c4ccccc4F)c3)c2)c1)N1CCNCC1,-9.369655172413793,3.470002651546907,45_1629
O=C(Nc1cccc(-c2cccc(-c3nc4cc(F)ccc4[nH]3)c2)c1)Nc1cccc(-c2cccc(F)c2F)c1,-9.678827361563519,3.1875244530828533,45_1630
O=C(Nc1cccc(-c2cccc(-c3nc4ccccc4[nH]3)c2)c1)Nc1cccc(-c2cccc(F)c2F)c1,-9.896536796536797,3.218592063451191,45_1631
O=C(Nc1cccc(-c2cccc(-c3nc4cc(F)ccc4[nH]3)c2)c1)Nc1cccc(-c2cccc(F)c2F)c1,-9.678827361563519,3.1875244530828533,45_1632
O=C(Nc1cccc(-c2cccc(-c3cccc(-c4ccccc4F)c3)c2)c1)N1CCNCC1,-9.369655172413793,3.470002651546907,45_1633
O=C(Nc1cccc(-c2cccc(-c3nc4ccccc4[nH]3)c2)c1)Nc1cccc(-c2cccc(F)c2F)c1,-9.896536796536797,3.218592063451191,45_1634
O=C(Nc1cccc(-c2cccc(-c3cccc(C(F)(F)F)c3)c2)c1)Nc1cccc(-c2cccc(F)c2F)c1,-9.565853658536586,2.963519940967514,45_1635
O=C(Nc1cccc(-c2cccc(-c3nc4cc(F)ccc4[nH]3)c2)c1)Nc1cccc(-c2cccc(F)c2F)c1,-9.678827361563519,3.1875244530828533,45_1636
O=C(Nc1cccc(-c2cccc(-c3cccc(-c4ccccc4F)c3)c2)c1)N1CCNCC1,-9.369655172413793,3.470002651546907,45_1637
O=C(Nc1cccc(-c2cccc(-c3nc4cc(F)ccc4[nH]3)c2)c1)Nc1cccc(-c2cccc(F)c2F)c1,-9.678827361563519,3.1875244530828533,45_1638
O=C(Nc1cccc(Cl)c1)Nc1cccc(-c2cccc(-c3cccc(-c4ccccc4F)c3)c2)c1,-8.4,3.142888865962878,45_1639
O=C(c1cccc(-c2cccc(-c3cccc(-c4ccccc4F)c3)c2)c1)N1CCNCC1,-9.351724137931035,3.508189933556279,45_1640
O=C(Nc1cccc(-c2cccc(-c3nc4ccccc4[nH]3)c2)c1)Nc1cccc(-c2cccc(F)c2F)c1,-9.896536796536797,3.218592063451191,45_1641
Cn1c(-c2cccc(-c3cccc(NC(=O)Nc4cccc(-c5cccc(F)c5F)c4)c3)c2)nc2ccccc21,-9.926285714285713,3.216920496534968,45_1642
O=C(Nc1cccc(-c2cccc(-c3cccc(C(F)(F)F)c3)c2)c1)Nc1cccc(-c2cccc(F)c2F)c1,-9.565853658536586,2.963519940967514,45_1643
Cn1c(-c2cccc(-c3cccc(NC(=O)Nc4cccc(-c5cccc(C(=O)N6CCOCC6)c5)c4)c3)c2)nc2ccccc21,-9.516129032258064,3.2756851861708367,45_1644
Cn1c(-c2cccc(-c3cccc(NC(=O)Nc4cccc(-c5cccc(F)c5F)c4)c3)c2)nc2ccccc21,-9.926285714285713,3.216920496534968,45_1645
O=C(Nc1cccc(-c2cccc(-c3cccc(C(F)(F)F)c3)c2)c1)Nc1cccc(-c2cccc(F)c2F)c1,-9.565853658536586,2.963519940967514,45_1646
O=C(Nc1cccc(-c2cccc(-c3nc4ccccc4[nH]3)c2)c1)Nc1cccc(-c2cccc(F)c2F)c1,-9.896536796536797,3.218592063451191,45_1647
O=C(Nc1cccc(-c2cccc(-c3nc4ccccc4[nH]3)c2)c1)Nc1cccc(-c2cccc(F)c2F)c1,-9.896536796536797,3.218592063451191,45_1648
O=C(Nc1cccc(-c2cccc(-c3cccc(-c4cccc(F)c4)c3)c2)c1)N1CCNCC1,-9.371232876712327,3.470002651546907,45_1649
O=C(Nc1cccc(-c2cccc(-c3cccc(-c4ccccc4F)c3)c2)c1)N1CCNCC1,-9.369655172413793,3.470002651546907,45_1650
O=C(Nc1cccc(-c2cccc(-c3nc4ccccc4[nH]3)c2)c1)Nc1cccc(-c2cccc(F)c2F)c1,-9.896536796536797,3.218592063451191,45_1651
Cn1c(-c2cccc(-c3cccc(NC(=O)Nc4cccc(-c5cccc(F)c5F)c4)c3)c2)nc2ccccc21,-9.926285714285713,3.216920496534968,45_1652
O=C(Nc1cccc(-c2cccc(-c3cccc(-c4ccccc4F)c3)c2)c1)N1CCNCC1,-9.369655172413793,3.470002651546907,45_1653
O=C(Nc1cc(-c2cccc(-c3ccc4c(c3)OCCO4)c2F)ccn1)c1ccccc1,-9.2,3.6467461175519396,45_1654
O=C(Nc1cccc(-c2cccc(-c3nc4ccccc4[nH]3)c2)c1)Nc1cccc(-c2cccc(F)c2F)c1,-9.896536796536797,3.218592063451191,45_1655
Cn1c(-c2cccc(-c3cccc(NC(=O)Nc4cccc(-c5cccc(F)c5F)c4)c3)c2)nc2ccccc21,-9.926285714285713,3.216920496534968,45_1656
CCC1CNCCN1C(=O)c1cccc(-c2cccc(-c3cccc(-c4nc5ccccc5[nH]4)c3)c2)c1,-9.2,3.379578810852033,45_1657
O=C(Nc1cccc(-c2cccc(-c3cccc(-c4ccccc4F)c3)c2)c1)N1CCNCC1,-9.369655172413793,3.470002651546907,45_1658
O=C(Nc1cccc(-c2cccc(-c3nc4cc(F)ccc4[nH]3)c2)c1)Nc1cccc(-c2cccc(F)c2F)c1,-9.678827361563519,3.1875244530828533,45_1659
O=C(c1cccc(-c2cccc(-c3cccc(-c4nc5ccccc5[nH]4)c3)c2)c1)N1CCNCC1,-9.383333333333333,3.440998249723921,45_1660
Cc1cc(S(=O)(=O)NC(=O)c2cccc(-c3cccc(-c4cccc(F)c4)c3)c2)ccc1F,-9.0,3.5409361394164973,45_1661
Cn1c(-c2cccc(-c3cccc(NC(=O)Nc4cccc(-c5cccc(F)c5F)c4)c3)c2)nc2ccccc21,-9.926285714285713,3.216920496534968,45_1662
O=C(Nc1cccc(-c2cccc(-c3nc4ccccc4[nH]3)c2)c1)Nc1cccc(-c2cccc(F)c2F)c1,-9.896536796536797,3.218592063451191,45_1663
O=C(Nc1cccc(-c2cn3ccnc3c(NCc3ccncc3)n2)c1)Nc1cccc(-c2cccc(F)c2F)c1,-8.95,3.1900727637891984,45_1664
O=C(Nc1cccc(-c2cccc(-c3cccc(-c4cccc(F)c4)c3)c2)c1)N1CCNCC1,-9.371232876712327,3.470002651546907,45_1665
O=Cc1cccnc1-c1cccc(-c2cccc(NC(=O)Nc3cccc(-c4cccc(F)c4F)c3)c2)c1,-9.6,3.3200949029739006,45_1666
O=C(Nc1cccc(-c2cccc(-c3nc4cc(F)ccc4[nH]3)c2)c1)Nc1cccc(-c2cccc(F)c2F)c1,-9.678827361563519,3.1875244530828533,45_1667
Cn1c(-c2cccc(-c3cccc(NC(=O)Nc4cccc(-c5cccc(F)c5F)c4)c3)c2)nc2ccccc21,-9.926285714285713,3.216920496534968,45_1668
O=C(Nc1cccc(-c2cccc(-c3cccc(C(F)(F)F)c3)c2)c1)Nc1cccc(-c2cccc(F)c2F)c1,-9.565853658536586,2.963519940967514,45_1669
O=C(Nc1cccc(-c2cccc(-c3nc4cc(F)ccc4[nH]3)c2)c1)Nc1cccc(-c2cccc(F)c2F)c1,-9.678827361563519,3.1875244530828533,45_1670
O=C(Nc1cccc(-c2cccc(F)c2F)c1)Nc1cccc(-c2cccc(-c3nc4cc(F)ccc4[nH]3)c2F)c1,-10.01505376344086,3.128615257744718,45_1671
O=C(Nc1cccc(-c2cccc(-c3cccc(-c4ccccc4F)c3)c2)c1)N1CCNCC1,-9.369655172413793,3.470002651546907,45_1672
O=C(Nc1cccc(-c2cccc(-c3nc4cc(F)ccc4[nH]3)c2)c1)Nc1cccc(-c2cccc(F)c2F)c1,-9.678827361563519,3.1875244530828533,45_1673
O=C(Nc1cccc(-c2cccc(-c3nc4cc(F)ccc4[nH]3)c2)c1)Nc1cccc(-c2cccc(F)c2F)c1,-9.678827361563519,3.1875244530828533,45_1674
O=C(Nc1cccc(-c2cccc(-c3nc4cc(F)ccc4[nH]3)c2)c1)Nc1cccc(-c2cccc(F)c2F)c1,-9.678827361563519,3.1875244530828533,45_1675
O=C(Nc1cccc(-c2cccc(-c3cccc(C(F)(F)F)c3)c2)c1)Nc1cccc(-c2cccc(F)c2F)c1,-9.565853658536586,2.963519940967514,45_1676
O=C(Nc1cccc(-c2cccc(F)c2F)c1)Nc1cccc(-c2cccc(-c3nc4cc(F)ccc4[nH]3)c2F)c1,-10.01505376344086,3.128615257744718,45_1677
O=C(c1cccc(-c2cccc(C(=O)N3CCN(c4ccc(F)cc4)CC3)c2)c1)N1CCOCC1,-8.9,3.5987838392028464,45_1678
O=C(Nc1cccc(-c2cccc(-c3nc4cc(F)ccc4[nH]3)c2)c1)Nc1cccc(-c2cccc(F)c2F)c1,-9.678827361563519,3.1875244530828533,45_1679
O=C(Nc1cccc(-c2cccc(-c3cccc(-c4nc5cc(F)ccc5[nH]4)c3)c2)c1)N1CCNCC1,-9.2,3.371260981416027,45_1680
O=C(Nc1cccc(-c2cccc(-c3nc4cc(F)ccc4[nH]3)c2)c1)Nc1cccc(-c2cccc(F)c2F)c1,-9.678827361563519,3.1875244530828533,45_1681
O=C(Nc1cccc(-c2cccc(-c3nc4cc(F)ccc4[nH]3)c2)c1)Nc1cccc(-c2cccc(F)c2F)c1,-9.678827361563519,3.1875244530828533,45_1682
O=C(Nc1cccc(-c2cccc(-c3cccc(-c4nn[nH]n4)c3)c2)c1)Nc1cccc(-c2cccc(F)c2F)c1,-9.63,3.286971097546113,45_1683
O=C(Nc1cccc(-c2cccc(-c3nc4ccccc4[nH]3)c2)c1)Nc1cccc(-c2cccc(F)c2F)c1,-9.896536796536797,3.218592063451191,45_1684
O=C(c1cccc(-c2cccc(-c3cccc(-c4nn[nH]n4)c3)c2)c1)N1CCNCC1,-8.92222222222222,3.6709921779215158,45_1685
O=C(Nc1cccc(-c2cccc(F)c2F)c1)Nc1cccc(-c2cccc(-c3nc4cc(F)ccc4[nH]3)c2F)c1,-10.01505376344086,3.128615257744718,45_1686
O=C(Nc1cccc(-c2cccc(-c3cccc(-c4ccccc4F)c3)c2)c1)N1CCNCC1,-9.369655172413793,3.470002651546907,45_1687
O=C(Nc1cccc(-c2cccc(-c3cccc(-c4ccccc4F)c3)c2)c1)N1CCNCC1,-9.369655172413793,3.470002651546907,45_1688
Cn1c(-c2cccc(-c3cccc(NC(=O)Nc4cccc(-c5cccc(-c6cccc(F)c6)c5)c4)c3)c2)nc2ccccc21,-9.742222222222223,3.0539916384657317,45_1689
O=C(Nc1cccc(-c2cccc(-c3cccc(-c4nn[nH]n4)c3)c2)c1)Nc1cccc(-c2cccc(F)c2F)c1,-9.63,3.286971097546113,45_1690
O=C(Nc1cccc(-c2cccc(C(=O)N3CCOCC3)c2)c1)Nc1cccc(-c2cccc(-c3ccc4c(c3)OCO4)c2)c1,-10.040000000000001,3.203574602452801,45_1691
O=C(Nc1cccc(-c2cccc(-c3nc4cc(F)ccc4[nH]3)c2)c1)Nc1cccc(-c2cccc(F)c2F)c1,-9.678827361563519,3.1875244530828533,45_1692
O=C(c1cccc(-c2cccc(-c3ccc4c(c3)OCO4)c2)c1)N1CCN(C(=O)c2cc3ncccc3[nH]2)CC1,-8.9,3.404430166773531,45_1693
O=C(Nc1cccc(-c2cccc(-c3cccc(-c4ccccc4F)c3)c2)c1)N1CCNCC1,-9.369655172413793,3.470002651546907,45_1694
O=C(Nc1cccc(-c2cccc(-c3cccc(-c4ccccc4F)c3)c2)c1)N1CCNCC1,-9.369655172413793,3.470002651546907,45_1695
O=C(Nc1cccc(-c2cccc(-c3nc4cc(F)ccc4[nH]3)c2)c1)Nc1cccc(-c2cccc(F)c2F)c1,-9.678827361563519,3.1875244530828533,45_1696
O=C(c1cccc(-c2cccc(-c3ccc4c(c3)OCO4)c2)c1)N1CCN(C(=O)c2ccco2)CC1,-8.9,3.5196191373887626,45_1697
O=C(Nc1cccc(F)c1)Nc1cccc(-c2cccc(-c3cccc(-c4cccc(-c5nn[nH]n5)c4)c3)c2)c1,-9.9,3.296343456165853,45_1698
O=C(Nc1cccc(-c2cccc(-c3nc4ccccc4[nH]3)c2)c1)Nc1cccc(-c2cccc(F)c2F)c1,-9.896536796536797,3.218592063451191,45_1699
Cn1c(-c2cccc(-c3cccc(NC(=O)Nc4cccc(-c5cccc(-c6ncccc6C#N)c5)c4)c3)c2)nc2ccccc21,-9.166666666666666,3.0906607506690618,45_1700
O=C(Nc1cccc(-c2cccc(-c3nc4cc(F)ccc4[nH]3)c2)c1)Nc1cccc(-c2cccc(F)c2F)c1,-9.678827361563519,3.1875244530828533,45_1701
O=C(Nc1cccc(-c2cccc(-c3cccc(-c4ccccc4F)c3)c2)c1)N1CCNCC1,-9.369655172413793,3.470002651546907,45_1702
Nc1ccccc1N(C/C(C=O)=C\c1ccc(Cl)cc1)C(=O)c1cccc(-c2cccc(-c3nc4cc(F)ccc4[nH]3)c2)c1,-7.5,2.9629383991932037,45_1703
O=C(Nc1cccc(-c2cccc(-c3nc4cc(F)ccc4[nH]3)c2)c1)Nc1cccc(-c2cccc(F)c2F)c1,-9.678827361563519,3.1875244530828533,45_1704
O=C(c1cccc(-c2cccc(-c3cccc4ccccc34)c2)c1)N1CCN(C(=O)c2ccc3ccccc3c2)CC1,-10.55,3.1497144483216615,45_1705
O=C(Nc1cccc(-c2cccc(-c3cccc(-c4nn[nH]n4)c3)c2)c1)Nc1cccc(-c2cccc(F)c2F)c1,-9.63,3.286971097546113,45_1706
O=C(c1ccccc1)N1CCN(C(=O)c2cccc(-c3cccc(-c4ccc5c(c4)OCO5)c3)c2)CC1,-9.2,3.4829563454567842,45_1707
O=C(Nc1cccc(-c2cccc(-c3nc4ccccc4[nH]3)c2)c1)Nc1cccc(-c2cccc(F)c2F)c1,-9.896536796536797,3.218592063451191,45_1708
O=C(Nc1cccc(-c2cccc(-c3nc4ccccc4[nH]3)c2)c1)Nc1cccc(-c2cccc(F)c2F)c1,-9.896536796536797,3.218592063451191,45_1709
O=C(Nc1cccc(-c2cccc(-c3cccc(-c4cccc(F)c4)c3)c2)c1)N1CCNCC1,-9.371232876712327,3.470002651546907,45_1710
c1cc(-c2cccc(-c3cccc4ccccc34)c2)cc(-c2ccc3ncoc3c2)c1,-8.95,3.208909028975505,45_1711
Cn1c(-c2cccc(-c3cccc(NC(=O)Nc4cccc(-c5cccc(F)c5F)c4)c3)c2)nc2ccccc21,-9.926285714285713,3.216920496534968,45_1712
O=C(Nc1cccc(-c2cccc(-c3cccc(-c4ccccc4F)c3)c2)c1)N1CCNCC1,-9.369655172413793,3.470002651546907,45_1713
O=C(c1cccc(-c2cccc(-c3cccc(-c4cccc(F)c4)c3)c2)c1)N1CCNCC1,-9.309999999999999,3.508189933556279,45_1714
Cn1c(-c2cccc(-c3cccc(NC(=O)Nc4cccc(-c5cccc(F)c5F)c4)c3)c2)nc2ccccc21,-9.926285714285713,3.216920496534968,45_1715
O=C(c1cccc(-c2cccc(-c3nc4ccccc4[nH]3)c2)c1)N1CCN(C(=O)c2cccc(F)c2F)CC1,-9.059999999999999,3.4743716563467535,45_1716
O=C(c1cccc(-c2cccc(-c3cccc(C(=O)N4CCOCC4)c3)c2)c1)N1CCNCC1,-8.88,3.649506152725788,45_1717
O=C(c1cccc(-c2cccc(-c3cccc(-c4nc5ccccc5[nH]4)c3)c2)c1)N1CCNCC1,-9.383333333333333,3.440998249723921,45_1718
Cn1c(-c2cccc(-c3cccc(NC(=O)Nc4cccc(-c5cccc(F)c5F)c4)c3)c2)nc2ccccc21,-9.926285714285713,3.216920496534968,45_1719
O=C(Nc1cccc(-c2cccc(-c3nc4ccccc4[nH]3)c2)c1)Nc1cccc(-c2cccc(F)c2F)c1,-9.896536796536797,3.218592063451191,45_1720
O=C(c1cccc(-c2cccc(-c3ccc4c(c3)OCO4)c2)c1)N1CCN(C(=O)c2ccco2)CC1,-8.9,3.5196191373887626,45_1721
O=C(c1cccc(-c2cccc(-c3cccc4ccccc34)c2)c1)N1CCN(c2ccccc2F)CC1,-9.266666666666667,3.2138302346186602,45_1722
O=C(Nc1cccc(-c2cccc(-c3nc4cc(F)ccc4[nH]3)c2)c1)Nc1cccc(-c2cccc(F)c2F)c1,-9.678827361563519,3.1875244530828533,45_1723
O=C(Nc1cccc(-c2ccc3c(c2)OCCO3)c1F)c1cccc(-c2cccc(-c3cccc(-c4ccccc4F)c3)c2)c1,-8.3,3.164954981036714,45_1724
O=C(Nc1cccc(-c2cccc(-c3cccc(C(=O)N4CCOCC4)c3)c2)c1)N1CCNCC1,-8.972727272727273,3.6199094052700564,45_1725
O=C(Nc1cccc(-c2cccc(-c3ccc4c(c3)OCO4)c2)c1)Nc1ccc2c(c1)OCCO2,-9.5,3.507425185271896,45_1726
O=C(Nc1cccc(-c2cccc(F)c2F)c1)Nc1cccc(-c2cccc(-c3nc4cc(F)ccc4[nH]3)c2F)c1,-10.01505376344086,3.128615257744718,45_1727
Cn1c(-c2cccc(-c3cccc(NC(=O)Nc4cccc(-c5cccc(-c6ccccc6F)c5)c4)c3)c2)nc2ccccc21,-10.0,3.0539916384657317,45_1728
O=C(Nc1cccc(-c2cccc(-c3nc4cc(F)ccc4[nH]3)c2)c1)Nc1cccc(-c2cccc(F)c2F)c1,-9.678827361563519,3.1875244530828533,45_1729
Cn1c(-c2cccc(-c3cccc(NC(=O)Nc4cccc(-c5cccc(F)c5F)c4)c3)c2)nc2ccccc21,-9.926285714285713,3.216920496534968,45_1730
O=C(c1cccc(-c2cccc(-c3cccc(-c4ccccc4F)c3)c2)c1)N1CCNCC1,-9.351724137931035,3.508189933556279,45_1731
O=C(Nc1cccc(-c2cccc(-c3nc4cc(F)ccc4[nH]3)c2)c1)Nc1cccc(-c2cccc(F)c2F)c1,-9.678827361563519,3.1875244530828533,45_1732
O=C(c1cccc(-c2cccc(-c3cccc(-c4ccccc4F)c3)c2)c1)N1CCNCC1,-9.351724137931035,3.508189933556279,45_1733
O=C(Nc1cccc(-c2cccc(F)c2F)c1)Nc1cccc(-c2cccc(-c3nc4cc(F)ccc4[nH]3)c2F)c1,-10.01505376344086,3.128615257744718,45_1734
O=C(Nc1cccc(-c2cccc(-c3cccc(C(F)(F)F)c3)c2)c1)Nc1cccc(-c2cccc(F)c2F)c1,-9.565853658536586,2.963519940967514,45_1735
O=C(Nc1cccc(-c2cccc(-c3cccc(C(F)(F)F)c3)c2)c1)N1CCNCC1,-8.7,3.6175736972861605,45_1736
O=C(Nc1cccc(-c2cccc(-c3nc4cc(F)ccc4[nH]3)c2)c1)Nc1cccc(-c2cccc(F)c2F)c1,-9.678827361563519,3.1875244530828533,45_1737
O=C(Nc1cccc(-c2cccc(-c3nc4ccccc4[nH]3)c2)c1)Nc1cccc(-c2cccc(F)c2F)c1,-9.896536796536797,3.218592063451191,45_1738
O=C(Nc1cccc(-c2cccc(-c3cccc(C(F)(F)F)c3)c2)c1)Nc1cccc(-c2cccc(F)c2F)c1,-9.565853658536586,2.963519940967514,45_1739
O=C(Nc1cccc(-c2cccc(-c3cccc(C(F)(F)F)c3)c2)c1)Nc1cccc(-c2cccc(F)c2F)c1,-9.565853658536586,2.963519940967514,45_1740
O=C(/C=C/c1cccc(-c2cccc(-c3cccc(F)c3)c2)c1)NCCNc1cccc2ccccc12,-7.9,3.1294552192088196,45_1741
O=C(Nc1cccc(-c2cccc(-c3ccc4c(c3)OCO4)c2)c1)Nc1cccc(-c2cccc(F)c2F)c1,-9.2,3.2209144306978645,45_1742
O=C(Nc1ccncc1)Nc1cc(-c2cccc(-c3cccc(-c4nc5ccccc5[nH]4)c3)c2)ccn1,-8.4,3.360138094998015,45_1743
O=C(Nc1cccc(Cl)c1)Nc1cccc(-c2cccc(-c3cccc(-c4nc5cc(F)ccc5[nH]4)c3F)c2)c1,-9.4,3.1597281930956127,45_1744
Cn1c(-c2cccc(-c3cccc(NC(=O)Nc4cccc(-c5cccc(-c6cccc(F)c6)c5)c4)c3)c2)nc2ccccc21,-9.742222222222223,3.0539916384657317,45_1745
Cn1c(-c2cccc(-c3cccc(NC(=O)Nc4cccc(-c5cccc(F)c5F)c4)c3)c2)nc2ccccc21,-9.926285714285713,3.216920496534968,45_1746
O=C(c1cccc(-c2cccc(C(=O)N3CCN(c4cccc(C(F)(F)F)c4)CC3)c2)c1)N1CCOCC1,-8.84,3.5675074243249583,45_1747
O=C(Nc1cccc(-c2cccc(-c3nc4cc(F)ccc4[nH]3)c2)c1)Nc1cccc(-c2cccc(F)c2F)c1,-9.678827361563519,3.1875244530828533,45_1748
O=C(Nc1cccc(-c2cccc(-c3nc4cc(F)ccc4[nH]3)c2)c1)Nc1cccc(-c2cccc(F)c2F)c1,-9.678827361563519,3.1875244530828533,45_1749
O=C(c1cccc(-c2cccc(-c3cccc(-c4cccc(-c5nn[nH]n5)c4)c3)c2)c1)c1ccc2c(c1)OCO2,-10.0,3.2650698351442538,45_1750
O=C(Nc1cccc(-c2cccc(-c3cccc(C(F)(F)F)c3)c2)c1)Nc1cccc(-c2cccc(F)c2F)c1,-9.565853658536586,2.963519940967514,45_1751
O=C(Nc1cccc(-c2cccc(-c3cccc(-c4ccccc4F)c3)c2)c1)N1CCNCC1,-9.369655172413793,3.470002651546907,45_1752
Cn1c(-c2cccc(-c3cccc(NC(=O)Nc4cccc(-c5cccc(C(=O)N6CCOCC6)c5)c4)c3)c2)nc2ccccc21,-9.516129032258064,3.2756851861708367,45_1753
O=C(Nc1cccc(-c2cccc(-c3nc4ccccc4[nH]3)c2)c1)Nc1cccc(-c2cccc(F)c2F)c1,-9.896536796536797,3.218592063451191,45_1754
O=C(Nc1cccc(-c2cccc(-c3cccc(-c4cccc(F)c4)c3)c2)c1)N1CCNCC1,-9.371232876712327,3.470002651546907,45_1755
O=C(Nc1cccc(-c2cccc(-c3cccc(-c4cccc(F)c4)c3)c2)c1)N1CCNCC1,-9.371232876712327,3.470002651546907,45_1756
O=C(Nc1cccc(-c2cccc(-c3nc4ccccc4[nH]3)c2)c1)Nc1cccc(-c2cccc(F)c2F)c1,-9.896536796536797,3.218592063451191,45_1757
O=C(Nc1cccc(-c2cccc(-c3nc4cc(F)ccc4[nH]3)c2)c1)Nc1cccc(-c2cccc(F)c2F)c1,-9.678827361563519,3.1875244530828533,45_1758
O=C(Nc1cccc(-c2cccc(-c3nc4cc(F)ccc4[nH]3)c2)c1)Nc1cccc(-c2cccc(F)c2F)c1,-9.678827361563519,3.1875244530828533,45_1759
O=C(c1cccc(-c2cccc(-c3ccc4c(c3)OCCO4)c2F)c1)N1CCNCC1,-8.7,3.6553838184373157,45_1760
O=C(c1cccc(-c2cccc(-c3cccc(-c4nc5ccccc5[nH]4)c3)c2)c1)N1CCNCC1,-9.383333333333333,3.440998249723921,45_1761
Cc1c(CC=NC=CC(=O)Nc2ccccc2F)cccc1-c1cccc(-c2cccc(-c3nn[nH]n3)c2)c1,-8.0,3.274005145674778,45_1762
O=C(c1cccc(-c2cccc(-c3cccc(-c4nn[nH]n4)c3)c2)c1)N1CCNCC1,-8.92222222222222,3.6709921779215158,45_1763
O=C(Nc1cccc(-c2cccc(F)c2F)c1)Nc1cccc(-c2cccc(-c3cccc(-c4nn[nH]n4)c3)c2F)c1,-9.675,3.244951037107577,45_1764
O=C(Nc1cccc(-c2cccc(-c3cccc(C(F)(F)F)c3)c2)c1)Nc1cccc(-c2cccc(F)c2F)c1,-9.565853658536586,2.963519940967514,45_1765
O=C(c1cccc(-c2cccc(C(=O)N3CCN(c4cccc(C(F)(F)F)c4)CC3)c2)c1)N1CCOCC1,-8.84,3.5675074243249583,45_1766
O=C(Nc1cccc(-c2cccc(-c3nc4ccccc4[nH]3)c2)c1)Nc1cccc(-c2cccc(F)c2F)c1,-9.896536796536797,3.218592063451191,45_1767
O=C(Nc1cccc(-c2cccc(F)c2F)c1)Nc1cccc(-c2cccc(-c3cccc(-c4nn[nH]n4)c3)c2F)c1,-9.675,3.244951037107577,45_1768
O=C(Nc1cccc(-c2cccc(-c3nc4cc(F)ccc4[nH]3)c2)c1)Nc1cccc(-c2cccc(F)c2F)c1,-9.678827361563519,3.1875244530828533,45_1769
O=C(Nc1cccc(-c2cccc(-c3nc4ccccc4[nH]3)c2)c1)Nc1cccc(-c2cccc(F)c2F)c1,-9.896536796536797,3.218592063451191,45_1770
O=C(Nc1cccc(-c2cccc(-c3cccc(-c4nn[nH]n4)c3)c2)c1)Nc1cccc(-c2cccc(F)c2F)c1,-9.63,3.286971097546113,45_1771
O=C(Nc1cccc(-c2cccc(-c3nc4ccccc4[nH]3)c2)c1)Nc1cccc(-c2cccc(F)c2F)c1,-9.896536796536797,3.218592063451191,45_1772
O=C(Nc1cccc(-c2cccc(-c3nn[nH]n3)c2)c1)Nc1cccc(-c2cccc(-c3nc4ccccc4[nH]3)c2)c1,-10.4,3.1673542362586096,45_1773
Cn1c(-c2cccc(-c3cccc(NC(=O)Nc4cccc(-c5cccc(F)c5F)c4)c3)c2)nc2ccccc21,-9.926285714285713,3.216920496534968,45_1774
O=C(Nc1cccc(-c2cccc(-c3nc4cc(F)ccc4[nH]3)c2)c1)Nc1cccc(-c2cccc(F)c2F)c1,-9.678827361563519,3.1875244530828533,45_1775
Cn1c(-c2cccc(-c3cccc(NC(=O)Nc4cccc(-c5cccc(-c6cccc(F)c6)c5)c4)c3)c2)nc2ccccc21,-9.742222222222223,3.0539916384657317,45_1776
Cn1c(-c2cccc(-c3cccc(NC(=O)Nc4cccc(Oc5ccccc5)c4)c3)c2)nc2ccccc21,-10.0,3.2308265684306887,45_1777
O=C(Nc1cccc(-c2cccc(-c3nc4cc(F)ccc4[nH]3)c2)c1)Nc1cccc(-c2cccc(F)c2F)c1,-9.678827361563519,3.1875244530828533,45_1778
Cn1c(-c2cccc(-c3cccc(NC(=O)Nc4cccc(-c5cccc(F)c5F)c4)c3)c2)nc2ccccc21,-9.926285714285713,3.216920496534968,45_1779
O=C(Nc1cccc(-c2cccc(-c3cccc(-c4ccccc4F)c3)c2)c1)N1CCNCC1,-9.369655172413793,3.470002651546907,45_1780
O=C(Nc1cccc(-c2cccc(-c3cccc(C(F)(F)F)c3)c2)c1)Nc1cccc(-c2cccc(F)c2F)c1,-9.565853658536586,2.963519940967514,45_1781
O=C(Nc1cccc(-c2cccc(-c3nc4cc(F)ccc4[nH]3)c2)c1)Nc1cccc(-c2cccc(F)c2F)c1,-9.678827361563519,3.1875244530828533,45_1782
Cn1c(-c2cccc(-c3cccc(NC(=O)Nc4cccc(-c5cccc(F)c5F)c4)c3)c2)nc2ccccc21,-9.926285714285713,3.216920496534968,45_1783
O=C(Nc1cccc(-c2cccc(-c3cccc(-c4ccccc4F)c3)c2)c1)N1CCNCC1,-9.369655172413793,3.470002651546907,45_1784
O=C(Nc1cccc(-c2cccc(-c3cccc(-c4ccccc4F)c3)c2)c1)N1CCNCC1,-9.369655172413793,3.470002651546907,45_1785
Cn1c(-c2cccc(-c3cccc(NC(=O)Nc4cccc(-c5cccc(C(=O)N6CCOCC6)c5)c4)c3)c2)nc2ccccc21,-9.516129032258064,3.2756851861708367,45_1786
Cn1c(-c2cccc(-c3cccc(N4CCN(C(=O)c5ccco5)CC4)c3)c2)nc2ccccc21,-8.5,3.4939152027338283,45_1787
O=C(Nc1cccc(-c2cccc(-c3nc4ccccc4[nH]3)c2)c1)Nc1cccc(-c2cccc(F)c2F)c1,-9.896536796536797,3.218592063451191,45_1788
O=C(Nc1cccc(-c2cccc(-c3nc4ccccc4[nH]3)c2)c1)Nc1cccc(-c2cccc(F)c2F)c1,-9.896536796536797,3.218592063451191,45_1789
O=C(c1cccc(-c2cccc(-c3cccc(-c4ccccc4F)c3)c2)c1)N1CCNCC1,-9.351724137931035,3.508189933556279,45_1790
O=C(Nc1cccc(-c2cccc(-c3nc4ccccc4[nH]3)c2)c1)Nc1cccc(-c2cccc(F)c2F)c1,-9.896536796536797,3.218592063451191,45_1791
O=C(Nc1cccc(-c2cccc(-c3cccc(C(F)(F)F)c3)c2)c1)Nc1cccc(-c2cccc(F)c2F)c1,-9.565853658536586,2.963519940967514,45_1792
O=C(c1cccc(-c2cccc(-c3cccc(-c4cccc(F)c4)c3)c2)c1)N1CCNCC1,-9.309999999999999,3.508189933556279,45_1793
Cn1c(-c2cccc(-c3cccc(NC(=O)Nc4cccc(-c5cccc(C(=O)N6CCOCC6)c5)c4)c3)c2)nc2ccccc21,-9.516129032258064,3.2756851861708367,45_1794
O=C(Nc1cccc(-c2cccc(-c3nc4ccccc4[nH]3)c2)c1)Nc1cccc(-c2cccc(F)c2F)c1,-9.896536796536797,3.218592063451191,45_1795
O=C(c1cccc(-c2cccc(-c3cccc4ccccc34)c2)c1)N1CCN(C(=O)c2ccc(F)cc2F)CC1,-9.45,3.2507959847575894,45_1796
O=C(Nc1cccc(-c2cccc(-c3cccc(C(=O)N4CCOCC4)c3)c2)c1)N1CCNCC1,-8.972727272727273,3.6199094052700564,45_1797
FC(F)(F)OC1N=CN=CC1c1cc(N2C[C@@H]3C[C@H]2CO3)nc(N2C=C3CCCC3=CC2)n1,-8.5,3.231104723235405,45_1798
O=C(Nc1cccc(-c2cccc(-c3cccc(C(F)(F)F)c3)c2)c1)Nc1cccc(-c2cccc(F)c2F)c1,-9.565853658536586,2.963519940967514,45_1799
O=C(Nc1cccc(-c2cccc(F)c2F)c1)Nc1cccc(-c2cccc(-c3nc4cc(F)ccc4[nH]3)c2F)c1,-10.01505376344086,3.128615257744718,45_1800
O=C(Nc1cccc(-c2cccc(-c3cccc(C(F)(F)F)c3)c2)c1)Nc1cccc(-c2cccc(F)c2F)c1,-9.565853658536586,2.963519940967514,45_1801
O=C(Nc1cccc(-c2cccc(-c3nc4cc(F)ccc4[nH]3)c2)c1)Nc1cccc(-c2cccc(F)c2F)c1,-9.678827361563519,3.1875244530828533,45_1802
Cn1c(-c2cccc(-c3cccc(NC(=O)Nc4cccc(-c5cccc(F)c5F)c4)c3)c2)nc2ccccc21,-9.926285714285713,3.216920496534968,45_1803
Cn1c(-c2cccc(-c3cccc(NC(=O)Nc4cccc(-c5cccc(F)c5F)c4)c3)c2)nc2ccccc21,-9.926285714285713,3.216920496534968,45_1804
N#Cc1cccnc1-c1cccc(-c2cccc(NC(=O)Nc3cccc(-c4cccc(F)c4F)c3)c2)c1,-9.25,3.3763915698637668,45_1805
O=C(Nc1nc2ccccc2nc1Nc1cccc(-c2cccc(-c3nn[nH]n3)c2)c1)c1ccccc1,-8.5,3.367815447321326,45_1806
Cn1c(-c2cccc(-c3cccc(NC(=O)Nc4cccc(-c5cccc(F)c5F)c4)c3)c2)nc2ccccc21,-9.926285714285713,3.216920496534968,45_1807
Cn1c(-c2cccc(-c3cccc(NC(=O)Nc4cccc(-c5cccc(-c6cccc(F)c6)c5)c4)c3)c2)nc2ccccc21,-9.742222222222223,3.0539916384657317,45_1808
O=C(Nc1cccc2ccccc12)c1cccc(-c2cccc(-c3cccc(-c4ccccc4F)c3)c2)c1,-9.4,3.089476916355295,45_1809
Cn1c(-c2cccc(-c3cccc(NC(=O)Nc4cccc(-c5ccc6c(c5)OCO6)c4)c3)c2)nc2ccccc21,-9.524999999999999,3.3030357053717445,45_1810
Cn1c(-c2cccc(-c3cccc(NC(=O)Nc4cccc(-c5cccc(-c6ccccc6F)c5)c4)c3)c2)nc2ccccc21,-10.0,3.0539916384657317,45_1811
O=C(Nc1cccc(-c2cccc(-c3nc4ccccc4[nH]3)c2)c1)Nc1cccc(-c2cccc(F)c2F)c1,-9.896536796536797,3.218592063451191,45_1812
O=C(Nc1cccc(-c2cccc(-c3nc4cc(F)ccc4[nH]3)c2)c1)Nc1cccc(-c2cccc(F)c2F)c1,-9.678827361563519,3.1875244530828533,45_1813
O=C(Nc1cccc(-c2cccc(-c3nc4cc(F)ccc4[nH]3)c2)c1)Nc1cccc(-c2cccc(F)c2F)c1,-9.678827361563519,3.1875244530828533,45_1814
O=C(c1cccc(-c2cccc(-c3nc4ccccc4[nH]3)c2)c1)N1CCN(c2cccc3ccccc23)CC1,-9.95,3.3667479500115878,45_1815
O=C(Nc1cccc(-c2cccc(-c3nc4cc(F)ccc4[nH]3)c2)c1)Nc1cccc(-c2cccc(F)c2F)c1,-9.678827361563519,3.1875244530828533,45_1816
Cn1c(-c2cccc(-c3cccc(NC(=O)Nc4cccc(-c5cccc(F)c5F)c4)c3)c2)nc2ccccc21,-9.926285714285713,3.216920496534968,45_1817
O=C(c1cccc(-c2cccc(-c3cccc4ccccc34)c2)c1)N1CCN2CCC[C@H]2C1,-9.0,3.301008295662653,45_1818
Cn1c(-c2cccc(-c3cccc(NC(=O)Nc4cccc(-c5cccc(F)c5F)c4)c3)c2)nc2ccccc21,-9.926285714285713,3.216920496534968,45_1819
O=C(Nc1cccc(-c2cccc(-c3cccc(-c4nn[nH]n4)c3)c2)c1)Nc1cccc(-c2cccc(F)c2F)c1,-9.63,3.286971097546113,45_1820
Cn1c(-c2cccc(-c3cccc(NC(=O)Nc4cccc(-c5cccc(F)c5F)c4)c3)c2)nc2ccccc21,-9.926285714285713,3.216920496534968,45_1821
O=C(Nc1cccc(-c2cccc(-c3cccc(-c4ccccc4F)c3)c2)c1)N1CCNCC1,-9.369655172413793,3.470002651546907,45_1822
Cn1c(-c2cccc(-c3cccc(NC(=O)Nc4cccc(-c5cccc(F)c5F)c4)c3)c2)nc2ccccc21,-9.926285714285713,3.216920496534968,45_1823
O=C(Nc1cccc(-c2cccc(-c3cccc(C(F)(F)F)c3)c2)c1)Nc1cccc(-c2cccc(F)c2F)c1,-9.565853658536586,2.963519940967514,45_1824
O=C(Nc1cccc(-c2cccc(-c3nc4ccccc4[nH]3)c2)c1)Nc1cccc(-c2cccc(F)c2F)c1,-9.896536796536797,3.218592063451191,45_1825
N=C(N)c1cccc(-c2cccc(-c3cccc(-c4cccc(C(F)(F)F)c4)c3)c2)c1,-9.1,3.2066382005182232,45_1826
Cn1c(-c2cccc(-c3cccc(NC(=O)Nc4cccc(-c5cccc(F)c5F)c4)c3)c2)nc2ccccc21,-9.926285714285713,3.216920496534968,45_1827
O=C(Nc1cccc(-c2cccc(-c3cccc(-c4ccccc4F)c3)c2)c1)N1CCNCC1,-9.369655172413793,3.470002651546907,45_1828
O=C(Nc1cccc(-c2cccc(-c3cccc(-c4cccc(F)c4)c3)c2)c1)N1CCNCC1,-9.371232876712327,3.470002651546907,45_1829
Cc1c(CC=CCC=NC=O)cccc1-c1cccc(-c2cccc(-c3nn[nH]n3)c2)c1,-7.3,3.4541426689187547,45_1830
Cn1c(-c2cccc(-c3cccc(NC(=O)Nc4cccc(-c5cccc(-c6ncccc6C#N)c5)c4)c3)c2)nc2ccccc21,-9.166666666666666,3.0906607506690618,45_1831
O=C(Nc1cccc(-c2cccc(-c3nc4cc(F)ccc4[nH]3)c2)c1)Nc1cccc(-c2cccc(F)c2F)c1,-9.678827361563519,3.1875244530828533,45_1832
O=C(Nc1cccc(-c2cccc(-c3nc4cc(F)ccc4[nH]3)c2)c1)Nc1cccc(-c2cccc(F)c2F)c1,-9.678827361563519,3.1875244530828533,45_1833
Cn1c(-c2cccc(-c3cccc(NC(=O)Nc4cccc(-c5cccc(-c6cccc(F)c6)c5)c4)c3)c2)nc2ccccc21,-9.742222222222223,3.0539916384657317,45_1834
O=C(Nc1cccc(-c2cccc(-c3cccc(C(F)(F)F)c3)c2)c1)Nc1cccc(-c2cccc(F)c2F)c1,-9.565853658536586,2.963519940967514,45_1835
CN(C(=O)c1cccc(-c2cccc(-c3cccc4ccccc34)c2)c1)[C@H]1CCNC1,-8.2,3.4759950130736943,45_1836
O=C(Nc1cccc(-c2cccc(-c3cccc(C(F)(F)F)c3)c2)c1)Nc1cccc(-c2cccc(F)c2F)c1,-9.565853658536586,2.963519940967514,45_1837
Cn1c(-c2cccc(-c3cccc(NC(=O)Nc4cccc(-c5cccc(F)c5F)c4)c3)c2)nc2ccccc21,-9.926285714285713,3.216920496534968,45_1838
O=C(Nc1cccc(-c2cccc(-c3cccc(-c4cccc(F)c4)c3)c2)c1)N1CCNCC1,-9.371232876712327,3.470002651546907,45_1839
O=C(Nc1cccc(-c2cccc(F)c2F)c1)Nc1cccc(-c2cccc(-c3nc4cc(F)ccc4[nH]3)c2F)c1,-10.01505376344086,3.128615257744718,45_1840
O=C(Nc1cccc(-c2cccc(-c3nc4cc(F)ccc4[nH]3)c2)c1)Nc1cccc(-c2cccc(F)c2F)c1,-9.678827361563519,3.1875244530828533,45_1841
O=C(Nc1cccc(-c2cccc(-c3cccc(-c4nc5ccccc5[nH]4)c3)c2)c1)N1CCNCC1,-9.297435897435896,3.368308336165232,45_1842
O=C(Nc1cccc(-c2cccc(-c3nc4cc(F)ccc4[nH]3)c2)c1)Nc1cccc(-c2cccc(F)c2F)c1,-9.678827361563519,3.1875244530828533,45_1843
O=C(Nc1cccc(-c2cccc(-c3nc4cc(F)ccc4[nH]3)c2)c1)Nc1cccc(-c2cccc(F)c2F)c1,-9.678827361563519,3.1875244530828533,45_1844
O=C(Nc1cccc(-c2cccc(-c3cccc(C(F)(F)F)c3)c2)c1)Nc1cccc(-c2cccc(F)c2F)c1,-9.565853658536586,2.963519940967514,45_1845
O=C(Nc1cccc(-c2cccc(-c3nc4cc(F)ccc4[nH]3)c2)c1)Nc1cccc(-c2cccc(F)c2F)c1,-9.678827361563519,3.1875244530828533,45_1846
O=C(Nc1cccc(-c2cccc(-c3cccc(C(F)(F)F)c3)c2)c1)Nc1cccc(-c2cccc(F)c2F)c1,-9.565853658536586,2.963519940967514,45_1847
O=C(Nc1cccc(-c2cccc(F)c2F)c1)Nc1cccc(-c2cccc(-c3nc4cc(F)ccc4[nH]3)c2F)c1,-10.01505376344086,3.128615257744718,45_1848
O=C(Nc1cccc(-c2cccc(-c3cccc(C(F)(F)F)c3)c2)c1)Nc1cccc(-c2cccc(F)c2F)c1,-9.565853658536586,2.963519940967514,45_1849
O=C(Nc1cccc(-c2cccc(-c3cccc(-c4nn[nH]n4)c3)c2)c1)Nc1cccc(-c2cccc(F)c2F)c1,-9.63,3.286971097546113,45_1850
O=C(Nc1cccc(-c2cccc(-c3cccc(-c4cccc(F)c4)c3)c2)c1)N1CCNCC1,-9.371232876712327,3.470002651546907,45_1851
Cn1c(-c2cccc(-c3cccc(NC(=O)Nc4cccc(-c5cccc(F)c5F)c4)c3)c2)nc2ccccc21,-9.926285714285713,3.216920496534968,45_1852
O=C(Nc1cccc(-c2cccc(-c3nc4ccccc4[nH]3)c2)c1)Nc1cccc(-c2cccc(F)c2F)c1,-9.896536796536797,3.218592063451191,45_1853
Cn1c(-c2cccc(-c3cccc(NC(=O)Nc4cccc(-c5cccc(F)c5F)c4)c3)c2)nc2ccccc21,-9.926285714285713,3.216920496534968,45_1854
O=C(Nc1cccc(-c2cccc(-c3cccc(-c4ccccc4F)n3)c2)c1)N1CCNCC1,-9.4,3.5739418461758903,45_1855
O=C(Nc1cccc(-c2cccc(-c3nc4cc(F)ccc4[nH]3)c2)c1)Nc1cccc(-c2cccc(F)c2F)c1,-9.678827361563519,3.1875244530828533,45_1856
O=C(Nc1cccc(-c2cccc(-c3cccc(-c4cccc(F)c4)c3)c2)c1)N1CCNCC1,-9.371232876712327,3.470002651546907,45_1857
O=C(Nc1cccc(-c2cccc(-c3cccc(-c4nn[nH]n4)c3)c2)c1)Nc1cccc(-c2cccc3nccn23)c1,-10.4,3.257651419447403,45_1858
O=C(Nc1cccc(-c2cccc(-c3nc4ccccc4[nH]3)c2)c1)Nc1cccc(-c2cccc(F)c2F)c1,-9.896536796536797,3.218592063451191,45_1859
Cn1c(-c2cccc(-c3cccc(NC(=O)Nc4cccc(-c5cccc(-c6ncccc6C=O)c5)c4)c3)c2)nc2ccccc21,-9.700000000000001,3.033772250089952,45_1860
O=C(Nc1cccc(-c2cccc(-c3nc4cc(F)ccc4[nH]3)c2)c1)Nc1cccc(-c2cccc(F)c2F)c1,-9.678827361563519,3.1875244530828533,45_1861
Cn1c(-c2cccc(-c3cccc(NC(=O)Nc4cccc(-c5cncc6ccccc56)c4)c3)c2)nc2ccccc21,-10.2,3.1792386661598977,45_1862
O=C(Nc1cccc(-c2cccc(-c3cccc(-c4cccc(F)c4)c3)c2)c1)N1CCNCC1,-9.371232876712327,3.470002651546907,45_1863
O=C(Nc1cccc(-c2cccc(-c3nc4cc(F)ccc4[nH]3)c2)c1)Nc1cccc(-c2cccc(F)c2F)c1,-9.678827361563519,3.1875244530828533,45_1864
O=C(Nc1cccc(-c2cccc(-c3nc4cc(F)ccc4[nH]3)c2)c1)Nc1cccc(-c2cccc(F)c2F)c1,-9.678827361563519,3.1875244530828533,45_1865
O=C(Nc1cccc(-c2cccc(-c3nc4cc(F)ccc4[nH]3)c2)c1)Nc1cccc(-c2cccc(F)c2F)c1,-9.678827361563519,3.1875244530828533,45_1866
Cn1c(-c2cccc(-c3cccc(NC(=O)Nc4cccc(-c5cccc(F)c5F)c4)c3)c2)nc2ccccc21,-9.926285714285713,3.216920496534968,45_1867
O=C(Nc1cccc(-c2cccc(-c3nc4cc(F)ccc4[nH]3)c2)c1)Nc1cccc(-c2cccc(F)c2F)c1,-9.678827361563519,3.1875244530828533,45_1868
O=C(Nc1cccc(-c2cccc(-c3nc4ccccc4[nH]3)c2)c1)Nc1cccc(-c2cccc(F)c2F)c1,-9.896536796536797,3.218592063451191,45_1869
O=C(Nc1cccc(-c2cccc(-c3nc4cc(F)ccc4[nH]3)c2)c1)Nc1cccc(-c2cccc(F)c2F)c1,-9.678827361563519,3.1875244530828533,45_1870
O=C(Nc1cccc(-c2cccc(-c3cccc(C(F)(F)F)c3)c2)c1)Nc1cccc(-c2cccc(F)c2F)c1,-9.565853658536586,2.963519940967514,45_1871
O=C(c1cccc(-c2cccc(C(=O)N3CCN(C(=O)c4ccccc4)CC3)c2)c1)N1CCOCC1,-8.25,3.6089419930993745,45_1872
Cn1c(-c2cccc(-c3cccc(NC(=O)Nc4cccc(-c5cccc(-c6ccccc6F)c5)c4)c3)c2)nc2ccccc21,-10.0,3.0539916384657317,45_1873
Cn1c(-c2cccc(-c3cccc(NC(=O)Nc4cccc(-c5cccc(C(=O)N6CCOCC6)c5)c4)c3)c2)nc2ccccc21,-9.516129032258064,3.2756851861708367,45_1874
O=C(Nc1cccc(-c2cccc(-c3cccc(-c4cccc(-c5nn[nH]n5)c4)c3)c2)c1)N1CCCCC1,-9.4,3.4220306437575623,45_1875
O=C(Nc1cccc(-c2cccc(-c3nc4ccccc4[nH]3)c2)c1)Nc1cccc(-c2cccc(F)c2F)c1,-9.896536796536797,3.218592063451191,45_1876
Cn1c(-c2cccc(-c3cccc(NC(=O)Nc4cccc(-c5cccc(-c6nn[nH]n6)c5)c4)c3)c2)nc2ccccc21,-9.6,3.139570701813599,45_1877
O=C(Nc1cccc(-c2cccc(-c3cccc(-c4nc5ccccc5[nH]4)c3)c2)c1)N1CCNCC1,-9.297435897435896,3.368308336165232,45_1878
O=C(Nc1cccc(-c2cccc(-c3nc4cc(F)ccc4[nH]3)c2)c1)Nc1cccc(-c2cccc(F)c2F)c1,-9.678827361563519,3.1875244530828533,45_1879
O=C(Nc1cccc(-c2cccc(-c3nc4ccccc4[nH]3)c2)c1)Nc1cccc(-c2cccc(F)c2F)c1,-9.896536796536797,3.218592063451191,45_1880
Cn1c(-c2cccc(-c3cccc(NC(=O)Nc4cccc(-c5cccc(F)c5F)c4)c3)c2)nc2ccccc21,-9.926285714285713,3.216920496534968,45_1881
Cn1c(-c2cccc(-c3cccc(NC(=O)Nc4cccc(-c5cccc(-c6ncccc6C#N)c5)c4)c3)c2)nc2ccccc21,-9.166666666666666,3.0906607506690618,45_1882
O=C(c1cccc(-c2cccc(-c3cccc4ccccc34)c2)c1)N1CCN(C(=O)c2ccccc2Nc2ccccc2)CC1,-9.2,3.203398556191349,45_1883
Nc1ccc(-c2cccc(-c3cccc(-c4nc5ccccc5[nH]4)c3)c2)cc1C(=O)Nc1ccc(F)cc1,-9.1,3.2629494798556467,45_1884
Cn1c(-c2cccc(-c3cccc(NC(=O)Nc4cccc(-c5cccc(-c6cccc(F)c6)c5)c4)c3)c2)nc2ccccc21,-9.742222222222223,3.0539916384657317,45_1885
O=C(Nc1cccc(-c2cccc(-c3cccc(C(F)(F)F)c3)c2)c1)N1CCNCC1,-8.7,3.6175736972861605,45_1886
Cn1c(-c2cccc(-c3cccc(NC(=O)Nc4cccc(-c5cccc(F)c5F)c4)c3)c2)nc2ccccc21,-9.926285714285713,3.216920496534968,45_1887
Cn1c(-c2cccc(-c3cccc(NC(=O)Nc4cccc(-c5cccc(F)c5F)c4)c3)c2)nc2ccccc21,-9.926285714285713,3.216920496534968,45_1888
O=C(Nc1cccc(-c2cccc(F)c2F)c1)Nc1cccc(-c2cccc(-c3nc4cc(F)ccc4[nH]3)c2F)c1,-10.01505376344086,3.128615257744718,45_1889
O=C(Nc1cccc(-c2cccc(-c3nc4ccccc4[nH]3)c2)c1)Nc1cccc(-c2cccc(F)c2F)c1,-9.896536796536797,3.218592063451191,45_1890
O=C(Nc1cccc(-c2cccc(-c3nc4ccccc4[nH]3)c2)c1)Nc1cccc(-c2cccc(F)c2F)c1,-9.896536796536797,3.218592063451191,45_1891
Cn1c(-c2cccc(-c3cccc(NC(=O)Nc4cc(-c5ccccc5)nc5sccc45)c3)c2)nc2ccccc21,-8.4,3.195297766871952,45_1892
O=C(Nc1cccc(-c2cccc(-c3nc4cc(F)ccc4[nH]3)c2)c1)Nc1cccc(-c2cccc(F)c2F)c1,-9.678827361563519,3.1875244530828533,45_1893
O=C(Nc1cccc(-c2cccc(-c3nc4cc(F)ccc4[nH]3)c2)c1)Nc1cccc(-c2cccc(F)c2F)c1,-9.678827361563519,3.1875244530828533,45_1894
O=C(c1cccc(-c2cccc(-c3cccc4ccccc34)c2)c1)N1CCN(C(=O)c2cccc(F)c2F)CC1,-9.6125,3.2507959847575894,45_1895
Cn1c(-c2cccc(-c3cccc(NC(=O)Nc4cccc(-c5cccc(F)c5F)c4)c3)c2)nc2ccccc21,-9.926285714285713,3.216920496534968,45_1896
O=C(Nc1cccc(-c2cccc(-c3nc4ccccc4[nH]3)c2)c1)Nc1cccc(-c2cccc(F)c2F)c1,-9.896536796536797,3.218592063451191,45_1897
O=C(Nc1cccc(-c2cccc(-c3nc4cc(F)ccc4[nH]3)c2)c1)Nc1cccc(-c2cccc(F)c2F)c1,-9.678827361563519,3.1875244530828533,45_1898
O=C(Nc1cccc(-c2cccc(-c3nc4ccccc4[nH]3)c2)c1)Nc1cccc(-c2cccc(F)c2F)c1,-9.896536796536797,3.218592063451191,45_1899
O=C(Nc1cccc(-c2cccc(-c3nc4cc(F)ccc4[nH]3)c2)c1)Nc1cccc(-c2cccc(F)c2F)c1,-9.678827361563519,3.1875244530828533,45_1900
O=C(Nc1cccc(-c2cccc(-c3nc4ccccc4[nH]3)c2)c1)Nc1cccc(-c2cccc(F)c2F)c1,-9.896536796536797,3.218592063451191,45_1901
O=C(Nc1cccc(-c2cccc(-c3cccc(-c4cccc(F)c4)c3)c2)c1)N1CCNCC1,-9.371232876712327,3.470002651546907,45_1902
O=C(Nc1cccc(-c2cccc(-c3cccc(-c4ccccc4F)c3)c2)c1)N1CCNCC1,-9.369655172413793,3.470002651546907,45_1903
O=C(Nc1cccc(-c2cccc(-c3cccc(-c4ccccc4F)c3)c2)c1)N1CCNCC1F,-9.1,3.423275060088316,45_1904
O=C(Nc1cccc(-c2cccc(-c3nc4cc(F)ccc4[nH]3)c2)c1)Nc1cccc(-c2cccc(F)c2F)c1,-9.678827361563519,3.1875244530828533,45_1905
O=C(Nc1cccc(-c2cccc(-c3cccc(-c4cccc(F)c4)c3)c2)c1)N1CCNCC1,-9.371232876712327,3.470002651546907,45_1906
O=C(Nc1cccc(-c2cccc(-c3cccc(C(F)(F)F)c3)c2)c1)Nc1cccc(-c2cccc(F)c2F)c1,-9.565853658536586,2.963519940967514,45_1907
Cn1c(-c2cccc(-c3cccc(NC(=O)Nc4cccc(-c5cccc(F)c5F)c4)c3)c2)nc2ccccc21,-9.926285714285713,3.216920496534968,45_1908
O=C(Nc1cccc(-c2cccc(-c3cccc(-c4nc5ccccc5[nH]4)c3)c2)c1)N1CCNCC1,-9.297435897435896,3.368308336165232,45_1909
O=C(Nc1cccc(-c2cccc(-c3nc4cc(F)ccc4[nH]3)c2)c1)Nc1cccc(-c2cccc(F)c2F)c1,-9.678827361563519,3.1875244530828533,45_1910
O=C(c1cccc(-c2cccc(F)c2F)c1)N1CCN(C(=O)c2cc(Cc3n[nH]c(=O)c4c3NCCC4)ccc2F)CC1,-9.7,3.418726066630093,45_1911
O=C(c1cccc(-c2cccc(-c3cccc(C(=O)N4CCOCC4)c3)c2)c1)N1CCNCC1,-8.88,3.649506152725788,45_1912
O=C(Nc1cccc(-c2cccc(-c3cccc(-c4nn[nH]n4)c3)c2)c1)Nc1cccc(-c2cccc(F)c2F)c1,-9.63,3.286971097546113,45_1913
O=C(Nc1cccc(-c2cccc(-c3nc4cc(F)ccc4[nH]3)c2)c1)Nc1cccc(-c2cccc(F)c2F)c1,-9.678827361563519,3.1875244530828533,45_1914
O=C(Nc1cccc(-c2cccc(-c3nc4cc(F)ccc4[nH]3)c2)c1)Nc1cccc(-c2cccc(F)c2F)c1,-9.678827361563519,3.1875244530828533,45_1915
O=C(Nc1ccc(F)cc1F)c1cccc(-c2cccc(-c3cccc(-c4cccc(-c5nn[nH]n5)c4)c3)c2)c1,-9.3,3.3909556758294634,45_1916
O=C(Nc1cccc(-c2cccc(-c3cccc(F)c3)c2)c1)Nc1cccc(-c2cccc(-c3ccc4c(c3)OCO4)c2)c1,-9.75,3.0769998633619515,45_1917
O=C(Nc1cccc(-c2cccc(-c3cccc(-c4ccccc4F)c3)c2)c1)N1CCNCC1,-9.369655172413793,3.470002651546907,45_1918
O=C(Nc1cccc(-c2cccc(-c3cccc(-c4cccc(F)c4)c3)c2)c1)N1CCNCC1,-9.371232876712327,3.470002651546907,45_1919
O=C(Nc1cccc(-c2cccc(-c3nc4cc(F)ccc4[nH]3)c2)c1)Nc1cccc(-c2cccc(F)c2F)c1,-9.678827361563519,3.1875244530828533,45_1920
O=C(c1cccc(-c2cccc(-c3ccc4c(c3)OCO4)c2)c1)N1CCN(C(=O)c2cccc(F)c2F)CC1,-9.34,3.4645763407894306,45_1921
O=C(Nc1cccc(-c2cccc(-c3cccc(C(F)(F)F)c3)c2)c1)Nc1cccc(-c2cccc(F)c2F)c1,-9.565853658536586,2.963519940967514,45_1922
Cc1c(CC=CCC=NC(=O)Nc2cccc(-c3ccccc3F)c2)cccc1-c1cccc(-c2cccc(C(F)(F)F)c2)c1,-7.9,2.78573071822282,45_1923
O=C(c1ccc(F)cc1)N1CCN(C(=O)c2cccc(-c3cccc(-c4cccc(F)c4)c3)c2)CC1,-8.5,3.468221067713254,45_1924
CCN(CCC(=O)[CH]c1cc2ccccc2c2c1c1ccccc1n2C(=O)c1cccc2ccccc12)c1cccc(Cl)c1,-6.4,3.0885953146458185,45_1925
O=C(Nc1cccc(-c2cccc(-c3cccc(C(F)(F)F)c3)c2)c1)Nc1cccc(-c2cccc(F)c2F)c1,-9.565853658536586,2.963519940967514,45_1926
Cn1c(-c2cccc(-c3cccc(NC(=O)Nc4cccc(-c5cccc(F)c5F)c4)c3)c2)nc2ccccc21,-9.926285714285713,3.216920496534968,45_1927
Cn1c(-c2cccc(-c3cccc(NC(=O)Nc4cccc(-c5cccc(C(=O)N6CCOCC6)c5)c4)c3)c2)nc2ccccc21,-9.516129032258064,3.2756851861708367,45_1928
Cn1c(-c2cccc(-c3cccc(NC(=O)Nc4cccc(-c5cccc(F)c5F)c4)c3)c2)nc2ccccc21,-9.926285714285713,3.216920496534968,45_1929
O=C(c1cccc(-c2cccc(-c3cccc(-c4nn[nH]n4)c3)c2)c1)N1CCNCC1,-8.92222222222222,3.6709921779215158,45_1930
Cn1c(-c2cccc(-c3cccc(NC(=O)Nc4cccc(-c5cccc(-c6cccc(F)c6)c5)c4)c3)c2)nc2ccccc21,-9.742222222222223,3.0539916384657317,45_1931
Cn1c(-c2cccc(-c3cccc(NC(=O)Nc4cccc(-c5cccc(F)c5F)c4)c3)c2)nc2ccccc21,-9.926285714285713,3.216920496534968,45_1932
Cn1c(-c2cccc(-c3cccc(NC(=O)Nc4cccc(-c5cccc(C(=O)N6CCOCC6)c5)c4)c3)c2)nc2ccccc21,-9.516129032258064,3.2756851861708367,45_1933
Cn1c(-c2cccc(-c3cccc(NC(=O)Nc4cccc(-c5cccc(-c6cccc(F)c6)c5)c4)c3)c2)nc2ccccc21,-9.742222222222223,3.0539916384657317,45_1934
O=C(Nc1cccc(-c2cccc(-c3nc4ccccc4[nH]3)c2)c1)Nc1cccc(-c2cccc(F)c2F)c1,-9.896536796536797,3.218592063451191,45_1935
O=C(Nc1cccc(-c2cccc(C(=O)N3CCOCC3)c2)c1)Nc1cccc(-c2cccc(-c3ccc4c(c3)OCO4)c2)c1,-10.040000000000001,3.203574602452801,45_1936
O=C(Nc1cccc(-c2cccc(-c3nc4cc(F)ccc4[nH]3)c2)c1)Nc1cccc(-c2cccc(F)c2F)c1,-9.678827361563519,3.1875244530828533,45_1937
O=C(c1cccc(-c2cccc(-c3cccc(-c4cccc(F)c4)c3)c2)c1)N1CCNCC1,-9.309999999999999,3.508189933556279,45_1938
Cn1c(-c2cccc(-c3cccc(NC(=O)Nc4cccc(-c5cccc(F)c5F)c4)c3)c2)nc2ccccc21,-9.926285714285713,3.216920496534968,45_1939
O=C(Nc1cccc(-c2cccc(-c3nc4ccccc4[nH]3)c2)c1)Nc1cccc(-c2cccc(F)c2F)c1,-9.896536796536797,3.218592063451191,45_1940
O=C(Nc1cccc(-c2cccc(-c3nc4ccccc4[nH]3)c2)c1)Nc1cccc(-c2cccc(F)c2F)c1,-9.896536796536797,3.218592063451191,45_1941
CC(=Cc1cccc(-c2cccc(-c3cccc(-c4cccc(F)c4)c3)c2)c1)C(=O)NC=O,-9.0,3.3114434437395524,45_1942
O=C(Nc1cccc(-c2cccc(-c3nc4cc(F)ccc4[nH]3)c2)c1)Nc1cccc(-c2cccc(F)c2F)c1,-9.678827361563519,3.1875244530828533,45_1943
O=C(Nc1cccc(-c2cccc(-c3nc4cc(F)ccc4[nH]3)c2)c1)Nc1cccc(-c2cccc(F)c2F)c1,-9.678827361563519,3.1875244530828533,45_1944
O=C(Nc1cccc(-c2cccc(-c3cccc(-c4ccccc4F)c3)c2)c1)N1CCNCC1,-9.369655172413793,3.470002651546907,45_1945
O=C(Nc1cccc(-c2cccc(-c3nc4ccccc4[nH]3)c2)c1)Nc1cccc(-c2cccc(F)c2F)c1,-9.896536796536797,3.218592063451191,45_1946
O=C(c1cccc(-c2cccc(-c3cccc4ccccc34)c2)c1)N1CCN(C(=O)c2cccc(F)c2F)CC1,-9.6125,3.2507959847575894,45_1947
O=C(Nc1cccc(-c2cccc(-c3cccc(-c4cccc(F)c4)c3)c2)c1)N1CCNCC1,-9.371232876712327,3.470002651546907,45_1948
O=C(c1cccc(-c2cccc(C(=O)N3CCN(c4ncccc4C(F)(F)F)CC3)c2)c1)N1CCOCC1,-8.3,3.565339928233987,45_1949
O=C(Nc1cccc(-c2cn3ccnc3c(NCc3ccncc3)n2)c1)Nc1cccc(-c2cccc(F)c2F)c1,-8.95,3.1900727637891984,45_1950
O=C(C=Cc1ccccc1)Nc1cccc(-c2cccc(-c3cccc(-c4cccc(-c5nn[nH]n5)c4)c3)c2)c1,-8.7,3.287468372099405,45_1951
O=Cc1ccccc1N=C(Nc1cccc(-c2ccc3c(c2)OCO3)c1)[C@H]1CCN(c2cccc3ccccc23)C1,-8.1,3.0774386326616314,45_1952
O=C(Nc1cccc(-c2cccc(-c3cccc(-c4cccc(F)c4)c3)c2)c1)N1CCNCC1,-9.371232876712327,3.470002651546907,45_1953
Oc1cccc(-c2cccc(-c3cccc(-c4ccc5c(c4)OCCO5)c3)c2)c1,-9.0,3.52021193306304,45_1954
O=C(Nc1cccc(-c2cccc(-c3nc4cc(F)ccc4[nH]3)c2)c1)Nc1cccc(-c2cccc(F)c2F)c1,-9.678827361563519,3.1875244530828533,45_1955
O=C(Nc1cccc(-c2cccc(-c3cccc(-c4ccccc4F)c3)c2)c1)N1CCNCC1,-9.369655172413793,3.470002651546907,45_1956
O=C(Nc1cccc(-c2cccc(-c3nc4cc(F)ccc4[nH]3)c2)c1)Nc1cccc(-c2cccc(F)c2F)c1,-9.678827361563519,3.1875244530828533,45_1957
O=C(Nc1cccc(-c2cccc(-c3nc4ccccc4[nH]3)c2)c1)Nc1cccc(-c2cccc(F)c2F)c1,-9.896536796536797,3.218592063451191,45_1958
O=C(Nc1cccc(-c2cccc(-c3nc4ccccc4[nH]3)c2)c1)Nc1cccc(-c2cccc(F)c2F)c1,-9.896536796536797,3.218592063451191,45_1959
O=C(Nc1cccc(-c2cccc(-c3nc4cc(F)ccc4[nH]3)c2)c1)Nc1cccc(-c2cccc(F)c2F)c1,-9.678827361563519,3.1875244530828533,45_1960
Cn1c(-c2cccc(-c3cccc(NC(=O)Nc4cccc(-c5cccc(F)c5F)c4)c3)c2)nc2ccccc21,-9.926285714285713,3.216920496534968,45_1961
O=C(Nc1cccc(-c2cccc(F)c2F)c1)Nc1cccc(-c2cccc(-c3nc4cc(F)ccc4[nH]3)c2F)c1,-10.01505376344086,3.128615257744718,45_1962
O=C(Nc1cccc(-c2cccc(F)c2F)c1)Nc1cccc(-c2cccc(-c3nc4cc(F)ccc4[nH]3)c2F)c1,-10.01505376344086,3.128615257744718,45_1963
O=C(c1cccc(-c2cccc(-c3cccc(-c4nn[nH]n4)c3)c2)c1)N1CCNCC1,-8.92222222222222,3.6709921779215158,45_1964
Cn1c(-c2cccc(-c3cccc(NC(=O)Nc4cccc(-c5cccc(F)c5F)c4)c3)c2)nc2ccccc21,-9.926285714285713,3.216920496534968,45_1965
O=C(c1cccc(-c2cccc(-c3nc4cc(F)ccc4[nH]3)c2)c1)N1CCNCC1,-8.6125,3.6450984636569372,45_1966
O=C(Nc1cccc(-c2cccc(-c3nc4cc(F)ccc4[nH]3)c2)c1)Nc1cccc(-c2cccc(F)c2F)c1,-9.678827361563519,3.1875244530828533,45_1967
O=C(Nc1cccc(-c2cccc(-c3nc4cc(F)ccc4[nH]3)c2)c1)Nc1cccc(-c2cccc(F)c2F)c1,-9.678827361563519,3.1875244530828533,45_1968
O=C(Nc1cccc(-c2cccc(F)c2F)c1)Nc1cccc(-c2cccc(-c3nc4cc(F)ccc4[nH]3)c2F)c1,-10.01505376344086,3.128615257744718,45_1969
O=C(Nc1cccc(-c2cccc(-c3cccc(-c4ccccc4F)c3)c2)c1)N1CCNCC1,-9.369655172413793,3.470002651546907,45_1970
O=C(c1cccc(-c2cccc(-c3nc4ccccc4[nH]3)c2)c1)N1CCN(C(=O)c2cccc(F)c2F)CC1,-9.059999999999999,3.4743716563467535,45_1971
O=C(Nc1cccc(-c2cccc(F)c2F)c1)Nc1cccc(-c2cccc(-c3nc4cc(F)ccc4[nH]3)c2F)c1,-10.01505376344086,3.128615257744718,45_1972
O=C(Nc1cccc(-c2cccc(-c3cccc(-c4cccc(F)c4)c3)c2)c1)N1CCNCC1,-9.371232876712327,3.470002651546907,45_1973
O=C(Nc1cccc(-c2cccc(-c3cccc(C(F)(F)F)c3)c2)c1)Nc1cnc2ccccc2c1,-8.4,3.245237788706932,45_1974
O=C(Nc1nc(-c2ccccc2)nc(-c2ccccc2)c1C(=O)O)c1cccc(-c2cccc(-c3ccccc3F)c2)c1,-8.6,3.257917338103719,45_1975
Cc1c(Nc2nc3ccccc3nc2NC(=O)C2=CC(=CC3C=CC(C=C4C=CC(c5ncccc5C#N)=C4)=C3)C=C2)cccc1-c1cccc2ccccc12,-9.1,2.7280290506408256,45_1976
O=C(c1cccc(-c2cccc(-c3cccc(-c4cccc(F)c4)c3)c2)c1)N1CCNCC1,-9.309999999999999,3.508189933556279,45_1977
O=C(Nc1cccc(C(F)(F)F)c1)c1cccc(-c2cccc(-c3cccc(-c4cccc(-c5nn[nH]n5)c4)c3)c2)c1,-8.95,3.223181917968555,45_1978
O=C(Nc1cccc(-c2cccc(-c3cccc(C(F)(F)F)c3)c2)c1)Nc1cccc(-c2cccc(F)c2F)c1,-9.565853658536586,2.963519940967514,45_1979
O=C(c1cccc(-c2cccc(-c3cccc(-c4ccccc4F)c3)c2)c1)N1CCNCC1,-9.351724137931035,3.508189933556279,45_1980
O=C(Nc1cccc(-c2cccc(-c3cccc(-c4ccccc4F)c3)c2)c1)N1CCNCC1,-9.369655172413793,3.470002651546907,45_1981
Cn1c(-c2cccc(-c3cccc(NC(=O)Nc4cccc(-c5ccc6c(c5)OCO6)c4)c3)c2)nc2ccccc21,-9.524999999999999,3.3030357053717445,45_1982
O=C(Nc1cccc(-c2cccc(-c3cccc(F)c3)c2)c1)Nc1cccc(-c2cccc(F)c2F)c1,-9.925,3.1787533639972665,45_1983
O=C(Nc1cccc(-c2cccc(-c3nc4cc(F)ccc4[nH]3)c2)c1)Nc1cccc(-c2cccc(F)c2F)c1,-9.678827361563519,3.1875244530828533,45_1984
O=C(Nc1cccc(-c2cccc(-c3cccc(-c4ccccc4F)c3)c2)c1)N1CCNCC1,-9.369655172413793,3.470002651546907,45_1985
Cn1c(-c2cccc(-c3cccc(NC(=O)Nc4cccc(-c5cccc(C(=O)N6CCOCC6)c5)c4)c3)c2)nc2ccccc21,-9.516129032258064,3.2756851861708367,45_1986
O=C(Nc1cccc(-c2cccc(-c3cccc(C(=O)N4CCOCC4)c3)c2)c1)N1CCNCC1,-8.972727272727273,3.6199094052700564,45_1987
O=C(Nc1cccc(-c2cccc(-c3cccc(C(F)(F)F)c3)c2)c1)Nc1cccc(-c2cccc(F)c2F)c1,-9.565853658536586,2.963519940967514,45_1988
O=C(Nc1cccc(-c2cccc(-c3nc4ccccc4[nH]3)c2)c1)Nc1cccc(-c2cccc(F)c2F)c1,-9.896536796536797,3.218592063451191,45_1989
O=C(Nc1cccc(-c2cccc(F)c2F)c1)Nc1cccc(-c2cccc(-c3nc4cc(F)ccc4[nH]3)c2F)c1,-10.01505376344086,3.128615257744718,45_1990
O=C(c1cccc(-c2cccc(-c3cccc4ccccc34)c2)c1)N1CCN(C(=O)c2cccc(F)c2F)CC1,-9.6125,3.2507959847575894,45_1991
O=C(Nc1cccc(-c2cccc(-c3cccc(-c4ccccc4F)c3)c2)c1)N1CCNCC1,-9.369655172413793,3.470002651546907,45_1992
O=C(Nc1cccc(-c2cccc(-c3cccc(-c4nn[nH]n4)c3)c2)c1)Nc1cccc(-c2cccc(F)c2F)c1,-9.63,3.286971097546113,45_1993
O=C(Nc1cccc(-c2cccc(-c3nc4cc(F)ccc4[nH]3)c2)c1)Nc1cccc(-c2cccc(F)c2F)c1,-9.678827361563519,3.1875244530828533,45_1994
Cn1c(-c2cccc(-c3cccc(NC(=O)Nc4cccc(-c5cccc(F)c5F)c4)c3)c2)nc2ccccc21,-9.926285714285713,3.216920496534968,45_1995
O=C(c1cccc(-c2cccc(-c3cccc(-n4ccnc4)c3)c2)c1)N1CCNCC1,-8.6,3.6669911504119175,45_1996
O=C(Nc1cccc(-c2cccc(-c3nc4ccccc4[nH]3)c2)c1)Nc1cccc(-c2cccc(F)c2F)c1,-9.896536796536797,3.218592063451191,45_1997
O=C(Nc1cccc(-c2cccc(-c3nc4ccccc4[nH]3)c2)c1)Nc1cccc(-c2cccc(F)c2F)c1,-9.896536796536797,3.218592063451191,45_1998
O=C(Nc1cccc(-c2cccc(-c3cccc(-c4ccccc4F)c3)c2)c1)N1CCNCC1,-9.369655172413793,3.470002651546907,45_1999
