smiles,docking,drug_likeliness,names
O=C(Nc1cccc(-c2cccc(-c3cccc(-c4ccccc4F)c3)c2)c1)N1CCNCC1,-9.35886075949367,3.470002651546907,46_0
Cn1c(-c2cccc(-c3cccc(NC(=O)Nc4cccc(-c5cccc(F)c5F)c4)c3)c2)nc2ccccc21,-9.897260273972602,3.216920496534968,46_1
O=C(Nc1cccc(-c2cccc(-c3nc4ccccc4[nH]3)c2)c1)Nc1cccc(-c2cccc(F)c2F)c1,-9.946206896551724,3.218592063451191,46_2
O=C(Nc1cccc(-c2cccc(-c3nc4ccccc4[nH]3)c2)c1)Nc1cccc(-c2cccc(F)c2F)c1,-9.946206896551724,3.218592063451191,46_3
O=C(Nc1cccc(-c2cccc(-c3nc4ccccc4[nH]3)c2)c1)Nc1cccc(-c2cccc(F)c2F)c1,-9.946206896551724,3.218592063451191,46_4
O=C(Nc1cccc(-c2cccc(-c3nc4ccccc4[nH]3)c2)c1)Nc1cccc(-c2cccc(F)c2F)c1,-9.946206896551724,3.218592063451191,46_5
Cn1c(-c2cccc(-c3cccc(NC(=O)Nc4cccc(-c5cccc(C(=O)N6CCOCC6)c5)c4)c3)c2)nc2ccccc21,-9.555696202531646,3.2756851861708367,46_6
Cn1c(-c2cccc(-c3cccc(NC(=O)Nc4cccc(-c5cccc(C(=O)N6CCOCC6)c5)c4)c3)c2)nc2ccccc21,-9.555696202531646,3.2756851861708367,46_7
O=C(Nc1cccc(-c2cccc(-c3cccc(-c4ccccc4F)c3)c2)c1)N1CCNCC1,-9.35886075949367,3.470002651546907,46_8
O=C(Nc1cccc(-c2cccc(-c3nc4cc(F)ccc4[nH]3)c2)c1)Nc1cccc(-c2cccc(F)c2F)c1,-9.665151515151516,3.1875244530828533,46_9
O=C(Nc1cccc(-c2cccc(-c3nc4cc(F)ccc4[nH]3)c2)c1)Nc1cccc(-c2cccc(F)c2F)c1,-9.665151515151516,3.1875244530828533,46_10
O=CCC(=O)c1cccc(-c2cccc(-c3cccc(-c4cccc(F)c4)c3)c2)c1,-8.1,3.1367905958508695,46_11
O=C(Nc1cccc(-c2cccc(-c3cccc(C(F)(F)F)c3)c2)c1)Nc1cccc(-c2cccc(F)c2F)c1,-9.623,2.963519940967514,46_12
Cn1c(-c2cccc(-c3cccc(NC(=O)NC(=O)c4cccc(-c5cccc(-c6ccccc6F)c5)c4)c3)c2)nc2ccccc21,-8.8,3.048507409620749,46_13
Cn1c(-c2cccc(-c3cccc(NC(=O)Nc4cccc(-c5cccc(F)c5F)c4)c3)c2)nc2ccccc21,-9.897260273972602,3.216920496534968,46_14
O=C(Nc1cccc(-c2cccc(-c3cccc(-c4cccc(F)c4)c3)c2)c1)N1CCNCC1,-9.341935483870968,3.470002651546907,46_15
O=C(Nc1cccc(-c2cccc(-c3nc4ccccc4[nH]3)c2)c1)Nc1cccc(-c2cccc(F)c2F)c1,-9.946206896551724,3.218592063451191,46_16
O=C(Nc1cccc(-c2cccc(-c3nc4cc(F)ccc4[nH]3)c2)c1)Nc1cccc(-c2cccc(F)c2F)c1,-9.665151515151516,3.1875244530828533,46_17
O=C(Nc1cccc(-c2cccc(-c3nc4cc(F)ccc4[nH]3)c2)c1)Nc1cccc(-c2cccc(F)c2F)c1,-9.665151515151516,3.1875244530828533,46_18
O=C(Nc1cccc(-c2cccc(-c3cccc(-c4ccccc4F)c3)c2)c1)N1CCNCC1,-9.35886075949367,3.470002651546907,46_19
O=C(Nc1cccc(-c2cccc(-c3cccc(-c4nc5ccccc5[nH]4)c3)c2)c1)N1CCNCC1,-9.316666666666666,3.368308336165232,46_20
O=C(Nc1cccc(-c2cccc(-c3nc4cc(F)ccc4[nH]3)c2)c1)Nc1cccc(-c2cccc(F)c2F)c1,-9.665151515151516,3.1875244530828533,46_21
O=C(Nc1nc2ccccc2nc1Nc1cccc(-c2cccc(F)c2)c1)c1cccc(-c2cccc3ccccc23)c1,-10.6,3.23024653662448,46_22
O=C(Nc1cccc(-c2cccc(-c3nc4cc(F)ccc4[nH]3)c2)c1)Nc1cccc(-c2cccc(F)c2F)c1,-9.665151515151516,3.1875244530828533,46_23
Cn1c(-c2cccc(-c3cccc(NS(=O)(=O)Nc4cccc(-c5cccc(F)c5F)c4)c3)c2)nc2ccccc21,-9.4,3.2424925134179867,46_24
Cn1c(-c2cccc(-c3cccc(NC(=O)Nc4cccc(-c5cccc(-c6nn[nH]n6)c5)c4)c3)c2)nc2ccccc21,-9.2,3.139570701813599,46_25
O=C(Nc1cccc(-c2cccc(-c3nc4cc(F)ccc4[nH]3)c2)c1)Nc1cccc(-c2cccc(F)c2F)c1,-9.665151515151516,3.1875244530828533,46_26
O=C(Nc1cccc(-c2cccc(-c3cccc(C(=O)N4CCOCC4)c3)c2)c1)N1CCNCC1,-9.00263157894737,3.6199094052700564,46_27
O=C(Nc1cccc(-c2cccc(-c3cccc(-c4ccccc4F)c3)c2)c1)N1CCNCC1,-9.35886075949367,3.470002651546907,46_28
O=C(Nc1cccc(-c2cccc(-c3nc4cc(F)ccc4[nH]3)c2)c1)Nc1cccc(-c2cccc(F)c2F)c1,-9.665151515151516,3.1875244530828533,46_29
O=C(c1cccc(-c2cccc(-c3cccc(-c4nn[nH]n4)c3)c2)c1)N1CCNCC1,-8.907692307692306,3.6709921779215158,46_30
Cn1c(-c2cccc(-c3cccc(NC(=O)Nc4cccc(-c5cccc(C(=O)N6CCOCC6)c5)c4)c3)c2)nc2ccccc21,-9.555696202531646,3.2756851861708367,46_31
O=C(Nc1cccc(-c2cccc(-c3cccc(-c4ccccc4F)c3)c2)n1)N1CCNCC1,-9.2,3.5739418461758903,46_32
O=C(Nc1cccc(-c2cccc(-c3nc4cc(F)ccc4[nH]3)c2)c1)Nc1cccc(-c2cccc(F)c2F)c1,-9.665151515151516,3.1875244530828533,46_33
O=C(Nc1cccc(-c2cccc(-c3nc4cc(F)ccc4[nH]3)c2)c1)Nc1cccc(-c2cccc(F)c2F)c1,-9.665151515151516,3.1875244530828533,46_34
Cn1c(-c2cccc(-c3cccc(NC(=O)Nc4cccc(-c5cccc(F)c5F)c4)c3)c2)nc2ccccc21,-9.897260273972602,3.216920496534968,46_35
O=C(Nc1cccc(-c2cccc(-c3cccc(-c4ccccc4F)c3)c2)c1)N1CCNCC1,-9.35886075949367,3.470002651546907,46_36
O=C(Nc1cccc(-c2cccc(-c3nc4ccccc4[nH]3)c2)c1)Nc1cccc(-c2cccc(F)c2F)c1,-9.946206896551724,3.218592063451191,46_37
Cn1c(-c2cccc(-c3cccc(NC(=O)Nc4cccc(-c5cccc(F)c5F)c4)c3)c2)nc2ccccc21,-9.897260273972602,3.216920496534968,46_38
Cn1c(-c2cccc(-c3cccc(NC(=O)Nc4cccc(-c5cccc(F)c5F)c4)c3)c2)nc2ccccc21,-9.897260273972602,3.216920496534968,46_39
O=C(Nc1cccc(-c2cccc(-c3cccc(-c4ccccc4F)c3)c2)c1)N1CCNCC1,-9.35886075949367,3.470002651546907,46_40
O=C(c1cccc(-c2cccc(C(=O)N3CCN(C(=O)c4ccco4)CC3)c2)c1)N1CCOCC1,-8.4,3.6129887333911004,46_41
Cn1c(-c2cccc(-c3cccc(NC(=O)Nc4cccc(-c5cccc(F)c5F)c4)c3)c2)nc2ccccc21,-9.897260273972602,3.216920496534968,46_42
Cn1c(-c2cccc(-c3cccc(NC(=O)Nc4cccc(-c5cccc(F)c5F)c4)c3)c2)nc2ccccc21,-9.897260273972602,3.216920496534968,46_43
O=C(Nc1nc2ccccc2nc1Nc1cccc(-c2cccc(F)c2)c1)c1cccc(-c2cccc(-c3cccc4ccccc34)c2)c1,-10.8,3.0827235604159315,46_44
O=C(Nc1cccc(-c2cccc(-c3nc4ccccc4[nH]3)c2)c1)Nc1cccc(-c2cccc(F)c2F)c1,-9.946206896551724,3.218592063451191,46_45
O=C(Nc1cccc(-c2cccc(-c3cccc(C(F)(F)F)c3)c2)c1)Nc1cccc(-c2cccc(F)c2F)c1,-9.623,2.963519940967514,46_46
Cn1c(-c2cccc(-c3cccc(NC(=O)Nc4cccc(-c5cccc(F)c5F)c4)c3)c2)nc2ccccc21,-9.897260273972602,3.216920496534968,46_47
Cn1c(-c2cccc(-c3cccc(NC(=O)Nc4cccc(-c5cccc(F)c5F)c4)c3)c2)nc2ccccc21,-9.897260273972602,3.216920496534968,46_48
O=C(Nc1cccc(-c2cccc(-c3cccc(-c4nn[nH]n4)c3)c2)c1)Nc1cccc(-c2cccc(F)c2F)c1,-9.606122448979592,3.286971097546113,46_49
O=C(Nc1cccc(-c2cccc(-c3nc4ccccc4[nH]3)c2)c1)Nc1cccc(-c2cccc(F)c2F)c1,-9.946206896551724,3.218592063451191,46_50
O=C(Nc1cccc(-c2cccc(-c3nc4ccccc4[nH]3)c2)c1)Nc1cccc(-c2cccc(F)c2F)c1,-9.946206896551724,3.218592063451191,46_51
O=C(c1cccc(-c2cccc(-c3nc4cc(F)ccc4[nH]3)c2)c1)N1CCNCC1,-8.466666666666667,3.6450984636569372,46_52
O=C(Nc1cccc(-c2cccc(-c3cccc(-c4nc5ccccc5[nH]4)c3)c2)c1)N1CCNCC1,-9.316666666666666,3.368308336165232,46_53
Cn1c(-c2cccc(-c3cccc(NC(=O)Nc4cccc(-c5cccc(F)c5F)c4)c3)c2)nc2ccccc21,-9.897260273972602,3.216920496534968,46_54
O=C(Nc1cccc(-c2cccc(-c3cccc(C(=O)N4CCOCC4)c3)c2)c1)N1CCNCC1,-9.00263157894737,3.6199094052700564,46_55
Cn1c(-c2cccc(-c3cccc(NC(=O)Nc4cccc(-c5cccc(F)c5F)c4)c3)c2)nc2ccccc21,-9.897260273972602,3.216920496534968,46_56
O=C(Nc1cccc(-c2cccc(-c3nc4ccccc4[nH]3)c2)c1)Nc1cccc(-c2cccc(F)c2F)c1,-9.946206896551724,3.218592063451191,46_57
Cn1c(-c2cccc(-c3cccc(NC(=O)Nc4cccc(-c5cccc(-c6cccc(F)c6)c5)c4)c3)c2)nc2ccccc21,-9.885106382978723,3.0539916384657317,46_58
O=C(O)c1ccc(Oc2cccc(-c3cccc(-c4nc5ccccc5[nH]4)c3)c2)nc1,-8.7,3.5379669945651138,46_59
Cc1cc(-c2cccc(-c3cccc(-c4cccc(C(=O)N5CCOCC5)c4)c3)c2)cc(C)c1O,-9.6,3.5038525123784594,46_60
Cn1c(-c2cccc(-c3cccc(NC(=O)Nc4cccc(-c5cccc(F)c5F)c4)c3)c2)nc2ccccc21,-9.897260273972602,3.216920496534968,46_61
O=C(Nc1cccc(-c2cccc(F)c2F)c1)Nc1cccc(-c2cccc(-c3nc4cc(F)ccc4[nH]3)c2F)c1,-9.956617647058822,3.128615257744718,46_62
O=C(Nc1cccc(-c2cccc(-c3cccc(C(F)(F)F)c3)c2)c1)Nc1cccc(-c2cccc(F)c2F)c1,-9.623,2.963519940967514,46_63
O=C(c1cccc(-c2cccc(-c3nc4ccccc4[nH]3)c2)c1)N1CCN(C(=O)c2cccc(F)c2F)CC1,-9.3,3.4743716563467535,46_64
C=CC(=O)N=CC1=CC(=Nc2nc(Nc3cccc(-c4ccc5c(c4)OCCO5)c3Cl)ncc2Cl)CC1,-7.3,3.388619368352062,46_65
O=C(c1cccc(-c2cccc(-c3cccc(-c4nc5ccccc5[nH]4)c3)c2)c1)N1CCNCC1,-9.483333333333334,3.440998249723921,46_66
O=C(Nc1cccc(-c2cccc(-c3cccc(-c4ccccc4F)c3)c2)c1)N1CCNCC1,-9.35886075949367,3.470002651546907,46_67
O=C(Nc1cccc(-c2cccc(-c3nc4ccccc4[nH]3)c2)c1)Nc1cccc(-c2cccc(F)c2F)c1,-9.946206896551724,3.218592063451191,46_68
Oc1ccc(-c2cccc(-c3cccc(-c4nn[nH]n4)c3)c2)cc1F,-8.3,3.7169041596625005,46_69
Cn1c(-c2cccc(-c3cccc(NC(=O)Nc4cccc(-c5cccc(C(=O)N6CCOCC6)c5)c4)c3)c2)nc2ccccc21,-9.555696202531646,3.2756851861708367,46_70
O=C(Nc1cccc(-c2cccc(-c3nc4ccccc4[nH]3)c2)c1)Nc1cccc(-c2cccc(F)c2F)c1,-9.946206896551724,3.218592063451191,46_71
O=C(Nc1cccc(-c2cccc(-c3nc4ccccc4[nH]3)c2)c1)Nc1cccc(-c2cccc(F)c2F)c1,-9.946206896551724,3.218592063451191,46_72
O=C(Nc1cccc(-c2cccc(-c3nc4cc(F)ccc4[nH]3)c2)c1)Nc1cccc(-c2cccc(F)c2F)c1,-9.665151515151516,3.1875244530828533,46_73
O=C(Nc1cccc(-c2cccc(-c3nc4ccccc4[nH]3)c2)c1)Nc1cccc(-c2cccc(F)c2F)c1,-9.946206896551724,3.218592063451191,46_74
Cn1c(-c2cccc(-c3cccc(NC(=O)Nc4cccc(-c5cccc(C(=O)N6CCOCC6)c5)c4)c3)c2)nc2ccccc21,-9.555696202531646,3.2756851861708367,46_75
O=C(Nc1cccc(-c2cccc(-c3ccc4c(c3)OCO4)c2)c1)Nc1cccc(-c2ccc3c(c2)OCO3)c1,-8.8,3.258547389943559,46_76
O=C(Nc1cccc(-c2cccc(-c3cccc(-c4nc5ccccc5[nH]4)c3)c2)c1)N1CCNCC1,-9.316666666666666,3.368308336165232,46_77
O=C(Nc1cccc(-c2cccc(-c3nc4cc(F)ccc4[nH]3)c2)c1)Nc1cccc(-c2cccc(F)c2F)c1,-9.665151515151516,3.1875244530828533,46_78
O=C(Nc1cccc(-c2cccc(-c3cccc(-c4cccc(F)c4)c3)c2)c1)N1CCNCC1,-9.341935483870968,3.470002651546907,46_79
O=C(Nc1cccc(-c2cccc(F)c2F)c1)Nc1cccc(-c2cccc(-c3nc4cc(F)ccc4[nH]3)c2F)c1,-9.956617647058822,3.128615257744718,46_80
O=C(Nc1cccc(-c2cccc(-c3cccc(-c4ccccc4F)c3)c2)c1)N1CCNCC1,-9.35886075949367,3.470002651546907,46_81
Cn1c(-c2cccc(-c3cccc(NC(=O)Nc4cccc(-c5cccc(C(=O)N6CCOCC6)c5)c4)c3)c2)nc2ccccc21,-9.555696202531646,3.2756851861708367,46_82
O=C(Nc1cccc(-c2cccc(-c3nc4cc(F)ccc4[nH]3)c2)c1)Nc1cccc(-c2cccc(F)c2F)c1,-9.665151515151516,3.1875244530828533,46_83
O=C(Nc1cccc(-c2cccc(-c3nc4cc(F)ccc4[nH]3)c2)c1)Nc1cccc(-c2cccc(F)c2F)c1,-9.665151515151516,3.1875244530828533,46_84
O=C(Nc1cccc(-c2cccc(-c3cccc(-c4ccccc4F)c3)c2)c1)N1CCNCC1,-9.35886075949367,3.470002651546907,46_85
O=C(Nc1cccc(-c2cccc(-c3cccc(C(F)(F)F)c3)c2)c1)Nc1cccc(-c2cccc(F)c2F)c1,-9.623,2.963519940967514,46_86
O=C(c1cccc(-c2cccc(-c3ccc4c(c3)OCO4)c2)c1)N1CCN(C(=O)c2cccc(F)c2F)CC1,-9.566666666666666,3.4645763407894306,46_87
O=C(Nc1cccc(-c2cccc(-c3nc4cc(F)ccc4[nH]3)c2)c1)Nc1cccc(-c2cccc(F)c2F)c1,-9.665151515151516,3.1875244530828533,46_88
O=C(Nc1cccc(-c2cccc(-c3nc4cc(F)ccc4[nH]3)c2)c1)Nc1cccc(-c2cccc(F)c2F)c1,-9.665151515151516,3.1875244530828533,46_89
O=C(Nc1cccc(-c2cccc(-c3nc4ccccc4[nH]3)c2)c1)Nc1cccc(-c2cccc(F)c2F)c1,-9.946206896551724,3.218592063451191,46_90
O=C(Nc1cccc(-c2cccc(-c3nc4cc(F)ccc4[nH]3)c2)c1)Nc1cccc(-c2cccc(F)c2F)c1,-9.665151515151516,3.1875244530828533,46_91
Cc1cccc(C(=O)Nc2cccc(-c3cccc(-c4nc5ccccc5[nH]4)c3)c2)c1,-9.0,3.3143656625993705,46_92
O=C(Nc1cccc(-c2cccc(-c3cccc(-c4ccccc4F)c3)c2)c1)N1CCNCC1,-9.35886075949367,3.470002651546907,46_93
O=C(Nc1cccc(-c2cccc(-c3nc4ccccc4[nH]3)c2)c1)Nc1cccc(-c2cccc(F)c2F)c1,-9.946206896551724,3.218592063451191,46_94
O=C(Nc1cccc(-c2cccc(-c3cccc(-c4nn[nH]n4)c3)c2)c1)Nc1cccc(-c2cccc(F)c2F)c1,-9.606122448979592,3.286971097546113,46_95
O=C(Nc1cccc(-c2cccc(-c3cccc(-c4ccccc4F)c3)c2)c1)N1CCNCC1,-9.35886075949367,3.470002651546907,46_96
Cn1c(-c2cccc(-c3cccc(NC(=O)Nc4cccc(-c5cccc(-c6ncccc6C#N)c5)c4)c3)c2)nc2ccccc21,-8.916666666666666,3.0906607506690618,46_97
O=C(c1cccc(F)c1)N1CCN(C(=O)c2cccc(-c3cccc(-c4ccc5c(c4)OCO5)c3)c2)CC1,-9.100000000000001,3.475405586601455,46_98
O=C(Nc1cccc(-c2cccc(-c3nc4ccccc4[nH]3)c2)c1)Nc1cccc(-c2cccc(F)c2F)c1,-9.946206896551724,3.218592063451191,46_99
O=C(Nc1cccc(-c2cccc(-c3cccc(-c4nc5ccccc5[nH]4)c3)c2)c1)N1CCNCC1,-9.316666666666666,3.368308336165232,46_100
O=C(O)c1ccc(NC(=O)c2cccc(-c3cccc(-c4ccc5c(c4)OCO5)c3)c2)cc1,-7.8,3.5149440857625445,46_101
O=C(Nc1cccc(-c2cccc(F)c2F)c1)Nc1cccc(-c2cccc(-c3nc4cc(F)ccc4[nH]3)c2F)c1,-9.956617647058822,3.128615257744718,46_102
Cn1c(-c2cccc(-c3cccc(NC(=O)Nc4cccc(-c5cccc(N6CCCC6)n5)c4)c3)c2)nc2ccccc21,-9.9,3.2672563826300873,46_103
O=C(Nc1cccc(-c2cccc(-c3nc4cc(F)ccc4[nH]3)c2)c1)Nc1cccc(-c2cccc(F)c2F)c1,-9.665151515151516,3.1875244530828533,46_104
O=c1nc(-c2cccc(-c3cccc(F)c3F)c2)c2ccccc2[nH]1,-8.8,3.6189863231215322,46_105
O=C(Nc1cccc(-c2cccc(-c3nc4cc(F)ccc4[nH]3)c2)c1)Nc1cccc(-c2cccc(F)c2F)c1,-9.665151515151516,3.1875244530828533,46_106
Cn1c(-c2cccc(-c3cccc(NC(=O)Nc4cccc(-c5cccc(-c6cccc(F)c6)c5)c4)c3)c2)nc2ccccc21,-9.885106382978723,3.0539916384657317,46_107
O=C(Nc1cccc(-c2cccc(-c3nc4ccccc4[nH]3)c2)c1)Nc1cccc(-c2cccc(F)c2F)c1,-9.946206896551724,3.218592063451191,46_108
O=C(c1cccc(-c2cccc(-c3cccc(-c4ccccc4F)c3)c2)c1)N1CCNCC1,-9.41111111111111,3.508189933556279,46_109
O=C(Nc1cccc(-c2cccc(-c3cccc(-c4ccccc4F)c3)c2)c1)N1CCNCC1,-9.35886075949367,3.470002651546907,46_110
O=C(Nc1cccc(-c2cccc(F)c2F)c1)Nc1cccc(-c2cccc(-c3nc4cc(F)ccc4[nH]3)c2F)c1,-9.956617647058822,3.128615257744718,46_111
O=C(Nc1cccc(-c2cccc(-c3nc4cc(F)ccc4[nH]3)c2)c1)Nc1cccc(-c2cccc(F)c2F)c1,-9.665151515151516,3.1875244530828533,46_112
O=C(Nc1cccc(-c2cccc(-c3cccc(-c4cccc(F)c4)c3)c2)c1)N1CCNCC1,-9.341935483870968,3.470002651546907,46_113
O=C(Nc1cccc(-c2cccc(F)c2)c1)c1cccc(-c2cccc(-c3cccc4ccccc34)c2)c1,-8.6,3.089476916355295,46_114
Cn1c(-c2cccc(-c3cccc(NC(=O)Nc4cccc(-c5cccc(-c6n[nH]c(=S)o6)c5)c4)c3)c2)nc2ccccc21,-10.5,3.025330481152692,46_115
Cn1c(-c2cccc(-c3cccc(NC(=O)Nc4cccc(-c5ccc6c(c5)OCCO6)c4)c3)c2)nc2ccccc21,-9.2,3.2792182262248284,46_116
O=C(Nc1cccc(-c2cccc(-c3cccc(C(F)(F)F)c3)c2)c1)Nc1cccc(-c2cccc(F)c2F)c1,-9.623,2.963519940967514,46_117
O=C(Nc1cccc(-c2cccc(C(=O)N3CCOCC3)c2)c1)Nc1cccc(-c2cccc(F)c2F)c1,-9.6,3.5133545427940325,46_118
Cn1c(-c2cccc(-c3cccc(NC(=O)Nc4cccc(-c5cccc(C(=O)N6CCOCC6)c5)c4)c3)c2)nc2ccccc21,-9.555696202531646,3.2756851861708367,46_119
O=C(Nc1cccc(-c2cccc(-c3cccc(-c4cccc(F)c4)c3)c2)c1)N1CCNCC1,-9.341935483870968,3.470002651546907,46_120
Cn1c(-c2cccc(-c3cccc(NC(=O)Nc4ccc5nc(-c6ccco6)c(-c6ccco6)nc5c4)c3)c2)nc2ccccc21,-8.4,3.0746325462515425,46_121
O=C(Nc1cccc(-c2cccc(F)c2F)c1)Nc1cccc(-c2cccc(-c3nc4cc(F)ccc4[nH]3)c2F)c1,-9.956617647058822,3.128615257744718,46_122
O=C(Nc1cccc(-c2cccc(-c3nc4cc(F)ccc4[nH]3)c2)c1)Nc1cccc(-c2cccc(F)c2F)c1,-9.665151515151516,3.1875244530828533,46_123
O=C(Nc1cccc(-c2cccc(-c3cccc(-c4cccc(F)c4)c3)c2)c1)N1CCNCC1,-9.341935483870968,3.470002651546907,46_124
O=C(Nc1cccc(-c2cccc(-c3nc4cc(F)ccc4[nH]3)c2)c1)Nc1cccc(-c2cccc(F)c2F)c1,-9.665151515151516,3.1875244530828533,46_125
O=C(Nc1cccc(-c2cccc(-c3nc4ccccc4[nH]3)c2)c1)Nc1cccc(-c2cccc(F)c2F)c1,-9.946206896551724,3.218592063451191,46_126
O=C(Nc1cccc(-c2cccc(-c3nc4ccccc4[nH]3)c2)c1)Nc1cccc(-c2cccc(F)c2F)c1,-9.946206896551724,3.218592063451191,46_127
O=C(Nc1cccc(-c2cccc(F)c2F)c1)Nc1cccc(-c2cccc(-c3nc4cc(F)ccc4[nH]3)c2F)c1,-9.956617647058822,3.128615257744718,46_128
O=C(Cn1c(=O)n(-c2cccc3ccccc23)c2ccccc21)Nc1cccc(-c2cccc(F)c2F)c1,-8.5,3.3792734555032613,46_129
O=C(Nc1cccc(-c2cccc(-c3cccc(-c4cccc(-c5nn[nH]n5)c4)c3)c2)c1)Nc1cccc(C(F)(F)F)c1,-9.4,3.1265924527414786,46_130
O=C(Nc1cccc(-c2cccc(-c3nc4cc(F)ccc4[nH]3)c2)c1)Nc1cccc(-c2cccc(F)c2F)c1,-9.665151515151516,3.1875244530828533,46_131
Cn1c(-c2cccc(-c3cccc(NC(=O)Nc4cccc(-c5cccc(C(=O)N6CCOCC6)c5)c4)c3)c2)nc2ccccc21,-9.555696202531646,3.2756851861708367,46_132
O=C(Nc1cccc(-c2cccc(-c3nc4cc(F)ccc4[nH]3)c2)c1)Nc1cccc(-c2cccc(F)c2F)c1,-9.665151515151516,3.1875244530828533,46_133
O=C(Nc1cccc(-c2cccc(-c3nc4ccccc4[nH]3)c2)c1)Nc1cccc(-c2cccc(F)c2F)c1,-9.946206896551724,3.218592063451191,46_134
O=C(Nc1cccc(-c2cccc(-c3nc4cc(F)ccc4[nH]3)c2)c1)Nc1cccc(-c2cccc(F)c2F)c1,-9.665151515151516,3.1875244530828533,46_135
O=C(Nc1cccc(-c2cccc(-c3cccc(-c4cccc(F)c4)c3)c2)c1)N1CCNCC1,-9.341935483870968,3.470002651546907,46_136
O=C(c1cccc(-c2cccc(C(=O)N3CCN(c4cccc(C(F)(F)F)c4)CC3)c2)c1)N1CCOCC1,-8.5,3.5675074243249583,46_137
O=C(Nc1cccc(-c2cccc(-c3cccc(-c4cccc(-c5ccccc5F)c4)c3)c2)c1)N1CCNCC1,-9.1,3.2136094644710154,46_138
O=Cc1c(-c2ccccc2)nc2ccccc2c1-c1cccc(-c2cccc(-c3cccc4ccccc34)c2)c1,-8.8,2.9906802735152445,46_139
Cn1c(-c2cccc(-c3cccc(NC(=O)Nc4cccc(-c5cccc(C(=O)N6CCOCC6)c5)c4)c3)c2)nc2ccccc21,-9.555696202531646,3.2756851861708367,46_140
O=C(c1cccc(-c2cccc(C(=O)N3CCN(c4ccccc4C(F)(F)F)CC3)c2)c1)N1CCOCC1,-8.6,3.5675074243249583,46_141
O=C(Nc1cccc(-c2cccc(-c3nc4cc(F)ccc4[nH]3)c2)c1)Nc1cccc(-c2cccc(F)c2F)c1,-9.665151515151516,3.1875244530828533,46_142
O=C(Nc1cccc(-c2cccc(-c3nc4ccccc4[nH]3)c2)c1)Nc1cccc(-c2cccc(F)c2F)c1,-9.946206896551724,3.218592063451191,46_143
O=C(Nc1ccccc1F)c1cccc(-c2cccc(-c3cccc(-c4cccc(-c5ccccc5F)c4)c3)c2)c1,-9.9,3.0300865589362544,46_144
O=C(Nc1cccc(-c2cccc(-c3cccc(C(F)(F)F)c3)c2)c1)Nc1cccc(-c2cccc(F)c2F)c1,-9.623,2.963519940967514,46_145
Cn1c(-c2cccc(-c3cccc(NC(=O)Nc4cccc(-c5cccc(F)c5F)c4)c3)c2)nc2ccccc21,-9.897260273972602,3.216920496534968,46_146
Cn1c(-c2cccc(-c3cccc(NC(=O)Nc4cccc(-c5ccccc5F)c4)c3)c2)nc2ccccc21,-9.76,3.211589862292562,46_147
O=C(Nc1cccc(-c2cccc(-c3cccc(C(F)(F)F)c3)c2)c1)Nc1cccc(-c2cccc(F)c2F)c1,-9.623,2.963519940967514,46_148
O=C(Nc1cccc(-c2cccc(-c3cccc(-c4ccccc4F)c3)c2)c1)N1CCNCC1,-9.35886075949367,3.470002651546907,46_149
Cn1c(-c2cccc(-c3cccc(NC(=O)Nc4cccc(-c5cccc(F)c5F)c4)c3)c2)nc2ccccc21,-9.897260273972602,3.216920496534968,46_150
O=C(Nc1cccc(-c2cccc(-c3cccc(C(=O)N4CCOCC4)c3)c2)c1)N1CCNCC1,-9.00263157894737,3.6199094052700564,46_151
Cn1c(-c2cccc(-c3cccc(-c4cccc(C(=O)N5CCNCC5)n4)c3)c2)nc2ccccc21,-9.1,3.5283095141381873,46_152
Cn1c(-c2cccc(-c3cccc(NC(=O)Nc4cccc(-c5cccc(-c6cccc(F)c6)c5)c4)c3)c2)nc2ccccc21,-9.885106382978723,3.0539916384657317,46_153
Cn1c(-c2cccc(-c3cccc(NC(=O)Nc4cccc(-c5cccc(-c6cccc(F)c6)c5)c4)c3)c2)nc2ccccc21,-9.885106382978723,3.0539916384657317,46_154
Cc1cc(N)cc(-c2cccc(-c3cccc(-c4cccc(-c5nn[nH]n5)c4)c3)c2)c1,-9.0,3.379474711057075,46_155
O=C(Nc1nc2ccccc2[nH]1)c1cccc(-c2cccc(-c3cccc(-c4nc5cc(F)ccc5[nH]4)c3)c2)c1,-9.6,3.2745475092950542,46_156
Cn1c(-c2cccc(-c3cccc(NC(=O)Nc4cccc(-c5cccc(-c6cccc(F)c6)c5)c4)c3)c2)nc2ccccc21,-9.885106382978723,3.0539916384657317,46_157
O=C(Nc1cccc(-c2cccc(-c3nc4ccccc4[nH]3)c2)c1)Nc1cccc(-c2cccc(F)c2F)c1,-9.946206896551724,3.218592063451191,46_158
Fc1ccccc1-c1cccc(-c2cc3cnc(Nc4cccc(C(F)(F)F)c4)cc3[nH]2)c1,-8.5,3.233635798204257,46_159
O=C(Nc1cccc(-c2cccc(-c3nc4cc(F)ccc4[nH]3)c2)c1)Nc1cccc(-c2cccc(F)c2F)c1,-9.665151515151516,3.1875244530828533,46_160
O=C(Nc1cccc(-c2cccc(F)c2F)c1)Nc1cccc(-c2cccc(-c3nc4cc(F)ccc4[nH]3)c2F)c1,-9.956617647058822,3.128615257744718,46_161
O=C(Nc1cccc(-c2cccc(-c3nc4cc(F)ccc4[nH]3)c2)c1)Nc1cccc(-c2cccc(F)c2F)c1,-9.665151515151516,3.1875244530828533,46_162
O=C(c1cccc(-c2cccc(-c3cccc(-c4cccc(F)c4)c3)c2)c1)N1CCNCC1,-9.308333333333332,3.508189933556279,46_163
O=C(Nc1cccc(-c2cccc(-c3cccc(C(F)(F)F)c3)c2)c1)Nc1cccc(-c2cccc(F)c2F)c1,-9.623,2.963519940967514,46_164
O=C(Nc1cccc(-c2cccc(-c3nc4cc(F)ccc4[nH]3)c2)c1)Nc1cccc(-c2cccc(F)c2F)c1,-9.665151515151516,3.1875244530828533,46_165
Cn1c(-c2cccc(-c3cccc(NC(=O)Nc4cccc(-c5cccc(F)c5F)c4)c3)c2)nc2ccccc21,-9.897260273972602,3.216920496534968,46_166
O=C(Nc1cccc(-c2cccc(-c3cccc(-c4nc5cc(F)ccc5[nH]4)c3F)c2)c1)N1CCNCC1,-9.05,3.3431687582788054,46_167
O=C(c1cccc(-c2cccc(-c3cccc(-c4ccccc4F)c3)c2)c1)N1CCNCC1,-9.41111111111111,3.508189933556279,46_168
Cn1c(-c2cccc(-c3cccc(NC(=O)Nc4cccc(-c5cccc(C(=O)N6CCOCC6)c5)c4)c3)c2)nc2ccccc21,-9.555696202531646,3.2756851861708367,46_169
O=C(c1cccc(-c2cccc(-c3ccc4c(c3)OCO4)c2)c1)N1CCN(C(=O)c2ccc(F)cc2F)CC1,-9.6,3.4645763407894306,46_170
Cn1c(-c2cccc(-c3cccc(NC(=O)Nc4cccc(-c5cccc(-c6cccc(F)c6)c5)c4)c3)c2)nc2ccccc21,-9.885106382978723,3.0539916384657317,46_171
O=C(Nc1cccc(-c2cccc(-c3nc4ccccc4[nH]3)c2)c1)Nc1cccc(-c2cccc(F)c2F)c1,-9.946206896551724,3.218592063451191,46_172
O=C(Nc1cccc(-c2cccc(-c3nc4ccccc4[nH]3)c2)c1)Nc1cccc(-c2cccc(F)c2F)c1,-9.946206896551724,3.218592063451191,46_173
Cn1c(-c2cccc(-c3cccc(NC(=O)Nc4cccc(-c5cccc(F)c5F)c4)c3)c2)nc2ccccc21,-9.897260273972602,3.216920496534968,46_174
O=C(c1cccc(-c2cccc(C(=O)N3CCN(c4cccc(C(F)(F)F)c4)CC3)c2)c1)N1CCOCC1,-8.5,3.5675074243249583,46_175
Cn1c(-c2cccc(-c3cccc(NC(=O)Nc4cccc(-c5cccc(F)c5F)c4)c3)c2)nc2ccccc21,-9.897260273972602,3.216920496534968,46_176
O=C(Nc1cccc(-c2cccc(-c3nc4cc(F)ccc4[nH]3)c2)c1)Nc1cccc(-c2cccc(F)c2F)c1,-9.665151515151516,3.1875244530828533,46_177
O=C(Nc1cccc(-c2cccc(-c3nc4cc(F)ccc4[nH]3)c2)c1)Nc1cccc(-c2cccc(F)c2F)c1,-9.665151515151516,3.1875244530828533,46_178
Cn1c(-c2cccc(-c3cccc(NC(=O)Nc4cccc(-c5cccc(F)c5F)c4)c3)c2)nc2ccccc21,-9.897260273972602,3.216920496534968,46_179
O=C(c1cccc(-c2cccc(-c3cccc(-c4ccccc4F)c3)c2)c1)N1CCNCC1,-9.41111111111111,3.508189933556279,46_180
Cc1ccc(-c2cccc(-c3cccc(C(=O)N4CCOCC4)c3)c2)cc1,-8.2,3.5314634933608366,46_181
O=C(Nc1cccc(-c2cccc(-c3nc4ccccc4[nH]3)c2)c1)Nc1cccc(-c2cccc(F)c2F)c1,-9.946206896551724,3.218592063451191,46_182
Cn1c(-c2cccc(-c3cccc(NC(=O)Nc4cccc(-c5cccc(F)c5F)c4)c3)c2)nc2ccccc21,-9.897260273972602,3.216920496534968,46_183
O=C(Nc1cccc(-c2cccc(-c3nc4cc(F)ccc4[nH]3)c2)c1)Nc1cccc(-c2cccc(F)c2F)c1,-9.665151515151516,3.1875244530828533,46_184
O=C(c1cccc(-c2cccc(-c3cccc(-c4cccc(F)c4)c3)c2)c1)N1CCNCC1,-9.308333333333332,3.508189933556279,46_185
O=C(c1cccc(-c2cccc(-c3cccc4ccccc34)c2)c1)N1CCN(C(=O)c2cccc(F)c2F)CC1,-9.5,3.2507959847575894,46_186
O=C(Nc1cccc(-c2cccc(-c3cccc(-c4cccc(F)c4)c3)c2)c1)N1CCNCC1,-9.341935483870968,3.470002651546907,46_187
Cn1c(-c2cccc(-c3cccc(NC(=O)Nc4cccc(-c5cccc(F)c5F)c4)c3)c2)nc2ccccc21,-9.897260273972602,3.216920496534968,46_188
O=C(Nc1cccc(-c2cccc(-c3nc4ccccc4[nH]3)c2)c1)Nc1cccc(-c2cccc(F)c2F)c1,-9.946206896551724,3.218592063451191,46_189
O=C(Nc1cccc(-c2cccc(-c3cccc(-c4ccccc4F)c3)c2)c1)N1CCNCC1,-9.35886075949367,3.470002651546907,46_190
O=C(Nc1cccc(-c2cccc(-c3nc4cc(F)ccc4[nH]3)c2)c1)Nc1cccc(-c2cccc(F)c2F)c1,-9.665151515151516,3.1875244530828533,46_191
O=C(Nc1cccc(-c2cccc(-c3cccc(-c4nn[nH]n4)c3)c2)c1)Nc1cccc(-c2cccc(F)c2F)c1,-9.606122448979592,3.286971097546113,46_192
Cn1c(-c2cccc(-c3cccc(NC(=O)Nc4cccc(-c5cccc(F)c5F)c4)c3)c2)nc2ccccc21,-9.897260273972602,3.216920496534968,46_193
O=C(Nc1cccc(-c2cccc(-c3cccc(-c4ccccc4F)c3)c2)c1)N1CCNCC1,-9.35886075949367,3.470002651546907,46_194
O=C(Nc1cccc(-c2cccc(-c3nc4cc(F)ccc4[nH]3)c2)c1)Nc1cccc(-c2cccc(F)c2F)c1,-9.665151515151516,3.1875244530828533,46_195
O=C(c1cccc(-c2cccc(-c3cccc4ccccc34)c2)c1)N1CCN(C(=O)c2ccco2)CC1,-8.6,3.3721000426351635,46_196
Cn1c(-c2cccc(-c3cccc(NC(=O)Nc4cccc(-c5cccc(C(=O)N6CCOCC6)c5)c4)c3)c2)nc2ccccc21,-9.555696202531646,3.2756851861708367,46_197
O=C(c1cccc(-c2cccc(-c3ccc4c(c3)OCO4)c2)c1)N1CCN(C(=O)c2cccc(F)c2F)CC1,-9.566666666666666,3.4645763407894306,46_198
Cn1c(-c2cccc(-c3cccc(NC(=O)Nc4cccc(-c5cccc(F)c5F)c4)c3)c2)nc2ccccc21,-9.897260273972602,3.216920496534968,46_199
Cn1c(-c2cccc(-c3cccc(NC(=O)Nc4cccc(-c5cccc(F)c5F)c4)c3)c2)nc2ccccc21,-9.897260273972602,3.216920496534968,46_200
O=C(Nc1cccc(-c2cccc(-c3nc4cc(F)ccc4[nH]3)c2)c1)Nc1cccc(-c2cccc(F)c2F)c1,-9.665151515151516,3.1875244530828533,46_201
O=C(Nc1cccc(-c2cccc(-c3cccc(C(=O)N4CCOCC4)c3)c2)c1)N1CCNCC1,-9.00263157894737,3.6199094052700564,46_202
Cn1c(-c2cccc(-c3cccc(NC(=O)Nc4cccc(-c5cccc(-c6ncccc6C#N)c5)c4)c3)c2)nc2ccccc21,-8.916666666666666,3.0906607506690618,46_203
O=C(Nc1cccc(-c2cccc(-c3nc4ccccc4[nH]3)c2)c1)Nc1cccc(-c2cccc(F)c2F)c1,-9.946206896551724,3.218592063451191,46_204
O=C(c1cccc(-c2cccc(-c3cccc(C(=O)N4CCOCC4)c3)c2)c1)N1CCNCC1,-8.911111111111111,3.649506152725788,46_205
Cn1c(-c2cccc(-c3cccc(NC(=O)Nc4cccc(-c5cccc(C(=O)N6CCOCC6)c5)c4)c3)c2)nc2ccccc21,-9.555696202531646,3.2756851861708367,46_206
Cn1c(-c2cccc(-c3cccc(NC(=O)Nc4cccc(-c5cccc(C(=O)N6CCOCC6)c5)c4)c3)c2)nc2ccccc21,-9.555696202531646,3.2756851861708367,46_207
O=C(Nc1cccc(-c2cccc(-c3cccc(-c4cccc(F)c4)c3)c2)c1)N1CCNCC1,-9.341935483870968,3.470002651546907,46_208
O=C(Nc1cccc(-c2cccc(-c3nc4ccccc4[nH]3)c2)c1)Nc1cccc(-c2cccc(F)c2F)c1,-9.946206896551724,3.218592063451191,46_209
Cn1c(-c2cccc(-c3cccc(NC(=O)Nc4cccc(-c5cccc(F)c5F)c4)c3)c2)nc2ccccc21,-9.897260273972602,3.216920496534968,46_210
O=C(Nc1cccc(-c2cccc(-c3nc4ccccc4[nH]3)c2)c1)Nc1cccc(-c2cccc(F)c2F)c1,-9.946206896551724,3.218592063451191,46_211
O=C(Nc1cccc(-c2cccc(-c3nc4cc(F)ccc4[nH]3)c2)c1)Nc1cccc(-c2cccc(F)c2F)c1,-9.665151515151516,3.1875244530828533,46_212
Cn1c(-c2cccc(-c3cccc(NC(=O)Nc4cccc(-c5cccc(F)c5F)c4)c3)c2)nc2ccccc21,-9.897260273972602,3.216920496534968,46_213
O=C(c1cccc(-c2cccc(-c3cccc(-c4nn[nH]n4)c3)c2)c1)N1CCNCC1,-8.907692307692306,3.6709921779215158,46_214
O=C(Nc1cccc(-c2cccc(-c3nc4ccccc4[nH]3)c2)c1)Nc1cccc(-c2cccc(F)c2F)c1,-9.946206896551724,3.218592063451191,46_215
O=C(Nc1cccc(-c2cccc(-c3cccc(-c4ccccc4F)c3)c2)c1)N1CCNCC1,-9.35886075949367,3.470002651546907,46_216
O=C(O)c1cc(-c2ccccc2)nc(Nc2ccc3c(c2)OCO3)n1,-7.6,3.726746314578873,46_217
O=C(c1cccc(-c2cccc(-c3cccc(-c4nn[nH]n4)c3)c2)c1)N1CCNCC1,-8.907692307692306,3.6709921779215158,46_218
O=C(Nc1cccc(-c2cccc(-c3nc4ccccc4[nH]3)c2)c1)Nc1cccc(-c2cccc(F)c2F)c1,-9.946206896551724,3.218592063451191,46_219
Cn1ccccccnc1-c1cccc(-c2cccc(NC(=O)Nc3cccc(-c4cccc(-c5ncccc5C#N)c4)c3)c2)c1,-8.9,0.9080661931864755,46_220
O=C(Nc1cccc(-c2cccc(-c3nc4cc(F)ccc4[nH]3)c2)c1)Nc1cccc(-c2cccc(F)c2F)c1,-9.665151515151516,3.1875244530828533,46_221
Cn1c(-c2cccc(-c3cccc(NC(=O)Nc4cccc(-c5cccc(F)c5F)c4)c3)c2)nc2ccccc21,-9.897260273972602,3.216920496534968,46_222
O=C(Nc1cccc(-c2cccc(-c3nc4cc(F)ccc4[nH]3)c2)c1)Nc1cccc(-c2cccc(F)c2F)c1,-9.665151515151516,3.1875244530828533,46_223
O=C(Nc1cccc(-c2cccc(-c3nc4ccccc4[nH]3)c2)c1)Nc1cccc(-c2cccc(F)c2F)c1,-9.946206896551724,3.218592063451191,46_224
O=C(Nc1cccc(-c2cccc(-c3nc4ccccc4[nH]3)c2)c1)Nc1cccc(-c2cccc(F)c2F)c1,-9.946206896551724,3.218592063451191,46_225
O=C(Nc1cccc(-c2cccc(F)c2F)c1)Nc1cccc(-c2cccc(-c3nc4cc(F)ccc4[nH]3)c2F)c1,-9.956617647058822,3.128615257744718,46_226
O=C(c1cccc(-c2cccc(-c3ccc4c(c3)OCO4)c2)c1)N1CCN(c2ccccc2F)CC1,-8.4,3.461047798442075,46_227
O=C(Nc1cccc(-c2cccc(-c3cccc(-c4nn[nH]n4)c3)c2)c1)Nc1cccc(-c2cccc(F)c2F)c1,-9.606122448979592,3.286971097546113,46_228
O=C(c1cc(-c2cccc(C(F)(F)F)c2)c2ccccn12)N1CCN(C(c2ccccc2)c2ccc3c(c2)OCCO3)CC1,-7.9,3.226848046786085,46_229
O=C(Nc1cccc(-c2cccc(F)c2F)c1)Nc1cccc(-c2cccc(-c3nc4cc(F)ccc4[nH]3)c2F)c1,-9.956617647058822,3.128615257744718,46_230
O=C(Nc1cccc(-c2cccc(-c3cccc(-c4nn[nH]n4)c3)c2)c1)Nc1cccc(-c2cccc(F)c2F)c1,-9.606122448979592,3.286971097546113,46_231
O=C(c1cccc(-c2cccc(-c3cccc(-c4cccc(F)c4)c3)c2)c1)N1CCNCC1,-9.308333333333332,3.508189933556279,46_232
O=C(Nc1cccc(-c2cccc(-c3nc4cc(F)ccc4[nH]3)c2)c1)Nc1cccc(-c2cccc(F)c2F)c1,-9.665151515151516,3.1875244530828533,46_233
O=C(Nc1cccc2ccccc12)c1cccc(-c2cccc(-c3cccc(-c4cccc(C(F)(F)F)c4)c3)c2)c1,-9.9,2.9628017869313688,46_234
O=C(Nc1cccc(-c2cccc(-c3nc4cc(F)ccc4[nH]3)c2)c1)Nc1cccc(-c2cccc(F)c2F)c1,-9.665151515151516,3.1875244530828533,46_235
O=C(Nc1cccc(-c2cccc(-c3nc4cc(F)ccc4[nH]3)c2)c1)Nc1cccc(-c2cccc(F)c2F)c1,-9.665151515151516,3.1875244530828533,46_236
O=C(Nc1cccc(-c2cccc(-c3cccc(-c4ccccc4F)c3)c2)c1)N1CCNCC1,-9.35886075949367,3.470002651546907,46_237
Cn1c(-c2cccc(-c3cccc(NC(=O)Nc4cccc(-c5ccc6c(c5)OCO6)c4)c3)c2)nc2ccccc21,-9.933333333333334,3.3030357053717445,46_238
O=C(Nc1cccc(-c2cccc(-c3cccc(C(F)(F)F)c3)c2)c1)Nc1cccc(-c2cccc(F)c2F)c1,-9.623,2.963519940967514,46_239
CC(=CC=CC=NC=O)c1cccc(-c2nc3ccccc3[nH]2)c1,-6.8,3.503361940537142,46_240
O=C(Nc1cccc(-c2cccc(F)c2F)c1)Nc1cccc(-c2cccc(-c3nc4cc(F)ccc4[nH]3)c2F)c1,-9.956617647058822,3.128615257744718,46_241
Cn1c(-c2cccc(-c3cccc(NC(=O)Nc4cccc(-c5cccc(C(=O)N6CCOCC6)c5)c4)c3)c2)nc2ccccc21,-9.555696202531646,3.2756851861708367,46_242
O=C(c1cccc(-c2cccc(-c3cccc(C(F)(F)F)c3)c2)c1)N1CCNCC1,-8.566666666666666,3.642566566269835,46_243
O=C(Nc1cccc(-c2cccc(-c3nc4cc(F)ccc4[nH]3)c2)c1)Nc1cccc(-c2cccc(F)c2F)c1,-9.665151515151516,3.1875244530828533,46_244
O=C(Nc1cccc(-c2cccc(-c3nc4ccccc4[nH]3)c2)c1)Nc1cccc(-c2cccc(F)c2F)c1,-9.946206896551724,3.218592063451191,46_245
Cn1c(-c2cccc(-c3cccc(NC(=O)Nc4cccc(-c5cccc(C(=O)N6CCOCC6)c5)c4)c3)c2)nc2ccccc21,-9.555696202531646,3.2756851861708367,46_246
O=C(Nc1cccc(-c2cccc(-c3cccc(-c4cccc(F)c4)c3)c2)c1)N1CCNCC1,-9.341935483870968,3.470002651546907,46_247
O=C(Nc1cccc(-c2cccc(-c3nc4cc(F)ccc4[nH]3)c2)c1)Nc1cccc(-c2cccc(F)c2F)c1,-9.665151515151516,3.1875244530828533,46_248
O=C(Nc1cccc(-c2cccc(-c3nc4ccccc4[nH]3)c2)c1)Nc1cccc(-c2cccc(F)c2F)c1,-9.946206896551724,3.218592063451191,46_249
CCn1cc(-c2cccc(-c3cccc(-c4nc5ccccc5n4C)c3)c2)nn1,-7.9,3.5333928116505144,46_250
O=C(Nc1cccc(-c2cccc(-c3cccc(-c4cccc(F)c4)c3)c2)c1)N1CCNCC1,-9.341935483870968,3.470002651546907,46_251
N#Cc1cccnc1-c1cccc(-c2cccc(-c3cccc(-c4cccc(N=C(N)Nc5ccccc5F)c4)c3)c2)c1,-9.4,3.11778488795107,46_252
O=C(Nc1cccc(-c2cccc(-c3cccc(C(=O)N4CCOCC4)c3)c2)c1)N1CCNCC1,-9.00263157894737,3.6199094052700564,46_253
O=C(Nc1cccc(-c2cccc(-c3nc4ccccc4[nH]3)c2)c1)Nc1cccc(-c2cccc(F)c2F)c1,-9.946206896551724,3.218592063451191,46_254
O=C(Nc1cccc(-c2cccc(-c3nc4cc(F)ccc4[nH]3)c2)c1)Nc1cccc(-c2cccc(F)c2F)c1,-9.665151515151516,3.1875244530828533,46_255
O=c1ccccc(-c2cccc(-c3cccc(-c4cccc(-c5nc6ccccc6[nH]5)c4)c3)c2)cc2c(-c3cccc(-c4nn[nH]n4)c3)cccc2[nH]1,-9.6,0.8338606950409142,46_256
Cn1c(-c2cccc(-c3cccc(NC(=O)Nc4cccc(-c5cccc(N6CCCC6)n5)c4)c3)c2)nc2ccccc21,-9.9,3.2672563826300873,46_257
Cn1c(-c2cccc(-c3cccc(NC(=O)Nc4cccc(-c5cccc(-c6cccc(F)c6)c5)c4)c3)c2)nc2ccccc21,-9.885106382978723,3.0539916384657317,46_258
O=C(Nc1cccc(-c2cccc(-c3cccc(-c4nn[nH]n4)c3)c2)c1)Nc1cccc(-c2cccc(F)c2F)c1,-9.606122448979592,3.286971097546113,46_259
Cn1c(-c2cccc(-c3cccc(NC(=O)Nc4cccc(-c5cccc(F)c5F)c4)c3)c2)nc2ccccc21,-9.897260273972602,3.216920496534968,46_260
O=C(Nc1cccc(-c2cccc(-c3cccc(-c4ccccc4F)c3)c2)c1)N1CCNCC1,-9.35886075949367,3.470002651546907,46_261
Cn1c(-c2cccc(-c3cccc(NC(=O)Nc4cccc(-c5cccc(-c6cccc(F)c6)c5)c4)c3)c2)nc2ccccc21,-9.885106382978723,3.0539916384657317,46_262
O=C(Nc1cccc(-c2cccc(-c3cccc(C(F)(F)F)c3)c2)c1)Nc1cccc(-c2cccc(F)c2F)c1,-9.623,2.963519940967514,46_263
O=C(Nc1cccc(-c2cccc(F)c2F)c1)Nc1cccc(-c2cccc(-c3nc4cc(F)ccc4[nH]3)c2F)c1,-9.956617647058822,3.128615257744718,46_264
O=C(Nc1cccc(-c2cccc(-c3nc4ccccc4[nH]3)c2)c1)Nc1cccc(-c2cccc(F)c2F)c1,-9.946206896551724,3.218592063451191,46_265
Cn1c(-c2cccc(-c3cccc(NC(=O)Nc4cccc(-c5cccc(F)c5F)c4)c3)c2)nc2ccccc21,-9.897260273972602,3.216920496534968,46_266
Cn1c(-c2cccc(-c3cccc(NC(=O)Nc4cccc(-c5cccc(-c6cccc(F)c6)c5)c4)c3)c2)nc2ccccc21,-9.885106382978723,3.0539916384657317,46_267
Cn1c(-c2cccc(-c3cccc(NC(=O)Nc4cccc(-c5cccc(F)c5F)c4)c3)c2)nc2ccccc21,-9.897260273972602,3.216920496534968,46_268
Cn1c(-c2cccc(-c3cccc(NC(=O)Nc4cccc(-c5cccc(-c6cccc(F)c6)c5)c4)c3)c2)nc2ccccc21,-9.885106382978723,3.0539916384657317,46_269
O=C(Nc1cccc(-c2cccc(-c3cccc(-c4ccccc4F)c3)c2)c1)N1CCNCC1,-9.35886075949367,3.470002651546907,46_270
O=C(c1cccc(-c2cccc(-c3cccc4ccccc34)c2)c1)N1CCN(C(=O)c2cccc(Cl)c2Cl)CC1,-9.1,3.187182511071577,46_271
O=C(Nc1cccc(-c2cccc(-c3nc4cc(F)ccc4[nH]3)c2)c1)Nc1cccc(-c2cccc(F)c2F)c1,-9.665151515151516,3.1875244530828533,46_272
O=C(O)c1cccc(-c2cccc(-c3cccc(-c4cccc(-c5ccccc5F)c4)c3)c2)c1,-9.5,3.2132483578418483,46_273
O=C(Nc1cccc(-c2cccc(-c3cccc(-c4ccccc4F)c3)c2)c1)N1CCNCC1,-9.35886075949367,3.470002651546907,46_274
O=C(Nc1cccc(-c2cccc(-c3cccc(C(F)(F)F)c3)c2)c1)Nc1cccc(-c2cccc(F)c2F)c1,-9.623,2.963519940967514,46_275
O=C(Nc1cccc(-c2cccc(F)c2F)c1)Nc1cccc(-c2cccc(-c3nc4cc(F)ccc4[nH]3)c2F)c1,-9.956617647058822,3.128615257744718,46_276
O=C(Nc1cccc(-c2cccc(-c3nc4ccccc4[nH]3)c2)c1)Nc1cccc(-c2cccc(F)c2F)c1,-9.946206896551724,3.218592063451191,46_277
O=C(Nc1cccc(-c2cccc(-c3nc4cc(F)ccc4[nH]3)c2)c1)Nc1cccc(-c2cccc(F)c2F)c1,-9.665151515151516,3.1875244530828533,46_278
O=C(c1cccc(-c2cccc(-c3cccc(-c4ccccc4F)c3)c2)c1)N1CCNCC1,-9.41111111111111,3.508189933556279,46_279
O=C(Nc1cccc(-c2cccc(-c3cccc(-c4nc5ccccc5[nH]4)c3)c2)c1)N1CCNCC1,-9.316666666666666,3.368308336165232,46_280
O=C(Nc1cccc(-c2cccc(-c3cccc(C(F)(F)F)c3)c2)c1)Nc1cccc(-c2cccc(F)c2F)c1,-9.623,2.963519940967514,46_281
O=C(Nc1cccc(-c2cccc(F)c2F)c1)Nc1cccc(-c2cccc(-c3nc4cc(F)ccc4[nH]3)c2F)c1,-9.956617647058822,3.128615257744718,46_282
O=C(Nc1cccc(-c2cccc(-c3cccc(C(F)(F)F)c3)c2)c1)Nc1cccc(-c2cccc(F)c2F)c1,-9.623,2.963519940967514,46_283
O=C(Nc1cccc(-c2cccc(-c3cccc(-c4nn[nH]n4)c3)c2)c1)Nc1cccc(-c2cccc(F)c2F)c1,-9.606122448979592,3.286971097546113,46_284
Cn1c(-c2cccc(-c3cccc(NC(=O)Nc4cccc(-c5cccc(-c6cccc(F)c6)c5)c4)c3)c2)nc2ccccc21,-9.885106382978723,3.0539916384657317,46_285
O=C(Nc1cccc(-c2cccc(-c3cccc(-c4cccc(F)c4)c3)c2)c1)N1CCNCC1,-9.341935483870968,3.470002651546907,46_286
N#Cc1cccnc1-c1cccc(-c2cccc(NC(=O)Nc3cccc(-c4cccc(F)c4F)c3)c2)c1,-9.66,3.3763915698637668,46_287
O=C(Nc1cccc(-c2cccc(-c3cccc(-c4nn[nH]n4)c3)c2)c1)Nc1cccc(-c2cccc(F)c2F)c1,-9.606122448979592,3.286971097546113,46_288
O=C(Nc1cccc(-c2cccc(-c3nc4cc(F)ccc4[nH]3)c2)c1)Nc1cccc(-c2cccc(F)c2F)c1,-9.665151515151516,3.1875244530828533,46_289
Cn1c(-c2cccc(-c3cccc(NC(=O)Nc4cccc(-c5cccc(C(=O)N6CCOCC6)c5)c4)c3)c2)nc2ccccc21,-9.555696202531646,3.2756851861708367,46_290
O=C(Nc1cccc(-c2cccc(-c3cccc(-c4cccc(-c5nn[nH]n5)c4)c3)c2)c1)Nc1cccc2ccccc12,-10.0,3.18148989886296,46_291
O=C(Nc1cccc(-c2cccc(-c3cccc(-c4cccc(F)c4)c3)c2)c1)N1CCNCC1,-9.341935483870968,3.470002651546907,46_292
O=C(Nc1cccc(-c2cccc(-c3nc4ccccc4[nH]3)c2)c1)Nc1cccc(-c2cccc(F)c2F)c1,-9.946206896551724,3.218592063451191,46_293
O=C(Nc1cccc(-c2cccc(-c3nc4ccccc4[nH]3)c2)c1)Nc1cccc(-c2cccc(F)c2F)c1,-9.946206896551724,3.218592063451191,46_294
Cn1c(-c2cccc(-c3cccc(NC(=O)Nc4cccc(-c5cccc(F)c5F)c4)c3)c2)nc2ccccc21,-9.897260273972602,3.216920496534968,46_295
Cn1c(-c2cccc(-c3cccc(NC(=O)Nc4cccc(-c5cccc(F)c5F)c4)c3)c2)nc2ccccc21,-9.897260273972602,3.216920496534968,46_296
O=C(Nc1cccc(-c2cccc(-c3nc4cc(F)ccc4[nH]3)c2)c1)Nc1cccc(-c2cccc(F)c2F)c1,-9.665151515151516,3.1875244530828533,46_297
O=C(Nc1cccc(-c2cccc(-c3cccc(-c4cccc(F)c4)c3)c2)c1)N1CCNCC1,-9.341935483870968,3.470002651546907,46_298
O=C(Nc1cccc(-c2cccc(F)c2F)c1)Nc1cccc(-c2cccc(-c3nc4cc(F)ccc4[nH]3)c2F)c1,-9.956617647058822,3.128615257744718,46_299
O=C(Nc1cccc(-c2cccc(-c3cccc(-c4ccccc4F)c3)c2)c1)N1CCNCC1,-9.35886075949367,3.470002651546907,46_300
O=C(Nc1cccc(-c2cccc(-c3cccc(-c4ccccc4F)c3)c2)c1)N1CCNCC1,-9.35886075949367,3.470002651546907,46_301
O=C(Nc1cccc(-c2cccc(-c3nc4ccccc4[nH]3)c2)c1)Nc1cccc(-c2cccc(F)c2F)c1,-9.946206896551724,3.218592063451191,46_302
O=C(Nc1cccc(-c2cccc(-c3cccc(-c4ccccc4F)c3)c2)c1)N1CCNCC1,-9.35886075949367,3.470002651546907,46_303
O=C(Nc1cccc(-c2cccc(-c3nc4ccccc4[nH]3)c2)c1)Nc1cccc(-c2cccc(F)c2F)c1,-9.946206896551724,3.218592063451191,46_304
Cn1c(-c2cccc(-c3cccc(NC(=O)Nc4cccc(-c5cccc(F)c5F)c4)c3)c2)nc2ccccc21,-9.897260273972602,3.216920496534968,46_305
O=C(Nc1cccc(-c2cccc(-c3nc4cc(F)ccc4[nH]3)c2)c1)Nc1cccc(-c2cccc(F)c2F)c1,-9.665151515151516,3.1875244530828533,46_306
O=C(Nc1cccc(F)c1)c1cccc(-c2cccc(-c3cccc(-c4cccc(F)c4)c3)c2)c1,-8.6,3.1883384937617323,46_307
O=C(Nc1cccc(-c2cccc(F)c2F)c1)Nc1cccc(-c2cccc(-c3nc4cc(F)ccc4[nH]3)c2F)c1,-9.956617647058822,3.128615257744718,46_308
O=C(Nc1cccc(-c2cccc(-c3nc4cc(F)ccc4[nH]3)c2)c1)Nc1cccc(-c2cccc(F)c2F)c1,-9.665151515151516,3.1875244530828533,46_309
O=C(Nc1cccc(-c2cccc(-c3nc4cc(F)ccc4[nH]3)c2)c1)Nc1cccc(-c2cccc(F)c2F)c1,-9.665151515151516,3.1875244530828533,46_310
O=C(Nc1cccc(-c2cccc(-c3cccc(-c4ccccc4F)c3)c2)c1)N1CCNCC1,-9.35886075949367,3.470002651546907,46_311
O=C(Nc1cccc(-c2cccc(-c3cccc(C(=O)N4CCOCC4)c3)c2)c1)N1CCNCC1,-9.00263157894737,3.6199094052700564,46_312
Nc1ccc(-c2cccc(-c3cccc(-c4cccc(F)c4)c3)c2)nc1,-8.0,3.5317494799052755,46_313
O=C(c1cccc(-c2cccc(C(=O)N3CCN(C(=O)c4cccc(F)c4F)CC3)c2)c1)N1CCOCC1,-8.75,3.588587880517159,46_314
O=C(Nc1cccc(-c2cccc(-c3nc4ccccc4[nH]3)c2)c1)Nc1cccc(-c2cccc(F)c2F)c1,-9.946206896551724,3.218592063451191,46_315
O=C(Nc1cccc(-c2cccc(-c3nc4ccccc4[nH]3)c2)c1)Nc1cccc(-c2cccc(F)c2F)c1,-9.946206896551724,3.218592063451191,46_316
O=C(c1cccc(-c2cccc(-c3cccc(-c4cccc(F)c4)c3)c2)c1)N1CCNCC1,-9.308333333333332,3.508189933556279,46_317
O=C(Nc1cccc(-c2cccc(-c3nc4ccccc4[nH]3)c2)c1)Nc1cccc(-c2cccc(F)c2F)c1,-9.946206896551724,3.218592063451191,46_318
O=C(Nc1cccc(-c2cccc(-c3cccc(-c4ccccc4F)c3)c2)c1)N1CCNCC1,-9.35886075949367,3.470002651546907,46_319
O=C(Nc1cccc(-c2cccc(-c3cccc(-c4ccccc4F)c3)c2)c1)N1CCNCC1,-9.35886075949367,3.470002651546907,46_320
O=C(Nc1cccc(-c2cccc(-c3cccc(-c4ccccc4F)c3)c2)c1)N1CCNCC1,-9.35886075949367,3.470002651546907,46_321
Cn1c(-c2cccc(-c3cccc(NC(=O)Nc4cccc(-c5cccc(C(=O)N6CCOCC6)c5)c4)c3)c2)nc2ccccc21,-9.555696202531646,3.2756851861708367,46_322
O=C(Nc1cccc(-c2cccc(-c3cccc(-c4ccccc4F)c3)c2)c1)N1CCNCC1,-9.35886075949367,3.470002651546907,46_323
O=C(Nc1cccc(-c2cccc(-c3cccc(-c4nc5ccccc5[nH]4)c3)c2)c1)N1CCNCC1,-9.316666666666666,3.368308336165232,46_324
Cn1c(-c2cccc(-c3cccc(-c4cccnc4-c4ccc5[nH]c(=O)[nH]c5c4)c3)c2)nc2ccccc21,-9.3,3.341476243426322,46_325
O=C(c1cccc(-c2cccc(-c3cccc(-c4ccccc4F)c3)c2)c1)N1CCNCC1,-9.41111111111111,3.508189933556279,46_326
Cn1c(-c2cccc(-c3cccc(NC(=O)Nc4cccc(-c5cccc(F)c5F)c4)c3)c2)nc2ccccc21,-9.897260273972602,3.216920496534968,46_327
O=C(Nc1cccc(-c2cccc(F)c2F)c1)Nc1cccc(-c2cccc(-c3cccc(-c4nn[nH]n4)c3)c2F)c1,-10.05,3.244951037107577,46_328
O=C(Nc1cccc(-c2cccc(-c3cccc(-c4ccccc4F)c3)c2)c1)N1CCNCC1,-9.35886075949367,3.470002651546907,46_329
O=C(Nc1cccc(-c2cccc(-c3cccc(C(F)(F)F)c3)c2)c1)Nc1cccc(-c2cccc(F)c2F)c1,-9.623,2.963519940967514,46_330
O=C(Nc1cccc(-c2cccc(-c3cccc(-c4nn[nH]n4)c3)c2)c1)Nc1cccc(-c2cccc(F)c2F)c1,-9.606122448979592,3.286971097546113,46_331
O=C(Nc1cccc(-c2cccc(C(=O)N3CCOCC3)c2)c1)Nc1cccc(-c2cccc(F)c2F)c1,-9.6,3.5133545427940325,46_332
O=C(Nc1cccc(-c2cccc(-c3nc4cc(F)ccc4[nH]3)c2)c1)Nc1cccc(-c2cccc(F)c2F)c1,-9.665151515151516,3.1875244530828533,46_333
O=C(Nc1cccc(-c2cccc(-c3nc4ccccc4[nH]3)c2)c1)Nc1cccc(-c2cccc(F)c2F)c1,-9.946206896551724,3.218592063451191,46_334
C=C(C=CC=CC(=C)c1cccc(-c2nc3cc(F)ccc3[nH]2)c1F)C=CC=Cc1ccc(CC=O)nc2ccc(c1)c(Cl)c2,-8.5,0.7528546261868589,46_335
O=C(Nc1cccc(-c2cccc(F)c2F)c1)Nc1cccc(-c2cccc(-c3nc4cc(F)ccc4[nH]3)c2F)c1,-9.956617647058822,3.128615257744718,46_336
O=C(Nc1cccc(-c2cccc(-c3cccc(-c4ccccc4F)c3)c2)c1)N1CCNCC1,-9.35886075949367,3.470002651546907,46_337
O=C(Nc1cccc(-c2cccc(-c3nc4ccccc4[nH]3)c2)c1)Nc1cccc(-c2cccc(F)c2F)c1,-9.946206896551724,3.218592063451191,46_338
O=C(Nc1cccc(-c2cccc(-c3nc4cc(F)ccc4[nH]3)c2)c1)Nc1cccc(-c2cccc(F)c2F)c1,-9.665151515151516,3.1875244530828533,46_339
Cn1c(-c2cccc(-c3cccc(NC(=O)Nc4cccc(-c5cccc(-c6cccc(F)c6)c5)c4)c3)c2)nc2ccccc21,-9.885106382978723,3.0539916384657317,46_340
O=C(Nc1cccc(-c2cccc(-c3cccc(C(=O)N4CCOCC4)c3)c2)c1)N1CCNCC1,-9.00263157894737,3.6199094052700564,46_341
O=C(Nc1cccc(-c2cccc(-c3nc4ccccc4[nH]3)c2)c1)Nc1cccc(-c2cccc(F)c2F)c1,-9.946206896551724,3.218592063451191,46_342
Cn1c(-c2cccc(-c3cccc(NC(=O)Nc4cccc(-c5cccc(-c6cccc(F)c6)c5)c4)c3)c2)nc2ccccc21,-9.885106382978723,3.0539916384657317,46_343
N=C(N)Nc1ccc(C(=O)Nc2cccc(-c3cccc(-c4nc5cc(F)ccc5[nH]4)c3F)c2)cc1,-8.4,3.123681878291047,46_344
O=C(Nc1cccc(-c2cccc(-c3nc4cc(F)ccc4[nH]3)c2)c1)Nc1cccc(-c2cccc(F)c2F)c1,-9.665151515151516,3.1875244530828533,46_345
O=C(Nc1cccc(-c2cccc(-c3nc4cc(F)ccc4[nH]3)c2)c1)Nc1cccc(-c2cccc(F)c2F)c1,-9.665151515151516,3.1875244530828533,46_346
O=C(Nc1cccc(-c2cccc(-c3nc4ccccc4[nH]3)c2)c1)Nc1cccc(-c2cccc(F)c2F)c1,-9.946206896551724,3.218592063451191,46_347
O=C(Nc1ccccc1Cl)c1cccc(-c2cccc(-c3cccc(-c4cccc(-c5ccccc5F)c4)c3)c2)c1,-9.8,2.9753383768869957,46_348
Cn1c(-c2cccc(-c3cccc(NC(=O)Nc4cccc(-c5cccc(F)c5F)c4)c3)c2)nc2ccccc21,-9.897260273972602,3.216920496534968,46_349
O=C(Nc1cccc(-c2cccc(-c3cccc(-c4cccc(F)c4)c3)c2)c1)N1CCNCC1,-9.341935483870968,3.470002651546907,46_350
O=C(Nc1cccc(-c2cccc(-c3cccc(-c4ccccc4F)c3)c2)c1)N1CCNCC1,-9.35886075949367,3.470002651546907,46_351
O=C(N/N=C\c1cccc(-c2cccc(-c3ccc4c(c3)OCO4)c2)c1)Nc1cccc(-c2cccc(F)c2F)c1,-8.6,3.15856390293638,46_352
O=C(Nc1cccc(-c2cccc(C(=O)N3CCOCC3)c2)c1)Nc1cccc(-c2cccc(F)c2F)c1,-9.6,3.5133545427940325,46_353
O=C(Nc1cccc(-c2cccc(-c3nc4ccccc4[nH]3)c2)c1)Nc1cccc(-c2cccc(F)c2F)c1,-9.946206896551724,3.218592063451191,46_354
O=C(Nc1cccc(-c2cccc(-c3cccc(-c4cccc(F)c4)c3)c2)c1)N1CCNCC1,-9.341935483870968,3.470002651546907,46_355
O=C1C(=CC=CCc2cccc(-c3cccc(-c4cccc(-c5ccccc5F)c4)c3)c2)N1N1CCNCC1,-8.5,3.24678400206212,46_356
O=C(Nc1cccc(-c2cccc(-c3nc4cc(F)ccc4[nH]3)c2)c1)Nc1cccc(-c2cccc(F)c2F)c1,-9.665151515151516,3.1875244530828533,46_357
O=C(Nc1cccc(-c2cccc(F)c2F)c1)Nc1cccc(-c2cccc(-c3nc4cc(F)ccc4[nH]3)c2F)c1,-9.956617647058822,3.128615257744718,46_358
O=C(Nc1cccc(-c2cccc(-c3nc4ccccc4[nH]3)c2)c1)Nc1cccc(-c2cccc(F)c2F)c1,-9.946206896551724,3.218592063451191,46_359
O=C(c1cccc(-c2cccc(-c3cccc4ccccc34)c2)c1)N1CCN(C(=O)c2ccc(F)cc2F)CC1,-9.05,3.2507959847575894,46_360
O=C(Nc1cccc(-c2cccc(-c3nc4ccccc4[nH]3)c2)c1)Nc1cccc(-c2cccc(F)c2F)c1,-9.946206896551724,3.218592063451191,46_361
O=C(Nc1cccc(-c2cccc(-c3nc4cc(F)ccc4[nH]3)c2)c1)Nc1cccc(-c2cccc(F)c2F)c1,-9.665151515151516,3.1875244530828533,46_362
O=C(Nc1cccc(-c2cccc(-c3nc4ccccc4[nH]3)c2)c1)Nc1cccc(-c2cccc(F)c2F)c1,-9.946206896551724,3.218592063451191,46_363
O=C(c1cccc(-c2cccc(C(=O)N3CCN(c4cccc(C(F)(F)F)c4)CC3)c2)c1)N1CCOCC1,-8.5,3.5675074243249583,46_364
O=C(c1cccc(-c2cccc(C(=O)N3CCN(c4ccccc4C(F)(F)F)CC3)c2)c1)N1CCOCC1,-8.6,3.5675074243249583,46_365
O=C(Nc1cccc(-c2cccc(-c3cccc(C(F)(F)F)c3)c2)c1)Nc1cccc(-c2cccc(F)c2F)c1,-9.623,2.963519940967514,46_366
O=C(Nc1cccc(-c2cccc(-c3cccc(C(F)(F)F)c3)c2)c1)Nc1cccc(-c2cccc(F)c2F)c1,-9.623,2.963519940967514,46_367
O=C(Nc1cccc(-c2cccc(F)c2F)c1)Nc1cccc(-c2cccc(-c3nc4cc(F)ccc4[nH]3)c2F)c1,-9.956617647058822,3.128615257744718,46_368
Cn1c(-c2cccc(-c3cccc(NC(=O)Nc4cccc(-c5cccc(F)c5F)c4)c3)c2)nc2ccccc21,-9.897260273972602,3.216920496534968,46_369
Cn1c(-c2cccc(-c3cccc(NC(=O)Nc4cccc(-c5cccc(N6CCCC6)n5)c4)c3)c2)nc2ccccc21,-9.9,3.2672563826300873,46_370
O=C(Nc1cccc(-c2cccc(-c3nc4ccccc4[nH]3)c2)c1)Nc1cccc(-c2cccc(F)c2F)c1,-9.946206896551724,3.218592063451191,46_371
Cn1c(-c2cccc(-c3cccc(NC(=O)Nc4cccc(-c5cccc(F)c5F)c4)c3)c2)nc2ccccc21,-9.897260273972602,3.216920496534968,46_372
O=C(Nc1cccc(-c2cccc(F)c2F)c1)Nc1cccc(-c2cccc(-c3nc4cc(F)ccc4[nH]3)c2F)c1,-9.956617647058822,3.128615257744718,46_373
Cn1c(-c2cccc(-c3cccc(NC(=O)Nc4cccc(-c5cccc(C(=O)N6CCOCC6)c5)c4)c3)c2)nc2ccccc21,-9.555696202531646,3.2756851861708367,46_374
O=C(Nc1ccc(-c2cc3ccccc3o2)cc1NCc1ccccc1)c1cccc(-c2cccc3ccccc23)c1,-8.9,3.052777781748119,46_375
O=C(Nc1cccc(-c2cccc(F)c2F)c1)Nc1cccc(-c2cccc(-c3nc4cc(F)ccc4[nH]3)c2F)c1,-9.956617647058822,3.128615257744718,46_376
O=C(NCc1ccco1)c1cccc(-c2cccc(-c3cccc(-c4cccc(-c5nc6ccccc6[nH]5)c4)c3)c2)c1,-9.4,3.1022768919039145,46_377
O=C(Nc1cccc(-c2cccc(-c3nc4ccccc4[nH]3)c2)c1)Nc1cccc(-c2cccc(F)c2F)c1,-9.946206896551724,3.218592063451191,46_378
O=C(Nc1cccc(-c2cccc(-c3cccc(-c4nc5ccccc5[nH]4)c3)c2)c1)N1CCNCC1,-9.316666666666666,3.368308336165232,46_379
Cn1c(-c2cccc(-c3cccc(NC(=O)Nc4cccc(-c5cccc(-c6cccc(F)c6)c5)c4)c3)c2)nc2ccccc21,-9.885106382978723,3.0539916384657317,46_380
Cn1c(-c2cccc(-c3cccc(NC(=O)Nc4cccc(-c5cccc(F)c5F)c4)c3)c2)nc2ccccc21,-9.897260273972602,3.216920496534968,46_381
Cn1c(-c2cccc(-c3cccc(NC(=O)Nc4cccc(-c5cccc(F)c5F)c4)c3)c2)nc2ccccc21,-9.897260273972602,3.216920496534968,46_382
O=C(Nc1cccc(-c2cccc(-c3nc4cc(F)ccc4[nH]3)c2)c1)Nc1cccc(-c2cccc(F)c2F)c1,-9.665151515151516,3.1875244530828533,46_383
O=C(Nc1cccc(-c2cccc(-c3nc4ccccc4[nH]3)c2)c1)Nc1cccc(-c2cccc(F)c2F)c1,-9.946206896551724,3.218592063451191,46_384
Cn1c(-c2cccc(-c3cccc(NC(=O)NS(=O)(=O)c4cccs4)c3)c2)nc2ccccc21,-8.3,3.501866685158575,46_385
O=C(Nc1cccc(-c2cccc(-c3cccc(C(F)(F)F)c3)c2)c1)Nc1cccc(-c2cccc(F)c2F)c1,-9.623,2.963519940967514,46_386
O=C(Nc1cccc(-c2cccc(-c3cccc(-c4cccc(F)c4)c3)c2)c1)N1CCNCC1,-9.341935483870968,3.470002651546907,46_387
Cn1c(-c2cccc(-c3cccc(NC(=O)Nc4cccc(-c5cccc(F)c5F)c4)c3)c2)nc2ccccc21,-9.897260273972602,3.216920496534968,46_388
O=C(Nc1cccc(-c2cccc(-c3cccc(C(F)(F)F)c3)c2)c1)Nc1cccc(-c2cccc(F)c2F)c1,-9.623,2.963519940967514,46_389
O=C(Nc1cccc(-c2cccc(-c3nc4cc(F)ccc4[nH]3)c2)c1)Nc1cccc(-c2cccc(F)c2F)c1,-9.665151515151516,3.1875244530828533,46_390
O=C(Nc1cccc(-c2cccc(-c3nc4cc(F)ccc4[nH]3)c2)c1)Nc1cccc(-c2cccc(F)c2F)c1,-9.665151515151516,3.1875244530828533,46_391
O=C(Nc1cccc(-c2cccc(-c3cccc(-c4ccccc4F)c3)c2)c1)N1CCNCC1,-9.35886075949367,3.470002651546907,46_392
Cn1c(-c2cccc(-c3cccc(NC(=O)Nc4cccc(-c5cccc(F)c5F)c4)c3)c2)nc2ccccc21,-9.897260273972602,3.216920496534968,46_393
O=C(Nc1cccc(-c2cccc(-c3cccc(-c4ccccc4F)c3)c2)c1)N1CCNCC1,-9.35886075949367,3.470002651546907,46_394
Cn1c(-c2cccc(-c3cccc(NC(=O)Nc4cccc(-c5cccc(-c6cccc(F)c6)c5)c4)c3)c2)nc2ccccc21,-9.885106382978723,3.0539916384657317,46_395
O=C(Nc1cccc(-c2cccc(-c3nc4cc(F)ccc4[nH]3)c2)c1)Nc1cccc(-c2cccc(F)c2F)c1,-9.665151515151516,3.1875244530828533,46_396
O=C(Nc1cccc(-c2cccc(-c3nc4ccccc4[nH]3)c2)c1)Nc1cccc(-c2cccc(F)c2F)c1,-9.946206896551724,3.218592063451191,46_397
O=C(Nc1ccc(F)cn1)c1cccc(-c2cccc(-c3cccc(-c4cccc(C(=O)N5CCOCC5)c4)c3)c2)c1,-9.7,3.3728672497678116,46_398
Cn1c(-c2cccc(-c3cccc(NC(=O)Nc4cccc(-c5cccc(F)c5F)c4)c3)c2)nc2ccccc21,-9.897260273972602,3.216920496534968,46_399
O=C(Nc1cccc(-c2cccc(-c3cccc(-c4cccc(F)c4)c3)c2)c1)N1CCNCC1,-9.341935483870968,3.470002651546907,46_400
Cn1c(-c2cccc(-c3cccc(NC(=O)Nc4cccc(-c5cccc(F)c5F)c4)c3)c2)nc2ccccc21,-9.897260273972602,3.216920496534968,46_401
O=C(Nc1cccc(-c2cccc(F)c2F)c1)Nc1cccc(-c2cccc(-c3nc4cc(F)ccc4[nH]3)c2F)c1,-9.956617647058822,3.128615257744718,46_402
O=C(Nc1cccc(-c2cccc(-c3nc4cc(F)ccc4[nH]3)c2)c1)Nc1cccc(-c2cccc(F)c2F)c1,-9.665151515151516,3.1875244530828533,46_403
O=C(Nc1cccc(-c2cccc(-c3cccc(C(F)(F)F)c3)c2)c1)Nc1cccc(-c2cccc(F)c2F)c1,-9.623,2.963519940967514,46_404
O=C(Nc1cccc(-c2cccc(-c3cccc(C(F)(F)F)c3)c2)c1)Nc1cccc(-c2cccc(F)c2F)c1,-9.623,2.963519940967514,46_405
O=C(Nc1cccc(-c2cccc(-c3cccc(-c4cccc(F)c4)c3)c2)c1)N1CCNCC1,-9.341935483870968,3.470002651546907,46_406
O=C(Nc1cccc(-c2cccc(-c3nc4cc(F)ccc4[nH]3)c2)c1)Nc1cccc(-c2cccc(F)c2F)c1,-9.665151515151516,3.1875244530828533,46_407
O=C(Nc1cccc(-c2cccc(-c3nc4cc(F)ccc4[nH]3)c2)c1)Nc1cccc(-c2cccc(F)c2F)c1,-9.665151515151516,3.1875244530828533,46_408
O=C(Nc1cccc(-c2cccc(-c3cccc(-c4cccc(F)c4)c3)c2)c1)N1CCNCC1,-9.341935483870968,3.470002651546907,46_409
O=C(Nc1cccc(-c2cccc(-c3nc4ccccc4[nH]3)c2)c1)Nc1cccc(-c2cccc(F)c2F)c1,-9.946206896551724,3.218592063451191,46_410
O=C(Nc1cccc(-c2cccc(F)c2F)c1)Nc1cccc(-c2cccc(-c3nc4cc(F)ccc4[nH]3)c2F)c1,-9.956617647058822,3.128615257744718,46_411
Cn1c(-c2cccc(-c3cccc(NC(=O)Nc4cccc(-c5cccc(C(F)(F)F)c5)c4)c3)c2)nc2ccccc21,-9.82,3.240177718187831,46_412
O=C(Nc1cccc(-c2cccc(-c3nc4ccccc4[nH]3)c2)c1)Nc1cccc(-c2cccc(F)c2F)c1,-9.946206896551724,3.218592063451191,46_413
O=C(Nc1cccc(-c2cccc(-c3nc4cc(F)ccc4[nH]3)c2)c1)Nc1cccc(-c2cccc(F)c2F)c1,-9.665151515151516,3.1875244530828533,46_414
O=C(Nc1cccc(-c2cccc(-c3nc4cc(F)ccc4[nH]3)c2)c1)Nc1cccc(-c2cccc(F)c2F)c1,-9.665151515151516,3.1875244530828533,46_415
O=C(Nc1cccc(-c2cccc(-c3nc4ccccc4[nH]3)c2)c1)Nc1cccc(-c2cccc(F)c2F)c1,-9.946206896551724,3.218592063451191,46_416
O=C(c1cccc(-c2cccc(-c3cccc(-c4nn[nH]n4)c3)c2)c1)N1CCNCC1,-8.907692307692306,3.6709921779215158,46_417
O=C(Nc1cccc(-c2cccc(-c3cccc(-c4cccc(F)c4)c3)c2)c1)N1CCNCC1,-9.341935483870968,3.470002651546907,46_418
O=C(Nc1cccc(-c2cccc(-c3cccc(-c4ccccc4F)c3)c2)c1)N1CCNCC1,-9.35886075949367,3.470002651546907,46_419
O=C(Nc1cccc(-c2cccc(-c3nc4ccccc4[nH]3)c2)c1)Nc1cccc(-c2cccc(F)c2F)c1,-9.946206896551724,3.218592063451191,46_420
Cc1c(NCC2NC(=O)c3ccccc3N(Cc3ccccc3F)C2=O)cccc1Nc1nccc(-c2cccc(-c3cc4ccccc4[nH]3)c2F)n1,-9.3,1.9422969598918067,46_421
O=C(Nc1cccc(-c2cccc(-c3cccc(-c4nn[nH]n4)c3)c2)c1)Nc1cccc(-c2cccc(F)c2F)c1,-9.606122448979592,3.286971097546113,46_422
O=C(Nc1cc(-c2cccc(-c3cc4ccccc4o3)c2)ccn1)N1CCN(c2ccccc2C(F)(F)F)CC1,-8.1,3.416118137924699,46_423
O=C(Nc1cccc(-c2cccc(-c3cccc(-c4nc5ccccc5[nH]4)c3)c2)c1)N1CCNCC1,-9.316666666666666,3.368308336165232,46_424
O=C(Nc1ccccc1F)c1cccc(-c2cccc(-c3cccc(-c4cccc(C(=O)N5CCOCC5)c4)c3)c2)c1,-9.649999999999999,3.318291864592828,46_425
O=C(Nc1cccc(-c2cccc(-c3nc4ccccc4[nH]3)c2)c1)Nc1cccc(-c2cccc(F)c2F)c1,-9.946206896551724,3.218592063451191,46_426
Cn1c(-c2cccc(-c3cccc(NC(=O)Nc4cccc(-c5cccc(-c6cccc(F)c6)n5)c4)c3)c2)nc2ccccc21,-11.1,3.08429241743237,46_427
O=C(c1cccc(-c2cccc(-c3cccc4ccccc34)c2)c1)N1CCN(C(=O)c2cccc(F)c2F)CC1,-9.5,3.2507959847575894,46_428
O=C(Nc1cccc(-c2cccc(-c3ccc4c(c3)OCO4)c2)c1)Nc1cccc(-c2ccccc2F)c1,-9.6,3.2275735778690695,46_429
Cn1c(-c2cccc(-c3cccc(NC(=O)Nc4cccc(-c5cccc(-c6ncccc6C#N)c5)c4)c3)c2)nc2ccccc21,-8.916666666666666,3.0906607506690618,46_430
O=C(Nc1cccc(-c2cccc(-c3nc4cc(F)ccc4[nH]3)c2)c1)Nc1cccc(-c2cccc(F)c2F)c1,-9.665151515151516,3.1875244530828533,46_431
O=C(Nc1cccc(-c2cccc(-c3nc4ccccc4[nH]3)c2)c1)Nc1cccc(-c2cccc(F)c2F)c1,-9.946206896551724,3.218592063451191,46_432
O=C(Nc1cccc(-c2cccc(-c3nc4ccccc4[nH]3)c2)c1)Nc1cccc(-c2cccc(F)c2F)c1,-9.946206896551724,3.218592063451191,46_433
O=C(Nc1cccc(-c2cccc(-c3nc4cc(F)ccc4[nH]3)c2)c1)Nc1cccc(-c2cccc(F)c2F)c1,-9.665151515151516,3.1875244530828533,46_434
O=C(Nc1cccc(-c2cccc(-c3cccc(-c4cccc(F)c4)c3)c2)c1)N1CCNCC1,-9.341935483870968,3.470002651546907,46_435
O=C(Nc1cccc(-c2cccc(-c3nc4cc(F)ccc4[nH]3)c2)c1)Nc1cccc(-c2cccc(F)c2F)c1,-9.665151515151516,3.1875244530828533,46_436
O=C(Nc1cccc(-c2cccc(-c3cccc(-c4nn[nH]n4)c3)c2)c1)Nc1cccc(-c2cccc(F)c2F)c1,-9.606122448979592,3.286971097546113,46_437
O=C(Nc1cccc(-c2cccc(-c3nc4ccccc4[nH]3)c2)c1)Nc1cccc(-c2cccc(F)c2F)c1,-9.946206896551724,3.218592063451191,46_438
O=C(Nc1cccc(-c2ccc3c(c2)OCCO3)c1)c1cccc(-c2cccc(-c3ccc4c(c3)OCCO4)c2Cl)c1,-8.4,3.2387996994710972,46_439
O=C(Nc1cccc(-c2cccc(F)c2F)c1)Nc1cccc(-c2cccc(-c3nc4cc(F)ccc4[nH]3)c2F)c1,-9.956617647058822,3.128615257744718,46_440
O=C(Nc1cccc(-c2cccc(-c3nc4cc(F)ccc4[nH]3)c2)c1)Nc1cccc(-c2cccc(F)c2F)c1,-9.665151515151516,3.1875244530828533,46_441
O=C1NCCN(C(=O)c2cccc(-c3cccc(F)c3)c2)CCc2c1cccc2-c1cccc(-c2cccc3ccccc23)c1,-9.8,0.9899487405530074,46_442
O=C(Nc1cccc(-c2cccc(-c3nc4cc(F)ccc4[nH]3)c2)c1)Nc1cccc(-c2cccc(F)c2F)c1,-9.665151515151516,3.1875244530828533,46_443
O=C(Nc1cccc(-c2cccc(-c3nc4cc(F)ccc4[nH]3)c2)c1)Nc1cccc(-c2cccc(F)c2F)c1,-9.665151515151516,3.1875244530828533,46_444
Cn1c(-c2cccc(-c3cccc(NC(=O)Nc4cccc(-c5cccc(F)c5F)c4)c3)c2)nc2ccccc21,-9.897260273972602,3.216920496534968,46_445
O=C(Nc1cccc(-c2cccc(-c3nc4ccccc4[nH]3)c2)c1)Nc1cccc(-c2cccc(F)c2F)c1,-9.946206896551724,3.218592063451191,46_446
O=C(Nc1cccc(-c2cccc(F)c2F)c1)Nc1cccc(-c2cccc(-c3nc4cc(F)ccc4[nH]3)c2F)c1,-9.956617647058822,3.128615257744718,46_447
O=C(Nc1cccc(-c2cccc(-c3nc4cc(F)ccc4[nH]3)c2)c1)Nc1cccc(-c2cccc(F)c2F)c1,-9.665151515151516,3.1875244530828533,46_448
O=C(Nc1cccc(-c2cccc(-c3cccc(C(=O)N4CCOCC4)c3)c2)c1)N1CCNCC1,-9.00263157894737,3.6199094052700564,46_449
O=C(Nc1cccc(-c2cccc(-c3cccc(-c4cccc(F)c4)c3)c2)c1)N1CCNCC1,-9.341935483870968,3.470002651546907,46_450
O=C(Nc1cccc(-c2cccc(-c3nc4cc(F)ccc4[nH]3)c2)c1)Nc1cccc(-c2cccc(F)c2F)c1,-9.665151515151516,3.1875244530828533,46_451
O=C(Nc1cccc(-c2cccc(-c3cccc(C(F)(F)F)c3)c2)c1)Nc1cccc(-c2cccc(F)c2F)c1,-9.623,2.963519940967514,46_452
O=C(Nc1cccc(-c2cccc(-c3nc4cc(F)ccc4[nH]3)c2)c1)Nc1cccc(-c2cccc(F)c2F)c1,-9.665151515151516,3.1875244530828533,46_453
O=C(Nc1cccc(-c2cccc(-c3nc4cc(F)ccc4[nH]3)c2)c1)Nc1cccc(-c2cccc(F)c2F)c1,-9.665151515151516,3.1875244530828533,46_454
Cn1c(-c2cccc(-c3cccc(NC(=O)Nc4cccc(-c5cccc(F)c5F)c4)c3)c2)nc2ccccc21,-9.897260273972602,3.216920496534968,46_455
O=C(c1cccc(-c2cccc(-c3cccc(-c4nn[nH]n4)c3)c2)c1)N1CCNCC1,-8.907692307692306,3.6709921779215158,46_456
O=C(Nc1cccc(-c2cccc(-c3cccc(-c4ccccc4F)c3)c2)c1)N1CCNCC1,-9.35886075949367,3.470002651546907,46_457
Cn1c(-c2cccc(-c3cccc(NC(=O)Nc4cccc(-c5cccc(F)c5F)c4)c3)c2)nc2ccccc21,-9.897260273972602,3.216920496534968,46_458
O=C(Nc1cccc(-c2cccc(-c3cccc(-c4cccc(F)c4)c3)c2)c1)N1CCNCC1,-9.341935483870968,3.470002651546907,46_459
O=C(Nc1cccc(-c2cccc(-c3nc4cc(F)ccc4[nH]3)c2)c1)Nc1cccc(-c2cccc(F)c2F)c1,-9.665151515151516,3.1875244530828533,46_460
O=C(Nc1cccc(-c2cccc(-c3nc4ccccc4[nH]3)c2)c1)Nc1cccc(-c2cccc(F)c2F)c1,-9.946206896551724,3.218592063451191,46_461
O=C(Nc1cccc(-c2cccc(-c3nc4cc(F)ccc4[nH]3)c2)c1)Nc1cccc(-c2cccc(F)c2F)c1,-9.665151515151516,3.1875244530828533,46_462
Cn1c(-c2cccc(-c3cccc(NC(=O)Nc4cccc(-c5cccc(C(=O)N6CCOCC6)c5)c4)c3)c2)nc2ccccc21,-9.555696202531646,3.2756851861708367,46_463
O=C(Nc1cccc(-c2cccc(F)c2F)c1)Nc1cccc(-c2cccc(-c3nc4cc(F)ccc4[nH]3)c2F)c1,-9.956617647058822,3.128615257744718,46_464
O=C(Nc1cccc(-c2cccc(-c3cccc(-c4nn[nH]n4)c3)c2)c1)Nc1cccc(-c2cccc(F)c2F)c1,-9.606122448979592,3.286971097546113,46_465
O=C(Nc1cccc(-c2cccc(F)c2F)c1)Nc1cccc(-c2cccc(-c3nc4cc(F)ccc4[nH]3)c2F)c1,-9.956617647058822,3.128615257744718,46_466
O=C(Nc1cccc(-c2cccc(-c3cccc(-c4ccccc4F)c3)c2)c1)N1CCNCC1,-9.35886075949367,3.470002651546907,46_467
Cc1ccc(NC(=O)c2cccc(-c3cccc(C(F)(F)F)c3)c2)nc1Nc1cccc(-c2cccc(F)c2F)c1,-8.4,3.1983149299103455,46_468
O=C(Nc1cccc(-c2cccc(-c3cccc(-c4nn[nH]n4)c3)c2)c1)Nc1cccc(-c2cccc(F)c2F)c1,-9.606122448979592,3.286971097546113,46_469
O=C(Nc1cccc(-c2cccc(F)c2F)c1)Nc1cccc(-c2cccc(-c3nc4cc(F)ccc4[nH]3)c2F)c1,-9.956617647058822,3.128615257744718,46_470
COc1cccc(C(=O)Nc2cccc(-c3cccc(F)c3F)c2)c1,-7.7,3.688829935541877,46_471
O=C(c1cccc(-c2cccc(-c3cccc(C(=O)N4CCOCC4)c3)c2)c1)N1CCNCC1,-8.911111111111111,3.649506152725788,46_472
Cn1c(-c2cccc(-c3cccc(NC(=O)Nc4cccc(-c5cccc(C(=O)N6CCOCC6)c5)c4)c3)c2)nc2ccccc21,-9.555696202531646,3.2756851861708367,46_473
O=C(Nc1cccc(-c2cccc(-c3nc4cc(F)ccc4[nH]3)c2)c1)Nc1cccc(-c2cccc(F)c2F)c1,-9.665151515151516,3.1875244530828533,46_474
O=C(Nc1cccc(-c2cccc(-c3nc4ccccc4[nH]3)c2)c1)Nc1cccc(-c2cccc(F)c2F)c1,-9.946206896551724,3.218592063451191,46_475
O=C(Nc1cccc(-c2cccc(-c3nc4ccccc4[nH]3)c2)c1)Nc1cccc(-c2cccc(F)c2F)c1,-9.946206896551724,3.218592063451191,46_476
O=C(c1cccc(-c2cccc(-c3ccc4c(c3)OCO4)c2)c1)N1CCN(C(=O)c2ccc(F)cc2F)CC1,-9.6,3.4645763407894306,46_477
O=C(Nc1cccc(-c2cccc(F)c2F)c1)Nc1cccc(-c2cccc(-c3nc4cc(F)ccc4[nH]3)c2F)c1,-9.956617647058822,3.128615257744718,46_478
O=C(Nc1cccc(-c2cccc(-c3nc4ccccc4[nH]3)c2)c1)Nc1cccc(-c2cccc(F)c2F)c1,-9.946206896551724,3.218592063451191,46_479
Cn1c(-c2cccc(-c3cccc(NC(=O)Nc4cccc(-c5cccc(F)c5F)c4)c3)c2)nc2ccccc21,-9.897260273972602,3.216920496534968,46_480
O=C(c1cccc(-c2cccc(-c3cccc(-c4ccccc4F)c3)c2)c1)N1CCNCC1,-9.41111111111111,3.508189933556279,46_481
O=C(C/C(=C\c1cccnc1)C(=O)N1CCC(c2noc3cc(F)ccc23)CC1)NCc1ccc(F)cc1Cl,-8.1,3.490828307161568,46_482
Cn1c(-c2cccc(-c3cccc(NC(=O)Nc4cccc(-c5cccc(C(=O)N6CCOCC6)c5)c4)c3)c2)nc2ccccc21,-9.555696202531646,3.2756851861708367,46_483
Cn1c(-c2cccc(-c3cccc(NC(=O)Nc4cccc(-c5cccc(F)c5F)c4)c3)c2)nc2ccccc21,-9.897260273972602,3.216920496534968,46_484
Cn1c(-c2cccc(-c3cccc(NC(=O)Nc4cccc(-c5cccc(F)c5F)c4)c3)c2)nc2ccccc21,-9.897260273972602,3.216920496534968,46_485
Cn1c(-c2cccc(-c3cccc(NC(=O)Nc4cccc(-c5cccc(-c6cccc(F)c6)c5)c4)c3)c2)nc2ccccc21,-9.885106382978723,3.0539916384657317,46_486
O=C(Nc1cccc(-c2cccc(-c3nc4cc(F)ccc4[nH]3)c2)c1)Nc1cccc(-c2cccc(F)c2F)c1,-9.665151515151516,3.1875244530828533,46_487
O=C(Nc1cccc(-c2cccc(-c3cccc(-c4nc5ccccc5[nH]4)c3)c2)c1)N1CCNCC1,-9.316666666666666,3.368308336165232,46_488
O=C(Nc1cccc(-c2cccc(-c3nc4cc(F)ccc4[nH]3)c2)c1)Nc1cccc(-c2cccc(F)c2F)c1,-9.665151515151516,3.1875244530828533,46_489
O=C(Nc1cccc(-c2cccc(-c3nc4ccccc4[nH]3)c2)c1)Nc1cccc(-c2cccc(F)c2F)c1,-9.946206896551724,3.218592063451191,46_490
O=C(Nc1cccc(-c2cccc(-c3nc4ccccc4[nH]3)c2)c1)Nc1cccc(-c2cccc(F)c2F)c1,-9.946206896551724,3.218592063451191,46_491
O=C(Nc1cccc(-c2cccc(-c3cccc(-c4ccccc4F)c3)c2)c1)N1CCNCC1,-9.35886075949367,3.470002651546907,46_492
O=C(Nc1cccc(-c2cccc(-c3nc4ccccc4[nH]3)c2)c1)Nc1cccc(-c2cccc(F)c2F)c1,-9.946206896551724,3.218592063451191,46_493
O=C(Nc1cccc(-c2cccc(-c3cccc(C(F)(F)F)c3)c2)c1)Nc1cccc(-c2cccc(F)c2F)c1,-9.623,2.963519940967514,46_494
Cn1c(-c2cccc(-c3cccc(NC(=O)Nc4cccc(-c5cccc(F)c5F)c4)c3)c2)nc2ccccc21,-9.897260273972602,3.216920496534968,46_495
O=C(Nc1ccccc1F)c1cccc(-c2cccc(-c3cccc(-c4cccc(-c5nn[nH]n5)c4)c3)c2)c1,-8.9,3.3901379644410854,46_496
O=C(Nc1cccc(-c2cccc(-c3cccc(-c4ccccc4F)c3)c2)c1)N1CCNCC1,-9.35886075949367,3.470002651546907,46_497
O=C(Nc1cccc(-c2cccc(-c3nc4cc(F)ccc4[nH]3)c2)c1)Nc1cccc(-c2cccc(F)c2F)c1,-9.665151515151516,3.1875244530828533,46_498
Cn1c(-c2cccc(-c3cccc(NC(=O)Nc4cccc(-c5cccc(F)c5F)c4)c3)c2)nc2ccccc21,-9.897260273972602,3.216920496534968,46_499
O=C(Nc1cccc(-c2cccc(-c3nc4cc(F)ccc4[nH]3)c2)c1)Nc1cccc(-c2cccc(F)c2F)c1,-9.665151515151516,3.1875244530828533,46_500
O=C(Nc1cccc(-c2cccc(F)c2F)c1)Nc1cccc(-c2cccc(-c3nc4cc(F)ccc4[nH]3)c2F)c1,-9.956617647058822,3.128615257744718,46_501
O=C(Nc1cccc(-c2cccc(-c3cccc(-c4ccccc4F)c3)c2)c1)N1CCNCC1,-9.35886075949367,3.470002651546907,46_502
O=C(Nc1cncc(-c2cccc(-c3cccc(-c4ccccc4F)c3)c2)c1)N1CCNCC1,-9.1,3.5739418461758903,46_503
O=C(c1cccc(-c2cccc(-c3cccc4ccccc34)c2)c1)N1CCN(C(=O)c2ccc(F)cc2F)CC1,-9.05,3.2507959847575894,46_504
Cn1c(-c2cccc(-c3cccc(NC(=O)Nc4cccc(-c5cccc(F)c5F)c4)c3)c2)nc2ccccc21,-9.897260273972602,3.216920496534968,46_505
Cn1c(-c2cccc(-c3cccc(NC(=O)Nc4cccc(-c5cccc(C(=O)N6CCOCC6)c5)c4)c3)c2)nc2ccccc21,-9.555696202531646,3.2756851861708367,46_506
Cn1c(-c2cccc(-c3cccc(NC(=O)Nc4cccc(-c5cccc(F)c5F)c4)c3)c2)nc2ccccc21,-9.897260273972602,3.216920496534968,46_507
O=C(Nc1cccc(-c2cccc(F)c2F)c1)Nc1cccc(-c2cccc(-c3nc4cc(F)ccc4[nH]3)c2F)c1,-9.956617647058822,3.128615257744718,46_508
O=C(Nc1cccc(-c2cccc(-c3cccc(-c4ccccc4F)c3)c2)c1)N1CCNCC1,-9.35886075949367,3.470002651546907,46_509
O=C(Nc1cccc(-c2cccc(-c3nc4ccccc4[nH]3)c2)c1)Nc1cccc(-c2cccc(F)c2F)c1,-9.946206896551724,3.218592063451191,46_510
O=C(c1cccc(-c2cccc(-c3nc4ccccc4[nH]3)c2)c1)N1CCN(C(=O)c2cccc(F)c2F)CC1,-9.3,3.4743716563467535,46_511
O=C(Nc1cccc(-c2cccc(-c3nc4cc(F)ccc4[nH]3)c2)c1)Nc1cccc(-c2cccc(F)c2F)c1,-9.665151515151516,3.1875244530828533,46_512
Cn1c(-c2cccc(-c3cccc(NC(=O)Nc4cccc(-c5cccc(F)c5F)c4)c3)c2)nc2ccccc21,-9.897260273972602,3.216920496534968,46_513
Cn1c(-c2cccc(-c3cccc(NC(=O)Nc4cccc(-c5cccc(-c6ncccc6C#N)c5)c4)c3)c2)nc2ccccc21,-8.916666666666666,3.0906607506690618,46_514
O=C(Nc1cccc(-c2cccc(-c3cccc(-c4ccccc4F)c3)c2)c1)N1CCNCC1,-9.35886075949367,3.470002651546907,46_515
Cn1c(-c2cccc(-c3cccc(NC(=O)Nc4cccc(-c5cccc(-c6cccc(F)c6)c5)c4)c3)c2)nc2ccccc21,-9.885106382978723,3.0539916384657317,46_516
O=C(c1cccc(-c2cccc(-c3cccc(-c4ccccc4F)c3)c2)c1)N1CCNCC1,-9.41111111111111,3.508189933556279,46_517
Cn1c(-c2cccc(-c3cccc(NC(=O)Nc4cccc(-c5cccc(-c6cccc(F)c6)c5)c4)c3)c2)nc2ccccc21,-9.885106382978723,3.0539916384657317,46_518
O=C(Nc1cccc(-c2cccc(-c3nc4cc(F)ccc4[nH]3)c2)c1)Nc1cccc(-c2cccc(F)c2F)c1,-9.665151515151516,3.1875244530828533,46_519
O=C(Nc1cccc(-c2cccc(-c3cccc(-c4nc5cc(F)ccc5[nH]4)c3)c2)c1)N1CCNCC1,-9.1,3.371260981416027,46_520
Cn1c(-c2cccc(-c3cccc(NC(=O)Nc4cccc(-c5cccc(C(=O)N6CCOCC6)c5)c4)c3)c2)nc2ccccc21,-9.555696202531646,3.2756851861708367,46_521
O=C(Nc1cccc(Cl)c1)Nc1cccc(-c2cccc(-c3cccc(-c4nc5ccccc5[nH]4)c3)c2)c1,-9.3,3.1998480188755467,46_522
Nc1ccn(-c2ccccc2Cl)c(=O)c1C(=NC=NC(=O)c1cccc(-c2ccc3c(c2)OCO3)c1)C1CCC1,-7.1,3.3165724942476187,46_523
O=C(Nc1cccc(-c2cccc(-c3cccc(-c4ccccc4F)c3)c2)c1)N1CCNCC1,-9.35886075949367,3.470002651546907,46_524
Cn1c(-c2cccc(-c3cccc(NC(=O)Nc4cccc(-c5cccc(F)c5F)c4)c3)c2)nc2ccccc21,-9.897260273972602,3.216920496534968,46_525
Cn1c(-c2cccc(-c3cccc(NC(=O)Nc4cccc(-c5cccc(F)c5F)c4)c3)c2)nc2ccccc21,-9.897260273972602,3.216920496534968,46_526
O=C(Nc1cccc(-c2cccc(-c3nc4ccccc4[nH]3)c2)c1)Nc1cccc(-c2cccc(F)c2F)c1,-9.946206896551724,3.218592063451191,46_527
CNCC(C=O)N(c1cccc(-c2cccc(C(F)(F)F)c2)c1)C1CC1C,-6.3,3.6282989999197968,46_528
O=C(Nc1cccc(-c2cccc(-c3nc4ccccc4[nH]3)c2)c1)Nc1cccc(-c2cccc(F)c2F)c1,-9.946206896551724,3.218592063451191,46_529
O=C(Nc1cccc(-c2cccc(F)c2F)c1)Nc1cccc(-c2cccc(-c3nc4cc(F)ccc4[nH]3)c2F)c1,-9.956617647058822,3.128615257744718,46_530
O=C(Nc1cccc(-c2cccc(C(=O)N3CCOCC3)c2)c1)Nc1cccc(-c2cccc(-c3ccc4c(c3)OCO4)c2)c1,-10.0,3.203574602452801,46_531
Cn1c(-c2cccc(-c3cccc(NC(=O)Nc4cccc(-c5cccc(F)c5F)c4)c3)c2)nc2ccccc21,-9.897260273972602,3.216920496534968,46_532
Cn1c(-c2cccc(-c3cccc(NC(=O)Nc4cccc(-c5cccc(-c6ncccc6C#N)c5)c4)c3)c2)nc2ccccc21,-8.916666666666666,3.0906607506690618,46_533
O=C(Nc1cccc(-c2cccc(-c3cccc(C(F)(F)F)c3)c2)c1)Nc1cccc(-c2cccc(F)c2F)c1,-9.623,2.963519940967514,46_534
O=C(Nc1cccc(-c2cccc(-c3nc4cc(F)ccc4[nH]3)c2)c1)Nc1cccc(-c2cccc(F)c2F)c1,-9.665151515151516,3.1875244530828533,46_535
O=C(Nc1cccc(-c2cccc(-c3nc4cc(F)ccc4[nH]3)c2)c1)Nc1cccc(-c2cccc(F)c2F)c1,-9.665151515151516,3.1875244530828533,46_536
O=C(Nc1cccc(-c2cccc(-c3cccc(-c4cccc(F)c4)c3)c2)c1)N1CCNCC1,-9.341935483870968,3.470002651546907,46_537
Cn1c(-c2cccc(-c3cccc(NC(=O)Nc4cccc(-c5cccc(F)c5F)c4)c3)c2)nc2ccccc21,-9.897260273972602,3.216920496534968,46_538
Cn1c(-c2cccc(-c3cccc(NC(=O)N4NC(=O)C(Cc5cccc(F)c5)=NC(=O)c5ccccc54)c3)c2)nc2ccccc21,-9.0,1.4133850587534882,46_539
Cn1c(-c2cccc(-c3cccc(NC(=O)Nc4cccc(-c5cccc(C(=O)N6CCOCC6)c5)c4)c3)c2)nc2ccccc21,-9.555696202531646,3.2756851861708367,46_540
O=C(Nc1cccc(-c2cccc(-c3nc4cc(F)ccc4[nH]3)c2)c1)Nc1cccc(-c2cccc(F)c2F)c1,-9.665151515151516,3.1875244530828533,46_541
O=C(N=CC1=CC(=CC2C=CC(C=C3Cc4ccccc4-c4ccccc43)=C2)C=C1)N1CCNCC1,-9.1,3.1646795922811033,46_542
Cn1c(-c2cccc(-c3cccc(NC(=O)Nc4cccc(-c5cccc(F)c5F)c4)c3)c2)nc2ccccc21,-9.897260273972602,3.216920496534968,46_543
O=C(Nc1cccc(-c2cccc(-c3nc4cc(F)ccc4[nH]3)c2)c1)Nc1cccc(-c2cccc(F)c2F)c1,-9.665151515151516,3.1875244530828533,46_544
O=C(Nc1cccc(-c2cccc(-c3nc4ccccc4[nH]3)c2)c1)Nc1cccc(-c2cccc(F)c2F)c1,-9.946206896551724,3.218592063451191,46_545
O=C(Nc1cccc(-c2cccc(-c3nc4ccccc4[nH]3)c2)c1)Nc1cccc(-c2cccc(F)c2F)c1,-9.946206896551724,3.218592063451191,46_546
O=C(Nc1cccc(-c2cccc(-c3nc4cc(F)ccc4[nH]3)c2)c1)Nc1cccc(-c2cccc(F)c2F)c1,-9.665151515151516,3.1875244530828533,46_547
O=S(=O)(Nc1cccc(-c2cccc(-c3nn[nH]n3)c2)c1)c1cccc(-c2cccc(-c3ccc4c(c3)OCO4)c2)c1,-7.4,3.1943638747025687,46_548
O=C(Nc1cccc(-c2cccc(-c3cccc(-c4nn[nH]n4)c3)c2)c1)Nc1cccc(-c2cccc(F)c2F)c1,-9.606122448979592,3.286971097546113,46_549
Cn1c(-c2cccc(-c3cccc(NC(=O)Nc4cccc(-c5cccc(-c6cccc(F)c6)c5)c4)c3)c2)nc2ccccc21,-9.885106382978723,3.0539916384657317,46_550
Cn1c(-c2cccc(-c3cccc(NC(=O)Nc4cccc(-c5cccc(C(=O)N6CCOCC6)c5)c4)c3)c2)nc2ccccc21,-9.555696202531646,3.2756851861708367,46_551
Cn1c(-c2cccc(-c3cccc(NC(=O)Nc4cccc(-c5cccc(-c6cccc(F)c6)c5)c4)c3)c2)nc2ccccc21,-9.885106382978723,3.0539916384657317,46_552
O=C(Nc1cccc(-c2cccc(-c3nc4cc(F)ccc4[nH]3)c2)c1)Nc1cccc(-c2cccc(F)c2F)c1,-9.665151515151516,3.1875244530828533,46_553
O=C(Nc1cccc(-c2cccc(-c3nc4ccccc4[nH]3)c2)c1)Nc1cccc(-c2cccc(F)c2F)c1,-9.946206896551724,3.218592063451191,46_554
O=C(Nc1cccc(-c2cccc(-c3cccc(C(=O)N4CCOCC4)c3)c2)c1)N1CCNCC1,-9.00263157894737,3.6199094052700564,46_555
O=C(Nc1cccc(-c2cccc(F)c2F)c1)Nc1cccc(-c2cccc(-c3nc4cc(F)ccc4[nH]3)c2F)c1,-9.956617647058822,3.128615257744718,46_556
O=C(Nc1cccc(-c2cccc(-c3cccc(-c4ccccc4F)c3)c2)c1)N1CCNCC1,-9.35886075949367,3.470002651546907,46_557
O=C(Nc1cccc(-c2cccc(-c3nc4cc(F)ccc4[nH]3)c2)c1)Nc1cccc(-c2cccc(F)c2F)c1,-9.665151515151516,3.1875244530828533,46_558
O=C(Nc1cccc(-c2cccc(-c3nc4cc(F)ccc4[nH]3)c2)c1)Nc1cccc(-c2cccc(F)c2F)c1,-9.665151515151516,3.1875244530828533,46_559
O=C(Nc1cccc(-c2cccc(-c3nc4cc(F)ccc4[nH]3)c2)c1)Nc1cccc(-c2cccc(F)c2F)c1,-9.665151515151516,3.1875244530828533,46_560
O=C(Nc1cccc(-c2cccc(-c3nc4ccccc4[nH]3)c2)c1)Nc1cccc(-c2cccc(F)c2F)c1,-9.946206896551724,3.218592063451191,46_561
O=C(Nc1cccc(-c2cccc(-c3nc4cc(F)ccc4[nH]3)c2)c1)Nc1cccc(-c2cccc(F)c2F)c1,-9.665151515151516,3.1875244530828533,46_562
Cn1c(-c2cccc(-c3cccc(NC(=O)Nc4cccc(-c5cccc(F)c5F)c4)c3)c2)nc2ccccc21,-9.897260273972602,3.216920496534968,46_563
O=C(Nc1cccc(-c2cccc(F)c2F)c1)Nc1cccc(-c2cccc(-c3nc4cc(F)ccc4[nH]3)c2F)c1,-9.956617647058822,3.128615257744718,46_564
O=C(Nc1cccc(-c2cccc(-c3cccc(C(F)(F)F)c3)c2)c1)Nc1cccc(-c2cccc(F)c2F)c1,-9.623,2.963519940967514,46_565
O=C(Nc1cccc(-c2cccc(-c3nc4ccccc4[nH]3)c2)c1)Nc1cccc(-c2cccc(F)c2F)c1,-9.946206896551724,3.218592063451191,46_566
O=C(Nc1cccc(-c2cccc(-c3nc4ccccc4[nH]3)c2)c1)Nc1cccc(-c2cccc(F)c2F)c1,-9.946206896551724,3.218592063451191,46_567
O=C(Nc1cccc(-c2cccc(-c3cccc(C(F)(F)F)c3)c2)c1)Nc1cccc(-c2cccc(F)c2F)c1,-9.623,2.963519940967514,46_568
O=C(Nc1cccc(-c2cccc(-c3cccc(-c4ccccc4F)c3)c2)c1)N1CCNCC1,-9.35886075949367,3.470002651546907,46_569
O=C(c1cccc(-c2cccc(-c3ccc4c(c3)OCO4)c2)c1)N1CCN(c2ccccn2)CC1,-9.0,3.517782319272261,46_570
O=C(Nc1ccccc1C(=O)Nc1nccs1)c1cccc(-c2cccc(-c3cccc(-c4cccc(C(F)(F)F)c4)c3)c2)c1,-9.1,3.101166299179415,46_571
O=C(Nc1cccc(-c2cccc(-c3nc4ccccc4[nH]3)c2)c1)Nc1cccc(-c2cccc(F)c2F)c1,-9.946206896551724,3.218592063451191,46_572
Cn1c(-c2cccc(-c3cccc(NC(=O)Nc4cccc(-c5cccc(C(=O)N6CCOCC6)c5)c4)c3)c2)nc2ccccc21,-9.555696202531646,3.2756851861708367,46_573
O=C(Nc1cccc(-c2cccc(-c3nc4ccccc4[nH]3)c2)c1)Nc1cccc(-c2cccc(F)c2F)c1,-9.946206896551724,3.218592063451191,46_574
O=C(Nc1cccc(-c2cccc(-c3nc4ccccc4[nH]3)c2)c1)Nc1cccc(-c2cccc(F)c2F)c1,-9.946206896551724,3.218592063451191,46_575
O=C(Nc1cccc(-c2cccc(-c3nc4cc(F)ccc4[nH]3)c2)c1)Nc1cccc(-c2cccc(F)c2F)c1,-9.665151515151516,3.1875244530828533,46_576
O=C(Nc1cccc(-c2cccc(-c3cccc(-c4cccc(F)c4)c3)c2)c1)N1CCNCC1,-9.341935483870968,3.470002651546907,46_577
O=C(Nc1cccc(-c2cccc(-c3nc4cc(F)ccc4[nH]3)c2)c1)Nc1cccc(-c2cccc(F)c2F)c1,-9.665151515151516,3.1875244530828533,46_578
O=C(Nc1cccc(F)c1)N1CCN(C(=O)c2cccc(-c3cccc(-c4cccc5ccccc45)c3)c2)CC1,-9.0,3.308426989852544,46_579
O=C(Nc1cccc(-c2cccc(-c3cccc(-c4ccccc4F)c3)c2)c1)N1CCNCC1,-9.35886075949367,3.470002651546907,46_580
O=C(Nc1cccc(-c2cccc(F)c2F)c1)Nc1cccc(-c2cccc(-c3nc4cc(F)ccc4[nH]3)c2F)c1,-9.956617647058822,3.128615257744718,46_581
O=C(Nc1cccc(-c2cccc(-c3cccc(C(F)(F)F)c3)c2)c1)Nc1cccc(-c2cccc(F)c2F)c1,-9.623,2.963519940967514,46_582
O=C(Nc1cccc(-c2cccc(-c3cccc(-c4ccccc4F)c3)c2)c1)N1CCNCC1,-9.35886075949367,3.470002651546907,46_583
Cn1c(-c2cccc(-c3cccc(NC(=O)Nc4cccc(-c5cccc(F)c5F)c4)c3)c2)nc2ccccc21,-9.897260273972602,3.216920496534968,46_584
Cn1c(-c2cccc(-c3cccc(NC(=O)Nc4cccc(-c5cccc(F)c5F)c4)c3)c2)nc2ccccc21,-9.897260273972602,3.216920496534968,46_585
O=C(Nc1cccc(-c2cccc(F)c2F)c1)Nc1cccc(-c2cccc(-c3nc4cc(F)ccc4[nH]3)c2F)c1,-9.956617647058822,3.128615257744718,46_586
O=C(Nc1cccc(-c2cccc(-c3nc4cc(F)ccc4[nH]3)c2)c1)Nc1cccc(-c2cccc(F)c2F)c1,-9.665151515151516,3.1875244530828533,46_587
Cn1c(-c2cccc(-c3cccc(NC(=O)Nc4cccc(-c5cccc(C(=O)N6CCOCC6)c5)c4)c3)c2)nc2ccccc21,-9.555696202531646,3.2756851861708367,46_588
Cn1c(-c2cccc(-c3cccc(NC(=O)Nc4cccc(-c5cccc(C(=O)N6CCOCC6)c5)c4)c3)c2)nc2ccccc21,-9.555696202531646,3.2756851861708367,46_589
O=C(Nc1cccc(-c2cccc(-c3cccc(-c4ccccc4F)c3)c2)c1)N1CCNCC1,-9.35886075949367,3.470002651546907,46_590
Cn1c(-c2cccc(-c3cccc(NC(=O)Nc4cccc(-c5cccc(F)c5F)c4)c3)c2)nc2ccccc21,-9.897260273972602,3.216920496534968,46_591
O=C(Nc1cccc(-c2cccc(-c3cccc(-c4cccc(F)c4)c3)c2)c1)N1CCNCC1,-9.341935483870968,3.470002651546907,46_592
O=C(Nc1cccc(-c2cccc(-c3nc4cc(F)ccc4[nH]3)c2)c1)Nc1cccc(-c2cccc(F)c2F)c1,-9.665151515151516,3.1875244530828533,46_593
O=C(Nc1cccc(-c2cccc(-c3nc4cc(F)ccc4[nH]3)c2)c1)Nc1cccc(-c2cccc(F)c2F)c1,-9.665151515151516,3.1875244530828533,46_594
O=C(Nc1cccc(-c2cccc(F)c2F)c1)Nc1cccc(-c2cccc(-c3nc4cc(F)ccc4[nH]3)c2F)c1,-9.956617647058822,3.128615257744718,46_595
O=C(Nc1cccc(-c2cccc(-c3nc4cc(F)ccc4[nH]3)c2)c1)Nc1cccc(-c2cccc(F)c2F)c1,-9.665151515151516,3.1875244530828533,46_596
O=C(Nc1cccc(-c2cccc(-c3nc4cc(F)ccc4[nH]3)c2)c1)Nc1cccc(-c2cccc(F)c2F)c1,-9.665151515151516,3.1875244530828533,46_597
Cn1c(-c2cccc(-c3cccc(NC(=O)Nc4cccc(-c5cccc(-c6cccc(F)c6)c5)c4)c3)c2)nc2ccccc21,-9.885106382978723,3.0539916384657317,46_598
O=C(Nc1cccc(-c2cccc(-c3nc4ccccc4[nH]3)c2)c1)Nc1cccc(-c2cccc(F)c2F)c1,-9.946206896551724,3.218592063451191,46_599
O=c1[nH]c2ccccc2nc1Nc1cccc(-c2cccc(-c3cccc(C(F)(F)F)c3)c2)c1,-8.9,3.357715372089766,46_600
Cn1c(-c2cccc(-c3cccc(NC(=O)Nc4cccc(-c5cccc(F)c5F)c4)c3)c2)nc2ccccc21,-9.897260273972602,3.216920496534968,46_601
O=C(Nc1cccc(-c2cccc(-c3nc4ccccc4[nH]3)c2)c1)Nc1cccc(-c2cccc(F)c2F)c1,-9.946206896551724,3.218592063451191,46_602
O=C(c1cccc(-c2cccc(-c3ccc4c(c3)OCO4)c2)c1)N1CCN(C(=O)c2ccc3c(c2)OCO3)CC1,-8.4,3.324735075735604,46_603
O=C(Nc1cccc(-c2cccc(-c3cccc(C(F)(F)F)c3)c2)c1)Nc1cccc(-c2cccc(F)c2F)c1,-9.623,2.963519940967514,46_604
Cn1c(-c2cccc(-c3cccc(NC(=O)Nc4cccc(-c5cccc(F)c5F)c4)c3)c2)nc2ccccc21,-9.897260273972602,3.216920496534968,46_605
O=C(Nc1cccc(-c2cccc(-c3cccc(-c4ccccc4F)c3)c2)c1)N1CCNCC1,-9.35886075949367,3.470002651546907,46_606
O=C(Nc1cccc(-c2cccc(-c3nc4cc(F)ccc4[nH]3)c2)c1)Nc1cccc(-c2cccc(F)c2F)c1,-9.665151515151516,3.1875244530828533,46_607
O=C(Nc1cccc(-c2cccc(-c3nc4cc(F)ccc4[nH]3)c2)c1)Nc1cccc(-c2cccc(F)c2F)c1,-9.665151515151516,3.1875244530828533,46_608
Cn1c(-c2cccc(-c3cccc(NC(=O)Nc4cccc(-c5cccc(F)c5F)c4)c3)c2)nc2ccccc21,-9.897260273972602,3.216920496534968,46_609
O=C(Nc1cccc(-c2cccc(F)c2F)c1)Nc1cccc(-c2cccc(-c3nc4cc(F)ccc4[nH]3)c2F)c1,-9.956617647058822,3.128615257744718,46_610
Cn1c(-c2cccc(-c3cccc(NC(=O)Nc4cccc(-c5cccc(C(=O)N6CCOCC6)c5)c4)c3)c2)nc2ccccc21,-9.555696202531646,3.2756851861708367,46_611
O=C(Nc1cccc(-c2cccc(-c3nc4ccccc4[nH]3)c2)c1)Nc1cccc(-c2cccc(F)c2F)c1,-9.946206896551724,3.218592063451191,46_612
O=C(Nc1cccc(-c2cccc(-c3nc4cc(F)ccc4[nH]3)c2)c1)Nc1cccc(-c2cccc(F)c2F)c1,-9.665151515151516,3.1875244530828533,46_613
Cn1c(-c2cccc(-c3cccc(-c4cccc(-c5cccc(N6C(=O)c7ccccc7C6=O)c5)c4)c3)c2)nc2ccccc21,-10.5,3.017628782831756,46_614
Cn1c(-c2cccc(-c3cccc(NC(=O)Nc4cccc(-c5cccc(F)c5F)c4)c3)c2)nc2ccccc21,-9.897260273972602,3.216920496534968,46_615
Cn1c(-c2cccc(-c3cccc(-c4cccc(C(=O)N5CCNCC5)c4)c3)c2)nc2ccccc21,-9.350000000000001,3.480167691596529,46_616
O=C(Nc1cccc(-c2cccc(-c3cccc(-c4nc5ccccc5[nH]4)c3)c2)c1)N1CCNCC1,-9.316666666666666,3.368308336165232,46_617
O=C(Nc1cccc(-c2cccc(-c3nc4cc(F)ccc4[nH]3)c2)c1)Nc1cccc(-c2cccc(F)c2F)c1,-9.665151515151516,3.1875244530828533,46_618
O=C(Nc1cccc(-c2cccc(-c3cccc(-c4ccccc4F)c3)c2)c1)N1CCNCC1,-9.35886075949367,3.470002651546907,46_619
O=C(Nc1cccc(-c2cccc(-c3cccc(-c4ccccc4F)c3)c2)c1)N1CCNCC1,-9.35886075949367,3.470002651546907,46_620
Nc1ncc(-c2cc(N3C[C@@H]4C[C@H]3CO4)nc(-c3cccc(F)c3)n2)cc1NC(=O)c1cccc(-c2ccccc2F)c1,-10.1,3.241596106983072,46_621
O=C(Nc1cccc(-c2cccc(-c3cccc(-c4ccccc4F)c3)c2)c1)N1CCNCC1,-9.35886075949367,3.470002651546907,46_622
O=C(c1cccc(-c2cccc(-c3cccc4ccccc34)c2)c1)N1CCN(C(=O)c2ccc3ccccc3c2)CC1,-9.2,3.1497144483216615,46_623
Cn1c(-c2cccc(-c3cccc(NC(=O)Nc4cccc(-c5cccc(F)c5F)c4)c3)c2)nc2ccccc21,-9.897260273972602,3.216920496534968,46_624
O=C(Nc1cccc(-c2cccc(-c3nc4cc(F)ccc4[nH]3)c2)c1)Nc1cccc(-c2cccc(F)c2F)c1,-9.665151515151516,3.1875244530828533,46_625
O=C(Nc1cccc(-c2cccc(-c3cccc(-c4cccc(-c5nn[nH]n5)c4)c3)c2)c1)N1CCNCC1,-9.75,3.3838192304591175,46_626
Cn1c(-c2cccc(-c3cccc(NC(=O)Nc4cccc(-c5cccc(F)c5F)c4)c3)c2)nc2ccccc21,-9.897260273972602,3.216920496534968,46_627
Cn1c(-c2cccc(-c3cccc(NC(=O)Nc4cccc(-c5cccc(F)c5F)c4)c3)c2)nc2ccccc21,-9.897260273972602,3.216920496534968,46_628
O=C(Nc1cccc(-c2cccc(-c3nc4cc(F)ccc4[nH]3)c2)c1)Nc1cccc(-c2cccc(F)c2F)c1,-9.665151515151516,3.1875244530828533,46_629
Cn1c(-c2cccc(-c3cccc(NC(=O)Nc4cccc(-c5cccc(F)c5F)c4)c3)c2)nc2ccccc21,-9.897260273972602,3.216920496534968,46_630
O=C(Nc1cccc(-c2cccc(-c3cccc(C(F)(F)F)c3)c2)c1)Nc1cccc(-c2cccc(F)c2F)c1,-9.623,2.963519940967514,46_631
N#Cc1cccnc1-c1cccc(-c2cccc(-c3cccc(NC(=O)Nc4cccc(-c5cccc(F)c5F)c4)c3)c2)c1,-8.4,3.188811087549878,46_632
Cn1c(-c2cccc(-c3cccc(NC(=O)Nc4cccc(-c5cccc(F)c5F)c4)c3)c2)nc2ccccc21,-9.897260273972602,3.216920496534968,46_633
O=C(c1cccc(-c2cccc(-c3cccc4ccccc34)c2)c1)N1CCN(C(=O)c2cccc(F)c2F)CC1,-9.5,3.2507959847575894,46_634
O=C(Nc1cccc(-c2cccc(-c3nc4ccccc4[nH]3)c2)c1)Nc1cccc(-c2cccc(F)c2F)c1,-9.946206896551724,3.218592063451191,46_635
O=C(Nc1cccc(-c2cccc(-c3cccc(-c4ccccc4F)c3)c2)c1)N1CCNCC1,-9.35886075949367,3.470002651546907,46_636
Cn1c(-c2cccc(-c3cccc(NC(=O)Nc4cccc(-c5cccc(F)c5F)c4)c3)c2)nc2ccccc21,-9.897260273972602,3.216920496534968,46_637
O=C(Nc1ccccc1F)c1cccc(-c2cccc(-c3cccc(-c4nc5ccccc5[nH]4)c3)c2)c1,-9.1,3.297956728102947,46_638
O=C(c1cccc(-c2cccc(-c3cccc4ccccc34)c2)c1)N1CCN(C2=Nc3ccccc3Nc3ccccc32)CC1,-8.5,2.140003384519569,46_639
O=C(c1cccc(-c2cccc(-c3cccc(CC=CCC4=NC(=O)C4(F)C(F)(F)F)c3)c2)c1)N1CCOCC1,-7.6,3.3131575840900935,46_640
O=C(Nc1cccc(-c2cccc(-c3nc4ccccc4[nH]3)c2)c1)Nc1cccc(-c2cccc(F)c2F)c1,-9.946206896551724,3.218592063451191,46_641
O=C(c1cccc(-c2cccc(C(=O)N3CCN(C(=O)c4cccc(F)c4F)CC3)c2)c1)N1CCOCC1,-8.75,3.588587880517159,46_642
Cn1c(-c2cccc(-c3cccc(NC(=O)Nc4cccc(-c5cccc(C(=O)N6CCOCC6)c5)c4)c3)c2)nc2ccccc21,-9.555696202531646,3.2756851861708367,46_643
O=C(Nc1cccc(-c2cccc(-c3cccc(-c4ccccc4F)c3)c2)c1)N1CCNCC1,-9.35886075949367,3.470002651546907,46_644
O=C(Nc1cccc(-c2cccc(-c3nc4cc(F)ccc4[nH]3)c2)c1)Nc1cccc(-c2cccc(F)c2F)c1,-9.665151515151516,3.1875244530828533,46_645
Cn1c(-c2cccc(-c3cccc(NC(=O)Nc4cccc(-c5cccc(C(=O)N6CCOCC6)c5)c4)c3)c2)nc2ccccc21,-9.555696202531646,3.2756851861708367,46_646
O=C(Nc1cccc(-c2cccc(-c3cccc(-c4ccccc4F)c3)c2)c1)N1CCNCC1,-9.35886075949367,3.470002651546907,46_647
O=C(c1cccc(-c2ccc3c(c2)OCCO3)c1)N1CCN(Cc2ccccc2OC(F)(F)F)CC1,-7.4,3.5787143082295634,46_648
O=C(Nc1cccc(-c2cccc(-c3nc4ccccc4[nH]3)c2)c1)Nc1cccc(-c2cccc(F)c2F)c1,-9.946206896551724,3.218592063451191,46_649
O=C(Nc1cccc(-c2cccc(-c3nc4cc(F)ccc4[nH]3)c2)c1)Nc1cccc(-c2cccc(F)c2F)c1,-9.665151515151516,3.1875244530828533,46_650
O=C1c2cccc3cccc(c23)C(=O)N1c1cccc(-c2cccc(-c3cccc(-c4ccccc4F)c3)c2)c1,-10.1,3.0980053307741002,46_651
O=C(Nc1cccc(-c2cccc(-c3nc4ccccc4[nH]3)c2)c1)Nc1cccc(-c2cccc(F)c2F)c1,-9.946206896551724,3.218592063451191,46_652
O=C(Nc1cccc(-c2cccc(-c3nc4cc(F)ccc4[nH]3)c2)c1)Nc1cccc(-c2cccc(F)c2F)c1,-9.665151515151516,3.1875244530828533,46_653
Cn1c(-c2cccc(-c3cccc(NC(=O)Nc4cccc(-c5cccc(F)c5F)c4)c3)c2)nc2ccccc21,-9.897260273972602,3.216920496534968,46_654
O=C(Nc1cccc(-c2cccc(-c3nc4cc(F)ccc4[nH]3)c2)c1)Nc1cccc(-c2cccc(F)c2F)c1,-9.665151515151516,3.1875244530828533,46_655
O=C(Nc1cccc(-c2cccc(F)c2F)c1)Nc1cccc(-c2cccc(-c3nc4cc(F)ccc4[nH]3)c2F)c1,-9.956617647058822,3.128615257744718,46_656
Cn1c(-c2cccc(-c3cccc(NC(=O)Nc4cccc(-c5cccc(-c6cccc(F)c6)c5)c4)c3)c2)nc2ccccc21,-9.885106382978723,3.0539916384657317,46_657
O=C(Nc1cccc(-c2cccc(-c3nc4cc(F)ccc4[nH]3)c2)c1)Nc1cccc(-c2cccc(F)c2F)c1,-9.665151515151516,3.1875244530828533,46_658
O=C(Nc1cccc(-c2cccc(-c3cccc(C(F)(F)F)c3)c2)c1)Nc1cccc(-c2cccc(F)c2F)c1,-9.623,2.963519940967514,46_659
Cn1c(-c2cccc(-c3cccc(NC(=O)Nc4cccc(-c5cccc(F)c5F)c4)c3)c2)nc2ccccc21,-9.897260273972602,3.216920496534968,46_660
O=C(Nc1cccc(-c2cccc(-c3nc4cc(F)ccc4[nH]3)c2)c1)Nc1cccc(-c2cccc(F)c2F)c1,-9.665151515151516,3.1875244530828533,46_661
O=C(Nc1cccc(-c2cccc(-c3nc4ccccc4[nH]3)c2)c1)Nc1cccc(-c2cccc(F)c2F)c1,-9.946206896551724,3.218592063451191,46_662
Cn1c(-c2cccc(-c3cccc(NC(=O)Nc4cccc(-c5cccc(-c6ncccc6C#N)c5)c4)c3)c2)nc2ccccc21,-8.916666666666666,3.0906607506690618,46_663
O=C(Nc1cccc(-c2cccc(-c3nc4ccccc4[nH]3)c2)c1)Nc1cccc(-c2cccc(F)c2F)c1,-9.946206896551724,3.218592063451191,46_664
Cn1c(-c2cccc(-c3cccc(NC(=O)Nc4cccc(-c5cccc(F)c5F)c4)c3)c2)nc2ccccc21,-9.897260273972602,3.216920496534968,46_665
O=C(Nc1cccc(-c2cccc(-c3nc4ccccc4[nH]3)c2)c1)Nc1cccc(-c2cccc(F)c2F)c1,-9.946206896551724,3.218592063451191,46_666
O=C1N=C(C=CCCc2cccc(-c3cccc(-c4cccc(-c5ccccc5F)c4)c3)c2)C1N1CCNCC1,-7.9,3.3452651466866565,46_667
Cn1c(-c2cccc(-c3cccc(NC(=O)Nc4cccc(-c5ccc6c(c5)OCO6)c4)c3)c2)nc2ccccc21,-9.933333333333334,3.3030357053717445,46_668
O=C(Nc1cccc(-c2cccc(F)c2F)c1)Nc1cc(-c2cccc(-n3ccnc3)c2)nc2ccccc12,-9.6,3.4042494324359147,46_669
O=C(Nc1cccc(-c2cccc(-c3nc4cc(F)ccc4[nH]3)c2)c1)Nc1cccc(-c2cccc(F)c2F)c1,-9.665151515151516,3.1875244530828533,46_670
O=C(Nc1cccc(-c2cccc(F)c2F)c1)Nc1cccc(-c2cccc(-c3nc4cc(F)ccc4[nH]3)c2F)c1,-9.956617647058822,3.128615257744718,46_671
Cn1c(-c2cccc(-c3cccc(NC(=O)Nc4cccc(-c5cccc(F)c5F)c4)c3)c2)nc2ccccc21,-9.897260273972602,3.216920496534968,46_672
O=C(Nc1cccc(-c2cccc(-c3cccc(-c4ccccc4F)c3)c2)c1)N1CCNCC1,-9.35886075949367,3.470002651546907,46_673
O=C(Nc1cccc(-c2cccc(F)c2F)c1)Nc1cccc(-c2cccc(-c3nc4cc(F)ccc4[nH]3)c2F)c1,-9.956617647058822,3.128615257744718,46_674
O=C(Nc1cccc(-c2cccc(F)c2F)c1)Nc1cccc(-c2cccc(-c3nc4cc(F)ccc4[nH]3)c2F)c1,-9.956617647058822,3.128615257744718,46_675
Cn1c(-c2cccc(-c3cccc(NC(=O)Nc4cccc(-c5cccc(F)c5F)c4)c3)c2)nc2ccccc21,-9.897260273972602,3.216920496534968,46_676
O=C(Nc1cccc(-c2cccc(-c3cccc(-c4ccccc4F)c3)c2)c1)N1CCNCC1,-9.35886075949367,3.470002651546907,46_677
O=C(Nc1cccc(-c2cccc(-c3nc4ccccc4[nH]3)c2)c1)Nc1cccc(-c2cccc(F)c2F)c1,-9.946206896551724,3.218592063451191,46_678
Cn1c(-c2cccc(-c3cccc(NC(=O)Nc4cccc(-c5cccc(-c6cccc(F)c6)c5)c4)c3)c2)nc2ccccc21,-9.885106382978723,3.0539916384657317,46_679
O=C(Nc1cccc(-c2cccc(-c3cccc(-c4ccccc4F)c3)c2)c1)N1CCNCC1,-9.35886075949367,3.470002651546907,46_680
O=C(Nc1cccc(-c2cccc(-c3nc4cc(F)ccc4[nH]3)c2)c1)Nc1cccc(-c2cccc(F)c2F)c1,-9.665151515151516,3.1875244530828533,46_681
O=C(Nc1cccc(-c2cccc(-c3nc4ccccc4[nH]3)c2)c1)Nc1cccc(-c2cccc(F)c2F)c1,-9.946206896551724,3.218592063451191,46_682
O=C(Nc1cccc(-c2cccc(F)c2F)c1)Nc1cccc(-c2cccc(-c3nc4cc(F)ccc4[nH]3)c2F)c1,-9.956617647058822,3.128615257744718,46_683
Cn1c(-c2cccc(-c3cccc(NC(=O)Nc4cccc(-c5cccc(C(=O)N6CCOCC6)c5)c4)c3)c2)nc2ccccc21,-9.555696202531646,3.2756851861708367,46_684
Cn1c(-c2cccc(-c3cccc(NC(=O)Nc4cccc(-c5cccc(F)c5F)c4)c3)c2)nc2ccccc21,-9.897260273972602,3.216920496534968,46_685
O=C(Nc1ccc2c(c1)OCO2)c1ccc(-c2cccc3ccccc23)cc1Oc1cccc(-c2cccc(-c3cccc4ccccc34)c2)c1,-9.3,2.9265046091196,46_686
O=C(Nc1cccc(-c2cccc(-c3nc4ccccc4[nH]3)c2)c1)Nc1cccc(-c2cccc(F)c2F)c1,-9.946206896551724,3.218592063451191,46_687
Cn1c(-c2cccc(-c3cccc(NC(=O)Nc4cccc(-c5cccc(-c6cccc(F)c6)c5)c4)c3)c2)nc2ccccc21,-9.885106382978723,3.0539916384657317,46_688
O=C(Nc1cccnc1)c1cccc(-c2cccc(-c3cccc(-c4cccc(-c5cccc(F)c5)c4)c3)c2)c1,-9.7,3.175570101462325,46_689
O=c1[nH]c2cccc(-c3cccc(-c4cccc(-c5cccc(-c6ccccc6F)c5)c4)c3)c2s1,-10.0,3.2767688906317383,46_690
O=C(Nc1cccc(-c2cccc(-c3nc4cc(F)ccc4[nH]3)c2)c1)Nc1cccc(-c2cccc(F)c2F)c1,-9.665151515151516,3.1875244530828533,46_691
Cn1c(-c2cccc(-c3cccc(NC(=O)Nc4cccc(-c5cccc(F)c5F)c4)c3)c2)nc2ccccc21,-9.897260273972602,3.216920496534968,46_692
O=C(Nc1cccc(-c2cccc(F)c2F)c1)Nc1cccc(-c2cccc(-c3nc4cc(F)ccc4[nH]3)c2F)c1,-9.956617647058822,3.128615257744718,46_693
O=C(Nc1cccc(-c2cccc(F)c2F)c1)Nc1cccc(-c2cccc(-c3nc4cc(F)ccc4[nH]3)c2F)c1,-9.956617647058822,3.128615257744718,46_694
O=C(Nc1cccc(-c2cccc(F)c2F)c1)Nc1cccc(-c2cccc(-c3nc4cc(F)ccc4[nH]3)c2F)c1,-9.956617647058822,3.128615257744718,46_695
O=C(Nc1cccc(-c2cccc(-c3cccc(-c4cccc(F)c4)c3)c2)c1)N1CCNCC1,-9.341935483870968,3.470002651546907,46_696
O=C(Nc1cccc(-c2cccc(-c3cccc(C(=O)N4CCOCC4)c3)c2)c1)N1CCNCC1,-9.00263157894737,3.6199094052700564,46_697
O=C(Nc1cccc(-c2cccc(-c3nc4ccccc4[nH]3)c2)c1)Nc1cccc(-c2cccc(F)c2F)c1,-9.946206896551724,3.218592063451191,46_698
O=C(Nc1cccc(-c2cccc(-c3cccc(C(=O)N4CCOCC4)c3)c2)c1)N1CCNCC1,-9.00263157894737,3.6199094052700564,46_699
O=C(Nc1cccc(-c2cccc(-c3cccc(-c4ccccc4F)c3)c2)c1)N1CCNCC1,-9.35886075949367,3.470002651546907,46_700
O=C(c1cccc(-c2cccc(-c3ccc4c(c3)OCO4)c2)c1)N1CCN(C(=O)c2cccc(C(F)(F)F)c2)CC1,-9.6,3.3948006357569396,46_701
O=C(c1cccc(-c2cccc(-c3cccc(-c4nc5ccccc5[nH]4)c3)c2)c1)N1CCNCC1,-9.483333333333334,3.440998249723921,46_702
O=C(Nc1cccc(-c2cccc(-c3cccc(-c4nn[nH]n4)c3)c2)c1)Nc1cccc(-c2cccc(F)c2F)c1,-9.606122448979592,3.286971097546113,46_703
O=C(c1cccc(-c2cccc(-c3cccc(-c4nn[nH]n4)c3)c2)c1)N1CCNCC1,-8.907692307692306,3.6709921779215158,46_704
O=C(c1cccc(-c2cccc(-c3cccc(-c4nn[nH]n4)c3)c2)c1)N1CCNCC1,-8.907692307692306,3.6709921779215158,46_705
O=C(Nc1cccc(-c2cccc(F)c2F)c1)Nc1cccc(-c2cccc(-c3nc4cc(F)ccc4[nH]3)c2F)c1,-9.956617647058822,3.128615257744718,46_706
O=C(Nc1cccc(-c2cccc(-c3nc4ccccc4[nH]3)c2)c1)Nc1cccc(-c2cccc(F)c2F)c1,-9.946206896551724,3.218592063451191,46_707
O=C(Nc1cccc(-c2cccc(-c3cccc(-c4ccccc4F)c3)c2)c1)N1CCNCC1,-9.35886075949367,3.470002651546907,46_708
O=C(Nc1cccc(-c2cccc(-c3cccc(C(=O)N4CCOCC4)c3)c2)c1)N1CCNCC1,-9.00263157894737,3.6199094052700564,46_709
Cn1c(-c2cccc(-c3cccc(NC(=O)Nc4cccc(-c5cccc(F)c5F)c4)c3)c2)nc2ccccc21,-9.897260273972602,3.216920496534968,46_710
O=C(Nc1cccc2[nH]ncc12)N1CCC(c2cccc(-c3cccc(-c4nn[nH]n4)c3)c2)CC1,-8.7,3.4171863296272402,46_711
O=C(Nc1cccc(-c2cccc(-c3nc4ccccc4[nH]3)c2)c1)Nc1cccc(-c2cccc(F)c2F)c1,-9.946206896551724,3.218592063451191,46_712
O=C(Nc1cccc(-c2cccc(-c3cccc(-c4ccccc4F)c3)c2)c1)N1CCNCC1,-9.35886075949367,3.470002651546907,46_713
O=C(Nc1cccc(Cl)c1)Nc1cccc(-c2cccc(-c3cccc(-c4cccc(-c5ccccc5F)c4)c3)c2)c1,-9.6,2.96864336351362,46_714
Cn1c(-c2cccc(-c3cccc(NC(=O)Nc4cccc(-c5cccc(C(=O)N6CCOCC6)c5)c4)c3)c2)nc2ccccc21,-9.555696202531646,3.2756851861708367,46_715
O=C(Nc1nc2ccccc2s1)c1cccc(-c2cccc(-c3cccc(-c4cccc(-c5nn[nH]n5)c4)c3)c2)c1,-9.6,3.325371665203612,46_716
Cn1c(-c2cccc(-c3cccc(NC(=O)Nc4cccc(-c5cccc(F)c5F)c4)c3)c2)nc2ccccc21,-9.897260273972602,3.216920496534968,46_717
O=C(Nc1cccc(-c2cccc(-c3cccc(C(=O)N4CCOCC4)c3)c2)c1)N1CCNCC1,-9.00263157894737,3.6199094052700564,46_718
Cn1c(-c2cccc(-c3cccc(NC(=O)Nc4cccc(-c5cccc(-c6n[nH]c(=O)[nH]6)c5)c4)c3)c2)nc2ccccc21,-10.0,3.0553327705498194,46_719
Cn1c(-c2cccc(-c3cccc(NC(=O)Nc4cccc(-c5cccc(F)c5F)c4)c3)c2)nc2ccccc21,-9.897260273972602,3.216920496534968,46_720
O=C(Nc1ccccc1)Nc1cccc(-c2cccc(-c3cccc(-c4cccc(-c5nn[nH]n5)c4)c3)c2)c1,-9.8,3.3075243183736602,46_721
O=C(Nc1cccc(-c2cccc(-c3nc4cc(F)ccc4[nH]3)c2)c1)Nc1cccc(-c2cccc(F)c2F)c1,-9.665151515151516,3.1875244530828533,46_722
O=C(Nc1cccc(-c2cccc(-c3nc4cc(F)ccc4[nH]3)c2)c1)Nc1cccc(-c2cccc(F)c2F)c1,-9.665151515151516,3.1875244530828533,46_723
O=C(Nc1ccccc1)c1cccc(-c2cccc(-c3cccc(-c4cccc(F)c4)c3)c2)c1,-9.0,3.188129789925851,46_724
O=C(Nc1cccc(-c2cccc(-c3cccc(C(F)(F)F)c3)c2)c1)Nc1cccc(-c2ccc3c(c2)OCO3)c1,-10.1,3.2425006084253294,46_725
Cn1c(-c2cccc(-c3cccc(NC(=O)Nc4cccc(-c5cccc(F)c5F)c4)c3)c2)nc2ccccc21,-9.897260273972602,3.216920496534968,46_726
O=C(Nc1cccc(-c2cccc(-c3nc4cc(F)ccc4[nH]3)c2)c1)Nc1cccc(-c2cccc(F)c2F)c1,-9.665151515151516,3.1875244530828533,46_727
O=C(Nc1ccccn1)c1cccc(-c2cccc(-c3cccc(-c4cccc(C(=O)N5CCOCC5)c4)c3)c2)c1,-9.4,3.3891663118074398,46_728
O=C(Nc1cccc(-c2cccc(-c3cccc(C(F)(F)F)c3)c2)c1)Nc1cccc(-c2cccc(F)c2F)c1,-9.623,2.963519940967514,46_729
Cc1cc(Nc2nccc(-c3cccc(-c4ccc5c(c4)OCCO5)c3F)n2)ccc1C(=O)NC1CC1,-8.0,3.485367108153037,46_730
O=C(Nc1cccc(-c2cccc(C(=O)N3CCOCC3)c2)c1)Nc1cccc(-c2cccc(-c3ccccc3F)c2)c1,-9.9,3.247211717276712,46_731
O=C(Nc1cccc(-c2cccc(-c3cccc(-c4cccc(F)c4)c3)c2)c1)N1CCNCC1,-9.341935483870968,3.470002651546907,46_732
Cn1c(-c2cccc(-c3cccc(NC(=O)Nc4cccc(-c5cccc(F)c5F)c4)c3)c2)nc2ccccc21,-9.897260273972602,3.216920496534968,46_733
O=[N+]([O-])c1cn2c(n1)OC[C@@H](Oc1cccc(-c3cccc(C(F)(F)F)c3)c1)C2,-7.7,3.583035032584938,46_734
Cn1c(-c2cccc(-c3cccc(NC(=O)Nc4cccc(-c5cccc(C(=O)N6CCOCC6)c5)c4)c3)c2)nc2ccccc21,-9.555696202531646,3.2756851861708367,46_735
O=C(Nc1cccc(-c2cccc(F)c2F)c1)Nc1cccc(-c2cccc(-c3nc4cc(F)ccc4[nH]3)c2F)c1,-9.956617647058822,3.128615257744718,46_736
Cn1c(-c2cccc(-c3cccc(NC(=O)Nc4cccc(-c5cccc(F)c5F)c4)c3)c2)nc2ccccc21,-9.897260273972602,3.216920496534968,46_737
O=C(Nc1cccc(-c2cccc(-c3cccc(-c4ccccc4F)c3)c2)c1)N1CCNCC1,-9.35886075949367,3.470002651546907,46_738
Cn1c(-c2cccc(-c3cccc(NC(=O)Nc4cccc(-c5cccc(F)c5F)c4)c3)c2)nc2ccccc21,-9.897260273972602,3.216920496534968,46_739
O=C(Nc1cccc(-c2cccc(-c3nc4ccccc4[nH]3)c2)c1)Nc1cccc(-c2cccc(F)c2F)c1,-9.946206896551724,3.218592063451191,46_740
Cn1c(-c2cccc(-c3cccc(NC(=O)Nc4cccc(-c5cccc(F)c5F)c4)c3)c2)nc2ccccc21,-9.897260273972602,3.216920496534968,46_741
Cn1c(-c2cccc(-c3cccc(NC(=O)Nc4cccc(-c5cccc(C(=O)N6CCOCC6)c5)c4)c3)c2)nc2ccccc21,-9.555696202531646,3.2756851861708367,46_742
Cn1c(-c2cccc(-c3cccc(NC(=O)Nc4cccc(-c5cccc(F)c5F)c4)c3)c2)nc2ccccc21,-9.897260273972602,3.216920496534968,46_743
O=C(Nc1cccc(-c2ccc3c(c2)OCCO3)c1)c1cc(-c2ccccc2)nc2ccccc12,-9.1,3.461887826355361,46_744
Cn1c(-c2cccc(-c3cccc(NC(=O)Nc4cccc(-c5cccc(F)c5F)c4)c3)c2)nc2ccccc21,-9.897260273972602,3.216920496534968,46_745
O=CCC(=Nc1cccc(-c2cccc(-c3nc4cc(F)ccc4[nH]3)c2)c1)C1CC2OCC(=CC2Nc2cccc(-c3ccc4c(c3)OCO4)c2)CO1,-7.3,0.6733164589190856,46_746
O=C(Nc1cccc(-c2cccc(-c3nc4ccccc4[nH]3)c2)c1)Nc1cccc(-c2cccc(F)c2F)c1,-9.946206896551724,3.218592063451191,46_747
O=C(Nc1cccc(-c2cccc(-c3nc4ccccc4[nH]3)c2)c1)Nc1cccc(-c2cccc(F)c2F)c1,-9.946206896551724,3.218592063451191,46_748
Cn1c(-c2cccc(-c3cccc(NC(=O)Nc4cccc(-c5cccc(-c6ncccc6C#N)c5)c4)c3)c2)nc2ccccc21,-8.916666666666666,3.0906607506690618,46_749
O=C(Nc1cccc(-c2cccc(-c3nc4ccccc4[nH]3)c2)c1)Nc1cccc(-c2cccc(F)c2F)c1,-9.946206896551724,3.218592063451191,46_750
O=C(Nc1cccc(-c2cccc(-c3cccc(-c4cccc(F)c4)c3)c2)c1)N1CCNCC1,-9.341935483870968,3.470002651546907,46_751
O=C(Nc1cccc(-c2cccc(-c3nc4ccccc4[nH]3)c2)c1)Nc1cccc(-c2cccc(F)c2F)c1,-9.946206896551724,3.218592063451191,46_752
O=C(Nc1cccc(-c2cccc(-c3nc4ccccc4[nH]3)c2)c1)Nc1cccc(-c2cccc(F)c2F)c1,-9.946206896551724,3.218592063451191,46_753
O=C(Nc1cccc(-c2cccc(-c3nc4cc(F)ccc4[nH]3)c2)c1)Nc1cccc(-c2cccc(F)c2F)c1,-9.665151515151516,3.1875244530828533,46_754
O=C(Nc1cccc(-c2cccc(-c3cccc(-c4cccc(F)c4)c3)c2)c1)N1CCNCC1,-9.341935483870968,3.470002651546907,46_755
Cn1c(-c2cccc(-c3cccc(NC(=O)Nc4cccc(-c5cccc(F)c5F)c4)c3)c2)nc2ccccc21,-9.897260273972602,3.216920496534968,46_756
O=C(Nc1nc(-c2cccc(-c3cccc(-c4ccccc4F)c3)c2)cs1)N1CCNCC1,-8.7,3.616444067093271,46_757
O=C(Nc1cccc(-c2cccc(-c3nc4ccccc4[nH]3)c2)c1)Nc1cccc(-c2cccc(F)c2F)c1,-9.946206896551724,3.218592063451191,46_758
O=C(c1cccc(-c2cccc(-c3nc4ccccc4[nH]3)c2)c1)N1CCN(C(=O)c2ccccc2F)CC1,-10.3,3.4726691133897107,46_759
O=C(Nc1cccc(-c2cccc(-c3nc4ccccc4[nH]3)c2)c1)Nc1cccc(-c2cccc(F)c2F)c1,-9.946206896551724,3.218592063451191,46_760
O=C(Nc1cccc(-c2cccc(F)c2F)c1)Nc1cccc(-c2cccc(-c3nc4cc(F)ccc4[nH]3)c2F)c1,-9.956617647058822,3.128615257744718,46_761
O=C(Nc1cccc(-c2cccc(F)c2F)c1)Nc1cccc(-c2cccc(-c3cc4ccccc4[nH]3)c2F)c1,-11.0,3.060825964797483,46_762
Cn1c(-c2cccc(-c3cccc(NC(=O)Nc4cccc(-c5cccc(F)c5F)c4)c3)c2)nc2ccccc21,-9.897260273972602,3.216920496534968,46_763
O=C(Nc1cccc(-c2cccc(-c3cccc(C(F)(F)F)c3)c2)c1)Nc1cccc(-c2cccc(F)c2F)c1,-9.623,2.963519940967514,46_764
O=C(Nc1cccc(-c2cccc(-c3nc4ccccc4[nH]3)c2)c1)Nc1cccc(-c2cccc(F)c2F)c1,-9.946206896551724,3.218592063451191,46_765
O=C(Nc1cccc(-c2cccc(-c3nc4cc(F)ccc4[nH]3)c2)c1)Nc1cccc(-c2cccc(F)c2F)c1,-9.665151515151516,3.1875244530828533,46_766
Cn1c(-c2cccc(-c3cccc(NC(=O)Nc4cccc(-c5cccc(F)c5F)c4)c3)c2)nc2ccccc21,-9.897260273972602,3.216920496534968,46_767
O=C(Nc1cccc(-c2cccc(-c3nc4cc(F)ccc4[nH]3)c2)c1)Nc1cccc(-c2cccc(F)c2F)c1,-9.665151515151516,3.1875244530828533,46_768
O=C(c1cccc(-c2cccc(-c3cccc(C(F)(F)F)c3)c2)c1)N1CCNCC1,-8.566666666666666,3.642566566269835,46_769
O=C(Nc1cccc(-c2cccc(-c3nc4cc(F)ccc4[nH]3)c2)c1)Nc1cccc(-c2cccc(F)c2F)c1,-9.665151515151516,3.1875244530828533,46_770
Cn1c(-c2cccc(-c3cccc(NC(=O)Nc4cccc(-c5cccc(F)c5F)c4)c3)c2)nc2ccccc21,-9.897260273972602,3.216920496534968,46_771
O=C(Nc1cccc(-c2cccc(-c3cccc(-c4cccc(F)c4)c3)c2)c1)N1CCNCC1,-9.341935483870968,3.470002651546907,46_772
O=C(Nc1cccc(-c2cccc(-c3nc4cc(F)ccc4[nH]3)c2)c1)Nc1cccc(-c2cccc(F)c2F)c1,-9.665151515151516,3.1875244530828533,46_773
O=C(Nc1cccc(-c2cccc(-c3nc4cc(F)ccc4[nH]3)c2)c1)Nc1cccc(-c2cccc(F)c2F)c1,-9.665151515151516,3.1875244530828533,46_774
O=C(Nc1cccc(-c2cccc(-c3cccc(-c4nn[nH]n4)c3)c2)c1)Nc1cccc(-c2cccc(F)c2F)c1,-9.606122448979592,3.286971097546113,46_775
O=C(Nc1cccc(-c2cccc(-c3cccc(-c4nc5ccccc5[nH]4)c3)c2)c1)N1CCNCC1,-9.316666666666666,3.368308336165232,46_776
O=C(Nc1ccccc1)c1nc(Nc2cccc(F)c2F)nc(-c2cccc(-c3cccc(C(F)(F)F)c3)c2)n1,-9.3,3.2396270524945336,46_777
O=C(Nc1cccc(-c2cccc(F)c2F)c1)Nc1cccc(-c2cccc(-c3nc4cc(F)ccc4[nH]3)c2F)c1,-9.956617647058822,3.128615257744718,46_778
Cn1c(-c2cccc(-c3cccc(NC(=O)Nc4cccc(-c5cccc(F)c5F)c4)c3)c2)nc2ccccc21,-9.897260273972602,3.216920496534968,46_779
O=C(Nc1cccc(-c2cccc(-c3nc4cc(F)ccc4[nH]3)c2)c1)Nc1cccc(-c2cccc(F)c2F)c1,-9.665151515151516,3.1875244530828533,46_780
O=C(NCCC#Cc1ccccc1-c1nc(-c2cccc3ccccc23)c[nH]1)c1ccccc1-n1nccn1,-8.6,3.3285568593738333,46_781
O=C(c1cccc(-c2cccc(-c3cccc(C(=O)N4CCOCC4)c3)c2)c1)N1CCNCC1,-8.911111111111111,3.649506152725788,46_782
O=C(Nc1cccc(-c2cccc(F)c2F)c1)Nc1cccc(-c2cccc(-c3nc4cc(F)ccc4[nH]3)c2F)c1,-9.956617647058822,3.128615257744718,46_783
O=C(Nc1cccc(-c2cccc(-c3cccc(-c4ccccc4F)c3)c2)c1)N1CCNCC1,-9.35886075949367,3.470002651546907,46_784
O=C(N[C@@H]1CC[C@@H](c2nc3cc(-c4cccc(F)c4F)ccc3[nH]2)C1)c1cccc(-c2cccc3ccccc23)c1,-8.8,3.221855550269883,46_785
O=C(Nc1cccc(-c2cccc(-c3nc4ccccc4[nH]3)c2)c1)Nc1cccc(-c2cccc(F)c2F)c1,-9.946206896551724,3.218592063451191,46_786
O=C(Nc1cccc(-c2cccc(-c3nc4ccccc4[nH]3)c2)c1)Nc1cccc(-c2cccc(F)c2F)c1,-9.946206896551724,3.218592063451191,46_787
O=C(Nc1cccc(-c2cccc(-c3nc4cc(F)ccc4[nH]3)c2)c1)Nc1cccc(-c2cccc(F)c2F)c1,-9.665151515151516,3.1875244530828533,46_788
O=S(=O)(Nc1ccc(Cl)cc1)c1cccc(-c2cccc(-c3cccc(-c4cccc(-c5nn[nH]n5)c4)c3)c2)c1,-9.5,3.3360845047930043,46_789
O=C(Nc1cccc(-c2cccc(-c3nc4cc(F)ccc4[nH]3)c2)c1)Nc1cccc(-c2cccc(F)c2F)c1,-9.665151515151516,3.1875244530828533,46_790
O=C(Nc1cccc(-c2cccc(-c3nc4cc(F)ccc4[nH]3)c2)c1)Nc1cccc(-c2cccc(F)c2F)c1,-9.665151515151516,3.1875244530828533,46_791
O=C(Nc1cccc(-c2cccc(-c3cccc(-c4ccccc4F)c3)c2)c1)N1CCNCC1,-9.35886075949367,3.470002651546907,46_792
O=C(Nc1cccc(-c2cccc(-c3nc4ccccc4[nH]3)c2)c1)Nc1cccc(-c2cccc(F)c2F)c1,-9.946206896551724,3.218592063451191,46_793
O=C(Nc1cccc(-c2cccc(-c3nc4cc(F)ccc4[nH]3)c2)c1)Nc1cccc(-c2cccc(F)c2F)c1,-9.665151515151516,3.1875244530828533,46_794
O=C(Nc1cccc(-c2cccc(F)c2F)c1)Nc1cccc(-c2cccc(-c3nc4cc(F)ccc4[nH]3)c2F)c1,-9.956617647058822,3.128615257744718,46_795
O=C(Nc1cccc(-c2cccc(-c3nc4ccccc4[nH]3)c2)c1)Nc1cccc(-c2cccc(F)c2F)c1,-9.946206896551724,3.218592063451191,46_796
O=C(Nc1cccc(-c2cccc(-c3cccc(-c4ccccc4F)c3)c2)c1)N1CCNCC1,-9.35886075949367,3.470002651546907,46_797
O=C(Nc1cccc(-c2cccc(-c3nc4ccccc4[nH]3)c2)c1)Nc1cccc(-c2cccc(F)c2F)c1,-9.946206896551724,3.218592063451191,46_798
Cn1c(-c2cccc(-c3cccc(NC(=O)Nc4cccc(-c5cccc(F)c5F)c4)c3)c2)nc2ccccc21,-9.897260273972602,3.216920496534968,46_799
O=C(Nc1cccc(-c2cccc(-c3nc4cc(F)ccc4[nH]3)c2)c1)Nc1cccc(-c2cccc(F)c2F)c1,-9.665151515151516,3.1875244530828533,46_800
O=C(Nc1cccc(-c2cccc(-c3nc4cc(F)ccc4[nH]3)c2)c1)Nc1cccc(-c2cccc(F)c2F)c1,-9.665151515151516,3.1875244530828533,46_801
Cn1c(-c2cccc(-c3cccc(NC(=O)Nc4cccc(-c5cccc(C(=O)N6CCOCC6)c5)c4)c3)c2)nc2ccccc21,-9.555696202531646,3.2756851861708367,46_802
O=C(Nc1cccc(-c2cccc(F)c2F)c1)Nc1cccc(-c2cccc(-c3nc4cc(F)ccc4[nH]3)c2F)c1,-9.956617647058822,3.128615257744718,46_803
O=C(Nc1cccc(-c2cccc(-c3nc4ccccc4[nH]3)c2)c1)Nc1cccc(-c2cccc(F)c2F)c1,-9.946206896551724,3.218592063451191,46_804
O=C(c1cccc(-c2cccc(-c3cccc(C(F)(F)F)c3)c2)c1)N1CCNCC1,-8.566666666666666,3.642566566269835,46_805
O=C(Nc1cccc(-c2cccc(F)c2F)c1)Nc1cc(-c2cccc(-c3cccc4ccccc34)c2)ccn1,-10.9,3.212352315491669,46_806
Cn1c(-c2cccc(-c3cccc(NC(=O)Nc4cccc(-c5cccc(F)c5F)c4)c3)c2)nc2ccccc21,-9.897260273972602,3.216920496534968,46_807
O=C(Nc1cccc(-c2cccc(-c3cccc(-c4nn[nH]n4)c3)c2)c1)Nc1cccc(-c2cccc(F)c2F)c1,-9.606122448979592,3.286971097546113,46_808
O=C(Nc1cccc(-c2cccc(-c3nc4cc(F)ccc4[nH]3)c2)c1)Nc1cccc(-c2cccc(F)c2F)c1,-9.665151515151516,3.1875244530828533,46_809
O=C(Nc1cccc(-c2cccc(-c3nc4ccccc4[nH]3)c2)c1)Nc1cccc(-c2cccc(F)c2F)c1,-9.946206896551724,3.218592063451191,46_810
O=C(Nc1cccc(-c2cccc(-c3nc4ccccc4[nH]3)c2)c1)Nc1cccc(-c2cccc(F)c2F)c1,-9.946206896551724,3.218592063451191,46_811
O=C(Nc1cccc(-c2cccc(-c3cccc(-c4cccc(F)c4)c3)c2)c1)N1CCNCC1,-9.341935483870968,3.470002651546907,46_812
O=C(Nc1cccc(-c2cccc(-c3cccc(-c4ccccc4F)c3)c2)c1)N1CCNCC1,-9.35886075949367,3.470002651546907,46_813
O=C(Nc1cccc(-c2cccc(F)c2F)c1)Nc1cccc(-c2cccc(-c3nc4cc(F)ccc4[nH]3)c2F)c1,-9.956617647058822,3.128615257744718,46_814
Cn1c(-c2cccc(-c3cccc(NC(=O)Nc4cccc(-c5cccc(F)c5F)c4)c3)c2)nc2ccccc21,-9.897260273972602,3.216920496534968,46_815
C=C(C=CC=CC(=C)C=CC=CN1C(=O)c2ccccc2C1=O)C=CC=CC(F)F,-6.7,3.332684853731479,46_816
ON=C(O)/C=C/c1cccc(-c2cccc(-c3ccc4c(c3)OCCO4)c2F)c1,-7.9,3.4197016557751843,46_817
Fc1cccc(-c2cccc(-c3cccc(-c4nc5cc(F)ccc5[nH]4)c3)c2)c1,-8.8,3.3100515301243494,46_818
O=C(Nc1cccc(-c2cccc(-c3nc4cc(F)ccc4[nH]3)c2)c1)Nc1cccc(-c2cccc(F)c2F)c1,-9.665151515151516,3.1875244530828533,46_819
O=C(Nc1cccc(-c2cccc(F)c2F)c1)Nc1cccc(-c2cccc(-c3nc4cc(F)ccc4[nH]3)c2Cl)c1,-9.0,3.156924248681744,46_820
O=c1c2cnc3ccccc3c2ncn1Cc1cccc(-c2cccc(F)c2F)c1,-8.0,3.4750210837068902,46_821
O=C(Nc1cccc(-c2cccc(-c3nc4cc(F)ccc4[nH]3)c2)c1)Nc1cccc(-c2cccc(F)c2F)c1,-9.665151515151516,3.1875244530828533,46_822
O=C(Nc1cccc(-c2cccc(-c3cccc(-c4ccccc4F)c3)c2)c1)N1CCNCC1,-9.35886075949367,3.470002651546907,46_823
O=C(Nc1cccc(-c2cccc(-c3nc4cc(F)ccc4[nH]3)c2)c1)Nc1cccc(-c2cccc(F)c2F)c1,-9.665151515151516,3.1875244530828533,46_824
O=C(Nc1cccc(-c2cccc(F)c2F)c1)Nc1cccc(-c2cccc(-c3nc4cc(F)ccc4[nH]3)c2F)c1,-9.956617647058822,3.128615257744718,46_825
COc1ccc2c(CN3c4ccccc4C=Cc4cc(F)ccc43)cc(=O)oc2c1,-8.0,2.5459635999549572,46_826
Cn1c(-c2cccc(-c3cccc(NC(=O)Nc4cccc(-c5cccc(-c6ncccc6C#N)c5)c4)c3)c2)nc2ccccc21,-8.916666666666666,3.0906607506690618,46_827
O=C(Nc1cccc(-c2cccc(-c3cccc(C(F)(F)F)c3)c2)c1)Nc1cccc(-c2cccc(F)c2F)c1,-9.623,2.963519940967514,46_828
O=C(Nc1cccc(-c2cccc(-c3cccc(F)c3)c2)c1)Nc1cccc(-c2cccc(-c3nc4ccccc4n3F)c2)c1,-10.6,3.155730645371215,46_829
O=C(Nc1cccc(-c2cccc(-c3cccc(C(=O)N4CCOCC4)c3)c2)c1)N1CCNCC1,-9.00263157894737,3.6199094052700564,46_830
O=C(Nc1cccc(-c2cccc(F)c2F)c1)Nc1cccc(-c2cccc(-c3nc4cc(F)ccc4[nH]3)c2F)c1,-9.956617647058822,3.128615257744718,46_831
O=C(Nc1cccc(-c2cccc(-c3nc4ccccc4[nH]3)c2)c1)Nc1cccc(-c2cccc(F)c2F)c1,-9.946206896551724,3.218592063451191,46_832
O=C(Nc1cccc(-c2cccc(F)c2F)c1)Nc1cccc(-c2cccc(-c3nc4cc(F)ccc4[nH]3)c2F)c1,-9.956617647058822,3.128615257744718,46_833
O=C(Nc1cccc(-c2cccc(-c3nc4ccccc4[nH]3)c2)c1)Nc1cccc(-c2cccc(F)c2F)c1,-9.946206896551724,3.218592063451191,46_834
O=C(Nc1cccc(-c2cccc(-c3nc4ccccc4[nH]3)c2)c1)Nc1cccc(-c2cccc(F)c2F)c1,-9.946206896551724,3.218592063451191,46_835
O=C(Nc1cccc(-c2cccc(-c3nc4cc(F)ccc4[nH]3)c2)c1)Nc1cccc(-c2cccc(F)c2F)c1,-9.665151515151516,3.1875244530828533,46_836
O=C(Nc1cccc(-c2cccc(F)c2F)c1)Nc1cccc(-c2cccc(-c3nc4cc(F)ccc4[nH]3)c2F)c1,-9.956617647058822,3.128615257744718,46_837
O=C(Nc1cccc(-c2cccc(-c3nc4cc(F)ccc4[nH]3)c2)c1)Nc1cccc(-c2cccc(F)c2F)c1,-9.665151515151516,3.1875244530828533,46_838
O=C(Nc1cccc(-c2cccc(-c3nc4cc(F)ccc4[nH]3)c2)c1)Nc1cccc(-c2cccc(F)c2F)c1,-9.665151515151516,3.1875244530828533,46_839
O=C(Nc1cccc(-c2cccc(-c3nc4cc(F)ccc4[nH]3)c2)c1)Nc1cccc(-c2cccc(F)c2F)c1,-9.665151515151516,3.1875244530828533,46_840
O=C(Nc1cccc(-c2cccc(-c3cccc(C(F)(F)F)c3)c2)c1)Nc1cccc(-c2cccc(F)c2F)c1,-9.623,2.963519940967514,46_841
Cn1c(-c2cccc(-c3cccc(NC(=O)Nc4cccc(-c5cccc(F)c5F)c4)c3)c2)nc2ccccc21,-9.897260273972602,3.216920496534968,46_842
O=C(Nc1cccc(-c2cccc(-c3cccc(C(F)(F)F)c3)c2)c1)Nc1cccc(-c2cccc(F)c2F)c1,-9.623,2.963519940967514,46_843
O=C(Nc1cccc(-c2cccc(F)c2F)c1)Nc1cccc(-c2cccc(-c3nc4cc(F)ccc4[nH]3)c2F)c1,-9.956617647058822,3.128615257744718,46_844
O=C(Nc1cccc(-c2cccc(-c3nc4cc(F)ccc4[nH]3)c2)c1)Nc1cccc(-c2cccc(F)c2F)c1,-9.665151515151516,3.1875244530828533,46_845
O=C(Nc1cccc(-c2cccc(-c3cccc(C(=O)N4CCOCC4)c3)c2)c1)N1CCNCC1,-9.00263157894737,3.6199094052700564,46_846
O=C(Nc1cccc(-c2cccc(-c3nc4ccccc4[nH]3)c2)c1)Nc1cccc(-c2cccc(F)c2F)c1,-9.946206896551724,3.218592063451191,46_847
O=C(Nc1cccc(-c2cccc(-c3nc4ccccc4[nH]3)c2)c1)Nc1cccc(-c2cccc(F)c2F)c1,-9.946206896551724,3.218592063451191,46_848
Cn1c(-c2cccc(-c3cccc(NC(=O)Nc4cccc(-c5cccc(F)c5F)c4)c3)c2)nc2ccccc21,-9.897260273972602,3.216920496534968,46_849
O=C(Nc1cccc(Br)c1)Nc1cc(-c2cccc(-c3cccc(-c4ccccc4F)c3)c2)ccn1,-9.8,3.265695004826469,46_850
O=C(Nc1cccc(-c2cccc(-c3cccc(C(F)(F)F)c3)c2)c1)Nc1cccc(-c2cccc(F)c2F)c1,-9.623,2.963519940967514,46_851
O=C(Nc1cccc(-c2cccc(-c3nc4ccccc4[nH]3)c2)c1)Nc1cccc(-c2cccc(F)c2F)c1,-9.946206896551724,3.218592063451191,46_852
O=C(Nc1cccc(-c2cccc(-c3cccc(-c4ccccc4F)c3)c2)c1)N1CCNCC1,-9.35886075949367,3.470002651546907,46_853
O=C(Nc1cccc(-c2ccc(F)cc2F)c1)Nc1cccc(-c2cccc(-c3nc4cc(F)ccc4[nH]3)c2F)c1,-10.8,3.128615257744718,46_854
O=C(Nc1cccc(-c2cccc(-c3cccc(C(F)(F)F)c3)c2)c1)Nc1cccc(-c2cccc(F)c2F)c1,-9.623,2.963519940967514,46_855
O=C(c1cccc(-c2cccc(-c3cccc(-c4ccccc4F)c3)c2)c1)N1CCNCC1,-9.41111111111111,3.508189933556279,46_856
Cn1c(-c2cccc(-c3cccc(NC(=O)Nc4cccc(-c5cccc(F)c5F)c4)c3)c2)nc2ccccc21,-9.897260273972602,3.216920496534968,46_857
O=C(Nc1cccc(-c2cccc(-c3cccc(-c4nn[nH]n4)c3)c2)c1)Nc1cccc(-c2cccc(F)c2F)c1,-9.606122448979592,3.286971097546113,46_858
O=C(Nc1cccc(-c2cccc(-c3cccc(C(F)(F)F)c3)c2)c1)Nc1cccc(-c2cccc(F)c2F)c1,-9.623,2.963519940967514,46_859
O=C(Nc1cccc(-c2cccc(C(=O)N3CCOCC3)c2)c1)Nc1cccc(-c2cccc(-c3nc4ccccc4[nH]3)c2)c1,-9.9,3.1992077519723034,46_860
O=C(Nc1cccc(-c2cccc(F)c2F)c1)Nc1cccc(-c2cccc(-c3nc4cc(F)ccc4[nH]3)c2F)c1,-9.956617647058822,3.128615257744718,46_861
O=C(Nc1cccc(-c2cccc(-c3cccc(-c4cccc(F)c4)c3)c2)c1)N1CCNCC1,-9.341935483870968,3.470002651546907,46_862
O=C(Nc1cccc(-c2cccc(F)c2F)c1)Nc1cccc(-c2cccc(-c3nc4cc(F)ccc4[nH]3)c2F)c1,-9.956617647058822,3.128615257744718,46_863
O=C(c1cccc(-c2cccc(-c3cccc(-c4nn[nH]n4)c3)c2)c1)N1CCNCC1,-8.907692307692306,3.6709921779215158,46_864
O=C(Nc1cccc(-c2cccc(-c3cccc(-c4cccc(F)c4)c3)c2)c1)N1CCNCC1,-9.341935483870968,3.470002651546907,46_865
Cn1c(-c2cccc(-c3cccc(NC(=O)Nc4cccc(-c5cccc(-c6cccc(F)c6)c5)c4)c3)c2)nc2ccccc21,-9.885106382978723,3.0539916384657317,46_866
O=C(Nc1cccc(-c2cccc(-c3nc4ccccc4[nH]3)c2)c1)Nc1cccc(-c2cccc(F)c2F)c1,-9.946206896551724,3.218592063451191,46_867
Cn1c(-c2cccc(-c3cccc(NC(=O)Nc4cccc(-c5cccc(-c6ncccc6CO)c5)c4)c3)c2)nc2ccccc21,-8.0,3.1065409153727765,46_868
O=C(Nc1cccc(-c2cccc(F)c2F)c1)Nc1cccc(-c2cccc(-c3nc4cc(F)ccc4[nH]3)c2F)c1,-9.956617647058822,3.128615257744718,46_869
O=C(Nc1cccc(-c2cccc(-c3cccc(-c4nn[nH]n4)c3)c2)c1)Nc1cccc(-c2cccc(F)c2F)c1,-9.606122448979592,3.286971097546113,46_870
Cn1c(-c2cccc(-c3cccc(NC(=O)Nc4cccc(-c5cccc(F)c5F)c4)c3)c2)nc2ccccc21,-9.897260273972602,3.216920496534968,46_871
Cn1c(-c2cccc(-c3cccc(NC(=O)Nc4cccc(-c5cccc(-c6ccccc6F)c5)c4)c3)c2)nc2ccccc21,-9.6,3.0539916384657317,46_872
O=C(c1cccc(-c2cccc(-c3cccc(-c4nn[nH]n4)c3)c2)c1)N1CCNCC1,-8.907692307692306,3.6709921779215158,46_873
O=C(Nc1cccc(-c2cccc(-c3nc4ccccc4[nH]3)c2)c1)Nc1cccc(-c2cccc(F)c2F)c1,-9.946206896551724,3.218592063451191,46_874
Cn1c(-c2cccc(-c3cccc(NC(=O)Nc4cccc(-c5cccc(F)c5F)c4)c3)c2)nc2ccccc21,-9.897260273972602,3.216920496534968,46_875
O=C(Nc1cccc(-c2cccc(-c3nc4ccccc4[nH]3)c2)c1)Nc1cccc(-c2cccc(F)c2F)c1,-9.946206896551724,3.218592063451191,46_876
O=C(Nc1cccc(-c2cccc(-c3nc4cc(F)ccc4[nH]3)c2)c1)Nc1cccc(-c2cccc(F)c2F)c1,-9.665151515151516,3.1875244530828533,46_877
O=C(Nc1cccc(-c2cccc(-c3nc4ccccc4[nH]3)c2)c1)Nc1cccc(-c2cccc(F)c2F)c1,-9.946206896551724,3.218592063451191,46_878
O=C(Nc1cccc(-c2cccc(-c3nc4ccccc4[nH]3)c2)c1)Nc1cccc(-c2cccc(F)c2F)c1,-9.946206896551724,3.218592063451191,46_879
O=C(Nc1cccc(-c2cccc(-c3nc4cc(F)ccc4[nH]3)c2)c1)Nc1cccc(-c2cccc(F)c2F)c1,-9.665151515151516,3.1875244530828533,46_880
O=C(Nc1cccc(-c2cccc(-c3nc4ccccc4[nH]3)c2)c1)Nc1cccc(-c2cccc(F)c2F)c1,-9.946206896551724,3.218592063451191,46_881
O=C(Nc1cccc(-c2cccc(-c3cccc(-c4ccccc4F)c3)c2)c1)N1CCNCC1,-9.35886075949367,3.470002651546907,46_882
O=C(Nc1cccc(-c2cccc(-c3nc4cc(F)ccc4[nH]3)c2)c1)Nc1cccc(-c2cccc(F)c2F)c1,-9.665151515151516,3.1875244530828533,46_883
Cn1c(-c2cccc(-c3cccc(NC(=O)Nc4cccc(-c5cccc(F)c5F)c4)c3)c2)nc2ccccc21,-9.897260273972602,3.216920496534968,46_884
O=S(=O)(Nc1cccc(-c2cccc(-c3cccc(-c4nn[nH]n4)c3)c2)c1)Nc1cccc(-c2cccc(F)c2F)c1,-8.8,3.225765848161983,46_885
O=C(Nc1cccc(-c2cccc(-c3nc4ccccc4[nH]3)c2)c1)Nc1cccc(-c2cccc(F)c2F)c1,-9.946206896551724,3.218592063451191,46_886
O=C(Nc1cccc(-c2cccc(-c3cccc(-c4ccccc4F)c3)c2)c1)N1CCNCC1,-9.35886075949367,3.470002651546907,46_887
O=C(Nc1cccc(-c2cccc(-c3nc4cc(F)ccc4[nH]3)c2)c1)Nc1cccc(-c2cccc(F)c2F)c1,-9.665151515151516,3.1875244530828533,46_888
O=C(Nc1cccc(-c2cccc(F)c2F)c1)Nc1cccc(-c2cccc(-c3nc4cc(F)ccc4[nH]3)c2F)c1,-9.956617647058822,3.128615257744718,46_889
Cn1c(-c2cccc(-c3cccc(NC(=O)Nc4cccc(-c5cccc(F)c5F)c4)c3)c2)nc2ccccc21,-9.897260273972602,3.216920496534968,46_890
Cn1c(-c2cccc(-c3cccc(NC(=O)Nc4cccc(-c5cccc(-c6ccccc6)c5)c4)c3)c2)nc2ccccc21,-10.25,3.0563724042831923,46_891
O=C(Nc1cccc(-c2cccc(-c3nc4cc(F)ccc4[nH]3)c2)c1)Nc1cccc(-c2cccc(F)c2F)c1,-9.665151515151516,3.1875244530828533,46_892
O=C(Nc1cccc(-c2cccc(-c3cccc(-c4cccc(F)c4)c3)c2)c1)N1CCNCC1,-9.341935483870968,3.470002651546907,46_893
O=C(Nc1cccc(-c2cccc(-c3nc4cc(F)ccc4[nH]3)c2)c1)Nc1cccc(-c2cccc(F)c2F)c1,-9.665151515151516,3.1875244530828533,46_894
O=C(Nc1cccc(-c2cccc(-c3nc4cc(F)ccc4[nH]3)c2)c1)Nc1cccc(-c2cccc(F)c2F)c1,-9.665151515151516,3.1875244530828533,46_895
O=C(Nc1cccc(-c2cccc(-c3nc4ccccc4[nH]3)c2)c1)Nc1cccc(-c2cccc(F)c2F)c1,-9.946206896551724,3.218592063451191,46_896
O=C(Nc1cccc(-c2cccc(-c3nc4ccccc4[nH]3)c2)c1)Nc1cccc(-c2cccc(F)c2F)c1,-9.946206896551724,3.218592063451191,46_897
O=C(Nc1cccc(-c2cccc(-c3cccc(-c4ccccc4F)c3)c2)c1)N1CCNCC1,-9.35886075949367,3.470002651546907,46_898
O=C(Nc1cccc(-c2cccc(-c3nc4ccccc4[nH]3)c2)c1)Nc1cccc(-c2cccc(F)c2F)c1,-9.946206896551724,3.218592063451191,46_899
O=C([CH]N(C[CH]F)c1cccc(-c2cccc(-c3cccc(-c4cccc(F)c4)c3)c2)c1)N1CCNCC1,-8.4,3.4484523778184863,46_900
O=C(Nc1cccc(-c2cccc(-c3nc4ccccc4[nH]3)c2)c1)Nc1cccc(-c2cccc(F)c2F)c1,-9.946206896551724,3.218592063451191,46_901
O=C(Nc1cccc(-c2cccc(-c3nc4ccccc4[nH]3)c2)c1)Nc1cccc(-c2cccc(F)c2F)c1,-9.946206896551724,3.218592063451191,46_902
O=C(c1cccc(-c2cccc(C(=O)N3CCN(c4cccc(C(F)(F)F)c4)CC3)c2)c1)N1CCOCC1,-8.5,3.5675074243249583,46_903
O=C(c1cccc(-c2cccc(-c3cccc(C(=O)N4CCOCC4)c3)c2)c1)N1CCNCC1,-8.911111111111111,3.649506152725788,46_904
O=C(c1cccc(-c2cccc(-c3nc4ccccc4[nH]3)c2)c1)N1CCN(c2ccccc2)CC1,-9.0,3.469314490794095,46_905
O=C(Nc1cccc(-c2cccc(-c3nc4ccccc4[nH]3)c2)c1)Nc1cccc(-c2cccc(F)c2F)c1,-9.946206896551724,3.218592063451191,46_906
Cn1c(-c2cccc(-c3cccc(NC(=O)Nc4cccc(-c5ccccc5F)c4)c3)c2)nc2ccccc21,-9.76,3.211589862292562,46_907
O=C(Nc1cccc(-c2cccc(F)c2F)c1)Nc1cccc(-c2cccc(-c3nc4cc(F)ccc4[nH]3)c2F)c1,-9.956617647058822,3.128615257744718,46_908
Cn1c(-c2cccc(-c3cccc(NC(=O)Nc4cccc(-c5cccc(-c6cccc(F)c6)c5)c4)c3)c2)nc2ccccc21,-9.885106382978723,3.0539916384657317,46_909
O=C(Nc1cccc(-c2cccc(-c3nc4ccccc4[nH]3)c2)c1)Nc1cccc(-c2cccc(F)c2F)c1,-9.946206896551724,3.218592063451191,46_910
O=C(Nc1cccc(-c2cccc(-c3cccc(C(F)(F)F)c3)c2)c1)Nc1cccc(-c2cccc(F)c2F)c1,-9.623,2.963519940967514,46_911
O=C(Nc1cccc(-c2cccc(-c3nc4ccccc4[nH]3)c2)c1)Nc1cccc(-c2cccc(F)c2F)c1,-9.946206896551724,3.218592063451191,46_912
O=C(c1cccc(-c2cccc(-c3cccc(-c4cnco4)c3)c2)c1)N1CCNCC1,-8.8,3.6735022490846534,46_913
O=C(Nc1cccc(-c2cccc(-c3cccc(C(F)(F)F)c3)c2)c1)Nc1cccc(-c2cccc(F)c2F)c1,-9.623,2.963519940967514,46_914
O=C(Nc1cccc(-c2cccc(F)c2F)c1)Nc1cccc(-c2cccc(-c3nc4cc(F)ccc4[nH]3)c2F)c1,-9.956617647058822,3.128615257744718,46_915
O=C(Nc1cccc(-c2cccc(-c3nc4ccccc4[nH]3)c2)c1)Nc1cccc(-c2cccc(F)c2F)c1,-9.946206896551724,3.218592063451191,46_916
O=C(Nc1cccc(-c2cccc(-c3cccc(-c4cccc(F)c4)c3)c2)c1)N1CCNCC1,-9.341935483870968,3.470002651546907,46_917
O=C(Nc1cccc(-c2cccc(-c3cccc(-c4ccccc4F)c3)c2)c1)N1CCNCC1,-9.35886075949367,3.470002651546907,46_918
O=C(c1ccccc1)N1CCN(C(=O)c2cccc(-c3cccc(-c4cccc5ccccc45)c3)c2)CC1,-8.9,3.2651937684888095,46_919
O=C(Nc1cccc(-c2cccc(-c3cccc(-c4nc5ccccc5[nH]4)c3)c2)c1)N1CCNCC1,-9.316666666666666,3.368308336165232,46_920
O=C(Nc1cccc(-c2cccc(-c3cccc(C(F)(F)F)c3)c2)c1)Nc1cccc(-c2cccc(F)c2F)c1,-9.623,2.963519940967514,46_921
O=C(Nc1cccc(-c2cccc(-c3cccc(-c4nn[nH]n4)c3)c2)c1)Nc1cccc(-c2cccc(F)c2F)c1,-9.606122448979592,3.286971097546113,46_922
O=C(Nc1cccc(-c2cccc(-c3nc4cc(F)ccc4[nH]3)c2)c1)Nc1cccc(-c2cccc(F)c2F)c1,-9.665151515151516,3.1875244530828533,46_923
O=C(Nc1cccc(-c2cccc(C(=O)N3CCOCC3)c2)c1)Nc1cccc(-c2cccc(-c3ccc4c(c3)OCO4)c2)c1,-10.0,3.203574602452801,46_924
O=C(Nc1cccc(-c2cccc(-c3cccc(-c4ccccc4F)c3)c2)c1)N1CCNCC1,-9.35886075949367,3.470002651546907,46_925
Cn1c(-c2cccc(-c3cccc(NC(=O)Nc4cccc(-c5cccc(F)c5F)c4)c3)c2)nc2ccccc21,-9.897260273972602,3.216920496534968,46_926
Cn1c(-c2cccc(-c3cccc(-c4cccc(-c5cccc(C(=O)Nc6ccccc6Cl)c5)c4)c3)c2)nc2ccccc21,-10.0,3.0520732455393893,46_927
O=C(Nc1cccc(-c2cccc(-c3cccc(C(F)(F)F)c3)c2)c1)Nc1cccc(-c2cccc(F)c2F)c1,-9.623,2.963519940967514,46_928
O=C(Nc1cccc(-c2cccc(-c3nc4ccccc4[nH]3)c2)c1)Nc1cccc(-c2cccc(F)c2F)c1,-9.946206896551724,3.218592063451191,46_929
O=C(Nc1cccc(-c2cccc(-c3ccc4c(c3)OCO4)c2)c1)Nc1cccc(-c2cncc3ccccc23)c1,-9.6,3.174345881468475,46_930
Cn1c(-c2cccc(-c3cccc(NC(=O)Nc4cccc(-c5cccc(C(=O)N6CCOCC6)c5)c4)c3)c2)nc2ccccc21,-9.555696202531646,3.2756851861708367,46_931
O=C(Nc1cccc(-c2cccc(-c3cccc(-c4ccccc4F)c3)c2)c1)N1CCNCC1,-9.35886075949367,3.470002651546907,46_932
O=C1c2ccccc2NC(c2ccco2)N1c1cccc(-c2cccc(-c3cccc(-c4cccc(C(F)(F)F)c4)c3)c2)c1,-9.4,3.185066357335703,46_933
O=C(c1cccc(-c2cccc(-c3cccc(-c4ccccc4F)c3)c2)c1)N1CCNCC1,-9.41111111111111,3.508189933556279,46_934
O=C(Nc1cccc(-c2cccc(-c3cccc(-c4ccccc4F)c3)c2)c1)N1CCNCC1,-9.35886075949367,3.470002651546907,46_935
O=C(Nc1cccc(-c2cccc(F)c2F)c1)Nc1cccc(-c2cccc(-c3nc4cc(F)ccc4[nH]3)c2F)c1,-9.956617647058822,3.128615257744718,46_936
O=C(Nc1ccc(-c2cccc(-c3nc4cc(F)ccc4[nH]3)c2)cc1)Nc1cccc(-c2cccc(F)c2F)c1,-8.6,3.1875244530828533,46_937
Cn1c(-c2cccc(-c3cccc(NC(=O)Nc4cccc(-c5cccc(-c6cccc(F)c6)c5)c4)c3)c2)nc2ccccc21,-9.885106382978723,3.0539916384657317,46_938
O=C(Nc1cccc(-c2cccc(-c3nc4ccccc4[nH]3)c2)c1)Nc1cccc(-c2cccc(F)c2F)c1,-9.946206896551724,3.218592063451191,46_939
O=C(c1cccc(-c2cccc(-c3cccc(-c4ccccc4F)c3)c2)c1)N1CCNCC1,-9.41111111111111,3.508189933556279,46_940
Cn1c(-c2cccc(-c3cccc(NC(=O)Nc4cccc(-c5cccc(F)c5F)c4)c3)c2)nc2ccccc21,-9.897260273972602,3.216920496534968,46_941
O=C(Nc1cccc(-c2cccc(-c3nc4cc(F)ccc4[nH]3)c2)c1)Nc1cccc(-c2cccc(F)c2F)c1,-9.665151515151516,3.1875244530828533,46_942
O=C(Nc1cccc(-c2cccc(-c3cccc(-c4ccccc4F)c3)c2)c1)N1CCNCC1,-9.35886075949367,3.470002651546907,46_943
O=C(Nc1cccc(-c2cccc(-c3nc4ccccc4[nH]3)c2)c1)Nc1cccc(-c2cccc(F)c2F)c1,-9.946206896551724,3.218592063451191,46_944
Cn1c(-c2cccc(-c3cccc(NC(=O)Nc4cccc(-c5cccc(F)c5F)c4)c3)c2)nc2ccccc21,-9.897260273972602,3.216920496534968,46_945
O=C(Nc1cccc(-c2cccc(-c3nc4cc(F)ccc4[nH]3)c2)c1)Nc1cccc(-c2cccc(F)c2F)c1,-9.665151515151516,3.1875244530828533,46_946
O=C(Nc1cccc(-c2cccc(-c3nc4cc(F)ccc4[nH]3)c2)c1)Nc1cccc(-c2cccc(F)c2F)c1,-9.665151515151516,3.1875244530828533,46_947
O=C(Nc1cccc(-c2cccc(-c3nc4ccccc4[nH]3)c2)c1)Nc1cccc(-c2cccc(F)c2F)c1,-9.946206896551724,3.218592063451191,46_948
O=C(Nc1cccc(-c2cccc(-c3nc4cc(F)ccc4[nH]3)c2)c1)Nc1cccc(-c2cccc(F)c2F)c1,-9.665151515151516,3.1875244530828533,46_949
O=C(Nc1cccc(-c2cccc(-c3nc4cc(F)ccc4[nH]3)c2)c1)Nc1cccc(-c2cccc(F)c2F)c1,-9.665151515151516,3.1875244530828533,46_950
O=C(Nc1cccc(-c2cccc(-c3cccc(-c4nc5ccccc5[nH]4)c3)c2)c1)N1CCNCC1,-9.316666666666666,3.368308336165232,46_951
Cn1c(-c2cccc(-c3cccc(NC(=O)Nc4cccc(-c5cccc(F)c5F)c4)c3)c2)nc2ccccc21,-9.897260273972602,3.216920496534968,46_952
O=C(Nc1cccc(-c2cccc(-c3nc4cc(F)ccc4[nH]3)c2)c1)Nc1cccc(-c2cccc(F)c2F)c1,-9.665151515151516,3.1875244530828533,46_953
O=C(Nc1cccc(-c2cccc(-c3nc4ccccc4[nH]3)c2)c1)Nc1cccc(-c2cccc(F)c2F)c1,-9.946206896551724,3.218592063451191,46_954
O=C(Nc1cccc(-c2cccc(-c3cccc(C(F)(F)F)c3)c2)c1)Nc1cccc(-c2cccc(F)c2F)c1,-9.623,2.963519940967514,46_955
O=C(Nc1cccc(-c2cccc(F)c2F)c1)Nc1cccc(-c2cccc(-c3nc4cc(F)ccc4[nH]3)c2F)c1,-9.956617647058822,3.128615257744718,46_956
Cn1c(-c2cccc(-c3cccc(NC(=O)Nc4ccccc4)c3)c2)nc2ccccc21,-8.7,3.3753631566325417,46_957
O=C(Nc1cccc(-c2cccc(-c3nc4cc(F)ccc4[nH]3)c2)c1)Nc1cccc(-c2cccc(F)c2F)c1,-9.665151515151516,3.1875244530828533,46_958
O=C(Nc1cccc(-c2cccc(-c3nc4cc(F)ccc4[nH]3)c2)c1)Nc1cccc(-c2cccc(F)c2F)c1,-9.665151515151516,3.1875244530828533,46_959
Cn1c(-c2cccc(-c3cccc(NC(=O)Nc4cccc(-c5cccc(F)c5F)c4)c3)c2)nc2ccccc21,-9.897260273972602,3.216920496534968,46_960
Cn1c(-c2cccc(-c3cccc(NC(=O)Nc4cccc(-c5cccc(-c6cccc(F)c6)c5)c4)c3)c2)nc2ccccc21,-9.885106382978723,3.0539916384657317,46_961
O=C(Nc1cccc(-c2cccc(-c3nc4cc(F)ccc4[nH]3)c2)c1)Nc1cccc(-c2cccc(F)c2F)c1,-9.665151515151516,3.1875244530828533,46_962
Cn1c(-c2cccc(-c3cccc(NC(=O)Nc4cccc(-c5cccc(-c6cccc(F)c6)c5)c4)c3)c2)nc2ccccc21,-9.885106382978723,3.0539916384657317,46_963
O=C(Nc1cccc(-c2cccc(F)c2F)c1)Nc1cccc(-c2cccc(-c3nc4cc(F)ccc4[nH]3)c2F)c1,-9.956617647058822,3.128615257744718,46_964
O=C(Nc1cccc(-c2cccc(-c3cccc(-c4ccccc4F)c3)c2)c1)N1CCNCC1,-9.35886075949367,3.470002651546907,46_965
O=C(Nc1cccc(-c2cccc(-c3nc4cc(F)ccc4[nH]3)c2)c1)Nc1cccc(-c2cccc(F)c2F)c1,-9.665151515151516,3.1875244530828533,46_966
O=C1c2ccccc2C(=O)N1C/C=N/N=c1\scc(-c2cccc(F)c2)n1-c1cccc(-c2cccc(-c3cccc(-c4cccc(C(F)(F)F)c4)c3)c2)c1,-9.3,2.7339248975859225,46_967
O=C(NCc1cccc(F)c1)Nc1cccc(-c2cccc(-c3cccc(-c4nc5ccccc5[nH]4)c3)c2)c1,-8.8,3.0969871657907992,46_968
Cn1c(-c2cccc(-c3cccc(NC(=O)Nc4cccc(-c5cccc(F)c5F)c4)c3)c2)nc2ccccc21,-9.897260273972602,3.216920496534968,46_969
O=C(Nc1cccc(-c2cccc(-c3cccc(-c4nn[nH]n4)c3)c2)c1)Nc1cccc(-c2cccc(F)c2F)c1,-9.606122448979592,3.286971097546113,46_970
O=C(Nc1cccc(-c2cccc(-c3nc4ccccc4[nH]3)c2)c1)Nc1cccc(-c2cccc(F)c2F)c1,-9.946206896551724,3.218592063451191,46_971
O=C(Nc1cccc(-c2cccc(-c3nc4cc(F)ccc4[nH]3)c2)c1)Nc1cccc(-c2cccc(F)c2F)c1,-9.665151515151516,3.1875244530828533,46_972
O=C(Nc1cccc(-c2cccc(-c3cccc(-c4ccccc4F)c3)c2)c1)N1CCNCC1,-9.35886075949367,3.470002651546907,46_973
O=C(Nc1cccc(-c2cccc(-c3nc4cc(F)ccc4[nH]3)c2)c1)Nc1cccc(-c2cccc(F)c2F)c1,-9.665151515151516,3.1875244530828533,46_974
O=C(Nc1cccc(-c2cccc(-c3cccc(-c4ccccc4F)c3)c2)c1)N1CCNCC1,-9.35886075949367,3.470002651546907,46_975
O=C(Nc1cccc(-c2cccc(F)c2F)c1)Nc1cccc(-c2cccc(-c3nc4cc(F)ccc4[nH]3)c2F)c1,-9.956617647058822,3.128615257744718,46_976
O=C(Nc1cccc(-c2cccc(-c3cccc(-c4ccccc4F)c3)c2)c1)N1CCNCC1,-9.35886075949367,3.470002651546907,46_977
O=C(Nc1cccc(-c2cccc(-c3cccc(C(F)(F)F)c3)c2)c1)Nc1cccc(-c2cccc(F)c2F)c1,-9.623,2.963519940967514,46_978
O=C(Nc1cccc(-c2cccc(-c3nc4cc(F)ccc4[nH]3)c2)c1)Nc1cccc(-c2cccc(F)c2F)c1,-9.665151515151516,3.1875244530828533,46_979
O=C(Nc1cccc(-c2cccc(F)c2F)c1)Nc1cccc(-c2cccc(-c3nc4cc(F)ccc4[nH]3)c2F)c1,-9.956617647058822,3.128615257744718,46_980
O=C(c1cccc(-c2cccc(-c3cccc4ccccc34)c2)c1)N1CCN(C(=O)c2cccc(F)c2F)CC1,-9.5,3.2507959847575894,46_981
O=C(Nc1cccc(-c2cccc(-c3nc4ccccc4[nH]3)c2)c1)Nc1cccc(-c2cccc(F)c2F)c1,-9.946206896551724,3.218592063451191,46_982
Cn1c(-c2cccc(-c3cccc(NC(=O)CNC(=O)c4cccc5ccccc45)c3)c2)nc2ccccc21,-9.8,3.3864340410100144,46_983
O=C(Nc1cccc(-c2cccc(-c3nc4cc(F)ccc4[nH]3)c2)c1)Nc1cccc(-c2cccc(F)c2F)c1,-9.665151515151516,3.1875244530828533,46_984
O=C1C=C(C=C2CN=C(c3ccc4ccc(-c5cccc(F)c5)cc4c3)NC2)C(=O)c2ccccc21,-8.8,3.4722512375130163,46_985
Cn1c(-c2cccc(-c3cccc(NC(=O)Nc4cccc(-c5cccc(-c6ncccc6C#N)c5)c4)c3)c2)nc2ccccc21,-8.916666666666666,3.0906607506690618,46_986
O=C1NCCN(C(=O)c2cccc(-c3ccccc3)c2)CCc2c1cccc2-c1cccc(-c2cccc3ccccc23)c1,-11.0,0.9945627086631301,46_987
O=C(Nc1cccc(-c2cccc(F)c2F)c1)Nc1cccc(-c2cccc(-c3nc4cc(F)ccc4[nH]3)c2F)c1,-9.956617647058822,3.128615257744718,46_988
O=C(Nc1cccc(-c2cccc(-c3cccc(-c4cccc(F)c4)c3)c2)c1)N1CCNCC1,-9.341935483870968,3.470002651546907,46_989
O=C(Nc1ccc(F)cc1)c1cccc(-c2cccc(-c3cccc(-c4nc5cc(F)ccc5[nH]4)c3F)c2)c1,-9.1,3.2899670770788028,46_990
Cn1c(-c2cccc(-c3cccc(NC(=O)Nc4cccc(-c5cccc(C(=O)N6CCOCC6)c5)c4)c3)c2)nc2ccccc21,-9.555696202531646,3.2756851861708367,46_991
O=C(Nc1cccc(-c2cccc(F)c2F)c1)Nc1cccc(-c2cccc(-c3nc4cc(F)ccc4[nH]3)c2F)c1,-9.956617647058822,3.128615257744718,46_992
O=C(Nc1cccc(-c2cccc(-c3nc4cc(F)ccc4[nH]3)c2)c1)Nc1cccc(-c2cccc(F)c2F)c1,-9.665151515151516,3.1875244530828533,46_993
O=C(c1cccc(-c2cccc(-c3cccc4ccccc34)c2)c1)N1CCN(C(=O)c2cccc(F)c2F)CC1,-9.5,3.2507959847575894,46_994
O=C(Nc1cccc(-c2cccc(-c3cccc(-c4ccccc4F)c3)c2)c1)N1CCN2CCC[C@H]2C1,-8.4,3.346582713305103,46_995
Cn1c(-c2cccc(-c3cccc(NC(=O)Nc4cccc(-c5cccc(C(=O)N6CCOCC6)c5)c4)c3)c2)nc2ccccc21,-9.555696202531646,3.2756851861708367,46_997
O=C(Nc1cccc(-c2cccc(-c3cccc(-c4nn[nH]n4)c3)c2)c1)Nc1cccc(-c2cccc(F)c2F)c1,-9.606122448979592,3.286971097546113,46_998
O=C(Nc1cccc(-c2cccc(-c3nc4cc(F)ccc4[nH]3)c2)c1)Nc1cccc(-c2cccc(F)c2F)c1,-9.665151515151516,3.1875244530828533,46_999
Cn1c(-c2cccc(-c3cccc(NC(=O)Nc4cccc(-c5cccc(-c6cccc(F)c6)c5)c4)c3)c2)nc2ccccc21,-9.885106382978723,3.0539916384657317,46_1000
O=C(c1cccc(-c2cccc(-c3ccccc4cccc3-4)c2)c1)N1CCN(C(=O)c2ccccc2Nc2ccccc2)CC1,-8.3,2.1308262757701133,46_1001
O=C(Nc1cccc(-c2cccc(F)c2F)c1)Nc1cccc(-c2cccc(-c3nc4cc(F)ccc4[nH]3)c2F)c1,-9.956617647058822,3.128615257744718,46_1002
Cn1c(-c2cccc(-c3cccc(-c4cccc(C(=O)N5CCNCC5)c4)c3)c2)nc2ccccc21,-9.350000000000001,3.480167691596529,46_1003
O=C(Nc1cccc(-c2cccc(-c3nc4ccccc4[nH]3)c2)c1)Nc1cccc(-c2cccc(F)c2F)c1,-9.946206896551724,3.218592063451191,46_1004
O=C(Nc1cccc(-c2cccc(-c3cccc(-c4ccccc4F)c3)c2)c1)N1CCNCC1,-9.35886075949367,3.470002651546907,46_1005
O=C(Nc1cccc(-c2cccc(F)c2F)c1)Nc1cccc(-c2cccc(-c3nc4cc(F)ccc4[nH]3)c2F)c1,-9.956617647058822,3.128615257744718,46_1006
O=C(Nc1cccc(-c2cccc(-c3cccc(-c4ccccc4F)c3)c2)c1)N1CCNCC1,-9.35886075949367,3.470002651546907,46_1007
O=C(Nc1cccc(-c2cccc(-c3nc4cc(F)ccc4[nH]3)c2)c1)Nc1cccc(-c2cccc(F)c2F)c1,-9.665151515151516,3.1875244530828533,46_1008
O=C(Nc1cccc(-c2cccc(-c3nc4cc(F)ccc4[nH]3)c2)c1)Nc1cccc(-c2cccc(F)c2F)c1,-9.665151515151516,3.1875244530828533,46_1009
Cn1c(-c2cccc(-c3cccc(NC(=O)Nc4cccc(Cl)c4Cl)c3)c2)nc2ccccc21,-8.4,3.327062109537141,46_1010
O=C(Nc1cccc(-c2cccc(-c3cccc(-c4cccc(F)c4)c3)c2)c1)N1CCNCC1,-9.341935483870968,3.470002651546907,46_1011
Cn1c(-c2cccc(-c3cccc(NC(=O)Nc4cccc(-c5cccc(C(=O)N6CCOCC6)c5)c4)c3)c2)nc2ccccc21,-9.555696202531646,3.2756851861708367,46_1012
O=C(Nc1cccc(-c2cccc(-c3nc4cc(F)ccc4[nH]3)c2)c1)Nc1cccc(-c2cccc(F)c2F)c1,-9.665151515151516,3.1875244530828533,46_1013
O=C(c1cccc(-c2cccc(-c3cccc4ccccc34)c2)c1)N1CCN(C(=O)c2cccc(F)c2F)CC1,-9.5,3.2507959847575894,46_1014
O=C(Nc1cccc(-c2cccc(-c3cccc(C(=O)N4CCOCC4)c3)c2)c1)N1CCNCC1,-9.00263157894737,3.6199094052700564,46_1015
O=C(Nc1cccc(-c2cccc(-c3cccc(C(F)(F)F)c3)c2)c1)Nc1cccc(-c2cccc(F)c2F)c1,-9.623,2.963519940967514,46_1016
Cn1c(-c2cccc(-c3cccc(NC(=O)Nc4cccc(-c5cccc(C(=O)N6CCOCC6)c5)c4)c3)c2)nc2ccccc21,-9.555696202531646,3.2756851861708367,46_1017
Cn1c(-c2cccc(-c3cccc(NC(=O)Nc4cccc(-c5cccc(F)c5F)c4)c3)c2)nc2ccccc21,-9.897260273972602,3.216920496534968,46_1018
O=C(Nc1cccc(-c2cccc(-c3nc4cc(F)ccc4[nH]3)c2)c1)Nc1cccc(-c2cccc(F)c2F)c1,-9.665151515151516,3.1875244530828533,46_1019
O=C(Nc1cccc(-c2cccc(-c3cccc(-c4ccccc4F)c3)c2)c1)N1CCNCC1,-9.35886075949367,3.470002651546907,46_1020
O=P(O)(O)C(F)(Cc1ccccc1)P(=O)(O)Oc1ccccc1,-6.1,3.5288533496898467,46_1021
O=C(NN=Cc1cccc(O)c1O)c1cccc(-c2cccc(-c3cccc(-c4ccccc4F)c3)c2)c1,-8.3,3.14734384791425,46_1022
O=C(Nc1cccc(-c2cccc(-c3nc4ccccc4[nH]3)c2)c1)Nc1cccc(-c2cccc(F)c2F)c1,-9.946206896551724,3.218592063451191,46_1023
Cn1c(-c2cccc(-c3cccc(NC(=O)Nc4cccc(-c5cccc(-c6cccc(F)c6)c5)c4)c3)c2)nc2ccccc21,-9.885106382978723,3.0539916384657317,46_1024
Cn1c(-c2cccc(-c3cccc(NC(=O)Nc4cccc(-c5cccc(-c6cccc(F)c6)c5)c4)c3)c2)nc2ccccc21,-9.885106382978723,3.0539916384657317,46_1025
Cn1c(-c2cccc(-c3cccc(NC(=O)Nc4cccc(-c5cccc(C(=O)N6CCOCC6)c5)c4)c3)c2)nc2ccccc21,-9.555696202531646,3.2756851861708367,46_1026
O=C(Nc1cccc(-c2nc3ccccc3[nH]2)c1)c1cccc(-c2cccc(-c3cccc4ccccc34)c2)c1,-8.3,3.167106738812002,46_1027
O=C(Nc1cccc(-c2cccc(-c3cccc(-c4nn[nH]n4)c3)c2)c1)Nc1cccc(-c2cccc(F)c2F)c1,-9.606122448979592,3.286971097546113,46_1028
O=C(Nc1cccc(-c2cccc(F)c2F)c1)Nc1cccc(-c2cccc(-c3nc4cc(F)ccc4[nH]3)c2F)c1,-9.956617647058822,3.128615257744718,46_1029
O=C(Nc1cccc(-c2cccc(F)c2F)c1)Nc1cccc(-c2cccc(-c3nc4cc(F)ccc4[nH]3)c2F)c1,-9.956617647058822,3.128615257744718,46_1030
O=C(Nc1cccc(-c2cccc(-c3nc4ccccc4[nH]3)c2)c1)Nc1cccc(-c2cccc(F)c2F)c1,-9.946206896551724,3.218592063451191,46_1031
O=C(Nc1cccc(-c2cccc(F)c2F)c1)Nc1cccc(-c2cccc(-c3nc4cc(F)ccc4[nH]3)c2F)c1,-9.956617647058822,3.128615257744718,46_1032
O=C(N[C@@H](Cc1c[nH]c2ccccc12)c1nc(-c2cccs2)no1)c1cccc(-c2cccc(-c3cccc(-c4cccc(-c5nn[nH]n5)c4)c3)c2)c1,-8.6,2.8414718216338883,46_1033
Cn1c(-c2cccc(-c3cccc(NC(=O)Nc4cccc(-c5cccc(F)c5F)c4)c3)c2)nc2ccccc21,-9.897260273972602,3.216920496534968,46_1034
O=C(Nc1cccc(-c2cccc(F)c2F)c1)Nc1cccc(-c2cccc(-c3nc4cc(F)ccc4[nH]3)c2F)c1,-9.956617647058822,3.128615257744718,46_1035
O=C(c1cccc(-c2cccc(-c3cccc(-c4cccc(F)c4)c3)c2)c1)N1CCNCC1,-9.308333333333332,3.508189933556279,46_1036
Cn1c(-c2cccc(-c3cccc(NC(=O)Nc4cccc(-c5cccc(-c6ncccc6C#N)c5)c4)c3)c2)nc2ccccc21,-8.916666666666666,3.0906607506690618,46_1037
Cn1c(-c2cccc(-c3cccc(-c4cccc(NC(=O)N5CCNCC5)c4)c3)c2)nc2ccccc21,-9.399999999999999,3.454295250820488,46_1038
O=C(Nc1cccc(-c2cccc(-c3cccc(C(F)(F)F)c3)c2)c1)Nc1cccc(-c2cccc(F)c2F)c1,-9.623,2.963519940967514,46_1039
Cn1c(-c2cccc(-c3cccc(-c4ccc(O)cc4)c3)c2)nc2ccccc21,-8.5,3.327732777413847,46_1040
CC=C1C=CC(C(=O)Nc2cccc(-c3cccc(-c4nc5cc(F)ccc5[nH]4)c3)c2)=C1,-7.7,3.4246156185725622,46_1041
O=C(Nc1cccc(-c2cccc(-c3nc4ccccc4[nH]3)c2)c1)Nc1cccc(-c2cccc(F)c2F)c1,-9.946206896551724,3.218592063451191,46_1042
O=C(Nc1cccc(-c2cccc(-c3cccc(-c4nn[nH]n4)c3)c2)c1)Nc1cccc(-c2cccc(F)c2F)c1,-9.606122448979592,3.286971097546113,46_1043
O=C(Nc1cccc(-c2cccc(-c3nc4cc(F)ccc4[nH]3)c2)c1)Nc1cccc(-c2cccc(F)c2F)c1,-9.665151515151516,3.1875244530828533,46_1044
O=C(Nc1cccc(-c2cccc(-c3nc4cc(F)ccc4[nH]3)c2)c1)Nc1cccc(-c2cccc(F)c2F)c1,-9.665151515151516,3.1875244530828533,46_1045
Cn1c(-c2cccc(-c3cccc(NC(=O)Nc4cccc(-c5cccc(F)c5F)c4)c3)c2)nc2ccccc21,-9.897260273972602,3.216920496534968,46_1046
O=C(Nc1cccc(-c2cccc(-c3nc4cc(F)ccc4[nH]3)c2)c1)Nc1cccc(-c2cccc(F)c2F)c1,-9.665151515151516,3.1875244530828533,46_1047
O=C(Nc1cccc(-c2cccc(-c3nc4cc(F)ccc4[nH]3)c2)c1)Nc1cccc(-c2cccc(F)c2F)c1,-9.665151515151516,3.1875244530828533,46_1048
Cn1c(-c2cccc(-c3cccc(NC(=O)Nc4cccc(-c5ccc6c(c5)OCO6)c4)c3)c2)nc2ccccc21,-9.933333333333334,3.3030357053717445,46_1049
Cn1c(-c2cccc(-c3cccc(NC(=O)Nc4cccc(-c5cccc(C(=O)N6CCOCC6)c5)c4)c3)c2)nc2ccccc21,-9.555696202531646,3.2756851861708367,46_1050
O=C(Nc1cccc(-c2cccc(-c3nc4ccccc4[nH]3)c2)c1)Nc1cccc(-c2cccc(F)c2F)c1,-9.946206896551724,3.218592063451191,46_1051
Oc1cccc(-c2cc(-c3cccc(Cl)c3)cc(-c3ccccc3F)n2)c1,-8.9,3.503522710225119,46_1052
O=C(c1cccc(-c2cccc(-c3cccc4ccccc34)c2)c1)N1CCN(C(=O)c2cccc(F)c2F)CC1,-9.5,3.2507959847575894,46_1053
O=C(Nc1nc2ccccc2nc1Nc1cccc(-c2cccc(F)c2F)c1)c1cccc(-c2cccc(-c3cccc(-c4ccccc4F)c3)c2)c1,-9.5,3.003610517298722,46_1054
O=C(Nc1cccc(-c2cccc(-c3nc4cc(F)ccc4[nH]3)c2)c1)Nc1cccc(-c2cccc(F)c2F)c1,-9.665151515151516,3.1875244530828533,46_1055
O=C(c1cccc(-c2cccc(-c3ccc4c(c3)OCCO4)c2Cl)c1)N1CCNCC1,-8.4,3.649925043798632,46_1056
O=C(Nc1cccc(-c2cccc(-c3cccc(-c4ccccc4F)c3)c2)c1)N1CCNCC1,-9.35886075949367,3.470002651546907,46_1057
Cn1c(-c2cccc(-c3cccc(NC(=O)Nc4cccc(-c5cccc(F)c5F)c4)c3)c2)nc2ccccc21,-9.897260273972602,3.216920496534968,46_1058
O=C(Nc1cccc(-c2cccc(-c3cccc(C(F)(F)F)c3)c2)c1)Nc1cccc(-c2ccccc2F)c1,-9.65,2.955830168893644,46_1059
Cn1c(-c2cccc(-c3cccc(NC(=O)Nc4cccc(-c5cccc(F)c5F)c4)c3)c2)nc2ccccc21,-9.897260273972602,3.216920496534968,46_1060
O=C(Nc1cccc(-c2cccc(-c3nc4cc(F)ccc4[nH]3)c2)c1)Nc1cccc(-c2cccc(F)c2F)c1,-9.665151515151516,3.1875244530828533,46_1061
Cn1c(-c2cccc(-c3cccc(NC(=O)Nc4cccc(-c5cccc(-c6ncccc6C=O)c5)c4)c3)c2)nc2ccccc21,-8.9,3.033772250089952,46_1062
Cn1c(-c2cccc(-c3cccc(NC(=O)Nc4cccc(-c5cccc(-c6cccc(F)c6)c5)c4)c3)c2)nc2ccccc21,-9.885106382978723,3.0539916384657317,46_1063
O=C(Nc1cccc(-c2cccc(-c3nc4ccccc4[nH]3)c2)c1)Nc1cccc(-c2cccc(F)c2F)c1,-9.946206896551724,3.218592063451191,46_1064
O=C(Nc1cccc(-c2cccc(-c3nc4cc(F)ccc4[nH]3)c2)c1)Nc1cccc(-c2cccc(F)c2F)c1,-9.665151515151516,3.1875244530828533,46_1065
Cn1c(-c2cccc(-c3cccc(NC(=O)Nc4cccc(-c5cccc(C(F)(F)F)c5)c4)c3)c2)nc2ccccc21,-9.82,3.240177718187831,46_1066
O=C(Nc1cccc(-c2cccc(-c3nc4cc(F)ccc4[nH]3)c2)c1)Nc1cccc(-c2cccc(F)c2F)c1,-9.665151515151516,3.1875244530828533,46_1067
Cn1c(-c2cccc(-c3cccc(NC(=O)Nc4cccc(-c5cccc(-c6ncccc6C#N)c5)c4)c3)c2)nc2ccccc21,-8.916666666666666,3.0906607506690618,46_1068
O=C(Nc1cccc(-c2cccc(-c3cccc(-c4ccccc4F)c3)c2)c1)N1CCNCC1,-9.35886075949367,3.470002651546907,46_1069
O=C(Nc1cccc(-c2cccc(-c3nc4ccccc4[nH]3)c2)c1)Nc1cccc(-c2cccc(F)c2F)c1,-9.946206896551724,3.218592063451191,46_1070
O=C(Nc1cccc(-c2cccc(-c3cccc(-c4ccccc4F)c3)c2)c1)N1CCNCC1,-9.35886075949367,3.470002651546907,46_1071
O=C(Nc1cccc(-c2cccc(-c3cccc(-c4ccccc4F)c3)c2)c1)N1CCNCC1,-9.35886075949367,3.470002651546907,46_1072
O=C(Nc1cccc(-c2cccc(-c3cccc(-c4ccccc4F)c3)c2)c1)N1CCN2CCC[C@H]2C1,-8.4,3.346582713305103,46_1073
O=C(Nc1cccc(-c2cccc(-c3nc4ccccc4[nH]3)c2)c1)Nc1cccc(-c2cccc(F)c2F)c1,-9.946206896551724,3.218592063451191,46_1074
O=C(Nc1cccc(-c2cccc(-c3nc4ccccc4[nH]3)c2)c1)Nc1cccc(-c2cccc(F)c2F)c1,-9.946206896551724,3.218592063451191,46_1075
O=C(Nc1cccc(-c2cccc(-c3cccc(C(F)(F)F)c3)c2)c1)Nc1cccc(-c2cccc(F)c2F)c1,-9.623,2.963519940967514,46_1076
O=C(Nc1cccc(-c2cccc(F)c2F)c1)Nc1cccc(-c2cccc(-c3nc4cc(F)ccc4[nH]3)c2F)c1,-9.956617647058822,3.128615257744718,46_1077
O=C(Nc1cccc(-c2cccc(-c3cccc(-c4nn[nH]n4)c3)c2)c1)Nc1cccc(-c2cccc(F)c2F)c1,-9.606122448979592,3.286971097546113,46_1078
Cn1c(-c2cccc(-c3cccc(NC(=O)Nc4cccc(-c5cccc(-c6ncccc6C#N)c5)c4)c3)c2)nc2ccccc21,-8.916666666666666,3.0906607506690618,46_1079
O=C(Nc1cccc(-c2cccc(-c3cccc(-c4cccc(F)c4)c3)c2)c1)N1CCNCC1,-9.341935483870968,3.470002651546907,46_1080
O=C(Nc1cccc(-c2cccc(-c3cccc(-c4nn[nH]n4)c3)c2)c1)Nc1cccc(-c2cccc(F)c2F)c1,-9.606122448979592,3.286971097546113,46_1081
Cn1c(-c2cccc(-c3cccc(NC(=O)Nc4cccc(-c5cccc(F)c5F)c4)c3)c2)nc2ccccc21,-9.897260273972602,3.216920496534968,46_1082
O=C(Nc1cccc(-c2cccc(-c3cccc(-c4ccccc4F)c3)c2)c1)N1CCNCC1,-9.35886075949367,3.470002651546907,46_1083
Cn1c(-c2cccc(-c3cccc(NC(=O)Nc4cccc(-c5cccc(C(=O)N6CCOCC6)c5)c4)c3)c2)nc2ccccc21,-9.555696202531646,3.2756851861708367,46_1084
Cn1c(-c2cccc(-c3cccc(NC(=O)Nc4cccc(-c5cccc(F)c5F)c4)c3)c2)nc2ccccc21,-9.897260273972602,3.216920496534968,46_1085
O=C(Nc1cccc(-c2cccc(-c3cccc(C(=O)N4CCOCC4)c3)c2)c1)N1CCNCC1,-9.00263157894737,3.6199094052700564,46_1086
O=C(Nc1cccc(-c2cccc(-c3nc4cc(F)ccc4[nH]3)c2)c1)Nc1cccc(-c2cccc(F)c2F)c1,-9.665151515151516,3.1875244530828533,46_1087
O=C(Nc1cccc(-c2cccc(-c3nc4cc(F)ccc4[nH]3)c2)c1)Nc1cccc(-c2cccc(F)c2F)c1,-9.665151515151516,3.1875244530828533,46_1088
O=C(Nc1cccc(-c2cccc(-c3nc4cc(F)ccc4[nH]3)c2)c1)Nc1cccc(-c2cccc(F)c2F)c1,-9.665151515151516,3.1875244530828533,46_1089
Cn1c(-c2cccc(-c3cccc(NC(=O)Nc4cccc(-c5cccc(F)c5F)c4)c3)c2)nc2ccccc21,-9.897260273972602,3.216920496534968,46_1090
O=C(Nc1cccc(-c2cccc(-c3nc4ccccc4[nH]3)c2)c1)Nc1cccc(-c2cccc(F)c2F)c1,-9.946206896551724,3.218592063451191,46_1091
O=C(Nc1cccc(-c2cccc(-c3nc4cc(F)ccc4[nH]3)c2)c1)Nc1cccc(-c2cccc(F)c2F)c1,-9.665151515151516,3.1875244530828533,46_1092
O=C(c1cccc(-c2cccc(-c3cccc(C(=O)N4CCOCC4)c3)c2)c1)N1CCNCC1,-8.911111111111111,3.649506152725788,46_1093
O=C(Nc1cccc(-c2cccc(-c3nc4ccccc4[nH]3)c2)c1)Nc1cccc(-c2cccc(F)c2F)c1,-9.946206896551724,3.218592063451191,46_1094
O=C(Nc1cccc(-c2cccc(-c3cccc(-c4ccccc4F)c3)c2)c1)N1CCNCC1,-9.35886075949367,3.470002651546907,46_1095
O=C(Nc1cccc(-c2cccc(-c3cccc(-c4cccc(F)c4)c3)c2)c1)N1CCNCC1,-9.341935483870968,3.470002651546907,46_1096
O=C(Nc1cccc(-c2cccc(-c3nc4cc(F)ccc4[nH]3)c2)c1)Nc1cccc(-c2cccc(F)c2F)c1,-9.665151515151516,3.1875244530828533,46_1097
O=C(Nc1cccc(-c2cccc(F)c2F)c1)Nc1cccc(-c2cccc(-c3cccc(-c4nn[nH]n4)c3)c2F)c1,-10.05,3.244951037107577,46_1098
O=C(Nc1cccc(-c2cccc(-c3nc4cc(F)ccc4[nH]3)c2)c1)Nc1cccc(-c2cccc(F)c2F)c1,-9.665151515151516,3.1875244530828533,46_1099
O=C(Nc1cccc(-c2cccc(-c3cccc(C(=O)N4CCOCC4)c3)c2)c1)N1CCNCC1,-9.00263157894737,3.6199094052700564,46_1100
O=C(Cc1ccccc1)Nc1cccc(-c2cccc(-c3cccc(-c4cccc(C(=O)N5CCOCC5)c4)c3)c2)c1,-9.0,3.273857392394378,46_1101
O=C(c1cccc(-c2cccc(-c3cccc(C(=O)N4CCOCC4)c3)c2)c1)N1CCNCC1,-8.911111111111111,3.649506152725788,46_1102
O=C(Nc1cccc(-c2cccc(-c3cccc(C(F)(F)F)c3)c2)c1)Nc1cccc(-c2cccc(F)c2F)c1,-9.623,2.963519940967514,46_1103
O=C(Nc1cccc(-c2cccc(-c3cccc(-c4nc5ccccc5[nH]4)c3)c2)c1)N1CCNCC1,-9.316666666666666,3.368308336165232,46_1104
Cn1c(-c2cccc(-c3cccc(NC(=O)Nc4cccc(-c5cccc(F)c5F)c4)c3)c2)nc2ccccc21,-9.897260273972602,3.216920496534968,46_1105
Cn1c(-c2cccc(-c3cccc(NC(=O)Nc4cccc(-c5cccc(-c6cccc(F)c6)c5)c4)c3)c2)nc2ccccc21,-9.885106382978723,3.0539916384657317,46_1106
Cn1c(-c2cccc(-c3cccc(NC(=O)Nc4cccc(-c5cccc(F)c5F)c4)c3)c2)nc2ccccc21,-9.897260273972602,3.216920496534968,46_1107
O=C(c1cccc(F)c1)N1CCN(C(=O)c2cccc(-c3cccc(-c4nc5ccccc5[nH]4)c3)c2)CC1,-9.4,3.4726691133897107,46_1108
O=C(Nc1cccc(-c2cccc(-c3cccc(-c4nc5ccccc5[nH]4)c3)c2)c1)N1CCNCC1,-9.316666666666666,3.368308336165232,46_1109
O=C(Nc1cccc(-c2cccc(-c3nc4cc(F)ccc4[nH]3)c2)c1)Nc1cccc(-c2cccc(F)c2F)c1,-9.665151515151516,3.1875244530828533,46_1110
O=C(Nc1cccc(-c2cccc(-c3nc4cc(F)ccc4[nH]3)c2)c1)Nc1cccc(-c2cccc(F)c2F)c1,-9.665151515151516,3.1875244530828533,46_1111
O=C(Nc1cccc(-c2cccc(-c3cccc(-c4nn[nH]n4)c3)c2)c1)Nc1cccc(-c2cccc(F)c2F)c1,-9.606122448979592,3.286971097546113,46_1112
Cn1c(-c2cccc(-c3cccc(NC(=O)Nc4cccc(-c5cccc(F)c5F)c4)c3)c2)nc2ccccc21,-9.897260273972602,3.216920496534968,46_1113
O=C(Nc1cccc(-c2cccc(-c3nc4cc(F)ccc4[nH]3)c2)c1)Nc1cccc(-c2cccc(F)c2F)c1,-9.665151515151516,3.1875244530828533,46_1114
O=Cc1cccnc1-c1cccc(-c2cccc(NC(=O)Nc3cccc(-c4cccc(F)c4F)c3)c2)c1,-7.9,3.3200949029739006,46_1115
Cn1c(-c2cccc(-c3cccc(NC(=O)Nc4cccc(-c5cccc(F)c5F)c4)c3)c2)nc2ccccc21,-9.897260273972602,3.216920496534968,46_1116
Cn1c(-c2cccc(-c3cccc(NC(=O)Nc4cccc(-c5cccc(C(=O)N6CCOCC6)c5)c4)c3)c2)nc2ccccc21,-9.555696202531646,3.2756851861708367,46_1117
Cn1c(-c2cccc(-c3cccc(NC(=O)Nc4cccc(-c5cccc(F)c5F)c4)c3)c2)nc2ccccc21,-9.897260273972602,3.216920496534968,46_1118
Cn1c(-c2cccc(-c3cccc(NC(=O)Nc4cccc(-c5cccc(F)c5F)c4)c3)c2)nc2ccccc21,-9.897260273972602,3.216920496534968,46_1119
O=C(Nc1ccccc1C(=O)N1CCOCC1)c1cccc(-c2cccc(-c3cccc(-c4cccc(-c5nn[nH]n5)c4)c3)c2)c1,-10.5,3.275424578727626,46_1120
O=C(Nc1cccc(-c2cccc(-c3cccc(-c4cccc(F)c4)c3)c2)c1)N1CCNCC1,-9.341935483870968,3.470002651546907,46_1121
O=C(Nc1cccc(-c2cccc(F)c2F)c1)Nc1cccc(-c2cccc(-c3nc4cc(F)ccc4[nH]3)c2F)c1,-9.956617647058822,3.128615257744718,46_1122
O=C(Nc1cccc(-c2cccc(-c3cccc(-c4cccc(F)c4)c3)c2)c1)N1CCNCC1,-9.341935483870968,3.470002651546907,46_1123
Cn1c(-c2cccc(-c3cccc(NC(=O)Nc4cccc(-c5ccccc5F)c4)c3)c2)nc2ccccc21,-9.76,3.211589862292562,46_1124
Cn1c(-c2cccc(-c3cccc(NC(=O)Nc4cccc(-c5cccc(F)c5F)c4)c3)c2)nc2ccccc21,-9.897260273972602,3.216920496534968,46_1125
O=C(Nc1cccc(-c2cccc(-c3cccc(C(F)(F)F)c3)c2)c1)Nc1cccc(-c2cccc(F)c2F)c1,-9.623,2.963519940967514,46_1126
O=C(Nc1cccc(-c2cccc(-c3nc4ccccc4[nH]3)c2)c1)Nc1cccc(-c2cccc(F)c2F)c1,-9.946206896551724,3.218592063451191,46_1127
O=C(Nc1cccc(-c2cccc(-c3cccc(F)c3)c2)c1)Nc1cccc(-c2cccc(-c3ccc4c(c3)OCO4)c2)c1,-10.1,3.0769998633619515,46_1128
Cn1c(-c2cccc(-c3cccc(NC(=O)c4nc5ccccc5n4Cc4cccc(-c5cccc(F)c5F)c4)c3)c2)nc2ccccc21,-9.1,3.139548424644211,46_1129
Cn1c(-c2cccc(-c3cccc(NC(=O)Nc4cccc(-c5cccc(F)c5F)c4)c3)c2)nc2ccccc21,-9.897260273972602,3.216920496534968,46_1130
O=C(Nc1cccc(-c2cccc(-c3nc4cc(F)ccc4[nH]3)c2)c1)Nc1cccc(-c2cccc(F)c2F)c1,-9.665151515151516,3.1875244530828533,46_1131
O=C(Nc1cccc(-c2cccc(-c3nc4cc(F)ccc4[nH]3)c2)c1)Nc1cccc(-c2cccc(F)c2F)c1,-9.665151515151516,3.1875244530828533,46_1132
O=C(Nc1cccc(-c2cccc(F)c2F)c1)Nc1cccc(-c2cccc(-c3nc4cc(F)ccc4[nH]3)c2F)c1,-9.956617647058822,3.128615257744718,46_1133
O=C(Nc1cccc(-c2cccc(-c3cccc(-c4ccccc4F)c3)c2)c1)N1CCNCC1,-9.35886075949367,3.470002651546907,46_1134
O=C(Nc1cccc(-c2cccc(-c3cccc(C(F)(F)F)c3)c2)c1)Nc1cccc(-c2cccc(F)c2F)c1,-9.623,2.963519940967514,46_1135
O=C(Nc1cccc(-c2cccc(-c3nc4ccccc4[nH]3)c2)c1)Nc1cccc(-c2cccc(F)c2F)c1,-9.946206896551724,3.218592063451191,46_1136
O=C(Nc1cccc(-c2cccc(-c3cccc(-c4ccccc4F)c3)c2)c1)N1CCNCC1,-9.35886075949367,3.470002651546907,46_1137
O=C(Nc1cccc(-c2cccc(-c3nc4ccccc4[nH]3)c2)c1)Nc1cccc(-c2cccc(F)c2F)c1,-9.946206896551724,3.218592063451191,46_1138
O=C(c1cccc(-c2cccc(-c3cccc(-c4nc5ccccc5[nH]4)c3)c2)n1)N1CCNCC1,-9.3,3.5141779880481234,46_1139
O=C(c1cccc(-c2cccc(-c3cccc4ccccc34)c2)c1)N1CCN(C(=O)c2cccc3ccccc23)CC1,-9.579999999999998,3.1497144483216615,46_1140
O=C(Nc1cccc(-c2cccc(-c3cccc(-c4cccc(F)c4)c3)c2)c1)N1CCNCC1,-9.341935483870968,3.470002651546907,46_1141
O=C(Nc1cccc(-c2cccc(-c3nc4cc(F)ccc4[nH]3)c2)c1)Nc1cccc(-c2cccc(F)c2F)c1,-9.665151515151516,3.1875244530828533,46_1142
Cn1c(-c2cccc(-c3cccc(NC(=O)Nc4cccc(-c5cccc(F)c5F)c4)c3)c2)nc2ccccc21,-9.897260273972602,3.216920496534968,46_1143
O=C(Nc1cccc(-c2cccc(-c3nc4cc(F)ccc4[nH]3)c2)c1)Nc1cccc(-c2cccc(F)c2F)c1,-9.665151515151516,3.1875244530828533,46_1144
O=C(c1cccc(-c2cccc(-c3cccc(C(=O)N4CCOCC4)c3)c2)c1)N1CCNCC1,-8.911111111111111,3.649506152725788,46_1145
O=C(Nc1cccc(-c2cccc(-c3ccc4c(c3)OCO4)c2)c1)Nc1cccc(-c2cc3ccccc3[nH]2)c1,-9.7,3.1160720188911917,46_1146
O=c1cc(-c2cccc(-c3cccc(F)c3F)c2)c2ccccc2n1-c1ccccc1,-7.6,3.3135108050983053,46_1147
O=C/C1=C/c2ccc(cc2F)CN(C(=O)c2cccc(-c3cccc(-c4cccc(-c5ccccc5F)c4)c3)c2)C1,-9.7,0.8635365069610659,46_1148
Cn1c(-c2cccc(-c3cccc(NC(=O)Nc4cccc(-c5cccc(F)c5F)c4)c3)c2)nc2ccccc21,-9.897260273972602,3.216920496534968,46_1149
Cn1c(-c2cccc(-c3cccc(NC(=O)Nc4cccc(-c5cccc(F)c5F)c4)c3)c2)nc2ccccc21,-9.897260273972602,3.216920496534968,46_1150
Cn1c(-c2cccc(-c3cccc(NC(=O)Nc4cccc(-c5cccc(C(=O)N6CCOCC6)c5)c4)c3)c2)nc2ccccc21,-9.555696202531646,3.2756851861708367,46_1151
Cn1c(-c2cccc(-c3cccc(NC(=O)Nc4cccc(-c5cccc(F)c5F)c4)c3)c2)nc2ccccc21,-9.897260273972602,3.216920496534968,46_1152
O=C(Nc1cccc(-c2cccc(-c3nc4cc(F)ccc4[nH]3)c2)c1)Nc1cccc(-c2cccc(F)c2F)c1,-9.665151515151516,3.1875244530828533,46_1153
O=C(Nc1cccc(-c2cccc(-c3nc4cc(F)ccc4[nH]3)c2)c1)Nc1cccc(-c2cccc(F)c2F)c1,-9.665151515151516,3.1875244530828533,46_1154
Cn1c(-c2cccc(-c3cccc(NC(=O)Nc4cccc(-c5cccc(C(=O)N6CCOCC6)c5)c4)c3)c2)nc2ccccc21,-9.555696202531646,3.2756851861708367,46_1155
O=C(Nc1cccc(-c2cccc(-c3nc4cc(F)ccc4[nH]3)c2)c1)Nc1cccc(-c2cccc(F)c2F)c1,-9.665151515151516,3.1875244530828533,46_1156
O=C(Nc1cccc(-c2cccc(-c3nc4cc(F)ccc4[nH]3)c2)c1)Nc1cccc(-c2cccc(F)c2F)c1,-9.665151515151516,3.1875244530828533,46_1157
O=S(=O)(Nc1cccc(-c2cccc(-c3nc4ccccc4[nH]3)c2)c1)Nc1cccc(-c2cccc(F)c2F)c1,-8.8,3.2514101685111987,46_1158
C=c1ccc(=Cc2cccc(-c3cccc(S(=O)(=O)Nc4cccc5ccccc45)c3)c2)c2cccnc12,-9.4,3.4387020509785025,46_1159
Cn1c(-c2cccc(-c3cccc(NC(=O)Nc4cccc(-c5cccc(F)c5F)c4)c3)c2)nc2ccccc21,-9.897260273972602,3.216920496534968,46_1160
O=C(Nc1cccc(-c2cccc(-c3cccc(-c4nc5ccccc5[nH]4)c3)c2)c1)N1CCN(c2ccccc2F)CC1,-9.4,3.24888632314821,46_1161
O=C(Nc1ccccc1C(=O)Nc1nccs1)c1cccc(-c2cccc(-c3cccc(-c4cccc(-c5nn[nH]n5)c4)c3)c2)c1,-8.6,3.1192659038810113,46_1162
O=C(Nc1cccc(-c2cccc(-c3nc4cc(F)ccc4[nH]3)c2)c1)Nc1cccc(-c2cccc(F)c2F)c1,-9.665151515151516,3.1875244530828533,46_1163
O=C(Nc1cccc(-c2cccc(-c3cccc(C(F)(F)F)c3)c2)c1)Nc1cccc(-c2cccc(F)c2F)c1,-9.623,2.963519940967514,46_1164
O=C(Nc1cccc(-c2cccc(-c3nc4ccccc4[nH]3)c2)c1)Nc1cccc(-c2cccc(F)c2F)c1,-9.946206896551724,3.218592063451191,46_1165
O=C(Nc1cccc(-c2cccc(-c3cccc(-c4ccccc4F)c3)c2)c1)N1CCNCC1,-9.35886075949367,3.470002651546907,46_1166
O=C(Nc1cccc(-c2cccc(-c3cccc(-c4cccc(F)c4)c3)c2)c1)N1CCNCC1,-9.341935483870968,3.470002651546907,46_1167
O=C(Nc1cccc(-c2cccc(-c3nc4cc(F)ccc4[nH]3)c2)c1)Nc1cccc(-c2cccc(F)c2F)c1,-9.665151515151516,3.1875244530828533,46_1168
Cn1c(-c2cccc(-c3cccc(NC(=O)Nc4cccc(-c5cccc(F)c5F)c4)c3)c2)nc2ccccc21,-9.897260273972602,3.216920496534968,46_1169
O=C(Nc1cccc(-c2cccc(-c3nc4cc(F)ccc4[nH]3)c2)c1)Nc1cccc(-c2cccc(F)c2F)c1,-9.665151515151516,3.1875244530828533,46_1170
Cn1c(-c2cccc(-c3cccc(NC(=O)Nc4cccc(-c5cccc(C(=O)N6CCOCC6)c5)c4)c3)c2)nc2ccccc21,-9.555696202531646,3.2756851861708367,46_1171
O=C(Nc1cccc(-c2cccc(-c3cccc(C(=O)N4CCOCC4)c3)c2)c1)N1CCNCC1,-9.00263157894737,3.6199094052700564,46_1172
Cn1c(-c2cccc(-c3cccc(NC(=O)Nc4cccc(-c5cccc(C(=O)N6CCOCC6)c5)c4)c3)c2)nc2ccccc21,-9.555696202531646,3.2756851861708367,46_1173
O=C(Nc1cccc(-c2cccc(-c3cccc(-c4ccccc4F)c3)c2)c1)N1CCNCC1,-9.35886075949367,3.470002651546907,46_1174
O=C(Nc1cccc(-c2cccc(-c3nc4ccccc4[nH]3)c2)c1)Nc1cccc(-c2cccc(F)c2F)c1,-9.946206896551724,3.218592063451191,46_1175
O=C(Nc1cccc(-c2cccc(-c3nc4ccccc4[nH]3)c2)c1)Nc1cccc(-c2cccc(F)c2F)c1,-9.946206896551724,3.218592063451191,46_1176
O=C(Nc1cccc(-c2cccc(-c3cccc(-c4ccccc4F)c3)c2)c1)N1CCNCC1,-9.35886075949367,3.470002651546907,46_1177
O=C(Nc1cccc(-c2cccc(F)c2F)c1)Nc1cccc(-c2cccc(-c3nc4cc(F)ccc4[nH]3)c2F)c1,-9.956617647058822,3.128615257744718,46_1178
O=COc1ccccc1C(C=O)Nc1cc(-c2ccc3c(c2)OCCO3)c2ccccc2n1,-7.4,3.569007145199681,46_1179
O=C(Nc1cccc(-c2cccc(-c3nc4ccccc4[nH]3)c2)c1)Nc1cccc(-c2cccc(F)c2F)c1,-9.946206896551724,3.218592063451191,46_1180
O=C(Nc1cccc(-c2cccc(-c3cccc(C(=O)N4CCOCC4)c3)c2)c1)N1CCNCC1,-9.00263157894737,3.6199094052700564,46_1181
O=C(Nc1cccc(-c2cccc(-c3nc4cc(F)ccc4[nH]3)c2)c1)Nc1cccc(-c2cccc(F)c2F)c1,-9.665151515151516,3.1875244530828533,46_1182
O=C(c1cccc(-c2cccc(-c3cccc(-c4cccc(F)c4)c3)c2)c1)N1CCNCC1,-9.308333333333332,3.508189933556279,46_1183
O=C(Nc1cccc(-c2cccc(-c3nc4ccccc4[nH]3)c2)c1)Nc1cccc(-c2cccc(F)c2F)c1,-9.946206896551724,3.218592063451191,46_1184
O=C(Nc1cccc(-c2cccc(-c3nc4ccccc4[nH]3)c2)c1)Nc1cccc(-c2cccc(F)c2F)c1,-9.946206896551724,3.218592063451191,46_1185
Cn1c(-c2cccc(-c3cccc(NC(=O)Nc4cccc(-c5cccc(F)c5F)c4)c3)c2)nc2ccccc21,-9.897260273972602,3.216920496534968,46_1186
O=C(Nc1cccc(-c2cccc(-c3cccc(C(F)(F)F)n3)c2)c1)Nc1cccc(-c2cccc(F)c2F)c1,-9.0,3.093072100896934,46_1187
O=C(Nc1cccc(Cl)c1)c1cccc(-c2cccc(-c3cccc(-c4cccc(C(F)(F)F)c4)c3)c2)c1,-8.4,3.0200774120481526,46_1188
O=C(Nc1cccc(-c2cccc(-c3cccc(-c4cccc(F)c4)c3)c2)c1)N1CCNCC1,-9.341935483870968,3.470002651546907,46_1189
O=C(Nc1cccc(-c2cccc(-c3nc4cc(F)ccc4[nH]3)c2)c1)Nc1cccc(-c2cccc(F)c2F)c1,-9.665151515151516,3.1875244530828533,46_1190
O=C(Nc1cccc(-c2cccc(-c3nc4ccccc4[nH]3)c2)c1)Nc1cccc(-c2cccc(F)c2F)c1,-9.946206896551724,3.218592063451191,46_1191
O=C(Nc1cccc(-c2cccc(-c3cccc(C(=O)N4CCOCC4)c3)c2)c1)N1CCNCC1,-9.00263157894737,3.6199094052700564,46_1192
NC(=O)C1C=Cc2nnc(-c3cccc(-c4cccc(-c5ccc6c(c5)OCO6)c4)c3)nc21,-8.8,3.5723768507782765,46_1193
O=C(Nc1cccc(-c2cccc(-c3cccc(C(=O)N4CCOCC4)c3)c2)c1)N1CCNCC1,-9.00263157894737,3.6199094052700564,46_1194
Cn1c(-c2cccc(-c3cccc(NC(=O)Nc4cccc(-c5cccc(C(=O)N6CCOCC6)c5)c4)c3)c2)nc2ccccc21,-9.555696202531646,3.2756851861708367,46_1195
O=C(Nc1cccc(-c2cccc(-c3cccc(C(F)(F)F)c3)c2)c1)Nc1cccc(-c2cccc(F)c2F)c1,-9.623,2.963519940967514,46_1196
O=C(Nc1cccc(-c2cccc(F)c2F)c1)Nc1cccc(-c2cccc(-c3nc4cc(F)ccc4[nH]3)c2F)c1,-9.956617647058822,3.128615257744718,46_1197
O=C(Nc1cccc(-c2cccc(F)c2F)c1)Nc1cccc(-c2cccc(-c3nc4cc(F)ccc4[nH]3)c2F)c1,-9.956617647058822,3.128615257744718,46_1198
O=C(Nc1cccc(-c2cccc(-c3cccc(-c4nc5ccccc5[nH]4)c3)c2)c1)N1CCNCC1,-9.316666666666666,3.368308336165232,46_1199
Cn1c(-c2cccc(-c3cccc(NC(=O)Nc4cccc(-c5cccc(F)c5F)c4)c3)c2)nc2ccccc21,-9.897260273972602,3.216920496534968,46_1200
O=C(Nc1cccc(-c2cccc(-c3nc4ccccc4[nH]3)c2)c1)Nc1cccc(-c2cccc(F)c2F)c1,-9.946206896551724,3.218592063451191,46_1201
O=C(Nc1cccc(-c2cccc(-c3nc4cc(F)ccc4[nH]3)c2)c1)Nc1cccc(-c2cccc(F)c2F)c1,-9.665151515151516,3.1875244530828533,46_1202
Cn1c(-c2cccc(-c3cccc(NC(=O)Nc4cccc(-c5cccc(F)c5F)c4)c3)c2)nc2ccccc21,-9.897260273972602,3.216920496534968,46_1203
O=C(Nc1cccc(-c2cccc(-c3cccc(-c4cccc(F)c4)c3)c2)c1)N1CCNCC1,-9.341935483870968,3.470002651546907,46_1204
O=C(Nc1cccc(-c2cccc(-c3nc4ccccc4[nH]3)c2)c1)Nc1cccc(-c2cccc(F)c2F)c1,-9.946206896551724,3.218592063451191,46_1205
O=C(c1cccc(-c2cccc(-c3cccc(-c4cccc(F)c4)c3)c2)c1)N1CCNCC1,-9.308333333333332,3.508189933556279,46_1206
O=C(Nc1cccc(-c2cccc(-c3cccc(C(F)(F)F)c3)c2)c1)Nc1cccc(-c2cccc(F)c2F)c1,-9.623,2.963519940967514,46_1207
O=C(Nc1cccc(-c2ccccc2CO)c1)c1cccc(-c2cccc(-c3ccc4c(c3)OCO4)c2)c1,-8.0,3.3659646688579397,46_1208
O=C(Nc1cccc(-c2cccc(-c3cccc(-c4nn[nH]n4)c3)c2)c1)Nc1cccc(-c2cccc(F)c2F)c1,-9.606122448979592,3.286971097546113,46_1209
O=C(Nc1cccc(F)c1)Nc1cccc(-c2cccc(-c3cccc(-c4ccccc4F)c3)c2)c1,-9.8,3.1669426314871947,46_1210
O=C(Nc1cccc(-c2cccc(-c3cccc(C(F)(F)F)c3)c2)c1)Nc1cccc(-c2cccc(F)c2F)c1,-9.623,2.963519940967514,46_1211
O=C(Nc1cccc(-c2cccc(-c3cccc(-c4ccccc4F)c3)c2)c1)N1CCNCC1,-9.35886075949367,3.470002651546907,46_1212
O=C(Nc1cccc(-c2cccc(F)c2F)c1)Nc1cccc(-c2cccc(-c3nc4cc(F)ccc4[nH]3)c2F)c1,-9.956617647058822,3.128615257744718,46_1213
O=C(Nc1cccc(-c2cccc(-c3nc4ccccc4[nH]3)c2)c1)Nc1cccc(-c2cccc(F)c2F)c1,-9.946206896551724,3.218592063451191,46_1214
Cn1c(-c2cccc(-c3cccc(NC(=O)Nc4cccc(-c5cccc(-c6ncccc6C#N)c5)c4)c3)c2)nc2ccccc21,-8.916666666666666,3.0906607506690618,46_1215
O=C(Nc1cccc(-c2cccc(-c3cccc(-c4cccc(-c5nn[nH]n5)c4)c3)c2)c1)N1CCNCC1,-9.75,3.3838192304591175,46_1216
O=C(Nc1cccc(-c2cccc(-c3cccc(-c4nn[nH]n4)c3)c2)c1)Nc1cccc(-c2cccc(F)c2F)c1,-9.606122448979592,3.286971097546113,46_1217
O=C(Nc1cccc(-c2cccc(F)c2F)c1)Nc1cccc(-c2cccc(-c3nc4cc(F)ccc4[nH]3)c2F)c1,-9.956617647058822,3.128615257744718,46_1218
Cn1c(-c2cccc(-c3cccc(NC(=O)Nc4cccc(-c5cccc(F)c5F)c4)c3)c2)nc2ccccc21,-9.897260273972602,3.216920496534968,46_1219
O=C(Nc1cccc(-c2cccc(-c3cccc(C(F)(F)F)c3)c2)c1)Nc1cccc(-c2cccc(F)c2F)c1,-9.623,2.963519940967514,46_1220
O=C(Nc1cccc(-c2cccc(-c3cccc(C(F)(F)F)c3)c2)c1)Nc1cccc(-c2cccc(F)c2F)c1,-9.623,2.963519940967514,46_1221
O=C(Nc1cccc(-c2cccc(F)c2F)c1)Nc1cccc(-c2cccc(-c3nc4cc(F)ccc4[nH]3)c2F)c1,-9.956617647058822,3.128615257744718,46_1222
O=C(Nc1cccc(-c2cccc(-c3cccc(C(F)(F)F)c3)c2)c1)Nc1cccc(-c2cccc(F)c2F)c1,-9.623,2.963519940967514,46_1223
Cn1c(-c2cccc(-c3cccc(NC(=O)Nc4cccc(-c5cccc(C(=O)N6CCOCC6)c5)c4)c3)c2)nc2ccccc21,-9.555696202531646,3.2756851861708367,46_1224
O=C(Nc1cccc(-c2cccc(-c3cccc(-c4nn[nH]n4)c3)c2)c1)Nc1cccc(-c2cccc(F)c2F)c1,-9.606122448979592,3.286971097546113,46_1225
O=C(Nc1cccc(-c2cccc(-c3nc4ccccc4[nH]3)c2)c1)Nc1cccc(-c2cccc(F)c2F)c1,-9.946206896551724,3.218592063451191,46_1226
O=C(Nc1cccc(-c2cccc(-c3nc4cc(F)ccc4[nH]3)c2)c1)Nc1cccc(-c2cccc(F)c2F)c1,-9.665151515151516,3.1875244530828533,46_1227
O=C(Nc1cccc(-c2cccc(-c3cccc(-c4ccccc4F)c3)c2)c1)N1CCNCC1,-9.35886075949367,3.470002651546907,46_1228
O=C(Nc1cccc(-c2cccc(-c3nc4ccccc4[nH]3)c2)c1)Nc1cccc(-c2cccc(F)c2F)c1,-9.946206896551724,3.218592063451191,46_1229
O=C(Nc1cccc(-c2cccc(-c3nc4ccccc4[nH]3)c2)c1)Nc1cccc(-c2cccc(F)c2F)c1,-9.946206896551724,3.218592063451191,46_1230
O=C(Nc1cccc(-c2cccc(-c3cccc(-c4ccccc4F)c3)c2)c1)Nc1cccc2ccccc12,-9.0,3.056331263026567,46_1231
O=C(Nc1cccc(-c2cccc(-c3nc4ccccc4[nH]3)c2)c1)Nc1cccc(-c2cccc(F)c2F)c1,-9.946206896551724,3.218592063451191,46_1232
O=C(Nc1cccc(-c2cccc(-c3nc4cc(F)ccc4[nH]3)c2)c1)Nc1cccc(-c2cccc(F)c2F)c1,-9.665151515151516,3.1875244530828533,46_1233
O=C(Nc1cccc(-c2cccc(-c3nc4cc(F)ccc4[nH]3)c2)c1)Nc1cccc(-c2cccc(F)c2F)c1,-9.665151515151516,3.1875244530828533,46_1234
O=C(Nc1cccc(-c2cccc(-c3cccc(-c4ccccc4F)c3)c2)c1)N1CCNCC1,-9.35886075949367,3.470002651546907,46_1235
Cn1c(-c2cccc(-c3cccc(NC(=O)Nc4cccc(-c5cccc(F)c5F)c4)c3)c2)nc2ccccc21,-9.897260273972602,3.216920496534968,46_1236
O=C(Nc1cccc(-c2cccc(-c3cccc(-c4cccc(F)c4)c3)c2)c1)N1CCNCC1,-9.341935483870968,3.470002651546907,46_1237
Cn1c(-c2cccc(-c3cccc(NC(=O)Nc4cccc(-c5cccc(F)c5F)c4)c3)c2)nc2ccccc21,-9.897260273972602,3.216920496534968,46_1238
O=C(Nc1cccc(-c2cccc(-c3nc4cc(F)ccc4[nH]3)c2)c1)Nc1cccc(-c2cccc(F)c2F)c1,-9.665151515151516,3.1875244530828533,46_1239
O=C(Nc1cccc(-c2cccc(-c3cccc(C(F)(F)F)c3)c2)c1)Nc1cccc(-c2cccc(F)c2F)c1,-9.623,2.963519940967514,46_1240
O=C(Nc1cccc(-c2cccc(-c3cccc(C(=O)N4CCOCC4)c3)c2)c1)N1CCNCC1,-9.00263157894737,3.6199094052700564,46_1241
Cn1c(-c2cccc(-c3cccc(NC(=O)Nc4cccc(-c5cccc(C(=O)N6CCOCC6)c5)c4)c3)c2)nc2ccccc21,-9.555696202531646,3.2756851861708367,46_1242
O=C(Nc1cccc(-c2cccc(-c3nc4ccccc4[nH]3)c2)c1)Nc1cccc(-c2cccc(F)c2F)c1,-9.946206896551724,3.218592063451191,46_1243
O=C(Nc1cccc(-c2cccc(-c3cccc(-c4cccc(-c5ccccc5F)c4)c3)c2)c1)c1ccccc1,-9.8,3.034399838423724,46_1244
O=C(Nc1cccc(-c2cccc(-c3nc4cc(F)ccc4[nH]3)c2)c1)Nc1cccc(-c2cccc(F)c2F)c1,-9.665151515151516,3.1875244530828533,46_1245
O=C(c1cccc(-c2cccc(-c3cccc(C(=O)N4CCOCC4)c3)c2)c1)N1CCNCC1,-8.911111111111111,3.649506152725788,46_1246
O=C(Nc1cccc(-c2cccc(-c3cccc(C(F)(F)F)c3)c2)c1)Nc1cccc(-c2cccc(F)c2F)c1,-9.623,2.963519940967514,46_1247
O=C(Nc1cccc(-c2cccc(-c3nc4cc(F)ccc4[nH]3)c2)c1)Nc1cccc(-c2cccc(F)c2F)c1,-9.665151515151516,3.1875244530828533,46_1248
O=C(Nc1cccc(-c2cccc(C(=O)N3CCOCC3)c2)c1)Nc1cccc(-c2cccc(-c3nn[nH]n3)c2)c1,-10.0,3.3213888200525123,46_1249
O=C(Nc1cccc(-c2cccc(-c3cccc(C(F)(F)F)c3)c2)c1)Nc1cccc(-c2cccc(F)c2F)c1,-9.623,2.963519940967514,46_1250
O=C(Nc1cccc(-c2cccc(-c3nc4cc(F)ccc4[nH]3)c2)c1)Nc1cccc(-c2cccc(F)c2F)c1,-9.665151515151516,3.1875244530828533,46_1251
O=C(Nc1cccc(-c2cccc(F)c2)c1)Nc1ccccc1-c1cccc(-c2ccccc2F)c1,-8.9,3.1669426314871947,46_1252
O=C(Nc1cccc(-c2cccc(-c3cccc(C(F)(F)F)c3)c2)c1)Nc1cccc(-c2cccc(F)c2F)c1,-9.623,2.963519940967514,46_1253
O=C(Nc1cccc(-c2cccc(F)c2F)c1)Nc1cccc(-c2cccc(-c3nc4cc(F)ccc4[nH]3)c2F)c1,-9.956617647058822,3.128615257744718,46_1254
O=C(Nc1cccc(-c2cccc(-c3cccc(-c4ccccc4F)c3)c2)c1)N1CCNCC1,-9.35886075949367,3.470002651546907,46_1255
O=C(Nc1cccc(-c2cccc(-c3cccc(C(F)(F)F)c3)c2)c1)Nc1cccc(-c2cccc(F)c2F)c1,-9.623,2.963519940967514,46_1256
O=C(Nc1cccc(-c2cccc(-c3cccc(-c4cccc(F)c4)c3)c2)c1)N1CCNCC1,-9.341935483870968,3.470002651546907,46_1257
O=C(Nc1ccccc1C(=O)O)c1cccc(-c2cccc(-c3cccc(-c4cccc(F)c4)c3)c2)c1,-8.6,3.317013365973615,46_1258
O=C(Nc1cccc(-c2cccc(-c3cccc(C(F)(F)F)c3)c2)c1)Nc1cccc(-c2cccc(F)c2F)c1,-9.623,2.963519940967514,46_1259
O=C(Nc1cccc(-c2cccc(F)c2F)c1)Nc1cccc(-c2cccc(-c3nc4cc(F)ccc4[nH]3)c2F)c1,-9.956617647058822,3.128615257744718,46_1260
Cn1c(-c2cccc(-c3cccc(NC(=O)Nc4cccc(-c5cccc(-c6cccc(F)c6)c5)c4)c3)c2)nc2ccccc21,-9.885106382978723,3.0539916384657317,46_1261
O=C(Nc1cccc(-c2cccc(-c3cccc(-c4ccccc4F)c3)c2)c1)N1CCNCC1,-9.35886075949367,3.470002651546907,46_1262
O=C(Nc1cccc(-c2cccc(-c3cccc(-c4nc5ccccc5[nH]4)c3)c2)c1)N1CCNCC1,-9.316666666666666,3.368308336165232,46_1263
O=C(Nc1cccc(-c2cccc(-c3cccc(-c4cccc(F)c4)c3)c2)c1)N1CCNCC1,-9.341935483870968,3.470002651546907,46_1264
O=C(Nc1cccc(-c2cccc(-c3nc4cc(F)ccc4[nH]3)c2)c1)Nc1cccc(-c2cccc(F)c2F)c1,-9.665151515151516,3.1875244530828533,46_1265
O=C(Nc1cccc(-c2cccc(-c3nc4ccncc4[nH]3)c2)c1)Nc1cccc(-c2cccc(F)c2F)c1,-10.5,3.3051748077707623,46_1266
O=C(Nc1cccc(-c2cccc(-c3cccc(-c4cccc(F)c4)c3)c2)c1)N1CCNCC1,-9.341935483870968,3.470002651546907,46_1267
Cn1c(-c2cccc(-c3cccc(NC(=O)Nc4cccc(-c5cccc(F)c5F)c4)c3)c2)nc2ccccc21,-9.897260273972602,3.216920496534968,46_1268
O=C(Nc1cccc(-c2cccc(-c3cccc(-c4ccccc4F)c3)c2)c1)N1CCNCC1,-9.35886075949367,3.470002651546907,46_1269
O=C(Nc1cccc(-c2cccc(-c3cccc(-c4nc5ccccc5[nH]4)c3)c2)c1)N1CCNCC1,-9.316666666666666,3.368308336165232,46_1270
O=C(Nc1cccc(-c2cccc(-c3nc4cc(F)ccc4[nH]3)c2)c1)Nc1cccc(-c2cccc(F)c2F)c1,-9.665151515151516,3.1875244530828533,46_1271
O=C(Nc1cccc(-c2cccc(-c3cccc(-c4ccccc4F)c3)c2)c1)N1CCNCC1,-9.35886075949367,3.470002651546907,46_1272
O=C(Nc1cccc(-c2cccc(-c3nc4cc(F)ccc4[nH]3)c2)c1)Nc1cccc(-c2cccc(F)c2F)c1,-9.665151515151516,3.1875244530828533,46_1273
O=C(Nc1cccc(-c2cccc(-c3nc4cc(F)ccc4[nH]3)c2)c1)Nc1cccc(-c2cccc(F)c2F)c1,-9.665151515151516,3.1875244530828533,46_1274
O=C(c1cccc(-c2cccc(-c3cccc(-c4ccccc4F)c3)c2)c1)N1CCNCC1,-9.41111111111111,3.508189933556279,46_1275
Cn1c(-c2cccc(-c3cccc(NC(=O)Nc4cccc(-c5cccc(C(=O)N6CCOCC6)c5)c4)c3)c2)nc2ccccc21,-9.555696202531646,3.2756851861708367,46_1276
O=C(c1cccc(-c2cccc(-c3cccc(-c4cccc(F)c4)c3)c2)c1)N1CCNCC1,-9.308333333333332,3.508189933556279,46_1277
O=CNc1cc(-c2cccc(C(F)(F)F)c2)ccccc2ccccc2n1,-7.8,1.4494011396902788,46_1278
Cn1c(-c2cccc(-c3cccc(NC(=O)Nc4cccc(-c5cccc(C(=O)N6CCOCC6)c5)c4)c3)c2)nc2ccccc21,-9.555696202531646,3.2756851861708367,46_1279
O=C(Nc1cccc(-c2cccc(-c3cccc(-c4nn[nH]n4)c3)c2)c1)Nc1cccc(-c2cccc(F)c2F)c1,-9.606122448979592,3.286971097546113,46_1280
O=C(Nc1cccc(-c2cccc(-c3nc4cc(F)ccc4[nH]3)c2)c1)Nc1cccc(-c2cccc(F)c2F)c1,-9.665151515151516,3.1875244530828533,46_1281
Cn1c(-c2cccc(-c3cccc(-c4cccc(CC=CCC5=NC(=O)C5c5ccccc5)c4)c3)c2)nc2ccccc21,-7.8,3.0528142742775444,46_1282
Cc1cccc(CNc2ccc(-c3cccc(-c4nc5ccccc5[nH]4)c3)cc2)c1,-7.3,3.3403717018418595,46_1283
O=C(Nc1cccc(-c2cccc(-c3nc4cc(F)ccc4[nH]3)c2)c1)Nc1cccc(-c2cccc(F)c2F)c1,-9.665151515151516,3.1875244530828533,46_1284
O=C(Nc1cccc(-c2cccc(-c3nc4ccccc4[nH]3)c2)c1)Nc1cccc(-c2cccc(F)c2F)c1,-9.946206896551724,3.218592063451191,46_1285
O=C(Nc1cccc(-c2cccc(F)c2F)c1)Nc1cccc(-c2cccc(-c3nc4cc(F)ccc4[nH]3)c2F)c1,-9.956617647058822,3.128615257744718,46_1286
O=C(Nc1cccc(-c2cccc(-c3nc4cc(F)ccc4[nH]3)c2)c1)Nc1cccc(-c2cccc(F)c2F)c1,-9.665151515151516,3.1875244530828533,46_1287
Cn1c(-c2cccc(-c3cccc(NC(=O)Nc4ccc(Cl)cc4)c3)c2)nc2ccccc21,-9.0,3.3515080811079603,46_1288
Cn1c(-c2cccc(-c3cccc(NC(=O)Nc4cccc(-c5cccc(C(=O)N6CCOCC6)c5)c4)c3)c2)nc2ccccc21,-9.555696202531646,3.2756851861708367,46_1289
O=C(c1cccc(-c2cccc(-c3cccc(-c4nn[nH]n4)c3)c2)c1)N1CCNCC1,-8.907692307692306,3.6709921779215158,46_1290
O=C(Nc1cccc(-c2cccc(-c3nc4cc(F)ccc4[nH]3)c2)c1)Nc1cccc(-c2cccc(F)c2F)c1,-9.665151515151516,3.1875244530828533,46_1291
O=C(Nc1cccc(-c2cccc(-c3nc4cc(F)ccc4[nH]3)c2)c1)Nc1cccc(-c2cccc(F)c2F)c1,-9.665151515151516,3.1875244530828533,46_1292
O=C(Nc1cccc(-c2cccc(-c3nc4ccccc4[nH]3)c2)c1)Nc1cccc(-c2cccc(F)c2F)c1,-9.946206896551724,3.218592063451191,46_1293
O=C(Nc1cccc(-c2cccc(-c3nc4ccccc4[nH]3)c2)c1)Nc1cccc(-c2cccc(F)c2F)c1,-9.946206896551724,3.218592063451191,46_1294
O=C(Nc1cccc(-c2cccc(-c3cccc(C(F)(F)F)c3)n2)c1)Nc1cccc(Cl)c1F,-8.6,3.430014620035484,46_1295
O=C(c1cccc(-c2cccc(-c3cccc(-c4ccccc4F)c3)c2)c1)N1CCNCC1,-9.41111111111111,3.508189933556279,46_1296
O=C(c1cccc(-c2cccc(-c3cccc(-c4ccccc4F)c3)c2)c1)N1CCNCC1,-9.41111111111111,3.508189933556279,46_1297
O=C(Nc1cccc(-c2cccc(-c3cccc(-c4ccccc4F)c3)c2)c1)N1CCNCC1,-9.35886075949367,3.470002651546907,46_1298
Cn1c(-c2cccc(-c3cccc(NC(=O)Nc4cccc(C(F)(F)F)c4)c3)c2)nc2ccccc21,-8.5,3.4115265543640696,46_1299
O=C(Nc1cccc(-c2cccc(-c3cccc(-c4ccccc4F)c3)c2)c1)N1CCNCC1,-9.35886075949367,3.470002651546907,46_1300
Cn1c(-c2cccc(-c3cccc(NC(=O)Nc4cccc(-c5cccc(C(=O)N6CCOCC6)c5)c4)c3)c2)nc2ccccc21,-9.555696202531646,3.2756851861708367,46_1301
O=C(Nc1cccc(-c2cccc(-c3cccc(-c4ccccc4F)c3)c2)c1)N1CCNCC1,-9.35886075949367,3.470002651546907,46_1302
O=C(Nc1cccc(-c2cccc(-c3cccc(-c4nc5cc(F)ccc5[nH]4)c3F)c2)c1)N1CCNCC1,-9.05,3.3431687582788054,46_1303
O=C(Nc1cccc(-c2cccc(-c3nc4ccccc4[nH]3)c2)c1)Nc1cccc(-c2cccc(F)c2F)c1,-9.946206896551724,3.218592063451191,46_1304
Cn1c(-c2cccc(-c3cccc(NC(=O)Nc4cccc(-c5cccc(F)c5F)c4)c3)c2)nc2ccccc21,-9.897260273972602,3.216920496534968,46_1305
Cn1c(-c2cccc(-c3cccc(NC(=O)Nc4cccc(-c5cccc(-c6cccc(F)c6)c5)c4)c3)c2)nc2ccccc21,-9.885106382978723,3.0539916384657317,46_1306
O=C(Nc1cccc(-c2cccc(-c3cccc(-c4nc5ccccc5[nH]4)c3)c2)c1)N1CCNCC1,-9.316666666666666,3.368308336165232,46_1307
O=C(Nc1cccc(-c2cccc(-c3nc4ccccc4[nH]3)c2)c1)Nc1cccc(-c2cccc(F)c2F)c1,-9.946206896551724,3.218592063451191,46_1308
Cn1c(-c2cccc(-c3cccc(NC(=O)Nc4cccc(-c5cccc(C(=O)N6CCOCC6)c5)c4)c3)c2)nc2ccccc21,-9.555696202531646,3.2756851861708367,46_1309
O=C(Nc1cccc(-c2cccc(-c3nc4ccccc4[nH]3)c2)c1)Nc1cccc(-c2cccc(F)c2F)c1,-9.946206896551724,3.218592063451191,46_1310
C=C(C=C[N+](=O)[O-])c1cccc(-c2cccc(-c3cccc(-c4nn[nH]n4)c3)c2)c1,-8.1,3.510788238689007,46_1311
O=C(Nc1cccc(-c2cncc3ccccc23)c1)c1cccc(-c2cccc(-c3cccc(-c4cccc(C(=O)N5CCOCC5)c4)c3)c2)c1,-9.5,3.0955894007368956,46_1312
O=C(Nc1cccc(-c2cccc(-c3cccc(C(F)(F)F)c3)c2)c1)Nc1cccc(-c2cccc(F)c2F)c1,-9.623,2.963519940967514,46_1313
O=C(Nc1cccc(-c2cccc(-c3nc4ccccc4[nH]3)c2)c1)Nc1cccc(-c2cccc(F)c2F)c1,-9.946206896551724,3.218592063451191,46_1314
O=C(Nc1cccc(-c2cccc(-c3cccc(C(F)(F)F)c3)c2)c1)Nc1cccc(-c2cccc(F)c2F)c1,-9.623,2.963519940967514,46_1315
N#Cc1cccnc1-c1cccc(-c2cccc(NC(=O)Nc3cccc(-c4cccc(-c5cccc(-c6ccccc6F)c5)c4)c3)c2)c1,-9.5,3.0565682408008263,46_1316
O=C(Nc1cccc(-c2cccc(-c3nc4ccccc4[nH]3)c2)c1)Nc1cccc(-c2cccc(F)c2F)c1,-9.946206896551724,3.218592063451191,46_1317
O=C(Nc1cccc(-c2cccc(F)c2F)c1)Nc1cccc(-c2cccc(-c3nc4cc(F)ccc4[nH]3)c2F)c1,-9.956617647058822,3.128615257744718,46_1318
O=C(Nc1cccc(-c2cccc(-c3nc4cc(F)ccc4[nH]3)c2)c1)Nc1cccc(-c2cccc(F)c2F)c1,-9.665151515151516,3.1875244530828533,46_1319
O=C(Nc1cccc(-c2cccc(-c3nc4cc(F)ccc4[nH]3)c2)c1)Nc1cccc(-c2cccc(F)c2F)c1,-9.665151515151516,3.1875244530828533,46_1320
O=C(Nc1cccc(-c2cccc(-c3cccc(-c4cccc(F)c4)c3)c2)c1)N1CCNCC1,-9.341935483870968,3.470002651546907,46_1321
Fc1ccc2[nH]c(-c3cccc(-c4cccc(-c5cccc(-c6cccc(-c7c[nH]cn7)c6)c5)c4)c3)nc2c1,-9.7,3.2388117789639197,46_1322
N#Cc1ccccc1-c1cccc(-c2cccc(-c3cccc(C(=O)N[C@H]4CC[C@@H](c5cccc(-c6ncccc6C=O)c5)CC4)c3)c2)c1,-8.8,3.037019777635101,46_1323
O=C(Nc1cccc(-c2cccc(F)c2F)c1)Nc1cccc(-c2cccc(-c3nc4cc(F)ccc4[nH]3)c2F)c1,-9.956617647058822,3.128615257744718,46_1324
Cn1c(-c2cccc(-c3cccc(NC(=O)Nc4cccc(-c5cccc(F)c5F)c4)c3)c2)nc2ccccc21,-9.897260273972602,3.216920496534968,46_1325
O=C(c1cccc(-c2cccc(-c3ccc4c(c3)OCO4)c2)c1)N1CCN(S(=O)(=O)c2cccc(F)c2)CC1,-8.8,3.4766377407123574,46_1326
O=C(Nc1cccc(-c2cccc(-c3nc4ccccc4[nH]3)c2)c1)Nc1cccc(-c2cccc(F)c2F)c1,-9.946206896551724,3.218592063451191,46_1327
O=C(Nc1cccc(-c2cccc(-c3cccc(-c4nn[nH]n4)c3)c2)c1)Nc1cccc(-c2cccc(F)c2F)c1,-9.606122448979592,3.286971097546113,46_1328
O=C(Nc1cccc(-c2cccc(-c3cccc(-c4ccccc4F)c3)c2)c1)N1CCNCC1,-9.35886075949367,3.470002651546907,46_1329
O=c1c(C=CCCc2cccc(-c3cccc(-c4cccc(-c5ccccc5F)c4)c3)c2)c1N1CCNCC1,-7.6,3.2592080557112495,46_1330
O=C(Nc1cccc(-c2cccc(-c3cccc(-c4ccccc4F)c3)c2)c1)N1CCNCC1,-9.35886075949367,3.470002651546907,46_1331
O=C(Nc1cccc(-c2cccc(-c3nc4ccccc4[nH]3)c2)c1)Nc1cccc(-c2cccc(F)c2F)c1,-9.946206896551724,3.218592063451191,46_1332
O=C(Nc1cccc(-c2cccc(-c3nc4cc(F)ccc4[nH]3)c2)c1)Nc1cccc(-c2cccc(F)c2F)c1,-9.665151515151516,3.1875244530828533,46_1333
O=C(Nc1cccc(-c2cccc(-c3cccc(-c4ccccc4F)c3)c2)c1)N1CCNCC1,-9.35886075949367,3.470002651546907,46_1334
O=C(Nc1cccc(-c2cccc(-c3nc4ccccc4[nH]3)c2)c1)Nc1cccc(-c2cccc(F)c2F)c1,-9.946206896551724,3.218592063451191,46_1335
O=C(Nc1cccc(-c2cccc(F)c2F)c1)Nc1cccc(-c2cccc(-c3nc4cc(F)ccc4[nH]3)c2F)c1,-9.956617647058822,3.128615257744718,46_1336
O=C(c1cccc(-c2cccc(-c3cccc(-c4nn[nH]n4)c3)c2)c1)N1CCNCC1,-8.907692307692306,3.6709921779215158,46_1337
O=C(Nc1cccc(-c2cccc(-c3nc4ccccc4[nH]3)c2)c1)Nc1cccc(-c2cccc(F)c2F)c1,-9.946206896551724,3.218592063451191,46_1338
O=C(c1cccc(-c2cccc(-c3cccc(C(=O)N4CCOCC4)c3)c2)c1)N1CCNCC1,-8.911111111111111,3.649506152725788,46_1339
O=C(Nc1cccc(-c2cccc(-c3cccc(F)c3)c2)c1)Nc1cccc(-c2cccc(F)c2F)c1,-9.9,3.1787533639972665,46_1340
O=C(Nc1cccc(-c2cccc(-c3nc4cc(F)ccc4[nH]3)c2)c1)Nc1cccc(-c2cccc(F)c2F)c1,-9.665151515151516,3.1875244530828533,46_1341
Cn1c(-c2cccc(-c3cccc(NC(=O)Nc4cccc(-c5cccc(F)c5F)c4)c3)c2)nc2ccccc21,-9.897260273972602,3.216920496534968,46_1342
Cn1c(-c2cccc(-c3cccc(NC(=O)Nc4cccc(-c5cccc(C(=O)N6CCOCC6)c5)c4)c3)c2)nc2ccccc21,-9.555696202531646,3.2756851861708367,46_1343
O=C(Nc1cccc(-c2cccc(C(=O)N3CCOCC3)c2)c1)Nc1cccc(-c2cccc(-c3ccc4c(c3)OCO4)c2)c1,-10.0,3.203574602452801,46_1344
O=C(Nc1cccc(-c2cccc(-c3nc4ccccc4[nH]3)c2)c1)Nc1cccc(-c2cccc(F)c2F)c1,-9.946206896551724,3.218592063451191,46_1345
O=C(Nc1cccc(-c2cccc(-c3cccc(-c4ccccc4F)c3)c2)c1)N1CCNCC1,-9.35886075949367,3.470002651546907,46_1346
O=C(Nc1cccc(-c2cccc(-c3cccc(-c4nn[nH]n4)c3)c2)c1)Nc1cccc(-c2cccc(F)c2F)c1,-9.606122448979592,3.286971097546113,46_1347
O=C(Nc1cccc(-c2cccc(-c3nc4cc(F)ccc4[nH]3)c2)c1)Nc1cccc(-c2cccc(F)c2F)c1,-9.665151515151516,3.1875244530828533,46_1348
O=C(Nc1cccc(-c2cccc(-c3nc4ccccc4[nH]3)c2)c1)Nc1cccc(-c2cccc(F)c2F)c1,-9.946206896551724,3.218592063451191,46_1349
O=C(Nc1cccc(-c2cccc(-c3nc4ccccc4[nH]3)c2)c1)Nc1cccc(-c2cccc(F)c2F)c1,-9.946206896551724,3.218592063451191,46_1350
O=C(Nc1cccc(-c2cccc(-c3cccc(-c4nn[nH]n4)c3)c2)c1)Nc1cccc(-c2cccc(F)c2F)c1,-9.606122448979592,3.286971097546113,46_1351
O=C(c1cccc(-c2cccc(-c3cccc(-c4nc5ccccc5[nH]4)c3)c2)c1)N1CCNCC1,-9.483333333333334,3.440998249723921,46_1352
N#Cc1c(-c2ccco2)cc(Nc2cccc(-c3cccc(-c4ccccc4F)c3)c2)nc1N,-8.5,3.460836064490638,46_1353
O=S(=O)(Nc1cccc2[nH]cnc12)c1cc2cc(-c3cccc(-c4ccc5c(c4)OCCO5)c3F)ccc2[nH]1,-9.2,3.3227756026983504,46_1354
O=C(c1cccc(-c2cccc(-c3cccc(-c4cccc(F)c4)c3)c2)c1)N1CCNCC1,-9.308333333333332,3.508189933556279,46_1355
Cn1c(-c2cccc(-c3cccc(NC(=O)Nc4cccc(-c5cccc(F)c5F)c4)c3)c2)nc2ccccc21,-9.897260273972602,3.216920496534968,46_1356
O=C(Nc1cccc(-c2cccc(-c3cccc(C(=O)N4CCOCC4)c3)c2)c1)N1CCNCC1,-9.00263157894737,3.6199094052700564,46_1357
O=C(Nc1cccc(-c2cccc(-c3cccc(-c4ccccc4F)c3)c2)c1)N1CCNCC1,-9.35886075949367,3.470002651546907,46_1358
O=C(Nc1cccc(-c2cccc(-c3cccc(-c4ccccc4F)c3)c2)c1)N1CCNCC1,-9.35886075949367,3.470002651546907,46_1359
O=C(Nc1cccc(-c2cccc(-c3nc4cc(F)ccc4[nH]3)c2)c1)Nc1cccc(-c2cccc(F)c2F)c1,-9.665151515151516,3.1875244530828533,46_1360
O=C(Nc1ncc(Cl)s1)c1cccc(-c2cccc(-c3cccc(-c4cccc(C(F)(F)F)c4)c3)c2)c1,-8.8,3.2324501404656774,46_1361
O=C(Nc1cccc(-c2cccc(-c3cccc(-c4ccccc4F)c3)c2)c1)N1CCNCC1,-9.35886075949367,3.470002651546907,46_1362
Cn1c(-c2cccc(-c3cccc(NC(=O)Nc4cccc(-c5cccc(C(=O)N6CCOCC6)c5)c4)c3)c2)nc2ccccc21,-9.555696202531646,3.2756851861708367,46_1363
O=C(Nc1cccc(-c2cccc(-c3nc4cc(F)ccc4[nH]3)c2)c1)Nc1cccc(-c2cccc(F)c2F)c1,-9.665151515151516,3.1875244530828533,46_1364
Cn1c(-c2cccc(-c3cccc(NC(=O)Nc4cccc(-c5cccc(F)c5F)c4)c3)c2)nc2ccccc21,-9.897260273972602,3.216920496534968,46_1365
O=C(Nc1cccc(-c2cccc(-c3nc4cc(F)ccc4[nH]3)c2)c1)Nc1cccc(-c2cccc(F)c2F)c1,-9.665151515151516,3.1875244530828533,46_1366
O=C(Nc1cccc(-c2cccc(-c3nc4ccccc4[nH]3)c2)c1)Nc1cccc(-c2cccc(F)c2F)c1,-9.946206896551724,3.218592063451191,46_1367
O=C(N/N=C/c1cccc(-c2cccc(-c3cccc4ccccc34)c2)c1)Nc1cccc(-c2cccc(F)c2F)c1,-9.0,3.0605034225643193,46_1368
O=C(Nc1cccc(-c2cccc(-c3cccc(C(F)(F)F)c3)c2)c1)Nc1cccc(-c2cccc(F)c2F)c1,-9.623,2.963519940967514,46_1369
O=C(Nc1cccc(-c2cccc(-c3cccc(-c4ccccc4F)c3)c2)c1)N1CCNCC1,-9.35886075949367,3.470002651546907,46_1370
O=C(Nc1cccc(-c2cccc(-c3nc4cc(F)ccc4[nH]3)c2)c1)Nc1cccc(-c2cccc(F)c2F)c1,-9.665151515151516,3.1875244530828533,46_1371
O=C(Nc1cccc(-c2cccc(-c3cccc(-c4nn[nH]n4)c3)c2)c1)Nc1cccc(-c2cccc(F)c2F)c1,-9.606122448979592,3.286971097546113,46_1372
O=C(Nc1cccc(-c2cccc(-c3nc4cc(F)ccc4[nH]3)c2)c1)Nc1cccc(-c2cccc(F)c2F)c1,-9.665151515151516,3.1875244530828533,46_1373
O=C(Nc1cccc(-c2cccc(-c3cccc(C(=O)N4CCOCC4)c3)c2)c1)N1CCNCC1,-9.00263157894737,3.6199094052700564,46_1374
O=C(c1cccc(-c2cccc(-c3ccc4c(c3)OCCO4)c2F)c1)N1CCNCC1,-8.55,3.6553838184373157,46_1375
Cn1c(-c2cccc(-c3cccc(NC(=O)Nc4cccc(-c5cccc(F)c5F)c4)c3)c2)nc2ccccc21,-9.897260273972602,3.216920496534968,46_1376
O=C(c1cccc(-c2cccc(-c3cccc(-c4nn[nH]n4)c3)c2)c1)N1CCNCC1,-8.907692307692306,3.6709921779215158,46_1377
O=C(Nc1cccc(-c2cccc(-c3nc4ccccc4[nH]3)c2)c1)Nc1cccc(-c2cccc(F)c2F)c1,-9.946206896551724,3.218592063451191,46_1378
Cn1c(-c2cccc(-c3cccc(NC(=O)Nc4cccc(-c5cccc(-c6cccc(F)c6)c5)c4)c3)c2)nc2ccccc21,-9.885106382978723,3.0539916384657317,46_1379
O=C(c1cccc(-c2cccc(-c3ccc4c(c3)OCO4)c2)c1)N1CCN(C(=O)c2cccc3ccccc23)CC1,-8.95,3.2703075927733467,46_1380
O=C(Nc1cccc(-c2cccc(-c3nc4cc(F)ccc4[nH]3)c2)c1)Nc1cccc(-c2cccc(F)c2F)c1,-9.665151515151516,3.1875244530828533,46_1381
O=C(c1cccc(-c2cccc(-c3cccc(-c4ccccc4F)c3)c2)c1)N1CCNCC1,-9.41111111111111,3.508189933556279,46_1382
O=C(Nc1cccc(-c2cccc(-c3cccc(-c4ccccc4F)c3)c2)c1)N1CCNCC1,-9.35886075949367,3.470002651546907,46_1383
O=C(Nc1cccc(-c2cccc(-c3nc4cc(F)ccc4[nH]3)c2)c1)Nc1cccc(-c2cccc(F)c2F)c1,-9.665151515151516,3.1875244530828533,46_1384
O=C(Nc1cccc(-c2cccc(-c3nc4cc(F)ccc4[nH]3)c2)c1)Nc1cccc(-c2cccc(F)c2F)c1,-9.665151515151516,3.1875244530828533,46_1385
O=C(Nc1cccc(-c2cccc(-c3nc4ccccc4[nH]3)c2)c1)Nc1cccc(-c2cccc(F)c2F)c1,-9.946206896551724,3.218592063451191,46_1386
Cn1c(-c2cccc(-c3cccc(NC(=O)Nc4cccc(-c5cccc(F)c5F)c4)c3)c2)nc2ccccc21,-9.897260273972602,3.216920496534968,46_1387
O=C(Nc1cccc(-c2cccc(-c3nc4ccccc4[nH]3)c2)c1)Nc1cccc(-c2cccc(F)c2F)c1,-9.946206896551724,3.218592063451191,46_1388
O=C(Nc1cccc(-c2cccc(-c3nc4ccccc4[nH]3)c2)c1)Nc1cccc(-c2cccc(F)c2F)c1,-9.946206896551724,3.218592063451191,46_1389
O=C(Nc1cccc(-c2cccc(-c3cccc(-c4ccccc4F)c3)c2)c1)N1CCNCC1,-9.35886075949367,3.470002651546907,46_1390
Cn1c(-c2cccc(-c3cccc(NC(=O)Nc4cccc(-c5cccc(F)c5F)c4)c3)c2)nc2ccccc21,-9.897260273972602,3.216920496534968,46_1391
O=C(Nc1cccc(-c2cccc(-c3nc4cc(F)ccc4[nH]3)c2)c1)Nc1cccc(-c2cccc(F)c2F)c1,-9.665151515151516,3.1875244530828533,46_1392
O=C(Nc1cccc(-c2cccc(-c3nc4ccccc4[nH]3)c2)c1)Nc1cccc(-c2cccc(F)c2F)c1,-9.946206896551724,3.218592063451191,46_1393
O=C(Nc1cccc(-c2cccc(-c3nc4ccccc4[nH]3)c2)c1)Nc1ccccc1F,-8.8,3.372593532528297,46_1394
Cn1c(-c2cccc(-c3cccc(NC(=O)Nc4cccc(-c5cccc(C(=O)N6CCOCC6)c5)c4)c3)c2)nc2ccccc21,-9.555696202531646,3.2756851861708367,46_1395
Cn1c(-c2cccc(-c3cccc(NC(=O)Nc4cccc(-c5cccc(F)c5F)c4)c3)c2)nc2ccccc21,-9.897260273972602,3.216920496534968,46_1396
Cn1c(-c2cccc(-c3cccc(NC(=O)Nc4cccc(-c5cccc(F)c5F)c4)c3)c2)nc2ccccc21,-9.897260273972602,3.216920496534968,46_1397
O=C(c1cccc(-c2cccc(-c3cccc(C(F)(F)F)c3)c2)c1)N1CCNCC1,-8.566666666666666,3.642566566269835,46_1398
O=C(Nc1cccc(-c2cccc(-c3cccc(-c4ccccc4F)c3)c2)c1)N1CCNCC1,-9.35886075949367,3.470002651546907,46_1399
O=C(c1cccc(-c2cccc(-c3cccc4ccccc34)c2)c1)N1CCN(c2ccccc2)CC1,-9.25,3.206064535475286,46_1400
O=C(Nc1cccc(-c2cccc(-c3cccc(-c4ccccc4F)c3)c2)c1)N1CCNCC1,-9.35886075949367,3.470002651546907,46_1401
O=C(Nc1cccc(-c2cccc(-c3nc4ccccc4[nH]3)c2)c1)Nc1cccc(-c2cccc(F)c2F)c1,-9.946206896551724,3.218592063451191,46_1402
Cn1c(-c2cccc(-c3cccc(NC(=O)Nc4cccc(-c5cccc(F)c5F)c4)c3)c2)nc2ccccc21,-9.897260273972602,3.216920496534968,46_1403
O=C(Nc1cccc(-c2cccc(-c3nc4cc(F)ccc4[nH]3)c2)c1)Nc1cccc(-c2cccc(F)c2F)c1,-9.665151515151516,3.1875244530828533,46_1404
O=C(Nc1cccc(-c2cccc(-c3nc4ccccc4[nH]3)c2)c1)Nc1cccc(-c2cccc(F)c2F)c1,-9.946206896551724,3.218592063451191,46_1405
O=C(c1cccc(-c2cccc(-c3cccc(-c4nc5ccccc5[nH]4)c3)c2)c1)N1CCNCC1,-9.483333333333334,3.440998249723921,46_1406
Cn1c(-c2cccc(-c3cccc(NC(=O)Nc4cccc(-c5cccc(F)c5F)c4)c3)c2)nc2ccccc21,-9.897260273972602,3.216920496534968,46_1407
O=C(c1cccc(-c2cccc(-c3cccc4ccccc34)c2)c1)N1CCN(C(=O)c2ccccc2F)CC1,-9.2,3.2705511526271827,46_1408
Cn1c(-c2cccc(-c3cccc(NC(=O)Nc4cccc(-c5cccc(F)c5F)c4)c3)c2)nc2ccccc21,-9.897260273972602,3.216920496534968,46_1409
O=C(Nc1cccc(-c2cccc(-c3nc4ccccc4[nH]3)c2)c1)Nc1cccc(-c2cccc(F)c2F)c1,-9.946206896551724,3.218592063451191,46_1410
O=C(Nc1cccc(-c2cccc(-c3nc4cc(F)ccc4[nH]3)c2)c1)Nc1cccc(-c2cccc(F)c2F)c1,-9.665151515151516,3.1875244530828533,46_1411
O=C(Nc1cccc(-c2cccc(-c3nc4cc(F)ccc4[nH]3)c2)c1)Nc1cccc(-c2cccc(F)c2F)c1,-9.665151515151516,3.1875244530828533,46_1412
O=C(Nc1cccc(-c2cccc(-c3cccc(-c4ccccc4F)c3)c2)c1)N1CCNCC1,-9.35886075949367,3.470002651546907,46_1413
O=C(Nc1cccc(-c2cccc(-c3nc4ccccc4[nH]3)c2)c1)Nc1cccc(-c2cccc(F)c2F)c1,-9.946206896551724,3.218592063451191,46_1414
Cn1c(-c2cccc(-c3cccc(NC(=O)Nc4cccc(-c5cccc(C(=O)N6CCOCC6)c5)c4)c3)c2)nc2ccccc21,-9.555696202531646,3.2756851861708367,46_1415
O=C(Nc1cccc(-c2cccc(F)c2F)c1)Nc1cccc(-c2cccc(-c3nc4cc(F)ccc4[nH]3)c2F)c1,-9.956617647058822,3.128615257744718,46_1416
O=C(Nc1cccc(-c2cccc(-c3nc4cc(F)ccc4[nH]3)c2)c1)Nc1cccc(-c2cccc(F)c2F)c1,-9.665151515151516,3.1875244530828533,46_1417
O=C(Nc1cccc(-c2cccc(F)c2F)c1)Nc1cccc(-c2cccc(-c3nc4cc(F)ccc4[nH]3)c2F)c1,-9.956617647058822,3.128615257744718,46_1418
O=C(Nc1cccc(-c2cccc(-c3nc4cc(F)ccc4[nH]3)c2)c1)Nc1cccc(-c2cccc(F)c2F)c1,-9.665151515151516,3.1875244530828533,46_1419
Cn1c(-c2cccc(-c3cccc(NC(=O)Nc4cccc(-c5cccc(F)c5F)c4)c3)c2)nc2ccccc21,-9.897260273972602,3.216920496534968,46_1420
O=C(Nc1cccc(-c2cccc(-c3nc4cc(F)ccc4[nH]3)c2)c1)Nc1cccc(-c2cccc(F)c2F)c1,-9.665151515151516,3.1875244530828533,46_1421
O=C(Nc1cccc(-c2cccc(-c3cccc(-c4cccc(F)c4)c3)c2)c1)N1CCNCC1,-9.341935483870968,3.470002651546907,46_1422
O=C(Nc1cccc(-c2cccc(-c3cccc(C(F)(F)F)c3)c2)c1)Nc1cccc(-c2cccc(F)c2F)c1,-9.623,2.963519940967514,46_1423
Cn1c(-c2cccc(-c3cccc(NC(=O)Nc4cccc(-c5cccc(F)c5F)c4)c3)c2)nc2ccccc21,-9.897260273972602,3.216920496534968,46_1424
O=C(Nc1cccc(-c2cccc(-c3cccc(C(F)(F)F)c3)c2)c1)Nc1cccc(-c2ccccc2F)c1,-9.65,2.955830168893644,46_1425
O=C(Nc1cccc(-c2cccc(-c3nc4ccccc4[nH]3)c2)c1)Nc1cccc(-c2cccc(F)c2F)c1,-9.946206896551724,3.218592063451191,46_1426
Cn1c(-c2cccc(-c3cccc(NC(=O)Nc4cccc(-c5cccc(F)c5F)c4)c3)c2)nc2ccccc21,-9.897260273972602,3.216920496534968,46_1427
O=C(c1cccc(-c2cccc(-c3cccc4ccccc34)c2)c1)N1CCN(c2ccccc2)CC1,-9.25,3.206064535475286,46_1428
Cn1c(-c2cccc(-c3cccc(NC(=O)Nc4cccc(-c5cccc(-c6cccc(F)c6)c5)c4)c3)c2)nc2ccccc21,-9.885106382978723,3.0539916384657317,46_1429
O=C(Nc1cccc(-c2cccc(-c3cccc(-c4ccccc4F)c3)c2)c1)N1CCNCC1,-9.35886075949367,3.470002651546907,46_1430
O=C(Nc1cccc(-c2cccc(-c3nc4ccccc4[nH]3)c2)c1)Nc1cccc(-c2cccc(F)c2F)c1,-9.946206896551724,3.218592063451191,46_1431
O=C(Nc1cccc(-c2cccc(-c3cccc(C(F)(F)F)c3)c2)c1)Nc1cccc(-c2cccc(F)c2F)c1,-9.623,2.963519940967514,46_1432
O=C(Nc1cccc(-c2cccc(-c3cccc(C(=O)N4CCOCC4)c3)c2)c1)N1CCNCC1,-9.00263157894737,3.6199094052700564,46_1433
O=C(Nc1cccc(-c2cccc(-c3cccc(-c4cccc(F)c4)c3)c2)c1)N1CCNCC1,-9.341935483870968,3.470002651546907,46_1434
O=C(Nc1cccc(-c2cccc(F)c2F)c1)Nc1cccc(-c2cccc(-c3nc4cc(F)ccc4[nH]3)c2F)c1,-9.956617647058822,3.128615257744718,46_1435
Cn1c(-c2cccc(-c3cccc(NC(=O)Nc4cccc(-c5cccc(C(=O)N6CCOCC6)c5)c4)c3)c2)nc2ccccc21,-9.555696202531646,3.2756851861708367,46_1436
Cn1c(-c2cccc(-c3cccc(NC(=O)Nc4cccc(-c5cccc6ccccc56)c4)c3)c2)nc2ccccc21,-8.4,3.070745071939463,46_1437
O=C(Nc1cccc(-c2cccc(F)c2F)c1)Nc1cccc(-c2cccc(-c3nc4cc(F)ccc4[nH]3)c2F)c1,-9.956617647058822,3.128615257744718,46_1438
CC(=CC=CC(=O)Nc1nc2ccccc2n2c(=O)n(-c3ccccc3)nc12)c1ccc2c(c1)OCO2,-8.9,3.375503783318394,46_1439
Cn1c(-c2cccc(-c3cccc(NC(=O)Nc4cccc(-c5cccc(C(F)(F)F)c5)c4)c3)c2)nc2ccccc21,-9.82,3.240177718187831,46_1440
O=C(Nc1cccc(-c2cccc(-c3cccc(C(F)(F)F)c3)c2)c1)Nc1cccc(-c2cccc(F)c2F)c1,-9.623,2.963519940967514,46_1441
O=C(Nc1cccc(-c2cccc(-c3nc4cc(F)ccc4[nH]3)c2)c1)Nc1cccc(-c2cccc(F)c2F)c1,-9.665151515151516,3.1875244530828533,46_1442
Cn1c(-c2cccc(-c3cccc(NC(=O)Nc4cccc(-c5cccc(-c6cccc(F)c6)c5)c4)c3)c2)nc2ccccc21,-9.885106382978723,3.0539916384657317,46_1443
Cn1c(-c2cccc(-c3cccc(NC(=O)Nc4cccc(-c5cccc(F)c5F)c4)c3)c2)nc2ccccc21,-9.897260273972602,3.216920496534968,46_1444
N#Cc1cccnc1-c1cccc(-c2cccc(NC(=O)Nc3cccc(-c4cccc(F)c4F)c3)c2)c1,-9.66,3.3763915698637668,46_1445
O=C(Nc1cccc(-c2cccc(-c3cccc(-c4nc5ccccc5[nH]4)c3)c2)c1)N1CCNCC1,-9.316666666666666,3.368308336165232,46_1446
O=C(Nc1cccc(-c2cccc(-c3cccc(-c4cccc(F)c4)c3)c2)c1)N1CCNCC1,-9.341935483870968,3.470002651546907,46_1447
Cn1c(-c2cccc(-c3cccc(NC(=O)Nc4cccc(-c5cccc(F)c5F)c4)c3)c2)nc2ccccc21,-9.897260273972602,3.216920496534968,46_1448
O=C(Nc1cccc(-c2cccc(-c3nc4cc(F)ccc4[nH]3)c2)c1)Nc1cccc(-c2cccc(F)c2F)c1,-9.665151515151516,3.1875244530828533,46_1449
O=C(Nc1cccc(-c2cccc(-c3nc4ccccc4[nH]3)c2)c1)Nc1cccc(-c2cccc(F)c2F)c1,-9.946206896551724,3.218592063451191,46_1450
O=C(Nc1cccc(-c2cccc(-c3cccc(C(F)(F)F)c3)c2)c1)Nc1cccc(-c2cccc(F)c2F)c1,-9.623,2.963519940967514,46_1451
O=C(Nc1cccc(-c2cccc(-c3cccc(C(=O)N4CCOCC4)c3)c2)c1)N1CCNCC1,-9.00263157894737,3.6199094052700564,46_1452
O=C(Nc1cccc(-c2cccc(-c3nc4ccccc4[nH]3)c2)c1)Nc1cccc(-c2cccc(F)c2F)c1,-9.946206896551724,3.218592063451191,46_1453
O=C(Nc1cccc(-c2cccc(-c3nc4ccccc4[nH]3)c2)c1)Nc1cccc(-c2cccc(F)c2F)c1,-9.946206896551724,3.218592063451191,46_1454
O=C(Nc1cccc(-c2cccc(F)c2F)c1)Nc1cccc(-c2cccc(-c3nc4cc(F)ccc4[nH]3)c2F)c1,-9.956617647058822,3.128615257744718,46_1455
O=C(Nc1cccc(-c2cccc(-c3nc4ccccc4[nH]3)c2)c1)Nc1cccc(-c2cccc(F)c2F)c1,-9.946206896551724,3.218592063451191,46_1456
O=C(c1cccc(-c2cccc(-c3cccc(C(F)(F)F)c3)c2)c1)N1CCNCC1,-8.566666666666666,3.642566566269835,46_1457
O=C(Nc1cccc(-c2cccc(-c3nc4ccccc4[nH]3)c2)c1)Nc1cccc(-c2cccc(F)c2F)c1,-9.946206896551724,3.218592063451191,46_1458
O=C(Nc1cccc(-c2cccc(-c3nc4cc(F)ccc4[nH]3)c2)c1)Nc1cccc(-c2cccc(F)c2F)c1,-9.665151515151516,3.1875244530828533,46_1459
O=C(Nc1cccc(-c2cccc(-c3ccc4c(c3)OCO4)c2)c1)Nc1cccc(-c2cccc3ccccc23)c1,-10.0,3.1251033336416434,46_1460
O=C(Nc1cccc(-c2cccc(-c3nc4ccccc4[nH]3)c2)c1)Nc1cccc(-c2cccc(F)c2F)c1,-9.946206896551724,3.218592063451191,46_1461
Cn1c(-c2cccc(-c3cccc(NC(=O)Nc4cccc(-c5cccc(F)c5F)c4)c3)c2)nc2ccccc21,-9.897260273972602,3.216920496534968,46_1462
O=C(Nc1cccc(-c2cccc(-c3nc4ccccc4[nH]3)c2)c1)Nc1cccc(-c2cccc(F)c2F)c1,-9.946206896551724,3.218592063451191,46_1463
Cn1c(-c2cccc(-c3cccc(NC(=O)Nc4cccc(-c5cccc(F)c5F)c4)c3)c2)nc2ccccc21,-9.897260273972602,3.216920496534968,46_1464
O=C(Nc1cccc(-c2cccc(-c3cccc(C(F)(F)F)c3)c2)c1)Nc1cccc(-c2cccc(F)c2F)c1,-9.623,2.963519940967514,46_1465
Cn1c(-c2cccc(-c3cccc(NC(=O)Nc4cccc(-c5cccc(F)c5F)c4)c3)c2)nc2ccccc21,-9.897260273972602,3.216920496534968,46_1466
O=C(Nc1cccc(-c2cccc(-c3nc4cc(F)ccc4[nH]3)c2)c1)Nc1cccc(-c2cccc(F)c2F)c1,-9.665151515151516,3.1875244530828533,46_1467
O=C(Nc1cccc(-c2cccc(-c3cccc(C(F)(F)F)c3)c2)c1)Nc1cccc(-c2cccc(F)c2F)c1,-9.623,2.963519940967514,46_1468
O=C(Nc1cccc(-c2cccc(-c3nc4cc(F)ccc4[nH]3)c2)c1)Nc1cccc(-c2cccc(F)c2F)c1,-9.665151515151516,3.1875244530828533,46_1469
O=C(Nc1cccc(-c2cccc(-c3nc4ccccc4[nH]3)c2)c1)Nc1cccc(-c2cccc(F)c2F)c1,-9.946206896551724,3.218592063451191,46_1470
O=C(Nc1cccc(F)c1)Nc1cccc(-c2cccc(-c3cccc(C(=O)N4CCOCC4)c3)c2)c1,-9.0,3.522647590392938,46_1471
Oc1cccc(-c2cccc(-c3cccc(-c4ccccc4F)c3)c2)c1,-8.649999999999999,3.342966868562404,46_1472
O=C(Nc1cccc(-c2cccc(-c3nc4ccccc4[nH]3)c2)c1)Nc1cccc(-c2cccc(F)c2F)c1,-9.946206896551724,3.218592063451191,46_1473
Cn1c(-c2cccc(-c3cccc(-c4cccc(NC(=O)N5CCNCC5)c4)c3)c2)nc2ccccc21,-9.399999999999999,3.454295250820488,46_1474
O=C(Nc1cccc(-c2cccc(-c3cccc(C(F)(F)F)c3)c2)c1)Nc1cccc(-c2cccc(F)c2F)c1,-9.623,2.963519940967514,46_1475
N#Cc1cccnc1-c1cccc(-c2cccc(NC(=O)Nc3cccc(-c4cccc(F)c4F)c3)c2)c1,-9.66,3.3763915698637668,46_1476
O=C(Nc1cccc(-c2cccc(-c3cccc(-c4ccccc4F)c3)c2)c1)N1CCNCC1,-9.35886075949367,3.470002651546907,46_1477
Nc1ccccc1-n1c(C(=O)c2cccc(-c3cccc(F)c3F)c2)c(-c2cccc(-c3ccccc3)c2)c2ccccc21,-8.9,3.078489470341599,46_1478
O=C(Nc1cccc(-c2cccc(F)c2)c1)c1cc(-c2ccc3c(c2)OCCO3)nc2ccccc12,-8.5,3.466754703060974,46_1479
Cn1c(-c2cccc(-c3cccc(NC(=O)Nc4cccc(-c5cccc(-c6ncccc6C#N)c5)c4)c3)c2)nc2ccccc21,-8.916666666666666,3.0906607506690618,46_1480
Cn1c(-c2cccc(-c3cccc(NC(=O)Nc4cccc(-c5cccc(F)c5F)c4)c3)c2)nc2ccccc21,-9.897260273972602,3.216920496534968,46_1481
O=C(Nc1cccc(-c2cccc(-c3nc4ccccc4[nH]3)c2)c1)Nc1cccc(-c2cccc(F)c2F)c1,-9.946206896551724,3.218592063451191,46_1482
Cn1c(-c2cccc(-c3cccc(NC(=O)Nc4cccc(-c5cccc(F)c5F)c4)c3)c2)nc2ccccc21,-9.897260273972602,3.216920496534968,46_1483
O=C(Nc1cccc(-c2cccc(-c3cccc(C(=O)N4CCOCC4)c3)c2)c1)N1CCNCC1,-9.00263157894737,3.6199094052700564,46_1484
O=C(Nc1cccc(-c2cccc(-c3cccc(-c4nn[nH]n4)c3)c2)c1)Nc1cccc(-c2cccc(F)c2F)c1,-9.606122448979592,3.286971097546113,46_1485
O=C(Nc1cccc(-c2cccc(-c3cccc(C(=O)N4CCOCC4)c3)c2)c1)N1CCNCC1,-9.00263157894737,3.6199094052700564,46_1486
O=C(Nc1cccc(-c2cccc(F)c2F)c1)Nc1cccc(-c2cccc(-c3nc4cc(F)ccc4[nH]3)c2F)c1,-9.956617647058822,3.128615257744718,46_1487
O=C(Nc1cccc(-c2cccc(-c3cccc(C(F)(F)F)c3)c2)c1)Nc1cccc(-c2cccc(F)c2F)c1,-9.623,2.963519940967514,46_1488
Cn1c(-c2cccc(-c3cccc(NC(=O)Nc4cccc(-c5cccc(F)c5F)c4)c3)c2)nc2ccccc21,-9.897260273972602,3.216920496534968,46_1489
O=C(Nc1cccc(-c2cccc(-c3nc4ccccc4[nH]3)c2)c1)Nc1cccc(-c2cccc(F)c2F)c1,-9.946206896551724,3.218592063451191,46_1490
O=C(Nc1cccc(-c2cccc(-c3cccc(C(=O)N4CCOCC4)c3)c2)c1)N1CCNCC1,-9.00263157894737,3.6199094052700564,46_1491
O=C(Nc1ccc(-c2cccc(-c3cccc(C=Nc4cccc(F)c4)c3)c2)nc1)Nc1ccccc1-c1ccccc1,-6.9,3.1065561355524025,46_1492
O=C(Nc1cccc(-c2cccc(-c3cccc(-c4ccccc4F)c3)c2)c1)N1CCNCC1,-9.35886075949367,3.470002651546907,46_1493
Cn1c(-c2cccc(-c3cccc(NC(=O)Nc4cccc(-c5cccc(F)c5F)c4)c3)c2)nc2ccccc21,-9.897260273972602,3.216920496534968,46_1494
O=C(Nc1cccc(-c2cccc(-c3nc4ccccc4[nH]3)c2)c1)Nc1cccc(-c2cccc(F)c2F)c1,-9.946206896551724,3.218592063451191,46_1495
Cn1c(-c2cccc(-c3cccc(NC(=O)Nc4cccc(-c5cccc(F)c5F)c4)c3)c2)nc2ccccc21,-9.897260273972602,3.216920496534968,46_1496
O=C(Nc1cccc(-c2cccc(F)c2F)c1)N1C=CC=CC(c2cccc(-c3nc4cc(F)ccc4[nH]3)c2)=C1,-9.4,2.2987853633063597,46_1497
O=C(Nc1cccc(-c2cccc(-c3cccc(C(F)(F)F)c3)c2)c1)Nc1cccc(-c2cccc(F)c2F)c1,-9.623,2.963519940967514,46_1498
Cn1c(-c2cccc(-c3cccc(NC(=O)Nc4cccc(-c5cccc(F)c5F)c4)c3)c2)nc2ccccc21,-9.897260273972602,3.216920496534968,46_1499
O=C(Nc1cccc(-c2cccc(-c3nc4ccccc4[nH]3)c2)c1)Nc1cccc(-c2cccc(F)c2F)c1,-9.946206896551724,3.218592063451191,46_1500
O=C(c1ccc2c(-c3cccc(-c4ccccc4F)c3)cccc2c1)N1CCNCC1,-8.4,3.513567367705725,46_1501
O=C(Nc1cccc(-c2cccc(-c3cccc(-c4ccccc4F)c3)c2)c1)N1CCNCC1,-9.35886075949367,3.470002651546907,46_1502
O=C(Nc1cccc(-c2cccc(-c3nc4cc(F)ccc4[nH]3)c2)c1)Nc1cccc(-c2cccc(F)c2F)c1,-9.665151515151516,3.1875244530828533,46_1503
Cn1c(-c2cccc(-c3cccc(NC(=O)Nc4cccc(-c5cccc(F)c5F)c4)c3)c2)nc2ccccc21,-9.897260273972602,3.216920496534968,46_1504
O=C(Nc1cccc(-c2cccc(F)c2F)c1)Nc1cccc(-c2cccc(-c3nc4cc(F)ccc4[nH]3)c2F)c1,-9.956617647058822,3.128615257744718,46_1505
O=C(c1cccc(-c2cccc(-c3nc4ccccc4[nH]3)c2)c1)N1CCN(C(=O)c2cccc(F)c2F)CC1,-9.3,3.4743716563467535,46_1506
O=C(c1cccc(-c2cccc(C(=O)N3CCN(c4ccccc4C(F)(F)F)CC3)c2)c1)N1CCOCC1,-8.6,3.5675074243249583,46_1507
O=C(Nc1cccc(-c2cccc(-c3nc4cc(F)ccc4[nH]3)c2)c1)Nc1cccc(-c2cccc(F)c2F)c1,-9.665151515151516,3.1875244530828533,46_1508
O=C(Nc1cccc(-c2cccc(-c3nc4ccccc4[nH]3)c2)c1)Nc1cccc(-c2cccc(F)c2F)c1,-9.946206896551724,3.218592063451191,46_1509
O=C(c1cccc(-c2cccc(-c3nc4cc(F)ccc4[nH]3)c2)c1)N1CCNCC1,-8.466666666666667,3.6450984636569372,46_1510
O=C(Nc1cccc(-c2cccc(-c3cccc(-c4ccccc4F)c3)c2)c1)N1CCNCC1,-9.35886075949367,3.470002651546907,46_1511
O=C(Nc1cccc(-c2cccc(-c3nc4ccccc4[nH]3)c2)c1)Nc1cccc(-c2cccc(F)c2F)c1,-9.946206896551724,3.218592063451191,46_1512
Cn1c(-c2cccc(-c3cccc(NC(=O)Nc4cccc(-c5cccc(C(=O)N6CCOCC6)c5)c4)c3)c2)nc2ccccc21,-9.555696202531646,3.2756851861708367,46_1513
O=C(c1cccc(-c2cccc(-c3cccc(C(F)(F)F)c3)c2)c1)N1CCNCC1,-8.566666666666666,3.642566566269835,46_1514
O=C(Nc1cccc(-c2cccc(-c3cccc(-c4ccccc4F)c3)c2)c1)N1CCNCC1,-9.35886075949367,3.470002651546907,46_1515
O=C(Nc1cccc(-c2cccc(-c3cccc(-c4ccccc4F)c3)c2)c1)N1CCNCC1,-9.35886075949367,3.470002651546907,46_1516
O=C(Nc1cccc(-c2cccc(-c3nc4ccccc4[nH]3)c2)c1)Nc1cccc(-c2cccc(F)c2F)c1,-9.946206896551724,3.218592063451191,46_1517
O=C(Nc1cccc(-c2cccc(-c3nc4ccccc4[nH]3)c2)c1)Nc1cccc(-c2cccc(F)c2F)c1,-9.946206896551724,3.218592063451191,46_1518
O=C1c2ccccc2-c2c1c1ccccc1c(=O)n2Cc1cccc(-c2cccc(-c3cccc(-c4nn[nH]n4)c3)c2)c1,-9.9,3.2697959033357646,46_1519
O=C(Nc1cccc(-c2cccc(F)c2F)c1)Nc1cccc(-c2cccc(-c3nc4cc(F)ccc4[nH]3)c2F)c1,-9.956617647058822,3.128615257744718,46_1520
Cn1c(-c2cccc(-c3cccc(NC(=O)Nc4cccc(-c5cccc(-c6cccc(F)c6)c5)c4)c3)c2)nc2ccccc21,-9.885106382978723,3.0539916384657317,46_1521
O=C(c1cccc(-c2cccc(-c3cccc(-c4ccccc4F)c3)c2)n1)c1cccc2ccccc12,-9.4,3.114008461379047,46_1522
Cn1c(-c2cccc(-c3cccc(NC(=O)Nc4cccc(-c5cccc(F)c5F)c4)c3)c2)nc2ccccc21,-9.897260273972602,3.216920496534968,46_1523
Cn1c(-c2cccc(-c3cccc(NC(=O)Nc4cccc(-c5cccc(F)c5F)c4)c3)c2)nc2ccccc21,-9.897260273972602,3.216920496534968,46_1524
O=C(Nc1cccc(-c2cccc(-c3nc4cc(F)ccc4[nH]3)c2)c1)Nc1cccc(-c2cccc(F)c2F)c1,-9.665151515151516,3.1875244530828533,46_1525
Cn1c(-c2cccc(-c3cccc(NC(=O)Nc4cccc(-c5cccc(F)c5F)c4)c3)c2)nc2ccccc21,-9.897260273972602,3.216920496534968,46_1526
O=C(Nc1cccc(-c2cccc(F)c2F)c1)Nc1cccc(-c2cccc(-c3nc4cc(F)ccc4[nH]3)c2F)c1,-9.956617647058822,3.128615257744718,46_1527
O=C(Nc1cccc(-c2cccc(-c3cccc(-c4ccccc4F)c3)c2)c1)N1CCNCC1,-9.35886075949367,3.470002651546907,46_1528
O=C(Nc1cccc(-c2cccc(-c3nc4cc(F)ccc4[nH]3)c2)c1)Nc1cccc(-c2cccc(F)c2F)c1,-9.665151515151516,3.1875244530828533,46_1529
O=C(Nc1cccc(-c2cccc(-c3cccc(-c4cccc(F)c4)c3)c2)c1)N1CCNCC1,-9.341935483870968,3.470002651546907,46_1530
Cn1c(-c2cccc(-c3cccc(NC(=O)Nc4cccc(-c5cccc(-c6nc(=O)o[nH]6)c5)c4)c3)c2)nc2ccccc21,-10.0,3.127409012341417,46_1531
Cn1c(-c2cccc(-c3cccc(NC(=O)Nc4cccc(-c5cccc(F)c5F)c4)c3)c2)nc2ccccc21,-9.897260273972602,3.216920496534968,46_1532
O=C(Nc1cccc(-c2cccc(-c3nc4ccccc4[nH]3)c2)c1)Nc1cccc(-c2cccc(F)c2F)c1,-9.946206896551724,3.218592063451191,46_1533
O=C(Nc1cccc(-c2cccc(-c3cccc(-c4cccc(-c5nn[nH]n5)c4)c3)c2)c1)Nc1cccc(Cl)c1F,-9.8,3.2447954352694333,46_1535
O=C(Nc1cccc(-c2cccc(-c3nc4ccccc4[nH]3)c2)c1)Nc1cccc(-c2cccc(F)c2F)c1,-9.946206896551724,3.218592063451191,46_1536
O=C(Nc1cccc(-c2cccc(-c3nc4ccccc4[nH]3)c2)c1)Nc1cccc(-c2cccc(F)c2F)c1,-9.946206896551724,3.218592063451191,46_1537
O=C(Nc1cccc(-c2cccc(-c3cccc(-c4ccccc4F)c3)c2)c1)N1CCNCC1,-9.35886075949367,3.470002651546907,46_1538
O=C(Nc1cccc(-c2cccc(-c3cccc(-c4ccccc4F)c3)c2)c1)N1CCNCC1,-9.35886075949367,3.470002651546907,46_1539
O=C(Nc1cccc(-c2cccc(-c3cccc(C(F)(F)F)c3)c2)c1)Nc1cccc(-c2cccc(F)c2F)c1,-9.623,2.963519940967514,46_1540
Cn1c(-c2cccc(-c3cccc(NC(=O)Nc4cccc(-c5cccc(F)c5F)c4)c3)c2)nc2ccccc21,-9.897260273972602,3.216920496534968,46_1541
O=C(Nc1cccc(-c2cccc(F)c2F)c1)Nc1cccc(-c2cccc(-c3nc4cc(F)ccc4[nH]3)c2F)c1,-9.956617647058822,3.128615257744718,46_1542
Cn1c(-c2cccc(-c3cccc(NC(=O)Nc4cccc(-c5cccc(C(=O)N6CCOCC6)c5)c4)c3)c2)nc2ccccc21,-9.555696202531646,3.2756851861708367,46_1543
O=C(c1cccc(-c2cccc(-c3cccc(-c4nc5ccccc5[nH]4)c3)c2)c1)N1CCNCC1,-9.483333333333334,3.440998249723921,46_1544
O=C(Nc1cccc(-c2cccc(-c3nc4ccccc4[nH]3)c2)c1)Nc1cccc(-c2cccc(F)c2F)c1,-9.946206896551724,3.218592063451191,46_1545
O=C(Nc1cccc(-c2cccc(-c3cccc(-c4ccccc4F)c3)c2)c1)N1CCNCC1,-9.35886075949367,3.470002651546907,46_1546
O=C(Nc1cccc(-c2cccc(-c3nc4cc(F)ccc4[nH]3)c2)c1)Nc1cccc(-c2cccc(F)c2F)c1,-9.665151515151516,3.1875244530828533,46_1547
O=C(Nc1cccc(-c2cccc(-c3nc4ccccc4[nH]3)c2)c1)Nc1cccc(-c2cccc(F)c2F)c1,-9.946206896551724,3.218592063451191,46_1548
Cn1c(-c2cccc(-c3cccc(NC(=O)Nc4cccc(-c5cccc(C(=O)N6CCOCC6)c5)c4)c3)c2)nc2ccccc21,-9.555696202531646,3.2756851861708367,46_1549
O=C(Nc1cccc(-c2cccc(-c3nc4ccccc4[nH]3)c2)c1)Nc1cccc(-c2cccc(F)c2F)c1,-9.946206896551724,3.218592063451191,46_1550
O=C(Nc1cccc(-c2cccc(-c3cccc(-c4ccccc4F)c3)c2)c1)N1CCNCC1,-9.35886075949367,3.470002651546907,46_1551
Cn1c(-c2cccc(-c3cccc(NC(=O)Nc4cccc(-c5cccc(-c6ncccc6C#N)c5)c4)c3)c2)nc2ccccc21,-8.916666666666666,3.0906607506690618,46_1552
Cn1c(-c2cccc(-c3cccc(NC(=O)Nc4cccc(-c5cccc(F)c5F)c4)c3)c2)nc2ccccc21,-9.897260273972602,3.216920496534968,46_1553
O=C(Nc1cccc(-c2cccc(-c3cccc(-c4nc5cc(F)ccc5[nH]4)c3F)c2)c1)N1CCCC1,-9.1,3.348381635917114,46_1554
O=C(Nc1cccc(-c2cccc(-c3nc4cc(F)ccc4[nH]3)c2)c1)Nc1cccc(-c2cccc(F)c2F)c1,-9.665151515151516,3.1875244530828533,46_1555
O=C(Nc1cccc(-c2cccc(-c3nc4cc(F)ccc4[nH]3)c2)c1)Nc1cccc(-c2cccc(F)c2F)c1,-9.665151515151516,3.1875244530828533,46_1556
O=C(c1cccc(-c2cccc(-c3[nH]c(=O)[nH]c3O)c2)c1)N1CCOCC1,-8.0,3.631762217459886,46_1557
O=C(Nc1cccc(-c2cccc(-c3cccc(-c4nn[nH]n4)c3)c2)c1)Nc1cccc(-c2cccc(F)c2F)c1,-9.606122448979592,3.286971097546113,46_1558
O=C(Nc1cccc(-c2cccc(-c3cccc(C(F)(F)F)c3)c2)c1)Nc1cccc(-c2cccc(F)c2F)c1,-9.623,2.963519940967514,46_1559
O=C(Nc1cccc(-c2cccc(F)c2F)c1)Nc1cccc(-c2cccc(-c3nc4cc(F)ccc4[nH]3)c2F)c1,-9.956617647058822,3.128615257744718,46_1560
Cn1c(-c2cccc(-c3cccc(NC(=O)Nc4cccc(-c5cccc(F)c5F)c4)c3)c2)nc2ccccc21,-9.897260273972602,3.216920496534968,46_1561
Cn1c(-c2cccc(-c3cccc(NC(=O)Nc4cccc(-c5cccc(F)c5F)c4)c3)c2)nc2ccccc21,-9.897260273972602,3.216920496534968,46_1562
O=C(Nc1cccc(-c2cccc(-c3nc4ccccc4[nH]3)c2)c1)Nc1cccc(-c2cccc(F)c2F)c1,-9.946206896551724,3.218592063451191,46_1563
O=C(Nc1cccc(-c2cccc(-c3nc4ccccc4[nH]3)c2)c1)Nc1cccc(-c2cccc(F)c2F)c1,-9.946206896551724,3.218592063451191,46_1564
Cn1c(-c2cccc(-c3cccc(NC(=O)Nc4cccc(-c5cccc(-c6ncccc6C#N)c5)c4)c3)c2)nc2ccccc21,-8.916666666666666,3.0906607506690618,46_1565
Cn1c(-c2cccc(-c3cccc(NC(=O)Nc4cccc(-c5cccc(F)c5F)c4)c3)c2)nc2ccccc21,-9.897260273972602,3.216920496534968,46_1566
O=C(Nc1cccc(-c2cccc(F)c2F)c1)Nc1cccc(-c2cccc(-c3nc4cc(F)ccc4[nH]3)c2F)c1,-9.956617647058822,3.128615257744718,46_1567
O=C(Nc1ccc(F)cc1F)c1cccnc1Nc1cccc(-c2cccc(C(=O)N3CCOCC3)c2)c1,-8.6,3.569685377272183,46_1568
O=C(Nc1cccc(-c2cccc(-c3nc4cc(F)ccc4[nH]3)c2)c1)Nc1cccc(-c2cccc(F)c2F)c1,-9.665151515151516,3.1875244530828533,46_1569
O=C(Nc1cccc(-c2cccc(-c3cccc(C(F)(F)F)c3)c2)c1)Nc1cccc(-c2cccc(F)c2F)c1,-9.623,2.963519940967514,46_1570
O=C(Nc1cccc(-c2cccc(F)c2F)c1)Nc1cccc(-c2cccc(-c3nc4cc(F)ccc4[nH]3)c2F)c1,-9.956617647058822,3.128615257744718,46_1571
O=C(c1ccc2[nH]ccc2c1)N1CCN(C(=O)c2cc(Cc3n[nH]c(=O)c4c3NCCC4)ccc2F)CC1,-8.6,3.408897520867904,46_1572
O=C(Nc1cccc(-c2cccc(-c3nc4ccccc4[nH]3)c2)c1)Nc1cccc(-c2cccc(F)c2F)c1,-9.946206896551724,3.218592063451191,46_1573
O=C(Nc1cccc(-c2cccc(-c3nc4ccccc4[nH]3)c2)c1)Nc1cccc(-c2cccc(F)c2F)c1,-9.946206896551724,3.218592063451191,46_1574
O=C(Nc1cccc(-c2cccc(F)c2F)c1)Nc1cccc(-c2cccc(-c3nc4cc(F)ccc4[nH]3)c2F)c1,-9.956617647058822,3.128615257744718,46_1575
NC(=O)c1cccc(-c2cccc(-c3cccc(-c4ccc5c(c4)OCCO5)c3F)c2)c1,-8.6,3.6123169476971424,46_1576
O=C(Nc1cccc2ccccc12)c1cccc(-c2cccc(-c3cccc(-c4nc5cc(F)ccc5[nH]4)c3)c2)c1,-9.7,3.190871308836401,46_1577
O=C(Nc1cccc(-c2cccc(-c3nc4ccccc4[nH]3)c2)c1)Nc1cccc(-c2cccc(F)c2F)c1,-9.946206896551724,3.218592063451191,46_1578
O=C(c1cccc(-c2cccc(-c3cccc4ccccc34)c2)c1)N1CCN(C(=O)c2ccc(Cl)s2)CC1,-9.0,3.3222267693774925,46_1579
Cn1c(-c2cccc(-c3cccc(NC(=O)Nc4cccc(-c5cccc(F)c5F)c4)c3)c2)nc2ccccc21,-9.897260273972602,3.216920496534968,46_1580
O=C(Nc1cccc(-c2cccc(-c3nc4cc(F)ccc4[nH]3)c2)c1)Nc1cccc(-c2cccc(F)c2F)c1,-9.665151515151516,3.1875244530828533,46_1581
O=C(Nc1cccc(-c2cccc(-c3nc4cc(F)ccc4[nH]3)c2)c1)Nc1cccc(-c2cccc(F)c2F)c1,-9.665151515151516,3.1875244530828533,46_1582
Cn1c(-c2cccc(-c3cccc(NC(=O)Nc4cccc(-c5cccc(C(F)(F)F)c5)c4)c3)c2)nc2ccccc21,-9.82,3.240177718187831,46_1583
Cn1c(-c2cccc(-c3cccc(NC(=O)Nc4cccc(-c5cccc(F)c5F)c4)c3)c2)nc2ccccc21,-9.897260273972602,3.216920496534968,46_1584
Cc1cccc(-c2cccc(-c3cccc(-c4cccc(F)c4)c3)c2)c1,-9.0,3.024689798660981,46_1585
O=C(Nc1cccc(-c2cccc(F)c2F)c1)Nc1cccc(-c2cccc(-c3nc4cc(F)ccc4[nH]3)c2F)c1,-9.956617647058822,3.128615257744718,46_1586
Cn1c(-c2cccc(-c3cccc(NC(=O)Nc4cccc(-c5cccc(F)c5F)c4)c3)c2)nc2ccccc21,-9.897260273972602,3.216920496534968,46_1587
O=C(Nc1cccc(-c2cccc(-c3nc4ccccc4[nH]3)c2)c1)Nc1cccc(-c2cccc(F)c2F)c1,-9.946206896551724,3.218592063451191,46_1588
O=C(Nc1cccc(-c2cccc(-c3cccc(-c4nn[nH]n4)c3)c2)c1)Nc1cccc(-c2cccc(F)c2F)c1,-9.606122448979592,3.286971097546113,46_1589
O=C(Nc1cccc(-c2cccc(-c3nc4cc(F)ccc4[nH]3)c2)c1)Nc1cccc(-c2cccc(F)c2F)c1,-9.665151515151516,3.1875244530828533,46_1590
O=C(Nc1cccc(-c2cccc(-c3cccc(-c4nn[nH]n4)c3)c2)c1)Nc1cccc(-c2cccc(F)c2F)c1,-9.606122448979592,3.286971097546113,46_1591
O=C(Nc1cccc(-c2cccc(F)c2F)c1)Nc1cccc(-c2cccc(-c3nc4cc(F)ccc4[nH]3)c2F)c1,-9.956617647058822,3.128615257744718,46_1592
O=C(Nc1cccc(-c2cccc(-c3ccc4c(c3)OCO4)c2)c1)Nc1cccc2ccccc12,-8.7,3.2940231259210835,46_1593
O=C(Nc1cccc(-c2cccc(-c3nc4cc(F)ccc4[nH]3)c2)c1)Nc1cccc(-c2cccc(F)c2F)c1,-9.665151515151516,3.1875244530828533,46_1594
Cn1c(-c2cccc(-c3cccc(NC(=O)Nc4cccc(-c5cccc(C(=O)N6CCOCC6)c5)c4)c3)c2)nc2ccccc21,-9.555696202531646,3.2756851861708367,46_1595
O=C(Nc1cccc(-c2cccc(F)c2F)c1)Nc1cccc(-c2cccc(-c3nc4cc(F)ccc4[nH]3)c2F)c1,-9.956617647058822,3.128615257744718,46_1596
O=C(Nc1cccc(-c2cccc(-c3cccc(-c4nc5cc(F)ccc5[nH]4)c3)c2)c1)N1CCNCC1,-9.1,3.371260981416027,46_1597
O=C(Nc1cccc(-c2cccc(-c3cccc(-c4nn[nH]n4)c3)c2)c1)Nc1cccc(-c2cccc(F)c2F)c1,-9.606122448979592,3.286971097546113,46_1598
Cn1c(-c2cccc(-c3cccc(NC(=O)Nc4cccc(-c5cccc(F)c5F)c4)c3)c2)nc2ccccc21,-9.897260273972602,3.216920496534968,46_1599
O=C(c1cccc(-c2cccc(-c3nc4cc(F)ccc4[nH]3)c2)c1)N1CCNCC1,-8.466666666666667,3.6450984636569372,46_1600
Cn1c(-c2cccc(-c3cccc(NC(=O)Nc4cccc(-c5cccc(C(=O)N6CCOCC6)c5)c4)c3)c2)nc2ccccc21,-9.555696202531646,3.2756851861708367,46_1601
Cn1c(-c2cccc(-c3cccc(NC(=O)Nc4cccc(-c5cccc(-c6ccccc6F)c5)c4)c3)c2)nc2ccccc21,-9.6,3.0539916384657317,46_1602
O=C(Nc1cccc(-c2cccc(F)c2F)c1)Nc1cccc(-c2cccc(-c3nc4cc(F)ccc4[nH]3)c2F)c1,-9.956617647058822,3.128615257744718,46_1603
Cn1c(-c2cccc(-c3cccc(NC(=O)Nc4cccc(-c5cccc(F)c5F)c4)c3)c2)nc2ccccc21,-9.897260273972602,3.216920496534968,46_1604
O=C(Nc1cccc(-c2cccc(-c3nc4cc(F)ccc4[nH]3)c2)c1)Nc1cccc(-c2cccc(F)c2F)c1,-9.665151515151516,3.1875244530828533,46_1605
O=C(Nc1cccc(-c2cccc(C(=O)N3CCOCC3)c2)c1)Nc1cccc(-c2cccc(-c3nc4cc(F)ccc4[nH]3)c2)c1,-10.5,3.2056407292989677,46_1606
O=C(Nc1cccc(-c2cccc(-c3nc4cc(F)ccc4[nH]3)c2)c1)Nc1cccc(-c2cccc(F)c2F)c1,-9.665151515151516,3.1875244530828533,46_1607
O=C(c1cccc(-c2cccc(-c3cccc4ccccc34)c2)c1)N1CCN(c2ccccc2F)CC1,-9.8,3.2138302346186602,46_1608
Cn1c(-c2cccc(-c3cccc(NC(=O)Nc4cccc(-c5cccc(-c6cccc(F)c6)c5)c4)c3)c2)nc2ccccc21,-9.885106382978723,3.0539916384657317,46_1609
Cn1c(-c2cccc(-c3ccc4c(ccn4C(=O)c4cccc(-c5cccc(F)c5)c4)c3)c2)nc2ccccc21,-9.3,3.1882689033018226,46_1610
O=C(Nc1nc(-c2ccccc2)nc2c1nnn2Cc1ccccc1)c1cccc(-c2cccc3ccccc23)c1,-9.8,3.29220720537283,46_1611
Cn1c(-c2cccc(-c3cccc(NC(=O)Nc4cccc(-c5cccc(F)c5F)c4)c3)c2)nc2ccccc21,-9.897260273972602,3.216920496534968,46_1612
O=C(Nc1cccc(-c2cccc(-c3cccc(C(=O)N4CCOCC4)c3)c2)c1)N1CCNCC1,-9.00263157894737,3.6199094052700564,46_1613
O=c1c2ccccc2nc(-c2cccc(-c3ccc4c(c3)OCCO4)c2)n1-c1cccc(-c2cccc(-c3cccc(-c4ccccc4F)c3)c2)c1,-8.5,3.0031946168074652,46_1614
O=C(c1cccc(-c2cccc(-c3cccc(-c4nc5ccccc5[nH]4)c3)c2)c1)N1CCNCC1,-9.483333333333334,3.440998249723921,46_1615
O=C(Nc1cccc(-c2cccc(-c3cccc(-c4ccccc4F)c3)c2)c1)N1CCNCC1,-9.35886075949367,3.470002651546907,46_1616
Cn1c(-c2cccc(-c3cccc(NC(=O)Nc4cccc(-c5cccc(-c6ncccc6C#N)c5)c4)c3)c2)nc2ccccc21,-8.916666666666666,3.0906607506690618,46_1617
O=C(Nc1cccc(-c2cccc(-c3nc4ccccc4[nH]3)c2)c1)Nc1cccc(-c2cccc(F)c2F)c1,-9.946206896551724,3.218592063451191,46_1618
O=C(Nc1cccc(-c2cccc(-c3cccc(-c4cccc(F)c4)c3)c2)c1)N1CCNCC1,-9.341935483870968,3.470002651546907,46_1619
Cn1c(-c2cccc(-c3cccc(NC(=O)Nc4cccc(-c5cccc(F)c5F)c4)c3)c2)nc2ccccc21,-9.897260273972602,3.216920496534968,46_1620
Cn1c(-c2cccc(-c3cccc(NC(=O)Nc4cccc(-c5cccc(F)c5F)c4)c3)c2)nc2ccccc21,-9.897260273972602,3.216920496534968,46_1621
O=C(Nc1cccc(-c2cccc(-c3nc4cc(F)ccc4[nH]3)c2)c1)Nc1cccc(-c2cccc(F)c2F)c1,-9.665151515151516,3.1875244530828533,46_1622
O=C(Nc1cccc(-c2cccc(-c3cccc(-c4nc5ccccc5[nH]4)c3)c2)c1)N1CCNCC1,-9.316666666666666,3.368308336165232,46_1623
O=C(Nc1cccc(-c2cccc(-c3cccc(C(F)(F)F)c3)c2)c1)Nc1cccc(-c2cccc(F)c2F)c1,-9.623,2.963519940967514,46_1624
O=C(Nc1cccc(-c2cccc(-c3cccc(-c4cccc(F)c4)c3)c2)c1)N1CCNCC1,-9.341935483870968,3.470002651546907,46_1625
O=C(Nc1cccc(-c2cccc(-c3nc4cc(F)ccc4[nH]3)c2)c1)Nc1cccc(-c2cccc(F)c2F)c1,-9.665151515151516,3.1875244530828533,46_1626
O=C(Nc1cccc(-c2cccc(-c3cccc(C(=O)N4CCOCC4)c3)c2)c1)N1CCNCC1,-9.00263157894737,3.6199094052700564,46_1627
Cn1c(-c2cccc(-c3cccc(-c4cccc(-c5cccc(C(=O)O)c5)c4)c3)c2)nc2ccccc21,-9.0,3.24791398890646,46_1628
O=C(Nc1cccc(-c2cccc(-c3nc4cc(F)ccc4[nH]3)c2)c1)Nc1cccc(-c2cccc(F)c2F)c1,-9.665151515151516,3.1875244530828533,46_1629
O=C(Nc1cccc(-c2cccc(-c3nc4ccccc4[nH]3)c2)c1)Nc1cccc(-c2cccc(F)c2F)c1,-9.946206896551724,3.218592063451191,46_1630
Cn1c(-c2cccc(-c3cccc(NC(=O)Nc4cccc(-c5cccc(F)c5F)c4)c3)c2)nc2ccccc21,-9.897260273972602,3.216920496534968,46_1631
O=C(c1cccc(-c2cccc(F)c2)c1)N1CCN(C(=O)c2cccc(-c3cccc(-c4cccc5ccccc45)c3)c2)CC1,-10.7,3.11487138201202,46_1632
N#Cc1cccnc1-c1cccc(-c2cccc(NC(=O)Nc3cccc(-c4cccc(F)c4F)c3)c2)c1,-9.66,3.3763915698637668,46_1633
Cc1ccc(C2=NC(=Nc3c(O)[nH]c4ccc(Nc5ccccc5C(=O)O)cc34)N=N2)cc1,-8.2,3.4169421948184118,46_1634
O=C(Nc1cccc(-c2cccc(-c3nc4cc(F)ccc4[nH]3)c2)c1)Nc1cccc(-c2cccc(F)c2F)c1,-9.665151515151516,3.1875244530828533,46_1635
Oc1[nH]c2ccccc2c1-c1nccc(-c2cccc(-c3cccc(-c4cccc(-c5cccc(F)c5)c4)c3)c2)n1,-10.0,3.2304264648785628,46_1636
O=C(Nc1cccc(-c2cccc(-c3nc4cc(F)ccc4[nH]3)c2)c1)Nc1cccc(-c2cccc(F)c2F)c1,-9.665151515151516,3.1875244530828533,46_1637
Cn1c(-c2cccc(-c3cccc(NC(=O)Nc4cccc(-c5cccc(C(=O)N6CCOCC6)c5)c4)c3)c2)nc2ccccc21,-9.555696202531646,3.2756851861708367,46_1638
O=C(Nc1cccc(-c2cccc(-c3nc4ccccc4[nH]3)c2)c1)Nc1cccc(-c2cccc(F)c2F)c1,-9.946206896551724,3.218592063451191,46_1639
Cn1c(-c2cccc(-c3cccc(NC(=O)Nc4cccc(-c5cccc(F)c5F)c4)c3)c2)nc2ccccc21,-9.897260273972602,3.216920496534968,46_1640
O=C(c1cccc(-c2cccc(-c3nn[nH]n3)c2)c1)N1CCN(c2cccc(C(F)(F)F)c2)CC1,-8.3,3.6836788526274535,46_1641
O=C(Nc1cccc(-c2cccc(-c3nc4cc(F)ccc4[nH]3)c2)c1)Nc1cccc(-c2cccc(F)c2F)c1,-9.665151515151516,3.1875244530828533,46_1642
O=C(Nc1cccc(-c2cccc(-c3cccc(C(F)(F)F)c3)c2)c1)Nc1cc(C(F)(F)F)ccc1-c1cccc(-c2ncccc2C(F)(F)F)c1,-9.4,3.02812566943685,46_1643
Cn1c(-c2cccc(-c3cccc(NC(=O)Nc4cccc(-c5cccc(F)c5F)c4)c3)c2)nc2ccccc21,-9.897260273972602,3.216920496534968,46_1644
O=C(N=C1Nc2ccccc2C2=CC(c3ccc4c(c3)OCO4)=CC=C1OC2)Oc1ccccc1,-8.6,1.6104896097856933,46_1645
Cn1c(-c2cccc(-c3cccc(NC(=O)Nc4cccc(-c5cccc(F)c5F)c4)c3)c2)nc2ccccc21,-9.897260273972602,3.216920496534968,46_1646
O=C(c1cccc(-c2cccc(-c3cccc(-c4nn[nH]n4)c3)c2)c1)N1CCNCC1,-8.907692307692306,3.6709921779215158,46_1647
O=C(Nc1cccc(-c2cccc(-c3cccc(C(F)(F)F)c3)c2)c1)Nc1cccc(-c2cccc(F)c2F)c1,-9.623,2.963519940967514,46_1648
Cn1c(-c2cccc(-c3cccc(NC(=O)Nc4cccc(-c5cccc(F)c5F)c4)c3)c2)nc2ccccc21,-9.897260273972602,3.216920496534968,46_1649
O=C(Nc1cccc(-c2cc3cc(-c4nc5cc(F)ccc5[nH]4)ccc3[nH]2)c1)N1CCNCC1,-8.2,3.3560333107040696,46_1650
O=C(Nc1cccc(-c2cccc(-c3nc4ccccc4[nH]3)c2)c1)Nc1cccc(-c2cccc(F)c2F)c1,-9.946206896551724,3.218592063451191,46_1651
Nc1cccc2ccc(Nc3ccccc3)nc12,-6.8,3.5515427116388976,46_1652
C=C(C=CC=CC(=O)NNC(=O)c1cccc(-c2cccc(-c3cccc4ccccc34)c2)c1)C=c1ccc(=C)c2ccccc12,-8.2,2.9686818329398275,46_1653
O=C(Nc1cccc(-c2cccc(-c3nc4cc(F)ccc4[nH]3)c2)c1)Nc1cccc(-c2cccc(F)c2F)c1,-9.665151515151516,3.1875244530828533,46_1654
O=C(Nc1cccc(-c2cccc(-c3cccc(C(F)(F)F)c3)c2)c1)Nc1cccc(-c2cccc(F)c2F)c1,-9.623,2.963519940967514,46_1655
O=C(Nc1cccc(-c2cccc(-c3nc4ccccc4[nH]3)c2)c1)Nc1cccc(-c2cccc(F)c2F)c1,-9.946206896551724,3.218592063451191,46_1656
O=C(Nc1cccc(-c2cccc(-c3cccc(C(F)(F)F)c3)c2)c1)Nc1cccc(-c2cccc(F)c2F)c1,-9.623,2.963519940967514,46_1657
O=C(c1cccc(-c2cccc(-c3cccc4ccccc34)c2)c1)N1CCN(C(=O)c2cccc(C(F)(F)F)c2)CC1,-8.9,3.2275936871066397,46_1658
O=C(Nc1cccc(-c2cccc(-c3nc4ccccc4[nH]3)c2)c1)Nc1cccc(-c2cccc(F)c2F)c1,-9.946206896551724,3.218592063451191,46_1659
Cn1c(-c2cccc(-c3cccc(NC(=O)Nc4cccc(-c5cccc(F)c5F)c4)c3)c2)nc2ccccc21,-9.897260273972602,3.216920496534968,46_1660
O=C(Nc1cccc(-c2cccc(-c3cccc(-c4ccccc4F)c3)c2)c1)N1CCNCC1,-9.35886075949367,3.470002651546907,46_1661
Cn1c(-c2cccc(-c3cccc(NC(=O)Nc4cccc(-c5cccc(F)c5F)c4)c3)c2)nc2ccccc21,-9.897260273972602,3.216920496534968,46_1662
O=C(Nc1cccc(-c2cccc(F)c2F)c1)Nc1cccc(-c2cccc(-c3nc4cc(F)ccc4[nH]3)c2F)c1,-9.956617647058822,3.128615257744718,46_1663
Cn1c(-c2cccc(-c3cccc(NC(=O)Nc4cccc(-c5cccc(F)c5F)c4)c3)c2)nc2ccccc21,-9.897260273972602,3.216920496534968,46_1664
CC(C)(C)C=C1C=C(C(F)(F)F)COC1N(C=Nc1cccc(F)c1C=O)Cc1cccc(-c2ccccc2Cl)c1,-7.5,3.084412142863008,46_1665
Cn1c(-c2cccc(-c3cccc(NC(=O)Nc4cccc(-c5cccc(F)c5F)c4)c3)c2)nc2ccccc21,-9.897260273972602,3.216920496534968,46_1666
O=C(Nc1cccc(-c2cccc(-c3nc4cc(F)ccc4[nH]3)c2)c1)Nc1cccc(-c2cccc(F)c2F)c1,-9.665151515151516,3.1875244530828533,46_1667
Cn1c(-c2cccc(-c3cccc(NC(=O)Nc4cccc(-c5cccc(F)c5F)c4)c3)c2)nc2ccccc21,-9.897260273972602,3.216920496534968,46_1668
O=C(c1cccc(-c2cccc(-c3ccc4c(c3)OCCO4)c2F)c1)N1CCNCC1,-8.55,3.6553838184373157,46_1669
Cn1c(-c2cccc(-c3cccc(NC(=O)Nc4cccc(-c5ccccc5F)c4)c3)c2)nc2ccccc21,-9.76,3.211589862292562,46_1670
O=C(Nc1cccc(-c2cccc(-c3nc4cc(F)ccc4[nH]3)c2)c1)Nc1cccc(-c2cccc(F)c2F)c1,-9.665151515151516,3.1875244530828533,46_1671
O=C(Nc1cccc(-c2cccc(-c3cccc(C(F)(F)F)c3)c2)c1)Nc1cccc(-c2cccc(F)c2F)c1,-9.623,2.963519940967514,46_1672
Cn1c(-c2cccc(-c3cccc(NC(=O)Nc4cccc(-c5cccc(F)c5F)c4)c3)c2)nc2ccccc21,-9.897260273972602,3.216920496534968,46_1673
O=C(c1cccc(-c2cccc(-c3cccc(-c4ccccc4F)c3)c2)c1)N1CCNCC1,-9.41111111111111,3.508189933556279,46_1674
O=C(Nc1cccc(-c2cccc(-c3nc4cc(F)ccc4[nH]3)c2)c1)Nc1cccc(-c2cccc(F)c2F)c1,-9.665151515151516,3.1875244530828533,46_1675
O=C(Nc1cccc(-c2cccc(C(=O)N3CCOCC3)c2)c1)Nc1cccc(-c2cccc(F)c2F)c1,-9.6,3.5133545427940325,46_1676
O=C(Nc1cccc(-c2cccc(F)c2F)c1)Nc1cccc(-c2cccc(-c3nc4cc(F)ccc4[nH]3)c2F)c1,-9.956617647058822,3.128615257744718,46_1677
O=C(Nc1cccc(-c2cccc(F)c2F)c1)Nc1cccc(-c2cccc(-c3nc4cc(F)ccc4[nH]3)c2F)c1,-9.956617647058822,3.128615257744718,46_1678
O=C(Nc1cccc(-c2cccc(-c3nc4ccccc4[nH]3)c2)c1)Nc1cccc(-c2cccc(F)c2F)c1,-9.946206896551724,3.218592063451191,46_1679
O=C(Nc1cccc(-c2cccc(-c3nc4cc(F)ccc4[nH]3)c2)c1)Nc1cccc(-c2cccc(F)c2F)c1,-9.665151515151516,3.1875244530828533,46_1680
O=C(Nc1cccc(-c2cccc(-c3cccc(C(F)(F)F)c3)c2)c1)Nc1cccc(-c2cccc(F)c2F)c1,-9.623,2.963519940967514,46_1681
Cn1c(-c2cccc(-c3cccc(NC(=O)Nc4cccc(-c5cccc(C(=O)N6CCOCC6)c5)c4)c3)c2)nc2ccccc21,-9.555696202531646,3.2756851861708367,46_1682
O=C(Nc1cccc(-c2cccc(-c3cccc(-c4ccccc4F)c3)c2)c1)N1CCNCC1,-9.35886075949367,3.470002651546907,46_1683
O=C(Nc1cccc(-c2cccc(-c3cccc(C(F)(F)F)c3)c2)c1)Nc1cccc(-c2cccc(F)c2F)c1,-9.623,2.963519940967514,46_1684
O=C(Nc1cccc(-c2cccc(-c3nc4cc(F)ccc4[nH]3)c2)c1)Nc1cccc(-c2cccc(F)c2F)c1,-9.665151515151516,3.1875244530828533,46_1685
Cn1c(-c2cccc(-c3cccc(NC(=O)Nc4cccc(-c5cccc(C(F)(F)F)c5)c4)c3)c2)nc2ccccc21,-9.82,3.240177718187831,46_1686
O=C(Nc1cccc(-c2cccc(-c3cccc(C(F)(F)F)c3)c2)c1)Nc1cccc(-c2cccc(F)c2F)c1,-9.623,2.963519940967514,46_1687
O=C(Nc1cccc(-c2cccc(-c3nc4ccccc4[nH]3)c2)c1)Nc1cccc(-c2cccc(F)c2F)c1,-9.946206896551724,3.218592063451191,46_1688
O=C(c1cccc(-c2cccc(-c3ccc4c(c3)OCO4)c2)c1)N1CCN(C(=O)c2cccc(F)c2F)CC1,-9.566666666666666,3.4645763407894306,46_1689
O=C(Nc1cccc(-c2cccc(-c3cccc(-c4ccccc4F)c3)c2)c1)N1CCNCC1,-9.35886075949367,3.470002651546907,46_1690
Cn1c(-c2cccc(-c3cccc(NC(=O)Nc4cccc(-c5cccc(F)c5F)c4)c3)c2)nc2ccccc21,-9.897260273972602,3.216920496534968,46_1691
O=C(Nc1cccc(-c2cccc(-c3nc4cc(F)ccc4[nH]3)c2)c1)Nc1cccc(-c2cccc(F)c2F)c1,-9.665151515151516,3.1875244530828533,46_1692
Fc1cccc(-c2cccc(-c3cccc(-c4cccc(C(F)(F)F)c4)c3)c2)c1,-8.4,3.0589666809722393,46_1693
O=C(Nc1cccc(-c2cccc(F)c2F)c1)Nc1cccc(-c2cccc(-c3nc4cc(F)ccc4[nH]3)c2F)c1,-9.956617647058822,3.128615257744718,46_1694
O=C(Nc1cccc(-c2cccc(-c3nc4cc(F)ccc4[nH]3)c2)c1)Nc1cccc(-c2cccc(F)c2F)c1,-9.665151515151516,3.1875244530828533,46_1695
Cn1c(-c2cccc(-c3cccc(NC(=O)Nc4cccc(-c5cccc(F)c5F)c4)c3)c2)nc2ccccc21,-9.897260273972602,3.216920496534968,46_1696
O=C(Nc1cccc(-c2cccc(-c3cccc(-c4ccccc4F)c3)c2)c1)N1CCNCC1,-9.35886075949367,3.470002651546907,46_1697
O=C(Nc1cccc(-c2cccc(-c3nc4ccccc4[nH]3)c2)c1)Nc1cccc(-c2cccc(F)c2F)c1,-9.946206896551724,3.218592063451191,46_1698
O=C(Nc1nc2ccccc2c2cc(-c3ccccc3)nn2c1=O)c1cccc(-c2cccc(-c3cccc4ccccc34)c2)c1,-8.9,2.2944128513127335,46_1699
O=C(Nc1cccc(-c2cccc(-c3nc4ccccc4[nH]3)c2)c1)Nc1cccc(-c2cccc(F)c2F)c1,-9.946206896551724,3.218592063451191,46_1700
O=C(Nc1cccc(-c2cccc(-c3nc4cc(F)ccc4[nH]3)c2)c1)Nc1cccc(-c2cccc(F)c2F)c1,-9.665151515151516,3.1875244530828533,46_1701
O=C(Nc1cccc(-c2cccc(-c3cccc(-c4nn[nH]n4)c3)n2)c1)Nc1cccc(-c2cccc(F)c2F)c1,-9.1,3.302705800102575,46_1702
O=C(Nc1cccc(-c2cccc(-c3nc4cc(F)ccc4[nH]3)c2)c1)Nc1cccc(-c2cccc(F)c2F)c1,-9.665151515151516,3.1875244530828533,46_1703
O=C(Nc1cccc(-c2cccc(-c3nc4ccccc4[nH]3)c2)c1)Nc1cccc(-c2cccc(F)c2F)c1,-9.946206896551724,3.218592063451191,46_1704
O=C(c1cccc(-c2cccc(-c3cccc4ccccc34)c2)c1)N1CCN(C(=O)c2cc3ccccc3o2)CC1,-10.1,3.282954833828699,46_1705
O=C(Nc1cccc(-c2cccc(-c3nc4ccccc4[nH]3)c2)c1)Nc1cccc(-c2cccc(F)c2F)c1,-9.946206896551724,3.218592063451191,46_1706
O=C(c1cccc(-c2cccc(-c3cccc(-c4ccccc4F)c3)c2)c1)N1CCNCC1,-9.41111111111111,3.508189933556279,46_1707
O=C(Nc1cccc(-c2cccc(-c3cccc(-c4nn[nH]n4)c3)c2)c1)Nc1cccc(-c2cccc(F)c2F)c1,-9.606122448979592,3.286971097546113,46_1708
O=C(c1cccc(-c2cccc(-c3cccc4ccccc34)c2)c1)N1CCN(C(=O)c2cccc3ccccc23)CC1,-9.579999999999998,3.1497144483216615,46_1709
O=C(Nc1cccc(-c2cccc(-c3nc4ccccc4[nH]3)c2)c1)Nc1cccc(-c2cccc(F)c2F)c1,-9.946206896551724,3.218592063451191,46_1710
O=C(Nc1cccc(-c2cccc(-c3nc4cc(F)ccc4[nH]3)c2)c1)Nc1cccc(-c2cccc(F)c2F)c1,-9.665151515151516,3.1875244530828533,46_1711
O=C(Nc1cccc(-c2cccc(-c3nc4cccnc4[nH]3)c2)c1)Nc1cccc(-c2cccc(F)c2F)c1,-9.3,3.3051748077707623,46_1712
O=C(Nc1cccc(-c2cccc(-c3nc4ccccc4[nH]3)c2)c1)Nc1cccc(-c2cccc(F)c2F)c1,-9.946206896551724,3.218592063451191,46_1713
Cn1c(-c2cccc(-c3cccc(NC(=O)Nc4cccc(-c5cccc(F)c5F)c4)c3)c2)nc2ccccc21,-9.897260273972602,3.216920496534968,46_1714
O=C(Nc1cccc(-c2cccc(-c3cccc(-c4ccccc4F)c3)c2)c1)N1CCNCC1,-9.35886075949367,3.470002651546907,46_1715
O=C(Nc1cccc(-c2cccc(-c3cccc(-c4cccc(F)c4)c3)c2)c1)N1CCNCC1,-9.341935483870968,3.470002651546907,46_1716
O=C(c1cccc(-c2cccc(C(=O)N3CCN(c4cccc(C(F)(F)F)c4)CC3)c2)c1)N1CCOCC1,-8.5,3.5675074243249583,46_1717
O=C(c1cccc(-c2cccc3ccccc23)c1)N1CCN(c2ncccc2C(F)(F)F)CC1,-8.6,3.5318401662582346,46_1718
O=C(Nc1cccc(-c2cccc(-c3nc4cc(F)ccc4[nH]3)c2)c1)Nc1cccc(-c2cccc(F)c2F)c1,-9.665151515151516,3.1875244530828533,46_1719
O=C(Nc1cccc(-c2cccc(-c3cccc(-c4ccccc4F)c3)c2)c1)N1CCNCC1,-9.35886075949367,3.470002651546907,46_1720
O=C(Nc1cccc(-c2cccc(-c3nc4cc(F)ccc4[nH]3)c2)c1)Nc1cccc(-c2cccc(F)c2F)c1,-9.665151515151516,3.1875244530828533,46_1721
O=C(Nc1cccc(-c2cccc(-c3cccc(-c4nn[nH]n4)c3)c2)c1)Nc1cccc(-c2cccc(F)c2F)c1,-9.606122448979592,3.286971097546113,46_1722
O=C(Nc1cccc(-c2cccc(-c3cccc(C(F)(F)F)c3)c2)c1)Nc1cccc(-c2cccc(F)c2F)c1,-9.623,2.963519940967514,46_1723
O=C(O)c1cc(-c2ccc3c(c2)OCO3)nc2ccccc12,-7.6,3.7330856116675655,46_1724
O=C(Nc1cccc(-c2cccc(-c3cccc(-c4nc5ccccc5[nH]4)c3)c2)c1)N1CCNCC1,-9.316666666666666,3.368308336165232,46_1725
O=C(c1ccccc1C(F)(F)F)N1CCN(C(=O)c2cccc(-c3cccc(-c4cccc5ccccc45)c3)c2)C(=O)C1,-9.8,3.246166606830702,46_1726
Cn1c(-c2cccc(-c3cccc(NC(=O)Nc4cccc(-c5cccc(C(=O)N6CCOCC6)c5)c4)c3)c2)nc2ccccc21,-9.555696202531646,3.2756851861708367,46_1727
O=C(Nc1cccc(-c2cccc(-c3cccc(-c4ccccc4F)c3)c2)c1)N1CCNCC1,-9.35886075949367,3.470002651546907,46_1728
Cn1c(-c2cccc(-c3cccc(NC(=O)Nc4cccc(-c5cccc(F)c5F)c4)c3)c2)nc2ccccc21,-9.897260273972602,3.216920496534968,46_1729
O=C(Nc1cccc(-c2cccc(-c3nc4cc(F)ccc4[nH]3)c2)c1)Nc1cccc(-c2cccc(F)c2F)c1,-9.665151515151516,3.1875244530828533,46_1730
O=C(Nc1ccccc1C(=O)N1CCOCC1)c1cccc(-c2cccc(-c3cccc(C(=O)N4CCOCC4)c3)c2)c1,-9.0,3.4459690617647123,46_1731
N#Cc1cccnc1-c1cccc(-c2cccc(NC(=O)Nc3cccc(-c4cccc(F)c4F)c3)c2)c1,-9.66,3.3763915698637668,46_1732
O=C(Nc1cccc(-c2cccc(F)c2F)c1)Nc1cccc(-c2cccc(-c3nc4cc(F)ccc4[nH]3)c2F)c1,-9.956617647058822,3.128615257744718,46_1733
O=C(Nc1cccc(-c2ccc3c(c2)OCCO3)c1)Nc1cccc(-c2cccc(-c3ccc4c(c3)OCCO4)c2Cl)c1,-9.5,3.1875159214495676,46_1734
Cn1c(-c2cccc(-c3cccc(NC(=O)Nc4cccc(-c5cccc(F)c5F)c4)c3)c2)nc2ccccc21,-9.897260273972602,3.216920496534968,46_1735
O=C(Nc1cccc(-c2cccc(C(=O)N3CCOCC3)c2)c1)Nc1cccc(-c2cccc(F)c2F)c1,-9.6,3.5133545427940325,46_1736
O=C(N[C@H]1CC[C@H](CCN2CCN(c3nccc4c3CCO4)CC2)CC1)c1cccc(-c2cccc(-c3cccc(-c4nn[nH]n4)c3)c2)c1,-7.4,2.9504190299395523,46_1737
O=C(Nc1cccc(-c2cccc(-c3nc4ccccc4[nH]3)c2)c1)Nc1cccc(-c2cccc(F)c2F)c1,-9.946206896551724,3.218592063451191,46_1738
Cn1c(-c2cccc(-c3cccc(NC(=O)Nc4cccc(-c5cccc(F)c5F)c4)c3)c2)nc2ccccc21,-9.897260273972602,3.216920496534968,46_1739
O=C(Nc1cccc(-c2cccc(C(=O)N3CCOCC3)c2)c1)Nc1cccc(-c2cccc(F)c2F)c1,-9.6,3.5133545427940325,46_1740
Cn1c(-c2cccc(-c3cccc(NC(=O)Nc4cccc(-c5cccc(F)c5F)c4)c3)c2)nc2ccccc21,-9.897260273972602,3.216920496534968,46_1741
O=C(Nc1cccc(-c2cccc(F)c2F)c1)Oc1cccc(-c2cccc(-c3nc4cc(F)ccc4[nH]3)c2F)c1,-9.4,3.2422557735618884,46_1742
O=C(Nc1cccc(-c2cccc(F)c2F)c1)Nc1cccc(-c2cccc(-c3nc4cc(F)ccc4[nH]3)c2F)c1,-9.956617647058822,3.128615257744718,46_1743
O=C(Nc1cccc(-c2cccc(-c3nc4ccccc4[nH]3)c2)c1)Nc1cccc(-c2cccc(F)c2F)c1,-9.946206896551724,3.218592063451191,46_1744
O=C(Nc1cccc(-c2cccc(-c3cccc(C(F)(F)F)c3)c2)c1)Nc1cccc(-c2cccc(F)c2F)c1,-9.623,2.963519940967514,46_1745
O=C(Nc1cccc(-c2cccc(-c3cccc(C(=O)N4CCOCC4)c3)c2)c1)N1CCNCC1,-9.00263157894737,3.6199094052700564,46_1746
O=C(c1cccc(-c2cccc(-c3cccc(-c4cccc(F)c4)c3)c2)c1)N1CCNCC1,-9.308333333333332,3.508189933556279,46_1747
O=C(Nc1cccc(-c2cccc(-c3nc4cc(F)ccc4[nH]3)c2)c1)Nc1cccc(-c2cccc(F)c2F)c1,-9.665151515151516,3.1875244530828533,46_1748
O=CC1=CC(c2cc(-c3cccc(F)c3)cc(-c3cccc(C(F)(F)F)c3)n2)C=C1,-8.6,3.432744620410486,46_1749
Cn1c(-c2cccc(-c3cccc(NC(=O)Nc4cccc(-c5cccc(F)c5F)c4)c3)c2)nc2ccccc21,-9.897260273972602,3.216920496534968,46_1750
O=C(Nc1cccc(-c2cccc(-c3cccc(C(F)(F)F)c3)c2)c1)Nc1cccc(-c2cccc(F)c2F)c1,-9.623,2.963519940967514,46_1751
O=C(Nc1cccc(-c2cccc(-c3nc4ccccc4[nH]3)c2)c1)Nc1cccc(-c2cccc(F)c2F)c1,-9.946206896551724,3.218592063451191,46_1752
O=C(c1cccc(-c2cccc(-c3cccc4ccccc34)c2)c1)N1CCN(C(=O)c2cccc3ccccc23)CC1,-9.579999999999998,3.1497144483216615,46_1753
O=C(Nc1cccc(-c2cccc(-c3nc4cc(F)ccc4[nH]3)c2)c1)Nc1cccc(-c2cccc(F)c2F)c1,-9.665151515151516,3.1875244530828533,46_1754
O=C(Nc1cccc(-c2cccc(-c3nc4cc(F)ccc4[nH]3)c2)c1)Nc1cccc(-c2cccc(F)c2F)c1,-9.665151515151516,3.1875244530828533,46_1755
O=C(Nc1cccc(-c2cccc(-c3nc4cc(F)ccc4[nH]3)c2)c1)Nc1cccc(-c2cccc(F)c2F)c1,-9.665151515151516,3.1875244530828533,46_1756
CC(=O)Nc1cccc(-c2cccc(-c3cccc(-c4cccc(-c5nc6ccccc6n5C)c4)c3)c2)n1,-9.7,3.396251105437096,46_1757
Cn1c(-c2cccc(-c3cccc(NC(=O)Nc4cccc(-c5ccccc5F)c4)c3)c2)nc2ccccc21,-9.76,3.211589862292562,46_1758
O=C(Nc1cccc(-c2cccc(-c3nc4ccccc4[nH]3)c2)c1)Nc1cccc(-c2cccc(F)c2F)c1,-9.946206896551724,3.218592063451191,46_1759
O=C(Nc1cccc(-c2cccc(-c3cccc(-c4ccccc4F)c3)c2)c1)N1CCNCC1,-9.35886075949367,3.470002651546907,46_1760
O=C(Nc1cccc(-c2cccc(-c3cccc(-c4nn[nH]n4)c3)c2)c1)Nc1cccc(-c2cccc(F)c2F)c1,-9.606122448979592,3.286971097546113,46_1761
Oc1cccc(-c2cc(-c3ccccc3)cc(-c3cccc(F)c3)n2)c1,-8.7,3.501121531853835,46_1762
O=C(Nc1cccc(-c2cccc(F)c2F)c1)Nc1cccc(-c2cccc(-c3nc4cc(F)ccc4[nH]3)c2F)c1,-9.956617647058822,3.128615257744718,46_1763
O=C(Nc1cccc(-c2cccc(-c3nc4ccccc4[nH]3)c2)c1)Nc1cccc(-c2cccc(F)c2F)c1,-9.946206896551724,3.218592063451191,46_1764
O=C(Nc1cccc(-c2cccc(F)c2F)c1)Nc1cccc(-c2cccc(-c3nc4cc(F)ccc4[nH]3)c2F)c1,-9.956617647058822,3.128615257744718,46_1765
O=C(Nc1cccc(-c2cccc(-c3cccc(-c4cccc(C(=O)N5CCOCC5)c4)c3)c2)c1)Nc1cccc2ccccc12,-10.3,3.157933906999289,46_1766
O=C(Nc1cccc(-c2cccc(-c3nc4cc(F)ccc4[nH]3)c2)c1)Nc1cccc(-c2cccc(F)c2F)c1,-9.665151515151516,3.1875244530828533,46_1767
O=C(Nc1cccc(-c2cccc(-c3nc4ccccc4[nH]3)c2)c1)Nc1cccc(-c2cccc(F)c2F)c1,-9.946206896551724,3.218592063451191,46_1768
O=C(Nc1cccc(-c2cccc(-c3cccc(C(F)(F)F)c3)c2)c1)Nc1cccc(-c2cccc(F)c2F)c1,-9.623,2.963519940967514,46_1769
O=C(c1cccc(-c2cccc(-c3cccc4ccccc34)c2)c1)N1CCN(C(=O)c2cccc3ccccc23)CC1,-9.579999999999998,3.1497144483216615,46_1770
O=C(Nc1cccc(-c2cccc(-c3cccc(-c4ccccc4F)c3)c2)c1)N1CCNCC1,-9.35886075949367,3.470002651546907,46_1771
O=C(Nc1cccc(-c2cccc(-c3nc4cc(F)ccc4[nH]3)c2)c1)Nc1cccc(-c2cccc(F)c2F)c1,-9.665151515151516,3.1875244530828533,46_1772
O=C(Nc1cccc(-c2cccc(-c3nc4ccccc4[nH]3)c2)c1)Nc1cccc(-c2cccc(F)c2F)c1,-9.946206896551724,3.218592063451191,46_1773
O=C(Nc1cc(Br)ccc1O)c1cccc(-c2cccc(-c3cccc(-c4cccc(-c5cccc(F)c5)c4)c3)c2)c1,-10.4,3.015525430845263,46_1774
O=C(c1cccc(-c2cccc(-c3cccc4ccccc34)c2)c1)N1CCN(C(=O)c2cccc(F)c2F)CC1,-9.5,3.2507959847575894,46_1775
O=C(Nc1cccc(-c2cccc(-c3nc4cc(F)ccc4[nH]3)c2)c1)Nc1cccc(-c2cccc(F)c2F)c1,-9.665151515151516,3.1875244530828533,46_1776
O=C(Nc1cccc(-c2cccc(-c3nc4ccccc4[nH]3)c2)c1)Nc1cccc(-c2cccc(F)c2F)c1,-9.946206896551724,3.218592063451191,46_1777
O=C(Nc1cccc(-c2cccc(-c3nc4ccccc4[nH]3)c2)c1)Nc1cccc(-c2cccc(F)c2F)c1,-9.946206896551724,3.218592063451191,46_1778
O=C(Nc1cccc(-c2cccc(F)c2F)c1)Nc1cccc(-c2cccc(-c3nc4cc(F)ccc4[nH]3)c2F)c1,-9.956617647058822,3.128615257744718,46_1779
Cn1c(-c2cccc(-c3cccc(NC(=O)Nc4cccc(-c5cccc(F)c5F)c4)c3)c2)nc2ccccc21,-9.897260273972602,3.216920496534968,46_1780
O=C(Nc1cccc(-c2cccc(-c3cccc(C(=O)N4CCOCC4)c3)c2)c1)N1CCNCC1,-9.00263157894737,3.6199094052700564,46_1781
O=C(Nc1cccc(-c2cccc(-c3ccc4c(c3)OCO4)c2)c1)Nc1ccc(F)cc1Cl,-9.3,3.4507640140700255,46_1782
O=C(Nc1cccc(-c2ccccc2F)c1)C1CCC(c2cccc(-c3ccc4ccccc4c3)n2)CC1,-8.7,3.2080662450482054,46_1783
O=C(Nc1cccc(-c2cccc(-c3nc4cc(F)ccc4[nH]3)c2)c1)Nc1cccc(-c2cccc(F)c2F)c1,-9.665151515151516,3.1875244530828533,46_1784
O=C(Nc1cccc(-c2cccc(-c3cccc(-c4ccccc4F)c3)c2)c1)N1CCNCC1,-9.35886075949367,3.470002651546907,46_1785
O=C(Nc1cccc(-c2cccc(-c3nc4cc(F)ccc4[nH]3)c2)c1)Nc1cccc(-c2cccc(F)c2F)c1,-9.665151515151516,3.1875244530828533,46_1786
O=C(Nc1cccc(-c2cccc(-c3nc4cc(F)ccc4[nH]3)c2)c1)Nc1cccc(-c2cccc(F)c2F)c1,-9.665151515151516,3.1875244530828533,46_1787
Cn1c(-c2cccc(-c3cccc(NC(=O)Nc4cccc(-c5cccc(C(=O)N6CCOCC6)c5)c4)c3)c2)nc2ccccc21,-9.555696202531646,3.2756851861708367,46_1788
O=C(Nc1cccc(-c2cccc(-c3cccc(-c4ccccc4F)c3)c2)c1)N1CCNCC1,-9.35886075949367,3.470002651546907,46_1789
O=C(Nc1cccc(-c2cccc(-c3nc4cc(F)ccc4[nH]3)c2)c1)Nc1cccc(-c2cccc(F)c2F)c1,-9.665151515151516,3.1875244530828533,46_1790
Cn1c(-c2cccc(-c3cccc(NC(=O)Nc4cccc(-c5cccc(-c6ncccc6C#N)c5)c4)c3)c2)nc2ccccc21,-8.916666666666666,3.0906607506690618,46_1791
Cn1c(-c2cccc(-c3cccc(NC(=O)Nc4cccc(-c5cccc(C(=O)N6CCOCC6)c5)c4)c3)c2)nc2ccccc21,-9.555696202531646,3.2756851861708367,46_1792
O=C(Nc1cccc(-c2cccc(-c3nc4cc(F)ccc4[nH]3)c2)c1)Nc1cccc(-c2cccc(F)c2F)c1,-9.665151515151516,3.1875244530828533,46_1793
O=C(Nc1cccc(-c2cccc(F)c2F)c1)Nc1cccc(-c2cccc(-c3nc4cc(F)ccc4[nH]3)c2F)c1,-9.956617647058822,3.128615257744718,46_1794
Cn1c(-c2cccc(-c3cccc(NC(=O)Nc4cccc(-c5cccc(F)c5F)c4)c3)c2)nc2ccccc21,-9.897260273972602,3.216920496534968,46_1795
O=C(Nc1cccc(-c2cccc(-c3cccc(-c4ccccc4F)c3)c2)c1)N1CCNCC1,-9.35886075949367,3.470002651546907,46_1796
Cn1c(-c2cccc(-c3cccc(NC(=O)Nc4cccc(-c5cccc(F)c5F)c4)c3)c2)nc2ccccc21,-9.897260273972602,3.216920496534968,46_1797
O=C(Nc1cccc(-c2cccc(-c3nc4cc(F)ccc4[nH]3)c2)c1)Nc1cccc(-c2cccc(F)c2F)c1,-9.665151515151516,3.1875244530828533,46_1798
O=C(Nc1cccc(-c2cccc(-c3nc4ccccc4[nH]3)c2)c1)Nc1cccc(-c2cccc(F)c2F)c1,-9.946206896551724,3.218592063451191,46_1799
O=C(Nc1cccc(-c2cccc(-c3cccc(-c4cccc(F)c4)c3)c2)c1)N1CCNCC1,-9.341935483870968,3.470002651546907,46_1800
O=C(Nc1cccc(-c2cccc(-c3nc4cc(F)ccc4[nH]3)c2)c1)Nc1cccc(-c2cccc(F)c2F)c1,-9.665151515151516,3.1875244530828533,46_1801
O=C(Nc1cccc(-c2cccc(F)c2F)c1)Nc1cccc(-c2cccc(-c3nc4cc(F)ccc4[nH]3)c2F)c1,-9.956617647058822,3.128615257744718,46_1802
O=C(Nc1cccc(-c2cccc(C(=O)N3CCOCC3)c2)c1)Nc1cccc(-c2cccc(F)c2F)c1,-9.6,3.5133545427940325,46_1803
O=C(Nc1cccc(-c2cccc(-c3nc4ccccc4[nH]3)c2)c1)Nc1cccc(-c2cccc(F)c2F)c1,-9.946206896551724,3.218592063451191,46_1804
O=C(Nc1cccc(-c2cccc(-c3cccc(C(F)(F)F)c3)c2)c1)Nc1cccc(-c2cccc(F)c2F)c1,-9.623,2.963519940967514,46_1805
O=C(Nc1cccc(-c2cccc(F)c2F)c1)Nc1cccc(-c2cccc(-c3nc4cc(F)ccc4[nH]3)c2F)c1,-9.956617647058822,3.128615257744718,46_1806
O=C(Nc1cccc(-c2cccc(-c3cccc(-c4ccccc4F)c3)c2)c1)N1CCNCC1,-9.35886075949367,3.470002651546907,46_1807
O=C(Nc1cccc(-c2cccc(-c3cccc(C(F)(F)F)c3)c2)c1)Nc1cccc(-c2cccc(F)c2F)c1,-9.623,2.963519940967514,46_1808
O=C(Nc1cccc(-c2cccc(-c3nc4ccccc4[nH]3)c2)c1)Nc1cccc(-c2cccc(F)c2F)c1,-9.946206896551724,3.218592063451191,46_1809
O=C(Nc1cccc(-c2cccc(-c3nc4cc(F)ccc4[nH]3)c2)c1)Nc1cccc(-c2cccc(F)c2F)c1,-9.665151515151516,3.1875244530828533,46_1810
O=C(Nc1cccc(-c2cccc(-c3nc4ccccc4[nH]3)c2)c1)Nc1cccc(-c2cccc(F)c2F)c1,-9.946206896551724,3.218592063451191,46_1811
O=C(Nc1cccc(-c2cccc(-c3nc4ccccc4[nH]3)c2)c1)Nc1cccc(-c2cccc(F)c2F)c1,-9.946206896551724,3.218592063451191,46_1812
Cn1c(-c2cccc(-c3cccc(NC(=O)Nc4cccc(-c5cccc(F)c5F)c4)c3)c2)nc2ccccc21,-9.897260273972602,3.216920496534968,46_1813
O=C(Nc1ccccc1)N(c1cccc(-c2cccc(-c3cccc(F)c3)c2)c1)c1cccs1,-9.3,3.317929362828777,46_1814
O=C(Nc1cccc(-c2cccc(-c3nc4ccccc4[nH]3)c2)c1)Nc1cccc(-c2cccc(F)c2F)c1,-9.946206896551724,3.218592063451191,46_1815
Cn1c(-c2cccc(-c3cccc(NC(=O)Nc4cccc(-c5cccc(C(=O)N6CCOCC6)c5)c4)c3)c2)nc2ccccc21,-9.555696202531646,3.2756851861708367,46_1816
O=C(Nc1cccc(-c2cccc(-c3nc4cc(F)ccc4[nH]3)c2)c1)Nc1cccc(-c2cccc(F)c2F)c1,-9.665151515151516,3.1875244530828533,46_1817
O=C(Nc1cccc(-c2cccc(F)c2F)c1)Nc1cccc(-c2cccc(-c3nc4cc(F)ccc4[nH]3)c2F)c1,-9.956617647058822,3.128615257744718,46_1818
O=C(Nc1cccc(-c2cccc(-c3nc4ccccc4[nH]3)c2)c1)Nc1cccc(-c2cccc(F)c2F)c1,-9.946206896551724,3.218592063451191,46_1819
O=C(Nc1cccc(-c2cccc(-c3cccc(-c4ccccc4F)c3)c2)c1)N1CCNCC1,-9.35886075949367,3.470002651546907,46_1820
O=C(Nc1cccc(-c2cccc(-c3nc4cc(F)ccc4[nH]3)c2)c1)Nc1cccc(-c2cccc(F)c2F)c1,-9.665151515151516,3.1875244530828533,46_1821
O=C(Nc1cccc(-c2cccc(-c3cccc(-c4ccccc4F)c3)c2)c1)N1CCNCC1,-9.35886075949367,3.470002651546907,46_1822
O=C(Nc1cccc(-c2cccc(-c3nc4ccccc4[nH]3)c2)c1)Nc1cccc(-c2cccc(F)c2F)c1,-9.946206896551724,3.218592063451191,46_1823
O=C(Nc1cccc(-c2cccc(-c3nc4ccccc4[nH]3)c2)c1)Nc1cccc(-c2cccc(F)c2F)c1,-9.946206896551724,3.218592063451191,46_1824
O=C(Nc1cccc(-c2cccc(-c3cccc(-c4ccccc4F)c3)c2)c1)N1CCNCC1,-9.35886075949367,3.470002651546907,46_1825
O=C(Nc1cccc(-c2cccc(-c3nc4ccccc4[nH]3)c2)c1)Nc1cccc(-c2cccc(F)c2F)c1,-9.946206896551724,3.218592063451191,46_1826
O=C(Nc1ccccc1C(=O)O)c1cccc(-c2cccc(-c3cccc(-c4cccc(F)c4)c3)c2)c1,-8.6,3.317013365973615,46_1827
O=C(Nc1cccc(-c2cccc(-c3cccc(C(F)(F)F)c3)c2)c1)Nc1cccc(-c2cccc(F)c2F)c1,-9.623,2.963519940967514,46_1828
Cc1cccc(-c2cccc(-c3cccc(-c4cccc(C(=O)N(C)C)c4)c3)c2)c1,-8.7,3.277291928685881,46_1829
O=C(Nc1cccc(-c2cccc(-c3nc4ccccc4[nH]3)c2)c1)Nc1cccc(-c2cccc(F)c2F)c1,-9.946206896551724,3.218592063451191,46_1830
Cn1c(-c2cccc(-c3cccc(NC(=O)Nc4cccc(-c5cccc(F)c5F)c4)c3)c2)nc2ccccc21,-9.897260273972602,3.216920496534968,46_1831
O=C(Nc1cccc(-c2cccc(-c3nc4cc(F)ccc4[nH]3)c2)c1)Nc1cccc(-c2cccc(F)c2F)c1,-9.665151515151516,3.1875244530828533,46_1832
O=C(Nc1cccc(-c2cccc(-c3cccc(C(F)(F)F)c3)c2)c1)Nc1cccc(-c2cccc(F)c2F)c1,-9.623,2.963519940967514,46_1833
O=C(Nc1cccc(-c2cccc(-c3cccc(-c4ccccc4F)c3)c2)c1)N1CCNCC1,-9.35886075949367,3.470002651546907,46_1834
O=C(Nc1cccc(-c2cccc(-c3cccc(C(F)(F)F)c3)c2)c1)Nc1cccc(-c2cccc(F)c2F)c1,-9.623,2.963519940967514,46_1835
Cn1c(-c2cccc(-c3cccc(NC(=O)Nc4cccc(-c5cccc(F)c5F)c4)c3)c2)nc2ccccc21,-9.897260273972602,3.216920496534968,46_1836
O=C(Nc1cccc(-c2cccc(-c3nc4cc(F)ccc4[nH]3)c2)c1)Nc1cccc(-c2cccc(F)c2F)c1,-9.665151515151516,3.1875244530828533,46_1837
Cn1c(-c2cccc(-c3cccc(NC(=O)Nc4cccc(-c5cccc(C(=O)N6CCOCC6)c5)c4)c3)c2)nc2ccccc21,-9.555696202531646,3.2756851861708367,46_1838
O=C(Nc1cccc(-c2cccc(-c3cccc(C(F)(F)F)c3)c2)c1)Nc1cccc(-c2cccc(F)c2F)c1,-9.623,2.963519940967514,46_1839
O=C(Nc1cccc(-c2cccc(-c3cccc(C(F)(F)F)c3)c2)c1)Nc1cccc(-c2cccc(F)c2F)c1,-9.623,2.963519940967514,46_1840
O=C(Nc1cccc(-c2cccc(-c3nc4ccccc4[nH]3)c2)c1)Nc1cccc(-c2cccc(F)c2F)c1,-9.946206896551724,3.218592063451191,46_1841
O=C(Nc1cccc(-c2cccc(-c3cccc(-c4cccc(-c5nn[nH]n5)c4)c3)c2)c1)N1CCC1,-9.9,3.4760111965289098,46_1842
O=C(Nc1cccc(-c2cccc(-c3cccc(-c4nn[nH]n4)c3)c2)c1)Nc1cccc(-c2cccc(F)c2F)c1,-9.606122448979592,3.286971097546113,46_1843
O=C(/C=C/c1cccc(-c2cccc(-c3nc4ccccc4[nH]3)c2)c1)N1CCN(c2cccc3ccccc23)CC1,-8.5,3.2741720592671113,46_1844
O=C(Nc1cccc(-c2cccc(-c3nc4cc(F)ccc4[nH]3)c2)c1)Nc1cccc(-c2cccc(F)c2F)c1,-9.665151515151516,3.1875244530828533,46_1845
O=C(Nc1cccc(-c2cccc(-c3nc4ccccc4[nH]3)c2)c1)Nc1cccc(-c2cccc(F)c2F)c1,-9.946206896551724,3.218592063451191,46_1846
Cn1c(-c2cccc(-c3cccc(NC(=O)Nc4cccc(-c5cccc(-c6cccc(F)c6)c5)c4)c3)c2)nc2ccccc21,-9.885106382978723,3.0539916384657317,46_1847
O=CC[C@H](CC(=O)c1cccc(-c2cccc(-c3cccc4ccccc34)c2)c1)c1ccccc1,-7.7,3.0069298563332723,46_1848
O=C(Nc1cccc(-c2cccc(-c3nc4cc(F)ccc4[nH]3)c2)c1)Nc1cccc(-c2cccc(F)c2F)c1,-9.665151515151516,3.1875244530828533,46_1849
O=C(Nc1cccc(-c2cccc(F)c2F)c1)Nc1cccc(-c2cccc(-c3nc4cc(F)ccc4[nH]3)c2F)c1,-9.956617647058822,3.128615257744718,46_1850
Cn1c(-c2cccc(-c3cccc(NC(=O)Nc4cccc(-c5cccc(-c6cccc(F)c6)c5)c4)c3)c2)nc2ccccc21,-9.885106382978723,3.0539916384657317,46_1851
O=C(Nc1cccc(-c2cccc(-c3nc4cc(F)ccc4[nH]3)c2)c1)Nc1cccc(-c2cccc(F)c2F)c1,-9.665151515151516,3.1875244530828533,46_1852
O=C(Nc1cccc(-c2cccc(-c3nc4ccccc4[nH]3)c2)c1)Nc1cccc(-c2cccc(F)c2F)c1,-9.946206896551724,3.218592063451191,46_1853
O=C(Nc1cccc(-c2cccc(-c3nc4ccccc4[nH]3)c2)c1)Nc1cccc(-c2cccc(F)c2F)c1,-9.946206896551724,3.218592063451191,46_1854
O=C(Nc1cccc(-c2cccc(-c3nc4cc(F)ccc4[nH]3)c2)c1)Nc1cccc(-c2cccc(F)c2F)c1,-9.665151515151516,3.1875244530828533,46_1855
N#Cc1cccnc1-c1cccc(-c2cccc(NC(=O)Nc3cccc(-c4cccc(-c5cccc(C(F)(F)F)c5)c4)c3)c2)c1,-8.5,3.0690829979979566,46_1856
O=C(Nc1cccc(-c2cccc(-c3nc4cc(F)ccc4[nH]3)c2)c1)Nc1cccc(-c2cccc(F)c2F)c1,-9.665151515151516,3.1875244530828533,46_1857
O=C(Nc1cccc(-c2cccc(-c3nc4cc(F)ccc4[nH]3)c2)c1)Nc1cccc(-c2cccc(F)c2F)c1,-9.665151515151516,3.1875244530828533,46_1858
O=C(Nc1cccc(-c2cccc(-c3nc4ccccc4[nH]3)c2)c1)Nc1cccc(-c2cccc(F)c2F)c1,-9.946206896551724,3.218592063451191,46_1859
O=C(Nc1cccc(-c2cccc(-c3nc4cc(F)ccc4[nH]3)c2)c1)Nc1cccc(-c2cccc(F)c2F)c1,-9.665151515151516,3.1875244530828533,46_1860
O=C(Nc1cccc(-c2cccc(-c3cccc(-c4ccccc4F)c3)c2)c1)N1CCNCC1,-9.35886075949367,3.470002651546907,46_1861
Cn1c(-c2cccc(-c3cccc(NC(=O)Nc4cccc(-c5cccc(C(=O)N6CCOCC6)c5)c4)c3)c2)nc2ccccc21,-9.555696202531646,3.2756851861708367,46_1862
O=C(Nc1cccc(-c2cccc(-c3cccc(-c4ccccc4F)c3)c2)c1)N1CCNCC1,-9.35886075949367,3.470002651546907,46_1863
O=C(Nc1cccc(-c2cccc(F)c2F)c1)Nc1cccc(-c2cccc(-c3nc4cc(F)ccc4[nH]3)c2F)c1,-9.956617647058822,3.128615257744718,46_1864
O=C(Nc1cccc(-c2cccc(-c3cccc(-c4nc5ccccc5[nH]4)c3)c2)c1)N1CCNCC1,-9.316666666666666,3.368308336165232,46_1865
O=C(Nc1cccc(-c2cccc(-c3cccc(-c4ccccc4F)c3)c2)c1)N1CCNCC1,-9.35886075949367,3.470002651546907,46_1866
O=C(Nc1cccc(-c2cccc(-c3nc4ccccc4[nH]3)c2)c1)Nc1cccc(-c2cccc(F)c2F)c1,-9.946206896551724,3.218592063451191,46_1867
O=C(Nc1cccc(-c2cccc(-c3nc4ccccc4[nH]3)c2)c1)Nc1cccc(-c2cccc(F)c2F)c1,-9.946206896551724,3.218592063451191,46_1868
O=C(Nc1cccc(-c2cccc(-c3nc4cc(F)ccc4[nH]3)c2)c1)Nc1cccc(-c2cccc(F)c2F)c1,-9.665151515151516,3.1875244530828533,46_1869
O=C(Nc1cccc(-c2cccc(-c3cccc(-c4cccc(-c5nn[nH]n5)c4)c3)c2)c1)Nc1cccc(-c2ccccc2F)c1,-10.0,3.0912609619380627,46_1870
Cn1c(-c2cccc(-c3cccc(NC(=O)Nc4cccc(-c5cccc(F)c5F)c4)c3)c2)nc2ccccc21,-9.897260273972602,3.216920496534968,46_1871
Cn1c(-c2cccc(-c3cccc(NC(=O)Nc4cccc(-c5cccc(-c6cccc(F)c6)c5)c4)c3)c2)nc2ccccc21,-9.885106382978723,3.0539916384657317,46_1872
O=C(Nc1cccc(-c2cccc(F)c2F)c1)Nc1cccc(-c2cccc(-c3nc4cc(F)ccc4[nH]3)c2F)c1,-9.956617647058822,3.128615257744718,46_1873
O=C(N=Cc1[nH]c2ccccc2c1-c1cc2ccccc2o1)c1cccc(-c2cccc(-c3cccc(-c4ccccc4F)c3)c2)c1,-8.9,3.002835308295178,46_1874
O=C(Nc1cccc(-c2cccc(-c3nc4cc(F)ccc4[nH]3)c2)c1)Nc1cccc(-c2cccc(F)c2F)c1,-9.665151515151516,3.1875244530828533,46_1875
O=C(Nc1cccc(-c2cccc(-c3nc4cc(F)ccc4[nH]3)c2)c1)Nc1cccc(-c2cccc(F)c2F)c1,-9.665151515151516,3.1875244530828533,46_1876
O=C(Nc1cccc(-c2cccc(-c3nc4cc(F)ccc4[nH]3)c2)c1)Nc1cccc(-c2cccc(F)c2F)c1,-9.665151515151516,3.1875244530828533,46_1877
O=C(Nc1cccc(-c2cccc(-c3nc4ccccc4[nH]3)c2)c1)Nc1cccc(-c2cccc(F)c2F)c1,-9.946206896551724,3.218592063451191,46_1878
Cn1c(-c2cccc(-c3cccc(NC(=O)Nc4cccc(-c5cccc(F)c5F)c4)c3)c2)nc2ccccc21,-9.897260273972602,3.216920496534968,46_1879
O=C(Nc1cccc(-c2cccc(-c3nc4cc(F)ccc4[nH]3)c2)c1)Nc1cccc(-c2cccc(F)c2F)c1,-9.665151515151516,3.1875244530828533,46_1880
Cn1c(-c2cccc(-c3cccc(NC(=O)Nc4cccc(-c5cccc(F)c5F)c4)c3)c2)nc2ccccc21,-9.897260273972602,3.216920496534968,46_1881
O=C(Nc1cccc(-c2cccc(-c3nc4ccccc4[nH]3)c2)c1)Nc1cccc(-c2cccc(F)c2F)c1,-9.946206896551724,3.218592063451191,46_1882
O=C(Nc1cccc(-c2cccc(-c3cccc(C(F)(F)F)c3)c2)c1)Nc1cccc(-c2cccc(F)c2F)c1,-9.623,2.963519940967514,46_1883
Cn1c(-c2cccc(-c3cccc(NC(=O)Nc4cccc(-c5cccc(F)c5F)c4)c3)c2)nc2ccccc21,-9.897260273972602,3.216920496534968,46_1884
Cn1c(-c2cccc(-c3cccc(NC(=O)Nc4cccc(-c5cccc(C(=O)N6CCOCC6)c5)c4)c3)c2)nc2ccccc21,-9.555696202531646,3.2756851861708367,46_1885
Cn1c(-c2cccc(-c3cccc(NC(=O)Nc4cccc(-c5cccc(-c6cccc(F)c6)c5)c4)c3)c2)nc2ccccc21,-9.885106382978723,3.0539916384657317,46_1886
O=C(Nc1cccc(-c2cccc(-c3nc4ccccc4[nH]3)c2)c1)Nc1cccc(-c2cccc(F)c2F)c1,-9.946206896551724,3.218592063451191,46_1887
O=C(Nc1cccc(-c2cccc(-c3cccc(-c4ccccc4F)c3)c2)c1)N1CCNCC1,-9.35886075949367,3.470002651546907,46_1888
O=C(Nc1cccc(-c2cccc(-c3nc4cc(F)ccc4[nH]3)c2)c1)Nc1cccc(-c2cccc(F)c2F)c1,-9.665151515151516,3.1875244530828533,46_1889
O=C(Nc1cccc(-c2cccc(F)c2F)c1)Nc1cccc(-c2cccc(-c3nc4cc(F)ccc4[nH]3)c2F)c1,-9.956617647058822,3.128615257744718,46_1890
Cn1c(-c2cccc(-c3cccc(NC(=O)Nc4cccc(-c5cccc(N6CCCC6)c5)c4)c3)c2)nc2ccccc21,-8.8,3.2257260402162897,46_1891
O=C(Nc1cccc(-c2cccc(-c3nc4cc(F)ccc4[nH]3)c2)c1)Nc1cccc(-c2cccc(F)c2F)c1,-9.665151515151516,3.1875244530828533,46_1892
O=C(Nc1cccc(-c2cccc(-c3nc4cc(F)ccc4[nH]3)c2)c1)Nc1cccc(-c2cccc(F)c2F)c1,-9.665151515151516,3.1875244530828533,46_1893
O=C(c1cccc(-c2cccc(-c3cccc(-c4ccccc4F)c3)c2)c1)N1CCNCC1,-9.41111111111111,3.508189933556279,46_1894
N#Cc1ccc(-c2cccc(-c3cccc(-c4nn[nH]n4)c3)c2)cc1,-7.9,3.7253749610889537,46_1895
Cn1c(-c2cccc(-c3cccc(NC(=O)Nc4cccc(-c5cccc(F)c5F)c4)c3)c2)nc2ccccc21,-9.897260273972602,3.216920496534968,46_1896
O=C(Nc1cccc(-c2cccc(-c3cccc(-c4nn[nH]n4)c3)c2)c1)Nc1cccc(-c2cccc(F)c2F)c1,-9.606122448979592,3.286971097546113,46_1897
O=C(Nc1nncs1)c1cccc(-c2cccc(-c3cccc(-c4cccc(C(=O)N5CCOCC5)c4)c3)c2)c1,-9.9,3.4153722436959897,46_1898
O=C(Nc1cccc(-c2cccc(-c3nc4cc(F)ccc4[nH]3)c2)c1)Nc1cccc(-c2cccc(F)c2F)c1,-9.665151515151516,3.1875244530828533,46_1899
Cn1c(-c2cccc(-c3cccc(NS(=O)(=O)Nc4cccc(-c5cccc(-c6cccc(F)c6)c5)c4)c3)c2)nc2ccccc21,-8.9,3.0824953414319847,46_1900
O=C(Nc1cccc(-c2cccc(-c3cccc(C(F)(F)F)c3)c2)c1)Nc1cccc(-c2cccc(F)c2F)c1,-9.623,2.963519940967514,46_1901
O=C(Nc1cccc(-c2cccc(-c3nc4cc(F)ccc4[nH]3)c2)c1)Nc1cccc(-c2cccc(F)c2F)c1,-9.665151515151516,3.1875244530828533,46_1902
Cn1c(-c2cccc(-c3cccc(NC(=O)Nc4cccc(-c5cccc(C(=O)N6CCOCC6)c5)c4)c3)c2)nc2ccccc21,-9.555696202531646,3.2756851861708367,46_1903
Cn1c(-c2cccc(-c3cccc(NC(=O)Nc4cccc(-c5cccc(C(=O)N6CCOCC6)c5)c4)c3)c2)nc2ccccc21,-9.555696202531646,3.2756851861708367,46_1904
O=c1oc2ccc3ccccc3c2cc1-c1cc(-c2cccc(-c3cccc(C(F)(F)F)c3)c2)nc(-c2cccc3ccccc23)c1,-12.2,2.8711168780308496,46_1905
O=C(Nc1cccc(-c2cccc(F)c2F)c1)Nc1cccc(-c2cccc(-c3nc4cc(F)ccc4[nH]3)c2F)c1,-9.956617647058822,3.128615257744718,46_1906
Cn1c(-c2cccc(-c3cccc(NC(=O)Nc4cccc(-c5cccc(F)c5F)c4)c3)c2)nc2ccccc21,-9.897260273972602,3.216920496534968,46_1907
O=C(Nc1cccc(-c2cccc(-c3cccc(-c4nn[nH]n4)c3)c2)c1)Nc1cccc(-c2cccc(F)c2F)c1,-9.606122448979592,3.286971097546113,46_1908
O=C(Nc1cccc(-c2cccc(-c3cccc(-c4ccccc4F)c3)c2)c1)N1CCNCC1,-9.35886075949367,3.470002651546907,46_1909
Cc1cccc(-c2cccc(-c3cccc(-c4cccc(C(F)(F)F)c4)c3)c2)c1,-9.4,3.0362632405837804,46_1910
Cn1c(-c2cccc(-c3cccc(NC(=O)Nc4cccc(-c5cccc(-c6ccccc6)c5)c4)c3)c2)nc2ccccc21,-10.25,3.0563724042831923,46_1911
Oc1cccc(-c2cc(-c3ccccc3F)nc3c2Cc2cc(O)ccc2-3)c1,-8.649999999999999,3.5382346254688546,46_1912
O=C(Nc1cccc(-c2cccc(-c3cccc(C(=O)N4CCOCC4)c3)c2)c1)N1CCNCC1,-9.00263157894737,3.6199094052700564,46_1913
O=C(Nc1ccccc1F)c1cccc(-c2cccc(-c3cccc(-c4cccc(C(=O)N5CCOCC5)c4)c3)c2)c1,-9.649999999999999,3.318291864592828,46_1914
O=C(Nc1cccc(-c2cccc(-c3cccc(-c4ccccc4F)c3)c2)c1)N1CCNCC1,-9.35886075949367,3.470002651546907,46_1915
O=C(c1cccc(-c2cccc(-c3nc4ccccc4[nH]3)c2)c1)N1CCN(C(=O)c2cccc(F)c2F)CC1,-9.3,3.4743716563467535,46_1916
O=C(Nc1cccc(-c2cccc(-c3nc4ccccc4[nH]3)c2)c1)Nc1cccc(-c2cccc(F)c2F)c1,-9.946206896551724,3.218592063451191,46_1917
O=C(Nc1cccc(-c2cccc(F)c2F)c1)Nc1cccc(-c2cccc(-c3nc4cc(F)ccc4[nH]3)c2F)c1,-9.956617647058822,3.128615257744718,46_1918
O=C(Nc1cccc(-c2cccc(-c3nc4ccccc4[nH]3)c2)c1)Nc1cccc(-c2cccc(F)c2F)c1,-9.946206896551724,3.218592063451191,46_1919
O=C(Nc1cccc(-c2cccc(-c3nc4cc(F)ccc4[nH]3)c2)c1)Nc1cccc(-c2cccc(F)c2F)c1,-9.665151515151516,3.1875244530828533,46_1920
O=C(Oc1cccc(-c2cccc(-c3cccc(-c4ccccc4F)c3)c2)c1)N1CCNCC1,-8.9,3.542518853978745,46_1921
O=C(Nc1cccc(-c2cccc(F)c2F)c1)Nc1cccc(-c2cccc(-c3nc4cc(F)ccc4[nH]3)c2F)c1,-9.956617647058822,3.128615257744718,46_1922
O=C(Nc1cccc(-c2cccc(-c3nc4cc(F)ccc4[nH]3)c2)c1)Nc1cccc(-c2cccc(F)c2F)c1,-9.665151515151516,3.1875244530828533,46_1923
O=C(c1cccc(-c2cccc(-c3cccc(-c4cccc(F)c4)c3)c2)c1)N1CCNCC1,-9.308333333333332,3.508189933556279,46_1924
O=C(Nc1cccc(-c2cccc(-c3cccc(C(F)(F)F)c3)c2)c1)Nc1cccc(-c2cccc(F)c2F)c1,-9.623,2.963519940967514,46_1925
O=C(Nc1cccc2ccccc12)c1cccc(-c2cccc(-c3cccc(-c4nc5cc(F)ccc5[nH]4)c3F)c2)c1,-9.6,3.1807532320700664,46_1926
O=C(Nc1cccc(-c2cccc(-c3nc4cc(F)ccc4[nH]3)c2)c1)Nc1cccc(-c2cccc(F)c2F)c1,-9.665151515151516,3.1875244530828533,46_1927
O=C(Nc1cccc(-c2cccc(-c3nc4ccccc4[nH]3)c2)c1)Nc1cccc(-c2cccc(F)c2F)c1,-9.946206896551724,3.218592063451191,46_1928
O=C(c1cccc(-c2cccc(-c3cccc(-c4cccc(F)c4)c3)c2)c1)N1CCNCC1,-9.308333333333332,3.508189933556279,46_1929
O=C(Nc1cccc(-c2cccc(-c3nc4ccccc4[nH]3)c2)c1)Nc1cccc(-c2cccc(F)c2F)c1,-9.946206896551724,3.218592063451191,46_1930
Cn1c(-c2cccc(-c3cccc(NC(=O)Nc4cccc(-c5cccc(F)c5F)c4)c3)c2)nc2ccccc21,-9.897260273972602,3.216920496534968,46_1931
O=C(Nc1cccc(-c2cccc(-c3cccc(-c4nn[nH]n4)c3)c2)c1)Nc1cccc(-c2cccc(F)c2F)c1,-9.606122448979592,3.286971097546113,46_1932
Cn1c(-c2cccc(-c3cccc(NC(=O)Nc4cccc(-c5ccnc6ncnn56)c4)c3)c2)nc2ccccc21,-10.6,3.260265822694561,46_1933
O=C(Nc1cccc(-c2cccc(-c3nc4cc(F)ccc4[nH]3)c2)c1)Nc1cccc(-c2cccc(F)c2F)c1,-9.665151515151516,3.1875244530828533,46_1934
Cn1c(-c2cccc(-c3cccc(NC(=O)Nc4cccc(-c5cccc(F)c5F)c4)c3)c2)nc2ccccc21,-9.897260273972602,3.216920496534968,46_1935
O=C(Nc1cccc(-c2cccc(-c3nc4cc(F)ccc4[nH]3)c2)c1)Nc1cccc(-c2cccc(F)c2F)c1,-9.665151515151516,3.1875244530828533,46_1936
O=C(Nc1cccc(-c2cccc(-c3nc4ccccc4[nH]3)c2)c1)Nc1cccc(-c2cccc(F)c2F)c1,-9.946206896551724,3.218592063451191,46_1937
O=C(Nc1cccc(-c2cccc(-c3nc4cc(F)ccc4[nH]3)c2)c1)Nc1cccc(-c2cccc(F)c2F)c1,-9.665151515151516,3.1875244530828533,46_1938
O=C(Nc1cccc(-c2cccc(-c3nc4cc(F)ccc4[nH]3)c2)c1)Nc1cccc(-c2cccc(F)c2F)c1,-9.665151515151516,3.1875244530828533,46_1939
O=C(c1cccc(F)c1)N1CCN(C(=O)c2cccc(-c3cccc(-c4ccc5c(c4)OCO5)c3)c2)CC1,-9.100000000000001,3.475405586601455,46_1940
O=C(Nc1cccc(-c2cccc(-c3cccc(C(=O)N4CCOCC4)c3)c2)c1)N1CCNCC1,-9.00263157894737,3.6199094052700564,46_1941
O=C(Nc1cccc(-c2cccc(F)c2F)c1)Nc1cccc(-c2cccc(-c3nc4cc(F)ccc4[nH]3)c2F)c1,-9.956617647058822,3.128615257744718,46_1942
O=C(c1cccc(-c2cccc(-c3cccc(-c4cccc(N5CCOC5=O)c4)c3)c2)c1)N1CCOCC1,-9.4,3.429931246454484,46_1943
O=C(Nc1cccc(-c2cccc(-c3nc4cc(F)ccc4[nH]3)c2)c1)Nc1cccc(-c2cccc(F)c2F)c1,-9.665151515151516,3.1875244530828533,46_1944
O=C(Nc1cccc(-c2cccc(-c3nc4cc(F)ccc4[nH]3)c2)c1)Nc1cccc(-c2cccc(F)c2F)c1,-9.665151515151516,3.1875244530828533,46_1945
O=C(c1cccc(-c2cccc(-c3cccc4ccccc34)c2)c1)N1CCN(C(=O)c2cccc3ccccc23)CC1,-9.579999999999998,3.1497144483216615,46_1946
O=C(Nc1cccc(-c2cccc(-c3nc4cc(F)ccc4[nH]3)c2)c1)Nc1cccc(-c2cccc(F)c2F)c1,-9.665151515151516,3.1875244530828533,46_1947
O=C1c2ccccc2C(=O)c2c1nnn2-c1cccc(-c2cccc3ccccc23)c1,-9.2,3.49599447600181,46_1948
O=C(Nc1cccc(-c2cccc(-c3cccc(-c4nc5ccccc5[nH]4)c3)c2)c1)N1CCNCC1,-9.316666666666666,3.368308336165232,46_1949
O=C(Nc1cccc(-c2cccc(-c3cccc(-c4ccccc4F)c3)c2)c1)N1CCNCC1,-9.35886075949367,3.470002651546907,46_1950
O=C(O)c1cccc(-c2cccc(-c3cccc(-c4cccc(C(F)(F)F)c4)c3)c2)c1,-9.3,3.3291461812302314,46_1951
O=C(Nc1cccc(-c2cccc(-c3nc4cc(F)ccc4[nH]3)c2)c1)Nc1cccc(-c2cccc(F)c2F)c1,-9.665151515151516,3.1875244530828533,46_1952
O=C(Nc1cccc(-c2cccc(-c3nc4cc(F)ccc4[nH]3)c2)c1)Nc1cccc(-c2cccc(F)c2F)c1,-9.665151515151516,3.1875244530828533,46_1953
O=C(Nc1cccc(-c2cccc(-c3cccc(-c4nn[nH]n4)c3)c2)c1)Nc1cccc(-c2cccc(F)c2F)c1,-9.606122448979592,3.286971097546113,46_1954
O=C(Nc1cccc(-c2cccc(-c3cccc(-c4ccccc4F)c3)c2)c1)N1CCNCC1,-9.35886075949367,3.470002651546907,46_1955
O=C(c1cccc(-c2cccc(-c3ccc4c(c3)OCO4)c2)c1)N1CCN(C(=O)c2cccc3ccccc23)CC1,-8.95,3.2703075927733467,46_1956
O=C(Nc1cccc(-c2cccc(-c3nc4cc(F)ccc4[nH]3)c2)c1)Nc1cccc(-c2cccc(F)c2F)c1,-9.665151515151516,3.1875244530828533,46_1957
Cn1c(-c2cccc(-c3cccc(NC(=O)Nc4cccc(-c5cccc(F)c5F)c4)c3)c2)nc2ccccc21,-9.897260273972602,3.216920496534968,46_1958
Cn1c(-c2cccc(-c3cccc(-c4cccc(C(=O)N5CCNCC5)n4)c3)c2)nc2ccccc21,-9.1,3.5283095141381873,46_1959
O=C(Nc1cccc(-c2cccc(-c3nc4cc(F)ccc4[nH]3)c2)c1)Nc1cccc(-c2cccc(F)c2F)c1,-9.665151515151516,3.1875244530828533,46_1960
O=C(Nc1cccc(-c2cccc(-c3cccc(C(F)(F)F)c3)c2)c1)Nc1cccc(-c2cccc(F)c2F)c1,-9.623,2.963519940967514,46_1961
Cn1c(-c2cccc(-c3cccc(NC(=O)Nc4cccc(-c5cccc(C(=O)N6CCOCC6)c5)c4)c3)c2)nc2ccccc21,-9.555696202531646,3.2756851861708367,46_1962
O=C(Nc1cccc(-c2cccc(F)c2F)c1)Nc1cccc(-c2cccc(-c3nc4cc(F)ccc4[nH]3)c2F)c1,-9.956617647058822,3.128615257744718,46_1963
O=C(Nc1cccc(-c2cccc(-c3nc4cc(F)ccc4[nH]3)c2)c1)Nc1cccc(-c2cccc(F)c2F)c1,-9.665151515151516,3.1875244530828533,46_1964
O=C(Nc1cccc(-c2cccc(-c3cccc(-c4ccccc4F)c3)c2)c1)N1CCNCC1,-9.35886075949367,3.470002651546907,46_1965
O=C(Nc1cccc(-c2cccc(-c3cccc(-c4ccccc4F)c3)c2)c1)N1CCNCC1,-9.35886075949367,3.470002651546907,46_1966
O=C(Nc1cccc(-c2cccc(-c3cccc(C(=O)N4CCOCC4)c3)c2)c1)N1CCNCC1,-9.00263157894737,3.6199094052700564,46_1967
Cc1ccc(Nc2nccc(-c3cccc(-c4cccc(C(F)(F)F)c4)c3)n2)cc1,-9.0,3.5940582264060614,46_1968
O=C(Nc1nccs1)c1cccc(-c2cccc(-c3cccc(-c4cccc(C(F)(F)F)c4)c3)c2)c1,-10.0,3.2826255879938246,46_1969
O=C(Nc1cccc(-c2cccc(F)c2F)c1)Nc1cccc(-c2cccc(-c3nc4cc(F)ccc4[nH]3)c2F)c1,-9.956617647058822,3.128615257744718,46_1970
O=C(Nc1cccc(-c2cccc(F)c2F)c1)Nc1cccc(-c2cccc(-c3nc4cc(F)ccc4[nH]3)c2F)c1,-9.956617647058822,3.128615257744718,46_1971
O=C(Nc1cccc(-c2cccc(-c3nc4ccccc4[nH]3)c2)c1)Nc1cccc(-c2cccc(F)c2F)c1,-9.946206896551724,3.218592063451191,46_1972
O=C(Nc1cccc(-c2cccc(-c3nc4cc(F)ccc4[nH]3)c2)c1)Nc1cccc(-c2cccc(F)c2F)c1,-9.665151515151516,3.1875244530828533,46_1973
O=C(Nc1cccc(-c2cccc(-c3nc4ccccc4[nH]3)c2)c1)Nc1cccc(-c2cccc(F)c2F)c1,-9.946206896551724,3.218592063451191,46_1974
O=C(Nc1cccc(-c2cccc(-c3nc4ccccc4[nH]3)c2)c1)Nc1cccc(-c2cccc(F)c2F)c1,-9.946206896551724,3.218592063451191,46_1975
O=C(Nc1cccc(-c2cccc(F)c2F)c1)Nc1cccc(-c2cccc(-c3nc4cc(F)ccc4[nH]3)c2F)c1,-9.956617647058822,3.128615257744718,46_1976
O=C(Nc1cccc(-c2cccc(F)c2F)c1)Nc1cccc(-c2cccc(-c3nc4cc(F)ccc4[nH]3)c2F)c1,-9.956617647058822,3.128615257744718,46_1977
O=C(Nc1cccc(-c2cccc(-c3nc4ccccc4[nH]3)c2)c1)Nc1cccc(-c2cccc(F)c2F)c1,-9.946206896551724,3.218592063451191,46_1978
O=C(Nc1cccc(-c2cccc(-c3cccc(-c4cccc(F)c4)c3)c2)c1)N1CCNCC1,-9.341935483870968,3.470002651546907,46_1979
Cn1c(-c2cccc(-c3cccc(NC(=O)Nc4cccc(-c5cccc(-c6cccc(F)c6)c5)c4)c3)c2)nc2ccccc21,-9.885106382978723,3.0539916384657317,46_1980
O=C(Nc1cccc(-c2cccc(-c3nc4cc(F)ccc4[nH]3)c2)c1)Nc1cccc(-c2cccc(F)c2F)c1,-9.665151515151516,3.1875244530828533,46_1981
Cn1c(-c2cccc(-c3cccc(NC(=O)Nc4cccc(-c5cccc(F)c5F)c4)c3)c2)nc2ccccc21,-9.897260273972602,3.216920496534968,46_1982
Cn1c(-c2cccc(-c3cccc(NC(=O)Nc4cccc(-c5cccc(-c6cccc(F)c6)c5)c4)c3)c2)nc2ccccc21,-9.885106382978723,3.0539916384657317,46_1983
O=C(Nc1cccc(-c2cccc(-c3nc4cc(F)ccc4[nH]3)c2)c1)Nc1cccc(-c2cccc(F)c2F)c1,-9.665151515151516,3.1875244530828533,46_1984
O=C(Nc1cccc(-c2cccc(-c3nc4ccccc4[nH]3)c2)c1)Nc1cccc(-c2cccc(F)c2F)c1,-9.946206896551724,3.218592063451191,46_1985
O=C(c1cccc(-c2cccc(-c3cccc(-c4ccccc4F)c3)c2)c1)N1CCNCC1,-9.41111111111111,3.508189933556279,46_1986
O=C(Nc1cccc(-c2cccc(-c3cccc(-c4nn[nH]n4)c3)c2)c1)Nc1cccc(-c2cccc(F)c2F)c1,-9.606122448979592,3.286971097546113,46_1987
O=C(Nc1cccc(-c2cccc(-c3cccc(-c4ccccc4F)c3)c2)c1)N1CCNCC1,-9.35886075949367,3.470002651546907,46_1988
O=C(Nc1cccc(-c2cccc(-c3cccc(-c4cccc(F)c4)c3)c2)c1)N1CCNCC1,-9.341935483870968,3.470002651546907,46_1989
Nc1ncnn2c(-c3cccc(O)c3)cc(-c3ccc4c(c3)OCO4)c12,-8.2,3.6123066656822056,46_1990
O=C(Nc1cccc(-c2cccc(-c3cccc(C(=O)N4CCOCC4)c3)c2)c1)N1CCNCC1,-9.00263157894737,3.6199094052700564,46_1991
O=C(Nc1cccc(-c2cccc(-c3nc4ccccc4[nH]3)c2)c1)Nc1cccc(-c2cccc(F)c2F)c1,-9.946206896551724,3.218592063451191,46_1992
O=C(Nc1cccc(-c2cccc(-c3nn[nH]n3)c2)c1)Nc1cccc(-c2cccc(-c3ccccc3F)c2)c1,-10.0,3.296343456165853,46_1993
O=C(Nc1cccc(-c2cccc(-c3nc4ccccc4[nH]3)c2)c1)Nc1cccc(-c2cccc(F)c2F)c1,-9.946206896551724,3.218592063451191,46_1994
O=C(Nc1cccc(-c2cccc(-c3cccc(-c4cccc(F)c4)c3)c2)c1)N1CCNCC1,-9.341935483870968,3.470002651546907,46_1995
O=C(Nc1cccc(-c2cccc(-c3cccc(-c4ccccc4F)c3)c2)c1)N1CCNCC1,-9.35886075949367,3.470002651546907,46_1996
O=C(Nc1c(C(O)(C(F)(F)F)C(F)(F)F)ccc2ccccc12)c1cccc(-c2cccc(-c3cccc(-c4ccccc4F)c3)c2)c1,-9.1,2.9879676147119616,46_1997
O=C(Nc1cccc(-c2cccc(-c3nc4ccccc4[nH]3)c2)c1)Nc1cccc(-c2cccc(F)c2F)c1,-9.946206896551724,3.218592063451191,46_1998
O=C(Nc1cccc(-c2cccc(-c3cccc(C(F)(F)F)c3)c2)c1)Nc1cccc(-c2cc3ccccc3[nH]2)c1,-10.0,2.9426652234658066,46_1999
