smiles,docking,drug_likeliness,names
Cc1cc2c(cc1O)C1=Cc3ccccc3C(C2=O)c2cc3cc(c2)C1O3,-8.4,1.0500061207297775,5_0
CC(C)C1[CH]NC(=O)C(Cc2ccccc2)N(C)C(=O)C(C(C)C)OC(=O)C(CC(=O)O)NC(=O)C(CC(=O)O)NC(=O)C(CCC(N)=O)N(C)C1=O,-6.1,1.0455797695060567,5_1
CC(C)C(C1CC1)N(C)C(=O)Nc1cccc(OC(F)F)c1,-6.1,3.589738185620294,5_2
Cc1cc(N(C)C)cc(C)c1OC(=O)/C=C\c1ccc2c(c1)OCO2,-6.6,3.5546139611989673,5_3
Clc1cccc(Nc2nncc3cc4ccccc4cc23)c1,-7.7,3.565848898676279,5_4
CNc1nnn(C)c1CC(C=O)C=CC=COC,-4.8,2.2479884255646345,5_5
CC(C)(C)Nc1c(-c2ccccc2C=O)nc2sccn12,-5.8,3.693896444288007,5_6
Cc1nnc(C(=O)C(F)(F)c2ccc(C(F)(F)F)cn2)c2ccccc12,-7.6,3.5911448602474167,5_7
COc1ccc2c(c1)CCC1SC(c3ccccc3)=CC(=O)N21,-6.8,3.539897893567409,5_8
O=C(CNC(=O)c1cccn1-c1ccc(F)cc1F)NCc1ccc(CN2CCCC2=O)cc1,-6.4,3.684788597190241,5_9
Cc1ccc(Nc2nc(-c3c(F)cccc3F)cs2)cc1,-6.7,3.670527685680412,5_10
O=C1c2ccsc2-c2c1[nH]c1ccccc1c2=O,-6.8,3.563137060662931,5_11
CC(=O)N1CCC(C(=O)N(CCCN2CCC(C(=O)c3ccc(F)cc3)CC2)c2ccc(C)c(Cl)c2)CC1,-7.3,3.434818283879951,5_12
N=C(NS(=O)(=O)c1cc([N+](=O)[O-])ccc1S(=O)(=O)N1CCC(O)C1)N1CC(c2cccnc2)C(c2ccc(Cl)cc2)=N1,-8.4,2.743527885954155,5_13
C=CC(=CC=COC)C1CC(C(C)(C)C(=O)O)=NN1c1ccccc1C,-6.5,3.5906016567696923,5_14
COc1ccccc1/C=C/C(=O)O[C@H]1CC[C@]2(C)[C@H]3CC=C4[C@@H]5CC(C)(C)CC[C@]5(C(=O)OCc5ccccc5)CC[C@@]4(C)[C@]3(C)CC[C@H]2C(C)(C)[C@H]1OC(C)=O,-6.8,1.472977176377218,5_15
CN(C)CCn1c(NC(=O)c2cccc([N+](=O)[O-])c2)nc2ccccc21,-7.2,3.663328979631072,5_16
CC(C)n1cc(C(=O)c2cncc(NC(=O)c3ccnnc3)c2)c2cncnc21,-7.2,3.5623739904359155,5_17
COc1ccc2c(c1)C1=CC(C)=NN(C)C1=CN2c1ccc(F)cc1,-7.7,3.5745264882773493,5_18
Cn1ccnc1C(c1cccc(NS(=O)(=O)c2cccc(Cl)c2)c1)c1ncccn1,-7.4,3.684367375443991,5_19
CNc1ncc(C(=O)N2C[C@@H](C)N(C)[C@@H](C)C2)cn1,-5.9,3.5424993593833234,5_20
Cc1ccc(CNS(=O)(=O)c2ccc(C(F)(F)F)cn2)cc1,-6.0,3.7434499796695544,5_21
CC(C)Oc1ccc(C(=O)Nc2cccc(C(=O)O)c2)cc1,-6.3,3.7211121232590707,5_22
C[C@@H]1[C@@H](O)[C@H](N=CNc2cnc(Cl)nc2NCCO)O[C@H]1CO,-5.7,2.879404434795795,5_23
CCOCCOc1[nH]c2nc1CNc1ccc(Cl)cc1Cc1c-2ccc(Cl)c1Cl,-6.5,1.4954012483812154,5_24
Cn1c(C(=O)Nc2cccc(C#N)c2N2CCC(c3ccccc3)(c3nccn3Cc3ccncc3)CC2)cc2ccccc21,-7.7,3.2962065925231423,5_25
O=C(O)c1ccc(-c2cccc(NS(=O)(=O)c3cccc(Cl)c3)c2)cc1,-7.7,3.737404420071325,5_26
CC(=O)O[C@@H]1[CH]CC2[CH][C@@]3(CC[C](O)c4ccc(O[C@H]([CH]O)CO)cc4C=CC(=O)[CH]O3)OC[C@]2(C)C1[C@H](C)O,-7.0,0.5791497040079072,5_27
CC(C)c1ccc(S(=O)(=O)Nc2ccc(O)c(Sc3nc[nH]n3)c2)cc1,-6.9,3.56105058446671,5_28
Cn1c(C(=O)Nc2ccccc2COc2ccc(-c3sc(=O)[nH]c3O)cc2)cc2sccc21,-7.6,3.405765992749899,5_29
COC1=CC=C(CCN(C)CCC[C@@](C#N)(c2ccccc2C(F)(F)F)C2CCCCC2C)C1OC,-5.8,3.2836922828239086,5_30
O=C(Nc1ccccc1)c1cc(C(=O)Nc2ccccc2)c(=O)n(-c2ccccc2)c1,-8.4,3.67328064727944,5_31
O=C(Cn1cccn1)N1CCC(c2cccc(-n3ccnc3)c2)CC1,-6.7,3.763449239111912,5_32
CCCNCCOCc1cccc(-c2cccc(N)c2)c1,-6.2,3.5151175222418782,5_33
Cc1cc(C)n(-c2ccc(C(=O)NC3CC(C)(C)NC(C)(C)C3)cc2)n1,-7.3,3.7298750388457336,5_34
O=C(NCCN1CCN(c2ccccc2)CC1)Nc1cccc(Cl)c1,-7.1,3.739153056257802,5_35
O=C(O)c1ccc2c(c1)nc(NCc1cccnc1)c1nc(C(=O)O)cn12,-7.7,3.4934026624969743,5_36
O=C1CCc2cc(OCC(O)CN3CCN(c4ccc(Cc5ccc(F)cc5)cc4)CC3)ccc2N1,-7.1,3.5548334129717816,5_37
O=C(C1CC1c1ccccc1)N1CCN(Cc2ccccc2)c2ccccc21,-6.8,3.418735986091102,5_38
CN1CCC(=O)C(C(c2ccccc2)c2ccccc2)C1,-6.0,3.499534994303757,5_39
COc1ccc(Nc2nc(Nc3ccc(S(N)(=O)=O)cc3)nc3[nH]cnc23)c(OC)c1,-7.7,3.238071738764174,5_40
CC(C(=O)NC(C)(C)C)N1C(=O)c2ccccc2C1=O,-6.6,3.574399864965076,5_41
CC(=O)O[C]1CC[CH][C@@H]2C3CC=C4CCCC[C@]4(C)C3=CC[C@]2(C)C1,-7.0,1.8595169501852489,5_42
CCCCCCCCCCC[C]1C[C@H](O)C[C@]2(C)C(=O)CC[C@@H]12,-5.0,3.1049735362374458,5_43
CCN(C(=O)c1cc(C(C)C)c(O)cc1O)c1ccc(C(C)C(C)(C)C)cc1,-5.5,3.6307618685709384,5_44
COC=C1C(C2C(Cl)C(=O)N2C(=O)Nc2ccc3c(c2)C(=O)N(C)C3=O)=CC(OC)=C1OC,-6.8,3.1134324541951583,5_45
O=C(NCc1cc(F)cc(F)c1)c1cnn2c(C(F)(F)F)cc(-c3ccccc3)nc12,-8.3,3.643631835657006,5_46
Cc1cccc(C)c1OCC(N)c1ccccc1,-6.0,3.5453555131003496,5_47
COC=CC=CC(=O)N1Cc2ccccc2N=C1CCNC(=O)c1cccc(OCc2cccc(Cl)c2)c1,-6.4,3.391428454784032,5_48
O=C(NCc1ccc(F)cc1)c1cncc2nnc(-c3ccc(OC(F)F)cc3)n12,-6.9,3.6933686124531353,5_49
CC=NNC(=O)CNC(=O)C(c1nc2ccc(-c3ccc(F)cc3)cc2s1)S(=O)(=O)Cc1ccccc1,-7.5,3.363937087389675,5_50
COO[C@@H]1[C@H](O[C@@H]2OC[C@@H](O)[C@H](O)[C@H]2O)O[C@H](CO)[C@@H](O)[C@@H]1O[C@@H]([CH]OC(C)=O)C([CH]c1ccccc1)C(=O)O,-6.0,2.3623682057640827,5_51
Fc1c(Nc2cc(OC(F)(F)F)ccn2)cccc1Nc1c(C2=CC(=CCl)C=C2)ccc2[nH]cnc12,-7.9,3.379888033200487,5_52
O=CC(=NN=CN(c1ccccc1)c1cccc(Cl)c1)c1ccco1,-6.5,3.472449975006628,5_53
COc1ccccc1C1C(=O)N(C)c2cc(NS(C)(=O)=O)ccc2N1Cc1ccccc1-c1ccccc1,-7.3,3.585015850326262,5_54
CCOC(=O)C(C)=NN1C(=O)c2ccccc2C1=O,-5.8,3.400511291160248,5_55
CCOc1cc2nnnc(Nc3ccc(Br)cc3)c2cc1OC,-6.2,3.7710804133611777,5_56
COc1cc2[nH]c(=O)n(CCCC(=O)NCCCN3CCOCC3)c(=O)c2cc1OC,-6.0,3.381237005811074,5_57
O=C(Nc1ccc(OC(F)(F)F)cc1)c1cncnc1-c1cccc(Cl)c1,-7.7,3.7581138292628062,5_58
CC1C=C(CCCN2CCN(CCNC(=O)C=Cc3cnc4c(Cl)cccc4n3)CC2)C=C1C=NCN=CN=CC=CC(=O)CC(=O)Nc1ccccc1C(F)(F)F,-6.7,2.5818731233643657,5_59
NC(=O)CC(N)C(=O)NC(CS)C(=O)N1CCC(Cc2ccccc2)CC1,-5.6,3.2853644724642193,5_60
CCc1ccc(S(=O)(=O)N2C[C@H]3CN(NC(=O)CCC#N)C[C@@H]3C2)cc1,-6.2,3.5423526705218125,5_61
Nc1nc2cccc(-c3ccccc3)n2n1,-6.0,3.607524135725665,5_62
COc1ccccc1C(=O)N1CCCC1C(=O)Nc1ccc(-c2cc(C)no2)cc1,-6.8,3.778519130894054,5_63
COc1ccc(-c2ccc(=O)n(CC(=O)N3CCN(c4ccccc4C)CC3)n2)cc1,-6.6,3.707077743781877,5_64
O=C1c2ccccc2C(=O)N1CCn1c(-c2ccco2)nc2ccccc21,-8.0,3.6107121815493937,5_65
COC=CC=C(CS(=O)(=O)N1CCOCC1)c1noc(-c2ccc(F)c(C(F)(F)F)c2)n1,-7.3,3.40230063218576,5_66
O=C(NCC(F)Oc1ccc(N2C[C@H](Cn3cc(F)nn3)OC2=O)cc1)C1CCOCC1,-6.9,3.467826893774413,5_67
CCNC(=O)c1nn(C)cc1NC(=O)c1cccnc1,-6.1,3.6348541220334316,5_68
Cc1ccc(-c2cn[nH]c2)cc1-c1cc2cnnc(Nc3cccc(O)c3)c2n2cnnc12,-8.7,3.3936828254567146,5_69
CC(=O)NC1CSC(=O)C(Cc2ccccc2)NC(=O)C(CC(C)C)NC(=O)C(CC(C)C)N(C)C(=O)C(CC(C)C)N(C)C1=O,-6.1,1.719308726840791,5_70
N#Cc1cccc([C@@H](O)CNc2cc(-c3ccc(C(F)(F)F)c(Cl)c3)ncn2)c1,-7.5,3.734110655103104,5_71
Cc1ccc(F)c(OCCOc2ccc(CN)cc2)c1,-6.0,3.6543710826350053,5_72
COc1ccc(CSc2nc3ccccc3c(=O)n2-c2ccc(C)cc2)cc1,-6.7,3.524170855064179,5_73
COc1cccc(-c2nnc(SCC(=O)NCc3ccc4c(c3)OCO4)o2)c1,-6.9,3.6330038433709073,5_74
NN(C(=CCNC(=O)[CH]CC=O)c1ccc(CCNC(=O)c2ccc(C(=O)O)cc2)cc1)c1cc(F)cc(F)c1,-6.6,3.0761042650852026,5_75
CCOC(=O)Nc1cc(NC(C)C(=O)c2ccccc2F)cc(-n2sc3ccccc3c2=O)c1,-7.9,3.5271109580001916,5_76
CN(C)CC/C=C1\c2ccccc2COc2ccc(C=NO)cc21,-7.4,2.5939135960712,5_77
Cc1cccc(-c2noc(C3CC(F)(F)C3)n2)c1C(=O)N1CC(c2ccc(C#N)cc2)C1,-7.3,3.650546190827019,5_78
O=C(c1nccc(N2CCCCC2)n1)C1CCN1Cc1ccccc1,-6.7,3.589055599413044,5_79
O=CN(C=CC(=O)NCC(=O)Nc1ccc(Oc2ccccc2)cc1)Cc1ccc(-c2ccccc2C(=O)O)cc1,-5.8,3.197294456556758,5_80
COc1ccccc1OCCNC(=O)CCS(=O)(=O)C1CCCCC1,-5.4,3.564434355744139,5_81
CN1CCN(Cc2c[nH]c3ccccc23)CC1CCO,-6.3,3.6383654192778123,5_82
O=C(CNC(=O)c1ccccc1Cl)NN=Cc1ccncc1,-5.8,3.6075926181375233,5_83
O=C(N[C@H](c1ccc(Cl)c(Cl)c1)C1CCNCC1=S)c1cc2cc(Cl)ccc2[nH]1,-7.4,3.5620017883525588,5_84
Cc1cc(NC(=O)C2NC(=O)C(C)N2C)no1,-5.9,2.248652096314985,5_85
O=C1NC[C@@]2(CN3CCC2CC3)O1,-5.0,2.831509128155231,5_86
CCN1C(=O)C[C@](CC)(c2ccc(N)cc2)C1=O,-5.3,3.4792263787520934,5_87
CS(=O)(=O)NCc1cccc(-c2nc(Nc3ccc4[nH]ncc4c3)c3cc(N4CCOCC4)ccc3n2)c1,-9.7,3.2975112066388608,5_88
O=C(C(=O)N1CCN(C(=O)C2CCCCC2)CC1)c1c[nH]c2c(-c3cc[nH]c3)nccc12,-7.7,3.549781561173231,5_89
CN1Cc2ccc(C(=O)Nc3cc(-c4cccs4)ccc3N)cc2C2=C1C1=NCCN1CC2,-6.7,3.436317910598936,5_90
Nc1ccc2cccnc2c1C(=O)N1C=CC=C(Oc2ccnc3cc(CO)cc(N)c23)C1,-7.9,3.448305289118948,5_91
CCOC(=O)/C=C1/SCC(=O)N1CC(=O)Nc1ccc(OC)cc1,-5.8,3.5755547217296,5_92
C[C@]12CC[C@@H]3c4ccc(O)cc4CC[C@H]3[C@@H]1C[C@@H]1O[C@@H](C=CC(=O)NC=O)[C@H]1O2,-7.5,3.2363164765796726,5_93
Cc1ccccc1N/N=C/c1ccc(-c2ccc(C(=O)O)c(F)c2)cc1,-7.1,3.6006594789543347,5_94
O=C(O)C1CN(Cc2ccc(-c3nc4ccc(C(=O)N5CCCC5)cc4s3)c(F)c2)C1,-6.4,3.6703237925211027,5_95
CCC(NCCCCNc1ccnc2cc(Cl)ccc12)C(N)=O,-5.9,3.5732073862554152,5_96
CCC(=CC=COCC1=CC=CC(=O)OC1)c1ccc(C2SCC(Cc3ccccc3)N2C(=O)c2ccccc2)o1,-7.3,2.173092845858634,5_97
NN=C(C=NCc1ccccc1[N+](=O)[O-])COC=Cc1ccnc(-n2ncc3ccccc32)cc(=O)occ1,-6.8,0.7611640111702274,5_98
Oc1ccc2c(c1)C[C@@H](N1CCC(c3ccccc3)CC1)[C@@H](O)C2,-7.2,3.537174350836347,5_99
CN(C(=O)c1cccn1C)c1nc2ccccc2s1,-6.1,3.6426137836981214,5_100
CC(C)C1[CH]NC(=O)C(Cc2ccc(O)cc2)NC(=O)CNC(=O)C(CC=CN(C[C@H]2O[C@@H](n3ccc(=O)[nH]c3=O)C[C@@H]2CF)NN)C1=O,-7.4,0.4688947976415072,5_101
COc1cccc2c1c(NS(=O)(=O)c1ccc(Cl)s1)nn2Cc1cccc(NS(C)(=O)=O)c1,-7.3,3.4488148328482215,5_102
O=C(NCCCc1ccc(Oc2ccccc2)cc1)c1ccccc1F,-7.2,3.576058339082551,5_103
COc1cc(C(=O)c2nc3ccc4ccccc4c3nc2-n2cccc2)cc(OC)c1OC,-7.3,3.400259721780496,5_104
COc1ccc(Cc2c(C(=O)NCc3ccccn3)[nH]c3ccc(N4CCCCC4)cc23)cc1Cl,-7.7,3.573563394527651,5_105
CCc1c(Cc2ccccc2C(C)C)cnn1C(CC=COC)=Nc1ccncc1C=O,-6.3,3.343477234244277,5_106
O=C(O)C=C1C(=O)c2cc(F)c(N3CCN(Cn4nc(-c5ccncc5)n(-c5ccccc5)c4=S)CC3)cc2N1[C@@H]1C[C@@H]1F,-8.3,3.048839909430945,5_107
Cc1ccc(-c2csc(-c3ccc(NC(=O)c4ccccc4)c(N=[N+]=[N-])c3)n2)cc1,-7.7,3.432903495045045,5_108
Cc1c(CCN2CCN(C(=O)Cc3ccc(-n4cnnn4)cn3)CC2)ccc2c1COC2=O,-6.8,3.3763646253474784,5_109
O=C(C(=O)N1CCC(Cc2ccccc2)CC1)c1c[nH]c2ccc([N+](=O)[O-])cc12,-7.2,3.503170852999669,5_110
O=C1CSc2ccc(C(=O)N3CCN(c4ccccc4F)CC3)cc2N1,-7.4,3.6728824723874114,5_111
ON=C(O)CCCCCCn1cc(-c2ccc3ncnc(Nc4ccc(F)cc4F)c3c2)nn1,-7.7,2.9548294044888053,5_112
O=C(Nc1ccc(Cl)nc1)c1ccc(C(=O)O)c(F)c1,-6.1,3.6179642477559346,5_113
COC=CC1=CCCC(C)CCCC1=NC(=O)CC(C=O)NC(=O)c1ccc(Nc2nc3ccc(C(F)(F)F)cc3nc2-c2ccccc2C)cc1,-6.9,0.8483770557284895,5_114
CC(=O)O[C@@H]1[C@@H]2[C@@H](OC(C)=O)[C@@]3(OC(C)=O)C[C@H](C)[C@H](OC(=O)c4cccnc4)[C@@H]3/C=C(\C)[C@@H](OC(C)=O)[C@H](OC(C)=O)C(C)(C)C=CC(C)C(=O)[C@@]2(O)C[C@@H]1C,-5.4,1.2076218089154773,5_115
O=c1cc(O)[nH]c(=O)n1CCNc1ccc(CN2CCCCC2)cc1,-6.1,3.6152542092339903,5_116
CCN(CC)C(=O)Cn1c2ccc(Cl)cc2c2cc(Cl)ccc21,-6.4,3.630220222937398,5_117
Cc1ccc(-c2c(-c3ccccc3)sc(N)c2C(=O)c2cccc3ccccc23)cc1,-7.5,3.247367999903025,5_118
COC(=O)CCc1c(OC2CCCC2)c2cc(Cl)ccc2[nH]c1=O,-6.0,3.7538658412711525,5_119
O=C(O)CCCCCCn1cnc2cc(-c3noc(Cc4cccc(F)c4)n3)ccc21,-6.1,3.553064431767675,5_120
COC=C1C=CC(CN2C[CH]CC2C(=O)NC(Cc2ccc(N3CCN(c4ccccc4)CC3)cc2)C(=O)O)=C1,-6.7,3.282320392792848,5_121
O=[N+]([O-])C1=CN=CC=C(CO)C(NCCNc2ccnc3cc(Cl)ccc23)=CSC2=CCOC=C21,-6.8,0.8179041151837287,5_122
CCOC(=O)C1=C(C)N(c2ccccc2C)C(c2ccco2)=C(C#N)C1c1ccco1,-5.6,3.616402388272252,5_123
CCCOC1=C[C@@H](OCCC(C)C)c2ccccc2S(=O)(=O)N1Cc1ccc(-c2ccccc2-c2nn[nH]n2)cc1,-6.9,2.4277381289218574,5_124
Cc1cc(-c2ccnn2C)c2cccc(OCc3c(Cl)cncc3Sc3nccs3)c2n1,-6.5,3.428898859500153,5_125
O=C(CC(=NC(=O)c1ccccc1)c1ccccc1)c1ccccc1,-6.5,3.503002080490356,5_126
O=C(O)CCCOc1cc(F)cc(-c2cc3ccc(O)cc3[nH]2)c1O,-6.5,3.540943427931042,5_127
CCc1nc(CN(C)CC2CCN(C(C)C)CC2)cs1,-5.0,3.501842590313755,5_128
CCc1c2cccc(OCCCOc3ccc4c(c3)O[C@@](C)(C(=O)O)C4)cc(oc1=O)-c1ccccc1-2,-6.5,1.1707168619309147,5_129
COc1ccc(/C(C)=N/NC(N)=S)cc1-c1c(Br)cnn1C,-5.6,3.5335114393847693,5_130
CCCc1nc2c(n1Cc1ccc(-c3ccccc3-c3nn[nH]n3)cc1)CCCCC2O,-7.2,2.6157060998690134,5_131
O=C(NC(Cc1ccc(O)c(Br)c1)C(=O)O)c1cc2cc(F)ccc2[nH]1,-7.1,3.5565421974712907,5_133
O=C(NC(Cc1ccccc1)C(=O)CCC(=O)N1CCCCC1C(O)=NO)c1ccc(F)c(C(=O)O)c1,-7.4,3.040168253059382,5_134
COc1ccc(CCCC[C@]2(C)CCCO2)cc1,-4.8,3.298881052415906,5_135
Cc1nc2ncnn2c2c1CCN2C(C)CO,-5.1,3.5139096294417707,5_136
N#Cc1ccc(C(=O)N2CCN(C(=O)/C=C/c3cccc(F)c3)CC2)cc1,-6.6,3.6340733710604307,5_137
COc1ccc(-n2nc(C(F)(F)F)cc2C(=O)Nc2ccc(-c3ccccc3S(C)(=O)=O)cc2F)cc1,-7.6,3.530696132597041,5_138
O=c1[nH]c(=O)n2ncnc2[nH]1,-4.7,3.103683789686258,5_139
C#CCOCC(NC(C)=O)C(=O)NCc1ccccc1,-5.3,3.4719461641805625,5_140
Cc1nccc2c(-n3ncc(C(=O)c4ccc(Cl)c(Cl)c4)c3N)cccc12,-7.1,3.6433837561059876,5_141
CCCCCCS(=O)(=O)c1cc(Cl)c(C(=O)CC2CCCCC2)cc1N,-5.1,3.40024681372967,5_142
Cn1c(N)c(I)c2ccc(C(=O)O)cc21,-5.7,3.5399550735650473,5_143
O=C(O)c1cc(S(=O)(=O)Nc2ccc(-c3ccccc3)cc2)c2ccccc2c1O,-7.6,3.5911427564658904,5_144
Cc1ccc2cc3n(c2c1)CCCN3C(=O)NC1CC1,-6.6,3.507785002263377,5_145
O=C(/C=C\C(=O)NCCCCNc1ccnc2cc(Cl)ccc12)N=C1C=CCCC1,-6.8,3.608536514154056,5_146
CCOC(=O)Cn1c(=O)oc2cc(S(=O)(=O)N3CCN(Cc4ccccc4)CC3)ccc21,-6.7,3.5218762075611307,5_147
CN1CCCN(c2ccc(Nc3ncc4c5ccncc5n(C5CCCC5)c4n3)nn2)C1,-7.5,3.512750157444492,5_148
CN(C)c1ccc(NC(=O)c2ccc([N+](=O)[O-])s2)cc1,-5.7,3.62702939759202,5_149
CC(=O)Oc1cccc2c1C(=O)c1c(OC(C)=O)cc(C(=O)NCc3ccccc3)cc1C2=O,-7.5,3.5730201384079208,5_150
CCc1cc(-c2[nH]nc(C)c2-c2nc(-c3cccnc3)no2)ccc1C,-7.3,3.738058200756472,5_151
O=Cc1oc(=O)ccc1C(c1cc(O)ccc1O)c1cccc(O)c1C=O,-6.3,3.474459808226803,5_152
COC(=O)N=C(NC(=O)/C=C/c1ccccc1)NC12CC3CC(CC(C3)C1)C2,-6.7,3.164297229902072,5_153
Nc1ncnc2c1c(-c1cccc(-n3ccnc3)c1)nn2[C@@H]1O[C@H](CO)[C@@H](O)[C@H]1O,-8.3,3.162189334368011,5_154
CC(C)N(CCOc1cnccc1-c1ccccc1F)c1nc2ccccn2c(=O)c1-c1cccc(F)c1,-7.5,3.4033902961001328,5_155
COc1cc2c(Oc3cccc(CC(C)(C)NC[C@H](O)C(F)(F)CO)c3)ncnc2cc1OCCCN1CCC(CO)CC1,-5.6,2.9648023220168955,5_156
C#CCN(C)CC(=C)c1ccc2oc(C)c(C)c2c1,-5.5,3.4104313793026324,5_157
NC1(c2ccc(-c3nc4ccc(-c5ccccc5)cn4c3-c3ccccc3)cc2)CCC1,-8.0,3.4115764471271937,5_158
CN(CC1=CC(=CC(C)(C)C)C=CO1)C(=O)c1ccc2c(c1)C(=O)N(c1ccccc1)C2,-7.0,3.557215587796796,5_159
Cc1ccccc1NC(=S)NC(NC(=O)C(C)(C)C)C(Cl)(Cl)Cl,-5.0,3.3077822489617676,5_160
CC(C)=CCc1c(O)cc2c(c1O)C(=O)CC(c1ccc(O)cc1)O2,-7.1,3.617699389201232,5_161
Cc1ccccc1[C@@H]1CCc2c(C(=O)NCCO)cc3c(nc(C)n3C)c2O1,-7.2,3.7449931479890086,5_162
COc1ccc(/C=N/n2c(-c3cccc(C)c3)nc3ccccc3c2=O)c(OC)c1,-7.6,3.6046345082254394,5_163
N#Cc1ccc(NS(=O)(=O)c2cccc(C#N)c2)cc1,-6.0,3.7400774060573814,5_164
O=S(=O)(NCC(c1cccnc1)N1CCN(Cc2ccccc2)CC1)c1ccccc1,-7.4,3.7219668266842483,5_165
O=C(Cc1cc(-c2cc3ccccc3[nH]2)[nH]n1)N1CCN(c2ccccc2F)CC1,-8.3,3.677446039556702,5_166
Cc1ccccc1C(=O)Nc1ccnn1C1CCN(Cc2cccc(O)c2)CC1,-7.4,3.7546656706097363,5_167
CCN=C1NC(C(=O)NCc2c(C)noc2C)C1=NC(=O)c1nc(C2CC2)ccc1Nc1cncnc1,-7.0,3.257380776426654,5_168
COc1ccc(NS(=O)(=O)c2cc(NC(=O)c3ccco3)ccc2N2CCOCC2)cc1,-7.0,3.6404152935608995,5_169
CC[C@H](C)C1NCCOc2ccccc2CCCNC(=O)C(Cc2ccccc2)NC(=O)CN(C)C1=O,-8.2,2.072693692552072,5_170
CC(=O)N1N=C(c2ccc(Cl)cc2)CC1c1cc(Br)cc(Br)c1O,-6.3,3.6712117905958905,5_171
CCCCCS(=O)(=O)NC(=O)C(C)Cc1ccc([N+](=O)[O-])cc1,-5.0,3.406618121813961,5_172
COc1ncc(-c2cc3c(n2C(C)C)[C@H](c2ccc(C#N)cc2)N(c2cc(Cl)c(=O)n(C)c2)C3=O)c(OC)n1,-6.0,3.4175056289786947,5_173
C=CCN1C[C@H](C)N([C@@H](c2ccccc2)c2ccc(C(=O)N(CC)CC)cc2)C[C@H]1C,-6.5,3.502876208033036,5_174
O=C(O)c1ccc(Nc2nc(-c3ccccc3)cs2)cc1,-7.2,3.738885464342646,5_175
Cc1ccc(NC(=O)Cn2c(=O)n(Cc3ccco3)c(=O)c3ccc(C(=O)N4CC4)cc32)cc1C,-7.6,3.5615122320856494,5_176
CCCCOc1ccc(F)cc1-c1ccc2c(cnn2Cc2cccc(C(=O)Nc3ccc(Cl)cn3)c2)c1,-6.4,3.3368408170749344,5_177
CS(=O)(=O)N(CC(=O)NC1CCCC1)c1cccc(C(F)F)c1,-6.6,3.636659425368386,5_178
CCS(=O)(=O)N1C[C@@H]2[C@H](C1)[C@H]2c1cc(-c2cnc(C(F)(F)F)cn2)nc(C(F)(F)F)c1,-8.0,3.5132601028605013,5_179
O=C(CNCc1ccc(Cl)cc1)N1CCN(C/C=C/c2ccccc2)CC1,-6.2,3.692213138473359,5_180
COCCN1C(=O)/C(=C/c2ccccc2Cl)N=C1SCC(=O)N1CCN(c2ccc(F)cc2)CC1,-6.1,3.5153606928973327,5_181
C=CC=CC=CN1CN(CC(=O)NCCCCC(=O)O)C(=O)C12CCN(C(=O)N1CCCC1)CC2,-5.7,3.0719407983196594,5_182
CN1CCOC(C(=O)NCCc2cccc(F)c2)C1,-5.8,3.566710565983138,5_183
CCN(CCNS(C)(=O)=O)NC(=Cc1cc(=O)n(O)c(O)c1O)c1ccc(Cl)c(Cl)c1,-6.7,3.040322147565733,5_184
Cc1ccc(NC(=O)c2cc3n(n2)C[C@@H](c2ccc(Cl)cc2)OC3)cc1F,-7.5,3.7627997990895112,5_185
O=C(c1ccc(Br)c(S(=O)(=O)N2CCCC2)c1)N1CCCCC1CO,-7.0,3.5815199688620334,5_186
CCC(C)Nc1nc(=O)c2scc(-c3ccccc3C)c2[nH]1,-6.9,3.7500066282153828,5_187
COc1cccc(-c2c3n(c(=O)n(C[C@H](N)c4ccccc4)c2=O)C(c2ccccc2)CC3=O)c1,-7.1,3.6224855072262074,5_188
O=C(Nc1ccccc1C(=O)Nc1ccccc1)c1ccccc1,-7.7,3.664924663195647,5_189
CCc1ccc(CNC(=O)N2CCCC2)cc1,-5.6,3.4045426932902045,5_190
COC(=O)c1c(C(C)=O)nn(-c2ccc(S(N)(=O)=O)cc2)c1-c1ccc(Cl)cc1,-6.4,3.5644362330405035,5_191
CCOC=C1C=CC(C=C2CCCN(C=O)Cc3c2cc(C)c(OC[C@H]2CC[C@@H](N)CC2)c3OC)=N1,-6.4,1.4304229926769674,5_192
CCOC(=O)CC(C)=NC(CCC=O)=NC(c1ccc(C)cc1)c1ccccn1,-6.0,3.3841843988443427,5_193
Cc1nn(C(F)F)c(C)c1S(=O)(=O)N1CCC(C(=O)Nc2ccc3c(c2)CCC3)CC1,-7.5,3.6605600261134223,5_194
C=CC(=CC=COC)C(=O)Oc1c(C)cc(Br)cc1-c1csc(=O)n1C,-5.5,3.3054335926344853,5_195
CCc1noc(C)c1C(=O)N=CN=CC1=CCC(C=CCC(=S)C#CCO)=C(C)N1,-6.6,3.35548912789932,5_196
CN(C(=O)C(C)(C)C)c1ccccc1C(=O)N1CCN(Cc2ccc(Cl)cc2-c2cccc(Cl)c2)CC1,-7.4,3.533872550272351,5_197
C=CC(=O)N1CCN(c2cc(-c3cccnc3)c3cc(F)c(-c4cccc(OCC(C)C)c4)nc3n2)CC1,-7.6,3.488012745802221,5_198
Cc1ncsc1C=CC(=O)N1CCN(C2CCN(C)CC2)CC1,-6.1,3.4222890960037637,5_199
CC(C)C(C(O)=NO)N(Cc1ccccc1)S(=O)(=O)c1ccc(-c2ccc(Cl)cc2)cc1,-6.1,3.374788070343838,5_200
Cc1ccc2nc(-c3ccccc3NS(C)(=O)=O)ccc2c1,-7.0,3.7484825485577,5_201
COCc1c(OC)cc2c(c1O)[C@@](C)(C(=O)c1ccc(O)cc1O)[C@H](O)[C@@H](O)C2,-7.1,3.279413990103671,5_202
CONC(=O)c1cc(NC(=O)c2ccc3ccccc3c2)ccc1OC[C@@H]1[CH]CC[CH]CC(=O)OC1,-7.3,1.3410858787788236,5_203
COc1ccc(S(=O)(=O)N(C)C[C@@H]2OCc3cnnn3CCCC(=O)N([C@@H](C)CO)C[C@H]2C)cc1,-7.0,1.4634403724589324,5_204
CCS(=O)(=O)c1ccc(CC(=O)Nc2cc(-c3ccc(F)cc3F)cs2)cn1,-6.7,3.7766891270225633,5_205
C/C=C1\C[C@@H](O)C(=NO)[C@@]2(C)[C@@H]3CC[C@@H](C)C[C@H]3C=C[C@@H]12,-6.4,2.9249424255584633,5_206
CC(C)(C)c1ccc(/C=C/c2nc3ccccc3c(=O)n2N)cc1,-6.7,3.689930189272152,5_207
CCOC(=O)C=C(C)N=C1S/C(=C\c2ccc(-c3csc4ccc(Br)cc34)cc2)C(=O)N1Cc1ccc(Cl)cc1,-7.0,3.2079811380098766,5_208
O=C1CN2CCC=CC(=N1)Cc1cc([N+](=O)[O-])ccc1C1CC(c3ccccc3)=NN1C2=O,-8.5,1.0102301278909076,5_209
CCCc1cc(-c2nc([C@H](C)n3ccnc3)cnc2C)ccn1,-5.8,3.739924081250985,5_210
CCc1ncnc(-c2ccc(C(=O)N3CCC(C)(O)CC3)c(Cl)c2)c1C#Cc1ccc(N)nc1C,-6.4,3.612668099275309,5_211
Cc1ccc(NC(=O)NS(=O)(=O)c2cccs2)c(C)c1,-6.4,3.6945893909633867,5_212
C=c1oc(-c2nc3cc(C(F)(F)F)ccc3[nH]2)nc1=CC(=CC)C(F)(F)F,-8.0,3.6492030884852964,5_213
O=c1cc(-c2cccnc2)c2cc(Oc3ccc(C(F)(F)F)cc3CCl)ccc2[nH]1,-7.7,3.5964976551947982,5_214
Cc1c(Cn2ccnc2)oc2c1C(=O)CC(C)(C)C2,-5.8,3.6200927938303726,5_215
CONC(=O)c1cc(-c2ccc(Cl)cc2N)nc2ccc(O)cc12,-6.8,3.542642406129153,5_216
C[C@@H]1CCCN1CCc1cc2cc(-c3ccc(C(=O)N4CCOCC4)cc3)ccc2o1,-6.8,3.5750447560844796,5_217
CC(C)/N=C1/SC(=Cc2ccc(O)c(Cl)c2)C(=O)N1c1ccccc1,-6.5,3.7158956953589897,5_218
C[C@]12C[C@@]34C=C(Sc5ccc(-c6ccc(C#N)cc6)cc5)C(=O)[C@@](C)(CCC(=O)Nc5c(O)ccc(C(=O)O)c5O)[C@@H]3[C@H](C[C@@H]1C4)O2,-7.1,2.7460560209784792,5_219
Clc1ccc(OCc2nc3cc(Br)c(Cl)cc3n2Cc2ccc3c(c2)OCO3)cc1,-8.0,3.556948413975353,5_220
CCCCCCCN(C(=O)Cc1c[nH]c2ccccc12)C(C(=O)NC(C)(C)C)c1ccc(-c2ccc(C#N)n2C)cc1,-7.0,3.262154461637248,5_221
O=CC(=CC1C=Nc2ccccc2S1(=O)=O)c1c(-c2ccc(OC(F)F)cc2)nc2sccn12,-7.6,3.4188327907792155,5_222
CC1=C2OC(=O)C=CC2C=CC=C1OCC(=O)N1CC[C@@](C)(c2cccc(O)c2)[C@@H](C)C1,-8.0,2.4633379640647295,5_223
COC(=O)C1Cc2ccccc2CN1C(=O)C(N)Cc1c(C)cc(O)cc1C,-7.1,3.6665398061918077,5_224
CN(C)CCCn1c(CNC(=O)c2ccccc2F)nnc1SCC(=O)N1CCOCC1,-6.6,3.466394535736126,5_225
Cc1ccc(CCc2cc(N3CCN(C(=O)c4ccc(Cl)cc4)CC3)nc(-c3ccccc3)n2)cc1,-8.3,3.5418145603839095,5_226
C1=COCC(n2nnc(SCc3ccccc3)n2)=C1,-6.6,3.6054308321829978,5_227
CCC(=O)N1CCCc2cc(S(=O)(=O)N3CCCC3C(=O)NC3=CC(=COC)C(F)=C3)ccc21,-6.6,3.3973032605487004,5_229
O=C(Nc1ccc(OC(F)(F)F)cc1)N1CCOC2(CCN(C(=O)c3ccc[nH]3)CC2)C1,-6.6,3.589948687221838,5_230
CC1CCCCCCC[C@@H]2c3ccccc3CC[C@]12C(=O)C1=NC=CC(=O)OC1,-7.6,1.157764307430679,5_231
CC=CC=C(CCl)c1nc(NCCCN(C)C)c2cc(C)ccc2n1,-5.7,3.5537381176402647,5_232
Cc1c(C(=O)Nc2cccc(C(F)(F)F)c2)cc(-c2ccccc2)n1CCCN(C)C(=O)c1cccs1,-8.0,3.5544624679100574,5_233
N#CC1=CCCC=C(Cl)C1=NC(=O)c1ccccc1Oc1ccc(S(=O)(=O)Nc2ccc(F)cn2)cc1,-7.4,2.6067066042814595,5_234
C=CC(=CC=COC)c1ncn(CC(=O)N(C[CH]C)[C@H](C)[C@](O)(Cn2cncn2)c2ccc(F)cc2)n1,-5.6,3.3372145955293986,5_235
Cc1ccc2c(Oc3cccc(Cl)c3)ccnc2c1,-6.2,3.4819798266903197,5_236
CN1CC[C@]23c4c5ccc(O)c4O[C@H]2[C@@H](O)C=C[C@H]3[C@H]1C5,-6.1,3.1223165369736923,5_237
Cc1cc(NC(=O)c2cc(CC(C)C)on2)n(-c2ccccc2)n1,-6.5,3.817376454320528,5_238
CCCCNC(=O)C1CCN(C(=O)c2cc3sccc3n2Cc2cccc(C)c2)CC1,-5.8,3.6683535654510973,5_239
Cc1ccccc1C1=Nc2c(c(=O)n(C)c(=O)n2C)CN1C(=O)/C=C/c1ccccc1Cl,-8.7,3.663884139447365,5_240
CC(=O)NCC=C1N=C(C#Cc2ccc3c(ccc(=O)n3C)c2)C=C1c1cccc(C(=O)NCC(C)(C)C)c1,-6.2,3.56832867151852,5_241
N=C1C=CC=CC1=C(C=CN1CC1)C(=O)N(CCN1CCCC1)c1ccccc1,-6.7,3.367120470829385,5_242
Cc1cc(-c2ccc(F)cc2)ccc1Oc1cncc(Cl)c1N1CCC2(CCNC2=O)C1,-7.4,3.655975210607866,5_243
COC=C1C=CC(C[C]2C[CH]C3C[C@@H](C/C=C\CCC[C@@H](O)O2)O[C@@H]3CO)=C1,-6.3,1.792831866093505,5_244
Clc1ccc(C2=NNC(c3ccc4[nH]c5ncccc5c4c3)C2)c(Cl)c1,-7.8,3.5924638449794726,5_245
COc1ccc(S(=O)(=O)c2ccc(C(=O)N3CCN(c4ccc(F)cc4)CC3)cc2)cc1,-7.1,3.7409438481969866,5_246
O=C(Cn1ccc2ncc(-c3ccc(C(F)(F)F)cc3)cc21)N1CCc2ccccc2C1,-8.2,3.590563209410081,5_247
CC(C)CC(=NC(=O)CC1C=CC(CNC(=O)c2cccc3c(=O)c4cccc(C#N)c4[nH]c23)=C1)C(=O)O,-7.3,3.366919293183368,5_248
O=C(c1cnn(C2=CC=CCC2)c1)N1CCc2ccc(Cl)cc21,-6.7,3.5919213067253186,5_249
CN=C(Nc1ccc(OC2=CC=C(C3=CN(C)C(=O)N(C)C3)OC=C2)nc1)c1ccc(Cl)cc1F,-7.8,2.56232774831044,5_250
C[C@H]1CCCC/C1=N/Nc1nc(-c2ccc(F)cc2F)cs1,-7.9,3.6876637297942945,5_251
NC(=O)c1ccncc1-c1cc2ccccc2o1,-6.3,3.6726395734779747,5_252
Cc1ccc2nc3n(c(=O)c2c1)-c1ccccc1C(=O)NC3Cc1ccccc1,-8.5,2.6975158364368435,5_253
CCn1c(C(=O)N=C2C=CC(C)C2Cl)cc2c(=O)n3ccccc3nc21,-6.7,3.6692608511366265,5_254
CC(=O)OC1C(C)=CCOC(=O)C(C)CCCC1CCCCCCCCCC#CC/C=C/C(O)CCCCC(O)/C=C/C1=CCC(O)C(O)C1C(C)(O)O,-5.7,-0.4030947957116773,5_255
N#CC(Nc1ccc(Cl)c(OCCCN2CCOCC2)c1)C1C=CC=c2cnc(NCc3ccccn3)nc2=N1,-7.0,2.2258548399711184,5_256
COc1cc(-c2nc(CNC3CCOCC3)cs2)ccc1Nc1ncc(Cl)c(Nc2ccc(C)cc2C(F)(F)F)n1,-7.1,3.193534865863052,5_257
O=C(c1nn(C(F)(F)F)c2c1CS(=O)(=O)c1ccccc1-2)N1CCOCC1,-7.2,3.489094223614227,5_258
CC(C)CC1C(=O)NC(C2Cc3ccccc3C2)C(=O)N1C(C(=O)NC(C)C)c1ccc(F)cc1Cl,-6.5,3.5329408328854672,5_259
O=C(CCCCCCc1ccccc1)c1ncc(C(=O)N2CCCCC2)o1,-6.7,3.5363944253681083,5_260
CCCCN=C1C=COC(=C2COC(=O)C2c2cc(C(F)(F)F)cc(C(F)(F)F)c2)C=C1,-7.1,2.352201741603267,5_261
CNC(NC(=S)Nc1ccc(Cl)cc1)(C(F)(F)F)C(F)(F)F,-5.1,3.2412460480968925,5_262
c1ccn2cc(COCC3CCCO3)nc2c1,-5.4,3.5939099297226855,5_263
COC=C1C=CC(n2nnnc2SCC(=O)Nc2cccc(S(=O)(=O)N3CCCCCC3)c2)=C1,-7.2,2.354774868107714,5_264
COc1ccc(/C=C/c2cc(O)cs2)c(OC)c1OC,-5.1,3.7776246794292727,5_265
C=C[C]1[CH]C23C=C[C@]1(OC)[C@@H]1Oc4c(OC)ccc5c4[C@@]12CCN(C)[C@@H]3C5,-6.7,3.2019586061255128,5_266
CCOC(=O)CN1CCC(c2cccc(O)c2)CC1=O,-5.9,3.621580151234852,5_267
COc1ccc(CNC(=O)c2cc3c(C)cc(C)nc3s2)cc1,-6.4,3.793122122351747,5_268
COc1cccc(C[n+]2cccc(C3CCCc4cc(OC)ccc43)c2)c1,-6.5,3.464301783826198,5_269
O=C(Nc1ccc(Oc2ccccc2)cc1)Nc1ccc(-c2nc3cc([N+](=O)[O-])ccc3[nH]2)cc1,-7.2,3.2589464035157603,5_270
CN(C)Cc1ccn2c(C3C=CN=CNCCCC3)c(-c3ccc(F)cc3)nc2c1,-7.6,1.6071369406205216,5_271
CCC1=CC=C(COc2ccc3c(c2)c(-c2ccc(F)cc2)cn3[SH](=O)=O)OC=C1,-7.8,2.7253957480762043,5_272
COC=CCCNC(=O)C1=CC=CCNO1,-5.6,2.3565138893000688,5_273
O=S1(=O)Nc2ccccc2-c2cn3ccccc3[n+]2CCC(F)=CC=CC1F,-8.3,1.4079468068611312,5_274
O=C(OCN1C(=O)c2ccccc2S1(=O)=O)c1ccc(CNC(=O)c2ccccc2F)cc1,-7.3,3.631562920885049,5_275
O=C(O)CCCCCc1cccc(-c2cnc3c(Nc4nc5ccccc5cc4Cc4ccccc4)[nH]nc3c2)c1,-7.6,3.1041787567041697,5_276
COCCCCCn1ncc2c(N)c(C(=O)NCCO)cnc21,-5.4,3.3841199561801973,5_277
CCN(CC)CCCCOc1c(-c2ccc3c(c2)OCO3)oc2ccccc2c1=O,-7.0,3.5851242458209276,5_278
COC(=O)c1cccc(-c2ccc(N3CCN(c4cc(F)ccc4C)CC3)nn2)c1,-7.2,3.6770251845833033,5_279
CN(C)c1ccc(/C=C/c2ccnc3c(Br)cccc23)cc1,-6.3,3.51720405445139,5_280
O=C1N[C@H](C2CCCCC2)CC=C([CH]NCc2ccccc2)O1,-6.6,2.555745920151223,5_281
CN(C)Cc1ccccc1-c1nc(-c2ccccc2)c2[nH]c3ccccc3c2c1O,-8.1,3.4751363164465623,5_282
COc1ccc(-c2cn(CC(=O)N[C@H]3[C@H]([C@H](O)[C@H](O)CO)OC(C(=O)O)=C[C@@H]3O)nn2)cc1,-6.4,2.9412734135620098,5_283
CCOc1ccc(N2CC(c3nc4ccccc4n3CCOc3ccccc3)CC2=O)cc1,-6.5,3.58046874229353,5_284
CCCCN1CCCCC(NS(=O)(=O)c2c(C)cc(C)c3cccnc23)C1,-7.7,2.7766097550491624,5_285
COc1ncc(-c2ccc(CN=C(CO)Nc3c(C)cccc3C=O)cc2)c(OC)n1,-7.0,3.465035277721481,5_286
N#Cc1cccc(C(=O)NS(=O)(=O)c2ccc(F)c(F)c2)c1,-6.7,3.726897932882102,5_287
O=C(O)c1sccc1S(=O)(=O)Nc1ccc(F)c(Nc2ncccc2-c2ncnc3[nH]cnc23)c1F,-8.0,3.075018220944469,5_288
CN1C=CN=C(c2ccc(C34CCCC3=NOC(c3ccc5[nH]ncc5c3)=N4)cc2F)N1,-8.4,3.482737250891446,5_289
COC1COCCC1N[C@H]1CC[C@@H](Nc2cc(-c3cccc(NCc4cccc(F)c4)n3)c(Cl)cn2)CC1,-7.3,3.352035448791937,5_290
CN(Cc1nc(=O)c2ccccc2[nH]1)C1CCCN(c2cccnn2)C1,-7.3,3.7684210141219388,5_291
O=C(c1ccccc1F)N1CCCCC1c1ncon1,-7.0,3.6681730581890952,5_292
O=C(CCc1ccccc1)NNC(=O)c1cnccn1,-5.6,3.618564263687433,5_293
Cc1cccc2cc3c(=O)[nH]c(=S)[nH]c3nc12,-6.1,3.394313965057024,5_294
C=CC(C(=O)O)[C@@H]1CC1C(=O)Nc1ccc(Cl)cc1Cl,-5.7,3.5528452829946113,5_295
C[C@H](CO)N1C[C@H](C)[C@H](CN(C)C(=O)Nc2ccccc2)Oc2ncc(C#CC3CCCCC3)cc2C1=O,-6.9,1.6566523901301418,5_296
COc1ccc2c(C(=O)c3ccccc3)c(-c3ccccc3)[nH]c2c1OC,-7.1,3.5652220488792246,5_297
CN=C1NC=C1CC=C(C=NC=CC(C(=N)F)c1cccc(N)c1)c1cnn(C2CCNCC2)c1,-7.5,3.2405474219185333,5_298
COC(=O)CCC(NC(=O)OCc1ccccc1)C(=O)OC[C@H]1O[C@@H](n2ccc(N)nc2=O)C(F)(F)[C@@H]1O,-6.9,3.0041820795284275,5_299
CCCNc1nccc(-c2c(-c3ccc(F)cc3)c(=O)n3n2CC2(C3)OCCO2)n1,-7.5,3.604054439406494,5_300
CC(NC(=O)C(O)c1cc(F)cc(F)c1)C(=O)Nc1nc(-c2ccc(F)cc2)cs1,-7.0,3.648815927042312,5_301
COC1(c2cccc(OCc3nc4ccccc4[nH]3)c2)CCCCC1,-6.9,3.6975799209425153,5_302
Cc1onc(-c2ccccc2Cl)c1C(=O)NCc1c(Cl)cccc1Cl,-6.9,3.7366323312041665,5_303
CNC(=O)N1C(=O)C(C)C2[C@@H]1CCN2C(=O)OCc1ccccc1,-5.9,3.5592306715376942,5_304
Cc1ccnc(NC2CCOCC2)c1C#N,-5.3,3.577949491762426,5_305
N#CSc1ccc(N(Cc2cccc3ccccc23)C(=O)Cl)cc1,-6.6,3.37239649155842,5_306
Cc1ccc(CCC(=O)NC(NC(=O)CN)C(Cl)(Cl)Cl)cc1,-6.0,3.4160213567105364,5_307
COc1cccc(CN2CCN(CCc3cccc4ccccc34)CC2C)c1,-7.3,3.5328271910343965,5_308
COC(=O)C1C[C@@H]1C(NS(=O)(=O)c1ccc(Cl)c2ccccc12)C(=O)O,-6.5,3.6088172314803,5_309
COc1cccc(CNC(=O)c2ccc(N3CCCC3)c(NC(=O)Nc3ccccc3F)c2)c1,-7.0,3.6106072516137755,5_310
C[C@]12CC[C@H](OC(=O)c3ccccc3)CC1=CC[C@@H]1[C@@H]2CC[C@]2(C)C(=O)CC[C@@H]12,-7.2,3.048129892314903,5_311
O=S(=O)(Nc1ncns1)c1ccc2c(c1)OCCN2c1ccc(C(F)(F)F)c(Cl)c1-c1ccc(F)cc1,-7.5,3.4111252589194585,5_312
Cn1cnnc1SCC(=O)c1cccc(O)c1,-5.5,3.534667677859858,5_313
CCCOc1ccccc1C(=O)Oc1cccc2cccnc12,-6.7,3.59320047768126,5_314
O=C(NC1CCN(c2ncnc3c2nc(-c2ccccc2Cl)n3-c2ccc(Cl)cc2)CC1)C1CC2CCC1C2,-6.6,3.3390060925076144,5_315
COc1c(O)ccc2c1OO[C@](O)([CH]C1=CC=C(C=C(C)N(C)C(=O)CCCNC=O)C[C]1C)C2=O,-6.5,3.06162889723484,5_316
CCOc1ccc(S(=O)(=O)Nc2c(C)n(C)n(-c3ccccc3C)c2=O)cc1OCC,-6.6,3.6903478786564223,5_317
Cc1ccccc1NC(=S)Cn1cc(-c2cc3cc(F)ccc3[nH]2)c(C2C=CC=CC2)n1,-7.9,3.4932704703566317,5_318
O=C(c1cnc(NCCc2ccccc2)nc1)N1CCC(Cc2ccccc2Cl)CC1,-7.4,3.727214517249374,5_319
CN(Cc1ccccc1)C(=O)c1cccc(S(=O)(=O)N2CCCCC2)c1,-6.9,3.716257537438283,5_320
COC(=O)Nc1ccc(S(=O)(=O)Nc2cc3c(cc2C(=O)O)OCCO3)cc1,-7.1,3.4909255778217316,5_321
COc1cc(C(=O)Nc2ccc(C(N)=O)cc2)cc(N(C)CCN(C)C)c1,-5.9,3.6986668763128914,5_322
c1ccc(-c2cc(-c3ccco3)c3oc4ccccc4c3n2)cc1,-8.2,3.4192245810478528,5_323
Cc1c(Nc2c(C#N)cncc2-c2ccc(-c3cnn(C(C)C)c3)cc2)ccc2[nH]ccc12,-6.6,3.4881280742845977,5_324
COc1ccc(-c2ccc(C(=O)CCc3ccc(-c4ccccc4)cc3)o2)cc1,-7.0,3.4060773827051243,5_325
COc1cccc(-c2cc(C(N)=O)c3[nH]c4ccc(C(=O)N5CCOCC5)cc4c3c2)c1,-8.6,3.6688366664709235,5_326
COCCC(=O)N1CCCC1C(=O)NCc1ccc2c(c1)CCO2,-5.8,3.5795803009215317,5_327
CC(=O)OCCCc1ccccc1,-4.1,3.2386568173104484,5_328
COC(=O)C1=CO[C@@H]2OC3CC[C]4C(=O)NC[C](CN43)C[C@@]13C(=O)Nc1c3ccc(OC(C)=O)c1Oc1ccccc12,-8.7,0.6019830753529796,5_329
Cc1cc(C)cc(C(=O)Nc2ccc(-c3c[nH]c4ncccc34)cc2)c1,-7.8,3.550428922036254,5_330
Cc1cc(=O)[nH]c(SCC(=O)Nc2ccc(C3CCCC3)cc2)n1,-6.8,3.6592130727012098,5_331
COCCOC(=NO)c1ccccc1Oc1cccc(C)c1Cl,-5.9,3.3627254046601536,5_332
CC(=O)Nc1ccc(Nc2ncnc3cc(N)ncc23)cc1,-6.9,3.602910508606638,5_333
CC(=O)C1C(C)=NC(=O)NC1c1ccc(NC(=O)Nc2cccc(C(F)(F)F)c2)cc1,-7.7,3.6214366419659836,5_334
COC=CC=C(C)CN=CNC=C(c1ccc(Cl)cc1)N(C=O)CC(=O)NCCCN1CCOCC1,-6.1,2.972172102975575,5_335
Cc1cc(C(=O)O)ccc1-c1ccc2c(c1)OC[C@H](Cc1ccccc1)[C@H]2O,-7.4,3.6794237803610677,5_336
COC=NC(OCC=CN1CCOCC1)C1=C(c2ccc3c(c2)OCO3)C2CC1N(C(=O)c1ccco1)C2C=O,-6.7,2.893395322220199,5_337
O=S(=O)(c1ccc(Cl)cc1)[C@@]1(Cn2cncn2)CCC[C@@H]1Cn1cccn1,-6.3,3.6672232355422274,5_338
O=C(c1ccc[nH]c1=O)N(Cc1ccsc1)c1cccc(-c2n[nH]c(=S)s2)c1,-6.6,3.6104564433835167,5_339
C=CCN(COCc1ccccc1)C(=O)c1c(CCl)oc2ccccc12,-5.6,3.4515986388099567,5_340
CCN(CC)C(=O)c1ccc(C(=C2CCN(Cc3ccsc3)CC2)C(F)F)cc1,-6.3,3.5674531243532943,5_341
CC(C)(C)COP(=O)(COCCNc1nc(NCC(N)=O)nc2ccccc12)Oc1ccccc1,-6.9,3.196989357254389,5_342
CCOc1ccccc1NC(=O)C(Sc1nc2ccccc2s1)c1ccccc1,-7.0,3.5824106578977433,5_343
COc1ccc(C(=O)NC(Cc2ccccc2)C(=O)NC2CCN(C(=O)c3ccco3)CC2)cc1,-6.7,3.650041420433948,5_344
Cc1cc2ccccc2n1-c1nc2c(c(NCc3ccccc3)n1)COCC2,-8.2,3.6885406488045223,5_345
COC1=CC(=C(N=NC(=N)N)c2ccc(N3CCOCC3)cc2C)CC1,-6.7,3.405353488996096,5_346
CCCCCCCCCCCCCCCCCC(=O)OCCCl,-3.9,1.4671988096939996,5_347
CN(C)CCN1CCN(C(=O)c2ccc(F)cc2Sc2ccc(Cl)cc2)CC1,-6.4,3.69165522316366,5_348
Cc1n[nH]c(SCC(=O)NCc2ccc(F)cc2)nc1=O,-6.5,3.5908293549218033,5_349
Cc1c(C(=O)N2CCC(C(F)(F)F)CC2)cnn1-c1nc(=O)c2sccc2[nH]1,-7.2,3.6899816288210308,5_350
COc1ccc(S(=O)(=O)N(CC(C)C)C[C@@H](O)CNC(=O)C=Cc2ccccc2)cc1,-5.9,3.562774485757748,5_351
Cc1ncc([N+](=O)[O-])n1CCOC(=O)c1ccccc1CSc1nc2ccccc2[nH]1,-7.2,3.2697529535787204,5_352
Cc1c(OC(=N)C(C#N)C2Oc3cc(Br)ccc3C(CC3=CNC=CC=COC3)NC2=O)c(=O)c2ccccc2n1C,-8.8,0.9478906641621299,5_353
COC1=CC2=C3C=CC=C(C=C(Cc4ccc(SC(F)(F)F)cc4)C=C2OC1)O3,-7.6,1.4824975883919875,5_354
CC(C)Cc1ccc(C(C)c2nc3cc(F)c(N4CCNCC4)cc3[nH]2)cc1,-7.5,3.669423014727896,5_355
Cc1cc(C(=O)O)ccc1-n1nc(C)c2c1C(=O)N(c1cc(C)c(=O)n(C)c1)C2c1ccc(Cl)cc1,-8.3,3.6269009382056026,5_356
CN1CCCC2CC2N(C(=O)Cc2cccc3ccccc23)C(c2ccsc2)C1=O,-6.6,1.3752634204250236,5_357
Cc1ccc(NC(=O)CCc2ccccc2)c(C)c1,-6.1,3.454618898184606,5_358
COc1ccc(CC2c3cc(OC)c(OC)cc3CCN2CC(=O)NCc2ccc(F)c(Cl)c2)cc1OC,-6.9,3.5799038000512837,5_359
Cc1nc(-c2ccc(F)cc2)c(CC(=O)N/N=C/c2ccc(OC(F)F)cc2)o1,-6.8,3.664119327801437,5_360
CN(C)c1ccc(/C=C2\CCCCCCCCCCN2c2snc(N)c2/C=N\C#N)cc1,-6.2,1.5572636958574773,5_361
CCCCC/C=C(\c1cc(Cl)cc(Cl)c1)N1CCN(c2cccc(C)c2C)CC1,-6.2,3.3171784340298123,5_362
O=c1oc2ccccc2cc1-c1csc(NN=Cc2c[nH]c3ccccc23)n1,-8.1,3.4142710990801786,5_363
CN(C)c1ccc(/C=C2\N=N/Cc3ccc(Cl)cc3CNC2=S)cc1,-6.7,1.4691321852608334,5_364
C=C(CO)[C@@]12O[C@H]1[C@@]1(C)C(=C[C@@H]2O)C=CC(=O)C1C,-5.3,3.139162219785077,5_365
COC=C1C=CC(CC(=O)Nc2ccc(NC(=O)/C=C/c3ccc(-c4ccc(Cl)c(Cl)c4)o3)cc2C(=O)O)=C1,-5.3,3.2514948996342468,5_366
COc1cccc(NC(=O)c2cc(C)nc3ccccc23)c1,-7.0,3.716410567526186,5_367
COc1ccc(-c2ccc(C(Oc3ccccc3)c3cccc(C(F)(F)F)c3)nn2)cc1OC,-8.0,3.551452688970272,5_368
O=C(NC1CCCCC1)c1ccc(OCc2ccc3ccccc3n2)cc1C(F)(F)F,-7.0,3.6898442729370236,5_369
COc1cccc2c1nc(C(F)F)n2-c1nc(N2CCOCC2)nc(N2CCC(S(=O)(=O)N(C)C)CC2)n1,-7.6,3.249423325800069,5_370
O=C(OC1CN2CCC1CC2)[C@@](O)(c1ccccc1)c1ccc(OCc2ccccc2)cc1C(F)(F)F,-6.7,3.4158808221014034,5_371
COc1ccc(NC(=O)NC2CCN(c3cccc4ccc(F)cc34)CC2)cc1,-7.1,3.706776463825333,5_372
CN(CCc1ccccc1)Cc1cccc(CN(Cc2ccc(-c3ccc(Cl)c(Cl)c3)cc2)Cc2nc(C(=O)O)co2)c1,-5.8,3.1685640849321555,5_373
COc1cccc(Nc2cc(C)nc(N3CCCCC3)n2)c1,-6.3,3.766674861865062,5_374
CCOCCC(=O)NC=C1C=C(NC(=O)Nc2cccc(C)c2)c2ccccc21,-7.0,3.5818893522824946,5_375
Cc1ccc(-c2nc(CCNC(=O)c3cnn(C)c3)cs2)cc1Cl,-6.3,3.7857471084788177,5_376
CC(C)(O)Cc1c(-c2ccc([N+](=O)[O-])cc2)[nH]c2ccccc12,-6.6,3.635452354478616,5_377
C[C@@H]1C[C@H](c2ccccc2O)N(C(=O)C2CC2)C1,-5.5,3.413167166512112,5_378
CCC(C(=O)OCn1cnc2nc(N3CCOCC3)sc2c1=O)c1ccccc1,-6.0,3.5532979057839915,5_380
CC(C)C(NC(=O)OCc1ccccc1)C(=O)N[C@@H](Cc1ccccc1)C(O)[C@H](Cc1ccccc1)NC(=O)C(NC(=O)OCc1ccccc1)C(C)C,-6.3,2.8044238650186015,5_381
COc1ccc(-c2cc(C(F)(F)F)n3nc(-c4ccc(C)cc4)cc3n2)cc1,-7.3,3.64219127899472,5_382
N#Cc1cnc(NC(=O)N2CCCc3cc(CO)c(C=O)nc32)cc1C(F)(F)F,-7.0,3.5778514340208014,5_383
O=C(/C=C/c1ccccc1)N1CCC(NC2C=Cc3cc([N+](=O)[O-])ccc32)CC1,-7.2,3.522487349875824,5_384
N#C[C@H]1CC(N2NCC2C2CCOC2)C(=O)N1C(=O)c1ccon1,-6.3,2.025687231532464,5_385
COc1ccc(-c2cc(=O)c3c(OC)c(OC)c(OC)cc3o2)cc1OC,-6.2,3.692169194121106,5_386
CC(=O)NC[C@H]1CN(c2ccc(N3CCN(c4ccc(C(F)(F)F)cn4)CC3)c(F)c2)C(=O)O1,-7.3,3.566778911104455,5_387
CC1=CCC(C(=O)N=C(C(=O)NCC2CCN(C(C)C)CC2)S(C)=O)OC=C1,-6.4,2.389730384736894,5_388
CCc1ccc(OC(C)C(=O)NCc2ccccn2)cc1,-5.9,3.7113131082219386,5_389
CCOc1ccc(NC(=O)c2nnc(CC(=O)Nc3ccccc3)o2)cc1,-6.9,3.683666520475441,5_390
Cc1cc(-c2cc(O)ccc2Cl)cc2nnc(Nc3cccc(C(=O)Nc4ccccc4C(=O)O)c3)nc12,-8.8,3.1077257177877304,5_391
CC(c1ccccn1)[C@H](O)c1ccc2c(c1)OCCO2,-6.6,3.7321162110263773,5_392
CCC(C)(C)OC=Cc1coc2cc(=O)ccc-2c1C=O,-5.8,3.3617459405296652,5_394
COc1ccc2[nH]cc(-c3cnc4nccc(-c5ccccc5)c4n3)c2c1,-7.6,3.587255489433572,5_395
COc1ccc(C(=O)N2CCN(C(=O)c3c4ccccc4cc4ccccc34)CC2)cc1,-8.1,3.5251096145360457,5_396
COC=CC=C(C)S(=O)(=O)n1ccc(-c2ccc3nc(NC(C)=O)sc3c2)n1,-6.8,3.5467246174761726,5_397
N#Cc1cccc(C(=O)Nc2ccc(Cl)c(C(F)(F)F)c2)c1,-6.6,3.670007093648195,5_398
CC(N)CC(=O)O,-3.3,1.5939041214863225,5_399
COc1ccc(-c2nc3c(=O)[nH]c(C)nc3s2)cc1,-6.5,3.701290904114609,5_400
CCC1CCC(CCCCCCCCCCc2ccc(C(=O)O)cc2)C1(C)C,-5.0,3.054376151727349,5_401
O=C(CSc1nc2c([nH]c3ccccc32)c(=O)n1-c1ccc(F)cc1)NCc1ccc2c(c1)OCO2,-7.3,3.3545995774275155,5_402
COC=C1C=CC(Oc2c(NS(=O)(=O)c3ccc(C(C)(C)C)cc3)ncnc2OCCOc2ccccc2)=C1OC,-6.5,3.2629577375521848,5_403
O=C(NC(=O)c1c(F)cccc1F)OCc1ccc(-c2ccc(Br)cc2)o1,-6.7,3.753585047196818,5_404
CCOC(=O)c1cc(CC)sc1NC(=O)CN(C)Cc1ccco1,-6.3,2.5538324364710263,5_405
O=C(CCCCSc1nc(=O)c2cccnc2[nH]1)NC(Cc1ccccc1)C(=O)Nc1ccccc1,-7.8,3.2453315357873733,5_406
Cc1cc(C(=O)COc2ccc(C#N)cc2)c(C)n1-c1ccccc1F,-5.9,3.6866902832521724,5_407
COc1ccc(CC(=O)NC(=S)Nc2ccc(S(N)(=O)=O)cc2)cc1,-5.6,3.5376677116169275,5_408
CO[C@@H]1[C](c2nc(NC3CC3)sc2N)c2ccccc2N1C(=O)OC(C)(C)C,-6.6,3.6252503003702894,5_409
O=C(Nc1ccc(Oc2ccccc2)cc1)c1cccc(-n2cnnc2)c1,-7.5,3.7254351908007326,5_410
NC(=S)NC(=O)/C=N/c1ccc(Br)cc1,-4.7,3.3836541338043036,5_411
CCn1nc(-c2cccc3ccccc23)cc1-c1nccn1C,-7.2,3.602748260062415,5_412
CC1CCN(C(=O)COC(=O)c2cc(-c3ccc(F)cc3)nc3ccccc23)CC1,-7.9,3.669182221630233,5_413
CCCc1cccc(-c2cc(NC(=O)C3CNC(=O)C3)nn2CCC(C)C)c1,-6.9,3.703516952929097,5_414
C=CC=CC=NC=CC(=O)N1CCCCC1,-5.4,3.162921938883291,5_415
CCn1cc(C(=O)Nc2ccccc2)c(=O)c2cc(S(=O)(=O)N3CCCCCC3)ccc21,-8.1,2.8108313461769905,5_416
O=C(O)C[C@H](Cc1ccccc1)NC(=O)C(Cc1cccnc1)NC(=O)C1C[C@H](O)[C@H](NC(=O)C2CCCN2)[C@H]1c1ccccc1,-8.2,2.939803686228578,5_417
CC1(C(=O)NCCN2CCOCC2)CCc2ccccc2C1=O,-6.6,3.5129936765808676,5_418
O=C(Nc1ccccc1Cl)c1cc2cc(CCl)ccc2oc1=O,-6.8,3.6393588208683294,5_419
N=C(N=c1[nH]cnc2sc3c(c12)CCCCC3)NCc1ccccc1,-7.0,2.510755375354468,5_420
Cc1cc(NC(=S)c2cc(Br)c(Br)[nH]2)ccc1S(=O)(=O)N=C1C=CC(C(=O)O)C1,-6.6,3.48092267710558,5_421
COc1ccc2nccc([C@@H](O)CN3CCC(NC(=O)/C=C/c4cc(F)c(F)c(F)c4)CC3)c2c1,-7.2,3.5799374757919358,5_422
NC(=O)c1cccc(Nc2nccc(-c3ccc(Oc4ccc(F)cc4)cc3)n2)c1,-7.2,3.660576700004591,5_423
CC(C)(N)CC(=O)NC(Cc1ccccc1)C(=O)N1CCCC1C(=O)NC(c1ccccc1)c1ccccc1,-7.4,3.464509330570208,5_424
Cc1cccc(OC(C)C(=O)Nc2cccc(-c3ccc([N+](=O)[O-])o3)c2)c1,-7.5,3.6446283649902984,5_425
O=C(CCCc1ccccc1)N(O)CCC(c1ccc(Cl)c(Cl)c1)P(=O)(O)O,-5.8,3.3945961572810592,5_426
Cc1cnc(C(=O)N(Cc2ccccn2)C[C@H]2CCCO2)s1,-6.0,3.7239408538226466,5_427
CCOC(=O)CN1CCC2(c3ccccc3)CC1Cc1ccc(O)cc12,-6.5,3.609427203913464,5_428
CCCC=C(Cc1ccc(-c2ccccc2-c2nc(=O)o[nH]2)cc1)C(=O)N(c1cc[nH]n1)[C@H]1CC[C@H](OCC(N)=O)CC1,-7.5,3.1295947226118894,5_429
CNc1ccccc1C(=O)NCC1C=CN=CC=CC(=Nc2ccccc2C(=O)O)CC1,-7.3,1.493956225720991,5_430
COc1ccc(CNC2CCN(c3cccc(OC)c3F)C2CO)cc1OC,-5.9,3.7016299648973456,5_431
CCOC(=O)CC1CCN(S(=O)(=O)C[C@H]2CCCN2C(=O)C(C)C)C1,-4.9,2.149925854498182,5_432
CC1CC(C)(C)C1CCC(O)=NO,-4.7,0.39949404839619085,5_433
COc1ccc(C(=O)Nc2cccc(Cl)c2)cc1Nc1nc(-c2cccs2)cc(C(F)(F)F)n1,-7.6,3.5380961701979547,5_434
O=C(Nc1ccccc1C(F)F)C1CCN(c2ccc([N+](=O)[O-])cc2)CC1,-7.0,3.6777107597200764,5_435
CC(C)Oc1cccc(NC(=O)CCc2ccccc2)c1,-6.2,3.641607035036695,5_436
COC=C1C=CC(CCn2c(-c3ccc(F)cc3)nc3ccc(/C=C/c4ccccc4)cc32)=C1,-7.6,3.2820923905842725,5_437
COc1cc(NC(C)CCCN)c2ncccc2c1C,-5.2,3.7015773544773394,5_438
CC1=CC(c2cc(C(=O)Nc3cc(C(F)(F)F)ccc3N3CCNCC3)[nH]n2)CCS1,-7.4,3.5616479932040743,5_439
C[C@]12CC[C@@H]3c4ccc(O)cc4CC[C@H]3[C@@H]1CC[C@@]2(O)c1cn(-c2ccc(Br)cc2)nn1,-7.8,3.430964350145807,5_440
O=C(Nc1nc(-c2ccccc2)cs1)c1cccc(Cl)c1,-7.2,3.7255012551972833,5_441
Cc1nc2c3c(c(C(=O)N4CCCC4)cn2c1C)CCC(c1ccccc1)O3,-7.5,3.5669016861591785,5_442
Cc1ccc(NC(=O)Cc2nc(-c3cc4c5ccc(S(C)(=O)=O)cc5cc(C)c(C)cccn4n3)no2)c(C)c1,-9.0,1.25542768130701,5_443
O=C(CSc1nc2ccc(NC(=O)c3ccc(N4C(=O)C=CC4=O)cc3)cc2s1)c1ccccc1,-6.2,3.3007968188283723,5_444
CC(=O)OC[C@H]1O[C@@H](Sc2ccc([N+](=O)[O-])cc2)[C@H](OC(C)=O)[C@@H](OC(C)=O)[C@@H]1OC(C)=O,-6.0,2.9844029383258204,5_445
CNC(=O)C1=NN(CCCN2CCN(Cc3cc(Br)cc(OC)c3)CC2C)CC=C1C,-6.6,3.5078455951316387,5_446
CC[C@@]1(CC(=O)O)OC[C@@H](CCn2c3ccccc3c3cc4ccccc4nc32)N1C(=O)NCc1cccnc1,-7.5,3.3680073981673897,5_447
O=C(N/N=C\c1ccccc1OC1CCCC1)Nc1ccccc1OC(F)(F)F,-6.2,3.6292663908380423,5_448
C#CC[N+](CC)(CC)CCOc1ccccc1CCC1CCCCC1,-5.5,3.046996719434521,5_449
CC1C=CC(c2nc(-c3ccc(F)c(NC(=O)c4cnc5ccccn45)c3)no2)=CC(N2C[C@@H]3C[C@H]2CO3)=NC1,-8.7,1.4349721809774918,5_450
CCC(=O)Nc1ccc(NC(=O)CSc2nc(=O)c(C(=O)Nc3ccccc3)c[nH]2)cc1,-7.0,3.368006175933771,5_451
CC(=CC=CCl)CCOc1nc2ccccn2c1-c1ccnc(Nc2ccc3c(c2)OCCO3)n1,-7.1,3.4610338938389615,5_452
O=C(CSc1ccc2ccccc2c1)Nc1cccc(C(=O)NCc2ccccc2)c1,-6.7,3.52019613989349,5_453
O=c1[nH]c(O)c(-c2c[nH]c3ccccc23)n2c1cc1ccccc12,-7.5,3.4399965836038993,5_454
CN(C)CCNc1cc(-c2ccnc3cc(-c4ncccn4)ccc23)ccn1,-7.1,3.6995195625864143,5_455
Cc1cccc(C)c1NC(=O)CN(C)C(=O)c1ccc(NC(=O)C2CCCO2)cc1,-7.0,3.7325408394521995,5_456
CCOc1ccccc1S(=O)(=O)N1CCC[C@H]1c1nc(-c2ccccc2Cl)no1,-6.4,3.713191734678227,5_457
COc1ccc(-c2nc3ccccc3[nH]2)cc1[C@@H]1O[C@H](CO)[C@@H](O)[C@H]1O,-7.5,3.548610227792075,5_458
CN1C=Nc2c(sc3ccccc23)N1C,-5.3,3.43928302194211,5_459
Nn1c(SCCCNC(=O)c2cc(-c3ccc(Cl)s3)[nH]n2)nnc1-c1ccc(OC(F)(F)F)cc1,-5.4,3.0746962285981305,5_460
COCN(C)C(=O)C1C=C2c3cccc4[nH]cc(c34)C[C@H]2N(C(=O)c2ccccc2)C1,-8.9,3.6022869841283445,5_461
COc1cc(C(=O)NC2CCN(C)CC2)ccc1Nc1ncc2c(n1)-c1c(nn(C)c1-c1ccccc1Cl)CC2,-7.3,3.3895378306423902,5_462
CC[CH]O[C@@H]1OC(C)(C)[C@@H]2CC/C(=C\1C)[C@H](C)/C=C1/[CH][C@@H](/C=C/[CH]CCCC(=O)OC)[C@@H]1C2[CH]NCC,-5.9,0.682960344335422,5_463
CCc1ccc(OCCn2ccc(=O)n(Cc3ccccc3)c2=[SH]C)cc1,-5.6,3.6359183036359006,5_464
CC(=O)NCCC1C=C(C(=O)NCCc2cccnc2)c2[nH]c(-c3ccc(F)cc3)nc21,-7.4,3.6225183670962853,5_465
CC(C)Oc1ccc2c(c1)-c1nc(N)nc(-c3ccccc3)c1C2,-7.1,3.749273551417607,5_466
CC(Nc1c(Br)ccc(O)c1F)c1ccncc1,-5.6,3.6769514627029047,5_467
CCCCCCCCn1cc(CO[C@H]2O[C@@H]3O[C@@]4(C)CC[C@H]5[C@H](C)CC[C@@H]([C@H]2C)[C@@]35OO4)nn1,-6.5,1.985534161783594,5_468
C=CC(=O)NCCOc1cc(C(=O)Nc2ccc(CN3CCN(C)CC3)c(C(=O)OC)c2)cc(-n2cnc3ccccc32)c1,-7.6,3.1223711395399794,5_469
COc1cc(CC(=O)O)ccc1-c1ccc(F)c2c1CN(C(=O)c1cn(C)nc1CF)CC2,-6.3,3.753498974176546,5_470
C[C@H]1CN(CCc2ccccc2)[C@H](c2ccccc2)C[C@@H]1OC(=O)c1ccccc1,-7.1,3.491803540689652,5_471
O=C(c1cccc(S(=O)(=O)N2CCCCC2)c1)N1CCC(Cc2ccccc2)CC1,-7.1,3.6139676023742853,5_472
C=C1CC2CN(C(=O)c3ccc(F)cc3F)CC1C(c1ccc([N+](=O)[O-])cc1)N2C,-7.3,2.39187036268319,5_473
Cc1ccc(Oc2ccccc2C(=O)O)c(-n2c(C)nc3cnccc32)c1,-6.7,3.7027252918318148,5_474
CNC(=O)NCc1ccc(Br)cc1CNC(=O)CN=C(CCC1CC1)COC,-5.6,3.3972571202053774,5_475
O=C(NCc1ccc(F)cc1)c1ccc2c(=O)n(CC3CCCO3)c(=S)[nH]c2c1,-7.1,3.693794470677499,5_476
NC(Cc1cc(Cl)c(-n2cccn2)c(Br)c1F)C(=O)O,-5.5,3.623850854334194,5_477
CN(C)CCNN=Cc1ccc(Cl)c(NC2CC[S+]([O-])CC2)c1Cl,-5.3,3.3313548056457227,5_478
CCCCN(C(=O)CCC(=O)OCc1ccccc1C(F)(F)F)c1c(N)n(Cc2ccccc2)c(=O)[nH]c1=O,-6.4,3.4134422120630026,5_479
CCOC(=O)Cn1nc(C)cc1NC(=O)C(NC(=O)C(CC(C)C)=NC(=O)CCc1ccc2c(c1)OCO2)C(C)C,-6.3,3.1648351351791026,5_480
Cn1cc(-c2cccc(C(F)(F)F)c2)c2ccc(C(=O)NS(C)(=O)=O)cc21,-7.1,3.779958234066467,5_481
O=c1ccoc2ccc(OCc3ccccc3)cc12,-6.7,3.595416550566304,5_482
Cc1cccc(Oc2cc(Cl)ccc2C(=O)O)c1,-6.1,3.6419256099516364,5_483
COc1cc(Nc2c(C#N)cnc3cc(OC)c(OC)cc23)c(Cl)cc1Cl,-6.4,3.7438093957373817,5_484
O=C(c1cccnc1)N1CCN(Cc2nc3ccccc3n3cccc23)CC1,-7.6,3.6522234392777104,5_485
C=CCn1c(SCC(=O)c2ccc(Br)cc2)nnc1-c1cccc(NC(=O)c2ccccc2Cl)c1,-6.6,3.3049654053488235,5_486
COC=C1C=CC(S(=O)(=O)N(Cc2cc(F)ccc2F)[C@@H](CC(=O)O)c2ccc3c(c2)OCO3)=C1,-6.8,3.501605760053333,5_487
Cc1ccc(Nc2ccc3ccccc3c2)cc1,-6.9,3.2920158814854963,5_488
CC(=O)c1cc(C(=O)c2ccccc2)n(-c2ccccc2)n1,-7.0,3.642975479567488,5_489
O=C(COc1ccc2c3c(c(=O)oc2c1)CCCC3)NC1CCCC1,-7.2,3.657643347390861,5_490
CC(C)n1cc(C(=O)N2CCc3ncc(CN4CCOCC4)n3CC2)cn1,-6.5,2.5642152410163335,5_491
CNc1[nH]c(C)c(C)c(=O)c1C(=O)N[C@H]1CC[C@@H](COC)CC1,-6.0,3.5324910481945784,5_492
Cn1nc(-c2ccc(OC3CCN(C4CCC4)CC3)cc2)nc1NCC(C)(C)C(N)=O,-6.1,3.5167183277958483,5_493
COc1ccc(C2=NN(C(C)=O)C(c3ccc(OC)c(OC)c3)C2)cc1OC,-6.5,3.743149268702995,5_494
COc1ccc(-c2noc(CSc3ccccc3)n2)cc1OC,-6.5,3.670851141899379,5_495
CC=C(C)[C@@H]1[C](C(=O)/C=C/C(=O)C=C2C=C[CH]C2C(=O)OC)C(=O)N[C@H]1Cc1c[nH]c2ccccc12,-6.5,3.3615562511391595,5_496
Cn1c(=O)[nH]c(N2CCC(C3CCCCC3)CC2)c(Cc2ccccc2)c1=O,-6.8,3.6530487314326896,5_497
O=C(Cc1ccccc1)NC1CCN(CC(c2ccccc2)c2ccccc2)CC1,-6.9,3.553341652647891,5_498
CCC(=O)N(CC(C)C)c1c(-c2ccccc2)c(-c2ccccc2)nn(C)c1=O,-5.6,3.710902328552862,5_499
CC(=O)CC1c2ccc(OCCCN3CCN(c4ccccc4Cl)CC3)cc2-c2[nH]c(-c3ccco3)nc21,-6.5,3.381774562585056,5_500
COC(=O)Cc1cccc(NC(=O)c2cnc3ccccn23)c1,-6.8,3.71953933978548,5_501
CCCCCCCCCCCCCCn1nnc(C(=O)Nc2ccc(-c3ccc(OC)cc3)cc2)n1,-5.1,3.3734364882833177,5_502
CC(C)Nc1cc2cc(-c3cccc(CO)c3)ccc2cn1,-7.1,3.6569570952360424,5_503
Cc1ccc(OCCn2[nH]c3ccccc3c2=O)cc1,-6.0,3.701145172503065,5_504
Cc1ccccc1N=C(COc1ccccc1)NNC(=O)Oc1cccc2ccccc12,-8.2,3.4414760689018413,5_505
Cc1cccc(C(=O)Nc2cccc(-c3nc4ccccc4o3)c2)c1,-8.0,3.655767552988253,5_506
COc1ccc(C(=O)Nc2ccc(S(=O)(=O)N(Cc3ccccc3)c3ccco3)cc2)cc1,-6.6,3.646663097798891,5_507
Nc1ccc(C(=O)NS(=O)(=O)c2cccc(Cl)c2)cc1-c1cccnc1,-7.3,3.6899931328984295,5_508
Oc1ccc(-c2csc(-c3cccnc3)n2)cc1O,-6.9,3.626801410287158,5_509
Nc1ncnn2c(C(=O)c3ccccc3)cc(-c3ccccc3Cl)c12,-7.7,3.700790162731412,5_510
C=C/C(=C\C=C/C1CC[C@@]2(C)C1CC2C(C)C(=O)c1ccco1)CCC=C(C)C,-6.6,1.8766415224546837,5_511
CC1=C(F)C(C)C=CC(=NC(=O)CNC(=O)N(Cc2ccc3c(c2)OCO3)C(=O)c2ccccc2)O1,-8.2,2.6476772722223645,5_512
C[C@@H]1CN[C@@H](C)COC(=O)c2cc(NC(=O)Nc3ccc4c(c3)OCO4)ccc2O[C@H]1CN(C)CC1CCCCC1,-6.7,0.802584139028542,5_513
CC(C)=CCc1[nH]c2c(C#N)cc(F)cc2c1C(=O)Cc1c(Cl)cncc1Cl,-7.1,3.6310247789676033,5_514
COCC(=O)N1CCC(c2cncc(-c3ccc(F)cc3)n2)CC1,-6.5,3.7490870556672373,5_515
O=C(c1ccncc1F)N1CCCC1,-4.9,3.3175615863147287,5_516
O=C(NC1CCCCC1)C1CCN(CCC=CC=C2CNC(=O)C2c2ccc(F)cc2)CC1,-7.4,3.35900796904893,5_517
O=C(Nc1ccccc1)c1ccccc1-c1ccccc1,-6.5,3.4610051237642545,5_518
OCCC1CN(Cc2ccccc2)CCN1C1CCCC1,-5.5,3.4397615671428126,5_519
O=S(=O)(c1ccccc1)N(Cc1ccc(Br)cc1F)c1ccccc1/C=C/C(O)=NO,-7.9,3.3468378451955862,5_520
CCOc1cccc(-c2noc(CCCC(=O)NC3CCCC3)n2)c1OC,-6.2,3.6663894208094137,5_521
COc1ccccc1NC(=O)NC(C(=O)NCC(C)(C)C)C1CCCC1,-6.7,3.5493693991775075,5_522
COc1ccc(NC(=O)c2sc3nc4c(cc3c2N)CN(Cc2ccccc2)CC4)cc1,-7.0,3.6524964982449433,5_523
CC(C(=O)Nc1ccc(Cl)c([C@@]2(C(F)F)N=C(N)O[C@@H]3C[C@@H]32)c1)c1ccccn1,-7.2,3.6542733872363224,5_524
CCOC(=O)c1c(C(C)c2ccccc2C(OCC)c2ccccc2OC)[nH]c2ccccc12,-6.5,3.477885394621528,5_525
O=C(c1ccc[nH]1)N1CCN(C(=O)N2CCOCC2)CC1,-6.3,3.42035485855187,5_526
Cc1ccc(C(=NO)NC2CCC2)c(Oc2ccc(C(C)(C)C)cc2)n1,-6.3,3.4523952730632983,5_527
NC(=S)NNC(=O)c1cccc(/C=C2/C(=O)Nc3cccc(Br)c32)c1,-7.4,3.346661273621394,5_528
C[C@@H](C1CC1)N(C(=O)COc1ncnc2sc3c(c12)CCCC3)c1ccccc1,-6.9,3.612019277800411,5_529
CCOCCCNC(=O)c1cc(-c2cccnc2)nc2ccccc12,-6.5,3.7176213335587796,5_530
C=CC(C=NCl)=CC=C[N+](=O)[O-],-4.6,1.6456423623373162,5_531
O=C(O)C(Cc1ccc(OCc2cccc(F)c2)cc1)NC(=O)C1CCC(=O)N1Cc1ccccc1,-6.1,3.595377814392297,5_532
NC(=O)NCC(=O)N1CC[C@H](c2nc(-c3cnc4ccccn34)no2)C1,-7.2,3.5376789118932725,5_533
O=C(c1ccccc1)N1N=C(c2cccc3ccccc23)CC1c1ccccc1Cl,-8.2,3.4298465008252084,5_534
CN(Cc1ccccc1)S(=O)(=O)c1ccc(F)c(C(=O)N2CCCCCC2)c1,-6.4,2.7491644132601674,5_535
CCN(CC)C(=O)CC=NC(=NCl)c1cccc(Cn2nc(-c3cc(F)cc(F)c3)ccc2=O)c1,-6.8,3.5500289754142482,5_536
CCC1=NC(=O)C(C(=O)N2CCN(c3ccccc3F)CC2)=CN=CS1,-6.7,1.667881715323123,5_537
CC1=CC2c3c(c(O)n(NC(=S)Nc4ccc(Cl)cc4)c3O)C1CC2C(C)C,-6.4,3.264748743529161,5_538
CC(Nc1nc(-c2ccc(Cl)cc2)cc(-c2ccccc2Cl)n1)c1ccc2ccccc2c1,-9.1,3.3647297970085486,5_539
CCc1ccc(NC(=O)Cn2c(N3CCCC(C)C3)nc3ccccc32)cc1,-7.9,3.734017713869842,5_540
CCNS(=O)(=O)c1ccc(NC(=O)c2cc(-c3cccc(OC)c3)ncn2)cc1,-7.1,3.677816434169019,5_541
CCOC(=O)c1c(-c2ccccc2)oc2ccc(OCc3ccccc3)cc12,-7.1,3.5271085884024163,5_542
Cc1cc(N2C(=O)c3ccccc3C2=O)ccc1S(=O)(=O)CCN(C)C1CCCO1,-6.9,3.58035369842396,5_543
CC(C)(C)OC(=O)NCCc1c[nH]c2cc(O)ccc12,-5.8,3.64763005591214,5_544
O=C1N=c2ncccc2=C1Cc1cccc([N+](=O)[O-])c1,-6.2,3.519738327403708,5_545
CSC[C@@H](C)CNC(=O)Nc1cc2[nH]nc(-c3ccc(F)cc3)c2cn1,-7.0,3.6812685148738806,5_546
CCS(=O)(=O)Nc1ccc(C2=NN(C(=O)CCCC(=O)O)C(c3ccc(Cl)cc3)C2)cc1,-7.4,3.629552851817901,5_547
O=S(=O)(CCc1cccc(F)c1)c1ncc(-c2ccc(C(F)(F)F)cc2)o1,-6.8,3.677954110754551,5_548
Fc1ccc(C(SCCN2CCCN(c3ncccn3)CC2)c2cccnc2)cc1,-7.5,2.7053584045063017,5_549
NC(CO)C(=O)Nc1ccc(C(=O)NC(CCc2ccccc2)C(O)=NO)cc1,-6.6,3.023511393680547,5_550
O=C(CBr)N1CC[N+]2(CCCC2)CC1,-4.7,2.87535866329729,5_551
COc1cc(Cl)c(CN2CCN(CCC#N)CC2)cn1,-5.0,3.579394918148859,5_552
CC1=CCC([C@@H](c2ccc3c(c2)c2ccccc2n3C)N2CCCCCC2N)=[N+]1[O-],-8.0,2.5796782951696144,5_553
CCC/C1=C\c2cc(OCc3ccc4nc(C(F)(F)F)cc(OC)c4c3)ccc2OCC(CCNC(=O)OC(C)(C)C)C(C(=O)NCC(F)(F)F)C1,-7.4,0.8688072069484774,5_554
C=COC(=CC=COC)NN=C(C=C(F)CC[C@@H](C)NC(=O)C1CNCCN1c1ccc(F)cc1)Sc1ccc(Cl)cc1,-6.6,2.788300907876941,5_555
CS(=O)(=O)c1ccc(C=C2NSC=C2c2ccc(Cl)cc2)cc1,-6.7,3.683479915531475,5_556
CON=C(C(=O)NC1C(=O)N2C(C(=O)O)=C(CSc3nnnn3C)CS[C@H]12)c1csc(N)n1,-6.9,2.6042418142349297,5_557
CN1CCC(CNC(=O)OCc2ccccc2)CC1,-5.8,3.6036353249874167,5_558
Cn1c2ccccc2c2cc(-c3nc(-c4ccc5[nH]ccc5c4)no3)ccc21,-8.3,3.542556971966599,5_559
C[CH][C@H](c1cc(Cl)cc(Cl)c1OC)c1c[nH]c2ccccc12,-5.9,3.538976552512832,5_560
Cc1cc(=O)[nH]c(=O)n1Cc1ccccc1,-5.9,3.59908671230336,5_561
CN1CCCC1C(=O)N1C(NC=O)[CH]CCC[C@@H](Cn2cc(-c3ccc4cc(F)ccc4n3)nn2)[C@H]1Cc1ccc(O)cc1,-7.8,1.4050497337691459,5_562
O=C(NCCCCl)N1CCOCC1,-4.5,3.0753591036704915,5_563
Cc1cc(C)n(-c2nc(NCc3ccccc3)nc3snc(C)c23)n1,-7.6,3.7199843452566697,5_564
CCN(CC)/[N+]([O-])=N\OCOC(=O)C(Cc1ccc(Oc2cccc(C#N)c2)cc1)=NC(=O)c1ccccc1,-6.8,2.967323851929937,5_565
CC1CCN(S(=O)(=O)c2cc(C(=O)Nc3ccc(F)c(Cl)c3)ccc2F)CC1,-7.3,3.7691921247730296,5_566
Cc1cnc(-c2ccc(C(=O)Nc3ccc(-c4cnccn4)cn3)cc2)cn1,-6.7,3.716648092492912,5_567
NC1CCN(C(=O)c2ccc3ccccc3c2)CC1,-6.7,3.5535927545402473,5_568
CC[C@@H](c1ccccc1)c1c(OC)cc(C)c2c1OC(C)(C)C=C2,-6.1,3.471290290219227,5_569
NS(=O)(=O)c1ccc(NC(=O)c2ccc(NC(=O)CCl)cc2)cc1,-6.5,3.5017914569503787,5_570
N=C(Cc1cc(CP(=O)(O)O)cc(-c2ccccc2)c1)NC=O,-7.2,3.2530868974707077,5_571
N=CC1=CC(CCC(=Nc2ccc(S(=O)(=O)Nc3nnc(S(N)(=O)=O)s3)cc2)Nc2ncccn2)=CC1,-7.4,2.9441092398004094,5_572
CC(C)(Cc1ccc(O)cc1)NC(=O)c1cccnc1Oc1ccc(Nc2ccccn2)cc1,-6.7,3.4920666012821164,5_573
O=C1NCN(c2ccccc2)C12CCN(Cc1ccccc1)CC2,-7.4,3.5936271018445103,5_574
CC(C)(C)n1cc(-c2ccnc3[nH]c(-c4cccnc4)cc23)cn1,-7.3,3.695360553327987,5_575
C[C@H](Nc1ccc(C(F)(F)F)cn1)c1ccc2c(c1)C(C)(C)CCC1=C2COC1,-7.3,2.5950830942391745,5_576
Cc1cc(C2C(=O)CC2=NC2=CC(=CC(C)C)C=CO2)ccc1F,-7.2,3.514998849329555,5_577
CC(C)(C)CC(C)(C)Nc1c(-c2ccccc2OC(=O)c2ccc(Cl)cc2Cl)nc2ccccn12,-7.3,3.4183053549610998,5_578
COC(=O)NC(C(=O)NN(CC[C@@]1(Cc2ccccc2)C(=O)N([C@H]2c3ccccc3C[C@H]2O)C[C@@H]1O)Cc1ccc(Br)cc1)C(C)(C)C,-7.6,3.009103667934804,5_579
COc1cc(OC)c(C(=O)O[C@@H]2CNc3ncccc32)cc1OC,-6.1,3.681666353230773,5_580
OC(CC1CCCCN1)c1cc(-c2ccccc2)nc2c1c(F)cn2-c1ccc(Br)cc1,-7.8,3.5853116235594955,5_581
CS(=O)(=O)Nc1ccc(CNC(=O)C(c2ccc(C(F)(F)F)cc2)c2ccc3ccc(Cl)nc3c2)cc1,-7.6,3.48835832292528,5_582
c1ccc(COCc2cn([C@H]3CC[C@H]4CCCN4CC3)nn2)cc1,-5.9,2.633745133784844,5_583
N#Cc1c(NC(=O)c2ccco2)[n+]([O-])c2ccc(C(F)(F)F)cc2[n+]1[O-],-7.7,3.5135069005417985,5_584
C[C]1C2C[C@@H]3c4ccc(O)cc4CC[C@H]3[C@@H]1C[C@H](CCCOc1cc(C(F)(F)F)cc(C(F)(F)F)c1)[C@@H]2O,-8.0,3.1906614946259046,5_585
CC(NC(=O)c1cc2ccccc2cn1)c1ccccc1,-6.7,3.628189848801921,5_586
CC(C(O)=NO)N(Cc1ccccc1[N+](=O)[O-])S(=O)(=O)c1ccc(Cl)cc1,-5.9,3.1597346766649737,5_587
Cc1cc(O)cc(-c2cc(-c3ccccc3)nc(N)c2C#N)c1,-7.5,3.686227574280082,5_588
CC(C)CC(NC(=O)C(CC(=O)O)NC(=O)CN1CCN(c2ccc(-c3ccccc3)cc2)CC1)C(=O)NC(CC(=O)O)C(=O)O,-5.9,2.896306954294561,5_589
COc1ccc(-c2nonc2NC(=O)c2oc3ccc(C)cc3c2C)cc1O,-8.2,3.6311785199437363,5_590
Cc1ccccc1Cn1ccc(COC[C@H]2CC[C@H]2C2CCC2)n1,-5.8,3.4792608858132676,5_591
CCOc1cc(CCN)cc(OCC)c1OCC,-4.9,3.5741698858294875,5_592
CC(O)(CS(=O)(=O)c1ccc(Br)cc1)C(=O)Nc1ccc([N+](=O)[O-])cc1C(F)(F)F,-6.7,3.4578698668609533,5_593
Cc1cc(C)c(C)c(OC(=O)CSCc2ccc(F)cc2)c1C,-5.7,3.5535219417540134,5_594
CC(C)C(ON=C(C(=O)NC1C(=O)N(OS(=O)(=O)O)C1(C)C)c1csc(N)n1)[C@@H]1CCCN1C(=O)OC(C)(C)C,-6.1,1.4466695630348445,5_595
O=CN1CCCC1C(=O)NCc1ccccc1,-5.3,3.4518212616124133,5_596
C=CCCC(C(=O)O)[C@H]1CC[C@H]2C3=CC[C@H]4[C@@H](C)[C@@H](O[C@@H]5C[C@@H](NC(C)=O)CC[C@@H]5O)CC[C@]4(C)[C@H]3CC[C@]12CC(C)C,-6.4,2.6827734256029587,5_597
COC(=O)c1cccc(NC(=O)c2cn(CCO)c3c(cc(O)c4nnccc43)c2=O)c1,-7.4,3.290875384021012,5_598
COc1cn2c(cc1=O)CCc1ccccc1-2,-5.6,3.488827262677291,5_599
O=C(CCc1ccc(O)c2oc(-c3ccc(O)c(O)c3)cc12)N=C(Cc1ccccc1)C(=O)O,-7.3,3.294100652952996,5_600
NS(=O)(=O)c1ccccc1-c1ccc(NC(=O)C(Cc2ccccc2)NC(=O)c2ccco2)c(Cl)c1,-7.8,3.4394509318911792,5_601
Nc1nc(-c2ccccc2N)c(Br)c(=O)[nH]1,-5.5,3.4081923394767335,5_602
CC1[CH]C[C@H](C2(C3C(=O)C(=O)c4ccccc4C3=O)CCC2)C(C)(C)C1,-7.2,3.197023846607896,5_603
C[SH]1(=O)NC(C(=O)Nc2ccnn2C2CCCC2)C(=O)c2cc(Cl)ccc21,-7.3,3.432638626211855,5_604
Cc1c(C(=O)c2cccc3ccccc23)c2ccccc2n1CCN1CCOCC1,-7.0,3.5344967503690645,5_605
Cc1cc(O)c(C(=O)/C=C/c2ccc(Cl)cc2)c2c1CC[C@@H](C)O2,-6.7,3.5929459753052813,5_606
O=C(CCc1cnc(-c2ccccc2)nc1NCCc1c[nH]cn1)c1ccccc1F,-7.6,3.556912078409452,5_607
CS(=O)(=O)c1ccc([C@H](CC2CCOCC2)NC(=O)NC[C@H]2CCCN2)cc1,-6.8,3.4105287356888185,5_608
O=C(C=Cc1ccc(O)cc1)c1ccc(NS(=O)(=O)c2ccc(O)cc2)cc1,-7.4,3.5757497912496117,5_609
CCN(CCNc1c2ccccc2nc2ccc(OC)cc12)C(=O)Cc1c(-c2ccc(C(F)(F)F)cc2)noc1C1CC1,-7.7,3.237660273466732,5_610
Cc1cccc2c(N3CCN(C)CC3)nc(Nc3ccccc3C(=O)O)nc12,-6.8,3.7509427221771077,5_611
O=C(O)c1ccccc1NS(=O)(=O)c1ccc(-c2ccc(Cl)c(Cl)c2)cc1,-6.7,3.7034207767346023,5_612
O=C(Nc1ccc(Cn2ccnc2)cc1)c1[nH]nc2c1CCC2,-6.4,3.729281378685786,5_613
COc1cccc2c(O)c3c(c(O)c12)C(=O)C1=C(C[C@@](O)(C(C)=O)C[C@@H]1OC1CC(NC(=O)C2CC(C)(C)C([N+](=O)[O-])CO2)C(O)C(C)O1)C3=O,-8.0,2.3955602624377645,5_614
COC=CC=CCC(=O)CNCCN(CC=N)C(=O)C(CCC(=O)O)NC(=O)c1cc(OCC(=O)N2CCCC2C(=O)NC2CCC2)n(-c2ccccc2)n1,-6.5,2.3491075419008003,5_615
c1ccc(CNc2ncnc3c2ncn3C/C(=N\C2CCCCC2)c2ccccc2)cc1,-7.8,3.5947585935268878,5_616
CCNC(=O)Nc1nc2cc(C(N)=O)ccc2[nH]1,-6.4,3.3698830241913718,5_617
CO[CH]C[C@@H]([CH]OC(C)=O)O[C@H]1CC[C@@]2(C)[C@H](CC[C@@H]3[C@@H]2CC[C@]2(C)C(C(=O)CO)CC[C@]32O)C1C,-5.9,2.960620864008156,5_618
O=C(N/N=C/c1cn(-c2ccc(F)cc2)nc1-c1cccs1)c1ccccc1,-7.7,3.6436552267355395,5_619
CS1=C(C2=CC=CC2)C=CC1=NNc1cc(S(=O)(=O)O)c2ccccc2c1N,-7.3,3.27970865671382,5_620
Cc1ccc(Cn2c([C@@H](N)CC(C)C)nc3cc(C(F)(F)F)ccc32)cc1,-6.8,3.7090389469260665,5_621
O=C(N/N=C/c1ccc([N+](=O)[O-])cc1)c1ccco1,-5.8,3.486758670102793,5_622
[C]C1CCCCNC(=O)CCC2[CH][C@@](O)(C(=O)O)CCC[C@]12C,-6.3,0.9054659784200991,5_623
COC(=O)C(C)NP(=O)(OC[C@@H]1C=C[C@H](n2cnc3c(NC4CC4)nc(N)nc32)C1)Oc1ccccc1,-6.9,2.969270462399929,5_624
CC(=O)N(Cc1ccc(Cl)cc1)c1ccc(C(=O)NC(C)c2ccccc2)cc1,-6.3,3.653129289058331,5_625
Cc1nnc(COc2ccccc2)n1/N=C/c1ccccn1,-6.7,3.6574815176781286,5_626
Cc1nocc1C(=O)NCC(=O)Nc1ccc(Br)cc1,-6.1,3.692745565140927,5_627
CCN(Cc1c[nH]cn1)c1ccc(Cl)c(Cl)c1,-5.2,3.6251617452838722,5_628
O=c1[nH]c2ccc(NS(=O)(=O)c3ccc(OCc4ccc5ccccc5n4)cc3)cc2[nH]1,-7.6,3.453567442514146,5_629
CS(=O)(=O)c1cccc(NC(=O)Nc2ccc3nc(-c4ccco4)c(-c4ccco4)nc3c2)c1,-7.8,3.428959147267191,5_630
C=CCC(CC(=O)N[C@H](CO)Cc1ccccc1)C(=O)NCCOC(=O)C(CC=C)Cc1ccc(Cl)c(Cl)c1,-5.3,3.177546734509761,5_631
C=CC(=O)Nc1cc2c(Cc3cccc(Cl)c3F)ncnc2cc1O[C@H]1CCOC1,-7.4,3.722485706802666,5_632
O=C1/C(=C/c2ccc(Cl)cc2Cl)N=C2SCCCN12,-5.9,3.3888534569715385,5_633
CN1C(=O)N(c2ccc(C(C)(C)C#N)cc2)C2=C(C(=O)CC2)C1c1ccc(C#N)cc1C=C1CCOCC1,-7.0,3.3890177770827057,5_635
COC=C1C=C(S(=O)(=O)N(CC(C)C)C[C@@H](O)[C@H](Cc2ccccc2)NC(=O)O[C@H]2CCOC2)C=N1,-5.8,3.197254321547411,5_636
O=C(NCc1ccc(Cl)cc1)c1ccc(CNc2nc(NCCN3CCOCC3)nc(NCc3ccccc3F)n2)cc1,-7.0,3.075438551553269,5_637
O=C(O)c1ccc(NCc2ccc(-c3ccsc3)cc2)cc1Cl,-6.3,3.687546454966704,5_638
CC(C)(C)c1ccc(-c2cc3ccccc3c(=O)n2CCCO)cc1,-6.5,3.72027674712513,5_639
CCOc1ccccc1Nc1nc(=O)c(SC)c[nH]1,-5.7,3.6671557915548894,5_640
FC(F)(F)c1ccc(Nc2nc(NCCCN3CCOCC3)c3cc[nH]c3n2)cc1,-7.6,3.578210695001985,5_641
CC(=O)Oc1ccc(C(=O)Nc2ccc(Cl)c([N+](=O)[O-])c2)cc1,-6.8,3.450665648089027,5_642
Cc1ncncc1C(=O)N1CCC=C(F)C1,-5.1,3.4364874593949812,5_643
CN(C(=O)CSc1n[nH]c(C2=CC=C(C(C)(C)C)CC=N2)n1)C1CCS(=O)(=O)C1,-6.2,2.4624226099953406,5_644
NC(=O)c1ccccc1NC(=O)CSc1nnnn1C1CCCCC1,-6.2,3.556333391346595,5_645
CCc1ncnc(-c2cc(F)c(C(=O)N(C)C3CCN(CC)CC3)c(Cl)c2)c1C#Cc1ccc(NC)nc1,-7.2,3.6063123033942164,5_646
COc1ccc(C(=O)Nc2sc3ccccc3c2N2CCN(C)CC2)c(OC)c1,-7.1,3.7908242899342337,5_647
Fc1cc(-c2nsc3ncc(Br)cc23)ccc1Cl,-6.4,3.5730461905877386,5_648
CCC(C)Cc1[nH]c2ccccc2c(=O)c1C(=O)O,-6.5,3.632885019651737,5_649
CCOc1ccccc1N1CN(Cc2ccco2)CNC1=S,-5.7,3.7209617941478124,5_650
COc1cc(OC)cc(C(NC(C)=O)C(=O)Nc2nc3ccc([N+](=O)[O-])cc3s2)c1,-7.1,3.4570820687701422,5_651
O=C(Oc1ccc([N+](=O)[O-])cc1)c1ccccc1SCc1ccccc1,-6.6,3.2954409200103187,5_652
O=C(O)CCCCCCCn1nc(-c2ccccc2)c(-c2ccccc2)c1-c1ccccc1,-6.4,3.3851268655376856,5_653
O=C(Cc1ccc(F)cc1)Nc1nc(Cc2c(Cl)cccc2Cl)no1,-7.5,3.7896404463616022,5_654
COC=CC=CC(=O)Cc1ccc(-c2c(O)cc(O)c3c(=O)cc(-c4ccc(O)cc4)oc23)cc1OC,-6.1,3.1838637737700934,5_655
CC=C1C=CC(S(=O)(=O)N(CC(=O)Nc2ccc3c(c2)OCO3)c2cccc3ccccc23)=C1,-8.1,3.639264196426518,5_656
CN1C=CC=C(/N=N/c2c(-c3cn(-c4ccccc4)nc3-c3cccs3)sc3ccccc23)C1,-8.2,3.3111963746706135,5_657
Cc1ccc(CC(=O)Nc2nc(-c3ccccn3)cs2)cc1,-6.7,3.7851625814030054,5_658
CC1CCC(C(=O)NC(C(=O)NCc2ccc(F)cc2)C(C)C)CC1,-6.7,3.583803251534367,5_659
CCc1nc2c(OCC(=O)C(C)(C)C)cccn2c1N(C)C(=O)c1ccco1,-6.2,3.7330734266150394,5_660
CC(=O)NCCCNS(=O)(=O)c1ccccc1-c1ccc(-c2cnc(N)cn2)c(F)c1,-7.2,3.481626613894082,5_661
C[C]1C(=O)C(=O)CC2CC(C)(C)[C@@](O)(C[C@@H]2OC(=O)C(O)c2ccc(OC(F)(F)F)cc2)[C@@H](OC(=O)c2ccccc2)[CH][C@]2(OC(C)=O)CO[C@@H]2C[C@@H]1O,-7.4,1.1412199348354037,5_662
NC(=O)c1ccc(CNC2(c3ccccc3)CCOCC2)cc1,-7.0,3.705424899926448,5_663
Cc1noc(C2(N3CCNC4(CCC=NN4)C3=O)CCC2C)n1,-6.4,3.23604727886036,5_664
COc1ccccc1C(=O)c1cnc(NCCCN2C(=O)c3ccccc3C2=O)nc1N,-6.1,3.3744481187951365,5_665
O=C(c1cccs1)N1CCC2(CC1)C(=O)Nc1ccccc12,-7.3,3.5965444816139014,5_666
N#Cc1ccc(/C=C/c2nc3ccccc3c(=O)n2-c2ccc(O)c(O)c2)cc1,-7.5,3.6045670809758312,5_667
COC=C/C=N/CCCCCBr,-3.6,1.5887864995757823,5_668
Nc1ccc(NC(=O)Oc2cccc(-c3cccc(O)c3)c2)cc1,-7.5,3.6129610691741485,5_669
CN(C)CC(O)COc1cncc(Nc2nccc(-c3c(-c4cccc(NC(=O)Cc5ccccc5)c4)nc4ccccn34)n2)c1,-7.5,2.9940239311179067,5_670
O=C(NCCCN1CCN(c2ccccc2)CC1)c1coc2ccccc12,-6.6,3.7033277878841306,5_672
CC1=CC(C)=NC(=O)CC1CNC(=O)c1cc(-c2ccc(CN(C)C)nc2)cc(N(C)C2CCNCC2)c1,-7.9,2.5473746319779056,5_673
CCC(=O)N(CCN1CCN(c2ccc(OC)cc2)CC1)c1ccc(C)cc1,-6.3,3.6705785933506503,5_674
Cc1cc([O-])cc(C)c1Oc1nc(Nc2ccc(C#N)c(F)c2)nc2c1CCC(=O)N2,-8.6,3.636764571008028,5_675
COc1ccc2ccccc2c1-c1ccc(C(=O)NC(CC(C)C)C(=O)O)cc1,-6.4,3.6773976137153594,5_676
O=C(O)CC1=NC(NC2CCC2)=NC1=NS(=O)(=O)c1ccc(NN=C(c2ccc(O)cc2)c2ccc(F)cc2)cc1,-7.4,3.037739861584157,5_677
CN(C)/[N+]([O-])=N/Oc1cc(OP(=O)(O)Oc2ccc(N)cc2)c([N+](=O)[O-])cc1OC(=O)c1ccco1,-6.9,2.7754695128519327,5_678
CCN1N=NC([C@@H]2[CH][C@@H](O)[C@H](n3cnc4c(N)nc(C#Cc5cccc(C(F)(F)F)c5)nc43)O2)ON1,-7.7,3.1451617359892277,5_679
CSCCC(NC(=O)c1ccc(CN=C(N)N)cc1)C(=O)N1CCCC1C(=O)NC(CC(N)=O)C(=O)NC(c1ccccc1)c1ccccc1,-5.8,2.788754161531266,5_680
COP(C)(=O)NCCNc1nonc1C(=NO)Nc1ccc(F)c(Br)c1,-6.1,2.9194837239721094,5_681
CS(=O)(=O)N1CC2(CCN(C(=O)c3cc(C4=C=CN=C4)on3)CC2)C1,-6.4,3.2829001301912193,5_682
O=C1Nc2ccc(Br)cc2C1=Nc1ccc(-c2nnc(CO)o2)cc1,-7.3,3.7055118140446477,5_683
O=c1[nH]c(Cc2ccccc2)nc2cnccc12,-6.1,3.641031592214951,5_684
CCC1[CH][C@@H](SC(C)=O)CC2[CH]c3[nH]c4ccccc4c3C[C@@H]12,-6.7,3.5028287568806484,5_685
COc1ccc(C2CC(c3ccccc3)=NN2C(=O)COC(=O)c2cccc(N(C)C)c2)cc1,-7.5,3.6183677047560097,5_686
O=c1oc2ccc(Cl)cc2n1C/C=C/c1cccc(-n2ccnc2)c1,-7.0,3.69435495483983,5_687
CC=C1C=C(C(COC(c2ccccc2)(c2ccccc2)c2ccccc2)NN=[N+]=[N+](C)[O-])C1,-6.9,3.2082543688076033,5_688
COc1cccc(N2CCC(NC(c3ccccc3)c3ccc(Cl)cc3)CC2)c1,-7.7,3.6150904977876603,5_689
CCCN(CCc1ccccc1)C(=O)C1C=C(c2ccccc2Cl)c2cc(F)ccc2N(C)C1,-7.2,2.4723859473348084,5_690
COc1cc(OC)cc(N2CCN(C(=O)c3ccccc3F)C(C)C2=O)c1,-6.5,3.740824513806737,5_691
O=C(Cc1c(Cl)cccc1Cl)Nc1sc2c(c1C(=O)O)CCN(Cc1cnc3ccccn13)C2,-6.8,3.5943056199682664,5_692
CCOC(=O)c1sc(NC(=O)C(C)C)cc1-c1ccccc1,-6.2,3.728413898386644,5_693
CCN1CCCN(c2nccnc2C2CN(c3ccc4ccccc4n3)C2)CC1,-6.9,2.6486251365503723,5_694
CC/C=C\CO[C@]1(c2ccc(Br)cc2)SC=C(C)n2c1noc2=O,-6.5,3.656788796223771,5_695
CC(C)(C)c1ccc(CC2CNC(=S)N2)cc1,-5.6,3.293281179488795,5_696
CC(=O)N1N=C(c2ccco2)CC1C=Cc1cnc2ccccc2c1,-7.0,3.729988797710232,5_697
C=C[C@@](C)(C=Cc1ccc(O)c(/C=C(\C)CCCCCC)c1)CCC=C(C)C,-5.3,2.815574913762286,5_698
COC(=O)[C@](C)(Cc1ccc2ccccc2c1)N1C[C@@H](CN(CCCn2ccnc2)C(=O)NCC(F)(F)F)O[C@@H](C)C1,-6.5,3.4431591517838287,5_699
O=C(O)CCCCCc1csc(-c2ccc(C(=O)O)cc2)c1,-5.7,3.6309515790945053,5_700
CCC(=NC(=O)CCc1ccc(OC2CC2)c(Cl)c1)C(=O)SCC#N,-5.0,3.5812187491842753,5_701
CCNc1c(-c2ccc(C(F)(F)F)nc2)nc2ccc(Cl)cn12,-6.5,3.732071049875684,5_702
O=C(O)C1(Cc2ccc(F)cc2F)CCCN(Cc2ccc(Cl)cc2)C1,-6.4,3.6904510930771663,5_703
CCc1ccc(OCC(=O)Nc2cccc(Cl)c2)cc1,-6.1,3.670191237107673,5_704
Nc1ncnc2c1ncn2C(CNC(=O)C(=O)N1CCOCC1)c1ccccc1,-7.5,3.446386024132805,5_705
COc1cccc2c1CCC/C2=C\CCN1CCN(C2CCCCC2)CC1,-6.8,3.227517377492691,5_706
O=C(Cc1c[nH]c2ccccc12)N[C@@H](CS)Cc1c[nH]c2ccccc12,-6.8,3.404996091840027,5_707
Nc1ccc2ccc(N)nc2n1,-5.2,3.3732096386686985,5_708
O=C(Nc1ccc(C2=CCN(C(=O)c3cccnc3)CC2)cc1)N1Cc2ccncc2C1,-7.0,3.6817307034635576,5_709
Cn1c2ccccc2c(=Nc2cccc(C(F)(F)F)c2)c2c3ccccc3[nH]c21,-8.3,3.3965794460722325,5_710
NCc1ccc(CN=CCc2ccccc2Br)cc1,-5.9,3.5989375026659287,5_711
O=C(Nc1ccccc1C(F)(F)F)NS(=O)(=O)c1ccc(Oc2ccccc2)cc1,-8.0,3.710783608346923,5_712
CC(=O)C1=C(c2ccc(Cl)cc2)N(C(C)=O)n2c(nnc2C2CCCCC2)S1,-6.6,3.6244187798535283,5_713
Cc1ccc(N(Cc2ccc(C(C)(C)C)cc2)C(=O)c2cccnc2)cc1,-7.3,3.53243494285027,5_714
COc1ccccc1C(=O)Nc1ccc2c(c1)C(=O)N(C)C[C@H](OC)[C@H](C)CN(Cc1cc(F)ccc1F)[C@H](C)CO2,-7.3,1.6268055520999622,5_715
CC(C)c1csc(-c2cccnc2)n1,-4.8,3.5045968468627375,5_716
CNC(=O)C=CC=C1C=C1S(=O)(=O)NCCOc1cccc(-c2ccc(CNCCc3cc(F)cc(-c4cnn(C)c4)c3)cc2)c1,-6.8,3.0608323212870663,5_717
CC[C@H](C)N(Cc1nc(=O)c2cnn(C)c2[nH]1)C(C)C,-5.8,3.687942505044828,5_718
O=C1CC(Cc2ccccc2)C(=O)N(c2ccccc2)N1CC(O)CN1CCC2(CC1)Cc1ccccc1CO2,-7.4,3.4172295096731835,5_719
Cc1ccc(OCC(=O)Nc2ccc(S(=O)(=O)Nc3ccc(Cl)cc3Cl)cc2)cc1C,-6.9,3.66522563499231,5_720
O=CN=CNC(=O)CSc1ccccc1,-5.3,3.2418817969294573,5_721
COC=c1cc2c(cc1OCc1nc3ccccc3n3cccc13)=CC=C(C(C)C(=O)OC)C=C2,-6.8,2.5760586991070564,5_723
CC(C)(C)c1ccc(-n2c(CCCO)nc3cc(S(C)(=O)=O)ccc32)cc1,-6.2,3.7788062116047323,5_724
N=C(N)Nc1ccc(-c2ccc(-c3ccccc3)o2)cc1,-7.0,3.47549278564541,5_725
c1cncc(Nc2ccc3[nH]nc(-c4cc(N5CCOCC5)ncn4)c3c2)c1,-7.25,3.646908505343508,5_726
CSc1ccc(C=C2C(C)=C(CC(=O)NCc3ccc(C(=O)O)cc3)c3cc(F)ccc32)cc1,-7.6,3.5265343365329143,5_727
O=C(O)c1cc(-n2c(-c3ccccc3)cc3c4ccccc4ccc32)ccc1O,-7.7,3.477389337651709,5_728
COc1ccc(C(C(=O)NC2CCCCC2)N(Cc2cccnc2)C(=O)c2s[nH]c(=O)c2C#N)cc1,-6.7,3.54368699614122,5_729
O=C(NNS(=O)(=O)c1ccc(F)cc1F)c1ccc(NC(=O)C2CCCCC2)cc1,-7.3,3.5939535867926025,5_730
COc1cc2c(cc1OC)Sc1ncnc(Nc3cccnc3OCc3ccccc3C#N)c1C2,-7.3,3.4524704127634225,5_731
NCC(=O)NCC(=O)NCc1cccc(-c2cc(NC(=O)C3CNC(=O)C3)nn2-c2ccccc2)c1,-8.0,3.16903955253813,5_732
CCOC(=O)C1C(CN2CCN(C(=O)c3ccco3)CC2)=NC(=O)NC1c1ccc(OC)cc1,-6.5,3.504698489943104,5_733
O=C(CCCn1c(=O)[nH]c2cc(Cl)ccc2c1=O)NCC1CCCO1,-6.5,3.682339819549995,5_734
O=C(c1cccc(-n2cccn2)c1)N1CCC(N(Cc2ccc(F)cc2)C(=O)c2ccncc2)CC1,-7.3,3.6198237201050025,5_735
CCc1c(Sc2cc(Cl)cc(Cl)c2)n(OC)c(=O)[nH]c1=O,-5.4,3.6868109194222454,5_736
Cc1ccc([C@H]2Oc3ccccc3C(=O)C2NC(=O)C(Cl)CCl)cc1,-6.6,3.743872400981151,5_737
COc1ccc(C(=O)Nc2cccc(-c3nc4ncccc4o3)c2)cc1,-6.9,3.731879448792411,5_738
Cn1c(=O)n(CC2CN(Cc3ccoc3)CCO2)c2ccccc21,-6.6,3.708333270964201,5_739
NCCC[C@H](N)CN[CH]Cc1ccc(OCCO)cc1,-4.5,3.274087226938609,5_740
C=C(C=C1N(C(=O)C2(OC)C=COC2)CCC1(CCN1CCC(C(=O)c2nc3ccccc3n2Cc2ccccn2)CC1)c1ccccc1)OC,-6.3,2.8421953451478994,5_741
O=S(=O)(CC(F)(F)F)N1CCC(Oc2cccnc2)CC1,-6.1,3.5299050439919126,5_742
CCc1nnc(NC(=O)c2ccc3cc4n(c3c2)CC(C)(C)NC4=O)s1,-7.2,3.725077912205248,5_743
COc1ccc2c3c(ccc2c1)OCC(CN1CCN(C)CC1)C3,-6.1,3.570674969063984,5_744
COc1ccc(/C=C/C(=O)c2ccc(OCC(=O)Nc3ccccc3N3CCOCC3)cc2)cc1OC,-6.5,3.4825089772578197,5_745
N=C(Cc1c[nH]c2ccc(Br)cc12)C(=O)NCCSSCCNC(=O)OC(Cc1c[nH]c2cc(I)ccc12)=NO,-6.1,2.503344594082738,5_746
COC(=O)c1c(NC(=O)/C=C/c2ccc([N+](=O)[O-])cc2)sc(C)c1C,-6.2,3.4833289116646355,5_747
CCC=CC=CCNS(=O)(=O)c1ccc2[nH]cc(C(N)=O)c(=O)c2c1,-6.0,3.534064742607918,5_748
CC(C)C(NC(=O)NC(CCNC(=O)C(F)(F)F)C(=O)N[C@H](C)C[C@H]1CC[CH]N1C)C(=O)O,-6.8,1.8301303707715078,5_749
CNC(=O)c1cc2cnc(Nc3ccc(C(=O)N4CCN(C)CC4)cn3)nc2n1C1CCCC1,-7.3,3.5085122956350467,5_750
C/C=C\C(=O)Nc1cc2c(Nc3cccc(CC)c3)ncnc2cc1OC,-7.1,3.6740192817268644,5_751
O=C(Nc1cccc(Nc2ccc3c(c2)CCCCC3=O)c1)c1cccc(F)c1,-7.9,2.64361359815648,5_752
CCN(Cc1noc(C)n1)C(=O)c1cc(OC2CCCC2)c(Cl)cc1C,-6.6,3.7223261049591856,5_753
c1ccc2c(c1)CCN2CCCNCCNCCCNCc1ccc2[nH]c3ccccc3c2c1,-6.1,3.26538850376435,5_754
COC1=C(N2CCN(C)CC2)C(F)=CCC(=O)C(C(=O)OCC(=O)NC(C)c2c[nH]c3c(F)cccc23)C=NC1,-7.3,1.1563879602154534,5_755
C[N+](C)(Cc1ccc(CCCF)cc1)Cc1cccc(OCc2cc(-c3ccsc3)cs2)c1,-5.7,3.197515221361546,5_756
Cc1ccc(O)c(C(=O)NCCc2ccc(O)c(O)c2)c1,-6.9,3.5132438098661947,5_757
COc1ccc(-c2nc(N)ncc2-c2ccc(CN3CCNCC3)cc2)c(Cl)c1,-7.4,3.749630777271017,5_758
CO[C@@H]1[C@H](Oc2ncnc(NNC(=O)Nc3ccccc3)c2C(=O)c2ccccc2C)OC1(C)C,-6.8,3.380417403745067,5_759
CC(=O)Nc1cc(N2C[C@@H](CO)[C@H](CN3CCCCC3)C2)ccc1C#N,-6.6,3.5448119987031,5_760
Cn1c(NN=Cc2ccc(Cl)cc2Cl)nc(=O)n(C)c1=O,-6.6,3.5293566296839973,5_761
O=c1c2ccccc2c(Sc2ccc(Cl)cc2)nn1Cc1ccc(F)cc1,-7.3,3.611011357278154,5_762
CCN(CC)CCNc1cc(N)nc(SCc2ccc(I)cc2OC)n1,-5.7,3.4305595629470247,5_763
Cc1c(SCc2ccccc2)n(COCCO)c(=O)[nH]c1=O,-5.7,3.480930976601722,5_764
CC[C@@H](N[C@@H](C)CC(N)=O)c1ccc(OC)c(C(=O)c2ccc(N)cc2)c1F,-5.8,3.520413392651778,5_765
O=c1[nH]c(O)cs1,-4.0,1.8716771806326795,5_766
Nc1nc2c(cc1I)C(=O)NCC2CNCc1ccc(F)c(C(=O)O)c1,-7.2,3.4348406860068392,5_767
NC(Cc1c[nH]c2ccccc12)C(=O)NNC(=O)c1ccccc1,-6.5,3.5007205811489905,5_768
CC(C)c1ccc2c(c1)CC[C@H]1[C@](C)(COC(=O)C(C)c3ccccc3)CCC[C@]21C,-6.6,3.239205526415285,5_769
N#Cc1cccc(CN2CCN(c3ccc(Cl)cc3)CC2)c1,-5.9,3.6514498942464737,5_770
CCCCCCCc1ccc2nc3ccccc3c(NCc3nc4ccccc4[nH]3)c2c1,-6.4,3.2361790564096085,5_771
Cc1ccccc(=O)c(C(=O)NC2CCCCC2)n[nH]c1,-6.0,1.4493880354544944,5_772
Cc1cc(C)c(NC(=O)c2sc3nc4n(c(=O)c3c2C)CCCC4)c(Cl)c1,-7.5,3.7291465633680048,5_773
CC=CC(=O)C(=CC(=O)C=O)OCCCCN1CCCCC1,-5.2,3.0000598174867656,5_774
O=C(c1cc(Cc2n[nH]c(=O)c3ccccc23)ccc1F)N1CCCN(C2CCC2)CC1,-8.4,2.725920579490983,5_775
COc1ccc(-c2cnccn2)c(CO)c1,-5.1,3.6670129493679307,5_776
Fc1cc(Cl)ccc1N1CCN(Cc2nc3ccccc3[nH]2)CC1,-7.4,3.7372911697676248,5_777
O=C(CCc1cnccn1)Nc1ccc2c(c1)OCO2,-5.9,3.728887695443979,5_778
COc1ccccc1NC(=O)c1cncc(Br)c1,-5.7,3.7052658266472056,5_779
CC[C@H]1CN2CCc3cc(OC)c(OC)cc3[C@@H]2C[C@@H]1C[C@@H]1NCCc2cc(O)c(OC)cc21,-7.4,3.4357671799195693,5_780
Cc1cc2c(c(=O)n1Cc1ccccc1)COC(C1CCN(C(=O)C3CCC3)CC1)C2,-7.0,3.4821203372233223,5_781
CCOC(=O)c1cc(Oc2ccc(OC)cc2)c(CN(C)C)s1,-5.8,3.647030171901344,5_782
CC(=O)NC1=CC=C(NC(=O)C2CS/C(=N\c3ccccc3)N(C)C(=O)C2)OC=C1,-7.2,2.589233580534703,5_783
CC1=CC=C(N2Cc3ccccc3C(C(=O)N=CC(=O)Nc3ccccn3)N2)OC=C1C,-7.7,2.625907052852399,5_784
CCOc1cc(C=O)c(Br)cc1OC(=O)c1ccncc1,-5.7,3.559062753862853,5_785
CS1=C(NCCCNC(=O)C2CC(=O)N(c3ccc4ccccc4n3)C2)Nc2ccccc21,-6.4,3.465746176038534,5_786
Cn1cc(-c2cc(S(C)(=O)=O)ccc2Oc2ccc(F)cc2F)c2cc(C(=O)N3CCCCC3)[nH]c2c1=O,-8.4,3.583179805757357,5_787
COc1ccc(C(N)c2ccccc2)c(O)c1OC,-5.5,3.6869827877848573,5_788
CN(C)S(=O)(=O)n1cc(C(=O)C2CSC(c3cccnc3)N2)c2ccc(F)cc21,-7.5,3.6479013648648215,5_789
COc1cncc(-c2cccc(-c3cc(F)c([C@]4(C)CS(=O)(=O)N(C)C(N)=N4)s3)c2)c1,-7.4,3.7135844573271557,5_790
N#CC(C(=NC(=N)N)C(=O)Nc1cccc(S(=O)(=O)NCCO)c1)c1ccccc1,-6.7,3.126784314811178,5_791
O=C1C(OCC2CC2)=CC(=O)c2c(O)cccc21,-6.3,3.5370438970205313,5_792
Cc1ccoc1C(=O)Nc1ccc(NC(=O)c2ccccc2-c2ccccc2)cc1Oc1ccccc1,-7.8,3.296373774553641,5_793
COC(=O)C(CCC(N)=O)NC(=O)C(N)CC(=O)O,-5.1,1.4753312856680152,5_794
O=S=O,-1.9,1.4541941417976973,5_795
CCCCNC(=O)Nc1ccc(-n2c(=O)[nH]c3ncccc32)c(Cl)c1,-6.3,3.6287890457917684,5_796
CSc1nn(-c2ccccc2)c2cc(-n3nc(-c4ccccn4)nc3C)ccc12,-7.2,3.489910386766176,5_797
COC=C1C=CC(C=NNC(=S)NC(=O)/C(C#N)=C/c2ccccc2OS(=O)(=O)c2ccc(F)cc2)=C1,-6.9,3.070313348999882,5_798
CC=C1C=CCC(N2CCCn3c2nc2[nH]c(=O)n(Cc4ccccc4Cl)c(=O)c23)=C1,-7.5,3.6634294368437983,5_799
COc1ccc(N2CCN(c3ccn4nc(-c5ccccc5)c(-c5ccccc5)nc34)CC2)cc1,-7.8,3.4621490771324814,5_800
O=c1cc(Nc2[nH]nc(-c3ccncc3)c2-c2ccccc2)cc(C2CC2)[nH]c1=O,-7.5,2.569539435148826,5_801
N[SH]1(=O)c2ccccc2C(=O)c2cc(-c3ccccc3)sc21,-7.7,3.6098221965947643,5_802
O=C(O)c1cc(=O)n2c(n1)sc1ccccc12,-5.8,3.5928973896487664,5_803
COc1cccc(S(=O)(=O)NCc2ccc(C(=O)NCCN(Cc3ccccc3)C(C)C)cc2)c1,-6.6,3.5814658991128487,5_804
Cc1cc2nc(C(C)C)cc(N3CCC(N4CCNCC4)CC3)n2n1,-7.1,3.6245445553494493,5_805
Cc1ccccc1NC(=O)C1CCCN1C(=O)c1ccccc1,-6.7,3.6809952576569076,5_806
Fc1ccc(-c2ccc3nnc(CNc4cc(C(F)(F)F)cc5ncc(N6CCNC6)nc45)n3n2)cc1,-8.8,3.3077623534716247,5_807
CC1CCC(=O)C(C=Nc2cc(C(C)(C)C)cc(NS(C)(=O)=O)c2Br)C(=O)C1,-6.4,2.50127334634233,5_808
C[CH]Cc1c(C#N)c(-c2ccc(Oc3ccc(C#N)cc3C(=O)O)cc2)cn1Cc1ccccc1,-7.0,3.5645929002249717,5_809
CC1C=CC=NC=NC(CN2CCCNCC2)N=CN(CCC#N)C(=O)c2ccccc2C1,-7.2,2.0614026097112363,5_810
CC(SCC(=O)c1ccccc1[N+](=O)[O-])c1cccc2ccccc12,-6.5,3.530099848290332,5_811
NC(Cc1ccc(N(CCCl)CCCl)cc1)C(=O)O,-4.6,3.514953206604103,5_812
Cc1ccc(-c2cc(-c3noc(Cc4ccc(F)cc4)n3)ccn2)cc1,-8.3,3.65352977168768,5_813
CCCCCNc1nc(SCCC)nc2c1nnn2[C@@H]1C[C@H](COP(=O)(O)O)[C@H](OP(=O)(O)O)C1,-5.9,2.466950559987829,5_814
C[C@@H](COc1ccccc1F)NC(=O)Cc1cccnc1,-5.5,3.719560577644825,5_815
CC1(C)[C@@H]2CC[C@@]1(C)C(C=C=S)[C@@H]2CC1C=CC(O)(c2ccccc2)C(O)(c2ccccc2)C1,-7.2,3.156856233295999,5_816
O=CN(O)C(CCCCCc1ccccc1)c1nc2ccccc2s1,-6.2,3.4294033998136637,5_817
CC1C=NN=C2CCN(C(=O)C=O)CCC1N2,-5.6,1.2731478184504308,5_818
CCOc1cc(/C=C/C(=O)c2cccc(Cl)c2)ccc1OCC(=O)N1CCOCC1,-6.5,3.601498370235535,5_819
CCCc1nccnc1CCNC(=O)Cc1ccsc1,-5.2,3.753416756062057,5_820
CC(C)C(=O)c1cn(CC(=O)NCc2ccc3c(c2)OCO3)c(=O)c2ccccc12,-6.8,3.7091112420148,5_821
Oc1cccc2[nH]cc(CCNCCCNC3Cc4ccccc4C(O)C3)c12,-6.7,3.387963285572946,5_822
CC(C)(C)c1nc(-c2ccc(F)cc2)c(-c2ccnc(Oc3ccc(F)cc3)c2)[nH]1,-7.9,3.6199219739113553,5_823
O=C(NCCc1nc(-c2cccc(F)c2)cs1)N1CCCCCC1,-5.9,2.7926640308802906,5_824
CC(C)(C)OC(=O)N(CCc1cccc(F)c1)C(=O)C1CCC2C3CN=C4CC(=O)CC[C@]4(C)C3CC[C@]12C,-7.8,3.1453648181654,5_825
CCC1CCc2c(OCCc3ccc(OC)cc3)cc(CCC(=O)Nc3cccc(Cl)c3)cc21,-6.4,3.4890500852729747,5_826
CN(Cc1ccccc1)C(=O)Cc1ccc(OCc2ccccc2)cc1,-6.1,3.537061149591526,5_827
Cc1ccc2cc(C(=O)N3CCN(C(=O)CN(c4ccccc4)S(C)(=O)=O)CC3)ccc2n1,-7.4,3.692858498349426,5_828
NCCCCCCS[C@@H]1O[C@H](CO)[C@@H](O[C@@H]2O[C@H](CO)[C@H](O)[C@H](O)[C@H]2O)[C@H](O)[C@H]1O,-5.2,2.494700534323966,5_829
O=C(Cc1ccco1)Nc1ccc(N2CCN(C(=O)c3cc(F)c(F)cc3F)CC2)c(F)c1,-7.4,3.657990594960806,5_830
COc1ccc2oc(-c3ccc(Cl)cc3)c(O)c2c1,-6.6,3.6516425792372433,5_831
O=C(OCc1ccccc1F)c1ccc2ncnc(N3CCCC3)c2c1,-7.5,3.692722349675846,5_832
CCC(CC)C(=O)N1C2CCC(CC2)NC1c1ccc(Cl)c(F)c1,-5.9,2.3922101603258246,5_833
O=C1CN(C(=O)c2cccc(Cl)c2)c2ccccc2N1,-6.9,3.627697445097273,5_834
O=CC1NC2=CC(C(=O)CSc3cc(-c4ccco4)cccc(F)cnn3)=CC2=CO1,-6.7,1.329242742740691,5_835
O=c1cc(-c2ccc([N+](=O)[O-])cc2)oc2c([N+](=O)[O-])ccc(O)c12,-7.1,3.52984495383607,5_836
CC1CN(c2cccc3nn(CC(=O)N[C@@H](C)c4ccc(OC(F)(F)F)cc4)c(=O)n23)CCN1,-6.8,3.5693909685825576,5_837
C[C@@H](NC(=O)c1ccc(C#Cc2ccc(F)cc2)cn1)C(C)(C)O,-6.9,3.6725802375112986,5_838
COc1cccc(C(=O)Cn2c(=O)n(-c3cc(C)cc(C)c3)c(=O)c3sccc32)c1,-7.6,3.5974732689721582,5_839
Cc1ccc(C(=O)NCCc2ccsc2)c(CC2CCN(Cc3ccccc3)CC2)c1,-6.5,3.591861144500916,5_840
CC(C)(N)CC(=S)C(=O)O,-3.7,1.70705668806532,5_841
CC(C)CC(C(=O)NCC#N)c1c[nH][nH]c1=O,-5.3,2.1696194296562785,5_842
C=C1C(=CC=CN2CC2=O)C=C1C=NC=CC=C(CC=[N])c1ccc(-c2cccc(NC(=O)c3ccnc(N(C)C)c3)c2F)cc1,-4.6,3.146527243444469,5_843
O=c1c(-c2ccc(F)cc2)c(-c2ccnc(Nc3ccccc3)n2)n2n1CC1(C2)OCCO1,-8.0,3.5617253806223617,5_844
CCOC=C1C=CC(NC(=O)c2ccc(COc3c(F)cc(F)cc3F)o2)=C1,-6.2,3.7036447368749696,5_845
CC(C)C(=O)Nc1ccc2nc(NS(=O)(=O)c3ccccc3)sc2c1,-7.2,3.7578749224102648,5_846
CCC1C(c2ccc(C(F)(F)F)cc2)C(=O)C(=O)N1Cc1ccccc1,-6.0,3.6187774343825136,5_847
O=C(N=C1N=CC(c2ccsc2)=CC2C=COC12)c1cccs1,-6.1,2.6389660324015605,5_848
O=C1CC(=NCCCN2CCN(CCCn3c4ccccc4c4ccccc43)CC2)C(=O)c2ccccc21,-7.2,3.365434012948447,5_849
c1ccc(COCCOCc2nc3c(s2)CCCCC3)cc1,-5.6,2.5769601918967817,5_850
CSc1nc(N)cc(-c2ccc(Cl)cc2)n1,-5.6,3.5517507939121487,5_851
COc1cc2ccc(=O)oc2cc1OCc1nnc(-c2cccnc2)o1,-7.3,3.548476852217291,5_852
O=C(O)c1cc(CN2CCN(c3ccc(F)cc3)CC2)c2ccccn2c1=O,-7.8,3.791703667037389,5_853
CCC[C@H]1N(C(=O)c2cnccc2C(F)(F)F)CCC[C@@]1(Oc1cc(C(F)(F)F)no1)C(=O)N1CCN(c2cccc(C(F)(F)F)c2)CC1,-8.6,3.134516133500958,5_854
Cn1c(OCC2CCN(c3ccc(S(C)(=O)=O)cc3)CC2)nc(-c2ccncc2F)cc1=O,-7.7,3.6090997457804335,5_855
NCCC1(O)CCN(S(=O)(=O)c2ccccc2Cl)CC1,-6.0,3.5834007024935253,5_856
CC(C)Cc1oc(N)nc1C(=O)OCCCc1ccccc1,-5.7,3.6555480740175383,5_857
CC(C)(C)NC(=O)Cc1ccc(F)cc1,-5.3,3.3567769707106416,5_858
Cc1c(C2=CC(OCC(C)C)=CC2)ccc(N[C@H]2CC[C@H](O)CC2)c1C(N)=O,-6.5,3.4673912395765907,5_860
CCC1c2cc(CNc3ccc4c(c3)C(C[n+]3ccccc3)N(C(N)=O)CC4)ccc2-c2nc(C3=NCC3)cn21,-7.5,3.2824284327147653,5_861
CCCC(C(=O)O)c1c(C)nc2sc3c(c2c1-c1ccc(C)cc1C)CCC3,-5.6,3.6397187074820567,5_862
COc1ccc(CNC(=O)C2CCN(S(=O)(=O)N3CCC4(CC3)OCCO4)CC2)cc1,-6.6,3.3475365839837896,5_863
Cc1ccc(-c2nnc(Nc3ccc(Br)cc3)c3ccccc23)cc1S(=O)(=O)NCC1CCCO1,-7.3,3.519141517949472,5_864
Cc1cc(C(=O)N2CCN3CCC[C@H]3C2)ccc1NC(=O)C(C)C,-7.0,3.5552082360296753,5_865
C=CCNC(=O)N(CC=C)c1cc(C)ccc1Cc1cccs1,-5.8,3.591867040790274,5_866
CNC[C@H]1CN(c2ccc(-c3ccnc4[nH]ccc34)cc2)C(=O)O1,-6.8,3.768188876185091,5_867
CCO[C@H]1CN(c2nc(-c3ccncc3)cc3cnccc23)CC[C@@H]1NCc1ccc(-n2cccn2)cc1,-7.0,3.4276128298406334,5_868
O=C(Cc1cccs1)NC(c1cccc(OCc2nc3ccccc3s2)c1)C1CC1,-6.6,3.617332948312595,5_869
N=C(N)c1cccc(NC(=O)N=CC2=CCC(C(=O)C(F)(F)F)=NCCC2)c1,-7.1,1.586163222823079,5_870
O=C1C(=Nc2cccc(C(F)(F)F)c2)CC(=O)c2ncccc21,-7.1,3.6736651518478767,5_871
O=C(O)c1ccccc1Nc1cc(COc2cccc(F)c2)ccn1,-7.6,3.761665915333815,5_872
C[C@](CCC(=O)O)(NC(=O)c1cc(OCC(F)(F)F)c(CN2CCC(C(=O)O)CC2)cc1Cl)c1cccc(Cl)c1,-6.9,3.3433304276247515,5_873
O=CC=C1OC=CC=C(c2cc(C(=O)c3ccc(C(=O)O)cc3)c(O)c3c2OCC3)C=Cc2ccccc21,-7.9,1.1670967419420442,5_874
CSc1ccccc1C(=O)Nc1ccc(N2CCN(C)CC2)cc1,-6.5,3.709231309566972,5_875
CCCn1c(=O)c2[nH]c(-c3ccccc3[N+](=O)[O-])nc2n(CCC)c1=O,-6.5,3.5556600174094806,5_877
Cc1ccccc1Nc1c(-c2ccc(C(=O)O)s2)nc2ccccn12,-7.9,3.7072686524194554,5_878
C[C@H](CCC(=O)O)[C@H]1CC[C@H]2[C@@H]3CC4[CH]C[C@H](O[C@@H]5O[C@@H](C)[C@@H](O)[C@@H](O)[C@@H]5O)CCC4=C[C@H]3CC[C@]12C,-6.7,1.8803669860046437,5_879
CCCN(CCC)C(=O)Cc1nc(O)cs1,-4.9,2.4122224547634055,5_880
O=C(C=Cc1ccccc1O)/C=C/c1cccs1,-5.7,3.6213045631120497,5_881
O=C(Cc1ccccc1F)Nc1cc(CN2CCCC2)c(O)c2ncccc12,-7.2,3.6925990721732314,5_882
O=C(O)CC[C@@H]1CC=CC=CCCNC(=O)c2cc(CC(NC(=O)OCc3ccccc3)C(=O)OCc3ccccc3)ccc2OP(=O)(Oc2ccc([N+](=O)[O-])cc2)N1,-6.8,0.8188520309195688,5_883
CC1=C(CC(=O)OCCC#N)c2cc(F)ccc2C1=Cc1ccc([S+](C)[O-])cc1,-6.1,3.53707359827266,5_884
O=C(Nc1ccc(C(F)(F)F)cc1)c1cccc(S(=O)(=O)N(CCO)c2cccc(-c3nnco3)c2)c1,-7.9,3.4446037329688304,5_885
Cc1ccc(S(=O)(=O)Nc2cccc(-n3cc(COc4cc(=O)oc5ccccc45)nn3)c2)cc1,-8.0,3.3890808342774976,5_886
O=C(O)C1CCCCC1C(=O)c1ccc(-c2cc(NS(=O)(=O)c3ccc(F)cc3)ccc2Cl)cc1,-7.4,3.549286474619633,5_887
CCc1ccc(CCN2CCN(c3cccc4[nH]c(=O)oc34)CC2)cc1,-7.1,3.7629628206820778,5_888
ON=C(NCc1ccccc1)c1ccc2[nH]c3c(c2c1)CN(CC1CCOC1)CC3,-7.7,3.2928185405622257,5_889
O=C(c1cccc(C(O)C(F)(F)c2ccc(Cl)cc2Cl)c1)N1CCCCC1,-6.5,3.6609645144255136,5_890
Oc1cccc(-c2cc(-c3ccc(Cl)cc3)c3c(n2)-c2cc(F)ccc2OC3)c1,-8.9,3.5549084575018908,5_891
C=CCN1CCP(=O)(O)[C@@](C)(CO)C1,-4.2,3.1548911339073245,5_892
O=C(NCN1CCC(O)CC1)c1ccncc1,-5.7,3.498500428937472,5_893
NC(=O)c1cc(-c2nnn(Cc3cc(F)cc(F)c3)n2)ccc1NS(=O)(=O)c1cccc2cccnc12,-8.1,3.3009587790668986,5_894
O=C(O)C(Cc1cccc(Cl)c1)Oc1ccc(Cl)cc1,-6.1,3.7117586581694555,5_895
O=C1c2cccc3c([N+](=O)[O-])ccc(c23)C(=O)N1CCN1CCOCC1,-7.0,3.4329895753943322,5_897
CC(=O)NC(C)C(=O)Nc1ccc([N+](=O)[O-])cc1,-6.2,3.412424253807287,5_898
O=C(O)CNC(=O)c1cc(NC(=O)c2ccc(OC(F)(F)F)cc2)cc(C2CCCCC2)c1,-7.1,3.5948254936949606,5_899
CC(C)(O)Cc1ccc2c(C(=O)O)ccc(O)c2n1,-6.6,3.5927254086774356,5_900
Nc1ncnc2c1c(I)cn2[C@H]1C[C@H](O)[C@@H](CO)O1,-6.0,3.350251738268856,5_901
COc1ccccc1NC(=O)CCl,-4.5,3.4126090047807995,5_902
O=C(c1ccc(-c2ccccc2)cc1)N1CCN(C(=O)c2cc(-c3ccccc3)nc3c2cc2ccccn23)CC1,-8.6,3.3540664358198398,5_903
CCc1nc(NC(=O)Cc2ccncc2)sc1C,-6.5,3.7546299310327544,5_904
COc1ccccc1Cc1c(C(=O)Nc2ccccc2)[nH]c2ccc(CN3C(=O)NC(C)(C)C3=O)cc12,-8.4,3.4568156303814845,5_905
O=C(OCc1ccc(F)cc1)c1ccc(S(=O)(=O)NC2CCCCC2)cc1,-6.5,3.7202568827220786,5_906
COC=C1C=CCC(CC=NC(=O)Nc2ccccc2Cl)=NCC=C1C(=O)N1CCC(NC(=O)CN(C)C)CC1,-6.0,1.1100245343669046,5_907
CC(C)=CCC/C(C)=C/Cc1cc2[nH]c3ccccc3c2cc1O,-6.7,3.366590109601236,5_908
O=c1cc(C(F)(F)F)c2cc3c(cc2[nH]1)OCC(C(F)(F)F)NC3,-8.4,2.520722521768149,5_909
COC(=O)CCC(=O)OC(C)C(=O)C=CN(Cc1ccccc1)C(=CC=C(Br)C=O)c1ccc(OC)cc1,-6.4,3.0853121722666055,5_910
CC=CCC(CC=NC(=O)CCC)=NC(C)CCCNC(=O)C1=CC=CC=c2c1ccc/c2=C/c1cccnc1,-6.2,2.3243364865897123,5_911
O=C(C1CCOCC1)N1CCC2(CC1)CN(c1ccccc1)C2,-7.0,3.3080662598992436,5_912
CCCc1cc(-c2ccc(O)c(F)c2)ccc1OCCCOc1ccc2c(c1)OC(C(=O)O)(C(C)(C)C)CC2=O,-7.0,3.3831528968687863,5_913
COc1cc(C(=O)Nc2cc(-c3ccccc3)[nH]n2)cc(OC)c1OC,-6.9,3.754540453631737,5_914
CC(C)(C)c1ccc(C(=O)NCC2(N3CCOCC3)CCCCC2)cc1,-6.6,3.502572240571108,5_915
Fc1ccc([C@H]2CC(c3ccccc3)=NO2)s1,-6.5,3.5474275729984353,5_916
CCc1ccccc1-n1ncc(C#N)c1NC(=O)c1cc(Cl)c(OC)c(OC)c1,-6.5,3.7556953443477603,5_917
COC(=O)CCC(=O)NC(C(=O)NCc1ccc(OC)cc1)c1ccc(OCc2ccccc2)cc1,-6.5,3.488442304190591,5_918
O=C(O)CCC(=O)c1ccc(OCc2ccc([N+](=O)[O-])cc2)cc1,-5.8,3.5496218921776164,5_919
O=C(Nc1ccc(Cl)c(Cl)c1)Nc1ccc(F)c(F)c1F,-6.5,3.4335349034783134,5_920
CN1CCC2N=C(c3cccc(OC(F)(F)F)c3)N3C=CN=CC3=C2C1,-6.6,3.4248503071878265,5_921
COCCNC(=O)[C@]1(C)Cn2nc(-c3ccccc3)cc2C(=O)N1Cc1ccccn1,-7.0,3.666078057529003,5_922
CC=NN(C)c1ccc(C(=O)Nc2nc(C3CC3)c(C3CC(C)(C)C3=O)n2C)cn1,-7.8,3.5367802325520046,5_923
N#CCC1CCN(C=C2C=CC(=Nc3nccc(-c4ccnc(C(=O)NCc5cccc(F)c5)c4)n3)C2)C1,-7.1,3.528122707017609,5_924
O=C(NCCCc1ccc(C(F)(F)F)nc1N1CCCCC1)Nc1cccc2[nH]ncc12,-7.5,3.590115526600009,5_925
[N]=CC(CN=CNC=O)CNCC(O)(COCc1ccccc1)Cc1ccccc1F,-6.2,3.2349727360947877,5_926
N#Cc1ccc(NC(=O)NCC2Cc3ccc(CC(=O)O)cc3C2)cc1,-6.3,3.6341444000984033,5_927
CC(C)CCC(C(=O)Nc1ccc(S(=O)(=O)Nc2nnc(S(N)(=O)=O)s2)cc1)c1ccccc1,-6.6,3.3232607789758637,5_928
CCCN1CCC2(CC1)CN(c1ccc(C)cc1)C(=O)CO2,-6.6,3.4489228873170634,5_929
CCCc1nc2c3ccccc3ccn2c1Cc1ccccc1OC,-6.9,3.566484585861832,5_930
C=CC[C@@H](Cc1c[nH]c2ccccc12)NS(=O)(=O)c1ccc(F)c(F)c1,-7.3,3.618955800569175,5_931
COc1cccc(CC2=NC(=O)NC2=O)c1O,-5.4,3.4813099967696703,5_932
O=NN(CCCl)C(=O)NC(CC(=O)O)c1ccc(Cl)cc1,-5.5,3.3908396203950444,5_933
CC(=O)CC/C(C)=C/C(=O)O,-4.1,1.872695707116793,5_934
O=C(Cc1cccs1)NC1CCOC1=O,-5.0,2.3378780924002447,5_935
Cc1ccc(Oc2ccc(Cl)cc2O)c(CC(=O)O)c1,-5.4,3.7363000287661294,5_936
Cc1ccc2c(N)c(C(=O)NCCc3cc(F)c(N4CCNCC4)cc3CO)sc2n1,-7.0,3.4983788684113364,5_937
O=C(O)c1ncoc1-c1ccccc1O,-5.7,3.5664481898537566,5_938
Cc1cccc(C)c1-c1cccc(COc2ccc(CCC(=O)O)cc2)c1,-6.4,3.569182560684616,5_939
CC=C1C=CN2C(=C1)N=C2C(=O)Nc1cccc(-c2cc(C)ccc2Oc2cccc3c2CC(=O)N(C)CCc2ccccc2-3)c1,-9.2,1.017413107196759,5_940
O=C(NCCCN1CCCC1=O)c1ccccc1-c1ccccc1,-6.3,3.635334145419206,5_941
COC1C(=O)O[C@H](C)[C@H](C)/C=C(\C)CC(C)C(=O)NC(C)C(=O)N(C)C(Cc2c[nH]c3ccccc23)C(=O)N[C@H]1c1ccc(C(=N)N)cc1,-7.4,1.3929897658341543,5_942
NCC(=O)NCC(=O)Nc1ccc(C(=O)NC(C(=O)NCC(=O)O)c2ccc3ccccc3c2)cc1,-7.1,3.20285893557325,5_943
O=C(CCN1CCN(c2ccccc2)CC1)NNC(=O)c1ccncc1,-6.8,3.6657604232567076,5_944
O=C1[CH]CCC2(CC2)N1S(=O)(=O)c1cccc2nsnc12,-6.3,3.508818023895296,5_945
COc1ccc(CN2CCCC(C(=O)c3ccc(F)cc3)C2)c(OC)c1,-6.4,3.646455977591812,5_946
COc1ccc(/C=C2\OC(=O)c3ccccc32)cc1CC(C)O,-7.1,3.7193607742975265,5_947
CC(C)OC(=O)Nc1ccc(Cl)cc1,-4.5,3.498248466404314,5_948
COc1cc2c(c(OC)c1Cl)c(=O)c1cccc(OC)c1n2C,-6.1,3.674307422230072,5_949
CCNC1CCN(C=Nc2ccc(OC)cc2Nc2ccccc2S)C1,-6.4,3.458558511755774,5_950
Fc1ccc(C(c2ccc(F)cc2)N2CCN(CCCCOc3ccc4ccccc4c3)CC2)cc1,-6.2,3.289840652069678,5_951
COc1ccc(-n2cc(-c3cccs3)c3cc(Br)ccc32)cc1,-6.9,3.4962192971033916,5_952
COC1=CC=C(/C=C2\N=C(c3ccc[nH]3)N(c3ccc(S(N)(=O)=O)cc3)C2=[SH]C)C1OC,-7.4,3.333279448387106,5_953
Cc1cc(Cl)ccc1Oc1ccccc1NC(=O)c1ccccc1[N+](=O)[O-],-7.1,3.6302966240301977,5_954
CNC1CCc2cc(C)cnc2C1,-5.3,3.2584834696163565,5_955
COc1cccc(CN2CCC(C(=O)Nc3ccc4c(c3)c3ccccc3n4C3CC3)CC2)c1,-7.1,3.4886547216210606,5_956
CCOC(=O)c1ccc(NC(=O)CNc2nc3ccccc3s2)cc1,-6.6,3.6962100357621708,5_957
N=C(N)NCCCC(NC(=O)c1noc(COc2ccc(F)cc2)n1)C(=O)c1nc2ccccc2s1,-7.7,2.83071929425926,5_958
CC(C)c1cc2c(c(=O)n1CC(=O)Nc1ccccc1)-c1cc(F)cc(F)c1CC2,-7.6,3.7275996114356316,5_959
COc1cc(-c2nc3ccccc3o2)ccc1OCC=C(C)C,-6.3,3.6475527447998175,5_960
O=CNc1ccc(-c2ccccnc(NC(=O)c3c4ccccc4cc4ccccc34)ccn2)cc1-c1ccccc1,-8.0,1.0472767020308105,5_961
COc1cccc(-c2c(C)n(Cc3c(F)cccc3F)c(=O)n(CC(N)Cc3ccc(Cl)cc3Cl)c2=O)c1,-7.9,3.5627628415168626,5_962
CN(C)C1=C([N+]#N)C(=O)c2ccccc2/C1=C/c1ccc(Br)cc1,-6.1,3.6070523087370168,5_963
Cc1nnc(NC(=O)c2ccccc2Sc2nccs2)s1,-5.9,3.6947155646827357,5_964
CCC(=O)N1CCc2cc(S(=O)(=O)NC(CC(C)C)C(=O)NC(C=O)c3ccccc3)ccc21,-6.6,3.5506538089200212,5_965
O=C(Oc1ccccc1)N1CCN(C(=O)c2cc(Cc3n[nH]c(=O)c4c3CCCC4)ccc2F)CC1,-8.5,3.652060866990655,5_966
O=C(Nc1ccc(NS(=O)(=O)c2ccccc2Cl)cc1)c1ccc(F)cc1,-7.4,3.7116095005610408,5_967
Cc1ccc2nc(NC(=O)c3sc4nc5c(cc4c3N)CCCCCC5)sc2c1,-8.3,1.7761848116310528,5_968
Cc1ccc(N2CC(c3nc(-c4cccc(Cl)c4)no3)CC2=O)cc1,-7.4,3.75234647393618,5_969
COc1ccc(C#CCCNC(C)=O)cc1C12CC3CC(CC(C3)C1)C2,-6.4,3.1419944200758985,5_970
Cc1cn2cc(-c3ccc(-c4ccc(Cl)nc4)cc3)nc2cn1,-7.2,3.569541010562684,5_971
COc1ccc(-c2ccc(C(=O)N3CCc4cc(OC)c(OC)cc4C3)cn2)cc1,-6.9,3.7181409295616854,5_972
CC(C)c1cc(C(=O)N2CCn3cnnc3C2)on1,-6.0,3.554519353015176,5_973
COc1cc(Nc2c(C#N)cnc3ccc(-c4cccc5cccnc45)cc23)c(Cl)cc1Cl,-7.2,3.4090969912242652,5_974
O=C(CNc1cc2c(cc1Cl)OCCO2)N1CCN(S(=O)(=O)c2ccccc2F)CC1,-7.2,3.6057206992793454,5_975
CN(CCCC#N)P(=O)(COCC[C@H]1CC[C@]2(CC1)OO[C@]1(CCC3CCCC1C3)O2)COc1ccccc1,-6.2,2.754947992219671,5_976
CC(=O)Oc1cc(/C=C/C(=O)/C=C/c2ccc(C(=O)O)cc2)ccc1OCC=C(C)C,-6.3,3.4051821464930594,5_977
C=CCn1c(=O)/c(=C\c2cccc(C)c2)[nH]c(=O)/c1=C\c1ccccc1OC,-6.7,3.685489217035127,5_978
CCOC=CC=C(C)C(=O)/C=C/c1cn(CC(O)CN2CCN(CCO)CC2)c2ccccc12,-6.6,3.3601585369567086,5_979
CC(C)(Oc1ccc(Cc2ccncc2)cc1)C(=O)NCC#N,-6.0,3.729003087041321,5_980
CCCNC(=O)[C@]12CCC(C)(C)C[C@H]1C1=CC[C@@H]3[C@@]4(C)C[C@@H](O)[C@H](O)C(C)(C)[C@@H]4CC[C@@]3(C)[C@]1(C)CC2,-6.7,2.826939170858561,5_981
COc1ccccc1OCC1SCCN1C(=O)CSc1nncs1,-5.5,3.537782011107735,5_982
N#Cc1cnc2cc(N3CCC[C@@H]3c3cc(F)ccc3F)ccn12,-7.1,3.717221519156432,5_983
COc1cc(C)c(Br)c(C)c1-c1cccc(-n2nnc(-c3ccccn3)n2)c1,-7.1,3.66984496067483,5_984
C#Cc1cccc(N2C(=O)c3ccccc3C2(O)c2ccc3c(c2)NC(=O)CO3)c1,-8.5,3.560572521262701,5_985
COC(=O)N[CH]C(=O)N[C@@H](Cc1ccc(-c2ccc(OC)nc2)cc1)[C@@H](O)CC(Cc1ccccc1F)C(=O)N[C@H]1c2ccccc2C[C@H]1OC(C)(C)C,-7.3,2.8745916075226132,5_986
O=S(=O)(Nc1ncns1)c1ccc(NCC2CCc3ccccc32)cc1F,-6.9,3.7178813239777786,5_987
COCCn1nnnc1[C@]1(N(C)C)CCCN(S(=O)(=O)c2ccc(C)cc2)C1,-6.6,3.5043211639229055,5_988
CCc1c[nH]nc1C(=O)N1CC(c2nc(-c3cccc(F)c3)no2)C1,-6.9,3.779730401960217,5_989
Cc1ccc(C(=O)c2cccc(N3C(N)=NC(N)=NC3(C)C)c2)cc1,-7.5,3.679645532137371,5_990
NC(=O)C(Cc1ccc(F)cc1)c1c(Cl)cccc1Cl,-6.1,3.6262393547682072,5_991
CN1C2CCC1CC(NC(=O)c1cc(F)ccc1Cl)C2,-6.3,3.482000831913674,5_992
CN(C)CC1CCCC/C1=N\OC(=O)C=CC=C1C=Cc2ccccc2O1,-6.7,3.3688658834702307,5_993
CC[C]1c2[nH]c3cc(-c4ccco4)ccc3c2CCN1C(=O)C(CC)CC(=O)Nc1sc(C)c(C)c1C(N)=O,-6.7,3.3886389718707357,5_994
FC=CCC=Nc1nc(NCc2ccccc2)c2cccnc2n1,-6.7,3.731932919580819,5_995
N=C(N)NCCOc1noc(-c2ccc3ccc(OC(F)(F)F)cc3c2)n1,-6.8,3.364017293513912,5_996
CCCCN(CC)c1nc(C)nc2c1n(C)c(=O)n2-c1ccc(C(C)C)cc1Br,-6.4,3.6889131249779727,5_997
Cc1ccc(OCCNC(=O)C2CCC(=O)N(Cc3ccc(Cl)cc3)C2)cc1,-6.5,3.688433125438077,5_998
O=C(Nc1cccc(C(=O)N2CCN(c3ccc(Cl)cc3)CC2)c1)c1ccco1,-7.1,3.7850578759443136,5_999
Cc1c(NC(=O)NC2CCc3ccc(NC(=O)OCC(C)C)cc32)cccc1NC(=O)c1ccc([N+](=O)[O-])o1,-6.7,3.1704363433124927,5_1000
O=C1/C(=C/c2cccn2Cc2cccc(Cl)c2)CC[C@@H]2[C@H]3CCCN4CCC[C@@H](CN12)[C@@H]34,-7.8,3.254407412372708,5_1001
COc1ccc(Nc2cc(Nc3cccc(OC)c3)ncn2)nc1,-6.5,3.696733513681796,5_1002
N=C(N)NCCC1[CH]CCCNc2c(F)cc([N+](=O)[O-])cc2C(=O)N[CH]1,-7.5,0.644835948304527,5_1003
CC(=O)N[C]1CCC[C@@]2(C)[C@H](CC[C@@H]3[C@@H]2CC[C@]2(C)[C@@H]([C@H](C)N(C)C)CC[C@@H]32)C1,-6.9,2.0337674352614976,5_1004
CCOc1ccc(NCCNC(=O)C(NC(=O)c2ccc(OC)cc2)C(C)C)cc1,-5.9,3.5158499628445012,5_1005
C=CCOC(=O)NC(=S)Nc1c(C)cccc1C,-5.2,3.502089512815319,5_1006
COCCC1C=CC(CN(C(=O)C2CNCC[C@@H]2C2=CC(F)C(F)=C2)C2CC2)=CC(n2nccn2)=C1,-6.6,2.3369829946504597,5_1007
CC(C)c1ccc(NC(=O)c2ccccc2Sc2ccc3c(C=Cc4ccccn4)[nH]nc3c2)cc1,-8.2,3.380388132226782,5_1008
O=C(COC(=O)c1cn(-c2ccccc2)nc1-c1cccs1)Nc1ccc(F)cc1,-7.6,3.642535417120699,5_1009
CCCOC(=O)c1ccc(N2C(=O)c3[nH]nc(-c4cccs4)c3C2c2cccc(O)c2)cc1,-7.3,3.5740773321062624,5_1010
CC(=C[C](CC(F)(F)C(F)(F)CO)c1cccnc1)C1C[C@H](C)CC(C)C1=O,-6.3,3.5884561677164877,5_1011
O=c1cc(O)n(-c2cccc(O)c2)c(Sc2ccccc2)n1,-6.8,3.681294578737166,5_1012
Cc1nn(Cc2ccc(-c3nc4cc(N=C=S)ccc4[nH]3)cc2)c(C)c1CC(=O)O,-6.5,3.5401184627040383,5_1013
Cc1ccc(-n2cc(-c3ccc(C(F)(F)F)cc3)cc2C(=O)NCc2ccccn2)cc1,-7.4,3.636459898933574,5_1014
Cn1cc(C(=O)Cc2ccccc2O)c2ccccc21,-6.5,3.609648401316795,5_1015
COc1ccc(-c2[nH]c(NC(=O)[CH]C[C@H](C)O)nc2-c2ccc(F)cc2)cc1,-6.9,3.6670551266778784,5_1016
CCCCCNC(=O)c1cc2c(cc1F)Cc1c(O)n(-c3cnc(C#N)c(C(F)(F)F)c3)c(=S)n1C2,-6.8,3.4220258129657095,5_1017
CCCc1nc2cccnc2n1-c1ccc(OCc2c(F)cccc2F)cc1,-6.9,3.616219951140552,5_1018
COc1ccc(-c2cc(NC=O)c3ncc(-c4cc(OC)c(OC)c(OC)c4)n3c2)cc1OC,-8.0,3.513362173367997,5_1019
CCNCC1(C)CC(=O)C=C(C=C2C=C(F)C(=NC(=O)Nc3cc(N4CCCN(C)CC4)c4ccccc4n3)C2)N=C(N2CC3CCC(C2)O3)N=CO1,-8.0,0.7432543113544217,5_1020
CC(C)(C)NC(=O)C1C[C@@H]2CCCC[C@@H]2CN1C[C@@H](O)[C@H](Cc1ccccc1)NC(=O)c1cccc2ccccc12,-8.0,3.303232933107246,5_1021
CC(C)c1ccccc1Sc1ccc(-c2ccnc(NC3CCOCC3)c2)cc1C(F)(F)F,-6.9,3.586002263927313,5_1022
Cc1ccc2c(Cl)cc(Cl)c(OCC(=O)NCCOc3ccc(F)cc3)c2n1,-6.4,3.707555884416187,5_1023
O=c1c2cnn(-c3ccc(F)c(F)c3)c2ncn1N=Cc1ccc(O)c(O)c1,-7.4,3.4464922850407103,5_1024
CC1(C)[CH]CCC(C(=O)Nc2cncc(C(=O)c3cc(-c4ccccc4)ncncn(C(C)(C)CO)c3)c2)CCC1,-8.2,1.2360156825462516,5_1025
COC[C@H](NC(=O)NCCCc1nccn1C)c1ccco1,-5.2,2.4638601702233127,5_1026
O=C(c1ccccc1)c1ccccc1Oc1cn(-c2ccc(Cl)cc2)nc1C(=O)Nc1ccc2c(c1)OCCO2,-8.6,3.2988125615983384,5_1027
COCCOc1cccc(OCCN2CCCC2)c1,-5.0,3.4471989464744928,5_1028
CCOc1ccc([N+](=O)[O-])cc1-n1c(C)ccc1C,-5.1,3.5951311841700475,5_1029
O=C(NCCC1CC1)c1ccc(NC(=O)c2ccc(Br)o2)cc1,-5.7,3.7155839469455287,5_1030
C=CCc1ccncc1N(C(=O)C=CC=C(C=C)S(=O)(=O)C1CC1)C1=CC=CC1,-5.8,3.335806324422543,5_1031
CCC(C)(C)NC(=O)C1CN(C(=O)COc2cccnc2)C[C@@H]1C1=CC=C(C)C1,-6.5,3.5984516731554033,5_1032
O=C(N/N=C/c1cccc(Br)c1)c1csnn1,-5.2,3.5654678915932383,5_1033
CC(=O)c1cc(-c2cc3ccc(O)cc3s2)cc(C(C)(C)C)c1O,-7.2,3.6250219501745824,5_1034
Cc1ccccc1C(=O)OCn1nnc2ccccc2c1=O,-6.5,3.643926750408542,5_1035
Cc1ccc2oc(C(=O)NCCc3ccc(OCC(=O)O)cc3)cc(=O)c2c1,-6.4,3.711215483222367,5_1036
COC(=O)c1ccc(/C=C2\SC(=O)N(c3nc4ccccc4s3)C2=O)cc1,-6.8,3.5641824565828863,5_1037
COC(=O)c1cccc(-c2ccc3nnc(-c4cscn4)n3c2)c1,-7.1,3.5782619173611945,5_1038
C[C@H]1CN(Cc2nc3ccccc3s2)CCN1c1nccc(C(C)(C)C)n1,-6.4,3.68041351765011,5_1039
COCC=CCc1c(O)c(O)c2cc(OC)c(O)cc2c1-c1cc(N)c(OC)c(C(=O)OC)c1,-6.1,3.0699767748931857,5_1040
C=COc1c(C(NC2(C)C=CC=C3CCC3C2)c2cccc(O)c2)ccc2cccnc12,-7.5,2.519148727160795,5_1041
CC(C)OC(=O)c1ccc(N=C(N)N=c2[nH]c(C=NC3=C(CCN(C)C(C)C)C(=O)C=C3)c(C(F)(F)F)[nH]2)cc1,-6.7,3.2207497701878367,5_1042
COc1ccc2[nH]c(-c3cc(C4(O)C(=O)Nc5ccc(F)cc54)c(-c4ccccc4)[nH]3)cc2c1,-8.8,3.345025211127048,5_1043
COc1ccc(-c2cc(-c3ccccc3)nc(SCC(=O)Nc3ccc(Cl)cc3)n2)cc1,-7.4,3.5168498877598235,5_1044
CC(C)CC(NC(=O)CCS)C(=O)NC(Cc1ccccc1)C(=O)NC(C(=O)O)C(C)C,-6.1,3.1319695282608553,5_1045
O=C(NCc1ccco1)c1ccc(CNS(=O)(=O)c2ccc(Br)cc2)cc1,-6.7,3.70880012197136,5_1046
C=CC(CN1CCC2(CC1)OCCO2)=c1nc(-c2ccccc2)n(C2CCOCC2)c1=C,-7.5,3.4802390795353553,5_1047
O=C1CCOCC(=O)C2C3c4ccccc4C(c4ccccc43)C12,-7.2,1.3923497403967633,5_1048
COc1cccc(F)c1CN1C[C@H](NC(=O)c2ccc3[nH]nc(-c4ccncc4)c3c2)CCC1C(=O)N1CCN(C(=O)c2ccccc2)C[C@H]1C,-8.7,3.148789594887994,5_1049
CC(C)OC(=O)C(C)NP(=O)(OC[C@@]1(N=[N+]=[N-])O[C@@H](n2ccc(N)nc2=O)[C@H](O)[C@@H]1O)Oc1ccccc1,-6.0,2.5322943481952036,5_1050
Clc1cccc(N2CCN(CCCN3C=Nc4cc5ccccc5cc4O3)CC2)c1Cl,-7.2,3.544764758229101,5_1051
Cc1cc(CCOc2ccc(C(=O)c3cccc(C(=O)O)c3)cc2C(F)(F)F)oc1C(=O)O,-6.9,3.5877859880084264,5_1052
CCCN(CCN1CCN(CCc2ccc3c(c2)CCCC3)CC1)C1CCc2c(O)cccc2C1,-6.5,3.320863455794568,5_1053
CC(C)c1cc(C(=O)Nc2cccc(Nc3ccc(N4CCOCC4)cc3)n2)c(O)cc1O,-7.1,3.5201998352581976,5_1054
Oc1cccc(C=NNc2nncc3ccccc23)c1O,-7.3,3.4471130557231593,5_1056
O=C1c2ccccc2C2(c3ccc(Cl)cc3)N1CCN2C(=O)c1cccc(Cl)c1Cl,-7.2,3.493821891653645,5_1057
Cc1cc(Cl)ccc1NC(=O)Cn1cc(C(=O)c2ccccc2F)c2cccnc21,-8.0,3.6397715503770796,5_1058
Cc1c(C)c(O)c(C(=CCCCCCCC(O)=NO)c2ccccc2)c(C)c1O,-5.2,3.0512854432770675,5_1059
O=C(Nc1ccccc1OC[C@H]1CCCO1)C(c1cccnc1)N1CCOCC1,-6.9,3.671016509815542,5_1060
COCCCc1cc(-c2cccnc2)ccc1C1CCN(C(=O)c2cc3ccc(-c4ncccn4)cc3[nH]2)CC1,-6.8,3.347340680733387,5_1061
Cc1cc(C=C2N=C3C=CC(=N[C@H]4CC[C@H](O)CC4)NN23)ccn1,-6.8,3.444825511317656,5_1062
COC=CC=C1NN=C(Sc2ccc(Cl)cc2)C=C(CC[C@@H](C)NC(=O)C2CNCC[C@@H]2c2ccc(OC)c(OC)c2)C1=O,-6.5,2.0884882674721785,5_1063
CSc1ccccc1Nc1nc(N2CCNCC2)nc2c(NCC3CC3)ncnc12,-7.5,3.3798038046478815,5_1064
Cc1ccncc1C(=O)N1C[C@@H](CN2CCCCCC2)[C@@H](CO)C1,-6.1,2.596718851408707,5_1065
CC(C)(O)C#Cc1cc2c(cc1F)OCCn1c-2nc(C(N)=O)c1[C@@H](O)c1cncs1,-6.7,2.48957451006355,5_1066
O=C(c1cc(-c2ccco2)[nH]n1)N1CCCN(C/C2=C/CCCCCC2)CC1,-7.1,1.7624466127410603,5_1067
O=C(Cc1cccs1)N1C[C@@H]2OCCN(c3ccccc3)[C@@H]2C1,-6.4,3.586916976522232,5_1068
CCCCCCCCCC(O)[C@H](CC(C)C)NC(=O)C(NC(=O)C(NC(=O)CCc1ccccc1)C(C)C)C(C)C,-5.0,3.04417821205253,5_1069
CC(C)(C)c1ccc(NC(=O)N[C@H]2CC[C@H](c3ccc(F)cc3)C2)cc1,-6.8,3.4930618263641637,5_1070
O=C(CSc1nnc(-c2ccccn2)n1Cc1ccco1)c1ccco1,-6.4,3.484014064528269,5_1071
COc1ccc(COC(C2CCCCC2)N2CCCCC2)cc1,-5.9,3.375849628962105,5_1072
CCC(Oc1cccc(CN(Cc2ccc(C)cc2)C2CCN(C)CC2)c1)c1ccc(S(C)(=O)=O)cc1,-6.9,3.498893064397172,5_1073
O=C(/C=C/c1ccco1)c1cc(Br)ccc1O,-6.1,3.6103507194717093,5_1074
O=C(c1ccc(Cl)cc1Cl)C1CCN(C(=O)OCc2ccccc2)CC1,-7.0,3.6379551300594843,5_1075
O=C(NCc1cn(C2CC2)nn1)N1CC(=O)C12CCCCC2,-6.3,3.3846893071124695,5_1076
N#Cc1c(Nc2cc(Cl)ccc2O)s[nH]c1=O,-5.7,3.470772913128272,5_1077
N=C1NC[C](C=C2N=CC2N=CC=C2C=CCC=C(OCCCCON)C2)O1,-6.5,2.024356536423574,5_1078
CCOc1ccc(-n2c(SC3NC(=O)c4ccccc43)nnc2-c2c[nH]c3ccccc23)cc1,-7.7,3.504603628094463,5_1079
CCc1ccc(OC)cc1C=NNc1ccc([N+](=O)[O-])cc1S(=O)(=O)N(CC)CC,-6.1,3.441217457516199,5_1080
CC[C@@H](C)N(C(=O)c1cccc(-n2ccnn2)c1)[C@H]1CC[C@@]2(C=C(C)C(=O)O2)CC1,-6.7,3.5740653333988486,5_1081
CCOC(=O)Nc1ccc(Nc2nc(NCCc3ccccc3)nc3c2CN(c2ccccc2OC)CC3)cc1,-8.3,3.2829232136334205,5_1082
CCN(CCO)C(=O)C1C=C2c3cccc4[nH]cc(c34)C[C@H]2N(C)C1,-6.6,3.624599432841305,5_1083
O=C(O)c1cc(C(=O)O)c2cc(O)ccc2n1,-6.2,3.4870360838253074,5_1084
CCOC(=O)C1=C(COCCNc2n[nH]c(N)n2)N=C(C)C(C(=O)OC)C1c1ccccc1Cl,-6.2,3.1704245005789797,5_1085
CC1[CH]NC(=O)C=CC=CC=CCCC=C([C@H](N)CO)NC(=O)C(CO)=NC(=O)CNC(=O)C1,-7.2,1.5664272703412436,5_1086
Cc1ccc(OCC(=O)Nc2cccc(N3CCCC3=O)c2)c(C)c1,-7.2,3.778098484956769,5_1087
Cc1noc(C)c1C(=O)Nc1ccc(CCC(F)(F)F)cc1,-6.2,3.7708753565032582,5_1088
CCC(=O)c1ccc(Cl)cc1NCC1=NCCN1,-5.7,3.5497125424747775,5_1089
O=C(NC(CCCNC(=O)c1ccc(Cl)s1)C(=O)O)c1ccccc1,-6.0,3.592114454169871,5_1090
Cc1cccc(N2CCN(C(=O)c3oc4ccccc4c3C)CC2)c1,-7.3,3.6495095231124295,5_1091
CC(=O)N1CCN(S(=O)(=O)c2cccc(C(=O)N3CCC(C(=O)Nc4ccc(F)cc4)CC3)c2)CC1,-8.2,3.6029150254728224,5_1092
COc1ccc(C2c3c(oc4cc(C)c(C)cc4c3=O)C(=O)N2Cc2ccco2)cc1OC,-7.6,3.632157082006553,5_1093
CCCS(=O)(=O)Nc1c(F)ccc(C(=O)c2[nH]nc3ncc(-c4ccc(C(=O)O)cc4)cc23)c1F,-7.1,3.351152250913679,5_1094
COc1ccc(Nc2ccc(Cl)cc2[N+](=O)[O-])cc1,-6.3,3.641681191410715,5_1095
NCCNC(=O)C(NC(=O)C(Cc1ccc(O)cc1)NCc1cccs1)c1cccc2ccccc12,-7.1,3.2449650305609046,5_1096
O=c1cc(-c2ccccc2I)c2cc(Cl)ccc2n1CCN1CCOCC1,-6.7,3.615478809966396,5_1097
COc1ccc(NC(=O)CC(NCc2ccccc2OC)c2ccc(OC)c(OC)c2)cc1,-6.2,3.6100307742632474,5_1098
CC(C)CC(NC(=O)C(C)NC(=O)/C=C/C(=O)NC(C)C(=O)NCC(=O)NC(Cc1ccccc1)C(=O)O)C(=O)NC(C)C(=O)NC(C(N)=O)C(C)C,-5.3,2.4768386233895607,5_1099
CCC=CC1=CC(C=C(C)C=C2OC(=O)C=C(CCc3ccccc3)C2(C)O)OC1,-6.4,3.485995557613451,5_1100
CC1CC(C(=O)O)NC(=O)C(Cc2ccccc2)NC(=O)CNC(=O)C(NC(=O)C(N)Cc2ccc(O)cc2)CSS1,-7.0,1.4930076292387278,5_1101
O=C(OCc1ccccc1)N1CCc2ccc(OCc3ccccc3)cc2C1,-6.8,3.6359633014002526,5_1102
Cc1ccc(NC(=O)C(=O)NCC(c2cccnc2)N2CCCCC2)cc1,-6.3,3.679349750898653,5_1103
Cc1ccccc1Cc1sc(CCCCl)cc1C(O)=c1cccc(C)c1=C(O)Nc1ncccc1C,-7.7,3.373957735369621,5_1104
O=C(Nc1ccc2c(c1)OCO2)C(=O)Nc1c(Cl)cncc1Cl,-6.4,3.605004086529528,5_1105
Cc1nc2ccccc2c(-c2ccco2)c1C(OC(C)(C)C)C(=O)O,-5.8,3.8012183408080213,5_1106
CNC(=O)c1c(-c2ccc(F)cc2)oc2cc(C(O)CCN3CCC3)ccc12,-6.8,3.742862248846648,5_1107
O=C1NC[C@H]2C(C3CCN(c4ccccc4)C32)N1Cc1ccccc1,-6.8,3.4447491933727576,5_1108
COc1ccc(-c2cc3nc(-c4ccco4)cc(-c4cccs4)n3n2)cc1,-7.7,3.5250899786600565,5_1109
C=CCN1CC(=O)N2C(Cc3ccc(O)cc3)C(=O)N(Cc3cccc4c(C(=O)N5CCN(S(C)(=O)=O)CC5)cn(C)c34)C[C@@H]2N1C(=O)NCc1ccccc1,-7.4,2.8273348382952896,5_1110
COC(=O)C1CC(C(=O)OC)N(c2ccc(Sc3ccccc3)cc2)C(=O)N1CC(=O)NC(CC(=O)O)C(=O)COc1ccccc1,-6.8,3.0569873018573013,5_1111
O=C(NCc1ccc(S(=O)(=O)c2cccc(C(F)(F)F)c2)cc1)c1cc2ccncc2o1,-7.4,3.681019172622558,5_1112
CN(C)c1ccccc1-c1noc(CNC(=O)c2ccc(S(=O)(=O)N3CCCCC3)cc2)n1,-7.0,3.659796864757822,5_1113
CCN(Cc1ccc(OCCc2c(C)nnn2CCC(N)=O)nc1)C1CCCCC1,-5.8,3.5832082262799867,5_1114
CC=NN(C)C[N+]([O-])=CC=C1C=CC=NC(N)=NC=N1,-5.9,0.8001315594853171,5_1115
Cc1oc(-c2ccccc2C=O)cc1C(=O)N[C@H](C)[C@](O)(Cn1cncn1)c1ccc(F)cc1F,-7.4,3.5080973578926273,5_1116
COc1ccc(CC2=NC(=O)NC2=O)cc1OCC(=O)Nc1ccccc1,-6.8,3.6702617676610916,5_1117
[CH]C[C@@]12CC[C@H]3C(C)(C)C(=O)C(O)C[C@]3(C)[C@H]1CC[C@H]1C=C(C)[CH]CC[C](C(=O)OC)CC[C@]12C,-7.7,0.857441264949828,5_1118
CN1C(=O)C(CS)NC(=O)C1Cc1ccccc1,-5.2,3.466269954051982,5_1119
CCO/C=N/C1=C(C#N)C(c2ccc(Br)cc2)c2ccc3ccc(C)nc3c2O1,-7.0,3.5851796216137224,5_1120
CC(C)c1cccc(NC(=O)Cn2nc3c(SC4CCCCC4)nccn3c2=O)c1,-7.0,3.7317219411840004,5_1121
COC[C@@H]1CCCN1c1nc2cc(C(=O)O)ccc2nc1-c1cccc(-c2ccccc2)c1,-7.5,3.655581839236205,5_1122
COc1ccc(-c2csc(N3CCOCC3)n2)cc1OC,-6.2,3.6960820625928403,5_1123
O=C(O)CNCCCCCCNc1c2ccccc2nc2ccccc12,-5.8,3.504752995651581,5_1124
Cc1ccc(NC(=O)CCCNC(=O)Cn2ccc3ccccc3c2=O)c(C(C)(C)C)c1,-5.3,3.6526944710765177,5_1125
CC(C)CC(NC(=O)CNC(=O)C(N)Cc1ccc(O)cc1)C(=O)NC1CCOCC(C)C1,-6.0,2.1857610632390014,5_1126
CN(C)C=C1CC(N2CCCCS2(=O)=O)=CC1=NC(=O)NC(Cc1ccccc1)C(=O)NCCc1ccc(S(N)(=O)=O)cc1,-7.5,3.165384752776546,5_1127
CC(C)N(CCOC=C1C=COC(CC(C=O)Nc2cccc(C(=N)N)c2Cl)=C1)C(C)C,-5.5,3.0312816590673473,5_1128
CC(C)(C)OC(=O)NC(CC(=O)O)C(=O)N1CCCC1C(=O)NCc1cccc(-n2cccn2)c1,-6.5,3.4535119378290684,5_1129
O=C(Nc1ccc(-c2nc(N3CCOCC3)c3cccnc3n2)cc1)Nc1cccc(CCO)c1,-7.0,3.5026999138710604,5_1130
CC[C@@]1(OC(=O)CNC(=S)NC(=O)c2cccs2)C(=O)OCc2c1cc1n(c2=O)Cc2cc3ccccc3nc2-1,-7.2,3.1720178181232863,5_1131
CN(C)c1ncccc1C(=O)N1CCC[C@H](c2nnc(Cn3cccn3)n2C)C1,-6.4,3.6292401654941995,5_1132
O=C(NCc1nc(-c2noc(-c3ccncc3)n2)cs1)c1ccc(Br)cc1,-7.4,3.657395344341225,5_1133
CC1C=Cc2cc(N(C)c3ccnc(Nc4cc(N5CCOCC5)cc(S(C)(=O)=O)c4)n3)ccc21,-7.3,3.5711188411829764,5_1134
Cc1cccc(Nc2nc(-c3ccnc(Nc4ccc(F)cc4)c3)cs2)c1,-7.9,3.619751903221316,5_1135
C=C1[C@H](OC(=O)c2ccccc2)[C@@H](OC(C)=O)[C@@H](OC(C)=O)C(C)(C)C=CC(C)C(=O)[C@@]2(O)C[C@@](C)(OC(C)=O)[C@H](O)[C@@H]2[C@H]1OC(C)=O,-6.2,0.8935421057614361,5_1136
C=c1oc(=CC=CN2C(=O)C(CC)C2=O)c(O)c1C(=O)NCCOC,-5.7,2.1935014926136893,5_1137
NS(=O)(=O)c1cncc(OCc2ccccc2)c1,-5.7,3.6903291352105674,5_1138
Cc1ccnc(CSc2cnc(Nc3cccc(C)n3)s2)c1,-6.8,3.7015537926222812,5_1139
Cc1ccc(OC2CCCC2CN)cc1C(=O)O,-5.9,3.582744363909682,5_1140
COc1ccc(F)cc1CNCCn1ccc(=O)[nH]c1=O,-6.1,3.613638799216319,5_1141
CC(C)C1OC(C=CC=C(F)C(=O)NC[C@@H](NS(=O)(=O)C2CC2)C(F)F)N=CC1=O,-5.8,3.1436094030904016,5_1142
COc1ccc2nc(-c3cc(-c4cnn(C5CCNCC5)c4)cnc3N)oc2c1,-8.5,3.6053452717673258,5_1143
COc1ccc(C(c2ccc3c(c2)OCO3)n2c(O)ccc2O)cc1OC,-6.7,3.702332611254321,5_1144
COc1ccccc1C(=O)Nc1cccc(-c2ncn(C)n2)c1,-6.5,3.7796938607393313,5_1145
CCOC(=O)CCNCC(O)COc1ccccc1C(C)C,-5.2,3.4340115122107813,5_1146
CN1CCC(N(Cc2ccccc2)C(=O)C2CCC2)CC1,-5.8,3.3601615660246047,5_1147
CCOC(=O)c1ccc(NC(=O)C(=O)N2CCc3ccccc32)cc1,-6.3,3.6960478879621603,5_1148
N#Cc1c(NC(=O)c2cc(-c3ncccc3F)ccc2F)n(-c2ccccc2)[nH]c1=O,-8.5,3.659962416509819,5_1149
CCOc1ccc(C(=O)CC(c2ccccc2C(F)(F)F)c2c(O)ccc3ccccc23)cc1,-6.6,3.4677576227130174,5_1150
COC(=O)c1ccc(CC(NC(=O)c2cccs2)C(=O)NCc2ccc3c(c2)OCO3)cc1,-7.5,3.586482418639422,5_1151
Cc1ccc(NC(=O)CN(C)C(=O)c2cccc(Br)c2)cc1Cl,-6.3,3.7188799038820797,5_1152
CC(C)C(Cc1ccccc1)C(=O)NCc1ccc(-c2ccco2)cc1,-6.6,3.6027507141025477,5_1153
O=C(O)CCCCCn1cnc(-c2ccc(F)cc2)c1-c1ccncc1,-6.1,3.7037904442191407,5_1154
O=S(=O)(c1ccc2c(c1)OCCO2)N1CCn2c1nc1ccccc12,-7.2,3.5999416130283732,5_1155
COc1ccc(CN2C(=O)c3ccccc3CS2(=O)=O)cc1OC,-6.0,3.734635979901289,5_1156
CC(C)N(Cc1c[nH]cn1)c1ccc(Br)cc1,-5.4,3.660084296792806,5_1157
CC1=NN(c2ccc(S(=O)(=O)O)c(Cl)c2)C(=O)C1=Cc1ccc(O)cc1,-7.4,3.575253650398208,5_1158
CC1C=CC(=NC(=O)c2c(NCc3cccnc3)sc3c2CCCCC3C)C1,-7.5,2.6145441518057897,5_1159
COc1cc(C(=O)c2sc3ccccc3c2Cl)ccc1O,-6.8,3.688256241316008,5_1160
O=C(O)C(Sc1nc(I)c[nH]c1=O)c1ccccc1,-6.0,3.57510114562651,5_1161
COC=C1C=CC(C(C(=O)NC2CCCC2)N(Cc2ccccn2)C(=O)CCN2CCOCC2)=C1,-6.5,3.320560371959076,5_1162
O=C(Nc1ccc(OCc2nc3ccccc3s2)cc1)C1CCCN1S(=O)(=O)c1ccc(F)cc1,-6.6,3.625179437722874,5_1163
CCOP(=O)(OCC)C1CSC(=N)N1,-4.3,2.0834449585908454,5_1164
CC(C)(O)C#CC1=CS2=CC(C#N)c3nc4ccccc4n3C=C2C1=O,-6.9,2.5064307969335,5_1165
CN1CCN(C(=O)COc2ccc(NC(=O)C3CCN(C(=O)c4cccs4)CC3)cc2)CC1,-6.6,3.63920662123974,5_1166
Cc1cnn(CCCOCC2c3ccccc3Cc3ccc(C#N)cc32)c1,-6.9,3.6234258537856086,5_1167
CCC(C)NC(=O)c1ccc2nc(C3COc4ccccc4O3)oc2c1,-6.9,3.8020896524625734,5_1168
Nc1nc(-c2ccc3c(c2)OCCO3)cc(-c2ccccc2C(F)(F)F)n1,-7.7,3.735385503001658,5_1169
O=C(NCCN1CCN(C(=O)OCc2cc(Cl)cc(Cl)c2)CC1)c1cc(-c2ccccc2)on1,-6.9,3.6808369371857914,5_1170
c1ccc(COc2cc(CCc3ccncc3)cnc2-c2ccccn2)cc1,-7.5,3.576288628913731,5_1171
C[SH]1c2ccccc2Nc2cc(C(=O)N3Cc4ccccc4CC3C(=O)N=C3C=C(CC(=O)O)C3)ccc21,-8.5,3.3127988771722974,5_1172
Cc1cc2cccc(NC(=O)C3CCCO3)c2n1Cc1ccccc1,-6.9,3.7290094199385324,5_1173
O=[N+]([O-])C=CC=CC=Cc1cc(-c2ccc(C(F)(F)F)cc2)o[n+]1[O-],-6.6,3.4278045114611104,5_1174
CC[C](OC(=O)NCCOCCOCCOc1no[n+]([O-])c1S(=O)(=O)c1ccccc1)C(=O)C=C1[CH]C[C](O)C1[C@H](C)O[C@@H]1O[C@H](CO)[C@@H](O)[C@H](O)[C@H]1O,-5.8,2.179787183380571,5_1175
CCON(CCNS(=O)(=O)C1=CC(C=N)C=C1)C1CC=CN=C(c2ccc(F)cc2)N=CN(c2cc(F)ccc2CO)C1=O,-7.0,0.8660006764630257,5_1176
CN1CC(CNC(=O)c2c(NC(=O)c3nc(C4CC4)cnc3Nc3cncnc3)cnn2C)C1,-7.0,3.2253139000929054,5_1177
CCOc1cc(N2CCN(C)CC2)ccc1Nc1ncc2c(n1)N(C)c1ccccc1C(=O)N2C,-7.9,2.6115074741130595,5_1178
O=C(c1ccccc1)N1N=C(c2ccc(Cl)cc2)CC1c1ccc2c(c1)OCO2,-8.2,3.599126399113193,5_1179
CN(c1ccccc1)c1cc(C(=O)N2CC(c3cccnc3)C2)c2ccccc2n1,-7.8,3.6329436211203943,5_1180
O=C(N=Cc1ccccc1O)NCc1ccccc1,-6.2,3.547424569508829,5_1181
NC=[N+]([O-])C=C(Br)C(Br)=Cc1cccc(=O)[nH]1,-5.7,3.0794400947944385,5_1182
CCn1c(SCc2ccc(C(=O)O)cc2)nnc1-c1ccc(-n2nc3ccccc3n2)cc1,-7.0,3.4394130702933174,5_1183
CC(O)(/C=C/C(C)(C)C(=O)OCC1(C)COC1)CCC1=CCOC(=O)C(c2ccc(O)cc2)C(=O)C=C2CCOC=C21,-7.3,0.7212200105200974,5_1184
COC(=O)NCCC[C@@H](C)[C@H]1CC[C@H]2[C@@H]3CC[C@@H]4C5[C]6OC(O)(O)C7CC6(C=C(OC)C=CO7)C(=O)O[C@H]5CC[C@]4(C)[C@H]3CC[C@]12C,-7.1,0.6829916575015336,5_1185
Cc1ccc(C(=O)Nn2c(-c3cccs3)nc3ccccc32)cc1C,-8.0,3.696085657783688,5_1186
CC=C1C=CC(C(=O)Nc2ccc(NCC(=O)NCc3ccccc3)cc2)=C1,-6.7,3.61293878022299,5_1187
Cc1ccc(CN2CCC(C)(Cc3ccccc3)CCNC2=O)o1,-6.4,1.8306519874721205,5_1188
C=C1C(CO)CC[C@@]2(C)C3=CC(=O)O[C@@H](C)[C@@H]3CC[C@@]12C,-6.1,3.090583722234096,5_1189
Cc1ccccc1OS(=O)(=O)c1ccc(/N=N/c2ccc(N(C)C)cc2)cc1,-6.2,3.614189902300734,5_1190
Oc1c(N=Nc2ccc(I)cc2)ccc2ccccc12,-7.4,3.566695796147035,5_1191
COc1cc2c(c(OC)c1OC)-c1ccc(OC)c(=O)cc1[C@@H](NC(=O)CCCBr)CC2,-6.4,2.691617505472226,5_1192
COC(=O)C(C)NP(=O)(OCC1C=CC(Cn2cc(C)c(=O)[nH]c2=O)O1)Oc1ccccc1,-6.9,3.203408566379676,5_1193
CSCCc1c(C(=O)NC[C@H](C)N(C)C)nn(-c2ccccc2Cl)c1-c1ccc(Cl)cc1,-5.8,3.6774614268196273,5_1194
C[C]1CCN=CC1[CH]CC[C@@H]1[CH]CC[C@@]2(C)[C@H]1CCN2c1ccccn1,-6.2,3.28430936371669,5_1195
Cc1cccc(SCC(=O)N2CCCCC(C(=O)Nc3ccc(Cl)cc3)C2)c1,-6.8,2.7036662839380625,5_1196
CCCn1c(=O)n(CC)c2cc(S(=O)(=O)Nc3cc(OC)c(Cl)cc3OC)ccc21,-6.9,3.6829553955349414,5_1197
CC1(C)CN(S(=O)(=O)c2ccc(C(C)(C)C)cc2)c2cc(C(=O)N3CCOCC3)ccc2O1,-7.3,3.575486364662785,5_1198
CO[C]1C2C[C@@]3(C[C@@H]1[C@](C)(O)c1ccc(F)cc1F)[C@H]1Cc4ccc(O)c5c4[C@@]3(CCN1CC1CC1)[C@H]2O5,-7.9,3.2840342264083398,5_1199
O=C(CCc1ccccc1)N=C1C(=O)N(C(=O)c2[nH]nc3c(Cl)cccc23)[C@H](c2ccc(Cl)s2)[C@H]1CO,-7.3,3.4492327003808887,5_1200
N#Cc1cnc2ccc(F)cc2c1N1CCC(Oc2ccc(F)cc2F)CC1,-7.1,3.7263610628116566,5_1201
C=C(C)C(=O)C1CC[C@]2(C)[C@H]3CC=C4[C@@H]5CC(C)(C)CC[C@]5(C(=O)O)CC[C@@]4(C)[C@]3(C)CC[C@H]2C1(C)C,-6.7,2.7294335537372216,5_1202
Cc1c[nH]c(-c2nccn2Cc2cccnc2)c1C(=O)O,-5.9,3.7234291035216867,5_1203
COC=C1C=C(CCNC(=O)C2=NC=CN3C(c4ccccc4)=CC(C)=NC23)C=C1OC,-7.1,3.419927415398325,5_1204
CC(=O)Nc1ccc(S(=O)(=O)Oc2cc(C(F)(F)F)ccc2Cl)cc1,-6.4,3.693404390107312,5_1205
CCOC(=O)c1c(NC(=O)CNC(=O)c2ccc(C)cc2)sc2c1CC(C)(C)NC2(C)C,-6.8,3.5802797572757155,5_1206
Cc1ccc(CCC2C=C3N=CC=C(n4nc(C)cc4C)N(c4ccc(C#N)cc4)N=C3C2)c(C)c1,-6.9,1.6544808737279624,5_1207
CC=C1C(CC(OC(=O)N2CCC(NCc3ccc4ccccc4c3)CC2)c2nnnn2Cc2ccccc2)=Cc2cc[nH]c21,-6.9,3.1513336834852343,5_1208
COC=CC=C1Cc2c(nc(NCC3CCCCC3)n3c(C)cnc23)N=C1C,-6.4,3.6127587803537713,5_1209
CS(=O)(=O)NC=CC(=CCC=O)[C@@H](O)CNCCCOP(=O)(Oc1cccc(OP(=O)(O)O)c1)Oc1cccc(C(=O)NCCC(=O)O)c1,-6.3,2.411551684652297,5_1210
O=C(N[C@@H]1CC2CCCC(Cc3ccccc31)C2)c1cccc(Cl)c1,-7.0,1.5495789645738949,5_1211
O=C(O)C1CCC(CNc2ncnc3ccc(-c4ccc5c(c4)OCO5)cc23)CC1,-8.0,3.6207048878510792,5_1212
C[C]1C(C[CH]CC(C)(C)O)C[C@@H]2C[C@@]3(C)CC[C@@H](O)[C@](C)(C(=O)O)[C@@H]3CC[C](O2)C1[CH]OC(C)=O,-6.3,1.2045477863388374,5_1213
COc1ccc(NC2CCN(CC(F)(F)F)C2=O)cn1,-5.6,3.5995183793886305,5_1214
CC(C)(C)CC1NCC(=O)C[C@@H]1CC(=O)Nc1ccc(F)cc1F,-6.1,3.6485964975560496,5_1215
CCC1CC(=O)C(c2ncc3cc(C4CC4)ccc3c2C)C(=O)CN1,-7.9,2.641028351091938,5_1216
Nc1c(C=Nc2ccccc2C=O)[nH]c2cc(-c3ccco3)ccc12,-6.9,3.5941192578418732,5_1217
Cc1cc2nc(-c3ccc(N)cc3Cl)n(CC(=O)N3CCN(c4ccccc4)CC3)c2cc1C,-8.0,3.6172572429685133,5_1218
CSc1nn(-c2ccccc2)c2ccc(NC(=O)/C=C/CNC3CCOCC3)cc12,-6.6,3.6178005727159963,5_1219
CCN(C[C@H](C)O)C(=O)c1ncccc1-c1ccc2c3[nH]ncc3c(=O)n(CC(F)(F)F)c2c1,-7.3,3.6298932729106816,5_1220
O=C(CN1CC2(CCc3ccccc32)NC1=O)N[C@H]1CCCC[C@H]1NC(=O)Oc1cccnc1,-7.5,3.407057521875953,5_1221
CS[C@@]12OC[C]1C1[C]C3=CC(=NO)[C@](C)(C[C@@H]1C[C@H]2O)C[C@H]1[C]3CCCC1(C)C,-7.2,1.1629925154322263,5_1222
CCC[CH]N=C([CH]C(=O)OCC)N[C@@H]([CH]c1ccccc1)[C@@H](C)Cl,-4.9,3.187074548326228,5_1223
CC(=O)NC(Cc1ccccc1)C(=O)NC1C(=O)N2C(C(=O)O)C(C)(C)S[C@H]12,-7.0,3.327223918733876,5_1224
Cc1cnc(NC(=O)C2CCN(C(=O)C3CC3)CC2)s1,-5.7,3.5297460254297914,5_1225
CC(C)CN(C[C@H]1CCCOC1)S(=O)(=O)c1cnn(C)c1,-5.7,3.5234431313643477,5_1226
Cc1nn(-c2ccc(C(N)=O)c(N[C@H]3CC[C@H](O)CC3)c2)c2c1C(=O)CC(C)(C)C2,-7.6,3.536529283816868,5_1227
COc1ccc(-c2nc(NC(=O)c3c(-c4ccccc4Cl)noc3C)sc2C)cc1,-6.7,3.6640302817674257,5_1228
O=C(COC(=O)c1cccc(Cl)c1)Nc1nnc(-c2ccccc2)o1,-7.4,3.70951401319846,5_1229
CC1=CC2C[C@H](C)N(C)C[C@@H](C=CC=C1Cl)O2,-5.4,0.9328661680039181,5_1230
O=C1NCCc2ccc(OCCCCN3CCN(c4cccc5sccc45)CC3)cc21,-6.5,3.588116848852308,5_1231
COC(=O)C[C@@H]1[C@H]2CCCN3CCC[C@@H](CN1C(=O)C1C=CC=COC1)[C@@H]23,-6.3,2.166057069756831,5_1232
O=C1c2ccccc2C(=O)N1c1cccc(Br)c1,-6.5,3.510328074890673,5_1233
Cc1nn(Cc2ccc(NC(=O)c3cccc(-n4cccc4)c3)cc2)c(C)c1CC(=O)O,-6.8,3.6507609770050484,5_1234
COC=C1C=CC=C(C2=CC(C(=O)N3CCCN(S(C)(=O)=O)C3)C=S2C)C1,-6.9,3.2433811259828063,5_1235
COc1ccc(C(=O)Nc2nc3c(s2)CN(C(=O)c2ccccc2Cl)CC3)cc1,-6.6,3.774675668932224,5_1236
FC(F)(F)c1cccc(/N=N\C2=C3CCCN3CCCC2)c1,-6.4,2.4348391514884486,5_1237
CC(C=NNC(=O)c1cccc(O)c1O)=Cc1ccccc1,-6.4,3.4864773829485554,5_1238
CCCCCCCCCCCCCCCCNc1ccc(C(=O)O)c(O)c1C,-5.1,3.1470620393486612,5_1239
Cc1cccc(NC(=O)c2cccc(OC(F)F)c2)n1,-6.6,3.7347396442827216,5_1240
C=C[C@@]1(C)CC(=O)[C@]2(O)[C@@]3(C)[C@@H](O)CCC(C)(C)[C@@H]3[C@H](OC(=O)NCCCCCN)[C@H](OC(C)=O)[C@@]2(C)O1,-6.4,2.6285876346038695,5_1241
CCN1C=C(NC(=O)c2cc(NC(=O)c3ccc(/C=C/C(=O)c4ccc(N)cc4)cc3)cn2CC)C1C(=O)N(C)C1CCSCC1,-3.4,2.989100479599286,5_1242
CCN(Cc1ccccc1)C(=O)COC(=O)c1ccc(F)cc1F,-6.4,3.6748941059967173,5_1243
C=C1/C(=C/C=C2/CCC[C@]3(C)[C@@H]([C@H](C)CCCC(C)(C)O)CC[C@@H]23)C[C@@H](O)[C@H](CCCCO)[C@@H]1O,-6.4,2.8689761318144256,5_1244
C[C@]12CC[C@H](O)CC1=CC[C@@H]1C2CC[C]2CC(=O)/C(=C/c3ccccc3Cl)C[C@H]21,-7.7,3.0217595368919428,5_1245
NC(CC(=O)O)C(=O)NC(CO)C(=O)O,-4.7,1.4037864730264857,5_1246
COCCN1CCC(CN(C)C(=O)C2CC(=O)N(CCc3ccccc3)C2)CC1,-6.2,3.440801981009145,5_1247
Cc1ccc(OCC(=O)NCCc2ccccc2)c([N+](=O)[O-])n1,-6.2,3.6321614711244665,5_1248
CC#CCOc1ccc(C(=O)NC(C(O)=NO)C(C)C)cc1,-5.4,3.167618445726304,5_1249
Oc1c(Cc2ccc(F)cc2)c2ccccc2n1Cc1cccc2ccccc12,-8.4,3.357310652543953,5_1250
COc1ccc2c(c1)c(=O)c1ccccc1n2C(=O)c1ccc(OC)c(OC)c1,-6.7,3.6225457515892288,5_1251
O=C(CC1C(=O)N(c2ccccc2)C[C@@H]1c1ccccc1)c1ccccc1,-6.5,3.51601553838963,5_1252
CC(C)NC(=O)N(C)C[C@H]1Oc2ccc(NC(=O)Nc3ccc(C(F)(F)F)cc3)cc2C(=O)N([C@@H](C)CO)C[C@@H]1C,-6.2,1.5311517581933582,5_1253
CC(C)(C)c1ccc(S(=O)(=O)NCc2ccc(C(=O)NCc3cccnc3)cc2)cc1,-6.3,3.713475640485461,5_1254
CC1NC(=O)N(c2ccc(C#N)cc2)C2(CCN(Cc3ccccc3[N+](=O)[O-])CC2)C1=O,-7.0,3.537275226203181,5_1255
CC[C@H]1OC(=O)C(C)C(=O)C(C)[C@@H](O[C@@H]2O[C@H](C)C[C@H](N(C)C)[C@H]2O)[C@](C)(OC)C[C@@H](C)CN(C(=O)NC(C)C)[C@H](C)[C@@H](O)[C@]1(C)O,-5.9,1.2329437226593245,5_1256
N=C(N)c1cccc(CN2CCC(NS(=O)(=O)c3cccc(C(=O)O)c3)C2=O)c1,-7.0,3.2899119559324355,5_1257
COc1cc(-c2c(OC)nnn2-c2ccc(F)cc2)ccc1Oc1ccc(S(C)(=O)=O)nc1,-7.8,3.495522228443357,5_1258
CC(C)S(=O)(=O)c1ccccc1Nc1nc(NN=CC2=CC=CCC2)ncc1Cl,-7.1,3.552704095739342,5_1259
C#CCOC(=O)C1Cc2c([nH]c3ccccc23)[C@H](c2ccc(SC)cc2)N1[C@H]1CC[C@H](NC2CCc3ccc(F)cc3[C@@H]2C)CC1,-7.6,2.961389455967102,5_1260
CC1=CC(=O)c2cccc(-c3nc4ccccc4cc3C)c21,-7.8,3.443634682894084,5_1261
CC(=O)OC[C@H](Nc1[nH]c2ccccc2c1C(C)=O)C1=CCC(C)CC1,-6.6,3.55071536370783,5_1262
O=C(NCc1ccc(S(=O)(=O)c2ccccc2C(F)(F)F)cc1)c1cc2cnccc2[nH]1,-7.0,3.640864712050808,5_1263
COc1cc(Cl)c(/C(C)=N/NC(=O)C2CCN(c3nnc(C)c4c(C)n(-c5ccccc5)nc34)CC2)cc1Cl,-7.0,3.3933857256423927,5_1264
Oc1cc(O)c2c(c1)O[C@H](c1ccc3c(c1)O[C@H](c1ccc4c(c1)OCO4)C(c1ccc(O)c(O)c1)O3)[C@@H](O)[C@H](O)[C@H]2O,-9.1,1.8023364648002698,5_1265
OCC1Cc2ccccc2N1,-4.6,3.217355322219354,5_1266
C=CCNC1=CC[C@H](C)C[C@@H](NC(=O)CCN)[C@H]1c1ccccc1,-5.4,2.514341870835861,5_1267
Nc1nccn2c(-c3[nH]ccc3C(F)(F)F)nc(-c3ccc(NC(=O)c4ccc(F)c(F)c4)cc3)c12,-7.6,3.3585467795064172,5_1268
CCNC(=O)C1C[C@@H](NC(=O)Nc2ccccc2)CN1C1CCCC1,-5.8,3.489552911799203,5_1269
O=C(Nc1nc2c(s1)C[C@@H](N1CCOCC1)CC2)c1ccc(Nc2ncc(Cl)c(Nc3cccc(C(F)(F)F)c3)n2)cc1,-4.6,3.1394694117228497,5_1270
O=C(O)C#CCOc1ccc(-c2cc(=O)c3ccccc3o2)cc1,-6.2,3.7169812044543944,5_1271
Cc1ccccc1N1CCN(CC2COc3ccccc3O2)CC1,-6.6,3.584013948014312,5_1272
Cc1nnn(CCc2c[nH]c3ccccc23)c1Sc1cccc(C(C)C)n1,-7.0,3.6984221300294564,5_1274
CCC[C@H](NC(=O)N1CC(=O)Nc2cccnc21)c1ccc(OC(F)(F)F)cc1,-7.3,3.719619077967372,5_1275
COc1cc(CNCCCCCCNCCSSCCNCCCCCCNCC(O)c2ccc(C#N)cc2)cc(OC)c1OC,-4.3,2.7896921570785636,5_1276
O=C(O)C=CC=CN=CC(CNc1cc(C(F)(F)F)ccc1Cl)c1cccc(Oc2cc(Cl)cc(Cl)c2Cl)c1,-7.8,3.030187482471854,5_1277
COc1cccc(-c2cccc(C(=O)Nc3ccc(C4CNCCO4)cc3)n2)c1,-7.2,3.74840745080025,5_1278
COc1ccc(NS(=O)(=O)c2cc(C(=O)Nc3cc(C)cc(C)c3)ccc2C)cc1,-7.6,3.731162494392989,5_1279
C=C(C=CC1=C(OC(=O)CNCCCNCCCCNCCCN)c2ccccc2C1=O)c1ccccc1,-6.0,3.064545003714243,5_1280
COc1ccc(C#Cc2ccccc2)c(CC(C)N(C)CCc2cc3ccccc3[nH]2)c1,-7.1,3.407168497572078,5_1281
NC(=O)c1ccccc1Nc1ccc(S(=O)(=O)NC2CC2)cc1,-6.2,3.6278897456404593,5_1282
O=C(Nc1ccc(Cl)cc1)c1cc2ccccc2o1,-6.1,3.6242323642267227,5_1283
COC=C1C=Cc2c1nc(-c1ccc(Cl)cc1N)nc2N1CCCCC1,-7.1,3.5880503614605574,5_1284
Cc1cccc(COc2nn3c(-c4cc(C)on4)nnc3c3c2C2CCC3CC2)n1,-7.6,3.4063675891111007,5_1285
CC=CC(CCC(=O)N=C1C=NC1)=NC(=O)c1cc(/C=C/c2ccc3ccccc3c2)nn1CC1CC1,-6.6,3.42512544269121,5_1286
CCOc1ccc2nc(NCc3ccc(Cl)nc3)c(C#N)cc2c1,-6.5,3.7618797218690982,5_1287
COc1ccc2c(c1)c(CC(=O)NC1(CO)CCCC1)c(C)n2C(=O)c1ccc(Cl)cc1,-7.3,3.7110563388886186,5_1288
COc1ccccc1-c1cc(C(=O)NC2CCCCCC2)[nH]n1,-6.5,2.7030941445832513,5_1289
O=C(Nc1cccc(S(=O)(=O)N2CCCC2)c1)c1ccc(F)cc1,-7.1,3.773189660726757,5_1290
COC=CC=C(C)[C@H]1OCCCCCCC=CC2C(=NC1C(=O)OC)CC(=O)C2c1ccccc1,-6.9,1.6875093442283098,5_1291
COC(=O)[CH][C@H](NC(=O)N([CH]CCCO)Cc1ccc(OC)c(OC)c1)c1cccc(F)c1,-5.9,3.48745431616307,5_1292
COc1ccc(CNC(=O)CCOc2cc(C)ccc2C(C)C)c(OC)c1,-5.8,3.7091223894411804,5_1293
C=CCC(CC(=O)N[C@H](CO)Cc1ccccc1)C(=O)N[C@H](CCc1ccccc1)COC(=O)C(C)(C)c1cccc(F)c1,-5.9,3.1851722591387945,5_1294
c1cncc(Nc2cccc3cnccc23)c1,-7.25,3.6112039316825255,5_1295
O=c1c2ccccc2nc(SCc2ccccc2F)n1CCc1ccccc1,-7.6,3.4961916488181357,5_1296
CCN(CC)CCCn1cnc2c(c1=N)C(c1ccccc1)c1ccc3cccnc3c1N2,-6.7,3.598750736148129,5_1297
Cc1c(-c2cnc(N)c(-c3ccc(C(=O)N[C@H](CN)c4cccc(F)c4)c(F)c3)c2)cnn1C,-8.0,3.5546175038112118,5_1298
C=C(c1ccc(O)c(OC)c1)c1cn(-c2ccccc2)nc1-c1ccc(F)cc1,-7.6,3.654635061025612,5_1299
O=C(Nc1ccc2c(c1)C(=O)NC2=O)c1ccccc1,-7.6,3.614633065428179,5_1300
CCOc1ccccc1OCC(=O)Nc1ccc2ccccc2c1,-6.2,3.7081714523248124,5_1301
O=C(N[C@H]1CN2CCC1CC2)c1cccc2c1CC[C@@H]2O,-6.2,3.212535393356959,5_1302
COc1ccc(NC(=O)Nc2ccc(Oc3ccnc4cc(OC)c(OC)cc34)cc2)cc1OC,-6.7,3.5150111753052853,5_1303
CCc1cccc(NC(=O)CCC2CCCN(C(=O)c3ccccc3)C2)c1,-7.0,3.6342545138981563,5_1304
O=C(NC(Cc1ccccc1)C(=O)O)C(Cc1ccc(F)cc1)=NC(=O)c1ccco1,-6.7,3.6163835533540585,5_1305
Cc1n[nH]c(N2CCC(C(=O)Nc3ccc(S(N)(=O)=O)cc3)CC2)n1,-7.0,3.4852552617701913,5_1306
O=S(=O)(Nc1ccc2ncnc(Oc3ccc(N4CCOCC4)cc3)c2c1)c1ccccc1F,-7.9,3.618376137727318,5_1307
O=[SH]n1onc1Cc1ccc(-c2ccccc2)cc1,-6.1,3.6583444783745307,5_1308
c1cnc(N2CCN(Cc3cnn(CCC4CCCCC4)c3)CC2)nc1,-6.0,3.578786310464933,5_1309
COc1ccc(OC)c(C(NC(C)=O)c2ccc3cccnc3c2OC)c1,-6.5,3.785351490304506,5_1310
N#Cc1ccccc1NC(=O)CC1Sc2ccccc2NC1=O,-6.2,3.7273208195789573,5_1312
COC=CC=NC=CC(F)OC1=CC=C(NC(=O)C2=Cc3cccnc3N(c3cccc(C(F)(F)F)c3)C2)OC=C1,-7.5,2.2605558728396886,5_1313
COC=C1C=Cc2nc(Oc3ccc(NC(=O)Cn4ccc(C(C)C)n4)cc3)oc21,-6.9,3.65785122752857,5_1314
CN(C)CCCCNCc1ccc2[nH]c3c(c2c1)CCc1ccccc1-3,-6.3,3.479917201737568,5_1315
CCOC(=O)c1sc2ncnc(Nc3cccnc3Oc3ccc(Cl)cc3)c2c1C,-6.6,3.547504179034574,5_1316
CO[C@H]1COC[C@@H]1NS(=O)(=O)N(C)C,-4.3,2.0717724969523488,5_1317
CCCc1c(O)cccc1C(=O)NC1CN(Cc2ccc(S(C)(=O)=O)cc2)C(=O)CC1CC,-6.6,3.6674542999208843,5_1318
O=C(Cn1c(Cl)c(Cl)c2ccccc21)N1CCC2(CC1)OCCO2,-7.2,3.5860689937845267,5_1319
COc1cccc(CN(C)C(=O)c2ccc(CN3CCOCC3)cc2)c1,-6.7,3.7012338311899775,5_1320
CCOC=CCSSC(=S)NCCn1cccn1,-3.9,2.1296339261202895,5_1321
O=S(=O)(Nc1cccc2c1CCCC2)c1cccc(C(O)=NO)c1,-7.1,3.381993135121252,5_1322
C=C1c2cccc(NS(C)(=O)=O)c2CCN1C(=O)CC1(Cl)Nc2nc(N)nc(N)c21,-7.6,3.144541390604562,5_1323
COc1ccc2cc(-c3[nH]nc4cccnc34)[nH]c2c1,-7.1,3.617681159439292,5_1324
CCNN=CN=C1C=CC1C(=O)NCCC(Cc1ccccc1)c1ccccc1C(F)(F)F,-7.0,3.444229396577297,5_1325
CC1(C)Cc2ccc(OCC3CN(C(C)(C)Cc4ccccc4)CCO3)cc2O1,-6.9,3.544324850596461,5_1326
COCCn1cc(C(=O)OC2CCCc3ccccc32)nn1,-6.0,3.652058957833186,5_1327
COc1ccc(-n2c(=S)[nH]c3cc(C(=O)Nc4ccc(Cl)cc4)ccc3c2=O)cc1,-6.9,3.6162387300254166,5_1328
CN(C)CCCn1cc(O)c(=O)c(Br)c1,-4.8,3.5885715488179146,5_1329
O=C(C=Cc1ccc(O)c(O)c1)OCCC1CC(OC(=O)COc2ccc(Cl)cc2Cl)C(Oc2ccc(-c3ccccc3)cc2)O1,-7.2,2.942299768594252,5_1330
CCCCC=NC1=C2C=NN=C(c3cccs3)C2OC2CCCC(C2)NC(=O)N2CCN1CC2,-7.3,1.0285628364338417,5_1331
N#Cc1ccc(Nc2cc(Nc3ccc(Oc4ccccc4)cc3)ncn2)cc1,-6.9,3.6313352229588025,5_1332
CC(C)CN1CCC(N2CCN(c3ccccc3Cl)CC2)CC1,-5.8,3.3715226568475742,5_1333
COCCn1c(-c2ccccn2)nc2cc(N3CCC(C)CC3)ccc21,-6.2,3.709590151626356,5_1334
CCN(CC)C(=O)[CH]C1C(CC(=O)NC2CCCCC2)C(=O)N2CCc3c([nH]c4cc(CCC(=O)N(C)C)ccc34)[C@]12C,-7.1,3.258523861323699,5_1335
CC(C(=O)NCc1ccc(C(F)(F)F)nc1SCCCN1CCCC1)c1ccc(NS(C)(=O)=O)c(F)c1,-6.8,3.2971303936441454,5_1336
C[C@@H](NC(=O)c1cccc2c(Nc3ccccc3)ncnc12)c1ccccc1,-7.6,3.641639786393164,5_1337
CCN1C(=O)N(C)C(COc2cccc(S(N)(=O)=O)c2)C=C1c1ccc(OC)c(OC)c1,-6.9,3.6907506898706126,5_1338
CC(=O)c1sc(N=C2NC(=O)/C(=C/c3cccc(C)c3C)S2)nc1C,-6.7,3.6755315161912314,5_1339
CC=C1C=c2[nH]c(-c3c(F)c(F)c(N4CCN(C)CC4)c(F)c3F)nc2=C1C(=O)O,-7.6,3.516765548997586,5_1340
Cc1c[n+](Cc2cccc(C[n+]3csc(CCO)c3C)c2)cs1,-5.5,3.669903751373723,5_1341
CC1=CC(C)=NC=C(c2nc3c(n2C(C)C)C(c2ccc(Cl)cc2C)N(c2cc(Cl)ccc2C)C3)O1,-6.9,2.4628972989391027,5_1342
Cn1c(N=C(NCc2ccc(-c3ccccc3-c3nn[nH]n3)cc2)N2CCC[C@@H](N)C2)cc(=O)n(Cc2ccccc2)c1=O,-6.4,3.0468855348344297,5_1343
COc1ccc(CC(=O)Cc2ccc3ccccc3c2)cc1,-6.2,3.5201898536869054,5_1344
CC=C1ON=C1CN=C(Cc1cc(OC(F)F)n(C)n1)N1CCCC[C@H]1C1CC1,-6.4,3.274679070857186,5_1345
Cc1ccccc1CCSc1nnnn1-c1cccc(O)c1,-6.7,3.715012749467169,5_1346
COc1ccccc1Cn1nnc2c(=O)[nH]c(C3CCN(C(=O)c4ccc(Cl)cc4)CC3)nc21,-7.6,3.6221862010459196,5_1347
CC1=CN2C(=Nc3cc(C)c(C)cc3N=C2N2CCN(C)CC2)S1,-6.5,2.342301139958808,5_1348
O=C(NC[C@H](O)[C@@H](O)[C@H](O)[C@H](O)CO)c1ccc(Cl)cc1,-5.5,3.159987258830073,5_1349
CCn1cc(C(=O)N(Cc2ccc(C)cc2)C2CCCCC2)cn1,-6.3,3.665332650367189,5_1350
Cc1cc(F)ccc1-c1cccc(C(CC(=O)O)c2nccs2)c1,-6.6,3.737332559433818,5_1351
O=C(Cc1cccc(OC(F)F)c1)Nc1nnc(CCCCc2nnc(NC(=O)Cc3cccc(C(F)(F)F)c3)s2)s1,-6.5,3.0468289797913704,5_1352
Cc1nc2cc(Cl)c(F)cc2[nH]1,-4.9,3.2868638956365785,5_1353
CCCCCC(O)/C=C/C=C/CCCCCCCC(=O)Nc1c(OC)cc(OC)cc1OC,-5.0,3.227295746562424,5_1354
C=C1C=CC(Cl)=CC(=O)NC(CSC(c2ccccc2)(c2ccccc2)c2ccccc2)C(=O)O1,-7.6,1.4008563758079289,5_1355
O=C(O)C=CC=C(/C=C1\S/C(=N\c2ccc(F)cc2)N(c2ccc(Br)cc2)C1=O)[N+](=O)[O-],-7.2,3.359032046526617,5_1356
CCOC(=O)c1c(NC(=O)C=NN(C(=O)C2C[CH]C2(C)C)C(C)C)sc2c1CCC(C)C2,-5.8,3.3618577975692183,5_1358
CC1(C)C=C2O[C@@]3(C4=CC=COC4)Cc4ccccc4[C@H](O3)C2C(=O)C1,-8.0,3.268735475514893,5_1359
CC(=O)N=CC=C1CCC1=Nc1ncc(C(C)C)c(Nc2ccccc2S(=O)(=O)NCC2CC2)n1,-6.9,3.4188116626763643,5_1360
C[C@@](O)(C#Cc1ccc2c(c1)-n1nc(C(N)=O)cc1C(F)(F)CO2)c1ccccn1,-7.8,2.627231419624275,5_1361
COc1ccccc1NC(=O)Oc1ccc(CC(C)NCCOc2ccc(Cl)c(C)c2)cc1,-5.8,3.551275375271481,5_1362
O=C(c1ccc(C(=O)C(F)(F)F)cc1)N1CCOc2ccc(-c3ccc(OC(F)(F)F)cc3)cc2C1,-7.0,2.556914280438507,5_1363
Nc1ccc(N2CCN(CCCNC(=O)c3ccc(N4C(=O)c5ccccc5C4=O)cc3)CC2)cc1,-7.4,3.3761301840075593,5_1364
CNC[C@H](CC1CCCCC1)NC(=O)N1CCC[C@@H]([C@@H](OCCNC(=O)OC)c2cccc(F)c2)C1,-6.9,3.2319417318296235,5_1365
CN(CC(=O)NCc1cccnc1)c1nc(-c2ccccc2Cl)nc2ccccc12,-7.1,3.717357796057822,5_1366
Oc1c(Oc2ccc(CN3CCCCC3)cc2-c2ccccc2)c2ccccc2n1Cc1ccccc1,-7.6,3.3425540379554617,5_1367
Cc1[nH]nc2ccc(C(=O)N3C[C@@H]4CN(C)C[C@@]4(CO)C3)cc12,-6.8,3.5602940437801456,5_1368
CCC(C)(C)NC(=O)C(c1cccn1C)N(C(=O)Cn1nnc2ccccc21)c1ccc(C)cc1,-6.4,3.645850413006349,5_1369
O=C(O)c1[nH]c(O)c(CCc2ccccc2)[nH]c(O)c2cc(N3CCCNCC3=O)ccc12,-7.5,1.5876438653488227,5_1370
N[C@H]1CN(c2ccc3ncsc3c2)C(=O)C1c1ccncc1,-7.3,3.731183191048972,5_1371
COc1ccc(-c2cnc3cnc(-c4cccc(C(C)C)c4)cn23)cc1OC,-7.7,3.62842222336585,5_1372
CCN(CC)CCCn1c2c(c(SCC(=O)NCc3ccccc3)nc1=O)CCC2,-6.0,3.556626493820719,5_1373
O=P(O)(O)OP(=O)(O)SCc1cc(=S)oc2ccccc12,-5.5,3.3856930121329984,5_1374
Cc1nn2c(NC3CCC3)c3c(nc2c1-c1ccccc1)CCC3,-7.0,3.646528989963046,5_1375
Nc1ccc2c(c1)c(C1=Nc3ccccc3C1=NOCC1CCC(O)CC1)c(O)n2Cc1ccccc1,-8.0,3.2661100186927166,5_1376
Cc1cc(=O)oc2cc(OCCN3CCN(C)CC3)ccc12,-6.3,3.6157311710785596,5_1377
CC1CC(=O)CC(=Nc2ccc(F)cc2)C1,-5.7,3.3730080282162964,5_1378
Cc1cnc(-c2nc3cnc(NCCN4CCCC4)cc3n3cnnc23)cn1,-7.2,3.5777047969441225,5_1379
NC(=O)c1cccc(Cc2ccnc(Cc3ccccc3)c2)c1,-6.8,3.663415902269503,5_1380
CC1C=CC=C(S(=O)(=O)NCCCN2CCN(CCCNS(=O)(=O)C3=CC=C(C(C)(C)C)C3)C2C)C=N1,-6.2,2.025846721812818,5_1381
COc1cccc(C2CC(=O)Nc3cc4c(cc32)OCO4)c1,-7.1,3.6626749609001346,5_1382
O=c1c2ccc(OCC3=NCCN3)cc2[nH]c2cc(-c3cn[nH]c3)ccc12,-7.4,3.528885018188425,5_1383
CCCCn1nnnc1C(c1cccc2ccccc12)N1CCC(n2c(=O)[nH]c3ccccc32)CC1,-8.3,3.4978611107157205,5_1384
CCC(C(N)=O)N1C[C@H](CCl)CC1=O,-4.3,2.0504583799710305,5_1385
O=C(O)c1ccc(-c2ccc(Br)s2)cc1,-5.6,3.6226754098077585,5_1386
Cc1c(F)cc(F)cc1CC1C2=CS(=C1N=Cc1ccccc1C=O)CC2,-7.2,3.3367166700574247,5_1387
Cc1ccccc1NC(=O)CSc1nnc2c(=O)n(Cc3ccc(F)cc3)ccn12,-6.6,3.6269584426803707,5_1388
Cc1nc(NC(=S)NC(=O)c2ccccc2)ccc1Br,-6.0,3.637164907060753,5_1389
O=C(c1cn2cccnc2n1)N1CCC(Cc2ccccc2)CC1,-6.7,3.720608033521791,5_1390
CC(C)NC(=O)N(C(=O)N1C[C@H]2CCC[C@@]2(CO)C1)c1ccc(Oc2ccccc2)cc1,-6.3,3.6314925496206345,5_1391
COc1ccc(N(C)C2=CC(=O)c3c(sc4ccc(OC)cc34)C2=O)c(OC)c1,-6.6,3.6912393356231474,5_1392
O=C(O)C(=Cc1ccc2ccccc2c1)C(=O)O,-5.8,3.4271800718240346,5_1393
Cc1ccc(Nc2ncnc3cc4c(cc23)OCCO4)cc1Cl,-7.5,3.748592176294172,5_1394
O=C(O)CN(c1cccs1)S(=O)(=O)c1c[nH]c(C(=O)N2CCCC2)c1,-5.9,2.4869696158296275,5_1395
C=CC[N+](C)(C)c1ccccc1,-4.3,2.8546866742046664,5_1396
Cc1cc(OCC2CCN(C3CCCC3)CC2)cc(C)c1Oc1ccc(OC(C)(C)C(=O)O)cc1C(C)(C)C,-6.0,3.359149579800573,5_1397
C=C(c1cc(OC)nc(OC)c1)c1ccc(OC)c(O)c1,-5.7,3.760581425284287,5_1398
CN1CCON(N=C(N)C(SCCN)c2nc3ccccc3o2)CC1,-6.8,2.487387706938579,5_1399
COc1ccc(N2CCN(C(=O)c3cc4c(o3)C(=O)c3ccccc3C4=O)CC2)cc1,-7.7,3.6194824813924433,5_1400
C[Se]/C(Cc1ccco1)=C(\C#N)C(=O)Nc1c(C)cc(C)cc1C,-6.3,3.5958145224139098,5_1401
Cc1ccc(S(=O)(=O)NC(Cc2ccc(OCc3ccccn3)cc2)C(=O)O)cc1,-6.1,3.662140662347253,5_1402
CC(=O)c1ccc(O)c(NC(=O)c2ccc(C(=O)Nc3cccc(C)c3C)cc2)c1,-7.2,3.552272551329512,5_1403
O=C(Nc1ccccc1)c1cc2c([nH]1)C=CC=CC=CN(CC1=CC=COC1)C(=O)N(c1ccccc1)C2=O,-7.7,1.5282798410283096,5_1404
COc1ccc(C(=O)Nc2ccc(NC(=O)c3ccco3)cc2)cc1OC,-6.7,3.7306824769129268,5_1405
O=C(Nc1ccc(Cl)cc1[N+](=O)[O-])c1cn(CCO)c2c(cc(Cl)c3ncccc32)c1=O,-7.1,3.341223410513682,5_1406
C=Cc1cccc(S(=O)(=O)NCc2ccccc2N(Cc2nn[nH]n2)C(=O)c2ccc(Cl)cc2Cl)c1,-7.1,3.4674450026674997,5_1407
CCc1ccc(NC(=O)C(CCS(C)(=O)=O)CC(=O)O)cc1,-5.6,3.5911086493716677,5_1408
C=C(C)[C@@H]([CH]C[C@@H](C)[C@H]1CC(=O)C2[C@@H]3[C@H](OOOC(C)=O)C[C@@H]4C[C@@H](OS(=O)(=O)O)CC[C@]4(C)[C@H]3CC[C@@]21C)OC(=O)CCC,-6.0,2.2383039307175268,5_1409
CCCc1cc(=O)oc2c1c(OCC(=O)Nc1cccnc1Cl)c(C#N)c1ccccc12,-6.9,3.4992753000904306,5_1410
Cc1ccc(-c2ccc3c(c2)C=CS(=O)(=O)O3)cc1,-6.5,3.52241571268345,5_1411
CNC(=S)[C@]1(c2cccnc2)CCCC[S+]1[O-],-4.9,3.4456099687526396,5_1412
O=C(Cc1nc(=O)cc(N2CCOCC2)[nH]1)N1Cc2ccccc2C1,-7.8,3.6288410131210753,5_1413
COC(=O)c1[nH]c2c(c1C)C(=O)CC(c1ccc(Oc3cccc(F)c3)cc1)(C(C)C)C2,-6.8,3.6788657926943964,5_1414
O=[N+]([O-])c1ccc(Oc2nccc(-c3sccc3-c3cc(Cl)ccc3OCc3ccccc3)n2)cc1,-6.8,3.15234586151026,5_1415
COc1ccc(-c2nc(SCCc3ccccc3)ncc2Cl)cc1OC1CCCC1,-6.1,3.49776616613993,5_1416
Cc1ccc(C(=O)N2CCC3(CC2)OCCc2ccccc23)cc1OC(F)F,-7.7,3.5943242165182134,5_1417
COC=CC=CC(=O)N1C=Cn2c(nnc2SCC(=O)c2ccc(Cl)cc2)C1,-6.3,3.256002854683152,5_1418
COc1ccc(C=C2Oc3cc(O)cc(O)c3C2=O)c(O)c1OC,-6.8,3.5413057295955346,5_1419
COc1ccc(NC(=O)CN(c2ccccc2)S(=O)(=O)c2ccc(C)c(C)c2)cc1,-7.0,3.765234610399719,5_1420
N#Cc1ccc(-n2cc(C(=O)Nc3ccc([C@@H]4CNCCO4)cc3)cn2)cc1,-6.7,3.7269771528558424,5_1421
C=CCNC(=O)C(=Nc1ccccc1)C1C2=C(OC(C)(C)CC2=O)c2cc(Cl)ccc21,-7.2,3.563113524819321,5_1422
O[C@H](COCCOC[C@@H](O)Cc1cn(-c2ccc3c(c2)OCCO3)nn1)Cc1ccc(-c2ccccc2)cc1,-6.3,3.2725625977619845,5_1423
Cc1ccc(-n2c(COc3ccc4ccccc4c3)nnc2SC=S)cc1,-6.8,3.5000027811253824,5_1424
O=C(Nc1ccncc1C(=O)NCCC1=CCCCC1)c1cc2ccccc2o1,-7.1,3.6765826775467714,5_1425
CCc1cccc(N(CC(=O)NC2CCCC2)C(=O)CCCC(=O)Nc2ccccn2)c1,-6.4,3.6330243006949505,5_1426
CNC(=O)Oc1cccc(OCCCCCOc2ccc(Cl)cc2)c1,-5.4,3.700723940448921,5_1427
O=C1NCN(c2ccccc2)C12CCN(C(c1ccccc1)c1nnnn1Cc1ccccc1)CC2,-7.1,3.5406728359820434,5_1428
Cc1ccc(-c2cc(=O)c3cc(Cl)ccc3n2Cc2ccccc2)cc1C,-7.1,3.412084346160221,5_1429
O=C1CCc2ccccc2N1CCCn1c2ccccc2c2ccccc21,-7.2,3.4830027921545184,5_1430
COC(=O)N/N=C/c1cn(Cc2ccc(F)cc2)c2ccccc12,-6.8,3.711247130740812,5_1431
CN1CSC=C(CC(=O)Nc2nc(-c3ccc(OCC(F)(F)F)c(F)c3)cs2)CC(=O)NCC1=O,-7.4,1.3714303379607613,5_1432
C[C@@H](NC(=O)Nc1cc2[nH]nc(OCCNC3CC3)c2cn1)c1ccc(F)cc1,-6.5,3.483626266444671,5_1433
CC(=O)NC[C@H]1CN(c2ccc(-c3ccc(/C=N/N4CCN(C(=O)c5cccs5)CC4)cc3)c(F)c2)C(=O)O1,-2.8,3.4701945998803247,5_1434
O=C(O)c1ccc(OCc2ccc(F)cc2)cc1O,-6.6,3.6737643858029068,5_1435
CCCC(=O)N(Cc1cc2ccc(C)cc2[nH]c1=O)c1ccccc1OC,-6.6,3.743853496611993,5_1436
C=CC(C)Sc1nc2c(c(=O)n(C)c(=O)n2C)n1C,-5.6,3.4630135676222267,5_1437
O=C(O)c1ccc2cc(-c3ccc(CN4CCC(c5nc6cc(F)ccc6[nH]5)CC4)cc3)c(F)cc2n1,-8.4,3.4837088607007507,5_1438
COc1c(C)cccc1-c1cccc(C(=O)NCCCN2CCOCC2)c1,-6.4,3.684865561137378,5_1439
COc1cc(/C=C2/Sc3ccccc3N2CCO/N=C/c2ccccc2[N+](=O)[O-])ccc1O,-6.9,3.321715042869175,5_1440
N=CCC(F)CC[C@@H](NC(=O)c1ccc2c(c1)NC(=O)CO2)C1CC=CO1,-6.3,3.393466062311117,5_1441
CC(C)C(C(=O)O)N1C(=O)/C(=C/c2ccccc2)SC1=S,-5.6,3.617837353570666,5_1442
CCn1c(=N)n(CC(=O)OC)c2nc3ccccc3cc21,-6.1,3.673071051193893,5_1443
Cc1cc(CN=C(N)Nc2ccc(C(C)C)cc2)no1,-6.1,3.62434543911397,5_1444
Cc1ccc(-n2ncc(C(=O)N3CCCCCC3)c2C)cc1F,-6.4,2.6904532519501263,5_1446
CCC1CN(Cc2cncc(C)n2)CC[C@H]1CC(=O)c1ccncc1,-6.4,3.6786507824247887,5_1447
CCCCC(=O)Cn1cc(C(=O)C(=O)Nc2ccccc2)c2ccccc21,-6.0,3.633950028683474,5_1448
CS(=O)(=O)N(CC(=O)N/N=C/c1ccc(F)cc1)Cc1ccc(Cl)cc1,-5.8,3.62744397526926,5_1449
C[C@@H]1COC(=O)C(CC(=O)OC(C)(C)C)C/C=C\CC(CC(=O)N[C@@H](CO)Cc2ccccc2)C(=O)N1,-7.8,1.307600012892694,5_1450
COC1CCC[C@@](O)(c2ccc(C(=O)N3CC4(COC4)C3)cc2F)C[C@H]1C,-6.6,2.4239815049617706,5_1451
COc1cc2[nH]c3c(c2cc1C(C)=O)CCCC3,-6.4,3.530060015979526,5_1452
O=C(O)C(Cc1ccccc1[N+](=O)[O-])=NNc1nc2c(s1)CS(=O)(=O)c1ccccc1-2,-7.4,3.284748277114905,5_1454
CC(=O)Oc1cc(C(=O)Nc2ccc3c(c2)C(=O)N(C)C3=O)cc([N+](=O)[O-])c1O,-7.3,3.0794022706824196,5_1455
CC1=CC=C(c2c(C(=O)NNC(=O)CN(C)C(=O)c3ccccc3)cnn2-c2ccccc2C)C1,-7.2,3.6207948236148915,5_1456
Cc1c(CCn2nnc3c2CCN(Cc2ccco2)C3=O)cccc1NC(=O)c1ccc(C(C)(C)C)cc1,-7.3,3.579745157450187,5_1457
O=c1c2ccccc2[nH]c(=S)n1-c1cccs1,-6.1,3.5980207967033953,5_1458
N#Cc1cccc(CCC(=O)O)c1,-5.3,3.4430814932487817,5_1459
COc1ccc(Cl)cc1S(=O)(=O)N1CCCC(C(=O)N2CCN(c3scnc3-c3nc4ccccc4[nH]3)CC2)C1,-8.0,3.387561291958133,5_1460
Cc1ccc(-c2ccc(C(C)(C)c3[nH]cc4c3CCN4C)cc2C)o1,-6.8,3.6015547011967373,5_1461
CCOC(=O)C=Cc1[nH]c(-c2ccccc2)nn(-c2ccccc2)c2c(OC)c(OC)c(OC)cc2c1O,-7.1,1.512156135450943,5_1462
O=C(NC=C1Cc2ccccc2S1)c1ccc(C(=O)O)c(NC(=O)c2sc3ccccc3c2Cl)c1,-7.9,3.3755500382177406,5_1463
Cc1cccc(CSc2nc(=O)c(C(=O)Nc3ccccc3)c(N)[nH]2)n1,-6.7,3.5296265386888184,5_1464
CC1(C)C(C(=O)O)N2C(=O)/C(=C/C(=O)O)[C@H]2S1(=O)=O,-5.8,1.8862138491130462,5_1465
CC=C1ON=C1NS(=O)(=O)c1ccc(N2C(=O)CSC2c2cccc(OCc3ccccc3)c2)cc1,-7.3,3.5409981549305654,5_1466
CC1=CC=C(c2ccc3oc(CCN4CCCCC4C)cc3c2C)C1F,-7.2,3.3944695992104132,5_1467
O=C(NC1CCC2(CC1)OCc1cc(Br)ccc12)c1ccccc1C(F)(F)F,-7.8,3.540603911189863,5_1468
CC1CCc2cc(F)ccc2N1C(=O)c1ccc2c(c1)OCO2,-7.1,3.55499336884657,5_1469
CC(C)OC(=O)N1Cc2cccc(c2)[CH]CCc2cc(C(O)(C(F)(F)F)C(F)(F)F)cnc21,-6.8,1.5004173754684982,5_1470
Nc1nc(-c2cccnc2)nc2c1ncn2[C@@H]1O[C@H](COP(=O)(O)OP(=O)(O)O)[C@@H](O)[C@H]1O,-7.0,2.8005739830053455,5_1471
Cc1cc(NC(=O)CN2CCN(C3=C4Cc5cc(Cl)cc(C)c5C=C4CC(N(Cc4ccccc4)C(=O)c4cc(Cl)c(O)cc4O)=N3)CC2)c(C)o1,-7.9,2.9532886988670213,5_1472
c1cnc2nc(-c3ccc4cnoc4c3)ccc2c1,-7.2,3.5498889631706927,5_1473
CSc1nc(N2COc3c(ccnc3-c3cc(C)cc(C)c3)C2C)ncc1F,-7.5,3.599302226388608,5_1474
C=CCN1CCN(C(c2ccccc2)c2ccc(-c3ccccc3)cc2)CC1,-7.0,3.344364008595327,5_1475
Cc1csc(-c2[nH]c(C3(C)COC3)nc2-c2ccc3c(c2)OCCO3)n1,-7.7,3.6862335146988725,5_1476
CCN(CC)CCNC(=O)COc1cc(-c2ccc3ccccc3c2)ccc1OC,-6.4,3.664028041227901,5_1477
CNc1cc(Nc2cnc(C#N)c(O[C@@H]3CCNC3)n2)ncc1-c1cnn(C)c1,-7.0,3.4215826316729836,5_1478
COc1cccc(N2CCN(C(=O)c3ccc(Cl)c(S(=O)(=O)N4CCOCC4)c3)CC2)c1,-7.2,3.6075419496242738,5_1479
CC(C)c1nc2cc(C(=O)O)ccc2n1Cc1ccco1,-6.4,3.7749995678825443,5_1481
COc1ccccc1C1CC(c2ccc(O)cc2)=NN1c1nc(-c2ccc(NS(=O)(=O)c3ccc(NC(C)=O)cc3)cc2)cs1,-7.9,3.029049068155693,5_1482
O=C(NC(=S)N1CCN(c2ccccn2)CC1)c1cc(Br)ccc1Br,-6.0,3.683395033801083,5_1483
c1ccc(COc2ccc3c(c2)CCCc2nncn2-3)cc1,-6.7,2.7073544481023966,5_1484
C=C1c2nc(NCC(F)F)c(N3CCC(Oc4ccc(F)cc4F)CC3)nc2CCN1C(C)=O,-7.6,3.5900151635816346,5_1485
C=CCn1c(=O)[nH]c2c(c1=O)-c1cc(OC)ccc1C(=CC(=O)NCCCCCC)C(C=O)=N2,-7.0,2.3055813807135337,5_1486
COCCN1Cc2cccc(C(=O)N3CCN(S(C)(=O)=O)CC3)c2C1=O,-6.0,3.439705482289575,5_1487
Oc1ccc(N=Nc2ccccc2)cc1Br,-6.1,3.6196399266124035,5_1488
CCc1cc(C(=O)N2CCCC(CNC(=O)c3ccc(-c4ccccc4)cc3)C2)[nH]n1,-7.7,3.7000195592722496,5_1489
CC(=O)c1ccc(Cl)c(-c2ccccc2)c1,-5.9,3.2833191489824003,5_1491
NC(=O)Nc1ccc(Nc2nc(N=C3C=CCC(N)C3)nc3c2ncn3C2CCCC2)cc1,-8.3,3.33430455335545,5_1492
O=C(O)C(C/C=C/c1ccc(F)cc1)[C@@H]1CCCN1,-5.6,3.5515608179604845,5_1493
CC(=O)Nc1ccc(C(=O)NNC(=O)c2ccc(-c3ccc([N+](=O)[O-])cc3)o2)cc1,-6.9,3.4700080385295475,5_1494
O=C(Nc1cccc(S(=O)(=O)N2CCCCC2)c1)c1[nH]nc2ccccc12,-7.7,3.7325895467684145,5_1495
Cn1cc(-c2ccc(C(=O)NCc3ccc(F)cc3)cc2)c2cccnc21,-6.7,3.6529245993510804,5_1496
Cc1noc(C)c1C(=O)N1CCC2(CCN(C(=O)Nc3ccc(Cl)cc3Cl)CC2)CC1,-8.3,3.617978571060305,5_1497
CCn1cnnc1CN(C)c1cnc(Nc2cc(F)cc(C(F)(F)F)c2)nc1N,-7.1,3.536320521918924,5_1498
O=c1[nH]nc(-c2cccc(Cl)c2)nc1Oc1cc(F)cc(Cl)c1,-6.9,3.7587308296871025,5_1499
Cc1cccc(-c2ncn3c2-c2[nH]nc(C)c2CCS3)c1,-6.8,2.7173337561176125,5_1500
COc1cc([C@@]2(O)CO[C@@H](CCC(=O)n3[nH]cnc3=O)N2C)cc(OC)c1OC,-6.3,3.373651935425019,5_1501
COC=C1C[Se]2N(c3cccc(C(F)(F)F)c3)[N+](=O)CC[N+]2(C)C1c1ccccc1,-7.6,3.331076698743061,5_1502
ON=C(O)CCCc1ccn(Cc2ccc(-c3ccccc3)cc2)n1,-6.8,3.4533911145227876,5_1503
c1ccc(-c2cc(N3CCOCC3)on2)nc1,-5.8,3.5866963392004747,5_1504
COc1ccc(-c2nnc(-c3ccccc3)o2)cc1OC,-6.5,3.722904805073952,5_1505
N#CC(C(=O)Nc1ccc(F)cc1)C(=O)C1CC1,-5.3,3.5793613716971677,5_1506
O=C(NCCCl)Oc1ccc(Br)cc1C(=O)Nc1ccc([N+](=O)[O-])c(Cl)c1,-6.5,3.4445697106612823,5_1507
CNc1cc(-c2cccc3cc[nH]c23)c2cc(C)cc(C)c2n1,-7.4,3.5027634322810135,5_1508
Cc1ccc(NC(=S)OCc2nc3ccccc3n2Cc2cc(C(=O)O)ccn2)cc1C,-7.2,3.611729000396418,5_1509
COc1cccc(-n2c(=O)oc3c(/C=C/c4ccc5c(c4)OCO5)cccc32)c1,-7.5,3.585182073433114,5_1510
CCOc1ccc(-c2nn3c(c2C)-c2cccc(OC)c2C(=O)OCC3)cc1,-7.0,1.8249710112231279,5_1511
COc1cc(-c2nnc3n2N=C(c2cc(OC)ccc2OC)CS3)cc([N+](=O)[O-])c1,-7.5,3.414538664038231,5_1512
COC=C1C(/C=C/C(=O)OCC(=O)N2c3ccccc3NC(=O)C2(C)C)=CC=C1CNc1cccnc(N2CCN(C)CC2)ccnc1,-6.9,0.7681482065007295,5_1513
CC1CCN(c2nc(C(F)(F)F)ccc2CNC(=O)Cc2ccc(F)cc2)CC1,-7.2,3.6811665507658313,5_1514
COc1ccc2c3c1O[C@H]1C[C@@H](O)C=C[C@@]31CCN(CCCCCCCN1CCCCC1c1cc(C)ccc1-c1ccccc1C)C2,-5.6,1.8384360477934356,5_1515
CC1=NS(=O)(=O)c2c1[nH]c(N1CCC[C@@H](O)C1)c2S(=O)(=O)c1ccccc1,-7.2,3.520229238097525,5_1516
CC12CCC(=O)C=C1CCC1C2C(O)CC2(C)C1CCC2(O)C(=O)COC(=O)c1ccccc1S,-6.8,3.0836652385634027,5_1517
CCOc1cc(-c2ccn(CCO)c2C#N)ccc1N(C)S(=O)(=O)c1ccc(Cl)cc1,-6.3,3.7051562225633496,5_1518
CCCC(=N)NCCCCCCNC(=O)C(CC(C)C)NC(=O)CNC(=O)[C@]1(c2ccccc2)CC1CN1CC[C@@]2(C)c3cc(O)ccc3CC1C2C,-5.4,2.464384405666222,5_1519
CNc1cnc(NC(=O)Nc2cccc(OC)c2)cc1-c1cccc(OC)c1,-6.8,3.6795939887421794,5_1520
Nc1cc(-c2ccccc2Cl)nc2c1c(=O)n(-c1ccc(Cl)cc1)c(=O)n2CC(=O)O,-7.5,3.583195714345335,5_1521
COC=C1C=CC(=CC(=O)C=C(Cc2cccc([N+](=O)[O-])c2)C(=O)CC=O)C1,-5.9,3.166024204808166,5_1522
O=C(O)C1CCCN(c2ncc(-c3nc4ccccc4s3)c(N3[CH]CCc4ccccc43)n2)C1,-7.3,3.5471518284593833,5_1523
O=C(c1cc(-c2cc(Cl)ccc2C(=O)N2Cc3ccccc3C[C@H]2CN2CCOCC2)n2c1CCCC2)N1C=CC=COCC(F)=Cc2cc(O)ccc21,-9.5,0.6768647011896283,5_1524
Cc1cc(C)nc(CN2CCC(C(N)=O)CC2)n1,-6.3,3.559227884142268,5_1525
O=C(c1ccccn1)N1CCC2(CC1)CCN(c1ccccc1)CC2,-7.4,3.5621726990133133,5_1526
O=C(Nc1cccnc1)C1=CC2=CC=NSC=CC=C1c1c(F)cccc1S2,-7.0,1.2531701832762558,5_1527
CNS(=O)(=O)c1ccc(C(=O)OCC(=O)NC(C)CCc2ccco2)cc1,-5.8,3.5608347157827396,5_1528
NOCC#CC1=CCC(=O)OCCCN(CCCN2Nc3c(O)cccc3CC2=O)CCC=C1,-7.0,0.8971306566015107,5_1529
CN(CC1CC1)C(=O)c1cc2cccnc2n(C)c1=O,-6.3,3.678834906818075,5_1530
COc1cccc(Cc2[nH]c3ccccc3c2CC(N)=O)c1,-6.9,3.6592695070960666,5_1531
CC(NCc1ccc(OCc2ccccc2)cc1)C(N)=O,-6.3,3.667819707167597,5_1532
COc1cccc(-c2cc(F)ccc2[C@H]2Cc3nc(N)nc(C)c3C(=NO)N2)n1,-8.6,3.487902869183927,5_1533
CN1CCC2(CC1)CN(C(=O)c1cncnc1)c1ccccc12,-6.6,3.5516050279298788,5_1534
Oc1ccccc1N=c1c2ccccc2oc2ccccc12,-7.7,3.506001655210383,5_1535
O=C(Nc1ccc(C(=O)N2CCC3(CCCNC3)C2)cc1)N1Cc2ccccc2C1,-8.1,3.484924435208999,5_1536
COc1c(-c2ccc(C#N)n2C)ccc2c1C(=O)c1ccccc1C2=O,-7.1,3.691935924700926,5_1537
O=C1CNc2c(nn(-c3ccccc3F)c2-c2ccccc2)C1,-6.8,3.72218414435329,5_1538
CCCCC(=O)CCNC(=O)c1cccc(NC(=O)C2C[C@H](SC3=C(C(=O)OCOC(=O)CCC)N4C(=O)C([C@@H](C)O)[C@H]4[C@H]3C)CN2)c1,-5.2,2.401897821686784,5_1539
O=C(N[C@@H](CO)c1ccccc1)c1ccc(NC(=O)N2Cc3ccncc3C2)cc1,-7.5,3.664275940578009,5_1540
CCOCCNS(=O)(=O)c1ccc(-n2[nH]c(C(N)=O)c3c4ccnc4ccc32)cc1,-6.8,3.4290111144303133,5_1541
CO/N=C(/c1ccc(Cl)cc1)C1C=CS(=O)(=O)C1,-5.5,3.4989169404180194,5_1542
CC(C)=CC=NC(=CC(=CCC=O)C(F)(F)F)C(=O)O,-5.5,1.8848119156467429,5_1543
Cc1ccc(-n2cc(-c3ccccc3S(=O)(=O)c3ccc([N+](=O)[O-])cc3)nn2)cc1,-7.5,3.510317182098678,5_1544
COc1cc(NC(=O)/C=C/CN(C)C)cnc1C#CC1(CN(OC)C(=O)c2cccc(NC(C)=O)c2F)CNC(=O)NC1,-5.7,2.991940532970122,5_1545
N#CC=CC=CCC(=O)Nc1ccccc1-c1nnc(Nc2ccc(Cl)cc2)o1,-6.6,3.570663646235364,5_1546
CN(C)CCNC(=O)Cc1ccc2c(-c3ccsc3)cccc2c1O,-6.1,3.741134668950746,5_1547
COC(=O)[C]1Cc2cccc(c2)[CH]SC(C)(C)[C@H](CN(C)S(=O)(=O)c2ccc3c(c2)OCCCO3)N1,-6.8,1.3403036763627316,5_1548
COc1cc(N2CCC(N3CCCC3)CC2)ccc1Nc1ncc(Cl)c(Nc2c(C)ccc3[nH]ccc23)n1,-7.4,3.3116720933965804,5_1549
C=CC(=CC=CN(C(=O)NCc1ccccc1)C(C)=CC(=O)OCC)OCC(=O)Nc1cccc(C=O)c1,-6.5,3.057207764080504,5_1550
N=C(N=C(S)c1ccccc1Cl)NC(CC=O)c1ccccc1Cl,-6.0,3.311636671839013,5_1551
Cc1c(F)c(Oc2cccc(CN(C)C)c2)nc(Oc2cccc(C(=N)N)c2)c1F,-7.6,3.606909451124477,5_1552
CCON=C1C=C(C2=CC=C(OC)C2)C(C2=CCC=S2C)=N1,-6.1,2.087965158515126,5_1553
CCC(=O)N1CCC[C@@H](n2nc(-c3ccc(OCc4ccccn4)c(Cl)c3)c3c(N)ncnc32)C1,-7.5,3.56942814170847,5_1554
Cn1nccc1C1=CC2C=C(OC1)n1cncc1C2(C)C,-6.5,2.572369728138063,5_1555
CC(C)(C)OC(=O)N1CCC(NC(=O)NS(=O)(=O)c2cccc(NC(=O)C(C)(C)C)c2)CC1,-6.5,3.4507266172358566,5_1556
CC1[CH]C(=O)NC(C(=O)O)CC2=Cn3ncnc3N(C)C2CCN(CC(N)=O)CC1,-7.0,0.9794004296311858,5_1557
CC(C)c1ccc2c(ccc(=O)n2CCN2CCN(Cc3ccccc3Cl)CC2)c1,-6.8,3.6471142228435216,5_1558
COc1cc2c(cc1OC)CN(c1ncc3c4c(cccc14)C(=O)N(CC(=O)O)C3=O)CC2,-7.3,3.5595923318898235,5_1559
[C]CC1C[C]2[CH]C3[CH]OC(=O)C4(CC[C@](C)C[C@H](O)CC(C4)[C@](O)[C@H](O)C2)C[C@@H](CCOc2c(C(=O)CO)ccc(Cl)c2O)C3C(=O)C1O,-6.8,0.506237994552655,5_1560
N[C@H]1CCCN(C(=O)c2cc(Cc3n[nH]c(=O)c4c3NCCC4)ccc2F)C1,-7.7,3.518158553502106,5_1561
CN(C)CCN1C[C@@H]2[C@@H](C1)OCCN2CCCOc1ccccc1,-5.5,3.3642521261805163,5_1562
COC=CC=C(C)C=c1occ2c(c1=O)=CCc1cc(OS(=O)(=O)O)c(OC)cc1OC2,-7.0,1.58834832871693,5_1563
Cc1ccc(C(=O)N2CCN(c3noc(-c4ccccc4)n3)CC2)cc1,-6.7,3.727207179155241,5_1564
CCc1cccc(NC(=O)N2CCCC2C(=O)NCc2ccco2)c1,-6.4,3.7555642537017246,5_1565
O=C(NC1CCCCCCC1)c1ccc(-c2cccc([N+](=O)[O-])c2)o1,-6.8,1.8454563005627804,5_1566
CC(=O)c1ccc(OCc2cn(Cc3ccc([N+](=O)[O-])cc3)nn2)cc1,-6.4,3.492402917878153,5_1567
CNC(=O)c1ccccc1Nc1nc(Nc2ccc(NC(=O)CCCCCCC(O)=NO)cc2)ncc1Cl,-6.4,2.67947556348534,5_1568
COC(=O)C(CCSC)NC(=O)NCc1cn(-c2ccccc2F)nn1,-5.4,3.5386553268090264,5_1569
COc1ccc(Cl)cc1N[N+](C)=Cc1ccccc1,-5.8,3.4523193633353264,5_1570
C=C=CCN1CCC[C@@H]1Cc1c[nH]c2ccc(NS(=O)(=O)c3ccccc3)cc12,-7.5,3.634071676217884,5_1571
CCOCC1C(NC(=O)Nc2cnn(C(F)(F)F)c2)C12CCC2,-5.9,2.333298291445075,5_1572
c1ccc(-c2csc3ncnc(N4CCC(CN5CCc6ccccc6C5)CC4)c23)cc1,-7.3,3.475714866170783,5_1573
Cc1nc2c(c(N(C)c3n[nH]c(-c4cccs4)n3)n1)CCC2,-6.7,3.7587117489536244,5_1574
CC=C(C=C1C=C(C=NC)C1=O)N(C(=O)COc1ccccc1)C1CCN(C(=O)c2ccc(-c3ccc(C(=O)NCc4cccs4)cc3)cc2)CC1,-4.6,3.038046646742128,5_1575
CCN(Cc1ccc([N+](=O)[O-])cc1)C(=O)c1cc2cccnc2c(O)c1O,-7.2,3.50682598624514,5_1576
CC1CCCN(CC(O)COc2ccc(Cl)cc2)C1,-5.6,3.5733503515845135,5_1577
CC(C)N(Cc1nc(-c2ccc3ccccc3c2)no1)C(=O)c1ccc(CN2CCOCC2)cc1,-7.2,3.593474208795347,5_1578
CC1CN(C(=O)c2cccc(-c3n[nH]c(-c4ccccc4Br)n3)c2)CC(C)O1,-7.3,3.784141729223799,5_1579
O=C1C(Cc2ccc(OCc3ccc(Cl)cc3Cl)c(Cl)c2)=NC(=S)C1c1ccc(Br)cc1,-6.9,3.4693597391526074,5_1580
C[C@@H]1CN(Cc2cccc(C#N)c2)C[C@@H]1COc1nc(N(C)C)c2ccccc2n1,-5.8,3.711035298139733,5_1581
CC(C)=CCC/C(C)=C\CC=C(C)CCc1cc(O)c(C=O)cc1O,-5.8,3.3495509878741823,5_1582
CC(=O)NC(Cc1ccc2ccccc2c1)C(=O)NC(CCCN=C(N)N)C(=O)NC1(C(=O)NC(c2ccccc2)c2ccccc2)CCCC1,-7.1,2.735987438837021,5_1583
Cc1cc(C(=O)NCc2ccco2)ccc1NCc1cnn(C)c1C,-6.2,3.777404208155631,5_1584
O=C1C(=O)c2c([nH]c3ccccc3c2=O)-c2ccccc21,-7.4,3.5467139254095423,5_1585
Cc1ccc(NC(=O)Nc2ccc(S(N)(=O)=O)cc2)cc1Cl,-6.6,3.5897155637751097,5_1586
COC1=CC=C2CC(C(F)(F)F)=CC=C1CCC1CC(=O)N(CCC(=O)Nc3ccccc3C(=O)N3CCOCC3)N=C21,-8.1,1.042657132950695,5_1587
NC(=O)C=CN(OC=O)[C@H]1[CH][C@H](O)[C@@H](COP(=O)(O)OP(=O)(O)C(Cl)(Cl)P(=O)(O)O)O1,-5.8,1.0119535684618883,5_1588
CC(CCOc1ccccc1[N+](=O)[O-])C[N+](C)(C)C,-5.0,3.3558028931109627,5_1589
NC(CC(=O)Nc1ccccc1)C(=O)N1Cc2ccccc2CC1C(=O)NC(Cc1ccc(O)cc1)C(=O)NCC(=O)O,-7.7,3.037715604304074,5_1590
O=C(Cc1cccs1)NCCNCc1nc(-c2ccc(F)c(F)c2)cn1-c1ccc(F)cc1F,-7.4,3.470817210449251,5_1592
COc1cc(NC(C)CCCNC(=O)C2Cc3cc(C)c(N)cc3C2=O)cc(OC)c1,-6.4,3.390508144052636,5_1593
N#Cc1cc(-c2cccs2)ccc1OCCOc1ccccc1,-6.3,3.630484334425441,5_1594
COc1cccc(C2CC(c3cccs3)=NN2C(=O)CSc2nnc(N)s2)c1,-7.4,3.5667506612215396,5_1595
Cc1cc2cc3c4ccccc4cc[n+]3cc2cc1C,-7.2,2.7796517713303484,5_1596
CCC1C(=O)Nc2ccccc2N1C(=O)c1ccncc1,-6.4,3.689993619651701,5_1597
Cc1nn(CC(=O)NCCc2ccccc2)c(=O)n1C1CCCCC1,-6.7,3.783274630529782,5_1598
CC[C@H](C)C(NC(=O)C(N)CCCCN)C(=O)N[C@@H]1c2cc3c(cc2[C@@H](c2cc(OC)c(O)c(OC)c2)C2C(=O)OC[C@@H]21)OCO3,-6.4,2.5419094478508044,5_1599
COC1C2=CC=COC21,-4.3,2.969886394558149,5_1600
O=S(=O)(c1ccc2c(c1)OCCO2)N1CCN(c2ccc(OCCCN3CCCCC3)nn2)CC1,-6.4,3.200626604834028,5_1601
O=C(O)/C(=C\c1ccc(F)cc1)c1ccc(Oc2ccc(Cc3sc(=O)[nH]c3O)cc2)cc1,-7.2,3.4327615337200363,5_1602
CCOC(=O)/C=C/[C@H](CC1CCNC1=O)NC(=O)/C=C/c1ccccc1,-6.2,3.520185375948043,5_1603
CC(C)c1cccc(C(C)C)c1NC(=O)C1COC(c2ccccc2)O1,-6.4,3.6938904421411296,5_1604
O=C(c1ccc(F)c(Cl)c1)N1CCC(F)(CNCCOc2cccc3c2CCO3)CC1,-6.5,3.5850569302388697,5_1606
C#CCOC1=CC=C(C(=O)/C=C/c2cc(Cc3ccc(OC)cc3)cc(C(C)(C)C)c2)OC=C1,-6.5,2.463926888518639,5_1607
COc1cc(C(=O)c2cn(-c3ccc(F)cc3)cc2/C=C/c2ccccc2)cc(OC)c1OC,-7.1,3.4799264790027014,5_1608
CC(C)C1=NC(C(=O)NC2C3CCCC2C(O)C(N(CCF)CCF)C3)=C1,-5.8,3.262703713252465,5_1609
NC(Cc1ccc2ccccc2c1)C(=O)O,-5.7,3.5308215864610255,5_1610
CCCCC/C=C\C/C=C\C=C\C=C\[C@@H](O)C/C=C\CCC(=O)NC(C)C,-4.7,1.6155931596954396,5_1611
CSc1ccc(/C=C/c2ccc3c(N)c(N=C4CCC(CCC(=O)O)CC4)sc3c2)cc1,-6.6,3.4967444272804,5_1612
CCOC(=O)c1ccc(NC(=O)c2ccc3nccnc3c2)cc1,-6.6,3.75226257637677,5_1613
COc1ccc(OC)c(NS(=O)(=O)c2ccc(C)cc2)c1,-5.9,3.778181160874938,5_1614
N#Cc1cccc(-c2cn(CCCCc3ccccc3)cc2C(N)=O)c1,-6.9,3.6524404517226405,5_1615
C[C@H](NC(=O)c1cccc(N=C2NC3CS(=O)(=O)CC3S2)c1F)c1ccccc1,-7.8,3.6653368275628098,5_1616
CCOc1ccc2nc(N3CCCC(C(=O)Nc4ccccc4OC)C3)sc2c1,-6.2,3.760420797034199,5_1617
C=C[C](C)O[C@H]([CH]OC(C)=O)C[C@@]1(C)C=CC(=O)O[CH]/C=C(/CO)C=CC1=O,-5.9,1.1540432454732361,5_1618
COc1cc(Cl)ccc1-c1nc(-c2ccc(N3CCOCC3)cc2)no1,-6.7,3.7356078656349787,5_1619
O=C1N=C(Nc2nc3ccccc3s2)S/C1=C\c1ccc(F)cc1,-7.5,3.6959830030178393,5_1620
CCc1ccc(C=NNC(=O)c2c[nH]c(C)c2C)cc1,-6.4,3.5538601732394186,5_1621
CS(=O)(=O)N(Cc1cc(Cl)ccc1-c1cccc(-c2nc(=O)o[nH]2)c1)C1CCN(Cc2ccccc2)CC1,-7.4,3.5381384191252816,5_1622
COc1cc2ncc(CCc3cccc(OCCO)c3)c3c2c(c1OC)N(CCCF)CO3,-5.8,3.6385807933469034,5_1623
Cn1c(SCCCN2CCCC2)nnc1-c1ccc(Br)o1,-5.6,2.4098735968964,5_1624
COC(=O)c1cc(NCc2ccccc2OC)ccc1N1CCOCC1,-5.6,3.709213493130508,5_1625
O=C(C[CH]C1/C=C/CCCCCC(=O)O[C@@H](c2ccccc2)CNC1)ONCc1ccc(F)cc1,-7.0,2.0033560576506124,5_1626
Cc1nc2sc(C(=O)N3CSCC(N)C3)c(N)c2cc1C#N,-5.6,3.5519155592599896,5_1627
O=c1c2ccccc2nc(-c2c[nH]c3cc(Br)ccc23)n1-c1cccc(Cl)c1,-7.8,3.5115953195372285,5_1628
Cc1occc1C(=O)NC1CC(C)(C)Cc2c1cnn2-c1cccc(F)c1,-7.2,3.7630935356506185,5_1629
Cc1cccc(-c2nnc(C3CCN(C(=O)N4CCc5ccccc5C4)CC3)o2)c1,-7.7,3.609217898418514,5_1630
NC(=O)NCc1ccc(-c2cccnc2)s1,-6.3,3.603096262991003,5_1631
Nc1nc2cc(Cl)ccc2[nH]1,-5.2,3.2920079323284526,5_1632
N#Cc1cc(-c2ccccc2)n(-c2ccc(C(=O)OCC(=O)Nc3ccccc3[N+](=O)[O-])cc2)n1,-6.7,3.337538316501937,5_1633
COc1ccc(C2C(C(=O)c3ccc(C)o3)C(=O)C(=O)N2CCN2CCOCC2)cc1OC,-6.6,3.3056420178864676,5_1634
O=C(Nn1c(O)cc2ccccc21)c1cc(-c2ccccn2)nc2ccccc12,-8.9,3.5752516516039208,5_1635
O=C(Nc1cccc(OCc2ccc(-c3ccccc3CO)cc2)c1)C1CCNCC1,-8.0,3.613920271102483,5_1636
Nc1c(C(=O)NCc2ccco2)nnn1CC1CC1,-5.7,2.439460570207209,5_1637
COC=CC=C(Cl)/C=C/C(=O)Nc1cccc(/C=C\c2cccc3ccc(-c4cn[nH]c4)nc23)c1,-7.0,3.1597299805230064,5_1638
Nc1ccccc1NC(=O)NC1C2CCOC2C12CCCC2,-7.0,3.239607670954086,5_1639
CCNC1CCN(CCCNc2ncnc(-c3ccc4c(c3)[nH]c3ccccc34)n2)C1,-7.0,3.499650218209606,5_1641
Cc1ccc(NC(=S)Nc2cccc(C(F)(F)F)c2)cc1C(=O)O,-6.4,3.544472763184211,5_1642
CN(O)C(=O)CCCP(=O)(OCOC(=O)C(C)(C)C)OCOC(=O)C(C)(C)C,-5.4,1.449501770270456,5_1643
C[C@H](NC(=O)C(C)(C)F)c1ccc(C2CN(c3ccc(OCC4CC4)cc3)C2)cc1,-5.8,3.5138743557875163,5_1644
CCC=CC=C(c1ccccc1-c1ccccc1)C1CC(c2ccc3ccccc3c2)=NN1C(=O)CNCCN1CCCC1,-6.5,3.094393802393679,5_1645
CCOCc1ccc(/C=C2\SC(=S)N(NC(=O)c3ccncc3)C2=O)cc1,-6.0,3.6563046468460776,5_1646
O=CNC(C#CCN1CCOCC1)(c1ccc(F)cc1)c1ccc(F)cc1,-6.4,3.624885260787189,5_1647
CC(=O)N1CCc2nc(N3CCC(Oc4ccc(F)cc4F)CC3)c(NC(C)C)nc2C1,-6.5,3.666008300643627,5_1648
CCC(=O)Nc1c(-c2ncccn2)c(-c2ccco2)nn1-c1ccc(Cl)cc1,-7.0,3.7055842655522326,5_1649
O=c1c(-c2cccs2)nnc2n1CCN2c1ccc(Cl)c(Cl)c1,-6.9,3.6445370276186795,5_1650
CC(=O)N1CCc2nc(NC(=O)c3cccc4sc(Nc5ccc(C)cc5C)nc34)sc2C1,-7.3,3.5968631563306452,5_1651
O=C(Cc1cccc2ccccc12)N1CCN(c2cc(O)n(-c3ccc(F)cc3)c2O)CC1,-7.2,3.65670049683191,5_1652
Cc1ccc(C2(c3ccc(F)cc3)NC(=O)N(CC(=O)Nc3ccccc3C)C2=O)cc1,-7.8,3.6601188439386814,5_1653
CN1CC(C(=O)NCc2ccc(-c3ccc(F)c(Cl)c3)cc2)[C@H](c2ccc(F)cc2F)C1,-7.9,3.62700443279576,5_1654
COC=Cc1cc(CNC(=O)CCc2ccc(C(C)C)cc2)ccc1-n1cnc(C)c1,-5.7,3.6295812067013626,5_1655
O=C1CC2(C(=O)N1)C(=O)N(Cc1ccc(F)cc1)c1ccc(Br)cc12,-7.5,3.5488014238676984,5_1656
O=C(O)C1Cc2cc(CN(CC3[CH]CCO3)C(=O)C3CCC3)ccc2O1,-6.7,3.4657398897190435,5_1657
N=C(C=C1C=CC=C(c2ccccc2)C1)ON=CN(Cc1ccccc1[N+](=O)[O-])C(=O)CCCCCC=O,-6.6,3.0129936398468242,5_1658
CCC1NN=C(C)c2c1ccc(F)c2N1CCN(Cc2ccccc2OC)CC1,-6.7,3.6685110481583507,5_1659
CCN(CC)c1nc2cccnc2n1-c1ccc(CC(=O)Nc2cccc(C(=O)O)c2)cc1,-6.6,3.6284247118983077,5_1660
CC(C)n1c(-c2ccc(OCc3ccccc3)cc2)cc2oc(=O)[nH]c21,-6.9,3.709798370489785,5_1662
Cn1cc(-c2ccc(CNC(=O)c3cccc4ccccc34)c(F)c2)cn1,-8.0,3.6529245993510804,5_1663
CCN(CCCc1ccccc1)CCc1coc(-c2cc(OC)c(OC)c(OC)c2)n1,-5.7,3.5724304600478045,5_1664
COc1ccc(Br)c(C(=O)NN=Cc2ccc(O)cc2)c1,-6.2,3.65255724525568,5_1665
COc1ccc(CN(C)Cc2ccccc2)cc1-c1ccc(S(=O)(=O)NCCN2CCCC2)c(Cl)c1,-6.4,3.5883019409393606,5_1666
CCc1nccc(NC(=O)N[C@@H](CO)COC)n1,-6.0,3.3648587131368712,5_1667
COC=CC=C(C)C(=O)c1cn(CCN2CCOCC2)c2ccccc12,-6.2,3.401316754683278,5_1668
CCCCCCCCCCCC1NC(=O)C(=O)C1c1ccc(Cl)cc1,-5.2,3.351167874164009,5_1669
CC1(C)CCCN(C(=O)c2c[nH]c3cccc(F)c23)CC1,-6.1,2.531704946698903,5_1670
COc1ccc2c(c1)OCCCC/C=C\CN(C[C@@H](O)[C@H](Cc1ccccc1)NC(=O)O[C@H]1CO[C@H]3OCC[C@@H]31)S2(=O)=O,-7.7,1.1361142661736219,5_1671
O=C1C(=O)N(CC2=CN([C@H]3[CH][C@H](O)O[C@@H](c4cccc5ccccc45)C3)ON=N2)c2ccccc21,-9.4,3.3887235039427175,5_1672
NC(=O)C=CC=C([O-])S(=O)(=O)c1nc(-c2ccc(Cl)cc2)oc1Sc1ccccc1[N+]=O,-7.5,3.2822897792146177,5_1673
COc1ccc(C[C@@H]2NCCO[C@@H]2c2ccc(-c3cccnc3)cc2)cc1OC,-6.9,3.741506136870118,5_1674
Cc1ccc2c(c1)CN(Cc1ccc(Cl)cc1)CO2,-5.5,3.495285343602343,5_1675
COc1ccsc1-c1cc(-c2cc(F)cc(OC(C)C)c2)cnc1N,-7.2,3.796404630175396,5_1676
N#CC1=C([NH])C(=CC2=CC=CN(C(=O)Nc3ccc(S(N)(=O)=O)cc3)C=C2)SC=C1CCCO,-6.3,2.390270104142196,5_1677
CC(=O)c1c(C)[nH]c(C(=O)COC(=O)c2ccc(NC(=O)CC#N)cc2)c1C,-6.9,3.55375218930332,5_1678
C=CC(=CC=CC1=CNCN=C1)OCCCOc1ccc2c(c1)C(C)(C)NC(C)(C)O2,-6.2,3.3123053104282727,5_1679
Nc1cc(-c2ccccc2)n(-c2ccccc2)n1,-6.3,3.6313879321963887,5_1680
O=C(Nc1ccc2c(c1)C(=O)NC2=O)c1cccnc1,-7.5,3.6013021920366572,5_1681
COCCN1CCN(CC(=O)NC2CC2)CC1C,-4.9,3.2681080860407636,5_1683
O=C(N/N=C/c1c(F)cccc1Cl)c1ccc(-n2c(O)cc(Cc3ccccc3)c2O)cc1,-7.6,3.4736240852159925,5_1684
COc1cc2c(cc1OC)-c1c(C#N)c3ccccc3n1CC2,-6.9,3.66596700136993,5_1685
COc1cccc(C(=O)NC(CN2CCOCC2)c2cc(F)cc(Cl)c2)c1,-7.2,3.758438796206587,5_1686
CN(C)CCCNC(=O)C=Cc1cnc2c(c1)cc(I)c1ccccc12,-6.1,3.447284245082219,5_1687
CN(C)c1ccc(/C=N\Nc2cccc3nonc23)cc1,-5.9,3.655137087268469,5_1688
O=c1c2c3c(sc2ncn1Cc1cccc2cccnc12)CC(NCCN1CCCC1)CC3,-7.7,3.5527063307597277,5_1689
Cc1[nH]nc(Nc2ccc(C3CC3)cc2F)c1C#N,-5.9,3.6438731319422657,5_1690
CC1(C)Oc2ccc(C#N)cc2[C@@H](N2C(=O)c3ccccc3C2=O)[C@H]1O,-7.4,3.5684080749406064,5_1691
O=C(Nc1ccc(NC(=O)c2cc(Cl)ccc2O)c(Cl)c1)c1cccs1,-6.4,3.6589226481910835,5_1692
O=C(Nc1ccc(Oc2ncccn2)cc1)OC1CCCC1,-5.7,3.7919713688421446,5_1693
Cn1c(=O)nc2n(-c3ccc(Cl)cc3)c3ccccc3nc-2c1=O,-6.7,3.509767868255169,5_1694
C#CCONC(=O)O[C@H]1[C@@H](O)[C@H](Oc2ccc3c(=O)c(C(=O)OCC)c(O)oc3c2C)OC(C)(C)[C@@H]1OC,-5.8,2.8821765071626433,5_1695
CCOc1ccc(CNC(C)c2c(C)nc3sccn23)cc1,-6.0,3.7527469925675154,5_1696
CS(=O)(=O)c1ccc(Oc2ccc(Cl)c3ccccc23)cc1,-6.2,3.6735543296635216,5_1697
COC=C[C@]12[CH]CC3[C@H](O)[C@@]14[CH]C1[CH]C5=CC[C@@H](c6ccoc6)[C@]5(C)CCC1[C@@]3(C)C(=O)C(C)[CH]CN(C)[C@H]2CC4,-7.3,0.7087228662636118,5_1698
Cc1sc2nc(CSCC(=O)NC(C)c3ccccc3)nc(N)c2c1C,-6.4,3.7529741296627126,5_1699
COc1ccc(NC(=O)Cc2nc(=O)c3ccccc3[nH]2)c([N+](=O)[O-])c1,-7.1,3.5279193241051137,5_1700
O=c1[nH]n(-c2ccccc2)c2cc(-c3ccccc3)ccc12,-8.2,3.5572960105411298,5_1701
CCOc1ccc2nc(N3CCCC(C(=O)NCCCN4CC(C)CC(C)C4)C3)sc2c1,-6.3,3.520428594428995,5_1702
Cc1nn(-c2ccccc2)c(-n2ccnc2)c1C1CC(c2ccc(F)cc2)=NN1c1ccc(S(N)(=O)=O)cc1,-6.9,3.4115271301083636,5_1703
Nc1nc(Nc2c(Cl)ccc(F)c2F)cc(C(=O)c2ccccc2)c1O,-7.3,3.5799114201557636,5_1704
CCC(C)(C)Nc1ccc(C(=O)O)cc1[N+](=O)[O-],-5.3,3.510641499834925,5_1705
O=C(CN1CCN(c2ccnc3cc(Cl)ccc23)C1)c1ccccc1,-5.9,3.6818104728792105,5_1706
CCc1ccc(OC(C)C)c(NC(=O)c2ccc3c(c2)c(C)c(C)n3Cc2ccc(Cl)cc2)c1,-6.8,3.499124059669157,5_1707
N#Cc1ccc(Nc2nccc(-c3c(-c4cccc(NC(=O)c5c(F)cccc5F)c4)nn4ccccc34)n2)cc1,-7.9,3.3581566926709154,5_1708
O=CNc1ccccc1[C@@]12NCC[C]1c1ccccc1N2CCO,-6.2,3.519662800266847,5_1709
Cc1c(CN(CCC=CC=CF)Cc2cccc(C(F)(F)F)c2)ccc2cc(F)ccc12,-7.2,3.197614882833813,5_1710
COc1ccc(NC(=O)Nc2ccccc2OC)cc1,-5.9,3.7174951017313447,5_1711
COC=C1C(NC(=O)C(NC(=O)c2ccco2)c2ccco2)=CC(OC)=C1OC,-6.5,2.4451754085435016,5_1713
CSC1(C(=O)NCC(Cc2nc3ccccc3[nH]2)C(=O)Nc2ccc(C3SCCS3)cc2)CCCCC1,-7.2,3.37370164429048,5_1714
COc1ccc(NC(=O)CC(=O)n2nc(C)c(N/N=C/c3cc(Br)cc(OC)c3)n2)cc1,-6.8,3.3033721950278205,5_1715
Cc1nc2c(OCc3c(F)cccc3F)cccn2c1C(=O)NCc1ccccc1[C@@H](O)[C@H]1CCCNC1,-8.3,3.4890801715964015,5_1716
COc1cc(OC)nc(NCc2ccc3c(c2)CCO3)n1,-6.7,3.7355930093758345,5_1717
COc1ccccc1N1CCN(CCCCCNc2ncc3ccccc3n2)CC1,-6.2,3.636082197259553,5_1718
COc1ccc(-c2cc3cc(NC(=O)c4ccc(C)cc4)cc(C)c3o2)cc1,-7.5,3.600777251505799,5_1719
CC(Oc1ccccc1)C(=O)N1CCc2ccccc21,-6.6,3.550529427754153,5_1720
CC(C(=O)N1CCOCC1)c1cccn1-c1ccc(F)cc1,-5.8,3.6446965700594056,5_1721
[O-][n+]1cccc2nc3ccoc3cc21,-5.7,3.3083982261051923,5_1722
O=C1CCC(N2C(=O)c3ccc(NC(=O)Cc4cccnc4)cc3C2=O)C(=O)N1,-7.6,3.5027209600716294,5_1723
C#CCOc1nc(-c2ccccc2Cl)c(-c2ccc(Cl)cc2)cc1CCNC(=O)N1CCCC1C(=O)NCC=O,-6.9,3.428930916965383,5_1724
CN(C(=O)c1ccc(NC(=O)C2Cc3ccccc3C(=O)O2)cc1)C1CCCCC1,-7.3,3.644842480080089,5_1725
CNc1scc(-c2ccccc2)c1C(=O)c1ccc(Cl)cc1,-5.4,3.6228059912480672,5_1726
COC1=CC=C(CN2COC3(CCN(CCc4c[nH]c5ccc(F)cc45)CC3)C2)OC=C1,-7.1,2.5724362168273545,5_1727
CC1=NC(c2cccc(F)c2Cl)=CC(C(F)(F)F)=NN=C1C(=O)N1CCCC1,-7.2,1.6132739352522227,5_1728
CCN(CC)S(=O)(=O)c1ccc2c(c1)N(CC(=O)Nc1cccnc1Cl)C(=O)C1CCCN21,-6.7,3.5491418829622665,5_1729
COC(=O)C1CCN(Cc2ccc3c(c2)OCCO3)CC1,-5.9,3.4446543705407624,5_1730
CC1(C)CC=CC(=NC(=O)N2[C@H](c3ccc(F)cc3)c3c(c(O)n(C4CCCCC4)c3O)[C@@]2(C=O)Cc2ccccc2)CC1,-6.6,2.2332065653043482,5_1731
CCN(CC)c1nc(-c2ccc(Nc3nc(Nc4cccc(OC)c4)nc(N4CCOCC4)n3)cc2)no1,-7.4,3.316084094071279,5_1732
Cc1cccc(CNC(=S)NC(C)c2ccccc2)c1,-4.2,3.4513237809077157,5_1734
CC(=O)NC(Cc1ccc(O)cc1)C(=O)NC(Cc1c[nH]c2ccccc12)C(=O)O,-6.9,3.3952132583460255,5_1735
COc1cc(/C=C/C(=O)c2cc(Cl)ccc2O)ccc1Oc1ccc(C)cc1,-7.4,3.59828768970561,5_1736
Cc1noc(C)c1CNC(=O)Nc1cc2[nH]nc(-c3ccnc(F)c3)c2cn1,-6.9,3.477180401421107,5_1737
Cn1c(O)c(N=NC(N)=S)c2ccccc21,-5.3,3.4360264078246825,5_1738
N#Cc1cccnc1NCCCN1CCN(c2ccccc2F)CC1,-6.3,3.7476447316262314,5_1739
CS(=O)(=O)c1cccc(CNC(=O)N2CCCC2C(=O)Nc2cccc(OC(F)(F)F)c2)c1,-7.9,3.652442674984594,5_1740
Cc1ccc(NC(=O)N2CCNC(=O)C2C)cc1C(C)C,-6.8,3.5488444859739765,5_1741
Cc1ccc(C(=O)N2CCC(N3CC(CC#N)(n4cc(-c5ncnc6[nH]ccc56)cn4)C3)CC2)cc1,-7.1,3.5459767504006185,5_1742
O=C1CCC(N2Cc3ccc(Cl)cc3C2=O)C(=O)N1,-6.6,3.414308747453263,5_1743
O=C(NCCN1CCC(Cc2ccccc2)CC1)Nc1ccc(C2=NCCN2)cc1,-6.3,3.5649917491955008,5_1744
O=C(c1cccnc1)N1CCC2(CC1)CCN(C(=O)c1cccs1)CC2,-7.2,3.6080179478905805,5_1745
COc1cc(Sc2c(-c3ccccc3)[nH]c3ccc(Cl)cc23)cc(OC)c1OC,-7.1,3.6227515258467538,5_1746
CCC1=NN(C(=O)CCCc2ccccc2)C(c2cc(Br)ccc2O)C1,-5.2,3.7125336676740788,5_1747
COc1ccc2c(c1N)CCN(CCc1sccc1NC(=O)c1ccc(C#N)cc1)C2,-6.5,3.6477811331929137,5_1748
N=Cc1ccccc1NOc1cccc([N+](=O)[O-])c1,-6.2,3.5147754250011127,5_1749
CCOc1cc(COc2ccc3c(c2)NCCN(C(CC(C)C)C(O)=NO)C3=O)cc(C(C)=O)c1,-6.3,2.065420299033218,5_1751
O=C(Nc1ccc(F)cc1F)N1CCc2nnc(-c3ccccc3)n2-c2ccccc21,-7.6,2.675038207498109,5_1752
COC[C@@H]1CCCN1C=NC(=Nc1ccc(C(=O)N2CCN(c3cccc(OC)c3)CC2)cc1)N(C)C1CCN(C)CC1,-6.0,3.206035785317747,5_1753
CCC(C)NC(=O)Cn1c(=O)oc2cc(S(=O)(=O)N3CCCC3)ccc21,-6.1,3.6661674955966475,5_1754
CC(C)(C)C1=CC(=NO)NC(=O)N=CC=CC(c2ccnc3[nH]c4ccccc4c23)=CC1,-8.6,1.4725525023365247,5_1755
CC(C)c1cc(OC=C(c2ccc(OCCCO)cc2)c2ccc(C(C)(C)C)cn2)on1,-6.2,3.534253758020429,5_1756
COc1cccc2c1C(=O)c1ccc(N3CCN(C)CC3)cc1C2=O,-6.8,3.618083341361679,5_1757
CCOCCC(C(O)=NO)S(=O)(=O)c1ccc(N2CCN(Cc3ccc4c(c3)OCO4)CC2)cc1,-5.9,2.941665123776291,5_1758
CC(=O)O[C@H]1C[C@@]2(C)[C@@H](C[C@@H](O)[C@H]3[C@@]4(C)CC[C@@H](O)[C@@H](C)[C@@H]4CC[C@@]32C)/C1=C(\CCC=C(C)C)C(=O)NS(=O)(=O)c1ccc(Cl)cc1,-6.7,2.6692991039117193,5_1759
COCCNc1nc2ccccc2c2c1c1ccccc1n2C,-6.8,3.6395356812402406,5_1760
O=C(Cn1nc(-c2cccs2)oc1=O)NCCc1ccc(Cl)cc1,-6.0,3.750557641356286,5_1761
CCCc1c[nH]c(N2CCC(Oc3ccc([C@H](C)NC(=O)C4CC4)cc3)C2N)c1,-6.8,3.537416674067118,5_1762
CON(CCCc1ccc(N(CCCl)CCCl)cc1)COP(=O)([O-])OC,-5.1,3.1046879812454184,5_1763
COc1ccccc1C1C(C(=O)C(C)C)C(=O)C(=O)N1c1ccc(-c2ccsc2)cc1,-6.2,3.5830945969804446,5_1764
O=C(O)c1ccccc1C(=O)OCCCOc1no[n+]([O-])c1S(=O)(=O)c1ccccc1,-6.5,3.2390455725196476,5_1765
COc1c(-c2ccccc2)[n+]([O-])c2cc(F)c(F)cc2[n+]1[O-],-6.4,3.544246113007795,5_1766
O=C1CSC(c2cccnc2)N1CCN1CCN(c2cccc(Cl)c2)CC1,-7.0,3.631104378273477,5_1767
CCOC(=O)c1cnc(N2CCCC2)nc1NN1C(=O)C=C(C)C1=O,-6.6,3.3534322303063004,5_1768
COc1cc2c(cc1O)C(C)NCC2,-5.2,3.381372566088769,5_1769
CC(=O)NC1CC=CC2=CC=CC=C(OCCCCOc3ccc4c(c3)CCN(CC(=O)O)C4=O)C21,-6.4,2.287821600492367,5_1770
CCC1c2ccsc2CCN1C(=O)Nc1ccnn1C,-6.2,3.7110696141266244,5_1771
O=C(CCC(F)(F)F)N1CCC(c2nc(-c3ccc(F)c(C(F)(F)F)c3)cn2CCN2CCCC2)CC1,-7.5,3.4020841124618695,5_1772
O=c1[nH]c(NC2CC2)nc(N[C@@H]2C[C@H](CO)[C@@H](O)[C@H]2O)c1-c1nc2ccccc2s1,-8.1,3.1965166523293336,5_1773
O=C(O)c1cc(-c2cc3ccccc3o2)[nH]c(=O)n1,-7.0,3.631735563910959,5_1774
O=C(NCc1ccc(-c2ncon2)cc1)C1COc2ncccc21,-6.9,3.7340860782625143,5_1775
CCCCCOC(=O)NCC1CCN1C(=O)C(CCC(=O)OC(C)(C)C)NC(=O)c1cc(NC(=O)Nc2ccccc2OC)cc(-c2ccccc2)n1,-6.4,2.75803659162858,5_1776
O=C(CNc1cn(-c2cccc(Cl)c2)c(=O)cc1Br)NCCCN1CCCC1=O,-6.5,3.6317967568809246,5_1777
O=C(C1CCN(c2ccncc2)CC1)N1CC[C@H](c2ccc(F)c(C(F)(F)F)c2)C1,-7.8,3.539612227837586,5_1778
COc1ccc(OCCNC(=O)c2ccc(N)nc2)cc1,-5.8,3.6509605791675437,5_1779
CC=C(CNC(=O)Nc1ccc(C(=O)NCCc2c[nH]cn2)cc1)Sc1ccc(F)cc1,-6.1,3.450525984789402,5_1780
Cc1c(C2C=CC=CS(=O)(=O)C2)cnc2[nH]cc(-c3cccc(C(F)(F)F)c3)c12,-7.8,2.7311847695301523,5_1781
O=C(O)CNC(=O)C1C(=O)CCN(Cc2ccc(-c3cccc(Cl)c3)cc2)C1=O,-6.6,3.6592566862641833,5_1782
CC(C)NC(=O)c1ccc(-c2ccc(-c3nc(-c4ccc(C(=O)NCCC(=O)O)cc4)no3)cc2)cc1,-3.4,3.431247488054761,5_1783
O=C(/C=C/c1ccc(Cl)cc1)c1ccc(-c2ccccc2)cc1,-6.6,3.2825339779830367,5_1784
O=C1NC(=O)N(c2ccc(Cl)nc2)C(=O)/C1=C/c1ccc([N+](=O)[O-])cc1,-6.6,3.2465007506363195,5_1785
CC=C1C(=O)C=CC2=CC1C[C@H]1[C](C3c4ccccc4-c4ccccc43)CO[C@H]21,-7.9,2.1082030839050923,5_1786
COC=CC=C(C)[n+]1ccn(Cc2ccccc2F)n1,-5.9,3.4810764142597916,5_1787
CC=C1C=CC(CNc2ncnc3cc4oc(=O)n(CCCN5CCOCC5)c4cc23)=C1,-7.7,3.6084407887539562,5_1788
O=C(CNS(=O)(=O)c1ccccc1)Nc1ccc2[nH]c(=O)[nH]c2c1,-7.0,3.4414326695319524,5_1789
Nc1nc(CCCCNC(=O)C(=O)Nc2ccc(Cl)c(F)c2)cs1,-6.5,3.50383390561595,5_1790
CC(C)c1ccc(Nc2ncc3c(n2)CCCC3=O)cc1,-6.5,3.7368581244966492,5_1791
CN1CCN(C(=O)NC2=C(c3ccc(-c4ccccc4)cc3)N=CSc3cc(Cl)ccc32)CC1,-7.7,2.5961718279605064,5_1792
CNC(=O)C1=CC(=Nc2nc(-c3ccccc3)nc3c2CC(=O)CCCC3C)CCC1,-8.2,1.8158753205447775,5_1793
COc1[nH]cc(-c2ccc3ncc(NC(C)=O)cc3c2-c2ccccc2C)c1NS(=O)(=O)c1ccc(F)cc1F,-8.1,3.2856078397371067,5_1794
CN1CCN(c2nc3c(cc2F)c(=O)c(C(=O)O)cn3-c2ccc(F)cc2F)CC1,-7.2,3.73368994248381,5_1795
Cc1cc(C(O)c2nc(-c3ccccc3F)c[nH]2)ccc1-c1cc(Cl)ccc1C,-7.5,3.5246404574010404,5_1796
CC(=NNC(N)=O)c1ccc2cccc(O)c2n1,-6.7,3.4177269991848154,5_1797
CO[C@@H](CS(=O)(=O)N1CCN(C)CC1)c1ccccc1,-5.1,3.556088542467406,5_1798
O=C(NC1CCN(c2cnccn2)CC1)c1ccc(N2CCNC2=O)cc1,-6.6,3.6062611994907536,5_1799
COc1ccccc1-c1cc(-c2ccco2)nc(N)c1C#N,-6.5,3.748383967557692,5_1800
COc1ccc(S(=O)(=O)NC2C3CC4CC(C3)CC2C4)cc1,-6.3,3.3415848746152186,5_1801
C=C1C=CC=CC1=NC(=CSc1cc(Cl)ccc1C=O)NCCCn1ccnc1,-6.3,3.51966760202816,5_1802
CNC1CC(C(=O)OC)[C@]2(C)CCC3C(=O)O[C@@H](c4ccoc4)C[C@]3(C)C2C1=O,-6.5,3.3689576267959063,5_1803
O=c1c(O)c(-c2ccc3c(c2)OCCO3)oc2ccccc12,-7.6,3.7041993306147596,5_1804
NCC(=O)Cc1cccnc1-c1ccsc1Nc1ccc2c(c1)OCO2,-6.6,3.7029629167196796,5_1805
OC1O[C@H]2OC[CH]C2CC[C@@]12CO2,-5.5,1.9153703340314951,5_1806
Cc1c(F)cccc1C(=O)N[C@H]1CCCc2c1ncn2Cc1ccc(C(F)(F)F)cc1,-7.4,3.6572354875341935,5_1807
CCc1ccc(NC(=O)N(CCCOC)C(C(=O)NCc2ccc(OC)cc2)c2ccc(OC)cc2)cc1,-6.9,3.45795130846032,5_1809
Cc1cc(C)c2c(c1)C(O)(C(O)C(F)(F)F)C(=O)N2,-5.9,3.413134469606051,5_1810
O=C(CCNc1ccccc1)NC1CCCCCCC1,-6.3,1.6273759170575985,5_1811
CN(CC1=CC(NC(=O)c2ccc(Nc3cc(C#N)cs3)nc2)=CC1)Oc1ccc(=O)[nH]c1,-6.3,3.4405822213165296,5_1812
Cc1cc[nH]c1C(=O)N1CCN2CCC[C@H]2C1,-6.3,3.3420508738848245,5_1813
Cc1nc(CC(C)(C)c2ccc(-c3cc(-c4ccccc4)[nH]n3)cc2)c2c(N)nccn12,-7.5,3.53878735663338,5_1814
Cc1cc(Cl)ccc1NC(=O)c1cc2c(=O)[nH]c3ccccc3c2s1,-7.6,3.6327734865976335,5_1815
CC1C=NC2=CC1Nc1c(cnn1Cc1ccc(Cl)cc1)C2=Nc1ccncn1,-7.5,2.678252554703956,5_1816
COc1cccc(S(=O)(=O)N2CC(CC3CCCCN3)O[C@@H](CO)C2)c1,-6.8,3.465910000211033,5_1817
O=C(c1cn(-c2ccccc2)nc1-c1cc2ccccc2o1)c1coc2ccccc12,-8.5,3.429191408144029,5_1818
C[C@H](c1nc2ccccc2c(=O)n1-c1ccc(F)cc1)N(Cc1cccnc1)C(=O)Cc1ccc(Cc2nn[nH]n2)cc1,-8.1,3.2972073826462736,5_1819
CCNC1=C(CC(=O)N2CCN(CCc3ccc(OC)cc3)CC2)COC1=O,-5.6,3.502053486368529,5_1820
CCOC(=O)Cn1c2ccccc2c2ccc3c(c21)C(=O)C1OC1(C#N)C3=O,-6.7,3.495135567039201,5_1821
C=CC(=CC=COC)C(=O)Nc1cccc2c1O[C@H](CN(C)C(=O)Nc1ccc(F)cc1)[C@@H](C)CN([C@H](C)CO)C2=O,-7.7,1.3627635737875483,5_1822
CC(CC(=O)c1ccc(Cl)cc1)=Nc1ccc(O)cc1,-5.9,3.621835510150097,5_1823
COc1cc2cc(C(C)=O)c(=O)oc2cc1OCC(=O)Nc1cc2c(cc1[N+](=O)[O-])OCO2,-7.5,3.1495327657166055,5_1824
CC1=CCC=CC=CC(CCNc2nc(-c3cccnc3)cs2)(C(=O)Nc2ccc(OC3CCN(C)CC3)c(C(F)(F)F)c2C)C1,-7.1,0.9973926512978109,5_1825
O=C(O)c1ccnc(-c2cn(Cc3ccccc3F)cn2)c1,-6.6,3.7809259524622676,5_1826
O=C(O)CC/C=C/C1[CH][C@@H](NS(=O)(=O)c2ccc3ccccc3c2)CO[C@H]1Cc1cccnc1,-6.7,3.583758153791281,5_1827
Cc1cccc(F)c1-c1c(C(F)(F)F)oc(-c2ccccc2)c1O,-7.5,3.5814607528388174,5_1828
NC(=O)c1cnc2ccc(-c3cc(Cl)c(O)c(Cl)c3)cc2c1N=C1CC=CCC1Cl,-7.2,3.572660196575003,5_1829
CSc1ccc(CC(N)C(=O)N2CCN(C(c3ccccc3)c3cccc(F)c3)CC2)cc1,-6.6,3.650545517735072,5_1830
COc1ccc(C2CC(=O)CC(=O)N2)cc1,-5.8,3.495540429185332,5_1831
COc1ccc(C(=O)Nc2ccc(-c3ccc4nncn4n3)cc2)c(OC)c1,-7.3,3.6798107125247794,5_1832
CCC1=NN(C(=O)c2ccc(Cl)cc2)C(O)(c2ccc(Br)cc2)C1,-6.3,3.749315493824656,5_1833
CCOP(=O)(OCC)Oc1ccc(N)cc1OC,-4.9,3.4823396846375214,5_1834
Oc1ccc(-c2nc(-c3ccccc3F)cs2)cc1,-6.7,3.643908931334315,5_1835
Cc1ccc(C(=O)N2CCC(O)C(C)C2)cc1CS(=O)(=O)c1ccc(O)cc1O,-7.4,3.6106249147360816,5_1836
FC(F)Oc1cc(-c2nc(N3CCOCC3)nc(N3CCOCC3)n2)ccc1Cl,-7.4,3.5112043215750868,5_1837
O=Cc1ccc2no[n+]([O-])c2c1,-5.0,3.25167098181411,5_1838
COC=CC(=O)[C](C=C(c1ccccc1)c1ccc[nH]1)C(NC(=O)OC)C(=O)OC,-6.2,3.4679790679229576,5_1839
C1=CC23Nc4ccccc4N=CCC(=C1)C=[N+]2CCc1ccccc13,-6.9,1.107724196475802,5_1840
CC(C)(C)c1ccc(C(=O)N2CCC(c3ccc(N4CCOc5ncnc(N)c5C4=O)cc3F)CC2)cc1,-8.4,2.601361467773816,5_1841
COc1ccc(OCC(O)CNC2CCCC2)cc1,-5.1,3.5452685377459,5_1842
COc1c(Nc2ncc(Cl)c(N[C@H]3C(C(N)=O)[C@@H]4C=C[C@H]3C4)n2)ccc2c1CC[C@H](N1CCOCC1)C2,-7.1,3.134370345174827,5_1843
O=C(Cl)Nc1cccc(S(=O)(=O)N2CCCCC2)c1,-6.5,3.5152237969274704,5_1844
CC1CN(CC(F)(F)F)CCCN1Cc1nc(=O)c2cnn(C)c2[nH]1,-6.5,2.629554159687319,5_1845
O=C(Cc1ccc(Cl)cc1)Nc1cccc(C(=O)O)c1,-6.4,3.6788357816219692,5_1846
CC1CC2(CCN(C)CC2)CN(Cc2cccc(Cl)c2)C1=O,-6.3,3.3724286132565098,5_1848
COc1ccc(C=NN=CN(C)c2cccc(OC)c2)cc1,-6.1,3.5281787969808827,5_1849
Cc1cccc(C(=O)NN=Cc2c[nH]c3ccccc23)c1,-6.4,3.53244515541878,5_1850
CCC(=O)N1CCCc2cc(NCc3ccccn3)c(CCCO)cc21,-6.0,3.716379223906209,5_1851
C[C@](O)(COc1ccccc1-c1ccccn1)C(=O)Nc1cccc(S(F)(F)(F)(F)F)c1,-7.2,3.5723486785766227,5_1853
NC(CCSC[C@H]1OC(n2ccc(=O)[nH]c2=O)=NC1O)C(=O)O,-6.4,2.9936565837840567,5_1854
CCc1nccn1CCC(=O)c1ccc(OCC2CCCO2)cc1,-5.4,3.6237932600978353,5_1855
O=C(c1ccc(N2CC(F)(F)C2)c(OCC2CC2)n1)N1CCC(Nc2ccccc2)C1,-6.8,3.5292045728338106,5_1856
CC(=O)COc1cc(Br)c(Cl)cc1NC(C(N)=S)c1c(C)n(C)n(-c2ccccc2)c1=O,-6.2,3.5609783268396455,5_1857
COCC(=O)N[C@@H]1c2ccccc2C2(CCN(c3ccc(C)nn3)CC2)[C@H]1O,-6.7,3.6267599721517403,5_1858
Cc1cccc(-c2noc(-c3cccc(NC(=O)COc4ccc5ccccc5c4)c3)n2)c1,-7.9,3.5320600680721763,5_1859
C=CC(=CC=COC)N(C)C(=O)C(Cc1ccccc1)NC(=O)CN1CCN(S(=O)(=O)c2ccc(C)cc2)CC1,-6.9,3.42108191815721,5_1860
CC(=O)c1c(C)nn(CC(O)Cn2ccc3ccccc32)c1C,-6.3,3.7332326344223032,5_1861
O=C(C=CC=CCS)CC(=O)C(=O)O,-4.6,1.573667792306022,5_1862
O=C(c1ccc[nH]c1=O)N(Cc1ccsc1)C1CCCC1,-5.9,3.741676590131362,5_1863
CSC1=NCC(=O)Nc2ccccc21,-5.5,2.4149069054271664,5_1864
CN1c2ccc(-c3cccc(F)c3)cc2[C@H]2[C@H](CCN2C(=O)Nc2ccc(F)cc2)[C@H]1CO,-7.9,3.5889995014275415,5_1865
CNC(=O)Nc1nc2c(cc1C#N)CCCCC2,-6.0,2.481851695960625,5_1866
Cc1ccccc1NC(=O)c1c([N+](=O)[O-])c(C(C)(C)C)nn1C,-6.4,3.6668658872813973,5_1867
O=C1CN2CCN(S(=O)(=O)c3ccc(Cl)cc3)C[CH]C12,-6.0,2.4696119165371853,5_1868
CCCOc1cccc(-c2cc(CCN)ncc2C(=O)NC)c1O,-5.6,3.652312838124762,5_1869
Nc1[nH]nc2nccc(-c3ccc(NC(=O)Nc4ccccc4)cc3)c12,-6.8,3.5259482867560976,5_1870
CC(=O)O[C@H]1[C@H](OC(=O)c2cccc(C(C)=O)c2)c2ccccc2C(=O)C1(C)C,-6.7,3.634341031957826,5_1871
COc1ccc(NC(=O)N(CCC(c2ccccc2)c2ccccc2)CCN2CCN(C)CC2)cc1,-7.3,3.5904241843140396,5_1872
COc1cc2ncnc(Oc3ccc(-c4ccc(C#N)cc4)cc3)c2cc1OCCCN1CCOCC1,-6.6,3.419373593667014,5_1873
CN1CC/C(=C/c2cc(C(C)(C)C)c(O)c(C(C)(C)C)c2)S1(=O)=O,-5.4,3.6055808546451793,5_1874
COc1ccc(C)cc1N(C(=O)CCl)C(C)CS(=O)(=O)c1ccccc1,-5.4,3.6932763205759405,5_1875
O=CNCC1N=C(c2ccc(C(F)(F)F)cc2)Nc2cccc(C=O)c21,-7.2,3.699423640564402,5_1876
O=C(c1cnn2c1CCCC2)N1CCN(c2cccc(Cl)c2)CC1,-6.9,3.6217820734367883,5_1877
CCN1CC2(CCN(C(=O)CC(C)(C)C)CC2)CC1=O,-5.2,3.252382945985282,5_1878
NCCCCc1cc[n+](CCc2ccc3cccc(-c4ccc(Cl)cc4)c3c2)cc1,-6.0,3.252540440782883,5_1879
C#CCOC1=CC=C(C=NN2C(=CNCCCC=C)C=NC2C)C1,-5.2,2.041043621110604,5_1880
CN(C=O)C[C@@H](CCN1CCC2(CC1)C[S+]([O-])c1ccccc12)c1ccc(Cl)c(Cl)c1S,-7.0,3.4290020663309217,5_1881
CNC(CCC(=O)NCCN1CCOCC1)=C(N=CSCC1=CC(=COC)C=C1)c1ccc(Cl)c(Cl)c1,-6.4,3.130603092180273,5_1882
CCCCCc1c(-c2ccc(O)c(O)c2)oc2cc(OC)c(OC)c(OC)c2c1=O,-6.6,3.5418001963621695,5_1883
C=CCc1ccc(C2CC(c3ccc(C)o3)=NN2CCO)cc1,-5.9,3.702466063281733,5_1884
CC(=O)OCSCCOP(=O)(COCCn1cnc2c(N)ncnc21)OCOC(=O)OC(C)C,-5.5,2.849478038024976,5_1885
COCCNC(=O)C(CC(C)C)NC(=O)C1CCC1,-5.0,0.7283284237238066,5_1886
O=C(c1cccc(F)c1)N1CCC2(CC1)SC(c1ccccc1Br)c1ccccc12,-7.4,3.3746115546006576,5_1887
Nc1ncc(-c2cc(C3C4[CH]C[C@H]3CCC[C@@H]4O)nc(N3CCCc4ccccc43)n2)cc1C(F)(F)F,-9.3,2.449390244983366,5_1888
COc1ccc(-c2cc(CO[C@@H]3COc4nc([N+](=O)[O-])cn4C3)on2)cc1OC,-6.5,3.3592733681210714,5_1889
O=C(C1=CCCO1)c1[nH]c(-c2ccccc2C(F)(F)F)nc1-c1ccc2c(c1)OCO2,-8.5,3.5990398146384406,5_1890
CC(C)(C)NC(=O)c1[nH]cnc1C(=O)N=CC1=CC(=CCCNC(=O)c2cc(-c3ccc(CO)c(CO)c3)ccc2N2CCNCC2)C=C1,-7.6,2.851189907917629,5_1891
CO[C@H]1C=C2CCN(C)[C@H]2[C@@H]2c3cc4c(cc3C(=O)O[C@@H]21)OCO4,-7.4,3.189336603092996,5_1892
C(=Cc1[nH]ncc1-c1ccc(N2CCCCC2)cc1)c1ccccc1,-7.6,3.6188777742334493,5_1893
COC1Oc2cc(O)c3c(c2C(=O)N1C(=O)NCc1ccccc1[N+](=O)[O-])OC1=CC(=O)C(C(C)=O)C(=O)[C@]13C,-8.2,2.904083484318393,5_1894
N#Cc1nc(C(=O)N[C@@H]2C[C@H](CO)[C@@H](O)C2)c(C#Cc2ccccc2)s1,-6.9,3.564241059454641,5_1895
CC(OC(=O)C1=COCCO1)C(=O)Nc1cccc(Cl)c1,-5.5,3.635124025076477,5_1896
COc1cccc(-n2cc(COc3ccc4c(C)cc(=O)oc4c3)nn2)c1,-7.4,3.5829046664480657,5_1897
O=C(CO)CC1CCC(O)C2Oc3cc(=O)c(=O)cc(O)ccc(O)c(cc31)-c1c(O)cccc1Oc1ccc(-c3ccccc3)c2c1,-6.9,0.8216825431297616,5_1898
C=P(O)(CCCl)Cc1ccccc1,-4.2,3.2791093834578326,5_1899
O=C(COc1ccccc1Cl)N1N=C(c2ccc(Cl)cc2)CC1(O)c1ccc(F)cc1,-7.7,3.731438837448253,5_1900
Cc1ccnc(NS(=O)(=O)c2ccc(F)cc2)n1,-5.9,3.6441350690242564,5_1901
COc1cc(CC(=O)O)ccc1Oc1ccc2cc1CN(Cc1ccccc1)Cc1ccccc1O2,-7.8,1.3738019168315265,5_1902
COc1ccc2ccc(OCC(O)CN(C)Cc3ccccc3)cc2n1,-6.4,3.7514375743629556,5_1903
COc1cccc(C(C)Nc2cc(-c3cccc(C#N)c3)nc(C)n2)c1,-6.7,3.7781536560134015,5_1904
O=c1c2c[nH]nc2c2ccc(-c3ccc4[nH]ccc4c3)cc2n1C1CC1,-8.6,3.5295469840468536,5_1905
O=C(Nc1cccc(F)c1)c1noc2c1CCCC2,-6.7,3.6787072446901474,5_1906
O=c1[nH]c(CCCN2CCN(c3ncccn3)CC2)nc2ccccc12,-7.4,3.7536395564166316,5_1907
CC(C)=CCOC=c1c(OC=C(C)C)cc2oc3cc(OCC=C(C)C)cc(=O)c3c(O)c12,-7.0,3.4825994868254915,5_1909
CCOC(=O)/C=C/C(=C/n1c(CC)nc2ccccc2c1=O)C(=O)c1ccccc1,-6.5,3.4190912247540615,5_1910
O=Cc1ccccc1N(c1ccccc1)c1ccc[nH]1,-5.8,3.5815791756978257,5_1911
COc1cccc(N2CCCC2=O)c1[N+](=O)[O-],-5.0,3.4143946564216248,5_1912
Cn1c(=O)[nH]c(=O)c2c1nc(Br)n2CCCNc1ccnc2cc(Cl)ccc12,-7.0,3.49318223031991,5_1913
CCCC(NC(=O)c1ccc2c(n1)CCC2)C(=O)NC(C(=O)O)c1ccc(C)c(Cl)c1,-7.2,3.578136932505771,5_1914
COC(=O)C(Cc1ccc(-c2cccc(-c3ccccc3)c2)cc1)NC(=O)c1ccccc1,-7.3,3.5365453493762704,5_1915
CCN(C[CH]O[C@H]1CC[C@]2(C)[C@@H](CC[C@H]3[C@](CC[C@@H](OC(C)=O)[C](C)C(=O)OC)C[C@@](C(=O)O)CC[C@]32C)C1(C)C)C(=O)CN1CCOCC1,-5.7,1.6288276831667172,5_1916
NS(=O)(=O)c1ccccc1NS(=O)(=O)/C=C/c1ccc(-c2ccccc2)c(F)c1,-8.0,3.7284798378774937,5_1917
CCC(=O)Nc1ccc(S(=O)(=O)NCC(NCCc2ccccc2C)c2cccnc2)cc1,-6.8,3.5545457230969095,5_1918
O=C(Cc1ccc(F)cc1)OCCN1CCCC1,-5.0,3.4663639911807627,5_1919
O=C(CCCc1ccccc1)Nc1ccsc1-c1cccc(F)c1,-5.2,3.6234326896609437,5_1920
COc1ccc(N2CCN(C(=O)c3cccn4c(=O)c5ccc(Cl)cc5nc34)CC2)cc1,-7.5,3.611870183436695,5_1921
C=CC(=CC=COC)/C=C/C(=O)C=CC=CC(=O)n1ncc(CC)c1NC(=O)c1ccccc1OC,-6.5,3.3663411712686995,5_1922
O=C(Nc1cc(C(F)(F)F)cc(C(F)(F)F)c1)Nc1nc(-c2ccc(C(F)(F)F)cc2F)cs1,-7.8,3.418066561874,5_1923
COc1ccc(CNC[C@@H]2CCCC2c2nc3c(-c4cccc(F)c4)cccc3o2)cn1,-7.6,3.6383244727952375,5_1924
CC(Oc1cc2oc(=O)c3c(c2cc1Cl)CCC3)C(=O)NCCN1CCCCC1,-6.9,3.6189026036732255,5_1925
COc1ccc2nc(N)c(C(=O)Nc3ccc(Cl)c(C(F)(F)F)c3)cc2c1,-7.4,3.7249698865800487,5_1926
CCOC(=O)CSc1nc2ccc(C)cc2cc1C#N,-5.6,3.6406728020308643,5_1927
COc1ccc(C=O)c(C(C)=O)c1O,-4.8,3.4278425745612733,5_1928
Cc1cc(Cl)ccc1C1c2c(nn(C3CCN(C)CC3)c2C(C)C)C(=O)N1c1cccc(Cl)c1F,-7.4,3.5129566262761216,5_1929
COc1cc(-c2nc3n(n2)C(c2cccc(C#N)c2)C=C(C)N3C2CC2)cc(OC)c1OC,-6.8,3.5653615874857127,5_1930
O=C(CCSCc1ccc(F)cc1)NCc1ccc(Cl)cc1,-6.0,3.608277544301205,5_1931
COC(=O)Nc1cccc(-n2cc(CNC(=O)c3ccc(O)c(-c4ccc(C(F)(F)F)cc4)c3)nn2)c1,-8.4,3.4530890865856136,5_1932
O=C(NCBr)NC(=O)Nc1ccc2c(c1)C(=O)c1ccccc1-2,-7.0,3.510623105271548,5_1933
Cc1noc(-c2ccccc2)c1CN1CCC(CC2CC2)(c2ccccc2Cl)CC1,-7.5,3.444957684686778,5_1934
CC1=C[C@H]2O[C@@H]3C[C@H]4OC(=O)/C=C\C=C\[C@H]([C@@H](C)O)OC[C@H](O)[C@@H](C)CC(=O)OC[C@@]2(C[C@H]1O)[C@]4(C)[C@]31CO1,-7.6,1.069085578591256,5_1935
O=c1[nH]c(C(O)=NO)ncc1CN1CCN(c2ccccc2OO)CC1,-6.6,2.9459590993533418,5_1936
CCCCCCCC/C=C\CCCCCCCCCCCC(=O)OC[C@@H](O)COP(=O)(O)OC(C)C(N)C(=O)O,-4.0,1.1554568101884426,5_1937
O=C(Cn1c(=S)[nH]c2ccccc2c1=O)N1CCCCCC1,-6.5,2.715701484634968,5_1938
COc1ccc(C2C(C(=O)Nc3ccccc3)C(C)=Nc3nc(-c4cccs4)nn32)cc1,-8.1,3.6660731234149573,5_1939
O=C(Cn1cc(COC2=CC=CCC=CC(=O)OC=C2)nn1)Nc1ccccc1C(=O)N1CCOCC1,-7.4,1.0386823615744247,5_1940
CCn1cc(C(=O)O)c(=O)c2cc(F)c(N3CCN(C(C)=O)CC3)cc21,-7.0,3.7324874982861433,5_1941
CC=NN(c1ccccc1)c1ccc(-c2ccc(F)cc2)c(-c2ccccc2Cl)n1,-7.2,3.3762156718953755,5_1942
COc1cccc(C(N)=O)c1NC(=O)CCC1CCCCC1,-6.2,3.624044839026329,5_1944
CCC(=O)NC(=S)Nc1cccc(NC(=O)c2ccc(F)cc2)c1,-6.2,3.6136304147970733,5_1945
CN1c2ncnc3[nH]cc(c23)CC[C@@H]2CCN(C(=O)Nc3ccc(OC(F)(F)F)cc3)C[C@@H]21,-8.6,1.7519224445776551,5_1946
Cc1ccc(C(=O)Nc2ccc(-c3ccc(N4CCOCC4)nn3)cc2)cc1,-6.7,3.789189457848471,5_1947
O=C(NCc1ccc(S(=O)(=O)N2CCOCC2)cc1)c1ccc(=O)[nH]c1,-6.6,3.6036264672291716,5_1948
C=CC1=CC(=COC)[C@]2(O)C=CC(=O)CC2C(=O)O1,-6.3,2.333730193270264,5_1949
O=C(CN1CSCC1C(O)=NO)Nc1ccc(Cc2ccc(NC(=O)Nc3ccncc3)cc2)cc1,-6.3,3.009124397960156,5_1950
O=C(NC(=S)Nc1ccc(S(=O)(=O)Nc2ccc([N+](=O)[O-])cc2)cc1)c1ccccc1Cl,-6.3,3.3411756388386764,5_1951
CSCCC(NC(=O)c1ccc([N+](=O)[O-])cc1)C(=O)NCc1ccccc1,-6.2,3.5646038458952773,5_1952
O=c1ccc2ncn(C3CCCCC3)c2[nH]1,-6.3,3.585409989964278,5_1953
CC(C)OC(=O)C(C)N[P@](=O)(OC[C@H]1O[C@@H](n2cnc3c(=O)[nH]c(N)nc32)[C@](C)(O)[C@@H]1O)Oc1cccc2ccccc12,-7.7,2.724271642852843,5_1954
O=C(c1cncc(N2C[C@H]3CNC[C@H]3C2)n1)N1CCC(c2ccccc2)CC1,-8.1,3.549289030533841,5_1955
COc1nc2c(cc1CNC(=O)c1cccc(C)c1)C(=O)N(C1CCCC1)C2,-7.4,3.7019311167271907,5_1956
C(=NOCCc1ccccc1)c1nc2ccccc2s1,-5.5,3.4905410513484463,5_1957
Cc1cccc(NC(=O)c2cc(-c3ccncc3)nc3ccccc23)n1,-8.6,3.7106717507702918,5_1958
O=C(c1c[nH]c2ccccc12)N1CCCN(C2CC2)CC1,-6.3,2.5568572118091435,5_1959
CC(NC(=O)Oc1ccc(F)cc1)c1ccc(-c2ccco2)nc1,-6.6,3.802460667602946,5_1960
O=C1c2cccc(Cl)c2C(OCC2(CO)CC2)(c2ccc(Cl)cc2)N1Cc1ccc([N+](=O)[O-])cc1,-6.0,3.4466651461664175,5_1961
CC(C)c1nc(Nc2ccc(Cl)cc2)c2cc(-c3ccccc3)ccc2n1,-7.8,3.573001681736746,5_1962
CCOC(=O)COC(=O)N(C)c1nc(-c2ccccc2)nc2ccccc12,-6.8,3.675195077081767,5_1963
CCc1nc2ccc(C(=O)NCCCn3ccnc3)cn2c1N(C)Cc1ccc(OC)cc1,-6.6,3.5621016825428473,5_1964
COc1ccc(F)cc1-c1ccnc2[nH]c(C3=CCN(CC(=O)OC4CCCC4)CC3)cc12,-7.1,3.5853550544984314,5_1965
Cc1ncnc2c1ccn2[C@@H]1CC[C@H](Oc2cccc(C(=O)COCc3ccccc3)c2)C1,-7.3,3.512697803250589,5_1966
N=c1c2ccccc2nc2n1CC/C2=C\c1ccc(F)cc1,-6.9,3.6415163138707376,5_1967
O=C1C(Cl)=C(c2cn(-c3ccc(F)cc3)nn2)C(=O)c2ccccc21,-7.3,3.71919187189727,5_1968
COCCNc1nc(=O)c(Cc2ccc(OC)c(OC)c2)c(C)[nH]1,-5.6,3.6258435240572604,5_1969
CCN1CC[C@H](NC(=O)N(C)c2cnc3ccc(-c4ccc(S(C)(=O)=O)cc4)cc3c2)C1,-7.1,3.7823186672534685,5_1970
Cc1ccccc1NC(=O)NCCC(=O)N1C=CC(c2nc(N[C@H](C)CO)c3ccccc3n2)=CC1,-7.0,3.4677235427582724,5_1971
CC(C)S(=O)(=O)NC1CCc2cc(NC(=O)c3cc4cc(Cl)ccc4[nH]3)ccc21,-7.0,3.6346298652715747,5_1972
CCOC=C1C([CH]c2ccc(OCO)cc2[C@H](OC(=O)c2ccc(N(C)C(=O)C3C(=O)OCC3C(=O)OC)cc2)[C@@H]2[CH]C(=O)OC2)=CC(OC)=C1OC,-6.2,2.4263116817091324,5_1973
Cc1ccc(NC(=O)Nc2ccc(F)cc2F)cc1,-6.2,3.492908618260288,5_1974
CCOC(=O)C1=C(C)N=C(C[S+]([O-])c2ccccc2)C(C(=O)OCC)C1c1ccccc1C(F)(F)F,-6.4,3.497876402690353,5_1975
O=C1c2cccc3cc([N+](=O)[O-])cc(c23)C(=O)N1CCN1CC=C(c2cc(C(F)(F)F)ccc2[SH]2C=C3C=CCC=C3C=N2)CC1,-9.0,2.8771205758461833,5_1976
Cc1ccc(C(=O)CSc2nc(=O)cc(O)[nH]2)cc1,-5.6,3.505126612681945,5_1977
COCCN(C(=NO)c1ccc(C)nc1Oc1ccc(Cl)cc1)C(C)C,-6.1,3.489890947778089,5_1978
Cc1ccccc1OCC(O)Cn1c(Br)nc2c1c(=O)[nH]c(=O)n2C,-6.4,3.5685001445972087,5_1979
CC1/C(=C\c2ccccc2F)C(=O)/C(=C/c2cccc(F)c2)CN1S(=O)(=O)C1=CC=C(NC(=O)/C=C/CN(C)C)C1,-6.9,3.4958968022775556,5_1980
NCCNC(=O)c1ccc(NC=O)cc1,-5.2,3.313621047036551,5_1981
CCN[C@H]1CCc2ccc(OCCNS(=O)(=O)CC3CC3)cc2C1Cc1cccc(F)c1,-6.2,3.4842814818989245,5_1982
NC(=O)C1CCN(C2=NC=NCON=C(c3ccc(F)cc3)C2)CC1,-7.1,1.3815462028518644,5_1983
CCOC(=O)c1sc(N=C2NC(=O)/C(=C/c3ccc(OC)cc3)S2)nc1C,-6.2,3.612172081507455,5_1984
N=C(N)c1ccc2c(c1)NOC(c1cc(-c3cc(CC(=O)O)ccc3O)cc(C(CC(=O)O)C(=O)O)c1)N2,-8.5,3.0574353700628536,5_1985
Cc1onc(-c2ccccc2Cl)c1C(=O)N(Cc1nnc(-c2ccccc2Cl)o1)C1CC1,-7.1,3.5942798892592727,5_1986
CN1CCN(c2ccc(-c3nn4ccccc4c3-c3ccnc(Nc4ccccc4Cl)n3)cc2)CC1,-8.3,3.4865522460898974,5_1987
CCOc1c(Br)cc(/C=N/c2ccccc2C(=O)O)cc1OC,-5.8,3.7265706807359855,5_1988
CC(C)CC(NC(=O)C(Cc1c[nH]c2ccccc12)NC(=O)C(CC(C)C)NC(=O)C1CCCN1C(=O)Cc1ccccc1)C(=O)NC(CCCN=C(N)N)C(N)=O,-7.3,2.5891408582221938,5_1989
CNc1cc(C(=O)N2CCN(c3cccc(C(F)(F)F)c3)CC2)ccc1C(=O)N=C1C=CC(C)C1,-7.4,3.629655283963073,5_1990
COC(=O)C1=C(C)N=C(C)C(C(=O)OC)C1c1ccc(NC(=O)NN2C(=O)CSC2c2c(F)cccc2Cl)cc1,-6.2,3.326307916552544,5_1991
O=C1CC2(CCCC2)CC(=O)N1CCCCN1CCN(c2nsc3ccccc23)CC1,-7.0,3.3564809854204842,5_1992
O=C(O)c1cccc(CN2c3ccccc3S(=O)(=O)c3ccccc32)c1,-7.3,3.7648207952636215,5_1993
CS(=O)(=O)N(CC(O)Cn1c2ccccc2c2ccccc21)C1CCCC1,-6.3,3.760649161317353,5_1994
CNC1C[C@@H]2CN(S(=O)(=O)c3ccc4cc(Cl)ccc4c3)C[C@@H]12,-7.1,3.6535553350030883,5_1995
COc1ccc(-c2c(C#N)c(C(=O)NN3CCCCC3)nn2-c2ccc(Cl)cc2Cl)cc1,-6.4,3.7398364171521816,5_1996
O=C(NCc1ccc(S(=O)(=O)C2CC2)cc1)N1Cc2ccccc2C1,-7.6,3.714965249457931,5_1997
O=C(Nc1c[nH]ccc1=O)c1cscn1,-5.6,3.507043586531363,5_1998
CC1CCC(OC(=O)c2ccccc2C(=O)N(C)c2ccccc2)CC1,-6.7,3.6061931688528843,5_1999
