smiles,docking,drug_likeliness,names
Cn1c(-c2cccc(-c3cccc(NC(=O)Nc4cccc(-c5cccc(F)c5F)c4)c3)c2)nc2ccccc21,-9.886847195357834,3.216920496534968,52_0
O=C(Nc1cccc(-c2cccc(-c3nc4ccccc4[nH]3)c2)c1)Nc1cccc(-c2cccc(F)c2F)c1,-9.930854605993341,3.218592063451191,52_1
Cn1c(-c2cccc(-c3cccc(NC(=O)Nc4cccc(-c5cccc(F)c5F)c4)c3)c2)nc2ccccc21,-9.886847195357834,3.216920496534968,52_2
O=C(Nc1cccc(-c2cccc(-c3nc4ccccc4[nH]3)c2)c1)Nc1cccc(-c2cccc(F)c2F)c1,-9.930854605993341,3.218592063451191,52_3
O=C(Nc1cccc(-c2cccc(-c3nc4ccccc4[nH]3)c2)c1)Nc1cccc(-c2cccc(F)c2F)c1,-9.930854605993341,3.218592063451191,52_4
O=C(Nc1cccc(-c2cccc(F)c2F)c1)Nc1cccc(-c2cccc(-c3nc4cc(F)ccc4[nH]3)c2F)c1,-10.001606425702812,3.128615257744718,52_5
Cn1c(-c2cccc(-c3cccc(NC(=O)Nc4cccc(-c5cccc(F)c5F)c4)c3)c2)nc2ccccc21,-9.886847195357834,3.216920496534968,52_6
O=C(Nc1cccc(-c2cccc(-c3nc4cc(F)ccc4[nH]3)c2)c1)Nc1cccc(-c2cccc(F)c2F)c1,-9.61225806451613,3.1875244530828533,52_7
O=C(Nc1cccc(-c2cccc(-c3nc4ccccc4[nH]3)c2)c1)Nc1cccc(-c2cccc(F)c2F)c1,-9.930854605993341,3.218592063451191,52_8
O=C(Nc1cccc(-c2cccc(-c3nc4ccccc4[nH]3)c2)c1)Nc1cccc(-c2cccc(F)c2F)c1,-9.930854605993341,3.218592063451191,52_9
O=C(Nc1cccc(-c2cccc(F)c2F)c1)Nc1cccc(-c2cccc(-c3nc4cc(F)ccc4[nH]3)c2F)c1,-10.001606425702812,3.128615257744718,52_10
Cn1c(-c2cccc(-c3cccc(NC(=O)Nc4cccc(-c5cccc(F)c5F)c4)c3)c2)nc2ccccc21,-9.886847195357834,3.216920496534968,52_11
Cn1c(-c2cccc(-c3cccc(NC(=O)Nc4cccc(-c5cccc(F)c5F)c4)c3)c2)nc2ccccc21,-9.886847195357834,3.216920496534968,52_12
O=C(Nc1cccc(-c2cccc(-c3nc4ccccc4[nH]3)c2)c1)Nc1cccc(-c2cccc(F)c2F)c1,-9.930854605993341,3.218592063451191,52_13
O=C(Nc1cccc(-c2cccc(-c3nc4ccccc4[nH]3)c2)c1)Nc1cccc(-c2cccc(F)c2F)c1,-9.930854605993341,3.218592063451191,52_14
Cn1c(-c2cccc(-c3cccc(NC(=O)Nc4cccc(-c5cccc(F)c5F)c4)c3)c2)nc2ccccc21,-9.886847195357834,3.216920496534968,52_15
Cn1c(-c2cccc(-c3cccc(NC(=O)Nc4cccc(-c5cccc(F)c5F)c4)c3)c2)nc2ccccc21,-9.886847195357834,3.216920496534968,52_16
Cn1c(-c2cccc(-c3cccc(NC(=O)Nc4cccc(-c5cccc(-c6n[nH]c(=S)o6)c5)c4)c3)c2)nc2ccccc21,-9.266666666666667,3.025330481152692,52_17
O=C(Nc1cccc(-c2cccc(-c3nc4ccccc4[nH]3)c2)c1)Nc1cccc(-c2cccc(F)c2F)c1,-9.930854605993341,3.218592063451191,52_18
O=C(Nc1cccc(-c2cccc(-c3nc4ccccc4[nH]3)c2)c1)Nc1cccc(-c2cccc(F)c2F)c1,-9.930854605993341,3.218592063451191,52_19
Cn1c(-c2cccc(-c3cccc(NC(=O)Nc4cccc(-c5cncc6ccccc56)c4)c3)c2)nc2ccccc21,-8.6,3.1792386661598977,52_20
O=C(Nc1cccc(-c2cccc(F)c2F)c1)Nc1cccc(-c2cccc(-c3nc4cc(F)ccc4[nH]3)c2F)c1,-10.001606425702812,3.128615257744718,52_21
O=C(Nc1cccc(-c2cccc(-c3nc4ccccc4[nH]3)c2)c1)Nc1cccc(-c2cccc(F)c2F)c1,-9.930854605993341,3.218592063451191,52_22
O=C(Nc1cccc(-c2cccc(-c3nc4ccccc4[nH]3)c2)c1)Nc1cccc(-c2cccc(F)c2F)c1,-9.930854605993341,3.218592063451191,52_23
Cn1c(-c2cccc(-c3cccc(NC(=O)Nc4cccc(-c5cccc(F)c5F)c4)c3)c2)nc2ccccc21,-9.886847195357834,3.216920496534968,52_24
O=C(Nc1cccc(-c2cccc(-c3nc4cc(F)ccc4[nH]3)c2)c1)Nc1cccc(-c2cccc(F)c2F)c1,-9.61225806451613,3.1875244530828533,52_25
Cn1c(-c2cccc(-c3cccc(NC(=O)Nc4cccc(-c5cccc(F)c5F)c4)c3)c2)nc2ccccc21,-9.886847195357834,3.216920496534968,52_26
Cn1c(-c2cccc(-c3cccc(NC(=O)Nc4cccc(-c5cccc(F)c5F)c4)c3)c2)nc2ccccc21,-9.886847195357834,3.216920496534968,52_27
Cn1c(-c2cccc(-c3cccc(NC(=O)Nc4cccc(-c5cccc(F)c5F)c4)c3)c2)nc2ccccc21,-9.886847195357834,3.216920496534968,52_28
O=C(Nc1cccc(-c2cccc(-c3nc4ccccc4[nH]3)c2)c1)Nc1cccc(-c2cccc(F)c2F)c1,-9.930854605993341,3.218592063451191,52_29
O=C(Nc1cccc(-c2cccc(-c3nc4ccccc4[nH]3)c2)c1)Nc1cccc(-c2cccc(F)c2F)c1,-9.930854605993341,3.218592063451191,52_30
O=C(Nc1cccc(-c2cccc(-c3nc4ccccc4[nH]3)c2)c1)Nc1cccc(-c2cccc(F)c2F)c1,-9.930854605993341,3.218592063451191,52_31
Cn1c(-c2cccc(-c3cccc(NC(=O)Nc4cccc(-c5cccc(F)c5F)c4)c3)c2)nc2ccccc21,-9.886847195357834,3.216920496534968,52_32
Cn1c(-c2cccc(-c3cccc(NC(=O)Nc4cccc(-c5cccc(F)c5F)c4)c3)c2)nc2ccccc21,-9.886847195357834,3.216920496534968,52_33
Cn1c(-c2cccc(-c3cccc(NC(=O)Nc4cccc(-c5cccc(F)c5F)c4)c3)c2)nc2ccccc21,-9.886847195357834,3.216920496534968,52_34
O=C(Nc1cccc(-c2cccc(-c3nc4ccccc4[nH]3)c2)c1)Nc1cccc(-c2cccc(F)c2F)c1,-9.930854605993341,3.218592063451191,52_35
Cn1c(-c2cccc(-c3cccc(NC(=O)Nc4cccc(-c5cccc(F)c5F)c4)c3)c2)nc2ccccc21,-9.886847195357834,3.216920496534968,52_36
O=C(Nc1cccc(-c2cccc(-c3nc4ccccc4[nH]3)c2)c1)Nc1cccc(-c2cccc(F)c2F)c1,-9.930854605993341,3.218592063451191,52_37
O=C(Nc1cccc(-c2cccc(-c3cccc(F)c3)c2)c1)Nc1cccc(-c2cccc(-c3cc4ccccc4[nH]3)c2F)c1,-9.9,2.9211295335870284,52_38
O=C(Nc1cccc(-c2cccc(F)c2F)c1)Nc1cccc(-c2cccc(-c3nc4cc(F)ccc4[nH]3)c2F)c1,-10.001606425702812,3.128615257744718,52_39
O=C(Nc1cccc(-c2cccc(-c3nc4ccccc4[nH]3)c2)c1)Nc1cccc(-c2cccc(F)c2F)c1,-9.930854605993341,3.218592063451191,52_40
Cn1c(-c2cccc(-c3cccc(NC(=O)Nc4cccc(-c5cccc(F)c5F)c4)c3)c2)nc2ccccc21,-9.886847195357834,3.216920496534968,52_41
O=C(Nc1cccc(-c2cccc(-c3nc4cc(F)ccc4[nH]3)c2)c1)Nc1cccc(-c2cccc(F)c2F)c1,-9.61225806451613,3.1875244530828533,52_42
O=C(Nc1cccc(-c2cccc(-c3nc4cc(F)ccc4[nH]3)c2)c1)Nc1cccc(-c2cccc(F)c2F)c1,-9.61225806451613,3.1875244530828533,52_43
O=C(Nc1cccc(-c2cccc(-c3nc4ccccc4[nH]3)c2)c1)Nc1cccc(-c2cccc(F)c2F)c1,-9.930854605993341,3.218592063451191,52_44
O=C(Nc1cccc(-c2cccc(-c3nc4cc(F)ccc4[nH]3)c2)c1)Nc1cccc(-c2cccc(F)c2F)c1,-9.61225806451613,3.1875244530828533,52_45
O=C(Nc1cccc(-c2cccc(-c3nc4ccccc4[nH]3)c2)c1)Nc1cccc(-c2cccc(F)c2F)c1,-9.930854605993341,3.218592063451191,52_46
O=C(Nc1cccc(-c2cccc(-c3nc4ccccc4[nH]3)c2)c1)Nc1cccc(-c2cccc(F)c2F)c1,-9.930854605993341,3.218592063451191,52_47
O=C(Nc1cccc(-c2cccc(-c3nc4cc(F)ccc4[nH]3)c2)c1)Nc1cccc(-c2cccc(F)c2F)c1,-9.61225806451613,3.1875244530828533,52_48
Cn1c(-c2cccc(-c3cccc(NC(=O)Nc4cccc(-c5cccc(F)c5F)c4)c3)c2)nc2ccccc21,-9.886847195357834,3.216920496534968,52_49
Cn1c(-c2cccc(-c3cccc(NC(=O)Nc4cccc(-c5cccc(F)c5F)c4)c3)c2)nc2ccccc21,-9.886847195357834,3.216920496534968,52_50
O=C(Nc1cccc(-c2cccc(-c3nc4ccccc4[nH]3)c2)c1)Nc1cccc(-c2cccc(F)c2F)c1,-9.930854605993341,3.218592063451191,52_51
Cn1c(-c2cccc(-c3cccc(NC(=O)Nc4cccc(-c5cccc(F)c5F)c4)c3)c2)nc2ccccc21,-9.886847195357834,3.216920496534968,52_52
O=C(Nc1cccc(-c2cccc(F)c2F)c1)Nc1cccc(-c2cccc(-c3nc4cc(F)ccc4[nH]3)c2F)c1,-10.001606425702812,3.128615257744718,52_53
O=C(Nc1cccc(-c2cccc(F)c2F)c1)Nc1cccc(-c2cccc(-c3nc4cc(F)ccc4[nH]3)c2F)c1,-10.001606425702812,3.128615257744718,52_54
O=C(Nc1cccc(-c2cccc(-c3nc4cc(F)ccc4[nH]3)c2)c1)Nc1cccc(-c2cccc(F)c2F)c1,-9.61225806451613,3.1875244530828533,52_55
O=C(Nc1cccc(-c2cccc(-c3nc4ccccc4[nH]3)c2)c1)Nc1cccc(-c2cccc(F)c2F)c1,-9.930854605993341,3.218592063451191,52_56
Cn1c(-c2cccc(-c3cccc(NC(=O)Nc4cccc(-c5cccc(F)c5F)c4)c3)c2)nc2ccccc21,-9.886847195357834,3.216920496534968,52_57
O=C(Nc1cccc(-c2cccc(-c3nc4ccccc4[nH]3)c2)c1)Nc1cccc(-c2cccc(F)c2F)c1,-9.930854605993341,3.218592063451191,52_58
O=C(Nc1cccc(-c2cccc(-c3nc4cc(F)ccc4[nH]3)c2)c1)Nc1cccc(-c2cccc(F)c2F)c1,-9.61225806451613,3.1875244530828533,52_59
O=C(O)c1cccc(-c2cccc(-c3cccc(-c4nc5cc(F)ccc5[nH]4)c3F)c2)c1,-9.1,3.44128093184149,52_60
Cn1c(-c2cccc(-c3cccc(NC(=O)Nc4cccc(-c5cccc(F)c5F)c4)c3)c2)nc2ccccc21,-9.886847195357834,3.216920496534968,52_61
O=C(Nc1cccc(-c2cccc(-c3nc4ccccc4[nH]3)c2)c1)Nc1cccc(-c2cccc(F)c2F)c1,-9.930854605993341,3.218592063451191,52_62
Cn1c(-c2cccc(-c3cccc(NC(=O)Nc4cccc(-c5cccc(F)c5F)c4)c3)c2)nc2ccccc21,-9.886847195357834,3.216920496534968,52_63
O=C(Nc1cccc(-c2cccc(F)c2F)c1)Nc1cccc(-c2cccc(-c3nc4c(F)cc(F)cc4[nH]3)c2F)c1,-11.2,3.120627636123961,52_64
O=C(Nc1cccc(-c2cccc(-c3nc4ccccc4[nH]3)c2)c1)Nc1cccc(-c2cccc(F)c2F)c1,-9.930854605993341,3.218592063451191,52_65
O=C(Nc1cccc(-c2cccc(-c3nc4ccccc4[nH]3)c2)c1)Nc1cccc(-c2cccc(F)c2F)c1,-9.930854605993341,3.218592063451191,52_66
Cn1c(-c2cccc(-c3cccc(NC(=O)Nc4cccc(-c5cccc(F)c5F)c4)c3)c2)nc2ccccc21,-9.886847195357834,3.216920496534968,52_67
O=C(Nc1cccc(-c2cccc(-c3nc4ccccc4[nH]3)c2)c1)Nc1cccc(-c2cccc(F)c2F)c1,-9.930854605993341,3.218592063451191,52_68
O=C(Nc1cccc(-c2cccc(-c3nc4ccccc4[nH]3)c2)c1)Nc1cccc(-c2cccc(F)c2F)c1,-9.930854605993341,3.218592063451191,52_69
O=C(Nc1cccc(-c2cccc(-c3nc4ccccc4[nH]3)c2)c1)Nc1cccc(-c2cccc(F)c2F)c1,-9.930854605993341,3.218592063451191,52_70
O=C(Nc1cccc(-c2cccc(-c3nc4cc(F)ccc4[nH]3)c2)c1)Nc1cccc(-c2cccc(F)c2F)c1,-9.61225806451613,3.1875244530828533,52_71
O=C(Nc1cccc(-c2cccc(-c3nc4ccccc4[nH]3)c2)c1)Nc1cccc(-c2cccc(F)c2F)c1,-9.930854605993341,3.218592063451191,52_72
Cn1c(-c2cccc(-c3cccc(NC(=O)Nc4cccc(-c5cccc(F)c5F)c4)c3)c2)nc2ccccc21,-9.886847195357834,3.216920496534968,52_73
O=C(Nc1cccc(-c2cccc(-c3nc4ccccc4[nH]3)c2)c1)Nc1cccc(-c2cccc(F)c2F)c1,-9.930854605993341,3.218592063451191,52_74
O=C(Nc1cccc(-c2cccc(-c3nc4ccccc4[nH]3)c2)c1)Nc1cccc(-c2cccc(F)c2F)c1,-9.930854605993341,3.218592063451191,52_75
O=C(Nc1cccc(-c2cccc(-c3nc4ccccc4[nH]3)c2)c1)Nc1cccc(-c2cccc(F)c2F)c1,-9.930854605993341,3.218592063451191,52_76
O=C(Nc1cccc(-c2cccc(F)c2F)c1)Nc1cccc(-c2cccc(-c3nc4cc(F)ccc4[nH]3)c2F)c1,-10.001606425702812,3.128615257744718,52_77
Cn1c(-c2cccc(-c3cccc(NC(=O)Nc4cccc(-c5cccc(F)c5F)c4)c3)c2)nc2ccccc21,-9.886847195357834,3.216920496534968,52_78
O=C(Nc1cccc(-c2cccc(-c3nc4ccccc4[nH]3)c2)c1)Nc1cccc(-c2cccc(F)c2F)c1,-9.930854605993341,3.218592063451191,52_79
O=C(Nc1cccc(-c2cccc(-c3nc4cc(F)ccc4[nH]3)c2)c1)Nc1cccc(-c2cccc(F)c2F)c1,-9.61225806451613,3.1875244530828533,52_80
Cn1c(-c2cccc(-c3cccc(NC(=O)Nc4cccc(-c5cccc(C(=O)N6CCOCC6)c5)c4)c3)c2)nc2ccccc21,-9.365625000000001,3.2756851861708367,52_81
O=C(Nc1cccc(-c2cccc(-c3cccc(-c4ccccc4F)c3)c2)c1)N1CCNCC1,-9.333333333333336,3.470002651546907,52_82
Cn1c(-c2cccc(-c3cccc(NC(=O)Nc4cccc(-c5cccc(F)c5F)c4)c3)c2)nc2ccccc21,-9.886847195357834,3.216920496534968,52_83
O=C(Nc1cccc(-c2cccc(-c3nc4ccccc4[nH]3)c2)c1)Nc1cccc(-c2cccc(F)c2F)c1,-9.930854605993341,3.218592063451191,52_84
O=C(Nc1cccc(-c2cccc(F)c2F)c1)Nc1cccc(-c2cccc(-c3nc4cc(F)ccc4[nH]3)c2F)c1,-10.001606425702812,3.128615257744718,52_85
Cn1c(-c2cccc(-c3cccc(NC(=O)Nc4cccc(-c5cccc(F)c5F)c4)c3)c2)nc2ccccc21,-9.886847195357834,3.216920496534968,52_86
O=C(Nc1cccc(-c2cccc(-c3nc4ccccc4[nH]3)c2)c1)Nc1cccc(-c2cccc(F)c2F)c1,-9.930854605993341,3.218592063451191,52_87
O=C(Nc1cccc(-c2cccc(-c3nc4ccccc4[nH]3)c2)c1)Nc1cccc(-c2cccc(F)c2F)c1,-9.930854605993341,3.218592063451191,52_88
O=C(Nc1cccc(-c2cccc(-c3nc4ccccc4[nH]3)c2)c1)Nc1cccc(-c2cccc(F)c2F)c1,-9.930854605993341,3.218592063451191,52_89
O=C(Nc1cccc(-c2cccc(F)c2F)c1)Nc1cccc(-c2cccc(-c3nc4cc(F)ccc4[nH]3)c2F)c1,-10.001606425702812,3.128615257744718,52_90
O=C(Nc1cccc(-c2cccc(-c3cccc(-c4ccccc4F)c3)c2)c1)N1CCNCC1,-9.333333333333336,3.470002651546907,52_91
Cn1c(-c2cccc(-c3cccc(NC(=O)Nc4cccc(-c5cccc(F)c5F)c4)c3)c2)nc2ccccc21,-9.886847195357834,3.216920496534968,52_92
O=C(Nc1cccc(-c2cccc(-c3nc4ccccc4[nH]3)c2)c1)Nc1cccc(-c2cccc(F)c2F)c1,-9.930854605993341,3.218592063451191,52_93
O=C(Nc1cccc(-c2cccc(-c3nc4ccccc4[nH]3)c2)c1)Nc1cccc(-c2cccc(F)c2F)c1,-9.930854605993341,3.218592063451191,52_94
Cn1c(-c2cccc(-c3cccc(NC(=O)Nc4cccc(-c5cccc(-c6cccc(F)c6)c5)c4)c3)c2)nc2ccccc21,-9.841666666666667,3.0539916384657317,52_95
O=C(Nc1cccc(-c2cccc(-c3nc4cc(F)ccc4[nH]3)c2)c1)Nc1cccc(-c2cccc(F)c2F)c1,-9.61225806451613,3.1875244530828533,52_96
O=C(Nc1cccc(-c2cccc(-c3nc4ccccc4[nH]3)c2)c1)Nc1cccc(-c2cccc(F)c2F)c1,-9.930854605993341,3.218592063451191,52_97
O=C(Nc1cccc(-c2cccc(-c3nc4ccccc4[nH]3)c2)c1)Nc1cccc(-c2cccc(F)c2F)c1,-9.930854605993341,3.218592063451191,52_98
O=C(Nc1cccc(-c2cccc(-c3nc4ccccc4[nH]3)c2)c1)Nc1cccc(-c2cccc(F)c2F)c1,-9.930854605993341,3.218592063451191,52_99
O=C(Nc1cccc(-c2cccc(-c3nc4ccccc4[nH]3)c2)c1)Nc1cccc(-c2cccc(F)c2F)c1,-9.930854605993341,3.218592063451191,52_100
O=C(Nc1cccc(-c2cccc(-c3nc4ccccc4[nH]3)c2)c1)Nc1cccc(-c2cccc(F)c2F)c1,-9.930854605993341,3.218592063451191,52_101
O=C(Nc1cccc(-c2cccc(F)c2F)c1)Nc1cccc(-c2cccc(-c3nc4cc(F)ccc4[nH]3)c2F)c1,-10.001606425702812,3.128615257744718,52_102
O=C(Nc1cccc(-c2cccc(-c3nc4ccccc4[nH]3)c2)c1)Nc1cccc(-c2cccc(F)c2F)c1,-9.930854605993341,3.218592063451191,52_103
O=C(Nc1cccc(-c2cccc(F)c2F)c1)Nc1cccc(-c2cccc(-c3nc4cc(F)ccc4[nH]3)c2F)c1,-10.001606425702812,3.128615257744718,52_104
Cn1c(-c2cccc(-c3cccc(NC(=O)Nc4cccc(-c5cccc(F)c5F)c4)c3)c2)nc2ccccc21,-9.886847195357834,3.216920496534968,52_105
Cn1c(-c2cccc(-c3cccc(NC(=O)N4C=CCC(=O)C=C4)c3)c2)nc2ccccc21,-8.6,2.663940885190438,52_106
Cn1c(-c2cccc(-c3cccc(NC(=O)Nc4cccc(-c5cccc(F)c5F)c4)c3)c2)nc2ccccc21,-9.886847195357834,3.216920496534968,52_107
O=C(Nc1cccc(-c2cccc(-c3nc4ccccc4[nH]3)c2)c1)Nc1cccc(-c2cccc(F)c2F)c1,-9.930854605993341,3.218592063451191,52_108
Cn1c(-c2cccc(-c3cccc(NC(=O)Nc4cccc(-c5cccc(F)c5F)c4)c3)c2)nc2ccccc21,-9.886847195357834,3.216920496534968,52_109
O=C(Nc1cccc(-c2cccc(-c3nc4ccccc4[nH]3)c2)c1)Nc1cccc(-c2cccc(F)c2F)c1,-9.930854605993341,3.218592063451191,52_110
Cn1c(-c2cccc(-c3cccc(NC(=O)Nc4cccc(-c5cccc(F)c5F)c4)c3)c2)nc2ccccc21,-9.886847195357834,3.216920496534968,52_111
O=C(Nc1cccc(-c2cccc(F)c2F)c1)Nc1cccc(-c2cccc(-c3nc4cc(F)ccc4[nH]3)c2F)c1,-10.001606425702812,3.128615257744718,52_112
O=C(Nc1cccc(-c2cccc(-c3nc4ccccc4[nH]3)c2)c1)Nc1cccc(-c2cccc(F)c2F)c1,-9.930854605993341,3.218592063451191,52_113
O=C(Nc1cccc(-c2cccc(-c3nc4cc(F)ccc4[nH]3)c2)c1)Nc1cccc(-c2cccc(F)c2F)c1,-9.61225806451613,3.1875244530828533,52_114
Cn1c(-c2cccc(-c3cccc(NC(=O)Nc4cccc(-c5cccc(F)c5F)c4)c3)c2)nc2ccccc21,-9.886847195357834,3.216920496534968,52_115
Cn1c(-c2cccc(-c3cccc(NC(=O)Nc4cccc(-c5cccc(F)c5F)c4)c3)c2)nc2ccccc21,-9.886847195357834,3.216920496534968,52_116
O=C(Nc1cccc(-c2cccc(-c3nc4ccccc4[nH]3)c2)c1)Nc1cccc(-c2cccc(F)c2F)c1,-9.930854605993341,3.218592063451191,52_117
O=C(Nc1cccc(-c2cccc(-c3nc4ccccc4[nH]3)c2)c1)Nc1cccc(-c2cccc(F)c2F)c1,-9.930854605993341,3.218592063451191,52_118
O=C(Nc1cccc(-c2cccc(-c3nc4ccccc4[nH]3)c2)c1)Nc1cccc(-c2cccc(F)c2F)c1,-9.930854605993341,3.218592063451191,52_119
O=C(Nc1cccc(-c2cccc(F)c2F)c1)Nc1cccc(-c2cccc(-c3nc4cc(F)ccc4[nH]3)c2F)c1,-10.001606425702812,3.128615257744718,52_120
Cn1c(-c2cccc(-c3cccc(NC(=O)Nc4cccc(-c5cccc(F)c5F)c4)c3)c2)nc2ccccc21,-9.886847195357834,3.216920496534968,52_121
O=C(Nc1cccc(-c2cccc(-c3nc4ccccc4[nH]3)c2)c1)Nc1cccc(-c2cccc(F)c2F)c1,-9.930854605993341,3.218592063451191,52_122
O=C(Nc1cccc(-c2cccc(-c3nc4ccccc4[nH]3)c2)c1)Nc1cccc(-c2cccc(F)c2F)c1,-9.930854605993341,3.218592063451191,52_123
O=C(Nc1cccc(-c2cccc(-c3nc4ccccc4[nH]3)c2)c1)Nc1cccc(-c2cccc(F)c2F)c1,-9.930854605993341,3.218592063451191,52_124
Cn1c(-c2cccc(-c3cccc(NC(=O)Nc4cccc(-c5cccc(F)c5F)c4)c3)c2)nc2ccccc21,-9.886847195357834,3.216920496534968,52_125
O=C(Nc1cccc(-c2cccc(-c3nc4ccccc4[nH]3)c2)c1)Nc1cccc(-c2cccc(F)c2F)c1,-9.930854605993341,3.218592063451191,52_126
O=C(Nc1cccc(-c2cccc(F)c2F)c1)Nc1cccc(-c2cccc(-c3nc4cc(F)ccc4[nH]3)c2F)c1,-10.001606425702812,3.128615257744718,52_127
O=C(Nc1cccc(-c2cccc(-c3nc4ccccc4[nH]3)c2)c1)Nc1cccc(-c2cccc(F)c2F)c1,-9.930854605993341,3.218592063451191,52_128
Cn1c(-c2cccc(-c3cccc(NC(=O)Nc4cccc(-c5cccc(F)c5F)c4)c3)c2)nc2ccccc21,-9.886847195357834,3.216920496534968,52_129
Cn1c(-c2cccc(-c3cccc(NC(=O)Nc4cccc(-c5cccc(F)c5F)c4)c3)c2)nc2ccccc21,-9.886847195357834,3.216920496534968,52_130
O=C(c1cccc(-c2cccc(-c3cccc4ccccc34)c2)c1)N1CCN(c2ccccn2)CC1,-9.2,3.3419638862644048,52_131
Cn1c(-c2cccc(-c3cccc(NC(=O)Nc4cccc(-c5cccc(F)c5F)c4)c3)c2)nc2ccccc21,-9.886847195357834,3.216920496534968,52_132
O=C(Nc1cccc(-c2cccc(F)c2F)c1)Nc1cccc(-c2cccc(-c3nc4cc(F)ccc4[nH]3)c2F)c1,-10.001606425702812,3.128615257744718,52_133
O=C(Nc1cccc(-c2cccc(-c3nc4ccccc4[nH]3)c2)c1)Nc1cccc(-c2cccc(F)c2F)c1,-9.930854605993341,3.218592063451191,52_134
Cn1c(-c2cccc(-c3cccc(NC(=O)Nc4cccc(-c5cccc(F)c5F)c4)c3)c2)nc2ccccc21,-9.886847195357834,3.216920496534968,52_135
O=C(Nc1cccc(-c2cccc(-c3nc4ccccc4[nH]3)c2)c1)Nc1cccc(-c2cccc(F)c2F)c1,-9.930854605993341,3.218592063451191,52_136
O=C(Nc1cccc(-c2cccc(-c3nc4ccccc4[nH]3)c2)c1)Nc1cccc(-c2cccc(F)c2F)c1,-9.930854605993341,3.218592063451191,52_137
O=C(Nc1cccc(-c2cccc(F)c2F)c1)Nc1cccc(-c2cccc(-c3nc4cc(F)ccc4[nH]3)c2F)c1,-10.001606425702812,3.128615257744718,52_138
O=C(Nc1cccc(-c2cccc(-c3nc4ccccc4[nH]3)c2)c1)Nc1cccc(-c2cccc(F)c2F)c1,-9.930854605993341,3.218592063451191,52_139
O=C(Nc1cccc(-c2cccc(-c3nc4ccccc4[nH]3)c2)c1)Nc1cccc(-c2cccc(F)c2F)c1,-9.930854605993341,3.218592063451191,52_140
Cn1c(-c2cccc(-c3cccc(NC(=O)Nc4cccc(-c5cccc(F)c5F)c4)c3)c2)nc2ccccc21,-9.886847195357834,3.216920496534968,52_141
O=C(Nc1cccc(-c2cccc(-c3nc4ccccc4[nH]3)c2)c1)Nc1cccc(-c2cccc(F)c2F)c1,-9.930854605993341,3.218592063451191,52_142
O=C(Nc1cccc(-c2cccc(-c3nc4ccccc4[nH]3)c2)c1)Nc1cccc(-c2cccc(F)c2F)c1,-9.930854605993341,3.218592063451191,52_143
O=C(Nc1cccc(-c2cccc(-c3nc4ccccc4[nH]3)c2)c1)Nc1cccc(-c2cccc(F)c2F)c1,-9.930854605993341,3.218592063451191,52_144
O=C(Nc1cccc(-c2cccc(-c3nc4ccccc4[nH]3)c2)c1)Nc1cccc(-c2cccc(F)c2F)c1,-9.930854605993341,3.218592063451191,52_145
O=C(Nc1cccc(-c2cccc(-c3nc4ccccc4[nH]3)c2)c1)Nc1cccc(-c2cccc(F)c2F)c1,-9.930854605993341,3.218592063451191,52_146
Cn1c(-c2cccc(-c3cccc(NC(=O)Nc4cccc(-c5cccc(F)c5F)c4)c3)c2)nc2ccccc21,-9.886847195357834,3.216920496534968,52_147
O=C(Nc1cccc(-c2cccc(-c3nc4ccccc4[nH]3)c2)c1)Nc1cccc(-c2cccc(F)c2F)c1,-9.930854605993341,3.218592063451191,52_148
O=C(Nc1cccc(-c2cccc(-c3nc4ccccc4[nH]3)c2)c1)Nc1cccc(-c2cccc(F)c2F)c1,-9.930854605993341,3.218592063451191,52_149
N#Cc1ccccc1NC(=O)c1ccc(-c2cccc(-c3cccc(C(=O)N4CCOCC4)c3)c2)nc1,-7.7,3.6157731354905405,52_150
Cn1c(-c2cccc(-c3cccc(NC(=O)Nc4cccc(-c5cccc(F)c5F)c4)c3)c2)nc2ccccc21,-9.886847195357834,3.216920496534968,52_151
Cn1c(-c2cccc(-c3cccc(NC(=O)Nc4cccc(-c5cccc(F)c5F)c4)c3)c2)nc2ccccc21,-9.886847195357834,3.216920496534968,52_152
O=C(Nc1cccc(-c2cccc(-c3nc4ccccc4[nH]3)c2)c1)Nc1cccc(-c2cccc(F)c2F)c1,-9.930854605993341,3.218592063451191,52_153
O=C(Nc1cccc(-c2cccc(-c3nc4ccccc4[nH]3)c2)c1)Nc1cccc(-c2cccc(F)c2F)c1,-9.930854605993341,3.218592063451191,52_154
O=C(Nc1cccc(-c2cccc(-c3nc4ccccc4[nH]3)c2)c1)Nc1cccc(-c2cccc(F)c2F)c1,-9.930854605993341,3.218592063451191,52_155
Cn1c(-c2cccc(-c3cccc(NC(=O)Nc4cccc(-c5cccc(F)c5F)c4)c3)c2)nc2ccccc21,-9.886847195357834,3.216920496534968,52_156
O=C(Nc1cccc(-c2cccc(F)c2F)c1)Nc1cccc(-c2cccc(-c3nc4cc(F)ccc4[nH]3)c2F)c1,-10.001606425702812,3.128615257744718,52_157
O=C(Nc1cccc(-c2cccc(-c3nc4ccccc4[nH]3)c2)c1)Nc1cccc(-c2cccc(F)c2F)c1,-9.930854605993341,3.218592063451191,52_158
O=C(Nc1cccc(-c2cccc(-c3nc4ccccc4[nH]3)c2)c1)Nc1cccc(-c2cccc(F)c2F)c1,-9.930854605993341,3.218592063451191,52_159
Cn1c(-c2cccc(-c3cccc(NC(=O)Nc4cccc(-c5cccc(F)c5F)c4)c3)c2)nc2ccccc21,-9.886847195357834,3.216920496534968,52_160
Cn1c(-c2cccc(-c3cccc(NC(=O)Nc4cccc(-c5cccc(F)c5F)c4)c3)c2)nc2ccccc21,-9.886847195357834,3.216920496534968,52_161
O=C(Nc1cccc(-c2cccc(-c3nc4cc(F)ccc4[nH]3)c2)c1)Nc1cccc(-c2cccc(F)c2F)c1,-9.61225806451613,3.1875244530828533,52_162
O=C(Nc1cccc(-c2cccc(-c3nc4ccccc4[nH]3)c2)c1)Nc1cccc(-c2cccc(F)c2F)c1,-9.930854605993341,3.218592063451191,52_163
O=C(Nc1cccc(-c2cccc(-c3nc4ccccc4[nH]3)c2)c1)Nc1cccc(-c2cccc(F)c2F)c1,-9.930854605993341,3.218592063451191,52_164
O=C(Nc1cccc(-c2cccc(-c3cccc(-c4nc5cc(F)ccc5[nH]4)c3F)c2)c1)N1CCNCC1,-9.566666666666666,3.3431687582788054,52_165
O=C(Nc1cccc(-c2cccc(F)c2F)c1)Nc1cccc(-c2cccc(-c3nc4cc(F)ccc4[nH]3)c2F)c1,-10.001606425702812,3.128615257744718,52_166
O=C(Nc1cccc(-c2cccc(F)c2F)c1)Nc1cccc(-c2cccc(-c3nc4cc(F)ccc4[nH]3)c2F)c1,-10.001606425702812,3.128615257744718,52_167
Cn1c(-c2cccc(-c3cccc(NC(=O)Nc4cccc(-c5cccc(F)c5F)c4)c3)c2)nc2ccccc21,-9.886847195357834,3.216920496534968,52_168
Cn1c(-c2cccc(-c3cccc(NC(=O)Nc4cccc(-c5cccc(F)c5F)c4)c3)c2)nc2ccccc21,-9.886847195357834,3.216920496534968,52_169
O=C(Nc1cccc(-c2cccc(-c3nc4ccccc4[nH]3)c2)c1)Nc1cccc(-c2cccc(F)c2F)c1,-9.930854605993341,3.218592063451191,52_170
Cn1c(-c2cccc(-c3cccc(NC(=O)Nc4cccc(-c5cccc(F)c5F)c4)c3)c2)nc2ccccc21,-9.886847195357834,3.216920496534968,52_171
O=C(Nc1cccc(-c2cccc(-c3nc4ccccc4[nH]3)c2)c1)Nc1cccc(-c2cccc(F)c2F)c1,-9.930854605993341,3.218592063451191,52_172
O=C(Nc1cccc(-c2cccc(-c3nc4ccccc4[nH]3)c2)c1)Nc1cccc(-c2cccc(F)c2F)c1,-9.930854605993341,3.218592063451191,52_173
O=C(Nc1cccc(-c2cccc(-c3nc4ccccc4[nH]3)c2)c1)Nc1cccc(-c2cccc(F)c2F)c1,-9.930854605993341,3.218592063451191,52_174
O=C(Nc1cccc(-c2cccc(-c3nc4cc(F)ccc4[nH]3)c2)c1)Nc1cccc(-c2cccc(F)c2F)c1,-9.61225806451613,3.1875244530828533,52_175
Cn1c(-c2cccc(-c3cccc(NC(=O)Nc4cccc(-c5cccc(F)c5F)c4)c3)c2)nc2ccccc21,-9.886847195357834,3.216920496534968,52_176
O=C(Nc1ccc(F)cc1F)c1cccc(-c2cccc(-c3cccc(-c4cccc(-c5nn[nH]n5)c4)c3)c2)c1,-9.5,3.3909556758294634,52_177
Cn1c(-c2cccc(-c3cccc(NC(=O)Nc4cccc(-c5cccc(F)c5F)c4)c3)c2)nc2ccccc21,-9.886847195357834,3.216920496534968,52_178
Cn1c(-c2cccc(-c3cccc(NC(=O)Nc4cccc(-c5cccc(C(=O)N6CCOCC6)c5)c4)c3)c2)nc2ccccc21,-9.365625000000001,3.2756851861708367,52_179
O=C(Nc1cccc(-c2cccc(-c3nc4ccccc4[nH]3)c2)c1)Nc1cccc(-c2cccc(F)c2F)c1,-9.930854605993341,3.218592063451191,52_180
Cn1c(-c2cccc(-c3cccc(NC(=O)Nc4cccc(-c5cccc(F)c5F)c4)c3)c2)nc2ccccc21,-9.886847195357834,3.216920496534968,52_181
Cn1c(-c2cccc(-c3cccc(NC(=O)Nc4cccc(-c5cccc(F)c5F)c4)c3)c2)nc2ccccc21,-9.886847195357834,3.216920496534968,52_182
Cn1c(-c2cccc(-c3cccc(NC(=O)Nc4cccc(-c5cccc(-c6nn[nH]n6)c5)c4)c3)c2)nc2ccccc21,-9.4,3.139570701813599,52_183
O=C(Nc1cccc(-c2cccc(-c3nc4cc(F)ccc4[nH]3)c2)c1)Nc1cccc(-c2cccc(F)c2F)c1,-9.61225806451613,3.1875244530828533,52_184
Cn1c(-c2cccc(-c3cccc(NC(=O)Nc4cccc(-c5cccc(F)c5F)c4)c3)c2)nc2ccccc21,-9.886847195357834,3.216920496534968,52_185
Cn1c(-c2cccc(-c3cccc(NC(=O)Nc4cccc(-c5cccc(F)c5F)c4)c3)c2)nc2ccccc21,-9.886847195357834,3.216920496534968,52_186
O=C(Nc1cccc(-c2cccc(-c3nc4ccccc4[nH]3)c2)c1)Nc1cccc(-c2cccc(F)c2F)c1,-9.930854605993341,3.218592063451191,52_187
O=C(Nc1cccc(-c2cccc(-c3cccc(-c4nn[nH]n4)c3)c2)c1)Nc1cccc(-c2cccc(F)c2F)c1,-9.847368421052632,3.286971097546113,52_188
O=C(Nc1cccc(-c2cccc(-c3nc4cc(F)ccc4[nH]3)c2)c1)Nc1cccc(-c2cccc(F)c2F)c1,-9.61225806451613,3.1875244530828533,52_189
O=C(Nc1cccc(-c2cccc(F)c2F)c1)Nc1cccc(-c2cccc(-c3nc4cc(F)ccc4[nH]3)c2F)c1,-10.001606425702812,3.128615257744718,52_190
O=C(Nc1cccc(-c2cccc(-c3nc4ccccc4[nH]3)c2)c1)Nc1cccc(-c2cccc(F)c2F)c1,-9.930854605993341,3.218592063451191,52_191
Cn1c(-c2cccc(-c3cccc(NC(=O)Nc4cccc(-c5ccc6c(c5)OCCO6)c4)c3)c2)nc2ccccc21,-8.7,3.2792182262248284,52_192
O=C(Nc1cccc(-c2cccc(-c3nc4ccccc4[nH]3)c2)c1)Nc1cccc(-c2cccc(F)c2F)c1,-9.930854605993341,3.218592063451191,52_193
O=C(Nc1cccc(-c2cccc(-c3nc4cc(F)ccc4[nH]3)c2)c1)Nc1cccc(-c2cccc(F)c2F)c1,-9.61225806451613,3.1875244530828533,52_194
O=C(Nc1cccc(-c2cccc(-c3nc4ccccc4[nH]3)c2)c1)Nc1cccc(-c2cccc(F)c2F)c1,-9.930854605993341,3.218592063451191,52_195
Cn1c(-c2cccc(-c3cccc(NC(=O)Nc4cccc(-c5cccc(C(=O)N6CCOCC6)c5)c4)c3)c2)nc2ccccc21,-9.365625000000001,3.2756851861708367,52_196
O=C(Nc1cccc(-c2cccc(-c3nc4ccccc4[nH]3)c2)c1)Nc1cccc(-c2cccc(F)c2F)c1,-9.930854605993341,3.218592063451191,52_197
O=C(Nc1cccc(-c2cccc(F)c2F)c1)Nc1cccc(-c2cccc(-c3nc4cc(F)ccc4[nH]3)c2F)c1,-10.001606425702812,3.128615257744718,52_198
Cn1c(-c2cccc(-c3cccc(NC(=O)Nc4cccc(-c5cccc(F)c5F)c4)c3)c2)nc2ccccc21,-9.886847195357834,3.216920496534968,52_199
Cn1c(-c2cccc(-c3cccc(NC(=O)Nc4cccc(-c5cccc(F)c5F)c4)c3)c2)nc2ccccc21,-9.886847195357834,3.216920496534968,52_200
Cn1c(-c2cccc(-c3cccc(NC(=O)Nc4cccc(-c5cccc(F)c5F)c4)c3)c2)nc2ccccc21,-9.886847195357834,3.216920496534968,52_201
Cn1c(-c2cccc(-c3cccc(NC(=O)Nc4cccc(-c5cccc(F)c5F)c4)c3)c2)nc2ccccc21,-9.886847195357834,3.216920496534968,52_202
O=C(Nc1cccc(-c2cccc(-c3nc4ccccc4[nH]3)c2)c1)Nc1cccc(-c2cccc(F)c2F)c1,-9.930854605993341,3.218592063451191,52_203
O=C(Nc1cccc(-c2cccc(-c3nc4cc(F)ccc4[nH]3)c2)c1)Nc1cccc(-c2cccc(F)c2F)c1,-9.61225806451613,3.1875244530828533,52_204
O=C(Nc1cccc(-c2cccc(-c3nc4ccccc4[nH]3)c2)c1)Nc1cccc(-c2cccc(F)c2F)c1,-9.930854605993341,3.218592063451191,52_205
O=C(Nc1cccc(-c2cccc(-c3nc4ccccc4[nH]3)c2)c1)Nc1cccc(-c2cccc(F)c2F)c1,-9.930854605993341,3.218592063451191,52_206
O=C(Nc1cccc(-c2cccc(-c3nc4cc(F)ccc4[nH]3)c2)c1)Nc1cccc(-c2cccc(F)c2F)c1,-9.61225806451613,3.1875244530828533,52_207
O=C(Nc1cccc(-c2cccc(-c3nc4ccccc4[nH]3)c2)c1)Nc1cccc(-c2cccc(F)c2F)c1,-9.930854605993341,3.218592063451191,52_208
O=C(Nc1cccc(-c2cccc(F)c2F)c1)Nc1cccc(-c2cccc(-c3nc4cc(F)ccc4[nH]3)c2F)c1,-10.001606425702812,3.128615257744718,52_209
O=C(Nc1cccc(-c2cccc(-c3nc4cc(F)ccc4[nH]3)c2)c1)Nc1cccc(-c2cccc(F)c2F)c1,-9.61225806451613,3.1875244530828533,52_210
O=C(Nc1cccc(-c2cccc(-c3nc4ccccc4[nH]3)c2)c1)Nc1cccc(-c2cccc(F)c2F)c1,-9.930854605993341,3.218592063451191,52_211
O=C(Nc1cccc(-c2cccc(-c3nc4cc(F)ccc4[nH]3)c2)c1)Nc1cccc(-c2cccc(F)c2F)c1,-9.61225806451613,3.1875244530828533,52_212
O=C(Nc1cccc(-c2cccc(-c3nc4ccccc4[nH]3)c2)c1)Nc1cccc(-c2cccc(F)c2F)c1,-9.930854605993341,3.218592063451191,52_213
O=C(Nc1cccc(-c2cccc(-c3nc4ccccc4[nH]3)c2)c1)Nc1cccc(-c2cccc(F)c2F)c1,-9.930854605993341,3.218592063451191,52_214
O=C(Nc1cccc(-c2cccc(-c3nc4ccccc4[nH]3)c2)c1)Nc1cccc(-c2cccc(F)c2F)c1,-9.930854605993341,3.218592063451191,52_215
Cn1c(-c2cccc(-c3cccc(NC(=O)Nc4cccc(-c5cccc(F)c5F)c4)c3)c2)nc2ccccc21,-9.886847195357834,3.216920496534968,52_216
Cn1c(-c2cccc(-c3cccc(NC(=O)Nc4cccc(-c5cccc(F)c5F)c4)c3)c2)nc2ccccc21,-9.886847195357834,3.216920496534968,52_217
O=c1c2ccccc2nc(-c2cccc(C#Cc3ccccc3)c2)n1-c1cccc(-c2cccc(-c3cccc(-c4nn[nH]n4)c3)c2F)c1,-9.2,3.2015468563352814,52_218
O=C(Nc1cccc(-c2cccc(F)c2F)c1)Nc1cccc(-c2cccc(-c3nc4cc(F)ccc4[nH]3)c2F)c1,-10.001606425702812,3.128615257744718,52_219
O=C(Nc1cccc(-c2cccc(-c3nc4cc(F)ccc4[nH]3)c2)c1)Nc1cccc(-c2cccc(F)c2F)c1,-9.61225806451613,3.1875244530828533,52_220
Cn1c(-c2cccc(-c3cccc(NC(=O)Nc4cccc(-c5cccc(F)c5F)c4)c3)c2)nc2ccccc21,-9.886847195357834,3.216920496534968,52_221
O=C(Nc1cccc(-c2cccc(-c3nc4ccccc4[nH]3)c2)c1)Nc1cccc(-c2cccc(F)c2F)c1,-9.930854605993341,3.218592063451191,52_222
O=C(Nc1cccc(-c2cccc(-c3nc4ccccc4[nH]3)c2)c1)Nc1cccc(-c2cccc(F)c2F)c1,-9.930854605993341,3.218592063451191,52_223
Cn1c(-c2cccc(-c3cccc(NC(=O)Nc4cccc(-c5cccc(C(=O)N6CCOCC6)c5)c4)c3)c2)nc2ccccc21,-9.365625000000001,3.2756851861708367,52_224
O=C(Nc1cccc(-c2cccc(-c3cccc(-c4nc5cc(F)ccc5[nH]4)c3F)c2)c1)N1CCNCC1,-9.566666666666666,3.3431687582788054,52_225
O=C(Nc1cccc(-c2cccc(-c3nc4cc(F)ccc4[nH]3)c2)c1)Nc1cccc(-c2cccc(F)c2F)c1,-9.61225806451613,3.1875244530828533,52_226
O=C(Nc1cccc(-c2cccc(-c3nc4ccccc4[nH]3)c2)c1)Nc1cccc(-c2cccc(F)c2F)c1,-9.930854605993341,3.218592063451191,52_227
O=C(Nc1cccc(-c2cccc(-c3nc4ccccc4[nH]3)c2)c1)Nc1cccc(-c2cccc(F)c2F)c1,-9.930854605993341,3.218592063451191,52_228
O=C(Nc1cccc(-c2cccc(-c3nc4cc(F)ccc4[nH]3)c2)c1)Nc1cccc(-c2cccc(F)c2F)c1,-9.61225806451613,3.1875244530828533,52_229
O=C(Nc1cccc(-c2cccc(-c3nc4ccccc4[nH]3)c2)c1)Nc1cccc(-c2cccc(F)c2F)c1,-9.930854605993341,3.218592063451191,52_230
Cn1c(-c2cccc(-c3cccc(NC(=O)Nc4cccc(-c5cccc(F)c5F)c4)c3)c2)nc2ccccc21,-9.886847195357834,3.216920496534968,52_231
O=C(Nc1cccc(-c2cccc(-c3nc4ccccc4[nH]3)c2)c1)Nc1cccc(-c2cccc(F)c2F)c1,-9.930854605993341,3.218592063451191,52_232
O=C(Nc1cccc(-c2cccc(-c3nc4ccccc4[nH]3)c2)c1)Nc1cccc(-c2cccc(F)c2F)c1,-9.930854605993341,3.218592063451191,52_233
O=C(Nc1cccc(-c2cccc(-c3nc4ccccc4[nH]3)c2)c1)Nc1cccc(-c2cccc(F)c2F)c1,-9.930854605993341,3.218592063451191,52_234
O=C(Nc1cccc(-c2cccc(-c3nc4cc(F)ccc4[nH]3)c2)c1)Nc1cccc(-c2cccc(F)c2F)c1,-9.61225806451613,3.1875244530828533,52_235
O=C(Nc1cccc(-c2cccc(F)c2F)c1)Nc1cccc(-c2cccc(-c3nc4cc(F)ccc4[nH]3)c2F)c1,-10.001606425702812,3.128615257744718,52_236
O=C(Nc1cccc(-c2cccc(-c3nc4ccccc4[nH]3)c2)c1)Nc1cccc(-c2cccc(F)c2F)c1,-9.930854605993341,3.218592063451191,52_237
O=C(Nc1cccc(-c2cccc(-c3nc4ccccc4[nH]3)c2)c1)Nc1cccc(-c2cccc(F)c2F)c1,-9.930854605993341,3.218592063451191,52_238
Cn1c(-c2cccc(-c3cccc(NC(=O)Nc4cccc(-c5cccc(F)c5F)c4)c3)c2)nc2ccccc21,-9.886847195357834,3.216920496534968,52_239
Cn1c(-c2cccc(-c3cccc(NC(=O)Nc4cccc(-c5cccc(F)c5F)c4)c3)c2)nc2ccccc21,-9.886847195357834,3.216920496534968,52_240
O=C(Nc1cccc(-c2cccc(-c3nc4ccccc4[nH]3)c2)c1)Nc1cccc(-c2cccc(F)c2F)c1,-9.930854605993341,3.218592063451191,52_241
O=C(Nc1cccc(-c2cccc(-c3nc4ccccc4[nH]3)c2)c1)Nc1cccc(-c2cccc(F)c2F)c1,-9.930854605993341,3.218592063451191,52_242
O=C(Nc1cccc(-c2cccc(-c3nc4ccccc4[nH]3)c2)c1)Nc1cccc(-c2cccc(F)c2F)c1,-9.930854605993341,3.218592063451191,52_243
O=C(Nc1cccc(-c2cccc(-c3nc4ccccc4[nH]3)c2)c1)Nc1cccc(-c2cccc(F)c2F)c1,-9.930854605993341,3.218592063451191,52_244
Cn1c(-c2cccc(-c3cccc(NC(=O)Nc4cccc(-c5cccc(F)c5F)c4)c3)c2)nc2ccccc21,-9.886847195357834,3.216920496534968,52_245
O=C(c1cccc(-c2cccc(-c3cccc(-c4cccc(F)c4)c3)c2)c1)N1CCNCC1,-9.15,3.508189933556279,52_246
Cn1c(-c2cccc(-c3cccc(NC(=O)Nc4cccc(-c5cccc(-c6cccc(F)c6)c5)c4)c3)c2)nc2ccccc21,-9.841666666666667,3.0539916384657317,52_247
O=C(Nc1cccc(-c2cccc(-c3nc4cc(F)ccc4[nH]3)c2)c1)Nc1cccc(-c2cccc(F)c2F)c1,-9.61225806451613,3.1875244530828533,52_248
Cn1c(-c2cccc(-c3cccc(NC(=O)Nc4cccc(-c5cccc(F)c5F)c4)c3)c2)nc2ccccc21,-9.886847195357834,3.216920496534968,52_249
O=C(Nc1cccc(-c2cccc(-c3nc4ccccc4[nH]3)c2)c1)Nc1cccc(-c2cccc(F)c2F)c1,-9.930854605993341,3.218592063451191,52_250
O=C(Nc1cccc(-c2cccc(-c3nc4ccccc4[nH]3)c2)c1)Nc1cccc(-c2cccc(F)c2F)c1,-9.930854605993341,3.218592063451191,52_251
Cn1c(-c2cccc(-c3cccc(NC(=O)Nc4cccc(-c5cccc(F)c5F)c4)c3)c2)nc2ccccc21,-9.886847195357834,3.216920496534968,52_252
O=C(Nc1cccc(-c2cccc(-c3nc4ccccc4[nH]3)c2)c1)Nc1cccc(-c2cccc(F)c2F)c1,-9.930854605993341,3.218592063451191,52_253
Cn1c(-c2cccc(-c3cccc(NC(=O)Nc4cccc(-c5cccc(F)c5F)c4)c3)c2)nc2ccccc21,-9.886847195357834,3.216920496534968,52_254
O=C(Nc1cccc(-c2cccc(F)c2F)c1)Nc1cccc(-c2cccc(-c3nc4cc(F)ccc4[nH]3)c2F)c1,-10.001606425702812,3.128615257744718,52_255
O=C(Nc1cccc(-c2cccc(-c3nc4ccccc4[nH]3)c2)c1)Nc1cccc(-c2cccc(F)c2F)c1,-9.930854605993341,3.218592063451191,52_256
O=C(Nc1cccc(-c2cccc(-c3nc4ccccc4[nH]3)c2)c1)Nc1cccc(-c2cccc(F)c2F)c1,-9.930854605993341,3.218592063451191,52_257
O=C(Nc1cccc(-c2cccc(-c3nc4ccccc4[nH]3)c2)c1)Nc1cccc(-c2cccc(F)c2F)c1,-9.930854605993341,3.218592063451191,52_258
O=C(Nc1cccc(-c2cccc(F)c2F)c1)Nc1cccc(-c2cccc(-c3nc4cc(F)ccc4[nH]3)c2F)c1,-10.001606425702812,3.128615257744718,52_259
O=C(Nc1cccc(-c2cccc(-c3nc4ccccc4[nH]3)c2)c1)Nc1cccc(-c2cccc(F)c2F)c1,-9.930854605993341,3.218592063451191,52_260
O=C(Nc1cccc(-c2cccc(-c3nc4ccccc4[nH]3)c2)c1)Nc1cccc(-c2cccc(F)c2F)c1,-9.930854605993341,3.218592063451191,52_261
Cn1c(-c2cccc(-c3cccc(NC(=O)Nc4cccc(-c5cccc(F)c5F)c4)c3)c2)nc2ccccc21,-9.886847195357834,3.216920496534968,52_262
O=C(Nc1cccc(-c2cccc(-c3nc4ccccc4[nH]3)c2)c1)Nc1cccc(-c2cccc(F)c2F)c1,-9.930854605993341,3.218592063451191,52_263
O=C(Nc1cccc(-c2cccc(-c3nc4ccccc4[nH]3)c2)c1)Nc1cccc(-c2cccc(F)c2F)c1,-9.930854605993341,3.218592063451191,52_264
O=C(Nc1cccc(-c2cccc(-c3nc4ccccc4[nH]3)c2)c1)Nc1cccc(-c2cccc(F)c2F)c1,-9.930854605993341,3.218592063451191,52_265
O=C(Nc1cccc(-c2cccc(-c3nc4cc(F)ccc4[nH]3)c2)c1)Nc1cccc(-c2cccc(F)c2F)c1,-9.61225806451613,3.1875244530828533,52_266
Cn1c(-c2cccc(-c3cccc(NC(=O)Nc4cccc(-c5cccc(F)c5F)c4)c3)c2)nc2ccccc21,-9.886847195357834,3.216920496534968,52_267
O=C(Nc1cccc(-c2cccc(-c3nc4ccccc4[nH]3)c2)c1)Nc1cccc(-c2cccc(F)c2F)c1,-9.930854605993341,3.218592063451191,52_268
O=C(Nc1cccc(-c2cccc(-c3nc4cc(F)ccc4[nH]3)c2)c1)Nc1cccc(-c2cccc(F)c2F)c1,-9.61225806451613,3.1875244530828533,52_269
Cn1c(-c2cccc(-c3cccc(NC(=O)Nc4cccc(-c5cccc(F)c5F)c4)c3)c2)nc2ccccc21,-9.886847195357834,3.216920496534968,52_270
O=C(Nc1cccc(-c2cccc(-c3nc4ccccc4[nH]3)c2)c1)Nc1cccc(-c2cccc(F)c2F)c1,-9.930854605993341,3.218592063451191,52_271
O=C(Nc1cccc(-c2cccc(-c3nc4ccccc4[nH]3)c2)c1)Nc1cccc(-c2cccc(F)c2F)c1,-9.930854605993341,3.218592063451191,52_272
O=C(Nc1cccc(-c2cccc(-c3nc4ccccc4[nH]3)c2)c1)Nc1cccc(-c2cccc(F)c2F)c1,-9.930854605993341,3.218592063451191,52_273
O=C(Nc1cccc(-c2cccc(-c3nc4ccccc4[nH]3)c2)c1)Nc1cccc(-c2cccc(F)c2F)c1,-9.930854605993341,3.218592063451191,52_274
O=C(Nc1cccc(-c2cccc(-c3nc4ccccc4[nH]3)c2)c1)Nc1cccc(-c2cccc(F)c2F)c1,-9.930854605993341,3.218592063451191,52_275
O=C(Nc1cccc(-c2cccc(-c3nc4cc(F)ccc4[nH]3)c2)c1)Nc1cccc(-c2cccc(F)c2F)c1,-9.61225806451613,3.1875244530828533,52_276
Cn1c(-c2cccc(-c3cccc(NC(=O)Nc4cccc(-c5cccc(F)c5F)c4)c3)c2)nc2ccccc21,-9.886847195357834,3.216920496534968,52_277
Cn1c(-c2cccc(-c3cccc(NC(=O)Nc4cccc(-c5cccc(C(=O)N6CCOCC6)c5)c4)c3)c2)nc2ccccc21,-9.365625000000001,3.2756851861708367,52_278
Cn1c(-c2cccc(-c3cccc(NC(=O)Nc4cccc(-c5cccc(F)c5F)c4)c3)c2)nc2ccccc21,-9.886847195357834,3.216920496534968,52_279
Cn1c(-c2cccc(-c3cccc(NC(=O)Nc4cccc(-c5cccc(F)c5F)c4)c3)c2)nc2ccccc21,-9.886847195357834,3.216920496534968,52_280
O=C(Nc1cccc(-c2cccc(-c3nc4ccccc4[nH]3)c2)c1)Nc1cccc(-c2cccc(F)c2F)c1,-9.930854605993341,3.218592063451191,52_281
O=C(Nc1cccc(-c2cccc(-c3nc4ccccc4[nH]3)c2)c1)Nc1cccc(-c2cccc(F)c2F)c1,-9.930854605993341,3.218592063451191,52_282
O=C(Nc1cccc(-c2cccc(-c3nc4ccccc4[nH]3)c2)c1)Nc1cccc(-c2cccc(F)c2F)c1,-9.930854605993341,3.218592063451191,52_283
O=C(Nc1cccc(-c2cccc(-c3nc4cc(F)ccc4[nH]3)c2)c1)Nc1cccc(-c2cccc(F)c2F)c1,-9.61225806451613,3.1875244530828533,52_284
O=C(C=C1C=CC(c2cccc(-c3cccc(-c4nc5cc(F)ccc5[nH]4)c3F)c2)N=C1)Nc1cccnc1,-9.8,3.279949193720882,52_285
Cn1c(-c2cccc(-c3cccc(NC(=O)Nc4cccc(-c5cccc(F)c5F)c4)c3)c2)nc2ccccc21,-9.886847195357834,3.216920496534968,52_286
O=C(Nc1cccc(-c2cccc(-c3nc4ccccc4[nH]3)c2)c1)Nc1cccc(-c2cccc(F)c2F)c1,-9.930854605993341,3.218592063451191,52_287
O=C(Nc1cccc(-c2cccc(-c3nc4ccccc4[nH]3)c2)c1)Nc1cccc(-c2cccc(F)c2F)c1,-9.930854605993341,3.218592063451191,52_288
Cn1c(-c2cccc(-c3cccc(NC(=O)Nc4cccc(-c5cccc(F)c5F)c4)c3)c2)nc2ccccc21,-9.886847195357834,3.216920496534968,52_289
Cn1c(-c2cccc(-c3cccc(NC(=O)Nc4cccc(-c5cccc(F)c5F)c4)c3)c2)nc2ccccc21,-9.886847195357834,3.216920496534968,52_290
O=C(Nc1cccc(-c2cccc(-c3nc4ccccc4[nH]3)c2)c1)Nc1cccc(-c2cccc(F)c2F)c1,-9.930854605993341,3.218592063451191,52_291
O=C(Nc1cccc(-c2cccc(F)c2F)c1)Nc1cccc(-c2cccc(-c3nc4cc(F)ccc4[nH]3)c2F)c1,-10.001606425702812,3.128615257744718,52_292
O=C(Nc1cccc(-c2cccc(-c3nc4cc(F)ccc4[nH]3)c2)c1)Nc1cccc(-c2cccc(F)c2F)c1,-9.61225806451613,3.1875244530828533,52_293
Cn1c(-c2cccc(-c3cccc(NC(=O)Nc4cccc(-c5cccc(F)c5F)c4)c3)c2)nc2ccccc21,-9.886847195357834,3.216920496534968,52_294
Cn1c(-c2cccc(-c3cccc(NC(=O)Nc4cccc(-c5cccc(F)c5F)c4)c3)c2)nc2ccccc21,-9.886847195357834,3.216920496534968,52_295
O=C(Nc1cccc(-c2cccc(-c3nc4ccccc4[nH]3)c2)c1)Nc1cccc(-c2cccc(F)c2F)c1,-9.930854605993341,3.218592063451191,52_296
Cn1c(-c2cccc(-c3cccc(NC(=O)Nc4cccc(-c5cccc(F)c5F)c4)c3)c2)nc2ccccc21,-9.886847195357834,3.216920496534968,52_297
O=C(Nc1cccc(-c2cccc(F)c2F)c1)Nc1cccc(-c2cccc(-c3nc4cc(F)ccc4[nH]3)c2F)c1,-10.001606425702812,3.128615257744718,52_298
Cn1c(-c2cccc(-c3cccc(NC(=O)Nc4cccc(-c5cccc(F)c5F)c4)c3)c2)nc2ccccc21,-9.886847195357834,3.216920496534968,52_299
O=C(Nc1cccc(-c2cccc(-c3nc4ccccc4[nH]3)c2)c1)Nc1cccc(-c2cccc(F)c2F)c1,-9.930854605993341,3.218592063451191,52_300
N=CNc1c2cccc1C=C(c1cccc(-c3cccc4ccccc34)c1)N=C(c1cccc(F)c1)C=C2,-8.7,0.90962086471826,52_301
O=C(Nc1cccc(-c2cccc(F)c2F)c1)Nc1cccc(-c2cccc(-c3nc4cc(F)ccc4[nH]3)c2F)c1,-10.001606425702812,3.128615257744718,52_302
Cn1c(-c2cccc(-c3cccc(NC(=O)Nc4cccc(-c5cccc(F)c5F)c4)c3)c2)nc2ccccc21,-9.886847195357834,3.216920496534968,52_303
Cn1c(-c2cccc(-c3cccc(NC(=O)Nc4cccc(-c5cccc(F)c5F)c4)c3)c2)nc2ccccc21,-9.886847195357834,3.216920496534968,52_304
O=C(Nc1cccc(-c2cccc(-c3nc4ccccc4[nH]3)c2)c1)Nc1cccc(-c2cccc(F)c2F)c1,-9.930854605993341,3.218592063451191,52_305
O=C(Nc1cccc(-c2cccc(-c3nc4cc(F)ccc4[nH]3)c2)c1)Nc1cccc(-c2cccc(F)c2F)c1,-9.61225806451613,3.1875244530828533,52_306
O=C(Nc1cccc(-c2cccc(-c3nc4ccccc4[nH]3)c2)c1)Nc1cccc(-c2cccc(F)c2F)c1,-9.930854605993341,3.218592063451191,52_307
Cn1c(-c2cccc(-c3cccc(NC(=O)Nc4cccc(-c5cccc(F)c5F)c4)c3)c2)nc2ccccc21,-9.886847195357834,3.216920496534968,52_308
O=C(Nc1cccc(-c2cccc(-c3nc4ccccc4[nH]3)c2)c1)Nc1cccc(-c2cccc(F)c2F)c1,-9.930854605993341,3.218592063451191,52_309
O=C(Nc1cccc(-c2cccc(F)c2F)c1)Nc1cccc(-c2cccc(-c3nc4cc(F)ccc4[nH]3)c2F)c1,-10.001606425702812,3.128615257744718,52_310
O=C(Nc1cccc(-c2cccc(-c3nc4ccccc4[nH]3)c2)c1)Nc1cccc(-c2cccc(F)c2F)c1,-9.930854605993341,3.218592063451191,52_311
O=C(Nc1cccc(-c2cccc(-c3nc4ccccc4[nH]3)c2)c1)Nc1cccc(-c2cccc(F)c2F)c1,-9.930854605993341,3.218592063451191,52_312
Cn1c(-c2cccc(-c3cccc(NC(=O)Nc4cccc(-c5ccccc5F)c4)c3)c2)nc2ccccc21,-10.200000000000001,3.211589862292562,52_313
O=C(Nc1cccc(-c2cccc(-c3nc4ccccc4[nH]3)c2)c1)Nc1cccc(-c2cccc(F)c2F)c1,-9.930854605993341,3.218592063451191,52_314
O=C(Nc1cccc(-c2cccc(F)c2F)c1)Nc1cccc(-c2cccc(-c3nc4cc(F)ccc4[nH]3)c2F)c1,-10.001606425702812,3.128615257744718,52_315
O=C(Nc1cccc(-c2cccc(-c3cccc(-c4nn[nH]n4)c3)c2)c1)Nc1cccc(-c2cccc(F)c2F)c1,-9.847368421052632,3.286971097546113,52_316
O=C(Nc1cccc(-c2cccc(-c3nc4ccccc4[nH]3)c2)c1)Nc1cccc(-c2cccc(F)c2F)c1,-9.930854605993341,3.218592063451191,52_317
Cn1c(-c2cccc(-c3cccc(NC(=O)Nc4cccc(-c5cccc(F)c5F)c4)c3)c2)nc2ccccc21,-9.886847195357834,3.216920496534968,52_318
Cn1c(-c2cccc(-c3cccc(NC(=O)Nc4cccc(-c5cccc(F)c5F)c4)c3)c2)nc2ccccc21,-9.886847195357834,3.216920496534968,52_319
O=C(Nc1cccc(-c2cccc(F)c2F)c1)Nc1cccc(-c2cccc(-c3nc4cc(F)ccc4[nH]3)c2F)c1,-10.001606425702812,3.128615257744718,52_320
Cn1c(-c2cccc(-c3cccc(NC(=O)Nc4cccc(-c5cccc(F)c5F)c4)c3)c2)nc2ccccc21,-9.886847195357834,3.216920496534968,52_321
O=C(Nc1cccc(-c2cccc(F)c2F)c1)Nc1cccc(-c2cccc(-c3cccc(-c4nn[nH]n4)c3)c2F)c1,-9.875000000000002,3.244951037107577,52_322
O=C(Nc1cccc(-c2cccc(-c3nc4ccccc4[nH]3)c2)c1)Nc1cccc(-c2cccc(F)c2F)c1,-9.930854605993341,3.218592063451191,52_323
O=C(Nc1cccc(-c2cccc(F)c2F)c1)Nc1cccc(-c2cccc(-c3nc4cc(F)ccc4[nH]3)c2F)c1,-10.001606425702812,3.128615257744718,52_324
O=C(Nc1cccc(-c2cccc(-c3nc4ccccc4[nH]3)c2)c1)Nc1cccc(-c2cccc(F)c2F)c1,-9.930854605993341,3.218592063451191,52_325
O=C(Nc1cccc(-c2cccc(-c3nc4ccccc4[nH]3)c2)c1)Nc1cccc(-c2cccc(F)c2F)c1,-9.930854605993341,3.218592063451191,52_326
Cn1c(-c2cccc(-c3cccc(NC(=O)Nc4cccc(-c5cccc(F)c5F)c4)c3)c2)nc2ccccc21,-9.886847195357834,3.216920496534968,52_327
O=C(Nc1cccc(-c2cccc(-c3nc4ccccc4[nH]3)c2)c1)Nc1cccc(-c2cccc(F)c2F)c1,-9.930854605993341,3.218592063451191,52_328
O=C(Nc1cccc(-c2cccc(-c3nc4ccccc4[nH]3)c2)c1)Nc1cccc(-c2cccc(F)c2F)c1,-9.930854605993341,3.218592063451191,52_329
O=C(Nc1cccc(-c2cccc(-c3nc4ccccc4[nH]3)c2)c1)Nc1cccc(-c2cccc(F)c2F)c1,-9.930854605993341,3.218592063451191,52_330
Cn1c(-c2cccc(-c3cccc(NC(=O)Nc4cccc(-c5cccc(F)c5F)c4)c3)c2)nc2ccccc21,-9.886847195357834,3.216920496534968,52_331
O=C(Nc1cccc(-c2cccc(F)c2F)c1)Nc1cccc(-c2cccc(-c3nc4cc(F)ccc4[nH]3)c2F)c1,-10.001606425702812,3.128615257744718,52_332
O=C(Nc1cccc(-c2cccc(-c3nc4ccccc4[nH]3)c2)c1)Nc1cccc(-c2cccc(F)c2F)c1,-9.930854605993341,3.218592063451191,52_333
Cn1c(-c2cccc(-c3cccc(NC(=O)Nc4cccc(-c5cccc(F)c5F)c4)c3)c2)nc2ccccc21,-9.886847195357834,3.216920496534968,52_334
Cn1c(-c2cccc(-c3cccc(NC(=O)Nc4cccc(-c5cccc(F)c5F)c4)c3)c2)nc2ccccc21,-9.886847195357834,3.216920496534968,52_335
O=C(Nc1cccc(-c2cccc(F)c2F)c1)Nc1cccc(-c2cccc(-c3nc4cc(F)ccc4[nH]3)c2F)c1,-10.001606425702812,3.128615257744718,52_336
O=C(Nc1cccc(-c2cccc(F)c2F)c1)Nc1cccc(-c2cccc(-c3nc4cc(F)ccc4[nH]3)c2F)c1,-10.001606425702812,3.128615257744718,52_337
Cn1c(-c2cccc(-c3cccc(NC(=O)Nc4cccc(-c5cccc(F)c5F)c4)c3)c2)nc2ccccc21,-9.886847195357834,3.216920496534968,52_338
O=C(Nc1cccc(-c2cccc(-c3nc4ccccc4[nH]3)c2)c1)Nc1cccc(-c2cccc(F)c2F)c1,-9.930854605993341,3.218592063451191,52_339
O=C(Nc1cccc(-c2cccc(-c3nc4ccccc4[nH]3)c2)c1)Nc1cccc(-c2cccc(F)c2F)c1,-9.930854605993341,3.218592063451191,52_340
O=C(Nc1cccc(-c2cccc(-c3nc4ccccc4[nH]3)c2)c1)Nc1cccc(-c2cccc(F)c2F)c1,-9.930854605993341,3.218592063451191,52_341
O=C(Nc1cccc(-c2cccc(-c3nc4ccccc4[nH]3)c2)c1)Nc1cccc(-c2cccc(F)c2F)c1,-9.930854605993341,3.218592063451191,52_342
O=C(Nc1cccc(-c2cccc(-c3nc4ccccc4[nH]3)c2)c1)Nc1cccc(-c2cccc(F)c2F)c1,-9.930854605993341,3.218592063451191,52_343
Cn1c(-c2cccc(-c3cccc(NC(=O)Nc4cccc(-c5cccc(F)c5F)c4)c3)c2)nc2ccccc21,-9.886847195357834,3.216920496534968,52_344
O=C(Nc1cccc(-c2cccc(-c3nc4ccccc4[nH]3)c2)c1)Nc1cccc(-c2cccc(F)c2F)c1,-9.930854605993341,3.218592063451191,52_345
O=C(Nc1cccc(-c2cccc(-c3nc4ccccc4[nH]3)c2)c1)Nc1cccc(-c2cccc(F)c2F)c1,-9.930854605993341,3.218592063451191,52_346
O=C(Nc1cccc(-c2cccc(-c3nc4ccccc4[nH]3)c2)c1)Nc1cccc(-c2cccc(F)c2F)c1,-9.930854605993341,3.218592063451191,52_347
O=C(Nc1cccc(-c2cccc(F)c2F)c1)Nc1cccc(-c2cccc(-c3nc4cc(F)ccc4[nH]3)c2F)c1,-10.001606425702812,3.128615257744718,52_348
O=C(Nc1cccc(-c2cccc(-c3nc4cc(F)ccc4[nH]3)c2)c1)Nc1cccc(-c2cccc(F)c2F)c1,-9.61225806451613,3.1875244530828533,52_349
O=C(Nc1cccc(-c2cccc(-c3nc4cc(F)ccc4[nH]3)c2)c1)Nc1cccc(-c2cccc(F)c2F)c1,-9.61225806451613,3.1875244530828533,52_350
O=C(Nc1cccc(-c2cccc(-c3nc4ccccc4[nH]3)c2)c1)Nc1cccc(-c2cccc(F)c2F)c1,-9.930854605993341,3.218592063451191,52_351
O=C(Nc1cccc(-c2cccc(F)c2F)c1)Nc1cccc(-c2cccc(-c3nc4cc(F)ccc4[nH]3)c2F)c1,-10.001606425702812,3.128615257744718,52_352
O=C(Nc1cccc(-c2cccc(-c3nc4ccccc4[nH]3)c2)c1)Nc1cccc(-c2cccc(F)c2F)c1,-9.930854605993341,3.218592063451191,52_353
O=C(Nc1cccc(-c2cccc(-c3nc4ccccc4[nH]3)c2)c1)Nc1cccc(-c2cccc(F)c2F)c1,-9.930854605993341,3.218592063451191,52_354
O=C(Nc1cccc(-c2cccc(F)c2F)c1)Nc1cccc(-c2cccc(-c3nc4cc(F)ccc4[nH]3)c2F)c1,-10.001606425702812,3.128615257744718,52_355
O=C(Nc1cccc(-c2cccc(-c3nc4ccccc4[nH]3)c2)c1)Nc1cccc(-c2cccc(F)c2F)c1,-9.930854605993341,3.218592063451191,52_356
O=C(Nc1cccc(-c2cccc(-c3nc4ccccc4[nH]3)c2)c1)Nc1cccc(-c2cccc(F)c2F)c1,-9.930854605993341,3.218592063451191,52_357
O=C(Nc1cccc(-c2cccc(-c3nc4ccccc4[nH]3)c2)c1)Nc1cccc(-c2cccc(F)c2F)c1,-9.930854605993341,3.218592063451191,52_358
Cn1c(-c2cccc(-c3cccc(NC(=O)Nc4cccc(-c5cccc(F)c5F)c4)c3)c2)nc2ccccc21,-9.886847195357834,3.216920496534968,52_359
O=C(Nc1cccc(-c2cccc(-c3nc4ccccc4[nH]3)c2)c1)Nc1cccc(-c2cccc(F)c2F)c1,-9.930854605993341,3.218592063451191,52_360
Cn1c(-c2cccc(-c3cccc(NC(=O)Nc4cccc(-c5cccc(-c6n[nH]c(=S)o6)c5)c4)c3)c2)nc2ccccc21,-9.266666666666667,3.025330481152692,52_361
O=C(Nc1cccc(-c2cccc(-c3nc4cc(F)ccc4[nH]3)c2)c1)Nc1cccc(-c2cccc(F)c2F)c1,-9.61225806451613,3.1875244530828533,52_362
O=C(Nc1cccc(-c2cccc(-c3nc4ccccc4[nH]3)c2)c1)Nc1cccc(-c2cccc(F)c2F)c1,-9.930854605993341,3.218592063451191,52_363
O=C(Nc1cccc(-c2cccc(-c3nc4ccccc4[nH]3)c2)c1)Nc1cccc(-c2cccc(F)c2F)c1,-9.930854605993341,3.218592063451191,52_364
O=C(Nc1cccc(-c2cccc(-c3nc4ccccc4[nH]3)c2)c1)Nc1cccc(-c2cccc(F)c2F)c1,-9.930854605993341,3.218592063451191,52_365
O=C(Nc1cccc(-c2cccc(-c3nc4ccccc4[nH]3)c2)c1)Nc1cccc(-c2cccc(F)c2F)c1,-9.930854605993341,3.218592063451191,52_366
O=C(Nc1cccc(-c2cccc(F)c2F)c1)Nc1cccc(-c2cccc(-c3nc4cc(F)ccc4[nH]3)c2F)c1,-10.001606425702812,3.128615257744718,52_367
Cn1c(-c2cccc(-c3cccc(NC(=O)Nc4cccc(-c5cccc(C(=O)N6CCOCC6)c5)c4)c3)c2)nc2ccccc21,-9.365625000000001,3.2756851861708367,52_368
O=C(Nc1cccc(-c2cccc(-c3nc4ccccc4[nH]3)c2)c1)Nc1cccc(-c2cccc(F)c2F)c1,-9.930854605993341,3.218592063451191,52_369
Cn1c(-c2cccc(-c3cccc(NC(=O)Nc4cccc(-c5cccc(F)c5F)c4)c3)c2)nc2ccccc21,-9.886847195357834,3.216920496534968,52_370
O=C(Nc1cccc(-c2cccc(F)c2F)c1)Nc1cccc(-c2cccc(-c3nc4cc(F)ccc4[nH]3)c2F)c1,-10.001606425702812,3.128615257744718,52_371
Cn1c(-c2cccc(-c3cccc(NC(=O)Nc4cccc(-c5cccc(F)c5F)c4)c3)c2)nc2ccccc21,-9.886847195357834,3.216920496534968,52_372
O=C(Nc1cccc(-c2cccc(-c3nc4ccccc4[nH]3)c2)c1)Nc1cccc(-c2cccc(F)c2F)c1,-9.930854605993341,3.218592063451191,52_373
O=C(Nc1cccc(-c2cccc(-c3nc4ccccc4[nH]3)c2)c1)Nc1cccc(-c2cccc(F)c2F)c1,-9.930854605993341,3.218592063451191,52_374
O=C(Nc1cccc(-c2cccc(-c3nc4ccccc4[nH]3)c2)c1)Nc1cccc(-c2cccc(F)c2F)c1,-9.930854605993341,3.218592063451191,52_375
O=C(Nc1cccc(-c2cccc(-c3nc4ccccc4[nH]3)c2)c1)Nc1cccc(-c2cccc(F)c2F)c1,-9.930854605993341,3.218592063451191,52_376
O=C(Nc1cccc(-c2cccc(-c3nc4ccccc4[nH]3)c2)c1)Nc1cccc(-c2cccc(F)c2F)c1,-9.930854605993341,3.218592063451191,52_377
O=C(Nc1cccc(-c2cccc(-c3nc4ccccc4[nH]3)c2)c1)Nc1cccc(-c2cccc(F)c2F)c1,-9.930854605993341,3.218592063451191,52_378
O=C(NCc1ccccc1F)c1cccc(-c2cccc(-c3cccc(-c4cccc(C(=O)N5CCOCC5)c4)c3)c2)c1,-9.4,3.2951716722560187,52_379
O=C(Nc1cccc(-c2cccc(-c3nc4ccccc4[nH]3)c2)c1)Nc1cccc(-c2cccc(F)c2F)c1,-9.930854605993341,3.218592063451191,52_380
O=C(Nc1cccc(-c2cccc(-c3nc4ccccc4[nH]3)c2)c1)Nc1cccc(-c2cccc(F)c2F)c1,-9.930854605993341,3.218592063451191,52_381
Cn1c(-c2cccc(-c3cccc(NC(=O)Nc4cccc(-c5cccc(C(=O)N6CCOCC6)c5)c4)c3)c2)nc2ccccc21,-9.365625000000001,3.2756851861708367,52_382
O=C(c1cccc(-c2cccc(-c3cccc(-c4cccc(F)c4)c3)c2)c1)N1CCNCC1,-9.15,3.508189933556279,52_383
O=C(Nc1cccc(-c2cccc(-c3nc4ccccc4[nH]3)c2)c1)Nc1cccc(-c2cccc(F)c2F)c1,-9.930854605993341,3.218592063451191,52_384
O=C(Nc1cccc(-c2cccc(-c3nc4ccccc4[nH]3)c2)c1)Nc1cccc(-c2cccc(F)c2F)c1,-9.930854605993341,3.218592063451191,52_385
O=C(Nc1cccc(-c2cccc(-c3nc4ccccc4[nH]3)c2)c1)Nc1cccc(-c2cccc(F)c2F)c1,-9.930854605993341,3.218592063451191,52_386
Cn1c(-c2cccc(-c3cccc(NC(=O)Nc4cccc(-c5cccc(F)c5F)c4)c3)c2)nc2ccccc21,-9.886847195357834,3.216920496534968,52_387
Cn1c(-c2cccc(-c3cccc(NC(=O)Nc4cccc(-c5cccc(F)c5F)c4)c3)c2)nc2ccccc21,-9.886847195357834,3.216920496534968,52_388
O=C(Nc1cccc(-c2cccc(-c3cccc(F)c3)c2)c1)Nc1cccc(-c2cccc(-c3cc4ccccc4[nH]3)c2F)c1,-9.9,2.9211295335870284,52_389
O=C(Nc1cccc(-c2cccc(-c3cccc(-c4ccccc4F)c3)c2)c1)N1CCNCC1,-9.333333333333336,3.470002651546907,52_390
Cn1c(-c2cccc(-c3cccc(NC(=O)Nc4cccc(-c5cccc(F)c5F)c4)c3)c2)nc2ccccc21,-9.886847195357834,3.216920496534968,52_391
O=C(Nc1cccc(-c2cccc(F)c2F)c1)Nc1cccc(-c2cccc(-c3nc4cc(F)ccc4[nH]3)c2F)c1,-10.001606425702812,3.128615257744718,52_392
O=C(Nc1cccc(-c2cccc(-c3cccc(-c4nn[nH]n4)c3)c2)c1)Nc1cccc(-c2cccc(F)c2F)c1,-9.847368421052632,3.286971097546113,52_393
Cn1c(-c2cccc(-c3cccc(NC(=O)Nc4cccc(-c5cccc(F)c5F)c4)c3)c2)nc2ccccc21,-9.886847195357834,3.216920496534968,52_394
O=C(Nc1cccc(-c2cccc(-c3nc4ccccc4[nH]3)c2)c1)Nc1cccc(-c2cccc(F)c2F)c1,-9.930854605993341,3.218592063451191,52_395
O=C(Nc1cccc(-c2cccc(-c3nc4ccccc4[nH]3)c2)c1)Nc1cccc(-c2cccc(F)c2F)c1,-9.930854605993341,3.218592063451191,52_396
Cn1c(-c2cccc(-c3cccc(NC(=O)Nc4cccc(-c5cccc(F)c5F)c4)c3)c2)nc2ccccc21,-9.886847195357834,3.216920496534968,52_397
O=C(Nc1cccc(-c2cccc(-c3nc4ccccc4[nH]3)c2)c1)Nc1cccc(-c2cccc(F)c2F)c1,-9.930854605993341,3.218592063451191,52_398
Cn1c(-c2cccc(-c3cccc(NC(=O)Nc4cccc(-c5cccc(F)c5F)c4)c3)c2)nc2ccccc21,-9.886847195357834,3.216920496534968,52_399
Cn1c(-c2cccc(-c3cccc(NC(=O)Nc4cccc(-c5cccc(F)c5F)c4)c3)c2)nc2ccccc21,-9.886847195357834,3.216920496534968,52_400
Cn1c(-c2cccc(-c3cccc(NC(=O)Nc4cccc(-c5cccc(C(=O)N6CCOCC6)c5)c4)c3)c2)nc2ccccc21,-9.365625000000001,3.2756851861708367,52_401
O=C(Nc1cccc(-c2cccc(-c3nc4ccccc4[nH]3)c2)c1)Nc1cccc(-c2cccc(F)c2F)c1,-9.930854605993341,3.218592063451191,52_402
O=C(Nc1cccc(-c2cccc(F)c2F)c1)Nc1cccc(-c2cccc(-c3nc4cc(F)ccc4[nH]3)c2F)c1,-10.001606425702812,3.128615257744718,52_403
O=C(Nc1cccc(-c2cccc(-c3nc4ccccc4[nH]3)c2)c1)Nc1cccc(-c2cccc(F)c2F)c1,-9.930854605993341,3.218592063451191,52_404
Cn1c(-c2cccc(-c3cccc(NC(=O)Nc4cccc(-c5cccc(F)c5F)c4)c3)c2)nc2ccccc21,-9.886847195357834,3.216920496534968,52_405
Cn1c(-c2cccc(-c3cccc(NC(=O)Nc4cccc(-c5cccc(F)c5F)c4)c3)c2)nc2ccccc21,-9.886847195357834,3.216920496534968,52_406
Cn1c(-c2cccc(-c3cccc(NC(=O)Nc4cccc(-c5cccc(F)c5F)c4)c3)c2)nc2ccccc21,-9.886847195357834,3.216920496534968,52_407
O=C(Nc1cccc(-c2cccc(F)c2F)c1)Nc1cccc(-c2cccc(-c3nc4cc(F)ccc4[nH]3)c2F)c1,-10.001606425702812,3.128615257744718,52_408
O=C(Nc1cccc(-c2cccc(-c3nc4ccccc4[nH]3)c2)c1)Nc1cccc(-c2cccc(F)c2F)c1,-9.930854605993341,3.218592063451191,52_409
Cn1c(-c2cccc(-c3cccc(NC(=O)Nc4cccc(-c5ccc6c(c5)OCO6)c4)c3)c2)nc2ccccc21,-9.5,3.3030357053717445,52_410
O=C(Nc1cccc(-c2cccc(F)c2F)c1)Nc1cccc(-c2cccc(-c3nc4cc(F)ccc4[nH]3)c2F)c1,-10.001606425702812,3.128615257744718,52_411
O=C(Nc1cccc(-c2cccc(-c3nc4ccccc4[nH]3)c2)c1)Nc1cccc(-c2cccc(F)c2F)c1,-9.930854605993341,3.218592063451191,52_412
O=C(Nc1cccc(-c2cccc(-c3nc4ccccc4[nH]3)c2)c1)Nc1cccc(-c2cccc(F)c2F)c1,-9.930854605993341,3.218592063451191,52_413
Cn1c(-c2cccc(-c3cccc(NC(=O)Nc4cccc(-c5cccc(F)c5F)c4)c3)c2)nc2ccccc21,-9.886847195357834,3.216920496534968,52_414
Cn1c(-c2cccc(-c3cccc(NC(=O)Nc4cccc(-c5cccc(F)c5F)c4)c3)c2)nc2ccccc21,-9.886847195357834,3.216920496534968,52_415
O=C(Nc1cccc(-c2cccc(F)c2F)c1)Nc1cccc(-c2cccc(-c3nc4cc(F)ccc4[nH]3)c2F)c1,-10.001606425702812,3.128615257744718,52_416
O=C(Nc1cccc(-c2cccc(-c3nc4ccccc4[nH]3)c2)c1)Nc1cccc(-c2cccc(F)c2F)c1,-9.930854605993341,3.218592063451191,52_417
O=C(Nc1cccc(-c2cccc(-c3nc4ccccc4[nH]3)c2)c1)Nc1cccc(-c2cccc(F)c2F)c1,-9.930854605993341,3.218592063451191,52_418
O=C(Nc1cccc(-c2cccc(-c3nc4ccccc4[nH]3)c2)c1)Nc1cccc(-c2cccc(F)c2F)c1,-9.930854605993341,3.218592063451191,52_419
O=C(Nc1cccc(-c2cccc(-c3nc4ccccc4[nH]3)c2)c1)Nc1cccc(-c2cccc(F)c2F)c1,-9.930854605993341,3.218592063451191,52_420
O=C(Nc1cccc(-c2cccc(F)c2F)c1)Nc1cccc(-c2cccc(-c3nc4cc(F)ccc4[nH]3)c2F)c1,-10.001606425702812,3.128615257744718,52_421
Cn1c(-c2cccc(-c3cccc(NC(=O)Nc4cccc(-c5cccc(F)c5F)c4)c3)c2)nc2ccccc21,-9.886847195357834,3.216920496534968,52_422
O=C(Nc1cccc(-c2cccc(-c3nc4ccccc4[nH]3)c2)c1)Nc1cccc(-c2cccc(F)c2F)c1,-9.930854605993341,3.218592063451191,52_423
O=C(Nc1cccc(-c2cccc(-c3cccc(-c4nn[nH]n4)c3)c2)c1)Nc1cccc(-c2cccc(F)c2F)c1,-9.847368421052632,3.286971097546113,52_424
Cn1c(-c2cccc(-c3cccc(NC(=O)Nc4cccc(-c5cccc(F)c5F)c4)c3)c2)nc2ccccc21,-9.886847195357834,3.216920496534968,52_425
O=C(Nc1cccc(-c2cccc(F)c2F)c1)Nc1cccc(-c2cccc(-c3nc4cc(F)ccc4[nH]3)c2F)c1,-10.001606425702812,3.128615257744718,52_426
Cn1c(-c2cccc(-c3cccc(NC(=O)Nc4cccc(-c5cccc(F)c5F)c4)c3)c2)nc2ccccc21,-9.886847195357834,3.216920496534968,52_427
C=C1C=NC=c2c(F)ccc[n+]2=NC(C=CC2=CN(C(=O)Nc3cccc(-c4cccc(F)c4F)c3)C=CC=C2)=C1,-9.0,1.2552008817788005,52_428
O=C(Nc1cccc(-c2cccc(-c3nc4ccccc4[nH]3)c2)c1)Nc1cccc(-c2cccc(F)c2F)c1,-9.930854605993341,3.218592063451191,52_429
O=C(Nc1cccc(-c2cccc(-c3nc4ccccc4[nH]3)c2)c1)Nc1cccc(-c2cccc(F)c2F)c1,-9.930854605993341,3.218592063451191,52_430
O=C(Nc1cccc(-c2cccc(-c3nc4ccccc4[nH]3)c2)c1)Nc1cccc(-c2cccc(F)c2F)c1,-9.930854605993341,3.218592063451191,52_431
O=C(Nc1cccc(-c2cccc(F)c2F)c1)Nc1cccc(-c2cccc(-c3nc4cc(F)ccc4[nH]3)c2F)c1,-10.001606425702812,3.128615257744718,52_432
O=C(Nc1cccc(-c2cccc(-c3nc4ccccc4[nH]3)c2)c1)Nc1cccc(-c2cccc(F)c2F)c1,-9.930854605993341,3.218592063451191,52_433
Cn1c(-c2cccc(-c3cccc(NC(=O)Nc4cccc5ccccc45)c3)c2)nc2ccccc21,-10.5,3.2766385498794826,52_434
O=C(Nc1cccc(-c2cccc(-c3nc4ccccc4[nH]3)c2)c1)Nc1cccc(-c2cccc(F)c2F)c1,-9.930854605993341,3.218592063451191,52_435
O=C(Nc1cccc(-c2cccc(-c3nc4cc(F)ccc4[nH]3)c2)c1)Nc1cccc(-c2cccc(F)c2F)c1,-9.61225806451613,3.1875244530828533,52_436
O=C(Nc1cccc(-c2cccc(-c3nc4ccccc4[nH]3)c2)c1)Nc1cccc(-c2cccc(F)c2F)c1,-9.930854605993341,3.218592063451191,52_437
O=C(Nc1cccc(-c2cccc(F)c2F)c1)Nc1cccc(-c2cccc(-c3nc4cc(F)ccc4[nH]3)c2F)c1,-10.001606425702812,3.128615257744718,52_438
Cn1c(-c2cccc(-c3cccc(NC(=O)Nc4cccc(-c5cccc(F)c5F)c4)c3)c2)nc2ccccc21,-9.886847195357834,3.216920496534968,52_439
Cn1c(-c2cccc(-c3cccc(NC(=O)Nc4cccc(-c5cccc(C(=O)N6CCOCC6)c5)c4)c3)c2)nc2ccccc21,-9.365625000000001,3.2756851861708367,52_440
O=C(Nc1cccc(-c2cccc(-c3nc4ccccc4[nH]3)c2)c1)Nc1cccc(-c2cccc(F)c2F)c1,-9.930854605993341,3.218592063451191,52_441
Cn1c(-c2cccc(-c3cccc(NC(=O)Nc4cccc(-c5cccc(F)c5F)c4)c3)c2)nc2ccccc21,-9.886847195357834,3.216920496534968,52_442
O=C(Nc1cccc(-c2cccc(-c3nc4ccccc4[nH]3)c2)c1)Nc1cccc(-c2cccc(F)c2F)c1,-9.930854605993341,3.218592063451191,52_443
Cn1c(-c2cccc(-c3cccc(NC(=O)Nc4cccc(-c5cccc(F)c5F)c4)c3)c2)nc2ccccc21,-9.886847195357834,3.216920496534968,52_444
O=C(Nc1cccc(-c2cccc(-c3nc4ccccc4[nH]3)c2)c1)Nc1cccc(-c2cccc(F)c2F)c1,-9.930854605993341,3.218592063451191,52_445
O=C(Nc1cccc(-c2cccc(-c3nc4ccccc4[nH]3)c2)c1)Nc1cccc(-c2cccc(F)c2F)c1,-9.930854605993341,3.218592063451191,52_446
O=C(Nc1cccc(-c2cccc(F)c2F)c1)Nc1cccc(-c2cccc(-c3nc4cc(F)ccc4[nH]3)c2F)c1,-10.001606425702812,3.128615257744718,52_447
O=C(Nc1cccc(-c2cccc(-c3nc4ccccc4[nH]3)c2)c1)Nc1cccc(-c2cccc(F)c2F)c1,-9.930854605993341,3.218592063451191,52_448
O=C(Nc1cccc(-c2cccc(-c3nc4ccccc4[nH]3)c2)c1)Nc1cccc(-c2cccc(F)c2F)c1,-9.930854605993341,3.218592063451191,52_449
O=C(Nc1cccc(-c2cccc(-c3nc4ccccc4[nH]3)c2)c1)Nc1cccc(-c2cccc(F)c2F)c1,-9.930854605993341,3.218592063451191,52_450
Cn1c(-c2cccc(-c3cccc(NC(=O)Nc4cccc(-c5cccc(F)c5F)c4)c3)c2)nc2ccccc21,-9.886847195357834,3.216920496534968,52_451
O=C(Nc1cccc(-c2cccc(-c3nc4ccccc4[nH]3)c2)c1)Nc1cccc(-c2cccc(F)c2F)c1,-9.930854605993341,3.218592063451191,52_452
Cn1c(-c2cccc(-c3cccc(NC(=O)Nc4cccc(-c5cccc(F)c5F)c4)c3)c2)nc2ccccc21,-9.886847195357834,3.216920496534968,52_453
O=C(Nc1cccc(-c2cccc(F)c2F)c1)Nc1cccc(-c2cccc(-c3nc4cc(F)ccc4[nH]3)c2F)c1,-10.001606425702812,3.128615257744718,52_454
O=C(Nc1cccc(-c2cccc(-c3nc4ccccc4[nH]3)c2)c1)Nc1cccc(-c2cccc(F)c2F)c1,-9.930854605993341,3.218592063451191,52_455
O=C(Nc1cccc(-c2cccc(-c3nc4ccccc4[nH]3)c2)c1)Nc1cccc(-c2cccc(F)c2F)c1,-9.930854605993341,3.218592063451191,52_456
Cn1c(-c2cccc(-c3cccc(NC(=O)Nc4cccc(-c5cccc(F)c5F)c4)c3)c2)nc2ccccc21,-9.886847195357834,3.216920496534968,52_457
Cn1c(-c2cccc(-c3cccc(NC(=O)Nc4cccc(-c5cccc(F)c5F)c4)c3)c2)nc2ccccc21,-9.886847195357834,3.216920496534968,52_458
Cn1c(-c2cccc(-c3cccc(NC(=O)Nc4cccc(-c5cccc(F)c5F)c4)c3)c2)nc2ccccc21,-9.886847195357834,3.216920496534968,52_459
Cn1c(-c2cccc(-c3cccc(NC(=O)Nc4cccc(-c5cccc(F)c5F)c4)c3)c2)nc2ccccc21,-9.886847195357834,3.216920496534968,52_460
O=C(Nc1cccc(-c2cccc(-c3nc4ccccc4[nH]3)c2)c1)Nc1cccc(-c2cccc(F)c2F)c1,-9.930854605993341,3.218592063451191,52_461
O=C(Nc1cccc(-c2cccc(F)c2F)c1)Nc1cccc(-c2cccc(-c3nc4cc(F)ccc4[nH]3)c2F)c1,-10.001606425702812,3.128615257744718,52_462
O=C(Nc1cccc(-c2cccc(-c3nc4ccccc4[nH]3)c2)c1)Nc1cccc(-c2cccc(F)c2F)c1,-9.930854605993341,3.218592063451191,52_463
Cn1c(-c2cccc(-c3cccc(NC(=O)Nc4cccc(-c5cccc(F)c5F)c4)c3)c2)nc2ccccc21,-9.886847195357834,3.216920496534968,52_464
Cn1c(-c2cccc(-c3cccc(NC(=O)Nc4cccc(-c5cccc(F)c5F)c4)c3)c2)nc2ccccc21,-9.886847195357834,3.216920496534968,52_465
O=C(Nc1cccc(-c2cccc(-c3nc4ccccc4[nH]3)c2)c1)Nc1cccc(-c2cccc(F)c2F)c1,-9.930854605993341,3.218592063451191,52_466
O=C(Nc1cccc(-c2cccc(-c3nc4cc(F)ccc4[nH]3)c2)c1)Nc1cccc(-c2cccc(F)c2F)c1,-9.61225806451613,3.1875244530828533,52_467
O=C(Nc1cccc(-c2cccc(-c3nc4ccccc4[nH]3)c2)c1)Nc1cccc(-c2cccc(F)c2F)c1,-9.930854605993341,3.218592063451191,52_468
O=C(Nc1cccc(-c2cccc(F)c2F)c1)Nc1cccc(-c2cccc(-c3nc4cc(F)ccc4[nH]3)c2F)c1,-10.001606425702812,3.128615257744718,52_469
Cn1c(-c2cccc(-c3cccc(NC(=O)Nc4cccc(-c5cccc(F)c5F)c4)c3)c2)nc2ccccc21,-9.886847195357834,3.216920496534968,52_470
O=C(Nc1cccc(-c2cccc(-c3nc4ccccc4[nH]3)c2)c1)Nc1cccc(-c2cccc(F)c2F)c1,-9.930854605993341,3.218592063451191,52_471
Cn1c(-c2cccc(-c3cccc(NC(=O)Nc4cccc(-c5cccc(C(=O)N6CCOCC6)c5)c4)c3)c2)nc2ccccc21,-9.365625000000001,3.2756851861708367,52_472
O=C(Nc1cccc(-c2cccc(-c3nc4ccccc4[nH]3)c2)c1)Nc1cccc(-c2cccc(F)c2F)c1,-9.930854605993341,3.218592063451191,52_473
O=C(Nc1cccc(-c2cccc(-c3nc4ccccc4[nH]3)c2)c1)Nc1cccc(-c2cccc(F)c2F)c1,-9.930854605993341,3.218592063451191,52_474
O=C(Nc1cccc(-c2cccc(F)c2F)c1)Nc1cccc(-c2cccc(-c3nc4cc(F)ccc4[nH]3)c2F)c1,-10.001606425702812,3.128615257744718,52_475
O=C(Nc1cccc(-c2cccc(-c3nc4ccccc4[nH]3)c2)c1)Nc1cccc(-c2cccc(F)c2F)c1,-9.930854605993341,3.218592063451191,52_476
O=C(Nc1cccc(-c2cccc(-c3nc4ccccc4[nH]3)c2)c1)Nc1cccc(-c2cccc(F)c2F)c1,-9.930854605993341,3.218592063451191,52_477
O=C(Nc1cccc(-c2cccc(-c3nc4ccccc4[nH]3)c2)c1)Nc1cccc(-c2cccc(F)c2F)c1,-9.930854605993341,3.218592063451191,52_478
Cn1c(-c2cccc(-c3cccc(NC(=O)Nc4cccc(-c5cccc(F)c5F)c4)c3)c2)nc2ccccc21,-9.886847195357834,3.216920496534968,52_479
O=C(Nc1cccc(-c2cccc(-c3nc4ccccc4[nH]3)c2)c1)Nc1cccc(-c2cccc(F)c2F)c1,-9.930854605993341,3.218592063451191,52_480
O=C(Nc1cccc(-c2cccc(-c3nc4ccccc4[nH]3)c2)c1)Nc1cccc(-c2cccc(F)c2F)c1,-9.930854605993341,3.218592063451191,52_481
O=C(Nc1cccc(-c2cccc(-c3nc4ccccc4[nH]3)c2)c1)Nc1cccc(-c2cccc(F)c2F)c1,-9.930854605993341,3.218592063451191,52_482
O=C(Nc1cccc(-c2cccc(-c3nc4ccccc4[nH]3)c2)c1)Nc1cccc(-c2cccc(F)c2F)c1,-9.930854605993341,3.218592063451191,52_483
Cn1c(-c2cccc(-c3cccc(NC(=O)Nc4cccc(-c5cccc(F)c5F)c4)c3)c2)nc2ccccc21,-9.886847195357834,3.216920496534968,52_484
Cn1c(-c2cccc(-c3cccc(NC(=O)Nc4cccc(-c5cccc(F)c5F)c4)c3)c2)nc2ccccc21,-9.886847195357834,3.216920496534968,52_485
Cn1c(-c2cccc(-c3cccc(NC(=O)Nc4cccc(-c5cccc(-c6n[nH]c(=O)o6)c5)c4)c3)c2)nc2ccccc21,-10.4,3.127409012341417,52_486
O=C(Nc1cccc(-c2cccc(F)c2F)c1)Nc1cccc(-c2cccc(-c3nc4cc(F)ccc4[nH]3)c2F)c1,-10.001606425702812,3.128615257744718,52_487
Cn1c(-c2cccc(-c3cccc(NC(=O)Nc4cccc(-c5cccc(F)c5F)c4)c3)c2)nc2ccccc21,-9.886847195357834,3.216920496534968,52_488
O=C(Nc1cccc(-c2cccc(-c3nc4ccccc4[nH]3)c2)c1)Nc1cccc(-c2cccc(F)c2F)c1,-9.930854605993341,3.218592063451191,52_489
O=C(Nc1cccc(-c2cccc(-c3nc4ccccc4[nH]3)c2)c1)Nc1cccc(-c2cccc(F)c2F)c1,-9.930854605993341,3.218592063451191,52_490
Cn1c(-c2cccc(-c3cccc(NC(=O)Nc4cccc(-c5cccc(F)c5F)c4)c3)c2)nc2ccccc21,-9.886847195357834,3.216920496534968,52_491
O=C(Nc1cccc(-c2cccc(-c3nc4ccccc4[nH]3)c2)c1)Nc1cccc(-c2cccc(F)c2F)c1,-9.930854605993341,3.218592063451191,52_492
Cn1c(-c2cccc(-c3cccc(NC(=O)Nc4cccc(-c5cccc(F)c5F)c4)c3)c2)nc2ccccc21,-9.886847195357834,3.216920496534968,52_493
O=C(Nc1cccc(-c2cccc(-c3nc4ccccc4[nH]3)c2)c1)Nc1cccc(-c2cccc(F)c2F)c1,-9.930854605993341,3.218592063451191,52_494
O=C(Nc1cccc(-c2cccc(F)c2F)c1)Nc1cccc(-c2cccc(-c3cccc(-c4nn[nH]n4)c3)c2F)c1,-9.875000000000002,3.244951037107577,52_495
Cn1c(-c2cccc(-c3cccc(NC(=O)Nc4cccc(-c5cccc(F)c5F)c4)c3)c2)nc2ccccc21,-9.886847195357834,3.216920496534968,52_496
O=C(Nc1cccc(-c2cccc(-c3nc4ccccc4[nH]3)c2)c1)Nc1cccc(-c2cccc(F)c2F)c1,-9.930854605993341,3.218592063451191,52_497
O=C(Nc1cccc(-c2cccc(F)c2F)c1)Nc1cccc(-c2cccc(-c3nc4cc(F)ccc4[nH]3)c2F)c1,-10.001606425702812,3.128615257744718,52_498
O=C(Nc1cccc(-c2cccc(F)c2F)c1)Nc1cccc(-c2cccc(-c3nc4cc(F)ccc4[nH]3)c2F)c1,-10.001606425702812,3.128615257744718,52_499
Cn1c(-c2cccc(-c3cccc(NC(=O)Nc4cccc(-c5cccc(F)c5F)c4)c3)c2)nc2ccccc21,-9.886847195357834,3.216920496534968,52_500
O=C(Nc1ccc2c(c1)OCO2)c1cccc(-c2cccc(-c3cccc(-c4ccccc4F)c3)c2)c1,-8.8,3.274475212885916,52_501
O=C(Nc1cccc(-c2cccc(-c3nc4ccccc4[nH]3)c2)c1)Nc1cccc(-c2cccc(F)c2F)c1,-9.930854605993341,3.218592063451191,52_502
O=C(Nc1cccc(-c2cccc(-c3nc4cc(F)ccc4[nH]3)c2)c1)Nc1cccc(-c2cccc(F)c2F)c1,-9.61225806451613,3.1875244530828533,52_503
Cn1c(-c2cccc(-c3cccc(NC(=O)Nc4cccc(-c5cccc(F)c5F)c4)c3)c2)nc2ccccc21,-9.886847195357834,3.216920496534968,52_504
O=C(Nc1cccc(-c2cccc(F)c2F)c1)Nc1cc(-c2cccc(-c3nc4ccccc4[nH]3)c2)ccn1,-9.7,3.3051748077707623,52_505
O=C(Nc1cccc(-c2cccc(-c3nc4ccccc4[nH]3)c2)c1)Nc1cccc(-c2cccc(F)c2F)c1,-9.930854605993341,3.218592063451191,52_506
O=C(Nc1cccc(-c2cccc(-c3nc4cc(F)ccc4[nH]3)c2)c1)Nc1cccc(-c2cccc(F)c2F)c1,-9.61225806451613,3.1875244530828533,52_507
O=C(Nc1cccc(-c2cccc(-c3nc4ccccc4[nH]3)c2)c1)Nc1cccc(-c2cccc(F)c2F)c1,-9.930854605993341,3.218592063451191,52_508
O=C(Nc1cccc(-c2cccc(-c3nc4ccccc4[nH]3)c2)c1)Nc1cccc(-c2cccc(F)c2F)c1,-9.930854605993341,3.218592063451191,52_509
O=C(Nc1cccc(-c2cccc(-c3nc4ccccc4[nH]3)c2)c1)Nc1cccc(-c2cccc(F)c2F)c1,-9.930854605993341,3.218592063451191,52_510
O=C(Nc1cccc(-c2cccc(-c3nc4ccccc4[nH]3)c2)c1)Nc1cccc(-c2cccc(F)c2F)c1,-9.930854605993341,3.218592063451191,52_511
O=C(Nc1cccc(-c2cccc(-c3nc4ccccc4[nH]3)c2)c1)Nc1cccc(-c2cccc(F)c2F)c1,-9.930854605993341,3.218592063451191,52_512
O=C(Nc1cccc(-c2cccc(-c3nc4ccccc4[nH]3)c2)c1)Nc1cccc(-c2cccc(F)c2F)c1,-9.930854605993341,3.218592063451191,52_513
Cn1c(-c2cccc(-c3cccc(NC(=O)Nc4cccc(-c5cccc(C(=O)N6CCOCC6)c5)c4)c3)c2)nc2ccccc21,-9.365625000000001,3.2756851861708367,52_514
O=C(Nc1cccc(-c2cccc(-c3nc4ccccc4[nH]3)c2)c1)Nc1cccc(-c2cccc(F)c2F)c1,-9.930854605993341,3.218592063451191,52_515
Cn1c(-c2cccc(-c3cccc(NC(=O)Nc4cccc(-c5cccc(F)c5F)c4)c3)c2)nc2ccccc21,-9.886847195357834,3.216920496534968,52_516
O=C(Nc1cccc(-c2cccc(-c3cccc(-c4nn[nH]n4)c3)c2)c1)Nc1cccc(-c2cccc(F)c2F)c1,-9.847368421052632,3.286971097546113,52_517
O=C(Nc1cccc(-c2cccc(-c3nc4ccccc4[nH]3)c2)c1)Nc1cccc(-c2cccc(F)c2F)c1,-9.930854605993341,3.218592063451191,52_518
O=C(Nc1cccc(-c2cccc(-c3nc4ccccc4[nH]3)c2)c1)Nc1cccc(-c2cccc(F)c2F)c1,-9.930854605993341,3.218592063451191,52_519
Cn1c(-c2cccc(-c3cccc(NC(=O)Nc4cccc(-c5cccc(F)c5F)c4)c3)c2)nc2ccccc21,-9.886847195357834,3.216920496534968,52_520
Cn1c(-c2cccc(-c3cccc(NC(=O)Nc4cccc(-c5cccc(F)c5F)c4)c3)c2)nc2ccccc21,-9.886847195357834,3.216920496534968,52_521
O=C(Nc1cccc(-c2cccc(-c3nc4ccccc4[nH]3)c2)c1)Nc1cccc(-c2cccc(F)c2F)c1,-9.930854605993341,3.218592063451191,52_522
O=C(Nc1cccc(-c2cccc(F)c2F)c1)Nc1cccc(-c2cccc(-c3nc4cc(F)ccc4[nH]3)c2F)c1,-10.001606425702812,3.128615257744718,52_523
O=C(Nc1cccc(-c2cccc(F)c2F)c1)Nc1cccc(-c2cccc(-c3nc4cc(F)ccc4[nH]3)c2F)c1,-10.001606425702812,3.128615257744718,52_524
O=C(Nc1cccc(-c2cccc(F)c2F)c1)Nc1cccc(-c2cccc(-c3nc4cc(F)ccc4[nH]3)c2F)c1,-10.001606425702812,3.128615257744718,52_525
O=C1N=c2ccccc2=C1c1sc(=S)n(-c2cccc(-c3cccc4ccccc34)c2)c1O,-9.0,3.5063878378191897,52_526
O=C(Nc1cccc(-c2cccc(-c3nc4ccccc4[nH]3)c2)c1)Nc1cccc(-c2cccc(F)c2F)c1,-9.930854605993341,3.218592063451191,52_527
O=C(Nc1cccc(-c2cccc(-c3nc4cc(F)ccc4[nH]3)c2)c1)Nc1cccc(-c2cccc(F)c2F)c1,-9.61225806451613,3.1875244530828533,52_528
Cn1c(-c2cccc(-c3cccc(NC(=O)Nc4cccc(-c5cccc(F)c5F)c4)c3)c2)nc2ccccc21,-9.886847195357834,3.216920496534968,52_529
O=C(Nc1cccc(-c2cccc(-c3nc4ccccc4[nH]3)c2)c1)Nc1cccc(-c2cccc(F)c2F)c1,-9.930854605993341,3.218592063451191,52_530
O=C(Nc1cccc(-c2cccc(-c3nc4ccccc4[nH]3)c2)c1)Nc1cccc(-c2cccc(F)c2F)c1,-9.930854605993341,3.218592063451191,52_531
O=C(Nc1cccc(-c2cccc(F)c2F)c1)Nc1cccc(-c2cccc(-c3nc4cc(F)ccc4[nH]3)c2F)c1,-10.001606425702812,3.128615257744718,52_532
O=C(Nc1cccc(-c2cccc(-c3nc4cc(F)ccc4[nH]3)c2)c1)Nc1cccc(-c2cccc(F)c2F)c1,-9.61225806451613,3.1875244530828533,52_533
O=C(Nc1cccc(-c2cccc(-c3nc4ccccc4[nH]3)c2)c1)Nc1cccc(-c2cccc(F)c2F)c1,-9.930854605993341,3.218592063451191,52_534
O=C(Nc1cccc(-c2cccc(-c3nc4ccccc4[nH]3)c2)c1)Nc1cccc(-c2cccc(F)c2F)c1,-9.930854605993341,3.218592063451191,52_535
Cn1c(-c2cccc(-c3cccc(NC(=O)Nc4cccc(-c5cccc(F)c5F)c4)c3)c2)nc2ccccc21,-9.886847195357834,3.216920496534968,52_536
O=C(Nc1nc[nH]n1)c1cccc(-c2cccc(-c3cccc(-c4cccc(C(=O)N5CCOCC5)c4)c3)c2)c1,-8.8,3.4266171867674555,52_537
O=C(Nc1cccc(-c2cccc(-c3nc4ccccc4[nH]3)c2)c1)Nc1cccc(-c2cccc(F)c2F)c1,-9.930854605993341,3.218592063451191,52_538
O=C(Nc1cccc(-c2cccc(F)c2F)c1)Nc1cccc(-c2cccc(-c3nc4cc(F)ccc4[nH]3)c2F)c1,-10.001606425702812,3.128615257744718,52_539
O=C(Nc1cccc(-c2cccc(-c3nc4cc(F)ccc4[nH]3)c2)c1)Nc1cccc(-c2cccc(F)c2F)c1,-9.61225806451613,3.1875244530828533,52_540
O=C(Nc1cccc(-c2cccc(-c3nc4ccccc4[nH]3)c2)c1)Nc1cccc(-c2cccc(F)c2F)c1,-9.930854605993341,3.218592063451191,52_541
Cn1c(-c2cccc(-c3cccc(NC(=O)Nc4nc5ccccc5cc4-c4cccc(-c5cccc(F)c5F)c4)c3)c2)nc2ccccc21,-9.3,3.006895518313814,52_542
O=C(Nc1cccc(-c2cccc(-c3nc4ccccc4[nH]3)c2)c1)Nc1cccc(-c2cccc(F)c2F)c1,-9.930854605993341,3.218592063451191,52_543
O=C(Nc1cccc(-c2cccc(-c3nc4ccccc4[nH]3)c2)c1)Nc1cccc(-c2cccc(F)c2F)c1,-9.930854605993341,3.218592063451191,52_544
Cn1c(-c2cccc(-c3cccc(NC(=O)Nc4cccc(-c5cccc(F)c5F)c4)c3)c2)nc2ccccc21,-9.886847195357834,3.216920496534968,52_545
Cn1c(-c2cccc(-c3cccc(NC(=O)Nc4cccc(-c5cccc(F)c5F)c4)c3)c2)nc2ccccc21,-9.886847195357834,3.216920496534968,52_546
Cn1c(-c2cccc(-c3cccc(NC(=O)Nc4cccc(-c5cccc(F)c5F)c4)c3)c2)nc2ccccc21,-9.886847195357834,3.216920496534968,52_547
O=C(Nc1cccc(-c2cccc(-c3nc4cc(F)ccc4[nH]3)c2)c1)Nc1cccc(-c2cccc(F)c2F)c1,-9.61225806451613,3.1875244530828533,52_548
O=C(Nc1cccc(-c2cccc(-c3nc4ccccc4[nH]3)c2)c1)Nc1cccc(-c2cccc(F)c2F)c1,-9.930854605993341,3.218592063451191,52_549
Cn1c(-c2cccc(-c3cccc(NC(=O)Nc4cccc(-c5cccc(F)c5F)c4)c3)c2)nc2ccccc21,-9.886847195357834,3.216920496534968,52_550
O=C(Nc1cccc(-c2cccc(-c3nc4ccccc4[nH]3)c2)c1)Nc1cccc(-c2cccc(F)c2F)c1,-9.930854605993341,3.218592063451191,52_551
Cn1c(-c2cccc(-c3cccc(NC(=O)Nc4cccc(-c5cccc(F)c5F)c4)c3)c2)nc2ccccc21,-9.886847195357834,3.216920496534968,52_552
O=C(Nc1cccc(-c2cccc(F)c2F)c1)Nc1cccc(-c2cccc(-c3nc4cc(F)ccc4[nH]3)c2F)c1,-10.001606425702812,3.128615257744718,52_553
O=C(Nc1cccc(-c2cccc(-c3nc4ccccc4[nH]3)c2)c1)Nc1cccc(-c2cccc(F)c2F)c1,-9.930854605993341,3.218592063451191,52_554
O=C(Nc1cccc(-c2cccc(-c3nc4ccccc4[nH]3)c2)c1)Nc1cccc(-c2cccc(F)c2F)c1,-9.930854605993341,3.218592063451191,52_555
Cn1c(-c2cccc(-c3cccc(NC(=O)Nc4cccc(-c5cccc(F)c5F)c4)c3)c2)nc2ccccc21,-9.886847195357834,3.216920496534968,52_556
Cn1c(-c2cccc(-c3cccc(NC(=O)Nc4cccc(-c5cccc(F)c5F)c4)c3)c2)nc2ccccc21,-9.886847195357834,3.216920496534968,52_557
O=C(Nc1cccc(-c2cccc(-c3nc4ccccc4[nH]3)c2)c1)Nc1cccc(-c2cccc(F)c2F)c1,-9.930854605993341,3.218592063451191,52_558
O=C(Nc1cccc(-c2cccc(-c3nc4ccccc4[nH]3)c2)c1)Nc1cccc(-c2cccc(F)c2F)c1,-9.930854605993341,3.218592063451191,52_559
O=C(Nc1cccc(-c2cccc(F)c2F)c1)Nc1cccc(-c2cccc(-c3nc4cc(F)ccc4[nH]3)c2F)c1,-10.001606425702812,3.128615257744718,52_560
Cn1c(-c2cccc(-c3cccc(NC(=O)Nc4cccc(-c5cccc(F)c5F)c4)c3)c2)nc2ccccc21,-9.886847195357834,3.216920496534968,52_561
Cn1c(-c2cccc(-c3cccc(NC(=O)Nc4cccc(-c5cccc(F)c5F)c4)c3)c2)nc2ccccc21,-9.886847195357834,3.216920496534968,52_562
O=C(Nc1cccc(-c2cccc(-c3nc4ccccc4[nH]3)c2)c1)Nc1cccc(-c2cccc(F)c2F)c1,-9.930854605993341,3.218592063451191,52_563
Cn1c(-c2cccc(-c3cccc(NC(=O)Nc4cccc(-c5cccc(F)c5F)c4)c3)c2)nc2ccccc21,-9.886847195357834,3.216920496534968,52_564
O=C(Nc1cccc(-c2cccc(F)c2F)c1)Nc1cccc(-c2cccc(-c3nc4cc(F)ccc4[nH]3)c2F)c1,-10.001606425702812,3.128615257744718,52_565
O=C(Nc1cccc(-c2cccc(-c3nc4cc(F)ccc4[nH]3)c2)c1)Nc1cccc(-c2cccc(F)c2F)c1,-9.61225806451613,3.1875244530828533,52_566
O=C(Nc1cccc(-c2cccc(-c3nc4ccccc4[nH]3)c2)c1)Nc1cccc(-c2cccc(F)c2F)c1,-9.930854605993341,3.218592063451191,52_567
O=C(Nc1cccc(-c2cccc(-c3nc4ccccc4[nH]3)c2)c1)Nc1cccc(-c2cccc(F)c2F)c1,-9.930854605993341,3.218592063451191,52_568
O=C(Nc1cccc(-c2cccc(-c3nc4ccccc4[nH]3)c2)c1)Nc1cccc(-c2cccc(F)c2F)c1,-9.930854605993341,3.218592063451191,52_569
O=C(Nc1cccc(-c2cccc(-c3nc4ccccc4[nH]3)c2)c1)Nc1cccc(-c2cccc(F)c2F)c1,-9.930854605993341,3.218592063451191,52_570
O=C(Nc1cccc(-c2cccc(-c3nc4ccccc4[nH]3)c2)c1)Nc1cccc(-c2cccc(F)c2F)c1,-9.930854605993341,3.218592063451191,52_571
O=C(Nc1cccc(-c2cccc(-c3nc4ccccc4[nH]3)c2)c1)Nc1cccc(-c2cccc(F)c2F)c1,-9.930854605993341,3.218592063451191,52_572
O=C(Nc1cccc(-c2cccc(-c3nc4ccccc4[nH]3)c2)c1)Nc1cccc(-c2cccc(F)c2F)c1,-9.930854605993341,3.218592063451191,52_573
O=C(Nc1cccc(-c2cccc(-c3nc4ccccc4[nH]3)c2)c1)Nc1cccc(-c2cccc(F)c2F)c1,-9.930854605993341,3.218592063451191,52_574
Cn1c(-c2cccc(-c3cccc(NC(=O)Nc4cccc(-c5cccc(F)c5F)c4)c3)c2)nc2ccccc21,-9.886847195357834,3.216920496534968,52_575
Cn1c(-c2cccc(-c3cccc(NC(=O)Nc4cccc(-c5cccc(F)c5F)c4)c3)c2)nc2ccccc21,-9.886847195357834,3.216920496534968,52_576
O=C(Nc1cccc(-c2cccc(-c3nc4ccccc4[nH]3)c2)c1)Nc1cccc(-c2cccc(F)c2F)c1,-9.930854605993341,3.218592063451191,52_577
O=C(Nc1cccc(-c2cccc(-c3nc4ccccc4[nH]3)c2)c1)Nc1cccc(-c2cccc(F)c2F)c1,-9.930854605993341,3.218592063451191,52_578
O=C(Nc1cccc(-c2cccc(-c3nc4ccccc4[nH]3)c2)c1)Nc1cccc(-c2cccc(F)c2F)c1,-9.930854605993341,3.218592063451191,52_579
O=C(Nc1cccc(-c2cccc(F)c2F)c1)Nc1cccc(-c2cccc(-c3nc4cc(F)ccc4[nH]3)c2F)c1,-10.001606425702812,3.128615257744718,52_580
O=C(Nc1cccc(-c2cccc(-c3nc4ccccc4[nH]3)c2)c1)Nc1cccc(-c2cccc(F)c2F)c1,-9.930854605993341,3.218592063451191,52_581
Cn1c(-c2cccc(-c3cccc(NC(=O)Nc4cccc(-c5cccc(F)c5F)c4)c3)c2)nc2ccccc21,-9.886847195357834,3.216920496534968,52_582
Cn1c(-c2cccc(-c3cccc(NC(=O)Nc4cccc(-c5cccc(F)c5F)c4)c3)c2)nc2ccccc21,-9.886847195357834,3.216920496534968,52_583
O=C(Nc1cccc(-c2cccc(-c3nc4ccccc4[nH]3)c2)c1)Nc1cccc(-c2cccc(F)c2F)c1,-9.930854605993341,3.218592063451191,52_584
Cn1c(-c2cccc(-c3cccc(NC(=O)Nc4cccc(-c5cccc(F)c5F)c4)c3)c2)nc2ccccc21,-9.886847195357834,3.216920496534968,52_585
O=C(Nc1cccc(-c2cccc(-c3nc4ccccc4[nH]3)c2)c1)Nc1cccc(-c2cccc(F)c2F)c1,-9.930854605993341,3.218592063451191,52_586
O=C(Nc1cccc(-c2cccc(-c3nc4ccccc4[nH]3)c2)c1)Nc1cccc(-c2cccc(F)c2F)c1,-9.930854605993341,3.218592063451191,52_587
O=C(Nc1cccc(-c2cccc(F)c2F)c1)Nc1cccc(-c2cccc(-c3cccc(-c4nn[nH]n4)c3)c2F)c1,-9.875000000000002,3.244951037107577,52_588
O=C(Nc1cccc(-c2cccc(-c3nc4ccccc4[nH]3)c2)c1)Nc1cccc(-c2cccc(F)c2F)c1,-9.930854605993341,3.218592063451191,52_589
Cn1c(-c2cccc(-c3cccc(NC(=O)Nc4cccc(-c5cccc(F)c5F)c4)c3)c2)nc2ccccc21,-9.886847195357834,3.216920496534968,52_590
O=C(Nc1cccc(-c2cccc(-c3nc4ccccc4[nH]3)c2)c1)Nc1cccc(-c2cccc(F)c2F)c1,-9.930854605993341,3.218592063451191,52_591
Cn1c(-c2cccc(-c3cccc(NC(=O)Nc4cccc(-c5cccc(F)c5F)c4)c3)c2)nc2ccccc21,-9.886847195357834,3.216920496534968,52_592
O=C(Nc1cccc(-c2cccc(F)c2F)c1)Nc1cccc(-c2cccc(-c3nc4cc(F)ccc4[nH]3)c2F)c1,-10.001606425702812,3.128615257744718,52_593
Cn1c(-c2cccc(-c3cccc(NC(=O)Nc4cccc(-c5cccc(F)c5F)c4)c3)c2)nc2ccccc21,-9.886847195357834,3.216920496534968,52_594
O=C(Nc1cccc(-c2cccc(-c3nc4ccccc4[nH]3)c2)c1)Nc1cccc(-c2cccc(F)c2F)c1,-9.930854605993341,3.218592063451191,52_595
O=C(Nc1cccc(-c2cccc(F)c2F)c1)Nc1cccc(-c2cccc(-c3nc4cc(F)ccc4[nH]3)c2F)c1,-10.001606425702812,3.128615257744718,52_596
O=C(Nc1cccc(-c2cccc(-c3nc4ccccc4[nH]3)c2)c1)Nc1cccc(-c2cccc(F)c2F)c1,-9.930854605993341,3.218592063451191,52_597
O=C(Nc1cccc(-c2cccc(-c3nc4ccccc4[nH]3)c2)c1)Nc1cccc(-c2cccc(F)c2F)c1,-9.930854605993341,3.218592063451191,52_598
O=C(Nc1cccc(-c2cccc(F)c2F)c1)Nc1cccc(-c2cccc(-c3nc4cc(F)ccc4[nH]3)c2F)c1,-10.001606425702812,3.128615257744718,52_599
O=C(Nc1cccc(-c2cccc(-c3nc4ccccc4[nH]3)c2)c1)Nc1cccc(-c2cccc(F)c2F)c1,-9.930854605993341,3.218592063451191,52_600
O=C(Nc1cccc(-c2cccc(-c3nc4ccccc4[nH]3)c2)c1)Nc1cccc(-c2cccc(F)c2F)c1,-9.930854605993341,3.218592063451191,52_601
O=C(Nc1cccc(-c2cccc(F)c2F)c1)Nc1cccc(-c2cccc(-c3nc4cc(F)ccc4[nH]3)c2F)c1,-10.001606425702812,3.128615257744718,52_602
O=C(Nc1cccc(-c2cccc(-c3nc4ccccc4[nH]3)c2)c1)Nc1cccc(-c2cccc(F)c2F)c1,-9.930854605993341,3.218592063451191,52_603
Cn1c(-c2cccc(-c3cccc(NC(=O)Nc4cccc(-c5cccc(F)c5F)c4)c3)c2)nc2ccccc21,-9.886847195357834,3.216920496534968,52_604
O=C(Nc1cccc(-c2cccc(-c3nc4cc(F)ccc4[nH]3)c2)c1)Nc1cccc(-c2cccc(F)c2F)c1,-9.61225806451613,3.1875244530828533,52_605
O=C(Nc1cccc(-c2cccc(F)c2F)c1)Nc1cccc(-c2cccc(-c3nc4cc(F)ccc4[nH]3)c2F)c1,-10.001606425702812,3.128615257744718,52_606
Cn1c(-c2cccc(-c3cccc(NC(=O)Nc4cccc(-c5cccc(F)c5F)c4)c3)c2)nc2ccccc21,-9.886847195357834,3.216920496534968,52_607
O=C(Nc1cccc(-c2cccc(-c3cccc(-c4nn[nH]n4)c3)c2)c1)Nc1cccc(-c2cccc(F)c2F)c1,-9.847368421052632,3.286971097546113,52_608
Cn1c(-c2cccc(-c3cccc(NC(=O)Nc4cccc(-c5cccc(F)c5F)c4)c3)c2)nc2ccccc21,-9.886847195357834,3.216920496534968,52_609
O=C(Nc1cccc(-c2cccc(-c3nc4ccccc4[nH]3)c2)c1)Nc1cccc(-c2cccc(F)c2F)c1,-9.930854605993341,3.218592063451191,52_610
O=C(Nc1cccc(-c2cccc(F)c2F)c1)Nc1ccnc(-c2cccc(C(=O)N3CCOCC3)c2)c1,-9.5,3.566964463601068,52_611
O=C(Nc1cccc(-c2cccc(F)c2F)c1)Nc1cccc(-c2cccc(-c3nc4cc(F)ccc4[nH]3)c2F)c1,-10.001606425702812,3.128615257744718,52_612
O=C(Nc1cccc(-c2cccc(-c3nc4ccccc4[nH]3)c2)c1)Nc1cccc(-c2cccc(F)c2F)c1,-9.930854605993341,3.218592063451191,52_613
O=C(Nc1cccc(-c2cccc(-c3nc4cc(F)ccc4[nH]3)c2)c1)Nc1cccc(-c2cccc(F)c2F)c1,-9.61225806451613,3.1875244530828533,52_614
O=C(Nc1cccc(-c2cccc(-c3nc4ccccc4[nH]3)c2)c1)Nc1cccc(-c2cccc(F)c2F)c1,-9.930854605993341,3.218592063451191,52_615
O=C(Nc1cccc(-c2cccc(-c3nc4ccccc4[nH]3)c2)c1)Nc1cccc(-c2cccc(F)c2F)c1,-9.930854605993341,3.218592063451191,52_616
O=C(Nc1cccc(-c2cccc(F)c2F)c1)Nc1cccc(-c2cccc(-c3nc4cc(F)ccc4[nH]3)c2F)c1,-10.001606425702812,3.128615257744718,52_617
O=C(Nc1cccc(-c2cccc(F)c2F)c1)Nc1cccc(-c2cccc(-c3nc4cc(F)ccc4[nH]3)c2F)c1,-10.001606425702812,3.128615257744718,52_618
O=C(Nc1cccc(-c2cccc(F)c2F)c1)Nc1cccc(-c2cccc(-c3nc4cc(F)ccc4[nH]3)c2F)c1,-10.001606425702812,3.128615257744718,52_619
Cn1c(-c2cccc(-c3cccc(NC(=O)Nc4cccc(-c5cccc(F)c5F)c4)c3)c2)nc2ccccc21,-9.886847195357834,3.216920496534968,52_620
O=C(Nc1cccc(-c2cccc(-c3nc4ccccc4[nH]3)c2)c1)Nc1cccc(-c2cccc(F)c2F)c1,-9.930854605993341,3.218592063451191,52_621
O=C(Nc1cccc(-c2cccc(-c3cccc(F)c3)c2)c1)Nc1cccc(-c2cccc(F)c2F)c1,-9.5,3.1787533639972665,52_622
O=C(Nc1cccc(-c2cccc(-c3nc4ccccc4[nH]3)c2)c1)Nc1cccc(-c2cccc(F)c2F)c1,-9.930854605993341,3.218592063451191,52_623
O=C(Nc1cccc(-c2cccc(-c3nc4cc(F)ccc4[nH]3)c2)c1)Nc1cccc(-c2cccc(F)c2F)c1,-9.61225806451613,3.1875244530828533,52_624
Cn1c(-c2cccc(-c3cccc(NC(=O)Nc4cccc(-c5cccc(F)c5F)c4)c3)c2)nc2ccccc21,-9.886847195357834,3.216920496534968,52_625
Cn1c(-c2cccc(-c3cccc(NC(=O)Nc4cccc(-c5cccc(F)c5F)c4)c3)c2)nc2ccccc21,-9.886847195357834,3.216920496534968,52_626
O=C(Nc1cccc(-c2cccc(-c3nc4cc(F)ccc4[nH]3)c2)c1)Nc1cccc(-c2cccc(F)c2F)c1,-9.61225806451613,3.1875244530828533,52_627
O=C(Nc1cccc(-c2cccc(-c3nc4cc(F)ccc4[nH]3)c2)c1)Nc1cccc(-c2cccc(F)c2F)c1,-9.61225806451613,3.1875244530828533,52_628
O=C(Nc1cccc(-c2cccc(-c3nc4ccccc4[nH]3)c2)c1)Nc1cccc(-c2cccc(F)c2F)c1,-9.930854605993341,3.218592063451191,52_629
O=C(Nc1cccc(-c2cccc(F)c2F)c1)Nc1cccc(-c2cccc(-c3nc4cc(F)ccc4[nH]3)c2F)c1,-10.001606425702812,3.128615257744718,52_630
O=C(Nc1cccc(-c2cccc(-c3nc4ccccc4[nH]3)c2)c1)Nc1cccc(-c2cccc(F)c2F)c1,-9.930854605993341,3.218592063451191,52_631
O=C(Nc1cccc(-c2cccc(-c3nc4ccccc4[nH]3)c2)c1)Nc1cccc(-c2cccc(F)c2F)c1,-9.930854605993341,3.218592063451191,52_632
O=C(Nc1cccc(-c2cccc(-c3nc4ccccc4[nH]3)c2)c1)Nc1cccc(-c2cccc(F)c2F)c1,-9.930854605993341,3.218592063451191,52_633
O=C(Nc1cccc(-c2cccc(-c3cccc(-c4nn[nH]n4)c3)c2)c1)Nc1cccc(-c2cccc(F)c2F)c1,-9.847368421052632,3.286971097546113,52_634
Cn1c(-c2cccc(-c3cccc(NC(=O)Nc4cccc(-c5cccc(C(=O)N6CCOCC6)c5)c4)c3)c2)nc2ccccc21,-9.365625000000001,3.2756851861708367,52_635
O=C(Nc1cccc(-c2cccc(-c3nc4ccccc4[nH]3)c2)c1)Nc1cccc(-c2cccc(F)c2F)c1,-9.930854605993341,3.218592063451191,52_636
O=C(Nc1cccc(-c2cccc(-c3nc4ccccc4[nH]3)c2)c1)Nc1cccc(-c2cccc(F)c2F)c1,-9.930854605993341,3.218592063451191,52_637
Cn1c(-c2cccc(-c3cccc(NC(=O)Nc4cccc(-c5cccc(F)c5F)c4)c3)c2)nc2ccccc21,-9.886847195357834,3.216920496534968,52_638
Cn1c(-c2cccc(-c3cccc(NC(=O)Nc4cccc(-c5cccc(F)c5F)c4)c3)c2)nc2ccccc21,-9.886847195357834,3.216920496534968,52_639
O=C(Nc1cccc(-c2cccc(-c3nc4ccccc4[nH]3)c2)c1)Nc1cccc(-c2cccc(F)c2F)c1,-9.930854605993341,3.218592063451191,52_640
O=C(Nc1cccc(-c2cccc(-c3nc4ccccc4[nH]3)c2)c1)Nc1cccc(-c2cccc(F)c2F)c1,-9.930854605993341,3.218592063451191,52_641
O=C(Nc1cccc(-c2cccc(F)c2F)c1)Nc1cccc(-c2cccc(-c3nc4cc(F)ccc4[nH]3)c2F)c1,-10.001606425702812,3.128615257744718,52_642
O=C(Nc1cccc(-c2cccc(-c3nc4ccccc4[nH]3)c2)c1)Nc1cccc(-c2cccc(F)c2F)c1,-9.930854605993341,3.218592063451191,52_643
O=C(Nc1cccc(-c2cccc(F)c2F)c1)Nc1cccc(-c2cccc(-c3nc4cc(F)ccc4[nH]3)c2F)c1,-10.001606425702812,3.128615257744718,52_644
Cc1ccc(NC(=O)Nc2cccc(-c3cccc(-c4nn[nH]n4)c3)c2)cc1Nc1nccc(-c2ccccc2)n1,-8.5,3.0572676024314234,52_645
Cn1c(-c2cccc(-c3cccc(NC(=O)Nc4cccc(-c5cccc(F)c5F)c4)c3)c2)nc2ccccc21,-9.886847195357834,3.216920496534968,52_646
O=C(Nc1cccc(-c2cccc(-c3nc4ccccc4[nH]3)c2)c1)Nc1cccc(-c2cccc(F)c2F)c1,-9.930854605993341,3.218592063451191,52_647
O=C(Nc1cccc(-c2cccc(-c3nc4ccccc4[nH]3)c2)c1)Nc1cccc(-c2cccc(F)c2F)c1,-9.930854605993341,3.218592063451191,52_648
O=C(Nc1cccc(-c2cccc(-c3nc4cc(F)ccc4[nH]3)c2)c1)Nc1cccc(-c2cccc(F)c2F)c1,-9.61225806451613,3.1875244530828533,52_649
O=C(Nc1cccc(-c2cccc(-c3nc4ccccc4[nH]3)c2)c1)Nc1cccc(-c2cccc(F)c2F)c1,-9.930854605993341,3.218592063451191,52_650
O=C(Nc1cccc(-c2cccc(-c3nc4ccccc4[nH]3)c2)c1)Nc1cccc(-c2cccc(F)c2F)c1,-9.930854605993341,3.218592063451191,52_651
O=C(Nc1cccc(-c2cccc(-c3nc4ccccc4[nH]3)c2)c1)Nc1cccc(-c2cccc(F)c2F)c1,-9.930854605993341,3.218592063451191,52_652
O=C(Nc1cccc(-c2cccc(-c3nc4ccccc4[nH]3)c2)c1)Nc1cccc(-c2cccc(F)c2F)c1,-9.930854605993341,3.218592063451191,52_653
Cn1c(-c2cccc(-c3cccc(NC(=O)Nc4cccc(-c5cccc(F)c5F)c4)c3)c2)nc2ccccc21,-9.886847195357834,3.216920496534968,52_654
O=C(Nc1cccc(-c2cccc(F)c2F)c1)Nc1cccc(-c2cccc(-c3nc4cc(F)ccc4[nH]3)c2F)c1,-10.001606425702812,3.128615257744718,52_655
O=C(Nc1cccc(-c2cccc(F)c2F)c1)Nc1cccc(-c2cccc(-c3nc4cc(F)ccc4[nH]3)c2F)c1,-10.001606425702812,3.128615257744718,52_656
O=C(Nc1cccc(-c2cccc(-c3nc4ccccc4[nH]3)c2)c1)Nc1cccc(-c2cccc(F)c2F)c1,-9.930854605993341,3.218592063451191,52_657
C=C(C=CC=Cc1cccc(NC(=O)Nc2cccc(-c3cccc(F)c3F)c2)c1)c1nc2ccccc2[nH]1,-8.7,3.1439933209460156,52_658
O=C(Nc1cccc(-c2cccc(F)c2F)c1)Nc1cccc(-c2cccc(-c3nc4cc(F)ccc4[nH]3)c2F)c1,-10.001606425702812,3.128615257744718,52_659
O=C(Nc1cccc(-c2cccc(F)c2F)c1)Nc1cccc(-c2cccc(-c3cccc(-c4nn[nH]n4)c3)c2F)c1,-9.875000000000002,3.244951037107577,52_660
Cn1c(-c2cccc(-c3cccc(NC(=O)Nc4cccc(-c5cccc(F)c5F)c4)c3)c2)nc2ccccc21,-9.886847195357834,3.216920496534968,52_661
O=C(Nc1cccc(-c2cccc(-c3nc4ccccc4[nH]3)c2)c1)Nc1cccc(-c2cccc(F)c2F)c1,-9.930854605993341,3.218592063451191,52_662
O=C(Nc1cccc(-c2cccc(-c3nc4ccccc4[nH]3)c2)c1)Nc1cccc(-c2cccc(F)c2F)c1,-9.930854605993341,3.218592063451191,52_663
O=C(Nc1cccc(-c2cccc(F)c2F)c1)Nc1cccc(-c2cccc(-c3nc4cc(F)ccc4[nH]3)c2F)c1,-10.001606425702812,3.128615257744718,52_664
Cn1c(-c2cccc(-c3cccc(NC(=O)Nc4cccc(-c5cccc(F)c5F)c4)c3)c2)nc2ccccc21,-9.886847195357834,3.216920496534968,52_665
O=C(Nc1cccc(-c2cccc(-c3nc4ccccc4[nH]3)c2)c1)Nc1cccc(-c2cccc(F)c2F)c1,-9.930854605993341,3.218592063451191,52_666
Cn1c(-c2cccc(-c3cccc(NC(=O)Nc4cccc(-c5cccc(F)c5F)c4)c3)c2)nc2ccccc21,-9.886847195357834,3.216920496534968,52_667
O=C(Nc1cccc(-c2cccc(-c3nc4ccccc4[nH]3)c2)c1)Nc1cccc(-c2cccc(F)c2F)c1,-9.930854605993341,3.218592063451191,52_668
O=C(Nc1cccc(-c2cccc(-c3nc4ccccc4[nH]3)c2)c1)Nc1cccc(-c2cccc(F)c2F)c1,-9.930854605993341,3.218592063451191,52_669
O=C(Nc1cccc(-c2cccc(-c3nc4ccccc4[nH]3)c2)c1)Nc1cccc(-c2cccc(F)c2F)c1,-9.930854605993341,3.218592063451191,52_670
Cn1c(-c2cccc(-c3cccc(NC(=O)Nc4cccc(-c5cccc(F)c5F)c4)c3)c2)nc2ccccc21,-9.886847195357834,3.216920496534968,52_671
Cn1c(-c2cccc(-c3cccc(NC(=O)Nc4cccc(-c5cccc(F)c5F)c4)c3)c2)nc2ccccc21,-9.886847195357834,3.216920496534968,52_672
O=C(Nc1cccc(-c2cccc(F)c2F)c1)Nc1cccc(-c2cccc(-c3nc4cc(F)ccc4[nH]3)c2F)c1,-10.001606425702812,3.128615257744718,52_673
O=C(Nc1cccc(-c2cccc(-c3nc4ccccc4[nH]3)c2)c1)Nc1cccc(-c2cccc(F)c2F)c1,-9.930854605993341,3.218592063451191,52_674
O=C(Nc1cccc(-c2cccc(F)c2F)c1)Nc1cccc(-c2cccc(-c3nc4cc(F)ccc4[nH]3)c2F)c1,-10.001606425702812,3.128615257744718,52_675
O=C(Nc1cccc(-c2cccc(F)c2F)c1)Nc1cccc(-c2cccc(-c3nc4cc(F)ccc4[nH]3)c2F)c1,-10.001606425702812,3.128615257744718,52_676
O=C(Nc1cccc(-c2cccc(-c3nc4ccccc4[nH]3)c2)c1)Nc1cccc(-c2cccc(F)c2F)c1,-9.930854605993341,3.218592063451191,52_677
O=C(Nc1cccc(-c2cccc(F)c2F)c1)Nc1cccc(-c2cccc(-c3nc4cc(F)ccc4[nH]3)c2F)c1,-10.001606425702812,3.128615257744718,52_678
Cn1c(-c2cccc(-c3cccc(NC(=O)Nc4cccc(-c5cccc(F)c5F)c4)c3)c2)nc2ccccc21,-9.886847195357834,3.216920496534968,52_679
O=C(Nc1cccc(-c2cccc(-c3nc4cc(F)ccc4[nH]3)c2)c1)Nc1cccc(-c2cccc(F)c2F)c1,-9.61225806451613,3.1875244530828533,52_680
O=C(Nc1cccc(-c2cccc(F)c2F)c1)Nc1cccc(-c2cccc(-c3nc4cc(F)ccc4[nH]3)c2F)c1,-10.001606425702812,3.128615257744718,52_681
O=C(Nc1cccc(-c2cccc(-c3nc4ccccc4[nH]3)c2)c1)Nc1cccc(-c2cccc(F)c2F)c1,-9.930854605993341,3.218592063451191,52_682
O=C(Nc1cccc(-c2cccc(-c3nc4ccccc4[nH]3)c2)c1)Nc1cccc(-c2cccc(F)c2F)c1,-9.930854605993341,3.218592063451191,52_683
O=C(Nc1cccc(-c2cccc(F)c2F)c1)Nc1cccc(-c2cccc(-c3nc4cc(F)ccc4[nH]3)c2F)c1,-10.001606425702812,3.128615257744718,52_684
O=C(Nc1cccc(-c2cccc(-c3nc4ccccc4[nH]3)c2)c1)Nc1cccc(-c2cccc(F)c2F)c1,-9.930854605993341,3.218592063451191,52_685
O=C(Nc1cccc(-c2cccc(-c3nc4ccccc4[nH]3)c2)c1)Nc1cccc(-c2cccc(F)c2F)c1,-9.930854605993341,3.218592063451191,52_686
O=C(Nc1cccc(-c2cccc(-c3nc4cc(F)ccc4[nH]3)c2)c1)Nc1cccc(-c2cccc(F)c2F)c1,-9.61225806451613,3.1875244530828533,52_687
O=C(Nc1cccc(-c2cccc(-c3nc4ccccc4[nH]3)c2)c1)Nc1cccc(-c2cccc(F)c2F)c1,-9.930854605993341,3.218592063451191,52_688
O=C(Nc1cccc(-c2cccc(-c3nc4ccccc4[nH]3)c2)c1)Nc1cccc(-c2cccc(F)c2F)c1,-9.930854605993341,3.218592063451191,52_689
Cn1c(-c2cccc(-c3cccc(NC(=O)Nc4cccc(-c5cccc(F)c5F)c4)c3)c2)nc2ccccc21,-9.886847195357834,3.216920496534968,52_690
O=C(Nc1cccc(-c2cccc(-c3nc4ccccc4[nH]3)c2)c1)Nc1cccc(-c2cccc(F)c2F)c1,-9.930854605993341,3.218592063451191,52_691
O=C(Nc1cccc(-c2cccc(-c3nc4ccccc4[nH]3)c2)c1)Nc1cccc(-c2cccc(F)c2F)c1,-9.930854605993341,3.218592063451191,52_692
O=C(Nc1cccc(-c2cccc(-c3nc4ccccc4[nH]3)c2)c1)Nc1cccc(-c2cccc(F)c2F)c1,-9.930854605993341,3.218592063451191,52_693
O=C(Nc1cccc(-c2cccc(-c3nc4ccccc4[nH]3)c2)c1)Nc1cccc(-c2cccc(F)c2F)c1,-9.930854605993341,3.218592063451191,52_694
O=C(Nc1cccc(-c2cccc(-c3nc4ccccc4[nH]3)c2)c1)Nc1cccc(-c2cccc(F)c2F)c1,-9.930854605993341,3.218592063451191,52_695
Cn1c(-c2cccc(-c3cccc(NC(=O)Nc4cccc(-c5cccc(F)c5F)c4)c3)c2)nc2ccccc21,-9.886847195357834,3.216920496534968,52_696
O=C(Nc1cccc(-c2cccc(-c3nc4ccccc4[nH]3)c2)c1)Nc1cccc(-c2cccc(F)c2F)c1,-9.930854605993341,3.218592063451191,52_697
Cn1c(-c2cccc(-c3cccc(NC(=O)Nc4cccc(-c5cccc(F)c5F)c4)c3)c2)nc2ccccc21,-9.886847195357834,3.216920496534968,52_698
O=C(Nc1cccc(-c2cccc(F)c2F)c1)Nc1cccc(-c2cccc(-c3nc4cc(F)ccc4[nH]3)c2F)c1,-10.001606425702812,3.128615257744718,52_699
O=C(Nc1cccc(-c2cccc(-c3nc4ccccc4[nH]3)c2)c1)Nc1cccc(-c2cccc(F)c2F)c1,-9.930854605993341,3.218592063451191,52_700
Cn1c(-c2cccc(-c3cccc(NC(=O)Nc4cccc(-c5cccc(F)c5F)c4)c3)c2)nc2ccccc21,-9.886847195357834,3.216920496534968,52_701
O=C(Nc1cccc(-c2cccc(-c3nc4ccccc4[nH]3)c2)c1)Nc1cccc(-c2cccc(F)c2F)c1,-9.930854605993341,3.218592063451191,52_702
Cn1c(-c2cccc(-c3cccc(NC(=O)Nc4cccc(-c5cccc(-c6cccc(F)c6)c5)c4)c3)c2)nc2ccccc21,-9.841666666666667,3.0539916384657317,52_703
O=C(Nc1cccc(-c2cccc(-c3nc4ccccc4[nH]3)c2)c1)Nc1cccc(-c2cccc(F)c2F)c1,-9.930854605993341,3.218592063451191,52_704
O=C(Nc1cccc(-c2cccc(-c3nc4ccccc4[nH]3)c2)c1)Nc1cccc(-c2cccc(F)c2F)c1,-9.930854605993341,3.218592063451191,52_705
O=C(Nc1cccc(-c2cccc(F)c2F)c1)Nc1cccc(-c2cccc(-c3nc4cc(F)ccc4[nH]3)c2F)c1,-10.001606425702812,3.128615257744718,52_706
Cn1c(-c2cccc(-c3cccc(NC(=O)Nc4cccc(-c5cccc(F)c5F)c4)c3)c2)nc2ccccc21,-9.886847195357834,3.216920496534968,52_707
Cn1c(-c2cccc(-c3cccc(NC(=O)Nc4cccc(-c5cccc(F)c5F)c4)c3)c2)nc2ccccc21,-9.886847195357834,3.216920496534968,52_708
O=C(Nc1cccc(-c2cccc(-c3nc4ccccc4[nH]3)c2)c1)Nc1cccc(-c2cccc(F)c2F)c1,-9.930854605993341,3.218592063451191,52_709
O=C(Nc1cccc(-c2cccc(-c3nc4ccccc4[nH]3)c2)c1)Nc1cccc(-c2cccc(F)c2F)c1,-9.930854605993341,3.218592063451191,52_710
O=C(Nc1cccc(-c2cccc(-c3nc4cc(F)ccc4[nH]3)c2)c1)Nc1cccc(-c2cccc(F)c2F)c1,-9.61225806451613,3.1875244530828533,52_711
Cn1c(-c2cccc(-c3cccc(NC(=O)Nc4cccc(-c5cccc(-c6cccc(F)c6)c5)c4)c3)c2)nc2ccccc21,-9.841666666666667,3.0539916384657317,52_712
O=C(Nc1cccc(-c2cccc(-c3nc4ccccc4[nH]3)c2)c1)Nc1cccc(-c2cccc(F)c2F)c1,-9.930854605993341,3.218592063451191,52_713
Cn1c(-c2cccc(-c3cccc(NC(=O)Nc4cccc(-c5cccc(F)c5F)c4)c3)c2)nc2ccccc21,-9.886847195357834,3.216920496534968,52_714
O=C(Nc1cccc(-c2cccc(-c3nc4ccccc4[nH]3)c2)c1)Nc1cccc(-c2cccc(F)c2F)c1,-9.930854605993341,3.218592063451191,52_715
Cn1c(-c2cccc(-c3cccc(NC(=O)Nc4cccc(-c5cccc(C(=O)N6CCOCC6)c5)c4)c3)c2)nc2ccccc21,-9.365625000000001,3.2756851861708367,52_716
O=C(Nc1cccc(-c2cccc(-c3nc4ccccc4[nH]3)c2)c1)Nc1cccc(-c2cccc(F)c2F)c1,-9.930854605993341,3.218592063451191,52_717
O=C(Nc1cccc(-c2cccc(F)c2F)c1)Nc1nc2ccccc2nc1Nc1cccc(-c2cccc(F)c2)c1,-9.3,3.2246101697280194,52_718
O=C(Nc1cccc(-c2cccc(-c3cccc(-c4nn[nH]n4)c3)c2)c1)Nc1cccc(-c2cccc(F)c2F)c1,-9.847368421052632,3.286971097546113,52_719
O=C(Nc1cccc(-c2cccc(F)c2F)c1)Nc1cccc(-c2cccc(-c3nc4cc(F)ccc4[nH]3)c2F)c1,-10.001606425702812,3.128615257744718,52_720
O=C(Nc1cccc(-c2cccc(-c3nc4ccccc4[nH]3)c2)c1)Nc1cccc(-c2cccc(F)c2F)c1,-9.930854605993341,3.218592063451191,52_721
Cn1c(-c2cccc(-c3cccc(NC(=O)Nc4cccc(-c5cccc(F)c5F)c4)c3)c2)nc2ccccc21,-9.886847195357834,3.216920496534968,52_722
O=C(Nc1cccc(-c2cccc(F)c2F)c1)Nc1cccc(-c2cccc(-c3nc4cc(F)ccc4[nH]3)c2F)c1,-10.001606425702812,3.128615257744718,52_723
O=C(Nc1cccc(-c2cccc(-c3nc4ccncc4[nH]3)c2)c1)Nc1cccc(-c2cccc(F)c2F)c1,-10.5,3.3051748077707623,52_724
O=C(Nc1cccc(-c2cccc(-c3nc4ccccc4[nH]3)c2)c1)Nc1cccc(-c2cccc(F)c2F)c1,-9.930854605993341,3.218592063451191,52_725
O=C(Nc1cccc(-c2cccc(F)c2F)c1)Nc1cccc(-c2cccc(-c3nc4cc(F)ccc4[nH]3)c2F)c1,-10.001606425702812,3.128615257744718,52_726
O=C(Nc1cccc(-c2cccc(-c3nc4ccccc4[nH]3)c2)c1)Nc1cccc(-c2cccc(F)c2F)c1,-9.930854605993341,3.218592063451191,52_727
O=C(Nc1cccc(-c2cccc(-c3nc4ccccc4[nH]3)c2)c1)Nc1cccc(-c2cccc(F)c2F)c1,-9.930854605993341,3.218592063451191,52_728
O=C(Nc1cccc(-c2cccc(-c3nc4ccccc4[nH]3)c2)c1)Nc1cccc(-c2cccc(F)c2F)c1,-9.930854605993341,3.218592063451191,52_729
O=C(Nc1cccc(-c2cccc(-c3nc4ccccc4[nH]3)c2)c1)Nc1cccc(-c2cccc(F)c2F)c1,-9.930854605993341,3.218592063451191,52_730
O=C(Nc1cccc(-c2cccc(-c3nc4cc(F)ccc4[nH]3)c2)c1)Nc1cccc(-c2cccc(F)c2F)c1,-9.61225806451613,3.1875244530828533,52_731
Cn1c(-c2cccc(-c3cccc(NC(=O)Nc4ccc5c(c4)OCO5)c3)c2)nc2ccccc21,-10.4,3.4698390720372556,52_732
O=C(Nc1cccc(-c2cccc(-c3nc4ccccc4[nH]3)c2)c1)Nc1cccc(-c2cccc(F)c2F)c1,-9.930854605993341,3.218592063451191,52_733
O=C(Nc1cccc(-c2cccc(-c3nc4ccccc4[nH]3)c2)c1)Nc1cccc(-c2cccc(F)c2F)c1,-9.930854605993341,3.218592063451191,52_734
O=C(Nc1cccc(-c2cccc(-c3nc4ccccc4[nH]3)c2)c1)Nc1cccc(-c2cccc(F)c2F)c1,-9.930854605993341,3.218592063451191,52_735
O=C(Nc1cccc(-c2cccc(-c3nc4ccccc4[nH]3)c2)c1)Nc1cccc(-c2cccc(F)c2F)c1,-9.930854605993341,3.218592063451191,52_736
Cn1c(-c2cccc(-c3cccc(NC(=O)Nc4cccc(-c5cccc(-c6cccc(F)c6)c5)c4)c3)c2)nc2ccccc21,-9.841666666666667,3.0539916384657317,52_737
O=C(Nc1cccc(-c2cccc(-c3nc4cc(F)ccc4[nH]3)c2)c1)Nc1cccc(-c2cccc(F)c2F)c1,-9.61225806451613,3.1875244530828533,52_738
O=C(Nc1cccc(-c2cccc(-c3nc4ccccc4[nH]3)c2)c1)Nc1cccc(-c2cccc(F)c2F)c1,-9.930854605993341,3.218592063451191,52_739
O=C(Nc1cccc(-c2cccc(F)c2F)c1)Nc1cccc(-c2cccc(-c3nc4cc(F)ccc4[nH]3)c2F)c1,-10.001606425702812,3.128615257744718,52_740
Cn1c(-c2cccc(-c3cccc(NC(=O)Nc4cccc(-c5cccc(F)c5F)c4)c3)c2)nc2ccccc21,-9.886847195357834,3.216920496534968,52_741
Cn1c(-c2cccc(-c3cccc(NC(=O)Nc4cccc(-c5cccc(F)c5F)c4)c3)c2)nc2ccccc21,-9.886847195357834,3.216920496534968,52_742
Cn1c(-c2cccc(-c3cccc(NC(=O)Nc4cccc(-c5cccc(F)c5F)c4)c3)c2)nc2ccccc21,-9.886847195357834,3.216920496534968,52_743
Cn1c(-c2cccc(-c3cccc(NC(=O)Nc4cccc(-c5cccc(F)c5F)c4)c3)c2)nc2ccccc21,-9.886847195357834,3.216920496534968,52_744
Cn1c(-c2cccc(-c3cccc(NC(=O)Nc4cccc(-c5cccc(F)c5F)c4)c3)c2)nc2ccccc21,-9.886847195357834,3.216920496534968,52_745
O=C(Nc1cccc(-c2cccc(-c3nc4ccccc4[nH]3)c2)c1)Nc1cccc(-c2cccc(F)c2F)c1,-9.930854605993341,3.218592063451191,52_746
O=C(Nc1cccc(-c2cccc(F)c2F)c1)Nc1cccc(-c2cccc(-c3nc4cc(F)ccc4[nH]3)c2F)c1,-10.001606425702812,3.128615257744718,52_747
O=C(Nc1cccc(-c2cccc(-c3nc4ccccc4[nH]3)c2)c1)Nc1cccc(-c2cccc(F)c2F)c1,-9.930854605993341,3.218592063451191,52_748
O=C(N=CC1=CC(c2cccc(-c3nc4cc(F)ccc4[nH]3)c2)C=C1)Nc1cccc(-c2cccc(F)c2F)c1,-8.3,3.125246576078247,52_749
O=C(Nc1cccc(-c2cccc(-c3nc4ccccc4[nH]3)c2)c1)Nc1cccc(-c2cccc(F)c2F)c1,-9.930854605993341,3.218592063451191,52_750
Cn1c(-c2cccc(-c3cccc(NC(=O)Nc4cccc(-c5cccc(F)c5F)c4)c3)c2)nc2ccccc21,-9.886847195357834,3.216920496534968,52_751
Cn1c(-c2cccc(-c3cccc(NC(=O)Nc4cccc(-c5cccc(F)c5F)c4)c3)c2)nc2ccccc21,-9.886847195357834,3.216920496534968,52_752
Cn1c(-c2cccc(-c3cccc(NC(=O)Nc4cccc(-c5cccc(F)c5F)c4)c3)c2)nc2ccccc21,-9.886847195357834,3.216920496534968,52_753
Cn1c(-c2cccc(-c3cccc(NC(=O)Nc4cccc(-c5cccc(F)c5F)c4)c3)c2)nc2ccccc21,-9.886847195357834,3.216920496534968,52_754
Cn1c(-c2cccc(-c3cccc(NC(=O)Nc4cccc(-c5cccc(F)c5F)c4)c3)c2)nc2ccccc21,-9.886847195357834,3.216920496534968,52_755
O=C(Nc1cccc(-c2cccc(-c3nc4ccccc4[nH]3)c2)c1)Nc1cccc(-c2cccc(F)c2F)c1,-9.930854605993341,3.218592063451191,52_756
O=C(Nc1cccc(-c2cccc(-c3nc4ccccc4[nH]3)c2)c1)Nc1cccc(-c2cccc(F)c2F)c1,-9.930854605993341,3.218592063451191,52_757
O=C(Nc1cccc(-c2cccc(-c3nc4ccccc4[nH]3)c2)c1)Nc1cccc(-c2cccc(F)c2F)c1,-9.930854605993341,3.218592063451191,52_758
O=C(Nc1cccc(-c2cccc(-c3nc4ccccc4[nH]3)c2)c1)Nc1cccc(-c2cccc(F)c2F)c1,-9.930854605993341,3.218592063451191,52_759
O=C(Nc1cccc(-c2cccc(-c3nc4ccccc4[nH]3)c2)c1)Nc1cccc(-c2cccc(F)c2F)c1,-9.930854605993341,3.218592063451191,52_760
O=C(Nc1cccc(-c2cccc(F)c2F)c1)Nc1cccc(-c2cccc(-c3nc4cc(F)ccc4[nH]3)c2F)c1,-10.001606425702812,3.128615257744718,52_761
O=C(Nc1cccc(-c2cccc(-c3nc4ccccc4[nH]3)c2)c1)Nc1cccc(-c2cccc(F)c2F)c1,-9.930854605993341,3.218592063451191,52_762
O=C(Nc1cccc(-c2cccc(-c3nc4ccccc4[nH]3)c2)c1)Nc1cccc(-c2cccc(F)c2F)c1,-9.930854605993341,3.218592063451191,52_763
O=C(C=C1C=CC(c2cccc(-c3cccc(-c4cccc(-c5nn[nH]n5)c4)c3F)c2)N=C1)Nc1ccccn1,-9.3,3.2444833593002915,52_764
O=C(Nc1cccc(-c2cccc(-c3cccc(-c4nn[nH]n4)c3)c2)c1)Nc1cccc(-c2cccc(F)c2F)c1,-9.847368421052632,3.286971097546113,52_765
Cn1c(-c2cccc(-c3cccc(NC(=O)Nc4cccc(-c5cccc(F)c5F)c4)c3)c2)nc2ccccc21,-9.886847195357834,3.216920496534968,52_766
Cn1c(-c2cccc(-c3cccc(NC(=O)Nc4cccc(-c5cccc(F)c5F)c4)c3)c2)nc2ccccc21,-9.886847195357834,3.216920496534968,52_767
Cn1c(-c2cccc(-c3cccc(NC(=O)Nc4cccc(-c5cccc(F)c5F)c4)c3)c2)nc2ccccc21,-9.886847195357834,3.216920496534968,52_768
O=C(Nc1cccc(-c2cccc(-c3nc4ccccc4[nH]3)c2)c1)Nc1cccc(-c2cccc(F)c2F)c1,-9.930854605993341,3.218592063451191,52_769
Cn1c(-c2cccc(-c3cccc(NC(=O)Nc4cccc(-c5cccc(F)c5F)c4)c3)c2)nc2ccccc21,-9.886847195357834,3.216920496534968,52_770
O=C(Nc1cccc(-c2cccc(F)c2F)c1)Nc1cccc(-c2cccc(-c3nc4cc(F)ccc4[nH]3)c2F)c1,-10.001606425702812,3.128615257744718,52_771
O=C(Nc1cccc(-c2cccc(-c3nc4ccccc4[nH]3)c2)c1)Nc1cccc(-c2cccc(F)c2F)c1,-9.930854605993341,3.218592063451191,52_772
Cn1c(-c2cccc(-c3cccc(NC(=O)Nc4cccc(-c5cccc(F)c5F)c4)c3)c2)nc2ccccc21,-9.886847195357834,3.216920496534968,52_773
O=C(Nc1cccc(-c2cccc(-c3nc4ccccc4[nH]3)c2)c1)Nc1cccc(-c2cccc(F)c2F)c1,-9.930854605993341,3.218592063451191,52_774
O=C(Nc1cccc(-c2cccc(-c3nc4ccccc4[nH]3)c2)c1)Nc1cccc(-c2cccc(F)c2F)c1,-9.930854605993341,3.218592063451191,52_775
O=C(Nc1cccc(-c2cccc(F)c2F)c1)Nc1cccc(-c2cccc(-c3nc4cc(F)ccc4[nH]3)c2F)c1,-10.001606425702812,3.128615257744718,52_776
O=C(Nc1cccc(-c2cccc(-c3nc4cc(F)ccc4[nH]3)c2)c1)Nc1cccc(-c2cccc(F)c2F)c1,-9.61225806451613,3.1875244530828533,52_777
O=C(Nc1cccc(-c2cccc(F)c2F)c1)Nc1cccc(-c2cccc(-c3nc4cc(F)ccc4[nH]3)c2F)c1,-10.001606425702812,3.128615257744718,52_778
Cn1c(-c2cccc(-c3cccc(NC(=O)Nc4cccc(-c5cccc(F)c5F)c4)c3)c2)nc2ccccc21,-9.886847195357834,3.216920496534968,52_779
Cn1c(-c2cccc(-c3cccc(NC(=O)Nc4cccc(-c5cccc(F)c5F)c4)c3)c2)nc2ccccc21,-9.886847195357834,3.216920496534968,52_780
O=C(Nc1cccc(-c2cccc(-c3nc4ccccc4[nH]3)c2)c1)Nc1cccc(-c2cccc(F)c2F)c1,-9.930854605993341,3.218592063451191,52_781
O=C(Nc1cccc(-c2cccc(-c3cccc(-c4cccc(F)c4)c3)c2)c1)N1CCNCC1,-9.433333333333334,3.470002651546907,52_782
O=C(Nc1cccc(-c2cccc(-c3nc4ccccc4[nH]3)c2)c1)Nc1cccc(-c2cccc(F)c2F)c1,-9.930854605993341,3.218592063451191,52_783
O=C(Nc1cccc(-c2cccc(-c3nc4ccccc4[nH]3)c2)c1)Nc1cccc(-c2cccc(F)c2F)c1,-9.930854605993341,3.218592063451191,52_784
O=C(Nc1cccc(-c2cccc(-c3nc4ccccc4[nH]3)c2)c1)Nc1cccc(-c2cccc(F)c2F)c1,-9.930854605993341,3.218592063451191,52_785
O=C(Nc1cccc(-c2cccc(F)c2F)c1)Nc1cccc(-c2cccc(-c3nc4cc(F)ccc4[nH]3)c2F)c1,-10.001606425702812,3.128615257744718,52_786
Cn1c(-c2cccc(-c3cccc(NC(=O)Nc4cccc(-c5cccc(C(=O)N6CCOCC6)c5)c4)c3)c2)nc2ccccc21,-9.365625000000001,3.2756851861708367,52_787
O=C(Nc1cccc(-c2cccc(-c3nc4ccccc4[nH]3)c2)c1)Nc1cccc(-c2cccc(F)c2F)c1,-9.930854605993341,3.218592063451191,52_788
O=C(Nc1cccc(-c2cccc(-c3nc4cc(F)ccc4[nH]3)c2)c1)Nc1cccc(-c2cccc(F)c2F)c1,-9.61225806451613,3.1875244530828533,52_789
O=C(Nc1cccc(-c2cccc(F)c2F)c1)Nc1cccc(-c2cccc(-c3nc4cc(F)ccc4[nH]3)c2F)c1,-10.001606425702812,3.128615257744718,52_790
O=C(Nc1cccc(-c2cccc(-c3nc4cc(F)ccc4[nH]3)c2)c1)Nc1cccc(-c2cccc(F)c2F)c1,-9.61225806451613,3.1875244530828533,52_791
O=C(Nc1cccc(-c2cccc(F)c2F)c1)Nc1cccc(-c2cccc(-c3nc4cc(F)ccc4[nH]3)c2F)c1,-10.001606425702812,3.128615257744718,52_792
O=C(Nc1cccc(-c2cccc(-c3nc4ccccc4[nH]3)c2)c1)Nc1cccc(-c2cccc(F)c2F)c1,-9.930854605993341,3.218592063451191,52_793
O=C(Nc1cccc(-c2cccc(-c3nc4ccccc4[nH]3)c2)c1)Nc1cccc(-c2cccc(F)c2F)c1,-9.930854605993341,3.218592063451191,52_794
O=C(Nc1cccc(-c2cccc(-c3nc4ccccc4[nH]3)c2)c1)Nc1cccc(-c2cccc(F)c2F)c1,-9.930854605993341,3.218592063451191,52_795
Cn1c(-c2cccc(-c3cccc(NC(=O)Nc4cccc(-c5cccc(C(=O)N6CCOCC6)c5)c4)c3)c2)nc2ccccc21,-9.365625000000001,3.2756851861708367,52_796
O=C(Nc1cccc(-c2cccc(-c3nc4ccccc4[nH]3)c2)c1)Nc1cccc(-c2cccc(F)c2F)c1,-9.930854605993341,3.218592063451191,52_797
Cn1c(-c2cccc(-c3cccc(Nc4nc5ccccc5nc4N4C(=O)c5ccccc5C4=O)c3)c2)nc2ccccc21,-10.7,3.1762869744953055,52_798
O=C(Nc1cccc(-c2cccc(-c3nc4ccccc4[nH]3)c2)c1)Nc1cccc(-c2cccc(F)c2F)c1,-9.930854605993341,3.218592063451191,52_799
O=C(Nc1cccc(-c2cccc(-c3nc4ccccc4[nH]3)c2)c1)Nc1cccc(-c2cccc(F)c2F)c1,-9.930854605993341,3.218592063451191,52_800
O=C(Nc1cccc(-c2cccc(-c3nc4ccccc4[nH]3)c2)c1)Nc1cccc(-c2cccc(F)c2F)c1,-9.930854605993341,3.218592063451191,52_801
O=C(Nc1cccc(-c2cccc(-c3nc4ccccc4[nH]3)c2)c1)Nc1cccc(-c2cccc(F)c2F)c1,-9.930854605993341,3.218592063451191,52_802
Cn1c(-c2cccc(-c3cccc(NC(=O)Nc4cccc(-c5cccc(F)c5F)c4)c3)c2)nc2ccccc21,-9.886847195357834,3.216920496534968,52_803
O=C(Nc1cccc(-c2cccc(-c3nc4ccccc4[nH]3)c2)c1)Nc1cccc(-c2cccc(F)c2F)c1,-9.930854605993341,3.218592063451191,52_804
Cn1c(-c2cccc(-c3cccc(NC(=O)Nc4cccc(-c5cccc(F)c5F)c4)c3)c2)nc2ccccc21,-9.886847195357834,3.216920496534968,52_805
O=C(Nc1cccc(-c2cccc(-c3nc4ccccc4[nH]3)c2)c1)Nc1cccc(-c2cccc(F)c2F)c1,-9.930854605993341,3.218592063451191,52_806
O=C(Nc1cccc(-c2cccc(-c3nc4ccccc4[nH]3)c2)c1)Nc1cccc(-c2cccc(F)c2F)c1,-9.930854605993341,3.218592063451191,52_807
O=C(Nc1cccc(-c2cccc(-c3nc4ccccc4[nH]3)c2)c1)Nc1cccc(-c2cccc(F)c2F)c1,-9.930854605993341,3.218592063451191,52_808
Cn1c(-c2cccc(-c3cccc(NC(=O)Nc4cccc(-c5cccc(C(=O)N6CCOCC6)c5)c4)c3)c2)nc2ccccc21,-9.365625000000001,3.2756851861708367,52_809
O=C(Nc1cccc(-c2cccc(-c3nc4cc(F)ccc4[nH]3)c2)c1)Nc1cccc(-c2cccc(F)c2F)c1,-9.61225806451613,3.1875244530828533,52_810
O=C(Nc1cccc(-c2cccc(-c3nc4ccccc4[nH]3)c2)c1)Nc1cccc(-c2cccc(F)c2F)c1,-9.930854605993341,3.218592063451191,52_811
O=C(Nc1cccc(-c2cccc(-c3nc4cc(F)ccc4[nH]3)c2)c1)Nc1cccc(-c2cccc(F)c2F)c1,-9.61225806451613,3.1875244530828533,52_812
O=C(Nc1cccc(-c2cccc(-c3nc4ccccc4[nH]3)c2)c1)Nc1cccc(-c2cccc(F)c2F)c1,-9.930854605993341,3.218592063451191,52_813
Cn1c(-c2cccc(-c3cccc(NC(=O)Nc4cccc(-c5cccc(F)c5F)c4)c3)c2)nc2ccccc21,-9.886847195357834,3.216920496534968,52_814
O=C(Nc1cccc(-c2cccc(-c3nc4ccccc4[nH]3)c2)c1)Nc1cccc(-c2cccc(F)c2F)c1,-9.930854605993341,3.218592063451191,52_815
O=C(Nc1cccc(-c2cccc(-c3cccc(-c4nn[nH]n4)c3)c2)c1)Nc1cccc(-c2cccc(F)c2F)c1,-9.847368421052632,3.286971097546113,52_816
O=C(Nc1cccc(-c2cccc(-c3nc4ccccc4[nH]3)c2)c1)Nc1cccc(-c2cccc(F)c2F)c1,-9.930854605993341,3.218592063451191,52_817
O=C(Nc1cccc(-c2cccc(-c3nc4ccccc4[nH]3)c2)c1)Nc1cccc(-c2cccc(F)c2F)c1,-9.930854605993341,3.218592063451191,52_818
O=C(Nc1cccc(-c2cccc(F)c2F)c1)Nc1cccc(-c2cccc(-c3cccc(-c4nn[nH]n4)c3)c2F)c1,-9.875000000000002,3.244951037107577,52_819
O=C(Nc1cccc(-c2cccc(-c3nc4ccccc4[nH]3)c2)c1)Nc1cccc(-c2cccc(F)c2F)c1,-9.930854605993341,3.218592063451191,52_820
O=C(Nc1cccc(-c2cccc(-c3nc4ccccc4[nH]3)c2)c1)Nc1cccc(-c2cccc(F)c2F)c1,-9.930854605993341,3.218592063451191,52_821
Cn1c(-c2cccc(-c3cccc(NC(=O)Nc4cccc(-c5cccc(F)c5F)c4)c3)c2)nc2ccccc21,-9.886847195357834,3.216920496534968,52_822
O=C(Nc1cccc(-c2cccc(-c3nc4ccccc4[nH]3)c2)c1)Nc1cccc(-c2cccc(F)c2F)c1,-9.930854605993341,3.218592063451191,52_823
O=C(Nc1cccc(-c2cccc(F)c2F)c1)Nc1cccc(-c2cccc(-c3nc4cc(F)ccc4[nH]3)c2F)c1,-10.001606425702812,3.128615257744718,52_824
O=C(Nc1cccc(-c2cccc(F)c2F)c1)Nc1cccc(-c2cccc(-c3nc4cc(F)ccc4[nH]3)c2F)c1,-10.001606425702812,3.128615257744718,52_825
Cn1c(-c2cccc(-c3cccc(NC(=O)Nc4cccc(-c5cccc(F)c5F)c4)c3)c2)nc2ccccc21,-9.886847195357834,3.216920496534968,52_826
Cn1c(-c2cccc(-c3cccc(NC(=O)Nc4cccc(-c5cccc(F)c5F)c4)c3)c2)nc2ccccc21,-9.886847195357834,3.216920496534968,52_827
O=C(Nc1cccc(-c2cccc(F)c2F)c1)Nc1cccc(-c2cccc(-c3cccc(-c4nn[nH]n4)c3)c2F)c1,-9.875000000000002,3.244951037107577,52_828
O=C(Nc1cccc(-c2cccc(F)c2F)c1)Nc1cccc(-c2cccc(-c3nc4cc(F)ccc4[nH]3)c2F)c1,-10.001606425702812,3.128615257744718,52_829
O=C(Nc1cccc(-c2cccc(-c3nc4ccccc4[nH]3)c2)c1)Nc1cccc(-c2cccc(F)c2F)c1,-9.930854605993341,3.218592063451191,52_830
O=C(Nc1cccc(-c2cccc(-c3nc4cc(F)ccc4[nH]3)c2)c1)Nc1cccc(-c2cccc(F)c2F)c1,-9.61225806451613,3.1875244530828533,52_831
N=C(N)Nc1ccc(C(=O)Nc2cccc(-c3cccc(-c4cccc(-c5nn[nH]n5)c4)c3)c2)cc1,-8.9,3.122784920197593,52_832
O=C(Nc1cccc(-c2cccc(-c3cccc(-c4nn[nH]n4)c3)c2)c1)Nc1cccc(-c2cccc(F)c2F)c1,-9.847368421052632,3.286971097546113,52_833
O=C(Nc1cccc(-c2cccc(-c3nc4ccccc4[nH]3)c2)c1)Nc1cccc(-c2cccc(F)c2F)c1,-9.930854605993341,3.218592063451191,52_834
O=C(Nc1cccc(-c2cccc(-c3nc4ccccc4[nH]3)c2)c1)Nc1cccc(-c2cccc(F)c2F)c1,-9.930854605993341,3.218592063451191,52_835
Cn1c(-c2cccc(-c3cccc(NC(=O)Nc4cccc(-c5cccc(F)c5F)c4)c3)c2)nc2ccccc21,-9.886847195357834,3.216920496534968,52_836
O=C(Nc1cccc(-c2cccc(-c3nc4ccccc4[nH]3)c2)c1)Nc1cccc(-c2cccc(F)c2F)c1,-9.930854605993341,3.218592063451191,52_837
O=C(Nc1cccc(-c2cccc(-c3nc4ccccc4[nH]3)c2)c1)Nc1cccc(-c2cccc(F)c2F)c1,-9.930854605993341,3.218592063451191,52_838
Cn1c(-c2cccc(-c3cccc(NC(=O)Nc4cccc(-c5cccc(F)c5F)c4)c3)c2)nc2ccccc21,-9.886847195357834,3.216920496534968,52_839
O=C(Nc1cccc(-c2cccc(-c3nc4ccccc4[nH]3)c2)c1)Nc1cccc(-c2cccc(F)c2F)c1,-9.930854605993341,3.218592063451191,52_840
O=C(Nc1cccc(-c2cccc(F)c2F)c1)Nc1cccc(-c2cccc(-c3nc4cc(F)ccc4[nH]3)c2F)c1,-10.001606425702812,3.128615257744718,52_841
Cn1c(-c2cccc(-c3cccc(NC(=O)Nc4cccc(-c5cccc(F)c5F)c4)c3)c2)nc2ccccc21,-9.886847195357834,3.216920496534968,52_842
O=C(Nc1cccc(-c2cccc(-c3nc4ccccc4[nH]3)c2)c1)Nc1cccc(-c2cccc(F)c2F)c1,-9.930854605993341,3.218592063451191,52_843
Cn1c(-c2cccc(-c3cccc(NC(=O)Nc4cccc(-c5cccc(C(=O)N6CCOCC6)c5)c4)c3)c2)nc2ccccc21,-9.365625000000001,3.2756851861708367,52_844
O=C(Nc1cccc(-c2cccc(-c3nc4ccccc4[nH]3)c2)c1)Nc1cccc(-c2cccc(F)c2F)c1,-9.930854605993341,3.218592063451191,52_845
Cn1c(-c2cccc(-c3cccc(NC(=O)Nc4cccc(-c5cccc(F)c5F)c4)c3)c2)nc2ccccc21,-9.886847195357834,3.216920496534968,52_846
O=C(Nc1cccc(-c2cccc(-c3nc4ccccc4[nH]3)c2)c1)Nc1cccc(-c2cccc(F)c2F)c1,-9.930854605993341,3.218592063451191,52_847
Cn1c(-c2cccc(-c3cccc(NC(=O)Nc4cccc(-c5cccc(F)c5F)c4)c3)c2)nc2ccccc21,-9.886847195357834,3.216920496534968,52_848
O=C(Nc1cccc(-c2cccc(F)c2F)c1)Nc1cccc(-c2cccc(-c3cccc(-c4nn[nH]n4)c3)c2F)c1,-9.875000000000002,3.244951037107577,52_849
O=C(Nc1cccc(-c2cccc(-c3nc4ccccc4[nH]3)c2)c1)Nc1cccc(-c2cccc(F)c2F)c1,-9.930854605993341,3.218592063451191,52_850
O=C(Nc1cccc(-c2cccc(-c3cccc(-c4nn[nH]n4)c3)c2)c1)Nc1cccc(-c2cccc(F)c2F)c1,-9.847368421052632,3.286971097546113,52_851
O=C(Nc1cccc(-c2cccc(-c3ccc4c(c3)OCO4)c2)c1)C(=O)Nc1ccc2c(c1)OCCO2,-8.4,3.4483439621799326,52_852
O=C(Nc1cccc(-c2cccc(-c3nc4ccccc4[nH]3)c2)c1)Nc1cccc(-c2cccc(F)c2F)c1,-9.930854605993341,3.218592063451191,52_853
O=C(Nc1cccc(-c2cccc(-c3nc4ccccc4[nH]3)c2)c1)Nc1cccc(-c2cccc(F)c2F)c1,-9.930854605993341,3.218592063451191,52_854
O=C(Nc1cccc(-c2cccc(F)c2F)c1)Nc1cccc(-c2cccc(-c3nc4cc(F)ccc4[nH]3)c2F)c1,-10.001606425702812,3.128615257744718,52_855
O=C(Nc1cccc(-c2cccc(-c3nc4ccccc4[nH]3)c2)c1)Nc1cccc(-c2cccc(F)c2F)c1,-9.930854605993341,3.218592063451191,52_856
Cn1c(-c2cccc(-c3cccc(NC(=O)Nc4cccc(-c5cccc(C(=O)N6CCOCC6)c5)c4)c3)c2)nc2ccccc21,-9.365625000000001,3.2756851861708367,52_857
Cn1c(-c2cccc(-c3cccc(NC(=O)Nc4cccc(-c5cccc(F)c5F)c4)c3)c2)nc2ccccc21,-9.886847195357834,3.216920496534968,52_858
Cn1c(-c2cccc(-c3cccc(NC(=O)Nc4cccc(-c5cccc(F)c5F)c4)c3)c2)nc2ccccc21,-9.886847195357834,3.216920496534968,52_859
O=C(Nc1cccc(-c2cccc(F)c2F)c1)Nc1cccc(-c2cccc(-c3nc4cc(F)ccc4[nH]3)c2F)c1,-10.001606425702812,3.128615257744718,52_860
O=C(Nc1cccc(-c2cccc(-c3nc4cc(F)ccc4[nH]3)c2)c1)Nc1cccc(-c2cccc(F)c2F)c1,-9.61225806451613,3.1875244530828533,52_861
O=C(Nc1cccc(-c2cccc(F)c2F)c1)Nc1cccc(-c2cccc(-c3nc4cc(F)ccc4[nH]3)c2F)c1,-10.001606425702812,3.128615257744718,52_862
O=C(Nc1cccc(-c2cccc(F)c2F)c1)Nc1cccc(-c2cccc(-c3nc4cc(F)ccc4[nH]3)c2F)c1,-10.001606425702812,3.128615257744718,52_863
O=C(Nc1cccc(-c2cccc(F)c2F)c1)Nc1cccc(-c2cccc(-c3nc4cc(F)ccc4[nH]3)c2F)c1,-10.001606425702812,3.128615257744718,52_864
O=C(Nc1cccc(-c2cccc(-c3nc4ccccc4[nH]3)c2)c1)Nc1cccc(-c2cccc(F)c2F)c1,-9.930854605993341,3.218592063451191,52_865
O=C(Nc1cccc(-c2cccc(-c3nc4ccccc4[nH]3)c2)c1)Nc1cccc(-c2cccc(F)c2F)c1,-9.930854605993341,3.218592063451191,52_866
Cn1c(-c2cccc(-c3cccc(NC(=O)Nc4cccc(-c5cccc(F)c5F)c4)c3)c2)nc2ccccc21,-9.886847195357834,3.216920496534968,52_867
O=C(Nc1cccc(-c2cccc(-c3nc4cc(F)ccc4[nH]3)c2)c1)Nc1cccc(-c2cccc(F)c2F)c1,-9.61225806451613,3.1875244530828533,52_868
O=C(Nc1cccc(-c2cccc(-c3nc4ccccc4[nH]3)c2)c1)Nc1cccc(-c2cccc(F)c2F)c1,-9.930854605993341,3.218592063451191,52_869
O=C(Nc1cccc(-c2cccc(-c3nc4cc(F)ccc4[nH]3)c2)c1)Nc1cccc(-c2cccc(F)c2F)c1,-9.61225806451613,3.1875244530828533,52_870
Cn1c(-c2cccc(-c3cccc(NC(=O)Nc4cccc(-c5cccc(F)c5F)c4)c3)c2)nc2ccccc21,-9.886847195357834,3.216920496534968,52_871
Cn1c(-c2cccc(-c3cccc(NC(=O)Nc4cccc(-c5cccc(F)c5F)c4)c3)c2)nc2ccccc21,-9.886847195357834,3.216920496534968,52_872
Cn1c(-c2cccc(-c3cccc(NC(=O)Nc4cccc(-c5cccc(F)c5F)c4)c3)c2)nc2ccccc21,-9.886847195357834,3.216920496534968,52_873
O=C(Nc1cccc(-c2cccc(-c3nc4ccccc4[nH]3)c2)c1)Nc1cccc(-c2cccc(F)c2F)c1,-9.930854605993341,3.218592063451191,52_874
O=C(Nc1cccc(-c2cccc(-c3nc4ccccc4[nH]3)c2)c1)Nc1cccc(-c2cccc(F)c2F)c1,-9.930854605993341,3.218592063451191,52_875
O=C(Nc1cccc(-c2cccc(-c3nc4ccccc4[nH]3)c2)c1)Nc1cccc(-c2cccc(F)c2F)c1,-9.930854605993341,3.218592063451191,52_876
Cn1c(-c2cccc(-c3cccc(NC(=O)Nc4cccc(-c5cccc(F)c5F)c4)c3)c2)nc2ccccc21,-9.886847195357834,3.216920496534968,52_877
O=C(Nc1cccc(-c2cccc(-c3nc4ccccc4[nH]3)c2)c1)Nc1cccc(-c2cccc(F)c2F)c1,-9.930854605993341,3.218592063451191,52_878
O=C(Nc1cccc(-c2cccc(-c3nc4ccccc4[nH]3)c2)c1)Nc1cccc(-c2cccc(F)c2F)c1,-9.930854605993341,3.218592063451191,52_879
Cn1c(-c2cccc(-c3cccc(NC(=O)Nc4cccc(-c5cccc(F)c5F)c4)c3)c2)nc2ccccc21,-9.886847195357834,3.216920496534968,52_880
Cn1c(-c2cccc(-c3cccc(NC(=O)Nc4cccc(-c5cccc(F)c5F)c4)c3)c2)nc2ccccc21,-9.886847195357834,3.216920496534968,52_881
O=C(Nc1cccc(-c2cccc(F)c2F)c1)Nc1cccc(-c2cccc(-c3nc4cc(F)ccc4[nH]3)c2F)c1,-10.001606425702812,3.128615257744718,52_882
O=C(Nc1cccc(-c2cccc(-c3nc4ccccc4[nH]3)c2)c1)Nc1cccc(-c2cccc(F)c2F)c1,-9.930854605993341,3.218592063451191,52_883
Cn1c(-c2cccc(-c3cccc(NC(=O)Nc4cccc(-c5cccc(F)c5F)c4)c3)c2)nc2ccccc21,-9.886847195357834,3.216920496534968,52_884
O=C(Nc1cccc(-c2cccc(-c3nc4ccccc4[nH]3)c2)c1)Nc1cccc(-c2cccc(F)c2F)c1,-9.930854605993341,3.218592063451191,52_885
O=C(Nc1cccc(-c2cccc(-c3nc4cc(F)ccc4[nH]3)c2)c1)Nc1cccc(-c2cccc(F)c2F)c1,-9.61225806451613,3.1875244530828533,52_886
O=C(Nc1cccc(-c2cccc(-c3nc4ccccc4[nH]3)c2)c1)Nc1cccc(-c2cccc(F)c2F)c1,-9.930854605993341,3.218592063451191,52_887
O=C(Nc1cccc(-c2cccc(F)c2F)c1)Nc1cccc(-c2cccc(-c3nc4cc(F)ccc4[nH]3)c2F)c1,-10.001606425702812,3.128615257744718,52_888
O=C(Nc1cccc(-c2cccc(-c3nc4ccccc4[nH]3)c2)c1)Nc1cccc(-c2cccc(F)c2F)c1,-9.930854605993341,3.218592063451191,52_889
O=C(Nc1cccc(-c2cccc(F)c2F)c1)Nc1cccc(-c2cccc(-c3nc4cc(F)ccc4[nH]3)c2F)c1,-10.001606425702812,3.128615257744718,52_890
O=C(Nc1cccc(-c2cccc(F)c2F)c1)Nc1cccc(-c2cccc(-c3nc4cc(F)ccc4[nH]3)c2F)c1,-10.001606425702812,3.128615257744718,52_891
O=C(Nc1cccc(-c2cccc(-c3nc4ccccc4[nH]3)c2)c1)Nc1cccc(-c2cccc(F)c2F)c1,-9.930854605993341,3.218592063451191,52_892
O=C(Nc1cccc(-c2cccc(-c3nc4ccccc4[nH]3)c2)c1)Nc1cccc(-c2cccc(F)c2F)c1,-9.930854605993341,3.218592063451191,52_893
Cn1c(-c2cccc(-c3cccc(NC(=O)Nc4cccc(-c5cccc(C(=O)N6CCOCC6)c5)c4)c3)c2)nc2ccccc21,-9.365625000000001,3.2756851861708367,52_894
Cn1c(-c2cccc(-c3cccc(NC(=O)Nc4cccc(-c5cccc(F)c5F)c4)c3)c2)nc2ccccc21,-9.886847195357834,3.216920496534968,52_895
Cn1c(-c2cccc(-c3cccc(NC(=O)Nc4cccc(-c5cccc(F)c5F)c4)c3)c2)nc2ccccc21,-9.886847195357834,3.216920496534968,52_896
Cn1c(-c2cccc(-c3cccc(NC(=O)Nc4cccc(-c5cccc(F)c5F)c4)c3)c2)nc2ccccc21,-9.886847195357834,3.216920496534968,52_897
O=C(Nc1cccc(-c2cccc(-c3nc4ccccc4[nH]3)c2)c1)Nc1cccc(-c2cccc(F)c2F)c1,-9.930854605993341,3.218592063451191,52_898
Cn1c(-c2cccc(-c3cccc(NC(=O)Nc4cccc(-c5cccc(F)c5F)c4)c3)c2)nc2ccccc21,-9.886847195357834,3.216920496534968,52_899
O=C(Nc1cccc(-c2cccc(-c3nc4ccccc4[nH]3)c2)c1)Nc1cccc(-c2cccc(F)c2F)c1,-9.930854605993341,3.218592063451191,52_900
O=C(Nc1cccc(-c2cccc(-c3nc4ccccc4[nH]3)c2)c1)Nc1cccc(-c2cccc(F)c2F)c1,-9.930854605993341,3.218592063451191,52_901
Cn1c(-c2cccc(-c3cccc(NC(=O)Nc4cccc(-c5cccc(F)c5F)c4)c3)c2)nc2ccccc21,-9.886847195357834,3.216920496534968,52_902
Cn1c(-c2cccc(-c3cccc(NC(=O)Nc4cccc(-c5cccc(F)c5F)c4)c3)c2)nc2ccccc21,-9.886847195357834,3.216920496534968,52_903
O=C(Nc1cccc(-c2cccc(-c3nc4cc(F)ccc4[nH]3)c2)c1)Nc1cccc(-c2cccc(F)c2F)c1,-9.61225806451613,3.1875244530828533,52_904
Cn1c(-c2cccc(-c3cccc(NC(=O)Nc4cccc(-c5cccc(F)c5F)c4)c3)c2)nc2ccccc21,-9.886847195357834,3.216920496534968,52_905
O=C(Nc1cccc(-c2cccc(-c3nc4ccccc4[nH]3)c2)c1)Nc1cccc(-c2cccc(F)c2F)c1,-9.930854605993341,3.218592063451191,52_906
O=C(Nc1cccc(-c2cccc(-c3nc4ccccc4[nH]3)c2)c1)Nc1cccc(-c2cccc(F)c2F)c1,-9.930854605993341,3.218592063451191,52_907
O=C(Nc1cccc(-c2cccc(-c3nc4ccccc4[nH]3)c2)c1)Nc1cccc(-c2cccc(F)c2F)c1,-9.930854605993341,3.218592063451191,52_908
Cn1c(-c2cccc(-c3cccc(NC(=O)Nc4cccc(-c5cccc(F)c5F)c4)c3)c2)nc2ccccc21,-9.886847195357834,3.216920496534968,52_909
Cn1c(-c2cccc(-c3cccc(NC(=O)Nc4cccc(-c5cccc(F)c5F)c4)c3)c2)nc2ccccc21,-9.886847195357834,3.216920496534968,52_910
Cn1c(-c2cccc(-c3cccc(NC(=O)Nc4cccc(-c5cccc(F)c5F)c4)c3)c2)nc2ccccc21,-9.886847195357834,3.216920496534968,52_911
O=C(Nc1cccc(-c2cccc(-c3nc4ccccc4[nH]3)c2)c1)Nc1cccc(-c2cccc(F)c2F)c1,-9.930854605993341,3.218592063451191,52_912
O=C(Nc1cccc(-c2cccc(-c3nc4ccccc4[nH]3)c2)c1)Nc1cccc(-c2cccc(F)c2F)c1,-9.930854605993341,3.218592063451191,52_913
Cn1c(-c2cccc(-c3cccc(NC(=O)Nc4cccc(-c5cccc(F)c5F)c4)c3)c2)nc2ccccc21,-9.886847195357834,3.216920496534968,52_914
O=C(Nc1cccc(-c2cccc(-c3nc4ccccc4[nH]3)c2)c1)Nc1cccc(-c2cccc(F)c2F)c1,-9.930854605993341,3.218592063451191,52_915
Cn1c(-c2cccc(-c3cccc(NC(=O)Nc4cccc(-c5cccc(F)c5F)c4)c3)c2)nc2ccccc21,-9.886847195357834,3.216920496534968,52_916
Fc1cccc(-c2ccc(-c3cccc(-c4cccc(-c5ccccc5F)c4)c3)nc2)c1,-8.6,3.1257045810042636,52_917
O=C(Nc1cccc(-c2cccc(-c3nc4ccccc4[nH]3)c2)c1)Nc1cccc(-c2cccc(F)c2F)c1,-9.930854605993341,3.218592063451191,52_918
O=C(Nc1cccc(-c2cccc(-c3nc4cc(F)ccc4[nH]3)c2)c1)Nc1cccc(-c2cccc(F)c2F)c1,-9.61225806451613,3.1875244530828533,52_919
O=C(Nc1cccc(-c2cccc(-c3nc4ccccc4[nH]3)c2)c1)Nc1cccc(-c2cccc(F)c2F)c1,-9.930854605993341,3.218592063451191,52_920
O=C(Nc1cccc(-c2cccc(F)c2F)c1)Nc1cccc(-c2cccc(-c3nc4cc(F)ccc4[nH]3)c2F)c1,-10.001606425702812,3.128615257744718,52_921
Cn1c(-c2cccc(-c3cccc(NC(=O)Nc4cccc(-c5cccc(F)c5F)c4)c3)c2)nc2ccccc21,-9.886847195357834,3.216920496534968,52_922
Cn1c(-c2cccc(-c3cccc(NC(=O)Nc4cccc(-c5cccc(F)c5F)c4)c3)c2)nc2ccccc21,-9.886847195357834,3.216920496534968,52_923
O=C(Nc1cccc(-c2cccc(-c3nc4ccccc4[nH]3)c2)c1)Nc1cccc(-c2cccc(F)c2F)c1,-9.930854605993341,3.218592063451191,52_924
Cn1c(-c2cccc(-c3cccc(NC(=O)Nc4cccc(-c5cccc(F)c5F)c4)c3)c2)nc2ccccc21,-9.886847195357834,3.216920496534968,52_925
O=C(Nc1cccc(-c2cccc(-c3nc4ccccc4[nH]3)c2)c1)Nc1cccc(-c2cccc(F)c2F)c1,-9.930854605993341,3.218592063451191,52_926
O=C(Nc1cccc(-c2cccc(F)c2F)c1)Nc1cccc(-c2cccc(-c3cccc(-c4nn[nH]n4)c3)c2F)c1,-9.875000000000002,3.244951037107577,52_927
O=C(Nc1cccc(-c2cccc(F)c2F)c1)Nc1cccc(-c2cccc(-c3nc4cc(F)ccc4[nH]3)c2F)c1,-10.001606425702812,3.128615257744718,52_928
O=C(Nc1cccc(-c2cccc(-c3nc4ccccc4[nH]3)c2)c1)Nc1cccc(-c2cccc(F)c2F)c1,-9.930854605993341,3.218592063451191,52_929
O=C(Nc1cccc(-c2cccc(-c3nc4ccccc4[nH]3)c2)c1)Nc1cccc(-c2cccc(F)c2F)c1,-9.930854605993341,3.218592063451191,52_930
O=C(Nc1cccc(-c2cccc(-c3cccc(-c4ccccc4F)c3)c2)c1)N1CCNCC1,-9.333333333333336,3.470002651546907,52_931
O=C(Nc1cccc(-c2cccc(-c3nc4ccccc4[nH]3)c2)c1)Nc1cccc(-c2cccc(F)c2F)c1,-9.930854605993341,3.218592063451191,52_932
Cn1c(-c2cccc(-c3cccc(NC(=O)Nc4cccc(-c5cccc(F)c5F)c4)c3)c2)nc2ccccc21,-9.886847195357834,3.216920496534968,52_933
O=C(Nc1cccc(-c2cccc(-c3nc4ccccc4[nH]3)c2)c1)Nc1cccc(-c2cccc(F)c2F)c1,-9.930854605993341,3.218592063451191,52_934
O=C(Nc1cccc(-c2cccc(-c3nc4ccccc4[nH]3)c2)c1)Nc1cccc(-c2cccc(F)c2F)c1,-9.930854605993341,3.218592063451191,52_935
Cn1c(-c2cccc(-c3cccc(NC(=O)Nc4cccc(-c5cccc(-c6cccc(F)c6)c5)c4)c3)c2)nc2ccccc21,-9.841666666666667,3.0539916384657317,52_936
O=C(Nc1cccc(-c2cccc(-c3nc4ccccc4[nH]3)c2)c1)Nc1cccc(-c2cccc(F)c2F)c1,-9.930854605993341,3.218592063451191,52_937
Cn1c(-c2cccc(-c3cccc(NC(=O)Nc4cccc(-c5cccc(F)c5F)c4)c3)c2)nc2ccccc21,-9.886847195357834,3.216920496534968,52_938
O=C(Nc1cccc(-c2cccc(-c3nc4ccccc4[nH]3)c2)c1)Nc1cccc(-c2cccc(F)c2F)c1,-9.930854605993341,3.218592063451191,52_939
Cn1c(-c2cccc(-c3cccc(NC(=O)Nc4cccc(-c5cccc(F)c5F)c4)c3)c2)nc2ccccc21,-9.886847195357834,3.216920496534968,52_940
O=C(Nc1cccc(-c2cccc(F)c2F)c1)Nc1cccc(-c2cccc(-c3nc4cc(F)ccc4[nH]3)c2F)c1,-10.001606425702812,3.128615257744718,52_941
O=C(Nc1cccc(-c2cccc(-c3nc4ccccc4[nH]3)c2)c1)Nc1cccc(-c2cccc(F)c2F)c1,-9.930854605993341,3.218592063451191,52_942
O=C(Nc1cccc(-c2cccc(-c3nc4ccccc4[nH]3)c2)c1)Nc1cccc(-c2cccc(F)c2F)c1,-9.930854605993341,3.218592063451191,52_943
O=C(Nc1cccc(-c2cccc(-c3nc4ccccc4[nH]3)c2)c1)Nc1cccc(-c2cccc(F)c2F)c1,-9.930854605993341,3.218592063451191,52_944
O=C(Nc1cccc(-c2cccc(F)c2F)c1)Nc1cccc(-c2cccc(-c3nc4cc(F)ccc4[nH]3)c2F)c1,-10.001606425702812,3.128615257744718,52_945
O=C(Nc1cccc(-c2cccc(F)c2F)c1)Nc1cccc(-c2cccc(-c3nc4cc(F)ccc4[nH]3)c2F)c1,-10.001606425702812,3.128615257744718,52_946
O=C(Nc1cccc(-c2cccc(-c3nc4ccccc4[nH]3)c2)c1)Nc1cccc(-c2cccc(F)c2F)c1,-9.930854605993341,3.218592063451191,52_947
Cn1c(-c2cccc(-c3cccc(NC(=O)Nc4cccc(-c5cccc(F)c5F)c4)c3)c2)nc2ccccc21,-9.886847195357834,3.216920496534968,52_948
O=C(Nc1cccc(-c2cccc(-c3nc4cc(F)ccc4[nH]3)c2)c1)Nc1cccc(-c2cccc(F)c2F)c1,-9.61225806451613,3.1875244530828533,52_949
O=C(Nc1cccc(-c2cccc(-c3nc4ccccc4[nH]3)c2)c1)Nc1cccc(-c2cccc(F)c2F)c1,-9.930854605993341,3.218592063451191,52_950
Cn1c(-c2cccc(-c3cccc(NC(=O)Nc4cccc(-c5cccc(F)c5F)c4)c3)c2)nc2ccccc21,-9.886847195357834,3.216920496534968,52_951
O=C(Nc1cccc(-c2cccc(-c3nc4ccccc4[nH]3)c2)c1)Nc1cccc(-c2cccc(F)c2F)c1,-9.930854605993341,3.218592063451191,52_952
O=C(Nc1cccc(-c2cccc(-c3nc4ccccc4[nH]3)c2)c1)Nc1cccc(-c2cccc(F)c2F)c1,-9.930854605993341,3.218592063451191,52_953
O=C(Nc1cccc(-c2cccc(-c3nc4ccccc4[nH]3)c2)c1)Nc1cccc(-c2cccc(F)c2F)c1,-9.930854605993341,3.218592063451191,52_954
O=C(Nc1cccc(-c2cccc(-c3nc4ccccc4[nH]3)c2)c1)Nc1cccc(-c2cccc(F)c2F)c1,-9.930854605993341,3.218592063451191,52_955
O=C(Nc1cccc(-c2cccc(-c3nc4ccccc4[nH]3)c2)c1)Nc1cccc(-c2cccc(F)c2F)c1,-9.930854605993341,3.218592063451191,52_956
O=C(Nc1cccc(-c2cccc(-c3nc4ccccc4[nH]3)c2)c1)Nc1cccc(-c2cccc(F)c2F)c1,-9.930854605993341,3.218592063451191,52_957
Cn1c(-c2cccc(-c3cccc(NC(=O)Nc4cccc(-c5cccc(F)c5F)c4)c3)c2)nc2ccccc21,-9.886847195357834,3.216920496534968,52_958
Cn1c(-c2cccc(-c3cccc(NC(=O)Nc4cccc(-c5cccc(F)c5F)c4)c3)c2)nc2ccccc21,-9.886847195357834,3.216920496534968,52_959
Cn1c(-c2cccc(-c3cccc(NC(=O)Nc4cccc(-c5cccc(F)c5F)c4)c3)c2)nc2ccccc21,-9.886847195357834,3.216920496534968,52_960
O=C(Nc1cccc(-c2cccc(F)c2F)c1)Nc1cccc(-c2cccc(-c3nc4cc(F)ccc4[nH]3)c2F)c1,-10.001606425702812,3.128615257744718,52_961
Cn1c(-c2cccc(-c3cccc(NC(=O)Nc4cccc(-c5cccc(F)c5F)c4)c3)c2)nc2ccccc21,-9.886847195357834,3.216920496534968,52_962
O=C(Nc1cccc(-c2cccc(F)c2F)c1)Nc1cccc(-c2cccc(-c3nc4cc(F)ccc4[nH]3)c2F)c1,-10.001606425702812,3.128615257744718,52_963
O=C(Nc1cccc(-c2cccc(F)c2F)c1)Nc1cccc(-c2cccc(-c3nc4cc(F)ccc4[nH]3)c2F)c1,-10.001606425702812,3.128615257744718,52_964
O=C(Nc1cccc(-c2cccc(-c3nc4ccccc4[nH]3)c2)c1)Nc1cccc(-c2cccc(F)c2F)c1,-9.930854605993341,3.218592063451191,52_965
O=C(Nc1cccc(-c2cccc(F)c2F)c1)Nc1cccc(-c2cccc(-c3nc4cc(F)ccc4[nH]3)c2F)c1,-10.001606425702812,3.128615257744718,52_966
O=C(Nc1cccc(-c2cccc(-c3nc4ccccc4[nH]3)c2)c1)Nc1cccc(-c2cccc(F)c2F)c1,-9.930854605993341,3.218592063451191,52_967
O=C(Nc1cccc(-c2cccc(-c3nc4ccccc4[nH]3)c2)c1)Nc1cccc(-c2cccc(F)c2F)c1,-9.930854605993341,3.218592063451191,52_968
O=C(Nc1cccc(-c2cccc(F)c2F)c1)Nc1cccc(-c2cccc(-c3nc4cc(F)ccc4[nH]3)c2F)c1,-10.001606425702812,3.128615257744718,52_969
O=C(Nc1cccc(-c2cccc(-c3nc4ccccc4[nH]3)c2)c1)Nc1cccc(-c2cccc(F)c2F)c1,-9.930854605993341,3.218592063451191,52_970
O=C(Nc1cccc(-c2cccc(-c3nc4ccccc4[nH]3)c2)c1)Nc1cccc(-c2cccc(F)c2F)c1,-9.930854605993341,3.218592063451191,52_971
O=C(Nc1cccc(-c2cccc(-c3nc4ccccc4[nH]3)c2)c1)Nc1cccc(-c2cccc(F)c2F)c1,-9.930854605993341,3.218592063451191,52_972
Cn1c(-c2cccc(-c3cccc(NC(=O)Nc4cccc(-c5cccc(F)c5F)c4)c3)c2)nc2ccccc21,-9.886847195357834,3.216920496534968,52_973
O=C(Nc1cccc(-c2cccc(-c3nc4ccccc4[nH]3)c2)c1)Nc1cccc(-c2cccc(F)c2F)c1,-9.930854605993341,3.218592063451191,52_974
Cn1c(-c2cccc(-c3cccc(NC(=O)Nc4cccc(-c5cccc(F)c5F)c4)c3)c2)nc2ccccc21,-9.886847195357834,3.216920496534968,52_975
O=C(Nc1cccc(-c2cccc(-c3nc4ccccc4[nH]3)c2)c1)Nc1cccc(-c2cccc(F)c2F)c1,-9.930854605993341,3.218592063451191,52_976
O=C(Nc1cccc(-c2cccc(-c3nc4ccccc4[nH]3)c2)c1)Nc1cccc(-c2cccc(F)c2F)c1,-9.930854605993341,3.218592063451191,52_977
O=C(Nc1cccc(-c2cccc(-c3nc4ccccc4[nH]3)c2)c1)Nc1cccc(-c2cccc(F)c2F)c1,-9.930854605993341,3.218592063451191,52_978
O=C(Nc1cccc(-c2cccc(F)c2F)c1)Nc1cccc(-c2cccc(-c3nc4cc(F)ccc4[nH]3)c2F)c1,-10.001606425702812,3.128615257744718,52_979
O=C(Nc1cccc(-c2cccc(-c3nc4ccccc4[nH]3)c2)c1)Nc1cccc(-c2cccc(F)c2F)c1,-9.930854605993341,3.218592063451191,52_980
O=C(Nc1cccc(-c2cccc(-c3nc4ccccc4[nH]3)c2)c1)Nc1cccc(-c2cccc(F)c2F)c1,-9.930854605993341,3.218592063451191,52_981
Cn1c(-c2cccc(-c3cccc(NC(=O)Nc4cccc(-c5cccc(C(=O)N6CCOCC6)c5)c4)c3)c2)nc2ccccc21,-9.365625000000001,3.2756851861708367,52_982
Cn1c(-c2cccc(-c3cccc(NC(=O)Nc4cccc(-c5cccc(F)c5F)c4)c3)c2)nc2ccccc21,-9.886847195357834,3.216920496534968,52_983
O=C(Nc1cccc(-c2cccc(-c3nc4ccccc4[nH]3)c2)c1)Nc1cccc(-c2cccc(F)c2F)c1,-9.930854605993341,3.218592063451191,52_984
O=C(Nc1cccc(-c2cccc(-c3nc4ccccc4[nH]3)c2)c1)Nc1cccc(-c2cccc(F)c2F)c1,-9.930854605993341,3.218592063451191,52_985
O=C(Nc1cccc(-c2cccc(-c3nc4ccccc4[nH]3)c2)c1)Nc1cccc(-c2cccc(F)c2F)c1,-9.930854605993341,3.218592063451191,52_986
Cn1c(-c2cccc(-c3cccc(NC(=O)Nc4cccc(-c5cccc(C(=O)N6CCOCC6)c5)c4)c3)c2)nc2ccccc21,-9.365625000000001,3.2756851861708367,52_987
O=C(Nc1cccc(-c2cccc(-c3ccc4c(c3)OCO4)c2)c1)Nc1cccc(-c2ccccc2F)c1,-10.2,3.2275735778690695,52_988
O=C(Nc1cccc(-c2cccc(-c3nc4ccccc4[nH]3)c2)c1)Nc1cccc(-c2cccc(F)c2F)c1,-9.930854605993341,3.218592063451191,52_989
Cn1c(-c2cccc(-c3cccc(NC(=O)Nc4cccc(-c5cccc(F)c5F)c4)c3)c2)nc2ccccc21,-9.886847195357834,3.216920496534968,52_990
Cn1c(-c2cccc(-c3cccc(NC(=O)Nc4cccc(-c5cccc(F)c5F)c4)c3)c2)nc2ccccc21,-9.886847195357834,3.216920496534968,52_991
O=C(Nc1cccc(-c2cccc(-c3nc4ccccc4[nH]3)c2)c1)Nc1cccc(-c2cccc(F)c2F)c1,-9.930854605993341,3.218592063451191,52_992
Cn1c(-c2cccc(-c3cccc(NC(=O)Nc4cccc(-c5cccc(F)c5F)c4)c3)c2)nc2ccccc21,-9.886847195357834,3.216920496534968,52_993
O=C(Nc1cccc(-c2cccc(-c3nc4ccccc4[nH]3)c2)c1)Nc1cccc(-c2cccc(F)c2F)c1,-9.930854605993341,3.218592063451191,52_994
O=C(Nc1cccc(-c2cccc(-c3nc4ccccc4[nH]3)c2)c1)Nc1cccc(-c2cccc(F)c2F)c1,-9.930854605993341,3.218592063451191,52_995
O=C(Nc1cccc(-c2cccc(-c3nc4ccccc4[nH]3)c2)c1)Nc1cccc(-c2cccc(F)c2F)c1,-9.930854605993341,3.218592063451191,52_996
O=C(Nc1cccc(-c2cccc(-c3nc4ccccc4[nH]3)c2)c1)Nc1cccc(-c2cccc(F)c2F)c1,-9.930854605993341,3.218592063451191,52_997
O=C(Nc1cccc(-c2cccc(-c3nc4ccccc4[nH]3)c2)c1)Nc1cccc(-c2cccc(F)c2F)c1,-9.930854605993341,3.218592063451191,52_998
Cn1c(-c2cccc(-c3cccc(NC(=O)Nc4cccc(-c5cccc(F)c5F)c4)c3)c2)nc2ccccc21,-9.886847195357834,3.216920496534968,52_999
Cn1c(-c2cccc(-c3cccc(NC(=O)Nc4cccc(-c5cccc(F)c5F)c4)c3)c2)nc2ccccc21,-9.886847195357834,3.216920496534968,52_1000
O=C(Nc1cccc(-c2cccc(-c3nc4ccccc4[nH]3)c2)c1)Nc1cccc(-c2cccc(F)c2F)c1,-9.930854605993341,3.218592063451191,52_1001
O=C(Nc1cccc(-c2cccc(-c3nc4ccccc4[nH]3)c2)c1)Nc1cccc(-c2cccc(F)c2F)c1,-9.930854605993341,3.218592063451191,52_1002
Cn1c(-c2cccc(-c3cccc(NC(=O)Nc4cccc(-c5cccc(F)c5F)c4)c3)c2)nc2ccccc21,-9.886847195357834,3.216920496534968,52_1003
O=C(Nc1cccc(-c2cccc(F)c2F)c1)Nc1cccc(-c2cccc(-c3nc4cc(F)ccc4[nH]3)c2F)c1,-10.001606425702812,3.128615257744718,52_1004
O=C(Nc1cccc(-c2cccc(-c3nc4ccccc4[nH]3)c2)c1)Nc1cccc(-c2cccc(F)c2F)c1,-9.930854605993341,3.218592063451191,52_1005
O=C(Nc1cccc(-c2cccc(F)c2F)c1)Nc1cccc(-c2cccc(-c3nc4cc(F)ccc4[nH]3)c2F)c1,-10.001606425702812,3.128615257744718,52_1006
O=C(Nc1cccc(-c2cccc(F)c2F)c1)Nc1cccc(-c2cccc(-c3nc4cc(F)ccc4[nH]3)c2F)c1,-10.001606425702812,3.128615257744718,52_1007
O=C(Nc1cccc(-c2cccc(-c3nc4ccccc4[nH]3)c2)c1)Nc1cccc(-c2cccc(F)c2F)c1,-9.930854605993341,3.218592063451191,52_1008
O=C(Nc1cccc(-c2cccc(-c3nc4cc(F)ccc4[nH]3)c2)c1)Nc1cccc(-c2cccc(F)c2F)c1,-9.61225806451613,3.1875244530828533,52_1009
O=C(Nc1cccc(-c2cccc(-c3nc4cc(F)ccc4[nH]3)c2)c1)Nc1cccc(-c2cccc(F)c2F)c1,-9.61225806451613,3.1875244530828533,52_1010
O=C(Nc1cccc(-c2cccc(-c3nc4ccccc4[nH]3)c2)c1)Nc1cccc(-c2cccc(F)c2F)c1,-9.930854605993341,3.218592063451191,52_1011
O=C(Nc1cccc(-c2cccc(-c3nc4ccccc4[nH]3)c2)c1)Nc1cccc(-c2cccc(F)c2F)c1,-9.930854605993341,3.218592063451191,52_1012
O=C(Nc1cccc(-c2cccc(-c3nc4ccccc4[nH]3)c2)c1)Nc1cccc(-c2cccc(F)c2F)c1,-9.930854605993341,3.218592063451191,52_1013
O=C(Nc1cccc(-c2cccc(F)c2F)c1)Nc1cccc(-c2cccc(-c3nc4cc(F)ccc4[nH]3)c2F)c1,-10.001606425702812,3.128615257744718,52_1014
O=C(Nc1cccc(-c2cccc(F)c2F)c1)Nc1cccc(-c2cccc(-c3nc4cc(F)ccc4[nH]3)c2F)c1,-10.001606425702812,3.128615257744718,52_1015
Cn1c(-c2cccc(-c3cccc(NC(=O)Nc4cccc(-c5cccc(F)c5F)c4)c3)c2)nc2ccccc21,-9.886847195357834,3.216920496534968,52_1016
O=C(Nc1cccc(-c2cccc(-c3nc4ccccc4[nH]3)c2)c1)Nc1cccc(-c2cccc(F)c2F)c1,-9.930854605993341,3.218592063451191,52_1017
Cn1c(-c2cccc(-c3cccc(NC(=O)Nc4cccc(-c5cccc(F)c5F)c4)c3)c2)nc2ccccc21,-9.886847195357834,3.216920496534968,52_1018
O=C(Nc1cccc(-c2cccc(F)c2F)c1)Nc1cccc(-c2cccc(-c3nc4cc(F)ccc4[nH]3)c2F)c1,-10.001606425702812,3.128615257744718,52_1019
Cn1c(-c2cccc(-c3cccc(NC(=O)Nc4cccc(-c5cccc(F)c5F)c4)c3)c2)nc2ccccc21,-9.886847195357834,3.216920496534968,52_1020
O=C(Nc1cccc(-c2cccc(-c3nc4ccccc4[nH]3)c2)c1)Nc1cccc(-c2cccc(F)c2F)c1,-9.930854605993341,3.218592063451191,52_1021
O=C(Nc1cccc(-c2cccc(-c3nc4ccccc4[nH]3)c2)c1)Nc1cccc(-c2cccc(F)c2F)c1,-9.930854605993341,3.218592063451191,52_1022
O=C(Nc1cccc(-c2cccc(-c3nc4ccccc4[nH]3)c2)c1)Nc1cccc(-c2cccc(F)c2F)c1,-9.930854605993341,3.218592063451191,52_1023
Cn1c(-c2cccc(-c3cccc(NC(=O)Nc4cccc(-c5cccc(F)c5F)c4)c3)c2)nc2ccccc21,-9.886847195357834,3.216920496534968,52_1024
Cn1c(-c2cccc(-c3cccc(NC(=O)Nc4cccc(-c5cccc(F)c5F)c4)c3)c2)nc2ccccc21,-9.886847195357834,3.216920496534968,52_1025
O=C(Nc1cccc(-c2cccc(F)c2F)c1)Nc1cccc(-c2cccc(-c3nc4cc(F)ccc4[nH]3)c2F)c1,-10.001606425702812,3.128615257744718,52_1026
Cn1c(-c2cccc(-c3cccc(NC(=O)Nc4cccc(-c5cccc(F)c5F)c4)c3)c2)nc2ccccc21,-9.886847195357834,3.216920496534968,52_1027
O=C(Nc1cccc(-c2cccc(-c3nc4ccccc4[nH]3)c2)c1)Nc1cccc(-c2cccc(F)c2F)c1,-9.930854605993341,3.218592063451191,52_1028
O=C(Nc1cccc(-c2cccc(-c3nc4ccccc4[nH]3)c2)c1)Nc1cccc(-c2cccc(F)c2F)c1,-9.930854605993341,3.218592063451191,52_1029
O=C(Nc1cccc(-c2cccc(F)c2F)c1)Nc1cccc(-c2cccc(-c3nc4cc(F)ccc4[nH]3)c2F)c1,-10.001606425702812,3.128615257744718,52_1030
O=C(Nc1cccc(-c2cccc(-c3nc4ccccc4[nH]3)c2)c1)Nc1cccc(-c2cccc(F)c2F)c1,-9.930854605993341,3.218592063451191,52_1031
O=C(Nc1cccc(-c2cccc(-c3nc4ccccc4[nH]3)c2)c1)Nc1cccc(-c2cccc(F)c2F)c1,-9.930854605993341,3.218592063451191,52_1032
O=C(Nc1cccc(-c2cccc(-c3nc4ccccc4[nH]3)c2)c1)Nc1cccc(-c2cccc(F)c2F)c1,-9.930854605993341,3.218592063451191,52_1033
O=C(Nc1cccc(-c2cccc(-c3nc4ccccc4[nH]3)c2)c1)Nc1cccc(-c2cccc(F)c2F)c1,-9.930854605993341,3.218592063451191,52_1034
O=C(Nc1cccc(-c2cccc(-c3nc4ccccc4[nH]3)c2)c1)Nc1cccc(-c2cccc(F)c2F)c1,-9.930854605993341,3.218592063451191,52_1035
O=C(Nc1cccc(-c2cccc(-c3nc4ccccc4[nH]3)c2)c1)Nc1cccc(-c2cccc(F)c2F)c1,-9.930854605993341,3.218592063451191,52_1036
O=C(Nc1cccc(-c2cccc(-c3nc4ccccc4[nH]3)c2)c1)Nc1cccc(-c2cccc(F)c2F)c1,-9.930854605993341,3.218592063451191,52_1037
Cn1c(-c2cccc(-c3cccc(NC(=O)Nc4cccc(-c5cccc(F)c5F)c4)c3)c2)nc2ccccc21,-9.886847195357834,3.216920496534968,52_1038
Cn1c(-c2cccc(-c3cccc(NC(=O)Nc4cccc(-c5cccc(F)c5F)c4)c3)c2)nc2ccccc21,-9.886847195357834,3.216920496534968,52_1039
O=C(Nc1cccc(-c2cccc(-c3nc4cc(F)ccc4[nH]3)c2)c1)Nc1cccc(-c2cccc(F)c2F)c1,-9.61225806451613,3.1875244530828533,52_1040
O=C(Nc1cccc(-c2cccc(-c3nc4ccccc4[nH]3)c2)c1)Nc1cccc(-c2cccc(F)c2F)c1,-9.930854605993341,3.218592063451191,52_1041
O=C(Nc1cccc(-c2cccc(F)c2F)c1)Nc1cccc(-c2cccc(-c3nc4cc(F)ccc4[nH]3)c2F)c1,-10.001606425702812,3.128615257744718,52_1042
Cn1c(-c2cccc(-c3cccc(NC(=O)Nc4cccc(-c5cccc(F)c5F)c4)c3)c2)nc2ccccc21,-9.886847195357834,3.216920496534968,52_1043
O=C(Nc1cccc(-c2cccc(-c3nc4ccccc4[nH]3)c2)c1)Nc1cccc(-c2cccc(F)c2F)c1,-9.930854605993341,3.218592063451191,52_1044
O=C(Nc1cccc(-c2cccc(-c3nc4ccccc4[nH]3)c2)c1)Nc1cccc(-c2cccc(F)c2F)c1,-9.930854605993341,3.218592063451191,52_1045
O=C(Nc1cccc(-c2cccc(-c3nc4ccccc4[nH]3)c2)c1)Nc1cccc(-c2cccc(F)c2F)c1,-9.930854605993341,3.218592063451191,52_1046
O=C(Nc1cccc(-c2cccc(F)c2F)c1)Nc1cccc(-c2cccc(-c3nc4cc(F)ccc4[nH]3)c2F)c1,-10.001606425702812,3.128615257744718,52_1047
Cn1c(-c2cccc(-c3cccc(NC(=O)Nc4cccc(-c5cccc(F)c5F)c4)c3)c2)nc2ccccc21,-9.886847195357834,3.216920496534968,52_1048
O=C(Nc1cccc(-c2cccc(-c3nc4ccccc4[nH]3)c2)c1)Nc1cccc(-c2cccc(F)c2F)c1,-9.930854605993341,3.218592063451191,52_1049
O=C(Nc1cccc(-c2cccc(-c3nc4ccccc4[nH]3)c2)c1)Nc1cccc(-c2cccc(F)c2F)c1,-9.930854605993341,3.218592063451191,52_1050
Cn1c(-c2cccc(-c3cccc(NC(=O)Nc4cccc(-c5cccc(F)c5F)c4)c3)c2)nc2ccccc21,-9.886847195357834,3.216920496534968,52_1051
Cn1c(-c2cccc(-c3cccc(NC(=O)Nc4cccc(-c5cccc(F)c5F)c4)c3)c2)nc2ccccc21,-9.886847195357834,3.216920496534968,52_1052
O=C(Nc1cccc(-c2cccc(-c3nc4ccccc4[nH]3)c2)c1)Nc1cccc(-c2cccc(F)c2F)c1,-9.930854605993341,3.218592063451191,52_1053
Cn1c(-c2cccc(-c3cccc(NC(=O)Nc4cccc(-c5cccc(F)c5F)c4)c3)c2)nc2ccccc21,-9.886847195357834,3.216920496534968,52_1054
O=C(Nc1cccc(-c2cccc(-c3nc4cc(F)ccc4[nH]3)c2)c1)Nc1cccc(-c2cccc(F)c2F)c1,-9.61225806451613,3.1875244530828533,52_1055
O=C(Nc1cccc(-c2cccc(-c3nc4ccccc4[nH]3)c2)c1)Nc1cccc(-c2cccc(F)c2F)c1,-9.930854605993341,3.218592063451191,52_1056
O=C(Nc1cccc(-c2cccc(F)c2F)c1)Nc1cccc(-c2cccc(-c3nc4cc(F)ccc4[nH]3)c2F)c1,-10.001606425702812,3.128615257744718,52_1057
O=C(Nc1cccc(-c2cccc(-c3nc4ccccc4[nH]3)c2)c1)Nc1cccc(-c2cccc(F)c2F)c1,-9.930854605993341,3.218592063451191,52_1058
O=C(Nc1cccc(-c2cccc(-c3cccc(C(=O)N4CCOCC4)c3)c2)c1)N1CCN(C(=O)C2CC2)CC1,-8.5,3.453597678740632,52_1059
O=C(Nc1cccc(-c2cccc(F)c2F)c1)Nc1cccc(-c2cccc(-c3nc4cc(F)ccc4[nH]3)c2F)c1,-10.001606425702812,3.128615257744718,52_1060
O=C(Nc1cccc(-c2cccc(F)c2F)c1)Nc1cccc(-c2cccc(-c3nc4ccccc4[nH]3)c2F)c1,-11.1,3.1875244530828533,52_1061
Cn1c(-c2cccc(-c3cccc(NC(=O)Nc4cccc(-c5cccc(F)c5F)c4)c3)c2)nc2ccccc21,-9.886847195357834,3.216920496534968,52_1062
Cn1c(-c2cccc(-c3cccc(NC(=O)Nc4cccc(-c5cccc(F)c5F)c4)c3)c2)nc2ccccc21,-9.886847195357834,3.216920496534968,52_1063
N=CC1C=CCc2cccc(-c3cccc(-c4cccc(-c5cccc(-c6cccc(F)c6)c5)c4)c3)c2C1,-9.4,1.8872005122252036,52_1064
O=C(Nc1cccc(-c2cccc(-c3cccc(-c4nn[nH]n4)c3)c2)c1)Nc1cccc(-c2cccc(F)c2F)c1,-9.847368421052632,3.286971097546113,52_1065
O=C(Nc1cccc(-c2cccc(-c3nc4cc(F)ccc4[nH]3)c2)c1)Nc1cccc(-c2cccc(F)c2F)c1,-9.61225806451613,3.1875244530828533,52_1066
O=C(Nc1cccc(-c2cccc(-c3nc4cc(F)ccc4[nH]3)c2)c1)Nc1cccc(-c2cccc(F)c2F)c1,-9.61225806451613,3.1875244530828533,52_1067
O=C(Nc1cccc(-c2cccc(-c3nc4ccccc4[nH]3)c2)c1)Nc1cccc(-c2cccc(F)c2F)c1,-9.930854605993341,3.218592063451191,52_1068
Cn1c(-c2cccc(-c3cccc(NC(=O)Nc4cccc(-c5cccc(F)c5F)c4)c3)c2)nc2ccccc21,-9.886847195357834,3.216920496534968,52_1069
Cn1c(-c2cccc(-c3cccc(NC(=O)Nc4cccc(-c5cccc(F)c5F)c4)c3)c2)nc2ccccc21,-9.886847195357834,3.216920496534968,52_1070
O=C(Nc1cccc(-c2cccc(F)c2F)c1)Nc1cccc(-c2cccc(-c3nc4cc(F)ccc4[nH]3)c2F)c1,-10.001606425702812,3.128615257744718,52_1071
O=C(Nc1cccc(-c2cccc(-c3nc4ccccc4[nH]3)c2)c1)Nc1cccc(-c2cccc(F)c2F)c1,-9.930854605993341,3.218592063451191,52_1072
O=C(Nc1cccc(-c2cccc(-c3nc4ccccc4[nH]3)c2)c1)Nc1cccc(-c2cccc(F)c2F)c1,-9.930854605993341,3.218592063451191,52_1073
Cn1c(-c2cccc(-c3cccc(NC(=O)Nc4cccc(-c5cccc(F)c5F)c4)c3)c2)nc2ccccc21,-9.886847195357834,3.216920496534968,52_1074
O=C(Nc1cccc(-c2cccc(-c3nc4ccccc4[nH]3)c2)c1)Nc1cccc(-c2cccc(F)c2F)c1,-9.930854605993341,3.218592063451191,52_1075
Cn1c(-c2cccc(-c3cccc(NC(=O)Nc4cccc(-c5cccc(F)c5F)c4)c3)c2)nc2ccccc21,-9.886847195357834,3.216920496534968,52_1076
Cn1c(-c2cccc(-c3cccc(NC(=O)Nc4cccc(-c5cccc(F)c5F)c4)c3)c2)nc2ccccc21,-9.886847195357834,3.216920496534968,52_1077
O=C(Nc1cccc(-c2cccc(-c3nc4ccccc4[nH]3)c2)c1)Nc1cccc(-c2cccc(F)c2F)c1,-9.930854605993341,3.218592063451191,52_1078
Cn1c(-c2cccc(-c3cccc(NC(=O)Nc4cccc(-c5cccc(F)c5F)c4)c3)c2)nc2ccccc21,-9.886847195357834,3.216920496534968,52_1079
O=C(Nc1cccc(-c2cccc(-c3nc4ccccc4[nH]3)c2)c1)Nc1cccc(-c2cccc(F)c2F)c1,-9.930854605993341,3.218592063451191,52_1080
O=C(Nc1cccc(-c2cccc(-c3nc4ccccc4[nH]3)c2)c1)Nc1cccc(-c2cccc(F)c2F)c1,-9.930854605993341,3.218592063451191,52_1081
Cn1c(-c2cccc(-c3cccc(NC(=O)Nc4cccc(-c5cccc(F)c5F)c4)c3)c2)nc2ccccc21,-9.886847195357834,3.216920496534968,52_1082
O=C(Nc1cccc(-c2cccc(F)c2F)c1)Nc1cccc(-c2cccc(-c3nc4cc(F)ccc4[nH]3)c2F)c1,-10.001606425702812,3.128615257744718,52_1083
O=C(Nc1cccc(-c2cccc(F)c2F)c1)Nc1cccc(-c2cccc(-c3nc4cc(F)ccc4[nH]3)c2F)c1,-10.001606425702812,3.128615257744718,52_1084
O=C(Nc1cccc(-c2cccc(-c3nc4ccccc4[nH]3)c2)c1)Nc1cccc(-c2cccc(F)c2F)c1,-9.930854605993341,3.218592063451191,52_1085
O=C(Nc1cccc(-c2cccc(-c3nc4ccccc4[nH]3)c2)c1)Nc1cccc(-c2cccc(F)c2F)c1,-9.930854605993341,3.218592063451191,52_1086
O=C(Nc1cccc(-c2cccc(-c3nc4ccccc4[nH]3)c2)c1)Nc1cccc(-c2cccc(F)c2F)c1,-9.930854605993341,3.218592063451191,52_1087
O=C(Nc1cccc(-c2cccc(-c3nc4ccccc4[nH]3)c2)c1)Nc1cccc(-c2cccc(F)c2F)c1,-9.930854605993341,3.218592063451191,52_1088
Cn1c(-c2cccc(-c3cccc(NC(=O)Nc4cccc(-c5cccc(F)c5F)c4)c3)c2)nc2ccccc21,-9.886847195357834,3.216920496534968,52_1089
O=C(Nc1cccc(-c2cccc(-c3nc4ccccc4[nH]3)c2)c1)Nc1cccc(-c2cccc(F)c2F)c1,-9.930854605993341,3.218592063451191,52_1090
O=C(Nc1cccc(-c2cccc(-c3nc4ccccc4[nH]3)c2)c1)Nc1cccc(-c2cccc(F)c2F)c1,-9.930854605993341,3.218592063451191,52_1091
Cn1c(-c2cccc(-c3cccc(NC(=O)Nc4cccc(-c5cccc(F)c5F)c4)c3)c2)nc2ccccc21,-9.886847195357834,3.216920496534968,52_1092
O=C(Nc1cccc(-c2cccc(-c3nc4ccccc4[nH]3)c2)c1)Nc1cccc(-c2cccc(F)c2F)c1,-9.930854605993341,3.218592063451191,52_1093
Cn1c(-c2cccc(-c3cccc(NC(=O)Nc4cccc(-c5cccc(F)c5F)c4)c3)c2)nc2ccccc21,-9.886847195357834,3.216920496534968,52_1094
O=C(Nc1cccc(-c2cccc(-c3nc4cc(F)ccc4[nH]3)c2)c1)Nc1cccc(-c2cccc(F)c2F)c1,-9.61225806451613,3.1875244530828533,52_1095
O=C(Nc1cccc(-c2cccc(-c3nc4ccccc4[nH]3)c2)c1)Nc1cccc(-c2cccc(F)c2F)c1,-9.930854605993341,3.218592063451191,52_1096
O=C(Nc1cccc(-c2cccc(-c3nc4cc(F)ccc4[nH]3)c2)c1)Nc1cccc(-c2cccc(F)c2F)c1,-9.61225806451613,3.1875244530828533,52_1097
Cn1c(-c2cccc(-c3cccc(NC(=O)Nc4cccc(-c5cccc(F)c5F)c4)c3)c2)nc2ccccc21,-9.886847195357834,3.216920496534968,52_1098
O=C(Nc1cccc(-c2cccc(-c3nc4ccccc4[nH]3)c2)c1)Nc1cccc(-c2cccc(F)c2F)c1,-9.930854605993341,3.218592063451191,52_1099
O=C(Nc1cccc(-c2cccc(F)c2F)c1)Nc1cccc(-c2cccc(-c3nc4cc(F)ccc4[nH]3)c2F)c1,-10.001606425702812,3.128615257744718,52_1100
O=C(Nc1cccc(-c2cccc(-c3nc4ccccc4[nH]3)c2)c1)Nc1cccc(-c2cccc(F)c2F)c1,-9.930854605993341,3.218592063451191,52_1101
Cn1c(-c2cccc(-c3cccc(NC(=O)Nc4cccc(-c5cccc(F)c5F)c4)c3)c2)nc2ccccc21,-9.886847195357834,3.216920496534968,52_1102
O=C(Nc1cccc(-c2cccc(F)c2F)c1)Nc1cccc(-c2cccc(-c3nc4cc(F)ccc4[nH]3)c2F)c1,-10.001606425702812,3.128615257744718,52_1103
O=C(Nc1cccc(-c2cccc(-c3nc4ccccc4[nH]3)c2)c1)Nc1cccc(-c2cccc(F)c2F)c1,-9.930854605993341,3.218592063451191,52_1104
O=C(Nc1cccc(-c2cccc(-c3nc4ccccc4[nH]3)c2)c1)Nc1cccc(-c2cccc(F)c2F)c1,-9.930854605993341,3.218592063451191,52_1105
Cn1c(-c2cccc(-c3cccc(NC(=O)Nc4cccc(-c5cccc(F)c5F)c4)c3)c2)nc2ccccc21,-9.886847195357834,3.216920496534968,52_1106
Cn1c(-c2cccc(-c3cccc(NC(=O)Nc4cccc(-c5cccc(F)c5F)c4)c3)c2)nc2ccccc21,-9.886847195357834,3.216920496534968,52_1107
O=C(Nc1cccc(-c2cccc(-c3nc4ccccc4[nH]3)c2)c1)Nc1cccc(-c2cccc(F)c2F)c1,-9.930854605993341,3.218592063451191,52_1108
O=C(Nc1cccc(-c2cccc(-c3nc4ccccc4[nH]3)c2)c1)Nc1cccc(-c2cccc(F)c2F)c1,-9.930854605993341,3.218592063451191,52_1109
O=C(Nc1cccc(-c2cccc(-c3nc4ccccc4[nH]3)c2)c1)Nc1cccc(-c2cccc(F)c2F)c1,-9.930854605993341,3.218592063451191,52_1110
O=C(Nc1cccc(-c2cccc(-c3nc4ccccc4[nH]3)c2)c1)Nc1cccc(-c2cccc(F)c2F)c1,-9.930854605993341,3.218592063451191,52_1111
O=C(Nc1cccc(-c2cccc(-c3nc4ccccc4[nH]3)c2)c1)Nc1cccc(-c2cccc(F)c2F)c1,-9.930854605993341,3.218592063451191,52_1112
O=C(Nc1cccc(-c2cccc(-c3nc4ccccc4[nH]3)c2)c1)Nc1cccc(-c2cccc(F)c2F)c1,-9.930854605993341,3.218592063451191,52_1113
O=C(Nc1cccc(-c2cccc(F)c2F)c1)Nc1cccc(-c2cccc(-c3nc4cc(F)ccc4[nH]3)c2F)c1,-10.001606425702812,3.128615257744718,52_1114
O=C(Nc1cccc(-c2cccc(F)c2F)c1)Nc1cccc(-c2cccc(-c3nc4cc(F)ccc4[nH]3)c2F)c1,-10.001606425702812,3.128615257744718,52_1115
O=C(Nc1cccc(-c2cccc(-c3nc4ccccc4[nH]3)c2)c1)Nc1cccc(-c2cccc(F)c2F)c1,-9.930854605993341,3.218592063451191,52_1116
O=C(Nc1cccc(-c2cccc(F)c2F)c1)Nc1cccc(-c2cccc(-c3nc4cc(F)ccc4[nH]3)c2F)c1,-10.001606425702812,3.128615257744718,52_1117
O=C(Nc1cccc(-c2cccc(-c3nc4ccccc4[nH]3)c2)c1)Nc1cccc(-c2cccc(F)c2F)c1,-9.930854605993341,3.218592063451191,52_1118
O=C(Nc1cccc(-c2cccc(-c3nc4ccccc4[nH]3)c2)c1)Nc1cccc(-c2cccc(F)c2F)c1,-9.930854605993341,3.218592063451191,52_1119
O=C(Nc1cccc(-c2cccc(-c3nc4ccccc4[nH]3)c2)c1)Nc1cccc(-c2cccc(F)c2F)c1,-9.930854605993341,3.218592063451191,52_1120
Cn1c(-c2cccc(-c3cccc(NC(=O)Nc4cccc(-c5cccc(F)c5F)c4)c3)c2)nc2ccccc21,-9.886847195357834,3.216920496534968,52_1121
Cn1c(-c2cccc(-c3cccc(NC(=O)Nc4cccc(-c5cccc(F)c5F)c4)c3)c2)nc2ccccc21,-9.886847195357834,3.216920496534968,52_1122
Cn1c(-c2cccc(-c3cccc(NC(=O)Nc4cccc(-c5cccc(F)c5F)c4)c3)c2)nc2ccccc21,-9.886847195357834,3.216920496534968,52_1123
Cn1c(-c2cccc(-c3cccc(NC(=O)Nc4cccc(-c5cccc(F)c5F)c4)c3)c2)nc2ccccc21,-9.886847195357834,3.216920496534968,52_1124
O=C(Nc1cccc(-c2cccc(-c3nc4ccccc4[nH]3)c2)c1)Nc1cccc(-c2cccc(F)c2F)c1,-9.930854605993341,3.218592063451191,52_1125
Cn1c(-c2cccc(-c3cccc(NC(=O)Nc4cccc(-c5cccc(F)c5F)c4)c3)c2)nc2ccccc21,-9.886847195357834,3.216920496534968,52_1126
O=C(Nc1cccc(-c2cccc(-c3nc4ccccc4[nH]3)c2)c1)Nc1cccc(-c2cccc(F)c2F)c1,-9.930854605993341,3.218592063451191,52_1127
O=C(Nc1cccc(-c2cccc(-c3nc4ccccc4[nH]3)c2)c1)Nc1cccc(-c2cccc(F)c2F)c1,-9.930854605993341,3.218592063451191,52_1128
Cn1c(-c2cccc(-c3cccc(NC(=O)Nc4cccc(-c5cccc(F)c5F)c4)c3)c2)nc2ccccc21,-9.886847195357834,3.216920496534968,52_1129
O=C(Nc1cccc(-c2cccc(-c3nc4ccccc4[nH]3)c2)c1)Nc1cccc(-c2cccc(F)c2F)c1,-9.930854605993341,3.218592063451191,52_1130
O=C(Nc1cccc(-c2cccc(-c3nc4cc(F)ccc4[nH]3)c2)c1)Nc1cccc(-c2cccc(F)c2F)c1,-9.61225806451613,3.1875244530828533,52_1131
O=C(Nc1cccc(-c2cccc(-c3nc4ccccc4[nH]3)c2)c1)Nc1cccc(-c2cccc(F)c2F)c1,-9.930854605993341,3.218592063451191,52_1132
Cn1c(-c2cccc(-c3cccc(NC(=O)Nc4cccc(-c5cccc(F)c5F)c4)c3)c2)nc2ccccc21,-9.886847195357834,3.216920496534968,52_1133
Cn1c(-c2cccc(-c3cccc(NC(=O)Nc4cccc(-c5cccc(F)c5F)c4)c3)c2)nc2ccccc21,-9.886847195357834,3.216920496534968,52_1134
O=C(Nc1ccccc1C(=O)O)c1cccc(-c2cccc(-c3cccc(-c4cccc(F)c4)c3)c2)c1,-8.2,3.317013365973615,52_1135
Cn1c(-c2cccc(-c3cccc(NC(=O)Nc4cccc(-c5cccc(F)c5F)c4)c3)c2)nc2ccccc21,-9.886847195357834,3.216920496534968,52_1136
O=C(Nc1cccc(-c2cccc(-c3nc4ccccc4[nH]3)c2)c1)Nc1cccc(-c2cccc(F)c2F)c1,-9.930854605993341,3.218592063451191,52_1137
O=C(Nc1cccc(-c2cccc(-c3nc4ccccc4[nH]3)c2)c1)Nc1cccc(-c2cccc(F)c2F)c1,-9.930854605993341,3.218592063451191,52_1138
O=C(Nc1cccc(-c2cccc(-c3cccc(-c4nn[nH]n4)c3)c2)c1)Nc1cccc(-c2cccc(F)c2F)c1,-9.847368421052632,3.286971097546113,52_1139
O=C(Nc1cccc(-c2cccc(-c3nc4ccccc4[nH]3)c2)c1)Nc1cccc(-c2cccc(F)c2F)c1,-9.930854605993341,3.218592063451191,52_1140
O=C(Nc1cccc(-c2cccc(-c3nc4ccccc4[nH]3)c2)c1)Nc1cccc(-c2cccc(F)c2F)c1,-9.930854605993341,3.218592063451191,52_1141
O=C(Nc1cccc(-c2cccc(-c3nc4ccccc4[nH]3)c2)c1)Nc1cccc(-c2cccc(F)c2F)c1,-9.930854605993341,3.218592063451191,52_1142
O=C(Nc1cccc(-c2cccc(-c3nc4ccccc4[nH]3)c2)c1)Nc1cccc(-c2cccc(F)c2F)c1,-9.930854605993341,3.218592063451191,52_1143
Cn1c(-c2cccc(-c3cccc(NC(=O)Nc4cccc(-c5cccc(F)c5F)c4)c3)c2)nc2ccccc21,-9.886847195357834,3.216920496534968,52_1144
O=C(Nc1cccc(-c2cccc(-c3nc4ccccc4[nH]3)c2)c1)Nc1cccc(-c2cccc(F)c2F)c1,-9.930854605993341,3.218592063451191,52_1145
O=C(Nc1cccc(-c2cccc(-c3nc4ccccc4[nH]3)c2)c1)Nc1cccc(-c2cccc(F)c2F)c1,-9.930854605993341,3.218592063451191,52_1146
O=C(Nc1cccc(-c2cccc(-c3nc4ccccc4[nH]3)c2)c1)Nc1cccc(-c2cccc(F)c2F)c1,-9.930854605993341,3.218592063451191,52_1147
O=C(Nc1cccc(-c2cccc(-c3nc4cc(F)ccc4[nH]3)c2)c1)Nc1cccc(-c2cccc(F)c2F)c1,-9.61225806451613,3.1875244530828533,52_1148
O=C(Nc1cccc(-c2cccc(-c3nc4ccccc4[nH]3)c2)c1)Nc1cccc(-c2cccc(F)c2F)c1,-9.930854605993341,3.218592063451191,52_1149
O=C(Nc1cccc(-c2cccc(-c3nc4ccccc4[nH]3)c2)c1)Nc1cccc(-c2cccc(F)c2F)c1,-9.930854605993341,3.218592063451191,52_1150
O=C(Nc1cccc(-c2cccc(-c3nc4ccccc4[nH]3)c2)c1)Nc1cccc(-c2cccc(F)c2F)c1,-9.930854605993341,3.218592063451191,52_1151
O=C(Nc1cccc(-c2cccc(-c3nc4ccccc4[nH]3)c2)c1)Nc1cccc(-c2cccc(F)c2F)c1,-9.930854605993341,3.218592063451191,52_1152
O=C(Nc1cccc(-c2cccc(F)c2F)c1)Nc1cccc(-c2cccc(-c3nc4cc(F)ccc4[nH]3)c2F)c1,-10.001606425702812,3.128615257744718,52_1153
Cn1c(-c2cccc(-c3cccc(NC(=O)Nc4cccc(-c5cccc(F)c5F)c4)c3)c2)nc2ccccc21,-9.886847195357834,3.216920496534968,52_1154
O=C(Nc1cccc(-c2cccc(F)c2F)c1)Nc1cccc(-c2cccc(-c3nc4cc(F)ccc4[nH]3)c2F)c1,-10.001606425702812,3.128615257744718,52_1155
O=C(Nc1cccc(-c2cccc(-c3nc4ccccc4[nH]3)c2)c1)Nc1cccc(-c2cccc(F)c2F)c1,-9.930854605993341,3.218592063451191,52_1156
Cn1c(-c2cccc(-c3cccc(NC(=O)Nc4cccc(-c5cccc(F)c5F)c4)c3)c2)nc2ccccc21,-9.886847195357834,3.216920496534968,52_1157
O=C(Nc1cccc(-c2cccc(-c3nc4ccccc4[nH]3)c2)c1)Nc1cccc(-c2cccc(F)c2F)c1,-9.930854605993341,3.218592063451191,52_1158
Cn1c(-c2cccc(-c3cccc(NC(=O)Nc4cccc(-c5cccc(F)c5F)c4)c3)c2)nc2ccccc21,-9.886847195357834,3.216920496534968,52_1159
O=C(Nc1cccc(-c2cccc(-c3nc4ccccc4[nH]3)c2)c1)Nc1cccc(-c2cccc(F)c2F)c1,-9.930854605993341,3.218592063451191,52_1160
O=C(Nc1ccccn1)c1cccc(-c2cccc(-c3cccc(-c4cccc(C(=O)N5CCOCC5)c4)c3)c2)c1,-8.2,3.3891663118074398,52_1161
O=C(Nc1cccc(-c2cccc(-c3nc4ccccc4[nH]3)c2)c1)Nc1cccc(-c2cccc(F)c2F)c1,-9.930854605993341,3.218592063451191,52_1162
O=C(Nc1cccc(-c2cccc(-c3nc4cc(F)ccc4[nH]3)c2)c1)Nc1cccc(-c2cccc(F)c2F)c1,-9.61225806451613,3.1875244530828533,52_1163
Cn1c(-c2cccc(-c3cccc(NC(=O)Nc4cccc(-c5cccc(F)c5F)c4)c3)c2)nc2ccccc21,-9.886847195357834,3.216920496534968,52_1164
O=C(Nc1cccc(-c2cccc(-c3nc4ccccc4[nH]3)c2)c1)Nc1cccc(-c2cccc(F)c2F)c1,-9.930854605993341,3.218592063451191,52_1165
Cn1c(-c2cccc(-c3cccc(NC(=O)Nc4cccc(-c5cccc(C(=O)N6CCOCC6)c5)c4)c3)c2)nc2ccccc21,-9.365625000000001,3.2756851861708367,52_1166
O=C(Nc1cccc(-c2cccc(-c3nc4cc(F)ccc4[nH]3)c2)c1)Nc1cccc(-c2cccc(F)c2F)c1,-9.61225806451613,3.1875244530828533,52_1167
O=C(Nc1cccc(-c2cccc(F)c2F)c1)Nc1cccc(-c2cccc(-c3nc4cc(F)ccc4[nH]3)c2F)c1,-10.001606425702812,3.128615257744718,52_1168
O=C(Nc1cccc(-c2cccc(-c3nc4ccccc4[nH]3)c2)c1)Nc1cccc(-c2cccc(F)c2F)c1,-9.930854605993341,3.218592063451191,52_1169
Cn1c(-c2cccc(-c3cccc(NC(=O)Nc4cccc(-c5cccc(F)c5F)c4)c3)c2)nc2ccccc21,-9.886847195357834,3.216920496534968,52_1170
O=c1c2ccccc2nc(-c2cccc(-c3ccccc3)c2)n1-c1cccc(-c2cccc(-c3ccc4c(c3)OCO4)c2)c1,-9.2,3.0902290812738213,52_1171
O=C(Nc1cccc(-c2cccc(-c3nc4ccccc4[nH]3)c2)c1)Nc1cccc(-c2cccc(F)c2F)c1,-9.930854605993341,3.218592063451191,52_1172
O=C(Nc1cccc(-c2cccc(-c3nc4ccccc4[nH]3)c2)c1)Nc1cccc(-c2cccc(F)c2F)c1,-9.930854605993341,3.218592063451191,52_1173
O=C(Nc1cccc(-c2cccc(-c3nc4ccccc4[nH]3)c2)c1)Nc1cccc(-c2cccc(F)c2F)c1,-9.930854605993341,3.218592063451191,52_1174
O=C(Nc1cccc(-c2cccc(-c3nc4ccccc4[nH]3)c2)c1)Nc1cccc(-c2cccc(F)c2F)c1,-9.930854605993341,3.218592063451191,52_1175
Cn1c(-c2cccc(-c3cccc(NC(=O)Nc4cccc(-c5cccc(F)c5F)c4)c3)c2)nc2ccccc21,-9.886847195357834,3.216920496534968,52_1176
Cn1c(-c2cccc(-c3cccc(NC(=O)Nc4cccc(-c5cccc(-c6cccc(F)c6)c5)c4)c3)c2)nc2ccccc21,-9.841666666666667,3.0539916384657317,52_1177
Cn1c(-c2cccc(-c3cccc(NC(=O)Nc4cccc(-c5ccccc5F)c4)c3)c2)nc2ccccc21,-10.200000000000001,3.211589862292562,52_1178
O=C(Nc1cccc(-c2cccc(-c3nc4cc(F)ccc4[nH]3)c2)c1)Nc1cccc(-c2cccc(F)c2F)c1,-9.61225806451613,3.1875244530828533,52_1179
Cn1c(-c2cccc(-c3cccc(NC(=O)Nc4cccc(-c5cccc(F)c5F)c4)c3)c2)nc2ccccc21,-9.886847195357834,3.216920496534968,52_1180
O=C(Nc1cccc(-c2cccc(-c3nc4ccccc4[nH]3)c2)c1)Nc1cccc(-c2cccc(F)c2F)c1,-9.930854605993341,3.218592063451191,52_1181
O=C(Nc1cccc(-c2cccc(F)c2F)c1)Nc1cccc(-c2cccc(-c3nc4cc(F)ccc4[nH]3)c2F)c1,-10.001606425702812,3.128615257744718,52_1182
O=C(Nc1cccc(-c2cccc(-c3nc4ccccc4[nH]3)c2)c1)Nc1cccc(-c2cccc(F)c2F)c1,-9.930854605993341,3.218592063451191,52_1183
O=C(Nc1cccc(-c2cccc(F)c2F)c1)Nc1cccc(-c2cccc(-c3nc4cc(F)ccc4[nH]3)c2F)c1,-10.001606425702812,3.128615257744718,52_1184
O=C(Nc1cccc(-c2cccc(F)c2F)c1)Nc1cccc(-c2cccc(-c3nc4cc(F)ccc4[nH]3)c2F)c1,-10.001606425702812,3.128615257744718,52_1185
O=C(Nc1cccc(-c2cccc(-c3nc4ccccc4[nH]3)c2)c1)Nc1cccc(-c2cccc(F)c2F)c1,-9.930854605993341,3.218592063451191,52_1186
Cn1c(-c2cccc(-c3cccc(NC(=O)Nc4cccc(-c5cccc(F)c5F)c4)c3)c2)nc2ccccc21,-9.886847195357834,3.216920496534968,52_1187
Cn1c(-c2cccc(-c3cccc(NC(=O)Nc4cccc(-c5cccc(F)c5F)c4)c3)c2)nc2ccccc21,-9.886847195357834,3.216920496534968,52_1188
O=C(Nc1cccc(-c2cccc(-c3nc4ccccc4[nH]3)c2)c1)Nc1cccc(-c2cccc(F)c2F)c1,-9.930854605993341,3.218592063451191,52_1189
O=C(Nc1cccc(-c2cccc(-c3nc4ccccc4[nH]3)c2)c1)Nc1cccc(-c2cccc(F)c2F)c1,-9.930854605993341,3.218592063451191,52_1190
Cn1c(-c2cccc(-c3cccc(NC(=O)Nc4cccc(-c5cccc(F)c5F)c4)c3)c2)nc2ccccc21,-9.886847195357834,3.216920496534968,52_1191
O=S(=O)(Nc1nccs1)c1ccc2c(-c3cccc(-c4ccc5c(c4)OCO5)c3)cccc2c1,-9.4,3.4285394827699687,52_1192
O=C(Nc1cccc(-c2cccc(-c3nc4ccccc4[nH]3)c2)c1)Nc1cccc(-c2cccc(F)c2F)c1,-9.930854605993341,3.218592063451191,52_1193
O=C(Nc1cccc(-c2cccc(-c3nc4ccccc4[nH]3)c2)c1)Nc1cccc(-c2cccc(F)c2F)c1,-9.930854605993341,3.218592063451191,52_1194
O=C(Nc1cccc(-c2cccc(-c3nc4ccccc4[nH]3)c2)c1)Nc1cccc(-c2cccc(F)c2F)c1,-9.930854605993341,3.218592063451191,52_1195
Cn1c(-c2cccc(-c3cccc(NC(=O)Nc4cccc(-c5cccc(F)c5F)c4)c3)c2)nc2ccccc21,-9.886847195357834,3.216920496534968,52_1196
Cn1c(-c2cccc(-c3cccc(NC(=O)Nc4cccc(-c5cccc(F)c5F)c4)c3)c2)nc2ccccc21,-9.886847195357834,3.216920496534968,52_1197
Cn1c(-c2cccc(-c3cccc(NC(=O)Nc4cccc(-c5cccc(F)c5F)c4)c3)c2)nc2ccccc21,-9.886847195357834,3.216920496534968,52_1198
O=C(Nc1cccc(-c2cccc(-c3nc4ccccc4[nH]3)c2)c1)Nc1cccc(-c2cccc(F)c2F)c1,-9.930854605993341,3.218592063451191,52_1199
O=C(Nc1cccc(-c2cccc(-c3nc4ccccc4[nH]3)c2)c1)Nc1cccc(-c2cccc(F)c2F)c1,-9.930854605993341,3.218592063451191,52_1200
O=C(Nc1cccc(-c2cccc(F)c2F)c1)Nc1cccc(-c2cccc(-c3nc4cc(F)ccc4[nH]3)c2F)c1,-10.001606425702812,3.128615257744718,52_1201
O=C(Nc1cccc(-c2cccc(-c3nc4ccccc4[nH]3)c2)c1)Nc1cccc(-c2cccc(F)c2F)c1,-9.930854605993341,3.218592063451191,52_1202
O=C(Nc1cccc(-c2cccc(F)c2F)c1)Nc1cccc(-c2cccc(-c3nc4cc(F)ccc4[nH]3)c2F)c1,-10.001606425702812,3.128615257744718,52_1203
O=C(Nc1cccc(-c2cccc(-c3nc4ccccc4[nH]3)c2)c1)Nc1cccc(-c2cccc(F)c2F)c1,-9.930854605993341,3.218592063451191,52_1204
O=C(Nc1cccc(-c2cccc(F)c2F)c1)Nc1cccc(-c2cccc(-c3nc4cc(F)ccc4[nH]3)c2F)c1,-10.001606425702812,3.128615257744718,52_1205
O=C(Nc1cccc(-c2cccc(-c3nc4ccccc4[nH]3)c2)c1)Nc1cccc(-c2cccc(F)c2F)c1,-9.930854605993341,3.218592063451191,52_1206
O=C(Nc1cccc(-c2cccc(F)c2F)c1)Nc1cccc(-c2cccc(-c3nc4cc(F)ccc4[nH]3)c2F)c1,-10.001606425702812,3.128615257744718,52_1207
O=C(Nc1cccc(-c2cccc(-c3nc4ccccc4[nH]3)c2)c1)Nc1cccc(-c2cccc(F)c2F)c1,-9.930854605993341,3.218592063451191,52_1208
O=C(Nc1cccc(-c2cccc(-c3nc4ccccc4[nH]3)c2)c1)Nc1cccc(-c2cccc(F)c2F)c1,-9.930854605993341,3.218592063451191,52_1209
O=C(Nc1cccc(-c2cccc(F)c2F)c1)Nc1cccc(-c2cccc(-c3nc4cc(F)ccc4[nH]3)c2F)c1,-10.001606425702812,3.128615257744718,52_1210
O=C(Nc1cccc(-c2cccc(-c3nc4ccccc4[nH]3)c2)c1)Nc1cccc(-c2cccc(F)c2F)c1,-9.930854605993341,3.218592063451191,52_1211
O=C(Nc1cccc(-c2cccc(F)c2F)c1)Nc1cccc(-c2cccc(-c3nc4cc(F)ccc4[nH]3)c2F)c1,-10.001606425702812,3.128615257744718,52_1212
O=C(Nc1cccc(-c2cccc(-c3nc4ccccc4[nH]3)c2)c1)Nc1cccc(-c2cccc(F)c2F)c1,-9.930854605993341,3.218592063451191,52_1213
O=S1(=O)Nc2cccc(-c3cccc(-c4cccc(-c5ccccc5F)c4)c3)c2-c2cccc3cccc1c23,-8.6,2.2665624023019344,52_1214
O=C(Nc1cccc(-c2cccc(-c3nc4cc(F)ccc4[nH]3)c2)c1)Nc1cccc(-c2cccc(F)c2F)c1,-9.61225806451613,3.1875244530828533,52_1215
O=C(Nc1cccc(-c2cccc(-c3nc4ccccc4[nH]3)c2)c1)Nc1cccc(-c2cccc(F)c2F)c1,-9.930854605993341,3.218592063451191,52_1216
O=C(Nc1cccc(-c2cccc(-c3nc4ccccc4[nH]3)c2)c1)Nc1cccc(-c2cccc(F)c2F)c1,-9.930854605993341,3.218592063451191,52_1217
O=C(Nc1cccc(-c2cccc(-c3nc4ccccc4[nH]3)c2)c1)Nc1cccc(-c2cccc(F)c2F)c1,-9.930854605993341,3.218592063451191,52_1218
O=C(Nc1cccc(-c2cccc(F)c2F)c1)Nc1cccc(-c2cccc(-c3nc4cc(F)ccc4[nH]3)c2F)c1,-10.001606425702812,3.128615257744718,52_1219
Cn1c(-c2cccc(-c3cccc(NC(=O)Nc4cccc(-c5cccc(-c6cccc(F)c6)c5)c4)c3)c2)nc2ccccc21,-9.841666666666667,3.0539916384657317,52_1220
Cn1c(-c2cccc(-c3cccc(NC(=O)Nc4cccc(-c5cccc(F)c5F)c4)c3)c2)nc2ccccc21,-9.886847195357834,3.216920496534968,52_1221
O=C(Nc1cccc(-c2cccc(F)c2F)c1)Nc1cccc(-c2cccc(-c3nc4cc(F)ccc4[nH]3)c2F)c1,-10.001606425702812,3.128615257744718,52_1222
Cn1c(-c2cccc(-c3cccc(NC(=O)Nc4cccc(-c5cccc(F)c5F)c4)c3)c2)nc2ccccc21,-9.886847195357834,3.216920496534968,52_1223
O=C(Nc1cccc(-c2cccc(-c3nc4ccccc4[nH]3)c2)c1)Nc1cccc(-c2cccc(F)c2F)c1,-9.930854605993341,3.218592063451191,52_1224
O=C(Nc1cccc(-c2cccc(-c3nc4ccccc4[nH]3)c2)c1)Nc1cccc(-c2cccc(F)c2F)c1,-9.930854605993341,3.218592063451191,52_1225
O=C(Nc1cccc(-c2cccc(-c3nc4cc(F)ccc4[nH]3)c2)c1)Nc1cccc(-c2cccc(F)c2F)c1,-9.61225806451613,3.1875244530828533,52_1226
O=C(Nc1cccc(-c2cccc(-c3nc4ccccc4[nH]3)c2)c1)Nc1cccc(-c2cccc(F)c2F)c1,-9.930854605993341,3.218592063451191,52_1227
O=C(c1cccc(-c2cccc(-c3ccc4c(c3)OCO4)c2)c1)N1CCN(S(=O)(=O)c2cccc(F)c2)CC1,-9.1,3.4766377407123574,52_1228
O=C(Nc1cccc(-c2cccc(F)c2F)c1)Nc1cccc(-c2cccc(-c3nc4cc(F)ccc4[nH]3)c2F)c1,-10.001606425702812,3.128615257744718,52_1229
O=C(Nc1cccc(-c2cccc(F)c2F)c1)Nc1cccc(-c2cccc(-c3nc4cc(F)ccc4[nH]3)c2F)c1,-10.001606425702812,3.128615257744718,52_1230
O=C(Nc1cccc(-c2cccc(-c3nc4ccccc4[nH]3)c2)c1)Nc1cccc(-c2cccc(F)c2F)c1,-9.930854605993341,3.218592063451191,52_1231
Cn1c(-c2cccc(-c3cccc(NC(=O)Nc4cccc(-c5cccc(F)c5F)c4)c3)c2)nc2ccccc21,-9.886847195357834,3.216920496534968,52_1232
O=C(Nc1cccc(-c2cccc(-c3nc4ccccc4[nH]3)c2)c1)Nc1cccc(-c2cccc(F)c2F)c1,-9.930854605993341,3.218592063451191,52_1233
O=C(Nc1cccc(-c2cccc(-c3nc4ccccc4[nH]3)c2)c1)Nc1cccc(-c2cccc(F)c2F)c1,-9.930854605993341,3.218592063451191,52_1234
O=C(Nc1cccc(-c2cccc(-c3nc4ccccc4[nH]3)c2)c1)Nc1cccc(-c2cccc(F)c2F)c1,-9.930854605993341,3.218592063451191,52_1235
O=C(Nc1cccc(-c2cccc(-c3nc4ccccc4[nH]3)c2)c1)Nc1cccc(-c2cccc(F)c2F)c1,-9.930854605993341,3.218592063451191,52_1236
Cn1c(-c2cccc(-c3cccc(NC(=O)Nc4cccc(-c5cccc(F)c5F)c4)c3)c2)nc2ccccc21,-9.886847195357834,3.216920496534968,52_1237
O=C(Nc1cccc(-c2cccc(-c3nc4cc(F)ccc4[nH]3)c2)c1)Nc1cccc(-c2cccc(F)c2F)c1,-9.61225806451613,3.1875244530828533,52_1238
O=C(Nc1cccc(-c2cccc(F)c2F)c1)Nc1cccc(-c2cccc(-c3nc4cc(F)ccc4[nH]3)c2F)c1,-10.001606425702812,3.128615257744718,52_1239
O=C(Nc1cccc(-c2cccc(F)c2F)c1)Nc1cccc(-c2cccc(-c3nc4cc(F)ccc4[nH]3)c2F)c1,-10.001606425702812,3.128615257744718,52_1240
O=C(Nc1cccc(-c2cccc(-c3nc4ccccc4[nH]3)c2)c1)Nc1cccc(-c2cccc(F)c2F)c1,-9.930854605993341,3.218592063451191,52_1241
O=C(Nc1cccc(-c2cccc(-c3nc4ccccc4[nH]3)c2)c1)Nc1cccc(-c2cccc(F)c2F)c1,-9.930854605993341,3.218592063451191,52_1242
O=C(Nc1cccc(-c2cccc(F)c2F)c1)Nc1cccc(-c2cccc(-c3nc4cc(F)ccc4[nH]3)c2F)c1,-10.001606425702812,3.128615257744718,52_1243
O=C(Nc1cccc(-c2cccc(-c3nc4ccccc4[nH]3)c2)c1)Nc1cccc(-c2cccc(F)c2F)c1,-9.930854605993341,3.218592063451191,52_1244
Cn1c(-c2cccc(-c3cccc(NC(=O)Nc4cccc(-c5cccc(F)c5F)c4)c3)c2)nc2ccccc21,-9.886847195357834,3.216920496534968,52_1245
O=C(Nc1cccc(-c2cccc(-c3nc4ccccc4[nH]3)c2)c1)Nc1cccc(-c2cccc(F)c2F)c1,-9.930854605993341,3.218592063451191,52_1246
O=C(Nc1cccc(-c2cccc(-c3nc4ccccc4[nH]3)c2)c1)Nc1cccc(-c2cccc(F)c2F)c1,-9.930854605993341,3.218592063451191,52_1247
O=C(Nc1cccc(-c2cccc(F)c2F)c1)Nc1cccc(-c2cccc(-c3nc4cc(F)ccc4[nH]3)c2F)c1,-10.001606425702812,3.128615257744718,52_1248
O=C(Nc1cccc(-c2cccc(-c3nc4ccccc4[nH]3)c2)c1)Nc1cccc(-c2cccc(F)c2F)c1,-9.930854605993341,3.218592063451191,52_1249
O=C(Nc1cccc(-c2cccc(-c3nc4ccccc4[nH]3)c2)c1)Nc1cccc(-c2cccc(F)c2F)c1,-9.930854605993341,3.218592063451191,52_1250
O=C(Nc1cccc(-c2cccc(-c3nc4ccccc4[nH]3)c2)c1)Nc1cccc(-c2cccc(F)c2F)c1,-9.930854605993341,3.218592063451191,52_1251
Cn1c(-c2cccc(-c3cccc(NC(=O)Nc4cccc(-c5cccc(F)c5F)c4)c3)c2)nc2ccccc21,-9.886847195357834,3.216920496534968,52_1252
O=C(Nc1cccc(-c2cccc(-c3nc4ccccc4[nH]3)c2)c1)Nc1cccc(-c2cccc(F)c2F)c1,-9.930854605993341,3.218592063451191,52_1253
O=C(Nc1cccc(-c2cccc(F)c2F)c1)Nc1cccc(-c2cccc(-c3nc4cc(F)ccc4[nH]3)c2F)c1,-10.001606425702812,3.128615257744718,52_1254
O=C(Nc1cccc(-c2cccc(-c3nc4ccccc4[nH]3)c2)c1)Nc1cccc(-c2cccc(F)c2F)c1,-9.930854605993341,3.218592063451191,52_1255
Cn1c(-c2cccc(-c3cccc(NC(=O)Nc4cccc(-c5cccc(F)c5F)c4)c3)c2)nc2ccccc21,-9.886847195357834,3.216920496534968,52_1256
O=C(Nc1cccc(-c2cccc(-c3nc4ccccc4[nH]3)c2)c1)Nc1cccc(-c2cccc(F)c2F)c1,-9.930854605993341,3.218592063451191,52_1257
Cn1c(-c2cccc(-c3cccc(NC(=O)Nc4cccc(-c5cccc(F)c5F)c4)c3)c2)nc2ccccc21,-9.886847195357834,3.216920496534968,52_1258
Cn1c(-c2cccc(-c3cccc(NC(=O)Nc4cccc(-c5cccc(F)c5F)c4)c3)c2)nc2ccccc21,-9.886847195357834,3.216920496534968,52_1259
O=C(Nc1cccc(-c2cccc(-c3nc4ccccc4[nH]3)c2)c1)Nc1cccc(-c2cccc(F)c2F)c1,-9.930854605993341,3.218592063451191,52_1260
Cn1c(-c2cccc(-c3cccc(NC(=O)Nc4cccc(-c5cccc(F)c5F)c4)c3)c2)nc2ccccc21,-9.886847195357834,3.216920496534968,52_1261
O=C(Nc1cccc(-c2cccc(F)c2F)c1)Nc1cccc(-c2cccc(-c3nc4cc(F)ccc4[nH]3)c2F)c1,-10.001606425702812,3.128615257744718,52_1262
Cn1c(-c2cccc(-c3cccc(NC(=O)Nc4cccc(-c5cccc(F)c5F)c4)c3)c2)nc2ccccc21,-9.886847195357834,3.216920496534968,52_1263
Cn1c(-c2cccc(-c3cccc(NC(=O)Nc4cccc(-c5cccc(F)c5F)c4)c3)c2)nc2ccccc21,-9.886847195357834,3.216920496534968,52_1264
Cn1c(-c2cccc(-c3cccc(NC(=O)Nc4cccc(-c5cccc(F)c5F)c4)c3)c2)nc2ccccc21,-9.886847195357834,3.216920496534968,52_1265
Cn1c(-c2cccc(-c3cccc(NC(=O)Nc4cccc(-c5cccc(F)c5F)c4)c3)c2)nc2ccccc21,-9.886847195357834,3.216920496534968,52_1266
O=C(Nc1cccc(-c2cccc(-c3nc4cc(F)ccc4[nH]3)c2)c1)Nc1cccc(-c2cccc(F)c2F)c1,-9.61225806451613,3.1875244530828533,52_1267
O=C(Nc1cccc(-c2cccc(-c3nc4ccccc4[nH]3)c2)c1)Nc1cccc(-c2cccc(F)c2F)c1,-9.930854605993341,3.218592063451191,52_1268
O=C(Nc1cccc(-c2cccc(-c3nc4ccccc4[nH]3)c2)c1)Nc1cccc(-c2cccc(F)c2F)c1,-9.930854605993341,3.218592063451191,52_1269
Cn1c(-c2cccc(-c3cccc(NC(=O)Nc4cccc(-c5cccc(F)c5F)c4)c3)c2)nc2ccccc21,-9.886847195357834,3.216920496534968,52_1270
Cn1c(-c2cccc(-c3cccc(NC(=O)Nc4cccc(-c5cccc(F)c5F)c4)c3)c2)nc2ccccc21,-9.886847195357834,3.216920496534968,52_1271
O=C(Nc1cccc(-c2cccc(-c3nc4ccccc4[nH]3)c2)c1)Nc1cccc(-c2cccc(F)c2F)c1,-9.930854605993341,3.218592063451191,52_1272
Cn1c(-c2cccc(-c3cccc(NC(=O)Nc4cccc(-c5cccc(F)c5F)c4)c3)c2)nc2ccccc21,-9.886847195357834,3.216920496534968,52_1273
Cn1c(-c2cccc(-c3cccc(NC(=O)Nc4cccc(-c5cccc(F)c5F)c4)c3)c2)nc2ccccc21,-9.886847195357834,3.216920496534968,52_1274
O=C(Nc1cccc(-c2cccc(F)c2F)c1)Nc1cccc(-c2cccc(-c3nc4cc(F)ccc4[nH]3)c2F)c1,-10.001606425702812,3.128615257744718,52_1275
O=C(Nc1cccc(-c2cccc(-c3nc4ccccc4[nH]3)c2)c1)Nc1cccc(-c2cccc(F)c2F)c1,-9.930854605993341,3.218592063451191,52_1276
O=C(Nc1cccc(-c2cccc(-c3nc4ccccc4[nH]3)c2)c1)Nc1cccc(-c2cccc(F)c2F)c1,-9.930854605993341,3.218592063451191,52_1277
O=C(Nc1cccc(-c2cccc(-c3nc4ccccc4[nH]3)c2)c1)Nc1cccc(-c2cccc(F)c2F)c1,-9.930854605993341,3.218592063451191,52_1278
O=C(Nc1cccc(-c2cccc(-c3nc4cc(F)ccc4[nH]3)c2)c1)Nc1cccc(-c2cccc(F)c2F)c1,-9.61225806451613,3.1875244530828533,52_1279
O=C(Nc1cccc(-c2cccc(-c3nc4ccccc4[nH]3)c2)c1)Nc1cccc(-c2cccc(F)c2F)c1,-9.930854605993341,3.218592063451191,52_1280
O=C(Nc1cccc(-c2cccc(-c3nc4ccccc4[nH]3)c2)c1)Nc1cccc(-c2cccc(F)c2F)c1,-9.930854605993341,3.218592063451191,52_1281
O=C(Nc1cccc(-c2cccc(-c3nc4ccccc4[nH]3)c2)c1)Nc1cccc(-c2cccc(F)c2F)c1,-9.930854605993341,3.218592063451191,52_1282
O=C(Nc1cccc(-c2cccc(-c3nc4ccccc4[nH]3)c2)c1)Nc1cccc(-c2cccc(F)c2F)c1,-9.930854605993341,3.218592063451191,52_1283
O=C(Nc1cccc(-c2cccc(-c3nc4ccccc4[nH]3)c2)c1)Nc1cccc(-c2cccc(F)c2F)c1,-9.930854605993341,3.218592063451191,52_1284
O=C(Nc1cccc(-c2cccc(-c3nc4cc(F)ccc4[nH]3)c2)c1)Nc1cccc(-c2cccc(F)c2F)c1,-9.61225806451613,3.1875244530828533,52_1285
O=C(Nc1cccc(-c2cccc(-c3nc4ccccc4[nH]3)c2)c1)Nc1cccc(-c2cccc(F)c2F)c1,-9.930854605993341,3.218592063451191,52_1286
O=C(Nc1cccc(-c2cccc(-c3nc4ccccc4[nH]3)c2)c1)Nc1cccc(-c2cccc(F)c2F)c1,-9.930854605993341,3.218592063451191,52_1287
O=C(Nc1cccc(-c2cccc(-c3cccc(-c4ccccc4F)c3)c2)c1)N1CCNCC1,-9.333333333333336,3.470002651546907,52_1288
O=C(Nc1cccc(-c2cccc(-c3nc4cc(F)ccc4[nH]3)c2)c1)Nc1cccc(-c2cccc(F)c2F)c1,-9.61225806451613,3.1875244530828533,52_1289
O=C(Nc1cccc(-c2cccc(-c3nc4ccccc4[nH]3)c2)c1)Nc1cccc(-c2cccc(F)c2F)c1,-9.930854605993341,3.218592063451191,52_1290
O=C(Nc1cccc(-c2cccc(-c3nc4ccccc4[nH]3)c2)c1)Nc1cccc(-c2cccc(F)c2F)c1,-9.930854605993341,3.218592063451191,52_1291
O=C(Nc1cccc(-c2cccc(-c3nc4cc(F)ccc4[nH]3)c2)c1)Nc1cccc(-c2cccc(F)c2F)c1,-9.61225806451613,3.1875244530828533,52_1292
O=C(Nc1cccc(-c2cccc(-c3nc4ccccc4[nH]3)c2)c1)Nc1cccc(-c2cccc(F)c2F)c1,-9.930854605993341,3.218592063451191,52_1293
O=C(Nc1cccc(-c2cccc(-c3nc4cc(F)ccc4[nH]3)c2)c1)Nc1cccc(-c2cccc(F)c2F)c1,-9.61225806451613,3.1875244530828533,52_1294
O=C(Nc1cccc(-c2cccc(-c3nc4ccccc4[nH]3)c2)c1)Nc1cccc(-c2cccc(F)c2F)c1,-9.930854605993341,3.218592063451191,52_1295
O=C(Nc1cccc(-c2cccc(-c3nc4ccccc4[nH]3)c2)c1)Nc1cccc(-c2cccc(F)c2F)c1,-9.930854605993341,3.218592063451191,52_1296
O=C(Nc1cccc(-c2cccc(-c3nc4ccccc4[nH]3)c2)c1)Nc1cccc(-c2cccc(F)c2F)c1,-9.930854605993341,3.218592063451191,52_1297
O=C(Nc1cccc(-c2cccc(-c3nc4ccccc4[nH]3)c2)c1)Nc1cccc(-c2cccc(F)c2F)c1,-9.930854605993341,3.218592063451191,52_1298
O=C(Nc1cccc(-c2cccc(-c3nc4ccccc4[nH]3)c2)c1)Nc1cccc(-c2cccc(F)c2F)c1,-9.930854605993341,3.218592063451191,52_1299
O=C(Nc1cccc(-c2cccc(F)c2F)c1)Nc1cccc(-c2cccc(-c3nc4cc(F)ccc4[nH]3)c2F)c1,-10.001606425702812,3.128615257744718,52_1300
Cn1c(-c2cccc(-c3cccc(NC(=O)Nc4cccc(-c5cccc(C(=O)N6CCOCC6)c5)c4)c3)c2)nc2ccccc21,-9.365625000000001,3.2756851861708367,52_1301
O=C(Nc1cccc(-c2cccc(-c3nc4ccccc4[nH]3)c2)c1)Nc1cccc(-c2cccc(F)c2F)c1,-9.930854605993341,3.218592063451191,52_1302
O=C(Nc1cccc(-c2cccc(-c3nc4ccccc4[nH]3)c2)c1)Nc1cccc(-c2cccc(F)c2F)c1,-9.930854605993341,3.218592063451191,52_1303
Cn1c(-c2cccc(-c3cccc(NC(=O)Nc4cccc(-c5cccc(F)c5F)c4)c3)c2)nc2ccccc21,-9.886847195357834,3.216920496534968,52_1304
Cn1c(-c2cccc(-c3cccc(NC(=O)Nc4cccc(-c5cccc(F)c5F)c4)c3)c2)nc2ccccc21,-9.886847195357834,3.216920496534968,52_1305
Cn1c(-c2cccc(-c3cccc(NC(=O)Nc4cccc(-c5cccc(F)c5F)c4)c3)c2)nc2ccccc21,-9.886847195357834,3.216920496534968,52_1306
O=C(Nc1cccc(-c2cccc(-c3cccc(-c4nn[nH]n4)c3)c2)c1)Nc1cccc(-c2cccc(F)c2F)c1,-9.847368421052632,3.286971097546113,52_1307
Cn1c(-c2cccc(-c3cccc(NC(=O)Nc4cccc(-c5cccc(F)c5F)c4)c3)c2)nc2ccccc21,-9.886847195357834,3.216920496534968,52_1308
O=C(Nc1cccc(-c2cccc(F)c2F)c1)Nc1cccc(-c2cccc(-c3nc4cc(F)ccc4[nH]3)c2F)c1,-10.001606425702812,3.128615257744718,52_1309
Cn1c(-c2cccc(-c3cccc(NC(=O)Nc4cccc(-c5cccc(F)c5F)c4)c3)c2)nc2ccccc21,-9.886847195357834,3.216920496534968,52_1310
O=C(Nc1cccc(-c2cccc(-c3nc4ccccc4[nH]3)c2)c1)Nc1cccc(-c2cccc(F)c2F)c1,-9.930854605993341,3.218592063451191,52_1311
O=C(Nc1cccc(-c2cccc(F)c2F)c1)Nc1cccc(-c2cccc(-c3nc4cc(F)ccc4[nH]3)c2F)c1,-10.001606425702812,3.128615257744718,52_1312
Cn1c(-c2cccc(-c3cccc(NC(=O)Nc4cccc(-c5cccc(F)c5F)c4)c3)c2)nc2ccccc21,-9.886847195357834,3.216920496534968,52_1313
O=C(Nc1cccc(-c2cccc(-c3nc4ccccc4[nH]3)c2)c1)Nc1cccc(-c2cccc(F)c2F)c1,-9.930854605993341,3.218592063451191,52_1314
O=C(Nc1cccc(-c2cccc(-c3nc4ccccc4[nH]3)c2)c1)Nc1cccc(-c2cccc(F)c2F)c1,-9.930854605993341,3.218592063451191,52_1315
O=C(NCC[C@H]1CCCO1)c1cccc(-c2cccc(-c3cccc(-c4nc5cc(F)ccc5[nH]4)c3F)c2)c1,-8.6,3.337929474149435,52_1316
O=C(Nc1cccc(-c2cccc(-c3cccc(-c4cccc(F)c4)c3)c2)c1)N1CCNCC1,-9.433333333333334,3.470002651546907,52_1317
Cn1c(-c2cccc(-c3cccc(NC(=O)Nc4cccc(-c5cccc(F)c5F)c4)c3)c2)nc2ccccc21,-9.886847195357834,3.216920496534968,52_1318
O=C(Nc1cccc(-c2cccc(-c3nc4ccccc4[nH]3)c2)c1)Nc1cccc(-c2cccc(F)c2F)c1,-9.930854605993341,3.218592063451191,52_1319
O=C(Nc1cccc(-c2cccc(-c3nc4ccccc4[nH]3)c2)c1)Nc1cccc(-c2cccc(F)c2F)c1,-9.930854605993341,3.218592063451191,52_1320
Cn1c(-c2cccc(-c3cccc(NC(=O)Nc4cccc(-c5cccc(F)c5F)c4)c3)c2)nc2ccccc21,-9.886847195357834,3.216920496534968,52_1321
O=C(Nc1cccc(-c2cccc(-c3nc4ccccc4[nH]3)c2)c1)Nc1cccc(-c2cccc(F)c2F)c1,-9.930854605993341,3.218592063451191,52_1322
O=C(Nc1cccc(-c2cccc(-c3nc4cc(F)ccc4[nH]3)c2)c1)Nc1cccc(-c2cccc(F)c2F)c1,-9.61225806451613,3.1875244530828533,52_1323
Cn1c(-c2cccc(-c3cccc(NC(=O)Nc4cccc(-c5cccc(F)c5F)c4)c3)c2)nc2ccccc21,-9.886847195357834,3.216920496534968,52_1324
O=C(Nc1cccc(-c2cccc(-c3nc4ccccc4[nH]3)c2)c1)Nc1cccc(-c2cccc(F)c2F)c1,-9.930854605993341,3.218592063451191,52_1325
O=C(Nc1cccc(-c2cccc(-c3nc4ccccc4[nH]3)c2)c1)Nc1cccc(-c2cccc(F)c2F)c1,-9.930854605993341,3.218592063451191,52_1326
O=C(Nc1cccc(-c2cccc(-c3nc4ccccc4[nH]3)c2)c1)Nc1cccc(-c2cccc(F)c2F)c1,-9.930854605993341,3.218592063451191,52_1327
O=C(Nc1cccc(-c2cccc(F)c2F)c1)Nc1cccc(-c2cccc(-c3nc4cc(F)ccc4[nH]3)c2F)c1,-10.001606425702812,3.128615257744718,52_1328
O=C(Nc1cccc(-c2cccc(F)c2F)c1)Nc1cccc(-c2cccc(-c3nc4cc(F)ccc4[nH]3)c2F)c1,-10.001606425702812,3.128615257744718,52_1329
O=C(Nc1cccc(-c2cccc(-c3nc4ccccc4[nH]3)c2)c1)Nc1cccc(-c2cccc(F)c2F)c1,-9.930854605993341,3.218592063451191,52_1330
Cn1c(-c2cccc(-c3cccc(NC(=O)Nc4cccc(-c5cccc(F)c5F)c4)c3)c2)nc2ccccc21,-9.886847195357834,3.216920496534968,52_1331
O=C(Nc1cccc(-c2cccc(-c3nc4ccccc4[nH]3)c2)c1)Nc1cccc(-c2cccc(F)c2F)c1,-9.930854605993341,3.218592063451191,52_1332
O=C(Nc1cccc(-c2cccc(-c3nc4cc(F)ccc4[nH]3)c2)c1)Nc1cccc(-c2cccc(F)c2F)c1,-9.61225806451613,3.1875244530828533,52_1333
O=C(Nc1cccc(-c2cccc(-c3nc4cc(F)ccc4[nH]3)c2)c1)Nc1cccc(-c2cccc(F)c2F)c1,-9.61225806451613,3.1875244530828533,52_1334
O=C(Nc1cccc(-c2cccc(-c3nc4ccccc4[nH]3)c2)c1)Nc1cccc(-c2cccc(F)c2F)c1,-9.930854605993341,3.218592063451191,52_1335
O=C(Nc1cccc(-c2cccc(-c3nc4ccccc4[nH]3)c2)c1)Nc1cccc(-c2cccc(F)c2F)c1,-9.930854605993341,3.218592063451191,52_1336
Cn1c(-c2cccc(-c3cccc(NC(=O)Nc4cccc(-c5cccc(F)c5F)c4)c3)c2)nc2ccccc21,-9.886847195357834,3.216920496534968,52_1337
Cn1c(-c2cccc(-c3cccc(NC(=O)Nc4cccc(-c5cccc(F)c5F)c4)c3)c2)nc2ccccc21,-9.886847195357834,3.216920496534968,52_1338
O=C(Nc1cccc(-c2cccc(-c3nc4ccccc4[nH]3)c2)c1)Nc1cccc(-c2cccc(F)c2F)c1,-9.930854605993341,3.218592063451191,52_1339
O=C(Nc1cccc(-c2cccc(-c3nc4ccccc4[nH]3)c2)c1)Nc1cccc(-c2cccc(F)c2F)c1,-9.930854605993341,3.218592063451191,52_1340
Cn1c(-c2cccc(-c3cccc(NC(=O)Nc4cccc(-c5cccc(F)c5F)c4)c3)c2)nc2ccccc21,-9.886847195357834,3.216920496534968,52_1341
Cn1c(-c2cccc(-c3cccc(NC(=O)Nc4cccc(-c5cccc(F)c5F)c4)c3)c2)nc2ccccc21,-9.886847195357834,3.216920496534968,52_1342
Cn1c(-c2cccc(-c3cccc(NC(=O)Nc4cccc(-c5cccc(F)c5F)c4)c3)c2)nc2ccccc21,-9.886847195357834,3.216920496534968,52_1343
O=C(Nc1cccc(-c2cccc(-c3nc4ccccc4[nH]3)c2)c1)Nc1cccc(-c2cccc(F)c2F)c1,-9.930854605993341,3.218592063451191,52_1344
O=C(Nc1cccc(-c2cccc(F)c2F)c1)Nc1cccc(-c2cccc(-c3nc4cc(F)ccc4[nH]3)c2F)c1,-10.001606425702812,3.128615257744718,52_1345
O=C(Nc1cccc(-c2cccc(-c3nc4ccccc4[nH]3)c2)c1)Nc1cccc(-c2cccc(F)c2F)c1,-9.930854605993341,3.218592063451191,52_1346
Cn1c(-c2cccc(-c3cccc(NC(=O)Nc4cccc(-c5cccc(F)c5F)c4)c3)c2)nc2ccccc21,-9.886847195357834,3.216920496534968,52_1347
O=C(Nc1cccc(-c2cccc(-c3nc4ccccc4[nH]3)c2)c1)Nc1cccc(-c2cccc(F)c2F)c1,-9.930854605993341,3.218592063451191,52_1348
O=C(Nc1cccc(-c2cccc(-c3nc4ccccc4[nH]3)c2)c1)Nc1cccc(-c2cccc(F)c2F)c1,-9.930854605993341,3.218592063451191,52_1349
O=C(Nc1cccc(-c2cccc(-c3nc4ccccc4[nH]3)c2)c1)Nc1cccc(-c2cccc(F)c2F)c1,-9.930854605993341,3.218592063451191,52_1350
O=C(Nc1cccc(-c2cccc(-c3nc4ccccc4[nH]3)c2)c1)Nc1cccc(-c2cccc(F)c2F)c1,-9.930854605993341,3.218592063451191,52_1351
O=C(Nc1cccc(-c2cccc(-c3nc4cc(F)ccc4[nH]3)c2)c1)Nc1cccc(-c2cccc(F)c2F)c1,-9.61225806451613,3.1875244530828533,52_1352
O=C(Nc1cccc(-c2cccc(-c3nc4ccccc4[nH]3)c2)c1)Nc1cccc(-c2cccc(F)c2F)c1,-9.930854605993341,3.218592063451191,52_1353
O=C(Nc1cccc(-c2cccc(-c3nc4ccccc4[nH]3)c2)c1)Nc1cccc(-c2cccc(F)c2F)c1,-9.930854605993341,3.218592063451191,52_1354
Cn1c(-c2cccc(-c3cccc(NC(=O)Nc4cccc(-c5cccc(F)c5F)c4)c3)c2)nc2ccccc21,-9.886847195357834,3.216920496534968,52_1355
O=C(Nc1cccc(-c2cccc(F)c2F)c1)Nc1cccc(-c2cccc(-c3nc4cc(F)ccc4[nH]3)c2F)c1,-10.001606425702812,3.128615257744718,52_1356
O=C(Nc1cccc(-c2cccc(-c3nc4ccccc4[nH]3)c2)c1)Nc1cccc(-c2cccc(F)c2F)c1,-9.930854605993341,3.218592063451191,52_1357
O=C(Nc1cccc(-c2cccc(-c3nc4ccccc4[nH]3)c2)c1)Nc1cccc(-c2cccc(F)c2F)c1,-9.930854605993341,3.218592063451191,52_1358
O=C(Nc1cccc(-c2cccc(-c3nc4ccccc4[nH]3)c2)c1)Nc1cccc(-c2cccc(F)c2F)c1,-9.930854605993341,3.218592063451191,52_1359
O=C(Nc1cccc(-c2cccc(-c3nc4ccccc4[nH]3)c2)c1)Nc1cccc(-c2cccc(F)c2F)c1,-9.930854605993341,3.218592063451191,52_1360
Cn1c(-c2cccc(-c3cccc(NC(=O)Nc4cccc(-c5cccc(F)c5F)c4)c3)c2)nc2ccccc21,-9.886847195357834,3.216920496534968,52_1361
Cn1c(-c2cccc(-c3cccc(NC(=O)Nc4cccc(-c5cccc(F)c5F)c4)c3)c2)nc2ccccc21,-9.886847195357834,3.216920496534968,52_1362
O=C(Nc1cccc(-c2cccc(-c3nc4ccccc4[nH]3)c2)c1)Nc1cccc(-c2cccc(F)c2F)c1,-9.930854605993341,3.218592063451191,52_1363
Cn1c(-c2cccc(-c3cccc(NC(=O)Nc4cccc(-c5cccc(F)c5F)c4)c3)c2)nc2ccccc21,-9.886847195357834,3.216920496534968,52_1364
N#CC=C1C=CC(CNc2ncccc2-c2ccnc(-c3cccc(-c4cccc(F)c4)c3)c2)=C1,-8.2,3.396184970371559,52_1365
O=C(Nc1cccc(-c2cccc(F)c2F)c1)Nc1cccc(-c2cccc(-c3nc4cc(F)ccc4[nH]3)c2F)c1,-10.001606425702812,3.128615257744718,52_1366
O=C(Nc1cccc(-c2cccc(-c3nc4ccccc4[nH]3)c2)c1)Nc1cccc(-c2cccc(F)c2F)c1,-9.930854605993341,3.218592063451191,52_1367
O=C(Nc1cccc(-c2cccc(-c3nc4ccccc4[nH]3)c2)c1)Nc1cccc(-c2cccc(F)c2F)c1,-9.930854605993341,3.218592063451191,52_1368
O=C(Nc1cccc(-c2cccc(-c3nc4ccccc4[nH]3)c2)c1)Nc1cccc(-c2cccc(F)c2F)c1,-9.930854605993341,3.218592063451191,52_1369
O=C(Nc1cccc(-c2cccc(-c3nc4ccccc4[nH]3)c2)c1)Nc1cccc(-c2cccc(F)c2F)c1,-9.930854605993341,3.218592063451191,52_1370
O=C(Nc1cccc(-c2cccc(-c3nc4ccccc4[nH]3)c2)c1)Nc1cccc(-c2cccc(F)c2F)c1,-9.930854605993341,3.218592063451191,52_1371
O=C(Nc1cccc(-c2cccc(F)c2F)c1)Nc1cccc(-c2cccc(-c3nc4cc(F)ccc4[nH]3)c2F)c1,-10.001606425702812,3.128615257744718,52_1372
O=C(Nc1cccc(-c2cccc(-c3nc4ccccc4[nH]3)c2)c1)Nc1cccc(-c2cccc(F)c2F)c1,-9.930854605993341,3.218592063451191,52_1373
Cn1c(-c2cccc(-c3cccc(NC(=O)Nc4cccc(-c5cccc(F)c5F)c4)c3)c2)nc2ccccc21,-9.886847195357834,3.216920496534968,52_1374
O=C(Nc1cccc(-c2cccc(-c3nc4cc(F)ccc4[nH]3)c2)c1)Nc1cccc(-c2cccc(F)c2F)c1,-9.61225806451613,3.1875244530828533,52_1375
O=C(Nc1cccc(-c2cccc(F)c2F)c1)Nc1cccc(-c2cccc(-c3nc4cc(F)ccc4[nH]3)c2F)c1,-10.001606425702812,3.128615257744718,52_1376
O=C(Nc1cccc(-c2cccc(-c3nc4ccccc4[nH]3)c2)c1)Nc1cccc(-c2cccc(F)c2F)c1,-9.930854605993341,3.218592063451191,52_1377
O=C(Nc1cccc(-c2cccc(-c3nc4cc(F)ccc4[nH]3)c2)c1)Nc1cccc(-c2cccc(F)c2F)c1,-9.61225806451613,3.1875244530828533,52_1378
O=C(Nc1cccc(-c2cccc(-c3nc4ccccc4[nH]3)c2)c1)Nc1cccc(-c2cccc(F)c2F)c1,-9.930854605993341,3.218592063451191,52_1379
Cn1c(-c2cccc(-c3cccc(NC(=O)Nc4cccc(-c5cccc(F)c5F)c4)c3)c2)nc2ccccc21,-9.886847195357834,3.216920496534968,52_1380
Cn1c(-c2cccc(-c3cccc(NC(=O)Nc4cccc(-c5cccc(F)c5F)c4)c3)c2)nc2ccccc21,-9.886847195357834,3.216920496534968,52_1381
O=C(Nc1cccc(-c2cccc(-c3nc4ccccc4[nH]3)c2)c1)Nc1cccc(-c2cccc(F)c2F)c1,-9.930854605993341,3.218592063451191,52_1382
O=C(Nc1cccc(-c2cccc(-c3nc4ccccc4[nH]3)c2)c1)Nc1cccc(-c2cccc(F)c2F)c1,-9.930854605993341,3.218592063451191,52_1383
O=C(Nc1cccc(-c2cccc(F)c2F)c1)Nc1cccc(-c2cccc(-c3nc4cc(F)ccc4[nH]3)c2F)c1,-10.001606425702812,3.128615257744718,52_1384
Cn1c(-c2cccc(-c3cccc(NC(=O)Nc4cccc(-c5cccc(F)c5F)c4)c3)c2)nc2ccccc21,-9.886847195357834,3.216920496534968,52_1385
O=C(Nc1cccc(-c2cccc(-c3cccc(-c4nn[nH]n4)c3)c2)c1)Nc1cccc(-c2cccc(F)c2F)c1,-9.847368421052632,3.286971097546113,52_1386
Cn1c(-c2cccc(-c3cccc(NC(=O)Nc4cccc(-c5cccc(F)c5F)c4)c3)c2)nc2ccccc21,-9.886847195357834,3.216920496534968,52_1387
O=C(Nc1cccc(-c2cccc(-c3nc4cc(F)ccc4[nH]3)c2)c1)Nc1cccc(-c2cccc(F)c2F)c1,-9.61225806451613,3.1875244530828533,52_1388
O=C(Nc1cccc(-c2cccc(F)c2F)c1)Nc1cccc(-c2cccc(-c3cccc(-c4nn[nH]n4)c3)c2F)c1,-9.875000000000002,3.244951037107577,52_1389
O=C(Nc1cccc(-c2cccc(-c3nc4cc(F)ccc4[nH]3)c2)c1)Nc1cccc(-c2cccc(F)c2F)c1,-9.61225806451613,3.1875244530828533,52_1390
O=C(Nc1cccc(-c2cccc(-c3nc4ccccc4[nH]3)c2)c1)Nc1cccc(-c2cccc(F)c2F)c1,-9.930854605993341,3.218592063451191,52_1391
O=C(Nc1cccc(-c2cccc(F)c2F)c1)Nc1cccc(-c2cccc(-c3nc4cc(F)ccc4[nH]3)c2F)c1,-10.001606425702812,3.128615257744718,52_1392
O=C(Nc1cccc(-c2cccc(-c3nc4ccccc4[nH]3)c2)c1)Nc1cccc(-c2cccc(F)c2F)c1,-9.930854605993341,3.218592063451191,52_1393
O=C(Nc1cccc(-c2cccc(-c3nc4ccccc4[nH]3)c2)c1)Nc1cccc(-c2cccc(F)c2F)c1,-9.930854605993341,3.218592063451191,52_1394
O=C(Nc1cccc(-c2cccc(-c3nc4ccccc4[nH]3)c2)c1)Nc1cccc(-c2cccc(F)c2F)c1,-9.930854605993341,3.218592063451191,52_1395
O=C(Nc1cccc(-c2cccc(-c3nc4ccccc4[nH]3)c2)c1)Nc1cccc(-c2cccc(F)c2F)c1,-9.930854605993341,3.218592063451191,52_1396
O=C(Nc1cccc(-c2cccc(-c3nc4ccccc4[nH]3)c2)c1)Nc1cccc(-c2cccc(F)c2F)c1,-9.930854605993341,3.218592063451191,52_1397
O=C(Nc1cccc(-c2cccc(-c3nc4cc(F)ccc4[nH]3)c2)c1)Nc1cccc(-c2cccc(F)c2F)c1,-9.61225806451613,3.1875244530828533,52_1398
O=C(Nc1cccc(-c2cccc(-c3nc4ccccc4[nH]3)c2)c1)Nc1cccc(-c2cccc(F)c2F)c1,-9.930854605993341,3.218592063451191,52_1399
O=C(Nc1cccc(-c2cccc(-c3nc4ccccc4[nH]3)c2)c1)Nc1cccc(-c2cccc(F)c2F)c1,-9.930854605993341,3.218592063451191,52_1400
O=C(Nc1cccc(-c2cccc(-c3nc4ccccc4[nH]3)c2)c1)Nc1cccc(-c2cccc(F)c2F)c1,-9.930854605993341,3.218592063451191,52_1401
O=C(Nc1cccc(-c2cccc(-c3nc4ccccc4[nH]3)c2)c1)Nc1cccc(-c2cccc(F)c2F)c1,-9.930854605993341,3.218592063451191,52_1402
O=C(Nc1cccc(-c2cccc(-c3nc4cc(F)ccc4[nH]3)c2)c1)Nc1cccc(-c2cccc(F)c2F)c1,-9.61225806451613,3.1875244530828533,52_1403
O=C(Nc1cccc(-c2cccc(-c3cccc(-c4cccc(F)c4)c3)c2)c1)N1CCNCC1,-9.433333333333334,3.470002651546907,52_1404
O=C(Nc1cccc(-c2cccc(-c3nc4ccccc4[nH]3)c2)c1)Nc1cccc(-c2cccc(F)c2F)c1,-9.930854605993341,3.218592063451191,52_1405
O=C(Nc1cccc(-c2cccc(-c3nc4ccccc4[nH]3)c2)c1)Nc1cccc(-c2cccc(F)c2F)c1,-9.930854605993341,3.218592063451191,52_1406
O=C(Nc1cccc(Nc2cccc(-c3ccc4c(c3)OCO4)c2)c1)Nc1cccc(-c2cccc(F)c2F)c1,-9.2,3.1596889332525877,52_1407
Cn1c(-c2cccc(-c3cccc(NC(=O)Nc4cccc(-c5cccc(F)c5F)c4)c3)c2)nc2ccccc21,-9.886847195357834,3.216920496534968,52_1408
O=C(Nc1cccc(-c2cccc(-c3nc4ccccc4[nH]3)c2)c1)Nc1cccc(-c2cccc(F)c2F)c1,-9.930854605993341,3.218592063451191,52_1409
O=C(Nc1cccc(-c2cccc(-c3nc4ccccc4[nH]3)c2)c1)Nc1cccc(-c2cccc(F)c2F)c1,-9.930854605993341,3.218592063451191,52_1410
O=C(Nc1cccc(-c2cccc(-c3nc4ccccc4[nH]3)c2)c1)Nc1cccc(-c2cccc(F)c2F)c1,-9.930854605993341,3.218592063451191,52_1411
O=C(c1cccc(-c2cccc(-c3nc4cc(F)ccc4[nH]3)c2F)c1)N1CCN(C(=O)c2cccc(F)c2F)CC1,-9.5,3.3965520335937907,52_1412
Cn1c(-c2cccc(-c3cccc(NC(=O)Nc4cccc(-c5cccc(F)c5F)c4)c3)c2)nc2ccccc21,-9.886847195357834,3.216920496534968,52_1413
Cn1c(-c2cccc(-c3cccc(NC(=O)Nc4cccc(-c5cccc(F)c5F)c4)c3)c2)nc2ccccc21,-9.886847195357834,3.216920496534968,52_1414
Cn1c(-c2cccc(-c3cccc(NC(=O)Nc4cccc(-c5cccc(F)c5F)c4)c3)c2)nc2ccccc21,-9.886847195357834,3.216920496534968,52_1415
O=C(Nc1cccc(-c2cccc(-c3nc4ccccc4[nH]3)c2)c1)Nc1cccc(-c2cccc(F)c2F)c1,-9.930854605993341,3.218592063451191,52_1416
Cn1c(-c2cccc(-c3cccc(NC(=O)Nc4cccc(-c5cccc(F)c5F)c4)c3)c2)nc2ccccc21,-9.886847195357834,3.216920496534968,52_1417
Cn1c(-c2cccc(-c3cccc(NC(=O)Nc4cccc(-c5cccc(F)c5F)c4)c3)c2)nc2ccccc21,-9.886847195357834,3.216920496534968,52_1418
O=C(Nc1cccc(CO)c1)Nc1cccc(-c2cccc(-c3ccc4c(c3)OCO4)c2)c1,-9.3,3.5187513235927037,52_1419
O=C(Nc1cccc(-c2cccc(-c3nc4cc(F)ccc4[nH]3)c2)c1)Nc1cccc(-c2cccc(F)c2F)c1,-9.61225806451613,3.1875244530828533,52_1420
O=C(Nc1cccc(-c2cccc(F)c2F)c1)Nc1cccc(-c2cccc(-c3nc4cc(F)ccc4[nH]3)c2F)c1,-10.001606425702812,3.128615257744718,52_1421
O=C(Nc1cccc(-c2cccc(-c3nc4cc(F)ccc4[nH]3)c2)c1)Nc1cccc(-c2cccc(F)c2F)c1,-9.61225806451613,3.1875244530828533,52_1422
Cn1c(-c2cccc(-c3cccc(NC(=O)Nc4cccc(-c5cccc(F)c5F)c4)c3)c2)nc2ccccc21,-9.886847195357834,3.216920496534968,52_1423
O=C(Nc1cccc(-c2cccc(-c3nc4cc(F)ccc4[nH]3)c2)c1)Nc1cccc(-c2cccc(F)c2F)c1,-9.61225806451613,3.1875244530828533,52_1424
O=C(Nc1cccc(-c2cccc(-c3nc4ccccc4[nH]3)c2)c1)Nc1cccc(-c2cccc(F)c2F)c1,-9.930854605993341,3.218592063451191,52_1425
O=C(Nc1cccc(-c2cccc(-c3nc4cc(F)ccc4[nH]3)c2)c1)Nc1cccc(-c2cccc(F)c2F)c1,-9.61225806451613,3.1875244530828533,52_1426
O=C(Nc1cccc(-c2cccc(-c3nc4ccccc4[nH]3)c2)c1)Nc1cccc(-c2cccc(F)c2F)c1,-9.930854605993341,3.218592063451191,52_1427
O=C(Nc1cccc(-c2cccc(-c3nc4cc(F)ccc4[nH]3)c2)c1)Nc1cccc(-c2cccc(F)c2F)c1,-9.61225806451613,3.1875244530828533,52_1428
Cn1c(-c2cccc(-c3cccc(NC(=O)Nc4cccc(-c5cccc(F)c5F)c4)c3)c2)nc2ccccc21,-9.886847195357834,3.216920496534968,52_1429
O=C(Nc1cccc(-c2cccc(-c3nc4ccccc4[nH]3)c2)c1)Nc1cccc(-c2cccc(F)c2F)c1,-9.930854605993341,3.218592063451191,52_1430
O=C(c1cccc(-c2cccc(-c3nc4ccccc4[nH]3)c2)c1)N1CCN(C(=O)c2cccc(F)c2F)CC1,-8.8,3.4743716563467535,52_1431
O=C(Nc1cccc(-c2cccc(-c3nc4ccccc4[nH]3)c2)c1)Nc1cccc(-c2cccc(F)c2F)c1,-9.930854605993341,3.218592063451191,52_1432
O=C(Nc1cccc(-c2cccc(-c3nc4ccccc4[nH]3)c2)c1)Nc1cccc(-c2cccc(F)c2F)c1,-9.930854605993341,3.218592063451191,52_1433
O=C(Nc1cccc(-c2cccc(-c3nc4ccccc4[nH]3)c2)c1)Nc1cccc(-c2cccc(F)c2F)c1,-9.930854605993341,3.218592063451191,52_1434
Cn1c(-c2cccc(-c3cccc(NC(=O)Nc4cccc(-c5cccc(F)c5F)c4)c3)c2)nc2ccccc21,-9.886847195357834,3.216920496534968,52_1435
O=C(Nc1cccc(-c2cccc(-c3nc4ccccc4[nH]3)c2)c1)Nc1cccc(-c2cccc(F)c2F)c1,-9.930854605993341,3.218592063451191,52_1436
O=C(Nc1cccc(-c2cccc(-c3nc4ccccc4[nH]3)c2)c1)Nc1cccc(-c2cccc(F)c2F)c1,-9.930854605993341,3.218592063451191,52_1437
O=C(Nc1cccc(-c2cccc(-c3nc4cc(F)ccc4[nH]3)c2)c1)Nc1cccc(-c2cccc(F)c2F)c1,-9.61225806451613,3.1875244530828533,52_1438
O=C(Nc1cccc(-c2cccc(-c3nc4ccccc4[nH]3)c2)c1)Nc1cccc(-c2cccc(F)c2F)c1,-9.930854605993341,3.218592063451191,52_1439
O=C(Nc1cccc(-c2cccc(-c3nc4ccccc4[nH]3)c2)c1)Nc1cccc(-c2cccc(F)c2F)c1,-9.930854605993341,3.218592063451191,52_1440
O=C(Nc1cccc(-c2cccc(F)c2F)c1)Nc1cccc(-c2cccc(-c3nc4cc(F)ccc4[nH]3)c2F)c1,-10.001606425702812,3.128615257744718,52_1441
Cn1c(-c2cccc(-c3cccc(NC(=O)Nc4cccc(-c5cccc(F)c5F)c4)c3)c2)nc2ccccc21,-9.886847195357834,3.216920496534968,52_1442
Cn1c(-c2cccc(-c3cccc(NC(=O)Nc4cccc(-c5cccc(F)c5F)c4)c3)c2)nc2ccccc21,-9.886847195357834,3.216920496534968,52_1443
O=C(Nc1cccc(-c2cccc(-c3nc4ccccc4[nH]3)c2)c1)Nc1cccc(-c2cccc(F)c2F)c1,-9.930854605993341,3.218592063451191,52_1444
O=C(Nc1cccc(-c2cccc(-c3nc4ccccc4[nH]3)c2)c1)Nc1cccc(-c2cccc(F)c2F)c1,-9.930854605993341,3.218592063451191,52_1445
O=C(Nc1cccc(-c2ccnc(-c3cccc4ccccc34)c2)c1)Nc1cccc(-c2cccc(F)c2F)c1,-10.1,3.212352315491669,52_1446
O=C(Nc1cccc(-c2cccc(-c3nc4cc(F)ccc4[nH]3)c2)c1)Nc1cccc(-c2cccc(F)c2F)c1,-9.61225806451613,3.1875244530828533,52_1447
Cn1c(-c2cccc(-c3cccc(NC(=O)Nc4cccc(-c5cccc(F)c5F)c4)c3)c2)nc2ccccc21,-9.886847195357834,3.216920496534968,52_1448
O=C(Nc1cccc(-c2cccc(-c3nc4ccccc4[nH]3)c2)c1)Nc1cccc(-c2cccc(F)c2F)c1,-9.930854605993341,3.218592063451191,52_1449
Cn1c(-c2cccc(-c3cccc(NC(=O)Nc4cccc(-c5cccc(C(=O)N6CCOCC6)c5)c4)c3)c2)nc2ccccc21,-9.365625000000001,3.2756851861708367,52_1450
O=C(Nc1cccc(-c2cccc(-c3nc4ccccc4[nH]3)c2)c1)Nc1cccc(-c2cccc(F)c2F)c1,-9.930854605993341,3.218592063451191,52_1451
O=C(Nc1cccc(-c2cccc(-c3nc4ccccc4[nH]3)c2)c1)Nc1cccc(-c2cccc(F)c2F)c1,-9.930854605993341,3.218592063451191,52_1452
O=C(Nc1cccc(-c2cccc(F)c2F)c1)Nc1cccc(-c2cccc(-c3nc4cc(F)ccc4[nH]3)c2F)c1,-10.001606425702812,3.128615257744718,52_1453
Cn1c(-c2cccc(-c3cccc(NC(=O)Nc4cccc(-c5cccc(F)c5F)c4)c3)c2)nc2ccccc21,-9.886847195357834,3.216920496534968,52_1454
Cn1c(-c2cccc(-c3cccc(NC(=O)Nc4cccc(-c5cccc(F)c5F)c4)c3)c2)nc2ccccc21,-9.886847195357834,3.216920496534968,52_1455
O=C(Nc1cc(-c2cccc(-c3nc4ccccc4[nH]3)c2)ccn1)N1CCN(C(=O)c2cccc(F)c2F)CC1,-8.4,3.442012468934468,52_1456
O=C(Nc1cccc(-c2cccc(F)c2F)c1)Nc1cccc(-c2cccc(-c3nc4cc(F)ccc4[nH]3)c2F)c1,-10.001606425702812,3.128615257744718,52_1457
Cn1c(-c2cccc(-c3cccc(NC(=O)Nc4cccc(-c5cccc(F)c5F)c4)c3)c2)nc2ccccc21,-9.886847195357834,3.216920496534968,52_1458
O=C(Nc1cccc(-c2cccc(-c3nc4ccccc4[nH]3)c2)c1)Nc1cccc(-c2cccc(F)c2F)c1,-9.930854605993341,3.218592063451191,52_1459
O=C(Nc1cccc(-c2cccc(-c3nc4ccccc4[nH]3)c2)c1)Nc1cccc(-c2cccc(F)c2F)c1,-9.930854605993341,3.218592063451191,52_1460
O=C(Nc1cccc(-c2cccc(-c3nc4ccccc4[nH]3)c2)c1)Nc1cccc(-c2cccc(F)c2F)c1,-9.930854605993341,3.218592063451191,52_1461
O=C(Nc1cccc(-c2cccc(-c3nc4ccccc4[nH]3)c2)c1)Nc1cccc(-c2cccc(F)c2F)c1,-9.930854605993341,3.218592063451191,52_1462
O=C(Nc1cccc(-c2cccc(F)c2F)c1)Nc1cccc(-c2cccc(-c3nc4cc(F)ccc4[nH]3)c2F)c1,-10.001606425702812,3.128615257744718,52_1463
O=C(Nc1cccc(-c2cccc(-c3nc4ccccc4[nH]3)c2)c1)Nc1cccc(-c2cccc(F)c2F)c1,-9.930854605993341,3.218592063451191,52_1464
O=C(Nc1cccc(-c2cccc(-c3nc4cc(F)ccc4[nH]3)c2)c1)Nc1cccc(-c2cccc(F)c2F)c1,-9.61225806451613,3.1875244530828533,52_1465
Cn1c(-c2cccc(-c3cccc(NC(=O)Nc4cccc(-c5cccc(F)c5F)c4)c3)c2)nc2ccccc21,-9.886847195357834,3.216920496534968,52_1466
Cn1c(-c2cccc(-c3cccc(NC(=O)Nc4cccc(-c5cccc(F)c5F)c4)c3)c2)nc2ccccc21,-9.886847195357834,3.216920496534968,52_1467
O=C(Nc1cccc(-c2cccc(-c3nc4ccccc4[nH]3)c2)c1)Nc1cccc(-c2cccc(F)c2F)c1,-9.930854605993341,3.218592063451191,52_1468
O=C(Nc1cccc(-c2cccc(F)c2F)c1)Nc1cccc(-c2cccc(-c3nc4cc(F)ccc4[nH]3)c2F)c1,-10.001606425702812,3.128615257744718,52_1469
Cn1c(-c2cccc(-c3cccc(NC(=O)Nc4cccc(-c5cccc(F)c5F)c4)c3)c2)nc2ccccc21,-9.886847195357834,3.216920496534968,52_1470
Cn1c(-c2cccc(-c3cccc(NC(=O)Nc4cccc(-c5cccc(F)c5F)c4)c3)c2)nc2ccccc21,-9.886847195357834,3.216920496534968,52_1471
O=C(Nc1cccc(-c2cccc(-c3nc4ccccc4[nH]3)c2)c1)Nc1cccc(-c2cccc(F)c2F)c1,-9.930854605993341,3.218592063451191,52_1472
O=C(Nc1cccc(-c2cccc(-c3nc4ccccc4[nH]3)c2)c1)Nc1cccc(-c2cccc(F)c2F)c1,-9.930854605993341,3.218592063451191,52_1473
O=C(Nc1cccc(-c2cccc(-c3nc4ccccc4[nH]3)c2)c1)Nc1cccc(-c2cccc(F)c2F)c1,-9.930854605993341,3.218592063451191,52_1474
O=C(Nc1cccc(-c2cccc(-c3nc4ccccc4[nH]3)c2)c1)Nc1cccc(-c2cccc(F)c2F)c1,-9.930854605993341,3.218592063451191,52_1475
O=C(Nc1cccc(-c2cccc(-c3nc4ccccc4[nH]3)c2)c1)Nc1cccc(-c2cccc(F)c2F)c1,-9.930854605993341,3.218592063451191,52_1476
Cn1c(-c2cccc(-c3cccc(NC(=O)Nc4cccc(-c5cccc(F)c5F)c4)c3)c2)nc2ccccc21,-9.886847195357834,3.216920496534968,52_1477
O=C(Nc1cccc(-c2cccc(F)c2F)c1)Nc1cccc(-c2cccc(-c3nc4cc(F)ccc4[nH]3)c2F)c1,-10.001606425702812,3.128615257744718,52_1478
O=C(Nc1cccc(-c2cccc(F)c2F)c1)Nc1cccc(-c2cccc(-c3cccc(-c4nn[nH]n4)c3)c2F)c1,-9.875000000000002,3.244951037107577,52_1479
Cn1c(-c2cccc(-c3cccc(NC(=O)Nc4cccc(-c5cccc(F)c5F)c4)c3)c2)nc2ccccc21,-9.886847195357834,3.216920496534968,52_1480
O=C(Nc1cccc(-c2cccc(-c3nc4cc(F)ccc4[nH]3)c2)c1)Nc1cccc(-c2cccc(F)c2F)c1,-9.61225806451613,3.1875244530828533,52_1481
O=C(Nc1cccc(-c2cccc(-c3nc4ccccc4[nH]3)c2)c1)Nc1cccc(-c2cccc(F)c2F)c1,-9.930854605993341,3.218592063451191,52_1482
O=C(Nc1cccc(-c2cccc(-c3nc4ccccc4[nH]3)c2)c1)Nc1cccc(-c2cccc(F)c2F)c1,-9.930854605993341,3.218592063451191,52_1483
Cn1c(-c2cccc(-c3cccc(NC(=O)Nc4cccc(-c5cccc(F)c5F)c4)c3)c2)nc2ccccc21,-9.886847195357834,3.216920496534968,52_1484
Cn1c(-c2cccc(-c3cccc(NC(=O)Nc4cccc(-c5cccc(F)c5F)c4)c3)c2)nc2ccccc21,-9.886847195357834,3.216920496534968,52_1485
O=C(Nc1cccc(-c2cccc(F)c2F)c1)Nc1cccc(-c2cccc(-c3nc4cc(F)ccc4[nH]3)c2F)c1,-10.001606425702812,3.128615257744718,52_1486
O=C(Nc1cccc(-c2cccc(-c3nc4ccccc4[nH]3)c2)c1)Nc1cccc(-c2cccc(F)c2F)c1,-9.930854605993341,3.218592063451191,52_1487
Cn1c(-c2cccc(-c3cccc(NC(=O)Nc4cccc(-c5cccc(F)c5F)c4)c3)c2)nc2ccccc21,-9.886847195357834,3.216920496534968,52_1488
Cn1c(-c2cccc(-c3cccc(NC(=O)Nc4cccc(-c5cccc(F)c5F)c4)c3)c2)nc2ccccc21,-9.886847195357834,3.216920496534968,52_1489
Cn1c(-c2cccc(-c3cccc(NC(=O)Nc4cccc(-c5cccc(F)c5F)c4)c3)c2)nc2ccccc21,-9.886847195357834,3.216920496534968,52_1490
Cn1c(-c2cccc(-c3cccc(NC(=O)Nc4cccc(-c5cccc(F)c5F)c4)c3)c2)nc2ccccc21,-9.886847195357834,3.216920496534968,52_1491
O=C(Nc1cccc(-c2cccc(-c3nc4ccccc4[nH]3)c2)c1)Nc1cccc(-c2cccc(F)c2F)c1,-9.930854605993341,3.218592063451191,52_1492
O=C(Nc1cccc(-c2cccc(-c3nc4ccccc4[nH]3)c2)c1)Nc1cccc(-c2cccc(F)c2F)c1,-9.930854605993341,3.218592063451191,52_1493
O=C(Nc1cccc(-c2cccc(-c3nc4ccccc4[nH]3)c2)c1)Nc1cccc(-c2cccc(F)c2F)c1,-9.930854605993341,3.218592063451191,52_1494
O=C(Nc1cccc(-c2cccc(-c3nc4cc(F)ccc4[nH]3)c2)c1)Nc1cccc(-c2cccc(F)c2F)c1,-9.61225806451613,3.1875244530828533,52_1495
Cn1c(-c2cccc(-c3cccc(NC(=O)Nc4cccc(-c5cccc(F)c5F)c4)c3)c2)nc2ccccc21,-9.886847195357834,3.216920496534968,52_1496
O=C(Nc1cccc(-c2cccc(-c3nc4ccccc4[nH]3)c2)c1)Nc1cccc(-c2cccc(F)c2F)c1,-9.930854605993341,3.218592063451191,52_1497
O=C(c1cccc(F)c1)N1CCN(C(=O)c2cccc(-c3cccc(-c4cccc5ccccc45)c3)c2)CC1,-9.2,3.2705511526271827,52_1498
Cn1c(-c2cccc(-c3cccc(NC(=O)Nc4cccc(-c5cccc(F)c5F)c4)c3)c2)nc2ccccc21,-9.886847195357834,3.216920496534968,52_1499
O=C(Nc1cccc(-c2cccc(-c3cccc(-c4ccccc4F)c3)c2)c1)N1CCNCC1,-9.333333333333336,3.470002651546907,52_1500
Cn1c(-c2cccc(-c3cccc(NC(=O)Nc4cccc(-c5cccc(F)c5)c4)c3)c2)nc2ccccc21,-9.8,3.211589862292562,52_1501
O=C(Nc1cccc(-c2cccc(-c3nc4ccccc4[nH]3)c2)c1)Nc1cccc(-c2cccc(F)c2F)c1,-9.930854605993341,3.218592063451191,52_1502
O=C(Nc1cccc(-c2cccc(F)c2F)c1)Nc1cccc(-c2cccc(-c3nc4cc(F)ccc4[nH]3)c2F)c1,-10.001606425702812,3.128615257744718,52_1503
Cn1c(-c2cccc(-c3cccc(NC(=O)Nc4cccc(-c5cccc(F)c5F)c4)c3)c2)nc2ccccc21,-9.886847195357834,3.216920496534968,52_1504
O=C(Nc1cccc(-c2cccc(-c3nc4ccccc4[nH]3)c2)c1)Nc1cccc(-c2cccc(F)c2F)c1,-9.930854605993341,3.218592063451191,52_1505
O=C(Nc1cccc(-c2cccc(-c3nc4cc(F)ccc4[nH]3)c2)c1)Nc1cccc(-c2cccc(F)c2F)c1,-9.61225806451613,3.1875244530828533,52_1506
O=C(Nc1cccc(-c2cccc(-c3nc4ccccc4[nH]3)c2)c1)Nc1cccc(-c2cccc(F)c2F)c1,-9.930854605993341,3.218592063451191,52_1507
O=C(Nc1cccc(-c2cccc(-c3nc4ccccc4[nH]3)c2)c1)Nc1cccc(-c2cccc(F)c2F)c1,-9.930854605993341,3.218592063451191,52_1508
O=C(Nc1cccc(-c2cccc(-c3nc4ccccc4[nH]3)c2)c1)Nc1cccc(-c2cccc(F)c2F)c1,-9.930854605993341,3.218592063451191,52_1509
Fc1ccc2[nH]c(-c3cccc(-c4cccc(Nc5cccc(Cl)c5)c4)c3F)nc2c1,-8.1,3.4021326267731427,52_1510
Cn1c(-c2cccc(-c3cccc(NC(=O)Nc4cccc(-c5cccc(F)c5F)c4)c3)c2)nc2ccccc21,-9.886847195357834,3.216920496534968,52_1511
Cn1c(-c2cccc(-c3cccc(NC(=O)Nc4cccc(-c5cccc(F)c5F)c4)c3)c2)nc2ccccc21,-9.886847195357834,3.216920496534968,52_1512
O=C(Nc1cccc(-c2cccc(-c3nc4ccccc4[nH]3)c2)c1)Nc1cccc(-c2cccc(F)c2F)c1,-9.930854605993341,3.218592063451191,52_1513
O=C(Nc1cccc(-c2cccc(F)c2F)c1)Nc1cccc(-c2cccc(-c3nc4cc(F)ccc4[nH]3)c2F)c1,-10.001606425702812,3.128615257744718,52_1514
O=C(Nc1cccc(-c2cccc(-c3nc4ccccc4[nH]3)c2)c1)Nc1cccc(-c2cccc(F)c2F)c1,-9.930854605993341,3.218592063451191,52_1515
O=C(Nc1cccc(-c2cccc(-c3nc4ccccc4[nH]3)c2)c1)Nc1cccc(-c2cccc(F)c2F)c1,-9.930854605993341,3.218592063451191,52_1516
Cn1c(-c2cccc(-c3cccc(NC(=O)Nc4cccc(-c5cccc(F)c5F)c4)c3)c2)nc2ccccc21,-9.886847195357834,3.216920496534968,52_1517
O=C(Nc1cccc(-c2cccc(-c3nc4ccccc4[nH]3)c2)c1)Nc1cccc(-c2cccc(F)c2F)c1,-9.930854605993341,3.218592063451191,52_1518
O=C(Nc1cccc(-c2cccc(-c3nc4ccccc4[nH]3)c2)c1)Nc1cccc(-c2cccc(F)c2F)c1,-9.930854605993341,3.218592063451191,52_1519
O=C(Nc1cccc(-c2cccc(F)c2F)c1)Nc1cccc(-c2cccc(-c3nc4cc(F)ccc4[nH]3)c2F)c1,-10.001606425702812,3.128615257744718,52_1520
O=C(Nc1cccc(-c2cccc(F)c2F)c1)Nc1cccc(-c2cccc(-c3nc4cc(F)ccc4[nH]3)c2F)c1,-10.001606425702812,3.128615257744718,52_1521
Cn1c(-c2cccc(-c3cccc(NC(=O)Nc4cccc(-c5cccc(F)c5F)c4)c3)c2)nc2ccccc21,-9.886847195357834,3.216920496534968,52_1522
Cn1c(-c2cccc(-c3cccc(NC(=O)Nc4cccc(-c5cccc(F)c5F)c4)c3)c2)nc2ccccc21,-9.886847195357834,3.216920496534968,52_1523
Cn1c(-c2cccc(-c3cccc(NC(=O)Nc4cccc(-c5cccc(F)c5F)c4)c3)c2)nc2ccccc21,-9.886847195357834,3.216920496534968,52_1524
O=C(Nc1cccc(-c2cccc(-c3nc4ccccc4[nH]3)c2)c1)Nc1cccc(-c2cccc(F)c2F)c1,-9.930854605993341,3.218592063451191,52_1525
Cn1c(-c2cccc(-c3cccc(NC(=O)Nc4cccc(-c5cccc(F)c5F)c4)c3)c2)nc2ccccc21,-9.886847195357834,3.216920496534968,52_1526
Cn1c(-c2cccc(-c3cccc(NC(=O)Nc4cccc(-c5cccc(F)c5F)c4)c3)c2)nc2ccccc21,-9.886847195357834,3.216920496534968,52_1527
O=C(Nc1cccc(-c2cccc(F)c2F)c1)Nc1cccc(-c2cccc(-c3nc4cc(F)ccc4[nH]3)c2F)c1,-10.001606425702812,3.128615257744718,52_1528
Cn1c(-c2cccc(-c3cccc(NC(=O)Nc4cccc(-c5cccc(F)c5F)c4)c3)c2)nc2ccccc21,-9.886847195357834,3.216920496534968,52_1529
O=C(Nc1cccc(-c2cccc(-c3nc4ccccc4[nH]3)c2)c1)Nc1cccc(-c2cccc(F)c2F)c1,-9.930854605993341,3.218592063451191,52_1530
O=C(Nc1cccc(-c2cccc(-c3nc4cc(F)ccc4[nH]3)c2)c1)Nc1cccc(-c2cccc(F)c2F)c1,-9.61225806451613,3.1875244530828533,52_1531
Cn1c(-c2cccc(-c3cccc(NC(=O)Nc4cccc(-c5cccc(F)c5F)c4)c3)c2)nc2ccccc21,-9.886847195357834,3.216920496534968,52_1532
O=C(Nc1cccc(-c2cccc(F)c2F)c1)Nc1cccc(-c2cccc(-c3nc4cc(F)ccc4[nH]3)c2F)c1,-10.001606425702812,3.128615257744718,52_1533
O=C(Nc1cccc(-c2cccc(-c3nc4ccccc4[nH]3)c2)c1)Nc1cccc(-c2cccc(F)c2F)c1,-9.930854605993341,3.218592063451191,52_1534
Cn1c(-c2cccc(-c3cccc(NC(=O)Nc4cccc(-c5cccc(F)c5F)c4)c3)c2)nc2ccccc21,-9.886847195357834,3.216920496534968,52_1535
O=C(Nc1cccc(-c2cccc(F)c2F)c1)Nc1cccc(-c2cccc(-c3nc4cc(F)ccc4[nH]3)c2F)c1,-10.001606425702812,3.128615257744718,52_1536
O=C(Nc1cccc(-c2cccc(-c3nc4ccccc4[nH]3)c2)c1)Nc1cccc(-c2cccc(F)c2F)c1,-9.930854605993341,3.218592063451191,52_1537
Cn1c(-c2cccc(-c3cccc(NC(=O)Nc4cccc(-c5cccc(-c6cccc(F)c6)c5)c4)c3)c2)nc2ccccc21,-9.841666666666667,3.0539916384657317,52_1538
O=C(Nc1cccc(-c2cccc(-c3nc4ccccc4[nH]3)c2)c1)Nc1cccc(-c2cccc(F)c2F)c1,-9.930854605993341,3.218592063451191,52_1539
O=C(Nc1cccc(-c2cccc(-c3nc4ccccc4[nH]3)c2)c1)Nc1cccc(-c2cccc(F)c2F)c1,-9.930854605993341,3.218592063451191,52_1540
Cn1c(-c2cccc(-c3cccc(NC(=O)Nc4cccc(-c5cccc(F)c5F)c4)c3)c2)nc2ccccc21,-9.886847195357834,3.216920496534968,52_1541
O=C(Nc1cccc(-c2cccc(-c3nc4ccccc4[nH]3)c2)c1)Nc1cccc(-c2cccc(F)c2F)c1,-9.930854605993341,3.218592063451191,52_1542
Cn1c(-c2cccc(-c3cccc(NC(=O)Nc4cccc(-c5cccc(F)c5F)c4)c3)c2)nc2ccccc21,-9.886847195357834,3.216920496534968,52_1543
O=C(Nc1cccc(-c2cccc(F)c2F)c1)Nc1cccc(-c2cccc(-c3nc4cc(F)ccc4[nH]3)c2F)c1,-10.001606425702812,3.128615257744718,52_1544
Cn1c(-c2cccc(-c3cccc(NC(=O)Nc4cccc(-c5cccc(F)c5F)c4)c3)c2)nc2ccccc21,-9.886847195357834,3.216920496534968,52_1545
O=C(Nc1cccc(-c2cccc(-c3nc4ccccc4[nH]3)c2)c1)Nc1cccc(-c2cccc(F)c2F)c1,-9.930854605993341,3.218592063451191,52_1546
Cn1c(-c2cccc(-c3cccc(NC(=O)Nc4cccc(-c5cccc(F)c5F)c4)c3)c2)nc2ccccc21,-9.886847195357834,3.216920496534968,52_1547
O=C(Nc1cccc(-c2cccc(F)c2F)c1)Nc1cccc(-c2cccc(-c3cccc(-c4nn[nH]n4)c3)c2F)c1,-9.875000000000002,3.244951037107577,52_1548
O=C(Nc1cccc(-c2cccc(-c3nc4ccccc4[nH]3)c2)c1)Nc1cccc(-c2cccc(F)c2F)c1,-9.930854605993341,3.218592063451191,52_1549
Cn1c(-c2cccc(-c3cccc(NC(=O)Nc4cccc(-c5cccc(F)c5F)c4)c3)c2)nc2ccccc21,-9.886847195357834,3.216920496534968,52_1550
O=C(Nc1cccc(-c2cccc(-c3nc4ccccc4[nH]3)c2)c1)Nc1cccc(-c2cccc(F)c2F)c1,-9.930854605993341,3.218592063451191,52_1551
O=C(Nc1cccc(-c2cccc(F)c2F)c1)Nc1cccc(-c2cccc(-c3nc4cc(F)ccc4[nH]3)c2F)c1,-10.001606425702812,3.128615257744718,52_1552
O=C(Nc1cccc(-c2cccc(F)c2F)c1)Nc1cccc(-c2cccc(-c3nc4cc(F)ccc4[nH]3)c2F)c1,-10.001606425702812,3.128615257744718,52_1553
Cn1c(-c2cccc(-c3cccc(NC(=O)Nc4cccc(-c5cccc(F)c5F)c4)c3)c2)nc2ccccc21,-9.886847195357834,3.216920496534968,52_1554
Cn1c(-c2cccc(-c3cccc(NC(=O)Nc4cccc(-c5cccc(F)c5F)c4)c3)c2)nc2ccccc21,-9.886847195357834,3.216920496534968,52_1555
O=C(Nc1cccc(-c2cccc(-c3nc4cc(F)ccc4[nH]3)c2)c1)Nc1cccc(-c2cccc(F)c2F)c1,-9.61225806451613,3.1875244530828533,52_1556
Cn1c(-c2cccc(-c3cccc(NC(=O)Nc4cccc(-c5cccc(F)c5F)c4)c3)c2)nc2ccccc21,-9.886847195357834,3.216920496534968,52_1557
Cn1c(-c2cccc(-c3cccc(NC(=O)Nc4cccc(-c5cccc(F)c5F)c4)c3)c2)nc2ccccc21,-9.886847195357834,3.216920496534968,52_1558
Cn1c(-c2cccc(-c3cccc(NC(=O)Nc4cccc(-c5cccc(F)c5F)c4)c3)c2)nc2ccccc21,-9.886847195357834,3.216920496534968,52_1559
O=C(Nc1cccc(-c2cccc(-c3nc4cc(F)ccc4[nH]3)c2)c1)Nc1cccc(-c2cccc(F)c2F)c1,-9.61225806451613,3.1875244530828533,52_1560
Cn1c(-c2cccc(-c3cccc(NC(=O)Nc4cccc(-c5cccc(F)c5F)c4)c3)c2)nc2ccccc21,-9.886847195357834,3.216920496534968,52_1561
O=C(Nc1cccc(-c2cccc(-c3nc4ccccc4[nH]3)c2)c1)Nc1cccc(-c2cccc(F)c2F)c1,-9.930854605993341,3.218592063451191,52_1562
O=C(Nc1cccc(-c2cccc(-c3nc4ccccc4[nH]3)c2)c1)Nc1cccc(-c2cccc(F)c2F)c1,-9.930854605993341,3.218592063451191,52_1563
O=C(Nc1cccc(-c2cccc(-c3nc4ccccc4[nH]3)c2)c1)Nc1cccc(-c2cccc(F)c2F)c1,-9.930854605993341,3.218592063451191,52_1564
O=C(Nc1cccc(-c2cccc(-c3nc4ccccc4[nH]3)c2)c1)Nc1cccc(-c2cccc(F)c2F)c1,-9.930854605993341,3.218592063451191,52_1565
O=C(Nc1cccc(-c2cccc(F)c2F)c1)Nc1cccc(-c2cccc(-c3nc4cc(F)ccc4[nH]3)c2F)c1,-10.001606425702812,3.128615257744718,52_1566
Cn1c(-c2cccc(-c3cccc(NC(=O)Nc4cccc(-c5cccc(F)c5F)c4)c3)c2)nc2ccccc21,-9.886847195357834,3.216920496534968,52_1567
O=C(Nc1cccc(-c2cccc(-c3nc4ccccc4[nH]3)c2)c1)Nc1cccc(-c2cccc(F)c2F)c1,-9.930854605993341,3.218592063451191,52_1568
O=C(Nc1cccc(-c2cccc(-c3nc4ccccc4[nH]3)c2)c1)Nc1cccc(-c2cccc(F)c2F)c1,-9.930854605993341,3.218592063451191,52_1569
O=C(Nc1cccc(-c2cccc(-c3nc4ccccc4[nH]3)c2)c1)Nc1cccc(-c2ccc(F)cc2F)c1,-9.6,3.218592063451191,52_1570
O=C(Nc1cccc(-c2cccc(-c3nc4cc(F)ccc4[nH]3)c2)c1)Nc1cccc(-c2cccc(F)c2F)c1,-9.61225806451613,3.1875244530828533,52_1571
Cn1c(-c2cccc(-c3cccc(NC(=O)Nc4cccc(-c5cccc(F)c5F)c4)c3)c2)nc2ccccc21,-9.886847195357834,3.216920496534968,52_1572
Cn1c(-c2cccc(-c3cccc(NC(=O)Nc4cccc(-c5cccc(F)c5F)c4)c3)c2)nc2ccccc21,-9.886847195357834,3.216920496534968,52_1573
O=C(Nc1cccc(-c2cccc(F)c2F)c1)Nc1cccc(-c2cccc(-c3nc4cc(F)ccc4[nH]3)c2F)c1,-10.001606425702812,3.128615257744718,52_1574
O=C(Nc1cccc(-c2cccc(-c3nc4ccccc4[nH]3)c2)c1)Nc1cccc(-c2cccc(F)c2F)c1,-9.930854605993341,3.218592063451191,52_1575
O=C(Nc1cccc(-c2cccc(-c3nc4cc(F)ccc4[nH]3)c2)c1)Nc1cccc(-c2cccc(F)c2F)c1,-9.61225806451613,3.1875244530828533,52_1576
Cn1c(-c2cccc(-c3cccc(NC(=O)Nc4cccc(-c5cccc(C(=O)N6CCOCC6)c5)c4)c3)c2)nc2ccccc21,-9.365625000000001,3.2756851861708367,52_1577
O=C(Nc1cccc(-c2cccc(-c3nc4cc(F)ccc4[nH]3)c2)c1)Nc1cccc(-c2cccc(F)c2F)c1,-9.61225806451613,3.1875244530828533,52_1578
O=C(Nc1cccc(-c2cccc(F)c2F)c1)Nc1cccc(-c2cccc(-c3nc4cc(F)ccc4[nH]3)c2F)c1,-10.001606425702812,3.128615257744718,52_1579
O=C(Nc1cccc(-c2cccc(-c3nc4ccccc4[nH]3)c2)c1)Nc1cccc(-c2cccc(F)c2F)c1,-9.930854605993341,3.218592063451191,52_1580
O=C(Nc1cccc(-c2cccc(-c3nc4cc(F)ccc4[nH]3)c2)c1)Nc1cccc(-c2cccc(F)c2F)c1,-9.61225806451613,3.1875244530828533,52_1581
O=C(Nc1cccc(-c2cccc(-c3nc4ccccc4[nH]3)c2)c1)Nc1cccc(-c2cccc(F)c2F)c1,-9.930854605993341,3.218592063451191,52_1582
O=C(Nc1cccc(-c2cccc(F)c2F)c1)Nc1cccc(-c2cccc(-c3nc4cc(F)ccc4[nH]3)c2F)c1,-10.001606425702812,3.128615257744718,52_1583
Cn1c(-c2cccc(-c3cccc(NC(=O)Nc4cccc(-c5cccc(F)c5F)c4)c3)c2)nc2ccccc21,-9.886847195357834,3.216920496534968,52_1584
O=C(Nc1cccc(-c2cccc(-c3nc4ccccc4[nH]3)c2)c1)Nc1cccc(-c2cccc(F)c2F)c1,-9.930854605993341,3.218592063451191,52_1585
Cn1c(-c2cccc(-c3cccc(NC(=O)Nc4cccc(-c5cccc(F)c5F)c4)c3)c2)nc2ccccc21,-9.886847195357834,3.216920496534968,52_1586
Cn1c(-c2cccc(-c3cccc(NC(=O)Nc4cccc(-c5cccc(F)c5F)c4)c3)c2)nc2ccccc21,-9.886847195357834,3.216920496534968,52_1587
Cn1c(-c2cccc(-c3cccc(NC(=O)Nc4cccc(-c5cccc(F)c5F)c4)c3)c2)nc2ccccc21,-9.886847195357834,3.216920496534968,52_1588
Cn1c(-c2cccc(-c3cccc(NC(=O)Nc4cccc(-c5cccc(F)c5F)c4)c3)c2)nc2ccccc21,-9.886847195357834,3.216920496534968,52_1589
O=C(Nc1cccc(-c2cccc(-c3nc4ccccc4[nH]3)c2)c1)Nc1cccc(-c2cccc(F)c2F)c1,-9.930854605993341,3.218592063451191,52_1590
O=C(Nc1cccc(-c2cccc(-c3nc4ccccc4[nH]3)c2)c1)Nc1cccc(-c2cccc(F)c2F)c1,-9.930854605993341,3.218592063451191,52_1591
O=C(Nc1cccc(-c2cccc(-c3nc4cc(F)ccc4[nH]3)c2)c1)Nc1cccc(-c2cccc(F)c2F)c1,-9.61225806451613,3.1875244530828533,52_1592
O=C(Nc1cccc(-c2cccc(F)c2F)c1)Nc1cccc(-c2cccc(-c3nc4cc(F)ccc4[nH]3)c2F)c1,-10.001606425702812,3.128615257744718,52_1593
O=C(Nc1cccc(-c2cccc(-c3nc4ccccc4[nH]3)c2)c1)Nc1cccc(-c2cccc(F)c2F)c1,-9.930854605993341,3.218592063451191,52_1594
O=C(Nc1cccc(-c2cccc(-c3nc4ccccc4[nH]3)c2)c1)Nc1cccc(-c2cccc(F)c2F)c1,-9.930854605993341,3.218592063451191,52_1595
O=C(Nc1cccc(-c2cccc(-c3nc4ccccc4[nH]3)c2)c1)Nc1cccc(-c2cccc(F)c2F)c1,-9.930854605993341,3.218592063451191,52_1596
O=C(Nc1cccc(-c2cccc(-c3nc4ccccc4[nH]3)c2)c1)Nc1cccc(-c2cccc(F)c2F)c1,-9.930854605993341,3.218592063451191,52_1597
O=C(Nc1cccc(-c2cccc(-c3nc4ccccc4[nH]3)c2)c1)Nc1cccc(-c2cccc(F)c2F)c1,-9.930854605993341,3.218592063451191,52_1598
O=C(Nc1cccc(-c2cccc(-c3nc4ccccc4[nH]3)c2)c1)Nc1cccc(-c2cccc(F)c2F)c1,-9.930854605993341,3.218592063451191,52_1599
O=C(Nc1cccc(-c2cccc(-c3nc4ccccc4[nH]3)c2)c1)Nc1cccc(-c2cccc(F)c2F)c1,-9.930854605993341,3.218592063451191,52_1600
O=C(Nc1cccc(-c2cccc(-c3nc4ccccc4[nH]3)c2)c1)Nc1cccc(-c2cccc(F)c2F)c1,-9.930854605993341,3.218592063451191,52_1601
O=C(Nc1cccc(-c2cccc(-c3nc4ccccc4[nH]3)c2)c1)Nc1cccc(-c2cccc(F)c2F)c1,-9.930854605993341,3.218592063451191,52_1602
O=C(Nc1cccc(-c2cccc(F)c2F)c1)Nc1cccc(-c2cccc(-c3nc4cc(F)ccc4[nH]3)c2F)c1,-10.001606425702812,3.128615257744718,52_1603
O=C(Nc1cccc(-c2cccc(-c3nc4ccccc4[nH]3)c2)c1)Nc1cccc(-c2cccc(F)c2F)c1,-9.930854605993341,3.218592063451191,52_1604
Cn1c(-c2cccc(-c3cccc(NC(=O)Nc4cccc(-c5cccc(F)c5F)c4)c3)c2)nc2ccccc21,-9.886847195357834,3.216920496534968,52_1605
O=C(Nc1cccc(-c2cccc(-c3nc4ccccc4[nH]3)c2)c1)Nc1cccc(-c2cccc(F)c2F)c1,-9.930854605993341,3.218592063451191,52_1606
O=C(Nc1cccc(-c2cccc(-c3nc4cc(F)ccc4[nH]3)c2)c1)Nc1cccc(-c2cccc(F)c2F)c1,-9.61225806451613,3.1875244530828533,52_1607
O=C(Nc1cccc(-c2cccc(-c3nc4ccccc4[nH]3)c2)c1)Nc1cccc(-c2cccc(F)c2F)c1,-9.930854605993341,3.218592063451191,52_1608
O=C(Nc1cccc(-c2cccc(-c3nc4ccccc4[nH]3)c2)c1)Nc1cccc(-c2cccc(F)c2F)c1,-9.930854605993341,3.218592063451191,52_1609
O=C(Nc1cccc(-c2cccc(-c3nc4ccccc4[nH]3)c2)c1)Nc1cccc(-c2cccc(F)c2F)c1,-9.930854605993341,3.218592063451191,52_1610
Cn1c(-c2cccc(-c3cccc(NC(=O)Nc4cccc(-c5cccc(F)c5F)c4)c3)c2)nc2ccccc21,-9.886847195357834,3.216920496534968,52_1611
Cn1c(-c2cccc(-c3cccc(NC(=O)Nc4cccc(-c5cccc(F)c5F)c4)c3)c2)nc2ccccc21,-9.886847195357834,3.216920496534968,52_1612
Cn1c(-c2cccc(-c3cccc(NC(=O)Nc4cccc(-c5cccc(F)c5F)c4)c3)c2)nc2ccccc21,-9.886847195357834,3.216920496534968,52_1613
O=C(Nc1cccc(-c2cccc(-c3nc4cc(F)ccc4[nH]3)c2)c1)Nc1cccc(-c2cccc(F)c2F)c1,-9.61225806451613,3.1875244530828533,52_1614
O=C(Nc1cccc(-c2cccc(-c3nc4ccccc4[nH]3)c2)c1)Nc1cccc(-c2cccc(F)c2F)c1,-9.930854605993341,3.218592063451191,52_1615
Cn1c(-c2cccc(-c3cccc(NC(=O)Nc4cccc(-c5cccc(F)c5F)c4)c3)c2)nc2ccccc21,-9.886847195357834,3.216920496534968,52_1616
O=C(Nc1cccc(-c2cccc(-c3nc4cc(F)ccc4[nH]3)c2)c1)Nc1cccc(-c2cccc(F)c2F)c1,-9.61225806451613,3.1875244530828533,52_1617
O=C(Nc1cccc(-c2cccc(-c3nc4ccccc4[nH]3)c2)c1)Nc1cccc(-c2cccc(F)c2F)c1,-9.930854605993341,3.218592063451191,52_1618
O=C(c1cccc(-c2cccc(-c3cccc4ccccc34)c2)c1)N1CCN(C(=O)c2ccccc2F)CC1,-9.6,3.2705511526271827,52_1619
Cn1c(-c2cccc(-c3cccc(NC(=O)Nc4cccc(-c5cccc(F)c5F)c4)c3)c2)nc2ccccc21,-9.886847195357834,3.216920496534968,52_1620
O=C(Nc1cccc(-c2cccc(-c3cccc(-c4nn[nH]n4)c3)c2)c1)Nc1cccc(-c2cccc(F)c2F)c1,-9.847368421052632,3.286971097546113,52_1621
O=C(Nc1cccc(-c2cccc(-c3nc4cc(F)ccc4[nH]3)c2)c1)Nc1cccc(-c2cccc(F)c2F)c1,-9.61225806451613,3.1875244530828533,52_1622
Cn1c(-c2cccc(-c3cccc(NC(=O)Nc4cccc(-c5cccc(F)c5F)c4)c3)c2)nc2ccccc21,-9.886847195357834,3.216920496534968,52_1623
O=C(Nc1cccc(-c2cccc(-c3nc4ccccc4[nH]3)c2)c1)Nc1cccc(-c2cccc(F)c2F)c1,-9.930854605993341,3.218592063451191,52_1624
O=C(Nc1cccc(-c2cccc(-c3nc4ccccc4[nH]3)c2)c1)Nc1cccc(-c2cccc(F)c2F)c1,-9.930854605993341,3.218592063451191,52_1625
O=C(Nc1cccc(-c2cccc(-c3nc4ccccc4[nH]3)c2)c1)Nc1cccc(-c2cccc(F)c2F)c1,-9.930854605993341,3.218592063451191,52_1626
Cn1c(-c2cccc(-c3cccc(NC(=O)Nc4cccc(-c5cccc(F)c5F)c4)c3)c2)nc2ccccc21,-9.886847195357834,3.216920496534968,52_1627
O=C(Nc1cccc(-c2cccc(-c3nc4ccccc4[nH]3)c2)c1)Nc1cccc(-c2cccc(F)c2F)c1,-9.930854605993341,3.218592063451191,52_1628
Cn1c(-c2cccc(-c3cccc(NC(=O)Nc4cccc(-c5cccc(F)c5F)c4)c3)c2)nc2ccccc21,-9.886847195357834,3.216920496534968,52_1629
O=C(Nc1cccc(-c2cccc(F)c2F)c1)Nc1cccc(-c2cccc(-c3nc4cc(F)ccc4[nH]3)c2F)c1,-10.001606425702812,3.128615257744718,52_1630
O=C(Nc1cccc(-c2cccc(-c3nc4ccccc4[nH]3)c2)c1)Nc1cccc(-c2cccc(F)c2F)c1,-9.930854605993341,3.218592063451191,52_1631
O=C(Nc1cccc(-c2cccc(-c3nc4ccccc4[nH]3)c2)c1)Nc1cccc(-c2cccc(F)c2F)c1,-9.930854605993341,3.218592063451191,52_1632
O=C(Nc1cccc(-c2cccc(-c3nc4ccccc4[nH]3)c2)c1)Nc1cccc(-c2cccc(F)c2F)c1,-9.930854605993341,3.218592063451191,52_1633
O=C(Nc1cccc(-c2cccc(-c3nc4ccccc4[nH]3)c2)c1)Nc1cccc(-c2cccc(F)c2F)c1,-9.930854605993341,3.218592063451191,52_1634
Cn1c(-c2cccc(-c3cccc(NC(=O)Nc4cccc(-c5cccc(F)c5F)c4)c3)c2)nc2ccccc21,-9.886847195357834,3.216920496534968,52_1635
Cn1c(-c2cccc(-c3cccc(NC(=O)Nc4cccc(-c5cccc(F)c5F)c4)c3)c2)nc2ccccc21,-9.886847195357834,3.216920496534968,52_1636
Cn1c(-c2cccc(-c3cccc(NC(=O)Nc4cccc(-c5cccc(F)c5F)c4)c3)c2)nc2ccccc21,-9.886847195357834,3.216920496534968,52_1637
Cn1c(-c2cccc(-c3cccc(NC(=O)Nc4cccc(-c5cccc(F)c5F)c4)c3)c2)nc2ccccc21,-9.886847195357834,3.216920496534968,52_1638
Cn1c(-c2cccc(-c3cccc(NC(=O)Nc4cccc(-c5cccc(F)c5F)c4)c3)c2)nc2ccccc21,-9.886847195357834,3.216920496534968,52_1639
O=C(Nc1cccc(-c2cccc(-c3nc4ccccc4[nH]3)c2)c1)Nc1cccc(-c2cccc(F)c2F)c1,-9.930854605993341,3.218592063451191,52_1640
O=C(Nc1cccc(-c2cccc(F)c2F)c1)Nc1cccc(-c2cccc(-c3nc4cc(F)ccc4[nH]3)c2F)c1,-10.001606425702812,3.128615257744718,52_1641
O=C(Nc1cccc(-c2cccc(-c3nc4ccccc4[nH]3)c2)c1)Nc1cccc(-c2cccc(F)c2F)c1,-9.930854605993341,3.218592063451191,52_1642
O=C(Nc1cccc(-c2cccc(-c3nc4cc(F)ccc4[nH]3)c2)c1)Nc1cccc(-c2cccc(F)c2F)c1,-9.61225806451613,3.1875244530828533,52_1643
O=C(Nc1cccc(-c2cccc(-c3nc4ccccc4[nH]3)c2)c1)Nc1cccc(-c2cccc(F)c2F)c1,-9.930854605993341,3.218592063451191,52_1644
O=C(Nc1cccc(-c2cccc(F)c2F)c1)Nc1cccc(-c2cccc(-c3nc4cc(F)ccc4[nH]3)c2F)c1,-10.001606425702812,3.128615257744718,52_1645
O=C(Nc1cccc(-c2cccc(-c3nc4ccccc4[nH]3)c2)c1)Nc1cccc(-c2cccc(F)c2F)c1,-9.930854605993341,3.218592063451191,52_1646
Cn1c(-c2cccc(-c3cccc(NC(=O)Nc4cccc(-c5cccc(F)c5F)c4)c3)c2)nc2ccccc21,-9.886847195357834,3.216920496534968,52_1647
O=C(Nc1cccc(-c2cccc(-c3nc4ccccc4[nH]3)c2)c1)Nc1cccc(-c2cccc(F)c2F)c1,-9.930854605993341,3.218592063451191,52_1648
O=C(Nc1cccc(-c2cccc(F)c2F)c1)Nc1cccc(-c2cccc(-c3nc4cc(F)ccc4[nH]3)c2F)c1,-10.001606425702812,3.128615257744718,52_1649
O=C(Nc1cccc(-c2cccc(-c3nc4ccccc4[nH]3)c2)c1)Nc1cccc(-c2cccc(F)c2F)c1,-9.930854605993341,3.218592063451191,52_1650
Cn1c(-c2cccc(-c3cccc(NC(=O)Nc4cccc(-c5cccc(F)c5F)c4)c3)c2)nc2ccccc21,-9.886847195357834,3.216920496534968,52_1651
O=C(Nc1cccc(-c2cccc(-c3nc4ccccc4[nH]3)c2)c1)Nc1cccc(-c2cccc(F)c2F)c1,-9.930854605993341,3.218592063451191,52_1652
O=C(Nc1cccc(-c2cccc(-c3cccc(C(=O)N4CCOCC4)c3)c2)c1)N1CCN(C(=O)c2ccco2)CC1,-8.4,3.467136109900934,52_1653
O=C(Nc1cccc(-c2cccc(F)c2F)c1)Nc1cccc(-c2cccc(-c3nc4cc(F)ccc4[nH]3)c2F)c1,-10.001606425702812,3.128615257744718,52_1654
O=C(Nc1cccc(-c2cccc(-c3nc4ccccc4[nH]3)c2)c1)Nc1cccc(-c2cccc(F)c2F)c1,-9.930854605993341,3.218592063451191,52_1655
Cn1c(-c2cccc(-c3cccc(NC(=O)Nc4cccc(-c5ccccc5C#N)c4)c3)c2)nc2ccccc21,-8.7,3.2224979905418394,52_1656
O=C(Nc1cccc(-c2cccc(F)c2F)c1)Nc1cccc(-c2cccc(-c3nc4cc(F)ccc4[nH]3)c2F)c1,-10.001606425702812,3.128615257744718,52_1657
O=C(Nc1cccc(-c2cccc(F)c2F)c1)Nc1cccc(-c2cccc(-c3nc4cc(F)ccc4[nH]3)c2F)c1,-10.001606425702812,3.128615257744718,52_1658
O=C(Nc1cccc(-c2cccc(-c3nc4ccccc4[nH]3)c2)c1)Nc1cccc(-c2cccc(F)c2F)c1,-9.930854605993341,3.218592063451191,52_1659
Cn1c(-c2cccc(-c3cccc(NC(=O)Nc4cccc(-c5cccc(F)c5F)c4)c3)c2)nc2ccccc21,-9.886847195357834,3.216920496534968,52_1660
O=C(Nc1cccc(-c2cccc(-c3nc4ccccc4[nH]3)c2)c1)Nc1cccc(-c2cccc(F)c2F)c1,-9.930854605993341,3.218592063451191,52_1661
O=C(Nc1cccc(-c2cccc(-c3nc4ccccc4[nH]3)c2)c1)Nc1cccc(-c2cccc(F)c2F)c1,-9.930854605993341,3.218592063451191,52_1662
O=C(Nc1cccc(-c2cccc(-c3nc4ccccc4[nH]3)c2)c1)Nc1cccc(-c2cccc(F)c2F)c1,-9.930854605993341,3.218592063451191,52_1663
O=C(Nc1cccc(-c2cccc(F)c2F)c1)Nc1cccc(-c2cccc(-c3nc4cc(F)ccc4[nH]3)c2F)c1,-10.001606425702812,3.128615257744718,52_1664
O=C(Nc1cccc(-c2cccc(-c3nc4cc(F)ccc4[nH]3)c2)c1)Nc1cccc(-c2cccc(F)c2F)c1,-9.61225806451613,3.1875244530828533,52_1665
O=C(Nc1cccc(-c2cccc(-c3nc4cc(F)ccc4[nH]3)c2)c1)Nc1cccc(-c2cccc(F)c2F)c1,-9.61225806451613,3.1875244530828533,52_1666
O=C(Nc1cccc(-c2cccc(-c3nc4ccccc4[nH]3)c2)c1)Nc1cccc(-c2cccc(F)c2F)c1,-9.930854605993341,3.218592063451191,52_1667
Cn1c(-c2cccc(-c3cccc(NC(=O)Nc4cccc(C(F)(F)F)c4)c3)c2)nc2ccccc21,-9.75,3.4115265543640696,52_1668
O=C(Nc1cccc(-c2cccc(F)c2F)c1)Nc1cccc(-c2cccc(-c3nc4cc(F)ccc4[nH]3)c2F)c1,-10.001606425702812,3.128615257744718,52_1669
O=C(Nc1cccc(-c2cccc(-c3nc4cc(F)ccc4[nH]3)c2)c1)Nc1cccc(-c2cccc(F)c2F)c1,-9.61225806451613,3.1875244530828533,52_1670
O=C(Nc1cccc(-c2cccc(-c3nc4ccccc4[nH]3)c2)c1)Nc1cccc(-c2cccc(F)c2F)c1,-9.930854605993341,3.218592063451191,52_1671
Cn1c(-c2cccc(-c3cccc(NC(=O)Nc4cccc5ccccc45)c3)c2)nc2ccccc21,-10.5,3.2766385498794826,52_1672
O=C(Nc1cccc(-c2cccc(-c3nc4ccccc4[nH]3)c2)c1)Nc1cccc(-c2cccc(F)c2F)c1,-9.930854605993341,3.218592063451191,52_1673
Cn1c(-c2cccc(-c3cccc(NC(=O)Nc4cccc(-c5ccc6c[nH]nc6c5)c4)c3)c2)nc2ccccc21,-10.0,3.155856228190715,52_1674
O=C(Nc1cccc(-c2cccc(-c3nc4ccccc4[nH]3)c2)c1)Nc1cccc(-c2cccc(F)c2F)c1,-9.930854605993341,3.218592063451191,52_1675
O=C(Nc1cccc(-c2cccc(-c3nc4cc(F)ccc4[nH]3)c2)c1)Nc1cccc(-c2cccc(F)c2F)c1,-9.61225806451613,3.1875244530828533,52_1676
Cn1c(-c2cccc(-c3cccc(NC(=O)Nc4cccc(-c5cccc(F)c5F)c4)c3)c2)nc2ccccc21,-9.886847195357834,3.216920496534968,52_1677
Cn1c(-c2cccc(-c3cccc(NC(=O)Nc4cccc(-c5cccc(F)c5F)c4)c3)c2)nc2ccccc21,-9.886847195357834,3.216920496534968,52_1678
Cn1c(-c2cccc(-c3cccc(NC(=O)Nc4cccc(-c5cccc(F)c5F)c4)c3)c2)nc2ccccc21,-9.886847195357834,3.216920496534968,52_1679
O=C(Nc1cccc(-c2cccc(-c3nc4cc(F)ccc4[nH]3)c2)c1)Nc1cccc(-c2cccc(F)c2F)c1,-9.61225806451613,3.1875244530828533,52_1680
Cn1c(-c2cccc(-c3cccc(NC(=O)Nc4cccc(-c5cccc(F)c5F)c4)c3)c2)nc2ccccc21,-9.886847195357834,3.216920496534968,52_1681
O=C(Nc1cccc(-c2cccc(-c3nc4ccccc4[nH]3)c2)c1)Nc1cccc(-c2cccc(F)c2F)c1,-9.930854605993341,3.218592063451191,52_1682
O=C(Nc1cccc(-c2cccc(-c3nc4ccccc4[nH]3)c2)c1)Nc1cccc(-c2cccc(F)c2F)c1,-9.930854605993341,3.218592063451191,52_1683
Cn1c(-c2cccc(-c3cccc(NC(=O)Nc4cccc(-c5cccc(C(=O)N6CCOCC6)c5)c4)c3)c2)nc2ccccc21,-9.365625000000001,3.2756851861708367,52_1684
O=C(Nc1cccc(-c2cccc(-c3nc4ccccc4[nH]3)c2)c1)Nc1cccc(-c2cccc(F)c2F)c1,-9.930854605993341,3.218592063451191,52_1685
O=C(Nc1cccc(-c2cccc(-c3nc4ccccc4[nH]3)c2)c1)Nc1cccc(-c2cccc(F)c2F)c1,-9.930854605993341,3.218592063451191,52_1686
O=C(Nc1cccc(-c2cccc(F)c2F)c1)Nc1cccc(-c2cccc(-c3nc4cc(F)ccc4[nH]3)c2F)c1,-10.001606425702812,3.128615257744718,52_1687
Cn1c(-c2cccc(-c3cccc(NC(=O)Nc4cccc(-c5cccc(F)c5F)c4)c3)c2)nc2ccccc21,-9.886847195357834,3.216920496534968,52_1688
O=C(Nc1cccc(-c2cccc(-c3nc4cc(F)ccc4[nH]3)c2)c1)Nc1cccc(-c2cccc(F)c2F)c1,-9.61225806451613,3.1875244530828533,52_1689
O=C(Nc1cccc(-c2cccc(-c3nc4ccccc4[nH]3)c2)c1)Nc1cccc(-c2cccc(F)c2F)c1,-9.930854605993341,3.218592063451191,52_1690
O=C(Nc1cccc(-c2cccc(-c3nc4ccccc4[nH]3)c2)c1)Nc1cccc(-c2cccc(F)c2F)c1,-9.930854605993341,3.218592063451191,52_1691
O=C(Nc1cccc(-c2cccc(-c3nc4ccccc4[nH]3)c2)c1)Nc1cccc(-c2cccc(F)c2F)c1,-9.930854605993341,3.218592063451191,52_1692
O=C(Nc1cccc(-c2cccc(-c3nc4cc(F)ccc4[nH]3)c2)c1)Nc1cccc(-c2cccc(F)c2F)c1,-9.61225806451613,3.1875244530828533,52_1693
Cn1c(-c2cccc(-c3cccc(NC(=O)Nc4cccc(-c5cccc(F)c5F)c4)c3)c2)nc2ccccc21,-9.886847195357834,3.216920496534968,52_1694
Cn1c(-c2cccc(-c3cccc(NC(=O)Nc4cccc(-c5cccc(F)c5F)c4)c3)c2)nc2ccccc21,-9.886847195357834,3.216920496534968,52_1695
O=C(Nc1cccc(-c2cccc(-c3nc4ccccc4[nH]3)c2)c1)Nc1cccc(-c2cccc(F)c2F)c1,-9.930854605993341,3.218592063451191,52_1696
O=C(Nc1cccc(-c2cccc(F)c2F)c1)Nc1cccc(-c2cccc(-c3nc4cc(F)ccc4[nH]3)c2F)c1,-10.001606425702812,3.128615257744718,52_1697
O=C(Nc1cccc(-c2cccc(-c3nc4cc(F)ccc4[nH]3)c2)c1)Nc1cccc(-c2cccc(F)c2F)c1,-9.61225806451613,3.1875244530828533,52_1698
O=C(Nc1cccc(-c2cccc(-c3nc4ccccc4[nH]3)c2)c1)Nc1cccc(-c2cccc(F)c2F)c1,-9.930854605993341,3.218592063451191,52_1699
Cn1c(-c2cccc(-c3cccc(NC(=O)Nc4cccc(-c5cccc(-c6cccc(F)c6)c5)c4)c3)c2)nc2ccccc21,-9.841666666666667,3.0539916384657317,52_1700
O=C(Nc1cccc(-c2cccc(-c3nc4ccccc4[nH]3)c2)c1)Nc1cccc(-c2cccc(F)c2F)c1,-9.930854605993341,3.218592063451191,52_1701
O=C(Nc1cccc(-c2cccc(-c3nc4ccccc4[nH]3)c2)c1)Nc1cccc(-c2cccc(F)c2F)c1,-9.930854605993341,3.218592063451191,52_1702
O=c1[nH]c2cccc(Sc3cccc(F)c3)c2cc1N1CCN(c2ccccc2)CC1,-8.1,3.6701010907959155,52_1703
O=C(Nc1cccc(-c2cccc(-c3nc4ccccc4[nH]3)c2)c1)Nc1cccc(-c2cccc(F)c2F)c1,-9.930854605993341,3.218592063451191,52_1704
O=C(Nc1cccc(-c2cccc(F)c2F)c1)Nc1cccc(-c2cccc(-c3nc4cc(F)ccc4[nH]3)c2F)c1,-10.001606425702812,3.128615257744718,52_1705
Cn1c(-c2cccc(-c3cccc(NC(=O)Nc4cccc(-c5cccc(F)c5F)c4)c3)c2)nc2ccccc21,-9.886847195357834,3.216920496534968,52_1706
Cn1c(-c2cccc(-c3cccc(NC(=O)Nc4cccc(-c5cccc(F)c5F)c4)c3)c2)nc2ccccc21,-9.886847195357834,3.216920496534968,52_1707
Cn1c(-c2cccc(-c3cccc(NC(=O)Nc4cccc(-c5cccc(F)c5F)c4)c3)c2)nc2ccccc21,-9.886847195357834,3.216920496534968,52_1708
Cn1c(-c2cccc(-c3cccc(NC(=O)Nc4cccc(-c5cccc(F)c5F)c4)c3)c2)nc2ccccc21,-9.886847195357834,3.216920496534968,52_1709
O=C(Nc1cccc(-c2cccc(-c3nc4cc(F)ccc4[nH]3)c2)c1)Nc1cccc(-c2cccc(F)c2F)c1,-9.61225806451613,3.1875244530828533,52_1710
O=C(Nc1cccc(-c2cccc(F)c2F)c1)Nc1cccc(-c2cccc(-c3nc4cc(F)ccc4[nH]3)c2F)c1,-10.001606425702812,3.128615257744718,52_1711
O=C(Nc1cccc(-c2cccc(-c3nc4ccccc4[nH]3)c2)c1)Nc1cccc(-c2cccc(F)c2F)c1,-9.930854605993341,3.218592063451191,52_1712
O=C(Nc1cccc(-c2cccc(-c3nc4cc(F)ccc4[nH]3)c2)c1)Nc1cccc(-c2cccc(F)c2F)c1,-9.61225806451613,3.1875244530828533,52_1713
O=C(Nc1cccc(-c2cccc(-c3nc4ccccc4[nH]3)c2)c1)Nc1cccc(-c2cccc(F)c2F)c1,-9.930854605993341,3.218592063451191,52_1714
O=C(Nc1cccc(-c2cccc(F)c2F)c1)Nc1cccc(-c2cccc(-c3nc4cc(F)ccc4[nH]3)c2F)c1,-10.001606425702812,3.128615257744718,52_1715
O=C(Nc1cccc(-c2cccc(-c3nc4ccccc4[nH]3)c2)c1)Nc1cccc(-c2cccc(F)c2F)c1,-9.930854605993341,3.218592063451191,52_1716
O=C(Nc1cccc(-c2cccc(-c3nc4ccccc4[nH]3)c2)c1)Nc1cccc(-c2cccc(F)c2F)c1,-9.930854605993341,3.218592063451191,52_1717
O=C(Nc1cccc(-c2cccc(-c3nc4ccccc4[nH]3)c2)c1)Nc1cccc(-c2cccc(F)c2F)c1,-9.930854605993341,3.218592063451191,52_1718
O=C(Nc1cccc(-c2cccc(-c3nc4ccccc4[nH]3)c2)c1)Nc1cccc(-c2cccc(F)c2F)c1,-9.930854605993341,3.218592063451191,52_1719
Cn1c(-c2cccc(-c3cccc(NC(=O)Nc4cccc(-c5cccc(F)c5F)c4)c3)c2)nc2ccccc21,-9.886847195357834,3.216920496534968,52_1720
Cn1c(-c2cccc(-c3cccc(NC(=O)Nc4cccc(-c5cccc(F)c5F)c4)c3)c2)nc2ccccc21,-9.886847195357834,3.216920496534968,52_1721
Cn1c(-c2cccc(-c3cccc(NC(=O)Nc4cccc(-c5cccc(F)c5F)c4)c3)c2)nc2ccccc21,-9.886847195357834,3.216920496534968,52_1722
O=C(Nc1cccc(-c2cccc(-c3nc4ccccc4[nH]3)c2)c1)Nc1cccc(-c2cccc(F)c2F)c1,-9.930854605993341,3.218592063451191,52_1723
Cn1c(-c2cccc(-c3cccc(NC(=O)Nc4cccc(-c5cccc(F)c5F)c4)c3)c2)nc2ccccc21,-9.886847195357834,3.216920496534968,52_1724
O=C(Nc1cccc(-c2cccc(-c3nc4ccccc4[nH]3)c2)c1)Nc1cccc(-c2cccc(F)c2F)c1,-9.930854605993341,3.218592063451191,52_1725
Cn1c(-c2cccc(-c3cccc(NC(=O)Nc4cccc(-c5cccc(F)c5F)c4)c3)c2)nc2ccccc21,-9.886847195357834,3.216920496534968,52_1726
O=C(Nc1cccc(-c2cccc(-c3nc4cc(F)ccc4[nH]3)c2)c1)Nc1cccc(-c2cccc(F)c2F)c1,-9.61225806451613,3.1875244530828533,52_1727
Cn1c(-c2cccc(-c3cccc(NC(=O)Nc4cccc(-c5cccc(F)c5F)c4)c3)c2)nc2ccccc21,-9.886847195357834,3.216920496534968,52_1728
Cn1c(-c2cccc(-c3cccc(NC(=O)Nc4cccc(-c5cccc(F)c5F)c4)c3)c2)nc2ccccc21,-9.886847195357834,3.216920496534968,52_1729
O=C(N=CC1=CC(c2cccc(-c3nc4cc(F)ccc4[nH]3)c2)C=C1)Nc1cccc(-c2cccc(F)c2F)c1,-8.5,3.125246576078247,52_1730
Cn1c(-c2cccc(-c3cccc(NC(=O)Nc4cccc(-c5cccc(F)c5F)c4)c3)c2)nc2ccccc21,-9.886847195357834,3.216920496534968,52_1731
O=C(Nc1cccc(-c2cccc(-c3nc4ccccc4[nH]3)c2)c1)Nc1cccc(-c2cccc(F)c2F)c1,-9.930854605993341,3.218592063451191,52_1732
Cn1c(-c2cccc(-c3cccc(NC(=O)Nc4cccc(-c5cccc(F)c5F)c4)c3)c2)nc2ccccc21,-9.886847195357834,3.216920496534968,52_1733
O=C(Nc1cccc(-c2cccc(F)c2F)c1)Nc1cccc(-c2cccc(-c3nc4cc(F)ccc4[nH]3)c2F)c1,-10.001606425702812,3.128615257744718,52_1734
Cn1c(-c2cccc(-c3cccc(NC(=O)Nc4cccc(-c5cccc(F)c5F)c4)c3)c2)nc2ccccc21,-9.886847195357834,3.216920496534968,52_1735
O=C(Nc1cccc(-c2cccc(-c3nc4ccccc4[nH]3)c2)c1)Nc1cccc(-c2cccc(F)c2F)c1,-9.930854605993341,3.218592063451191,52_1736
O=C(Nc1cccc(-c2cccc(-c3nc4ccccc4[nH]3)c2)c1)Nc1cccc(-c2cccc(F)c2F)c1,-9.930854605993341,3.218592063451191,52_1737
O=C(Nc1cccc(-c2cccc(-c3nc4ccccc4[nH]3)c2)c1)Nc1cccc(-c2cccc(F)c2F)c1,-9.930854605993341,3.218592063451191,52_1738
O=C(Nc1cccc(-c2cccc(-c3nc4cc(F)ccc4[nH]3)c2)c1)Nc1cccc(-c2cccc(F)c2F)c1,-9.61225806451613,3.1875244530828533,52_1739
O=C(Nc1cccc(-c2cccc(-c3nc4ccccc4[nH]3)c2)c1)Nc1cccc(-c2cccc(F)c2F)c1,-9.930854605993341,3.218592063451191,52_1740
Cn1c(-c2cccc(-c3cccc(NC(=O)Nc4cccc(-c5cccc(F)c5F)c4)c3)c2)nc2ccccc21,-9.886847195357834,3.216920496534968,52_1741
O=C(Nc1cccc(-c2cccc(F)c2F)c1)Nc1cccc(-c2cccc(-c3nc4cc(F)ccc4[nH]3)c2F)c1,-10.001606425702812,3.128615257744718,52_1742
Cn1c(-c2cccc(-c3cccc(NC(=O)Nc4cccc(-c5cccc(F)c5F)c4)c3)c2)nc2ccccc21,-9.886847195357834,3.216920496534968,52_1743
O=C(Nc1cccc(-c2cccc(-c3nc4ccccc4[nH]3)c2)c1)Nc1cccc(-c2cccc(F)c2F)c1,-9.930854605993341,3.218592063451191,52_1744
O=C(Nc1cccc(-c2cccc(-c3nc4ccccc4[nH]3)c2)c1)Nc1cccc(-c2cccc(F)c2F)c1,-9.930854605993341,3.218592063451191,52_1745
O=C(Nc1cccc(-c2cccc(-c3nc4ccccc4[nH]3)c2)c1)Nc1cccc(-c2cccc(F)c2F)c1,-9.930854605993341,3.218592063451191,52_1746
Cn1c(-c2cccc(-c3cccc(NC(=O)Nc4cccc(-c5cccc(F)c5F)c4)c3)c2)nc2ccccc21,-9.886847195357834,3.216920496534968,52_1747
O=C(Nc1cccc(-c2cccc(-c3nc4cc(F)ccc4[nH]3)c2)c1)Nc1cccc(-c2cccc(F)c2F)c1,-9.61225806451613,3.1875244530828533,52_1748
Cn1c(-c2cccc(-c3cccc(NC(=O)Nc4cccc(-c5cccc(-c6cccc(F)c6)c5)c4)c3)c2)nc2ccccc21,-9.841666666666667,3.0539916384657317,52_1749
Cn1c(-c2cccc(-c3cccc(NC(=O)Nc4cccc(-c5ccccc5F)c4)c3)c2)nc2ccccc21,-10.200000000000001,3.211589862292562,52_1750
O=C(Nc1cccc(-c2cccc(-c3nc4ccccc4[nH]3)c2)c1)Nc1cccc(-c2cccc(F)c2F)c1,-9.930854605993341,3.218592063451191,52_1751
O=C(Nc1cccc(-c2cccc(-c3nc4ccccc4[nH]3)c2)c1)Nc1cccc(-c2cccc(F)c2F)c1,-9.930854605993341,3.218592063451191,52_1752
Cn1c(-c2cccc(-c3cccc(NC(=O)Nc4cccc(-c5cccc(F)c5F)c4)c3)c2)nc2ccccc21,-9.886847195357834,3.216920496534968,52_1753
Cn1c(-c2cccc(-c3cccc(NC(=O)Nc4cccc(-c5cccc(F)c5F)c4)c3)c2)nc2ccccc21,-9.886847195357834,3.216920496534968,52_1754
O=C(Nc1cccc(-c2cccc(-c3nc4cc(F)ccc4[nH]3)c2)c1)Nc1cccc(-c2cccc(F)c2F)c1,-9.61225806451613,3.1875244530828533,52_1755
Cn1c(-c2cccc(-c3cccc(NC(=O)Nc4ccccc4C(=O)N4CCOCC4)c3)c2)nc2ccccc21,-9.5,3.4282236758597824,52_1756
O=C(O)c1cccc(-c2cccc(-c3cccc(-c4cccc(C(=O)N5CCOCC5)c4)c3)c2)c1,-9.1,3.5793468712678145,52_1757
O=C(Nc1cccc(-c2cccc(F)c2F)c1)Nc1cccc(-c2cccc(-c3nc4cc(F)ccc4[nH]3)c2F)c1,-10.001606425702812,3.128615257744718,52_1758
Cn1c(-c2cccc(-c3cccc(NC(=O)Nc4cccc(-c5cccc(F)c5F)c4)c3)c2)nc2ccccc21,-9.886847195357834,3.216920496534968,52_1759
Cn1c(-c2cccc(-c3cccc(NC(=O)Nc4cccc(-c5cccc(F)c5F)c4)c3)c2)nc2ccccc21,-9.886847195357834,3.216920496534968,52_1761
O=C(Nc1cccc(-c2cccc(-c3nc4cc(F)ccc4[nH]3)c2)c1)Nc1cccc(-c2cccc(F)c2F)c1,-9.61225806451613,3.1875244530828533,52_1762
O=C(Nc1cccc(-c2cccc(-c3nc4ccccc4[nH]3)c2)c1)Nc1cccc(-c2cccc(F)c2F)c1,-9.930854605993341,3.218592063451191,52_1763
Cn1c(-c2cccc(-c3cccc(NC(=O)Nc4cccc(-c5cccc(F)c5F)c4)c3)c2)nc2ccccc21,-9.886847195357834,3.216920496534968,52_1764
O=C(Nc1ccccn1)c1cccc(-c2cccc(-c3cccc(-c4nc5cc(F)ccc5[nH]4)c3F)c2)c1,-8.3,3.391061905066158,52_1765
O=C(Nc1cccc(-c2cccc(-c3nc4ccccc4[nH]3)c2)c1)Nc1cccc(-c2cccc(F)c2F)c1,-9.930854605993341,3.218592063451191,52_1766
Cn1c(-c2cccc(-c3cccc(NC(=O)Nc4cccc(-c5cccc(F)c5F)c4)c3)c2)nc2ccccc21,-9.886847195357834,3.216920496534968,52_1767
O=C(Nc1cccc(-c2cccc(-c3nc4ccccc4[nH]3)c2)c1)Nc1cccc(-c2cccc(F)c2F)c1,-9.930854605993341,3.218592063451191,52_1768
Cn1c(-c2cccc(-c3cccc(NC(=O)Nc4cccc(-c5cccc(F)c5F)c4)c3)c2)nc2ccccc21,-9.886847195357834,3.216920496534968,52_1769
O=C(Nc1cccc(-c2cccc(-c3nc4ccccc4[nH]3)c2)c1)Nc1cccc(-c2cccc(F)c2F)c1,-9.930854605993341,3.218592063451191,52_1770
O=C(Nc1cccc(-c2cccc(F)c2F)c1)Nc1cccc(-c2cccc(-c3nc4cc(F)ccc4[nH]3)c2F)c1,-10.001606425702812,3.128615257744718,52_1771
O=C(Nc1cccc(-c2cccc(-c3nc4ccccc4[nH]3)c2)c1)Nc1cccc(-c2cccc(F)c2F)c1,-9.930854605993341,3.218592063451191,52_1772
O=C(Nc1cccc(-c2cccc(-c3nc4cc(F)ccc4[nH]3)c2)c1)Nc1cccc(-c2cccc(F)c2F)c1,-9.61225806451613,3.1875244530828533,52_1773
Cn1c(-c2cccc(-c3cccc(NC(=O)Nc4cccc(-c5cccc(F)c5F)c4)c3)c2)nc2ccccc21,-9.886847195357834,3.216920496534968,52_1774
O=C(Nc1cccc(-c2cccc(-c3nc4ccccc4[nH]3)c2)c1)Nc1cccc(-c2cccc(F)c2F)c1,-9.930854605993341,3.218592063451191,52_1775
O=C(Nc1cccc(-c2cccc(-c3nc4cc(F)ccc4[nH]3)c2)c1)Nc1cccc(-c2cccc(F)c2F)c1,-9.61225806451613,3.1875244530828533,52_1776
O=C(Nc1cccc(-c2cccc(-c3nc4ccccc4[nH]3)c2)c1)Nc1cccc(-c2cccc(F)c2F)c1,-9.930854605993341,3.218592063451191,52_1777
Cn1c(-c2cccc(-c3cccc(NC(=O)Nc4cccc(-c5cccc(F)c5F)c4)c3)c2)nc2ccccc21,-9.886847195357834,3.216920496534968,52_1778
Cn1c(-c2cccc(-c3cccc(NC(=O)Nc4cccc(-c5cccc(F)c5F)c4)c3)c2)nc2ccccc21,-9.886847195357834,3.216920496534968,52_1779
O=C(Nc1cccc(-c2cccc(F)c2F)c1)Nc1cccc(-c2cccc(-c3nc4cc(F)ccc4[nH]3)c2F)c1,-10.001606425702812,3.128615257744718,52_1780
O=C(Nc1cccc(-c2cccc(-c3nc4ccccc4[nH]3)c2)c1)Nc1cccc(-c2cccc(F)c2F)c1,-9.930854605993341,3.218592063451191,52_1781
Cn1c(-c2cccc(-c3cccc(NC(=O)Nc4cccc(-c5cccc(F)c5F)c4)c3)c2)nc2ccccc21,-9.886847195357834,3.216920496534968,52_1782
O=C(Nc1cccc(-c2cccc(-c3nc4ccccc4[nH]3)c2)c1)Nc1cccc(-c2cccc(F)c2F)c1,-9.930854605993341,3.218592063451191,52_1783
Cn1c(-c2cccc(-c3cccc(NC(=O)Nc4cccc(-c5cccc(F)c5F)c4)c3)c2)nc2ccccc21,-9.886847195357834,3.216920496534968,52_1784
O=C(Nc1cccc(-c2cccc(F)c2F)c1)Nc1cccc(-c2cccc(-c3nc4cc(F)ccc4[nH]3)c2F)c1,-10.001606425702812,3.128615257744718,52_1785
O=C(Nc1cccc(-c2cccc(-c3nc4ccccc4[nH]3)c2)c1)Nc1cccc(-c2cccc(F)c2F)c1,-9.930854605993341,3.218592063451191,52_1786
O=C(Nc1cccc(-c2cccc(-c3nc4cc(F)ccc4[nH]3)c2)c1)Nc1cccc(-c2cccc(F)c2F)c1,-9.61225806451613,3.1875244530828533,52_1787
O=C(Nc1cccc(-c2cccc(-c3cccc(-c4nc5cc(F)ccc5[nH]4)c3F)c2)c1)N1CCNCC1,-9.566666666666666,3.3431687582788054,52_1788
Cn1c(-c2cccc(-c3cccc(NC(=O)Nc4cccc(-c5cccc(F)c5F)c4)c3)c2)nc2ccccc21,-9.886847195357834,3.216920496534968,52_1789
Cn1c(-c2cccc(-c3cccc(NC(=O)Nc4cccc(-c5cccc(F)c5F)c4)c3)c2)nc2ccccc21,-9.886847195357834,3.216920496534968,52_1790
O=C(Nc1cccc(-c2cccc(-c3nc4ccccc4[nH]3)c2)c1)Nc1cccc(-c2cccc(F)c2F)c1,-9.930854605993341,3.218592063451191,52_1791
Cn1c(-c2cccc(-c3cccc(NC(=O)Nc4cccc(F)c4)c3)c2)nc2ccccc21,-10.0,3.375390123066129,52_1792
O=C(Nc1cccc(-c2cccc(F)c2F)c1)Nc1cccc(-c2cccc(-c3nc4cc(F)ccc4[nH]3)c2F)c1,-10.001606425702812,3.128615257744718,52_1793
O=C(Nc1cccc(-c2cccc(-c3nc4ccccc4[nH]3)c2)c1)Nc1cccc(-c2cccc(F)c2F)c1,-9.930854605993341,3.218592063451191,52_1794
Cn1c(-c2cccc(-c3cccc(NC(=O)Nc4cccc(-c5cccc(F)c5F)c4)c3)c2)nc2ccccc21,-9.886847195357834,3.216920496534968,52_1795
O=C(Nc1cccc(-c2cccc(F)c2F)c1)Nc1cccc(-c2cccc(-c3nc4cc(F)ccc4[nH]3)c2F)c1,-10.001606425702812,3.128615257744718,52_1796
O=C(Nc1cccc(-c2cccc(-c3nc4ccccc4[nH]3)c2)c1)Nc1cccc(-c2cccc(F)c2F)c1,-9.930854605993341,3.218592063451191,52_1797
O=C(Nc1cccc(-c2cccc(-c3nc4ccccc4[nH]3)c2)c1)Nc1cccc(-c2cccc(F)c2F)c1,-9.930854605993341,3.218592063451191,52_1798
O=C(Nc1cccc(-c2cccc(-c3nc4ccccc4[nH]3)c2)c1)Nc1cccc(-c2cccc(F)c2F)c1,-9.930854605993341,3.218592063451191,52_1799
O=C(c1cccc(-c2cccc(-c3cccc4ccccc34)c2)c1)N1CCN(C(=O)c2cccc3ccccc23)CC1,-9.3,3.1497144483216615,52_1800
O=C(Nc1cccc(-c2cccc(-c3nc4ccccc4[nH]3)c2)c1)Nc1cccc(-c2cccc(F)c2F)c1,-9.930854605993341,3.218592063451191,52_1801
O=C(Nc1cccc(-c2cccc(F)c2F)c1)Nc1cccc(-c2cccc(-c3nc4cc(F)ccc4[nH]3)c2F)c1,-10.001606425702812,3.128615257744718,52_1802
Cn1c(-c2cccc(-c3cccc(NC(=O)Nc4cccc(-c5cccc(F)c5F)c4)c3)c2)nc2ccccc21,-9.886847195357834,3.216920496534968,52_1803
Cn1c(-c2cccc(-c3cccc(NC(=O)Nc4cccc(-c5cccc(F)c5F)c4)c3)c2)nc2ccccc21,-9.886847195357834,3.216920496534968,52_1804
Cn1c(-c2cccc(-c3cccc(NC(=O)Nc4cccc(-c5cccc(F)c5F)c4)c3)c2)nc2ccccc21,-9.886847195357834,3.216920496534968,52_1805
Cn1c(-c2cccc(-c3cccc(NC(=O)Nc4cccc(-c5cccc(F)c5F)c4)c3)c2)nc2ccccc21,-9.886847195357834,3.216920496534968,52_1806
O=C(Nc1cccc(-c2cccc(-c3nc4ccccc4[nH]3)c2)c1)Nc1cccc(-c2cccc(F)c2F)c1,-9.930854605993341,3.218592063451191,52_1807
Cn1c(-c2cccc(-c3cccc(NC(=O)Nc4cccc(-c5cccc(C(=O)N6CCOCC6)c5)c4)c3)c2)nc2ccccc21,-9.365625000000001,3.2756851861708367,52_1808
O=C(Nc1cccc(-c2cccc(-c3nc4ccccc4[nH]3)c2)c1)Nc1cccc(-c2cccc(F)c2F)c1,-9.930854605993341,3.218592063451191,52_1809
O=C(Nc1cccc(-c2cccc(-c3nc4ccccc4[nH]3)c2)c1)Nc1cccc(-c2cccc(F)c2F)c1,-9.930854605993341,3.218592063451191,52_1810
O=C(Nc1cccc(-c2cccc(-c3nc4cc(F)ccc4[nH]3)c2)c1)Nc1cccc(-c2cccc(F)c2F)c1,-9.61225806451613,3.1875244530828533,52_1811
O=C(Nc1cccc(-c2cccc(-c3nc4ccccc4[nH]3)c2)c1)Nc1cccc(-c2cccc(F)c2F)c1,-9.930854605993341,3.218592063451191,52_1812
Cn1c(-c2cccc(-c3cccc(NC(=O)Nc4cccc(-c5cccc(F)c5F)c4)c3)c2)nc2ccccc21,-9.886847195357834,3.216920496534968,52_1813
Cn1c(-c2cccc(-c3cccc(NC(=O)Nc4cccc(-c5cccc(C(=O)N6CCOCC6)c5)c4)c3)c2)nc2ccccc21,-9.365625000000001,3.2756851861708367,52_1814
O=C(Nc1cccc(-c2cccc(-c3cccc(-c4ccccc4F)c3)c2)c1)N1CCNCC1,-9.333333333333336,3.470002651546907,52_1815
O=C(Nc1cccc(-c2cccc(-c3nc4cc(F)ccc4[nH]3)c2)c1)Nc1cccc(-c2cccc(F)c2F)c1,-9.61225806451613,3.1875244530828533,52_1816
Cn1c(-c2cccc(-c3cccc(NC(=O)Nc4cccc(-c5cccc(F)c5F)c4)c3)c2)nc2ccccc21,-9.886847195357834,3.216920496534968,52_1817
Cn1c(-c2cccc(-c3cccc(NC(=O)Nc4cccc(-c5cccc(F)c5F)c4)c3)c2)nc2ccccc21,-9.886847195357834,3.216920496534968,52_1818
Cn1c(-c2cccc(-c3cccc(NC(=O)Nc4cccc(-c5cccc(F)c5F)c4)c3)c2)nc2ccccc21,-9.886847195357834,3.216920496534968,52_1819
O=C(Nc1cccc(-c2cccc(-c3nc4ccccc4[nH]3)c2)c1)Nc1cccc(-c2cccc(F)c2F)c1,-9.930854605993341,3.218592063451191,52_1820
O=C(Nc1cccc(-c2cccc(-c3nc4ccccc4[nH]3)c2)c1)Nc1cccc(-c2cccc(F)c2F)c1,-9.930854605993341,3.218592063451191,52_1821
O=C(Nc1cccc(-c2cccc(-c3nc4ccccc4[nH]3)c2)c1)Nc1cccc(-c2cccc(F)c2F)c1,-9.930854605993341,3.218592063451191,52_1822
O=C(Nc1cccc(-c2cccc(-c3nc4cc(F)ccc4[nH]3)c2)c1)Nc1cccc(-c2cccc(F)c2F)c1,-9.61225806451613,3.1875244530828533,52_1823
O=C(Nc1cccc(-c2cccc(-c3nc4ccccc4[nH]3)c2)c1)Nc1cccc(-c2cccc(F)c2F)c1,-9.930854605993341,3.218592063451191,52_1824
O=C(Nc1cccc(-c2cccc(-c3nc4ccccc4[nH]3)c2)c1)Nc1cccc(-c2cccc(F)c2F)c1,-9.930854605993341,3.218592063451191,52_1825
O=C(Nc1cccc(-c2cccc(-c3cccc(-c4nn[nH]n4)c3)c2)c1)Nc1cccc(-c2cccc(F)c2F)c1,-9.847368421052632,3.286971097546113,52_1826
O=C(Nc1cccc(-c2cccc(F)c2F)c1)Nc1cccc(-c2cccc(-c3cccc(-c4nn[nH]n4)c3)c2F)c1,-9.875000000000002,3.244951037107577,52_1827
Cn1c(-c2cccc(-c3cccc(NC(=O)Nc4cccc(-c5cccc(F)c5F)c4)c3)c2)nc2ccccc21,-9.886847195357834,3.216920496534968,52_1828
O=C(Nc1cccc(-c2cccc(-c3nc4ccccc4[nH]3)c2)c1)Nc1cccc(-c2cccc(F)c2F)c1,-9.930854605993341,3.218592063451191,52_1829
O=C(Nc1cccc(-c2cccc(-c3nc4ccccc4[nH]3)c2)c1)Nc1cccc(-c2cccc(F)c2F)c1,-9.930854605993341,3.218592063451191,52_1830
O=C(Nc1cccc(-c2cccc(-c3ccc4c(c3)OCO4)c2)c1)Nc1cccc(-c2ccc3c(c2)OCCO3)c1,-10.4,3.23911723161787,52_1831
Cn1c(-c2cccc(-c3cccc(NC(=O)Nc4cccc(-c5cccc(F)c5F)c4)c3)c2)nc2ccccc21,-9.886847195357834,3.216920496534968,52_1832
Cn1c(-c2cccc(-c3cccc(NC(=O)Nc4cccc(-c5cccc(F)c5F)c4)c3)c2)nc2ccccc21,-9.886847195357834,3.216920496534968,52_1833
O=C(Nc1cccc(-c2cccc(-c3nc4ccccc4[nH]3)c2)c1)Nc1cccc(-c2cccc(F)c2F)c1,-9.930854605993341,3.218592063451191,52_1834
O=C(Nc1cccc(-c2cccc(-c3nc4ccccc4[nH]3)c2)c1)Nc1cccc(-c2cccc(F)c2F)c1,-9.930854605993341,3.218592063451191,52_1835
Cn1c(-c2cccc(-c3cccc(NC(=O)Nc4cccc(-c5cccc(F)c5F)c4)c3)c2)nc2ccccc21,-9.886847195357834,3.216920496534968,52_1836
O=C(Nc1cccc(-c2cccc(-c3nc4ccccc4[nH]3)c2)c1)Nc1cccc(-c2cccc(F)c2F)c1,-9.930854605993341,3.218592063451191,52_1837
O=C(Nc1cccc(-c2cccc(-c3nc4ccccc4[nH]3)c2)c1)Nc1cccc(-c2cccc(F)c2F)c1,-9.930854605993341,3.218592063451191,52_1838
O=C(Nc1cccc(-c2cccc(-c3nc4ccccc4[nH]3)c2)c1)Nc1cccc(-c2cccc(F)c2F)c1,-9.930854605993341,3.218592063451191,52_1839
O=C(O)c1ccc(-c2cccc(-c3cccc(-c4cccc(C(=O)N5CCOCC5)c4)c3)c2)nc1,-8.3,3.635214268430692,52_1840
O=C(Nc1cccc(-c2cccc(-c3nc4ccccc4[nH]3)c2)c1)Nc1cccc(-c2cccc(F)c2F)c1,-9.930854605993341,3.218592063451191,52_1841
O=C(Nc1cccc(-c2cccc(-c3nc4ccccc4[nH]3)c2)c1)Nc1cccc(-c2cccc(F)c2F)c1,-9.930854605993341,3.218592063451191,52_1842
O=C(Nc1cccc(-c2cccc(-c3nc4ccccc4[nH]3)c2)c1)Nc1cccc(-c2cccc(F)c2F)c1,-9.930854605993341,3.218592063451191,52_1843
Cn1c(-c2cccc(-c3cccc(NC(=O)Nc4cccc(-c5cccc(F)c5F)c4)c3)c2)nc2ccccc21,-9.886847195357834,3.216920496534968,52_1844
O=C(Nc1cccc(-c2cccc(-c3nc4ccccc4[nH]3)c2)c1)Nc1cccc(-c2cccc(F)c2F)c1,-9.930854605993341,3.218592063451191,52_1845
O=C(Nc1cccc(-c2cccc(-c3nc4ccccc4[nH]3)c2)c1)Nc1cccc(-c2cccc(F)c2F)c1,-9.930854605993341,3.218592063451191,52_1846
O=C(Nc1cccc(-c2cccc(-c3nc4ccccc4[nH]3)c2)c1)Nc1cccc(-c2cccc(F)c2F)c1,-9.930854605993341,3.218592063451191,52_1847
O=C(Nc1cccc(-c2cccc(-c3nc4ccccc4[nH]3)c2)c1)Nc1cccc(-c2cccc(F)c2F)c1,-9.930854605993341,3.218592063451191,52_1848
O=C(Nc1cccc(-c2cccc(-c3nc4ccccc4[nH]3)c2)c1)Nc1cccc(-c2cccc(F)c2F)c1,-9.930854605993341,3.218592063451191,52_1849
O=C(Nc1cccc(-c2cccc(-c3nc4cc(F)ccc4[nH]3)c2)c1)Nc1cccc(-c2cccc(F)c2F)c1,-9.61225806451613,3.1875244530828533,52_1850
O=C(Nc1cccc(-c2cccc(F)c2F)c1)Nc1cccc(-c2cccc(-c3nc4cc(F)ccc4[nH]3)c2F)c1,-10.001606425702812,3.128615257744718,52_1851
O=C(Nc1cccc(-c2cccc(-c3nc4ccccc4[nH]3)c2)c1)Nc1cccc(-c2cccc(F)c2F)c1,-9.930854605993341,3.218592063451191,52_1852
O=C(Nc1cccc(-c2cccc(-c3nc4ccccc4[nH]3)c2)c1)Nc1cccc(-c2cccc(F)c2F)c1,-9.930854605993341,3.218592063451191,52_1853
O=C(Nc1cccc(-c2cccc(-c3nc4ccccc4[nH]3)c2)c1)Nc1cccc(-c2cccc(F)c2F)c1,-9.930854605993341,3.218592063451191,52_1854
O=C(Nc1cccc(-c2cccc(-c3nc4ccccc4[nH]3)c2)c1)Nc1cccc(-c2cccc(F)c2F)c1,-9.930854605993341,3.218592063451191,52_1855
O=C(Nc1cccc(-c2cccc(-c3nc4ccccc4[nH]3)c2)c1)Nc1cccc(-c2cccc(F)c2F)c1,-9.930854605993341,3.218592063451191,52_1856
Cn1c(-c2cccc(-c3cccc(NC(=O)Nc4cccc(-c5cccc(F)c5F)c4)c3)c2)nc2ccccc21,-9.886847195357834,3.216920496534968,52_1857
O=C(Nc1cccc(-c2cccc(-c3nc4ccccc4[nH]3)c2)c1)Nc1cccc(-c2cccc(F)c2F)c1,-9.930854605993341,3.218592063451191,52_1858
Cn1c(-c2cccc(-c3cccc(NC(=O)Nc4cccc(-c5cccc(F)c5F)c4)c3)c2)nc2ccccc21,-9.886847195357834,3.216920496534968,52_1859
O=C(Nc1cccc(-c2cccc(-c3nc4cc(F)ccc4[nH]3)c2)c1)Nc1cccc(-c2cccc(F)c2F)c1,-9.61225806451613,3.1875244530828533,52_1860
Cn1c(-c2cccc(-c3cccc(NC(=O)Nc4cccc(-c5cccc(F)c5F)c4)c3)c2)nc2ccccc21,-9.886847195357834,3.216920496534968,52_1861
O=C(Nc1cccc(-c2cccc(-c3nc4ccccc4[nH]3)c2)c1)Nc1cccc(-c2cccc(F)c2F)c1,-9.930854605993341,3.218592063451191,52_1862
O=C(Nc1cccc(-c2cccc(-c3nc4ccccc4[nH]3)c2)c1)Nc1cccc(-c2cccc(F)c2F)c1,-9.930854605993341,3.218592063451191,52_1863
O=C(Nc1cccc(-c2cccc(-c3nc4ccccc4[nH]3)c2)c1)Nc1cccc(-c2cccc(F)c2F)c1,-9.930854605993341,3.218592063451191,52_1864
Cn1c(-c2cccc(-c3cccc(NC(=O)Nc4cccc(-c5cccc(F)c5F)c4)c3)c2)nc2ccccc21,-9.886847195357834,3.216920496534968,52_1865
O=C(Nc1cccc(-c2cccc(-c3nc4ccccc4[nH]3)c2)c1)Nc1cccc(-c2cccc(F)c2F)c1,-9.930854605993341,3.218592063451191,52_1866
O=C(Nc1cccc(-c2cccc(-c3nc4ccccc4[nH]3)c2)c1)Nc1cccc(-c2cccc(F)c2F)c1,-9.930854605993341,3.218592063451191,52_1867
O=C(Nc1cccc(-c2cccc(-c3nc4cc(F)ccc4[nH]3)c2)c1)Nc1cccc(-c2cccc(F)c2F)c1,-9.61225806451613,3.1875244530828533,52_1868
Cn1c(-c2cccc(-c3cccc(NC(=O)Nc4cccc(-c5cccc(C(=O)N6CCOCC6)c5)c4)c3)c2)nc2ccccc21,-9.365625000000001,3.2756851861708367,52_1869
Cn1c(-c2cccc(-c3cccc(NC(=O)Nc4cccc(-c5cccc(-c6ccccc6)c5)c4)c3)c2)nc2ccccc21,-8.4,3.0563724042831923,52_1870
O=C(Nc1cccc(-c2cccc(-c3nc4ccccc4[nH]3)c2)c1)Nc1cccc(-c2cccc(F)c2F)c1,-9.930854605993341,3.218592063451191,52_1871
Cn1c(-c2cccc(-c3cccc(NC(=O)Nc4cccc(-c5cccc(F)c5F)c4)c3)c2)nc2ccccc21,-9.886847195357834,3.216920496534968,52_1872
O=C(Nc1cccc(-c2cccc(-c3cccc(-c4cccc(-c5ccccc5F)c4)c3)c2)c1)N1CCNCC1,-10.1,3.2136094644710154,52_1873
O=C(Nc1cccc(-c2cccc(-c3nc4ccccc4[nH]3)c2)c1)Nc1cccc(-c2cccc(F)c2F)c1,-9.930854605993341,3.218592063451191,52_1874
O=C(Nc1cccc(-c2cccc(-c3nc4ccccc4[nH]3)c2)c1)Nc1cccc(-c2cccc(F)c2F)c1,-9.930854605993341,3.218592063451191,52_1875
Cn1c(-c2cccc(-c3cccc(NC(=O)Nc4cccc(-c5cccc(F)c5F)c4)c3)c2)nc2ccccc21,-9.886847195357834,3.216920496534968,52_1876
O=C(Nc1cccc(-c2cccc(-c3nc4ccccc4[nH]3)c2)c1)Nc1cccc(-c2cccc(F)c2F)c1,-9.930854605993341,3.218592063451191,52_1877
O=C(Nc1cccc(-c2cccc(-c3nc4ccccc4[nH]3)c2)c1)Nc1cccc(-c2cccc(F)c2F)c1,-9.930854605993341,3.218592063451191,52_1878
O=C(Nc1cccc(-c2cccc(F)c2F)c1)Nc1cccc(-c2cccc(-c3nc4cc(F)ccc4[nH]3)c2F)c1,-10.001606425702812,3.128615257744718,52_1879
O=C(Nc1cccc(-c2cccc(F)c2F)c1)Nc1cccc(-c2cccc(-c3nc4cc(F)ccc4[nH]3)c2F)c1,-10.001606425702812,3.128615257744718,52_1880
O=C(Nc1cccc(-c2cccc(-c3nc4ccccc4[nH]3)c2)c1)Nc1cccc(-c2cccc(F)c2F)c1,-9.930854605993341,3.218592063451191,52_1881
Cn1c(-c2cccc(-c3cccc(NC(=O)Nc4cccc(-c5cccc(F)c5F)c4)c3)c2)nc2ccccc21,-9.886847195357834,3.216920496534968,52_1882
Cn1c(-c2cccc(-c3cccc(NC(=O)Nc4cccc(-c5cccc(F)c5F)c4)c3)c2)nc2ccccc21,-9.886847195357834,3.216920496534968,52_1883
Cn1c(-c2cccc(-c3cccc(NC(=O)Nc4cccc(-c5cccc(F)c5F)c4)c3)c2)nc2ccccc21,-9.886847195357834,3.216920496534968,52_1884
O=C(Nc1cccc(-c2cccc(-c3nc4ccccc4[nH]3)c2)c1)Nc1cccc(-c2cccc(F)c2F)c1,-9.930854605993341,3.218592063451191,52_1885
Cn1c(-c2cccc(-c3cccc(NC(=O)Nc4cccc(-c5cccc(F)c5F)c4)c3)c2)nc2ccccc21,-9.886847195357834,3.216920496534968,52_1886
Cn1c(-c2cccc(-c3cccc(NC(=O)Nc4cccc(-c5cccc(F)c5F)c4)c3)c2)nc2ccccc21,-9.886847195357834,3.216920496534968,52_1887
O=C(Nc1cccc(-c2cccc(-c3nc4ccccc4[nH]3)c2)c1)Nc1cccc(-c2cccc(F)c2F)c1,-9.930854605993341,3.218592063451191,52_1888
O=C(Nc1cccc(-c2cccc(-c3nc4ccccc4[nH]3)c2)c1)Nc1cccc(-c2cccc(F)c2F)c1,-9.930854605993341,3.218592063451191,52_1889
O=C(Nc1cccc(-c2cccc(-c3nc4cc(F)ccc4[nH]3)c2)c1)Nc1cccc(-c2cccc(F)c2F)c1,-9.61225806451613,3.1875244530828533,52_1890
O=C(Nc1cccc(-c2cccc(-c3nc4ccccc4[nH]3)c2)c1)Nc1cccc(-c2cccc(F)c2F)c1,-9.930854605993341,3.218592063451191,52_1891
Cn1c(-c2cccc(-c3cccc(NC(=O)Nc4cccc(-c5cccc(-c6n[nH]c(=S)o6)c5)c4)c3)c2)nc2ccccc21,-9.266666666666667,3.025330481152692,52_1892
O=C(c1cccc(-c2cccc(-c3cccc4ccccc34)c2)c1)N1CCN(C(=O)c2cccc(F)c2F)CC1,-9.6,3.2507959847575894,52_1893
O=C(Nc1cccc(-c2cccc(F)c2F)c1)Nc1cccc(-c2cccc(-c3nc4cc(F)ccc4[nH]3)c2F)c1,-10.001606425702812,3.128615257744718,52_1894
O=C(Nc1cccc(-c2cccc(-c3nc4ccccc4[nH]3)c2)c1)Nc1cccc(-c2cccc(F)c2F)c1,-9.930854605993341,3.218592063451191,52_1895
Cn1c(-c2cccc(-c3cccc(NC(=O)Nc4cccc(-c5cccc(F)c5F)c4)c3)c2)nc2ccccc21,-9.886847195357834,3.216920496534968,52_1896
O=C(Nc1cccc(-c2cccc(F)c2F)c1)Nc1cccc(-c2cccc(-c3nc4cc(F)ccc4[nH]3)c2F)c1,-10.001606425702812,3.128615257744718,52_1897
O=C(Nc1cccc(-c2cccc(-c3nc4ccccc4[nH]3)c2)c1)Nc1cccc(-c2cccc(F)c2F)c1,-9.930854605993341,3.218592063451191,52_1898
O=C(Nc1cccc(-c2cccc(F)c2F)c1)Nc1cccc(-c2cccc(-c3nc4cc(F)ccc4[nH]3)c2F)c1,-10.001606425702812,3.128615257744718,52_1899
O=C(Nc1cccc(-c2cccc(-c3nc4ccccc4[nH]3)c2)c1)Nc1cccc(-c2cccc(F)c2F)c1,-9.930854605993341,3.218592063451191,52_1900
O=C(Nc1cccc(-c2cccc(-c3nc4ccccc4[nH]3)c2)c1)Nc1cccc(-c2cccc(F)c2F)c1,-9.930854605993341,3.218592063451191,52_1901
Cn1c(-c2cccc(-c3cccc(NC(=O)Nc4cccc(-c5cccc(F)c5F)c4)c3)c2)nc2ccccc21,-9.886847195357834,3.216920496534968,52_1902
Cn1c(-c2cccc(-c3cccc(NC(=O)Nc4cccc(-c5cccc(F)c5F)c4)c3)c2)nc2ccccc21,-9.886847195357834,3.216920496534968,52_1903
O=C(Nc1cccc(-c2cccc(F)c2F)c1)Nc1cccc(-c2cccc(-c3nc4cc(F)ccc4[nH]3)c2F)c1,-10.001606425702812,3.128615257744718,52_1904
O=C(Nc1cccc(-c2cccc(-c3nc4ccccc4[nH]3)c2)c1)Nc1cccc(-c2cccc(F)c2F)c1,-9.930854605993341,3.218592063451191,52_1905
O=C(Nc1cccc(-c2cccc(-c3nc4ccccc4[nH]3)c2)c1)Nc1cccc(-c2cccc(F)c2F)c1,-9.930854605993341,3.218592063451191,52_1906
O=C(Nc1cccc(-c2cccc(-c3nc4ccccc4[nH]3)c2)c1)Nc1cccc(-c2cccc(F)c2F)c1,-9.930854605993341,3.218592063451191,52_1907
Cn1c(-c2cccc(-c3cccc(NC(=O)Nc4cccc(-c5cccc(F)c5F)c4)c3)c2)nc2ccccc21,-9.886847195357834,3.216920496534968,52_1908
O=C(Nc1cccc(-c2cccc(F)c2F)c1)Nc1cccc(-c2cccc(-c3nc4cc(F)ccc4[nH]3)c2F)c1,-10.001606425702812,3.128615257744718,52_1909
O=C(Nc1cccc(-c2cccc(-c3nc4ccccc4[nH]3)c2)c1)Nc1cccc(-c2cccc(F)c2F)c1,-9.930854605993341,3.218592063451191,52_1910
Cn1c(-c2cccc(-c3cccc(NC(=O)Nc4cccc(-c5cccc(F)c5F)c4)c3)c2)nc2ccccc21,-9.886847195357834,3.216920496534968,52_1911
O=C(Nc1cccc2ccccc12)c1cccc(-c2cccc(-c3cccc(-c4cccc(-c5nn[nH]n5)c4)c3)c2)c1,-9.1,3.28795416791702,52_1912
O=C(Nc1cccc(-c2cccc(-c3cccc(-c4nn[nH]n4)c3)c2)c1)Nc1cccc(-c2cccc(F)c2F)c1,-9.847368421052632,3.286971097546113,52_1913
Cn1c(-c2cccc(-c3cccc(NC(=O)Nc4cccc(-c5cccc(-c6cccc(F)c6)c5)c4)c3)c2)nc2ccccc21,-9.841666666666667,3.0539916384657317,52_1914
Cn1c(-c2cccc(-c3cccc(NC(=O)Nc4cccc(-c5cccc(F)c5F)c4)c3)c2)nc2ccccc21,-9.886847195357834,3.216920496534968,52_1915
O=C(Nc1cccc(-c2cccc(-c3nc4ccccc4[nH]3)c2)c1)Nc1cccc(-c2cccc(F)c2F)c1,-9.930854605993341,3.218592063451191,52_1916
O=C(Nc1cccc(-c2cccc(-c3nc4ccccc4[nH]3)c2)c1)Nc1cccc(-c2cccc(F)c2F)c1,-9.930854605993341,3.218592063451191,52_1917
O=C(Nc1cccc(-c2cccc(-c3nc4ccccc4[nH]3)c2)c1)Nc1cccc(-c2cccc(F)c2F)c1,-9.930854605993341,3.218592063451191,52_1918
O=C(Nc1cccc(-c2cccc(F)c2F)c1)Nc1cccc(-c2cccc(-c3nc4cc(F)ccc4[nH]3)c2F)c1,-10.001606425702812,3.128615257744718,52_1919
Cn1c(-c2cccc(-c3cccc(NC(=O)Nc4cccc(-c5cccc(F)c5F)c4)c3)c2)nc2ccccc21,-9.886847195357834,3.216920496534968,52_1920
Cn1c(-c2cccc(-c3cccc(NC(=O)Nc4cccc(-c5cccc(F)c5F)c4)c3)c2)nc2ccccc21,-9.886847195357834,3.216920496534968,52_1921
Cn1c(-c2cccc(-c3cccc(NC(=O)Nc4cccc(-c5cccc(F)c5F)c4)c3)c2)nc2ccccc21,-9.886847195357834,3.216920496534968,52_1922
O=C(Nc1cccc(-c2cccc(-c3nc4cc(F)ccc4[nH]3)c2)c1)Nc1cccc(-c2cccc(F)c2F)c1,-9.61225806451613,3.1875244530828533,52_1923
O=C(Nc1cccc(-c2cccc(-c3nc4ccccc4[nH]3)c2)c1)Nc1cccc(-c2cccc(F)c2F)c1,-9.930854605993341,3.218592063451191,52_1924
O=C(Nc1cccc(-c2cccc(-c3nc4ccccc4[nH]3)c2)c1)Nc1cccc(-c2cccc(F)c2F)c1,-9.930854605993341,3.218592063451191,52_1925
O=C(Nc1cccc(-c2cccc(-c3nc4ccccc4[nH]3)c2)c1)Nc1cccc(-c2cccc(F)c2F)c1,-9.930854605993341,3.218592063451191,52_1926
O=C(Nc1cccc(-c2cccc(-c3nc4ccccc4[nH]3)c2)c1)Nc1cccc(-c2cccc(F)c2F)c1,-9.930854605993341,3.218592063451191,52_1927
O=C(Nc1cccc(-c2cccc(-c3nc4ccccc4[nH]3)c2)c1)Nc1cccc(-c2cccc(F)c2F)c1,-9.930854605993341,3.218592063451191,52_1928
O=C(Nc1cccc(-c2cccc(F)c2F)c1)Nc1cccc(-c2cccc(-c3nc4cc(F)ccc4[nH]3)c2F)c1,-10.001606425702812,3.128615257744718,52_1929
Cn1c(-c2cccc(-c3cccc(NC(=O)Nc4cccc(-c5cccc(F)c5F)c4)c3)c2)nc2ccccc21,-9.886847195357834,3.216920496534968,52_1930
Cn1c(-c2cccc(-c3cccc(NC(=O)Nc4cccc(-c5cccc(F)c5F)c4)c3)c2)nc2ccccc21,-9.886847195357834,3.216920496534968,52_1931
O=C(Nc1cccc(-c2cccc(-c3nc4ccccc4[nH]3)c2)c1)Nc1cccc(-c2cccc(F)c2F)c1,-9.930854605993341,3.218592063451191,52_1932
O=C(Nc1cccc(-c2cccc(-c3cccc(-c4ccccc4F)c3)c2)c1)N1CCNCC1,-9.333333333333336,3.470002651546907,52_1933
O=C(Nc1cccc(-c2cccc(-c3nc4ccccc4[nH]3)c2)c1)Nc1cccc(-c2cccc(F)c2F)c1,-9.930854605993341,3.218592063451191,52_1934
Cn1c(-c2cccc(-c3cccc(NC(=O)Nc4cccc(C(F)(F)F)c4)c3)c2)nc2ccccc21,-9.75,3.4115265543640696,52_1935
Cn1c(-c2cccc(-c3cccc(NC(=O)Nc4cccc(-c5cccc(F)c5F)c4)c3)c2)nc2ccccc21,-9.886847195357834,3.216920496534968,52_1936
O=C(Nc1cccc(-c2cccc(-c3nc4ccccc4[nH]3)c2)c1)Nc1cccc(-c2cccc(F)c2F)c1,-9.930854605993341,3.218592063451191,52_1937
Cn1c(-c2cccc(-c3cccc(NC(=O)Nc4cccc(-c5cccc(F)c5F)c4)c3)c2)nc2ccccc21,-9.886847195357834,3.216920496534968,52_1938
O=C(Nc1cccc(-c2cccc(-c3nc4cc(F)ccc4[nH]3)c2)c1)Nc1cccc(-c2cccc(F)c2F)c1,-9.61225806451613,3.1875244530828533,52_1939
O=C(Nc1cccc(-c2cccc(-c3nc4ccccc4[nH]3)c2)c1)Nc1cccc(-c2cccc(F)c2F)c1,-9.930854605993341,3.218592063451191,52_1940
Cn1c(-c2cccc(-c3cccc(NC(=O)Nc4cccc(-c5cccc(F)c5F)c4)c3)c2)nc2ccccc21,-9.886847195357834,3.216920496534968,52_1941
O=C(Nc1cccc(-c2cccc(-c3nc4ccccc4[nH]3)c2)c1)Nc1cccc(-c2cccc(F)c2F)c1,-9.930854605993341,3.218592063451191,52_1942
O=C(Nc1cccc(-c2cccc(-c3nc4ccccc4[nH]3)c2)c1)Nc1cccc(-c2cccc(F)c2F)c1,-9.930854605993341,3.218592063451191,52_1943
Cn1c(-c2cccc(-c3cccc(NC(=O)Nc4cccc(-c5cccc(F)c5F)c4)c3)c2)nc2ccccc21,-9.886847195357834,3.216920496534968,52_1944
O=C(Nc1cccc(-c2cccc(-c3nc4ccccc4[nH]3)c2)c1)Nc1cccc(-c2cccc(F)c2F)c1,-9.930854605993341,3.218592063451191,52_1945
O=C(Nc1cccc(-c2cccc(-c3nc4ccccc4[nH]3)c2)c1)Nc1cccc(-c2cccc(F)c2F)c1,-9.930854605993341,3.218592063451191,52_1946
O=C(Nc1cccc(-c2cccc(-c3nc4cc(F)ccc4[nH]3)c2)c1)Nc1cccc(-c2cccc(F)c2F)c1,-9.61225806451613,3.1875244530828533,52_1947
O=C(Nc1cccc(-c2cccc(-c3nc4ccccc4[nH]3)c2)c1)Nc1cccc(-c2cccc(F)c2F)c1,-9.930854605993341,3.218592063451191,52_1948
O=C(Nc1cccc(-c2cccc(-c3nc4ccccc4[nH]3)c2)c1)Nc1cccc(-c2cccc(F)c2F)c1,-9.930854605993341,3.218592063451191,52_1949
O=C(Nc1cccc(-c2cccc(F)c2F)c1)Nc1cccc(-c2cccc(-c3nc4cc(F)ccc4[nH]3)c2F)c1,-10.001606425702812,3.128615257744718,52_1950
O=C(Nc1cccc(-c2cccc(-c3nc4ccccc4[nH]3)c2)c1)Nc1cccc(-c2cccc(F)c2F)c1,-9.930854605993341,3.218592063451191,52_1951
Cn1c(-c2cccc(-c3cccc(NC(=O)Nc4cccc(-c5cccc(F)c5F)c4)c3)c2)nc2ccccc21,-9.886847195357834,3.216920496534968,52_1952
Cn1c(-c2cccc(-c3cccc(NC(=O)Nc4cccc(-c5cccc(F)c5F)c4)c3)c2)nc2ccccc21,-9.886847195357834,3.216920496534968,52_1953
Cn1c(-c2cccc(-c3cccc(NC(=O)Nc4cccc(-c5cccc(C(=O)N6CCOCC6)c5)c4)c3)c2)nc2ccccc21,-9.365625000000001,3.2756851861708367,52_1954
O=C(Nc1cccc(-c2cccc(-c3nc4ccccc4[nH]3)c2)c1)Nc1cccc(-c2cccc(F)c2F)c1,-9.930854605993341,3.218592063451191,52_1955
O=C(Nc1cccc(-c2cccc(-c3cccc(-c4ccccc4F)c3)c2)c1)N1CCNCC1,-9.333333333333336,3.470002651546907,52_1956
Cn1c(-c2cccc(-c3cccc(NC(=O)Nc4cccc(-c5cccc(F)c5F)c4)c3)c2)nc2ccccc21,-9.886847195357834,3.216920496534968,52_1957
Cn1c(-c2cccc(-c3cccc(NC(=O)Nc4cccc(-c5cccc(F)c5F)c4)c3)c2)nc2ccccc21,-9.886847195357834,3.216920496534968,52_1958
O=C(Nc1cccc(-c2cccc(F)c2F)c1)Nc1cccc(-c2cccc(-c3nc4cc(F)ccc4[nH]3)c2F)c1,-10.001606425702812,3.128615257744718,52_1959
Cn1c(-c2cccc(-c3cccc(NC(=O)Nc4cccc(-c5cccc(F)c5F)c4)c3)c2)nc2ccccc21,-9.886847195357834,3.216920496534968,52_1960
O=C(Nc1cccc(-c2cccc(-c3nc4ccccc4[nH]3)c2)c1)Nc1cccc(-c2cccc(F)c2F)c1,-9.930854605993341,3.218592063451191,52_1961
Cn1c(-c2cccc(-c3cccc(NC(=O)Nc4cccc(-c5cccc(C(=O)N6CCOCC6)c5)c4)c3)c2)nc2ccccc21,-9.365625000000001,3.2756851861708367,52_1962
O=C(Nc1cccc(-c2cccc(-c3nc4ccccc4[nH]3)c2)c1)Nc1cccc(-c2cccc(F)c2F)c1,-9.930854605993341,3.218592063451191,52_1963
Cn1c(-c2cccc(-c3cccc(NC(=O)Nc4cccc(-c5cccc(F)c5F)c4)c3)c2)nc2ccccc21,-9.886847195357834,3.216920496534968,52_1964
O=C(Nc1cccc(-c2cccc(-c3nc4ccccc4[nH]3)c2)c1)Nc1cccc(-c2cccc(F)c2F)c1,-9.930854605993341,3.218592063451191,52_1965
Cn1c(-c2cccc(-c3cccc(NC(=O)Nc4cccc(-c5cccc(F)c5F)c4)c3)c2)nc2ccccc21,-9.886847195357834,3.216920496534968,52_1966
Cn1c(-c2cccc(-c3cccc(NC(=O)Nc4cccc(-c5cccc(F)c5F)c4)c3)c2)nc2ccccc21,-9.886847195357834,3.216920496534968,52_1967
Cn1c(-c2cccc(-c3cccc(NC(=O)Nc4cccc(-c5cccc(F)c5F)c4)c3)c2)nc2ccccc21,-9.886847195357834,3.216920496534968,52_1968
Cn1c(-c2cccc(-c3cccc(NC(=O)Nc4cccc(-c5cccc(F)c5F)c4)c3)c2)nc2ccccc21,-9.886847195357834,3.216920496534968,52_1969
O=C(Nc1cccc(-c2cccc(-c3nc4ccccc4[nH]3)c2)c1)Nc1cccc(-c2cccc(F)c2F)c1,-9.930854605993341,3.218592063451191,52_1970
O=C(Nc1cccc(-c2cccc(F)c2F)c1)Nc1cccc(-c2cccc(-c3nc4cc(F)ccc4[nH]3)c2F)c1,-10.001606425702812,3.128615257744718,52_1971
O=C(Nc1cccc(-c2cccc(-c3nc4ccccc4[nH]3)c2)c1)Nc1cccc(-c2cccc(F)c2F)c1,-9.930854605993341,3.218592063451191,52_1972
O=C(Nc1cccc(-c2cccc(F)c2F)c1)Nc1cccc(-c2cccc(-c3nc4cc(F)ccc4[nH]3)c2F)c1,-10.001606425702812,3.128615257744718,52_1973
O=C(Nc1cccc(-c2cccc(F)c2F)c1)Nc1cccc(-c2cccc(-c3nc4cc(F)ccc4[nH]3)c2F)c1,-10.001606425702812,3.128615257744718,52_1974
O=C(Nc1cccc(-c2cccc(-c3nc4ccccc4[nH]3)c2)c1)Nc1cccc(-c2cccc(F)c2F)c1,-9.930854605993341,3.218592063451191,52_1975
O=C(Nc1cccc(-c2cccc(-c3nc4ccccc4[nH]3)c2)c1)Nc1cccc(-c2cccc(F)c2F)c1,-9.930854605993341,3.218592063451191,52_1976
O=C(Nc1cccc(-c2cccc(-c3nc4ccccc4[nH]3)c2)c1)Nc1cccc(-c2cccc(F)c2F)c1,-9.930854605993341,3.218592063451191,52_1977
O=C(Nc1cccc(-c2cccc(F)c2F)c1)Nc1cccc(-c2cccc(-c3nc4cc(F)ccc4[nH]3)c2F)c1,-10.001606425702812,3.128615257744718,52_1978
O=C(Nc1cccc(-c2cccc(F)c2F)c1)Nc1cccc(-c2cccc(-c3nc4cc(F)ccc4[nH]3)c2F)c1,-10.001606425702812,3.128615257744718,52_1979
O=C(Nc1cccc(-c2cccc(-c3nc4ccccc4[nH]3)c2)c1)Nc1cccc(-c2cccc(F)c2F)c1,-9.930854605993341,3.218592063451191,52_1980
O=C(Nc1cccc(-c2cccc(-c3nc4cc(F)ccc4[nH]3)c2)c1)Nc1cccc(-c2cccc(F)c2F)c1,-9.61225806451613,3.1875244530828533,52_1981
O=C(Nc1cccc(-c2cccc(F)c2F)c1)Nc1cccc(-c2cccc(-c3nc4cc(F)ccc4[nH]3)c2F)c1,-10.001606425702812,3.128615257744718,52_1982
O=C(Nc1cccc(-c2cccc(-c3nc4ccccc4[nH]3)c2)c1)Nc1cccc(-c2cccc(F)c2F)c1,-9.930854605993341,3.218592063451191,52_1983
O=C(Nc1cccc(-c2cccc(F)c2F)c1)Nc1cccc(-c2cccc(-c3nc4cc(F)ccc4[nH]3)c2F)c1,-10.001606425702812,3.128615257744718,52_1984
O=C(Nc1cccc(-c2cccc(-c3nc4ccccc4[nH]3)c2)c1)Nc1cccc(-c2cccc(F)c2F)c1,-9.930854605993341,3.218592063451191,52_1985
O=C(Nc1cccc(-c2cccc(-c3nc4ccccc4[nH]3)c2)c1)Nc1cccc(-c2cccc(F)c2F)c1,-9.930854605993341,3.218592063451191,52_1986
O=C(Nc1cccc(-c2cccc(-c3nc4cc(F)ccc4[nH]3)c2)c1)Nc1cccc(-c2cccc(F)c2F)c1,-9.61225806451613,3.1875244530828533,52_1987
Cn1c(-c2cccc(-c3cccc(NC(=O)Nc4cccc(-c5cccc(F)c5F)c4)c3)c2)nc2ccccc21,-9.886847195357834,3.216920496534968,52_1988
Cn1c(-c2cccc(-c3cccc(NC(=O)Nc4cccc(-c5cccc(F)c5F)c4)c3)c2)nc2ccccc21,-9.886847195357834,3.216920496534968,52_1989
O=C(Nc1cccc(-c2cccc(-c3nc4ccccc4[nH]3)c2)c1)Nc1cccc(-c2cccc(F)c2F)c1,-9.930854605993341,3.218592063451191,52_1990
O=C(Nc1cccc(-c2cccc(F)c2F)c1)Nc1cccc(-c2cccc(-c3nc4cc(F)ccc4[nH]3)c2F)c1,-10.001606425702812,3.128615257744718,52_1991
Cn1c(-c2cccc(-c3cccc(NC(=O)Nc4cccc(-c5cccc(F)c5F)c4)c3)c2)nc2ccccc21,-9.886847195357834,3.216920496534968,52_1992
Cn1c(-c2cccc(-c3cccc(NC(=O)Nc4cccc(-c5cccc(F)c5F)c4)c3)c2)nc2ccccc21,-9.886847195357834,3.216920496534968,52_1993
O=C(Nc1cccc(-c2cccc(-c3nc4ccccc4[nH]3)c2)c1)Nc1cccc(-c2cccc(F)c2F)c1,-9.930854605993341,3.218592063451191,52_1994
Cn1c(-c2cccc(-c3cccc(NC(=O)Nc4cccc(-c5cccc(F)c5F)c4)c3)c2)nc2ccccc21,-9.886847195357834,3.216920496534968,52_1995
Cn1c(-c2cccc(-c3cccc(NC(=O)Nc4cccc(-c5cccc(C(=O)N6CCOCC6)c5)c4)c3)c2)nc2ccccc21,-9.365625000000001,3.2756851861708367,52_1996
O=C(Nc1cccc(-c2cccc(-c3nc4cc(F)ccc4[nH]3)c2)c1)Nc1cccc(-c2cccc(F)c2F)c1,-9.61225806451613,3.1875244530828533,52_1997
O=C(Nc1cccc(-c2cccc(-c3nc4ccccc4[nH]3)c2)c1)Nc1cccc(-c2cccc(F)c2F)c1,-9.930854605993341,3.218592063451191,52_1998
O=C(Nc1cccc(-c2cccc(-c3nc4ccccc4[nH]3)c2)c1)Nc1cccc(-c2cccc(F)c2F)c1,-9.930854605993341,3.218592063451191,52_1999
