smiles,docking,drug_likeliness,names
O=C(Nc1cccc(-c2cccc(-c3nc4ccccc4[nH]3)c2)c1)Nc1cccc(-c2cccc(F)c2F)c1,-9.918142235123367,3.218592063451191,57_0
O=C(Nc1cccc(-c2cccc(-c3nc4ccccc4[nH]3)c2)c1)Nc1cccc(-c2cccc(F)c2F)c1,-9.918142235123367,3.218592063451191,57_1
O=C(Nc1cccc(-c2cccc(F)c2F)c1)Nc1cccc(-c2cccc(-c3nc4cc(F)ccc4[nH]3)c2F)c1,-10.03279069767442,3.128615257744718,57_2
O=C(Nc1cccc(-c2cccc(-c3nc4ccccc4[nH]3)c2)c1)Nc1cccc(-c2cccc(F)c2F)c1,-9.918142235123367,3.218592063451191,57_3
O=C(Nc1cccc(-c2cccc(F)c2F)c1)Nc1cccc(-c2cccc(-c3nc4cc(F)ccc4[nH]3)c2F)c1,-10.03279069767442,3.128615257744718,57_4
O=C(Nc1cccc(-c2cccc(-c3nc4ccccc4[nH]3)c2)c1)Nc1cccc(-c2cccc(F)c2F)c1,-9.918142235123367,3.218592063451191,57_5
Oc1ccc(-c2cccc(-c3cccc(-c4cccc5ccccc45)c3)c2)cc1,-9.2,3.063885369872313,57_6
O=C(Nc1cccc(-c2cccc(F)c2F)c1)Nc1cccc(-c2cccc(-c3nc4cc(F)ccc4[nH]3)c2F)c1,-10.03279069767442,3.128615257744718,57_7
O=C(Nc1cccc(-c2cccc(F)c2F)c1)Nc1cccc(-c2cccc(-c3nc4cc(F)ccc4[nH]3)c2F)c1,-10.03279069767442,3.128615257744718,57_8
O=C(Nc1cccc(-c2cccc(-c3nc4ccccc4[nH]3)c2)c1)Nc1cccc(-c2cccc(F)c2F)c1,-9.918142235123367,3.218592063451191,57_9
O=C(Nc1cccc(-c2cccc(-c3nc4ccccc4[nH]3)c2)c1)Nc1cccc(-c2cccc(F)c2F)c1,-9.918142235123367,3.218592063451191,57_10
O=C(Nc1cccc(-c2cccc(-c3nc4ccccc4[nH]3)c2)c1)Nc1cccc(-c2cccc(F)c2F)c1,-9.918142235123367,3.218592063451191,57_11
Cn1c(-c2cccc(-c3cccc(NC(=O)Nc4cccc(-c5cccc(F)c5F)c4)c3)c2)nc2ccccc21,-9.954744525547445,3.216920496534968,57_12
O=C(Nc1cccc(-c2cccc(F)c2F)c1)Nc1cccc(-c2cccc(-c3nc4cc(F)ccc4[nH]3)c2F)c1,-10.03279069767442,3.128615257744718,57_13
O=C(Nc1cccc(-c2cccc(-c3nc4ccccc4[nH]3)c2)c1)Nc1cccc(-c2cccc(F)c2F)c1,-9.918142235123367,3.218592063451191,57_14
O=C(Nc1cccc(-c2cccc(-c3nc4ccccc4[nH]3)c2)c1)Nc1cccc(-c2cccc(F)c2F)c1,-9.918142235123367,3.218592063451191,57_15
O=C(Nc1cccc(-c2cccc(-c3nc4ccccc4[nH]3)c2)c1)Nc1cccc(-c2cccc(F)c2F)c1,-9.918142235123367,3.218592063451191,57_16
O=C(Nc1cccc(-c2cccc(F)c2F)c1)Nc1cccc(-c2cccc(-c3nc4cc(F)ccc4[nH]3)c2F)c1,-10.03279069767442,3.128615257744718,57_17
O=C(Nc1cccc(-c2cccc(-c3nc4ccccc4[nH]3)c2)c1)Nc1cccc(-c2cccc(F)c2F)c1,-9.918142235123367,3.218592063451191,57_18
O=C(Nc1cccc(-c2cccc(-c3nc4ccccc4[nH]3)c2)c1)Nc1cccc(-c2cccc(F)c2F)c1,-9.918142235123367,3.218592063451191,57_19
O=C(Nc1cccc(-c2cccc(-c3nc4ccccc4[nH]3)c2)c1)Nc1cccc(-c2cccc(F)c2F)c1,-9.918142235123367,3.218592063451191,57_20
O=C(Nc1cccc(-c2cccc(-c3nc4ccccc4[nH]3)c2)c1)Nc1cccc(-c2cccc(F)c2F)c1,-9.918142235123367,3.218592063451191,57_21
O=C(Nc1cccc(-c2cccc(F)c2F)c1)Nc1cccc(-c2cccc(-c3nc4cc(F)ccc4[nH]3)c2F)c1,-10.03279069767442,3.128615257744718,57_22
O=C(Nc1cccc(-c2cccc(F)c2F)c1)Nc1cccc(-c2cccc(-c3nc4cc(F)ccc4[nH]3)c2F)c1,-10.03279069767442,3.128615257744718,57_23
O=C(Nc1cccc(-c2cccc(-c3nc4ccccc4[nH]3)c2)c1)Nc1cccc(-c2cccc(F)c2F)c1,-9.918142235123367,3.218592063451191,57_24
O=C(Nc1cccc(-c2cccc(F)c2F)c1)Nc1cccc(-c2cccc(-c3nc4cc(F)ccc4[nH]3)c2F)c1,-10.03279069767442,3.128615257744718,57_25
O=C(Nc1cccc(-c2cccc(F)c2F)c1)Nc1cccc(-c2cccc(-c3nc4cc(F)ccc4[nH]3)c2F)c1,-10.03279069767442,3.128615257744718,57_26
O=C(Nc1cccc(-c2cccc(F)c2F)c1)Nc1cccc(-c2cccc(-c3nc4cc(F)ccc4[nH]3)c2F)c1,-10.03279069767442,3.128615257744718,57_27
O=C(Nc1cccc(-c2cccc(-c3nc4ccccc4[nH]3)c2)c1)Nc1cccc(-c2cccc(F)c2F)c1,-9.918142235123367,3.218592063451191,57_28
O=C(Nc1cccc(-c2cccc(-c3nc4ccccc4[nH]3)c2)c1)Nc1cccc(-c2cccc(F)c2F)c1,-9.918142235123367,3.218592063451191,57_29
O=C(Nc1cccc(-c2cccc(-c3nc4ccccc4[nH]3)c2)c1)Nc1cccc(-c2cccc(F)c2F)c1,-9.918142235123367,3.218592063451191,57_30
O=C(Nc1cccc(-c2cccc(-c3nc4ccccc4[nH]3)c2)c1)Nc1cccc(-c2cccc(F)c2F)c1,-9.918142235123367,3.218592063451191,57_31
O=C(Nc1cccc(-c2cccc(-c3nc4cc(F)ccc4[nH]3)c2)c1)Nc1cccc(-c2cccc(F)c2F)c1,-9.31111111111111,3.1875244530828533,57_32
O=C(Nc1cccc(-c2cccc(-c3nc4ccccc4[nH]3)c2)c1)Nc1cccc(-c2cccc(F)c2F)c1,-9.918142235123367,3.218592063451191,57_33
O=C(Nc1cccc(-c2cccc(-c3nc4ccccc4[nH]3)c2)c1)Nc1cccc(-c2cccc(F)c2F)c1,-9.918142235123367,3.218592063451191,57_34
O=C(Nc1cccc(-c2cccc(-c3nc4ccccc4[nH]3)c2)c1)Nc1cccc(-c2cccc(F)c2F)c1,-9.918142235123367,3.218592063451191,57_35
O=C(Nc1cccc(-c2cccc(F)c2F)c1)Nc1cccc(-c2cccc(-c3nc4cc(F)ccc4[nH]3)c2F)c1,-10.03279069767442,3.128615257744718,57_36
O=C(Nc1cccc(-c2cccc(-c3nc4ccccc4[nH]3)c2)c1)Nc1cccc(-c2cccc(F)c2F)c1,-9.918142235123367,3.218592063451191,57_37
O=C(Nc1cccc(-c2cccc(F)c2F)c1)Nc1cccc(-c2cccc(-c3nc4cc(F)ccc4[nH]3)c2F)c1,-10.03279069767442,3.128615257744718,57_38
O=C(Nc1cccc(-c2cccc(-c3nc4ccccc4[nH]3)c2)c1)Nc1cccc(-c2cccc(F)c2F)c1,-9.918142235123367,3.218592063451191,57_39
O=C(Nc1cccc(-c2cccc(-c3nc4ccccc4[nH]3)c2)c1)Nc1cccc(-c2cccc(F)c2F)c1,-9.918142235123367,3.218592063451191,57_40
O=C(Nc1cccc(-c2cccc(-c3nc4ccccc4[nH]3)c2)c1)Nc1cccc(-c2cccc(F)c2F)c1,-9.918142235123367,3.218592063451191,57_41
O=C(Nc1cccc(-c2cccc(-c3nc4ccccc4[nH]3)c2)c1)Nc1cccc(-c2cccc(F)c2F)c1,-9.918142235123367,3.218592063451191,57_42
O=C(Nc1cccc(-c2cccc(-c3nc4ccccc4[nH]3)c2)c1)Nc1cccc(-c2cccc(F)c2F)c1,-9.918142235123367,3.218592063451191,57_43
O=C(Nc1cccc(-c2cccc(-c3nc4ccccc4[nH]3)c2)c1)Nc1cccc(-c2cccc(F)c2F)c1,-9.918142235123367,3.218592063451191,57_44
O=C(Nc1cccc(-c2cccc(F)c2F)c1)Nc1cccc(-c2cccc(-c3nc4cc(F)ccc4[nH]3)c2F)c1,-10.03279069767442,3.128615257744718,57_45
O=C(Nc1cccc(-c2cccc(-c3nc4ccccc4[nH]3)c2)c1)Nc1cccc(-c2cccc(F)c2F)c1,-9.918142235123367,3.218592063451191,57_46
O=C(Nc1cccc(-c2cccc(-c3nc4ccccc4[nH]3)c2)c1)Nc1cccc(-c2cccc(F)c2F)c1,-9.918142235123367,3.218592063451191,57_47
O=C(Nc1cccc(-c2cccc(-c3nc4ccccc4[nH]3)c2)c1)Nc1cccc(-c2cccc(F)c2F)c1,-9.918142235123367,3.218592063451191,57_48
O=C(Nc1cccc(-c2cccc(-c3nc4ccccc4[nH]3)c2)c1)Nc1cccc(-c2cccc(F)c2F)c1,-9.918142235123367,3.218592063451191,57_49
Cn1c(-c2cccc(-c3cccc(NC(=O)Nc4cccc(-c5cccc(F)c5F)c4)c3)c2)nc2ccccc21,-9.954744525547445,3.216920496534968,57_50
O=C(Nc1cccc(-c2cccc(-c3nc4ccccc4[nH]3)c2)c1)Nc1cccc(-c2cccc(F)c2F)c1,-9.918142235123367,3.218592063451191,57_51
O=C(Nc1cccc(-c2cccc(-c3nc4ccccc4[nH]3)c2)c1)Nc1cccc(-c2cccc(F)c2F)c1,-9.918142235123367,3.218592063451191,57_52
O=C(Nc1cccc(-c2cccc(F)c2F)c1)Nc1cccc(-c2cccc(-c3nc4cc(F)ccc4[nH]3)c2F)c1,-10.03279069767442,3.128615257744718,57_53
O=C(Nc1cccc(-c2cccc(-c3nc4ccccc4[nH]3)c2)c1)Nc1cccc(-c2cccc(F)c2F)c1,-9.918142235123367,3.218592063451191,57_54
O=C(Nc1cccc(-c2cccc(F)c2F)c1)Nc1cccc(-c2cccc(-c3nc4cc(F)ccc4[nH]3)c2F)c1,-10.03279069767442,3.128615257744718,57_55
Cn1c(-c2cccc(-c3cccc(NC(=O)Nc4cccc(-c5cccc(F)c5F)c4)c3)c2)nc2ccccc21,-9.954744525547445,3.216920496534968,57_56
O=C(Nc1cccc(-c2cccc(-c3nc4ccccc4[nH]3)c2)c1)Nc1cccc(-c2cccc(F)c2F)c1,-9.918142235123367,3.218592063451191,57_57
O=C(Nc1cccc(-c2cccc(-c3nc4ccccc4[nH]3)c2)c1)Nc1cccc(-c2cccc(F)c2F)c1,-9.918142235123367,3.218592063451191,57_58
O=C(Nc1cccc(-c2cccc(F)c2F)c1)Nc1cccc(-c2cccc(-c3nc4cc(F)ccc4[nH]3)c2F)c1,-10.03279069767442,3.128615257744718,57_59
O=C(Nc1cccc(-c2cccc(F)c2F)c1)Nc1cccc(-c2cccc(-c3nc4cc(F)ccc4[nH]3)c2F)c1,-10.03279069767442,3.128615257744718,57_60
O=C(Nc1cccc(-c2cccc(-c3nc4ccccc4[nH]3)c2)c1)Nc1cccc(-c2cccc(F)c2F)c1,-9.918142235123367,3.218592063451191,57_61
O=C(Nc1cccc(-c2cccc(-c3nc4ccccc4[nH]3)c2)c1)Nc1cccc(-c2cccc(F)c2F)c1,-9.918142235123367,3.218592063451191,57_62
O=C(Nc1cccc(-c2cccc(F)c2F)c1)Nc1cccc(-c2cccc(-c3nc4cc(F)ccc4[nH]3)c2F)c1,-10.03279069767442,3.128615257744718,57_63
O=C(Nc1cccc(-c2cccc(F)c2F)c1)Nc1cccc(-c2cccc(-c3nc4cc(F)ccc4[nH]3)c2F)c1,-10.03279069767442,3.128615257744718,57_64
O=C(Nc1cccc(-c2cccc(-c3nc4ccccc4[nH]3)c2)c1)Nc1cccc(-c2cccc(F)c2F)c1,-9.918142235123367,3.218592063451191,57_65
O=C(Nc1cccc(-c2cccc(-c3nc4ccccc4[nH]3)c2)c1)Nc1cccc(-c2cccc(F)c2F)c1,-9.918142235123367,3.218592063451191,57_66
O=C(Nc1cccc(-c2cccc(F)c2F)c1)Nc1cccc(-c2cccc(-c3nc4cc(F)ccc4[nH]3)c2F)c1,-10.03279069767442,3.128615257744718,57_67
O=C(Nc1cccc(-c2cccc(-c3nc4ccccc4[nH]3)c2)c1)Nc1cccc(-c2cccc(F)c2F)c1,-9.918142235123367,3.218592063451191,57_68
O=C(Nc1cccc(-c2cccc(F)c2F)c1)Nc1cccc(-c2cccc(-c3nc4cc(F)ccc4[nH]3)c2F)c1,-10.03279069767442,3.128615257744718,57_69
O=C(Nc1cccc(-c2cccc(F)c2F)c1)Nc1cccc(-c2cccc(-c3nc4cc(F)ccc4[nH]3)c2F)c1,-10.03279069767442,3.128615257744718,57_70
O=C(Nc1cccc(-c2cccc(-c3nc4ccccc4[nH]3)c2)c1)Nc1cccc(-c2cccc(F)c2F)c1,-9.918142235123367,3.218592063451191,57_71
Cn1c(-c2cccc(-c3cccc(NC(=O)Nc4cccc(-c5cccc(F)c5F)c4)c3)c2)nc2ccccc21,-9.954744525547445,3.216920496534968,57_72
O=C(Nc1cccc(-c2cccc(-c3nc4ccccc4[nH]3)c2)c1)Nc1cccc(-c2cccc(F)c2F)c1,-9.918142235123367,3.218592063451191,57_73
O=C(Nc1cccc(-c2cccc(-c3nc4ccccc4[nH]3)c2)c1)Nc1cccc(-c2cccc(F)c2F)c1,-9.918142235123367,3.218592063451191,57_74
O=C(Nc1cccc(-c2cccc(-c3nc4ccccc4[nH]3)c2)c1)Nc1cccc(-c2cccc(F)c2F)c1,-9.918142235123367,3.218592063451191,57_75
O=C(Nc1cccc(-c2cccc(-c3nc4ccccc4[nH]3)c2)c1)Nc1cccc(-c2cccc(F)c2F)c1,-9.918142235123367,3.218592063451191,57_76
O=C(Nc1cccc(-c2cccc(F)c2F)c1)Nc1cccc(-c2cccc(-c3nc4cc(F)ccc4[nH]3)c2F)c1,-10.03279069767442,3.128615257744718,57_77
Cn1c(-c2cccc(-c3cccc(NC(=O)Nc4cccc(-c5cccc(F)c5F)c4)c3)c2)nc2ccccc21,-9.954744525547445,3.216920496534968,57_78
Cn1c(-c2cccc(-c3cccc(NC(=O)Nc4cccc(-c5cccc(F)c5F)c4)c3)c2)nc2ccccc21,-9.954744525547445,3.216920496534968,57_79
Cn1c(-c2cccc(-c3cccc(NC(=O)Nc4cccc(-c5cccc(F)c5F)c4)c3)c2)nc2ccccc21,-9.954744525547445,3.216920496534968,57_80
O=C(Nc1cccc(-c2cccc(-c3nc4ccccc4[nH]3)c2)c1)Nc1cccc(-c2cccc(F)c2F)c1,-9.918142235123367,3.218592063451191,57_81
O=C(Nc1cccc(-c2cccc(-c3nc4ccccc4[nH]3)c2)c1)Nc1cccc(-c2cccc(F)c2F)c1,-9.918142235123367,3.218592063451191,57_82
O=C(Nc1cccc(-c2cccc(-c3nc4ccccc4[nH]3)c2)c1)Nc1cccc(-c2cccc(F)c2F)c1,-9.918142235123367,3.218592063451191,57_83
O=C(Nc1cccc(-c2cccc(-c3nc4ccccc4[nH]3)c2)c1)Nc1cccc(-c2cccc(F)c2F)c1,-9.918142235123367,3.218592063451191,57_84
O=C(Nc1cccc(-c2cccc(-c3nc4ccccc4[nH]3)c2)c1)Nc1cccc(-c2cccc(F)c2F)c1,-9.918142235123367,3.218592063451191,57_85
O=C(Nc1cccc(-c2cccc(-c3nc4ccccc4[nH]3)c2)c1)Nc1cccc(-c2cccc(F)c2F)c1,-9.918142235123367,3.218592063451191,57_86
O=C(Nc1cccc(-c2cccc(-c3nc4ccccc4[nH]3)c2)c1)Nc1cccc(-c2cccc(F)c2F)c1,-9.918142235123367,3.218592063451191,57_87
O=C(Nc1cccc(-c2cccc(-c3nc4ccccc4[nH]3)c2)c1)Nc1cccc(-c2cccc(F)c2F)c1,-9.918142235123367,3.218592063451191,57_88
O=C(Nc1cccc(-c2cccc(-c3nc4ccccc4[nH]3)c2)c1)Nc1cccc(-c2cccc(F)c2F)c1,-9.918142235123367,3.218592063451191,57_89
O=C(Nc1cccc(-c2cccc(F)c2F)c1)Nc1cccc(-c2cccc(-c3nc4cc(F)ccc4[nH]3)c2F)c1,-10.03279069767442,3.128615257744718,57_90
O=C(Nc1cccc(-c2cccc(-c3nc4ccccc4[nH]3)c2)c1)Nc1cccc(-c2cccc(F)c2F)c1,-9.918142235123367,3.218592063451191,57_91
O=C(Nc1cccc(-c2cccc(F)c2F)c1)Nc1cccc(-c2cccc(-c3nc4cc(F)ccc4[nH]3)c2F)c1,-10.03279069767442,3.128615257744718,57_92
O=C(Nc1cccc(-c2cccc(-c3nc4ccccc4[nH]3)c2)c1)Nc1cccc(-c2cccc(F)c2F)c1,-9.918142235123367,3.218592063451191,57_93
O=C(Nc1cccc(-c2cccc(-c3nc4ccccc4[nH]3)c2)c1)Nc1cccc(-c2cccc(F)c2F)c1,-9.918142235123367,3.218592063451191,57_94
O=C(Nc1cccc(-c2cccc(F)c2F)c1)Nc1cccc(-c2cccc(-c3nc4cc(F)ccc4[nH]3)c2F)c1,-10.03279069767442,3.128615257744718,57_95
O=C(Nc1cccc(-c2cccc(-c3nc4ccccc4[nH]3)c2)c1)Nc1cccc(-c2cccc(F)c2F)c1,-9.918142235123367,3.218592063451191,57_96
Cn1c(-c2cccc(-c3cccc(NC(=O)Nc4cccc(-c5cccc(F)c5F)c4)c3)c2)nc2ccccc21,-9.954744525547445,3.216920496534968,57_97
Cn1c(-c2cccc(-c3cccc(NC(=O)Nc4cccc(-c5cccc(F)c5F)c4)c3)c2)nc2ccccc21,-9.954744525547445,3.216920496534968,57_98
O=C(Nc1cccc(-c2cccc(-c3nc4ccccc4[nH]3)c2)c1)Nc1cccc(-c2cccc(F)c2F)c1,-9.918142235123367,3.218592063451191,57_99
O=C(Nc1cccc(-c2cccc(F)c2F)c1)Nc1cccc(-c2cccc(-c3nc4cc(F)ccc4[nH]3)c2F)c1,-10.03279069767442,3.128615257744718,57_100
O=C(Nc1cccc(-c2cccc(-c3nc4ccccc4[nH]3)c2)c1)Nc1cccc(-c2cccc(F)c2F)c1,-9.918142235123367,3.218592063451191,57_101
O=C(Nc1cccc(-c2cccc(-c3nc4ccccc4[nH]3)c2)c1)Nc1cccc(-c2cccc(F)c2F)c1,-9.918142235123367,3.218592063451191,57_102
O=C(Nc1cccc(-c2cccc(-c3nc4ccccc4[nH]3)c2)c1)Nc1cccc(-c2cccc(F)c2F)c1,-9.918142235123367,3.218592063451191,57_103
O=C(Nc1cccc(-c2cccc(-c3nc4ccccc4[nH]3)c2)c1)Nc1cccc(-c2cccc(F)c2F)c1,-9.918142235123367,3.218592063451191,57_104
O=C(Nc1cccc(-c2cccc(-c3nc4ccccc4[nH]3)c2)c1)Nc1cccc(-c2cccc(F)c2F)c1,-9.918142235123367,3.218592063451191,57_105
O=C(Nc1cccc(-c2cccc(-c3nc4ccccc4[nH]3)c2)c1)Nc1cccc(-c2cccc(F)c2F)c1,-9.918142235123367,3.218592063451191,57_106
O=C(Nc1cccc(-c2cccc(-c3nc4ccccc4[nH]3)c2)c1)Nc1cccc(-c2cccc(F)c2F)c1,-9.918142235123367,3.218592063451191,57_107
O=C(Nc1cccc(-c2cccc(F)c2F)c1)Nc1cccc(-c2cccc(-c3nc4cc(F)ccc4[nH]3)c2F)c1,-10.03279069767442,3.128615257744718,57_108
O=C(Nc1cccc(-c2cccc(F)c2F)c1)Nc1cccc(-c2cccc(C(=O)N3CCOCC3)c2F)c1,-9.95,3.511891970573153,57_109
O=C(Nc1cccc(-c2cccc(-c3nc4ccccc4[nH]3)c2)c1)Nc1cccc(-c2cccc(F)c2F)c1,-9.918142235123367,3.218592063451191,57_110
O=C(Nc1cccc(-c2cccc(F)c2F)c1)Nc1cccc(-c2cccc(-c3nc4cc(F)ccc4[nH]3)c2F)c1,-10.03279069767442,3.128615257744718,57_111
O=C(Nc1cccc(-c2cccc(-c3nc4ccccc4[nH]3)c2)c1)Nc1cccc(-c2cccc(F)c2F)c1,-9.918142235123367,3.218592063451191,57_112
O=C(Nc1cccc(-c2cccc(-c3nc4ccccc4[nH]3)c2)c1)Nc1cccc(-c2cccc(F)c2F)c1,-9.918142235123367,3.218592063451191,57_113
O=C(Nc1cccc(-c2cccc(-c3nc4ccccc4[nH]3)c2)c1)Nc1cccc(-c2cccc(F)c2F)c1,-9.918142235123367,3.218592063451191,57_114
O=C(Nc1cccc(-c2cccc(-c3nc4ccccc4[nH]3)c2)c1)Nc1cccc(-c2cccc(F)c2F)c1,-9.918142235123367,3.218592063451191,57_115
O=C(Nc1cccc(-c2cccc(-c3nc4ccccc4[nH]3)c2)c1)Nc1cccc(-c2cccc(F)c2F)c1,-9.918142235123367,3.218592063451191,57_116
O=C(Nc1cccc(-c2cccc(-c3nc4ccccc4[nH]3)c2)c1)Nc1cccc(-c2cccc(F)c2F)c1,-9.918142235123367,3.218592063451191,57_117
O=C(Nc1cccc(-c2cccc(-c3nc4ccccc4[nH]3)c2)c1)Nc1cccc(-c2cccc(F)c2F)c1,-9.918142235123367,3.218592063451191,57_118
O=C(Nc1cccc(-c2cccc(-c3nc4ccccc4[nH]3)c2)c1)Nc1cccc(-c2cccc(F)c2F)c1,-9.918142235123367,3.218592063451191,57_119
O=C(Nc1cccc(-c2cccc(-c3ccc4c(c3)OCO4)c2)c1)Nc1cccc(-c2ccc3c[nH]nc3c2)c1,-9.3,3.1609096968832517,57_120
O=C(Nc1cccc(-c2cccc(-c3nc4ccccc4[nH]3)c2)c1)Nc1cccc(-c2cccc(F)c2F)c1,-9.918142235123367,3.218592063451191,57_121
O=C(Nc1cccc(-c2cccc(-c3nc4ccccc4[nH]3)c2)c1)Nc1cccc(-c2cccc(F)c2F)c1,-9.918142235123367,3.218592063451191,57_122
O=C(Nc1cccc(-c2cccc(-c3nc4ccccc4[nH]3)c2)c1)Nc1cccc(-c2cccc(F)c2F)c1,-9.918142235123367,3.218592063451191,57_123
Cn1c(-c2cccc(-c3cccc(NC(=O)Nc4cccc(-c5cccc(F)c5F)c4)c3)c2)nc2ccccc21,-9.954744525547445,3.216920496534968,57_124
O=C(Nc1cccc(-c2cccc(F)c2F)c1)Nc1cccc(-c2cccc(-c3nc4cc(F)ccc4[nH]3)c2F)c1,-10.03279069767442,3.128615257744718,57_125
O=C(Nc1cccc(-c2cccc(-c3nc4ccccc4[nH]3)c2)c1)Nc1cccc(-c2cccc(F)c2F)c1,-9.918142235123367,3.218592063451191,57_126
Cn1c(-c2cccc(-c3cccc(NC(=O)Nc4cccc(-c5cccc(F)c5F)c4)c3)c2)nc2ccccc21,-9.954744525547445,3.216920496534968,57_127
O=C(Nc1cccc(-c2cccc(-c3nc4ccccc4[nH]3)c2)c1)Nc1cccc(-c2cccc(F)c2F)c1,-9.918142235123367,3.218592063451191,57_128
O=C(Nc1cccc(-c2cccc(-c3nc4ccccc4[nH]3)c2)c1)Nc1cccc(-c2cccc(F)c2F)c1,-9.918142235123367,3.218592063451191,57_129
O=C(Nc1cccc(-c2cccc(-c3nc4ccccc4[nH]3)c2)c1)Nc1cccc(-c2cccc(F)c2F)c1,-9.918142235123367,3.218592063451191,57_130
Cn1c(-c2cccc(-c3cccc(NC(=O)Nc4cccc(-c5cccc(F)c5F)c4)c3)c2)nc2ccccc21,-9.954744525547445,3.216920496534968,57_131
O=C(Nc1cccc(-c2cccc(-c3nc4ccccc4[nH]3)c2)c1)Nc1cccc(-c2cccc(F)c2F)c1,-9.918142235123367,3.218592063451191,57_132
O=C(Nc1cccc(-c2cccc(-c3nc4ccccc4[nH]3)c2)c1)Nc1cccc(-c2cccc(F)c2F)c1,-9.918142235123367,3.218592063451191,57_133
O=C(Nc1cccc(-c2cccc(-c3nc4ccccc4[nH]3)c2)c1)Nc1cccc(-c2cccc(F)c2F)c1,-9.918142235123367,3.218592063451191,57_134
O=C(Nc1cccc(-c2cccc(-c3nc4ccccc4[nH]3)c2)c1)Nc1cccc(-c2cccc(F)c2F)c1,-9.918142235123367,3.218592063451191,57_135
O=C(Nc1cccc(-c2cccc(-c3nc4ccccc4[nH]3)c2)c1)Nc1cccc(-c2cccc(F)c2F)c1,-9.918142235123367,3.218592063451191,57_136
O=C(Nc1cccc(-c2cccc(F)c2F)c1)Nc1cccc(-c2cccc(-c3nc4cc(F)ccc4[nH]3)c2F)c1,-10.03279069767442,3.128615257744718,57_137
O=C(Nc1cccc(-c2cccc(-c3nc4ccccc4[nH]3)c2)c1)Nc1cccc(-c2cccc(F)c2F)c1,-9.918142235123367,3.218592063451191,57_138
O=C(Nc1cccc(-c2cccc(-c3nc4ccccc4[nH]3)c2)c1)Nc1cccc(-c2cccc(F)c2F)c1,-9.918142235123367,3.218592063451191,57_139
Cn1c(-c2cccc(-c3cccc(NC(=O)Nc4cccc(-c5cccc(F)c5F)c4)c3)c2)nc2ccccc21,-9.954744525547445,3.216920496534968,57_140
O=C(Nc1cccc(-c2cccc(-c3nc4ccccc4[nH]3)c2)c1)Nc1cccc(-c2cccc(F)c2F)c1,-9.918142235123367,3.218592063451191,57_141
O=C(Nc1cccc(-c2cccc(-c3nc4ccccc4[nH]3)c2)c1)Nc1cccc(-c2cccc(F)c2F)c1,-9.918142235123367,3.218592063451191,57_142
O=C(Nc1cccc(-c2cccc(-c3nc4ccccc4[nH]3)c2)c1)Nc1cccc(-c2cccc(F)c2F)c1,-9.918142235123367,3.218592063451191,57_143
O=C(Nc1cccc(-c2cccc(-c3nc4ccccc4[nH]3)c2)c1)Nc1cccc(-c2cccc(F)c2F)c1,-9.918142235123367,3.218592063451191,57_144
O=C(Nc1cccc(-c2cccc(-c3nc4ccccc4[nH]3)c2)c1)Nc1cccc(-c2cccc(F)c2F)c1,-9.918142235123367,3.218592063451191,57_145
O=C(Nc1cccc(-c2cccc(-c3nc4ccccc4[nH]3)c2)c1)Nc1cccc(-c2cccc(F)c2F)c1,-9.918142235123367,3.218592063451191,57_146
O=C(c1cccc(-c2cccc(-c3cccc4ccccc34)c2)c1)N1CCN(C(=O)c2cccc(F)c2F)CC1,-9.55,3.2507959847575894,57_147
O=C(Nc1cccc(-c2cccc(-c3nc4ccccc4[nH]3)c2)c1)Nc1cccc(-c2cccc(F)c2F)c1,-9.918142235123367,3.218592063451191,57_148
O=C(Nc1cccc(-c2cccc(F)c2F)c1)Nc1cccc(-c2cccc(-c3nc4cc(F)ccc4[nH]3)c2F)c1,-10.03279069767442,3.128615257744718,57_149
O=C(Nc1cccc(-c2cccc(-c3nc4ccccc4[nH]3)c2)c1)Nc1cccc(-c2cccc(F)c2F)c1,-9.918142235123367,3.218592063451191,57_150
O=C(Nc1cccc(-c2cccc(-c3nc4ccccc4[nH]3)c2)c1)Nc1cccc(-c2cccc(F)c2F)c1,-9.918142235123367,3.218592063451191,57_151
O=C(Nc1cccc(-c2cccc(-c3nc4ccccc4[nH]3)c2)c1)Nc1cccc(-c2cccc(F)c2F)c1,-9.918142235123367,3.218592063451191,57_152
O=C(Nc1cccc(-c2cccc(-c3nc4ccccc4[nH]3)c2)c1)Nc1cccc(-c2cccc(F)c2F)c1,-9.918142235123367,3.218592063451191,57_153
O=C(Nc1cccc(-c2cccc(-c3nc4ccccc4[nH]3)c2)c1)Nc1cccc(-c2cccc(F)c2F)c1,-9.918142235123367,3.218592063451191,57_154
O=C(Nc1cccc(-c2cccc(-c3nc4ccccc4[nH]3)c2)c1)Nc1cccc(-c2cccc(F)c2F)c1,-9.918142235123367,3.218592063451191,57_155
O=C(Nc1cccc(-c2cccc(-c3nc4ccccc4[nH]3)c2)c1)Nc1cccc(-c2cccc(F)c2F)c1,-9.918142235123367,3.218592063451191,57_156
O=C(Nc1cccc(-c2cccc(-c3nc4ccccc4[nH]3)c2)c1)Nc1cccc(-c2cccc(F)c2F)c1,-9.918142235123367,3.218592063451191,57_157
O=C(Nc1cccc(-c2cccc(-c3nc4ccccc4[nH]3)c2)c1)Nc1cccc(-c2cccc(F)c2F)c1,-9.918142235123367,3.218592063451191,57_158
O=C(Nc1cccc(-c2cccc(-c3nc4ccccc4[nH]3)c2)c1)Nc1cccc(-c2cccc(F)c2F)c1,-9.918142235123367,3.218592063451191,57_159
O=C(Nc1cccc(-c2cccc(F)c2F)c1)Nc1cccc(-c2cccc(-c3nc4cc(F)ccc4[nH]3)c2F)c1,-10.03279069767442,3.128615257744718,57_160
O=C(Nc1cccc(-c2cccc(-c3nc4ccccc4[nH]3)c2)c1)Nc1cccc(-c2cccc(F)c2F)c1,-9.918142235123367,3.218592063451191,57_161
O=C(Nc1cccc(-c2cccc(F)c2F)c1)Nc1cccc(-c2cccc(-c3nc4cc(F)ccc4[nH]3)c2F)c1,-10.03279069767442,3.128615257744718,57_162
O=C(Nc1cccc(-c2cccc(-c3nc4ccccc4[nH]3)c2)c1)Nc1cccc(-c2cccc(F)c2F)c1,-9.918142235123367,3.218592063451191,57_163
O=C(Nc1cccc(-c2cccc(F)c2F)c1)Nc1cccc(-c2cccc(-c3nc4cc(F)ccc4[nH]3)c2F)c1,-10.03279069767442,3.128615257744718,57_164
O=C(Nc1cccc(-c2cccc(-c3nc4ccccc4[nH]3)c2)c1)Nc1cccc(-c2cccc(F)c2F)c1,-9.918142235123367,3.218592063451191,57_165
O=C(Nc1cccc(-c2cccc(-c3nc4ccccc4[nH]3)c2)c1)Nc1cccc(-c2cccc(F)c2F)c1,-9.918142235123367,3.218592063451191,57_166
O=C(Nc1cccc(-c2cccc(-c3nc4ccccc4[nH]3)c2)c1)Nc1cccc(-c2cccc(F)c2F)c1,-9.918142235123367,3.218592063451191,57_167
O=C(Nc1cccc(-c2cccc(-c3nc4ccccc4[nH]3)c2)c1)Nc1cccc(-c2cccc(F)c2F)c1,-9.918142235123367,3.218592063451191,57_168
O=C(Nc1cccc(-c2cccc(F)c2F)c1)Nc1cccc(-c2cccc(-c3nc4cc(F)ccc4[nH]3)c2F)c1,-10.03279069767442,3.128615257744718,57_169
Cn1c(-c2cccc(-c3cccc(NC(=O)Nc4cccc(-c5cccc(F)c5F)c4)c3)c2)nc2ccccc21,-9.954744525547445,3.216920496534968,57_170
O=C(Nc1cccc(-c2cccc(-c3nc4ccccc4[nH]3)c2)c1)Nc1cccc(-c2cccc(F)c2F)c1,-9.918142235123367,3.218592063451191,57_171
O=C(Nc1cccc(-c2cccc(-c3nc4ccccc4[nH]3)c2)c1)Nc1cccc(-c2cccc(F)c2F)c1,-9.918142235123367,3.218592063451191,57_172
O=C(Nc1cccc(-c2cccc(-c3nc4ccccc4[nH]3)c2)c1)Nc1cccc(-c2cccc(F)c2F)c1,-9.918142235123367,3.218592063451191,57_173
O=C(Nc1cccc(-c2cccc(-c3nc4ccccc4[nH]3)c2)c1)Nc1cccc(-c2cccc(F)c2F)c1,-9.918142235123367,3.218592063451191,57_174
O=C(Nc1cccc(-c2cccc(-c3nc4ccccc4[nH]3)c2)c1)Nc1cccc(-c2cccc(F)c2F)c1,-9.918142235123367,3.218592063451191,57_175
O=C(Nc1cccc(-c2cccc(-c3nc4ccccc4[nH]3)c2)c1)Nc1cccc(-c2cccc(F)c2F)c1,-9.918142235123367,3.218592063451191,57_176
O=C(Nc1cccc(-c2cccc(-c3nc4ccccc4[nH]3)c2)c1)Nc1cccc(-c2cccc(F)c2F)c1,-9.918142235123367,3.218592063451191,57_177
O=C(Nc1cccc(-c2cccc(F)c2F)c1)Nc1cccc(-c2cccc(-c3nc4cc(F)ccc4[nH]3)c2F)c1,-10.03279069767442,3.128615257744718,57_178
O=C(Nc1cccc(-c2cccc(-c3nc4ccccc4[nH]3)c2)c1)Nc1cccc(-c2cccc(F)c2F)c1,-9.918142235123367,3.218592063451191,57_179
O=C(Nc1cccc(-c2cccc(F)c2F)c1)Nc1cccc(-c2cccc(-c3nc4cc(F)ccc4[nH]3)c2F)c1,-10.03279069767442,3.128615257744718,57_180
O=C(Nc1cccc(-c2cccc(-c3nc4ccccc4[nH]3)c2)c1)Nc1cccc(-c2cccc(F)c2F)c1,-9.918142235123367,3.218592063451191,57_181
O=C(Nc1cccc(-c2cccc(-c3nc4ccccc4[nH]3)c2)c1)Nc1cccc(-c2cccc(F)c2F)c1,-9.918142235123367,3.218592063451191,57_182
O=C(Nc1cccc(-c2cccc(-c3nc4ccccc4[nH]3)c2)c1)Nc1cccc(-c2cccc(F)c2F)c1,-9.918142235123367,3.218592063451191,57_183
O=C(Nc1cccc(-c2cccc(-c3nc4ccccc4[nH]3)c2)c1)Nc1cccc(-c2cccc(F)c2F)c1,-9.918142235123367,3.218592063451191,57_184
O=C(Nc1cccc(-c2cccc(-c3nc4ccccc4[nH]3)c2)c1)Nc1cccc(-c2cccc(F)c2F)c1,-9.918142235123367,3.218592063451191,57_185
O=C(Nc1cccc(-c2cccc(-c3nc4ccccc4[nH]3)c2)c1)Nc1cccc(-c2cccc(F)c2F)c1,-9.918142235123367,3.218592063451191,57_186
O=C(Nc1cccc(-c2cccc(-c3nc4ccccc4[nH]3)c2)c1)Nc1cccc(-c2cccc(F)c2F)c1,-9.918142235123367,3.218592063451191,57_187
O=C(Nc1cccc(-c2cccc(-c3nc4ccccc4[nH]3)c2)c1)Nc1cccc(-c2cccc(F)c2F)c1,-9.918142235123367,3.218592063451191,57_188
O=C(Nc1cccc(-c2cccc(-c3nc4ccccc4[nH]3)c2)c1)Nc1cccc(-c2cccc(F)c2F)c1,-9.918142235123367,3.218592063451191,57_189
O=C(Nc1cccc(-c2cccc(-c3nc4ccccc4[nH]3)c2)c1)Nc1cccc(-c2cccc(F)c2F)c1,-9.918142235123367,3.218592063451191,57_190
Cn1c(-c2cccc(-c3cccc(NC(=O)Nc4cccc(-c5cccc(F)c5F)c4)c3)c2)nc2ccccc21,-9.954744525547445,3.216920496534968,57_191
Cn1c(-c2cccc(-c3cccc(-c4cccc(F)c4)c3)c2)nc2ccccc21,-8.9,3.1805444003213967,57_192
O=C(Nc1cccc(-c2cccc(-c3nc4ccccc4[nH]3)c2)c1)Nc1cccc(-c2cccc(F)c2F)c1,-9.918142235123367,3.218592063451191,57_193
O=C(Nc1cccc(-c2cccc(-c3nc4ccccc4[nH]3)c2)c1)Nc1cccc(-c2cccc(F)c2F)c1,-9.918142235123367,3.218592063451191,57_194
O=C(Nc1cccc(-c2cccc(-c3nc4ccccc4[nH]3)c2)c1)Nc1cccc(-c2cccc(F)c2F)c1,-9.918142235123367,3.218592063451191,57_195
O=C(Nc1cccc(-c2cccc(F)c2F)c1)Nc1cccc(-c2cccc(-c3nc4cc(F)ccc4[nH]3)c2F)c1,-10.03279069767442,3.128615257744718,57_196
O=C(Nc1cccc(-c2cccc(F)c2F)c1)Nc1cccc(-c2cccc(-c3nc4cc(F)ccc4[nH]3)c2F)c1,-10.03279069767442,3.128615257744718,57_197
O=C(Nc1cccc(-c2cccc(F)c2F)c1)Nc1cccc(-c2cccc(-c3nc4cc(F)ccc4[nH]3)c2F)c1,-10.03279069767442,3.128615257744718,57_198
O=C(Nc1cccc(-c2cccc(-c3nc4ccccc4[nH]3)c2)c1)Nc1cccc(-c2cccc(F)c2F)c1,-9.918142235123367,3.218592063451191,57_199
O=C(Nc1cccc(-c2cccc(-c3nc4ccccc4[nH]3)c2)c1)Nc1cccc(-c2cccc(F)c2F)c1,-9.918142235123367,3.218592063451191,57_200
O=C(Nc1cccc(-c2cccc(-c3nc4ccccc4[nH]3)c2)c1)Nc1cccc(-c2cccc(F)c2F)c1,-9.918142235123367,3.218592063451191,57_201
O=C(Nc1cccc(-c2cccc(-c3nc4ccccc4[nH]3)c2)c1)Nc1cccc(-c2cccc(F)c2F)c1,-9.918142235123367,3.218592063451191,57_202
O=C(Nc1cccc(-c2cccc(-c3nc4ccccc4[nH]3)c2)c1)Nc1cccc(-c2cccc(F)c2F)c1,-9.918142235123367,3.218592063451191,57_203
O=C(Nc1cccc(-c2cccc(-c3nc4ccccc4[nH]3)c2)c1)Nc1cccc(-c2cccc(F)c2F)c1,-9.918142235123367,3.218592063451191,57_204
O=C(Nc1cccc(-c2cccc(-c3nc4ccccc4[nH]3)c2)c1)Nc1cccc(-c2cccc(F)c2F)c1,-9.918142235123367,3.218592063451191,57_205
Cn1c(-c2cccc(-c3cccc(NC(=O)Nc4cccc(-c5cccc(F)c5F)c4)c3)c2)nc2ccccc21,-9.954744525547445,3.216920496534968,57_206
O=C(Nc1cccc(-c2cccc(F)c2F)c1)Nc1cccc(-c2cccc(-c3nc4cc(F)ccc4[nH]3)c2F)c1,-10.03279069767442,3.128615257744718,57_207
O=C(Nc1cccc(-c2cccc(-c3nc4ccccc4[nH]3)c2)c1)Nc1cccc(-c2cccc(F)c2F)c1,-9.918142235123367,3.218592063451191,57_208
O=C(Nc1cccc(-c2cccc(F)c2F)c1)N1C=CC=CC(c2cccc(-c3nc4cc(F)ccc4[nH]3)c2)=C1,-9.71,2.2987853633063597,57_209
O=C(Nc1cccc(-c2cccc(-c3nc4ccccc4[nH]3)c2)c1)Nc1cccc(-c2cccc(F)c2F)c1,-9.918142235123367,3.218592063451191,57_210
O=C(Nc1cccc(-c2cccc(F)c2F)c1)Nc1cccc(-c2cccc(-c3nc4cc(F)ccc4[nH]3)c2F)c1,-10.03279069767442,3.128615257744718,57_211
O=C(N=CC1=CC(c2cccc(F)c2F)C=C1)Nc1cccc(-c2cccc(-c3nc4ccccc4[nH]3)c2)c1,-8.5,3.1341956658859162,57_212
O=C(Nc1cccc(-c2cccc(-c3nc4ccccc4[nH]3)c2)c1)Nc1cccc(-c2cccc(F)c2F)c1,-9.918142235123367,3.218592063451191,57_213
O=C(Nc1cccc(-c2cccc(F)c2F)c1)Nc1cccc(-c2cccc(-c3nc4cc(F)ccc4[nH]3)c2F)c1,-10.03279069767442,3.128615257744718,57_214
O=C(Nc1cccc(-c2cccc(-c3nc4ccccc4[nH]3)c2)c1)Nc1cccc(-c2cccc(F)c2F)c1,-9.918142235123367,3.218592063451191,57_215
O=C(Nc1cccc(-c2cccc(-c3nc4ccccc4[nH]3)c2)c1)Nc1cccc(-c2cccc(F)c2F)c1,-9.918142235123367,3.218592063451191,57_216
O=C(Nc1cccc(-c2cccc(-c3nc4ccccc4[nH]3)c2)c1)Nc1cccc(-c2cccc(F)c2F)c1,-9.918142235123367,3.218592063451191,57_217
O=C(Nc1cccc(-c2cccc(-c3nc4ccccc4[nH]3)c2)c1)Nc1cccc(-c2cccc(F)c2F)c1,-9.918142235123367,3.218592063451191,57_218
O=C(Nc1cccc(-c2cccc(-c3nc4ccccc4[nH]3)c2)c1)Nc1cccc(-c2cccc(F)c2F)c1,-9.918142235123367,3.218592063451191,57_219
O=C(Nc1cccc(-c2cccc(-c3nc4ccccc4[nH]3)c2)c1)Nc1cccc(-c2cccc(F)c2F)c1,-9.918142235123367,3.218592063451191,57_220
O=C(Nc1cccc(-c2cccc(F)c2F)c1)Nc1cccc(-c2cccc(-c3nc4cc(F)ccc4[nH]3)c2F)c1,-10.03279069767442,3.128615257744718,57_221
O=C(Nc1cccc(-c2cccc(-c3nc4ccccc4[nH]3)c2)c1)Nc1cccc(-c2cccc(F)c2F)c1,-9.918142235123367,3.218592063451191,57_222
O=C(Nc1cccc(-c2cccc(-c3nc4ccccc4[nH]3)c2)c1)Nc1cccc(-c2cccc(F)c2F)c1,-9.918142235123367,3.218592063451191,57_223
O=C(Nc1cccc(-c2cccc(-c3nc4ccccc4[nH]3)c2)c1)Nc1cccc(-c2cccc(F)c2F)c1,-9.918142235123367,3.218592063451191,57_224
O=C(Nc1cccc(-c2cccc(-c3nc4ccccc4[nH]3)c2)c1)Nc1cccc(-c2cccc(F)c2F)c1,-9.918142235123367,3.218592063451191,57_225
O=C(Nc1cccc(-c2cccc(-c3nc4ccccc4[nH]3)c2)c1)Nc1cccc(-c2cccc(F)c2F)c1,-9.918142235123367,3.218592063451191,57_226
O=C(Nc1cccc(-c2cccc(-c3nc4ccccc4[nH]3)c2)c1)Nc1cccc(-c2cccc(F)c2F)c1,-9.918142235123367,3.218592063451191,57_227
O=C(Nc1cccc(-c2cccc(-c3nc4ccccc4[nH]3)c2)c1)Nc1cccc(-c2cccc(F)c2F)c1,-9.918142235123367,3.218592063451191,57_228
O=C(Nc1cccc(-c2cccc(-c3nc4ccccc4[nH]3)c2)c1)Nc1cccc(-c2cccc(F)c2F)c1,-9.918142235123367,3.218592063451191,57_229
O=C(Nc1cccc(-c2cccc(F)c2F)c1)Nc1cccc(-c2cccc(-c3nc4cc(F)ccc4[nH]3)c2F)c1,-10.03279069767442,3.128615257744718,57_230
O=C(Nc1cccc(-c2cccc(-c3nc4ccccc4[nH]3)c2)c1)Nc1cccc(-c2cccc(F)c2F)c1,-9.918142235123367,3.218592063451191,57_231
O=C(Nc1cccc(-c2cccc(F)c2F)c1)Nc1cccc(-c2cccc(-c3nc4cc(F)ccc4[nH]3)c2F)c1,-10.03279069767442,3.128615257744718,57_232
O=C(Nc1cccc(-c2cccc(-c3nc4ccccc4[nH]3)c2)c1)Nc1cccc(-c2cccc(F)c2F)c1,-9.918142235123367,3.218592063451191,57_233
O=C(Nc1cccc(-c2cccc(-c3nc4ccccc4[nH]3)c2)c1)Nc1cccc(-c2cccc(F)c2F)c1,-9.918142235123367,3.218592063451191,57_234
O=C(Nc1cccc(-c2cccc(-c3nc4ccccc4[nH]3)c2)c1)Nc1cccc(-c2cccc(F)c2F)c1,-9.918142235123367,3.218592063451191,57_235
O=C(Nc1cccc(-c2cccc(-c3nc4ccccc4[nH]3)c2)c1)Nc1cccc(-c2cccc(F)c2F)c1,-9.918142235123367,3.218592063451191,57_236
O=C(Nc1cccc(-c2cccc(-c3nc4ccccc4[nH]3)c2)c1)Nc1cccc(-c2cccc(F)c2F)c1,-9.918142235123367,3.218592063451191,57_237
O=C(Nc1cccc(-c2cccc(-c3nc4ccccc4[nH]3)c2)c1)Nc1cccc(-c2cccc(F)c2F)c1,-9.918142235123367,3.218592063451191,57_238
O=C(Nc1cccc(-c2cccc(-c3nc4ccccc4[nH]3)c2)c1)Nc1cccc(-c2cccc(F)c2F)c1,-9.918142235123367,3.218592063451191,57_239
O=C(Nc1cccc(-c2cccc(-c3nc4ccccc4[nH]3)c2)c1)Nc1cccc(-c2cccc(F)c2F)c1,-9.918142235123367,3.218592063451191,57_240
O=C(Nc1cccc(-c2cccc(-c3nc4ccccc4[nH]3)c2)c1)Nc1cccc(-c2cccc(F)c2F)c1,-9.918142235123367,3.218592063451191,57_241
O=C(Nc1cccc(-c2cccc(F)c2F)c1)Nc1cccc(-c2cccc(-c3nc4cc(F)ccc4[nH]3)c2F)c1,-10.03279069767442,3.128615257744718,57_242
Cn1c(-c2cccc(-c3cccc(NC(=O)Nc4cccc(-c5cccc(F)c5F)c4)c3)c2)nc2ccccc21,-9.954744525547445,3.216920496534968,57_243
O=C(Nc1cccc(-c2cccc(-c3nc4ccccc4[nH]3)c2)c1)Nc1cccc(-c2cccc(F)c2F)c1,-9.918142235123367,3.218592063451191,57_244
O=C(Nc1cccc(-c2cccc(-c3nc4ccccc4[nH]3)c2)c1)Nc1cccc(-c2cccc(F)c2F)c1,-9.918142235123367,3.218592063451191,57_245
O=C(Nc1cccc(-c2cccc(-c3nc4ccccc4[nH]3)c2)c1)Nc1cccc(-c2cccc(F)c2F)c1,-9.918142235123367,3.218592063451191,57_246
O=C(Nc1cccc(-c2cccc(-c3nc4ccccc4[nH]3)c2)c1)Nc1cccc(-c2cccc(F)c2F)c1,-9.918142235123367,3.218592063451191,57_247
O=C(Nc1cccc(-c2cccc(-c3nc4ccccc4[nH]3)c2)c1)Nc1cccc(-c2cccc(F)c2F)c1,-9.918142235123367,3.218592063451191,57_248
O=C(Nc1cccc(-c2cccc(F)c2F)c1)Nc1cccc(-c2cccc(-c3nc4cc(F)ccc4[nH]3)c2F)c1,-10.03279069767442,3.128615257744718,57_249
O=C(Nc1cccc(-c2cccc(-c3nc4ccccc4[nH]3)c2)c1)Nc1cccc(-c2cccc(F)c2F)c1,-9.918142235123367,3.218592063451191,57_250
O=C(Nc1cccc(-c2cccc(-c3nc4ccccc4[nH]3)c2)c1)Nc1cccc(-c2cccc(F)c2F)c1,-9.918142235123367,3.218592063451191,57_251
O=C(Nc1cccc(-c2cccc(-c3nc4ccccc4[nH]3)c2)c1)Nc1cccc(-c2cccc(F)c2F)c1,-9.918142235123367,3.218592063451191,57_252
O=C(Nc1cccc(-c2cccc(-c3nc4ccccc4[nH]3)c2)c1)Nc1cccc(-c2cccc(F)c2F)c1,-9.918142235123367,3.218592063451191,57_253
O=C(Nc1cccc(-c2cccc(-c3nc4ccccc4[nH]3)c2)c1)Nc1cccc(-c2cccc(F)c2F)c1,-9.918142235123367,3.218592063451191,57_254
O=C(Nc1cccc(-c2cccc(-c3nc4ccccc4[nH]3)c2)c1)Nc1cccc(-c2cccc(F)c2F)c1,-9.918142235123367,3.218592063451191,57_255
O=C(Nc1cccc(-c2cccc(-c3nc4ccccc4[nH]3)c2)c1)Nc1cccc(-c2cccc(F)c2F)c1,-9.918142235123367,3.218592063451191,57_256
O=C(Nc1cccc(-c2cccc(-c3nc4ccccc4[nH]3)c2)c1)Nc1cccc(-c2cccc(F)c2F)c1,-9.918142235123367,3.218592063451191,57_257
O=C(Nc1cccc(-c2cccc(-c3nc4ccccc4[nH]3)c2)c1)Nc1cccc(-c2cccc(F)c2F)c1,-9.918142235123367,3.218592063451191,57_258
O=C(Nc1cccc(-c2cccc(-c3nc4ccccc4[nH]3)c2)c1)Nc1cccc(-c2cccc(F)c2F)c1,-9.918142235123367,3.218592063451191,57_259
O=C(Nc1cccc(-c2cccc(-c3nc4ccccc4[nH]3)c2)c1)Nc1cccc(-c2cccc(F)c2F)c1,-9.918142235123367,3.218592063451191,57_260
O=C(Nc1cccc(-c2cccc(F)c2F)c1)Nc1cccc(-c2cccc(-c3nc4cc(F)ccc4[nH]3)c2F)c1,-10.03279069767442,3.128615257744718,57_261
Cn1c(-c2cccc(-c3cccc(NC(=O)Nc4cccc(-c5cccc(F)c5F)c4)c3)c2)nc2ccccc21,-9.954744525547445,3.216920496534968,57_262
O=C(Nc1cccc(-c2cccc(-c3nc4ccccc4[nH]3)c2)c1)Nc1cccc(-c2cccc(F)c2F)c1,-9.918142235123367,3.218592063451191,57_263
O=C(Nc1cccc(-c2cccc(-c3nc4ccccc4[nH]3)c2)c1)Nc1cccc(-c2cccc(F)c2F)c1,-9.918142235123367,3.218592063451191,57_264
O=C(Nc1cccc(-c2cccc(-c3nc4ccccc4[nH]3)c2)c1)Nc1cccc(-c2cccc(F)c2F)c1,-9.918142235123367,3.218592063451191,57_265
O=C(Nc1cccc(-c2cccc(-c3nc4ccccc4[nH]3)c2)c1)Nc1cccc(-c2cccc(F)c2F)c1,-9.918142235123367,3.218592063451191,57_266
O=C(Nc1cccc(-c2cccc(-c3nc4ccccc4[nH]3)c2)c1)Nc1cccc(-c2cccc(F)c2F)c1,-9.918142235123367,3.218592063451191,57_267
O=C(Nc1cccc(-c2cccc(-c3nc4ccccc4[nH]3)c2)c1)Nc1cccc(-c2cccc(F)c2F)c1,-9.918142235123367,3.218592063451191,57_268
O=C(Nc1cccc(-c2cccc(F)c2F)c1)Nc1cccc(-c2cccc(-c3nc4cc(F)ccc4[nH]3)c2F)c1,-10.03279069767442,3.128615257744718,57_269
O=C(Nc1cccc(-c2cccc(-c3nc4ccccc4[nH]3)c2)c1)Nc1cccc(-c2cccc(F)c2F)c1,-9.918142235123367,3.218592063451191,57_270
O=C(Nc1cccc(-c2cccc(F)c2F)c1)Nc1cccc(-c2cccc(-c3nc4cc(F)ccc4[nH]3)c2F)c1,-10.03279069767442,3.128615257744718,57_271
O=C(Nc1cccc(-c2cccc(-c3nc4ccccc4[nH]3)c2)c1)Nc1cccc(-c2cccc(F)c2F)c1,-9.918142235123367,3.218592063451191,57_272
O=C(Nc1cccc(-c2cccc(-c3nc4ccccc4[nH]3)c2)c1)Nc1cccc(-c2cccc(F)c2F)c1,-9.918142235123367,3.218592063451191,57_273
O=C(Nc1cccc(-c2cccc(-c3nc4ccccc4[nH]3)c2)c1)Nc1cccc(-c2cccc(F)c2F)c1,-9.918142235123367,3.218592063451191,57_274
O=C(Nc1cccc(-c2cccc(-c3nc4ccccc4[nH]3)c2)c1)Nc1cccc(-c2cccc(F)c2F)c1,-9.918142235123367,3.218592063451191,57_275
O=C(Nc1cccc(-c2cccc(-c3nc4ccccc4[nH]3)c2)c1)Nc1cccc(-c2cccc(F)c2F)c1,-9.918142235123367,3.218592063451191,57_276
O=C(Nc1cccc(-c2cccc(-c3nc4ccccc4[nH]3)c2)c1)Nc1cccc(-c2cccc(F)c2F)c1,-9.918142235123367,3.218592063451191,57_277
O=C(Nc1cccc(-c2cccc(F)c2F)c1)Nc1cccc(-c2cccc(-c3nc4cc(F)ccc4[nH]3)c2F)c1,-10.03279069767442,3.128615257744718,57_278
O=C(Nc1cccc(-c2cccc(F)c2F)c1)Nc1cccc(-c2cccc(-c3nc4cc(F)ccc4[nH]3)c2F)c1,-10.03279069767442,3.128615257744718,57_279
O=C(Nc1cccc(-c2cccc(F)c2F)c1)Nc1cccc(-c2cccc(-c3nc4cc(F)ccc4[nH]3)c2F)c1,-10.03279069767442,3.128615257744718,57_280
O=C(Nc1cccc(-c2cccc(F)c2F)c1)Nc1cccc(-c2cccc(-c3nc4cc(F)ccc4[nH]3)c2F)c1,-10.03279069767442,3.128615257744718,57_281
O=C(Nc1cccc(-c2cccc(-c3nc4ccccc4[nH]3)c2)c1)Nc1cccc(-c2cccc(F)c2F)c1,-9.918142235123367,3.218592063451191,57_282
Cn1c(-c2cccc(-c3cccc(NC(=O)Nc4cccc(-c5cccc(F)c5F)c4)c3)c2)nc2ccccc21,-9.954744525547445,3.216920496534968,57_283
O=C(Nc1cccc(-c2cccc(-c3nc4ccccc4[nH]3)c2)c1)Nc1cccc(-c2cccc(F)c2F)c1,-9.918142235123367,3.218592063451191,57_284
O=C(Nc1cccc(-c2cccc(F)c2F)c1)Nc1cccc(-c2cccc(-c3nc4cc(F)ccc4[nH]3)c2F)c1,-10.03279069767442,3.128615257744718,57_285
O=C(Nc1cccc(-c2cccc(F)c2F)c1)Nc1cccc(-c2cccc(-c3nc4cc(F)ccc4[nH]3)c2F)c1,-10.03279069767442,3.128615257744718,57_286
O=C(Nc1cccc(-c2cccc(-c3nc4ccccc4[nH]3)c2)c1)Nc1cccc(-c2cccc(F)c2F)c1,-9.918142235123367,3.218592063451191,57_287
O=C(Nc1cccc(-c2cccc(-c3nc4ccccc4[nH]3)c2)c1)Nc1cccc(-c2cccc(F)c2F)c1,-9.918142235123367,3.218592063451191,57_288
O=C(Nc1cccc(-c2cccc(F)c2F)c1)Nc1cccc(-c2cccc(-c3nc4cc(F)ccc4[nH]3)c2F)c1,-10.03279069767442,3.128615257744718,57_289
O=C(Nc1cccc(-c2cccc(-c3nc4ccccc4[nH]3)c2)c1)Nc1cccc(-c2cccc(F)c2F)c1,-9.918142235123367,3.218592063451191,57_290
O=C(Nc1cccc(-c2cccc(-c3nc4ccccc4[nH]3)c2)c1)Nc1cccc(-c2cccc(F)c2F)c1,-9.918142235123367,3.218592063451191,57_291
O=C(Nc1cccc(-c2cccc(F)c2F)c1)Nc1cccc(-c2cccc(-c3nc4cc(F)ccc4[nH]3)c2F)c1,-10.03279069767442,3.128615257744718,57_292
O=C(Nc1cccc(-c2cccc(-c3nc4ccccc4[nH]3)c2)c1)Nc1cccc(-c2cccc(F)c2F)c1,-9.918142235123367,3.218592063451191,57_293
O=C(Nc1cccc(-c2cccc(F)c2F)c1)Nc1cccc(-c2cccc(-c3nc4cc(F)ccc4[nH]3)c2F)c1,-10.03279069767442,3.128615257744718,57_294
O=C(Nc1cccc(-c2cccc(F)c2F)c1)Nc1cccc(-c2cccc(-c3nc4cc(F)ccc4[nH]3)c2F)c1,-10.03279069767442,3.128615257744718,57_295
O=C(Nc1cccc(-c2cccc(F)c2F)c1)Nc1cccc(-c2cccc(-c3nc4cc(F)ccc4[nH]3)c2F)c1,-10.03279069767442,3.128615257744718,57_296
O=C(Nc1cccc(-c2cccc(-c3nc4ccccc4[nH]3)c2)c1)Nc1cccc(-c2cccc(F)c2F)c1,-9.918142235123367,3.218592063451191,57_297
O=C(Nc1cccc(-c2cccc(-c3nc4ccccc4[nH]3)c2)c1)Nc1cccc(-c2cccc(F)c2F)c1,-9.918142235123367,3.218592063451191,57_298
O=C(Nc1cccc(-c2cccc(F)c2F)c1)Nc1cccc(-c2cccc(-c3nc4cc(F)ccc4[nH]3)c2F)c1,-10.03279069767442,3.128615257744718,57_299
O=C(Nc1cccc(-c2cccc(-c3nc4ccccc4[nH]3)c2)c1)Nc1cccc(-c2cccc(F)c2F)c1,-9.918142235123367,3.218592063451191,57_300
O=C(Nc1cccc(-c2cccc(-c3nc4ccccc4[nH]3)c2)c1)Nc1cccc(-c2cccc(F)c2F)c1,-9.918142235123367,3.218592063451191,57_301
O=C(Nc1cccc(-c2cccc(-c3nc4ccccc4[nH]3)c2)c1)Nc1cccc(-c2cccc(F)c2F)c1,-9.918142235123367,3.218592063451191,57_302
O=C(Nc1cccc(-c2cccc(-c3nc4ccccc4[nH]3)c2)c1)Nc1cccc(-c2cccc(F)c2F)c1,-9.918142235123367,3.218592063451191,57_303
O=C(Nc1cccc(-c2cccc(-c3nc4ccccc4[nH]3)c2)c1)Nc1cccc(-c2cccc(F)c2F)c1,-9.918142235123367,3.218592063451191,57_304
O=C(Nc1cccc(-c2cccc(-c3nc4ccccc4[nH]3)c2)c1)Nc1cccc(-c2cccc(F)c2F)c1,-9.918142235123367,3.218592063451191,57_305
O=C(Nc1cccc(-c2cccc(-c3nc4ccccc4[nH]3)c2)c1)Nc1cccc(-c2cccc(F)c2F)c1,-9.918142235123367,3.218592063451191,57_306
O=C(Nc1cccc(-c2cccc(-c3nc4ccccc4[nH]3)c2)c1)Nc1cccc(-c2cccc(F)c2F)c1,-9.918142235123367,3.218592063451191,57_307
O=C(Nc1cccc(-c2cccc(-c3nc4ccccc4[nH]3)c2)c1)Nc1cccc(-c2cccc(F)c2F)c1,-9.918142235123367,3.218592063451191,57_308
O=C(Nc1cccc(-c2cccc(-c3nc4ccccc4[nH]3)c2)c1)Nc1cccc(-c2cccc(F)c2F)c1,-9.918142235123367,3.218592063451191,57_309
O=C(Nc1cccc(-c2cccc(-c3nc4ccccc4[nH]3)c2)c1)Nc1cccc(-c2cccc(F)c2F)c1,-9.918142235123367,3.218592063451191,57_310
O=C(Nc1cccc(-c2cccc(-c3nc4ccccc4[nH]3)c2)c1)Nc1cccc(-c2cccc(F)c2F)c1,-9.918142235123367,3.218592063451191,57_311
O=C(Nc1cccc(-c2cccc(-c3nc4ccccc4[nH]3)c2)c1)Nc1cccc(-c2cccc(F)c2F)c1,-9.918142235123367,3.218592063451191,57_312
O=C(Nc1cccc(-c2cccc(F)c2F)c1)Nc1cccc(-c2cccc(-c3nc4cc(F)ccc4[nH]3)c2F)c1,-10.03279069767442,3.128615257744718,57_313
O=C(Nc1cccc(-c2cccc(F)c2F)c1)Nc1cccc(-c2cccc(-c3nc4cc(F)ccc4[nH]3)c2F)c1,-10.03279069767442,3.128615257744718,57_314
O=C(Nc1cccc(-c2cccc(-c3nc4ccccc4[nH]3)c2)c1)Nc1cccc(-c2cccc(F)c2F)c1,-9.918142235123367,3.218592063451191,57_315
O=C(Nc1cccc(-c2cccc(-c3nc4ccccc4[nH]3)c2)c1)Nc1cccc(-c2cccc(F)c2F)c1,-9.918142235123367,3.218592063451191,57_316
O=C(Nc1cccc(-c2cccc(-c3nc4ccccc4[nH]3)c2)c1)Nc1cccc(-c2cccc(F)c2F)c1,-9.918142235123367,3.218592063451191,57_317
O=C(Nc1cccc(-c2cccc(-c3nc4ccccc4[nH]3)c2)c1)Nc1cccc(-c2cccc(F)c2F)c1,-9.918142235123367,3.218592063451191,57_318
O=C(Nc1cccc(-c2cccc(-c3nc4ccccc4[nH]3)c2)c1)Nc1cccc(-c2cccc(F)c2F)c1,-9.918142235123367,3.218592063451191,57_319
Cn1c(-c2cccc(-c3cccc(NC(=O)Nc4cccc(-c5cccc(F)c5F)c4)c3)c2)nc2ccccc21,-9.954744525547445,3.216920496534968,57_320
O=C(Nc1cccc(-c2cccc(-c3nc4ccccc4[nH]3)c2)c1)Nc1cccc(-c2cccc(F)c2F)c1,-9.918142235123367,3.218592063451191,57_321
O=C(Nc1cccc(-c2cccc(-c3nc4ccccc4[nH]3)c2)c1)Nc1cccc(-c2cccc(F)c2F)c1,-9.918142235123367,3.218592063451191,57_322
O=C(Nc1cccc(-c2cccc(-c3nc4ccccc4[nH]3)c2)c1)Nc1cccc(-c2cccc(F)c2F)c1,-9.918142235123367,3.218592063451191,57_323
O=C(Nc1cccc(-c2cccc(-c3nc4ccccc4[nH]3)c2)c1)Nc1cccc(-c2cccc(F)c2F)c1,-9.918142235123367,3.218592063451191,57_324
O=C(Nc1cccc(-c2cccc(F)c2F)c1)Nc1cccc(-c2cccc(-c3nc4cc(F)ccc4[nH]3)c2F)c1,-10.03279069767442,3.128615257744718,57_325
O=C(Nc1cccc(-c2cccc(-c3nc4ccccc4[nH]3)c2)c1)Nc1cccc(-c2cccc(F)c2F)c1,-9.918142235123367,3.218592063451191,57_326
O=C(Nc1cccc(-c2cccc(-c3nc4ccccc4[nH]3)c2)c1)Nc1cccc(-c2cccc(F)c2F)c1,-9.918142235123367,3.218592063451191,57_327
O=C(Nc1cccc(-c2cccc(-c3nc4ccccc4[nH]3)c2)c1)Nc1cccc(-c2cccc(F)c2F)c1,-9.918142235123367,3.218592063451191,57_328
O=C(Nc1cccc(-c2cccc(-c3nc4ccccc4[nH]3)c2)c1)Nc1cccc(-c2cccc(F)c2F)c1,-9.918142235123367,3.218592063451191,57_329
O=C(Nc1cccc(-c2cccc(F)c2F)c1)Nc1cccc(-c2cccc(-c3nc4cc(F)ccc4[nH]3)c2F)c1,-10.03279069767442,3.128615257744718,57_330
O=C(Nc1cccc(-c2cccc(-c3nc4ccccc4[nH]3)c2)c1)Nc1cccc(-c2cccc(F)c2F)c1,-9.918142235123367,3.218592063451191,57_331
O=C(Nc1cccc(-c2cccc(F)c2F)c1)Nc1cccc(-c2cccc(-c3nc4cc(F)ccc4[nH]3)c2F)c1,-10.03279069767442,3.128615257744718,57_332
O=C(Nc1cccc(-c2cccc(F)c2F)c1)Nc1cccc(-c2cccc(-c3nc4cc(F)ccc4[nH]3)c2F)c1,-10.03279069767442,3.128615257744718,57_333
O=C(Nc1cccc(-c2cccc(F)c2F)c1)Nc1cccc(-c2cccc(-c3nc4cc(F)ccc4[nH]3)c2F)c1,-10.03279069767442,3.128615257744718,57_334
O=C(Nc1cccc(-c2cccc(-c3nc4ccccc4[nH]3)c2)c1)Nc1cccc(-c2cccc(F)c2F)c1,-9.918142235123367,3.218592063451191,57_335
O=C(Nc1cccc(-c2cccc(F)c2F)c1)Nc1cccc(-c2cccc(-c3nc4cc(F)ccc4[nH]3)c2F)c1,-10.03279069767442,3.128615257744718,57_336
O=C(Nc1cccc(-c2cccc(F)c2F)c1)Nc1cccc(-c2cccc(-c3nc4cc(F)ccc4[nH]3)c2F)c1,-10.03279069767442,3.128615257744718,57_337
O=C(Nc1cccc(-c2cccc(-c3nc4ccccc4[nH]3)c2)c1)Nc1cccc(-c2cccc(F)c2F)c1,-9.918142235123367,3.218592063451191,57_338
O=C(Nc1cccc(-c2cccc(F)c2F)c1)Nc1cccc(-c2cccc(-c3nc4cc(F)ccc4[nH]3)c2F)c1,-10.03279069767442,3.128615257744718,57_339
Cn1c(-c2cccc(-c3cccc(NC(=O)Nc4cccc(-c5cccc(F)c5F)c4)c3)c2)nc2ccccc21,-9.954744525547445,3.216920496534968,57_340
O=C(Nc1cccc(-c2cccc(-c3nc4ccccc4[nH]3)c2)c1)Nc1cccc(-c2cccc(F)c2F)c1,-9.918142235123367,3.218592063451191,57_341
O=C(Nc1cccc(-c2cccc(-c3nc4ccccc4[nH]3)c2)c1)Nc1cccc(-c2cccc(F)c2F)c1,-9.918142235123367,3.218592063451191,57_342
O=C(Nc1cccc(-c2cccc(-c3nc4ccccc4[nH]3)c2)c1)Nc1cccc(-c2cccc(F)c2F)c1,-9.918142235123367,3.218592063451191,57_343
O=C(Nc1cccc(-c2cccc(-c3nc4ccccc4[nH]3)c2)c1)Nc1cccc(-c2cccc(F)c2F)c1,-9.918142235123367,3.218592063451191,57_344
O=C(Nc1cccc(-c2cccc(F)c2F)c1)Nc1cccc(-c2cccc(-c3nc4cc(F)ccc4[nH]3)c2F)c1,-10.03279069767442,3.128615257744718,57_345
O=C(Nc1cccc(-c2cccc(-c3nc4ccccc4[nH]3)c2)c1)Nc1cccc(-c2cccc(F)c2F)c1,-9.918142235123367,3.218592063451191,57_346
O=C(Nc1cccc(-c2cccc(F)c2F)c1)Nc1cccc(-c2cccc(-c3nc4cc(F)ccc4[nH]3)c2F)c1,-10.03279069767442,3.128615257744718,57_347
O=C(Nc1cccc(-c2cccc(-c3nc4ccccc4[nH]3)c2)c1)Nc1cccc(-c2cccc(F)c2F)c1,-9.918142235123367,3.218592063451191,57_348
O=C(Nc1cccc(-c2cccc(F)c2F)c1)Nc1cccc(-c2cccc(-c3nc4cc(F)ccc4[nH]3)c2F)c1,-10.03279069767442,3.128615257744718,57_349
O=C(Nc1cccc(-c2cccc(-c3nc4ccccc4[nH]3)c2)c1)Nc1cccc(-c2cccc(F)c2F)c1,-9.918142235123367,3.218592063451191,57_350
O=C(Nc1cccc(-c2cccc(-c3nc4ccccc4[nH]3)c2)c1)Nc1cccc(-c2cccc(F)c2F)c1,-9.918142235123367,3.218592063451191,57_351
O=C(Nc1cccc(-c2cccc(F)c2F)c1)Nc1cccc(-c2cccc(-c3nc4cc(F)ccc4[nH]3)c2F)c1,-10.03279069767442,3.128615257744718,57_352
O=C(Nc1cccc(-c2cccc(-c3nc4ccccc4[nH]3)c2)c1)Nc1cccc(-c2cccc(F)c2F)c1,-9.918142235123367,3.218592063451191,57_353
O=C(Nc1cccc(-c2cccc(-c3nc4ccccc4[nH]3)c2)c1)Nc1cccc(-c2cccc(F)c2F)c1,-9.918142235123367,3.218592063451191,57_354
O=C(Nc1cccc(-c2cccc(-c3nc4ccccc4[nH]3)c2)c1)Nc1cccc(-c2cccc(F)c2F)c1,-9.918142235123367,3.218592063451191,57_355
O=C(Nc1cccc(-c2cccc(-c3nc4ccccc4[nH]3)c2)c1)Nc1cccc(-c2cccc(F)c2F)c1,-9.918142235123367,3.218592063451191,57_356
O=C(Nc1cccc(-c2cccc(-c3nc4ccccc4[nH]3)c2)c1)Nc1cccc(-c2cccc(F)c2F)c1,-9.918142235123367,3.218592063451191,57_357
O=C(Nc1cccc(-c2cccc(F)c2F)c1)Nc1cccc(-c2cccc(-c3nc4cc(F)ccc4[nH]3)c2F)c1,-10.03279069767442,3.128615257744718,57_358
O=C(Nc1cccc(-c2cccc(-c3nc4ccccc4[nH]3)c2)c1)Nc1cccc(-c2cccc(F)c2F)c1,-9.918142235123367,3.218592063451191,57_359
O=C(Nc1cccc(-c2cccc(F)c2F)c1)Nc1cccc(-c2cccc(-c3nc4cc(F)ccc4[nH]3)c2F)c1,-10.03279069767442,3.128615257744718,57_360
O=C(Nc1cccc(-c2cccc(-c3nc4ccccc4[nH]3)c2)c1)Nc1cccc(-c2cccc(F)c2F)c1,-9.918142235123367,3.218592063451191,57_361
O=C(Nc1cccc(-c2cccc(F)c2F)c1)Nc1cccc(-c2cccc(-c3nc4cc(F)ccc4[nH]3)c2F)c1,-10.03279069767442,3.128615257744718,57_362
O=C(Nc1nncs1)c1cccc(-c2cccc(-c3cccc(-c4cccc(-c5cnco5)c4)c3)c2)c1,-8.6,3.4349887622122104,57_363
O=C(Nc1cccc(-c2cccc(-c3nc4ccccc4[nH]3)c2)c1)Nc1cccc(-c2cccc(F)c2F)c1,-9.918142235123367,3.218592063451191,57_364
Cn1c(-c2cccc(-c3cccc(NC(=O)Nc4ccccc4)c3)c2)nc2ccccc21,-8.7,3.3753631566325417,57_365
Cn1c(-c2cccc(-c3cccc(NC(=O)Nc4cccc(-c5cccc(F)c5F)c4)c3)c2)nc2ccccc21,-9.954744525547445,3.216920496534968,57_366
O=C(Nc1cccc(-c2cccc(F)c2F)c1)Nc1cccc(-c2cccc(-c3nc4cc(F)ccc4[nH]3)c2F)c1,-10.03279069767442,3.128615257744718,57_367
O=C(Nc1cccc(-c2cccc(-c3nc4ccccc4[nH]3)c2)c1)Nc1cccc(-c2cccc(F)c2F)c1,-9.918142235123367,3.218592063451191,57_368
O=C(Nc1cccc(-c2cccc(-c3nc4ccccc4[nH]3)c2)c1)Nc1cccc(-c2cccc(F)c2F)c1,-9.918142235123367,3.218592063451191,57_369
O=C(Nc1cccc(-c2cccc(-c3nc4ccccc4[nH]3)c2)c1)Nc1cccc(-c2cccc(F)c2F)c1,-9.918142235123367,3.218592063451191,57_370
O=C(Nc1cccc(-c2cccc(F)c2F)c1)Nc1cccc(-c2cccc(-c3nc4cc(F)ccc4[nH]3)c2F)c1,-10.03279069767442,3.128615257744718,57_371
O=C(Nc1cccc(-c2cccc(-c3nc4ccccc4[nH]3)c2)c1)Nc1cccc(-c2cccc(F)c2F)c1,-9.918142235123367,3.218592063451191,57_372
O=C(Nc1cccc(-c2cccc(-c3nc4ccccc4[nH]3)c2)c1)Nc1cccc(-c2cccc(F)c2F)c1,-9.918142235123367,3.218592063451191,57_373
O=C(Nc1cccc(-c2cccc(-c3nc4ccccc4[nH]3)c2)c1)Nc1cccc(-c2cccc(F)c2F)c1,-9.918142235123367,3.218592063451191,57_374
O=C(Nc1cccc(-c2cccc(F)c2F)c1)Nc1cccc(-c2cccc(-c3nc4cc(F)ccc4[nH]3)c2F)c1,-10.03279069767442,3.128615257744718,57_375
O=C(Nc1cccc(-c2cccc(-c3nc4ccccc4[nH]3)c2)c1)Nc1cccc(-c2cccc(F)c2F)c1,-9.918142235123367,3.218592063451191,57_376
O=C(Nc1cccc(-c2cccc(F)c2F)c1)Nc1cccc(-c2cccc(-c3nc4cc(F)ccc4[nH]3)c2F)c1,-10.03279069767442,3.128615257744718,57_377
O=C(Nc1cccc(-c2cccc(-c3nc4ccccc4[nH]3)c2)c1)Nc1cccc(-c2cccc(F)c2F)c1,-9.918142235123367,3.218592063451191,57_378
O=C(Nc1cccc(-c2cccc(F)c2F)c1)Nc1cccc(-c2cccc(-c3nc4cc(F)ccc4[nH]3)c2F)c1,-10.03279069767442,3.128615257744718,57_379
O=C(Nc1cccc(-c2cccc(F)c2F)c1)Nc1cccc(-c2cccc(-c3nc4cc(F)ccc4[nH]3)c2F)c1,-10.03279069767442,3.128615257744718,57_380
O=C(Nc1cccc(-c2cccc(F)c2F)c1)Nc1cccc(-c2cccc(-c3nc4cc(F)ccc4[nH]3)c2F)c1,-10.03279069767442,3.128615257744718,57_381
O=C(Nc1cccc(-c2cccc(-c3nc4ccccc4[nH]3)c2)c1)Nc1cccc(-c2cccc(F)c2F)c1,-9.918142235123367,3.218592063451191,57_382
O=C(Nc1cccc(-c2cccc(F)c2F)c1)Nc1cccc(-c2cccc(-c3nc4cc(F)ccc4[nH]3)c2F)c1,-10.03279069767442,3.128615257744718,57_383
O=C(Nc1cccc(-c2cccc(-c3nc4ccccc4[nH]3)c2)c1)Nc1cccc(-c2cccc(F)c2F)c1,-9.918142235123367,3.218592063451191,57_384
O=C(Nc1cccc(-c2cccc(-c3nc4ccccc4[nH]3)c2)c1)Nc1cccc(-c2cccc(F)c2F)c1,-9.918142235123367,3.218592063451191,57_385
O=C(Nc1cccc(-c2cccc(-c3nc4ccccc4[nH]3)c2)c1)Nc1cccc(-c2cccc(F)c2F)c1,-9.918142235123367,3.218592063451191,57_386
O=C(Nc1cccc(-c2cccc(-c3nc4ccccc4[nH]3)c2)c1)Nc1cccc(-c2cccc(F)c2F)c1,-9.918142235123367,3.218592063451191,57_387
O=C(Nc1cccc(-c2cccc(-c3nc4ccccc4[nH]3)c2)c1)Nc1cccc(-c2cccc(F)c2F)c1,-9.918142235123367,3.218592063451191,57_388
O=C(Nc1cccc(-c2cccc(-c3nc4ccccc4[nH]3)c2)c1)Nc1cccc(-c2cccc(F)c2F)c1,-9.918142235123367,3.218592063451191,57_389
O=C(Nc1cccc(-c2cccc(-c3nc4ccccc4[nH]3)c2)c1)Nc1cccc(-c2cccc(F)c2F)c1,-9.918142235123367,3.218592063451191,57_390
O=C(Nc1cccc(-c2cccc(F)c2F)c1)Nc1cccc(-c2cccc(-c3nc4cc(F)ccc4[nH]3)c2F)c1,-10.03279069767442,3.128615257744718,57_391
O=C(Nc1cccc(-c2cccc(F)c2F)c1)Nc1cccc(-c2cccc(-c3nc4cc(F)ccc4[nH]3)c2F)c1,-10.03279069767442,3.128615257744718,57_392
O=C(Nc1cccc(-c2cccc(-c3nc4ccccc4[nH]3)c2)c1)Nc1cccc(-c2cccc(F)c2F)c1,-9.918142235123367,3.218592063451191,57_393
Cn1c(-c2cccc(-c3cccc(NC(=O)Nc4cccc(-c5cccc(F)c5F)c4)c3)c2)nc2ccccc21,-9.954744525547445,3.216920496534968,57_394
O=C(Nc1cccc(-c2cccc(-c3nc4ccccc4[nH]3)c2)c1)Nc1cccc(-c2cccc(F)c2F)c1,-9.918142235123367,3.218592063451191,57_395
O=C(Nc1cccc(-c2cccc(-c3nc4ccccc4[nH]3)c2)c1)Nc1cccc(-c2cccc(F)c2F)c1,-9.918142235123367,3.218592063451191,57_396
O=C(Nc1cccc(-c2cccc(F)c2F)c1)Nc1cccc(-c2cccc(-c3nc4cc(F)ccc4[nH]3)c2F)c1,-10.03279069767442,3.128615257744718,57_397
O=C(Nc1cccc(-c2cccc(-c3nc4ccccc4[nH]3)c2)c1)Nc1cccc(-c2cccc(F)c2F)c1,-9.918142235123367,3.218592063451191,57_398
O=C(Nc1cccc(-c2cccc(-c3nc4ccccc4[nH]3)c2)c1)Nc1cccc(-c2cccc(F)c2F)c1,-9.918142235123367,3.218592063451191,57_399
Cn1c(-c2cccc(-c3cccc(NC(=O)Nc4cccc(-c5cccc(F)c5F)c4)c3)c2)nc2ccccc21,-9.954744525547445,3.216920496534968,57_400
O=C(Nc1cccc(-c2cccc(F)c2F)c1)Nc1cccc(-c2cccc(-c3nc4cc(F)ccc4[nH]3)c2F)c1,-10.03279069767442,3.128615257744718,57_401
O=C(Nc1cccc(-c2cccc(-c3nc4ccccc4[nH]3)c2)c1)Nc1cccc(-c2cccc(F)c2F)c1,-9.918142235123367,3.218592063451191,57_402
O=C(Nc1cccc(-c2cccc(-c3nc4ccccc4[nH]3)c2)c1)Nc1cccc(-c2cccc(F)c2F)c1,-9.918142235123367,3.218592063451191,57_403
O=C(Nc1cccc(-c2cccc(-c3nc4ccccc4[nH]3)c2)c1)Nc1cccc(-c2cccc(F)c2F)c1,-9.918142235123367,3.218592063451191,57_404
O=C(Nc1cccc(-c2cccc(F)c2F)c1)Nc1cccc(-c2cccc(-c3nc4cc(F)ccc4[nH]3)c2F)c1,-10.03279069767442,3.128615257744718,57_405
O=C(Nc1cccc(-c2cccc(-c3nc4ccccc4[nH]3)c2)c1)Nc1cccc(-c2cccc(F)c2F)c1,-9.918142235123367,3.218592063451191,57_406
O=C(Nc1cccc(-c2cccc(F)c2F)c1)Nc1cccc(-c2cccc(-c3nc4cc(F)ccc4[nH]3)c2F)c1,-10.03279069767442,3.128615257744718,57_407
Cn1c(-c2cccc(-c3cccc(NC(=O)Nc4cccc(-c5cccc(F)c5F)c4)c3)c2)nc2ccccc21,-9.954744525547445,3.216920496534968,57_408
O=C(Nc1cccc(-c2cccc(-c3nc4ccccc4[nH]3)c2)c1)Nc1cccc(-c2cccc(F)c2F)c1,-9.918142235123367,3.218592063451191,57_409
Cn1c(-c2cccc(-c3cccc(NC(=O)Nc4cccc(-c5cccc(F)c5F)c4)c3)c2)nc2ccccc21,-9.954744525547445,3.216920496534968,57_410
O=C(Nc1cccc(-c2cccc(F)c2F)c1)Nc1cccc(-c2cccc(-c3nc4cc(F)ccc4[nH]3)c2F)c1,-10.03279069767442,3.128615257744718,57_411
O=C(Nc1cccc(-c2cccc(-c3nc4ccccc4[nH]3)c2)c1)Nc1cccc(-c2cccc(F)c2F)c1,-9.918142235123367,3.218592063451191,57_412
O=C(Nc1cccc(-c2cccc(F)c2F)c1)Nc1cccc(-c2cccc(-c3nc4cc(F)ccc4[nH]3)c2F)c1,-10.03279069767442,3.128615257744718,57_413
O=C(Nc1cccc(-c2cccc(F)c2F)c1)Nc1cccc(-c2cccc(-c3nc4cc(F)ccc4[nH]3)c2F)c1,-10.03279069767442,3.128615257744718,57_414
O=C(Nc1cccc(-c2cccc(F)c2F)c1)Nc1cccc(-c2cccc(-c3nc4cc(F)ccc4[nH]3)c2F)c1,-10.03279069767442,3.128615257744718,57_415
O=C(Nc1cccc(-c2cccc(-c3nc4ccccc4[nH]3)c2)c1)Nc1cccc(-c2cccc(F)c2F)c1,-9.918142235123367,3.218592063451191,57_416
O=C(Nc1cccc(-c2cccc(F)c2F)c1)Nc1cccc(-c2cccc(-c3nc4cc(F)ccc4[nH]3)c2F)c1,-10.03279069767442,3.128615257744718,57_417
O=C(Nc1cccc(-c2cccc(-c3nc4ccccc4[nH]3)c2)c1)Nc1cccc(-c2cccc(F)c2F)c1,-9.918142235123367,3.218592063451191,57_418
O=C(Nc1cccc(-c2cccc(-c3nc4ccccc4[nH]3)c2)c1)Nc1cccc(-c2cccc(F)c2F)c1,-9.918142235123367,3.218592063451191,57_419
O=C(Nc1cccc(-c2cccc(-c3nc4ccccc4[nH]3)c2)c1)Nc1cccc(-c2cccc(F)c2F)c1,-9.918142235123367,3.218592063451191,57_420
O=C(Nc1cccc(-c2cccc(-c3nc4ccccc4[nH]3)c2)c1)Nc1cccc(-c2cccc(F)c2F)c1,-9.918142235123367,3.218592063451191,57_421
O=C(Nc1cccc(-c2cccc(-c3nc4ccccc4[nH]3)c2)c1)Nc1cccc(-c2cccc(F)c2F)c1,-9.918142235123367,3.218592063451191,57_422
Cn1c(-c2cccc(-c3cccc(NC(=O)Nc4cccc(-c5cccc(F)c5F)c4)c3)c2)nc2ccccc21,-9.954744525547445,3.216920496534968,57_423
O=C(Nc1cccc(-c2cccc(-c3nc4ccccc4[nH]3)c2)c1)Nc1cccc(-c2cccc(F)c2F)c1,-9.918142235123367,3.218592063451191,57_424
O=C(Nc1cccc(-c2cccc(F)c2F)c1)Nc1cccc(-c2cccc(-c3nc4cc(F)ccc4[nH]3)c2F)c1,-10.03279069767442,3.128615257744718,57_425
O=C(Nc1cccc(-c2cccc(-c3nc4ccccc4[nH]3)c2)c1)Nc1cccc(-c2cccc(F)c2F)c1,-9.918142235123367,3.218592063451191,57_426
O=C(Nc1cccc(-c2cccc(-c3nc4ccccc4[nH]3)c2)c1)Nc1cccc(-c2cccc(F)c2F)c1,-9.918142235123367,3.218592063451191,57_427
O=C(Nc1cccc(-c2cccc(-c3nc4ccccc4[nH]3)c2)c1)Nc1cccc(-c2cccc(F)c2F)c1,-9.918142235123367,3.218592063451191,57_428
O=C(Nc1cccc(-c2cccc(-c3nc4ccccc4[nH]3)c2)c1)Nc1cccc(-c2cccc(F)c2F)c1,-9.918142235123367,3.218592063451191,57_429
O=C(Nc1cccc(-c2cccc(-c3nc4ccccc4[nH]3)c2)c1)Nc1cccc(-c2cccc(F)c2F)c1,-9.918142235123367,3.218592063451191,57_430
O=C(Nc1cccc(-c2cccc(-c3nc4ccccc4[nH]3)c2)c1)Nc1cccc(-c2cccc(F)c2F)c1,-9.918142235123367,3.218592063451191,57_431
O=C(Nc1cccc(-c2cccc(-c3nc4ccccc4[nH]3)c2)c1)Nc1cccc(-c2cccc(F)c2F)c1,-9.918142235123367,3.218592063451191,57_432
O=C(Nc1cccc(-c2cccc(-c3nc4ccccc4[nH]3)c2)c1)Nc1cccc(-c2cccc(F)c2F)c1,-9.918142235123367,3.218592063451191,57_433
O=C(Nc1cccc(-c2cccc(-c3nc4ccccc4[nH]3)c2)c1)Nc1cccc(-c2cccc(F)c2F)c1,-9.918142235123367,3.218592063451191,57_434
O=C(Nc1cccc(-c2cccc(-c3nc4ccccc4[nH]3)c2)c1)Nc1cccc(-c2cccc(F)c2F)c1,-9.918142235123367,3.218592063451191,57_435
Cn1c(-c2cccc(-c3cccc(NC(=O)Nc4cccc(-c5cccc(F)c5F)c4)c3)c2)nc2ccccc21,-9.954744525547445,3.216920496534968,57_436
O=C(Nc1cccc(-c2cccc(F)c2F)c1)Nc1cccc(-c2cccc(-c3nc4cc(F)ccc4[nH]3)c2F)c1,-10.03279069767442,3.128615257744718,57_437
O=C(Nc1nc2ccccc2nc1Nc1cccc(-c2cccc3ccccc23)c1)c1cccc(-c2cccc(-c3cccc4ccccc34)c2)c1,-10.6,3.0014700626130666,57_438
O=C(Nc1cccc(-c2cccc(-c3nc4ccccc4[nH]3)c2)c1)Nc1cccc(-c2cccc(F)c2F)c1,-9.918142235123367,3.218592063451191,57_439
O=C(Nc1cccc(-c2cccc(-c3nc4ccccc4[nH]3)c2)c1)Nc1cccc(-c2cccc(F)c2F)c1,-9.918142235123367,3.218592063451191,57_440
O=C(Nc1cccc(-c2cccc(-c3nc4ccccc4[nH]3)c2)c1)Nc1cccc(-c2cccc(F)c2F)c1,-9.918142235123367,3.218592063451191,57_441
O=C(Nc1cccc(-c2cccc(-c3nc4ccccc4[nH]3)c2)c1)Nc1cccc(-c2cccc(F)c2F)c1,-9.918142235123367,3.218592063451191,57_442
O=C(Nc1cccc(-c2cccc(-c3nc4ccccc4[nH]3)c2)c1)Nc1cccc(-c2cccc(F)c2F)c1,-9.918142235123367,3.218592063451191,57_443
O=C(Nc1cccc(-c2cccc(-c3nc4ccccc4[nH]3)c2)c1)Nc1cccc(-c2cccc(F)c2F)c1,-9.918142235123367,3.218592063451191,57_444
O=C(Nc1cccc(-c2cccc(-c3nc4ccccc4[nH]3)c2)c1)Nc1cccc(-c2cccc(F)c2F)c1,-9.918142235123367,3.218592063451191,57_445
O=C(Nc1cccc(-c2cccc(F)c2F)c1)Nc1cccc(-c2cccc(-c3nc4cc(F)ccc4[nH]3)c2F)c1,-10.03279069767442,3.128615257744718,57_446
O=C(Nc1cccc(-c2cccc(-c3nc4ccccc4[nH]3)c2)c1)Nc1cccc(-c2cccc(F)c2F)c1,-9.918142235123367,3.218592063451191,57_447
O=C(Nc1cccc(-c2cccc(-c3nc4ccccc4[nH]3)c2)c1)Nc1cccc(-c2cccc(F)c2F)c1,-9.918142235123367,3.218592063451191,57_448
O=C(Nc1cccc(-c2cccc(-c3nc4ccccc4[nH]3)c2)c1)Nc1cccc(-c2cccc(F)c2F)c1,-9.918142235123367,3.218592063451191,57_449
O=C(Nc1cccc(-c2cccc(F)c2F)c1)Nc1cccc(-c2cccc(-c3nc4cc(F)ccc4[nH]3)c2F)c1,-10.03279069767442,3.128615257744718,57_450
Cn1c(-c2cccc(-c3cccc(NC(=O)Nc4cccc(-c5cccc(F)c5F)c4)c3)c2)nc2ccccc21,-9.954744525547445,3.216920496534968,57_451
O=C(Nc1cccc(-c2cccc(F)c2F)c1)Nc1cccc(-c2cccc(-c3nc4cc(F)ccc4[nH]3)c2F)c1,-10.03279069767442,3.128615257744718,57_452
Cn1c(-c2cccc(-c3cccc(NC(=O)Nc4cccc(-c5cccc(F)c5F)c4)c3)c2)nc2ccccc21,-9.954744525547445,3.216920496534968,57_453
O=C(Nc1cccc(-c2cccc(-c3nc4ccccc4[nH]3)c2)c1)Nc1cccc(-c2cccc(F)c2F)c1,-9.918142235123367,3.218592063451191,57_454
O=C(Nc1cccc(-c2cccc(-c3nc4ccccc4[nH]3)c2)c1)Nc1cccc(-c2cccc(F)c2F)c1,-9.918142235123367,3.218592063451191,57_455
O=C(Nc1cccc(-c2cccc(C(=O)N3CCOCC3)c2)c1)Nc1cccc(-c2cccc(-c3cccc4ccccc34)c2)c1,-10.05,3.157933906999289,57_456
O=C(Nc1cccc(-c2cccc(-c3nc4ccccc4[nH]3)c2)c1)Nc1cccc(-c2cccc(F)c2F)c1,-9.918142235123367,3.218592063451191,57_457
O=C(Nc1cccc(-c2cccc(-c3nc4ccccc4[nH]3)c2)c1)Nc1cccc(-c2cccc(F)c2F)c1,-9.918142235123367,3.218592063451191,57_458
O=C(Nc1cccc(-c2cccc(F)c2F)c1)Nc1cccc(-c2cccc(-c3nc4cc(F)ccc4[nH]3)c2F)c1,-10.03279069767442,3.128615257744718,57_459
O=C(Nc1cccc(-c2cccc(F)c2F)c1)Nc1cccc(-c2cccc(-c3nc4cc(F)ccc4[nH]3)c2F)c1,-10.03279069767442,3.128615257744718,57_460
O=C(Nc1cccc(-c2cccc(F)c2F)c1)Nc1cccc(-c2cccc(-c3nc4cc(F)ccc4[nH]3)c2F)c1,-10.03279069767442,3.128615257744718,57_461
O=C(Nc1cccc(-c2cccc(-c3nc4ccccc4[nH]3)c2)c1)Nc1cccc(-c2cccc(F)c2F)c1,-9.918142235123367,3.218592063451191,57_462
O=C(Nc1cccc(-c2cccc(F)c2F)c1)Nc1cccc(-c2cccc(-c3nc4cc(F)ccc4[nH]3)c2F)c1,-10.03279069767442,3.128615257744718,57_463
O=C(Nc1cccc(-c2cccc(-c3nc4ccccc4[nH]3)c2)c1)Nc1cccc(-c2cccc(F)c2F)c1,-9.918142235123367,3.218592063451191,57_464
O=C(Nc1cccc(-c2cccc(-c3nc4ccccc4[nH]3)c2)c1)Nc1cccc(-c2cccc(F)c2F)c1,-9.918142235123367,3.218592063451191,57_465
O=C(Nc1cccc(-c2cccc(-c3nc4ccccc4[nH]3)c2)c1)Nc1cccc(-c2cccc(F)c2F)c1,-9.918142235123367,3.218592063451191,57_466
O=C(Nc1cccc(-c2cccc(F)c2F)c1)Nc1cccc(-c2cccc(-c3nc4cc(F)ccc4[nH]3)c2F)c1,-10.03279069767442,3.128615257744718,57_467
O=C(Nc1cccc(-c2cccc(F)c2F)c1)Nc1cccc(-c2cccc(-c3nc4cc(F)ccc4[nH]3)c2F)c1,-10.03279069767442,3.128615257744718,57_468
O=C(Nc1cccc(-c2cccc(-c3nc4ccccc4[nH]3)c2)c1)Nc1cccc(-c2cccc(F)c2F)c1,-9.918142235123367,3.218592063451191,57_469
O=C(Nc1cccc(-c2cccc(-c3nc4ccccc4[nH]3)c2)c1)Nc1cccc(-c2cccc(F)c2F)c1,-9.918142235123367,3.218592063451191,57_470
Cn1c(-c2cccc(-c3cccc(NC(=O)Nc4cccc(-c5cccc(F)c5F)c4)c3)c2)nc2ccccc21,-9.954744525547445,3.216920496534968,57_471
Cn1c(-c2cccc(-c3cccc(NC(=O)Nc4cccc(-c5cccc(F)c5F)c4)c3)c2)nc2ccccc21,-9.954744525547445,3.216920496534968,57_472
O=C(Nc1cccc(-c2cccc(-c3nc4ccccc4[nH]3)c2)c1)Nc1cccc(-c2cccc(F)c2F)c1,-9.918142235123367,3.218592063451191,57_473
O=C(Nc1cccc(-c2cccc(-c3nc4ccccc4[nH]3)c2)c1)Nc1cccc(-c2cccc(F)c2F)c1,-9.918142235123367,3.218592063451191,57_474
O=C(Nc1cccc(-c2cccc(-c3nc4ccccc4[nH]3)c2)c1)Nc1cccc(-c2cccc(F)c2F)c1,-9.918142235123367,3.218592063451191,57_475
O=C(Nc1cccc(-c2cccc(F)c2F)c1)Nc1cccc(-c2cccc(-c3nc4cc(F)ccc4[nH]3)c2F)c1,-10.03279069767442,3.128615257744718,57_476
O=C(Nc1cccc(-c2cccc(-c3nc4ccccc4[nH]3)c2)c1)Nc1cccc(-c2cccc(F)c2F)c1,-9.918142235123367,3.218592063451191,57_477
O=C(Nc1cccc(-c2cccc(-c3nc4ccccc4[nH]3)c2)c1)Nc1cccc(-c2cccc(F)c2F)c1,-9.918142235123367,3.218592063451191,57_478
O=C(Nc1cccc(-c2cccc(-c3nc4ccccc4[nH]3)c2)c1)Nc1cccc(-c2cccc(F)c2F)c1,-9.918142235123367,3.218592063451191,57_479
O=C(Nc1cccc(-c2cccc(-c3nc4ccccc4[nH]3)c2)c1)Nc1cccc(-c2cccc(F)c2F)c1,-9.918142235123367,3.218592063451191,57_480
O=C(Nc1cccc(-c2cccc(-c3nc4ccccc4[nH]3)c2)c1)Nc1cccc(-c2cccc(F)c2F)c1,-9.918142235123367,3.218592063451191,57_481
O=C(Nc1cccc(-c2cccc(F)c2F)c1)Nc1cccc(-c2cccc(-c3nc4cc(F)ccc4[nH]3)c2F)c1,-10.03279069767442,3.128615257744718,57_482
O=C(Nc1cccc(-c2cccc(-c3nc4ccccc4[nH]3)c2)c1)Nc1cccc(-c2cccc(F)c2F)c1,-9.918142235123367,3.218592063451191,57_483
O=C(Nc1cccc(-c2cccc(-c3nc4ccccc4[nH]3)c2)c1)Nc1cccc(-c2cccc(F)c2F)c1,-9.918142235123367,3.218592063451191,57_484
O=C(Nc1cccc(-c2cccc(-c3nc4ccccc4[nH]3)c2)c1)Nc1cccc(-c2cccc(F)c2F)c1,-9.918142235123367,3.218592063451191,57_485
O=C(Nc1cccc(-c2cccc(-c3nc4ccccc4[nH]3)c2)c1)Nc1cccc(-c2cccc(F)c2F)c1,-9.918142235123367,3.218592063451191,57_486
O=C(Nc1cccc(-c2cccc(F)c2F)c1)Nc1cccc(-c2cccc(-c3nc4cc(F)ccc4[nH]3)c2F)c1,-10.03279069767442,3.128615257744718,57_487
O=C(Nc1cccc(-c2cccc(F)c2F)c1)Nc1cccc(-c2cccc(-c3nc4cc(F)ccc4[nH]3)c2F)c1,-10.03279069767442,3.128615257744718,57_488
O=C(Nc1cccc(-c2cccc(-c3nc4ccccc4[nH]3)c2)c1)Nc1cccc(-c2cccc(F)c2F)c1,-9.918142235123367,3.218592063451191,57_489
O=C(Nc1cccc(-c2cccc(-c3nc4ccccc4[nH]3)c2)c1)Nc1cccc(-c2cccc(F)c2F)c1,-9.918142235123367,3.218592063451191,57_490
O=C(Nc1cccc(-c2cccc(-c3nc4ccccc4[nH]3)c2)c1)Nc1cccc(-c2cccc(F)c2F)c1,-9.918142235123367,3.218592063451191,57_491
O=C(Nc1cccc(-c2cccc(-c3nc4ccccc4[nH]3)c2)c1)Nc1cccc(-c2cccc(F)c2F)c1,-9.918142235123367,3.218592063451191,57_492
O=C(Nc1cccc(-c2cccc(-c3nc4ccccc4[nH]3)c2)c1)Nc1cccc(-c2cccc(F)c2F)c1,-9.918142235123367,3.218592063451191,57_493
O=C(Nc1cccc(-c2cccc(-c3nc4ccccc4[nH]3)c2)c1)Nc1cccc(-c2cccc(F)c2F)c1,-9.918142235123367,3.218592063451191,57_494
O=C(Nc1cccc(-c2cccc(-c3nc4ccccc4[nH]3)c2)c1)Nc1cccc(-c2cccc(F)c2F)c1,-9.918142235123367,3.218592063451191,57_495
O=C(Nc1cccc(-c2cccc(-c3nc4ccccc4[nH]3)c2)c1)Nc1cccc(-c2cccc(F)c2F)c1,-9.918142235123367,3.218592063451191,57_496
O=C(Nc1cccc(-c2cccc(-c3nc4ccccc4[nH]3)c2)c1)Nc1cccc(-c2cccc(F)c2F)c1,-9.918142235123367,3.218592063451191,57_497
O=C(Nc1cccc(-c2cccc(-c3nc4ccncc4[nH]3)c2)c1)Nc1cccc(-c2cccc(F)c2F)c1,-10.1,3.3051748077707623,57_498
O=C(Nc1cccc(-c2cccc(-c3nc4ccccc4[nH]3)c2)c1)Nc1cccc(-c2cccc(F)c2F)c1,-9.918142235123367,3.218592063451191,57_499
O=C(Nc1cccc(-c2cccc(-c3nc4ccccc4[nH]3)c2)c1)Nc1cccc(-c2cccc(F)c2F)c1,-9.918142235123367,3.218592063451191,57_500
O=C(Nc1cccc(-c2cccc(-c3nc4ccccc4[nH]3)c2)c1)Nc1cccc(-c2cccc(F)c2F)c1,-9.918142235123367,3.218592063451191,57_501
O=C(Nc1cccc(-c2cccc(-c3nc4ccccc4[nH]3)c2)c1)Nc1cccc(-c2cccc(F)c2F)c1,-9.918142235123367,3.218592063451191,57_502
O=C(Nc1cccc(-c2cccc(-c3nc4ccccc4[nH]3)c2)c1)Nc1cccc(-c2cccc(F)c2F)c1,-9.918142235123367,3.218592063451191,57_503
O=C(Nc1cccc(-c2cccc(-c3nc4ccccc4[nH]3)c2)c1)Nc1cccc(-c2cccc(F)c2F)c1,-9.918142235123367,3.218592063451191,57_504
O=C(Nc1cccc(-c2cccc(-c3nc4ccccc4[nH]3)c2)c1)Nc1cccc(-c2cccc(F)c2F)c1,-9.918142235123367,3.218592063451191,57_505
O=C(Nc1cccc(-c2cccc(-c3nc4ccccc4[nH]3)c2)c1)Nc1cccc(-c2cccc(F)c2F)c1,-9.918142235123367,3.218592063451191,57_506
O=C(Nc1cccc(-c2cccc(-c3nc4ccccc4[nH]3)c2)c1)Nc1cccc(-c2cccc(F)c2F)c1,-9.918142235123367,3.218592063451191,57_507
O=C(Nc1cccc(-c2cccc(F)c2F)c1)Nc1cccc(-c2cccc(-c3nc4cc(F)ccc4[nH]3)c2F)c1,-10.03279069767442,3.128615257744718,57_508
Cn1c(-c2cccc(-c3cccc(NC(=O)Nc4cccc(-c5cccc(F)c5F)c4)c3)c2)nc2ccccc21,-9.954744525547445,3.216920496534968,57_509
O=C(Nc1cccc(-c2cccc(-c3nc4ccccc4[nH]3)c2)c1)Nc1cccc(-c2cccc(F)c2F)c1,-9.918142235123367,3.218592063451191,57_510
O=C(Nc1cccc(-c2cccc(F)c2F)c1)Nc1cccc(-c2cccc(-c3nc4cc(F)ccc4[nH]3)c2F)c1,-10.03279069767442,3.128615257744718,57_511
O=C(Nc1cccc(-c2cccc(-c3nc4ccccc4[nH]3)c2)c1)Nc1cccc(-c2cccc(F)c2F)c1,-9.918142235123367,3.218592063451191,57_512
O=C(Nc1cccc(-c2cccc(F)c2F)c1)Nc1cccc(-c2cccc(-c3nc4cc(F)ccc4[nH]3)c2F)c1,-10.03279069767442,3.128615257744718,57_513
O=C(Nc1cccc(-c2cccc(F)c2F)c1)Nc1cccc(-c2cccc(-c3nc4cc(F)ccc4[nH]3)c2F)c1,-10.03279069767442,3.128615257744718,57_514
O=C(Nc1cccc(-c2cccc(-c3nc4ccccc4[nH]3)c2)c1)Nc1cccc(-c2cccc(F)c2F)c1,-9.918142235123367,3.218592063451191,57_515
O=C(Nc1cccc(-c2cccc(F)c2F)c1)Nc1cccc(-c2cccc(-c3nc4cc(F)ccc4[nH]3)c2F)c1,-10.03279069767442,3.128615257744718,57_516
O=C(Nc1cccc(-c2cccc(-c3nc4ccccc4[nH]3)c2)c1)Nc1cccc(-c2cccc(F)c2F)c1,-9.918142235123367,3.218592063451191,57_517
O=C(Nc1cccc(-c2cccc(-c3nc4ccccc4[nH]3)c2)c1)Nc1cccc(-c2cccc(F)c2F)c1,-9.918142235123367,3.218592063451191,57_518
Cn1c(-c2cccc(-c3cccc(NC(=O)Nc4cccc(-c5cccc(F)c5F)c4)c3)c2)nc2ccccc21,-9.954744525547445,3.216920496534968,57_519
Cn1c(-c2cccc(-c3cccc(NC(=O)Nc4cccc(-c5cccc(F)c5F)c4)c3)c2)nc2ccccc21,-9.954744525547445,3.216920496534968,57_520
O=C(Nc1cccc(-c2cccc(F)c2F)c1)Nc1cccc(-c2cccc(-c3nc4cc(F)ccc4[nH]3)c2F)c1,-10.03279069767442,3.128615257744718,57_521
O=C(Nc1cccc(-c2cccc(-c3nc4ccccc4[nH]3)c2)c1)Nc1cccc(-c2cccc(F)c2F)c1,-9.918142235123367,3.218592063451191,57_522
O=C(Nc1cccc(-c2cccc(F)c2F)c1)Nc1cccc(-c2cccc(-c3nc4cc(F)ccc4[nH]3)c2F)c1,-10.03279069767442,3.128615257744718,57_523
O=C(Nc1cccc(-c2cccc(-c3nc4ccccc4[nH]3)c2)c1)Nc1cccc(-c2cccc(F)c2F)c1,-9.918142235123367,3.218592063451191,57_524
Cn1c(-c2cccc(-c3cccc(NC(=O)Nc4cccc(-c5cccc(F)c5F)c4)c3)c2)nc2ccccc21,-9.954744525547445,3.216920496534968,57_525
O=C(Nc1cccc(-c2cccc(-c3nc4ccccc4[nH]3)c2)c1)Nc1cccc(-c2cccc(F)c2F)c1,-9.918142235123367,3.218592063451191,57_526
O=C(Nc1cccc(-c2cccc(-c3nc4ccccc4[nH]3)c2)c1)Nc1cccc(-c2cccc(F)c2F)c1,-9.918142235123367,3.218592063451191,57_527
O=C(Nc1cccc(-c2cccc(F)c2F)c1)Nc1cccc(-c2cccc(-c3nc4cc(F)ccc4[nH]3)c2F)c1,-10.03279069767442,3.128615257744718,57_528
O=C(Nc1cccc(-c2cccc(F)c2F)c1)Nc1cccc(-c2cccc(-c3nc4cc(F)ccc4[nH]3)c2F)c1,-10.03279069767442,3.128615257744718,57_529
O=C(Nc1cccc(-c2cccc(F)c2F)c1)Nc1cccc(-c2cccc(-c3nc4cc(F)ccc4[nH]3)c2F)c1,-10.03279069767442,3.128615257744718,57_530
O=C(Nc1cccc(-c2cccc(-c3nc4ccccc4[nH]3)c2)c1)Nc1cccc(-c2cccc(F)c2F)c1,-9.918142235123367,3.218592063451191,57_531
O=C(Nc1cccc(-c2cccc(-c3nc4ccccc4[nH]3)c2)c1)Nc1cccc(-c2cccc(F)c2F)c1,-9.918142235123367,3.218592063451191,57_532
O=C(Nc1cccc(-c2cccc(-c3nc4ccccc4[nH]3)c2)c1)Nc1cccc(-c2cccc(F)c2F)c1,-9.918142235123367,3.218592063451191,57_533
O=C(Nc1cccc(-c2cccc(F)c2F)c1)Nc1cccc(-c2cccc(-c3nc4cc(F)ccc4[nH]3)c2F)c1,-10.03279069767442,3.128615257744718,57_534
O=C(Nc1cccc(-c2cccc(-c3nc4ccccc4[nH]3)c2)c1)Nc1cccc(-c2cccc(F)c2F)c1,-9.918142235123367,3.218592063451191,57_535
O=C(Nc1cccc(-c2cccc(F)c2F)c1)Nc1cccc(-c2cccc(-c3nc4cc(F)ccc4[nH]3)c2F)c1,-10.03279069767442,3.128615257744718,57_536
O=C(Nc1cccc(-c2cccc(-c3nc4ccccc4[nH]3)c2)c1)Nc1cccc(-c2cccc(F)c2F)c1,-9.918142235123367,3.218592063451191,57_537
O=C(Nc1cccc(-c2cccc(-c3nc4ccccc4[nH]3)c2)c1)Nc1cccc(-c2cccc(F)c2F)c1,-9.918142235123367,3.218592063451191,57_538
O=C(Nc1cccc(-c2cccc(-c3cccc(-c4ccccc4)c3)c2)c1)Nc1cccc(-c2cccc(F)c2F)c1,-9.1,3.001946238048069,57_539
O=C(Nc1cccc(-c2cccc(-c3nc4ccccc4[nH]3)c2)c1)Nc1cccc(-c2cccc(F)c2F)c1,-9.918142235123367,3.218592063451191,57_540
O=C(Nc1cccc(-c2cccc(-c3nc4ccccc4[nH]3)c2)c1)Nc1cccc(-c2cccc(F)c2F)c1,-9.918142235123367,3.218592063451191,57_541
O=C(Nc1cccc(-c2cccc(F)c2F)c1)Nc1cccc(-c2cccc(-c3nc4cc(F)ccc4[nH]3)c2F)c1,-10.03279069767442,3.128615257744718,57_542
O=C(Nc1cccc(-c2cccc(-c3nc4ccccc4[nH]3)c2)c1)Nc1cccc(-c2cccc(F)c2F)c1,-9.918142235123367,3.218592063451191,57_543
O=C(Nc1cccc(-c2cccc(F)c2F)c1)Nc1cccc(-c2cccc(-c3nc4cc(F)ccc4[nH]3)c2F)c1,-10.03279069767442,3.128615257744718,57_544
O=C(Nc1cccc(-c2cccc(-c3nc4ccccc4[nH]3)c2)c1)Nc1cccc(-c2cccc(F)c2F)c1,-9.918142235123367,3.218592063451191,57_545
O=C(Nc1cccc(-c2cccc(F)c2F)c1)N1C=CC=CC(c2cccc(-c3nc4cc(F)ccc4[nH]3)c2)=C1,-9.71,2.2987853633063597,57_546
O=C(Nc1cccc(-c2cccc(-c3nc4ccccc4[nH]3)c2)c1)Nc1cccc(-c2cccc(F)c2F)c1,-9.918142235123367,3.218592063451191,57_547
O=C(Nc1cccc(-c2cccc(-c3nc4ccccc4[nH]3)c2)c1)Nc1cccc(-c2cccc(F)c2F)c1,-9.918142235123367,3.218592063451191,57_548
O=C(Nc1cccc(-c2cccc(-c3nc4ccccc4[nH]3)c2)c1)Nc1cccc(-c2cccc(F)c2F)c1,-9.918142235123367,3.218592063451191,57_549
Cn1c(-c2cccc(-c3cccc(NC(=O)Nc4cccc(-c5cccc(F)c5F)c4)c3)c2)nc2ccccc21,-9.954744525547445,3.216920496534968,57_550
O=C(Nc1cccc(-c2cccc(-c3nc4ccccc4[nH]3)c2)c1)Nc1cccc(-c2cccc(F)c2F)c1,-9.918142235123367,3.218592063451191,57_551
O=C(Nc1cccc(-c2cccc(-c3nc4ccccc4[nH]3)c2)c1)Nc1cccc(-c2cccc(F)c2F)c1,-9.918142235123367,3.218592063451191,57_552
O=C(Nc1cccc(-c2cccc(-c3nc4ccccc4[nH]3)c2)c1)Nc1cccc(-c2cccc(F)c2F)c1,-9.918142235123367,3.218592063451191,57_553
O=C(Nc1cccc(-c2cccc(-c3nc4ccccc4[nH]3)c2)c1)Nc1cccc(-c2cccc(F)c2F)c1,-9.918142235123367,3.218592063451191,57_554
O=C(Nc1cccc(-c2cccc(-c3nc4ccccc4[nH]3)c2)c1)Nc1cccc(-c2cccc(F)c2F)c1,-9.918142235123367,3.218592063451191,57_555
O=C(Nc1cccc(-c2cccc(-c3nc4ccccc4[nH]3)c2)c1)Nc1cccc(-c2cccc(F)c2F)c1,-9.918142235123367,3.218592063451191,57_556
O=C(Nc1cccc(-c2cccc(F)c2F)c1)Nc1cccc(-c2cccc(-c3nc4cc(F)ccc4[nH]3)c2F)c1,-10.03279069767442,3.128615257744718,57_557
O=C(Nc1cccc(-c2cccc(F)c2F)c1)Nc1cccc(-c2cccc(-c3nc4cc(F)ccc4[nH]3)c2F)c1,-10.03279069767442,3.128615257744718,57_558
O=C(Nc1cccc(-c2cccc(-c3nc4ccccc4[nH]3)c2)c1)Nc1cccc(-c2cccc(F)c2F)c1,-9.918142235123367,3.218592063451191,57_559
O=C(Nc1cccc(-c2cccc(-c3nc4ccccc4[nH]3)c2)c1)Nc1cccc(-c2cccc(F)c2F)c1,-9.918142235123367,3.218592063451191,57_560
O=C(Nc1cccc(-c2cccc(-c3nc4ccccc4[nH]3)c2)c1)Nc1cccc(-c2cccc(F)c2F)c1,-9.918142235123367,3.218592063451191,57_561
O=C(Nc1cccc(-c2cccc(F)c2F)c1)N1C=CC=CC(c2cccc(-c3nc4cc(F)ccc4[nH]3)c2)=C1,-9.71,2.2987853633063597,57_562
O=C(Nc1cccc(-c2cccc(-c3nc4ccccc4[nH]3)c2)c1)Nc1cccc(-c2cccc(F)c2F)c1,-9.918142235123367,3.218592063451191,57_563
O=C(Nc1cccc(-c2cccc(-c3nc4ccccc4[nH]3)c2)c1)Nc1cccc(-c2cccc(F)c2F)c1,-9.918142235123367,3.218592063451191,57_564
O=C(Nc1cccc(-c2cccc(-c3nc4ccccc4[nH]3)c2)c1)Nc1cccc(-c2cccc(F)c2F)c1,-9.918142235123367,3.218592063451191,57_565
O=C(Nc1cccc(-c2cccc(-c3nc4ccccc4[nH]3)c2)c1)Nc1cccc(-c2cccc(F)c2F)c1,-9.918142235123367,3.218592063451191,57_566
O=C(Nc1cccc(-c2cccc(F)c2F)c1)Nc1cccc(-c2cccc(-c3nc4cc(F)ccc4[nH]3)c2F)c1,-10.03279069767442,3.128615257744718,57_567
Cn1c(-c2cccc(-c3cccc(NC(=O)Nc4cccc(-c5cccc(F)c5F)c4)c3)c2)nc2ccccc21,-9.954744525547445,3.216920496534968,57_568
O=C(Nc1cccc(-c2cccc(-c3nc4ccccc4[nH]3)c2)c1)Nc1cccc(-c2cccc(F)c2F)c1,-9.918142235123367,3.218592063451191,57_569
O=C(Nc1cccc(-c2cccc(-c3nc4ccccc4[nH]3)c2)c1)Nc1cccc(-c2cccc(F)c2F)c1,-9.918142235123367,3.218592063451191,57_570
O=C(Nc1cccc(-c2cccc(-c3nc4ccccc4[nH]3)c2)c1)Nc1cccc(-c2cccc(F)c2F)c1,-9.918142235123367,3.218592063451191,57_571
O=C(Nc1cccc(-c2cccc(F)c2F)c1)Nc1cccc(-c2cccc(-c3nc4cc(F)ccc4[nH]3)c2F)c1,-10.03279069767442,3.128615257744718,57_572
O=C(Nc1cccc(-c2cccc(-c3nc4ccccc4[nH]3)c2)c1)Nc1cccc(-c2cccc(F)c2F)c1,-9.918142235123367,3.218592063451191,57_573
O=C(Nc1cccc(-c2cccc(F)c2F)c1)Nc1cccc(-c2cccc(-c3nc4cc(F)ccc4[nH]3)c2F)c1,-10.03279069767442,3.128615257744718,57_574
O=C(Nc1cccc(-c2cccc(-c3nc4ccccc4[nH]3)c2)c1)Nc1cccc(-c2cccc(F)c2F)c1,-9.918142235123367,3.218592063451191,57_575
O=C(Nc1cccc(-c2cccc(-c3nc4ccccc4[nH]3)c2)c1)Nc1cccc(-c2cccc(F)c2F)c1,-9.918142235123367,3.218592063451191,57_576
O=C(Nc1cccc(-c2cccc(-c3nc4ccccc4[nH]3)c2)c1)Nc1cccc(-c2cccc(F)c2F)c1,-9.918142235123367,3.218592063451191,57_577
Cn1c(-c2cccc(-c3cccc(NC(=O)Nc4cccc(-c5cccc(F)c5F)c4)c3)c2)nc2ccccc21,-9.954744525547445,3.216920496534968,57_578
Cn1c(-c2cccc(-c3cccc(NC(=O)Nc4cccc(-c5cccc(F)c5F)c4)c3)c2)nc2ccccc21,-9.954744525547445,3.216920496534968,57_579
O=C(Nc1cccc(-c2cccc(-c3nc4ccccc4[nH]3)c2)c1)Nc1cccc(-c2cccc(F)c2F)c1,-9.918142235123367,3.218592063451191,57_580
O=C(Nc1cccc(-c2cccc(F)c2F)c1)Nc1cccc(-c2cccc(-c3nc4cc(F)ccc4[nH]3)c2F)c1,-10.03279069767442,3.128615257744718,57_581
O=C(Nc1cccc(-c2cccc(-c3nc4ccccc4[nH]3)c2)c1)Nc1cccc(-c2cccc(F)c2F)c1,-9.918142235123367,3.218592063451191,57_582
O=C(Nc1cccc(-c2cccc(-c3nc4ccccc4[nH]3)c2)c1)Nc1cccc(-c2cccc(F)c2F)c1,-9.918142235123367,3.218592063451191,57_583
O=C(Nc1cccc(-c2cccc(-c3nc4ccccc4[nH]3)c2)c1)Nc1cccc(-c2cccc(F)c2F)c1,-9.918142235123367,3.218592063451191,57_584
O=C(Nc1cccc(-c2cccc(-c3nc4ccccc4[nH]3)c2)c1)Nc1cccc(-c2cccc(F)c2F)c1,-9.918142235123367,3.218592063451191,57_585
O=C(Nc1cccc(-c2cccc(F)c2F)c1)Nc1cccc(-c2cccc(-c3nc4cc(F)ccc4[nH]3)c2F)c1,-10.03279069767442,3.128615257744718,57_586
O=C(Nc1cccc(-c2cccc(-c3nc4ccccc4[nH]3)c2)c1)Nc1cccc(-c2cccc(F)c2F)c1,-9.918142235123367,3.218592063451191,57_587
O=C(Nc1cccc(-c2cccc(-c3nc4ccccc4[nH]3)c2)c1)Nc1cccc(-c2cccc(F)c2F)c1,-9.918142235123367,3.218592063451191,57_588
Cn1c(-c2cccc(-c3cccc(NC(=O)Nc4cccc(-c5cccc(F)c5F)c4)c3)c2)nc2ccccc21,-9.954744525547445,3.216920496534968,57_589
O=C(Nc1cccc(-c2cccc(F)c2F)c1)Nc1cccc(-c2cccc(-c3nc4cc(F)ccc4[nH]3)c2F)c1,-10.03279069767442,3.128615257744718,57_590
O=C(Nc1cccc(-c2cccc(-c3nc4ccccc4[nH]3)c2)c1)Nc1cccc(-c2cccc(F)c2F)c1,-9.918142235123367,3.218592063451191,57_591
O=C(Nc1cccc(-c2cccc(-c3nc4ccccc4[nH]3)c2)c1)Nc1cccc(-c2cccc(F)c2F)c1,-9.918142235123367,3.218592063451191,57_592
O=C(Nc1cccc(-c2cccc(-c3nc4ccccc4[nH]3)c2)c1)Nc1cccc(-c2cccc(F)c2F)c1,-9.918142235123367,3.218592063451191,57_593
O=C(Nc1cccc(-c2cccc(-c3nc4ccccc4[nH]3)c2)c1)Nc1cccc(-c2cccc(F)c2F)c1,-9.918142235123367,3.218592063451191,57_594
O=C(Nc1cccc(-c2cccc(F)c2F)c1)Nc1cccc(-c2cccc(-c3nc4cc(F)ccc4[nH]3)c2F)c1,-10.03279069767442,3.128615257744718,57_595
O=C(Nc1cccc(-c2cccc(F)c2F)c1)Nc1cccc(-c2cccc(-c3nc4cc(F)ccc4[nH]3)c2F)c1,-10.03279069767442,3.128615257744718,57_596
O=C(Nc1cccc(-c2cccc(-c3nc4ccccc4[nH]3)c2)c1)Nc1cccc(-c2cccc(F)c2F)c1,-9.918142235123367,3.218592063451191,57_597
O=C(Nc1cccc(-c2cccc(-c3nc4ccccc4[nH]3)c2)c1)Nc1cccc(-c2cccc(F)c2F)c1,-9.918142235123367,3.218592063451191,57_598
Cn1c(-c2cccc(-c3cccc(NC(=O)Nc4cccc(-c5cccc(F)c5F)c4)c3)c2)nc2ccccc21,-9.954744525547445,3.216920496534968,57_599
O=C(Nc1cccc(-c2cccc(F)c2F)c1)Nc1cccc(-c2cccc(-c3nc4cc(F)ccc4[nH]3)c2F)c1,-10.03279069767442,3.128615257744718,57_600
O=C(Nc1cccc(-c2cccc(F)c2F)c1)Nc1cccc(-c2cccc(-c3nc4cc(F)ccc4[nH]3)c2F)c1,-10.03279069767442,3.128615257744718,57_601
O=C(Nc1cccc(-c2cccc(-c3nc4ccccc4[nH]3)c2)c1)Nc1cccc(-c2cccc(F)c2F)c1,-9.918142235123367,3.218592063451191,57_602
O=C(Nc1cccc(-c2cccc(-c3nc4ccccc4[nH]3)c2)c1)Nc1cccc(-c2cccc(F)c2F)c1,-9.918142235123367,3.218592063451191,57_603
O=C(Nc1cccc(-c2cccc(F)c2F)c1)Nc1cccc(-c2cccc(-c3nc4cc(F)ccc4[nH]3)c2F)c1,-10.03279069767442,3.128615257744718,57_604
O=C(Nc1cccc(-c2cccc(-c3nc4ccccc4[nH]3)c2)c1)Nc1cccc(-c2cccc(F)c2F)c1,-9.918142235123367,3.218592063451191,57_605
O=C(Nc1cccc(-c2cccc(-c3nc4ccccc4[nH]3)c2)c1)Nc1cccc(-c2cccc(F)c2F)c1,-9.918142235123367,3.218592063451191,57_606
O=C(Nc1cccc(-c2cccc(-c3nc4ccccc4[nH]3)c2)c1)Nc1cccc(-c2cccc(F)c2F)c1,-9.918142235123367,3.218592063451191,57_607
O=C(Nc1cccc(-c2cccc(-c3nc4ccccc4[nH]3)c2)c1)Nc1cccc(-c2cccc(F)c2F)c1,-9.918142235123367,3.218592063451191,57_608
Cn1c(-c2cccc(-c3cccc(NC(=O)Nc4cccc(-c5cccc(F)c5F)c4)c3)c2)nc2ccccc21,-9.954744525547445,3.216920496534968,57_609
O=C(Nc1cccc(-c2cccc(-c3nc4ccccc4[nH]3)c2)c1)Nc1cccc(-c2cccc(F)c2F)c1,-9.918142235123367,3.218592063451191,57_610
O=C(Nc1cccc(-c2cccc(-c3nc4ccccc4[nH]3)c2)c1)Nc1cccc(-c2cccc(F)c2F)c1,-9.918142235123367,3.218592063451191,57_611
O=C(Nc1cccc(-c2cccc(F)c2F)c1)Nc1cccc(-c2cccc(-c3nc4cc(F)ccc4[nH]3)c2F)c1,-10.03279069767442,3.128615257744718,57_612
O=C(Nc1cccc(-c2cccc(F)c2F)c1)Nc1cccc(-c2cccc(-c3nc4cc(F)ccc4[nH]3)c2F)c1,-10.03279069767442,3.128615257744718,57_613
O=C(Nc1cccc(-c2cccc(-c3nc4ccccc4[nH]3)c2)c1)Nc1cccc(-c2cccc(F)c2F)c1,-9.918142235123367,3.218592063451191,57_614
O=C(Nc1cccc(-c2cccc(F)c2F)c1)Nc1cccc(-c2cccc(-c3nc4cc(F)ccc4[nH]3)c2F)c1,-10.03279069767442,3.128615257744718,57_615
O=C(Nc1cccc(-c2cccc(-c3nc4ccccc4[nH]3)c2)c1)Nc1cccc(-c2cccc(F)c2F)c1,-9.918142235123367,3.218592063451191,57_616
O=C(Nc1cccc(-c2cccc(-c3nc4ccccc4[nH]3)c2)c1)Nc1cccc(-c2cccc(F)c2F)c1,-9.918142235123367,3.218592063451191,57_617
O=C(Nc1cccc(-c2cccc(-c3nc4ccccc4[nH]3)c2)c1)Nc1cccc(-c2cccc(F)c2F)c1,-9.918142235123367,3.218592063451191,57_618
O=C(Nc1cccc(-c2cccc(-c3nc4ccccc4[nH]3)c2)c1)Nc1cccc(-c2cccc(F)c2F)c1,-9.918142235123367,3.218592063451191,57_619
O=C(Nc1cccc(-c2cccc(F)c2F)c1)Nc1cccc(-c2cccc(-c3nc4cc(F)ccc4[nH]3)c2F)c1,-10.03279069767442,3.128615257744718,57_620
O=C(Nc1cccc(-c2cccc(F)c2F)c1)Nc1cccc(-c2cccc(-c3nc4cc(F)ccc4[nH]3)c2F)c1,-10.03279069767442,3.128615257744718,57_621
O=C(Nc1cccc(-c2cccc(F)c2F)c1)Nc1cccc(-c2cccc(-c3nc4cc(F)ccc4[nH]3)c2F)c1,-10.03279069767442,3.128615257744718,57_622
O=C(Nc1cccc(-c2cccc(-c3nc4ccccc4[nH]3)c2)c1)Nc1cccc(-c2cccc(F)c2F)c1,-9.918142235123367,3.218592063451191,57_623
O=C(Nc1cccc(-c2cccc(-c3nc4ccccc4[nH]3)c2)c1)Nc1cccc(-c2cccc(F)c2F)c1,-9.918142235123367,3.218592063451191,57_624
O=C(Nc1cccc(-c2cccc(-c3nc4ccccc4[nH]3)c2)c1)Nc1cccc(-c2cccc(F)c2F)c1,-9.918142235123367,3.218592063451191,57_625
O=C(Nc1cccc(-c2cccc(F)c2F)c1)Nc1cccc(-c2cccc(-c3nc4cc(F)ccc4[nH]3)c2F)c1,-10.03279069767442,3.128615257744718,57_626
O=C(Nc1cccc(-c2cccc(F)c2F)c1)Nc1cccc(-c2cccc(-c3nc4cc(F)ccc4[nH]3)c2F)c1,-10.03279069767442,3.128615257744718,57_627
O=C(Nc1cccc(-c2cccc(F)c2F)c1)Nc1cccc(-c2cccc(-c3nc4cc(F)ccc4[nH]3)c2F)c1,-10.03279069767442,3.128615257744718,57_628
O=C(Nc1cccc(-c2cccc(-c3nc4ccccc4[nH]3)c2)c1)Nc1cccc(-c2cccc(F)c2F)c1,-9.918142235123367,3.218592063451191,57_629
O=C(Nc1cccc(-c2cccc(-c3nc4ccccc4[nH]3)c2)c1)Nc1cccc(-c2cccc(F)c2F)c1,-9.918142235123367,3.218592063451191,57_630
O=C(Nc1cccc(-c2cccc(F)c2F)c1)Nc1cccc(-c2cccc(-c3nc4cc(F)ccc4[nH]3)c2F)c1,-10.03279069767442,3.128615257744718,57_631
O=C(Nc1cccc(-c2cccc(-c3nc4ccccc4[nH]3)c2)c1)Nc1cccc(-c2cccc(F)c2F)c1,-9.918142235123367,3.218592063451191,57_632
O=C(Nc1cccc(-c2cccc(-c3nc4ccccc4[nH]3)c2)c1)Nc1cccc(-c2cccc(F)c2F)c1,-9.918142235123367,3.218592063451191,57_633
O=C(Nc1cccc(-c2cccc(F)c2F)c1)Nc1cccc(-c2cccc(-c3nc4cc(F)ccc4[nH]3)c2F)c1,-10.03279069767442,3.128615257744718,57_634
O=C(Nc1cccc(-c2cccc(-c3nc4ccccc4[nH]3)c2)c1)Nc1cccc(-c2cccc(F)c2F)c1,-9.918142235123367,3.218592063451191,57_635
O=C(Nc1cccc(-c2cccc(-c3nc4ccccc4[nH]3)c2)c1)Nc1cccc(-c2cccc(F)c2F)c1,-9.918142235123367,3.218592063451191,57_636
O=C(Nc1cccc(-c2cccc(F)c2F)c1)Nc1cccc(-c2cccc(-c3nc4cc(F)ccc4[nH]3)c2F)c1,-10.03279069767442,3.128615257744718,57_637
Cn1c(-c2cccc(-c3cccc(NC(=O)Nc4cccc(-c5cccc(F)c5F)c4)c3)c2)nc2ccccc21,-9.954744525547445,3.216920496534968,57_638
O=C(Nc1cccc(-c2cccc(-c3nc4ccccc4[nH]3)c2)c1)Nc1cccc(-c2cccc(F)c2F)c1,-9.918142235123367,3.218592063451191,57_639
O=C(Nc1cccc(-c2cccc(-c3nc4ccccc4[nH]3)c2)c1)Nc1cccc(-c2cccc(F)c2F)c1,-9.918142235123367,3.218592063451191,57_640
O=C(Nc1cccc(-c2cccc(F)c2F)c1)Nc1cccc(-c2cccc(-c3nc4cc(F)ccc4[nH]3)c2F)c1,-10.03279069767442,3.128615257744718,57_641
O=C(Nc1cccc(-c2cccc(-c3nc4ccccc4[nH]3)c2)c1)Nc1cccc(-c2cccc(F)c2F)c1,-9.918142235123367,3.218592063451191,57_642
O=C(Nc1cccc(-c2cccc(-c3nc4ccccc4[nH]3)c2)c1)Nc1cccc(-c2cccc(F)c2F)c1,-9.918142235123367,3.218592063451191,57_643
Cn1c(-c2cccc(-c3cccc(NC(=O)Nc4cccc(-c5cccc(F)c5F)c4)c3)c2)nc2ccccc21,-9.954744525547445,3.216920496534968,57_644
O=C(Nc1cccc(-c2cccc(F)c2F)c1)Nc1cccc(-c2cccc(-c3nc4cc(F)ccc4[nH]3)c2F)c1,-10.03279069767442,3.128615257744718,57_645
O=C(Nc1cccc(-c2cccc(-c3nc4ccccc4[nH]3)c2)c1)Nc1cccc(-c2cccc(F)c2F)c1,-9.918142235123367,3.218592063451191,57_646
O=C(Nc1cccc(-c2cccc(-c3nc4ccccc4[nH]3)c2)c1)Nc1cccc(-c2cccc(F)c2F)c1,-9.918142235123367,3.218592063451191,57_647
O=C(Nc1cccc(-c2cccc(-c3nc4ccccc4[nH]3)c2)c1)Nc1cccc(-c2cccc(F)c2F)c1,-9.918142235123367,3.218592063451191,57_648
O=C(Nc1cccc(-c2cccc(-c3nc4ccccc4[nH]3)c2)c1)Nc1cccc(-c2cccc(F)c2F)c1,-9.918142235123367,3.218592063451191,57_649
Cn1c(-c2cccc(-c3cccc(NC(=O)Nc4cccc(-c5cccc(F)c5F)c4)c3)c2)nc2ccccc21,-9.954744525547445,3.216920496534968,57_650
O=C(Nc1cccc(-c2cccc(F)c2F)c1)Nc1cccc(-c2cccc(-c3nc4cc(F)ccc4[nH]3)c2F)c1,-10.03279069767442,3.128615257744718,57_651
O=C(Nc1cccc(-c2cccc(-c3nc4ccccc4[nH]3)c2)c1)Nc1cccc(-c2cccc(F)c2F)c1,-9.918142235123367,3.218592063451191,57_652
O=C(Nc1cccc(-c2cccc(-c3nc4ccccc4[nH]3)c2)c1)Nc1cccc(-c2cccc(F)c2F)c1,-9.918142235123367,3.218592063451191,57_653
O=C(Nc1cccc(-c2cccc(-c3nc4ccccc4[nH]3)c2)c1)Nc1cccc(-c2cccc(F)c2F)c1,-9.918142235123367,3.218592063451191,57_654
O=C(Nc1cccc(-c2cccc(-c3nc4ccccc4[nH]3)c2)c1)Nc1cccc(-c2cccc(F)c2F)c1,-9.918142235123367,3.218592063451191,57_655
O=C(Nc1cccc(-c2cccc(F)c2F)c1)Nc1cccc(-c2cccc(-c3nc4cc(F)ccc4[nH]3)c2F)c1,-10.03279069767442,3.128615257744718,57_656
O=C(Nc1cccc(-c2cccc(-c3nc4ccccc4[nH]3)c2)c1)Nc1cccc(-c2cccc(F)c2F)c1,-9.918142235123367,3.218592063451191,57_657
O=C(Nc1cccc(-c2cccc(-c3nc4ccccc4[nH]3)c2)c1)Nc1cccc(-c2cccc(F)c2F)c1,-9.918142235123367,3.218592063451191,57_658
O=C(Nc1cccc(-c2cccc(-c3nc4ccccc4[nH]3)c2)c1)Nc1cccc(-c2cccc(F)c2F)c1,-9.918142235123367,3.218592063451191,57_659
Cn1c(-c2cccc(-c3cccc(NC(=O)Nc4cccc(-c5cccc(F)c5F)c4)c3)c2)nc2ccccc21,-9.954744525547445,3.216920496534968,57_660
O=C(Nc1cccc(-c2cccc(-c3nc4ccccc4[nH]3)c2)c1)Nc1cccc(-c2cccc(F)c2F)c1,-9.918142235123367,3.218592063451191,57_661
O=C(Nc1cccc(-c2cccc(F)c2F)c1)Nc1cccc(-c2cccc(-c3nc4cc(F)ccc4[nH]3)c2F)c1,-10.03279069767442,3.128615257744718,57_662
O=C(Nc1cccc(-c2cccc(-c3nc4ccccc4[nH]3)c2)c1)Nc1cccc(-c2cccc(F)c2F)c1,-9.918142235123367,3.218592063451191,57_663
O=C(Nc1cccc(-c2cccc(F)c2F)c1)Nc1cccc(-c2cccc(-c3nc4cc(F)ccc4[nH]3)c2F)c1,-10.03279069767442,3.128615257744718,57_664
O=C(Nc1cccc(-c2cccc(-c3nc4ccccc4[nH]3)c2)c1)Nc1cccc(-c2cccc(F)c2F)c1,-9.918142235123367,3.218592063451191,57_665
O=C(Nc1cccc(-c2cccc(-c3nc4ccccc4[nH]3)c2)c1)Nc1cccc(-c2cccc(F)c2F)c1,-9.918142235123367,3.218592063451191,57_666
O=C(Nc1cccc(-c2cccc(-c3nc4ccccc4[nH]3)c2)c1)Nc1cccc(-c2cccc(F)c2F)c1,-9.918142235123367,3.218592063451191,57_667
O=C(Nc1cccc(-c2cccc(-c3nc4ccccc4[nH]3)c2)c1)Nc1cccc(-c2cccc(F)c2F)c1,-9.918142235123367,3.218592063451191,57_668
O=C(Nc1cccc(-c2cccc(-c3nc4ccccc4[nH]3)c2)c1)Nc1cccc(-c2cccc(F)c2F)c1,-9.918142235123367,3.218592063451191,57_669
O=C(Nc1cccc(-c2cccc(-c3nc4ccccc4[nH]3)c2)c1)Nc1cccc(-c2cccc(F)c2F)c1,-9.918142235123367,3.218592063451191,57_670
O=C(Nc1cccc(-c2cccc(F)c2F)c1)Nc1cccc(-c2cccc(-c3nc4cc(F)ccc4[nH]3)c2F)c1,-10.03279069767442,3.128615257744718,57_671
O=C(Nc1cccc(-c2cccc(-c3nc4ccccc4[nH]3)c2)c1)Nc1cccc(-c2cccc(F)c2F)c1,-9.918142235123367,3.218592063451191,57_672
O=C(Nc1cccc(-c2cccc(-c3nc4ccccc4[nH]3)c2)c1)Nc1cccc(-c2cccc(F)c2F)c1,-9.918142235123367,3.218592063451191,57_673
O=C(Nc1cccc(-c2cccc(-c3nc4ccccc4[nH]3)c2)c1)Nc1cccc(-c2cccc(F)c2F)c1,-9.918142235123367,3.218592063451191,57_674
O=C(Nc1cccc(-c2cccc(-c3nc4ccccc4[nH]3)c2)c1)Nc1cccc(-c2cccc(F)c2F)c1,-9.918142235123367,3.218592063451191,57_675
O=C(Nc1cccc(-c2cccc(-c3nc4ccccc4[nH]3)c2)c1)Nc1cccc(-c2cccc(F)c2F)c1,-9.918142235123367,3.218592063451191,57_676
O=C(Nc1cccc(-c2cccc(F)c2F)c1)Nc1cccc(-c2cccc(-c3nc4cc(F)ccc4[nH]3)c2F)c1,-10.03279069767442,3.128615257744718,57_677
O=C(Nc1cccc(-c2cccc(-c3nc4ccccc4[nH]3)c2)c1)Nc1cccc(-c2cccc(F)c2F)c1,-9.918142235123367,3.218592063451191,57_678
O=C(Nc1cccc(-c2cccc(-c3nc4ccccc4[nH]3)c2)c1)Nc1cccc(-c2cccc(F)c2F)c1,-9.918142235123367,3.218592063451191,57_679
O=C(Nc1cccc(-c2cccc(-c3nc4ccccc4[nH]3)c2)c1)Nc1cccc(-c2cccc(F)c2F)c1,-9.918142235123367,3.218592063451191,57_680
O=C(Nc1cccc(-c2cccc(F)c2F)c1)Nc1cccc(-c2cccc(-c3nc4cc(F)ccc4[nH]3)c2F)c1,-10.03279069767442,3.128615257744718,57_681
O=C(Nc1cccc(-c2cccc(-c3nc4ccccc4[nH]3)c2)c1)Nc1cccc(-c2cccc(F)c2F)c1,-9.918142235123367,3.218592063451191,57_682
O=C(Nc1cccc(-c2cccc(-c3nc4ccccc4[nH]3)c2)c1)Nc1cccc(-c2cccc(F)c2F)c1,-9.918142235123367,3.218592063451191,57_683
O=C(c1cccc(-c2cccc(-c3cccc4ccccc34)c2)c1)N1CCN(C(=O)c2cccc(F)c2F)CC1,-9.55,3.2507959847575894,57_684
O=C(Nc1cccc(-c2cccc(-c3nc4ccccc4[nH]3)c2)c1)Nc1cccc(-c2cccc(F)c2F)c1,-9.918142235123367,3.218592063451191,57_686
O=C(Nc1cccc(-c2cccc(-c3nc4ccccc4[nH]3)c2)c1)Nc1cccc(-c2cccc(F)c2F)c1,-9.918142235123367,3.218592063451191,57_687
O=C(Nc1cccc(-c2cccc(-c3nc4ccccc4[nH]3)c2)c1)Nc1cccc(-c2cccc(F)c2F)c1,-9.918142235123367,3.218592063451191,57_688
O=C(Nc1cccc(-c2cccc(-c3nc4ccccc4[nH]3)c2)c1)Nc1cccc(-c2cccc(F)c2F)c1,-9.918142235123367,3.218592063451191,57_689
O=C(Nc1cccc(-c2cccc(-c3nc4ccccc4[nH]3)c2)c1)Nc1cccc(-c2cccc(F)c2F)c1,-9.918142235123367,3.218592063451191,57_690
O=C(Nc1cccc(-c2cccc(-c3nc4ccccc4[nH]3)c2)c1)Nc1cccc(-c2cccc(F)c2F)c1,-9.918142235123367,3.218592063451191,57_691
O=C(Nc1cccc(-c2cccc(-c3nc4ccccc4[nH]3)c2)c1)Nc1cccc(-c2cccc(F)c2F)c1,-9.918142235123367,3.218592063451191,57_692
O=C(Nc1cccc(-c2cccc(-c3nc4ccccc4[nH]3)c2)c1)Nc1cccc(-c2cccc(F)c2F)c1,-9.918142235123367,3.218592063451191,57_693
O=C(Nc1cccc2cccnc12)c1cccc(-c2cccc(-c3cccc(-c4cccc(-c5c[nH]nn5)c4)c3)c2)c1,-9.8,3.28795416791702,57_694
O=C(Nc1cccc(-c2cccc(F)c2F)c1)Nc1cccc(-c2cccc(-c3nc4cc(F)ccc4[nH]3)c2F)c1,-10.03279069767442,3.128615257744718,57_695
O=C(Nc1cccc(-c2cccc(-c3nc4ccccc4[nH]3)c2)c1)Nc1cccc(-c2cccc(F)c2F)c1,-9.918142235123367,3.218592063451191,57_696
O=C(Nc1cccc(-c2cccc(F)c2F)c1)Nc1cccc(-c2cccc(-c3nc4cc(F)ccc4[nH]3)c2F)c1,-10.03279069767442,3.128615257744718,57_697
O=C(Nc1cccc(-c2cccc(-c3nc4ccccc4[nH]3)c2)c1)Nc1cccc(-c2cccc(F)c2F)c1,-9.918142235123367,3.218592063451191,57_698
O=C(Nc1cccc(-c2cccc(-c3nc4ccccc4[nH]3)c2)c1)Nc1cccc(-c2cccc(F)c2F)c1,-9.918142235123367,3.218592063451191,57_699
O=C(Nc1cccc(-c2cccc(-c3nc4ccccc4[nH]3)c2)c1)Nc1cccc(-c2cccc(F)c2F)c1,-9.918142235123367,3.218592063451191,57_700
O=C(Nc1cccc(-c2cccc(-c3nc4ccccc4[nH]3)c2)c1)Nc1cccc(-c2cccc(F)c2F)c1,-9.918142235123367,3.218592063451191,57_701
O=C(Nc1cccc(-c2cccc(F)c2F)c1)Nc1cccc(-c2cccc(-c3nc4cc(F)ccc4[nH]3)c2F)c1,-10.03279069767442,3.128615257744718,57_702
O=C(Nc1cccc(-c2cccc(-c3nc4ccccc4[nH]3)c2)c1)Nc1cccc(-c2cccc(F)c2F)c1,-9.918142235123367,3.218592063451191,57_703
O=C(Nc1cccc(-c2cccc(F)c2F)c1)Nc1cccc(-c2cccc(-c3nc4cc(F)ccc4[nH]3)c2F)c1,-10.03279069767442,3.128615257744718,57_704
O=C(Nc1cccc(-c2cccc(F)c2F)c1)Nc1cccc(-c2cccc(-c3nc4cc(F)ccc4[nH]3)c2F)c1,-10.03279069767442,3.128615257744718,57_705
O=C(Nc1cccc(-c2cccc(-c3nc4ccccc4[nH]3)c2)c1)Nc1cccc(-c2cccc(F)c2F)c1,-9.918142235123367,3.218592063451191,57_706
Cn1c(-c2cccc(-c3cccc(NC(=O)Nc4cccc(-c5cccc(F)c5)c4)c3)c2)nc2ccccc21,-9.2,3.211589862292562,57_707
Cn1c(-c2cccc(-c3cccc(NC(=O)Nc4cccc(-c5cccc(F)c5F)c4)c3)c2)nc2ccccc21,-9.954744525547445,3.216920496534968,57_708
O=C(Nc1cccc(-c2cccc(F)c2F)c1)Nc1cccc(-c2cccc(-c3nc4cc(F)ccc4[nH]3)c2F)c1,-10.03279069767442,3.128615257744718,57_709
O=C(Nc1cccc(-c2cccc(-c3nc4ccccc4[nH]3)c2)c1)Nc1cccc(-c2cccc(F)c2F)c1,-9.918142235123367,3.218592063451191,57_710
O=C(Nc1cccc(-c2cccc(F)c2F)c1)Nc1cccc(-c2cccc(-c3nc4cc(F)ccc4[nH]3)c2F)c1,-10.03279069767442,3.128615257744718,57_711
O=C(Nc1cccc(-c2cccc(F)c2F)c1)Nc1cccc(-c2cccc(-c3nc4cc(F)ccc4[nH]3)c2F)c1,-10.03279069767442,3.128615257744718,57_712
O=C(Nc1cccc(-c2cccc(-c3nc4ccccc4[nH]3)c2)c1)Nc1cccc(-c2cccc(F)c2F)c1,-9.918142235123367,3.218592063451191,57_713
O=C(Nc1cccc(-c2cccc(-c3nc4ccccc4[nH]3)c2)c1)Nc1cccc(-c2cccc(F)c2F)c1,-9.918142235123367,3.218592063451191,57_714
O=C(Nc1cccc(-c2cccc(-c3nc4ccccc4[nH]3)c2)c1)Nc1cccc(-c2cccc(F)c2F)c1,-9.918142235123367,3.218592063451191,57_715
O=C(Nc1cccc(-c2cccc(-c3nc4ccccc4[nH]3)c2)c1)Nc1cccc(-c2cccc(F)c2F)c1,-9.918142235123367,3.218592063451191,57_716
O=C(Nc1cccc(-c2cccc(-c3nc4ccccc4[nH]3)c2)c1)Nc1cccc(-c2cccc(F)c2F)c1,-9.918142235123367,3.218592063451191,57_717
O=C(Nc1cccc(-c2cccc(F)c2F)c1)Nc1cccc(-c2cccc(-c3nc4cc(F)ccc4[nH]3)c2F)c1,-10.03279069767442,3.128615257744718,57_718
O=C(Nc1cccc(-c2cccc(-c3nc4ccccc4[nH]3)c2)c1)Nc1cccc(-c2cccc(F)c2F)c1,-9.918142235123367,3.218592063451191,57_719
O=C(Nc1cccc(-c2cccc(-c3nc4ccccc4[nH]3)c2)c1)Nc1cccc(-c2cccc(F)c2F)c1,-9.918142235123367,3.218592063451191,57_720
O=C(Nc1cccc(-c2cccc(F)c2F)c1)Nc1cccc(-c2cccc(-c3nc4cc(F)ccc4[nH]3)c2F)c1,-10.03279069767442,3.128615257744718,57_721
O=C(Nc1cccc(-c2cccc(-c3nc4cc(F)ccc4[nH]3)c2)c1)Nc1cccc(-c2cccc(F)c2F)c1,-9.31111111111111,3.1875244530828533,57_722
O=C(Nc1cccc(-c2cccc(-c3nc4ccccc4[nH]3)c2)c1)Nc1cccc(-c2cccc(F)c2F)c1,-9.918142235123367,3.218592063451191,57_723
O=C(Nc1cccc(-c2cccc(-c3nc4ccccc4[nH]3)c2)c1)Nc1cccc(-c2cccc(F)c2F)c1,-9.918142235123367,3.218592063451191,57_724
O=C(Nc1cccc(-c2cccc(-c3nc4ccccc4[nH]3)c2)c1)Nc1cccc(-c2cccc(F)c2F)c1,-9.918142235123367,3.218592063451191,57_725
O=C(Nc1cccc(-c2cccc(-c3nc4ccccc4[nH]3)c2)c1)Nc1cccc(-c2cccc(F)c2F)c1,-9.918142235123367,3.218592063451191,57_726
O=C(Nc1cccc(-c2cccc(-c3nc4ccccc4[nH]3)c2)c1)Nc1cccc(-c2cccc(F)c2F)c1,-9.918142235123367,3.218592063451191,57_727
O=C(Nc1cccc(-c2cccc(-c3nc4ccccc4[nH]3)c2)c1)Nc1cccc(-c2cccc(F)c2F)c1,-9.918142235123367,3.218592063451191,57_728
O=C(Nc1cccc(-c2cccc(-c3nc4ccccc4[nH]3)c2)c1)Nc1cccc(-c2cccc(F)c2F)c1,-9.918142235123367,3.218592063451191,57_729
O=C(Nc1cccc(-c2cccc(-c3nc4ccccc4[nH]3)c2)c1)Nc1cccc(-c2cccc(F)c2F)c1,-9.918142235123367,3.218592063451191,57_730
O=C(Nc1cccc(-c2cccc(-c3nc4ccccc4[nH]3)c2)c1)Nc1cccc(-c2cccc(F)c2F)c1,-9.918142235123367,3.218592063451191,57_731
O=C(Nc1cccc(-c2cccc(-c3nc4ccccc4[nH]3)c2)c1)Nc1cccc(-c2cccc(F)c2F)c1,-9.918142235123367,3.218592063451191,57_732
O=C(Nc1cccc(-c2cccc(-c3nc4ccccc4[nH]3)c2)c1)Nc1cccc(-c2cccc(F)c2F)c1,-9.918142235123367,3.218592063451191,57_733
O=C(Nc1cccc(-c2cccc(-c3nc4ccccc4[nH]3)c2)c1)Nc1cccc(-c2cccc(F)c2F)c1,-9.918142235123367,3.218592063451191,57_734
Cn1c(-c2cccc(-c3cccc(NC(=O)Nc4cccc(-c5cccc(F)c5F)c4)c3)c2)nc2ccccc21,-9.954744525547445,3.216920496534968,57_735
O=C(Nc1cccc(-c2cccc(F)c2F)c1)Nc1cccc(-c2cccc(-c3nc4cc(F)ccc4[nH]3)c2F)c1,-10.03279069767442,3.128615257744718,57_736
O=C(Nc1cccc(-c2cccc(-c3nc4ccccc4[nH]3)c2)c1)Nc1cccc(-c2cccc(F)c2F)c1,-9.918142235123367,3.218592063451191,57_737
O=C(Nc1cccc(-c2cccc(-c3nc4ccccc4[nH]3)c2)c1)Nc1cccc(-c2cccc(F)c2F)c1,-9.918142235123367,3.218592063451191,57_738
O=C(Nc1cccc(-c2cccc(-c3nc4ccccc4[nH]3)c2)c1)Nc1cccc(-c2cccc(F)c2F)c1,-9.918142235123367,3.218592063451191,57_739
O=C(Nc1cccc(-c2cccc(-c3nc4ccccc4[nH]3)c2)c1)Nc1cccc(-c2cccc(F)c2F)c1,-9.918142235123367,3.218592063451191,57_740
O=C(Nc1cccc(-c2cccc(-c3nc4ccccc4[nH]3)c2)c1)Nc1cccc(-c2cccc(F)c2F)c1,-9.918142235123367,3.218592063451191,57_741
O=C(Nc1cccc(-c2cccc(-c3nc4ccccc4[nH]3)c2)c1)Nc1cccc(-c2cccc(F)c2F)c1,-9.918142235123367,3.218592063451191,57_742
O=C(Nc1cccc(-c2cccc(-c3nc4ccccc4[nH]3)c2)c1)Nc1cccc(-c2cccc(F)c2F)c1,-9.918142235123367,3.218592063451191,57_743
O=C(Nc1cccc(-c2cccc(-c3nc4ccccc4[nH]3)c2)c1)Nc1cccc(-c2cccc(F)c2F)c1,-9.918142235123367,3.218592063451191,57_744
O=C(Nc1cccc(-c2cccc(F)c2F)c1)N1C=CC=CC(c2cccc(-c3nc4cc(F)ccc4[nH]3)c2)=C1,-9.71,2.2987853633063597,57_745
O=C(Nc1cccc(-c2cccc(-c3nc4ccccc4[nH]3)c2)c1)Nc1cccc(-c2cccc(F)c2F)c1,-9.918142235123367,3.218592063451191,57_746
O=C(Nc1cccc(-c2cccc(F)c2F)c1)Nc1cccc(-c2cccc(-c3nc4cc(F)ccc4[nH]3)c2F)c1,-10.03279069767442,3.128615257744718,57_747
O=C(Nc1cccc(-c2cccc(-c3nc4ccccc4[nH]3)c2)c1)Nc1cccc(-c2cccc(F)c2F)c1,-9.918142235123367,3.218592063451191,57_748
O=C(Nc1cccc(-c2cccc(-c3nc4ccccc4[nH]3)c2)c1)Nc1cccc(-c2cccc(F)c2F)c1,-9.918142235123367,3.218592063451191,57_749
Cn1c(-c2cccc(-c3cccc(NC(=O)Nc4cccc(-c5cccc(F)c5F)c4)c3)c2)nc2ccccc21,-9.954744525547445,3.216920496534968,57_750
O=C(Nc1cccc(-c2cccc(-c3nc4ccccc4[nH]3)c2)c1)Nc1cccc(-c2cccc(F)c2F)c1,-9.918142235123367,3.218592063451191,57_751
O=C(Nc1cccc(-c2cccc(-c3nc4ccccc4[nH]3)c2)c1)Nc1cccc(-c2cccc(F)c2F)c1,-9.918142235123367,3.218592063451191,57_752
O=C(Nc1cccc(-c2cccc(-c3nc4ccccc4[nH]3)c2)c1)Nc1cccc(-c2cccc(F)c2F)c1,-9.918142235123367,3.218592063451191,57_753
O=C(Nc1cccc(-c2cccc(-c3nc4ccccc4[nH]3)c2)c1)Nc1cccc(-c2cccc(F)c2F)c1,-9.918142235123367,3.218592063451191,57_754
O=C(Nc1cccc(-c2cccc(-c3nc4ccccc4[nH]3)c2)c1)Nc1cccc(-c2cccc(F)c2F)c1,-9.918142235123367,3.218592063451191,57_755
O=C(Nc1cccc(-c2cccc(F)c2F)c1)Nc1cccc(-c2cccc(-c3nc4cc(F)ccc4[nH]3)c2F)c1,-10.03279069767442,3.128615257744718,57_756
O=C(Nc1cccc(-c2cccc(-c3nc4ccccc4[nH]3)c2)c1)Nc1cccc(-c2cccc(F)c2F)c1,-9.918142235123367,3.218592063451191,57_757
Cn1c(-c2cccc(-c3cccc(NC(=O)Nc4cccc(-c5cccc(F)c5F)c4)c3)c2)nc2ccccc21,-9.954744525547445,3.216920496534968,57_758
O=C(Nc1cccc(-c2cccc(F)c2F)c1)Nc1cccc(-c2cccc(-c3nc4cc(F)ccc4[nH]3)c2F)c1,-10.03279069767442,3.128615257744718,57_759
O=C(Nc1cccc(-c2cccc(-c3nc4ccccc4[nH]3)c2)c1)Nc1cccc(-c2cccc(F)c2F)c1,-9.918142235123367,3.218592063451191,57_760
O=C(Nc1cccc(-c2cccc(-c3nc4ccccc4[nH]3)c2)c1)Nc1cccc(-c2cccc(F)c2F)c1,-9.918142235123367,3.218592063451191,57_761
O=C(Nc1cccc(-c2cccc(-c3nc4ccccc4[nH]3)c2)c1)Nc1cccc(-c2cccc(F)c2F)c1,-9.918142235123367,3.218592063451191,57_762
O=C(Nc1cccc(-c2cccc(F)c2F)c1)Nc1cccc(-c2cccc(-c3nc4cc(F)ccc4[nH]3)c2F)c1,-10.03279069767442,3.128615257744718,57_763
O=C(Nc1cccc(-c2cccc(-c3nc4ccccc4[nH]3)c2)c1)Nc1cccc(-c2cccc(F)c2F)c1,-9.918142235123367,3.218592063451191,57_764
O=C(Nc1cccc(-c2cccc(-c3nc4ccccc4[nH]3)c2)c1)Nc1cccc(-c2cccc(F)c2F)c1,-9.918142235123367,3.218592063451191,57_765
O=C(Nc1cccc(-c2cccc(-c3nc4ccccc4[nH]3)c2)c1)Nc1cccc(-c2cccc(F)c2F)c1,-9.918142235123367,3.218592063451191,57_766
O=C(Nc1cccc(-c2cccc(F)c2F)c1)Nc1cccc(-c2cccc(-c3nc4cc(F)ccc4[nH]3)c2F)c1,-10.03279069767442,3.128615257744718,57_767
O=C(Nc1cccc(-c2cccc(-c3nc4ccccc4[nH]3)c2)c1)Nc1cccc(-c2cccc(F)c2F)c1,-9.918142235123367,3.218592063451191,57_768
O=C(Nc1cccc(-c2cccc(-c3nc4ccccc4[nH]3)c2)c1)Nc1cccc(-c2cccc(F)c2F)c1,-9.918142235123367,3.218592063451191,57_769
O=C(Nc1cccc(-c2cccc(-c3nc4ccccc4[nH]3)c2)c1)Nc1cccc(-c2cccc(F)c2F)c1,-9.918142235123367,3.218592063451191,57_770
O=C(Nc1cccc(-c2cccc(-c3nc4ccccc4[nH]3)c2)c1)Nc1cccc(-c2cccc(F)c2F)c1,-9.918142235123367,3.218592063451191,57_771
O=C(Nc1cccc(-c2cccc(F)c2F)c1)N1C=CC=CC(c2cccc(-c3nc4cc(F)ccc4[nH]3)c2)=C1,-9.71,2.2987853633063597,57_772
O=C(Nc1cccc(-c2cccc(-c3nc4ccccc4[nH]3)c2)c1)Nc1cccc(-c2cccc(F)c2F)c1,-9.918142235123367,3.218592063451191,57_773
O=C(Nc1cccc(-c2cccc(F)c2F)c1)Nc1cccc(-c2cccc(-c3nc4cc(F)ccc4[nH]3)c2F)c1,-10.03279069767442,3.128615257744718,57_774
O=C(Nc1cccc(-c2cccc(-c3nc4ccccc4[nH]3)c2)c1)Nc1cccc(-c2cccc(F)c2F)c1,-9.918142235123367,3.218592063451191,57_775
O=C(Nc1cccc(-c2cccc(-c3nc4ccccc4[nH]3)c2)c1)Nc1cccc(-c2cccc(F)c2F)c1,-9.918142235123367,3.218592063451191,57_776
O=C(Nc1cccc(-c2cccc(-c3nc4ccccc4[nH]3)c2)c1)Nc1cccc(-c2cccc(F)c2F)c1,-9.918142235123367,3.218592063451191,57_777
O=C(Nc1cccc(-c2cccc(-c3nc4ccccc4[nH]3)c2)c1)Nc1cccc(-c2cccc(F)c2F)c1,-9.918142235123367,3.218592063451191,57_778
O=C(Nc1cccc(-c2cccc(-c3nc4ccccc4[nH]3)c2)c1)Nc1cccc(-c2cccc(F)c2F)c1,-9.918142235123367,3.218592063451191,57_779
O=C(Nc1cccc(-c2cccc(-c3nc4ccccc4[nH]3)c2)c1)Nc1cccc(-c2cccc(F)c2F)c1,-9.918142235123367,3.218592063451191,57_780
O=C(Nc1cccc(-c2cccc(-c3nc4ccccc4[nH]3)c2)c1)Nc1cccc(-c2cccc(F)c2F)c1,-9.918142235123367,3.218592063451191,57_781
O=C(Nc1cccc(-c2cccc(-c3nc4ccccc4[nH]3)c2)c1)Nc1cccc(-c2cccc(F)c2F)c1,-9.918142235123367,3.218592063451191,57_782
O=C(Nc1cccc(-c2cccc(-c3nc4ccccc4[nH]3)c2)c1)Nc1cccc(-c2cccc(F)c2F)c1,-9.918142235123367,3.218592063451191,57_783
Cn1c(-c2cccc(-c3cccc(NC(=O)Nc4cccc(-c5cccc(F)c5F)c4)c3)c2)nc2ccccc21,-9.954744525547445,3.216920496534968,57_784
O=C(Nc1cccc(-c2cccc(-c3nc4ccccc4[nH]3)c2)c1)Nc1cccc(-c2cccc(F)c2F)c1,-9.918142235123367,3.218592063451191,57_785
Cn1c(-c2cccc(-c3cccc(NC(=O)Nc4cccc(-c5cccc(F)c5F)c4)c3)c2)nc2ccccc21,-9.954744525547445,3.216920496534968,57_786
O=C(Nc1cccc(-c2cccc(-c3nc4ccccc4[nH]3)c2)c1)Nc1cccc(-c2cccc(F)c2F)c1,-9.918142235123367,3.218592063451191,57_787
O=C(Nc1cccc(-c2cccc(-c3nc4ccccc4[nH]3)c2)c1)Nc1cccc(-c2cccc(F)c2F)c1,-9.918142235123367,3.218592063451191,57_788
O=C(Nc1cccc(-c2cccc(F)c2F)c1)Nc1cccc(-c2cccc(-c3nc4cc(F)ccc4[nH]3)c2F)c1,-10.03279069767442,3.128615257744718,57_789
O=C(Nc1cccc(-c2cccc(-c3nc4ccccc4[nH]3)c2)c1)Nc1cccc(-c2cccc(F)c2F)c1,-9.918142235123367,3.218592063451191,57_790
O=C(Nc1cccc(-c2cccc(F)c2F)c1)Nc1cccc(-c2cccc(-c3nc4cc(F)ccc4[nH]3)c2F)c1,-10.03279069767442,3.128615257744718,57_791
O=C(Nc1cccc(-c2cccc(-c3nc4ccccc4[nH]3)c2)c1)Nc1cccc(-c2cccc(F)c2F)c1,-9.918142235123367,3.218592063451191,57_792
O=C(Nc1cccc(-c2cccc(-c3nc4ccccc4[nH]3)c2)c1)Nc1cccc(-c2cccc(F)c2F)c1,-9.918142235123367,3.218592063451191,57_793
O=C(Nc1cccc(-c2cccc(-c3nc4ccccc4[nH]3)c2)c1)Nc1cccc(-c2cccc(F)c2F)c1,-9.918142235123367,3.218592063451191,57_794
O=C(Nc1cccc(-c2cccc(-c3nc4ccccc4[nH]3)c2)c1)Nc1cccc(-c2cccc(F)c2F)c1,-9.918142235123367,3.218592063451191,57_795
O=C(Nc1cccc(-c2cccc(F)c2F)c1)Nc1cccc(-c2cccc(-c3nc4cc(F)ccc4[nH]3)c2F)c1,-10.03279069767442,3.128615257744718,57_796
O=C(Nc1cccc(-c2cccc(-c3nc4ccccc4[nH]3)c2)c1)Nc1cccc(-c2cccc(F)c2F)c1,-9.918142235123367,3.218592063451191,57_797
Cn1c(-c2cccc(-c3cccc(NC(=O)Nc4cccc(-c5cccc(F)c5F)c4)c3)c2)nc2ccccc21,-9.954744525547445,3.216920496534968,57_798
O=C(Nc1cccc(-c2cccc(-c3nc4ccccc4[nH]3)c2)c1)Nc1cccc(-c2cccc(F)c2F)c1,-9.918142235123367,3.218592063451191,57_799
O=C(Nc1cccc(-c2cccc(-c3nc4ccccc4[nH]3)c2)c1)Nc1cccc(-c2cccc(F)c2F)c1,-9.918142235123367,3.218592063451191,57_800
O=C(Nc1cccc(-c2cccc(-c3nc4ccccc4[nH]3)c2)c1)Nc1cccc(-c2cccc(F)c2F)c1,-9.918142235123367,3.218592063451191,57_801
O=C(Nc1cccc(-c2cccc(-c3nc4ccccc4[nH]3)c2)c1)Nc1cccc(-c2cccc(F)c2F)c1,-9.918142235123367,3.218592063451191,57_802
O=C(Nc1cccc(-c2cccc(-c3nc4ccccc4[nH]3)c2)c1)Nc1cccc(-c2cccc(F)c2F)c1,-9.918142235123367,3.218592063451191,57_803
O=C(Nc1cccc(-c2cccc(-c3nc4ccccc4[nH]3)c2)c1)Nc1cccc(-c2cccc(F)c2F)c1,-9.918142235123367,3.218592063451191,57_804
O=C(Nc1cccc(-c2cccc(F)c2F)c1)Nc1cccc(-c2cccc(-c3nc4cc(F)ccc4[nH]3)c2F)c1,-10.03279069767442,3.128615257744718,57_805
O=C(Nc1cccc(-c2cccc(-c3nc4ccccc4[nH]3)c2)c1)Nc1cccc(-c2cccc(F)c2F)c1,-9.918142235123367,3.218592063451191,57_806
O=C(Nc1cccc(-c2cccc(-c3nc4ccccc4[nH]3)c2)c1)Nc1cccc(-c2cccc(F)c2F)c1,-9.918142235123367,3.218592063451191,57_807
O=C(Nc1cccc(-c2cccc(-c3nc4ccccc4[nH]3)c2)c1)Nc1cccc(-c2cccc(F)c2F)c1,-9.918142235123367,3.218592063451191,57_808
O=C(Nc1cccc(-c2cccc(F)c2F)c1)Nc1cccc(-c2cccc(-c3nc4cc(F)ccc4[nH]3)c2F)c1,-10.03279069767442,3.128615257744718,57_809
O=C(Nc1cccc(-c2cccc(F)c2F)c1)Nc1cccc(-c2cccc(-c3nc4cc(F)ccc4[nH]3)c2F)c1,-10.03279069767442,3.128615257744718,57_810
O=C(Nc1cccc(-c2cccc(-c3nc4ccccc4[nH]3)c2)c1)Nc1cccc(-c2cccc(F)c2F)c1,-9.918142235123367,3.218592063451191,57_811
Cn1c(-c2cccc(-c3cccc(NC(=O)Nc4cccc(-c5cccc(F)c5F)c4)c3)c2)nc2ccccc21,-9.954744525547445,3.216920496534968,57_812
O=C(Nc1cccc(-c2cccc(F)c2F)c1)Nc1cccc(-c2cccc(-c3nc4cc(F)ccc4[nH]3)c2F)c1,-10.03279069767442,3.128615257744718,57_813
Cn1c(-c2cccc(-c3cccc(NC(=O)Nc4cccc(-c5cccc(F)c5F)c4)c3)c2)nc2ccccc21,-9.954744525547445,3.216920496534968,57_814
O=C(Nc1cccc(-c2cccc(-c3nc4ccccc4[nH]3)c2)c1)Nc1cccc(-c2cccc(F)c2F)c1,-9.918142235123367,3.218592063451191,57_815
O=C(Nc1cccc(-c2cccc(-c3nc4ccccc4[nH]3)c2)c1)Nc1cccc(-c2cccc(F)c2F)c1,-9.918142235123367,3.218592063451191,57_816
O=C(Nc1cccc(-c2cccc(-c3nc4ccccc4[nH]3)c2)c1)Nc1cccc(-c2cccc(F)c2F)c1,-9.918142235123367,3.218592063451191,57_817
O=C(Nc1cccc(-c2cccc(-c3nc4ccccc4[nH]3)c2)c1)Nc1cccc(-c2cccc(F)c2F)c1,-9.918142235123367,3.218592063451191,57_818
O=C(Nc1cccc(-c2cccc(-c3nc4ccccc4[nH]3)c2)c1)Nc1cccc(-c2cccc(F)c2F)c1,-9.918142235123367,3.218592063451191,57_819
O=C(Nc1cccc(-c2cccc(-c3nc4ccccc4[nH]3)c2)c1)Nc1cccc(-c2cccc(F)c2F)c1,-9.918142235123367,3.218592063451191,57_820
Cn1c(-c2cccc(-c3cccc(NC(=O)Nc4cccc(-c5cccc(F)c5F)c4)c3)c2)nc2ccccc21,-9.954744525547445,3.216920496534968,57_821
O=C(Nc1cccc(-c2cccc(-c3nc4ccccc4[nH]3)c2)c1)Nc1cccc(-c2cccc(F)c2F)c1,-9.918142235123367,3.218592063451191,57_822
O=C(Nc1cccc(-c2cccc(-c3nc4ccccc4[nH]3)c2)c1)Nc1cccc(-c2cccc(F)c2F)c1,-9.918142235123367,3.218592063451191,57_823
O=C(Nc1cccc(-c2cccc(-c3nc4ccccc4[nH]3)c2)c1)Nc1cccc(-c2cccc(F)c2F)c1,-9.918142235123367,3.218592063451191,57_824
O=C(Nc1cccc(-c2cccc(F)c2F)c1)Nc1cccc(-c2cccc(-c3nc4cc(F)ccc4[nH]3)c2F)c1,-10.03279069767442,3.128615257744718,57_825
Cn1c(-c2cccc(-c3cccc(NC(=O)Nc4cccc(-c5cccc(F)c5F)c4)c3)c2)nc2ccccc21,-9.954744525547445,3.216920496534968,57_826
O=C(Nc1cccc(-c2cccc(-c3nc4ccccc4[nH]3)c2)c1)Nc1cccc(-c2cccc(F)c2F)c1,-9.918142235123367,3.218592063451191,57_827
O=C(Nc1cccc(-c2cccc(-c3nc4ccccc4[nH]3)c2)c1)Nc1cccc(-c2cccc(F)c2F)c1,-9.918142235123367,3.218592063451191,57_828
O=C(Nc1cccc(-c2cccc(F)c2F)c1)Nc1cccc(-c2cccc(-c3nc4cc(F)ccc4[nH]3)c2F)c1,-10.03279069767442,3.128615257744718,57_829
O=C(Nc1cccc(-c2cccc(F)c2F)c1)Nc1cccc(-c2cccc(-c3nc4cc(F)ccc4[nH]3)c2F)c1,-10.03279069767442,3.128615257744718,57_830
O=C(Nc1cccc(-c2cccc(-c3nc4ccccc4[nH]3)c2)c1)Nc1cccc(-c2cccc(F)c2F)c1,-9.918142235123367,3.218592063451191,57_831
O=C(Nc1cccc(-c2cccc(-c3nc4ccccc4[nH]3)c2)c1)Nc1cccc(-c2cccc(F)c2F)c1,-9.918142235123367,3.218592063451191,57_832
O=C(Nc1cccc(-c2cccc(-c3nc4ccccc4[nH]3)c2)c1)Nc1cccc(-c2cccc(F)c2F)c1,-9.918142235123367,3.218592063451191,57_833
O=C(Nc1cccc(-c2cccc(-c3nc4ccccc4[nH]3)c2)c1)Nc1cccc(-c2cccc(F)c2F)c1,-9.918142235123367,3.218592063451191,57_834
O=C(Nc1cccc(-c2cccc(-c3nc4ccccc4[nH]3)c2)c1)Nc1cccc(-c2cccc(F)c2F)c1,-9.918142235123367,3.218592063451191,57_835
O=C(Nc1cccc(-c2cccc(-c3nc4ccccc4[nH]3)c2)c1)Nc1cccc(-c2cccc(F)c2F)c1,-9.918142235123367,3.218592063451191,57_836
O=C(Nc1cccc(-c2cccc(-c3nc4ccccc4[nH]3)c2)c1)Nc1cccc(-c2cccc(F)c2F)c1,-9.918142235123367,3.218592063451191,57_837
O=C(Nc1cccc(-c2cccc(-c3nc4ccccc4[nH]3)c2)c1)Nc1cccc(-c2cccc(F)c2F)c1,-9.918142235123367,3.218592063451191,57_838
O=C(Nc1cccc(-c2cccc(F)c2F)c1)Nc1cccc(-c2cccc(-c3nc4cc(F)ccc4[nH]3)c2F)c1,-10.03279069767442,3.128615257744718,57_839
O=C(Nc1cccc(-c2cccc(-c3nc4ccccc4[nH]3)c2)c1)Nc1cccc(-c2cccc(F)c2F)c1,-9.918142235123367,3.218592063451191,57_840
Cn1c(-c2cccc(-c3cccc(NC(=O)Nc4cccc(-c5cccc(F)c5F)c4)c3)c2)nc2ccccc21,-9.954744525547445,3.216920496534968,57_841
O=C(Nc1cccc(-c2cccc(-c3nc4ccccc4[nH]3)c2)c1)Nc1cccc(-c2cccc(F)c2F)c1,-9.918142235123367,3.218592063451191,57_842
O=C(Nc1cccc(-c2cccc(-c3nc4ccccc4[nH]3)c2)c1)Nc1cccc(-c2cccc(F)c2F)c1,-9.918142235123367,3.218592063451191,57_843
O=C(Nc1cccc(-c2cccc(F)c2F)c1)Nc1cccc(-c2cccc(-c3nc4cc(F)ccc4[nH]3)c2F)c1,-10.03279069767442,3.128615257744718,57_844
O=C(Nc1cccc(-c2cccc(-c3nc4ccccc4[nH]3)c2)c1)Nc1cccc(-c2cccc(F)c2F)c1,-9.918142235123367,3.218592063451191,57_845
O=C(Nc1cccc(-c2cccc(-c3nc4ccccc4[nH]3)c2)c1)Nc1cccc(-c2cccc(F)c2F)c1,-9.918142235123367,3.218592063451191,57_846
O=C(Nc1cccc(-c2cccc(-c3nc4ccccc4[nH]3)c2)c1)Nc1cccc(-c2cccc(F)c2F)c1,-9.918142235123367,3.218592063451191,57_847
O=C(Nc1cccc(-c2cccc(-c3nc4ccccc4[nH]3)c2)c1)Nc1cccc(-c2cccc(F)c2F)c1,-9.918142235123367,3.218592063451191,57_848
O=C(Nc1cccc(-c2cccc(-c3nc4ccccc4[nH]3)c2)c1)Nc1cccc(-c2cccc(F)c2F)c1,-9.918142235123367,3.218592063451191,57_849
O=C(Nc1cccc(-c2cccc(F)c2F)c1)Nc1cccc(-c2cccc(-c3nc4cc(F)ccc4[nH]3)c2F)c1,-10.03279069767442,3.128615257744718,57_850
O=C(Nc1cccc(-c2cccc(F)c2F)c1)Nc1cccc(-c2cccc(-c3nc4cc(F)ccc4[nH]3)c2F)c1,-10.03279069767442,3.128615257744718,57_851
O=C(Nc1cccc(-c2cccc(-c3nc4ccccc4[nH]3)c2)c1)Nc1cccc(-c2cccc(F)c2F)c1,-9.918142235123367,3.218592063451191,57_852
O=C(Nc1cccc(-c2cccc(F)c2F)c1)Nc1cccc(-c2cccc(-c3nc4cc(F)ccc4[nH]3)c2F)c1,-10.03279069767442,3.128615257744718,57_853
O=C(Nc1cccc(-c2cccc(-c3nc4ccccc4[nH]3)c2)c1)Nc1cccc(-c2cccc(F)c2F)c1,-9.918142235123367,3.218592063451191,57_854
O=C(Nc1cccc(-c2cccc(-c3nc4ccccc4[nH]3)c2)c1)Nc1cccc(-c2cccc(F)c2F)c1,-9.918142235123367,3.218592063451191,57_855
O=C(Nc1cccc(-c2cccc(F)c2F)c1)Nc1cccc(-c2cccc(-c3nc4cc(F)ccc4[nH]3)c2F)c1,-10.03279069767442,3.128615257744718,57_856
O=C(Nc1cccc(-c2cccc(F)c2F)c1)Nc1cccc(-c2cccc(-c3nc4cc(F)ccc4[nH]3)c2F)c1,-10.03279069767442,3.128615257744718,57_857
O=C(Nc1cccc(-c2cccc(-c3nc4ccccc4[nH]3)c2)c1)Nc1cccc(-c2cccc(F)c2F)c1,-9.918142235123367,3.218592063451191,57_858
O=C(Nc1cccc(-c2cccc(-c3nc4ccccc4[nH]3)c2)c1)Nc1cccc(-c2cccc(F)c2F)c1,-9.918142235123367,3.218592063451191,57_859
O=C(Nc1cccc(-c2cccc(-c3nc4ccccc4[nH]3)c2)c1)Nc1cccc(-c2cccc(F)c2F)c1,-9.918142235123367,3.218592063451191,57_860
O=C(Nc1cccc(-c2cccc(F)c2F)c1)Nc1cccc(-c2cccc(-c3nc4cc(F)ccc4[nH]3)c2F)c1,-10.03279069767442,3.128615257744718,57_861
Cn1c(-c2cccc(-c3cccc(NC(=O)Nc4cccc(-c5cccc(F)c5F)c4)c3)c2)nc2ccccc21,-9.954744525547445,3.216920496534968,57_862
Cn1c(-c2cccc(-c3cccc(NC(=O)Nc4cccc(-c5cccc(F)c5F)c4)c3)c2)nc2ccccc21,-9.954744525547445,3.216920496534968,57_863
O=C(Nc1cccc(-c2cccc(-c3nc4ccccc4[nH]3)c2)c1)Nc1cccc(-c2cccc(F)c2F)c1,-9.918142235123367,3.218592063451191,57_864
Cn1c(-c2cccc(-c3cccc(NC(=O)Nc4cccc(-c5cccc(F)c5F)c4)c3)c2)nc2ccccc21,-9.954744525547445,3.216920496534968,57_865
O=C(Nc1cccc(-c2cccc(-c3nc4ccccc4[nH]3)c2)c1)Nc1cccc(-c2cccc(F)c2F)c1,-9.918142235123367,3.218592063451191,57_866
O=C(Nc1cccc(-c2cccc(-c3nc4ccccc4[nH]3)c2)c1)Nc1cccc(-c2cccc(F)c2F)c1,-9.918142235123367,3.218592063451191,57_867
O=C(Nc1cccc(-c2cccc(-c3nc4ccccc4[nH]3)c2)c1)Nc1cccc(-c2cccc(F)c2F)c1,-9.918142235123367,3.218592063451191,57_868
O=C(Nc1cccc(-c2cccc(-c3nc4ccccc4[nH]3)c2)c1)Nc1cccc(-c2cccc(F)c2F)c1,-9.918142235123367,3.218592063451191,57_869
Cn1c(-c2cccc(-c3cccc(NC(=O)Nc4cccc(-c5cccc(F)c5F)c4)c3)c2)nc2ccccc21,-9.954744525547445,3.216920496534968,57_870
O=C(Nc1cccc(-c2cccc(-c3nc4ccccc4[nH]3)c2)c1)Nc1cccc(-c2cccc(F)c2F)c1,-9.918142235123367,3.218592063451191,57_871
Cn1c(-c2cccc(-c3cccc(NC(=O)Nc4cccc(-c5cccc(F)c5F)c4)c3)c2)nc2ccccc21,-9.954744525547445,3.216920496534968,57_872
O=C(Nc1cccc(-c2cccc(-c3nc4ccccc4[nH]3)c2)c1)Nc1cccc(-c2cccc(F)c2F)c1,-9.918142235123367,3.218592063451191,57_873
O=C(Nc1cccc(-c2cccc(-c3nc4ccccc4[nH]3)c2)c1)Nc1cccc(-c2cccc(F)c2F)c1,-9.918142235123367,3.218592063451191,57_874
O=C(Nc1ccccc1C(=O)O)c1cccc(-c2cccc(-c3cccc(-c4cccc5ccccc45)c3)c2)c1,-9.5,3.1793309837399346,57_875
O=C(Nc1cccc(-c2cccc(-c3nc4ccccc4[nH]3)c2)c1)Nc1cccc(-c2cccc(F)c2F)c1,-9.918142235123367,3.218592063451191,57_876
O=C(Nc1cccc(-c2cccc(-c3nc4ccccc4[nH]3)c2)c1)Nc1cccc(-c2cccc(F)c2F)c1,-9.918142235123367,3.218592063451191,57_877
O=C(Nc1cccc(-c2cccc(F)c2F)c1)Nc1cccc(-c2cccc(-c3nc4cc(F)ccc4[nH]3)c2F)c1,-10.03279069767442,3.128615257744718,57_878
O=C(Nc1cccc(-c2cccc(-c3nc4ccccc4[nH]3)c2)c1)Nc1cccc(-c2cccc(F)c2F)c1,-9.918142235123367,3.218592063451191,57_879
O=C(Nc1cccc(-c2cccc(-c3nc4ccccc4[nH]3)c2)c1)Nc1cccc(-c2cccc(F)c2F)c1,-9.918142235123367,3.218592063451191,57_880
O=C(Nc1cccc(-c2cccc(-c3nc4ccccc4[nH]3)c2)c1)Nc1cccc(-c2cccc(F)c2F)c1,-9.918142235123367,3.218592063451191,57_881
O=C(Nc1cccc(-c2cccc(F)c2F)c1)Nc1cccc(-c2cccc(-c3nc4cc(F)ccc4[nH]3)c2F)c1,-10.03279069767442,3.128615257744718,57_882
O=C(Nc1cccc(-c2cccc(-c3nc4ccccc4[nH]3)c2)c1)Nc1cccc(-c2cccc(F)c2F)c1,-9.918142235123367,3.218592063451191,57_883
O=C(Nc1cccc(-c2cccc(F)c2F)c1)Nc1cccc(-c2cccc(-c3nc4cc(F)ccc4[nH]3)c2F)c1,-10.03279069767442,3.128615257744718,57_884
O=C(Nc1cccc(-c2cccc(-c3nc4ccccc4[nH]3)c2)c1)Nc1cccc(-c2cccc(F)c2F)c1,-9.918142235123367,3.218592063451191,57_885
O=C(Nc1cccc(-c2cccc(-c3nc4ccccc4[nH]3)c2)c1)Nc1cccc(-c2cccc(F)c2F)c1,-9.918142235123367,3.218592063451191,57_886
O=C(Nc1cccc(-c2cccc(-c3nc4ccccc4[nH]3)c2)c1)Nc1cccc(-c2cccc(F)c2F)c1,-9.918142235123367,3.218592063451191,57_887
O=C(Nc1cccc(-c2cccc(F)c2F)c1)Nc1cccc(-c2cccc(-c3nc4cc(F)ccc4[nH]3)c2F)c1,-10.03279069767442,3.128615257744718,57_888
O=C(Nc1cccc(-c2cccc(-c3nc4ccccc4[nH]3)c2)c1)Nc1cccc(-c2cccc(F)c2F)c1,-9.918142235123367,3.218592063451191,57_889
O=C(Nc1cccc(-c2cccc(-c3nc4ccccc4[nH]3)c2)c1)Nc1cccc(-c2cccc(F)c2F)c1,-9.918142235123367,3.218592063451191,57_890
O=C(Nc1cccc(-c2cccc(-c3nc4ccccc4[nH]3)c2)c1)Nc1cccc(-c2cccc(F)c2F)c1,-9.918142235123367,3.218592063451191,57_891
O=C(Nc1cccc(-c2cccc(F)c2F)c1)Nc1cccc(-c2cccc(-c3nc4cc(F)ccc4[nH]3)c2F)c1,-10.03279069767442,3.128615257744718,57_892
O=C(Nc1cccc(-c2cccc(-c3nc4ccccc4[nH]3)c2)c1)Nc1cccc(-c2cccc(F)c2F)c1,-9.918142235123367,3.218592063451191,57_893
O=C(Nc1cccc(-c2cccc(F)c2F)c1)Nc1cccc(-c2cccc(-c3nc4cc(F)ccc4[nH]3)c2F)c1,-10.03279069767442,3.128615257744718,57_894
O=C(Nc1cccc(-c2cccc(-c3nc4ccccc4[nH]3)c2)c1)Nc1cccc(-c2cccc(F)c2F)c1,-9.918142235123367,3.218592063451191,57_895
O=C(Nc1cccc(-c2cccc(-c3nc4ccccc4[nH]3)c2)c1)Nc1cccc(-c2cccc(F)c2F)c1,-9.918142235123367,3.218592063451191,57_896
O=C(Nc1cccc(-c2cccc(-c3nc4ccccc4[nH]3)c2)c1)Nc1cccc(-c2cccc(F)c2F)c1,-9.918142235123367,3.218592063451191,57_897
O=C(Nc1cccc(-c2cccc(F)c2F)c1)Nc1cccc(-c2cccc(-c3nc4cc(F)ccc4[nH]3)c2F)c1,-10.03279069767442,3.128615257744718,57_898
Cn1c(-c2cccc(-c3cccc(NC(=O)Nc4cccc(-c5cccc(F)c5F)c4)c3)c2)nc2ccccc21,-9.954744525547445,3.216920496534968,57_899
O=C(Nc1cccc(-c2cccc(-c3nc4ccccc4[nH]3)c2)c1)Nc1cccc(-c2cccc(F)c2F)c1,-9.918142235123367,3.218592063451191,57_900
O=C(Nc1cccc(-c2cccc(-c3nc4ccccc4[nH]3)c2)c1)Nc1cccc(-c2cccc(F)c2F)c1,-9.918142235123367,3.218592063451191,57_901
O=C(Nc1cccc(-c2cccc(-c3nc4ccccc4[nH]3)c2)c1)Nc1cccc(-c2cccc(F)c2F)c1,-9.918142235123367,3.218592063451191,57_902
Cn1c(-c2cccc(-c3cccc(NC(=O)Nc4cccc(-c5cccc(F)c5F)c4)c3)c2)nc2ccccc21,-9.954744525547445,3.216920496534968,57_903
O=C(Nc1cccc(-c2cccc(F)c2F)c1)Nc1cccc(-c2cccc(-c3nc4cc(F)ccc4[nH]3)c2F)c1,-10.03279069767442,3.128615257744718,57_904
O=C(Nc1cccc(-c2cccc(F)c2F)c1)Nc1cccc(-c2cccc(-c3nc4cc(F)ccc4[nH]3)c2F)c1,-10.03279069767442,3.128615257744718,57_905
O=C(Nc1cccc(-c2cccc(F)c2F)c1)Nc1cccc(-c2cccc(-c3nc4cc(F)ccc4[nH]3)c2F)c1,-10.03279069767442,3.128615257744718,57_906
O=C(Nc1cccc(-c2cccc(-c3nc4ccccc4[nH]3)c2)c1)Nc1cccc(-c2cccc(F)c2F)c1,-9.918142235123367,3.218592063451191,57_907
O=C(Nc1cccc(-c2cccc(F)c2F)c1)Nc1cccc(-c2cccc(-c3nc4cc(F)ccc4[nH]3)c2F)c1,-10.03279069767442,3.128615257744718,57_908
O=C(Nc1cccc(-c2cccc(-c3nc4ccccc4[nH]3)c2)c1)Nc1cccc(-c2cccc(F)c2F)c1,-9.918142235123367,3.218592063451191,57_909
O=C(Nc1cccc(-c2cccc(-c3nc4ccccc4[nH]3)c2)c1)Nc1cccc(-c2cccc(F)c2F)c1,-9.918142235123367,3.218592063451191,57_910
O=C(Nc1cccc(-c2cccc(-c3nc4ccccc4[nH]3)c2)c1)Nc1cccc(-c2cccc(F)c2F)c1,-9.918142235123367,3.218592063451191,57_911
O=C(Nc1cccc(-c2cccc(-c3nc4ccccc4[nH]3)c2)c1)Nc1cccc(-c2cccc(F)c2F)c1,-9.918142235123367,3.218592063451191,57_912
O=C(Nc1cccc(-c2cccc(-c3nc4ccccc4[nH]3)c2)c1)Nc1cccc(-c2cccc(F)c2F)c1,-9.918142235123367,3.218592063451191,57_913
O=C(Nc1cccc(-c2cccc(-c3nc4ccccc4[nH]3)c2)c1)Nc1cccc(-c2cccc(F)c2F)c1,-9.918142235123367,3.218592063451191,57_914
Cn1c(-c2cccc(-c3cccc(NC(=O)Nc4cccc(-c5cccc(F)c5F)c4)c3)c2)nc2ccccc21,-9.954744525547445,3.216920496534968,57_915
O=C(Nc1cccc(-c2cccc(-c3nc4ccccc4[nH]3)c2)c1)Nc1cccc(-c2cccc(F)c2F)c1,-9.918142235123367,3.218592063451191,57_916
O=C(Nc1cccc(-c2cccc(-c3nc4ccccc4[nH]3)c2)c1)Nc1cccc(-c2cccc(F)c2F)c1,-9.918142235123367,3.218592063451191,57_917
O=C(Nc1cccc(-c2cccc(-c3nc4ccccc4[nH]3)c2)c1)Nc1cccc(-c2cccc(F)c2F)c1,-9.918142235123367,3.218592063451191,57_918
O=C(Nc1cccc(-c2cccc(F)c2F)c1)Nc1cccc(-c2cccc(-c3nc4cc(F)ccc4[nH]3)c2F)c1,-10.03279069767442,3.128615257744718,57_919
O=C(Nc1cccc(-c2cccc(-c3nc4ccccc4[nH]3)c2)c1)Nc1cccc(-c2cccc(F)c2F)c1,-9.918142235123367,3.218592063451191,57_920
O=C(Nc1cccc(-c2cccc(-c3nc4ccccc4[nH]3)c2)c1)Nc1cccc(-c2cccc(F)c2F)c1,-9.918142235123367,3.218592063451191,57_921
Cn1c(-c2cccc(-c3cccc(NC(=O)Nc4cccc(-c5cccc(F)c5F)c4)c3)c2)nc2ccccc21,-9.954744525547445,3.216920496534968,57_922
O=C(Nc1cccc(-c2cccc(F)c2F)c1)Nc1cccc(-c2cccc(-c3nc4cc(F)ccc4[nH]3)c2F)c1,-10.03279069767442,3.128615257744718,57_923
O=C(Nc1cccc(-c2cccc(F)c2F)c1)Nc1cccc(-c2cccc(-c3nc4cc(F)ccc4[nH]3)c2F)c1,-10.03279069767442,3.128615257744718,57_924
O=C(Nc1cccc(-c2cccc(-c3nc4ccccc4[nH]3)c2)c1)Nc1cccc(-c2cccc(F)c2F)c1,-9.918142235123367,3.218592063451191,57_925
O=C(Nc1cccc(-c2cccc(-c3nc4ccccc4[nH]3)c2)c1)Nc1cccc(-c2cccc(F)c2F)c1,-9.918142235123367,3.218592063451191,57_926
Cn1c(-c2cccc(-c3cccc(NC(=O)Nc4cccc(-c5cccc(F)c5F)c4)c3)c2)nc2ccccc21,-9.954744525547445,3.216920496534968,57_927
O=C(Nc1cccc(-c2cccc(-c3nc4ccccc4[nH]3)c2)c1)Nc1cccc(-c2cccc(F)c2F)c1,-9.918142235123367,3.218592063451191,57_928
O=C(Nc1cccc(-c2cccc(-c3nc4ccccc4[nH]3)c2)c1)Nc1cccc(-c2cccc(F)c2F)c1,-9.918142235123367,3.218592063451191,57_929
O=C(Nc1cccc(-c2cccc(-c3nc4ccccc4[nH]3)c2)c1)Nc1cccc(-c2cccc(F)c2F)c1,-9.918142235123367,3.218592063451191,57_930
O=C(Nc1cccc(-c2cccc(F)c2F)c1)Nc1cccc(-c2cccc(-c3nc4cc(F)ccc4[nH]3)c2F)c1,-10.03279069767442,3.128615257744718,57_931
O=C(Nc1cccc(-c2cccc(-c3nc4ccccc4[nH]3)c2)c1)Nc1cccc(-c2cccc(F)c2F)c1,-9.918142235123367,3.218592063451191,57_932
O=C(Nc1cccc(-c2cccc(-c3nc4ccccc4[nH]3)c2)c1)Nc1cccc(-c2cccc(F)c2F)c1,-9.918142235123367,3.218592063451191,57_933
O=C(Nc1cccc(-c2cccc(-c3nc4ccccc4[nH]3)c2)c1)Nc1cccc(-c2cccc(F)c2F)c1,-9.918142235123367,3.218592063451191,57_934
O=C(Nc1cccc(-c2cccc(F)c2F)c1)Nc1cccc(-c2cccc(-c3nc4cc(F)ccc4[nH]3)c2F)c1,-10.03279069767442,3.128615257744718,57_935
O=C(Nc1cccc(-c2cccc(-c3nc4ccccc4[nH]3)c2)c1)Nc1cccc(-c2cccc(F)c2F)c1,-9.918142235123367,3.218592063451191,57_936
O=C(Nc1cccc(-c2cccc(-c3nc4ccccc4[nH]3)c2)c1)Nc1cccc(-c2cccc(F)c2F)c1,-9.918142235123367,3.218592063451191,57_937
O=C(Nc1cccc(-c2cccc(-c3nc4ccccc4[nH]3)c2)c1)Nc1cccc(-c2cccc(F)c2F)c1,-9.918142235123367,3.218592063451191,57_938
O=C(Nc1cccc(-c2cccc(F)c2F)c1)Nc1cccc(-c2cccc(-c3nc4cc(F)ccc4[nH]3)c2F)c1,-10.03279069767442,3.128615257744718,57_939
O=C(Nc1cccc(-c2cccc(F)c2F)c1)Nc1cccc(-c2cccc(-c3nc4cc(F)ccc4[nH]3)c2F)c1,-10.03279069767442,3.128615257744718,57_940
O=C(Nc1cccc(-c2cccc(-c3nc4ccccc4[nH]3)c2)c1)Nc1cccc(-c2cccc(F)c2F)c1,-9.918142235123367,3.218592063451191,57_941
O=C(Nc1cccc(-c2cccc(-c3nc4ccccc4[nH]3)c2)c1)Nc1cccc(-c2cccc(F)c2F)c1,-9.918142235123367,3.218592063451191,57_942
O=C(Nc1cccc(-c2cccc(-c3nc4ccccc4[nH]3)c2)c1)Nc1cccc(-c2cccc(F)c2F)c1,-9.918142235123367,3.218592063451191,57_943
Cn1c(-c2cccc(-c3cccc(NC(=O)Nc4cccc(-c5cccc(F)c5F)c4)c3)c2)nc2ccccc21,-9.954744525547445,3.216920496534968,57_944
O=C(Nc1cccc(-c2cccc(-c3nc4ccccc4[nH]3)c2)c1)Nc1cccc(-c2cccc(F)c2F)c1,-9.918142235123367,3.218592063451191,57_945
O=C(Nc1cccc(-c2cccc(-c3nc4ccccc4[nH]3)c2)c1)Nc1cccc(-c2cccc(F)c2F)c1,-9.918142235123367,3.218592063451191,57_946
O=C(Nc1cccc(-c2cccc(-c3nc4ccccc4[nH]3)c2)c1)Nc1cccc(-c2cccc(F)c2F)c1,-9.918142235123367,3.218592063451191,57_947
O=C(Nc1cccc(-c2cccc(F)c2F)c1)N1C=CC=CC(c2cccc(-c3nc4cc(F)ccc4[nH]3)c2)=C1,-9.71,2.2987853633063597,57_948
O=C(Nc1cccc(-c2cccc(-c3nc4ccccc4[nH]3)c2)c1)Nc1cccc(-c2cccc(F)c2F)c1,-9.918142235123367,3.218592063451191,57_949
O=C(Nc1cccc(-c2cccc(F)c2F)c1)Nc1cccc(-c2cccc(-c3nc4cc(F)ccc4[nH]3)c2F)c1,-10.03279069767442,3.128615257744718,57_950
O=C(Nc1cccc(-c2cccc(-c3nc4ccccc4[nH]3)c2)c1)Nc1cccc(-c2cccc(F)c2F)c1,-9.918142235123367,3.218592063451191,57_951
O=C(Nc1cccc(-c2cccc(-c3nc4ccccc4[nH]3)c2)c1)Nc1cccc(-c2cccc(F)c2F)c1,-9.918142235123367,3.218592063451191,57_952
O=C(Nc1cccc(-c2cccc(-c3nc4ccccc4[nH]3)c2)c1)Nc1cccc(-c2cccc(F)c2F)c1,-9.918142235123367,3.218592063451191,57_953
O=C(Nc1cccc(-c2cccc(-c3nc4ccccc4[nH]3)c2)c1)Nc1cccc(-c2cccc(F)c2F)c1,-9.918142235123367,3.218592063451191,57_954
O=C(Nc1cccc(-c2cccc(F)c2F)c1)Nc1cccc(-c2cccc(-c3nc4cc(F)ccc4[nH]3)c2F)c1,-10.03279069767442,3.128615257744718,57_955
O=C(Nc1cccc(-c2cccc(-c3nc4ccccc4[nH]3)c2)c1)Nc1cccc(-c2cccc(F)c2F)c1,-9.918142235123367,3.218592063451191,57_956
O=C(Nc1cccc(-c2cccc(-c3nc4ccccc4[nH]3)c2)c1)Nc1cccc(-c2cccc(F)c2F)c1,-9.918142235123367,3.218592063451191,57_957
Cn1c(-c2cccc(-c3cccc(NC(=O)Nc4cccc(-c5cccc(F)c5F)c4)c3)c2)nc2ccccc21,-9.954744525547445,3.216920496534968,57_958
O=C(Nc1cccc(-c2cccc(-c3nc4ccccc4[nH]3)c2)c1)Nc1cccc(-c2cccc(F)c2F)c1,-9.918142235123367,3.218592063451191,57_959
O=C(Nc1cccc(-c2cccc(-c3nc4ccccc4[nH]3)c2)c1)Nc1cccc(-c2cccc(F)c2F)c1,-9.918142235123367,3.218592063451191,57_960
O=C(Nc1cccc(-c2cccc(-c3nc4ccccc4[nH]3)c2)c1)Nc1cccc(-c2cccc(F)c2F)c1,-9.918142235123367,3.218592063451191,57_961
O=C(Nc1cccc(-c2cccc(-c3nc4ccccc4[nH]3)c2)c1)Nc1cccc(-c2cccc(F)c2F)c1,-9.918142235123367,3.218592063451191,57_962
O=C(Nc1cccc(-c2cccc(-c3nc4ccccc4[nH]3)c2)c1)Nc1cccc(-c2cccc(F)c2F)c1,-9.918142235123367,3.218592063451191,57_963
O=C(Nc1cccc(-c2cccc(-c3nc4ccccc4[nH]3)c2)c1)Nc1cccc(-c2cccc(F)c2F)c1,-9.918142235123367,3.218592063451191,57_964
O=C(Nc1cccc(-c2cccc(-c3nc4cc(F)ccc4[nH]3)c2)c1)Nc1cccc(-c2cccc(F)c2F)c1,-9.31111111111111,3.1875244530828533,57_965
O=C(Nc1cccc(-c2cccc(-c3nc4ccccc4[nH]3)c2)c1)Nc1cccc(-c2cccc(F)c2F)c1,-9.918142235123367,3.218592063451191,57_966
O=C(Nc1cccc(-c2cccc(-c3nc4ccccc4[nH]3)c2)c1)Nc1cccc(-c2cccc(F)c2F)c1,-9.918142235123367,3.218592063451191,57_967
O=C(Nc1cccc(-c2cccc(-c3nc4ccccc4[nH]3)c2)c1)Nc1cccc(-c2cccc(F)c2F)c1,-9.918142235123367,3.218592063451191,57_968
O=C(Nc1cccc(-c2cccc(-c3nc4ccccc4[nH]3)c2)c1)Nc1cccc(-c2cccc(F)c2F)c1,-9.918142235123367,3.218592063451191,57_969
O=C(Nc1cccc(-c2cccc(-c3nc4ccccc4[nH]3)c2)c1)Nc1cccc(-c2cccc(F)c2F)c1,-9.918142235123367,3.218592063451191,57_970
O=C(Nc1cccc(-c2cccc(-c3nc4ccccc4[nH]3)c2)c1)Nc1cccc(-c2cccc(F)c2F)c1,-9.918142235123367,3.218592063451191,57_971
Cn1c(-c2cccc(-c3cccc(NC(=O)Nc4cccc(-c5cccc(F)c5F)c4)c3)c2)nc2ccccc21,-9.954744525547445,3.216920496534968,57_972
O=C(Nc1cccc(-c2cccc(F)c2F)c1)Nc1cccc(-c2cccc(-c3nc4cc(F)ccc4[nH]3)c2F)c1,-10.03279069767442,3.128615257744718,57_973
O=C(Nc1cccc(-c2cccc(-c3nc4ccccc4[nH]3)c2)c1)Nc1cccc(-c2cccc(F)c2F)c1,-9.918142235123367,3.218592063451191,57_974
O=C(Nc1cccc(-c2cccc(-c3nc4ccccc4[nH]3)c2)c1)Nc1cccc(-c2cccc(F)c2F)c1,-9.918142235123367,3.218592063451191,57_975
O=C(Nc1cccc(-c2cccc(F)c2F)c1)Nc1cccc(-c2cccc(-c3nc4cc(F)ccc4[nH]3)c2F)c1,-10.03279069767442,3.128615257744718,57_976
O=C(Nc1cccc(-c2cccc(-c3nc4ccccc4[nH]3)c2)c1)Nc1cccc(-c2cccc(F)c2F)c1,-9.918142235123367,3.218592063451191,57_977
Oc1cccc(-c2cccc(-c3cccc(-c4cccc(-c5nn[nH]n5)c4)c3)c2)c1,-9.2,3.538263325340139,57_978
O=C(Nc1cccc(-c2cccc(-c3nc4ccccc4[nH]3)c2)c1)Nc1cccc(-c2cccc(F)c2F)c1,-9.918142235123367,3.218592063451191,57_979
O=C(Nc1cccc(-c2cccc(-c3nc4ccccc4[nH]3)c2)c1)Nc1cccc(-c2cccc(F)c2F)c1,-9.918142235123367,3.218592063451191,57_980
O=C(Nc1cccc(-c2cccc(-c3nc4ccccc4[nH]3)c2)c1)Nc1cccc(-c2cccc(F)c2F)c1,-9.918142235123367,3.218592063451191,57_981
O=C(Nc1cccc(-c2cccc(-c3nc4ccccc4[nH]3)c2)c1)Nc1cccc(-c2cccc(F)c2F)c1,-9.918142235123367,3.218592063451191,57_982
O=C(Nc1cccc(-c2cccc(-c3nc4ccccc4[nH]3)c2)c1)Nc1cccc(-c2cccc(F)c2F)c1,-9.918142235123367,3.218592063451191,57_983
O=C(Nc1cccc(-c2cccc(-c3nc4ccccc4[nH]3)c2)c1)Nc1cccc(-c2cccc(F)c2F)c1,-9.918142235123367,3.218592063451191,57_984
O=C(Nc1cccc(-c2cccc(-c3nc4ccccc4[nH]3)c2)c1)Nc1cccc(-c2cccc(F)c2F)c1,-9.918142235123367,3.218592063451191,57_985
O=C(Nc1cccc(-c2cccc(-c3nc4ccccc4[nH]3)c2)c1)Nc1cccc(-c2cccc(F)c2F)c1,-9.918142235123367,3.218592063451191,57_986
O=C(Nc1cccc(-c2cccc(-c3nc4ccccc4[nH]3)c2)c1)Nc1cccc(-c2cccc(F)c2F)c1,-9.918142235123367,3.218592063451191,57_987
Cn1c(-c2cccc(-c3cccc(NC(=O)Nc4cccc(-c5cccc(C(=O)N6CCOCC6)c5)c4)c3)c2)nc2ccccc21,-9.433333333333334,3.2756851861708367,57_988
O=C(Nc1cccc(-c2cccc(F)c2F)c1)Nc1cccc(-c2cccc(-c3nc4cc(F)ccc4[nH]3)c2F)c1,-10.03279069767442,3.128615257744718,57_989
O=C(Nc1cccc(-c2cccc(-c3nc4ccccc4[nH]3)c2)c1)Nc1cccc(-c2cccc(F)c2F)c1,-9.918142235123367,3.218592063451191,57_990
O=C(Nc1cccc(-c2cccc(-c3nc4ccccc4[nH]3)c2)c1)Nc1cccc(-c2cccc(F)c2F)c1,-9.918142235123367,3.218592063451191,57_991
O=C(Nc1cccc(-c2cccc(-c3nc4ccccc4[nH]3)c2)c1)Nc1cccc(-c2cccc(F)c2F)c1,-9.918142235123367,3.218592063451191,57_992
O=C(Nc1cccc(-c2cccc(-c3nc4ccccc4[nH]3)c2)c1)Nc1cccc(-c2cccc(F)c2F)c1,-9.918142235123367,3.218592063451191,57_993
O=C(Nc1cccc(-c2cccc(F)c2F)c1)Nc1cccc(-c2cccc(-c3nc4cc(F)ccc4[nH]3)c2F)c1,-10.03279069767442,3.128615257744718,57_994
O=C(Nc1cccc(-c2cccc(-c3nc4ccccc4[nH]3)c2)c1)Nc1cccc(-c2cccc(F)c2F)c1,-9.918142235123367,3.218592063451191,57_995
O=C(Nc1cccc(-c2cccc(-c3nc4ccccc4[nH]3)c2)c1)Nc1cccc(-c2cccc(F)c2F)c1,-9.918142235123367,3.218592063451191,57_996
O=C(Nc1cccc(-c2cccc(-c3nc4ccccc4[nH]3)c2)c1)Nc1cccc(-c2cccc(F)c2F)c1,-9.918142235123367,3.218592063451191,57_997
O=C(Nc1cccc(-c2cccc(-c3nc4ccccc4[nH]3)c2)c1)Nc1cccc(-c2cccc(F)c2F)c1,-9.918142235123367,3.218592063451191,57_998
O=C(Nc1cccc(-c2cccc(-c3nc4ccccc4[nH]3)c2)c1)Nc1cccc(-c2cccc(F)c2F)c1,-9.918142235123367,3.218592063451191,57_999
O=C(Nc1cccc(-c2cccc(F)c2F)c1)Nc1cccc(-c2cccc(-c3nc4cc(F)ccc4[nH]3)c2F)c1,-10.03279069767442,3.128615257744718,57_1000
O=C(Nc1cccc(-c2cccc(-c3nc4ccccc4[nH]3)c2)c1)Nc1cccc(-c2cccc(F)c2F)c1,-9.918142235123367,3.218592063451191,57_1001
O=C(Nc1cccc(-c2cccc(-c3nc4ccccc4[nH]3)c2)c1)Nc1cccc(-c2cccc(F)c2F)c1,-9.918142235123367,3.218592063451191,57_1002
Cn1c(-c2cccc(-c3cccc(NC(=O)Nc4cccc(-c5cccc(F)c5F)c4)c3)c2)nc2ccccc21,-9.954744525547445,3.216920496534968,57_1003
O=C(Nc1cccc(-c2cccc(-c3nc4ccccc4[nH]3)c2)c1)Nc1cccc(-c2cccc(F)c2F)c1,-9.918142235123367,3.218592063451191,57_1004
O=C(Nc1cccc(-c2cccc(-c3nc4ccccc4[nH]3)c2)c1)Nc1cccc(-c2cccc(F)c2F)c1,-9.918142235123367,3.218592063451191,57_1005
O=C(Nc1cccc(-c2cccc(-c3nc4ccccc4[nH]3)c2)c1)Nc1cccc(-c2cccc(F)c2F)c1,-9.918142235123367,3.218592063451191,57_1006
O=C(Nc1cccc(-c2cccc(F)c2F)c1)Nc1cccc(-c2cccc(-c3nc4cc(F)ccc4[nH]3)c2F)c1,-10.03279069767442,3.128615257744718,57_1007
O=C(Nc1cccc(-c2cccc(-c3nc4ccccc4[nH]3)c2)c1)Nc1cccc(-c2cccc(F)c2F)c1,-9.918142235123367,3.218592063451191,57_1008
O=C(Nc1cccc(-c2cccc(-c3nc4ccccc4[nH]3)c2)c1)Nc1cccc(-c2cccc(F)c2F)c1,-9.918142235123367,3.218592063451191,57_1009
O=C(Nc1cccc(-c2cccc(-c3nc4ccccc4[nH]3)c2)c1)Nc1cccc(-c2cccc(F)c2F)c1,-9.918142235123367,3.218592063451191,57_1010
O=C(Nc1cccc(-c2cccc(-c3nc4ccccc4[nH]3)c2)c1)Nc1cccc(-c2cccc(F)c2F)c1,-9.918142235123367,3.218592063451191,57_1011
O=C(Nc1cccc(-c2cccc(-c3nc4ccccc4[nH]3)c2)c1)Nc1cccc(-c2cccc(F)c2F)c1,-9.918142235123367,3.218592063451191,57_1012
O=C(Nc1cccc(-c2cccc(-c3nc4ccccc4[nH]3)c2)c1)Nc1cccc(-c2cccc(F)c2F)c1,-9.918142235123367,3.218592063451191,57_1013
O=C(Nc1cccc(-c2cccc(-c3nc4ccccc4[nH]3)c2)c1)Nc1cccc(-c2cccc(F)c2F)c1,-9.918142235123367,3.218592063451191,57_1014
O=C(Nc1cccc(-c2cccc(-c3nc4ccccc4[nH]3)c2)c1)Nc1cccc(-c2cccc(F)c2F)c1,-9.918142235123367,3.218592063451191,57_1015
O=C(Nc1cccc(-c2cccc(-c3nc4ccccc4[nH]3)c2)c1)Nc1cccc(-c2cccc(F)c2F)c1,-9.918142235123367,3.218592063451191,57_1016
O=S(=O)(Nc1ccc2c(c1)oc1ccccc12)c1cccc(-c2cccc(-c3ccc4c(c3)OCO4)c2)c1,-9.9,3.3365296021342674,57_1017
O=C(Nc1cccc(-c2cccc(-c3nc4ccccc4[nH]3)c2)c1)Nc1cccc(-c2cccc(F)c2F)c1,-9.918142235123367,3.218592063451191,57_1018
Cn1c(-c2cccc(-c3cccc(NC(=O)Nc4cccc(-c5cccc(F)c5F)c4)c3)c2)nc2ccccc21,-9.954744525547445,3.216920496534968,57_1019
O=C(Nc1cccc(-c2cccc(-c3nc4cc(F)ccc4[nH]3)c2)c1)Nc1cccc(-c2cccc(F)c2F)c1,-9.31111111111111,3.1875244530828533,57_1020
O=C(Nc1cccc(-c2cccc(-c3nc4ccccc4[nH]3)c2)c1)Nc1cccc(-c2cccc(F)c2F)c1,-9.918142235123367,3.218592063451191,57_1021
Cn1c(-c2cccc(-c3cccc(NC(=O)Nc4cccc(-c5cccc(F)c5F)c4)c3)c2)nc2ccccc21,-9.954744525547445,3.216920496534968,57_1022
O=C(Nc1cccc(-c2cccc(F)c2F)c1)Nc1cccc(-c2cccc(-c3nc4cc(F)ccc4[nH]3)c2F)c1,-10.03279069767442,3.128615257744718,57_1023
O=C(Nc1cccc(-c2cccc(-c3nc4ccccc4[nH]3)c2)c1)Nc1cccc(-c2cccc(F)c2F)c1,-9.918142235123367,3.218592063451191,57_1024
O=C(Nc1cccc(-c2cccc(-c3nc4ccccc4[nH]3)c2)c1)Nc1cccc(-c2cccc(F)c2F)c1,-9.918142235123367,3.218592063451191,57_1025
O=C(Nc1cccc(-c2cccc(F)c2F)c1)Nc1cccc(-c2cccc(-c3nc4cc(F)ccc4[nH]3)c2F)c1,-10.03279069767442,3.128615257744718,57_1026
O=C(Nc1cccc(-c2cccc(-c3nc4ccccc4[nH]3)c2)c1)Nc1cccc(-c2cccc(F)c2F)c1,-9.918142235123367,3.218592063451191,57_1027
O=C(Nc1cccc(-c2cccc(-c3nc4ccccc4[nH]3)c2)c1)Nc1cccc(-c2cccc(F)c2F)c1,-9.918142235123367,3.218592063451191,57_1028
O=C(Nc1cccc(-c2cccc(-c3nc4ccccc4[nH]3)c2)c1)Nc1cccc(-c2cccc(F)c2F)c1,-9.918142235123367,3.218592063451191,57_1029
O=C(Nc1cccc(-c2cccc(F)c2F)c1)Nc1cccc(-c2cccc(-c3nc4cc(F)ccc4[nH]3)c2F)c1,-10.03279069767442,3.128615257744718,57_1030
Cn1c(-c2cccc(-c3cccc(NC(=O)Nc4cccc(-c5cccc(F)c5F)c4)c3)c2)nc2ccccc21,-9.954744525547445,3.216920496534968,57_1031
O=C(Nc1cccc(-c2cccc(F)c2F)c1)Nc1cccc(-c2cccc(-c3nc4cc(F)ccc4[nH]3)c2F)c1,-10.03279069767442,3.128615257744718,57_1032
O=C(Nc1cccc(-c2cccc(-c3nc4ccccc4[nH]3)c2)c1)Nc1cccc(-c2cccc(F)c2F)c1,-9.918142235123367,3.218592063451191,57_1033
O=C(Nc1cccc(-c2cccc(-c3nc4ccccc4[nH]3)c2)c1)Nc1cccc(-c2cccc(F)c2F)c1,-9.918142235123367,3.218592063451191,57_1034
O=C(Nc1cccc(-c2cccc(-c3nc4ccccc4[nH]3)c2)c1)Nc1cccc(-c2cccc(F)c2F)c1,-9.918142235123367,3.218592063451191,57_1035
O=C(Nc1cccc(-c2cccc(-c3nc4ccccc4[nH]3)c2)c1)Nc1cccc(-c2cccc(F)c2F)c1,-9.918142235123367,3.218592063451191,57_1036
O=C(Nc1cccc(-c2cccc(-c3nc4ccccc4[nH]3)c2)c1)Nc1cccc(-c2cccc(F)c2F)c1,-9.918142235123367,3.218592063451191,57_1037
Cn1c(-c2cccc(-c3cccc(NC(=O)Nc4cccc(-c5cccc(F)c5F)c4)c3)c2)nc2ccccc21,-9.954744525547445,3.216920496534968,57_1038
O=C(Nc1cccc(-c2cccc(-c3nc4ccccc4[nH]3)c2)c1)Nc1cccc(-c2cccc(F)c2F)c1,-9.918142235123367,3.218592063451191,57_1039
O=C(Nc1cccc(-c2cccc(-c3nc4ccccc4[nH]3)c2)c1)Nc1cccc(-c2cccc(F)c2F)c1,-9.918142235123367,3.218592063451191,57_1040
O=C(Nc1cccc(-c2cccc(-c3nc4ccccc4[nH]3)c2)c1)Nc1cccc(-c2cccc(F)c2F)c1,-9.918142235123367,3.218592063451191,57_1041
O=C(Nc1cccc(-c2cccc(-c3nc4ccccc4[nH]3)c2)c1)Nc1cccc(-c2cccc(F)c2F)c1,-9.918142235123367,3.218592063451191,57_1042
O=C(Nc1cccc(-c2cccc(-c3nc4ccccc4[nH]3)c2)c1)Nc1cccc(-c2cccc(F)c2F)c1,-9.918142235123367,3.218592063451191,57_1043
O=C(Nc1cccc(-c2cccc(-c3nc4ccccc4[nH]3)c2)c1)Nc1cccc(-c2cccc(F)c2F)c1,-9.918142235123367,3.218592063451191,57_1044
O=C(Nc1cccc(-c2cccc(F)c2F)c1)Nc1cccc(-c2cccc(-c3nc4cc(F)ccc4[nH]3)c2F)c1,-10.03279069767442,3.128615257744718,57_1045
O=C(Nc1cccc(-c2cccc(F)c2F)c1)Nc1cccc(-c2cccc(-c3nc4cc(F)ccc4[nH]3)c2F)c1,-10.03279069767442,3.128615257744718,57_1046
O=C(Nc1cccc(-c2cccc(-c3nc4ccccc4[nH]3)c2)c1)Nc1cccc(-c2cccc(F)c2F)c1,-9.918142235123367,3.218592063451191,57_1047
O=C(Nc1cccc(-c2cccc(-c3nc4ccccc4[nH]3)c2)c1)Nc1cccc(-c2cccc(F)c2F)c1,-9.918142235123367,3.218592063451191,57_1048
O=C(Nc1cccc(-c2cccc(F)c2F)c1)Nc1cccc(-c2cccc(-c3nc4cc(F)ccc4[nH]3)c2F)c1,-10.03279069767442,3.128615257744718,57_1049
O=C(Nc1cccc(-c2cccc(-c3nc4ccccc4[nH]3)c2)c1)Nc1cccc(-c2cccc(F)c2F)c1,-9.918142235123367,3.218592063451191,57_1050
O=C(Nc1cccc(-c2cccc(-c3nc4ccccc4[nH]3)c2)c1)Nc1cccc(-c2cccc(F)c2F)c1,-9.918142235123367,3.218592063451191,57_1051
O=C(Nc1cccc(-c2cccc(-c3nc4ccccc4[nH]3)c2)c1)Nc1cccc(-c2cccc(F)c2F)c1,-9.918142235123367,3.218592063451191,57_1052
O=C(Nc1cccc(-c2cccc(-c3nc4ccccc4[nH]3)c2)c1)Nc1cccc(-c2cccc(F)c2F)c1,-9.918142235123367,3.218592063451191,57_1053
O=C(Nc1cccc(-c2cccc(-c3nc4ccccc4[nH]3)c2)c1)Nc1cccc(-c2cccc(F)c2F)c1,-9.918142235123367,3.218592063451191,57_1054
O=C(Nc1cccc(-c2cccc(-c3nc4ccccc4[nH]3)c2)c1)Nc1cccc(-c2cccc(F)c2F)c1,-9.918142235123367,3.218592063451191,57_1055
O=C(Nc1cccc(-c2cccc(-c3nc4ccccc4[nH]3)c2)c1)Nc1cccc(-c2cccc(F)c2F)c1,-9.918142235123367,3.218592063451191,57_1056
O=C(Nc1cccc(-c2cccc(-c3nc4ccccc4[nH]3)c2)c1)Nc1cccc(-c2cccc(F)c2F)c1,-9.918142235123367,3.218592063451191,57_1057
O=C(Nc1cccc(-c2cccc(F)c2F)c1)Nc1cccc(-c2cccc(-c3nc4cc(F)ccc4[nH]3)c2F)c1,-10.03279069767442,3.128615257744718,57_1058
O=C(Nc1cccc(-c2cccc(-c3nc4ccccc4[nH]3)c2)c1)Nc1cccc(-c2cccc(F)c2F)c1,-9.918142235123367,3.218592063451191,57_1059
Cn1c(-c2cccc(-c3cccc(NC(=O)Nc4cccc(-c5cccc(F)c5F)c4)c3)c2)nc2ccccc21,-9.954744525547445,3.216920496534968,57_1060
O=C(Nc1cccc(-c2cccc(-c3nc4ccccc4[nH]3)c2)c1)Nc1cccc(-c2cccc(F)c2F)c1,-9.918142235123367,3.218592063451191,57_1061
O=C(Nc1cccc(-c2cccc(-c3nc4ccccc4[nH]3)c2)c1)Nc1cccc(-c2cccc(F)c2F)c1,-9.918142235123367,3.218592063451191,57_1062
Cn1c(-c2cccc(-c3cccc(NC(=O)Nc4cccc(-c5cccc(F)c5F)c4)c3)c2)nc2ccccc21,-9.954744525547445,3.216920496534968,57_1063
Cn1c(-c2cccc(-c3cccc(NC(=O)Nc4cccc(-c5cccc(F)c5F)c4)c3)c2)nc2ccccc21,-9.954744525547445,3.216920496534968,57_1064
O=C(Nc1cccc(-c2cccc(-c3nc4ccccc4[nH]3)c2)c1)Nc1cccc(-c2cccc(F)c2F)c1,-9.918142235123367,3.218592063451191,57_1065
O=C(Nc1cccc(-c2cccc(-c3nc4ccccc4[nH]3)c2)c1)Nc1cccc(-c2cccc(F)c2F)c1,-9.918142235123367,3.218592063451191,57_1066
O=C(Nc1cccc(-c2cccc(-c3nc4ccccc4[nH]3)c2)c1)Nc1cccc(-c2cccc(F)c2F)c1,-9.918142235123367,3.218592063451191,57_1068
O=C(Nc1cccc(-c2cccc(-c3nc4ccccc4[nH]3)c2)c1)Nc1cccc(-c2cccc(F)c2F)c1,-9.918142235123367,3.218592063451191,57_1069
O=C(Nc1cccc(-c2cccc(-c3nc4ccccc4[nH]3)c2)c1)Nc1cccc(-c2cccc(F)c2F)c1,-9.918142235123367,3.218592063451191,57_1070
O=C(Nc1cccc(-c2cccc(-c3nc4cc(F)ccc4[nH]3)c2)c1)Nc1cccc(-c2cccc(F)c2F)c1,-9.31111111111111,3.1875244530828533,57_1071
O=C(Nc1cccc(-c2cccc(-c3nc4ccccc4[nH]3)c2)c1)Nc1cccc(-c2cccc(F)c2F)c1,-9.918142235123367,3.218592063451191,57_1072
O=C(Nc1cccc(-c2cccc(-c3nc4ccccc4[nH]3)c2)c1)Nc1cccc(-c2cccc(F)c2F)c1,-9.918142235123367,3.218592063451191,57_1073
O=C(Nc1cccc(-c2cccc(-c3nc4ccccc4[nH]3)c2)c1)Nc1cccc(-c2cccc(F)c2F)c1,-9.918142235123367,3.218592063451191,57_1074
O=C(Nc1cccc(-c2cccc(-c3nc4ccccc4[nH]3)c2)c1)Nc1cccc(-c2cccc(F)c2F)c1,-9.918142235123367,3.218592063451191,57_1075
O=C(Nc1cccc(-c2cccc(-c3nc4ccccc4[nH]3)c2)c1)Nc1cccc(-c2cccc(F)c2F)c1,-9.918142235123367,3.218592063451191,57_1076
O=C(Nc1cccc(-c2cccc(-c3nc4ccccc4[nH]3)c2)c1)Nc1cccc(-c2cccc(F)c2F)c1,-9.918142235123367,3.218592063451191,57_1077
O=C(Nc1cccc(-c2cccc(-c3nc4ccccc4[nH]3)c2)c1)Nc1cccc(-c2cccc(F)c2F)c1,-9.918142235123367,3.218592063451191,57_1078
O=C(Nc1cccc(-c2cccc(-c3nc4ccccc4[nH]3)c2)c1)Nc1cccc(-c2cccc(F)c2F)c1,-9.918142235123367,3.218592063451191,57_1079
O=C(Nc1cccc(-c2cccc(F)c2F)c1)Nc1cccc(-c2cccc(-c3nc4cc(F)ccc4[nH]3)c2F)c1,-10.03279069767442,3.128615257744718,57_1080
O=C(Nc1cccc(-c2cccc(F)c2F)c1)Nc1cccc(-c2cccc(-c3nc4cc(F)ccc4[nH]3)c2F)c1,-10.03279069767442,3.128615257744718,57_1081
O=C(Nc1cccc(-c2cccc(-c3nc4ccccc4[nH]3)c2)c1)Nc1cccc(-c2cccc(F)c2F)c1,-9.918142235123367,3.218592063451191,57_1082
O=C(Nc1cccc(-c2cccc(-c3nc4ccccc4[nH]3)c2)c1)Nc1cccc(-c2cccc(F)c2F)c1,-9.918142235123367,3.218592063451191,57_1083
O=C(Nc1cccc(-c2cccc(-c3nc4ccccc4[nH]3)c2)c1)Nc1cccc(-c2cccc(F)c2F)c1,-9.918142235123367,3.218592063451191,57_1084
O=C(Nc1cccc(-c2cccc(F)c2F)c1)Nc1cccc(-c2cccc(-c3nc4cc(F)ccc4[nH]3)c2F)c1,-10.03279069767442,3.128615257744718,57_1085
O=C(Nc1cccc(-c2cccc(-c3nc4ccccc4[nH]3)c2)c1)Nc1cccc(-c2cccc(F)c2F)c1,-9.918142235123367,3.218592063451191,57_1086
O=C(Nc1cccc(-c2cccc(-c3nc4ccccc4[nH]3)c2)c1)Nc1cccc(-c2cccc(F)c2F)c1,-9.918142235123367,3.218592063451191,57_1087
O=C(Nc1cccc(-c2cccc(-c3nc4ccccc4[nH]3)c2)c1)Nc1cccc(-c2cccc(F)c2F)c1,-9.918142235123367,3.218592063451191,57_1088
Cn1c(-c2cccc(-c3cccc(NC(=O)Nc4cccc(-c5cccc(F)c5F)c4)c3)c2)nc2ccccc21,-9.954744525547445,3.216920496534968,57_1089
Cn1c(-c2cccc(-c3cccc(NC(=O)Nc4cccc(-c5cccc(F)c5F)c4)c3)c2)nc2ccccc21,-9.954744525547445,3.216920496534968,57_1090
O=C(Nc1cccc(-c2cccc(F)c2F)c1)Nc1cccc(-c2cccc(-c3nc4cc(F)ccc4[nH]3)c2F)c1,-10.03279069767442,3.128615257744718,57_1091
O=C(Nc1cccc(-c2cccc(-c3nc4ccccc4[nH]3)c2)c1)Nc1cccc(-c2cccc(F)c2F)c1,-9.918142235123367,3.218592063451191,57_1092
O=C(Nc1cccc(-c2cccc(-c3nc4ccccc4[nH]3)c2)c1)Nc1cccc(-c2cccc(F)c2F)c1,-9.918142235123367,3.218592063451191,57_1093
Cn1c(-c2cccc(-c3cccc(NC(=O)Nc4cccc(-c5cccc(F)c5F)c4)c3)c2)nc2ccccc21,-9.954744525547445,3.216920496534968,57_1094
O=C(Nc1cccc(-c2cccc(F)c2F)c1)Nc1cccc(-c2cccc(-c3nc4cc(F)ccc4[nH]3)c2F)c1,-10.03279069767442,3.128615257744718,57_1095
O=C(Nc1cccc(-c2cccc(-c3nc4ccccc4[nH]3)c2)c1)Nc1cccc(-c2cccc(F)c2F)c1,-9.918142235123367,3.218592063451191,57_1096
O=C(Nc1cccc(-c2cccc(-c3nc4ccccc4[nH]3)c2)c1)Nc1cccc(-c2cccc(F)c2F)c1,-9.918142235123367,3.218592063451191,57_1097
O=C(Nc1cccc(-c2cccc(F)c2F)c1)Nc1cccc(-c2cccc(-c3nc4cc(F)ccc4[nH]3)c2F)c1,-10.03279069767442,3.128615257744718,57_1098
O=C(Nc1cccc(-c2cccc(-c3nc4ccccc4[nH]3)c2)c1)Nc1cccc(-c2cccc(F)c2F)c1,-9.918142235123367,3.218592063451191,57_1099
O=C(Nc1cccc(-c2cccc(-c3nc4ccccc4[nH]3)c2)c1)Nc1cccc(-c2cccc(F)c2F)c1,-9.918142235123367,3.218592063451191,57_1100
O=C(Nc1cccc(-c2cccc(F)c2F)c1)Nc1cccc(-c2cccc(-c3nc4cc(F)ccc4[nH]3)c2F)c1,-10.03279069767442,3.128615257744718,57_1101
O=C(Nc1cccc(-c2cccc(F)c2F)c1)Nc1cccc(-c2cccc(-c3nc4cc(F)ccc4[nH]3)c2F)c1,-10.03279069767442,3.128615257744718,57_1102
O=C(Nc1cccc(-c2cccc(-c3nc4ccccc4[nH]3)c2)c1)Nc1cccc(-c2cccc(F)c2F)c1,-9.918142235123367,3.218592063451191,57_1103
O=C(Nc1cccc(-c2cccc(-c3nc4ccccc4[nH]3)c2)c1)Nc1cccc(-c2cccc(F)c2F)c1,-9.918142235123367,3.218592063451191,57_1104
Cn1c(-c2cccc(-c3cccc(NC(=O)Nc4cccc(-c5cccc(F)c5F)c4)c3)c2)nc2ccccc21,-9.954744525547445,3.216920496534968,57_1105
O=C(Nc1cccc(-c2cccc(-c3nc4ccccc4[nH]3)c2)c1)Nc1cccc(-c2cccc(-c3cccc4ccccc34)c2)c1,-11.2,2.949691076067712,57_1106
O=C(Nc1cccc(-c2cccc(F)c2F)c1)Nc1cccc(-c2cccc(-c3nc4cc(F)ccc4[nH]3)c2F)c1,-10.03279069767442,3.128615257744718,57_1107
O=C(Nc1cccc(-c2cccc(F)c2F)c1)Nc1cccc(-c2cccc(-c3nc4cc(F)ccc4[nH]3)c2F)c1,-10.03279069767442,3.128615257744718,57_1108
O=C(Nc1cccc(-c2cccc(-c3nc4ccccc4[nH]3)c2)c1)Nc1cccc(-c2cccc(F)c2F)c1,-9.918142235123367,3.218592063451191,57_1109
O=C(Nc1cccc(-c2cccc(-c3nc4ccccc4[nH]3)c2)c1)Nc1cccc(-c2cccc(F)c2F)c1,-9.918142235123367,3.218592063451191,57_1110
O=C(Nc1cccc(-c2cccc(F)c2F)c1)Nc1cccc(-c2cccc(-c3nc4cc(F)ccc4[nH]3)c2F)c1,-10.03279069767442,3.128615257744718,57_1111
Cn1c(-c2cccc(-c3cccc(NC(=O)Nc4cccc(-c5cccc(F)c5F)c4)c3)c2)nc2ccccc21,-9.954744525547445,3.216920496534968,57_1112
O=C(Nc1cccc(-c2cccc(-c3nc4ccccc4[nH]3)c2)c1)Nc1cccc(-c2cccc(F)c2F)c1,-9.918142235123367,3.218592063451191,57_1113
O=C(Nc1cccc(-c2cccc(-c3nc4ccccc4[nH]3)c2)c1)Nc1cccc(-c2cccc(F)c2F)c1,-9.918142235123367,3.218592063451191,57_1114
O=C(Nc1cccc(-c2cccc(-c3nc4ccccc4[nH]3)c2)c1)Nc1cccc(-c2cccc(F)c2F)c1,-9.918142235123367,3.218592063451191,57_1115
O=C(Nc1cccc(-c2cccc(-c3nc4ccccc4[nH]3)c2)c1)Nc1cccc(-c2cccc(F)c2F)c1,-9.918142235123367,3.218592063451191,57_1116
O=C(Nc1cccc(-c2cccc(-c3nc4ccccc4[nH]3)c2)c1)Nc1cccc(-c2cccc(F)c2F)c1,-9.918142235123367,3.218592063451191,57_1117
O=C(Nc1cccc(-c2cccc(F)c2F)c1)Nc1cccc(-c2cccc(-c3nc4cc(F)ccc4[nH]3)c2F)c1,-10.03279069767442,3.128615257744718,57_1118
O=C(Nc1cccc(-c2cccc(F)c2F)c1)Nc1cccc(-c2cccc(-c3nc4cc(F)ccc4[nH]3)c2F)c1,-10.03279069767442,3.128615257744718,57_1119
O=C(Nc1cccc(-c2cccc(-c3nc4ccccc4[nH]3)c2)c1)Nc1cccc(-c2cccc(F)c2F)c1,-9.918142235123367,3.218592063451191,57_1120
O=C(Nc1cccc(-c2cccc(-c3nc4ccccc4[nH]3)c2)c1)Nc1cccc(-c2cccc(F)c2F)c1,-9.918142235123367,3.218592063451191,57_1121
O=C(Nc1cccc(-c2cccc(F)c2F)c1)Nc1cccc(-c2cccc(-c3nc4cc(F)ccc4[nH]3)c2F)c1,-10.03279069767442,3.128615257744718,57_1122
O=C(Nc1cccc(-c2cccc(F)c2F)c1)Nc1cccc(-c2cccc(-c3nc4cc(F)ccc4[nH]3)c2F)c1,-10.03279069767442,3.128615257744718,57_1123
O=C(Nc1cccc(-c2cccc(-c3nc4cc(F)ccc4[nH]3)c2)c1)Nc1cccc(-c2cccc(F)c2F)c1,-9.31111111111111,3.1875244530828533,57_1124
O=C(Nc1cccc(-c2cccc(-c3nc4ccccc4[nH]3)c2)c1)Nc1cccc(-c2cccc(F)c2F)c1,-9.918142235123367,3.218592063451191,57_1125
O=C(Nc1cccc(-c2cccc(F)c2F)c1)Nc1cccc(-c2cccc(-c3nc4cc(F)ccc4[nH]3)c2F)c1,-10.03279069767442,3.128615257744718,57_1126
Cn1c(-c2cccc(-c3cccc(NC(=O)Nc4cccc(-c5cccc(F)c5F)c4)c3)c2)nc2ccccc21,-9.954744525547445,3.216920496534968,57_1127
O=C(Nc1cccc(-c2cccc(-c3nc4ccccc4[nH]3)c2)c1)Nc1cccc(-c2cccc(F)c2F)c1,-9.918142235123367,3.218592063451191,57_1128
O=C(Nc1cccc(-c2cccc(-c3nc4ccccc4[nH]3)c2)c1)Nc1cccc(-c2cccc(F)c2F)c1,-9.918142235123367,3.218592063451191,57_1129
O=C(Nc1cccc(-c2cccc(-c3nc4ccccc4[nH]3)c2)c1)Nc1cccc(-c2cccc(F)c2F)c1,-9.918142235123367,3.218592063451191,57_1130
O=C(Nc1cccc(-c2cccc(-c3nc4ccccc4[nH]3)c2)c1)Nc1cccc(-c2cccc(F)c2F)c1,-9.918142235123367,3.218592063451191,57_1131
O=C(Nc1cccc(-c2cccc(F)c2F)c1)Nc1cccc(-c2cccc(-c3nc4cc(F)ccc4[nH]3)c2F)c1,-10.03279069767442,3.128615257744718,57_1132
O=C(Nc1cccc(-c2cccc(-c3nc4ccccc4[nH]3)c2)c1)Nc1cccc(-c2cccc(F)c2F)c1,-9.918142235123367,3.218592063451191,57_1133
O=C(Nc1cccc(-c2cccc(-c3nc4ccccc4[nH]3)c2)c1)Nc1cccc(-c2cccc(F)c2F)c1,-9.918142235123367,3.218592063451191,57_1134
O=C(Nc1cccc(-c2cccc(-c3nc4ccccc4[nH]3)c2)c1)Nc1cccc(-c2cccc(F)c2F)c1,-9.918142235123367,3.218592063451191,57_1135
O=C(Nc1cccc(-c2cccc(-c3nc4ccccc4[nH]3)c2)c1)Nc1cccc(-c2cccc(F)c2F)c1,-9.918142235123367,3.218592063451191,57_1136
O=C(Nc1cccc(-c2cccc(-c3nc4ccccc4[nH]3)c2)c1)Nc1cccc(-c2cccc(F)c2F)c1,-9.918142235123367,3.218592063451191,57_1137
O=C(Nc1cccc(-c2cccc(-c3nc4ccccc4[nH]3)c2)c1)Nc1cccc(-c2cccc(F)c2F)c1,-9.918142235123367,3.218592063451191,57_1138
O=C(Nc1cccc(-c2cccc(-c3nc4ccccc4[nH]3)c2)c1)Nc1cccc(-c2cccc(F)c2F)c1,-9.918142235123367,3.218592063451191,57_1139
O=C(Nc1cccc(-c2cccc(F)c2F)c1)Nc1cccc(-c2cccc(-c3nc4cc(F)ccc4[nH]3)c2F)c1,-10.03279069767442,3.128615257744718,57_1140
O=C(Nc1cccc(-c2cccc(-c3nc4ccccc4[nH]3)c2)c1)Nc1cccc(-c2cccc(F)c2F)c1,-9.918142235123367,3.218592063451191,57_1141
O=C(Nc1cccc(-c2cccc(F)c2F)c1)Nc1cccc(-c2cccc(-c3nc4cc(F)ccc4[nH]3)c2F)c1,-10.03279069767442,3.128615257744718,57_1142
O=C(Nc1cccc(-c2cccc(-c3nc4ccccc4[nH]3)c2)c1)Nc1cccc(-c2cccc(F)c2F)c1,-9.918142235123367,3.218592063451191,57_1143
O=C(Nc1cccc(-c2cccc(-c3nc4ccccc4[nH]3)c2)c1)Nc1cccc(-c2cccc(F)c2F)c1,-9.918142235123367,3.218592063451191,57_1144
O=C(Nc1cccc(-c2cccc(-c3nc4ccccc4[nH]3)c2)c1)Nc1cccc(-c2cccc(F)c2F)c1,-9.918142235123367,3.218592063451191,57_1145
O=C(Nc1cccc(-c2cccc(-c3nc4ccccc4[nH]3)c2)c1)Nc1cccc(-c2cccc(F)c2F)c1,-9.918142235123367,3.218592063451191,57_1146
O=C(Nc1cccc(-c2cccc(-c3nc4ccccc4[nH]3)c2)c1)Nc1cccc(-c2cccc(F)c2F)c1,-9.918142235123367,3.218592063451191,57_1147
O=C(Nc1cccc(-c2cccc(-c3nc4ccccc4[nH]3)c2)c1)Nc1cccc(-c2cccc(F)c2F)c1,-9.918142235123367,3.218592063451191,57_1148
O=C(Nc1cccc(-c2cccc(F)c2F)c1)Nc1cccc(-c2cccc(-c3nc4cc(F)ccc4[nH]3)c2F)c1,-10.03279069767442,3.128615257744718,57_1149
O=C(Nc1cccc(-c2cccc(-c3nc4ccccc4[nH]3)c2)c1)Nc1cccc(-c2cccc(F)c2F)c1,-9.918142235123367,3.218592063451191,57_1150
O=C(Nc1cccc(-c2cccc(F)c2F)c1)Nc1cccc(-c2cccc(-c3nc4cc(F)ccc4[nH]3)c2F)c1,-10.03279069767442,3.128615257744718,57_1151
O=C(Nc1cccc(-c2cccc(F)c2F)c1)Nc1cccc(-c2cccc(-c3nc4cc(F)ccc4[nH]3)c2F)c1,-10.03279069767442,3.128615257744718,57_1152
O=C(Nc1cccc(-c2cccc(F)c2F)c1)Nc1cccc(-c2cccc(-c3nc4cc(F)ccc4[nH]3)c2F)c1,-10.03279069767442,3.128615257744718,57_1153
O=C(Nc1cccc(-c2cccc(-c3nc4ccccc4[nH]3)c2)c1)Nc1cccc(-c2cccc(F)c2F)c1,-9.918142235123367,3.218592063451191,57_1154
O=C(Nc1cccc(-c2cccc(-c3nc4ccccc4[nH]3)c2)c1)Nc1cccc(-c2cccc(F)c2F)c1,-9.918142235123367,3.218592063451191,57_1155
O=C(Nc1cccc(-c2cccc(-c3nc4ccccc4[nH]3)c2)c1)Nc1cccc(-c2cccc(F)c2F)c1,-9.918142235123367,3.218592063451191,57_1156
O=C(Nc1cccc(-c2cccc(-c3nc4ccccc4[nH]3)c2)c1)Nc1cccc(-c2cccc(F)c2F)c1,-9.918142235123367,3.218592063451191,57_1157
O=C(Nc1cccc(-c2cccc(-c3nc4ccccc4[nH]3)c2)c1)Nc1cccc(-c2cccc(F)c2F)c1,-9.918142235123367,3.218592063451191,57_1158
O=C(Nc1cccc(-c2cccc(-c3nc4ccccc4[nH]3)c2)c1)Nc1cccc(-c2cccc(F)c2F)c1,-9.918142235123367,3.218592063451191,57_1159
O=C(Nc1cccc(-c2cccc(-c3nc4ccccc4[nH]3)c2)c1)Nc1cccc(-c2cccc(F)c2F)c1,-9.918142235123367,3.218592063451191,57_1160
O=C(Nc1cccc(-c2cccc(-c3nc4ccccc4[nH]3)c2)c1)Nc1cccc(-c2cccc(F)c2F)c1,-9.918142235123367,3.218592063451191,57_1161
O=C(Nc1cccc(-c2cccc(-c3nc4ccccc4[nH]3)c2)c1)Nc1cccc(-c2cccc(F)c2F)c1,-9.918142235123367,3.218592063451191,57_1162
O=C(Nc1cccc(-c2cccc(-c3nc4ccccc4[nH]3)c2)c1)Nc1cccc(-c2cccc(F)c2F)c1,-9.918142235123367,3.218592063451191,57_1163
O=C(Nc1cccc(-c2cccc(-c3nc4ccccc4[nH]3)c2)c1)Nc1cccc(-c2cccc(F)c2F)c1,-9.918142235123367,3.218592063451191,57_1164
O=C(Nc1cccc(-c2cccc(-c3nc4ccccc4[nH]3)c2)c1)Nc1cccc(-c2cccc(F)c2F)c1,-9.918142235123367,3.218592063451191,57_1165
O=C(Nc1cccc(-c2cccc(F)c2F)c1)Nc1cccc(-c2cccc(-c3nc4cc(F)ccc4[nH]3)c2F)c1,-10.03279069767442,3.128615257744718,57_1166
O=C(Nc1cccc(-c2cccc(-c3nc4ccccc4[nH]3)c2)c1)Nc1cccc(-c2cccc(F)c2F)c1,-9.918142235123367,3.218592063451191,57_1167
O=C(Nc1cccc(-c2cccc(-c3nc4ccccc4[nH]3)c2)c1)Nc1cccc(-c2cccc(F)c2F)c1,-9.918142235123367,3.218592063451191,57_1168
O=C(Nc1cccc(-c2cccc(-c3nc4ccccc4[nH]3)c2)c1)Nc1cccc(-c2cccc(F)c2F)c1,-9.918142235123367,3.218592063451191,57_1169
O=C(Nc1cccc(-c2cccc(-c3nc4ccccc4[nH]3)c2)c1)Nc1cccc(-c2cccc(F)c2F)c1,-9.918142235123367,3.218592063451191,57_1170
O=C(Nc1cccc(-c2cccc(-c3nc4ccccc4[nH]3)c2)c1)Nc1cccc(-c2cccc(F)c2F)c1,-9.918142235123367,3.218592063451191,57_1171
O=C(Nc1cccc(-c2cccc(F)c2F)c1)Nc1cccc(-c2cccc(-c3nc4cc(F)ccc4[nH]3)c2F)c1,-10.03279069767442,3.128615257744718,57_1172
O=C(Nc1cccc(-c2cccc(-c3nc4ccccc4[nH]3)c2)c1)Nc1cccc(-c2cccc(F)c2F)c1,-9.918142235123367,3.218592063451191,57_1173
O=C(Nc1cccc(-c2cccc(-c3nc4ccccc4[nH]3)c2)c1)Nc1cccc(-c2cccc(F)c2F)c1,-9.918142235123367,3.218592063451191,57_1174
O=C(Nc1cccc(-c2cccc(-c3nc4ccccc4[nH]3)c2)c1)Nc1cccc(-c2cccc(F)c2F)c1,-9.918142235123367,3.218592063451191,57_1175
O=C(Nc1cccc(-c2cccc(-c3nc4ccccc4[nH]3)c2)c1)Nc1cccc(-c2cccc(F)c2F)c1,-9.918142235123367,3.218592063451191,57_1176
O=C(Nc1cccc(-c2cccc(-c3nc4ccccc4[nH]3)c2)c1)Nc1cccc(-c2cccc(F)c2F)c1,-9.918142235123367,3.218592063451191,57_1177
O=C(Nc1cccc(-c2cccc(-c3nc4ccccc4[nH]3)c2)c1)Nc1cccc(-c2cccc(F)c2F)c1,-9.918142235123367,3.218592063451191,57_1178
O=C(Nc1cccc(-c2cccc(-c3nc4ccccc4[nH]3)c2)c1)Nc1cccc(-c2cccc(F)c2F)c1,-9.918142235123367,3.218592063451191,57_1179
O=C(Nc1cccc(-c2cccc(F)c2F)c1)Nc1cccc(-c2cccc(-c3nc4cc(F)ccc4[nH]3)c2F)c1,-10.03279069767442,3.128615257744718,57_1180
O=C(Nc1cccc(-c2cccc(-c3nc4ccccc4[nH]3)c2)c1)Nc1cccc(-c2cccc(F)c2F)c1,-9.918142235123367,3.218592063451191,57_1181
O=C(Nc1cccc(-c2cccc(-c3nc4ccccc4[nH]3)c2)c1)Nc1cccc(-c2cccc(F)c2F)c1,-9.918142235123367,3.218592063451191,57_1182
O=C(Nc1cccc(-c2cccc(F)c2F)c1)Nc1cccc(-c2cccc(-c3nc4cc(F)ccc4[nH]3)c2F)c1,-10.03279069767442,3.128615257744718,57_1183
O=C(Nc1cccc(-c2cccc(-c3nc4ccccc4[nH]3)c2)c1)Nc1cccc(-c2cccc(F)c2F)c1,-9.918142235123367,3.218592063451191,57_1184
O=C(Nc1cccc(-c2cccc(-c3nc4ccccc4[nH]3)c2)c1)Nc1cccc(-c2cccc(F)c2F)c1,-9.918142235123367,3.218592063451191,57_1185
O=C(Nc1cccc(-c2cccc(-c3nc4ccccc4[nH]3)c2)c1)Nc1cccc(-c2cccc(F)c2F)c1,-9.918142235123367,3.218592063451191,57_1186
O=C(Nc1cccc(-c2cccc(F)c2F)c1)Nc1cccc(-c2cccc(-c3nc4cc(F)ccc4[nH]3)c2F)c1,-10.03279069767442,3.128615257744718,57_1187
O=C(Nc1cccc(-c2cccc(-c3nc4ccccc4[nH]3)c2)c1)Nc1cccc(-c2cccc(F)c2F)c1,-9.918142235123367,3.218592063451191,57_1188
Cn1c(-c2cccc(-c3cccc(NC(=O)Nc4cccc(-c5cccc(F)c5F)c4)c3)c2)nc2ccccc21,-9.954744525547445,3.216920496534968,57_1189
O=C(Nc1cccc(-c2cccc(-c3nc4ccccc4[nH]3)c2)c1)Nc1cccc(-c2cccc(F)c2F)c1,-9.918142235123367,3.218592063451191,57_1190
O=C(Nc1cccc(-c2cccc(F)c2F)c1)Nc1cccc(-c2cccc(-c3nc4cc(F)ccc4[nH]3)c2F)c1,-10.03279069767442,3.128615257744718,57_1191
O=C(Nc1cccc(-c2cccc(-c3nc4ccccc4[nH]3)c2)c1)Nc1cccc(-c2cccc(F)c2F)c1,-9.918142235123367,3.218592063451191,57_1192
O=C(Nc1cccc(-c2cccc(-c3nc4ccccc4[nH]3)c2)c1)Nc1cccc(-c2cccc(F)c2F)c1,-9.918142235123367,3.218592063451191,57_1193
O=C(Nc1cccc(-c2cccc(-c3nc4ccccc4[nH]3)c2)c1)Nc1cccc(-c2cccc(F)c2F)c1,-9.918142235123367,3.218592063451191,57_1194
O=C(Nc1cccc(-c2cccc(-c3nc4ccccc4[nH]3)c2)c1)Nc1cccc(-c2cccc(F)c2F)c1,-9.918142235123367,3.218592063451191,57_1195
O=C(Nc1cccc(-c2cccc(-c3nc4ccccc4[nH]3)c2)c1)Nc1cccc(-c2cccc(F)c2F)c1,-9.918142235123367,3.218592063451191,57_1196
O=C(Nc1cccc(-c2cccc(-c3nc4ccccc4[nH]3)c2)c1)Nc1cccc(-c2cccc(F)c2F)c1,-9.918142235123367,3.218592063451191,57_1197
O=C(Nc1cccc(-c2cccc(-c3nc4ccccc4[nH]3)c2)c1)Nc1cccc(-c2cccc(F)c2F)c1,-9.918142235123367,3.218592063451191,57_1198
O=C(Nc1cccc(-c2cccc(F)c2F)c1)Nc1cccc(-c2cccc(-c3nc4cc(F)ccc4[nH]3)c2F)c1,-10.03279069767442,3.128615257744718,57_1199
O=C(Nc1cccc(-c2cccc(F)c2F)c1)Nc1cccc(-c2cccc(-c3nc4cc(F)ccc4[nH]3)c2F)c1,-10.03279069767442,3.128615257744718,57_1200
O=C(Nc1cccc(-c2cccc(-c3nc4ccccc4[nH]3)c2)c1)Nc1cccc(-c2cccc(F)c2F)c1,-9.918142235123367,3.218592063451191,57_1201
O=C(NCc1ccccc1Cl)c1cccc(-c2cccc(-c3cccc(-c4cccc(-c5nn[nH]n5)c4)c3)c2)c1,-9.4,3.2495312072717546,57_1202
Cn1c(-c2cccc(-c3cccc(NC(=O)Nc4cccc(-c5cccc(F)c5F)c4)c3)c2)nc2ccccc21,-9.954744525547445,3.216920496534968,57_1203
O=C(Nc1cccc(-c2cccc(-c3nc4ccccc4[nH]3)c2)c1)Nc1cccc(-c2cccc(F)c2F)c1,-9.918142235123367,3.218592063451191,57_1204
O=C(Nc1cccc(-c2cccc(F)c2F)c1)Nc1cccc(-c2cccc(-c3nc4cc(F)ccc4[nH]3)c2F)c1,-10.03279069767442,3.128615257744718,57_1205
O=C(Nc1cccc(-c2cccc(F)c2F)c1)Nc1cccc(-c2cccc(-c3nc4cc(F)ccc4[nH]3)c2F)c1,-10.03279069767442,3.128615257744718,57_1206
O=C(Nc1cccc(-c2cccc(F)c2F)c1)Nc1cccc(-c2cccc(-c3nc4cc(F)ccc4[nH]3)c2F)c1,-10.03279069767442,3.128615257744718,57_1207
O=C(Nc1cccc(-c2cccc(F)c2F)c1)Nc1cccc(-c2cccc(-c3nc4cc(F)ccc4[nH]3)c2F)c1,-10.03279069767442,3.128615257744718,57_1208
O=C(Nc1cccc(-c2cccc(-c3nc4ccccc4[nH]3)c2)c1)Nc1cccc(-c2cccc(F)c2F)c1,-9.918142235123367,3.218592063451191,57_1209
O=C(Nc1cccc(-c2cccc(-c3nc4ccccc4[nH]3)c2)c1)Nc1cccc(-c2cccc(F)c2F)c1,-9.918142235123367,3.218592063451191,57_1210
O=C(Nc1cccc(-c2cccc(-c3nc4ccccc4[nH]3)c2)c1)Nc1cccc(-c2cccc(F)c2F)c1,-9.918142235123367,3.218592063451191,57_1211
O=C(Nc1cccc(-c2cccc(-c3nc4ccccc4[nH]3)c2)c1)Nc1cccc(-c2cccc(F)c2F)c1,-9.918142235123367,3.218592063451191,57_1212
O=C(Nc1cccc(-c2cccc(-c3nc4ccccc4[nH]3)c2)c1)Nc1cccc(-c2cccc(F)c2F)c1,-9.918142235123367,3.218592063451191,57_1213
O=C(Nc1cccc(-c2cccc(-c3nc4ccccc4[nH]3)c2)c1)Nc1cccc(-c2cccc(F)c2F)c1,-9.918142235123367,3.218592063451191,57_1214
O=C(Nc1cccc(-c2cccc(-c3nc4ccccc4[nH]3)c2)c1)Nc1cccc(-c2cccc(F)c2F)c1,-9.918142235123367,3.218592063451191,57_1215
O=C(Nc1cccc(-c2cccc(F)c2F)c1)Nc1cccc(-c2cccc(-c3nc4cc(F)ccc4[nH]3)c2F)c1,-10.03279069767442,3.128615257744718,57_1216
O=C(Nc1cccc(-c2cccc(-c3nc4ccccc4[nH]3)c2)c1)Nc1cccc(-c2cccc(F)c2F)c1,-9.918142235123367,3.218592063451191,57_1217
O=C(Nc1cccc(-c2cccc(F)c2F)c1)Nc1cccc(-c2cccc(-c3nc4cc(F)ccc4[nH]3)c2F)c1,-10.03279069767442,3.128615257744718,57_1218
Cn1c(-c2cccc(-c3cccc(NC(=O)Nc4cccc(-c5cccc(F)c5F)c4)c3)c2)nc2ccccc21,-9.954744525547445,3.216920496534968,57_1219
O=C(Nc1cccc(-c2cccc(F)c2F)c1)Nc1cccc(-c2cccc(-c3nc4cc(F)ccc4[nH]3)c2F)c1,-10.03279069767442,3.128615257744718,57_1220
O=C(Nc1cccc(-c2cccc(-c3nc4ccccc4[nH]3)c2)c1)Nc1cccc(-c2cccc(F)c2F)c1,-9.918142235123367,3.218592063451191,57_1221
O=C(Nc1cccc(-c2cccc(-c3nc4ccccc4[nH]3)c2)c1)Nc1cccc(-c2cccc(F)c2F)c1,-9.918142235123367,3.218592063451191,57_1222
O=C(Nc1cccc(-c2cccc(-c3nc4ccccc4[nH]3)c2)c1)Nc1cccc(-c2cccc(F)c2F)c1,-9.918142235123367,3.218592063451191,57_1223
O=C(Nc1cccc(-c2cccc(-c3nc4ccccc4[nH]3)c2)c1)Nc1cccc(-c2cccc(F)c2F)c1,-9.918142235123367,3.218592063451191,57_1224
O=C(Nc1cccc(-c2cccc(F)c2F)c1)Nc1cccc(-c2cccc(-c3nc4cc(F)ccc4[nH]3)c2F)c1,-10.03279069767442,3.128615257744718,57_1225
O=C(Nc1cccc(-c2cccc(-c3nc4ccccc4[nH]3)c2)c1)Nc1cccc(-c2cccc(F)c2F)c1,-9.918142235123367,3.218592063451191,57_1226
O=C(Nc1cccc(-c2cccc(-c3nc4ccccc4[nH]3)c2)c1)Nc1cccc(-c2cccc(F)c2F)c1,-9.918142235123367,3.218592063451191,57_1227
O=C(Nc1cccc(-c2cccc(F)c2F)c1)Nc1cccc(-c2cccc(-c3nc4cc(F)ccc4[nH]3)c2F)c1,-10.03279069767442,3.128615257744718,57_1228
O=C(Nc1cccc(-c2cccc(-c3nc4ccccc4[nH]3)c2)c1)Nc1cccc(-c2cccc(F)c2F)c1,-9.918142235123367,3.218592063451191,57_1229
O=C(Nc1cccc(-c2cccc(-c3nc4ccccc4[nH]3)c2)c1)Nc1cccc(-c2cccc(F)c2F)c1,-9.918142235123367,3.218592063451191,57_1230
O=C(Nc1cccc(-c2cccc(-c3nc4ccccc4[nH]3)c2)c1)Nc1cccc(-c2cccc(F)c2F)c1,-9.918142235123367,3.218592063451191,57_1231
O=C(Nc1cccc(-c2cccc(-c3nc4ccccc4[nH]3)c2)c1)Nc1cccc(-c2cccc(F)c2F)c1,-9.918142235123367,3.218592063451191,57_1232
O=C(Nc1cccc(-c2cccc(-c3nc4ccccc4[nH]3)c2)c1)Nc1cccc(-c2cccc(F)c2F)c1,-9.918142235123367,3.218592063451191,57_1233
O=C(Nc1cccc(-c2cccc(F)c2F)c1)Nc1cccc(-c2cccc(-c3nc4cc(F)ccc4[nH]3)c2F)c1,-10.03279069767442,3.128615257744718,57_1234
O=C(Nc1cccc(-c2cccc(-c3nc4ccccc4[nH]3)c2)c1)Nc1cccc(-c2cccc(F)c2F)c1,-9.918142235123367,3.218592063451191,57_1235
O=C(Nc1cccc(-c2cccc(F)c2F)c1)Nc1cccc(-c2cccc(-c3nc4cc(F)ccc4[nH]3)c2F)c1,-10.03279069767442,3.128615257744718,57_1236
O=C(Nc1cccc(-c2cccc(-c3nc4ccccc4[nH]3)c2)c1)Nc1cccc(-c2cccc(F)c2F)c1,-9.918142235123367,3.218592063451191,57_1237
O=C(Nc1cccc(-c2cccc(-c3nc4ccccc4[nH]3)c2)c1)Nc1cccc(-c2cccc(F)c2F)c1,-9.918142235123367,3.218592063451191,57_1238
O=C(Nc1cccc(-c2cccc(F)c2F)c1)Nc1cccc(-c2cccc(-c3nc4cc(F)ccc4[nH]3)c2F)c1,-10.03279069767442,3.128615257744718,57_1239
O=C(Nc1cccc(-c2cccc(-c3nc4ccccc4[nH]3)c2)c1)Nc1cccc(-c2cccc(F)c2F)c1,-9.918142235123367,3.218592063451191,57_1240
O=C(Nc1cccc(-c2cccc(-c3nc4ccccc4[nH]3)c2)c1)Nc1cccc(-c2cccc(F)c2F)c1,-9.918142235123367,3.218592063451191,57_1241
O=C(Nc1cccc(-c2cccc(-c3nc4ccccc4[nH]3)c2)c1)Nc1cccc(-c2cccc(F)c2F)c1,-9.918142235123367,3.218592063451191,57_1242
O=C(Nc1cccc(-c2cccc(-c3nc4ccccc4[nH]3)c2)c1)Nc1cccc(-c2cccc(F)c2F)c1,-9.918142235123367,3.218592063451191,57_1243
O=C(Nc1cccc(-c2cccc(-c3nc4ccccc4[nH]3)c2)c1)Nc1cccc(-c2cccc(F)c2F)c1,-9.918142235123367,3.218592063451191,57_1244
O=C(Nc1cccc(-c2cccc(F)c2F)c1)Nc1cccc(-c2cccc(-c3nc4cc(F)ccc4[nH]3)c2F)c1,-10.03279069767442,3.128615257744718,57_1245
O=C(Nc1cccc(-c2cccc(-c3nc4ccccc4[nH]3)c2)c1)Nc1cccc(-c2cccc(F)c2F)c1,-9.918142235123367,3.218592063451191,57_1246
O=C(Nc1cccc(-c2cccc(-c3nc4ccccc4[nH]3)c2)c1)Nc1cccc(-c2cccc(F)c2F)c1,-9.918142235123367,3.218592063451191,57_1247
O=C(Nc1cccc(-c2cccc(F)c2F)c1)Nc1cccc(-c2cccc(-c3nc4cc(F)ccc4[nH]3)c2F)c1,-10.03279069767442,3.128615257744718,57_1248
O=C(Nc1cccc(-c2cccc(-c3nc4ccccc4[nH]3)c2)c1)Nc1cccc(-c2cccc(F)c2F)c1,-9.918142235123367,3.218592063451191,57_1249
O=C(Nc1cccc(-c2cccc(-c3nc4ccccc4[nH]3)c2)c1)Nc1cccc(-c2cccc(F)c2F)c1,-9.918142235123367,3.218592063451191,57_1250
O=C(Nc1cccc(-c2cccc(F)c2F)c1)Nc1cccc(-c2cccc(-c3nc4cc(F)ccc4[nH]3)c2F)c1,-10.03279069767442,3.128615257744718,57_1251
O=C(Nc1cccc(-c2cccc(-c3nc4ccccc4[nH]3)c2)c1)Nc1cccc(-c2cccc(F)c2F)c1,-9.918142235123367,3.218592063451191,57_1252
O=C(Nc1cccc(-c2cccc(-c3nc4ccccc4[nH]3)c2)c1)Nc1cccc(-c2cccc(F)c2F)c1,-9.918142235123367,3.218592063451191,57_1253
O=C(Nc1cccc(-c2cccc(F)c2F)c1)Nc1cccc(-c2cccc(-c3nc4cc(F)ccc4[nH]3)c2F)c1,-10.03279069767442,3.128615257744718,57_1254
O=C(Nc1cccc(-c2cccc(F)c2F)c1)Nc1cccc(-c2cccc(-c3nc4cc(F)ccc4[nH]3)c2F)c1,-10.03279069767442,3.128615257744718,57_1255
O=C(Nc1cccc(-c2cccc(-c3nc4ccccc4[nH]3)c2)c1)Nc1cccc(-c2cccc(F)c2F)c1,-9.918142235123367,3.218592063451191,57_1256
O=C(Nc1cccc(-c2cccc(-c3nc4ccccc4[nH]3)c2)c1)Nc1cccc(-c2cccc(F)c2F)c1,-9.918142235123367,3.218592063451191,57_1257
O=C(Nc1cccc(-c2cccc(-c3nc4ccccc4[nH]3)c2)c1)Nc1cccc(-c2cccc(F)c2F)c1,-9.918142235123367,3.218592063451191,57_1258
O=C(Nc1cccc(-c2cccc(-c3nc4ccccc4[nH]3)c2)c1)Nc1cccc(-c2cccc(F)c2F)c1,-9.918142235123367,3.218592063451191,57_1259
O=C(Nc1cccc(-c2cccc(-c3nc4ccccc4[nH]3)c2)c1)Nc1cccc(-c2cccc(F)c2F)c1,-9.918142235123367,3.218592063451191,57_1260
Cn1c(-c2cccc(-c3cccc(NC(=O)Nc4cccc(-c5cccc(F)c5F)c4)c3)c2)nc2ccccc21,-9.954744525547445,3.216920496534968,57_1261
Nc1cccc(-c2cccc(-c3cccc(-c4cccc5ccccc45)c3)c2)c1,-9.4,3.0331683064485344,57_1262
O=C(Nc1cccc(-c2cccc(-c3nc4ccccc4[nH]3)c2)c1)Nc1cccc(-c2cccc(F)c2F)c1,-9.918142235123367,3.218592063451191,57_1263
O=C(Nc1cccc(-c2cccc(-c3nc4ccccc4[nH]3)c2)c1)Nc1cccc(-c2cccc(F)c2F)c1,-9.918142235123367,3.218592063451191,57_1264
O=C(Nc1cccc(-c2cccc(-c3nc4ccccc4[nH]3)c2)c1)Nc1cccc(-c2cccc(F)c2F)c1,-9.918142235123367,3.218592063451191,57_1265
O=C(Nc1cccc(-c2cccc(F)c2F)c1)Nc1cccc(-c2cccc(-c3nc4cc(F)ccc4[nH]3)c2F)c1,-10.03279069767442,3.128615257744718,57_1266
O=C(Nc1cccc(-c2cccc(F)c2F)c1)Nc1cccc(-c2cccc(-c3nc4cc(F)ccc4[nH]3)c2F)c1,-10.03279069767442,3.128615257744718,57_1267
O=C(Nc1cccc(-c2cccc(-c3nc4ccccc4[nH]3)c2)c1)Nc1cccc(-c2cccc(F)c2F)c1,-9.918142235123367,3.218592063451191,57_1268
O=C(Nc1cccc(-c2cccc(-c3nc4ccccc4[nH]3)c2)c1)Nc1cccc(-c2cccc(F)c2F)c1,-9.918142235123367,3.218592063451191,57_1269
O=C(Nc1cccc(-c2cccc(-c3nc4ccccc4[nH]3)c2)c1)Nc1cccc(-c2cccc(F)c2F)c1,-9.918142235123367,3.218592063451191,57_1270
O=C(Nc1cccc(-c2cccc(-c3nc4ccccc4[nH]3)c2)c1)Nc1cccc(-c2cccc(F)c2F)c1,-9.918142235123367,3.218592063451191,57_1271
O=C(Nc1cccc(-c2cccc(-c3nc4ccccc4[nH]3)c2)c1)Nc1cccc(-c2cccc(F)c2F)c1,-9.918142235123367,3.218592063451191,57_1272
O=C(Nc1cccc(-c2cccc(-c3nc4ccccc4[nH]3)c2)c1)Nc1cccc(-c2cccc(F)c2F)c1,-9.918142235123367,3.218592063451191,57_1273
O=C(Nc1cccc(-c2cccc(F)c2F)c1)Nc1cccc(-c2cccc(-c3nc4cc(F)ccc4[nH]3)c2F)c1,-10.03279069767442,3.128615257744718,57_1274
Cn1c(-c2cccc(-c3cccc(NC(=O)Nc4cccc(-c5cccc(F)c5F)c4)c3)c2)nc2ccccc21,-9.954744525547445,3.216920496534968,57_1275
O=C(Nc1cccc(-c2cccc(-c3nc4ccccc4[nH]3)c2)c1)Nc1cccc(-c2cccc(F)c2F)c1,-9.918142235123367,3.218592063451191,57_1276
O=C(Nc1cccc(-c2cccc(-c3nc4ccccc4[nH]3)c2)c1)Nc1cccc(-c2cccc(F)c2F)c1,-9.918142235123367,3.218592063451191,57_1277
O=C(Nc1cccc(-c2cccc(-c3nc4ccccc4[nH]3)c2)c1)Nc1cccc(-c2cccc(F)c2F)c1,-9.918142235123367,3.218592063451191,57_1278
O=C(Nc1cccc(-c2cccc(-c3nc4ccccc4[nH]3)c2)c1)Nc1cccc(-c2cccc(F)c2F)c1,-9.918142235123367,3.218592063451191,57_1279
O=C(Nc1cccc(-c2cccc(-c3nc4ccccc4[nH]3)c2)c1)Nc1cccc(-c2cccc(F)c2F)c1,-9.918142235123367,3.218592063451191,57_1280
O=C(Nc1cccc(-c2cccc(-c3nc4ccccc4[nH]3)c2)c1)Nc1cccc(-c2cccc(F)c2F)c1,-9.918142235123367,3.218592063451191,57_1281
O=C(Nc1cccc(-c2cccc(F)c2F)c1)Nc1cccc(-c2cccc(-c3nc4cc(F)ccc4[nH]3)c2F)c1,-10.03279069767442,3.128615257744718,57_1282
O=C(Nc1cccc(-c2cccc(-c3nc4ccccc4[nH]3)c2)c1)Nc1cccc(-c2cccc(F)c2F)c1,-9.918142235123367,3.218592063451191,57_1283
O=C(Nc1cccc(-c2cccc(-c3nc4ccccc4[nH]3)c2)c1)Nc1cccc(-c2cccc(F)c2F)c1,-9.918142235123367,3.218592063451191,57_1284
O=C(Nc1cccc(-c2cccc(-c3nc4ccccc4[nH]3)c2)c1)Nc1cccc(-c2cccc(F)c2F)c1,-9.918142235123367,3.218592063451191,57_1285
O=C(Nc1cccc(-c2cccc(-c3nc4ccccc4[nH]3)c2)c1)Nc1cccc(-c2cccc(F)c2F)c1,-9.918142235123367,3.218592063451191,57_1286
O=C(Nc1cccc(-c2cccc(-c3nc4ccccc4[nH]3)c2)c1)Nc1cccc(-c2cccc(F)c2F)c1,-9.918142235123367,3.218592063451191,57_1287
O=C(Nc1cccc(-c2cccc(-c3nc4ccccc4[nH]3)c2)c1)Nc1cccc(-c2cccc(F)c2F)c1,-9.918142235123367,3.218592063451191,57_1288
O=C(Nc1cccc(-c2cccc(-c3nc4ccccc4[nH]3)c2)c1)Nc1cccc(-c2cccc(F)c2F)c1,-9.918142235123367,3.218592063451191,57_1289
O=C(Nc1cccc(-c2cccc(-c3nc4ccccc4[nH]3)c2)c1)Nc1cccc(-c2cccc(F)c2F)c1,-9.918142235123367,3.218592063451191,57_1290
O=C(Nc1cccc(-c2cccc(-c3nc4ccccc4[nH]3)c2)c1)Nc1cccc(-c2cccc(F)c2F)c1,-9.918142235123367,3.218592063451191,57_1291
O=C(Nc1cccc(-c2cccc(-c3nc4ccccc4[nH]3)c2)c1)Nc1cccc(-c2cccc(F)c2F)c1,-9.918142235123367,3.218592063451191,57_1292
O=C(Nc1cccc(-c2cccc(-c3nc4ccccc4[nH]3)c2)c1)Nc1cccc(-c2cccc(F)c2F)c1,-9.918142235123367,3.218592063451191,57_1293
O=C(Nc1cccc(-c2cccc(F)c2F)c1)Nc1cccc(-c2cccc(-c3nc4cc(F)ccc4[nH]3)c2F)c1,-10.03279069767442,3.128615257744718,57_1294
O=C(Nc1cccc(-c2cccc(-c3nc4ccccc4[nH]3)c2)c1)Nc1cccc(-c2cccc(F)c2F)c1,-9.918142235123367,3.218592063451191,57_1295
O=C(Nc1cccc(-c2cccc(-c3nc4ccccc4[nH]3)c2)c1)Nc1cccc(-c2cccc(F)c2F)c1,-9.918142235123367,3.218592063451191,57_1296
O=C(Nc1cccc(-c2cccc(F)c2F)c1)Nc1cccc(-c2cccc(-c3nc4cc(F)ccc4[nH]3)c2F)c1,-10.03279069767442,3.128615257744718,57_1297
O=C(Nc1cccc(-c2cccc(F)c2F)c1)Nc1cccc(-c2cccc(-c3nc4cc(F)ccc4[nH]3)c2F)c1,-10.03279069767442,3.128615257744718,57_1298
Cn1c(-c2cccc(-c3cccc(NC(=O)Nc4cccc(-c5cccc(F)c5F)c4)c3)c2)nc2ccccc21,-9.954744525547445,3.216920496534968,57_1299
O=C(Nc1cccc(-c2cccc(F)c2F)c1)Nc1cccc(-c2cccc(-c3nc4cc(F)ccc4[nH]3)c2F)c1,-10.03279069767442,3.128615257744718,57_1300
O=C(Nc1cccc(-c2cccc(-c3nc4ccccc4[nH]3)c2)c1)Nc1cccc(-c2cccc(F)c2F)c1,-9.918142235123367,3.218592063451191,57_1301
Cn1c(-c2cccc(-c3cccc(NC(=O)Nc4cccc(-c5cccc(F)c5F)c4)c3)c2)nc2ccccc21,-9.954744525547445,3.216920496534968,57_1302
O=C(Nc1cccc(-c2cccc(-c3nc4ccccc4[nH]3)c2)c1)Nc1cccc(-c2cccc(F)c2F)c1,-9.918142235123367,3.218592063451191,57_1303
O=C(Nc1cccc(-c2cccc(-c3nc4ccccc4[nH]3)c2)c1)Nc1cccc(-c2cccc(F)c2F)c1,-9.918142235123367,3.218592063451191,57_1304
O=C(Nc1cccc(-c2cccc(-c3nc4ccccc4[nH]3)c2)c1)Nc1cccc(-c2cccc(F)c2F)c1,-9.918142235123367,3.218592063451191,57_1305
O=C(Nc1cccc(-c2cccc(-c3nc4ccccc4[nH]3)c2)c1)Nc1cccc(-c2cccc(F)c2F)c1,-9.918142235123367,3.218592063451191,57_1306
O=C(Nc1cccc(-c2cccc(-c3nc4ccccc4[nH]3)c2)c1)Nc1cccc(-c2cccc(F)c2F)c1,-9.918142235123367,3.218592063451191,57_1307
O=C(Nc1cccc(-c2cccc(F)c2F)c1)Nc1cccc(-c2cccc(-c3nc4cc(F)ccc4[nH]3)c2F)c1,-10.03279069767442,3.128615257744718,57_1308
Cn1c(-c2cccc(-c3cccc(NC(=O)Nc4cccc(-c5cccc(F)c5F)c4)c3)c2)nc2ccccc21,-9.954744525547445,3.216920496534968,57_1309
Cn1c(-c2cccc(-c3cccc(NC(=O)Nc4cccc(-c5cccc(F)c5F)c4)c3)c2)nc2ccccc21,-9.954744525547445,3.216920496534968,57_1310
Cn1c(-c2cccc(-c3cccc(NC(=O)Nc4cccc(-c5cccc(F)c5F)c4)c3)c2)nc2ccccc21,-9.954744525547445,3.216920496534968,57_1311
O=C(Nc1cccc(-c2cccc(-c3nc4cc(F)ccc4[nH]3)c2)c1)Nc1cccc(-c2cccc(F)c2F)c1,-9.31111111111111,3.1875244530828533,57_1312
O=C(Nc1cccc(-c2cccc(-c3nc4ccccc4[nH]3)c2)c1)Nc1cccc(-c2cccc(F)c2F)c1,-9.918142235123367,3.218592063451191,57_1313
O=C(Nc1cccc(-c2cccc(-c3nc4ccccc4[nH]3)c2)c1)Nc1cccc(-c2cccc(F)c2F)c1,-9.918142235123367,3.218592063451191,57_1314
Cn1c(-c2cccc(-c3cccc(NC(=O)Nc4cccc(-c5cccc(F)c5F)c4)c3)c2)nc2ccccc21,-9.954744525547445,3.216920496534968,57_1315
O=C(Nc1cccc(-c2cccc(F)c2F)c1)Nc1cccc(-c2cccc(-c3nc4cc(F)ccc4[nH]3)c2F)c1,-10.03279069767442,3.128615257744718,57_1316
O=C(Nc1cccc(-c2cccc(-c3nc4ccccc4[nH]3)c2)c1)Nc1cccc(-c2cccc(F)c2F)c1,-9.918142235123367,3.218592063451191,57_1317
O=C(Nc1cccc(-c2cccc(-c3nc4ccccc4[nH]3)c2)c1)Nc1cccc(-c2cccc(F)c2F)c1,-9.918142235123367,3.218592063451191,57_1318
O=C(Nc1cccc(-c2cccc(-c3nc4ccccc4[nH]3)c2)c1)Nc1cccc(-c2cccc(F)c2F)c1,-9.918142235123367,3.218592063451191,57_1319
O=C(Nc1cccc(-c2cccc(F)c2F)c1)Nc1cccc(-c2cccc(-c3nc4cc(F)ccc4[nH]3)c2F)c1,-10.03279069767442,3.128615257744718,57_1320
O=C(Nc1cccc(-c2cccc(-c3nc4ccccc4[nH]3)c2)c1)Nc1cccc(-c2cccc(F)c2F)c1,-9.918142235123367,3.218592063451191,57_1321
O=C(Nc1cccc(-c2cccc(F)c2F)c1)Nc1cccc(-c2cccc(-c3nc4cc(F)ccc4[nH]3)c2F)c1,-10.03279069767442,3.128615257744718,57_1322
O=C(Nc1cccc(-c2cccc(-c3nc4ccccc4[nH]3)c2)c1)Nc1cccc(-c2cccc(F)c2F)c1,-9.918142235123367,3.218592063451191,57_1323
O=C(Nc1cccc(-c2cccc(-c3nc4ccccc4[nH]3)c2)c1)Nc1cccc(-c2cccc(F)c2F)c1,-9.918142235123367,3.218592063451191,57_1324
O=C(Nc1cccc(-c2cccc(-c3nc4ccccc4[nH]3)c2)c1)Nc1cccc(-c2cccc(F)c2F)c1,-9.918142235123367,3.218592063451191,57_1325
O=C(Nc1cccc(-c2cccc(F)c2F)c1)Nc1cccc(-c2cccc(-c3nc4cc(F)ccc4[nH]3)c2F)c1,-10.03279069767442,3.128615257744718,57_1326
O=C(Nc1cccc(-c2cccc(-c3nc4ccccc4[nH]3)c2)c1)Nc1cccc(-c2cccc(F)c2F)c1,-9.918142235123367,3.218592063451191,57_1327
O=C(Nc1cccc(-c2cccc(-c3nc4ccccc4[nH]3)c2)c1)Nc1cccc(-c2cccc(F)c2F)c1,-9.918142235123367,3.218592063451191,57_1328
O=C(Nc1cccc(-c2cccc(-c3nc4ccccc4[nH]3)c2)c1)Nc1cccc(-c2cccc(F)c2F)c1,-9.918142235123367,3.218592063451191,57_1329
O=C(Nc1cccc(-c2cccc(F)c2F)c1)Nc1cccc(-c2cccc(-c3nc4cc(F)ccc4[nH]3)c2F)c1,-10.03279069767442,3.128615257744718,57_1330
O=C(Nc1cccc(-c2cccc(-c3nc4ccccc4[nH]3)c2)c1)Nc1cccc(-c2cccc(F)c2F)c1,-9.918142235123367,3.218592063451191,57_1331
O=C(Nc1cccc(-c2cccc(-c3nc4ccccc4[nH]3)c2)c1)Nc1cccc(-c2cccc(F)c2F)c1,-9.918142235123367,3.218592063451191,57_1332
O=C(Nc1cccc(-c2cccc(-c3nc4ccccc4[nH]3)c2)c1)Nc1cccc(-c2cccc(F)c2F)c1,-9.918142235123367,3.218592063451191,57_1333
O=C(Nc1cccc(-c2cccc(F)c2F)c1)Nc1cccc(-c2cccc(C(=O)N3CCOCC3)c2F)c1,-9.95,3.511891970573153,57_1334
O=C(Nc1cccc(-c2cccc(F)c2F)c1)Nc1cccc(-c2cccc(-c3nc4cc(F)ccc4[nH]3)c2F)c1,-10.03279069767442,3.128615257744718,57_1335
O=C(Nc1cccc(-c2cccc(F)c2F)c1)Nc1cccc(-c2cccc(-c3nc4cc(F)ccc4[nH]3)c2F)c1,-10.03279069767442,3.128615257744718,57_1336
O=C(Nc1cccc(-c2cccc(F)c2F)c1)Nc1cccc(-c2cccc(-c3nc4cc(F)ccc4[nH]3)c2F)c1,-10.03279069767442,3.128615257744718,57_1337
O=C(Nc1cccc(-c2cccc(-c3nc4ccccc4[nH]3)c2)c1)Nc1cccc(-c2cccc(F)c2F)c1,-9.918142235123367,3.218592063451191,57_1338
O=C(Nc1cccc(-c2cccc(-c3nc4ccccc4[nH]3)c2)c1)Nc1cccc(-c2cccc(F)c2F)c1,-9.918142235123367,3.218592063451191,57_1339
O=C(Nc1cccc(-c2cccc(-c3nc4ccccc4[nH]3)c2)c1)Nc1cccc(-c2cccc(F)c2F)c1,-9.918142235123367,3.218592063451191,57_1340
Cn1c(-c2cccc(-c3cccc(NC(=O)Nc4cccc(-c5cccc(F)c5F)c4)c3)c2)nc2ccccc21,-9.954744525547445,3.216920496534968,57_1341
Cn1c(-c2cccc(-c3cccc(NC(=O)Nc4cccc(-c5cccc(F)c5F)c4)c3)c2)nc2ccccc21,-9.954744525547445,3.216920496534968,57_1342
O=C(Nc1cccc(-c2cccc(-c3nc4ccccc4[nH]3)c2)c1)Nc1cccc(-c2cccc(F)c2F)c1,-9.918142235123367,3.218592063451191,57_1343
Cn1c(-c2cccc(-c3cccc(NC(=O)Nc4cccc(-c5cccc(F)c5F)c4)c3)c2)nc2ccccc21,-9.954744525547445,3.216920496534968,57_1344
O=C(Nc1cccc(-c2cccc(-c3nc4ccccc4[nH]3)c2)c1)Nc1cccc(-c2cccc(F)c2F)c1,-9.918142235123367,3.218592063451191,57_1345
O=C(Nc1cccc(-c2cccc(F)c2F)c1)Nc1cccc(-c2cccc(-c3nc4cc(F)ccc4[nH]3)c2F)c1,-10.03279069767442,3.128615257744718,57_1346
O=C(Nc1cccc(-c2cccc(-c3nc4ccccc4[nH]3)c2)c1)Nc1cccc(-c2cccc(F)c2F)c1,-9.918142235123367,3.218592063451191,57_1347
O=C(Nc1cccc(-c2cccc(F)c2F)c1)Nc1cccc(-c2cccc(-c3nc4cc(F)ccc4[nH]3)c2F)c1,-10.03279069767442,3.128615257744718,57_1348
O=C(Nc1cccc(-c2cccc(-c3nc4ccccc4[nH]3)c2)c1)Nc1cccc(-c2cccc(F)c2F)c1,-9.918142235123367,3.218592063451191,57_1349
O=C(Nc1cccc(-c2cccc(F)c2F)c1)Nc1cccc(-c2cccc(-c3nc4cc(F)ccc4[nH]3)c2F)c1,-10.03279069767442,3.128615257744718,57_1350
O=C(Nc1cccc(-c2cccc(F)c2F)c1)Nc1cccc(-c2cccc(-c3nc4cc(F)ccc4[nH]3)c2F)c1,-10.03279069767442,3.128615257744718,57_1351
Cn1c(-c2cccc(-c3cccc(NC(=O)Nc4cccc(-c5cccc(F)c5F)c4)c3)c2)nc2ccccc21,-9.954744525547445,3.216920496534968,57_1352
O=C(Nc1cccc(-c2cccc(-c3nc4ccccc4[nH]3)c2)c1)Nc1cccc(-c2cccc(F)c2F)c1,-9.918142235123367,3.218592063451191,57_1353
O=C(Nc1cccc(-c2cccc(-c3nc4ccccc4[nH]3)c2)c1)Nc1cccc(-c2cccc(F)c2F)c1,-9.918142235123367,3.218592063451191,57_1354
O=C(Nc1cccc(-c2cccc(F)c2F)c1)Nc1cccc(-c2cccc(-c3nc4cc(F)ccc4[nH]3)c2F)c1,-10.03279069767442,3.128615257744718,57_1355
O=C(Nc1cccc(-c2cccc(-c3nc4ccccc4[nH]3)c2)c1)Nc1cccc(-c2cccc(F)c2F)c1,-9.918142235123367,3.218592063451191,57_1356
O=C(Nc1cccc(-c2cccc(-c3nc4ccccc4[nH]3)c2)c1)Nc1cccc(-c2cccc(F)c2F)c1,-9.918142235123367,3.218592063451191,57_1357
O=C(Nc1cccc(-c2cccc(-c3nc4ccccc4[nH]3)c2)c1)Nc1cccc(-c2cccc(F)c2F)c1,-9.918142235123367,3.218592063451191,57_1358
O=C(Nc1cccc(-c2cccc(-c3nc4ccccc4[nH]3)c2)c1)Nc1cccc(-c2cccc(F)c2F)c1,-9.918142235123367,3.218592063451191,57_1359
O=C(Nc1cccc(-c2cccc(-c3nc4ccccc4[nH]3)c2)c1)Nc1cccc(-c2cccc(F)c2F)c1,-9.918142235123367,3.218592063451191,57_1360
O=C(Nc1cccc(-c2cccc(-c3nc4ccccc4[nH]3)c2)c1)Nc1cccc(-c2cccc(F)c2F)c1,-9.918142235123367,3.218592063451191,57_1361
O=C(Nc1cccc(-c2cccc(-c3nc4ccccc4[nH]3)c2)c1)Nc1cccc(-c2cccc(F)c2F)c1,-9.918142235123367,3.218592063451191,57_1362
O=C(Nc1cccc(-c2cccc(-c3nc4ccccc4[nH]3)c2)c1)Nc1cccc(-c2cccc(F)c2F)c1,-9.918142235123367,3.218592063451191,57_1363
O=C(Nc1cccc(-c2cccc(-c3nc4ccccc4[nH]3)c2)c1)Nc1cccc(-c2cccc(F)c2F)c1,-9.918142235123367,3.218592063451191,57_1364
O=C(Nc1cccc(-c2cccc(-c3nc4ccccc4[nH]3)c2)c1)Nc1cccc(-c2cccc(F)c2F)c1,-9.918142235123367,3.218592063451191,57_1365
O=C(Nc1cccc(-c2cccc(-c3nc4ccccc4[nH]3)c2)c1)Nc1cccc(-c2cccc(F)c2F)c1,-9.918142235123367,3.218592063451191,57_1366
O=C(Nc1cccc(-c2cccc(-c3nc4ccccc4[nH]3)c2)c1)Nc1cccc(-c2cccc(F)c2F)c1,-9.918142235123367,3.218592063451191,57_1367
O=C(Nc1cccc(-c2cccc(-c3nc4ccccc4[nH]3)c2)c1)Nc1cccc(-c2cccc(F)c2F)c1,-9.918142235123367,3.218592063451191,57_1368
O=C(Nc1cccc(-c2cccc(-c3nc4ccccc4[nH]3)c2)c1)Nc1cccc(-c2cccc(F)c2F)c1,-9.918142235123367,3.218592063451191,57_1369
O=C(Nc1cccc(-c2cccc(-c3nc4ccccc4[nH]3)c2)c1)Nc1cccc(-c2cccc(F)c2F)c1,-9.918142235123367,3.218592063451191,57_1370
O=C(Nc1cccc(-c2cccc(-c3nc4ccccc4[nH]3)c2)c1)Nc1cccc(-c2cccc(F)c2F)c1,-9.918142235123367,3.218592063451191,57_1371
O=C(Nc1cccc(-c2cccc(-c3nc4ccccc4[nH]3)c2)c1)Nc1cccc(-c2cccc(F)c2F)c1,-9.918142235123367,3.218592063451191,57_1372
O=C(Nc1cccc(-c2cccc(-c3nc4ccccc4[nH]3)c2)c1)Nc1cccc(-c2cccc(F)c2F)c1,-9.918142235123367,3.218592063451191,57_1373
O=C(Nc1cccc(-c2cccc(-c3nc4ccccc4[nH]3)c2)c1)Nc1cccc(-c2cccc(F)c2F)c1,-9.918142235123367,3.218592063451191,57_1374
O=C(Nc1cccc(-c2cccc(-c3nc4ccccc4[nH]3)c2)c1)Nc1cccc(-c2cccc(F)c2F)c1,-9.918142235123367,3.218592063451191,57_1375
O=C(Nc1cccc(-c2cccc(-c3nc4ccccc4[nH]3)c2)c1)Nc1cccc(-c2cccc(F)c2F)c1,-9.918142235123367,3.218592063451191,57_1376
O=C(Nc1cccc(-c2cccc(-c3nc4ccccc4[nH]3)c2)c1)Nc1cccc(-c2cccc(F)c2F)c1,-9.918142235123367,3.218592063451191,57_1377
O=C(Nc1cccc(-c2cccc(-c3nc4ccccc4[nH]3)c2)c1)Nc1cccc(-c2cccc(F)c2F)c1,-9.918142235123367,3.218592063451191,57_1378
O=C(Nc1cccc(-c2cccc(-c3nc4ccccc4[nH]3)c2)c1)Nc1cccc(-c2cccc(F)c2F)c1,-9.918142235123367,3.218592063451191,57_1379
O=C(Nc1cccc(-c2cccc(-c3nc4ccccc4[nH]3)c2)c1)Nc1cccc(-c2cccc(F)c2F)c1,-9.918142235123367,3.218592063451191,57_1380
O=C(Nc1cccc(-c2cccc(-c3nc4ccccc4[nH]3)c2)c1)Nc1cccc(-c2cccc(F)c2F)c1,-9.918142235123367,3.218592063451191,57_1381
O=C(Nc1cccc(-c2cccc(F)c2F)c1)Nc1cccc(-c2cccc(-c3nc4cc(F)ccc4[nH]3)c2F)c1,-10.03279069767442,3.128615257744718,57_1382
O=C(Nc1cccc(-c2cccc(-c3nc4ccccc4[nH]3)c2)c1)Nc1cccc(-c2cccc3ccccc23)c1,-9.1,3.1009302091104836,57_1383
O=C(Nc1cccc(-c2cccc(-c3nc4ccccc4[nH]3)c2)c1)Nc1cccc(-c2cccc(F)c2F)c1,-9.918142235123367,3.218592063451191,57_1384
O=C(Nc1cccc(-c2cccc(F)c2F)c1)Nc1cccc(-c2cccc(-c3nc4cc(F)ccc4[nH]3)c2F)c1,-10.03279069767442,3.128615257744718,57_1385
O=C(Nc1cccc(-c2cccc(-c3nc4ccccc4[nH]3)c2)c1)Nc1cccc(-c2cccc(F)c2F)c1,-9.918142235123367,3.218592063451191,57_1386
O=C(Nc1cccc(-c2cccc(-c3nc4ccccc4[nH]3)c2)c1)Nc1cccc(-c2cccc(F)c2F)c1,-9.918142235123367,3.218592063451191,57_1387
O=C(Nc1cccc(-c2cccc(-c3nc4ccccc4[nH]3)c2)c1)Nc1cccc(-c2cccc(F)c2F)c1,-9.918142235123367,3.218592063451191,57_1388
O=C(Nc1cccc(-c2cccc(-c3nc4ccccc4[nH]3)c2)c1)Nc1cccc(-c2cccc(F)c2F)c1,-9.918142235123367,3.218592063451191,57_1389
O=C(Nc1cccc(-c2cccc(-c3nc4ccccc4[nH]3)c2)c1)Nc1cccc(-c2cccc(F)c2F)c1,-9.918142235123367,3.218592063451191,57_1390
O=C(Nc1cccc(-c2cccc(F)c2F)c1)Nc1cccc(-c2cccc(-c3nc4cc(F)ccc4[nH]3)c2F)c1,-10.03279069767442,3.128615257744718,57_1391
O=C(Nc1cccc(-c2cccc(-c3nc4ccccc4[nH]3)c2)c1)Nc1cccc(-c2cccc(F)c2F)c1,-9.918142235123367,3.218592063451191,57_1392
O=C(Nc1cccc(-c2cccc(F)c2F)c1)Nc1cccc(-c2cccc(-c3nc4cc(F)ccc4[nH]3)c2F)c1,-10.03279069767442,3.128615257744718,57_1393
O=C(Nc1cccc(-c2cccc(-c3nc4cc(F)ccc4[nH]3)c2F)c1)Nc1cccc(-c2cccc(F)c2Cl)c1,-9.2,3.156924248681744,57_1394
O=C(Nc1cccc(-c2cccc(-c3nc4ccccc4[nH]3)c2)c1)Nc1cccc(-c2cccc(F)c2F)c1,-9.918142235123367,3.218592063451191,57_1395
O=C(Nc1cccc(-c2cccc(-c3nc4ccccc4[nH]3)c2)c1)Nc1cccc(-c2cccc(F)c2F)c1,-9.918142235123367,3.218592063451191,57_1396
O=C(Nc1cccc(-c2cccc(-c3nc4ccccc4[nH]3)c2)c1)Nc1cccc(-c2cccc(F)c2F)c1,-9.918142235123367,3.218592063451191,57_1397
O=C(Nc1cccc(-c2cccc(-c3nc4ccccc4[nH]3)c2)c1)Nc1cccc(-c2cccc(F)c2F)c1,-9.918142235123367,3.218592063451191,57_1398
O=C(Nc1cccc(-c2cccc(F)c2F)c1)Nc1cccc(-c2cccc(-c3nc4cc(F)ccc4[nH]3)c2F)c1,-10.03279069767442,3.128615257744718,57_1399
O=C(Nc1cccc(-c2cccc(F)c2F)c1)Nc1cccc(-c2cccc(-c3nc4cc(F)ccc4[nH]3)c2F)c1,-10.03279069767442,3.128615257744718,57_1400
Cn1c(-c2cccc(-c3cccc(NC(=O)Nc4cccc(-c5cccc(F)c5F)c4)c3)c2)nc2ccccc21,-9.954744525547445,3.216920496534968,57_1401
O=C(Nc1cccc(-c2cccc(-c3nc4ccccc4[nH]3)c2)c1)Nc1cccc(-c2cccc(F)c2F)c1,-9.918142235123367,3.218592063451191,57_1402
O=C(Nc1cccc(-c2cccc(-c3nc4ccccc4[nH]3)c2)c1)Nc1cccc(-c2cccc(F)c2F)c1,-9.918142235123367,3.218592063451191,57_1403
O=C(Nc1cccc(-c2cccc(-c3nc4ccccc4[nH]3)c2)c1)Nc1cccc(-c2cccc(F)c2F)c1,-9.918142235123367,3.218592063451191,57_1404
O=C(Nc1cccc(-c2cccc(-c3nc4ccccc4[nH]3)c2)c1)Nc1cccc(-c2cccc(F)c2F)c1,-9.918142235123367,3.218592063451191,57_1405
O=C(Nc1cccc(-c2cccc(-c3nc4ccccc4[nH]3)c2)c1)Nc1cccc(-c2cccc(F)c2F)c1,-9.918142235123367,3.218592063451191,57_1406
O=C(Nc1cccc(-c2cccc(-c3nc4ccccc4[nH]3)c2)c1)Nc1cccc(-c2cccc(F)c2F)c1,-9.918142235123367,3.218592063451191,57_1407
O=C(Nc1cccc(-c2cccc(-c3nc4ccccc4[nH]3)c2)c1)Nc1cccc(-c2cccc(F)c2F)c1,-9.918142235123367,3.218592063451191,57_1408
O=C(Nc1cccc(-c2cccc(F)c2F)c1)Nc1cccc(-c2cccc(-c3nc4cc(F)ccc4[nH]3)c2F)c1,-10.03279069767442,3.128615257744718,57_1409
O=C(Nc1cccc(-c2cccc(-c3nc4ccccc4[nH]3)c2)c1)Nc1cccc(-c2cccc(F)c2F)c1,-9.918142235123367,3.218592063451191,57_1410
O=C(Nc1cccc(-c2cccc(-c3nc4ccccc4[nH]3)c2)c1)Nc1cccc(-c2cccc(F)c2F)c1,-9.918142235123367,3.218592063451191,57_1411
Cn1c(-c2cccc(-c3cccc(NC(=O)Nc4cccc(-c5cccc(F)c5F)c4)c3)c2)nc2ccccc21,-9.954744525547445,3.216920496534968,57_1412
O=C(Nc1cccc(-c2cccc(F)c2F)c1)Nc1cccc(-c2cccc(-c3nc4cc(F)ccc4[nH]3)c2F)c1,-10.03279069767442,3.128615257744718,57_1413
O=C(Nc1cccc(-c2cccc(-c3nc4ccccc4[nH]3)c2)c1)Nc1cccc(-c2cccc(F)c2F)c1,-9.918142235123367,3.218592063451191,57_1414
O=C(Nc1cccc(-c2cccc(-c3nc4ccccc4[nH]3)c2)c1)Nc1cccc(-c2cccc(F)c2F)c1,-9.918142235123367,3.218592063451191,57_1415
O=C(Nc1cccc(-c2cccc(-c3nc4ccccc4[nH]3)c2)c1)Nc1cccc(-c2cccc(F)c2F)c1,-9.918142235123367,3.218592063451191,57_1416
O=C(Nc1ccc(F)cc1)Nc1ccc(-c2cccc(-c3cccc(-c4nc5cc(F)ccc5[nH]4)c3F)c2)nc1,-7.9,3.256209024017562,57_1417
O=C(Nc1cccc(-c2cccc(-c3nc4ccccc4[nH]3)c2)c1)Nc1cccc(-c2cccc(F)c2F)c1,-9.918142235123367,3.218592063451191,57_1418
O=C(Nc1cccc(-c2cccc(-c3nc4ccccc4[nH]3)c2)c1)Nc1cccc(-c2cccc(F)c2F)c1,-9.918142235123367,3.218592063451191,57_1419
O=C(Nc1cccc(-c2cccc(F)c2F)c1)Nc1cccc(-c2cccc(-c3nc4cc(F)ccc4[nH]3)c2F)c1,-10.03279069767442,3.128615257744718,57_1420
O=C(Nc1cccc(-c2cccc(-c3nc4ccccc4[nH]3)c2)c1)Nc1cccc(-c2cccc(F)c2F)c1,-9.918142235123367,3.218592063451191,57_1421
O=C(Nc1cccc(-c2cccc(-c3nc4ccccc4[nH]3)c2)c1)Nc1cccc(-c2cccc(F)c2F)c1,-9.918142235123367,3.218592063451191,57_1422
O=C(Nc1cccc(-c2cccc(-c3nc4ccccc4[nH]3)c2)c1)Nc1cccc(-c2cccc(F)c2F)c1,-9.918142235123367,3.218592063451191,57_1423
O=C(Nc1cccc(-c2cccc(-c3nc4ccccc4[nH]3)c2)c1)Nc1cccc(-c2cccc(F)c2F)c1,-9.918142235123367,3.218592063451191,57_1424
O=C(Nc1cccc(-c2cccc(-c3nc4ccccc4[nH]3)c2)c1)Nc1cccc(-c2cccc(F)c2F)c1,-9.918142235123367,3.218592063451191,57_1425
O=C(Nc1cccc(-c2cccc(-c3nc4ccccc4[nH]3)c2)c1)Nc1cccc(-c2cccc(F)c2F)c1,-9.918142235123367,3.218592063451191,57_1426
O=C(Nc1cccc(-c2cccc(-c3nc4ccccc4[nH]3)c2)c1)Nc1cccc(-c2cccc(F)c2F)c1,-9.918142235123367,3.218592063451191,57_1427
O=C(Nc1cccc(-c2cccc(-c3nc4ccccc4[nH]3)c2)c1)Nc1cccc(-c2cccc(F)c2F)c1,-9.918142235123367,3.218592063451191,57_1428
O=C(Nc1cccc(-c2cccc(-c3nc4ccccc4[nH]3)c2)c1)Nc1cccc(-c2cccc(F)c2F)c1,-9.918142235123367,3.218592063451191,57_1429
O=C(Nc1cccc(-c2cccc(-c3nc4ccccc4[nH]3)c2)c1)Nc1cccc(-c2cccc(F)c2F)c1,-9.918142235123367,3.218592063451191,57_1430
Cn1c(-c2cccc(-c3cccc(NC(=O)Nc4cccc(-c5cccc(F)c5F)c4)c3)c2)nc2ccccc21,-9.954744525547445,3.216920496534968,57_1431
O=C(Nc1cccc(-c2cccc(-c3nc4ccccc4[nH]3)c2)c1)Nc1cccc(-c2cccc(F)c2F)c1,-9.918142235123367,3.218592063451191,57_1432
O=C(Nc1cccc(-c2cccc(-c3nc4ccccc4[nH]3)c2)c1)Nc1cccc(-c2cccc(F)c2F)c1,-9.918142235123367,3.218592063451191,57_1433
O=C(Nc1cccc(-c2cccc(-c3nc4ccccc4[nH]3)c2)c1)Nc1cccc(-c2cccc(F)c2F)c1,-9.918142235123367,3.218592063451191,57_1434
O=C(Nc1cccc(-c2cccc(C(=O)N3CCOCC3)c2)c1)Nc1cccc(-c2cccc(-c3cccc4ccccc34)c2)c1,-10.05,3.157933906999289,57_1435
O=C(Nc1cccc(-c2cccc(-c3nc4ccccc4[nH]3)c2)c1)Nc1cccc(-c2cccc(F)c2F)c1,-9.918142235123367,3.218592063451191,57_1436
O=C(Nc1cccc(-c2cccc(-c3nc4ccccc4[nH]3)c2)c1)Nc1cccc(-c2cccc(F)c2F)c1,-9.918142235123367,3.218592063451191,57_1437
O=C(Nc1cccc(-c2cccc(F)c2F)c1)Nc1cccc(-c2cccc(-c3nc4cc(F)ccc4[nH]3)c2F)c1,-10.03279069767442,3.128615257744718,57_1438
O=C(Nc1cccc(-c2cccc(F)c2F)c1)Nc1cccc(-c2cccc(-c3nc4cc(F)ccc4[nH]3)c2F)c1,-10.03279069767442,3.128615257744718,57_1439
O=C(Nc1cccc(-c2cccc(-c3nc4ccccc4[nH]3)c2)c1)Nc1cccc(-c2cccc(F)c2F)c1,-9.918142235123367,3.218592063451191,57_1440
O=C(Nc1cccc(-c2cccc(F)c2F)c1)Nc1cccc(-c2cccc(-c3nc4cc(F)ccc4[nH]3)c2F)c1,-10.03279069767442,3.128615257744718,57_1441
O=C(Nc1cccc(-c2cccc(-c3nc4ccccc4[nH]3)c2)c1)Nc1cccc(-c2cccc(F)c2F)c1,-9.918142235123367,3.218592063451191,57_1442
Cn1c(-c2cccc(-c3cccc(NC(=O)Nc4cccc(-c5cccc(F)c5F)c4)c3)c2)nc2ccccc21,-9.954744525547445,3.216920496534968,57_1443
O=C(Nc1cccc(-c2cccc(-c3nc4ccccc4[nH]3)c2)c1)Nc1cccc(-c2cccc(F)c2F)c1,-9.918142235123367,3.218592063451191,57_1444
O=C(Nc1cccc(-c2cccc(-c3nc4ccccc4[nH]3)c2)c1)Nc1cccc(-c2cccc(F)c2F)c1,-9.918142235123367,3.218592063451191,57_1445
O=C(Nc1cccc(-c2cccc(-c3nc4ccccc4[nH]3)c2)c1)Nc1cccc(-c2cccc(F)c2F)c1,-9.918142235123367,3.218592063451191,57_1446
O=C(Nc1cccc(-c2cccc(F)c2F)c1)Nc1cccc(-c2cccc(-c3nc4cc(F)ccc4[nH]3)c2F)c1,-10.03279069767442,3.128615257744718,57_1447
O=C(Nc1cccc(-c2cccc(-c3nc4ccccc4[nH]3)c2)c1)Nc1cccc(-c2cccc(F)c2F)c1,-9.918142235123367,3.218592063451191,57_1448
O=C(Nc1cccc(-c2cccc(-c3nc4ccccc4[nH]3)c2)c1)Nc1cccc(-c2cccc(F)c2F)c1,-9.918142235123367,3.218592063451191,57_1449
O=C(Nc1cccc(-c2cccc(F)c2F)c1)Nc1cccc(-c2cccc(-c3nc4cc(F)ccc4[nH]3)c2F)c1,-10.03279069767442,3.128615257744718,57_1450
O=C(Nc1cccc(-c2cccc(-c3nc4ccccc4[nH]3)c2)c1)Nc1cccc(-c2cccc(F)c2F)c1,-9.918142235123367,3.218592063451191,57_1451
O=C(Nc1cccc(-c2cccc(F)c2F)c1)Nc1cccc(-c2cccc(-c3nc4cc(F)ccc4[nH]3)c2F)c1,-10.03279069767442,3.128615257744718,57_1452
O=C(Nc1cccc(-c2cccc(F)c2F)c1)Nc1cccc(-c2cccc(-c3nc4cc(F)ccc4[nH]3)c2F)c1,-10.03279069767442,3.128615257744718,57_1453
O=C(Nc1cccc(-c2cccc(-c3nc4ccccc4[nH]3)c2)c1)Nc1cccc(-c2cccc(F)c2F)c1,-9.918142235123367,3.218592063451191,57_1454
Cn1c(-c2cccc(-c3cccc(NC(=O)Nc4cccc(-c5cccc(F)c5F)c4)c3)c2)nc2ccccc21,-9.954744525547445,3.216920496534968,57_1455
O=C(Nc1cccc(-c2cccc(-c3nc4ccccc4[nH]3)c2)c1)Nc1cccc(-c2cccc(F)c2F)c1,-9.918142235123367,3.218592063451191,57_1456
O=C(Nc1cccc(-c2cccc(-c3nc4ccccc4[nH]3)c2)c1)Nc1cccc(-c2cccc(F)c2F)c1,-9.918142235123367,3.218592063451191,57_1457
O=C(Nc1cccc(-c2cccc(F)c2F)c1)Nc1cccc(-c2cccc(-c3nc4cc(F)ccc4[nH]3)c2F)c1,-10.03279069767442,3.128615257744718,57_1458
O=C(Nc1cccc(-c2cccc(-c3nc4ccccc4[nH]3)c2)c1)Nc1cccc(-c2cccc(F)c2F)c1,-9.918142235123367,3.218592063451191,57_1459
O=C(Nc1cccc(-c2cccc(F)c2F)c1)Nc1cccc(-c2cccc(-c3nc4cc(F)ccc4[nH]3)c2F)c1,-10.03279069767442,3.128615257744718,57_1460
O=C(Nc1cccc(-c2cccc(-c3nc4ccccc4[nH]3)c2)c1)Nc1cccc(-c2cccc(F)c2F)c1,-9.918142235123367,3.218592063451191,57_1461
O=C(Nc1cccc(-c2cccc(-c3nc4ccccc4[nH]3)c2)c1)Nc1cccc(-c2cccc(F)c2F)c1,-9.918142235123367,3.218592063451191,57_1462
O=C(Nc1cccc(-c2cccc(-c3nc4ccccc4[nH]3)c2)c1)Nc1cccc(-c2cccc(F)c2F)c1,-9.918142235123367,3.218592063451191,57_1463
O=C(Nc1cccc(-c2cccc(F)c2F)c1)Nc1cccc(-c2cccc(-c3nc4cc(F)ccc4[nH]3)c2F)c1,-10.03279069767442,3.128615257744718,57_1464
O=C(Nc1cccc(-c2cccc(-c3nc4ccccc4[nH]3)c2)c1)Nc1cccc(-c2cccc(F)c2F)c1,-9.918142235123367,3.218592063451191,57_1465
O=C(Nc1cccc(-c2cccc(-c3nc4ccccc4[nH]3)c2)c1)Nc1cccc(-c2cccc(F)c2F)c1,-9.918142235123367,3.218592063451191,57_1466
O=C(Nc1cccc(-c2cccc(F)c2F)c1)Nc1cccc(-c2cccc(-c3nc4cc(F)ccc4[nH]3)c2F)c1,-10.03279069767442,3.128615257744718,57_1467
O=C(Nc1cccc(-c2cccc(-c3nc4ccccc4[nH]3)c2)c1)Nc1cccc(-c2cccc(F)c2F)c1,-9.918142235123367,3.218592063451191,57_1468
O=C(Nc1cccc(-c2cccc(-c3nc4ccccc4[nH]3)c2)c1)Nc1cccc(-c2cccc(F)c2F)c1,-9.918142235123367,3.218592063451191,57_1469
O=C(Nc1cccc(-c2cccc(-c3nc4ccccc4[nH]3)c2)c1)Nc1cccc(-c2cccc(F)c2F)c1,-9.918142235123367,3.218592063451191,57_1470
O=C(Nc1cccc(-c2cccc(-c3nc4ccccc4[nH]3)c2)c1)Nc1cccc(-c2cccc(F)c2F)c1,-9.918142235123367,3.218592063451191,57_1471
O=C(Nc1cccc(-c2cccc(-c3nc4ccccc4[nH]3)c2)c1)Nc1cccc(-c2cccc(F)c2F)c1,-9.918142235123367,3.218592063451191,57_1472
O=C(Nc1cccc(-c2cccc(F)c2F)c1)Nc1cccc(-c2cccc(-c3nc4cc(F)ccc4[nH]3)c2F)c1,-10.03279069767442,3.128615257744718,57_1473
O=C(Nc1cccc(-c2cccc(-c3nc4ccccc4[nH]3)c2)c1)Nc1cccc(-c2cccc(F)c2F)c1,-9.918142235123367,3.218592063451191,57_1474
O=C(Nc1cccc(-c2cccc(-c3nc4ccccc4[nH]3)c2)c1)Nc1cccc(-c2cccc(F)c2F)c1,-9.918142235123367,3.218592063451191,57_1475
O=C(Nc1cccc(-c2cccc(-c3nc4ccccc4[nH]3)c2)c1)Nc1cccc(-c2cccc(F)c2F)c1,-9.918142235123367,3.218592063451191,57_1476
O=C(Nc1cccc(-c2cccc(F)c2F)c1)Nc1cccc(-c2cccc(-c3nc4cc(F)ccc4[nH]3)c2F)c1,-10.03279069767442,3.128615257744718,57_1477
O=C(Nc1cccc(-c2cccc(-c3nc4ccccc4[nH]3)c2)c1)Nc1cccc(-c2cccc(F)c2F)c1,-9.918142235123367,3.218592063451191,57_1478
Cn1c(-c2cccc(-c3cccc(NC(=O)Nc4cccc(-c5cccc(F)c5F)c4)c3)c2)nc2ccccc21,-9.954744525547445,3.216920496534968,57_1479
O=C(Nc1cccc(-c2cccc(F)c2F)c1)Nc1cccc(-c2cccc(-c3nc4cc(F)ccc4[nH]3)c2F)c1,-10.03279069767442,3.128615257744718,57_1480
O=C(Nc1cccc(-c2cccc(-c3nc4ccccc4[nH]3)c2)c1)Nc1cccc(-c2cccc(F)c2F)c1,-9.918142235123367,3.218592063451191,57_1481
O=C(Nc1cccc(-c2cccc(-c3nc4ccccc4[nH]3)c2)c1)Nc1cccc(-c2cccc(F)c2F)c1,-9.918142235123367,3.218592063451191,57_1482
O=C(Nc1cccc(-c2cccc(-c3nc4ccccc4[nH]3)c2)c1)Nc1cccc(-c2cccc(F)c2F)c1,-9.918142235123367,3.218592063451191,57_1483
O=C(Nc1cccc(-c2cccc(-c3nc4ccccc4[nH]3)c2)c1)Nc1cccc(-c2cccc(F)c2F)c1,-9.918142235123367,3.218592063451191,57_1484
O=C(Nc1cccc(-c2cccc(-c3nc4ccccc4[nH]3)c2)c1)Nc1cccc(-c2cccc(F)c2F)c1,-9.918142235123367,3.218592063451191,57_1485
Cn1c(-c2cccc(-c3cccc(NC(=O)Nc4cccc(-c5cccc(F)c5F)c4)c3)c2)nc2ccccc21,-9.954744525547445,3.216920496534968,57_1486
O=C(Nc1cccc(-c2cccc(F)c2F)c1)Nc1cccc(-c2cccc(-c3nc4cc(F)ccc4[nH]3)c2F)c1,-10.03279069767442,3.128615257744718,57_1487
O=C(Nc1cccc(-c2cccc(-c3nc4ccccc4[nH]3)c2)c1)Nc1cccc(-c2cccc(F)c2F)c1,-9.918142235123367,3.218592063451191,57_1488
O=C(Nc1cccc(-c2cccc(-c3nc4ccccc4[nH]3)c2)c1)Nc1cccc(-c2cccc(F)c2F)c1,-9.918142235123367,3.218592063451191,57_1489
O=C(Nc1cccc(-c2cccc(-c3nc4ccccc4[nH]3)c2)c1)Nc1cccc(-c2cccc(F)c2F)c1,-9.918142235123367,3.218592063451191,57_1490
O=C(Nc1cccc(-c2cccc(F)c2F)c1)Nc1cccc(-c2cccc(-c3nc4cc(F)ccc4[nH]3)c2F)c1,-10.03279069767442,3.128615257744718,57_1491
O=C(Nc1cccc(-c2cccc(F)c2F)c1)Nc1cccc(-c2cccc(-c3nc4cc(F)ccc4[nH]3)c2F)c1,-10.03279069767442,3.128615257744718,57_1492
O=C(Nc1cccc(-c2cccc(-c3nc4ccccc4[nH]3)c2)c1)Nc1cccc(-c2cccc(F)c2F)c1,-9.918142235123367,3.218592063451191,57_1493
O=C(Nc1cccc(-c2cccc(-c3nc4ccccc4[nH]3)c2)c1)Nc1cccc(-c2cccc(F)c2F)c1,-9.918142235123367,3.218592063451191,57_1494
O=C(Nc1cccc(-c2cccc(F)c2F)c1)Nc1cccc(-c2cccc(-c3nc4cc(F)ccc4[nH]3)c2F)c1,-10.03279069767442,3.128615257744718,57_1495
O=C(Nc1cccc(-c2cccc(F)c2F)c1)Nc1cccc(-c2cccc(-c3nc4cc(F)ccc4[nH]3)c2F)c1,-10.03279069767442,3.128615257744718,57_1496
O=C(Nc1cccc(-c2cccc(F)c2F)c1)Nc1cccc(-c2cccc(-c3nc4cc(F)ccc4[nH]3)c2F)c1,-10.03279069767442,3.128615257744718,57_1497
O=C(Nc1cccc(-c2cccc(-c3nc4ccccc4[nH]3)c2)c1)Nc1cccc(-c2cccc(F)c2F)c1,-9.918142235123367,3.218592063451191,57_1498
O=C(Nc1cccc(-c2cccc(-c3nc4ccccc4[nH]3)c2)c1)Nc1cccc(-c2cccc(F)c2F)c1,-9.918142235123367,3.218592063451191,57_1499
O=C(Nc1cccc(-c2cccc(-c3nc4ccccc4[nH]3)c2)c1)Nc1cccc(-c2cccc(F)c2F)c1,-9.918142235123367,3.218592063451191,57_1500
O=C(Nc1cccc(-c2cccc(-c3nc4ccccc4[nH]3)c2)c1)Nc1cccc(-c2cccc(F)c2F)c1,-9.918142235123367,3.218592063451191,57_1501
O=C(Nc1cccc(-c2cccc(-c3nc4ccccc4[nH]3)c2)c1)Nc1cccc(-c2cccc(F)c2F)c1,-9.918142235123367,3.218592063451191,57_1502
O=C(Nc1cccc(-c2cccc(-c3nc4ccccc4[nH]3)c2)c1)Nc1cccc(-c2cccc(F)c2F)c1,-9.918142235123367,3.218592063451191,57_1503
O=C(Nc1cccc(-c2cccc(-c3nc4ccccc4[nH]3)c2)c1)Nc1cccc(-c2cccc(F)c2F)c1,-9.918142235123367,3.218592063451191,57_1504
O=C(Nc1cccc(-c2cccc(-c3nc4ccccc4[nH]3)c2)c1)Nc1cccc(-c2cccc(F)c2F)c1,-9.918142235123367,3.218592063451191,57_1505
O=C(Nc1cccc(-c2cccc(-c3nc4ccccc4[nH]3)c2)c1)Nc1cccc(-c2cccc(F)c2F)c1,-9.918142235123367,3.218592063451191,57_1506
O=C(Nc1cccc(-c2cccc(-c3nc4ccccc4[nH]3)c2)c1)Nc1cccc(-c2cccc(F)c2F)c1,-9.918142235123367,3.218592063451191,57_1507
O=C(Nc1cccc(-c2cccc(-c3nc4ccccc4[nH]3)c2)c1)Nc1cccc(-c2cccc(F)c2F)c1,-9.918142235123367,3.218592063451191,57_1508
O=C(Nc1cccc(-c2cccc(F)c2F)c1)Nc1cccc(-c2cccc(-c3nc4cc(F)ccc4[nH]3)c2F)c1,-10.03279069767442,3.128615257744718,57_1509
O=C(Nc1cccc(-c2cccc(-c3nc4ccccc4[nH]3)c2)c1)Nc1cccc(-c2cccc(F)c2F)c1,-9.918142235123367,3.218592063451191,57_1510
O=C(Nc1cccc(-c2cccc(F)c2F)c1)Nc1cccc(-c2cccc(-c3nc4cc(F)ccc4[nH]3)c2F)c1,-10.03279069767442,3.128615257744718,57_1511
O=C(Nc1cccc(-c2cccc(F)c2F)c1)Nc1cccc(-c2cccc(-c3nc4cc(F)ccc4[nH]3)c2F)c1,-10.03279069767442,3.128615257744718,57_1512
O=C(Nc1cccc(-c2cccc(-c3nc4ccccc4[nH]3)c2)c1)Nc1cccc(-c2cccc(F)c2F)c1,-9.918142235123367,3.218592063451191,57_1513
Cn1c(-c2cccc(-c3cccc(-c4cccc(-c5cccc(N)c5)c4)c3)c2)nc2ccccc21,-9.9,3.2225491189210107,57_1514
O=C(Nc1cccc(-c2cccc(-c3nc4ccccc4[nH]3)c2)c1)Nc1cccc(-c2cccc(F)c2F)c1,-9.918142235123367,3.218592063451191,57_1515
O=C(Nc1cccc(-c2cccc(F)c2F)c1)Nc1cccc(-c2cccc(-c3nc4cc(F)ccc4[nH]3)c2F)c1,-10.03279069767442,3.128615257744718,57_1516
O=C(Nc1cccc(-c2cccc(-c3nc4ccccc4[nH]3)c2)c1)Nc1cccc(-c2cccc(F)c2F)c1,-9.918142235123367,3.218592063451191,57_1517
O=C(Nc1cccc(-c2cccc(-c3nc4ccccc4[nH]3)c2)c1)Nc1cccc(-c2cccc(F)c2F)c1,-9.918142235123367,3.218592063451191,57_1518
O=C(Nc1cccc(-c2cccc(-c3nc4ccccc4[nH]3)c2)c1)Nc1cccc(-c2cccc(F)c2F)c1,-9.918142235123367,3.218592063451191,57_1519
O=C(Nc1cccc(-c2cccc(-c3nc4ccccc4[nH]3)c2)c1)Nc1cccc(-c2cccc(F)c2F)c1,-9.918142235123367,3.218592063451191,57_1520
O=C(Nc1cccc(-c2cccc(-c3nc4ccccc4[nH]3)c2)c1)Nc1cccc(-c2cccc(F)c2F)c1,-9.918142235123367,3.218592063451191,57_1521
Cn1c(-c2cccc(-c3cccc(NC(=O)Nc4cccc(-c5cccc(F)c5F)c4)c3)c2)nc2ccccc21,-9.954744525547445,3.216920496534968,57_1522
O=C(Nc1cccc(-c2cccc(-c3nc4ccccc4[nH]3)c2)c1)Nc1cccc(-c2cccc(F)c2F)c1,-9.918142235123367,3.218592063451191,57_1523
O=C(Nc1cccc(-c2cccc(-c3nc4ccccc4[nH]3)c2)c1)Nc1cccc(-c2cccc(F)c2F)c1,-9.918142235123367,3.218592063451191,57_1524
Cn1c(-c2cccc(-c3cccc(NC(=O)Nc4cccc(-c5cccc(C(=O)N6CCOCC6)c5)c4)c3)c2)nc2ccccc21,-9.433333333333334,3.2756851861708367,57_1525
O=C(Nc1cccc(-c2cccc(F)c2F)c1)Nc1cccc(-c2cccc(-c3nc4cc(F)ccc4[nH]3)c2F)c1,-10.03279069767442,3.128615257744718,57_1526
Cn1c(-c2cccc(-c3cccc(NC(=O)Nc4cccc(-c5cccc(F)c5F)c4)c3)c2)nc2ccccc21,-9.954744525547445,3.216920496534968,57_1527
Cn1c(-c2cccc(-c3cccc(NC(=O)Nc4cccc(-c5cccc(F)c5F)c4)c3)c2)nc2ccccc21,-9.954744525547445,3.216920496534968,57_1528
O=C(Nc1cccc(-c2cccc(-c3nc4ccccc4[nH]3)c2)c1)Nc1cccc(-c2cccc(F)c2F)c1,-9.918142235123367,3.218592063451191,57_1529
O=C(Nc1cccc(-c2cccc(F)c2F)c1)Nc1cccc(-c2cccc(-c3nc4cc(F)ccc4[nH]3)c2F)c1,-10.03279069767442,3.128615257744718,57_1530
O=C(Nc1cccc(-c2cccc(-c3nc4ccccc4[nH]3)c2)c1)Nc1cccc(-c2cccc(F)c2F)c1,-9.918142235123367,3.218592063451191,57_1531
O=C(Nc1cccc(-c2cccc(-c3nc4cc(F)ccc4[nH]3)c2)c1)Nc1cccc(-c2cccc(F)c2F)c1,-9.31111111111111,3.1875244530828533,57_1532
O=C(Nc1cccc(-c2cccc(-c3nc4ccccc4[nH]3)c2)c1)Nc1cccc(-c2cccc(F)c2F)c1,-9.918142235123367,3.218592063451191,57_1533
O=C(Nc1cccc(-c2cccc(-c3nc4ccccc4[nH]3)c2)c1)Nc1cccc(-c2cccc(F)c2F)c1,-9.918142235123367,3.218592063451191,57_1534
O=C(Nc1cccc(-c2cccc(-c3nc4ccccc4[nH]3)c2)c1)Nc1cccc(-c2cccc(F)c2F)c1,-9.918142235123367,3.218592063451191,57_1535
O=C(Nc1cccc(-c2cccc(F)c2F)c1)Nc1cccc(-c2cccc(-c3nc4cc(F)ccc4[nH]3)c2F)c1,-10.03279069767442,3.128615257744718,57_1536
O=C(Nc1cccc(-c2cccc(-c3nc4ccccc4[nH]3)c2)c1)Nc1cccc(-c2cccc(F)c2F)c1,-9.918142235123367,3.218592063451191,57_1537
O=C(Nc1cccc(-c2cccc(-c3nc4ccccc4[nH]3)c2)c1)Nc1cccc(-c2cccc(F)c2F)c1,-9.918142235123367,3.218592063451191,57_1538
O=C(Nc1cccc(-c2cccc(-c3nc4ccccc4[nH]3)c2)c1)Nc1cccc(-c2cccc(F)c2F)c1,-9.918142235123367,3.218592063451191,57_1539
O=C(Nc1cccc(-c2cccc(-c3nc4ccccc4[nH]3)c2)c1)Nc1cccc(-c2cccc(F)c2F)c1,-9.918142235123367,3.218592063451191,57_1540
O=C(Nc1cccc(-c2cccc(F)c2F)c1)Nc1cccc(-c2cccc(-c3nc4cc(F)ccc4[nH]3)c2F)c1,-10.03279069767442,3.128615257744718,57_1541
O=C(Nc1cccc(-c2cccc(-c3nc4ccccc4[nH]3)c2)c1)Nc1cccc(-c2cccc(F)c2F)c1,-9.918142235123367,3.218592063451191,57_1542
O=C(Nc1cccc(-c2cccc(-c3nc4ccccc4[nH]3)c2)c1)Nc1cccc(-c2cccc(F)c2F)c1,-9.918142235123367,3.218592063451191,57_1543
O=C(Nc1cccc(-c2cccc(-c3nc4ccccc4[nH]3)c2)c1)Nc1cccc(-c2cccc(F)c2F)c1,-9.918142235123367,3.218592063451191,57_1544
O=C(Nc1cccc(-c2cccc(-c3nc4ccccc4[nH]3)c2)c1)Nc1cccc(-c2cccc(F)c2F)c1,-9.918142235123367,3.218592063451191,57_1545
O=C(Nc1cccc(-c2cccc(-c3nc4ccccc4[nH]3)c2)c1)Nc1cccc(-c2cccc(F)c2F)c1,-9.918142235123367,3.218592063451191,57_1546
O=C(Nc1cccc(-c2cccc(-c3nc4ccccc4[nH]3)c2)c1)Nc1cccc(-c2cccc(F)c2F)c1,-9.918142235123367,3.218592063451191,57_1547
O=C(Nc1cccc(-c2cccc(-c3nc4ccccc4[nH]3)c2)c1)Nc1cccc(-c2cccc(F)c2F)c1,-9.918142235123367,3.218592063451191,57_1548
O=C(Nc1cccc(-c2cccc(-c3nc4ccccc4[nH]3)c2)c1)Nc1cccc(-c2cccc(F)c2F)c1,-9.918142235123367,3.218592063451191,57_1549
O=C(Nc1cccc(-c2cccc(-c3nc4ccccc4[nH]3)c2)c1)Nc1cccc(-c2cccc(F)c2F)c1,-9.918142235123367,3.218592063451191,57_1550
O=C(Nc1cccc(-c2cccc(-c3nc4ccccc4[nH]3)c2)c1)Nc1cccc(-c2cccc(F)c2F)c1,-9.918142235123367,3.218592063451191,57_1551
Cn1c(-c2cccc(-c3cccc(NC(=O)Nc4cccc(-c5cccc(F)c5F)c4)c3)c2)nc2ccccc21,-9.954744525547445,3.216920496534968,57_1552
O=C(Nc1cccc(-c2cccc(F)c2F)c1)Nc1cccc(-c2cccc(-c3nc4cc(F)ccc4[nH]3)c2F)c1,-10.03279069767442,3.128615257744718,57_1553
O=C(Nc1cccc(-c2cccc(-c3nc4ccccc4[nH]3)c2)c1)Nc1cccc(-c2cccc(F)c2F)c1,-9.918142235123367,3.218592063451191,57_1554
O=C(Nc1cccc(-c2cccc(-c3nc4ccccc4[nH]3)c2)c1)Nc1cccc(-c2cccc(F)c2F)c1,-9.918142235123367,3.218592063451191,57_1555
O=C(Nc1cccc(-c2cccc(-c3nc4ccccc4[nH]3)c2)c1)Nc1cccc(-c2cccc(F)c2F)c1,-9.918142235123367,3.218592063451191,57_1556
O=C(Nc1cccc(-c2cccc(-c3nc4ccccc4[nH]3)c2)c1)Nc1cccc(-c2cccc(F)c2F)c1,-9.918142235123367,3.218592063451191,57_1557
O=C(Nc1cccc(-c2cccc(-c3nc4ccccc4[nH]3)c2)c1)Nc1cccc(-c2cccc(F)c2F)c1,-9.918142235123367,3.218592063451191,57_1558
O=C(Nc1cccc(-c2cccc(F)c2F)c1)Nc1cccc(-c2cccc(-c3nc4cc(F)ccc4[nH]3)c2F)c1,-10.03279069767442,3.128615257744718,57_1559
O=C(Nc1cccc(-c2cccc(-c3nc4ccccc4[nH]3)c2)c1)Nc1cccc(-c2cccc(F)c2F)c1,-9.918142235123367,3.218592063451191,57_1560
O=C(Nc1cccc(-c2cccc(-c3nc4ccccc4[nH]3)c2)c1)Nc1cccc(-c2cccc(F)c2F)c1,-9.918142235123367,3.218592063451191,57_1561
O=C(Nc1cccc(-c2cccc(-c3nc4ccccc4[nH]3)c2)c1)Nc1cccc(-c2cccc(F)c2F)c1,-9.918142235123367,3.218592063451191,57_1562
O=C(Nc1cccc(-c2cccc(-c3nc4ccccc4[nH]3)c2)c1)Nc1cccc(-c2cccc(F)c2F)c1,-9.918142235123367,3.218592063451191,57_1563
O=C(Nc1cccc(-c2cccc(-c3nc4ccccc4[nH]3)c2)c1)Nc1cccc(-c2cccc(F)c2F)c1,-9.918142235123367,3.218592063451191,57_1564
O=C(Nc1cccc(-c2cccc(-c3nc4ccccc4[nH]3)c2)c1)Nc1cccc(-c2cccc(F)c2F)c1,-9.918142235123367,3.218592063451191,57_1565
O=C(Nc1cccc(-c2cccc(-c3nc4ccccc4[nH]3)c2)c1)Nc1cccc(-c2cccc(F)c2F)c1,-9.918142235123367,3.218592063451191,57_1566
O=C(Nc1cccc(-c2cccc(F)c2F)c1)Nc1cccc(-c2cccc(-c3nc4cc(F)ccc4[nH]3)c2F)c1,-10.03279069767442,3.128615257744718,57_1567
O=C(Nc1cccc(-c2cccc(-c3nc4ccccc4[nH]3)c2)c1)Nc1cccc(-c2cccc(F)c2F)c1,-9.918142235123367,3.218592063451191,57_1568
O=C(Nc1cccc(-c2cccc(F)c2F)c1)Nc1cccc(-c2cccc(-c3nc4cc(F)ccc4[nH]3)c2F)c1,-10.03279069767442,3.128615257744718,57_1569
O=C(Nc1cccc(-c2cccc(-c3nc4ccccc4[nH]3)c2)c1)Nc1cccc(-c2cccc(F)c2F)c1,-9.918142235123367,3.218592063451191,57_1570
O=C(Nc1cccc(-c2cccc(-c3nc4ccccc4[nH]3)c2)c1)Nc1cccc(-c2cccc(F)c2F)c1,-9.918142235123367,3.218592063451191,57_1571
O=C(Nc1cccc(-c2cccc(-c3nc4ccccc4[nH]3)c2)c1)Nc1cccc(-c2cccc(F)c2F)c1,-9.918142235123367,3.218592063451191,57_1572
O=C(Nc1cccc(-c2cccc(F)c2F)c1)Nc1cccc(-c2cccc(-c3nc4cc(F)ccc4[nH]3)c2F)c1,-10.03279069767442,3.128615257744718,57_1573
O=C(Nc1cccc(-c2cccc(-c3nc4ccccc4[nH]3)c2)c1)Nc1cccc(-c2cccc(F)c2F)c1,-9.918142235123367,3.218592063451191,57_1574
O=C(Nc1cccc(-c2cccc(-c3nc4ccccc4[nH]3)c2)c1)Nc1cccc(-c2cccc(F)c2F)c1,-9.918142235123367,3.218592063451191,57_1575
O=C(Nc1cccc(-c2cccc(F)c2F)c1)Nc1cccc(-c2cccc(-c3nc4cc(F)ccc4[nH]3)c2F)c1,-10.03279069767442,3.128615257744718,57_1576
O=C(Nc1cccc(-c2cccc(-c3nc4ccccc4[nH]3)c2)c1)Nc1cccc(-c2cccc(F)c2F)c1,-9.918142235123367,3.218592063451191,57_1577
O=C(Nc1cccc(-c2cccc(F)c2F)c1)Nc1cccc(-c2cccc(-c3nc4cc(F)ccc4[nH]3)c2F)c1,-10.03279069767442,3.128615257744718,57_1578
O=C(Nc1cccc(-c2cccc(F)c2F)c1)Nc1cccc(-c2cccc(-c3nc4cc(F)ccc4[nH]3)c2F)c1,-10.03279069767442,3.128615257744718,57_1579
O=C(Nc1cccc(-c2cccc(-c3nc4ccccc4[nH]3)c2)c1)Nc1cccc(-c2cccc(F)c2F)c1,-9.918142235123367,3.218592063451191,57_1580
O=C(Nc1cccc(-c2cccc(F)c2F)c1)Nc1cccc(-c2cccc(-c3nc4cc(F)ccc4[nH]3)c2F)c1,-10.03279069767442,3.128615257744718,57_1581
O=C(Nc1cccc(-c2cccc(-c3nc4ccccc4[nH]3)c2)c1)Nc1cccc(-c2cccc(F)c2F)c1,-9.918142235123367,3.218592063451191,57_1582
O=C(Nc1cccc(-c2cccc(F)c2F)c1)Nc1cccc(-c2cccc(-c3nc4cc(F)ccc4[nH]3)c2F)c1,-10.03279069767442,3.128615257744718,57_1583
Cn1c(-c2cccc(-c3cccc(NC(=O)Nc4cccc(-c5cccc(C(=O)N6CCOCC6)c5)c4)c3)c2)nc2ccccc21,-9.433333333333334,3.2756851861708367,57_1584
O=C(Nc1cccc(-c2cccc(F)c2F)c1)Nc1cccc(-c2cccc(-c3nc4cc(F)ccc4[nH]3)c2F)c1,-10.03279069767442,3.128615257744718,57_1585
O=C(Nc1cccc(-c2cccc(-c3nc4ccccc4[nH]3)c2)c1)Nc1cccc(-c2cccc(F)c2F)c1,-9.918142235123367,3.218592063451191,57_1586
O=C(Nc1cccc(-c2cccc(-c3nc4ccccc4[nH]3)c2)c1)Nc1cccc(-c2cccc(F)c2F)c1,-9.918142235123367,3.218592063451191,57_1587
O=C(Nc1cccc(-c2cccc(-c3nc4ccccc4[nH]3)c2)c1)Nc1cccc(-c2cccc(F)c2F)c1,-9.918142235123367,3.218592063451191,57_1588
O=C(Nc1cccc(-c2cccc(-c3nc4ccccc4[nH]3)c2)c1)Nc1cccc(-c2cccc(F)c2F)c1,-9.918142235123367,3.218592063451191,57_1589
O=C(Nc1cccc(-c2cccc(F)c2F)c1)Nc1cccc(-c2cccc(-c3nc4cc(F)ccc4[nH]3)c2F)c1,-10.03279069767442,3.128615257744718,57_1590
O=C(Nc1cccc(-c2cccc(F)c2F)c1)Nc1cccc(-c2cccc(-c3nc4cc(F)ccc4[nH]3)c2F)c1,-10.03279069767442,3.128615257744718,57_1591
O=C(Nc1cccc(-c2cccc(F)c2F)c1)Nc1cccc(-c2cccc(-c3nc4cc(F)ccc4[nH]3)c2F)c1,-10.03279069767442,3.128615257744718,57_1592
O=C(Nc1cccc(-c2cccc(-c3nc4ccccc4[nH]3)c2)c1)Nc1cccc(-c2cccc(F)c2F)c1,-9.918142235123367,3.218592063451191,57_1593
O=C(Nc1cccc(-c2cccc(-c3nc4ccccc4[nH]3)c2)c1)Nc1cccc(-c2cccc(F)c2F)c1,-9.918142235123367,3.218592063451191,57_1594
O=C(Nc1cccc(-c2cccc(-c3nc4ccccc4[nH]3)c2)c1)Nc1cccc(-c2cccc(F)c2F)c1,-9.918142235123367,3.218592063451191,57_1595
O=C(Nc1cccc(-c2cccc(-c3nc4ccccc4[nH]3)c2)c1)Nc1cccc(-c2cccc(F)c2F)c1,-9.918142235123367,3.218592063451191,57_1596
O=C(Nc1cccc(-c2cccc(-c3nc4ccccc4[nH]3)c2)c1)Nc1cccc(-c2cccc(F)c2F)c1,-9.918142235123367,3.218592063451191,57_1597
O=C(Nc1cccc(-c2cccc(-c3nc4ccccc4[nH]3)c2)c1)Nc1cccc(-c2cccc(F)c2F)c1,-9.918142235123367,3.218592063451191,57_1598
O=C(Nc1cccc(-c2cccc(F)c2F)c1)Nc1cccc(-c2cccc(-c3nc4cc(F)ccc4[nH]3)c2F)c1,-10.03279069767442,3.128615257744718,57_1599
O=C(Nc1cccc(-c2cccc(-c3nc4ccccc4[nH]3)c2)c1)Nc1cccc(-c2cccc(F)c2F)c1,-9.918142235123367,3.218592063451191,57_1600
O=C(Nc1cccc(-c2cccc(-c3nc4ccccc4[nH]3)c2)c1)Nc1cccc(-c2cccc(F)c2F)c1,-9.918142235123367,3.218592063451191,57_1601
O=C(Nc1cccc(-c2cccc(F)c2F)c1)Nc1cccc(-c2cccc(-c3nc4cc(F)ccc4[nH]3)c2F)c1,-10.03279069767442,3.128615257744718,57_1602
O=C(Nc1cccc(-c2cccc(-c3nc4ccccc4[nH]3)c2)c1)Nc1cccc(-c2cccc(F)c2F)c1,-9.918142235123367,3.218592063451191,57_1603
O=C(Nc1cccc(-c2cccc(-c3nc4ccccc4[nH]3)c2)c1)Nc1cccc(-c2cccc(F)c2F)c1,-9.918142235123367,3.218592063451191,57_1604
O=C(Nc1cccc(-c2cccc(-c3nc4ccccc4[nH]3)c2)c1)Nc1cccc(-c2cccc(F)c2F)c1,-9.918142235123367,3.218592063451191,57_1605
O=C(Nc1cccc(-c2cccc(F)c2F)c1)Nc1cccc(-c2cccc(-c3nc4cc(F)ccc4[nH]3)c2F)c1,-10.03279069767442,3.128615257744718,57_1606
O=C(Nc1cccc(-c2cccc(-c3nc4ccccc4[nH]3)c2)c1)Nc1cccc(-c2cccc(F)c2F)c1,-9.918142235123367,3.218592063451191,57_1607
O=C(Nc1cccc(-c2cccc(F)c2F)c1)Nc1cccc(-c2cccc(-c3nc4cc(F)ccc4[nH]3)c2F)c1,-10.03279069767442,3.128615257744718,57_1608
O=C(Nc1cccc(-c2cccc(-c3nc4ccccc4[nH]3)c2)c1)Nc1cccc(-c2cccc(F)c2F)c1,-9.918142235123367,3.218592063451191,57_1609
O=C(Nc1cccc(-c2cccc(-c3nc4ccccc4[nH]3)c2)c1)Nc1cccc(-c2cccc(F)c2F)c1,-9.918142235123367,3.218592063451191,57_1610
O=C(Nc1cccc(-c2cccc(-c3nc4ccccc4[nH]3)c2)c1)Nc1cccc(-c2cccc(F)c2F)c1,-9.918142235123367,3.218592063451191,57_1611
O=C(Nc1cccc(-c2cccc(-c3nc4ccccc4[nH]3)c2)c1)Nc1cccc(-c2cccc(F)c2F)c1,-9.918142235123367,3.218592063451191,57_1612
O=C(Nc1cccc(-c2cccc(F)c2F)c1)Nc1cccc(-c2cccc(-c3nc4cc(F)ccc4[nH]3)c2F)c1,-10.03279069767442,3.128615257744718,57_1613
O=C(Nc1cccc(-c2cccc(-c3nc4ccccc4[nH]3)c2)c1)Nc1cccc(-c2cccc(F)c2F)c1,-9.918142235123367,3.218592063451191,57_1614
O=C(Nc1cccc(-c2cccc(-c3cccc(-c4ccccc4F)c3)c2)c1)N1CCNCC1,-9.1,3.470002651546907,57_1615
O=C(Nc1cccc(-c2cccc(-c3nc4ccccc4[nH]3)c2)c1)Nc1cccc(-c2cccc(F)c2F)c1,-9.918142235123367,3.218592063451191,57_1616
Cn1c(-c2cccc(-c3cccc(NC(=O)Nc4cccc(-c5cccc(F)c5F)c4)c3)c2)nc2ccccc21,-9.954744525547445,3.216920496534968,57_1617
O=C(Nc1cccc(-c2cccc(-c3nc4ccccc4[nH]3)c2)c1)Nc1cccc(-c2cccc(F)c2F)c1,-9.918142235123367,3.218592063451191,57_1618
O=C(Nc1cccc(-c2cccc(F)c2F)c1)Nc1cccc(-c2cccc(-c3nc4cc(F)ccc4[nH]3)c2F)c1,-10.03279069767442,3.128615257744718,57_1619
O=C(Nc1cccc(-c2cccc(-c3nc4ccccc4[nH]3)c2)c1)Nc1cccc(-c2cccc(F)c2F)c1,-9.918142235123367,3.218592063451191,57_1620
O=C(Nc1cccc(-c2cccc(-c3nc4ccccc4[nH]3)c2)c1)Nc1cccc(-c2cccc(F)c2F)c1,-9.918142235123367,3.218592063451191,57_1621
O=C(Nc1cccc(-c2cccc(F)c2F)c1)Nc1cccc(-c2cccc(-c3nc4cc(F)ccc4[nH]3)c2F)c1,-10.03279069767442,3.128615257744718,57_1622
O=C(Nc1cccc(-c2cccc(-c3nc4ccccc4[nH]3)c2)c1)Nc1cccc(-c2cccc(F)c2F)c1,-9.918142235123367,3.218592063451191,57_1623
O=C(Nc1cccc(-c2cccc(F)c2F)c1)Nc1cccc(-c2cccc(-c3nc4cc(F)ccc4[nH]3)c2F)c1,-10.03279069767442,3.128615257744718,57_1624
O=C(Nc1cccc(-c2cccc(-c3nc4ccccc4[nH]3)c2)c1)Nc1cccc(-c2cccc(F)c2F)c1,-9.918142235123367,3.218592063451191,57_1625
O=C(Nc1cccc(-c2cccc(F)c2F)c1)N1C=CC=CC(c2cccc(-c3nc4cc(F)ccc4[nH]3)c2)=C1,-9.71,2.2987853633063597,57_1626
O=C(Nc1cccc(-c2cccc(-c3nc4ccccc4[nH]3)c2)c1)Nc1cccc(-c2cccc(F)c2F)c1,-9.918142235123367,3.218592063451191,57_1627
O=C(Nc1cccc(-c2cccc(F)c2F)c1)Nc1cccc(-c2cccc(-c3nc4cc(F)ccc4[nH]3)c2F)c1,-10.03279069767442,3.128615257744718,57_1628
O=C(Nc1cccc(-c2cccc(F)c2F)c1)Nc1cccc(-c2cccc(-c3nc4cc(F)ccc4[nH]3)c2F)c1,-10.03279069767442,3.128615257744718,57_1629
O=C(Nc1cccc(-c2cccc(-c3nc4ccccc4[nH]3)c2)c1)Nc1cccc(-c2cccc(F)c2F)c1,-9.918142235123367,3.218592063451191,57_1630
O=C(Nc1cccc(-c2cccc(F)c2F)c1)Nc1cccc(-c2cccc(-c3nc4cc(F)ccc4[nH]3)c2F)c1,-10.03279069767442,3.128615257744718,57_1631
O=C(Nc1cccc(-c2cccc(-c3nc4ccccc4[nH]3)c2)c1)Nc1cccc(-c2cccc(F)c2F)c1,-9.918142235123367,3.218592063451191,57_1632
O=C(Nc1cccc(-c2cccc(-c3nc4ccccc4[nH]3)c2)c1)Nc1cccc(-c2cccc(F)c2F)c1,-9.918142235123367,3.218592063451191,57_1633
O=C(Nc1cccc(-c2cccc(-c3nc4ccccc4[nH]3)c2)c1)Nc1cccc(-c2cccc(F)c2F)c1,-9.918142235123367,3.218592063451191,57_1634
O=C(Nc1cccc(-c2cccc(-c3nc4ccccc4[nH]3)c2)c1)Nc1cccc(-c2cccc(F)c2F)c1,-9.918142235123367,3.218592063451191,57_1635
O=C(Nc1cccc(-c2cccc(-c3nc4ccccc4[nH]3)c2)c1)Nc1cccc(-c2cccc(F)c2F)c1,-9.918142235123367,3.218592063451191,57_1636
O=C(Nc1cccc(-c2cccc(-c3nc4ccccc4[nH]3)c2)c1)Nc1cccc(-c2cccc(F)c2F)c1,-9.918142235123367,3.218592063451191,57_1637
O=C(Nc1cccc(-c2cccc(-c3nc4ccccc4[nH]3)c2)c1)Nc1cccc(-c2cccc(F)c2F)c1,-9.918142235123367,3.218592063451191,57_1638
O=C(Nc1cccc(-c2cccc(-c3nc4ccccc4[nH]3)c2)c1)Nc1cccc(-c2cccc(F)c2F)c1,-9.918142235123367,3.218592063451191,57_1639
O=C(Nc1cccc(-c2cccc(-c3nc4ccccc4[nH]3)c2)c1)Nc1cccc(-c2cccc(F)c2F)c1,-9.918142235123367,3.218592063451191,57_1640
O=C(Nc1cccc(-c2cccc(F)c2F)c1)Nc1cccc(-c2cccc(-c3nc4cc(F)ccc4[nH]3)c2F)c1,-10.03279069767442,3.128615257744718,57_1641
O=C(Nc1cccc(-c2cccc(-c3nc4ccccc4[nH]3)c2)c1)Nc1cccc(-c2cccc(F)c2F)c1,-9.918142235123367,3.218592063451191,57_1642
O=C(Nc1cccc(-c2cccc(-c3nc4ccccc4[nH]3)c2)c1)Nc1cccc(-c2cccc(F)c2F)c1,-9.918142235123367,3.218592063451191,57_1643
O=C(Nc1cccc(-c2cccc(-c3nc4ccccc4[nH]3)c2)c1)Nc1cccc(-c2cccc(F)c2F)c1,-9.918142235123367,3.218592063451191,57_1644
O=C(Nc1cccc(-c2cccc(F)c2F)c1)Nc1cccc(-c2cccc(-c3nc4cc(F)ccc4[nH]3)c2F)c1,-10.03279069767442,3.128615257744718,57_1645
Cn1c(-c2cccc(-c3cccc(NC(=O)Nc4cccc(-c5cccc(F)c5F)c4)c3)c2)nc2ccccc21,-9.954744525547445,3.216920496534968,57_1646
O=C(Nc1cccc(-c2cccc(-c3nc4ccccc4[nH]3)c2)c1)Nc1cccc(-c2cccc(F)c2F)c1,-9.918142235123367,3.218592063451191,57_1647
O=C(Nc1cccc(-c2cccc(-c3nc4ccccc4[nH]3)c2)c1)Nc1cccc(-c2cccc(F)c2F)c1,-9.918142235123367,3.218592063451191,57_1648
O=C(Nc1cccc(-c2cccc(F)c2F)c1)Nc1cccc(-c2cccc(-c3nc4cc(F)ccc4[nH]3)c2F)c1,-10.03279069767442,3.128615257744718,57_1649
O=C(Nc1cccc(-c2cccc(-c3nc4ccccc4[nH]3)c2)c1)Nc1cccc(-c2cccc(F)c2F)c1,-9.918142235123367,3.218592063451191,57_1650
O=C(Nc1cccc(-c2cccc(F)c2F)c1)Nc1cccc(-c2cccc(-c3nc4cc(F)ccc4[nH]3)c2F)c1,-10.03279069767442,3.128615257744718,57_1651
O=C(Nc1cccc(-c2cccc(-c3nc4ccccc4[nH]3)c2)c1)Nc1cccc(-c2cccc(F)c2F)c1,-9.918142235123367,3.218592063451191,57_1652
O=C(Nc1cccc(-c2cccc(-c3nc4ccccc4[nH]3)c2)c1)Nc1cccc(-c2cccc(F)c2F)c1,-9.918142235123367,3.218592063451191,57_1653
O=C(Nc1cccc(-c2cccc(-c3nc4ccccc4[nH]3)c2)c1)Nc1cccc(-c2cccc(F)c2F)c1,-9.918142235123367,3.218592063451191,57_1654
O=C(Nc1cccc(-c2cccc(-c3nc4ccccc4[nH]3)c2)c1)Nc1cccc(-c2cccc(F)c2F)c1,-9.918142235123367,3.218592063451191,57_1655
O=C(Nc1cccc(-c2cccc(F)c2F)c1)Nc1cccc(-c2cccc(-c3nc4cc(F)ccc4[nH]3)c2F)c1,-10.03279069767442,3.128615257744718,57_1656
O=C(Nc1cccc(-c2cccc(-c3nc4ccccc4[nH]3)c2)c1)Nc1cccc(-c2cccc(F)c2F)c1,-9.918142235123367,3.218592063451191,57_1657
O=C(Nc1cccc(-c2cccc(F)c2F)c1)Nc1cccc(-c2cccc(-c3nc4cc(F)ccc4[nH]3)c2F)c1,-10.03279069767442,3.128615257744718,57_1658
Cn1c(-c2cccc(-c3cccc(NC(=O)Nc4cccc(-c5cccc(F)c5F)c4)c3)c2)nc2ccccc21,-9.954744525547445,3.216920496534968,57_1659
O=C(Nc1cccc(-c2cccc(-c3nc4ccccc4[nH]3)c2)c1)Nc1cccc(-c2cccc(F)c2F)c1,-9.918142235123367,3.218592063451191,57_1660
O=C(Nc1cccc(-c2cccc(F)c2F)c1)Nc1cccc(-c2cccc(-c3nc4cc(F)ccc4[nH]3)c2F)c1,-10.03279069767442,3.128615257744718,57_1661
Cn1c(-c2cccc(-c3cccc(NC(=O)Nc4cccc(-c5cccc(F)c5F)c4)c3)c2)nc2ccccc21,-9.954744525547445,3.216920496534968,57_1662
O=C(Nc1cccc(-c2cccc(-c3nc4ccccc4[nH]3)c2)c1)Nc1cccc(-c2cccc(F)c2F)c1,-9.918142235123367,3.218592063451191,57_1663
O=C(Nc1cccc(-c2cccc(-c3nc4ccccc4[nH]3)c2)c1)Nc1cccc(-c2cccc(F)c2F)c1,-9.918142235123367,3.218592063451191,57_1664
O=C(Nc1cccc(-c2cccc(-c3nc4ccccc4[nH]3)c2)c1)Nc1cccc(-c2cccc(F)c2F)c1,-9.918142235123367,3.218592063451191,57_1665
Cn1c(-c2cccc(-c3cccc(NC(=O)Nc4cccc(-c5cccc(F)c5F)c4)c3)c2)nc2ccccc21,-9.954744525547445,3.216920496534968,57_1666
O=C(Nc1cccc(-c2cccc(F)c2F)c1)Nc1cccc(-c2cccc(-c3nc4cc(F)ccc4[nH]3)c2F)c1,-10.03279069767442,3.128615257744718,57_1667
O=C(Nc1cccc(-c2cccc(-c3nc4ccccc4[nH]3)c2)c1)Nc1cccc(-c2cccc(F)c2F)c1,-9.918142235123367,3.218592063451191,57_1668
O=C(Nc1cccc(-c2cccc(-c3nc4ccccc4[nH]3)c2)c1)Nc1cccc(-c2cccc(F)c2F)c1,-9.918142235123367,3.218592063451191,57_1669
O=C(Nc1cccc(-c2cccc(-c3nc4ccccc4[nH]3)c2)c1)Nc1cccc(-c2cccc(F)c2F)c1,-9.918142235123367,3.218592063451191,57_1670
O=C(Nc1cccc(-c2cccc(-c3nc4ccccc4[nH]3)c2)c1)Nc1cccc(-c2cccc(F)c2F)c1,-9.918142235123367,3.218592063451191,57_1671
O=C(Nc1cccc(-c2cccc(-c3nc4ccccc4[nH]3)c2)c1)Nc1cccc(-c2cccc(F)c2F)c1,-9.918142235123367,3.218592063451191,57_1672
O=C(Nc1cccc(-c2cccc(-c3nc4ccccc4[nH]3)c2)c1)Nc1cccc(-c2cccc(F)c2F)c1,-9.918142235123367,3.218592063451191,57_1673
O=C(Nc1cccc(-c2cccc(-c3nc4ccccc4[nH]3)c2)c1)Nc1cccc(-c2cccc(F)c2F)c1,-9.918142235123367,3.218592063451191,57_1674
O=C(Nc1cccc(-c2cccc(-c3nc4ccccc4[nH]3)c2)c1)Nc1cccc(-c2cccc(F)c2F)c1,-9.918142235123367,3.218592063451191,57_1675
O=C(Nc1cccc(-c2cccc(-c3nc4ccccc4[nH]3)c2)c1)Nc1cccc(-c2cccc(F)c2F)c1,-9.918142235123367,3.218592063451191,57_1676
O=C(Nc1cccc(-c2cccc(-c3nc4ccccc4[nH]3)c2)c1)Nc1cccc(-c2cccc(F)c2F)c1,-9.918142235123367,3.218592063451191,57_1677
O=C(Nc1cccc(-c2cccc(-c3nc4ccccc4[nH]3)c2)c1)Nc1cccc(-c2cccc(F)c2F)c1,-9.918142235123367,3.218592063451191,57_1678
O=C(Nc1cccc(-c2cccc(-c3nc4ccccc4[nH]3)c2)c1)Nc1cccc(-c2cccc(F)c2F)c1,-9.918142235123367,3.218592063451191,57_1679
O=C(Nc1cccc(-c2cccc(F)c2F)c1)Nc1cccc(-c2cccc(-c3nc4cc(F)ccc4[nH]3)c2F)c1,-10.03279069767442,3.128615257744718,57_1680
O=C(Nc1cccc(-c2cccc(-c3nc4ccccc4[nH]3)c2)c1)Nc1cccc(-c2cccc(F)c2F)c1,-9.918142235123367,3.218592063451191,57_1681
O=C(Nc1cccc(-c2cccc(F)c2F)c1)Nc1cccc(-c2cccc(-c3nc4cc(F)ccc4[nH]3)c2F)c1,-10.03279069767442,3.128615257744718,57_1682
O=C(Nc1cccc(-c2cccc(-c3nc4ccccc4[nH]3)c2)c1)Nc1cccc(-c2cccc(F)c2F)c1,-9.918142235123367,3.218592063451191,57_1683
O=C(Nc1cccc(-c2cccc(-c3nc4ccccc4[nH]3)c2)c1)Nc1cccc(-c2cccc(F)c2F)c1,-9.918142235123367,3.218592063451191,57_1684
O=C(Nc1cccc(-c2cccc(-c3nc4ccccc4[nH]3)c2)c1)Nc1cccc(-c2cccc(F)c2F)c1,-9.918142235123367,3.218592063451191,57_1685
O=C(Nc1cccc(-c2cccc(-c3nc4ccccc4[nH]3)c2)c1)Nc1cccc(-c2cccc(F)c2F)c1,-9.918142235123367,3.218592063451191,57_1686
O=C(Nc1cccc(-c2cccc(-c3nc4ccccc4[nH]3)c2)c1)Nc1cccc(-c2cccc(F)c2F)c1,-9.918142235123367,3.218592063451191,57_1687
O=C(Nc1cccc(-c2cccc(F)c2F)c1)Nc1cccc(-c2cccc(-c3nc4cc(F)ccc4[nH]3)c2F)c1,-10.03279069767442,3.128615257744718,57_1688
O=C(Nc1cccc(-c2cccc(-c3nc4ccccc4[nH]3)c2)c1)Nc1cccc(-c2cccc(F)c2F)c1,-9.918142235123367,3.218592063451191,57_1689
O=C(Nc1cccc(-c2cccc(-c3nc4ccccc4[nH]3)c2)c1)Nc1cccc(-c2cccc(F)c2F)c1,-9.918142235123367,3.218592063451191,57_1690
O=C(Nc1cccc(-c2cccc(-c3nc4ccccc4[nH]3)c2)c1)Nc1cccc(-c2cccc(F)c2F)c1,-9.918142235123367,3.218592063451191,57_1691
O=C(Nc1cccc(-c2cccc(-c3nc4ccccc4[nH]3)c2)c1)Nc1cccc(-c2cccc(F)c2F)c1,-9.918142235123367,3.218592063451191,57_1692
O=C(Nc1cccc(-c2cccc(-c3nc4ccccc4[nH]3)c2)c1)Nc1cccc(-c2cccc(F)c2F)c1,-9.918142235123367,3.218592063451191,57_1693
O=C(Nc1cccc(-c2cccc(-c3nc4ccccc4[nH]3)c2)c1)Nc1cccc(-c2cccc(F)c2F)c1,-9.918142235123367,3.218592063451191,57_1694
O=C(Nc1cccc(-c2cccc(-c3nc4ccccc4[nH]3)c2)c1)Nc1cccc(-c2cccc(F)c2F)c1,-9.918142235123367,3.218592063451191,57_1695
O=C(Nc1cccc(-c2cccc(-c3nc4ccccc4[nH]3)c2)c1)Nc1cccc(-c2cccc(F)c2F)c1,-9.918142235123367,3.218592063451191,57_1696
O=C(Nc1cccc(-c2cccc(-c3nc4ccccc4[nH]3)c2)c1)Nc1cccc(-c2cccc(F)c2F)c1,-9.918142235123367,3.218592063451191,57_1697
O=C(Nc1cccc(-c2cccc(-c3nc4ccccc4[nH]3)c2)c1)Nc1cccc(-c2cccc(F)c2F)c1,-9.918142235123367,3.218592063451191,57_1698
O=C(Nc1cccc(-c2cccc(-c3nc4ccccc4[nH]3)c2)c1)Nc1cccc(-c2cccc(F)c2F)c1,-9.918142235123367,3.218592063451191,57_1699
Cn1c(-c2cccc(-c3cccc(NC(=O)Nc4cccc(-c5cccc(F)c5F)c4)c3)c2)nc2ccccc21,-9.954744525547445,3.216920496534968,57_1700
O=C(Nc1cccc(-c2cccc(-c3nc4ccccc4[nH]3)c2)c1)Nc1cccc(-c2cccc(F)c2F)c1,-9.918142235123367,3.218592063451191,57_1701
O=C(Nc1cccc(-c2cccc(-c3nc4ccccc4[nH]3)c2)c1)Nc1cccc(-c2cccc(F)c2F)c1,-9.918142235123367,3.218592063451191,57_1702
O=C(Nc1cccc(-c2cccc(-c3nc4ccccc4[nH]3)c2)c1)Nc1cccc(-c2cccc(F)c2F)c1,-9.918142235123367,3.218592063451191,57_1703
O=C(Nc1cccc(-c2cccc(-c3nc4ccccc4[nH]3)c2)c1)Nc1cccc(-c2cccc(F)c2F)c1,-9.918142235123367,3.218592063451191,57_1704
Cn1c(-c2cccc(-c3cccc(NC(=O)Nc4cccc(-c5cccc(-c6nc7ccccc7[nH]6)c5)c4)c3)c2)nc2ccccc21,-10.0,3.0038085384902597,57_1705
O=C(Nc1cccc(-c2cccc(-c3nc4ccccc4[nH]3)c2)c1)Nc1cccc(-c2cccc(F)c2F)c1,-9.918142235123367,3.218592063451191,57_1706
O=C(Nc1cccc(-c2cccc(-c3nc4ccccc4[nH]3)c2)c1)Nc1cccc(-c2cccc(F)c2F)c1,-9.918142235123367,3.218592063451191,57_1707
O=C(Nc1cccc(-c2cccc(-c3nc4ccccc4[nH]3)c2)c1)Nc1cccc(-c2cccc(F)c2F)c1,-9.918142235123367,3.218592063451191,57_1708
Cn1c(-c2cccc(-c3cccc(NC(=O)Nc4cccc(-c5cccc(F)c5F)c4)c3)c2)nc2ccccc21,-9.954744525547445,3.216920496534968,57_1709
O=C(Nc1cccc(-c2cccc(-c3nc4ccccc4[nH]3)c2)c1)Nc1cccc(-c2cccc(F)c2F)c1,-9.918142235123367,3.218592063451191,57_1710
O=C(Nc1cccc(-c2cccc(F)c2F)c1)Nc1cccc(-c2cccc(-c3nc4cc(F)ccc4[nH]3)c2F)c1,-10.03279069767442,3.128615257744718,57_1711
O=C(Nc1cccc(-c2cccc(-c3nc4ccccc4[nH]3)c2)c1)Nc1cccc(-c2cccc(F)c2F)c1,-9.918142235123367,3.218592063451191,57_1712
O=C(Nc1cccc(-c2cccc(-c3nc4ccccc4[nH]3)c2)c1)Nc1cccc(-c2cccc(F)c2F)c1,-9.918142235123367,3.218592063451191,57_1714
O=C(Nc1cccc(-c2cccc(-c3nc4ccccc4[nH]3)c2)c1)Nc1cccc(-c2cccc(F)c2F)c1,-9.918142235123367,3.218592063451191,57_1715
Cn1c(-c2cccc(-c3cccc(NC(=O)Nc4cccc(-c5cccc(F)c5F)c4)c3)c2)nc2ccccc21,-9.954744525547445,3.216920496534968,57_1716
O=C(Nc1cccc(-c2cccc(-c3nc4ccccc4[nH]3)c2)c1)Nc1cccc(-c2cccc(F)c2F)c1,-9.918142235123367,3.218592063451191,57_1717
O=C(Nc1cccc(-c2cccc(-c3nc4ccccc4[nH]3)c2)c1)Nc1cccc(-c2cccc(F)c2F)c1,-9.918142235123367,3.218592063451191,57_1718
O=C(Nc1cccc(-c2cccc(-c3nc4ccccc4[nH]3)c2)c1)Nc1cccc(-c2cccc(F)c2F)c1,-9.918142235123367,3.218592063451191,57_1719
O=C(Nc1cccc(-c2cccc(-c3nc4ccccc4[nH]3)c2)c1)Nc1cccc(-c2cccc(F)c2F)c1,-9.918142235123367,3.218592063451191,57_1720
O=C(Nc1cccc(-c2cccc(-c3nc4ccccc4[nH]3)c2)c1)Nc1cccc(-c2cccc(F)c2F)c1,-9.918142235123367,3.218592063451191,57_1721
O=C(Nc1cccc(-c2cccc(-c3nc4ccccc4[nH]3)c2)c1)Nc1cccc(-c2cccc(F)c2F)c1,-9.918142235123367,3.218592063451191,57_1722
O=C(Nc1cccc(-c2cccc(-c3nc4ccccc4[nH]3)c2)c1)Nc1cccc(-c2cccc(F)c2F)c1,-9.918142235123367,3.218592063451191,57_1723
O=C(Nc1cccc(-c2cccc(-c3nc4ccccc4[nH]3)c2)c1)Nc1cccc(-c2cccc(F)c2F)c1,-9.918142235123367,3.218592063451191,57_1724
O=C(Nc1cccc(-c2cccc(F)c2F)c1)Nc1cccc(-c2cccc(-c3nc4cc(F)ccc4[nH]3)c2F)c1,-10.03279069767442,3.128615257744718,57_1725
O=C(Nc1cccc(-c2cccc(-c3nc4ccccc4[nH]3)c2)c1)Nc1cccc(-c2cccc(F)c2F)c1,-9.918142235123367,3.218592063451191,57_1726
O=C(Nc1cccc(-c2cccc(-c3nc4ccccc4[nH]3)c2)c1)Nc1cccc(-c2cccc(F)c2F)c1,-9.918142235123367,3.218592063451191,57_1727
O=C(Nc1cccc(-c2cccc(-c3nc4ccccc4[nH]3)c2)c1)Nc1cccc(-c2cccc(F)c2F)c1,-9.918142235123367,3.218592063451191,57_1728
O=C(Nc1cccc(-c2cccc(F)c2F)c1)Nc1cccc(-c2cccc(-c3nc4cc(F)ccc4[nH]3)c2F)c1,-10.03279069767442,3.128615257744718,57_1729
O=C(Nc1cccc(-c2cccc(-c3nc4ccccc4[nH]3)c2)c1)Nc1cccc(-c2cccc(F)c2F)c1,-9.918142235123367,3.218592063451191,57_1730
O=C(Nc1cccc(-c2cccc(-c3nc4ccccc4[nH]3)c2)c1)Nc1cccc(-c2cccc(F)c2F)c1,-9.918142235123367,3.218592063451191,57_1731
O=C(Nc1cccc(-c2cccc(-c3nc4ccccc4[nH]3)c2)c1)Nc1cccc(-c2cccc(F)c2F)c1,-9.918142235123367,3.218592063451191,57_1732
Cn1c(-c2cccc(-c3cccc(NC(=O)Nc4cccc(-c5cccc(F)c5F)c4)c3)c2)nc2ccccc21,-9.954744525547445,3.216920496534968,57_1733
O=C(Nc1cccc(-c2cccc(-c3nc4ccccc4[nH]3)c2)c1)Nc1cccc(-c2cccc(F)c2F)c1,-9.918142235123367,3.218592063451191,57_1734
O=C(Nc1cccc(-c2cccc(F)c2F)c1)Nc1cccc(-c2cccc(-c3nc4cc(F)ccc4[nH]3)c2F)c1,-10.03279069767442,3.128615257744718,57_1735
O=C(Nc1cccc(-c2cccc(-c3nc4ccccc4[nH]3)c2)c1)Nc1cccc(-c2cccc(F)c2F)c1,-9.918142235123367,3.218592063451191,57_1736
O=C(Nc1cccc(-c2cccc(F)c2F)c1)Nc1cccc(-c2cccc(-c3nc4cc(F)ccc4[nH]3)c2F)c1,-10.03279069767442,3.128615257744718,57_1737
O=C(Nc1cccc(-c2cccc(-c3nc4ccccc4[nH]3)c2)c1)Nc1cccc(-c2cccc(F)c2F)c1,-9.918142235123367,3.218592063451191,57_1738
O=C(Nc1cccc(-c2cccc(F)c2F)c1)Nc1cccc(-c2cccc(-c3nc4cc(F)ccc4[nH]3)c2F)c1,-10.03279069767442,3.128615257744718,57_1739
O=C(Nc1cccc(-c2cccc(F)c2F)c1)Nc1cccc(-c2cccc(-c3nc4cc(F)ccc4[nH]3)c2F)c1,-10.03279069767442,3.128615257744718,57_1740
O=C(Nc1cccc(-c2cccc(F)c2F)c1)Nc1cccc(-c2cccc(-c3nc4cc(F)ccc4[nH]3)c2F)c1,-10.03279069767442,3.128615257744718,57_1741
O=C(Nc1cccc(-c2cccc(-c3nc4ccccc4[nH]3)c2)c1)Nc1cccc(-c2cccc(F)c2F)c1,-9.918142235123367,3.218592063451191,57_1742
O=C(Nc1cccc(-c2cccc(F)c2F)c1)Nc1cccc(-c2cccc(-c3nc4cc(F)ccc4[nH]3)c2F)c1,-10.03279069767442,3.128615257744718,57_1743
O=C(Nc1cccc(-c2cccc(-c3nc4ccccc4[nH]3)c2)c1)Nc1cccc(-c2cccc(F)c2F)c1,-9.918142235123367,3.218592063451191,57_1744
O=C(Nc1cccc(-c2cccc(-c3nc4ccccc4[nH]3)c2)c1)Nc1cccc(-c2cccc(F)c2F)c1,-9.918142235123367,3.218592063451191,57_1745
O=C(Nc1cccc(-c2cccc(-c3nc4ccccc4[nH]3)c2)c1)Nc1cccc(-c2cccc(F)c2F)c1,-9.918142235123367,3.218592063451191,57_1746
O=C(Nc1cccc(-c2cccc(-c3nc4ccccc4[nH]3)c2)c1)Nc1cccc(-c2cccc(F)c2F)c1,-9.918142235123367,3.218592063451191,57_1747
O=C(Nc1cccc(-c2cccc(F)c2F)c1)Nc1cccc(-c2cccc(-c3nc4cc(F)ccc4[nH]3)c2F)c1,-10.03279069767442,3.128615257744718,57_1748
O=C(Nc1cccc(-c2cccc(-c3nc4ccccc4[nH]3)c2)c1)Nc1cccc(-c2cccc(F)c2F)c1,-9.918142235123367,3.218592063451191,57_1749
O=C(Nc1cccc(-c2cccc(-c3nc4ccccc4[nH]3)c2)c1)Nc1cccc(-c2cccc(F)c2F)c1,-9.918142235123367,3.218592063451191,57_1750
O=C(Nc1cccc(-c2cccc(-c3nc4ccccc4[nH]3)c2)c1)Nc1cccc(-c2cccc(F)c2F)c1,-9.918142235123367,3.218592063451191,57_1751
O=C(Nc1cccc(-c2cccc(-c3nc4ccccc4[nH]3)c2)c1)Nc1cccc(-c2cccc(F)c2F)c1,-9.918142235123367,3.218592063451191,57_1752
O=C(Nc1cccc(-c2cccc(-c3nc4ccccc4[nH]3)c2)c1)Nc1cccc(-c2cccc(F)c2F)c1,-9.918142235123367,3.218592063451191,57_1753
O=C(Nc1cccc(-c2cccc(-c3nc4ccccc4[nH]3)c2)c1)Nc1cccc(-c2cccc(F)c2F)c1,-9.918142235123367,3.218592063451191,57_1754
O=C(Nc1cccc(-c2cccc(-c3nc4ccccc4[nH]3)c2)c1)Nc1cccc(-c2cccc(F)c2F)c1,-9.918142235123367,3.218592063451191,57_1755
O=C(Nc1cccc(-c2cccc(-c3nc4ccccc4[nH]3)c2)c1)Nc1cccc(-c2cccc(F)c2F)c1,-9.918142235123367,3.218592063451191,57_1756
O=C(Nc1cccc(-c2cccc(-c3nc4ccccc4[nH]3)c2)c1)Nc1cccc(-c2cccc(F)c2F)c1,-9.918142235123367,3.218592063451191,57_1757
O=C(Nc1cccc(-c2cccc(-c3nc4ccccc4[nH]3)c2)c1)Nc1cccc(-c2cccc(F)c2F)c1,-9.918142235123367,3.218592063451191,57_1758
O=C(Nc1cccc(-c2cccc(-c3nc4ccccc4[nH]3)c2)c1)Nc1cccc(-c2cccc(F)c2F)c1,-9.918142235123367,3.218592063451191,57_1759
O=C(Nc1cccc(-c2cccc(-c3nc4ccccc4[nH]3)c2)c1)Nc1cccc(-c2cccc(F)c2F)c1,-9.918142235123367,3.218592063451191,57_1760
O=C(Nc1cccc(-c2cccc(-c3nc4ccccc4[nH]3)c2)c1)Nc1cccc(-c2cccc(F)c2F)c1,-9.918142235123367,3.218592063451191,57_1761
O=C(Nc1cccc(-c2cccc(-c3nc4ccccc4[nH]3)c2)c1)Nc1cccc(-c2cccc(F)c2F)c1,-9.918142235123367,3.218592063451191,57_1762
O=C(Nc1cccc(-c2cccc(-c3nc4ccccc4[nH]3)c2)c1)Nc1cccc(-c2cccc(F)c2F)c1,-9.918142235123367,3.218592063451191,57_1763
O=C(Nc1cccc(-c2cccc(F)c2F)c1)Nc1cccc(-c2cccc(-c3nc4cc(F)ccc4[nH]3)c2F)c1,-10.03279069767442,3.128615257744718,57_1764
O=C(Nc1cccc(-c2cccc(-c3nc4ccccc4[nH]3)c2)c1)Nc1cccc(-c2cccc(F)c2F)c1,-9.918142235123367,3.218592063451191,57_1765
O=C(Nc1cccc(-c2cccc(-c3nc4ccccc4[nH]3)c2)c1)Nc1cccc(-c2cccc(F)c2F)c1,-9.918142235123367,3.218592063451191,57_1766
O=C(Nc1cccc(-c2cccc(F)c2F)c1)Nc1cccc(-c2cccc(-c3nc4cc(F)ccc4[nH]3)c2F)c1,-10.03279069767442,3.128615257744718,57_1767
O=C(Nc1cccc(-c2cccc(F)c2F)c1)Nc1cccc(-c2cccc(-c3nc4cc(F)ccc4[nH]3)c2F)c1,-10.03279069767442,3.128615257744718,57_1768
O=C(Nc1cccc(-c2cccc(-c3nc4ccccc4[nH]3)c2)c1)Nc1cccc(-c2cccc(F)c2F)c1,-9.918142235123367,3.218592063451191,57_1769
O=C(Nc1cccc(-c2cccc(-c3nc4ccccc4[nH]3)c2)c1)Nc1cccc(-c2cccc(F)c2F)c1,-9.918142235123367,3.218592063451191,57_1770
O=C(Nc1cccc(-c2cccc(-c3nc4ccccc4[nH]3)c2)c1)Nc1cccc(-c2cccc(F)c2F)c1,-9.918142235123367,3.218592063451191,57_1771
O=C(Nc1cccc(-c2cccc(F)c2F)c1)Nc1cccc(-c2cccc(-c3nc4cc(F)ccc4[nH]3)c2F)c1,-10.03279069767442,3.128615257744718,57_1772
O=C(Nc1cccc(-c2cccc(F)c2F)c1)Nc1cccc(-c2cccc(-c3nc4cc(F)ccc4[nH]3)c2F)c1,-10.03279069767442,3.128615257744718,57_1773
O=C(Nc1cccc(-c2cccc(-c3nc4ccccc4[nH]3)c2)c1)Nc1cccc(-c2cccc(F)c2F)c1,-9.918142235123367,3.218592063451191,57_1774
O=C(Nc1cccc(-c2cccc(-c3nc4ccccc4[nH]3)c2)c1)Nc1cccc(-c2cccc(F)c2F)c1,-9.918142235123367,3.218592063451191,57_1775
O=C(Nc1cccc(-c2cccc(F)c2F)c1)Nc1cccc(-c2cccc(-c3nc4cc(F)ccc4[nH]3)c2F)c1,-10.03279069767442,3.128615257744718,57_1776
O=C(Nc1cccc(-c2cccc(-c3nc4ccccc4[nH]3)c2)c1)Nc1cccc(-c2cccc(F)c2F)c1,-9.918142235123367,3.218592063451191,57_1777
O=C(Nc1cccc(-c2cccc(-c3nc4ccccc4[nH]3)c2)c1)Nc1cccc(-c2cccc(F)c2F)c1,-9.918142235123367,3.218592063451191,57_1778
O=C(Nc1cccc(-c2cccc(-c3nc4ccccc4[nH]3)c2)c1)Nc1cccc(-c2cccc(F)c2F)c1,-9.918142235123367,3.218592063451191,57_1779
O=C(Nc1cccc(-c2cccc(F)c2F)c1)N1C=CC=CC(c2cccc(-c3nc4cc(F)ccc4[nH]3)c2)=C1,-9.71,2.2987853633063597,57_1780
O=C(Nc1cccc(-c2cccc(-c3nc4ccccc4[nH]3)c2)c1)Nc1cccc(-c2cccc(F)c2F)c1,-9.918142235123367,3.218592063451191,57_1781
O=C(Nc1cccc(-c2cccc(-c3nc4ccccc4[nH]3)c2)c1)Nc1cccc(-c2cccc(F)c2F)c1,-9.918142235123367,3.218592063451191,57_1782
O=C(Nc1cccc(-c2cccc(-c3nc4ccccc4[nH]3)c2)c1)Nc1cccc(-c2cccc(F)c2F)c1,-9.918142235123367,3.218592063451191,57_1783
O=C(Nc1cccc(-c2cccc(-c3nc4ccccc4[nH]3)c2)c1)Nc1cccc(-c2cccc(F)c2F)c1,-9.918142235123367,3.218592063451191,57_1784
O=C(Nc1cccc(-c2cccc(-c3nc4ccccc4[nH]3)c2)c1)Nc1cccc(-c2cccc(F)c2F)c1,-9.918142235123367,3.218592063451191,57_1785
Cn1c(-c2cccc(-c3cccc(NC(=O)Nc4cccc(-c5cccc(F)c5F)c4)c3)c2)nc2ccccc21,-9.954744525547445,3.216920496534968,57_1786
O=C(Nc1cccc(-c2cccc(-c3nc4ccccc4[nH]3)c2)c1)Nc1cccc(-c2cccc(F)c2F)c1,-9.918142235123367,3.218592063451191,57_1787
O=C(Nc1cccc(-c2cccc(-c3nc4ccccc4[nH]3)c2)c1)Nc1cccc(-c2cccc(F)c2F)c1,-9.918142235123367,3.218592063451191,57_1788
O=C(Nc1cccc(-c2cccc(-c3nc4ccccc4[nH]3)c2)c1)Nc1cccc(-c2cccc(F)c2F)c1,-9.918142235123367,3.218592063451191,57_1789
O=C(Nc1cccc(-c2cccc(F)c2F)c1)Nc1cccc(-c2cccc(-c3nc4cc(F)ccc4[nH]3)c2F)c1,-10.03279069767442,3.128615257744718,57_1790
O=C(Nc1cccc(-c2cccc(-c3nc4ccccc4[nH]3)c2)c1)Nc1cccc(-c2cccc(F)c2F)c1,-9.918142235123367,3.218592063451191,57_1791
O=C(Nc1cccc(-c2cccc(-c3nc4ccccc4[nH]3)c2)c1)Nc1cccc(-c2cccc(F)c2F)c1,-9.918142235123367,3.218592063451191,57_1792
O=C(Nc1cccc(-c2cccc(-c3nc4ccccc4[nH]3)c2)c1)Nc1cccc(-c2cccc(F)c2F)c1,-9.918142235123367,3.218592063451191,57_1793
O=C(Nc1cccc(-c2cccc(F)c2F)c1)Nc1cccc(-c2cccc(-c3nc4cc(F)ccc4[nH]3)c2F)c1,-10.03279069767442,3.128615257744718,57_1794
Cn1c(-c2cccc(-c3cccc(NC(=O)Nc4cccc(-c5cccc(F)c5F)c4)c3)c2)nc2ccccc21,-9.954744525547445,3.216920496534968,57_1795
O=C(Nc1cccc(-c2cccc(-c3nc4ccccc4[nH]3)c2)c1)Nc1cccc(-c2cccc(F)c2F)c1,-9.918142235123367,3.218592063451191,57_1796
Cn1c(-c2cccc(-c3cccc(NC(=O)Nc4cccc(-c5cccc(F)c5F)c4)c3)c2)nc2ccccc21,-9.954744525547445,3.216920496534968,57_1797
O=C(Nc1cccc(-c2cccc(-c3nc4ccccc4[nH]3)c2)c1)Nc1cccc(-c2cccc(F)c2F)c1,-9.918142235123367,3.218592063451191,57_1798
O=C(Nc1cccc(-c2cccc(-c3nc4ccccc4[nH]3)c2)c1)Nc1cccc(-c2cccc(F)c2F)c1,-9.918142235123367,3.218592063451191,57_1799
O=C(Nc1cccc(-c2cccc(-c3nc4ccccc4[nH]3)c2)c1)Nc1cccc(-c2cccc(F)c2F)c1,-9.918142235123367,3.218592063451191,57_1800
O=C(Nc1cccc(-c2cccc(-c3nc4ccccc4[nH]3)c2)c1)Nc1cccc(-c2cccc(F)c2F)c1,-9.918142235123367,3.218592063451191,57_1801
O=C(Nc1cccc(-c2cccc(-c3nc4ccccc4[nH]3)c2)c1)Nc1cccc(-c2cccc(F)c2F)c1,-9.918142235123367,3.218592063451191,57_1802
O=C(Nc1cccc(-c2cccc(F)c2F)c1)Nc1cccc(-c2cccc(-c3nc4cc(F)ccc4[nH]3)c2F)c1,-10.03279069767442,3.128615257744718,57_1803
O=C(Nc1cccc(-c2cccc(-c3nc4ccccc4[nH]3)c2)c1)Nc1cccc(-c2cccc(F)c2F)c1,-9.918142235123367,3.218592063451191,57_1804
O=C(Nc1cccc(-c2cccc(-c3nc4ccccc4[nH]3)c2)c1)Nc1cccc(-c2cccc(F)c2F)c1,-9.918142235123367,3.218592063451191,57_1805
O=C(Nc1cccc(-c2cccc(F)c2F)c1)Nc1cccc(-c2cccc(-c3nc4cc(F)ccc4[nH]3)c2F)c1,-10.03279069767442,3.128615257744718,57_1806
O=C(Nc1cccc(-c2cccc(-c3nc4ccccc4[nH]3)c2)c1)Nc1cccc(-c2cccc(F)c2F)c1,-9.918142235123367,3.218592063451191,57_1807
O=C(Nc1cccc(-c2cccc(F)c2F)c1)Nc1cccc(-c2cccc(-c3nc4cc(F)ccc4[nH]3)c2F)c1,-10.03279069767442,3.128615257744718,57_1808
O=C(Nc1cccc(-c2cccc(-c3nc4ccccc4[nH]3)c2)c1)Nc1cccc(-c2cccc(F)c2F)c1,-9.918142235123367,3.218592063451191,57_1809
O=C(Nc1cccc(-c2cccc(-c3nc4ccccc4[nH]3)c2)c1)Nc1cccc(-c2cccc(F)c2F)c1,-9.918142235123367,3.218592063451191,57_1810
O=C(Nc1cccc(-c2cccc(-c3nc4ccccc4[nH]3)c2)c1)Nc1cccc(-c2cccc(F)c2F)c1,-9.918142235123367,3.218592063451191,57_1811
O=C(Nc1cccc(-c2cccc(-c3nc4ccccc4[nH]3)c2)c1)Nc1cccc(-c2cccc(F)c2F)c1,-9.918142235123367,3.218592063451191,57_1812
O=C(Nc1cccc(-c2cccc(-c3nc4ccccc4[nH]3)c2)c1)Nc1cccc(-c2cccc(F)c2F)c1,-9.918142235123367,3.218592063451191,57_1813
O=C(Nc1cccc(-c2cccc(F)c2F)c1)Nc1cccc(-c2cccc(-c3nc4cc(F)ccc4[nH]3)c2F)c1,-10.03279069767442,3.128615257744718,57_1814
Cn1c(-c2cccc(-c3cccc(NC(=O)Nc4cccc(-c5cccc(F)c5F)c4)c3)c2)nc2ccccc21,-9.954744525547445,3.216920496534968,57_1815
O=C(Nc1cccc(-c2cccc(-c3nc4ccccc4[nH]3)c2)c1)Nc1cccc(-c2cccc(F)c2F)c1,-9.918142235123367,3.218592063451191,57_1816
Cn1c(-c2cccc(-c3cccc(NC(=O)Nc4cccc(-c5cccc(F)c5F)c4)c3)c2)nc2ccccc21,-9.954744525547445,3.216920496534968,57_1817
O=C(Nc1cccc(-c2cccc(-c3nc4ccccc4[nH]3)c2)c1)Nc1cccc(-c2cccc(F)c2F)c1,-9.918142235123367,3.218592063451191,57_1818
O=C(Nc1cccc(-c2cccc(-c3nc4ccccc4[nH]3)c2)c1)Nc1cccc(-c2cccc(F)c2F)c1,-9.918142235123367,3.218592063451191,57_1819
O=C(Nc1cccc(-c2cccc(F)c2F)c1)Nc1cccc(-c2cccc(-c3nc4cc(F)ccc4[nH]3)c2F)c1,-10.03279069767442,3.128615257744718,57_1820
O=C(Nc1cccc(-c2cccc(-c3nc4ccccc4[nH]3)c2)c1)Nc1cccc(-c2cccc(F)c2F)c1,-9.918142235123367,3.218592063451191,57_1821
O=C(Nc1cccc(-c2cccc(F)c2F)c1)Nc1cccc(-c2cccc(-c3nc4cc(F)ccc4[nH]3)c2F)c1,-10.03279069767442,3.128615257744718,57_1822
O=C(Nc1cccc(-c2cccc(F)c2F)c1)Nc1cccc(-c2cccc(-c3nc4cc(F)ccc4[nH]3)c2F)c1,-10.03279069767442,3.128615257744718,57_1823
O=C(Nc1cccc(-c2cccc(-c3nc4cc(F)ccc4[nH]3)c2)c1)Nc1cccc(-c2cccc(F)c2F)c1,-9.31111111111111,3.1875244530828533,57_1824
O=C(Nc1cccc(-c2cccc(-c3nc4ccccc4[nH]3)c2)c1)Nc1cccc(-c2cccc(F)c2F)c1,-9.918142235123367,3.218592063451191,57_1825
O=C(Nc1cccc(-c2cccc(-c3nc4ccccc4[nH]3)c2)c1)Nc1cccc(-c2cccc(F)c2F)c1,-9.918142235123367,3.218592063451191,57_1826
Cn1c(-c2cccc(-c3cccc(NC(=O)Nc4cccc(-c5cccc(F)c5F)c4)c3)c2)nc2ccccc21,-9.954744525547445,3.216920496534968,57_1827
O=C(Nc1cccc(-c2cccc(F)c2F)c1)Nc1cccc(-c2cccc(-c3nc4cc(F)ccc4[nH]3)c2F)c1,-10.03279069767442,3.128615257744718,57_1828
O=C(Nc1cccc(-c2cccc(-c3nc4ccccc4[nH]3)c2)c1)Nc1cccc(-c2cccc(F)c2F)c1,-9.918142235123367,3.218592063451191,57_1829
O=C(Nc1cccc(-c2cccc(-c3nc4ccccc4[nH]3)c2)c1)Nc1cccc(-c2cccc(F)c2F)c1,-9.918142235123367,3.218592063451191,57_1830
O=C(Nc1cccc(-c2cccc(-c3nc4ccccc4[nH]3)c2)c1)Nc1cccc(-c2cccc(F)c2F)c1,-9.918142235123367,3.218592063451191,57_1831
O=C(Nc1cccc(-c2cccc(-c3nc4ccccc4[nH]3)c2)c1)Nc1cccc(-c2cccc(F)c2F)c1,-9.918142235123367,3.218592063451191,57_1832
O=C(Nc1cccc(-c2cccc(-c3nc4ccccc4[nH]3)c2)c1)Nc1cccc(-c2cccc(F)c2F)c1,-9.918142235123367,3.218592063451191,57_1833
O=C(Nc1cccc(-c2cccc(F)c2F)c1)Nc1cccc(-c2cccc(-c3nc4cc(F)ccc4[nH]3)c2F)c1,-10.03279069767442,3.128615257744718,57_1834
O=C(Nc1cccc(-c2cccc(F)c2F)c1)Nc1cccc(-c2cccc(-c3nc4cc(F)ccc4[nH]3)c2F)c1,-10.03279069767442,3.128615257744718,57_1835
Cn1c(-c2cccc(-c3cccc(NC(=O)Nc4cccc(-c5cccc(F)c5F)c4)c3)c2)nc2ccccc21,-9.954744525547445,3.216920496534968,57_1836
O=C(Nc1cccc(-c2cccc(-c3nc4ccccc4[nH]3)c2)c1)Nc1cccc(-c2cccc(F)c2F)c1,-9.918142235123367,3.218592063451191,57_1837
O=C(Nc1cccc(-c2cccc(-c3nc4ccccc4[nH]3)c2)c1)Nc1cccc(-c2cccc(F)c2F)c1,-9.918142235123367,3.218592063451191,57_1838
O=C(Nc1cccc(-c2cccc(F)c2F)c1)Nc1cccc(-c2cccc(-c3nc4cc(F)ccc4[nH]3)c2F)c1,-10.03279069767442,3.128615257744718,57_1839
O=C(Nc1cccc(-c2cccc(-c3nc4ccccc4[nH]3)c2)c1)Nc1cccc(-c2cccc(F)c2F)c1,-9.918142235123367,3.218592063451191,57_1840
Cn1c(-c2cccc(-c3cccc(NC(=O)Nc4cccc(-c5cccc(F)c5F)c4)c3)c2)nc2ccccc21,-9.954744525547445,3.216920496534968,57_1841
O=C(Nc1cccc(-c2cccc(-c3nc4ccccc4[nH]3)c2)c1)Nc1cccc(-c2cccc(F)c2F)c1,-9.918142235123367,3.218592063451191,57_1842
Cn1c(-c2cccc(-c3cccc(NC(=O)Nc4cccc(-c5cccc(F)c5F)c4)c3)c2)nc2ccccc21,-9.954744525547445,3.216920496534968,57_1843
Cn1c(-c2cccc(-c3cccc(NC(=O)Nc4cccc(-c5cccc(F)c5F)c4)c3)c2)nc2ccccc21,-9.954744525547445,3.216920496534968,57_1844
O=C(Nc1cccc(-c2cccc(-c3nc4ccccc4[nH]3)c2)c1)Nc1cccc(-c2cccc(F)c2F)c1,-9.918142235123367,3.218592063451191,57_1845
O=C(Nc1cccc(-c2cccc(-c3nc4ccccc4[nH]3)c2)c1)Nc1cccc(-c2cccc(F)c2F)c1,-9.918142235123367,3.218592063451191,57_1846
O=C(Nc1cccc(-c2cccc(-c3nc4ccccc4[nH]3)c2)c1)Nc1cccc(-c2cccc(F)c2F)c1,-9.918142235123367,3.218592063451191,57_1847
O=C(Nc1cccc(-c2cccc(F)c2F)c1)Nc1cccc(-c2cccc(-c3nc4cc(F)ccc4[nH]3)c2F)c1,-10.03279069767442,3.128615257744718,57_1848
O=C(Nc1cccc(-c2cccc(-c3nc4ccccc4[nH]3)c2)c1)Nc1cccc(-c2cccc(F)c2F)c1,-9.918142235123367,3.218592063451191,57_1849
O=C(Nc1cccc(-c2cccc(-c3nc4ccccc4[nH]3)c2)c1)Nc1cccc(-c2cccc(F)c2F)c1,-9.918142235123367,3.218592063451191,57_1850
O=C(Nc1cccc(-c2cccc(-c3nc4ccccc4[nH]3)c2)c1)Nc1cccc(-c2cccc(F)c2F)c1,-9.918142235123367,3.218592063451191,57_1851
O=C(Nc1cccc(-c2cccc(-c3nc4ccccc4[nH]3)c2)c1)Nc1cccc(-c2cccc(F)c2F)c1,-9.918142235123367,3.218592063451191,57_1852
Cn1c(-c2cccc(-c3cccc(NC(=O)Nc4cccc(-c5cccc(F)c5F)c4)c3)c2)nc2ccccc21,-9.954744525547445,3.216920496534968,57_1853
O=C(Nc1cccc(-c2cccc(-c3nc4ccccc4[nH]3)c2)c1)Nc1cccc(-c2cccc(F)c2F)c1,-9.918142235123367,3.218592063451191,57_1854
O=C(Nc1cccc(-c2cccc(-c3nc4ccccc4[nH]3)c2)c1)Nc1cccc(-c2cccc(F)c2F)c1,-9.918142235123367,3.218592063451191,57_1855
O=C(Nc1cccc(-c2cccc(-c3nc4ccccc4[nH]3)c2)c1)Nc1cccc(-c2cccc(F)c2F)c1,-9.918142235123367,3.218592063451191,57_1856
O=C(Nc1cccc(-c2cccc(-c3nc4ccccc4[nH]3)c2)c1)Nc1cccc(-c2cccc(F)c2F)c1,-9.918142235123367,3.218592063451191,57_1857
O=C(Nc1cccc(-c2cccc(-c3nc4ccccc4[nH]3)c2)c1)Nc1cccc(-c2cccc(F)c2F)c1,-9.918142235123367,3.218592063451191,57_1858
O=C(Nc1cccc(-c2cccc(F)c2F)c1)Nc1cccc(-c2cccc(-c3nc4cc(F)ccc4[nH]3)c2F)c1,-10.03279069767442,3.128615257744718,57_1859
O=C(Nc1cccc(-c2cccc(-c3nc4ccccc4[nH]3)c2)c1)Nc1cccc(-c2cccc(F)c2F)c1,-9.918142235123367,3.218592063451191,57_1860
O=C(Nc1cccc(-c2cccc(F)c2F)c1)Nc1cccc(-c2cccc(-c3nc4cc(F)ccc4[nH]3)c2F)c1,-10.03279069767442,3.128615257744718,57_1861
O=C(Nc1cccc(-c2cccc(-c3nc4ccccc4[nH]3)c2)c1)Nc1cccc(-c2cccc(F)c2F)c1,-9.918142235123367,3.218592063451191,57_1862
O=C(Nc1cccc(-c2cccc(-c3nc4ccccc4[nH]3)c2)c1)Nc1cccc(-c2cccc(F)c2F)c1,-9.918142235123367,3.218592063451191,57_1863
O=C(Nc1cccc(-c2cccc(-c3nc4ccccc4[nH]3)c2)c1)Nc1cccc(-c2cccc(F)c2F)c1,-9.918142235123367,3.218592063451191,57_1864
O=C(Nc1cccc(-c2cccc(-c3nc4ccccc4[nH]3)c2)c1)Nc1cccc(-c2cccc(F)c2F)c1,-9.918142235123367,3.218592063451191,57_1865
O=C(Nc1cccc(-c2cccc(F)c2F)c1)Nc1cccc(-c2cccc(-c3nc4cc(F)ccc4[nH]3)c2F)c1,-10.03279069767442,3.128615257744718,57_1866
O=C(Nc1cccc(-c2cccc(F)c2F)c1)Nc1cccc(-c2cccc(-c3nc4cc(F)ccc4[nH]3)c2F)c1,-10.03279069767442,3.128615257744718,57_1867
O=C(Nc1cccc(-c2cccc(-c3nc4ccccc4[nH]3)c2)c1)Nc1cccc(-c2cccc(F)c2F)c1,-9.918142235123367,3.218592063451191,57_1868
Cn1c(-c2cccc(-c3cccc(NC(=O)Nc4cccc(-c5cccc(F)c5F)c4)c3)c2)nc2ccccc21,-9.954744525547445,3.216920496534968,57_1869
O=C(Nc1cccc(-c2cccc(-c3nc4ccccc4[nH]3)c2)c1)Nc1cccc(-c2cccc(F)c2F)c1,-9.918142235123367,3.218592063451191,57_1870
O=C(Nc1cccc(-c2cccc(-c3nc4ccccc4[nH]3)c2)c1)Nc1cccc(-c2cccc(F)c2F)c1,-9.918142235123367,3.218592063451191,57_1871
O=C(Nc1cccc(-c2cccc(-c3nc4ccccc4[nH]3)c2)c1)Nc1cccc(-c2cccc(F)c2F)c1,-9.918142235123367,3.218592063451191,57_1872
O=C(Nc1cccc(-c2cccc(-c3nc4ccccc4[nH]3)c2)c1)Nc1cccc(-c2cccc(F)c2F)c1,-9.918142235123367,3.218592063451191,57_1873
O=C(Nc1cccc(-c2cccc(-c3nc4ccccc4[nH]3)c2)c1)Nc1cccc(-c2cccc(F)c2F)c1,-9.918142235123367,3.218592063451191,57_1874
O=C(Nc1cccc(-c2cccc(-c3nc4ccccc4[nH]3)c2)c1)Nc1cccc(-c2cccc(F)c2F)c1,-9.918142235123367,3.218592063451191,57_1875
O=C(Nc1cccc(-c2cccc(-c3nc4ccccc4[nH]3)c2)c1)Nc1cccc(-c2cccc(F)c2F)c1,-9.918142235123367,3.218592063451191,57_1876
O=C(Nc1cccc(-c2cccc(-c3nc4ccccc4[nH]3)c2)c1)Nc1cccc(-c2cccc(F)c2F)c1,-9.918142235123367,3.218592063451191,57_1877
O=C(Nc1cccc(-c2cccc(-c3nc4ccccc4[nH]3)c2)c1)Nc1cccc(-c2cccc(F)c2F)c1,-9.918142235123367,3.218592063451191,57_1878
O=C(Nc1cccc(-c2cccc(-c3nc4ccccc4[nH]3)c2)c1)Nc1cccc(-c2cccc(F)c2F)c1,-9.918142235123367,3.218592063451191,57_1879
O=C(Nc1cccc(-c2cccc(F)c2F)c1)N1C=CC=CC(c2cccc(-c3nc4cc(F)ccc4[nH]3)c2)=C1,-9.71,2.2987853633063597,57_1880
O=C(Nc1cccc(-c2cccc(-c3nc4ccccc4[nH]3)c2)c1)Nc1cccc(-c2cccc(F)c2F)c1,-9.918142235123367,3.218592063451191,57_1881
O=C(Nc1cccc(-c2cccc(-c3nc4ccccc4[nH]3)c2)c1)Nc1cccc(-c2cccc(F)c2F)c1,-9.918142235123367,3.218592063451191,57_1882
O=C(Nc1cccc(-c2cccc(F)c2F)c1)Nc1cccc(-c2cccc(-c3nc4cc(F)ccc4[nH]3)c2F)c1,-10.03279069767442,3.128615257744718,57_1883
O=C(Nc1cccc(-c2cccc(F)c2F)c1)N1C=CC=CC(c2cccc(-c3nc4cc(F)ccc4[nH]3)c2)=C1,-9.71,2.2987853633063597,57_1884
O=C(Nc1cccc(-c2cccc(-c3nc4ccccc4[nH]3)c2)c1)Nc1cccc(-c2cccc(F)c2F)c1,-9.918142235123367,3.218592063451191,57_1885
O=C(Nc1cccc(-c2cccc(-c3nc4ccccc4[nH]3)c2)c1)Nc1cccc(-c2cccc(F)c2F)c1,-9.918142235123367,3.218592063451191,57_1886
O=C(Nc1cccc(-c2cccc(-c3nc4ccccc4[nH]3)c2)c1)Nc1cccc(-c2cccc(F)c2F)c1,-9.918142235123367,3.218592063451191,57_1887
O=C(Nc1cccc(-c2cccc(-c3nc4ccccc4[nH]3)c2)c1)Nc1cccc(-c2cccc(F)c2F)c1,-9.918142235123367,3.218592063451191,57_1888
O=C(Nc1cccc(-c2cccc(-c3nc4ccccc4[nH]3)c2)c1)Nc1cccc(-c2cccc(F)c2F)c1,-9.918142235123367,3.218592063451191,57_1889
O=C(Nc1cccc(-c2cccc(F)c2F)c1)Nc1cccc(-c2cccc(-c3nc4cc(F)ccc4[nH]3)c2F)c1,-10.03279069767442,3.128615257744718,57_1890
O=C(Nc1cccc(-c2cccc(-c3nc4ccccc4[nH]3)c2)c1)Nc1cccc(-c2cccc(F)c2F)c1,-9.918142235123367,3.218592063451191,57_1891
O=C(Nc1cccc(-c2cccc(-c3nc4ccccc4[nH]3)c2)c1)Nc1cccc(-c2cccc(F)c2F)c1,-9.918142235123367,3.218592063451191,57_1892
O=C(Nc1cccc(-c2cccc(-c3nc4ccccc4[nH]3)c2)c1)Nc1cccc(-c2cccc(F)c2F)c1,-9.918142235123367,3.218592063451191,57_1893
O=C(Nc1cccc(-c2cccc(F)c2F)c1)Nc1cccc(-c2cccc(-c3nc4cc(F)ccc4[nH]3)c2F)c1,-10.03279069767442,3.128615257744718,57_1894
Cn1c(-c2cccc(-c3cccc(NC(=O)Nc4cccc(-c5cccc(F)c5F)c4)c3)c2)nc2ccccc21,-9.954744525547445,3.216920496534968,57_1895
O=C(Nc1cccc(-c2cccc(-c3nc4ccccc4[nH]3)c2)c1)Nc1cccc(-c2cccc(F)c2F)c1,-9.918142235123367,3.218592063451191,57_1896
O=C(Nc1cccc(-c2cccc(-c3nc4ccccc4[nH]3)c2)c1)Nc1cccc(-c2cccc(F)c2F)c1,-9.918142235123367,3.218592063451191,57_1897
O=C(Nc1cccc(-c2cccc(-c3nc4ccccc4[nH]3)c2)c1)Nc1cccc(-c2cccc(F)c2F)c1,-9.918142235123367,3.218592063451191,57_1898
O=C(Nc1cccc(-c2cccc(-c3nc4ccccc4[nH]3)c2)c1)Nc1cccc(-c2cccc(F)c2F)c1,-9.918142235123367,3.218592063451191,57_1899
Nc1ncnc2c1nc(Sc1ccc3c(c1)OCCO3)n2CCc1cccc(-c2cccc(-c3cccc(F)c3)c2)c1,-8.4,3.298748770378337,57_1900
O=C(Nc1cccc(-c2cccc(-c3nc4ccccc4[nH]3)c2)c1)Nc1cccc(-c2cccc(F)c2F)c1,-9.918142235123367,3.218592063451191,57_1901
O=C(Nc1cccc(-c2cccc(-c3nc4ccccc4[nH]3)c2)c1)Nc1cccc(-c2cccc(F)c2F)c1,-9.918142235123367,3.218592063451191,57_1902
O=C(Nc1cccc(-c2cccc(F)c2F)c1)Nc1cccc(-c2cccc(-c3nc4cc(F)ccc4[nH]3)c2F)c1,-10.03279069767442,3.128615257744718,57_1903
O=C(Nc1cccc(-c2cccc(-c3nc4ccccc4[nH]3)c2)c1)Nc1cccc(-c2cccc(F)c2F)c1,-9.918142235123367,3.218592063451191,57_1904
O=C(Nc1cccc(-c2cccc(-c3nc4ccccc4[nH]3)c2)c1)Nc1cccc(-c2cccc(F)c2F)c1,-9.918142235123367,3.218592063451191,57_1905
O=C(Nc1cccc(-c2cccc(-c3nc4ccccc4[nH]3)c2)c1)Nc1cccc(-c2cccc(F)c2F)c1,-9.918142235123367,3.218592063451191,57_1906
O=C(Nc1cccc(-c2cccc(F)c2F)c1)Nc1cccc(-c2cccc(-c3nc4cc(F)ccc4[nH]3)c2F)c1,-10.03279069767442,3.128615257744718,57_1907
O=C(Nc1cccc(-c2cccc(-c3nc4ccccc4[nH]3)c2)c1)Nc1cccc(-c2cccc(F)c2F)c1,-9.918142235123367,3.218592063451191,57_1908
O=C(Nc1cccc(-c2cccc(-c3nc4ccccc4[nH]3)c2)c1)Nc1cccc(-c2cccc(F)c2F)c1,-9.918142235123367,3.218592063451191,57_1909
O=C(Nc1cccc(-c2cccc(-c3nc4ccccc4[nH]3)c2)c1)Nc1cccc(-c2cccc(F)c2F)c1,-9.918142235123367,3.218592063451191,57_1910
O=C(Nc1cccc(-c2cccc(-c3nc4ccccc4[nH]3)c2)c1)Nc1cccc(-c2cccc(F)c2F)c1,-9.918142235123367,3.218592063451191,57_1911
O=C(Nc1cccc(-c2cccc(-c3nc4ccccc4[nH]3)c2)c1)Nc1cccc(-c2cccc(F)c2F)c1,-9.918142235123367,3.218592063451191,57_1912
O=C(Nc1cccc(-c2cccc(-c3nc4ccccc4[nH]3)c2)c1)Nc1cccc(-c2cccc(F)c2F)c1,-9.918142235123367,3.218592063451191,57_1913
Cn1c(-c2cccc(-c3cccc(NC(=O)Nc4cccc(-c5cccc(F)c5F)c4)c3)c2)nc2ccccc21,-9.954744525547445,3.216920496534968,57_1914
O=C(Nc1cccc(-c2cccc(-c3nc4ccccc4[nH]3)c2)c1)Nc1cccc(-c2cccc(F)c2F)c1,-9.918142235123367,3.218592063451191,57_1915
O=C(Nc1cccc(-c2cccc(-c3nc4ccccc4[nH]3)c2)c1)Nc1cccc(-c2cccc(F)c2F)c1,-9.918142235123367,3.218592063451191,57_1916
O=C(Nc1cccc(-c2cccc(F)c2F)c1)Nc1cccc(-c2cccc(-c3nc4cc(F)ccc4[nH]3)c2F)c1,-10.03279069767442,3.128615257744718,57_1917
O=C(Nc1cccc(-c2cccc(-c3nc4ccccc4[nH]3)c2)c1)Nc1cccc(-c2cccc(F)c2F)c1,-9.918142235123367,3.218592063451191,57_1918
O=C(Nc1cccc(-c2cccc(-c3nc4ccccc4[nH]3)c2)c1)Nc1cccc(-c2cccc(F)c2F)c1,-9.918142235123367,3.218592063451191,57_1919
O=C(Nc1cccc(-c2cccc(-c3nc4ccccc4[nH]3)c2)c1)Nc1cccc(-c2cccc(F)c2F)c1,-9.918142235123367,3.218592063451191,57_1920
O=C(Nc1cccc(-c2cccc(-c3nc4ccccc4[nH]3)c2)c1)Nc1cccc(-c2cccc(F)c2F)c1,-9.918142235123367,3.218592063451191,57_1921
O=C(Nc1cccc(-c2cccc(-c3nc4ccccc4[nH]3)c2)c1)Nc1cccc(-c2cccc(F)c2F)c1,-9.918142235123367,3.218592063451191,57_1922
O=C(Nc1cccc(-c2cccc(-c3nc4ccccc4[nH]3)c2)c1)Nc1cccc(-c2cccc(F)c2F)c1,-9.918142235123367,3.218592063451191,57_1923
O=C(Nc1cccc(-c2cccc(F)c2F)c1)Nc1cccc(-c2cccc(-c3nc4cc(F)ccc4[nH]3)c2F)c1,-10.03279069767442,3.128615257744718,57_1924
O=C(Nc1cccc(-c2cccc(-c3nc4ccccc4[nH]3)c2)c1)Nc1cccc(-c2cccc(F)c2F)c1,-9.918142235123367,3.218592063451191,57_1925
O=C(Nc1cccc(-c2cccc(F)c2F)c1)Nc1cccc(-c2cccc(-c3nc4cc(F)ccc4[nH]3)c2F)c1,-10.03279069767442,3.128615257744718,57_1926
O=C(Nc1cccc(-c2cccc(-c3nc4ccccc4[nH]3)c2)c1)Nc1cccc(-c2cccc(F)c2F)c1,-9.918142235123367,3.218592063451191,57_1927
O=C(Nc1cccc(-c2cccc(-c3nc4ccccc4[nH]3)c2)c1)Nc1cccc(-c2cccc(F)c2F)c1,-9.918142235123367,3.218592063451191,57_1928
O=C(Nc1cccc(-c2cccc(-c3nc4ccccc4[nH]3)c2)c1)Nc1cccc(-c2cccc(F)c2F)c1,-9.918142235123367,3.218592063451191,57_1929
O=C(Nc1cccc(-c2cccc(-c3nc4ccccc4[nH]3)c2)c1)Nc1cccc(-c2cccc(F)c2F)c1,-9.918142235123367,3.218592063451191,57_1930
O=C(Nc1cccc(-c2cccc(F)c2F)c1)Nc1cccc(-c2cccc(-c3nc4cc(F)ccc4[nH]3)c2F)c1,-10.03279069767442,3.128615257744718,57_1931
O=C(Nc1cccc(-c2cccc(-c3nc4ccccc4[nH]3)c2)c1)Nc1cccc(-c2cccc(F)c2F)c1,-9.918142235123367,3.218592063451191,57_1932
O=C(Nc1cccc(-c2cccc(-c3nc4ccccc4[nH]3)c2)c1)Nc1cccc(-c2cccc(F)c2F)c1,-9.918142235123367,3.218592063451191,57_1933
O=C(Nc1cccc(-c2cccc(-c3nc4ccccc4[nH]3)c2)c1)Nc1cccc(-c2cccc(F)c2F)c1,-9.918142235123367,3.218592063451191,57_1934
O=C(Nc1cccc(-c2cccc(F)c2F)c1)Nc1cccc(-c2cccc(-c3nc4cc(F)ccc4[nH]3)c2F)c1,-10.03279069767442,3.128615257744718,57_1935
O=C(Nc1cccc(-c2cccc(-c3nc4ccccc4[nH]3)c2)c1)Nc1cccc(-c2cccc(F)c2F)c1,-9.918142235123367,3.218592063451191,57_1936
O=C(Nc1cccc(-c2cccc(-c3nc4ccccc4[nH]3)c2)c1)Nc1cccc(-c2cccc(F)c2F)c1,-9.918142235123367,3.218592063451191,57_1937
O=C(Nc1cccc(-c2cccc(-c3nc4ccccc4[nH]3)c2)c1)Nc1cccc(-c2cccc(F)c2F)c1,-9.918142235123367,3.218592063451191,57_1938
O=C(Nc1cccc(-c2cccc(-c3nc4ccccc4[nH]3)c2)c1)Nc1cccc(-c2cccc(F)c2F)c1,-9.918142235123367,3.218592063451191,57_1939
O=C(Nc1cccc(-c2cccc(-c3nc4ccccc4[nH]3)c2)c1)Nc1cccc(-c2cccc(F)c2F)c1,-9.918142235123367,3.218592063451191,57_1940
O=C(Nc1cccc(-c2cccc(-c3nc4ccccc4[nH]3)c2)c1)Nc1cccc(-c2cccc(F)c2F)c1,-9.918142235123367,3.218592063451191,57_1941
O=C(Nc1cccc(-c2cccc(-c3nc4ccccc4[nH]3)c2)c1)Nc1cccc(-c2cccc(F)c2F)c1,-9.918142235123367,3.218592063451191,57_1942
O=C(Nc1cccc(-c2cccc(-c3nc4ccccc4[nH]3)c2)c1)Nc1cccc(-c2cccc(F)c2F)c1,-9.918142235123367,3.218592063451191,57_1943
O=C(Nc1cccc(-c2cccc(-c3nc4ccccc4[nH]3)c2)c1)Nc1cccc(-c2cccc(F)c2F)c1,-9.918142235123367,3.218592063451191,57_1944
O=C(Nc1cccc(-c2cccc(-c3nc4ccccc4[nH]3)c2)c1)Nc1cccc(-c2cccc(F)c2F)c1,-9.918142235123367,3.218592063451191,57_1945
O=C(Nc1cccc(-c2cccc(-c3nc4ccccc4[nH]3)c2)c1)Nc1cccc(-c2cccc(F)c2F)c1,-9.918142235123367,3.218592063451191,57_1946
O=C(Nc1cccc(-c2cccc(-c3nc4ccccc4[nH]3)c2)c1)Nc1cccc(-c2cccc(F)c2F)c1,-9.918142235123367,3.218592063451191,57_1947
O=C(Nc1cccc(-c2cccc(-c3nc4ccccc4[nH]3)c2)c1)Nc1cccc(-c2cccc(F)c2F)c1,-9.918142235123367,3.218592063451191,57_1948
O=C(Nc1cccc(-c2cccc(-c3nc4ccccc4[nH]3)c2)c1)Nc1cccc(-c2cccc(F)c2F)c1,-9.918142235123367,3.218592063451191,57_1949
O=C(Nc1cccc(-c2cccc(-c3nc4ccccc4[nH]3)c2)c1)Nc1cccc(-c2cccc(F)c2F)c1,-9.918142235123367,3.218592063451191,57_1950
O=C(Nc1cccc(-c2cccc(-c3nc4ccccc4[nH]3)c2)c1)Nc1cccc(-c2cccc(F)c2F)c1,-9.918142235123367,3.218592063451191,57_1951
O=C(Nc1cccc(-c2cccc(-c3nc4ccccc4[nH]3)c2)c1)Nc1cccc(-c2cccc(F)c2F)c1,-9.918142235123367,3.218592063451191,57_1952
O=C(Nc1cccc(-c2cccc(-c3nc4ccccc4[nH]3)c2)c1)Nc1cccc(-c2cccc(F)c2F)c1,-9.918142235123367,3.218592063451191,57_1953
O=C(Nc1cccc(-c2cccc(-c3nc4ccccc4[nH]3)c2)c1)Nc1cccc(-c2cccc(F)c2F)c1,-9.918142235123367,3.218592063451191,57_1954
O=C(Nc1cccc(-c2cccc(-c3nc4ccccc4[nH]3)c2)c1)Nc1cccc(-c2cccc(F)c2F)c1,-9.918142235123367,3.218592063451191,57_1955
O=C(Nc1cccc(-c2cccc(-c3nc4ccccc4[nH]3)c2)c1)Nc1cccc(-c2cccc(F)c2F)c1,-9.918142235123367,3.218592063451191,57_1956
O=C(Nc1cccc(-c2cccc(-c3nc4ccccc4[nH]3)c2)c1)Nc1cccc(-c2cccc(F)c2F)c1,-9.918142235123367,3.218592063451191,57_1957
O=C(Nc1cccc(-c2cccc(F)c2F)c1)Nc1cccc(-c2cccc(-c3nc4cc(F)ccc4[nH]3)c2F)c1,-10.03279069767442,3.128615257744718,57_1958
O=C(Nc1cccc(-c2cccc(-c3nc4ccccc4[nH]3)c2)c1)Nc1cccc(-c2cccc(F)c2F)c1,-9.918142235123367,3.218592063451191,57_1959
O=C(Nc1cccc(-c2cccc(F)c2F)c1)Nc1cccc(-c2cccc(-c3nc4cc(F)ccc4[nH]3)c2F)c1,-10.03279069767442,3.128615257744718,57_1960
O=C(Nc1cccc(-c2cccc(-c3nc4ccccc4[nH]3)c2)c1)Nc1cccc(-c2cccc(F)c2F)c1,-9.918142235123367,3.218592063451191,57_1961
O=C(Nc1cccc(-c2cccc(-c3nc4ccccc4[nH]3)c2)c1)Nc1cccc(-c2cccc(F)c2F)c1,-9.918142235123367,3.218592063451191,57_1962
O=C(Nc1cccc(-c2cccc(-c3nc4ccccc4[nH]3)c2)c1)Nc1cccc(-c2cccc(F)c2F)c1,-9.918142235123367,3.218592063451191,57_1963
O=C(Nc1cccc(-c2cccc(-c3nc4ccccc4[nH]3)c2)c1)Nc1cccc(-c2cccc(F)c2F)c1,-9.918142235123367,3.218592063451191,57_1964
O=C(Nc1cccc(-c2cccc(-c3nc4ccccc4[nH]3)c2)c1)Nc1cccc(-c2cccc(F)c2F)c1,-9.918142235123367,3.218592063451191,57_1965
O=C(Nc1cccc(-c2cccc(-c3nc4ccccc4[nH]3)c2)c1)Nc1cccc(-c2cccc(F)c2F)c1,-9.918142235123367,3.218592063451191,57_1966
O=C(Nc1cccc(-c2cccc(-c3nc4ccccc4[nH]3)c2)c1)Nc1cccc(-c2cccc(F)c2F)c1,-9.918142235123367,3.218592063451191,57_1967
O=C(Nc1cccc(-c2cccc(F)c2F)c1)Nc1cccc(-c2cccc(-c3nc4cc(F)ccc4[nH]3)c2F)c1,-10.03279069767442,3.128615257744718,57_1968
O=C(Nc1cccc(-c2cccc(-c3nc4ccccc4[nH]3)c2)c1)Nc1cccc(-c2cccc(F)c2F)c1,-9.918142235123367,3.218592063451191,57_1969
O=C(Nc1cccc(-c2cccc(-c3nc4ccccc4[nH]3)c2)c1)Nc1cccc(-c2cccc(F)c2F)c1,-9.918142235123367,3.218592063451191,57_1970
Cn1c(-c2cccc(-c3cccc(NC(=O)Nc4cccc(-c5cccc(F)c5F)c4)c3)c2)nc2ccccc21,-9.954744525547445,3.216920496534968,57_1971
O=C(Nc1cccc(-c2cccc(-c3nc4ccccc4[nH]3)c2)c1)Nc1cccc(-c2cccc(F)c2F)c1,-9.918142235123367,3.218592063451191,57_1972
O=C(Nc1cccc(-c2cccc(-c3nc4ccccc4[nH]3)c2)c1)Nc1cccc(-c2cccc(F)c2F)c1,-9.918142235123367,3.218592063451191,57_1973
O=C(Nc1cccc(-c2cccc(-c3nc4ccccc4[nH]3)c2)c1)Nc1cccc(-c2cccc(F)c2F)c1,-9.918142235123367,3.218592063451191,57_1974
O=C(Nc1cccc(-c2cccc(F)c2F)c1)Nc1cccc(-c2cccc(-c3nc4cc(F)ccc4[nH]3)c2F)c1,-10.03279069767442,3.128615257744718,57_1975
O=C(Nc1cccc(-c2cccc(-c3nc4ccccc4[nH]3)c2)c1)Nc1cccc(-c2cccc(F)c2F)c1,-9.918142235123367,3.218592063451191,57_1976
O=C(Nc1cccc(-c2cccc(-c3nc4ccccc4[nH]3)c2)c1)Nc1cccc(-c2cccc(F)c2F)c1,-9.918142235123367,3.218592063451191,57_1977
O=C(Nc1cccc(-c2cccc(-c3nc4ccccc4[nH]3)c2)c1)Nc1cccc(-c2cccc(F)c2F)c1,-9.918142235123367,3.218592063451191,57_1978
O=C(Nc1cccc(-c2cccc(-c3nc4ccccc4[nH]3)c2)c1)Nc1cccc(-c2cccc(F)c2F)c1,-9.918142235123367,3.218592063451191,57_1979
O=C(Nc1cccc(-c2cccc(-c3nc4ccccc4[nH]3)c2)c1)Nc1cccc(-c2cccc(F)c2F)c1,-9.918142235123367,3.218592063451191,57_1980
O=C(Nc1cccc(-c2cccc(-c3nc4ccccc4[nH]3)c2)c1)Nc1cccc(-c2cccc(F)c2F)c1,-9.918142235123367,3.218592063451191,57_1981
O=C(Nc1cccc(-c2cccc(-c3nc4ccccc4[nH]3)c2)c1)Nc1cccc(-c2cccc(F)c2F)c1,-9.918142235123367,3.218592063451191,57_1982
O=C(Nc1cccc(-c2cccc(-c3nc4ccccc4[nH]3)c2)c1)Nc1cccc(-c2cccc(F)c2F)c1,-9.918142235123367,3.218592063451191,57_1983
O=C(Nc1cccc(-c2cccc(F)c2F)c1)Nc1cccc(-c2cccc(-c3nc4cc(F)ccc4[nH]3)c2F)c1,-10.03279069767442,3.128615257744718,57_1984
O=C(Nc1cccc(-c2cccc(F)c2F)c1)Nc1cccc(-c2cccc(-c3nc4cc(F)ccc4[nH]3)c2F)c1,-10.03279069767442,3.128615257744718,57_1985
O=C(Nc1cccc(-c2cccc(-c3nc4ccccc4[nH]3)c2)c1)Nc1cccc(-c2cccc(F)c2F)c1,-9.918142235123367,3.218592063451191,57_1986
O=C(Nc1cccc(-c2cccc(-c3nc4ccccc4[nH]3)c2)c1)Nc1cccc(-c2cccc(F)c2F)c1,-9.918142235123367,3.218592063451191,57_1987
O=C(Nc1cccc(-c2cccc(-c3nc4ccccc4[nH]3)c2)c1)Nc1cccc(-c2cccc(F)c2F)c1,-9.918142235123367,3.218592063451191,57_1988
O=C(Nc1cccc(-c2cccc(-c3nc4ccccc4[nH]3)c2)c1)Nc1cccc(-c2cccc(F)c2F)c1,-9.918142235123367,3.218592063451191,57_1989
O=C(Nc1cccc(-c2cccc(-c3nc4ccccc4[nH]3)c2)c1)Nc1cccc(-c2cccc(F)c2F)c1,-9.918142235123367,3.218592063451191,57_1990
O=C(Nc1cccc(-c2cccc(F)c2F)c1)Nc1cccc(-c2cccc(-c3nc4cc(F)ccc4[nH]3)c2F)c1,-10.03279069767442,3.128615257744718,57_1991
O=C(Nc1cccc(-c2cccc(-c3nc4ccccc4[nH]3)c2)c1)Nc1cccc(-c2cccc(F)c2F)c1,-9.918142235123367,3.218592063451191,57_1992
Cn1c(-c2cccc(-c3cccc(NC(=O)Nc4cccc(-c5cccc(F)c5F)c4)c3)c2)nc2ccccc21,-9.954744525547445,3.216920496534968,57_1993
O=C(Nc1cccc(-c2cccc(-c3nc4ccccc4[nH]3)c2)c1)Nc1cccc(-c2cccc(F)c2F)c1,-9.918142235123367,3.218592063451191,57_1994
O=C(Nc1cccc(-c2cccc(F)c2F)c1)Nc1cccc(-c2cccc(-c3nc4cc(F)ccc4[nH]3)c2F)c1,-10.03279069767442,3.128615257744718,57_1995
O=C(Nc1cccc(-c2cccc(-c3nc4ccccc4[nH]3)c2)c1)Nc1cccc(-c2cccc(F)c2F)c1,-9.918142235123367,3.218592063451191,57_1996
O=C(Nc1cccc(-c2cccc(F)c2F)c1)Nc1cccc(-c2cccc(-c3nc4cc(F)ccc4[nH]3)c2F)c1,-10.03279069767442,3.128615257744718,57_1997
O=C(Nc1cccc(-c2cccc(F)c2F)c1)Nc1cccc(-c2cccc(-c3nc4cc(F)ccc4[nH]3)c2F)c1,-10.03279069767442,3.128615257744718,57_1998
O=C(Nc1cccc(-c2cccc(-c3nc4ccccc4[nH]3)c2)c1)Nc1cccc(-c2cccc(F)c2F)c1,-9.918142235123367,3.218592063451191,57_1999
