smiles,docking,drug_likeliness,names
COc1cc(C(=O)Nc2nc(-c3ccc4[nH]c5ccccc5c4c3)cs2)cc(OC)c1OC,-7.9,3.520614759742905,9_0
CCc1c(C)[nH]c2c1C(=O)CC(CN1CCC(c3noc4cc(F)ccc34)CC1)C2,-7.9,3.6703677599109343,9_1
C=C(COc1ccc(C2=NNC(c3ccc(OC)cc3)C2)cc1)c1cccs1,-6.5,3.69220938698959,9_2
CCO/N=C1\CN(c2nc3c(cc2F)c(=O)c(C(=O)O)cn3C2CC2)CC1CN,-6.9,3.4071174399320396,9_3
Cc1ccccc1C(=O)Nc1cccc(Nc2ccc(CCc3ccc(F)c(F)c3)cc2)c1,-7.6,3.430805836543966,9_4
O=C(Nc1cccc(NC(=O)c2cccc([N+](=O)[O-])c2)c1)c1cc(Cl)cc(Cl)c1,-6.9,3.6077971763546364,9_5
OC[C@H]1O[C@@H](c2ccc(Cl)c(Cc3ccc4c(c3)CCO4)c2)[C@H](O)[C@@H](O)[C@@H]1O,-7.3,3.457817447563013,9_6
Cc1c(C(=O)NC/C(C=O)=C\c2ccccc2)cnn1Cc1ccc(C(=O)c2ccccc2)cc1,-6.9,3.4191465803244463,9_7
O=C1CCC(c2nc3ccccc3o2)CCNc2c1cnn2-c1nc(=O)c2c([nH]1)CCC2,-8.6,1.2668824145692748,9_8
O=C(CCc1nnc2n(Cc3ccc(F)cc3)c(=O)c3ccccc3n12)N1CCN(c2cccc(C(F)(F)F)c2)CC1,-8.5,3.346608086309439,9_9
CC=C1C([n+]2cccc(C(=O)Nc3cccc(C)c3)c2)=C(C)C=CCCC1(C)C,-7.3,1.5526412060951098,9_10
Cc1nc2ccccc2c(=O)n1/N=C/c1ccccc1,-6.3,3.5941296031063743,9_11
Nc1nccc(Oc2ccc(NC(=O)C3(C(=O)Nc4ccc(F)cc4)CC3)cc2F)c1Cl,-7.1,3.558230639083476,9_12
CCn1cc(Cl)c(CN(Cc2ccco2)C(=O)Nc2ccccc2Cl)n1,-6.7,3.77090144361892,9_13
CCc1cc2nc(-c3ccc(N(Cc4ccccc4)C(=O)c4ccc(O)cc4O)cc3)c(-c3ccccc3)nc2s1,-7.2,3.2894967686300385,9_14
Cn1cc(S(=O)(=O)n2ncc(Cl)c(Cl)c2=O)c2ccccc21,-6.4,3.6091693327000858,9_15
O=C(Cn1nncc1-c1cc(F)c(F)c(F)c1)NCC1Cc2ccccc2N(Cc2ccc(Cl)c(Cl)c2)C1,-7.0,3.5010684071096767,9_16
CC(C)(C)C=CC1=CS(=O)(=O)NC(=O)c2ccc(N3CCN(C4c5ccccc5C=Cc5ccccc54)CC3)c(C(F)(F)F)c2C=C1,-7.9,1.0796002658281614,9_17
Cc1cccc(C)c1Oc1ccc(-c2csc(Nc3ccc([N+](=O)[O-])cc3)n2)cc1,-6.7,3.5167117838534487,9_18
CC(=O)c1c(O)ccc(O)c1O,-4.9,3.119960893852313,9_19
O=C(CCCCCCC(=O)c1ccccc1)Nc1ccccc1-c1ccccc1,-6.0,3.369624258219252,9_20
CNCCN=Cc1c(NC(=O)c2ccc(F)c(NC(=O)c3ccc(-c4ccccc4S(N)(=O)=O)cc3)c2)c[nH]c1N1CCCCC1,-6.7,2.9054556570561427,9_21
O=C(CC(=O)Nc1cccc(Cl)c1)CC(c1ccc(F)cc1)c1ccccn1,-7.3,3.6701161185257654,9_22
C=CCOC(=O)Nc1ccc(-c2ccccc2Cl)cc1,-5.9,3.610721078016657,9_23
COC1C(C2C=CC(=CC(C)C)C(=O)C2)=COc2cc(O)cc(O)c21,-6.9,3.539903724744291,9_24
O=C(Nc1ccc(-n2nc(C(F)(F)F)cc2-c2cccc(-c3ccc(F)cc3)c2)cc1)c1ccc2ncccc2c1,-9.7,3.225727889778316,9_25
CC(C)N1CCN(c2ccc([C@@H]3CN(c4nc5ccccc5s4)C[C@H]3c3ccccc3)cc2)CC1,-7.0,3.388569252427021,9_26
O=C(OC(=O)c1cnccn1)c1ccc(F)cc1,-5.9,3.523833911474635,9_27
c1ccc(-c2cccc(Nc3nc(N4CCOCC4)nc4[nH]cnc34)n2)cc1,-8.6,3.646908505343508,9_28
N=C1C(=CF)C(C=Cc2ccc(-c3ccc(/C=N/C4=CC(=CN5CCOCC5=O)C=C4)cc3)cc2)=CC2=C1CCCCC2,-6.7,2.1388736918776474,9_29
COc1ccc(Cn2c(=O)n(-c3cccc(C(=O)O)c3)c(=O)c3cc4c(cc32)OCCO4)cc1,-8.1,3.5975554705950277,9_30
CC(C)Cc1ccc(OCC(=O)NN2C(=O)c3ccccc3C2=O)cc1,-6.8,3.7282359738028346,9_31
CC1=Nc2nc(SCc3ccccc3)nn2C(c2cccs2)C1C(=O)Nc1ccccc1,-7.6,3.581293889282408,9_32
CCCc1c(C(=O)Nc2ccc3c(c2)CCCC3)nnn1-c1nonc1N,-6.8,3.5973639759402847,9_33
CO/C=C(/C(=O)OC)c1ccccc1CSc1nnc(COc2cccc3c2CCC3=O)n1-c1ccccc1,-7.6,3.0685207811875284,9_34
O=C1OC(c2ccccc2)=N/C1=C\N1CCCCC1CCn1cncn1,-6.9,3.5191368923523045,9_35
CNc1nc(C#N)nc(NCC(O)CO)n1,-5.2,3.0603691533575113,9_36
COc1ccccc1C1c2c(C(C)(C)C)n[nH]c2C(=O)N1c1ccc(SC)cc1,-7.0,3.7164095651053977,9_37
O=C(CN1C(=O)C(=Cc2ccccc2O)Sc2ccccc21)Nc1nc[nH]n1,-7.6,3.572411269750668,9_38
CC(C)(C)OC(=O)N1CCCC1C(=O)N1CCCN(c2ncc(Cl)cc2NC(=O)c2ccc(C(=O)O)cc2)CC1,-7.3,2.4521557414434314,9_39
OC[C@H]1O[C@@H](n2cnc3c(NCc4cccc5ccccc45)ncnc32)[C@H](O)[C@@H]1O,-7.15,3.3384403366309985,9_40
COc1cc2c(cc1OC)CN(CCNC(=O)c1ccc(-c3cc(CP(=O)(O)O)ccc3OC)cc1)CC2,-6.3,3.398049926514235,9_41
O=C(O)c1cccc2[nH]c(-c3c(F)c(F)c(-c4ccccc4F)c(F)c3F)nc12,-7.8,3.485325043328323,9_42
CC1CC(C)N(C(=O)c2ccn(C)n2)c2ccccc21,-6.2,3.598782791374159,9_43
C=Cc1[nH]ccc1-c1ccc(C(=O)N2CCCCC2)cc1OC,-6.1,3.6930225349729833,9_44
Nc1cccc(C(=O)OCC(=O)NCC2COc3ccccc3O2)c1,-6.6,3.599457194526301,9_45
Cc1c(C(=O)NCc2ccco2)cnn1-c1nc(=O)c2ccccc2[nH]1,-7.4,3.6479105366703704,9_46
O=C(C=Cc1ccc(O)c(O)c1)NC1=CCC(=O)NC2=S(C=C(c3ccc(OC(F)(F)F)cc3)N2)CC=C1,-4.7,0.9579741541201949,9_47
COCCOC(=O)c1c(NC(=O)CC=C2OC=Cc3ccccc32)sc2c1CCCC2,-6.7,3.5405948800980784,9_48
C1=CCC(c2nc(Nc3ccc4[nH]ncc4c3)c3ccccc3n2)=C1,-8.2,3.6650290889223376,9_49
CC(NC(=O)N1CCN(Cc2ccccc2Cl)CC1)c1ccsc1,-5.7,3.730585625260689,9_50
CN1C=NC=C(C=CC(=CC(=N)N2CCC3COCC32)c2cnc(N)nc2)C=N1,-7.9,2.192799580525084,9_51
O=C(NCc1ccco1)c1cccc(S(=O)(=O)N2CCCCC2)c1,-6.6,3.7696105721604214,9_52
Cc1cccc(Nc2nnc(-c3c[nH]c4ccccc34)o2)c1,-8.3,3.6524779507143634,9_53
O=C(/C=C/c1cccs1)O/N=C1\c2ccccc2-c2c1c(N1CCN(c3ccccn3)CC1)nc1ccc(Br)cc21,-8.8,3.0154990326130635,9_54
O=C(Nc1ccc(C(=O)N2CCC3(CCCCC3)C2)cc1)N1Cc2ccccc2C1,-7.7,3.428828163123491,9_55
C[C]1C(C(C)=O)CC[C@H]2[CH]C(C)=C3CC(=O)CCC3[C@H]2C[C@@H]1I,-7.1,1.1443488105732333,9_56
NS(=O)(=O)c1ccc(C(=O)Nc2ccc(N3CCOCC3)cc2)cc1,-6.9,3.7066172259657018,9_57
COc1ccc2c3c1O[C@H]1[C@@]4(OC)CC[C@@]5(C[C@@H]4c4cccc(NC(=O)Nc6ccccc6)c4)[C@@H](C2)N(CC2CC2)CC[C@]315,-7.9,3.111943635511187,9_58
O=CC=C(Oc1ccc(OCCCCCCCN2CCC(O)CC2)cc1)c1ccco1,-5.4,3.2566781111268517,9_59
CCOc1ccc(-c2nnc(C3CCN(S(=O)(=O)c4ccc(OC)cc4)CC3)o2)cc1,-6.2,3.642234834482757,9_60
O=C(c1cc2[nH]c3ccccc3c(=O)c2cc1F)N1CCN(c2ncccn2)CC1,-8.3,3.6327048433330242,9_61
COc1ccc(Nc2nccc(N3CCC(NC(=O)c4ccc5c(c4)OCO5)CC3)n2)cc1OC,-7.0,3.4738278159663536,9_62
Cc1nc(Nc2ncc(-c3ccn(C)c(=O)c3)cn2)c2cc(Oc3ccccc3)ccc2n1,-7.6,3.5204064369051085,9_63
O=S(=O)(Nc1cccc(OCc2ccc3ccccc3n2)c1)c1cccc2cccnc12,-7.9,3.5794400816645444,9_64
CSc1ccc(-c2cc(C)nc(N)n2)cc1,-6.1,3.62412596670064,9_65
ON=C(Nc1ccc2c(c1)OCO2)c1ccc(OCc2ccc(F)cc2F)nc1,-7.3,3.4419833451945676,9_66
COC(=O)c1ccccc1NC(=O)Nc1cc(C(C)(C)C)on1,-5.9,3.690463866809806,9_67
O=C(c1ccc(F)cc1)N1Cc2cc(-c3ccccc3Cl)ccc2-c2ccccc21,-8.0,3.189215344563783,9_68
O=C(c1ccccc1)c1ccccc1OCC(O)CN1CCN(c2ccc(Cl)cc2Cl)CC1,-6.5,3.634197700229576,9_69
CCOC(=O)c1c(NC(=O)C2C3CCC(O3)C2C(=O)O)sc(C(C)=O)c1C,-6.1,2.214745333893246,9_70
CC1(C)CC(=O)C(C=Nc2ccccc2C(=O)c2ccccc2C=O)C(=O)C1,-6.6,3.435271829352685,9_71
O=C(N[C@@H]1CCCC[C@H]1NS(=O)(=O)c1cc(C(F)(F)F)ccn1)c1cccc2ncccc12,-7.9,3.7031859999813115,9_72
Cc1ccc(C(O)c2ncc[nH]2)cc1NC(=O)c1ccc(Nc2ncc(C)c(-c3cnn(C)c3)n2)cc1,-6.6,3.2276720732236894,9_73
Cc1cc(C)cc(NC(=O)N2CCNC(=O)c3occc32)c1,-7.5,2.6806627068649247,9_74
CC(C)n1cc(CC(=O)N2CCOCC2)c2cc(C(=O)N(C)C)ccc21,-6.8,3.727792460692555,9_75
Cn1ncc(NC(=O)c2csc(-c3ccnc(C(F)(F)F)c3)n2)c1[C@@H]1CC[C@@H](N)[C@H](F)CO1,-8.1,2.5564826357703074,9_76
COc1cc(NC(C)(C)CC(=O)Nc2ccc(-c3ccccc3S(N)(=O)=O)cc2)ccc1-c1cnco1,-6.7,3.3654758842355,9_77
CC(=O)N1CCC(N2CCN(C(=O)C(Cc3ccc(Cl)cc3Cl)NC(=O)Cc3ccccc3)CC2)CC1,-7.1,3.6008824290901567,9_78
O=C(O)[CH]C(C(=O)Oc1ccc(-c2nn[nH]n2)cc1)[C@H]([CH]C(=O)c1ccccc1)c1ccc(O)cc1,-7.5,3.1356337343748075,9_79
COc1ccc2cc(C(=O)N3CCN(C(=O)c4ccc(-c5cccc(Cl)c5)o4)CC3)ccc2c1,-8.0,3.6015393892415943,9_80
O=C1CCC(c2ccccc2)=NN1CNc1ccc(F)cc1,-6.9,3.733395784493717,9_81
N#Cc1ccccc1CN(C(=O)c1ccccc1)c1ccccc1OCc1ccc(C(=N)N)cc1,-7.5,3.440148121185235,9_82
COC(=O)N1CCN(Cc2ccc(Nc3ncc4c5ccncc5n(C5CCCC5)c4n3)nc2)CC1,-7.9,3.448397391508781,9_83
CC(CC(C(=O)O)[C@@H]1CC[C@@H]1CO)C(N)=O,-4.6,0.6684525991097976,9_84
COc1ccc([C@H]2CN(CCc3ccc(OC)c(OC)c3)C[C@@H]2CNC(=O)c2ccccc2)cc1,-7.2,3.6244956747628354,9_85
CCO[C@H]1[C@H](NC(=O)c2ccoc2)c2ccccc2C12CCN(Cc1ccc(O)c3ccccc13)CC2,-8.0,3.472580448629874,9_86
O=C(NN=C1c2ccccc2CCc2cc3c(cc21)OCCO3)C1C2CCC(C2)C1C(=O)Nc1ccccc1,-8.4,2.3128201038124665,9_87
Nc1nccc(-c2nc(NCC[C@@H]3CCCO3)ncc2-c2cccc3ccccc23)n1,-7.7,3.600905943142574,9_88
O=C(Nc1cc(C2CCCN(Cc3ccccc3F)CC2)nn1CC12C=CC(=CC1)C2)c1cnccc[nH]nc1,-8.1,1.1619940467328718,9_89
Cc1ccc2cc(C(=O)NC3(C(=O)N[C@H](CCCN4CCN(CC5CCOCC5)CC4)Cc4ccccc4)CCCC3)sc2c1,-7.2,3.136306910108876,9_90
O=C1C=CC=CC(CC(=O)c2cccc(-c3cn(-c4cccc(C(=O)O)c4)nn3)c2)=C(Cl)O1,-8.0,1.7246165821639412,9_91
COc1cc2c(cc1OC)C(=Cc1ccc(O)c(CN(C)C)c1)OC2=O,-6.5,3.7305639465098652,9_93
N#Cc1c(-c2ccco2)[nH]c(SCc2cccc(F)c2F)nc1=O,-7.1,3.679422065519196,9_94
c1ccc(-c2cc(-c3ccco3)ncn2)cc1,-6.2,3.5650853802725133,9_95
Cc1cccc(NC(=O)CSc2nc3ccccc3cc2C(N)=O)c1C,-7.3,3.702108426445136,9_96
CN1CCc2ccccc2[C](c2cccc3ccccc23)C1,-6.9,2.241311251290704,9_97
CC=CC=C1C(=O)N1c1c(-c2ccccc2)cc(N2CCC(C(=O)NCCN3CCCC3)CC2)ccc1=O,-6.7,2.3727872154055216,9_98
O=C(O)c1ccc(-c2ccc(S(=O)(=O)Nc3cccc(Br)c3)cc2)cc1,-7.1,3.7305911696975134,9_99
CCCCCN=C(N)Nc1c(C=O)sc2ccc(OC)cc12,-5.1,3.4518030186345747,9_100
CC(Sc1nnc(NC2CC2)s1)C(=O)Nc1cc(C(F)(F)F)ccc1N1CCOCC1,-6.7,3.4300106925205265,9_101
Clc1ccc2nc(Nc3c(Cl)cccc3Cl)c(-c3ccccc3)c(-c3ccccc3)c2c1,-6.9,3.2971393689553503,9_102
CC(=O)O[CH][C@@H](C)O[C@@H]([CH]O)Sc1nc2ccccc2nc1Cc1ccc(N2C(=O)c3ccccc3C2=O)cc1,-6.5,3.082472673553797,9_103
NC(=O)c1cccnc1OCc1ccc(NC(=O)c2ccccc2-c2ccccc2)cc1Cl,-7.2,3.508115386064623,9_104
Cc1ccc(C(=O)Nc2ccc(Nc3ccccc3)c(C(F)(F)F)c2)cc1C#Cc1cnc2cccnn12,-7.6,3.3953748965351194,9_105
Cc1cc(-c2ccc(Cl)cc2)ccc1CS(=O)(=O)/C=C/C1=CC(=CC(=O)O)C=CO1,-7.2,3.6847137909365726,9_106
COc1cc(C(=O)O)ccc1Cn1ccc2ccc(NC(=O)c3ccc4ccccc4c3)cc21,-7.4,3.492093796713398,9_107
O=C(NC(=S)Nc1ccccc1N1CCCC1)c1ccc(-c2ccc(F)cc2)o1,-7.0,3.6890949914817712,9_108
COC(=O)CN(CCOCCOCCN(CC(=O)O)CC(=O)O)CC(=O)NC1C=CC=CS(=O)(=O)N1,-5.3,1.4866320702311917,9_109
O=C(Nc1ccc2nccnc2c1)c1ccc2c(c1)CCCC2,-7.1,3.7059717196117883,9_110
O=C(NS(=O)(=O)c1ccc(Cl)cc1)c1cc(-c2ccco2)ccc1Cl,-7.0,3.8016459240810665,9_111
NC(=O)c1cccnc1COc1cc(-c2ccc(Cl)cc2Cl)cn(Cc2ccc(F)cc2)c1=O,-7.9,3.6391776743545616,9_112
[CH]C[C@@]12CC[C@H]3C(C)(C)C(=O)CC[C@]3(C)[C@H]1C[C@H](O)[C@]13CC(C)CC[C](CC[C@@]21C)C(=O)O3,-6.8,1.1510212162251081,9_113
O=C(c1ccc2c3cccnc3c(=O)n(Cc3ccccc3)c2c1)N1CCOCC1,-8.5,3.6114487289784436,9_114
O=C(CN1CCCCC1)n1nc(-c2ccc3c(c2)OCCO3)c2ccccc21,-7.3,3.6258837361585523,9_115
C=C[C@]1(C)C[C@@H](OC(=O)NCc2cc(OC)c(OC)c(OC)c2)[C@@]2(C)[C@H](C)CC[C@]3(CCC(=O)[C@H]32)[C@@H](C)[C@@H]1O,-6.8,1.3172017443210082,9_116
COC=CC1=C(CC(NC(=O)C(C)NC(=O)CN2CCOCC2)C(=O)NC(Cc2cc(F)cc(F)c2)C(=O)[C@@]2(C)CO2)C=C1,-7.1,2.6843808873614696,9_117
O=C(COC(=O)c1ccc(C(F)(F)F)cc1)NC(=O)NCc1ccccc1,-5.8,3.6968648196535394,9_118
O=C(CC1Cc2ccccc2N1S(=O)(=O)c1ccc(Cl)cc1Cl)N1CCCC(C(F)(F)F)C1,-8.0,3.555915321298313,9_119
Cc1ccc(CS2=CNc3ccccc32)cc1,-6.6,3.3195858074584996,9_120
C[C@H]1Cc2ccccc2N1C(=O)CN1CCN(c2nc(-c3cccs3)nc3ccccc23)CC1,-9.0,3.5249821951545903,9_121
CN(C(=O)c1cn(CC2CCCCC2)c2cc(C(=O)O)ccc12)C1CCN(Cc2ccc(Cl)cc2Cl)CC1,-8.3,3.463196570402504,9_122
Cc1[nH]cnc1CN1CCC(N2C(=O)CCC2C(=O)N2CCCCC2)C1,-6.9,3.4242112908632696,9_123
Cc1ccc(-c2cc(C3CC3)nc3ccccc23)nc1NS(=O)(=O)c1ccc(F)cc1Cl,-6.5,3.6708785866389,9_124
CC(=O)Nc1ccc(Oc2cc(Nc3ccccc3C(N)=O)c3cc(Br)ccc3n2)cc1,-8.2,3.5282951548172665,9_125
Cc1c(C(=O)N2CCC(CN3CCCC34COC4)CC2)cnn1-c1nc(=O)c2cccn2[nH]1,-7.8,3.411059338918885,9_126
O=C(Nc1ccc(NC(=O)N2Cc3ccncc3C2)cc1)c1ccccc1,-6.9,3.6935705446915215,9_127
CCOCCC1(Oc2ccc(Oc3ccc(C(=O)Nc4ccccc4)cc3)cc2)C(=O)NC(=O)NC1=O,-7.0,3.3158729466070067,9_128
O=C(c1cc(Cl)c2c(c1)C(O)(C(F)(F)F)c1ccccc1-2)N1CC2(CCOCC2)C1,-7.7,3.4836929962537644,9_129
CCOc1ccc(NC(=O)CSc2n[nH]c(CCNC(=O)COC)ncc3ccccc3n2)cc1,-6.6,1.1697769362271728,9_130
COc1cc(-c2ccccc2-c2nn[nH]n2)ccc1CN1C=CC2=CN(N=NC3=COCC=CC2=C3)C1=O,-8.0,1.5104399544134672,9_131
C[C@@H]1CN([C@@H](C)CO)S(=O)(=O)c2ccc(C#CC3CC3)cc2O[C@H]1CN(C)C(=O)NC1CCCCC1,-7.3,1.4569138486300566,9_132
NC(=O)C1C=NNC(=O)c2ccccc2CN=C1c1ccccc1,-7.6,1.543409172964847,9_133
COc1cc(/C=N/NC(=O)c2ccncc2)ccc1OC(=O)Cc1sc(=O)[nH]c1O,-6.4,3.1069787822012156,9_134
CC(O)C[C@@H](C)[C@H]1[C@H](O)C[C@H]2[C@@H]3CC=C4C[C@@H](O)CC[C@]4(C)[C@H]3CC[C@]12C,-6.7,2.9672885149771755,9_135
O=C(NC12CC3CC(CC(C3)C1)C2)N[C@H]1CC[C@H](Oc2ccc(C(=O)O)cc2)CC1,-7.1,3.202391887178303,9_136
CC(C)Cn1nccc1C(=O)N1CC2(C1)CN(c1ccc(F)c(F)c1)C2,-6.2,3.6278800592642853,9_137
CCn1cnc(C(=O)Nc2nc3ccccc3s2)c1,-6.0,3.7230471383182975,9_138
CC(=O)Nc1cccc(NC(=O)c2cccc(NS(=O)(=O)N(C)C)c2)c1,-6.9,3.606996777214667,9_139
O=C(O)c1ccc(-c2cccc(OCc3ccc4ccccc4n3)c2)c(-c2ccc(Cl)c(CCO)c2)c1,-7.4,3.3582404345496117,9_140
O=C(NCc1ccco1)c1ccc(Cn2c(=O)c3ccccc3n(Cc3cccc(F)c3)c2=O)cc1,-7.1,3.541714842706045,9_141
Cc1ccc(C(=O)Nc2sc3c(c2C(=O)O)CCC3)cc1,-6.4,3.7021263470335555,9_142
CCC(NC(=O)c1ccc2[nH]nc(-c3ccncc3)c2c1)c1ccncc1,-7.3,3.687340384233581,9_143
Cc1c(NC(=O)c2ccccc2F)cccc1S(=O)(=O)NCC1CCCO1,-6.6,3.742928947944502,9_144
CCOc1ccc(/N=c2\oc3c(C)ncc(CO)c3cc2C(=O)Nc2ccccc2)cc1,-7.2,3.640276306000737,9_145
CC(C)(C)c1cc(NC(=O)C(O)c2ccccc2)n(CCC#N)n1,-5.9,3.75090424554298,9_146
CCCC(N)c1ccc(N=C(Nc2cc(CO)ccc2C2CCC2)c2cccnc2F)cc1,-7.0,3.37488764890966,9_147
COCC1(C)c2c(n(C)c3ccccc23)CCC(O)C1C1(OC2CCCC2)C=CC=COC1,-7.1,2.448055265544853,9_148
CCN(CC)CCCCNc1ccnc2cc(OC)ccc12,-5.3,3.6293012658921224,9_149
COC=C1C=C(S(=O)(=O)Nc2sc3ccc(-c4ccc(OC)cc4)cc3c2C=Cc2ccccn2)C=C1OC,-7.0,3.388983738643099,9_150
Cc1c(C(=O)N(C)c2ccc(O)cc2)cc(-c2cccc(C(=O)NCCN)c2)c2ccccc12,-8.0,3.547085561969351,9_151
CCCn1c(=O)c2c(nc3n2CCCN3Cc2ccccc2)n(C)c1=O,-6.4,3.675488661086419,9_152
NC(=O)c1ccc2[nH]c(-c3ccc(OCCN4CCN(c5ccccn5)CC4)cc3)nc2c1,-7.8,3.6266929722067633,9_153
COc1ccc(NC(=O)N[C@H]2CC[C@@H](Oc3ccc(F)cc3)C2)cc1,-6.3,3.763736817878705,9_154
O=C(Nc1ccc(Oc2ccnc3[nH]ccc23)c(F)c1)c1cc(-c2ccc(Cl)cc2)ccn1,-7.7,3.5212192419390167,9_155
CCC(CC)O[C@@H]1C=C(C(=O)O)C[C@H](N(CC2CCCC2)c2ccccc2)[C@H]1NC(C)=O,-6.3,3.441463241880137,9_156
COc1cccc2c(O)c3c(c(O)c12)C(=O)C1=C(C[C@@](O)(C(=O)NCCCCCCC(O)=NO)C[C@H]1O)C3=O,-6.5,2.5795539806758834,9_157
Cc1ccc(NCCN(C)C)c2c(=O)c3cc(O)ccc3sc12,-6.3,3.702888938178149,9_158
Cc1cc(C)nc(N2C[C@@H](N3CCN(c4ccccc4F)CC3)[C@H](C(F)F)C2)n1,-7.4,3.605794202947532,9_159
Cc1cc(NC(=O)c2c(F)cccc2F)c(=O)n(-c2ccccc2)n1,-7.1,3.7832572468572416,9_160
O=C(NCc1cncc2c1CCN(C[C@H]1CCCO1)C2)c1ccno1,-6.2,3.664462193878152,9_161
NNC(=O)CSc1nnc(Cc2c(NC(=O)CCl)sc3c2CCCC3)n1NC(=O)c1ccc(Cl)cc1,-7.1,2.793964464696051,9_162
CCCCc1cn(-c2ccc(S(=O)(=O)Nc3ccc(Cl)cc3)cc2)c2ccc(OC)cc12,-7.2,3.6026812847359797,9_163
COc1ccc2oc(C(=O)NCc3ccc(C(C)(C)C)cc3)cc(=O)c2c1,-6.9,3.784604215840149,9_164
O=C(Cc1ccc(C(=O)O)cc1)Nc1cccc(OCc2ccccc2)c1,-6.8,3.674980128458026,9_165
Cc1ccc(NC(=O)CCc2nnc3ccc(N4CCC(C)CC4)nn23)cc1F,-6.8,3.7704586879582607,9_166
CC(C)(C)OC(=O)NC(C=O)Cc1ccccn1,-4.6,3.577779668491467,9_167
Cn1cc(C(=O)Nc2ccc(C(F)(F)F)cn2)cn1,-5.8,3.6137388176404963,9_168
OC[C@H]1C[C@H](n2cc(/C=C/C(O)=NO)nn2)CN1CCCc1ccccc1,-6.4,3.2560228552215076,9_169
CCOC(=O)CC=NNc1nc(-c2ccccc2)cc(C)c1C#N,-6.9,3.611838301324817,9_170
Cc1ccc2nc(-c3cccc(NC(=O)Nc4ccncc4)c3)oc2c1,-7.6,3.672181709403748,9_171
CC1=NN(C(=O)c2ccccc2F)C(c2ccc3c(c2)OCO3)C1,-8.2,3.64207702798838,9_172
CCC(C)NC(=O)c1cnn(-c2ccccc2OCC(=O)Oc2ccc(-c3nc4ccccc4[nH]3)cc2OC)c1,-6.4,3.1882855487081834,9_173
O=C(O)C1CCCCN1C(=O)N1CCc2cccc(F)c2C1,-6.2,3.4803585056203588,9_174
NC(Cc1ccccc1)C(=O)N1[CH]Cc2ccccc2[C@H]2CCCC(C(=O)O)N21,-5.7,2.684943458561319,9_175
CCC1=NC(Sc2ccc(NC(=O)c3cc(C(F)(F)F)nn3-c3ccc4cc(C)ccc4c3)cc2C)=C1,-8.7,3.5478957173368277,9_176
NC=c1sc2c(c1F)C=c1[nH]ncc1=2,-5.1,2.1716487691916457,9_177
O=P(Nc1cccc2[nH]cc(Cl)c12)(C(F)(F)F)C(F)(F)F,-5.8,3.282396546837294,9_179
OCOCc1c2cc(O)ccc2cc2c1ccc1nc3ccccc3cc12,-7.8,3.3284866463397016,9_180
O=C(O)c1cccnnc2ccccc2c(Nc2cccc(OCc3cccc(F)c3)c2)c1,-7.7,1.3725297707272714,9_181
NOC(=O)C(O)C(O)C(O)C(O)O[C@H]1[CH]N(C(N)=O)[C@H](n2cnc3c(N)ncnc32)OC1COP(=O)(O)O,-7.3,2.379293294796231,9_182
COC(=O)C(C(=O)OCc1ccccc1)N1C(=O)C2Cc3c([nH]c4ccccc34)CN2C1(C)C,-7.0,3.536268018799703,9_183
NCc1csc(NC(=O)c2ccccc2Cc2ccccc2)n1,-6.6,3.751791798938718,9_185
O=C(NCc1ccccn1)c1c(F)cccc1Cl,-6.2,3.636640887175968,9_186
Cc1ccc(C(=O)c2ccc(F)cc2F)c(-c2cnc(C(C)C(=O)N(C)Cc3ccccc3)s2)c1,-7.1,3.48093614323764,9_187
CCC(=O)N(C)c1ccc2nc(Nc3cc(C)cc(C)c3)nc(N3CCCCC3)c2c1,-7.3,3.7329287125850694,9_188
CSC(C[N+](=O)[O-])=Nc1ccccc1,-4.6,3.192226555249453,9_189
C[C@H]1OC(=O)[C@]2(C(=O)N3CCCC3)CC(F)(F)[C@@H](C)[C@H](/C=C/c3ccc(-c4ccccc4C#N)cn3)C12,-7.3,3.3450830741330124,9_190
O=C(O)CCc1cn(-c2cnc(N3CCC(N4CCCCC4)CC3)nc2)c2nc3ccccc3cc2c1=O,-7.7,3.4169430801448097,9_191
COc1ccccc1Cn1nnc(-c2ccccc2NC(=O)c2ccccc2)n1,-8.2,3.7116410295124687,9_192
O=C1C(=Cc2ccc(O)cc2)C(c2ccccc2)S/C1=C\c1cccc(Cl)c1Cl,-7.6,3.5503309791521973,9_193
O=C(c1ccc(-c2ccccc2)s1)N1CCN(S(=O)(=O)c2ccc3c(c2)CCCC3)CC1,-7.7,3.6333376953043794,9_194
CNC(=O)c1c(-c2ccc(F)cc2)oc2cc3c(cc12)[C@@H](C)O[C@H](CF)CN3S(C)(=O)=O,-7.7,2.802778624069251,9_195
Cc1cc(C(=O)Nc2cc(C)nc(-c3ccc4c(c3)N(C(C)C)C(C)C(=O)N4)c2)on1,-7.7,3.7106408437739478,9_196
Cc1ccc(Nc2nc(C)c(C(=O)NN=C(c3ccncc3)c3ccccc3O)s2)cc1,-8.3,3.4351021924851404,9_197
Cc1ccc(N(CC(=O)NCc2ccco2)C(=O)CNC(=O)c2cccs2)cc1,-7.1,3.6916071864890965,9_198
C[N+](C)(C)c1ccc(/C=C\Sc2nc3ccccc3s2)cc1,-6.6,3.5040129768466644,9_199
Cc1[nH]nc(NC(=O)C2CCN(CCc3ccccc3)CC2)c1C,-7.0,3.7106410726432926,9_200
Cc1sc(-c2ncc(-c3ccccc3)s2)cc1C(=O)N1CCCC(c2cc(Cl)cc3[nH]c(=O)c4ccccc4c23)=N1,-8.1,3.285926093694745,9_201
CC=C1C(=NCc2ccc(Cl)cc2Cl)Cc2nnc(Nc3ccc(N4CC[C@@H](O)C4)cc3)nc21,-7.4,3.569819813107708,9_202
CC1=CC(=NC(=O)c2cc(/C=C/c3cccc(F)c3F)ccn2)C=CC(=O)NC2=CN(C)C1=NC=N2,-7.9,1.2442032802075738,9_203
O=C1c2cccc(Cl)c2C(c2ccccc2)N1c1cccnc1,-5.9,3.5623765588499703,9_204
CCN(C=C1C=Cc2cc(C(=O)Nc3ccc(F)cc3C)sc21)C(=O)Oc1ccc2c(c1)CCC2,-8.0,3.580016688387051,9_205
Cc1nccn1-c1nc(-c2ccccc2C(F)(F)F)cc2[nH]c(-c3c(Cl)c(C(C)(C)C)nn3C)nc12,-7.7,3.473993053812917,9_206
O=C(Nc1ccc(-c2cccc3c(=O)cc(-c4ccccc4)oc23)cc1)Nc1ccccc1C1CC2CCCC(C2)C1,-9.0,3.060955403836469,9_207
O=C(c1ccc(NS(=O)(=O)c2cccc3cccnc23)cc1)N1CCC(O)(c2ccccc2C(F)(F)F)CC1,-7.1,3.549983154919482,9_208
O=c1c2ccccc2[nH]c2c([N+](=O)[O-])cc(-c3ccncc3)cc12,-7.5,3.5407119017636806,9_209
O=C(Nc1ccccc1F)c1snnc1C(F)(F)F,-6.0,3.5618405774627764,9_210
COCCNC1(COc2ccc(C34CC5CC(CC(C5)C3)C4)cc2N)NC1=S,-6.0,2.9193692913127784,9_211
O=C(N/N=C\c1ccc(-c2cccc([N+](=O)[O-])c2)o1)C(O)c1ccco1,-6.3,3.425480047585449,9_212
Cc1nc(C)c(C(=O)N(CCc2ccccc2)c2ccc(O)o2)s1,-6.6,3.8197048309429227,9_213
c1ccc(CN2CCN(Cc3c[nH]nc3-c3ccc(Oc4ccccc4)cc3)CC2)cc1,-6.9,3.6320141599216598,9_214
CC(C)(NS(=O)(=O)c1cc(F)c(F)cc1F)C(=O)N[C@@H]1C2C[CH]C3C[C@](C(N)=O)(C2)CC31,-8.0,3.193020640339885,9_215
COc1ccc(NC(=O)Cn2nc(C)c(Br)c2C)cc1,-5.6,3.789063615223797,9_216
Nc1ccc(NC(=O)c2cccc(Oc3ccc(F)cc3)c2)c(C(F)(F)F)c1,-7.2,3.5968678426356604,9_217
C=C[C@H]1[C@H](O[C@@H]2O[C@H](CO)[C@@H](O)[C@H](O)[C@H]2O)OC=C(C(=O)OC)[C@H]1C[C@@H]1NC(C(=O)O)Cc2c1[nH]c1ccccc21,-7.4,2.6721400539195104,9_218
CC(=O)N[CH]C1SC(=O)C(Cc2ccccc2)NC(=O)C(CC(C)C)NC(=O)c2cc(F)ccc2OC1=O,-6.6,1.1915702359615272,9_219
Cc1ccc(-c2cncc(NC(=O)Cc3cccc4ccccc34)c2)cc1C,-7.7,3.5165546454085703,9_220
COc1ccc(C(=O)NC(C(=O)N2CCCC2C(=O)NC(C(=O)C(F)(F)F)C(C)C)C(C)C)cc1OC,-6.7,3.435892452695213,9_221
CCCCCNC(=O)C(Cc1ccc(OCc2nc3cc(OC)ccc3[nH]2)cc1)c1ccc(NC(=O)c2cccc3ccccc23)cc1,-7.1,2.9260576260702647,9_222
Cn1cccc1CNC(=O)c1ccc(Nc2nccc(-c3cc4ccccc4s3)n2)cc1,-6.9,3.520369496999421,9_223
COc1ccc(-c2cc(-c3c4ccccc4c(C)c4ccccc34)on2)cc1OC,-7.3,3.399458777371578,9_224
CCN(CC)P(=O)(OCOC=C(C)C(=O)NC=O)c1ccc(F)cc1,-5.7,3.186113647150985,9_225
CCc1nc2c(C)cc(-c3nc4ccccc4[nH]3)cc2n1Cc1ccc(-c2ccccc2-c2nn[nH]n2)cc1,-8.2,3.399881149517867,9_226
c1ccc2[nH]c(-c3ccc(-c4ccc(CNCCN5CCCCC5)cc4)s3)nc2c1,-6.7,3.538141112103422,9_227
CC(=O)c1cc2c(s1)C(C1NCCCC3COCCN3C1=O)CC2,-7.1,1.5354308556460268,9_228
N#Cc1[nH]c2cc(Cl)ccc2c1-c1c(-c2ccc(F)cc2)ncn1Cc1cccc(Br)c1,-6.6,3.471852336261984,9_230
O=C(COc1ccc(-c2nnco2)cc1)Nc1cc(C(F)(F)F)ccc1Cl,-7.0,3.743312277060297,9_231
C=C1C(=O)[C@]23[C@H](OC(=O)c4ccc(C(F)(F)F)cc4)[C@H]1CC[C@H]2[C@@]12CO[C@]3(O)[C@@H](O)[C@@H]1C(C)(C)CC[C@@H]2O,-8.1,2.9577183927170845,9_232
CC(C)(C)c1cc(C(=O)c2cccs2)cc2c1OCC2(C)C,-5.6,3.5127709166646017,9_233
Brc1cccc(C2=C3CCC(NCC4=CC=CC4)C3=CN=CN2)c1,-6.5,2.4392190894493315,9_234
O=C(O)CCCCO/N=C(\c1ccccc1)c1cncnc1,-6.1,3.5576502312812774,9_235
N=C1c2ccccc2CN1c1ccc(Cl)cc1,-6.4,3.4170067156595976,9_236
c1ccc(Oc2cccc(CSc3nc4ccccc4[nH]3)c2)cc1,-7.3,3.5672529824019996,9_237
OC1(c2ccc(F)cc2)CCN(CCc2ccccc2)CC1,-6.7,3.5984496826386905,9_238
CCOC=CC=C(C)c1nc2ccc(N3CCOCC3)cc2o1,-6.0,3.606831855201971,9_239
CCC(=O)Oc1ccc(-c2ccc(-c3ccc(F)c(F)c3)nc2)cc1OC,-6.9,3.6070600251280345,9_240
O=C(Nc1ccccc1)OCC1=C[C@@H](c2ccc(F)c(F)c2)C2C(=O)CC(c3ccccc3)CC2=N1,-8.2,3.576538768979595,9_241
CN(C=O)C(=O)N[C](C1=CC=NCC=C1)c1ccc(OC(F)(F)F)cc1F,-6.5,2.6114460360637537,9_242
O=C(Nc1csc2ccccc12)NC1CCCCC1,-6.7,3.5795000682632585,9_243
O=Cc1ccccc1C(=NC=Nc1ccc(-c2cc3ccc(C(=O)N4CCOCC4)cc3[nH]2)cc1)Nc1cccc(C(F)(F)F)c1,-6.6,3.087946757579677,9_244
CN1CCN(c2ccc([N+](=O)[O-])cc2)CC1,-5.6,3.382545195766143,9_245
CN(Cc1ccccc1)C(=O)c1ccc(N(Cc2ccc(F)cc2)C(=O)c2cc(Cl)c(O)cc2O)cc1,-7.8,3.5487811622201257,9_246
O=C(NC1CCC[N+](CCCCOc2ccccc2)CC1)c1ccc2[nH]cnc2c1-c1cc2ccccc2[nH]1,-6.9,2.2331103750641628,9_247
Cc1ccc2c(c1)C(=O)N(c1ccccc1)C2=O,-6.5,3.4327764162424064,9_248
CO[C@]12C=C[C@@]3(CC1C(C)(C)C)[C@H]1Cc4ccc(O)c5c4[C@@]3(CCN1CC1CC1)[C@H]2O5,-6.9,3.1893197319011364,9_249
NC(CC(=O)N1Cc2ccc(F)cc2C1=O)C(=O)N1CCN(C(=O)OC2CCCCC2)CC1,-7.1,3.3947721987583095,9_250
N=C1N[C@@H](c2ccccc2F)CO1,-5.3,3.3417072393802805,9_251
O=S(=O)(c1ccc(COc2ccc(F)cc2)cc1)N1CCCCC1,-6.8,3.7265417448392157,9_252
COc1ccc(-c2[nH]ncc2C=NN2CCN(c3ccc(C(C)=O)cc3)CC2)cc1,-6.9,3.6668303185218485,9_253
O=c1[nH]cccc1C=NNc1cc(=O)n2cc(Cl)ccc2n1,-7.1,3.550677133965736,9_254
Nc1nc(NCc2ccccc2Cl)c2c(n1)[nH]c1ccc(O)cc12,-7.7,3.5078976815105976,9_255
Cc1ccc2cc(CCNC(=O)c3cccc(N4CCCS4(=O)=O)c3)ccc2c1,-7.4,3.7592038345668,9_256
CCC(C)c1ccc(NC(=O)N2CCC(c3ccncc3)CC2)cc1,-6.6,3.664799548186507,9_258
CNc1nn(-c2ccc(F)cc2F)nc1-c1nc(C(=O)NCc2ccccc2S(=O)(=O)CCCO)cs1,-7.0,3.171986596054684,9_259
O=C(Nc1ccccc1CO)c1cccc2c1C(=O)N(Cc1ccccc1F)C2,-7.5,3.7217122399646914,9_260
CCc1nc2c(C)cc(C)nc2n1Cc1ccc(N(CCC(C)C)C(=O)CSc2nnc(-c3ccncc3)o2)cc1,-6.8,3.120692234828561,9_261
CC1CCCCC(C(c2ccc(Cl)cc2Cl)N2CCC(C(F)(F)F)C2)C(=O)C1,-6.9,1.4791482117043038,9_262
O=C(Nc1cccc(O)c1)C1CCN(c2ccc(S(=O)(=O)N3CCOCC3)cc2)CC1,-7.0,3.60233222835259,9_263
O=C(O)C1C[C@H](c2ccccc2)CN1C(=O)CN1CCC(c2cccc(C(F)(F)F)c2)CC1,-7.2,3.652020006024666,9_264
O=C1NC(=O)/C(=C/c2ccc(-c3ccccc3C(=O)O)cc2)S1,-6.7,3.6896056761894727,9_265
COc1cc(Br)ccc1C(=O)Nc1ccc(C2=NNC(=O)CC2C)cc1,-7.4,3.763743154027938,9_266
O=S(=O)(Nc1ccncc1F)c1ccc(-c2ccc(F)cc2F)c(F)c1,-7.5,3.6914048415159644,9_267
CNc1cc(C2CC2)nc(N2CC[C@H](NC(=O)c3cc(Cl)cc(Cl)c3)C2)n1,-6.6,3.643735928840668,9_268
C#Cc1ccc(Cl)cc1NC(=O)N[C@@H]1C[C@](O)(C(=O)OC)[C@H]1O,-6.1,3.31164225513746,9_269
O=C(NCCCCc1ccccc1)n1c(=O)oc2cc(-c3ccccc3)ccc21,-7.5,3.6371378014644082,9_270
COc1ccc(-c2ccc3c(N4CCOC[C@@H]4C)nc(N4CCOC[C@@H]4C)nc3n2)cc1CNC(C)C,-7.6,3.500844863627485,9_271
COc1cc2c(cc1OC)-c1[nH]nc(NCc3cccc(C)c3)c1C2,-6.6,3.7492463144315766,9_272
CCCCCC(=O)NC1CCNCC1,-4.3,3.179411158004008,9_273
Cc1nc(Oc2ccc3c(ccn3-c3ccc(F)cc3)c2)ccc1CN1CC(=O)C(O)C1,-7.3,3.7077110056063747,9_274
Cc1cccc(CNC(=O)c2ccc3c(-c4cccc(Cl)c4)cccc3n2)n1,-7.5,3.6568590200660616,9_275
O=C(NC1CCCCC1)c1c[nH]c2ccccc2c1=O,-6.7,3.6099159648226324,9_276
Cc1c2c(nn1C(=O)NCc1ccc(OC(F)(F)F)cc1)CCCCC2,-6.9,2.745970427833678,9_277
CC(=O)CC(=O)CC(=NC(=O)Cn1c2ccccc2c2c3c(c4c5ccccc5[nH]c4c21)C(=O)N(C)C3=O)C(C)C,-8.2,3.208082609584649,9_278
CN1C=CC=C(c2cccc3cc(Cc4cccc(C(F)(F)F)c4)sc23)CC1,-7.8,2.487001495583021,9_279
CCOc1ccc(CNc2ccc(N3CCOCC3)c(C(=O)N3CCOCC3)c2)cc1,-6.9,3.6426096858949197,9_280
CCOC(=O)C(CNOc1ccccc1F)c1[nH]c(=O)c(=O)n(C2CCCC2)c1O,-6.5,3.2955235859490672,9_281
C#C[C@@]1(O)[C@@H](CO)O[C@@H](n2cnc3c(-c4ccc(OC)cc4)ncnc32)[C@@H]1O,-6.8,3.401282860048754,9_282
COc1cc2c(Oc3ccc(NC(=O)Nc4ccccc4Oc4ccccc4)cc3)ccnc2cc1OCCCN1CCOCC1,-7.1,3.046461701962481,9_283
COc1cccc(N2CCN(CCNC(=O)c3ccc4ccccc4n3)CC2)c1,-7.0,3.7753586709755798,9_284
O=C(O)C1=C[C@H](c2csc3ccccc23)C[C@@H](OCc2ccc(CO)cc2)O1,-7.6,3.7333018304462136,9_285
Cn1c(NCCc2ccccc2)nc2c1c(=O)n(Cc1ccccc1F)c(=O)n2C,-7.2,3.6824687461312355,9_286
O=c1[nH][nH]c(C(F)(F)F)c1Cc1ccc(-c2ccc(-c3ccc(OC(F)(F)F)cc3)cc2)cc1,-7.0,3.4662783914991495,9_287
O=C(COC(=O)CSc1c(F)c(F)c(F)c(F)c1F)NC(=O)NCc1ccccc1,-6.4,3.2451471373981398,9_288
CCn1c(=O)c(C(N)=O)c(N)c2cc(-n3cccc3)ccc21,-6.3,3.6868191453093857,9_289
O=C(NCCc1ccc(Cl)cc1)c1ccccc1Nc1ccc2c(C=Cc3ccccn3)[nH]nc2c1,-7.8,3.345772916376692,9_290
O=C(C1C[C@H](NCc2ccccc2)CN1)N1Cc2ccccc2C1,-7.1,3.579453693639924,9_291
O=C(c1ccc(-c2ccc(F)c(Cl)c2)cc1)c1c(Cl)cncc1Cl,-6.7,3.545879993712571,9_292
Cc1cc(C(=O)O)nn1Cc1cc(Cl)cc2sc(N3CC=CCC3)nc12,-7.6,3.733294339874618,9_293
COC(=O)c1ccc(C(C)(C)C)cc1,-5.0,3.2574449268904586,9_294
Nc1sc(-c2ccccc2)c(CN2CCN(c3cccc(C(F)(F)F)c3)CC2)c1C(=O)c1ccc(Cl)cc1,-7.6,3.467083119492674,9_295
O=C(O)c1ccc(-c2cccc(-c3nc(-c4ccnc(C(=O)O)c4)c(-c4ccncc4)[nH]3)c2)cc1,-8.1,3.3957300523875498,9_296
Cc1ccccc1NN=C(C=O)c1c(-c2ccc(F)cc2)noc1CO,-7.0,3.5609973005891526,9_297
C/C(=N/N=C(N)N)c1cc(Br)ccc1OCc1ccccc1Cl,-6.8,3.5526380581578367,9_298
CCOC(=O)C(C)(C)Oc1ccc(-c2cc(=O)n3[nH]cc(-c4ccccn4)c3n2)cc1,-6.8,3.603849543106107,9_299
COc1ccc(-c2c3c(=O)n(C)c(=O)n(C)c3c3n2-c2ccccc2SC3c2ccccc2)cc1,-7.5,3.4648234916205243,9_300
CC=C1C(=O)CC(c2ccc(C(=O)O)cc2Br)C1C,-5.7,3.546888235795576,9_301
C=C(C)CNC1c2cc3c(cc2N(C(=O)c2ccc(NC(=O)c4ccccc4-c4ccccc4)cc2Cl)c2cccc(C)c21)OCO3,-8.0,3.0440942248341556,9_302
O=C1c2ccccc2S(=O)(=O)N1CCCCN1CCN(c2cccc(C(F)(F)F)c2)CC1,-6.4,3.572710912370841,9_303
C=CC=C1COC(=O)NC(Cc2ccc(OS(=O)(=O)c3cccc4ccccc34)cc2)C(=O)N2C=C1CCC(NC(=O)OC(C)(C)C)C2,-7.1,1.0619825456933856,9_304
CNC(=O)S/C(Br)=C\c1cc(F)c(O)c(OCc2cncc(-c3ccsc3)c2)c1,-6.9,3.6597804786973684,9_305
COc1cc2c(Nc3cccc(Cl)cc4c(cc3)CCNC4)ncnc2cc1OCCN1CCNCC1,-7.7,1.2976567694425243,9_306
O=C1CN(c2nc(=O)c(-c3ccc4ccccc4c3)c(N[C@@H]3CCCNC3)[nH]2)CCN1,-7.2,3.430530522060426,9_307
CCOc1cc2ncnc(Nc3cccc(-c4ccncc4)c3)c2cc1OCC,-6.6,3.663867889667695,9_308
C[C@@H]1CCc2c(sc3c2c(=O)n(-c2ccccc2)c(=O)n3-c2ccc(Cl)cc2)C(=O)N1,-6.9,2.6884805868593187,9_309
O=C(NC(=S)Nc1ccccc1N1CCCC1)c1cccc(O)c1,-6.4,3.641638026771555,9_310
COc1ccc(NC(=O)c2ccc(OC)c(S(=O)(=O)N3CCOCC3)c2)c(OC)c1,-6.7,3.6683588102002496,9_311
S=C(Nc1ccc2c(c1)OCO2)Nc1ccccc1Cl,-6.2,3.596784929640937,9_312
O=C(COc1ccc(Oc2ccccc2)cc1)NNC(=O)c1cccnc1,-6.9,3.668444511947918,9_313
CC(C(=O)Nc1ccc2ncc(-c3ccn(C)c3)nc2c1)N(Cc1ccccc1)C1CC1,-6.6,3.663642860876819,9_314
CC1CCCN(Cc2ccc3c(-c4cnn(C)c4)cc(C(N)=O)nc3c2)C1,-6.9,3.7696423100968035,9_315
COC1=CC=C(C2=NN(CC(=O)Nc3cccc(C(C)=O)c3)C(c3ccccc3O)C2C)C1,-7.7,3.538736743109747,9_316
NS(=O)(=O)c1ccc(C(=O)Nc2ccn3ncc(-c4cccc5ccccc45)c3n2)cc1,-8.3,3.5372538648980463,9_317
CN(C)Cc1c(C(=O)NN=Cc2cc(Br)ccc2O)nnn1-c1nonc1N,-6.6,3.1573460232692923,9_318
O=C(Nc1ccc2c(c1)OCCO2)c1[nH]c(-c2ccccc2)nc1-c1ccccc1,-9.1,3.659474521434522,9_319
Cc1cccc(NC(=O)CN2C(=O)/C(=C/c3cccnc3)SC2=S)c1,-6.2,3.683935821730806,9_320
Cc1ccc(NS(=O)(=S)c2ccc(C(=O)NCCN3CCOCC3)cc2)cc1Cl,-6.5,3.712039202427955,9_321
Cc1ccc(NC(=O)N[C@H]2CC(=O)N(c3ccc4c(c3)OCCO4)C2)cc1C,-6.8,3.674912454445054,9_322
C=Cc1cc(C)ccc1Sc1ccc(N2C(=O)c3ccccc3C2=O)cc1OCC1CC=CC=C1C,-8.0,3.3592155177357945,9_323
CC(NC(=O)c1ccccc1)C(=O)NC(Cc1ccc(F)cc1)C(=O)O,-6.9,3.6115529331475864,9_324
Cc1ccc(-n2nc(-c3ccc(Cl)cc3)cc2-c2ccc(Cl)cc2Cl)cc1,-7.2,3.4057784620749154,9_325
Cc1ccc(-n2nc(-c3ccccc3)c3ccc(-c4ccccc4)nc32)cc1,-7.7,3.3627893376652294,9_326
CCC1=CCN(c2ncc3c(n2)CCN3c2ccccc2)CC1,-6.9,3.5250150358978902,9_327
COc1ccc(CCNS(=O)(=O)c2cc3c4c(c2)CCN4C(=O)CC3)cc1OC,-6.8,3.6472630357657936,9_328
Cc1ccc(NC(=O)C(C)C)cc1-c1ccc(C(=O)Nc2cccc(C#N)c2)cc1,-6.9,3.677510736700182,9_329
O=C1CN(C(=O)CN2CCCCC2)C(c2ccc(Cl)cc2)c2cc(Br)ccc2N1,-6.7,2.6794623843021106,9_330
COc1ccc(-c2c(C)oc3c(CN4CCN(C)CC4)cccc23)cc1,-7.1,3.6618088454060036,9_331
CN1CCCn2c(=O)ccc3ccc(ccccn2CC(O)C=C(Cl)C1)C(NCCCNCCNC1=CC=C([N+](=O)[O-])C2Nc4ccccc4C2=C1)=CC=C3,-7.2,0.27630332661034895,9_332
O=C1c2ccccc2C(O)(c2ccccc2F)N1c1ccc(-c2ccccc2OC(F)(F)F)cc1,-8.2,3.522965754924562,9_333
O=C1NCc2ccc(OCCCN3CCN(c4cccc5ccccc45)CC3)cc21,-8.1,3.6018223978659063,9_335
CN(N=Cc1c(C(=O)O)[nH]c2cc(Cl)cc(Cl)c12)C(=O)c1ccccc1,-7.7,3.6192246775405224,9_336
CCc1nc(Cl)cnc1-n1nc(CC(C)C)cc1NC(=O)Nc1cccc(OC)c1,-6.6,3.695560287963625,9_337
CN1CCC(C=c2c3cccc4cc(=O)[nH]c2c43)CC1,-7.6,3.539934182831588,9_338
COc1cc2c(cc1OC)CN(C(=O)C=c1cc3c(c(N)n1)=Nc1ccccc1S3)CC2,-8.3,3.634095473559911,9_339
NCCc1cc(F)c(C(O)C(=O)N2C[C@@H]3C[C@H]2CN3c2ccc(Cl)c(Cl)c2)cc1F,-7.3,3.6423991714800366,9_340
CCN1C=NC(=Cc2cccc(Oc3ccccc3)c2)c2c(sc(C(=O)Nc3ccccc3)c2N)N1,-7.6,2.4497562268539514,9_341
CCc1cc(=O)c2ccc(OC)c(COC(=O)c3ccc4c(c3)OCCO4)c2o1,-6.6,3.668361283066668,9_342
CCc1nc(N)nc(N)c1-c1ccc(C(=O)NCc2ccc(Cl)cc2)cc1,-7.1,3.6498962238170476,9_343
CN(C(=O)N1CC[C@H](N=CN=CN=CC(C(N)=O)c2ccc(F)cc2)C1)c1ccc(F)cc1,-6.8,3.596667882610559,9_344
CC(=O)Oc1ccc(C(=O)OC(C)C(=O)Nc2cccc(C(=O)c3ccc(F)cc3)c2)cc1,-6.9,3.551373127939057,9_345
C=C[C@H]1OCC[C@@H]1CNC(=O)c1ccsc1,-4.6,2.3945412900301974,9_346
O=c1c2ccccc2cc2n1-c1ccccc1CC2CO,-7.1,3.608245668612584,9_347
COc1ccc(CN2CCCN(C)CC2)cc1NC(=O)c1ccc(Nc2ncc(C)c(-c3ccc(OC(F)(F)F)cc3)n2)cc1,-5.2,2.343210066772233,9_348
Cc1ccccc1-c1c(C(=O)Nc2ccc(C(=O)N3CCN(C)CC3)cc2)n(C)c(=O)c2ccccc12,-7.9,3.6587352003049474,9_349
CN1CCC(C(=O)Nc2ccc(-c3cccc(CNCc4cccc(C(F)(F)F)c4)c3)cc2)CC1,-7.5,3.5923834214544965,9_350
Cn1cc(-c2ccc(F)cc2)nc1Nc1ccc(S(=O)(=O)N2CCOCC2)cc1,-7.3,3.7626605974434693,9_351
C[C@]12CC[C@H]3[C@@H](CC=C4CC(=O)C(F)C[C@@]43C)[C@@H]1CC[C@@H]2O,-7.1,2.9391127362715355,9_352
COc1cccc(Sc2cc3ccccc3[n+](CCCc3ccccc3OC)c2)c1,-6.6,3.394522574470259,9_353
O=c1[nH]c(O)c(Cc2ccc(-c3ccc(C(F)(F)F)cc3)cc2)c(=O)[nH]1,-7.5,3.6438341846513462,9_354
O=C(Cn1c2ccc(Cl)cc2c2nc3n(c(=O)c21)CCS3)N1CCc2ccccc21,-7.9,3.499564746697842,9_355
COc1ccc(S(=O)(=O)N(C)c2ccc(C(=O)NCc3cccs3)cc2)c(OC)c1,-6.3,3.7211796302028586,9_356
O=C(Nc1cccc(S(=O)(=O)N2CCCCC2)c1)c1ccc([N+](=O)[O-])o1,-6.8,3.5824856182481364,9_357
Cc1ccc(NC(=O)Nc2ccccc2)cc1C,-6.3,3.4588777808254223,9_358
Cc1ccc(Nc2c3cc(Br)ccc3nc3c2cc(O)c2ccccc23)cc1,-7.9,3.2759290369337632,9_359
CS(=O)(=O)NC[C@H]1CC[C@H](Nc2nc(-c3ccc4ccccc4c3)cnc2N)CC1,-7.5,3.627503821485263,9_360
O=P(O)(O)CCC(O)CN(CCc1ccc(OP(=O)(O)O)cc1)Cc1cccc(-c2ccccc2)c1,-7.3,3.1555596895227325,9_361
Cc1[nH]n(C)c1C(=O)N=CC1=CC(OC=C2C=Nc3[nH]c(=O)c(-c4ccccc4)nc32)=CC1,-7.6,3.4921424653090805,9_362
CCN(CC)c1ccc(CN2CC[C@@]3(CCCNC3)C2)c(F)c1,-6.0,3.46757619792204,9_363
C[C@@H]1CN(Cc2c[nH]nc2-c2ccc3c(c2)CNC(=O)O3)CCN1c1ccc(Cl)cc1,-7.0,3.651001512615104,9_364
CNC(=O)Nc1ccc(-c2nc3ccc(N4CCN(C)CC4)cn3n2)cc1,-6.8,3.703638893415001,9_365
N#Cc1ccccc1NS(=O)(=O)c1ccc2c(c1)CCN2C(=O)C1CCC1,-7.0,3.694461625418575,9_366
Cc1cc(CNS(=O)(=O)c2ccc(F)cc2)ccc1C[C]1C(=O)N(C)c2cccnc21,-7.4,3.7521146559420644,9_367
COc1ccccc1NC(=O)CSc1cc(-c2ccccc2)cc(C2=CC=COCCC2)n1,-7.5,1.755950567817575,9_368
COC(=O)/C(=C/OC(C=O)C(=O)OO)[C@@H]1C=C[C@@]23O[C@@]2(C)CC[C@@H]2C4CCC(C)(C)[C@H](CC=C(O1)[C@@H]23)[C]4C,-7.0,0.7661728871028943,9_369
Cc1cscc1-c1nc(-c2ccc3ccccc3c2)c[nH]1,-6.8,3.48839590183179,9_370
Cc1nn(C)cc1-c1ncc(-c2ccc3c(Nc4cnccn4)ccnn23)cn1,-7.7,3.5042591995302974,9_371
Cc1ccc2oc(-c3cc(NC(=O)COc4ccc(Cl)c(C)c4)ccc3C)nc2c1,-8.1,3.6679658949065352,9_372
CCOC(=O)c1cccn1C(=O)c1ccccc1Br,-5.5,3.6426558051719926,9_373
Cc1ccccc1-n1nnnc1S(C)(=O)=O,-5.4,3.4527135322280063,9_374
COc1cc(-c2cnc(N)c3c(OC)c(OC)ccc23)cc(OC)c1OC,-6.8,3.733651293427639,9_375
CCCC(=O)C1C(=O)CC(C)(C)CC1=Nc1ccccc1C,-6.2,3.505212765455952,9_376
Cc1ccc(O)c(NC(=O)c2ccc(NCCN)c([N+](=O)[O-])c2)c1,-6.5,3.326560246912976,9_377
C=CCN1C(=O)c2oc3ccccc3c(=O)c2C1c1ccc(Cl)cc1,-7.1,3.6436824967975605,9_378
COc1ccc(CNC(=O)c2cccc(-n3cccn3)c2)cc1OC,-6.5,3.798961857384848,9_379
CC[C@H](C)C(NC(C)=O)C(=O)NC(C(=O)NC(C)C(=O)N[C@@H](Cc1ccccc1)c1nccs1)C(C)C,-6.0,3.3194703691131116,9_380
C#C/C=C\[C@H](O)c1cccc(Cl)c1,-4.7,3.200860260275513,9_381
Cc1c(-c2ncnc3[nH]c(-c4cccc(C(C)(C)N)c4)cc23)cccc1N1CCOc2cc(C3CC3)ccc2C1=O,-8.9,2.311494317095854,9_382
O=C(NC1(C(=O)NC(Cc2ccccc2)C(=O)NCCCN2CCOCC2)CCCC1)c1ccc2ccccc2c1,-7.7,3.2827398836918027,9_383
O=c1[nH]c2ccccc2n1N=Cc1ccc(O)c(O)c1,-7.0,3.479242295416816,9_384
O=C(Nc1cccc2ccccc12)c1ccc2c(=O)n3c(nc2c1)CCC3,-7.9,3.676942658251529,9_385
COc1cc(-c2cccc(F)c2)c(F)cc1-n1c(=O)ccc2cc(S(=O)(=O)Nc3cc(C)ncn3)ccc21,-8.1,3.4491343856342502,9_386
CN(C)C(=O)N1CCC(c2nnc(C(F)(F)F)o2)CC1,-6.1,3.420389808197067,9_387
O=c1n(Cc2nc3ccccc3n2CCNCCCO)c2cnccc2n1-c1ccccc1,-7.3,3.3986002231552237,9_388
CCCN(Cc1ccccc1C)C(=O)CCn1ccccc1=O,-6.1,3.662756173758691,9_389
NC(=O)c1nnc2ccc(-c3cccc(C(F)(F)F)c3)cn12,-7.1,3.6983498643903165,9_390
COc1cccc(/C=C2\Sc3ccc(C(=O)NCCCN4CCCCC4)cc3NC2=O)c1,-6.1,3.5204010510511132,9_391
O=C(O)C1Cc2ccc(OCCCCc3ccccc3)cc2CN1C(=O)Cc1cccs1,-5.8,3.642157285676208,9_392
NCCCCCNc1nc(Nc2cc(F)c(-c3cccc(F)c3)c(Cl)c2)ncc1C(F)(F)F,-6.5,3.411519500064222,9_393
C=CC=CCN(CC(=O)N1C(C(=O)Nc2cccc(Br)n2)C[C@H]2C[C@H]21)N=CC(N)=O,-6.4,3.125248262341931,9_394
O=C(NCc1ccc2c(c1)CCN(C(=O)c1ccccc1)C2)c1cc2cc(Cl)ccc2[nH]1,-7.9,3.571450902205025,9_395
O=S(=O)(Cc1ccccc1F)c1ccn(Cc2ccccc2)n1,-6.2,3.728819836022357,9_396
C=CCOC(=O)N(CCC)NC(=O)CCC(NC(=O)C1CCC(=O)N1)C(=O)CCC,-5.0,1.9524634576512678,9_397
CCC1(CC)C[C@@H](NC(=O)Nc2cccc3c2ccc(=O)n3C)c2ccc(C(F)(F)F)cc2O1,-8.3,3.684837415934214,9_398
CCCCCCCCCCCNN=CSCC1=CC(=CF)C=C1,-4.6,1.8611021154897758,9_399
O=C(c1ccc(N2CC(F)(F)C2)c(OCC2CC2)n1)N1CCC(O)(CN2CCCC2)C1,-6.8,3.2824073672857184,9_400
Cc1c(COc2cc(OCc3cccc(C#N)c3)c(CN3CC(C(=O)O)C3)cc2Cl)cccc1-c1cnccn1,-7.3,3.418505820345187,9_401
C=CC=CCC(C)=NNc1nc(-c2ccccc2)c(-c2ccncc2)[nH]1,-6.6,3.515863086028231,9_402
O=C(Oc1ccc(O)c(-c2cc3ccccc3o2)c1)c1cccc(Br)c1,-8.4,3.575350325402158,9_403
Brc1noc(CNC23CC4CC(CC(C4)C2)C3)n1,-5.4,3.290752867668228,9_404
Cc1ccccc1CN1CCC(Cc2c(Cl)cncc2Cl)CC1,-6.6,3.5591170528030016,9_405
NC(C(=O)N1CCCC1C(=O)Nc1nccc(-c2ccccc2)n1)C1CCCCC1,-7.7,3.627091410348475,9_406
CCOP(=O)(O)C(=O)CCNc1c(F)c(F)c(F)c(F)c1F,-5.7,3.2842913337396675,9_407
COc1cc(O)c(C(=O)c2cc3cccc(O)c3cc2O)c2c1C=CC(C)(C)O2,-8.0,3.5735165831535105,9_408
O=C(c1ccccc1)c1nc2ccccc2n1Cc1c(F)cccc1Cl,-6.9,3.540660062400031,9_409
CN1C(N)=N[C@](C)(CS2=C(Br)C=C2c2cccc(OCc3cccc(F)c3)c2)CS1(=O)=O,-7.2,3.5378233682310403,9_410
Cc1ccc(-c2nc3c4cc(Cl)ccc4[nH]c(=O)n3n2)cc1,-8.2,3.6562224497754627,9_411
O=C(COc1ccc(NC(=O)CC2CCOc3ccc(F)cc3C2)cc1)Nc1cccc(C(F)(F)F)c1,-7.8,2.5971185083065786,9_412
O=c1c2ccccc2nc(-c2ccccc2)n1-c1cccc(Oc2ccccc2)c1,-8.1,3.49057303533314,9_413
O=C(NCc1cccc(Cl)c1)c1cc2c(NCc3ccccc3)ncnc2s1,-7.4,3.666639141603203,9_414
C=C1C=CC=CC(=O)O[C@H]2[C@H](OC(=O)C=Cc3cc(O)c(O)c(O)c3)[C@@H](O)[C@@H](O)[C@@H]2O1,-7.5,0.6797876658120874,9_415
O=C(N[C@H]1CCCNC1)c1ccc2cc(-n3cc(-c4ccccc4)nn3)ncc2c1,-7.1,3.6818113441655873,9_416
C[C@H]1COCCN1c1nc(N2CCOC[C@@H]2C)c2ccc(C3=CC=CCC(=O)NCC(O)C3)nc2n1,-7.8,1.162615511830917,9_417
N#Cc1cc(CN2C(=O)N(CC3CC3)[C@H](Cc3ccccc3)[C@H](O)[C@@H](O)[C@H]2Cc2ccccc2)ccc1F,-7.0,2.550848222525259,9_418
CCCCNS(=O)(=O)c1ccc(-c2c(C#N)c3ccc(OC(F)F)cc3n2CCCO)cc1,-5.9,3.5286802918287687,9_419
O=C(Cc1ccc(F)cc1Cl)N1C[C@H](O)[C@@H](O)C1,-5.7,3.512894616241122,9_420
O=C(c1cccc(Nc2nccc(-c3cc4ccccc4o3)n2)c1)N1CCC(N2CCCCC2)CC1,-8.0,3.526174806233905,9_421
NC(Cc1c[nH]c2ccccc12)C(=O)N1CCN(Cc2nc3cc(F)ccc3[nH]2)CC1,-7.6,3.583912908646645,9_422
CCC(C(=O)N1C[C@H](S(=O)(=O)c2ccccc2Cl)CC1C(=O)NC1(C#N)CC1)N1CCCCCC1,-6.4,2.3753509844130485,9_423
CC(=O)NC(Cc1ccccc1)C(=O)N1CCCC1C(=O)NC(C(=O)C(F)(F)F)C(C)C,-6.5,3.55967659090034,9_424
O=S(=O)(c1cnc2cc(Cl)ccn12)N(Cc1ccccc1)Cc1ccccc1F,-7.2,3.659434241333889,9_425
CN1C/C(=C\c2ccccc2)c2nc3ccccc3cc2C12CCCC2,-8.2,3.326663408945554,9_426
CC(C)(C)c1cc(NC(=O)Nc2cccc3ccccc23)ccc1O,-7.7,3.4830263097491887,9_427
Cc1ccc(Oc2ncccc2CNC(=O)c2nc(C)oc2C)cc1,-7.1,3.8234318955487403,9_428
Cc1c(C#N)c2ccccc2n1CC(=O)Nc1ccc(C(N)=O)cc1,-7.0,3.759670001252916,9_429
Cc1ccc(-n2nc(C3CCN(S(C)(=O)=O)CC3)cc2NC(=O)c2cnn3cccnc23)cc1,-7.7,3.5845074338230694,9_430
O=C(O)C[C@@](O)(C[C@H](O)CCCCCCC(O)(c1ccccc1)C1CCCC1)c1ccccc1,-5.3,3.23502212916776,9_431
C=c1c(O)c2c(c(O)c1OCC1CCNC1)=C(COC(N)=O)[C@@]1(OC)C3NC3CN21,-7.0,2.63243453674859,9_432
CC(C)c1ccc(CNc2ccc3[nH]c(=O)[nH]c3c2)cc1,-6.6,3.5894906483201767,9_433
CCC(=O)N1Cc2ccccc2C1C(=O)Nc1ccc(C(O)(C(F)(F)F)C(F)(F)F)cc1,-7.5,3.6256871635809182,9_434
Cc1ccccc1C(=O)Nc1ccc(S(=O)(=O)Nc2nccs2)cc1,-6.7,3.749222151544141,9_435
Cc1cccnc1CNC(=O)c1[nH]c(C2CCCC2)nc1-c1ccccc1,-7.9,3.710062913273834,9_436
CC#CC#Cc1ccc2c(c1)C(c1ccccc1)OCC(C)N2,-6.8,2.4800212581779544,9_437
O=C(Nc1ccccc1C(=O)O)c1ccc(N(Cc2ccsc2)C(=O)c2ccc(O)cc2O)cc1,-7.2,3.2867939620008335,9_438
Cc1cc(C)c2c(CNC(=S)NNC(=O)c3ccccc3C#N)cc(C)nc2c1,-6.7,3.578712149159503,9_439
O=C1C=C(Cl)C=C2C=CN(c3ccc(-c4cc5c(c(-c6ccccc6)c4)OC=COS(=O)(=O)C=CCC=N5)cn3)C=C2O1,-6.3,0.9617030134833042,9_440
Cc1cc(C)c(NC(=O)Cn2c(C)nc3c(sc(=S)n3-c3ccccc3)c2=O)c(C)c1,-7.3,3.6224815604937763,9_441
Cc1ccc(CSc2ccc(-c3cccc4ccccc34)nn2)cc1,-7.0,3.4676552735803745,9_442
O=C(Nc1cccc(Oc2cc(NC(=O)C3CC3)ncn2)c1)Nc1cccc(OC(F)(F)F)c1,-7.4,3.498151280650338,9_443
O=C(c1ccc[nH]c1=O)N1CCC(N2CCOC2=O)CC1,-7.1,3.490843452335855,9_444
NC1=NCCN1Cc1cc(C(F)(F)F)ccc1Cl,-6.2,3.55189897330255,9_445
O=C(Cc1ccc(Cl)c(Cl)c1)N1CCC[C@@H]1CN1CCCC1,-6.0,3.4114214190247303,9_446
COc1ccc(-c2cc3cc(C)ccc3c(N)n2)c(O)c1O,-7.9,3.5811648839633246,9_447
O=C(Nc1ccc(NS(=O)(=O)c2ccccc2C(F)(F)F)cc1)N1CCN(C(=O)c2cccnc2)CC1,-8.2,3.600656314940371,9_448
Cc1nnc(-c2ccc(-c3ccccc3)cc2)n1-c1ccccc1OCC1CCCCO1,-6.9,3.576255558511216,9_449
C[C@@H]1CN([C@@H](C)CO)C(=O)c2cccc(NC(=O)c3ccncc3)c2O[C@H]1CN(C)S(=O)(=O)c1ccc(F)cc1,-6.6,1.6423336218085405,9_450
N#Cc1ccc2[nH]cc(C=C(SC=NN=CCCC=O)C(N)=O)c2c1,-5.5,3.2469126051996584,9_451
COc1cc(Cl)c(C)cc1Nc1cc(C)nc2ncnn12,-6.8,3.749780023790545,9_452
C=C1C(=O)[C@@]23[C]4OC5[C]([C@@H](OC(=O)c6ccsc6)C(C)(C)[C@H](COC(C)=O)C5(C)C)[C@@H]2CC[C@@H]1[C@H]3OC(C)(C)O4,-6.4,2.9353985728912177,9_453
Cn1c2ccccc2c2ccc(Cl)cc21,-6.1,3.185590139201257,9_454
Nc1c(-c2ccccc2)c(O)cn1-c1ccccc1,-6.5,3.6088553863818156,9_455
c1cc(-c2nc(Cn3ccnc3)co2)ccn1,-5.4,3.6001232812909656,9_456
O=C1COc2cccc(CSc3cccc(F)c3F)c2N1,-6.9,3.6662090340440843,9_457
Cc1ncccc1-c1nccnc1C1CCN(C(=O)c2ccccc2F)CC1,-7.2,3.7271103129747165,9_458
O=c1[nH]c2cc(C[Se]c3ccno3)ccc2c2c1CCCN2,-6.7,3.6494434635115844,9_459
O=C(CNc1cccc(C(F)(F)F)c1)N/N=C/c1ccccc1,-6.4,3.6161790484760563,9_460
CN1CCN(CCCn2cnc3ccc(-c4cccc(OCC(O)CNC(=O)c5ccccc5Cl)c4)cc32)CC1,-7.3,3.425964512121233,9_461
COc1ccc(/C=N/NC(=O)c2ccc(-c3ccccc3[N+](=O)[O-])o2)cc1,-6.3,3.5489733267454397,9_462
COC1=CC=C(CN(Cc2cc3ccc(C)cc3[nH]c2=O)C(=O)c2ccc(CC#N)cc2C)C1,-7.7,3.6960148792285437,9_463
Cc1ccc(C(=NO)NCCN2CCCCC2)c(Oc2ccc3ccccc3c2)n1,-7.5,3.435939945233704,9_464
CC(=NNC(=O)c1ccc(Nc2ccc([N+](=O)[O-])cc2)cc1)c1ccc(N)cc1,-7.0,3.3309742118400116,9_465
CCNC(=S)NC(C)c1ccc(C)cc1,-4.8,3.3146055601628897,9_466
N#Cc1c(O)[nH]c2c(Br)c(Br)c(Br)c(Br)c12,-5.4,3.309814814326723,9_467
CC(C)(C)OC(=O)Nc1ccc(-c2cccc([C@H](O)CC(N)C(=O)Nc3ccc4c(c3)OCCCO4)c2)cn1,-7.4,2.3364337511042077,9_468
Cc1cnc(CN2CCOC[C@H]2c2nc(-c3ccccc3)c[nH]2)cn1,-6.8,3.8191745159128776,9_469
CCC1=CC(=NC(=O)CN(C)CC(=O)N=CN=CCCC2=NC(=O)C=CC2)C=C1,-5.4,3.2946385304626213,9_470
Cn1nncc1S(=O)(=O)N1CCc2ncc(CNc3ccccc3)n2CC1,-6.3,2.62815977931346,9_471
CONC(=O)C=CC=C(C)/N=c1\cc2n(-c3ccc(C)cc3)c3ccccc3nc-2cc1Nc1ccccc1,-8.1,3.1506258671200795,9_472
Cc1cccc(Cc2[nH]c3ccc(Cl)cc3c2CO)c1,-6.6,3.4970641074118687,9_473
CCc1cc2c(=O)c(-c3nc(C)cs3)coc2cc1O,-6.3,3.752365643533847,9_474
O=S(=O)(c1ccc2c(c1)CCCC2)N1CCN(c2ccc(F)cc2)CC1,-7.6,3.6078867912483745,9_475
COc1cncc(-c2cc(Nc3ccc4ccccc4c3)nc(OC)n2)c1,-7.5,3.695098254010813,9_476
O=C(Oc1ccc(-c2cc(=O)c3cc(F)ccc3o2)cc1)c1cccc(O)c1,-8.2,3.60745984895096,9_477
C=C1C=C(S(=O)(=O)N(C)[C@@H]2CCN(Cc3ccccc3C(F)(F)F)C[C@@H]2c2ccccc2)C=CC=C1C=COC,-6.8,2.390894061971194,9_478
Cc1ccccc1N(C(=O)Cc1ccc(Cl)cc1)C(C(=O)NC1CCCC1)c1ccncc1,-6.3,3.664278698463357,9_479
NNC(=O)c1ccc2[nH]c(=O)c(CCC(=O)NCc3ccco3)cc2c1,-6.8,3.3055150090499343,9_480
O=C(c1ccc(COc2ccc(-c3ccccc3)cc2)cc1)N1CCCc2ccccc21,-7.6,3.3961923186657277,9_481
C[C](N=C([N-])N)c1cc(NC(=O)c2ccc(F)cn2)ccc1F,-6.4,3.5634056986931686,9_482
O=C(O)c1ccc2c(c1)C(=O)N(c1ccc(Oc3ccc([N+](=O)[O-])cc3)cc1)C2=O,-7.2,3.524283690586495,9_483
Cc1cc(-c2ccc(N3CCN(C(=O)CNC(=O)c4ccc(F)c(F)c4)CC3)cc2)cc(C)n1,-8.1,3.7601661001548545,9_484
Oc1ccc(Cl)cc1C(c1cc(N=Nc2ccc3ccccc3c2)ccc1O)N1CCCC1,-7.3,3.48807670035779,9_485
CCc1ccc(S(=O)(=O)Nc2cc3c(cc2N2CCOCC2)n(C)c(=O)c(=O)n3C)cc1,-7.2,3.584795817539937,9_486
COCC(=O)Nc1cccnc1COc1ccccc1,-6.1,3.7611178844291286,9_487
COc1ccc(/C=C/C(=O)c2ccc(NC(=O)CCc3ccccc3)cc2)cc1OC,-5.9,3.5638399624356256,9_488
C=C[C@@H]1C(C(=O)O)C[C@]2(CCc3ccccc3C2)C(C(=O)c2ccccc2)O[P](=O)C1C1C=CC=CC1,-7.7,1.3871581043514736,9_489
COc1ccc(S(=O)(=O)Nc2cc(Cl)ccc2N(C(=O)c2ccccc2)c2ccccc2)cc1,-7.9,3.527328927296699,9_490
O=C(c1cc(-c2ccco2)nc2ccccc12)N1CCc2ccccc2C1,-7.9,3.5529049038969824,9_491
Cc1ccc(NC2=NCCN2)cc1-c1ccc(-c2ccc(N)cc2)cc1,-7.2,3.5661533393313984,9_492
C=CCNC(=S)Nc1ccc(S(=O)(=O)Nc2cc(OC)nc(OC)n2)cc1,-5.9,3.3628747839146373,9_493
CS(=O)(=O)Nc1ccc(CN2CCCc3ccccc3C2)cc1,-6.4,2.7932561694585254,9_494
O=C(CCl)NCCCC(=O)Nc1ccc(C(=O)c2ccccc2)cc1,-6.4,3.543312658886619,9_495
Cc1cccc(CC2N=C(NC(=O)C3CCCCC3)SC2(O)c2ccccc2)c1[C@@H]1C[C@H]1c1ccccn1,-8.0,3.3857261849680422,9_496
CCOC(=O)c1cc(-c2ccc(S(N)(=O)=O)cc2)n(-c2cccc(F)c2)c1C,-6.4,3.727857365846433,9_497
CC1=Nc2c(oc3cc([N+](=O)[O-])ccc23)C=[N+]([O-])C1c1ccccn1,-7.6,2.4231803499391464,9_498
O=C(O)c1cc(-c2ccc(-c3cc(F)c(F)c(F)c3)cc2S)nc2ccc(F)cc12,-8.1,3.426320977095962,9_499
C/C(=N\NC(=O)c1ccc(C)c(F)c1)c1ccc(-c2cccc(C)c2C)o1,-7.2,3.6222354827054124,9_500
CC(C)c1ccc(C(=O)NC(=S)Nc2ccc(NC(=O)c3ccccc3Cl)cc2)cc1,-6.8,3.55236976614096,9_501
CC(C)(N)c1nc2cc(C(F)(F)F)ccc2n1Cc1ccc(Cl)cc1,-6.7,3.732894629121818,9_502
COC[C@]12CN(C)C3[C@@H]4[C@H](OC)[C@H]1[C@@]3([C@@H](OC)C[C@H]2O)[C@@H]1C[C@@]2(O)[C@H](OC(=O)c3ccccc3)[C@@H]1[C@]4(OC(C)=O)[C@@H](O)[C@@H]2OC,-6.7,2.6610761617066827,9_503
CC(=O)NC1C=Cn2nc3ncccc3c2N=C1,-6.3,2.640119940188211,9_504
O=C(c1ccccc1)c1[nH]c2[nH]cnc(=O)c2c1-c1ccc(C(F)(F)F)cc1,-7.6,3.6021670672276107,9_505
CC(C)(C)OC(=O)n1c(-c2ccc3c(c2)CC(NS(=O)(=O)c2ccccc2)C3)cc2ccccc21,-6.9,3.6437272152222646,9_506
CC(C)CC(Cc1c[nH]cn1)NCCNc1ccnc2cc(Cl)ccc12,-6.1,3.5634020202521755,9_507
Cc1ccc2c(c1)[C@H]1CN(C)C[C@@H]1N2C,-5.7,3.066262867721218,9_508
O=c1c2ccccc2nc(-c2ccc(-c3ccccc3)cc2)n1CCCO,-6.9,3.6820436644610846,9_509
CO[C@@H]1[C@@H](O)[C@@H](O)[C@H](Oc2ccc(CCNC(C)=O)c(-c3ccc(OC4CC4)c(CO)c3)c2)OC1(C)C,-6.8,3.2266623536953682,9_510
COc1cc(C)c2nc3[nH]nc(C)c3c(C3CCN(C)CC3)c2c1,-6.8,3.741763891241046,9_511
CCN1CCN(C2=Nc3ccccc3N(C)c3ccccc32)CC1,-7.0,2.5267406599366433,9_512
COc1ccccc1C1CC(=Cc2ccccc2[N+](=O)[O-])C(=O)C(C)C1,-6.8,3.5549550326963195,9_513
C[C@@H](COC(=O)Nc1ccccc1)CSc1ccccc1,-5.8,3.658352634358854,9_514
C=CCSc1ccccc1C(=O)CC,-4.3,3.1672856558660936,9_515
CCNC[C@]1(COC(=O)c2ccccc2NC(=O)c2cccc(OC)c2)C2CCC1C[C@@H](OC)C2,-7.0,3.4546518243975832,9_516
O=S(=O)(Nc1cccc(-c2cn3cccnc3n2)c1)c1ccc2ccccc2c1,-7.7,3.6494618448151495,9_517
C#CCN(Cc1ccc2[nH]c(C)nc(=O)c2c1)c1ccc(C(=O)NC(CCC(=O)NC(C)C(=O)O)C(=O)O)cc1,-6.7,3.019191177068951,9_518
CC(C)(C)c1ccc(C(=O)Nc2ccc(Oc3ccc(O)cc3)cc2)cc1,-6.9,3.647083977908245,9_519
CCOC(=O)c1cn(-c2cc(O)c(Cl)cc2Cl)c2c(C(F)(F)F)cccc2c1=O,-6.1,3.6687618954942383,9_520
CC=CC=C[SH](=O)=O,-3.6,1.6422693986850296,9_521
CCC(/C=C/C(=O)N1CCCCC1)=C\c1ccc2c(c1)OCO2,-6.5,3.4163049943415436,9_522
O=C(Nc1ccc(-c2ccnc(Nc3ccc4ncsc4c3)n2)cc1)Nc1cccc(C(F)(F)F)c1,-7.5,3.3333686049174203,9_523
O=C(NCc1cncc2c1CCN(Cc1ccno1)C2)C(c1ccccc1)C1CCCCC1,-7.4,3.623128458162742,9_524
O=C(Nc1ccccc1N1CCCCC1)C1CCN(C(=O)c2ccc(Cl)cc2)CC1,-6.9,3.652334190924822,9_525
CC1CCC[C]2CCN(C)[C@H](Cc3ccoc3)C[C@@H](C2)C1,-5.5,1.3826459950922159,9_526
CNc1nc2cc(-c3ncc4ccc(C(F)(F)F)c(Cl)c4n3)c(F)cc2[nH]1,-7.7,3.559273477797454,9_527
COc1cccc(CN2CCN(c3n[nH]c(N)n3)CC2)c1,-6.9,3.6416594771140853,9_528
O=C(O)c1ccc2c(C(F)(F)F)cc(C(F)(F)F)cc2n1,-6.7,3.520249670867492,9_529
O=C(Oc1ccc(N(C(=O)c2ccccc2)C(=S)OCCN2C(=O)c3ccccc3C2=O)cc1)c1cc(O)c(O)c(O)c1,-7.4,2.7664373224653986,9_530
Nc1nc(N)c2cc([S+]([O-])c3ccccc3F)ccc2n1,-6.7,3.620154910079662,9_531
N=C(c1ccc(C(=O)Nc2ccccc2C(=O)Nc2ccc(Cl)cn2)cc1)N1CCC2CCC(C2)C1,-8.5,2.392687703533282,9_532
Cn1nc(C(F)(F)F)cc1-c1cc(F)c(Oc2cccc(C(=O)O)c2)cc1F,-7.2,3.6813927087822345,9_533
CC(=O)c1ccc(NC(=O)CCNS(=O)(=O)c2ccc(Br)cc2)cc1,-6.6,3.6753578388868644,9_534
CS(=O)(=O)N(CC(=O)N1CCN(c2ccccc2)CC1)c1ccccc1,-6.7,3.73805175085709,9_535
O=C(CCl)NC[C@@H]1CCN(Cc2cccc(Oc3ccc(Cl)cc3Cl)c2)C[C@H]1c1ccccc1,-7.0,3.5220829920048553,9_536
O=C(Nc1ccccc1)N1CCN(Cc2cccc(Cl)c2)CC1,-6.4,3.680610687728193,9_537
Cc1ccccc1C(=O)c1cccn1CC(=O)NCc1ccc(F)cc1,-6.5,3.697475474802952,9_538
CC(C)(C)c1ccc(S(=O)(=O)N2CCN(c3ccc(C(F)(F)F)cc3[N+](=O)[O-])CC2)cc1,-7.1,3.5646785767897984,9_539
O=CC(=CS/C=N\c1ccccc1)SCCO,-4.5,3.338736745522313,9_540
O=C(NCc1ccc2c(c1)CCN2C(=O)c1ccccc1)c1ccccc1Cl,-7.2,3.6822152169291007,9_541
COc1cccc(NC(=O)C(Cc2ccccc2)Cc2ccccc2)c1,-7.5,3.6042006675841414,9_542
CC(C)c1ccc(C2OC(c3ccc4c(c3)OCO4)=NN2c2ccccc2)cc1,-8.5,3.58955440336858,9_543
O=C(CN1CCN(c2ccc3ccccc3n2)CC1)N/N=C/c1ccc(F)cc1,-6.8,3.693993321908942,9_544
Cn1cccc1-c1nnc2n1CCN(Cc1ccc(Br)cc1)CC2,-6.7,2.757199503271001,9_545
CC(C)(O)c1cncc(-c2cc3ccc(F)cc3[nH]2)c1,-7.2,3.603201548746009,9_546
COc1ccc(OC)c(NC(=O)C(=O)NCCc2csc3nc(-c4ccccc4)nn23)c1,-6.9,3.4997561735673015,9_547
CC[C@]12CC[C@H](O)C(C)(C)[C@@H]1CC[C@@]1(C)[C@@H]2CC=C2C=CCOC(=O)C=C[C@@]21C,-6.8,0.8064180904729783,9_548
O=C(NC(Cc1c[nH]cn1)C(=O)O)c1cc2ccccc2[nH]1,-6.3,3.5000089465832636,9_549
COC1=CC=C(CN(CC=O)CCN(CCC(c2ccccc2)c2cccs2)CC(=O)O)OC=C1,-6.4,2.4958161791616593,9_550
Cc1ccc(NC(=S)NC(=O)c2cccs2)cc1Cl,-5.5,3.5987348948408924,9_551
Cc1occc(=O)c1O[C@@H]1O[C@H](COC(=O)c2ccc(O)c(O)c2)[C@@H](O)[C@H](O)[C@H]1O,-7.2,2.976919684939754,9_552
COC(=O)C1=C(C)OC(=N)C(C#N)C1c1cc2ccccc2cc1OC(F)F,-6.0,3.7125176533514113,9_553
O=C1C=CC(F)=C(S(=O)(=O)Nc2ccccn2)CCS2=C(N1)NC(c1ccc(C(F)(F)F)c(F)c1)=C2,-8.1,1.1965146733457384,9_554
Cc1cc2c(cc1[C]1C[C@@H]3C[C@@H]4CC1[C@H](C3)C4)=NC=C(c1cccc(NC(=O)c3ccc(-c4ccccc4)c(C(F)(F)F)c3F)c1)OC=2,-7.2,1.975037240855098,9_555
Cc1cc(F)ccc1-n1c2c(cc(-c3nc(-c4ccc(Cl)cc4)cs3)c1=O)C(=O)CC(C)(C)C2,-7.4,3.5429559309105656,9_556
CC(C)[C@H](c1ccc(F)cc1)N1CC[C@@H](CCC(=O)Nc2ccccc2F)C1,-6.3,3.599520944881026,9_557
O=C1C=CCC=C(c2ccccc2)N2N(C1)N=C1C=CC(c3ccc4ccccc4c3)=C(Cl)N12,-7.1,1.1420367989647087,9_558
CCOc1ccc(CN2CCn3c(C(=O)N(C)C)cnc3C2)cc1,-5.9,3.722465009000723,9_559
Cc1ccc(-c2cccc3[nH]c(-c4ccccc4)nc23)cc1,-8.3,3.359214348455863,9_560
COc1ccc(Nc2cc(C(F)(F)F)nc(-c3cccnc3)n2)cc1,-6.9,3.792365125937195,9_561
COc1cc(C(=O)c2cc(C(C)=O)cc(-c3cccs3)c2)cc([N+](=O)[O-])c1O,-7.2,3.5379346542587804,9_562
O=S1(=O)c2cccc3cccc(c23)N1CCN1CCN(c2ccc(Cl)c(Cl)c2)CC1,-7.5,3.6285539466529206,9_563
C=C(c1cnccn1)c1ccccc1-c1ccc(C(F)(F)F)cc1,-6.9,3.588677954636556,9_564
CCCCOc1ccc(C(=O)Nc2ccccc2C(=O)O)cc1-c1nc(=O)c2ccccc2[nH]1,-7.3,3.4466435635865746,9_565
O=C(Cc1ccc(Cl)c(Cl)c1)NCCCN(C1CC1)S(=O)(=O)c1ccccc1,-6.2,3.642739044291976,9_566
CCCCCC1CCC(C=NO)=NN1c1ccc(CN2CCOCC2)cc1,-5.8,3.2586038726128486,9_567
COc1cccc(NC(=O)CSc2nc(=O)c3c[nH]nc3[nH]2)c1,-7.2,3.454972031468514,9_568
CSCCC(NC(=O)C(Cc1ccccc1)NC(=O)C(CCCCO)NC(=O)NC(Cc1ccc(O)cc1)C(=O)O)C(=O)NC(C)C(=O)NC(C(N)=O)C(C)C,-6.6,2.5418650440842185,9_569
CN(C(=O)CCC(=O)NCc1cccc(F)c1)C1CCS(=O)(=O)C1,-5.7,3.643514067870833,9_570
NCc1ccc(C(=O)Nc2cnccn2)cc1,-6.2,3.6108079363154157,9_571
Cc1cc(N2C=CC(C(=O)c3cc4cc(N(CCCl)CCCl)ccc4n3C)C=N2)ccn1,-6.2,3.54370764371342,9_572
C[C@H]1CN(CC(=O)N2CCC[C@H](Oc3ccc(F)c(Cl)c3)C2)C[C@H](C)O1,-6.6,3.539591928081344,9_573
O=C1N(c2ccc(OC(F)(F)F)cc2)C[CH]C2[C@H](NS(=O)(=O)c3ccc(Cl)cc3)CCN12,-7.9,3.6272767719123076,9_574
Cc1cnc([C@@H](C)n2c(=O)c3ccccc3n(Cc3c(F)c(F)c(F)c(F)c3F)c2=O)o1,-7.6,3.4411927104994913,9_575
O=C(O)CCc1ccc(OCc2ccc(CN3CCC4(CC3)CC(Cc3cccnc3)CCO4)cc2)cc1,-6.4,3.464315710106473,9_576
CC(C)C1C[C](C(=O)NCc2cn([C@H]3C[C@H](N4C=C(F)C(=O)CC4I)[C@@H](C)O3)nn2)c2ccccc2[C@@]12C=Cc1ccccc12,-8.1,3.0050465383029143,9_577
O=C(O)c1ccc2oc3c(c2c1)=CC(=CC(=O)N1CCN(c2ccccc2F)CC1)C=3,-7.6,3.6045356068595726,9_578
CC(=O)Nc1ccnn1C(C)C(=O)NCc1nc(C2CC2)no1,-6.1,2.4082315245960384,9_579
CC=NCCCC(F)(F)C1=CC=C2CN(c3nc4ccccc4cc3C)CC=CC=C(c3ccc(S(C)(=O)=O)cc3)CCCC21,-6.6,1.188967276723039,9_580
Cc1ccc(CNC(=NO)c2ccc(Oc3cc(Cl)ccc3Cl)nc2)cc1,-6.8,3.433736714949551,9_581
CC(=O)Nc1ccc(Oc2ccccc2)cc1,-5.6,3.5770963239177433,9_582
FC(F)(F)c1ccc(-c2cc(C3CCN(Cc4cccc(Br)c4)CC3)on2)cc1,-7.1,3.6171322246926625,9_583
O=S(=O)(Nc1nccs1)c1ccc(-n2ccc(-c3ccncc3)n2)cc1,-6.9,3.6627967233991416,9_584
CC=CC(=O)C(=O)C=CCCc1csc([C@@H](C)NC(=O)C2[C](C(=O)OC)C[CH]n3c(=O)cc(CC(C)=NNC(C)C)c(=O)n32)n1,-6.1,2.7239510935140157,9_585
O=C(NCc1ccc(O)c(O)c1)c1ccc(-c2cccs2)cc1,-7.1,3.6351829447479576,9_586
CCCCCCCCCCCCCCCC(=O)N[C@@H](Cc1ccc(OCCC(C)C)cc1)C(O)CP(=O)(O)O,-4.6,2.9615404304541717,9_587
Cn1cnc(S(=O)(=O)N(Cc2cccc3[nH]ncc23)C2(C(=O)Nc3ccc(C(N)=O)cc3)CCCC2)c1,-7.4,3.356278049254822,9_588
CC(C)c1ccccc1-c1cccc(COc2ccc(CCC(=O)O)cc2)c1,-6.7,3.5293843898554513,9_589
CN(c1c(F)cccc1F)S(=O)(=O)c1cccc2cccnc12,-6.1,3.693253075578963,9_590
CNC(=O)c1cccc(-c2ccc3nc(C4COc5ccc(OC)cc5C4)c(-c4ccccc4)nc3c2)c1,-9.9,3.467939075095927,9_591
O=C(/C=C/c1ccc(Cl)cc1)Nc1ccc2c(c1)C(=O)C(=O)N2CN1CCN(CCO)CC1,-6.6,3.472502637463102,9_592
COc1cccc(-c2cccc(NC(=O)C3C4C=CC(C4)C3C(=O)O)c2)c1,-7.4,3.577138213892339,9_593
COc1ccc(-c2cnnc(N3CCN(c4cccc(C(F)(F)F)c4)CC3)n2)cc1,-7.4,3.71832156824712,9_594
O=c1occcc(Br)cccc1-c1cccc(-c2ccc(F)cc2)c1-c1nc2ccccc2s1,-7.9,1.2066509990162717,9_595
COC(=O)c1[nH]c2ccccc2c1NC(=O)c1ccccc1[N+](=O)[O-],-7.4,3.5368191593532714,9_596
Cc1nn(Cc2c(F)c(F)c(F)c(F)c2F)c(C)c1NC(=O)c1nn(C)cc1[N+](=O)[O-],-7.6,3.224380024309148,9_597
CCCCCCCc1cc(-c2ccc(OCC=C(C)C)cc2O)ccc1OCCCCCCCC(=O)O,-4.9,3.143350093997469,9_598
Nc1[nH]nc2nccc(-c3ccc(NC(=O)Nc4ccccc4)cc3)c12,-6.9,3.5259482867560976,9_599
CC(C)(O)C=C1C=NC(n2ncnc2-c2cccc(NC(=O)c3cc4cc(N(CCO)CCO)ccc4o3)c2)=N1,-6.9,3.114429036174829,9_600
Cc1cc2c3c(ccc2nc1F)C(=O)c1ccccc1C3=O,-7.4,3.479641784746512,9_601
O=C(Cc1cccc(F)c1)Nc1cncc(-c2ccc3cc(NC(=O)C4CC4)ncc3c2)c1,-7.3,3.6317337385721657,9_602
Nc1nc(-c2ccc(OCCO)cc2)cn2c(-c3cccc(-c4ccc(F)c(F)c4)c3)cnc12,-8.1,3.517828435616404,9_603
O=C(CCCCCC(=O)OC1=C(c2ccc(O)c(O)c2)Oc2cc(O)cc(O)c2C1)ONc1cccc(C(F)(F)F)c1,-6.6,2.7127676440969744,9_604
COc1ccc(CNCCCCN2CCN(Cc3ccccc3)CC2)cc1,-5.9,3.546979131038124,9_605
O=C(O)CC1C=CC=CC(c2ccc3c(c2)/C(=N/Nc2nc4ccccc4s2)CCCS3)=N1,-8.4,2.5501487829732774,9_606
CC=C(C=CCC(=O)N(CN)CCNC(=O)c1ccccc1)C=NC=CC(CC=[N])C(C)=O,-5.3,3.2695081120038934,9_607
CCCCC(CN(O)C=O)C(=O)N1CC2(CC2)C[C@H]1c1nc(-c2ccc(F)cc2)no1,-6.6,3.3728933096394473,9_608
CC(C)CC1NCCOc2ccccc2CCCN2C(=O)C(CCc3ccccc32)NC(=O)C2(CCCC2)NC1=O,-8.0,1.811507357501739,9_609
Cn1ncc2c1NC(=O)CC2c1c(Cl)cccc1Cl,-5.7,3.6522817129283665,9_610
Cc1cccc2sc(-c3ccccc3)c(-c3ccccc3)c12,-5.8,3.136841396973456,9_611
O=C(Nc1ccc(C=Cc2cccc(NC(=O)c3cccc(C(F)(F)F)c3)c2)cc1)c1ccc(C(F)(F)F)cc1,-7.0,3.263973606886009,9_612
Fc1ccccc1-c1cccc(C2=c3oc4ccccc4c3=NC3=C(c4nc5ccccc5[nH]4)N=CNN32)c1,-8.9,3.3768545215666945,9_613
COc1ccc(CNC(=O)COC(=O)c2cc(-c3cccs3)n(C)n2)cc1OC,-6.0,3.608027422262351,9_614
CO[C@@H]1Cc2ccccc2C2(CCN(Cc3ccccc3)CC2)O1,-7.2,3.498388324820604,9_615
Nc1nonc1-c1nc2ccccc2n1CC(=O)Nc1ccc(Br)cc1F,-7.6,3.5812110823920644,9_616
COc1ccc(-c2nc(-c3ccc(Nc4ccccc4)cc3)c3ccc(N)cc3n2)cc1OC,-8.1,3.399693751695272,9_617
O=C(NCc1cc(Cl)ccn1)C1CCC(Cn2nnc3ccccc3c2=O)CC1,-7.6,3.7600643516690697,9_618
CCOc1cccc(-c2nc3c(N)ncnc3[nH]2)c1,-6.7,3.657319029169966,9_619
CC(C)(C)NC(=O)C1CCN(Cc2cccc(NC(=O)c3cccc(C(F)(F)F)n3)c2)CC1,-7.4,3.719344372698692,9_620
Cc1c(Br)cnc(NC(=O)COC(=O)c2ccc(-n3cnc4ccccc43)cc2)c1C,-7.5,3.6204519101584385,9_621
O=C(NC1CCCCC1)c1ccc(NC(=O)C2CCCC2)cc1,-6.3,3.4813690169332903,9_622
c1ccc2nc(NCCCN3CCOCC3)ccc2c1,-6.65,3.657657075649218,9_623
C=CCc1cc(Cl)ccc1OCCCNC(C)C,-5.0,3.3686164278615944,9_624
COc1ccc2ccc(S(=O)(=O)NC(CCCN=C(N)N)C(=O)N(CC(=O)O)CC3CCCO3)cc2c1,-6.4,2.8993388337692925,9_625
COC(=O)c1cccc(NC(=O)Nc2cccc(C(F)(F)F)c2)c1-c1ccccc1,-7.6,3.63201132829582,9_626
CC(NC(=O)OCc1ccccc1)C(=O)NC(C)C(=O)NC(CC(=O)O)C(=O)NC(CO)C(=O)NCCCCc1ccccc1,-6.7,2.8070660945901023,9_627
CC(=O)NC(c1ccccc1)C(O)C(=O)O[C@H]1C[C@@]2(O)[C@@H](OC(=O)c3ccccc3)[C@@H]3[C@]4(OC(C)=O)CO[C@@H]4C[C@@H]4C[C@@]43C(=O)C(OC(C)=O)=C(C1C)C2(C)C,-7.8,0.7678683037832386,9_628
COc1ccc(CCNC(=O)c2cc3ccc(-c4cccc(O)c4)cc3[nH]2)cc1,-7.2,3.5581040304280154,9_629
Cc1c(O)c(N2CC2)c(C2=C3CCC(C3)C2)c(O)c1N1CC1,-5.5,3.1969375652234584,9_630
C=Cc1ccccc1C(=O)c1cc(NC(=O)/C=C/c2ccc([N+](=O)[O-])cc2[N+](=O)[O-])ccc1NC(=O)CC1=CC=COC1,-7.2,2.9690477054624433,9_631
O=C(Nc1ccc(-c2ccc(Oc3ccccc3)nc2)s1)C1CCN(c2ccncc2)CC1,-7.2,3.6247767542648437,9_632
CCCCC(C=O)NC(=O)OC1CCCCCC1c1ccccc1,-5.8,2.5367984638357006,9_633
O=CC(C(=NC1=NCCCCC1)c1ccc(OCc2cccc(F)c2)c(CF)c1)c1ccc(F)cc1,-7.6,2.487842732413638,9_634
CCOC(=O)Cc1csc(NC(=O)C(C)Cc2cccs2)n1,-5.3,2.567137705944644,9_635
O=C(O)CC(C1=NC=CCN=C1)c1cc(F)cc(-c2ccccc2OC(F)(F)F)c1,-7.1,2.725932116301216,9_636
CC(C)C(C(O)=NO)N(Cc1ccccc1)S(=O)(=O)c1ccc2ccccc2c1,-6.8,3.4436091681931504,9_637
O=c1c2ccc(Cl)cc2[se]n1CCCCCCCCNc1ccnc2cc(Cl)ccc12,-5.6,3.4201973919330078,9_638
CCOC(=O)NC(c1cccc([N+](=O)[O-])c1)c1cc([N+](=O)[O-])c2cccnc2c1O,-7.3,3.431150312779387,9_639
CCCC(=O)Nc1cccc(-n2ccc(-c3ccccc3NC(=O)c3ccco3)n2)c1,-7.2,3.6326981654196766,9_640
C=C1C=NN(c2ccccn2)C(Oc2cccc(F)c2)=C1,-7.1,3.696344251337392,9_641
CN1CCC(Oc2ccc(NC(=O)c3ccccc3)cc2)CC1,-6.2,3.733602610516553,9_642
Cc1cccc(-c2cc(Nc3ccc(C(=O)O)cc3)c3cc(Cl)ccc3n2)c1,-8.0,3.576010556347968,9_643
O=C(CCOc1cc(F)cc(Cl)c1)Nc1ccc2[nH]c(=O)[nH]c2c1,-6.9,3.6558461955191834,9_644
Fc1cccc(Cl)c1-n1c(-c2ccncc2)nc2cnccc21,-6.3,3.6344054803891392,9_645
O=C(O)c1cnc(Nc2ccccc2F)nc1-c1ccccc1,-7.1,3.757257672838791,9_646
CN(C)Cc1ccc(CSc2nc3cc(Cl)ccc3c(=O)n2CCc2ccccc2)o1,-6.2,3.469350203944112,9_647
CC(C)(C)c1ccc(C(=O)Nc2ccccc2-c2ccccc2)cc1,-6.8,3.4444810504839203,9_648
Cc1cc(NC(=O)c2ccc(C)c(Cl)c2)cc(-n2cc(CN3CCOCC3)nn2)c1,-7.3,3.7839973540534606,9_649
Cc1cc(NS(=O)(=O)c2ccc(NC(=S)NC(=O)c3ccccc3)cc2)no1,-6.4,3.538127650040215,9_650
N#Cc1ncc2cc(N(Cc3ccccc3Cl)C(=O)c3cccc(C(F)(F)F)c3)ccc2n1,-8.0,3.6092162099953335,9_651
Cc1ccc(-c2nnc3c4ccccc4c(C)nn23)cc1NC(=O)c1ccccc1,-7.9,3.5904368799225255,9_652
CCCCOC(NC=O)C(=O)NC(Cc1ccccc1)C(=O)N[C@@H](CC1CCNC1=O)C(O)[SH](=O)=O,-6.8,2.527076786751392,9_653
N#CC=C([CH]Oc1c(-c2ccccc2)c(-c2ccccc2)nn1C=O)c1ccccc1,-6.1,3.4979126129164912,9_654
COCc1nc([C@@H]2CCCN2Cc2ccc(-c3ccccc3)cc2)n(-c2cc3ccc(Cl)cc3s2)n1,-6.0,3.3515545867684597,9_655
c1ccc2c(c1)cc1n2Cc2cc(N3CCN(C4CC4)CC3)ccc2-1,-6.65,3.318004866362462,9_656
Cc1nc(N)ncc1C=C(C(=O)N[C@H]1CC[C@H](O)CC1)c1ccccc1C#N,-6.6,3.5815453920051397,9_657
NC(=O)C(CO)NCc1ccc(-c2ccc(Cl)c(Cl)c2)cc1,-5.9,3.648186709301849,9_658
O=C1O[C@H]2CN(O)CC[C@H]2C1c1cccc(F)c1,-6.1,3.4039292639645087,9_659
O=C(O)CN1C(=O)/C(=C/c2ccc3c(c2)c2ccccc2n3Cc2cccc(C(F)(F)F)c2)SC1=S,-7.5,3.4953960315632306,9_660
CNc1nc(Cl)nc2c1ncn2Cc1cccc(C#N)c1,-6.5,3.681782424640433,9_661
O=C(c1cc(Cc2n[nH]c(=O)c3ccccc23)ccc1F)N1CCOCC1,-7.8,3.7425186890955837,9_662
CC(C)=CC[C@@H](OC(=O)c1ccoc1)C1=CC(=O)c2c(O)ccc(O)c2C1=O,-7.3,3.500074773227753,9_663
C=C1C(C2(O)C=C(C(C)C)c3ccccc32)=NN(C(=O)c2cccc(-c3nc(=O)o[nH]3)c2)C1c1ccccc1,-8.5,3.4510755506833313,9_664
COc1ccc2nc(-c3ccc(F)cc3)cc(C(=O)Nc3ccccc3)c2c1,-8.2,3.642430017341674,9_665
O=C(c1cccc(C(F)(F)F)c1)c1cc(N(CC(F)(F)F)S(=O)(=O)c2ccccn2)c2ccccc2n1,-8.0,3.409451979458413,9_666
COC=C1C=CC(NC2CCN(C3=Nc4cccc5cccc3c45)C2)=C1,-7.5,3.474670909901796,9_667
CCN(C(=O)c1ccccc1NS(=O)(=O)c1cccc(C(=O)O)c1)c1ccccc1,-6.8,3.698272428967731,9_668
COc1ccccc1C1(O)C(=O)c2ccccc2C1=O,-5.7,3.6433799861613316,9_669
O=C(CCc1c[nH]c2ccccc12)NCCNc1nc(CC2(c3ccc(Cl)cc3)CC2)no1,-6.6,3.450291137392398,9_670
Cc1ccc(-c2noc(-c3cc4c([nH]c5ccccc54)c(-c4ccccc4)n3)n2)cc1,-9.3,3.4298415817149577,9_671
Nc1cnc(-c2ccc(C3CCC3)c(Oc3nccc(OCC(F)(F)F)n3)c2F)cn1,-6.9,3.615797026665482,9_672
CC=C1N=C2C(c3ccc(OCCF)c(Cl)c3)=C(c3ccccc3)C(c3ccccc3)=NN2C1=O,-6.8,3.4874993997210177,9_673
O=C(c1cccc(F)c1-n1nccn1)N1C2CCC1C(Nc1ccc(C(F)(F)F)cn1)C2,-7.2,3.593486926454067,9_674
O=[N+]([O-])c1c[nH]c(-c2nnc(-c3ccc4c(c3)OCCO4)o2)c1,-7.2,3.5281075116021317,9_675
CC[C@H](C)C(NC(=O)C(CC(C)C)NC(=O)C(Cc1ccccc1)NC(=O)C(N)CO)C(=O)NC(CC(C)C)C(=O)O,-6.3,2.8473495670546365,9_676
Cc1c(C(=O)C(C)F)cc(-c2ccc([N+](=O)[O-])cc2)n1/C=C/[C@@H](O)C[C@@H](O)CC(=O)O,-6.3,3.2985795853909403,9_677
COc1ccc2c3c1OC1C(=O)CC[C@@]4(NC(=O)/C=C/c5ccc(Cl)cc5)[C@@H](C2)N(CC2CC2)CC[C@]314,-6.8,3.3154483973233506,9_678
O=C(/C=C/c1ccc2ccc(C(F)(F)F)cc2n1)c1ccccc1,-7.7,3.4966176008954504,9_679
CCc1c(S(=O)(=O)c2ccccc2)cn(CC(=O)Nc2ccc(OC)cc2OC)c1CC,-6.2,3.7091184420455976,9_680
CC1C(c2ccccc2)OCCN1C,-5.3,3.2466530773938307,9_681
COc1ccc(-c2cscc2-c2cc(OC)c(OC)c(OC)c2)cc1OCCCCC(O)=NO,-6.4,3.048099507205289,9_682
Cc1cnc(C(=O)Nc2ccccc2CN2CCN(c3ccccc3C#N)CC2)cn1,-7.6,3.7514581139657697,9_683
COCCN1CCN(c2ncc3nc(-c4cn(C)c5ccccc45)c(=O)n(Cc4cccs4)c3n2)CC1,-7.9,3.350174178572508,9_684
N#CC=C1C=CC(C(=O)N/N=C/c2ccc(N3CCN(c4ccccc4F)CC3)cc2)=C1,-6.9,3.5118240917931325,9_686
Cc1cccc(OCC(=O)Nc2ccccc2C(=O)N2CCOCC2)c1C,-6.5,3.7846431655548134,9_688
CN1CCN(c2ccc(-c3nc(-c4cc(F)c(OC[C@@H](N)c5ccccc5)c(C#N)c4)no3)cn2)CC1,-6.2,3.4997823182259915,9_689
COc1ccc(Cl)cc1NC(=O)CCCCCN1CCCCC1,-5.6,3.551846916742644,9_690
O=C(Cc1ccc(Cl)cc1)NCCC(=O)Nc1ccc(Cl)cc1,-6.1,3.685354945120614,9_691
O=C(NN=Cc1cc([N+](=O)[O-])ccc1O)c1ccc(-c2ccccc2)cc1,-7.0,3.546726941489265,9_693
CC=C(C(=O)Nc1ccccc1C)C(N=C(N)c1ccccc1)c1ccco1,-7.1,3.5086691703085147,9_694
CCc1csc(-c2ccc(N3C[C@@H](CN(O)C[O-])OC3=O)cc2F)n1,-5.9,3.5891673027323265,9_695
CC(=O)Nc1cccc(CSc2nnc(Cn3nnc4ccccc43)o2)c1,-6.8,3.5760661355681185,9_696
Cc1cccc(C)c1NC1C(=O)CC1(C(=O)Nc1cc(C(F)(F)F)cc(C(F)(F)F)c1)C1CCCCC1,-8.9,3.3727664580895675,9_697
[C]C[C@@]12CC[C@H]3[C@](C)(CO)[C@H](O)CC[C@]3(C)[C@@H]1[C@H](O)C[C@@H]1CC(=O)O[CH]C[C@@H](O2)[C]1C,-6.8,1.164674186336991,9_698
Cc1cc(C)cc(C(=O)NCC(=O)OCC(=O)Nc2cccc3ccccc23)c1,-6.9,3.6911896061012817,9_699
C[C@@H]1CC[C@H](Oc2ccnc3ccccc23)c2ccccc2O1,-7.3,2.5941873596761242,9_700
c1ccc(-c2noc(-c3ccccc3)n2)cc1,-6.9,3.5650853802725133,9_701
Cc1c(-c2cn(C[C]3CC[CH]CNC(=O)CC3)nn2)ccc2c1OCCS2,-7.1,1.4827784029825217,9_702
CC(C)(C)c1ccc(CNC(=S)NCc2ccc(-c3ccccc3)nc2)cc1,-5.8,3.5469248362469634,9_703
COc1cc(=O)cc(-c2cc(O)c(O)cc2Cc2nccs2)s1,-6.6,3.669626869460969,9_704
CCOC(=O)c1ccc(N=NNCc2cccnc2)cc1,-5.6,3.589786193991528,9_705
O=C1CC(c2cccc(Cl)c2)CC(=O)C1C=Nc1ccc(F)cc1,-7.2,3.5867962250050627,9_706
Cc1cc2nc(C(CNC(=O)c3ccc(C(C)(C)C)cc3)CC3CCCO3)oc2cc1C,-7.0,3.639325157094957,9_707
O=C(Nc1nc(-c2ccc(Cl)cc2)cs1)c1ccc(Nc2ccncn2)cc1,-6.6,3.6541130271019835,9_708
O=S(=O)(N1CCOCC1)N1CCN(c2cccc(Cl)c2)CC1,-6.2,3.4457316343546607,9_709
CNC(=O)[C](Cc1ccc(OCc2cc(-c3ccccc3)nc3ccccc23)cc1)NC(=O)C(Cc1ccc(CN)cc1)NC(=O)Cc1ccc(Cl)cc1,-7.2,2.816409894944663,9_710
COc1cc(-c2[se]c(-c3ccccc3)c(C#N)c2N)ccc1O,-7.2,3.6817812845296265,9_711
Cc1c(Sc2ccc(Cl)cc2)nc2ccc(C(F)(F)F)cn12,-6.3,3.585016160194753,9_712
Cc1c(Cl)cccc1NC(=O)c1cc(NC(=O)c2ccccc2C(F)(F)F)cc2[nH]c(NC[C@H]3CCCO3)nc12,-9.2,3.2851414084330997,9_713
O=C(c1ncoc1-c1ccccc1)N1CCNCC1,-6.1,3.6519309482059485,9_714
C=C(CCC(C=O)c1cc(C)n(C)n1)c1ccccc1,-6.0,3.551098874384297,9_715
O=C(NCC1CC1)c1nc(-c2ccco2)nc2c1CCNCC2,-7.6,2.643680285297961,9_716
CCOCCC(=O)N[C@@H](C)c1cccc(-c2nc3cc(C4=NCCN4)ccc3[nH]2)c1,-6.5,3.5623857401198062,9_717
CNC1CCN(Cc2nc3ccccc3n2CCOc2ccc(F)cc2-c2cc(-c3ccccc3)on2)C1,-7.7,3.421389316701803,9_718
C[C@@H]1[C@H](O)[C@@H](CNCc2ccc(Cl)cc2Cl)O[C@H]1n1ccc(=O)[nH]c1=O,-6.9,3.590938177976667,9_719
OCC1CCN([C@@H](c2ccc(Br)cc2)c2nnc3n2N=C(c2ccc(Br)cc2)CS3)CC1,-7.0,3.574331011491471,9_720
O=C(O)CC(c1cc2ccccc2s1)N1Cc2ccccc2C1=O,-6.7,3.760013011758282,9_721
Cc1cc(N2CCN(C(=O)c3cc4cc([N+](=O)[O-])ccc4[nH]3)CC2)c2ccccc2n1,-8.4,3.5825098923869176,9_722
Nc1nnc(-c2cncc(Br)c2)o1,-5.6,3.4743651565168823,9_723
Cc1ccc(-c2nn(-c3nc(C(=O)O)cs3)cc2Cc2cccc(C(F)(F)F)c2)cc1,-8.4,3.664580078698326,9_724
O=C(/C=C/c1ccccc1)N[SH]1c2ncccc2C(=O)N1c1ccccc1C(F)(F)F,-7.1,3.577580595676447,9_725
CCNCCNCCNc1ccc(-c2cccc(N=CC(C#N)C=NC3=C(Cl)C=C(Cl)C3=COC)c2)cn1,-6.1,3.111477709681819,9_726
N#C/C(=C\c1ccc(Cl)s1)c1nc2ccccc2[nH]1,-5.9,3.6290083829738147,9_727
COc1ccc(NC(=O)c2ccc3c(c2)CCN3C)cc1[C@@H](OC)c1nccs1,-6.4,3.7753481008151235,9_728
Cc1ccc(C(c2cc(C(C)(C)C)c(O)c(C(C)(C)C)c2)N2CCCCC2)cc1,-7.0,3.4249365688204225,9_729
CN1CCc2ccc3c4c2[C@H]1Cc1cccc(c1-4)[C@H]3O,-6.7,3.214399511212571,9_730
O=C(Cn1c2ccccc2c(=O)c2ccccc21)c1ccc(-c2ccccc2)cc1,-8.5,3.2220723223105336,9_731
COc1ccc(-c2nc(-c3nc4ccccc4[nH]3)c(-c3ccccc3)o2)cc1,-7.9,3.5596444635160056,9_732
Cc1nn(Cc2ccc(F)cc2)c(C)c1NC(=O)Cc1ccc2ccccc2c1,-6.9,3.649715406436272,9_733
O=C(O)c1cc(S(=O)(=O)NCCc2ccccc2)c2ccccc2n1,-7.1,3.7213749102034406,9_734
O=C(O)C(CCC(=O)N1CCC(CCCc2ccccc2)CC1)NC(=O)C1CCCN1S(=O)(=O)c1cc(Cl)cc(Cl)c1,-6.9,3.315176309602071,9_735
O=C(NCc1ccc2c(c1)CNC(=O)N2c1c(Cl)cccc1Cl)c1ccccc1,-7.6,3.6498008115517564,9_736
O=S(=O)(c1ccc2c(c1)OCCO2)N1CCn2nc(-c3cccs3)cc2C1,-6.6,3.5981612550464153,9_737
[CH]COc1cc(NC(=O)Nc2cc(-c3cnn(C)c3)ccc2C#N)ccc1[C@@H](C)CNC(=O)C[CH]C,-6.7,3.489367583379409,9_739
CC(C)(C)n1cc(C(=O)c2cncc(NC(=O)c3ccc4ccnn4c3)c2)c2cncnc21,-7.7,3.4817559481756017,9_740
O=c1cc(NCCCNCc2cccc(C(F)(F)F)c2)[nH]c2ccccc12,-6.6,3.575170014438674,9_741
COc1cc2c(ccc3ccccc32)cc1C(=O)N[C@H]1CCN(Cc2ccccc2)C1,-7.6,3.552506988862234,9_742
O=C(Nc1ccc(C2=CCC(NC(=O)N3CCNCC3)CC2)cc1)N1Cc2ccncc2C1,-6.3,3.464140538515901,9_743
O=C(c1cc(-c2ccccc2)[nH]n1)N1CCN(C[C@H]2C[C@@H]2c2ccccc2)CC1,-7.8,3.6471275973373687,9_744
O[C@H]1C=C2c3cccc4[nH]cc(c34)C[C@H]2N(Cc2ccc(Cl)cc2)C1,-7.5,3.5391110048324226,9_745
CCOc1ccccc1-n1cc(-c2oc3ccccc3c2O)nn1,-6.4,3.7348150290884794,9_746
Clc1cc2c(Nc3cccc(I)c3)ncnc2cn1,-5.8,3.6275276233943456,9_747
O=C(N[C@@H]1COc2nc([N+](=O)[O-])cn2C1)c1noc(-c2ccc(C(F)(F)F)cc2)n1,-7.3,3.3616081078485567,9_748
C[C@@H](NC(=O)c1ccc(Cl)s1)c1noc(-c2ccc(F)cc2)n1,-6.7,3.762680131428916,9_749
O=C1N[C@H]2CCCC1CN(C(=O)Nc1ccc(F)c(F)c1)C2,-6.7,2.457058289367127,9_750
O=c1[nH]nc(-c2cc3c(c(-c4cncc(Cl)c4)n2)C([C@H]2C[CH]CC2)N=C(N2CCOC[C@H]2c2ccccc2)N3)o1,-8.2,3.213669488648404,9_751
CN1CCN(Cc2cc(Cl)ccc2-c2ccc(CN3CCCCC3)cc2)CC1,-6.4,3.4450644563937405,9_752
CC(C)CN(C(=O)CNc1cc(-c2ccc3c(c2)OCO3)ncn1)c1ccc(C(C)C)cc1,-6.6,3.685322381743415,9_753
CN(C)CCNC(=O)c1cccc2cc(N=C(N)C3CC3)ccc12,-5.9,3.6162324111507775,9_754
CC(C)CC(=O)Nc1ccncc1NC1CCCCC1,-5.9,3.5784424253945093,9_755
NC(=O)c1ccc(Nc2nccc(Nc3cccc(C(F)(F)F)c3)n2)cc1,-7.4,3.651719520165768,9_756
CSc1cccc(NC(=O)CSc2nc3c([nH]c4ccccc43)c(=O)n2C)c1,-7.1,3.574454650865631,9_758
CCCC[Se]C(C(=O)NC(=O)C(Nc1ncccn1)C1CC1)c1ccc(F)cc1,-6.1,3.5480926292196786,9_759
NC(=O)c1ccccc1NC(=O)CSc1nnnn1-c1cccc(F)c1,-7.2,3.5317854785546037,9_760
O=C(C[C@@H]1C[C@@H]2c3cc(NS(=O)(=O)c4ccc(F)cc4)ccc3O[C@@H]2[C@H](CO)O1)NCc1ccc(Cl)cc1,-7.6,3.401586418568127,9_761
O=C(O)C(Cc1ccccc1)N1C(=O)/C(=C\c2cccc(-c3ccc(C(F)(F)F)cc3)c2)SC1=S,-6.8,3.539600302570509,9_762
CC1=NCOC(=O)C1=CC=CC1C=CC=C(C2=CCOCC2)C(=CN2CCCNCC2)C=CN1,-7.2,0.9556635803412341,9_763
O=C(C1C[C@H](N2CCN(c3ccnc4cc(Cl)ccc34)CC2)CN1)N1CCSC1,-6.9,3.5312549825055815,9_764
Cc1ccc(C(=O)Nc2ccc(NC(=O)c3ccc(C(C)(C)C)cc3)cc2)cc1Nc1nccc(-c2cccnc2)n1,-7.2,3.2183609863464957,9_765
CC(C)(C)n1ncc(OCc2nnc(-c3ccccc3Br)o2)c(Cl)c1=O,-6.8,3.6696025285558385,9_766
COc1cc(O)c2c(c1)C=CCC(=O)C(=O)C(O)CC[C@](C)(O)CC2=O,-6.3,1.1954748731180649,9_767
O=C(CN1C(=O)c2ccccc2C1=O)OCc1ccccc1Cl,-6.3,3.6277567144187333,9_768
C[C@@H]1C=CC=CC(=N)C2(C=CO1)C=C1C(=CC=CC1C=C1C=CSC(CCCO)C1=N)N2,-6.2,0.9720427520822863,9_769
CNCCN=CN=C(N=C(N)c1cccc(NS(=O)(=O)c2ccccc2)c1)N[C@H]1CC[C@@H](N2CCCC2)[C@H]1O,-6.7,2.900013983904815,9_770
COC(=O)C1C[C@H](CC(C)C)N(C(=O)c2ccccn2)[C@@]12C(=O)Nc1ccc(F)cc12,-6.6,3.620963811358303,9_771
Cc1ccc2cnc(CNC(=O)CCC(=O)N3CCN(Cc4ccc(F)cc4Cl)CC3)c(N)c2n1,-6.4,3.646655378548904,9_772
COc1cc(OC)cc(-n2ccnc2SCC(=O)Nc2ccc(C(=O)Nc3cccnc3)cc2)c1,-6.3,3.436489501439862,9_773
COc1ccc(C2C(C(=O)c3ccc(F)cc3)C(=O)C(=O)N2CCN(C)C)cc1,-6.5,3.554390037903846,9_774
CC1CN(C(=O)c2cccc([N+](=O)[O-])c2)CCC1c1nc(C(=O)NS(=O)(=O)C(C)C)cs1,-7.0,3.4384636551740906,9_775
CC(=O)Nc1nsc2ccc(C(=O)N3CCN(c4ccccc4)CC3)cc12,-7.1,3.7569023444038923,9_776
[NH]C(C=CC(=O)NCC(F)(F)F)c1cc(Nc2ccc3c(c2)OCCO3)n(C2CC2)n1,-7.4,3.5056249327979216,9_777
O=C(c1ccccc1F)N1N=C(c2ccc(Cl)cc2Cl)CC1N1CCc2ccccc2C1,-7.7,3.5179857440409963,9_778
Cc1c(NC(=O)Cc2cccs2)cnn1CC1CCCO1,-5.3,2.606566629677796,9_779
COc1ccc(CCNC(=O)COc2ccc3c(c2)CCN(Cc2cccc4ccccc24)CC3)cc1,-7.2,2.55574599277249,9_780
COc1ccc2[nH]cc(-c3cccc(-c4ccccc4)c3)c2c1,-7.2,3.3890966411697745,9_781
Cc1cc(C)n(CCCNC(=O)c2ccc(-c3cccc(Cl)c3)cc2)n1,-6.6,3.6806767197547656,9_782
CN(C)/C=N/c1nc2ccccc2[nH]1,-5.5,3.401635791294975,9_783
COc1cnc(-c2ccc(NC(=O)Nc3cc(C(C)(C)C)on3)cc2)nc1N1CCOCC1,-7.2,3.601003397795745,9_784
CCOc1ccccc1-c1nc(CN(CCO)CCO)co1,-5.7,3.6367724949604954,9_785
C[C@@H]1CN(c2scnc2-c2nc3cc(C4CC4)ccc3[nH]2)CCN1C(=O)Cn1cnc2cccnc21,-8.8,3.398203143547166,9_786
Cc1c(NC(=O)C(C)(C)COc2ccccc2)ccc(Oc2ccnc3[nH]cc(-c4ccccc4)c23)c1F,-6.8,3.368697169525925,9_787
CCc1nc(CN2CCCC(c3ccccc3)=N2)c(C(=O)O)n1C,-6.4,3.792884605838073,9_789
O=C1CN=C(c2ccccc2F)c2cc(Cl)ccc2N1,-6.1,2.6486072665621996,9_790
N=C(N)N/N=C/c1ccc(-n2nc(C(=O)C=CC=CC3=CC=COC3)c(CN)c2-c2ccc3c(c2)OCCO3)cc1,-7.7,2.6952252133102856,9_791
Cc1ccc(-c2cc(-c3cc4ccc(C(O)=NO)cc4[nH]3)ncn2)cc1,-8.3,3.3073103612927133,9_792
O=c1cc(/C=C/c2ccc([N+](=O)[O-])cc2)oc2ccccc12,-6.8,3.624679418066561,9_793
COC(=O)c1c(NC(=O)c2ccco2)c2cc(Nc3ccccc3Br)ccc2n1C,-6.6,3.573733357656136,9_794
CC=C(C=NN(c1ccccc1)c1ccccc1)C(=O)NC(=O)NCc1ccccc1,-8.0,3.5072894918655906,9_795
O=c1cc(-c2cccc(Cl)c2)oc2c1ccc1ccccc12,-7.7,3.3832523447990837,9_796
COc1ccccc1CC(C)(C)NC(=O)NCc1noc(-c2ccco2)n1,-6.2,3.696162837738359,9_797
Nc1cccc(-c2ccc(Cn3cc(C(=O)O)c(=O)c4cccc(F)c43)nc2)c1,-7.1,3.638360041040972,9_798
CONC(=O)c1cn(-c2ccc(S(N)(=O)=O)cc2)nc1-c1ccc(Cl)cc1,-6.8,3.581729328204873,9_799
CCCc1csc(-c2ccc(OCC(=O)O)cc2)n1,-5.7,3.739605654415877,9_800
CC1CN(c2cc3c(cc2F)c(=O)c(C(=O)O)cn3-c2ccc(F)cc2)CC(C)N1,-7.5,3.741237755888233,9_801
O=C1CCS(=O)(=O)c2cc(-c3ccccc3)cc3c2N1CC3,-6.8,2.5861386568605536,9_802
CC1=CC(C)(C)NC(=S)N1c1ccc(Cl)c(Cl)c1,-5.9,3.344802606121055,9_803
O=C(O)COc1ccc(C(=O)c2ccccc2)cc1,-5.9,3.6293146667264478,9_804
O=C(c1ccc2[nH]c(=O)sc2c1)N(c1cccc2c1CCCC2)C1CCN(Cc2cccc3c2OCO3)CC1,-8.4,3.3771886541823166,9_805
O=C(Cn1cc(-c2ccsc2)nn1)Nc1ccccc1C(F)(F)F,-6.6,3.7432846398112223,9_806
Oc1[nH]c2ccccc2c1N=Nc1ccccc1,-5.6,3.576774327187783,9_807
CCCCCNc1nc(-c2ccco2)c2c(c1CC)CCC2,-6.0,3.57772948032707,9_808
Cc1cc(F)ccc1-c1cccc(C(=O)Nc2ccc(C(F)(F)F)cc2)c1,-7.6,3.4638639836776264,9_809
CC(=O)Nc1cc2c3c(c1)C(c1ccccc1)=NC(NC(=O)c1cc(Br)c(N)c(Br)c1)C(=O)N3CC2,-8.0,2.414439931655636,9_810
CCCOCC(=O)NS(=O)(=O)c1ccc(C)cc1Cl,-5.3,3.584715402340776,9_811
COc1ccccc1-n1ccn(CC(=O)Oc2ccc(F)cc2C)c(=O)c1=O,-6.9,3.5078348019917622,9_812
COCC1CCCN(C(=O)c2ccc(NS(=O)(=O)c3cccc4cccnc34)cc2)C1,-7.3,3.760663079463071,9_813
COc1ccc2c(c1)-c1cc(OCC(O)CNC(C)(C)C)c(OC)cc1CC2,-6.3,3.6919450838381613,9_814
COc1cccc(C(O)c2nc(-c3ccc4ccccc4c3)co2)c1,-7.3,3.6944665426722194,9_815
O=C(N[C@@H](Cc1ccccc1)[C@H](Cc1ccccc1)n1cc(CN2CCN(C(=O)c3ccccc3Cl)CC2)nn1)OC1CCCC1,-7.7,3.2467093562489877,9_816
CC(=O)c1cc2c(cc1NC(=O)c1ccc(Br)o1)OCO2,-6.7,3.712384292720208,9_817
O=CCC1(c2ccccc2)CCN(C(=O)NC(Cc2c[nH]c3ccccc23)C(=O)N2CCC(N3CCCCC3)CC2)CC1,-8.6,3.2667706545239525,9_818
CN1C(N)=N[C@](C)(c2sc3c(-c4ccc(C(F)(F)F)cc4Cl)cccc3c2F)CS1(=O)=O,-8.0,3.5858446553149106,9_819
Cc1ccc(CNc2cnn(-c3ccncc3)c2)cc1C,-6.9,3.7408598177024714,9_820
CC(C)c1noc(-c2cnc(N3CCCC3)nc2-c2ccccc2Cl)n1,-6.6,3.7266755791876314,9_821
O=C(Nc1ccc(CN2c3ccccc3Sc3ccccc32)cc1)Nc1cccc(F)c1,-7.9,3.4262760523415343,9_822
C=COc1ccc(C(=O)Nc2ccc(-c3ccc(OC4CCN(C)CC4)cc3OCCCCN(C)C)cc2)cc1C1C=CC=COC1,-5.2,2.1136676444578155,9_823
CC(C)CCc1noc(CNc2cc(C(=O)N(C)C)ccn2)n1,-6.0,3.7375593471895936,9_824
CCCn1c(=O)c2sccc2n2c(CCCC(=O)NCc3ccc(OC)cc3)nnc12,-6.3,3.5629786935568193,9_825
COc1ccc(N(c2ccc(OC)cc2)c2nc(-c3ccc(N)cc3)c(N3CCCCC3)s2)cc1,-7.2,3.483165309337478,9_826
Cn1cc(S(N)(=O)=O)c(-c2ccc3ccccc3c2)n1,-6.8,3.7078458924437454,9_827
C[C@@H](Nc1ncnc2[nH]c(-c3ccc(NC(=O)Cc4ccc(O)cc4)cc3)cc12)c1ccccc1,-6.8,3.317282755758198,9_828
COc1ccc(NC(=O)NCCCN2CCC(c3cc4ccccc4o3)CC2)cc1,-6.6,3.65388129995062,9_829
CC(CCc1c[nH]c2ccc(Br)cc12)N(O)C(N)=O,-6.1,3.509909943738409,9_830
O=C(O)c1[nH][nH]c(=O)c(-c2ccccc2Cl)cc(=O)[nH]c(=O)c1-c1ccccc1,-6.9,1.3821441187369574,9_831
CC1CC(=O)c2c([nH]c3cc(C(=O)O)ccc23)C1,-6.3,3.550037819662721,9_832
CS(=O)(=O)c1ccc(-n2nc(C(F)(F)F)nc2NC2CCCC2)c(F)c1,-7.4,3.6396746075772297,9_833
N#Cc1ccc(Nc2nccc(-c3cnc(Cl)cn3)n2)c(F)c1,-6.7,3.739326958687732,9_834
Cc1cccc(NC(=O)N2CCc3nc(-c4cccnc4)nc(-c4ccccc4)c3C2)c1,-9.0,3.670113329139653,9_835
CCOc1ccccc1C(O)CN,-4.9,3.4563412938185527,9_836
Cc1cccc(S(=O)(=O)Nc2cccc3cc(-c4cccc(NS(C)(=O)=O)c4)ccc23)c1,-8.0,3.638294855975872,9_837
O=C(NCCN1CCC(O)CC1)c1ccc(-c2ccccc2Cl)o1,-6.7,3.7536515104960957,9_838
O=C(Nc1cccc(-c2nc3cc(Cl)ccc3o2)c1)c1cc2ccccc2o1,-7.2,3.5773159553182037,9_839
O=P(c1ccccc1)(c1ccccc1)C(Nc1ccccc1)c1ccccc1Cl,-6.7,3.4350764825139843,9_840
CS(=O)(=O)Oc1c(C(=O)N2CCOCC2)ccc2ccccc12,-6.4,3.6606127083464637,9_841
CCn1c(=O)c(-c2c(Cl)cccc2Cl)cc2cnc(Nc3cccc(S(C)(=O)=O)c3)nc21,-7.0,3.6293463829288246,9_842
COC(=O)c1cccc(NC(=O)COC(=O)c2cc(C)ccc2[N+](=O)[O-])c1,-6.7,3.5094545227278915,9_843
O=C1/C(=C/c2ccc(N3CCCC3)cc2)c2ccccc2N1c1c(Cl)cccc1Cl,-7.3,3.354573908626808,9_844
CC(C)c1ccccc1CCCN1CCC(Cc2cccc(F)c2)CC1,-6.4,3.3044165867380353,9_845
C[C@@H]1CN(c2ccnc3cc(C(F)(F)F)cnc23)CCC1C(=O)N1CCn2c(nnc2C(F)(F)F)C1,-8.2,3.414783243006859,9_846
O=c1cc(-c2ccc([N+](=O)[O-])cc2)oc2ccc(Cl)cc12,-7.5,3.6047319984821664,9_847
Cc1noc(NS(=O)(=O)c2ccccc2-c2cccc(NC(=O)c3ccc(O)cc3)c2C)c1C,-8.5,3.51020959381254,9_848
O=C1OC[C@H](Cc2ccc3c(c2)OCCO3)C1c1csc2ccccc12,-6.6,3.563024399739217,9_849
O=[N+]([O-])/C=C/c1cn(Cc2ccc(CNCCc3ccc(Cl)cc3Cl)cc2)c2ccc(Br)cc12,-6.3,3.313420081162451,9_850
CN1CCN(CCCNC(=O)c2ccc3c(c2)sc2nc(-c4ccc(Cl)cc4Cl)cn23)CC1,-6.9,3.5873398740481255,9_851
COc1cc(OC)cc(N(C)c2cc(C)nc3ccccc23)c1,-6.2,3.6841008371709685,9_852
N=C1N=C(N)N[PH](=O)CCC[CH]CNCC1=NO,-6.4,0.5112669841767881,9_853
O=C(CSc1nc(-c2ccccc2)cc(=O)[nH]1)Nc1cccc(Br)c1,-7.1,3.6487667703877302,9_854
Cc1cc(O)cc(C)c1C(C)C(N)C(=O)NC(C(=O)N1CCCC1C(=O)NC(C(=O)NC(C(=O)O)C(C)C)[C@@H](C)O)[C@H](C)OP(=O)(O)O,-6.1,2.428177725872864,9_855
Fc1ccc(C2=Nn3cnnc3SC2c2cccc(Cl)c2)cc1,-7.4,3.680619358000161,9_856
Cc1cccc(CCNC(=O)c2cc([N+](=O)[O-])cn2C)c1,-6.1,3.66713239201111,9_857
Cn1c(=O)c2c(cc(/C=C/c3cccc(N)c3)n2C)n(C)c1=O,-6.2,3.6552726349131435,9_858
O=C(NNC(=O)C(C(=O)O)c1ccccc1)c1ccc(NC(=O)c2ccccc2C(=O)O)cc1O,-7.7,3.196881853343429,9_859
NC1CN(C(=O)c2cc(C3CC3)no2)CC1C12CC=CC=CC[C@H](C1)NC(=O)C=CS2,-7.7,1.1277971402083793,9_860
COc1ccc(CNC(=O)c2c(C)nc3ccn(Cc4ccc(OC)cc4)c(=O)n3c2=O)cc1,-7.1,3.5915528899083538,9_861
O=C(NCc1cccc(Cl)c1)c1cc2c([N+](=O)[O-])cccc2n(Cc2ccccc2)c1=O,-7.8,3.58341867512761,9_862
CN(CCc1cnc(N2CCNCC2)nc1Nc1ccc(C(C)(C)C)cc1)S(=O)(=O)c1ccncc1Cl,-8.2,3.5228865991229155,9_863
O=C(NNC(=O)C(Cc1ccccc1)NC(=O)c1ccc(-n2cccn2)cc1)Nc1ccccc1-c1nc2ccccc2s1,-7.7,3.0830263170663788,9_864
O=C1C(=O)N(CNc2ccccc2)c2ccccc21,-5.8,3.602133438609643,9_865
CC(C)Cc1nn(CC2CC2)cc1C(=O)Nc1cc(-c2ccccc2)nn1-c1ccc(F)cc1,-8.1,3.60381544932247,9_866
C1=CN2CCNC2C(=Nc2cc(N3CCCC3)ccccnc(NCCCN3CCOCC3)n2)C1,-6.8,0.9846792766246377,9_867
O=C(Nc1ccc(S(=O)(=O)N2CCOCC2)cc1)C1CCN(C(=O)c2ccc(Br)cc2)CC1,-6.9,3.6125703242770166,9_868
CSC=NC(=Nc1cccc([N+](=O)[O-])c1)c1cnn(CC(Cl)c2ccccc2)c1N,-7.1,3.2577651133402727,9_869
Cc1cc(-c2cccc(C(F)(F)F)c2)c(Nc2ccc(Cl)cc2)nn1,-7.1,3.7001112885704157,9_870
CCC1=CC(=NC(=O)N2C=CC=NC=CC(OCC(=O)N3CCN(C(=O)OC(C)(C)C)CC3)=CC=C2)C=C1Cl,-6.3,0.869096205753018,9_871
CCCCCC/C=C/[C@H]1C=C[C@@H](O)[C@@H](O)[C@@H]1O,-5.4,3.1867409901636026,9_872
COc1cccc2cc(-c3cccc(C(F)(F)F)c3)oc12,-6.9,3.5481458574511366,9_873
COc1cccc(C(=O)NCc2ccon2)c1Oc1ccc(F)cc1,-6.4,3.792381021447853,9_874
N#Cc1ccc(-n2nc(-c3ccc(C(=O)O)cc3)cc2-c2ccc(-c3ccccc3)cc2)cc1,-8.2,3.5021316406301706,9_875
C=C(C=CC=CC(=O)c1ccc(OC)cc1)C(=O)c1cccccc2ccn(C(=O)c3ccc4ccccc4c3)c2cc1,-6.8,0.7705125837047433,9_876
O=C1Nc2c(Br)cc(-c3ccccc3)cc2C2(CCCCC2)N1,-7.1,3.387117916910009,9_877
N#Cc1ccc(CN(CC2CCCCC2)C(CC(=O)O)c2ccc(Cl)cc2Cl)cc1,-5.5,3.641419449084972,9_878
c1ccc(-c2nc3c(cnn3C3CCCC3)[nH]2)nc1,-6.4,3.6826171858089856,9_879
CCN1CC[C@]23Cc4nc5ccccc5cc4C[C@@]2(O)[C@H]1Cc1ccc(O)cc13,-7.8,3.4404271140031555,9_880
O=C(C1CCS(=O)(=O)CC1)N1CCN(c2ncc(C(F)(F)F)cn2)C[C@H]1c1ccc(F)cc1,-7.3,3.4962434958668513,9_881
O=S(=O)(c1cccc2cccnc12)N(CCCN1CCN(c2ccccc2)CC1)c1ccccn1,-7.4,3.5824497059690135,9_882
C/C(=N\N1CCN(Cc2cccc(C)c2)CC1)c1ccc2c(c1)Nc1ccccc1S2,-6.7,3.5330346485203514,9_883
C[C@@H]1[C@H]2c3cc(Cl)ccc3OC[C@@H]2C[C@@H]1N(C(=O)c1ccc[nH]1)c1ccccc1,-7.0,3.5481614980154417,9_884
CC(C)C(=O)C(O)C[C@@H](C)[C@H]1CC[C@H]2[C@@H]3CC=C4C[C@@H](O)CC[C@]4(C)[C@H]3CC[C@]12C,-6.5,3.0052766976191987,9_885
CC(C)(C)OC(=O)N1CCC2(CC1)CC(NC(=O)c1cnc(-c3cccs3)nc1)C2,-5.2,3.643725218600194,9_886
ON=C(O)/C=C/c1ccc(CNCC23CC4CC(CC2C4)C3)cc1,-6.4,2.942634692737567,9_887
O=C(NCCN1C(=O)SC(=Cc2ccc(O)cc2)C1=O)Nc1ccc(F)cc1F,-6.9,3.5652996431310666,9_888
O=C(CSc1ccc(-c2nc3ccccc3[nH]2)cn1)NCc1ccccc1,-5.9,3.621668638429448,9_890
C=Cc1ccccc1[C@@H](COC(=O)c1c[nH]nc1C1CC1C)N=NC(=O)C1C=CCC1,-5.9,3.4304723350555504,9_891
O=C1CCCN1Cc1ccc2cc(=O)n(-c3cccc(F)c3)c(O)c2c1,-7.9,3.7830794606124707,9_892
COc1ccc2nc3ccccc3c(N3CC(C)NC(C)C3)c2c1,-6.7,3.6559503097637824,9_893
CN1CCN(C2=Nc3cc(Cl)ccc3Nc3ccccc3C2CO)CC1,-6.3,1.7386795396497265,9_894
O=C1CCCS2=C(N1)Nc1ccc(NS(=O)(=O)c3ccc(Cl)s3)cc12,-6.9,2.503138655555734,9_895
O=C(COC(=O)Cc1c(Cl)cccc1Cl)NCc1ccc2c(c1)OCO2,-6.6,3.7343235884989454,9_896
O=C1NC(=S)S/C1=C\c1c(-c2ccc(Cl)cc2)nc2sc(-c3ccc(CO)cc3)nn12,-8.0,3.4630128483348255,9_897
CC(=O)NC(Cc1ccc(OCc2cccc(C(=O)O)c2)cc1)C(=O)NC(Cc1cccc(F)c1)C(=O)N1CCCCCC1,-7.4,2.366786304971245,9_898
C=C[C@H]1CN2CC[C@H]1C[C@H]2[C@H](OC(=O)C(Cc1ccccc1)NC(=O)c1ccc(OC)cc1)c1cccc2ccccc12,-6.4,3.0787211001133534,9_899
O=C(C1C[C@@H]2CCCC[C@@H]2N1C(=O)C1C[C@H]1c1ccccc1)N1CCC2(CC1)OCCO2,-8.3,3.2719656006298363,9_900
O=C(Nc1ccccc1O[C@H]1CCCOC1)N[C@H]1CC[C@H](OC(=O)Nc2ccccc2)CC1,-7.5,3.5311555380245565,9_901
CC(C)CCCC(C)[C@H]1CC[CH]CC2C=CC3[C](CCC[C@@H]3OCCCCCN3C[C@H](O)[C@@H](O)[C@H](O)[C@@H](O)C3)C3C[C@@]23CC1,-6.0,0.3412395297652093,9_902
O=c1c2ccccc2n(Cc2ccccc2C(F)(F)F)c(=O)n1Cc1ccccc1F,-7.8,3.592855116696614,9_903
O=C(Nc1ccc(S(=O)(=O)NC(Cc2c[nH]c3ccccc23)C(=O)O)cc1)C1=CC(=O)c2c(O)ccc(O)c2C1=O,-7.4,2.9704710684361393,9_904
CN(CCn1cc(NC(=O)Cc2ccc3c(c2)OCO3)cn1)c1ccccc1,-6.7,3.7711080203214578,9_905
CC(Oc1ccc(Cl)cc1Cl)C(=O)Nc1sc2c(c1C#N)CCC2,-6.3,3.768116861407719,9_906
Cc1ccc(OC[C@H](O)CN2CCN(c3nc4ccccc4s3)CC2)cc1,-6.7,3.737674996559025,9_907
O=C1C=C(c2ccccc2F)C(=CC=CCOc2ccc3c(c2)CCC3)C(c2ccc(Cl)cc2)N1,-6.0,3.4425057260065137,9_908
CCOC(=O)C1=CCCCC1S(=O)(=O)Cc1ccc(Cl)cc1F,-5.7,3.6066809324438585,9_909
Cc1nn(-c2ccccc2)c(C)c1NC(=O)COC(=O)C1CCCC1C(=O)OC1CCCCC1,-6.6,3.5257759821646824,9_910
CC(=NC(=COc1ccccc1C=O)Cc1ccc(O)cc1)c1ccccc1O,-6.9,3.4929192714236477,9_911
O=S(=O)(O)Oc1cnccc1-c1ccccc1,-5.7,3.6074131340624502,9_913
CC[C](C)c1c(-c2ccccc2)[nH]c2c(C#N)cnn2c1=O,-6.2,3.7623560222580448,9_914
O=C(Nc1cccc(-c2cccc(-c3nc4ccccc4[nH]3)c2)c1)Nc1ccc(Cl)c(C(F)(F)F)c1,-9.0,3.1821620396634875,9_915
CN(CC(=O)Nc1ccc(F)c(Cl)c1)C1CCS(=O)(=O)C1,-6.3,3.6260912716833693,9_916
NCCCC(c1ccccc1)c1cccc(NS(=O)(=O)c2ccccc2Cl)c1,-6.7,3.657377498543416,9_917
O=C(c1ccccc1-c1ccccc1)N1CC2CN(Cc3ccccc3)CC2C1,-7.0,3.427355655655424,9_918
COc1ccc(CN(CC(=O)NCc2ccco2)C(=O)CCC(=O)Nc2nc(C)cs2)cc1,-6.7,3.5679588430727613,9_919
O=S(=O)(NCCN1CCCC1)c1cccc(-c2cccc(CN3CCC(O)CC3)c2)c1,-6.4,3.5981956262045545,9_920
CCOC(=O)CN1CCN(C(=O)c2ccc3c(c2)NC(=O)CS3)CC1C,-6.4,3.531836518363318,9_921
C=C(Cl)C(=NC=CC(=O)NC)N1CCC(N2Cc3cccc(C(N)=O)c3C2=O)CC1,-7.8,3.357033691281491,9_922
O=S(=O)(c1ccc(Cl)c(NC(=S)N/N=C/c2cccc(Cl)c2Cl)c1)N1CCOCC1,-6.7,3.475281118252054,9_923
CCCCN=CN,-3.2,1.475381911371139,9_924
O=C1c2nccnc2C(=O)N1c1ccc(F)cc1F,-6.0,3.515649061200151,9_925
CC(C)N1CCc2c(sc(NC(=O)c3ccc(C(=O)c4ccccc4)cc3)c2C(N)=O)C1,-7.7,3.6568964882261503,9_926
C[C]1OO[C@]23OC[C@@](O)(C[CH]C[CH][C@@H](C)C14[C@H](C)C(C(=O)NC(Cc1ccccc1)C(O)C(=O)NC1CC1)CC(=O)O[C@@H]42)[C@H]1C[C@H]13,-8.4,0.3086464985476489,9_927
O=C(Cn1c2ccccc2c2nc3n(c(=O)c21)CCS3)Nc1ccc(F)cc1,-7.5,3.652693278079174,9_928
CCCn1nnnc1COc1nn2c(C)nc(-c3ccccc3)nc2c1-c1ccccc1,-7.9,3.4389167187641974,9_929
CCc1nc2ccc(N=C(N)NC3CCCC3)cc2c(=O)n1Cc1cccc(Cl)c1,-7.4,3.635469880961404,9_930
CC1=CC=COCC(c2ccc3c(c2)CO[C@]3(CCCN(C)C)c2ccc(F)cc2[NH])=NN=C1,-7.5,1.4594866324009192,9_931
O=C(Nc1ccc(Nc2ccnc3[nH]c(=O)c4ccccc4c23)cc1)c1ccccc1F,-8.9,3.44007027336004,9_932
Cc1[nH]n(-c2nc3ccccc3[nH]2)c(=O)c1Cc1ccccc1,-6.9,3.6519942672247145,9_933
CCCCCn1c(=O)c(C(=O)Nc2ccc(C(=O)c3ccccc3)cc2)c(O)c2ccccc21,-6.1,3.4734925662430154,9_934
O=C(C1CCN(c2nncn2Cc2ccccc2)CC1)N1CCN(c2cccc(Cl)c2)CC1,-7.5,3.6336037468166995,9_935
Cc1ccccc1-n1nc(-c2nnc(-c3ccc(F)cc3)o2)c2ccccc2c1=O,-8.5,3.545653486192091,9_936
Cn1nccc1-c1ccc(C(=O)N[C@H](CO)c2ccc(F)c(Cl)c2)cc1,-7.0,3.7648030130587395,9_937
C=C(C)CN1CC(=O)N(Cc2c(C)ccc3c2oc2ccccc23)CC1=O,-6.8,3.6415206845083987,9_938
CCCn1oc2cc3c(cc2c1=O)c(-c1nc(-c2ccccc2)no1)nn3-c1ccc(Cl)cc1Cl,-8.2,3.378444442394633,9_939
CN(CCCNC(=O)c1ccc(CN=C2C=CCC=NCN=CN2)cc1)Cc1ccc(-c2nccs2)cc1,-6.9,1.33843718396402,9_940
Cn1c(Cc2nn(C)c(=O)c3ccccc23)nnc1SCC(=O)Nc1cccc2ccccc12,-8.3,3.46705077956719,9_941
O=C(CC(c1ccccc1)(c1ccccc1)c1ccccc1)N1CCC(c2cccc(O)c2)CC1,-7.2,3.394642790136795,9_942
Cc1ccc(NC(=O)c2cc(NC(=O)c3ccc4c(c3)OCO4)ccc2N2CCN(C)CC2)cc1,-6.9,3.6071936617194793,9_943
Cc1cc(S(N)(=O)=O)c(S(=O)(=O)NCC(=O)O)cc1C(C)C,-5.4,3.3735036107536267,9_945
O=C(CCl)Nc1ccc(S(=O)(=O)N2CCOCC2)cc1,-5.8,3.544936640430493,9_946
CCn1cncc1C(OC)(c1ccc(Cl)cc1)c1ccc2c(c1)c(-c1ccccc1C(C)C)c(C(=O)O)n2Cc1ccc(-c2ncccn2)cc1,-7.1,3.0093809524426245,9_947
Cc1nc2ccccc2n1C1CCN(CCCC(=O)c2ccc(F)cc2)CC1,-6.5,3.616882288697407,9_948
COc1ccc(-c2nsc(Nc3ncc(C(=O)N4CCN(c5cccc(C)c5C)CC4)s3)n2)cc1,-5.7,3.530940733668433,9_949
O=C(NC(Cc1ccc(N2CCN(c3ccccn3)CC2)cc1)C(=O)O)c1c(Cl)cccc1Cl,-7.0,3.685520818520142,9_950
C[C@@H](Cc1cc2[nH]c(NC(=O)c3cccc(-c4ccccc4F)c3)cn2n1)N(C)C,-7.0,3.678389973105437,9_951
CC(C)Oc1cc(N=C(N)c2ccccn2)ccc1-c1ccc(-c2ccc(C(=O)O)c(N)c2)[nH]1,-7.2,3.2219077478139537,9_952
O=C(NC1CCN(Cc2ccccc2)CC1)c1cn(-c2ccc(Cl)cc2)c2ccc(Cl)cc2c1=O,-7.9,3.6268725675090785,9_953
Nc1nc(-c2cccc(S(=O)(=O)c3ccc(CNC(=O)c4ccc(-c5ccncc5)cc4)cc3)c2)ns1,-7.3,3.2749474003694123,9_954
O=C(COC(=O)c1cc([N+](=O)[O-])ccc1N1CCOCC1)Nc1ccncc1,-6.7,3.417628893948039,9_955
COC(=O)C1C[C@@H](c2ccc(OC)cc2OC)N(Cc2ccccc2)C1c1ccccc1,-6.8,3.5929833868303263,9_956
CN(C)c1cc[n+](Cc2ccc(-c3nc4cc([N+](=O)[O-])ccc4[nH]3)cc2)cc1C(F)(F)F,-6.7,3.5138498575600736,9_957
Cc1ccc(C)c(C#Cc2nn(C(C)C)c3ncnc(N)c23)c1,-6.9,3.6765207894397705,9_958
COc1ccc(Nc2nnc(Nc3nc(-c4ccc([N+](=O)[O-])cc4)cs3)s2)cc1,-6.1,3.2974143848613946,9_959
O=C1C=CC(=O)N1c1ccccc1Cl,-4.7,3.303788433686305,9_960
N=C(N)N1CCC[C@H]1Cc1nc(-c2ccc(Nc3nc(-c4cccc(C(F)(F)F)c4)cs3)cc2)no1,-7.8,3.326028512433089,9_961
COc1ccc2nc(NC(=O)COc3ccc4c(c3)OCO4)sc2c1,-6.8,3.7473509212921856,9_962
Cc1ccc(-n2nc(C3CCN(C(=O)C(F)(F)F)CC3)cc2NC(=O)c2cnn3cccnc23)cc1,-8.2,3.6104666413180593,9_963
CCCN1Cc2cc(-c3nnc(-c4cccc(C(=O)N5CCN(c6ccc(F)cc6)CC5)c4)o3)ccc2-c2ncncc21,-8.0,3.2175954378933693,9_964
Cc1cccc(-c2nnc(C(C)Nc3nccc(N4C(=O)OCC4[C@@H](C)O)n3)o2)c1,-8.0,3.5476777924540746,9_965
CN1C(=O)[C@]2(N=C1N)c1cc(-c3cccnc3F)ccc1Oc1cnc(-c3ccccc3)cc12,-8.1,3.5000949806361468,9_966
CCOC(=O)c1cnc2ccc(-c3cc(Cl)c(O)c(Cl)c3)nc2c1N[C@H]1CC[C@H](CN(C)C)CC1,-6.6,3.51216788394958,9_967
CCCCCn1ncc2c(N)c(C(=O)NCCCC)cnc2c1=O,-5.3,3.601904617805606,9_968
FC(F)(F)c1cccc(-c2ccccc2C2CCNCC2)c1,-6.5,3.493083138020475,9_969
CCCSc1nc(NCc2ccc(OC)cc2)c2ncn([C@@H]3O[C@H](CO)[C@@H](O)[C@H]3O)c2n1,-6.9,3.1253364711481355,9_970
COc1ccc(S(=O)(=O)Nc2ccc(-n3cnnn3)cc2)cc1S(=O)(=O)N(C)C,-6.8,3.4316995368256493,9_971
C/C=C/OC(=O)CCc1ccc(NC(=O)Nc2ccc3c(c2)C(C)(C)C(=O)N3CCOC)c(F)c1,-7.0,3.507442126208324,9_972
COCC1C=C(C)C(C(=O)COC(=O)c2cccs2)C=C(C)N1,-5.8,2.6196419043880526,9_973
O=C(NCCc1ccccc1C(F)(F)F)c1cc(S(=O)(=O)N2CCCCC2)ccc1O,-7.1,3.708620605037134,9_974
CC(=O)NC1CCCN(c2nc3ccccc3[nH]2)C1,-5.8,3.5891903449969442,9_975
CSC1CCN(c2nc(-c3ccccc3)c3cc(C)ccc3n2)CCO1,-7.2,2.723606385295339,9_976
Fc1cc(F)c2nc(N3CCN(C(=S)N4CCN(c5ccccn5)CC4)CC3)sc2c1,-6.9,3.505710422458662,9_977
COC=C1C=NC(Cl)=NC(=Nc2cccc(O)c2)CC=C1OC,-6.9,1.4176483069318095,9_978
CS(=O)(=O)Nc1ccccc1C1=Nc2ccccc2SC(c2ccc3ccccc3c2)C1,-9.0,2.6451183855074065,9_979
CC(Cc1c[nH]c2ccccc12)NS(=O)(=O)c1cc(F)ccc1Br,-6.7,3.6762844721338404,9_980
O=c1cc2c3ccccc3n(Cc3nc(-c4ccc(Cl)cc4)no3)cc-2o1,-7.0,3.6044787076070595,9_981
COc1ccccc1NC(=O)Nc1ccc(-c2cccc3c2CNC3=O)cc1,-7.4,3.627421147257656,9_982
Cc1ccc(N2CC(C(=O)Nc3nc(-c4ccccn4)cs3)CC2=O)cc1,-7.0,3.7827917351942713,9_983
NCCCOc1ccc(-c2nc(-c3ccc(Oc4ccccc4)cc3)c3c(N)ncnn23)cc1,-7.2,3.3656326187891303,9_984
O=C(c1cc(-c2ccncc2)nc2ccccc12)N1CCN(c2ccccn2)CC1,-7.8,3.6580745881127146,9_986
Cc1ccc(Oc2ccc3nc(COc4cccc(C(=O)O)c4)n(C)c3n2)cc1F,-7.9,3.700484770451392,9_987
C=C1CC[C@@H]2[C@](C)(CO)[C@H](O)CC[C@@]2(C)[C@@H]1C/C=C1/C(=O)OC[C@H]1OC(=O)c1ccccc1,-7.0,3.2042118689530525,9_988
CN(C(=O)Cc1ccc(C(=O)O)cc1)[C@@H]1c2ccccc2CC1NC(=O)C[C@H]1CCCCN1Cc1ccccc1,-6.8,3.4570522113894877,9_989
Cc1ccn(CCNc2cnc(-c3ccccc3[N+](=O)[O-])s2)n1,-6.1,3.615822240970664,9_990
CC[C@H](CCNC(=O)CC(C)(C)C)n1nc(-c2ccc(Oc3ccc(Cl)cc3)cc2)c2c(N3CCC(N(C)C)CC3)ccnc21,-6.0,3.2481884367319926,9_991
C/C=N/OC[C@@H]1CCCN1C(=O)c1ccc(C#Cc2ccccc2)cc1,-6.1,3.491768463319012,9_992
N=C1NC(=O)/C(=C/c2cn(Cc3ccccc3)c3ccccc23)S1,-7.0,3.6771874816236174,9_993
COCCC1CCC2CCN(c3ccc(C(=O)NCCc4ccc(Cl)cc4Cl)s3)CC2N1,-5.9,3.5452924646813324,9_994
COC1=C(OC)C(=NN=CC=CC=CC2NCCCC(=O)OCc3ccc(F)cc32)C2(C=COC2)C1,-6.9,0.9554578602453594,9_995
O=C(Nc1ccon1)Nc1ccccc1F,-6.6,3.5447266666588746,9_996
O=C(Nc1ccccc1N1CCCCC1)c1ncccc1NCc1ccncc1,-6.8,3.7323810221297133,9_997
CN(CCCCc1ccccc1)C1CCN(C(=O)Cn2cc(NC(=O)c3cnn4cccnc34)c(-c3cc(Cl)ccc3OC(F)F)n2)CC1,-7.2,3.006578282871315,9_998
Cc1ccc(CCN=C2CC(=O)CC(C)C2)cc1,-6.1,3.4028298686462644,9_999
Cc1ccc(Cc2ccc(F)cc2)cc1NC(=O)C(C)(O)C(F)(F)F,-6.9,3.6526651023578673,9_1000
Cc1cnc(C)c(N2CCN(C(c3ccc(Br)cc3)c3nnnn3Cc3c(C)cccc3C)CC2)n1,-7.3,3.5316820788274934,9_1001
Cc1ccc(NC2CC(c3cc(C(C)C)nn3C)=NO2)cc1,-6.6,3.764917679792802,9_1002
COc1cc2nc(N3CCOCC3)nc(NCCCCCN3CCCC3)c2cc1OC,-6.3,3.4284289913696537,9_1003
Cc1cccc(C)c1-n1nnnc1C1(C)CCC(=O)N1CCc1ccc(C#N)cc1,-6.7,3.7196931971907725,9_1004
Cc1nn(-c2ccccc2)cc1C1(C)[CH]CC2[C@](C)[C@](O)(C(=O)N3CCN(C(=O)c4ccc(C(=O)c5ccccc5)cc4)CC3)C[C@@H]3C[C@@]23CC[C@](C)C1,-6.8,0.7662341398998134,9_1005
COC1=CC=CC2=NN(c3nc(-c4ccc([N+](=O)[O-])o4)cs3)C(c3ccc4c(c3)OCO4)C2C=C1OC,-6.8,1.2898753771460383,9_1006
O=C(Nc1cccc(OCCn2cccn2)c1)c1cc(F)ccc1Cl,-6.5,3.78551505955926,9_1007
CON=C(C(=O)NC1C(=O)N2C(C(=O)O)=C(COC(C)=O)CS[C@H]12)c1csc(N)n1,-6.3,2.702854917366488,9_1008
COc1ccc(S(=O)(=O)n2nc(Oc3ccc4c(c3)OCO4)cc2N)cc1,-7.1,3.582707067698048,9_1009
O=CC(C=NN=Nc1ccccc1)n1cccn1,-5.9,3.3615325050001497,9_1010
Cc1cc(Nc2cccc(Cl)c2)n2nc(C(F)(F)F)nc2n1,-7.2,3.690090920663377,9_1011
Cc1csc(NNC(=O)NC2CCCCC2)n1,-5.5,3.3858500521505284,9_1012
CCOC(=O)CC1=CSC(=N/N=C2\CC(c3ccccc3)NC(c3ccc(OC)cc3)C2)NN1,-7.1,3.35301922032245,9_1013
CCOC(=O)C1C(c2cccc([N+](=O)[O-])c2)CC2CCC1N2C,-6.0,3.3476725154774374,9_1014
Cc1noc(C)c1S(=O)(=O)N=C1C(=O)c2ccccc2C(=O)C1N1CCC(CNc2ccccc2)CC1,-8.7,3.5181837439419343,9_1015
ClC=CCC=Cc1cc2ccc(NCc3cccnc3)nc2[nH]1,-5.9,3.7018965706426172,9_1016
CCOc1ccc([C@@H]2c3[nH]c4ccccc4c3Cc3c(O)n(CC)c(=O)n32)cc1,-7.9,3.6913578656925896,9_1017
O=C(O)c1ccc(-c2cnc(C(=O)C3CCc4cc(-c5ccccc5)ccc4C3)o2)cc1,-7.9,3.5909419919555403,9_1018
COc1ccc(NC(=O)c2cnccn2)c(OC)c1,-5.8,3.701897296729939,9_1019
Cn1c(-c2ccc(-c3ccc(C(=O)O)cc3)cc2)cc2occ(-c3ccccc3)c2c1=O,-7.5,3.465443781322536,9_1020
C/C(=N/NS(=O)(=O)c1cc([N+](=O)[O-])ccc1C)c1cc2ccccc2oc1=O,-7.2,3.3608437494475885,9_1021
CC1=C(Oc2ccnc(-c3cc(C(F)(F)F)ccc3F)c2C)C=CC1C(=O)Nc1nc(C)c[nH]1,-8.2,3.6182780428786425,9_1022
O=C(CN1C(=O)CSc2ccc(S(=O)(=O)N3CCOCC3)cc21)Nc1ccc2c(c1)OCO2,-7.8,3.3794185131192718,9_1023
Cc1ccc(NC(=O)NC(=O)C(=S)Cc2ccc(N3CCN(c4ccc([N+](=O)[O-])cc4)CC3)cc2)cc1,-6.7,3.421059501072679,9_1024
O=C(c1c(F)ccnc1C(F)(F)F)c1cn(Cc2ccc(F)cc2)c2ccc(F)cc12,-7.5,3.4469700182513483,9_1025
O=C(CCN1CCN(c2ccccc2)CC1)Nc1ccc(Cl)cc1C(=O)c1ccccc1,-7.2,3.663035467424444,9_1026
O=C(Nc1ccc(N2CCN(C(=O)c3ccco3)CC2)cc1)Nc1ccc(C(F)(F)F)cc1,-6.5,3.7115417458186633,9_1027
CCC(C)(O)c1cn(-c2ccc(-c3ccc(F)c(C(F)(F)F)c3)cc2)nc1N1CCN(C)CC1,-8.0,3.670461943842108,9_1028
C=CCN1C(=O)C(=O)c2cc(S(=O)(=O)N3CCC[C@H]3COC)ccc21,-5.7,3.445509109407633,9_1029
CC(=O)Nc1c(-c2ccccc2)nc2ncccn12,-6.3,3.673868161297328,9_1030
O=C(Nc1ccccc1)c1cc2c(Cl)nc3ccccc3c2s1,-7.2,3.5881354381321064,9_1031
CNC(=O)C=CC=CCCNC(=O)NCCc1scnc1C,-5.2,2.221408017369747,9_1032
O=C(Nc1ccc(-c2n[nH]c(=O)c3ccccc23)cc1)N1Cc2ccccc2C1,-7.8,3.6122098759167742,9_1033
O=C(O)c1ccc(Oc2ccc3c(C(F)(F)F)cc(=O)[nH]c3c2)cc1,-7.4,3.7226323122924474,9_1034
O=C(Nc1ccc(Br)cc1)c1cccnc1Oc1cccc(C(F)(F)F)c1,-7.1,3.684260164309043,9_1035
N=C1CC(c2cccc(NC(=O)c3ccc(Nc4c5ccccc5nc5ccccc45)cc3)c2)=NC=CC1C(=O)NC1C=C(C(=O)O)N(CCCN2CCOCC2)C(=O)C1,-1.9,1.3316368969290737,9_1036
O=C(NCc1ccccn1)c1cc(C2=CC=CCC2)nc2ccccc12,-7.8,3.7176031163019405,9_1037
O=CCCc1ccc2[nH]c(-c3cccc(NC(=S)Nc4ccc5oc(=O)ccc5c4)c3)nc2c1F,-7.2,3.227395139399942,9_1038
O=C(Nc1ccc(OC(F)(F)Cl)cc1)N(Cc1ccc(C2CCCCC2)cc1)c1cccc2cnccc12,-8.3,3.3696046870623784,9_1039
O=C(Cc1ccc2c(c1)OCCO2)N1CCC(Oc2cnccn2)CC1,-6.9,3.6324616453331067,9_1040
CC1(C)CC[C@]2(C(=O)O)[C@H](O)C[C@]3(C)C(=CC[C@@H]4[C@@]5(C)CC[C@H](OC(=O)c6ccccc6C(=O)O)C(C)(C)[C@@H]5CC[C@]43C)[C@@H]2C1,-6.8,2.7543869653514874,9_1041
COc1ccccc1C1=CC=C(c2cccc(NS(=O)(=O)c3cc(C(=O)O)ccc3C)c2C)C1,-7.4,3.6303269532028217,9_1042
CCCOc1cccc2cc(-c3nc(-c4ccccc4)c(C(C)=O)o3)oc12,-6.3,3.5514406884579897,9_1043
CC(=O)O[C@@H]1[C@]2(O)C[C](C[C@H](CC=C(C)C)[C@]3(CCC=C(C)C)C[C@]13O)C(=O)C1=C(C[C@H]2C)OC(C)(C)C=C1,-6.3,1.0779236872947902,9_1044
CCc1ncnc(-c2ccc(C(=O)NC3CC(N4CCN(C)CC4)C3)c(F)c2)c1C#Cc1ccc(N)nc1,-7.0,3.477331516774619,9_1045
CC1=C(c2ccc(Cl)cc2)N(c2ccc(Cl)cc2Cl)C1C(=O)N1CCC(C#N)(c2ccccc2F)CC1=N,-8.2,3.5078593558239612,9_1046
O=C(NCc1ccc(F)cc1)c1c(N2CCCC2)cc(-c2cccc(Cl)c2)oc1=O,-7.6,3.7704950429712367,9_1047
Cn1c(Br)c(/C=N/NC(=O)c2cccnc2)c2cc(Cl)ccc21,-6.1,3.6721314404351,9_1048
CCCC(CC)C(=O)N1C[C@H]2C1[CH]C[C@@H]2NC(=O)c1ccccc1,-6.2,3.4951963375953725,9_1049
O=C(c1cccc(C(F)(F)F)c1Cl)N1CCOc2c(N3CCNCC3)cccc21,-6.6,3.6485236988452554,9_1050
NC(=O)C[S+]([O-])Cc1ccccc1-c1ccc(-c2ccccc2)cc1,-7.5,3.643367993471314,9_1051
CC=C1C[C@H]2[C@@H](CC[C@@H]3C[C@@H](n4cccn4)CC[C@@]32C)[C@@H]1CC[C](C)O,-6.5,3.2398709010145748,9_1052
O=S1(=O)c2cccc3cccc(c23)C1NCCOc1ccccc1,-6.4,3.728237736396058,9_1053
CC(C)=CCc1c(O)c2c(ccc3ccccc32)oc1=O,-7.1,3.4806932844787024,9_1054
O=C(Nc1ccc(Cl)cc1)c1csc(C2COc3ccccc3O2)n1,-6.6,3.7606131279269137,9_1055
CN(C)S(=O)(=O)c1ccc(C(=O)N2CCN(C(=O)c3cc([N+](=O)[O-])cc([N+](=O)[O-])c3)CC2)cc1,-7.8,3.317912442551785,9_1056
O=C(CCN1CCC(O)(c2ccc3ccccc3c2)CC1)c1ccccc1O[C@H]1O[C@H](CO)[C@@H](O)[C@H](O)[C@H]1O,-7.3,3.0163224113821725,9_1057
COC=C1C=CC(OCC(=O)NC(Cc2ccccc2)C(O)C(=O)N2CSC(C)(C)C2C(=O)NCc2cccc(Cl)c2F)=C1,-6.8,3.1645295576457286,9_1058
CCCc1c(C(=O)NCc2ccccc2F)[nH]c2ccc(Cl)cc12,-6.5,3.578589584459625,9_1059
COc1ccc(-c2ccc([S+]([O-])c3ccc(Oc4ccccc4)cc3)[nH]2)cc1,-7.7,3.5805306560018515,9_1060
Cc1c(C2(C)CCC=NC=N2)ccc2[nH]c(C(=O)N3CCN(C4COC4)CC3)cc12,-8.5,2.580465438474571,9_1061
O=C1N=C(Nc2ccc(F)cc2)S/C1=C\c1ccnc2ccccc12,-7.8,3.727252423449829,9_1062
CCC1(c2ccccc2)NC(=O)N(CC(=O)NCc2ccccc2F)C1=O,-6.6,3.642927769062455,9_1063
Fc1ccc(C(Cc2ccccc2)c2ccc(N3CCCCCC3)nn2)cc1,-7.4,2.62984041395203,9_1064
O=C(Oc1ccc(C(=S)N2CCOCC2)cc1)c1ccc(-c2ccccc2)cc1,-7.1,3.5101900065062384,9_1065
CCNC(=S)NN=Cc1ccc(OC)cc1O,-4.8,3.2961535933832584,9_1066
CCN(CC)c1ccc(NC(=O)c2cccc(C(C)Nc3cc(-c4ccc5ccn(C)c5c4)nc(C)n3)c2)cc1,-7.2,3.297457399061273,9_1067
O=C(CCc1ccsc1)Nc1ncc(Cl)cc1Nc1cncnc1,-6.1,3.7240870766191163,9_1068
NCCNc1nc(-c2ccncc2)nc2sc3c(c12)CCC(CO)C3,-6.8,3.6112885446034775,9_1069
CCOC(=O)C1(c2ccc(F)cc2)CCN(C(=O)CN(C)C2CCCCC2)CC1,-6.3,3.4579919561979393,9_1070
Cc1ccc(N2CCN(C(=S)Nc3ccccc3)CC2)cc1,-6.8,3.5585375456365327,9_1071
CNC(=O)c1cccc(S(=O)(=O)n2ccc3c(-c4cccc([N+](=O)[O-])c4)ccnc32)c1,-8.6,3.5187484780355063,9_1072
O=C(Cc1ccc(Br)cc1)N=Cc1c(O)[nH]c2ccc(Br)cc12,-6.8,3.5935794969480623,9_1073
CC(=CC1=CC=CC(C)C=CO1)N(Cc1c(F)cccc1F)C(=O)N(C)C[C@@H](C)NCc1ccccc1F,-6.8,1.689351342290653,9_1074
O=C(COC(=O)c1ccc(F)cc1)NC1CCCC1,-5.8,3.567681411719821,9_1075
Cc1cc(CN2CCC(n3c(=O)[nH]c4ccccc43)CC2)ccc1-c1ccccc1,-7.9,3.6251842989034406,9_1076
CCN1CCC[C@@H]1CNC(=O)c1c(O)c(Br)cc(Br)c1OC,-5.5,3.6539169055983907,9_1077
CC1=CCNCCCCC(=N)ON1,-5.0,0.794043637450863,9_1078
CSc1nc2ccc(C(=O)Nc3cccc(F)c3)cc2nc1-c1ccccn1,-7.3,3.6838033715458534,9_1079
CC(C)(C)C=C1ON=C1NC(=O)Nc1ccc(Oc2ccnc(-c3cc(C(=O)N4CCC(O)CC4)ccn3)c2)cc1,-7.9,3.318840106694452,9_1080
O=C(NCc1ccc(CNS(=O)(=O)c2ccccc2)cc1)c1ccc2ncccc2c1,-7.3,3.644122627366426,9_1081
NC1(c2ccc(-c3nc4c(Br)cccn4c3-c3ccccc3)cc2)CCC1,-7.5,3.581043178700794,9_1082
Cc1noc(NS(=O)(=O)c2ccc(NC(=O)Nc3ccc(Cl)c(C(F)(F)F)c3)cc2)c1C,-7.2,3.5298770624503986,9_1083
C(=Cc1ccccc1)CCN1CCc2c([nH]c3ccccc23)C1,-7.4,3.462620754376345,9_1084
CC1CCN(CC(=O)Nc2ccc3c(c2)CCC3)CC1,-6.1,3.394710534663363,9_1085
COc1ccc(-c2c(C)oc3c(N4CCN(C)CC4)cccc23)cc1,-6.4,3.6730061558208176,9_1086
NC(CO)(CO)CCc1ccc(-c2ccc(OCc3ccccc3)cc2)cc1,-5.7,3.5759806031693167,9_1087
O=c1ccc2cccc(Oc3ccccc3Cl)c2o1,-6.2,3.5677525904688077,9_1088
O=c1cc(-c2ccc(OCC3CC3)cc2)ccn1-c1ccc2c(c1)CCNCC2,-6.9,2.6680930450677103,9_1089
COC1=CC=C(Oc2ccc(/C=C3\SC(=O)N(c4ccc(Oc5ccccc5C(F)(F)F)cc4)C3=O)cc2C)C1,-6.0,3.3105967373347953,9_1090
Fc1ccc2[nH]c(C3CCCN(c4nnnc5[nH]c6cnccc6c45)CC3)nc2c1,-9.0,2.556462196577489,9_1091
Cc1ccccc1-c1nc(CN2CCC(C(=O)NCCCN3Cc4ccccc4C3)CC2)c(C)o1,-6.9,3.524977817202294,9_1092
O=C(NCCN1CCOCC1)c1cc(-c2cccc(Cl)c2)on1,-6.3,3.77219672423229,9_1093
COCCN(Cc1cccs1)C(=O)Cn1nc(-c2ccccc2Cl)ccc1=O,-5.9,3.6863102580223828,9_1094
O=C(Nc1ccc(CCC(=O)N2C[C@@H](O)[C@H](O)C2)cc1)c1ccoc1-c1ccco1,-7.2,3.6094709095511606,9_1095
O=C(CCc1ccc(-c2ccccc2Cl)cc1)Nc1ccc(CCC(=O)N2C[C@H](O)[C@@H](O)C2)cc1,-6.8,3.5836755324202243,9_1096
CCCN[C@@H]1CCc2c(OC)cccc2[C@@H]1C,-5.5,3.404346767501342,9_1097
CCCc1c(O)cccc1OC(=O)c1ccccc1CC,-6.0,3.590622393087007,9_1098
COOP(=O)(CCC1=Cc2cnc(Nc3ccc(N4CCN(C)CC4)cc3)nc2N(C)C1)OC,-6.2,3.246001255317114,9_1099
Fc1ccccc1Oc1ccc2ccccc2n1,-6.3,3.4937270829081006,9_1100
CCCn1ncc(C(=O)NC2CNc3ccc([N+](=O)[O-])cc3C2=O)c1C,-6.3,3.5138839865684517,9_1101
CC(=NCCc1cccnc1)c1c(N)n2c(S(=O)(=O)C(C)C)nsc2nc1=O,-6.2,3.4264952309587295,9_1102
CCOc1ccc(NC(=O)Nc2ccccc2SC)cc1C,-6.0,3.660508452042775,9_1103
Cc1ccc2c(c1)nc1n2C(=O)C(c2ccccc2)C1=N,-7.3,3.6734328198183133,9_1104
Cc1cc2ccccc2n1CCNC(=O)Cc1cccc2ccccc12,-6.9,3.549933271546693,9_1105
COc1ccc(/C=C\c2cc(OC)c(OC)c(OC)c2)cc1NC(=O)Oc1cccc(-c2cn3ccsc3n2)c1,-7.3,3.219701357432199,9_1106
O=C(Nc1cccs1)c1ccc(N2CCCC2=O)cc1,-6.1,3.7368849718607295,9_1107
COCP(=O)(C(C=O)=CC1=CC=COCC1)c1ccc(C)cc1,-5.6,2.513253380940271,9_1108
COC1=CC=C(c2nc(COc3ccc(OCC(=O)O)c(C)c3)sc2-c2ccc(OC)cc2C)C1,-6.3,3.5724999474675476,9_1109
COc1ccc(S(=O)(=O)N2CCOCC2)cc1C(=O)N1CCC(N2CCCCC2)CC1,-7.2,3.363942445398993,9_1110
c1ccc(Cc2ccc(Nc3ccc(OCCN4CCCC4)cc3)nc2)nc1,-6.4,3.714121451073617,9_1111
O=C(Nc1ccc(Br)cc1F)C1CC=C[C@@H]2CCN(Cc3ccccc3)C(=O)C12,-7.7,3.559047124943439,9_1112
Nc1nc(C(=NOCCF)C(=O)NC2C(=O)N3C(C(=O)O)=C(Sc4nc5ccccc5o4)CC[C@H]23)cs1,-7.3,2.8219528154094924,9_1113
Cc1ccc(S(=O)(=O)Oc2cc3ccc(=O)oc3cc2OCC(O)=NO)cc1,-7.0,3.1409502494846526,9_1114
COC(=O)c1ccc(-c2nn(-c3ccccc3)cc2Cc2c[nH]cn2)cc1,-7.3,3.660107270626742,9_1115
CC1=N[C@@]2(CC[C@@H]3CN(CC(N)=O)C[C@@H]32)C(=O)N1Cc1ccccc1,-6.4,3.4802533087968204,9_1116
Cc1cc(COc2ccc(C(=O)NC(c3cccs3)c3nnnn3CCc3ccccc3)cc2)c2ccccc2n1,-8.0,3.293276872532227,9_1117
CC=C(C(=O)NCc1ccccc1)N(C)c1cccc(OCc2cccnc2)c1,-6.1,3.6735041148173684,9_1118
CC1=C(C)C2OC=CC=CC(C)(N(Cc3ccccn3)C(=O)Nc3ccc(Oc4ccccc4F)cc3)C2C=C1,-7.3,1.6031413701702397,9_1119
O=C(Oc1ccccc1F)c1cc([N+](=O)[O-])ccc1-c1nc2ccccc2nc1Cl,-8.1,3.3476637825206135,9_1120
O=C1CCC=NN1[C@H]1O[C@H](CO)[C@@H](O)[C@@H]1O,-5.7,2.9602517339391667,9_1121
CCc1ccc(NS(=O)(=O)c2ccc3c(c2)CCN(C(=O)c2ccc(C)cc2)CC3)cc1,-7.4,2.7576717912422044,9_1122
CCN(CCN(C=O)c1ccccc1NCCc1ccccc1)c1ncc(C(O)(C(F)(F)F)C(F)(F)F)s1,-6.7,3.3438714895313253,9_1123
CC1C(c2cc(C(F)(F)F)[nH]n2)CCCN1Cc1cn(C)[nH]1,-6.2,3.610703915137411,9_1124
CS(=O)(=O)C=C1C=CC(=Nc2c(C(N)=O)cnc3ccc(-c4cc(Cl)c5c(c4)OCO5)cc23)C1,-7.9,3.5619180600488187,9_1125
COc1cc(C23c4ccccc4C(=O)N2CCN3C(=O)c2ccc(F)cc2)cc(OC)c1OC,-7.6,3.6323367928698227,9_1126
CC[C@H](NC(=O)c1cccc(COc2cccc3c2nc2ccccn23)n1)c1ccccc1,-7.4,3.545225755112233,9_1127
O=c1[nH]cnc2c1ccn2[C@@H]1C(F)=C[C@@H](O)[C@H]1O,-6.4,3.395714154853223,9_1128
Fc1ccccc1-c1cc(-c2c[nH]c3ccc(Br)cc23)nc2ccc(Cl)cc12,-9.0,3.270313675674995,9_1129
CCCNC(=O)c1cc2cc(C)ccc2nc1C,-5.8,3.6110606580151927,9_1130
Cc1c(C#N)c(-c2ccc(C#N)cc2)c(C)n1-c1ccc(=O)[nH]c1O,-6.1,3.726335517350506,9_1131
O=C(Nc1ccc(-c2ccc(-c3nc4cc(Cl)ccc4[nH]3)cc2)cc1)Nc1cccnc1,-6.9,3.421178005508386,9_1132
CN1CCN(c2c3c4ccccc4nc-3n(C)c3ccccc23)CC1,-7.1,3.4188386738892085,9_1133
O=C(O)C=c1c(=O)c2c(cn1C1CC1)C(N1CCN(c3nnc(-c4ccc([N+](=O)[O-])cc4)o3)CC1)=C(F)C=2,-7.5,3.090193037093853,9_1134
C[C@H](NC(=O)Cn1cccn1)c1ccc(OC2CCN(c3ccnc(OCC(F)F)c3)C2)cc1,-6.5,3.621506281184571,9_1135
FC(F)(F)c1cccc2c1OCCC2N1CCNCC1,-6.3,3.4369307677067127,9_1136
COC(=O)c1cnc(Cl)nc1C(F)(F)F,-5.0,3.2443795054779203,9_1137
CN(C)C1CCN(c2ncc3ncnc(Nc4cc(C(=O)Nc5cccc(C(F)(F)F)c5)ccc4Br)c3n2)CC1,-6.3,3.3924034241876386,9_1138
O=C(O)c1ccnc(-n2nccc2OCc2ccc(Cl)c(C(F)(F)F)c2)c1,-7.6,3.743312277060297,9_1139
COCCCNC(=O)C(NCCN([O-])c1ccc(-c2cccc(OC)c2)c(F)c1[N+]=O)c1ccccc1,-5.9,3.3219041512844485,9_1140
O=C(Cc1ccc(F)cc1Cl)Nc1ccc2sc(C(O)=NO)cc2c1,-6.9,3.3858741157690555,9_1141
C[C@]12CC[C@@H]3c4ccc(O)cc4CC[C@H]3[C@@H]1CC[C@@]2(O)Cc1cccc(O)c1,-7.4,3.3019237214515424,9_1142
O=C(Cn1c2ccccc2c2nc3ccccc3nc21)N1N=C(c2ccc3ccccc3c2)CC1c1ccccc1F,-9.3,3.310956201625772,9_1143
CO[C@H]1O[C@@H](n2ccc(=O)[nH]c2=O)C[C@@H]1NF,-5.6,3.2618589009225136,9_1144
CCOC(=O)N[C@@H]1CC[C@@H]2[C@H](CC3C(=O)O[C@H](C)[C@H]3[C@H]2/C=C/c2ccc(-c3cccc(Cl)c3)cn2)C1,-7.4,3.3559010844411015,9_1145
CCOc1ccc(-n2c(N)cc(=O)nc2SCCC(=O)NCCNC)cc1,-5.6,3.252080064204572,9_1146
C=C(C(=NN=CNNCN)c1ccccc1C(F)(F)F)c1ccccc1-c1ccccc1,-6.2,3.205595226354693,9_1148
Cc1nc(CN2C[C@@H]3CN(C(=O)c4ccsc4)C[C@@H]3C[C@H]2C)cs1,-6.0,3.6035841469912873,9_1149
COc1ccc(S(=O)(=O)n2nc(OC(=O)c3cc(F)ccc3OC)cc2-c2ccccc2O)cc1,-8.1,3.447395833978364,9_1150
O=C(c1cccc(-c2nc3ccccc3n2Cc2cc3ccccc3[nH]c2=O)c1)N1CCC(O)CC1,-8.7,3.520847875310624,9_1151
CC(=O)NC(CCC(=O)O)C(=O)NC(CO)C(=O)NC(CCC(=O)O)C(=O)NC(CCCCN)C(N)=O,-5.3,0.9293347481353447,9_1152
O=C(Nc1ccccc1)N1CCc2sccc2[C@H]1c1ccccc1,-6.8,3.6067311719086614,9_1153
Cn1cc(Br)c(C(=O)NCCNc2cccs2)n1,-5.3,2.4743309058003087,9_1154
CN(C)CCCOc1ccc(-c2ccc3ncc4c(c3c2)n([C@@H]2CCCOC2)c(=O)n4C)cn1,-6.7,3.498968174431707,9_1155
O=C(CSc1ccccc1)Nc1cc(Cl)ccc1Oc1ccc(Cl)cc1,-6.9,3.610728027453364,9_1156
CCc1ncnc(-c2ccc(C(=O)NC3CC(C)(C)NC(C)(C)C3)c(F)c2)c1C#Cc1ccc(N)nc1,-7.4,3.5212695570777974,9_1157
Nc1nc2ccc(C(=O)Nc3ccccc3Cl)cc2s1,-6.8,3.7142855409474507,9_1158
CC(=O)NC(Cc1c[nH]cn1)C(=O)NC(Cc1ccccc1)C(=O)NC(CCC(N)=O)C(=O)NC(CCC(=O)O)C(=O)NC(C(=O)O)[C@@H](C)O,-6.1,2.5926031175608415,9_1159
CCCNCc1nc(-c2ccc(C(=O)N3CCOCC3)cc2)c(-c2ccccc2)n1C,-6.3,3.6892142161312904,9_1160
O=CC1C=C(c2ccc(-c3ccccc3)cc2)c2nc3ccccc3cc21,-7.2,3.3580695962407603,9_1161
Fc1ccc(Oc2ccc3c(c2)CCN(C2CCCC2)CC3)cc1,-7.1,2.463353507057315,9_1162
O=C(CC=Nc1ccc(OC(F)(F)F)cc1)NC1CCCC1,-5.7,3.6127311249876426,9_1163
C[C]1C=C2NC(=O)C(OC(C)C)C(OC(=O)C(C)(C)CNC2=O)c2c(C)cccc21,-6.5,1.1281043360068685,9_1164
Fc1ccc(NC(=S)Nc2ccc(-c3ccco3)nc2)cc1,-6.1,3.6571677143783248,9_1165
CC1Cc2ccccc2N1C(=O)Cn1c2ccccc2c(=O)c2ccccc21,-7.7,3.50796625919745,9_1166
COC(C(=O)c1ccccc1OC)=C(C(C)=O)[N+](=O)[O-],-5.1,3.1431144308597387,9_1167
Cn1cc([N+](CCO)CCCO)c2c3ccccc3ncc21,-5.3,3.6560194391735696,9_1168
O=C(CC1CCNCC1)N=CC=C1C=CCC(=NC2CCN(CCc3ccc(NC(=O)c4cccc(-c5ccccc5Cl)c4)cc3)C2)C=C=CC1,-6.4,0.7837275420165959,9_1169
Cc1cc2[nH]nc(CC(=O)Nc3ccccc3C(=O)N3CCOCC3)c2cc1C,-7.2,3.776286151852503,9_1170
Cc1c(NC(=O)CC(C)C)cccc1C(=O)NC(c1ccc(F)cc1)c1ccc(F)cc1,-8.4,3.6019774295520097,9_1171
Nc1c(-c2cc(-c3[nH]nnc3C(F)(F)F)ccn2)ncn1CC1=CC=CCC1,-7.7,3.686420852502426,9_1172
O=C(Nc1cccc(O)c1)C1CN(C(=O)c2ccc(F)c(Cl)c2)c2ccccc2O1,-8.4,3.7159460073760933,9_1173
O=C(CNNC(=O)c1ccc2c(c1)ncn2-c1cccc(Cl)c1)Nc1ccccc1F,-7.1,3.5290976819881115,9_1174
O=C(O)COc1ccc(S(=O)(=O)N(Cc2cccnc2)c2ccc3c(c2)C(F)(F)C(F)(F)O3)cc1,-7.3,3.5594883751019144,9_1175
c1ccc(Cn2ccc3ccncc32)cc1,-5.7,3.3934685985152826,9_1176
CCCC1=CC(=NC(=O)c2c3cc(cc2[N+](=O)[O-])OCCCc2cc(C(C)=O)ccc2-3)C=C1,-6.7,1.2109774861570033,9_1177
N#Cc1cc(NC(=O)Nc2ccc(-c3ccc(CN4CCOCC4)nc3)cc2)ccc1C(F)(F)F,-6.3,3.673207157166076,9_1178
CN1C2CCC1CC(OCc1c(F)cccc1Oc1ccccc1)C2,-7.2,3.5315811080180035,9_1179
COC(=O)C1=C(C)N=C(C)C(C(=O)NCCCN2CCN(c3ccccc3F)CC2)C1c1ccc([N+](=O)[O-])cc1,-6.9,3.1354804450055127,9_1180
CNC(=O)c1cc(Oc2ccc(Nc3nccc(OC)n3)cc2)ccn1,-6.7,3.6900574524951475,9_1181
COC=Cc1nc2c(cc1C)cc(C)c1nnc(-c3cc(C(F)(F)F)ccn3)nc12,-7.9,3.526114784120314,9_1182
O=C(Nc1cccc(C(F)(F)F)c1)c1nn(-c2ccc(Cl)cc2)c2c1CCCC2Cc1cccc2ccccc12,-7.6,3.2836824072977873,9_1183
Cc1ccc(C)c(NC(=O)c2cccc(N3CCC[C@@H](Nc4cccc5ccccc45)C3)c2)c1,-7.9,3.479644905180534,9_1184
COc1cc(NC(=O)Cc2c(O)n(-c3cccc(C)c3)c(=O)n2C2CCCC2)cc(OC)c1,-8.2,3.670967267403082,9_1185
CCc1ccccc1N=C1c2ccccc2C1C(=O)NC1CC1,-6.4,3.5731446451717854,9_1186
Oc1ccc(-c2n[nH]c(-c3ccc(OCc4ccc5ccccc5n4)cc3)n2)c(O)c1,-8.0,3.4566066294712177,9_1187
CC(NC(=O)c1cccc(N)c1)c1ccccc1,-6.1,3.5296880948649,9_1188
COC(=O)CN(c1ccc(C(F)(F)F)cc1N)c1cc(C(C)C)ccc1NC(=O)c1ccco1,-6.7,3.5169276159837297,9_1189
O=C1N(c2ccc(C#Cc3ccccc3)cn2)CC2CCCCN12,-6.4,3.4415568536331986,9_1190
N=C1S/C(=C\c2ccc(-c3ccc4c(c3)C(=O)NC4=O)o2)C(=O)N1c1ccc(Oc2ccccc2)cc1,-8.6,3.344018539265188,9_1191
Cc1cc(C)nc(N2C(=O)c3ccccc3C2=O)c1,-6.5,3.518385914518399,9_1192
O=C(NCc1ncc(F)cc1F)c1cnc(N2CCC(C(=O)O)CC2)c(Cl)c1,-7.5,3.6921242329863593,9_1193
Cc1cc(C)c(S(=O)(=O)N(C)CCN=C(N)N)c(C)c1,-6.2,3.4148036576152445,9_1194
O=C(O)c1ccccc1Nc1nc2ccccc2nc1Nc1cccc(C(F)(F)F)c1,-9.0,3.5491303270314063,9_1195
O=c1[nH]c2cc(-c3ccccc3)ccc2n1CCN1CCOCC1,-6.5,3.7688173858429366,9_1196
O=C(c1ccc(O)cc1)N1CCC(Oc2ncnc3c2c(=O)c(-c2cccs2)nn3-c2ccccc2)CC1,-8.7,3.395033311027163,9_1197
Oc1cc(-c2nc3ccccc3s2)c(O)n1CCCCN1CCN(c2ccc(F)cc2OCC(F)(F)F)CC1,-7.0,3.3012563258394447,9_1198
Cc1c(Cl)cccc1NC(=O)CSc1nnc(-c2ccco2)o1,-6.4,3.6929069724967993,9_1199
COc1cccc(/C=C/C(=O)c2ccc(NC(=O)C=C3C=Cc4cccc([N+](=O)[O-])c4S3)cc2)c1,-5.9,3.2547809455292303,9_1200
COc1cc(OC)c(OC)cc1C=c1occ2c1=CC(C=Cc1ccccc1C=O)=C2,-7.0,3.617839803329635,9_1201
COC(=O)c1cc(-c2cc3[nH]ccc3n2C)cc(N2CCOCC2)n1,-7.3,3.715395263967081,9_1202
C[C@@H]1Cn2c(nnc2C(F)(F)F)CN1C(=O)c1cccc(C(F)(F)c2cncc(F)c2F)c1,-8.3,3.6020172407040434,9_1203
CNNC(=O)c1cn(C2O[C@H](CO)[C@@H](O)[C@H]2O)c2nc(Nc3ccc(C(=O)NC4CCCNCC4)cc3)ncc2c1=O,0.0,1.771447517192871,9_1204
CCOC(=O)c1ccc(NC(=O)C(C)Oc2ccccc2Cl)cc1,-5.9,3.7606245668323766,9_1205
N=C(N)c1ccc2cc(-c3ccc(Oc4ccc(N)cc4)cc3)[nH]c2c1,-7.1,3.328267262091213,9_1206
O=C(Nc1ncccc1O)c1ccc2c(c1)C(=O)N(CC1CCCO1)C2=O,-7.1,3.5484738022067823,9_1207
COC=C1C=CC=C(Cc2cn(Cc3cc(-c4cc(Cl)cc(Cl)c4)[nH]n3)nn2)N(c2ccc(OC(C)C)cc2)C(=O)C=C1,-6.2,1.095381924986695,9_1208
N#CC(c1cccnc1)N1CCN(C(=O)c2cccs2)CC1,-6.2,3.7242101858632806,9_1209
O=C(NCC(c1ccsc1)N1CCc2ccccc2C1)C(=O)Nc1cccc2cccnc12,-8.5,3.5943533336658176,9_1210
O=c1c(-c2cc3c(Sc4ccc(Cl)cc4)ncnc3s2)c(O)oc2ccccc12,-7.8,3.4877913828003875,9_1211
CN=CNC(C=S)c1cnn2c1n[n+]([O-])c1ccc(C(=O)N3CCOCC3)cc12,-6.5,3.1329071737403105,9_1212
CC(C)N(CC(=O)N1CCCCc2ccccc21)C(=O)n1cc(-c2ccc(C#N)cc2)nn1,-6.5,2.7456788502092486,9_1213
NCCCNc1c(-c2ccc(-c3ccc(CO)cc3)c(F)c2)nc2ccccn12,-6.2,3.544324619918582,9_1214
C#CC(=CC=C/C=C/C(=O)/C=C/c1ccc(N2CCOCC2)cc1)OCc1ccccc1C(=O)O,-5.9,3.3438315160878,9_1215
O=C(O)CSCC(=O)Nc1ccc(NC(=O)c2cc3ccccc3o2)c([N+](=O)[O-])c1,-6.2,3.3723234342261565,9_1216
Cc1ccc(-c2cccc(C(=O)N=C3C=C(CNCC(C=O)N(C)C)C=CCC3)c2)c(C)c1,-6.9,2.65627755940365,9_1217
C=CC(C)(C)c1ccc(OC)cc1OCC#CCNC(=S)SCc1cccc(F)c1,-6.0,3.492540005792881,9_1218
O=C1C(=C=NO)C=CCCC1C1Nc2ccccc2-c2nc3ccccc3n21,-8.5,2.3127636585220244,9_1219
CCCC(CCC)(Cc1ccccc1)CC(N)C(=O)O,-4.8,3.445739218998926,9_1220
Cc1ccc(-c2nn(-c3ccccc3)cc2C(=O)Nc2ccc(N=[N+]=[N-])cc2)cc1,-8.0,3.4806175195862,9_1221
COc1cc2c3c4ccccc4n(C)c(=O)c3n(C)c2cc1OC,-6.7,3.636159546545226,9_1222
Fc1cccc(CN2N=C(c3ccccc3)Nc3c2ccc2c3C=NC2)c1,-8.2,3.62312991505832,9_1223
O=C(O)c1ccc(C(=O)N2N=C(c3ccc(Cl)cc3)CC2c2ccc(Cl)cc2)cc1,-7.8,3.7016942838361384,9_1224
Cn1cccc1C(=O)NC(=O)COC(=O)c1ccc(Cl)c(S(=O)(=O)N2CCCC2)c1,-6.9,3.582036718434739,9_1225
O=Cc1c[nH]c2c1C=C1Cc3ccccc3[N+]([O-])=C1C2[N+](=O)[O-],-6.8,3.217181276308936,9_1226
Cc1cn(C2CCN(Cc3ccc(Oc4ccccc4)cc3)CC2)c(=O)[nH]c1=O,-7.7,3.790660858287243,9_1227
CCC12CCC1C(C(=O)NC(Cc1c[nH]c3ccccc13)C(=O)N1CCCC1C(N)=O)N(C(=O)C(NC(=O)Nc1ccccc1)c1ccccc1)C2,-8.6,2.7943752641241804,9_1228
O=C(O)CSc1ccc2ccccc2n1,-5.4,3.5695115601768084,9_1229
CCC(=O)C(CCN(CC)C1CCCN(C(=O)c2cc(C(F)(F)F)ccc2NC(=O)OC(C)C)CC1)c1ccccc1,-6.6,2.471786721920489,9_1230
CCCN(Cc1ccc(-c2cc3ccc(C4=NCCCN4)cc3[nH]2)cc1)C1CCCCC1,-5.9,3.4735528099851374,9_1231
O=CC=C1OC=CC(Oc2ccc(-c3ccc(OCCc4ccc(O)cc4)cc3)cc2)=CC=Cc2cccc1c2,-7.6,0.958977821191251,9_1232
O=C(c1ncc(F)cc1F)N1CCC[C@@]2(CCN(c3ccccn3)C2)C1,-7.1,3.6133787546397986,9_1233
COc1cccc(-c2nc(C[S+]([O-])CC(=O)NCc3ccc(F)cc3)c(C)o2)c1,-6.8,3.7054919130109414,9_1234
Cc1nn(C)n2cc(C(=O)N[C@@H](C)Cc3ccccc3F)nc12,-6.4,3.779075564356554,9_1235
O=C1C(=O)N(NCc2ccccc2)c2ccccc21,-6.8,3.594849369768488,9_1236
CNC(=O)C(NC(=O)c1ccc(-c2ccc(-c3ccc(=O)n(C)c3)c(F)c2)cc1)C(C)(C)C,-6.9,3.7370131892694323,9_1237
O=C(NCCCO)C(c1cc(O)[nH]c1O)C1CCCN1C(=O)c1ccccc1,-6.3,3.3582785383297025,9_1238
Cc1csc(C(=O)Nc2cccc(C#N)c2)n1,-6.1,3.6573943540259393,9_1239
O=C(Cn1c(=O)c2c(ncn2C2CC2)c2cc(F)ccc21)N1CCN(c2ccccc2)CC1,-8.0,3.57888085357572,9_1240
CSc1nc2ccccc2c2nnc(-c3ccc(C)c(C)c3)c(=O)n12,-7.8,3.4868057945533577,9_1241
COC=C1C=CC(c2nc3c(N)ncnc3n2[C@H]2C[C@H](O)[C@@H](COP3(=O)CCCCN3)O2)=C1,-7.3,3.0389434158724935,9_1242
COC(=O)C(Cc1c[nH]cn1)NS(=O)(=O)c1ccc(Br)cc1,-5.2,3.5805781752783177,9_1243
Cc1cc(C)n2c(SCCOc3ccc(Cl)cc3)nnc2n1,-5.7,3.62301340838135,9_1244
NC(=O)NCCc1cc(-c2ccc(CN3CCCCC3)cc2)n2ccnc2n1,-6.7,3.7356492633843175,9_1245
COc1cc(OCCN2CCOCC2)ccc1Nc1nc(-c2ccc(Cl)cc2)cc(-c2cccc(C(F)(F)F)c2)n1,-8.9,3.4130838981747678,9_1246
CC1=C(Oc2ccc(-c3ccccc3)cc2)C=CC2C(=C1)OC(=O)C1=C2CCC1,-8.1,2.2943939432539855,9_1247
Cc1cccc(CN(C(=O)OCCc2ccccc2N)c2cccc(C)c2C)c1,-7.0,3.62284809652063,9_1248
O=C(O)CNCC1CCN(C(=O)c2ccc(Cl)s2)CC1,-5.5,3.601553950363529,9_1249
CC(C)=CC(=O)C[C@H](c1ccccc1)c1c(O)cc(CCC(C)(C)O)c(C)c1OC=O,-6.1,3.503668709246439,9_1250
O=C(C=Cc1ccc(O)cc1)c1ccc(F)cc1,-6.2,3.5081242789732983,9_1251
Fc1ccccc1Oc1nc2cc(C(F)(F)F)c(F)cc2nc1C(F)F,-7.5,3.5290193005696393,9_1252
CN(C)C1=NC(C)(C)C(CC(=O)Nc2ncc(Cl)cc2Cl)S1,-6.1,3.6597923574386986,9_1253
Cn1nc(-c2cnccn2)cc1CNC(=O)c1cnccn1,-6.6,3.6270194589127773,9_1254
C=C(C(=O)C(OC(C)=O)[C@@H](C)[C@H]1[C@@H](OC(C)=O)C[C@@]2(C)[C@@H]3CC[C@H]4C(C)C(=O)C=C[C@@]45C[C@@]35CC[C@]12C)[C@@H](C)COC(=O)CCC(=O)O,-6.0,2.482274005436784,9_1255
CN(CC1CCC1)c1nc2cc(-c3noc(=O)[nH]3)nc(-c3cncc(Cl)c3)c2n1C[C@H]1CC[C@H](C)CC1,-6.9,3.414316196103359,9_1256
COC(=O)[C@@]1(C)CCC=C2[C@@H]1CC[C@@H](C)[C@]2(C)Cc1c[nH]c2ccc(Cl)cc12,-6.3,3.3597382080361635,9_1257
N[C@@H]1C[C@@H]1O,-3.2,0.6216803213634474,9_1258
N=C(N)c1ccc2c(c1)OC(C(Cc1cccnc1)C1=CC=C(c3ccc4cccc(F)c4c3)NC1)=CS2,-9.4,3.2394566894615213,9_1259
O=C(/C=C/c1ccc([N+](=O)[O-])cc1)N=C1NCCS1,-6.1,3.4318253201519866,9_1260
Fc1ccccc1[C@H]1N=C(c2ccccc2Br)N[C@H]1c1ccc(Br)cc1,-7.4,3.5777619700973617,9_1261
COc1ccc(-c2cc(F)cc(C(CC(=O)O)c3ncco3)c2)cc1F,-7.0,3.782215454705149,9_1262
C=CCNCC(=O)N[C@@H](c1ccc(OC)cc1)c1ncccc1C(=O)N(C)[CH]Cc1ccc(OC)cc1,-5.8,3.4155559288429016,9_1263
CCC(/C=C1/C=Cc2ccc(F)cc21)=Nc1cc(Nc2ccc(C#N)cc2)nc(N)n1,-7.8,3.6070891430631797,9_1264
COc1ccc2ncc(Cc3ccc(-c4ccccc4)c(C(=O)O)c3)cc2c1,-7.6,3.627156148861563,9_1265
NC(=O)c1cc(-c2ccccc2)sc1NC(=O)Nc1ccc(F)cc1F,-7.6,3.660540600334282,9_1266
COc1ccc(OC)c(-c2cc(C(=O)N3CCN(c4ccc([N+](=O)[O-])cc4)CC3)[nH]n2)c1,-7.1,3.5958298945239466,9_1267
O=C(c1ccc(Cl)cc1Cl)C(O)(Cn1cncn1)c1ccc(Cl)cc1Cl,-6.1,3.690488077106204,9_1268
O=C1NC2(CCCCC2)C(=O)N1CC(=O)N1c2ccccc2CCc2ccccc21,-8.1,2.5119484727153343,9_1269
COc1cc(N2CCN(C(C)C)CC2)ccc1N=C1C/C(=C\c2ccc(F)cc2)C(=O)N1c1ccc(Br)cc1,-7.4,3.3846459946076144,9_1270
COc1cc(C(=O)NCCCCCCNc2c3c(nc4ccccc24)CCC3)cc(OC)c1OC,-6.1,3.483542528667525,9_1271
O=C(Nc1ccc(Nc2ccnc3[nH]c(=O)c4ccccc4c23)cc1)c1ccccc1,-7.6,3.4412005175014895,9_1272
CC(=O)OC[C@H]1O[C@@H](Sc2nc(Nc3ccccc3Cl)nc(N[C@@H](C)c3cccs3)n2)[C@H](OC(C)=O)[C@@H](OC(C)=O)[C@H]1OC(C)=O,-6.6,3.0038419733689388,9_1273
Cc1c(Nc2c(C#N)cncc2/C=C/c2ccc(CN3CCOCC3)cc2)ccc2[nH]ccc12,-6.7,3.6095790668785863,9_1274
COC(=O)C(C)Sc1ccc2nnc(-c3ccc(F)cc3)n2n1,-6.4,3.581903907125266,9_1275
NNC(=O)c1cc(F)ccc1NC1CCCCC1,-6.3,3.312584147815919,9_1276
Cc1cc(C)c(N2CC[C@@H](N)C2)cc1C#N,-5.9,3.462651561708822,9_1277
O=C(c1ccc(-c2ccc(F)cc2F)c(-c2ccc(F)c(F)c2)c1)N1CCC[C@H]1CN1CCCC1,-7.6,3.3589841974960306,9_1278
Cc1ccccc1N(C(=O)c1ccco1)C(C(=O)NCC1CCCO1)c1ccc(S(=O)(=O)N2CCOCC2)cc1,-7.2,3.442189223247686,9_1279
COc1cc(CC(=O)N[C@@H](CC(C)C)c2ccc(C(F)(F)F)c(F)c2)ccc1OCCn1c(=O)ccn(C)c1=O,-7.0,3.4497915712570246,9_1280
CNc1ccc(S(=O)(=O)NCC2COc3ccccc3C2)cc1,-6.4,3.738299016204725,9_1281
CC(=O)O[CH][CH][C@@H](C[CH]O)[C@H]1[C]2[C@H](C(C)(C)C(=O)O)CC[C@]2(O)[C@H]2CC=C3C[C@@H](O)CC[C@]3(C)[C@@H]2[C@@H]1O,-6.0,2.66633669439368,9_1282
CC1(C)[C@@H]2CC[C@@]1(C)[C@H](N1CCC(c3ccccc3)CC1)C2,-6.5,2.9108239725156237,9_1283
O=C(C1C2CCC(CC2)N1C(=O)C1C[C@@H]1c1ccccc1)N1CCSC1,-6.6,3.2731260377574976,9_1284
CC(C)Cc1noc(CNc2nncc(-c3ccc(C(C)(C)C)cc3)n2)n1,-7.0,3.7274266135652043,9_1285
COc1ccnc(N2CCC3(CCC3)CC2)n1,-5.9,3.3991473973534077,9_1286
COC=c1ccc2c(c1)C(=O)N(C(C)C(=O)N1CCN(c3ccc(F)cc3)CC1)N=2,-6.9,3.609657615210919,9_1287
O=C(NN1C(=O)c2ccccc2C1=O)c1cccc(C(F)(F)F)c1,-7.5,3.669646818893532,9_1288
CO[C@H]1CS(=O)(=O)C[C@@H]1NC(=O)c1ccnc2ccccc12,-6.5,3.706638942225264,9_1289
Cc1ccc(S(=O)(=O)CC(=O)c2ccccc2)cc1,-6.0,3.606749697932611,9_1290
O=C1c2cc(-c3cc(-c4nccs4)c4ccccn34)ccc2CN1C(c1ccc(F)cc1)c1ccc(Cl)cc1,-7.6,3.278607994301244,9_1291
CN(C(=O)NCO)C(=O)c1ccc2[nH]c(SCC(=O)c3ccco3)nc(=O)c2c1,-7.4,3.140197171099829,9_1292
CNC(=O)c1cnc(Nc2ccc3ncsc3c2)cc1NC(Cc1ccccc1)C(=O)Nc1cccc(Cl)c1,-7.6,3.153983214486688,9_1293
CC(O)C1CC(NC(=O)C2N[C@H](CC(C)(C)C)[C@]3(C(=O)Nc4cc(Cl)ccc43)[C@H]2c2cccc(Cl)c2F)CCN1,-7.0,3.155281150148237,9_1294
CCC(=O)Nc1ccc(-c2cc(Nc3cccc(-c4csc(C)n4)c3)ncn2)cc1,-6.6,3.6246969299301437,9_1295
O=C(O)c1cc2cc(O)c(O)cc2c(C(=O)c2ccc(OCc3cccc(F)c3F)cc2)n1,-7.6,3.4332220662556265,9_1296
C[C@@H](NC(=O)Nc1cc2[nH]nc(NC(=O)c3ccccn3)c2cn1)c1ccccc1,-7.2,3.483135590893701,9_1297
O=C(c1cccs1)N1CCN(c2ccc(-n3cccc3)cc2)CC1,-6.0,3.689413290725316,9_1298
O=C(Nc1nn[nH]n1)c1ccncc1,-5.5,3.361478513368055,9_1299
COc1ccc(-c2ccc(Oc3ccc(CC(=O)O)cc3)o2)cc1,-6.8,3.776523385627155,9_1300
O=C(Nc1cc(C2=Nc3ccc(Br)cc3Nc3ccsc32)ccn1)Nc1ccccc1Br,-7.2,2.4695509641993576,9_1301
OC(c1cccnc1)c1nc2ccccc2c2ccccc12,-6.8,3.535862199515168,9_1302
CC1CCC2=C(C1)CC(N1C(=O)[C](Cc3cccc(C(=N)N)c3)Cc3ccccc31)S2,-8.7,3.3598895845518153,9_1303
COC=c1ccccc(=NC(=O)C(C)C)c2cc([nH]1)c(=O)[nH]c2O,-6.3,1.4438039832551812,9_1304
O=C(c1ccc2ccccc2c1)N1CC(=O)N(Cc2cccc(C(F)(F)F)c2)[C@@H](CCc2ccccc2)C1,-8.9,3.4288052613564526,9_1305
Cc1cc(COc2ccc(NC(=O)C3C[C@@H](N(C)C)C[C@H]3c3ccc(Cl)cc3Cl)cc2)c2ccccc2n1,-7.2,3.48559230431309,9_1306
c1ccc(CN2CCN(CCC3CCc4ccccc4O3)CC2)cc1,-6.3,3.51289848642247,9_1307
OC[C@H]1O[C@@H](n2cnc3c(NCc4cccc5ccccc45)ncnc32)[C@H](O)[C@@H]1O,-7.15,3.3384403366309985,9_1308
CN(CCC(=O)Nc1ccc(F)cc1F)c1ccc2ccccc2c1,-6.4,3.6799103384872325,9_1309
CC(C)c1ccc(OCC(=O)Nc2cccc(S(=O)(=O)N=C3CCCCCN3)c2)cc1,-7.2,2.7067929999531506,9_1310
COc1ccc(-c2cc(-c3ccccc3)nc(NCC3CCC(C(=O)O)CC3)n2)cc1OC,-7.6,3.636462963100382,9_1311
CC(=O)C=CC=C(C)C1=C[C@H](c2ccccc2)Nc2ncnn21,-7.3,3.675055173187247,9_1312
COC=C1C=C(S(=O)(=O)Nc2ccc3c(c2)-c2c(c(C(N)=O)nn2-c2ccc4c(c2)OCO4)CC3C)C1,-8.7,3.2782127884549377,9_1313
Oc1ccccc1-c1cc(-c2cccc(Cl)c2)no1,-6.9,3.666359766268158,9_1314
O=C(/C=C/c1cccc([N+](=O)[O-])c1)Nc1c2c(nc3c1CCC3)CCCC2,-7.0,3.5211670039469265,9_1315
C[C@H]1Cn2c(nnc2-c2cncs2)C(=O)N1Cc1cccc(C(F)(F)F)c1Cl,-7.3,3.6574111650412395,9_1316
O=C(N/N=C/c1ccccc1Cl)Nc1cccc(-c2ccc(Cl)cc2)n1,-7.0,3.620994886777238,9_1317
CCc1noc(C)c1C(=O)Nc1ccc(-n2nc(C(F)(F)F)cc2C#N)cc1,-7.1,3.733519369460656,9_1318
O=c1c2ccccc2cc2n1Cc1c-2nc2cc3c(cc2c1CN1CC[C@H](O)C1)OCO3,-7.7,3.443877677226057,9_1319
COc1ccc(C(=O)O)c(NCc2ccccc2)c1,-5.9,3.6655499626941594,9_1320
CC(Cn1cccn1)NC(=O)c1ccc(C(F)(F)F)cc1,-6.0,3.7296484330999027,9_1321
C=Cc1cc(OCC(=O)NCC(=O)Nc2ccc(C)c(F)c2)c(Cc2ccccc2Cl)[nH]1,-6.6,3.586062261441623,9_1322
Cc1ccc(NC(=O)c2ccco2)c(NC(=O)c2ccc3ccccc3c2)c1,-7.2,3.617938446346611,9_1323
COc1cccc(C=C(C(=O)O)/C(=C2/C(=O)Nc3cc(C)c(F)cc32)C(N)c2ccccc2)c1,-7.3,3.5513957959334754,9_1324
CC(=O)OCC(COC(C)=O)OCn1cnc2c(C)nc(N)nc21,-5.7,3.365216373393854,9_1325
C=CC(CC=CF)=Nc1cc(-c2cccc3nccn23)ncc1F,-6.7,3.677573525217,9_1326
Cc1ccc2oc(=O)cc(CC(=O)Nc3ccc(C)c(F)c3)c2c1,-7.1,3.706468226257762,9_1327
COC=C1C=C(C=C2C(=O)C(C(=O)Nc3ccc(-c4ccccc4S(N)(=O)=O)cc3)C(=N)N2c2ccccc2)C=C1OC,-6.3,3.0603945802586963,9_1328
ONc1ccc(-c2cccs2)cc1C=Cc1ccc(O)cc1,-6.8,3.5383682837252146,9_1329
COC=CC=CNN=C(C(=O)NNC(=O)COc1ccc2c3c(c(=O)oc2c1)CCCC3)c1ccccc1C=O,-7.4,2.881002287953302,9_1330
CCOC(=O)c1ccc(NC(=O)CN(c2ccccc2OCC)S(=O)(=O)c2ccccc2)cc1,-6.5,3.6030232439414087,9_1331
N#Cc1cc(S(=O)(=O)Nc2nccs2)ccc1Oc1ccc(C(F)(F)F)cc1-c1ccnc(N)c1,-7.6,3.426401931857893,9_1332
CC(C)CC(C(=O)O)n1c(O)c2c(c1O)[C@H]1C=C[C@@H]2C1,-6.0,2.304870271215112,9_1333
CC(=O)N1CCC2(CC1)CN(c1ccc(-c3ccccc3)nc1)C2,-6.6,3.5601264323911535,9_1334
CC(C)c1noc(-c2cccc(N3CCN(c4ncccn4)CC3)n2)n1,-7.1,3.6522095630067706,9_1335
COc1cccc(-c2cc[nH]n2)c1-c1ccc(NC(=O)c2c(F)cccc2F)cn1,-7.3,3.6753528371165904,9_1336
O=C(O)CCCC(=O)N1CCc2ccc(-c3cc(-c4ccc(Cl)cc4Cl)on3)cc21,-7.1,3.748500822841466,9_1337
COc1cccc(N2CCN(C(=O)c3cccs3)CC2)c1,-6.4,3.6809895358586555,9_1338
Cc1ccc(S(=O)(=O)Oc2ccc3c(c2)C(=O)OC3)cc1C,-6.8,3.6146858503148422,9_1339
O=C(c1ccc(NC(=O)c2cccc3c(Cl)c4ccccc4nc23)cc1)c1ccc2ccccc2c1,-8.9,3.303441812500952,9_1340
COc1ccc(-c2nc3ccc(Cl)cn3c2Cc2cccc3c2CCC(=O)N3)cc1,-7.4,3.6950724410489975,9_1341
Cc1ccc(Oc2ccc(S(=O)(=O)c3ccccc3C(=O)NC3(C)N=CCS3)cc2)cc1C,-7.2,3.73302474229068,9_1342
C[C@H](CC[C@@H](O)C(C)(C)O)[C@H]1CC[C@@]2(C)[C@@H]3CC[C@H]4C(C)(C)[C@@H](O)CC[C@@]45C[C@@]35CC[C@]12C,-7.3,2.9418514138842515,9_1343
O=C1C=CC=C(F)CCC(c2csc(NC(=O)c3ccc([N+](=O)[O-])o3)n2)CC=CC=N1,-8.0,1.3441168360625042,9_1344
CCOC(=O)c1cn2c(n1)sc1cc(Cl)c(Cl)cc12,-5.9,3.582016167289499,9_1345
COc1cc2c(cc1OC)C(c1ccc(Br)cc1)N(C(=O)c1cc(Cl)c(O)c(Cl)c1)CC2,-6.8,3.684781757755447,9_1346
COC1=CC=C(C2=C(C)c3cc(-c4cc(OC)ccc4O)ccc3OC2C)CC=C1,-7.0,2.626201742226489,9_1347
C=C[C@@H]1C[C]1NC(=O)C1C[C@@H](Oc2cc(-c3ccccc3)nc3cc(C(=N)N)ccc23)CN1C(=O)C(NC(=O)OC(C)(C)C)C(C)(C)C,-7.0,2.8932717625860698,9_1348
CCCCc1cc(C(=O)NNc2cccc(NC)c2)[nH]n1,-5.9,3.514615315332037,9_1349
NC(Cc1ccc(O)c(O)c1)C(=O)NC(Cc1ccc(O)cc1)C(=O)NC(Cc1ccc(O)cc1)C(=O)N=C(Cc1ccc(I)cc1)C(=O)O,-7.7,2.539252513562109,9_1351
O=Cc1cc2cc(S(=O)(=O)Nc3cccc(-c4ccc(C(=O)O)cc4)c3)ccc2[nH]1,-8.2,3.5316620877025504,9_1352
COC(=O)C=C1C=CC(=CC2=CC(=O)C(c3cc(-c4ccc(N5CCN(C)CC5)cc4)ncn3)=C2)C1,-6.4,3.3454187489303027,9_1353
CN1C[CH][C@@H]2CCC[C@@H]3Oc4c(O)cccc4[C@]23CC1,-6.3,2.2350461352430315,9_1354
O[C@H](c1ccccn1)C1(c2ccc(Cl)c(Cl)c2)CCC1,-5.6,3.6516300628099434,9_1355
CC(C)(C)C(=O)NC(=O)C(=O)N[C](CNc1cncc(F)c1)c1ccccc1,-7.1,3.598078214570147,9_1356
COc1cccc(-c2nc(-c3ccc(NC(=O)c4ccc([N+](=O)[O-])o4)cc3)no2)c1,-7.0,3.462169121482559,9_1357
COc1ccc(S(=O)(=O)CCOc2ccccc2NC(=O)c2cccc(C)c2)cc1,-7.0,3.7466100285124035,9_1358
O=C(NC[C@@H]1OC(=O)N2c3ccc(N4CC[C@@H](F)CC4=O)cc3OC[C@@H]12)c1ccc(Cl)s1,-7.4,3.5035924606965807,9_1359
O=C(Cc1ccccc1)Nc1ccc(C(=O)NCC(c2cccs2)N2CCOCC2)cc1,-6.6,3.6948761081800465,9_1360
O=C1N(Cc2ccccc2)[C@H](Cc2ccc(OCc3ccccc3)cc2)[C@H](Cc2ccc(CO)cc2)N1Cc1ccc(O)cc1,-7.1,3.1665117743357567,9_1361
COc1ccc(Cn2[nH]c3ccccc3c2=O)cc1N,-6.6,3.6558146438446233,9_1362
O=S(=O)(c1ccccc1F)n1ccc2cc3c(cc21)CCNCC3,-7.0,2.7946800782264902,9_1363
Cc1cccc2[nH]cc(-c3nnn(-c4ccc(C#N)cc4F)n3)c12,-6.9,3.682672837421384,9_1364
Nc1ccccc1Sc1cccc2ccccc12,-6.6,3.455859854106035,9_1365
C1=Cc2c(c(-c3ccccc3)cn2Cc2ccccc2)CC1,-7.6,3.2581909667375344,9_1366
COc1ccccc1CC1C(=O)N(C)CCN1c1nc2cc(C)ccc2o1,-7.3,3.7377429016406225,9_1368
COc1ccc2nc3cc(Cl)ccc3c(Nc3ccc(Nc4ncnc5ccc([N+](=O)[O-])cc45)cc3)c2c1,-8.6,3.0217785174013967,9_1369
COc1ccc(CNC(=O)C2CCCN2S(=O)(=O)c2cccc3nsnc23)cc1,-6.5,3.6814437619320843,9_1370
CON=C(C)C=CC=C(N=C(Cc1ccccc1C=O)OC)C(F)(F)F,-5.6,3.241927328374026,9_1371
CC(C)(C)c1cc(C=CC(=O)N2CCCCC2)cc(C(C)(C)C)c1O,-5.8,3.451127335263215,9_1372
NCCC[CH]C[C@H](O)C(C[CH]C(=O)NC1(C(=O)CCc2ccc[n+]([O-])c2)CN1)OCCOCC=C1N=NN1CCCOc1ccc(-c2cc(=O)c3cc(F)ccc3o2)cc1,0.0,2.320373380821362,9_1373
Cc1cccc(-c2cc(C(=O)Nc3nc4ccccc4s3)c3ccccc3n2)c1,-8.3,3.5435033575114483,9_1374
CNCCN(CCC=NC(=O)N=CCC(F)Oc1ccc(NC(=O)c2cn(C(C)C)c(=O)n(-c3ccc(F)cc3)c2=O)cc1)C(N)=O,-6.6,2.9948807240610504,9_1375
Cc1cc(N=C(NCCCCNc2ccc(C(F)(F)F)cc2)Nc2ccc(Cl)cc2)ccc1OC1=CC=COC1,-6.7,3.1711257585958705,9_1376
CC(C)n1c2ccccc2c2cc(NC(=O)c3cc(=O)[nH]cn3)ccc21,-7.0,3.6913258017821433,9_1377
COC(=O)c1ccc(CN[C@H](COc2ccccc2)[C@H](O)[C@@H](O)[C@@H](COc2ccccc2)N(Cc2ccccc2)[SH](=O)=O)cc1,-6.0,2.9230474192853895,9_1378
CC(=O)NC(Cc1ccccc1)c1cccc(OCCNS(=O)(=O)C2=CNC(C)C(c3cnn(C(C)C)c3)=N2)c1,-6.4,3.246183139180563,9_1379
CC=c1cc[nH]c(=CC2=CC(=NC(=O)c3ccccc3Nc3ccccc3)C=C2)[nH]cc1,-7.6,1.6244466557001926,9_1380
O=C(Nc1ccc(F)cc1)N1CCCN(c2cnc(Cc3ccc(Cl)cc3)nncc3ccccc3n2)CC1,-8.0,1.433522515549833,9_1381
COc1ccc(-c2csc(NC(=O)Nc3ccccc3)n2)cc1,-8.2,3.738112033756118,9_1382
O=C(NCCCO)c1ccc(-c2nc3ccc(C4(c5ccccc5)CC4)nc3s2)c(F)c1,-7.3,3.5824853489397377,9_1383
CC(N)Cc1ccc2c(c1)CCN2N,-5.5,3.3556148182482692,9_1384
O=C(Nc1ccccc1-c1ccccc1)c1c(O)cc(O)cc1Nc1ccnn1Cc1ccccc1,-7.8,3.196244031386335,9_1385
Cc1ccc(S(=O)(=O)NCc2ccc(C(=O)NCCCCC3CCN(C)CC3)cc2)cc1C,-6.1,3.574497413418893,9_1386
CC[C@H](Cc1ccc(OC)cc1)N(C)C(=O)c1cc(C)no1,-5.4,3.730539683446602,9_1387
CN(Cc1ccccc1)c1nc2ccc(Cl)cc2nc1NC1CCCCC1,-7.1,3.7061588954132105,9_1388
COc1ccc(C(=O)Oc2ccc(N(CCBr)CCBr)cc2)cc1OC,-5.2,3.4822732171674664,9_1389
O=C(Cn1cnnn1)Nc1cc(-c2ccc(Br)cc2)[nH]n1,-6.5,3.6051538980246876,9_1390
CCn1nc(C)c(Cl)c1C(=O)NCCc1cccc(OC)c1OC,-5.6,3.769050937309938,9_1391
Fc1ccc(C2=NOCc3ccccc32)cc1C(F)(F)F,-7.1,3.477268556311138,9_1392
CC(c1cc(O)ccc1Cl)N1CCc2c([nH]c3ccccc23)C1,-7.6,3.609244161597661,9_1393
COc1cc(OCc2csc(-c3ccccc3OC(F)(F)F)n2)c2cc(-c3cn4nc(OC)sc4n3)oc2c1,-6.9,3.1712531155116004,9_1394
O=C(CN1C(=O)C(c2ccccc2)Oc2cccnc21)c1ccccc1Cl,-7.7,3.670605253443218,9_1395
O=C(NCCc1ccccc1)Nc1nccs1,-5.7,3.6524920181434375,9_1396
Nc1nc(N)c2nc(CNc3ccc(C(=O)NC(CCC(=O)O)C(=O)O)cc3)cnc2n1,-7.2,2.9990389970465197,9_1397
COc1ccccc1Cc1c(-c2ccccc2)nc2ccc(Br)cn12,-6.8,3.5620472618243255,9_1398
CC(NC(=O)c1ccc(Br)s1)c1ccc2c(c1)OCO2,-6.1,3.7577675863513305,9_1399
CC(C)CN(Cc1ccncc1)C(=O)Cc1nc(=O)c(C(=O)NCc2ccc(F)cc2F)cn1N,-6.9,3.4809857072411905,9_1400
Cn1cc(C2=CNS(=CC=C3C=CCCC=C3)C=N2)cn1,-6.6,2.490297674758654,9_1401
O=C(c1ccc(-c2ccc([N+](=O)[O-])cc2)s1)N1CCc2ccccc2C1,-7.3,3.6093846593497743,9_1402
O=C(N=CCc1ccc2cc(C#CCNC(=O)c3cncn(Cc4ccc(F)c(F)c4)c3=O)ccn12)c1cccc(Cl)c1,-6.3,3.2896100041279226,9_1403
N=CN=NN(C(=N)CC(=O)NNc1ccccc1)c1ccccc1,-6.3,3.2426784262872,9_1405
O=C(Nc1nc2ccc(-c3nnc(-c4cccc(F)c4C(F)F)nc3-c3ccco3)cc2s1)C1CCC1,-8.4,3.4079898818153254,9_1406
CC1(C)OC(c2ccc([N+](=O)[O-])cc2Cl)N(C(=O)c2ccc3ncccc3c2)C1=O,-8.0,3.48990270582015,9_1407
CCN(CC)C(=O)C1=CC(=C(c2ccccc2C)C2CCN(c3ccccc3)CC2)C=C1,-7.7,3.3639783434531827,9_1408
CCOC(=O)N1CCN(C(=O)c2ccc(NC(=O)Cc3sc(N4CCCC4)nc3O)cc2)CC1,-7.2,3.4896238707007092,9_1409
O=c1c2cc(F)ccc2nc(/C=C/c2ccc(Cl)cc2)n1-c1nc2cccc(Sc3ccccc3)c2s1,-7.5,3.339948845300177,9_1410
CCCC[C@@H](/C=C/[CH]OC(=O)c1ccccc1)NC(=O)/C=C/c1ccccc1,-5.8,3.528063867678507,9_1411
CC(C)(C)NC(=O)NC(Cc1ccc(Cl)cc1Cl)C(=O)N1CCN(c2ccccc2CNCCc2cccs2)CC1,-6.9,3.362760096407839,9_1412
CCN1CC(c2cccc(NC(C)=O)c2)N(c2ccc(Br)cc2F)C1=S,-6.5,3.6289162385416143,9_1413
O=C(NCCc1nnc2ccc(SCC(=O)N3CCOCC3)nn12)c1ccc(C(F)(F)F)cc1,-6.9,3.499958262210754,9_1414
CC(C)c1[nH]c2ccc(Cl)cc2c1C1=CCN(CCCC(=O)NCCCCCC(=O)O)CC1,-5.9,3.386499955153454,9_1415
CCN1CCCCC1C(=O)N1CCC(CN2CCN(C)CC2)C1,-6.0,3.181015391390015,9_1416
CCn1cc(Br)c(C(=O)OCC(=O)Nc2ccccc2C(=O)NC(C)C)n1,-6.3,3.63490004341316,9_1417
Nc1ccc(CNC(=O)C(N)Cc2ccccc2)cc1,-6.2,3.5276886722315624,9_1418
O=C(O)c1ccn2cc(-c3cccc(NC(=O)c4ccccc4)c3)nc2c1,-7.0,3.6975343441770603,9_1419
CCn1nc2c3ccccc3n(Cc3ccc(C)cc3)cc-2c1=O,-7.7,3.6066618607378524,9_1420
Cc1ccc(N2CCN(S(=O)(=O)c3ccc4c(c3)CC(C)N4C(=O)C3CCC3C)C2C)cc1,-6.9,3.5047331372185453,9_1421
O=C(Cc1ccc(Cl)cc1Cl)NCc1ccc(-c2ccccc2-c2nn[nH]n2)cc1,-7.1,3.6590194088879575,9_1422
O=C(c1cc(Cc2n[nH]c(=O)c3ccccc23)ccc1F)N1CCCN(Cc2ccsc2)CC1,-7.7,2.7269220358807535,9_1423
O=C(NC1c2ccccc2C[C@H]1O)C(Oc1ccc(Cl)cc1)[C@@H](O)c1ccccc1,-7.5,3.6631217722085827,9_1424
N=C(N)[Se]Cc1ccc(CN2C(=O)C(=O)c3cccc(Br)c32)cc1,-6.8,3.4101000160992205,9_1425
N[C@@H](CC(=O)N1CCCNC(=O)C1Cc1ccccc1)Cc1ccccc1F,-7.0,2.7273034775413256,9_1426
Cc1cc(C)cc(CC(=O)N2CCC2(C)C(=O)N(Cc2cnn(C)c2)Cc2ccccn2)c1,-6.8,3.6791883495673092,9_1427
C=C1C(=COCc2cn(-c3ccc(CC)cc3)nn2)C=CC=CC=C1C(C)O,-6.9,1.851792756144067,9_1428
CCC1=C(C)C(=NC(=O)c2cccc(-n3cc(CNc4ccccc4N(C)S(C)(=O)=O)nn3)c2)C=C1,-7.4,3.619321464219224,9_1429
Cc1ccc(C(=O)N2CCC3(CC2)c2ncn(CCO)c2CCN3c2ccccc2)cc1,-7.2,3.660440169270301,9_1430
COc1ccc(C(=O)Nc2cccc(-c3cccc(Nc4ccccc4)c3)c2)cc1OC,-7.0,3.556502310933393,9_1431
N[C@H](COc1cncc(/C=C/c2ccnc(NCc3ccccc3)c2)c1)Cc1c[nH]c2ccccc12,-6.9,3.3186009763690474,9_1432
O=C(NN=C1c2ccccc2-c2nc3ccccc3nc21)c1ccccc1F,-8.1,3.6431129548534242,9_1433
O=C(/C=C/c1ccc(F)cc1)N1C=CC=C(c2nc(Nc3cc(C4CC4)[nH]n3)c3ccccc3n2)C1,-8.1,3.44534496515024,9_1434
O=C(c1cnc2ncccc2c1)N1C[C@@H]2CNC[C@@H](C2)C1,-6.7,3.5741232866257633,9_1435
C=CCn1c(Sc2ccc(C#N)c([N+](=O)[O-])c2)nnc1-c1ccc(S(=O)(=O)N2CCCC2)cc1,-6.4,3.2669339548683505,9_1436
Cc1ccc(NC(=O)NCc2ccc3[nH]c(=O)[nH]c3c2)cc1C,-7.5,3.517320406514396,9_1437
Cc1nn(C)c2c1C(c1ccccc1F)=NCCN2CCCN(C)C,-6.3,2.7521379178443817,9_1438
CCN1CCC[C@H]1CNC(=O)c1c(O)c(Br)cc(OC)c1OC,-5.8,3.6340005494723036,9_1439
Cc1cccnc1C(=O)NC(c1ccccc1)C1CCCC1,-6.9,3.646677847079895,9_1440
O=c1cc(N2CCOCC2)oc2ccc(-c3ccccc3Cl)cc12,-7.5,3.696300316761331,9_1441
CC=CC=C(CCl)n1ncc2c(Nc3ccc4c(c3)OCCO4)ncnc21,-7.0,3.6384572863080757,9_1442
CC(=O)Oc1ccc(/C(=C\c2ccccc2)C(C)=O)cc1,-6.1,3.355971619817315,9_1443
COc1cc(OC)cc(C(=O)Nc2ccccc2C(=O)N=CCc2cccc3cc(C(=O)NCCN4CCCCC4)cnc23)c1,-7.5,3.2671922971737457,9_1444
Cc1ccc(/C=C/C(=O)Nc2ccccc2C(N)=O)cc1,-6.5,3.596597458040771,9_1445
O=S(=O)(c1ccc(F)cc1)c1cnc2c(F)cccc2c1-c1cccc(F)c1,-7.6,3.587695983209269,9_1446
COc1ccccc1CCNc1n[nH]c(=S)s1,-5.4,3.60040602842241,9_1448
O=C(NCc1nnc(-c2ccccc2)o1)c1cc2ccccc2oc1=O,-7.7,3.653277003156362,9_1449
CCOC(=O)C(NC(=O)NCc1cnc2scc(-c3ccccc3CO)n12)c1ccccc1,-5.9,3.4651614610442323,9_1450
O=C(Nc1ccccc1)Nc1ccc(-c2nc3cc(NC(=O)c4ccc(Cl)cc4)ccc3o2)cc1,-7.0,3.3822395965771386,9_1451
COc1ccnc(-c2ccnc(Nc3ccc4[nH]c(C(=O)N5CCOCC5)cc4c3)n2)c1,-7.3,3.622714495181979,9_1452
NCn1c(-c2ccccc2N(CC2=CC=CC2)Cc2ccccc2)nc2ccccc21,-6.8,3.5879231796315265,9_1453
CCOC(=O)c1ccc(NC(=O)N2CCCCCC2)cc1,-6.2,2.637559414605218,9_1454
O=C(O)c1cccc(C(=O)Nc2ccccc2[N+](=O)[O-])c1,-6.8,3.6029208477517347,9_1455
COc1ccc(C[C@H](N)COc2ccccc2-c2ccc(C#N)cc2)cc1OC,-6.1,3.7317255556760216,9_1456
CCc1ccccc1[C@@H]1CCN2C(=O)c3cc(OC)cc(Br)c3[C@@H]2C1,-7.1,3.490407969971635,9_1457
O=Cc1cc2cc(NS(=O)(=O)c3cc(Cl)ccc3Cl)nn2c2ccccc12,-7.6,3.66653620702424,9_1458
Cc1oc(-c2ccccc2)cc1C(=O)N(CC(=O)O)Cc1ccccn1,-6.9,3.7882495644871614,9_1459
COc1ccc(Nc2nccc(Nc3nc4cc(C(=O)O)ccc4c4sccc34)n2)cc1,-7.7,3.3657452526356013,9_1460
Cc1c(N(Cc2ccc(F)c(F)c2)S(=O)(=O)c2cccc3nsnc23)sc2ccccc12,-8.5,3.4729371879941846,9_1461
CC(=NCc1ccsc1)Nc1ccc2c(c1)[C@@H](NC(=O)c1ccc(Br)cc1)[C@H](O)C2,-7.2,3.536407579749252,9_1462
Cc1nnc(-c2ccc(-c3cnc4ccc(N[C@@H](C)CC[CH]NS(=O)(=O)c5ccccc5C)nn34)cc2)o1,-7.3,3.1998936470843784,9_1463
C=CCn1cc(NC(=O)c2cnccn2)cn1,-5.1,3.5568721915119226,9_1464
CNc1nc(Nc2ccccc2)cc2nc(-c3ccco3)nn12,-7.0,3.6390935501487958,9_1465
O=C(NCc1cccs1)c1ccc(N=Cc2c(O)[nH]c3cc(Cl)c(F)cc23)cc1,-7.2,3.5387811208078235,9_1466
C[C@@H]1CC2C[CH]C[C@@H]3CC[C@@]4(C)OO[C@@]23[C@H](O[C@H]1OCc1ccccc1C(F)(F)F)O4,-7.9,2.208692808751974,9_1467
COC=C1C=C(CC=NN=CS2=C(c3cccc4ccccc34)NN2)CC1=O,-7.1,3.2440726215929168,9_1468
O=C(NN=Cc1ccc(O)cc1O)c1ccc(-c2nnc(-c3ccc4ncccc4c3)o2)cc1,-6.8,3.2727894741478276,9_1469
C[N+]1(C)CCC(OC(=O)c2ccc3c(c2)OCO3)CC1,-6.7,3.3976144492256046,9_1470
Cc1ccc(S(=O)(=O)NNC(=O)c2ccc(-c3nnc(-c4ccccc4C)o3)cc2)cc1,-7.4,3.5565004708975985,9_1471
CN(C)CCCNC1CCCN(C(=O)C2CC2c2ccccc2[N+](=O)[O-])CC1,-6.5,2.4003848880606253,9_1472
Cc1cscc1C(=O)NC1(c2ccc(Cl)c(Cl)c2)CC1,-6.0,3.669013893190951,9_1473
O=C(CO)Nc1cc(NC(=O)Nc2ccc(Oc3ccnc4cc([N+](=O)[O-])ccc34)cc2)cc(C(F)(F)F)c1,-7.2,3.1177060772137795,9_1474
Cc1cccc(CC(=NC(=O)c2ccccc2)C(=O)NCCN2CCOCC2)c1,-5.8,3.698123656181809,9_1475
CN1CCN(C(=O)c2cncc(CNC(=O)c3ccc(-c4ccnc(F)c4)cc3)c2C2CC2)CC1,-6.6,3.601960999662242,9_1476
N=C(Nc1cccc2ccccc12)NC(c1cccc(Br)c1)c1ccc2cccnc2c1O,-8.7,3.1093027516677774,9_1477
CC1=CC(C)(NC(=O)C2(Nc3nncs3)CCCC2)c2ccccc21,-6.6,3.6892371586011192,9_1478
CN(CCc1ccccc1)C(=O)c1nc2ccccc2c(-c2ccccc2)c1C(=O)Nc1ccc(F)cc1,-8.2,3.394604300136101,9_1479
CC(=CCC=C(F)c1ccc(C(O)(C(F)(F)F)C(F)(F)F)cc1)c1nc[nH]n1,-7.1,3.6078958230940343,9_1480
C=CCSc1nc(=O)n2ccccc2n1,-4.8,3.4601722671117905,9_1481
Cc1ccc(Cn2cc(-c3cc(C(=O)O)ccc3Cl)c3cc(-c4cnc(N)nc4)ccc32)cc1,-8.4,3.48353642993088,9_1482
O=C1O[C@@H](Cn2cc(F)ccc2=O)CN1c1ccc(N2CCC(Oc3ccccc3)CC2)cc1,-7.1,3.6116299929800224,9_1483
CCCCC1(CCCC)CS(=O)(=O)c2ccc(N(C)C)cc2[C@@H](c2ccc(F)cc2)[C@H]1O,-6.2,2.702377674465174,9_1484
O=[N+]([O-])c1ccc2c(c1)c(OCc1ccccc1)nn2C1CCCCC1,-7.4,3.620647544425565,9_1485
Cc1ccc(O)c(C(c2nnnn2Cc2ccccc2)N2CCCc3ccccc32)c1,-7.9,3.684531610279652,9_1486
Cn1ccnc1C1Cc2cc(-c3ccc(-c4ncccc4C#N)cc3)ccc2OCCN1,-6.9,1.8109487268617488,9_1487
O=c1[nH]ccc(N2CCN(CCc3ccc(F)c(F)c3)CC2)c1C1=NCC=C(N2CCOCC2)C=CC1,-7.0,1.6542406219228663,9_1488
[C-]#[N+]c1c(F)ccc([C@@H]2CN3CCN(C(=O)Cc4ccc(-n5cnnn5)nc4)C[C@@H]3CO2)c1C,-7.4,3.463997597522087,9_1489
O=C(Nc1ccc(C(=O)N2CC3(CCNCC3)C2)cc1)N1Cc2ccccc2C1,-7.7,3.4804653232857286,9_1490
CC=C1C=CC(Cn2cc([C@H](CO)Nc3ncnc4c3CN(c3ccc(Cl)cc3C#N)CC4=N)c3ccccc32)C=C1,-8.7,3.2264832366243548,9_1491
O=C(CCCCCC(O)=NO)NC1CCN(C(=O)Nc2ccccc2-c2cccc(Cl)c2)CC1,-6.1,3.025767975702945,9_1492
O=C(C=CC1=CCC=C=C1)NC(c1ccccc1)c1ccccc1C(=O)c1ccc(Cl)cc1,-7.8,3.3475041855812195,9_1493
COC1=CC=C(c2n[nH]c(SC(C)C(=O)Nc3ccccc3NC(=O)c3ccccc3)n2)C=CC1,-7.4,2.5013859578470936,9_1494
COc1ccc(CCNC(=O)c2ccc3c(c2)N(Cc2ccc(C)cc2)CCS3)cc1OC,-6.8,3.672418544405832,9_1495
CC(C)OC(=O)C1C=C[C@H](NC(=O)CCCl)c2ccccc2N1S(=O)(=O)c1ccc(Cl)cc1,-5.9,2.555478989753074,9_1496
C(=Cc1cc(COc2ccccc2)on1)COC1CCCCO1,-6.2,3.692264429116947,9_1497
Cn1c(-c2ccc(C(N)=NO)cc2)nc2c(NCCCn3cccc3)nccc21,-7.0,3.125678925270534,9_1498
Cc1ccc(S(=O)(=O)Nc2ccc(S(=O)(=O)Oc3cccc([N+](=O)[O-])c3)cc2)cc1C,-7.8,3.418227109277527,9_1499
CCOC(=O)Cc1csc(NC(=O)c2ccc(NC(=O)C(C)(C)C)cc2)n1,-5.6,3.6629348050031267,9_1500
O=C1NCN(c2ccccc2)C12CCN(C1CCc3ccc(Cl)cc3C1)CC2,-7.5,3.4675098763637404,9_1501
Cc1ccc(NC(=O)c2ccc(CN3CCN(C)CC3)cc2)cc1Nc1nccc(-c2cccnc2)n1,-7.2,3.5539481623175466,9_1502
CCOCCC(CC(N=CCC#N)=Nc1ccc(-c2ccc(C(=N)NC(=O)c3cccc(Cl)c3)cc2)cc1)=NC,-5.0,3.229581380375074,9_1503
CCOc1ccccc1NC(=O)CSc1nnc(-c2ccncc2)n1-c1ccc2c(c1)OCO2,-7.3,3.459448926638693,9_1504
O=C(CCc1ccccc1)Nc1ccc(C(=O)NCc2ccccn2)cc1,-6.7,3.6914887002451744,9_1505
CC1=CC=C([C@H]2C(C(=O)O)=CC[C@@H](c3cccc(Cl)c3)N2c2ccccc2C)C1,-6.9,3.4984720762437957,9_1506
CC(=O)c1ccccc1-c1cc(-c2cnc(C(=O)O)c(C)c2)ccn1,-6.8,3.7450120542911858,9_1507
C#CCN(Cc1ccc2[nH]c(C)nc(=O)c2c1)c1ccc(C(=O)NC(CCCCNC(=O)c2ccccc2)C(=O)O)cc1,-6.4,3.0604140212328774,9_1508
O=c1[nH]c2ccc(Nc3c(Cl)cncc3Cl)cc2c(Oc2ccccc2)c1Cl,-7.6,3.63535799023437,9_1509
CCCC(=O)NCC(C)c1cnn(-c2ccc(F)cc2F)c1,-5.9,3.739751828551591,9_1510
O=C(N/N=C/c1cc2ccccc2cc1-c1nn[nH]n1)c1ccccc1Cl,-7.8,3.576241224603999,9_1511
COc1cc(N2CCN(C(C)=O)CC2)ccc1Nc1ncc(Cl)c(Nc2ccc(N3CCN(C(C)=O)CC3)cc2Nc2ccccc2)n1,-6.6,3.035818929131467,9_1512
COC1=CC=CC2CC(=C1)C2=C/C=C\c1c(Cl)c2cccc(C)c2oc1=O,-7.8,1.5003468585851225,9_1513
CNCCN(Cc1ccc(F)c(F)c1)c1ccc(-c2cc3ccccc3s2)cc1,-6.3,3.5335997726532113,9_1514
O=C(Cc1ccc(-n2cncn2)cc1)Cc1nc(-c2ccccc2)c[nH]1,-6.4,3.7259339094330164,9_1515
C[C@@H]1CN([C@H](C)CO)S(=O)(=O)c2ccc(-c3ccc(C#N)cc3)cc2O[C@H]1CN(C)C(=O)Nc1ccccc1,-7.2,1.732221781280166,9_1516
COC=CC1=CC(OC=C(N=CC(=NC=O)N2CC[C@@H](N)C2)c2cc(-c3cccs3)ccn2)=C1,-6.4,3.274071583926286,9_1517
O=C(Nc1ccc(Cl)c(C(F)(F)F)c1)Nc1ccc(C(=O)NCc2ccc(OC(=O)Nc3ccccc3)cc2)cn1,-7.3,3.2402620499196266,9_1518
Cc1ccccc1[C@@H](O)C1CCN(S(=O)(=O)c2cn(C)nc2C)CC1,-6.4,3.7775187082271833,9_1519
Cc1c(C(=O)NN2CCCCC2)nn(-c2ccc(Cl)cc2Cl)c1-c1ccc(Cl)s1,-6.2,3.7149243299338823,9_1520
O=C(NN=Cc1cc([N+](=O)[O-])ccc1O)c1ccc(-c2nnc(Nc3ccc(Br)cc3)o2)c2ccccc12,-5.4,2.9808015703375865,9_1521
O=C(CC1=NCc2ccccc2N1)NC1CC1,-5.6,3.435498480776845,9_1522
O=c1cc2n(cc1O)CCN(S(=O)(=O)c1ccccc1)C2,-6.3,3.6762162765309743,9_1523
CC(C)=CCC/C(C)=C/C(=C\c1ccccc1)C(C)=CC=C(C)CC(=O)O,-6.8,3.199149305151116,9_1524
CCOC(=O)c1c(NC(C2CCC2)C2CC2)[nH]c2ccc(OC)cc2c1=O,-6.8,3.5702848821211477,9_1525
CC(C)CC(=O)N[C@H](C)c1nc2ccc(F)cc2s1,-6.1,3.7037608956566443,9_1526
Cc1cccc(-n2c(-c3ccccc3Cl)nc3c(Cc4ccccc4)cccc32)c1,-8.4,3.2448243425611043,9_1527
CCC(=O)Nc1ccc(-c2cccc(C(=O)N3CCCC3)c2)cc1,-7.0,3.6975506748990656,9_1528
CC(=O)NCCN1CCN(c2ccc(Nc3ncc4occ(-c5ccccc5C(F)(F)F)c4n3)cc2)CC1,-6.5,3.5185992582542243,9_1529
CC(C)(C)c1ccc(CC(=O)N2CCC(N(N)CC(=O)N3CSC[C@H]3C#N)CC2)cc1,-6.4,3.435067325552988,9_1530
N#Cc1c(-c2ccc(Cl)cc2)[nH]c(SCc2ccccc2)nc1=O,-6.6,3.7024853789882672,9_1531
O=C(CS(=O)(=O)CCCc1c[nH]cn1)Nc1ccccc1,-5.7,3.664345010571933,9_1532
Nc1nc(N)c2nc(NCCN3CCOCC3)ccc2n1,-6.0,3.3848645712103167,9_1533
N=C(N)c1ccc(-c2cc3cc(C(=N)N)ccc3[nH]c2=O)cc1,-8.0,3.2749045240790133,9_1534
O=C(Nc1ccc(S(=O)(=O)N2CCOCC2)cc1)N1CCC[C@@H]1CO,-6.4,3.459433758860926,9_1535
C[C@H](Nc1nc(Cl)nc(N(C)C)n1)c1ccccc1,-6.2,3.749529736664674,9_1536
CCC(NC(=O)c1cccc(C#N)c1)C1CCCc2ccccc21,-6.6,3.661826766299315,9_1537
CN(C)Cc1nc2ccccc2c(=O)n1-c1ccccc1,-6.3,3.6699612255287772,9_1538
Cc1c(C(=O)NCCN(Cc2ccccc2)C(C)C)cnn1-c1ccccc1,-6.8,3.733999226353772,9_1539
CCCSC=CC=CC(=O)Cc1ccc2c(c1)CCN(CC1CCCCC1)C2,-6.4,3.0872020340953563,9_1540
COC=C[C@@]12CCN(CO)[C@@H]1C[C@@H](C)[CH]c1cc(O)ccc1[C]2O,-5.9,1.5909202197236745,9_1541
O=C(C(=NO)c1ccc(Br)s1)c1cccc2ccccc12,-6.4,3.470512736509829,9_1542
O=C(CNc1cccc(Cl)c1)NC(CCSI)c1ccccc1,-5.7,3.596000256308482,9_1543
O=C(NC1CC1)N1CCN(c2ccc(Nc3cc4c(ccc(=O)n4C4CCCC4)cn3)c(Cl)c2)CC1,-7.3,3.456180774722489,9_1544
COc1cc(/C=C/C(=O)c2ccc(F)cc2)cc(C=O)c1OC(=O)C1C=CC=COC1,-7.1,2.3014130668886983,9_1545
O=Cc1c(-c2ccc(-c3cccc(-c4cccc(Cl)c4)n3)cc2)[nH]c2ccccc12,-8.1,3.3627008646447267,9_1546
CNc1ccc2ncc(-c3ccc4[nH]ccc4c3)n2n1,-7.3,3.6377419461138887,9_1547
Cc1ccccc1NC(=O)Nc1ccc(CC(=O)NC(CC(C)C)C(=O)N2CCC(C(=O)c3ccccc3)CC2)cc1,-7.7,3.3305858800140573,9_1548
COC(=O)C1=C(c2ccc(F)cc2OCc2ccccc2)C[C@@H]2CC[C@H]1N2C(=O)NCc1cccnc1,-7.3,3.539520072031312,9_1549
O=CNC1(c2cc(CC3C=CN=C(c4ccc(Oc5ccccc5)cc4)N3)c[nH]2)CC1,-6.7,3.4850020791293077,9_1550
CCc1ccc(-n2cnc(-c3ccccc3)c2)cc1-c1nc(CCCO)c[nH]1,-7.3,3.653179386278631,9_1551
COc1ccc(C(=O)N2C[C@H](c3ccc(Cl)cc3)[C@@H](N(C)C)C2)cc1,-6.6,3.6782080178297236,9_1552
O=C(CCc1ccccc1)O[CH]C[C@@]12COC(=O)[C@]1(O)CC1[C@H](O)C[C@@]3(O)[C@H](O)C[C@H]2[C@H]13,-6.6,2.9415403768582356,9_1553
Nc1nc(C(N)(c2ccc(Cl)cc2)c2ccccn2)cc2sc(-c3ccccc3)nc12,-8.0,3.5203322812847393,9_1554
CSc1nnc(NC(=O)CSc2nc3c(oc4ccccc43)c(=O)n2-c2ccccc2)s1,-7.6,3.194268860349118,9_1555
COc1ccc2c(c1)CN(S(=O)(=O)c1ccccc1C)CCN2C,-6.7,2.7707979911766047,9_1556
C[C@@H]1CCCCO[C@@H](CN(C)Cc2ccc(C(F)(F)F)cc2)[C@@H](C)CN([C@H](C)CO)C(=O)c2cc(NC(=O)C3C=CC=COC3)ccc2O1,-6.0,1.8280607238847493,9_1557
Cc1ccc(Nc2cc(C)nc3nc(-c4ccco4)nn23)c(C)c1,-8.6,3.726571227222197,9_1558
O=C(COC(=O)c1ccc(NC(=O)COc2ccccc2)cc1)Nc1ccc(F)c(F)c1,-6.3,3.624762602938678,9_1559
CCn1c(=O)c2cc(-n3nc(C(F)(F)F)cc3C(=O)NCc3ccccc3)ccc2n(C)c1=O,-8.7,3.6544689896886675,9_1560
O=C(C1CCOCC1)N1CCC2(CCCN(Cc3ccccn3)C2)CC1,-6.5,3.362496448858594,9_1561
CN(C)C1=NC(c2ccc(NC(=S)Nc3ccc(F)cc3)cc2)c2ccccc2S1,-7.8,3.61478468687542,9_1562
Cn1cc(-c2cc3ncccc3c(=O)n2-c2ccc(O)cc2F)cn1,-7.1,3.6883513153364977,9_1563
O=C(O)c1ccccc1NC(=O)N1CCOCC1,-6.4,3.5276564336956353,9_1564
Cc1nnc(-c2ccccc2NC(=O)CN2CC(=O)N(C)C2)o1,-6.6,3.67035252028664,9_1565
CC(C)CNC(=O)/C=C/c1ccccc1,-4.8,3.3050028273442154,9_1566
C=C(C)C(=O)Nc1cccc(-c2nc(Nc3ccc(N4CCN(C)CC4)cc3OC)ncc2Cl)c1,-6.2,3.5779158279353416,9_1567
[N-]=[N+]=NCc1ccc(C2=NNC(c3ccco3)C2)cc1,-6.3,3.5783161070787086,9_1568
O=C(O)c1cccnc1Nc1cccc(F)c1,-5.8,3.6360962091312734,9_1569
COc1ccc(CC2COC(=O)C2Cc2ccc(OC(=O)N(C)CCO)c(O)c2)cc1OC,-6.6,3.500563890840036,9_1570
Nc1ncnc2c1cnn2C(COCCP(=O)(O)O)CSCCP(=O)(O)O,-6.1,2.699421828565114,9_1571
CCN(CC)CCCNC(=O)COC1=CC(=O)c2c(O)cccc2C1=O,-5.7,3.5123726173861396,9_1572
Oc1ccc(-c2nc(-c3ccc(N4CCN(Cc5ccccc5O)CC4)cc3)no2)cc1,-7.3,3.641844136580847,9_1573
Cc1c(C(=O)c2c3ccccc3c(O)c3ccccc23)c2ccccc2n1C(c1ccccc1)c1ccccc1,-8.2,3.118973485559931,9_1574
CNCC(=O)N1c2ccccc2Sc2ccccc21,-5.7,3.6381345684618918,9_1575
CCNC[C@@H]1CN(Cc2ccccc2OC)CC(=O)N1CCc1ccccc1,-6.6,3.671858940524203,9_1576
Clc1cccc(-c2cnc3cnc(-c4ccc(CNc5ccccc5)cc4)cn23)c1,-8.3,3.5046368507768033,9_1577
NC(=O)c1cc2c([nH]c3ccccc32)c(-c2ccc(F)cc2)n1,-8.1,3.600397110723132,9_1578
Cc1cc(COc2ccc(C(=O)NCc3nc4c(s3)CCCC4)cc2)ccc1Br,-7.1,3.711170725618649,9_1580
COc1cccc(NC(=O)NC2CC(C)(C)Oc3ccccc32)c1,-7.6,3.7267020889339904,9_1581
Cc1ccoc1C(=O)Nc1ccc(N2C(=O)c3ccccc3C2=O)c(Cl)c1,-6.8,3.6964748402535306,9_1582
O=C1C=C([C@H]2C[C@H](O)[C@H](COC(=O)c3ccccc3)O2)C(=O)N1,-6.9,3.377878772940366,9_1583
O=C(/C=C/C(=O)c1ccc2c(c1)OCO2)/C=C/c1cc2ccccc2oc1=O,-6.9,3.5295301731439523,9_1584
Cc1ccc(C)c(OCC(=O)N2CCc3ccccc3C2)c1,-6.7,3.5711647391198493,9_1585
COC(=O)C(Cc1ccc(OCc2cc(OCc3ccccc3)ccn2)cc1)NC(=O)C(NC(=O)c1ccccc1)C(C)C,-6.3,3.2348461388877605,9_1586
CCOc1ccccc1C1CCCN(Cc2nc(C(C)C)no2)C1,-6.3,3.689268896148576,9_1587
Nc1nc2c(cnn2CCN2CCN(c3ccc(F)cc3)CC2)c2nc(-c3ccco3)nn12,-7.5,3.4228279873718748,9_1588
N[C@@H](CC(=O)N1CC[C@H]2[C@H](CCc3nnc(C(F)(F)F)n32)C1)Cc1ccccc1,-6.9,3.6579214875860915,9_1589
CCCc1cc(=O)oc2cc3occc3cc12,-6.4,3.5292637533925544,9_1590
CCCCN(C(=O)c1ccccc1Cc1ccccc1)C1CCOC1,-6.7,3.5657252889764246,9_1591
O=C(O)c1ccc2cc(N(CC3CCCCC3)C(=O)c3cccc4ccccc34)cccc1-2,-8.6,2.405454888536995,9_1592
COc1ccc(-n2c(CN3C(=O)c4ccccc4C3=O)n[nH]c2=S)cc1Cl,-7.2,3.6591815496918785,9_1593
O=C(COc1ccc(C23CC4CC(CC(C4)C2)C3)cc1)c1ccc(Nc2ccnc(N3CCCCC3)n2)cc1,-7.2,3.1003506156921814,9_1594
O=S(=O)(NCCCN1CCN2CCCN3C=Nc4ccccc4N3C2C1)c1ccccc1,-6.9,2.4764658231037937,9_1595
COc1cc(C(=O)Nc2cccc(NC(=O)c3cccc(C)c3)c2)ccc1O,-6.8,3.655793090969397,9_1596
COc1nc(N[C@H]2CC[C@@H](NC(=O)c3ccc(F)c(F)c3)CC2)nc2sccc12,-7.4,3.725124199209554,9_1597
CN(C)CCCOc1cc(C(=O)Nc2cccc(S(=O)(=O)N(C)C)c2)sc1-c1ccnc(C(F)(F)F)c1,-6.7,3.4723938383440034,9_1598
NC(=O)c1cccc(-c2ccnc3c2CC(C(=O)NC2=CC=COC2)O3)c1,-7.2,3.602528422363316,9_1599
C[C@@H](CC#N)NC(=O)NCc1noc(-c2ccco2)n1,-5.9,2.4352011475342152,9_1600
Cc1ccccc1-n1c(CCCC=CC=COCC(=O)O)nc2ccc(F)cc21,-6.4,3.5285142146719406,9_1601
CN(C)S(=O)(=O)c1cccc(NC(=O)CN2CCN(c3ccccn3)CC2)c1,-6.9,3.7114870136022207,9_1602
CC1=NC(c2ccccc2)=C(c2ccccc2)C=S1C=CC1=CC=CN(C(=O)CC(C)(C)C)C=C1,-6.6,2.292556340077555,9_1603
CC(C)Cc1c(-c2ccc(O)c(O)c2)c(-c2ccccc2)nn1-c1ccccc1,-6.8,3.5565442643299585,9_1604
O=C1C(NS(=O)(=O)c2ccc([N+](=O)[O-])cc2)CCN1c1ccc(-c2ccccc2)cn1,-7.4,3.5889592559626693,9_1605
Cc1ccc(S(=O)(=O)C=Cc2cc3ccccc3oc2=O)cc1S(=O)(=O)N1CCOCC1,-7.3,3.593573947592051,9_1606
O=C(c1ccc(C(F)(F)F)cc1)C1CCN(C(=O)c2ccc(C(F)(F)F)cc2)CC1,-7.6,3.5142194608606436,9_1607
O=S(=O)(NCC1CCCCO1)c1ccc(N2CCCCS2(=O)=O)cc1,-6.4,3.521147454142371,9_1608
COc1cc2ncnc(-c3cccc(NC(=O)Nc4ccc(Cl)cc4)c3)c2cc1OC,-8.5,3.6167431906330005,9_1609
O=C1NC(=O)C(c2c(O)cc(O)cc2O)=C1c1ccc(O)cc1,-7.0,3.3039738882583936,9_1610
Cc1cn2nc(-c3cccc4ccccc34)cc2c(=O)[nH]1,-7.2,3.5835152781784387,9_1611
COc1ccc(N2CCN(C(=O)c3ccc(Cl)cc3)CC2)c([N+](=O)[O-])c1,-7.0,3.645414971761765,9_1612
Cn1cc(-c2nccnc2CNC(=O)c2ccnn2C(F)F)cn1,-6.5,3.6503633338155637,9_1613
FC1(F)CCN(CCc2cc3ccccc3[nH]2)CC1,-6.4,3.488132480575143,9_1614
COc1ccc2cc(C(=O)Nc3ccc(Nc4ccnc5[nH]c(=O)c6ccccc6c45)cc3)ccc2c1,-7.7,3.2194277601175187,9_1615
CCOC(=O)c1cnc(NN2C(=O)C=C(C)C2=O)nc1Nc1cccc(C)c1,-7.2,3.5342341593303974,9_1616
C/C=C(\CO)[C@@H]1C[C@@]23C[C@]1(C(C)C)CC(C)C2C(=O)C(=O)[C@@]3(O)COC(=O)c1ccccc1,-6.7,3.1758103455478075,9_1617
COc1ccc(-n2ncc3c(N/N=C/c4ccc(Oc5ccccc5)cc4)ncnc32)cc1,-6.1,3.403156675278717,9_1618
CS1=CC=CC(c2cc(C(F)(F)F)n3nc(C(=O)NCc4ccccc4)cc3n2)C1,-7.4,3.734040808542309,9_1619
C=C(C)n1c(=O)n(Cc2nc3cccc(C(F)(F)F)c3s2)c2ccccc21,-7.3,3.62581387759678,9_1620
Oc1c(Nc2ccc(C3=COCCCO3)cc2)ccc2ccccc12,-7.1,2.6682773895244623,9_1621
Cn1cc(-c2cc(OCC3(C)CO3)c3c(c2)nc(-c2ccccc2)n3C2CC2)cc1C(N)=O,-7.8,3.5262185282467797,9_1622
CN(C)c1cccc(C(=O)N(CCCCCC(O)=NO)CC(=O)NCc2ccccc2)c1,-7.0,3.123611135010026,9_1623
COc1ccc(-c2nn(-c3ccccc3)cc2C(=O)N2CC(=O)Nc3ccc(F)cc32)cc1,-8.0,3.6985394429001874,9_1624
O=C1OC(c2cccs2)=N/C1=C\c1cccc(Oc2ccccc2)c1,-7.1,3.6102741971894767,9_1625
N=C(N)NCCCCC(=O)N=Cc1ccc(Oc2cccc(NC(=O)c3ccc(C(=O)Nc4ccc(Cl)cc4)cc3F)c2)[nH]1,-7.0,2.8292328413490027,9_1626
C=CC=CC(=O)NC,-3.7,1.595803807970789,9_1627
C=CCNC(=O)Nc1ccc(S(=O)(=O)Nc2ccccc2C(=O)N2CCN(C)CC2)cc1,-6.8,3.546038820555567,9_1628
O=C(COc1ccc(F)cc1Br)NCC(=O)NC(=O)NC1CCCCC1,-6.4,3.526507164024826,9_1629
Cc1nc(-c2ccc(C)c(S(=O)(=O)NCCC(=O)Nc3ccc(OC(F)F)cn3)c2)no1,-6.2,3.4735272954847463,9_1630
O=[N+]([O-])c1ccc(-c2csc(N3N=C(c4ccccc4)CC3c3ccccc3)n2)cc1,-7.9,3.486134191498472,9_1631
COc1ccc(OCCN2CCOCC2)cc1NC(=O)c1ccc(-n2cc(-c3ccc(O)c(O)c3)nn2)cc1,-6.4,3.206349392982272,9_1632
CN(C(=O)Cn1c(=O)oc2ccc(-c3ccccc3)cc21)c1ccccc1,-7.1,3.654445359551108,9_1633
CC(C)c1ccc(NC(=O)C(Cc2ccccc2)NS(=O)(=O)c2ccc3c(c2)CCC(=O)N3)cc1,-7.8,3.5628730735432157,9_1634
COC(=O)CNc1cc2cccc(C)c2nn1,-5.6,3.611151712080506,9_1635
Cc1ccc(N2CCN([C@H]3CNC(C(=O)N4CCSC4)C3)CC2)cc1,-6.9,3.428953188574768,9_1636
Cn1nc(-c2ccc(Cl)cc2Cl)cc1Nc1cc(O)cc(O)c1C(=O)N1Cc2ccccc2C1,-7.9,3.5178232188271483,9_1637
CC1=Nc2nc(N)nn2C(c2ccccc2)C1,-6.2,3.605280845019888,9_1638
c1ccc(OCCNCc2ccc(CNc3ncccn3)cc2)cc1,-6.1,3.6492510622522305,9_1639
Cc1ccccc1-c1c2c(nn1-c1ccccc1F)-c1nc(Nc3ccccc3)ncc1CC2,-8.3,3.5067527826066858,9_1640
CC(C)CC(=O)Nc1ccc(C(=O)CNC(C)CC(C)C)cc1,-5.5,3.5004323730817273,9_1641
N#Cc1cccc(NC(=O)CN2CC3CC(C2)O3)c1,-6.0,3.3741278907990746,9_1642
Cc1c(C(=O)Nc2c(C)n(C)n(C3CCCCC3)c2=O)nnn1-c1ccc(Cl)cc1C(F)(F)F,-7.7,3.650851132217227,9_1643
CCCC(Cc1ccccc1NC(=O)Nc1ccc(OC)cc1)C(=O)Nc1c(CC)cccc1C(C)C,-7.3,3.3520203188926563,9_1644
Cc1nn(-c2ccccc2)c(C)c1CN=C(NCc1c(F)cccc1Cl)n1ccnc1N,-8.3,3.5578677150290785,9_1645
COC=CC(Cl)(C=CCl)Nc1c(C#N)cnc2cc(C#Cc3ccsc3)c(OC)cc12,-5.7,3.4127148660717532,9_1646
O=C(OCC1(CO)OC(=O)c2ccc3ccccc3c21)c1ccc(F)cc1[N+](=O)[O-],-7.0,3.515719727437438,9_1647
Cc1cc(-c2cnn3c(NCC4CCOCC4)cc(Oc4ccccc4)nc23)ccc1C(=O)NC1CC1,-7.6,3.4343733750811842,9_1648
COc1cccc(Cn2cc(C(=O)NCc3c(C)cc(N)nc3C)cn2)c1,-7.5,3.699483358225704,9_1649
C=C1C(=CC=CC#N)CC=CC=C1C(=C1CCN(CC2CC2)CC1)c1nc2cc(F)c(F)cc2[nH]1,-7.1,2.4205032989093036,9_1650
Cc1cc(-c2cnc3cc(-c4ccc(NC(=O)c5ccccc5)cc4)ccn23)c2cc(C(F)(F)F)ccc2c1C,-7.5,3.284762000984723,9_1651
Nc1ccc(CN2C[C@@H]3CC[C@H]2CN(Cc2cccnc2)C3)cn1,-6.9,2.585413909403249,9_1652
O=c1cc(-c2ccc(OCc3cc(Br)cc(Br)c3)cc2)oc2cc(O)ccc12,-7.2,3.619944664870082,9_1653
O=C(Nc1ccc(F)cc1)Nc1ncccc1OCc1ccccc1Cl,-7.7,3.707657393477823,9_1654
CCC1CC(=S)N(c2ccc(-c3ccccc3OC)cc2)C(=O)N1,-6.9,3.695345926117941,9_1655
CCOC(=O)C(Oc1ccc(C=CC(=O)CC(=O)/C=C/C(=O)C=COC)c(OCC)c1)C(COC(=O)CC)C(C)C,-4.9,2.8399862497573896,9_1656
CC(C)[CH]C1CCN(CCC(CN(C)C(=O)c2ccccc2)c2ccc(Cl)c(Cl)c2)CC1,-5.7,3.3669117136695452,9_1658
Cc1ccc(NC(=O)CN2CCN(C(=O)c3ccc(C(C)(C)C)cc3)CC2)cc1,-7.3,3.7410803129616967,9_1659
Cc1ccc(S(=O)(=O)Nc2cccc3c(-c4ccc(C(C)C(=O)O)cc4)cccc23)cc1,-7.9,3.5894425206630833,9_1660
CON(CCCc1ccc(N(CCCl)CCCl)cc1)[C@H]1O[C@@H](/C=C/C(=O)O)[C@@H](O)[C@H]1Oc1ccccc1,-5.8,3.2386858952090867,9_1661
C=Cc1c(F)cccc1N1C(=O)C(C)C(=NS(=O)(=O)c2ccc([N+](=O)[O-])cc2)C[C@H]1C1=CC=COC1,-6.8,3.425718637850044,9_1662
CN1C(=O)CSC(C(=O)Nc2ccc([C@@H]3CCCc4ccccc43)cc2)C1=O,-8.0,3.600246122536853,9_1663
CN(CCCNc1nc2ccccc2n2cccc12)CC1CCCCC1,-6.2,3.616275020476918,9_1664
CCSc1cc(C(=O)O)cc2c(NS(=O)(=O)c3ccccc3OC)cccc12,-6.3,3.65513863243243,9_1665
O=C(Cc1ccc(S(=O)(=O)N2CCN(c3cccc(Cl)c3Cl)CC2)cn1)N1CCN(c2ccccc2F)CC1,-7.1,3.5194086139407763,9_1666
COc1ccccc1-c1ccnc(N[C@H]2COC[C@@H]2NC(=O)c2ccc(-c3ccc(Cl)cc3C#N)cc2)n1,-6.6,3.500925574587898,9_1667
COc1ccc(-c2cc3c(C)nc(N)nc3n(CCCN(C)C)c2=O)cc1,-7.0,3.720671081066376,9_1668
O=C(NCCc1ccc(Oc2ccccc2)cc1)c1cccn(-c2ccc(F)c(F)c2)c1=O,-7.2,3.651964127373139,9_1669
CCN(CC)c1nc(N(C)C)c(NC(=O)Nc2ccccc2[N+](=O)[O-])s1,-6.4,3.529750293732252,9_1670
CC=C(C=CC=Cc1nc(S(C)(=O)=O)nn1C(C)=CC=COC)C(=O)Nc1ccc(NC(=O)NCc2ccc(C(F)(F)F)cc2)cc1,-6.8,2.9538055305448605,9_1671
CC=CC(=NC(=O)C1=CC=CC1)C(=O)NCCCNC(=O)C1(C)CC1(Cl)Cl,-6.4,2.0891819630720065,9_1672
CCN=C(COc1nc(OCCc2ccccc2)ncc1C(=O)NCc1ccccc1-c1ccccc1)CC(=O)OCC,-7.1,3.161970997168182,9_1673
COC1=C(C=CS23C=C(N(C(=O)c4ccc(Cl)cc4)C4CC4)C=C(CCC2)C3=O)C=C2COCC=C21,-7.3,3.243342992154167,9_1674
COc1ccc(/C=C/C(=O)CC(C)=O)cc1,-4.7,3.4151182204549952,9_1675
CC(=O)N([CH]C1C=CN=CNC1)Cc1c2ccccc2cc2ccccc12,-7.1,2.669440224723347,9_1676
COc1ccc(N=Cc2ncc3c(c2CCNC(C)=O)=CCC=3)cc1,-7.1,3.698586004745172,9_1677
COc1cc(-c2ccnc3cc(OC)c(OC)cc23)c(Cl)cc1C#N,-6.3,3.7628700864476805,9_1678
CN(c1cccc(F)c1)S(=O)(=O)c1ccc(C(=O)Nc2ccccc2C(F)(F)F)cc1,-7.0,3.66358835547911,9_1679
CCCN1C/C(=C\c2ccc(C(C)C)cc2)C(=O)/C(=C/c2ccccc2[N+](=O)[O-])C1,-6.7,3.493387032307571,9_1680
C[C@](O)(CN1CCCCC1)C(=O)Nc1nc(-c2ccccc2)cs1,-7.1,3.759630427282744,9_1681
COC=CC=C1C=Cc2c(cccc2C(=O)N2CCC[C@@H]2c2nc(C)c[nH]2)C(=O)N[C@@H](Cc2ccccc2)[C@H](O)CN(CC(C)C)S1(=O)=O,-6.2,1.1846311849777318,9_1682
CCOC1C(=O)N(CC2CN2)c2ccc(OC)cc2[C@H]1C1=CC=C(OC)C1,-6.1,3.4154878541142875,9_1683
CC(=O)NC1CC2CCCC(C1)N2C(=O)c1cc(-c2ccc(C)c(C)c2)[nH]n1,-7.1,3.6200056975232364,9_1684
COc1cc(NC(=O)c2ccc3ccccc3c2)ccc1-c1cn[nH]c1,-6.8,3.6640319725207684,9_1685
O=C(N1CCOC2CCCC21)[C@@]12CCO[C@@H]1CCN(CCO)CC2,-6.5,2.2032507590443617,9_1686
C#Cc1cccc(Nc2nc(N)c3cnn(-c4ccc(F)c(F)c4)c3n2)c1,-7.6,3.611853735724363,9_1687
CC=C1C=C(CNC(=O)c2c[nH]c(=O)nc2C)OC=C1C,-6.6,3.6259794699463375,9_1688
CC=CC(=O)C=C1CC(=O)C=CC(c2cc3c(cc2O)CCN(C)C3=O)C(=O)O1,-8.2,1.6557417172632807,9_1689
COc1ccc(-c2ccc(S(=O)(=O)NC(Cc3c[nH]c4ccccc34)C(=O)O)cc2)cc1,-6.7,3.5562623907375643,9_1690
O=C(CC1(O)C(=O)N(Cc2ccc3c(c2)OCO3)c2ccc(Cl)cc21)c1ccccc1,-7.3,3.631350886313824,9_1691
CN(F)CCOc1ccc(-c2ccccc2)cc1Cc1c(-c2ccccc2)noc1C(F)F,-6.5,3.4408362610928127,9_1692
C[C](O)CCC(C)(O)[C@@H]1C=C(C)[C@H](O)C[C@H]1/C=C\COC(C)=O,-5.4,3.3386073564156793,9_1693
Cc1c(-c2ccccc2F)c(=O)n(C[C@H](N)c2ccccc2)c(=O)n1Cc1ccccc1,-7.6,3.6984406449192777,9_1694
O=C(c1ccc(-c2nc(=O)c3ccccc3[nH]2)cc1)N1CCN(C(=O)c2ccco2)CC1,-8.2,3.6935946842382283,9_1695
CCC[CH]NC(=O)c1ccc(-c2ccc(-c3ccc(N=C(N)c4ccccn4)cc3OC3CCNCC3)cc2)cc1N1CCCC1,-5.4,2.9524758308500956,9_1696
CC(=O)CCc1cccc(Nc2ccc(-c3ccccc3)c(F)c2)c1,-7.4,3.59290770565218,9_1697
NNC=O,-3.0,1.2613792083371766,9_1698
CCCCCCCCOC=CC=C(C)C(=O)OCCCOc1ccc(/C=C2\SC(=O)N(Cc3ccccc3)C2=O)cc1C,-4.9,2.7690421393292843,9_1699
COC(=O)[C@@]12CC(CC(=O)NCc3cccs3)C(=O)N(Cc3ccco3)C1=CCC(C)(C)C2,-6.8,3.5351544393652805,9_1700
COc1cc(C)[nH]c(=O)c1CNC(=O)c1c(C)n([C@H](C)C2CCN(C(C)(C)C)CC2)c2ccccc12,-7.2,3.6518368249638433,9_1701
CS(=O)(=O)c1ccc(C(=O)N2CCN(CCNC(=O)c3ccn(-c4ccc(F)cc4)n3)CC2)cc1,-6.2,3.6242012502211365,9_1702
O=C(Cc1sc(N2CCCCC2)nc1O)Nc1ccc(C(=O)NC2CCCC2)cc1,-7.0,3.5583466536850317,9_1703
COc1c(Br)c[n+](Cc2ccc(-c3cc4ccccc4oc3=O)cc2)c2c1CCC2,-7.0,3.48435133590256,9_1704
O=c1c2c(-c3ccccc3)nc(NCc3ccccn3)nc2[nH]n1-c1ccc(Cl)cc1,-9.1,3.5470870199040254,9_1705
Cn1ccc(C(=O)NC2CCN(c3ccn(C)c(=O)c3)CC2)cc1=O,-6.4,3.7051007701442815,9_1706
Cc1nc(CCN2C(=O)c3ccccc3C2=O)cs1,-5.8,3.608856494155133,9_1707
CC(=O)NC[C@H]1CN(c2ccc(N3CCN(C(=O)/C=C/c4ccc5c(c4)OCO5)CC3)c(F)c2)C(=O)O1,-7.0,3.383396151895399,9_1708
CC1(C)CN(c2ccc(Nc3ncc4c5ccncc5n([C@H]5CCC[C@H]5O)c4n3)nc2)CCN1,-7.3,3.3744104327743134,9_1709
CC(C)Cc1c(C=NC(=C([NH])c2ccc(C#N)cc2)c2ccc(-c3ccc(O)cc3)cc2)cnn1-c1ccccc1,-7.2,3.216464646363813,9_1710
Cc1cc(=O)c2c(C)cc3c(c2o1)[C@@H](OC(=O)[C@@]12CC[C@@](C)(C(=O)O1)C2(C)C)[C@@H](OC(=O)[C@@]12CCC(C)(C(=O)O1)C2(C)C)C(C)(C)O3,-8.1,2.8338501882865184,9_1711
CC(=O)O[C@H](C/C=C(\C)C(=O)O)[C@@H](C)[C@H]1CC[C@@]2(C)C3=C(CC[C@]12C)[C@@]1(C)CC[C@H](O)C(C)(C)[C@@H]1CC3=O,-6.6,2.909263866056276,9_1712
CC(=O)NC[C@@H]1C[C@H]1c1cccc(COc2ccccc2C)c1,-6.6,3.641120080520691,9_1713
COC=CCC(COC)=NC(=O)Cn1cnc2sc(-c3ccc(F)cc3)cc2c1=O,-6.0,3.5664966710520947,9_1714
O=C1C(CN2CCCCC2)=C2C=CC=CN2C2Cc3ccccc3N12,-7.5,3.2591584999018206,9_1715
C[C@H](NC1=NS(=O)(=O)c2cc(C#N)ccc2N1)c1cccc2ccccc12,-7.7,3.6923420030641894,9_1716
O=C(O)c1cc(-c2nc(-c3ccc(Cl)cc3Cl)cs2)ccc1-c1ccc(CNc2ccccc2)cc1,-7.3,3.2386651258081143,9_1717
Cn1nc(-c2ccc(Br)cc2)cc1C(=O)N1CCC[C@H]1CCc1ncccn1,-7.2,3.7456174538772795,9_1718
COc1cccc(C=CC(C=CCC=O)=Nc2ccc3c(c2)Cc2ccccc2-3)c1O,-6.9,3.539938013159845,9_1719
O=C(Cc1cccc(C(F)(F)F)c1)Nc1nnc(CCCCc2nnc(NC(=O)Cc3ccc4c(c3)OCO4)s2)s1,-7.6,3.139442541679082,9_1720
COc1cc2c(cc1OC)CN(C(=O)COc1ccc(Cl)cc1)CC2,-5.6,3.759631782768333,9_1721
O=C(c1cc2ccccc2o1)N1Cc2ccccc2CC1COCc1ccccc1,-8.1,3.5522444126283665,9_1722
Cn1cc(S(=O)(=O)N2CCCCCC2)cc1C(=O)Nc1cc(C(F)(F)F)ccc1Cl,-6.9,2.758250715770349,9_1723
Cc1sc2nc(-c3cccnc3)nc(N3CCCCC3)c2c1C,-6.1,3.672912430454242,9_1724
O=c1[nH]c(O)c(C=c2cnn3c(=NC4CC4)nc(N4CCC(c5ccncc5)CC4)nc23)[nH]1,-9.5,3.2408212402642853,9_1725
COc1cc2c(cc1OC)-c1c(-c3ccccc3)ncn1CC2,-6.2,3.68377223375293,9_1726
COc1ccc(CNC(=O)c2cncc(-c3cccc(-c4cc(-c5ccc(C(C)C)cc5)c5cc[nH]c5c4)c3)c2)cc1,-8.1,3.168773391358128,9_1727
C#CCC(NC(=O)CC)C(=O)OCC,-4.6,1.8883825092762088,9_1728
CCn1c2ccccc2c2cc(-c3nc4cc(C(F)(F)F)ccc4[nH]3)ncc21,-7.6,3.534885821429876,9_1729
NCCCCC(NC(=O)C(Cc1ccc2ccccc2c1)NC(=O)Oc1ccccc1)C(N)=O,-6.4,3.3586793266795985,9_1730
COc1ccccc1CCC(=O)Nc1ccc(Oc2ccnc3cc(OC)c(OC)cc23)cc1,-6.6,3.571562226718594,9_1731
O=c1cc(CO)[nH]c2cc(C(F)(F)Br)nn12,-5.7,3.467724980915457,9_1732
Fc1ccc(CNC2CCn3nnc(-c4ccoc4)c3C2)cc1,-7.4,3.769316686013027,9_1733
O=C(NCCCn1cccn1)c1nc(Cn2ccc([N+](=O)[O-])n2)no1,-6.5,1.9814718196410745,9_1734
O=C1C(CO)OC(n2cc(F)c(=O)[nH]c2=O)C1n1ccc2ccccc21,-7.3,3.567799445990348,9_1735
CN(C)C1CCN(c2ccc(Nc3ncc4c5ccncc5n([C@H]5CC[C@H](C)CC5)c4n3)nc2)CC1,-7.1,3.4786612168600213,9_1736
C[C@@H](NC(=O)c1nc[nH]c1C(=O)N[C@H](C)c1ccccc1)c1ccccc1,-7.0,3.6364250836419627,9_1737
COc1ccc(OC)c(-c2ccnc(Nc3cccc(CS(C)(=O)=O)c3)n2)c1,-6.8,3.7281962307328733,9_1738
OCCNc1nc(-c2cc(C3CC3)[nH]n2)cc(N2CCOCC2)n1,-6.7,3.4442671031101177,9_1739
O=CC=C1C=C2C=CC(=C2)OCCOCCNCCOCCOc2ccc(-c3cc(=O)c4cc(F)ccc4o3)cc2C(O)Oc2ccccc21,-8.4,1.5494481920088856,9_1740
CC(C)N=C1C=NC(c2cccc(NC(=O)Nc3cccc([N+](=O)[O-])c3)c2)=NC(NCCCO)=CN1,-7.0,1.1742758446133177,9_1741
O=c1c2cnn(-c3ccc(F)cc3)c2ncn1Cc1ccccc1,-8.0,3.6639950135138175,9_1742
Cc1ccc(NC(=O)COC(=O)CNC(=O)C2CCCCC2)cc1,-5.4,3.6266041214775537,9_1743
C=CC1CN(S(=O)(=O)c2ccc3c(c2)N(C(C)=O)CCO3)CCN1C1C=CC=CC1,-7.5,3.4195072597932663,9_1744
O=C(Cc1ccccc1Br)Nc1cc(O)cc2cccnc12,-6.7,3.703118130726884,9_1745
Cc1c(N2C(=O)C[C](CC(=O)O)C[C@H](c3cccc(Cl)c3)C2c2ccc(Cl)cc2)cc(Cl)c[n+]1[O-],-7.7,2.5477902580265854,9_1746
Cc1ccc(S(=O)(=O)N2[C@@H](c3ccc(F)cc3)C(C(=O)O)=CC[C@H]2c2cccs2)cc1,-6.8,3.737068558368721,9_1747
CCNN=c1ccn(-c2cc(C(F)(F)F)cc(C(F)(F)F)c2)c(=O)c2cc(OC(F)(F)F)ccc12,-7.7,2.581244441662302,9_1748
Cn1c(=O)c2c(-c3ccccc3)n3c(c2n(C)c1=O)[C@@H](c1ccc(Br)o1)Oc1ccccc1-3,-7.4,3.4711805771615216,9_1749
CC(C)CC(NC(=O)OCc1ccccc1)C(=O)NC(Cc1ccccc1)C(=O)COn1c(O)ccc1O,-6.3,3.236080275228984,9_1750
CC1=CC(C(=O)N2CCCCCC2)=NS(=O)(=O)N1c1ccccc1,-6.6,2.565050807075612,9_1751
O=C(Nc1ccc(-c2ccncc2)c(-c2c[nH]c3ncccc23)c1)c1c[nH]c2cnccc12,-8.1,3.465639676337781,9_1752
O=C(c1cc(-c2cccs2)[nH]n1)N1CCN(S(=O)(=O)c2ccc(Br)cc2)CC1,-7.5,3.7315864948913893,9_1753
Cc1c(NC(=O)c2ccc3[nH]c4c(c3c2)CCCCC4)c(=O)n(-c2ccccc2)n1C,-8.0,2.6306039877701055,9_1754
CSc1ccc(C(=O)NC(Cn2ccnc2)C(=O)OC2CCCC2)cc1,-6.4,3.6490572590269474,9_1755
O=C(NCC1CCCCN1)c1cc(-c2cccc3ccccc23)nc2ccccc12,-9.0,3.607474072278669,9_1756
COc1ccc(CNc2nc(N3CC4CC4C3CO)ncc2C(=O)NCc2ncccn2)cc1Cl,-7.1,3.31490618186458,9_1757
O=C(Nc1ccc(-c2ncc(-c3ccccc3)o2)cc1)C(=O)N1CCN(c2cccc(Cl)c2)CC1,-6.6,3.607073852902231,9_1758
CC1=C(C(=O)N2CCOCC2)CC(CC(=O)NCc2ccco2)C(=O)N1Cc1ccc(F)cc1,-7.0,3.636595423514919,9_1759
Cc1nn(CC2CC2)c2c1C(c1ccc(Cl)cc1)N(c1cc(C)c3nnc(C)n3c1)C2=O,-6.6,3.5795261155679254,9_1760
O=C(Cc1ccc(Cl)cc1)Nc1ccc2c(c1)CCN2C(=O)c1ccccc1-n1ncnn1,-7.9,3.6787078841125265,9_1761
O=P(O)(Oc1ccccc1)Oc1ccccc1,-5.9,3.646555156710376,9_1762
Cc1nccc(NC2CCN(C(=O)C3CC3)C2)n1,-5.8,3.491778177514221,9_1763
CC(C)(C)OC(=O)N1CC(c2ccc(NC(=O)N3Cc4ccccc4C3)cc2)C1,-6.6,3.621680825472608,9_1764
CC[C@]1(C(=O)O)CCc2ccc(OCCCOc3ccc(OCc4cccc(OC)c4)cc3F)cc2O1,-6.0,3.4800898054203935,9_1765
CCOc1ccc(-c2cc(C(=O)Nc3ccc(C)cc3-c3nnc(C)o3)[nH]n2)cc1OCC,-6.6,3.5542837986104265,9_1766
Cc1cc(C)n(-c2nc(Nc3ccccc3)c3cc(F)c(F)cc3n2)n1,-7.4,3.721962869982163,9_1767
Cn1ccnc1C(=O)N1C[C@H]2CC[C@@H](C1)N(Cc1cscn1)C2=O,-6.3,2.506941402953654,9_1768
O=C1CC(C(F)(F)F)Oc2cc(O)ccc21,-6.3,3.4119649436283908,9_1769
CNC1CC(C(=O)Nc2ccc(Cl)cc2)N=C2C=CC=CN21,-6.5,3.5737456547676985,9_1770
c1ccc(CN2CCN(Cc3c[nH]c4ncccc34)CC2)nc1,-6.6,3.7594759563730076,9_1771
CCOc1cc(S(=O)(=O)n2cnc(C)c2)c(Cl)cc1Cl,-5.4,3.676420048054731,9_1772
CCOc1cccc(-c2nc(C(=O)NCC3=CC=C=C=C3)co2)c1,-6.4,3.7159222500653595,9_1773
CCCC1CCC(CCNCCOc2ccc(-c3csnn3)cc2)CC1,-5.3,3.5767718725643354,9_1774
O=C(Cn1nnc(-c2ccncc2)c1-c1ccccc1)Nc1ccc(-c2cccnc2)cn1,-6.5,3.561034379704722,9_1775
COC=C1C=C(C=C(C)c2cnc(C)c(C(=O)NN)c2)OC=C1OC,-6.7,3.3786179197060466,9_1776
COC(=O)c1ccccc1NC(=O)c1cccc2c1C(=O)c1ccccc1-2,-7.4,3.6937635691923685,9_1777
O=C1N=c2ccccc2=C1c1sc(=S)n(C2CCS(=O)(=O)C2)c1O,-7.5,3.4720269815570166,9_1778
CSC=NNC(=S)SC=C(C(=O)O)n1c(=O)c(C)nn1C,-5.2,1.817362491608356,9_1779
COC(=O)CSc1nc(-c2ccccc2)nc2ccccc12,-6.8,3.545433407913799,9_1780
Cc1cc(C(=O)N(C)C(c2ccccn2)C2CC2)no1,-5.9,3.7231772202223756,9_1781
COC(=O)c1ccc(NC(=O)c2ccco2)cc1Cl,-5.3,3.6855068346082476,9_1782
COC=CC=CC(Cl)CNC(=O)Nc1cccc(NC(=O)Nc2ccc3c(c2)OCO3)c1,-6.2,3.3144833597212044,9_1783
O=c1[nH]c2ccc(S(=O)(=O)NCCc3ccccc3)cc2c(=O)n1-c1ncc(C(F)(F)F)cc1Cl,-7.6,3.5507798985126673,9_1784
COc1ccc(-c2cc3ncn(C)c(=O)c3c(-n3ccnc3C)n2)cc1,-7.4,3.645532472093959,9_1785
Cc1cc(Cl)ccc1NC(=O)CCN1CCc2ccccc2C1,-6.5,3.676387246991715,9_1786
CC(C)(C)OC(=O)N(Cc1ccccc1)CC(NC(=O)C(Cc1ccccc1)NC[C@H](c1ccccc1)C(CO)C(N)=O)C(=O)NCc1ccccc1Cl,-6.8,2.8165486587324353,9_1787
O=C(OC(C(F)(F)F)C(F)(F)F)N1CCN(Cc2ccc3c(c2)Nc2nccnc2S3)CC1,-7.2,3.478509100414131,9_1788
COc1ccc2oc(C(=O)Nc3cccc(-c4nc(Nc5cccc(C(F)(F)F)c5)cc(C5CC5)n4)c3)cc2c1,-8.0,3.34421465566293,9_1789
C=CCCC(=O)N(CCN(C)C)c1ccc2[nH]c(-c3cc(Br)cc(Br)c3)c(-c3ccccc3)c2c1,-6.9,3.3170092053340383,9_1790
C=C(C)[C@@H]1CC[C@]2(C(=O)NC(CC(C)C)C(=O)OC)CC[C@]3(C)[C@H](CC[C@@H]4[C@@]5(C)CC[C@H](O)C(C)(C)[C@@H]5CC[C@]43C)[C@@H]12,-6.7,2.7548434415713343,9_1791
CN(c1ccnc(NC(=O)c2ccc(C(=O)O)cc2)n1)C1CCCC1,-7.2,3.748148368733721,9_1792
O=C(c1csnn1)N1CCN(c2cc(-c3ccc(F)cc3)nc3cc(-c4ccccc4)nn23)CC1,-8.1,3.4652286450329006,9_1793
O=Cc1ccc(OCc2cn(Cc3ccc4c(c3)C(=O)c3ccccc3C4=O)nn2)cc1,-7.6,3.542249923797332,9_1794
Cn1ccnc1C(=O)Nc1cccc(-c2c[nH]cn2)c1,-7.1,3.682831672421101,9_1795
O=C(NC1CCCCC1)c1nnc(CS(=O)(=O)c2c(Cl)cccc2Cl)o1,-6.7,3.6910583219762803,9_1796
Nc1nc(=O)c2ncn(CN3CCC(=O)C3(F)Cl)c2[nH]1,-6.6,3.337658337199981,9_1797
CC(=O)C1(C(=O)Nc2ccc(Oc3ccc(OC(F)(F)F)cc3)cc2)CCCC[C@@H]1C,-6.7,3.645465524309145,9_1798
O=C(O)CCCc1ccc2cc3cccc(O)c3c(O)c2c1O,-6.6,3.541177015313129,9_1799
COc1c(C(=O)N[C@H]2CC[C@H](CCN3CCN(c4nccc5c4CCO5)CC3)CC2)cc(F)c(F)c1OC,-6.7,3.398785366374065,9_1800
O=C(Nc1cccc(-c2nc3ccccc3[nH]2)c1)c1ccc([N+](=O)[O-])o1,-7.2,3.5646804214027608,9_1801
O=[N+]([O-])c1ccc2c(Nc3ccccc3Cl)c3ccccc3nc2c1,-7.1,3.534604973251171,9_1802
Cn1c(SCC(=O)Nc2nccs2)nnc1C1CC1,-5.9,2.416807252261364,9_1803
COc1ccc(-c2nnc(Nc3ccccc3)s2)cc1,-6.1,3.754481266254707,9_1804
O=C1c2cc(-c3ccc(C(F)(F)F)c(F)c3)ccc2OCCN1Cc1ncccn1,-7.5,2.6816046666654674,9_1805
CCOC(=O)c1ccc(Oc2ccc(C)c(CN)c2)c(F)c1,-5.9,3.7336364360059675,9_1806
CC(=O)N[C@@H](C)c1ccc(OC2CN(c3ccc(OCC4CC4)cc3)C2)cc1,-5.8,3.6225237294718635,9_1807
CC(C)n1c2ccccc2c2c1cc(C(=O)NCc1ccccc1C(F)(F)F)n2Cc1ccccc1F,-7.6,3.370591166745607,9_1808
COC1=CC=C(C2Cc3cc(C(=O)N(C)OC)ccc3Oc3ccccc32)OC=C1,-8.5,2.6174128155026746,9_1809
N=C(N)N=CC1=CC(C(=O)Oc2ccc(CC(=O)NCC(NC(=O)OCCc3ccccc3)C(=O)O)cc2)=CC1,-6.4,2.785769775081937,9_1810
CC1(C)O[C@H](c2ccccc2)C[C@]2(COC(=O)C2)O1,-6.1,3.3868071862179203,9_1811
O=C(CN1C(=O)/C(=C/c2ccc(Br)cc2)SC1=S)Nc1ccccc1,-6.7,3.666094611644534,9_1812
COc1ccc(-c2c[nH]c3ncc(-c4ccc(N)cc4)cc23)cc1F,-7.9,3.5938025282430104,9_1813
CCOC1=CC=C(CNC(=O)c2cc(Cn3c(=O)[nH]c4ccsc4c3=O)ccc2O)CC=C1,-7.4,2.6027055518716677,9_1814
CC(=O)NCCC=C1C=Cc2ccc(OCCC3COc4ccccc4N(Cc4ccc(C)cc4)C3)cc21,-5.9,2.41840449572216,9_1815
O=C(c1ccc(Cl)cc1)N1CCSc2ccccc2C1c1ccccc1,-6.8,2.5209715365942937,9_1816
O=C(O)C[CH]N1C[C@H]2c3ccccc3[C@H]3CCC[C@@H]1C32,-6.8,3.3353127288481925,9_1817
CSc1ccc2c(c1)c(OC(C)C)c(C(=O)Nc1ccccc1)n2-c1ccccc1,-6.7,3.5539246229607455,9_1818
O=Cc1cc(-c2ccnc(NCc3[nH]ncc3CCl)c2)c(-c2ccc(Cl)cc2)n1-c1ccc(Cl)cc1,-7.0,3.282286822351714,9_1819
CC(C)CC(C(=O)Nc1ncc(Cl)s1)n1ccc2ccccc21,-6.6,3.752399307871208,9_1820
Cc1ccc(-c2nc3ncn(-c4ccc(CC(=O)O)cc4)c3s2)o1,-6.8,3.7159034704170986,9_1821
CSc1nnc(-c2ccccc2[N+](=O)[O-])o1,-5.1,3.3490567825996838,9_1822
CC[CH]OC(=O)C(C)C(=O)C(C)[C@@H](O[C@@H]1O[C@H](C)C[C@H](N(C)C)[C@H]1O)[C@](C)(CC(C)C(=O)C(C)[C@@H]1[C](O)NC(=O)N1NCCCn1ccc2ccc(Cl)cc21)OC,-4.7,2.492396721887126,9_1823
N=C(N)NCCCC1NC(=O)C(CCCCN)NC(=O)C(Cc2ccccc2)NC(=O)C(Cc2ccc(O)cc2)NC(=O)C(CO)NC1=O,-7.0,1.0204332346753664,9_1824
CC(C)Cc1nn2ccccc2c1-c1nc(Nc2cccc(C(N)=O)c2)nc2c1CCCC2,-7.6,3.62302369203193,9_1825
CC=CC1=C(C=Cc2ccc(-c3ccccc3)c3ccccc23)CCC1=O,-7.5,3.282062921357727,9_1826
COc1cccc(CC(=O)NCc2ccc3c(c2)cc(C)n3C)c1,-6.3,3.722167303123321,9_1827
O=c1c2ncn(-c3ccccc3)c2ncn1C[C@H]1C[C@@H]2[C](CC[C@@H]3c4ccc(O)cc4CC[C@@H]23)CO1,-7.9,3.4134977066243257,9_1828
COC(=O)[C@]1(c2cc3ccccc3[nH]2)CC(=O)N(c2ccccc2)N=C1c1ccccc1,-6.8,3.639658022303691,9_1829
COc1cc(N2CCOCC2)ccc1Nc1nc2c(c(Nc3ccccc3S(=O)(=O)N3CCOCC3)n1)C(C)(C)CN2,-8.6,3.0876970879840346,9_1830
CC1CCCC2(C1)NC(=O)N(CC(=O)NCC(=O)Nc1ccc(F)c(F)c1F)C2=O,-7.6,3.3199390518855925,9_1831
S=C(N=CC=C1C=CC(=CCl)C1)c1nn(-c2ccccc2)cc1-c1cn(-c2ccccc2)nc1-c1cccs1,-7.3,3.094803976212001,9_1832
Cc1ccc2cnn(-c3nc(C(=O)O)cc(-c4ccco4)n3)cc1-2,-7.6,3.648721059323747,9_1833
Cc1nn(C)cc1/C=N/NC(=O)c1ccc(Cl)cc1,-6.4,3.6284314561131654,9_1834
CC(C)N=C(C[N+](=O)[O-])NS(=O)(=O)c1ccc(F)cc1,-5.7,3.2857515013836265,9_1835
COc1ccccc1CNC(=O)c1ccc(-c2nc3ccccc3c(=O)n2-c2ccccc2F)cc1,-7.7,3.540142649859949,9_1836
Cc1ccccc1CN1C=NC(N2CCC3(CC2)CC(=O)N(C)C3)=c2sccc2=N1,-7.8,2.511876193505782,9_1837
O=C(O)c1ccnc(-c2cn(C3CCN(Cc4cccc(Cl)c4)C3)nn2)c1,-7.2,3.762445207912956,9_1838
COc1ccc(/C=C/C(=O)c2ccc(OCc3cn(-c4ccccc4F)nn3)cc2)cc1OC,-7.4,3.4343301026367827,9_1839
CCCN(C)c1nccc(-c2ccc(NC(=O)NCc3c(F)cccc3F)nc2)n1,-6.9,3.7275115932548326,9_1840
C=C(C)C=Cc1ccc2c(O)c3cccc(O)c3c(O)c2c1O,-6.9,3.3577116074961424,9_1841
CC(C)n1cnnc1-c1ccc2[nH]cc(-c3cccc(OCc4ccccc4)c3)c2c1,-7.7,3.513458679588633,9_1842
Cn1cc(-c2ncccc2CCN2CCN(c3ccc([N+](=O)[O-])cc3)CC2)c2ccccc21,-8.3,3.5306086022076766,9_1843
CCn1cc(-c2ccc(N3CCN(C(=O)C(C)C)CC3)cc2C)nc1CNC1=CC=C(C)C1,-6.4,3.568130945696102,9_1844
O=C(Nc1nnc(C=CC=C2C=C2)s1)c1sc2ccccc2c1Cl,-7.2,3.7604094172387157,9_1845
CN(C)c1cc(-c2ccccc2)cc(-c2ccc(F)cc2)n1,-7.2,3.5214080336542146,9_1846
CC=C(C(=O)C(C=NC(C)C)C(=O)NCc1ccc(S(=O)(=O)NCC#N)cc1)c1cccc(C(F)(F)F)c1,-6.4,3.207694836354218,9_1847
O=[N+]([O-])c1ccc(-n2cc(CCCCCC(O)=NO)nn2)cc1,-5.3,3.1451653760425065,9_1849
CC1C=C2OC(c3ccnc(Nc4ccc(NC(=O)CN5CC[C@H](O)C5)cc4)n3)=CCC2=NC1,-6.2,3.350765644658979,9_1850
CN(CC(=O)O)NC(=O)C[C@H](CCN)NC(=O)C(N)Cc1ccccc1,-6.0,3.0215448453445206,9_1851
Fc1ccc(-c2noc(-c3ccccc3N3CC=C(c4ccccc4)CC3)n2)cc1,-7.5,3.5933234230963422,9_1852
CC(C)NCC(O)COC=C1C=CC(OCc2ccccc2COc2ccc(-c3ccccc3)cc2)=C1,-6.7,3.391562933333696,9_1853
CC(F)=CC=CC(=O)N[C@H]1CC[C@H](CCn2cc(-c3ccccn3)nn2)O1,-6.6,3.630839886986938,9_1854
CCNCCc1c2cc(cc1-c1ccc(Oc3ccccc3)cc1)OCO2,-6.4,3.6287697263703107,9_1855
CC1C(C2=Cn3cc(C(=O)NCc4c(F)cccc4F)nc3[SH]2N)=CC=C1N1CCN(CCN)C1,-6.7,3.1982385507867246,9_1856
CCn1cnc2c(=NC(=N)N)[nH]c(N)nc21,-6.1,3.04340701325537,9_1857
CC(C)(C)OC(=O)Nc1nc(CC(=O)Nc2ccc(-c3nn[nH]n3)cc2)cs1,-6.2,3.4977771642524287,9_1858
O=C1c2cccnc2-c2nccc3c2c1nc1ccc(I)cc13,-7.4,3.453638551219341,9_1859
N=C1S/C(=C\c2ccc3ccccc3c2)C(=O)N1c1ccccc1F,-7.2,3.653531597169263,9_1860
CCOc1ccc2[nH]c(S(C)(=O)=O)nc2c1,-5.0,3.615197817297407,9_1861
O=C(F)NCCN(CC(F)F)C1CCC1,-4.4,0.5517015098175593,9_1862
O=C1c2ccccc2Cn2c3ccccc3c(=O)n2C1c1ccc(F)cc1,-8.1,2.59387641451969,9_1863
N=C(N)NCCC[CH]NC(=O)C1[CH]NC(=O)C(Cc2ccc(O)c(NC(=O)c3ccccc3N)c2)NC1=O,-6.7,1.6310050777316887,9_1864
CCc1nccn1CCC(=O)N1CCCC(NS(C)(=O)=O)C1,-5.6,3.518455816489384,9_1865
O=C(N[C@H]1CC[C@@]2(O)[C@H]3Cc4ccc(O)c5c4[C@@]2(CCN3CC2CC2)[C@H]1O5)c1cccc(Cl)c1,-7.5,3.325211164139674,9_1866
CC=CC(F)=CC=CS(=O)(=O)NCCNC(=O)CCNS(=O)(=O)c1ccccc1C(F)(F)F,-5.4,3.1428937232318184,9_1867
O=C(NCc1ccc(Cl)cc1Cl)c1ccccc1-c1cnc2[nH]ccc2c1,-7.8,3.5949868133353897,9_1868
COc1cc(CN(C)C)ccc1-c1cnc(N2Cc3cnc4c(C)cccc4c3C2=O)s1,-7.3,3.6276635586299966,9_1869
CCC1(CC)Cc2nn(-c3ccccc3)cc2C(Nc2ncnc3ccccc23)C1,-7.7,3.658426813626349,9_1870
CCC(Cc1c(-c2ccccc2)c2ccccc2c(=O)n1Cc1ccc(-c2ccccc2-c2nn[nH]n2)cc1)C(C)=O,-7.6,3.32140164248405,9_1871
COc1ccccc1-n1cnc2c(c1=O)c1nc3ccccc3nc1n2-c1ccccc1,-7.6,3.512413566196453,9_1872
CNC[C@@H](NC(=O)c1ccc(-c2cc(-c3ccc(F)cc3)ccn2)cc1)c1ccccc1,-7.8,3.579953794433456,9_1873
O=C(Cn1c(-c2ccc3ccccc3c2)nc2ccccc21)N1CCN(c2ccccn2)CC1,-8.8,3.5230336329839247,9_1874
O=C(Nc1ccccc1)Nc1cc(Br)ccc1O,-6.1,3.508777654994359,9_1875
O=CNc1nc2cccc(-c3cccc(C(F)(F)F)c3)n2n1,-7.6,3.6702168207211887,9_1876
O=C1C=Cc2ccccc2CCCn2c(nc3cc(Cl)ccc3c2=O)NCCN1,-8.2,2.1831543256101704,9_1877
COc1ccc2nc3cc(Cl)ccc3c(NCCOCC(N)CCCO)c2c1,-6.1,3.493254085280924,9_1878
Cc1ccccc1C(=O)Nc1cnc2[nH]cc(-c3ccc(C(=O)Nc4cccnc4)cc3)c2c1,-7.2,3.3567963369445213,9_1879
CCN(CC)S(=O)(=O)c1cccc(NC(=O)COC(=O)CNS(=O)(=O)c2ccccc2F)c1,-5.8,3.3709574358190446,9_1880
N#Cc1cc(F)c(N2CCC(OCc3cncn3Cc3ccccc3)CC2)nc1Oc1cccc(F)c1,-7.0,3.519255519696288,9_1881
O=C(O)c1ccc2c(c1)nc(-c1ccc(OCc3nnc(-c4ccc(F)cc4)o3)cc1)n2-c1ccccc1,-7.6,3.331743159773223,9_1882
O=C(C[C@H](NS(=O)(=O)c1ccc2ccccc2c1)c1ccccc1)N[C@@H]1CCCc2ccccc21,-6.5,3.550719603500804,9_1883
CN(C(=O)NC(=O)c1ccc(Cl)cc1)c1nc(C(C)(C)C)cs1,-6.1,3.77759145495585,9_1884
COc1ccc(N2N=C(c3ccc(O)c(OC)c3)CS2)cc1,-6.1,3.7146666989227883,9_1885
CCC=C1C=NC(=O)C=CC(C(=O)NCc2ccccc2C#N)N(c2ccc(F)cc2)C1,-6.9,1.5984592368939294,9_1886
Nc1ccc(CCN2CCC(N3CCCCC3)CC2)cc1NC(=O)C1=C=Cc2cncnc21,-7.0,3.3858598350674307,9_1887
COC=CC=CCc1c(OC)nc(-c2ccc(OC)c(OC)c2)c2c1C(=O)c1cc3c(cc1-2)OCO3,-7.0,3.3707599455450072,9_1888
O=S1(=O)N=C(NC2CNCCO2)c2ccc(-c3ccc(F)cc3)cc21,-7.2,3.6116581509685646,9_1889
CCCc1ccc(OCC(=O)N(Cc2cc3cc(C)ccc3[nH]c2=O)C2CCCC2)cc1,-7.0,3.666520486524999,9_1890
COc1cccc(C(=O)N(Cc2cccc(-c3ccc(C(C)(C)C)cc3)c2)C2CCN(C(=O)c3cc(OC)c(OC)c(OC)c3)CC2)c1,-6.9,3.22888727061953,9_1891
CC(=O)N1Cc2ccccc2CC1C(=O)NC(Cc1ccccc1)C(=O)Nc1ccc(C)cc1,-8.1,3.6651521584889455,9_1892
Cc1nc(NCc2ccc(Cl)cc2)c2c(n1)c(-c1ccccc1)nn2-c1ccccc1,-8.1,3.5463107980620343,9_1893
CCCCCCCc1ccc(C(C)(C)O)cc1,-5.2,3.160167925210815,9_1894
N=C(N)c1ccc(CNC(=O)C(Cc2ccc(O)cc2)NC(=O)C(N)Cc2c[nH]cn2)cc1,-7.7,3.108686470034449,9_1895
CN(c1ccc(Cl)cc1)c1ncccc1C(=O)O,-5.3,3.6909289259226448,9_1896
COc1cc(Cn2c(C)cnc2Nc2ccccc2)cc(OC)c1,-6.5,3.7707199313709663,9_1897
CC(C)CC1NC(=O)C(CO)NC(=O)C(C(C)C)[CH]NC(=O)C(CC(C)C)NC(=O)C(C(C)C)NC1=O,-6.4,1.5461502988791698,9_1898
O=C(O)c1ccc(Nc2c3ccccc3[n+]([O-])c3ccc(Br)cc23)cc1,-7.4,3.4739668140794198,9_1899
Cc1cc(C2=CC=COCC(C)(/C=C/C(=O)N(c3cccc(Oc4ccccc4)c3)S(=O)(=O)c3ccccc3)C=CC=CC2=O)no1,-8.2,1.1975395035214769,9_1900
O=C(O)c1cc2ccccc2cc1-n1cc(-c2ccccc2)nn1,-7.7,3.7250453344527394,9_1901
CN(Cc1ccccc1Cl)C(=O)c1cn(C)c2ncccc12,-6.2,3.6857278571729952,9_1902
Cc1ccc(Nc2ccccc2C(=O)NCCCCCCCCCNc2c3c(nc4ccccc24)CCCC3)cc1,-6.1,3.0594616685008487,9_1903
Cc1nc2scc(C)n2c(=O)c1S(=O)(=O)N1CCN(c2ccc([N+](=O)[O-])cc2)CC1,-7.7,3.3941537533523634,9_1905
O=C(NCc1ccc(C(F)(F)F)cc1)c1ccc(/C=C/C(=O)c2cccc3c2C(=O)c2ccccc2C3=O)cc1,-7.1,3.4193879669297145,9_1906
O=C(Oc1ccccc1)N1CCC(c2nc(=O)c3nnn(Cc4cccc(Cl)c4)c3[nH]2)CC1,-7.9,3.6486133517388017,9_1907
CC(=O)c1cccc(S(=O)(=O)N2CCC(C(=O)Nc3ccccc3N3CCCC3)CC2)c1,-7.6,3.6387509518728445,9_1908
CC=C1C=C(CC(C)(C)O)C(CCN=C(C=CC=CCC=O)c2ccccc2[SH]=O)OC1,-6.6,3.243277648530656,9_1909
Cc1ccc(-c2c[nH]c3ncc(-c4ccc(N5CCN(C)CC5)cc4)cc23)cc1,-7.0,3.582295517105356,9_1910
CCCCCC(=O)Nc1nnc(SCC(=O)N2c3ccccc3Sc3ccccc32)s1,-6.8,3.447122124891732,9_1911
CCc1cc(-c2cc3c(c(=O)n2C)COC(=O)[C@]3(O)CC)nc2ccc(OCCN3CCN(C)CC3)cc12,-7.2,3.3539484935383137,9_1912
O=C1CC=C2O[C@H](COP3(=O)OCc4cc(-c5ccccc5)ccc4O3)C=C[CH]N2C(=O)N1,-8.6,2.475628967261393,9_1913
O=C1C(=Cc2ccc(C(F)(F)F)cc2)Cc2cc(O)ccc21,-6.7,3.5640499832619295,9_1914
O=C(NCCc1ccccc1)c1ccc2nccnc2c1,-6.5,3.7268556057253783,9_1915
C=C1C(N(Cc2ccc(-n3cccn3)cc2)S(=O)(=O)C2CN=CN2)Cc2cc(C#N)ccc2N1Cc1cncn1C,-6.8,3.2651664239115994,9_1916
c1ccc(OCc2nnc(-c3ccccc3)o2)cc1,-6.7,3.660196362292785,9_1917
COC=CC=C(C)[C@H]1[C@H]2CCc3ccc(OCc4ccccc4)cc3C2=NN1C(C)=O,-6.5,3.486416300824225,9_1918
COc1cc(CC(C)Cc2ccc(O)cc2)cc(OC)c1OC,-5.5,3.7334035381535235,9_1919
Cc1nc(C)n(C2CN(C(=O)Cn3cc(C(F)(F)F)ccc3=O)C2)n1,-6.7,3.618854239065261,9_1921
CCOc1ccc([S+]([O-])c2cc(OCC)cc(-c3ccc(F)cc3)c2)cc1,-6.6,3.5735868251701057,9_1922
Cc1cc(S(=O)(=O)NC(C(=O)OCC(=O)NC(=O)C2CCCCC2)C(C)C)ccc1F,-5.6,3.477314844537502,9_1923
CC=CC1=NC(N=C(C2=CC=C(c3ccc(C(F)(F)F)cc3)CC2)c2cccc(C)c2C)CCO1,-8.0,3.378951252567226,9_1924
Cc1ccc(Oc2ncccc2C(=O)Nc2nc3ccccc3s2)cc1C(=O)Nc1ccc(F)cc1,-8.3,3.360990603789648,9_1925
C[C@@H](O)C1C(=O)N2C(C(=O)[O-])=C(c3cn4c[n+](CC5=CC(=CN(C)C)C=C5)nc4s3)[C@H](C)[C@H]12,-6.8,2.1067368559917243,9_1926
C(=C/c1ccccc1)\COCC1CCN(Cc2ccc(C3CCCCC3)cc2)CC1,-7.1,3.23286236122965,9_1927
C=c1c(C)c(O)c(=C)c(C(c2ccccc2)n2ccnc2)c1O,-6.6,3.6415158637764993,9_1928
COc1ccc(-c2n[nH]c(SCC(=O)Nc3ccc(OC)c(OC)c3)n2)cc1,-5.7,3.6178357791971862,9_1929
CC(C)S(=O)(=O)Nc1cc(C(C)(C)C)cc2oc(=O)c(-c3ccccc3)c(O)c12,-7.4,3.699200180136832,9_1930
CC=CC(C)=CC(Br)NC(=O)CC(C(N)=O)C(=O)OCc1cccc(-c2ccccc2)c1,-6.4,3.203496635353988,9_1931
CC=C1C2=CC(c3c[nH]c(CCc4ccc(NC(=O)c5ccccc5)cc4C(=O)O)n3)=CC=CN=C12,-8.7,1.609682645439845,9_1932
CC(C)(C)Sc1c(CC(C)(C)C(=O)O)n(Cc2ccc(Cl)cc2)c2ccc(OCc3ccc4ccccc4n3)cc12,-6.6,3.173823503966369,9_1933
N=C(N)NCCCC(NC(=O)C1CC2CCCCC2N1C(=O)C1Cc2ccccc2CN1C(=O)C(CCCN=C(N)N)NC(=O)c1ccc2ccccc2c1)C(=O)O,-7.9,2.3679133848205005,9_1934
CC1CCCCCCCN(CC(C=O)NC(=O)C2=S(C)C(c3cccc(NC(=O)c4cccc(F)c4)c3)=CC2)C1,-7.2,1.204480707446602,9_1935
COC(C)(C)[C@H](O)[C@H](O)[C@@H](C)[C@H]1CC[C@@]2(C)[C@H]3CC[C@H]4C(C)(C)[C@@H](O)CC[C@@]45C[C@@]35CC[C@]12C,-5.7,3.0029394509324057,9_1936
O=c1c2[nH]cnc2c2ccccc2n1C[C@H]1CCCN2CCCCC12,-7.5,3.6580038600216946,9_1937
Cc1ccc(C)n1-c1cc(C(=O)OCC(=O)Nc2cc[nH]n2)ccc1C(=O)O,-6.9,3.53636715418969,9_1938
Cc1cccc(Nc2snc(Nc3cccc(Cl)c3Cl)c2C(=O)NC(C)C)c1,-7.1,3.6117541445536263,9_1939
COc1ccc(Cl)cc1S(=O)(=O)N(C)c1ccccc1C,-5.6,3.714437460916139,9_1940
N=C(N)SCc1ccc(Cl)c([N+](=O)[O-])c1,-5.5,3.1677462334184634,9_1941
CC(C)[C@@H](Oc1cc(C(=O)NC(Cc2ccccc2)C(=O)O)ccc1F)c1cc2c3c(cccc3n1)C(=O)NC2=O,-7.8,3.297559184657936,9_1942
C=C(C)COc1ccccc1C(=O)NC(Cn1ccnn1)C(=O)OC,-5.9,3.5788993780216263,9_1943
CN(C(=O)c1cc2ccccc2o1)c1ccccc1S(=O)(=O)N1CCCC1,-6.8,3.7321165370567395,9_1944
Cn1c(CC2=CC(=CS(C)(=O)=O)C=C2)c(Nc2ccc(C(=O)N3CCOCC3)cn2)c2cccnc21,-7.1,3.5401618928225136,9_1945
COc1c(C(C)C)cc2ccc3ccccc3c2c1C,-6.2,3.181767843102886,9_1946
COC=C1C(C2SCC(=O)N2c2cccc(-c3noc(C4CCC4)n3)c2)=CC(OC)=C1OC,-6.7,3.368896186456126,9_1947
COc1ccccc1/C=C/c1nsc(Nc2ccc3c(c2)OCO3)n1,-6.4,3.743820677961002,9_1948
N#CC=CC=CCc1c(-c2cccc(OC(F)(F)F)c2)cc2n1[C@@H](CCN)CNC2=O,-7.1,3.595485550249191,9_1949
O=C(CCCc1ccccc1)NCCC[C@H]1[CH]C[CH]OC(=O)[CH]C[C@H]2CCCC[C@@H]21,-6.1,1.217963017526973,9_1950
COCC(=O)NCCc1c(-c2ccccc2)[nH]c2ccccc12,-6.8,3.663944597799736,9_1951
CNC1CCN(Cc2cccc(-c3cccc(Oc4ccc(S(=O)(=O)Nc5nccs5)cc4C#N)c3)c2)C1,-7.4,3.424156300081685,9_1952
Cc1ccc(/C=C/C(=O)Nc2ccccc2C(F)(F)F)c(N2CCCC2)c1,-7.0,3.5997890967602606,9_1953
O=C(CC1=CC(=NC=C(C=CN=Cc2cccc(F)c2)Oc2cccc(F)c2F)C=C1)NC1CC1,-7.8,3.3727506539352357,9_1954
COC(=O)c1cn(NC(=O)Cc2cccc(C(F)(F)F)c2)c2ccc(F)cc12,-7.1,3.690118106419415,9_1955
CNc1ccccc1C(=O)N1CCN(c2ccc(/C=C/c3cc(F)cc(-c4ccncc4)c3)cc2)CC1,-7.8,3.519643972527876,9_1956
NN=C(NF)Nc1ccccc1,-5.0,2.7622557886750356,9_1957
CCC(C)(C)C(=O)C(=O)N1CCCCC1C(=O)NC(Cc1ccccc1)C(=O)C(F)(F)C(=O)Nc1ccc2c(C)csc2c1,-7.8,3.313462907331127,9_1958
Cn1c(-c2ccc(F)c(F)c2)cs/c1=N\C(=O)c1ccccc1,-6.5,3.643608482754307,9_1959
CCCC1C=Cn2ccc(OC)c(OC)cc1c1cc(C3CNC3)ccc12,-5.9,1.4100812340736315,9_1960
CN(c1ccc(OCC2CCCN(c3ccc(Cl)nn3)C2)cc1)S(=O)(=O)c1ccccc1,-6.7,3.6811560410504565,9_1961
CN(CC(=O)Nc1cccc(F)c1)C(=O)c1ccc(NC(=O)Cc2ccccc2)cc1,-6.9,3.693212783064241,9_1962
O=[N+]([O-])c1c[nH]c(-c2nc(C3CC3)no2)c1,-6.0,2.3029631901021728,9_1963
Cc1ccc(S(=O)(=O)NC(=O)Cc2ccc3c(c2)OCCO3)cc1,-7.5,3.772064271195833,9_1964
CC(=O)O[C@H](Cc1ccc(O)cc1)c1ccccc1,-5.9,3.6092547648331283,9_1965
NC(C(=O)O)C1C(C(=O)NC2CC2)CNC1C(=O)O,-5.4,1.6937561110793116,9_1966
CC(=O)OC1[CH]CC2C3CC=C4CC(=O)CC[C@]4(C)C3CC[C@]12C,-6.7,2.9644887802088005,9_1967
Cn1c(O)c(C(=O)Nc2ccc3oc(-c4cccc5ccccc45)nc3c2)c2ccccc21,-8.5,3.408749480518974,9_1968
C=CC([CH]C(=NN(C)C(=O)COC(=O)c1ccc(NC(C)=O)cc1)c1ccc(C)cc1)=CC=COC,-6.9,3.1863774612489904,9_1969
O=C(NCC(=O)N1Cc2ccccc2Oc2ccc(Cl)cc21)C1CCCO1,-7.6,2.72530430115226,9_1970
CCCCNC(=O)c1nc(C)c(C)nc1C(=O)Nc1ccc(F)cc1,-6.4,3.716894264244985,9_1971
O=C(Cc1c[nH]cn1)NC(COCc1ccccc1)C(=O)Nc1ccc(COc2ccc(Cl)cc2Cl)cc1,-7.0,3.3510980698054085,9_1972
CC1CCC(C=NNc2nc(-c3ccccc3Cl)cs2)N1CCc1cccc(Cl)c1,-6.5,3.5615187789858327,9_1973
COCP(=O)(O)CC[C@H]1O[C@@H](n2cc(C)c(=O)[nH]c2=O)C[C@@H]1O,-6.7,3.209731745663374,9_1974
O=C(NC1CCCCC1)C1C=C(N=CCc2ncccc2Cl)C(CC2=CC=COC2)=NN1,-7.6,3.3917757026720565,9_1975
NC(=O)c1cncc(OC=Nc2ccc(NC(=O)c3ccc(F)cc3)cc2)c1,-7.3,3.6279552174510306,9_1976
NS(=O)(=O)c1ccc(CCNC(=O)c2ccc3c(c2)C(O)(C(F)(F)F)c2ccccc2-3)cc1,-7.6,3.615265993071155,9_1977
O=C(C=C1CC(=Nc2cccc(Cl)c2)c2ccccc21)c1ccc(-c2ccc(Br)cc2)cc1,-7.6,3.1368992696014883,9_1978
O=c1c2ccccc2nc2n1-c1cc3ccccc3cc1CC2,-7.6,3.4314708651522183,9_1979
O=C(Nc1ccc(N2CCN(C(=O)Nc3ccccc3Cl)CC2)nc1)c1ccccc1,-7.4,3.7252000768779063,9_1980
Cc1ccc(S(=O)(=O)Nc2ccc3c(c2)CC(=O)N([C@H](C)CO)C[C@H](C)[C@H](CN(C)S(=O)(=O)c2ccc(F)cc2)O3)cc1,-8.5,1.224093642111927,9_1981
CN(C)C(=O)c1cc2cnc(Nc3cccc(CNC(=O)OCc4ccccc4)c3)nc2n1C1CCCC1,-7.0,3.500437517663317,9_1982
O=S(=O)(Nc1cccc(-c2ccc(N3CCCCCC3)nn2)c1)c1ccccc1,-7.7,2.8199214235613956,9_1983
Cc1nc(-c2ccc(F)cc2)sc1C(=O)N[C@H](C)[C@](O)(Cn1cncn1)c1ccc(F)cc1F,-7.3,3.589939108930311,9_1984
CC(C)CC(NC(=O)C(Cc1ccccc1)NS(=O)(=O)c1ccc2c(Cl)cccc2c1)C(=O)NC(Cc1ccccc1)C(=O)O,-6.3,3.1295269014362623,9_1985
O=C(CSc1nc2ccccc2nc1Cc1ccc(Cl)cc1)Nc1ccc(Br)cn1,-7.5,3.599893883847173,9_1986
O=C(COc1cccc(F)c1)Nc1nnc(-c2ccc3c(c2)CCCC3)o1,-6.8,3.7694063891008596,9_1987
O=C1CC2(C(=O)N1)C(=O)N(Cc1ccc(Br)cc1F)C(=O)C2=Cc1ccc[nH]1,-6.9,3.42851358459255,9_1988
COC=C1C=C(c2ccc3c(c2)[C@]2(N=C(C)C(=N)N2)[C@]2(CC[C@H](OC)OC2)C3)C=C1C#N,-7.9,3.292757222892327,9_1989
CCCCN(CCCC)C(=O)/C=C/c1ccc(-n2ccnc2)cc1,-5.1,3.568640938407605,9_1990
O=CC1=CC(Cc2ccc(=Nc3ccc(Oc4ccccc4)cc3)cc3ncccc23)=CC1,-7.0,2.4920187010092443,9_1991
C=C(C)[C@@H]1CC[C@]2(COC(=O)CCC(=O)O)CC[C@]3(C)[C@H](CC[C@@H]4[C@@]5(C)CC[C@H](O)C(C)(C)[C@@H]5CC[C@]43C)[C@@H]12,-7.3,2.8339560753488495,9_1992
O=C(c1cn(Cc2ccc(Cl)cc2)nn1)c1cn(-c2ccc(Br)cc2)nn1,-6.9,3.5724781946046438,9_1993
COc1cc(-c2cc(F)cc(Cl)c2)ccc1-n1c(=O)ccc2cc(S(=O)(=O)Nc3cccnn3)ccc21,-8.4,3.366170540827871,9_1994
CCOc1ccc(Cc2noc(-c3ccc(CNCC(OC)OC)cc3)n2)cc1,-5.9,3.6192829160476094,9_1995
Cc1cccc(NN=CC(Cl)=CCC=O)c1,-5.5,3.4299425969138975,9_1996
Nc1nc(-c2cccc(-c3ccccc3)c2)cn1CCCCCc1cn(CC2=N[C@H]3Nc4ccccc4CC(=O)N[CH]C(=O)N3C2C(=O)O)nn1,-7.5,0.5603159849164925,9_1998
C1=C(c2ccccc2)CCN(Cc2csc(C3CC3)n2)C1,-6.7,3.4817112663254655,9_1999
